GPU 0: Tesla V100-SXM2-32GB (UUID: GPU-e1d85f97-42c8-63f6-16e6-34b40adb5272)
Experiment Directory is /vast/s219110279/TypiClust/output/TINYIMAGENET/resnet18/tinyimagenet_distance_cv_cover_d060_ch5_20260730_4_50b.


======== PREPARING DATA AND MODEL ========

Preprocess Operations Selected ==>  [RandomResizedCrop(size=(64, 64), scale=(0.5, 1.0), ratio=(0.75, 1.3333), interpolation=bilinear), antialias=None), RandomHorizontalFlip(p=0.5), ToTensor(), Normalize(mean=[0.485, 0.456, 0.406], std=[0.229, 0.224, 0.225])]

Dataset TINYIMAGENET Loaded Sucessfully.
Total Train Size: 100000 and Total Test Size: 10000

Data Partitioning Complete. 
Labeled Set: 50, Unlabeled Set: 94950, Validation Set: 5000

model: resnet18

optimizer: Adam (
Parameter Group 0
    amsgrad: False
    betas: (0.9, 0.999)
    capturable: False
    differentiable: False
    eps: 1e-08
    foreach: None
    fused: False
    lr: 0.001
    maximize: False
    weight_decay: 0.0003
)

AL Query Method: distance_cv_cover
Max AL Episodes: 100

======== EPISODE 0 BEGINS ========

======== TRAINING ========
Training Epoch: 1/200	Train Loss: 5.4578	Val Accuracy: 0.0
Training Epoch: 2/200	Train Loss: 4.4937	Val Accuracy: 0.36
Training Epoch: 3/200	Train Loss: 3.6676	Val Accuracy: 0.36
Training Epoch: 4/200	Train Loss: 2.8359	Val Accuracy: 0.58
Training Epoch: 5/200	Train Loss: 2.2699	Val Accuracy: 0.58
Training Epoch: 6/200	Train Loss: 1.8608	Val Accuracy: 0.6
Training Epoch: 7/200	Train Loss: 1.3911	Val Accuracy: 0.6
Training Epoch: 8/200	Train Loss: 1.1472	Val Accuracy: 0.62
Training Epoch: 9/200	Train Loss: 0.9112	Val Accuracy: 0.62
Training Epoch: 10/200	Train Loss: 0.6339	Val Accuracy: 0.7
Training Epoch: 11/200	Train Loss: 0.4905	Val Accuracy: 0.7
Training Epoch: 12/200	Train Loss: 0.4152	Val Accuracy: 0.64
Training Epoch: 13/200	Train Loss: 0.336	Val Accuracy: 0.64
Training Epoch: 14/200	Train Loss: 0.2535	Val Accuracy: 0.8
Training Epoch: 15/200	Train Loss: 0.2202	Val Accuracy: 0.8
Training Epoch: 16/200	Train Loss: 0.1893	Val Accuracy: 0.88
Training Epoch: 17/200	Train Loss: 0.1199	Val Accuracy: 0.88
Training Epoch: 18/200	Train Loss: 0.1084	Val Accuracy: 1.04
Training Epoch: 19/200	Train Loss: 0.0788	Val Accuracy: 1.04
Training Epoch: 20/200	Train Loss: 0.0864	Val Accuracy: 1.02
Training Epoch: 21/200	Train Loss: 0.0541	Val Accuracy: 1.02
Training Epoch: 22/200	Train Loss: 0.065	Val Accuracy: 1.04
Training Epoch: 23/200	Train Loss: 0.0826	Val Accuracy: 1.04
Training Epoch: 24/200	Train Loss: 0.0388	Val Accuracy: 0.96
Training Epoch: 25/200	Train Loss: 0.0392	Val Accuracy: 0.96
Training Epoch: 26/200	Train Loss: 0.0304	Val Accuracy: 1.2
Training Epoch: 27/200	Train Loss: 0.0765	Val Accuracy: 1.2
Training Epoch: 28/200	Train Loss: 0.0446	Val Accuracy: 1.0
Training Epoch: 29/200	Train Loss: 0.0177	Val Accuracy: 1.0
Training Epoch: 30/200	Train Loss: 0.0943	Val Accuracy: 1.18
Training Epoch: 31/200	Train Loss: 0.028	Val Accuracy: 1.18
Training Epoch: 32/200	Train Loss: 0.0215	Val Accuracy: 1.52
Training Epoch: 33/200	Train Loss: 0.0217	Val Accuracy: 1.52
Training Epoch: 34/200	Train Loss: 0.0409	Val Accuracy: 1.38
Training Epoch: 35/200	Train Loss: 0.025	Val Accuracy: 1.38
Training Epoch: 36/200	Train Loss: 0.0304	Val Accuracy: 1.4
Training Epoch: 37/200	Train Loss: 0.0241	Val Accuracy: 1.4
Training Epoch: 38/200	Train Loss: 0.0136	Val Accuracy: 1.22
Training Epoch: 39/200	Train Loss: 0.0165	Val Accuracy: 1.22
Training Epoch: 40/200	Train Loss: 0.0136	Val Accuracy: 1.2
Training Epoch: 41/200	Train Loss: 0.0342	Val Accuracy: 1.2
Training Epoch: 42/200	Train Loss: 0.0132	Val Accuracy: 1.0
Training Epoch: 43/200	Train Loss: 0.013	Val Accuracy: 1.0
Training Epoch: 44/200	Train Loss: 0.0185	Val Accuracy: 1.36
Training Epoch: 45/200	Train Loss: 0.0196	Val Accuracy: 1.36
Training Epoch: 46/200	Train Loss: 0.0114	Val Accuracy: 1.16
Training Epoch: 47/200	Train Loss: 0.0175	Val Accuracy: 1.16
Training Epoch: 48/200	Train Loss: 0.0338	Val Accuracy: 1.28
Training Epoch: 49/200	Train Loss: 0.0107	Val Accuracy: 1.28
Training Epoch: 50/200	Train Loss: 0.0134	Val Accuracy: 1.16
Training Epoch: 51/200	Train Loss: 0.0071	Val Accuracy: 1.16
Training Epoch: 52/200	Train Loss: 0.0086	Val Accuracy: 1.2
Training Epoch: 53/200	Train Loss: 0.0054	Val Accuracy: 1.2
Training Epoch: 54/200	Train Loss: 0.0079	Val Accuracy: 1.16
Training Epoch: 55/200	Train Loss: 0.0118	Val Accuracy: 1.16
Training Epoch: 56/200	Train Loss: 0.0079	Val Accuracy: 1.32
Training Epoch: 57/200	Train Loss: 0.0092	Val Accuracy: 1.32
Training Epoch: 58/200	Train Loss: 0.0055	Val Accuracy: 1.26
Training Epoch: 59/200	Train Loss: 0.0071	Val Accuracy: 1.26
Training Epoch: 60/200	Train Loss: 0.006	Val Accuracy: 1.24
Training Epoch: 61/200	Train Loss: 0.0063	Val Accuracy: 1.24
Training Epoch: 62/200	Train Loss: 0.0041	Val Accuracy: 1.26
Training Epoch: 63/200	Train Loss: 0.0059	Val Accuracy: 1.26
Training Epoch: 64/200	Train Loss: 0.0046	Val Accuracy: 1.16
Training Epoch: 65/200	Train Loss: 0.0051	Val Accuracy: 1.16
Training Epoch: 66/200	Train Loss: 0.0035	Val Accuracy: 1.2
Training Epoch: 67/200	Train Loss: 0.0032	Val Accuracy: 1.2
Training Epoch: 68/200	Train Loss: 0.0038	Val Accuracy: 1.08
Training Epoch: 69/200	Train Loss: 0.0036	Val Accuracy: 1.08
Training Epoch: 70/200	Train Loss: 0.0029	Val Accuracy: 1.02
Training Epoch: 71/200	Train Loss: 0.0036	Val Accuracy: 1.02
Training Epoch: 72/200	Train Loss: 0.0038	Val Accuracy: 1.12
Training Epoch: 73/200	Train Loss: 0.0041	Val Accuracy: 1.12
Training Epoch: 74/200	Train Loss: 0.0031	Val Accuracy: 1.26
Training Epoch: 75/200	Train Loss: 0.0055	Val Accuracy: 1.26
Training Epoch: 76/200	Train Loss: 0.0026	Val Accuracy: 1.14
Training Epoch: 77/200	Train Loss: 0.0046	Val Accuracy: 1.14
Training Epoch: 78/200	Train Loss: 0.0034	Val Accuracy: 1.26
Training Epoch: 79/200	Train Loss: 0.0034	Val Accuracy: 1.26
Training Epoch: 80/200	Train Loss: 0.0031	Val Accuracy: 1.14
Training Epoch: 81/200	Train Loss: 0.0026	Val Accuracy: 1.14
Training Epoch: 82/200	Train Loss: 0.002	Val Accuracy: 1.36
Training Epoch: 83/200	Train Loss: 0.0024	Val Accuracy: 1.36
Training Epoch: 84/200	Train Loss: 0.0037	Val Accuracy: 1.2
Training Epoch: 85/200	Train Loss: 0.0023	Val Accuracy: 1.2
Training Epoch: 86/200	Train Loss: 0.0016	Val Accuracy: 1.0
Training Epoch: 87/200	Train Loss: 0.0013	Val Accuracy: 1.0
Training Epoch: 88/200	Train Loss: 0.0054	Val Accuracy: 1.14
Training Epoch: 89/200	Train Loss: 0.0022	Val Accuracy: 1.14
Training Epoch: 90/200	Train Loss: 0.0029	Val Accuracy: 0.96
Training Epoch: 91/200	Train Loss: 0.0025	Val Accuracy: 0.96
Training Epoch: 92/200	Train Loss: 0.0018	Val Accuracy: 0.9
Training Epoch: 93/200	Train Loss: 0.0016	Val Accuracy: 0.9
Training Epoch: 94/200	Train Loss: 0.0024	Val Accuracy: 1.34
Training Epoch: 95/200	Train Loss: 0.0025	Val Accuracy: 1.34
Training Epoch: 96/200	Train Loss: 0.0024	Val Accuracy: 1.18
Training Epoch: 97/200	Train Loss: 0.002	Val Accuracy: 1.18
Training Epoch: 98/200	Train Loss: 0.0021	Val Accuracy: 1.22
Training Epoch: 99/200	Train Loss: 0.0012	Val Accuracy: 1.22
Training Epoch: 100/200	Train Loss: 0.0015	Val Accuracy: 1.14
Training Epoch: 101/200	Train Loss: 0.0016	Val Accuracy: 1.14
Training Epoch: 102/200	Train Loss: 0.0021	Val Accuracy: 1.28
Training Epoch: 103/200	Train Loss: 0.0016	Val Accuracy: 1.28
Training Epoch: 104/200	Train Loss: 0.0019	Val Accuracy: 1.08
Training Epoch: 105/200	Train Loss: 0.0018	Val Accuracy: 1.08
Training Epoch: 106/200	Train Loss: 0.0029	Val Accuracy: 1.14
Training Epoch: 107/200	Train Loss: 0.0009	Val Accuracy: 1.14
Training Epoch: 108/200	Train Loss: 0.0015	Val Accuracy: 1.16
Training Epoch: 109/200	Train Loss: 0.0048	Val Accuracy: 1.16
Training Epoch: 110/200	Train Loss: 0.0012	Val Accuracy: 1.2
Training Epoch: 111/200	Train Loss: 0.0011	Val Accuracy: 1.2
Training Epoch: 112/200	Train Loss: 0.0013	Val Accuracy: 1.1
Training Epoch: 113/200	Train Loss: 0.0012	Val Accuracy: 1.1
Training Epoch: 114/200	Train Loss: 0.0028	Val Accuracy: 1.04
Training Epoch: 115/200	Train Loss: 0.0009	Val Accuracy: 1.04
Training Epoch: 116/200	Train Loss: 0.001	Val Accuracy: 1.16
Training Epoch: 117/200	Train Loss: 0.0018	Val Accuracy: 1.16
Training Epoch: 118/200	Train Loss: 0.0048	Val Accuracy: 1.04
Training Epoch: 119/200	Train Loss: 0.0009	Val Accuracy: 1.04
Training Epoch: 120/200	Train Loss: 0.0016	Val Accuracy: 1.1
Training Epoch: 121/200	Train Loss: 0.0021	Val Accuracy: 1.1
Training Epoch: 122/200	Train Loss: 0.0019	Val Accuracy: 1.24
Training Epoch: 123/200	Train Loss: 0.006	Val Accuracy: 1.24
Training Epoch: 124/200	Train Loss: 0.0014	Val Accuracy: 1.14
Training Epoch: 125/200	Train Loss: 0.0013	Val Accuracy: 1.14
Training Epoch: 126/200	Train Loss: 0.0016	Val Accuracy: 1.22
Training Epoch: 127/200	Train Loss: 0.0012	Val Accuracy: 1.22
Training Epoch: 128/200	Train Loss: 0.0012	Val Accuracy: 1.12
Training Epoch: 129/200	Train Loss: 0.0013	Val Accuracy: 1.12
Training Epoch: 130/200	Train Loss: 0.0011	Val Accuracy: 1.1
Training Epoch: 131/200	Train Loss: 0.0014	Val Accuracy: 1.1
Training Epoch: 132/200	Train Loss: 0.0016	Val Accuracy: 1.14
Training Epoch: 133/200	Train Loss: 0.001	Val Accuracy: 1.14
Training Epoch: 134/200	Train Loss: 0.0017	Val Accuracy: 1.08
Training Epoch: 135/200	Train Loss: 0.0013	Val Accuracy: 1.08
Training Epoch: 136/200	Train Loss: 0.0015	Val Accuracy: 1.2
Training Epoch: 137/200	Train Loss: 0.0012	Val Accuracy: 1.2
Training Epoch: 138/200	Train Loss: 0.0009	Val Accuracy: 1.3
Training Epoch: 139/200	Train Loss: 0.0014	Val Accuracy: 1.3
Training Epoch: 140/200	Train Loss: 0.0008	Val Accuracy: 1.08
Training Epoch: 141/200	Train Loss: 0.0014	Val Accuracy: 1.08
Training Epoch: 142/200	Train Loss: 0.0015	Val Accuracy: 1.18
Training Epoch: 143/200	Train Loss: 0.0016	Val Accuracy: 1.18
Training Epoch: 144/200	Train Loss: 0.0013	Val Accuracy: 1.04
Training Epoch: 145/200	Train Loss: 0.0011	Val Accuracy: 1.04
Training Epoch: 146/200	Train Loss: 0.0018	Val Accuracy: 1.12
Training Epoch: 147/200	Train Loss: 0.0012	Val Accuracy: 1.12
Training Epoch: 148/200	Train Loss: 0.0012	Val Accuracy: 1.22
Training Epoch: 149/200	Train Loss: 0.0012	Val Accuracy: 1.22
Training Epoch: 150/200	Train Loss: 0.0009	Val Accuracy: 1.12
Training Epoch: 151/200	Train Loss: 0.0013	Val Accuracy: 1.12
Training Epoch: 152/200	Train Loss: 0.0012	Val Accuracy: 1.14
Training Epoch: 153/200	Train Loss: 0.0011	Val Accuracy: 1.14
Training Epoch: 154/200	Train Loss: 0.0009	Val Accuracy: 1.14
Training Epoch: 155/200	Train Loss: 0.001	Val Accuracy: 1.14
Training Epoch: 156/200	Train Loss: 0.0009	Val Accuracy: 1.1
Training Epoch: 157/200	Train Loss: 0.0007	Val Accuracy: 1.1
Training Epoch: 158/200	Train Loss: 0.0012	Val Accuracy: 1.26
Training Epoch: 159/200	Train Loss: 0.0015	Val Accuracy: 1.26
Training Epoch: 160/200	Train Loss: 0.0018	Val Accuracy: 0.98
Training Epoch: 161/200	Train Loss: 0.0008	Val Accuracy: 0.98
Training Epoch: 162/200	Train Loss: 0.0011	Val Accuracy: 1.22
Training Epoch: 163/200	Train Loss: 0.0009	Val Accuracy: 1.22
Training Epoch: 164/200	Train Loss: 0.0012	Val Accuracy: 1.22
Training Epoch: 165/200	Train Loss: 0.0011	Val Accuracy: 1.22
Training Epoch: 166/200	Train Loss: 0.0013	Val Accuracy: 1.24
Training Epoch: 167/200	Train Loss: 0.0021	Val Accuracy: 1.24
Training Epoch: 168/200	Train Loss: 0.0011	Val Accuracy: 1.14
Training Epoch: 169/200	Train Loss: 0.0017	Val Accuracy: 1.14
Training Epoch: 170/200	Train Loss: 0.0019	Val Accuracy: 1.02
Training Epoch: 171/200	Train Loss: 0.0008	Val Accuracy: 1.02
Training Epoch: 172/200	Train Loss: 0.001	Val Accuracy: 1.18
Training Epoch: 173/200	Train Loss: 0.0012	Val Accuracy: 1.18
Training Epoch: 174/200	Train Loss: 0.001	Val Accuracy: 1.16
Training Epoch: 175/200	Train Loss: 0.0009	Val Accuracy: 1.16
Training Epoch: 176/200	Train Loss: 0.0012	Val Accuracy: 1.26
Training Epoch: 177/200	Train Loss: 0.0014	Val Accuracy: 1.26
Training Epoch: 178/200	Train Loss: 0.0009	Val Accuracy: 1.12
Training Epoch: 179/200	Train Loss: 0.001	Val Accuracy: 1.12
Training Epoch: 180/200	Train Loss: 0.0008	Val Accuracy: 1.18
Training Epoch: 181/200	Train Loss: 0.0007	Val Accuracy: 1.18
Training Epoch: 182/200	Train Loss: 0.001	Val Accuracy: 1.2
Training Epoch: 183/200	Train Loss: 0.0011	Val Accuracy: 1.2
Training Epoch: 184/200	Train Loss: 0.0008	Val Accuracy: 0.98
Training Epoch: 185/200	Train Loss: 0.0006	Val Accuracy: 0.98
Training Epoch: 186/200	Train Loss: 0.0007	Val Accuracy: 1.18
Training Epoch: 187/200	Train Loss: 0.0007	Val Accuracy: 1.18
Training Epoch: 188/200	Train Loss: 0.0011	Val Accuracy: 1.2
Training Epoch: 189/200	Train Loss: 0.001	Val Accuracy: 1.2
Training Epoch: 190/200	Train Loss: 0.0012	Val Accuracy: 1.18
Training Epoch: 191/200	Train Loss: 0.0009	Val Accuracy: 1.18
Training Epoch: 192/200	Train Loss: 0.0008	Val Accuracy: 1.22
Training Epoch: 193/200	Train Loss: 0.001	Val Accuracy: 1.22
Training Epoch: 194/200	Train Loss: 0.001	Val Accuracy: 1.24
Training Epoch: 195/200	Train Loss: 0.0006	Val Accuracy: 1.24
Training Epoch: 196/200	Train Loss: 0.001	Val Accuracy: 1.14
Training Epoch: 197/200	Train Loss: 0.0009	Val Accuracy: 1.14
Training Epoch: 198/200	Train Loss: 0.0009	Val Accuracy: 1.22
Training Epoch: 199/200	Train Loss: 0.0009	Val Accuracy: 1.22
Training Epoch: 200/200	Train Loss: 0.0008	Val Accuracy: 1.08

Wrote Best Model Checkpoint to: vlBest_acc_1_model_epoch_0032.pyth

Best Validation Accuracy: 1.52
Best Epoch: 32

======== TESTING ========

Test Accuracy: 1.31.

======== ACTIVE SAMPLING ========

ProbCover adaptive delta: base=0.6000, effective=0.5100, scale=0.85, phase=post_label_shrink, labeled_count=50
Coverage selection metadata: active=False (mode=adaptive_distance_cv_cover, variant=unknown, delta=0.5100, phase=adaptive_signal, bald_mean=0.0000, bald_max=0.0000, variance_mean=0.0000, variance_max=0.0000, dropout_iters=0, cover_anchors=0, diversity_lambda=0.00, selected_id_mean=0.0000, selected_signal_mean=0.0657, selected_radius_mean=0.7021, k_id=50, k_knn=50, alpha=1.00)
Active Sampling Complete. After Episode 0:
New Labeled Set: 100, New Unlabeled Set: 94900, Active Set: 50

================================


Current accuracy values:  [1.3100000000000023]
======== EPISODE 1 BEGINS ========

======== TRAINING ========
Training Epoch: 1/200	Train Loss: 6.0193	Val Accuracy: 0.0
Training Epoch: 2/200	Train Loss: 4.9974	Val Accuracy: 0.82
Training Epoch: 3/200	Train Loss: 4.2802	Val Accuracy: 0.82
Training Epoch: 4/200	Train Loss: 3.5596	Val Accuracy: 0.64
Training Epoch: 5/200	Train Loss: 3.2389	Val Accuracy: 0.64
Training Epoch: 6/200	Train Loss: 2.8701	Val Accuracy: 0.78
Training Epoch: 7/200	Train Loss: 2.5531	Val Accuracy: 0.78
Training Epoch: 8/200	Train Loss: 2.2311	Val Accuracy: 0.76
Training Epoch: 9/200	Train Loss: 1.9536	Val Accuracy: 0.76
Training Epoch: 10/200	Train Loss: 1.7154	Val Accuracy: 0.88
Training Epoch: 11/200	Train Loss: 1.5776	Val Accuracy: 0.88
Training Epoch: 12/200	Train Loss: 1.5516	Val Accuracy: 0.76
Training Epoch: 13/200	Train Loss: 1.1601	Val Accuracy: 0.76
Training Epoch: 14/200	Train Loss: 0.9188	Val Accuracy: 0.7
Training Epoch: 15/200	Train Loss: 0.9512	Val Accuracy: 0.7
Training Epoch: 16/200	Train Loss: 0.7569	Val Accuracy: 1.2
Training Epoch: 17/200	Train Loss: 0.6303	Val Accuracy: 1.2
Training Epoch: 18/200	Train Loss: 0.5945	Val Accuracy: 1.58
Training Epoch: 19/200	Train Loss: 0.5052	Val Accuracy: 1.58
Training Epoch: 20/200	Train Loss: 0.4366	Val Accuracy: 1.38
Training Epoch: 21/200	Train Loss: 0.3754	Val Accuracy: 1.38
Training Epoch: 22/200	Train Loss: 0.3346	Val Accuracy: 1.44
Training Epoch: 23/200	Train Loss: 0.2913	Val Accuracy: 1.44
Training Epoch: 24/200	Train Loss: 0.2447	Val Accuracy: 1.7
Training Epoch: 25/200	Train Loss: 0.1767	Val Accuracy: 1.7
Training Epoch: 26/200	Train Loss: 0.2619	Val Accuracy: 1.94
Training Epoch: 27/200	Train Loss: 0.168	Val Accuracy: 1.94
Training Epoch: 28/200	Train Loss: 0.2135	Val Accuracy: 1.68
Training Epoch: 29/200	Train Loss: 0.1543	Val Accuracy: 1.68
Training Epoch: 30/200	Train Loss: 0.232	Val Accuracy: 1.78
Training Epoch: 31/200	Train Loss: 0.1231	Val Accuracy: 1.78
Training Epoch: 32/200	Train Loss: 0.1394	Val Accuracy: 2.02
Training Epoch: 33/200	Train Loss: 0.1241	Val Accuracy: 2.02
Training Epoch: 34/200	Train Loss: 0.1388	Val Accuracy: 2.2
Training Epoch: 35/200	Train Loss: 0.1392	Val Accuracy: 2.2
Training Epoch: 36/200	Train Loss: 0.0803	Val Accuracy: 2.12
Training Epoch: 37/200	Train Loss: 0.0747	Val Accuracy: 2.12
Training Epoch: 38/200	Train Loss: 0.1272	Val Accuracy: 2.1
Training Epoch: 39/200	Train Loss: 0.1009	Val Accuracy: 2.1
Training Epoch: 40/200	Train Loss: 0.1197	Val Accuracy: 2.32
Training Epoch: 41/200	Train Loss: 0.1126	Val Accuracy: 2.32
Training Epoch: 42/200	Train Loss: 0.0665	Val Accuracy: 2.04
Training Epoch: 43/200	Train Loss: 0.1084	Val Accuracy: 2.04
Training Epoch: 44/200	Train Loss: 0.0634	Val Accuracy: 2.06
Training Epoch: 45/200	Train Loss: 0.0895	Val Accuracy: 2.06
Training Epoch: 46/200	Train Loss: 0.0378	Val Accuracy: 2.12
Training Epoch: 47/200	Train Loss: 0.08	Val Accuracy: 2.12
Training Epoch: 48/200	Train Loss: 0.0761	Val Accuracy: 2.16
Training Epoch: 49/200	Train Loss: 0.0609	Val Accuracy: 2.16
Training Epoch: 50/200	Train Loss: 0.0372	Val Accuracy: 2.18
Training Epoch: 51/200	Train Loss: 0.094	Val Accuracy: 2.18
Training Epoch: 52/200	Train Loss: 0.0619	Val Accuracy: 2.14
Training Epoch: 53/200	Train Loss: 0.0887	Val Accuracy: 2.14
Training Epoch: 54/200	Train Loss: 0.0586	Val Accuracy: 2.24
Training Epoch: 55/200	Train Loss: 0.0353	Val Accuracy: 2.24
Training Epoch: 56/200	Train Loss: 0.0407	Val Accuracy: 1.84
Training Epoch: 57/200	Train Loss: 0.081	Val Accuracy: 1.84
Training Epoch: 58/200	Train Loss: 0.0412	Val Accuracy: 2.1
Training Epoch: 59/200	Train Loss: 0.064	Val Accuracy: 2.1
Training Epoch: 60/200	Train Loss: 0.0361	Val Accuracy: 2.04
Training Epoch: 61/200	Train Loss: 0.055	Val Accuracy: 2.04
Training Epoch: 62/200	Train Loss: 0.0473	Val Accuracy: 2.0
Training Epoch: 63/200	Train Loss: 0.0385	Val Accuracy: 2.0
Training Epoch: 64/200	Train Loss: 0.046	Val Accuracy: 1.94
Training Epoch: 65/200	Train Loss: 0.0406	Val Accuracy: 1.94
Training Epoch: 66/200	Train Loss: 0.0358	Val Accuracy: 1.9
Training Epoch: 67/200	Train Loss: 0.0415	Val Accuracy: 1.9
Training Epoch: 68/200	Train Loss: 0.0251	Val Accuracy: 2.0
Training Epoch: 69/200	Train Loss: 0.0453	Val Accuracy: 2.0
Training Epoch: 70/200	Train Loss: 0.0354	Val Accuracy: 1.96
Training Epoch: 71/200	Train Loss: 0.0162	Val Accuracy: 1.96
Training Epoch: 72/200	Train Loss: 0.0176	Val Accuracy: 1.9
Training Epoch: 73/200	Train Loss: 0.0242	Val Accuracy: 1.9
Training Epoch: 74/200	Train Loss: 0.0311	Val Accuracy: 2.1
Training Epoch: 75/200	Train Loss: 0.0215	Val Accuracy: 2.1
Training Epoch: 76/200	Train Loss: 0.0272	Val Accuracy: 2.24
Training Epoch: 77/200	Train Loss: 0.0395	Val Accuracy: 2.24
Training Epoch: 78/200	Train Loss: 0.017	Val Accuracy: 2.14
Training Epoch: 79/200	Train Loss: 0.0117	Val Accuracy: 2.14
Training Epoch: 80/200	Train Loss: 0.0152	Val Accuracy: 2.06
Training Epoch: 81/200	Train Loss: 0.0166	Val Accuracy: 2.06
Training Epoch: 82/200	Train Loss: 0.0393	Val Accuracy: 2.06
Training Epoch: 83/200	Train Loss: 0.0386	Val Accuracy: 2.06
Training Epoch: 84/200	Train Loss: 0.0182	Val Accuracy: 2.02
Training Epoch: 85/200	Train Loss: 0.018	Val Accuracy: 2.02
Training Epoch: 86/200	Train Loss: 0.028	Val Accuracy: 2.5
Training Epoch: 87/200	Train Loss: 0.0153	Val Accuracy: 2.5
Training Epoch: 88/200	Train Loss: 0.0165	Val Accuracy: 2.14
Training Epoch: 89/200	Train Loss: 0.0178	Val Accuracy: 2.14
Training Epoch: 90/200	Train Loss: 0.0084	Val Accuracy: 2.34
Training Epoch: 91/200	Train Loss: 0.0161	Val Accuracy: 2.34
Training Epoch: 92/200	Train Loss: 0.011	Val Accuracy: 2.34
Training Epoch: 93/200	Train Loss: 0.0196	Val Accuracy: 2.34
Training Epoch: 94/200	Train Loss: 0.01	Val Accuracy: 2.2
Training Epoch: 95/200	Train Loss: 0.0221	Val Accuracy: 2.2
Training Epoch: 96/200	Train Loss: 0.0148	Val Accuracy: 2.12
Training Epoch: 97/200	Train Loss: 0.0166	Val Accuracy: 2.12
Training Epoch: 98/200	Train Loss: 0.0131	Val Accuracy: 2.16
Training Epoch: 99/200	Train Loss: 0.0199	Val Accuracy: 2.16
Training Epoch: 100/200	Train Loss: 0.0164	Val Accuracy: 2.02
Training Epoch: 101/200	Train Loss: 0.0106	Val Accuracy: 2.02
Training Epoch: 102/200	Train Loss: 0.0333	Val Accuracy: 2.14
Training Epoch: 103/200	Train Loss: 0.0078	Val Accuracy: 2.14
Training Epoch: 104/200	Train Loss: 0.0155	Val Accuracy: 2.32
Training Epoch: 105/200	Train Loss: 0.0149	Val Accuracy: 2.32
Training Epoch: 106/200	Train Loss: 0.008	Val Accuracy: 2.2
Training Epoch: 107/200	Train Loss: 0.0063	Val Accuracy: 2.2
Training Epoch: 108/200	Train Loss: 0.014	Val Accuracy: 2.02
Training Epoch: 109/200	Train Loss: 0.0166	Val Accuracy: 2.02
Training Epoch: 110/200	Train Loss: 0.0118	Val Accuracy: 1.88
Training Epoch: 111/200	Train Loss: 0.0186	Val Accuracy: 1.88
Training Epoch: 112/200	Train Loss: 0.009	Val Accuracy: 2.14
Training Epoch: 113/200	Train Loss: 0.0102	Val Accuracy: 2.14
Training Epoch: 114/200	Train Loss: 0.0069	Val Accuracy: 2.22
Training Epoch: 115/200	Train Loss: 0.0048	Val Accuracy: 2.22
Training Epoch: 116/200	Train Loss: 0.0095	Val Accuracy: 2.12
Training Epoch: 117/200	Train Loss: 0.0084	Val Accuracy: 2.12
Training Epoch: 118/200	Train Loss: 0.0134	Val Accuracy: 1.98
Training Epoch: 119/200	Train Loss: 0.0146	Val Accuracy: 1.98
Training Epoch: 120/200	Train Loss: 0.0218	Val Accuracy: 2.1
Training Epoch: 121/200	Train Loss: 0.0177	Val Accuracy: 2.1
Training Epoch: 122/200	Train Loss: 0.0074	Val Accuracy: 2.1
Training Epoch: 123/200	Train Loss: 0.0067	Val Accuracy: 2.1
Training Epoch: 124/200	Train Loss: 0.008	Val Accuracy: 2.12
Training Epoch: 125/200	Train Loss: 0.0062	Val Accuracy: 2.12
Training Epoch: 126/200	Train Loss: 0.0056	Val Accuracy: 2.06
Training Epoch: 127/200	Train Loss: 0.0227	Val Accuracy: 2.06
Training Epoch: 128/200	Train Loss: 0.0078	Val Accuracy: 2.1
Training Epoch: 129/200	Train Loss: 0.0083	Val Accuracy: 2.1
Training Epoch: 130/200	Train Loss: 0.0054	Val Accuracy: 2.28
Training Epoch: 131/200	Train Loss: 0.0044	Val Accuracy: 2.28
Training Epoch: 132/200	Train Loss: 0.0051	Val Accuracy: 1.98
Training Epoch: 133/200	Train Loss: 0.0066	Val Accuracy: 1.98
Training Epoch: 134/200	Train Loss: 0.0041	Val Accuracy: 2.12
Training Epoch: 135/200	Train Loss: 0.0047	Val Accuracy: 2.12
Training Epoch: 136/200	Train Loss: 0.0052	Val Accuracy: 1.92
Training Epoch: 137/200	Train Loss: 0.0054	Val Accuracy: 1.92
Training Epoch: 138/200	Train Loss: 0.0035	Val Accuracy: 2.2
Training Epoch: 139/200	Train Loss: 0.0039	Val Accuracy: 2.2
Training Epoch: 140/200	Train Loss: 0.0044	Val Accuracy: 2.2
Training Epoch: 141/200	Train Loss: 0.0036	Val Accuracy: 2.2
Training Epoch: 142/200	Train Loss: 0.0051	Val Accuracy: 2.14
Training Epoch: 143/200	Train Loss: 0.0035	Val Accuracy: 2.14
Training Epoch: 144/200	Train Loss: 0.0042	Val Accuracy: 2.0
Training Epoch: 145/200	Train Loss: 0.004	Val Accuracy: 2.0
Training Epoch: 146/200	Train Loss: 0.0016	Val Accuracy: 2.16
Training Epoch: 147/200	Train Loss: 0.0041	Val Accuracy: 2.16
Training Epoch: 148/200	Train Loss: 0.0051	Val Accuracy: 2.1
Training Epoch: 149/200	Train Loss: 0.0064	Val Accuracy: 2.1
Training Epoch: 150/200	Train Loss: 0.0033	Val Accuracy: 2.18
Training Epoch: 151/200	Train Loss: 0.004	Val Accuracy: 2.18
Training Epoch: 152/200	Train Loss: 0.0078	Val Accuracy: 2.14
Training Epoch: 153/200	Train Loss: 0.008	Val Accuracy: 2.14
Training Epoch: 154/200	Train Loss: 0.0052	Val Accuracy: 2.04
Training Epoch: 155/200	Train Loss: 0.006	Val Accuracy: 2.04
Training Epoch: 156/200	Train Loss: 0.0032	Val Accuracy: 2.24
Training Epoch: 157/200	Train Loss: 0.0048	Val Accuracy: 2.24
Training Epoch: 158/200	Train Loss: 0.0044	Val Accuracy: 2.16
Training Epoch: 159/200	Train Loss: 0.0038	Val Accuracy: 2.16
Training Epoch: 160/200	Train Loss: 0.0044	Val Accuracy: 2.02
Training Epoch: 161/200	Train Loss: 0.0039	Val Accuracy: 2.02
Training Epoch: 162/200	Train Loss: 0.0069	Val Accuracy: 2.06
Training Epoch: 163/200	Train Loss: 0.0031	Val Accuracy: 2.06
Training Epoch: 164/200	Train Loss: 0.0227	Val Accuracy: 2.06
Training Epoch: 165/200	Train Loss: 0.0025	Val Accuracy: 2.06
Training Epoch: 166/200	Train Loss: 0.0066	Val Accuracy: 1.92
Training Epoch: 167/200	Train Loss: 0.0115	Val Accuracy: 1.92
Training Epoch: 168/200	Train Loss: 0.0044	Val Accuracy: 1.8
Training Epoch: 169/200	Train Loss: 0.0123	Val Accuracy: 1.8
Training Epoch: 170/200	Train Loss: 0.0035	Val Accuracy: 1.96
Training Epoch: 171/200	Train Loss: 0.0158	Val Accuracy: 1.96
Training Epoch: 172/200	Train Loss: 0.006	Val Accuracy: 2.04
Training Epoch: 173/200	Train Loss: 0.0047	Val Accuracy: 2.04
Training Epoch: 174/200	Train Loss: 0.0043	Val Accuracy: 1.94
Training Epoch: 175/200	Train Loss: 0.0076	Val Accuracy: 1.94
Training Epoch: 176/200	Train Loss: 0.0082	Val Accuracy: 2.06
Training Epoch: 177/200	Train Loss: 0.006	Val Accuracy: 2.06
Training Epoch: 178/200	Train Loss: 0.0037	Val Accuracy: 2.16
Training Epoch: 179/200	Train Loss: 0.0058	Val Accuracy: 2.16
Training Epoch: 180/200	Train Loss: 0.0062	Val Accuracy: 2.16
Training Epoch: 181/200	Train Loss: 0.0038	Val Accuracy: 2.16
Training Epoch: 182/200	Train Loss: 0.0054	Val Accuracy: 2.0
Training Epoch: 183/200	Train Loss: 0.01	Val Accuracy: 2.0
Training Epoch: 184/200	Train Loss: 0.006	Val Accuracy: 2.0
Training Epoch: 185/200	Train Loss: 0.0041	Val Accuracy: 2.0
Training Epoch: 186/200	Train Loss: 0.0059	Val Accuracy: 1.92
Training Epoch: 187/200	Train Loss: 0.0077	Val Accuracy: 1.92
Training Epoch: 188/200	Train Loss: 0.006	Val Accuracy: 1.98
Training Epoch: 189/200	Train Loss: 0.0052	Val Accuracy: 1.98
Training Epoch: 190/200	Train Loss: 0.0122	Val Accuracy: 1.96
Training Epoch: 191/200	Train Loss: 0.0051	Val Accuracy: 1.96
Training Epoch: 192/200	Train Loss: 0.0037	Val Accuracy: 2.16
Training Epoch: 193/200	Train Loss: 0.0059	Val Accuracy: 2.16
Training Epoch: 194/200	Train Loss: 0.0019	Val Accuracy: 1.72
Training Epoch: 195/200	Train Loss: 0.0033	Val Accuracy: 1.72
Training Epoch: 196/200	Train Loss: 0.0048	Val Accuracy: 2.02
Training Epoch: 197/200	Train Loss: 0.0034	Val Accuracy: 2.02
Training Epoch: 198/200	Train Loss: 0.0017	Val Accuracy: 1.78
Training Epoch: 199/200	Train Loss: 0.0033	Val Accuracy: 1.78
Training Epoch: 200/200	Train Loss: 0.0065	Val Accuracy: 1.8

Wrote Best Model Checkpoint to: vlBest_acc_2_model_epoch_0086.pyth

Best Validation Accuracy: 2.5
Best Epoch: 86

======== TESTING ========

Test Accuracy: 2.17.

======== ACTIVE SAMPLING ========

ProbCover adaptive delta: base=0.6000, effective=0.5100, scale=0.85, phase=post_label_shrink, labeled_count=100
Coverage selection metadata: active=False (mode=adaptive_distance_cv_cover, variant=unknown, delta=0.5100, phase=adaptive_signal, bald_mean=0.0000, bald_max=0.0000, variance_mean=0.0000, variance_max=0.0000, dropout_iters=0, cover_anchors=0, diversity_lambda=0.00, selected_id_mean=0.0000, selected_signal_mean=0.0760, selected_radius_mean=0.8126, k_id=50, k_knn=50, alpha=1.00)
Active Sampling Complete. After Episode 1:
New Labeled Set: 150, New Unlabeled Set: 94850, Active Set: 50

================================


Current accuracy values:  [1.3100000000000023, 2.1700000000000017]
======== EPISODE 2 BEGINS ========

======== TRAINING ========
Training Epoch: 1/200	Train Loss: 3.6174	Val Accuracy: 0.0
Training Epoch: 2/200	Train Loss: 3.4806	Val Accuracy: 1.82
Training Epoch: 3/200	Train Loss: 2.9109	Val Accuracy: 1.82
Training Epoch: 4/200	Train Loss: 2.3573	Val Accuracy: 1.42
Training Epoch: 5/200	Train Loss: 2.3398	Val Accuracy: 1.42
Training Epoch: 6/200	Train Loss: 1.8974	Val Accuracy: 1.76
Training Epoch: 7/200	Train Loss: 1.719	Val Accuracy: 1.76
Training Epoch: 8/200	Train Loss: 1.9477	Val Accuracy: 1.48
Training Epoch: 9/200	Train Loss: 1.6575	Val Accuracy: 1.48
Training Epoch: 10/200	Train Loss: 1.5223	Val Accuracy: 1.04
Training Epoch: 11/200	Train Loss: 1.3378	Val Accuracy: 1.04
Training Epoch: 12/200	Train Loss: 1.4183	Val Accuracy: 1.34
Training Epoch: 13/200	Train Loss: 1.5049	Val Accuracy: 1.34
Training Epoch: 14/200	Train Loss: 1.0785	Val Accuracy: 1.98
Training Epoch: 15/200	Train Loss: 0.999	Val Accuracy: 1.98
Training Epoch: 16/200	Train Loss: 1.0171	Val Accuracy: 2.16
Training Epoch: 17/200	Train Loss: 0.8668	Val Accuracy: 2.16
Training Epoch: 18/200	Train Loss: 0.5823	Val Accuracy: 2.12
Training Epoch: 19/200	Train Loss: 0.6704	Val Accuracy: 2.12
Training Epoch: 20/200	Train Loss: 0.5614	Val Accuracy: 1.8
Training Epoch: 21/200	Train Loss: 0.5935	Val Accuracy: 1.8
Training Epoch: 22/200	Train Loss: 0.5257	Val Accuracy: 2.0
Training Epoch: 23/200	Train Loss: 0.6174	Val Accuracy: 2.0
Training Epoch: 24/200	Train Loss: 0.4379	Val Accuracy: 1.84
Training Epoch: 25/200	Train Loss: 0.6246	Val Accuracy: 1.84
Training Epoch: 26/200	Train Loss: 0.3456	Val Accuracy: 2.04
Training Epoch: 27/200	Train Loss: 0.4418	Val Accuracy: 2.04
Training Epoch: 28/200	Train Loss: 0.3608	Val Accuracy: 2.18
Training Epoch: 29/200	Train Loss: 0.3285	Val Accuracy: 2.18
Training Epoch: 30/200	Train Loss: 0.3729	Val Accuracy: 2.32
Training Epoch: 31/200	Train Loss: 0.2684	Val Accuracy: 2.32
Training Epoch: 32/200	Train Loss: 0.2785	Val Accuracy: 2.26
Training Epoch: 33/200	Train Loss: 0.2467	Val Accuracy: 2.26
Training Epoch: 34/200	Train Loss: 0.185	Val Accuracy: 2.5
Training Epoch: 35/200	Train Loss: 0.1522	Val Accuracy: 2.5
Training Epoch: 36/200	Train Loss: 0.2257	Val Accuracy: 2.54
Training Epoch: 37/200	Train Loss: 0.1994	Val Accuracy: 2.54
Training Epoch: 38/200	Train Loss: 0.2092	Val Accuracy: 2.7
Training Epoch: 39/200	Train Loss: 0.2592	Val Accuracy: 2.7
Training Epoch: 40/200	Train Loss: 0.1351	Val Accuracy: 2.78
Training Epoch: 41/200	Train Loss: 0.1267	Val Accuracy: 2.78
Training Epoch: 42/200	Train Loss: 0.1147	Val Accuracy: 2.6
Training Epoch: 43/200	Train Loss: 0.1828	Val Accuracy: 2.6
Training Epoch: 44/200	Train Loss: 0.1448	Val Accuracy: 2.82
Training Epoch: 45/200	Train Loss: 0.1494	Val Accuracy: 2.82
Training Epoch: 46/200	Train Loss: 0.1054	Val Accuracy: 3.18
Training Epoch: 47/200	Train Loss: 0.1344	Val Accuracy: 3.18
Training Epoch: 48/200	Train Loss: 0.1353	Val Accuracy: 2.7
Training Epoch: 49/200	Train Loss: 0.1313	Val Accuracy: 2.7
Training Epoch: 50/200	Train Loss: 0.1743	Val Accuracy: 2.78
Training Epoch: 51/200	Train Loss: 0.1785	Val Accuracy: 2.78
Training Epoch: 52/200	Train Loss: 0.1278	Val Accuracy: 2.52
Training Epoch: 53/200	Train Loss: 0.0988	Val Accuracy: 2.52
Training Epoch: 54/200	Train Loss: 0.1187	Val Accuracy: 2.46
Training Epoch: 55/200	Train Loss: 0.2316	Val Accuracy: 2.46
Training Epoch: 56/200	Train Loss: 0.1789	Val Accuracy: 2.32
Training Epoch: 57/200	Train Loss: 0.1309	Val Accuracy: 2.32
Training Epoch: 58/200	Train Loss: 0.1381	Val Accuracy: 2.3
Training Epoch: 59/200	Train Loss: 0.0869	Val Accuracy: 2.3
Training Epoch: 60/200	Train Loss: 0.117	Val Accuracy: 2.26
Training Epoch: 61/200	Train Loss: 0.1446	Val Accuracy: 2.26
Training Epoch: 62/200	Train Loss: 0.0686	Val Accuracy: 2.64
Training Epoch: 63/200	Train Loss: 0.1157	Val Accuracy: 2.64
Training Epoch: 64/200	Train Loss: 0.0664	Val Accuracy: 2.2
Training Epoch: 65/200	Train Loss: 0.1618	Val Accuracy: 2.2
Training Epoch: 66/200	Train Loss: 0.0978	Val Accuracy: 2.16
Training Epoch: 67/200	Train Loss: 0.1191	Val Accuracy: 2.16
Training Epoch: 68/200	Train Loss: 0.1269	Val Accuracy: 2.34
Training Epoch: 69/200	Train Loss: 0.1482	Val Accuracy: 2.34
Training Epoch: 70/200	Train Loss: 0.1228	Val Accuracy: 2.16
Training Epoch: 71/200	Train Loss: 0.1151	Val Accuracy: 2.16
Training Epoch: 72/200	Train Loss: 0.1442	Val Accuracy: 2.16
Training Epoch: 73/200	Train Loss: 0.1429	Val Accuracy: 2.16
Training Epoch: 74/200	Train Loss: 0.1847	Val Accuracy: 2.3
Training Epoch: 75/200	Train Loss: 0.1032	Val Accuracy: 2.3
Training Epoch: 76/200	Train Loss: 0.2351	Val Accuracy: 2.26
Training Epoch: 77/200	Train Loss: 0.0676	Val Accuracy: 2.26
Training Epoch: 78/200	Train Loss: 0.0895	Val Accuracy: 2.28
Training Epoch: 79/200	Train Loss: 0.0822	Val Accuracy: 2.28
Training Epoch: 80/200	Train Loss: 0.1887	Val Accuracy: 2.62
Training Epoch: 81/200	Train Loss: 0.1269	Val Accuracy: 2.62
Training Epoch: 82/200	Train Loss: 0.0551	Val Accuracy: 2.52
Training Epoch: 83/200	Train Loss: 0.1112	Val Accuracy: 2.52
Training Epoch: 84/200	Train Loss: 0.0541	Val Accuracy: 2.78
Training Epoch: 85/200	Train Loss: 0.0854	Val Accuracy: 2.78
Training Epoch: 86/200	Train Loss: 0.1044	Val Accuracy: 2.82
Training Epoch: 87/200	Train Loss: 0.08	Val Accuracy: 2.82
Training Epoch: 88/200	Train Loss: 0.1766	Val Accuracy: 2.78
Training Epoch: 89/200	Train Loss: 0.0865	Val Accuracy: 2.78
Training Epoch: 90/200	Train Loss: 0.0526	Val Accuracy: 2.86
Training Epoch: 91/200	Train Loss: 0.1367	Val Accuracy: 2.86
Training Epoch: 92/200	Train Loss: 0.0951	Val Accuracy: 2.38
Training Epoch: 93/200	Train Loss: 0.0657	Val Accuracy: 2.38
Training Epoch: 94/200	Train Loss: 0.0816	Val Accuracy: 2.24
Training Epoch: 95/200	Train Loss: 0.0937	Val Accuracy: 2.24
Training Epoch: 96/200	Train Loss: 0.0653	Val Accuracy: 2.22
Training Epoch: 97/200	Train Loss: 0.0659	Val Accuracy: 2.22
Training Epoch: 98/200	Train Loss: 0.0644	Val Accuracy: 2.22
Training Epoch: 99/200	Train Loss: 0.1251	Val Accuracy: 2.22
Training Epoch: 100/200	Train Loss: 0.0443	Val Accuracy: 2.42
Training Epoch: 101/200	Train Loss: 0.0714	Val Accuracy: 2.42
Training Epoch: 102/200	Train Loss: 0.0789	Val Accuracy: 2.46
Training Epoch: 103/200	Train Loss: 0.0707	Val Accuracy: 2.46
Training Epoch: 104/200	Train Loss: 0.0392	Val Accuracy: 2.74
Training Epoch: 105/200	Train Loss: 0.0808	Val Accuracy: 2.74
Training Epoch: 106/200	Train Loss: 0.1135	Val Accuracy: 2.6
Training Epoch: 107/200	Train Loss: 0.0373	Val Accuracy: 2.6
Training Epoch: 108/200	Train Loss: 0.0699	Val Accuracy: 2.56
Training Epoch: 109/200	Train Loss: 0.0369	Val Accuracy: 2.56
Training Epoch: 110/200	Train Loss: 0.0598	Val Accuracy: 2.36
Training Epoch: 111/200	Train Loss: 0.0791	Val Accuracy: 2.36
Training Epoch: 112/200	Train Loss: 0.041	Val Accuracy: 2.38
Training Epoch: 113/200	Train Loss: 0.0617	Val Accuracy: 2.38
Training Epoch: 114/200	Train Loss: 0.027	Val Accuracy: 2.34
Training Epoch: 115/200	Train Loss: 0.046	Val Accuracy: 2.34
Training Epoch: 116/200	Train Loss: 0.0393	Val Accuracy: 2.16
Training Epoch: 117/200	Train Loss: 0.032	Val Accuracy: 2.16
Training Epoch: 118/200	Train Loss: 0.058	Val Accuracy: 2.38
Training Epoch: 119/200	Train Loss: 0.097	Val Accuracy: 2.38
Training Epoch: 120/200	Train Loss: 0.0328	Val Accuracy: 2.2
Training Epoch: 121/200	Train Loss: 0.215	Val Accuracy: 2.2
Training Epoch: 122/200	Train Loss: 0.0289	Val Accuracy: 2.22
Training Epoch: 123/200	Train Loss: 0.1218	Val Accuracy: 2.22
Training Epoch: 124/200	Train Loss: 0.1337	Val Accuracy: 2.46
Training Epoch: 125/200	Train Loss: 0.0554	Val Accuracy: 2.46
Training Epoch: 126/200	Train Loss: 0.0779	Val Accuracy: 2.44
Training Epoch: 127/200	Train Loss: 0.0569	Val Accuracy: 2.44
Training Epoch: 128/200	Train Loss: 0.0462	Val Accuracy: 2.36
Training Epoch: 129/200	Train Loss: 0.0357	Val Accuracy: 2.36
Training Epoch: 130/200	Train Loss: 0.085	Val Accuracy: 2.36
Training Epoch: 131/200	Train Loss: 0.036	Val Accuracy: 2.36
Training Epoch: 132/200	Train Loss: 0.0425	Val Accuracy: 2.44
Training Epoch: 133/200	Train Loss: 0.0307	Val Accuracy: 2.44
Training Epoch: 134/200	Train Loss: 0.0879	Val Accuracy: 2.62
Training Epoch: 135/200	Train Loss: 0.0831	Val Accuracy: 2.62
Training Epoch: 136/200	Train Loss: 0.0395	Val Accuracy: 2.42
Training Epoch: 137/200	Train Loss: 0.0457	Val Accuracy: 2.42
Training Epoch: 138/200	Train Loss: 0.0555	Val Accuracy: 2.44
Training Epoch: 139/200	Train Loss: 0.0696	Val Accuracy: 2.44
Training Epoch: 140/200	Train Loss: 0.0315	Val Accuracy: 2.78
Training Epoch: 141/200	Train Loss: 0.0771	Val Accuracy: 2.78
Training Epoch: 142/200	Train Loss: 0.0281	Val Accuracy: 2.82
Training Epoch: 143/200	Train Loss: 0.0399	Val Accuracy: 2.82
Training Epoch: 144/200	Train Loss: 0.0341	Val Accuracy: 2.76
Training Epoch: 145/200	Train Loss: 0.0351	Val Accuracy: 2.76
Training Epoch: 146/200	Train Loss: 0.029	Val Accuracy: 2.76
Training Epoch: 147/200	Train Loss: 0.1018	Val Accuracy: 2.76
Training Epoch: 148/200	Train Loss: 0.0241	Val Accuracy: 2.68
Training Epoch: 149/200	Train Loss: 0.0424	Val Accuracy: 2.68
Training Epoch: 150/200	Train Loss: 0.0651	Val Accuracy: 2.74
Training Epoch: 151/200	Train Loss: 0.0304	Val Accuracy: 2.74
Training Epoch: 152/200	Train Loss: 0.0546	Val Accuracy: 2.56
Training Epoch: 153/200	Train Loss: 0.0278	Val Accuracy: 2.56
Training Epoch: 154/200	Train Loss: 0.0487	Val Accuracy: 2.8
Training Epoch: 155/200	Train Loss: 0.0398	Val Accuracy: 2.8
Training Epoch: 156/200	Train Loss: 0.0415	Val Accuracy: 2.4
Training Epoch: 157/200	Train Loss: 0.0223	Val Accuracy: 2.4
Training Epoch: 158/200	Train Loss: 0.03	Val Accuracy: 2.4
Training Epoch: 159/200	Train Loss: 0.1081	Val Accuracy: 2.4
Training Epoch: 160/200	Train Loss: 0.0369	Val Accuracy: 2.46
Training Epoch: 161/200	Train Loss: 0.0538	Val Accuracy: 2.46
Training Epoch: 162/200	Train Loss: 0.0761	Val Accuracy: 2.44
Training Epoch: 163/200	Train Loss: 0.0342	Val Accuracy: 2.44
Training Epoch: 164/200	Train Loss: 0.0326	Val Accuracy: 2.4
Training Epoch: 165/200	Train Loss: 0.0205	Val Accuracy: 2.4
Training Epoch: 166/200	Train Loss: 0.0639	Val Accuracy: 2.36
Training Epoch: 167/200	Train Loss: 0.0743	Val Accuracy: 2.36
Training Epoch: 168/200	Train Loss: 0.1456	Val Accuracy: 2.52
Training Epoch: 169/200	Train Loss: 0.0302	Val Accuracy: 2.52
Training Epoch: 170/200	Train Loss: 0.0288	Val Accuracy: 2.28
Training Epoch: 171/200	Train Loss: 0.0303	Val Accuracy: 2.28
Training Epoch: 172/200	Train Loss: 0.0577	Val Accuracy: 2.34
Training Epoch: 173/200	Train Loss: 0.0407	Val Accuracy: 2.34
Training Epoch: 174/200	Train Loss: 0.0237	Val Accuracy: 2.2
Training Epoch: 175/200	Train Loss: 0.0464	Val Accuracy: 2.2
Training Epoch: 176/200	Train Loss: 0.064	Val Accuracy: 2.24
Training Epoch: 177/200	Train Loss: 0.1162	Val Accuracy: 2.24
Training Epoch: 178/200	Train Loss: 0.0448	Val Accuracy: 2.48
Training Epoch: 179/200	Train Loss: 0.05	Val Accuracy: 2.48
Training Epoch: 180/200	Train Loss: 0.0457	Val Accuracy: 2.44
Training Epoch: 181/200	Train Loss: 0.0204	Val Accuracy: 2.44
Training Epoch: 182/200	Train Loss: 0.0261	Val Accuracy: 2.46
Training Epoch: 183/200	Train Loss: 0.0195	Val Accuracy: 2.46
Training Epoch: 184/200	Train Loss: 0.0292	Val Accuracy: 2.44
Training Epoch: 185/200	Train Loss: 0.0175	Val Accuracy: 2.44
Training Epoch: 186/200	Train Loss: 0.0559	Val Accuracy: 2.56
Training Epoch: 187/200	Train Loss: 0.0295	Val Accuracy: 2.56
Training Epoch: 188/200	Train Loss: 0.017	Val Accuracy: 2.48
Training Epoch: 189/200	Train Loss: 0.0272	Val Accuracy: 2.48
Training Epoch: 190/200	Train Loss: 0.0737	Val Accuracy: 2.62
Training Epoch: 191/200	Train Loss: 0.0253	Val Accuracy: 2.62
Training Epoch: 192/200	Train Loss: 0.0228	Val Accuracy: 2.56
Training Epoch: 193/200	Train Loss: 0.0257	Val Accuracy: 2.56
Training Epoch: 194/200	Train Loss: 0.1132	Val Accuracy: 2.5
Training Epoch: 195/200	Train Loss: 0.0147	Val Accuracy: 2.5
Training Epoch: 196/200	Train Loss: 0.0425	Val Accuracy: 2.68
Training Epoch: 197/200	Train Loss: 0.0161	Val Accuracy: 2.68
Training Epoch: 198/200	Train Loss: 0.0411	Val Accuracy: 2.52
Training Epoch: 199/200	Train Loss: 0.0751	Val Accuracy: 2.52
Training Epoch: 200/200	Train Loss: 0.0301	Val Accuracy: 2.44

Wrote Best Model Checkpoint to: vlBest_acc_3_model_epoch_0046.pyth

Best Validation Accuracy: 3.18
Best Epoch: 46

======== TESTING ========

Test Accuracy: 2.6.

======== ACTIVE SAMPLING ========

ProbCover adaptive delta: base=0.6000, effective=0.5100, scale=0.85, phase=post_label_shrink, labeled_count=150
Coverage selection metadata: active=False (mode=adaptive_distance_cv_cover, variant=unknown, delta=0.5100, phase=adaptive_signal, bald_mean=0.0000, bald_max=0.0000, variance_mean=0.0000, variance_max=0.0000, dropout_iters=0, cover_anchors=0, diversity_lambda=0.00, selected_id_mean=0.0000, selected_signal_mean=0.0837, selected_radius_mean=0.8946, k_id=50, k_knn=50, alpha=1.00)
Active Sampling Complete. After Episode 2:
New Labeled Set: 200, New Unlabeled Set: 94800, Active Set: 50

================================


Current accuracy values:  [1.3100000000000023, 2.1700000000000017, 2.5999999999999943]
======== EPISODE 3 BEGINS ========

======== TRAINING ========
Training Epoch: 1/200	Train Loss: 2.7441	Val Accuracy: 0.0
Training Epoch: 2/200	Train Loss: 2.0834	Val Accuracy: 2.32
Training Epoch: 3/200	Train Loss: 1.6413	Val Accuracy: 2.32
Training Epoch: 4/200	Train Loss: 1.3348	Val Accuracy: 2.04
Training Epoch: 5/200	Train Loss: 1.2823	Val Accuracy: 2.04
Training Epoch: 6/200	Train Loss: 0.9963	Val Accuracy: 2.2
Training Epoch: 7/200	Train Loss: 0.8811	Val Accuracy: 2.2
Training Epoch: 8/200	Train Loss: 0.5248	Val Accuracy: 2.0
Training Epoch: 9/200	Train Loss: 0.6269	Val Accuracy: 2.0
Training Epoch: 10/200	Train Loss: 0.6184	Val Accuracy: 2.26
Training Epoch: 11/200	Train Loss: 0.4642	Val Accuracy: 2.26
Training Epoch: 12/200	Train Loss: 0.3782	Val Accuracy: 2.6
Training Epoch: 13/200	Train Loss: 0.4386	Val Accuracy: 2.6
Training Epoch: 14/200	Train Loss: 0.2868	Val Accuracy: 2.7
Training Epoch: 15/200	Train Loss: 0.2195	Val Accuracy: 2.7
Training Epoch: 16/200	Train Loss: 0.2354	Val Accuracy: 2.6
Training Epoch: 17/200	Train Loss: 0.2772	Val Accuracy: 2.6
Training Epoch: 18/200	Train Loss: 0.167	Val Accuracy: 2.44
Training Epoch: 19/200	Train Loss: 0.1482	Val Accuracy: 2.44
Training Epoch: 20/200	Train Loss: 0.2573	Val Accuracy: 2.42
Training Epoch: 21/200	Train Loss: 0.1548	Val Accuracy: 2.42
Training Epoch: 22/200	Train Loss: 0.1423	Val Accuracy: 2.68
Training Epoch: 23/200	Train Loss: 0.102	Val Accuracy: 2.68
Training Epoch: 24/200	Train Loss: 0.0954	Val Accuracy: 2.8
Training Epoch: 25/200	Train Loss: 0.1123	Val Accuracy: 2.8
Training Epoch: 26/200	Train Loss: 0.1458	Val Accuracy: 2.44
Training Epoch: 27/200	Train Loss: 0.0945	Val Accuracy: 2.44
Training Epoch: 28/200	Train Loss: 0.0929	Val Accuracy: 2.36
Training Epoch: 29/200	Train Loss: 0.0688	Val Accuracy: 2.36
Training Epoch: 30/200	Train Loss: 0.0893	Val Accuracy: 2.48
Training Epoch: 31/200	Train Loss: 0.0824	Val Accuracy: 2.48
Training Epoch: 32/200	Train Loss: 0.0797	Val Accuracy: 2.6
Training Epoch: 33/200	Train Loss: 0.0932	Val Accuracy: 2.6
Training Epoch: 34/200	Train Loss: 0.071	Val Accuracy: 2.82
Training Epoch: 35/200	Train Loss: 0.09	Val Accuracy: 2.82
Training Epoch: 36/200	Train Loss: 0.1076	Val Accuracy: 2.76
Training Epoch: 37/200	Train Loss: 0.0843	Val Accuracy: 2.76
Training Epoch: 38/200	Train Loss: 0.062	Val Accuracy: 2.62
Training Epoch: 39/200	Train Loss: 0.1888	Val Accuracy: 2.62
Training Epoch: 40/200	Train Loss: 0.0812	Val Accuracy: 2.3
Training Epoch: 41/200	Train Loss: 0.0975	Val Accuracy: 2.3
Training Epoch: 42/200	Train Loss: 0.0831	Val Accuracy: 2.68
Training Epoch: 43/200	Train Loss: 0.089	Val Accuracy: 2.68
Training Epoch: 44/200	Train Loss: 0.0502	Val Accuracy: 2.4
Training Epoch: 45/200	Train Loss: 0.0641	Val Accuracy: 2.4
Training Epoch: 46/200	Train Loss: 0.1852	Val Accuracy: 2.58
Training Epoch: 47/200	Train Loss: 0.0994	Val Accuracy: 2.58
Training Epoch: 48/200	Train Loss: 0.06	Val Accuracy: 2.44
Training Epoch: 49/200	Train Loss: 0.0567	Val Accuracy: 2.44
Training Epoch: 50/200	Train Loss: 0.1723	Val Accuracy: 2.68
Training Epoch: 51/200	Train Loss: 0.2439	Val Accuracy: 2.68
Training Epoch: 52/200	Train Loss: 0.1619	Val Accuracy: 2.46
Training Epoch: 53/200	Train Loss: 0.1675	Val Accuracy: 2.46
Training Epoch: 54/200	Train Loss: 0.0847	Val Accuracy: 2.3
Training Epoch: 55/200	Train Loss: 0.0621	Val Accuracy: 2.3
Training Epoch: 56/200	Train Loss: 0.1105	Val Accuracy: 2.88
Training Epoch: 57/200	Train Loss: 0.05	Val Accuracy: 2.88
Training Epoch: 58/200	Train Loss: 0.0573	Val Accuracy: 2.48
Training Epoch: 59/200	Train Loss: 0.0989	Val Accuracy: 2.48
Training Epoch: 60/200	Train Loss: 0.0722	Val Accuracy: 2.62
Training Epoch: 61/200	Train Loss: 0.0667	Val Accuracy: 2.62
Training Epoch: 62/200	Train Loss: 0.0864	Val Accuracy: 2.74
Training Epoch: 63/200	Train Loss: 0.0518	Val Accuracy: 2.74
Training Epoch: 64/200	Train Loss: 0.0429	Val Accuracy: 2.66
Training Epoch: 65/200	Train Loss: 0.1256	Val Accuracy: 2.66
Training Epoch: 66/200	Train Loss: 0.0524	Val Accuracy: 3.0
Training Epoch: 67/200	Train Loss: 0.047	Val Accuracy: 3.0
Training Epoch: 68/200	Train Loss: 0.099	Val Accuracy: 2.42
Training Epoch: 69/200	Train Loss: 0.0489	Val Accuracy: 2.42
Training Epoch: 70/200	Train Loss: 0.1078	Val Accuracy: 2.26
Training Epoch: 71/200	Train Loss: 0.0773	Val Accuracy: 2.26
Training Epoch: 72/200	Train Loss: 0.0479	Val Accuracy: 2.6
Training Epoch: 73/200	Train Loss: 0.0274	Val Accuracy: 2.6
Training Epoch: 74/200	Train Loss: 0.0418	Val Accuracy: 2.5
Training Epoch: 75/200	Train Loss: 0.0354	Val Accuracy: 2.5
Training Epoch: 76/200	Train Loss: 0.0334	Val Accuracy: 2.54
Training Epoch: 77/200	Train Loss: 0.0293	Val Accuracy: 2.54
Training Epoch: 78/200	Train Loss: 0.0237	Val Accuracy: 3.02
Training Epoch: 79/200	Train Loss: 0.073	Val Accuracy: 3.02
Training Epoch: 80/200	Train Loss: 0.0278	Val Accuracy: 2.84
Training Epoch: 81/200	Train Loss: 0.0411	Val Accuracy: 2.84
Training Epoch: 82/200	Train Loss: 0.0898	Val Accuracy: 2.6
Training Epoch: 83/200	Train Loss: 0.0351	Val Accuracy: 2.6
Training Epoch: 84/200	Train Loss: 0.1411	Val Accuracy: 2.74
Training Epoch: 85/200	Train Loss: 0.0204	Val Accuracy: 2.74
Training Epoch: 86/200	Train Loss: 0.0767	Val Accuracy: 2.26
Training Epoch: 87/200	Train Loss: 0.0456	Val Accuracy: 2.26
Training Epoch: 88/200	Train Loss: 0.0462	Val Accuracy: 2.54
Training Epoch: 89/200	Train Loss: 0.0624	Val Accuracy: 2.54
Training Epoch: 90/200	Train Loss: 0.0446	Val Accuracy: 2.6
Training Epoch: 91/200	Train Loss: 0.0293	Val Accuracy: 2.6
Training Epoch: 92/200	Train Loss: 0.0755	Val Accuracy: 2.66
Training Epoch: 93/200	Train Loss: 0.1122	Val Accuracy: 2.66
Training Epoch: 94/200	Train Loss: 0.1493	Val Accuracy: 2.3
Training Epoch: 95/200	Train Loss: 0.2825	Val Accuracy: 2.3
Training Epoch: 96/200	Train Loss: 0.057	Val Accuracy: 2.58
Training Epoch: 97/200	Train Loss: 0.0938	Val Accuracy: 2.58
Training Epoch: 98/200	Train Loss: 0.0752	Val Accuracy: 2.22
Training Epoch: 99/200	Train Loss: 0.0639	Val Accuracy: 2.22
Training Epoch: 100/200	Train Loss: 0.1348	Val Accuracy: 2.38
Training Epoch: 101/200	Train Loss: 0.0891	Val Accuracy: 2.38
Training Epoch: 102/200	Train Loss: 0.1442	Val Accuracy: 2.62
Training Epoch: 103/200	Train Loss: 0.0749	Val Accuracy: 2.62
Training Epoch: 104/200	Train Loss: 0.1099	Val Accuracy: 2.48
Training Epoch: 105/200	Train Loss: 0.0619	Val Accuracy: 2.48
Training Epoch: 106/200	Train Loss: 0.1311	Val Accuracy: 2.38
Training Epoch: 107/200	Train Loss: 0.126	Val Accuracy: 2.38
Training Epoch: 108/200	Train Loss: 0.1152	Val Accuracy: 2.66
Training Epoch: 109/200	Train Loss: 0.0687	Val Accuracy: 2.66
Training Epoch: 110/200	Train Loss: 0.0754	Val Accuracy: 2.7
Training Epoch: 111/200	Train Loss: 0.1045	Val Accuracy: 2.7
Training Epoch: 112/200	Train Loss: 0.0711	Val Accuracy: 2.34
Training Epoch: 113/200	Train Loss: 0.0872	Val Accuracy: 2.34
Training Epoch: 114/200	Train Loss: 0.0748	Val Accuracy: 2.6
Training Epoch: 115/200	Train Loss: 0.0895	Val Accuracy: 2.6
Training Epoch: 116/200	Train Loss: 0.0965	Val Accuracy: 2.58
Training Epoch: 117/200	Train Loss: 0.0523	Val Accuracy: 2.58
Training Epoch: 118/200	Train Loss: 0.0389	Val Accuracy: 2.32
Training Epoch: 119/200	Train Loss: 0.0466	Val Accuracy: 2.32
Training Epoch: 120/200	Train Loss: 0.0532	Val Accuracy: 2.58
Training Epoch: 121/200	Train Loss: 0.0348	Val Accuracy: 2.58
Training Epoch: 122/200	Train Loss: 0.073	Val Accuracy: 2.62
Training Epoch: 123/200	Train Loss: 0.0387	Val Accuracy: 2.62
Training Epoch: 124/200	Train Loss: 0.0405	Val Accuracy: 2.54
Training Epoch: 125/200	Train Loss: 0.0381	Val Accuracy: 2.54
Training Epoch: 126/200	Train Loss: 0.0768	Val Accuracy: 2.86
Training Epoch: 127/200	Train Loss: 0.0259	Val Accuracy: 2.86
Training Epoch: 128/200	Train Loss: 0.0583	Val Accuracy: 2.86
Training Epoch: 129/200	Train Loss: 0.0319	Val Accuracy: 2.86
Training Epoch: 130/200	Train Loss: 0.0217	Val Accuracy: 2.62
Training Epoch: 131/200	Train Loss: 0.0362	Val Accuracy: 2.62
Training Epoch: 132/200	Train Loss: 0.069	Val Accuracy: 2.7
Training Epoch: 133/200	Train Loss: 0.0438	Val Accuracy: 2.7
Training Epoch: 134/200	Train Loss: 0.0283	Val Accuracy: 2.66
Training Epoch: 135/200	Train Loss: 0.02	Val Accuracy: 2.66
Training Epoch: 136/200	Train Loss: 0.0516	Val Accuracy: 2.52
Training Epoch: 137/200	Train Loss: 0.0784	Val Accuracy: 2.52
Training Epoch: 138/200	Train Loss: 0.0149	Val Accuracy: 2.52
Training Epoch: 139/200	Train Loss: 0.0499	Val Accuracy: 2.52
Training Epoch: 140/200	Train Loss: 0.0251	Val Accuracy: 2.44
Training Epoch: 141/200	Train Loss: 0.0215	Val Accuracy: 2.44
Training Epoch: 142/200	Train Loss: 0.0974	Val Accuracy: 2.44
Training Epoch: 143/200	Train Loss: 0.0299	Val Accuracy: 2.44
Training Epoch: 144/200	Train Loss: 0.0808	Val Accuracy: 2.72
Training Epoch: 145/200	Train Loss: 0.0276	Val Accuracy: 2.72
Training Epoch: 146/200	Train Loss: 0.07	Val Accuracy: 2.92
Training Epoch: 147/200	Train Loss: 0.0891	Val Accuracy: 2.92
Training Epoch: 148/200	Train Loss: 0.0629	Val Accuracy: 2.78
Training Epoch: 149/200	Train Loss: 0.1035	Val Accuracy: 2.78
Training Epoch: 150/200	Train Loss: 0.0615	Val Accuracy: 2.68
Training Epoch: 151/200	Train Loss: 0.1048	Val Accuracy: 2.68
Training Epoch: 152/200	Train Loss: 0.026	Val Accuracy: 2.84
Training Epoch: 153/200	Train Loss: 0.0724	Val Accuracy: 2.84
Training Epoch: 154/200	Train Loss: 0.0897	Val Accuracy: 2.66
Training Epoch: 155/200	Train Loss: 0.0369	Val Accuracy: 2.66
Training Epoch: 156/200	Train Loss: 0.0571	Val Accuracy: 2.66
Training Epoch: 157/200	Train Loss: 0.0855	Val Accuracy: 2.66
Training Epoch: 158/200	Train Loss: 0.0473	Val Accuracy: 2.16
Training Epoch: 159/200	Train Loss: 0.0511	Val Accuracy: 2.16
Training Epoch: 160/200	Train Loss: 0.0616	Val Accuracy: 2.26
Training Epoch: 161/200	Train Loss: 0.127	Val Accuracy: 2.26
Training Epoch: 162/200	Train Loss: 0.0503	Val Accuracy: 2.32
Training Epoch: 163/200	Train Loss: 0.0478	Val Accuracy: 2.32
Training Epoch: 164/200	Train Loss: 0.0775	Val Accuracy: 2.5
Training Epoch: 165/200	Train Loss: 0.0672	Val Accuracy: 2.5
Training Epoch: 166/200	Train Loss: 0.1173	Val Accuracy: 2.42
Training Epoch: 167/200	Train Loss: 0.0565	Val Accuracy: 2.42
Training Epoch: 168/200	Train Loss: 0.0601	Val Accuracy: 2.54
Training Epoch: 169/200	Train Loss: 0.0902	Val Accuracy: 2.54
Training Epoch: 170/200	Train Loss: 0.0312	Val Accuracy: 2.92
Training Epoch: 171/200	Train Loss: 0.0538	Val Accuracy: 2.92
Training Epoch: 172/200	Train Loss: 0.0479	Val Accuracy: 2.66
Training Epoch: 173/200	Train Loss: 0.0593	Val Accuracy: 2.66
Training Epoch: 174/200	Train Loss: 0.1015	Val Accuracy: 2.42
Training Epoch: 175/200	Train Loss: 0.0706	Val Accuracy: 2.42
Training Epoch: 176/200	Train Loss: 0.066	Val Accuracy: 2.44
Training Epoch: 177/200	Train Loss: 0.0874	Val Accuracy: 2.44
Training Epoch: 178/200	Train Loss: 0.0596	Val Accuracy: 2.76
Training Epoch: 179/200	Train Loss: 0.0505	Val Accuracy: 2.76
Training Epoch: 180/200	Train Loss: 0.0531	Val Accuracy: 2.96
Training Epoch: 181/200	Train Loss: 0.042	Val Accuracy: 2.96
Training Epoch: 182/200	Train Loss: 0.0603	Val Accuracy: 2.84
Training Epoch: 183/200	Train Loss: 0.0372	Val Accuracy: 2.84
Training Epoch: 184/200	Train Loss: 0.024	Val Accuracy: 3.0
Training Epoch: 185/200	Train Loss: 0.0486	Val Accuracy: 3.0
Training Epoch: 186/200	Train Loss: 0.0275	Val Accuracy: 2.88
Training Epoch: 187/200	Train Loss: 0.0281	Val Accuracy: 2.88
Training Epoch: 188/200	Train Loss: 0.0406	Val Accuracy: 2.6
Training Epoch: 189/200	Train Loss: 0.0634	Val Accuracy: 2.6
Training Epoch: 190/200	Train Loss: 0.0218	Val Accuracy: 2.66
Training Epoch: 191/200	Train Loss: 0.0226	Val Accuracy: 2.66
Training Epoch: 192/200	Train Loss: 0.0903	Val Accuracy: 2.66
Training Epoch: 193/200	Train Loss: 0.0722	Val Accuracy: 2.66
Training Epoch: 194/200	Train Loss: 0.0481	Val Accuracy: 2.52
Training Epoch: 195/200	Train Loss: 0.0389	Val Accuracy: 2.52
Training Epoch: 196/200	Train Loss: 0.0381	Val Accuracy: 2.34
Training Epoch: 197/200	Train Loss: 0.0322	Val Accuracy: 2.34
Training Epoch: 198/200	Train Loss: 0.0348	Val Accuracy: 2.64
Training Epoch: 199/200	Train Loss: 0.0278	Val Accuracy: 2.64
Training Epoch: 200/200	Train Loss: 0.0288	Val Accuracy: 2.72

Wrote Best Model Checkpoint to: vlBest_acc_3_model_epoch_0078.pyth

Best Validation Accuracy: 3.02
Best Epoch: 78

======== TESTING ========

Test Accuracy: 2.72.

======== ACTIVE SAMPLING ========

ProbCover adaptive delta: base=0.6000, effective=0.5100, scale=0.85, phase=post_label_shrink, labeled_count=200
Coverage selection metadata: active=False (mode=adaptive_distance_cv_cover, variant=unknown, delta=0.5100, phase=adaptive_signal, bald_mean=0.0000, bald_max=0.0000, variance_mean=0.0000, variance_max=0.0000, dropout_iters=0, cover_anchors=0, diversity_lambda=0.00, selected_id_mean=0.0000, selected_signal_mean=0.0887, selected_radius_mean=0.9484, k_id=50, k_knn=50, alpha=1.00)
Active Sampling Complete. After Episode 3:
New Labeled Set: 250, New Unlabeled Set: 94750, Active Set: 50

================================


Current accuracy values:  [1.3100000000000023, 2.1700000000000017, 2.5999999999999943, 2.719999999999999]
======== EPISODE 4 BEGINS ========

======== TRAINING ========
Training Epoch: 1/200	Train Loss: 2.4522	Val Accuracy: 0.0
Training Epoch: 2/200	Train Loss: 1.7446	Val Accuracy: 1.88
Training Epoch: 3/200	Train Loss: 1.0809	Val Accuracy: 1.88
Training Epoch: 4/200	Train Loss: 1.5555	Val Accuracy: 1.98
Training Epoch: 5/200	Train Loss: 0.9715	Val Accuracy: 1.98
Training Epoch: 6/200	Train Loss: 0.9778	Val Accuracy: 2.24
Training Epoch: 7/200	Train Loss: 0.7577	Val Accuracy: 2.24
Training Epoch: 8/200	Train Loss: 0.9283	Val Accuracy: 2.46
Training Epoch: 9/200	Train Loss: 0.7331	Val Accuracy: 2.46
Training Epoch: 10/200	Train Loss: 0.6199	Val Accuracy: 2.2
Training Epoch: 11/200	Train Loss: 0.6748	Val Accuracy: 2.2
Training Epoch: 12/200	Train Loss: 0.5078	Val Accuracy: 2.74
Training Epoch: 13/200	Train Loss: 0.5071	Val Accuracy: 2.74
Training Epoch: 14/200	Train Loss: 0.2913	Val Accuracy: 2.76
Training Epoch: 15/200	Train Loss: 0.3792	Val Accuracy: 2.76
Training Epoch: 16/200	Train Loss: 0.4616	Val Accuracy: 2.64
Training Epoch: 17/200	Train Loss: 0.2541	Val Accuracy: 2.64
Training Epoch: 18/200	Train Loss: 0.2592	Val Accuracy: 2.42
Training Epoch: 19/200	Train Loss: 0.2716	Val Accuracy: 2.42
Training Epoch: 20/200	Train Loss: 0.2767	Val Accuracy: 2.52
Training Epoch: 21/200	Train Loss: 0.1466	Val Accuracy: 2.52
Training Epoch: 22/200	Train Loss: 0.2429	Val Accuracy: 2.76
Training Epoch: 23/200	Train Loss: 0.1455	Val Accuracy: 2.76
Training Epoch: 24/200	Train Loss: 0.1781	Val Accuracy: 2.9
Training Epoch: 25/200	Train Loss: 0.1216	Val Accuracy: 2.9
Training Epoch: 26/200	Train Loss: 0.1885	Val Accuracy: 2.96
Training Epoch: 27/200	Train Loss: 0.1144	Val Accuracy: 2.96
Training Epoch: 28/200	Train Loss: 0.1254	Val Accuracy: 3.44
Training Epoch: 29/200	Train Loss: 0.1567	Val Accuracy: 3.44
Training Epoch: 30/200	Train Loss: 0.073	Val Accuracy: 3.0
Training Epoch: 31/200	Train Loss: 0.2006	Val Accuracy: 3.0
Training Epoch: 32/200	Train Loss: 0.112	Val Accuracy: 2.88
Training Epoch: 33/200	Train Loss: 0.1694	Val Accuracy: 2.88
Training Epoch: 34/200	Train Loss: 0.0936	Val Accuracy: 2.52
Training Epoch: 35/200	Train Loss: 0.1048	Val Accuracy: 2.52
Training Epoch: 36/200	Train Loss: 0.082	Val Accuracy: 2.48
Training Epoch: 37/200	Train Loss: 0.173	Val Accuracy: 2.48
Training Epoch: 38/200	Train Loss: 0.0852	Val Accuracy: 2.96
Training Epoch: 39/200	Train Loss: 0.1068	Val Accuracy: 2.96
Training Epoch: 40/200	Train Loss: 0.0407	Val Accuracy: 3.08
Training Epoch: 41/200	Train Loss: 0.0785	Val Accuracy: 3.08
Training Epoch: 42/200	Train Loss: 0.1099	Val Accuracy: 2.86
Training Epoch: 43/200	Train Loss: 0.1051	Val Accuracy: 2.86
Training Epoch: 44/200	Train Loss: 0.1012	Val Accuracy: 2.68
Training Epoch: 45/200	Train Loss: 0.0725	Val Accuracy: 2.68
Training Epoch: 46/200	Train Loss: 0.0545	Val Accuracy: 2.72
Training Epoch: 47/200	Train Loss: 0.0713	Val Accuracy: 2.72
Training Epoch: 48/200	Train Loss: 0.0548	Val Accuracy: 2.7
Training Epoch: 49/200	Train Loss: 0.0617	Val Accuracy: 2.7
Training Epoch: 50/200	Train Loss: 0.0396	Val Accuracy: 3.06
Training Epoch: 51/200	Train Loss: 0.0627	Val Accuracy: 3.06
Training Epoch: 52/200	Train Loss: 0.0419	Val Accuracy: 2.82
Training Epoch: 53/200	Train Loss: 0.0319	Val Accuracy: 2.82
Training Epoch: 54/200	Train Loss: 0.0562	Val Accuracy: 3.06
Training Epoch: 55/200	Train Loss: 0.063	Val Accuracy: 3.06
Training Epoch: 56/200	Train Loss: 0.0715	Val Accuracy: 2.88
Training Epoch: 57/200	Train Loss: 0.0335	Val Accuracy: 2.88
Training Epoch: 58/200	Train Loss: 0.0279	Val Accuracy: 2.74
Training Epoch: 59/200	Train Loss: 0.0461	Val Accuracy: 2.74
Training Epoch: 60/200	Train Loss: 0.0223	Val Accuracy: 2.7
Training Epoch: 61/200	Train Loss: 0.0542	Val Accuracy: 2.7
Training Epoch: 62/200	Train Loss: 0.0536	Val Accuracy: 2.96
Training Epoch: 63/200	Train Loss: 0.0606	Val Accuracy: 2.96
Training Epoch: 64/200	Train Loss: 0.0348	Val Accuracy: 3.04
Training Epoch: 65/200	Train Loss: 0.0842	Val Accuracy: 3.04
Training Epoch: 66/200	Train Loss: 0.0233	Val Accuracy: 2.84
Training Epoch: 67/200	Train Loss: 0.0493	Val Accuracy: 2.84
Training Epoch: 68/200	Train Loss: 0.0439	Val Accuracy: 2.92
Training Epoch: 69/200	Train Loss: 0.0532	Val Accuracy: 2.92
Training Epoch: 70/200	Train Loss: 0.0436	Val Accuracy: 3.02
Training Epoch: 71/200	Train Loss: 0.0566	Val Accuracy: 3.02
Training Epoch: 72/200	Train Loss: 0.1013	Val Accuracy: 2.78
Training Epoch: 73/200	Train Loss: 0.0476	Val Accuracy: 2.78
Training Epoch: 74/200	Train Loss: 0.0704	Val Accuracy: 2.86
Training Epoch: 75/200	Train Loss: 0.0612	Val Accuracy: 2.86
Training Epoch: 76/200	Train Loss: 0.1131	Val Accuracy: 2.84
Training Epoch: 77/200	Train Loss: 0.0693	Val Accuracy: 2.84
Training Epoch: 78/200	Train Loss: 0.0275	Val Accuracy: 3.2
Training Epoch: 79/200	Train Loss: 0.0588	Val Accuracy: 3.2
Training Epoch: 80/200	Train Loss: 0.0281	Val Accuracy: 2.96
Training Epoch: 81/200	Train Loss: 0.0884	Val Accuracy: 2.96
Training Epoch: 82/200	Train Loss: 0.097	Val Accuracy: 2.96
Training Epoch: 83/200	Train Loss: 0.0775	Val Accuracy: 2.96
Training Epoch: 84/200	Train Loss: 0.0844	Val Accuracy: 2.7
Training Epoch: 85/200	Train Loss: 0.0425	Val Accuracy: 2.7
Training Epoch: 86/200	Train Loss: 0.0445	Val Accuracy: 2.82
Training Epoch: 87/200	Train Loss: 0.1006	Val Accuracy: 2.82
Training Epoch: 88/200	Train Loss: 0.0588	Val Accuracy: 2.8
Training Epoch: 89/200	Train Loss: 0.0539	Val Accuracy: 2.8
Training Epoch: 90/200	Train Loss: 0.0315	Val Accuracy: 3.14
Training Epoch: 91/200	Train Loss: 0.1547	Val Accuracy: 3.14
Training Epoch: 92/200	Train Loss: 0.0308	Val Accuracy: 3.02
Training Epoch: 93/200	Train Loss: 0.07	Val Accuracy: 3.02
Training Epoch: 94/200	Train Loss: 0.1163	Val Accuracy: 2.96
Training Epoch: 95/200	Train Loss: 0.0353	Val Accuracy: 2.96
Training Epoch: 96/200	Train Loss: 0.1278	Val Accuracy: 2.84
Training Epoch: 97/200	Train Loss: 0.2303	Val Accuracy: 2.84
Training Epoch: 98/200	Train Loss: 0.0727	Val Accuracy: 2.46
Training Epoch: 99/200	Train Loss: 0.057	Val Accuracy: 2.46
Training Epoch: 100/200	Train Loss: 0.0954	Val Accuracy: 3.0
Training Epoch: 101/200	Train Loss: 0.0814	Val Accuracy: 3.0
Training Epoch: 102/200	Train Loss: 0.0521	Val Accuracy: 2.92
Training Epoch: 103/200	Train Loss: 0.1251	Val Accuracy: 2.92
Training Epoch: 104/200	Train Loss: 0.1218	Val Accuracy: 3.04
Training Epoch: 105/200	Train Loss: 0.17	Val Accuracy: 3.04
Training Epoch: 106/200	Train Loss: 0.1165	Val Accuracy: 2.92
Training Epoch: 107/200	Train Loss: 0.0462	Val Accuracy: 2.92
Training Epoch: 108/200	Train Loss: 0.1338	Val Accuracy: 2.68
Training Epoch: 109/200	Train Loss: 0.0613	Val Accuracy: 2.68
Training Epoch: 110/200	Train Loss: 0.0829	Val Accuracy: 2.8
Training Epoch: 111/200	Train Loss: 0.0939	Val Accuracy: 2.8
Training Epoch: 112/200	Train Loss: 0.0518	Val Accuracy: 2.66
Training Epoch: 113/200	Train Loss: 0.1654	Val Accuracy: 2.66
Training Epoch: 114/200	Train Loss: 0.0877	Val Accuracy: 3.06
Training Epoch: 115/200	Train Loss: 0.0468	Val Accuracy: 3.06
Training Epoch: 116/200	Train Loss: 0.1471	Val Accuracy: 2.94
Training Epoch: 117/200	Train Loss: 0.053	Val Accuracy: 2.94
Training Epoch: 118/200	Train Loss: 0.0614	Val Accuracy: 2.62
Training Epoch: 119/200	Train Loss: 0.0592	Val Accuracy: 2.62
Training Epoch: 120/200	Train Loss: 0.1573	Val Accuracy: 2.84
Training Epoch: 121/200	Train Loss: 0.0627	Val Accuracy: 2.84
Training Epoch: 122/200	Train Loss: 0.1091	Val Accuracy: 2.88
Training Epoch: 123/200	Train Loss: 0.0517	Val Accuracy: 2.88
Training Epoch: 124/200	Train Loss: 0.0307	Val Accuracy: 2.7
Training Epoch: 125/200	Train Loss: 0.0343	Val Accuracy: 2.7
Training Epoch: 126/200	Train Loss: 0.1374	Val Accuracy: 2.9
Training Epoch: 127/200	Train Loss: 0.0424	Val Accuracy: 2.9
Training Epoch: 128/200	Train Loss: 0.1096	Val Accuracy: 2.94
Training Epoch: 129/200	Train Loss: 0.0592	Val Accuracy: 2.94
Training Epoch: 130/200	Train Loss: 0.0507	Val Accuracy: 2.9
Training Epoch: 131/200	Train Loss: 0.0214	Val Accuracy: 2.9
Training Epoch: 132/200	Train Loss: 0.0437	Val Accuracy: 3.18
Training Epoch: 133/200	Train Loss: 0.0476	Val Accuracy: 3.18
Training Epoch: 134/200	Train Loss: 0.0724	Val Accuracy: 3.08
Training Epoch: 135/200	Train Loss: 0.0592	Val Accuracy: 3.08
Training Epoch: 136/200	Train Loss: 0.0503	Val Accuracy: 2.88
Training Epoch: 137/200	Train Loss: 0.148	Val Accuracy: 2.88
Training Epoch: 138/200	Train Loss: 0.0436	Val Accuracy: 2.38
Training Epoch: 139/200	Train Loss: 0.0898	Val Accuracy: 2.38
Training Epoch: 140/200	Train Loss: 0.1652	Val Accuracy: 2.4
Training Epoch: 141/200	Train Loss: 0.0535	Val Accuracy: 2.4
Training Epoch: 142/200	Train Loss: 0.0793	Val Accuracy: 2.72
Training Epoch: 143/200	Train Loss: 0.0811	Val Accuracy: 2.72
Training Epoch: 144/200	Train Loss: 0.0919	Val Accuracy: 3.3
Training Epoch: 145/200	Train Loss: 0.0484	Val Accuracy: 3.3
Training Epoch: 146/200	Train Loss: 0.0376	Val Accuracy: 3.02
Training Epoch: 147/200	Train Loss: 0.0544	Val Accuracy: 3.02
Training Epoch: 148/200	Train Loss: 0.0345	Val Accuracy: 3.22
Training Epoch: 149/200	Train Loss: 0.0209	Val Accuracy: 3.22
Training Epoch: 150/200	Train Loss: 0.0499	Val Accuracy: 3.02
Training Epoch: 151/200	Train Loss: 0.0351	Val Accuracy: 3.02
Training Epoch: 152/200	Train Loss: 0.0491	Val Accuracy: 2.98
Training Epoch: 153/200	Train Loss: 0.1089	Val Accuracy: 2.98
Training Epoch: 154/200	Train Loss: 0.0647	Val Accuracy: 3.36
Training Epoch: 155/200	Train Loss: 0.0374	Val Accuracy: 3.36
Training Epoch: 156/200	Train Loss: 0.0426	Val Accuracy: 3.08
Training Epoch: 157/200	Train Loss: 0.0471	Val Accuracy: 3.08
Training Epoch: 158/200	Train Loss: 0.0227	Val Accuracy: 2.72
Training Epoch: 159/200	Train Loss: 0.0391	Val Accuracy: 2.72
Training Epoch: 160/200	Train Loss: 0.0465	Val Accuracy: 2.62
Training Epoch: 161/200	Train Loss: 0.0402	Val Accuracy: 2.62
Training Epoch: 162/200	Train Loss: 0.0381	Val Accuracy: 2.68
Training Epoch: 163/200	Train Loss: 0.0205	Val Accuracy: 2.68
Training Epoch: 164/200	Train Loss: 0.047	Val Accuracy: 2.94
Training Epoch: 165/200	Train Loss: 0.0729	Val Accuracy: 2.94
Training Epoch: 166/200	Train Loss: 0.0317	Val Accuracy: 2.9
Training Epoch: 167/200	Train Loss: 0.0128	Val Accuracy: 2.9
Training Epoch: 168/200	Train Loss: 0.0481	Val Accuracy: 2.92
Training Epoch: 169/200	Train Loss: 0.0438	Val Accuracy: 2.92
Training Epoch: 170/200	Train Loss: 0.096	Val Accuracy: 2.74
Training Epoch: 171/200	Train Loss: 0.0132	Val Accuracy: 2.74
Training Epoch: 172/200	Train Loss: 0.0207	Val Accuracy: 2.96
Training Epoch: 173/200	Train Loss: 0.0826	Val Accuracy: 2.96
Training Epoch: 174/200	Train Loss: 0.0221	Val Accuracy: 3.02
Training Epoch: 175/200	Train Loss: 0.0445	Val Accuracy: 3.02
Training Epoch: 176/200	Train Loss: 0.0427	Val Accuracy: 2.92
Training Epoch: 177/200	Train Loss: 0.151	Val Accuracy: 2.92
Training Epoch: 178/200	Train Loss: 0.0622	Val Accuracy: 2.72
Training Epoch: 179/200	Train Loss: 0.048	Val Accuracy: 2.72
Training Epoch: 180/200	Train Loss: 0.0586	Val Accuracy: 2.66
Training Epoch: 181/200	Train Loss: 0.0482	Val Accuracy: 2.66
Training Epoch: 182/200	Train Loss: 0.0627	Val Accuracy: 2.82
Training Epoch: 183/200	Train Loss: 0.0512	Val Accuracy: 2.82
Training Epoch: 184/200	Train Loss: 0.0483	Val Accuracy: 2.6
Training Epoch: 185/200	Train Loss: 0.0284	Val Accuracy: 2.6
Training Epoch: 186/200	Train Loss: 0.0325	Val Accuracy: 2.88
Training Epoch: 187/200	Train Loss: 0.0534	Val Accuracy: 2.88
Training Epoch: 188/200	Train Loss: 0.0374	Val Accuracy: 3.1
Training Epoch: 189/200	Train Loss: 0.0531	Val Accuracy: 3.1
Training Epoch: 190/200	Train Loss: 0.0306	Val Accuracy: 3.24
Training Epoch: 191/200	Train Loss: 0.0381	Val Accuracy: 3.24
Training Epoch: 192/200	Train Loss: 0.0215	Val Accuracy: 2.9
Training Epoch: 193/200	Train Loss: 0.0459	Val Accuracy: 2.9
Training Epoch: 194/200	Train Loss: 0.0466	Val Accuracy: 3.16
Training Epoch: 195/200	Train Loss: 0.088	Val Accuracy: 3.16
Training Epoch: 196/200	Train Loss: 0.029	Val Accuracy: 3.22
Training Epoch: 197/200	Train Loss: 0.0611	Val Accuracy: 3.22
Training Epoch: 198/200	Train Loss: 0.0247	Val Accuracy: 3.08
Training Epoch: 199/200	Train Loss: 0.0502	Val Accuracy: 3.08
Training Epoch: 200/200	Train Loss: 0.0929	Val Accuracy: 3.52

Wrote Best Model Checkpoint to: vlBest_acc_3_model_epoch_0200.pyth

Best Validation Accuracy: 3.52
Best Epoch: 200

======== TESTING ========

Test Accuracy: 2.88.

======== ACTIVE SAMPLING ========

ProbCover adaptive delta: base=0.6000, effective=0.5100, scale=0.85, phase=post_label_shrink, labeled_count=250
Coverage selection metadata: active=False (mode=adaptive_distance_cv_cover, variant=unknown, delta=0.5100, phase=adaptive_signal, bald_mean=0.0000, bald_max=0.0000, variance_mean=0.0000, variance_max=0.0000, dropout_iters=0, cover_anchors=0, diversity_lambda=0.00, selected_id_mean=0.0000, selected_signal_mean=0.0794, selected_radius_mean=0.8488, k_id=50, k_knn=50, alpha=1.00)
Active Sampling Complete. After Episode 4:
New Labeled Set: 300, New Unlabeled Set: 94700, Active Set: 50

================================


Current accuracy values:  [1.3100000000000023, 2.1700000000000017, 2.5999999999999943, 2.719999999999999, 2.8799999999999955]
======== EPISODE 5 BEGINS ========

======== TRAINING ========
Training Epoch: 1/200	Train Loss: 1.6091	Val Accuracy: 0.0
Training Epoch: 2/200	Train Loss: 1.4933	Val Accuracy: 2.58
Training Epoch: 3/200	Train Loss: 1.1204	Val Accuracy: 2.58
Training Epoch: 4/200	Train Loss: 0.9298	Val Accuracy: 2.46
Training Epoch: 5/200	Train Loss: 0.7608	Val Accuracy: 2.46
Training Epoch: 6/200	Train Loss: 0.8891	Val Accuracy: 2.54
Training Epoch: 7/200	Train Loss: 0.415	Val Accuracy: 2.54
Training Epoch: 8/200	Train Loss: 0.3067	Val Accuracy: 2.94
Training Epoch: 9/200	Train Loss: 0.3932	Val Accuracy: 2.94
Training Epoch: 10/200	Train Loss: 0.4607	Val Accuracy: 2.92
Training Epoch: 11/200	Train Loss: 0.2659	Val Accuracy: 2.92
Training Epoch: 12/200	Train Loss: 0.2852	Val Accuracy: 3.14
Training Epoch: 13/200	Train Loss: 0.1729	Val Accuracy: 3.14
Training Epoch: 14/200	Train Loss: 0.2252	Val Accuracy: 3.24
Training Epoch: 15/200	Train Loss: 0.1289	Val Accuracy: 3.24
Training Epoch: 16/200	Train Loss: 0.2324	Val Accuracy: 3.16
Training Epoch: 17/200	Train Loss: 0.1525	Val Accuracy: 3.16
Training Epoch: 18/200	Train Loss: 0.1712	Val Accuracy: 3.54
Training Epoch: 19/200	Train Loss: 0.1426	Val Accuracy: 3.54
Training Epoch: 20/200	Train Loss: 0.1442	Val Accuracy: 2.94
Training Epoch: 21/200	Train Loss: 0.1397	Val Accuracy: 2.94
Training Epoch: 22/200	Train Loss: 0.1395	Val Accuracy: 3.0
Training Epoch: 23/200	Train Loss: 0.158	Val Accuracy: 3.0
Training Epoch: 24/200	Train Loss: 0.1525	Val Accuracy: 3.32
Training Epoch: 25/200	Train Loss: 0.165	Val Accuracy: 3.32
Training Epoch: 26/200	Train Loss: 0.1203	Val Accuracy: 3.3
Training Epoch: 27/200	Train Loss: 0.1047	Val Accuracy: 3.3
Training Epoch: 28/200	Train Loss: 0.066	Val Accuracy: 3.2
Training Epoch: 29/200	Train Loss: 0.1326	Val Accuracy: 3.2
Training Epoch: 30/200	Train Loss: 0.0685	Val Accuracy: 3.16
Training Epoch: 31/200	Train Loss: 0.0476	Val Accuracy: 3.16
Training Epoch: 32/200	Train Loss: 0.0969	Val Accuracy: 2.8
Training Epoch: 33/200	Train Loss: 0.1712	Val Accuracy: 2.8
Training Epoch: 34/200	Train Loss: 0.0966	Val Accuracy: 3.68
Training Epoch: 35/200	Train Loss: 0.0671	Val Accuracy: 3.68
Training Epoch: 36/200	Train Loss: 0.1889	Val Accuracy: 3.2
Training Epoch: 37/200	Train Loss: 0.0849	Val Accuracy: 3.2
Training Epoch: 38/200	Train Loss: 0.0671	Val Accuracy: 3.24
Training Epoch: 39/200	Train Loss: 0.0598	Val Accuracy: 3.24
Training Epoch: 40/200	Train Loss: 0.0581	Val Accuracy: 3.5
Training Epoch: 41/200	Train Loss: 0.0839	Val Accuracy: 3.5
Training Epoch: 42/200	Train Loss: 0.103	Val Accuracy: 3.48
Training Epoch: 43/200	Train Loss: 0.0266	Val Accuracy: 3.48
Training Epoch: 44/200	Train Loss: 0.0465	Val Accuracy: 3.54
Training Epoch: 45/200	Train Loss: 0.0708	Val Accuracy: 3.54
Training Epoch: 46/200	Train Loss: 0.0455	Val Accuracy: 3.0
Training Epoch: 47/200	Train Loss: 0.0713	Val Accuracy: 3.0
Training Epoch: 48/200	Train Loss: 0.069	Val Accuracy: 3.18
Training Epoch: 49/200	Train Loss: 0.197	Val Accuracy: 3.18
Training Epoch: 50/200	Train Loss: 0.0337	Val Accuracy: 3.1
Training Epoch: 51/200	Train Loss: 0.067	Val Accuracy: 3.1
Training Epoch: 52/200	Train Loss: 0.0326	Val Accuracy: 3.54
Training Epoch: 53/200	Train Loss: 0.0577	Val Accuracy: 3.54
Training Epoch: 54/200	Train Loss: 0.0338	Val Accuracy: 3.54
Training Epoch: 55/200	Train Loss: 0.06	Val Accuracy: 3.54
Training Epoch: 56/200	Train Loss: 0.0357	Val Accuracy: 3.34
Training Epoch: 57/200	Train Loss: 0.0555	Val Accuracy: 3.34
Training Epoch: 58/200	Train Loss: 0.0719	Val Accuracy: 3.16
Training Epoch: 59/200	Train Loss: 0.0461	Val Accuracy: 3.16
Training Epoch: 60/200	Train Loss: 0.0343	Val Accuracy: 3.34
Training Epoch: 61/200	Train Loss: 0.0585	Val Accuracy: 3.34
Training Epoch: 62/200	Train Loss: 0.0201	Val Accuracy: 3.5
Training Epoch: 63/200	Train Loss: 0.0948	Val Accuracy: 3.5
Training Epoch: 64/200	Train Loss: 0.042	Val Accuracy: 3.5
Training Epoch: 65/200	Train Loss: 0.0429	Val Accuracy: 3.5
Training Epoch: 66/200	Train Loss: 0.0852	Val Accuracy: 3.34
Training Epoch: 67/200	Train Loss: 0.0515	Val Accuracy: 3.34
Training Epoch: 68/200	Train Loss: 0.0301	Val Accuracy: 3.42
Training Epoch: 69/200	Train Loss: 0.0259	Val Accuracy: 3.42
Training Epoch: 70/200	Train Loss: 0.0329	Val Accuracy: 3.62
Training Epoch: 71/200	Train Loss: 0.0417	Val Accuracy: 3.62
Training Epoch: 72/200	Train Loss: 0.0366	Val Accuracy: 3.34
Training Epoch: 73/200	Train Loss: 0.0309	Val Accuracy: 3.34
Training Epoch: 74/200	Train Loss: 0.044	Val Accuracy: 3.04
Training Epoch: 75/200	Train Loss: 0.0392	Val Accuracy: 3.04
Training Epoch: 76/200	Train Loss: 0.0871	Val Accuracy: 3.32
Training Epoch: 77/200	Train Loss: 0.0312	Val Accuracy: 3.32
Training Epoch: 78/200	Train Loss: 0.0516	Val Accuracy: 3.2
Training Epoch: 79/200	Train Loss: 0.0605	Val Accuracy: 3.2
Training Epoch: 80/200	Train Loss: 0.0283	Val Accuracy: 2.98
Training Epoch: 81/200	Train Loss: 0.0396	Val Accuracy: 2.98
Training Epoch: 82/200	Train Loss: 0.0353	Val Accuracy: 3.08
Training Epoch: 83/200	Train Loss: 0.0572	Val Accuracy: 3.08
Training Epoch: 84/200	Train Loss: 0.024	Val Accuracy: 3.52
Training Epoch: 85/200	Train Loss: 0.0725	Val Accuracy: 3.52
Training Epoch: 86/200	Train Loss: 0.0179	Val Accuracy: 3.58
Training Epoch: 87/200	Train Loss: 0.0985	Val Accuracy: 3.58
Training Epoch: 88/200	Train Loss: 0.0518	Val Accuracy: 2.98
Training Epoch: 89/200	Train Loss: 0.0749	Val Accuracy: 2.98
Training Epoch: 90/200	Train Loss: 0.1041	Val Accuracy: 3.26
Training Epoch: 91/200	Train Loss: 0.0837	Val Accuracy: 3.26
Training Epoch: 92/200	Train Loss: 0.0411	Val Accuracy: 3.3
Training Epoch: 93/200	Train Loss: 0.0611	Val Accuracy: 3.3
Training Epoch: 94/200	Train Loss: 0.1278	Val Accuracy: 3.48
Training Epoch: 95/200	Train Loss: 0.1622	Val Accuracy: 3.48
Training Epoch: 96/200	Train Loss: 0.0686	Val Accuracy: 3.26
Training Epoch: 97/200	Train Loss: 0.1	Val Accuracy: 3.26
Training Epoch: 98/200	Train Loss: 0.1247	Val Accuracy: 3.16
Training Epoch: 99/200	Train Loss: 0.161	Val Accuracy: 3.16
Training Epoch: 100/200	Train Loss: 0.1344	Val Accuracy: 3.42
Training Epoch: 101/200	Train Loss: 0.0554	Val Accuracy: 3.42
Training Epoch: 102/200	Train Loss: 0.1538	Val Accuracy: 3.0
Training Epoch: 103/200	Train Loss: 0.1382	Val Accuracy: 3.0
Training Epoch: 104/200	Train Loss: 0.0566	Val Accuracy: 3.62
Training Epoch: 105/200	Train Loss: 0.0366	Val Accuracy: 3.62
Training Epoch: 106/200	Train Loss: 0.061	Val Accuracy: 3.44
Training Epoch: 107/200	Train Loss: 0.0454	Val Accuracy: 3.44
Training Epoch: 108/200	Train Loss: 0.1106	Val Accuracy: 3.3
Training Epoch: 109/200	Train Loss: 0.1003	Val Accuracy: 3.3
Training Epoch: 110/200	Train Loss: 0.1067	Val Accuracy: 3.48
Training Epoch: 111/200	Train Loss: 0.1168	Val Accuracy: 3.48
Training Epoch: 112/200	Train Loss: 0.0766	Val Accuracy: 3.32
Training Epoch: 113/200	Train Loss: 0.0963	Val Accuracy: 3.32
Training Epoch: 114/200	Train Loss: 0.09	Val Accuracy: 2.96
Training Epoch: 115/200	Train Loss: 0.1907	Val Accuracy: 2.96
Training Epoch: 116/200	Train Loss: 0.0725	Val Accuracy: 3.04
Training Epoch: 117/200	Train Loss: 0.1434	Val Accuracy: 3.04
Training Epoch: 118/200	Train Loss: 0.0492	Val Accuracy: 3.02
Training Epoch: 119/200	Train Loss: 0.1289	Val Accuracy: 3.02
Training Epoch: 120/200	Train Loss: 0.1192	Val Accuracy: 3.62
Training Epoch: 121/200	Train Loss: 0.1661	Val Accuracy: 3.62
Training Epoch: 122/200	Train Loss: 0.1702	Val Accuracy: 3.24
Training Epoch: 123/200	Train Loss: 0.2344	Val Accuracy: 3.24
Training Epoch: 124/200	Train Loss: 0.0992	Val Accuracy: 3.74
Training Epoch: 125/200	Train Loss: 0.123	Val Accuracy: 3.74
Training Epoch: 126/200	Train Loss: 0.0907	Val Accuracy: 3.42
Training Epoch: 127/200	Train Loss: 0.1647	Val Accuracy: 3.42
Training Epoch: 128/200	Train Loss: 0.0591	Val Accuracy: 3.66
Training Epoch: 129/200	Train Loss: 0.0679	Val Accuracy: 3.66
Training Epoch: 130/200	Train Loss: 0.0672	Val Accuracy: 3.74
Training Epoch: 131/200	Train Loss: 0.0626	Val Accuracy: 3.74
Training Epoch: 132/200	Train Loss: 0.0351	Val Accuracy: 3.68
Training Epoch: 133/200	Train Loss: 0.0432	Val Accuracy: 3.68
Training Epoch: 134/200	Train Loss: 0.028	Val Accuracy: 3.58
Training Epoch: 135/200	Train Loss: 0.0289	Val Accuracy: 3.58
Training Epoch: 136/200	Train Loss: 0.0645	Val Accuracy: 3.6
Training Epoch: 137/200	Train Loss: 0.0328	Val Accuracy: 3.6
Training Epoch: 138/200	Train Loss: 0.0178	Val Accuracy: 3.46
Training Epoch: 139/200	Train Loss: 0.0858	Val Accuracy: 3.46
Training Epoch: 140/200	Train Loss: 0.0417	Val Accuracy: 3.5
Training Epoch: 141/200	Train Loss: 0.0634	Val Accuracy: 3.5
Training Epoch: 142/200	Train Loss: 0.0419	Val Accuracy: 3.58
Training Epoch: 143/200	Train Loss: 0.0152	Val Accuracy: 3.58
Training Epoch: 144/200	Train Loss: 0.0166	Val Accuracy: 3.46
Training Epoch: 145/200	Train Loss: 0.0253	Val Accuracy: 3.46
Training Epoch: 146/200	Train Loss: 0.0591	Val Accuracy: 3.04
Training Epoch: 147/200	Train Loss: 0.0379	Val Accuracy: 3.04
Training Epoch: 148/200	Train Loss: 0.0546	Val Accuracy: 3.26
Training Epoch: 149/200	Train Loss: 0.013	Val Accuracy: 3.26
Training Epoch: 150/200	Train Loss: 0.0759	Val Accuracy: 3.26
Training Epoch: 151/200	Train Loss: 0.0141	Val Accuracy: 3.26
Training Epoch: 152/200	Train Loss: 0.0803	Val Accuracy: 3.14
Training Epoch: 153/200	Train Loss: 0.0331	Val Accuracy: 3.14
Training Epoch: 154/200	Train Loss: 0.0478	Val Accuracy: 3.4
Training Epoch: 155/200	Train Loss: 0.0948	Val Accuracy: 3.4
Training Epoch: 156/200	Train Loss: 0.119	Val Accuracy: 3.32
Training Epoch: 157/200	Train Loss: 0.1298	Val Accuracy: 3.32
Training Epoch: 158/200	Train Loss: 0.1137	Val Accuracy: 3.06
Training Epoch: 159/200	Train Loss: 0.1352	Val Accuracy: 3.06
Training Epoch: 160/200	Train Loss: 0.0618	Val Accuracy: 3.58
Training Epoch: 161/200	Train Loss: 0.0394	Val Accuracy: 3.58
Training Epoch: 162/200	Train Loss: 0.1671	Val Accuracy: 3.42
Training Epoch: 163/200	Train Loss: 0.0615	Val Accuracy: 3.42
Training Epoch: 164/200	Train Loss: 0.1241	Val Accuracy: 3.3
Training Epoch: 165/200	Train Loss: 0.1789	Val Accuracy: 3.3
Training Epoch: 166/200	Train Loss: 0.0676	Val Accuracy: 3.16
Training Epoch: 167/200	Train Loss: 0.1552	Val Accuracy: 3.16
Training Epoch: 168/200	Train Loss: 0.1745	Val Accuracy: 3.12
Training Epoch: 169/200	Train Loss: 0.113	Val Accuracy: 3.12
Training Epoch: 170/200	Train Loss: 0.2693	Val Accuracy: 3.18
Training Epoch: 171/200	Train Loss: 0.1997	Val Accuracy: 3.18
Training Epoch: 172/200	Train Loss: 0.2513	Val Accuracy: 2.7
Training Epoch: 173/200	Train Loss: 0.4344	Val Accuracy: 2.7
Training Epoch: 174/200	Train Loss: 0.2193	Val Accuracy: 2.94
Training Epoch: 175/200	Train Loss: 0.149	Val Accuracy: 2.94
Training Epoch: 176/200	Train Loss: 0.1828	Val Accuracy: 3.28
Training Epoch: 177/200	Train Loss: 0.1247	Val Accuracy: 3.28
Training Epoch: 178/200	Train Loss: 0.1328	Val Accuracy: 3.02
Training Epoch: 179/200	Train Loss: 0.1526	Val Accuracy: 3.02
Training Epoch: 180/200	Train Loss: 0.1469	Val Accuracy: 3.56
Training Epoch: 181/200	Train Loss: 0.1049	Val Accuracy: 3.56
Training Epoch: 182/200	Train Loss: 0.1186	Val Accuracy: 3.3
Training Epoch: 183/200	Train Loss: 0.1184	Val Accuracy: 3.3
Training Epoch: 184/200	Train Loss: 0.0406	Val Accuracy: 3.5
Training Epoch: 185/200	Train Loss: 0.0644	Val Accuracy: 3.5
Training Epoch: 186/200	Train Loss: 0.0516	Val Accuracy: 3.42
Training Epoch: 187/200	Train Loss: 0.0576	Val Accuracy: 3.42
Training Epoch: 188/200	Train Loss: 0.1552	Val Accuracy: 3.1
Training Epoch: 189/200	Train Loss: 0.092	Val Accuracy: 3.1
Training Epoch: 190/200	Train Loss: 0.097	Val Accuracy: 3.04
Training Epoch: 191/200	Train Loss: 0.1018	Val Accuracy: 3.04
Training Epoch: 192/200	Train Loss: 0.0769	Val Accuracy: 3.12
Training Epoch: 193/200	Train Loss: 0.056	Val Accuracy: 3.12
Training Epoch: 194/200	Train Loss: 0.045	Val Accuracy: 3.54
Training Epoch: 195/200	Train Loss: 0.0304	Val Accuracy: 3.54
Training Epoch: 196/200	Train Loss: 0.0293	Val Accuracy: 3.3
Training Epoch: 197/200	Train Loss: 0.017	Val Accuracy: 3.3
Training Epoch: 198/200	Train Loss: 0.0443	Val Accuracy: 3.28
Training Epoch: 199/200	Train Loss: 0.0614	Val Accuracy: 3.28
Training Epoch: 200/200	Train Loss: 0.0491	Val Accuracy: 3.5

Wrote Best Model Checkpoint to: vlBest_acc_3_model_epoch_0124.pyth

Best Validation Accuracy: 3.74
Best Epoch: 124

======== TESTING ========

Test Accuracy: 4.23.

======== ACTIVE SAMPLING ========

ProbCover adaptive delta: base=0.6000, effective=0.5100, scale=0.85, phase=post_label_shrink, labeled_count=300
Coverage selection metadata: active=False (mode=adaptive_distance_cv_cover, variant=unknown, delta=0.5100, phase=adaptive_signal, bald_mean=0.0000, bald_max=0.0000, variance_mean=0.0000, variance_max=0.0000, dropout_iters=0, cover_anchors=0, diversity_lambda=0.00, selected_id_mean=0.0000, selected_signal_mean=0.0823, selected_radius_mean=0.8803, k_id=50, k_knn=50, alpha=1.00)
Active Sampling Complete. After Episode 5:
New Labeled Set: 350, New Unlabeled Set: 94650, Active Set: 50

================================


Current accuracy values:  [1.3100000000000023, 2.1700000000000017, 2.5999999999999943, 2.719999999999999, 2.8799999999999955, 4.230000000000004]
======== EPISODE 6 BEGINS ========

======== TRAINING ========
Training Epoch: 1/200	Train Loss: 1.7432	Val Accuracy: 0.0
Training Epoch: 2/200	Train Loss: 1.1844	Val Accuracy: 2.8
Training Epoch: 3/200	Train Loss: 0.6265	Val Accuracy: 2.8
Training Epoch: 4/200	Train Loss: 0.7367	Val Accuracy: 3.18
Training Epoch: 5/200	Train Loss: 0.5918	Val Accuracy: 3.18
Training Epoch: 6/200	Train Loss: 0.8153	Val Accuracy: 3.04
Training Epoch: 7/200	Train Loss: 0.6904	Val Accuracy: 3.04
Training Epoch: 8/200	Train Loss: 0.5404	Val Accuracy: 3.26
Training Epoch: 9/200	Train Loss: 0.3608	Val Accuracy: 3.26
Training Epoch: 10/200	Train Loss: 0.4873	Val Accuracy: 3.2
Training Epoch: 11/200	Train Loss: 0.3473	Val Accuracy: 3.2
Training Epoch: 12/200	Train Loss: 0.2533	Val Accuracy: 2.98
Training Epoch: 13/200	Train Loss: 0.2772	Val Accuracy: 2.98
Training Epoch: 14/200	Train Loss: 0.2129	Val Accuracy: 3.5
Training Epoch: 15/200	Train Loss: 0.2933	Val Accuracy: 3.5
Training Epoch: 16/200	Train Loss: 0.1719	Val Accuracy: 3.6
Training Epoch: 17/200	Train Loss: 0.1667	Val Accuracy: 3.6
Training Epoch: 18/200	Train Loss: 0.0834	Val Accuracy: 3.64
Training Epoch: 19/200	Train Loss: 0.1466	Val Accuracy: 3.64
Training Epoch: 20/200	Train Loss: 0.1985	Val Accuracy: 3.96
Training Epoch: 21/200	Train Loss: 0.1319	Val Accuracy: 3.96
Training Epoch: 22/200	Train Loss: 0.1412	Val Accuracy: 3.6
Training Epoch: 23/200	Train Loss: 0.1898	Val Accuracy: 3.6
Training Epoch: 24/200	Train Loss: 0.0548	Val Accuracy: 3.82
Training Epoch: 25/200	Train Loss: 0.0548	Val Accuracy: 3.82
Training Epoch: 26/200	Train Loss: 0.0389	Val Accuracy: 3.76
Training Epoch: 27/200	Train Loss: 0.1284	Val Accuracy: 3.76
Training Epoch: 28/200	Train Loss: 0.0934	Val Accuracy: 3.6
Training Epoch: 29/200	Train Loss: 0.1782	Val Accuracy: 3.6
Training Epoch: 30/200	Train Loss: 0.0834	Val Accuracy: 3.6
Training Epoch: 31/200	Train Loss: 0.0964	Val Accuracy: 3.6
Training Epoch: 32/200	Train Loss: 0.0788	Val Accuracy: 3.38
Training Epoch: 33/200	Train Loss: 0.1053	Val Accuracy: 3.38
Training Epoch: 34/200	Train Loss: 0.0541	Val Accuracy: 3.74
Training Epoch: 35/200	Train Loss: 0.0845	Val Accuracy: 3.74
Training Epoch: 36/200	Train Loss: 0.065	Val Accuracy: 3.66
Training Epoch: 37/200	Train Loss: 0.0472	Val Accuracy: 3.66
Training Epoch: 38/200	Train Loss: 0.0442	Val Accuracy: 3.74
Training Epoch: 39/200	Train Loss: 0.0355	Val Accuracy: 3.74
Training Epoch: 40/200	Train Loss: 0.0619	Val Accuracy: 4.06
Training Epoch: 41/200	Train Loss: 0.1287	Val Accuracy: 4.06
Training Epoch: 42/200	Train Loss: 0.0547	Val Accuracy: 3.54
Training Epoch: 43/200	Train Loss: 0.0972	Val Accuracy: 3.54
Training Epoch: 44/200	Train Loss: 0.0642	Val Accuracy: 3.56
Training Epoch: 45/200	Train Loss: 0.0881	Val Accuracy: 3.56
Training Epoch: 46/200	Train Loss: 0.1022	Val Accuracy: 3.62
Training Epoch: 47/200	Train Loss: 0.0879	Val Accuracy: 3.62
Training Epoch: 48/200	Train Loss: 0.1374	Val Accuracy: 3.68
Training Epoch: 49/200	Train Loss: 0.034	Val Accuracy: 3.68
Training Epoch: 50/200	Train Loss: 0.0809	Val Accuracy: 3.4
Training Epoch: 51/200	Train Loss: 0.0646	Val Accuracy: 3.4
Training Epoch: 52/200	Train Loss: 0.0473	Val Accuracy: 3.5
Training Epoch: 53/200	Train Loss: 0.0479	Val Accuracy: 3.5
Training Epoch: 54/200	Train Loss: 0.0882	Val Accuracy: 3.12
Training Epoch: 55/200	Train Loss: 0.0642	Val Accuracy: 3.12
Training Epoch: 56/200	Train Loss: 0.0192	Val Accuracy: 3.06
Training Epoch: 57/200	Train Loss: 0.1378	Val Accuracy: 3.06
Training Epoch: 58/200	Train Loss: 0.0935	Val Accuracy: 3.66
Training Epoch: 59/200	Train Loss: 0.0242	Val Accuracy: 3.66
Training Epoch: 60/200	Train Loss: 0.0854	Val Accuracy: 3.76
Training Epoch: 61/200	Train Loss: 0.05	Val Accuracy: 3.76
Training Epoch: 62/200	Train Loss: 0.1074	Val Accuracy: 3.42
Training Epoch: 63/200	Train Loss: 0.0673	Val Accuracy: 3.42
Training Epoch: 64/200	Train Loss: 0.0473	Val Accuracy: 3.1
Training Epoch: 65/200	Train Loss: 0.1047	Val Accuracy: 3.1
Training Epoch: 66/200	Train Loss: 0.0925	Val Accuracy: 3.4
Training Epoch: 67/200	Train Loss: 0.0566	Val Accuracy: 3.4
Training Epoch: 68/200	Train Loss: 0.1029	Val Accuracy: 3.58
Training Epoch: 69/200	Train Loss: 0.1732	Val Accuracy: 3.58
Training Epoch: 70/200	Train Loss: 0.1644	Val Accuracy: 3.44
Training Epoch: 71/200	Train Loss: 0.0349	Val Accuracy: 3.44
Training Epoch: 72/200	Train Loss: 0.0872	Val Accuracy: 3.92
Training Epoch: 73/200	Train Loss: 0.0495	Val Accuracy: 3.92
Training Epoch: 74/200	Train Loss: 0.0559	Val Accuracy: 3.62
Training Epoch: 75/200	Train Loss: 0.2167	Val Accuracy: 3.62
Training Epoch: 76/200	Train Loss: 0.0526	Val Accuracy: 3.58
Training Epoch: 77/200	Train Loss: 0.2188	Val Accuracy: 3.58
Training Epoch: 78/200	Train Loss: 0.0576	Val Accuracy: 2.98
Training Epoch: 79/200	Train Loss: 0.0606	Val Accuracy: 2.98
Training Epoch: 80/200	Train Loss: 0.105	Val Accuracy: 3.5
Training Epoch: 81/200	Train Loss: 0.1583	Val Accuracy: 3.5
Training Epoch: 82/200	Train Loss: 0.062	Val Accuracy: 3.48
Training Epoch: 83/200	Train Loss: 0.0836	Val Accuracy: 3.48
Training Epoch: 84/200	Train Loss: 0.0631	Val Accuracy: 3.76
Training Epoch: 85/200	Train Loss: 0.0893	Val Accuracy: 3.76
Training Epoch: 86/200	Train Loss: 0.1692	Val Accuracy: 3.34
Training Epoch: 87/200	Train Loss: 0.1976	Val Accuracy: 3.34
Training Epoch: 88/200	Train Loss: 0.1087	Val Accuracy: 3.38
Training Epoch: 89/200	Train Loss: 0.0742	Val Accuracy: 3.38
Training Epoch: 90/200	Train Loss: 0.1254	Val Accuracy: 3.06
Training Epoch: 91/200	Train Loss: 0.0567	Val Accuracy: 3.06
Training Epoch: 92/200	Train Loss: 0.1355	Val Accuracy: 3.82
Training Epoch: 93/200	Train Loss: 0.0556	Val Accuracy: 3.82
Training Epoch: 94/200	Train Loss: 0.1197	Val Accuracy: 3.96
Training Epoch: 95/200	Train Loss: 0.045	Val Accuracy: 3.96
Training Epoch: 96/200	Train Loss: 0.1081	Val Accuracy: 3.7
Training Epoch: 97/200	Train Loss: 0.094	Val Accuracy: 3.7
Training Epoch: 98/200	Train Loss: 0.0949	Val Accuracy: 3.08
Training Epoch: 99/200	Train Loss: 0.0594	Val Accuracy: 3.08
Training Epoch: 100/200	Train Loss: 0.0679	Val Accuracy: 3.4
Training Epoch: 101/200	Train Loss: 0.0457	Val Accuracy: 3.4
Training Epoch: 102/200	Train Loss: 0.0736	Val Accuracy: 3.96
Training Epoch: 103/200	Train Loss: 0.0531	Val Accuracy: 3.96
Training Epoch: 104/200	Train Loss: 0.065	Val Accuracy: 3.72
Training Epoch: 105/200	Train Loss: 0.0273	Val Accuracy: 3.72
Training Epoch: 106/200	Train Loss: 0.0848	Val Accuracy: 3.68
Training Epoch: 107/200	Train Loss: 0.0336	Val Accuracy: 3.68
Training Epoch: 108/200	Train Loss: 0.0268	Val Accuracy: 3.8
Training Epoch: 109/200	Train Loss: 0.0381	Val Accuracy: 3.8
Training Epoch: 110/200	Train Loss: 0.1319	Val Accuracy: 3.62
Training Epoch: 111/200	Train Loss: 0.0639	Val Accuracy: 3.62
Training Epoch: 112/200	Train Loss: 0.0289	Val Accuracy: 3.46
Training Epoch: 113/200	Train Loss: 0.0292	Val Accuracy: 3.46
Training Epoch: 114/200	Train Loss: 0.0208	Val Accuracy: 3.58
Training Epoch: 115/200	Train Loss: 0.0454	Val Accuracy: 3.58
Training Epoch: 116/200	Train Loss: 0.0402	Val Accuracy: 3.84
Training Epoch: 117/200	Train Loss: 0.0222	Val Accuracy: 3.84
Training Epoch: 118/200	Train Loss: 0.0695	Val Accuracy: 4.08
Training Epoch: 119/200	Train Loss: 0.0312	Val Accuracy: 4.08
Training Epoch: 120/200	Train Loss: 0.0437	Val Accuracy: 3.9
Training Epoch: 121/200	Train Loss: 0.0317	Val Accuracy: 3.9
Training Epoch: 122/200	Train Loss: 0.0179	Val Accuracy: 3.94
Training Epoch: 123/200	Train Loss: 0.0393	Val Accuracy: 3.94
Training Epoch: 124/200	Train Loss: 0.0449	Val Accuracy: 3.74
Training Epoch: 125/200	Train Loss: 0.1498	Val Accuracy: 3.74
Training Epoch: 126/200	Train Loss: 0.0207	Val Accuracy: 3.78
Training Epoch: 127/200	Train Loss: 0.1413	Val Accuracy: 3.78
Training Epoch: 128/200	Train Loss: 0.0576	Val Accuracy: 3.5
Training Epoch: 129/200	Train Loss: 0.0442	Val Accuracy: 3.5
Training Epoch: 130/200	Train Loss: 0.0405	Val Accuracy: 3.46
Training Epoch: 131/200	Train Loss: 0.0252	Val Accuracy: 3.46
Training Epoch: 132/200	Train Loss: 0.0217	Val Accuracy: 3.44
Training Epoch: 133/200	Train Loss: 0.0572	Val Accuracy: 3.44
Training Epoch: 134/200	Train Loss: 0.0523	Val Accuracy: 3.88
Training Epoch: 135/200	Train Loss: 0.0304	Val Accuracy: 3.88
Training Epoch: 136/200	Train Loss: 0.0339	Val Accuracy: 3.5
Training Epoch: 137/200	Train Loss: 0.0537	Val Accuracy: 3.5
Training Epoch: 138/200	Train Loss: 0.0444	Val Accuracy: 3.58
Training Epoch: 139/200	Train Loss: 0.0863	Val Accuracy: 3.58
Training Epoch: 140/200	Train Loss: 0.0852	Val Accuracy: 3.56
Training Epoch: 141/200	Train Loss: 0.0864	Val Accuracy: 3.56
Training Epoch: 142/200	Train Loss: 0.0406	Val Accuracy: 3.94
Training Epoch: 143/200	Train Loss: 0.0587	Val Accuracy: 3.94
Training Epoch: 144/200	Train Loss: 0.0807	Val Accuracy: 3.56
Training Epoch: 145/200	Train Loss: 0.0768	Val Accuracy: 3.56
Training Epoch: 146/200	Train Loss: 0.0341	Val Accuracy: 3.3
Training Epoch: 147/200	Train Loss: 0.0696	Val Accuracy: 3.3
Training Epoch: 148/200	Train Loss: 0.0457	Val Accuracy: 3.94
Training Epoch: 149/200	Train Loss: 0.105	Val Accuracy: 3.94
Training Epoch: 150/200	Train Loss: 0.0449	Val Accuracy: 3.66
Training Epoch: 151/200	Train Loss: 0.0495	Val Accuracy: 3.66
Training Epoch: 152/200	Train Loss: 0.0326	Val Accuracy: 3.62
Training Epoch: 153/200	Train Loss: 0.0354	Val Accuracy: 3.62
Training Epoch: 154/200	Train Loss: 0.0217	Val Accuracy: 3.74
Training Epoch: 155/200	Train Loss: 0.073	Val Accuracy: 3.74
Training Epoch: 156/200	Train Loss: 0.0814	Val Accuracy: 3.74
Training Epoch: 157/200	Train Loss: 0.0219	Val Accuracy: 3.74
Training Epoch: 158/200	Train Loss: 0.0418	Val Accuracy: 3.48
Training Epoch: 159/200	Train Loss: 0.1657	Val Accuracy: 3.48
Training Epoch: 160/200	Train Loss: 0.101	Val Accuracy: 3.42
Training Epoch: 161/200	Train Loss: 0.0591	Val Accuracy: 3.42
Training Epoch: 162/200	Train Loss: 0.13	Val Accuracy: 3.52
Training Epoch: 163/200	Train Loss: 0.0633	Val Accuracy: 3.52
Training Epoch: 164/200	Train Loss: 0.1313	Val Accuracy: 3.0
Training Epoch: 165/200	Train Loss: 0.1166	Val Accuracy: 3.0
Training Epoch: 166/200	Train Loss: 0.1427	Val Accuracy: 3.82
Training Epoch: 167/200	Train Loss: 0.0697	Val Accuracy: 3.82
Training Epoch: 168/200	Train Loss: 0.1313	Val Accuracy: 3.66
Training Epoch: 169/200	Train Loss: 0.0976	Val Accuracy: 3.66
Training Epoch: 170/200	Train Loss: 0.1697	Val Accuracy: 3.58
Training Epoch: 171/200	Train Loss: 0.0613	Val Accuracy: 3.58
Training Epoch: 172/200	Train Loss: 0.1361	Val Accuracy: 3.8
Training Epoch: 173/200	Train Loss: 0.2001	Val Accuracy: 3.8
Training Epoch: 174/200	Train Loss: 0.1873	Val Accuracy: 3.44
Training Epoch: 175/200	Train Loss: 0.1424	Val Accuracy: 3.44
Training Epoch: 176/200	Train Loss: 0.1514	Val Accuracy: 3.58
Training Epoch: 177/200	Train Loss: 0.0943	Val Accuracy: 3.58
Training Epoch: 178/200	Train Loss: 0.2019	Val Accuracy: 3.76
Training Epoch: 179/200	Train Loss: 0.1317	Val Accuracy: 3.76
Training Epoch: 180/200	Train Loss: 0.0816	Val Accuracy: 3.54
Training Epoch: 181/200	Train Loss: 0.1108	Val Accuracy: 3.54
Training Epoch: 182/200	Train Loss: 0.1002	Val Accuracy: 3.76
Training Epoch: 183/200	Train Loss: 0.0849	Val Accuracy: 3.76
Training Epoch: 184/200	Train Loss: 0.0781	Val Accuracy: 3.88
Training Epoch: 185/200	Train Loss: 0.117	Val Accuracy: 3.88
Training Epoch: 186/200	Train Loss: 0.1035	Val Accuracy: 3.54
Training Epoch: 187/200	Train Loss: 0.1203	Val Accuracy: 3.54
Training Epoch: 188/200	Train Loss: 0.0921	Val Accuracy: 3.28
Training Epoch: 189/200	Train Loss: 0.1527	Val Accuracy: 3.28
Training Epoch: 190/200	Train Loss: 0.0802	Val Accuracy: 3.64
Training Epoch: 191/200	Train Loss: 0.1008	Val Accuracy: 3.64
Training Epoch: 192/200	Train Loss: 0.0492	Val Accuracy: 3.58
Training Epoch: 193/200	Train Loss: 0.0745	Val Accuracy: 3.58
Training Epoch: 194/200	Train Loss: 0.0641	Val Accuracy: 3.84
Training Epoch: 195/200	Train Loss: 0.0318	Val Accuracy: 3.84
Training Epoch: 196/200	Train Loss: 0.0707	Val Accuracy: 3.54
Training Epoch: 197/200	Train Loss: 0.045	Val Accuracy: 3.54
Training Epoch: 198/200	Train Loss: 0.0543	Val Accuracy: 3.84
Training Epoch: 199/200	Train Loss: 0.045	Val Accuracy: 3.84
Training Epoch: 200/200	Train Loss: 0.0396	Val Accuracy: 3.66

Wrote Best Model Checkpoint to: vlBest_acc_4_model_epoch_0118.pyth

Best Validation Accuracy: 4.08
Best Epoch: 118

======== TESTING ========

Test Accuracy: 3.65.

======== ACTIVE SAMPLING ========

ProbCover adaptive delta: base=0.6000, effective=0.5100, scale=0.85, phase=post_label_shrink, labeled_count=350
Coverage selection metadata: active=False (mode=adaptive_distance_cv_cover, variant=unknown, delta=0.5100, phase=adaptive_signal, bald_mean=0.0000, bald_max=0.0000, variance_mean=0.0000, variance_max=0.0000, dropout_iters=0, cover_anchors=0, diversity_lambda=0.00, selected_id_mean=0.0000, selected_signal_mean=0.0836, selected_radius_mean=0.8934, k_id=50, k_knn=50, alpha=1.00)
Active Sampling Complete. After Episode 6:
New Labeled Set: 400, New Unlabeled Set: 94600, Active Set: 50

================================


Current accuracy values:  [1.3100000000000023, 2.1700000000000017, 2.5999999999999943, 2.719999999999999, 2.8799999999999955, 4.230000000000004, 3.6500000000000057]
======== EPISODE 7 BEGINS ========

======== TRAINING ========
Training Epoch: 1/200	Train Loss: 1.368	Val Accuracy: 0.0
Training Epoch: 2/200	Train Loss: 0.7208	Val Accuracy: 2.38
Training Epoch: 3/200	Train Loss: 0.8112	Val Accuracy: 2.38
Training Epoch: 4/200	Train Loss: 0.5292	Val Accuracy: 2.92
Training Epoch: 5/200	Train Loss: 0.4599	Val Accuracy: 2.92
Training Epoch: 6/200	Train Loss: 0.421	Val Accuracy: 3.66
Training Epoch: 7/200	Train Loss: 0.419	Val Accuracy: 3.66
Training Epoch: 8/200	Train Loss: 0.3086	Val Accuracy: 3.76
Training Epoch: 9/200	Train Loss: 0.2025	Val Accuracy: 3.76
Training Epoch: 10/200	Train Loss: 0.2932	Val Accuracy: 4.04
Training Epoch: 11/200	Train Loss: 0.1316	Val Accuracy: 4.04
Training Epoch: 12/200	Train Loss: 0.2569	Val Accuracy: 3.74
Training Epoch: 13/200	Train Loss: 0.2014	Val Accuracy: 3.74
Training Epoch: 14/200	Train Loss: 0.2351	Val Accuracy: 3.84
Training Epoch: 15/200	Train Loss: 0.2839	Val Accuracy: 3.84
Training Epoch: 16/200	Train Loss: 0.1704	Val Accuracy: 4.06
Training Epoch: 17/200	Train Loss: 0.1481	Val Accuracy: 4.06
Training Epoch: 18/200	Train Loss: 0.1284	Val Accuracy: 3.76
Training Epoch: 19/200	Train Loss: 0.0608	Val Accuracy: 3.76
Training Epoch: 20/200	Train Loss: 0.0791	Val Accuracy: 3.5
Training Epoch: 21/200	Train Loss: 0.1255	Val Accuracy: 3.5
Training Epoch: 22/200	Train Loss: 0.2272	Val Accuracy: 3.98
Training Epoch: 23/200	Train Loss: 0.0889	Val Accuracy: 3.98
Training Epoch: 24/200	Train Loss: 0.0689	Val Accuracy: 3.62
Training Epoch: 25/200	Train Loss: 0.2497	Val Accuracy: 3.62
Training Epoch: 26/200	Train Loss: 0.0943	Val Accuracy: 3.6
Training Epoch: 27/200	Train Loss: 0.1074	Val Accuracy: 3.6
Training Epoch: 28/200	Train Loss: 0.0722	Val Accuracy: 3.76
Training Epoch: 29/200	Train Loss: 0.133	Val Accuracy: 3.76
Training Epoch: 30/200	Train Loss: 0.1012	Val Accuracy: 4.08
Training Epoch: 31/200	Train Loss: 0.0627	Val Accuracy: 4.08
Training Epoch: 32/200	Train Loss: 0.0674	Val Accuracy: 3.86
Training Epoch: 33/200	Train Loss: 0.0792	Val Accuracy: 3.86
Training Epoch: 34/200	Train Loss: 0.0379	Val Accuracy: 4.12
Training Epoch: 35/200	Train Loss: 0.0561	Val Accuracy: 4.12
Training Epoch: 36/200	Train Loss: 0.1079	Val Accuracy: 3.94
Training Epoch: 37/200	Train Loss: 0.0573	Val Accuracy: 3.94
Training Epoch: 38/200	Train Loss: 0.0622	Val Accuracy: 4.02
Training Epoch: 39/200	Train Loss: 0.0494	Val Accuracy: 4.02
Training Epoch: 40/200	Train Loss: 0.0856	Val Accuracy: 4.48
Training Epoch: 41/200	Train Loss: 0.039	Val Accuracy: 4.48
Training Epoch: 42/200	Train Loss: 0.139	Val Accuracy: 3.82
Training Epoch: 43/200	Train Loss: 0.063	Val Accuracy: 3.82
Training Epoch: 44/200	Train Loss: 0.0886	Val Accuracy: 4.18
Training Epoch: 45/200	Train Loss: 0.0852	Val Accuracy: 4.18
Training Epoch: 46/200	Train Loss: 0.0582	Val Accuracy: 3.66
Training Epoch: 47/200	Train Loss: 0.0921	Val Accuracy: 3.66
Training Epoch: 48/200	Train Loss: 0.0815	Val Accuracy: 3.8
Training Epoch: 49/200	Train Loss: 0.0329	Val Accuracy: 3.8
Training Epoch: 50/200	Train Loss: 0.0918	Val Accuracy: 4.0
Training Epoch: 51/200	Train Loss: 0.0725	Val Accuracy: 4.0
Training Epoch: 52/200	Train Loss: 0.0923	Val Accuracy: 3.76
Training Epoch: 53/200	Train Loss: 0.0486	Val Accuracy: 3.76
Training Epoch: 54/200	Train Loss: 0.0487	Val Accuracy: 3.72
Training Epoch: 55/200	Train Loss: 0.0412	Val Accuracy: 3.72
Training Epoch: 56/200	Train Loss: 0.0569	Val Accuracy: 4.02
Training Epoch: 57/200	Train Loss: 0.3044	Val Accuracy: 4.02
Training Epoch: 58/200	Train Loss: 0.0835	Val Accuracy: 4.06
Training Epoch: 59/200	Train Loss: 0.0791	Val Accuracy: 4.06
Training Epoch: 60/200	Train Loss: 0.0499	Val Accuracy: 4.1
Training Epoch: 61/200	Train Loss: 0.1571	Val Accuracy: 4.1
Training Epoch: 62/200	Train Loss: 0.0977	Val Accuracy: 4.22
Training Epoch: 63/200	Train Loss: 0.0716	Val Accuracy: 4.22
Training Epoch: 64/200	Train Loss: 0.0638	Val Accuracy: 4.28
Training Epoch: 65/200	Train Loss: 0.066	Val Accuracy: 4.28
Training Epoch: 66/200	Train Loss: 0.0817	Val Accuracy: 4.38
Training Epoch: 67/200	Train Loss: 0.0444	Val Accuracy: 4.38
Training Epoch: 68/200	Train Loss: 0.0697	Val Accuracy: 4.16
Training Epoch: 69/200	Train Loss: 0.0729	Val Accuracy: 4.16
Training Epoch: 70/200	Train Loss: 0.0824	Val Accuracy: 4.32
Training Epoch: 71/200	Train Loss: 0.0448	Val Accuracy: 4.32
Training Epoch: 72/200	Train Loss: 0.2749	Val Accuracy: 4.38
Training Epoch: 73/200	Train Loss: 0.0884	Val Accuracy: 4.38
Training Epoch: 74/200	Train Loss: 0.0745	Val Accuracy: 4.42
Training Epoch: 75/200	Train Loss: 0.0726	Val Accuracy: 4.42
Training Epoch: 76/200	Train Loss: 0.0423	Val Accuracy: 4.2
Training Epoch: 77/200	Train Loss: 0.0558	Val Accuracy: 4.2
Training Epoch: 78/200	Train Loss: 0.0625	Val Accuracy: 3.96
Training Epoch: 79/200	Train Loss: 0.106	Val Accuracy: 3.96
Training Epoch: 80/200	Train Loss: 0.0495	Val Accuracy: 3.92
Training Epoch: 81/200	Train Loss: 0.0732	Val Accuracy: 3.92
Training Epoch: 82/200	Train Loss: 0.0389	Val Accuracy: 3.72
Training Epoch: 83/200	Train Loss: 0.1235	Val Accuracy: 3.72
Training Epoch: 84/200	Train Loss: 0.061	Val Accuracy: 4.4
Training Epoch: 85/200	Train Loss: 0.0779	Val Accuracy: 4.4
Training Epoch: 86/200	Train Loss: 0.108	Val Accuracy: 3.72
Training Epoch: 87/200	Train Loss: 0.0492	Val Accuracy: 3.72
Training Epoch: 88/200	Train Loss: 0.069	Val Accuracy: 3.7
Training Epoch: 89/200	Train Loss: 0.0689	Val Accuracy: 3.7
Training Epoch: 90/200	Train Loss: 0.0572	Val Accuracy: 3.98
Training Epoch: 91/200	Train Loss: 0.0684	Val Accuracy: 3.98
Training Epoch: 92/200	Train Loss: 0.0324	Val Accuracy: 4.36
Training Epoch: 93/200	Train Loss: 0.0382	Val Accuracy: 4.36
Training Epoch: 94/200	Train Loss: 0.0369	Val Accuracy: 3.82
Training Epoch: 95/200	Train Loss: 0.1191	Val Accuracy: 3.82
Training Epoch: 96/200	Train Loss: 0.0733	Val Accuracy: 4.42
Training Epoch: 97/200	Train Loss: 0.0388	Val Accuracy: 4.42
Training Epoch: 98/200	Train Loss: 0.0856	Val Accuracy: 4.06
Training Epoch: 99/200	Train Loss: 0.0489	Val Accuracy: 4.06
Training Epoch: 100/200	Train Loss: 0.0385	Val Accuracy: 4.3
Training Epoch: 101/200	Train Loss: 0.0362	Val Accuracy: 4.3
Training Epoch: 102/200	Train Loss: 0.0806	Val Accuracy: 4.36
Training Epoch: 103/200	Train Loss: 0.024	Val Accuracy: 4.36
Training Epoch: 104/200	Train Loss: 0.2132	Val Accuracy: 4.16
Training Epoch: 105/200	Train Loss: 0.0495	Val Accuracy: 4.16
Training Epoch: 106/200	Train Loss: 0.0669	Val Accuracy: 4.06
Training Epoch: 107/200	Train Loss: 0.0943	Val Accuracy: 4.06
Training Epoch: 108/200	Train Loss: 0.1132	Val Accuracy: 4.32
Training Epoch: 109/200	Train Loss: 0.1111	Val Accuracy: 4.32
Training Epoch: 110/200	Train Loss: 0.0822	Val Accuracy: 3.7
Training Epoch: 111/200	Train Loss: 0.1262	Val Accuracy: 3.7
Training Epoch: 112/200	Train Loss: 0.0696	Val Accuracy: 3.82
Training Epoch: 113/200	Train Loss: 0.0822	Val Accuracy: 3.82
Training Epoch: 114/200	Train Loss: 0.1466	Val Accuracy: 3.82
Training Epoch: 115/200	Train Loss: 0.0741	Val Accuracy: 3.82
Training Epoch: 116/200	Train Loss: 0.0577	Val Accuracy: 3.78
Training Epoch: 117/200	Train Loss: 0.0729	Val Accuracy: 3.78
Training Epoch: 118/200	Train Loss: 0.1207	Val Accuracy: 3.72
Training Epoch: 119/200	Train Loss: 0.0399	Val Accuracy: 3.72
Training Epoch: 120/200	Train Loss: 0.0386	Val Accuracy: 4.04
Training Epoch: 121/200	Train Loss: 0.0514	Val Accuracy: 4.04
Training Epoch: 122/200	Train Loss: 0.044	Val Accuracy: 4.14
Training Epoch: 123/200	Train Loss: 0.0841	Val Accuracy: 4.14
Training Epoch: 124/200	Train Loss: 0.03	Val Accuracy: 4.24
Training Epoch: 125/200	Train Loss: 0.2117	Val Accuracy: 4.24
Training Epoch: 126/200	Train Loss: 0.042	Val Accuracy: 3.9
Training Epoch: 127/200	Train Loss: 0.0797	Val Accuracy: 3.9
Training Epoch: 128/200	Train Loss: 0.0327	Val Accuracy: 3.7
Training Epoch: 129/200	Train Loss: 0.0535	Val Accuracy: 3.7
Training Epoch: 130/200	Train Loss: 0.0401	Val Accuracy: 4.3
Training Epoch: 131/200	Train Loss: 0.0697	Val Accuracy: 4.3
Training Epoch: 132/200	Train Loss: 0.0344	Val Accuracy: 4.28
Training Epoch: 133/200	Train Loss: 0.0347	Val Accuracy: 4.28
Training Epoch: 134/200	Train Loss: 0.1026	Val Accuracy: 4.56
Training Epoch: 135/200	Train Loss: 0.0368	Val Accuracy: 4.56
Training Epoch: 136/200	Train Loss: 0.021	Val Accuracy: 4.16
Training Epoch: 137/200	Train Loss: 0.1119	Val Accuracy: 4.16
Training Epoch: 138/200	Train Loss: 0.0505	Val Accuracy: 4.18
Training Epoch: 139/200	Train Loss: 0.046	Val Accuracy: 4.18
Training Epoch: 140/200	Train Loss: 0.0839	Val Accuracy: 4.04
Training Epoch: 141/200	Train Loss: 0.0558	Val Accuracy: 4.04
Training Epoch: 142/200	Train Loss: 0.1086	Val Accuracy: 3.8
Training Epoch: 143/200	Train Loss: 0.1199	Val Accuracy: 3.8
Training Epoch: 144/200	Train Loss: 0.0704	Val Accuracy: 3.76
Training Epoch: 145/200	Train Loss: 0.0927	Val Accuracy: 3.76
Training Epoch: 146/200	Train Loss: 0.0728	Val Accuracy: 3.64
Training Epoch: 147/200	Train Loss: 0.1479	Val Accuracy: 3.64
Training Epoch: 148/200	Train Loss: 0.1821	Val Accuracy: 3.34
Training Epoch: 149/200	Train Loss: 0.1005	Val Accuracy: 3.34
Training Epoch: 150/200	Train Loss: 0.1539	Val Accuracy: 3.82
Training Epoch: 151/200	Train Loss: 0.0908	Val Accuracy: 3.82
Training Epoch: 152/200	Train Loss: 0.1256	Val Accuracy: 3.92
Training Epoch: 153/200	Train Loss: 0.0834	Val Accuracy: 3.92
Training Epoch: 154/200	Train Loss: 0.0884	Val Accuracy: 3.72
Training Epoch: 155/200	Train Loss: 0.0721	Val Accuracy: 3.72
Training Epoch: 156/200	Train Loss: 0.102	Val Accuracy: 3.84
Training Epoch: 157/200	Train Loss: 0.0448	Val Accuracy: 3.84
Training Epoch: 158/200	Train Loss: 0.0704	Val Accuracy: 4.44
Training Epoch: 159/200	Train Loss: 0.0717	Val Accuracy: 4.44
Training Epoch: 160/200	Train Loss: 0.0291	Val Accuracy: 4.32
Training Epoch: 161/200	Train Loss: 0.0365	Val Accuracy: 4.32
Training Epoch: 162/200	Train Loss: 0.0761	Val Accuracy: 3.88
Training Epoch: 163/200	Train Loss: 0.0278	Val Accuracy: 3.88
Training Epoch: 164/200	Train Loss: 0.0288	Val Accuracy: 3.8
Training Epoch: 165/200	Train Loss: 0.051	Val Accuracy: 3.8
Training Epoch: 166/200	Train Loss: 0.0574	Val Accuracy: 4.36
Training Epoch: 167/200	Train Loss: 0.0135	Val Accuracy: 4.36
Training Epoch: 168/200	Train Loss: 0.0688	Val Accuracy: 4.4
Training Epoch: 169/200	Train Loss: 0.0542	Val Accuracy: 4.4
Training Epoch: 170/200	Train Loss: 0.0917	Val Accuracy: 4.34
Training Epoch: 171/200	Train Loss: 0.0375	Val Accuracy: 4.34
Training Epoch: 172/200	Train Loss: 0.0255	Val Accuracy: 4.04
Training Epoch: 173/200	Train Loss: 0.0162	Val Accuracy: 4.04
Training Epoch: 174/200	Train Loss: 0.039	Val Accuracy: 4.12
Training Epoch: 175/200	Train Loss: 0.0261	Val Accuracy: 4.12
Training Epoch: 176/200	Train Loss: 0.0372	Val Accuracy: 3.94
Training Epoch: 177/200	Train Loss: 0.0482	Val Accuracy: 3.94
Training Epoch: 178/200	Train Loss: 0.0333	Val Accuracy: 3.6
Training Epoch: 179/200	Train Loss: 0.1032	Val Accuracy: 3.6
Training Epoch: 180/200	Train Loss: 0.0184	Val Accuracy: 4.14
Training Epoch: 181/200	Train Loss: 0.126	Val Accuracy: 4.14
Training Epoch: 182/200	Train Loss: 0.0518	Val Accuracy: 4.5
Training Epoch: 183/200	Train Loss: 0.0605	Val Accuracy: 4.5
Training Epoch: 184/200	Train Loss: 0.0207	Val Accuracy: 4.36
Training Epoch: 185/200	Train Loss: 0.0246	Val Accuracy: 4.36
Training Epoch: 186/200	Train Loss: 0.066	Val Accuracy: 4.66
Training Epoch: 187/200	Train Loss: 0.0363	Val Accuracy: 4.66
Training Epoch: 188/200	Train Loss: 0.032	Val Accuracy: 4.08
Training Epoch: 189/200	Train Loss: 0.1004	Val Accuracy: 4.08
Training Epoch: 190/200	Train Loss: 0.0497	Val Accuracy: 3.88
Training Epoch: 191/200	Train Loss: 0.0364	Val Accuracy: 3.88
Training Epoch: 192/200	Train Loss: 0.1048	Val Accuracy: 4.02
Training Epoch: 193/200	Train Loss: 0.0629	Val Accuracy: 4.02
Training Epoch: 194/200	Train Loss: 0.0261	Val Accuracy: 3.98
Training Epoch: 195/200	Train Loss: 0.0282	Val Accuracy: 3.98
Training Epoch: 196/200	Train Loss: 0.0505	Val Accuracy: 4.16
Training Epoch: 197/200	Train Loss: 0.0574	Val Accuracy: 4.16
Training Epoch: 198/200	Train Loss: 0.0269	Val Accuracy: 4.28
Training Epoch: 199/200	Train Loss: 0.0318	Val Accuracy: 4.28
Training Epoch: 200/200	Train Loss: 0.027	Val Accuracy: 4.16

Wrote Best Model Checkpoint to: vlBest_acc_4_model_epoch_0186.pyth

Best Validation Accuracy: 4.66
Best Epoch: 186

======== TESTING ========

Test Accuracy: 4.34.

======== ACTIVE SAMPLING ========

ProbCover adaptive delta: base=0.6000, effective=0.5100, scale=0.85, phase=post_label_shrink, labeled_count=400
Coverage selection metadata: active=False (mode=adaptive_distance_cv_cover, variant=unknown, delta=0.5100, phase=adaptive_signal, bald_mean=0.0000, bald_max=0.0000, variance_mean=0.0000, variance_max=0.0000, dropout_iters=0, cover_anchors=0, diversity_lambda=0.00, selected_id_mean=0.0000, selected_signal_mean=0.0838, selected_radius_mean=0.8956, k_id=50, k_knn=50, alpha=1.00)
Active Sampling Complete. After Episode 7:
New Labeled Set: 450, New Unlabeled Set: 94550, Active Set: 50

================================


Current accuracy values:  [1.3100000000000023, 2.1700000000000017, 2.5999999999999943, 2.719999999999999, 2.8799999999999955, 4.230000000000004, 3.6500000000000057, 4.340000000000003]
======== EPISODE 8 BEGINS ========

======== TRAINING ========
Training Epoch: 1/200	Train Loss: 1.5433	Val Accuracy: 0.0
Training Epoch: 2/200	Train Loss: 0.8518	Val Accuracy: 3.28
Training Epoch: 3/200	Train Loss: 0.6046	Val Accuracy: 3.28
Training Epoch: 4/200	Train Loss: 0.5786	Val Accuracy: 3.18
Training Epoch: 5/200	Train Loss: 0.5962	Val Accuracy: 3.18
Training Epoch: 6/200	Train Loss: 0.2711	Val Accuracy: 3.58
Training Epoch: 7/200	Train Loss: 0.3207	Val Accuracy: 3.58
Training Epoch: 8/200	Train Loss: 0.3232	Val Accuracy: 3.72
Training Epoch: 9/200	Train Loss: 0.2398	Val Accuracy: 3.72
Training Epoch: 10/200	Train Loss: 0.4548	Val Accuracy: 4.28
Training Epoch: 11/200	Train Loss: 0.2327	Val Accuracy: 4.28
Training Epoch: 12/200	Train Loss: 0.2961	Val Accuracy: 4.0
Training Epoch: 13/200	Train Loss: 0.1551	Val Accuracy: 4.0
Training Epoch: 14/200	Train Loss: 0.1747	Val Accuracy: 4.08
Training Epoch: 15/200	Train Loss: 0.1686	Val Accuracy: 4.08
Training Epoch: 16/200	Train Loss: 0.313	Val Accuracy: 4.32
Training Epoch: 17/200	Train Loss: 0.2674	Val Accuracy: 4.32
Training Epoch: 18/200	Train Loss: 0.217	Val Accuracy: 3.84
Training Epoch: 19/200	Train Loss: 0.1908	Val Accuracy: 3.84
Training Epoch: 20/200	Train Loss: 0.2532	Val Accuracy: 3.68
Training Epoch: 21/200	Train Loss: 0.1442	Val Accuracy: 3.68
Training Epoch: 22/200	Train Loss: 0.178	Val Accuracy: 4.08
Training Epoch: 23/200	Train Loss: 0.0816	Val Accuracy: 4.08
Training Epoch: 24/200	Train Loss: 0.1883	Val Accuracy: 3.92
Training Epoch: 25/200	Train Loss: 0.0756	Val Accuracy: 3.92
Training Epoch: 26/200	Train Loss: 0.0783	Val Accuracy: 4.08
Training Epoch: 27/200	Train Loss: 0.0711	Val Accuracy: 4.08
Training Epoch: 28/200	Train Loss: 0.0692	Val Accuracy: 4.08
Training Epoch: 29/200	Train Loss: 0.0238	Val Accuracy: 4.08
Training Epoch: 30/200	Train Loss: 0.0676	Val Accuracy: 4.36
Training Epoch: 31/200	Train Loss: 0.0467	Val Accuracy: 4.36
Training Epoch: 32/200	Train Loss: 0.0401	Val Accuracy: 4.36
Training Epoch: 33/200	Train Loss: 0.0684	Val Accuracy: 4.36
Training Epoch: 34/200	Train Loss: 0.0958	Val Accuracy: 4.68
Training Epoch: 35/200	Train Loss: 0.0517	Val Accuracy: 4.68
Training Epoch: 36/200	Train Loss: 0.0359	Val Accuracy: 4.08
Training Epoch: 37/200	Train Loss: 0.0508	Val Accuracy: 4.08
Training Epoch: 38/200	Train Loss: 0.0327	Val Accuracy: 4.28
Training Epoch: 39/200	Train Loss: 0.0929	Val Accuracy: 4.28
Training Epoch: 40/200	Train Loss: 0.0277	Val Accuracy: 4.5
Training Epoch: 41/200	Train Loss: 0.0505	Val Accuracy: 4.5
Training Epoch: 42/200	Train Loss: 0.0445	Val Accuracy: 4.32
Training Epoch: 43/200	Train Loss: 0.0433	Val Accuracy: 4.32
Training Epoch: 44/200	Train Loss: 0.0307	Val Accuracy: 4.4
Training Epoch: 45/200	Train Loss: 0.0927	Val Accuracy: 4.4
Training Epoch: 46/200	Train Loss: 0.0937	Val Accuracy: 4.6
Training Epoch: 47/200	Train Loss: 0.0469	Val Accuracy: 4.6
Training Epoch: 48/200	Train Loss: 0.0196	Val Accuracy: 4.78
Training Epoch: 49/200	Train Loss: 0.0479	Val Accuracy: 4.78
Training Epoch: 50/200	Train Loss: 0.0875	Val Accuracy: 4.44
Training Epoch: 51/200	Train Loss: 0.0456	Val Accuracy: 4.44
Training Epoch: 52/200	Train Loss: 0.1023	Val Accuracy: 4.64
Training Epoch: 53/200	Train Loss: 0.06	Val Accuracy: 4.64
Training Epoch: 54/200	Train Loss: 0.0881	Val Accuracy: 4.32
Training Epoch: 55/200	Train Loss: 0.0914	Val Accuracy: 4.32
Training Epoch: 56/200	Train Loss: 0.0585	Val Accuracy: 4.94
Training Epoch: 57/200	Train Loss: 0.0362	Val Accuracy: 4.94
Training Epoch: 58/200	Train Loss: 0.196	Val Accuracy: 4.42
Training Epoch: 59/200	Train Loss: 0.0979	Val Accuracy: 4.42
Training Epoch: 60/200	Train Loss: 0.1089	Val Accuracy: 3.84
Training Epoch: 61/200	Train Loss: 0.1235	Val Accuracy: 3.84
Training Epoch: 62/200	Train Loss: 0.0514	Val Accuracy: 4.22
Training Epoch: 63/200	Train Loss: 0.0912	Val Accuracy: 4.22
Training Epoch: 64/200	Train Loss: 0.0965	Val Accuracy: 3.7
Training Epoch: 65/200	Train Loss: 0.056	Val Accuracy: 3.7
Training Epoch: 66/200	Train Loss: 0.0496	Val Accuracy: 4.36
Training Epoch: 67/200	Train Loss: 0.0253	Val Accuracy: 4.36
Training Epoch: 68/200	Train Loss: 0.0907	Val Accuracy: 4.3
Training Epoch: 69/200	Train Loss: 0.1833	Val Accuracy: 4.3
Training Epoch: 70/200	Train Loss: 0.0843	Val Accuracy: 3.98
Training Epoch: 71/200	Train Loss: 0.1681	Val Accuracy: 3.98
Training Epoch: 72/200	Train Loss: 0.0726	Val Accuracy: 4.08
Training Epoch: 73/200	Train Loss: 0.1033	Val Accuracy: 4.08
Training Epoch: 74/200	Train Loss: 0.0622	Val Accuracy: 3.54
Training Epoch: 75/200	Train Loss: 0.1194	Val Accuracy: 3.54
Training Epoch: 76/200	Train Loss: 0.134	Val Accuracy: 4.02
Training Epoch: 77/200	Train Loss: 0.1334	Val Accuracy: 4.02
Training Epoch: 78/200	Train Loss: 0.091	Val Accuracy: 4.24
Training Epoch: 79/200	Train Loss: 0.0747	Val Accuracy: 4.24
Training Epoch: 80/200	Train Loss: 0.0336	Val Accuracy: 4.18
Training Epoch: 81/200	Train Loss: 0.0998	Val Accuracy: 4.18
Training Epoch: 82/200	Train Loss: 0.1835	Val Accuracy: 4.16
Training Epoch: 83/200	Train Loss: 0.1609	Val Accuracy: 4.16
Training Epoch: 84/200	Train Loss: 0.067	Val Accuracy: 3.98
Training Epoch: 85/200	Train Loss: 0.0615	Val Accuracy: 3.98
Training Epoch: 86/200	Train Loss: 0.1291	Val Accuracy: 4.24
Training Epoch: 87/200	Train Loss: 0.0717	Val Accuracy: 4.24
Training Epoch: 88/200	Train Loss: 0.1165	Val Accuracy: 4.38
Training Epoch: 89/200	Train Loss: 0.1492	Val Accuracy: 4.38
Training Epoch: 90/200	Train Loss: 0.0487	Val Accuracy: 4.04
Training Epoch: 91/200	Train Loss: 0.0541	Val Accuracy: 4.04
Training Epoch: 92/200	Train Loss: 0.0364	Val Accuracy: 3.98
Training Epoch: 93/200	Train Loss: 0.2875	Val Accuracy: 3.98
Training Epoch: 94/200	Train Loss: 0.0852	Val Accuracy: 3.76
Training Epoch: 95/200	Train Loss: 0.0936	Val Accuracy: 3.76
Training Epoch: 96/200	Train Loss: 0.1138	Val Accuracy: 4.04
Training Epoch: 97/200	Train Loss: 0.0686	Val Accuracy: 4.04
Training Epoch: 98/200	Train Loss: 0.0894	Val Accuracy: 4.38
Training Epoch: 99/200	Train Loss: 0.0464	Val Accuracy: 4.38
Training Epoch: 100/200	Train Loss: 0.0637	Val Accuracy: 4.56
Training Epoch: 101/200	Train Loss: 0.0414	Val Accuracy: 4.56
Training Epoch: 102/200	Train Loss: 0.0775	Val Accuracy: 4.44
Training Epoch: 103/200	Train Loss: 0.0503	Val Accuracy: 4.44
Training Epoch: 104/200	Train Loss: 0.0308	Val Accuracy: 4.06
Training Epoch: 105/200	Train Loss: 0.0759	Val Accuracy: 4.06
Training Epoch: 106/200	Train Loss: 0.0359	Val Accuracy: 4.0
Training Epoch: 107/200	Train Loss: 0.0482	Val Accuracy: 4.0
Training Epoch: 108/200	Train Loss: 0.0221	Val Accuracy: 4.3
Training Epoch: 109/200	Train Loss: 0.0556	Val Accuracy: 4.3
Training Epoch: 110/200	Train Loss: 0.0498	Val Accuracy: 4.14
Training Epoch: 111/200	Train Loss: 0.0772	Val Accuracy: 4.14
Training Epoch: 112/200	Train Loss: 0.0708	Val Accuracy: 4.52
Training Epoch: 113/200	Train Loss: 0.0643	Val Accuracy: 4.52
Training Epoch: 114/200	Train Loss: 0.0513	Val Accuracy: 4.36
Training Epoch: 115/200	Train Loss: 0.0297	Val Accuracy: 4.36
Training Epoch: 116/200	Train Loss: 0.0369	Val Accuracy: 4.38
Training Epoch: 117/200	Train Loss: 0.0251	Val Accuracy: 4.38
Training Epoch: 118/200	Train Loss: 0.0511	Val Accuracy: 4.62
Training Epoch: 119/200	Train Loss: 0.0459	Val Accuracy: 4.62
Training Epoch: 120/200	Train Loss: 0.0495	Val Accuracy: 4.84
Training Epoch: 121/200	Train Loss: 0.0888	Val Accuracy: 4.84
Training Epoch: 122/200	Train Loss: 0.0424	Val Accuracy: 5.2
Training Epoch: 123/200	Train Loss: 0.0265	Val Accuracy: 5.2
Training Epoch: 124/200	Train Loss: 0.0901	Val Accuracy: 4.66
Training Epoch: 125/200	Train Loss: 0.0575	Val Accuracy: 4.66
Training Epoch: 126/200	Train Loss: 0.0603	Val Accuracy: 4.9
Training Epoch: 127/200	Train Loss: 0.0431	Val Accuracy: 4.9
Training Epoch: 128/200	Train Loss: 0.0964	Val Accuracy: 4.18
Training Epoch: 129/200	Train Loss: 0.0438	Val Accuracy: 4.18
Training Epoch: 130/200	Train Loss: 0.0567	Val Accuracy: 4.48
Training Epoch: 131/200	Train Loss: 0.026	Val Accuracy: 4.48
Training Epoch: 132/200	Train Loss: 0.0557	Val Accuracy: 4.5
Training Epoch: 133/200	Train Loss: 0.0844	Val Accuracy: 4.5
Training Epoch: 134/200	Train Loss: 0.0271	Val Accuracy: 4.94
Training Epoch: 135/200	Train Loss: 0.0183	Val Accuracy: 4.94
Training Epoch: 136/200	Train Loss: 0.0559	Val Accuracy: 4.62
Training Epoch: 137/200	Train Loss: 0.0524	Val Accuracy: 4.62
Training Epoch: 138/200	Train Loss: 0.0647	Val Accuracy: 4.08
Training Epoch: 139/200	Train Loss: 0.0756	Val Accuracy: 4.08
Training Epoch: 140/200	Train Loss: 0.0858	Val Accuracy: 4.04
Training Epoch: 141/200	Train Loss: 0.1298	Val Accuracy: 4.04
Training Epoch: 142/200	Train Loss: 0.0511	Val Accuracy: 4.46
Training Epoch: 143/200	Train Loss: 0.1402	Val Accuracy: 4.46
Training Epoch: 144/200	Train Loss: 0.2293	Val Accuracy: 4.3
Training Epoch: 145/200	Train Loss: 0.072	Val Accuracy: 4.3
Training Epoch: 146/200	Train Loss: 0.1184	Val Accuracy: 4.08
Training Epoch: 147/200	Train Loss: 0.0712	Val Accuracy: 4.08
Training Epoch: 148/200	Train Loss: 0.0833	Val Accuracy: 4.1
Training Epoch: 149/200	Train Loss: 0.03	Val Accuracy: 4.1
Training Epoch: 150/200	Train Loss: 0.1171	Val Accuracy: 4.06
Training Epoch: 151/200	Train Loss: 0.0443	Val Accuracy: 4.06
Training Epoch: 152/200	Train Loss: 0.0739	Val Accuracy: 4.3
Training Epoch: 153/200	Train Loss: 0.0381	Val Accuracy: 4.3
Training Epoch: 154/200	Train Loss: 0.0319	Val Accuracy: 4.3
Training Epoch: 155/200	Train Loss: 0.0639	Val Accuracy: 4.3
Training Epoch: 156/200	Train Loss: 0.0235	Val Accuracy: 4.52
Training Epoch: 157/200	Train Loss: 0.0361	Val Accuracy: 4.52
Training Epoch: 158/200	Train Loss: 0.0844	Val Accuracy: 4.72
Training Epoch: 159/200	Train Loss: 0.0653	Val Accuracy: 4.72
Training Epoch: 160/200	Train Loss: 0.0411	Val Accuracy: 4.32
Training Epoch: 161/200	Train Loss: 0.0211	Val Accuracy: 4.32
Training Epoch: 162/200	Train Loss: 0.0476	Val Accuracy: 4.22
Training Epoch: 163/200	Train Loss: 0.0383	Val Accuracy: 4.22
Training Epoch: 164/200	Train Loss: 0.0298	Val Accuracy: 4.32
Training Epoch: 165/200	Train Loss: 0.0505	Val Accuracy: 4.32
Training Epoch: 166/200	Train Loss: 0.0142	Val Accuracy: 4.52
Training Epoch: 167/200	Train Loss: 0.0193	Val Accuracy: 4.52
Training Epoch: 168/200	Train Loss: 0.0144	Val Accuracy: 4.76
Training Epoch: 169/200	Train Loss: 0.0167	Val Accuracy: 4.76
Training Epoch: 170/200	Train Loss: 0.0137	Val Accuracy: 4.92
Training Epoch: 171/200	Train Loss: 0.0208	Val Accuracy: 4.92
Training Epoch: 172/200	Train Loss: 0.0227	Val Accuracy: 4.9
Training Epoch: 173/200	Train Loss: 0.0137	Val Accuracy: 4.9
Training Epoch: 174/200	Train Loss: 0.0131	Val Accuracy: 4.5
Training Epoch: 175/200	Train Loss: 0.0088	Val Accuracy: 4.5
Training Epoch: 176/200	Train Loss: 0.0159	Val Accuracy: 4.56
Training Epoch: 177/200	Train Loss: 0.0475	Val Accuracy: 4.56
Training Epoch: 178/200	Train Loss: 0.0077	Val Accuracy: 4.7
Training Epoch: 179/200	Train Loss: 0.0412	Val Accuracy: 4.7
Training Epoch: 180/200	Train Loss: 0.0213	Val Accuracy: 4.58
Training Epoch: 181/200	Train Loss: 0.0483	Val Accuracy: 4.58
Training Epoch: 182/200	Train Loss: 0.0143	Val Accuracy: 4.68
Training Epoch: 183/200	Train Loss: 0.014	Val Accuracy: 4.68
Training Epoch: 184/200	Train Loss: 0.055	Val Accuracy: 3.88
Training Epoch: 185/200	Train Loss: 0.061	Val Accuracy: 3.88
Training Epoch: 186/200	Train Loss: 0.0445	Val Accuracy: 3.62
Training Epoch: 187/200	Train Loss: 0.1117	Val Accuracy: 3.62
Training Epoch: 188/200	Train Loss: 0.2256	Val Accuracy: 4.08
Training Epoch: 189/200	Train Loss: 0.1823	Val Accuracy: 4.08
Training Epoch: 190/200	Train Loss: 0.1135	Val Accuracy: 3.92
Training Epoch: 191/200	Train Loss: 0.162	Val Accuracy: 3.92
Training Epoch: 192/200	Train Loss: 0.1521	Val Accuracy: 3.82
Training Epoch: 193/200	Train Loss: 0.0689	Val Accuracy: 3.82
Training Epoch: 194/200	Train Loss: 0.0912	Val Accuracy: 4.3
Training Epoch: 195/200	Train Loss: 0.0968	Val Accuracy: 4.3
Training Epoch: 196/200	Train Loss: 0.1558	Val Accuracy: 3.48
Training Epoch: 197/200	Train Loss: 0.1356	Val Accuracy: 3.48
Training Epoch: 198/200	Train Loss: 0.1011	Val Accuracy: 4.32
Training Epoch: 199/200	Train Loss: 0.0783	Val Accuracy: 4.32
Training Epoch: 200/200	Train Loss: 0.0474	Val Accuracy: 4.78

Wrote Best Model Checkpoint to: vlBest_acc_5_model_epoch_0122.pyth

Best Validation Accuracy: 5.2
Best Epoch: 122

======== TESTING ========

Test Accuracy: 4.06.

======== ACTIVE SAMPLING ========

ProbCover adaptive delta: base=0.6000, effective=0.5100, scale=0.85, phase=post_label_shrink, labeled_count=450
Coverage selection metadata: active=False (mode=adaptive_distance_cv_cover, variant=unknown, delta=0.5100, phase=adaptive_signal, bald_mean=0.0000, bald_max=0.0000, variance_mean=0.0000, variance_max=0.0000, dropout_iters=0, cover_anchors=0, diversity_lambda=0.00, selected_id_mean=0.0000, selected_signal_mean=0.0845, selected_radius_mean=0.9040, k_id=50, k_knn=50, alpha=1.00)
Active Sampling Complete. After Episode 8:
New Labeled Set: 500, New Unlabeled Set: 94500, Active Set: 50

================================


Current accuracy values:  [1.3100000000000023, 2.1700000000000017, 2.5999999999999943, 2.719999999999999, 2.8799999999999955, 4.230000000000004, 3.6500000000000057, 4.340000000000003, 4.060000000000002]
======== EPISODE 9 BEGINS ========

======== TRAINING ========
Training Epoch: 1/200	Train Loss: 0.9294	Val Accuracy: 0.0
Training Epoch: 2/200	Train Loss: 0.5661	Val Accuracy: 3.84
Training Epoch: 3/200	Train Loss: 0.6838	Val Accuracy: 3.84
Training Epoch: 4/200	Train Loss: 0.4569	Val Accuracy: 3.88
Training Epoch: 5/200	Train Loss: 0.4197	Val Accuracy: 3.88
Training Epoch: 6/200	Train Loss: 0.4511	Val Accuracy: 3.9
Training Epoch: 7/200	Train Loss: 0.2823	Val Accuracy: 3.9
Training Epoch: 8/200	Train Loss: 0.2027	Val Accuracy: 4.34
Training Epoch: 9/200	Train Loss: 0.1838	Val Accuracy: 4.34
Training Epoch: 10/200	Train Loss: 0.1908	Val Accuracy: 4.36
Training Epoch: 11/200	Train Loss: 0.1296	Val Accuracy: 4.36
Training Epoch: 12/200	Train Loss: 0.2035	Val Accuracy: 4.5
Training Epoch: 13/200	Train Loss: 0.1123	Val Accuracy: 4.5
Training Epoch: 14/200	Train Loss: 0.2755	Val Accuracy: 4.74
Training Epoch: 15/200	Train Loss: 0.0864	Val Accuracy: 4.74
Training Epoch: 16/200	Train Loss: 0.1729	Val Accuracy: 4.12
Training Epoch: 17/200	Train Loss: 0.0841	Val Accuracy: 4.12
Training Epoch: 18/200	Train Loss: 0.136	Val Accuracy: 4.5
Training Epoch: 19/200	Train Loss: 0.0721	Val Accuracy: 4.5
Training Epoch: 20/200	Train Loss: 0.0684	Val Accuracy: 5.26
Training Epoch: 21/200	Train Loss: 0.068	Val Accuracy: 5.26
Training Epoch: 22/200	Train Loss: 0.0435	Val Accuracy: 4.64
Training Epoch: 23/200	Train Loss: 0.0499	Val Accuracy: 4.64
Training Epoch: 24/200	Train Loss: 0.0439	Val Accuracy: 4.78
Training Epoch: 25/200	Train Loss: 0.0406	Val Accuracy: 4.78
Training Epoch: 26/200	Train Loss: 0.0679	Val Accuracy: 4.62
Training Epoch: 27/200	Train Loss: 0.0458	Val Accuracy: 4.62
Training Epoch: 28/200	Train Loss: 0.0682	Val Accuracy: 4.54
Training Epoch: 29/200	Train Loss: 0.0334	Val Accuracy: 4.54
Training Epoch: 30/200	Train Loss: 0.024	Val Accuracy: 4.9
Training Epoch: 31/200	Train Loss: 0.0269	Val Accuracy: 4.9
Training Epoch: 32/200	Train Loss: 0.0381	Val Accuracy: 4.96
Training Epoch: 33/200	Train Loss: 0.0235	Val Accuracy: 4.96
Training Epoch: 34/200	Train Loss: 0.0224	Val Accuracy: 4.46
Training Epoch: 35/200	Train Loss: 0.055	Val Accuracy: 4.46
Training Epoch: 36/200	Train Loss: 0.0335	Val Accuracy: 4.76
Training Epoch: 37/200	Train Loss: 0.1189	Val Accuracy: 4.76
Training Epoch: 38/200	Train Loss: 0.0396	Val Accuracy: 4.5
Training Epoch: 39/200	Train Loss: 0.0241	Val Accuracy: 4.5
Training Epoch: 40/200	Train Loss: 0.0579	Val Accuracy: 4.26
Training Epoch: 41/200	Train Loss: 0.1305	Val Accuracy: 4.26
Training Epoch: 42/200	Train Loss: 0.0824	Val Accuracy: 4.24
Training Epoch: 43/200	Train Loss: 0.0545	Val Accuracy: 4.24
Training Epoch: 44/200	Train Loss: 0.0774	Val Accuracy: 4.22
Training Epoch: 45/200	Train Loss: 0.0333	Val Accuracy: 4.22
Training Epoch: 46/200	Train Loss: 0.0269	Val Accuracy: 4.54
Training Epoch: 47/200	Train Loss: 0.0545	Val Accuracy: 4.54
Training Epoch: 48/200	Train Loss: 0.1173	Val Accuracy: 4.26
Training Epoch: 49/200	Train Loss: 0.0615	Val Accuracy: 4.26
Training Epoch: 50/200	Train Loss: 0.0557	Val Accuracy: 4.88
Training Epoch: 51/200	Train Loss: 0.0756	Val Accuracy: 4.88
Training Epoch: 52/200	Train Loss: 0.0396	Val Accuracy: 5.02
Training Epoch: 53/200	Train Loss: 0.1542	Val Accuracy: 5.02
Training Epoch: 54/200	Train Loss: 0.0805	Val Accuracy: 4.68
Training Epoch: 55/200	Train Loss: 0.0701	Val Accuracy: 4.68
Training Epoch: 56/200	Train Loss: 0.0328	Val Accuracy: 4.02
Training Epoch: 57/200	Train Loss: 0.0796	Val Accuracy: 4.02
Training Epoch: 58/200	Train Loss: 0.0377	Val Accuracy: 4.52
Training Epoch: 59/200	Train Loss: 0.05	Val Accuracy: 4.52
Training Epoch: 60/200	Train Loss: 0.0311	Val Accuracy: 4.68
Training Epoch: 61/200	Train Loss: 0.0482	Val Accuracy: 4.68
Training Epoch: 62/200	Train Loss: 0.1667	Val Accuracy: 4.78
Training Epoch: 63/200	Train Loss: 0.049	Val Accuracy: 4.78
Training Epoch: 64/200	Train Loss: 0.1009	Val Accuracy: 4.76
Training Epoch: 65/200	Train Loss: 0.034	Val Accuracy: 4.76
Training Epoch: 66/200	Train Loss: 0.1373	Val Accuracy: 4.22
Training Epoch: 67/200	Train Loss: 0.0553	Val Accuracy: 4.22
Training Epoch: 68/200	Train Loss: 0.0761	Val Accuracy: 4.68
Training Epoch: 69/200	Train Loss: 0.0228	Val Accuracy: 4.68
Training Epoch: 70/200	Train Loss: 0.0971	Val Accuracy: 4.64
Training Epoch: 71/200	Train Loss: 0.0673	Val Accuracy: 4.64
Training Epoch: 72/200	Train Loss: 0.1111	Val Accuracy: 4.14
Training Epoch: 73/200	Train Loss: 0.0531	Val Accuracy: 4.14
Training Epoch: 74/200	Train Loss: 0.0447	Val Accuracy: 4.3
Training Epoch: 75/200	Train Loss: 0.0741	Val Accuracy: 4.3
Training Epoch: 76/200	Train Loss: 0.039	Val Accuracy: 4.24
Training Epoch: 77/200	Train Loss: 0.0529	Val Accuracy: 4.24
Training Epoch: 78/200	Train Loss: 0.1052	Val Accuracy: 4.38
Training Epoch: 79/200	Train Loss: 0.0944	Val Accuracy: 4.38
Training Epoch: 80/200	Train Loss: 0.0676	Val Accuracy: 4.18
Training Epoch: 81/200	Train Loss: 0.0263	Val Accuracy: 4.18
Training Epoch: 82/200	Train Loss: 0.0589	Val Accuracy: 4.6
Training Epoch: 83/200	Train Loss: 0.2027	Val Accuracy: 4.6
Training Epoch: 84/200	Train Loss: 0.0357	Val Accuracy: 4.58
Training Epoch: 85/200	Train Loss: 0.1034	Val Accuracy: 4.58
Training Epoch: 86/200	Train Loss: 0.0599	Val Accuracy: 4.22
Training Epoch: 87/200	Train Loss: 0.0701	Val Accuracy: 4.22
Training Epoch: 88/200	Train Loss: 0.0503	Val Accuracy: 4.2
Training Epoch: 89/200	Train Loss: 0.0552	Val Accuracy: 4.2
Training Epoch: 90/200	Train Loss: 0.0715	Val Accuracy: 4.56
Training Epoch: 91/200	Train Loss: 0.0333	Val Accuracy: 4.56
Training Epoch: 92/200	Train Loss: 0.0659	Val Accuracy: 4.88
Training Epoch: 93/200	Train Loss: 0.0626	Val Accuracy: 4.88
Training Epoch: 94/200	Train Loss: 0.0907	Val Accuracy: 4.52
Training Epoch: 95/200	Train Loss: 0.0283	Val Accuracy: 4.52
Training Epoch: 96/200	Train Loss: 0.08	Val Accuracy: 4.96
Training Epoch: 97/200	Train Loss: 0.0247	Val Accuracy: 4.96
Training Epoch: 98/200	Train Loss: 0.1338	Val Accuracy: 4.28
Training Epoch: 99/200	Train Loss: 0.0973	Val Accuracy: 4.28
Training Epoch: 100/200	Train Loss: 0.0641	Val Accuracy: 4.26
Training Epoch: 101/200	Train Loss: 0.0385	Val Accuracy: 4.26
Training Epoch: 102/200	Train Loss: 0.0351	Val Accuracy: 4.82
Training Epoch: 103/200	Train Loss: 0.0701	Val Accuracy: 4.82
Training Epoch: 104/200	Train Loss: 0.0467	Val Accuracy: 4.44
Training Epoch: 105/200	Train Loss: 0.0367	Val Accuracy: 4.44
Training Epoch: 106/200	Train Loss: 0.0698	Val Accuracy: 4.24
Training Epoch: 107/200	Train Loss: 0.0464	Val Accuracy: 4.24
Training Epoch: 108/200	Train Loss: 0.0884	Val Accuracy: 3.98
Training Epoch: 109/200	Train Loss: 0.09	Val Accuracy: 3.98
Training Epoch: 110/200	Train Loss: 0.1217	Val Accuracy: 4.32
Training Epoch: 111/200	Train Loss: 0.1005	Val Accuracy: 4.32
Training Epoch: 112/200	Train Loss: 0.067	Val Accuracy: 4.68
Training Epoch: 113/200	Train Loss: 0.0725	Val Accuracy: 4.68
Training Epoch: 114/200	Train Loss: 0.0515	Val Accuracy: 4.5
Training Epoch: 115/200	Train Loss: 0.0772	Val Accuracy: 4.5
Training Epoch: 116/200	Train Loss: 0.0498	Val Accuracy: 4.38
Training Epoch: 117/200	Train Loss: 0.0851	Val Accuracy: 4.38
Training Epoch: 118/200	Train Loss: 0.0477	Val Accuracy: 4.86
Training Epoch: 119/200	Train Loss: 0.0475	Val Accuracy: 4.86
Training Epoch: 120/200	Train Loss: 0.1039	Val Accuracy: 4.44
Training Epoch: 121/200	Train Loss: 0.0266	Val Accuracy: 4.44
Training Epoch: 122/200	Train Loss: 0.0715	Val Accuracy: 4.02
Training Epoch: 123/200	Train Loss: 0.0514	Val Accuracy: 4.02
Training Epoch: 124/200	Train Loss: 0.0399	Val Accuracy: 4.88
Training Epoch: 125/200	Train Loss: 0.0649	Val Accuracy: 4.88
Training Epoch: 126/200	Train Loss: 0.0457	Val Accuracy: 4.7
Training Epoch: 127/200	Train Loss: 0.0893	Val Accuracy: 4.7
Training Epoch: 128/200	Train Loss: 0.0161	Val Accuracy: 4.64
Training Epoch: 129/200	Train Loss: 0.0393	Val Accuracy: 4.64
Training Epoch: 130/200	Train Loss: 0.1397	Val Accuracy: 4.7
Training Epoch: 131/200	Train Loss: 0.1127	Val Accuracy: 4.7
Training Epoch: 132/200	Train Loss: 0.034	Val Accuracy: 4.4
Training Epoch: 133/200	Train Loss: 0.027	Val Accuracy: 4.4
Training Epoch: 134/200	Train Loss: 0.0358	Val Accuracy: 4.66
Training Epoch: 135/200	Train Loss: 0.0708	Val Accuracy: 4.66
Training Epoch: 136/200	Train Loss: 0.0943	Val Accuracy: 4.32
Training Epoch: 137/200	Train Loss: 0.0203	Val Accuracy: 4.32
Training Epoch: 138/200	Train Loss: 0.0346	Val Accuracy: 4.62
Training Epoch: 139/200	Train Loss: 0.1412	Val Accuracy: 4.62
Training Epoch: 140/200	Train Loss: 0.0516	Val Accuracy: 4.84
Training Epoch: 141/200	Train Loss: 0.0326	Val Accuracy: 4.84
Training Epoch: 142/200	Train Loss: 0.1249	Val Accuracy: 4.26
Training Epoch: 143/200	Train Loss: 0.0518	Val Accuracy: 4.26
Training Epoch: 144/200	Train Loss: 0.1033	Val Accuracy: 4.06
Training Epoch: 145/200	Train Loss: 0.1311	Val Accuracy: 4.06
Training Epoch: 146/200	Train Loss: 0.0639	Val Accuracy: 4.46
Training Epoch: 147/200	Train Loss: 0.0568	Val Accuracy: 4.46
Training Epoch: 148/200	Train Loss: 0.0381	Val Accuracy: 4.48
Training Epoch: 149/200	Train Loss: 0.1333	Val Accuracy: 4.48
Training Epoch: 150/200	Train Loss: 0.0564	Val Accuracy: 4.26
Training Epoch: 151/200	Train Loss: 0.0334	Val Accuracy: 4.26
Training Epoch: 152/200	Train Loss: 0.0524	Val Accuracy: 4.82
Training Epoch: 153/200	Train Loss: 0.158	Val Accuracy: 4.82
Training Epoch: 154/200	Train Loss: 0.0416	Val Accuracy: 5.24
Training Epoch: 155/200	Train Loss: 0.0801	Val Accuracy: 5.24
Training Epoch: 156/200	Train Loss: 0.046	Val Accuracy: 4.7
Training Epoch: 157/200	Train Loss: 0.0184	Val Accuracy: 4.7
Training Epoch: 158/200	Train Loss: 0.0145	Val Accuracy: 4.82
Training Epoch: 159/200	Train Loss: 0.0454	Val Accuracy: 4.82
Training Epoch: 160/200	Train Loss: 0.0245	Val Accuracy: 4.72
Training Epoch: 161/200	Train Loss: 0.0394	Val Accuracy: 4.72
Training Epoch: 162/200	Train Loss: 0.0116	Val Accuracy: 4.76
Training Epoch: 163/200	Train Loss: 0.0386	Val Accuracy: 4.76
Training Epoch: 164/200	Train Loss: 0.1337	Val Accuracy: 4.9
Training Epoch: 165/200	Train Loss: 0.0206	Val Accuracy: 4.9
Training Epoch: 166/200	Train Loss: 0.0607	Val Accuracy: 4.7
Training Epoch: 167/200	Train Loss: 0.0163	Val Accuracy: 4.7
Training Epoch: 168/200	Train Loss: 0.0267	Val Accuracy: 5.02
Training Epoch: 169/200	Train Loss: 0.0151	Val Accuracy: 5.02
Training Epoch: 170/200	Train Loss: 0.0363	Val Accuracy: 4.66
Training Epoch: 171/200	Train Loss: 0.1397	Val Accuracy: 4.66
Training Epoch: 172/200	Train Loss: 0.0502	Val Accuracy: 4.9
Training Epoch: 173/200	Train Loss: 0.1191	Val Accuracy: 4.9
Training Epoch: 174/200	Train Loss: 0.1612	Val Accuracy: 4.54
Training Epoch: 175/200	Train Loss: 0.0401	Val Accuracy: 4.54
Training Epoch: 176/200	Train Loss: 0.1474	Val Accuracy: 3.86
Training Epoch: 177/200	Train Loss: 0.1543	Val Accuracy: 3.86
Training Epoch: 178/200	Train Loss: 0.062	Val Accuracy: 4.74
Training Epoch: 179/200	Train Loss: 0.0837	Val Accuracy: 4.74
Training Epoch: 180/200	Train Loss: 0.1325	Val Accuracy: 4.62
Training Epoch: 181/200	Train Loss: 0.1545	Val Accuracy: 4.62
Training Epoch: 182/200	Train Loss: 0.1312	Val Accuracy: 4.36
Training Epoch: 183/200	Train Loss: 0.0789	Val Accuracy: 4.36
Training Epoch: 184/200	Train Loss: 0.1008	Val Accuracy: 4.24
Training Epoch: 185/200	Train Loss: 0.0662	Val Accuracy: 4.24
Training Epoch: 186/200	Train Loss: 0.0498	Val Accuracy: 4.42
Training Epoch: 187/200	Train Loss: 0.049	Val Accuracy: 4.42
Training Epoch: 188/200	Train Loss: 0.0987	Val Accuracy: 4.8
Training Epoch: 189/200	Train Loss: 0.077	Val Accuracy: 4.8
Training Epoch: 190/200	Train Loss: 0.0727	Val Accuracy: 4.76
Training Epoch: 191/200	Train Loss: 0.1045	Val Accuracy: 4.76
Training Epoch: 192/200	Train Loss: 0.0527	Val Accuracy: 4.48
Training Epoch: 193/200	Train Loss: 0.0989	Val Accuracy: 4.48
Training Epoch: 194/200	Train Loss: 0.0563	Val Accuracy: 4.52
Training Epoch: 195/200	Train Loss: 0.056	Val Accuracy: 4.52
Training Epoch: 196/200	Train Loss: 0.1109	Val Accuracy: 4.82
Training Epoch: 197/200	Train Loss: 0.0274	Val Accuracy: 4.82
Training Epoch: 198/200	Train Loss: 0.0444	Val Accuracy: 5.02
Training Epoch: 199/200	Train Loss: 0.0683	Val Accuracy: 5.02
Training Epoch: 200/200	Train Loss: 0.0873	Val Accuracy: 4.48

Wrote Best Model Checkpoint to: vlBest_acc_5_model_epoch_0020.pyth

Best Validation Accuracy: 5.26
Best Epoch: 20

======== TESTING ========

Test Accuracy: 4.21.

======== ACTIVE SAMPLING ========

ProbCover adaptive delta: base=0.6000, effective=0.5100, scale=0.85, phase=post_label_shrink, labeled_count=500
Coverage selection metadata: active=False (mode=adaptive_distance_cv_cover, variant=unknown, delta=0.5100, phase=adaptive_signal, bald_mean=0.0000, bald_max=0.0000, variance_mean=0.0000, variance_max=0.0000, dropout_iters=0, cover_anchors=0, diversity_lambda=0.00, selected_id_mean=0.0000, selected_signal_mean=0.0838, selected_radius_mean=0.8962, k_id=50, k_knn=50, alpha=1.00)
Active Sampling Complete. After Episode 9:
New Labeled Set: 550, New Unlabeled Set: 94450, Active Set: 50

================================


Current accuracy values:  [1.3100000000000023, 2.1700000000000017, 2.5999999999999943, 2.719999999999999, 2.8799999999999955, 4.230000000000004, 3.6500000000000057, 4.340000000000003, 4.060000000000002, 4.209999999999994]
======== EPISODE 10 BEGINS ========

======== TRAINING ========
Training Epoch: 1/200	Train Loss: 0.7909	Val Accuracy: 0.0
Training Epoch: 2/200	Train Loss: 0.4409	Val Accuracy: 3.62
Training Epoch: 3/200	Train Loss: 0.429	Val Accuracy: 3.62
Training Epoch: 4/200	Train Loss: 0.6236	Val Accuracy: 4.3
Training Epoch: 5/200	Train Loss: 0.3909	Val Accuracy: 4.3
Training Epoch: 6/200	Train Loss: 0.4219	Val Accuracy: 3.92
Training Epoch: 7/200	Train Loss: 0.1911	Val Accuracy: 3.92
Training Epoch: 8/200	Train Loss: 0.2438	Val Accuracy: 3.94
Training Epoch: 9/200	Train Loss: 0.3407	Val Accuracy: 3.94
Training Epoch: 10/200	Train Loss: 0.1438	Val Accuracy: 3.86
Training Epoch: 11/200	Train Loss: 0.1683	Val Accuracy: 3.86
Training Epoch: 12/200	Train Loss: 0.1639	Val Accuracy: 4.44
Training Epoch: 13/200	Train Loss: 0.1593	Val Accuracy: 4.44
Training Epoch: 14/200	Train Loss: 0.0651	Val Accuracy: 4.42
Training Epoch: 15/200	Train Loss: 0.1523	Val Accuracy: 4.42
Training Epoch: 16/200	Train Loss: 0.0907	Val Accuracy: 4.6
Training Epoch: 17/200	Train Loss: 0.0358	Val Accuracy: 4.6
Training Epoch: 18/200	Train Loss: 0.0771	Val Accuracy: 4.54
Training Epoch: 19/200	Train Loss: 0.1761	Val Accuracy: 4.54
Training Epoch: 20/200	Train Loss: 0.1524	Val Accuracy: 4.66
Training Epoch: 21/200	Train Loss: 0.0655	Val Accuracy: 4.66
Training Epoch: 22/200	Train Loss: 0.1311	Val Accuracy: 4.46
Training Epoch: 23/200	Train Loss: 0.1198	Val Accuracy: 4.46
Training Epoch: 24/200	Train Loss: 0.07	Val Accuracy: 4.44
Training Epoch: 25/200	Train Loss: 0.1182	Val Accuracy: 4.44
Training Epoch: 26/200	Train Loss: 0.0609	Val Accuracy: 4.68
Training Epoch: 27/200	Train Loss: 0.0601	Val Accuracy: 4.68
Training Epoch: 28/200	Train Loss: 0.0714	Val Accuracy: 4.44
Training Epoch: 29/200	Train Loss: 0.0615	Val Accuracy: 4.44
Training Epoch: 30/200	Train Loss: 0.0486	Val Accuracy: 4.8
Training Epoch: 31/200	Train Loss: 0.1183	Val Accuracy: 4.8
Training Epoch: 32/200	Train Loss: 0.1138	Val Accuracy: 4.54
Training Epoch: 33/200	Train Loss: 0.0605	Val Accuracy: 4.54
Training Epoch: 34/200	Train Loss: 0.0653	Val Accuracy: 4.76
Training Epoch: 35/200	Train Loss: 0.0976	Val Accuracy: 4.76
Training Epoch: 36/200	Train Loss: 0.0684	Val Accuracy: 4.54
Training Epoch: 37/200	Train Loss: 0.0319	Val Accuracy: 4.54
Training Epoch: 38/200	Train Loss: 0.0315	Val Accuracy: 4.96
Training Epoch: 39/200	Train Loss: 0.0422	Val Accuracy: 4.96
Training Epoch: 40/200	Train Loss: 0.0475	Val Accuracy: 5.06
Training Epoch: 41/200	Train Loss: 0.0271	Val Accuracy: 5.06
Training Epoch: 42/200	Train Loss: 0.0382	Val Accuracy: 4.88
Training Epoch: 43/200	Train Loss: 0.0381	Val Accuracy: 4.88
Training Epoch: 44/200	Train Loss: 0.0951	Val Accuracy: 4.44
Training Epoch: 45/200	Train Loss: 0.0275	Val Accuracy: 4.44
Training Epoch: 46/200	Train Loss: 0.0712	Val Accuracy: 4.82
Training Epoch: 47/200	Train Loss: 0.0442	Val Accuracy: 4.82
Training Epoch: 48/200	Train Loss: 0.0608	Val Accuracy: 4.76
Training Epoch: 49/200	Train Loss: 0.0557	Val Accuracy: 4.76
Training Epoch: 50/200	Train Loss: 0.0573	Val Accuracy: 4.84
Training Epoch: 51/200	Train Loss: 0.0416	Val Accuracy: 4.84
Training Epoch: 52/200	Train Loss: 0.0783	Val Accuracy: 4.56
Training Epoch: 53/200	Train Loss: 0.2011	Val Accuracy: 4.56
Training Epoch: 54/200	Train Loss: 0.0343	Val Accuracy: 4.5
Training Epoch: 55/200	Train Loss: 0.0436	Val Accuracy: 4.5
Training Epoch: 56/200	Train Loss: 0.0434	Val Accuracy: 4.92
Training Epoch: 57/200	Train Loss: 0.0661	Val Accuracy: 4.92
Training Epoch: 58/200	Train Loss: 0.0564	Val Accuracy: 4.94
Training Epoch: 59/200	Train Loss: 0.018	Val Accuracy: 4.94
Training Epoch: 60/200	Train Loss: 0.0293	Val Accuracy: 5.1
Training Epoch: 61/200	Train Loss: 0.0204	Val Accuracy: 5.1
Training Epoch: 62/200	Train Loss: 0.0846	Val Accuracy: 5.0
Training Epoch: 63/200	Train Loss: 0.0608	Val Accuracy: 5.0
Training Epoch: 64/200	Train Loss: 0.0327	Val Accuracy: 4.5
Training Epoch: 65/200	Train Loss: 0.0704	Val Accuracy: 4.5
Training Epoch: 66/200	Train Loss: 0.0411	Val Accuracy: 5.14
Training Epoch: 67/200	Train Loss: 0.0199	Val Accuracy: 5.14
Training Epoch: 68/200	Train Loss: 0.0458	Val Accuracy: 5.12
Training Epoch: 69/200	Train Loss: 0.0182	Val Accuracy: 5.12
Training Epoch: 70/200	Train Loss: 0.0543	Val Accuracy: 5.26
Training Epoch: 71/200	Train Loss: 0.0233	Val Accuracy: 5.26
Training Epoch: 72/200	Train Loss: 0.0088	Val Accuracy: 5.26
Training Epoch: 73/200	Train Loss: 0.0098	Val Accuracy: 5.26
Training Epoch: 74/200	Train Loss: 0.0133	Val Accuracy: 4.88
Training Epoch: 75/200	Train Loss: 0.0325	Val Accuracy: 4.88
Training Epoch: 76/200	Train Loss: 0.0807	Val Accuracy: 4.62
Training Epoch: 77/200	Train Loss: 0.0432	Val Accuracy: 4.62
Training Epoch: 78/200	Train Loss: 0.0562	Val Accuracy: 5.0
Training Epoch: 79/200	Train Loss: 0.033	Val Accuracy: 5.0
Training Epoch: 80/200	Train Loss: 0.0416	Val Accuracy: 4.4
Training Epoch: 81/200	Train Loss: 0.1957	Val Accuracy: 4.4
Training Epoch: 82/200	Train Loss: 0.1189	Val Accuracy: 4.68
Training Epoch: 83/200	Train Loss: 0.0903	Val Accuracy: 4.68
Training Epoch: 84/200	Train Loss: 0.093	Val Accuracy: 4.46
Training Epoch: 85/200	Train Loss: 0.1415	Val Accuracy: 4.46
Training Epoch: 86/200	Train Loss: 0.1149	Val Accuracy: 4.32
Training Epoch: 87/200	Train Loss: 0.1133	Val Accuracy: 4.32
Training Epoch: 88/200	Train Loss: 0.1227	Val Accuracy: 4.32
Training Epoch: 89/200	Train Loss: 0.0847	Val Accuracy: 4.32
Training Epoch: 90/200	Train Loss: 0.0612	Val Accuracy: 4.26
Training Epoch: 91/200	Train Loss: 0.1003	Val Accuracy: 4.26
Training Epoch: 92/200	Train Loss: 0.0475	Val Accuracy: 4.48
Training Epoch: 93/200	Train Loss: 0.0648	Val Accuracy: 4.48
Training Epoch: 94/200	Train Loss: 0.0267	Val Accuracy: 4.9
Training Epoch: 95/200	Train Loss: 0.049	Val Accuracy: 4.9
Training Epoch: 96/200	Train Loss: 0.028	Val Accuracy: 4.98
Training Epoch: 97/200	Train Loss: 0.1263	Val Accuracy: 4.98
Training Epoch: 98/200	Train Loss: 0.034	Val Accuracy: 4.5
Training Epoch: 99/200	Train Loss: 0.0503	Val Accuracy: 4.5
Training Epoch: 100/200	Train Loss: 0.0256	Val Accuracy: 4.78
Training Epoch: 101/200	Train Loss: 0.0528	Val Accuracy: 4.78
Training Epoch: 102/200	Train Loss: 0.0485	Val Accuracy: 4.26
Training Epoch: 103/200	Train Loss: 0.0305	Val Accuracy: 4.26
Training Epoch: 104/200	Train Loss: 0.0203	Val Accuracy: 4.96
Training Epoch: 105/200	Train Loss: 0.0715	Val Accuracy: 4.96
Training Epoch: 106/200	Train Loss: 0.0538	Val Accuracy: 5.02
Training Epoch: 107/200	Train Loss: 0.0334	Val Accuracy: 5.02
Training Epoch: 108/200	Train Loss: 0.0581	Val Accuracy: 5.1
Training Epoch: 109/200	Train Loss: 0.0242	Val Accuracy: 5.1
Training Epoch: 110/200	Train Loss: 0.0669	Val Accuracy: 4.44
Training Epoch: 111/200	Train Loss: 0.0621	Val Accuracy: 4.44
Training Epoch: 112/200	Train Loss: 0.0592	Val Accuracy: 4.32
Training Epoch: 113/200	Train Loss: 0.0687	Val Accuracy: 4.32
Training Epoch: 114/200	Train Loss: 0.1062	Val Accuracy: 4.76
Training Epoch: 115/200	Train Loss: 0.0787	Val Accuracy: 4.76
Training Epoch: 116/200	Train Loss: 0.0837	Val Accuracy: 4.98
Training Epoch: 117/200	Train Loss: 0.0518	Val Accuracy: 4.98
Training Epoch: 118/200	Train Loss: 0.1039	Val Accuracy: 4.48
Training Epoch: 119/200	Train Loss: 0.0564	Val Accuracy: 4.48
Training Epoch: 120/200	Train Loss: 0.1403	Val Accuracy: 4.5
Training Epoch: 121/200	Train Loss: 0.0936	Val Accuracy: 4.5
Training Epoch: 122/200	Train Loss: 0.0789	Val Accuracy: 4.6
Training Epoch: 123/200	Train Loss: 0.05	Val Accuracy: 4.6
Training Epoch: 124/200	Train Loss: 0.082	Val Accuracy: 4.5
Training Epoch: 125/200	Train Loss: 0.0547	Val Accuracy: 4.5
Training Epoch: 126/200	Train Loss: 0.0346	Val Accuracy: 4.78
Training Epoch: 127/200	Train Loss: 0.1188	Val Accuracy: 4.78
Training Epoch: 128/200	Train Loss: 0.0551	Val Accuracy: 4.58
Training Epoch: 129/200	Train Loss: 0.1044	Val Accuracy: 4.58
Training Epoch: 130/200	Train Loss: 0.0268	Val Accuracy: 4.48
Training Epoch: 131/200	Train Loss: 0.0375	Val Accuracy: 4.48
Training Epoch: 132/200	Train Loss: 0.0388	Val Accuracy: 4.74
Training Epoch: 133/200	Train Loss: 0.18	Val Accuracy: 4.74
Training Epoch: 134/200	Train Loss: 0.0326	Val Accuracy: 4.94
Training Epoch: 135/200	Train Loss: 0.0415	Val Accuracy: 4.94
Training Epoch: 136/200	Train Loss: 0.0229	Val Accuracy: 4.4
Training Epoch: 137/200	Train Loss: 0.1527	Val Accuracy: 4.4
Training Epoch: 138/200	Train Loss: 0.0752	Val Accuracy: 4.6
Training Epoch: 139/200	Train Loss: 0.0752	Val Accuracy: 4.6
Training Epoch: 140/200	Train Loss: 0.0514	Val Accuracy: 4.84
Training Epoch: 141/200	Train Loss: 0.0456	Val Accuracy: 4.84
Training Epoch: 142/200	Train Loss: 0.0502	Val Accuracy: 4.38
Training Epoch: 143/200	Train Loss: 0.0804	Val Accuracy: 4.38
Training Epoch: 144/200	Train Loss: 0.2192	Val Accuracy: 4.84
Training Epoch: 145/200	Train Loss: 0.0426	Val Accuracy: 4.84
Training Epoch: 146/200	Train Loss: 0.0707	Val Accuracy: 4.76
Training Epoch: 147/200	Train Loss: 0.0673	Val Accuracy: 4.76
Training Epoch: 148/200	Train Loss: 0.1471	Val Accuracy: 4.8
Training Epoch: 149/200	Train Loss: 0.0803	Val Accuracy: 4.8
Training Epoch: 150/200	Train Loss: 0.0469	Val Accuracy: 5.14
Training Epoch: 151/200	Train Loss: 0.0318	Val Accuracy: 5.14
Training Epoch: 152/200	Train Loss: 0.0437	Val Accuracy: 5.46
Training Epoch: 153/200	Train Loss: 0.0296	Val Accuracy: 5.46
Training Epoch: 154/200	Train Loss: 0.0344	Val Accuracy: 5.14
Training Epoch: 155/200	Train Loss: 0.1142	Val Accuracy: 5.14
Training Epoch: 156/200	Train Loss: 0.0165	Val Accuracy: 5.04
Training Epoch: 157/200	Train Loss: 0.0334	Val Accuracy: 5.04
Training Epoch: 158/200	Train Loss: 0.1213	Val Accuracy: 5.02
Training Epoch: 159/200	Train Loss: 0.0454	Val Accuracy: 5.02
Training Epoch: 160/200	Train Loss: 0.0664	Val Accuracy: 4.94
Training Epoch: 161/200	Train Loss: 0.0377	Val Accuracy: 4.94
Training Epoch: 162/200	Train Loss: 0.0456	Val Accuracy: 4.96
Training Epoch: 163/200	Train Loss: 0.0551	Val Accuracy: 4.96
Training Epoch: 164/200	Train Loss: 0.0368	Val Accuracy: 4.5
Training Epoch: 165/200	Train Loss: 0.0544	Val Accuracy: 4.5
Training Epoch: 166/200	Train Loss: 0.0208	Val Accuracy: 4.66
Training Epoch: 167/200	Train Loss: 0.0271	Val Accuracy: 4.66
Training Epoch: 168/200	Train Loss: 0.0551	Val Accuracy: 5.0
Training Epoch: 169/200	Train Loss: 0.1124	Val Accuracy: 5.0
Training Epoch: 170/200	Train Loss: 0.1992	Val Accuracy: 4.7
Training Epoch: 171/200	Train Loss: 0.0558	Val Accuracy: 4.7
Training Epoch: 172/200	Train Loss: 0.0696	Val Accuracy: 4.64
Training Epoch: 173/200	Train Loss: 0.0357	Val Accuracy: 4.64
Training Epoch: 174/200	Train Loss: 0.0188	Val Accuracy: 4.5
Training Epoch: 175/200	Train Loss: 0.0353	Val Accuracy: 4.5
Training Epoch: 176/200	Train Loss: 0.0377	Val Accuracy: 4.44
Training Epoch: 177/200	Train Loss: 0.0199	Val Accuracy: 4.44
Training Epoch: 178/200	Train Loss: 0.0195	Val Accuracy: 4.98
Training Epoch: 179/200	Train Loss: 0.0967	Val Accuracy: 4.98
Training Epoch: 180/200	Train Loss: 0.0265	Val Accuracy: 4.94
Training Epoch: 181/200	Train Loss: 0.0283	Val Accuracy: 4.94
Training Epoch: 182/200	Train Loss: 0.0525	Val Accuracy: 5.36
Training Epoch: 183/200	Train Loss: 0.0948	Val Accuracy: 5.36
Training Epoch: 184/200	Train Loss: 0.0292	Val Accuracy: 4.7
Training Epoch: 185/200	Train Loss: 0.1213	Val Accuracy: 4.7
Training Epoch: 186/200	Train Loss: 0.0598	Val Accuracy: 4.72
Training Epoch: 187/200	Train Loss: 0.1092	Val Accuracy: 4.72
Training Epoch: 188/200	Train Loss: 0.1013	Val Accuracy: 4.22
Training Epoch: 189/200	Train Loss: 0.0606	Val Accuracy: 4.22
Training Epoch: 190/200	Train Loss: 0.0271	Val Accuracy: 4.84
Training Epoch: 191/200	Train Loss: 0.0576	Val Accuracy: 4.84
Training Epoch: 192/200	Train Loss: 0.0868	Val Accuracy: 4.88
Training Epoch: 193/200	Train Loss: 0.0333	Val Accuracy: 4.88
Training Epoch: 194/200	Train Loss: 0.0496	Val Accuracy: 5.48
Training Epoch: 195/200	Train Loss: 0.0395	Val Accuracy: 5.48
Training Epoch: 196/200	Train Loss: 0.0266	Val Accuracy: 4.82
Training Epoch: 197/200	Train Loss: 0.0228	Val Accuracy: 4.82
Training Epoch: 198/200	Train Loss: 0.015	Val Accuracy: 5.2
Training Epoch: 199/200	Train Loss: 0.0289	Val Accuracy: 5.2
Training Epoch: 200/200	Train Loss: 0.0265	Val Accuracy: 5.0

Wrote Best Model Checkpoint to: vlBest_acc_5_model_epoch_0194.pyth

Best Validation Accuracy: 5.48
Best Epoch: 194

======== TESTING ========

Test Accuracy: 4.83.

======== ACTIVE SAMPLING ========

ProbCover adaptive delta: base=0.6000, effective=0.5100, scale=0.85, phase=post_label_shrink, labeled_count=550
Coverage selection metadata: active=False (mode=adaptive_distance_cv_cover, variant=unknown, delta=0.5100, phase=adaptive_signal, bald_mean=0.0000, bald_max=0.0000, variance_mean=0.0000, variance_max=0.0000, dropout_iters=0, cover_anchors=0, diversity_lambda=0.00, selected_id_mean=0.0000, selected_signal_mean=0.0854, selected_radius_mean=0.9126, k_id=50, k_knn=50, alpha=1.00)
Active Sampling Complete. After Episode 10:
New Labeled Set: 600, New Unlabeled Set: 94400, Active Set: 50

================================


Current accuracy values:  [1.3100000000000023, 2.1700000000000017, 2.5999999999999943, 2.719999999999999, 2.8799999999999955, 4.230000000000004, 3.6500000000000057, 4.340000000000003, 4.060000000000002, 4.209999999999994, 4.829999999999998]
======== EPISODE 11 BEGINS ========

======== TRAINING ========
Training Epoch: 1/200	Train Loss: 1.021	Val Accuracy: 0.0
Training Epoch: 2/200	Train Loss: 0.3959	Val Accuracy: 4.8
Training Epoch: 3/200	Train Loss: 0.5453	Val Accuracy: 4.8
Training Epoch: 4/200	Train Loss: 0.4643	Val Accuracy: 4.36
Training Epoch: 5/200	Train Loss: 0.323	Val Accuracy: 4.36
Training Epoch: 6/200	Train Loss: 0.1841	Val Accuracy: 4.48
Training Epoch: 7/200	Train Loss: 0.2012	Val Accuracy: 4.48
Training Epoch: 8/200	Train Loss: 0.1043	Val Accuracy: 4.7
Training Epoch: 9/200	Train Loss: 0.1259	Val Accuracy: 4.7
Training Epoch: 10/200	Train Loss: 0.1168	Val Accuracy: 4.96
Training Epoch: 11/200	Train Loss: 0.1849	Val Accuracy: 4.96
Training Epoch: 12/200	Train Loss: 0.1062	Val Accuracy: 4.74
Training Epoch: 13/200	Train Loss: 0.0933	Val Accuracy: 4.74
Training Epoch: 14/200	Train Loss: 0.0366	Val Accuracy: 4.86
Training Epoch: 15/200	Train Loss: 0.1264	Val Accuracy: 4.86
Training Epoch: 16/200	Train Loss: 0.0361	Val Accuracy: 5.18
Training Epoch: 17/200	Train Loss: 0.1197	Val Accuracy: 5.18
Training Epoch: 18/200	Train Loss: 0.0651	Val Accuracy: 5.14
Training Epoch: 19/200	Train Loss: 0.0271	Val Accuracy: 5.14
Training Epoch: 20/200	Train Loss: 0.0794	Val Accuracy: 4.9
Training Epoch: 21/200	Train Loss: 0.0644	Val Accuracy: 4.9
Training Epoch: 22/200	Train Loss: 0.0364	Val Accuracy: 5.46
Training Epoch: 23/200	Train Loss: 0.023	Val Accuracy: 5.46
Training Epoch: 24/200	Train Loss: 0.0864	Val Accuracy: 5.22
Training Epoch: 25/200	Train Loss: 0.0518	Val Accuracy: 5.22
Training Epoch: 26/200	Train Loss: 0.1188	Val Accuracy: 5.26
Training Epoch: 27/200	Train Loss: 0.0407	Val Accuracy: 5.26
Training Epoch: 28/200	Train Loss: 0.0705	Val Accuracy: 4.96
Training Epoch: 29/200	Train Loss: 0.0609	Val Accuracy: 4.96
Training Epoch: 30/200	Train Loss: 0.2023	Val Accuracy: 4.92
Training Epoch: 31/200	Train Loss: 0.0391	Val Accuracy: 4.92
Training Epoch: 32/200	Train Loss: 0.027	Val Accuracy: 5.16
Training Epoch: 33/200	Train Loss: 0.2206	Val Accuracy: 5.16
Training Epoch: 34/200	Train Loss: 0.0373	Val Accuracy: 5.0
Training Epoch: 35/200	Train Loss: 0.0373	Val Accuracy: 5.0
Training Epoch: 36/200	Train Loss: 0.0533	Val Accuracy: 5.26
Training Epoch: 37/200	Train Loss: 0.0372	Val Accuracy: 5.26
Training Epoch: 38/200	Train Loss: 0.1011	Val Accuracy: 4.82
Training Epoch: 39/200	Train Loss: 0.0443	Val Accuracy: 4.82
Training Epoch: 40/200	Train Loss: 0.0488	Val Accuracy: 4.54
Training Epoch: 41/200	Train Loss: 0.0887	Val Accuracy: 4.54
Training Epoch: 42/200	Train Loss: 0.0599	Val Accuracy: 5.28
Training Epoch: 43/200	Train Loss: 0.2265	Val Accuracy: 5.28
Training Epoch: 44/200	Train Loss: 0.1053	Val Accuracy: 5.06
Training Epoch: 45/200	Train Loss: 0.133	Val Accuracy: 5.06
Training Epoch: 46/200	Train Loss: 0.1289	Val Accuracy: 4.04
Training Epoch: 47/200	Train Loss: 0.1569	Val Accuracy: 4.04
Training Epoch: 48/200	Train Loss: 0.0884	Val Accuracy: 4.82
Training Epoch: 49/200	Train Loss: 0.1085	Val Accuracy: 4.82
Training Epoch: 50/200	Train Loss: 0.0767	Val Accuracy: 4.46
Training Epoch: 51/200	Train Loss: 0.0637	Val Accuracy: 4.46
Training Epoch: 52/200	Train Loss: 0.0934	Val Accuracy: 4.68
Training Epoch: 53/200	Train Loss: 0.0653	Val Accuracy: 4.68
Training Epoch: 54/200	Train Loss: 0.1259	Val Accuracy: 4.7
Training Epoch: 55/200	Train Loss: 0.0615	Val Accuracy: 4.7
Training Epoch: 56/200	Train Loss: 0.1682	Val Accuracy: 4.98
Training Epoch: 57/200	Train Loss: 0.0639	Val Accuracy: 4.98
Training Epoch: 58/200	Train Loss: 0.0476	Val Accuracy: 4.9
Training Epoch: 59/200	Train Loss: 0.0451	Val Accuracy: 4.9
Training Epoch: 60/200	Train Loss: 0.0508	Val Accuracy: 4.64
Training Epoch: 61/200	Train Loss: 0.0603	Val Accuracy: 4.64
Training Epoch: 62/200	Train Loss: 0.0267	Val Accuracy: 4.76
Training Epoch: 63/200	Train Loss: 0.0282	Val Accuracy: 4.76
Training Epoch: 64/200	Train Loss: 0.0633	Val Accuracy: 4.68
Training Epoch: 65/200	Train Loss: 0.0616	Val Accuracy: 4.68
Training Epoch: 66/200	Train Loss: 0.0198	Val Accuracy: 4.7
Training Epoch: 67/200	Train Loss: 0.0269	Val Accuracy: 4.7
Training Epoch: 68/200	Train Loss: 0.1057	Val Accuracy: 4.96
Training Epoch: 69/200	Train Loss: 0.0932	Val Accuracy: 4.96
Training Epoch: 70/200	Train Loss: 0.08	Val Accuracy: 4.82
Training Epoch: 71/200	Train Loss: 0.1127	Val Accuracy: 4.82
Training Epoch: 72/200	Train Loss: 0.1779	Val Accuracy: 4.7
Training Epoch: 73/200	Train Loss: 0.131	Val Accuracy: 4.7
Training Epoch: 74/200	Train Loss: 0.0512	Val Accuracy: 4.84
Training Epoch: 75/200	Train Loss: 0.1026	Val Accuracy: 4.84
Training Epoch: 76/200	Train Loss: 0.0617	Val Accuracy: 5.28
Training Epoch: 77/200	Train Loss: 0.066	Val Accuracy: 5.28
Training Epoch: 78/200	Train Loss: 0.0351	Val Accuracy: 4.34
Training Epoch: 79/200	Train Loss: 0.0439	Val Accuracy: 4.34
Training Epoch: 80/200	Train Loss: 0.0331	Val Accuracy: 5.2
Training Epoch: 81/200	Train Loss: 0.0421	Val Accuracy: 5.2
Training Epoch: 82/200	Train Loss: 0.0202	Val Accuracy: 5.06
Training Epoch: 83/200	Train Loss: 0.0498	Val Accuracy: 5.06
Training Epoch: 84/200	Train Loss: 0.0604	Val Accuracy: 5.04
Training Epoch: 85/200	Train Loss: 0.0127	Val Accuracy: 5.04
Training Epoch: 86/200	Train Loss: 0.0171	Val Accuracy: 5.36
Training Epoch: 87/200	Train Loss: 0.0255	Val Accuracy: 5.36
Training Epoch: 88/200	Train Loss: 0.0188	Val Accuracy: 5.26
Training Epoch: 89/200	Train Loss: 0.0571	Val Accuracy: 5.26
Training Epoch: 90/200	Train Loss: 0.0164	Val Accuracy: 4.88
Training Epoch: 91/200	Train Loss: 0.029	Val Accuracy: 4.88
Training Epoch: 92/200	Train Loss: 0.0196	Val Accuracy: 5.22
Training Epoch: 93/200	Train Loss: 0.0301	Val Accuracy: 5.22
Training Epoch: 94/200	Train Loss: 0.0147	Val Accuracy: 4.62
Training Epoch: 95/200	Train Loss: 0.0234	Val Accuracy: 4.62
Training Epoch: 96/200	Train Loss: 0.0536	Val Accuracy: 5.22
Training Epoch: 97/200	Train Loss: 0.0216	Val Accuracy: 5.22
Training Epoch: 98/200	Train Loss: 0.0201	Val Accuracy: 5.02
Training Epoch: 99/200	Train Loss: 0.0189	Val Accuracy: 5.02
Training Epoch: 100/200	Train Loss: 0.0131	Val Accuracy: 5.32
Training Epoch: 101/200	Train Loss: 0.0166	Val Accuracy: 5.32
Training Epoch: 102/200	Train Loss: 0.008	Val Accuracy: 5.42
Training Epoch: 103/200	Train Loss: 0.024	Val Accuracy: 5.42
Training Epoch: 104/200	Train Loss: 0.08	Val Accuracy: 5.56
Training Epoch: 105/200	Train Loss: 0.0132	Val Accuracy: 5.56
Training Epoch: 106/200	Train Loss: 0.0075	Val Accuracy: 5.52
Training Epoch: 107/200	Train Loss: 0.0191	Val Accuracy: 5.52
Training Epoch: 108/200	Train Loss: 0.0106	Val Accuracy: 5.74
Training Epoch: 109/200	Train Loss: 0.013	Val Accuracy: 5.74
Training Epoch: 110/200	Train Loss: 0.0145	Val Accuracy: 5.6
Training Epoch: 111/200	Train Loss: 0.0055	Val Accuracy: 5.6
Training Epoch: 112/200	Train Loss: 0.0124	Val Accuracy: 5.14
Training Epoch: 113/200	Train Loss: 0.0107	Val Accuracy: 5.14
Training Epoch: 114/200	Train Loss: 0.0155	Val Accuracy: 5.1
Training Epoch: 115/200	Train Loss: 0.0327	Val Accuracy: 5.1
Training Epoch: 116/200	Train Loss: 0.0143	Val Accuracy: 5.42
Training Epoch: 117/200	Train Loss: 0.04	Val Accuracy: 5.42
Training Epoch: 118/200	Train Loss: 0.1003	Val Accuracy: 5.02
Training Epoch: 119/200	Train Loss: 0.1127	Val Accuracy: 5.02
Training Epoch: 120/200	Train Loss: 0.1641	Val Accuracy: 4.96
Training Epoch: 121/200	Train Loss: 0.1578	Val Accuracy: 4.96
Training Epoch: 122/200	Train Loss: 0.0449	Val Accuracy: 4.42
Training Epoch: 123/200	Train Loss: 0.0725	Val Accuracy: 4.42
Training Epoch: 124/200	Train Loss: 0.1427	Val Accuracy: 4.82
Training Epoch: 125/200	Train Loss: 0.0631	Val Accuracy: 4.82
Training Epoch: 126/200	Train Loss: 0.0942	Val Accuracy: 4.56
Training Epoch: 127/200	Train Loss: 0.0487	Val Accuracy: 4.56
Training Epoch: 128/200	Train Loss: 0.098	Val Accuracy: 4.76
Training Epoch: 129/200	Train Loss: 0.1018	Val Accuracy: 4.76
Training Epoch: 130/200	Train Loss: 0.1743	Val Accuracy: 4.72
Training Epoch: 131/200	Train Loss: 0.0912	Val Accuracy: 4.72
Training Epoch: 132/200	Train Loss: 0.0494	Val Accuracy: 4.74
Training Epoch: 133/200	Train Loss: 0.0711	Val Accuracy: 4.74
Training Epoch: 134/200	Train Loss: 0.0532	Val Accuracy: 4.42
Training Epoch: 135/200	Train Loss: 0.0814	Val Accuracy: 4.42
Training Epoch: 136/200	Train Loss: 0.1639	Val Accuracy: 4.64
Training Epoch: 137/200	Train Loss: 0.0447	Val Accuracy: 4.64
Training Epoch: 138/200	Train Loss: 0.0726	Val Accuracy: 5.14
Training Epoch: 139/200	Train Loss: 0.0654	Val Accuracy: 5.14
Training Epoch: 140/200	Train Loss: 0.0806	Val Accuracy: 5.02
Training Epoch: 141/200	Train Loss: 0.0738	Val Accuracy: 5.02
Training Epoch: 142/200	Train Loss: 0.0985	Val Accuracy: 5.1
Training Epoch: 143/200	Train Loss: 0.0334	Val Accuracy: 5.1
Training Epoch: 144/200	Train Loss: 0.0317	Val Accuracy: 4.62
Training Epoch: 145/200	Train Loss: 0.0389	Val Accuracy: 4.62
Training Epoch: 146/200	Train Loss: 0.0619	Val Accuracy: 4.7
Training Epoch: 147/200	Train Loss: 0.0668	Val Accuracy: 4.7
Training Epoch: 148/200	Train Loss: 0.0794	Val Accuracy: 4.74
Training Epoch: 149/200	Train Loss: 0.13	Val Accuracy: 4.74
Training Epoch: 150/200	Train Loss: 0.0786	Val Accuracy: 4.78
Training Epoch: 151/200	Train Loss: 0.0739	Val Accuracy: 4.78
Training Epoch: 152/200	Train Loss: 0.0476	Val Accuracy: 5.14
Training Epoch: 153/200	Train Loss: 0.0378	Val Accuracy: 5.14
Training Epoch: 154/200	Train Loss: 0.0315	Val Accuracy: 5.22
Training Epoch: 155/200	Train Loss: 0.0349	Val Accuracy: 5.22
Training Epoch: 156/200	Train Loss: 0.0459	Val Accuracy: 5.02
Training Epoch: 157/200	Train Loss: 0.0127	Val Accuracy: 5.02
Training Epoch: 158/200	Train Loss: 0.0183	Val Accuracy: 4.92
Training Epoch: 159/200	Train Loss: 0.0322	Val Accuracy: 4.92
Training Epoch: 160/200	Train Loss: 0.0388	Val Accuracy: 5.14
Training Epoch: 161/200	Train Loss: 0.0626	Val Accuracy: 5.14
Training Epoch: 162/200	Train Loss: 0.0245	Val Accuracy: 5.46
Training Epoch: 163/200	Train Loss: 0.0287	Val Accuracy: 5.46
Training Epoch: 164/200	Train Loss: 0.0385	Val Accuracy: 4.94
Training Epoch: 165/200	Train Loss: 0.0239	Val Accuracy: 4.94
Training Epoch: 166/200	Train Loss: 0.0116	Val Accuracy: 5.54
Training Epoch: 167/200	Train Loss: 0.1258	Val Accuracy: 5.54
Training Epoch: 168/200	Train Loss: 0.1142	Val Accuracy: 5.32
Training Epoch: 169/200	Train Loss: 0.0139	Val Accuracy: 5.32
Training Epoch: 170/200	Train Loss: 0.0172	Val Accuracy: 5.42
Training Epoch: 171/200	Train Loss: 0.0163	Val Accuracy: 5.42
Training Epoch: 172/200	Train Loss: 0.0522	Val Accuracy: 5.08
Training Epoch: 173/200	Train Loss: 0.0197	Val Accuracy: 5.08
Training Epoch: 174/200	Train Loss: 0.0361	Val Accuracy: 4.82
Training Epoch: 175/200	Train Loss: 0.0241	Val Accuracy: 4.82
Training Epoch: 176/200	Train Loss: 0.0071	Val Accuracy: 5.02
Training Epoch: 177/200	Train Loss: 0.0642	Val Accuracy: 5.02
Training Epoch: 178/200	Train Loss: 0.0767	Val Accuracy: 5.1
Training Epoch: 179/200	Train Loss: 0.0875	Val Accuracy: 5.1
Training Epoch: 180/200	Train Loss: 0.1001	Val Accuracy: 4.58
Training Epoch: 181/200	Train Loss: 0.069	Val Accuracy: 4.58
Training Epoch: 182/200	Train Loss: 0.0696	Val Accuracy: 5.18
Training Epoch: 183/200	Train Loss: 0.0692	Val Accuracy: 5.18
Training Epoch: 184/200	Train Loss: 0.0714	Val Accuracy: 5.26
Training Epoch: 185/200	Train Loss: 0.0422	Val Accuracy: 5.26
Training Epoch: 186/200	Train Loss: 0.0524	Val Accuracy: 5.38
Training Epoch: 187/200	Train Loss: 0.1087	Val Accuracy: 5.38
Training Epoch: 188/200	Train Loss: 0.0204	Val Accuracy: 3.94
Training Epoch: 189/200	Train Loss: 0.0427	Val Accuracy: 3.94
Training Epoch: 190/200	Train Loss: 0.1558	Val Accuracy: 4.28
Training Epoch: 191/200	Train Loss: 0.0634	Val Accuracy: 4.28
Training Epoch: 192/200	Train Loss: 0.0885	Val Accuracy: 4.74
Training Epoch: 193/200	Train Loss: 0.0638	Val Accuracy: 4.74
Training Epoch: 194/200	Train Loss: 0.142	Val Accuracy: 4.76
Training Epoch: 195/200	Train Loss: 0.1489	Val Accuracy: 4.76
Training Epoch: 196/200	Train Loss: 0.0976	Val Accuracy: 4.68
Training Epoch: 197/200	Train Loss: 0.1274	Val Accuracy: 4.68
Training Epoch: 198/200	Train Loss: 0.2401	Val Accuracy: 4.42
Training Epoch: 199/200	Train Loss: 0.0942	Val Accuracy: 4.42
Training Epoch: 200/200	Train Loss: 0.1337	Val Accuracy: 4.96

Wrote Best Model Checkpoint to: vlBest_acc_5_model_epoch_0108.pyth

Best Validation Accuracy: 5.74
Best Epoch: 108

======== TESTING ========

Test Accuracy: 4.44.

======== ACTIVE SAMPLING ========

ProbCover adaptive delta: base=0.6000, effective=0.5100, scale=0.85, phase=post_label_shrink, labeled_count=600
Coverage selection metadata: active=False (mode=adaptive_distance_cv_cover, variant=unknown, delta=0.5100, phase=adaptive_signal, bald_mean=0.0000, bald_max=0.0000, variance_mean=0.0000, variance_max=0.0000, dropout_iters=0, cover_anchors=0, diversity_lambda=0.00, selected_id_mean=0.0000, selected_signal_mean=0.0826, selected_radius_mean=0.8836, k_id=50, k_knn=50, alpha=1.00)
Active Sampling Complete. After Episode 11:
New Labeled Set: 650, New Unlabeled Set: 94350, Active Set: 50

================================


Current accuracy values:  [1.3100000000000023, 2.1700000000000017, 2.5999999999999943, 2.719999999999999, 2.8799999999999955, 4.230000000000004, 3.6500000000000057, 4.340000000000003, 4.060000000000002, 4.209999999999994, 4.829999999999998, 4.439999999999998]
======== EPISODE 12 BEGINS ========

======== TRAINING ========
Training Epoch: 1/200	Train Loss: 0.5564	Val Accuracy: 0.0
Training Epoch: 2/200	Train Loss: 0.6438	Val Accuracy: 4.0
Training Epoch: 3/200	Train Loss: 0.5285	Val Accuracy: 4.0
Training Epoch: 4/200	Train Loss: 0.4098	Val Accuracy: 4.78
Training Epoch: 5/200	Train Loss: 0.3155	Val Accuracy: 4.78
Training Epoch: 6/200	Train Loss: 0.2929	Val Accuracy: 4.22
Training Epoch: 7/200	Train Loss: 0.1667	Val Accuracy: 4.22
Training Epoch: 8/200	Train Loss: 0.1167	Val Accuracy: 5.12
Training Epoch: 9/200	Train Loss: 0.1825	Val Accuracy: 5.12
Training Epoch: 10/200	Train Loss: 0.0924	Val Accuracy: 5.62
Training Epoch: 11/200	Train Loss: 0.1075	Val Accuracy: 5.62
Training Epoch: 12/200	Train Loss: 0.2092	Val Accuracy: 4.84
Training Epoch: 13/200	Train Loss: 0.0919	Val Accuracy: 4.84
Training Epoch: 14/200	Train Loss: 0.0875	Val Accuracy: 4.9
Training Epoch: 15/200	Train Loss: 0.1052	Val Accuracy: 4.9
Training Epoch: 16/200	Train Loss: 0.0455	Val Accuracy: 5.1
Training Epoch: 17/200	Train Loss: 0.0778	Val Accuracy: 5.1
Training Epoch: 18/200	Train Loss: 0.0567	Val Accuracy: 4.98
Training Epoch: 19/200	Train Loss: 0.0742	Val Accuracy: 4.98
Training Epoch: 20/200	Train Loss: 0.0613	Val Accuracy: 5.64
Training Epoch: 21/200	Train Loss: 0.1068	Val Accuracy: 5.64
Training Epoch: 22/200	Train Loss: 0.0776	Val Accuracy: 5.18
Training Epoch: 23/200	Train Loss: 0.1176	Val Accuracy: 5.18
Training Epoch: 24/200	Train Loss: 0.0877	Val Accuracy: 5.22
Training Epoch: 25/200	Train Loss: 0.106	Val Accuracy: 5.22
Training Epoch: 26/200	Train Loss: 0.0713	Val Accuracy: 5.26
Training Epoch: 27/200	Train Loss: 0.0171	Val Accuracy: 5.26
Training Epoch: 28/200	Train Loss: 0.0912	Val Accuracy: 5.18
Training Epoch: 29/200	Train Loss: 0.0552	Val Accuracy: 5.18
Training Epoch: 30/200	Train Loss: 0.0374	Val Accuracy: 5.42
Training Epoch: 31/200	Train Loss: 0.0455	Val Accuracy: 5.42
Training Epoch: 32/200	Train Loss: 0.0481	Val Accuracy: 5.36
Training Epoch: 33/200	Train Loss: 0.0392	Val Accuracy: 5.36
Training Epoch: 34/200	Train Loss: 0.0255	Val Accuracy: 5.18
Training Epoch: 35/200	Train Loss: 0.0397	Val Accuracy: 5.18
Training Epoch: 36/200	Train Loss: 0.0575	Val Accuracy: 5.34
Training Epoch: 37/200	Train Loss: 0.0215	Val Accuracy: 5.34
Training Epoch: 38/200	Train Loss: 0.0145	Val Accuracy: 5.6
Training Epoch: 39/200	Train Loss: 0.021	Val Accuracy: 5.6
Training Epoch: 40/200	Train Loss: 0.0201	Val Accuracy: 5.38
Training Epoch: 41/200	Train Loss: 0.0431	Val Accuracy: 5.38
Training Epoch: 42/200	Train Loss: 0.028	Val Accuracy: 5.9
Training Epoch: 43/200	Train Loss: 0.0519	Val Accuracy: 5.9
Training Epoch: 44/200	Train Loss: 0.0197	Val Accuracy: 5.48
Training Epoch: 45/200	Train Loss: 0.02	Val Accuracy: 5.48
Training Epoch: 46/200	Train Loss: 0.0181	Val Accuracy: 5.14
Training Epoch: 47/200	Train Loss: 0.081	Val Accuracy: 5.14
Training Epoch: 48/200	Train Loss: 0.0169	Val Accuracy: 5.02
Training Epoch: 49/200	Train Loss: 0.0127	Val Accuracy: 5.02
Training Epoch: 50/200	Train Loss: 0.1018	Val Accuracy: 5.74
Training Epoch: 51/200	Train Loss: 0.0748	Val Accuracy: 5.74
Training Epoch: 52/200	Train Loss: 0.1388	Val Accuracy: 5.26
Training Epoch: 53/200	Train Loss: 0.1012	Val Accuracy: 5.26
Training Epoch: 54/200	Train Loss: 0.0411	Val Accuracy: 5.18
Training Epoch: 55/200	Train Loss: 0.0279	Val Accuracy: 5.18
Training Epoch: 56/200	Train Loss: 0.1465	Val Accuracy: 4.92
Training Epoch: 57/200	Train Loss: 0.0882	Val Accuracy: 4.92
Training Epoch: 58/200	Train Loss: 0.103	Val Accuracy: 4.52
Training Epoch: 59/200	Train Loss: 0.1068	Val Accuracy: 4.52
Training Epoch: 60/200	Train Loss: 0.1667	Val Accuracy: 4.6
Training Epoch: 61/200	Train Loss: 0.0799	Val Accuracy: 4.6
Training Epoch: 62/200	Train Loss: 0.245	Val Accuracy: 4.72
Training Epoch: 63/200	Train Loss: 0.0452	Val Accuracy: 4.72
Training Epoch: 64/200	Train Loss: 0.1331	Val Accuracy: 5.02
Training Epoch: 65/200	Train Loss: 0.2664	Val Accuracy: 5.02
Training Epoch: 66/200	Train Loss: 0.073	Val Accuracy: 4.88
Training Epoch: 67/200	Train Loss: 0.0855	Val Accuracy: 4.88
Training Epoch: 68/200	Train Loss: 0.0843	Val Accuracy: 4.92
Training Epoch: 69/200	Train Loss: 0.0647	Val Accuracy: 4.92
Training Epoch: 70/200	Train Loss: 0.0414	Val Accuracy: 4.9
Training Epoch: 71/200	Train Loss: 0.0822	Val Accuracy: 4.9
Training Epoch: 72/200	Train Loss: 0.048	Val Accuracy: 4.92
Training Epoch: 73/200	Train Loss: 0.0607	Val Accuracy: 4.92
Training Epoch: 74/200	Train Loss: 0.0473	Val Accuracy: 5.58
Training Epoch: 75/200	Train Loss: 0.1259	Val Accuracy: 5.58
Training Epoch: 76/200	Train Loss: 0.0265	Val Accuracy: 5.46
Training Epoch: 77/200	Train Loss: 0.0479	Val Accuracy: 5.46
Training Epoch: 78/200	Train Loss: 0.0479	Val Accuracy: 5.54
Training Epoch: 79/200	Train Loss: 0.0363	Val Accuracy: 5.54
Training Epoch: 80/200	Train Loss: 0.0849	Val Accuracy: 5.18
Training Epoch: 81/200	Train Loss: 0.0562	Val Accuracy: 5.18
Training Epoch: 82/200	Train Loss: 0.0724	Val Accuracy: 5.54
Training Epoch: 83/200	Train Loss: 0.0256	Val Accuracy: 5.54
Training Epoch: 84/200	Train Loss: 0.0276	Val Accuracy: 5.12
Training Epoch: 85/200	Train Loss: 0.0086	Val Accuracy: 5.12
Training Epoch: 86/200	Train Loss: 0.0675	Val Accuracy: 5.26
Training Epoch: 87/200	Train Loss: 0.0432	Val Accuracy: 5.26
Training Epoch: 88/200	Train Loss: 0.0445	Val Accuracy: 5.86
Training Epoch: 89/200	Train Loss: 0.0452	Val Accuracy: 5.86
Training Epoch: 90/200	Train Loss: 0.0188	Val Accuracy: 5.74
Training Epoch: 91/200	Train Loss: 0.018	Val Accuracy: 5.74
Training Epoch: 92/200	Train Loss: 0.0687	Val Accuracy: 5.52
Training Epoch: 93/200	Train Loss: 0.0176	Val Accuracy: 5.52
Training Epoch: 94/200	Train Loss: 0.103	Val Accuracy: 4.86
Training Epoch: 95/200	Train Loss: 0.0354	Val Accuracy: 4.86
Training Epoch: 96/200	Train Loss: 0.0534	Val Accuracy: 5.36
Training Epoch: 97/200	Train Loss: 0.0225	Val Accuracy: 5.36
Training Epoch: 98/200	Train Loss: 0.0201	Val Accuracy: 5.32
Training Epoch: 99/200	Train Loss: 0.0744	Val Accuracy: 5.32
Training Epoch: 100/200	Train Loss: 0.0571	Val Accuracy: 5.58
Training Epoch: 101/200	Train Loss: 0.034	Val Accuracy: 5.58
Training Epoch: 102/200	Train Loss: 0.1052	Val Accuracy: 5.2
Training Epoch: 103/200	Train Loss: 0.0826	Val Accuracy: 5.2
Training Epoch: 104/200	Train Loss: 0.0703	Val Accuracy: 5.22
Training Epoch: 105/200	Train Loss: 0.1286	Val Accuracy: 5.22
Training Epoch: 106/200	Train Loss: 0.0423	Val Accuracy: 4.94
Training Epoch: 107/200	Train Loss: 0.0533	Val Accuracy: 4.94
Training Epoch: 108/200	Train Loss: 0.1116	Val Accuracy: 5.14
Training Epoch: 109/200	Train Loss: 0.1133	Val Accuracy: 5.14
Training Epoch: 110/200	Train Loss: 0.024	Val Accuracy: 5.28
Training Epoch: 111/200	Train Loss: 0.0694	Val Accuracy: 5.28
Training Epoch: 112/200	Train Loss: 0.216	Val Accuracy: 5.24
Training Epoch: 113/200	Train Loss: 0.1058	Val Accuracy: 5.24
Training Epoch: 114/200	Train Loss: 0.0606	Val Accuracy: 4.82
Training Epoch: 115/200	Train Loss: 0.115	Val Accuracy: 4.82
Training Epoch: 116/200	Train Loss: 0.1391	Val Accuracy: 5.36
Training Epoch: 117/200	Train Loss: 0.0424	Val Accuracy: 5.36
Training Epoch: 118/200	Train Loss: 0.2582	Val Accuracy: 5.14
Training Epoch: 119/200	Train Loss: 0.0942	Val Accuracy: 5.14
Training Epoch: 120/200	Train Loss: 0.0483	Val Accuracy: 5.36
Training Epoch: 121/200	Train Loss: 0.0917	Val Accuracy: 5.36
Training Epoch: 122/200	Train Loss: 0.1021	Val Accuracy: 5.48
Training Epoch: 123/200	Train Loss: 0.0405	Val Accuracy: 5.48
Training Epoch: 124/200	Train Loss: 0.0984	Val Accuracy: 5.44
Training Epoch: 125/200	Train Loss: 0.057	Val Accuracy: 5.44
Training Epoch: 126/200	Train Loss: 0.0833	Val Accuracy: 5.34
Training Epoch: 127/200	Train Loss: 0.1339	Val Accuracy: 5.34
Training Epoch: 128/200	Train Loss: 0.032	Val Accuracy: 5.58
Training Epoch: 129/200	Train Loss: 0.1351	Val Accuracy: 5.58
Training Epoch: 130/200	Train Loss: 0.0332	Val Accuracy: 5.38
Training Epoch: 131/200	Train Loss: 0.0704	Val Accuracy: 5.38
Training Epoch: 132/200	Train Loss: 0.0185	Val Accuracy: 5.36
Training Epoch: 133/200	Train Loss: 0.1083	Val Accuracy: 5.36
Training Epoch: 134/200	Train Loss: 0.0289	Val Accuracy: 5.02
Training Epoch: 135/200	Train Loss: 0.0262	Val Accuracy: 5.02
Training Epoch: 136/200	Train Loss: 0.0201	Val Accuracy: 5.34
Training Epoch: 137/200	Train Loss: 0.0176	Val Accuracy: 5.34
Training Epoch: 138/200	Train Loss: 0.0252	Val Accuracy: 5.36
Training Epoch: 139/200	Train Loss: 0.0224	Val Accuracy: 5.36
Training Epoch: 140/200	Train Loss: 0.0186	Val Accuracy: 5.34
Training Epoch: 141/200	Train Loss: 0.0261	Val Accuracy: 5.34
Training Epoch: 142/200	Train Loss: 0.0717	Val Accuracy: 5.52
Training Epoch: 143/200	Train Loss: 0.011	Val Accuracy: 5.52
Training Epoch: 144/200	Train Loss: 0.0382	Val Accuracy: 5.1
Training Epoch: 145/200	Train Loss: 0.0056	Val Accuracy: 5.1
Training Epoch: 146/200	Train Loss: 0.0177	Val Accuracy: 5.58
Training Epoch: 147/200	Train Loss: 0.0162	Val Accuracy: 5.58
Training Epoch: 148/200	Train Loss: 0.0229	Val Accuracy: 5.64
Training Epoch: 149/200	Train Loss: 0.0082	Val Accuracy: 5.64
Training Epoch: 150/200	Train Loss: 0.0074	Val Accuracy: 5.74
Training Epoch: 151/200	Train Loss: 0.0208	Val Accuracy: 5.74
Training Epoch: 152/200	Train Loss: 0.0265	Val Accuracy: 5.52
Training Epoch: 153/200	Train Loss: 0.0107	Val Accuracy: 5.52
Training Epoch: 154/200	Train Loss: 0.0112	Val Accuracy: 5.26
Training Epoch: 155/200	Train Loss: 0.0143	Val Accuracy: 5.26
Training Epoch: 156/200	Train Loss: 0.0794	Val Accuracy: 5.82
Training Epoch: 157/200	Train Loss: 0.0627	Val Accuracy: 5.82
Training Epoch: 158/200	Train Loss: 0.0155	Val Accuracy: 5.66
Training Epoch: 159/200	Train Loss: 0.019	Val Accuracy: 5.66
Training Epoch: 160/200	Train Loss: 0.0092	Val Accuracy: 5.58
Training Epoch: 161/200	Train Loss: 0.0631	Val Accuracy: 5.58
Training Epoch: 162/200	Train Loss: 0.0148	Val Accuracy: 5.38
Training Epoch: 163/200	Train Loss: 0.0307	Val Accuracy: 5.38
Training Epoch: 164/200	Train Loss: 0.0145	Val Accuracy: 5.44
Training Epoch: 165/200	Train Loss: 0.0256	Val Accuracy: 5.44
Training Epoch: 166/200	Train Loss: 0.0134	Val Accuracy: 5.66
Training Epoch: 167/200	Train Loss: 0.0237	Val Accuracy: 5.66
Training Epoch: 168/200	Train Loss: 0.0159	Val Accuracy: 5.68
Training Epoch: 169/200	Train Loss: 0.0165	Val Accuracy: 5.68
Training Epoch: 170/200	Train Loss: 0.0252	Val Accuracy: 5.58
Training Epoch: 171/200	Train Loss: 0.1134	Val Accuracy: 5.58
Training Epoch: 172/200	Train Loss: 0.0352	Val Accuracy: 4.96
Training Epoch: 173/200	Train Loss: 0.0656	Val Accuracy: 4.96
Training Epoch: 174/200	Train Loss: 0.032	Val Accuracy: 5.48
Training Epoch: 175/200	Train Loss: 0.1552	Val Accuracy: 5.48
Training Epoch: 176/200	Train Loss: 0.0387	Val Accuracy: 5.16
Training Epoch: 177/200	Train Loss: 0.1348	Val Accuracy: 5.16
Training Epoch: 178/200	Train Loss: 0.0389	Val Accuracy: 5.24
Training Epoch: 179/200	Train Loss: 0.05	Val Accuracy: 5.24
Training Epoch: 180/200	Train Loss: 0.0553	Val Accuracy: 5.68
Training Epoch: 181/200	Train Loss: 0.0334	Val Accuracy: 5.68
Training Epoch: 182/200	Train Loss: 0.036	Val Accuracy: 5.12
Training Epoch: 183/200	Train Loss: 0.0362	Val Accuracy: 5.12
Training Epoch: 184/200	Train Loss: 0.0294	Val Accuracy: 5.2
Training Epoch: 185/200	Train Loss: 0.0828	Val Accuracy: 5.2
Training Epoch: 186/200	Train Loss: 0.0763	Val Accuracy: 4.68
Training Epoch: 187/200	Train Loss: 0.0631	Val Accuracy: 4.68
Training Epoch: 188/200	Train Loss: 0.024	Val Accuracy: 4.98
Training Epoch: 189/200	Train Loss: 0.0601	Val Accuracy: 4.98
Training Epoch: 190/200	Train Loss: 0.0684	Val Accuracy: 5.52
Training Epoch: 191/200	Train Loss: 0.0269	Val Accuracy: 5.52
Training Epoch: 192/200	Train Loss: 0.1672	Val Accuracy: 4.76
Training Epoch: 193/200	Train Loss: 0.0189	Val Accuracy: 4.76
Training Epoch: 194/200	Train Loss: 0.1757	Val Accuracy: 5.08
Training Epoch: 195/200	Train Loss: 0.0914	Val Accuracy: 5.08
Training Epoch: 196/200	Train Loss: 0.1085	Val Accuracy: 5.38
Training Epoch: 197/200	Train Loss: 0.1238	Val Accuracy: 5.38
Training Epoch: 198/200	Train Loss: 0.0376	Val Accuracy: 5.1
Training Epoch: 199/200	Train Loss: 0.0542	Val Accuracy: 5.1
Training Epoch: 200/200	Train Loss: 0.037	Val Accuracy: 5.44

Wrote Best Model Checkpoint to: vlBest_acc_5_model_epoch_0042.pyth

Best Validation Accuracy: 5.9
Best Epoch: 42

======== TESTING ========

Test Accuracy: 5.28.

======== ACTIVE SAMPLING ========

ProbCover adaptive delta: base=0.6000, effective=0.5100, scale=0.85, phase=post_label_shrink, labeled_count=650
Coverage selection metadata: active=False (mode=adaptive_distance_cv_cover, variant=unknown, delta=0.5100, phase=adaptive_signal, bald_mean=0.0000, bald_max=0.0000, variance_mean=0.0000, variance_max=0.0000, dropout_iters=0, cover_anchors=0, diversity_lambda=0.00, selected_id_mean=0.0000, selected_signal_mean=0.0788, selected_radius_mean=0.8422, k_id=50, k_knn=50, alpha=1.00)
Active Sampling Complete. After Episode 12:
New Labeled Set: 700, New Unlabeled Set: 94300, Active Set: 50

================================


Current accuracy values:  [1.3100000000000023, 2.1700000000000017, 2.5999999999999943, 2.719999999999999, 2.8799999999999955, 4.230000000000004, 3.6500000000000057, 4.340000000000003, 4.060000000000002, 4.209999999999994, 4.829999999999998, 4.439999999999998, 5.280000000000001]
======== EPISODE 13 BEGINS ========

======== TRAINING ========
Training Epoch: 1/200	Train Loss: 0.5744	Val Accuracy: 0.0
Training Epoch: 2/200	Train Loss: 0.5958	Val Accuracy: 4.92
Training Epoch: 3/200	Train Loss: 0.2872	Val Accuracy: 4.92
Training Epoch: 4/200	Train Loss: 0.3041	Val Accuracy: 4.84
Training Epoch: 5/200	Train Loss: 0.3492	Val Accuracy: 4.84
Training Epoch: 6/200	Train Loss: 0.2141	Val Accuracy: 4.86
Training Epoch: 7/200	Train Loss: 0.178	Val Accuracy: 4.86
Training Epoch: 8/200	Train Loss: 0.171	Val Accuracy: 5.04
Training Epoch: 9/200	Train Loss: 0.215	Val Accuracy: 5.04
Training Epoch: 10/200	Train Loss: 0.2442	Val Accuracy: 5.02
Training Epoch: 11/200	Train Loss: 0.186	Val Accuracy: 5.02
Training Epoch: 12/200	Train Loss: 0.102	Val Accuracy: 5.22
Training Epoch: 13/200	Train Loss: 0.1494	Val Accuracy: 5.22
Training Epoch: 14/200	Train Loss: 0.0655	Val Accuracy: 4.26
Training Epoch: 15/200	Train Loss: 0.0378	Val Accuracy: 4.26
Training Epoch: 16/200	Train Loss: 0.0438	Val Accuracy: 5.62
Training Epoch: 17/200	Train Loss: 0.1046	Val Accuracy: 5.62
Training Epoch: 18/200	Train Loss: 0.0679	Val Accuracy: 5.24
Training Epoch: 19/200	Train Loss: 0.0874	Val Accuracy: 5.24
Training Epoch: 20/200	Train Loss: 0.0323	Val Accuracy: 5.64
Training Epoch: 21/200	Train Loss: 0.2562	Val Accuracy: 5.64
Training Epoch: 22/200	Train Loss: 0.0908	Val Accuracy: 5.52
Training Epoch: 23/200	Train Loss: 0.0477	Val Accuracy: 5.52
Training Epoch: 24/200	Train Loss: 0.1441	Val Accuracy: 5.56
Training Epoch: 25/200	Train Loss: 0.0685	Val Accuracy: 5.56
Training Epoch: 26/200	Train Loss: 0.056	Val Accuracy: 5.36
Training Epoch: 27/200	Train Loss: 0.0595	Val Accuracy: 5.36
Training Epoch: 28/200	Train Loss: 0.0483	Val Accuracy: 5.66
Training Epoch: 29/200	Train Loss: 0.0782	Val Accuracy: 5.66
Training Epoch: 30/200	Train Loss: 0.0601	Val Accuracy: 5.22
Training Epoch: 31/200	Train Loss: 0.0659	Val Accuracy: 5.22
Training Epoch: 32/200	Train Loss: 0.036	Val Accuracy: 5.3
Training Epoch: 33/200	Train Loss: 0.0408	Val Accuracy: 5.3
Training Epoch: 34/200	Train Loss: 0.0355	Val Accuracy: 5.52
Training Epoch: 35/200	Train Loss: 0.0385	Val Accuracy: 5.52
Training Epoch: 36/200	Train Loss: 0.0266	Val Accuracy: 5.08
Training Epoch: 37/200	Train Loss: 0.0333	Val Accuracy: 5.08
Training Epoch: 38/200	Train Loss: 0.0514	Val Accuracy: 5.22
Training Epoch: 39/200	Train Loss: 0.0515	Val Accuracy: 5.22
Training Epoch: 40/200	Train Loss: 0.0246	Val Accuracy: 5.52
Training Epoch: 41/200	Train Loss: 0.0237	Val Accuracy: 5.52
Training Epoch: 42/200	Train Loss: 0.0734	Val Accuracy: 5.48
Training Epoch: 43/200	Train Loss: 0.0748	Val Accuracy: 5.48
Training Epoch: 44/200	Train Loss: 0.0424	Val Accuracy: 5.18
Training Epoch: 45/200	Train Loss: 0.1733	Val Accuracy: 5.18
Training Epoch: 46/200	Train Loss: 0.0776	Val Accuracy: 5.16
Training Epoch: 47/200	Train Loss: 0.0765	Val Accuracy: 5.16
Training Epoch: 48/200	Train Loss: 0.1261	Val Accuracy: 5.26
Training Epoch: 49/200	Train Loss: 0.1075	Val Accuracy: 5.26
Training Epoch: 50/200	Train Loss: 0.0374	Val Accuracy: 5.2
Training Epoch: 51/200	Train Loss: 0.0692	Val Accuracy: 5.2
Training Epoch: 52/200	Train Loss: 0.0787	Val Accuracy: 5.5
Training Epoch: 53/200	Train Loss: 0.0133	Val Accuracy: 5.5
Training Epoch: 54/200	Train Loss: 0.0181	Val Accuracy: 5.24
Training Epoch: 55/200	Train Loss: 0.0158	Val Accuracy: 5.24
Training Epoch: 56/200	Train Loss: 0.0134	Val Accuracy: 5.42
Training Epoch: 57/200	Train Loss: 0.05	Val Accuracy: 5.42
Training Epoch: 58/200	Train Loss: 0.0321	Val Accuracy: 5.1
Training Epoch: 59/200	Train Loss: 0.0602	Val Accuracy: 5.1
Training Epoch: 60/200	Train Loss: 0.0422	Val Accuracy: 5.14
Training Epoch: 61/200	Train Loss: 0.0604	Val Accuracy: 5.14
Training Epoch: 62/200	Train Loss: 0.0186	Val Accuracy: 5.34
Training Epoch: 63/200	Train Loss: 0.0447	Val Accuracy: 5.34
Training Epoch: 64/200	Train Loss: 0.0186	Val Accuracy: 5.44
Training Epoch: 65/200	Train Loss: 0.0326	Val Accuracy: 5.44
Training Epoch: 66/200	Train Loss: 0.124	Val Accuracy: 5.36
Training Epoch: 67/200	Train Loss: 0.0581	Val Accuracy: 5.36
Training Epoch: 68/200	Train Loss: 0.0624	Val Accuracy: 5.6
Training Epoch: 69/200	Train Loss: 0.0352	Val Accuracy: 5.6
Training Epoch: 70/200	Train Loss: 0.0709	Val Accuracy: 5.26
Training Epoch: 71/200	Train Loss: 0.0734	Val Accuracy: 5.26
Training Epoch: 72/200	Train Loss: 0.153	Val Accuracy: 5.52
Training Epoch: 73/200	Train Loss: 0.1463	Val Accuracy: 5.52
Training Epoch: 74/200	Train Loss: 0.079	Val Accuracy: 4.88
Training Epoch: 75/200	Train Loss: 0.3217	Val Accuracy: 4.88
Training Epoch: 76/200	Train Loss: 0.1163	Val Accuracy: 4.98
Training Epoch: 77/200	Train Loss: 0.2316	Val Accuracy: 4.98
Training Epoch: 78/200	Train Loss: 0.1969	Val Accuracy: 4.38
Training Epoch: 79/200	Train Loss: 0.1412	Val Accuracy: 4.38
Training Epoch: 80/200	Train Loss: 0.166	Val Accuracy: 4.82
Training Epoch: 81/200	Train Loss: 0.0479	Val Accuracy: 4.82
Training Epoch: 82/200	Train Loss: 0.0982	Val Accuracy: 5.62
Training Epoch: 83/200	Train Loss: 0.0525	Val Accuracy: 5.62
Training Epoch: 84/200	Train Loss: 0.0608	Val Accuracy: 6.02
Training Epoch: 85/200	Train Loss: 0.0978	Val Accuracy: 6.02
Training Epoch: 86/200	Train Loss: 0.0893	Val Accuracy: 5.44
Training Epoch: 87/200	Train Loss: 0.0709	Val Accuracy: 5.44
Training Epoch: 88/200	Train Loss: 0.066	Val Accuracy: 4.96
Training Epoch: 89/200	Train Loss: 0.0354	Val Accuracy: 4.96
Training Epoch: 90/200	Train Loss: 0.0732	Val Accuracy: 5.48
Training Epoch: 91/200	Train Loss: 0.0708	Val Accuracy: 5.48
Training Epoch: 92/200	Train Loss: 0.0538	Val Accuracy: 5.6
Training Epoch: 93/200	Train Loss: 0.0509	Val Accuracy: 5.6
Training Epoch: 94/200	Train Loss: 0.0326	Val Accuracy: 5.56
Training Epoch: 95/200	Train Loss: 0.0602	Val Accuracy: 5.56
Training Epoch: 96/200	Train Loss: 0.022	Val Accuracy: 5.84
Training Epoch: 97/200	Train Loss: 0.096	Val Accuracy: 5.84
Training Epoch: 98/200	Train Loss: 0.0174	Val Accuracy: 5.72
Training Epoch: 99/200	Train Loss: 0.0456	Val Accuracy: 5.72
Training Epoch: 100/200	Train Loss: 0.0855	Val Accuracy: 5.84
Training Epoch: 101/200	Train Loss: 0.0255	Val Accuracy: 5.84
Training Epoch: 102/200	Train Loss: 0.0706	Val Accuracy: 5.78
Training Epoch: 103/200	Train Loss: 0.0481	Val Accuracy: 5.78
Training Epoch: 104/200	Train Loss: 0.1023	Val Accuracy: 5.22
Training Epoch: 105/200	Train Loss: 0.0725	Val Accuracy: 5.22
Training Epoch: 106/200	Train Loss: 0.0831	Val Accuracy: 5.56
Training Epoch: 107/200	Train Loss: 0.0298	Val Accuracy: 5.56
Training Epoch: 108/200	Train Loss: 0.0246	Val Accuracy: 5.76
Training Epoch: 109/200	Train Loss: 0.0135	Val Accuracy: 5.76
Training Epoch: 110/200	Train Loss: 0.0159	Val Accuracy: 5.5
Training Epoch: 111/200	Train Loss: 0.0104	Val Accuracy: 5.5
Training Epoch: 112/200	Train Loss: 0.0404	Val Accuracy: 5.98
Training Epoch: 113/200	Train Loss: 0.0118	Val Accuracy: 5.98
Training Epoch: 114/200	Train Loss: 0.0256	Val Accuracy: 5.96
Training Epoch: 115/200	Train Loss: 0.0584	Val Accuracy: 5.96
Training Epoch: 116/200	Train Loss: 0.0677	Val Accuracy: 5.88
Training Epoch: 117/200	Train Loss: 0.0094	Val Accuracy: 5.88
Training Epoch: 118/200	Train Loss: 0.0171	Val Accuracy: 5.58
Training Epoch: 119/200	Train Loss: 0.0395	Val Accuracy: 5.58
Training Epoch: 120/200	Train Loss: 0.0938	Val Accuracy: 5.42
Training Epoch: 121/200	Train Loss: 0.0644	Val Accuracy: 5.42
Training Epoch: 122/200	Train Loss: 0.0603	Val Accuracy: 5.38
Training Epoch: 123/200	Train Loss: 0.0384	Val Accuracy: 5.38
Training Epoch: 124/200	Train Loss: 0.0502	Val Accuracy: 6.04
Training Epoch: 125/200	Train Loss: 0.061	Val Accuracy: 6.04
Training Epoch: 126/200	Train Loss: 0.0203	Val Accuracy: 4.98
Training Epoch: 127/200	Train Loss: 0.0274	Val Accuracy: 4.98
Training Epoch: 128/200	Train Loss: 0.156	Val Accuracy: 5.74
Training Epoch: 129/200	Train Loss: 0.0282	Val Accuracy: 5.74
Training Epoch: 130/200	Train Loss: 0.0315	Val Accuracy: 5.9
Training Epoch: 131/200	Train Loss: 0.0253	Val Accuracy: 5.9
Training Epoch: 132/200	Train Loss: 0.0426	Val Accuracy: 5.74
Training Epoch: 133/200	Train Loss: 0.0996	Val Accuracy: 5.74
Training Epoch: 134/200	Train Loss: 0.0639	Val Accuracy: 5.32
Training Epoch: 135/200	Train Loss: 0.2487	Val Accuracy: 5.32
Training Epoch: 136/200	Train Loss: 0.07	Val Accuracy: 5.22
Training Epoch: 137/200	Train Loss: 0.0556	Val Accuracy: 5.22
Training Epoch: 138/200	Train Loss: 0.0673	Val Accuracy: 5.68
Training Epoch: 139/200	Train Loss: 0.0873	Val Accuracy: 5.68
Training Epoch: 140/200	Train Loss: 0.0915	Val Accuracy: 5.48
Training Epoch: 141/200	Train Loss: 0.105	Val Accuracy: 5.48
Training Epoch: 142/200	Train Loss: 0.0614	Val Accuracy: 5.68
Training Epoch: 143/200	Train Loss: 0.0604	Val Accuracy: 5.68
Training Epoch: 144/200	Train Loss: 0.1021	Val Accuracy: 5.12
Training Epoch: 145/200	Train Loss: 0.0468	Val Accuracy: 5.12
Training Epoch: 146/200	Train Loss: 0.0544	Val Accuracy: 5.3
Training Epoch: 147/200	Train Loss: 0.0806	Val Accuracy: 5.3
Training Epoch: 148/200	Train Loss: 0.0313	Val Accuracy: 5.24
Training Epoch: 149/200	Train Loss: 0.0316	Val Accuracy: 5.24
Training Epoch: 150/200	Train Loss: 0.0407	Val Accuracy: 5.14
Training Epoch: 151/200	Train Loss: 0.0222	Val Accuracy: 5.14
Training Epoch: 152/200	Train Loss: 0.0568	Val Accuracy: 5.94
Training Epoch: 153/200	Train Loss: 0.1056	Val Accuracy: 5.94
Training Epoch: 154/200	Train Loss: 0.1041	Val Accuracy: 5.3
Training Epoch: 155/200	Train Loss: 0.0741	Val Accuracy: 5.3
Training Epoch: 156/200	Train Loss: 0.1741	Val Accuracy: 5.12
Training Epoch: 157/200	Train Loss: 0.0353	Val Accuracy: 5.12
Training Epoch: 158/200	Train Loss: 0.0982	Val Accuracy: 4.7
Training Epoch: 159/200	Train Loss: 0.0775	Val Accuracy: 4.7
Training Epoch: 160/200	Train Loss: 0.1398	Val Accuracy: 5.16
Training Epoch: 161/200	Train Loss: 0.0461	Val Accuracy: 5.16
Training Epoch: 162/200	Train Loss: 0.1167	Val Accuracy: 5.3
Training Epoch: 163/200	Train Loss: 0.0703	Val Accuracy: 5.3
Training Epoch: 164/200	Train Loss: 0.0478	Val Accuracy: 5.3
Training Epoch: 165/200	Train Loss: 0.0585	Val Accuracy: 5.3
Training Epoch: 166/200	Train Loss: 0.0202	Val Accuracy: 4.94
Training Epoch: 167/200	Train Loss: 0.0685	Val Accuracy: 4.94
Training Epoch: 168/200	Train Loss: 0.0916	Val Accuracy: 5.2
Training Epoch: 169/200	Train Loss: 0.0556	Val Accuracy: 5.2
Training Epoch: 170/200	Train Loss: 0.0316	Val Accuracy: 5.78
Training Epoch: 171/200	Train Loss: 0.0619	Val Accuracy: 5.78
Training Epoch: 172/200	Train Loss: 0.0644	Val Accuracy: 5.28
Training Epoch: 173/200	Train Loss: 0.0194	Val Accuracy: 5.28
Training Epoch: 174/200	Train Loss: 0.0635	Val Accuracy: 5.26
Training Epoch: 175/200	Train Loss: 0.0425	Val Accuracy: 5.26
Training Epoch: 176/200	Train Loss: 0.1353	Val Accuracy: 5.72
Training Epoch: 177/200	Train Loss: 0.0594	Val Accuracy: 5.72
Training Epoch: 178/200	Train Loss: 0.0511	Val Accuracy: 5.36
Training Epoch: 179/200	Train Loss: 0.0257	Val Accuracy: 5.36
Training Epoch: 180/200	Train Loss: 0.044	Val Accuracy: 6.1
Training Epoch: 181/200	Train Loss: 0.0264	Val Accuracy: 6.1
Training Epoch: 182/200	Train Loss: 0.0181	Val Accuracy: 5.28
Training Epoch: 183/200	Train Loss: 0.0477	Val Accuracy: 5.28
Training Epoch: 184/200	Train Loss: 0.0203	Val Accuracy: 5.12
Training Epoch: 185/200	Train Loss: 0.0096	Val Accuracy: 5.12
Training Epoch: 186/200	Train Loss: 0.044	Val Accuracy: 4.98
Training Epoch: 187/200	Train Loss: 0.0168	Val Accuracy: 4.98
Training Epoch: 188/200	Train Loss: 0.0221	Val Accuracy: 5.18
Training Epoch: 189/200	Train Loss: 0.0192	Val Accuracy: 5.18
Training Epoch: 190/200	Train Loss: 0.0126	Val Accuracy: 5.08
Training Epoch: 191/200	Train Loss: 0.0409	Val Accuracy: 5.08
Training Epoch: 192/200	Train Loss: 0.0218	Val Accuracy: 4.7
Training Epoch: 193/200	Train Loss: 0.0198	Val Accuracy: 4.7
Training Epoch: 194/200	Train Loss: 0.0203	Val Accuracy: 5.18
Training Epoch: 195/200	Train Loss: 0.0307	Val Accuracy: 5.18
Training Epoch: 196/200	Train Loss: 0.0475	Val Accuracy: 5.48
Training Epoch: 197/200	Train Loss: 0.0558	Val Accuracy: 5.48
Training Epoch: 198/200	Train Loss: 0.0277	Val Accuracy: 5.04
Training Epoch: 199/200	Train Loss: 0.0843	Val Accuracy: 5.04
Training Epoch: 200/200	Train Loss: 0.1722	Val Accuracy: 5.18

Wrote Best Model Checkpoint to: vlBest_acc_6_model_epoch_0180.pyth

Best Validation Accuracy: 6.1
Best Epoch: 180

======== TESTING ========

Test Accuracy: 5.21.

======== ACTIVE SAMPLING ========

ProbCover adaptive delta: base=0.6000, effective=0.5100, scale=0.85, phase=post_label_shrink, labeled_count=700
Coverage selection metadata: active=False (mode=adaptive_distance_cv_cover, variant=unknown, delta=0.5100, phase=adaptive_signal, bald_mean=0.0000, bald_max=0.0000, variance_mean=0.0000, variance_max=0.0000, dropout_iters=0, cover_anchors=0, diversity_lambda=0.00, selected_id_mean=0.0000, selected_signal_mean=0.0790, selected_radius_mean=0.8445, k_id=50, k_knn=50, alpha=1.00)
Active Sampling Complete. After Episode 13:
New Labeled Set: 750, New Unlabeled Set: 94250, Active Set: 50

================================


Current accuracy values:  [1.3100000000000023, 2.1700000000000017, 2.5999999999999943, 2.719999999999999, 2.8799999999999955, 4.230000000000004, 3.6500000000000057, 4.340000000000003, 4.060000000000002, 4.209999999999994, 4.829999999999998, 4.439999999999998, 5.280000000000001, 5.209999999999994]
======== EPISODE 14 BEGINS ========

======== TRAINING ========
Training Epoch: 1/200	Train Loss: 0.4204	Val Accuracy: 0.0
Training Epoch: 2/200	Train Loss: 0.4628	Val Accuracy: 4.98
Training Epoch: 3/200	Train Loss: 0.3072	Val Accuracy: 4.98
Training Epoch: 4/200	Train Loss: 0.3626	Val Accuracy: 5.04
Training Epoch: 5/200	Train Loss: 0.3001	Val Accuracy: 5.04
Training Epoch: 6/200	Train Loss: 0.2595	Val Accuracy: 5.12
Training Epoch: 7/200	Train Loss: 0.206	Val Accuracy: 5.12
Training Epoch: 8/200	Train Loss: 0.2205	Val Accuracy: 5.32
Training Epoch: 9/200	Train Loss: 0.2037	Val Accuracy: 5.32
Training Epoch: 10/200	Train Loss: 0.1634	Val Accuracy: 5.14
Training Epoch: 11/200	Train Loss: 0.3381	Val Accuracy: 5.14
Training Epoch: 12/200	Train Loss: 0.3021	Val Accuracy: 5.04
Training Epoch: 13/200	Train Loss: 0.1282	Val Accuracy: 5.04
Training Epoch: 14/200	Train Loss: 0.1733	Val Accuracy: 5.5
Training Epoch: 15/200	Train Loss: 0.1593	Val Accuracy: 5.5
Training Epoch: 16/200	Train Loss: 0.0722	Val Accuracy: 5.52
Training Epoch: 17/200	Train Loss: 0.0923	Val Accuracy: 5.52
Training Epoch: 18/200	Train Loss: 0.0842	Val Accuracy: 5.22
Training Epoch: 19/200	Train Loss: 0.0547	Val Accuracy: 5.22
Training Epoch: 20/200	Train Loss: 0.1804	Val Accuracy: 4.98
Training Epoch: 21/200	Train Loss: 0.085	Val Accuracy: 4.98
Training Epoch: 22/200	Train Loss: 0.0664	Val Accuracy: 5.14
Training Epoch: 23/200	Train Loss: 0.1013	Val Accuracy: 5.14
Training Epoch: 24/200	Train Loss: 0.0486	Val Accuracy: 5.0
Training Epoch: 25/200	Train Loss: 0.0505	Val Accuracy: 5.0
Training Epoch: 26/200	Train Loss: 0.0912	Val Accuracy: 5.32
Training Epoch: 27/200	Train Loss: 0.0503	Val Accuracy: 5.32
Training Epoch: 28/200	Train Loss: 0.0653	Val Accuracy: 5.18
Training Epoch: 29/200	Train Loss: 0.0311	Val Accuracy: 5.18
Training Epoch: 30/200	Train Loss: 0.0131	Val Accuracy: 5.48
Training Epoch: 31/200	Train Loss: 0.059	Val Accuracy: 5.48
Training Epoch: 32/200	Train Loss: 0.0347	Val Accuracy: 5.66
Training Epoch: 33/200	Train Loss: 0.1065	Val Accuracy: 5.66
Training Epoch: 34/200	Train Loss: 0.0188	Val Accuracy: 5.12
Training Epoch: 35/200	Train Loss: 0.0629	Val Accuracy: 5.12
Training Epoch: 36/200	Train Loss: 0.0677	Val Accuracy: 5.78
Training Epoch: 37/200	Train Loss: 0.04	Val Accuracy: 5.78
Training Epoch: 38/200	Train Loss: 0.1166	Val Accuracy: 5.7
Training Epoch: 39/200	Train Loss: 0.0263	Val Accuracy: 5.7
Training Epoch: 40/200	Train Loss: 0.1025	Val Accuracy: 5.72
Training Epoch: 41/200	Train Loss: 0.1225	Val Accuracy: 5.72
Training Epoch: 42/200	Train Loss: 0.0443	Val Accuracy: 5.5
Training Epoch: 43/200	Train Loss: 0.0725	Val Accuracy: 5.5
Training Epoch: 44/200	Train Loss: 0.0433	Val Accuracy: 5.6
Training Epoch: 45/200	Train Loss: 0.0349	Val Accuracy: 5.6
Training Epoch: 46/200	Train Loss: 0.0607	Val Accuracy: 5.8
Training Epoch: 47/200	Train Loss: 0.033	Val Accuracy: 5.8
Training Epoch: 48/200	Train Loss: 0.0239	Val Accuracy: 5.48
Training Epoch: 49/200	Train Loss: 0.0494	Val Accuracy: 5.48
Training Epoch: 50/200	Train Loss: 0.0176	Val Accuracy: 6.3
Training Epoch: 51/200	Train Loss: 0.0141	Val Accuracy: 6.3
Training Epoch: 52/200	Train Loss: 0.0708	Val Accuracy: 6.34
Training Epoch: 53/200	Train Loss: 0.017	Val Accuracy: 6.34
Training Epoch: 54/200	Train Loss: 0.0261	Val Accuracy: 5.62
Training Epoch: 55/200	Train Loss: 0.1022	Val Accuracy: 5.62
Training Epoch: 56/200	Train Loss: 0.0474	Val Accuracy: 5.6
Training Epoch: 57/200	Train Loss: 0.05	Val Accuracy: 5.6
Training Epoch: 58/200	Train Loss: 0.0672	Val Accuracy: 5.46
Training Epoch: 59/200	Train Loss: 0.1408	Val Accuracy: 5.46
Training Epoch: 60/200	Train Loss: 0.088	Val Accuracy: 5.14
Training Epoch: 61/200	Train Loss: 0.0577	Val Accuracy: 5.14
Training Epoch: 62/200	Train Loss: 0.134	Val Accuracy: 5.64
Training Epoch: 63/200	Train Loss: 0.1193	Val Accuracy: 5.64
Training Epoch: 64/200	Train Loss: 0.0963	Val Accuracy: 5.42
Training Epoch: 65/200	Train Loss: 0.0468	Val Accuracy: 5.42
Training Epoch: 66/200	Train Loss: 0.0763	Val Accuracy: 5.78
Training Epoch: 67/200	Train Loss: 0.0427	Val Accuracy: 5.78
Training Epoch: 68/200	Train Loss: 0.0345	Val Accuracy: 5.56
Training Epoch: 69/200	Train Loss: 0.0691	Val Accuracy: 5.56
Training Epoch: 70/200	Train Loss: 0.1065	Val Accuracy: 5.78
Training Epoch: 71/200	Train Loss: 0.0372	Val Accuracy: 5.78
Training Epoch: 72/200	Train Loss: 0.019	Val Accuracy: 5.64
Training Epoch: 73/200	Train Loss: 0.0401	Val Accuracy: 5.64
Training Epoch: 74/200	Train Loss: 0.065	Val Accuracy: 5.56
Training Epoch: 75/200	Train Loss: 0.046	Val Accuracy: 5.56
Training Epoch: 76/200	Train Loss: 0.0721	Val Accuracy: 5.44
Training Epoch: 77/200	Train Loss: 0.0493	Val Accuracy: 5.44
Training Epoch: 78/200	Train Loss: 0.1042	Val Accuracy: 5.42
Training Epoch: 79/200	Train Loss: 0.0428	Val Accuracy: 5.42
Training Epoch: 80/200	Train Loss: 0.0195	Val Accuracy: 5.8
Training Epoch: 81/200	Train Loss: 0.0205	Val Accuracy: 5.8
Training Epoch: 82/200	Train Loss: 0.0662	Val Accuracy: 5.28
Training Epoch: 83/200	Train Loss: 0.0325	Val Accuracy: 5.28
Training Epoch: 84/200	Train Loss: 0.0596	Val Accuracy: 5.8
Training Epoch: 85/200	Train Loss: 0.0245	Val Accuracy: 5.8
Training Epoch: 86/200	Train Loss: 0.0577	Val Accuracy: 5.62
Training Epoch: 87/200	Train Loss: 0.0695	Val Accuracy: 5.62
Training Epoch: 88/200	Train Loss: 0.0444	Val Accuracy: 6.28
Training Epoch: 89/200	Train Loss: 0.0476	Val Accuracy: 6.28
Training Epoch: 90/200	Train Loss: 0.0905	Val Accuracy: 5.36
Training Epoch: 91/200	Train Loss: 0.0228	Val Accuracy: 5.36
Training Epoch: 92/200	Train Loss: 0.0586	Val Accuracy: 5.18
Training Epoch: 93/200	Train Loss: 0.0482	Val Accuracy: 5.18
Training Epoch: 94/200	Train Loss: 0.0856	Val Accuracy: 5.52
Training Epoch: 95/200	Train Loss: 0.0279	Val Accuracy: 5.52
Training Epoch: 96/200	Train Loss: 0.0126	Val Accuracy: 6.06
Training Epoch: 97/200	Train Loss: 0.0321	Val Accuracy: 6.06
Training Epoch: 98/200	Train Loss: 0.0235	Val Accuracy: 5.86
Training Epoch: 99/200	Train Loss: 0.0305	Val Accuracy: 5.86
Training Epoch: 100/200	Train Loss: 0.0543	Val Accuracy: 5.48
Training Epoch: 101/200	Train Loss: 0.0535	Val Accuracy: 5.48
Training Epoch: 102/200	Train Loss: 0.0561	Val Accuracy: 5.5
Training Epoch: 103/200	Train Loss: 0.0668	Val Accuracy: 5.5
Training Epoch: 104/200	Train Loss: 0.0495	Val Accuracy: 5.28
Training Epoch: 105/200	Train Loss: 0.0332	Val Accuracy: 5.28
Training Epoch: 106/200	Train Loss: 0.0611	Val Accuracy: 5.64
Training Epoch: 107/200	Train Loss: 0.0534	Val Accuracy: 5.64
Training Epoch: 108/200	Train Loss: 0.0737	Val Accuracy: 6.06
Training Epoch: 109/200	Train Loss: 0.0949	Val Accuracy: 6.06
Training Epoch: 110/200	Train Loss: 0.0509	Val Accuracy: 5.78
Training Epoch: 111/200	Train Loss: 0.0787	Val Accuracy: 5.78
Training Epoch: 112/200	Train Loss: 0.035	Val Accuracy: 5.64
Training Epoch: 113/200	Train Loss: 0.0088	Val Accuracy: 5.64
Training Epoch: 114/200	Train Loss: 0.0215	Val Accuracy: 5.66
Training Epoch: 115/200	Train Loss: 0.0282	Val Accuracy: 5.66
Training Epoch: 116/200	Train Loss: 0.0198	Val Accuracy: 5.66
Training Epoch: 117/200	Train Loss: 0.0585	Val Accuracy: 5.66
Training Epoch: 118/200	Train Loss: 0.0296	Val Accuracy: 5.52
Training Epoch: 119/200	Train Loss: 0.0302	Val Accuracy: 5.52
Training Epoch: 120/200	Train Loss: 0.0842	Val Accuracy: 5.98
Training Epoch: 121/200	Train Loss: 0.0225	Val Accuracy: 5.98
Training Epoch: 122/200	Train Loss: 0.0557	Val Accuracy: 5.32
Training Epoch: 123/200	Train Loss: 0.0327	Val Accuracy: 5.32
Training Epoch: 124/200	Train Loss: 0.0615	Val Accuracy: 5.54
Training Epoch: 125/200	Train Loss: 0.0456	Val Accuracy: 5.54
Training Epoch: 126/200	Train Loss: 0.0219	Val Accuracy: 5.68
Training Epoch: 127/200	Train Loss: 0.1278	Val Accuracy: 5.68
Training Epoch: 128/200	Train Loss: 0.1369	Val Accuracy: 6.2
Training Epoch: 129/200	Train Loss: 0.027	Val Accuracy: 6.2
Training Epoch: 130/200	Train Loss: 0.0308	Val Accuracy: 5.84
Training Epoch: 131/200	Train Loss: 0.0184	Val Accuracy: 5.84
Training Epoch: 132/200	Train Loss: 0.0222	Val Accuracy: 5.1
Training Epoch: 133/200	Train Loss: 0.0411	Val Accuracy: 5.1
Training Epoch: 134/200	Train Loss: 0.0287	Val Accuracy: 5.84
Training Epoch: 135/200	Train Loss: 0.0357	Val Accuracy: 5.84
Training Epoch: 136/200	Train Loss: 0.061	Val Accuracy: 5.44
Training Epoch: 137/200	Train Loss: 0.0724	Val Accuracy: 5.44
Training Epoch: 138/200	Train Loss: 0.0945	Val Accuracy: 5.14
Training Epoch: 139/200	Train Loss: 0.097	Val Accuracy: 5.14
Training Epoch: 140/200	Train Loss: 0.1001	Val Accuracy: 5.42
Training Epoch: 141/200	Train Loss: 0.1963	Val Accuracy: 5.42
Training Epoch: 142/200	Train Loss: 0.0716	Val Accuracy: 5.6
Training Epoch: 143/200	Train Loss: 0.0258	Val Accuracy: 5.6
Training Epoch: 144/200	Train Loss: 0.0612	Val Accuracy: 4.94
Training Epoch: 145/200	Train Loss: 0.0317	Val Accuracy: 4.94
Training Epoch: 146/200	Train Loss: 0.0649	Val Accuracy: 5.74
Training Epoch: 147/200	Train Loss: 0.0738	Val Accuracy: 5.74
Training Epoch: 148/200	Train Loss: 0.1133	Val Accuracy: 5.46
Training Epoch: 149/200	Train Loss: 0.1177	Val Accuracy: 5.46
Training Epoch: 150/200	Train Loss: 0.1251	Val Accuracy: 5.42
Training Epoch: 151/200	Train Loss: 0.0626	Val Accuracy: 5.42
Training Epoch: 152/200	Train Loss: 0.1125	Val Accuracy: 5.76
Training Epoch: 153/200	Train Loss: 0.0429	Val Accuracy: 5.76
Training Epoch: 154/200	Train Loss: 0.074	Val Accuracy: 5.78
Training Epoch: 155/200	Train Loss: 0.0582	Val Accuracy: 5.78
Training Epoch: 156/200	Train Loss: 0.0322	Val Accuracy: 5.44
Training Epoch: 157/200	Train Loss: 0.0775	Val Accuracy: 5.44
Training Epoch: 158/200	Train Loss: 0.0436	Val Accuracy: 5.32
Training Epoch: 159/200	Train Loss: 0.1257	Val Accuracy: 5.32
Training Epoch: 160/200	Train Loss: 0.0811	Val Accuracy: 5.4
Training Epoch: 161/200	Train Loss: 0.0582	Val Accuracy: 5.4
Training Epoch: 162/200	Train Loss: 0.0835	Val Accuracy: 5.24
Training Epoch: 163/200	Train Loss: 0.2212	Val Accuracy: 5.24
Training Epoch: 164/200	Train Loss: 0.0466	Val Accuracy: 4.88
Training Epoch: 165/200	Train Loss: 0.1395	Val Accuracy: 4.88
Training Epoch: 166/200	Train Loss: 0.0901	Val Accuracy: 5.62
Training Epoch: 167/200	Train Loss: 0.0628	Val Accuracy: 5.62
Training Epoch: 168/200	Train Loss: 0.0523	Val Accuracy: 5.4
Training Epoch: 169/200	Train Loss: 0.2398	Val Accuracy: 5.4
Training Epoch: 170/200	Train Loss: 0.0333	Val Accuracy: 6.04
Training Epoch: 171/200	Train Loss: 0.1017	Val Accuracy: 6.04
Training Epoch: 172/200	Train Loss: 0.076	Val Accuracy: 5.78
Training Epoch: 173/200	Train Loss: 0.0219	Val Accuracy: 5.78
Training Epoch: 174/200	Train Loss: 0.0672	Val Accuracy: 5.46
Training Epoch: 175/200	Train Loss: 0.0432	Val Accuracy: 5.46
Training Epoch: 176/200	Train Loss: 0.0148	Val Accuracy: 6.5
Training Epoch: 177/200	Train Loss: 0.0232	Val Accuracy: 6.5
Training Epoch: 178/200	Train Loss: 0.0196	Val Accuracy: 6.04
Training Epoch: 179/200	Train Loss: 0.0327	Val Accuracy: 6.04
Training Epoch: 180/200	Train Loss: 0.0144	Val Accuracy: 5.7
Training Epoch: 181/200	Train Loss: 0.0463	Val Accuracy: 5.7
Training Epoch: 182/200	Train Loss: 0.0436	Val Accuracy: 5.7
Training Epoch: 183/200	Train Loss: 0.0853	Val Accuracy: 5.7
Training Epoch: 184/200	Train Loss: 0.0798	Val Accuracy: 6.3
Training Epoch: 185/200	Train Loss: 0.0467	Val Accuracy: 6.3
Training Epoch: 186/200	Train Loss: 0.2264	Val Accuracy: 5.68
Training Epoch: 187/200	Train Loss: 0.1176	Val Accuracy: 5.68
Training Epoch: 188/200	Train Loss: 0.0766	Val Accuracy: 5.66
Training Epoch: 189/200	Train Loss: 0.0547	Val Accuracy: 5.66
Training Epoch: 190/200	Train Loss: 0.0835	Val Accuracy: 6.1
Training Epoch: 191/200	Train Loss: 0.1351	Val Accuracy: 6.1
Training Epoch: 192/200	Train Loss: 0.0161	Val Accuracy: 5.9
Training Epoch: 193/200	Train Loss: 0.0182	Val Accuracy: 5.9
Training Epoch: 194/200	Train Loss: 0.0259	Val Accuracy: 5.26
Training Epoch: 195/200	Train Loss: 0.0385	Val Accuracy: 5.26
Training Epoch: 196/200	Train Loss: 0.0581	Val Accuracy: 5.5
Training Epoch: 197/200	Train Loss: 0.0227	Val Accuracy: 5.5
Training Epoch: 198/200	Train Loss: 0.0744	Val Accuracy: 5.88
Training Epoch: 199/200	Train Loss: 0.0906	Val Accuracy: 5.88
Training Epoch: 200/200	Train Loss: 0.0434	Val Accuracy: 5.06

Wrote Best Model Checkpoint to: vlBest_acc_6_model_epoch_0176.pyth

Best Validation Accuracy: 6.5
Best Epoch: 176

======== TESTING ========

Test Accuracy: 5.73.

======== ACTIVE SAMPLING ========

ProbCover adaptive delta: base=0.6000, effective=0.5100, scale=0.85, phase=post_label_shrink, labeled_count=750
Coverage selection metadata: active=False (mode=adaptive_distance_cv_cover, variant=unknown, delta=0.5100, phase=adaptive_signal, bald_mean=0.0000, bald_max=0.0000, variance_mean=0.0000, variance_max=0.0000, dropout_iters=0, cover_anchors=0, diversity_lambda=0.00, selected_id_mean=0.0000, selected_signal_mean=0.0856, selected_radius_mean=0.9156, k_id=50, k_knn=50, alpha=1.00)
Active Sampling Complete. After Episode 14:
New Labeled Set: 800, New Unlabeled Set: 94200, Active Set: 50

================================


Current accuracy values:  [1.3100000000000023, 2.1700000000000017, 2.5999999999999943, 2.719999999999999, 2.8799999999999955, 4.230000000000004, 3.6500000000000057, 4.340000000000003, 4.060000000000002, 4.209999999999994, 4.829999999999998, 4.439999999999998, 5.280000000000001, 5.209999999999994, 5.730000000000004]
======== EPISODE 15 BEGINS ========

======== TRAINING ========
Training Epoch: 1/200	Train Loss: 0.5212	Val Accuracy: 0.0
Training Epoch: 2/200	Train Loss: 0.3957	Val Accuracy: 4.46
Training Epoch: 3/200	Train Loss: 0.3699	Val Accuracy: 4.46
Training Epoch: 4/200	Train Loss: 0.6504	Val Accuracy: 5.44
Training Epoch: 5/200	Train Loss: 0.2751	Val Accuracy: 5.44
Training Epoch: 6/200	Train Loss: 0.2775	Val Accuracy: 5.12
Training Epoch: 7/200	Train Loss: 0.2621	Val Accuracy: 5.12
Training Epoch: 8/200	Train Loss: 0.1526	Val Accuracy: 5.68
Training Epoch: 9/200	Train Loss: 0.1945	Val Accuracy: 5.68
Training Epoch: 10/200	Train Loss: 0.0616	Val Accuracy: 5.18
Training Epoch: 11/200	Train Loss: 0.1166	Val Accuracy: 5.18
Training Epoch: 12/200	Train Loss: 0.1165	Val Accuracy: 5.6
Training Epoch: 13/200	Train Loss: 0.2109	Val Accuracy: 5.6
Training Epoch: 14/200	Train Loss: 0.1363	Val Accuracy: 5.22
Training Epoch: 15/200	Train Loss: 0.0718	Val Accuracy: 5.22
Training Epoch: 16/200	Train Loss: 0.0749	Val Accuracy: 6.12
Training Epoch: 17/200	Train Loss: 0.0643	Val Accuracy: 6.12
Training Epoch: 18/200	Train Loss: 0.091	Val Accuracy: 5.74
Training Epoch: 19/200	Train Loss: 0.0417	Val Accuracy: 5.74
Training Epoch: 20/200	Train Loss: 0.0374	Val Accuracy: 5.58
Training Epoch: 21/200	Train Loss: 0.0667	Val Accuracy: 5.58
Training Epoch: 22/200	Train Loss: 0.0711	Val Accuracy: 5.74
Training Epoch: 23/200	Train Loss: 0.0252	Val Accuracy: 5.74
Training Epoch: 24/200	Train Loss: 0.0485	Val Accuracy: 6.02
Training Epoch: 25/200	Train Loss: 0.0187	Val Accuracy: 6.02
Training Epoch: 26/200	Train Loss: 0.0242	Val Accuracy: 6.04
Training Epoch: 27/200	Train Loss: 0.0526	Val Accuracy: 6.04
Training Epoch: 28/200	Train Loss: 0.0924	Val Accuracy: 5.64
Training Epoch: 29/200	Train Loss: 0.0299	Val Accuracy: 5.64
Training Epoch: 30/200	Train Loss: 0.0629	Val Accuracy: 5.4
Training Epoch: 31/200	Train Loss: 0.0755	Val Accuracy: 5.4
Training Epoch: 32/200	Train Loss: 0.165	Val Accuracy: 5.54
Training Epoch: 33/200	Train Loss: 0.101	Val Accuracy: 5.54
Training Epoch: 34/200	Train Loss: 0.0743	Val Accuracy: 5.36
Training Epoch: 35/200	Train Loss: 0.1612	Val Accuracy: 5.36
Training Epoch: 36/200	Train Loss: 0.0784	Val Accuracy: 5.72
Training Epoch: 37/200	Train Loss: 0.0518	Val Accuracy: 5.72
Training Epoch: 38/200	Train Loss: 0.0427	Val Accuracy: 5.02
Training Epoch: 39/200	Train Loss: 0.074	Val Accuracy: 5.02
Training Epoch: 40/200	Train Loss: 0.0414	Val Accuracy: 5.52
Training Epoch: 41/200	Train Loss: 0.0431	Val Accuracy: 5.52
Training Epoch: 42/200	Train Loss: 0.066	Val Accuracy: 5.96
Training Epoch: 43/200	Train Loss: 0.0514	Val Accuracy: 5.96
Training Epoch: 44/200	Train Loss: 0.025	Val Accuracy: 5.44
Training Epoch: 45/200	Train Loss: 0.0826	Val Accuracy: 5.44
Training Epoch: 46/200	Train Loss: 0.0548	Val Accuracy: 5.78
Training Epoch: 47/200	Train Loss: 0.0266	Val Accuracy: 5.78
Training Epoch: 48/200	Train Loss: 0.0396	Val Accuracy: 5.88
Training Epoch: 49/200	Train Loss: 0.0283	Val Accuracy: 5.88
Training Epoch: 50/200	Train Loss: 0.1766	Val Accuracy: 5.98
Training Epoch: 51/200	Train Loss: 0.0688	Val Accuracy: 5.98
Training Epoch: 52/200	Train Loss: 0.0576	Val Accuracy: 5.74
Training Epoch: 53/200	Train Loss: 0.0693	Val Accuracy: 5.74
Training Epoch: 54/200	Train Loss: 0.0782	Val Accuracy: 5.58
Training Epoch: 55/200	Train Loss: 0.1054	Val Accuracy: 5.58
Training Epoch: 56/200	Train Loss: 0.1132	Val Accuracy: 5.38
Training Epoch: 57/200	Train Loss: 0.0417	Val Accuracy: 5.38
Training Epoch: 58/200	Train Loss: 0.0518	Val Accuracy: 5.7
Training Epoch: 59/200	Train Loss: 0.1124	Val Accuracy: 5.7
Training Epoch: 60/200	Train Loss: 0.0376	Val Accuracy: 5.4
Training Epoch: 61/200	Train Loss: 0.077	Val Accuracy: 5.4
Training Epoch: 62/200	Train Loss: 0.1018	Val Accuracy: 5.5
Training Epoch: 63/200	Train Loss: 0.0236	Val Accuracy: 5.5
Training Epoch: 64/200	Train Loss: 0.0416	Val Accuracy: 6.06
Training Epoch: 65/200	Train Loss: 0.0761	Val Accuracy: 6.06
Training Epoch: 66/200	Train Loss: 0.0373	Val Accuracy: 5.56
Training Epoch: 67/200	Train Loss: 0.0811	Val Accuracy: 5.56
Training Epoch: 68/200	Train Loss: 0.0279	Val Accuracy: 5.36
Training Epoch: 69/200	Train Loss: 0.0665	Val Accuracy: 5.36
Training Epoch: 70/200	Train Loss: 0.0749	Val Accuracy: 5.7
Training Epoch: 71/200	Train Loss: 0.0379	Val Accuracy: 5.7
Training Epoch: 72/200	Train Loss: 0.022	Val Accuracy: 6.38
Training Epoch: 73/200	Train Loss: 0.0337	Val Accuracy: 6.38
Training Epoch: 74/200	Train Loss: 0.0324	Val Accuracy: 5.66
Training Epoch: 75/200	Train Loss: 0.0158	Val Accuracy: 5.66
Training Epoch: 76/200	Train Loss: 0.0246	Val Accuracy: 5.8
Training Epoch: 77/200	Train Loss: 0.022	Val Accuracy: 5.8
Training Epoch: 78/200	Train Loss: 0.0372	Val Accuracy: 5.38
Training Epoch: 79/200	Train Loss: 0.0302	Val Accuracy: 5.38
Training Epoch: 80/200	Train Loss: 0.0143	Val Accuracy: 6.1
Training Epoch: 81/200	Train Loss: 0.0237	Val Accuracy: 6.1
Training Epoch: 82/200	Train Loss: 0.0392	Val Accuracy: 6.2
Training Epoch: 83/200	Train Loss: 0.0101	Val Accuracy: 6.2
Training Epoch: 84/200	Train Loss: 0.0382	Val Accuracy: 5.56
Training Epoch: 85/200	Train Loss: 0.0327	Val Accuracy: 5.56
Training Epoch: 86/200	Train Loss: 0.0358	Val Accuracy: 5.4
Training Epoch: 87/200	Train Loss: 0.0437	Val Accuracy: 5.4
Training Epoch: 88/200	Train Loss: 0.1369	Val Accuracy: 5.72
Training Epoch: 89/200	Train Loss: 0.0579	Val Accuracy: 5.72
Training Epoch: 90/200	Train Loss: 0.0614	Val Accuracy: 5.42
Training Epoch: 91/200	Train Loss: 0.1479	Val Accuracy: 5.42
Training Epoch: 92/200	Train Loss: 0.1353	Val Accuracy: 5.06
Training Epoch: 93/200	Train Loss: 0.1063	Val Accuracy: 5.06
Training Epoch: 94/200	Train Loss: 0.0946	Val Accuracy: 5.38
Training Epoch: 95/200	Train Loss: 0.107	Val Accuracy: 5.38
Training Epoch: 96/200	Train Loss: 0.0946	Val Accuracy: 4.64
Training Epoch: 97/200	Train Loss: 0.1483	Val Accuracy: 4.64
Training Epoch: 98/200	Train Loss: 0.0546	Val Accuracy: 5.16
Training Epoch: 99/200	Train Loss: 0.1272	Val Accuracy: 5.16
Training Epoch: 100/200	Train Loss: 0.0523	Val Accuracy: 5.68
Training Epoch: 101/200	Train Loss: 0.0552	Val Accuracy: 5.68
Training Epoch: 102/200	Train Loss: 0.0339	Val Accuracy: 5.52
Training Epoch: 103/200	Train Loss: 0.0268	Val Accuracy: 5.52
Training Epoch: 104/200	Train Loss: 0.0495	Val Accuracy: 5.74
Training Epoch: 105/200	Train Loss: 0.0431	Val Accuracy: 5.74
Training Epoch: 106/200	Train Loss: 0.0753	Val Accuracy: 5.94
Training Epoch: 107/200	Train Loss: 0.0242	Val Accuracy: 5.94
Training Epoch: 108/200	Train Loss: 0.0989	Val Accuracy: 5.26
Training Epoch: 109/200	Train Loss: 0.0822	Val Accuracy: 5.26
Training Epoch: 110/200	Train Loss: 0.0687	Val Accuracy: 5.82
Training Epoch: 111/200	Train Loss: 0.0371	Val Accuracy: 5.82
Training Epoch: 112/200	Train Loss: 0.0444	Val Accuracy: 5.7
Training Epoch: 113/200	Train Loss: 0.0478	Val Accuracy: 5.7
Training Epoch: 114/200	Train Loss: 0.0275	Val Accuracy: 5.52
Training Epoch: 115/200	Train Loss: 0.0392	Val Accuracy: 5.52
Training Epoch: 116/200	Train Loss: 0.0418	Val Accuracy: 6.06
Training Epoch: 117/200	Train Loss: 0.056	Val Accuracy: 6.06
Training Epoch: 118/200	Train Loss: 0.0369	Val Accuracy: 5.34
Training Epoch: 119/200	Train Loss: 0.0346	Val Accuracy: 5.34
Training Epoch: 120/200	Train Loss: 0.0193	Val Accuracy: 5.62
Training Epoch: 121/200	Train Loss: 0.0195	Val Accuracy: 5.62
Training Epoch: 122/200	Train Loss: 0.0676	Val Accuracy: 5.94
Training Epoch: 123/200	Train Loss: 0.0612	Val Accuracy: 5.94
Training Epoch: 124/200	Train Loss: 0.0371	Val Accuracy: 5.66
Training Epoch: 125/200	Train Loss: 0.0809	Val Accuracy: 5.66
Training Epoch: 126/200	Train Loss: 0.0431	Val Accuracy: 5.18
Training Epoch: 127/200	Train Loss: 0.054	Val Accuracy: 5.18
Training Epoch: 128/200	Train Loss: 0.0778	Val Accuracy: 5.54
Training Epoch: 129/200	Train Loss: 0.0468	Val Accuracy: 5.54
Training Epoch: 130/200	Train Loss: 0.0575	Val Accuracy: 5.68
Training Epoch: 131/200	Train Loss: 0.0374	Val Accuracy: 5.68
Training Epoch: 132/200	Train Loss: 0.0618	Val Accuracy: 5.56
Training Epoch: 133/200	Train Loss: 0.0949	Val Accuracy: 5.56
Training Epoch: 134/200	Train Loss: 0.0288	Val Accuracy: 5.38
Training Epoch: 135/200	Train Loss: 0.2001	Val Accuracy: 5.38
Training Epoch: 136/200	Train Loss: 0.1064	Val Accuracy: 5.5
Training Epoch: 137/200	Train Loss: 0.0454	Val Accuracy: 5.5
Training Epoch: 138/200	Train Loss: 0.039	Val Accuracy: 4.98
Training Epoch: 139/200	Train Loss: 0.0714	Val Accuracy: 4.98
Training Epoch: 140/200	Train Loss: 0.1019	Val Accuracy: 5.36
Training Epoch: 141/200	Train Loss: 0.1348	Val Accuracy: 5.36
Training Epoch: 142/200	Train Loss: 0.1164	Val Accuracy: 5.5
Training Epoch: 143/200	Train Loss: 0.0535	Val Accuracy: 5.5
Training Epoch: 144/200	Train Loss: 0.0364	Val Accuracy: 5.84
Training Epoch: 145/200	Train Loss: 0.0184	Val Accuracy: 5.84
Training Epoch: 146/200	Train Loss: 0.0312	Val Accuracy: 5.9
Training Epoch: 147/200	Train Loss: 0.1444	Val Accuracy: 5.9
Training Epoch: 148/200	Train Loss: 0.0703	Val Accuracy: 5.82
Training Epoch: 149/200	Train Loss: 0.058	Val Accuracy: 5.82
Training Epoch: 150/200	Train Loss: 0.0847	Val Accuracy: 5.48
Training Epoch: 151/200	Train Loss: 0.0317	Val Accuracy: 5.48
Training Epoch: 152/200	Train Loss: 0.0258	Val Accuracy: 5.6
Training Epoch: 153/200	Train Loss: 0.0603	Val Accuracy: 5.6
Training Epoch: 154/200	Train Loss: 0.0718	Val Accuracy: 5.7
Training Epoch: 155/200	Train Loss: 0.0389	Val Accuracy: 5.7
Training Epoch: 156/200	Train Loss: 0.0545	Val Accuracy: 5.76
Training Epoch: 157/200	Train Loss: 0.0627	Val Accuracy: 5.76
Training Epoch: 158/200	Train Loss: 0.0482	Val Accuracy: 5.38
Training Epoch: 159/200	Train Loss: 0.0505	Val Accuracy: 5.38
Training Epoch: 160/200	Train Loss: 0.0902	Val Accuracy: 5.6
Training Epoch: 161/200	Train Loss: 0.0434	Val Accuracy: 5.6
Training Epoch: 162/200	Train Loss: 0.0765	Val Accuracy: 5.78
Training Epoch: 163/200	Train Loss: 0.0241	Val Accuracy: 5.78
Training Epoch: 164/200	Train Loss: 0.0423	Val Accuracy: 6.12
Training Epoch: 165/200	Train Loss: 0.0297	Val Accuracy: 6.12
Training Epoch: 166/200	Train Loss: 0.0414	Val Accuracy: 5.96
Training Epoch: 167/200	Train Loss: 0.0909	Val Accuracy: 5.96
Training Epoch: 168/200	Train Loss: 0.0505	Val Accuracy: 5.58
Training Epoch: 169/200	Train Loss: 0.0323	Val Accuracy: 5.58
Training Epoch: 170/200	Train Loss: 0.0792	Val Accuracy: 5.66
Training Epoch: 171/200	Train Loss: 0.039	Val Accuracy: 5.66
Training Epoch: 172/200	Train Loss: 0.0204	Val Accuracy: 6.06
Training Epoch: 173/200	Train Loss: 0.1025	Val Accuracy: 6.06
Training Epoch: 174/200	Train Loss: 0.1193	Val Accuracy: 5.64
Training Epoch: 175/200	Train Loss: 0.0589	Val Accuracy: 5.64
Training Epoch: 176/200	Train Loss: 0.0291	Val Accuracy: 5.96
Training Epoch: 177/200	Train Loss: 0.1981	Val Accuracy: 5.96
Training Epoch: 178/200	Train Loss: 0.1875	Val Accuracy: 5.4
Training Epoch: 179/200	Train Loss: 0.1152	Val Accuracy: 5.4
Training Epoch: 180/200	Train Loss: 0.0563	Val Accuracy: 5.22
Training Epoch: 181/200	Train Loss: 0.0739	Val Accuracy: 5.22
Training Epoch: 182/200	Train Loss: 0.1251	Val Accuracy: 5.88
Training Epoch: 183/200	Train Loss: 0.0674	Val Accuracy: 5.88
Training Epoch: 184/200	Train Loss: 0.0868	Val Accuracy: 5.64
Training Epoch: 185/200	Train Loss: 0.0615	Val Accuracy: 5.64
Training Epoch: 186/200	Train Loss: 0.054	Val Accuracy: 5.4
Training Epoch: 187/200	Train Loss: 0.07	Val Accuracy: 5.4
Training Epoch: 188/200	Train Loss: 0.0555	Val Accuracy: 5.7
Training Epoch: 189/200	Train Loss: 0.0501	Val Accuracy: 5.7
Training Epoch: 190/200	Train Loss: 0.0522	Val Accuracy: 5.24
Training Epoch: 191/200	Train Loss: 0.1721	Val Accuracy: 5.24
Training Epoch: 192/200	Train Loss: 0.0673	Val Accuracy: 5.9
Training Epoch: 193/200	Train Loss: 0.0465	Val Accuracy: 5.9
Training Epoch: 194/200	Train Loss: 0.0741	Val Accuracy: 5.44
Training Epoch: 195/200	Train Loss: 0.13	Val Accuracy: 5.44
Training Epoch: 196/200	Train Loss: 0.0319	Val Accuracy: 5.6
Training Epoch: 197/200	Train Loss: 0.049	Val Accuracy: 5.6
Training Epoch: 198/200	Train Loss: 0.0775	Val Accuracy: 6.24
Training Epoch: 199/200	Train Loss: 0.0226	Val Accuracy: 6.24
Training Epoch: 200/200	Train Loss: 0.0256	Val Accuracy: 6.02

Wrote Best Model Checkpoint to: vlBest_acc_6_model_epoch_0072.pyth

Best Validation Accuracy: 6.38
Best Epoch: 72

======== TESTING ========

Test Accuracy: 5.93.

======== ACTIVE SAMPLING ========

ProbCover adaptive delta: base=0.6000, effective=0.5100, scale=0.85, phase=post_label_shrink, labeled_count=800
Coverage selection metadata: active=False (mode=adaptive_distance_cv_cover, variant=unknown, delta=0.5100, phase=adaptive_signal, bald_mean=0.0000, bald_max=0.0000, variance_mean=0.0000, variance_max=0.0000, dropout_iters=0, cover_anchors=0, diversity_lambda=0.00, selected_id_mean=0.0000, selected_signal_mean=0.0787, selected_radius_mean=0.8416, k_id=50, k_knn=50, alpha=1.00)
Active Sampling Complete. After Episode 15:
New Labeled Set: 850, New Unlabeled Set: 94150, Active Set: 50

================================


Current accuracy values:  [1.3100000000000023, 2.1700000000000017, 2.5999999999999943, 2.719999999999999, 2.8799999999999955, 4.230000000000004, 3.6500000000000057, 4.340000000000003, 4.060000000000002, 4.209999999999994, 4.829999999999998, 4.439999999999998, 5.280000000000001, 5.209999999999994, 5.730000000000004, 5.930000000000007]
======== EPISODE 16 BEGINS ========

======== TRAINING ========
Training Epoch: 1/200	Train Loss: 0.3736	Val Accuracy: 0.0
Training Epoch: 2/200	Train Loss: 0.2204	Val Accuracy: 5.06
Training Epoch: 3/200	Train Loss: 0.2213	Val Accuracy: 5.06
Training Epoch: 4/200	Train Loss: 0.2274	Val Accuracy: 5.42
Training Epoch: 5/200	Train Loss: 0.202	Val Accuracy: 5.42
Training Epoch: 6/200	Train Loss: 0.2641	Val Accuracy: 5.8
Training Epoch: 7/200	Train Loss: 0.1484	Val Accuracy: 5.8
Training Epoch: 8/200	Train Loss: 0.1219	Val Accuracy: 5.58
Training Epoch: 9/200	Train Loss: 0.1156	Val Accuracy: 5.58
Training Epoch: 10/200	Train Loss: 0.2125	Val Accuracy: 5.44
Training Epoch: 11/200	Train Loss: 0.0843	Val Accuracy: 5.44
Training Epoch: 12/200	Train Loss: 0.042	Val Accuracy: 5.64
Training Epoch: 13/200	Train Loss: 0.1531	Val Accuracy: 5.64
Training Epoch: 14/200	Train Loss: 0.078	Val Accuracy: 6.04
Training Epoch: 15/200	Train Loss: 0.0508	Val Accuracy: 6.04
Training Epoch: 16/200	Train Loss: 0.1082	Val Accuracy: 5.24
Training Epoch: 17/200	Train Loss: 0.0898	Val Accuracy: 5.24
Training Epoch: 18/200	Train Loss: 0.0451	Val Accuracy: 6.54
Training Epoch: 19/200	Train Loss: 0.0658	Val Accuracy: 6.54
Training Epoch: 20/200	Train Loss: 0.0559	Val Accuracy: 6.12
Training Epoch: 21/200	Train Loss: 0.1288	Val Accuracy: 6.12
Training Epoch: 22/200	Train Loss: 0.0801	Val Accuracy: 5.58
Training Epoch: 23/200	Train Loss: 0.0826	Val Accuracy: 5.58
Training Epoch: 24/200	Train Loss: 0.0801	Val Accuracy: 5.7
Training Epoch: 25/200	Train Loss: 0.0665	Val Accuracy: 5.7
Training Epoch: 26/200	Train Loss: 0.0601	Val Accuracy: 5.24
Training Epoch: 27/200	Train Loss: 0.2285	Val Accuracy: 5.24
Training Epoch: 28/200	Train Loss: 0.1295	Val Accuracy: 5.08
Training Epoch: 29/200	Train Loss: 0.0727	Val Accuracy: 5.08
Training Epoch: 30/200	Train Loss: 0.0313	Val Accuracy: 6.14
Training Epoch: 31/200	Train Loss: 0.0658	Val Accuracy: 6.14
Training Epoch: 32/200	Train Loss: 0.0456	Val Accuracy: 5.72
Training Epoch: 33/200	Train Loss: 0.0281	Val Accuracy: 5.72
Training Epoch: 34/200	Train Loss: 0.0324	Val Accuracy: 5.6
Training Epoch: 35/200	Train Loss: 0.0687	Val Accuracy: 5.6
Training Epoch: 36/200	Train Loss: 0.0927	Val Accuracy: 5.68
Training Epoch: 37/200	Train Loss: 0.081	Val Accuracy: 5.68
Training Epoch: 38/200	Train Loss: 0.0548	Val Accuracy: 5.28
Training Epoch: 39/200	Train Loss: 0.043	Val Accuracy: 5.28
Training Epoch: 40/200	Train Loss: 0.0335	Val Accuracy: 6.06
Training Epoch: 41/200	Train Loss: 0.0177	Val Accuracy: 6.06
Training Epoch: 42/200	Train Loss: 0.1016	Val Accuracy: 5.78
Training Epoch: 43/200	Train Loss: 0.0367	Val Accuracy: 5.78
Training Epoch: 44/200	Train Loss: 0.0305	Val Accuracy: 6.0
Training Epoch: 45/200	Train Loss: 0.0247	Val Accuracy: 6.0
Training Epoch: 46/200	Train Loss: 0.0339	Val Accuracy: 6.04
Training Epoch: 47/200	Train Loss: 0.0218	Val Accuracy: 6.04
Training Epoch: 48/200	Train Loss: 0.0905	Val Accuracy: 5.86
Training Epoch: 49/200	Train Loss: 0.0227	Val Accuracy: 5.86
Training Epoch: 50/200	Train Loss: 0.1095	Val Accuracy: 5.78
Training Epoch: 51/200	Train Loss: 0.019	Val Accuracy: 5.78
Training Epoch: 52/200	Train Loss: 0.0148	Val Accuracy: 6.26
Training Epoch: 53/200	Train Loss: 0.015	Val Accuracy: 6.26
Training Epoch: 54/200	Train Loss: 0.0063	Val Accuracy: 6.68
Training Epoch: 55/200	Train Loss: 0.0282	Val Accuracy: 6.68
Training Epoch: 56/200	Train Loss: 0.0219	Val Accuracy: 5.52
Training Epoch: 57/200	Train Loss: 0.0344	Val Accuracy: 5.52
Training Epoch: 58/200	Train Loss: 0.0459	Val Accuracy: 6.46
Training Epoch: 59/200	Train Loss: 0.0313	Val Accuracy: 6.46
Training Epoch: 60/200	Train Loss: 0.1083	Val Accuracy: 5.72
Training Epoch: 61/200	Train Loss: 0.0273	Val Accuracy: 5.72
Training Epoch: 62/200	Train Loss: 0.0325	Val Accuracy: 5.54
Training Epoch: 63/200	Train Loss: 0.0126	Val Accuracy: 5.54
Training Epoch: 64/200	Train Loss: 0.032	Val Accuracy: 5.96
Training Epoch: 65/200	Train Loss: 0.0537	Val Accuracy: 5.96
Training Epoch: 66/200	Train Loss: 0.0962	Val Accuracy: 5.92
Training Epoch: 67/200	Train Loss: 0.1577	Val Accuracy: 5.92
Training Epoch: 68/200	Train Loss: 0.0561	Val Accuracy: 6.16
Training Epoch: 69/200	Train Loss: 0.0181	Val Accuracy: 6.16
Training Epoch: 70/200	Train Loss: 0.0336	Val Accuracy: 6.18
Training Epoch: 71/200	Train Loss: 0.0318	Val Accuracy: 6.18
Training Epoch: 72/200	Train Loss: 0.044	Val Accuracy: 6.34
Training Epoch: 73/200	Train Loss: 0.0754	Val Accuracy: 6.34
Training Epoch: 74/200	Train Loss: 0.0415	Val Accuracy: 6.04
Training Epoch: 75/200	Train Loss: 0.0538	Val Accuracy: 6.04
Training Epoch: 76/200	Train Loss: 0.0146	Val Accuracy: 6.24
Training Epoch: 77/200	Train Loss: 0.0209	Val Accuracy: 6.24
Training Epoch: 78/200	Train Loss: 0.0145	Val Accuracy: 5.98
Training Epoch: 79/200	Train Loss: 0.0148	Val Accuracy: 5.98
Training Epoch: 80/200	Train Loss: 0.0572	Val Accuracy: 5.98
Training Epoch: 81/200	Train Loss: 0.0163	Val Accuracy: 5.98
Training Epoch: 82/200	Train Loss: 0.0342	Val Accuracy: 5.9
Training Epoch: 83/200	Train Loss: 0.0237	Val Accuracy: 5.9
Training Epoch: 84/200	Train Loss: 0.0535	Val Accuracy: 5.78
Training Epoch: 85/200	Train Loss: 0.0427	Val Accuracy: 5.78
Training Epoch: 86/200	Train Loss: 0.1178	Val Accuracy: 5.74
Training Epoch: 87/200	Train Loss: 0.035	Val Accuracy: 5.74
Training Epoch: 88/200	Train Loss: 0.0392	Val Accuracy: 5.66
Training Epoch: 89/200	Train Loss: 0.0773	Val Accuracy: 5.66
Training Epoch: 90/200	Train Loss: 0.1971	Val Accuracy: 6.12
Training Epoch: 91/200	Train Loss: 0.034	Val Accuracy: 6.12
Training Epoch: 92/200	Train Loss: 0.0622	Val Accuracy: 5.72
Training Epoch: 93/200	Train Loss: 0.0571	Val Accuracy: 5.72
Training Epoch: 94/200	Train Loss: 0.0676	Val Accuracy: 5.6
Training Epoch: 95/200	Train Loss: 0.0561	Val Accuracy: 5.6
Training Epoch: 96/200	Train Loss: 0.0815	Val Accuracy: 5.54
Training Epoch: 97/200	Train Loss: 0.1594	Val Accuracy: 5.54
Training Epoch: 98/200	Train Loss: 0.109	Val Accuracy: 5.74
Training Epoch: 99/200	Train Loss: 0.1026	Val Accuracy: 5.74
Training Epoch: 100/200	Train Loss: 0.0808	Val Accuracy: 5.64
Training Epoch: 101/200	Train Loss: 0.0566	Val Accuracy: 5.64
Training Epoch: 102/200	Train Loss: 0.1282	Val Accuracy: 5.46
Training Epoch: 103/200	Train Loss: 0.0668	Val Accuracy: 5.46
Training Epoch: 104/200	Train Loss: 0.0958	Val Accuracy: 5.58
Training Epoch: 105/200	Train Loss: 0.1655	Val Accuracy: 5.58
Training Epoch: 106/200	Train Loss: 0.0705	Val Accuracy: 5.2
Training Epoch: 107/200	Train Loss: 0.1789	Val Accuracy: 5.2
Training Epoch: 108/200	Train Loss: 0.1312	Val Accuracy: 5.42
Training Epoch: 109/200	Train Loss: 0.174	Val Accuracy: 5.42
Training Epoch: 110/200	Train Loss: 0.1576	Val Accuracy: 4.94
Training Epoch: 111/200	Train Loss: 0.0719	Val Accuracy: 4.94
Training Epoch: 112/200	Train Loss: 0.0985	Val Accuracy: 5.56
Training Epoch: 113/200	Train Loss: 0.1252	Val Accuracy: 5.56
Training Epoch: 114/200	Train Loss: 0.1178	Val Accuracy: 5.4
Training Epoch: 115/200	Train Loss: 0.0935	Val Accuracy: 5.4
Training Epoch: 116/200	Train Loss: 0.0967	Val Accuracy: 5.66
Training Epoch: 117/200	Train Loss: 0.067	Val Accuracy: 5.66
Training Epoch: 118/200	Train Loss: 0.121	Val Accuracy: 5.72
Training Epoch: 119/200	Train Loss: 0.0618	Val Accuracy: 5.72
Training Epoch: 120/200	Train Loss: 0.0735	Val Accuracy: 5.42
Training Epoch: 121/200	Train Loss: 0.0473	Val Accuracy: 5.42
Training Epoch: 122/200	Train Loss: 0.0252	Val Accuracy: 5.62
Training Epoch: 123/200	Train Loss: 0.2363	Val Accuracy: 5.62
Training Epoch: 124/200	Train Loss: 0.0599	Val Accuracy: 5.92
Training Epoch: 125/200	Train Loss: 0.102	Val Accuracy: 5.92
Training Epoch: 126/200	Train Loss: 0.0599	Val Accuracy: 5.78
Training Epoch: 127/200	Train Loss: 0.0629	Val Accuracy: 5.78
Training Epoch: 128/200	Train Loss: 0.0944	Val Accuracy: 5.58
Training Epoch: 129/200	Train Loss: 0.0746	Val Accuracy: 5.58
Training Epoch: 130/200	Train Loss: 0.0489	Val Accuracy: 5.46
Training Epoch: 131/200	Train Loss: 0.0372	Val Accuracy: 5.46
Training Epoch: 132/200	Train Loss: 0.0202	Val Accuracy: 5.86
Training Epoch: 133/200	Train Loss: 0.1165	Val Accuracy: 5.86
Training Epoch: 134/200	Train Loss: 0.1166	Val Accuracy: 5.46
Training Epoch: 135/200	Train Loss: 0.1414	Val Accuracy: 5.46
Training Epoch: 136/200	Train Loss: 0.0658	Val Accuracy: 5.78
Training Epoch: 137/200	Train Loss: 0.0496	Val Accuracy: 5.78
Training Epoch: 138/200	Train Loss: 0.0557	Val Accuracy: 5.38
Training Epoch: 139/200	Train Loss: 0.0155	Val Accuracy: 5.38
Training Epoch: 140/200	Train Loss: 0.0577	Val Accuracy: 5.86
Training Epoch: 141/200	Train Loss: 0.1032	Val Accuracy: 5.86
Training Epoch: 142/200	Train Loss: 0.0256	Val Accuracy: 5.72
Training Epoch: 143/200	Train Loss: 0.0621	Val Accuracy: 5.72
Training Epoch: 144/200	Train Loss: 0.0119	Val Accuracy: 6.26
Training Epoch: 145/200	Train Loss: 0.0544	Val Accuracy: 6.26
Training Epoch: 146/200	Train Loss: 0.0166	Val Accuracy: 5.42
Training Epoch: 147/200	Train Loss: 0.0262	Val Accuracy: 5.42
Training Epoch: 148/200	Train Loss: 0.0973	Val Accuracy: 5.82
Training Epoch: 149/200	Train Loss: 0.0559	Val Accuracy: 5.82
Training Epoch: 150/200	Train Loss: 0.0234	Val Accuracy: 5.68
Training Epoch: 151/200	Train Loss: 0.0859	Val Accuracy: 5.68
Training Epoch: 152/200	Train Loss: 0.1082	Val Accuracy: 5.42
Training Epoch: 153/200	Train Loss: 0.1069	Val Accuracy: 5.42
Training Epoch: 154/200	Train Loss: 0.0802	Val Accuracy: 5.66
Training Epoch: 155/200	Train Loss: 0.1591	Val Accuracy: 5.66
Training Epoch: 156/200	Train Loss: 0.1266	Val Accuracy: 5.6
Training Epoch: 157/200	Train Loss: 0.0665	Val Accuracy: 5.6
Training Epoch: 158/200	Train Loss: 0.2131	Val Accuracy: 5.66
Training Epoch: 159/200	Train Loss: 0.0334	Val Accuracy: 5.66
Training Epoch: 160/200	Train Loss: 0.0736	Val Accuracy: 5.62
Training Epoch: 161/200	Train Loss: 0.0966	Val Accuracy: 5.62
Training Epoch: 162/200	Train Loss: 0.0411	Val Accuracy: 6.06
Training Epoch: 163/200	Train Loss: 0.0404	Val Accuracy: 6.06
Training Epoch: 164/200	Train Loss: 0.0546	Val Accuracy: 5.72
Training Epoch: 165/200	Train Loss: 0.0337	Val Accuracy: 5.72
Training Epoch: 166/200	Train Loss: 0.0613	Val Accuracy: 5.94
Training Epoch: 167/200	Train Loss: 0.0432	Val Accuracy: 5.94
Training Epoch: 168/200	Train Loss: 0.0767	Val Accuracy: 5.6
Training Epoch: 169/200	Train Loss: 0.0552	Val Accuracy: 5.6
Training Epoch: 170/200	Train Loss: 0.0504	Val Accuracy: 5.76
Training Epoch: 171/200	Train Loss: 0.0744	Val Accuracy: 5.76
Training Epoch: 172/200	Train Loss: 0.0984	Val Accuracy: 6.3
Training Epoch: 173/200	Train Loss: 0.0676	Val Accuracy: 6.3
Training Epoch: 174/200	Train Loss: 0.026	Val Accuracy: 5.94
Training Epoch: 175/200	Train Loss: 0.0516	Val Accuracy: 5.94
Training Epoch: 176/200	Train Loss: 0.0567	Val Accuracy: 5.38
Training Epoch: 177/200	Train Loss: 0.0348	Val Accuracy: 5.38
Training Epoch: 178/200	Train Loss: 0.0411	Val Accuracy: 5.82
Training Epoch: 179/200	Train Loss: 0.1025	Val Accuracy: 5.82
Training Epoch: 180/200	Train Loss: 0.0269	Val Accuracy: 5.36
Training Epoch: 181/200	Train Loss: 0.0185	Val Accuracy: 5.36
Training Epoch: 182/200	Train Loss: 0.0286	Val Accuracy: 5.88
Training Epoch: 183/200	Train Loss: 0.0465	Val Accuracy: 5.88
Training Epoch: 184/200	Train Loss: 0.0913	Val Accuracy: 6.12
Training Epoch: 185/200	Train Loss: 0.0556	Val Accuracy: 6.12
Training Epoch: 186/200	Train Loss: 0.0444	Val Accuracy: 5.86
Training Epoch: 187/200	Train Loss: 0.0642	Val Accuracy: 5.86
Training Epoch: 188/200	Train Loss: 0.0442	Val Accuracy: 5.96
Training Epoch: 189/200	Train Loss: 0.068	Val Accuracy: 5.96
Training Epoch: 190/200	Train Loss: 0.1173	Val Accuracy: 5.48
Training Epoch: 191/200	Train Loss: 0.0949	Val Accuracy: 5.48
Training Epoch: 192/200	Train Loss: 0.0587	Val Accuracy: 5.82
Training Epoch: 193/200	Train Loss: 0.0464	Val Accuracy: 5.82
Training Epoch: 194/200	Train Loss: 0.0972	Val Accuracy: 5.68
Training Epoch: 195/200	Train Loss: 0.0326	Val Accuracy: 5.68
Training Epoch: 196/200	Train Loss: 0.0749	Val Accuracy: 5.36
Training Epoch: 197/200	Train Loss: 0.0924	Val Accuracy: 5.36
Training Epoch: 198/200	Train Loss: 0.1085	Val Accuracy: 5.38
Training Epoch: 199/200	Train Loss: 0.091	Val Accuracy: 5.38
Training Epoch: 200/200	Train Loss: 0.0617	Val Accuracy: 5.86

Wrote Best Model Checkpoint to: vlBest_acc_6_model_epoch_0054.pyth

Best Validation Accuracy: 6.68
Best Epoch: 54

======== TESTING ========

Test Accuracy: 5.77.

======== ACTIVE SAMPLING ========

ProbCover adaptive delta: base=0.6000, effective=0.5100, scale=0.85, phase=post_label_shrink, labeled_count=850
Coverage selection metadata: active=False (mode=adaptive_distance_cv_cover, variant=unknown, delta=0.5100, phase=adaptive_signal, bald_mean=0.0000, bald_max=0.0000, variance_mean=0.0000, variance_max=0.0000, dropout_iters=0, cover_anchors=0, diversity_lambda=0.00, selected_id_mean=0.0000, selected_signal_mean=0.0840, selected_radius_mean=0.8983, k_id=50, k_knn=50, alpha=1.00)
Active Sampling Complete. After Episode 16:
New Labeled Set: 900, New Unlabeled Set: 94100, Active Set: 50

================================


Current accuracy values:  [1.3100000000000023, 2.1700000000000017, 2.5999999999999943, 2.719999999999999, 2.8799999999999955, 4.230000000000004, 3.6500000000000057, 4.340000000000003, 4.060000000000002, 4.209999999999994, 4.829999999999998, 4.439999999999998, 5.280000000000001, 5.209999999999994, 5.730000000000004, 5.930000000000007, 5.769999999999996]
======== EPISODE 17 BEGINS ========

======== TRAINING ========
Training Epoch: 1/200	Train Loss: 0.6855	Val Accuracy: 0.0
Training Epoch: 2/200	Train Loss: 0.4113	Val Accuracy: 5.42
Training Epoch: 3/200	Train Loss: 0.2449	Val Accuracy: 5.42
Training Epoch: 4/200	Train Loss: 0.1057	Val Accuracy: 5.56
Training Epoch: 5/200	Train Loss: 0.3641	Val Accuracy: 5.56
Training Epoch: 6/200	Train Loss: 0.1896	Val Accuracy: 5.74
Training Epoch: 7/200	Train Loss: 0.1215	Val Accuracy: 5.74
Training Epoch: 8/200	Train Loss: 0.1725	Val Accuracy: 5.58
Training Epoch: 9/200	Train Loss: 0.144	Val Accuracy: 5.58
Training Epoch: 10/200	Train Loss: 0.0659	Val Accuracy: 5.96
Training Epoch: 11/200	Train Loss: 0.0918	Val Accuracy: 5.96
Training Epoch: 12/200	Train Loss: 0.0986	Val Accuracy: 5.9
Training Epoch: 13/200	Train Loss: 0.1341	Val Accuracy: 5.9
Training Epoch: 14/200	Train Loss: 0.1289	Val Accuracy: 5.68
Training Epoch: 15/200	Train Loss: 0.1791	Val Accuracy: 5.68
Training Epoch: 16/200	Train Loss: 0.138	Val Accuracy: 6.02
Training Epoch: 17/200	Train Loss: 0.1148	Val Accuracy: 6.02
Training Epoch: 18/200	Train Loss: 0.0893	Val Accuracy: 6.02
Training Epoch: 19/200	Train Loss: 0.0752	Val Accuracy: 6.02
Training Epoch: 20/200	Train Loss: 0.1062	Val Accuracy: 5.74
Training Epoch: 21/200	Train Loss: 0.215	Val Accuracy: 5.74
Training Epoch: 22/200	Train Loss: 0.1344	Val Accuracy: 5.76
Training Epoch: 23/200	Train Loss: 0.2601	Val Accuracy: 5.76
Training Epoch: 24/200	Train Loss: 0.0646	Val Accuracy: 5.78
Training Epoch: 25/200	Train Loss: 0.1152	Val Accuracy: 5.78
Training Epoch: 26/200	Train Loss: 0.0885	Val Accuracy: 5.82
Training Epoch: 27/200	Train Loss: 0.1173	Val Accuracy: 5.82
Training Epoch: 28/200	Train Loss: 0.0482	Val Accuracy: 6.18
Training Epoch: 29/200	Train Loss: 0.1519	Val Accuracy: 6.18
Training Epoch: 30/200	Train Loss: 0.0603	Val Accuracy: 6.02
Training Epoch: 31/200	Train Loss: 0.0669	Val Accuracy: 6.02
Training Epoch: 32/200	Train Loss: 0.0374	Val Accuracy: 5.74
Training Epoch: 33/200	Train Loss: 0.0391	Val Accuracy: 5.74
Training Epoch: 34/200	Train Loss: 0.0363	Val Accuracy: 6.2
Training Epoch: 35/200	Train Loss: 0.0723	Val Accuracy: 6.2
Training Epoch: 36/200	Train Loss: 0.0278	Val Accuracy: 6.28
Training Epoch: 37/200	Train Loss: 0.026	Val Accuracy: 6.28
Training Epoch: 38/200	Train Loss: 0.039	Val Accuracy: 6.26
Training Epoch: 39/200	Train Loss: 0.058	Val Accuracy: 6.26
Training Epoch: 40/200	Train Loss: 0.0339	Val Accuracy: 6.14
Training Epoch: 41/200	Train Loss: 0.0279	Val Accuracy: 6.14
Training Epoch: 42/200	Train Loss: 0.0149	Val Accuracy: 6.3
Training Epoch: 43/200	Train Loss: 0.0515	Val Accuracy: 6.3
Training Epoch: 44/200	Train Loss: 0.042	Val Accuracy: 5.88
Training Epoch: 45/200	Train Loss: 0.0159	Val Accuracy: 5.88
Training Epoch: 46/200	Train Loss: 0.0229	Val Accuracy: 6.4
Training Epoch: 47/200	Train Loss: 0.0247	Val Accuracy: 6.4
Training Epoch: 48/200	Train Loss: 0.0185	Val Accuracy: 6.0
Training Epoch: 49/200	Train Loss: 0.0227	Val Accuracy: 6.0
Training Epoch: 50/200	Train Loss: 0.0216	Val Accuracy: 6.16
Training Epoch: 51/200	Train Loss: 0.0275	Val Accuracy: 6.16
Training Epoch: 52/200	Train Loss: 0.0169	Val Accuracy: 6.38
Training Epoch: 53/200	Train Loss: 0.0168	Val Accuracy: 6.38
Training Epoch: 54/200	Train Loss: 0.0267	Val Accuracy: 6.42
Training Epoch: 55/200	Train Loss: 0.0077	Val Accuracy: 6.42
Training Epoch: 56/200	Train Loss: 0.09	Val Accuracy: 6.64
Training Epoch: 57/200	Train Loss: 0.1306	Val Accuracy: 6.64
Training Epoch: 58/200	Train Loss: 0.0189	Val Accuracy: 6.08
Training Epoch: 59/200	Train Loss: 0.0126	Val Accuracy: 6.08
Training Epoch: 60/200	Train Loss: 0.0362	Val Accuracy: 6.5
Training Epoch: 61/200	Train Loss: 0.0305	Val Accuracy: 6.5
Training Epoch: 62/200	Train Loss: 0.0141	Val Accuracy: 6.32
Training Epoch: 63/200	Train Loss: 0.0225	Val Accuracy: 6.32
Training Epoch: 64/200	Train Loss: 0.0198	Val Accuracy: 6.46
Training Epoch: 65/200	Train Loss: 0.0442	Val Accuracy: 6.46
Training Epoch: 66/200	Train Loss: 0.0146	Val Accuracy: 6.18
Training Epoch: 67/200	Train Loss: 0.0172	Val Accuracy: 6.18
Training Epoch: 68/200	Train Loss: 0.0393	Val Accuracy: 6.32
Training Epoch: 69/200	Train Loss: 0.0695	Val Accuracy: 6.32
Training Epoch: 70/200	Train Loss: 0.0293	Val Accuracy: 6.28
Training Epoch: 71/200	Train Loss: 0.0165	Val Accuracy: 6.28
Training Epoch: 72/200	Train Loss: 0.0613	Val Accuracy: 6.22
Training Epoch: 73/200	Train Loss: 0.0335	Val Accuracy: 6.22
Training Epoch: 74/200	Train Loss: 0.0576	Val Accuracy: 6.52
Training Epoch: 75/200	Train Loss: 0.0191	Val Accuracy: 6.52
Training Epoch: 76/200	Train Loss: 0.0177	Val Accuracy: 6.12
Training Epoch: 77/200	Train Loss: 0.0832	Val Accuracy: 6.12
Training Epoch: 78/200	Train Loss: 0.0739	Val Accuracy: 6.62
Training Epoch: 79/200	Train Loss: 0.1374	Val Accuracy: 6.62
Training Epoch: 80/200	Train Loss: 0.062	Val Accuracy: 6.36
Training Epoch: 81/200	Train Loss: 0.1136	Val Accuracy: 6.36
Training Epoch: 82/200	Train Loss: 0.1349	Val Accuracy: 6.42
Training Epoch: 83/200	Train Loss: 0.2076	Val Accuracy: 6.42
Training Epoch: 84/200	Train Loss: 0.0602	Val Accuracy: 5.66
Training Epoch: 85/200	Train Loss: 0.0508	Val Accuracy: 5.66
Training Epoch: 86/200	Train Loss: 0.1084	Val Accuracy: 6.02
Training Epoch: 87/200	Train Loss: 0.0396	Val Accuracy: 6.02
Training Epoch: 88/200	Train Loss: 0.0467	Val Accuracy: 5.92
Training Epoch: 89/200	Train Loss: 0.0199	Val Accuracy: 5.92
Training Epoch: 90/200	Train Loss: 0.1216	Val Accuracy: 5.9
Training Epoch: 91/200	Train Loss: 0.199	Val Accuracy: 5.9
Training Epoch: 92/200	Train Loss: 0.1275	Val Accuracy: 5.9
Training Epoch: 93/200	Train Loss: 0.0379	Val Accuracy: 5.9
Training Epoch: 94/200	Train Loss: 0.1236	Val Accuracy: 6.06
Training Epoch: 95/200	Train Loss: 0.0467	Val Accuracy: 6.06
Training Epoch: 96/200	Train Loss: 0.0814	Val Accuracy: 6.56
Training Epoch: 97/200	Train Loss: 0.064	Val Accuracy: 6.56
Training Epoch: 98/200	Train Loss: 0.0248	Val Accuracy: 6.38
Training Epoch: 99/200	Train Loss: 0.1504	Val Accuracy: 6.38
Training Epoch: 100/200	Train Loss: 0.2084	Val Accuracy: 5.98
Training Epoch: 101/200	Train Loss: 0.0838	Val Accuracy: 5.98
Training Epoch: 102/200	Train Loss: 0.0911	Val Accuracy: 5.46
Training Epoch: 103/200	Train Loss: 0.07	Val Accuracy: 5.46
Training Epoch: 104/200	Train Loss: 0.1241	Val Accuracy: 5.98
Training Epoch: 105/200	Train Loss: 0.1022	Val Accuracy: 5.98
Training Epoch: 106/200	Train Loss: 0.0829	Val Accuracy: 6.08
Training Epoch: 107/200	Train Loss: 0.2552	Val Accuracy: 6.08
Training Epoch: 108/200	Train Loss: 0.1443	Val Accuracy: 5.74
Training Epoch: 109/200	Train Loss: 0.0662	Val Accuracy: 5.74
Training Epoch: 110/200	Train Loss: 0.2688	Val Accuracy: 5.94
Training Epoch: 111/200	Train Loss: 0.0982	Val Accuracy: 5.94
Training Epoch: 112/200	Train Loss: 0.1231	Val Accuracy: 5.78
Training Epoch: 113/200	Train Loss: 0.0777	Val Accuracy: 5.78
Training Epoch: 114/200	Train Loss: 0.0892	Val Accuracy: 5.98
Training Epoch: 115/200	Train Loss: 0.0901	Val Accuracy: 5.98
Training Epoch: 116/200	Train Loss: 0.1328	Val Accuracy: 5.48
Training Epoch: 117/200	Train Loss: 0.1205	Val Accuracy: 5.48
Training Epoch: 118/200	Train Loss: 0.0826	Val Accuracy: 6.7
Training Epoch: 119/200	Train Loss: 0.0729	Val Accuracy: 6.7
Training Epoch: 120/200	Train Loss: 0.0744	Val Accuracy: 5.52
Training Epoch: 121/200	Train Loss: 0.0739	Val Accuracy: 5.52
Training Epoch: 122/200	Train Loss: 0.0604	Val Accuracy: 6.6
Training Epoch: 123/200	Train Loss: 0.0365	Val Accuracy: 6.6
Training Epoch: 124/200	Train Loss: 0.0325	Val Accuracy: 6.9
Training Epoch: 125/200	Train Loss: 0.056	Val Accuracy: 6.9
Training Epoch: 126/200	Train Loss: 0.1015	Val Accuracy: 6.18
Training Epoch: 127/200	Train Loss: 0.0269	Val Accuracy: 6.18
Training Epoch: 128/200	Train Loss: 0.0891	Val Accuracy: 6.38
Training Epoch: 129/200	Train Loss: 0.0251	Val Accuracy: 6.38
Training Epoch: 130/200	Train Loss: 0.0341	Val Accuracy: 6.04
Training Epoch: 131/200	Train Loss: 0.0249	Val Accuracy: 6.04
Training Epoch: 132/200	Train Loss: 0.0148	Val Accuracy: 6.34
Training Epoch: 133/200	Train Loss: 0.019	Val Accuracy: 6.34
Training Epoch: 134/200	Train Loss: 0.0134	Val Accuracy: 6.38
Training Epoch: 135/200	Train Loss: 0.0122	Val Accuracy: 6.38
Training Epoch: 136/200	Train Loss: 0.0084	Val Accuracy: 6.32
Training Epoch: 137/200	Train Loss: 0.0186	Val Accuracy: 6.32
Training Epoch: 138/200	Train Loss: 0.0307	Val Accuracy: 5.9
Training Epoch: 139/200	Train Loss: 0.0131	Val Accuracy: 5.9
Training Epoch: 140/200	Train Loss: 0.0165	Val Accuracy: 6.4
Training Epoch: 141/200	Train Loss: 0.098	Val Accuracy: 6.4
Training Epoch: 142/200	Train Loss: 0.0818	Val Accuracy: 6.02
Training Epoch: 143/200	Train Loss: 0.025	Val Accuracy: 6.02
Training Epoch: 144/200	Train Loss: 0.0629	Val Accuracy: 6.24
Training Epoch: 145/200	Train Loss: 0.0211	Val Accuracy: 6.24
Training Epoch: 146/200	Train Loss: 0.049	Val Accuracy: 6.9
Training Epoch: 147/200	Train Loss: 0.0308	Val Accuracy: 6.9
Training Epoch: 148/200	Train Loss: 0.02	Val Accuracy: 6.24
Training Epoch: 149/200	Train Loss: 0.0747	Val Accuracy: 6.24
Training Epoch: 150/200	Train Loss: 0.0179	Val Accuracy: 5.88
Training Epoch: 151/200	Train Loss: 0.0247	Val Accuracy: 5.88
Training Epoch: 152/200	Train Loss: 0.0267	Val Accuracy: 6.38
Training Epoch: 153/200	Train Loss: 0.033	Val Accuracy: 6.38
Training Epoch: 154/200	Train Loss: 0.0355	Val Accuracy: 6.52
Training Epoch: 155/200	Train Loss: 0.0425	Val Accuracy: 6.52
Training Epoch: 156/200	Train Loss: 0.124	Val Accuracy: 6.06
Training Epoch: 157/200	Train Loss: 0.0504	Val Accuracy: 6.06
Training Epoch: 158/200	Train Loss: 0.016	Val Accuracy: 5.9
Training Epoch: 159/200	Train Loss: 0.0749	Val Accuracy: 5.9
Training Epoch: 160/200	Train Loss: 0.0433	Val Accuracy: 5.52
Training Epoch: 161/200	Train Loss: 0.034	Val Accuracy: 5.52
Training Epoch: 162/200	Train Loss: 0.1203	Val Accuracy: 5.74
Training Epoch: 163/200	Train Loss: 0.1213	Val Accuracy: 5.74
Training Epoch: 164/200	Train Loss: 0.0781	Val Accuracy: 5.4
Training Epoch: 165/200	Train Loss: 0.0544	Val Accuracy: 5.4
Training Epoch: 166/200	Train Loss: 0.0499	Val Accuracy: 6.34
Training Epoch: 167/200	Train Loss: 0.1034	Val Accuracy: 6.34
Training Epoch: 168/200	Train Loss: 0.1425	Val Accuracy: 5.68
Training Epoch: 169/200	Train Loss: 0.0497	Val Accuracy: 5.68
Training Epoch: 170/200	Train Loss: 0.051	Val Accuracy: 5.88
Training Epoch: 171/200	Train Loss: 0.0449	Val Accuracy: 5.88
Training Epoch: 172/200	Train Loss: 0.0657	Val Accuracy: 6.5
Training Epoch: 173/200	Train Loss: 0.0216	Val Accuracy: 6.5
Training Epoch: 174/200	Train Loss: 0.0759	Val Accuracy: 5.58
Training Epoch: 175/200	Train Loss: 0.0678	Val Accuracy: 5.58
Training Epoch: 176/200	Train Loss: 0.0507	Val Accuracy: 5.98
Training Epoch: 177/200	Train Loss: 0.051	Val Accuracy: 5.98
Training Epoch: 178/200	Train Loss: 0.0932	Val Accuracy: 6.12
Training Epoch: 179/200	Train Loss: 0.1145	Val Accuracy: 6.12
Training Epoch: 180/200	Train Loss: 0.0524	Val Accuracy: 5.78
Training Epoch: 181/200	Train Loss: 0.0841	Val Accuracy: 5.78
Training Epoch: 182/200	Train Loss: 0.1127	Val Accuracy: 5.64
Training Epoch: 183/200	Train Loss: 0.0529	Val Accuracy: 5.64
Training Epoch: 184/200	Train Loss: 0.0733	Val Accuracy: 5.52
Training Epoch: 185/200	Train Loss: 0.1211	Val Accuracy: 5.52
Training Epoch: 186/200	Train Loss: 0.1144	Val Accuracy: 5.8
Training Epoch: 187/200	Train Loss: 0.0618	Val Accuracy: 5.8
Training Epoch: 188/200	Train Loss: 0.0985	Val Accuracy: 5.92
Training Epoch: 189/200	Train Loss: 0.0334	Val Accuracy: 5.92
Training Epoch: 190/200	Train Loss: 0.0536	Val Accuracy: 6.04
Training Epoch: 191/200	Train Loss: 0.0559	Val Accuracy: 6.04
Training Epoch: 192/200	Train Loss: 0.2242	Val Accuracy: 6.54
Training Epoch: 193/200	Train Loss: 0.0417	Val Accuracy: 6.54
Training Epoch: 194/200	Train Loss: 0.0448	Val Accuracy: 6.36
Training Epoch: 195/200	Train Loss: 0.0259	Val Accuracy: 6.36
Training Epoch: 196/200	Train Loss: 0.0327	Val Accuracy: 5.78
Training Epoch: 197/200	Train Loss: 0.1551	Val Accuracy: 5.78
Training Epoch: 198/200	Train Loss: 0.0663	Val Accuracy: 5.64
Training Epoch: 199/200	Train Loss: 0.0533	Val Accuracy: 5.64
Training Epoch: 200/200	Train Loss: 0.0879	Val Accuracy: 6.26

Wrote Best Model Checkpoint to: vlBest_acc_6_model_epoch_0124.pyth

Best Validation Accuracy: 6.9
Best Epoch: 124

======== TESTING ========

Test Accuracy: 6.31.

======== ACTIVE SAMPLING ========

ProbCover adaptive delta: base=0.6000, effective=0.5100, scale=0.85, phase=post_label_shrink, labeled_count=900
Coverage selection metadata: active=False (mode=adaptive_distance_cv_cover, variant=unknown, delta=0.5100, phase=adaptive_signal, bald_mean=0.0000, bald_max=0.0000, variance_mean=0.0000, variance_max=0.0000, dropout_iters=0, cover_anchors=0, diversity_lambda=0.00, selected_id_mean=0.0000, selected_signal_mean=0.0826, selected_radius_mean=0.8827, k_id=50, k_knn=50, alpha=1.00)
Active Sampling Complete. After Episode 17:
New Labeled Set: 950, New Unlabeled Set: 94050, Active Set: 50

================================


Current accuracy values:  [1.3100000000000023, 2.1700000000000017, 2.5999999999999943, 2.719999999999999, 2.8799999999999955, 4.230000000000004, 3.6500000000000057, 4.340000000000003, 4.060000000000002, 4.209999999999994, 4.829999999999998, 4.439999999999998, 5.280000000000001, 5.209999999999994, 5.730000000000004, 5.930000000000007, 5.769999999999996, 6.310000000000002]
======== EPISODE 18 BEGINS ========

======== TRAINING ========
Training Epoch: 1/200	Train Loss: 0.3872	Val Accuracy: 0.0
Training Epoch: 2/200	Train Loss: 0.4934	Val Accuracy: 5.24
Training Epoch: 3/200	Train Loss: 0.2257	Val Accuracy: 5.24
Training Epoch: 4/200	Train Loss: 0.284	Val Accuracy: 5.76
Training Epoch: 5/200	Train Loss: 0.1167	Val Accuracy: 5.76
Training Epoch: 6/200	Train Loss: 0.1883	Val Accuracy: 5.66
Training Epoch: 7/200	Train Loss: 0.3066	Val Accuracy: 5.66
Training Epoch: 8/200	Train Loss: 0.2193	Val Accuracy: 5.94
Training Epoch: 9/200	Train Loss: 0.0814	Val Accuracy: 5.94
Training Epoch: 10/200	Train Loss: 0.1931	Val Accuracy: 5.96
Training Epoch: 11/200	Train Loss: 0.0682	Val Accuracy: 5.96
Training Epoch: 12/200	Train Loss: 0.1837	Val Accuracy: 6.02
Training Epoch: 13/200	Train Loss: 0.083	Val Accuracy: 6.02
Training Epoch: 14/200	Train Loss: 0.0786	Val Accuracy: 5.76
Training Epoch: 15/200	Train Loss: 0.0613	Val Accuracy: 5.76
Training Epoch: 16/200	Train Loss: 0.1304	Val Accuracy: 5.52
Training Epoch: 17/200	Train Loss: 0.0832	Val Accuracy: 5.52
Training Epoch: 18/200	Train Loss: 0.0465	Val Accuracy: 6.08
Training Epoch: 19/200	Train Loss: 0.1776	Val Accuracy: 6.08
Training Epoch: 20/200	Train Loss: 0.0349	Val Accuracy: 6.06
Training Epoch: 21/200	Train Loss: 0.1667	Val Accuracy: 6.06
Training Epoch: 22/200	Train Loss: 0.0448	Val Accuracy: 6.2
Training Epoch: 23/200	Train Loss: 0.0915	Val Accuracy: 6.2
Training Epoch: 24/200	Train Loss: 0.0305	Val Accuracy: 5.94
Training Epoch: 25/200	Train Loss: 0.0586	Val Accuracy: 5.94
Training Epoch: 26/200	Train Loss: 0.0388	Val Accuracy: 5.94
Training Epoch: 27/200	Train Loss: 0.1009	Val Accuracy: 5.94
Training Epoch: 28/200	Train Loss: 0.0685	Val Accuracy: 6.08
Training Epoch: 29/200	Train Loss: 0.0364	Val Accuracy: 6.08
Training Epoch: 30/200	Train Loss: 0.0671	Val Accuracy: 6.18
Training Epoch: 31/200	Train Loss: 0.0296	Val Accuracy: 6.18
Training Epoch: 32/200	Train Loss: 0.0987	Val Accuracy: 6.14
Training Epoch: 33/200	Train Loss: 0.0999	Val Accuracy: 6.14
Training Epoch: 34/200	Train Loss: 0.0468	Val Accuracy: 6.3
Training Epoch: 35/200	Train Loss: 0.0347	Val Accuracy: 6.3
Training Epoch: 36/200	Train Loss: 0.0299	Val Accuracy: 6.74
Training Epoch: 37/200	Train Loss: 0.0236	Val Accuracy: 6.74
Training Epoch: 38/200	Train Loss: 0.0459	Val Accuracy: 6.5
Training Epoch: 39/200	Train Loss: 0.037	Val Accuracy: 6.5
Training Epoch: 40/200	Train Loss: 0.0357	Val Accuracy: 5.86
Training Epoch: 41/200	Train Loss: 0.067	Val Accuracy: 5.86
Training Epoch: 42/200	Train Loss: 0.0732	Val Accuracy: 6.18
Training Epoch: 43/200	Train Loss: 0.1752	Val Accuracy: 6.18
Training Epoch: 44/200	Train Loss: 0.0353	Val Accuracy: 6.26
Training Epoch: 45/200	Train Loss: 0.0445	Val Accuracy: 6.26
Training Epoch: 46/200	Train Loss: 0.0438	Val Accuracy: 5.88
Training Epoch: 47/200	Train Loss: 0.0249	Val Accuracy: 5.88
Training Epoch: 48/200	Train Loss: 0.0403	Val Accuracy: 6.36
Training Epoch: 49/200	Train Loss: 0.015	Val Accuracy: 6.36
Training Epoch: 50/200	Train Loss: 0.0574	Val Accuracy: 6.26
Training Epoch: 51/200	Train Loss: 0.0337	Val Accuracy: 6.26
Training Epoch: 52/200	Train Loss: 0.0447	Val Accuracy: 6.18
Training Epoch: 53/200	Train Loss: 0.0254	Val Accuracy: 6.18
Training Epoch: 54/200	Train Loss: 0.1156	Val Accuracy: 6.7
Training Epoch: 55/200	Train Loss: 0.083	Val Accuracy: 6.7
Training Epoch: 56/200	Train Loss: 0.1007	Val Accuracy: 5.82
Training Epoch: 57/200	Train Loss: 0.1026	Val Accuracy: 5.82
Training Epoch: 58/200	Train Loss: 0.1085	Val Accuracy: 6.02
Training Epoch: 59/200	Train Loss: 0.1321	Val Accuracy: 6.02
Training Epoch: 60/200	Train Loss: 0.0277	Val Accuracy: 6.5
Training Epoch: 61/200	Train Loss: 0.0705	Val Accuracy: 6.5
Training Epoch: 62/200	Train Loss: 0.0926	Val Accuracy: 5.62
Training Epoch: 63/200	Train Loss: 0.1444	Val Accuracy: 5.62
Training Epoch: 64/200	Train Loss: 0.2052	Val Accuracy: 5.64
Training Epoch: 65/200	Train Loss: 0.0933	Val Accuracy: 5.64
Training Epoch: 66/200	Train Loss: 0.0661	Val Accuracy: 6.2
Training Epoch: 67/200	Train Loss: 0.0652	Val Accuracy: 6.2
Training Epoch: 68/200	Train Loss: 0.0975	Val Accuracy: 6.16
Training Epoch: 69/200	Train Loss: 0.1068	Val Accuracy: 6.16
Training Epoch: 70/200	Train Loss: 0.0512	Val Accuracy: 6.46
Training Epoch: 71/200	Train Loss: 0.0624	Val Accuracy: 6.46
Training Epoch: 72/200	Train Loss: 0.0259	Val Accuracy: 6.2
Training Epoch: 73/200	Train Loss: 0.0122	Val Accuracy: 6.2
Training Epoch: 74/200	Train Loss: 0.1198	Val Accuracy: 6.36
Training Epoch: 75/200	Train Loss: 0.0529	Val Accuracy: 6.36
Training Epoch: 76/200	Train Loss: 0.0643	Val Accuracy: 5.8
Training Epoch: 77/200	Train Loss: 0.0382	Val Accuracy: 5.8
Training Epoch: 78/200	Train Loss: 0.056	Val Accuracy: 6.6
Training Epoch: 79/200	Train Loss: 0.0859	Val Accuracy: 6.6
Training Epoch: 80/200	Train Loss: 0.11	Val Accuracy: 6.12
Training Epoch: 81/200	Train Loss: 0.0442	Val Accuracy: 6.12
Training Epoch: 82/200	Train Loss: 0.0905	Val Accuracy: 6.82
Training Epoch: 83/200	Train Loss: 0.0215	Val Accuracy: 6.82
Training Epoch: 84/200	Train Loss: 0.0195	Val Accuracy: 6.64
Training Epoch: 85/200	Train Loss: 0.0221	Val Accuracy: 6.64
Training Epoch: 86/200	Train Loss: 0.0275	Val Accuracy: 6.04
Training Epoch: 87/200	Train Loss: 0.0151	Val Accuracy: 6.04
Training Epoch: 88/200	Train Loss: 0.0338	Val Accuracy: 6.66
Training Epoch: 89/200	Train Loss: 0.0416	Val Accuracy: 6.66
Training Epoch: 90/200	Train Loss: 0.0113	Val Accuracy: 6.56
Training Epoch: 91/200	Train Loss: 0.0231	Val Accuracy: 6.56
Training Epoch: 92/200	Train Loss: 0.064	Val Accuracy: 6.64
Training Epoch: 93/200	Train Loss: 0.0305	Val Accuracy: 6.64
Training Epoch: 94/200	Train Loss: 0.023	Val Accuracy: 6.3
Training Epoch: 95/200	Train Loss: 0.0782	Val Accuracy: 6.3
Training Epoch: 96/200	Train Loss: 0.0149	Val Accuracy: 6.42
Training Epoch: 97/200	Train Loss: 0.0949	Val Accuracy: 6.42
Training Epoch: 98/200	Train Loss: 0.0315	Val Accuracy: 6.1
Training Epoch: 99/200	Train Loss: 0.0347	Val Accuracy: 6.1
Training Epoch: 100/200	Train Loss: 0.0274	Val Accuracy: 6.2
Training Epoch: 101/200	Train Loss: 0.0767	Val Accuracy: 6.2
Training Epoch: 102/200	Train Loss: 0.0624	Val Accuracy: 6.2
Training Epoch: 103/200	Train Loss: 0.1019	Val Accuracy: 6.2
Training Epoch: 104/200	Train Loss: 0.0678	Val Accuracy: 6.14
Training Epoch: 105/200	Train Loss: 0.2365	Val Accuracy: 6.14
Training Epoch: 106/200	Train Loss: 0.0433	Val Accuracy: 5.86
Training Epoch: 107/200	Train Loss: 0.0948	Val Accuracy: 5.86
Training Epoch: 108/200	Train Loss: 0.0344	Val Accuracy: 5.78
Training Epoch: 109/200	Train Loss: 0.0286	Val Accuracy: 5.78
Training Epoch: 110/200	Train Loss: 0.0515	Val Accuracy: 6.02
Training Epoch: 111/200	Train Loss: 0.0801	Val Accuracy: 6.02
Training Epoch: 112/200	Train Loss: 0.215	Val Accuracy: 6.0
Training Epoch: 113/200	Train Loss: 0.0437	Val Accuracy: 6.0
Training Epoch: 114/200	Train Loss: 0.1269	Val Accuracy: 6.1
Training Epoch: 115/200	Train Loss: 0.0782	Val Accuracy: 6.1
Training Epoch: 116/200	Train Loss: 0.0463	Val Accuracy: 6.24
Training Epoch: 117/200	Train Loss: 0.151	Val Accuracy: 6.24
Training Epoch: 118/200	Train Loss: 0.108	Val Accuracy: 6.08
Training Epoch: 119/200	Train Loss: 0.0333	Val Accuracy: 6.08
Training Epoch: 120/200	Train Loss: 0.05	Val Accuracy: 5.6
Training Epoch: 121/200	Train Loss: 0.0791	Val Accuracy: 5.6
Training Epoch: 122/200	Train Loss: 0.0507	Val Accuracy: 6.68
Training Epoch: 123/200	Train Loss: 0.1014	Val Accuracy: 6.68
Training Epoch: 124/200	Train Loss: 0.0516	Val Accuracy: 6.62
Training Epoch: 125/200	Train Loss: 0.0413	Val Accuracy: 6.62
Training Epoch: 126/200	Train Loss: 0.0463	Val Accuracy: 6.42
Training Epoch: 127/200	Train Loss: 0.1685	Val Accuracy: 6.42
Training Epoch: 128/200	Train Loss: 0.0633	Val Accuracy: 6.3
Training Epoch: 129/200	Train Loss: 0.0414	Val Accuracy: 6.3
Training Epoch: 130/200	Train Loss: 0.0773	Val Accuracy: 6.72
Training Epoch: 131/200	Train Loss: 0.0724	Val Accuracy: 6.72
Training Epoch: 132/200	Train Loss: 0.0418	Val Accuracy: 6.52
Training Epoch: 133/200	Train Loss: 0.035	Val Accuracy: 6.52
Training Epoch: 134/200	Train Loss: 0.0376	Val Accuracy: 6.56
Training Epoch: 135/200	Train Loss: 0.0399	Val Accuracy: 6.56
Training Epoch: 136/200	Train Loss: 0.0303	Val Accuracy: 6.92
Training Epoch: 137/200	Train Loss: 0.0293	Val Accuracy: 6.92
Training Epoch: 138/200	Train Loss: 0.1113	Val Accuracy: 6.6
Training Epoch: 139/200	Train Loss: 0.07	Val Accuracy: 6.6
Training Epoch: 140/200	Train Loss: 0.1261	Val Accuracy: 6.7
Training Epoch: 141/200	Train Loss: 0.0976	Val Accuracy: 6.7
Training Epoch: 142/200	Train Loss: 0.1504	Val Accuracy: 6.04
Training Epoch: 143/200	Train Loss: 0.0484	Val Accuracy: 6.04
Training Epoch: 144/200	Train Loss: 0.0662	Val Accuracy: 6.28
Training Epoch: 145/200	Train Loss: 0.0406	Val Accuracy: 6.28
Training Epoch: 146/200	Train Loss: 0.0603	Val Accuracy: 6.42
Training Epoch: 147/200	Train Loss: 0.0643	Val Accuracy: 6.42
Training Epoch: 148/200	Train Loss: 0.0491	Val Accuracy: 6.1
Training Epoch: 149/200	Train Loss: 0.0335	Val Accuracy: 6.1
Training Epoch: 150/200	Train Loss: 0.084	Val Accuracy: 6.26
Training Epoch: 151/200	Train Loss: 0.0441	Val Accuracy: 6.26
Training Epoch: 152/200	Train Loss: 0.041	Val Accuracy: 5.86
Training Epoch: 153/200	Train Loss: 0.0181	Val Accuracy: 5.86
Training Epoch: 154/200	Train Loss: 0.0373	Val Accuracy: 5.8
Training Epoch: 155/200	Train Loss: 0.0616	Val Accuracy: 5.8
Training Epoch: 156/200	Train Loss: 0.0798	Val Accuracy: 5.8
Training Epoch: 157/200	Train Loss: 0.0583	Val Accuracy: 5.8
Training Epoch: 158/200	Train Loss: 0.034	Val Accuracy: 6.14
Training Epoch: 159/200	Train Loss: 0.1431	Val Accuracy: 6.14
Training Epoch: 160/200	Train Loss: 0.0473	Val Accuracy: 6.42
Training Epoch: 161/200	Train Loss: 0.1075	Val Accuracy: 6.42
Training Epoch: 162/200	Train Loss: 0.0905	Val Accuracy: 5.8
Training Epoch: 163/200	Train Loss: 0.0746	Val Accuracy: 5.8
Training Epoch: 164/200	Train Loss: 0.0921	Val Accuracy: 5.8
Training Epoch: 165/200	Train Loss: 0.0823	Val Accuracy: 5.8
Training Epoch: 166/200	Train Loss: 0.1531	Val Accuracy: 6.04
Training Epoch: 167/200	Train Loss: 0.0631	Val Accuracy: 6.04
Training Epoch: 168/200	Train Loss: 0.0186	Val Accuracy: 5.94
Training Epoch: 169/200	Train Loss: 0.1346	Val Accuracy: 5.94
Training Epoch: 170/200	Train Loss: 0.0743	Val Accuracy: 6.02
Training Epoch: 171/200	Train Loss: 0.2716	Val Accuracy: 6.02
Training Epoch: 172/200	Train Loss: 0.0569	Val Accuracy: 5.88
Training Epoch: 173/200	Train Loss: 0.0719	Val Accuracy: 5.88
Training Epoch: 174/200	Train Loss: 0.073	Val Accuracy: 6.14
Training Epoch: 175/200	Train Loss: 0.0329	Val Accuracy: 6.14
Training Epoch: 176/200	Train Loss: 0.0611	Val Accuracy: 6.14
Training Epoch: 177/200	Train Loss: 0.09	Val Accuracy: 6.14
Training Epoch: 178/200	Train Loss: 0.1331	Val Accuracy: 6.0
Training Epoch: 179/200	Train Loss: 0.0408	Val Accuracy: 6.0
Training Epoch: 180/200	Train Loss: 0.0445	Val Accuracy: 5.84
Training Epoch: 181/200	Train Loss: 0.057	Val Accuracy: 5.84
Training Epoch: 182/200	Train Loss: 0.0531	Val Accuracy: 6.32
Training Epoch: 183/200	Train Loss: 0.0252	Val Accuracy: 6.32
Training Epoch: 184/200	Train Loss: 0.0424	Val Accuracy: 5.68
Training Epoch: 185/200	Train Loss: 0.0785	Val Accuracy: 5.68
Training Epoch: 186/200	Train Loss: 0.103	Val Accuracy: 6.28
Training Epoch: 187/200	Train Loss: 0.026	Val Accuracy: 6.28
Training Epoch: 188/200	Train Loss: 0.0416	Val Accuracy: 5.72
Training Epoch: 189/200	Train Loss: 0.1125	Val Accuracy: 5.72
Training Epoch: 190/200	Train Loss: 0.1211	Val Accuracy: 6.1
Training Epoch: 191/200	Train Loss: 0.0407	Val Accuracy: 6.1
Training Epoch: 192/200	Train Loss: 0.0206	Val Accuracy: 6.6
Training Epoch: 193/200	Train Loss: 0.0679	Val Accuracy: 6.6
Training Epoch: 194/200	Train Loss: 0.0406	Val Accuracy: 6.04
Training Epoch: 195/200	Train Loss: 0.0686	Val Accuracy: 6.04
Training Epoch: 196/200	Train Loss: 0.102	Val Accuracy: 5.22
Training Epoch: 197/200	Train Loss: 0.1193	Val Accuracy: 5.22
Training Epoch: 198/200	Train Loss: 0.1092	Val Accuracy: 6.36
Training Epoch: 199/200	Train Loss: 0.0466	Val Accuracy: 6.36
Training Epoch: 200/200	Train Loss: 0.0185	Val Accuracy: 6.22

Wrote Best Model Checkpoint to: vlBest_acc_6_model_epoch_0136.pyth

Best Validation Accuracy: 6.92
Best Epoch: 136

======== TESTING ========

Test Accuracy: 6.39.

======== ACTIVE SAMPLING ========

ProbCover adaptive delta: base=0.6000, effective=0.5100, scale=0.85, phase=post_label_shrink, labeled_count=950
Coverage selection metadata: active=False (mode=adaptive_distance_cv_cover, variant=unknown, delta=0.5100, phase=adaptive_signal, bald_mean=0.0000, bald_max=0.0000, variance_mean=0.0000, variance_max=0.0000, dropout_iters=0, cover_anchors=0, diversity_lambda=0.00, selected_id_mean=0.0000, selected_signal_mean=0.0838, selected_radius_mean=0.8959, k_id=50, k_knn=50, alpha=1.00)
Active Sampling Complete. After Episode 18:
New Labeled Set: 1000, New Unlabeled Set: 94000, Active Set: 50

================================


Current accuracy values:  [1.3100000000000023, 2.1700000000000017, 2.5999999999999943, 2.719999999999999, 2.8799999999999955, 4.230000000000004, 3.6500000000000057, 4.340000000000003, 4.060000000000002, 4.209999999999994, 4.829999999999998, 4.439999999999998, 5.280000000000001, 5.209999999999994, 5.730000000000004, 5.930000000000007, 5.769999999999996, 6.310000000000002, 6.390000000000001]
======== EPISODE 19 BEGINS ========

======== TRAINING ========
Training Epoch: 1/200	Train Loss: 0.3893	Val Accuracy: 0.0
Training Epoch: 2/200	Train Loss: 0.6735	Val Accuracy: 6.16
Training Epoch: 3/200	Train Loss: 0.2152	Val Accuracy: 6.16
Training Epoch: 4/200	Train Loss: 0.1422	Val Accuracy: 5.74
Training Epoch: 5/200	Train Loss: 0.1774	Val Accuracy: 5.74
Training Epoch: 6/200	Train Loss: 0.1305	Val Accuracy: 6.12
Training Epoch: 7/200	Train Loss: 0.2057	Val Accuracy: 6.12
Training Epoch: 8/200	Train Loss: 0.1785	Val Accuracy: 6.32
Training Epoch: 9/200	Train Loss: 0.1815	Val Accuracy: 6.32
Training Epoch: 10/200	Train Loss: 0.2301	Val Accuracy: 5.8
Training Epoch: 11/200	Train Loss: 0.0948	Val Accuracy: 5.8
Training Epoch: 12/200	Train Loss: 0.1784	Val Accuracy: 6.44
Training Epoch: 13/200	Train Loss: 0.0563	Val Accuracy: 6.44
Training Epoch: 14/200	Train Loss: 0.1208	Val Accuracy: 5.72
Training Epoch: 15/200	Train Loss: 0.2406	Val Accuracy: 5.72
Training Epoch: 16/200	Train Loss: 0.1029	Val Accuracy: 6.46
Training Epoch: 17/200	Train Loss: 0.1584	Val Accuracy: 6.46
Training Epoch: 18/200	Train Loss: 0.1456	Val Accuracy: 6.38
Training Epoch: 19/200	Train Loss: 0.065	Val Accuracy: 6.38
Training Epoch: 20/200	Train Loss: 0.0501	Val Accuracy: 6.38
Training Epoch: 21/200	Train Loss: 0.0771	Val Accuracy: 6.38
Training Epoch: 22/200	Train Loss: 0.076	Val Accuracy: 6.04
Training Epoch: 23/200	Train Loss: 0.1006	Val Accuracy: 6.04
Training Epoch: 24/200	Train Loss: 0.0245	Val Accuracy: 5.82
Training Epoch: 25/200	Train Loss: 0.0999	Val Accuracy: 5.82
Training Epoch: 26/200	Train Loss: 0.0474	Val Accuracy: 6.46
Training Epoch: 27/200	Train Loss: 0.0929	Val Accuracy: 6.46
Training Epoch: 28/200	Train Loss: 0.0443	Val Accuracy: 5.98
Training Epoch: 29/200	Train Loss: 0.0986	Val Accuracy: 5.98
Training Epoch: 30/200	Train Loss: 0.0553	Val Accuracy: 6.54
Training Epoch: 31/200	Train Loss: 0.0204	Val Accuracy: 6.54
Training Epoch: 32/200	Train Loss: 0.006	Val Accuracy: 6.2
Training Epoch: 33/200	Train Loss: 0.0919	Val Accuracy: 6.2
Training Epoch: 34/200	Train Loss: 0.0479	Val Accuracy: 6.66
Training Epoch: 35/200	Train Loss: 0.0409	Val Accuracy: 6.66
Training Epoch: 36/200	Train Loss: 0.0332	Val Accuracy: 6.52
Training Epoch: 37/200	Train Loss: 0.0483	Val Accuracy: 6.52
Training Epoch: 38/200	Train Loss: 0.0231	Val Accuracy: 6.28
Training Epoch: 39/200	Train Loss: 0.0957	Val Accuracy: 6.28
Training Epoch: 40/200	Train Loss: 0.0869	Val Accuracy: 6.46
Training Epoch: 41/200	Train Loss: 0.0361	Val Accuracy: 6.46
Training Epoch: 42/200	Train Loss: 0.0531	Val Accuracy: 6.12
Training Epoch: 43/200	Train Loss: 0.0796	Val Accuracy: 6.12
Training Epoch: 44/200	Train Loss: 0.0841	Val Accuracy: 6.16
Training Epoch: 45/200	Train Loss: 0.0477	Val Accuracy: 6.16
Training Epoch: 46/200	Train Loss: 0.0486	Val Accuracy: 6.54
Training Epoch: 47/200	Train Loss: 0.0335	Val Accuracy: 6.54
Training Epoch: 48/200	Train Loss: 0.0159	Val Accuracy: 6.38
Training Epoch: 49/200	Train Loss: 0.0232	Val Accuracy: 6.38
Training Epoch: 50/200	Train Loss: 0.026	Val Accuracy: 6.46
Training Epoch: 51/200	Train Loss: 0.0515	Val Accuracy: 6.46
Training Epoch: 52/200	Train Loss: 0.0261	Val Accuracy: 6.28
Training Epoch: 53/200	Train Loss: 0.0146	Val Accuracy: 6.28
Training Epoch: 54/200	Train Loss: 0.0739	Val Accuracy: 6.46
Training Epoch: 55/200	Train Loss: 0.0581	Val Accuracy: 6.46
Training Epoch: 56/200	Train Loss: 0.0407	Val Accuracy: 6.38
Training Epoch: 57/200	Train Loss: 0.0634	Val Accuracy: 6.38
Training Epoch: 58/200	Train Loss: 0.052	Val Accuracy: 5.8
Training Epoch: 59/200	Train Loss: 0.0177	Val Accuracy: 5.8
Training Epoch: 60/200	Train Loss: 0.0353	Val Accuracy: 6.02
Training Epoch: 61/200	Train Loss: 0.0669	Val Accuracy: 6.02
Training Epoch: 62/200	Train Loss: 0.0342	Val Accuracy: 6.26
Training Epoch: 63/200	Train Loss: 0.1086	Val Accuracy: 6.26
Training Epoch: 64/200	Train Loss: 0.0398	Val Accuracy: 5.62
Training Epoch: 65/200	Train Loss: 0.0242	Val Accuracy: 5.62
Training Epoch: 66/200	Train Loss: 0.0119	Val Accuracy: 6.4
Training Epoch: 67/200	Train Loss: 0.0776	Val Accuracy: 6.4
Training Epoch: 68/200	Train Loss: 0.0775	Val Accuracy: 6.26
Training Epoch: 69/200	Train Loss: 0.0801	Val Accuracy: 6.26
Training Epoch: 70/200	Train Loss: 0.0499	Val Accuracy: 6.56
Training Epoch: 71/200	Train Loss: 0.0549	Val Accuracy: 6.56
Training Epoch: 72/200	Train Loss: 0.0402	Val Accuracy: 6.18
Training Epoch: 73/200	Train Loss: 0.027	Val Accuracy: 6.18
Training Epoch: 74/200	Train Loss: 0.0327	Val Accuracy: 6.66
Training Epoch: 75/200	Train Loss: 0.0285	Val Accuracy: 6.66
Training Epoch: 76/200	Train Loss: 0.0387	Val Accuracy: 6.18
Training Epoch: 77/200	Train Loss: 0.0789	Val Accuracy: 6.18
Training Epoch: 78/200	Train Loss: 0.0928	Val Accuracy: 6.92
Training Epoch: 79/200	Train Loss: 0.0874	Val Accuracy: 6.92
Training Epoch: 80/200	Train Loss: 0.1087	Val Accuracy: 6.6
Training Epoch: 81/200	Train Loss: 0.0536	Val Accuracy: 6.6
Training Epoch: 82/200	Train Loss: 0.0412	Val Accuracy: 5.9
Training Epoch: 83/200	Train Loss: 0.1002	Val Accuracy: 5.9
Training Epoch: 84/200	Train Loss: 0.0445	Val Accuracy: 5.78
Training Epoch: 85/200	Train Loss: 0.0408	Val Accuracy: 5.78
Training Epoch: 86/200	Train Loss: 0.0303	Val Accuracy: 5.98
Training Epoch: 87/200	Train Loss: 0.041	Val Accuracy: 5.98
Training Epoch: 88/200	Train Loss: 0.1174	Val Accuracy: 6.62
Training Epoch: 89/200	Train Loss: 0.0302	Val Accuracy: 6.62
Training Epoch: 90/200	Train Loss: 0.073	Val Accuracy: 6.3
Training Epoch: 91/200	Train Loss: 0.087	Val Accuracy: 6.3
Training Epoch: 92/200	Train Loss: 0.0748	Val Accuracy: 6.18
Training Epoch: 93/200	Train Loss: 0.061	Val Accuracy: 6.18
Training Epoch: 94/200	Train Loss: 0.066	Val Accuracy: 6.14
Training Epoch: 95/200	Train Loss: 0.0956	Val Accuracy: 6.14
Training Epoch: 96/200	Train Loss: 0.1162	Val Accuracy: 6.22
Training Epoch: 97/200	Train Loss: 0.1381	Val Accuracy: 6.22
Training Epoch: 98/200	Train Loss: 0.0979	Val Accuracy: 6.28
Training Epoch: 99/200	Train Loss: 0.1121	Val Accuracy: 6.28
Training Epoch: 100/200	Train Loss: 0.1162	Val Accuracy: 6.02
Training Epoch: 101/200	Train Loss: 0.1612	Val Accuracy: 6.02
Training Epoch: 102/200	Train Loss: 0.0651	Val Accuracy: 6.44
Training Epoch: 103/200	Train Loss: 0.0772	Val Accuracy: 6.44
Training Epoch: 104/200	Train Loss: 0.0364	Val Accuracy: 6.42
Training Epoch: 105/200	Train Loss: 0.0575	Val Accuracy: 6.42
Training Epoch: 106/200	Train Loss: 0.0797	Val Accuracy: 6.52
Training Epoch: 107/200	Train Loss: 0.083	Val Accuracy: 6.52
Training Epoch: 108/200	Train Loss: 0.1012	Val Accuracy: 6.12
Training Epoch: 109/200	Train Loss: 0.0613	Val Accuracy: 6.12
Training Epoch: 110/200	Train Loss: 0.0743	Val Accuracy: 6.74
Training Epoch: 111/200	Train Loss: 0.0334	Val Accuracy: 6.74
Training Epoch: 112/200	Train Loss: 0.0358	Val Accuracy: 6.68
Training Epoch: 113/200	Train Loss: 0.028	Val Accuracy: 6.68
Training Epoch: 114/200	Train Loss: 0.0359	Val Accuracy: 6.58
Training Epoch: 115/200	Train Loss: 0.0357	Val Accuracy: 6.58
Training Epoch: 116/200	Train Loss: 0.049	Val Accuracy: 6.64
Training Epoch: 117/200	Train Loss: 0.0343	Val Accuracy: 6.64
Training Epoch: 118/200	Train Loss: 0.0166	Val Accuracy: 6.08
Training Epoch: 119/200	Train Loss: 0.0143	Val Accuracy: 6.08
Training Epoch: 120/200	Train Loss: 0.0734	Val Accuracy: 6.52
Training Epoch: 121/200	Train Loss: 0.0376	Val Accuracy: 6.52
Training Epoch: 122/200	Train Loss: 0.1338	Val Accuracy: 6.58
Training Epoch: 123/200	Train Loss: 0.0444	Val Accuracy: 6.58
Training Epoch: 124/200	Train Loss: 0.0462	Val Accuracy: 6.4
Training Epoch: 125/200	Train Loss: 0.2334	Val Accuracy: 6.4
Training Epoch: 126/200	Train Loss: 0.1246	Val Accuracy: 6.04
Training Epoch: 127/200	Train Loss: 0.1148	Val Accuracy: 6.04
Training Epoch: 128/200	Train Loss: 0.1571	Val Accuracy: 6.14
Training Epoch: 129/200	Train Loss: 0.0737	Val Accuracy: 6.14
Training Epoch: 130/200	Train Loss: 0.0768	Val Accuracy: 6.48
Training Epoch: 131/200	Train Loss: 0.0619	Val Accuracy: 6.48
Training Epoch: 132/200	Train Loss: 0.1371	Val Accuracy: 6.4
Training Epoch: 133/200	Train Loss: 0.0975	Val Accuracy: 6.4
Training Epoch: 134/200	Train Loss: 0.1067	Val Accuracy: 5.7
Training Epoch: 135/200	Train Loss: 0.1667	Val Accuracy: 5.7
Training Epoch: 136/200	Train Loss: 0.0379	Val Accuracy: 6.18
Training Epoch: 137/200	Train Loss: 0.0751	Val Accuracy: 6.18
Training Epoch: 138/200	Train Loss: 0.2239	Val Accuracy: 6.02
Training Epoch: 139/200	Train Loss: 0.0764	Val Accuracy: 6.02
Training Epoch: 140/200	Train Loss: 0.0286	Val Accuracy: 6.98
Training Epoch: 141/200	Train Loss: 0.0692	Val Accuracy: 6.98
Training Epoch: 142/200	Train Loss: 0.0592	Val Accuracy: 6.58
Training Epoch: 143/200	Train Loss: 0.0293	Val Accuracy: 6.58
Training Epoch: 144/200	Train Loss: 0.0229	Val Accuracy: 6.66
Training Epoch: 145/200	Train Loss: 0.0581	Val Accuracy: 6.66
Training Epoch: 146/200	Train Loss: 0.1114	Val Accuracy: 6.14
Training Epoch: 147/200	Train Loss: 0.1287	Val Accuracy: 6.14
Training Epoch: 148/200	Train Loss: 0.0352	Val Accuracy: 6.34
Training Epoch: 149/200	Train Loss: 0.0599	Val Accuracy: 6.34
Training Epoch: 150/200	Train Loss: 0.1259	Val Accuracy: 6.44
Training Epoch: 151/200	Train Loss: 0.1168	Val Accuracy: 6.44
Training Epoch: 152/200	Train Loss: 0.0489	Val Accuracy: 6.12
Training Epoch: 153/200	Train Loss: 0.0404	Val Accuracy: 6.12
Training Epoch: 154/200	Train Loss: 0.0316	Val Accuracy: 6.1
Training Epoch: 155/200	Train Loss: 0.0726	Val Accuracy: 6.1
Training Epoch: 156/200	Train Loss: 0.0761	Val Accuracy: 5.94
Training Epoch: 157/200	Train Loss: 0.0464	Val Accuracy: 5.94
Training Epoch: 158/200	Train Loss: 0.0528	Val Accuracy: 5.86
Training Epoch: 159/200	Train Loss: 0.1801	Val Accuracy: 5.86
Training Epoch: 160/200	Train Loss: 0.081	Val Accuracy: 6.58
Training Epoch: 161/200	Train Loss: 0.0443	Val Accuracy: 6.58
Training Epoch: 162/200	Train Loss: 0.0599	Val Accuracy: 6.06
Training Epoch: 163/200	Train Loss: 0.2518	Val Accuracy: 6.06
Training Epoch: 164/200	Train Loss: 0.0692	Val Accuracy: 5.84
Training Epoch: 165/200	Train Loss: 0.0455	Val Accuracy: 5.84
Training Epoch: 166/200	Train Loss: 0.106	Val Accuracy: 6.18
Training Epoch: 167/200	Train Loss: 0.0765	Val Accuracy: 6.18
Training Epoch: 168/200	Train Loss: 0.0388	Val Accuracy: 6.0
Training Epoch: 169/200	Train Loss: 0.0227	Val Accuracy: 6.0
Training Epoch: 170/200	Train Loss: 0.1018	Val Accuracy: 6.38
Training Epoch: 171/200	Train Loss: 0.0634	Val Accuracy: 6.38
Training Epoch: 172/200	Train Loss: 0.0556	Val Accuracy: 6.4
Training Epoch: 173/200	Train Loss: 0.0959	Val Accuracy: 6.4
Training Epoch: 174/200	Train Loss: 0.0387	Val Accuracy: 6.56
Training Epoch: 175/200	Train Loss: 0.0353	Val Accuracy: 6.56
Training Epoch: 176/200	Train Loss: 0.0474	Val Accuracy: 6.66
Training Epoch: 177/200	Train Loss: 0.0493	Val Accuracy: 6.66
Training Epoch: 178/200	Train Loss: 0.1666	Val Accuracy: 6.56
Training Epoch: 179/200	Train Loss: 0.0481	Val Accuracy: 6.56
Training Epoch: 180/200	Train Loss: 0.0245	Val Accuracy: 6.62
Training Epoch: 181/200	Train Loss: 0.0262	Val Accuracy: 6.62
Training Epoch: 182/200	Train Loss: 0.0649	Val Accuracy: 6.46
Training Epoch: 183/200	Train Loss: 0.0221	Val Accuracy: 6.46
Training Epoch: 184/200	Train Loss: 0.0752	Val Accuracy: 6.94
Training Epoch: 185/200	Train Loss: 0.0254	Val Accuracy: 6.94
Training Epoch: 186/200	Train Loss: 0.0359	Val Accuracy: 6.8
Training Epoch: 187/200	Train Loss: 0.0903	Val Accuracy: 6.8
Training Epoch: 188/200	Train Loss: 0.0422	Val Accuracy: 6.72
Training Epoch: 189/200	Train Loss: 0.0291	Val Accuracy: 6.72
Training Epoch: 190/200	Train Loss: 0.0468	Val Accuracy: 6.48
Training Epoch: 191/200	Train Loss: 0.0873	Val Accuracy: 6.48
Training Epoch: 192/200	Train Loss: 0.0188	Val Accuracy: 6.54
Training Epoch: 193/200	Train Loss: 0.0388	Val Accuracy: 6.54
Training Epoch: 194/200	Train Loss: 0.0498	Val Accuracy: 6.48
Training Epoch: 195/200	Train Loss: 0.1267	Val Accuracy: 6.48
Training Epoch: 196/200	Train Loss: 0.216	Val Accuracy: 6.2
Training Epoch: 197/200	Train Loss: 0.184	Val Accuracy: 6.2
Training Epoch: 198/200	Train Loss: 0.1041	Val Accuracy: 6.0
Training Epoch: 199/200	Train Loss: 0.0729	Val Accuracy: 6.0
Training Epoch: 200/200	Train Loss: 0.1183	Val Accuracy: 6.08

Wrote Best Model Checkpoint to: vlBest_acc_6_model_epoch_0140.pyth

Best Validation Accuracy: 6.98
Best Epoch: 140

======== TESTING ========

Test Accuracy: 5.99.

======== ACTIVE SAMPLING ========

ProbCover adaptive delta: base=0.6000, effective=0.5100, scale=0.85, phase=post_label_shrink, labeled_count=1000
Coverage selection metadata: active=False (mode=adaptive_distance_cv_cover, variant=unknown, delta=0.5100, phase=adaptive_signal, bald_mean=0.0000, bald_max=0.0000, variance_mean=0.0000, variance_max=0.0000, dropout_iters=0, cover_anchors=0, diversity_lambda=0.00, selected_id_mean=0.0000, selected_signal_mean=0.0816, selected_radius_mean=0.8722, k_id=50, k_knn=50, alpha=1.00)
Active Sampling Complete. After Episode 19:
New Labeled Set: 1050, New Unlabeled Set: 93950, Active Set: 50

================================


Current accuracy values:  [1.3100000000000023, 2.1700000000000017, 2.5999999999999943, 2.719999999999999, 2.8799999999999955, 4.230000000000004, 3.6500000000000057, 4.340000000000003, 4.060000000000002, 4.209999999999994, 4.829999999999998, 4.439999999999998, 5.280000000000001, 5.209999999999994, 5.730000000000004, 5.930000000000007, 5.769999999999996, 6.310000000000002, 6.390000000000001, 5.989999999999995]
======== EPISODE 20 BEGINS ========

======== TRAINING ========
Training Epoch: 1/200	Train Loss: 0.3018	Val Accuracy: 0.0
Training Epoch: 2/200	Train Loss: 0.3508	Val Accuracy: 5.44
Training Epoch: 3/200	Train Loss: 0.3631	Val Accuracy: 5.44
Training Epoch: 4/200	Train Loss: 0.3665	Val Accuracy: 6.16
Training Epoch: 5/200	Train Loss: 0.4861	Val Accuracy: 6.16
Training Epoch: 6/200	Train Loss: 0.2154	Val Accuracy: 5.74
Training Epoch: 7/200	Train Loss: 0.223	Val Accuracy: 5.74
Training Epoch: 8/200	Train Loss: 0.1847	Val Accuracy: 5.98
Training Epoch: 9/200	Train Loss: 0.1153	Val Accuracy: 5.98
Training Epoch: 10/200	Train Loss: 0.1073	Val Accuracy: 6.3
Training Epoch: 11/200	Train Loss: 0.0771	Val Accuracy: 6.3
Training Epoch: 12/200	Train Loss: 0.1456	Val Accuracy: 6.58
Training Epoch: 13/200	Train Loss: 0.1457	Val Accuracy: 6.58
Training Epoch: 14/200	Train Loss: 0.0606	Val Accuracy: 6.76
Training Epoch: 15/200	Train Loss: 0.099	Val Accuracy: 6.76
Training Epoch: 16/200	Train Loss: 0.1111	Val Accuracy: 6.34
Training Epoch: 17/200	Train Loss: 0.0422	Val Accuracy: 6.34
Training Epoch: 18/200	Train Loss: 0.0759	Val Accuracy: 6.54
Training Epoch: 19/200	Train Loss: 0.0417	Val Accuracy: 6.54
Training Epoch: 20/200	Train Loss: 0.1048	Val Accuracy: 6.36
Training Epoch: 21/200	Train Loss: 0.0228	Val Accuracy: 6.36
Training Epoch: 22/200	Train Loss: 0.0511	Val Accuracy: 7.22
Training Epoch: 23/200	Train Loss: 0.0221	Val Accuracy: 7.22
Training Epoch: 24/200	Train Loss: 0.0424	Val Accuracy: 6.42
Training Epoch: 25/200	Train Loss: 0.0885	Val Accuracy: 6.42
Training Epoch: 26/200	Train Loss: 0.0513	Val Accuracy: 6.8
Training Epoch: 27/200	Train Loss: 0.0244	Val Accuracy: 6.8
Training Epoch: 28/200	Train Loss: 0.1042	Val Accuracy: 6.28
Training Epoch: 29/200	Train Loss: 0.0197	Val Accuracy: 6.28
Training Epoch: 30/200	Train Loss: 0.0374	Val Accuracy: 6.56
Training Epoch: 31/200	Train Loss: 0.0128	Val Accuracy: 6.56
Training Epoch: 32/200	Train Loss: 0.047	Val Accuracy: 6.12
Training Epoch: 33/200	Train Loss: 0.0643	Val Accuracy: 6.12
Training Epoch: 34/200	Train Loss: 0.0986	Val Accuracy: 6.84
Training Epoch: 35/200	Train Loss: 0.1301	Val Accuracy: 6.84
Training Epoch: 36/200	Train Loss: 0.1156	Val Accuracy: 5.84
Training Epoch: 37/200	Train Loss: 0.1032	Val Accuracy: 5.84
Training Epoch: 38/200	Train Loss: 0.0955	Val Accuracy: 6.18
Training Epoch: 39/200	Train Loss: 0.0679	Val Accuracy: 6.18
Training Epoch: 40/200	Train Loss: 0.0397	Val Accuracy: 5.84
Training Epoch: 41/200	Train Loss: 0.0841	Val Accuracy: 5.84
Training Epoch: 42/200	Train Loss: 0.0951	Val Accuracy: 6.68
Training Epoch: 43/200	Train Loss: 0.0366	Val Accuracy: 6.68
Training Epoch: 44/200	Train Loss: 0.0342	Val Accuracy: 6.4
Training Epoch: 45/200	Train Loss: 0.0504	Val Accuracy: 6.4
Training Epoch: 46/200	Train Loss: 0.0911	Val Accuracy: 6.5
Training Epoch: 47/200	Train Loss: 0.046	Val Accuracy: 6.5
Training Epoch: 48/200	Train Loss: 0.0319	Val Accuracy: 6.14
Training Epoch: 49/200	Train Loss: 0.1242	Val Accuracy: 6.14
Training Epoch: 50/200	Train Loss: 0.089	Val Accuracy: 6.04
Training Epoch: 51/200	Train Loss: 0.0598	Val Accuracy: 6.04
Training Epoch: 52/200	Train Loss: 0.1946	Val Accuracy: 6.48
Training Epoch: 53/200	Train Loss: 0.1381	Val Accuracy: 6.48
Training Epoch: 54/200	Train Loss: 0.0994	Val Accuracy: 6.56
Training Epoch: 55/200	Train Loss: 0.1322	Val Accuracy: 6.56
Training Epoch: 56/200	Train Loss: 0.0905	Val Accuracy: 5.94
Training Epoch: 57/200	Train Loss: 0.2097	Val Accuracy: 5.94
Training Epoch: 58/200	Train Loss: 0.0353	Val Accuracy: 5.96
Training Epoch: 59/200	Train Loss: 0.0763	Val Accuracy: 5.96
Training Epoch: 60/200	Train Loss: 0.039	Val Accuracy: 6.4
Training Epoch: 61/200	Train Loss: 0.035	Val Accuracy: 6.4
Training Epoch: 62/200	Train Loss: 0.0308	Val Accuracy: 6.32
Training Epoch: 63/200	Train Loss: 0.0794	Val Accuracy: 6.32
Training Epoch: 64/200	Train Loss: 0.0339	Val Accuracy: 5.94
Training Epoch: 65/200	Train Loss: 0.0547	Val Accuracy: 5.94
Training Epoch: 66/200	Train Loss: 0.0284	Val Accuracy: 6.46
Training Epoch: 67/200	Train Loss: 0.0626	Val Accuracy: 6.46
Training Epoch: 68/200	Train Loss: 0.0744	Val Accuracy: 6.8
Training Epoch: 69/200	Train Loss: 0.0489	Val Accuracy: 6.8
Training Epoch: 70/200	Train Loss: 0.1871	Val Accuracy: 6.1
Training Epoch: 71/200	Train Loss: 0.0246	Val Accuracy: 6.1
Training Epoch: 72/200	Train Loss: 0.0603	Val Accuracy: 6.4
Training Epoch: 73/200	Train Loss: 0.0392	Val Accuracy: 6.4
Training Epoch: 74/200	Train Loss: 0.1033	Val Accuracy: 6.56
Training Epoch: 75/200	Train Loss: 0.0441	Val Accuracy: 6.56
Training Epoch: 76/200	Train Loss: 0.0718	Val Accuracy: 6.72
Training Epoch: 77/200	Train Loss: 0.0678	Val Accuracy: 6.72
Training Epoch: 78/200	Train Loss: 0.1162	Val Accuracy: 5.98
Training Epoch: 79/200	Train Loss: 0.1014	Val Accuracy: 5.98
Training Epoch: 80/200	Train Loss: 0.0604	Val Accuracy: 6.24
Training Epoch: 81/200	Train Loss: 0.0418	Val Accuracy: 6.24
Training Epoch: 82/200	Train Loss: 0.0269	Val Accuracy: 6.48
Training Epoch: 83/200	Train Loss: 0.0818	Val Accuracy: 6.48
Training Epoch: 84/200	Train Loss: 0.0417	Val Accuracy: 6.14
Training Epoch: 85/200	Train Loss: 0.0725	Val Accuracy: 6.14
Training Epoch: 86/200	Train Loss: 0.0194	Val Accuracy: 6.38
Training Epoch: 87/200	Train Loss: 0.0631	Val Accuracy: 6.38
Training Epoch: 88/200	Train Loss: 0.0423	Val Accuracy: 6.3
Training Epoch: 89/200	Train Loss: 0.0691	Val Accuracy: 6.3
Training Epoch: 90/200	Train Loss: 0.04	Val Accuracy: 6.72
Training Epoch: 91/200	Train Loss: 0.0748	Val Accuracy: 6.72
Training Epoch: 92/200	Train Loss: 0.0458	Val Accuracy: 6.74
Training Epoch: 93/200	Train Loss: 0.1208	Val Accuracy: 6.74
Training Epoch: 94/200	Train Loss: 0.0542	Val Accuracy: 5.34
Training Epoch: 95/200	Train Loss: 0.0305	Val Accuracy: 5.34
Training Epoch: 96/200	Train Loss: 0.0911	Val Accuracy: 6.6
Training Epoch: 97/200	Train Loss: 0.047	Val Accuracy: 6.6
Training Epoch: 98/200	Train Loss: 0.0378	Val Accuracy: 6.4
Training Epoch: 99/200	Train Loss: 0.0302	Val Accuracy: 6.4
Training Epoch: 100/200	Train Loss: 0.0983	Val Accuracy: 6.68
Training Epoch: 101/200	Train Loss: 0.0939	Val Accuracy: 6.68
Training Epoch: 102/200	Train Loss: 0.0658	Val Accuracy: 6.82
Training Epoch: 103/200	Train Loss: 0.0476	Val Accuracy: 6.82
Training Epoch: 104/200	Train Loss: 0.0259	Val Accuracy: 6.68
Training Epoch: 105/200	Train Loss: 0.0307	Val Accuracy: 6.68
Training Epoch: 106/200	Train Loss: 0.0296	Val Accuracy: 6.86
Training Epoch: 107/200	Train Loss: 0.0671	Val Accuracy: 6.86
Training Epoch: 108/200	Train Loss: 0.0919	Val Accuracy: 6.6
Training Epoch: 109/200	Train Loss: 0.0467	Val Accuracy: 6.6
Training Epoch: 110/200	Train Loss: 0.0816	Val Accuracy: 6.22
Training Epoch: 111/200	Train Loss: 0.0581	Val Accuracy: 6.22
Training Epoch: 112/200	Train Loss: 0.0205	Val Accuracy: 6.06
Training Epoch: 113/200	Train Loss: 0.0397	Val Accuracy: 6.06
Training Epoch: 114/200	Train Loss: 0.0384	Val Accuracy: 7.06
Training Epoch: 115/200	Train Loss: 0.148	Val Accuracy: 7.06
Training Epoch: 116/200	Train Loss: 0.0794	Val Accuracy: 6.62
Training Epoch: 117/200	Train Loss: 0.038	Val Accuracy: 6.62
Training Epoch: 118/200	Train Loss: 0.0807	Val Accuracy: 6.68
Training Epoch: 119/200	Train Loss: 0.0385	Val Accuracy: 6.68
Training Epoch: 120/200	Train Loss: 0.0561	Val Accuracy: 6.6
Training Epoch: 121/200	Train Loss: 0.1027	Val Accuracy: 6.6
Training Epoch: 122/200	Train Loss: 0.0598	Val Accuracy: 6.52
Training Epoch: 123/200	Train Loss: 0.047	Val Accuracy: 6.52
Training Epoch: 124/200	Train Loss: 0.0579	Val Accuracy: 6.9
Training Epoch: 125/200	Train Loss: 0.0848	Val Accuracy: 6.9
Training Epoch: 126/200	Train Loss: 0.0219	Val Accuracy: 6.44
Training Epoch: 127/200	Train Loss: 0.0399	Val Accuracy: 6.44
Training Epoch: 128/200	Train Loss: 0.0285	Val Accuracy: 6.64
Training Epoch: 129/200	Train Loss: 0.063	Val Accuracy: 6.64
Training Epoch: 130/200	Train Loss: 0.0337	Val Accuracy: 6.3
Training Epoch: 131/200	Train Loss: 0.0376	Val Accuracy: 6.3
Training Epoch: 132/200	Train Loss: 0.0433	Val Accuracy: 6.86
Training Epoch: 133/200	Train Loss: 0.0844	Val Accuracy: 6.86
Training Epoch: 134/200	Train Loss: 0.0618	Val Accuracy: 6.44
Training Epoch: 135/200	Train Loss: 0.0973	Val Accuracy: 6.44
Training Epoch: 136/200	Train Loss: 0.0495	Val Accuracy: 6.44
Training Epoch: 137/200	Train Loss: 0.0355	Val Accuracy: 6.44
Training Epoch: 138/200	Train Loss: 0.0705	Val Accuracy: 6.44
Training Epoch: 139/200	Train Loss: 0.0308	Val Accuracy: 6.44
Training Epoch: 140/200	Train Loss: 0.033	Val Accuracy: 6.68
Training Epoch: 141/200	Train Loss: 0.0882	Val Accuracy: 6.68
Training Epoch: 142/200	Train Loss: 0.0918	Val Accuracy: 6.0
Training Epoch: 143/200	Train Loss: 0.1009	Val Accuracy: 6.0
Training Epoch: 144/200	Train Loss: 0.1073	Val Accuracy: 6.2
Training Epoch: 145/200	Train Loss: 0.0409	Val Accuracy: 6.2
Training Epoch: 146/200	Train Loss: 0.033	Val Accuracy: 6.98
Training Epoch: 147/200	Train Loss: 0.0359	Val Accuracy: 6.98
Training Epoch: 148/200	Train Loss: 0.153	Val Accuracy: 6.8
Training Epoch: 149/200	Train Loss: 0.0821	Val Accuracy: 6.8
Training Epoch: 150/200	Train Loss: 0.0613	Val Accuracy: 6.56
Training Epoch: 151/200	Train Loss: 0.0369	Val Accuracy: 6.56
Training Epoch: 152/200	Train Loss: 0.0692	Val Accuracy: 6.66
Training Epoch: 153/200	Train Loss: 0.0956	Val Accuracy: 6.66
Training Epoch: 154/200	Train Loss: 0.1198	Val Accuracy: 6.16
Training Epoch: 155/200	Train Loss: 0.0805	Val Accuracy: 6.16
Training Epoch: 156/200	Train Loss: 0.0439	Val Accuracy: 6.94
Training Epoch: 157/200	Train Loss: 0.0472	Val Accuracy: 6.94
Training Epoch: 158/200	Train Loss: 0.0454	Val Accuracy: 6.76
Training Epoch: 159/200	Train Loss: 0.0472	Val Accuracy: 6.76
Training Epoch: 160/200	Train Loss: 0.0236	Val Accuracy: 6.64
Training Epoch: 161/200	Train Loss: 0.0253	Val Accuracy: 6.64
Training Epoch: 162/200	Train Loss: 0.1386	Val Accuracy: 6.6
Training Epoch: 163/200	Train Loss: 0.0478	Val Accuracy: 6.6
Training Epoch: 164/200	Train Loss: 0.1045	Val Accuracy: 6.42
Training Epoch: 165/200	Train Loss: 0.0403	Val Accuracy: 6.42
Training Epoch: 166/200	Train Loss: 0.0399	Val Accuracy: 7.2
Training Epoch: 167/200	Train Loss: 0.0483	Val Accuracy: 7.2
Training Epoch: 168/200	Train Loss: 0.0335	Val Accuracy: 6.58
Training Epoch: 169/200	Train Loss: 0.0337	Val Accuracy: 6.58
Training Epoch: 170/200	Train Loss: 0.099	Val Accuracy: 6.62
Training Epoch: 171/200	Train Loss: 0.0719	Val Accuracy: 6.62
Training Epoch: 172/200	Train Loss: 0.0691	Val Accuracy: 5.88
Training Epoch: 173/200	Train Loss: 0.1367	Val Accuracy: 5.88
Training Epoch: 174/200	Train Loss: 0.0567	Val Accuracy: 6.3
Training Epoch: 175/200	Train Loss: 0.0456	Val Accuracy: 6.3
Training Epoch: 176/200	Train Loss: 0.0367	Val Accuracy: 6.16
Training Epoch: 177/200	Train Loss: 0.1801	Val Accuracy: 6.16
Training Epoch: 178/200	Train Loss: 0.0922	Val Accuracy: 6.52
Training Epoch: 179/200	Train Loss: 0.221	Val Accuracy: 6.52
Training Epoch: 180/200	Train Loss: 0.0681	Val Accuracy: 6.44
Training Epoch: 181/200	Train Loss: 0.1293	Val Accuracy: 6.44
Training Epoch: 182/200	Train Loss: 0.1573	Val Accuracy: 6.32
Training Epoch: 183/200	Train Loss: 0.0971	Val Accuracy: 6.32
Training Epoch: 184/200	Train Loss: 0.0704	Val Accuracy: 6.2
Training Epoch: 185/200	Train Loss: 0.113	Val Accuracy: 6.2
Training Epoch: 186/200	Train Loss: 0.0739	Val Accuracy: 6.16
Training Epoch: 187/200	Train Loss: 0.1063	Val Accuracy: 6.16
Training Epoch: 188/200	Train Loss: 0.1076	Val Accuracy: 6.06
Training Epoch: 189/200	Train Loss: 0.0861	Val Accuracy: 6.06
Training Epoch: 190/200	Train Loss: 0.2647	Val Accuracy: 6.3
Training Epoch: 191/200	Train Loss: 0.2604	Val Accuracy: 6.3
Training Epoch: 192/200	Train Loss: 0.0885	Val Accuracy: 6.06
Training Epoch: 193/200	Train Loss: 0.0536	Val Accuracy: 6.06
Training Epoch: 194/200	Train Loss: 0.0748	Val Accuracy: 6.78
Training Epoch: 195/200	Train Loss: 0.0718	Val Accuracy: 6.78
Training Epoch: 196/200	Train Loss: 0.0565	Val Accuracy: 6.72
Training Epoch: 197/200	Train Loss: 0.098	Val Accuracy: 6.72
Training Epoch: 198/200	Train Loss: 0.031	Val Accuracy: 6.64
Training Epoch: 199/200	Train Loss: 0.0588	Val Accuracy: 6.64
Training Epoch: 200/200	Train Loss: 0.0085	Val Accuracy: 6.4

Wrote Best Model Checkpoint to: vlBest_acc_7_model_epoch_0022.pyth

Best Validation Accuracy: 7.22
Best Epoch: 22

======== TESTING ========

Test Accuracy: 6.72.

======== ACTIVE SAMPLING ========

ProbCover adaptive delta: base=0.6000, effective=0.5100, scale=0.85, phase=post_label_shrink, labeled_count=1050
Coverage selection metadata: active=False (mode=adaptive_distance_cv_cover, variant=unknown, delta=0.5100, phase=adaptive_signal, bald_mean=0.0000, bald_max=0.0000, variance_mean=0.0000, variance_max=0.0000, dropout_iters=0, cover_anchors=0, diversity_lambda=0.00, selected_id_mean=0.0000, selected_signal_mean=0.0754, selected_radius_mean=0.8064, k_id=50, k_knn=50, alpha=1.00)
Active Sampling Complete. After Episode 20:
New Labeled Set: 1100, New Unlabeled Set: 93900, Active Set: 50

================================


Current accuracy values:  [1.3100000000000023, 2.1700000000000017, 2.5999999999999943, 2.719999999999999, 2.8799999999999955, 4.230000000000004, 3.6500000000000057, 4.340000000000003, 4.060000000000002, 4.209999999999994, 4.829999999999998, 4.439999999999998, 5.280000000000001, 5.209999999999994, 5.730000000000004, 5.930000000000007, 5.769999999999996, 6.310000000000002, 6.390000000000001, 5.989999999999995, 6.719999999999999]
======== EPISODE 21 BEGINS ========

======== TRAINING ========
Training Epoch: 1/200	Train Loss: 0.5517	Val Accuracy: 0.0
Training Epoch: 2/200	Train Loss: 0.3796	Val Accuracy: 5.76
Training Epoch: 3/200	Train Loss: 0.414	Val Accuracy: 5.76
Training Epoch: 4/200	Train Loss: 0.2486	Val Accuracy: 6.28
Training Epoch: 5/200	Train Loss: 0.2842	Val Accuracy: 6.28
Training Epoch: 6/200	Train Loss: 0.2357	Val Accuracy: 6.9
Training Epoch: 7/200	Train Loss: 0.1535	Val Accuracy: 6.9
Training Epoch: 8/200	Train Loss: 0.3509	Val Accuracy: 6.98
Training Epoch: 9/200	Train Loss: 0.1116	Val Accuracy: 6.98
Training Epoch: 10/200	Train Loss: 0.1611	Val Accuracy: 6.68
Training Epoch: 11/200	Train Loss: 0.129	Val Accuracy: 6.68
Training Epoch: 12/200	Train Loss: 0.0879	Val Accuracy: 6.76
Training Epoch: 13/200	Train Loss: 0.0684	Val Accuracy: 6.76
Training Epoch: 14/200	Train Loss: 0.1075	Val Accuracy: 6.42
Training Epoch: 15/200	Train Loss: 0.1058	Val Accuracy: 6.42
Training Epoch: 16/200	Train Loss: 0.041	Val Accuracy: 6.88
Training Epoch: 17/200	Train Loss: 0.0248	Val Accuracy: 6.88
Training Epoch: 18/200	Train Loss: 0.1379	Val Accuracy: 6.38
Training Epoch: 19/200	Train Loss: 0.097	Val Accuracy: 6.38
Training Epoch: 20/200	Train Loss: 0.0457	Val Accuracy: 6.6
Training Epoch: 21/200	Train Loss: 0.1213	Val Accuracy: 6.6
Training Epoch: 22/200	Train Loss: 0.1463	Val Accuracy: 6.86
Training Epoch: 23/200	Train Loss: 0.105	Val Accuracy: 6.86
Training Epoch: 24/200	Train Loss: 0.0464	Val Accuracy: 6.88
Training Epoch: 25/200	Train Loss: 0.0991	Val Accuracy: 6.88
Training Epoch: 26/200	Train Loss: 0.1958	Val Accuracy: 6.64
Training Epoch: 27/200	Train Loss: 0.0613	Val Accuracy: 6.64
Training Epoch: 28/200	Train Loss: 0.0284	Val Accuracy: 6.94
Training Epoch: 29/200	Train Loss: 0.0441	Val Accuracy: 6.94
Training Epoch: 30/200	Train Loss: 0.0474	Val Accuracy: 6.68
Training Epoch: 31/200	Train Loss: 0.0433	Val Accuracy: 6.68
Training Epoch: 32/200	Train Loss: 0.0321	Val Accuracy: 6.3
Training Epoch: 33/200	Train Loss: 0.0293	Val Accuracy: 6.3
Training Epoch: 34/200	Train Loss: 0.1515	Val Accuracy: 6.44
Training Epoch: 35/200	Train Loss: 0.0559	Val Accuracy: 6.44
Training Epoch: 36/200	Train Loss: 0.1017	Val Accuracy: 7.22
Training Epoch: 37/200	Train Loss: 0.1023	Val Accuracy: 7.22
Training Epoch: 38/200	Train Loss: 0.0959	Val Accuracy: 6.98
Training Epoch: 39/200	Train Loss: 0.1769	Val Accuracy: 6.98
Training Epoch: 40/200	Train Loss: 0.0358	Val Accuracy: 7.28
Training Epoch: 41/200	Train Loss: 0.0476	Val Accuracy: 7.28
Training Epoch: 42/200	Train Loss: 0.0326	Val Accuracy: 6.84
Training Epoch: 43/200	Train Loss: 0.0454	Val Accuracy: 6.84
Training Epoch: 44/200	Train Loss: 0.0427	Val Accuracy: 6.92
Training Epoch: 45/200	Train Loss: 0.0527	Val Accuracy: 6.92
Training Epoch: 46/200	Train Loss: 0.0172	Val Accuracy: 6.94
Training Epoch: 47/200	Train Loss: 0.0151	Val Accuracy: 6.94
Training Epoch: 48/200	Train Loss: 0.0366	Val Accuracy: 6.52
Training Epoch: 49/200	Train Loss: 0.0673	Val Accuracy: 6.52
Training Epoch: 50/200	Train Loss: 0.0587	Val Accuracy: 6.44
Training Epoch: 51/200	Train Loss: 0.0806	Val Accuracy: 6.44
Training Epoch: 52/200	Train Loss: 0.0524	Val Accuracy: 7.06
Training Epoch: 53/200	Train Loss: 0.0149	Val Accuracy: 7.06
Training Epoch: 54/200	Train Loss: 0.0276	Val Accuracy: 7.04
Training Epoch: 55/200	Train Loss: 0.0757	Val Accuracy: 7.04
Training Epoch: 56/200	Train Loss: 0.0086	Val Accuracy: 7.26
Training Epoch: 57/200	Train Loss: 0.0205	Val Accuracy: 7.26
Training Epoch: 58/200	Train Loss: 0.0204	Val Accuracy: 7.12
Training Epoch: 59/200	Train Loss: 0.019	Val Accuracy: 7.12
Training Epoch: 60/200	Train Loss: 0.0142	Val Accuracy: 7.18
Training Epoch: 61/200	Train Loss: 0.0319	Val Accuracy: 7.18
Training Epoch: 62/200	Train Loss: 0.0159	Val Accuracy: 7.16
Training Epoch: 63/200	Train Loss: 0.0653	Val Accuracy: 7.16
Training Epoch: 64/200	Train Loss: 0.0254	Val Accuracy: 7.42
Training Epoch: 65/200	Train Loss: 0.1432	Val Accuracy: 7.42
Training Epoch: 66/200	Train Loss: 0.0561	Val Accuracy: 6.4
Training Epoch: 67/200	Train Loss: 0.0254	Val Accuracy: 6.4
Training Epoch: 68/200	Train Loss: 0.0913	Val Accuracy: 6.64
Training Epoch: 69/200	Train Loss: 0.1407	Val Accuracy: 6.64
Training Epoch: 70/200	Train Loss: 0.1303	Val Accuracy: 6.74
Training Epoch: 71/200	Train Loss: 0.1154	Val Accuracy: 6.74
Training Epoch: 72/200	Train Loss: 0.0948	Val Accuracy: 6.18
Training Epoch: 73/200	Train Loss: 0.0967	Val Accuracy: 6.18
Training Epoch: 74/200	Train Loss: 0.0744	Val Accuracy: 6.4
Training Epoch: 75/200	Train Loss: 0.0978	Val Accuracy: 6.4
Training Epoch: 76/200	Train Loss: 0.1091	Val Accuracy: 6.5
Training Epoch: 77/200	Train Loss: 0.1422	Val Accuracy: 6.5
Training Epoch: 78/200	Train Loss: 0.0797	Val Accuracy: 6.46
Training Epoch: 79/200	Train Loss: 0.0725	Val Accuracy: 6.46
Training Epoch: 80/200	Train Loss: 0.0489	Val Accuracy: 6.56
Training Epoch: 81/200	Train Loss: 0.0418	Val Accuracy: 6.56
Training Epoch: 82/200	Train Loss: 0.1179	Val Accuracy: 6.28
Training Epoch: 83/200	Train Loss: 0.0447	Val Accuracy: 6.28
Training Epoch: 84/200	Train Loss: 0.0303	Val Accuracy: 6.38
Training Epoch: 85/200	Train Loss: 0.0621	Val Accuracy: 6.38
Training Epoch: 86/200	Train Loss: 0.0437	Val Accuracy: 6.64
Training Epoch: 87/200	Train Loss: 0.0671	Val Accuracy: 6.64
Training Epoch: 88/200	Train Loss: 0.0401	Val Accuracy: 6.16
Training Epoch: 89/200	Train Loss: 0.0239	Val Accuracy: 6.16
Training Epoch: 90/200	Train Loss: 0.094	Val Accuracy: 6.4
Training Epoch: 91/200	Train Loss: 0.1659	Val Accuracy: 6.4
Training Epoch: 92/200	Train Loss: 0.1182	Val Accuracy: 6.6
Training Epoch: 93/200	Train Loss: 0.1971	Val Accuracy: 6.6
Training Epoch: 94/200	Train Loss: 0.0907	Val Accuracy: 6.7
Training Epoch: 95/200	Train Loss: 0.1348	Val Accuracy: 6.7
Training Epoch: 96/200	Train Loss: 0.0711	Val Accuracy: 6.54
Training Epoch: 97/200	Train Loss: 0.0809	Val Accuracy: 6.54
Training Epoch: 98/200	Train Loss: 0.0285	Val Accuracy: 6.04
Training Epoch: 99/200	Train Loss: 0.0674	Val Accuracy: 6.04
Training Epoch: 100/200	Train Loss: 0.1128	Val Accuracy: 6.76
Training Epoch: 101/200	Train Loss: 0.042	Val Accuracy: 6.76
Training Epoch: 102/200	Train Loss: 0.0631	Val Accuracy: 6.28
Training Epoch: 103/200	Train Loss: 0.0412	Val Accuracy: 6.28
Training Epoch: 104/200	Train Loss: 0.0401	Val Accuracy: 6.4
Training Epoch: 105/200	Train Loss: 0.0458	Val Accuracy: 6.4
Training Epoch: 106/200	Train Loss: 0.0289	Val Accuracy: 6.96
Training Epoch: 107/200	Train Loss: 0.0278	Val Accuracy: 6.96
Training Epoch: 108/200	Train Loss: 0.1195	Val Accuracy: 6.68
Training Epoch: 109/200	Train Loss: 0.019	Val Accuracy: 6.68
Training Epoch: 110/200	Train Loss: 0.0666	Val Accuracy: 5.94
Training Epoch: 111/200	Train Loss: 0.1232	Val Accuracy: 5.94
Training Epoch: 112/200	Train Loss: 0.1013	Val Accuracy: 6.1
Training Epoch: 113/200	Train Loss: 0.0606	Val Accuracy: 6.1
Training Epoch: 114/200	Train Loss: 0.1265	Val Accuracy: 6.24
Training Epoch: 115/200	Train Loss: 0.047	Val Accuracy: 6.24
Training Epoch: 116/200	Train Loss: 0.0391	Val Accuracy: 6.86
Training Epoch: 117/200	Train Loss: 0.0384	Val Accuracy: 6.86
Training Epoch: 118/200	Train Loss: 0.0579	Val Accuracy: 6.36
Training Epoch: 119/200	Train Loss: 0.0234	Val Accuracy: 6.36
Training Epoch: 120/200	Train Loss: 0.082	Val Accuracy: 6.84
Training Epoch: 121/200	Train Loss: 0.0382	Val Accuracy: 6.84
Training Epoch: 122/200	Train Loss: 0.0407	Val Accuracy: 7.24
Training Epoch: 123/200	Train Loss: 0.0131	Val Accuracy: 7.24
Training Epoch: 124/200	Train Loss: 0.068	Val Accuracy: 6.88
Training Epoch: 125/200	Train Loss: 0.1283	Val Accuracy: 6.88
Training Epoch: 126/200	Train Loss: 0.0905	Val Accuracy: 6.54
Training Epoch: 127/200	Train Loss: 0.142	Val Accuracy: 6.54
Training Epoch: 128/200	Train Loss: 0.1109	Val Accuracy: 6.3
Training Epoch: 129/200	Train Loss: 0.114	Val Accuracy: 6.3
Training Epoch: 130/200	Train Loss: 0.0557	Val Accuracy: 6.24
Training Epoch: 131/200	Train Loss: 0.1639	Val Accuracy: 6.24
Training Epoch: 132/200	Train Loss: 0.1006	Val Accuracy: 6.68
Training Epoch: 133/200	Train Loss: 0.0489	Val Accuracy: 6.68
Training Epoch: 134/200	Train Loss: 0.0503	Val Accuracy: 6.36
Training Epoch: 135/200	Train Loss: 0.2247	Val Accuracy: 6.36
Training Epoch: 136/200	Train Loss: 0.0296	Val Accuracy: 6.2
Training Epoch: 137/200	Train Loss: 0.1126	Val Accuracy: 6.2
Training Epoch: 138/200	Train Loss: 0.0614	Val Accuracy: 6.28
Training Epoch: 139/200	Train Loss: 0.1209	Val Accuracy: 6.28
Training Epoch: 140/200	Train Loss: 0.1832	Val Accuracy: 5.92
Training Epoch: 141/200	Train Loss: 0.1169	Val Accuracy: 5.92
Training Epoch: 142/200	Train Loss: 0.0839	Val Accuracy: 6.64
Training Epoch: 143/200	Train Loss: 0.0444	Val Accuracy: 6.64
Training Epoch: 144/200	Train Loss: 0.0358	Val Accuracy: 6.86
Training Epoch: 145/200	Train Loss: 0.0524	Val Accuracy: 6.86
Training Epoch: 146/200	Train Loss: 0.0989	Val Accuracy: 6.26
Training Epoch: 147/200	Train Loss: 0.0637	Val Accuracy: 6.26
Training Epoch: 148/200	Train Loss: 0.1289	Val Accuracy: 6.42
Training Epoch: 149/200	Train Loss: 0.0442	Val Accuracy: 6.42
Training Epoch: 150/200	Train Loss: 0.0484	Val Accuracy: 7.02
Training Epoch: 151/200	Train Loss: 0.2717	Val Accuracy: 7.02
Training Epoch: 152/200	Train Loss: 0.0495	Val Accuracy: 6.52
Training Epoch: 153/200	Train Loss: 0.0421	Val Accuracy: 6.52
Training Epoch: 154/200	Train Loss: 0.0549	Val Accuracy: 6.7
Training Epoch: 155/200	Train Loss: 0.1098	Val Accuracy: 6.7
Training Epoch: 156/200	Train Loss: 0.2181	Val Accuracy: 6.76
Training Epoch: 157/200	Train Loss: 0.0335	Val Accuracy: 6.76
Training Epoch: 158/200	Train Loss: 0.0743	Val Accuracy: 6.8
Training Epoch: 159/200	Train Loss: 0.0492	Val Accuracy: 6.8
Training Epoch: 160/200	Train Loss: 0.0849	Val Accuracy: 6.92
Training Epoch: 161/200	Train Loss: 0.0235	Val Accuracy: 6.92
Training Epoch: 162/200	Train Loss: 0.0363	Val Accuracy: 6.82
Training Epoch: 163/200	Train Loss: 0.0521	Val Accuracy: 6.82
Training Epoch: 164/200	Train Loss: 0.1049	Val Accuracy: 6.7
Training Epoch: 165/200	Train Loss: 0.0582	Val Accuracy: 6.7
Training Epoch: 166/200	Train Loss: 0.0979	Val Accuracy: 7.06
Training Epoch: 167/200	Train Loss: 0.0282	Val Accuracy: 7.06
Training Epoch: 168/200	Train Loss: 0.0196	Val Accuracy: 7.02
Training Epoch: 169/200	Train Loss: 0.0584	Val Accuracy: 7.02
Training Epoch: 170/200	Train Loss: 0.035	Val Accuracy: 6.74
Training Epoch: 171/200	Train Loss: 0.0275	Val Accuracy: 6.74
Training Epoch: 172/200	Train Loss: 0.0935	Val Accuracy: 6.98
Training Epoch: 173/200	Train Loss: 0.0396	Val Accuracy: 6.98
Training Epoch: 174/200	Train Loss: 0.0675	Val Accuracy: 6.76
Training Epoch: 175/200	Train Loss: 0.0637	Val Accuracy: 6.76
Training Epoch: 176/200	Train Loss: 0.1098	Val Accuracy: 6.5
Training Epoch: 177/200	Train Loss: 0.0653	Val Accuracy: 6.5
Training Epoch: 178/200	Train Loss: 0.1711	Val Accuracy: 6.96
Training Epoch: 179/200	Train Loss: 0.0112	Val Accuracy: 6.96
Training Epoch: 180/200	Train Loss: 0.0356	Val Accuracy: 6.82
Training Epoch: 181/200	Train Loss: 0.1081	Val Accuracy: 6.82
Training Epoch: 182/200	Train Loss: 0.0841	Val Accuracy: 6.66
Training Epoch: 183/200	Train Loss: 0.0837	Val Accuracy: 6.66
Training Epoch: 184/200	Train Loss: 0.2322	Val Accuracy: 6.44
Training Epoch: 185/200	Train Loss: 0.0553	Val Accuracy: 6.44
Training Epoch: 186/200	Train Loss: 0.0353	Val Accuracy: 6.72
Training Epoch: 187/200	Train Loss: 0.0252	Val Accuracy: 6.72
Training Epoch: 188/200	Train Loss: 0.0719	Val Accuracy: 6.6
Training Epoch: 189/200	Train Loss: 0.0366	Val Accuracy: 6.6
Training Epoch: 190/200	Train Loss: 0.06	Val Accuracy: 6.64
Training Epoch: 191/200	Train Loss: 0.0567	Val Accuracy: 6.64
Training Epoch: 192/200	Train Loss: 0.1053	Val Accuracy: 6.34
Training Epoch: 193/200	Train Loss: 0.0964	Val Accuracy: 6.34
Training Epoch: 194/200	Train Loss: 0.0966	Val Accuracy: 6.6
Training Epoch: 195/200	Train Loss: 0.0649	Val Accuracy: 6.6
Training Epoch: 196/200	Train Loss: 0.0593	Val Accuracy: 6.28
Training Epoch: 197/200	Train Loss: 0.0739	Val Accuracy: 6.28
Training Epoch: 198/200	Train Loss: 0.0336	Val Accuracy: 6.92
Training Epoch: 199/200	Train Loss: 0.048	Val Accuracy: 6.92
Training Epoch: 200/200	Train Loss: 0.1295	Val Accuracy: 7.0

Wrote Best Model Checkpoint to: vlBest_acc_7_model_epoch_0064.pyth

Best Validation Accuracy: 7.42
Best Epoch: 64

======== TESTING ========

Test Accuracy: 6.63.

======== ACTIVE SAMPLING ========

ProbCover adaptive delta: base=0.6000, effective=0.5100, scale=0.85, phase=post_label_shrink, labeled_count=1100
Coverage selection metadata: active=False (mode=adaptive_distance_cv_cover, variant=unknown, delta=0.5100, phase=adaptive_signal, bald_mean=0.0000, bald_max=0.0000, variance_mean=0.0000, variance_max=0.0000, dropout_iters=0, cover_anchors=0, diversity_lambda=0.00, selected_id_mean=0.0000, selected_signal_mean=0.0778, selected_radius_mean=0.8315, k_id=50, k_knn=50, alpha=1.00)
Active Sampling Complete. After Episode 21:
New Labeled Set: 1150, New Unlabeled Set: 93850, Active Set: 50

================================


Current accuracy values:  [1.3100000000000023, 2.1700000000000017, 2.5999999999999943, 2.719999999999999, 2.8799999999999955, 4.230000000000004, 3.6500000000000057, 4.340000000000003, 4.060000000000002, 4.209999999999994, 4.829999999999998, 4.439999999999998, 5.280000000000001, 5.209999999999994, 5.730000000000004, 5.930000000000007, 5.769999999999996, 6.310000000000002, 6.390000000000001, 5.989999999999995, 6.719999999999999, 6.6299999999999955]
======== EPISODE 22 BEGINS ========

======== TRAINING ========
Training Epoch: 1/200	Train Loss: 0.2838	Val Accuracy: 0.0
Training Epoch: 2/200	Train Loss: 0.4143	Val Accuracy: 5.92
Training Epoch: 3/200	Train Loss: 0.435	Val Accuracy: 5.92
Training Epoch: 4/200	Train Loss: 0.3054	Val Accuracy: 6.4
Training Epoch: 5/200	Train Loss: 0.2658	Val Accuracy: 6.4
Training Epoch: 6/200	Train Loss: 0.2874	Val Accuracy: 6.08
Training Epoch: 7/200	Train Loss: 0.1351	Val Accuracy: 6.08
Training Epoch: 8/200	Train Loss: 0.1566	Val Accuracy: 5.68
Training Epoch: 9/200	Train Loss: 0.1682	Val Accuracy: 5.68
Training Epoch: 10/200	Train Loss: 0.0788	Val Accuracy: 6.84
Training Epoch: 11/200	Train Loss: 0.1642	Val Accuracy: 6.84
Training Epoch: 12/200	Train Loss: 0.1176	Val Accuracy: 6.44
Training Epoch: 13/200	Train Loss: 0.05	Val Accuracy: 6.44
Training Epoch: 14/200	Train Loss: 0.0834	Val Accuracy: 6.8
Training Epoch: 15/200	Train Loss: 0.1782	Val Accuracy: 6.8
Training Epoch: 16/200	Train Loss: 0.2753	Val Accuracy: 6.06
Training Epoch: 17/200	Train Loss: 0.2718	Val Accuracy: 6.06
Training Epoch: 18/200	Train Loss: 0.15	Val Accuracy: 6.4
Training Epoch: 19/200	Train Loss: 0.1211	Val Accuracy: 6.4
Training Epoch: 20/200	Train Loss: 0.1229	Val Accuracy: 6.8
Training Epoch: 21/200	Train Loss: 0.0982	Val Accuracy: 6.8
Training Epoch: 22/200	Train Loss: 0.2548	Val Accuracy: 6.62
Training Epoch: 23/200	Train Loss: 0.091	Val Accuracy: 6.62
Training Epoch: 24/200	Train Loss: 0.1032	Val Accuracy: 7.08
Training Epoch: 25/200	Train Loss: 0.156	Val Accuracy: 7.08
Training Epoch: 26/200	Train Loss: 0.0321	Val Accuracy: 6.42
Training Epoch: 27/200	Train Loss: 0.1494	Val Accuracy: 6.42
Training Epoch: 28/200	Train Loss: 0.0821	Val Accuracy: 6.58
Training Epoch: 29/200	Train Loss: 0.0793	Val Accuracy: 6.58
Training Epoch: 30/200	Train Loss: 0.1196	Val Accuracy: 6.84
Training Epoch: 31/200	Train Loss: 0.032	Val Accuracy: 6.84
Training Epoch: 32/200	Train Loss: 0.1066	Val Accuracy: 6.64
Training Epoch: 33/200	Train Loss: 0.0247	Val Accuracy: 6.64
Training Epoch: 34/200	Train Loss: 0.0522	Val Accuracy: 7.28
Training Epoch: 35/200	Train Loss: 0.1282	Val Accuracy: 7.28
Training Epoch: 36/200	Train Loss: 0.0537	Val Accuracy: 6.76
Training Epoch: 37/200	Train Loss: 0.0375	Val Accuracy: 6.76
Training Epoch: 38/200	Train Loss: 0.1092	Val Accuracy: 6.28
Training Epoch: 39/200	Train Loss: 0.0507	Val Accuracy: 6.28
Training Epoch: 40/200	Train Loss: 0.071	Val Accuracy: 6.5
Training Epoch: 41/200	Train Loss: 0.0835	Val Accuracy: 6.5
Training Epoch: 42/200	Train Loss: 0.0941	Val Accuracy: 6.74
Training Epoch: 43/200	Train Loss: 0.1704	Val Accuracy: 6.74
Training Epoch: 44/200	Train Loss: 0.0844	Val Accuracy: 6.8
Training Epoch: 45/200	Train Loss: 0.1047	Val Accuracy: 6.8
Training Epoch: 46/200	Train Loss: 0.1317	Val Accuracy: 6.76
Training Epoch: 47/200	Train Loss: 0.1205	Val Accuracy: 6.76
Training Epoch: 48/200	Train Loss: 0.0786	Val Accuracy: 6.6
Training Epoch: 49/200	Train Loss: 0.2309	Val Accuracy: 6.6
Training Epoch: 50/200	Train Loss: 0.0654	Val Accuracy: 6.44
Training Epoch: 51/200	Train Loss: 0.1208	Val Accuracy: 6.44
Training Epoch: 52/200	Train Loss: 0.0636	Val Accuracy: 6.82
Training Epoch: 53/200	Train Loss: 0.0633	Val Accuracy: 6.82
Training Epoch: 54/200	Train Loss: 0.2524	Val Accuracy: 6.56
Training Epoch: 55/200	Train Loss: 0.0659	Val Accuracy: 6.56
Training Epoch: 56/200	Train Loss: 0.1168	Val Accuracy: 6.44
Training Epoch: 57/200	Train Loss: 0.0256	Val Accuracy: 6.44
Training Epoch: 58/200	Train Loss: 0.0832	Val Accuracy: 7.02
Training Epoch: 59/200	Train Loss: 0.0341	Val Accuracy: 7.02
Training Epoch: 60/200	Train Loss: 0.0834	Val Accuracy: 6.9
Training Epoch: 61/200	Train Loss: 0.0226	Val Accuracy: 6.9
Training Epoch: 62/200	Train Loss: 0.1357	Val Accuracy: 6.72
Training Epoch: 63/200	Train Loss: 0.0511	Val Accuracy: 6.72
Training Epoch: 64/200	Train Loss: 0.0336	Val Accuracy: 6.36
Training Epoch: 65/200	Train Loss: 0.0466	Val Accuracy: 6.36
Training Epoch: 66/200	Train Loss: 0.0533	Val Accuracy: 6.62
Training Epoch: 67/200	Train Loss: 0.0208	Val Accuracy: 6.62
Training Epoch: 68/200	Train Loss: 0.0258	Val Accuracy: 6.8
Training Epoch: 69/200	Train Loss: 0.0632	Val Accuracy: 6.8
Training Epoch: 70/200	Train Loss: 0.0197	Val Accuracy: 6.92
Training Epoch: 71/200	Train Loss: 0.037	Val Accuracy: 6.92
Training Epoch: 72/200	Train Loss: 0.0416	Val Accuracy: 6.8
Training Epoch: 73/200	Train Loss: 0.0184	Val Accuracy: 6.8
Training Epoch: 74/200	Train Loss: 0.0284	Val Accuracy: 7.26
Training Epoch: 75/200	Train Loss: 0.1908	Val Accuracy: 7.26
Training Epoch: 76/200	Train Loss: 0.0214	Val Accuracy: 6.74
Training Epoch: 77/200	Train Loss: 0.0181	Val Accuracy: 6.74
Training Epoch: 78/200	Train Loss: 0.0461	Val Accuracy: 6.86
Training Epoch: 79/200	Train Loss: 0.0159	Val Accuracy: 6.86
Training Epoch: 80/200	Train Loss: 0.0372	Val Accuracy: 6.92
Training Epoch: 81/200	Train Loss: 0.0185	Val Accuracy: 6.92
Training Epoch: 82/200	Train Loss: 0.0403	Val Accuracy: 6.82
Training Epoch: 83/200	Train Loss: 0.0328	Val Accuracy: 6.82
Training Epoch: 84/200	Train Loss: 0.0606	Val Accuracy: 6.94
Training Epoch: 85/200	Train Loss: 0.0157	Val Accuracy: 6.94
Training Epoch: 86/200	Train Loss: 0.1273	Val Accuracy: 6.66
Training Epoch: 87/200	Train Loss: 0.0172	Val Accuracy: 6.66
Training Epoch: 88/200	Train Loss: 0.1302	Val Accuracy: 6.56
Training Epoch: 89/200	Train Loss: 0.0803	Val Accuracy: 6.56
Training Epoch: 90/200	Train Loss: 0.0908	Val Accuracy: 6.56
Training Epoch: 91/200	Train Loss: 0.1264	Val Accuracy: 6.56
Training Epoch: 92/200	Train Loss: 0.134	Val Accuracy: 6.52
Training Epoch: 93/200	Train Loss: 0.0588	Val Accuracy: 6.52
Training Epoch: 94/200	Train Loss: 0.2393	Val Accuracy: 6.84
Training Epoch: 95/200	Train Loss: 0.0807	Val Accuracy: 6.84
Training Epoch: 96/200	Train Loss: 0.0738	Val Accuracy: 6.16
Training Epoch: 97/200	Train Loss: 0.102	Val Accuracy: 6.16
Training Epoch: 98/200	Train Loss: 0.0504	Val Accuracy: 6.62
Training Epoch: 99/200	Train Loss: 0.1067	Val Accuracy: 6.62
Training Epoch: 100/200	Train Loss: 0.1611	Val Accuracy: 6.54
Training Epoch: 101/200	Train Loss: 0.1031	Val Accuracy: 6.54
Training Epoch: 102/200	Train Loss: 0.2015	Val Accuracy: 6.56
Training Epoch: 103/200	Train Loss: 0.1345	Val Accuracy: 6.56
Training Epoch: 104/200	Train Loss: 0.0726	Val Accuracy: 6.32
Training Epoch: 105/200	Train Loss: 0.0816	Val Accuracy: 6.32
Training Epoch: 106/200	Train Loss: 0.0279	Val Accuracy: 6.66
Training Epoch: 107/200	Train Loss: 0.0643	Val Accuracy: 6.66
Training Epoch: 108/200	Train Loss: 0.0559	Val Accuracy: 6.58
Training Epoch: 109/200	Train Loss: 0.0744	Val Accuracy: 6.58
Training Epoch: 110/200	Train Loss: 0.0359	Val Accuracy: 6.4
Training Epoch: 111/200	Train Loss: 0.1236	Val Accuracy: 6.4
Training Epoch: 112/200	Train Loss: 0.0646	Val Accuracy: 6.96
Training Epoch: 113/200	Train Loss: 0.0936	Val Accuracy: 6.96
Training Epoch: 114/200	Train Loss: 0.0556	Val Accuracy: 6.34
Training Epoch: 115/200	Train Loss: 0.1002	Val Accuracy: 6.34
Training Epoch: 116/200	Train Loss: 0.042	Val Accuracy: 6.86
Training Epoch: 117/200	Train Loss: 0.0776	Val Accuracy: 6.86
Training Epoch: 118/200	Train Loss: 0.0445	Val Accuracy: 6.64
Training Epoch: 119/200	Train Loss: 0.1943	Val Accuracy: 6.64
Training Epoch: 120/200	Train Loss: 0.0546	Val Accuracy: 6.48
Training Epoch: 121/200	Train Loss: 0.0673	Val Accuracy: 6.48
Training Epoch: 122/200	Train Loss: 0.0953	Val Accuracy: 7.0
Training Epoch: 123/200	Train Loss: 0.0458	Val Accuracy: 7.0
Training Epoch: 124/200	Train Loss: 0.04	Val Accuracy: 6.42
Training Epoch: 125/200	Train Loss: 0.0965	Val Accuracy: 6.42
Training Epoch: 126/200	Train Loss: 0.1105	Val Accuracy: 6.84
Training Epoch: 127/200	Train Loss: 0.1438	Val Accuracy: 6.84
Training Epoch: 128/200	Train Loss: 0.0919	Val Accuracy: 6.86
Training Epoch: 129/200	Train Loss: 0.1305	Val Accuracy: 6.86
Training Epoch: 130/200	Train Loss: 0.0586	Val Accuracy: 6.64
Training Epoch: 131/200	Train Loss: 0.1153	Val Accuracy: 6.64
Training Epoch: 132/200	Train Loss: 0.0289	Val Accuracy: 6.6
Training Epoch: 133/200	Train Loss: 0.0423	Val Accuracy: 6.6
Training Epoch: 134/200	Train Loss: 0.2594	Val Accuracy: 6.56
Training Epoch: 135/200	Train Loss: 0.0544	Val Accuracy: 6.56
Training Epoch: 136/200	Train Loss: 0.1278	Val Accuracy: 6.9
Training Epoch: 137/200	Train Loss: 0.0368	Val Accuracy: 6.9
Training Epoch: 138/200	Train Loss: 0.0982	Val Accuracy: 6.34
Training Epoch: 139/200	Train Loss: 0.073	Val Accuracy: 6.34
Training Epoch: 140/200	Train Loss: 0.1014	Val Accuracy: 5.62
Training Epoch: 141/200	Train Loss: 0.0798	Val Accuracy: 5.62
Training Epoch: 142/200	Train Loss: 0.113	Val Accuracy: 6.3
Training Epoch: 143/200	Train Loss: 0.2072	Val Accuracy: 6.3
Training Epoch: 144/200	Train Loss: 0.1894	Val Accuracy: 6.28
Training Epoch: 145/200	Train Loss: 0.1221	Val Accuracy: 6.28
Training Epoch: 146/200	Train Loss: 0.1579	Val Accuracy: 6.42
Training Epoch: 147/200	Train Loss: 0.035	Val Accuracy: 6.42
Training Epoch: 148/200	Train Loss: 0.1408	Val Accuracy: 6.4
Training Epoch: 149/200	Train Loss: 0.0784	Val Accuracy: 6.4
Training Epoch: 150/200	Train Loss: 0.1139	Val Accuracy: 6.52
Training Epoch: 151/200	Train Loss: 0.0937	Val Accuracy: 6.52
Training Epoch: 152/200	Train Loss: 0.1259	Val Accuracy: 7.0
Training Epoch: 153/200	Train Loss: 0.2918	Val Accuracy: 7.0
Training Epoch: 154/200	Train Loss: 0.0655	Val Accuracy: 6.68
Training Epoch: 155/200	Train Loss: 0.0942	Val Accuracy: 6.68
Training Epoch: 156/200	Train Loss: 0.1047	Val Accuracy: 7.28
Training Epoch: 157/200	Train Loss: 0.0381	Val Accuracy: 7.28
Training Epoch: 158/200	Train Loss: 0.1014	Val Accuracy: 7.2
Training Epoch: 159/200	Train Loss: 0.0356	Val Accuracy: 7.2
Training Epoch: 160/200	Train Loss: 0.0222	Val Accuracy: 6.82
Training Epoch: 161/200	Train Loss: 0.0671	Val Accuracy: 6.82
Training Epoch: 162/200	Train Loss: 0.0464	Val Accuracy: 7.76
Training Epoch: 163/200	Train Loss: 0.0909	Val Accuracy: 7.76
Training Epoch: 164/200	Train Loss: 0.0218	Val Accuracy: 6.68
Training Epoch: 165/200	Train Loss: 0.0304	Val Accuracy: 6.68
Training Epoch: 166/200	Train Loss: 0.0252	Val Accuracy: 6.94
Training Epoch: 167/200	Train Loss: 0.0255	Val Accuracy: 6.94
Training Epoch: 168/200	Train Loss: 0.038	Val Accuracy: 6.74
Training Epoch: 169/200	Train Loss: 0.0627	Val Accuracy: 6.74
Training Epoch: 170/200	Train Loss: 0.0406	Val Accuracy: 7.3
Training Epoch: 171/200	Train Loss: 0.0893	Val Accuracy: 7.3
Training Epoch: 172/200	Train Loss: 0.0416	Val Accuracy: 6.42
Training Epoch: 173/200	Train Loss: 0.047	Val Accuracy: 6.42
Training Epoch: 174/200	Train Loss: 0.0473	Val Accuracy: 6.74
Training Epoch: 175/200	Train Loss: 0.0252	Val Accuracy: 6.74
Training Epoch: 176/200	Train Loss: 0.0294	Val Accuracy: 6.52
Training Epoch: 177/200	Train Loss: 0.0529	Val Accuracy: 6.52
Training Epoch: 178/200	Train Loss: 0.0504	Val Accuracy: 6.68
Training Epoch: 179/200	Train Loss: 0.031	Val Accuracy: 6.68
Training Epoch: 180/200	Train Loss: 0.0261	Val Accuracy: 6.92
Training Epoch: 181/200	Train Loss: 0.0436	Val Accuracy: 6.92
Training Epoch: 182/200	Train Loss: 0.0335	Val Accuracy: 7.04
Training Epoch: 183/200	Train Loss: 0.0252	Val Accuracy: 7.04
Training Epoch: 184/200	Train Loss: 0.0206	Val Accuracy: 6.66
Training Epoch: 185/200	Train Loss: 0.0894	Val Accuracy: 6.66
Training Epoch: 186/200	Train Loss: 0.1023	Val Accuracy: 7.06
Training Epoch: 187/200	Train Loss: 0.0541	Val Accuracy: 7.06
Training Epoch: 188/200	Train Loss: 0.0504	Val Accuracy: 6.66
Training Epoch: 189/200	Train Loss: 0.035	Val Accuracy: 6.66
Training Epoch: 190/200	Train Loss: 0.0341	Val Accuracy: 6.7
Training Epoch: 191/200	Train Loss: 0.017	Val Accuracy: 6.7
Training Epoch: 192/200	Train Loss: 0.0357	Val Accuracy: 6.84
Training Epoch: 193/200	Train Loss: 0.0625	Val Accuracy: 6.84
Training Epoch: 194/200	Train Loss: 0.0321	Val Accuracy: 7.04
Training Epoch: 195/200	Train Loss: 0.1171	Val Accuracy: 7.04
Training Epoch: 196/200	Train Loss: 0.0494	Val Accuracy: 6.36
Training Epoch: 197/200	Train Loss: 0.1129	Val Accuracy: 6.36
Training Epoch: 198/200	Train Loss: 0.0415	Val Accuracy: 6.46
Training Epoch: 199/200	Train Loss: 0.0316	Val Accuracy: 6.46
Training Epoch: 200/200	Train Loss: 0.0923	Val Accuracy: 6.28

Wrote Best Model Checkpoint to: vlBest_acc_7_model_epoch_0162.pyth

Best Validation Accuracy: 7.76
Best Epoch: 162

======== TESTING ========

Test Accuracy: 6.1.

======== ACTIVE SAMPLING ========

ProbCover adaptive delta: base=0.6000, effective=0.5100, scale=0.85, phase=post_label_shrink, labeled_count=1150
Coverage selection metadata: active=False (mode=adaptive_distance_cv_cover, variant=unknown, delta=0.5100, phase=adaptive_signal, bald_mean=0.0000, bald_max=0.0000, variance_mean=0.0000, variance_max=0.0000, dropout_iters=0, cover_anchors=0, diversity_lambda=0.00, selected_id_mean=0.0000, selected_signal_mean=0.0810, selected_radius_mean=0.8655, k_id=50, k_knn=50, alpha=1.00)
Active Sampling Complete. After Episode 22:
New Labeled Set: 1200, New Unlabeled Set: 93800, Active Set: 50

================================


Current accuracy values:  [1.3100000000000023, 2.1700000000000017, 2.5999999999999943, 2.719999999999999, 2.8799999999999955, 4.230000000000004, 3.6500000000000057, 4.340000000000003, 4.060000000000002, 4.209999999999994, 4.829999999999998, 4.439999999999998, 5.280000000000001, 5.209999999999994, 5.730000000000004, 5.930000000000007, 5.769999999999996, 6.310000000000002, 6.390000000000001, 5.989999999999995, 6.719999999999999, 6.6299999999999955, 6.099999999999994]
======== EPISODE 23 BEGINS ========

======== TRAINING ========
Training Epoch: 1/200	Train Loss: 0.4095	Val Accuracy: 0.0
Training Epoch: 2/200	Train Loss: 0.3234	Val Accuracy: 5.24
Training Epoch: 3/200	Train Loss: 0.2593	Val Accuracy: 5.24
Training Epoch: 4/200	Train Loss: 0.1982	Val Accuracy: 6.66
Training Epoch: 5/200	Train Loss: 0.3102	Val Accuracy: 6.66
Training Epoch: 6/200	Train Loss: 0.1918	Val Accuracy: 6.52
Training Epoch: 7/200	Train Loss: 0.2949	Val Accuracy: 6.52
Training Epoch: 8/200	Train Loss: 0.1464	Val Accuracy: 7.12
Training Epoch: 9/200	Train Loss: 0.207	Val Accuracy: 7.12
Training Epoch: 10/200	Train Loss: 0.1392	Val Accuracy: 6.54
Training Epoch: 11/200	Train Loss: 0.0946	Val Accuracy: 6.54
Training Epoch: 12/200	Train Loss: 0.114	Val Accuracy: 6.86
Training Epoch: 13/200	Train Loss: 0.0854	Val Accuracy: 6.86
Training Epoch: 14/200	Train Loss: 0.0637	Val Accuracy: 6.94
Training Epoch: 15/200	Train Loss: 0.0718	Val Accuracy: 6.94
Training Epoch: 16/200	Train Loss: 0.0248	Val Accuracy: 6.46
Training Epoch: 17/200	Train Loss: 0.0392	Val Accuracy: 6.46
Training Epoch: 18/200	Train Loss: 0.097	Val Accuracy: 7.14
Training Epoch: 19/200	Train Loss: 0.1384	Val Accuracy: 7.14
Training Epoch: 20/200	Train Loss: 0.0508	Val Accuracy: 6.6
Training Epoch: 21/200	Train Loss: 0.0611	Val Accuracy: 6.6
Training Epoch: 22/200	Train Loss: 0.1412	Val Accuracy: 6.24
Training Epoch: 23/200	Train Loss: 0.0546	Val Accuracy: 6.24
Training Epoch: 24/200	Train Loss: 0.0914	Val Accuracy: 7.04
Training Epoch: 25/200	Train Loss: 0.1148	Val Accuracy: 7.04
Training Epoch: 26/200	Train Loss: 0.0799	Val Accuracy: 7.3
Training Epoch: 27/200	Train Loss: 0.4099	Val Accuracy: 7.3
Training Epoch: 28/200	Train Loss: 0.1799	Val Accuracy: 6.98
Training Epoch: 29/200	Train Loss: 0.1136	Val Accuracy: 6.98
Training Epoch: 30/200	Train Loss: 0.0411	Val Accuracy: 6.82
Training Epoch: 31/200	Train Loss: 0.098	Val Accuracy: 6.82
Training Epoch: 32/200	Train Loss: 0.0317	Val Accuracy: 7.3
Training Epoch: 33/200	Train Loss: 0.0753	Val Accuracy: 7.3
Training Epoch: 34/200	Train Loss: 0.0976	Val Accuracy: 7.28
Training Epoch: 35/200	Train Loss: 0.1182	Val Accuracy: 7.28
Training Epoch: 36/200	Train Loss: 0.0546	Val Accuracy: 6.84
Training Epoch: 37/200	Train Loss: 0.0357	Val Accuracy: 6.84
Training Epoch: 38/200	Train Loss: 0.1064	Val Accuracy: 6.82
Training Epoch: 39/200	Train Loss: 0.0502	Val Accuracy: 6.82
Training Epoch: 40/200	Train Loss: 0.0478	Val Accuracy: 6.74
Training Epoch: 41/200	Train Loss: 0.0881	Val Accuracy: 6.74
Training Epoch: 42/200	Train Loss: 0.1508	Val Accuracy: 6.36
Training Epoch: 43/200	Train Loss: 0.0311	Val Accuracy: 6.36
Training Epoch: 44/200	Train Loss: 0.0594	Val Accuracy: 6.68
Training Epoch: 45/200	Train Loss: 0.0545	Val Accuracy: 6.68
Training Epoch: 46/200	Train Loss: 0.0629	Val Accuracy: 6.78
Training Epoch: 47/200	Train Loss: 0.0876	Val Accuracy: 6.78
Training Epoch: 48/200	Train Loss: 0.0383	Val Accuracy: 7.04
Training Epoch: 49/200	Train Loss: 0.139	Val Accuracy: 7.04
Training Epoch: 50/200	Train Loss: 0.0997	Val Accuracy: 6.34
Training Epoch: 51/200	Train Loss: 0.0569	Val Accuracy: 6.34
Training Epoch: 52/200	Train Loss: 0.0584	Val Accuracy: 7.46
Training Epoch: 53/200	Train Loss: 0.0693	Val Accuracy: 7.46
Training Epoch: 54/200	Train Loss: 0.1102	Val Accuracy: 6.88
Training Epoch: 55/200	Train Loss: 0.0682	Val Accuracy: 6.88
Training Epoch: 56/200	Train Loss: 0.0361	Val Accuracy: 7.18
Training Epoch: 57/200	Train Loss: 0.1207	Val Accuracy: 7.18
Training Epoch: 58/200	Train Loss: 0.0216	Val Accuracy: 7.08
Training Epoch: 59/200	Train Loss: 0.0509	Val Accuracy: 7.08
Training Epoch: 60/200	Train Loss: 0.0454	Val Accuracy: 7.26
Training Epoch: 61/200	Train Loss: 0.0495	Val Accuracy: 7.26
Training Epoch: 62/200	Train Loss: 0.0506	Val Accuracy: 6.28
Training Epoch: 63/200	Train Loss: 0.0725	Val Accuracy: 6.28
Training Epoch: 64/200	Train Loss: 0.0648	Val Accuracy: 6.18
Training Epoch: 65/200	Train Loss: 0.1508	Val Accuracy: 6.18
Training Epoch: 66/200	Train Loss: 0.1221	Val Accuracy: 7.1
Training Epoch: 67/200	Train Loss: 0.1202	Val Accuracy: 7.1
Training Epoch: 68/200	Train Loss: 0.0559	Val Accuracy: 6.64
Training Epoch: 69/200	Train Loss: 0.0738	Val Accuracy: 6.64
Training Epoch: 70/200	Train Loss: 0.3198	Val Accuracy: 7.0
Training Epoch: 71/200	Train Loss: 0.0698	Val Accuracy: 7.0
Training Epoch: 72/200	Train Loss: 0.0884	Val Accuracy: 6.84
Training Epoch: 73/200	Train Loss: 0.0906	Val Accuracy: 6.84
Training Epoch: 74/200	Train Loss: 0.0724	Val Accuracy: 7.24
Training Epoch: 75/200	Train Loss: 0.0675	Val Accuracy: 7.24
Training Epoch: 76/200	Train Loss: 0.0303	Val Accuracy: 6.82
Training Epoch: 77/200	Train Loss: 0.3017	Val Accuracy: 6.82
Training Epoch: 78/200	Train Loss: 0.0701	Val Accuracy: 7.0
Training Epoch: 79/200	Train Loss: 0.1032	Val Accuracy: 7.0
Training Epoch: 80/200	Train Loss: 0.0917	Val Accuracy: 6.68
Training Epoch: 81/200	Train Loss: 0.0854	Val Accuracy: 6.68
Training Epoch: 82/200	Train Loss: 0.0693	Val Accuracy: 7.14
Training Epoch: 83/200	Train Loss: 0.1327	Val Accuracy: 7.14
Training Epoch: 84/200	Train Loss: 0.0152	Val Accuracy: 6.96
Training Epoch: 85/200	Train Loss: 0.0743	Val Accuracy: 6.96
Training Epoch: 86/200	Train Loss: 0.0284	Val Accuracy: 7.62
Training Epoch: 87/200	Train Loss: 0.0368	Val Accuracy: 7.62
Training Epoch: 88/200	Train Loss: 0.0495	Val Accuracy: 6.98
Training Epoch: 89/200	Train Loss: 0.0824	Val Accuracy: 6.98
Training Epoch: 90/200	Train Loss: 0.0535	Val Accuracy: 7.08
Training Epoch: 91/200	Train Loss: 0.0694	Val Accuracy: 7.08
Training Epoch: 92/200	Train Loss: 0.1204	Val Accuracy: 6.58
Training Epoch: 93/200	Train Loss: 0.0663	Val Accuracy: 6.58
Training Epoch: 94/200	Train Loss: 0.0526	Val Accuracy: 7.04
Training Epoch: 95/200	Train Loss: 0.055	Val Accuracy: 7.04
Training Epoch: 96/200	Train Loss: 0.0461	Val Accuracy: 6.72
Training Epoch: 97/200	Train Loss: 0.0471	Val Accuracy: 6.72
Training Epoch: 98/200	Train Loss: 0.0727	Val Accuracy: 6.98
Training Epoch: 99/200	Train Loss: 0.0266	Val Accuracy: 6.98
Training Epoch: 100/200	Train Loss: 0.1203	Val Accuracy: 6.86
Training Epoch: 101/200	Train Loss: 0.0205	Val Accuracy: 6.86
Training Epoch: 102/200	Train Loss: 0.0365	Val Accuracy: 7.02
Training Epoch: 103/200	Train Loss: 0.0449	Val Accuracy: 7.02
Training Epoch: 104/200	Train Loss: 0.0294	Val Accuracy: 6.82
Training Epoch: 105/200	Train Loss: 0.0378	Val Accuracy: 6.82
Training Epoch: 106/200	Train Loss: 0.0838	Val Accuracy: 6.88
Training Epoch: 107/200	Train Loss: 0.0884	Val Accuracy: 6.88
Training Epoch: 108/200	Train Loss: 0.0756	Val Accuracy: 7.4
Training Epoch: 109/200	Train Loss: 0.2261	Val Accuracy: 7.4
Training Epoch: 110/200	Train Loss: 0.0366	Val Accuracy: 6.72
Training Epoch: 111/200	Train Loss: 0.2043	Val Accuracy: 6.72
Training Epoch: 112/200	Train Loss: 0.0623	Val Accuracy: 6.56
Training Epoch: 113/200	Train Loss: 0.0541	Val Accuracy: 6.56
Training Epoch: 114/200	Train Loss: 0.0982	Val Accuracy: 6.7
Training Epoch: 115/200	Train Loss: 0.0611	Val Accuracy: 6.7
Training Epoch: 116/200	Train Loss: 0.1138	Val Accuracy: 6.82
Training Epoch: 117/200	Train Loss: 0.1917	Val Accuracy: 6.82
Training Epoch: 118/200	Train Loss: 0.0785	Val Accuracy: 6.86
Training Epoch: 119/200	Train Loss: 0.1508	Val Accuracy: 6.86
Training Epoch: 120/200	Train Loss: 0.1697	Val Accuracy: 6.12
Training Epoch: 121/200	Train Loss: 0.0939	Val Accuracy: 6.12
Training Epoch: 122/200	Train Loss: 0.0726	Val Accuracy: 6.68
Training Epoch: 123/200	Train Loss: 0.3349	Val Accuracy: 6.68
Training Epoch: 124/200	Train Loss: 0.1054	Val Accuracy: 6.0
Training Epoch: 125/200	Train Loss: 0.1177	Val Accuracy: 6.0
Training Epoch: 126/200	Train Loss: 0.0613	Val Accuracy: 6.22
Training Epoch: 127/200	Train Loss: 0.0559	Val Accuracy: 6.22
Training Epoch: 128/200	Train Loss: 0.1753	Val Accuracy: 7.18
Training Epoch: 129/200	Train Loss: 0.0126	Val Accuracy: 7.18
Training Epoch: 130/200	Train Loss: 0.0728	Val Accuracy: 7.16
Training Epoch: 131/200	Train Loss: 0.0903	Val Accuracy: 7.16
Training Epoch: 132/200	Train Loss: 0.0602	Val Accuracy: 6.48
Training Epoch: 133/200	Train Loss: 0.1308	Val Accuracy: 6.48
Training Epoch: 134/200	Train Loss: 0.1263	Val Accuracy: 6.16
Training Epoch: 135/200	Train Loss: 0.1303	Val Accuracy: 6.16
Training Epoch: 136/200	Train Loss: 0.1247	Val Accuracy: 6.98
Training Epoch: 137/200	Train Loss: 0.1523	Val Accuracy: 6.98
Training Epoch: 138/200	Train Loss: 0.115	Val Accuracy: 6.52
Training Epoch: 139/200	Train Loss: 0.1089	Val Accuracy: 6.52
Training Epoch: 140/200	Train Loss: 0.0484	Val Accuracy: 6.92
Training Epoch: 141/200	Train Loss: 0.0974	Val Accuracy: 6.92
Training Epoch: 142/200	Train Loss: 0.0695	Val Accuracy: 6.8
Training Epoch: 143/200	Train Loss: 0.0548	Val Accuracy: 6.8
Training Epoch: 144/200	Train Loss: 0.0835	Val Accuracy: 6.46
Training Epoch: 145/200	Train Loss: 0.1352	Val Accuracy: 6.46
Training Epoch: 146/200	Train Loss: 0.06	Val Accuracy: 6.68
Training Epoch: 147/200	Train Loss: 0.0735	Val Accuracy: 6.68
Training Epoch: 148/200	Train Loss: 0.1846	Val Accuracy: 5.96
Training Epoch: 149/200	Train Loss: 0.1072	Val Accuracy: 5.96
Training Epoch: 150/200	Train Loss: 0.0824	Val Accuracy: 6.68
Training Epoch: 151/200	Train Loss: 0.1058	Val Accuracy: 6.68
Training Epoch: 152/200	Train Loss: 0.131	Val Accuracy: 6.82
Training Epoch: 153/200	Train Loss: 0.0946	Val Accuracy: 6.82
Training Epoch: 154/200	Train Loss: 0.1469	Val Accuracy: 6.64
Training Epoch: 155/200	Train Loss: 0.0851	Val Accuracy: 6.64
Training Epoch: 156/200	Train Loss: 0.0694	Val Accuracy: 6.76
Training Epoch: 157/200	Train Loss: 0.1347	Val Accuracy: 6.76
Training Epoch: 158/200	Train Loss: 0.0819	Val Accuracy: 7.18
Training Epoch: 159/200	Train Loss: 0.0262	Val Accuracy: 7.18
Training Epoch: 160/200	Train Loss: 0.0663	Val Accuracy: 7.08
Training Epoch: 161/200	Train Loss: 0.0681	Val Accuracy: 7.08
Training Epoch: 162/200	Train Loss: 0.0663	Val Accuracy: 6.86
Training Epoch: 163/200	Train Loss: 0.0655	Val Accuracy: 6.86
Training Epoch: 164/200	Train Loss: 0.0448	Val Accuracy: 7.28
Training Epoch: 165/200	Train Loss: 0.0745	Val Accuracy: 7.28
Training Epoch: 166/200	Train Loss: 0.1341	Val Accuracy: 6.96
Training Epoch: 167/200	Train Loss: 0.0328	Val Accuracy: 6.96
Training Epoch: 168/200	Train Loss: 0.085	Val Accuracy: 7.18
Training Epoch: 169/200	Train Loss: 0.0528	Val Accuracy: 7.18
Training Epoch: 170/200	Train Loss: 0.016	Val Accuracy: 6.72
Training Epoch: 171/200	Train Loss: 0.0645	Val Accuracy: 6.72
Training Epoch: 172/200	Train Loss: 0.0222	Val Accuracy: 7.34
Training Epoch: 173/200	Train Loss: 0.0251	Val Accuracy: 7.34
Training Epoch: 174/200	Train Loss: 0.0591	Val Accuracy: 6.7
Training Epoch: 175/200	Train Loss: 0.1548	Val Accuracy: 6.7
Training Epoch: 176/200	Train Loss: 0.0256	Val Accuracy: 7.24
Training Epoch: 177/200	Train Loss: 0.0501	Val Accuracy: 7.24
Training Epoch: 178/200	Train Loss: 0.0178	Val Accuracy: 6.86
Training Epoch: 179/200	Train Loss: 0.0582	Val Accuracy: 6.86
Training Epoch: 180/200	Train Loss: 0.0513	Val Accuracy: 7.4
Training Epoch: 181/200	Train Loss: 0.1335	Val Accuracy: 7.4
Training Epoch: 182/200	Train Loss: 0.0711	Val Accuracy: 6.8
Training Epoch: 183/200	Train Loss: 0.0922	Val Accuracy: 6.8
Training Epoch: 184/200	Train Loss: 0.0669	Val Accuracy: 6.72
Training Epoch: 185/200	Train Loss: 0.1086	Val Accuracy: 6.72
Training Epoch: 186/200	Train Loss: 0.0442	Val Accuracy: 6.96
Training Epoch: 187/200	Train Loss: 0.0882	Val Accuracy: 6.96
Training Epoch: 188/200	Train Loss: 0.1909	Val Accuracy: 6.3
Training Epoch: 189/200	Train Loss: 0.0739	Val Accuracy: 6.3
Training Epoch: 190/200	Train Loss: 0.0812	Val Accuracy: 5.96
Training Epoch: 191/200	Train Loss: 0.0761	Val Accuracy: 5.96
Training Epoch: 192/200	Train Loss: 0.0486	Val Accuracy: 7.02
Training Epoch: 193/200	Train Loss: 0.0441	Val Accuracy: 7.02
Training Epoch: 194/200	Train Loss: 0.0779	Val Accuracy: 7.08
Training Epoch: 195/200	Train Loss: 0.0736	Val Accuracy: 7.08
Training Epoch: 196/200	Train Loss: 0.1721	Val Accuracy: 7.32
Training Epoch: 197/200	Train Loss: 0.0892	Val Accuracy: 7.32
Training Epoch: 198/200	Train Loss: 0.0863	Val Accuracy: 7.22
Training Epoch: 199/200	Train Loss: 0.1348	Val Accuracy: 7.22
Training Epoch: 200/200	Train Loss: 0.0405	Val Accuracy: 6.96

Wrote Best Model Checkpoint to: vlBest_acc_7_model_epoch_0086.pyth

Best Validation Accuracy: 7.62
Best Epoch: 86

======== TESTING ========

Test Accuracy: 6.99.

======== ACTIVE SAMPLING ========

ProbCover adaptive delta: base=0.6000, effective=0.5100, scale=0.85, phase=post_label_shrink, labeled_count=1200
Coverage selection metadata: active=False (mode=adaptive_distance_cv_cover, variant=unknown, delta=0.5100, phase=adaptive_signal, bald_mean=0.0000, bald_max=0.0000, variance_mean=0.0000, variance_max=0.0000, dropout_iters=0, cover_anchors=0, diversity_lambda=0.00, selected_id_mean=0.0000, selected_signal_mean=0.0788, selected_radius_mean=0.8423, k_id=50, k_knn=50, alpha=1.00)
Active Sampling Complete. After Episode 23:
New Labeled Set: 1250, New Unlabeled Set: 93750, Active Set: 50

================================


Current accuracy values:  [1.3100000000000023, 2.1700000000000017, 2.5999999999999943, 2.719999999999999, 2.8799999999999955, 4.230000000000004, 3.6500000000000057, 4.340000000000003, 4.060000000000002, 4.209999999999994, 4.829999999999998, 4.439999999999998, 5.280000000000001, 5.209999999999994, 5.730000000000004, 5.930000000000007, 5.769999999999996, 6.310000000000002, 6.390000000000001, 5.989999999999995, 6.719999999999999, 6.6299999999999955, 6.099999999999994, 6.989999999999995]
======== EPISODE 24 BEGINS ========

======== TRAINING ========
Training Epoch: 1/200	Train Loss: 0.5446	Val Accuracy: 0.0
Training Epoch: 2/200	Train Loss: 0.3415	Val Accuracy: 6.76
Training Epoch: 3/200	Train Loss: 0.2678	Val Accuracy: 6.76
Training Epoch: 4/200	Train Loss: 0.2484	Val Accuracy: 7.04
Training Epoch: 5/200	Train Loss: 0.1257	Val Accuracy: 7.04
Training Epoch: 6/200	Train Loss: 0.1254	Val Accuracy: 7.16
Training Epoch: 7/200	Train Loss: 0.1339	Val Accuracy: 7.16
Training Epoch: 8/200	Train Loss: 0.1491	Val Accuracy: 6.9
Training Epoch: 9/200	Train Loss: 0.0916	Val Accuracy: 6.9
Training Epoch: 10/200	Train Loss: 0.0886	Val Accuracy: 6.52
Training Epoch: 11/200	Train Loss: 0.0477	Val Accuracy: 6.52
Training Epoch: 12/200	Train Loss: 0.0906	Val Accuracy: 7.46
Training Epoch: 13/200	Train Loss: 0.0989	Val Accuracy: 7.46
Training Epoch: 14/200	Train Loss: 0.1056	Val Accuracy: 7.32
Training Epoch: 15/200	Train Loss: 0.0479	Val Accuracy: 7.32
Training Epoch: 16/200	Train Loss: 0.0837	Val Accuracy: 7.16
Training Epoch: 17/200	Train Loss: 0.0816	Val Accuracy: 7.16
Training Epoch: 18/200	Train Loss: 0.1792	Val Accuracy: 6.66
Training Epoch: 19/200	Train Loss: 0.0397	Val Accuracy: 6.66
Training Epoch: 20/200	Train Loss: 0.1132	Val Accuracy: 6.44
Training Epoch: 21/200	Train Loss: 0.1042	Val Accuracy: 6.44
Training Epoch: 22/200	Train Loss: 0.0694	Val Accuracy: 6.52
Training Epoch: 23/200	Train Loss: 0.0985	Val Accuracy: 6.52
Training Epoch: 24/200	Train Loss: 0.0389	Val Accuracy: 7.02
Training Epoch: 25/200	Train Loss: 0.093	Val Accuracy: 7.02
Training Epoch: 26/200	Train Loss: 0.0624	Val Accuracy: 7.18
Training Epoch: 27/200	Train Loss: 0.07	Val Accuracy: 7.18
Training Epoch: 28/200	Train Loss: 0.032	Val Accuracy: 6.66
Training Epoch: 29/200	Train Loss: 0.1404	Val Accuracy: 6.66
Training Epoch: 30/200	Train Loss: 0.0884	Val Accuracy: 6.66
Training Epoch: 31/200	Train Loss: 0.1301	Val Accuracy: 6.66
Training Epoch: 32/200	Train Loss: 0.1411	Val Accuracy: 7.26
Training Epoch: 33/200	Train Loss: 0.0923	Val Accuracy: 7.26
Training Epoch: 34/200	Train Loss: 0.0618	Val Accuracy: 7.38
Training Epoch: 35/200	Train Loss: 0.1154	Val Accuracy: 7.38
Training Epoch: 36/200	Train Loss: 0.1245	Val Accuracy: 7.0
Training Epoch: 37/200	Train Loss: 0.0874	Val Accuracy: 7.0
Training Epoch: 38/200	Train Loss: 0.1859	Val Accuracy: 7.16
Training Epoch: 39/200	Train Loss: 0.0644	Val Accuracy: 7.16
Training Epoch: 40/200	Train Loss: 0.0527	Val Accuracy: 7.3
Training Epoch: 41/200	Train Loss: 0.0236	Val Accuracy: 7.3
Training Epoch: 42/200	Train Loss: 0.0539	Val Accuracy: 7.36
Training Epoch: 43/200	Train Loss: 0.1068	Val Accuracy: 7.36
Training Epoch: 44/200	Train Loss: 0.0299	Val Accuracy: 7.2
Training Epoch: 45/200	Train Loss: 0.0697	Val Accuracy: 7.2
Training Epoch: 46/200	Train Loss: 0.0888	Val Accuracy: 7.54
Training Epoch: 47/200	Train Loss: 0.0646	Val Accuracy: 7.54
Training Epoch: 48/200	Train Loss: 0.0361	Val Accuracy: 7.58
Training Epoch: 49/200	Train Loss: 0.0277	Val Accuracy: 7.58
Training Epoch: 50/200	Train Loss: 0.0471	Val Accuracy: 7.16
Training Epoch: 51/200	Train Loss: 0.0214	Val Accuracy: 7.16
Training Epoch: 52/200	Train Loss: 0.0211	Val Accuracy: 7.52
Training Epoch: 53/200	Train Loss: 0.0386	Val Accuracy: 7.52
Training Epoch: 54/200	Train Loss: 0.0796	Val Accuracy: 7.42
Training Epoch: 55/200	Train Loss: 0.0276	Val Accuracy: 7.42
Training Epoch: 56/200	Train Loss: 0.019	Val Accuracy: 7.12
Training Epoch: 57/200	Train Loss: 0.0702	Val Accuracy: 7.12
Training Epoch: 58/200	Train Loss: 0.0502	Val Accuracy: 7.1
Training Epoch: 59/200	Train Loss: 0.0566	Val Accuracy: 7.1
Training Epoch: 60/200	Train Loss: 0.0165	Val Accuracy: 6.92
Training Epoch: 61/200	Train Loss: 0.1069	Val Accuracy: 6.92
Training Epoch: 62/200	Train Loss: 0.1092	Val Accuracy: 7.28
Training Epoch: 63/200	Train Loss: 0.0861	Val Accuracy: 7.28
Training Epoch: 64/200	Train Loss: 0.027	Val Accuracy: 7.52
Training Epoch: 65/200	Train Loss: 0.0514	Val Accuracy: 7.52
Training Epoch: 66/200	Train Loss: 0.0277	Val Accuracy: 6.98
Training Epoch: 67/200	Train Loss: 0.0129	Val Accuracy: 6.98
Training Epoch: 68/200	Train Loss: 0.0784	Val Accuracy: 7.04
Training Epoch: 69/200	Train Loss: 0.0683	Val Accuracy: 7.04
Training Epoch: 70/200	Train Loss: 0.0945	Val Accuracy: 7.28
Training Epoch: 71/200	Train Loss: 0.0416	Val Accuracy: 7.28
Training Epoch: 72/200	Train Loss: 0.0281	Val Accuracy: 7.08
Training Epoch: 73/200	Train Loss: 0.0366	Val Accuracy: 7.08
Training Epoch: 74/200	Train Loss: 0.1001	Val Accuracy: 6.64
Training Epoch: 75/200	Train Loss: 0.0553	Val Accuracy: 6.64
Training Epoch: 76/200	Train Loss: 0.0244	Val Accuracy: 6.98
Training Epoch: 77/200	Train Loss: 0.0303	Val Accuracy: 6.98
Training Epoch: 78/200	Train Loss: 0.0655	Val Accuracy: 7.02
Training Epoch: 79/200	Train Loss: 0.0784	Val Accuracy: 7.02
Training Epoch: 80/200	Train Loss: 0.143	Val Accuracy: 7.24
Training Epoch: 81/200	Train Loss: 0.1305	Val Accuracy: 7.24
Training Epoch: 82/200	Train Loss: 0.0414	Val Accuracy: 6.8
Training Epoch: 83/200	Train Loss: 0.0721	Val Accuracy: 6.8
Training Epoch: 84/200	Train Loss: 0.0613	Val Accuracy: 6.7
Training Epoch: 85/200	Train Loss: 0.1192	Val Accuracy: 6.7
Training Epoch: 86/200	Train Loss: 0.3284	Val Accuracy: 7.04
Training Epoch: 87/200	Train Loss: 0.0682	Val Accuracy: 7.04
Training Epoch: 88/200	Train Loss: 0.0861	Val Accuracy: 7.2
Training Epoch: 89/200	Train Loss: 0.0783	Val Accuracy: 7.2
Training Epoch: 90/200	Train Loss: 0.1127	Val Accuracy: 6.28
Training Epoch: 91/200	Train Loss: 0.1406	Val Accuracy: 6.28
Training Epoch: 92/200	Train Loss: 0.1052	Val Accuracy: 7.22
Training Epoch: 93/200	Train Loss: 0.1021	Val Accuracy: 7.22
Training Epoch: 94/200	Train Loss: 0.0638	Val Accuracy: 6.74
Training Epoch: 95/200	Train Loss: 0.1727	Val Accuracy: 6.74
Training Epoch: 96/200	Train Loss: 0.0947	Val Accuracy: 7.0
Training Epoch: 97/200	Train Loss: 0.094	Val Accuracy: 7.0
Training Epoch: 98/200	Train Loss: 0.0728	Val Accuracy: 7.2
Training Epoch: 99/200	Train Loss: 0.0771	Val Accuracy: 7.2
Training Epoch: 100/200	Train Loss: 0.093	Val Accuracy: 6.76
Training Epoch: 101/200	Train Loss: 0.1806	Val Accuracy: 6.76
Training Epoch: 102/200	Train Loss: 0.0387	Val Accuracy: 6.66
Training Epoch: 103/200	Train Loss: 0.0853	Val Accuracy: 6.66
Training Epoch: 104/200	Train Loss: 0.0608	Val Accuracy: 7.36
Training Epoch: 105/200	Train Loss: 0.0186	Val Accuracy: 7.36
Training Epoch: 106/200	Train Loss: 0.0472	Val Accuracy: 7.76
Training Epoch: 107/200	Train Loss: 0.034	Val Accuracy: 7.76
Training Epoch: 108/200	Train Loss: 0.0429	Val Accuracy: 7.44
Training Epoch: 109/200	Train Loss: 0.0226	Val Accuracy: 7.44
Training Epoch: 110/200	Train Loss: 0.0541	Val Accuracy: 7.12
Training Epoch: 111/200	Train Loss: 0.0107	Val Accuracy: 7.12
Training Epoch: 112/200	Train Loss: 0.0332	Val Accuracy: 7.02
Training Epoch: 113/200	Train Loss: 0.0189	Val Accuracy: 7.02
Training Epoch: 114/200	Train Loss: 0.0418	Val Accuracy: 7.76
Training Epoch: 115/200	Train Loss: 0.065	Val Accuracy: 7.76
Training Epoch: 116/200	Train Loss: 0.0472	Val Accuracy: 7.26
Training Epoch: 117/200	Train Loss: 0.0465	Val Accuracy: 7.26
Training Epoch: 118/200	Train Loss: 0.0309	Val Accuracy: 6.86
Training Epoch: 119/200	Train Loss: 0.0235	Val Accuracy: 6.86
Training Epoch: 120/200	Train Loss: 0.0335	Val Accuracy: 7.32
Training Epoch: 121/200	Train Loss: 0.0503	Val Accuracy: 7.32
Training Epoch: 122/200	Train Loss: 0.0402	Val Accuracy: 6.94
Training Epoch: 123/200	Train Loss: 0.0204	Val Accuracy: 6.94
Training Epoch: 124/200	Train Loss: 0.0215	Val Accuracy: 6.76
Training Epoch: 125/200	Train Loss: 0.0241	Val Accuracy: 6.76
Training Epoch: 126/200	Train Loss: 0.0782	Val Accuracy: 6.88
Training Epoch: 127/200	Train Loss: 0.1038	Val Accuracy: 6.88
Training Epoch: 128/200	Train Loss: 0.0881	Val Accuracy: 6.94
Training Epoch: 129/200	Train Loss: 0.1087	Val Accuracy: 6.94
Training Epoch: 130/200	Train Loss: 0.0579	Val Accuracy: 6.4
Training Epoch: 131/200	Train Loss: 0.0691	Val Accuracy: 6.4
Training Epoch: 132/200	Train Loss: 0.1009	Val Accuracy: 7.2
Training Epoch: 133/200	Train Loss: 0.2164	Val Accuracy: 7.2
Training Epoch: 134/200	Train Loss: 0.0919	Val Accuracy: 6.36
Training Epoch: 135/200	Train Loss: 0.1556	Val Accuracy: 6.36
Training Epoch: 136/200	Train Loss: 0.0812	Val Accuracy: 6.74
Training Epoch: 137/200	Train Loss: 0.1569	Val Accuracy: 6.74
Training Epoch: 138/200	Train Loss: 0.1636	Val Accuracy: 6.94
Training Epoch: 139/200	Train Loss: 0.1319	Val Accuracy: 6.94
Training Epoch: 140/200	Train Loss: 0.1246	Val Accuracy: 6.84
Training Epoch: 141/200	Train Loss: 0.1681	Val Accuracy: 6.84
Training Epoch: 142/200	Train Loss: 0.1687	Val Accuracy: 7.06
Training Epoch: 143/200	Train Loss: 0.2721	Val Accuracy: 7.06
Training Epoch: 144/200	Train Loss: 0.1227	Val Accuracy: 7.3
Training Epoch: 145/200	Train Loss: 0.0562	Val Accuracy: 7.3
Training Epoch: 146/200	Train Loss: 0.0966	Val Accuracy: 6.92
Training Epoch: 147/200	Train Loss: 0.0612	Val Accuracy: 6.92
Training Epoch: 148/200	Train Loss: 0.1532	Val Accuracy: 7.26
Training Epoch: 149/200	Train Loss: 0.1247	Val Accuracy: 7.26
Training Epoch: 150/200	Train Loss: 0.042	Val Accuracy: 7.24
Training Epoch: 151/200	Train Loss: 0.2228	Val Accuracy: 7.24
Training Epoch: 152/200	Train Loss: 0.0757	Val Accuracy: 7.06
Training Epoch: 153/200	Train Loss: 0.1094	Val Accuracy: 7.06
Training Epoch: 154/200	Train Loss: 0.0315	Val Accuracy: 7.22
Training Epoch: 155/200	Train Loss: 0.1208	Val Accuracy: 7.22
Training Epoch: 156/200	Train Loss: 0.0861	Val Accuracy: 6.86
Training Epoch: 157/200	Train Loss: 0.0754	Val Accuracy: 6.86
Training Epoch: 158/200	Train Loss: 0.1006	Val Accuracy: 7.24
Training Epoch: 159/200	Train Loss: 0.0931	Val Accuracy: 7.24
Training Epoch: 160/200	Train Loss: 0.2609	Val Accuracy: 6.66
Training Epoch: 161/200	Train Loss: 0.1734	Val Accuracy: 6.66
Training Epoch: 162/200	Train Loss: 0.1162	Val Accuracy: 7.18
Training Epoch: 163/200	Train Loss: 0.0984	Val Accuracy: 7.18
Training Epoch: 164/200	Train Loss: 0.0489	Val Accuracy: 7.6
Training Epoch: 165/200	Train Loss: 0.0256	Val Accuracy: 7.6
Training Epoch: 166/200	Train Loss: 0.0651	Val Accuracy: 7.26
Training Epoch: 167/200	Train Loss: 0.0651	Val Accuracy: 7.26
Training Epoch: 168/200	Train Loss: 0.1457	Val Accuracy: 6.94
Training Epoch: 169/200	Train Loss: 0.0855	Val Accuracy: 6.94
Training Epoch: 170/200	Train Loss: 0.0711	Val Accuracy: 7.7
Training Epoch: 171/200	Train Loss: 0.0461	Val Accuracy: 7.7
Training Epoch: 172/200	Train Loss: 0.0699	Val Accuracy: 6.74
Training Epoch: 173/200	Train Loss: 0.0661	Val Accuracy: 6.74
Training Epoch: 174/200	Train Loss: 0.1361	Val Accuracy: 6.92
Training Epoch: 175/200	Train Loss: 0.0563	Val Accuracy: 6.92
Training Epoch: 176/200	Train Loss: 0.143	Val Accuracy: 7.54
Training Epoch: 177/200	Train Loss: 0.0896	Val Accuracy: 7.54
Training Epoch: 178/200	Train Loss: 0.0165	Val Accuracy: 6.82
Training Epoch: 179/200	Train Loss: 0.0252	Val Accuracy: 6.82
Training Epoch: 180/200	Train Loss: 0.0685	Val Accuracy: 6.62
Training Epoch: 181/200	Train Loss: 0.0171	Val Accuracy: 6.62
Training Epoch: 182/200	Train Loss: 0.1178	Val Accuracy: 6.64
Training Epoch: 183/200	Train Loss: 0.0326	Val Accuracy: 6.64
Training Epoch: 184/200	Train Loss: 0.1112	Val Accuracy: 7.26
Training Epoch: 185/200	Train Loss: 0.0967	Val Accuracy: 7.26
Training Epoch: 186/200	Train Loss: 0.0612	Val Accuracy: 7.06
Training Epoch: 187/200	Train Loss: 0.0296	Val Accuracy: 7.06
Training Epoch: 188/200	Train Loss: 0.0513	Val Accuracy: 6.54
Training Epoch: 189/200	Train Loss: 0.0858	Val Accuracy: 6.54
Training Epoch: 190/200	Train Loss: 0.0679	Val Accuracy: 6.64
Training Epoch: 191/200	Train Loss: 0.2222	Val Accuracy: 6.64
Training Epoch: 192/200	Train Loss: 0.0481	Val Accuracy: 6.58
Training Epoch: 193/200	Train Loss: 0.0801	Val Accuracy: 6.58
Training Epoch: 194/200	Train Loss: 0.0589	Val Accuracy: 6.4
Training Epoch: 195/200	Train Loss: 0.0417	Val Accuracy: 6.4
Training Epoch: 196/200	Train Loss: 0.033	Val Accuracy: 7.3
Training Epoch: 197/200	Train Loss: 0.0189	Val Accuracy: 7.3
Training Epoch: 198/200	Train Loss: 0.0455	Val Accuracy: 7.08
Training Epoch: 199/200	Train Loss: 0.114	Val Accuracy: 7.08
Training Epoch: 200/200	Train Loss: 0.059	Val Accuracy: 7.38

Wrote Best Model Checkpoint to: vlBest_acc_7_model_epoch_0106.pyth

Best Validation Accuracy: 7.76
Best Epoch: 106

======== TESTING ========

Test Accuracy: 6.86.

======== ACTIVE SAMPLING ========

ProbCover adaptive delta: base=0.6000, effective=0.5100, scale=0.85, phase=post_label_shrink, labeled_count=1250
Coverage selection metadata: active=False (mode=adaptive_distance_cv_cover, variant=unknown, delta=0.5100, phase=adaptive_signal, bald_mean=0.0000, bald_max=0.0000, variance_mean=0.0000, variance_max=0.0000, dropout_iters=0, cover_anchors=0, diversity_lambda=0.00, selected_id_mean=0.0000, selected_signal_mean=0.0778, selected_radius_mean=0.8316, k_id=50, k_knn=50, alpha=1.00)
Active Sampling Complete. After Episode 24:
New Labeled Set: 1300, New Unlabeled Set: 93700, Active Set: 50

================================


Current accuracy values:  [1.3100000000000023, 2.1700000000000017, 2.5999999999999943, 2.719999999999999, 2.8799999999999955, 4.230000000000004, 3.6500000000000057, 4.340000000000003, 4.060000000000002, 4.209999999999994, 4.829999999999998, 4.439999999999998, 5.280000000000001, 5.209999999999994, 5.730000000000004, 5.930000000000007, 5.769999999999996, 6.310000000000002, 6.390000000000001, 5.989999999999995, 6.719999999999999, 6.6299999999999955, 6.099999999999994, 6.989999999999995, 6.859999999999999]
======== EPISODE 25 BEGINS ========

======== TRAINING ========
Training Epoch: 1/200	Train Loss: 0.2241	Val Accuracy: 0.0
Training Epoch: 2/200	Train Loss: 0.0989	Val Accuracy: 6.72
Training Epoch: 3/200	Train Loss: 0.2164	Val Accuracy: 6.72
Training Epoch: 4/200	Train Loss: 0.2555	Val Accuracy: 6.58
Training Epoch: 5/200	Train Loss: 0.1874	Val Accuracy: 6.58
Training Epoch: 6/200	Train Loss: 0.152	Val Accuracy: 7.2
Training Epoch: 7/200	Train Loss: 0.1024	Val Accuracy: 7.2
Training Epoch: 8/200	Train Loss: 0.0787	Val Accuracy: 6.9
Training Epoch: 9/200	Train Loss: 0.0375	Val Accuracy: 6.9
Training Epoch: 10/200	Train Loss: 0.1551	Val Accuracy: 7.5
Training Epoch: 11/200	Train Loss: 0.0509	Val Accuracy: 7.5
Training Epoch: 12/200	Train Loss: 0.0848	Val Accuracy: 7.24
Training Epoch: 13/200	Train Loss: 0.041	Val Accuracy: 7.24
Training Epoch: 14/200	Train Loss: 0.0552	Val Accuracy: 6.92
Training Epoch: 15/200	Train Loss: 0.0211	Val Accuracy: 6.92
Training Epoch: 16/200	Train Loss: 0.1275	Val Accuracy: 6.94
Training Epoch: 17/200	Train Loss: 0.0627	Val Accuracy: 6.94
Training Epoch: 18/200	Train Loss: 0.0377	Val Accuracy: 7.28
Training Epoch: 19/200	Train Loss: 0.0268	Val Accuracy: 7.28
Training Epoch: 20/200	Train Loss: 0.0333	Val Accuracy: 7.14
Training Epoch: 21/200	Train Loss: 0.0855	Val Accuracy: 7.14
Training Epoch: 22/200	Train Loss: 0.0455	Val Accuracy: 7.5
Training Epoch: 23/200	Train Loss: 0.0558	Val Accuracy: 7.5
Training Epoch: 24/200	Train Loss: 0.0485	Val Accuracy: 7.26
Training Epoch: 25/200	Train Loss: 0.0546	Val Accuracy: 7.26
Training Epoch: 26/200	Train Loss: 0.036	Val Accuracy: 6.42
Training Epoch: 27/200	Train Loss: 0.0474	Val Accuracy: 6.42
Training Epoch: 28/200	Train Loss: 0.1466	Val Accuracy: 7.02
Training Epoch: 29/200	Train Loss: 0.1204	Val Accuracy: 7.02
Training Epoch: 30/200	Train Loss: 0.031	Val Accuracy: 6.78
Training Epoch: 31/200	Train Loss: 0.0945	Val Accuracy: 6.78
Training Epoch: 32/200	Train Loss: 0.0324	Val Accuracy: 6.86
Training Epoch: 33/200	Train Loss: 0.0893	Val Accuracy: 6.86
Training Epoch: 34/200	Train Loss: 0.1858	Val Accuracy: 6.7
Training Epoch: 35/200	Train Loss: 0.0633	Val Accuracy: 6.7
Training Epoch: 36/200	Train Loss: 0.1012	Val Accuracy: 7.14
Training Epoch: 37/200	Train Loss: 0.1666	Val Accuracy: 7.14
Training Epoch: 38/200	Train Loss: 0.057	Val Accuracy: 7.46
Training Epoch: 39/200	Train Loss: 0.082	Val Accuracy: 7.46
Training Epoch: 40/200	Train Loss: 0.1167	Val Accuracy: 7.3
Training Epoch: 41/200	Train Loss: 0.1307	Val Accuracy: 7.3
Training Epoch: 42/200	Train Loss: 0.1264	Val Accuracy: 7.1
Training Epoch: 43/200	Train Loss: 0.0637	Val Accuracy: 7.1
Training Epoch: 44/200	Train Loss: 0.0997	Val Accuracy: 7.12
Training Epoch: 45/200	Train Loss: 0.0769	Val Accuracy: 7.12
Training Epoch: 46/200	Train Loss: 0.0724	Val Accuracy: 6.82
Training Epoch: 47/200	Train Loss: 0.0484	Val Accuracy: 6.82
Training Epoch: 48/200	Train Loss: 0.0844	Val Accuracy: 7.02
Training Epoch: 49/200	Train Loss: 0.0469	Val Accuracy: 7.02
Training Epoch: 50/200	Train Loss: 0.1305	Val Accuracy: 7.3
Training Epoch: 51/200	Train Loss: 0.0605	Val Accuracy: 7.3
Training Epoch: 52/200	Train Loss: 0.1218	Val Accuracy: 7.36
Training Epoch: 53/200	Train Loss: 0.0947	Val Accuracy: 7.36
Training Epoch: 54/200	Train Loss: 0.0863	Val Accuracy: 7.44
Training Epoch: 55/200	Train Loss: 0.0947	Val Accuracy: 7.44
Training Epoch: 56/200	Train Loss: 0.099	Val Accuracy: 7.1
Training Epoch: 57/200	Train Loss: 0.0302	Val Accuracy: 7.1
Training Epoch: 58/200	Train Loss: 0.0544	Val Accuracy: 7.68
Training Epoch: 59/200	Train Loss: 0.1077	Val Accuracy: 7.68
Training Epoch: 60/200	Train Loss: 0.017	Val Accuracy: 6.86
Training Epoch: 61/200	Train Loss: 0.0977	Val Accuracy: 6.86
Training Epoch: 62/200	Train Loss: 0.1625	Val Accuracy: 6.86
Training Epoch: 63/200	Train Loss: 0.1552	Val Accuracy: 6.86
Training Epoch: 64/200	Train Loss: 0.1252	Val Accuracy: 7.56
Training Epoch: 65/200	Train Loss: 0.0656	Val Accuracy: 7.56
Training Epoch: 66/200	Train Loss: 0.136	Val Accuracy: 7.46
Training Epoch: 67/200	Train Loss: 0.0326	Val Accuracy: 7.46
Training Epoch: 68/200	Train Loss: 0.0444	Val Accuracy: 7.22
Training Epoch: 69/200	Train Loss: 0.1042	Val Accuracy: 7.22
Training Epoch: 70/200	Train Loss: 0.033	Val Accuracy: 7.4
Training Epoch: 71/200	Train Loss: 0.0755	Val Accuracy: 7.4
Training Epoch: 72/200	Train Loss: 0.0464	Val Accuracy: 7.04
Training Epoch: 73/200	Train Loss: 0.0978	Val Accuracy: 7.04
Training Epoch: 74/200	Train Loss: 0.1036	Val Accuracy: 7.32
Training Epoch: 75/200	Train Loss: 0.0259	Val Accuracy: 7.32
Training Epoch: 76/200	Train Loss: 0.1585	Val Accuracy: 7.16
Training Epoch: 77/200	Train Loss: 0.1648	Val Accuracy: 7.16
Training Epoch: 78/200	Train Loss: 0.0496	Val Accuracy: 7.66
Training Epoch: 79/200	Train Loss: 0.0735	Val Accuracy: 7.66
Training Epoch: 80/200	Train Loss: 0.1238	Val Accuracy: 7.58
Training Epoch: 81/200	Train Loss: 0.0557	Val Accuracy: 7.58
Training Epoch: 82/200	Train Loss: 0.0818	Val Accuracy: 7.24
Training Epoch: 83/200	Train Loss: 0.0741	Val Accuracy: 7.24
Training Epoch: 84/200	Train Loss: 0.0328	Val Accuracy: 6.74
Training Epoch: 85/200	Train Loss: 0.0664	Val Accuracy: 6.74
Training Epoch: 86/200	Train Loss: 0.0523	Val Accuracy: 7.36
Training Epoch: 87/200	Train Loss: 0.0791	Val Accuracy: 7.36
Training Epoch: 88/200	Train Loss: 0.023	Val Accuracy: 7.38
Training Epoch: 89/200	Train Loss: 0.0416	Val Accuracy: 7.38
Training Epoch: 90/200	Train Loss: 0.0121	Val Accuracy: 7.82
Training Epoch: 91/200	Train Loss: 0.0501	Val Accuracy: 7.82
Training Epoch: 92/200	Train Loss: 0.0362	Val Accuracy: 7.44
Training Epoch: 93/200	Train Loss: 0.0227	Val Accuracy: 7.44
Training Epoch: 94/200	Train Loss: 0.0738	Val Accuracy: 7.44
Training Epoch: 95/200	Train Loss: 0.0326	Val Accuracy: 7.44
Training Epoch: 96/200	Train Loss: 0.0671	Val Accuracy: 7.58
Training Epoch: 97/200	Train Loss: 0.0718	Val Accuracy: 7.58
Training Epoch: 98/200	Train Loss: 0.0707	Val Accuracy: 7.34
Training Epoch: 99/200	Train Loss: 0.0874	Val Accuracy: 7.34
Training Epoch: 100/200	Train Loss: 0.071	Val Accuracy: 6.82
Training Epoch: 101/200	Train Loss: 0.1183	Val Accuracy: 6.82
Training Epoch: 102/200	Train Loss: 0.091	Val Accuracy: 6.6
Training Epoch: 103/200	Train Loss: 0.1448	Val Accuracy: 6.6
Training Epoch: 104/200	Train Loss: 0.1244	Val Accuracy: 6.72
Training Epoch: 105/200	Train Loss: 0.1342	Val Accuracy: 6.72
Training Epoch: 106/200	Train Loss: 0.1422	Val Accuracy: 6.34
Training Epoch: 107/200	Train Loss: 0.1268	Val Accuracy: 6.34
Training Epoch: 108/200	Train Loss: 0.108	Val Accuracy: 7.48
Training Epoch: 109/200	Train Loss: 0.065	Val Accuracy: 7.48
Training Epoch: 110/200	Train Loss: 0.0633	Val Accuracy: 7.46
Training Epoch: 111/200	Train Loss: 0.0246	Val Accuracy: 7.46
Training Epoch: 112/200	Train Loss: 0.0857	Val Accuracy: 7.48
Training Epoch: 113/200	Train Loss: 0.083	Val Accuracy: 7.48
Training Epoch: 114/200	Train Loss: 0.0498	Val Accuracy: 7.28
Training Epoch: 115/200	Train Loss: 0.0423	Val Accuracy: 7.28
Training Epoch: 116/200	Train Loss: 0.0766	Val Accuracy: 6.64
Training Epoch: 117/200	Train Loss: 0.1051	Val Accuracy: 6.64
Training Epoch: 118/200	Train Loss: 0.0647	Val Accuracy: 6.86
Training Epoch: 119/200	Train Loss: 0.0657	Val Accuracy: 6.86
Training Epoch: 120/200	Train Loss: 0.0628	Val Accuracy: 7.56
Training Epoch: 121/200	Train Loss: 0.0387	Val Accuracy: 7.56
Training Epoch: 122/200	Train Loss: 0.0422	Val Accuracy: 7.56
Training Epoch: 123/200	Train Loss: 0.0551	Val Accuracy: 7.56
Training Epoch: 124/200	Train Loss: 0.0172	Val Accuracy: 6.82
Training Epoch: 125/200	Train Loss: 0.1199	Val Accuracy: 6.82
Training Epoch: 126/200	Train Loss: 0.1202	Val Accuracy: 7.0
Training Epoch: 127/200	Train Loss: 0.065	Val Accuracy: 7.0
Training Epoch: 128/200	Train Loss: 0.1504	Val Accuracy: 6.74
Training Epoch: 129/200	Train Loss: 0.0899	Val Accuracy: 6.74
Training Epoch: 130/200	Train Loss: 0.1407	Val Accuracy: 7.3
Training Epoch: 131/200	Train Loss: 0.1766	Val Accuracy: 7.3
Training Epoch: 132/200	Train Loss: 0.2147	Val Accuracy: 6.84
Training Epoch: 133/200	Train Loss: 0.1014	Val Accuracy: 6.84
Training Epoch: 134/200	Train Loss: 0.0963	Val Accuracy: 6.4
Training Epoch: 135/200	Train Loss: 0.0678	Val Accuracy: 6.4
Training Epoch: 136/200	Train Loss: 0.0603	Val Accuracy: 7.46
Training Epoch: 137/200	Train Loss: 0.03	Val Accuracy: 7.46
Training Epoch: 138/200	Train Loss: 0.0698	Val Accuracy: 7.18
Training Epoch: 139/200	Train Loss: 0.0418	Val Accuracy: 7.18
Training Epoch: 140/200	Train Loss: 0.1397	Val Accuracy: 6.78
Training Epoch: 141/200	Train Loss: 0.0556	Val Accuracy: 6.78
Training Epoch: 142/200	Train Loss: 0.1692	Val Accuracy: 7.04
Training Epoch: 143/200	Train Loss: 0.0523	Val Accuracy: 7.04
Training Epoch: 144/200	Train Loss: 0.1121	Val Accuracy: 6.58
Training Epoch: 145/200	Train Loss: 0.1509	Val Accuracy: 6.58
Training Epoch: 146/200	Train Loss: 0.1237	Val Accuracy: 6.94
Training Epoch: 147/200	Train Loss: 0.073	Val Accuracy: 6.94
Training Epoch: 148/200	Train Loss: 0.0659	Val Accuracy: 6.38
Training Epoch: 149/200	Train Loss: 0.1295	Val Accuracy: 6.38
Training Epoch: 150/200	Train Loss: 0.0678	Val Accuracy: 7.1
Training Epoch: 151/200	Train Loss: 0.0423	Val Accuracy: 7.1
Training Epoch: 152/200	Train Loss: 0.0866	Val Accuracy: 6.9
Training Epoch: 153/200	Train Loss: 0.0539	Val Accuracy: 6.9
Training Epoch: 154/200	Train Loss: 0.0682	Val Accuracy: 7.04
Training Epoch: 155/200	Train Loss: 0.068	Val Accuracy: 7.04
Training Epoch: 156/200	Train Loss: 0.0779	Val Accuracy: 7.34
Training Epoch: 157/200	Train Loss: 0.0264	Val Accuracy: 7.34
Training Epoch: 158/200	Train Loss: 0.1915	Val Accuracy: 7.28
Training Epoch: 159/200	Train Loss: 0.0683	Val Accuracy: 7.28
Training Epoch: 160/200	Train Loss: 0.1049	Val Accuracy: 7.34
Training Epoch: 161/200	Train Loss: 0.0678	Val Accuracy: 7.34
Training Epoch: 162/200	Train Loss: 0.0331	Val Accuracy: 7.6
Training Epoch: 163/200	Train Loss: 0.0594	Val Accuracy: 7.6
Training Epoch: 164/200	Train Loss: 0.0274	Val Accuracy: 7.48
Training Epoch: 165/200	Train Loss: 0.0405	Val Accuracy: 7.48
Training Epoch: 166/200	Train Loss: 0.0287	Val Accuracy: 6.9
Training Epoch: 167/200	Train Loss: 0.1281	Val Accuracy: 6.9
Training Epoch: 168/200	Train Loss: 0.1069	Val Accuracy: 7.02
Training Epoch: 169/200	Train Loss: 0.0789	Val Accuracy: 7.02
Training Epoch: 170/200	Train Loss: 0.1091	Val Accuracy: 7.28
Training Epoch: 171/200	Train Loss: 0.0795	Val Accuracy: 7.28
Training Epoch: 172/200	Train Loss: 0.0171	Val Accuracy: 6.72
Training Epoch: 173/200	Train Loss: 0.0888	Val Accuracy: 6.72
Training Epoch: 174/200	Train Loss: 0.0458	Val Accuracy: 7.0
Training Epoch: 175/200	Train Loss: 0.1456	Val Accuracy: 7.0
Training Epoch: 176/200	Train Loss: 0.107	Val Accuracy: 7.76
Training Epoch: 177/200	Train Loss: 0.039	Val Accuracy: 7.76
Training Epoch: 178/200	Train Loss: 0.036	Val Accuracy: 7.7
Training Epoch: 179/200	Train Loss: 0.0174	Val Accuracy: 7.7
Training Epoch: 180/200	Train Loss: 0.0237	Val Accuracy: 7.64
Training Epoch: 181/200	Train Loss: 0.0468	Val Accuracy: 7.64
Training Epoch: 182/200	Train Loss: 0.0235	Val Accuracy: 7.26
Training Epoch: 183/200	Train Loss: 0.0546	Val Accuracy: 7.26
Training Epoch: 184/200	Train Loss: 0.0444	Val Accuracy: 7.56
Training Epoch: 185/200	Train Loss: 0.019	Val Accuracy: 7.56
Training Epoch: 186/200	Train Loss: 0.0339	Val Accuracy: 7.84
Training Epoch: 187/200	Train Loss: 0.0405	Val Accuracy: 7.84
Training Epoch: 188/200	Train Loss: 0.0328	Val Accuracy: 7.24
Training Epoch: 189/200	Train Loss: 0.0369	Val Accuracy: 7.24
Training Epoch: 190/200	Train Loss: 0.0428	Val Accuracy: 7.56
Training Epoch: 191/200	Train Loss: 0.0347	Val Accuracy: 7.56
Training Epoch: 192/200	Train Loss: 0.1346	Val Accuracy: 6.92
Training Epoch: 193/200	Train Loss: 0.1066	Val Accuracy: 6.92
Training Epoch: 194/200	Train Loss: 0.1052	Val Accuracy: 7.3
Training Epoch: 195/200	Train Loss: 0.0547	Val Accuracy: 7.3
Training Epoch: 196/200	Train Loss: 0.1213	Val Accuracy: 7.38
Training Epoch: 197/200	Train Loss: 0.0756	Val Accuracy: 7.38
Training Epoch: 198/200	Train Loss: 0.1296	Val Accuracy: 6.94
Training Epoch: 199/200	Train Loss: 0.1036	Val Accuracy: 6.94
Training Epoch: 200/200	Train Loss: 0.0343	Val Accuracy: 6.96

Wrote Best Model Checkpoint to: vlBest_acc_7_model_epoch_0186.pyth

Best Validation Accuracy: 7.84
Best Epoch: 186

======== TESTING ========

Test Accuracy: 6.71.

======== ACTIVE SAMPLING ========

ProbCover adaptive delta: base=0.6000, effective=0.5100, scale=0.85, phase=post_label_shrink, labeled_count=1300
Coverage selection metadata: active=False (mode=adaptive_distance_cv_cover, variant=unknown, delta=0.5100, phase=adaptive_signal, bald_mean=0.0000, bald_max=0.0000, variance_mean=0.0000, variance_max=0.0000, dropout_iters=0, cover_anchors=0, diversity_lambda=0.00, selected_id_mean=0.0000, selected_signal_mean=0.0782, selected_radius_mean=0.8362, k_id=50, k_knn=50, alpha=1.00)
Active Sampling Complete. After Episode 25:
New Labeled Set: 1350, New Unlabeled Set: 93650, Active Set: 50

================================


Current accuracy values:  [1.3100000000000023, 2.1700000000000017, 2.5999999999999943, 2.719999999999999, 2.8799999999999955, 4.230000000000004, 3.6500000000000057, 4.340000000000003, 4.060000000000002, 4.209999999999994, 4.829999999999998, 4.439999999999998, 5.280000000000001, 5.209999999999994, 5.730000000000004, 5.930000000000007, 5.769999999999996, 6.310000000000002, 6.390000000000001, 5.989999999999995, 6.719999999999999, 6.6299999999999955, 6.099999999999994, 6.989999999999995, 6.859999999999999, 6.709999999999994]
======== EPISODE 26 BEGINS ========

======== TRAINING ========
Training Epoch: 1/200	Train Loss: 0.3533	Val Accuracy: 0.0
Training Epoch: 2/200	Train Loss: 0.2589	Val Accuracy: 6.5
Training Epoch: 3/200	Train Loss: 0.4558	Val Accuracy: 6.5
Training Epoch: 4/200	Train Loss: 0.2589	Val Accuracy: 6.3
Training Epoch: 5/200	Train Loss: 0.2624	Val Accuracy: 6.3
Training Epoch: 6/200	Train Loss: 0.0828	Val Accuracy: 6.9
Training Epoch: 7/200	Train Loss: 0.1286	Val Accuracy: 6.9
Training Epoch: 8/200	Train Loss: 0.1364	Val Accuracy: 7.16
Training Epoch: 9/200	Train Loss: 0.2287	Val Accuracy: 7.16
Training Epoch: 10/200	Train Loss: 0.0706	Val Accuracy: 7.16
Training Epoch: 11/200	Train Loss: 0.1384	Val Accuracy: 7.16
Training Epoch: 12/200	Train Loss: 0.2139	Val Accuracy: 7.64
Training Epoch: 13/200	Train Loss: 0.0842	Val Accuracy: 7.64
Training Epoch: 14/200	Train Loss: 0.0672	Val Accuracy: 7.02
Training Epoch: 15/200	Train Loss: 0.0581	Val Accuracy: 7.02
Training Epoch: 16/200	Train Loss: 0.0495	Val Accuracy: 7.24
Training Epoch: 17/200	Train Loss: 0.1294	Val Accuracy: 7.24
Training Epoch: 18/200	Train Loss: 0.1271	Val Accuracy: 7.16
Training Epoch: 19/200	Train Loss: 0.0712	Val Accuracy: 7.16
Training Epoch: 20/200	Train Loss: 0.2921	Val Accuracy: 7.34
Training Epoch: 21/200	Train Loss: 0.1639	Val Accuracy: 7.34
Training Epoch: 22/200	Train Loss: 0.0613	Val Accuracy: 7.4
Training Epoch: 23/200	Train Loss: 0.0586	Val Accuracy: 7.4
Training Epoch: 24/200	Train Loss: 0.1805	Val Accuracy: 7.1
Training Epoch: 25/200	Train Loss: 0.0572	Val Accuracy: 7.1
Training Epoch: 26/200	Train Loss: 0.1364	Val Accuracy: 7.42
Training Epoch: 27/200	Train Loss: 0.1027	Val Accuracy: 7.42
Training Epoch: 28/200	Train Loss: 0.053	Val Accuracy: 8.04
Training Epoch: 29/200	Train Loss: 0.031	Val Accuracy: 8.04
Training Epoch: 30/200	Train Loss: 0.0819	Val Accuracy: 7.72
Training Epoch: 31/200	Train Loss: 0.1802	Val Accuracy: 7.72
Training Epoch: 32/200	Train Loss: 0.0637	Val Accuracy: 8.02
Training Epoch: 33/200	Train Loss: 0.1518	Val Accuracy: 8.02
Training Epoch: 34/200	Train Loss: 0.0275	Val Accuracy: 7.36
Training Epoch: 35/200	Train Loss: 0.0725	Val Accuracy: 7.36
Training Epoch: 36/200	Train Loss: 0.045	Val Accuracy: 7.38
Training Epoch: 37/200	Train Loss: 0.0948	Val Accuracy: 7.38
Training Epoch: 38/200	Train Loss: 0.0795	Val Accuracy: 7.66
Training Epoch: 39/200	Train Loss: 0.0281	Val Accuracy: 7.66
Training Epoch: 40/200	Train Loss: 0.0681	Val Accuracy: 7.34
Training Epoch: 41/200	Train Loss: 0.0506	Val Accuracy: 7.34
Training Epoch: 42/200	Train Loss: 0.052	Val Accuracy: 7.92
Training Epoch: 43/200	Train Loss: 0.0532	Val Accuracy: 7.92
Training Epoch: 44/200	Train Loss: 0.0821	Val Accuracy: 7.36
Training Epoch: 45/200	Train Loss: 0.0516	Val Accuracy: 7.36
Training Epoch: 46/200	Train Loss: 0.042	Val Accuracy: 7.46
Training Epoch: 47/200	Train Loss: 0.0554	Val Accuracy: 7.46
Training Epoch: 48/200	Train Loss: 0.0829	Val Accuracy: 7.96
Training Epoch: 49/200	Train Loss: 0.0851	Val Accuracy: 7.96
Training Epoch: 50/200	Train Loss: 0.0793	Val Accuracy: 7.36
Training Epoch: 51/200	Train Loss: 0.0936	Val Accuracy: 7.36
Training Epoch: 52/200	Train Loss: 0.1234	Val Accuracy: 7.3
Training Epoch: 53/200	Train Loss: 0.0859	Val Accuracy: 7.3
Training Epoch: 54/200	Train Loss: 0.074	Val Accuracy: 7.46
Training Epoch: 55/200	Train Loss: 0.1462	Val Accuracy: 7.46
Training Epoch: 56/200	Train Loss: 0.0721	Val Accuracy: 7.44
Training Epoch: 57/200	Train Loss: 0.0957	Val Accuracy: 7.44
Training Epoch: 58/200	Train Loss: 0.062	Val Accuracy: 7.74
Training Epoch: 59/200	Train Loss: 0.1674	Val Accuracy: 7.74
Training Epoch: 60/200	Train Loss: 0.2714	Val Accuracy: 7.9
Training Epoch: 61/200	Train Loss: 0.1015	Val Accuracy: 7.9
Training Epoch: 62/200	Train Loss: 0.1172	Val Accuracy: 7.1
Training Epoch: 63/200	Train Loss: 0.1094	Val Accuracy: 7.1
Training Epoch: 64/200	Train Loss: 0.0545	Val Accuracy: 7.06
Training Epoch: 65/200	Train Loss: 0.0556	Val Accuracy: 7.06
Training Epoch: 66/200	Train Loss: 0.066	Val Accuracy: 7.56
Training Epoch: 67/200	Train Loss: 0.0577	Val Accuracy: 7.56
Training Epoch: 68/200	Train Loss: 0.0909	Val Accuracy: 7.04
Training Epoch: 69/200	Train Loss: 0.176	Val Accuracy: 7.04
Training Epoch: 70/200	Train Loss: 0.0667	Val Accuracy: 7.02
Training Epoch: 71/200	Train Loss: 0.0813	Val Accuracy: 7.02
Training Epoch: 72/200	Train Loss: 0.0716	Val Accuracy: 7.82
Training Epoch: 73/200	Train Loss: 0.0486	Val Accuracy: 7.82
Training Epoch: 74/200	Train Loss: 0.0914	Val Accuracy: 7.5
Training Epoch: 75/200	Train Loss: 0.1338	Val Accuracy: 7.5
Training Epoch: 76/200	Train Loss: 0.0424	Val Accuracy: 7.36
Training Epoch: 77/200	Train Loss: 0.0328	Val Accuracy: 7.36
Training Epoch: 78/200	Train Loss: 0.1182	Val Accuracy: 7.38
Training Epoch: 79/200	Train Loss: 0.0701	Val Accuracy: 7.38
Training Epoch: 80/200	Train Loss: 0.0153	Val Accuracy: 6.54
Training Epoch: 81/200	Train Loss: 0.1084	Val Accuracy: 6.54
Training Epoch: 82/200	Train Loss: 0.0706	Val Accuracy: 7.04
Training Epoch: 83/200	Train Loss: 0.0455	Val Accuracy: 7.04
Training Epoch: 84/200	Train Loss: 0.0613	Val Accuracy: 7.58
Training Epoch: 85/200	Train Loss: 0.1843	Val Accuracy: 7.58
Training Epoch: 86/200	Train Loss: 0.0764	Val Accuracy: 7.36
Training Epoch: 87/200	Train Loss: 0.0518	Val Accuracy: 7.36
Training Epoch: 88/200	Train Loss: 0.0208	Val Accuracy: 7.46
Training Epoch: 89/200	Train Loss: 0.0277	Val Accuracy: 7.46
Training Epoch: 90/200	Train Loss: 0.061	Val Accuracy: 7.94
Training Epoch: 91/200	Train Loss: 0.0405	Val Accuracy: 7.94
Training Epoch: 92/200	Train Loss: 0.0422	Val Accuracy: 8.04
Training Epoch: 93/200	Train Loss: 0.0314	Val Accuracy: 8.04
Training Epoch: 94/200	Train Loss: 0.0385	Val Accuracy: 7.56
Training Epoch: 95/200	Train Loss: 0.0305	Val Accuracy: 7.56
Training Epoch: 96/200	Train Loss: 0.0671	Val Accuracy: 7.36
Training Epoch: 97/200	Train Loss: 0.0844	Val Accuracy: 7.36
Training Epoch: 98/200	Train Loss: 0.0307	Val Accuracy: 7.72
Training Epoch: 99/200	Train Loss: 0.0621	Val Accuracy: 7.72
Training Epoch: 100/200	Train Loss: 0.044	Val Accuracy: 8.06
Training Epoch: 101/200	Train Loss: 0.0747	Val Accuracy: 8.06
Training Epoch: 102/200	Train Loss: 0.0382	Val Accuracy: 7.84
Training Epoch: 103/200	Train Loss: 0.0928	Val Accuracy: 7.84
Training Epoch: 104/200	Train Loss: 0.0955	Val Accuracy: 7.64
Training Epoch: 105/200	Train Loss: 0.0998	Val Accuracy: 7.64
Training Epoch: 106/200	Train Loss: 0.0975	Val Accuracy: 6.82
Training Epoch: 107/200	Train Loss: 0.0745	Val Accuracy: 6.82
Training Epoch: 108/200	Train Loss: 0.0314	Val Accuracy: 7.4
Training Epoch: 109/200	Train Loss: 0.1205	Val Accuracy: 7.4
Training Epoch: 110/200	Train Loss: 0.0236	Val Accuracy: 7.06
Training Epoch: 111/200	Train Loss: 0.1119	Val Accuracy: 7.06
Training Epoch: 112/200	Train Loss: 0.1552	Val Accuracy: 7.26
Training Epoch: 113/200	Train Loss: 0.2226	Val Accuracy: 7.26
Training Epoch: 114/200	Train Loss: 0.1481	Val Accuracy: 6.82
Training Epoch: 115/200	Train Loss: 0.1266	Val Accuracy: 6.82
Training Epoch: 116/200	Train Loss: 0.1795	Val Accuracy: 7.12
Training Epoch: 117/200	Train Loss: 0.1065	Val Accuracy: 7.12
Training Epoch: 118/200	Train Loss: 0.1082	Val Accuracy: 6.84
Training Epoch: 119/200	Train Loss: 0.0528	Val Accuracy: 6.84
Training Epoch: 120/200	Train Loss: 0.1052	Val Accuracy: 8.02
Training Epoch: 121/200	Train Loss: 0.0702	Val Accuracy: 8.02
Training Epoch: 122/200	Train Loss: 0.1407	Val Accuracy: 7.2
Training Epoch: 123/200	Train Loss: 0.0504	Val Accuracy: 7.2
Training Epoch: 124/200	Train Loss: 0.1818	Val Accuracy: 6.56
Training Epoch: 125/200	Train Loss: 0.1622	Val Accuracy: 6.56
Training Epoch: 126/200	Train Loss: 0.122	Val Accuracy: 7.06
Training Epoch: 127/200	Train Loss: 0.0527	Val Accuracy: 7.06
Training Epoch: 128/200	Train Loss: 0.1821	Val Accuracy: 7.6
Training Epoch: 129/200	Train Loss: 0.1042	Val Accuracy: 7.6
Training Epoch: 130/200	Train Loss: 0.0737	Val Accuracy: 7.58
Training Epoch: 131/200	Train Loss: 0.1052	Val Accuracy: 7.58
Training Epoch: 132/200	Train Loss: 0.0772	Val Accuracy: 7.2
Training Epoch: 133/200	Train Loss: 0.1031	Val Accuracy: 7.2
Training Epoch: 134/200	Train Loss: 0.0384	Val Accuracy: 6.96
Training Epoch: 135/200	Train Loss: 0.0296	Val Accuracy: 6.96
Training Epoch: 136/200	Train Loss: 0.132	Val Accuracy: 7.5
Training Epoch: 137/200	Train Loss: 0.1759	Val Accuracy: 7.5
Training Epoch: 138/200	Train Loss: 0.0688	Val Accuracy: 7.94
Training Epoch: 139/200	Train Loss: 0.0869	Val Accuracy: 7.94
Training Epoch: 140/200	Train Loss: 0.1021	Val Accuracy: 7.42
Training Epoch: 141/200	Train Loss: 0.1245	Val Accuracy: 7.42
Training Epoch: 142/200	Train Loss: 0.0395	Val Accuracy: 7.18
Training Epoch: 143/200	Train Loss: 0.0896	Val Accuracy: 7.18
Training Epoch: 144/200	Train Loss: 0.0857	Val Accuracy: 7.08
Training Epoch: 145/200	Train Loss: 0.0733	Val Accuracy: 7.08
Training Epoch: 146/200	Train Loss: 0.0866	Val Accuracy: 7.3
Training Epoch: 147/200	Train Loss: 0.0857	Val Accuracy: 7.3
Training Epoch: 148/200	Train Loss: 0.0524	Val Accuracy: 7.4
Training Epoch: 149/200	Train Loss: 0.045	Val Accuracy: 7.4
Training Epoch: 150/200	Train Loss: 0.0279	Val Accuracy: 7.26
Training Epoch: 151/200	Train Loss: 0.2393	Val Accuracy: 7.26
Training Epoch: 152/200	Train Loss: 0.0679	Val Accuracy: 7.18
Training Epoch: 153/200	Train Loss: 0.1382	Val Accuracy: 7.18
Training Epoch: 154/200	Train Loss: 0.0722	Val Accuracy: 6.9
Training Epoch: 155/200	Train Loss: 0.0239	Val Accuracy: 6.9
Training Epoch: 156/200	Train Loss: 0.0248	Val Accuracy: 7.72
Training Epoch: 157/200	Train Loss: 0.0303	Val Accuracy: 7.72
Training Epoch: 158/200	Train Loss: 0.1047	Val Accuracy: 7.5
Training Epoch: 159/200	Train Loss: 0.0389	Val Accuracy: 7.5
Training Epoch: 160/200	Train Loss: 0.0475	Val Accuracy: 7.14
Training Epoch: 161/200	Train Loss: 0.0495	Val Accuracy: 7.14
Training Epoch: 162/200	Train Loss: 0.1018	Val Accuracy: 7.46
Training Epoch: 163/200	Train Loss: 0.1754	Val Accuracy: 7.46
Training Epoch: 164/200	Train Loss: 0.1106	Val Accuracy: 7.6
Training Epoch: 165/200	Train Loss: 0.0448	Val Accuracy: 7.6
Training Epoch: 166/200	Train Loss: 0.0657	Val Accuracy: 7.36
Training Epoch: 167/200	Train Loss: 0.0376	Val Accuracy: 7.36
Training Epoch: 168/200	Train Loss: 0.0361	Val Accuracy: 7.38
Training Epoch: 169/200	Train Loss: 0.0761	Val Accuracy: 7.38
Training Epoch: 170/200	Train Loss: 0.0292	Val Accuracy: 8.16
Training Epoch: 171/200	Train Loss: 0.0455	Val Accuracy: 8.16
Training Epoch: 172/200	Train Loss: 0.1469	Val Accuracy: 7.36
Training Epoch: 173/200	Train Loss: 0.0269	Val Accuracy: 7.36
Training Epoch: 174/200	Train Loss: 0.0264	Val Accuracy: 7.86
Training Epoch: 175/200	Train Loss: 0.195	Val Accuracy: 7.86
Training Epoch: 176/200	Train Loss: 0.0368	Val Accuracy: 7.42
Training Epoch: 177/200	Train Loss: 0.0624	Val Accuracy: 7.42
Training Epoch: 178/200	Train Loss: 0.0428	Val Accuracy: 7.26
Training Epoch: 179/200	Train Loss: 0.0597	Val Accuracy: 7.26
Training Epoch: 180/200	Train Loss: 0.0415	Val Accuracy: 7.68
Training Epoch: 181/200	Train Loss: 0.0424	Val Accuracy: 7.68
Training Epoch: 182/200	Train Loss: 0.0948	Val Accuracy: 7.32
Training Epoch: 183/200	Train Loss: 0.1221	Val Accuracy: 7.32
Training Epoch: 184/200	Train Loss: 0.2017	Val Accuracy: 7.96
Training Epoch: 185/200	Train Loss: 0.0912	Val Accuracy: 7.96
Training Epoch: 186/200	Train Loss: 0.0759	Val Accuracy: 7.52
Training Epoch: 187/200	Train Loss: 0.1069	Val Accuracy: 7.52
Training Epoch: 188/200	Train Loss: 0.1147	Val Accuracy: 6.9
Training Epoch: 189/200	Train Loss: 0.1457	Val Accuracy: 6.9
Training Epoch: 190/200	Train Loss: 0.0528	Val Accuracy: 7.16
Training Epoch: 191/200	Train Loss: 0.0658	Val Accuracy: 7.16
Training Epoch: 192/200	Train Loss: 0.0576	Val Accuracy: 7.14
Training Epoch: 193/200	Train Loss: 0.1058	Val Accuracy: 7.14
Training Epoch: 194/200	Train Loss: 0.053	Val Accuracy: 7.54
Training Epoch: 195/200	Train Loss: 0.0639	Val Accuracy: 7.54
Training Epoch: 196/200	Train Loss: 0.0715	Val Accuracy: 7.38
Training Epoch: 197/200	Train Loss: 0.0454	Val Accuracy: 7.38
Training Epoch: 198/200	Train Loss: 0.1191	Val Accuracy: 6.96
Training Epoch: 199/200	Train Loss: 0.0743	Val Accuracy: 6.96
Training Epoch: 200/200	Train Loss: 0.1979	Val Accuracy: 7.16

Wrote Best Model Checkpoint to: vlBest_acc_8_model_epoch_0170.pyth

Best Validation Accuracy: 8.16
Best Epoch: 170

======== TESTING ========

Test Accuracy: 7.35.

======== ACTIVE SAMPLING ========

ProbCover adaptive delta: base=0.6000, effective=0.5100, scale=0.85, phase=post_label_shrink, labeled_count=1350
Coverage selection metadata: active=False (mode=adaptive_distance_cv_cover, variant=unknown, delta=0.5100, phase=adaptive_signal, bald_mean=0.0000, bald_max=0.0000, variance_mean=0.0000, variance_max=0.0000, dropout_iters=0, cover_anchors=0, diversity_lambda=0.00, selected_id_mean=0.0000, selected_signal_mean=0.0801, selected_radius_mean=0.8560, k_id=50, k_knn=50, alpha=1.00)
Active Sampling Complete. After Episode 26:
New Labeled Set: 1400, New Unlabeled Set: 93600, Active Set: 50

================================


Current accuracy values:  [1.3100000000000023, 2.1700000000000017, 2.5999999999999943, 2.719999999999999, 2.8799999999999955, 4.230000000000004, 3.6500000000000057, 4.340000000000003, 4.060000000000002, 4.209999999999994, 4.829999999999998, 4.439999999999998, 5.280000000000001, 5.209999999999994, 5.730000000000004, 5.930000000000007, 5.769999999999996, 6.310000000000002, 6.390000000000001, 5.989999999999995, 6.719999999999999, 6.6299999999999955, 6.099999999999994, 6.989999999999995, 6.859999999999999, 6.709999999999994, 7.349999999999994]
======== EPISODE 27 BEGINS ========

======== TRAINING ========
Training Epoch: 1/200	Train Loss: 0.5106	Val Accuracy: 0.0
Training Epoch: 2/200	Train Loss: 0.2208	Val Accuracy: 7.34
Training Epoch: 3/200	Train Loss: 0.1633	Val Accuracy: 7.34
Training Epoch: 4/200	Train Loss: 0.1438	Val Accuracy: 7.12
Training Epoch: 5/200	Train Loss: 0.1557	Val Accuracy: 7.12
Training Epoch: 6/200	Train Loss: 0.1579	Val Accuracy: 7.3
Training Epoch: 7/200	Train Loss: 0.0909	Val Accuracy: 7.3
Training Epoch: 8/200	Train Loss: 0.1113	Val Accuracy: 7.16
Training Epoch: 9/200	Train Loss: 0.0966	Val Accuracy: 7.16
Training Epoch: 10/200	Train Loss: 0.106	Val Accuracy: 7.62
Training Epoch: 11/200	Train Loss: 0.1101	Val Accuracy: 7.62
Training Epoch: 12/200	Train Loss: 0.1661	Val Accuracy: 7.5
Training Epoch: 13/200	Train Loss: 0.127	Val Accuracy: 7.5
Training Epoch: 14/200	Train Loss: 0.1172	Val Accuracy: 7.24
Training Epoch: 15/200	Train Loss: 0.0593	Val Accuracy: 7.24
Training Epoch: 16/200	Train Loss: 0.1726	Val Accuracy: 7.42
Training Epoch: 17/200	Train Loss: 0.1159	Val Accuracy: 7.42
Training Epoch: 18/200	Train Loss: 0.0829	Val Accuracy: 7.42
Training Epoch: 19/200	Train Loss: 0.0399	Val Accuracy: 7.42
Training Epoch: 20/200	Train Loss: 0.2313	Val Accuracy: 7.3
Training Epoch: 21/200	Train Loss: 0.0853	Val Accuracy: 7.3
Training Epoch: 22/200	Train Loss: 0.1111	Val Accuracy: 7.8
Training Epoch: 23/200	Train Loss: 0.1222	Val Accuracy: 7.8
Training Epoch: 24/200	Train Loss: 0.1321	Val Accuracy: 7.7
Training Epoch: 25/200	Train Loss: 0.0714	Val Accuracy: 7.7
Training Epoch: 26/200	Train Loss: 0.069	Val Accuracy: 7.22
Training Epoch: 27/200	Train Loss: 0.0404	Val Accuracy: 7.22
Training Epoch: 28/200	Train Loss: 0.2979	Val Accuracy: 6.96
Training Epoch: 29/200	Train Loss: 0.083	Val Accuracy: 6.96
Training Epoch: 30/200	Train Loss: 0.0437	Val Accuracy: 7.54
Training Epoch: 31/200	Train Loss: 0.0424	Val Accuracy: 7.54
Training Epoch: 32/200	Train Loss: 0.0461	Val Accuracy: 7.62
Training Epoch: 33/200	Train Loss: 0.1148	Val Accuracy: 7.62
Training Epoch: 34/200	Train Loss: 0.0762	Val Accuracy: 7.12
Training Epoch: 35/200	Train Loss: 0.0382	Val Accuracy: 7.12
Training Epoch: 36/200	Train Loss: 0.1333	Val Accuracy: 7.68
Training Epoch: 37/200	Train Loss: 0.0697	Val Accuracy: 7.68
Training Epoch: 38/200	Train Loss: 0.118	Val Accuracy: 7.56
Training Epoch: 39/200	Train Loss: 0.0718	Val Accuracy: 7.56
Training Epoch: 40/200	Train Loss: 0.1632	Val Accuracy: 7.36
Training Epoch: 41/200	Train Loss: 0.0775	Val Accuracy: 7.36
Training Epoch: 42/200	Train Loss: 0.1057	Val Accuracy: 7.34
Training Epoch: 43/200	Train Loss: 0.0716	Val Accuracy: 7.34
Training Epoch: 44/200	Train Loss: 0.1186	Val Accuracy: 6.7
Training Epoch: 45/200	Train Loss: 0.0877	Val Accuracy: 6.7
Training Epoch: 46/200	Train Loss: 0.056	Val Accuracy: 7.06
Training Epoch: 47/200	Train Loss: 0.0902	Val Accuracy: 7.06
Training Epoch: 48/200	Train Loss: 0.1366	Val Accuracy: 7.0
Training Epoch: 49/200	Train Loss: 0.0762	Val Accuracy: 7.0
Training Epoch: 50/200	Train Loss: 0.2656	Val Accuracy: 7.7
Training Epoch: 51/200	Train Loss: 0.1861	Val Accuracy: 7.7
Training Epoch: 52/200	Train Loss: 0.1619	Val Accuracy: 6.92
Training Epoch: 53/200	Train Loss: 0.039	Val Accuracy: 6.92
Training Epoch: 54/200	Train Loss: 0.1443	Val Accuracy: 6.9
Training Epoch: 55/200	Train Loss: 0.033	Val Accuracy: 6.9
Training Epoch: 56/200	Train Loss: 0.0383	Val Accuracy: 6.88
Training Epoch: 57/200	Train Loss: 0.0571	Val Accuracy: 6.88
Training Epoch: 58/200	Train Loss: 0.0205	Val Accuracy: 7.56
Training Epoch: 59/200	Train Loss: 0.0839	Val Accuracy: 7.56
Training Epoch: 60/200	Train Loss: 0.0545	Val Accuracy: 7.68
Training Epoch: 61/200	Train Loss: 0.0784	Val Accuracy: 7.68
Training Epoch: 62/200	Train Loss: 0.1037	Val Accuracy: 7.64
Training Epoch: 63/200	Train Loss: 0.0268	Val Accuracy: 7.64
Training Epoch: 64/200	Train Loss: 0.0456	Val Accuracy: 7.3
Training Epoch: 65/200	Train Loss: 0.0692	Val Accuracy: 7.3
Training Epoch: 66/200	Train Loss: 0.0771	Val Accuracy: 7.28
Training Epoch: 67/200	Train Loss: 0.1715	Val Accuracy: 7.28
Training Epoch: 68/200	Train Loss: 0.1123	Val Accuracy: 7.4
Training Epoch: 69/200	Train Loss: 0.0901	Val Accuracy: 7.4
Training Epoch: 70/200	Train Loss: 0.0658	Val Accuracy: 7.24
Training Epoch: 71/200	Train Loss: 0.0624	Val Accuracy: 7.24
Training Epoch: 72/200	Train Loss: 0.1634	Val Accuracy: 8.24
Training Epoch: 73/200	Train Loss: 0.0662	Val Accuracy: 8.24
Training Epoch: 74/200	Train Loss: 0.0808	Val Accuracy: 7.72
Training Epoch: 75/200	Train Loss: 0.0392	Val Accuracy: 7.72
Training Epoch: 76/200	Train Loss: 0.0335	Val Accuracy: 7.3
Training Epoch: 77/200	Train Loss: 0.0296	Val Accuracy: 7.3
Training Epoch: 78/200	Train Loss: 0.0427	Val Accuracy: 7.24
Training Epoch: 79/200	Train Loss: 0.0181	Val Accuracy: 7.24
Training Epoch: 80/200	Train Loss: 0.0474	Val Accuracy: 8.12
Training Epoch: 81/200	Train Loss: 0.0488	Val Accuracy: 8.12
Training Epoch: 82/200	Train Loss: 0.041	Val Accuracy: 8.06
Training Epoch: 83/200	Train Loss: 0.0323	Val Accuracy: 8.06
Training Epoch: 84/200	Train Loss: 0.0906	Val Accuracy: 8.14
Training Epoch: 85/200	Train Loss: 0.0529	Val Accuracy: 8.14
Training Epoch: 86/200	Train Loss: 0.0291	Val Accuracy: 7.6
Training Epoch: 87/200	Train Loss: 0.1428	Val Accuracy: 7.6
Training Epoch: 88/200	Train Loss: 0.0754	Val Accuracy: 7.64
Training Epoch: 89/200	Train Loss: 0.0481	Val Accuracy: 7.64
Training Epoch: 90/200	Train Loss: 0.2563	Val Accuracy: 7.28
Training Epoch: 91/200	Train Loss: 0.0532	Val Accuracy: 7.28
Training Epoch: 92/200	Train Loss: 0.0909	Val Accuracy: 7.02
Training Epoch: 93/200	Train Loss: 0.082	Val Accuracy: 7.02
Training Epoch: 94/200	Train Loss: 0.0807	Val Accuracy: 7.24
Training Epoch: 95/200	Train Loss: 0.1689	Val Accuracy: 7.24
Training Epoch: 96/200	Train Loss: 0.0958	Val Accuracy: 7.16
Training Epoch: 97/200	Train Loss: 0.0764	Val Accuracy: 7.16
Training Epoch: 98/200	Train Loss: 0.0915	Val Accuracy: 8.58
Training Epoch: 99/200	Train Loss: 0.0327	Val Accuracy: 8.58
Training Epoch: 100/200	Train Loss: 0.0293	Val Accuracy: 7.64
Training Epoch: 101/200	Train Loss: 0.0393	Val Accuracy: 7.64
Training Epoch: 102/200	Train Loss: 0.1351	Val Accuracy: 7.68
Training Epoch: 103/200	Train Loss: 0.0396	Val Accuracy: 7.68
Training Epoch: 104/200	Train Loss: 0.0507	Val Accuracy: 7.36
Training Epoch: 105/200	Train Loss: 0.0682	Val Accuracy: 7.36
Training Epoch: 106/200	Train Loss: 0.2127	Val Accuracy: 7.74
Training Epoch: 107/200	Train Loss: 0.1933	Val Accuracy: 7.74
Training Epoch: 108/200	Train Loss: 0.0436	Val Accuracy: 7.64
Training Epoch: 109/200	Train Loss: 0.0999	Val Accuracy: 7.64
Training Epoch: 110/200	Train Loss: 0.0978	Val Accuracy: 7.68
Training Epoch: 111/200	Train Loss: 0.1345	Val Accuracy: 7.68
Training Epoch: 112/200	Train Loss: 0.0746	Val Accuracy: 8.08
Training Epoch: 113/200	Train Loss: 0.0573	Val Accuracy: 8.08
Training Epoch: 114/200	Train Loss: 0.1277	Val Accuracy: 7.84
Training Epoch: 115/200	Train Loss: 0.1552	Val Accuracy: 7.84
Training Epoch: 116/200	Train Loss: 0.0802	Val Accuracy: 7.56
Training Epoch: 117/200	Train Loss: 0.0835	Val Accuracy: 7.56
Training Epoch: 118/200	Train Loss: 0.1122	Val Accuracy: 7.18
Training Epoch: 119/200	Train Loss: 0.0502	Val Accuracy: 7.18
Training Epoch: 120/200	Train Loss: 0.079	Val Accuracy: 7.42
Training Epoch: 121/200	Train Loss: 0.0958	Val Accuracy: 7.42
Training Epoch: 122/200	Train Loss: 0.1623	Val Accuracy: 7.84
Training Epoch: 123/200	Train Loss: 0.0492	Val Accuracy: 7.84
Training Epoch: 124/200	Train Loss: 0.041	Val Accuracy: 7.7
Training Epoch: 125/200	Train Loss: 0.1099	Val Accuracy: 7.7
Training Epoch: 126/200	Train Loss: 0.0864	Val Accuracy: 7.32
Training Epoch: 127/200	Train Loss: 0.0989	Val Accuracy: 7.32
Training Epoch: 128/200	Train Loss: 0.0451	Val Accuracy: 7.24
Training Epoch: 129/200	Train Loss: 0.0873	Val Accuracy: 7.24
Training Epoch: 130/200	Train Loss: 0.1132	Val Accuracy: 7.14
Training Epoch: 131/200	Train Loss: 0.0345	Val Accuracy: 7.14
Training Epoch: 132/200	Train Loss: 0.1044	Val Accuracy: 7.84
Training Epoch: 133/200	Train Loss: 0.1102	Val Accuracy: 7.84
Training Epoch: 134/200	Train Loss: 0.0524	Val Accuracy: 7.84
Training Epoch: 135/200	Train Loss: 0.0348	Val Accuracy: 7.84
Training Epoch: 136/200	Train Loss: 0.0605	Val Accuracy: 7.16
Training Epoch: 137/200	Train Loss: 0.0351	Val Accuracy: 7.16
Training Epoch: 138/200	Train Loss: 0.0896	Val Accuracy: 7.9
Training Epoch: 139/200	Train Loss: 0.0175	Val Accuracy: 7.9
Training Epoch: 140/200	Train Loss: 0.1443	Val Accuracy: 7.62
Training Epoch: 141/200	Train Loss: 0.0821	Val Accuracy: 7.62
Training Epoch: 142/200	Train Loss: 0.178	Val Accuracy: 7.86
Training Epoch: 143/200	Train Loss: 0.1789	Val Accuracy: 7.86
Training Epoch: 144/200	Train Loss: 0.1952	Val Accuracy: 7.7
Training Epoch: 145/200	Train Loss: 0.0848	Val Accuracy: 7.7
Training Epoch: 146/200	Train Loss: 0.1709	Val Accuracy: 7.06
Training Epoch: 147/200	Train Loss: 0.1095	Val Accuracy: 7.06
Training Epoch: 148/200	Train Loss: 0.1131	Val Accuracy: 7.52
Training Epoch: 149/200	Train Loss: 0.0567	Val Accuracy: 7.52
Training Epoch: 150/200	Train Loss: 0.0891	Val Accuracy: 7.64
Training Epoch: 151/200	Train Loss: 0.0483	Val Accuracy: 7.64
Training Epoch: 152/200	Train Loss: 0.1358	Val Accuracy: 7.52
Training Epoch: 153/200	Train Loss: 0.1205	Val Accuracy: 7.52
Training Epoch: 154/200	Train Loss: 0.12	Val Accuracy: 7.58
Training Epoch: 155/200	Train Loss: 0.1281	Val Accuracy: 7.58
Training Epoch: 156/200	Train Loss: 0.1356	Val Accuracy: 7.66
Training Epoch: 157/200	Train Loss: 0.0564	Val Accuracy: 7.66
Training Epoch: 158/200	Train Loss: 0.0444	Val Accuracy: 7.58
Training Epoch: 159/200	Train Loss: 0.0364	Val Accuracy: 7.58
Training Epoch: 160/200	Train Loss: 0.0186	Val Accuracy: 7.76
Training Epoch: 161/200	Train Loss: 0.0174	Val Accuracy: 7.76
Training Epoch: 162/200	Train Loss: 0.0291	Val Accuracy: 8.06
Training Epoch: 163/200	Train Loss: 0.0432	Val Accuracy: 8.06
Training Epoch: 164/200	Train Loss: 0.0218	Val Accuracy: 8.24
Training Epoch: 165/200	Train Loss: 0.0323	Val Accuracy: 8.24
Training Epoch: 166/200	Train Loss: 0.035	Val Accuracy: 7.86
Training Epoch: 167/200	Train Loss: 0.0373	Val Accuracy: 7.86
Training Epoch: 168/200	Train Loss: 0.0235	Val Accuracy: 7.78
Training Epoch: 169/200	Train Loss: 0.0342	Val Accuracy: 7.78
Training Epoch: 170/200	Train Loss: 0.0299	Val Accuracy: 8.78
Training Epoch: 171/200	Train Loss: 0.0696	Val Accuracy: 8.78
Training Epoch: 172/200	Train Loss: 0.0569	Val Accuracy: 8.54
Training Epoch: 173/200	Train Loss: 0.0402	Val Accuracy: 8.54
Training Epoch: 174/200	Train Loss: 0.0431	Val Accuracy: 7.68
Training Epoch: 175/200	Train Loss: 0.12	Val Accuracy: 7.68
Training Epoch: 176/200	Train Loss: 0.1652	Val Accuracy: 7.72
Training Epoch: 177/200	Train Loss: 0.1147	Val Accuracy: 7.72
Training Epoch: 178/200	Train Loss: 0.166	Val Accuracy: 7.56
Training Epoch: 179/200	Train Loss: 0.0766	Val Accuracy: 7.56
Training Epoch: 180/200	Train Loss: 0.0868	Val Accuracy: 7.12
Training Epoch: 181/200	Train Loss: 0.1381	Val Accuracy: 7.12
Training Epoch: 182/200	Train Loss: 0.0965	Val Accuracy: 7.36
Training Epoch: 183/200	Train Loss: 0.1047	Val Accuracy: 7.36
Training Epoch: 184/200	Train Loss: 0.1635	Val Accuracy: 7.38
Training Epoch: 185/200	Train Loss: 0.0576	Val Accuracy: 7.38
Training Epoch: 186/200	Train Loss: 0.1365	Val Accuracy: 7.34
Training Epoch: 187/200	Train Loss: 0.1464	Val Accuracy: 7.34
Training Epoch: 188/200	Train Loss: 0.0705	Val Accuracy: 7.48
Training Epoch: 189/200	Train Loss: 0.0623	Val Accuracy: 7.48
Training Epoch: 190/200	Train Loss: 0.1235	Val Accuracy: 7.76
Training Epoch: 191/200	Train Loss: 0.0605	Val Accuracy: 7.76
Training Epoch: 192/200	Train Loss: 0.0907	Val Accuracy: 7.4
Training Epoch: 193/200	Train Loss: 0.0312	Val Accuracy: 7.4
Training Epoch: 194/200	Train Loss: 0.0327	Val Accuracy: 7.44
Training Epoch: 195/200	Train Loss: 0.0908	Val Accuracy: 7.44
Training Epoch: 196/200	Train Loss: 0.0301	Val Accuracy: 7.8
Training Epoch: 197/200	Train Loss: 0.1007	Val Accuracy: 7.8
Training Epoch: 198/200	Train Loss: 0.053	Val Accuracy: 7.82
Training Epoch: 199/200	Train Loss: 0.0782	Val Accuracy: 7.82
Training Epoch: 200/200	Train Loss: 0.0482	Val Accuracy: 7.42

Wrote Best Model Checkpoint to: vlBest_acc_8_model_epoch_0170.pyth

Best Validation Accuracy: 8.78
Best Epoch: 170

======== TESTING ========

Test Accuracy: 7.26.

======== ACTIVE SAMPLING ========

ProbCover adaptive delta: base=0.6000, effective=0.5100, scale=0.85, phase=post_label_shrink, labeled_count=1400
Coverage selection metadata: active=False (mode=adaptive_distance_cv_cover, variant=unknown, delta=0.5100, phase=adaptive_signal, bald_mean=0.0000, bald_max=0.0000, variance_mean=0.0000, variance_max=0.0000, dropout_iters=0, cover_anchors=0, diversity_lambda=0.00, selected_id_mean=0.0000, selected_signal_mean=0.0787, selected_radius_mean=0.8415, k_id=50, k_knn=50, alpha=1.00)
Active Sampling Complete. After Episode 27:
New Labeled Set: 1450, New Unlabeled Set: 93550, Active Set: 50

================================


Current accuracy values:  [1.3100000000000023, 2.1700000000000017, 2.5999999999999943, 2.719999999999999, 2.8799999999999955, 4.230000000000004, 3.6500000000000057, 4.340000000000003, 4.060000000000002, 4.209999999999994, 4.829999999999998, 4.439999999999998, 5.280000000000001, 5.209999999999994, 5.730000000000004, 5.930000000000007, 5.769999999999996, 6.310000000000002, 6.390000000000001, 5.989999999999995, 6.719999999999999, 6.6299999999999955, 6.099999999999994, 6.989999999999995, 6.859999999999999, 6.709999999999994, 7.349999999999994, 7.260000000000005]
======== EPISODE 28 BEGINS ========

======== TRAINING ========
Training Epoch: 1/200	Train Loss: 0.55	Val Accuracy: 0.0
Training Epoch: 2/200	Train Loss: 0.2416	Val Accuracy: 7.32
Training Epoch: 3/200	Train Loss: 0.2746	Val Accuracy: 7.32
Training Epoch: 4/200	Train Loss: 0.1152	Val Accuracy: 7.36
Training Epoch: 5/200	Train Loss: 0.1507	Val Accuracy: 7.36
Training Epoch: 6/200	Train Loss: 0.1088	Val Accuracy: 8.3
Training Epoch: 7/200	Train Loss: 0.1504	Val Accuracy: 8.3
Training Epoch: 8/200	Train Loss: 0.1868	Val Accuracy: 7.34
Training Epoch: 9/200	Train Loss: 0.1255	Val Accuracy: 7.34
Training Epoch: 10/200	Train Loss: 0.1517	Val Accuracy: 7.7
Training Epoch: 11/200	Train Loss: 0.1059	Val Accuracy: 7.7
Training Epoch: 12/200	Train Loss: 0.1145	Val Accuracy: 8.26
Training Epoch: 13/200	Train Loss: 0.1539	Val Accuracy: 8.26
Training Epoch: 14/200	Train Loss: 0.1926	Val Accuracy: 8.2
Training Epoch: 15/200	Train Loss: 0.0483	Val Accuracy: 8.2
Training Epoch: 16/200	Train Loss: 0.1477	Val Accuracy: 8.0
Training Epoch: 17/200	Train Loss: 0.0708	Val Accuracy: 8.0
Training Epoch: 18/200	Train Loss: 0.0811	Val Accuracy: 8.24
Training Epoch: 19/200	Train Loss: 0.0588	Val Accuracy: 8.24
Training Epoch: 20/200	Train Loss: 0.1675	Val Accuracy: 8.16
Training Epoch: 21/200	Train Loss: 0.1629	Val Accuracy: 8.16
Training Epoch: 22/200	Train Loss: 0.0534	Val Accuracy: 8.24
Training Epoch: 23/200	Train Loss: 0.1092	Val Accuracy: 8.24
Training Epoch: 24/200	Train Loss: 0.056	Val Accuracy: 7.42
Training Epoch: 25/200	Train Loss: 0.0875	Val Accuracy: 7.42
Training Epoch: 26/200	Train Loss: 0.1088	Val Accuracy: 7.34
Training Epoch: 27/200	Train Loss: 0.1196	Val Accuracy: 7.34
Training Epoch: 28/200	Train Loss: 0.0361	Val Accuracy: 7.72
Training Epoch: 29/200	Train Loss: 0.1082	Val Accuracy: 7.72
Training Epoch: 30/200	Train Loss: 0.0865	Val Accuracy: 7.76
Training Epoch: 31/200	Train Loss: 0.0674	Val Accuracy: 7.76
Training Epoch: 32/200	Train Loss: 0.1313	Val Accuracy: 7.4
Training Epoch: 33/200	Train Loss: 0.1129	Val Accuracy: 7.4
Training Epoch: 34/200	Train Loss: 0.067	Val Accuracy: 7.7
Training Epoch: 35/200	Train Loss: 0.1012	Val Accuracy: 7.7
Training Epoch: 36/200	Train Loss: 0.1694	Val Accuracy: 7.66
Training Epoch: 37/200	Train Loss: 0.1503	Val Accuracy: 7.66
Training Epoch: 38/200	Train Loss: 0.0749	Val Accuracy: 7.32
Training Epoch: 39/200	Train Loss: 0.0501	Val Accuracy: 7.32
Training Epoch: 40/200	Train Loss: 0.0835	Val Accuracy: 8.0
Training Epoch: 41/200	Train Loss: 0.1099	Val Accuracy: 8.0
Training Epoch: 42/200	Train Loss: 0.0306	Val Accuracy: 7.84
Training Epoch: 43/200	Train Loss: 0.0734	Val Accuracy: 7.84
Training Epoch: 44/200	Train Loss: 0.1411	Val Accuracy: 8.14
Training Epoch: 45/200	Train Loss: 0.0374	Val Accuracy: 8.14
Training Epoch: 46/200	Train Loss: 0.0406	Val Accuracy: 7.98
Training Epoch: 47/200	Train Loss: 0.0686	Val Accuracy: 7.98
Training Epoch: 48/200	Train Loss: 0.0969	Val Accuracy: 7.78
Training Epoch: 49/200	Train Loss: 0.099	Val Accuracy: 7.78
Training Epoch: 50/200	Train Loss: 0.0588	Val Accuracy: 8.18
Training Epoch: 51/200	Train Loss: 0.0525	Val Accuracy: 8.18
Training Epoch: 52/200	Train Loss: 0.052	Val Accuracy: 8.18
Training Epoch: 53/200	Train Loss: 0.0611	Val Accuracy: 8.18
Training Epoch: 54/200	Train Loss: 0.0364	Val Accuracy: 7.68
Training Epoch: 55/200	Train Loss: 0.0473	Val Accuracy: 7.68
Training Epoch: 56/200	Train Loss: 0.1034	Val Accuracy: 7.52
Training Epoch: 57/200	Train Loss: 0.056	Val Accuracy: 7.52
Training Epoch: 58/200	Train Loss: 0.0724	Val Accuracy: 7.58
Training Epoch: 59/200	Train Loss: 0.0508	Val Accuracy: 7.58
Training Epoch: 60/200	Train Loss: 0.0762	Val Accuracy: 8.08
Training Epoch: 61/200	Train Loss: 0.1526	Val Accuracy: 8.08
Training Epoch: 62/200	Train Loss: 0.0416	Val Accuracy: 7.96
Training Epoch: 63/200	Train Loss: 0.1339	Val Accuracy: 7.96
Training Epoch: 64/200	Train Loss: 0.0483	Val Accuracy: 7.52
Training Epoch: 65/200	Train Loss: 0.0733	Val Accuracy: 7.52
Training Epoch: 66/200	Train Loss: 0.0466	Val Accuracy: 7.84
Training Epoch: 67/200	Train Loss: 0.0441	Val Accuracy: 7.84
Training Epoch: 68/200	Train Loss: 0.0771	Val Accuracy: 8.04
Training Epoch: 69/200	Train Loss: 0.063	Val Accuracy: 8.04
Training Epoch: 70/200	Train Loss: 0.0742	Val Accuracy: 7.92
Training Epoch: 71/200	Train Loss: 0.0803	Val Accuracy: 7.92
Training Epoch: 72/200	Train Loss: 0.0636	Val Accuracy: 7.9
Training Epoch: 73/200	Train Loss: 0.1625	Val Accuracy: 7.9
Training Epoch: 74/200	Train Loss: 0.1124	Val Accuracy: 7.46
Training Epoch: 75/200	Train Loss: 0.1397	Val Accuracy: 7.46
Training Epoch: 76/200	Train Loss: 0.081	Val Accuracy: 7.48
Training Epoch: 77/200	Train Loss: 0.1014	Val Accuracy: 7.48
Training Epoch: 78/200	Train Loss: 0.0355	Val Accuracy: 8.2
Training Epoch: 79/200	Train Loss: 0.1719	Val Accuracy: 8.2
Training Epoch: 80/200	Train Loss: 0.0495	Val Accuracy: 7.8
Training Epoch: 81/200	Train Loss: 0.083	Val Accuracy: 7.8
Training Epoch: 82/200	Train Loss: 0.1116	Val Accuracy: 7.84
Training Epoch: 83/200	Train Loss: 0.0401	Val Accuracy: 7.84
Training Epoch: 84/200	Train Loss: 0.0957	Val Accuracy: 7.72
Training Epoch: 85/200	Train Loss: 0.0683	Val Accuracy: 7.72
Training Epoch: 86/200	Train Loss: 0.0425	Val Accuracy: 7.94
Training Epoch: 87/200	Train Loss: 0.0694	Val Accuracy: 7.94
Training Epoch: 88/200	Train Loss: 0.0836	Val Accuracy: 7.6
Training Epoch: 89/200	Train Loss: 0.0889	Val Accuracy: 7.6
Training Epoch: 90/200	Train Loss: 0.0455	Val Accuracy: 8.02
Training Epoch: 91/200	Train Loss: 0.0908	Val Accuracy: 8.02
Training Epoch: 92/200	Train Loss: 0.0195	Val Accuracy: 8.1
Training Epoch: 93/200	Train Loss: 0.0347	Val Accuracy: 8.1
Training Epoch: 94/200	Train Loss: 0.0593	Val Accuracy: 8.24
Training Epoch: 95/200	Train Loss: 0.1166	Val Accuracy: 8.24
Training Epoch: 96/200	Train Loss: 0.0476	Val Accuracy: 7.84
Training Epoch: 97/200	Train Loss: 0.092	Val Accuracy: 7.84
Training Epoch: 98/200	Train Loss: 0.1136	Val Accuracy: 7.88
Training Epoch: 99/200	Train Loss: 0.0301	Val Accuracy: 7.88
Training Epoch: 100/200	Train Loss: 0.044	Val Accuracy: 7.56
Training Epoch: 101/200	Train Loss: 0.0829	Val Accuracy: 7.56
Training Epoch: 102/200	Train Loss: 0.0193	Val Accuracy: 7.32
Training Epoch: 103/200	Train Loss: 0.0814	Val Accuracy: 7.32
Training Epoch: 104/200	Train Loss: 0.0347	Val Accuracy: 8.16
Training Epoch: 105/200	Train Loss: 0.1731	Val Accuracy: 8.16
Training Epoch: 106/200	Train Loss: 0.0734	Val Accuracy: 7.92
Training Epoch: 107/200	Train Loss: 0.0582	Val Accuracy: 7.92
Training Epoch: 108/200	Train Loss: 0.1563	Val Accuracy: 8.18
Training Epoch: 109/200	Train Loss: 0.079	Val Accuracy: 8.18
Training Epoch: 110/200	Train Loss: 0.1066	Val Accuracy: 7.7
Training Epoch: 111/200	Train Loss: 0.0851	Val Accuracy: 7.7
Training Epoch: 112/200	Train Loss: 0.0554	Val Accuracy: 7.34
Training Epoch: 113/200	Train Loss: 0.1546	Val Accuracy: 7.34
Training Epoch: 114/200	Train Loss: 0.0498	Val Accuracy: 8.02
Training Epoch: 115/200	Train Loss: 0.0448	Val Accuracy: 8.02
Training Epoch: 116/200	Train Loss: 0.2004	Val Accuracy: 7.84
Training Epoch: 117/200	Train Loss: 0.016	Val Accuracy: 7.84
Training Epoch: 118/200	Train Loss: 0.0759	Val Accuracy: 7.32
Training Epoch: 119/200	Train Loss: 0.0781	Val Accuracy: 7.32
Training Epoch: 120/200	Train Loss: 0.1051	Val Accuracy: 7.72
Training Epoch: 121/200	Train Loss: 0.0271	Val Accuracy: 7.72
Training Epoch: 122/200	Train Loss: 0.0476	Val Accuracy: 8.06
Training Epoch: 123/200	Train Loss: 0.0594	Val Accuracy: 8.06
Training Epoch: 124/200	Train Loss: 0.0302	Val Accuracy: 7.86
Training Epoch: 125/200	Train Loss: 0.0155	Val Accuracy: 7.86
Training Epoch: 126/200	Train Loss: 0.0656	Val Accuracy: 8.12
Training Epoch: 127/200	Train Loss: 0.1016	Val Accuracy: 8.12
Training Epoch: 128/200	Train Loss: 0.1949	Val Accuracy: 7.5
Training Epoch: 129/200	Train Loss: 0.1579	Val Accuracy: 7.5
Training Epoch: 130/200	Train Loss: 0.1038	Val Accuracy: 8.2
Training Epoch: 131/200	Train Loss: 0.1927	Val Accuracy: 8.2
Training Epoch: 132/200	Train Loss: 0.1017	Val Accuracy: 7.64
Training Epoch: 133/200	Train Loss: 0.1629	Val Accuracy: 7.64
Training Epoch: 134/200	Train Loss: 0.0665	Val Accuracy: 7.72
Training Epoch: 135/200	Train Loss: 0.0361	Val Accuracy: 7.72
Training Epoch: 136/200	Train Loss: 0.111	Val Accuracy: 7.6
Training Epoch: 137/200	Train Loss: 0.0894	Val Accuracy: 7.6
Training Epoch: 138/200	Train Loss: 0.0841	Val Accuracy: 7.9
Training Epoch: 139/200	Train Loss: 0.053	Val Accuracy: 7.9
Training Epoch: 140/200	Train Loss: 0.1055	Val Accuracy: 7.34
Training Epoch: 141/200	Train Loss: 0.0566	Val Accuracy: 7.34
Training Epoch: 142/200	Train Loss: 0.1552	Val Accuracy: 7.74
Training Epoch: 143/200	Train Loss: 0.1434	Val Accuracy: 7.74
Training Epoch: 144/200	Train Loss: 0.0695	Val Accuracy: 7.1
Training Epoch: 145/200	Train Loss: 0.0897	Val Accuracy: 7.1
Training Epoch: 146/200	Train Loss: 0.0485	Val Accuracy: 7.82
Training Epoch: 147/200	Train Loss: 0.0294	Val Accuracy: 7.82
Training Epoch: 148/200	Train Loss: 0.0748	Val Accuracy: 7.5
Training Epoch: 149/200	Train Loss: 0.0261	Val Accuracy: 7.5
Training Epoch: 150/200	Train Loss: 0.1687	Val Accuracy: 7.62
Training Epoch: 151/200	Train Loss: 0.0598	Val Accuracy: 7.62
Training Epoch: 152/200	Train Loss: 0.0424	Val Accuracy: 7.5
Training Epoch: 153/200	Train Loss: 0.0888	Val Accuracy: 7.5
Training Epoch: 154/200	Train Loss: 0.1021	Val Accuracy: 7.5
Training Epoch: 155/200	Train Loss: 0.0705	Val Accuracy: 7.5
Training Epoch: 156/200	Train Loss: 0.04	Val Accuracy: 7.54
Training Epoch: 157/200	Train Loss: 0.0449	Val Accuracy: 7.54
Training Epoch: 158/200	Train Loss: 0.0277	Val Accuracy: 7.6
Training Epoch: 159/200	Train Loss: 0.0348	Val Accuracy: 7.6
Training Epoch: 160/200	Train Loss: 0.0705	Val Accuracy: 7.76
Training Epoch: 161/200	Train Loss: 0.0644	Val Accuracy: 7.76
Training Epoch: 162/200	Train Loss: 0.0704	Val Accuracy: 7.7
Training Epoch: 163/200	Train Loss: 0.0955	Val Accuracy: 7.7
Training Epoch: 164/200	Train Loss: 0.0685	Val Accuracy: 7.6
Training Epoch: 165/200	Train Loss: 0.062	Val Accuracy: 7.6
Training Epoch: 166/200	Train Loss: 0.0678	Val Accuracy: 7.76
Training Epoch: 167/200	Train Loss: 0.0923	Val Accuracy: 7.76
Training Epoch: 168/200	Train Loss: 0.1616	Val Accuracy: 7.82
Training Epoch: 169/200	Train Loss: 0.0428	Val Accuracy: 7.82
Training Epoch: 170/200	Train Loss: 0.0512	Val Accuracy: 7.6
Training Epoch: 171/200	Train Loss: 0.0448	Val Accuracy: 7.6
Training Epoch: 172/200	Train Loss: 0.0454	Val Accuracy: 8.48
Training Epoch: 173/200	Train Loss: 0.1656	Val Accuracy: 8.48
Training Epoch: 174/200	Train Loss: 0.1155	Val Accuracy: 7.52
Training Epoch: 175/200	Train Loss: 0.1148	Val Accuracy: 7.52
Training Epoch: 176/200	Train Loss: 0.0569	Val Accuracy: 7.96
Training Epoch: 177/200	Train Loss: 0.0999	Val Accuracy: 7.96
Training Epoch: 178/200	Train Loss: 0.1294	Val Accuracy: 7.58
Training Epoch: 179/200	Train Loss: 0.1085	Val Accuracy: 7.58
Training Epoch: 180/200	Train Loss: 0.1006	Val Accuracy: 7.78
Training Epoch: 181/200	Train Loss: 0.0307	Val Accuracy: 7.78
Training Epoch: 182/200	Train Loss: 0.0303	Val Accuracy: 7.66
Training Epoch: 183/200	Train Loss: 0.0901	Val Accuracy: 7.66
Training Epoch: 184/200	Train Loss: 0.1007	Val Accuracy: 7.94
Training Epoch: 185/200	Train Loss: 0.0173	Val Accuracy: 7.94
Training Epoch: 186/200	Train Loss: 0.0478	Val Accuracy: 8.4
Training Epoch: 187/200	Train Loss: 0.1049	Val Accuracy: 8.4
Training Epoch: 188/200	Train Loss: 0.1305	Val Accuracy: 8.06
Training Epoch: 189/200	Train Loss: 0.0909	Val Accuracy: 8.06
Training Epoch: 190/200	Train Loss: 0.0753	Val Accuracy: 7.96
Training Epoch: 191/200	Train Loss: 0.061	Val Accuracy: 7.96
Training Epoch: 192/200	Train Loss: 0.0528	Val Accuracy: 7.76
Training Epoch: 193/200	Train Loss: 0.0984	Val Accuracy: 7.76
Training Epoch: 194/200	Train Loss: 0.1018	Val Accuracy: 7.74
Training Epoch: 195/200	Train Loss: 0.0583	Val Accuracy: 7.74
Training Epoch: 196/200	Train Loss: 0.0393	Val Accuracy: 7.3
Training Epoch: 197/200	Train Loss: 0.1831	Val Accuracy: 7.3
Training Epoch: 198/200	Train Loss: 0.1357	Val Accuracy: 8.24
Training Epoch: 199/200	Train Loss: 0.0187	Val Accuracy: 8.24
Training Epoch: 200/200	Train Loss: 0.0513	Val Accuracy: 7.96

Wrote Best Model Checkpoint to: vlBest_acc_8_model_epoch_0172.pyth

Best Validation Accuracy: 8.48
Best Epoch: 172

======== TESTING ========

Test Accuracy: 7.86.

======== ACTIVE SAMPLING ========

ProbCover adaptive delta: base=0.6000, effective=0.5100, scale=0.85, phase=post_label_shrink, labeled_count=1450
Coverage selection metadata: active=False (mode=adaptive_distance_cv_cover, variant=unknown, delta=0.5100, phase=adaptive_signal, bald_mean=0.0000, bald_max=0.0000, variance_mean=0.0000, variance_max=0.0000, dropout_iters=0, cover_anchors=0, diversity_lambda=0.00, selected_id_mean=0.0000, selected_signal_mean=0.0823, selected_radius_mean=0.8800, k_id=50, k_knn=50, alpha=1.00)
