GPU 0: Tesla V100-SXM2-32GB (UUID: GPU-265927d0-54e3-dca2-e9b7-c7c731918601)

==============NVSMI LOG==============

Timestamp                                 : Tue May 26 22:17:48 2026
Driver Version                            : 565.57.01
CUDA Version                              : 12.7

Attached GPUs                             : 1
GPU 00000000:06:00.0
    ECC Mode
        Current                           : Enabled
        Pending                           : Enabled
    ECC Errors
        Volatile
            Single Bit            
                Device Memory             : 0
                Register File             : 0
                L1 Cache                  : 0
                L2 Cache                  : 0
                Texture Memory            : N/A
                Texture Shared            : N/A
                CBU                       : N/A
                Total                     : 0
            Double Bit            
                Device Memory             : 0
                Register File             : 0
                L1 Cache                  : 0
                L2 Cache                  : 0
                Texture Memory            : N/A
                Texture Shared            : N/A
                CBU                       : 0
                Total                     : 0
        Aggregate
            Single Bit            
                Device Memory             : 0
                Register File             : 0
                L1 Cache                  : 0
                L2 Cache                  : 0
                Texture Memory            : N/A
                Texture Shared            : N/A
                CBU                       : N/A
                Total                     : 0
            Double Bit            
                Device Memory             : 0
                Register File             : 0
                L1 Cache                  : 0
                L2 Cache                  : 0
                Texture Memory            : N/A
                Texture Shared            : N/A
                CBU                       : 0
                Total                     : 0

Experiment Directory Already Exists: /vast/s219110279/TypiClust/output/TINYIMAGENET/resnet50/uncertainty_1_50b. Reusing it may lead to loss of old logs in the directory.


======== PREPARING DATA AND MODEL ========

Preprocess Operations Selected ==>  [RandomResizedCrop(size=(64, 64), scale=(0.5, 1.0), ratio=(0.75, 1.3333), interpolation=bilinear), antialias=None), RandomHorizontalFlip(p=0.5), ToTensor(), Normalize(mean=[0.485, 0.456, 0.406], std=[0.229, 0.224, 0.225])]

Dataset TINYIMAGENET Loaded Sucessfully.
Total Train Size: 100000 and Total Test Size: 10000

Data Partitioning Complete. 
Labeled Set: 50, Unlabeled Set: 94950, Validation Set: 5000

model: resnet50

optimizer: Adam (
Parameter Group 0
    amsgrad: False
    betas: (0.9, 0.999)
    capturable: False
    differentiable: False
    eps: 1e-08
    foreach: None
    fused: False
    lr: 0.001
    maximize: False
    weight_decay: 0.0003
)

AL Query Method: uncertainty
Max AL Episodes: 100

======== EPISODE 0 BEGINS ========

======== TRAINING ========
Training Epoch: 1/200	Train Loss: 5.5941	Val Accuracy: 0.0
Training Epoch: 2/200	Train Loss: 3.8893	Val Accuracy: 0.56
Training Epoch: 3/200	Train Loss: 3.7131	Val Accuracy: 0.56
Training Epoch: 4/200	Train Loss: 3.7026	Val Accuracy: 0.68
Training Epoch: 5/200	Train Loss: 3.3907	Val Accuracy: 0.68
Training Epoch: 6/200	Train Loss: 3.2407	Val Accuracy: 0.6
Training Epoch: 7/200	Train Loss: 3.4527	Val Accuracy: 0.6
Training Epoch: 8/200	Train Loss: 2.7544	Val Accuracy: 0.6
Training Epoch: 9/200	Train Loss: 2.6938	Val Accuracy: 0.6
Training Epoch: 10/200	Train Loss: 2.3891	Val Accuracy: 0.62
Training Epoch: 11/200	Train Loss: 2.36	Val Accuracy: 0.62
Training Epoch: 12/200	Train Loss: 2.1852	Val Accuracy: 0.6
Training Epoch: 13/200	Train Loss: 1.8787	Val Accuracy: 0.6
Training Epoch: 14/200	Train Loss: 1.632	Val Accuracy: 0.72
Training Epoch: 15/200	Train Loss: 1.4598	Val Accuracy: 0.72
Training Epoch: 16/200	Train Loss: 1.2969	Val Accuracy: 0.7
Training Epoch: 17/200	Train Loss: 1.0399	Val Accuracy: 0.7
Training Epoch: 18/200	Train Loss: 0.8647	Val Accuracy: 0.6
Training Epoch: 19/200	Train Loss: 0.6904	Val Accuracy: 0.6
Training Epoch: 20/200	Train Loss: 0.6016	Val Accuracy: 0.64
Training Epoch: 21/200	Train Loss: 0.4568	Val Accuracy: 0.64
Training Epoch: 22/200	Train Loss: 0.4373	Val Accuracy: 0.68
Training Epoch: 23/200	Train Loss: 0.3605	Val Accuracy: 0.68
Training Epoch: 24/200	Train Loss: 0.2568	Val Accuracy: 0.68
Training Epoch: 25/200	Train Loss: 0.1652	Val Accuracy: 0.68
Training Epoch: 26/200	Train Loss: 0.1707	Val Accuracy: 0.7
Training Epoch: 27/200	Train Loss: 0.2214	Val Accuracy: 0.7
Training Epoch: 28/200	Train Loss: 0.1557	Val Accuracy: 0.7
Training Epoch: 29/200	Train Loss: 0.1068	Val Accuracy: 0.7
Training Epoch: 30/200	Train Loss: 0.1209	Val Accuracy: 1.0
Training Epoch: 31/200	Train Loss: 0.1008	Val Accuracy: 1.0
Training Epoch: 32/200	Train Loss: 0.0596	Val Accuracy: 1.08
Training Epoch: 33/200	Train Loss: 0.1432	Val Accuracy: 1.08
Training Epoch: 34/200	Train Loss: 0.1377	Val Accuracy: 1.36
Training Epoch: 35/200	Train Loss: 0.0898	Val Accuracy: 1.36
Training Epoch: 36/200	Train Loss: 0.0582	Val Accuracy: 1.48
Training Epoch: 37/200	Train Loss: 0.0484	Val Accuracy: 1.48
Training Epoch: 38/200	Train Loss: 0.0343	Val Accuracy: 1.42
Training Epoch: 39/200	Train Loss: 0.1372	Val Accuracy: 1.42
Training Epoch: 40/200	Train Loss: 0.1182	Val Accuracy: 1.24
Training Epoch: 41/200	Train Loss: 0.2729	Val Accuracy: 1.24
Training Epoch: 42/200	Train Loss: 0.1323	Val Accuracy: 1.36
Training Epoch: 43/200	Train Loss: 0.0787	Val Accuracy: 1.36
Training Epoch: 44/200	Train Loss: 0.2237	Val Accuracy: 1.2
Training Epoch: 45/200	Train Loss: 0.1075	Val Accuracy: 1.2
Training Epoch: 46/200	Train Loss: 0.0596	Val Accuracy: 1.26
Training Epoch: 47/200	Train Loss: 0.2181	Val Accuracy: 1.26
Training Epoch: 48/200	Train Loss: 0.0931	Val Accuracy: 1.36
Training Epoch: 49/200	Train Loss: 0.0546	Val Accuracy: 1.36
Training Epoch: 50/200	Train Loss: 0.0527	Val Accuracy: 1.3
Training Epoch: 51/200	Train Loss: 0.0544	Val Accuracy: 1.3
Training Epoch: 52/200	Train Loss: 0.1287	Val Accuracy: 1.24
Training Epoch: 53/200	Train Loss: 0.0984	Val Accuracy: 1.24
Training Epoch: 54/200	Train Loss: 0.021	Val Accuracy: 1.28
Training Epoch: 55/200	Train Loss: 0.0906	Val Accuracy: 1.28
Training Epoch: 56/200	Train Loss: 0.074	Val Accuracy: 1.44
Training Epoch: 57/200	Train Loss: 0.1122	Val Accuracy: 1.44
Training Epoch: 58/200	Train Loss: 0.0271	Val Accuracy: 1.38
Training Epoch: 59/200	Train Loss: 0.077	Val Accuracy: 1.38
Training Epoch: 60/200	Train Loss: 0.1088	Val Accuracy: 1.6
Training Epoch: 61/200	Train Loss: 0.0271	Val Accuracy: 1.6
Training Epoch: 62/200	Train Loss: 0.024	Val Accuracy: 1.74
Training Epoch: 63/200	Train Loss: 0.018	Val Accuracy: 1.74
Training Epoch: 64/200	Train Loss: 0.1757	Val Accuracy: 1.82
Training Epoch: 65/200	Train Loss: 0.0481	Val Accuracy: 1.82
Training Epoch: 66/200	Train Loss: 0.0298	Val Accuracy: 1.92
Training Epoch: 67/200	Train Loss: 0.0812	Val Accuracy: 1.92
Training Epoch: 68/200	Train Loss: 0.1621	Val Accuracy: 1.82
Training Epoch: 69/200	Train Loss: 0.0283	Val Accuracy: 1.82
Training Epoch: 70/200	Train Loss: 0.4837	Val Accuracy: 1.72
Training Epoch: 71/200	Train Loss: 0.28	Val Accuracy: 1.72
Training Epoch: 72/200	Train Loss: 0.0956	Val Accuracy: 1.56
Training Epoch: 73/200	Train Loss: 0.0917	Val Accuracy: 1.56
Training Epoch: 74/200	Train Loss: 0.3493	Val Accuracy: 1.5
Training Epoch: 75/200	Train Loss: 0.0506	Val Accuracy: 1.5
Training Epoch: 76/200	Train Loss: 0.1163	Val Accuracy: 1.06
Training Epoch: 77/200	Train Loss: 0.1594	Val Accuracy: 1.06
Training Epoch: 78/200	Train Loss: 0.2141	Val Accuracy: 1.54
Training Epoch: 79/200	Train Loss: 0.1319	Val Accuracy: 1.54
Training Epoch: 80/200	Train Loss: 0.0487	Val Accuracy: 1.5
Training Epoch: 81/200	Train Loss: 0.0985	Val Accuracy: 1.5
Training Epoch: 82/200	Train Loss: 0.0433	Val Accuracy: 1.84
Training Epoch: 83/200	Train Loss: 0.0394	Val Accuracy: 1.84
Training Epoch: 84/200	Train Loss: 0.0845	Val Accuracy: 1.74
Training Epoch: 85/200	Train Loss: 0.0752	Val Accuracy: 1.74
Training Epoch: 86/200	Train Loss: 0.0622	Val Accuracy: 1.8
Training Epoch: 87/200	Train Loss: 0.0392	Val Accuracy: 1.8
Training Epoch: 88/200	Train Loss: 0.0523	Val Accuracy: 1.98
Training Epoch: 89/200	Train Loss: 0.0707	Val Accuracy: 1.98
Training Epoch: 90/200	Train Loss: 0.0654	Val Accuracy: 1.8
Training Epoch: 91/200	Train Loss: 0.1312	Val Accuracy: 1.8
Training Epoch: 92/200	Train Loss: 0.1383	Val Accuracy: 1.72
Training Epoch: 93/200	Train Loss: 0.017	Val Accuracy: 1.72
Training Epoch: 94/200	Train Loss: 0.0524	Val Accuracy: 1.76
Training Epoch: 95/200	Train Loss: 0.0292	Val Accuracy: 1.76
Training Epoch: 96/200	Train Loss: 0.0476	Val Accuracy: 1.78
Training Epoch: 97/200	Train Loss: 0.0472	Val Accuracy: 1.78
Training Epoch: 98/200	Train Loss: 0.0158	Val Accuracy: 1.94
Training Epoch: 99/200	Train Loss: 0.0278	Val Accuracy: 1.94
Training Epoch: 100/200	Train Loss: 0.0254	Val Accuracy: 1.86
Training Epoch: 101/200	Train Loss: 0.0186	Val Accuracy: 1.86
Training Epoch: 102/200	Train Loss: 0.0246	Val Accuracy: 1.8
Training Epoch: 103/200	Train Loss: 0.0092	Val Accuracy: 1.8
Training Epoch: 104/200	Train Loss: 0.0072	Val Accuracy: 2.12
Training Epoch: 105/200	Train Loss: 0.0253	Val Accuracy: 2.12
Training Epoch: 106/200	Train Loss: 0.0307	Val Accuracy: 1.82
Training Epoch: 107/200	Train Loss: 0.0172	Val Accuracy: 1.82
Training Epoch: 108/200	Train Loss: 0.0149	Val Accuracy: 2.1
Training Epoch: 109/200	Train Loss: 0.0238	Val Accuracy: 2.1
Training Epoch: 110/200	Train Loss: 0.0061	Val Accuracy: 1.92
Training Epoch: 111/200	Train Loss: 0.0553	Val Accuracy: 1.92
Training Epoch: 112/200	Train Loss: 0.0208	Val Accuracy: 2.18
Training Epoch: 113/200	Train Loss: 0.0046	Val Accuracy: 2.18
Training Epoch: 114/200	Train Loss: 0.0324	Val Accuracy: 2.24
Training Epoch: 115/200	Train Loss: 0.0077	Val Accuracy: 2.24
Training Epoch: 116/200	Train Loss: 0.0161	Val Accuracy: 2.04
Training Epoch: 117/200	Train Loss: 0.031	Val Accuracy: 2.04
Training Epoch: 118/200	Train Loss: 0.011	Val Accuracy: 2.02
Training Epoch: 119/200	Train Loss: 0.018	Val Accuracy: 2.02
Training Epoch: 120/200	Train Loss: 0.0661	Val Accuracy: 2.18
Training Epoch: 121/200	Train Loss: 0.0063	Val Accuracy: 2.18
Training Epoch: 122/200	Train Loss: 0.0517	Val Accuracy: 1.94
Training Epoch: 123/200	Train Loss: 0.0049	Val Accuracy: 1.94
Training Epoch: 124/200	Train Loss: 0.0162	Val Accuracy: 2.12
Training Epoch: 125/200	Train Loss: 0.0055	Val Accuracy: 2.12
Training Epoch: 126/200	Train Loss: 0.0053	Val Accuracy: 1.92
Training Epoch: 127/200	Train Loss: 0.0539	Val Accuracy: 1.92
Training Epoch: 128/200	Train Loss: 0.0094	Val Accuracy: 1.68
Training Epoch: 129/200	Train Loss: 0.0092	Val Accuracy: 1.68
Training Epoch: 130/200	Train Loss: 0.0055	Val Accuracy: 1.9
Training Epoch: 131/200	Train Loss: 0.0074	Val Accuracy: 1.9
Training Epoch: 132/200	Train Loss: 0.0482	Val Accuracy: 1.82
Training Epoch: 133/200	Train Loss: 0.0101	Val Accuracy: 1.82
Training Epoch: 134/200	Train Loss: 0.0205	Val Accuracy: 1.72
Training Epoch: 135/200	Train Loss: 0.0026	Val Accuracy: 1.72
Training Epoch: 136/200	Train Loss: 0.0248	Val Accuracy: 2.02
Training Epoch: 137/200	Train Loss: 0.0016	Val Accuracy: 2.02
Training Epoch: 138/200	Train Loss: 0.0209	Val Accuracy: 1.9
Training Epoch: 139/200	Train Loss: 0.0165	Val Accuracy: 1.9
Training Epoch: 140/200	Train Loss: 0.0091	Val Accuracy: 1.78
Training Epoch: 141/200	Train Loss: 0.011	Val Accuracy: 1.78
Training Epoch: 142/200	Train Loss: 0.0075	Val Accuracy: 1.74
Training Epoch: 143/200	Train Loss: 0.0211	Val Accuracy: 1.74
Training Epoch: 144/200	Train Loss: 0.0091	Val Accuracy: 1.8
Training Epoch: 145/200	Train Loss: 0.0284	Val Accuracy: 1.8
Training Epoch: 146/200	Train Loss: 0.0204	Val Accuracy: 2.14
Training Epoch: 147/200	Train Loss: 0.1042	Val Accuracy: 2.14
Training Epoch: 148/200	Train Loss: 0.003	Val Accuracy: 2.06
Training Epoch: 149/200	Train Loss: 0.0073	Val Accuracy: 2.06
Training Epoch: 150/200	Train Loss: 0.0026	Val Accuracy: 2.02
Training Epoch: 151/200	Train Loss: 0.0139	Val Accuracy: 2.02
Training Epoch: 152/200	Train Loss: 0.0877	Val Accuracy: 1.86
Training Epoch: 153/200	Train Loss: 0.0553	Val Accuracy: 1.86
Training Epoch: 154/200	Train Loss: 0.0089	Val Accuracy: 2.08
Training Epoch: 155/200	Train Loss: 0.027	Val Accuracy: 2.08
Training Epoch: 156/200	Train Loss: 0.0464	Val Accuracy: 2.14
Training Epoch: 157/200	Train Loss: 0.0547	Val Accuracy: 2.14
Training Epoch: 158/200	Train Loss: 0.0459	Val Accuracy: 2.06
Training Epoch: 159/200	Train Loss: 0.0072	Val Accuracy: 2.06
Training Epoch: 160/200	Train Loss: 0.0061	Val Accuracy: 1.68
Training Epoch: 161/200	Train Loss: 0.0955	Val Accuracy: 1.68
Training Epoch: 162/200	Train Loss: 0.0904	Val Accuracy: 1.78
Training Epoch: 163/200	Train Loss: 0.0366	Val Accuracy: 1.78
Training Epoch: 164/200	Train Loss: 0.0619	Val Accuracy: 1.88
Training Epoch: 165/200	Train Loss: 0.0195	Val Accuracy: 1.88
Training Epoch: 166/200	Train Loss: 0.0451	Val Accuracy: 1.96
Training Epoch: 167/200	Train Loss: 0.0306	Val Accuracy: 1.96
Training Epoch: 168/200	Train Loss: 0.0724	Val Accuracy: 2.02
Training Epoch: 169/200	Train Loss: 0.0802	Val Accuracy: 2.02
Training Epoch: 170/200	Train Loss: 0.0198	Val Accuracy: 1.68
Training Epoch: 171/200	Train Loss: 0.0787	Val Accuracy: 1.68
Training Epoch: 172/200	Train Loss: 0.0838	Val Accuracy: 1.8
Training Epoch: 173/200	Train Loss: 0.0243	Val Accuracy: 1.8
Training Epoch: 174/200	Train Loss: 0.0191	Val Accuracy: 1.72
Training Epoch: 175/200	Train Loss: 0.0719	Val Accuracy: 1.72
Training Epoch: 176/200	Train Loss: 0.0646	Val Accuracy: 1.98
Training Epoch: 177/200	Train Loss: 0.0366	Val Accuracy: 1.98
Training Epoch: 178/200	Train Loss: 0.0335	Val Accuracy: 1.92
Training Epoch: 179/200	Train Loss: 0.1117	Val Accuracy: 1.92
Training Epoch: 180/200	Train Loss: 0.0219	Val Accuracy: 2.1
Training Epoch: 181/200	Train Loss: 0.1598	Val Accuracy: 2.1
Training Epoch: 182/200	Train Loss: 0.1142	Val Accuracy: 2.42
Training Epoch: 183/200	Train Loss: 0.0276	Val Accuracy: 2.42
Training Epoch: 184/200	Train Loss: 0.0192	Val Accuracy: 2.36
Training Epoch: 185/200	Train Loss: 0.4301	Val Accuracy: 2.36
Training Epoch: 186/200	Train Loss: 0.0281	Val Accuracy: 1.88
Training Epoch: 187/200	Train Loss: 0.0247	Val Accuracy: 1.88
Training Epoch: 188/200	Train Loss: 0.0745	Val Accuracy: 1.7
Training Epoch: 189/200	Train Loss: 0.056	Val Accuracy: 1.7
Training Epoch: 190/200	Train Loss: 0.0335	Val Accuracy: 1.64
Training Epoch: 191/200	Train Loss: 0.0233	Val Accuracy: 1.64
Training Epoch: 192/200	Train Loss: 0.0337	Val Accuracy: 1.7
Training Epoch: 193/200	Train Loss: 0.0166	Val Accuracy: 1.7
Training Epoch: 194/200	Train Loss: 0.0103	Val Accuracy: 1.84
Training Epoch: 195/200	Train Loss: 0.0175	Val Accuracy: 1.84
Training Epoch: 196/200	Train Loss: 0.0701	Val Accuracy: 1.84
Training Epoch: 197/200	Train Loss: 0.0574	Val Accuracy: 1.84
Training Epoch: 198/200	Train Loss: 0.026	Val Accuracy: 1.94
Training Epoch: 199/200	Train Loss: 0.0195	Val Accuracy: 1.94
Training Epoch: 200/200	Train Loss: 0.0319	Val Accuracy: 1.64

Wrote Best Model Checkpoint to: vlBest_acc_2_model_epoch_0182.pyth

Best Validation Accuracy: 2.42
Best Epoch: 182

======== TESTING ========

Test Accuracy: 1.79.

======== ACTIVE SAMPLING ========

len(uSetLoader): 950
u_ranks.shape: (94950,)
Active Sampling Complete. After Episode 0:
New Labeled Set: 100, New Unlabeled Set: 94900, Active Set: 50

================================


Current accuracy values:  [1.7900000000000063]
======== EPISODE 1 BEGINS ========

======== TRAINING ========
Training Epoch: 1/200	Train Loss: 11.7478	Val Accuracy: 0.0
Training Epoch: 2/200	Train Loss: 9.4624	Val Accuracy: 1.32
Training Epoch: 3/200	Train Loss: 6.8495	Val Accuracy: 1.32
Training Epoch: 4/200	Train Loss: 4.5717	Val Accuracy: 0.88
Training Epoch: 5/200	Train Loss: 3.0601	Val Accuracy: 0.88
Training Epoch: 6/200	Train Loss: 2.8488	Val Accuracy: 0.84
Training Epoch: 7/200	Train Loss: 2.8392	Val Accuracy: 0.84
Training Epoch: 8/200	Train Loss: 3.1278	Val Accuracy: 0.74
Training Epoch: 9/200	Train Loss: 2.849	Val Accuracy: 0.74
Training Epoch: 10/200	Train Loss: 2.598	Val Accuracy: 0.54
Training Epoch: 11/200	Train Loss: 2.4916	Val Accuracy: 0.54
Training Epoch: 12/200	Train Loss: 2.114	Val Accuracy: 1.2
Training Epoch: 13/200	Train Loss: 1.8397	Val Accuracy: 1.2
Training Epoch: 14/200	Train Loss: 1.574	Val Accuracy: 1.12
Training Epoch: 15/200	Train Loss: 1.3226	Val Accuracy: 1.12
Training Epoch: 16/200	Train Loss: 1.033	Val Accuracy: 1.24
Training Epoch: 17/200	Train Loss: 0.9255	Val Accuracy: 1.24
Training Epoch: 18/200	Train Loss: 0.78	Val Accuracy: 1.3
Training Epoch: 19/200	Train Loss: 0.6396	Val Accuracy: 1.3
Training Epoch: 20/200	Train Loss: 0.628	Val Accuracy: 1.18
Training Epoch: 21/200	Train Loss: 0.4384	Val Accuracy: 1.18
Training Epoch: 22/200	Train Loss: 0.3859	Val Accuracy: 1.46
Training Epoch: 23/200	Train Loss: 0.3858	Val Accuracy: 1.46
Training Epoch: 24/200	Train Loss: 0.3813	Val Accuracy: 1.42
Training Epoch: 25/200	Train Loss: 0.3165	Val Accuracy: 1.42
Training Epoch: 26/200	Train Loss: 0.426	Val Accuracy: 1.3
Training Epoch: 27/200	Train Loss: 0.2496	Val Accuracy: 1.3
Training Epoch: 28/200	Train Loss: 0.1988	Val Accuracy: 1.16
Training Epoch: 29/200	Train Loss: 0.2662	Val Accuracy: 1.16
Training Epoch: 30/200	Train Loss: 0.2431	Val Accuracy: 1.26
Training Epoch: 31/200	Train Loss: 0.1594	Val Accuracy: 1.26
Training Epoch: 32/200	Train Loss: 0.2053	Val Accuracy: 1.3
Training Epoch: 33/200	Train Loss: 0.2273	Val Accuracy: 1.3
Training Epoch: 34/200	Train Loss: 0.1455	Val Accuracy: 1.48
Training Epoch: 35/200	Train Loss: 0.1151	Val Accuracy: 1.48
Training Epoch: 36/200	Train Loss: 0.1689	Val Accuracy: 1.64
Training Epoch: 37/200	Train Loss: 0.1151	Val Accuracy: 1.64
Training Epoch: 38/200	Train Loss: 0.0995	Val Accuracy: 1.5
Training Epoch: 39/200	Train Loss: 0.1906	Val Accuracy: 1.5
Training Epoch: 40/200	Train Loss: 0.1081	Val Accuracy: 1.66
Training Epoch: 41/200	Train Loss: 0.0975	Val Accuracy: 1.66
Training Epoch: 42/200	Train Loss: 0.0998	Val Accuracy: 1.46
Training Epoch: 43/200	Train Loss: 0.1033	Val Accuracy: 1.46
Training Epoch: 44/200	Train Loss: 0.0919	Val Accuracy: 1.56
Training Epoch: 45/200	Train Loss: 0.1942	Val Accuracy: 1.56
Training Epoch: 46/200	Train Loss: 0.1262	Val Accuracy: 1.78
Training Epoch: 47/200	Train Loss: 0.063	Val Accuracy: 1.78
Training Epoch: 48/200	Train Loss: 0.0729	Val Accuracy: 1.76
Training Epoch: 49/200	Train Loss: 0.0311	Val Accuracy: 1.76
Training Epoch: 50/200	Train Loss: 0.0578	Val Accuracy: 1.46
Training Epoch: 51/200	Train Loss: 0.0948	Val Accuracy: 1.46
Training Epoch: 52/200	Train Loss: 0.0864	Val Accuracy: 1.48
Training Epoch: 53/200	Train Loss: 0.1171	Val Accuracy: 1.48
Training Epoch: 54/200	Train Loss: 0.0667	Val Accuracy: 1.42
Training Epoch: 55/200	Train Loss: 0.0667	Val Accuracy: 1.42
Training Epoch: 56/200	Train Loss: 0.0547	Val Accuracy: 1.72
Training Epoch: 57/200	Train Loss: 0.1041	Val Accuracy: 1.72
Training Epoch: 58/200	Train Loss: 0.0896	Val Accuracy: 1.74
Training Epoch: 59/200	Train Loss: 0.1024	Val Accuracy: 1.74
Training Epoch: 60/200	Train Loss: 0.0895	Val Accuracy: 1.66
Training Epoch: 61/200	Train Loss: 0.0515	Val Accuracy: 1.66
Training Epoch: 62/200	Train Loss: 0.079	Val Accuracy: 1.8
Training Epoch: 63/200	Train Loss: 0.1189	Val Accuracy: 1.8
Training Epoch: 64/200	Train Loss: 0.1287	Val Accuracy: 1.78
Training Epoch: 65/200	Train Loss: 0.128	Val Accuracy: 1.78
Training Epoch: 66/200	Train Loss: 0.1505	Val Accuracy: 1.64
Training Epoch: 67/200	Train Loss: 0.2428	Val Accuracy: 1.64
Training Epoch: 68/200	Train Loss: 0.1024	Val Accuracy: 1.68
Training Epoch: 69/200	Train Loss: 0.1829	Val Accuracy: 1.68
Training Epoch: 70/200	Train Loss: 0.0847	Val Accuracy: 1.84
Training Epoch: 71/200	Train Loss: 0.1298	Val Accuracy: 1.84
Training Epoch: 72/200	Train Loss: 0.0761	Val Accuracy: 1.68
Training Epoch: 73/200	Train Loss: 0.0246	Val Accuracy: 1.68
Training Epoch: 74/200	Train Loss: 0.1659	Val Accuracy: 1.56
Training Epoch: 75/200	Train Loss: 0.0943	Val Accuracy: 1.56
Training Epoch: 76/200	Train Loss: 0.0419	Val Accuracy: 1.66
Training Epoch: 77/200	Train Loss: 0.0259	Val Accuracy: 1.66
Training Epoch: 78/200	Train Loss: 0.0434	Val Accuracy: 1.6
Training Epoch: 79/200	Train Loss: 0.1338	Val Accuracy: 1.6
Training Epoch: 80/200	Train Loss: 0.1132	Val Accuracy: 1.54
Training Epoch: 81/200	Train Loss: 0.0362	Val Accuracy: 1.54
Training Epoch: 82/200	Train Loss: 0.061	Val Accuracy: 1.68
Training Epoch: 83/200	Train Loss: 0.115	Val Accuracy: 1.68
Training Epoch: 84/200	Train Loss: 0.0741	Val Accuracy: 1.8
Training Epoch: 85/200	Train Loss: 0.041	Val Accuracy: 1.8
Training Epoch: 86/200	Train Loss: 0.0207	Val Accuracy: 1.94
Training Epoch: 87/200	Train Loss: 0.0379	Val Accuracy: 1.94
Training Epoch: 88/200	Train Loss: 0.0723	Val Accuracy: 1.88
Training Epoch: 89/200	Train Loss: 0.0446	Val Accuracy: 1.88
Training Epoch: 90/200	Train Loss: 0.0401	Val Accuracy: 1.6
Training Epoch: 91/200	Train Loss: 0.0813	Val Accuracy: 1.6
Training Epoch: 92/200	Train Loss: 0.05	Val Accuracy: 1.6
Training Epoch: 93/200	Train Loss: 0.0297	Val Accuracy: 1.6
Training Epoch: 94/200	Train Loss: 0.0227	Val Accuracy: 1.58
Training Epoch: 95/200	Train Loss: 0.1088	Val Accuracy: 1.58
Training Epoch: 96/200	Train Loss: 0.2751	Val Accuracy: 1.54
Training Epoch: 97/200	Train Loss: 0.0797	Val Accuracy: 1.54
Training Epoch: 98/200	Train Loss: 0.0171	Val Accuracy: 1.82
Training Epoch: 99/200	Train Loss: 0.0433	Val Accuracy: 1.82
Training Epoch: 100/200	Train Loss: 0.0272	Val Accuracy: 1.8
Training Epoch: 101/200	Train Loss: 0.096	Val Accuracy: 1.8
Training Epoch: 102/200	Train Loss: 0.0286	Val Accuracy: 1.82
Training Epoch: 103/200	Train Loss: 0.0609	Val Accuracy: 1.82
Training Epoch: 104/200	Train Loss: 0.0457	Val Accuracy: 1.94
Training Epoch: 105/200	Train Loss: 0.059	Val Accuracy: 1.94
Training Epoch: 106/200	Train Loss: 0.0642	Val Accuracy: 1.8
Training Epoch: 107/200	Train Loss: 0.0609	Val Accuracy: 1.8
Training Epoch: 108/200	Train Loss: 0.1592	Val Accuracy: 2.02
Training Epoch: 109/200	Train Loss: 0.0448	Val Accuracy: 2.02
Training Epoch: 110/200	Train Loss: 0.025	Val Accuracy: 1.72
Training Epoch: 111/200	Train Loss: 0.0646	Val Accuracy: 1.72
Training Epoch: 112/200	Train Loss: 0.2196	Val Accuracy: 1.8
Training Epoch: 113/200	Train Loss: 0.017	Val Accuracy: 1.8
Training Epoch: 114/200	Train Loss: 0.1222	Val Accuracy: 1.68
Training Epoch: 115/200	Train Loss: 0.0788	Val Accuracy: 1.68
Training Epoch: 116/200	Train Loss: 0.0369	Val Accuracy: 1.64
Training Epoch: 117/200	Train Loss: 0.2257	Val Accuracy: 1.64
Training Epoch: 118/200	Train Loss: 0.1956	Val Accuracy: 1.68
Training Epoch: 119/200	Train Loss: 0.3194	Val Accuracy: 1.68
Training Epoch: 120/200	Train Loss: 0.1827	Val Accuracy: 1.56
Training Epoch: 121/200	Train Loss: 0.2179	Val Accuracy: 1.56
Training Epoch: 122/200	Train Loss: 0.0738	Val Accuracy: 1.68
Training Epoch: 123/200	Train Loss: 0.2654	Val Accuracy: 1.68
Training Epoch: 124/200	Train Loss: 0.219	Val Accuracy: 1.68
Training Epoch: 125/200	Train Loss: 0.1007	Val Accuracy: 1.68
Training Epoch: 126/200	Train Loss: 0.1725	Val Accuracy: 1.56
Training Epoch: 127/200	Train Loss: 0.1808	Val Accuracy: 1.56
Training Epoch: 128/200	Train Loss: 0.2117	Val Accuracy: 1.58
Training Epoch: 129/200	Train Loss: 0.1977	Val Accuracy: 1.58
Training Epoch: 130/200	Train Loss: 0.1179	Val Accuracy: 1.54
Training Epoch: 131/200	Train Loss: 0.0786	Val Accuracy: 1.54
Training Epoch: 132/200	Train Loss: 0.1441	Val Accuracy: 1.68
Training Epoch: 133/200	Train Loss: 0.205	Val Accuracy: 1.68
Training Epoch: 134/200	Train Loss: 0.1327	Val Accuracy: 1.6
Training Epoch: 135/200	Train Loss: 0.1064	Val Accuracy: 1.6
Training Epoch: 136/200	Train Loss: 0.0651	Val Accuracy: 1.64
Training Epoch: 137/200	Train Loss: 0.099	Val Accuracy: 1.64
Training Epoch: 138/200	Train Loss: 0.1237	Val Accuracy: 1.62
Training Epoch: 139/200	Train Loss: 0.0481	Val Accuracy: 1.62
Training Epoch: 140/200	Train Loss: 0.0572	Val Accuracy: 1.58
Training Epoch: 141/200	Train Loss: 0.1353	Val Accuracy: 1.58
Training Epoch: 142/200	Train Loss: 0.0688	Val Accuracy: 1.64
Training Epoch: 143/200	Train Loss: 0.1209	Val Accuracy: 1.64
Training Epoch: 144/200	Train Loss: 0.121	Val Accuracy: 1.46
Training Epoch: 145/200	Train Loss: 0.0997	Val Accuracy: 1.46
Training Epoch: 146/200	Train Loss: 0.0461	Val Accuracy: 1.38
Training Epoch: 147/200	Train Loss: 0.0527	Val Accuracy: 1.38
Training Epoch: 148/200	Train Loss: 0.0568	Val Accuracy: 1.56
Training Epoch: 149/200	Train Loss: 0.1187	Val Accuracy: 1.56
Training Epoch: 150/200	Train Loss: 0.1075	Val Accuracy: 1.32
Training Epoch: 151/200	Train Loss: 0.0369	Val Accuracy: 1.32
Training Epoch: 152/200	Train Loss: 0.0736	Val Accuracy: 1.46
Training Epoch: 153/200	Train Loss: 0.0482	Val Accuracy: 1.46
Training Epoch: 154/200	Train Loss: 0.0517	Val Accuracy: 1.6
Training Epoch: 155/200	Train Loss: 0.0435	Val Accuracy: 1.6
Training Epoch: 156/200	Train Loss: 0.0235	Val Accuracy: 1.6
Training Epoch: 157/200	Train Loss: 0.0566	Val Accuracy: 1.6
Training Epoch: 158/200	Train Loss: 0.0599	Val Accuracy: 1.42
Training Epoch: 159/200	Train Loss: 0.0189	Val Accuracy: 1.42
Training Epoch: 160/200	Train Loss: 0.0596	Val Accuracy: 1.5
Training Epoch: 161/200	Train Loss: 0.0409	Val Accuracy: 1.5
Training Epoch: 162/200	Train Loss: 0.0369	Val Accuracy: 1.44
Training Epoch: 163/200	Train Loss: 0.0196	Val Accuracy: 1.44
Training Epoch: 164/200	Train Loss: 0.068	Val Accuracy: 1.62
Training Epoch: 165/200	Train Loss: 0.0684	Val Accuracy: 1.62
Training Epoch: 166/200	Train Loss: 0.081	Val Accuracy: 1.68
Training Epoch: 167/200	Train Loss: 0.057	Val Accuracy: 1.68
Training Epoch: 168/200	Train Loss: 0.0461	Val Accuracy: 1.32
Training Epoch: 169/200	Train Loss: 0.101	Val Accuracy: 1.32
Training Epoch: 170/200	Train Loss: 0.0261	Val Accuracy: 1.5
Training Epoch: 171/200	Train Loss: 0.0861	Val Accuracy: 1.5
Training Epoch: 172/200	Train Loss: 0.0404	Val Accuracy: 1.52
Training Epoch: 173/200	Train Loss: 0.0177	Val Accuracy: 1.52
Training Epoch: 174/200	Train Loss: 0.0297	Val Accuracy: 1.72
Training Epoch: 175/200	Train Loss: 0.037	Val Accuracy: 1.72
Training Epoch: 176/200	Train Loss: 0.0251	Val Accuracy: 1.48
Training Epoch: 177/200	Train Loss: 0.0387	Val Accuracy: 1.48
Training Epoch: 178/200	Train Loss: 0.0159	Val Accuracy: 1.42
Training Epoch: 179/200	Train Loss: 0.0859	Val Accuracy: 1.42
Training Epoch: 180/200	Train Loss: 0.0511	Val Accuracy: 1.54
Training Epoch: 181/200	Train Loss: 0.034	Val Accuracy: 1.54
Training Epoch: 182/200	Train Loss: 0.0288	Val Accuracy: 1.42
Training Epoch: 183/200	Train Loss: 0.0351	Val Accuracy: 1.42
Training Epoch: 184/200	Train Loss: 0.0155	Val Accuracy: 1.46
Training Epoch: 185/200	Train Loss: 0.0152	Val Accuracy: 1.46
Training Epoch: 186/200	Train Loss: 0.0215	Val Accuracy: 1.6
Training Epoch: 187/200	Train Loss: 0.0514	Val Accuracy: 1.6
Training Epoch: 188/200	Train Loss: 0.0232	Val Accuracy: 1.64
Training Epoch: 189/200	Train Loss: 0.0161	Val Accuracy: 1.64
Training Epoch: 190/200	Train Loss: 0.0226	Val Accuracy: 1.72
Training Epoch: 191/200	Train Loss: 0.0431	Val Accuracy: 1.72
Training Epoch: 192/200	Train Loss: 0.0056	Val Accuracy: 1.82
Training Epoch: 193/200	Train Loss: 0.0141	Val Accuracy: 1.82
Training Epoch: 194/200	Train Loss: 0.0058	Val Accuracy: 1.76
Training Epoch: 195/200	Train Loss: 0.0148	Val Accuracy: 1.76
Training Epoch: 196/200	Train Loss: 0.0191	Val Accuracy: 1.74
Training Epoch: 197/200	Train Loss: 0.0539	Val Accuracy: 1.74
Training Epoch: 198/200	Train Loss: 0.0146	Val Accuracy: 1.56
Training Epoch: 199/200	Train Loss: 0.018	Val Accuracy: 1.56
Training Epoch: 200/200	Train Loss: 0.0394	Val Accuracy: 1.9

Wrote Best Model Checkpoint to: vlBest_acc_2_model_epoch_0108.pyth

Best Validation Accuracy: 2.02
Best Epoch: 108

======== TESTING ========

Test Accuracy: 1.54.

======== ACTIVE SAMPLING ========

len(uSetLoader): 949
u_ranks.shape: (94900,)
Active Sampling Complete. After Episode 1:
New Labeled Set: 150, New Unlabeled Set: 94850, Active Set: 50

================================


Current accuracy values:  [1.7900000000000063, 1.5400000000000063]
======== EPISODE 2 BEGINS ========

======== TRAINING ========
Training Epoch: 1/200	Train Loss: 5.1721	Val Accuracy: 0.0
Training Epoch: 2/200	Train Loss: 4.8119	Val Accuracy: 1.66
Training Epoch: 3/200	Train Loss: 3.6921	Val Accuracy: 1.66
Training Epoch: 4/200	Train Loss: 3.2586	Val Accuracy: 1.36
Training Epoch: 5/200	Train Loss: 2.5277	Val Accuracy: 1.36
Training Epoch: 6/200	Train Loss: 1.5802	Val Accuracy: 1.14
Training Epoch: 7/200	Train Loss: 1.7906	Val Accuracy: 1.14
Training Epoch: 8/200	Train Loss: 2.1495	Val Accuracy: 1.08
Training Epoch: 9/200	Train Loss: 1.3399	Val Accuracy: 1.08
Training Epoch: 10/200	Train Loss: 1.6839	Val Accuracy: 1.0
Training Epoch: 11/200	Train Loss: 0.918	Val Accuracy: 1.0
Training Epoch: 12/200	Train Loss: 1.2089	Val Accuracy: 0.88
Training Epoch: 13/200	Train Loss: 0.8187	Val Accuracy: 0.88
Training Epoch: 14/200	Train Loss: 0.641	Val Accuracy: 0.78
Training Epoch: 15/200	Train Loss: 0.7011	Val Accuracy: 0.78
Training Epoch: 16/200	Train Loss: 0.7953	Val Accuracy: 0.94
Training Epoch: 17/200	Train Loss: 0.8313	Val Accuracy: 0.94
Training Epoch: 18/200	Train Loss: 0.4048	Val Accuracy: 1.1
Training Epoch: 19/200	Train Loss: 0.4342	Val Accuracy: 1.1
Training Epoch: 20/200	Train Loss: 0.6254	Val Accuracy: 1.3
Training Epoch: 21/200	Train Loss: 0.4807	Val Accuracy: 1.3
Training Epoch: 22/200	Train Loss: 0.5831	Val Accuracy: 1.32
Training Epoch: 23/200	Train Loss: 0.5634	Val Accuracy: 1.32
Training Epoch: 24/200	Train Loss: 0.2693	Val Accuracy: 1.5
Training Epoch: 25/200	Train Loss: 0.3795	Val Accuracy: 1.5
Training Epoch: 26/200	Train Loss: 0.4177	Val Accuracy: 1.66
Training Epoch: 27/200	Train Loss: 0.4435	Val Accuracy: 1.66
Training Epoch: 28/200	Train Loss: 0.2824	Val Accuracy: 1.46
Training Epoch: 29/200	Train Loss: 0.3162	Val Accuracy: 1.46
Training Epoch: 30/200	Train Loss: 0.275	Val Accuracy: 1.52
Training Epoch: 31/200	Train Loss: 0.1736	Val Accuracy: 1.52
Training Epoch: 32/200	Train Loss: 0.2262	Val Accuracy: 1.9
Training Epoch: 33/200	Train Loss: 0.2018	Val Accuracy: 1.9
Training Epoch: 34/200	Train Loss: 0.1718	Val Accuracy: 1.78
Training Epoch: 35/200	Train Loss: 0.1674	Val Accuracy: 1.78
Training Epoch: 36/200	Train Loss: 0.217	Val Accuracy: 1.9
Training Epoch: 37/200	Train Loss: 0.2435	Val Accuracy: 1.9
Training Epoch: 38/200	Train Loss: 0.1009	Val Accuracy: 1.7
Training Epoch: 39/200	Train Loss: 0.1712	Val Accuracy: 1.7
Training Epoch: 40/200	Train Loss: 0.2558	Val Accuracy: 1.68
Training Epoch: 41/200	Train Loss: 0.1865	Val Accuracy: 1.68
Training Epoch: 42/200	Train Loss: 0.0932	Val Accuracy: 1.82
Training Epoch: 43/200	Train Loss: 0.2781	Val Accuracy: 1.82
Training Epoch: 44/200	Train Loss: 0.0923	Val Accuracy: 1.68
Training Epoch: 45/200	Train Loss: 0.1907	Val Accuracy: 1.68
Training Epoch: 46/200	Train Loss: 0.0807	Val Accuracy: 1.58
Training Epoch: 47/200	Train Loss: 0.1001	Val Accuracy: 1.58
Training Epoch: 48/200	Train Loss: 0.0905	Val Accuracy: 1.92
Training Epoch: 49/200	Train Loss: 0.1423	Val Accuracy: 1.92
Training Epoch: 50/200	Train Loss: 0.1209	Val Accuracy: 1.86
Training Epoch: 51/200	Train Loss: 0.0901	Val Accuracy: 1.86
Training Epoch: 52/200	Train Loss: 0.0887	Val Accuracy: 1.86
Training Epoch: 53/200	Train Loss: 0.0887	Val Accuracy: 1.86
Training Epoch: 54/200	Train Loss: 0.096	Val Accuracy: 1.78
Training Epoch: 55/200	Train Loss: 0.1754	Val Accuracy: 1.78
Training Epoch: 56/200	Train Loss: 0.118	Val Accuracy: 1.74
Training Epoch: 57/200	Train Loss: 0.1017	Val Accuracy: 1.74
Training Epoch: 58/200	Train Loss: 0.088	Val Accuracy: 1.74
Training Epoch: 59/200	Train Loss: 0.1294	Val Accuracy: 1.74
Training Epoch: 60/200	Train Loss: 0.0713	Val Accuracy: 1.6
Training Epoch: 61/200	Train Loss: 0.1138	Val Accuracy: 1.6
Training Epoch: 62/200	Train Loss: 0.0647	Val Accuracy: 1.84
Training Epoch: 63/200	Train Loss: 0.1252	Val Accuracy: 1.84
Training Epoch: 64/200	Train Loss: 0.0628	Val Accuracy: 1.96
Training Epoch: 65/200	Train Loss: 0.1211	Val Accuracy: 1.96
Training Epoch: 66/200	Train Loss: 0.0617	Val Accuracy: 1.9
Training Epoch: 67/200	Train Loss: 0.1115	Val Accuracy: 1.9
Training Epoch: 68/200	Train Loss: 0.1646	Val Accuracy: 1.8
Training Epoch: 69/200	Train Loss: 0.0746	Val Accuracy: 1.8
Training Epoch: 70/200	Train Loss: 0.2162	Val Accuracy: 2.02
Training Epoch: 71/200	Train Loss: 0.0787	Val Accuracy: 2.02
Training Epoch: 72/200	Train Loss: 0.0373	Val Accuracy: 1.62
Training Epoch: 73/200	Train Loss: 0.1126	Val Accuracy: 1.62
Training Epoch: 74/200	Train Loss: 0.0695	Val Accuracy: 1.78
Training Epoch: 75/200	Train Loss: 0.178	Val Accuracy: 1.78
Training Epoch: 76/200	Train Loss: 0.0885	Val Accuracy: 1.96
Training Epoch: 77/200	Train Loss: 0.1759	Val Accuracy: 1.96
Training Epoch: 78/200	Train Loss: 0.0793	Val Accuracy: 1.9
Training Epoch: 79/200	Train Loss: 0.0566	Val Accuracy: 1.9
Training Epoch: 80/200	Train Loss: 0.1175	Val Accuracy: 1.76
Training Epoch: 81/200	Train Loss: 0.1042	Val Accuracy: 1.76
Training Epoch: 82/200	Train Loss: 0.1414	Val Accuracy: 1.64
Training Epoch: 83/200	Train Loss: 0.1351	Val Accuracy: 1.64
Training Epoch: 84/200	Train Loss: 0.0743	Val Accuracy: 1.54
Training Epoch: 85/200	Train Loss: 0.104	Val Accuracy: 1.54
Training Epoch: 86/200	Train Loss: 0.1226	Val Accuracy: 1.46
Training Epoch: 87/200	Train Loss: 0.0606	Val Accuracy: 1.46
Training Epoch: 88/200	Train Loss: 0.2075	Val Accuracy: 1.36
Training Epoch: 89/200	Train Loss: 0.1377	Val Accuracy: 1.36
Training Epoch: 90/200	Train Loss: 0.113	Val Accuracy: 1.62
Training Epoch: 91/200	Train Loss: 0.1069	Val Accuracy: 1.62
Training Epoch: 92/200	Train Loss: 0.0621	Val Accuracy: 1.44
Training Epoch: 93/200	Train Loss: 0.0728	Val Accuracy: 1.44
Training Epoch: 94/200	Train Loss: 0.0878	Val Accuracy: 1.5
Training Epoch: 95/200	Train Loss: 0.1166	Val Accuracy: 1.5
Training Epoch: 96/200	Train Loss: 0.1052	Val Accuracy: 1.58
Training Epoch: 97/200	Train Loss: 0.0558	Val Accuracy: 1.58
Training Epoch: 98/200	Train Loss: 0.0172	Val Accuracy: 1.58
Training Epoch: 99/200	Train Loss: 0.0765	Val Accuracy: 1.58
Training Epoch: 100/200	Train Loss: 0.0255	Val Accuracy: 1.7
Training Epoch: 101/200	Train Loss: 0.0619	Val Accuracy: 1.7
Training Epoch: 102/200	Train Loss: 0.1074	Val Accuracy: 1.44
Training Epoch: 103/200	Train Loss: 0.0975	Val Accuracy: 1.44
Training Epoch: 104/200	Train Loss: 0.0187	Val Accuracy: 1.72
Training Epoch: 105/200	Train Loss: 0.0937	Val Accuracy: 1.72
Training Epoch: 106/200	Train Loss: 0.0738	Val Accuracy: 1.6
Training Epoch: 107/200	Train Loss: 0.0478	Val Accuracy: 1.6
Training Epoch: 108/200	Train Loss: 0.1255	Val Accuracy: 1.88
Training Epoch: 109/200	Train Loss: 0.0524	Val Accuracy: 1.88
Training Epoch: 110/200	Train Loss: 0.1024	Val Accuracy: 1.5
Training Epoch: 111/200	Train Loss: 0.1046	Val Accuracy: 1.5
Training Epoch: 112/200	Train Loss: 0.0684	Val Accuracy: 1.6
Training Epoch: 113/200	Train Loss: 0.0797	Val Accuracy: 1.6
Training Epoch: 114/200	Train Loss: 0.0726	Val Accuracy: 1.68
Training Epoch: 115/200	Train Loss: 0.0836	Val Accuracy: 1.68
Training Epoch: 116/200	Train Loss: 0.1391	Val Accuracy: 1.7
Training Epoch: 117/200	Train Loss: 0.0412	Val Accuracy: 1.7
Training Epoch: 118/200	Train Loss: 0.1508	Val Accuracy: 1.84
Training Epoch: 119/200	Train Loss: 0.0447	Val Accuracy: 1.84
Training Epoch: 120/200	Train Loss: 0.0494	Val Accuracy: 1.7
Training Epoch: 121/200	Train Loss: 0.0707	Val Accuracy: 1.7
Training Epoch: 122/200	Train Loss: 0.1282	Val Accuracy: 1.56
Training Epoch: 123/200	Train Loss: 0.1183	Val Accuracy: 1.56
Training Epoch: 124/200	Train Loss: 0.0859	Val Accuracy: 1.74
Training Epoch: 125/200	Train Loss: 0.0379	Val Accuracy: 1.74
Training Epoch: 126/200	Train Loss: 0.1006	Val Accuracy: 1.68
Training Epoch: 127/200	Train Loss: 0.06	Val Accuracy: 1.68
Training Epoch: 128/200	Train Loss: 0.0471	Val Accuracy: 1.64
Training Epoch: 129/200	Train Loss: 0.0725	Val Accuracy: 1.64
Training Epoch: 130/200	Train Loss: 0.0923	Val Accuracy: 1.58
Training Epoch: 131/200	Train Loss: 0.1109	Val Accuracy: 1.58
Training Epoch: 132/200	Train Loss: 0.1137	Val Accuracy: 1.62
Training Epoch: 133/200	Train Loss: 0.0643	Val Accuracy: 1.62
Training Epoch: 134/200	Train Loss: 0.0684	Val Accuracy: 1.52
Training Epoch: 135/200	Train Loss: 0.1482	Val Accuracy: 1.52
Training Epoch: 136/200	Train Loss: 0.1194	Val Accuracy: 1.64
Training Epoch: 137/200	Train Loss: 0.1802	Val Accuracy: 1.64
Training Epoch: 138/200	Train Loss: 0.0958	Val Accuracy: 1.7
Training Epoch: 139/200	Train Loss: 0.057	Val Accuracy: 1.7
Training Epoch: 140/200	Train Loss: 0.1056	Val Accuracy: 1.6
Training Epoch: 141/200	Train Loss: 0.0549	Val Accuracy: 1.6
Training Epoch: 142/200	Train Loss: 0.1594	Val Accuracy: 1.54
Training Epoch: 143/200	Train Loss: 0.1659	Val Accuracy: 1.54
Training Epoch: 144/200	Train Loss: 0.1356	Val Accuracy: 1.7
Training Epoch: 145/200	Train Loss: 0.15	Val Accuracy: 1.7
Training Epoch: 146/200	Train Loss: 0.1573	Val Accuracy: 1.88
Training Epoch: 147/200	Train Loss: 0.0412	Val Accuracy: 1.88
Training Epoch: 148/200	Train Loss: 0.0871	Val Accuracy: 1.58
Training Epoch: 149/200	Train Loss: 0.2337	Val Accuracy: 1.58
Training Epoch: 150/200	Train Loss: 0.1328	Val Accuracy: 2.0
Training Epoch: 151/200	Train Loss: 0.1192	Val Accuracy: 2.0
Training Epoch: 152/200	Train Loss: 0.1025	Val Accuracy: 1.86
Training Epoch: 153/200	Train Loss: 0.0787	Val Accuracy: 1.86
Training Epoch: 154/200	Train Loss: 0.0816	Val Accuracy: 2.1
Training Epoch: 155/200	Train Loss: 0.0541	Val Accuracy: 2.1
Training Epoch: 156/200	Train Loss: 0.1409	Val Accuracy: 1.96
Training Epoch: 157/200	Train Loss: 0.1111	Val Accuracy: 1.96
Training Epoch: 158/200	Train Loss: 0.106	Val Accuracy: 1.92
Training Epoch: 159/200	Train Loss: 0.131	Val Accuracy: 1.92
Training Epoch: 160/200	Train Loss: 0.0252	Val Accuracy: 1.96
Training Epoch: 161/200	Train Loss: 0.0575	Val Accuracy: 1.96
Training Epoch: 162/200	Train Loss: 0.157	Val Accuracy: 1.92
Training Epoch: 163/200	Train Loss: 0.0618	Val Accuracy: 1.92
Training Epoch: 164/200	Train Loss: 0.0443	Val Accuracy: 1.72
Training Epoch: 165/200	Train Loss: 0.0638	Val Accuracy: 1.72
Training Epoch: 166/200	Train Loss: 0.0981	Val Accuracy: 1.72
Training Epoch: 167/200	Train Loss: 0.053	Val Accuracy: 1.72
Training Epoch: 168/200	Train Loss: 0.0723	Val Accuracy: 1.74
Training Epoch: 169/200	Train Loss: 0.0398	Val Accuracy: 1.74
Training Epoch: 170/200	Train Loss: 0.0794	Val Accuracy: 1.76
Training Epoch: 171/200	Train Loss: 0.0692	Val Accuracy: 1.76
Training Epoch: 172/200	Train Loss: 0.0904	Val Accuracy: 1.74
Training Epoch: 173/200	Train Loss: 0.0148	Val Accuracy: 1.74
Training Epoch: 174/200	Train Loss: 0.1194	Val Accuracy: 1.82
Training Epoch: 175/200	Train Loss: 0.0467	Val Accuracy: 1.82
Training Epoch: 176/200	Train Loss: 0.1374	Val Accuracy: 1.44
Training Epoch: 177/200	Train Loss: 0.0507	Val Accuracy: 1.44
Training Epoch: 178/200	Train Loss: 0.1119	Val Accuracy: 1.78
Training Epoch: 179/200	Train Loss: 0.0403	Val Accuracy: 1.78
Training Epoch: 180/200	Train Loss: 0.0368	Val Accuracy: 1.86
Training Epoch: 181/200	Train Loss: 0.1148	Val Accuracy: 1.86
Training Epoch: 182/200	Train Loss: 0.0748	Val Accuracy: 1.66
Training Epoch: 183/200	Train Loss: 0.0857	Val Accuracy: 1.66
Training Epoch: 184/200	Train Loss: 0.0886	Val Accuracy: 1.72
Training Epoch: 185/200	Train Loss: 0.0868	Val Accuracy: 1.72
Training Epoch: 186/200	Train Loss: 0.0714	Val Accuracy: 1.9
Training Epoch: 187/200	Train Loss: 0.0222	Val Accuracy: 1.9
Training Epoch: 188/200	Train Loss: 0.1229	Val Accuracy: 2.02
Training Epoch: 189/200	Train Loss: 0.0426	Val Accuracy: 2.02
Training Epoch: 190/200	Train Loss: 0.0883	Val Accuracy: 1.96
Training Epoch: 191/200	Train Loss: 0.1439	Val Accuracy: 1.96
Training Epoch: 192/200	Train Loss: 0.1109	Val Accuracy: 1.9
Training Epoch: 193/200	Train Loss: 0.061	Val Accuracy: 1.9
Training Epoch: 194/200	Train Loss: 0.039	Val Accuracy: 1.76
Training Epoch: 195/200	Train Loss: 0.0895	Val Accuracy: 1.76
Training Epoch: 196/200	Train Loss: 0.0908	Val Accuracy: 1.84
Training Epoch: 197/200	Train Loss: 0.1757	Val Accuracy: 1.84
Training Epoch: 198/200	Train Loss: 0.0545	Val Accuracy: 1.54
Training Epoch: 199/200	Train Loss: 0.0719	Val Accuracy: 1.54
Training Epoch: 200/200	Train Loss: 0.0674	Val Accuracy: 1.78

Wrote Best Model Checkpoint to: vlBest_acc_2_model_epoch_0154.pyth

Best Validation Accuracy: 2.1
Best Epoch: 154

======== TESTING ========

Test Accuracy: 1.62.

======== ACTIVE SAMPLING ========

len(uSetLoader): 949
u_ranks.shape: (94850,)
Active Sampling Complete. After Episode 2:
New Labeled Set: 200, New Unlabeled Set: 94800, Active Set: 50

================================


Current accuracy values:  [1.7900000000000063, 1.5400000000000063, 1.6200000000000045]
======== EPISODE 3 BEGINS ========

======== TRAINING ========
Training Epoch: 1/200	Train Loss: 2.4428	Val Accuracy: 0.0
Training Epoch: 2/200	Train Loss: 2.4348	Val Accuracy: 1.76
Training Epoch: 3/200	Train Loss: 1.4985	Val Accuracy: 1.76
Training Epoch: 4/200	Train Loss: 1.3983	Val Accuracy: 1.5
Training Epoch: 5/200	Train Loss: 0.9631	Val Accuracy: 1.5
Training Epoch: 6/200	Train Loss: 0.873	Val Accuracy: 1.72
Training Epoch: 7/200	Train Loss: 0.8035	Val Accuracy: 1.72
Training Epoch: 8/200	Train Loss: 0.7455	Val Accuracy: 1.86
Training Epoch: 9/200	Train Loss: 0.7774	Val Accuracy: 1.86
Training Epoch: 10/200	Train Loss: 0.7031	Val Accuracy: 1.5
Training Epoch: 11/200	Train Loss: 0.2716	Val Accuracy: 1.5
Training Epoch: 12/200	Train Loss: 0.2768	Val Accuracy: 1.5
Training Epoch: 13/200	Train Loss: 0.3748	Val Accuracy: 1.5
Training Epoch: 14/200	Train Loss: 0.3747	Val Accuracy: 1.86
Training Epoch: 15/200	Train Loss: 0.2046	Val Accuracy: 1.86
Training Epoch: 16/200	Train Loss: 0.2889	Val Accuracy: 1.78
Training Epoch: 17/200	Train Loss: 0.2417	Val Accuracy: 1.78
Training Epoch: 18/200	Train Loss: 0.1215	Val Accuracy: 1.86
Training Epoch: 19/200	Train Loss: 0.1881	Val Accuracy: 1.86
Training Epoch: 20/200	Train Loss: 0.1419	Val Accuracy: 1.98
Training Epoch: 21/200	Train Loss: 0.1927	Val Accuracy: 1.98
Training Epoch: 22/200	Train Loss: 0.256	Val Accuracy: 1.98
Training Epoch: 23/200	Train Loss: 0.1277	Val Accuracy: 1.98
Training Epoch: 24/200	Train Loss: 0.1451	Val Accuracy: 1.86
Training Epoch: 25/200	Train Loss: 0.0683	Val Accuracy: 1.86
Training Epoch: 26/200	Train Loss: 0.243	Val Accuracy: 1.7
Training Epoch: 27/200	Train Loss: 0.1215	Val Accuracy: 1.7
Training Epoch: 28/200	Train Loss: 0.1201	Val Accuracy: 1.88
Training Epoch: 29/200	Train Loss: 0.1374	Val Accuracy: 1.88
Training Epoch: 30/200	Train Loss: 0.1203	Val Accuracy: 1.98
Training Epoch: 31/200	Train Loss: 0.1149	Val Accuracy: 1.98
Training Epoch: 32/200	Train Loss: 0.041	Val Accuracy: 1.82
Training Epoch: 33/200	Train Loss: 0.1158	Val Accuracy: 1.82
Training Epoch: 34/200	Train Loss: 0.0647	Val Accuracy: 1.76
Training Epoch: 35/200	Train Loss: 0.1002	Val Accuracy: 1.76
Training Epoch: 36/200	Train Loss: 0.0924	Val Accuracy: 1.86
Training Epoch: 37/200	Train Loss: 0.0806	Val Accuracy: 1.86
Training Epoch: 38/200	Train Loss: 0.0535	Val Accuracy: 2.0
Training Epoch: 39/200	Train Loss: 0.0712	Val Accuracy: 2.0
Training Epoch: 40/200	Train Loss: 0.1299	Val Accuracy: 2.1
Training Epoch: 41/200	Train Loss: 0.0681	Val Accuracy: 2.1
Training Epoch: 42/200	Train Loss: 0.0557	Val Accuracy: 1.98
Training Epoch: 43/200	Train Loss: 0.0652	Val Accuracy: 1.98
Training Epoch: 44/200	Train Loss: 0.0796	Val Accuracy: 1.96
Training Epoch: 45/200	Train Loss: 0.0745	Val Accuracy: 1.96
Training Epoch: 46/200	Train Loss: 0.0263	Val Accuracy: 2.06
Training Epoch: 47/200	Train Loss: 0.0636	Val Accuracy: 2.06
Training Epoch: 48/200	Train Loss: 0.0432	Val Accuracy: 1.98
Training Epoch: 49/200	Train Loss: 0.0212	Val Accuracy: 1.98
Training Epoch: 50/200	Train Loss: 0.0202	Val Accuracy: 2.12
Training Epoch: 51/200	Train Loss: 0.0327	Val Accuracy: 2.12
Training Epoch: 52/200	Train Loss: 0.0189	Val Accuracy: 2.02
Training Epoch: 53/200	Train Loss: 0.0591	Val Accuracy: 2.02
Training Epoch: 54/200	Train Loss: 0.0263	Val Accuracy: 1.96
Training Epoch: 55/200	Train Loss: 0.0323	Val Accuracy: 1.96
Training Epoch: 56/200	Train Loss: 0.0648	Val Accuracy: 1.92
Training Epoch: 57/200	Train Loss: 0.0347	Val Accuracy: 1.92
Training Epoch: 58/200	Train Loss: 0.0149	Val Accuracy: 1.94
Training Epoch: 59/200	Train Loss: 0.0325	Val Accuracy: 1.94
Training Epoch: 60/200	Train Loss: 0.0309	Val Accuracy: 2.18
Training Epoch: 61/200	Train Loss: 0.0221	Val Accuracy: 2.18
Training Epoch: 62/200	Train Loss: 0.0163	Val Accuracy: 2.0
Training Epoch: 63/200	Train Loss: 0.095	Val Accuracy: 2.0
Training Epoch: 64/200	Train Loss: 0.0404	Val Accuracy: 2.02
Training Epoch: 65/200	Train Loss: 0.0217	Val Accuracy: 2.02
Training Epoch: 66/200	Train Loss: 0.0217	Val Accuracy: 1.92
Training Epoch: 67/200	Train Loss: 0.0249	Val Accuracy: 1.92
Training Epoch: 68/200	Train Loss: 0.0229	Val Accuracy: 2.02
Training Epoch: 69/200	Train Loss: 0.0392	Val Accuracy: 2.02
Training Epoch: 70/200	Train Loss: 0.081	Val Accuracy: 1.92
Training Epoch: 71/200	Train Loss: 0.0358	Val Accuracy: 1.92
Training Epoch: 72/200	Train Loss: 0.093	Val Accuracy: 2.2
Training Epoch: 73/200	Train Loss: 0.0539	Val Accuracy: 2.2
Training Epoch: 74/200	Train Loss: 0.0373	Val Accuracy: 2.02
Training Epoch: 75/200	Train Loss: 0.0786	Val Accuracy: 2.02
Training Epoch: 76/200	Train Loss: 0.0343	Val Accuracy: 2.12
Training Epoch: 77/200	Train Loss: 0.0792	Val Accuracy: 2.12
Training Epoch: 78/200	Train Loss: 0.0481	Val Accuracy: 1.98
Training Epoch: 79/200	Train Loss: 0.0358	Val Accuracy: 1.98
Training Epoch: 80/200	Train Loss: 0.0388	Val Accuracy: 1.58
Training Epoch: 81/200	Train Loss: 0.1134	Val Accuracy: 1.58
Training Epoch: 82/200	Train Loss: 0.0592	Val Accuracy: 1.7
Training Epoch: 83/200	Train Loss: 0.0787	Val Accuracy: 1.7
Training Epoch: 84/200	Train Loss: 0.0544	Val Accuracy: 1.92
Training Epoch: 85/200	Train Loss: 0.085	Val Accuracy: 1.92
Training Epoch: 86/200	Train Loss: 0.0839	Val Accuracy: 2.3
Training Epoch: 87/200	Train Loss: 0.0501	Val Accuracy: 2.3
Training Epoch: 88/200	Train Loss: 0.0422	Val Accuracy: 2.28
Training Epoch: 89/200	Train Loss: 0.0385	Val Accuracy: 2.28
Training Epoch: 90/200	Train Loss: 0.1089	Val Accuracy: 2.34
Training Epoch: 91/200	Train Loss: 0.0441	Val Accuracy: 2.34
Training Epoch: 92/200	Train Loss: 0.049	Val Accuracy: 1.94
Training Epoch: 93/200	Train Loss: 0.1151	Val Accuracy: 1.94
Training Epoch: 94/200	Train Loss: 0.0425	Val Accuracy: 2.1
Training Epoch: 95/200	Train Loss: 0.0979	Val Accuracy: 2.1
Training Epoch: 96/200	Train Loss: 0.0916	Val Accuracy: 2.02
Training Epoch: 97/200	Train Loss: 0.0378	Val Accuracy: 2.02
Training Epoch: 98/200	Train Loss: 0.0593	Val Accuracy: 1.94
Training Epoch: 99/200	Train Loss: 0.0513	Val Accuracy: 1.94
Training Epoch: 100/200	Train Loss: 0.089	Val Accuracy: 1.98
Training Epoch: 101/200	Train Loss: 0.0753	Val Accuracy: 1.98
Training Epoch: 102/200	Train Loss: 0.0515	Val Accuracy: 1.86
Training Epoch: 103/200	Train Loss: 0.1179	Val Accuracy: 1.86
Training Epoch: 104/200	Train Loss: 0.1328	Val Accuracy: 1.98
Training Epoch: 105/200	Train Loss: 0.1391	Val Accuracy: 1.98
Training Epoch: 106/200	Train Loss: 0.081	Val Accuracy: 2.14
Training Epoch: 107/200	Train Loss: 0.2042	Val Accuracy: 2.14
Training Epoch: 108/200	Train Loss: 0.2178	Val Accuracy: 2.32
Training Epoch: 109/200	Train Loss: 0.1976	Val Accuracy: 2.32
Training Epoch: 110/200	Train Loss: 0.092	Val Accuracy: 2.48
Training Epoch: 111/200	Train Loss: 0.1608	Val Accuracy: 2.48
Training Epoch: 112/200	Train Loss: 0.1349	Val Accuracy: 2.16
Training Epoch: 113/200	Train Loss: 0.1411	Val Accuracy: 2.16
Training Epoch: 114/200	Train Loss: 0.2387	Val Accuracy: 2.38
Training Epoch: 115/200	Train Loss: 0.1386	Val Accuracy: 2.38
Training Epoch: 116/200	Train Loss: 0.1019	Val Accuracy: 2.1
Training Epoch: 117/200	Train Loss: 0.0947	Val Accuracy: 2.1
Training Epoch: 118/200	Train Loss: 0.0822	Val Accuracy: 2.28
Training Epoch: 119/200	Train Loss: 0.099	Val Accuracy: 2.28
Training Epoch: 120/200	Train Loss: 0.1478	Val Accuracy: 2.08
Training Epoch: 121/200	Train Loss: 0.1841	Val Accuracy: 2.08
Training Epoch: 122/200	Train Loss: 0.0541	Val Accuracy: 1.94
Training Epoch: 123/200	Train Loss: 0.202	Val Accuracy: 1.94
Training Epoch: 124/200	Train Loss: 0.059	Val Accuracy: 2.2
Training Epoch: 125/200	Train Loss: 0.1701	Val Accuracy: 2.2
Training Epoch: 126/200	Train Loss: 0.0703	Val Accuracy: 2.34
Training Epoch: 127/200	Train Loss: 0.1103	Val Accuracy: 2.34
Training Epoch: 128/200	Train Loss: 0.1402	Val Accuracy: 1.88
Training Epoch: 129/200	Train Loss: 0.1184	Val Accuracy: 1.88
Training Epoch: 130/200	Train Loss: 0.0971	Val Accuracy: 1.84
Training Epoch: 131/200	Train Loss: 0.1263	Val Accuracy: 1.84
Training Epoch: 132/200	Train Loss: 0.2099	Val Accuracy: 1.96
Training Epoch: 133/200	Train Loss: 0.0731	Val Accuracy: 1.96
Training Epoch: 134/200	Train Loss: 0.0826	Val Accuracy: 2.04
Training Epoch: 135/200	Train Loss: 0.0946	Val Accuracy: 2.04
Training Epoch: 136/200	Train Loss: 0.0709	Val Accuracy: 2.02
Training Epoch: 137/200	Train Loss: 0.0408	Val Accuracy: 2.02
Training Epoch: 138/200	Train Loss: 0.0538	Val Accuracy: 2.04
Training Epoch: 139/200	Train Loss: 0.0835	Val Accuracy: 2.04
Training Epoch: 140/200	Train Loss: 0.0736	Val Accuracy: 2.02
Training Epoch: 141/200	Train Loss: 0.0612	Val Accuracy: 2.02
Training Epoch: 142/200	Train Loss: 0.0553	Val Accuracy: 1.98
Training Epoch: 143/200	Train Loss: 0.0245	Val Accuracy: 1.98
Training Epoch: 144/200	Train Loss: 0.0575	Val Accuracy: 2.02
Training Epoch: 145/200	Train Loss: 0.0701	Val Accuracy: 2.02
Training Epoch: 146/200	Train Loss: 0.0269	Val Accuracy: 2.08
Training Epoch: 147/200	Train Loss: 0.0954	Val Accuracy: 2.08
Training Epoch: 148/200	Train Loss: 0.0513	Val Accuracy: 1.96
Training Epoch: 149/200	Train Loss: 0.0603	Val Accuracy: 1.96
Training Epoch: 150/200	Train Loss: 0.0677	Val Accuracy: 2.08
Training Epoch: 151/200	Train Loss: 0.0213	Val Accuracy: 2.08
Training Epoch: 152/200	Train Loss: 0.0504	Val Accuracy: 2.0
Training Epoch: 153/200	Train Loss: 0.1132	Val Accuracy: 2.0
Training Epoch: 154/200	Train Loss: 0.0581	Val Accuracy: 2.14
Training Epoch: 155/200	Train Loss: 0.0631	Val Accuracy: 2.14
Training Epoch: 156/200	Train Loss: 0.0828	Val Accuracy: 2.14
Training Epoch: 157/200	Train Loss: 0.0782	Val Accuracy: 2.14
Training Epoch: 158/200	Train Loss: 0.0718	Val Accuracy: 2.18
Training Epoch: 159/200	Train Loss: 0.0494	Val Accuracy: 2.18
Training Epoch: 160/200	Train Loss: 0.0318	Val Accuracy: 2.12
Training Epoch: 161/200	Train Loss: 0.0265	Val Accuracy: 2.12
Training Epoch: 162/200	Train Loss: 0.0635	Val Accuracy: 2.46
Training Epoch: 163/200	Train Loss: 0.0265	Val Accuracy: 2.46
Training Epoch: 164/200	Train Loss: 0.0616	Val Accuracy: 2.42
Training Epoch: 165/200	Train Loss: 0.0201	Val Accuracy: 2.42
Training Epoch: 166/200	Train Loss: 0.055	Val Accuracy: 2.42
Training Epoch: 167/200	Train Loss: 0.0248	Val Accuracy: 2.42
Training Epoch: 168/200	Train Loss: 0.029	Val Accuracy: 2.44
Training Epoch: 169/200	Train Loss: 0.0328	Val Accuracy: 2.44
Training Epoch: 170/200	Train Loss: 0.0314	Val Accuracy: 2.46
Training Epoch: 171/200	Train Loss: 0.0687	Val Accuracy: 2.46
Training Epoch: 172/200	Train Loss: 0.0126	Val Accuracy: 2.36
Training Epoch: 173/200	Train Loss: 0.0404	Val Accuracy: 2.36
Training Epoch: 174/200	Train Loss: 0.052	Val Accuracy: 2.26
Training Epoch: 175/200	Train Loss: 0.0189	Val Accuracy: 2.26
Training Epoch: 176/200	Train Loss: 0.0559	Val Accuracy: 2.16
Training Epoch: 177/200	Train Loss: 0.1502	Val Accuracy: 2.16
Training Epoch: 178/200	Train Loss: 0.0282	Val Accuracy: 2.06
Training Epoch: 179/200	Train Loss: 0.0335	Val Accuracy: 2.06
Training Epoch: 180/200	Train Loss: 0.0207	Val Accuracy: 2.34
Training Epoch: 181/200	Train Loss: 0.0726	Val Accuracy: 2.34
Training Epoch: 182/200	Train Loss: 0.0218	Val Accuracy: 2.14
Training Epoch: 183/200	Train Loss: 0.0167	Val Accuracy: 2.14
Training Epoch: 184/200	Train Loss: 0.0245	Val Accuracy: 1.98
Training Epoch: 185/200	Train Loss: 0.0212	Val Accuracy: 1.98
Training Epoch: 186/200	Train Loss: 0.0208	Val Accuracy: 2.1
Training Epoch: 187/200	Train Loss: 0.0101	Val Accuracy: 2.1
Training Epoch: 188/200	Train Loss: 0.0363	Val Accuracy: 1.9
Training Epoch: 189/200	Train Loss: 0.0861	Val Accuracy: 1.9
Training Epoch: 190/200	Train Loss: 0.0045	Val Accuracy: 1.98
Training Epoch: 191/200	Train Loss: 0.0444	Val Accuracy: 1.98
Training Epoch: 192/200	Train Loss: 0.0426	Val Accuracy: 2.22
Training Epoch: 193/200	Train Loss: 0.015	Val Accuracy: 2.22
Training Epoch: 194/200	Train Loss: 0.0589	Val Accuracy: 2.04
Training Epoch: 195/200	Train Loss: 0.0168	Val Accuracy: 2.04
Training Epoch: 196/200	Train Loss: 0.0571	Val Accuracy: 1.68
Training Epoch: 197/200	Train Loss: 0.0495	Val Accuracy: 1.68
Training Epoch: 198/200	Train Loss: 0.0186	Val Accuracy: 1.86
Training Epoch: 199/200	Train Loss: 0.0671	Val Accuracy: 1.86
Training Epoch: 200/200	Train Loss: 0.0431	Val Accuracy: 1.86

Wrote Best Model Checkpoint to: vlBest_acc_2_model_epoch_0110.pyth

Best Validation Accuracy: 2.48
Best Epoch: 110

======== TESTING ========

Test Accuracy: 1.97.

======== ACTIVE SAMPLING ========

len(uSetLoader): 948
u_ranks.shape: (94800,)
Active Sampling Complete. After Episode 3:
New Labeled Set: 250, New Unlabeled Set: 94750, Active Set: 50

================================


Current accuracy values:  [1.7900000000000063, 1.5400000000000063, 1.6200000000000045, 1.9699999999999989]
======== EPISODE 4 BEGINS ========

======== TRAINING ========
Training Epoch: 1/200	Train Loss: 2.5462	Val Accuracy: 0.0
Training Epoch: 2/200	Train Loss: 1.7206	Val Accuracy: 1.84
Training Epoch: 3/200	Train Loss: 0.9726	Val Accuracy: 1.84
Training Epoch: 4/200	Train Loss: 1.087	Val Accuracy: 1.52
Training Epoch: 5/200	Train Loss: 0.729	Val Accuracy: 1.52
Training Epoch: 6/200	Train Loss: 0.9166	Val Accuracy: 1.46
Training Epoch: 7/200	Train Loss: 0.6532	Val Accuracy: 1.46
Training Epoch: 8/200	Train Loss: 0.5209	Val Accuracy: 1.54
Training Epoch: 9/200	Train Loss: 0.6498	Val Accuracy: 1.54
Training Epoch: 10/200	Train Loss: 0.4377	Val Accuracy: 1.82
Training Epoch: 11/200	Train Loss: 0.48	Val Accuracy: 1.82
Training Epoch: 12/200	Train Loss: 0.4211	Val Accuracy: 2.3
Training Epoch: 13/200	Train Loss: 0.4415	Val Accuracy: 2.3
Training Epoch: 14/200	Train Loss: 0.3019	Val Accuracy: 2.0
Training Epoch: 15/200	Train Loss: 0.2751	Val Accuracy: 2.0
Training Epoch: 16/200	Train Loss: 0.2836	Val Accuracy: 2.2
Training Epoch: 17/200	Train Loss: 0.3229	Val Accuracy: 2.2
Training Epoch: 18/200	Train Loss: 0.2046	Val Accuracy: 2.26
Training Epoch: 19/200	Train Loss: 0.2007	Val Accuracy: 2.26
Training Epoch: 20/200	Train Loss: 0.1944	Val Accuracy: 2.08
Training Epoch: 21/200	Train Loss: 0.1505	Val Accuracy: 2.08
Training Epoch: 22/200	Train Loss: 0.2633	Val Accuracy: 2.0
Training Epoch: 23/200	Train Loss: 0.1368	Val Accuracy: 2.0
Training Epoch: 24/200	Train Loss: 0.1306	Val Accuracy: 1.9
Training Epoch: 25/200	Train Loss: 0.1704	Val Accuracy: 1.9
Training Epoch: 26/200	Train Loss: 0.1623	Val Accuracy: 2.2
Training Epoch: 27/200	Train Loss: 0.106	Val Accuracy: 2.2
Training Epoch: 28/200	Train Loss: 0.1102	Val Accuracy: 1.9
Training Epoch: 29/200	Train Loss: 0.138	Val Accuracy: 1.9
Training Epoch: 30/200	Train Loss: 0.1618	Val Accuracy: 2.46
Training Epoch: 31/200	Train Loss: 0.101	Val Accuracy: 2.46
Training Epoch: 32/200	Train Loss: 0.0404	Val Accuracy: 2.34
Training Epoch: 33/200	Train Loss: 0.0712	Val Accuracy: 2.34
Training Epoch: 34/200	Train Loss: 0.1215	Val Accuracy: 2.32
Training Epoch: 35/200	Train Loss: 0.0933	Val Accuracy: 2.32
Training Epoch: 36/200	Train Loss: 0.0871	Val Accuracy: 1.7
Training Epoch: 37/200	Train Loss: 0.0968	Val Accuracy: 1.7
Training Epoch: 38/200	Train Loss: 0.044	Val Accuracy: 1.68
Training Epoch: 39/200	Train Loss: 0.0721	Val Accuracy: 1.68
Training Epoch: 40/200	Train Loss: 0.0487	Val Accuracy: 2.02
Training Epoch: 41/200	Train Loss: 0.0809	Val Accuracy: 2.02
Training Epoch: 42/200	Train Loss: 0.0353	Val Accuracy: 2.2
Training Epoch: 43/200	Train Loss: 0.1007	Val Accuracy: 2.2
Training Epoch: 44/200	Train Loss: 0.0873	Val Accuracy: 2.28
Training Epoch: 45/200	Train Loss: 0.0615	Val Accuracy: 2.28
Training Epoch: 46/200	Train Loss: 0.0581	Val Accuracy: 2.04
Training Epoch: 47/200	Train Loss: 0.0567	Val Accuracy: 2.04
Training Epoch: 48/200	Train Loss: 0.0645	Val Accuracy: 2.26
Training Epoch: 49/200	Train Loss: 0.052	Val Accuracy: 2.26
Training Epoch: 50/200	Train Loss: 0.0449	Val Accuracy: 2.26
Training Epoch: 51/200	Train Loss: 0.1041	Val Accuracy: 2.26
Training Epoch: 52/200	Train Loss: 0.0688	Val Accuracy: 2.28
Training Epoch: 53/200	Train Loss: 0.0565	Val Accuracy: 2.28
Training Epoch: 54/200	Train Loss: 0.0616	Val Accuracy: 2.24
Training Epoch: 55/200	Train Loss: 0.0803	Val Accuracy: 2.24
Training Epoch: 56/200	Train Loss: 0.0453	Val Accuracy: 2.24
Training Epoch: 57/200	Train Loss: 0.0649	Val Accuracy: 2.24
Training Epoch: 58/200	Train Loss: 0.0226	Val Accuracy: 2.26
Training Epoch: 59/200	Train Loss: 0.0821	Val Accuracy: 2.26
Training Epoch: 60/200	Train Loss: 0.0605	Val Accuracy: 2.56
Training Epoch: 61/200	Train Loss: 0.0423	Val Accuracy: 2.56
Training Epoch: 62/200	Train Loss: 0.0737	Val Accuracy: 2.5
Training Epoch: 63/200	Train Loss: 0.1062	Val Accuracy: 2.5
Training Epoch: 64/200	Train Loss: 0.1157	Val Accuracy: 2.52
Training Epoch: 65/200	Train Loss: 0.0494	Val Accuracy: 2.52
Training Epoch: 66/200	Train Loss: 0.0287	Val Accuracy: 2.32
Training Epoch: 67/200	Train Loss: 0.0472	Val Accuracy: 2.32
Training Epoch: 68/200	Train Loss: 0.0924	Val Accuracy: 2.2
Training Epoch: 69/200	Train Loss: 0.0633	Val Accuracy: 2.2
Training Epoch: 70/200	Train Loss: 0.0683	Val Accuracy: 2.38
Training Epoch: 71/200	Train Loss: 0.0337	Val Accuracy: 2.38
Training Epoch: 72/200	Train Loss: 0.0779	Val Accuracy: 2.38
Training Epoch: 73/200	Train Loss: 0.0773	Val Accuracy: 2.38
Training Epoch: 74/200	Train Loss: 0.117	Val Accuracy: 2.22
Training Epoch: 75/200	Train Loss: 0.0494	Val Accuracy: 2.22
Training Epoch: 76/200	Train Loss: 0.1043	Val Accuracy: 2.0
Training Epoch: 77/200	Train Loss: 0.1439	Val Accuracy: 2.0
Training Epoch: 78/200	Train Loss: 0.0582	Val Accuracy: 2.08
Training Epoch: 79/200	Train Loss: 0.0437	Val Accuracy: 2.08
Training Epoch: 80/200	Train Loss: 0.1104	Val Accuracy: 2.12
Training Epoch: 81/200	Train Loss: 0.0878	Val Accuracy: 2.12
Training Epoch: 82/200	Train Loss: 0.1027	Val Accuracy: 2.14
Training Epoch: 83/200	Train Loss: 0.06	Val Accuracy: 2.14
Training Epoch: 84/200	Train Loss: 0.0645	Val Accuracy: 2.2
Training Epoch: 85/200	Train Loss: 0.0632	Val Accuracy: 2.2
Training Epoch: 86/200	Train Loss: 0.0445	Val Accuracy: 2.4
Training Epoch: 87/200	Train Loss: 0.0574	Val Accuracy: 2.4
Training Epoch: 88/200	Train Loss: 0.0337	Val Accuracy: 2.32
Training Epoch: 89/200	Train Loss: 0.0553	Val Accuracy: 2.32
Training Epoch: 90/200	Train Loss: 0.0707	Val Accuracy: 2.38
Training Epoch: 91/200	Train Loss: 0.042	Val Accuracy: 2.38
Training Epoch: 92/200	Train Loss: 0.1057	Val Accuracy: 2.16
Training Epoch: 93/200	Train Loss: 0.0502	Val Accuracy: 2.16
Training Epoch: 94/200	Train Loss: 0.0566	Val Accuracy: 2.06
Training Epoch: 95/200	Train Loss: 0.0413	Val Accuracy: 2.06
Training Epoch: 96/200	Train Loss: 0.0298	Val Accuracy: 2.04
Training Epoch: 97/200	Train Loss: 0.0425	Val Accuracy: 2.04
Training Epoch: 98/200	Train Loss: 0.0258	Val Accuracy: 1.96
Training Epoch: 99/200	Train Loss: 0.0959	Val Accuracy: 1.96
Training Epoch: 100/200	Train Loss: 0.0399	Val Accuracy: 1.96
Training Epoch: 101/200	Train Loss: 0.02	Val Accuracy: 1.96
Training Epoch: 102/200	Train Loss: 0.0629	Val Accuracy: 2.02
Training Epoch: 103/200	Train Loss: 0.0658	Val Accuracy: 2.02
Training Epoch: 104/200	Train Loss: 0.0696	Val Accuracy: 2.08
Training Epoch: 105/200	Train Loss: 0.0357	Val Accuracy: 2.08
Training Epoch: 106/200	Train Loss: 0.056	Val Accuracy: 2.4
Training Epoch: 107/200	Train Loss: 0.0392	Val Accuracy: 2.4
Training Epoch: 108/200	Train Loss: 0.05	Val Accuracy: 2.18
Training Epoch: 109/200	Train Loss: 0.0326	Val Accuracy: 2.18
Training Epoch: 110/200	Train Loss: 0.0489	Val Accuracy: 2.12
Training Epoch: 111/200	Train Loss: 0.0847	Val Accuracy: 2.12
Training Epoch: 112/200	Train Loss: 0.1278	Val Accuracy: 2.06
Training Epoch: 113/200	Train Loss: 0.0814	Val Accuracy: 2.06
Training Epoch: 114/200	Train Loss: 0.0423	Val Accuracy: 2.14
Training Epoch: 115/200	Train Loss: 0.0656	Val Accuracy: 2.14
Training Epoch: 116/200	Train Loss: 0.0881	Val Accuracy: 1.84
Training Epoch: 117/200	Train Loss: 0.069	Val Accuracy: 1.84
Training Epoch: 118/200	Train Loss: 0.035	Val Accuracy: 1.7
Training Epoch: 119/200	Train Loss: 0.1157	Val Accuracy: 1.7
Training Epoch: 120/200	Train Loss: 0.0905	Val Accuracy: 2.02
Training Epoch: 121/200	Train Loss: 0.0814	Val Accuracy: 2.02
Training Epoch: 122/200	Train Loss: 0.1341	Val Accuracy: 1.98
Training Epoch: 123/200	Train Loss: 0.1599	Val Accuracy: 1.98
Training Epoch: 124/200	Train Loss: 0.0956	Val Accuracy: 2.0
Training Epoch: 125/200	Train Loss: 0.1259	Val Accuracy: 2.0
Training Epoch: 126/200	Train Loss: 0.1323	Val Accuracy: 2.38
Training Epoch: 127/200	Train Loss: 0.0666	Val Accuracy: 2.38
Training Epoch: 128/200	Train Loss: 0.0403	Val Accuracy: 1.82
Training Epoch: 129/200	Train Loss: 0.0551	Val Accuracy: 1.82
Training Epoch: 130/200	Train Loss: 0.1275	Val Accuracy: 1.76
Training Epoch: 131/200	Train Loss: 0.1351	Val Accuracy: 1.76
Training Epoch: 132/200	Train Loss: 0.059	Val Accuracy: 1.86
Training Epoch: 133/200	Train Loss: 0.0721	Val Accuracy: 1.86
Training Epoch: 134/200	Train Loss: 0.0641	Val Accuracy: 2.18
Training Epoch: 135/200	Train Loss: 0.1252	Val Accuracy: 2.18
Training Epoch: 136/200	Train Loss: 0.0648	Val Accuracy: 2.2
Training Epoch: 137/200	Train Loss: 0.0223	Val Accuracy: 2.2
Training Epoch: 138/200	Train Loss: 0.1168	Val Accuracy: 2.22
Training Epoch: 139/200	Train Loss: 0.0993	Val Accuracy: 2.22
Training Epoch: 140/200	Train Loss: 0.0747	Val Accuracy: 2.22
Training Epoch: 141/200	Train Loss: 0.1059	Val Accuracy: 2.22
Training Epoch: 142/200	Train Loss: 0.1441	Val Accuracy: 2.52
Training Epoch: 143/200	Train Loss: 0.0655	Val Accuracy: 2.52
Training Epoch: 144/200	Train Loss: 0.052	Val Accuracy: 2.4
Training Epoch: 145/200	Train Loss: 0.0633	Val Accuracy: 2.4
Training Epoch: 146/200	Train Loss: 0.0802	Val Accuracy: 2.34
Training Epoch: 147/200	Train Loss: 0.0653	Val Accuracy: 2.34
Training Epoch: 148/200	Train Loss: 0.0737	Val Accuracy: 2.26
Training Epoch: 149/200	Train Loss: 0.0314	Val Accuracy: 2.26
Training Epoch: 150/200	Train Loss: 0.1632	Val Accuracy: 2.38
Training Epoch: 151/200	Train Loss: 0.0756	Val Accuracy: 2.38
Training Epoch: 152/200	Train Loss: 0.1344	Val Accuracy: 2.18
Training Epoch: 153/200	Train Loss: 0.0489	Val Accuracy: 2.18
Training Epoch: 154/200	Train Loss: 0.0745	Val Accuracy: 2.1
Training Epoch: 155/200	Train Loss: 0.0906	Val Accuracy: 2.1
Training Epoch: 156/200	Train Loss: 0.0927	Val Accuracy: 2.06
Training Epoch: 157/200	Train Loss: 0.0301	Val Accuracy: 2.06
Training Epoch: 158/200	Train Loss: 0.0444	Val Accuracy: 2.22
Training Epoch: 159/200	Train Loss: 0.0265	Val Accuracy: 2.22
Training Epoch: 160/200	Train Loss: 0.0388	Val Accuracy: 2.22
Training Epoch: 161/200	Train Loss: 0.062	Val Accuracy: 2.22
Training Epoch: 162/200	Train Loss: 0.034	Val Accuracy: 2.48
Training Epoch: 163/200	Train Loss: 0.034	Val Accuracy: 2.48
Training Epoch: 164/200	Train Loss: 0.0608	Val Accuracy: 2.54
Training Epoch: 165/200	Train Loss: 0.0266	Val Accuracy: 2.54
Training Epoch: 166/200	Train Loss: 0.0414	Val Accuracy: 2.5
Training Epoch: 167/200	Train Loss: 0.0508	Val Accuracy: 2.5
Training Epoch: 168/200	Train Loss: 0.0141	Val Accuracy: 2.48
Training Epoch: 169/200	Train Loss: 0.0228	Val Accuracy: 2.48
Training Epoch: 170/200	Train Loss: 0.1108	Val Accuracy: 2.28
Training Epoch: 171/200	Train Loss: 0.0504	Val Accuracy: 2.28
Training Epoch: 172/200	Train Loss: 0.0361	Val Accuracy: 2.3
Training Epoch: 173/200	Train Loss: 0.1207	Val Accuracy: 2.3
Training Epoch: 174/200	Train Loss: 0.0306	Val Accuracy: 2.1
Training Epoch: 175/200	Train Loss: 0.0245	Val Accuracy: 2.1
Training Epoch: 176/200	Train Loss: 0.0345	Val Accuracy: 2.04
Training Epoch: 177/200	Train Loss: 0.0373	Val Accuracy: 2.04
Training Epoch: 178/200	Train Loss: 0.0372	Val Accuracy: 2.28
Training Epoch: 179/200	Train Loss: 0.0232	Val Accuracy: 2.28
Training Epoch: 180/200	Train Loss: 0.0532	Val Accuracy: 2.04
Training Epoch: 181/200	Train Loss: 0.0757	Val Accuracy: 2.04
Training Epoch: 182/200	Train Loss: 0.048	Val Accuracy: 1.98
Training Epoch: 183/200	Train Loss: 0.0733	Val Accuracy: 1.98
Training Epoch: 184/200	Train Loss: 0.0767	Val Accuracy: 2.22
Training Epoch: 185/200	Train Loss: 0.0436	Val Accuracy: 2.22
Training Epoch: 186/200	Train Loss: 0.0625	Val Accuracy: 2.14
Training Epoch: 187/200	Train Loss: 0.0309	Val Accuracy: 2.14
Training Epoch: 188/200	Train Loss: 0.0951	Val Accuracy: 2.28
Training Epoch: 189/200	Train Loss: 0.074	Val Accuracy: 2.28
Training Epoch: 190/200	Train Loss: 0.0521	Val Accuracy: 2.32
Training Epoch: 191/200	Train Loss: 0.0436	Val Accuracy: 2.32
Training Epoch: 192/200	Train Loss: 0.1827	Val Accuracy: 2.12
Training Epoch: 193/200	Train Loss: 0.034	Val Accuracy: 2.12
Training Epoch: 194/200	Train Loss: 0.1522	Val Accuracy: 2.18
Training Epoch: 195/200	Train Loss: 0.0627	Val Accuracy: 2.18
Training Epoch: 196/200	Train Loss: 0.0887	Val Accuracy: 2.04
Training Epoch: 197/200	Train Loss: 0.0884	Val Accuracy: 2.04
Training Epoch: 198/200	Train Loss: 0.0405	Val Accuracy: 2.1
Training Epoch: 199/200	Train Loss: 0.0983	Val Accuracy: 2.1
Training Epoch: 200/200	Train Loss: 0.056	Val Accuracy: 2.04

Wrote Best Model Checkpoint to: vlBest_acc_2_model_epoch_0060.pyth

Best Validation Accuracy: 2.56
Best Epoch: 60

======== TESTING ========

Test Accuracy: 2.06.

======== ACTIVE SAMPLING ========

len(uSetLoader): 948
u_ranks.shape: (94750,)
Active Sampling Complete. After Episode 4:
New Labeled Set: 300, New Unlabeled Set: 94700, Active Set: 50

================================


Current accuracy values:  [1.7900000000000063, 1.5400000000000063, 1.6200000000000045, 1.9699999999999989, 2.0600000000000023]
======== EPISODE 5 BEGINS ========

======== TRAINING ========
Training Epoch: 1/200	Train Loss: 1.4591	Val Accuracy: 0.0
Training Epoch: 2/200	Train Loss: 1.2438	Val Accuracy: 2.02
Training Epoch: 3/200	Train Loss: 0.9103	Val Accuracy: 2.02
Training Epoch: 4/200	Train Loss: 0.6987	Val Accuracy: 1.9
Training Epoch: 5/200	Train Loss: 0.7213	Val Accuracy: 1.9
Training Epoch: 6/200	Train Loss: 0.5152	Val Accuracy: 1.9
Training Epoch: 7/200	Train Loss: 0.5378	Val Accuracy: 1.9
Training Epoch: 8/200	Train Loss: 0.4012	Val Accuracy: 2.18
Training Epoch: 9/200	Train Loss: 0.2495	Val Accuracy: 2.18
Training Epoch: 10/200	Train Loss: 0.397	Val Accuracy: 1.74
Training Epoch: 11/200	Train Loss: 0.1766	Val Accuracy: 1.74
Training Epoch: 12/200	Train Loss: 0.2184	Val Accuracy: 2.34
Training Epoch: 13/200	Train Loss: 0.138	Val Accuracy: 2.34
Training Epoch: 14/200	Train Loss: 0.2784	Val Accuracy: 2.14
Training Epoch: 15/200	Train Loss: 0.0837	Val Accuracy: 2.14
Training Epoch: 16/200	Train Loss: 0.1558	Val Accuracy: 2.5
Training Epoch: 17/200	Train Loss: 0.1488	Val Accuracy: 2.5
Training Epoch: 18/200	Train Loss: 0.1523	Val Accuracy: 2.4
Training Epoch: 19/200	Train Loss: 0.1152	Val Accuracy: 2.4
Training Epoch: 20/200	Train Loss: 0.1466	Val Accuracy: 2.18
Training Epoch: 21/200	Train Loss: 0.1303	Val Accuracy: 2.18
Training Epoch: 22/200	Train Loss: 0.19	Val Accuracy: 2.16
Training Epoch: 23/200	Train Loss: 0.0499	Val Accuracy: 2.16
Training Epoch: 24/200	Train Loss: 0.0881	Val Accuracy: 2.22
Training Epoch: 25/200	Train Loss: 0.1208	Val Accuracy: 2.22
Training Epoch: 26/200	Train Loss: 0.0926	Val Accuracy: 2.38
Training Epoch: 27/200	Train Loss: 0.0603	Val Accuracy: 2.38
Training Epoch: 28/200	Train Loss: 0.0575	Val Accuracy: 2.34
Training Epoch: 29/200	Train Loss: 0.0568	Val Accuracy: 2.34
Training Epoch: 30/200	Train Loss: 0.0341	Val Accuracy: 2.16
Training Epoch: 31/200	Train Loss: 0.0498	Val Accuracy: 2.16
Training Epoch: 32/200	Train Loss: 0.0767	Val Accuracy: 2.5
Training Epoch: 33/200	Train Loss: 0.0149	Val Accuracy: 2.5
Training Epoch: 34/200	Train Loss: 0.0246	Val Accuracy: 2.3
Training Epoch: 35/200	Train Loss: 0.051	Val Accuracy: 2.3
Training Epoch: 36/200	Train Loss: 0.0656	Val Accuracy: 2.28
Training Epoch: 37/200	Train Loss: 0.0239	Val Accuracy: 2.28
Training Epoch: 38/200	Train Loss: 0.1022	Val Accuracy: 2.44
Training Epoch: 39/200	Train Loss: 0.0974	Val Accuracy: 2.44
Training Epoch: 40/200	Train Loss: 0.0483	Val Accuracy: 2.34
Training Epoch: 41/200	Train Loss: 0.0526	Val Accuracy: 2.34
Training Epoch: 42/200	Train Loss: 0.1058	Val Accuracy: 2.44
Training Epoch: 43/200	Train Loss: 0.19	Val Accuracy: 2.44
Training Epoch: 44/200	Train Loss: 0.0419	Val Accuracy: 2.26
Training Epoch: 45/200	Train Loss: 0.1069	Val Accuracy: 2.26
Training Epoch: 46/200	Train Loss: 0.0947	Val Accuracy: 2.24
Training Epoch: 47/200	Train Loss: 0.09	Val Accuracy: 2.24
Training Epoch: 48/200	Train Loss: 0.0841	Val Accuracy: 2.26
Training Epoch: 49/200	Train Loss: 0.1195	Val Accuracy: 2.26
Training Epoch: 50/200	Train Loss: 0.0539	Val Accuracy: 1.9
Training Epoch: 51/200	Train Loss: 0.0361	Val Accuracy: 1.9
Training Epoch: 52/200	Train Loss: 0.102	Val Accuracy: 2.08
Training Epoch: 53/200	Train Loss: 0.0656	Val Accuracy: 2.08
Training Epoch: 54/200	Train Loss: 0.1143	Val Accuracy: 2.26
Training Epoch: 55/200	Train Loss: 0.0666	Val Accuracy: 2.26
Training Epoch: 56/200	Train Loss: 0.098	Val Accuracy: 2.54
Training Epoch: 57/200	Train Loss: 0.1176	Val Accuracy: 2.54
Training Epoch: 58/200	Train Loss: 0.1288	Val Accuracy: 2.34
Training Epoch: 59/200	Train Loss: 0.223	Val Accuracy: 2.34
Training Epoch: 60/200	Train Loss: 0.0348	Val Accuracy: 2.58
Training Epoch: 61/200	Train Loss: 0.3187	Val Accuracy: 2.58
Training Epoch: 62/200	Train Loss: 0.1457	Val Accuracy: 2.26
Training Epoch: 63/200	Train Loss: 0.0854	Val Accuracy: 2.26
Training Epoch: 64/200	Train Loss: 0.0829	Val Accuracy: 2.14
Training Epoch: 65/200	Train Loss: 0.0626	Val Accuracy: 2.14
Training Epoch: 66/200	Train Loss: 0.1278	Val Accuracy: 2.48
Training Epoch: 67/200	Train Loss: 0.1193	Val Accuracy: 2.48
Training Epoch: 68/200	Train Loss: 0.1123	Val Accuracy: 2.22
Training Epoch: 69/200	Train Loss: 0.1255	Val Accuracy: 2.22
Training Epoch: 70/200	Train Loss: 0.1025	Val Accuracy: 2.38
Training Epoch: 71/200	Train Loss: 0.0713	Val Accuracy: 2.38
Training Epoch: 72/200	Train Loss: 0.1223	Val Accuracy: 2.38
Training Epoch: 73/200	Train Loss: 0.1223	Val Accuracy: 2.38
Training Epoch: 74/200	Train Loss: 0.049	Val Accuracy: 2.06
Training Epoch: 75/200	Train Loss: 0.0494	Val Accuracy: 2.06
Training Epoch: 76/200	Train Loss: 0.0762	Val Accuracy: 2.3
Training Epoch: 77/200	Train Loss: 0.1004	Val Accuracy: 2.3
Training Epoch: 78/200	Train Loss: 0.0339	Val Accuracy: 2.52
Training Epoch: 79/200	Train Loss: 0.1108	Val Accuracy: 2.52
Training Epoch: 80/200	Train Loss: 0.0562	Val Accuracy: 2.48
Training Epoch: 81/200	Train Loss: 0.0445	Val Accuracy: 2.48
Training Epoch: 82/200	Train Loss: 0.0541	Val Accuracy: 2.44
Training Epoch: 83/200	Train Loss: 0.0658	Val Accuracy: 2.44
Training Epoch: 84/200	Train Loss: 0.0756	Val Accuracy: 2.36
Training Epoch: 85/200	Train Loss: 0.0446	Val Accuracy: 2.36
Training Epoch: 86/200	Train Loss: 0.0473	Val Accuracy: 2.36
Training Epoch: 87/200	Train Loss: 0.0359	Val Accuracy: 2.36
Training Epoch: 88/200	Train Loss: 0.0235	Val Accuracy: 2.24
Training Epoch: 89/200	Train Loss: 0.0421	Val Accuracy: 2.24
Training Epoch: 90/200	Train Loss: 0.0642	Val Accuracy: 2.66
Training Epoch: 91/200	Train Loss: 0.0436	Val Accuracy: 2.66
Training Epoch: 92/200	Train Loss: 0.0477	Val Accuracy: 2.44
Training Epoch: 93/200	Train Loss: 0.0625	Val Accuracy: 2.44
Training Epoch: 94/200	Train Loss: 0.0432	Val Accuracy: 2.58
Training Epoch: 95/200	Train Loss: 0.09	Val Accuracy: 2.58
Training Epoch: 96/200	Train Loss: 0.095	Val Accuracy: 2.44
Training Epoch: 97/200	Train Loss: 0.0353	Val Accuracy: 2.44
Training Epoch: 98/200	Train Loss: 0.0422	Val Accuracy: 2.48
Training Epoch: 99/200	Train Loss: 0.0579	Val Accuracy: 2.48
Training Epoch: 100/200	Train Loss: 0.0166	Val Accuracy: 2.3
Training Epoch: 101/200	Train Loss: 0.0421	Val Accuracy: 2.3
Training Epoch: 102/200	Train Loss: 0.0236	Val Accuracy: 2.3
Training Epoch: 103/200	Train Loss: 0.0374	Val Accuracy: 2.3
Training Epoch: 104/200	Train Loss: 0.0386	Val Accuracy: 2.58
Training Epoch: 105/200	Train Loss: 0.0336	Val Accuracy: 2.58
Training Epoch: 106/200	Train Loss: 0.0525	Val Accuracy: 2.3
Training Epoch: 107/200	Train Loss: 0.0579	Val Accuracy: 2.3
Training Epoch: 108/200	Train Loss: 0.0573	Val Accuracy: 2.36
Training Epoch: 109/200	Train Loss: 0.0398	Val Accuracy: 2.36
Training Epoch: 110/200	Train Loss: 0.0855	Val Accuracy: 2.14
Training Epoch: 111/200	Train Loss: 0.0435	Val Accuracy: 2.14
Training Epoch: 112/200	Train Loss: 0.0346	Val Accuracy: 2.18
Training Epoch: 113/200	Train Loss: 0.0479	Val Accuracy: 2.18
Training Epoch: 114/200	Train Loss: 0.0459	Val Accuracy: 2.36
Training Epoch: 115/200	Train Loss: 0.0396	Val Accuracy: 2.36
Training Epoch: 116/200	Train Loss: 0.093	Val Accuracy: 2.36
Training Epoch: 117/200	Train Loss: 0.0791	Val Accuracy: 2.36
Training Epoch: 118/200	Train Loss: 0.1479	Val Accuracy: 2.16
Training Epoch: 119/200	Train Loss: 0.0321	Val Accuracy: 2.16
Training Epoch: 120/200	Train Loss: 0.1772	Val Accuracy: 2.04
Training Epoch: 121/200	Train Loss: 0.1087	Val Accuracy: 2.04
Training Epoch: 122/200	Train Loss: 0.0895	Val Accuracy: 2.54
Training Epoch: 123/200	Train Loss: 0.1267	Val Accuracy: 2.54
Training Epoch: 124/200	Train Loss: 0.0582	Val Accuracy: 2.76
Training Epoch: 125/200	Train Loss: 0.1245	Val Accuracy: 2.76
Training Epoch: 126/200	Train Loss: 0.1204	Val Accuracy: 2.48
Training Epoch: 127/200	Train Loss: 0.0754	Val Accuracy: 2.48
Training Epoch: 128/200	Train Loss: 0.0757	Val Accuracy: 2.46
Training Epoch: 129/200	Train Loss: 0.1095	Val Accuracy: 2.46
Training Epoch: 130/200	Train Loss: 0.0428	Val Accuracy: 2.02
Training Epoch: 131/200	Train Loss: 0.1148	Val Accuracy: 2.02
Training Epoch: 132/200	Train Loss: 0.1161	Val Accuracy: 2.58
Training Epoch: 133/200	Train Loss: 0.0944	Val Accuracy: 2.58
Training Epoch: 134/200	Train Loss: 0.1342	Val Accuracy: 2.04
Training Epoch: 135/200	Train Loss: 0.0819	Val Accuracy: 2.04
Training Epoch: 136/200	Train Loss: 0.0494	Val Accuracy: 2.42
Training Epoch: 137/200	Train Loss: 0.1398	Val Accuracy: 2.42
Training Epoch: 138/200	Train Loss: 0.0787	Val Accuracy: 2.14
Training Epoch: 139/200	Train Loss: 0.0818	Val Accuracy: 2.14
Training Epoch: 140/200	Train Loss: 0.0794	Val Accuracy: 2.18
Training Epoch: 141/200	Train Loss: 0.0944	Val Accuracy: 2.18
Training Epoch: 142/200	Train Loss: 0.0986	Val Accuracy: 2.38
Training Epoch: 143/200	Train Loss: 0.0928	Val Accuracy: 2.38
Training Epoch: 144/200	Train Loss: 0.0666	Val Accuracy: 2.44
Training Epoch: 145/200	Train Loss: 0.0482	Val Accuracy: 2.44
Training Epoch: 146/200	Train Loss: 0.0845	Val Accuracy: 2.44
Training Epoch: 147/200	Train Loss: 0.0451	Val Accuracy: 2.44
Training Epoch: 148/200	Train Loss: 0.0245	Val Accuracy: 2.74
Training Epoch: 149/200	Train Loss: 0.0793	Val Accuracy: 2.74
Training Epoch: 150/200	Train Loss: 0.0448	Val Accuracy: 2.28
Training Epoch: 151/200	Train Loss: 0.0917	Val Accuracy: 2.28
Training Epoch: 152/200	Train Loss: 0.0515	Val Accuracy: 2.48
Training Epoch: 153/200	Train Loss: 0.057	Val Accuracy: 2.48
Training Epoch: 154/200	Train Loss: 0.0401	Val Accuracy: 2.62
Training Epoch: 155/200	Train Loss: 0.0587	Val Accuracy: 2.62
Training Epoch: 156/200	Train Loss: 0.0204	Val Accuracy: 2.52
Training Epoch: 157/200	Train Loss: 0.0304	Val Accuracy: 2.52
Training Epoch: 158/200	Train Loss: 0.0814	Val Accuracy: 2.38
Training Epoch: 159/200	Train Loss: 0.0934	Val Accuracy: 2.38
Training Epoch: 160/200	Train Loss: 0.0354	Val Accuracy: 2.2
Training Epoch: 161/200	Train Loss: 0.087	Val Accuracy: 2.2
Training Epoch: 162/200	Train Loss: 0.0532	Val Accuracy: 2.18
Training Epoch: 163/200	Train Loss: 0.0577	Val Accuracy: 2.18
Training Epoch: 164/200	Train Loss: 0.0874	Val Accuracy: 2.12
Training Epoch: 165/200	Train Loss: 0.0253	Val Accuracy: 2.12
Training Epoch: 166/200	Train Loss: 0.059	Val Accuracy: 2.38
Training Epoch: 167/200	Train Loss: 0.0683	Val Accuracy: 2.38
Training Epoch: 168/200	Train Loss: 0.0864	Val Accuracy: 2.3
Training Epoch: 169/200	Train Loss: 0.0924	Val Accuracy: 2.3
Training Epoch: 170/200	Train Loss: 0.0565	Val Accuracy: 2.32
Training Epoch: 171/200	Train Loss: 0.0867	Val Accuracy: 2.32
Training Epoch: 172/200	Train Loss: 0.0868	Val Accuracy: 2.36
Training Epoch: 173/200	Train Loss: 0.1726	Val Accuracy: 2.36
Training Epoch: 174/200	Train Loss: 0.1587	Val Accuracy: 2.18
Training Epoch: 175/200	Train Loss: 0.0675	Val Accuracy: 2.18
Training Epoch: 176/200	Train Loss: 0.1054	Val Accuracy: 2.14
Training Epoch: 177/200	Train Loss: 0.0989	Val Accuracy: 2.14
Training Epoch: 178/200	Train Loss: 0.0473	Val Accuracy: 2.36
Training Epoch: 179/200	Train Loss: 0.0355	Val Accuracy: 2.36
Training Epoch: 180/200	Train Loss: 0.0851	Val Accuracy: 2.3
Training Epoch: 181/200	Train Loss: 0.1058	Val Accuracy: 2.3
Training Epoch: 182/200	Train Loss: 0.1346	Val Accuracy: 2.1
Training Epoch: 183/200	Train Loss: 0.0654	Val Accuracy: 2.1
Training Epoch: 184/200	Train Loss: 0.0797	Val Accuracy: 2.24
Training Epoch: 185/200	Train Loss: 0.0515	Val Accuracy: 2.24
Training Epoch: 186/200	Train Loss: 0.1039	Val Accuracy: 2.16
Training Epoch: 187/200	Train Loss: 0.0559	Val Accuracy: 2.16
Training Epoch: 188/200	Train Loss: 0.1088	Val Accuracy: 2.14
Training Epoch: 189/200	Train Loss: 0.0774	Val Accuracy: 2.14
Training Epoch: 190/200	Train Loss: 0.039	Val Accuracy: 2.32
Training Epoch: 191/200	Train Loss: 0.1668	Val Accuracy: 2.32
Training Epoch: 192/200	Train Loss: 0.0637	Val Accuracy: 2.34
Training Epoch: 193/200	Train Loss: 0.0738	Val Accuracy: 2.34
Training Epoch: 194/200	Train Loss: 0.0762	Val Accuracy: 2.1
Training Epoch: 195/200	Train Loss: 0.1058	Val Accuracy: 2.1
Training Epoch: 196/200	Train Loss: 0.1121	Val Accuracy: 2.2
Training Epoch: 197/200	Train Loss: 0.0606	Val Accuracy: 2.2
Training Epoch: 198/200	Train Loss: 0.0731	Val Accuracy: 2.08
Training Epoch: 199/200	Train Loss: 0.0681	Val Accuracy: 2.08
Training Epoch: 200/200	Train Loss: 0.0804	Val Accuracy: 2.78

Wrote Best Model Checkpoint to: vlBest_acc_2_model_epoch_0200.pyth

Best Validation Accuracy: 2.78
Best Epoch: 200

======== TESTING ========

Test Accuracy: 2.6.

======== ACTIVE SAMPLING ========

len(uSetLoader): 947
u_ranks.shape: (94700,)
Active Sampling Complete. After Episode 5:
New Labeled Set: 350, New Unlabeled Set: 94650, Active Set: 50

================================


Current accuracy values:  [1.7900000000000063, 1.5400000000000063, 1.6200000000000045, 1.9699999999999989, 2.0600000000000023, 2.5999999999999943]
======== EPISODE 6 BEGINS ========

======== TRAINING ========
Training Epoch: 1/200	Train Loss: 1.2015	Val Accuracy: 0.0
Training Epoch: 2/200	Train Loss: 0.9072	Val Accuracy: 2.34
Training Epoch: 3/200	Train Loss: 0.8776	Val Accuracy: 2.34
Training Epoch: 4/200	Train Loss: 0.6354	Val Accuracy: 1.98
Training Epoch: 5/200	Train Loss: 0.6554	Val Accuracy: 1.98
Training Epoch: 6/200	Train Loss: 0.5035	Val Accuracy: 2.56
Training Epoch: 7/200	Train Loss: 0.4	Val Accuracy: 2.56
Training Epoch: 8/200	Train Loss: 0.3431	Val Accuracy: 2.54
Training Epoch: 9/200	Train Loss: 0.287	Val Accuracy: 2.54
Training Epoch: 10/200	Train Loss: 0.2979	Val Accuracy: 2.04
Training Epoch: 11/200	Train Loss: 0.3575	Val Accuracy: 2.04
Training Epoch: 12/200	Train Loss: 0.2087	Val Accuracy: 2.2
Training Epoch: 13/200	Train Loss: 0.3142	Val Accuracy: 2.2
Training Epoch: 14/200	Train Loss: 0.25	Val Accuracy: 2.96
Training Epoch: 15/200	Train Loss: 0.1601	Val Accuracy: 2.96
Training Epoch: 16/200	Train Loss: 0.1339	Val Accuracy: 2.42
Training Epoch: 17/200	Train Loss: 0.0787	Val Accuracy: 2.42
Training Epoch: 18/200	Train Loss: 0.145	Val Accuracy: 2.66
Training Epoch: 19/200	Train Loss: 0.1192	Val Accuracy: 2.66
Training Epoch: 20/200	Train Loss: 0.1199	Val Accuracy: 2.54
Training Epoch: 21/200	Train Loss: 0.122	Val Accuracy: 2.54
Training Epoch: 22/200	Train Loss: 0.0905	Val Accuracy: 2.68
Training Epoch: 23/200	Train Loss: 0.0975	Val Accuracy: 2.68
Training Epoch: 24/200	Train Loss: 0.1366	Val Accuracy: 2.52
Training Epoch: 25/200	Train Loss: 0.097	Val Accuracy: 2.52
Training Epoch: 26/200	Train Loss: 0.0736	Val Accuracy: 2.52
Training Epoch: 27/200	Train Loss: 0.0615	Val Accuracy: 2.52
Training Epoch: 28/200	Train Loss: 0.059	Val Accuracy: 2.34
Training Epoch: 29/200	Train Loss: 0.0588	Val Accuracy: 2.34
Training Epoch: 30/200	Train Loss: 0.0767	Val Accuracy: 2.38
Training Epoch: 31/200	Train Loss: 0.0586	Val Accuracy: 2.38
Training Epoch: 32/200	Train Loss: 0.058	Val Accuracy: 2.4
Training Epoch: 33/200	Train Loss: 0.0371	Val Accuracy: 2.4
Training Epoch: 34/200	Train Loss: 0.0376	Val Accuracy: 3.1
Training Epoch: 35/200	Train Loss: 0.0792	Val Accuracy: 3.1
Training Epoch: 36/200	Train Loss: 0.0585	Val Accuracy: 2.88
Training Epoch: 37/200	Train Loss: 0.0246	Val Accuracy: 2.88
Training Epoch: 38/200	Train Loss: 0.0408	Val Accuracy: 2.42
Training Epoch: 39/200	Train Loss: 0.0833	Val Accuracy: 2.42
Training Epoch: 40/200	Train Loss: 0.0321	Val Accuracy: 2.46
Training Epoch: 41/200	Train Loss: 0.0673	Val Accuracy: 2.46
Training Epoch: 42/200	Train Loss: 0.0229	Val Accuracy: 2.42
Training Epoch: 43/200	Train Loss: 0.0428	Val Accuracy: 2.42
Training Epoch: 44/200	Train Loss: 0.038	Val Accuracy: 2.6
Training Epoch: 45/200	Train Loss: 0.031	Val Accuracy: 2.6
Training Epoch: 46/200	Train Loss: 0.0751	Val Accuracy: 2.66
Training Epoch: 47/200	Train Loss: 0.0564	Val Accuracy: 2.66
Training Epoch: 48/200	Train Loss: 0.0353	Val Accuracy: 2.7
Training Epoch: 49/200	Train Loss: 0.0306	Val Accuracy: 2.7
Training Epoch: 50/200	Train Loss: 0.0382	Val Accuracy: 2.54
Training Epoch: 51/200	Train Loss: 0.0484	Val Accuracy: 2.54
Training Epoch: 52/200	Train Loss: 0.1077	Val Accuracy: 2.48
Training Epoch: 53/200	Train Loss: 0.0809	Val Accuracy: 2.48
Training Epoch: 54/200	Train Loss: 0.1175	Val Accuracy: 2.42
Training Epoch: 55/200	Train Loss: 0.07	Val Accuracy: 2.42
Training Epoch: 56/200	Train Loss: 0.1587	Val Accuracy: 2.58
Training Epoch: 57/200	Train Loss: 0.116	Val Accuracy: 2.58
Training Epoch: 58/200	Train Loss: 0.1074	Val Accuracy: 2.14
Training Epoch: 59/200	Train Loss: 0.1353	Val Accuracy: 2.14
Training Epoch: 60/200	Train Loss: 0.1846	Val Accuracy: 2.54
Training Epoch: 61/200	Train Loss: 0.1141	Val Accuracy: 2.54
Training Epoch: 62/200	Train Loss: 0.0631	Val Accuracy: 2.54
Training Epoch: 63/200	Train Loss: 0.1156	Val Accuracy: 2.54
Training Epoch: 64/200	Train Loss: 0.1052	Val Accuracy: 2.56
Training Epoch: 65/200	Train Loss: 0.0971	Val Accuracy: 2.56
Training Epoch: 66/200	Train Loss: 0.1705	Val Accuracy: 2.64
Training Epoch: 67/200	Train Loss: 0.1076	Val Accuracy: 2.64
Training Epoch: 68/200	Train Loss: 0.1269	Val Accuracy: 2.54
Training Epoch: 69/200	Train Loss: 0.0637	Val Accuracy: 2.54
Training Epoch: 70/200	Train Loss: 0.0705	Val Accuracy: 2.72
Training Epoch: 71/200	Train Loss: 0.073	Val Accuracy: 2.72
Training Epoch: 72/200	Train Loss: 0.1402	Val Accuracy: 2.46
Training Epoch: 73/200	Train Loss: 0.0483	Val Accuracy: 2.46
Training Epoch: 74/200	Train Loss: 0.0998	Val Accuracy: 2.04
Training Epoch: 75/200	Train Loss: 0.0457	Val Accuracy: 2.04
Training Epoch: 76/200	Train Loss: 0.1394	Val Accuracy: 2.44
Training Epoch: 77/200	Train Loss: 0.0458	Val Accuracy: 2.44
Training Epoch: 78/200	Train Loss: 0.0344	Val Accuracy: 2.66
Training Epoch: 79/200	Train Loss: 0.0398	Val Accuracy: 2.66
Training Epoch: 80/200	Train Loss: 0.0694	Val Accuracy: 2.46
Training Epoch: 81/200	Train Loss: 0.0329	Val Accuracy: 2.46
Training Epoch: 82/200	Train Loss: 0.0463	Val Accuracy: 2.34
Training Epoch: 83/200	Train Loss: 0.0793	Val Accuracy: 2.34
Training Epoch: 84/200	Train Loss: 0.0372	Val Accuracy: 2.62
Training Epoch: 85/200	Train Loss: 0.0583	Val Accuracy: 2.62
Training Epoch: 86/200	Train Loss: 0.0324	Val Accuracy: 2.6
Training Epoch: 87/200	Train Loss: 0.044	Val Accuracy: 2.6
Training Epoch: 88/200	Train Loss: 0.0682	Val Accuracy: 2.48
Training Epoch: 89/200	Train Loss: 0.0821	Val Accuracy: 2.48
Training Epoch: 90/200	Train Loss: 0.1243	Val Accuracy: 2.88
Training Epoch: 91/200	Train Loss: 0.0157	Val Accuracy: 2.88
Training Epoch: 92/200	Train Loss: 0.0222	Val Accuracy: 2.52
Training Epoch: 93/200	Train Loss: 0.0436	Val Accuracy: 2.52
Training Epoch: 94/200	Train Loss: 0.0379	Val Accuracy: 2.34
Training Epoch: 95/200	Train Loss: 0.0424	Val Accuracy: 2.34
Training Epoch: 96/200	Train Loss: 0.0597	Val Accuracy: 2.7
Training Epoch: 97/200	Train Loss: 0.0627	Val Accuracy: 2.7
Training Epoch: 98/200	Train Loss: 0.0336	Val Accuracy: 2.36
Training Epoch: 99/200	Train Loss: 0.0741	Val Accuracy: 2.36
Training Epoch: 100/200	Train Loss: 0.0496	Val Accuracy: 2.54
Training Epoch: 101/200	Train Loss: 0.0693	Val Accuracy: 2.54
Training Epoch: 102/200	Train Loss: 0.0526	Val Accuracy: 2.44
Training Epoch: 103/200	Train Loss: 0.0407	Val Accuracy: 2.44
Training Epoch: 104/200	Train Loss: 0.0879	Val Accuracy: 2.76
Training Epoch: 105/200	Train Loss: 0.0407	Val Accuracy: 2.76
Training Epoch: 106/200	Train Loss: 0.1036	Val Accuracy: 2.72
Training Epoch: 107/200	Train Loss: 0.0503	Val Accuracy: 2.72
Training Epoch: 108/200	Train Loss: 0.0643	Val Accuracy: 2.64
Training Epoch: 109/200	Train Loss: 0.0363	Val Accuracy: 2.64
Training Epoch: 110/200	Train Loss: 0.0483	Val Accuracy: 3.2
Training Epoch: 111/200	Train Loss: 0.0615	Val Accuracy: 3.2
Training Epoch: 112/200	Train Loss: 0.0991	Val Accuracy: 2.66
Training Epoch: 113/200	Train Loss: 0.0507	Val Accuracy: 2.66
Training Epoch: 114/200	Train Loss: 0.0245	Val Accuracy: 3.12
Training Epoch: 115/200	Train Loss: 0.0811	Val Accuracy: 3.12
Training Epoch: 116/200	Train Loss: 0.0473	Val Accuracy: 2.72
Training Epoch: 117/200	Train Loss: 0.037	Val Accuracy: 2.72
Training Epoch: 118/200	Train Loss: 0.0451	Val Accuracy: 2.96
Training Epoch: 119/200	Train Loss: 0.066	Val Accuracy: 2.96
Training Epoch: 120/200	Train Loss: 0.0464	Val Accuracy: 2.8
Training Epoch: 121/200	Train Loss: 0.1426	Val Accuracy: 2.8
Training Epoch: 122/200	Train Loss: 0.1369	Val Accuracy: 2.28
Training Epoch: 123/200	Train Loss: 0.148	Val Accuracy: 2.28
Training Epoch: 124/200	Train Loss: 0.0977	Val Accuracy: 2.48
Training Epoch: 125/200	Train Loss: 0.0893	Val Accuracy: 2.48
Training Epoch: 126/200	Train Loss: 0.0994	Val Accuracy: 2.16
Training Epoch: 127/200	Train Loss: 0.1097	Val Accuracy: 2.16
Training Epoch: 128/200	Train Loss: 0.1057	Val Accuracy: 2.78
Training Epoch: 129/200	Train Loss: 0.0699	Val Accuracy: 2.78
Training Epoch: 130/200	Train Loss: 0.1617	Val Accuracy: 2.28
Training Epoch: 131/200	Train Loss: 0.124	Val Accuracy: 2.28
Training Epoch: 132/200	Train Loss: 0.1398	Val Accuracy: 2.32
Training Epoch: 133/200	Train Loss: 0.1496	Val Accuracy: 2.32
Training Epoch: 134/200	Train Loss: 0.1475	Val Accuracy: 2.26
Training Epoch: 135/200	Train Loss: 0.1038	Val Accuracy: 2.26
Training Epoch: 136/200	Train Loss: 0.1263	Val Accuracy: 2.28
Training Epoch: 137/200	Train Loss: 0.1051	Val Accuracy: 2.28
Training Epoch: 138/200	Train Loss: 0.1117	Val Accuracy: 2.46
Training Epoch: 139/200	Train Loss: 0.0968	Val Accuracy: 2.46
Training Epoch: 140/200	Train Loss: 0.1116	Val Accuracy: 1.98
Training Epoch: 141/200	Train Loss: 0.1083	Val Accuracy: 1.98
Training Epoch: 142/200	Train Loss: 0.1131	Val Accuracy: 2.22
Training Epoch: 143/200	Train Loss: 0.0842	Val Accuracy: 2.22
Training Epoch: 144/200	Train Loss: 0.1213	Val Accuracy: 2.58
Training Epoch: 145/200	Train Loss: 0.0838	Val Accuracy: 2.58
Training Epoch: 146/200	Train Loss: 0.066	Val Accuracy: 2.36
Training Epoch: 147/200	Train Loss: 0.2536	Val Accuracy: 2.36
Training Epoch: 148/200	Train Loss: 0.0629	Val Accuracy: 2.12
Training Epoch: 149/200	Train Loss: 0.1307	Val Accuracy: 2.12
Training Epoch: 150/200	Train Loss: 0.1634	Val Accuracy: 1.94
Training Epoch: 151/200	Train Loss: 0.0764	Val Accuracy: 1.94
Training Epoch: 152/200	Train Loss: 0.115	Val Accuracy: 2.36
Training Epoch: 153/200	Train Loss: 0.1121	Val Accuracy: 2.36
Training Epoch: 154/200	Train Loss: 0.0821	Val Accuracy: 2.58
Training Epoch: 155/200	Train Loss: 0.0672	Val Accuracy: 2.58
Training Epoch: 156/200	Train Loss: 0.1337	Val Accuracy: 2.68
Training Epoch: 157/200	Train Loss: 0.052	Val Accuracy: 2.68
Training Epoch: 158/200	Train Loss: 0.0598	Val Accuracy: 2.46
Training Epoch: 159/200	Train Loss: 0.0432	Val Accuracy: 2.46
Training Epoch: 160/200	Train Loss: 0.0248	Val Accuracy: 3.2
Training Epoch: 161/200	Train Loss: 0.0551	Val Accuracy: 3.2
Training Epoch: 162/200	Train Loss: 0.0849	Val Accuracy: 3.1
Training Epoch: 163/200	Train Loss: 0.0539	Val Accuracy: 3.1
Training Epoch: 164/200	Train Loss: 0.0276	Val Accuracy: 2.9
Training Epoch: 165/200	Train Loss: 0.0467	Val Accuracy: 2.9
Training Epoch: 166/200	Train Loss: 0.0505	Val Accuracy: 2.46
Training Epoch: 167/200	Train Loss: 0.0319	Val Accuracy: 2.46
Training Epoch: 168/200	Train Loss: 0.028	Val Accuracy: 2.68
Training Epoch: 169/200	Train Loss: 0.0542	Val Accuracy: 2.68
Training Epoch: 170/200	Train Loss: 0.0531	Val Accuracy: 2.78
Training Epoch: 171/200	Train Loss: 0.0874	Val Accuracy: 2.78
Training Epoch: 172/200	Train Loss: 0.1116	Val Accuracy: 2.78
Training Epoch: 173/200	Train Loss: 0.0339	Val Accuracy: 2.78
Training Epoch: 174/200	Train Loss: 0.0684	Val Accuracy: 2.88
Training Epoch: 175/200	Train Loss: 0.0459	Val Accuracy: 2.88
Training Epoch: 176/200	Train Loss: 0.0352	Val Accuracy: 2.64
Training Epoch: 177/200	Train Loss: 0.0538	Val Accuracy: 2.64
Training Epoch: 178/200	Train Loss: 0.0356	Val Accuracy: 2.74
Training Epoch: 179/200	Train Loss: 0.0498	Val Accuracy: 2.74
Training Epoch: 180/200	Train Loss: 0.0413	Val Accuracy: 2.82
Training Epoch: 181/200	Train Loss: 0.0253	Val Accuracy: 2.82
Training Epoch: 182/200	Train Loss: 0.0344	Val Accuracy: 3.1
Training Epoch: 183/200	Train Loss: 0.0167	Val Accuracy: 3.1
Training Epoch: 184/200	Train Loss: 0.0382	Val Accuracy: 2.84
Training Epoch: 185/200	Train Loss: 0.0275	Val Accuracy: 2.84
Training Epoch: 186/200	Train Loss: 0.081	Val Accuracy: 2.62
Training Epoch: 187/200	Train Loss: 0.0264	Val Accuracy: 2.62
Training Epoch: 188/200	Train Loss: 0.0401	Val Accuracy: 2.42
Training Epoch: 189/200	Train Loss: 0.0203	Val Accuracy: 2.42
Training Epoch: 190/200	Train Loss: 0.0217	Val Accuracy: 2.62
Training Epoch: 191/200	Train Loss: 0.0925	Val Accuracy: 2.62
Training Epoch: 192/200	Train Loss: 0.0314	Val Accuracy: 2.58
Training Epoch: 193/200	Train Loss: 0.1592	Val Accuracy: 2.58
Training Epoch: 194/200	Train Loss: 0.0455	Val Accuracy: 2.56
Training Epoch: 195/200	Train Loss: 0.1151	Val Accuracy: 2.56
Training Epoch: 196/200	Train Loss: 0.1436	Val Accuracy: 2.94
Training Epoch: 197/200	Train Loss: 0.0566	Val Accuracy: 2.94
Training Epoch: 198/200	Train Loss: 0.0969	Val Accuracy: 2.68
Training Epoch: 199/200	Train Loss: 0.1085	Val Accuracy: 2.68
Training Epoch: 200/200	Train Loss: 0.0735	Val Accuracy: 2.48

Wrote Best Model Checkpoint to: vlBest_acc_3_model_epoch_0110.pyth

Best Validation Accuracy: 3.2
Best Epoch: 110

======== TESTING ========

Test Accuracy: 2.26.

======== ACTIVE SAMPLING ========

len(uSetLoader): 947
u_ranks.shape: (94650,)
Active Sampling Complete. After Episode 6:
New Labeled Set: 400, New Unlabeled Set: 94600, Active Set: 50

================================


Current accuracy values:  [1.7900000000000063, 1.5400000000000063, 1.6200000000000045, 1.9699999999999989, 2.0600000000000023, 2.5999999999999943, 2.260000000000005]
======== EPISODE 7 BEGINS ========

======== TRAINING ========
Training Epoch: 1/200	Train Loss: 1.2312	Val Accuracy: 0.0
Training Epoch: 2/200	Train Loss: 1.021	Val Accuracy: 2.58
Training Epoch: 3/200	Train Loss: 0.7092	Val Accuracy: 2.58
Training Epoch: 4/200	Train Loss: 0.5894	Val Accuracy: 2.16
Training Epoch: 5/200	Train Loss: 0.7114	Val Accuracy: 2.16
Training Epoch: 6/200	Train Loss: 0.4877	Val Accuracy: 2.36
Training Epoch: 7/200	Train Loss: 0.2886	Val Accuracy: 2.36
Training Epoch: 8/200	Train Loss: 0.2205	Val Accuracy: 2.3
Training Epoch: 9/200	Train Loss: 0.1856	Val Accuracy: 2.3
Training Epoch: 10/200	Train Loss: 0.2476	Val Accuracy: 2.92
Training Epoch: 11/200	Train Loss: 0.1075	Val Accuracy: 2.92
Training Epoch: 12/200	Train Loss: 0.1867	Val Accuracy: 3.08
Training Epoch: 13/200	Train Loss: 0.1287	Val Accuracy: 3.08
Training Epoch: 14/200	Train Loss: 0.1516	Val Accuracy: 2.72
Training Epoch: 15/200	Train Loss: 0.0804	Val Accuracy: 2.72
Training Epoch: 16/200	Train Loss: 0.1489	Val Accuracy: 2.72
Training Epoch: 17/200	Train Loss: 0.1387	Val Accuracy: 2.72
Training Epoch: 18/200	Train Loss: 0.157	Val Accuracy: 2.82
Training Epoch: 19/200	Train Loss: 0.095	Val Accuracy: 2.82
Training Epoch: 20/200	Train Loss: 0.1701	Val Accuracy: 2.34
Training Epoch: 21/200	Train Loss: 0.0763	Val Accuracy: 2.34
Training Epoch: 22/200	Train Loss: 0.1104	Val Accuracy: 2.48
Training Epoch: 23/200	Train Loss: 0.1112	Val Accuracy: 2.48
Training Epoch: 24/200	Train Loss: 0.1584	Val Accuracy: 2.8
Training Epoch: 25/200	Train Loss: 0.2158	Val Accuracy: 2.8
Training Epoch: 26/200	Train Loss: 0.134	Val Accuracy: 2.66
Training Epoch: 27/200	Train Loss: 0.138	Val Accuracy: 2.66
Training Epoch: 28/200	Train Loss: 0.1048	Val Accuracy: 2.58
Training Epoch: 29/200	Train Loss: 0.1621	Val Accuracy: 2.58
Training Epoch: 30/200	Train Loss: 0.0958	Val Accuracy: 2.92
Training Epoch: 31/200	Train Loss: 0.0636	Val Accuracy: 2.92
Training Epoch: 32/200	Train Loss: 0.0306	Val Accuracy: 3.06
Training Epoch: 33/200	Train Loss: 0.0474	Val Accuracy: 3.06
Training Epoch: 34/200	Train Loss: 0.0431	Val Accuracy: 2.92
Training Epoch: 35/200	Train Loss: 0.0908	Val Accuracy: 2.92
Training Epoch: 36/200	Train Loss: 0.0302	Val Accuracy: 2.9
Training Epoch: 37/200	Train Loss: 0.0318	Val Accuracy: 2.9
Training Epoch: 38/200	Train Loss: 0.0393	Val Accuracy: 2.92
Training Epoch: 39/200	Train Loss: 0.0413	Val Accuracy: 2.92
Training Epoch: 40/200	Train Loss: 0.0243	Val Accuracy: 3.0
Training Epoch: 41/200	Train Loss: 0.0863	Val Accuracy: 3.0
Training Epoch: 42/200	Train Loss: 0.0508	Val Accuracy: 2.72
Training Epoch: 43/200	Train Loss: 0.0468	Val Accuracy: 2.72
Training Epoch: 44/200	Train Loss: 0.0336	Val Accuracy: 2.7
Training Epoch: 45/200	Train Loss: 0.0386	Val Accuracy: 2.7
Training Epoch: 46/200	Train Loss: 0.0463	Val Accuracy: 3.02
Training Epoch: 47/200	Train Loss: 0.1788	Val Accuracy: 3.02
Training Epoch: 48/200	Train Loss: 0.1489	Val Accuracy: 2.92
Training Epoch: 49/200	Train Loss: 0.0783	Val Accuracy: 2.92
Training Epoch: 50/200	Train Loss: 0.1212	Val Accuracy: 2.68
Training Epoch: 51/200	Train Loss: 0.1096	Val Accuracy: 2.68
Training Epoch: 52/200	Train Loss: 0.121	Val Accuracy: 2.84
Training Epoch: 53/200	Train Loss: 0.1204	Val Accuracy: 2.84
Training Epoch: 54/200	Train Loss: 0.1989	Val Accuracy: 2.58
Training Epoch: 55/200	Train Loss: 0.1111	Val Accuracy: 2.58
Training Epoch: 56/200	Train Loss: 0.062	Val Accuracy: 3.0
Training Epoch: 57/200	Train Loss: 0.118	Val Accuracy: 3.0
Training Epoch: 58/200	Train Loss: 0.1009	Val Accuracy: 2.44
Training Epoch: 59/200	Train Loss: 0.0569	Val Accuracy: 2.44
Training Epoch: 60/200	Train Loss: 0.0667	Val Accuracy: 3.2
Training Epoch: 61/200	Train Loss: 0.0522	Val Accuracy: 3.2
Training Epoch: 62/200	Train Loss: 0.0517	Val Accuracy: 2.58
Training Epoch: 63/200	Train Loss: 0.0495	Val Accuracy: 2.58
Training Epoch: 64/200	Train Loss: 0.0883	Val Accuracy: 2.8
Training Epoch: 65/200	Train Loss: 0.0846	Val Accuracy: 2.8
Training Epoch: 66/200	Train Loss: 0.0406	Val Accuracy: 3.1
Training Epoch: 67/200	Train Loss: 0.0159	Val Accuracy: 3.1
Training Epoch: 68/200	Train Loss: 0.0444	Val Accuracy: 2.9
Training Epoch: 69/200	Train Loss: 0.0607	Val Accuracy: 2.9
Training Epoch: 70/200	Train Loss: 0.1427	Val Accuracy: 2.72
Training Epoch: 71/200	Train Loss: 0.1067	Val Accuracy: 2.72
Training Epoch: 72/200	Train Loss: 0.0815	Val Accuracy: 3.06
Training Epoch: 73/200	Train Loss: 0.0805	Val Accuracy: 3.06
Training Epoch: 74/200	Train Loss: 0.0727	Val Accuracy: 2.5
Training Epoch: 75/200	Train Loss: 0.059	Val Accuracy: 2.5
Training Epoch: 76/200	Train Loss: 0.066	Val Accuracy: 2.68
Training Epoch: 77/200	Train Loss: 0.1142	Val Accuracy: 2.68
Training Epoch: 78/200	Train Loss: 0.0625	Val Accuracy: 2.88
Training Epoch: 79/200	Train Loss: 0.0236	Val Accuracy: 2.88
Training Epoch: 80/200	Train Loss: 0.0479	Val Accuracy: 3.18
Training Epoch: 81/200	Train Loss: 0.0561	Val Accuracy: 3.18
Training Epoch: 82/200	Train Loss: 0.0896	Val Accuracy: 2.98
Training Epoch: 83/200	Train Loss: 0.0222	Val Accuracy: 2.98
Training Epoch: 84/200	Train Loss: 0.0524	Val Accuracy: 3.14
Training Epoch: 85/200	Train Loss: 0.066	Val Accuracy: 3.14
Training Epoch: 86/200	Train Loss: 0.0618	Val Accuracy: 2.98
Training Epoch: 87/200	Train Loss: 0.1224	Val Accuracy: 2.98
Training Epoch: 88/200	Train Loss: 0.0836	Val Accuracy: 2.6
Training Epoch: 89/200	Train Loss: 0.2192	Val Accuracy: 2.6
Training Epoch: 90/200	Train Loss: 0.1244	Val Accuracy: 2.54
Training Epoch: 91/200	Train Loss: 0.1649	Val Accuracy: 2.54
Training Epoch: 92/200	Train Loss: 0.1325	Val Accuracy: 2.72
Training Epoch: 93/200	Train Loss: 0.0908	Val Accuracy: 2.72
Training Epoch: 94/200	Train Loss: 0.1153	Val Accuracy: 2.68
Training Epoch: 95/200	Train Loss: 0.0926	Val Accuracy: 2.68
Training Epoch: 96/200	Train Loss: 0.1214	Val Accuracy: 2.78
Training Epoch: 97/200	Train Loss: 0.0702	Val Accuracy: 2.78
Training Epoch: 98/200	Train Loss: 0.0379	Val Accuracy: 2.56
Training Epoch: 99/200	Train Loss: 0.0629	Val Accuracy: 2.56
Training Epoch: 100/200	Train Loss: 0.07	Val Accuracy: 3.1
Training Epoch: 101/200	Train Loss: 0.0999	Val Accuracy: 3.1
Training Epoch: 102/200	Train Loss: 0.0848	Val Accuracy: 2.78
Training Epoch: 103/200	Train Loss: 0.0296	Val Accuracy: 2.78
Training Epoch: 104/200	Train Loss: 0.0277	Val Accuracy: 2.94
Training Epoch: 105/200	Train Loss: 0.0533	Val Accuracy: 2.94
Training Epoch: 106/200	Train Loss: 0.0566	Val Accuracy: 3.02
Training Epoch: 107/200	Train Loss: 0.0591	Val Accuracy: 3.02
Training Epoch: 108/200	Train Loss: 0.0563	Val Accuracy: 2.66
Training Epoch: 109/200	Train Loss: 0.0293	Val Accuracy: 2.66
Training Epoch: 110/200	Train Loss: 0.0602	Val Accuracy: 2.92
Training Epoch: 111/200	Train Loss: 0.0349	Val Accuracy: 2.92
Training Epoch: 112/200	Train Loss: 0.0434	Val Accuracy: 3.38
Training Epoch: 113/200	Train Loss: 0.0491	Val Accuracy: 3.38
Training Epoch: 114/200	Train Loss: 0.0702	Val Accuracy: 3.02
Training Epoch: 115/200	Train Loss: 0.055	Val Accuracy: 3.02
Training Epoch: 116/200	Train Loss: 0.0476	Val Accuracy: 3.1
Training Epoch: 117/200	Train Loss: 0.0464	Val Accuracy: 3.1
Training Epoch: 118/200	Train Loss: 0.0214	Val Accuracy: 2.74
Training Epoch: 119/200	Train Loss: 0.0555	Val Accuracy: 2.74
Training Epoch: 120/200	Train Loss: 0.026	Val Accuracy: 2.64
Training Epoch: 121/200	Train Loss: 0.0526	Val Accuracy: 2.64
Training Epoch: 122/200	Train Loss: 0.0846	Val Accuracy: 2.84
Training Epoch: 123/200	Train Loss: 0.0156	Val Accuracy: 2.84
Training Epoch: 124/200	Train Loss: 0.107	Val Accuracy: 2.7
Training Epoch: 125/200	Train Loss: 0.0855	Val Accuracy: 2.7
Training Epoch: 126/200	Train Loss: 0.032	Val Accuracy: 2.76
Training Epoch: 127/200	Train Loss: 0.0847	Val Accuracy: 2.76
Training Epoch: 128/200	Train Loss: 0.0231	Val Accuracy: 3.04
Training Epoch: 129/200	Train Loss: 0.0646	Val Accuracy: 3.04
Training Epoch: 130/200	Train Loss: 0.1752	Val Accuracy: 2.96
Training Epoch: 131/200	Train Loss: 0.0643	Val Accuracy: 2.96
Training Epoch: 132/200	Train Loss: 0.1284	Val Accuracy: 2.94
Training Epoch: 133/200	Train Loss: 0.1159	Val Accuracy: 2.94
Training Epoch: 134/200	Train Loss: 0.1243	Val Accuracy: 2.96
Training Epoch: 135/200	Train Loss: 0.0791	Val Accuracy: 2.96
Training Epoch: 136/200	Train Loss: 0.1183	Val Accuracy: 2.98
Training Epoch: 137/200	Train Loss: 0.1048	Val Accuracy: 2.98
Training Epoch: 138/200	Train Loss: 0.1203	Val Accuracy: 3.04
Training Epoch: 139/200	Train Loss: 0.1039	Val Accuracy: 3.04
Training Epoch: 140/200	Train Loss: 0.0884	Val Accuracy: 3.38
Training Epoch: 141/200	Train Loss: 0.1155	Val Accuracy: 3.38
Training Epoch: 142/200	Train Loss: 0.0732	Val Accuracy: 3.36
Training Epoch: 143/200	Train Loss: 0.0875	Val Accuracy: 3.36
Training Epoch: 144/200	Train Loss: 0.0632	Val Accuracy: 2.98
Training Epoch: 145/200	Train Loss: 0.0515	Val Accuracy: 2.98
Training Epoch: 146/200	Train Loss: 0.0466	Val Accuracy: 3.04
Training Epoch: 147/200	Train Loss: 0.043	Val Accuracy: 3.04
Training Epoch: 148/200	Train Loss: 0.0548	Val Accuracy: 2.86
Training Epoch: 149/200	Train Loss: 0.0334	Val Accuracy: 2.86
Training Epoch: 150/200	Train Loss: 0.0594	Val Accuracy: 3.02
Training Epoch: 151/200	Train Loss: 0.0224	Val Accuracy: 3.02
Training Epoch: 152/200	Train Loss: 0.0747	Val Accuracy: 3.12
Training Epoch: 153/200	Train Loss: 0.0402	Val Accuracy: 3.12
Training Epoch: 154/200	Train Loss: 0.0702	Val Accuracy: 2.8
Training Epoch: 155/200	Train Loss: 0.0522	Val Accuracy: 2.8
Training Epoch: 156/200	Train Loss: 0.043	Val Accuracy: 3.3
Training Epoch: 157/200	Train Loss: 0.0769	Val Accuracy: 3.3
Training Epoch: 158/200	Train Loss: 0.0578	Val Accuracy: 2.86
Training Epoch: 159/200	Train Loss: 0.094	Val Accuracy: 2.86
Training Epoch: 160/200	Train Loss: 0.0435	Val Accuracy: 3.06
Training Epoch: 161/200	Train Loss: 0.0458	Val Accuracy: 3.06
Training Epoch: 162/200	Train Loss: 0.031	Val Accuracy: 3.08
Training Epoch: 163/200	Train Loss: 0.0449	Val Accuracy: 3.08
Training Epoch: 164/200	Train Loss: 0.0351	Val Accuracy: 2.88
Training Epoch: 165/200	Train Loss: 0.0292	Val Accuracy: 2.88
Training Epoch: 166/200	Train Loss: 0.1059	Val Accuracy: 3.04
Training Epoch: 167/200	Train Loss: 0.0595	Val Accuracy: 3.04
Training Epoch: 168/200	Train Loss: 0.0451	Val Accuracy: 2.96
Training Epoch: 169/200	Train Loss: 0.0486	Val Accuracy: 2.96
Training Epoch: 170/200	Train Loss: 0.0975	Val Accuracy: 2.92
Training Epoch: 171/200	Train Loss: 0.0541	Val Accuracy: 2.92
Training Epoch: 172/200	Train Loss: 0.0615	Val Accuracy: 2.88
Training Epoch: 173/200	Train Loss: 0.0441	Val Accuracy: 2.88
Training Epoch: 174/200	Train Loss: 0.0462	Val Accuracy: 3.26
Training Epoch: 175/200	Train Loss: 0.049	Val Accuracy: 3.26
Training Epoch: 176/200	Train Loss: 0.0456	Val Accuracy: 2.9
Training Epoch: 177/200	Train Loss: 0.0959	Val Accuracy: 2.9
Training Epoch: 178/200	Train Loss: 0.0241	Val Accuracy: 2.9
Training Epoch: 179/200	Train Loss: 0.0358	Val Accuracy: 2.9
Training Epoch: 180/200	Train Loss: 0.0651	Val Accuracy: 3.0
Training Epoch: 181/200	Train Loss: 0.0696	Val Accuracy: 3.0
Training Epoch: 182/200	Train Loss: 0.0864	Val Accuracy: 2.84
Training Epoch: 183/200	Train Loss: 0.055	Val Accuracy: 2.84
Training Epoch: 184/200	Train Loss: 0.1664	Val Accuracy: 2.92
Training Epoch: 185/200	Train Loss: 0.1263	Val Accuracy: 2.92
Training Epoch: 186/200	Train Loss: 0.1279	Val Accuracy: 2.56
Training Epoch: 187/200	Train Loss: 0.0892	Val Accuracy: 2.56
Training Epoch: 188/200	Train Loss: 0.0959	Val Accuracy: 3.04
Training Epoch: 189/200	Train Loss: 0.1394	Val Accuracy: 3.04
Training Epoch: 190/200	Train Loss: 0.092	Val Accuracy: 2.98
Training Epoch: 191/200	Train Loss: 0.0925	Val Accuracy: 2.98
Training Epoch: 192/200	Train Loss: 0.0627	Val Accuracy: 3.14
Training Epoch: 193/200	Train Loss: 0.0821	Val Accuracy: 3.14
Training Epoch: 194/200	Train Loss: 0.1367	Val Accuracy: 3.14
Training Epoch: 195/200	Train Loss: 0.1102	Val Accuracy: 3.14
Training Epoch: 196/200	Train Loss: 0.0642	Val Accuracy: 2.72
Training Epoch: 197/200	Train Loss: 0.0952	Val Accuracy: 2.72
Training Epoch: 198/200	Train Loss: 0.0606	Val Accuracy: 2.68
Training Epoch: 199/200	Train Loss: 0.0612	Val Accuracy: 2.68
Training Epoch: 200/200	Train Loss: 0.1093	Val Accuracy: 2.86

Wrote Best Model Checkpoint to: vlBest_acc_3_model_epoch_0112.pyth

Best Validation Accuracy: 3.38
Best Epoch: 112

======== TESTING ========

Test Accuracy: 2.64.

======== ACTIVE SAMPLING ========

len(uSetLoader): 946
u_ranks.shape: (94600,)
Active Sampling Complete. After Episode 7:
New Labeled Set: 450, New Unlabeled Set: 94550, Active Set: 50

================================


Current accuracy values:  [1.7900000000000063, 1.5400000000000063, 1.6200000000000045, 1.9699999999999989, 2.0600000000000023, 2.5999999999999943, 2.260000000000005, 2.6400000000000006]
======== EPISODE 8 BEGINS ========

======== TRAINING ========
Training Epoch: 1/200	Train Loss: 0.61	Val Accuracy: 0.0
Training Epoch: 2/200	Train Loss: 0.743	Val Accuracy: 3.22
Training Epoch: 3/200	Train Loss: 0.6228	Val Accuracy: 3.22
Training Epoch: 4/200	Train Loss: 0.3573	Val Accuracy: 2.86
Training Epoch: 5/200	Train Loss: 0.4315	Val Accuracy: 2.86
Training Epoch: 6/200	Train Loss: 0.3489	Val Accuracy: 2.96
Training Epoch: 7/200	Train Loss: 0.2828	Val Accuracy: 2.96
Training Epoch: 8/200	Train Loss: 0.3757	Val Accuracy: 2.52
Training Epoch: 9/200	Train Loss: 0.25	Val Accuracy: 2.52
Training Epoch: 10/200	Train Loss: 0.2459	Val Accuracy: 2.54
Training Epoch: 11/200	Train Loss: 0.1884	Val Accuracy: 2.54
Training Epoch: 12/200	Train Loss: 0.1727	Val Accuracy: 2.46
Training Epoch: 13/200	Train Loss: 0.1521	Val Accuracy: 2.46
Training Epoch: 14/200	Train Loss: 0.1427	Val Accuracy: 2.74
Training Epoch: 15/200	Train Loss: 0.176	Val Accuracy: 2.74
Training Epoch: 16/200	Train Loss: 0.0971	Val Accuracy: 2.82
Training Epoch: 17/200	Train Loss: 0.1329	Val Accuracy: 2.82
Training Epoch: 18/200	Train Loss: 0.1285	Val Accuracy: 3.26
Training Epoch: 19/200	Train Loss: 0.1456	Val Accuracy: 3.26
Training Epoch: 20/200	Train Loss: 0.2665	Val Accuracy: 3.18
Training Epoch: 21/200	Train Loss: 0.1108	Val Accuracy: 3.18
Training Epoch: 22/200	Train Loss: 0.104	Val Accuracy: 2.88
Training Epoch: 23/200	Train Loss: 0.1658	Val Accuracy: 2.88
Training Epoch: 24/200	Train Loss: 0.0805	Val Accuracy: 3.4
Training Epoch: 25/200	Train Loss: 0.0441	Val Accuracy: 3.4
Training Epoch: 26/200	Train Loss: 0.0777	Val Accuracy: 3.44
Training Epoch: 27/200	Train Loss: 0.0641	Val Accuracy: 3.44
Training Epoch: 28/200	Train Loss: 0.0799	Val Accuracy: 3.38
Training Epoch: 29/200	Train Loss: 0.0999	Val Accuracy: 3.38
Training Epoch: 30/200	Train Loss: 0.0324	Val Accuracy: 3.26
Training Epoch: 31/200	Train Loss: 0.0403	Val Accuracy: 3.26
Training Epoch: 32/200	Train Loss: 0.0343	Val Accuracy: 3.36
Training Epoch: 33/200	Train Loss: 0.0475	Val Accuracy: 3.36
Training Epoch: 34/200	Train Loss: 0.0192	Val Accuracy: 3.62
Training Epoch: 35/200	Train Loss: 0.0364	Val Accuracy: 3.62
Training Epoch: 36/200	Train Loss: 0.0139	Val Accuracy: 3.64
Training Epoch: 37/200	Train Loss: 0.066	Val Accuracy: 3.64
Training Epoch: 38/200	Train Loss: 0.0391	Val Accuracy: 3.16
Training Epoch: 39/200	Train Loss: 0.0571	Val Accuracy: 3.16
Training Epoch: 40/200	Train Loss: 0.0699	Val Accuracy: 3.14
Training Epoch: 41/200	Train Loss: 0.018	Val Accuracy: 3.14
Training Epoch: 42/200	Train Loss: 0.0498	Val Accuracy: 3.32
Training Epoch: 43/200	Train Loss: 0.0218	Val Accuracy: 3.32
Training Epoch: 44/200	Train Loss: 0.0284	Val Accuracy: 3.3
Training Epoch: 45/200	Train Loss: 0.0529	Val Accuracy: 3.3
Training Epoch: 46/200	Train Loss: 0.0764	Val Accuracy: 3.38
Training Epoch: 47/200	Train Loss: 0.0546	Val Accuracy: 3.38
Training Epoch: 48/200	Train Loss: 0.0534	Val Accuracy: 3.9
Training Epoch: 49/200	Train Loss: 0.0542	Val Accuracy: 3.9
Training Epoch: 50/200	Train Loss: 0.0367	Val Accuracy: 3.62
Training Epoch: 51/200	Train Loss: 0.0314	Val Accuracy: 3.62
Training Epoch: 52/200	Train Loss: 0.0182	Val Accuracy: 3.46
Training Epoch: 53/200	Train Loss: 0.0348	Val Accuracy: 3.46
Training Epoch: 54/200	Train Loss: 0.0781	Val Accuracy: 3.26
Training Epoch: 55/200	Train Loss: 0.0184	Val Accuracy: 3.26
Training Epoch: 56/200	Train Loss: 0.0376	Val Accuracy: 3.1
Training Epoch: 57/200	Train Loss: 0.0452	Val Accuracy: 3.1
Training Epoch: 58/200	Train Loss: 0.1237	Val Accuracy: 2.84
Training Epoch: 59/200	Train Loss: 0.0503	Val Accuracy: 2.84
Training Epoch: 60/200	Train Loss: 0.0633	Val Accuracy: 2.94
Training Epoch: 61/200	Train Loss: 0.0943	Val Accuracy: 2.94
Training Epoch: 62/200	Train Loss: 0.0848	Val Accuracy: 2.98
Training Epoch: 63/200	Train Loss: 0.1239	Val Accuracy: 2.98
Training Epoch: 64/200	Train Loss: 0.208	Val Accuracy: 3.54
Training Epoch: 65/200	Train Loss: 0.1023	Val Accuracy: 3.54
Training Epoch: 66/200	Train Loss: 0.0911	Val Accuracy: 2.82
Training Epoch: 67/200	Train Loss: 0.0527	Val Accuracy: 2.82
Training Epoch: 68/200	Train Loss: 0.1305	Val Accuracy: 3.5
Training Epoch: 69/200	Train Loss: 0.1359	Val Accuracy: 3.5
Training Epoch: 70/200	Train Loss: 0.086	Val Accuracy: 3.38
Training Epoch: 71/200	Train Loss: 0.1693	Val Accuracy: 3.38
Training Epoch: 72/200	Train Loss: 0.0542	Val Accuracy: 2.92
Training Epoch: 73/200	Train Loss: 0.0659	Val Accuracy: 2.92
Training Epoch: 74/200	Train Loss: 0.1546	Val Accuracy: 3.08
Training Epoch: 75/200	Train Loss: 0.0881	Val Accuracy: 3.08
Training Epoch: 76/200	Train Loss: 0.1065	Val Accuracy: 3.08
Training Epoch: 77/200	Train Loss: 0.0669	Val Accuracy: 3.08
Training Epoch: 78/200	Train Loss: 0.0597	Val Accuracy: 2.72
Training Epoch: 79/200	Train Loss: 0.1176	Val Accuracy: 2.72
Training Epoch: 80/200	Train Loss: 0.0371	Val Accuracy: 2.92
Training Epoch: 81/200	Train Loss: 0.0533	Val Accuracy: 2.92
Training Epoch: 82/200	Train Loss: 0.0914	Val Accuracy: 2.8
Training Epoch: 83/200	Train Loss: 0.1187	Val Accuracy: 2.8
Training Epoch: 84/200	Train Loss: 0.0931	Val Accuracy: 3.46
Training Epoch: 85/200	Train Loss: 0.0217	Val Accuracy: 3.46
Training Epoch: 86/200	Train Loss: 0.0833	Val Accuracy: 3.26
Training Epoch: 87/200	Train Loss: 0.0808	Val Accuracy: 3.26
Training Epoch: 88/200	Train Loss: 0.0299	Val Accuracy: 3.46
Training Epoch: 89/200	Train Loss: 0.0547	Val Accuracy: 3.46
Training Epoch: 90/200	Train Loss: 0.0469	Val Accuracy: 3.3
Training Epoch: 91/200	Train Loss: 0.0279	Val Accuracy: 3.3
Training Epoch: 92/200	Train Loss: 0.0749	Val Accuracy: 3.16
Training Epoch: 93/200	Train Loss: 0.0321	Val Accuracy: 3.16
Training Epoch: 94/200	Train Loss: 0.0506	Val Accuracy: 3.4
Training Epoch: 95/200	Train Loss: 0.0621	Val Accuracy: 3.4
Training Epoch: 96/200	Train Loss: 0.0219	Val Accuracy: 3.04
Training Epoch: 97/200	Train Loss: 0.0259	Val Accuracy: 3.04
Training Epoch: 98/200	Train Loss: 0.043	Val Accuracy: 2.9
Training Epoch: 99/200	Train Loss: 0.0277	Val Accuracy: 2.9
Training Epoch: 100/200	Train Loss: 0.0353	Val Accuracy: 3.22
Training Epoch: 101/200	Train Loss: 0.0561	Val Accuracy: 3.22
Training Epoch: 102/200	Train Loss: 0.0305	Val Accuracy: 3.46
Training Epoch: 103/200	Train Loss: 0.0251	Val Accuracy: 3.46
Training Epoch: 104/200	Train Loss: 0.0239	Val Accuracy: 3.54
Training Epoch: 105/200	Train Loss: 0.0138	Val Accuracy: 3.54
Training Epoch: 106/200	Train Loss: 0.0374	Val Accuracy: 3.5
Training Epoch: 107/200	Train Loss: 0.029	Val Accuracy: 3.5
Training Epoch: 108/200	Train Loss: 0.0203	Val Accuracy: 3.3
Training Epoch: 109/200	Train Loss: 0.016	Val Accuracy: 3.3
Training Epoch: 110/200	Train Loss: 0.0316	Val Accuracy: 3.1
Training Epoch: 111/200	Train Loss: 0.0263	Val Accuracy: 3.1
Training Epoch: 112/200	Train Loss: 0.0286	Val Accuracy: 3.34
Training Epoch: 113/200	Train Loss: 0.034	Val Accuracy: 3.34
Training Epoch: 114/200	Train Loss: 0.1351	Val Accuracy: 3.26
Training Epoch: 115/200	Train Loss: 0.0315	Val Accuracy: 3.26
Training Epoch: 116/200	Train Loss: 0.0474	Val Accuracy: 3.64
Training Epoch: 117/200	Train Loss: 0.0336	Val Accuracy: 3.64
Training Epoch: 118/200	Train Loss: 0.0584	Val Accuracy: 3.2
Training Epoch: 119/200	Train Loss: 0.0475	Val Accuracy: 3.2
Training Epoch: 120/200	Train Loss: 0.0282	Val Accuracy: 3.02
Training Epoch: 121/200	Train Loss: 0.0289	Val Accuracy: 3.02
Training Epoch: 122/200	Train Loss: 0.0207	Val Accuracy: 3.34
Training Epoch: 123/200	Train Loss: 0.0368	Val Accuracy: 3.34
Training Epoch: 124/200	Train Loss: 0.0292	Val Accuracy: 3.26
Training Epoch: 125/200	Train Loss: 0.0617	Val Accuracy: 3.26
Training Epoch: 126/200	Train Loss: 0.0195	Val Accuracy: 3.22
Training Epoch: 127/200	Train Loss: 0.0235	Val Accuracy: 3.22
Training Epoch: 128/200	Train Loss: 0.0088	Val Accuracy: 3.42
Training Epoch: 129/200	Train Loss: 0.0084	Val Accuracy: 3.42
Training Epoch: 130/200	Train Loss: 0.0212	Val Accuracy: 3.1
Training Epoch: 131/200	Train Loss: 0.0126	Val Accuracy: 3.1
Training Epoch: 132/200	Train Loss: 0.0609	Val Accuracy: 3.48
Training Epoch: 133/200	Train Loss: 0.0195	Val Accuracy: 3.48
Training Epoch: 134/200	Train Loss: 0.0306	Val Accuracy: 3.02
Training Epoch: 135/200	Train Loss: 0.0441	Val Accuracy: 3.02
Training Epoch: 136/200	Train Loss: 0.0545	Val Accuracy: 2.98
Training Epoch: 137/200	Train Loss: 0.0186	Val Accuracy: 2.98
Training Epoch: 138/200	Train Loss: 0.0306	Val Accuracy: 3.34
Training Epoch: 139/200	Train Loss: 0.0528	Val Accuracy: 3.34
Training Epoch: 140/200	Train Loss: 0.0207	Val Accuracy: 3.26
Training Epoch: 141/200	Train Loss: 0.0183	Val Accuracy: 3.26
Training Epoch: 142/200	Train Loss: 0.025	Val Accuracy: 2.94
Training Epoch: 143/200	Train Loss: 0.0452	Val Accuracy: 2.94
Training Epoch: 144/200	Train Loss: 0.0513	Val Accuracy: 3.0
Training Epoch: 145/200	Train Loss: 0.0457	Val Accuracy: 3.0
Training Epoch: 146/200	Train Loss: 0.0409	Val Accuracy: 3.08
Training Epoch: 147/200	Train Loss: 0.0289	Val Accuracy: 3.08
Training Epoch: 148/200	Train Loss: 0.0228	Val Accuracy: 3.04
Training Epoch: 149/200	Train Loss: 0.0335	Val Accuracy: 3.04
Training Epoch: 150/200	Train Loss: 0.085	Val Accuracy: 3.48
Training Epoch: 151/200	Train Loss: 0.0252	Val Accuracy: 3.48
Training Epoch: 152/200	Train Loss: 0.0412	Val Accuracy: 3.32
Training Epoch: 153/200	Train Loss: 0.0835	Val Accuracy: 3.32
Training Epoch: 154/200	Train Loss: 0.083	Val Accuracy: 3.38
Training Epoch: 155/200	Train Loss: 0.0934	Val Accuracy: 3.38
Training Epoch: 156/200	Train Loss: 0.1219	Val Accuracy: 2.94
Training Epoch: 157/200	Train Loss: 0.1698	Val Accuracy: 2.94
Training Epoch: 158/200	Train Loss: 0.2019	Val Accuracy: 2.84
Training Epoch: 159/200	Train Loss: 0.0686	Val Accuracy: 2.84
Training Epoch: 160/200	Train Loss: 0.2071	Val Accuracy: 2.72
Training Epoch: 161/200	Train Loss: 0.0781	Val Accuracy: 2.72
Training Epoch: 162/200	Train Loss: 0.0933	Val Accuracy: 2.56
Training Epoch: 163/200	Train Loss: 0.0917	Val Accuracy: 2.56
Training Epoch: 164/200	Train Loss: 0.0674	Val Accuracy: 2.88
Training Epoch: 165/200	Train Loss: 0.092	Val Accuracy: 2.88
Training Epoch: 166/200	Train Loss: 0.0455	Val Accuracy: 2.92
Training Epoch: 167/200	Train Loss: 0.0887	Val Accuracy: 2.92
Training Epoch: 168/200	Train Loss: 0.0543	Val Accuracy: 2.82
Training Epoch: 169/200	Train Loss: 0.107	Val Accuracy: 2.82
Training Epoch: 170/200	Train Loss: 0.1406	Val Accuracy: 3.24
Training Epoch: 171/200	Train Loss: 0.0734	Val Accuracy: 3.24
Training Epoch: 172/200	Train Loss: 0.1217	Val Accuracy: 3.52
Training Epoch: 173/200	Train Loss: 0.0726	Val Accuracy: 3.52
Training Epoch: 174/200	Train Loss: 0.0608	Val Accuracy: 3.28
Training Epoch: 175/200	Train Loss: 0.0924	Val Accuracy: 3.28
Training Epoch: 176/200	Train Loss: 0.0922	Val Accuracy: 2.94
Training Epoch: 177/200	Train Loss: 0.0947	Val Accuracy: 2.94
Training Epoch: 178/200	Train Loss: 0.1023	Val Accuracy: 3.02
Training Epoch: 179/200	Train Loss: 0.0614	Val Accuracy: 3.02
Training Epoch: 180/200	Train Loss: 0.053	Val Accuracy: 2.96
Training Epoch: 181/200	Train Loss: 0.0521	Val Accuracy: 2.96
Training Epoch: 182/200	Train Loss: 0.0358	Val Accuracy: 2.72
Training Epoch: 183/200	Train Loss: 0.0541	Val Accuracy: 2.72
Training Epoch: 184/200	Train Loss: 0.0412	Val Accuracy: 3.12
Training Epoch: 185/200	Train Loss: 0.0616	Val Accuracy: 3.12
Training Epoch: 186/200	Train Loss: 0.0869	Val Accuracy: 3.3
Training Epoch: 187/200	Train Loss: 0.0645	Val Accuracy: 3.3
Training Epoch: 188/200	Train Loss: 0.039	Val Accuracy: 3.34
Training Epoch: 189/200	Train Loss: 0.0265	Val Accuracy: 3.34
Training Epoch: 190/200	Train Loss: 0.0847	Val Accuracy: 3.16
Training Epoch: 191/200	Train Loss: 0.0329	Val Accuracy: 3.16
Training Epoch: 192/200	Train Loss: 0.031	Val Accuracy: 3.28
Training Epoch: 193/200	Train Loss: 0.0227	Val Accuracy: 3.28
Training Epoch: 194/200	Train Loss: 0.082	Val Accuracy: 3.2
Training Epoch: 195/200	Train Loss: 0.0196	Val Accuracy: 3.2
Training Epoch: 196/200	Train Loss: 0.0276	Val Accuracy: 3.1
Training Epoch: 197/200	Train Loss: 0.0621	Val Accuracy: 3.1
Training Epoch: 198/200	Train Loss: 0.0458	Val Accuracy: 2.96
Training Epoch: 199/200	Train Loss: 0.1808	Val Accuracy: 2.96
Training Epoch: 200/200	Train Loss: 0.057	Val Accuracy: 3.26

Wrote Best Model Checkpoint to: vlBest_acc_3_model_epoch_0048.pyth

Best Validation Accuracy: 3.9
Best Epoch: 48

======== TESTING ========

Test Accuracy: 2.85.

======== ACTIVE SAMPLING ========

len(uSetLoader): 946
u_ranks.shape: (94550,)
Active Sampling Complete. After Episode 8:
New Labeled Set: 500, New Unlabeled Set: 94500, Active Set: 50

================================


Current accuracy values:  [1.7900000000000063, 1.5400000000000063, 1.6200000000000045, 1.9699999999999989, 2.0600000000000023, 2.5999999999999943, 2.260000000000005, 2.6400000000000006, 2.8499999999999943]
======== EPISODE 9 BEGINS ========

======== TRAINING ========
Training Epoch: 1/200	Train Loss: 0.983	Val Accuracy: 0.0
Training Epoch: 2/200	Train Loss: 0.9696	Val Accuracy: 2.94
Training Epoch: 3/200	Train Loss: 0.5913	Val Accuracy: 2.94
Training Epoch: 4/200	Train Loss: 0.4176	Val Accuracy: 2.54
Training Epoch: 5/200	Train Loss: 0.3464	Val Accuracy: 2.54
Training Epoch: 6/200	Train Loss: 0.2773	Val Accuracy: 2.56
Training Epoch: 7/200	Train Loss: 0.2837	Val Accuracy: 2.56
Training Epoch: 8/200	Train Loss: 0.2911	Val Accuracy: 3.12
Training Epoch: 9/200	Train Loss: 0.3811	Val Accuracy: 3.12
Training Epoch: 10/200	Train Loss: 0.105	Val Accuracy: 3.18
Training Epoch: 11/200	Train Loss: 0.2305	Val Accuracy: 3.18
Training Epoch: 12/200	Train Loss: 0.1256	Val Accuracy: 3.22
Training Epoch: 13/200	Train Loss: 0.0778	Val Accuracy: 3.22
Training Epoch: 14/200	Train Loss: 0.135	Val Accuracy: 3.24
Training Epoch: 15/200	Train Loss: 0.1686	Val Accuracy: 3.24
Training Epoch: 16/200	Train Loss: 0.1101	Val Accuracy: 3.34
Training Epoch: 17/200	Train Loss: 0.1013	Val Accuracy: 3.34
Training Epoch: 18/200	Train Loss: 0.1169	Val Accuracy: 2.84
Training Epoch: 19/200	Train Loss: 0.0701	Val Accuracy: 2.84
Training Epoch: 20/200	Train Loss: 0.0615	Val Accuracy: 3.1
Training Epoch: 21/200	Train Loss: 0.0369	Val Accuracy: 3.1
Training Epoch: 22/200	Train Loss: 0.0338	Val Accuracy: 3.56
Training Epoch: 23/200	Train Loss: 0.0438	Val Accuracy: 3.56
Training Epoch: 24/200	Train Loss: 0.0829	Val Accuracy: 3.28
Training Epoch: 25/200	Train Loss: 0.0271	Val Accuracy: 3.28
Training Epoch: 26/200	Train Loss: 0.0922	Val Accuracy: 3.62
Training Epoch: 27/200	Train Loss: 0.0692	Val Accuracy: 3.62
Training Epoch: 28/200	Train Loss: 0.0476	Val Accuracy: 3.16
Training Epoch: 29/200	Train Loss: 0.1215	Val Accuracy: 3.16
Training Epoch: 30/200	Train Loss: 0.076	Val Accuracy: 3.42
Training Epoch: 31/200	Train Loss: 0.0577	Val Accuracy: 3.42
Training Epoch: 32/200	Train Loss: 0.0397	Val Accuracy: 3.54
Training Epoch: 33/200	Train Loss: 0.0895	Val Accuracy: 3.54
Training Epoch: 34/200	Train Loss: 0.0207	Val Accuracy: 3.28
Training Epoch: 35/200	Train Loss: 0.0589	Val Accuracy: 3.28
Training Epoch: 36/200	Train Loss: 0.0199	Val Accuracy: 3.7
Training Epoch: 37/200	Train Loss: 0.027	Val Accuracy: 3.7
Training Epoch: 38/200	Train Loss: 0.0394	Val Accuracy: 3.22
Training Epoch: 39/200	Train Loss: 0.0231	Val Accuracy: 3.22
Training Epoch: 40/200	Train Loss: 0.0291	Val Accuracy: 3.44
Training Epoch: 41/200	Train Loss: 0.0233	Val Accuracy: 3.44
Training Epoch: 42/200	Train Loss: 0.0128	Val Accuracy: 3.92
Training Epoch: 43/200	Train Loss: 0.0211	Val Accuracy: 3.92
Training Epoch: 44/200	Train Loss: 0.0115	Val Accuracy: 3.4
Training Epoch: 45/200	Train Loss: 0.0109	Val Accuracy: 3.4
Training Epoch: 46/200	Train Loss: 0.0205	Val Accuracy: 3.6
Training Epoch: 47/200	Train Loss: 0.0188	Val Accuracy: 3.6
Training Epoch: 48/200	Train Loss: 0.0228	Val Accuracy: 3.36
Training Epoch: 49/200	Train Loss: 0.0267	Val Accuracy: 3.36
Training Epoch: 50/200	Train Loss: 0.0256	Val Accuracy: 3.82
Training Epoch: 51/200	Train Loss: 0.0184	Val Accuracy: 3.82
Training Epoch: 52/200	Train Loss: 0.0348	Val Accuracy: 3.78
Training Epoch: 53/200	Train Loss: 0.05	Val Accuracy: 3.78
Training Epoch: 54/200	Train Loss: 0.0625	Val Accuracy: 3.22
Training Epoch: 55/200	Train Loss: 0.0395	Val Accuracy: 3.22
Training Epoch: 56/200	Train Loss: 0.0619	Val Accuracy: 3.34
Training Epoch: 57/200	Train Loss: 0.1745	Val Accuracy: 3.34
Training Epoch: 58/200	Train Loss: 0.0301	Val Accuracy: 3.16
Training Epoch: 59/200	Train Loss: 0.0333	Val Accuracy: 3.16
Training Epoch: 60/200	Train Loss: 0.0676	Val Accuracy: 3.56
Training Epoch: 61/200	Train Loss: 0.0913	Val Accuracy: 3.56
Training Epoch: 62/200	Train Loss: 0.0687	Val Accuracy: 3.66
Training Epoch: 63/200	Train Loss: 0.1269	Val Accuracy: 3.66
Training Epoch: 64/200	Train Loss: 0.0895	Val Accuracy: 3.52
Training Epoch: 65/200	Train Loss: 0.0742	Val Accuracy: 3.52
Training Epoch: 66/200	Train Loss: 0.071	Val Accuracy: 3.76
Training Epoch: 67/200	Train Loss: 0.0341	Val Accuracy: 3.76
Training Epoch: 68/200	Train Loss: 0.0326	Val Accuracy: 3.68
Training Epoch: 69/200	Train Loss: 0.0523	Val Accuracy: 3.68
Training Epoch: 70/200	Train Loss: 0.1534	Val Accuracy: 3.48
Training Epoch: 71/200	Train Loss: 0.1014	Val Accuracy: 3.48
Training Epoch: 72/200	Train Loss: 0.0625	Val Accuracy: 3.04
Training Epoch: 73/200	Train Loss: 0.0611	Val Accuracy: 3.04
Training Epoch: 74/200	Train Loss: 0.0959	Val Accuracy: 3.2
Training Epoch: 75/200	Train Loss: 0.1049	Val Accuracy: 3.2
Training Epoch: 76/200	Train Loss: 0.0495	Val Accuracy: 3.6
Training Epoch: 77/200	Train Loss: 0.0479	Val Accuracy: 3.6
Training Epoch: 78/200	Train Loss: 0.0742	Val Accuracy: 3.82
Training Epoch: 79/200	Train Loss: 0.082	Val Accuracy: 3.82
Training Epoch: 80/200	Train Loss: 0.0491	Val Accuracy: 3.52
Training Epoch: 81/200	Train Loss: 0.0497	Val Accuracy: 3.52
Training Epoch: 82/200	Train Loss: 0.0247	Val Accuracy: 3.38
Training Epoch: 83/200	Train Loss: 0.0376	Val Accuracy: 3.38
Training Epoch: 84/200	Train Loss: 0.094	Val Accuracy: 3.2
Training Epoch: 85/200	Train Loss: 0.0589	Val Accuracy: 3.2
Training Epoch: 86/200	Train Loss: 0.0817	Val Accuracy: 3.48
Training Epoch: 87/200	Train Loss: 0.049	Val Accuracy: 3.48
Training Epoch: 88/200	Train Loss: 0.1025	Val Accuracy: 3.48
Training Epoch: 89/200	Train Loss: 0.0524	Val Accuracy: 3.48
Training Epoch: 90/200	Train Loss: 0.06	Val Accuracy: 3.78
Training Epoch: 91/200	Train Loss: 0.0666	Val Accuracy: 3.78
Training Epoch: 92/200	Train Loss: 0.1002	Val Accuracy: 3.08
Training Epoch: 93/200	Train Loss: 0.1114	Val Accuracy: 3.08
Training Epoch: 94/200	Train Loss: 0.2035	Val Accuracy: 3.44
Training Epoch: 95/200	Train Loss: 0.0897	Val Accuracy: 3.44
Training Epoch: 96/200	Train Loss: 0.0666	Val Accuracy: 3.18
Training Epoch: 97/200	Train Loss: 0.0988	Val Accuracy: 3.18
Training Epoch: 98/200	Train Loss: 0.0265	Val Accuracy: 3.28
Training Epoch: 99/200	Train Loss: 0.0459	Val Accuracy: 3.28
Training Epoch: 100/200	Train Loss: 0.0429	Val Accuracy: 3.38
Training Epoch: 101/200	Train Loss: 0.033	Val Accuracy: 3.38
Training Epoch: 102/200	Train Loss: 0.1004	Val Accuracy: 3.42
Training Epoch: 103/200	Train Loss: 0.0348	Val Accuracy: 3.42
Training Epoch: 104/200	Train Loss: 0.061	Val Accuracy: 3.2
Training Epoch: 105/200	Train Loss: 0.1189	Val Accuracy: 3.2
Training Epoch: 106/200	Train Loss: 0.0255	Val Accuracy: 3.52
Training Epoch: 107/200	Train Loss: 0.1262	Val Accuracy: 3.52
Training Epoch: 108/200	Train Loss: 0.0373	Val Accuracy: 3.56
Training Epoch: 109/200	Train Loss: 0.0364	Val Accuracy: 3.56
Training Epoch: 110/200	Train Loss: 0.0423	Val Accuracy: 3.52
Training Epoch: 111/200	Train Loss: 0.0222	Val Accuracy: 3.52
Training Epoch: 112/200	Train Loss: 0.0182	Val Accuracy: 3.66
Training Epoch: 113/200	Train Loss: 0.0429	Val Accuracy: 3.66
Training Epoch: 114/200	Train Loss: 0.0354	Val Accuracy: 3.46
Training Epoch: 115/200	Train Loss: 0.06	Val Accuracy: 3.46
Training Epoch: 116/200	Train Loss: 0.0319	Val Accuracy: 3.52
Training Epoch: 117/200	Train Loss: 0.0289	Val Accuracy: 3.52
Training Epoch: 118/200	Train Loss: 0.0493	Val Accuracy: 3.34
Training Epoch: 119/200	Train Loss: 0.0453	Val Accuracy: 3.34
Training Epoch: 120/200	Train Loss: 0.0298	Val Accuracy: 3.62
Training Epoch: 121/200	Train Loss: 0.0662	Val Accuracy: 3.62
Training Epoch: 122/200	Train Loss: 0.02	Val Accuracy: 3.36
Training Epoch: 123/200	Train Loss: 0.0758	Val Accuracy: 3.36
Training Epoch: 124/200	Train Loss: 0.1234	Val Accuracy: 3.5
Training Epoch: 125/200	Train Loss: 0.0203	Val Accuracy: 3.5
Training Epoch: 126/200	Train Loss: 0.0536	Val Accuracy: 3.5
Training Epoch: 127/200	Train Loss: 0.066	Val Accuracy: 3.5
Training Epoch: 128/200	Train Loss: 0.0658	Val Accuracy: 3.52
Training Epoch: 129/200	Train Loss: 0.0813	Val Accuracy: 3.52
Training Epoch: 130/200	Train Loss: 0.0772	Val Accuracy: 3.44
Training Epoch: 131/200	Train Loss: 0.0453	Val Accuracy: 3.44
Training Epoch: 132/200	Train Loss: 0.0978	Val Accuracy: 3.28
Training Epoch: 133/200	Train Loss: 0.0666	Val Accuracy: 3.28
Training Epoch: 134/200	Train Loss: 0.0814	Val Accuracy: 3.4
Training Epoch: 135/200	Train Loss: 0.1053	Val Accuracy: 3.4
Training Epoch: 136/200	Train Loss: 0.0692	Val Accuracy: 3.22
Training Epoch: 137/200	Train Loss: 0.1214	Val Accuracy: 3.22
Training Epoch: 138/200	Train Loss: 0.1055	Val Accuracy: 3.32
Training Epoch: 139/200	Train Loss: 0.0534	Val Accuracy: 3.32
Training Epoch: 140/200	Train Loss: 0.1379	Val Accuracy: 3.24
Training Epoch: 141/200	Train Loss: 0.0845	Val Accuracy: 3.24
Training Epoch: 142/200	Train Loss: 0.0607	Val Accuracy: 3.16
Training Epoch: 143/200	Train Loss: 0.0874	Val Accuracy: 3.16
Training Epoch: 144/200	Train Loss: 0.1004	Val Accuracy: 3.38
Training Epoch: 145/200	Train Loss: 0.089	Val Accuracy: 3.38
Training Epoch: 146/200	Train Loss: 0.0932	Val Accuracy: 3.38
Training Epoch: 147/200	Train Loss: 0.06	Val Accuracy: 3.38
Training Epoch: 148/200	Train Loss: 0.12	Val Accuracy: 3.54
Training Epoch: 149/200	Train Loss: 0.0908	Val Accuracy: 3.54
Training Epoch: 150/200	Train Loss: 0.2244	Val Accuracy: 3.32
Training Epoch: 151/200	Train Loss: 0.0768	Val Accuracy: 3.32
Training Epoch: 152/200	Train Loss: 0.0843	Val Accuracy: 3.48
Training Epoch: 153/200	Train Loss: 0.0533	Val Accuracy: 3.48
Training Epoch: 154/200	Train Loss: 0.1217	Val Accuracy: 3.54
Training Epoch: 155/200	Train Loss: 0.0761	Val Accuracy: 3.54
Training Epoch: 156/200	Train Loss: 0.0764	Val Accuracy: 3.58
Training Epoch: 157/200	Train Loss: 0.0853	Val Accuracy: 3.58
Training Epoch: 158/200	Train Loss: 0.0927	Val Accuracy: 3.52
Training Epoch: 159/200	Train Loss: 0.2	Val Accuracy: 3.52
Training Epoch: 160/200	Train Loss: 0.1025	Val Accuracy: 3.18
Training Epoch: 161/200	Train Loss: 0.0564	Val Accuracy: 3.18
Training Epoch: 162/200	Train Loss: 0.0871	Val Accuracy: 3.64
Training Epoch: 163/200	Train Loss: 0.0671	Val Accuracy: 3.64
Training Epoch: 164/200	Train Loss: 0.1097	Val Accuracy: 3.22
Training Epoch: 165/200	Train Loss: 0.0651	Val Accuracy: 3.22
Training Epoch: 166/200	Train Loss: 0.048	Val Accuracy: 3.54
Training Epoch: 167/200	Train Loss: 0.1147	Val Accuracy: 3.54
Training Epoch: 168/200	Train Loss: 0.1147	Val Accuracy: 3.26
Training Epoch: 169/200	Train Loss: 0.0685	Val Accuracy: 3.26
Training Epoch: 170/200	Train Loss: 0.0484	Val Accuracy: 3.44
Training Epoch: 171/200	Train Loss: 0.0438	Val Accuracy: 3.44
Training Epoch: 172/200	Train Loss: 0.038	Val Accuracy: 3.44
Training Epoch: 173/200	Train Loss: 0.0343	Val Accuracy: 3.44
Training Epoch: 174/200	Train Loss: 0.0936	Val Accuracy: 3.6
Training Epoch: 175/200	Train Loss: 0.0319	Val Accuracy: 3.6
Training Epoch: 176/200	Train Loss: 0.0226	Val Accuracy: 3.56
Training Epoch: 177/200	Train Loss: 0.0453	Val Accuracy: 3.56
Training Epoch: 178/200	Train Loss: 0.041	Val Accuracy: 3.62
Training Epoch: 179/200	Train Loss: 0.0626	Val Accuracy: 3.62
Training Epoch: 180/200	Train Loss: 0.0411	Val Accuracy: 3.6
Training Epoch: 181/200	Train Loss: 0.0132	Val Accuracy: 3.6
Training Epoch: 182/200	Train Loss: 0.0269	Val Accuracy: 3.58
Training Epoch: 183/200	Train Loss: 0.0343	Val Accuracy: 3.58
Training Epoch: 184/200	Train Loss: 0.0251	Val Accuracy: 3.7
Training Epoch: 185/200	Train Loss: 0.0764	Val Accuracy: 3.7
Training Epoch: 186/200	Train Loss: 0.0189	Val Accuracy: 3.98
Training Epoch: 187/200	Train Loss: 0.0169	Val Accuracy: 3.98
Training Epoch: 188/200	Train Loss: 0.099	Val Accuracy: 3.62
Training Epoch: 189/200	Train Loss: 0.0115	Val Accuracy: 3.62
Training Epoch: 190/200	Train Loss: 0.083	Val Accuracy: 3.7
Training Epoch: 191/200	Train Loss: 0.0267	Val Accuracy: 3.7
Training Epoch: 192/200	Train Loss: 0.0106	Val Accuracy: 3.8
Training Epoch: 193/200	Train Loss: 0.0141	Val Accuracy: 3.8
Training Epoch: 194/200	Train Loss: 0.0205	Val Accuracy: 3.76
Training Epoch: 195/200	Train Loss: 0.0179	Val Accuracy: 3.76
Training Epoch: 196/200	Train Loss: 0.0095	Val Accuracy: 3.78
Training Epoch: 197/200	Train Loss: 0.0338	Val Accuracy: 3.78
Training Epoch: 198/200	Train Loss: 0.0063	Val Accuracy: 4.16
Training Epoch: 199/200	Train Loss: 0.0094	Val Accuracy: 4.16
Training Epoch: 200/200	Train Loss: 0.0077	Val Accuracy: 3.82

Wrote Best Model Checkpoint to: vlBest_acc_4_model_epoch_0198.pyth

Best Validation Accuracy: 4.16
Best Epoch: 198

======== TESTING ========

Test Accuracy: 3.56.

======== ACTIVE SAMPLING ========

len(uSetLoader): 945
u_ranks.shape: (94500,)
Active Sampling Complete. After Episode 9:
New Labeled Set: 550, New Unlabeled Set: 94450, Active Set: 50

================================


Current accuracy values:  [1.7900000000000063, 1.5400000000000063, 1.6200000000000045, 1.9699999999999989, 2.0600000000000023, 2.5999999999999943, 2.260000000000005, 2.6400000000000006, 2.8499999999999943, 3.5600000000000023]
======== EPISODE 10 BEGINS ========

======== TRAINING ========
Training Epoch: 1/200	Train Loss: 0.8106	Val Accuracy: 0.0
Training Epoch: 2/200	Train Loss: 0.5222	Val Accuracy: 3.0
Training Epoch: 3/200	Train Loss: 0.3443	Val Accuracy: 3.0
Training Epoch: 4/200	Train Loss: 0.549	Val Accuracy: 2.96
Training Epoch: 5/200	Train Loss: 0.4045	Val Accuracy: 2.96
Training Epoch: 6/200	Train Loss: 0.2072	Val Accuracy: 3.5
Training Epoch: 7/200	Train Loss: 0.2072	Val Accuracy: 3.5
Training Epoch: 8/200	Train Loss: 0.3069	Val Accuracy: 3.14
Training Epoch: 9/200	Train Loss: 0.1183	Val Accuracy: 3.14
Training Epoch: 10/200	Train Loss: 0.2204	Val Accuracy: 3.24
Training Epoch: 11/200	Train Loss: 0.1029	Val Accuracy: 3.24
Training Epoch: 12/200	Train Loss: 0.0656	Val Accuracy: 3.22
Training Epoch: 13/200	Train Loss: 0.0552	Val Accuracy: 3.22
Training Epoch: 14/200	Train Loss: 0.1315	Val Accuracy: 3.66
Training Epoch: 15/200	Train Loss: 0.186	Val Accuracy: 3.66
Training Epoch: 16/200	Train Loss: 0.1791	Val Accuracy: 3.36
Training Epoch: 17/200	Train Loss: 0.0771	Val Accuracy: 3.36
Training Epoch: 18/200	Train Loss: 0.058	Val Accuracy: 3.3
Training Epoch: 19/200	Train Loss: 0.1684	Val Accuracy: 3.3
Training Epoch: 20/200	Train Loss: 0.0762	Val Accuracy: 3.76
Training Epoch: 21/200	Train Loss: 0.0731	Val Accuracy: 3.76
Training Epoch: 22/200	Train Loss: 0.0917	Val Accuracy: 3.54
Training Epoch: 23/200	Train Loss: 0.137	Val Accuracy: 3.54
Training Epoch: 24/200	Train Loss: 0.0365	Val Accuracy: 3.66
Training Epoch: 25/200	Train Loss: 0.0842	Val Accuracy: 3.66
Training Epoch: 26/200	Train Loss: 0.0708	Val Accuracy: 3.58
Training Epoch: 27/200	Train Loss: 0.0545	Val Accuracy: 3.58
Training Epoch: 28/200	Train Loss: 0.0384	Val Accuracy: 3.38
Training Epoch: 29/200	Train Loss: 0.0554	Val Accuracy: 3.38
Training Epoch: 30/200	Train Loss: 0.0659	Val Accuracy: 3.64
Training Epoch: 31/200	Train Loss: 0.0674	Val Accuracy: 3.64
Training Epoch: 32/200	Train Loss: 0.0379	Val Accuracy: 3.52
Training Epoch: 33/200	Train Loss: 0.0247	Val Accuracy: 3.52
Training Epoch: 34/200	Train Loss: 0.038	Val Accuracy: 3.64
Training Epoch: 35/200	Train Loss: 0.0527	Val Accuracy: 3.64
Training Epoch: 36/200	Train Loss: 0.0188	Val Accuracy: 3.56
Training Epoch: 37/200	Train Loss: 0.0347	Val Accuracy: 3.56
Training Epoch: 38/200	Train Loss: 0.0369	Val Accuracy: 3.76
Training Epoch: 39/200	Train Loss: 0.0513	Val Accuracy: 3.76
Training Epoch: 40/200	Train Loss: 0.0452	Val Accuracy: 3.78
Training Epoch: 41/200	Train Loss: 0.0475	Val Accuracy: 3.78
Training Epoch: 42/200	Train Loss: 0.0337	Val Accuracy: 3.98
Training Epoch: 43/200	Train Loss: 0.0118	Val Accuracy: 3.98
Training Epoch: 44/200	Train Loss: 0.0244	Val Accuracy: 3.66
Training Epoch: 45/200	Train Loss: 0.0334	Val Accuracy: 3.66
Training Epoch: 46/200	Train Loss: 0.0263	Val Accuracy: 4.04
Training Epoch: 47/200	Train Loss: 0.0585	Val Accuracy: 4.04
Training Epoch: 48/200	Train Loss: 0.0126	Val Accuracy: 3.4
Training Epoch: 49/200	Train Loss: 0.0324	Val Accuracy: 3.4
Training Epoch: 50/200	Train Loss: 0.0385	Val Accuracy: 3.56
Training Epoch: 51/200	Train Loss: 0.0204	Val Accuracy: 3.56
Training Epoch: 52/200	Train Loss: 0.01	Val Accuracy: 3.88
Training Epoch: 53/200	Train Loss: 0.0256	Val Accuracy: 3.88
Training Epoch: 54/200	Train Loss: 0.0327	Val Accuracy: 3.68
Training Epoch: 55/200	Train Loss: 0.0435	Val Accuracy: 3.68
Training Epoch: 56/200	Train Loss: 0.0331	Val Accuracy: 3.78
Training Epoch: 57/200	Train Loss: 0.0087	Val Accuracy: 3.78
Training Epoch: 58/200	Train Loss: 0.0561	Val Accuracy: 3.72
Training Epoch: 59/200	Train Loss: 0.0488	Val Accuracy: 3.72
Training Epoch: 60/200	Train Loss: 0.0242	Val Accuracy: 3.28
Training Epoch: 61/200	Train Loss: 0.022	Val Accuracy: 3.28
Training Epoch: 62/200	Train Loss: 0.0173	Val Accuracy: 3.44
Training Epoch: 63/200	Train Loss: 0.0227	Val Accuracy: 3.44
Training Epoch: 64/200	Train Loss: 0.0427	Val Accuracy: 4.04
Training Epoch: 65/200	Train Loss: 0.0377	Val Accuracy: 4.04
Training Epoch: 66/200	Train Loss: 0.0781	Val Accuracy: 3.92
Training Epoch: 67/200	Train Loss: 0.0303	Val Accuracy: 3.92
Training Epoch: 68/200	Train Loss: 0.0391	Val Accuracy: 3.84
Training Epoch: 69/200	Train Loss: 0.0596	Val Accuracy: 3.84
Training Epoch: 70/200	Train Loss: 0.0334	Val Accuracy: 3.88
Training Epoch: 71/200	Train Loss: 0.0521	Val Accuracy: 3.88
Training Epoch: 72/200	Train Loss: 0.0329	Val Accuracy: 3.58
Training Epoch: 73/200	Train Loss: 0.051	Val Accuracy: 3.58
Training Epoch: 74/200	Train Loss: 0.0292	Val Accuracy: 3.62
Training Epoch: 75/200	Train Loss: 0.0612	Val Accuracy: 3.62
Training Epoch: 76/200	Train Loss: 0.1388	Val Accuracy: 3.26
Training Epoch: 77/200	Train Loss: 0.0485	Val Accuracy: 3.26
Training Epoch: 78/200	Train Loss: 0.053	Val Accuracy: 3.9
Training Epoch: 79/200	Train Loss: 0.1281	Val Accuracy: 3.9
Training Epoch: 80/200	Train Loss: 0.0506	Val Accuracy: 3.3
Training Epoch: 81/200	Train Loss: 0.0451	Val Accuracy: 3.3
Training Epoch: 82/200	Train Loss: 0.0473	Val Accuracy: 3.26
Training Epoch: 83/200	Train Loss: 0.061	Val Accuracy: 3.26
Training Epoch: 84/200	Train Loss: 0.0578	Val Accuracy: 3.36
Training Epoch: 85/200	Train Loss: 0.0768	Val Accuracy: 3.36
Training Epoch: 86/200	Train Loss: 0.103	Val Accuracy: 2.82
Training Epoch: 87/200	Train Loss: 0.0562	Val Accuracy: 2.82
Training Epoch: 88/200	Train Loss: 0.1069	Val Accuracy: 3.56
Training Epoch: 89/200	Train Loss: 0.1331	Val Accuracy: 3.56
Training Epoch: 90/200	Train Loss: 0.1494	Val Accuracy: 3.48
Training Epoch: 91/200	Train Loss: 0.0741	Val Accuracy: 3.48
Training Epoch: 92/200	Train Loss: 0.1243	Val Accuracy: 3.6
Training Epoch: 93/200	Train Loss: 0.0436	Val Accuracy: 3.6
Training Epoch: 94/200	Train Loss: 0.1658	Val Accuracy: 3.22
Training Epoch: 95/200	Train Loss: 0.1002	Val Accuracy: 3.22
Training Epoch: 96/200	Train Loss: 0.1827	Val Accuracy: 3.2
Training Epoch: 97/200	Train Loss: 0.0628	Val Accuracy: 3.2
Training Epoch: 98/200	Train Loss: 0.0426	Val Accuracy: 3.5
Training Epoch: 99/200	Train Loss: 0.1269	Val Accuracy: 3.5
Training Epoch: 100/200	Train Loss: 0.0913	Val Accuracy: 2.92
Training Epoch: 101/200	Train Loss: 0.0495	Val Accuracy: 2.92
Training Epoch: 102/200	Train Loss: 0.1098	Val Accuracy: 3.24
Training Epoch: 103/200	Train Loss: 0.0854	Val Accuracy: 3.24
Training Epoch: 104/200	Train Loss: 0.0982	Val Accuracy: 3.78
Training Epoch: 105/200	Train Loss: 0.136	Val Accuracy: 3.78
Training Epoch: 106/200	Train Loss: 0.0669	Val Accuracy: 3.68
Training Epoch: 107/200	Train Loss: 0.0956	Val Accuracy: 3.68
Training Epoch: 108/200	Train Loss: 0.0625	Val Accuracy: 3.34
Training Epoch: 109/200	Train Loss: 0.0888	Val Accuracy: 3.34
Training Epoch: 110/200	Train Loss: 0.1578	Val Accuracy: 3.58
Training Epoch: 111/200	Train Loss: 0.0431	Val Accuracy: 3.58
Training Epoch: 112/200	Train Loss: 0.1178	Val Accuracy: 3.46
Training Epoch: 113/200	Train Loss: 0.046	Val Accuracy: 3.46
Training Epoch: 114/200	Train Loss: 0.0377	Val Accuracy: 3.7
Training Epoch: 115/200	Train Loss: 0.0653	Val Accuracy: 3.7
Training Epoch: 116/200	Train Loss: 0.019	Val Accuracy: 3.46
Training Epoch: 117/200	Train Loss: 0.0823	Val Accuracy: 3.46
Training Epoch: 118/200	Train Loss: 0.0661	Val Accuracy: 4.0
Training Epoch: 119/200	Train Loss: 0.1477	Val Accuracy: 4.0
Training Epoch: 120/200	Train Loss: 0.044	Val Accuracy: 3.46
Training Epoch: 121/200	Train Loss: 0.0607	Val Accuracy: 3.46
Training Epoch: 122/200	Train Loss: 0.0851	Val Accuracy: 2.96
Training Epoch: 123/200	Train Loss: 0.0707	Val Accuracy: 2.96
Training Epoch: 124/200	Train Loss: 0.0892	Val Accuracy: 3.42
Training Epoch: 125/200	Train Loss: 0.0776	Val Accuracy: 3.42
Training Epoch: 126/200	Train Loss: 0.0455	Val Accuracy: 3.7
Training Epoch: 127/200	Train Loss: 0.0991	Val Accuracy: 3.7
Training Epoch: 128/200	Train Loss: 0.0706	Val Accuracy: 3.76
Training Epoch: 129/200	Train Loss: 0.0563	Val Accuracy: 3.76
Training Epoch: 130/200	Train Loss: 0.0618	Val Accuracy: 3.06
Training Epoch: 131/200	Train Loss: 0.0605	Val Accuracy: 3.06
Training Epoch: 132/200	Train Loss: 0.0544	Val Accuracy: 3.38
Training Epoch: 133/200	Train Loss: 0.0223	Val Accuracy: 3.38
Training Epoch: 134/200	Train Loss: 0.0488	Val Accuracy: 3.62
Training Epoch: 135/200	Train Loss: 0.1357	Val Accuracy: 3.62
Training Epoch: 136/200	Train Loss: 0.0379	Val Accuracy: 3.7
Training Epoch: 137/200	Train Loss: 0.0179	Val Accuracy: 3.7
Training Epoch: 138/200	Train Loss: 0.0368	Val Accuracy: 3.78
Training Epoch: 139/200	Train Loss: 0.0454	Val Accuracy: 3.78
Training Epoch: 140/200	Train Loss: 0.0119	Val Accuracy: 3.12
Training Epoch: 141/200	Train Loss: 0.0307	Val Accuracy: 3.12
Training Epoch: 142/200	Train Loss: 0.0173	Val Accuracy: 3.68
Training Epoch: 143/200	Train Loss: 0.026	Val Accuracy: 3.68
Training Epoch: 144/200	Train Loss: 0.0163	Val Accuracy: 3.72
Training Epoch: 145/200	Train Loss: 0.0162	Val Accuracy: 3.72
Training Epoch: 146/200	Train Loss: 0.0367	Val Accuracy: 3.82
Training Epoch: 147/200	Train Loss: 0.0333	Val Accuracy: 3.82
Training Epoch: 148/200	Train Loss: 0.0148	Val Accuracy: 4.0
Training Epoch: 149/200	Train Loss: 0.073	Val Accuracy: 4.0
Training Epoch: 150/200	Train Loss: 0.0833	Val Accuracy: 3.58
Training Epoch: 151/200	Train Loss: 0.078	Val Accuracy: 3.58
Training Epoch: 152/200	Train Loss: 0.0314	Val Accuracy: 3.6
Training Epoch: 153/200	Train Loss: 0.0208	Val Accuracy: 3.6
Training Epoch: 154/200	Train Loss: 0.0374	Val Accuracy: 3.78
Training Epoch: 155/200	Train Loss: 0.0225	Val Accuracy: 3.78
Training Epoch: 156/200	Train Loss: 0.0267	Val Accuracy: 3.76
Training Epoch: 157/200	Train Loss: 0.0216	Val Accuracy: 3.76
Training Epoch: 158/200	Train Loss: 0.0299	Val Accuracy: 3.68
Training Epoch: 159/200	Train Loss: 0.0514	Val Accuracy: 3.68
Training Epoch: 160/200	Train Loss: 0.0794	Val Accuracy: 4.0
Training Epoch: 161/200	Train Loss: 0.0201	Val Accuracy: 4.0
Training Epoch: 162/200	Train Loss: 0.0226	Val Accuracy: 3.78
Training Epoch: 163/200	Train Loss: 0.0822	Val Accuracy: 3.78
Training Epoch: 164/200	Train Loss: 0.0194	Val Accuracy: 3.68
Training Epoch: 165/200	Train Loss: 0.0322	Val Accuracy: 3.68
Training Epoch: 166/200	Train Loss: 0.0611	Val Accuracy: 3.82
Training Epoch: 167/200	Train Loss: 0.0668	Val Accuracy: 3.82
Training Epoch: 168/200	Train Loss: 0.1202	Val Accuracy: 3.68
Training Epoch: 169/200	Train Loss: 0.0751	Val Accuracy: 3.68
Training Epoch: 170/200	Train Loss: 0.1551	Val Accuracy: 3.26
Training Epoch: 171/200	Train Loss: 0.1011	Val Accuracy: 3.26
Training Epoch: 172/200	Train Loss: 0.0741	Val Accuracy: 3.04
Training Epoch: 173/200	Train Loss: 0.0993	Val Accuracy: 3.04
Training Epoch: 174/200	Train Loss: 0.1398	Val Accuracy: 3.08
Training Epoch: 175/200	Train Loss: 0.0337	Val Accuracy: 3.08
Training Epoch: 176/200	Train Loss: 0.0501	Val Accuracy: 3.18
Training Epoch: 177/200	Train Loss: 0.072	Val Accuracy: 3.18
Training Epoch: 178/200	Train Loss: 0.0463	Val Accuracy: 4.1
Training Epoch: 179/200	Train Loss: 0.116	Val Accuracy: 4.1
Training Epoch: 180/200	Train Loss: 0.0461	Val Accuracy: 3.42
Training Epoch: 181/200	Train Loss: 0.1252	Val Accuracy: 3.42
Training Epoch: 182/200	Train Loss: 0.0321	Val Accuracy: 3.46
Training Epoch: 183/200	Train Loss: 0.0611	Val Accuracy: 3.46
Training Epoch: 184/200	Train Loss: 0.0808	Val Accuracy: 3.46
Training Epoch: 185/200	Train Loss: 0.0654	Val Accuracy: 3.46
Training Epoch: 186/200	Train Loss: 0.0473	Val Accuracy: 2.92
Training Epoch: 187/200	Train Loss: 0.0762	Val Accuracy: 2.92
Training Epoch: 188/200	Train Loss: 0.1179	Val Accuracy: 3.12
Training Epoch: 189/200	Train Loss: 0.0432	Val Accuracy: 3.12
Training Epoch: 190/200	Train Loss: 0.0582	Val Accuracy: 3.5
Training Epoch: 191/200	Train Loss: 0.093	Val Accuracy: 3.5
Training Epoch: 192/200	Train Loss: 0.0795	Val Accuracy: 3.46
Training Epoch: 193/200	Train Loss: 0.0461	Val Accuracy: 3.46
Training Epoch: 194/200	Train Loss: 0.0499	Val Accuracy: 3.14
Training Epoch: 195/200	Train Loss: 0.0593	Val Accuracy: 3.14
Training Epoch: 196/200	Train Loss: 0.041	Val Accuracy: 3.28
Training Epoch: 197/200	Train Loss: 0.0392	Val Accuracy: 3.28
Training Epoch: 198/200	Train Loss: 0.0307	Val Accuracy: 3.72
Training Epoch: 199/200	Train Loss: 0.0347	Val Accuracy: 3.72
Training Epoch: 200/200	Train Loss: 0.0867	Val Accuracy: 3.5

Wrote Best Model Checkpoint to: vlBest_acc_4_model_epoch_0178.pyth

Best Validation Accuracy: 4.1
Best Epoch: 178

======== TESTING ========

Test Accuracy: 3.3.

======== ACTIVE SAMPLING ========

len(uSetLoader): 945
u_ranks.shape: (94450,)
Active Sampling Complete. After Episode 10:
New Labeled Set: 600, New Unlabeled Set: 94400, Active Set: 50

================================


Current accuracy values:  [1.7900000000000063, 1.5400000000000063, 1.6200000000000045, 1.9699999999999989, 2.0600000000000023, 2.5999999999999943, 2.260000000000005, 2.6400000000000006, 2.8499999999999943, 3.5600000000000023, 3.299999999999997]
======== EPISODE 11 BEGINS ========

======== TRAINING ========
Training Epoch: 1/200	Train Loss: 1.0104	Val Accuracy: 0.0
Training Epoch: 2/200	Train Loss: 0.5259	Val Accuracy: 2.7
Training Epoch: 3/200	Train Loss: 0.4694	Val Accuracy: 2.7
Training Epoch: 4/200	Train Loss: 0.4015	Val Accuracy: 2.84
Training Epoch: 5/200	Train Loss: 0.2898	Val Accuracy: 2.84
Training Epoch: 6/200	Train Loss: 0.275	Val Accuracy: 3.1
Training Epoch: 7/200	Train Loss: 0.2017	Val Accuracy: 3.1
Training Epoch: 8/200	Train Loss: 0.2058	Val Accuracy: 3.3
Training Epoch: 9/200	Train Loss: 0.1318	Val Accuracy: 3.3
Training Epoch: 10/200	Train Loss: 0.1074	Val Accuracy: 3.34
Training Epoch: 11/200	Train Loss: 0.1986	Val Accuracy: 3.34
Training Epoch: 12/200	Train Loss: 0.0912	Val Accuracy: 3.7
Training Epoch: 13/200	Train Loss: 0.082	Val Accuracy: 3.7
Training Epoch: 14/200	Train Loss: 0.0353	Val Accuracy: 3.7
Training Epoch: 15/200	Train Loss: 0.1187	Val Accuracy: 3.7
Training Epoch: 16/200	Train Loss: 0.0657	Val Accuracy: 3.76
Training Epoch: 17/200	Train Loss: 0.0629	Val Accuracy: 3.76
Training Epoch: 18/200	Train Loss: 0.0685	Val Accuracy: 3.84
Training Epoch: 19/200	Train Loss: 0.0339	Val Accuracy: 3.84
Training Epoch: 20/200	Train Loss: 0.0545	Val Accuracy: 3.52
Training Epoch: 21/200	Train Loss: 0.0773	Val Accuracy: 3.52
Training Epoch: 22/200	Train Loss: 0.0301	Val Accuracy: 3.7
Training Epoch: 23/200	Train Loss: 0.0422	Val Accuracy: 3.7
Training Epoch: 24/200	Train Loss: 0.0247	Val Accuracy: 3.72
Training Epoch: 25/200	Train Loss: 0.0726	Val Accuracy: 3.72
Training Epoch: 26/200	Train Loss: 0.0628	Val Accuracy: 3.3
Training Epoch: 27/200	Train Loss: 0.075	Val Accuracy: 3.3
Training Epoch: 28/200	Train Loss: 0.0476	Val Accuracy: 3.44
Training Epoch: 29/200	Train Loss: 0.0693	Val Accuracy: 3.44
Training Epoch: 30/200	Train Loss: 0.062	Val Accuracy: 3.34
Training Epoch: 31/200	Train Loss: 0.0875	Val Accuracy: 3.34
Training Epoch: 32/200	Train Loss: 0.1767	Val Accuracy: 3.22
Training Epoch: 33/200	Train Loss: 0.1482	Val Accuracy: 3.22
Training Epoch: 34/200	Train Loss: 0.1646	Val Accuracy: 3.3
Training Epoch: 35/200	Train Loss: 0.1449	Val Accuracy: 3.3
Training Epoch: 36/200	Train Loss: 0.1028	Val Accuracy: 3.28
Training Epoch: 37/200	Train Loss: 0.0586	Val Accuracy: 3.28
Training Epoch: 38/200	Train Loss: 0.1314	Val Accuracy: 3.22
Training Epoch: 39/200	Train Loss: 0.0752	Val Accuracy: 3.22
Training Epoch: 40/200	Train Loss: 0.0605	Val Accuracy: 3.68
Training Epoch: 41/200	Train Loss: 0.0792	Val Accuracy: 3.68
Training Epoch: 42/200	Train Loss: 0.0342	Val Accuracy: 3.46
Training Epoch: 43/200	Train Loss: 0.0338	Val Accuracy: 3.46
Training Epoch: 44/200	Train Loss: 0.0829	Val Accuracy: 3.76
Training Epoch: 45/200	Train Loss: 0.049	Val Accuracy: 3.76
Training Epoch: 46/200	Train Loss: 0.0509	Val Accuracy: 3.64
Training Epoch: 47/200	Train Loss: 0.0656	Val Accuracy: 3.64
Training Epoch: 48/200	Train Loss: 0.0433	Val Accuracy: 3.74
Training Epoch: 49/200	Train Loss: 0.0408	Val Accuracy: 3.74
Training Epoch: 50/200	Train Loss: 0.0184	Val Accuracy: 3.46
Training Epoch: 51/200	Train Loss: 0.0191	Val Accuracy: 3.46
Training Epoch: 52/200	Train Loss: 0.0211	Val Accuracy: 3.94
Training Epoch: 53/200	Train Loss: 0.0205	Val Accuracy: 3.94
Training Epoch: 54/200	Train Loss: 0.0436	Val Accuracy: 3.76
Training Epoch: 55/200	Train Loss: 0.0284	Val Accuracy: 3.76
Training Epoch: 56/200	Train Loss: 0.0225	Val Accuracy: 3.64
Training Epoch: 57/200	Train Loss: 0.0566	Val Accuracy: 3.64
Training Epoch: 58/200	Train Loss: 0.0233	Val Accuracy: 3.6
Training Epoch: 59/200	Train Loss: 0.0341	Val Accuracy: 3.6
Training Epoch: 60/200	Train Loss: 0.0428	Val Accuracy: 3.68
Training Epoch: 61/200	Train Loss: 0.0123	Val Accuracy: 3.68
Training Epoch: 62/200	Train Loss: 0.0106	Val Accuracy: 3.74
Training Epoch: 63/200	Train Loss: 0.0112	Val Accuracy: 3.74
Training Epoch: 64/200	Train Loss: 0.0544	Val Accuracy: 3.88
Training Epoch: 65/200	Train Loss: 0.0701	Val Accuracy: 3.88
Training Epoch: 66/200	Train Loss: 0.0418	Val Accuracy: 3.72
Training Epoch: 67/200	Train Loss: 0.0231	Val Accuracy: 3.72
Training Epoch: 68/200	Train Loss: 0.0073	Val Accuracy: 3.54
Training Epoch: 69/200	Train Loss: 0.0114	Val Accuracy: 3.54
Training Epoch: 70/200	Train Loss: 0.0472	Val Accuracy: 3.52
Training Epoch: 71/200	Train Loss: 0.0672	Val Accuracy: 3.52
Training Epoch: 72/200	Train Loss: 0.0123	Val Accuracy: 3.76
Training Epoch: 73/200	Train Loss: 0.0156	Val Accuracy: 3.76
Training Epoch: 74/200	Train Loss: 0.0202	Val Accuracy: 3.74
Training Epoch: 75/200	Train Loss: 0.0321	Val Accuracy: 3.74
Training Epoch: 76/200	Train Loss: 0.0331	Val Accuracy: 3.12
Training Epoch: 77/200	Train Loss: 0.046	Val Accuracy: 3.12
Training Epoch: 78/200	Train Loss: 0.087	Val Accuracy: 3.7
Training Epoch: 79/200	Train Loss: 0.0246	Val Accuracy: 3.7
Training Epoch: 80/200	Train Loss: 0.0162	Val Accuracy: 3.66
Training Epoch: 81/200	Train Loss: 0.0326	Val Accuracy: 3.66
Training Epoch: 82/200	Train Loss: 0.0244	Val Accuracy: 3.76
Training Epoch: 83/200	Train Loss: 0.0312	Val Accuracy: 3.76
Training Epoch: 84/200	Train Loss: 0.0235	Val Accuracy: 3.08
Training Epoch: 85/200	Train Loss: 0.0546	Val Accuracy: 3.08
Training Epoch: 86/200	Train Loss: 0.0434	Val Accuracy: 3.4
Training Epoch: 87/200	Train Loss: 0.0373	Val Accuracy: 3.4
Training Epoch: 88/200	Train Loss: 0.0426	Val Accuracy: 4.08
Training Epoch: 89/200	Train Loss: 0.0464	Val Accuracy: 4.08
Training Epoch: 90/200	Train Loss: 0.0177	Val Accuracy: 3.38
Training Epoch: 91/200	Train Loss: 0.0323	Val Accuracy: 3.38
Training Epoch: 92/200	Train Loss: 0.0685	Val Accuracy: 3.2
Training Epoch: 93/200	Train Loss: 0.0553	Val Accuracy: 3.2
Training Epoch: 94/200	Train Loss: 0.0663	Val Accuracy: 3.12
Training Epoch: 95/200	Train Loss: 0.0473	Val Accuracy: 3.12
Training Epoch: 96/200	Train Loss: 0.0341	Val Accuracy: 3.56
Training Epoch: 97/200	Train Loss: 0.1149	Val Accuracy: 3.56
Training Epoch: 98/200	Train Loss: 0.194	Val Accuracy: 3.46
Training Epoch: 99/200	Train Loss: 0.094	Val Accuracy: 3.46
Training Epoch: 100/200	Train Loss: 0.1058	Val Accuracy: 3.42
Training Epoch: 101/200	Train Loss: 0.1091	Val Accuracy: 3.42
Training Epoch: 102/200	Train Loss: 0.1331	Val Accuracy: 3.42
Training Epoch: 103/200	Train Loss: 0.0748	Val Accuracy: 3.42
Training Epoch: 104/200	Train Loss: 0.0863	Val Accuracy: 3.38
Training Epoch: 105/200	Train Loss: 0.0389	Val Accuracy: 3.38
Training Epoch: 106/200	Train Loss: 0.0793	Val Accuracy: 3.44
Training Epoch: 107/200	Train Loss: 0.0769	Val Accuracy: 3.44
Training Epoch: 108/200	Train Loss: 0.0598	Val Accuracy: 3.1
Training Epoch: 109/200	Train Loss: 0.065	Val Accuracy: 3.1
Training Epoch: 110/200	Train Loss: 0.0235	Val Accuracy: 3.72
Training Epoch: 111/200	Train Loss: 0.0464	Val Accuracy: 3.72
Training Epoch: 112/200	Train Loss: 0.0336	Val Accuracy: 3.4
Training Epoch: 113/200	Train Loss: 0.0847	Val Accuracy: 3.4
Training Epoch: 114/200	Train Loss: 0.1452	Val Accuracy: 3.24
Training Epoch: 115/200	Train Loss: 0.0343	Val Accuracy: 3.24
Training Epoch: 116/200	Train Loss: 0.0489	Val Accuracy: 3.3
Training Epoch: 117/200	Train Loss: 0.0502	Val Accuracy: 3.3
Training Epoch: 118/200	Train Loss: 0.0624	Val Accuracy: 3.02
Training Epoch: 119/200	Train Loss: 0.0375	Val Accuracy: 3.02
Training Epoch: 120/200	Train Loss: 0.0412	Val Accuracy: 3.62
Training Epoch: 121/200	Train Loss: 0.0755	Val Accuracy: 3.62
Training Epoch: 122/200	Train Loss: 0.1155	Val Accuracy: 3.88
Training Epoch: 123/200	Train Loss: 0.0298	Val Accuracy: 3.88
Training Epoch: 124/200	Train Loss: 0.0566	Val Accuracy: 3.64
Training Epoch: 125/200	Train Loss: 0.0741	Val Accuracy: 3.64
Training Epoch: 126/200	Train Loss: 0.0466	Val Accuracy: 3.24
Training Epoch: 127/200	Train Loss: 0.0363	Val Accuracy: 3.24
Training Epoch: 128/200	Train Loss: 0.022	Val Accuracy: 3.9
Training Epoch: 129/200	Train Loss: 0.0393	Val Accuracy: 3.9
Training Epoch: 130/200	Train Loss: 0.0418	Val Accuracy: 3.9
Training Epoch: 131/200	Train Loss: 0.0603	Val Accuracy: 3.9
Training Epoch: 132/200	Train Loss: 0.0154	Val Accuracy: 3.5
Training Epoch: 133/200	Train Loss: 0.0193	Val Accuracy: 3.5
Training Epoch: 134/200	Train Loss: 0.0236	Val Accuracy: 3.46
Training Epoch: 135/200	Train Loss: 0.0239	Val Accuracy: 3.46
Training Epoch: 136/200	Train Loss: 0.0217	Val Accuracy: 3.78
Training Epoch: 137/200	Train Loss: 0.0167	Val Accuracy: 3.78
Training Epoch: 138/200	Train Loss: 0.0236	Val Accuracy: 4.04
Training Epoch: 139/200	Train Loss: 0.0194	Val Accuracy: 4.04
Training Epoch: 140/200	Train Loss: 0.0368	Val Accuracy: 3.68
Training Epoch: 141/200	Train Loss: 0.0135	Val Accuracy: 3.68
Training Epoch: 142/200	Train Loss: 0.0287	Val Accuracy: 3.68
Training Epoch: 143/200	Train Loss: 0.0286	Val Accuracy: 3.68
Training Epoch: 144/200	Train Loss: 0.0107	Val Accuracy: 3.76
Training Epoch: 145/200	Train Loss: 0.0114	Val Accuracy: 3.76
Training Epoch: 146/200	Train Loss: 0.0109	Val Accuracy: 3.8
Training Epoch: 147/200	Train Loss: 0.0282	Val Accuracy: 3.8
Training Epoch: 148/200	Train Loss: 0.0142	Val Accuracy: 3.7
Training Epoch: 149/200	Train Loss: 0.044	Val Accuracy: 3.7
Training Epoch: 150/200	Train Loss: 0.0144	Val Accuracy: 3.46
Training Epoch: 151/200	Train Loss: 0.0517	Val Accuracy: 3.46
Training Epoch: 152/200	Train Loss: 0.0286	Val Accuracy: 3.68
Training Epoch: 153/200	Train Loss: 0.068	Val Accuracy: 3.68
Training Epoch: 154/200	Train Loss: 0.041	Val Accuracy: 2.78
Training Epoch: 155/200	Train Loss: 0.0694	Val Accuracy: 2.78
Training Epoch: 156/200	Train Loss: 0.1187	Val Accuracy: 3.62
Training Epoch: 157/200	Train Loss: 0.1121	Val Accuracy: 3.62
Training Epoch: 158/200	Train Loss: 0.0856	Val Accuracy: 3.06
Training Epoch: 159/200	Train Loss: 0.052	Val Accuracy: 3.06
Training Epoch: 160/200	Train Loss: 0.1352	Val Accuracy: 3.0
Training Epoch: 161/200	Train Loss: 0.1029	Val Accuracy: 3.0
Training Epoch: 162/200	Train Loss: 0.1569	Val Accuracy: 3.5
Training Epoch: 163/200	Train Loss: 0.0964	Val Accuracy: 3.5
Training Epoch: 164/200	Train Loss: 0.1339	Val Accuracy: 3.48
Training Epoch: 165/200	Train Loss: 0.1624	Val Accuracy: 3.48
Training Epoch: 166/200	Train Loss: 0.0538	Val Accuracy: 3.44
Training Epoch: 167/200	Train Loss: 0.1225	Val Accuracy: 3.44
Training Epoch: 168/200	Train Loss: 0.1098	Val Accuracy: 3.04
Training Epoch: 169/200	Train Loss: 0.1733	Val Accuracy: 3.04
Training Epoch: 170/200	Train Loss: 0.1535	Val Accuracy: 3.16
Training Epoch: 171/200	Train Loss: 0.1754	Val Accuracy: 3.16
Training Epoch: 172/200	Train Loss: 0.0972	Val Accuracy: 3.32
Training Epoch: 173/200	Train Loss: 0.1696	Val Accuracy: 3.32
Training Epoch: 174/200	Train Loss: 0.1471	Val Accuracy: 3.1
Training Epoch: 175/200	Train Loss: 0.0832	Val Accuracy: 3.1
Training Epoch: 176/200	Train Loss: 0.1153	Val Accuracy: 3.42
Training Epoch: 177/200	Train Loss: 0.0799	Val Accuracy: 3.42
Training Epoch: 178/200	Train Loss: 0.0965	Val Accuracy: 3.24
Training Epoch: 179/200	Train Loss: 0.0869	Val Accuracy: 3.24
Training Epoch: 180/200	Train Loss: 0.1782	Val Accuracy: 3.42
Training Epoch: 181/200	Train Loss: 0.0566	Val Accuracy: 3.42
Training Epoch: 182/200	Train Loss: 0.0632	Val Accuracy: 3.48
Training Epoch: 183/200	Train Loss: 0.0659	Val Accuracy: 3.48
Training Epoch: 184/200	Train Loss: 0.0308	Val Accuracy: 3.24
Training Epoch: 185/200	Train Loss: 0.0311	Val Accuracy: 3.24
Training Epoch: 186/200	Train Loss: 0.0757	Val Accuracy: 3.78
Training Epoch: 187/200	Train Loss: 0.0491	Val Accuracy: 3.78
Training Epoch: 188/200	Train Loss: 0.0132	Val Accuracy: 3.54
Training Epoch: 189/200	Train Loss: 0.0448	Val Accuracy: 3.54
Training Epoch: 190/200	Train Loss: 0.0528	Val Accuracy: 3.34
Training Epoch: 191/200	Train Loss: 0.0475	Val Accuracy: 3.34
Training Epoch: 192/200	Train Loss: 0.0533	Val Accuracy: 3.18
Training Epoch: 193/200	Train Loss: 0.0358	Val Accuracy: 3.18
Training Epoch: 194/200	Train Loss: 0.101	Val Accuracy: 3.52
Training Epoch: 195/200	Train Loss: 0.0501	Val Accuracy: 3.52
Training Epoch: 196/200	Train Loss: 0.0494	Val Accuracy: 3.36
Training Epoch: 197/200	Train Loss: 0.0535	Val Accuracy: 3.36
Training Epoch: 198/200	Train Loss: 0.0187	Val Accuracy: 3.28
Training Epoch: 199/200	Train Loss: 0.0716	Val Accuracy: 3.28
Training Epoch: 200/200	Train Loss: 0.025	Val Accuracy: 3.68

Wrote Best Model Checkpoint to: vlBest_acc_4_model_epoch_0088.pyth

Best Validation Accuracy: 4.08
Best Epoch: 88

======== TESTING ========

Test Accuracy: 3.51.

======== ACTIVE SAMPLING ========

len(uSetLoader): 944
u_ranks.shape: (94400,)
