GPU 0: Tesla V100-SXM2-32GB (UUID: GPU-0b6baddf-a860-4635-cc50-f1d3cecce562)

==============NVSMI LOG==============

Timestamp                                 : Tue May 26 22:17:45 2026
Driver Version                            : 565.57.01
CUDA Version                              : 12.7

Attached GPUs                             : 1
GPU 00000000:06:00.0
    ECC Mode
        Current                           : Enabled
        Pending                           : Enabled
    ECC Errors
        Volatile
            Single Bit            
                Device Memory             : 0
                Register File             : 0
                L1 Cache                  : 0
                L2 Cache                  : 0
                Texture Memory            : N/A
                Texture Shared            : N/A
                CBU                       : N/A
                Total                     : 0
            Double Bit            
                Device Memory             : 0
                Register File             : 0
                L1 Cache                  : 0
                L2 Cache                  : 0
                Texture Memory            : N/A
                Texture Shared            : N/A
                CBU                       : 0
                Total                     : 0
        Aggregate
            Single Bit            
                Device Memory             : 0
                Register File             : 0
                L1 Cache                  : 0
                L2 Cache                  : 0
                Texture Memory            : N/A
                Texture Shared            : N/A
                CBU                       : N/A
                Total                     : 0
            Double Bit            
                Device Memory             : 0
                Register File             : 0
                L1 Cache                  : 0
                L2 Cache                  : 0
                Texture Memory            : N/A
                Texture Shared            : N/A
                CBU                       : 0
                Total                     : 0

Experiment Directory Already Exists: /vast/s219110279/TypiClust/output/TINYIMAGENET/resnet50/coreset_1_50b. Reusing it may lead to loss of old logs in the directory.


======== PREPARING DATA AND MODEL ========

Preprocess Operations Selected ==>  [RandomResizedCrop(size=(64, 64), scale=(0.5, 1.0), ratio=(0.75, 1.3333), interpolation=bilinear), antialias=None), RandomHorizontalFlip(p=0.5), ToTensor(), Normalize(mean=[0.485, 0.456, 0.406], std=[0.229, 0.224, 0.225])]

Dataset TINYIMAGENET Loaded Sucessfully.
Total Train Size: 100000 and Total Test Size: 10000

Data Partitioning Complete. 
Labeled Set: 50, Unlabeled Set: 94950, Validation Set: 5000

model: resnet50

optimizer: Adam (
Parameter Group 0
    amsgrad: False
    betas: (0.9, 0.999)
    capturable: False
    differentiable: False
    eps: 1e-08
    foreach: None
    fused: False
    lr: 0.001
    maximize: False
    weight_decay: 0.0003
)

AL Query Method: coreset
Max AL Episodes: 100

======== EPISODE 0 BEGINS ========

======== TRAINING ========
Training Epoch: 1/200	Train Loss: 5.5941	Val Accuracy: 0.0
Training Epoch: 2/200	Train Loss: 3.8891	Val Accuracy: 0.56
Training Epoch: 3/200	Train Loss: 3.7157	Val Accuracy: 0.56
Training Epoch: 4/200	Train Loss: 3.7115	Val Accuracy: 0.66
Training Epoch: 5/200	Train Loss: 3.4427	Val Accuracy: 0.66
Training Epoch: 6/200	Train Loss: 3.2883	Val Accuracy: 0.6
Training Epoch: 7/200	Train Loss: 3.5637	Val Accuracy: 0.6
Training Epoch: 8/200	Train Loss: 2.7666	Val Accuracy: 0.6
Training Epoch: 9/200	Train Loss: 2.7938	Val Accuracy: 0.6
Training Epoch: 10/200	Train Loss: 2.3385	Val Accuracy: 0.6
Training Epoch: 11/200	Train Loss: 2.3465	Val Accuracy: 0.6
Training Epoch: 12/200	Train Loss: 2.0743	Val Accuracy: 0.72
Training Epoch: 13/200	Train Loss: 1.7638	Val Accuracy: 0.72
Training Epoch: 14/200	Train Loss: 1.5171	Val Accuracy: 0.6
Training Epoch: 15/200	Train Loss: 1.3216	Val Accuracy: 0.6
Training Epoch: 16/200	Train Loss: 1.2526	Val Accuracy: 0.64
Training Epoch: 17/200	Train Loss: 1.046	Val Accuracy: 0.64
Training Epoch: 18/200	Train Loss: 0.7905	Val Accuracy: 0.6
Training Epoch: 19/200	Train Loss: 0.6717	Val Accuracy: 0.6
Training Epoch: 20/200	Train Loss: 0.5316	Val Accuracy: 0.58
Training Epoch: 21/200	Train Loss: 0.4117	Val Accuracy: 0.58
Training Epoch: 22/200	Train Loss: 0.3783	Val Accuracy: 0.62
Training Epoch: 23/200	Train Loss: 0.3619	Val Accuracy: 0.62
Training Epoch: 24/200	Train Loss: 0.2451	Val Accuracy: 0.76
Training Epoch: 25/200	Train Loss: 0.1846	Val Accuracy: 0.76
Training Epoch: 26/200	Train Loss: 0.1999	Val Accuracy: 0.84
Training Epoch: 27/200	Train Loss: 0.2665	Val Accuracy: 0.84
Training Epoch: 28/200	Train Loss: 0.1027	Val Accuracy: 0.8
Training Epoch: 29/200	Train Loss: 0.0932	Val Accuracy: 0.8
Training Epoch: 30/200	Train Loss: 0.1415	Val Accuracy: 1.12
Training Epoch: 31/200	Train Loss: 0.0735	Val Accuracy: 1.12
Training Epoch: 32/200	Train Loss: 0.1184	Val Accuracy: 1.14
Training Epoch: 33/200	Train Loss: 0.1083	Val Accuracy: 1.14
Training Epoch: 34/200	Train Loss: 0.1262	Val Accuracy: 1.08
Training Epoch: 35/200	Train Loss: 0.2592	Val Accuracy: 1.08
Training Epoch: 36/200	Train Loss: 0.0532	Val Accuracy: 1.46
Training Epoch: 37/200	Train Loss: 0.112	Val Accuracy: 1.46
Training Epoch: 38/200	Train Loss: 0.1159	Val Accuracy: 1.7
Training Epoch: 39/200	Train Loss: 0.0958	Val Accuracy: 1.7
Training Epoch: 40/200	Train Loss: 0.1759	Val Accuracy: 1.5
Training Epoch: 41/200	Train Loss: 0.2035	Val Accuracy: 1.5
Training Epoch: 42/200	Train Loss: 0.1709	Val Accuracy: 1.56
Training Epoch: 43/200	Train Loss: 0.1991	Val Accuracy: 1.56
Training Epoch: 44/200	Train Loss: 0.3546	Val Accuracy: 1.6
Training Epoch: 45/200	Train Loss: 0.1374	Val Accuracy: 1.6
Training Epoch: 46/200	Train Loss: 0.2308	Val Accuracy: 1.36
Training Epoch: 47/200	Train Loss: 0.3073	Val Accuracy: 1.36
Training Epoch: 48/200	Train Loss: 0.1018	Val Accuracy: 1.58
Training Epoch: 49/200	Train Loss: 0.0764	Val Accuracy: 1.58
Training Epoch: 50/200	Train Loss: 0.2603	Val Accuracy: 1.76
Training Epoch: 51/200	Train Loss: 0.1001	Val Accuracy: 1.76
Training Epoch: 52/200	Train Loss: 0.1395	Val Accuracy: 2.18
Training Epoch: 53/200	Train Loss: 0.1945	Val Accuracy: 2.18
Training Epoch: 54/200	Train Loss: 0.0714	Val Accuracy: 1.62
Training Epoch: 55/200	Train Loss: 0.1128	Val Accuracy: 1.62
Training Epoch: 56/200	Train Loss: 0.1837	Val Accuracy: 1.92
Training Epoch: 57/200	Train Loss: 0.0665	Val Accuracy: 1.92
Training Epoch: 58/200	Train Loss: 0.0921	Val Accuracy: 1.72
Training Epoch: 59/200	Train Loss: 0.0837	Val Accuracy: 1.72
Training Epoch: 60/200	Train Loss: 0.2054	Val Accuracy: 1.86
Training Epoch: 61/200	Train Loss: 0.0251	Val Accuracy: 1.86
Training Epoch: 62/200	Train Loss: 0.0458	Val Accuracy: 1.64
Training Epoch: 63/200	Train Loss: 0.0558	Val Accuracy: 1.64
Training Epoch: 64/200	Train Loss: 0.2035	Val Accuracy: 1.88
Training Epoch: 65/200	Train Loss: 0.0265	Val Accuracy: 1.88
Training Epoch: 66/200	Train Loss: 0.0701	Val Accuracy: 1.86
Training Epoch: 67/200	Train Loss: 0.0289	Val Accuracy: 1.86
Training Epoch: 68/200	Train Loss: 0.1422	Val Accuracy: 1.88
Training Epoch: 69/200	Train Loss: 0.0573	Val Accuracy: 1.88
Training Epoch: 70/200	Train Loss: 0.0281	Val Accuracy: 1.8
Training Epoch: 71/200	Train Loss: 0.0695	Val Accuracy: 1.8
Training Epoch: 72/200	Train Loss: 0.048	Val Accuracy: 1.88
Training Epoch: 73/200	Train Loss: 0.0256	Val Accuracy: 1.88
Training Epoch: 74/200	Train Loss: 0.0412	Val Accuracy: 1.88
Training Epoch: 75/200	Train Loss: 0.0665	Val Accuracy: 1.88
Training Epoch: 76/200	Train Loss: 0.0351	Val Accuracy: 1.6
Training Epoch: 77/200	Train Loss: 0.0378	Val Accuracy: 1.6
Training Epoch: 78/200	Train Loss: 0.1033	Val Accuracy: 1.64
Training Epoch: 79/200	Train Loss: 0.026	Val Accuracy: 1.64
Training Epoch: 80/200	Train Loss: 0.0384	Val Accuracy: 1.78
Training Epoch: 81/200	Train Loss: 0.1249	Val Accuracy: 1.78
Training Epoch: 82/200	Train Loss: 0.046	Val Accuracy: 1.64
Training Epoch: 83/200	Train Loss: 0.0278	Val Accuracy: 1.64
Training Epoch: 84/200	Train Loss: 0.0214	Val Accuracy: 1.7
Training Epoch: 85/200	Train Loss: 0.0515	Val Accuracy: 1.7
Training Epoch: 86/200	Train Loss: 0.0171	Val Accuracy: 1.84
Training Epoch: 87/200	Train Loss: 0.1489	Val Accuracy: 1.84
Training Epoch: 88/200	Train Loss: 0.0703	Val Accuracy: 1.96
Training Epoch: 89/200	Train Loss: 0.0492	Val Accuracy: 1.96
Training Epoch: 90/200	Train Loss: 0.035	Val Accuracy: 1.72
Training Epoch: 91/200	Train Loss: 0.1732	Val Accuracy: 1.72
Training Epoch: 92/200	Train Loss: 0.0475	Val Accuracy: 1.84
Training Epoch: 93/200	Train Loss: 0.0442	Val Accuracy: 1.84
Training Epoch: 94/200	Train Loss: 0.0101	Val Accuracy: 2.0
Training Epoch: 95/200	Train Loss: 0.0147	Val Accuracy: 2.0
Training Epoch: 96/200	Train Loss: 0.0291	Val Accuracy: 1.84
Training Epoch: 97/200	Train Loss: 0.0521	Val Accuracy: 1.84
Training Epoch: 98/200	Train Loss: 0.0178	Val Accuracy: 1.7
Training Epoch: 99/200	Train Loss: 0.0186	Val Accuracy: 1.7
Training Epoch: 100/200	Train Loss: 0.0198	Val Accuracy: 1.76
Training Epoch: 101/200	Train Loss: 0.0134	Val Accuracy: 1.76
Training Epoch: 102/200	Train Loss: 0.0407	Val Accuracy: 1.94
Training Epoch: 103/200	Train Loss: 0.003	Val Accuracy: 1.94
Training Epoch: 104/200	Train Loss: 0.0096	Val Accuracy: 1.9
Training Epoch: 105/200	Train Loss: 0.0174	Val Accuracy: 1.9
Training Epoch: 106/200	Train Loss: 0.0503	Val Accuracy: 1.94
Training Epoch: 107/200	Train Loss: 0.0166	Val Accuracy: 1.94
Training Epoch: 108/200	Train Loss: 0.0348	Val Accuracy: 2.08
Training Epoch: 109/200	Train Loss: 0.0315	Val Accuracy: 2.08
Training Epoch: 110/200	Train Loss: 0.0042	Val Accuracy: 2.0
Training Epoch: 111/200	Train Loss: 0.0087	Val Accuracy: 2.0
Training Epoch: 112/200	Train Loss: 0.0021	Val Accuracy: 1.66
Training Epoch: 113/200	Train Loss: 0.0068	Val Accuracy: 1.66
Training Epoch: 114/200	Train Loss: 0.0565	Val Accuracy: 2.0
Training Epoch: 115/200	Train Loss: 0.0538	Val Accuracy: 2.0
Training Epoch: 116/200	Train Loss: 0.0278	Val Accuracy: 1.78
Training Epoch: 117/200	Train Loss: 0.0088	Val Accuracy: 1.78
Training Epoch: 118/200	Train Loss: 0.0534	Val Accuracy: 1.92
Training Epoch: 119/200	Train Loss: 0.0039	Val Accuracy: 1.92
Training Epoch: 120/200	Train Loss: 0.1766	Val Accuracy: 2.18
Training Epoch: 121/200	Train Loss: 0.024	Val Accuracy: 2.18
Training Epoch: 122/200	Train Loss: 0.0924	Val Accuracy: 1.94
Training Epoch: 123/200	Train Loss: 0.0149	Val Accuracy: 1.94
Training Epoch: 124/200	Train Loss: 0.072	Val Accuracy: 2.12
Training Epoch: 125/200	Train Loss: 0.0329	Val Accuracy: 2.12
Training Epoch: 126/200	Train Loss: 0.0158	Val Accuracy: 1.8
Training Epoch: 127/200	Train Loss: 0.0341	Val Accuracy: 1.8
Training Epoch: 128/200	Train Loss: 0.0225	Val Accuracy: 1.6
Training Epoch: 129/200	Train Loss: 0.0967	Val Accuracy: 1.6
Training Epoch: 130/200	Train Loss: 0.0218	Val Accuracy: 1.94
Training Epoch: 131/200	Train Loss: 0.0393	Val Accuracy: 1.94
Training Epoch: 132/200	Train Loss: 0.0056	Val Accuracy: 1.96
Training Epoch: 133/200	Train Loss: 0.026	Val Accuracy: 1.96
Training Epoch: 134/200	Train Loss: 0.0079	Val Accuracy: 1.94
Training Epoch: 135/200	Train Loss: 0.0186	Val Accuracy: 1.94
Training Epoch: 136/200	Train Loss: 0.0374	Val Accuracy: 2.02
Training Epoch: 137/200	Train Loss: 0.0105	Val Accuracy: 2.02
Training Epoch: 138/200	Train Loss: 0.0436	Val Accuracy: 2.1
Training Epoch: 139/200	Train Loss: 0.0059	Val Accuracy: 2.1
Training Epoch: 140/200	Train Loss: 0.0662	Val Accuracy: 1.88
Training Epoch: 141/200	Train Loss: 0.0083	Val Accuracy: 1.88
Training Epoch: 142/200	Train Loss: 0.0222	Val Accuracy: 1.86
Training Epoch: 143/200	Train Loss: 0.085	Val Accuracy: 1.86
Training Epoch: 144/200	Train Loss: 0.0635	Val Accuracy: 1.82
Training Epoch: 145/200	Train Loss: 0.0174	Val Accuracy: 1.82
Training Epoch: 146/200	Train Loss: 0.0643	Val Accuracy: 2.18
Training Epoch: 147/200	Train Loss: 0.0572	Val Accuracy: 2.18
Training Epoch: 148/200	Train Loss: 0.0675	Val Accuracy: 2.06
Training Epoch: 149/200	Train Loss: 0.0354	Val Accuracy: 2.06
Training Epoch: 150/200	Train Loss: 0.0867	Val Accuracy: 1.76
Training Epoch: 151/200	Train Loss: 0.0364	Val Accuracy: 1.76
Training Epoch: 152/200	Train Loss: 0.0398	Val Accuracy: 2.0
Training Epoch: 153/200	Train Loss: 0.0256	Val Accuracy: 2.0
Training Epoch: 154/200	Train Loss: 0.0123	Val Accuracy: 1.84
Training Epoch: 155/200	Train Loss: 0.0282	Val Accuracy: 1.84
Training Epoch: 156/200	Train Loss: 0.117	Val Accuracy: 1.78
Training Epoch: 157/200	Train Loss: 0.0093	Val Accuracy: 1.78
Training Epoch: 158/200	Train Loss: 0.039	Val Accuracy: 1.72
Training Epoch: 159/200	Train Loss: 0.0214	Val Accuracy: 1.72
Training Epoch: 160/200	Train Loss: 0.0146	Val Accuracy: 1.84
Training Epoch: 161/200	Train Loss: 0.0607	Val Accuracy: 1.84
Training Epoch: 162/200	Train Loss: 0.0171	Val Accuracy: 1.88
Training Epoch: 163/200	Train Loss: 0.0065	Val Accuracy: 1.88
Training Epoch: 164/200	Train Loss: 0.0182	Val Accuracy: 2.0
Training Epoch: 165/200	Train Loss: 0.0192	Val Accuracy: 2.0
Training Epoch: 166/200	Train Loss: 0.0054	Val Accuracy: 1.62
Training Epoch: 167/200	Train Loss: 0.0155	Val Accuracy: 1.62
Training Epoch: 168/200	Train Loss: 0.0121	Val Accuracy: 1.82
Training Epoch: 169/200	Train Loss: 0.0162	Val Accuracy: 1.82
Training Epoch: 170/200	Train Loss: 0.0128	Val Accuracy: 1.9
Training Epoch: 171/200	Train Loss: 0.015	Val Accuracy: 1.9
Training Epoch: 172/200	Train Loss: 0.0048	Val Accuracy: 2.08
Training Epoch: 173/200	Train Loss: 0.0269	Val Accuracy: 2.08
Training Epoch: 174/200	Train Loss: 0.0028	Val Accuracy: 1.94
Training Epoch: 175/200	Train Loss: 0.0027	Val Accuracy: 1.94
Training Epoch: 176/200	Train Loss: 0.0022	Val Accuracy: 1.94
Training Epoch: 177/200	Train Loss: 0.0114	Val Accuracy: 1.94
Training Epoch: 178/200	Train Loss: 0.0613	Val Accuracy: 1.76
Training Epoch: 179/200	Train Loss: 0.0034	Val Accuracy: 1.76
Training Epoch: 180/200	Train Loss: 0.01	Val Accuracy: 1.68
Training Epoch: 181/200	Train Loss: 0.0187	Val Accuracy: 1.68
Training Epoch: 182/200	Train Loss: 0.003	Val Accuracy: 1.94
Training Epoch: 183/200	Train Loss: 0.0023	Val Accuracy: 1.94
Training Epoch: 184/200	Train Loss: 0.0091	Val Accuracy: 1.96
Training Epoch: 185/200	Train Loss: 0.0095	Val Accuracy: 1.96
Training Epoch: 186/200	Train Loss: 0.0079	Val Accuracy: 1.86
Training Epoch: 187/200	Train Loss: 0.002	Val Accuracy: 1.86
Training Epoch: 188/200	Train Loss: 0.033	Val Accuracy: 1.86
Training Epoch: 189/200	Train Loss: 0.0022	Val Accuracy: 1.86
Training Epoch: 190/200	Train Loss: 0.0087	Val Accuracy: 1.92
Training Epoch: 191/200	Train Loss: 0.002	Val Accuracy: 1.92
Training Epoch: 192/200	Train Loss: 0.0049	Val Accuracy: 1.74
Training Epoch: 193/200	Train Loss: 0.0099	Val Accuracy: 1.74
Training Epoch: 194/200	Train Loss: 0.0028	Val Accuracy: 1.88
Training Epoch: 195/200	Train Loss: 0.0191	Val Accuracy: 1.88
Training Epoch: 196/200	Train Loss: 0.0028	Val Accuracy: 1.72
Training Epoch: 197/200	Train Loss: 0.0024	Val Accuracy: 1.72
Training Epoch: 198/200	Train Loss: 0.0032	Val Accuracy: 1.74
Training Epoch: 199/200	Train Loss: 0.0026	Val Accuracy: 1.74
Training Epoch: 200/200	Train Loss: 0.0086	Val Accuracy: 1.52

Wrote Best Model Checkpoint to: vlBest_acc_2_model_epoch_0052.pyth

Best Validation Accuracy: 2.18
Best Epoch: 52

======== TESTING ========

Test Accuracy: 1.61.

======== ACTIVE SAMPLING ========

Extracting Lset Representations
len(dataLoader): 1
Extracting Uset Representations
len(dataLoader): 950
lb_repr.shape:  (50, 2048)
ul_repr.shape:  (94950, 2048)
Solving K Center Greedy Approach
[GPU] Labeled.shape: torch.Size([50, 2048])
[GPU] Unlabeled.shape: torch.Size([94950, 2048])
time taken: 0.01699995994567871 seconds
Time taken to solve K center: 0.3347938060760498 seconds
Active Sampling Complete. After Episode 0:
New Labeled Set: 100, New Unlabeled Set: 94900, Active Set: 50

================================


Current accuracy values:  [1.6099999999999994]
======== EPISODE 1 BEGINS ========

======== TRAINING ========
Training Epoch: 1/200	Train Loss: 16.1007	Val Accuracy: 0.0
Training Epoch: 2/200	Train Loss: 12.1304	Val Accuracy: 1.58
Training Epoch: 3/200	Train Loss: 8.2285	Val Accuracy: 1.58
Training Epoch: 4/200	Train Loss: 6.1124	Val Accuracy: 0.98
Training Epoch: 5/200	Train Loss: 3.8634	Val Accuracy: 0.98
Training Epoch: 6/200	Train Loss: 2.8506	Val Accuracy: 0.96
Training Epoch: 7/200	Train Loss: 2.354	Val Accuracy: 0.96
Training Epoch: 8/200	Train Loss: 2.4958	Val Accuracy: 0.82
Training Epoch: 9/200	Train Loss: 2.09	Val Accuracy: 0.82
Training Epoch: 10/200	Train Loss: 2.0538	Val Accuracy: 1.2
Training Epoch: 11/200	Train Loss: 1.8806	Val Accuracy: 1.2
Training Epoch: 12/200	Train Loss: 1.3782	Val Accuracy: 1.36
Training Epoch: 13/200	Train Loss: 1.128	Val Accuracy: 1.36
Training Epoch: 14/200	Train Loss: 1.041	Val Accuracy: 1.24
Training Epoch: 15/200	Train Loss: 0.9297	Val Accuracy: 1.24
Training Epoch: 16/200	Train Loss: 0.7806	Val Accuracy: 1.32
Training Epoch: 17/200	Train Loss: 0.6094	Val Accuracy: 1.32
Training Epoch: 18/200	Train Loss: 0.6389	Val Accuracy: 1.68
Training Epoch: 19/200	Train Loss: 0.5047	Val Accuracy: 1.68
Training Epoch: 20/200	Train Loss: 0.4546	Val Accuracy: 1.48
Training Epoch: 21/200	Train Loss: 0.4243	Val Accuracy: 1.48
Training Epoch: 22/200	Train Loss: 0.4611	Val Accuracy: 1.66
Training Epoch: 23/200	Train Loss: 0.3409	Val Accuracy: 1.66
Training Epoch: 24/200	Train Loss: 0.3075	Val Accuracy: 1.06
Training Epoch: 25/200	Train Loss: 0.2193	Val Accuracy: 1.06
Training Epoch: 26/200	Train Loss: 0.337	Val Accuracy: 1.36
Training Epoch: 27/200	Train Loss: 0.4061	Val Accuracy: 1.36
Training Epoch: 28/200	Train Loss: 0.2438	Val Accuracy: 1.5
Training Epoch: 29/200	Train Loss: 0.2393	Val Accuracy: 1.5
Training Epoch: 30/200	Train Loss: 0.1499	Val Accuracy: 1.66
Training Epoch: 31/200	Train Loss: 0.3222	Val Accuracy: 1.66
Training Epoch: 32/200	Train Loss: 0.1736	Val Accuracy: 1.88
Training Epoch: 33/200	Train Loss: 0.1349	Val Accuracy: 1.88
Training Epoch: 34/200	Train Loss: 0.147	Val Accuracy: 1.86
Training Epoch: 35/200	Train Loss: 0.1323	Val Accuracy: 1.86
Training Epoch: 36/200	Train Loss: 0.2154	Val Accuracy: 1.82
Training Epoch: 37/200	Train Loss: 0.1751	Val Accuracy: 1.82
Training Epoch: 38/200	Train Loss: 0.1974	Val Accuracy: 2.12
Training Epoch: 39/200	Train Loss: 0.1925	Val Accuracy: 2.12
Training Epoch: 40/200	Train Loss: 0.0675	Val Accuracy: 1.92
Training Epoch: 41/200	Train Loss: 0.0783	Val Accuracy: 1.92
Training Epoch: 42/200	Train Loss: 0.1658	Val Accuracy: 1.78
Training Epoch: 43/200	Train Loss: 0.1219	Val Accuracy: 1.78
Training Epoch: 44/200	Train Loss: 0.0977	Val Accuracy: 1.8
Training Epoch: 45/200	Train Loss: 0.2209	Val Accuracy: 1.8
Training Epoch: 46/200	Train Loss: 0.1911	Val Accuracy: 1.96
Training Epoch: 47/200	Train Loss: 0.1454	Val Accuracy: 1.96
Training Epoch: 48/200	Train Loss: 0.2236	Val Accuracy: 2.08
Training Epoch: 49/200	Train Loss: 0.1254	Val Accuracy: 2.08
Training Epoch: 50/200	Train Loss: 0.1451	Val Accuracy: 1.96
Training Epoch: 51/200	Train Loss: 0.1324	Val Accuracy: 1.96
Training Epoch: 52/200	Train Loss: 0.0838	Val Accuracy: 2.06
Training Epoch: 53/200	Train Loss: 0.1467	Val Accuracy: 2.06
Training Epoch: 54/200	Train Loss: 0.0793	Val Accuracy: 2.14
Training Epoch: 55/200	Train Loss: 0.127	Val Accuracy: 2.14
Training Epoch: 56/200	Train Loss: 0.1453	Val Accuracy: 2.2
Training Epoch: 57/200	Train Loss: 0.0499	Val Accuracy: 2.2
Training Epoch: 58/200	Train Loss: 0.1379	Val Accuracy: 2.28
Training Epoch: 59/200	Train Loss: 0.1108	Val Accuracy: 2.28
Training Epoch: 60/200	Train Loss: 0.0934	Val Accuracy: 2.3
Training Epoch: 61/200	Train Loss: 0.0835	Val Accuracy: 2.3
Training Epoch: 62/200	Train Loss: 0.0687	Val Accuracy: 2.0
Training Epoch: 63/200	Train Loss: 0.0449	Val Accuracy: 2.0
Training Epoch: 64/200	Train Loss: 0.0704	Val Accuracy: 2.2
Training Epoch: 65/200	Train Loss: 0.1267	Val Accuracy: 2.2
Training Epoch: 66/200	Train Loss: 0.0786	Val Accuracy: 1.94
Training Epoch: 67/200	Train Loss: 0.0518	Val Accuracy: 1.94
Training Epoch: 68/200	Train Loss: 0.0512	Val Accuracy: 2.12
Training Epoch: 69/200	Train Loss: 0.0313	Val Accuracy: 2.12
Training Epoch: 70/200	Train Loss: 0.0785	Val Accuracy: 2.08
Training Epoch: 71/200	Train Loss: 0.0374	Val Accuracy: 2.08
Training Epoch: 72/200	Train Loss: 0.0795	Val Accuracy: 2.12
Training Epoch: 73/200	Train Loss: 0.0121	Val Accuracy: 2.12
Training Epoch: 74/200	Train Loss: 0.0285	Val Accuracy: 2.02
Training Epoch: 75/200	Train Loss: 0.1318	Val Accuracy: 2.02
Training Epoch: 76/200	Train Loss: 0.1947	Val Accuracy: 2.0
Training Epoch: 77/200	Train Loss: 0.1089	Val Accuracy: 2.0
Training Epoch: 78/200	Train Loss: 0.1086	Val Accuracy: 1.88
Training Epoch: 79/200	Train Loss: 0.1148	Val Accuracy: 1.88
Training Epoch: 80/200	Train Loss: 0.1972	Val Accuracy: 1.88
Training Epoch: 81/200	Train Loss: 0.0786	Val Accuracy: 1.88
Training Epoch: 82/200	Train Loss: 0.0293	Val Accuracy: 1.86
Training Epoch: 83/200	Train Loss: 0.0847	Val Accuracy: 1.86
Training Epoch: 84/200	Train Loss: 0.211	Val Accuracy: 1.68
Training Epoch: 85/200	Train Loss: 0.0995	Val Accuracy: 1.68
Training Epoch: 86/200	Train Loss: 0.1105	Val Accuracy: 1.68
Training Epoch: 87/200	Train Loss: 0.1041	Val Accuracy: 1.68
Training Epoch: 88/200	Train Loss: 0.1024	Val Accuracy: 1.8
Training Epoch: 89/200	Train Loss: 0.0557	Val Accuracy: 1.8
Training Epoch: 90/200	Train Loss: 0.1163	Val Accuracy: 2.02
Training Epoch: 91/200	Train Loss: 0.0902	Val Accuracy: 2.02
Training Epoch: 92/200	Train Loss: 0.0203	Val Accuracy: 2.14
Training Epoch: 93/200	Train Loss: 0.0889	Val Accuracy: 2.14
Training Epoch: 94/200	Train Loss: 0.0942	Val Accuracy: 2.46
Training Epoch: 95/200	Train Loss: 0.1203	Val Accuracy: 2.46
Training Epoch: 96/200	Train Loss: 0.125	Val Accuracy: 2.2
Training Epoch: 97/200	Train Loss: 0.0685	Val Accuracy: 2.2
Training Epoch: 98/200	Train Loss: 0.0648	Val Accuracy: 2.14
Training Epoch: 99/200	Train Loss: 0.0442	Val Accuracy: 2.14
Training Epoch: 100/200	Train Loss: 0.0304	Val Accuracy: 2.0
Training Epoch: 101/200	Train Loss: 0.0489	Val Accuracy: 2.0
Training Epoch: 102/200	Train Loss: 0.1089	Val Accuracy: 2.04
Training Epoch: 103/200	Train Loss: 0.0466	Val Accuracy: 2.04
Training Epoch: 104/200	Train Loss: 0.0897	Val Accuracy: 2.02
Training Epoch: 105/200	Train Loss: 0.0514	Val Accuracy: 2.02
Training Epoch: 106/200	Train Loss: 0.1241	Val Accuracy: 1.92
Training Epoch: 107/200	Train Loss: 0.1442	Val Accuracy: 1.92
Training Epoch: 108/200	Train Loss: 0.0478	Val Accuracy: 1.86
Training Epoch: 109/200	Train Loss: 0.03	Val Accuracy: 1.86
Training Epoch: 110/200	Train Loss: 0.0678	Val Accuracy: 2.0
Training Epoch: 111/200	Train Loss: 0.0583	Val Accuracy: 2.0
Training Epoch: 112/200	Train Loss: 0.1462	Val Accuracy: 2.08
Training Epoch: 113/200	Train Loss: 0.0849	Val Accuracy: 2.08
Training Epoch: 114/200	Train Loss: 0.0247	Val Accuracy: 1.96
Training Epoch: 115/200	Train Loss: 0.0618	Val Accuracy: 1.96
Training Epoch: 116/200	Train Loss: 0.1046	Val Accuracy: 2.1
Training Epoch: 117/200	Train Loss: 0.1465	Val Accuracy: 2.1
Training Epoch: 118/200	Train Loss: 0.1344	Val Accuracy: 2.5
Training Epoch: 119/200	Train Loss: 0.1027	Val Accuracy: 2.5
Training Epoch: 120/200	Train Loss: 0.0589	Val Accuracy: 2.22
Training Epoch: 121/200	Train Loss: 0.1286	Val Accuracy: 2.22
Training Epoch: 122/200	Train Loss: 0.1214	Val Accuracy: 2.46
Training Epoch: 123/200	Train Loss: 0.1061	Val Accuracy: 2.46
Training Epoch: 124/200	Train Loss: 0.0775	Val Accuracy: 2.16
Training Epoch: 125/200	Train Loss: 0.0915	Val Accuracy: 2.16
Training Epoch: 126/200	Train Loss: 0.0737	Val Accuracy: 2.56
Training Epoch: 127/200	Train Loss: 0.0194	Val Accuracy: 2.56
Training Epoch: 128/200	Train Loss: 0.0445	Val Accuracy: 2.34
Training Epoch: 129/200	Train Loss: 0.029	Val Accuracy: 2.34
Training Epoch: 130/200	Train Loss: 0.0927	Val Accuracy: 2.26
Training Epoch: 131/200	Train Loss: 0.0812	Val Accuracy: 2.26
Training Epoch: 132/200	Train Loss: 0.0314	Val Accuracy: 2.26
Training Epoch: 133/200	Train Loss: 0.0381	Val Accuracy: 2.26
Training Epoch: 134/200	Train Loss: 0.0922	Val Accuracy: 2.1
Training Epoch: 135/200	Train Loss: 0.05	Val Accuracy: 2.1
Training Epoch: 136/200	Train Loss: 0.0408	Val Accuracy: 2.08
Training Epoch: 137/200	Train Loss: 0.1089	Val Accuracy: 2.08
Training Epoch: 138/200	Train Loss: 0.0373	Val Accuracy: 2.14
Training Epoch: 139/200	Train Loss: 0.0234	Val Accuracy: 2.14
Training Epoch: 140/200	Train Loss: 0.0969	Val Accuracy: 1.92
Training Epoch: 141/200	Train Loss: 0.1349	Val Accuracy: 1.92
Training Epoch: 142/200	Train Loss: 0.0508	Val Accuracy: 2.08
Training Epoch: 143/200	Train Loss: 0.0408	Val Accuracy: 2.08
Training Epoch: 144/200	Train Loss: 0.0552	Val Accuracy: 1.92
Training Epoch: 145/200	Train Loss: 0.0788	Val Accuracy: 1.92
Training Epoch: 146/200	Train Loss: 0.0665	Val Accuracy: 1.74
Training Epoch: 147/200	Train Loss: 0.0849	Val Accuracy: 1.74
Training Epoch: 148/200	Train Loss: 0.1174	Val Accuracy: 1.86
Training Epoch: 149/200	Train Loss: 0.0725	Val Accuracy: 1.86
Training Epoch: 150/200	Train Loss: 0.0555	Val Accuracy: 2.14
Training Epoch: 151/200	Train Loss: 0.0465	Val Accuracy: 2.14
Training Epoch: 152/200	Train Loss: 0.0369	Val Accuracy: 1.82
Training Epoch: 153/200	Train Loss: 0.066	Val Accuracy: 1.82
Training Epoch: 154/200	Train Loss: 0.0354	Val Accuracy: 2.06
Training Epoch: 155/200	Train Loss: 0.1588	Val Accuracy: 2.06
Training Epoch: 156/200	Train Loss: 0.0825	Val Accuracy: 2.0
Training Epoch: 157/200	Train Loss: 0.0603	Val Accuracy: 2.0
Training Epoch: 158/200	Train Loss: 0.0441	Val Accuracy: 2.34
Training Epoch: 159/200	Train Loss: 0.0637	Val Accuracy: 2.34
Training Epoch: 160/200	Train Loss: 0.0799	Val Accuracy: 2.18
Training Epoch: 161/200	Train Loss: 0.0665	Val Accuracy: 2.18
Training Epoch: 162/200	Train Loss: 0.0591	Val Accuracy: 2.02
Training Epoch: 163/200	Train Loss: 0.0502	Val Accuracy: 2.02
Training Epoch: 164/200	Train Loss: 0.0181	Val Accuracy: 1.92
Training Epoch: 165/200	Train Loss: 0.017	Val Accuracy: 1.92
Training Epoch: 166/200	Train Loss: 0.026	Val Accuracy: 1.8
Training Epoch: 167/200	Train Loss: 0.0444	Val Accuracy: 1.8
Training Epoch: 168/200	Train Loss: 0.1099	Val Accuracy: 2.0
Training Epoch: 169/200	Train Loss: 0.0163	Val Accuracy: 2.0
Training Epoch: 170/200	Train Loss: 0.0411	Val Accuracy: 1.9
Training Epoch: 171/200	Train Loss: 0.0207	Val Accuracy: 1.9
Training Epoch: 172/200	Train Loss: 0.035	Val Accuracy: 1.98
Training Epoch: 173/200	Train Loss: 0.0342	Val Accuracy: 1.98
Training Epoch: 174/200	Train Loss: 0.0091	Val Accuracy: 2.04
Training Epoch: 175/200	Train Loss: 0.1218	Val Accuracy: 2.04
Training Epoch: 176/200	Train Loss: 0.021	Val Accuracy: 1.98
Training Epoch: 177/200	Train Loss: 0.0866	Val Accuracy: 1.98
Training Epoch: 178/200	Train Loss: 0.014	Val Accuracy: 2.0
Training Epoch: 179/200	Train Loss: 0.0579	Val Accuracy: 2.0
Training Epoch: 180/200	Train Loss: 0.0587	Val Accuracy: 2.14
Training Epoch: 181/200	Train Loss: 0.0241	Val Accuracy: 2.14
Training Epoch: 182/200	Train Loss: 0.0069	Val Accuracy: 2.06
Training Epoch: 183/200	Train Loss: 0.0427	Val Accuracy: 2.06
Training Epoch: 184/200	Train Loss: 0.0978	Val Accuracy: 1.96
Training Epoch: 185/200	Train Loss: 0.0146	Val Accuracy: 1.96
Training Epoch: 186/200	Train Loss: 0.0225	Val Accuracy: 2.18
Training Epoch: 187/200	Train Loss: 0.0363	Val Accuracy: 2.18
Training Epoch: 188/200	Train Loss: 0.02	Val Accuracy: 2.12
Training Epoch: 189/200	Train Loss: 0.0118	Val Accuracy: 2.12
Training Epoch: 190/200	Train Loss: 0.0232	Val Accuracy: 2.18
Training Epoch: 191/200	Train Loss: 0.0977	Val Accuracy: 2.18
Training Epoch: 192/200	Train Loss: 0.0609	Val Accuracy: 2.02
Training Epoch: 193/200	Train Loss: 0.0264	Val Accuracy: 2.02
Training Epoch: 194/200	Train Loss: 0.0404	Val Accuracy: 2.18
Training Epoch: 195/200	Train Loss: 0.0742	Val Accuracy: 2.18
Training Epoch: 196/200	Train Loss: 0.0436	Val Accuracy: 2.18
Training Epoch: 197/200	Train Loss: 0.0423	Val Accuracy: 2.18
Training Epoch: 198/200	Train Loss: 0.0577	Val Accuracy: 2.22
Training Epoch: 199/200	Train Loss: 0.0303	Val Accuracy: 2.22
Training Epoch: 200/200	Train Loss: 0.0273	Val Accuracy: 2.02

Wrote Best Model Checkpoint to: vlBest_acc_2_model_epoch_0126.pyth

Best Validation Accuracy: 2.56
Best Epoch: 126

======== TESTING ========

Test Accuracy: 2.11.

======== ACTIVE SAMPLING ========

Extracting Lset Representations
len(dataLoader): 1
Extracting Uset Representations
len(dataLoader): 949
lb_repr.shape:  (100, 2048)
ul_repr.shape:  (94900, 2048)
Solving K Center Greedy Approach
[GPU] Labeled.shape: torch.Size([100, 2048])
[GPU] Unlabeled.shape: torch.Size([94900, 2048])
time taken: 0.0011789798736572266 seconds
Time taken to solve K center: 0.3152306079864502 seconds
Active Sampling Complete. After Episode 1:
New Labeled Set: 150, New Unlabeled Set: 94850, Active Set: 50

================================


Current accuracy values:  [1.6099999999999994, 2.1099999999999994]
======== EPISODE 2 BEGINS ========

======== TRAINING ========
Training Epoch: 1/200	Train Loss: 6.9107	Val Accuracy: 0.0
Training Epoch: 2/200	Train Loss: 5.9662	Val Accuracy: 2.0
Training Epoch: 3/200	Train Loss: 5.5834	Val Accuracy: 2.0
Training Epoch: 4/200	Train Loss: 3.8751	Val Accuracy: 1.82
Training Epoch: 5/200	Train Loss: 2.4307	Val Accuracy: 1.82
Training Epoch: 6/200	Train Loss: 2.4566	Val Accuracy: 1.12
Training Epoch: 7/200	Train Loss: 2.4895	Val Accuracy: 1.12
Training Epoch: 8/200	Train Loss: 2.6655	Val Accuracy: 1.54
Training Epoch: 9/200	Train Loss: 1.8322	Val Accuracy: 1.54
Training Epoch: 10/200	Train Loss: 2.1698	Val Accuracy: 1.58
Training Epoch: 11/200	Train Loss: 2.1308	Val Accuracy: 1.58
Training Epoch: 12/200	Train Loss: 1.8127	Val Accuracy: 1.56
Training Epoch: 13/200	Train Loss: 1.4697	Val Accuracy: 1.56
Training Epoch: 14/200	Train Loss: 1.4138	Val Accuracy: 1.0
Training Epoch: 15/200	Train Loss: 1.3371	Val Accuracy: 1.0
Training Epoch: 16/200	Train Loss: 1.4296	Val Accuracy: 0.84
Training Epoch: 17/200	Train Loss: 1.1993	Val Accuracy: 0.84
Training Epoch: 18/200	Train Loss: 1.6222	Val Accuracy: 0.88
Training Epoch: 19/200	Train Loss: 1.1065	Val Accuracy: 0.88
Training Epoch: 20/200	Train Loss: 1.0287	Val Accuracy: 1.7
Training Epoch: 21/200	Train Loss: 1.2755	Val Accuracy: 1.7
Training Epoch: 22/200	Train Loss: 0.8265	Val Accuracy: 1.7
Training Epoch: 23/200	Train Loss: 0.7106	Val Accuracy: 1.7
Training Epoch: 24/200	Train Loss: 0.608	Val Accuracy: 1.24
Training Epoch: 25/200	Train Loss: 0.5775	Val Accuracy: 1.24
Training Epoch: 26/200	Train Loss: 0.5405	Val Accuracy: 2.0
Training Epoch: 27/200	Train Loss: 0.6291	Val Accuracy: 2.0
Training Epoch: 28/200	Train Loss: 0.5193	Val Accuracy: 1.88
Training Epoch: 29/200	Train Loss: 0.5608	Val Accuracy: 1.88
Training Epoch: 30/200	Train Loss: 0.4614	Val Accuracy: 1.56
Training Epoch: 31/200	Train Loss: 0.677	Val Accuracy: 1.56
Training Epoch: 32/200	Train Loss: 0.5798	Val Accuracy: 1.66
Training Epoch: 33/200	Train Loss: 0.4135	Val Accuracy: 1.66
Training Epoch: 34/200	Train Loss: 0.6038	Val Accuracy: 1.88
Training Epoch: 35/200	Train Loss: 0.5467	Val Accuracy: 1.88
Training Epoch: 36/200	Train Loss: 0.3509	Val Accuracy: 1.8
Training Epoch: 37/200	Train Loss: 0.3564	Val Accuracy: 1.8
Training Epoch: 38/200	Train Loss: 0.4299	Val Accuracy: 1.7
Training Epoch: 39/200	Train Loss: 0.4555	Val Accuracy: 1.7
Training Epoch: 40/200	Train Loss: 0.4507	Val Accuracy: 2.12
Training Epoch: 41/200	Train Loss: 0.314	Val Accuracy: 2.12
Training Epoch: 42/200	Train Loss: 0.2551	Val Accuracy: 2.06
Training Epoch: 43/200	Train Loss: 0.3082	Val Accuracy: 2.06
Training Epoch: 44/200	Train Loss: 0.3415	Val Accuracy: 2.14
Training Epoch: 45/200	Train Loss: 0.3396	Val Accuracy: 2.14
Training Epoch: 46/200	Train Loss: 0.203	Val Accuracy: 1.98
Training Epoch: 47/200	Train Loss: 0.6981	Val Accuracy: 1.98
Training Epoch: 48/200	Train Loss: 0.4417	Val Accuracy: 1.88
Training Epoch: 49/200	Train Loss: 0.2358	Val Accuracy: 1.88
Training Epoch: 50/200	Train Loss: 0.3279	Val Accuracy: 1.74
Training Epoch: 51/200	Train Loss: 0.5679	Val Accuracy: 1.74
Training Epoch: 52/200	Train Loss: 0.3444	Val Accuracy: 1.84
Training Epoch: 53/200	Train Loss: 0.4055	Val Accuracy: 1.84
Training Epoch: 54/200	Train Loss: 0.3969	Val Accuracy: 1.82
Training Epoch: 55/200	Train Loss: 0.4501	Val Accuracy: 1.82
Training Epoch: 56/200	Train Loss: 0.1567	Val Accuracy: 1.86
Training Epoch: 57/200	Train Loss: 0.3062	Val Accuracy: 1.86
Training Epoch: 58/200	Train Loss: 0.3375	Val Accuracy: 2.14
Training Epoch: 59/200	Train Loss: 0.2233	Val Accuracy: 2.14
Training Epoch: 60/200	Train Loss: 0.3204	Val Accuracy: 2.08
Training Epoch: 61/200	Train Loss: 0.3018	Val Accuracy: 2.08
Training Epoch: 62/200	Train Loss: 0.259	Val Accuracy: 2.12
Training Epoch: 63/200	Train Loss: 0.2101	Val Accuracy: 2.12
Training Epoch: 64/200	Train Loss: 0.2916	Val Accuracy: 1.98
Training Epoch: 65/200	Train Loss: 0.269	Val Accuracy: 1.98
Training Epoch: 66/200	Train Loss: 0.3983	Val Accuracy: 1.96
Training Epoch: 67/200	Train Loss: 0.239	Val Accuracy: 1.96
Training Epoch: 68/200	Train Loss: 0.1714	Val Accuracy: 1.72
Training Epoch: 69/200	Train Loss: 0.3999	Val Accuracy: 1.72
Training Epoch: 70/200	Train Loss: 0.3823	Val Accuracy: 1.94
Training Epoch: 71/200	Train Loss: 0.1964	Val Accuracy: 1.94
Training Epoch: 72/200	Train Loss: 0.4056	Val Accuracy: 2.34
Training Epoch: 73/200	Train Loss: 0.2515	Val Accuracy: 2.34
Training Epoch: 74/200	Train Loss: 0.4143	Val Accuracy: 2.04
Training Epoch: 75/200	Train Loss: 0.166	Val Accuracy: 2.04
Training Epoch: 76/200	Train Loss: 0.1941	Val Accuracy: 1.78
Training Epoch: 77/200	Train Loss: 0.2316	Val Accuracy: 1.78
Training Epoch: 78/200	Train Loss: 0.1515	Val Accuracy: 1.76
Training Epoch: 79/200	Train Loss: 0.166	Val Accuracy: 1.76
Training Epoch: 80/200	Train Loss: 0.1494	Val Accuracy: 1.6
Training Epoch: 81/200	Train Loss: 0.2073	Val Accuracy: 1.6
Training Epoch: 82/200	Train Loss: 0.2062	Val Accuracy: 1.56
Training Epoch: 83/200	Train Loss: 0.1605	Val Accuracy: 1.56
Training Epoch: 84/200	Train Loss: 0.2884	Val Accuracy: 1.76
Training Epoch: 85/200	Train Loss: 0.1049	Val Accuracy: 1.76
Training Epoch: 86/200	Train Loss: 0.2301	Val Accuracy: 1.8
Training Epoch: 87/200	Train Loss: 0.2341	Val Accuracy: 1.8
Training Epoch: 88/200	Train Loss: 0.2166	Val Accuracy: 2.02
Training Epoch: 89/200	Train Loss: 0.21	Val Accuracy: 2.02
Training Epoch: 90/200	Train Loss: 0.1312	Val Accuracy: 2.06
Training Epoch: 91/200	Train Loss: 0.1593	Val Accuracy: 2.06
Training Epoch: 92/200	Train Loss: 0.327	Val Accuracy: 2.04
Training Epoch: 93/200	Train Loss: 0.1076	Val Accuracy: 2.04
Training Epoch: 94/200	Train Loss: 0.2996	Val Accuracy: 1.92
Training Epoch: 95/200	Train Loss: 0.2507	Val Accuracy: 1.92
Training Epoch: 96/200	Train Loss: 0.1295	Val Accuracy: 2.12
Training Epoch: 97/200	Train Loss: 0.1726	Val Accuracy: 2.12
Training Epoch: 98/200	Train Loss: 0.1055	Val Accuracy: 2.3
Training Epoch: 99/200	Train Loss: 0.288	Val Accuracy: 2.3
Training Epoch: 100/200	Train Loss: 0.2791	Val Accuracy: 2.04
Training Epoch: 101/200	Train Loss: 0.1408	Val Accuracy: 2.04
Training Epoch: 102/200	Train Loss: 0.1358	Val Accuracy: 1.88
Training Epoch: 103/200	Train Loss: 0.1484	Val Accuracy: 1.88
Training Epoch: 104/200	Train Loss: 0.1126	Val Accuracy: 1.88
Training Epoch: 105/200	Train Loss: 0.2338	Val Accuracy: 1.88
Training Epoch: 106/200	Train Loss: 0.1292	Val Accuracy: 1.76
Training Epoch: 107/200	Train Loss: 0.1141	Val Accuracy: 1.76
Training Epoch: 108/200	Train Loss: 0.1423	Val Accuracy: 2.2
Training Epoch: 109/200	Train Loss: 0.1926	Val Accuracy: 2.2
Training Epoch: 110/200	Train Loss: 0.1466	Val Accuracy: 2.12
Training Epoch: 111/200	Train Loss: 0.0819	Val Accuracy: 2.12
Training Epoch: 112/200	Train Loss: 0.1761	Val Accuracy: 2.1
Training Epoch: 113/200	Train Loss: 0.0564	Val Accuracy: 2.1
Training Epoch: 114/200	Train Loss: 0.0783	Val Accuracy: 2.14
Training Epoch: 115/200	Train Loss: 0.1995	Val Accuracy: 2.14
Training Epoch: 116/200	Train Loss: 0.0953	Val Accuracy: 2.06
Training Epoch: 117/200	Train Loss: 0.1039	Val Accuracy: 2.06
Training Epoch: 118/200	Train Loss: 0.0853	Val Accuracy: 2.26
Training Epoch: 119/200	Train Loss: 0.0928	Val Accuracy: 2.26
Training Epoch: 120/200	Train Loss: 0.0758	Val Accuracy: 1.88
Training Epoch: 121/200	Train Loss: 0.0477	Val Accuracy: 1.88
Training Epoch: 122/200	Train Loss: 0.1098	Val Accuracy: 2.12
Training Epoch: 123/200	Train Loss: 0.0465	Val Accuracy: 2.12
Training Epoch: 124/200	Train Loss: 0.0425	Val Accuracy: 1.94
Training Epoch: 125/200	Train Loss: 0.1337	Val Accuracy: 1.94
Training Epoch: 126/200	Train Loss: 0.2229	Val Accuracy: 1.94
Training Epoch: 127/200	Train Loss: 0.034	Val Accuracy: 1.94
Training Epoch: 128/200	Train Loss: 0.1304	Val Accuracy: 2.3
Training Epoch: 129/200	Train Loss: 0.0842	Val Accuracy: 2.3
Training Epoch: 130/200	Train Loss: 0.2343	Val Accuracy: 2.02
Training Epoch: 131/200	Train Loss: 0.1092	Val Accuracy: 2.02
Training Epoch: 132/200	Train Loss: 0.1667	Val Accuracy: 2.02
Training Epoch: 133/200	Train Loss: 0.0929	Val Accuracy: 2.02
Training Epoch: 134/200	Train Loss: 0.1665	Val Accuracy: 2.24
Training Epoch: 135/200	Train Loss: 0.1564	Val Accuracy: 2.24
Training Epoch: 136/200	Train Loss: 0.1014	Val Accuracy: 2.02
Training Epoch: 137/200	Train Loss: 0.0913	Val Accuracy: 2.02
Training Epoch: 138/200	Train Loss: 0.0443	Val Accuracy: 1.98
Training Epoch: 139/200	Train Loss: 0.0796	Val Accuracy: 1.98
Training Epoch: 140/200	Train Loss: 0.0748	Val Accuracy: 1.94
Training Epoch: 141/200	Train Loss: 0.0212	Val Accuracy: 1.94
Training Epoch: 142/200	Train Loss: 0.0431	Val Accuracy: 2.18
Training Epoch: 143/200	Train Loss: 0.105	Val Accuracy: 2.18
Training Epoch: 144/200	Train Loss: 0.0854	Val Accuracy: 1.92
Training Epoch: 145/200	Train Loss: 0.0427	Val Accuracy: 1.92
Training Epoch: 146/200	Train Loss: 0.0918	Val Accuracy: 1.9
Training Epoch: 147/200	Train Loss: 0.1243	Val Accuracy: 1.9
Training Epoch: 148/200	Train Loss: 0.0419	Val Accuracy: 2.12
Training Epoch: 149/200	Train Loss: 0.0435	Val Accuracy: 2.12
Training Epoch: 150/200	Train Loss: 0.133	Val Accuracy: 2.04
Training Epoch: 151/200	Train Loss: 0.0651	Val Accuracy: 2.04
Training Epoch: 152/200	Train Loss: 0.0554	Val Accuracy: 2.16
Training Epoch: 153/200	Train Loss: 0.0422	Val Accuracy: 2.16
Training Epoch: 154/200	Train Loss: 0.0728	Val Accuracy: 2.08
Training Epoch: 155/200	Train Loss: 0.0252	Val Accuracy: 2.08
Training Epoch: 156/200	Train Loss: 0.0764	Val Accuracy: 2.04
Training Epoch: 157/200	Train Loss: 0.152	Val Accuracy: 2.04
Training Epoch: 158/200	Train Loss: 0.1292	Val Accuracy: 2.06
Training Epoch: 159/200	Train Loss: 0.0364	Val Accuracy: 2.06
Training Epoch: 160/200	Train Loss: 0.0718	Val Accuracy: 2.18
Training Epoch: 161/200	Train Loss: 0.2308	Val Accuracy: 2.18
Training Epoch: 162/200	Train Loss: 0.0429	Val Accuracy: 2.04
Training Epoch: 163/200	Train Loss: 0.0836	Val Accuracy: 2.04
Training Epoch: 164/200	Train Loss: 0.0682	Val Accuracy: 2.1
Training Epoch: 165/200	Train Loss: 0.0605	Val Accuracy: 2.1
Training Epoch: 166/200	Train Loss: 0.0701	Val Accuracy: 1.94
Training Epoch: 167/200	Train Loss: 0.0441	Val Accuracy: 1.94
Training Epoch: 168/200	Train Loss: 0.0436	Val Accuracy: 1.98
Training Epoch: 169/200	Train Loss: 0.1315	Val Accuracy: 1.98
Training Epoch: 170/200	Train Loss: 0.082	Val Accuracy: 2.3
Training Epoch: 171/200	Train Loss: 0.0494	Val Accuracy: 2.3
Training Epoch: 172/200	Train Loss: 0.1155	Val Accuracy: 2.32
Training Epoch: 173/200	Train Loss: 0.0642	Val Accuracy: 2.32
Training Epoch: 174/200	Train Loss: 0.177	Val Accuracy: 2.28
Training Epoch: 175/200	Train Loss: 0.0921	Val Accuracy: 2.28
Training Epoch: 176/200	Train Loss: 0.0299	Val Accuracy: 2.26
Training Epoch: 177/200	Train Loss: 0.0641	Val Accuracy: 2.26
Training Epoch: 178/200	Train Loss: 0.1383	Val Accuracy: 2.12
Training Epoch: 179/200	Train Loss: 0.062	Val Accuracy: 2.12
Training Epoch: 180/200	Train Loss: 0.0911	Val Accuracy: 2.04
Training Epoch: 181/200	Train Loss: 0.0842	Val Accuracy: 2.04
Training Epoch: 182/200	Train Loss: 0.1493	Val Accuracy: 2.22
Training Epoch: 183/200	Train Loss: 0.0962	Val Accuracy: 2.22
Training Epoch: 184/200	Train Loss: 0.0503	Val Accuracy: 2.32
Training Epoch: 185/200	Train Loss: 0.0272	Val Accuracy: 2.32
Training Epoch: 186/200	Train Loss: 0.068	Val Accuracy: 2.28
Training Epoch: 187/200	Train Loss: 0.0609	Val Accuracy: 2.28
Training Epoch: 188/200	Train Loss: 0.0889	Val Accuracy: 2.22
Training Epoch: 189/200	Train Loss: 0.0449	Val Accuracy: 2.22
Training Epoch: 190/200	Train Loss: 0.0782	Val Accuracy: 2.06
Training Epoch: 191/200	Train Loss: 0.169	Val Accuracy: 2.06
Training Epoch: 192/200	Train Loss: 0.0409	Val Accuracy: 2.1
Training Epoch: 193/200	Train Loss: 0.0503	Val Accuracy: 2.1
Training Epoch: 194/200	Train Loss: 0.0407	Val Accuracy: 2.16
Training Epoch: 195/200	Train Loss: 0.0688	Val Accuracy: 2.16
Training Epoch: 196/200	Train Loss: 0.0797	Val Accuracy: 2.0
Training Epoch: 197/200	Train Loss: 0.0252	Val Accuracy: 2.0
Training Epoch: 198/200	Train Loss: 0.0916	Val Accuracy: 2.08
Training Epoch: 199/200	Train Loss: 0.0927	Val Accuracy: 2.08
Training Epoch: 200/200	Train Loss: 0.0167	Val Accuracy: 1.72

Wrote Best Model Checkpoint to: vlBest_acc_2_model_epoch_0072.pyth

Best Validation Accuracy: 2.34
Best Epoch: 72

======== TESTING ========

Test Accuracy: 1.91.

======== ACTIVE SAMPLING ========

Extracting Lset Representations
len(dataLoader): 2
Extracting Uset Representations
len(dataLoader): 949
lb_repr.shape:  (150, 2048)
ul_repr.shape:  (94850, 2048)
Solving K Center Greedy Approach
[GPU] Labeled.shape: torch.Size([150, 2048])
[GPU] Unlabeled.shape: torch.Size([94850, 2048])
time taken: 0.0006299018859863281 seconds
Time taken to solve K center: 0.32254528999328613 seconds
Active Sampling Complete. After Episode 2:
New Labeled Set: 200, New Unlabeled Set: 94800, Active Set: 50

================================


Current accuracy values:  [1.6099999999999994, 2.1099999999999994, 1.9099999999999966]
======== EPISODE 3 BEGINS ========

======== TRAINING ========
Training Epoch: 1/200	Train Loss: 5.6159	Val Accuracy: 0.0
Training Epoch: 2/200	Train Loss: 2.7285	Val Accuracy: 1.48
Training Epoch: 3/200	Train Loss: 2.4592	Val Accuracy: 1.48
Training Epoch: 4/200	Train Loss: 1.7061	Val Accuracy: 2.0
Training Epoch: 5/200	Train Loss: 1.7949	Val Accuracy: 2.0
Training Epoch: 6/200	Train Loss: 1.1569	Val Accuracy: 1.58
Training Epoch: 7/200	Train Loss: 0.9743	Val Accuracy: 1.58
Training Epoch: 8/200	Train Loss: 0.8724	Val Accuracy: 1.54
Training Epoch: 9/200	Train Loss: 0.8415	Val Accuracy: 1.54
Training Epoch: 10/200	Train Loss: 0.4749	Val Accuracy: 2.42
Training Epoch: 11/200	Train Loss: 0.3953	Val Accuracy: 2.42
Training Epoch: 12/200	Train Loss: 0.4197	Val Accuracy: 2.5
Training Epoch: 13/200	Train Loss: 0.3672	Val Accuracy: 2.5
Training Epoch: 14/200	Train Loss: 0.2533	Val Accuracy: 1.96
Training Epoch: 15/200	Train Loss: 0.5156	Val Accuracy: 1.96
Training Epoch: 16/200	Train Loss: 0.2512	Val Accuracy: 2.18
Training Epoch: 17/200	Train Loss: 0.3853	Val Accuracy: 2.18
Training Epoch: 18/200	Train Loss: 0.2937	Val Accuracy: 2.06
Training Epoch: 19/200	Train Loss: 0.3794	Val Accuracy: 2.06
Training Epoch: 20/200	Train Loss: 0.3411	Val Accuracy: 2.24
Training Epoch: 21/200	Train Loss: 0.0954	Val Accuracy: 2.24
Training Epoch: 22/200	Train Loss: 0.6973	Val Accuracy: 2.3
Training Epoch: 23/200	Train Loss: 0.2231	Val Accuracy: 2.3
Training Epoch: 24/200	Train Loss: 0.5378	Val Accuracy: 2.26
Training Epoch: 25/200	Train Loss: 0.289	Val Accuracy: 2.26
Training Epoch: 26/200	Train Loss: 0.1707	Val Accuracy: 2.36
Training Epoch: 27/200	Train Loss: 0.1369	Val Accuracy: 2.36
Training Epoch: 28/200	Train Loss: 0.2163	Val Accuracy: 2.28
Training Epoch: 29/200	Train Loss: 0.2027	Val Accuracy: 2.28
Training Epoch: 30/200	Train Loss: 0.2751	Val Accuracy: 1.9
Training Epoch: 31/200	Train Loss: 0.1836	Val Accuracy: 1.9
Training Epoch: 32/200	Train Loss: 0.194	Val Accuracy: 2.34
Training Epoch: 33/200	Train Loss: 0.3385	Val Accuracy: 2.34
Training Epoch: 34/200	Train Loss: 0.3136	Val Accuracy: 1.84
Training Epoch: 35/200	Train Loss: 0.4071	Val Accuracy: 1.84
Training Epoch: 36/200	Train Loss: 0.2605	Val Accuracy: 2.32
Training Epoch: 37/200	Train Loss: 0.4622	Val Accuracy: 2.32
Training Epoch: 38/200	Train Loss: 0.2593	Val Accuracy: 2.34
Training Epoch: 39/200	Train Loss: 0.1565	Val Accuracy: 2.34
Training Epoch: 40/200	Train Loss: 0.1817	Val Accuracy: 2.44
Training Epoch: 41/200	Train Loss: 0.2366	Val Accuracy: 2.44
Training Epoch: 42/200	Train Loss: 0.2953	Val Accuracy: 2.32
Training Epoch: 43/200	Train Loss: 0.0961	Val Accuracy: 2.32
Training Epoch: 44/200	Train Loss: 0.3313	Val Accuracy: 2.58
Training Epoch: 45/200	Train Loss: 0.2828	Val Accuracy: 2.58
Training Epoch: 46/200	Train Loss: 0.1672	Val Accuracy: 2.52
Training Epoch: 47/200	Train Loss: 0.2816	Val Accuracy: 2.52
Training Epoch: 48/200	Train Loss: 0.2439	Val Accuracy: 2.42
Training Epoch: 49/200	Train Loss: 0.1912	Val Accuracy: 2.42
Training Epoch: 50/200	Train Loss: 0.1616	Val Accuracy: 2.26
Training Epoch: 51/200	Train Loss: 0.105	Val Accuracy: 2.26
Training Epoch: 52/200	Train Loss: 0.0793	Val Accuracy: 2.16
Training Epoch: 53/200	Train Loss: 0.1836	Val Accuracy: 2.16
Training Epoch: 54/200	Train Loss: 0.1498	Val Accuracy: 2.24
Training Epoch: 55/200	Train Loss: 0.1277	Val Accuracy: 2.24
Training Epoch: 56/200	Train Loss: 0.1346	Val Accuracy: 2.04
Training Epoch: 57/200	Train Loss: 0.155	Val Accuracy: 2.04
Training Epoch: 58/200	Train Loss: 0.1752	Val Accuracy: 2.28
Training Epoch: 59/200	Train Loss: 0.0827	Val Accuracy: 2.28
Training Epoch: 60/200	Train Loss: 0.1056	Val Accuracy: 2.22
Training Epoch: 61/200	Train Loss: 0.0436	Val Accuracy: 2.22
Training Epoch: 62/200	Train Loss: 0.2103	Val Accuracy: 2.12
Training Epoch: 63/200	Train Loss: 0.0503	Val Accuracy: 2.12
Training Epoch: 64/200	Train Loss: 0.0867	Val Accuracy: 2.12
Training Epoch: 65/200	Train Loss: 0.1074	Val Accuracy: 2.12
Training Epoch: 66/200	Train Loss: 0.1085	Val Accuracy: 2.22
Training Epoch: 67/200	Train Loss: 0.0624	Val Accuracy: 2.22
Training Epoch: 68/200	Train Loss: 0.0951	Val Accuracy: 2.44
Training Epoch: 69/200	Train Loss: 0.1743	Val Accuracy: 2.44
Training Epoch: 70/200	Train Loss: 0.0526	Val Accuracy: 2.58
Training Epoch: 71/200	Train Loss: 0.1255	Val Accuracy: 2.58
Training Epoch: 72/200	Train Loss: 0.0829	Val Accuracy: 2.36
Training Epoch: 73/200	Train Loss: 0.1715	Val Accuracy: 2.36
Training Epoch: 74/200	Train Loss: 0.1988	Val Accuracy: 2.4
Training Epoch: 75/200	Train Loss: 0.1196	Val Accuracy: 2.4
Training Epoch: 76/200	Train Loss: 0.1573	Val Accuracy: 2.48
Training Epoch: 77/200	Train Loss: 0.1137	Val Accuracy: 2.48
Training Epoch: 78/200	Train Loss: 0.1797	Val Accuracy: 2.7
Training Epoch: 79/200	Train Loss: 0.1852	Val Accuracy: 2.7
Training Epoch: 80/200	Train Loss: 0.1851	Val Accuracy: 2.44
Training Epoch: 81/200	Train Loss: 0.1076	Val Accuracy: 2.44
Training Epoch: 82/200	Train Loss: 0.1908	Val Accuracy: 2.44
Training Epoch: 83/200	Train Loss: 0.1195	Val Accuracy: 2.44
Training Epoch: 84/200	Train Loss: 0.2768	Val Accuracy: 2.66
Training Epoch: 85/200	Train Loss: 0.1994	Val Accuracy: 2.66
Training Epoch: 86/200	Train Loss: 0.1781	Val Accuracy: 2.3
Training Epoch: 87/200	Train Loss: 0.1418	Val Accuracy: 2.3
Training Epoch: 88/200	Train Loss: 0.0846	Val Accuracy: 2.4
Training Epoch: 89/200	Train Loss: 0.1701	Val Accuracy: 2.4
Training Epoch: 90/200	Train Loss: 0.0971	Val Accuracy: 2.38
Training Epoch: 91/200	Train Loss: 0.085	Val Accuracy: 2.38
Training Epoch: 92/200	Train Loss: 0.1261	Val Accuracy: 2.1
Training Epoch: 93/200	Train Loss: 0.0373	Val Accuracy: 2.1
Training Epoch: 94/200	Train Loss: 0.1291	Val Accuracy: 2.08
Training Epoch: 95/200	Train Loss: 0.0556	Val Accuracy: 2.08
Training Epoch: 96/200	Train Loss: 0.1657	Val Accuracy: 2.2
Training Epoch: 97/200	Train Loss: 0.1517	Val Accuracy: 2.2
Training Epoch: 98/200	Train Loss: 0.1393	Val Accuracy: 2.3
Training Epoch: 99/200	Train Loss: 0.0968	Val Accuracy: 2.3
Training Epoch: 100/200	Train Loss: 0.0999	Val Accuracy: 2.42
Training Epoch: 101/200	Train Loss: 0.1415	Val Accuracy: 2.42
Training Epoch: 102/200	Train Loss: 0.112	Val Accuracy: 2.28
Training Epoch: 103/200	Train Loss: 0.158	Val Accuracy: 2.28
Training Epoch: 104/200	Train Loss: 0.1066	Val Accuracy: 2.4
Training Epoch: 105/200	Train Loss: 0.0752	Val Accuracy: 2.4
Training Epoch: 106/200	Train Loss: 0.1066	Val Accuracy: 2.08
Training Epoch: 107/200	Train Loss: 0.0671	Val Accuracy: 2.08
Training Epoch: 108/200	Train Loss: 0.0278	Val Accuracy: 2.28
Training Epoch: 109/200	Train Loss: 0.0936	Val Accuracy: 2.28
Training Epoch: 110/200	Train Loss: 0.0582	Val Accuracy: 2.66
Training Epoch: 111/200	Train Loss: 0.3373	Val Accuracy: 2.66
Training Epoch: 112/200	Train Loss: 0.0324	Val Accuracy: 2.68
Training Epoch: 113/200	Train Loss: 0.0915	Val Accuracy: 2.68
Training Epoch: 114/200	Train Loss: 0.2424	Val Accuracy: 2.34
Training Epoch: 115/200	Train Loss: 0.0849	Val Accuracy: 2.34
Training Epoch: 116/200	Train Loss: 0.0532	Val Accuracy: 2.32
Training Epoch: 117/200	Train Loss: 0.1065	Val Accuracy: 2.32
Training Epoch: 118/200	Train Loss: 0.0674	Val Accuracy: 2.78
Training Epoch: 119/200	Train Loss: 0.0841	Val Accuracy: 2.78
Training Epoch: 120/200	Train Loss: 0.3025	Val Accuracy: 2.54
Training Epoch: 121/200	Train Loss: 0.1004	Val Accuracy: 2.54
Training Epoch: 122/200	Train Loss: 0.0405	Val Accuracy: 2.48
Training Epoch: 123/200	Train Loss: 0.1096	Val Accuracy: 2.48
Training Epoch: 124/200	Train Loss: 0.1606	Val Accuracy: 2.7
Training Epoch: 125/200	Train Loss: 0.1476	Val Accuracy: 2.7
Training Epoch: 126/200	Train Loss: 0.1028	Val Accuracy: 2.4
Training Epoch: 127/200	Train Loss: 0.0594	Val Accuracy: 2.4
Training Epoch: 128/200	Train Loss: 0.0925	Val Accuracy: 2.56
Training Epoch: 129/200	Train Loss: 0.0431	Val Accuracy: 2.56
Training Epoch: 130/200	Train Loss: 0.1677	Val Accuracy: 2.68
Training Epoch: 131/200	Train Loss: 0.157	Val Accuracy: 2.68
Training Epoch: 132/200	Train Loss: 0.058	Val Accuracy: 2.66
Training Epoch: 133/200	Train Loss: 0.1213	Val Accuracy: 2.66
Training Epoch: 134/200	Train Loss: 0.0307	Val Accuracy: 2.08
Training Epoch: 135/200	Train Loss: 0.0713	Val Accuracy: 2.08
Training Epoch: 136/200	Train Loss: 0.0896	Val Accuracy: 2.52
Training Epoch: 137/200	Train Loss: 0.0551	Val Accuracy: 2.52
Training Epoch: 138/200	Train Loss: 0.045	Val Accuracy: 2.48
Training Epoch: 139/200	Train Loss: 0.0757	Val Accuracy: 2.48
Training Epoch: 140/200	Train Loss: 0.04	Val Accuracy: 2.58
Training Epoch: 141/200	Train Loss: 0.0976	Val Accuracy: 2.58
Training Epoch: 142/200	Train Loss: 0.0894	Val Accuracy: 2.48
Training Epoch: 143/200	Train Loss: 0.0221	Val Accuracy: 2.48
Training Epoch: 144/200	Train Loss: 0.021	Val Accuracy: 2.44
Training Epoch: 145/200	Train Loss: 0.0716	Val Accuracy: 2.44
Training Epoch: 146/200	Train Loss: 0.0419	Val Accuracy: 2.46
Training Epoch: 147/200	Train Loss: 0.0492	Val Accuracy: 2.46
Training Epoch: 148/200	Train Loss: 0.0227	Val Accuracy: 2.72
Training Epoch: 149/200	Train Loss: 0.0333	Val Accuracy: 2.72
Training Epoch: 150/200	Train Loss: 0.0973	Val Accuracy: 2.66
Training Epoch: 151/200	Train Loss: 0.0282	Val Accuracy: 2.66
Training Epoch: 152/200	Train Loss: 0.0147	Val Accuracy: 2.94
Training Epoch: 153/200	Train Loss: 0.0549	Val Accuracy: 2.94
Training Epoch: 154/200	Train Loss: 0.0142	Val Accuracy: 2.6
Training Epoch: 155/200	Train Loss: 0.0797	Val Accuracy: 2.6
Training Epoch: 156/200	Train Loss: 0.0309	Val Accuracy: 2.56
Training Epoch: 157/200	Train Loss: 0.0775	Val Accuracy: 2.56
Training Epoch: 158/200	Train Loss: 0.0671	Val Accuracy: 2.8
Training Epoch: 159/200	Train Loss: 0.0412	Val Accuracy: 2.8
Training Epoch: 160/200	Train Loss: 0.1036	Val Accuracy: 2.58
Training Epoch: 161/200	Train Loss: 0.0835	Val Accuracy: 2.58
Training Epoch: 162/200	Train Loss: 0.0205	Val Accuracy: 2.56
Training Epoch: 163/200	Train Loss: 0.0804	Val Accuracy: 2.56
Training Epoch: 164/200	Train Loss: 0.0757	Val Accuracy: 2.68
Training Epoch: 165/200	Train Loss: 0.0483	Val Accuracy: 2.68
Training Epoch: 166/200	Train Loss: 0.0816	Val Accuracy: 2.6
Training Epoch: 167/200	Train Loss: 0.11	Val Accuracy: 2.6
Training Epoch: 168/200	Train Loss: 0.1131	Val Accuracy: 2.24
Training Epoch: 169/200	Train Loss: 0.0848	Val Accuracy: 2.24
Training Epoch: 170/200	Train Loss: 0.0979	Val Accuracy: 2.28
Training Epoch: 171/200	Train Loss: 0.0842	Val Accuracy: 2.28
Training Epoch: 172/200	Train Loss: 0.1953	Val Accuracy: 2.32
Training Epoch: 173/200	Train Loss: 0.1757	Val Accuracy: 2.32
Training Epoch: 174/200	Train Loss: 0.1895	Val Accuracy: 2.28
Training Epoch: 175/200	Train Loss: 0.0415	Val Accuracy: 2.28
Training Epoch: 176/200	Train Loss: 0.1686	Val Accuracy: 2.34
Training Epoch: 177/200	Train Loss: 0.0672	Val Accuracy: 2.34
Training Epoch: 178/200	Train Loss: 0.0715	Val Accuracy: 2.42
Training Epoch: 179/200	Train Loss: 0.1737	Val Accuracy: 2.42
Training Epoch: 180/200	Train Loss: 0.0431	Val Accuracy: 2.18
Training Epoch: 181/200	Train Loss: 0.1424	Val Accuracy: 2.18
Training Epoch: 182/200	Train Loss: 0.1865	Val Accuracy: 2.38
Training Epoch: 183/200	Train Loss: 0.0777	Val Accuracy: 2.38
Training Epoch: 184/200	Train Loss: 0.1184	Val Accuracy: 2.72
Training Epoch: 185/200	Train Loss: 0.1327	Val Accuracy: 2.72
Training Epoch: 186/200	Train Loss: 0.0634	Val Accuracy: 2.98
Training Epoch: 187/200	Train Loss: 0.0605	Val Accuracy: 2.98
Training Epoch: 188/200	Train Loss: 0.0778	Val Accuracy: 2.94
Training Epoch: 189/200	Train Loss: 0.0859	Val Accuracy: 2.94
Training Epoch: 190/200	Train Loss: 0.1708	Val Accuracy: 2.8
Training Epoch: 191/200	Train Loss: 0.209	Val Accuracy: 2.8
Training Epoch: 192/200	Train Loss: 0.0911	Val Accuracy: 2.5
Training Epoch: 193/200	Train Loss: 0.1555	Val Accuracy: 2.5
Training Epoch: 194/200	Train Loss: 0.0411	Val Accuracy: 2.3
Training Epoch: 195/200	Train Loss: 0.0952	Val Accuracy: 2.3
Training Epoch: 196/200	Train Loss: 0.0678	Val Accuracy: 2.42
Training Epoch: 197/200	Train Loss: 0.0766	Val Accuracy: 2.42
Training Epoch: 198/200	Train Loss: 0.1175	Val Accuracy: 2.5
Training Epoch: 199/200	Train Loss: 0.0996	Val Accuracy: 2.5
Training Epoch: 200/200	Train Loss: 0.1068	Val Accuracy: 2.44

Wrote Best Model Checkpoint to: vlBest_acc_2_model_epoch_0186.pyth

Best Validation Accuracy: 2.98
Best Epoch: 186

======== TESTING ========

Test Accuracy: 2.48.

======== ACTIVE SAMPLING ========

Extracting Lset Representations
len(dataLoader): 2
Extracting Uset Representations
len(dataLoader): 948
lb_repr.shape:  (200, 2048)
ul_repr.shape:  (94800, 2048)
Solving K Center Greedy Approach
[GPU] Labeled.shape: torch.Size([200, 2048])
[GPU] Unlabeled.shape: torch.Size([94800, 2048])
time taken: 0.0005486011505126953 seconds
Time taken to solve K center: 0.32331061363220215 seconds
Active Sampling Complete. After Episode 3:
New Labeled Set: 250, New Unlabeled Set: 94750, Active Set: 50

================================


Current accuracy values:  [1.6099999999999994, 2.1099999999999994, 1.9099999999999966, 2.480000000000004]
======== EPISODE 4 BEGINS ========

======== TRAINING ========
Training Epoch: 1/200	Train Loss: 2.6127	Val Accuracy: 0.0
Training Epoch: 2/200	Train Loss: 1.1909	Val Accuracy: 2.18
Training Epoch: 3/200	Train Loss: 1.6479	Val Accuracy: 2.18
Training Epoch: 4/200	Train Loss: 1.4125	Val Accuracy: 2.12
Training Epoch: 5/200	Train Loss: 1.1166	Val Accuracy: 2.12
Training Epoch: 6/200	Train Loss: 0.9417	Val Accuracy: 2.02
Training Epoch: 7/200	Train Loss: 0.9363	Val Accuracy: 2.02
Training Epoch: 8/200	Train Loss: 0.7945	Val Accuracy: 2.5
Training Epoch: 9/200	Train Loss: 0.7522	Val Accuracy: 2.5
Training Epoch: 10/200	Train Loss: 0.4617	Val Accuracy: 2.54
Training Epoch: 11/200	Train Loss: 0.7112	Val Accuracy: 2.54
Training Epoch: 12/200	Train Loss: 0.4374	Val Accuracy: 2.46
Training Epoch: 13/200	Train Loss: 0.404	Val Accuracy: 2.46
Training Epoch: 14/200	Train Loss: 0.2458	Val Accuracy: 2.22
Training Epoch: 15/200	Train Loss: 0.2887	Val Accuracy: 2.22
Training Epoch: 16/200	Train Loss: 0.2824	Val Accuracy: 2.38
Training Epoch: 17/200	Train Loss: 0.3244	Val Accuracy: 2.38
Training Epoch: 18/200	Train Loss: 0.2414	Val Accuracy: 2.54
Training Epoch: 19/200	Train Loss: 0.1985	Val Accuracy: 2.54
Training Epoch: 20/200	Train Loss: 0.2757	Val Accuracy: 2.34
Training Epoch: 21/200	Train Loss: 0.254	Val Accuracy: 2.34
Training Epoch: 22/200	Train Loss: 0.2968	Val Accuracy: 2.46
Training Epoch: 23/200	Train Loss: 0.2861	Val Accuracy: 2.46
Training Epoch: 24/200	Train Loss: 0.2467	Val Accuracy: 2.38
Training Epoch: 25/200	Train Loss: 0.2059	Val Accuracy: 2.38
Training Epoch: 26/200	Train Loss: 0.2691	Val Accuracy: 2.24
Training Epoch: 27/200	Train Loss: 0.1726	Val Accuracy: 2.24
Training Epoch: 28/200	Train Loss: 0.1626	Val Accuracy: 2.32
Training Epoch: 29/200	Train Loss: 0.1986	Val Accuracy: 2.32
Training Epoch: 30/200	Train Loss: 0.4191	Val Accuracy: 2.32
Training Epoch: 31/200	Train Loss: 0.2406	Val Accuracy: 2.32
Training Epoch: 32/200	Train Loss: 0.1391	Val Accuracy: 2.56
Training Epoch: 33/200	Train Loss: 0.3446	Val Accuracy: 2.56
Training Epoch: 34/200	Train Loss: 0.1858	Val Accuracy: 2.36
Training Epoch: 35/200	Train Loss: 0.2786	Val Accuracy: 2.36
Training Epoch: 36/200	Train Loss: 0.139	Val Accuracy: 2.36
Training Epoch: 37/200	Train Loss: 0.1211	Val Accuracy: 2.36
Training Epoch: 38/200	Train Loss: 0.1437	Val Accuracy: 2.62
Training Epoch: 39/200	Train Loss: 0.249	Val Accuracy: 2.62
Training Epoch: 40/200	Train Loss: 0.197	Val Accuracy: 2.84
Training Epoch: 41/200	Train Loss: 0.1395	Val Accuracy: 2.84
Training Epoch: 42/200	Train Loss: 0.1148	Val Accuracy: 2.84
Training Epoch: 43/200	Train Loss: 0.1053	Val Accuracy: 2.84
Training Epoch: 44/200	Train Loss: 0.1444	Val Accuracy: 2.76
Training Epoch: 45/200	Train Loss: 0.2095	Val Accuracy: 2.76
Training Epoch: 46/200	Train Loss: 0.0822	Val Accuracy: 2.46
Training Epoch: 47/200	Train Loss: 0.3024	Val Accuracy: 2.46
Training Epoch: 48/200	Train Loss: 0.0992	Val Accuracy: 2.14
Training Epoch: 49/200	Train Loss: 0.2805	Val Accuracy: 2.14
Training Epoch: 50/200	Train Loss: 0.1604	Val Accuracy: 1.9
Training Epoch: 51/200	Train Loss: 0.267	Val Accuracy: 1.9
Training Epoch: 52/200	Train Loss: 0.0796	Val Accuracy: 2.44
Training Epoch: 53/200	Train Loss: 0.0957	Val Accuracy: 2.44
Training Epoch: 54/200	Train Loss: 0.2305	Val Accuracy: 2.58
Training Epoch: 55/200	Train Loss: 0.1497	Val Accuracy: 2.58
Training Epoch: 56/200	Train Loss: 0.1453	Val Accuracy: 2.54
Training Epoch: 57/200	Train Loss: 0.0875	Val Accuracy: 2.54
Training Epoch: 58/200	Train Loss: 0.1095	Val Accuracy: 2.54
Training Epoch: 59/200	Train Loss: 0.3075	Val Accuracy: 2.54
Training Epoch: 60/200	Train Loss: 0.0813	Val Accuracy: 2.22
Training Epoch: 61/200	Train Loss: 0.1461	Val Accuracy: 2.22
Training Epoch: 62/200	Train Loss: 0.1281	Val Accuracy: 2.2
Training Epoch: 63/200	Train Loss: 0.1006	Val Accuracy: 2.2
Training Epoch: 64/200	Train Loss: 0.1906	Val Accuracy: 2.86
Training Epoch: 65/200	Train Loss: 0.0913	Val Accuracy: 2.86
Training Epoch: 66/200	Train Loss: 0.0386	Val Accuracy: 2.68
Training Epoch: 67/200	Train Loss: 0.0686	Val Accuracy: 2.68
Training Epoch: 68/200	Train Loss: 0.1465	Val Accuracy: 2.3
Training Epoch: 69/200	Train Loss: 0.1326	Val Accuracy: 2.3
Training Epoch: 70/200	Train Loss: 0.0971	Val Accuracy: 2.26
Training Epoch: 71/200	Train Loss: 0.1215	Val Accuracy: 2.26
Training Epoch: 72/200	Train Loss: 0.0507	Val Accuracy: 2.14
Training Epoch: 73/200	Train Loss: 0.0783	Val Accuracy: 2.14
Training Epoch: 74/200	Train Loss: 0.1057	Val Accuracy: 2.44
Training Epoch: 75/200	Train Loss: 0.0924	Val Accuracy: 2.44
Training Epoch: 76/200	Train Loss: 0.0975	Val Accuracy: 2.36
Training Epoch: 77/200	Train Loss: 0.0592	Val Accuracy: 2.36
Training Epoch: 78/200	Train Loss: 0.1514	Val Accuracy: 2.58
Training Epoch: 79/200	Train Loss: 0.4251	Val Accuracy: 2.58
Training Epoch: 80/200	Train Loss: 0.0685	Val Accuracy: 2.22
Training Epoch: 81/200	Train Loss: 0.2446	Val Accuracy: 2.22
Training Epoch: 82/200	Train Loss: 0.2435	Val Accuracy: 2.66
Training Epoch: 83/200	Train Loss: 0.0867	Val Accuracy: 2.66
Training Epoch: 84/200	Train Loss: 0.1787	Val Accuracy: 2.44
Training Epoch: 85/200	Train Loss: 0.0346	Val Accuracy: 2.44
Training Epoch: 86/200	Train Loss: 0.1211	Val Accuracy: 2.24
Training Epoch: 87/200	Train Loss: 0.1689	Val Accuracy: 2.24
Training Epoch: 88/200	Train Loss: 0.0936	Val Accuracy: 2.22
Training Epoch: 89/200	Train Loss: 0.113	Val Accuracy: 2.22
Training Epoch: 90/200	Train Loss: 0.1585	Val Accuracy: 2.5
Training Epoch: 91/200	Train Loss: 0.1343	Val Accuracy: 2.5
Training Epoch: 92/200	Train Loss: 0.1204	Val Accuracy: 2.34
Training Epoch: 93/200	Train Loss: 0.0587	Val Accuracy: 2.34
Training Epoch: 94/200	Train Loss: 0.106	Val Accuracy: 2.24
Training Epoch: 95/200	Train Loss: 0.1144	Val Accuracy: 2.24
Training Epoch: 96/200	Train Loss: 0.1066	Val Accuracy: 2.42
Training Epoch: 97/200	Train Loss: 0.1661	Val Accuracy: 2.42
Training Epoch: 98/200	Train Loss: 0.226	Val Accuracy: 2.56
Training Epoch: 99/200	Train Loss: 0.0875	Val Accuracy: 2.56
Training Epoch: 100/200	Train Loss: 0.1856	Val Accuracy: 2.44
Training Epoch: 101/200	Train Loss: 0.0854	Val Accuracy: 2.44
Training Epoch: 102/200	Train Loss: 0.1978	Val Accuracy: 2.32
Training Epoch: 103/200	Train Loss: 0.0904	Val Accuracy: 2.32
Training Epoch: 104/200	Train Loss: 0.1565	Val Accuracy: 2.5
Training Epoch: 105/200	Train Loss: 0.1953	Val Accuracy: 2.5
Training Epoch: 106/200	Train Loss: 0.1379	Val Accuracy: 3.04
Training Epoch: 107/200	Train Loss: 0.0814	Val Accuracy: 3.04
Training Epoch: 108/200	Train Loss: 0.1387	Val Accuracy: 2.7
Training Epoch: 109/200	Train Loss: 0.0614	Val Accuracy: 2.7
Training Epoch: 110/200	Train Loss: 0.0454	Val Accuracy: 3.08
Training Epoch: 111/200	Train Loss: 0.1156	Val Accuracy: 3.08
Training Epoch: 112/200	Train Loss: 0.0984	Val Accuracy: 2.6
Training Epoch: 113/200	Train Loss: 0.0848	Val Accuracy: 2.6
Training Epoch: 114/200	Train Loss: 0.149	Val Accuracy: 2.68
Training Epoch: 115/200	Train Loss: 0.0813	Val Accuracy: 2.68
Training Epoch: 116/200	Train Loss: 0.0775	Val Accuracy: 2.54
Training Epoch: 117/200	Train Loss: 0.0874	Val Accuracy: 2.54
Training Epoch: 118/200	Train Loss: 0.1273	Val Accuracy: 2.62
Training Epoch: 119/200	Train Loss: 0.1241	Val Accuracy: 2.62
Training Epoch: 120/200	Train Loss: 0.1088	Val Accuracy: 2.4
Training Epoch: 121/200	Train Loss: 0.1581	Val Accuracy: 2.4
Training Epoch: 122/200	Train Loss: 0.141	Val Accuracy: 2.76
Training Epoch: 123/200	Train Loss: 0.104	Val Accuracy: 2.76
Training Epoch: 124/200	Train Loss: 0.0615	Val Accuracy: 2.36
Training Epoch: 125/200	Train Loss: 0.1359	Val Accuracy: 2.36
Training Epoch: 126/200	Train Loss: 0.0568	Val Accuracy: 2.62
Training Epoch: 127/200	Train Loss: 0.1798	Val Accuracy: 2.62
Training Epoch: 128/200	Train Loss: 0.1192	Val Accuracy: 2.86
Training Epoch: 129/200	Train Loss: 0.1485	Val Accuracy: 2.86
Training Epoch: 130/200	Train Loss: 0.1875	Val Accuracy: 2.68
Training Epoch: 131/200	Train Loss: 0.1518	Val Accuracy: 2.68
Training Epoch: 132/200	Train Loss: 0.042	Val Accuracy: 2.48
Training Epoch: 133/200	Train Loss: 0.1292	Val Accuracy: 2.48
Training Epoch: 134/200	Train Loss: 0.0719	Val Accuracy: 2.34
Training Epoch: 135/200	Train Loss: 0.1962	Val Accuracy: 2.34
Training Epoch: 136/200	Train Loss: 0.0953	Val Accuracy: 2.6
Training Epoch: 137/200	Train Loss: 0.0346	Val Accuracy: 2.6
Training Epoch: 138/200	Train Loss: 0.0384	Val Accuracy: 2.88
Training Epoch: 139/200	Train Loss: 0.1258	Val Accuracy: 2.88
Training Epoch: 140/200	Train Loss: 0.1415	Val Accuracy: 2.46
Training Epoch: 141/200	Train Loss: 0.0636	Val Accuracy: 2.46
Training Epoch: 142/200	Train Loss: 0.1412	Val Accuracy: 2.7
Training Epoch: 143/200	Train Loss: 0.0841	Val Accuracy: 2.7
Training Epoch: 144/200	Train Loss: 0.1343	Val Accuracy: 2.58
Training Epoch: 145/200	Train Loss: 0.1532	Val Accuracy: 2.58
Training Epoch: 146/200	Train Loss: 0.1386	Val Accuracy: 2.42
Training Epoch: 147/200	Train Loss: 0.1519	Val Accuracy: 2.42
Training Epoch: 148/200	Train Loss: 0.104	Val Accuracy: 2.34
Training Epoch: 149/200	Train Loss: 0.19	Val Accuracy: 2.34
Training Epoch: 150/200	Train Loss: 0.1062	Val Accuracy: 2.56
Training Epoch: 151/200	Train Loss: 0.1073	Val Accuracy: 2.56
Training Epoch: 152/200	Train Loss: 0.0616	Val Accuracy: 2.6
Training Epoch: 153/200	Train Loss: 0.1496	Val Accuracy: 2.6
Training Epoch: 154/200	Train Loss: 0.0905	Val Accuracy: 2.94
Training Epoch: 155/200	Train Loss: 0.0885	Val Accuracy: 2.94
Training Epoch: 156/200	Train Loss: 0.1603	Val Accuracy: 2.72
Training Epoch: 157/200	Train Loss: 0.1936	Val Accuracy: 2.72
Training Epoch: 158/200	Train Loss: 0.0887	Val Accuracy: 2.76
Training Epoch: 159/200	Train Loss: 0.1541	Val Accuracy: 2.76
Training Epoch: 160/200	Train Loss: 0.0744	Val Accuracy: 2.76
Training Epoch: 161/200	Train Loss: 0.086	Val Accuracy: 2.76
Training Epoch: 162/200	Train Loss: 0.0758	Val Accuracy: 2.46
Training Epoch: 163/200	Train Loss: 0.0412	Val Accuracy: 2.46
Training Epoch: 164/200	Train Loss: 0.1735	Val Accuracy: 2.5
Training Epoch: 165/200	Train Loss: 0.1613	Val Accuracy: 2.5
Training Epoch: 166/200	Train Loss: 0.1182	Val Accuracy: 2.38
Training Epoch: 167/200	Train Loss: 0.062	Val Accuracy: 2.38
Training Epoch: 168/200	Train Loss: 0.0686	Val Accuracy: 2.36
Training Epoch: 169/200	Train Loss: 0.0924	Val Accuracy: 2.36
Training Epoch: 170/200	Train Loss: 0.0955	Val Accuracy: 2.54
Training Epoch: 171/200	Train Loss: 0.1042	Val Accuracy: 2.54
Training Epoch: 172/200	Train Loss: 0.0779	Val Accuracy: 2.74
Training Epoch: 173/200	Train Loss: 0.0783	Val Accuracy: 2.74
Training Epoch: 174/200	Train Loss: 0.0789	Val Accuracy: 2.56
Training Epoch: 175/200	Train Loss: 0.0426	Val Accuracy: 2.56
Training Epoch: 176/200	Train Loss: 0.0807	Val Accuracy: 2.54
Training Epoch: 177/200	Train Loss: 0.0289	Val Accuracy: 2.54
Training Epoch: 178/200	Train Loss: 0.0949	Val Accuracy: 2.52
Training Epoch: 179/200	Train Loss: 0.0498	Val Accuracy: 2.52
Training Epoch: 180/200	Train Loss: 0.0629	Val Accuracy: 2.52
Training Epoch: 181/200	Train Loss: 0.0438	Val Accuracy: 2.52
Training Epoch: 182/200	Train Loss: 0.0324	Val Accuracy: 2.42
Training Epoch: 183/200	Train Loss: 0.0278	Val Accuracy: 2.42
Training Epoch: 184/200	Train Loss: 0.0582	Val Accuracy: 2.52
Training Epoch: 185/200	Train Loss: 0.0212	Val Accuracy: 2.52
Training Epoch: 186/200	Train Loss: 0.0187	Val Accuracy: 2.62
Training Epoch: 187/200	Train Loss: 0.0558	Val Accuracy: 2.62
Training Epoch: 188/200	Train Loss: 0.0936	Val Accuracy: 2.5
Training Epoch: 189/200	Train Loss: 0.0389	Val Accuracy: 2.5
Training Epoch: 190/200	Train Loss: 0.0572	Val Accuracy: 2.76
Training Epoch: 191/200	Train Loss: 0.0353	Val Accuracy: 2.76
Training Epoch: 192/200	Train Loss: 0.114	Val Accuracy: 2.64
Training Epoch: 193/200	Train Loss: 0.0224	Val Accuracy: 2.64
Training Epoch: 194/200	Train Loss: 0.0272	Val Accuracy: 2.7
Training Epoch: 195/200	Train Loss: 0.0359	Val Accuracy: 2.7
Training Epoch: 196/200	Train Loss: 0.0397	Val Accuracy: 2.82
Training Epoch: 197/200	Train Loss: 0.1274	Val Accuracy: 2.82
Training Epoch: 198/200	Train Loss: 0.062	Val Accuracy: 2.76
Training Epoch: 199/200	Train Loss: 0.1348	Val Accuracy: 2.76
Training Epoch: 200/200	Train Loss: 0.1084	Val Accuracy: 2.64

Wrote Best Model Checkpoint to: vlBest_acc_3_model_epoch_0110.pyth

Best Validation Accuracy: 3.08
Best Epoch: 110

======== TESTING ========

Test Accuracy: 2.92.

======== ACTIVE SAMPLING ========

Extracting Lset Representations
len(dataLoader): 3
Extracting Uset Representations
len(dataLoader): 948
lb_repr.shape:  (250, 2048)
ul_repr.shape:  (94750, 2048)
Solving K Center Greedy Approach
[GPU] Labeled.shape: torch.Size([250, 2048])
[GPU] Unlabeled.shape: torch.Size([94750, 2048])
time taken: 0.0005495548248291016 seconds
Time taken to solve K center: 0.3211021423339844 seconds
Active Sampling Complete. After Episode 4:
New Labeled Set: 300, New Unlabeled Set: 94700, Active Set: 50

================================


Current accuracy values:  [1.6099999999999994, 2.1099999999999994, 1.9099999999999966, 2.480000000000004, 2.9200000000000017]
======== EPISODE 5 BEGINS ========

======== TRAINING ========
Training Epoch: 1/200	Train Loss: 1.8091	Val Accuracy: 0.0
Training Epoch: 2/200	Train Loss: 1.4287	Val Accuracy: 2.12
Training Epoch: 3/200	Train Loss: 1.2147	Val Accuracy: 2.12
Training Epoch: 4/200	Train Loss: 0.9545	Val Accuracy: 2.56
Training Epoch: 5/200	Train Loss: 0.9567	Val Accuracy: 2.56
Training Epoch: 6/200	Train Loss: 0.5464	Val Accuracy: 2.26
Training Epoch: 7/200	Train Loss: 0.5097	Val Accuracy: 2.26
Training Epoch: 8/200	Train Loss: 0.3998	Val Accuracy: 2.42
Training Epoch: 9/200	Train Loss: 0.4161	Val Accuracy: 2.42
Training Epoch: 10/200	Train Loss: 0.3486	Val Accuracy: 2.42
Training Epoch: 11/200	Train Loss: 0.3122	Val Accuracy: 2.42
Training Epoch: 12/200	Train Loss: 0.3688	Val Accuracy: 2.68
Training Epoch: 13/200	Train Loss: 0.1661	Val Accuracy: 2.68
Training Epoch: 14/200	Train Loss: 0.1601	Val Accuracy: 2.78
Training Epoch: 15/200	Train Loss: 0.2312	Val Accuracy: 2.78
Training Epoch: 16/200	Train Loss: 0.1408	Val Accuracy: 2.74
Training Epoch: 17/200	Train Loss: 0.0705	Val Accuracy: 2.74
Training Epoch: 18/200	Train Loss: 0.1553	Val Accuracy: 3.0
Training Epoch: 19/200	Train Loss: 0.1948	Val Accuracy: 3.0
Training Epoch: 20/200	Train Loss: 0.1609	Val Accuracy: 2.92
Training Epoch: 21/200	Train Loss: 0.1104	Val Accuracy: 2.92
Training Epoch: 22/200	Train Loss: 0.0727	Val Accuracy: 2.72
Training Epoch: 23/200	Train Loss: 0.1297	Val Accuracy: 2.72
Training Epoch: 24/200	Train Loss: 0.0706	Val Accuracy: 2.82
Training Epoch: 25/200	Train Loss: 0.1134	Val Accuracy: 2.82
Training Epoch: 26/200	Train Loss: 0.0745	Val Accuracy: 3.1
Training Epoch: 27/200	Train Loss: 0.168	Val Accuracy: 3.1
Training Epoch: 28/200	Train Loss: 0.1174	Val Accuracy: 2.9
Training Epoch: 29/200	Train Loss: 0.0761	Val Accuracy: 2.9
Training Epoch: 30/200	Train Loss: 0.1404	Val Accuracy: 2.7
Training Epoch: 31/200	Train Loss: 0.0629	Val Accuracy: 2.7
Training Epoch: 32/200	Train Loss: 0.1769	Val Accuracy: 3.06
Training Epoch: 33/200	Train Loss: 0.1877	Val Accuracy: 3.06
Training Epoch: 34/200	Train Loss: 0.3659	Val Accuracy: 2.94
Training Epoch: 35/200	Train Loss: 0.3088	Val Accuracy: 2.94
Training Epoch: 36/200	Train Loss: 0.2859	Val Accuracy: 2.38
Training Epoch: 37/200	Train Loss: 0.2466	Val Accuracy: 2.38
Training Epoch: 38/200	Train Loss: 0.2876	Val Accuracy: 2.9
Training Epoch: 39/200	Train Loss: 0.0939	Val Accuracy: 2.9
Training Epoch: 40/200	Train Loss: 0.1374	Val Accuracy: 2.94
Training Epoch: 41/200	Train Loss: 0.1058	Val Accuracy: 2.94
Training Epoch: 42/200	Train Loss: 0.1492	Val Accuracy: 2.72
Training Epoch: 43/200	Train Loss: 0.2005	Val Accuracy: 2.72
Training Epoch: 44/200	Train Loss: 0.0656	Val Accuracy: 2.72
Training Epoch: 45/200	Train Loss: 0.0702	Val Accuracy: 2.72
Training Epoch: 46/200	Train Loss: 0.1247	Val Accuracy: 3.02
Training Epoch: 47/200	Train Loss: 0.0668	Val Accuracy: 3.02
Training Epoch: 48/200	Train Loss: 0.1113	Val Accuracy: 2.74
Training Epoch: 49/200	Train Loss: 0.0876	Val Accuracy: 2.74
Training Epoch: 50/200	Train Loss: 0.1664	Val Accuracy: 3.08
Training Epoch: 51/200	Train Loss: 0.0972	Val Accuracy: 3.08
Training Epoch: 52/200	Train Loss: 0.1257	Val Accuracy: 2.72
Training Epoch: 53/200	Train Loss: 0.153	Val Accuracy: 2.72
Training Epoch: 54/200	Train Loss: 0.0797	Val Accuracy: 2.44
Training Epoch: 55/200	Train Loss: 0.0498	Val Accuracy: 2.44
Training Epoch: 56/200	Train Loss: 0.1091	Val Accuracy: 2.84
Training Epoch: 57/200	Train Loss: 0.055	Val Accuracy: 2.84
Training Epoch: 58/200	Train Loss: 0.1355	Val Accuracy: 3.1
Training Epoch: 59/200	Train Loss: 0.1256	Val Accuracy: 3.1
Training Epoch: 60/200	Train Loss: 0.1155	Val Accuracy: 2.78
Training Epoch: 61/200	Train Loss: 0.1269	Val Accuracy: 2.78
Training Epoch: 62/200	Train Loss: 0.2319	Val Accuracy: 2.98
Training Epoch: 63/200	Train Loss: 0.0691	Val Accuracy: 2.98
Training Epoch: 64/200	Train Loss: 0.1569	Val Accuracy: 2.78
Training Epoch: 65/200	Train Loss: 0.0803	Val Accuracy: 2.78
Training Epoch: 66/200	Train Loss: 0.0964	Val Accuracy: 2.98
Training Epoch: 67/200	Train Loss: 0.1171	Val Accuracy: 2.98
Training Epoch: 68/200	Train Loss: 0.12	Val Accuracy: 2.88
Training Epoch: 69/200	Train Loss: 0.108	Val Accuracy: 2.88
Training Epoch: 70/200	Train Loss: 0.0798	Val Accuracy: 3.06
Training Epoch: 71/200	Train Loss: 0.0788	Val Accuracy: 3.06
Training Epoch: 72/200	Train Loss: 0.145	Val Accuracy: 2.82
Training Epoch: 73/200	Train Loss: 0.0818	Val Accuracy: 2.82
Training Epoch: 74/200	Train Loss: 0.1133	Val Accuracy: 3.02
Training Epoch: 75/200	Train Loss: 0.0725	Val Accuracy: 3.02
Training Epoch: 76/200	Train Loss: 0.0846	Val Accuracy: 3.02
Training Epoch: 77/200	Train Loss: 0.1692	Val Accuracy: 3.02
Training Epoch: 78/200	Train Loss: 0.0816	Val Accuracy: 3.0
Training Epoch: 79/200	Train Loss: 0.1644	Val Accuracy: 3.0
Training Epoch: 80/200	Train Loss: 0.0492	Val Accuracy: 3.02
Training Epoch: 81/200	Train Loss: 0.0396	Val Accuracy: 3.02
Training Epoch: 82/200	Train Loss: 0.1585	Val Accuracy: 2.76
Training Epoch: 83/200	Train Loss: 0.0724	Val Accuracy: 2.76
Training Epoch: 84/200	Train Loss: 0.0562	Val Accuracy: 2.78
Training Epoch: 85/200	Train Loss: 0.0955	Val Accuracy: 2.78
Training Epoch: 86/200	Train Loss: 0.2059	Val Accuracy: 2.78
Training Epoch: 87/200	Train Loss: 0.0632	Val Accuracy: 2.78
Training Epoch: 88/200	Train Loss: 0.1243	Val Accuracy: 2.64
Training Epoch: 89/200	Train Loss: 0.1389	Val Accuracy: 2.64
Training Epoch: 90/200	Train Loss: 0.1987	Val Accuracy: 2.48
Training Epoch: 91/200	Train Loss: 0.0341	Val Accuracy: 2.48
Training Epoch: 92/200	Train Loss: 0.1419	Val Accuracy: 2.7
Training Epoch: 93/200	Train Loss: 0.109	Val Accuracy: 2.7
Training Epoch: 94/200	Train Loss: 0.2029	Val Accuracy: 2.86
Training Epoch: 95/200	Train Loss: 0.0534	Val Accuracy: 2.86
Training Epoch: 96/200	Train Loss: 0.1404	Val Accuracy: 2.76
Training Epoch: 97/200	Train Loss: 0.1373	Val Accuracy: 2.76
Training Epoch: 98/200	Train Loss: 0.1082	Val Accuracy: 2.7
Training Epoch: 99/200	Train Loss: 0.141	Val Accuracy: 2.7
Training Epoch: 100/200	Train Loss: 0.1135	Val Accuracy: 2.32
Training Epoch: 101/200	Train Loss: 0.1807	Val Accuracy: 2.32
Training Epoch: 102/200	Train Loss: 0.0945	Val Accuracy: 2.08
Training Epoch: 103/200	Train Loss: 0.0819	Val Accuracy: 2.08
Training Epoch: 104/200	Train Loss: 0.0604	Val Accuracy: 2.58
Training Epoch: 105/200	Train Loss: 0.0992	Val Accuracy: 2.58
Training Epoch: 106/200	Train Loss: 0.0879	Val Accuracy: 2.28
Training Epoch: 107/200	Train Loss: 0.3516	Val Accuracy: 2.28
Training Epoch: 108/200	Train Loss: 0.1062	Val Accuracy: 2.54
Training Epoch: 109/200	Train Loss: 0.1489	Val Accuracy: 2.54
Training Epoch: 110/200	Train Loss: 0.1773	Val Accuracy: 3.04
Training Epoch: 111/200	Train Loss: 0.1078	Val Accuracy: 3.04
Training Epoch: 112/200	Train Loss: 0.1674	Val Accuracy: 3.08
Training Epoch: 113/200	Train Loss: 0.148	Val Accuracy: 3.08
Training Epoch: 114/200	Train Loss: 0.0781	Val Accuracy: 3.28
Training Epoch: 115/200	Train Loss: 0.1159	Val Accuracy: 3.28
Training Epoch: 116/200	Train Loss: 0.1819	Val Accuracy: 2.98
Training Epoch: 117/200	Train Loss: 0.128	Val Accuracy: 2.98
Training Epoch: 118/200	Train Loss: 0.142	Val Accuracy: 2.82
Training Epoch: 119/200	Train Loss: 0.1958	Val Accuracy: 2.82
Training Epoch: 120/200	Train Loss: 0.066	Val Accuracy: 3.14
Training Epoch: 121/200	Train Loss: 0.0518	Val Accuracy: 3.14
Training Epoch: 122/200	Train Loss: 0.0776	Val Accuracy: 2.74
Training Epoch: 123/200	Train Loss: 0.0842	Val Accuracy: 2.74
Training Epoch: 124/200	Train Loss: 0.064	Val Accuracy: 2.96
Training Epoch: 125/200	Train Loss: 0.0909	Val Accuracy: 2.96
Training Epoch: 126/200	Train Loss: 0.0382	Val Accuracy: 2.88
Training Epoch: 127/200	Train Loss: 0.1103	Val Accuracy: 2.88
Training Epoch: 128/200	Train Loss: 0.062	Val Accuracy: 2.7
Training Epoch: 129/200	Train Loss: 0.0285	Val Accuracy: 2.7
Training Epoch: 130/200	Train Loss: 0.1098	Val Accuracy: 3.24
Training Epoch: 131/200	Train Loss: 0.0471	Val Accuracy: 3.24
Training Epoch: 132/200	Train Loss: 0.0738	Val Accuracy: 2.86
Training Epoch: 133/200	Train Loss: 0.0301	Val Accuracy: 2.86
Training Epoch: 134/200	Train Loss: 0.1167	Val Accuracy: 2.66
Training Epoch: 135/200	Train Loss: 0.0975	Val Accuracy: 2.66
Training Epoch: 136/200	Train Loss: 0.0604	Val Accuracy: 2.8
Training Epoch: 137/200	Train Loss: 0.0427	Val Accuracy: 2.8
Training Epoch: 138/200	Train Loss: 0.1014	Val Accuracy: 2.86
Training Epoch: 139/200	Train Loss: 0.2717	Val Accuracy: 2.86
Training Epoch: 140/200	Train Loss: 0.1944	Val Accuracy: 2.8
Training Epoch: 141/200	Train Loss: 0.1661	Val Accuracy: 2.8
Training Epoch: 142/200	Train Loss: 0.0959	Val Accuracy: 2.7
Training Epoch: 143/200	Train Loss: 0.1746	Val Accuracy: 2.7
Training Epoch: 144/200	Train Loss: 0.1523	Val Accuracy: 2.94
Training Epoch: 145/200	Train Loss: 0.1189	Val Accuracy: 2.94
Training Epoch: 146/200	Train Loss: 0.2342	Val Accuracy: 2.62
Training Epoch: 147/200	Train Loss: 0.1389	Val Accuracy: 2.62
Training Epoch: 148/200	Train Loss: 0.114	Val Accuracy: 2.74
Training Epoch: 149/200	Train Loss: 0.155	Val Accuracy: 2.74
Training Epoch: 150/200	Train Loss: 0.116	Val Accuracy: 3.06
Training Epoch: 151/200	Train Loss: 0.1874	Val Accuracy: 3.06
Training Epoch: 152/200	Train Loss: 0.0329	Val Accuracy: 2.62
Training Epoch: 153/200	Train Loss: 0.1312	Val Accuracy: 2.62
Training Epoch: 154/200	Train Loss: 0.1119	Val Accuracy: 2.72
Training Epoch: 155/200	Train Loss: 0.0653	Val Accuracy: 2.72
Training Epoch: 156/200	Train Loss: 0.0772	Val Accuracy: 2.36
Training Epoch: 157/200	Train Loss: 0.0539	Val Accuracy: 2.36
Training Epoch: 158/200	Train Loss: 0.04	Val Accuracy: 3.2
Training Epoch: 159/200	Train Loss: 0.0475	Val Accuracy: 3.2
Training Epoch: 160/200	Train Loss: 0.0811	Val Accuracy: 3.14
Training Epoch: 161/200	Train Loss: 0.0721	Val Accuracy: 3.14
Training Epoch: 162/200	Train Loss: 0.0772	Val Accuracy: 3.18
Training Epoch: 163/200	Train Loss: 0.1069	Val Accuracy: 3.18
Training Epoch: 164/200	Train Loss: 0.0308	Val Accuracy: 3.2
Training Epoch: 165/200	Train Loss: 0.0286	Val Accuracy: 3.2
Training Epoch: 166/200	Train Loss: 0.037	Val Accuracy: 3.1
Training Epoch: 167/200	Train Loss: 0.0803	Val Accuracy: 3.1
Training Epoch: 168/200	Train Loss: 0.0572	Val Accuracy: 2.8
Training Epoch: 169/200	Train Loss: 0.0243	Val Accuracy: 2.8
Training Epoch: 170/200	Train Loss: 0.0877	Val Accuracy: 3.12
Training Epoch: 171/200	Train Loss: 0.0994	Val Accuracy: 3.12
Training Epoch: 172/200	Train Loss: 0.0855	Val Accuracy: 3.16
Training Epoch: 173/200	Train Loss: 0.0366	Val Accuracy: 3.16
Training Epoch: 174/200	Train Loss: 0.0907	Val Accuracy: 3.3
Training Epoch: 175/200	Train Loss: 0.1825	Val Accuracy: 3.3
Training Epoch: 176/200	Train Loss: 0.0237	Val Accuracy: 3.02
Training Epoch: 177/200	Train Loss: 0.0376	Val Accuracy: 3.02
Training Epoch: 178/200	Train Loss: 0.0976	Val Accuracy: 2.72
Training Epoch: 179/200	Train Loss: 0.0365	Val Accuracy: 2.72
Training Epoch: 180/200	Train Loss: 0.0756	Val Accuracy: 3.12
Training Epoch: 181/200	Train Loss: 0.0586	Val Accuracy: 3.12
Training Epoch: 182/200	Train Loss: 0.0976	Val Accuracy: 3.28
Training Epoch: 183/200	Train Loss: 0.0869	Val Accuracy: 3.28
Training Epoch: 184/200	Train Loss: 0.046	Val Accuracy: 2.82
Training Epoch: 185/200	Train Loss: 0.1248	Val Accuracy: 2.82
Training Epoch: 186/200	Train Loss: 0.147	Val Accuracy: 3.22
Training Epoch: 187/200	Train Loss: 0.1207	Val Accuracy: 3.22
Training Epoch: 188/200	Train Loss: 0.0774	Val Accuracy: 3.12
Training Epoch: 189/200	Train Loss: 0.0568	Val Accuracy: 3.12
Training Epoch: 190/200	Train Loss: 0.0792	Val Accuracy: 2.82
Training Epoch: 191/200	Train Loss: 0.101	Val Accuracy: 2.82
Training Epoch: 192/200	Train Loss: 0.0517	Val Accuracy: 3.12
Training Epoch: 193/200	Train Loss: 0.11	Val Accuracy: 3.12
Training Epoch: 194/200	Train Loss: 0.0926	Val Accuracy: 3.04
Training Epoch: 195/200	Train Loss: 0.1455	Val Accuracy: 3.04
Training Epoch: 196/200	Train Loss: 0.1566	Val Accuracy: 3.06
Training Epoch: 197/200	Train Loss: 0.0479	Val Accuracy: 3.06
Training Epoch: 198/200	Train Loss: 0.0779	Val Accuracy: 2.78
Training Epoch: 199/200	Train Loss: 0.1822	Val Accuracy: 2.78
Training Epoch: 200/200	Train Loss: 0.1128	Val Accuracy: 3.06

Wrote Best Model Checkpoint to: vlBest_acc_3_model_epoch_0174.pyth

Best Validation Accuracy: 3.3
Best Epoch: 174

======== TESTING ========

Test Accuracy: 3.31.

======== ACTIVE SAMPLING ========

Extracting Lset Representations
len(dataLoader): 3
Extracting Uset Representations
len(dataLoader): 947
lb_repr.shape:  (300, 2048)
ul_repr.shape:  (94700, 2048)
Solving K Center Greedy Approach
[GPU] Labeled.shape: torch.Size([300, 2048])
[GPU] Unlabeled.shape: torch.Size([94700, 2048])
time taken: 0.0005209445953369141 seconds
Time taken to solve K center: 0.32060790061950684 seconds
Active Sampling Complete. After Episode 5:
New Labeled Set: 350, New Unlabeled Set: 94650, Active Set: 50

================================


Current accuracy values:  [1.6099999999999994, 2.1099999999999994, 1.9099999999999966, 2.480000000000004, 2.9200000000000017, 3.3100000000000023]
======== EPISODE 6 BEGINS ========

======== TRAINING ========
Training Epoch: 1/200	Train Loss: 1.3589	Val Accuracy: 0.0
Training Epoch: 2/200	Train Loss: 1.0955	Val Accuracy: 2.46
Training Epoch: 3/200	Train Loss: 1.0728	Val Accuracy: 2.46
Training Epoch: 4/200	Train Loss: 0.9632	Val Accuracy: 2.78
Training Epoch: 5/200	Train Loss: 0.6717	Val Accuracy: 2.78
Training Epoch: 6/200	Train Loss: 0.7111	Val Accuracy: 2.82
Training Epoch: 7/200	Train Loss: 0.6938	Val Accuracy: 2.82
Training Epoch: 8/200	Train Loss: 0.474	Val Accuracy: 2.32
Training Epoch: 9/200	Train Loss: 0.33	Val Accuracy: 2.32
Training Epoch: 10/200	Train Loss: 0.3052	Val Accuracy: 2.52
Training Epoch: 11/200	Train Loss: 0.4095	Val Accuracy: 2.52
Training Epoch: 12/200	Train Loss: 0.3392	Val Accuracy: 2.64
Training Epoch: 13/200	Train Loss: 0.2958	Val Accuracy: 2.64
Training Epoch: 14/200	Train Loss: 0.2091	Val Accuracy: 2.64
Training Epoch: 15/200	Train Loss: 0.2977	Val Accuracy: 2.64
Training Epoch: 16/200	Train Loss: 0.2388	Val Accuracy: 2.64
Training Epoch: 17/200	Train Loss: 0.1446	Val Accuracy: 2.64
Training Epoch: 18/200	Train Loss: 0.2624	Val Accuracy: 3.12
Training Epoch: 19/200	Train Loss: 0.1505	Val Accuracy: 3.12
Training Epoch: 20/200	Train Loss: 0.1517	Val Accuracy: 3.2
Training Epoch: 21/200	Train Loss: 0.1252	Val Accuracy: 3.2
Training Epoch: 22/200	Train Loss: 0.2353	Val Accuracy: 3.0
Training Epoch: 23/200	Train Loss: 0.1204	Val Accuracy: 3.0
Training Epoch: 24/200	Train Loss: 0.1997	Val Accuracy: 3.12
Training Epoch: 25/200	Train Loss: 0.2246	Val Accuracy: 3.12
Training Epoch: 26/200	Train Loss: 0.1583	Val Accuracy: 3.34
Training Epoch: 27/200	Train Loss: 0.0855	Val Accuracy: 3.34
Training Epoch: 28/200	Train Loss: 0.1628	Val Accuracy: 3.24
Training Epoch: 29/200	Train Loss: 0.1916	Val Accuracy: 3.24
Training Epoch: 30/200	Train Loss: 0.0961	Val Accuracy: 3.32
Training Epoch: 31/200	Train Loss: 0.1475	Val Accuracy: 3.32
Training Epoch: 32/200	Train Loss: 0.1831	Val Accuracy: 2.86
Training Epoch: 33/200	Train Loss: 0.1056	Val Accuracy: 2.86
Training Epoch: 34/200	Train Loss: 0.1098	Val Accuracy: 3.02
Training Epoch: 35/200	Train Loss: 0.1759	Val Accuracy: 3.02
Training Epoch: 36/200	Train Loss: 0.1081	Val Accuracy: 2.94
Training Epoch: 37/200	Train Loss: 0.2002	Val Accuracy: 2.94
Training Epoch: 38/200	Train Loss: 0.0819	Val Accuracy: 3.32
Training Epoch: 39/200	Train Loss: 0.2283	Val Accuracy: 3.32
Training Epoch: 40/200	Train Loss: 0.0798	Val Accuracy: 3.04
Training Epoch: 41/200	Train Loss: 0.1885	Val Accuracy: 3.04
Training Epoch: 42/200	Train Loss: 0.3383	Val Accuracy: 3.16
Training Epoch: 43/200	Train Loss: 0.123	Val Accuracy: 3.16
Training Epoch: 44/200	Train Loss: 0.117	Val Accuracy: 3.26
Training Epoch: 45/200	Train Loss: 0.1988	Val Accuracy: 3.26
Training Epoch: 46/200	Train Loss: 0.2355	Val Accuracy: 3.28
Training Epoch: 47/200	Train Loss: 0.1623	Val Accuracy: 3.28
Training Epoch: 48/200	Train Loss: 0.169	Val Accuracy: 2.62
Training Epoch: 49/200	Train Loss: 0.1705	Val Accuracy: 2.62
Training Epoch: 50/200	Train Loss: 0.0924	Val Accuracy: 3.1
Training Epoch: 51/200	Train Loss: 0.0912	Val Accuracy: 3.1
Training Epoch: 52/200	Train Loss: 0.0532	Val Accuracy: 3.42
Training Epoch: 53/200	Train Loss: 0.1045	Val Accuracy: 3.42
Training Epoch: 54/200	Train Loss: 0.1249	Val Accuracy: 3.42
Training Epoch: 55/200	Train Loss: 0.1065	Val Accuracy: 3.42
Training Epoch: 56/200	Train Loss: 0.1088	Val Accuracy: 3.32
Training Epoch: 57/200	Train Loss: 0.0721	Val Accuracy: 3.32
Training Epoch: 58/200	Train Loss: 0.0816	Val Accuracy: 2.9
Training Epoch: 59/200	Train Loss: 0.1388	Val Accuracy: 2.9
Training Epoch: 60/200	Train Loss: 0.0956	Val Accuracy: 3.4
Training Epoch: 61/200	Train Loss: 0.0576	Val Accuracy: 3.4
Training Epoch: 62/200	Train Loss: 0.2282	Val Accuracy: 3.12
Training Epoch: 63/200	Train Loss: 0.1024	Val Accuracy: 3.12
Training Epoch: 64/200	Train Loss: 0.1165	Val Accuracy: 3.6
Training Epoch: 65/200	Train Loss: 0.2017	Val Accuracy: 3.6
Training Epoch: 66/200	Train Loss: 0.1444	Val Accuracy: 3.44
Training Epoch: 67/200	Train Loss: 0.1232	Val Accuracy: 3.44
Training Epoch: 68/200	Train Loss: 0.0456	Val Accuracy: 3.38
Training Epoch: 69/200	Train Loss: 0.0688	Val Accuracy: 3.38
Training Epoch: 70/200	Train Loss: 0.1444	Val Accuracy: 2.82
Training Epoch: 71/200	Train Loss: 0.1421	Val Accuracy: 2.82
Training Epoch: 72/200	Train Loss: 0.1361	Val Accuracy: 2.94
Training Epoch: 73/200	Train Loss: 0.0771	Val Accuracy: 2.94
Training Epoch: 74/200	Train Loss: 0.1177	Val Accuracy: 3.02
Training Epoch: 75/200	Train Loss: 0.0826	Val Accuracy: 3.02
Training Epoch: 76/200	Train Loss: 0.126	Val Accuracy: 3.02
Training Epoch: 77/200	Train Loss: 0.1306	Val Accuracy: 3.02
Training Epoch: 78/200	Train Loss: 0.2209	Val Accuracy: 3.26
Training Epoch: 79/200	Train Loss: 0.157	Val Accuracy: 3.26
Training Epoch: 80/200	Train Loss: 0.0885	Val Accuracy: 3.16
Training Epoch: 81/200	Train Loss: 0.1263	Val Accuracy: 3.16
Training Epoch: 82/200	Train Loss: 0.0927	Val Accuracy: 3.34
Training Epoch: 83/200	Train Loss: 0.0687	Val Accuracy: 3.34
Training Epoch: 84/200	Train Loss: 0.0507	Val Accuracy: 3.42
Training Epoch: 85/200	Train Loss: 0.0714	Val Accuracy: 3.42
Training Epoch: 86/200	Train Loss: 0.1607	Val Accuracy: 3.54
Training Epoch: 87/200	Train Loss: 0.0635	Val Accuracy: 3.54
Training Epoch: 88/200	Train Loss: 0.0442	Val Accuracy: 3.24
Training Epoch: 89/200	Train Loss: 0.1007	Val Accuracy: 3.24
Training Epoch: 90/200	Train Loss: 0.0594	Val Accuracy: 3.4
Training Epoch: 91/200	Train Loss: 0.0572	Val Accuracy: 3.4
Training Epoch: 92/200	Train Loss: 0.0649	Val Accuracy: 3.24
Training Epoch: 93/200	Train Loss: 0.1196	Val Accuracy: 3.24
Training Epoch: 94/200	Train Loss: 0.0586	Val Accuracy: 3.26
Training Epoch: 95/200	Train Loss: 0.1233	Val Accuracy: 3.26
Training Epoch: 96/200	Train Loss: 0.0459	Val Accuracy: 2.88
Training Epoch: 97/200	Train Loss: 0.1162	Val Accuracy: 2.88
Training Epoch: 98/200	Train Loss: 0.1543	Val Accuracy: 3.56
Training Epoch: 99/200	Train Loss: 0.0512	Val Accuracy: 3.56
Training Epoch: 100/200	Train Loss: 0.0752	Val Accuracy: 3.28
Training Epoch: 101/200	Train Loss: 0.0301	Val Accuracy: 3.28
Training Epoch: 102/200	Train Loss: 0.1252	Val Accuracy: 2.92
Training Epoch: 103/200	Train Loss: 0.0632	Val Accuracy: 2.92
Training Epoch: 104/200	Train Loss: 0.0998	Val Accuracy: 2.74
Training Epoch: 105/200	Train Loss: 0.0441	Val Accuracy: 2.74
Training Epoch: 106/200	Train Loss: 0.1053	Val Accuracy: 2.98
Training Epoch: 107/200	Train Loss: 0.0593	Val Accuracy: 2.98
Training Epoch: 108/200	Train Loss: 0.0588	Val Accuracy: 3.26
Training Epoch: 109/200	Train Loss: 0.1135	Val Accuracy: 3.26
Training Epoch: 110/200	Train Loss: 0.0277	Val Accuracy: 3.5
Training Epoch: 111/200	Train Loss: 0.1399	Val Accuracy: 3.5
Training Epoch: 112/200	Train Loss: 0.025	Val Accuracy: 3.34
Training Epoch: 113/200	Train Loss: 0.1364	Val Accuracy: 3.34
Training Epoch: 114/200	Train Loss: 0.0844	Val Accuracy: 3.06
Training Epoch: 115/200	Train Loss: 0.086	Val Accuracy: 3.06
Training Epoch: 116/200	Train Loss: 0.1787	Val Accuracy: 3.06
Training Epoch: 117/200	Train Loss: 0.0893	Val Accuracy: 3.06
Training Epoch: 118/200	Train Loss: 0.0763	Val Accuracy: 3.12
Training Epoch: 119/200	Train Loss: 0.1019	Val Accuracy: 3.12
Training Epoch: 120/200	Train Loss: 0.0895	Val Accuracy: 3.06
Training Epoch: 121/200	Train Loss: 0.0971	Val Accuracy: 3.06
Training Epoch: 122/200	Train Loss: 0.1917	Val Accuracy: 2.8
Training Epoch: 123/200	Train Loss: 0.1333	Val Accuracy: 2.8
Training Epoch: 124/200	Train Loss: 0.1381	Val Accuracy: 3.02
Training Epoch: 125/200	Train Loss: 0.1051	Val Accuracy: 3.02
Training Epoch: 126/200	Train Loss: 0.1904	Val Accuracy: 3.14
Training Epoch: 127/200	Train Loss: 0.0981	Val Accuracy: 3.14
Training Epoch: 128/200	Train Loss: 0.0847	Val Accuracy: 2.8
Training Epoch: 129/200	Train Loss: 0.1225	Val Accuracy: 2.8
Training Epoch: 130/200	Train Loss: 0.0666	Val Accuracy: 3.54
Training Epoch: 131/200	Train Loss: 0.072	Val Accuracy: 3.54
Training Epoch: 132/200	Train Loss: 0.0779	Val Accuracy: 3.56
Training Epoch: 133/200	Train Loss: 0.333	Val Accuracy: 3.56
Training Epoch: 134/200	Train Loss: 0.162	Val Accuracy: 2.94
Training Epoch: 135/200	Train Loss: 0.2109	Val Accuracy: 2.94
Training Epoch: 136/200	Train Loss: 0.213	Val Accuracy: 3.22
Training Epoch: 137/200	Train Loss: 0.1015	Val Accuracy: 3.22
Training Epoch: 138/200	Train Loss: 0.1924	Val Accuracy: 3.18
Training Epoch: 139/200	Train Loss: 0.0819	Val Accuracy: 3.18
Training Epoch: 140/200	Train Loss: 0.0965	Val Accuracy: 3.3
Training Epoch: 141/200	Train Loss: 0.1459	Val Accuracy: 3.3
Training Epoch: 142/200	Train Loss: 0.0788	Val Accuracy: 3.22
Training Epoch: 143/200	Train Loss: 0.2703	Val Accuracy: 3.22
Training Epoch: 144/200	Train Loss: 0.0993	Val Accuracy: 3.04
Training Epoch: 145/200	Train Loss: 0.1174	Val Accuracy: 3.04
Training Epoch: 146/200	Train Loss: 0.1053	Val Accuracy: 3.16
Training Epoch: 147/200	Train Loss: 0.0798	Val Accuracy: 3.16
Training Epoch: 148/200	Train Loss: 0.2278	Val Accuracy: 2.9
Training Epoch: 149/200	Train Loss: 0.2817	Val Accuracy: 2.9
Training Epoch: 150/200	Train Loss: 0.0697	Val Accuracy: 3.16
Training Epoch: 151/200	Train Loss: 0.1802	Val Accuracy: 3.16
Training Epoch: 152/200	Train Loss: 0.126	Val Accuracy: 2.92
Training Epoch: 153/200	Train Loss: 0.1032	Val Accuracy: 2.92
Training Epoch: 154/200	Train Loss: 0.106	Val Accuracy: 3.22
Training Epoch: 155/200	Train Loss: 0.1591	Val Accuracy: 3.22
Training Epoch: 156/200	Train Loss: 0.1419	Val Accuracy: 3.16
Training Epoch: 157/200	Train Loss: 0.1651	Val Accuracy: 3.16
Training Epoch: 158/200	Train Loss: 0.1278	Val Accuracy: 2.92
Training Epoch: 159/200	Train Loss: 0.1405	Val Accuracy: 2.92
Training Epoch: 160/200	Train Loss: 0.0414	Val Accuracy: 2.74
Training Epoch: 161/200	Train Loss: 0.059	Val Accuracy: 2.74
Training Epoch: 162/200	Train Loss: 0.0603	Val Accuracy: 3.04
Training Epoch: 163/200	Train Loss: 0.0668	Val Accuracy: 3.04
Training Epoch: 164/200	Train Loss: 0.0522	Val Accuracy: 3.12
Training Epoch: 165/200	Train Loss: 0.1024	Val Accuracy: 3.12
Training Epoch: 166/200	Train Loss: 0.0503	Val Accuracy: 2.96
Training Epoch: 167/200	Train Loss: 0.1532	Val Accuracy: 2.96
Training Epoch: 168/200	Train Loss: 0.0602	Val Accuracy: 2.98
Training Epoch: 169/200	Train Loss: 0.0817	Val Accuracy: 2.98
Training Epoch: 170/200	Train Loss: 0.0586	Val Accuracy: 3.2
Training Epoch: 171/200	Train Loss: 0.166	Val Accuracy: 3.2
Training Epoch: 172/200	Train Loss: 0.0629	Val Accuracy: 3.16
Training Epoch: 173/200	Train Loss: 0.0816	Val Accuracy: 3.16
Training Epoch: 174/200	Train Loss: 0.0542	Val Accuracy: 3.1
Training Epoch: 175/200	Train Loss: 0.2243	Val Accuracy: 3.1
Training Epoch: 176/200	Train Loss: 0.1025	Val Accuracy: 3.08
Training Epoch: 177/200	Train Loss: 0.1227	Val Accuracy: 3.08
Training Epoch: 178/200	Train Loss: 0.0652	Val Accuracy: 3.36
Training Epoch: 179/200	Train Loss: 0.0697	Val Accuracy: 3.36
Training Epoch: 180/200	Train Loss: 0.0427	Val Accuracy: 2.94
Training Epoch: 181/200	Train Loss: 0.0913	Val Accuracy: 2.94
Training Epoch: 182/200	Train Loss: 0.1234	Val Accuracy: 3.12
Training Epoch: 183/200	Train Loss: 0.067	Val Accuracy: 3.12
Training Epoch: 184/200	Train Loss: 0.1428	Val Accuracy: 3.16
Training Epoch: 185/200	Train Loss: 0.0796	Val Accuracy: 3.16
Training Epoch: 186/200	Train Loss: 0.1463	Val Accuracy: 2.96
Training Epoch: 187/200	Train Loss: 0.052	Val Accuracy: 2.96
Training Epoch: 188/200	Train Loss: 0.07	Val Accuracy: 3.26
Training Epoch: 189/200	Train Loss: 0.0373	Val Accuracy: 3.26
Training Epoch: 190/200	Train Loss: 0.0553	Val Accuracy: 3.12
Training Epoch: 191/200	Train Loss: 0.0412	Val Accuracy: 3.12
Training Epoch: 192/200	Train Loss: 0.0928	Val Accuracy: 3.26
Training Epoch: 193/200	Train Loss: 0.0984	Val Accuracy: 3.26
Training Epoch: 194/200	Train Loss: 0.0465	Val Accuracy: 3.3
Training Epoch: 195/200	Train Loss: 0.096	Val Accuracy: 3.3
Training Epoch: 196/200	Train Loss: 0.0667	Val Accuracy: 3.3
Training Epoch: 197/200	Train Loss: 0.0406	Val Accuracy: 3.3
Training Epoch: 198/200	Train Loss: 0.0218	Val Accuracy: 3.62
Training Epoch: 199/200	Train Loss: 0.0624	Val Accuracy: 3.62
Training Epoch: 200/200	Train Loss: 0.1184	Val Accuracy: 3.58

Wrote Best Model Checkpoint to: vlBest_acc_3_model_epoch_0198.pyth

Best Validation Accuracy: 3.62
Best Epoch: 198

======== TESTING ========

Test Accuracy: 3.55.

======== ACTIVE SAMPLING ========

Extracting Lset Representations
len(dataLoader): 4
Extracting Uset Representations
len(dataLoader): 947
lb_repr.shape:  (350, 2048)
ul_repr.shape:  (94650, 2048)
Solving K Center Greedy Approach
[GPU] Labeled.shape: torch.Size([350, 2048])
[GPU] Unlabeled.shape: torch.Size([94650, 2048])
time taken: 0.0005307197570800781 seconds
Time taken to solve K center: 0.32518458366394043 seconds
Active Sampling Complete. After Episode 6:
New Labeled Set: 400, New Unlabeled Set: 94600, Active Set: 50

================================


Current accuracy values:  [1.6099999999999994, 2.1099999999999994, 1.9099999999999966, 2.480000000000004, 2.9200000000000017, 3.3100000000000023, 3.549999999999997]
======== EPISODE 7 BEGINS ========

======== TRAINING ========
Training Epoch: 1/200	Train Loss: 1.8187	Val Accuracy: 0.0
Training Epoch: 2/200	Train Loss: 1.1981	Val Accuracy: 2.56
Training Epoch: 3/200	Train Loss: 0.7389	Val Accuracy: 2.56
Training Epoch: 4/200	Train Loss: 0.688	Val Accuracy: 3.28
Training Epoch: 5/200	Train Loss: 0.575	Val Accuracy: 3.28
Training Epoch: 6/200	Train Loss: 0.4996	Val Accuracy: 3.22
Training Epoch: 7/200	Train Loss: 0.3742	Val Accuracy: 3.22
Training Epoch: 8/200	Train Loss: 0.4178	Val Accuracy: 3.02
Training Epoch: 9/200	Train Loss: 0.2194	Val Accuracy: 3.02
Training Epoch: 10/200	Train Loss: 0.332	Val Accuracy: 2.98
Training Epoch: 11/200	Train Loss: 0.2188	Val Accuracy: 2.98
Training Epoch: 12/200	Train Loss: 0.2205	Val Accuracy: 3.6
Training Epoch: 13/200	Train Loss: 0.1443	Val Accuracy: 3.6
Training Epoch: 14/200	Train Loss: 0.208	Val Accuracy: 3.16
Training Epoch: 15/200	Train Loss: 0.1046	Val Accuracy: 3.16
Training Epoch: 16/200	Train Loss: 0.1434	Val Accuracy: 3.42
Training Epoch: 17/200	Train Loss: 0.1893	Val Accuracy: 3.42
Training Epoch: 18/200	Train Loss: 0.2402	Val Accuracy: 3.14
Training Epoch: 19/200	Train Loss: 0.0603	Val Accuracy: 3.14
Training Epoch: 20/200	Train Loss: 0.1518	Val Accuracy: 2.96
Training Epoch: 21/200	Train Loss: 0.1535	Val Accuracy: 2.96
Training Epoch: 22/200	Train Loss: 0.1436	Val Accuracy: 3.1
Training Epoch: 23/200	Train Loss: 0.2436	Val Accuracy: 3.1
Training Epoch: 24/200	Train Loss: 0.1768	Val Accuracy: 3.48
Training Epoch: 25/200	Train Loss: 0.11	Val Accuracy: 3.48
Training Epoch: 26/200	Train Loss: 0.2041	Val Accuracy: 3.6
Training Epoch: 27/200	Train Loss: 0.0602	Val Accuracy: 3.6
Training Epoch: 28/200	Train Loss: 0.1366	Val Accuracy: 2.96
Training Epoch: 29/200	Train Loss: 0.2129	Val Accuracy: 2.96
Training Epoch: 30/200	Train Loss: 0.084	Val Accuracy: 3.26
Training Epoch: 31/200	Train Loss: 0.2012	Val Accuracy: 3.26
Training Epoch: 32/200	Train Loss: 0.2166	Val Accuracy: 3.42
Training Epoch: 33/200	Train Loss: 0.1508	Val Accuracy: 3.42
Training Epoch: 34/200	Train Loss: 0.0487	Val Accuracy: 3.08
Training Epoch: 35/200	Train Loss: 0.0893	Val Accuracy: 3.08
Training Epoch: 36/200	Train Loss: 0.0846	Val Accuracy: 2.98
Training Epoch: 37/200	Train Loss: 0.0281	Val Accuracy: 2.98
Training Epoch: 38/200	Train Loss: 0.0679	Val Accuracy: 3.28
Training Epoch: 39/200	Train Loss: 0.0563	Val Accuracy: 3.28
Training Epoch: 40/200	Train Loss: 0.0867	Val Accuracy: 3.38
Training Epoch: 41/200	Train Loss: 0.042	Val Accuracy: 3.38
Training Epoch: 42/200	Train Loss: 0.0673	Val Accuracy: 3.12
Training Epoch: 43/200	Train Loss: 0.0238	Val Accuracy: 3.12
Training Epoch: 44/200	Train Loss: 0.0739	Val Accuracy: 3.7
Training Epoch: 45/200	Train Loss: 0.1056	Val Accuracy: 3.7
Training Epoch: 46/200	Train Loss: 0.1437	Val Accuracy: 3.44
Training Epoch: 47/200	Train Loss: 0.1416	Val Accuracy: 3.44
Training Epoch: 48/200	Train Loss: 0.1181	Val Accuracy: 3.3
Training Epoch: 49/200	Train Loss: 0.1361	Val Accuracy: 3.3
Training Epoch: 50/200	Train Loss: 0.1716	Val Accuracy: 3.32
Training Epoch: 51/200	Train Loss: 0.1816	Val Accuracy: 3.32
Training Epoch: 52/200	Train Loss: 0.0741	Val Accuracy: 3.24
Training Epoch: 53/200	Train Loss: 0.0683	Val Accuracy: 3.24
Training Epoch: 54/200	Train Loss: 0.0557	Val Accuracy: 3.44
Training Epoch: 55/200	Train Loss: 0.051	Val Accuracy: 3.44
Training Epoch: 56/200	Train Loss: 0.1036	Val Accuracy: 3.62
Training Epoch: 57/200	Train Loss: 0.1752	Val Accuracy: 3.62
Training Epoch: 58/200	Train Loss: 0.0652	Val Accuracy: 3.64
Training Epoch: 59/200	Train Loss: 0.0618	Val Accuracy: 3.64
Training Epoch: 60/200	Train Loss: 0.0558	Val Accuracy: 3.28
Training Epoch: 61/200	Train Loss: 0.128	Val Accuracy: 3.28
Training Epoch: 62/200	Train Loss: 0.137	Val Accuracy: 3.24
Training Epoch: 63/200	Train Loss: 0.0295	Val Accuracy: 3.24
Training Epoch: 64/200	Train Loss: 0.064	Val Accuracy: 3.24
Training Epoch: 65/200	Train Loss: 0.1718	Val Accuracy: 3.24
Training Epoch: 66/200	Train Loss: 0.0956	Val Accuracy: 3.44
Training Epoch: 67/200	Train Loss: 0.0894	Val Accuracy: 3.44
Training Epoch: 68/200	Train Loss: 0.108	Val Accuracy: 3.44
Training Epoch: 69/200	Train Loss: 0.1331	Val Accuracy: 3.44
Training Epoch: 70/200	Train Loss: 0.096	Val Accuracy: 3.04
Training Epoch: 71/200	Train Loss: 0.136	Val Accuracy: 3.04
Training Epoch: 72/200	Train Loss: 0.175	Val Accuracy: 3.28
Training Epoch: 73/200	Train Loss: 0.065	Val Accuracy: 3.28
Training Epoch: 74/200	Train Loss: 0.1276	Val Accuracy: 3.5
Training Epoch: 75/200	Train Loss: 0.2127	Val Accuracy: 3.5
Training Epoch: 76/200	Train Loss: 0.1383	Val Accuracy: 3.02
Training Epoch: 77/200	Train Loss: 0.1257	Val Accuracy: 3.02
Training Epoch: 78/200	Train Loss: 0.2158	Val Accuracy: 3.12
Training Epoch: 79/200	Train Loss: 0.2173	Val Accuracy: 3.12
Training Epoch: 80/200	Train Loss: 0.1413	Val Accuracy: 3.24
Training Epoch: 81/200	Train Loss: 0.1161	Val Accuracy: 3.24
Training Epoch: 82/200	Train Loss: 0.1122	Val Accuracy: 2.94
Training Epoch: 83/200	Train Loss: 0.07	Val Accuracy: 2.94
Training Epoch: 84/200	Train Loss: 0.1119	Val Accuracy: 3.08
Training Epoch: 85/200	Train Loss: 0.2419	Val Accuracy: 3.08
Training Epoch: 86/200	Train Loss: 0.1203	Val Accuracy: 3.16
Training Epoch: 87/200	Train Loss: 0.1332	Val Accuracy: 3.16
Training Epoch: 88/200	Train Loss: 0.0996	Val Accuracy: 3.46
Training Epoch: 89/200	Train Loss: 0.1195	Val Accuracy: 3.46
Training Epoch: 90/200	Train Loss: 0.0563	Val Accuracy: 3.58
Training Epoch: 91/200	Train Loss: 0.1526	Val Accuracy: 3.58
Training Epoch: 92/200	Train Loss: 0.0455	Val Accuracy: 3.58
Training Epoch: 93/200	Train Loss: 0.0901	Val Accuracy: 3.58
Training Epoch: 94/200	Train Loss: 0.0923	Val Accuracy: 3.68
Training Epoch: 95/200	Train Loss: 0.1719	Val Accuracy: 3.68
Training Epoch: 96/200	Train Loss: 0.076	Val Accuracy: 3.46
Training Epoch: 97/200	Train Loss: 0.193	Val Accuracy: 3.46
Training Epoch: 98/200	Train Loss: 0.0945	Val Accuracy: 3.06
Training Epoch: 99/200	Train Loss: 0.0746	Val Accuracy: 3.06
Training Epoch: 100/200	Train Loss: 0.1252	Val Accuracy: 3.1
Training Epoch: 101/200	Train Loss: 0.1251	Val Accuracy: 3.1
Training Epoch: 102/200	Train Loss: 0.1025	Val Accuracy: 3.46
Training Epoch: 103/200	Train Loss: 0.1713	Val Accuracy: 3.46
Training Epoch: 104/200	Train Loss: 0.091	Val Accuracy: 3.76
Training Epoch: 105/200	Train Loss: 0.121	Val Accuracy: 3.76
Training Epoch: 106/200	Train Loss: 0.0353	Val Accuracy: 3.34
Training Epoch: 107/200	Train Loss: 0.0851	Val Accuracy: 3.34
Training Epoch: 108/200	Train Loss: 0.1066	Val Accuracy: 3.84
Training Epoch: 109/200	Train Loss: 0.0528	Val Accuracy: 3.84
Training Epoch: 110/200	Train Loss: 0.071	Val Accuracy: 3.58
Training Epoch: 111/200	Train Loss: 0.1804	Val Accuracy: 3.58
Training Epoch: 112/200	Train Loss: 0.0538	Val Accuracy: 3.52
Training Epoch: 113/200	Train Loss: 0.0721	Val Accuracy: 3.52
Training Epoch: 114/200	Train Loss: 0.0896	Val Accuracy: 3.28
Training Epoch: 115/200	Train Loss: 0.0732	Val Accuracy: 3.28
Training Epoch: 116/200	Train Loss: 0.0932	Val Accuracy: 3.5
Training Epoch: 117/200	Train Loss: 0.0698	Val Accuracy: 3.5
Training Epoch: 118/200	Train Loss: 0.1365	Val Accuracy: 3.28
Training Epoch: 119/200	Train Loss: 0.0687	Val Accuracy: 3.28
Training Epoch: 120/200	Train Loss: 0.1199	Val Accuracy: 3.34
Training Epoch: 121/200	Train Loss: 0.0519	Val Accuracy: 3.34
Training Epoch: 122/200	Train Loss: 0.2142	Val Accuracy: 3.6
Training Epoch: 123/200	Train Loss: 0.1104	Val Accuracy: 3.6
Training Epoch: 124/200	Train Loss: 0.1232	Val Accuracy: 3.34
Training Epoch: 125/200	Train Loss: 0.0433	Val Accuracy: 3.34
Training Epoch: 126/200	Train Loss: 0.2041	Val Accuracy: 3.24
Training Epoch: 127/200	Train Loss: 0.0486	Val Accuracy: 3.24
Training Epoch: 128/200	Train Loss: 0.0798	Val Accuracy: 3.4
Training Epoch: 129/200	Train Loss: 0.1105	Val Accuracy: 3.4
Training Epoch: 130/200	Train Loss: 0.0821	Val Accuracy: 3.18
Training Epoch: 131/200	Train Loss: 0.0449	Val Accuracy: 3.18
Training Epoch: 132/200	Train Loss: 0.0642	Val Accuracy: 3.4
Training Epoch: 133/200	Train Loss: 0.0553	Val Accuracy: 3.4
Training Epoch: 134/200	Train Loss: 0.1382	Val Accuracy: 3.62
Training Epoch: 135/200	Train Loss: 0.0845	Val Accuracy: 3.62
Training Epoch: 136/200	Train Loss: 0.0682	Val Accuracy: 3.32
Training Epoch: 137/200	Train Loss: 0.1258	Val Accuracy: 3.32
Training Epoch: 138/200	Train Loss: 0.0536	Val Accuracy: 3.1
Training Epoch: 139/200	Train Loss: 0.1103	Val Accuracy: 3.1
Training Epoch: 140/200	Train Loss: 0.2327	Val Accuracy: 3.52
Training Epoch: 141/200	Train Loss: 0.1103	Val Accuracy: 3.52
Training Epoch: 142/200	Train Loss: 0.0544	Val Accuracy: 3.24
Training Epoch: 143/200	Train Loss: 0.0944	Val Accuracy: 3.24
Training Epoch: 144/200	Train Loss: 0.0745	Val Accuracy: 3.24
Training Epoch: 145/200	Train Loss: 0.1514	Val Accuracy: 3.24
Training Epoch: 146/200	Train Loss: 0.0698	Val Accuracy: 3.44
Training Epoch: 147/200	Train Loss: 0.1531	Val Accuracy: 3.44
Training Epoch: 148/200	Train Loss: 0.1056	Val Accuracy: 2.98
Training Epoch: 149/200	Train Loss: 0.1463	Val Accuracy: 2.98
Training Epoch: 150/200	Train Loss: 0.057	Val Accuracy: 3.2
Training Epoch: 151/200	Train Loss: 0.0342	Val Accuracy: 3.2
Training Epoch: 152/200	Train Loss: 0.0823	Val Accuracy: 3.38
Training Epoch: 153/200	Train Loss: 0.0468	Val Accuracy: 3.38
Training Epoch: 154/200	Train Loss: 0.083	Val Accuracy: 3.0
Training Epoch: 155/200	Train Loss: 0.0821	Val Accuracy: 3.0
Training Epoch: 156/200	Train Loss: 0.0909	Val Accuracy: 3.62
Training Epoch: 157/200	Train Loss: 0.0221	Val Accuracy: 3.62
Training Epoch: 158/200	Train Loss: 0.034	Val Accuracy: 3.64
Training Epoch: 159/200	Train Loss: 0.2866	Val Accuracy: 3.64
Training Epoch: 160/200	Train Loss: 0.0286	Val Accuracy: 3.34
Training Epoch: 161/200	Train Loss: 0.0843	Val Accuracy: 3.34
Training Epoch: 162/200	Train Loss: 0.0887	Val Accuracy: 3.18
Training Epoch: 163/200	Train Loss: 0.1261	Val Accuracy: 3.18
Training Epoch: 164/200	Train Loss: 0.0585	Val Accuracy: 3.92
Training Epoch: 165/200	Train Loss: 0.1223	Val Accuracy: 3.92
Training Epoch: 166/200	Train Loss: 0.096	Val Accuracy: 3.2
Training Epoch: 167/200	Train Loss: 0.127	Val Accuracy: 3.2
Training Epoch: 168/200	Train Loss: 0.123	Val Accuracy: 3.24
Training Epoch: 169/200	Train Loss: 0.1612	Val Accuracy: 3.24
Training Epoch: 170/200	Train Loss: 0.0787	Val Accuracy: 3.12
Training Epoch: 171/200	Train Loss: 0.0649	Val Accuracy: 3.12
Training Epoch: 172/200	Train Loss: 0.0446	Val Accuracy: 3.52
Training Epoch: 173/200	Train Loss: 0.0501	Val Accuracy: 3.52
Training Epoch: 174/200	Train Loss: 0.0734	Val Accuracy: 3.6
Training Epoch: 175/200	Train Loss: 0.1003	Val Accuracy: 3.6
Training Epoch: 176/200	Train Loss: 0.0443	Val Accuracy: 3.24
Training Epoch: 177/200	Train Loss: 0.1094	Val Accuracy: 3.24
Training Epoch: 178/200	Train Loss: 0.0513	Val Accuracy: 3.46
Training Epoch: 179/200	Train Loss: 0.1327	Val Accuracy: 3.46
Training Epoch: 180/200	Train Loss: 0.0727	Val Accuracy: 3.38
Training Epoch: 181/200	Train Loss: 0.2278	Val Accuracy: 3.38
Training Epoch: 182/200	Train Loss: 0.1359	Val Accuracy: 3.34
Training Epoch: 183/200	Train Loss: 0.0824	Val Accuracy: 3.34
Training Epoch: 184/200	Train Loss: 0.1022	Val Accuracy: 3.86
Training Epoch: 185/200	Train Loss: 0.0943	Val Accuracy: 3.86
Training Epoch: 186/200	Train Loss: 0.1907	Val Accuracy: 3.12
Training Epoch: 187/200	Train Loss: 0.1242	Val Accuracy: 3.12
Training Epoch: 188/200	Train Loss: 0.1167	Val Accuracy: 3.2
Training Epoch: 189/200	Train Loss: 0.1252	Val Accuracy: 3.2
Training Epoch: 190/200	Train Loss: 0.1623	Val Accuracy: 3.38
Training Epoch: 191/200	Train Loss: 0.0845	Val Accuracy: 3.38
Training Epoch: 192/200	Train Loss: 0.1269	Val Accuracy: 3.52
Training Epoch: 193/200	Train Loss: 0.0525	Val Accuracy: 3.52
Training Epoch: 194/200	Train Loss: 0.0361	Val Accuracy: 3.42
Training Epoch: 195/200	Train Loss: 0.1708	Val Accuracy: 3.42
Training Epoch: 196/200	Train Loss: 0.1964	Val Accuracy: 3.64
Training Epoch: 197/200	Train Loss: 0.0335	Val Accuracy: 3.64
Training Epoch: 198/200	Train Loss: 0.0645	Val Accuracy: 3.12
Training Epoch: 199/200	Train Loss: 0.0902	Val Accuracy: 3.12
Training Epoch: 200/200	Train Loss: 0.0635	Val Accuracy: 3.66

Wrote Best Model Checkpoint to: vlBest_acc_3_model_epoch_0164.pyth

Best Validation Accuracy: 3.92
Best Epoch: 164

======== TESTING ========

Test Accuracy: 3.77.

======== ACTIVE SAMPLING ========

Extracting Lset Representations
len(dataLoader): 4
Extracting Uset Representations
len(dataLoader): 946
lb_repr.shape:  (400, 2048)
ul_repr.shape:  (94600, 2048)
Solving K Center Greedy Approach
[GPU] Labeled.shape: torch.Size([400, 2048])
[GPU] Unlabeled.shape: torch.Size([94600, 2048])
time taken: 0.0005381107330322266 seconds
Time taken to solve K center: 0.32444190979003906 seconds
Active Sampling Complete. After Episode 7:
New Labeled Set: 450, New Unlabeled Set: 94550, Active Set: 50

================================


Current accuracy values:  [1.6099999999999994, 2.1099999999999994, 1.9099999999999966, 2.480000000000004, 2.9200000000000017, 3.3100000000000023, 3.549999999999997, 3.769999999999996]
======== EPISODE 8 BEGINS ========

======== TRAINING ========
Training Epoch: 1/200	Train Loss: 0.8807	Val Accuracy: 0.0
Training Epoch: 2/200	Train Loss: 1.1232	Val Accuracy: 3.32
Training Epoch: 3/200	Train Loss: 0.9517	Val Accuracy: 3.32
Training Epoch: 4/200	Train Loss: 0.6681	Val Accuracy: 2.8
Training Epoch: 5/200	Train Loss: 0.5276	Val Accuracy: 2.8
Training Epoch: 6/200	Train Loss: 0.4397	Val Accuracy: 3.08
Training Epoch: 7/200	Train Loss: 0.4155	Val Accuracy: 3.08
Training Epoch: 8/200	Train Loss: 0.4204	Val Accuracy: 3.4
Training Epoch: 9/200	Train Loss: 0.2829	Val Accuracy: 3.4
Training Epoch: 10/200	Train Loss: 0.1916	Val Accuracy: 3.32
Training Epoch: 11/200	Train Loss: 0.1473	Val Accuracy: 3.32
Training Epoch: 12/200	Train Loss: 0.2547	Val Accuracy: 3.14
Training Epoch: 13/200	Train Loss: 0.1286	Val Accuracy: 3.14
Training Epoch: 14/200	Train Loss: 0.1751	Val Accuracy: 4.16
Training Epoch: 15/200	Train Loss: 0.1313	Val Accuracy: 4.16
Training Epoch: 16/200	Train Loss: 0.1302	Val Accuracy: 3.52
Training Epoch: 17/200	Train Loss: 0.0836	Val Accuracy: 3.52
Training Epoch: 18/200	Train Loss: 0.1476	Val Accuracy: 3.0
Training Epoch: 19/200	Train Loss: 0.1283	Val Accuracy: 3.0
Training Epoch: 20/200	Train Loss: 0.0574	Val Accuracy: 3.18
Training Epoch: 21/200	Train Loss: 0.0937	Val Accuracy: 3.18
Training Epoch: 22/200	Train Loss: 0.1633	Val Accuracy: 3.34
Training Epoch: 23/200	Train Loss: 0.1544	Val Accuracy: 3.34
Training Epoch: 24/200	Train Loss: 0.0906	Val Accuracy: 3.92
Training Epoch: 25/200	Train Loss: 0.0877	Val Accuracy: 3.92
Training Epoch: 26/200	Train Loss: 0.1371	Val Accuracy: 3.44
Training Epoch: 27/200	Train Loss: 0.0921	Val Accuracy: 3.44
Training Epoch: 28/200	Train Loss: 0.0783	Val Accuracy: 3.54
Training Epoch: 29/200	Train Loss: 0.0452	Val Accuracy: 3.54
Training Epoch: 30/200	Train Loss: 0.0952	Val Accuracy: 3.88
Training Epoch: 31/200	Train Loss: 0.0579	Val Accuracy: 3.88
Training Epoch: 32/200	Train Loss: 0.1734	Val Accuracy: 3.54
Training Epoch: 33/200	Train Loss: 0.195	Val Accuracy: 3.54
Training Epoch: 34/200	Train Loss: 0.0936	Val Accuracy: 3.66
Training Epoch: 35/200	Train Loss: 0.0597	Val Accuracy: 3.66
Training Epoch: 36/200	Train Loss: 0.2399	Val Accuracy: 3.5
Training Epoch: 37/200	Train Loss: 0.18	Val Accuracy: 3.5
Training Epoch: 38/200	Train Loss: 0.1825	Val Accuracy: 3.76
Training Epoch: 39/200	Train Loss: 0.0564	Val Accuracy: 3.76
Training Epoch: 40/200	Train Loss: 0.2208	Val Accuracy: 3.74
Training Epoch: 41/200	Train Loss: 0.1488	Val Accuracy: 3.74
Training Epoch: 42/200	Train Loss: 0.0985	Val Accuracy: 3.4
Training Epoch: 43/200	Train Loss: 0.0751	Val Accuracy: 3.4
Training Epoch: 44/200	Train Loss: 0.0591	Val Accuracy: 3.34
Training Epoch: 45/200	Train Loss: 0.0883	Val Accuracy: 3.34
Training Epoch: 46/200	Train Loss: 0.1944	Val Accuracy: 3.54
Training Epoch: 47/200	Train Loss: 0.1249	Val Accuracy: 3.54
Training Epoch: 48/200	Train Loss: 0.0864	Val Accuracy: 3.06
Training Epoch: 49/200	Train Loss: 0.0785	Val Accuracy: 3.06
Training Epoch: 50/200	Train Loss: 0.2072	Val Accuracy: 3.38
Training Epoch: 51/200	Train Loss: 0.114	Val Accuracy: 3.38
Training Epoch: 52/200	Train Loss: 0.0722	Val Accuracy: 3.5
Training Epoch: 53/200	Train Loss: 0.2365	Val Accuracy: 3.5
Training Epoch: 54/200	Train Loss: 0.0911	Val Accuracy: 3.58
Training Epoch: 55/200	Train Loss: 0.1209	Val Accuracy: 3.58
Training Epoch: 56/200	Train Loss: 0.0453	Val Accuracy: 3.36
Training Epoch: 57/200	Train Loss: 0.0864	Val Accuracy: 3.36
Training Epoch: 58/200	Train Loss: 0.112	Val Accuracy: 3.6
Training Epoch: 59/200	Train Loss: 0.1182	Val Accuracy: 3.6
Training Epoch: 60/200	Train Loss: 0.0824	Val Accuracy: 3.66
Training Epoch: 61/200	Train Loss: 0.0876	Val Accuracy: 3.66
Training Epoch: 62/200	Train Loss: 0.1546	Val Accuracy: 3.44
Training Epoch: 63/200	Train Loss: 0.1358	Val Accuracy: 3.44
Training Epoch: 64/200	Train Loss: 0.1987	Val Accuracy: 3.36
Training Epoch: 65/200	Train Loss: 0.1211	Val Accuracy: 3.36
Training Epoch: 66/200	Train Loss: 0.1264	Val Accuracy: 3.06
Training Epoch: 67/200	Train Loss: 0.1001	Val Accuracy: 3.06
Training Epoch: 68/200	Train Loss: 0.0908	Val Accuracy: 3.52
Training Epoch: 69/200	Train Loss: 0.064	Val Accuracy: 3.52
Training Epoch: 70/200	Train Loss: 0.0543	Val Accuracy: 3.56
Training Epoch: 71/200	Train Loss: 0.0598	Val Accuracy: 3.56
Training Epoch: 72/200	Train Loss: 0.0589	Val Accuracy: 3.38
Training Epoch: 73/200	Train Loss: 0.0643	Val Accuracy: 3.38
Training Epoch: 74/200	Train Loss: 0.1378	Val Accuracy: 3.6
Training Epoch: 75/200	Train Loss: 0.0411	Val Accuracy: 3.6
Training Epoch: 76/200	Train Loss: 0.1326	Val Accuracy: 3.52
Training Epoch: 77/200	Train Loss: 0.0638	Val Accuracy: 3.52
Training Epoch: 78/200	Train Loss: 0.0947	Val Accuracy: 3.98
Training Epoch: 79/200	Train Loss: 0.062	Val Accuracy: 3.98
Training Epoch: 80/200	Train Loss: 0.0557	Val Accuracy: 3.74
Training Epoch: 81/200	Train Loss: 0.0813	Val Accuracy: 3.74
Training Epoch: 82/200	Train Loss: 0.065	Val Accuracy: 3.44
Training Epoch: 83/200	Train Loss: 0.0483	Val Accuracy: 3.44
Training Epoch: 84/200	Train Loss: 0.1399	Val Accuracy: 4.06
Training Epoch: 85/200	Train Loss: 0.0244	Val Accuracy: 4.06
Training Epoch: 86/200	Train Loss: 0.076	Val Accuracy: 4.08
Training Epoch: 87/200	Train Loss: 0.0461	Val Accuracy: 4.08
Training Epoch: 88/200	Train Loss: 0.054	Val Accuracy: 3.6
Training Epoch: 89/200	Train Loss: 0.0339	Val Accuracy: 3.6
Training Epoch: 90/200	Train Loss: 0.1046	Val Accuracy: 3.26
Training Epoch: 91/200	Train Loss: 0.0604	Val Accuracy: 3.26
Training Epoch: 92/200	Train Loss: 0.024	Val Accuracy: 3.34
Training Epoch: 93/200	Train Loss: 0.1053	Val Accuracy: 3.34
Training Epoch: 94/200	Train Loss: 0.048	Val Accuracy: 3.74
Training Epoch: 95/200	Train Loss: 0.0435	Val Accuracy: 3.74
Training Epoch: 96/200	Train Loss: 0.071	Val Accuracy: 4.24
Training Epoch: 97/200	Train Loss: 0.0628	Val Accuracy: 4.24
Training Epoch: 98/200	Train Loss: 0.0368	Val Accuracy: 3.76
Training Epoch: 99/200	Train Loss: 0.0468	Val Accuracy: 3.76
Training Epoch: 100/200	Train Loss: 0.2653	Val Accuracy: 3.32
Training Epoch: 101/200	Train Loss: 0.0539	Val Accuracy: 3.32
Training Epoch: 102/200	Train Loss: 0.1673	Val Accuracy: 3.36
Training Epoch: 103/200	Train Loss: 0.0377	Val Accuracy: 3.36
Training Epoch: 104/200	Train Loss: 0.2773	Val Accuracy: 3.08
Training Epoch: 105/200	Train Loss: 0.0931	Val Accuracy: 3.08
Training Epoch: 106/200	Train Loss: 0.0641	Val Accuracy: 3.48
Training Epoch: 107/200	Train Loss: 0.0561	Val Accuracy: 3.48
Training Epoch: 108/200	Train Loss: 0.0227	Val Accuracy: 3.44
Training Epoch: 109/200	Train Loss: 0.05	Val Accuracy: 3.44
Training Epoch: 110/200	Train Loss: 0.1055	Val Accuracy: 3.74
Training Epoch: 111/200	Train Loss: 0.0816	Val Accuracy: 3.74
Training Epoch: 112/200	Train Loss: 0.2584	Val Accuracy: 3.5
Training Epoch: 113/200	Train Loss: 0.0276	Val Accuracy: 3.5
Training Epoch: 114/200	Train Loss: 0.0772	Val Accuracy: 3.46
Training Epoch: 115/200	Train Loss: 0.0816	Val Accuracy: 3.46
Training Epoch: 116/200	Train Loss: 0.2165	Val Accuracy: 3.42
Training Epoch: 117/200	Train Loss: 0.1381	Val Accuracy: 3.42
Training Epoch: 118/200	Train Loss: 0.1807	Val Accuracy: 3.42
Training Epoch: 119/200	Train Loss: 0.1528	Val Accuracy: 3.42
Training Epoch: 120/200	Train Loss: 0.1589	Val Accuracy: 3.64
Training Epoch: 121/200	Train Loss: 0.2501	Val Accuracy: 3.64
Training Epoch: 122/200	Train Loss: 0.3359	Val Accuracy: 3.62
Training Epoch: 123/200	Train Loss: 0.2768	Val Accuracy: 3.62
Training Epoch: 124/200	Train Loss: 0.1424	Val Accuracy: 3.58
Training Epoch: 125/200	Train Loss: 0.1514	Val Accuracy: 3.58
Training Epoch: 126/200	Train Loss: 0.0858	Val Accuracy: 3.32
Training Epoch: 127/200	Train Loss: 0.1162	Val Accuracy: 3.32
Training Epoch: 128/200	Train Loss: 0.1193	Val Accuracy: 3.22
Training Epoch: 129/200	Train Loss: 0.0817	Val Accuracy: 3.22
Training Epoch: 130/200	Train Loss: 0.0625	Val Accuracy: 3.4
Training Epoch: 131/200	Train Loss: 0.1317	Val Accuracy: 3.4
Training Epoch: 132/200	Train Loss: 0.1507	Val Accuracy: 3.34
Training Epoch: 133/200	Train Loss: 0.0777	Val Accuracy: 3.34
Training Epoch: 134/200	Train Loss: 0.1252	Val Accuracy: 3.5
Training Epoch: 135/200	Train Loss: 0.1535	Val Accuracy: 3.5
Training Epoch: 136/200	Train Loss: 0.1291	Val Accuracy: 3.74
Training Epoch: 137/200	Train Loss: 0.0884	Val Accuracy: 3.74
Training Epoch: 138/200	Train Loss: 0.0581	Val Accuracy: 3.8
Training Epoch: 139/200	Train Loss: 0.2802	Val Accuracy: 3.8
Training Epoch: 140/200	Train Loss: 0.0848	Val Accuracy: 3.64
Training Epoch: 141/200	Train Loss: 0.0553	Val Accuracy: 3.64
Training Epoch: 142/200	Train Loss: 0.0533	Val Accuracy: 3.46
Training Epoch: 143/200	Train Loss: 0.0509	Val Accuracy: 3.46
Training Epoch: 144/200	Train Loss: 0.1031	Val Accuracy: 3.54
Training Epoch: 145/200	Train Loss: 0.06	Val Accuracy: 3.54
Training Epoch: 146/200	Train Loss: 0.1114	Val Accuracy: 3.64
Training Epoch: 147/200	Train Loss: 0.1424	Val Accuracy: 3.64
Training Epoch: 148/200	Train Loss: 0.0293	Val Accuracy: 3.54
Training Epoch: 149/200	Train Loss: 0.1317	Val Accuracy: 3.54
Training Epoch: 150/200	Train Loss: 0.0447	Val Accuracy: 3.46
Training Epoch: 151/200	Train Loss: 0.1437	Val Accuracy: 3.46
Training Epoch: 152/200	Train Loss: 0.0641	Val Accuracy: 3.4
Training Epoch: 153/200	Train Loss: 0.0859	Val Accuracy: 3.4
Training Epoch: 154/200	Train Loss: 0.0731	Val Accuracy: 3.44
Training Epoch: 155/200	Train Loss: 0.0613	Val Accuracy: 3.44
Training Epoch: 156/200	Train Loss: 0.1121	Val Accuracy: 3.52
Training Epoch: 157/200	Train Loss: 0.0993	Val Accuracy: 3.52
Training Epoch: 158/200	Train Loss: 0.0553	Val Accuracy: 3.82
Training Epoch: 159/200	Train Loss: 0.0653	Val Accuracy: 3.82
Training Epoch: 160/200	Train Loss: 0.0273	Val Accuracy: 3.3
Training Epoch: 161/200	Train Loss: 0.0748	Val Accuracy: 3.3
Training Epoch: 162/200	Train Loss: 0.0309	Val Accuracy: 3.8
Training Epoch: 163/200	Train Loss: 0.0395	Val Accuracy: 3.8
Training Epoch: 164/200	Train Loss: 0.1788	Val Accuracy: 3.92
Training Epoch: 165/200	Train Loss: 0.1192	Val Accuracy: 3.92
Training Epoch: 166/200	Train Loss: 0.0589	Val Accuracy: 4.04
Training Epoch: 167/200	Train Loss: 0.1188	Val Accuracy: 4.04
Training Epoch: 168/200	Train Loss: 0.0803	Val Accuracy: 3.96
Training Epoch: 169/200	Train Loss: 0.0798	Val Accuracy: 3.96
Training Epoch: 170/200	Train Loss: 0.0751	Val Accuracy: 3.48
Training Epoch: 171/200	Train Loss: 0.1243	Val Accuracy: 3.48
Training Epoch: 172/200	Train Loss: 0.1777	Val Accuracy: 3.28
Training Epoch: 173/200	Train Loss: 0.1084	Val Accuracy: 3.28
Training Epoch: 174/200	Train Loss: 0.1445	Val Accuracy: 3.2
Training Epoch: 175/200	Train Loss: 0.1326	Val Accuracy: 3.2
Training Epoch: 176/200	Train Loss: 0.0997	Val Accuracy: 3.7
Training Epoch: 177/200	Train Loss: 0.0604	Val Accuracy: 3.7
Training Epoch: 178/200	Train Loss: 0.0716	Val Accuracy: 4.02
Training Epoch: 179/200	Train Loss: 0.0478	Val Accuracy: 4.02
Training Epoch: 180/200	Train Loss: 0.0445	Val Accuracy: 3.36
Training Epoch: 181/200	Train Loss: 0.0802	Val Accuracy: 3.36
Training Epoch: 182/200	Train Loss: 0.1311	Val Accuracy: 3.32
Training Epoch: 183/200	Train Loss: 0.0967	Val Accuracy: 3.32
Training Epoch: 184/200	Train Loss: 0.0928	Val Accuracy: 3.8
Training Epoch: 185/200	Train Loss: 0.0304	Val Accuracy: 3.8
Training Epoch: 186/200	Train Loss: 0.0557	Val Accuracy: 3.9
Training Epoch: 187/200	Train Loss: 0.06	Val Accuracy: 3.9
Training Epoch: 188/200	Train Loss: 0.0451	Val Accuracy: 3.88
Training Epoch: 189/200	Train Loss: 0.049	Val Accuracy: 3.88
Training Epoch: 190/200	Train Loss: 0.0985	Val Accuracy: 3.88
Training Epoch: 191/200	Train Loss: 0.0289	Val Accuracy: 3.88
Training Epoch: 192/200	Train Loss: 0.1074	Val Accuracy: 3.48
Training Epoch: 193/200	Train Loss: 0.0276	Val Accuracy: 3.48
Training Epoch: 194/200	Train Loss: 0.0586	Val Accuracy: 3.34
Training Epoch: 195/200	Train Loss: 0.1449	Val Accuracy: 3.34
Training Epoch: 196/200	Train Loss: 0.1139	Val Accuracy: 3.62
Training Epoch: 197/200	Train Loss: 0.0684	Val Accuracy: 3.62
Training Epoch: 198/200	Train Loss: 0.0661	Val Accuracy: 3.92
Training Epoch: 199/200	Train Loss: 0.0451	Val Accuracy: 3.92
Training Epoch: 200/200	Train Loss: 0.0305	Val Accuracy: 3.84

Wrote Best Model Checkpoint to: vlBest_acc_4_model_epoch_0096.pyth

Best Validation Accuracy: 4.24
Best Epoch: 96

======== TESTING ========

Test Accuracy: 4.34.

======== ACTIVE SAMPLING ========

Extracting Lset Representations
len(dataLoader): 5
Extracting Uset Representations
len(dataLoader): 946
lb_repr.shape:  (450, 2048)
ul_repr.shape:  (94550, 2048)
Solving K Center Greedy Approach
[GPU] Labeled.shape: torch.Size([450, 2048])
[GPU] Unlabeled.shape: torch.Size([94550, 2048])
time taken: 0.0005233287811279297 seconds
Time taken to solve K center: 0.32776737213134766 seconds
Active Sampling Complete. After Episode 8:
New Labeled Set: 500, New Unlabeled Set: 94500, Active Set: 50

================================


Current accuracy values:  [1.6099999999999994, 2.1099999999999994, 1.9099999999999966, 2.480000000000004, 2.9200000000000017, 3.3100000000000023, 3.549999999999997, 3.769999999999996, 4.340000000000003]
======== EPISODE 9 BEGINS ========

======== TRAINING ========
Training Epoch: 1/200	Train Loss: 1.2571	Val Accuracy: 0.0
Training Epoch: 2/200	Train Loss: 0.6973	Val Accuracy: 3.3
Training Epoch: 3/200	Train Loss: 0.5382	Val Accuracy: 3.3
Training Epoch: 4/200	Train Loss: 0.4378	Val Accuracy: 3.64
Training Epoch: 5/200	Train Loss: 0.3936	Val Accuracy: 3.64
Training Epoch: 6/200	Train Loss: 0.3654	Val Accuracy: 3.82
Training Epoch: 7/200	Train Loss: 0.1843	Val Accuracy: 3.82
Training Epoch: 8/200	Train Loss: 0.1835	Val Accuracy: 3.42
Training Epoch: 9/200	Train Loss: 0.2823	Val Accuracy: 3.42
Training Epoch: 10/200	Train Loss: 0.1213	Val Accuracy: 3.96
Training Epoch: 11/200	Train Loss: 0.1054	Val Accuracy: 3.96
Training Epoch: 12/200	Train Loss: 0.1019	Val Accuracy: 3.1
Training Epoch: 13/200	Train Loss: 0.1201	Val Accuracy: 3.1
Training Epoch: 14/200	Train Loss: 0.109	Val Accuracy: 3.5
Training Epoch: 15/200	Train Loss: 0.0775	Val Accuracy: 3.5
Training Epoch: 16/200	Train Loss: 0.1302	Val Accuracy: 3.88
Training Epoch: 17/200	Train Loss: 0.1189	Val Accuracy: 3.88
Training Epoch: 18/200	Train Loss: 0.0442	Val Accuracy: 4.12
Training Epoch: 19/200	Train Loss: 0.0997	Val Accuracy: 4.12
Training Epoch: 20/200	Train Loss: 0.056	Val Accuracy: 3.6
Training Epoch: 21/200	Train Loss: 0.0581	Val Accuracy: 3.6
Training Epoch: 22/200	Train Loss: 0.0759	Val Accuracy: 3.82
Training Epoch: 23/200	Train Loss: 0.1129	Val Accuracy: 3.82
Training Epoch: 24/200	Train Loss: 0.0494	Val Accuracy: 4.0
Training Epoch: 25/200	Train Loss: 0.0711	Val Accuracy: 4.0
Training Epoch: 26/200	Train Loss: 0.154	Val Accuracy: 3.52
Training Epoch: 27/200	Train Loss: 0.0679	Val Accuracy: 3.52
Training Epoch: 28/200	Train Loss: 0.079	Val Accuracy: 3.72
Training Epoch: 29/200	Train Loss: 0.1138	Val Accuracy: 3.72
Training Epoch: 30/200	Train Loss: 0.1274	Val Accuracy: 3.9
Training Epoch: 31/200	Train Loss: 0.0906	Val Accuracy: 3.9
Training Epoch: 32/200	Train Loss: 0.1732	Val Accuracy: 3.74
Training Epoch: 33/200	Train Loss: 0.0576	Val Accuracy: 3.74
Training Epoch: 34/200	Train Loss: 0.0646	Val Accuracy: 3.88
Training Epoch: 35/200	Train Loss: 0.1468	Val Accuracy: 3.88
Training Epoch: 36/200	Train Loss: 0.0659	Val Accuracy: 4.06
Training Epoch: 37/200	Train Loss: 0.0684	Val Accuracy: 4.06
Training Epoch: 38/200	Train Loss: 0.2682	Val Accuracy: 3.62
Training Epoch: 39/200	Train Loss: 0.1044	Val Accuracy: 3.62
Training Epoch: 40/200	Train Loss: 0.0917	Val Accuracy: 4.22
Training Epoch: 41/200	Train Loss: 0.1664	Val Accuracy: 4.22
Training Epoch: 42/200	Train Loss: 0.2018	Val Accuracy: 3.36
Training Epoch: 43/200	Train Loss: 0.1056	Val Accuracy: 3.36
Training Epoch: 44/200	Train Loss: 0.1275	Val Accuracy: 3.48
Training Epoch: 45/200	Train Loss: 0.1801	Val Accuracy: 3.48
Training Epoch: 46/200	Train Loss: 0.0877	Val Accuracy: 3.78
Training Epoch: 47/200	Train Loss: 0.2335	Val Accuracy: 3.78
Training Epoch: 48/200	Train Loss: 0.0596	Val Accuracy: 3.92
Training Epoch: 49/200	Train Loss: 0.0702	Val Accuracy: 3.92
Training Epoch: 50/200	Train Loss: 0.0699	Val Accuracy: 4.02
Training Epoch: 51/200	Train Loss: 0.0378	Val Accuracy: 4.02
Training Epoch: 52/200	Train Loss: 0.0578	Val Accuracy: 3.76
Training Epoch: 53/200	Train Loss: 0.1052	Val Accuracy: 3.76
Training Epoch: 54/200	Train Loss: 0.0766	Val Accuracy: 3.72
Training Epoch: 55/200	Train Loss: 0.0804	Val Accuracy: 3.72
Training Epoch: 56/200	Train Loss: 0.0438	Val Accuracy: 4.0
Training Epoch: 57/200	Train Loss: 0.1031	Val Accuracy: 4.0
Training Epoch: 58/200	Train Loss: 0.0469	Val Accuracy: 4.18
Training Epoch: 59/200	Train Loss: 0.0754	Val Accuracy: 4.18
Training Epoch: 60/200	Train Loss: 0.0541	Val Accuracy: 4.12
Training Epoch: 61/200	Train Loss: 0.1044	Val Accuracy: 4.12
Training Epoch: 62/200	Train Loss: 0.0754	Val Accuracy: 3.62
Training Epoch: 63/200	Train Loss: 0.0145	Val Accuracy: 3.62
Training Epoch: 64/200	Train Loss: 0.0358	Val Accuracy: 3.9
Training Epoch: 65/200	Train Loss: 0.0937	Val Accuracy: 3.9
Training Epoch: 66/200	Train Loss: 0.148	Val Accuracy: 3.64
Training Epoch: 67/200	Train Loss: 0.0613	Val Accuracy: 3.64
Training Epoch: 68/200	Train Loss: 0.094	Val Accuracy: 3.92
Training Epoch: 69/200	Train Loss: 0.0768	Val Accuracy: 3.92
Training Epoch: 70/200	Train Loss: 0.0747	Val Accuracy: 3.7
Training Epoch: 71/200	Train Loss: 0.0245	Val Accuracy: 3.7
Training Epoch: 72/200	Train Loss: 0.0822	Val Accuracy: 3.92
Training Epoch: 73/200	Train Loss: 0.1037	Val Accuracy: 3.92
Training Epoch: 74/200	Train Loss: 0.06	Val Accuracy: 3.44
Training Epoch: 75/200	Train Loss: 0.0522	Val Accuracy: 3.44
Training Epoch: 76/200	Train Loss: 0.119	Val Accuracy: 3.48
Training Epoch: 77/200	Train Loss: 0.1311	Val Accuracy: 3.48
Training Epoch: 78/200	Train Loss: 0.081	Val Accuracy: 3.66
Training Epoch: 79/200	Train Loss: 0.0505	Val Accuracy: 3.66
Training Epoch: 80/200	Train Loss: 0.0758	Val Accuracy: 4.02
Training Epoch: 81/200	Train Loss: 0.1501	Val Accuracy: 4.02
Training Epoch: 82/200	Train Loss: 0.122	Val Accuracy: 4.02
Training Epoch: 83/200	Train Loss: 0.1022	Val Accuracy: 4.02
Training Epoch: 84/200	Train Loss: 0.0941	Val Accuracy: 4.08
Training Epoch: 85/200	Train Loss: 0.2302	Val Accuracy: 4.08
Training Epoch: 86/200	Train Loss: 0.0766	Val Accuracy: 3.6
Training Epoch: 87/200	Train Loss: 0.0351	Val Accuracy: 3.6
Training Epoch: 88/200	Train Loss: 0.027	Val Accuracy: 3.66
Training Epoch: 89/200	Train Loss: 0.039	Val Accuracy: 3.66
Training Epoch: 90/200	Train Loss: 0.0509	Val Accuracy: 3.9
Training Epoch: 91/200	Train Loss: 0.0824	Val Accuracy: 3.9
Training Epoch: 92/200	Train Loss: 0.0937	Val Accuracy: 3.56
Training Epoch: 93/200	Train Loss: 0.0669	Val Accuracy: 3.56
Training Epoch: 94/200	Train Loss: 0.1116	Val Accuracy: 3.84
Training Epoch: 95/200	Train Loss: 0.0709	Val Accuracy: 3.84
Training Epoch: 96/200	Train Loss: 0.1875	Val Accuracy: 3.66
Training Epoch: 97/200	Train Loss: 0.065	Val Accuracy: 3.66
Training Epoch: 98/200	Train Loss: 0.1821	Val Accuracy: 3.72
Training Epoch: 99/200	Train Loss: 0.1028	Val Accuracy: 3.72
Training Epoch: 100/200	Train Loss: 0.0658	Val Accuracy: 4.22
Training Epoch: 101/200	Train Loss: 0.1794	Val Accuracy: 4.22
Training Epoch: 102/200	Train Loss: 0.248	Val Accuracy: 3.56
Training Epoch: 103/200	Train Loss: 0.0921	Val Accuracy: 3.56
Training Epoch: 104/200	Train Loss: 0.0797	Val Accuracy: 3.92
Training Epoch: 105/200	Train Loss: 0.0643	Val Accuracy: 3.92
Training Epoch: 106/200	Train Loss: 0.0326	Val Accuracy: 3.56
Training Epoch: 107/200	Train Loss: 0.1356	Val Accuracy: 3.56
Training Epoch: 108/200	Train Loss: 0.0544	Val Accuracy: 4.22
Training Epoch: 109/200	Train Loss: 0.0793	Val Accuracy: 4.22
Training Epoch: 110/200	Train Loss: 0.033	Val Accuracy: 3.4
Training Epoch: 111/200	Train Loss: 0.084	Val Accuracy: 3.4
Training Epoch: 112/200	Train Loss: 0.0758	Val Accuracy: 3.72
Training Epoch: 113/200	Train Loss: 0.1003	Val Accuracy: 3.72
Training Epoch: 114/200	Train Loss: 0.0857	Val Accuracy: 3.92
Training Epoch: 115/200	Train Loss: 0.0265	Val Accuracy: 3.92
Training Epoch: 116/200	Train Loss: 0.0887	Val Accuracy: 3.88
Training Epoch: 117/200	Train Loss: 0.0546	Val Accuracy: 3.88
Training Epoch: 118/200	Train Loss: 0.0676	Val Accuracy: 3.82
Training Epoch: 119/200	Train Loss: 0.0222	Val Accuracy: 3.82
Training Epoch: 120/200	Train Loss: 0.0615	Val Accuracy: 3.74
Training Epoch: 121/200	Train Loss: 0.056	Val Accuracy: 3.74
Training Epoch: 122/200	Train Loss: 0.0578	Val Accuracy: 3.72
Training Epoch: 123/200	Train Loss: 0.0759	Val Accuracy: 3.72
Training Epoch: 124/200	Train Loss: 0.0752	Val Accuracy: 3.6
Training Epoch: 125/200	Train Loss: 0.1728	Val Accuracy: 3.6
Training Epoch: 126/200	Train Loss: 0.1419	Val Accuracy: 3.74
Training Epoch: 127/200	Train Loss: 0.1589	Val Accuracy: 3.74
Training Epoch: 128/200	Train Loss: 0.07	Val Accuracy: 4.0
Training Epoch: 129/200	Train Loss: 0.0788	Val Accuracy: 4.0
Training Epoch: 130/200	Train Loss: 0.0677	Val Accuracy: 3.72
Training Epoch: 131/200	Train Loss: 0.0469	Val Accuracy: 3.72
Training Epoch: 132/200	Train Loss: 0.0348	Val Accuracy: 3.94
Training Epoch: 133/200	Train Loss: 0.0719	Val Accuracy: 3.94
Training Epoch: 134/200	Train Loss: 0.2086	Val Accuracy: 3.78
Training Epoch: 135/200	Train Loss: 0.0776	Val Accuracy: 3.78
Training Epoch: 136/200	Train Loss: 0.0411	Val Accuracy: 3.5
Training Epoch: 137/200	Train Loss: 0.1113	Val Accuracy: 3.5
Training Epoch: 138/200	Train Loss: 0.0926	Val Accuracy: 3.9
Training Epoch: 139/200	Train Loss: 0.0373	Val Accuracy: 3.9
Training Epoch: 140/200	Train Loss: 0.0423	Val Accuracy: 3.54
Training Epoch: 141/200	Train Loss: 0.1452	Val Accuracy: 3.54
Training Epoch: 142/200	Train Loss: 0.095	Val Accuracy: 3.82
Training Epoch: 143/200	Train Loss: 0.0487	Val Accuracy: 3.82
Training Epoch: 144/200	Train Loss: 0.145	Val Accuracy: 3.66
Training Epoch: 145/200	Train Loss: 0.0893	Val Accuracy: 3.66
Training Epoch: 146/200	Train Loss: 0.0665	Val Accuracy: 4.08
Training Epoch: 147/200	Train Loss: 0.1815	Val Accuracy: 4.08
Training Epoch: 148/200	Train Loss: 0.0735	Val Accuracy: 4.0
Training Epoch: 149/200	Train Loss: 0.0369	Val Accuracy: 4.0
Training Epoch: 150/200	Train Loss: 0.0411	Val Accuracy: 3.66
Training Epoch: 151/200	Train Loss: 0.0466	Val Accuracy: 3.66
Training Epoch: 152/200	Train Loss: 0.0411	Val Accuracy: 3.62
Training Epoch: 153/200	Train Loss: 0.0167	Val Accuracy: 3.62
Training Epoch: 154/200	Train Loss: 0.03	Val Accuracy: 4.14
Training Epoch: 155/200	Train Loss: 0.0212	Val Accuracy: 4.14
Training Epoch: 156/200	Train Loss: 0.042	Val Accuracy: 4.0
Training Epoch: 157/200	Train Loss: 0.0397	Val Accuracy: 4.0
Training Epoch: 158/200	Train Loss: 0.0279	Val Accuracy: 4.02
Training Epoch: 159/200	Train Loss: 0.0677	Val Accuracy: 4.02
Training Epoch: 160/200	Train Loss: 0.0349	Val Accuracy: 3.86
Training Epoch: 161/200	Train Loss: 0.0393	Val Accuracy: 3.86
Training Epoch: 162/200	Train Loss: 0.025	Val Accuracy: 3.76
Training Epoch: 163/200	Train Loss: 0.0269	Val Accuracy: 3.76
Training Epoch: 164/200	Train Loss: 0.0331	Val Accuracy: 3.78
Training Epoch: 165/200	Train Loss: 0.0646	Val Accuracy: 3.78
Training Epoch: 166/200	Train Loss: 0.0369	Val Accuracy: 4.06
Training Epoch: 167/200	Train Loss: 0.0353	Val Accuracy: 4.06
Training Epoch: 168/200	Train Loss: 0.0445	Val Accuracy: 4.06
Training Epoch: 169/200	Train Loss: 0.0825	Val Accuracy: 4.06
Training Epoch: 170/200	Train Loss: 0.0577	Val Accuracy: 4.08
Training Epoch: 171/200	Train Loss: 0.0803	Val Accuracy: 4.08
Training Epoch: 172/200	Train Loss: 0.0734	Val Accuracy: 4.06
Training Epoch: 173/200	Train Loss: 0.0456	Val Accuracy: 4.06
Training Epoch: 174/200	Train Loss: 0.0845	Val Accuracy: 3.72
Training Epoch: 175/200	Train Loss: 0.0211	Val Accuracy: 3.72
Training Epoch: 176/200	Train Loss: 0.0617	Val Accuracy: 3.88
Training Epoch: 177/200	Train Loss: 0.0258	Val Accuracy: 3.88
Training Epoch: 178/200	Train Loss: 0.018	Val Accuracy: 3.82
Training Epoch: 179/200	Train Loss: 0.0295	Val Accuracy: 3.82
Training Epoch: 180/200	Train Loss: 0.0219	Val Accuracy: 4.2
Training Epoch: 181/200	Train Loss: 0.0498	Val Accuracy: 4.2
Training Epoch: 182/200	Train Loss: 0.0501	Val Accuracy: 3.86
Training Epoch: 183/200	Train Loss: 0.0497	Val Accuracy: 3.86
Training Epoch: 184/200	Train Loss: 0.1552	Val Accuracy: 3.72
Training Epoch: 185/200	Train Loss: 0.2257	Val Accuracy: 3.72
Training Epoch: 186/200	Train Loss: 0.0449	Val Accuracy: 3.84
Training Epoch: 187/200	Train Loss: 0.0388	Val Accuracy: 3.84
Training Epoch: 188/200	Train Loss: 0.0814	Val Accuracy: 3.4
Training Epoch: 189/200	Train Loss: 0.1208	Val Accuracy: 3.4
Training Epoch: 190/200	Train Loss: 0.3545	Val Accuracy: 4.16
Training Epoch: 191/200	Train Loss: 0.1267	Val Accuracy: 4.16
Training Epoch: 192/200	Train Loss: 0.0781	Val Accuracy: 3.5
Training Epoch: 193/200	Train Loss: 0.1232	Val Accuracy: 3.5
Training Epoch: 194/200	Train Loss: 0.0992	Val Accuracy: 3.76
Training Epoch: 195/200	Train Loss: 0.1206	Val Accuracy: 3.76
Training Epoch: 196/200	Train Loss: 0.1885	Val Accuracy: 4.04
Training Epoch: 197/200	Train Loss: 0.0866	Val Accuracy: 4.04
Training Epoch: 198/200	Train Loss: 0.1183	Val Accuracy: 3.7
Training Epoch: 199/200	Train Loss: 0.0511	Val Accuracy: 3.7
Training Epoch: 200/200	Train Loss: 0.1032	Val Accuracy: 3.92

Wrote Best Model Checkpoint to: vlBest_acc_4_model_epoch_0040.pyth

Best Validation Accuracy: 4.22
Best Epoch: 40

======== TESTING ========

Test Accuracy: 4.2.

======== ACTIVE SAMPLING ========

Extracting Lset Representations
len(dataLoader): 5
Extracting Uset Representations
len(dataLoader): 945
lb_repr.shape:  (500, 2048)
ul_repr.shape:  (94500, 2048)
Solving K Center Greedy Approach
[GPU] Labeled.shape: torch.Size([500, 2048])
[GPU] Unlabeled.shape: torch.Size([94500, 2048])
time taken: 0.0005652904510498047 seconds
Time taken to solve K center: 0.32926511764526367 seconds
Active Sampling Complete. After Episode 9:
New Labeled Set: 550, New Unlabeled Set: 94450, Active Set: 50

================================


Current accuracy values:  [1.6099999999999994, 2.1099999999999994, 1.9099999999999966, 2.480000000000004, 2.9200000000000017, 3.3100000000000023, 3.549999999999997, 3.769999999999996, 4.340000000000003, 4.200000000000003]
======== EPISODE 10 BEGINS ========

======== TRAINING ========
Training Epoch: 1/200	Train Loss: 1.1907	Val Accuracy: 0.0
Training Epoch: 2/200	Train Loss: 0.6624	Val Accuracy: 3.58
Training Epoch: 3/200	Train Loss: 0.438	Val Accuracy: 3.58
Training Epoch: 4/200	Train Loss: 0.4161	Val Accuracy: 3.78
Training Epoch: 5/200	Train Loss: 0.1886	Val Accuracy: 3.78
Training Epoch: 6/200	Train Loss: 0.2295	Val Accuracy: 4.04
Training Epoch: 7/200	Train Loss: 0.2141	Val Accuracy: 4.04
Training Epoch: 8/200	Train Loss: 0.2697	Val Accuracy: 3.78
Training Epoch: 9/200	Train Loss: 0.1672	Val Accuracy: 3.78
Training Epoch: 10/200	Train Loss: 0.1352	Val Accuracy: 3.7
Training Epoch: 11/200	Train Loss: 0.2424	Val Accuracy: 3.7
Training Epoch: 12/200	Train Loss: 0.1534	Val Accuracy: 4.0
Training Epoch: 13/200	Train Loss: 0.1374	Val Accuracy: 4.0
Training Epoch: 14/200	Train Loss: 0.1037	Val Accuracy: 3.72
Training Epoch: 15/200	Train Loss: 0.1134	Val Accuracy: 3.72
Training Epoch: 16/200	Train Loss: 0.1252	Val Accuracy: 3.7
Training Epoch: 17/200	Train Loss: 0.1659	Val Accuracy: 3.7
Training Epoch: 18/200	Train Loss: 0.1051	Val Accuracy: 3.44
Training Epoch: 19/200	Train Loss: 0.1242	Val Accuracy: 3.44
Training Epoch: 20/200	Train Loss: 0.1115	Val Accuracy: 3.88
Training Epoch: 21/200	Train Loss: 0.2116	Val Accuracy: 3.88
Training Epoch: 22/200	Train Loss: 0.1663	Val Accuracy: 3.8
Training Epoch: 23/200	Train Loss: 0.225	Val Accuracy: 3.8
Training Epoch: 24/200	Train Loss: 0.1381	Val Accuracy: 3.64
Training Epoch: 25/200	Train Loss: 0.2195	Val Accuracy: 3.64
Training Epoch: 26/200	Train Loss: 0.1212	Val Accuracy: 3.58
Training Epoch: 27/200	Train Loss: 0.0966	Val Accuracy: 3.58
Training Epoch: 28/200	Train Loss: 0.1328	Val Accuracy: 4.24
Training Epoch: 29/200	Train Loss: 0.045	Val Accuracy: 4.24
Training Epoch: 30/200	Train Loss: 0.1699	Val Accuracy: 4.62
Training Epoch: 31/200	Train Loss: 0.131	Val Accuracy: 4.62
Training Epoch: 32/200	Train Loss: 0.153	Val Accuracy: 4.56
Training Epoch: 33/200	Train Loss: 0.0904	Val Accuracy: 4.56
Training Epoch: 34/200	Train Loss: 0.1916	Val Accuracy: 4.3
Training Epoch: 35/200	Train Loss: 0.1076	Val Accuracy: 4.3
Training Epoch: 36/200	Train Loss: 0.2167	Val Accuracy: 3.78
Training Epoch: 37/200	Train Loss: 0.0923	Val Accuracy: 3.78
Training Epoch: 38/200	Train Loss: 0.1326	Val Accuracy: 3.68
Training Epoch: 39/200	Train Loss: 0.1406	Val Accuracy: 3.68
Training Epoch: 40/200	Train Loss: 0.0739	Val Accuracy: 3.64
Training Epoch: 41/200	Train Loss: 0.1736	Val Accuracy: 3.64
Training Epoch: 42/200	Train Loss: 0.1083	Val Accuracy: 4.02
Training Epoch: 43/200	Train Loss: 0.069	Val Accuracy: 4.02
Training Epoch: 44/200	Train Loss: 0.0426	Val Accuracy: 3.92
Training Epoch: 45/200	Train Loss: 0.0328	Val Accuracy: 3.92
Training Epoch: 46/200	Train Loss: 0.0381	Val Accuracy: 4.14
Training Epoch: 47/200	Train Loss: 0.0679	Val Accuracy: 4.14
Training Epoch: 48/200	Train Loss: 0.0484	Val Accuracy: 4.24
Training Epoch: 49/200	Train Loss: 0.0479	Val Accuracy: 4.24
Training Epoch: 50/200	Train Loss: 0.0445	Val Accuracy: 3.9
Training Epoch: 51/200	Train Loss: 0.0235	Val Accuracy: 3.9
Training Epoch: 52/200	Train Loss: 0.0222	Val Accuracy: 4.3
Training Epoch: 53/200	Train Loss: 0.0313	Val Accuracy: 4.3
Training Epoch: 54/200	Train Loss: 0.0452	Val Accuracy: 3.86
Training Epoch: 55/200	Train Loss: 0.0212	Val Accuracy: 3.86
Training Epoch: 56/200	Train Loss: 0.0293	Val Accuracy: 4.06
Training Epoch: 57/200	Train Loss: 0.0856	Val Accuracy: 4.06
Training Epoch: 58/200	Train Loss: 0.0361	Val Accuracy: 3.9
Training Epoch: 59/200	Train Loss: 0.0293	Val Accuracy: 3.9
Training Epoch: 60/200	Train Loss: 0.0389	Val Accuracy: 4.04
Training Epoch: 61/200	Train Loss: 0.0306	Val Accuracy: 4.04
Training Epoch: 62/200	Train Loss: 0.0135	Val Accuracy: 4.26
Training Epoch: 63/200	Train Loss: 0.036	Val Accuracy: 4.26
Training Epoch: 64/200	Train Loss: 0.024	Val Accuracy: 4.36
Training Epoch: 65/200	Train Loss: 0.0314	Val Accuracy: 4.36
Training Epoch: 66/200	Train Loss: 0.0285	Val Accuracy: 4.54
Training Epoch: 67/200	Train Loss: 0.0365	Val Accuracy: 4.54
Training Epoch: 68/200	Train Loss: 0.022	Val Accuracy: 4.62
Training Epoch: 69/200	Train Loss: 0.0639	Val Accuracy: 4.62
Training Epoch: 70/200	Train Loss: 0.0127	Val Accuracy: 4.24
Training Epoch: 71/200	Train Loss: 0.0493	Val Accuracy: 4.24
Training Epoch: 72/200	Train Loss: 0.0562	Val Accuracy: 4.34
Training Epoch: 73/200	Train Loss: 0.0322	Val Accuracy: 4.34
Training Epoch: 74/200	Train Loss: 0.0161	Val Accuracy: 4.2
Training Epoch: 75/200	Train Loss: 0.0351	Val Accuracy: 4.2
Training Epoch: 76/200	Train Loss: 0.1789	Val Accuracy: 3.9
Training Epoch: 77/200	Train Loss: 0.045	Val Accuracy: 3.9
Training Epoch: 78/200	Train Loss: 0.0384	Val Accuracy: 4.12
Training Epoch: 79/200	Train Loss: 0.0598	Val Accuracy: 4.12
Training Epoch: 80/200	Train Loss: 0.0351	Val Accuracy: 3.92
Training Epoch: 81/200	Train Loss: 0.0312	Val Accuracy: 3.92
Training Epoch: 82/200	Train Loss: 0.0297	Val Accuracy: 4.06
Training Epoch: 83/200	Train Loss: 0.0108	Val Accuracy: 4.06
Training Epoch: 84/200	Train Loss: 0.0468	Val Accuracy: 4.16
Training Epoch: 85/200	Train Loss: 0.0313	Val Accuracy: 4.16
Training Epoch: 86/200	Train Loss: 0.1003	Val Accuracy: 3.94
Training Epoch: 87/200	Train Loss: 0.0505	Val Accuracy: 3.94
Training Epoch: 88/200	Train Loss: 0.0165	Val Accuracy: 4.14
Training Epoch: 89/200	Train Loss: 0.053	Val Accuracy: 4.14
Training Epoch: 90/200	Train Loss: 0.0311	Val Accuracy: 4.32
Training Epoch: 91/200	Train Loss: 0.0936	Val Accuracy: 4.32
Training Epoch: 92/200	Train Loss: 0.0238	Val Accuracy: 3.74
Training Epoch: 93/200	Train Loss: 0.1001	Val Accuracy: 3.74
Training Epoch: 94/200	Train Loss: 0.0684	Val Accuracy: 4.52
Training Epoch: 95/200	Train Loss: 0.0188	Val Accuracy: 4.52
Training Epoch: 96/200	Train Loss: 0.0598	Val Accuracy: 4.16
Training Epoch: 97/200	Train Loss: 0.0309	Val Accuracy: 4.16
Training Epoch: 98/200	Train Loss: 0.0959	Val Accuracy: 3.76
Training Epoch: 99/200	Train Loss: 0.0418	Val Accuracy: 3.76
Training Epoch: 100/200	Train Loss: 0.0383	Val Accuracy: 4.12
Training Epoch: 101/200	Train Loss: 0.0348	Val Accuracy: 4.12
Training Epoch: 102/200	Train Loss: 0.0885	Val Accuracy: 4.04
Training Epoch: 103/200	Train Loss: 0.063	Val Accuracy: 4.04
Training Epoch: 104/200	Train Loss: 0.0501	Val Accuracy: 4.06
Training Epoch: 105/200	Train Loss: 0.0394	Val Accuracy: 4.06
Training Epoch: 106/200	Train Loss: 0.0225	Val Accuracy: 4.3
Training Epoch: 107/200	Train Loss: 0.0927	Val Accuracy: 4.3
Training Epoch: 108/200	Train Loss: 0.0813	Val Accuracy: 4.14
Training Epoch: 109/200	Train Loss: 0.1566	Val Accuracy: 4.14
Training Epoch: 110/200	Train Loss: 0.1477	Val Accuracy: 4.24
Training Epoch: 111/200	Train Loss: 0.057	Val Accuracy: 4.24
Training Epoch: 112/200	Train Loss: 0.1023	Val Accuracy: 4.22
Training Epoch: 113/200	Train Loss: 0.2408	Val Accuracy: 4.22
Training Epoch: 114/200	Train Loss: 0.0851	Val Accuracy: 3.48
Training Epoch: 115/200	Train Loss: 0.1262	Val Accuracy: 3.48
Training Epoch: 116/200	Train Loss: 0.0976	Val Accuracy: 3.78
Training Epoch: 117/200	Train Loss: 0.091	Val Accuracy: 3.78
Training Epoch: 118/200	Train Loss: 0.0675	Val Accuracy: 4.16
Training Epoch: 119/200	Train Loss: 0.2805	Val Accuracy: 4.16
Training Epoch: 120/200	Train Loss: 0.1894	Val Accuracy: 4.02
Training Epoch: 121/200	Train Loss: 0.1443	Val Accuracy: 4.02
Training Epoch: 122/200	Train Loss: 0.1479	Val Accuracy: 3.62
Training Epoch: 123/200	Train Loss: 0.1805	Val Accuracy: 3.62
Training Epoch: 124/200	Train Loss: 0.1365	Val Accuracy: 3.54
Training Epoch: 125/200	Train Loss: 0.1727	Val Accuracy: 3.54
Training Epoch: 126/200	Train Loss: 0.0546	Val Accuracy: 4.4
Training Epoch: 127/200	Train Loss: 0.0741	Val Accuracy: 4.4
Training Epoch: 128/200	Train Loss: 0.0648	Val Accuracy: 4.38
Training Epoch: 129/200	Train Loss: 0.1227	Val Accuracy: 4.38
Training Epoch: 130/200	Train Loss: 0.1065	Val Accuracy: 3.7
Training Epoch: 131/200	Train Loss: 0.1371	Val Accuracy: 3.7
Training Epoch: 132/200	Train Loss: 0.0729	Val Accuracy: 3.82
Training Epoch: 133/200	Train Loss: 0.1474	Val Accuracy: 3.82
Training Epoch: 134/200	Train Loss: 0.1692	Val Accuracy: 3.72
Training Epoch: 135/200	Train Loss: 0.1293	Val Accuracy: 3.72
Training Epoch: 136/200	Train Loss: 0.1893	Val Accuracy: 3.94
Training Epoch: 137/200	Train Loss: 0.0613	Val Accuracy: 3.94
Training Epoch: 138/200	Train Loss: 0.1673	Val Accuracy: 3.64
Training Epoch: 139/200	Train Loss: 0.0964	Val Accuracy: 3.64
Training Epoch: 140/200	Train Loss: 0.1265	Val Accuracy: 3.26
Training Epoch: 141/200	Train Loss: 0.0878	Val Accuracy: 3.26
Training Epoch: 142/200	Train Loss: 0.1505	Val Accuracy: 3.76
Training Epoch: 143/200	Train Loss: 0.0428	Val Accuracy: 3.76
Training Epoch: 144/200	Train Loss: 0.0668	Val Accuracy: 3.8
Training Epoch: 145/200	Train Loss: 0.0605	Val Accuracy: 3.8
Training Epoch: 146/200	Train Loss: 0.1194	Val Accuracy: 3.94
Training Epoch: 147/200	Train Loss: 0.0455	Val Accuracy: 3.94
Training Epoch: 148/200	Train Loss: 0.0385	Val Accuracy: 4.32
Training Epoch: 149/200	Train Loss: 0.041	Val Accuracy: 4.32
Training Epoch: 150/200	Train Loss: 0.2144	Val Accuracy: 4.04
Training Epoch: 151/200	Train Loss: 0.0608	Val Accuracy: 4.04
Training Epoch: 152/200	Train Loss: 0.0655	Val Accuracy: 4.24
Training Epoch: 153/200	Train Loss: 0.105	Val Accuracy: 4.24
Training Epoch: 154/200	Train Loss: 0.1435	Val Accuracy: 4.34
Training Epoch: 155/200	Train Loss: 0.0499	Val Accuracy: 4.34
Training Epoch: 156/200	Train Loss: 0.1145	Val Accuracy: 4.32
Training Epoch: 157/200	Train Loss: 0.1465	Val Accuracy: 4.32
Training Epoch: 158/200	Train Loss: 0.0891	Val Accuracy: 3.98
Training Epoch: 159/200	Train Loss: 0.0391	Val Accuracy: 3.98
Training Epoch: 160/200	Train Loss: 0.2285	Val Accuracy: 4.4
Training Epoch: 161/200	Train Loss: 0.0734	Val Accuracy: 4.4
Training Epoch: 162/200	Train Loss: 0.0405	Val Accuracy: 4.6
Training Epoch: 163/200	Train Loss: 0.0429	Val Accuracy: 4.6
Training Epoch: 164/200	Train Loss: 0.0413	Val Accuracy: 4.16
Training Epoch: 165/200	Train Loss: 0.0214	Val Accuracy: 4.16
Training Epoch: 166/200	Train Loss: 0.0209	Val Accuracy: 4.16
Training Epoch: 167/200	Train Loss: 0.1016	Val Accuracy: 4.16
Training Epoch: 168/200	Train Loss: 0.0286	Val Accuracy: 4.28
Training Epoch: 169/200	Train Loss: 0.0457	Val Accuracy: 4.28
Training Epoch: 170/200	Train Loss: 0.0558	Val Accuracy: 3.6
Training Epoch: 171/200	Train Loss: 0.0833	Val Accuracy: 3.6
Training Epoch: 172/200	Train Loss: 0.0489	Val Accuracy: 4.04
Training Epoch: 173/200	Train Loss: 0.1673	Val Accuracy: 4.04
Training Epoch: 174/200	Train Loss: 0.0297	Val Accuracy: 4.1
Training Epoch: 175/200	Train Loss: 0.0252	Val Accuracy: 4.1
Training Epoch: 176/200	Train Loss: 0.0236	Val Accuracy: 4.14
Training Epoch: 177/200	Train Loss: 0.031	Val Accuracy: 4.14
Training Epoch: 178/200	Train Loss: 0.0514	Val Accuracy: 4.12
Training Epoch: 179/200	Train Loss: 0.0096	Val Accuracy: 4.12
Training Epoch: 180/200	Train Loss: 0.1031	Val Accuracy: 4.26
Training Epoch: 181/200	Train Loss: 0.1663	Val Accuracy: 4.26
Training Epoch: 182/200	Train Loss: 0.0561	Val Accuracy: 4.26
Training Epoch: 183/200	Train Loss: 0.1649	Val Accuracy: 4.26
Training Epoch: 184/200	Train Loss: 0.0838	Val Accuracy: 3.98
Training Epoch: 185/200	Train Loss: 0.1085	Val Accuracy: 3.98
Training Epoch: 186/200	Train Loss: 0.0815	Val Accuracy: 3.96
Training Epoch: 187/200	Train Loss: 0.0313	Val Accuracy: 3.96
Training Epoch: 188/200	Train Loss: 0.1296	Val Accuracy: 4.22
Training Epoch: 189/200	Train Loss: 0.0501	Val Accuracy: 4.22
Training Epoch: 190/200	Train Loss: 0.0348	Val Accuracy: 3.98
Training Epoch: 191/200	Train Loss: 0.0405	Val Accuracy: 3.98
Training Epoch: 192/200	Train Loss: 0.1649	Val Accuracy: 3.64
Training Epoch: 193/200	Train Loss: 0.0739	Val Accuracy: 3.64
Training Epoch: 194/200	Train Loss: 0.085	Val Accuracy: 3.5
Training Epoch: 195/200	Train Loss: 0.0336	Val Accuracy: 3.5
Training Epoch: 196/200	Train Loss: 0.0408	Val Accuracy: 3.8
Training Epoch: 197/200	Train Loss: 0.0393	Val Accuracy: 3.8
Training Epoch: 198/200	Train Loss: 0.05	Val Accuracy: 3.76
Training Epoch: 199/200	Train Loss: 0.0661	Val Accuracy: 3.76
Training Epoch: 200/200	Train Loss: 0.0167	Val Accuracy: 4.02

Wrote Best Model Checkpoint to: vlBest_acc_4_model_epoch_0030.pyth

Best Validation Accuracy: 4.62
Best Epoch: 30

======== TESTING ========

Test Accuracy: 4.07.

======== ACTIVE SAMPLING ========

Extracting Lset Representations
len(dataLoader): 6
Extracting Uset Representations
len(dataLoader): 945
lb_repr.shape:  (550, 2048)
ul_repr.shape:  (94450, 2048)
Solving K Center Greedy Approach
[GPU] Labeled.shape: torch.Size([550, 2048])
[GPU] Unlabeled.shape: torch.Size([94450, 2048])
time taken: 0.0005192756652832031 seconds
Time taken to solve K center: 0.3330671787261963 seconds
Active Sampling Complete. After Episode 10:
New Labeled Set: 600, New Unlabeled Set: 94400, Active Set: 50

================================


Current accuracy values:  [1.6099999999999994, 2.1099999999999994, 1.9099999999999966, 2.480000000000004, 2.9200000000000017, 3.3100000000000023, 3.549999999999997, 3.769999999999996, 4.340000000000003, 4.200000000000003, 4.069999999999993]
======== EPISODE 11 BEGINS ========

======== TRAINING ========
Training Epoch: 1/200	Train Loss: 1.053	Val Accuracy: 0.0
Training Epoch: 2/200	Train Loss: 0.5145	Val Accuracy: 3.64
Training Epoch: 3/200	Train Loss: 0.4032	Val Accuracy: 3.64
Training Epoch: 4/200	Train Loss: 0.3401	Val Accuracy: 3.86
Training Epoch: 5/200	Train Loss: 0.1953	Val Accuracy: 3.86
Training Epoch: 6/200	Train Loss: 0.1042	Val Accuracy: 3.76
Training Epoch: 7/200	Train Loss: 0.1823	Val Accuracy: 3.76
Training Epoch: 8/200	Train Loss: 0.1412	Val Accuracy: 3.98
Training Epoch: 9/200	Train Loss: 0.215	Val Accuracy: 3.98
Training Epoch: 10/200	Train Loss: 0.146	Val Accuracy: 3.74
Training Epoch: 11/200	Train Loss: 0.1094	Val Accuracy: 3.74
Training Epoch: 12/200	Train Loss: 0.1542	Val Accuracy: 4.14
Training Epoch: 13/200	Train Loss: 0.1116	Val Accuracy: 4.14
Training Epoch: 14/200	Train Loss: 0.1524	Val Accuracy: 3.88
Training Epoch: 15/200	Train Loss: 0.124	Val Accuracy: 3.88
Training Epoch: 16/200	Train Loss: 0.1096	Val Accuracy: 4.36
Training Epoch: 17/200	Train Loss: 0.128	Val Accuracy: 4.36
Training Epoch: 18/200	Train Loss: 0.0957	Val Accuracy: 4.26
Training Epoch: 19/200	Train Loss: 0.0908	Val Accuracy: 4.26
Training Epoch: 20/200	Train Loss: 0.149	Val Accuracy: 4.36
Training Epoch: 21/200	Train Loss: 0.0518	Val Accuracy: 4.36
Training Epoch: 22/200	Train Loss: 0.1016	Val Accuracy: 3.72
Training Epoch: 23/200	Train Loss: 0.0606	Val Accuracy: 3.72
Training Epoch: 24/200	Train Loss: 0.081	Val Accuracy: 4.08
Training Epoch: 25/200	Train Loss: 0.1109	Val Accuracy: 4.08
Training Epoch: 26/200	Train Loss: 0.1072	Val Accuracy: 3.74
Training Epoch: 27/200	Train Loss: 0.0872	Val Accuracy: 3.74
Training Epoch: 28/200	Train Loss: 0.093	Val Accuracy: 3.56
Training Epoch: 29/200	Train Loss: 0.0857	Val Accuracy: 3.56
Training Epoch: 30/200	Train Loss: 0.0391	Val Accuracy: 4.28
Training Epoch: 31/200	Train Loss: 0.0654	Val Accuracy: 4.28
Training Epoch: 32/200	Train Loss: 0.0674	Val Accuracy: 4.8
Training Epoch: 33/200	Train Loss: 0.0455	Val Accuracy: 4.8
Training Epoch: 34/200	Train Loss: 0.0918	Val Accuracy: 4.5
Training Epoch: 35/200	Train Loss: 0.1065	Val Accuracy: 4.5
Training Epoch: 36/200	Train Loss: 0.0852	Val Accuracy: 4.42
Training Epoch: 37/200	Train Loss: 0.0768	Val Accuracy: 4.42
Training Epoch: 38/200	Train Loss: 0.0967	Val Accuracy: 4.54
Training Epoch: 39/200	Train Loss: 0.1107	Val Accuracy: 4.54
Training Epoch: 40/200	Train Loss: 0.0343	Val Accuracy: 4.46
Training Epoch: 41/200	Train Loss: 0.1182	Val Accuracy: 4.46
Training Epoch: 42/200	Train Loss: 0.0763	Val Accuracy: 4.2
Training Epoch: 43/200	Train Loss: 0.0768	Val Accuracy: 4.2
Training Epoch: 44/200	Train Loss: 0.02	Val Accuracy: 3.72
Training Epoch: 45/200	Train Loss: 0.0447	Val Accuracy: 3.72
Training Epoch: 46/200	Train Loss: 0.1009	Val Accuracy: 4.28
Training Epoch: 47/200	Train Loss: 0.106	Val Accuracy: 4.28
Training Epoch: 48/200	Train Loss: 0.0578	Val Accuracy: 3.86
Training Epoch: 49/200	Train Loss: 0.0545	Val Accuracy: 3.86
Training Epoch: 50/200	Train Loss: 0.0423	Val Accuracy: 4.2
Training Epoch: 51/200	Train Loss: 0.0501	Val Accuracy: 4.2
Training Epoch: 52/200	Train Loss: 0.0903	Val Accuracy: 4.22
Training Epoch: 53/200	Train Loss: 0.1502	Val Accuracy: 4.22
Training Epoch: 54/200	Train Loss: 0.06	Val Accuracy: 4.16
Training Epoch: 55/200	Train Loss: 0.0452	Val Accuracy: 4.16
Training Epoch: 56/200	Train Loss: 0.1139	Val Accuracy: 4.08
Training Epoch: 57/200	Train Loss: 0.0611	Val Accuracy: 4.08
Training Epoch: 58/200	Train Loss: 0.1353	Val Accuracy: 4.16
Training Epoch: 59/200	Train Loss: 0.1429	Val Accuracy: 4.16
Training Epoch: 60/200	Train Loss: 0.1277	Val Accuracy: 4.18
Training Epoch: 61/200	Train Loss: 0.1083	Val Accuracy: 4.18
Training Epoch: 62/200	Train Loss: 0.0772	Val Accuracy: 3.92
Training Epoch: 63/200	Train Loss: 0.0572	Val Accuracy: 3.92
Training Epoch: 64/200	Train Loss: 0.0533	Val Accuracy: 4.18
Training Epoch: 65/200	Train Loss: 0.0645	Val Accuracy: 4.18
Training Epoch: 66/200	Train Loss: 0.1344	Val Accuracy: 4.28
Training Epoch: 67/200	Train Loss: 0.0336	Val Accuracy: 4.28
Training Epoch: 68/200	Train Loss: 0.059	Val Accuracy: 4.54
Training Epoch: 69/200	Train Loss: 0.034	Val Accuracy: 4.54
Training Epoch: 70/200	Train Loss: 0.0499	Val Accuracy: 4.38
Training Epoch: 71/200	Train Loss: 0.0943	Val Accuracy: 4.38
Training Epoch: 72/200	Train Loss: 0.0455	Val Accuracy: 4.08
Training Epoch: 73/200	Train Loss: 0.0355	Val Accuracy: 4.08
Training Epoch: 74/200	Train Loss: 0.0933	Val Accuracy: 4.88
Training Epoch: 75/200	Train Loss: 0.1465	Val Accuracy: 4.88
Training Epoch: 76/200	Train Loss: 0.0638	Val Accuracy: 4.42
Training Epoch: 77/200	Train Loss: 0.088	Val Accuracy: 4.42
Training Epoch: 78/200	Train Loss: 0.0566	Val Accuracy: 4.3
Training Epoch: 79/200	Train Loss: 0.0954	Val Accuracy: 4.3
Training Epoch: 80/200	Train Loss: 0.0322	Val Accuracy: 3.98
Training Epoch: 81/200	Train Loss: 0.069	Val Accuracy: 3.98
Training Epoch: 82/200	Train Loss: 0.1522	Val Accuracy: 4.42
Training Epoch: 83/200	Train Loss: 0.0881	Val Accuracy: 4.42
Training Epoch: 84/200	Train Loss: 0.039	Val Accuracy: 4.78
Training Epoch: 85/200	Train Loss: 0.0441	Val Accuracy: 4.78
Training Epoch: 86/200	Train Loss: 0.1163	Val Accuracy: 4.32
Training Epoch: 87/200	Train Loss: 0.0341	Val Accuracy: 4.32
Training Epoch: 88/200	Train Loss: 0.0809	Val Accuracy: 4.3
Training Epoch: 89/200	Train Loss: 0.0705	Val Accuracy: 4.3
Training Epoch: 90/200	Train Loss: 0.1223	Val Accuracy: 4.42
Training Epoch: 91/200	Train Loss: 0.0332	Val Accuracy: 4.42
Training Epoch: 92/200	Train Loss: 0.1307	Val Accuracy: 4.16
Training Epoch: 93/200	Train Loss: 0.112	Val Accuracy: 4.16
Training Epoch: 94/200	Train Loss: 0.0995	Val Accuracy: 4.08
Training Epoch: 95/200	Train Loss: 0.1425	Val Accuracy: 4.08
Training Epoch: 96/200	Train Loss: 0.0917	Val Accuracy: 4.24
Training Epoch: 97/200	Train Loss: 0.113	Val Accuracy: 4.24
Training Epoch: 98/200	Train Loss: 0.1093	Val Accuracy: 4.08
Training Epoch: 99/200	Train Loss: 0.1548	Val Accuracy: 4.08
Training Epoch: 100/200	Train Loss: 0.0855	Val Accuracy: 3.84
Training Epoch: 101/200	Train Loss: 0.1483	Val Accuracy: 3.84
Training Epoch: 102/200	Train Loss: 0.0835	Val Accuracy: 4.14
Training Epoch: 103/200	Train Loss: 0.0943	Val Accuracy: 4.14
Training Epoch: 104/200	Train Loss: 0.1599	Val Accuracy: 4.06
Training Epoch: 105/200	Train Loss: 0.1273	Val Accuracy: 4.06
Training Epoch: 106/200	Train Loss: 0.1339	Val Accuracy: 4.4
Training Epoch: 107/200	Train Loss: 0.0694	Val Accuracy: 4.4
Training Epoch: 108/200	Train Loss: 0.0445	Val Accuracy: 4.2
Training Epoch: 109/200	Train Loss: 0.0398	Val Accuracy: 4.2
Training Epoch: 110/200	Train Loss: 0.1041	Val Accuracy: 4.82
Training Epoch: 111/200	Train Loss: 0.1009	Val Accuracy: 4.82
Training Epoch: 112/200	Train Loss: 0.2201	Val Accuracy: 3.88
Training Epoch: 113/200	Train Loss: 0.1585	Val Accuracy: 3.88
Training Epoch: 114/200	Train Loss: 0.0652	Val Accuracy: 3.88
Training Epoch: 115/200	Train Loss: 0.1178	Val Accuracy: 3.88
Training Epoch: 116/200	Train Loss: 0.1142	Val Accuracy: 3.88
Training Epoch: 117/200	Train Loss: 0.1049	Val Accuracy: 3.88
Training Epoch: 118/200	Train Loss: 0.0449	Val Accuracy: 4.3
Training Epoch: 119/200	Train Loss: 0.1083	Val Accuracy: 4.3
Training Epoch: 120/200	Train Loss: 0.1043	Val Accuracy: 3.98
Training Epoch: 121/200	Train Loss: 0.1201	Val Accuracy: 3.98
Training Epoch: 122/200	Train Loss: 0.0653	Val Accuracy: 3.9
Training Epoch: 123/200	Train Loss: 0.1166	Val Accuracy: 3.9
Training Epoch: 124/200	Train Loss: 0.014	Val Accuracy: 4.3
Training Epoch: 125/200	Train Loss: 0.0503	Val Accuracy: 4.3
Training Epoch: 126/200	Train Loss: 0.0371	Val Accuracy: 4.5
Training Epoch: 127/200	Train Loss: 0.0423	Val Accuracy: 4.5
Training Epoch: 128/200	Train Loss: 0.0362	Val Accuracy: 4.58
Training Epoch: 129/200	Train Loss: 0.0291	Val Accuracy: 4.58
Training Epoch: 130/200	Train Loss: 0.0308	Val Accuracy: 4.78
Training Epoch: 131/200	Train Loss: 0.0182	Val Accuracy: 4.78
Training Epoch: 132/200	Train Loss: 0.0458	Val Accuracy: 4.96
Training Epoch: 133/200	Train Loss: 0.0649	Val Accuracy: 4.96
Training Epoch: 134/200	Train Loss: 0.0263	Val Accuracy: 4.68
Training Epoch: 135/200	Train Loss: 0.1262	Val Accuracy: 4.68
Training Epoch: 136/200	Train Loss: 0.0432	Val Accuracy: 3.96
Training Epoch: 137/200	Train Loss: 0.0529	Val Accuracy: 3.96
Training Epoch: 138/200	Train Loss: 0.1607	Val Accuracy: 4.58
Training Epoch: 139/200	Train Loss: 0.023	Val Accuracy: 4.58
Training Epoch: 140/200	Train Loss: 0.0411	Val Accuracy: 4.72
Training Epoch: 141/200	Train Loss: 0.1058	Val Accuracy: 4.72
Training Epoch: 142/200	Train Loss: 0.0335	Val Accuracy: 4.6
Training Epoch: 143/200	Train Loss: 0.0208	Val Accuracy: 4.6
Training Epoch: 144/200	Train Loss: 0.0284	Val Accuracy: 4.6
Training Epoch: 145/200	Train Loss: 0.0316	Val Accuracy: 4.6
Training Epoch: 146/200	Train Loss: 0.0173	Val Accuracy: 5.04
Training Epoch: 147/200	Train Loss: 0.0084	Val Accuracy: 5.04
Training Epoch: 148/200	Train Loss: 0.02	Val Accuracy: 4.88
Training Epoch: 149/200	Train Loss: 0.0446	Val Accuracy: 4.88
Training Epoch: 150/200	Train Loss: 0.035	Val Accuracy: 4.9
Training Epoch: 151/200	Train Loss: 0.0261	Val Accuracy: 4.9
Training Epoch: 152/200	Train Loss: 0.0147	Val Accuracy: 4.58
Training Epoch: 153/200	Train Loss: 0.0131	Val Accuracy: 4.58
Training Epoch: 154/200	Train Loss: 0.0225	Val Accuracy: 4.8
Training Epoch: 155/200	Train Loss: 0.0561	Val Accuracy: 4.8
Training Epoch: 156/200	Train Loss: 0.0195	Val Accuracy: 4.38
Training Epoch: 157/200	Train Loss: 0.1735	Val Accuracy: 4.38
Training Epoch: 158/200	Train Loss: 0.0371	Val Accuracy: 4.18
Training Epoch: 159/200	Train Loss: 0.0544	Val Accuracy: 4.18
Training Epoch: 160/200	Train Loss: 0.0646	Val Accuracy: 3.96
Training Epoch: 161/200	Train Loss: 0.0596	Val Accuracy: 3.96
Training Epoch: 162/200	Train Loss: 0.0424	Val Accuracy: 4.28
Training Epoch: 163/200	Train Loss: 0.1304	Val Accuracy: 4.28
Training Epoch: 164/200	Train Loss: 0.2008	Val Accuracy: 4.22
Training Epoch: 165/200	Train Loss: 0.0443	Val Accuracy: 4.22
Training Epoch: 166/200	Train Loss: 0.0739	Val Accuracy: 4.2
Training Epoch: 167/200	Train Loss: 0.0411	Val Accuracy: 4.2
Training Epoch: 168/200	Train Loss: 0.1666	Val Accuracy: 4.1
Training Epoch: 169/200	Train Loss: 0.0401	Val Accuracy: 4.1
Training Epoch: 170/200	Train Loss: 0.0266	Val Accuracy: 4.32
Training Epoch: 171/200	Train Loss: 0.1267	Val Accuracy: 4.32
Training Epoch: 172/200	Train Loss: 0.0538	Val Accuracy: 4.58
Training Epoch: 173/200	Train Loss: 0.0756	Val Accuracy: 4.58
Training Epoch: 174/200	Train Loss: 0.123	Val Accuracy: 4.02
Training Epoch: 175/200	Train Loss: 0.1903	Val Accuracy: 4.02
Training Epoch: 176/200	Train Loss: 0.2104	Val Accuracy: 3.9
Training Epoch: 177/200	Train Loss: 0.1134	Val Accuracy: 3.9
Training Epoch: 178/200	Train Loss: 0.1173	Val Accuracy: 4.58
Training Epoch: 179/200	Train Loss: 0.1836	Val Accuracy: 4.58
Training Epoch: 180/200	Train Loss: 0.094	Val Accuracy: 3.46
Training Epoch: 181/200	Train Loss: 0.085	Val Accuracy: 3.46
Training Epoch: 182/200	Train Loss: 0.0691	Val Accuracy: 4.32
Training Epoch: 183/200	Train Loss: 0.1142	Val Accuracy: 4.32
Training Epoch: 184/200	Train Loss: 0.0851	Val Accuracy: 4.6
Training Epoch: 185/200	Train Loss: 0.0581	Val Accuracy: 4.6
Training Epoch: 186/200	Train Loss: 0.0597	Val Accuracy: 3.96
Training Epoch: 187/200	Train Loss: 0.0505	Val Accuracy: 3.96
Training Epoch: 188/200	Train Loss: 0.0874	Val Accuracy: 4.28
Training Epoch: 189/200	Train Loss: 0.0464	Val Accuracy: 4.28
Training Epoch: 190/200	Train Loss: 0.0706	Val Accuracy: 4.48
Training Epoch: 191/200	Train Loss: 0.0399	Val Accuracy: 4.48
Training Epoch: 192/200	Train Loss: 0.0557	Val Accuracy: 4.32
Training Epoch: 193/200	Train Loss: 0.0597	Val Accuracy: 4.32
Training Epoch: 194/200	Train Loss: 0.0139	Val Accuracy: 4.48
Training Epoch: 195/200	Train Loss: 0.0408	Val Accuracy: 4.48
Training Epoch: 196/200	Train Loss: 0.0461	Val Accuracy: 4.4
Training Epoch: 197/200	Train Loss: 0.0516	Val Accuracy: 4.4
Training Epoch: 198/200	Train Loss: 0.0162	Val Accuracy: 4.04
Training Epoch: 199/200	Train Loss: 0.1017	Val Accuracy: 4.04
Training Epoch: 200/200	Train Loss: 0.0288	Val Accuracy: 3.92

Wrote Best Model Checkpoint to: vlBest_acc_5_model_epoch_0146.pyth

Best Validation Accuracy: 5.04
Best Epoch: 146

======== TESTING ========

Test Accuracy: 4.35.

======== ACTIVE SAMPLING ========

Extracting Lset Representations
len(dataLoader): 6
Extracting Uset Representations
len(dataLoader): 944
lb_repr.shape:  (600, 2048)
ul_repr.shape:  (94400, 2048)
Solving K Center Greedy Approach
[GPU] Labeled.shape: torch.Size([600, 2048])
[GPU] Unlabeled.shape: torch.Size([94400, 2048])
time taken: 0.0005030632019042969 seconds
Time taken to solve K center: 0.33165621757507324 seconds
