GPU 0: NVIDIA L40S (UUID: GPU-6a64faa7-52df-0d24-fe1d-8f7fdb4fdadf)

==============NVSMI LOG==============

Timestamp                                 : Tue May 26 22:17:37 2026
Driver Version                            : 565.57.01
CUDA Version                              : 12.7

Attached GPUs                             : 1
GPU 00000000:C9:00.0
    ECC Mode
        Current                           : Enabled
        Pending                           : Enabled
    ECC Errors
        Volatile
            SRAM Correctable              : 0
            SRAM Uncorrectable Parity     : 0
            SRAM Uncorrectable SEC-DED    : 0
            DRAM Correctable              : 0
            DRAM Uncorrectable            : 0
        Aggregate
            SRAM Correctable              : 0
            SRAM Uncorrectable Parity     : 0
            SRAM Uncorrectable SEC-DED    : 0
            DRAM Correctable              : 0
            DRAM Uncorrectable            : 0
            SRAM Threshold Exceeded       : No
        Aggregate Uncorrectable SRAM Sources
            SRAM L2                       : 0
            SRAM SM                       : 0
            SRAM Microcontroller          : 0
            SRAM PCIE                     : 0
            SRAM Other                    : 0

Experiment Directory Already Exists: /vast/s219110279/TypiClust/output/CIFAR100/resnet50/coreset_1_50b. Reusing it may lead to loss of old logs in the directory.


======== PREPARING DATA AND MODEL ========

Preprocess Operations Selected ==>  [RandomCrop(size=(32, 32), padding=4), RandomHorizontalFlip(p=0.5), ToTensor(), Normalize(mean=[0.4914, 0.4822, 0.4465], std=[0.247, 0.2435, 0.2616])]
Files already downloaded and verified
Files already downloaded and verified

Dataset CIFAR100 Loaded Sucessfully.
Total Train Size: 50000 and Total Test Size: 10000

Data Partitioning Complete. 
Labeled Set: 50, Unlabeled Set: 44950, Validation Set: 5000

model: resnet50

optimizer: SGD (
Parameter Group 0
    dampening: 0.0
    differentiable: False
    foreach: None
    lr: 0.025
    maximize: False
    momentum: 0.9
    nesterov: True
    weight_decay: 0.0003
)

AL Query Method: coreset
Max AL Episodes: 100

======== EPISODE 0 BEGINS ========

======== TRAINING ========
Training Epoch: 1/200	Train Loss: 5.0797	Val Accuracy: 0.0
Training Epoch: 2/200	Train Loss: 4.8026	Val Accuracy: 1.12
Training Epoch: 3/200	Train Loss: 6.9025	Val Accuracy: 1.12
Training Epoch: 4/200	Train Loss: 8.2294	Val Accuracy: 1.12
Training Epoch: 5/200	Train Loss: 9.1267	Val Accuracy: 1.12
Training Epoch: 6/200	Train Loss: 7.7873	Val Accuracy: 1.08
Training Epoch: 7/200	Train Loss: 7.1106	Val Accuracy: 1.08
Training Epoch: 8/200	Train Loss: 7.9101	Val Accuracy: 1.16
Training Epoch: 9/200	Train Loss: 7.2566	Val Accuracy: 1.16
Training Epoch: 10/200	Train Loss: 6.3359	Val Accuracy: 1.08
Training Epoch: 11/200	Train Loss: 4.6843	Val Accuracy: 1.08
Training Epoch: 12/200	Train Loss: 5.0309	Val Accuracy: 1.08
Training Epoch: 13/200	Train Loss: 4.3418	Val Accuracy: 1.08
Training Epoch: 14/200	Train Loss: 4.1441	Val Accuracy: 1.1
Training Epoch: 15/200	Train Loss: 4.2824	Val Accuracy: 1.1
Training Epoch: 16/200	Train Loss: 3.8101	Val Accuracy: 1.1
Training Epoch: 17/200	Train Loss: 3.7792	Val Accuracy: 1.1
Training Epoch: 18/200	Train Loss: 3.6396	Val Accuracy: 1.08
Training Epoch: 19/200	Train Loss: 3.4789	Val Accuracy: 1.08
Training Epoch: 20/200	Train Loss: 3.4341	Val Accuracy: 1.12
Training Epoch: 21/200	Train Loss: 3.3911	Val Accuracy: 1.12
Training Epoch: 22/200	Train Loss: 3.2462	Val Accuracy: 1.14
Training Epoch: 23/200	Train Loss: 3.2563	Val Accuracy: 1.14
Training Epoch: 24/200	Train Loss: 3.1149	Val Accuracy: 1.02
Training Epoch: 25/200	Train Loss: 3.1534	Val Accuracy: 1.02
Training Epoch: 26/200	Train Loss: 2.9878	Val Accuracy: 1.18
Training Epoch: 27/200	Train Loss: 2.9842	Val Accuracy: 1.18
Training Epoch: 28/200	Train Loss: 2.9349	Val Accuracy: 1.34
Training Epoch: 29/200	Train Loss: 2.7384	Val Accuracy: 1.34
Training Epoch: 30/200	Train Loss: 2.6377	Val Accuracy: 1.72
Training Epoch: 31/200	Train Loss: 2.5883	Val Accuracy: 1.72
Training Epoch: 32/200	Train Loss: 2.3866	Val Accuracy: 1.86
Training Epoch: 33/200	Train Loss: 2.2299	Val Accuracy: 1.86
Training Epoch: 34/200	Train Loss: 2.134	Val Accuracy: 2.18
Training Epoch: 35/200	Train Loss: 2.0678	Val Accuracy: 2.18
Training Epoch: 36/200	Train Loss: 2.2965	Val Accuracy: 2.08
Training Epoch: 37/200	Train Loss: 1.8642	Val Accuracy: 2.08
Training Epoch: 38/200	Train Loss: 2.568	Val Accuracy: 2.24
Training Epoch: 39/200	Train Loss: 1.61	Val Accuracy: 2.24
Training Epoch: 40/200	Train Loss: 1.5342	Val Accuracy: 2.34
Training Epoch: 41/200	Train Loss: 1.4011	Val Accuracy: 2.34
Training Epoch: 42/200	Train Loss: 1.3895	Val Accuracy: 2.34
Training Epoch: 43/200	Train Loss: 1.293	Val Accuracy: 2.34
Training Epoch: 44/200	Train Loss: 1.1184	Val Accuracy: 2.06
Training Epoch: 45/200	Train Loss: 1.1768	Val Accuracy: 2.06
Training Epoch: 46/200	Train Loss: 1.1619	Val Accuracy: 2.2
Training Epoch: 47/200	Train Loss: 0.9729	Val Accuracy: 2.2
Training Epoch: 48/200	Train Loss: 0.8686	Val Accuracy: 2.2
Training Epoch: 49/200	Train Loss: 0.7998	Val Accuracy: 2.2
Training Epoch: 50/200	Train Loss: 1.4183	Val Accuracy: 2.6
Training Epoch: 51/200	Train Loss: 0.7362	Val Accuracy: 2.6
Training Epoch: 52/200	Train Loss: 0.69	Val Accuracy: 2.24
Training Epoch: 53/200	Train Loss: 0.6466	Val Accuracy: 2.24
Training Epoch: 54/200	Train Loss: 0.5543	Val Accuracy: 2.76
Training Epoch: 55/200	Train Loss: 0.5528	Val Accuracy: 2.76
Training Epoch: 56/200	Train Loss: 0.4323	Val Accuracy: 2.58
Training Epoch: 57/200	Train Loss: 0.4071	Val Accuracy: 2.58
Training Epoch: 58/200	Train Loss: 0.4098	Val Accuracy: 3.0
Training Epoch: 59/200	Train Loss: 0.339	Val Accuracy: 3.0
Training Epoch: 60/200	Train Loss: 0.2551	Val Accuracy: 2.8
Training Epoch: 61/200	Train Loss: 0.2378	Val Accuracy: 2.8
Training Epoch: 62/200	Train Loss: 0.2165	Val Accuracy: 2.9
Training Epoch: 63/200	Train Loss: 0.3613	Val Accuracy: 2.9
Training Epoch: 64/200	Train Loss: 0.2064	Val Accuracy: 2.86
Training Epoch: 65/200	Train Loss: 0.199	Val Accuracy: 2.86
Training Epoch: 66/200	Train Loss: 0.1181	Val Accuracy: 2.94
Training Epoch: 67/200	Train Loss: 0.1244	Val Accuracy: 2.94
Training Epoch: 68/200	Train Loss: 0.1184	Val Accuracy: 3.08
Training Epoch: 69/200	Train Loss: 0.0753	Val Accuracy: 3.08
Training Epoch: 70/200	Train Loss: 0.1001	Val Accuracy: 2.88
Training Epoch: 71/200	Train Loss: 0.0743	Val Accuracy: 2.88
Training Epoch: 72/200	Train Loss: 0.0682	Val Accuracy: 2.78
Training Epoch: 73/200	Train Loss: 0.056	Val Accuracy: 2.78
Training Epoch: 74/200	Train Loss: 0.0978	Val Accuracy: 2.86
Training Epoch: 75/200	Train Loss: 0.0523	Val Accuracy: 2.86
Training Epoch: 76/200	Train Loss: 0.0642	Val Accuracy: 2.66
Training Epoch: 77/200	Train Loss: 0.0536	Val Accuracy: 2.66
Training Epoch: 78/200	Train Loss: 0.0377	Val Accuracy: 2.9
Training Epoch: 79/200	Train Loss: 0.0651	Val Accuracy: 2.9
Training Epoch: 80/200	Train Loss: 0.0483	Val Accuracy: 2.72
Training Epoch: 81/200	Train Loss: 0.0507	Val Accuracy: 2.72
Training Epoch: 82/200	Train Loss: 0.0361	Val Accuracy: 2.74
Training Epoch: 83/200	Train Loss: 0.0268	Val Accuracy: 2.74
Training Epoch: 84/200	Train Loss: 0.0271	Val Accuracy: 2.88
Training Epoch: 85/200	Train Loss: 0.0464	Val Accuracy: 2.88
Training Epoch: 86/200	Train Loss: 0.0334	Val Accuracy: 3.0
Training Epoch: 87/200	Train Loss: 0.0248	Val Accuracy: 3.0
Training Epoch: 88/200	Train Loss: 0.0223	Val Accuracy: 2.86
Training Epoch: 89/200	Train Loss: 0.0177	Val Accuracy: 2.86
Training Epoch: 90/200	Train Loss: 0.0215	Val Accuracy: 3.02
Training Epoch: 91/200	Train Loss: 0.0233	Val Accuracy: 3.02
Training Epoch: 92/200	Train Loss: 0.0163	Val Accuracy: 2.92
Training Epoch: 93/200	Train Loss: 0.0142	Val Accuracy: 2.92
Training Epoch: 94/200	Train Loss: 0.024	Val Accuracy: 2.92
Training Epoch: 95/200	Train Loss: 0.0235	Val Accuracy: 2.92
Training Epoch: 96/200	Train Loss: 0.0105	Val Accuracy: 2.8
Training Epoch: 97/200	Train Loss: 0.0172	Val Accuracy: 2.8
Training Epoch: 98/200	Train Loss: 0.0141	Val Accuracy: 3.04
Training Epoch: 99/200	Train Loss: 0.0135	Val Accuracy: 3.04
Training Epoch: 100/200	Train Loss: 0.0179	Val Accuracy: 3.0
Training Epoch: 101/200	Train Loss: 0.0115	Val Accuracy: 3.0
Training Epoch: 102/200	Train Loss: 0.0088	Val Accuracy: 2.62
Training Epoch: 103/200	Train Loss: 0.0107	Val Accuracy: 2.62
Training Epoch: 104/200	Train Loss: 0.013	Val Accuracy: 2.6
Training Epoch: 105/200	Train Loss: 0.0137	Val Accuracy: 2.6
Training Epoch: 106/200	Train Loss: 0.0123	Val Accuracy: 2.72
Training Epoch: 107/200	Train Loss: 0.0121	Val Accuracy: 2.72
Training Epoch: 108/200	Train Loss: 0.0307	Val Accuracy: 2.84
Training Epoch: 109/200	Train Loss: 0.0101	Val Accuracy: 2.84
Training Epoch: 110/200	Train Loss: 0.0095	Val Accuracy: 2.86
Training Epoch: 111/200	Train Loss: 0.0119	Val Accuracy: 2.86
Training Epoch: 112/200	Train Loss: 0.0099	Val Accuracy: 2.86
Training Epoch: 113/200	Train Loss: 0.0083	Val Accuracy: 2.86
Training Epoch: 114/200	Train Loss: 0.0098	Val Accuracy: 3.08
Training Epoch: 115/200	Train Loss: 0.0148	Val Accuracy: 3.08
Training Epoch: 116/200	Train Loss: 0.0116	Val Accuracy: 2.9
Training Epoch: 117/200	Train Loss: 0.0086	Val Accuracy: 2.9
Training Epoch: 118/200	Train Loss: 0.0137	Val Accuracy: 2.88
Training Epoch: 119/200	Train Loss: 0.0064	Val Accuracy: 2.88
Training Epoch: 120/200	Train Loss: 0.0157	Val Accuracy: 2.58
Training Epoch: 121/200	Train Loss: 0.009	Val Accuracy: 2.58
Training Epoch: 122/200	Train Loss: 0.0097	Val Accuracy: 2.68
Training Epoch: 123/200	Train Loss: 0.0148	Val Accuracy: 2.68
Training Epoch: 124/200	Train Loss: 0.0104	Val Accuracy: 2.72
Training Epoch: 125/200	Train Loss: 0.0094	Val Accuracy: 2.72
Training Epoch: 126/200	Train Loss: 0.0134	Val Accuracy: 2.9
Training Epoch: 127/200	Train Loss: 0.0073	Val Accuracy: 2.9
Training Epoch: 128/200	Train Loss: 0.0121	Val Accuracy: 2.8
Training Epoch: 129/200	Train Loss: 0.0066	Val Accuracy: 2.8
Training Epoch: 130/200	Train Loss: 0.0056	Val Accuracy: 2.94
Training Epoch: 131/200	Train Loss: 0.0051	Val Accuracy: 2.94
Training Epoch: 132/200	Train Loss: 0.0087	Val Accuracy: 2.9
Training Epoch: 133/200	Train Loss: 0.0071	Val Accuracy: 2.9
Training Epoch: 134/200	Train Loss: 0.0068	Val Accuracy: 2.98
Training Epoch: 135/200	Train Loss: 0.1803	Val Accuracy: 2.98
Training Epoch: 136/200	Train Loss: 0.0136	Val Accuracy: 2.5
Training Epoch: 137/200	Train Loss: 0.0061	Val Accuracy: 2.5
Training Epoch: 138/200	Train Loss: 0.0072	Val Accuracy: 2.86
Training Epoch: 139/200	Train Loss: 0.0115	Val Accuracy: 2.86
Training Epoch: 140/200	Train Loss: 0.0118	Val Accuracy: 2.92
Training Epoch: 141/200	Train Loss: 0.0093	Val Accuracy: 2.92
Training Epoch: 142/200	Train Loss: 0.0105	Val Accuracy: 2.78
Training Epoch: 143/200	Train Loss: 0.0084	Val Accuracy: 2.78
Training Epoch: 144/200	Train Loss: 0.0107	Val Accuracy: 2.86
Training Epoch: 145/200	Train Loss: 0.0138	Val Accuracy: 2.86
Training Epoch: 146/200	Train Loss: 0.0079	Val Accuracy: 2.74
Training Epoch: 147/200	Train Loss: 0.0085	Val Accuracy: 2.74
Training Epoch: 148/200	Train Loss: 0.0099	Val Accuracy: 2.74
Training Epoch: 149/200	Train Loss: 0.0117	Val Accuracy: 2.74
Training Epoch: 150/200	Train Loss: 0.015	Val Accuracy: 2.74
Training Epoch: 151/200	Train Loss: 0.0096	Val Accuracy: 2.74
Training Epoch: 152/200	Train Loss: 0.0103	Val Accuracy: 2.68
Training Epoch: 153/200	Train Loss: 0.0109	Val Accuracy: 2.68
Training Epoch: 154/200	Train Loss: 0.0092	Val Accuracy: 2.86
Training Epoch: 155/200	Train Loss: 0.0294	Val Accuracy: 2.86
Training Epoch: 156/200	Train Loss: 0.0118	Val Accuracy: 2.76
Training Epoch: 157/200	Train Loss: 0.0087	Val Accuracy: 2.76
Training Epoch: 158/200	Train Loss: 0.0094	Val Accuracy: 2.7
Training Epoch: 159/200	Train Loss: 0.0069	Val Accuracy: 2.7
Training Epoch: 160/200	Train Loss: 0.0086	Val Accuracy: 2.74
Training Epoch: 161/200	Train Loss: 0.0096	Val Accuracy: 2.74
Training Epoch: 162/200	Train Loss: 0.0055	Val Accuracy: 2.78
Training Epoch: 163/200	Train Loss: 0.0109	Val Accuracy: 2.78
Training Epoch: 164/200	Train Loss: 0.01	Val Accuracy: 2.68
Training Epoch: 165/200	Train Loss: 0.0105	Val Accuracy: 2.68
Training Epoch: 166/200	Train Loss: 0.0123	Val Accuracy: 3.04
Training Epoch: 167/200	Train Loss: 0.0088	Val Accuracy: 3.04
Training Epoch: 168/200	Train Loss: 0.0095	Val Accuracy: 2.72
Training Epoch: 169/200	Train Loss: 0.0097	Val Accuracy: 2.72
Training Epoch: 170/200	Train Loss: 0.0108	Val Accuracy: 2.78
Training Epoch: 171/200	Train Loss: 0.01	Val Accuracy: 2.78
Training Epoch: 172/200	Train Loss: 0.0073	Val Accuracy: 2.82
Training Epoch: 173/200	Train Loss: 0.012	Val Accuracy: 2.82
Training Epoch: 174/200	Train Loss: 0.0095	Val Accuracy: 2.74
Training Epoch: 175/200	Train Loss: 0.0077	Val Accuracy: 2.74
Training Epoch: 176/200	Train Loss: 0.0053	Val Accuracy: 2.72
Training Epoch: 177/200	Train Loss: 0.009	Val Accuracy: 2.72
Training Epoch: 178/200	Train Loss: 0.0104	Val Accuracy: 2.78
Training Epoch: 179/200	Train Loss: 0.0072	Val Accuracy: 2.78
Training Epoch: 180/200	Train Loss: 0.0118	Val Accuracy: 2.94
Training Epoch: 181/200	Train Loss: 0.008	Val Accuracy: 2.94
Training Epoch: 182/200	Train Loss: 0.0084	Val Accuracy: 2.72
Training Epoch: 183/200	Train Loss: 0.0109	Val Accuracy: 2.72
Training Epoch: 184/200	Train Loss: 0.0087	Val Accuracy: 2.58
Training Epoch: 185/200	Train Loss: 0.0097	Val Accuracy: 2.58
Training Epoch: 186/200	Train Loss: 0.0166	Val Accuracy: 2.6
Training Epoch: 187/200	Train Loss: 0.0066	Val Accuracy: 2.6
Training Epoch: 188/200	Train Loss: 0.0106	Val Accuracy: 2.7
Training Epoch: 189/200	Train Loss: 0.0078	Val Accuracy: 2.7
Training Epoch: 190/200	Train Loss: 0.0102	Val Accuracy: 2.96
Training Epoch: 191/200	Train Loss: 0.0097	Val Accuracy: 2.96
Training Epoch: 192/200	Train Loss: 0.0073	Val Accuracy: 2.92
Training Epoch: 193/200	Train Loss: 0.0068	Val Accuracy: 2.92
Training Epoch: 194/200	Train Loss: 0.0066	Val Accuracy: 2.82
Training Epoch: 195/200	Train Loss: 0.0085	Val Accuracy: 2.82
Training Epoch: 196/200	Train Loss: 0.0062	Val Accuracy: 2.84
Training Epoch: 197/200	Train Loss: 0.014	Val Accuracy: 2.84
Training Epoch: 198/200	Train Loss: 0.0103	Val Accuracy: 2.94
Training Epoch: 199/200	Train Loss: 0.0074	Val Accuracy: 2.94
Training Epoch: 200/200	Train Loss: 0.007	Val Accuracy: 2.68

Wrote Best Model Checkpoint to: vlBest_acc_3_model_epoch_0068.pyth

Best Validation Accuracy: 3.08
Best Epoch: 68

======== TESTING ========

Test Accuracy: 2.85.

======== ACTIVE SAMPLING ========

Extracting Lset Representations
len(dataLoader): 1
Extracting Uset Representations
len(dataLoader): 450
lb_repr.shape:  (50, 2048)
ul_repr.shape:  (44950, 2048)
Solving K Center Greedy Approach
[GPU] Labeled.shape: torch.Size([50, 2048])
[GPU] Unlabeled.shape: torch.Size([44950, 2048])
time taken: 0.001119852066040039 seconds
Time taken to solve K center: 0.14807772636413574 seconds
Active Sampling Complete. After Episode 0:
New Labeled Set: 100, New Unlabeled Set: 44900, Active Set: 50

================================


Current accuracy values:  [2.8499999999999943]
======== EPISODE 1 BEGINS ========

======== TRAINING ========
Training Epoch: 1/200	Train Loss: 25.3635	Val Accuracy: 0.0
Training Epoch: 2/200	Train Loss: 8.8295	Val Accuracy: 2.36
Training Epoch: 3/200	Train Loss: 3.8238	Val Accuracy: 2.36
Training Epoch: 4/200	Train Loss: 3.5321	Val Accuracy: 1.98
Training Epoch: 5/200	Train Loss: 2.7885	Val Accuracy: 1.98
Training Epoch: 6/200	Train Loss: 2.6869	Val Accuracy: 1.9
Training Epoch: 7/200	Train Loss: 2.5148	Val Accuracy: 1.9
Training Epoch: 8/200	Train Loss: 2.6576	Val Accuracy: 1.48
Training Epoch: 9/200	Train Loss: 2.7101	Val Accuracy: 1.48
Training Epoch: 10/200	Train Loss: 2.4893	Val Accuracy: 1.76
Training Epoch: 11/200	Train Loss: 2.3235	Val Accuracy: 1.76
Training Epoch: 12/200	Train Loss: 2.2425	Val Accuracy: 2.14
Training Epoch: 13/200	Train Loss: 2.0862	Val Accuracy: 2.14
Training Epoch: 14/200	Train Loss: 1.937	Val Accuracy: 2.5
Training Epoch: 15/200	Train Loss: 1.7633	Val Accuracy: 2.5
Training Epoch: 16/200	Train Loss: 1.6886	Val Accuracy: 2.56
Training Epoch: 17/200	Train Loss: 1.6751	Val Accuracy: 2.56
Training Epoch: 18/200	Train Loss: 1.5463	Val Accuracy: 2.6
Training Epoch: 19/200	Train Loss: 1.4953	Val Accuracy: 2.6
Training Epoch: 20/200	Train Loss: 1.3894	Val Accuracy: 3.0
Training Epoch: 21/200	Train Loss: 1.2448	Val Accuracy: 3.0
Training Epoch: 22/200	Train Loss: 1.1302	Val Accuracy: 2.84
Training Epoch: 23/200	Train Loss: 1.0899	Val Accuracy: 2.84
Training Epoch: 24/200	Train Loss: 0.968	Val Accuracy: 2.7
Training Epoch: 25/200	Train Loss: 0.9355	Val Accuracy: 2.7
Training Epoch: 26/200	Train Loss: 0.7718	Val Accuracy: 2.64
Training Epoch: 27/200	Train Loss: 0.7436	Val Accuracy: 2.64
Training Epoch: 28/200	Train Loss: 0.7327	Val Accuracy: 2.72
Training Epoch: 29/200	Train Loss: 0.6561	Val Accuracy: 2.72
Training Epoch: 30/200	Train Loss: 0.5812	Val Accuracy: 2.96
Training Epoch: 31/200	Train Loss: 0.5685	Val Accuracy: 2.96
Training Epoch: 32/200	Train Loss: 0.5816	Val Accuracy: 2.86
Training Epoch: 33/200	Train Loss: 0.4635	Val Accuracy: 2.86
Training Epoch: 34/200	Train Loss: 0.4217	Val Accuracy: 2.76
Training Epoch: 35/200	Train Loss: 0.3472	Val Accuracy: 2.76
Training Epoch: 36/200	Train Loss: 0.3545	Val Accuracy: 3.02
Training Epoch: 37/200	Train Loss: 0.3038	Val Accuracy: 3.02
Training Epoch: 38/200	Train Loss: 0.3058	Val Accuracy: 2.76
Training Epoch: 39/200	Train Loss: 0.2567	Val Accuracy: 2.76
Training Epoch: 40/200	Train Loss: 0.2333	Val Accuracy: 2.9
Training Epoch: 41/200	Train Loss: 0.2501	Val Accuracy: 2.9
Training Epoch: 42/200	Train Loss: 0.1955	Val Accuracy: 2.84
Training Epoch: 43/200	Train Loss: 0.147	Val Accuracy: 2.84
Training Epoch: 44/200	Train Loss: 0.2302	Val Accuracy: 2.88
Training Epoch: 45/200	Train Loss: 0.1668	Val Accuracy: 2.88
Training Epoch: 46/200	Train Loss: 0.171	Val Accuracy: 3.1
Training Epoch: 47/200	Train Loss: 0.1969	Val Accuracy: 3.1
Training Epoch: 48/200	Train Loss: 0.1427	Val Accuracy: 3.0
Training Epoch: 49/200	Train Loss: 0.1119	Val Accuracy: 3.0
Training Epoch: 50/200	Train Loss: 0.0889	Val Accuracy: 2.86
Training Epoch: 51/200	Train Loss: 0.1449	Val Accuracy: 2.86
Training Epoch: 52/200	Train Loss: 0.1297	Val Accuracy: 3.14
Training Epoch: 53/200	Train Loss: 0.1657	Val Accuracy: 3.14
Training Epoch: 54/200	Train Loss: 0.1228	Val Accuracy: 3.04
Training Epoch: 55/200	Train Loss: 0.0895	Val Accuracy: 3.04
Training Epoch: 56/200	Train Loss: 0.0689	Val Accuracy: 2.8
Training Epoch: 57/200	Train Loss: 0.0473	Val Accuracy: 2.8
Training Epoch: 58/200	Train Loss: 0.1108	Val Accuracy: 2.88
Training Epoch: 59/200	Train Loss: 0.074	Val Accuracy: 2.88
Training Epoch: 60/200	Train Loss: 0.0485	Val Accuracy: 2.62
Training Epoch: 61/200	Train Loss: 0.1128	Val Accuracy: 2.62
Training Epoch: 62/200	Train Loss: 0.1045	Val Accuracy: 3.2
Training Epoch: 63/200	Train Loss: 0.0885	Val Accuracy: 3.2
Training Epoch: 64/200	Train Loss: 0.0718	Val Accuracy: 3.14
Training Epoch: 65/200	Train Loss: 0.1005	Val Accuracy: 3.14
Training Epoch: 66/200	Train Loss: 0.0746	Val Accuracy: 3.24
Training Epoch: 67/200	Train Loss: 0.0394	Val Accuracy: 3.24
Training Epoch: 68/200	Train Loss: 0.0778	Val Accuracy: 3.3
Training Epoch: 69/200	Train Loss: 0.062	Val Accuracy: 3.3
Training Epoch: 70/200	Train Loss: 0.0623	Val Accuracy: 3.26
Training Epoch: 71/200	Train Loss: 0.0411	Val Accuracy: 3.26
Training Epoch: 72/200	Train Loss: 0.0495	Val Accuracy: 3.44
Training Epoch: 73/200	Train Loss: 0.0344	Val Accuracy: 3.44
Training Epoch: 74/200	Train Loss: 0.0616	Val Accuracy: 3.44
Training Epoch: 75/200	Train Loss: 0.0317	Val Accuracy: 3.44
Training Epoch: 76/200	Train Loss: 0.0245	Val Accuracy: 3.26
Training Epoch: 77/200	Train Loss: 0.0326	Val Accuracy: 3.26
Training Epoch: 78/200	Train Loss: 0.0241	Val Accuracy: 3.14
Training Epoch: 79/200	Train Loss: 0.0383	Val Accuracy: 3.14
Training Epoch: 80/200	Train Loss: 0.0331	Val Accuracy: 3.22
Training Epoch: 81/200	Train Loss: 0.028	Val Accuracy: 3.22
Training Epoch: 82/200	Train Loss: 0.0203	Val Accuracy: 2.88
Training Epoch: 83/200	Train Loss: 0.0275	Val Accuracy: 2.88
Training Epoch: 84/200	Train Loss: 0.0192	Val Accuracy: 3.02
Training Epoch: 85/200	Train Loss: 0.0233	Val Accuracy: 3.02
Training Epoch: 86/200	Train Loss: 0.0147	Val Accuracy: 3.16
Training Epoch: 87/200	Train Loss: 0.0227	Val Accuracy: 3.16
Training Epoch: 88/200	Train Loss: 0.0753	Val Accuracy: 3.12
Training Epoch: 89/200	Train Loss: 0.1134	Val Accuracy: 3.12
Training Epoch: 90/200	Train Loss: 0.0238	Val Accuracy: 3.22
Training Epoch: 91/200	Train Loss: 0.0435	Val Accuracy: 3.22
Training Epoch: 92/200	Train Loss: 0.0533	Val Accuracy: 2.7
Training Epoch: 93/200	Train Loss: 0.046	Val Accuracy: 2.7
Training Epoch: 94/200	Train Loss: 0.0227	Val Accuracy: 2.92
Training Epoch: 95/200	Train Loss: 0.1107	Val Accuracy: 2.92
Training Epoch: 96/200	Train Loss: 0.0241	Val Accuracy: 3.22
Training Epoch: 97/200	Train Loss: 0.0271	Val Accuracy: 3.22
Training Epoch: 98/200	Train Loss: 0.0329	Val Accuracy: 2.98
Training Epoch: 99/200	Train Loss: 0.029	Val Accuracy: 2.98
Training Epoch: 100/200	Train Loss: 0.0295	Val Accuracy: 3.14
Training Epoch: 101/200	Train Loss: 0.098	Val Accuracy: 3.14
Training Epoch: 102/200	Train Loss: 0.0163	Val Accuracy: 3.38
Training Epoch: 103/200	Train Loss: 0.0478	Val Accuracy: 3.38
Training Epoch: 104/200	Train Loss: 0.0228	Val Accuracy: 3.34
Training Epoch: 105/200	Train Loss: 0.0234	Val Accuracy: 3.34
Training Epoch: 106/200	Train Loss: 0.0293	Val Accuracy: 3.3
Training Epoch: 107/200	Train Loss: 0.0143	Val Accuracy: 3.3
Training Epoch: 108/200	Train Loss: 0.0165	Val Accuracy: 3.16
Training Epoch: 109/200	Train Loss: 0.0302	Val Accuracy: 3.16
Training Epoch: 110/200	Train Loss: 0.0176	Val Accuracy: 3.1
Training Epoch: 111/200	Train Loss: 0.0101	Val Accuracy: 3.1
Training Epoch: 112/200	Train Loss: 0.0266	Val Accuracy: 3.34
Training Epoch: 113/200	Train Loss: 0.023	Val Accuracy: 3.34
Training Epoch: 114/200	Train Loss: 0.0095	Val Accuracy: 3.1
Training Epoch: 115/200	Train Loss: 0.0072	Val Accuracy: 3.1
Training Epoch: 116/200	Train Loss: 0.0163	Val Accuracy: 3.0
Training Epoch: 117/200	Train Loss: 0.06	Val Accuracy: 3.0
Training Epoch: 118/200	Train Loss: 0.0115	Val Accuracy: 3.1
Training Epoch: 119/200	Train Loss: 0.012	Val Accuracy: 3.1
Training Epoch: 120/200	Train Loss: 0.0113	Val Accuracy: 3.12
Training Epoch: 121/200	Train Loss: 0.0165	Val Accuracy: 3.12
Training Epoch: 122/200	Train Loss: 0.0122	Val Accuracy: 3.14
Training Epoch: 123/200	Train Loss: 0.0106	Val Accuracy: 3.14
Training Epoch: 124/200	Train Loss: 0.0139	Val Accuracy: 2.94
Training Epoch: 125/200	Train Loss: 0.0094	Val Accuracy: 2.94
Training Epoch: 126/200	Train Loss: 0.0141	Val Accuracy: 3.14
Training Epoch: 127/200	Train Loss: 0.0132	Val Accuracy: 3.14
Training Epoch: 128/200	Train Loss: 0.0239	Val Accuracy: 3.18
Training Epoch: 129/200	Train Loss: 0.0088	Val Accuracy: 3.18
Training Epoch: 130/200	Train Loss: 0.0091	Val Accuracy: 3.16
Training Epoch: 131/200	Train Loss: 0.0127	Val Accuracy: 3.16
Training Epoch: 132/200	Train Loss: 0.0084	Val Accuracy: 3.02
Training Epoch: 133/200	Train Loss: 0.0093	Val Accuracy: 3.02
Training Epoch: 134/200	Train Loss: 0.0146	Val Accuracy: 3.1
Training Epoch: 135/200	Train Loss: 0.0222	Val Accuracy: 3.1
Training Epoch: 136/200	Train Loss: 0.0053	Val Accuracy: 3.06
Training Epoch: 137/200	Train Loss: 0.0085	Val Accuracy: 3.06
Training Epoch: 138/200	Train Loss: 0.0147	Val Accuracy: 3.0
Training Epoch: 139/200	Train Loss: 0.0124	Val Accuracy: 3.0
Training Epoch: 140/200	Train Loss: 0.006	Val Accuracy: 3.08
Training Epoch: 141/200	Train Loss: 0.0094	Val Accuracy: 3.08
Training Epoch: 142/200	Train Loss: 0.0154	Val Accuracy: 2.96
Training Epoch: 143/200	Train Loss: 0.0075	Val Accuracy: 2.96
Training Epoch: 144/200	Train Loss: 0.0143	Val Accuracy: 3.4
Training Epoch: 145/200	Train Loss: 0.005	Val Accuracy: 3.4
Training Epoch: 146/200	Train Loss: 0.0067	Val Accuracy: 3.12
Training Epoch: 147/200	Train Loss: 0.0072	Val Accuracy: 3.12
Training Epoch: 148/200	Train Loss: 0.0102	Val Accuracy: 3.1
Training Epoch: 149/200	Train Loss: 0.0126	Val Accuracy: 3.1
Training Epoch: 150/200	Train Loss: 0.0084	Val Accuracy: 3.24
Training Epoch: 151/200	Train Loss: 0.0061	Val Accuracy: 3.24
Training Epoch: 152/200	Train Loss: 0.0081	Val Accuracy: 3.14
Training Epoch: 153/200	Train Loss: 0.0101	Val Accuracy: 3.14
Training Epoch: 154/200	Train Loss: 0.0095	Val Accuracy: 2.98
Training Epoch: 155/200	Train Loss: 0.009	Val Accuracy: 2.98
Training Epoch: 156/200	Train Loss: 0.0042	Val Accuracy: 3.1
Training Epoch: 157/200	Train Loss: 0.0043	Val Accuracy: 3.1
Training Epoch: 158/200	Train Loss: 0.0082	Val Accuracy: 2.86
Training Epoch: 159/200	Train Loss: 0.0077	Val Accuracy: 2.86
Training Epoch: 160/200	Train Loss: 0.0051	Val Accuracy: 3.18
Training Epoch: 161/200	Train Loss: 0.014	Val Accuracy: 3.18
Training Epoch: 162/200	Train Loss: 0.0059	Val Accuracy: 2.96
Training Epoch: 163/200	Train Loss: 0.0072	Val Accuracy: 2.96
Training Epoch: 164/200	Train Loss: 0.0101	Val Accuracy: 2.98
Training Epoch: 165/200	Train Loss: 0.0061	Val Accuracy: 2.98
Training Epoch: 166/200	Train Loss: 0.0113	Val Accuracy: 3.26
Training Epoch: 167/200	Train Loss: 0.0076	Val Accuracy: 3.26
Training Epoch: 168/200	Train Loss: 0.0083	Val Accuracy: 3.16
Training Epoch: 169/200	Train Loss: 0.0056	Val Accuracy: 3.16
Training Epoch: 170/200	Train Loss: 0.0068	Val Accuracy: 3.2
Training Epoch: 171/200	Train Loss: 0.0065	Val Accuracy: 3.2
Training Epoch: 172/200	Train Loss: 0.0064	Val Accuracy: 3.02
Training Epoch: 173/200	Train Loss: 0.0083	Val Accuracy: 3.02
Training Epoch: 174/200	Train Loss: 0.005	Val Accuracy: 2.92
Training Epoch: 175/200	Train Loss: 0.0096	Val Accuracy: 2.92
Training Epoch: 176/200	Train Loss: 0.008	Val Accuracy: 3.42
Training Epoch: 177/200	Train Loss: 0.0082	Val Accuracy: 3.42
Training Epoch: 178/200	Train Loss: 0.0104	Val Accuracy: 3.2
Training Epoch: 179/200	Train Loss: 0.0036	Val Accuracy: 3.2
Training Epoch: 180/200	Train Loss: 0.0059	Val Accuracy: 2.96
Training Epoch: 181/200	Train Loss: 0.0068	Val Accuracy: 2.96
Training Epoch: 182/200	Train Loss: 0.0112	Val Accuracy: 3.32
Training Epoch: 183/200	Train Loss: 0.0066	Val Accuracy: 3.32
Training Epoch: 184/200	Train Loss: 0.0072	Val Accuracy: 3.08
Training Epoch: 185/200	Train Loss: 0.0081	Val Accuracy: 3.08
Training Epoch: 186/200	Train Loss: 0.0037	Val Accuracy: 3.2
Training Epoch: 187/200	Train Loss: 0.0051	Val Accuracy: 3.2
Training Epoch: 188/200	Train Loss: 0.0057	Val Accuracy: 3.32
Training Epoch: 189/200	Train Loss: 0.0049	Val Accuracy: 3.32
Training Epoch: 190/200	Train Loss: 0.0045	Val Accuracy: 2.98
Training Epoch: 191/200	Train Loss: 0.0067	Val Accuracy: 2.98
Training Epoch: 192/200	Train Loss: 0.0058	Val Accuracy: 3.42
Training Epoch: 193/200	Train Loss: 0.0071	Val Accuracy: 3.42
Training Epoch: 194/200	Train Loss: 0.0062	Val Accuracy: 3.28
Training Epoch: 195/200	Train Loss: 0.0044	Val Accuracy: 3.28
Training Epoch: 196/200	Train Loss: 0.0085	Val Accuracy: 3.16
Training Epoch: 197/200	Train Loss: 0.0077	Val Accuracy: 3.16
Training Epoch: 198/200	Train Loss: 0.0068	Val Accuracy: 3.06
Training Epoch: 199/200	Train Loss: 0.0096	Val Accuracy: 3.06
Training Epoch: 200/200	Train Loss: 0.0042	Val Accuracy: 3.22

Wrote Best Model Checkpoint to: vlBest_acc_3_model_epoch_0072.pyth

Best Validation Accuracy: 3.44
Best Epoch: 72

======== TESTING ========

Test Accuracy: 2.99.

======== ACTIVE SAMPLING ========

Extracting Lset Representations
len(dataLoader): 1
Extracting Uset Representations
len(dataLoader): 449
lb_repr.shape:  (100, 2048)
ul_repr.shape:  (44900, 2048)
Solving K Center Greedy Approach
[GPU] Labeled.shape: torch.Size([100, 2048])
[GPU] Unlabeled.shape: torch.Size([44900, 2048])
time taken: 0.0005841255187988281 seconds
Time taken to solve K center: 0.14669346809387207 seconds
Active Sampling Complete. After Episode 1:
New Labeled Set: 150, New Unlabeled Set: 44850, Active Set: 50

================================


Current accuracy values:  [2.8499999999999943, 2.989999999999995]
======== EPISODE 2 BEGINS ========

======== TRAINING ========
Training Epoch: 1/200	Train Loss: 16.8635	Val Accuracy: 0.0
Training Epoch: 2/200	Train Loss: 11.0098	Val Accuracy: 2.3
Training Epoch: 3/200	Train Loss: 5.8405	Val Accuracy: 2.3
Training Epoch: 4/200	Train Loss: 4.9196	Val Accuracy: 2.44
Training Epoch: 5/200	Train Loss: 3.0289	Val Accuracy: 2.44
Training Epoch: 6/200	Train Loss: 2.8072	Val Accuracy: 2.72
Training Epoch: 7/200	Train Loss: 3.5516	Val Accuracy: 2.72
Training Epoch: 8/200	Train Loss: 3.5005	Val Accuracy: 2.94
Training Epoch: 9/200	Train Loss: 2.6983	Val Accuracy: 2.94
Training Epoch: 10/200	Train Loss: 2.3324	Val Accuracy: 3.28
Training Epoch: 11/200	Train Loss: 2.2171	Val Accuracy: 3.28
Training Epoch: 12/200	Train Loss: 2.2851	Val Accuracy: 3.28
Training Epoch: 13/200	Train Loss: 2.2152	Val Accuracy: 3.28
Training Epoch: 14/200	Train Loss: 1.9106	Val Accuracy: 3.28
Training Epoch: 15/200	Train Loss: 1.8343	Val Accuracy: 3.28
Training Epoch: 16/200	Train Loss: 1.5166	Val Accuracy: 3.32
Training Epoch: 17/200	Train Loss: 1.7512	Val Accuracy: 3.32
Training Epoch: 18/200	Train Loss: 1.6822	Val Accuracy: 3.64
Training Epoch: 19/200	Train Loss: 1.3935	Val Accuracy: 3.64
Training Epoch: 20/200	Train Loss: 1.2466	Val Accuracy: 3.26
Training Epoch: 21/200	Train Loss: 1.2182	Val Accuracy: 3.26
Training Epoch: 22/200	Train Loss: 1.1719	Val Accuracy: 3.42
Training Epoch: 23/200	Train Loss: 1.173	Val Accuracy: 3.42
Training Epoch: 24/200	Train Loss: 1.216	Val Accuracy: 3.42
Training Epoch: 25/200	Train Loss: 0.9674	Val Accuracy: 3.42
Training Epoch: 26/200	Train Loss: 0.8386	Val Accuracy: 3.56
Training Epoch: 27/200	Train Loss: 0.853	Val Accuracy: 3.56
Training Epoch: 28/200	Train Loss: 0.6994	Val Accuracy: 3.98
Training Epoch: 29/200	Train Loss: 0.7319	Val Accuracy: 3.98
Training Epoch: 30/200	Train Loss: 0.567	Val Accuracy: 3.94
Training Epoch: 31/200	Train Loss: 0.6365	Val Accuracy: 3.94
Training Epoch: 32/200	Train Loss: 0.5599	Val Accuracy: 4.08
Training Epoch: 33/200	Train Loss: 0.4801	Val Accuracy: 4.08
Training Epoch: 34/200	Train Loss: 0.4724	Val Accuracy: 3.8
Training Epoch: 35/200	Train Loss: 0.4188	Val Accuracy: 3.8
Training Epoch: 36/200	Train Loss: 0.4049	Val Accuracy: 3.66
Training Epoch: 37/200	Train Loss: 0.3123	Val Accuracy: 3.66
Training Epoch: 38/200	Train Loss: 0.3504	Val Accuracy: 3.76
Training Epoch: 39/200	Train Loss: 0.2291	Val Accuracy: 3.76
Training Epoch: 40/200	Train Loss: 0.3385	Val Accuracy: 4.0
Training Epoch: 41/200	Train Loss: 0.7003	Val Accuracy: 4.0
Training Epoch: 42/200	Train Loss: 0.2885	Val Accuracy: 3.74
Training Epoch: 43/200	Train Loss: 0.3001	Val Accuracy: 3.74
Training Epoch: 44/200	Train Loss: 0.3556	Val Accuracy: 3.44
Training Epoch: 45/200	Train Loss: 0.4478	Val Accuracy: 3.44
Training Epoch: 46/200	Train Loss: 0.2457	Val Accuracy: 3.38
Training Epoch: 47/200	Train Loss: 0.2277	Val Accuracy: 3.38
Training Epoch: 48/200	Train Loss: 0.2705	Val Accuracy: 3.84
Training Epoch: 49/200	Train Loss: 0.2345	Val Accuracy: 3.84
Training Epoch: 50/200	Train Loss: 0.2755	Val Accuracy: 3.92
Training Epoch: 51/200	Train Loss: 0.275	Val Accuracy: 3.92
Training Epoch: 52/200	Train Loss: 0.1302	Val Accuracy: 3.7
Training Epoch: 53/200	Train Loss: 0.1386	Val Accuracy: 3.7
Training Epoch: 54/200	Train Loss: 0.1583	Val Accuracy: 3.62
Training Epoch: 55/200	Train Loss: 0.187	Val Accuracy: 3.62
Training Epoch: 56/200	Train Loss: 0.3193	Val Accuracy: 3.42
Training Epoch: 57/200	Train Loss: 0.1435	Val Accuracy: 3.42
Training Epoch: 58/200	Train Loss: 0.1452	Val Accuracy: 3.36
Training Epoch: 59/200	Train Loss: 0.1551	Val Accuracy: 3.36
Training Epoch: 60/200	Train Loss: 0.0657	Val Accuracy: 3.28
Training Epoch: 61/200	Train Loss: 0.0732	Val Accuracy: 3.28
Training Epoch: 62/200	Train Loss: 0.0662	Val Accuracy: 3.58
Training Epoch: 63/200	Train Loss: 0.2767	Val Accuracy: 3.58
Training Epoch: 64/200	Train Loss: 0.1042	Val Accuracy: 3.58
Training Epoch: 65/200	Train Loss: 0.0774	Val Accuracy: 3.58
Training Epoch: 66/200	Train Loss: 0.1648	Val Accuracy: 3.44
Training Epoch: 67/200	Train Loss: 4.5549	Val Accuracy: 3.44
Training Epoch: 68/200	Train Loss: 0.8192	Val Accuracy: 2.24
Training Epoch: 69/200	Train Loss: 0.7617	Val Accuracy: 2.24
Training Epoch: 70/200	Train Loss: 8.3797	Val Accuracy: 2.16
Training Epoch: 71/200	Train Loss: 7.9819	Val Accuracy: 2.16
Training Epoch: 72/200	Train Loss: 1.8201	Val Accuracy: 2.32
Training Epoch: 73/200	Train Loss: 1.4942	Val Accuracy: 2.32
Training Epoch: 74/200	Train Loss: 0.917	Val Accuracy: 2.46
Training Epoch: 75/200	Train Loss: 1.1064	Val Accuracy: 2.46
Training Epoch: 76/200	Train Loss: 0.8152	Val Accuracy: 2.36
Training Epoch: 77/200	Train Loss: 0.8943	Val Accuracy: 2.36
Training Epoch: 78/200	Train Loss: 0.7659	Val Accuracy: 2.62
Training Epoch: 79/200	Train Loss: 1.3648	Val Accuracy: 2.62
Training Epoch: 80/200	Train Loss: 0.8227	Val Accuracy: 2.94
Training Epoch: 81/200	Train Loss: 0.7226	Val Accuracy: 2.94
Training Epoch: 82/200	Train Loss: 0.7881	Val Accuracy: 3.0
Training Epoch: 83/200	Train Loss: 0.7572	Val Accuracy: 3.0
Training Epoch: 84/200	Train Loss: 4.949	Val Accuracy: 2.94
Training Epoch: 85/200	Train Loss: 3.2337	Val Accuracy: 2.94
Training Epoch: 86/200	Train Loss: 0.5796	Val Accuracy: 2.44
Training Epoch: 87/200	Train Loss: 0.4766	Val Accuracy: 2.44
Training Epoch: 88/200	Train Loss: 0.8481	Val Accuracy: 2.94
Training Epoch: 89/200	Train Loss: 1.9736	Val Accuracy: 2.94
Training Epoch: 90/200	Train Loss: 1.156	Val Accuracy: 2.44
Training Epoch: 91/200	Train Loss: 1.0722	Val Accuracy: 2.44
Training Epoch: 92/200	Train Loss: 1.178	Val Accuracy: 2.34
Training Epoch: 93/200	Train Loss: 2.6503	Val Accuracy: 2.34
Training Epoch: 94/200	Train Loss: 1.5269	Val Accuracy: 2.72
Training Epoch: 95/200	Train Loss: 1.2588	Val Accuracy: 2.72
Training Epoch: 96/200	Train Loss: 1.4934	Val Accuracy: 2.7
Training Epoch: 97/200	Train Loss: 0.9692	Val Accuracy: 2.7
Training Epoch: 98/200	Train Loss: 0.4467	Val Accuracy: 2.88
Training Epoch: 99/200	Train Loss: 0.551	Val Accuracy: 2.88
Training Epoch: 100/200	Train Loss: 0.638	Val Accuracy: 2.98
Training Epoch: 101/200	Train Loss: 1.6784	Val Accuracy: 2.98
Training Epoch: 102/200	Train Loss: 0.5328	Val Accuracy: 3.02
Training Epoch: 103/200	Train Loss: 5.3815	Val Accuracy: 3.02
Training Epoch: 104/200	Train Loss: 1.8875	Val Accuracy: 3.64
Training Epoch: 105/200	Train Loss: 1.6701	Val Accuracy: 3.64
Training Epoch: 106/200	Train Loss: 1.1623	Val Accuracy: 3.16
Training Epoch: 107/200	Train Loss: 0.6441	Val Accuracy: 3.16
Training Epoch: 108/200	Train Loss: 0.6448	Val Accuracy: 3.14
Training Epoch: 109/200	Train Loss: 4.8762	Val Accuracy: 3.14
Training Epoch: 110/200	Train Loss: 3.8959	Val Accuracy: 2.76
Training Epoch: 111/200	Train Loss: 0.5053	Val Accuracy: 2.76
Training Epoch: 112/200	Train Loss: 1.6416	Val Accuracy: 2.8
Training Epoch: 113/200	Train Loss: 0.4632	Val Accuracy: 2.8
Training Epoch: 114/200	Train Loss: 2.932	Val Accuracy: 3.12
Training Epoch: 115/200	Train Loss: 2.4219	Val Accuracy: 3.12
Training Epoch: 116/200	Train Loss: 0.944	Val Accuracy: 3.24
Training Epoch: 117/200	Train Loss: 1.404	Val Accuracy: 3.24
Training Epoch: 118/200	Train Loss: 0.372	Val Accuracy: 3.28
Training Epoch: 119/200	Train Loss: 0.8337	Val Accuracy: 3.28
Training Epoch: 120/200	Train Loss: 0.3496	Val Accuracy: 3.68
Training Epoch: 121/200	Train Loss: 0.3523	Val Accuracy: 3.68
Training Epoch: 122/200	Train Loss: 0.372	Val Accuracy: 3.56
Training Epoch: 123/200	Train Loss: 1.9486	Val Accuracy: 3.56
Training Epoch: 124/200	Train Loss: 2.0293	Val Accuracy: 3.9
Training Epoch: 125/200	Train Loss: 0.406	Val Accuracy: 3.9
Training Epoch: 126/200	Train Loss: 5.715	Val Accuracy: 3.68
Training Epoch: 127/200	Train Loss: 1.1301	Val Accuracy: 3.68
Training Epoch: 128/200	Train Loss: 2.1674	Val Accuracy: 3.46
Training Epoch: 129/200	Train Loss: 1.1674	Val Accuracy: 3.46
Training Epoch: 130/200	Train Loss: 0.8085	Val Accuracy: 3.26
Training Epoch: 131/200	Train Loss: 1.2923	Val Accuracy: 3.26
Training Epoch: 132/200	Train Loss: 2.7989	Val Accuracy: 3.3
Training Epoch: 133/200	Train Loss: 1.1916	Val Accuracy: 3.3
Training Epoch: 134/200	Train Loss: 0.842	Val Accuracy: 3.58
Training Epoch: 135/200	Train Loss: 2.9521	Val Accuracy: 3.58
Training Epoch: 136/200	Train Loss: 0.3498	Val Accuracy: 3.54
Training Epoch: 137/200	Train Loss: 0.2778	Val Accuracy: 3.54
Training Epoch: 138/200	Train Loss: 0.7058	Val Accuracy: 3.42
Training Epoch: 139/200	Train Loss: 1.0534	Val Accuracy: 3.42
Training Epoch: 140/200	Train Loss: 0.3661	Val Accuracy: 3.18
Training Epoch: 141/200	Train Loss: 0.3334	Val Accuracy: 3.18
Training Epoch: 142/200	Train Loss: 0.5658	Val Accuracy: 3.46
Training Epoch: 143/200	Train Loss: 0.8644	Val Accuracy: 3.46
Training Epoch: 144/200	Train Loss: 0.3091	Val Accuracy: 3.64
Training Epoch: 145/200	Train Loss: 0.2763	Val Accuracy: 3.64
Training Epoch: 146/200	Train Loss: 0.4862	Val Accuracy: 3.72
Training Epoch: 147/200	Train Loss: 0.3	Val Accuracy: 3.72
Training Epoch: 148/200	Train Loss: 0.5091	Val Accuracy: 3.38
Training Epoch: 149/200	Train Loss: 0.2426	Val Accuracy: 3.38
Training Epoch: 150/200	Train Loss: 0.4146	Val Accuracy: 3.54
Training Epoch: 151/200	Train Loss: 0.3186	Val Accuracy: 3.54
Training Epoch: 152/200	Train Loss: 0.2332	Val Accuracy: 3.24
Training Epoch: 153/200	Train Loss: 0.1801	Val Accuracy: 3.24
Training Epoch: 154/200	Train Loss: 0.1934	Val Accuracy: 3.42
Training Epoch: 155/200	Train Loss: 0.2035	Val Accuracy: 3.42
Training Epoch: 156/200	Train Loss: 0.155	Val Accuracy: 3.34
Training Epoch: 157/200	Train Loss: 0.2526	Val Accuracy: 3.34
Training Epoch: 158/200	Train Loss: 0.2853	Val Accuracy: 3.34
Training Epoch: 159/200	Train Loss: 0.2606	Val Accuracy: 3.34
Training Epoch: 160/200	Train Loss: 0.1459	Val Accuracy: 3.8
Training Epoch: 161/200	Train Loss: 0.1802	Val Accuracy: 3.8
Training Epoch: 162/200	Train Loss: 0.1689	Val Accuracy: 3.54
Training Epoch: 163/200	Train Loss: 0.1766	Val Accuracy: 3.54
Training Epoch: 164/200	Train Loss: 0.107	Val Accuracy: 3.7
Training Epoch: 165/200	Train Loss: 0.1492	Val Accuracy: 3.7
Training Epoch: 166/200	Train Loss: 0.1316	Val Accuracy: 3.62
Training Epoch: 167/200	Train Loss: 0.1813	Val Accuracy: 3.62
Training Epoch: 168/200	Train Loss: 0.1787	Val Accuracy: 3.78
Training Epoch: 169/200	Train Loss: 0.1716	Val Accuracy: 3.78
Training Epoch: 170/200	Train Loss: 0.1702	Val Accuracy: 3.42
Training Epoch: 171/200	Train Loss: 0.1113	Val Accuracy: 3.42
Training Epoch: 172/200	Train Loss: 0.2163	Val Accuracy: 3.6
Training Epoch: 173/200	Train Loss: 0.1799	Val Accuracy: 3.6
Training Epoch: 174/200	Train Loss: 4.7337	Val Accuracy: 3.68
Training Epoch: 175/200	Train Loss: 0.0829	Val Accuracy: 3.68
Training Epoch: 176/200	Train Loss: 0.2881	Val Accuracy: 3.92
Training Epoch: 177/200	Train Loss: 0.1163	Val Accuracy: 3.92
Training Epoch: 178/200	Train Loss: 0.1663	Val Accuracy: 3.8
Training Epoch: 179/200	Train Loss: 0.1134	Val Accuracy: 3.8
Training Epoch: 180/200	Train Loss: 0.0812	Val Accuracy: 3.8
Training Epoch: 181/200	Train Loss: 3.5947	Val Accuracy: 3.8
Training Epoch: 182/200	Train Loss: 0.1453	Val Accuracy: 3.86
Training Epoch: 183/200	Train Loss: 0.1006	Val Accuracy: 3.86
Training Epoch: 184/200	Train Loss: 0.1886	Val Accuracy: 3.88
Training Epoch: 185/200	Train Loss: 0.106	Val Accuracy: 3.88
Training Epoch: 186/200	Train Loss: 0.1139	Val Accuracy: 3.68
Training Epoch: 187/200	Train Loss: 0.1951	Val Accuracy: 3.68
Training Epoch: 188/200	Train Loss: 0.0632	Val Accuracy: 3.98
Training Epoch: 189/200	Train Loss: 0.0806	Val Accuracy: 3.98
Training Epoch: 190/200	Train Loss: 0.0853	Val Accuracy: 3.82
Training Epoch: 191/200	Train Loss: 0.1688	Val Accuracy: 3.82
Training Epoch: 192/200	Train Loss: 0.1707	Val Accuracy: 3.94
Training Epoch: 193/200	Train Loss: 0.1219	Val Accuracy: 3.94
Training Epoch: 194/200	Train Loss: 0.1064	Val Accuracy: 3.78
Training Epoch: 195/200	Train Loss: 0.1227	Val Accuracy: 3.78
Training Epoch: 196/200	Train Loss: 0.2014	Val Accuracy: 4.04
Training Epoch: 197/200	Train Loss: 0.2738	Val Accuracy: 4.04
Training Epoch: 198/200	Train Loss: 0.1467	Val Accuracy: 3.62
Training Epoch: 199/200	Train Loss: 0.1325	Val Accuracy: 3.62
Training Epoch: 200/200	Train Loss: 0.0952	Val Accuracy: 3.62

Wrote Best Model Checkpoint to: vlBest_acc_4_model_epoch_0032.pyth

Best Validation Accuracy: 4.08
Best Epoch: 32

======== TESTING ========

Test Accuracy: 4.0.

======== ACTIVE SAMPLING ========

Extracting Lset Representations
len(dataLoader): 2
Extracting Uset Representations
len(dataLoader): 449
lb_repr.shape:  (150, 2048)
ul_repr.shape:  (44850, 2048)
Solving K Center Greedy Approach
[GPU] Labeled.shape: torch.Size([150, 2048])
[GPU] Unlabeled.shape: torch.Size([44850, 2048])
time taken: 0.00040340423583984375 seconds
Time taken to solve K center: 0.14758825302124023 seconds
Active Sampling Complete. After Episode 2:
New Labeled Set: 200, New Unlabeled Set: 44800, Active Set: 50

================================


Current accuracy values:  [2.8499999999999943, 2.989999999999995, 4.0]
======== EPISODE 3 BEGINS ========

======== TRAINING ========
Training Epoch: 1/200	Train Loss: 5.7915	Val Accuracy: 0.0
Training Epoch: 2/200	Train Loss: 3.3943	Val Accuracy: 3.16
Training Epoch: 3/200	Train Loss: 2.1036	Val Accuracy: 3.16
Training Epoch: 4/200	Train Loss: 1.9217	Val Accuracy: 3.3
Training Epoch: 5/200	Train Loss: 3.7126	Val Accuracy: 3.3
Training Epoch: 6/200	Train Loss: 1.6171	Val Accuracy: 3.4
Training Epoch: 7/200	Train Loss: 1.4002	Val Accuracy: 3.4
Training Epoch: 8/200	Train Loss: 1.3586	Val Accuracy: 3.44
Training Epoch: 9/200	Train Loss: 1.0046	Val Accuracy: 3.44
Training Epoch: 10/200	Train Loss: 1.0657	Val Accuracy: 3.68
Training Epoch: 11/200	Train Loss: 0.8522	Val Accuracy: 3.68
Training Epoch: 12/200	Train Loss: 0.5645	Val Accuracy: 3.92
Training Epoch: 13/200	Train Loss: 0.773	Val Accuracy: 3.92
Training Epoch: 14/200	Train Loss: 0.5308	Val Accuracy: 3.56
Training Epoch: 15/200	Train Loss: 0.4813	Val Accuracy: 3.56
Training Epoch: 16/200	Train Loss: 0.5795	Val Accuracy: 3.54
Training Epoch: 17/200	Train Loss: 0.361	Val Accuracy: 3.54
Training Epoch: 18/200	Train Loss: 1.8303	Val Accuracy: 4.22
Training Epoch: 19/200	Train Loss: 1.4299	Val Accuracy: 4.22
Training Epoch: 20/200	Train Loss: 0.8856	Val Accuracy: 4.1
Training Epoch: 21/200	Train Loss: 1.9098	Val Accuracy: 4.1
Training Epoch: 22/200	Train Loss: 4.6446	Val Accuracy: 4.38
Training Epoch: 23/200	Train Loss: 3.1135	Val Accuracy: 4.38
Training Epoch: 24/200	Train Loss: 2.4684	Val Accuracy: 3.96
Training Epoch: 25/200	Train Loss: 2.5205	Val Accuracy: 3.96
Training Epoch: 26/200	Train Loss: 1.3945	Val Accuracy: 4.42
Training Epoch: 27/200	Train Loss: 1.5386	Val Accuracy: 4.42
Training Epoch: 28/200	Train Loss: 0.5474	Val Accuracy: 3.8
Training Epoch: 29/200	Train Loss: 2.6855	Val Accuracy: 3.8
Training Epoch: 30/200	Train Loss: 0.6069	Val Accuracy: 3.5
Training Epoch: 31/200	Train Loss: 0.8673	Val Accuracy: 3.5
Training Epoch: 32/200	Train Loss: 3.7252	Val Accuracy: 3.82
Training Epoch: 33/200	Train Loss: 1.7478	Val Accuracy: 3.82
Training Epoch: 34/200	Train Loss: 1.2779	Val Accuracy: 4.28
Training Epoch: 35/200	Train Loss: 1.0235	Val Accuracy: 4.28
Training Epoch: 36/200	Train Loss: 1.1113	Val Accuracy: 4.14
Training Epoch: 37/200	Train Loss: 1.0616	Val Accuracy: 4.14
Training Epoch: 38/200	Train Loss: 0.3604	Val Accuracy: 4.0
Training Epoch: 39/200	Train Loss: 1.4983	Val Accuracy: 4.0
Training Epoch: 40/200	Train Loss: 0.5575	Val Accuracy: 3.84
Training Epoch: 41/200	Train Loss: 0.5075	Val Accuracy: 3.84
Training Epoch: 42/200	Train Loss: 0.6812	Val Accuracy: 4.02
Training Epoch: 43/200	Train Loss: 1.0444	Val Accuracy: 4.02
Training Epoch: 44/200	Train Loss: 0.3062	Val Accuracy: 3.9
Training Epoch: 45/200	Train Loss: 0.6224	Val Accuracy: 3.9
Training Epoch: 46/200	Train Loss: 3.213	Val Accuracy: 4.04
Training Epoch: 47/200	Train Loss: 1.4735	Val Accuracy: 4.04
Training Epoch: 48/200	Train Loss: 0.2329	Val Accuracy: 4.04
Training Epoch: 49/200	Train Loss: 0.7883	Val Accuracy: 4.04
Training Epoch: 50/200	Train Loss: 0.5919	Val Accuracy: 3.5
Training Epoch: 51/200	Train Loss: 0.3145	Val Accuracy: 3.5
Training Epoch: 52/200	Train Loss: 0.9365	Val Accuracy: 3.5
Training Epoch: 53/200	Train Loss: 0.5709	Val Accuracy: 3.5
Training Epoch: 54/200	Train Loss: 0.5513	Val Accuracy: 4.02
Training Epoch: 55/200	Train Loss: 0.1844	Val Accuracy: 4.02
Training Epoch: 56/200	Train Loss: 0.4519	Val Accuracy: 4.4
Training Epoch: 57/200	Train Loss: 0.2584	Val Accuracy: 4.4
Training Epoch: 58/200	Train Loss: 0.5957	Val Accuracy: 3.72
Training Epoch: 59/200	Train Loss: 0.128	Val Accuracy: 3.72
Training Epoch: 60/200	Train Loss: 0.1864	Val Accuracy: 3.98
Training Epoch: 61/200	Train Loss: 0.2169	Val Accuracy: 3.98
Training Epoch: 62/200	Train Loss: 0.0555	Val Accuracy: 3.94
Training Epoch: 63/200	Train Loss: 0.2938	Val Accuracy: 3.94
Training Epoch: 64/200	Train Loss: 0.4895	Val Accuracy: 4.0
Training Epoch: 65/200	Train Loss: 0.2052	Val Accuracy: 4.0
Training Epoch: 66/200	Train Loss: 0.12	Val Accuracy: 4.12
Training Epoch: 67/200	Train Loss: 0.0647	Val Accuracy: 4.12
Training Epoch: 68/200	Train Loss: 0.4076	Val Accuracy: 3.9
Training Epoch: 69/200	Train Loss: 0.1519	Val Accuracy: 3.9
Training Epoch: 70/200	Train Loss: 0.041	Val Accuracy: 3.98
Training Epoch: 71/200	Train Loss: 0.1411	Val Accuracy: 3.98
Training Epoch: 72/200	Train Loss: 0.1681	Val Accuracy: 4.04
Training Epoch: 73/200	Train Loss: 0.1453	Val Accuracy: 4.04
Training Epoch: 74/200	Train Loss: 0.6108	Val Accuracy: 4.38
Training Epoch: 75/200	Train Loss: 3.9234	Val Accuracy: 4.38
Training Epoch: 76/200	Train Loss: 0.1958	Val Accuracy: 4.18
Training Epoch: 77/200	Train Loss: 0.1394	Val Accuracy: 4.18
Training Epoch: 78/200	Train Loss: 0.153	Val Accuracy: 4.24
Training Epoch: 79/200	Train Loss: 0.0553	Val Accuracy: 4.24
Training Epoch: 80/200	Train Loss: 0.0574	Val Accuracy: 4.3
Training Epoch: 81/200	Train Loss: 0.1854	Val Accuracy: 4.3
Training Epoch: 82/200	Train Loss: 0.0408	Val Accuracy: 4.46
Training Epoch: 83/200	Train Loss: 0.306	Val Accuracy: 4.46
Training Epoch: 84/200	Train Loss: 0.2837	Val Accuracy: 4.52
Training Epoch: 85/200	Train Loss: 0.1567	Val Accuracy: 4.52
Training Epoch: 86/200	Train Loss: 0.0242	Val Accuracy: 4.28
Training Epoch: 87/200	Train Loss: 0.067	Val Accuracy: 4.28
Training Epoch: 88/200	Train Loss: 0.0853	Val Accuracy: 4.18
Training Epoch: 89/200	Train Loss: 0.1374	Val Accuracy: 4.18
Training Epoch: 90/200	Train Loss: 0.0291	Val Accuracy: 3.84
Training Epoch: 91/200	Train Loss: 0.0614	Val Accuracy: 3.84
Training Epoch: 92/200	Train Loss: 0.05	Val Accuracy: 4.24
Training Epoch: 93/200	Train Loss: 0.0394	Val Accuracy: 4.24
Training Epoch: 94/200	Train Loss: 0.0175	Val Accuracy: 4.1
Training Epoch: 95/200	Train Loss: 0.0751	Val Accuracy: 4.1
Training Epoch: 96/200	Train Loss: 0.1122	Val Accuracy: 3.92
Training Epoch: 97/200	Train Loss: 0.6553	Val Accuracy: 3.92
Training Epoch: 98/200	Train Loss: 0.0815	Val Accuracy: 3.78
Training Epoch: 99/200	Train Loss: 0.0143	Val Accuracy: 3.78
Training Epoch: 100/200	Train Loss: 0.0424	Val Accuracy: 3.72
Training Epoch: 101/200	Train Loss: 0.0157	Val Accuracy: 3.72
Training Epoch: 102/200	Train Loss: 0.0633	Val Accuracy: 3.8
Training Epoch: 103/200	Train Loss: 0.1247	Val Accuracy: 3.8
Training Epoch: 104/200	Train Loss: 0.1031	Val Accuracy: 3.88
Training Epoch: 105/200	Train Loss: 0.0235	Val Accuracy: 3.88
Training Epoch: 106/200	Train Loss: 0.0094	Val Accuracy: 4.34
Training Epoch: 107/200	Train Loss: 0.0077	Val Accuracy: 4.34
Training Epoch: 108/200	Train Loss: 0.1137	Val Accuracy: 3.74
Training Epoch: 109/200	Train Loss: 0.0278	Val Accuracy: 3.74
Training Epoch: 110/200	Train Loss: 0.0122	Val Accuracy: 3.68
Training Epoch: 111/200	Train Loss: 0.017	Val Accuracy: 3.68
Training Epoch: 112/200	Train Loss: 0.019	Val Accuracy: 3.86
Training Epoch: 113/200	Train Loss: 0.076	Val Accuracy: 3.86
Training Epoch: 114/200	Train Loss: 0.04	Val Accuracy: 3.7
Training Epoch: 115/200	Train Loss: 0.0512	Val Accuracy: 3.7
Training Epoch: 116/200	Train Loss: 0.0135	Val Accuracy: 3.98
Training Epoch: 117/200	Train Loss: 0.2556	Val Accuracy: 3.98
Training Epoch: 118/200	Train Loss: 0.0289	Val Accuracy: 3.96
Training Epoch: 119/200	Train Loss: 1.1101	Val Accuracy: 3.96
Training Epoch: 120/200	Train Loss: 0.1441	Val Accuracy: 3.82
Training Epoch: 121/200	Train Loss: 0.8726	Val Accuracy: 3.82
Training Epoch: 122/200	Train Loss: 0.2388	Val Accuracy: 3.72
Training Epoch: 123/200	Train Loss: 0.1948	Val Accuracy: 3.72
Training Epoch: 124/200	Train Loss: 0.0315	Val Accuracy: 3.86
Training Epoch: 125/200	Train Loss: 0.0109	Val Accuracy: 3.86
Training Epoch: 126/200	Train Loss: 0.0064	Val Accuracy: 3.94
Training Epoch: 127/200	Train Loss: 0.1776	Val Accuracy: 3.94
Training Epoch: 128/200	Train Loss: 0.0196	Val Accuracy: 4.14
Training Epoch: 129/200	Train Loss: 0.0563	Val Accuracy: 4.14
Training Epoch: 130/200	Train Loss: 0.0697	Val Accuracy: 4.36
Training Epoch: 131/200	Train Loss: 0.0299	Val Accuracy: 4.36
Training Epoch: 132/200	Train Loss: 0.0317	Val Accuracy: 4.18
Training Epoch: 133/200	Train Loss: 0.0078	Val Accuracy: 4.18
Training Epoch: 134/200	Train Loss: 0.0036	Val Accuracy: 4.24
Training Epoch: 135/200	Train Loss: 0.0804	Val Accuracy: 4.24
Training Epoch: 136/200	Train Loss: 0.0157	Val Accuracy: 3.76
Training Epoch: 137/200	Train Loss: 0.0161	Val Accuracy: 3.76
Training Epoch: 138/200	Train Loss: 0.0144	Val Accuracy: 4.18
Training Epoch: 139/200	Train Loss: 0.0376	Val Accuracy: 4.18
Training Epoch: 140/200	Train Loss: 0.7014	Val Accuracy: 3.84
Training Epoch: 141/200	Train Loss: 0.0242	Val Accuracy: 3.84
Training Epoch: 142/200	Train Loss: 0.0126	Val Accuracy: 3.94
Training Epoch: 143/200	Train Loss: 0.0047	Val Accuracy: 3.94
Training Epoch: 144/200	Train Loss: 0.0589	Val Accuracy: 3.84
Training Epoch: 145/200	Train Loss: 0.004	Val Accuracy: 3.84
Training Epoch: 146/200	Train Loss: 0.002	Val Accuracy: 3.76
Training Epoch: 147/200	Train Loss: 0.0085	Val Accuracy: 3.76
Training Epoch: 148/200	Train Loss: 0.0016	Val Accuracy: 3.84
Training Epoch: 149/200	Train Loss: 0.0655	Val Accuracy: 3.84
Training Epoch: 150/200	Train Loss: 0.0664	Val Accuracy: 4.0
Training Epoch: 151/200	Train Loss: 0.0091	Val Accuracy: 4.0
Training Epoch: 152/200	Train Loss: 0.0145	Val Accuracy: 3.88
Training Epoch: 153/200	Train Loss: 0.0217	Val Accuracy: 3.88
Training Epoch: 154/200	Train Loss: 0.8153	Val Accuracy: 4.16
Training Epoch: 155/200	Train Loss: 0.0055	Val Accuracy: 4.16
Training Epoch: 156/200	Train Loss: 0.006	Val Accuracy: 3.78
Training Epoch: 157/200	Train Loss: 0.0067	Val Accuracy: 3.78
Training Epoch: 158/200	Train Loss: 0.0049	Val Accuracy: 3.94
Training Epoch: 159/200	Train Loss: 0.0144	Val Accuracy: 3.94
Training Epoch: 160/200	Train Loss: 0.0014	Val Accuracy: 4.02
Training Epoch: 161/200	Train Loss: 0.029	Val Accuracy: 4.02
Training Epoch: 162/200	Train Loss: 0.0081	Val Accuracy: 3.9
Training Epoch: 163/200	Train Loss: 0.0039	Val Accuracy: 3.9
Training Epoch: 164/200	Train Loss: 0.0297	Val Accuracy: 4.16
Training Epoch: 165/200	Train Loss: 0.0187	Val Accuracy: 4.16
Training Epoch: 166/200	Train Loss: 0.0111	Val Accuracy: 3.98
Training Epoch: 167/200	Train Loss: 0.0163	Val Accuracy: 3.98
Training Epoch: 168/200	Train Loss: 0.003	Val Accuracy: 4.22
Training Epoch: 169/200	Train Loss: 0.0025	Val Accuracy: 4.22
Training Epoch: 170/200	Train Loss: 0.0012	Val Accuracy: 3.9
Training Epoch: 171/200	Train Loss: 0.0123	Val Accuracy: 3.9
Training Epoch: 172/200	Train Loss: 0.007	Val Accuracy: 4.16
Training Epoch: 173/200	Train Loss: 0.0356	Val Accuracy: 4.16
Training Epoch: 174/200	Train Loss: 0.0032	Val Accuracy: 4.22
Training Epoch: 175/200	Train Loss: 0.33	Val Accuracy: 4.22
Training Epoch: 176/200	Train Loss: 0.0419	Val Accuracy: 4.08
Training Epoch: 177/200	Train Loss: 0.0067	Val Accuracy: 4.08
Training Epoch: 178/200	Train Loss: 0.0043	Val Accuracy: 4.08
Training Epoch: 179/200	Train Loss: 0.0094	Val Accuracy: 4.08
Training Epoch: 180/200	Train Loss: 0.0947	Val Accuracy: 4.0
Training Epoch: 181/200	Train Loss: 0.0012	Val Accuracy: 4.0
Training Epoch: 182/200	Train Loss: 0.0039	Val Accuracy: 4.1
Training Epoch: 183/200	Train Loss: 0.0806	Val Accuracy: 4.1
Training Epoch: 184/200	Train Loss: 0.0086	Val Accuracy: 3.86
Training Epoch: 185/200	Train Loss: 0.0046	Val Accuracy: 3.86
Training Epoch: 186/200	Train Loss: 0.0564	Val Accuracy: 3.74
Training Epoch: 187/200	Train Loss: 0.0011	Val Accuracy: 3.74
Training Epoch: 188/200	Train Loss: 0.001	Val Accuracy: 3.96
Training Epoch: 189/200	Train Loss: 0.0057	Val Accuracy: 3.96
Training Epoch: 190/200	Train Loss: 0.0157	Val Accuracy: 4.0
Training Epoch: 191/200	Train Loss: 0.0036	Val Accuracy: 4.0
Training Epoch: 192/200	Train Loss: 0.0717	Val Accuracy: 3.92
Training Epoch: 193/200	Train Loss: 0.0229	Val Accuracy: 3.92
Training Epoch: 194/200	Train Loss: 0.0188	Val Accuracy: 4.16
Training Epoch: 195/200	Train Loss: 0.0052	Val Accuracy: 4.16
Training Epoch: 196/200	Train Loss: 0.0113	Val Accuracy: 4.04
Training Epoch: 197/200	Train Loss: 0.0024	Val Accuracy: 4.04
Training Epoch: 198/200	Train Loss: 0.0043	Val Accuracy: 3.98
Training Epoch: 199/200	Train Loss: 0.0068	Val Accuracy: 3.98
Training Epoch: 200/200	Train Loss: 0.0493	Val Accuracy: 4.16

Wrote Best Model Checkpoint to: vlBest_acc_4_model_epoch_0084.pyth

Best Validation Accuracy: 4.52
Best Epoch: 84

======== TESTING ========

Test Accuracy: 4.06.

======== ACTIVE SAMPLING ========

Extracting Lset Representations
len(dataLoader): 2
Extracting Uset Representations
len(dataLoader): 448
lb_repr.shape:  (200, 2048)
ul_repr.shape:  (44800, 2048)
Solving K Center Greedy Approach
[GPU] Labeled.shape: torch.Size([200, 2048])
[GPU] Unlabeled.shape: torch.Size([44800, 2048])
time taken: 0.0003986358642578125 seconds
Time taken to solve K center: 0.1474440097808838 seconds
Active Sampling Complete. After Episode 3:
New Labeled Set: 250, New Unlabeled Set: 44750, Active Set: 50

================================


Current accuracy values:  [2.8499999999999943, 2.989999999999995, 4.0, 4.060000000000002]
======== EPISODE 4 BEGINS ========

======== TRAINING ========
Training Epoch: 1/200	Train Loss: 4.3399	Val Accuracy: 0.0
Training Epoch: 2/200	Train Loss: 2.7076	Val Accuracy: 3.5
Training Epoch: 3/200	Train Loss: 1.8288	Val Accuracy: 3.5
Training Epoch: 4/200	Train Loss: 1.5165	Val Accuracy: 3.48
Training Epoch: 5/200	Train Loss: 0.9515	Val Accuracy: 3.48
Training Epoch: 6/200	Train Loss: 0.8924	Val Accuracy: 3.8
Training Epoch: 7/200	Train Loss: 1.0147	Val Accuracy: 3.8
Training Epoch: 8/200	Train Loss: 0.608	Val Accuracy: 4.3
Training Epoch: 9/200	Train Loss: 0.5789	Val Accuracy: 4.3
Training Epoch: 10/200	Train Loss: 0.542	Val Accuracy: 4.32
Training Epoch: 11/200	Train Loss: 0.6523	Val Accuracy: 4.32
Training Epoch: 12/200	Train Loss: 0.3889	Val Accuracy: 4.02
Training Epoch: 13/200	Train Loss: 0.4477	Val Accuracy: 4.02
Training Epoch: 14/200	Train Loss: 0.5957	Val Accuracy: 3.96
Training Epoch: 15/200	Train Loss: 0.3694	Val Accuracy: 3.96
Training Epoch: 16/200	Train Loss: 0.6488	Val Accuracy: 4.24
Training Epoch: 17/200	Train Loss: 0.2935	Val Accuracy: 4.24
Training Epoch: 18/200	Train Loss: 0.4443	Val Accuracy: 4.08
Training Epoch: 19/200	Train Loss: 0.2726	Val Accuracy: 4.08
Training Epoch: 20/200	Train Loss: 2.7945	Val Accuracy: 4.36
Training Epoch: 21/200	Train Loss: 1.2468	Val Accuracy: 4.36
Training Epoch: 22/200	Train Loss: 0.8822	Val Accuracy: 4.34
Training Epoch: 23/200	Train Loss: 0.2687	Val Accuracy: 4.34
Training Epoch: 24/200	Train Loss: 0.248	Val Accuracy: 4.32
Training Epoch: 25/200	Train Loss: 0.2447	Val Accuracy: 4.32
Training Epoch: 26/200	Train Loss: 0.2968	Val Accuracy: 3.8
Training Epoch: 27/200	Train Loss: 0.3431	Val Accuracy: 3.8
Training Epoch: 28/200	Train Loss: 0.125	Val Accuracy: 3.74
Training Epoch: 29/200	Train Loss: 0.1628	Val Accuracy: 3.74
Training Epoch: 30/200	Train Loss: 0.6787	Val Accuracy: 3.7
Training Epoch: 31/200	Train Loss: 1.8262	Val Accuracy: 3.7
Training Epoch: 32/200	Train Loss: 0.2333	Val Accuracy: 3.74
Training Epoch: 33/200	Train Loss: 0.3094	Val Accuracy: 3.74
Training Epoch: 34/200	Train Loss: 0.0979	Val Accuracy: 3.66
Training Epoch: 35/200	Train Loss: 0.4654	Val Accuracy: 3.66
Training Epoch: 36/200	Train Loss: 1.3882	Val Accuracy: 4.26
Training Epoch: 37/200	Train Loss: 0.1229	Val Accuracy: 4.26
Training Epoch: 38/200	Train Loss: 0.2454	Val Accuracy: 3.66
Training Epoch: 39/200	Train Loss: 0.2431	Val Accuracy: 3.66
Training Epoch: 40/200	Train Loss: 0.3304	Val Accuracy: 3.98
Training Epoch: 41/200	Train Loss: 0.5413	Val Accuracy: 3.98
Training Epoch: 42/200	Train Loss: 0.4245	Val Accuracy: 4.18
Training Epoch: 43/200	Train Loss: 0.0451	Val Accuracy: 4.18
Training Epoch: 44/200	Train Loss: 0.1301	Val Accuracy: 4.24
Training Epoch: 45/200	Train Loss: 0.0829	Val Accuracy: 4.24
Training Epoch: 46/200	Train Loss: 0.0982	Val Accuracy: 4.4
Training Epoch: 47/200	Train Loss: 0.0321	Val Accuracy: 4.4
Training Epoch: 48/200	Train Loss: 0.1805	Val Accuracy: 4.22
Training Epoch: 49/200	Train Loss: 0.0446	Val Accuracy: 4.22
Training Epoch: 50/200	Train Loss: 0.7173	Val Accuracy: 4.74
Training Epoch: 51/200	Train Loss: 0.1984	Val Accuracy: 4.74
Training Epoch: 52/200	Train Loss: 0.4265	Val Accuracy: 4.24
Training Epoch: 53/200	Train Loss: 0.1294	Val Accuracy: 4.24
Training Epoch: 54/200	Train Loss: 0.0627	Val Accuracy: 4.14
Training Epoch: 55/200	Train Loss: 0.0701	Val Accuracy: 4.14
Training Epoch: 56/200	Train Loss: 0.168	Val Accuracy: 4.14
Training Epoch: 57/200	Train Loss: 0.0318	Val Accuracy: 4.14
Training Epoch: 58/200	Train Loss: 0.0631	Val Accuracy: 3.96
Training Epoch: 59/200	Train Loss: 0.7601	Val Accuracy: 3.96
Training Epoch: 60/200	Train Loss: 0.1814	Val Accuracy: 3.58
Training Epoch: 61/200	Train Loss: 0.0283	Val Accuracy: 3.58
Training Epoch: 62/200	Train Loss: 0.018	Val Accuracy: 3.84
Training Epoch: 63/200	Train Loss: 0.0334	Val Accuracy: 3.84
Training Epoch: 64/200	Train Loss: 0.0283	Val Accuracy: 4.14
Training Epoch: 65/200	Train Loss: 0.1981	Val Accuracy: 4.14
Training Epoch: 66/200	Train Loss: 0.2287	Val Accuracy: 4.04
Training Epoch: 67/200	Train Loss: 0.1766	Val Accuracy: 4.04
Training Epoch: 68/200	Train Loss: 0.0349	Val Accuracy: 4.6
Training Epoch: 69/200	Train Loss: 0.0101	Val Accuracy: 4.6
Training Epoch: 70/200	Train Loss: 0.4172	Val Accuracy: 4.42
Training Epoch: 71/200	Train Loss: 0.22	Val Accuracy: 4.42
Training Epoch: 72/200	Train Loss: 0.3315	Val Accuracy: 4.12
Training Epoch: 73/200	Train Loss: 0.0718	Val Accuracy: 4.12
Training Epoch: 74/200	Train Loss: 0.5721	Val Accuracy: 4.24
Training Epoch: 75/200	Train Loss: 0.0722	Val Accuracy: 4.24
Training Epoch: 76/200	Train Loss: 0.0783	Val Accuracy: 3.9
Training Epoch: 77/200	Train Loss: 0.0756	Val Accuracy: 3.9
Training Epoch: 78/200	Train Loss: 0.094	Val Accuracy: 4.18
Training Epoch: 79/200	Train Loss: 0.0744	Val Accuracy: 4.18
Training Epoch: 80/200	Train Loss: 0.0601	Val Accuracy: 4.22
Training Epoch: 81/200	Train Loss: 0.1111	Val Accuracy: 4.22
Training Epoch: 82/200	Train Loss: 0.0051	Val Accuracy: 4.34
Training Epoch: 83/200	Train Loss: 0.0352	Val Accuracy: 4.34
Training Epoch: 84/200	Train Loss: 0.1071	Val Accuracy: 4.6
Training Epoch: 85/200	Train Loss: 0.0186	Val Accuracy: 4.6
Training Epoch: 86/200	Train Loss: 0.0693	Val Accuracy: 4.54
Training Epoch: 87/200	Train Loss: 0.0566	Val Accuracy: 4.54
Training Epoch: 88/200	Train Loss: 0.0194	Val Accuracy: 4.54
Training Epoch: 89/200	Train Loss: 0.0492	Val Accuracy: 4.54
Training Epoch: 90/200	Train Loss: 0.0066	Val Accuracy: 4.62
Training Epoch: 91/200	Train Loss: 0.0342	Val Accuracy: 4.62
Training Epoch: 92/200	Train Loss: 0.0043	Val Accuracy: 4.86
Training Epoch: 93/200	Train Loss: 0.0614	Val Accuracy: 4.86
Training Epoch: 94/200	Train Loss: 0.0161	Val Accuracy: 4.58
Training Epoch: 95/200	Train Loss: 0.0348	Val Accuracy: 4.58
Training Epoch: 96/200	Train Loss: 0.0859	Val Accuracy: 4.54
Training Epoch: 97/200	Train Loss: 0.0173	Val Accuracy: 4.54
Training Epoch: 98/200	Train Loss: 0.1194	Val Accuracy: 4.52
Training Epoch: 99/200	Train Loss: 0.0753	Val Accuracy: 4.52
Training Epoch: 100/200	Train Loss: 0.0758	Val Accuracy: 4.32
Training Epoch: 101/200	Train Loss: 0.0265	Val Accuracy: 4.32
Training Epoch: 102/200	Train Loss: 0.0589	Val Accuracy: 4.4
Training Epoch: 103/200	Train Loss: 0.0069	Val Accuracy: 4.4
Training Epoch: 104/200	Train Loss: 0.0037	Val Accuracy: 4.22
Training Epoch: 105/200	Train Loss: 0.044	Val Accuracy: 4.22
Training Epoch: 106/200	Train Loss: 0.0286	Val Accuracy: 4.5
Training Epoch: 107/200	Train Loss: 0.0901	Val Accuracy: 4.5
Training Epoch: 108/200	Train Loss: 0.064	Val Accuracy: 4.46
Training Epoch: 109/200	Train Loss: 0.0073	Val Accuracy: 4.46
Training Epoch: 110/200	Train Loss: 0.039	Val Accuracy: 4.44
Training Epoch: 111/200	Train Loss: 0.9642	Val Accuracy: 4.44
Training Epoch: 112/200	Train Loss: 0.0101	Val Accuracy: 4.38
Training Epoch: 113/200	Train Loss: 0.0257	Val Accuracy: 4.38
Training Epoch: 114/200	Train Loss: 0.0375	Val Accuracy: 4.52
Training Epoch: 115/200	Train Loss: 0.0519	Val Accuracy: 4.52
Training Epoch: 116/200	Train Loss: 0.0131	Val Accuracy: 4.46
Training Epoch: 117/200	Train Loss: 0.0268	Val Accuracy: 4.46
Training Epoch: 118/200	Train Loss: 0.033	Val Accuracy: 4.26
Training Epoch: 119/200	Train Loss: 0.0131	Val Accuracy: 4.26
Training Epoch: 120/200	Train Loss: 0.016	Val Accuracy: 4.62
Training Epoch: 121/200	Train Loss: 0.0105	Val Accuracy: 4.62
Training Epoch: 122/200	Train Loss: 0.0162	Val Accuracy: 4.52
Training Epoch: 123/200	Train Loss: 0.0131	Val Accuracy: 4.52
Training Epoch: 124/200	Train Loss: 0.0465	Val Accuracy: 4.26
Training Epoch: 125/200	Train Loss: 0.0618	Val Accuracy: 4.26
Training Epoch: 126/200	Train Loss: 0.0122	Val Accuracy: 3.92
Training Epoch: 127/200	Train Loss: 0.0291	Val Accuracy: 3.92
Training Epoch: 128/200	Train Loss: 0.039	Val Accuracy: 4.12
Training Epoch: 129/200	Train Loss: 0.0062	Val Accuracy: 4.12
Training Epoch: 130/200	Train Loss: 0.0084	Val Accuracy: 4.02
Training Epoch: 131/200	Train Loss: 0.0024	Val Accuracy: 4.02
Training Epoch: 132/200	Train Loss: 0.0062	Val Accuracy: 4.64
Training Epoch: 133/200	Train Loss: 0.002	Val Accuracy: 4.64
Training Epoch: 134/200	Train Loss: 0.0156	Val Accuracy: 4.22
Training Epoch: 135/200	Train Loss: 0.032	Val Accuracy: 4.22
Training Epoch: 136/200	Train Loss: 0.021	Val Accuracy: 4.58
Training Epoch: 137/200	Train Loss: 0.0046	Val Accuracy: 4.58
Training Epoch: 138/200	Train Loss: 0.0089	Val Accuracy: 4.22
Training Epoch: 139/200	Train Loss: 0.0563	Val Accuracy: 4.22
Training Epoch: 140/200	Train Loss: 0.002	Val Accuracy: 4.12
Training Epoch: 141/200	Train Loss: 0.0183	Val Accuracy: 4.12
Training Epoch: 142/200	Train Loss: 0.0182	Val Accuracy: 4.08
Training Epoch: 143/200	Train Loss: 0.0056	Val Accuracy: 4.08
Training Epoch: 144/200	Train Loss: 0.014	Val Accuracy: 4.02
Training Epoch: 145/200	Train Loss: 0.0114	Val Accuracy: 4.02
Training Epoch: 146/200	Train Loss: 0.0497	Val Accuracy: 4.24
Training Epoch: 147/200	Train Loss: 0.0165	Val Accuracy: 4.24
Training Epoch: 148/200	Train Loss: 0.007	Val Accuracy: 4.3
Training Epoch: 149/200	Train Loss: 0.0046	Val Accuracy: 4.3
Training Epoch: 150/200	Train Loss: 0.0035	Val Accuracy: 4.56
Training Epoch: 151/200	Train Loss: 0.0016	Val Accuracy: 4.56
Training Epoch: 152/200	Train Loss: 0.0182	Val Accuracy: 4.32
Training Epoch: 153/200	Train Loss: 0.0168	Val Accuracy: 4.32
Training Epoch: 154/200	Train Loss: 0.0292	Val Accuracy: 4.12
Training Epoch: 155/200	Train Loss: 0.0466	Val Accuracy: 4.12
Training Epoch: 156/200	Train Loss: 0.0066	Val Accuracy: 4.16
Training Epoch: 157/200	Train Loss: 0.0008	Val Accuracy: 4.16
Training Epoch: 158/200	Train Loss: 0.0014	Val Accuracy: 4.0
Training Epoch: 159/200	Train Loss: 0.0022	Val Accuracy: 4.0
Training Epoch: 160/200	Train Loss: 0.0076	Val Accuracy: 4.18
Training Epoch: 161/200	Train Loss: 0.0227	Val Accuracy: 4.18
Training Epoch: 162/200	Train Loss: 0.013	Val Accuracy: 4.12
Training Epoch: 163/200	Train Loss: 0.0033	Val Accuracy: 4.12
Training Epoch: 164/200	Train Loss: 0.0709	Val Accuracy: 4.12
Training Epoch: 165/200	Train Loss: 0.3555	Val Accuracy: 4.12
Training Epoch: 166/200	Train Loss: 0.0606	Val Accuracy: 4.3
Training Epoch: 167/200	Train Loss: 0.001	Val Accuracy: 4.3
Training Epoch: 168/200	Train Loss: 0.0027	Val Accuracy: 4.1
Training Epoch: 169/200	Train Loss: 0.0059	Val Accuracy: 4.1
Training Epoch: 170/200	Train Loss: 0.0297	Val Accuracy: 4.44
Training Epoch: 171/200	Train Loss: 0.0026	Val Accuracy: 4.44
Training Epoch: 172/200	Train Loss: 0.0051	Val Accuracy: 4.28
Training Epoch: 173/200	Train Loss: 0.0066	Val Accuracy: 4.28
Training Epoch: 174/200	Train Loss: 0.0065	Val Accuracy: 3.98
Training Epoch: 175/200	Train Loss: 0.0011	Val Accuracy: 3.98
Training Epoch: 176/200	Train Loss: 0.0046	Val Accuracy: 4.46
Training Epoch: 177/200	Train Loss: 0.0952	Val Accuracy: 4.46
Training Epoch: 178/200	Train Loss: 0.0009	Val Accuracy: 4.44
Training Epoch: 179/200	Train Loss: 0.0016	Val Accuracy: 4.44
Training Epoch: 180/200	Train Loss: 0.0009	Val Accuracy: 4.26
Training Epoch: 181/200	Train Loss: 0.1157	Val Accuracy: 4.26
Training Epoch: 182/200	Train Loss: 0.0014	Val Accuracy: 4.4
Training Epoch: 183/200	Train Loss: 0.0031	Val Accuracy: 4.4
Training Epoch: 184/200	Train Loss: 0.0012	Val Accuracy: 4.02
Training Epoch: 185/200	Train Loss: 0.0125	Val Accuracy: 4.02
Training Epoch: 186/200	Train Loss: 0.0019	Val Accuracy: 4.3
Training Epoch: 187/200	Train Loss: 0.0087	Val Accuracy: 4.3
Training Epoch: 188/200	Train Loss: 0.0014	Val Accuracy: 4.06
Training Epoch: 189/200	Train Loss: 0.0032	Val Accuracy: 4.06
Training Epoch: 190/200	Train Loss: 0.0078	Val Accuracy: 4.02
Training Epoch: 191/200	Train Loss: 0.0793	Val Accuracy: 4.02
Training Epoch: 192/200	Train Loss: 0.0262	Val Accuracy: 4.32
Training Epoch: 193/200	Train Loss: 0.0026	Val Accuracy: 4.32
Training Epoch: 194/200	Train Loss: 0.0012	Val Accuracy: 4.26
Training Epoch: 195/200	Train Loss: 0.008	Val Accuracy: 4.26
Training Epoch: 196/200	Train Loss: 0.0023	Val Accuracy: 4.24
Training Epoch: 197/200	Train Loss: 0.0344	Val Accuracy: 4.24
Training Epoch: 198/200	Train Loss: 0.0025	Val Accuracy: 4.32
Training Epoch: 199/200	Train Loss: 0.0139	Val Accuracy: 4.32
Training Epoch: 200/200	Train Loss: 0.0077	Val Accuracy: 4.18

Wrote Best Model Checkpoint to: vlBest_acc_4_model_epoch_0092.pyth

Best Validation Accuracy: 4.86
Best Epoch: 92

======== TESTING ========

Test Accuracy: 4.73.

======== ACTIVE SAMPLING ========

Extracting Lset Representations
len(dataLoader): 3
Extracting Uset Representations
len(dataLoader): 448
lb_repr.shape:  (250, 2048)
ul_repr.shape:  (44750, 2048)
Solving K Center Greedy Approach
[GPU] Labeled.shape: torch.Size([250, 2048])
[GPU] Unlabeled.shape: torch.Size([44750, 2048])
time taken: 0.00041174888610839844 seconds
Time taken to solve K center: 0.14791631698608398 seconds
Active Sampling Complete. After Episode 4:
New Labeled Set: 300, New Unlabeled Set: 44700, Active Set: 50

================================


Current accuracy values:  [2.8499999999999943, 2.989999999999995, 4.0, 4.060000000000002, 4.730000000000004]
======== EPISODE 5 BEGINS ========

======== TRAINING ========
Training Epoch: 1/200	Train Loss: 3.2603	Val Accuracy: 0.0
Training Epoch: 2/200	Train Loss: 1.9542	Val Accuracy: 4.1
Training Epoch: 3/200	Train Loss: 1.3282	Val Accuracy: 4.1
Training Epoch: 4/200	Train Loss: 1.1453	Val Accuracy: 4.56
Training Epoch: 5/200	Train Loss: 0.6979	Val Accuracy: 4.56
Training Epoch: 6/200	Train Loss: 0.9283	Val Accuracy: 4.18
Training Epoch: 7/200	Train Loss: 0.4291	Val Accuracy: 4.18
Training Epoch: 8/200	Train Loss: 0.8743	Val Accuracy: 4.74
Training Epoch: 9/200	Train Loss: 0.962	Val Accuracy: 4.74
Training Epoch: 10/200	Train Loss: 0.546	Val Accuracy: 4.16
Training Epoch: 11/200	Train Loss: 0.3273	Val Accuracy: 4.16
Training Epoch: 12/200	Train Loss: 0.5442	Val Accuracy: 3.98
Training Epoch: 13/200	Train Loss: 0.6891	Val Accuracy: 3.98
Training Epoch: 14/200	Train Loss: 0.165	Val Accuracy: 4.52
Training Epoch: 15/200	Train Loss: 0.2912	Val Accuracy: 4.52
Training Epoch: 16/200	Train Loss: 0.076	Val Accuracy: 4.46
Training Epoch: 17/200	Train Loss: 0.2336	Val Accuracy: 4.46
Training Epoch: 18/200	Train Loss: 0.3978	Val Accuracy: 4.68
Training Epoch: 19/200	Train Loss: 0.1878	Val Accuracy: 4.68
Training Epoch: 20/200	Train Loss: 0.3507	Val Accuracy: 5.0
Training Epoch: 21/200	Train Loss: 0.2326	Val Accuracy: 5.0
Training Epoch: 22/200	Train Loss: 0.2418	Val Accuracy: 4.12
Training Epoch: 23/200	Train Loss: 0.1048	Val Accuracy: 4.12
Training Epoch: 24/200	Train Loss: 0.2926	Val Accuracy: 4.44
Training Epoch: 25/200	Train Loss: 0.6276	Val Accuracy: 4.44
Training Epoch: 26/200	Train Loss: 0.2263	Val Accuracy: 3.92
Training Epoch: 27/200	Train Loss: 0.1895	Val Accuracy: 3.92
Training Epoch: 28/200	Train Loss: 0.123	Val Accuracy: 4.96
Training Epoch: 29/200	Train Loss: 0.1843	Val Accuracy: 4.96
Training Epoch: 30/200	Train Loss: 0.2703	Val Accuracy: 4.54
Training Epoch: 31/200	Train Loss: 0.1746	Val Accuracy: 4.54
Training Epoch: 32/200	Train Loss: 0.2013	Val Accuracy: 4.74
Training Epoch: 33/200	Train Loss: 0.4273	Val Accuracy: 4.74
Training Epoch: 34/200	Train Loss: 0.5568	Val Accuracy: 4.36
Training Epoch: 35/200	Train Loss: 0.1673	Val Accuracy: 4.36
Training Epoch: 36/200	Train Loss: 0.1884	Val Accuracy: 4.16
Training Epoch: 37/200	Train Loss: 0.1178	Val Accuracy: 4.16
Training Epoch: 38/200	Train Loss: 0.5214	Val Accuracy: 4.14
Training Epoch: 39/200	Train Loss: 0.1667	Val Accuracy: 4.14
Training Epoch: 40/200	Train Loss: 0.3843	Val Accuracy: 4.32
Training Epoch: 41/200	Train Loss: 0.104	Val Accuracy: 4.32
Training Epoch: 42/200	Train Loss: 0.3097	Val Accuracy: 3.94
Training Epoch: 43/200	Train Loss: 0.6596	Val Accuracy: 3.94
Training Epoch: 44/200	Train Loss: 0.1602	Val Accuracy: 4.22
Training Epoch: 45/200	Train Loss: 0.6657	Val Accuracy: 4.22
Training Epoch: 46/200	Train Loss: 0.2451	Val Accuracy: 4.42
Training Epoch: 47/200	Train Loss: 0.4319	Val Accuracy: 4.42
Training Epoch: 48/200	Train Loss: 0.138	Val Accuracy: 4.64
Training Epoch: 49/200	Train Loss: 0.1169	Val Accuracy: 4.64
Training Epoch: 50/200	Train Loss: 0.1489	Val Accuracy: 4.26
Training Epoch: 51/200	Train Loss: 0.1003	Val Accuracy: 4.26
Training Epoch: 52/200	Train Loss: 0.2396	Val Accuracy: 4.48
Training Epoch: 53/200	Train Loss: 0.1158	Val Accuracy: 4.48
Training Epoch: 54/200	Train Loss: 0.1015	Val Accuracy: 4.46
Training Epoch: 55/200	Train Loss: 0.4027	Val Accuracy: 4.46
Training Epoch: 56/200	Train Loss: 0.1706	Val Accuracy: 4.78
Training Epoch: 57/200	Train Loss: 0.0724	Val Accuracy: 4.78
Training Epoch: 58/200	Train Loss: 0.1353	Val Accuracy: 4.6
Training Epoch: 59/200	Train Loss: 0.1346	Val Accuracy: 4.6
Training Epoch: 60/200	Train Loss: 0.1214	Val Accuracy: 4.52
Training Epoch: 61/200	Train Loss: 0.0439	Val Accuracy: 4.52
Training Epoch: 62/200	Train Loss: 0.1586	Val Accuracy: 4.22
Training Epoch: 63/200	Train Loss: 0.0807	Val Accuracy: 4.22
Training Epoch: 64/200	Train Loss: 0.149	Val Accuracy: 4.46
Training Epoch: 65/200	Train Loss: 0.0373	Val Accuracy: 4.46
Training Epoch: 66/200	Train Loss: 0.3307	Val Accuracy: 4.34
Training Epoch: 67/200	Train Loss: 0.1702	Val Accuracy: 4.34
Training Epoch: 68/200	Train Loss: 0.0174	Val Accuracy: 4.48
Training Epoch: 69/200	Train Loss: 0.0363	Val Accuracy: 4.48
Training Epoch: 70/200	Train Loss: 0.0818	Val Accuracy: 4.64
Training Epoch: 71/200	Train Loss: 0.0591	Val Accuracy: 4.64
Training Epoch: 72/200	Train Loss: 0.0739	Val Accuracy: 4.56
Training Epoch: 73/200	Train Loss: 0.0626	Val Accuracy: 4.56
Training Epoch: 74/200	Train Loss: 0.0525	Val Accuracy: 4.26
Training Epoch: 75/200	Train Loss: 0.0368	Val Accuracy: 4.26
Training Epoch: 76/200	Train Loss: 0.0517	Val Accuracy: 4.46
Training Epoch: 77/200	Train Loss: 0.3486	Val Accuracy: 4.46
Training Epoch: 78/200	Train Loss: 0.7413	Val Accuracy: 4.7
Training Epoch: 79/200	Train Loss: 0.021	Val Accuracy: 4.7
Training Epoch: 80/200	Train Loss: 0.0845	Val Accuracy: 4.66
Training Epoch: 81/200	Train Loss: 0.2251	Val Accuracy: 4.66
Training Epoch: 82/200	Train Loss: 0.1221	Val Accuracy: 4.94
Training Epoch: 83/200	Train Loss: 0.2342	Val Accuracy: 4.94
Training Epoch: 84/200	Train Loss: 0.2657	Val Accuracy: 4.7
Training Epoch: 85/200	Train Loss: 0.0138	Val Accuracy: 4.7
Training Epoch: 86/200	Train Loss: 0.2586	Val Accuracy: 4.7
Training Epoch: 87/200	Train Loss: 0.0858	Val Accuracy: 4.7
Training Epoch: 88/200	Train Loss: 0.1888	Val Accuracy: 4.8
Training Epoch: 89/200	Train Loss: 0.043	Val Accuracy: 4.8
Training Epoch: 90/200	Train Loss: 0.2252	Val Accuracy: 4.64
Training Epoch: 91/200	Train Loss: 0.1113	Val Accuracy: 4.64
Training Epoch: 92/200	Train Loss: 0.1866	Val Accuracy: 4.46
Training Epoch: 93/200	Train Loss: 0.2816	Val Accuracy: 4.46
Training Epoch: 94/200	Train Loss: 0.148	Val Accuracy: 4.82
Training Epoch: 95/200	Train Loss: 0.4566	Val Accuracy: 4.82
Training Epoch: 96/200	Train Loss: 0.0031	Val Accuracy: 4.56
Training Epoch: 97/200	Train Loss: 0.0023	Val Accuracy: 4.56
Training Epoch: 98/200	Train Loss: 0.0283	Val Accuracy: 4.7
Training Epoch: 99/200	Train Loss: 0.09	Val Accuracy: 4.7
Training Epoch: 100/200	Train Loss: 0.0091	Val Accuracy: 4.76
Training Epoch: 101/200	Train Loss: 0.0137	Val Accuracy: 4.76
Training Epoch: 102/200	Train Loss: 0.0499	Val Accuracy: 4.88
Training Epoch: 103/200	Train Loss: 0.0339	Val Accuracy: 4.88
Training Epoch: 104/200	Train Loss: 0.0028	Val Accuracy: 4.4
Training Epoch: 105/200	Train Loss: 0.0176	Val Accuracy: 4.4
Training Epoch: 106/200	Train Loss: 0.003	Val Accuracy: 4.7
Training Epoch: 107/200	Train Loss: 0.0415	Val Accuracy: 4.7
Training Epoch: 108/200	Train Loss: 0.0065	Val Accuracy: 4.42
Training Epoch: 109/200	Train Loss: 0.0172	Val Accuracy: 4.42
Training Epoch: 110/200	Train Loss: 0.0712	Val Accuracy: 4.12
Training Epoch: 111/200	Train Loss: 0.0087	Val Accuracy: 4.12
Training Epoch: 112/200	Train Loss: 0.0082	Val Accuracy: 4.48
Training Epoch: 113/200	Train Loss: 0.0139	Val Accuracy: 4.48
Training Epoch: 114/200	Train Loss: 0.0241	Val Accuracy: 4.86
Training Epoch: 115/200	Train Loss: 0.523	Val Accuracy: 4.86
Training Epoch: 116/200	Train Loss: 0.0167	Val Accuracy: 4.7
Training Epoch: 117/200	Train Loss: 0.0021	Val Accuracy: 4.7
Training Epoch: 118/200	Train Loss: 0.1335	Val Accuracy: 4.78
Training Epoch: 119/200	Train Loss: 0.1107	Val Accuracy: 4.78
Training Epoch: 120/200	Train Loss: 0.0029	Val Accuracy: 4.74
Training Epoch: 121/200	Train Loss: 0.0026	Val Accuracy: 4.74
Training Epoch: 122/200	Train Loss: 0.0233	Val Accuracy: 4.76
Training Epoch: 123/200	Train Loss: 0.0007	Val Accuracy: 4.76
Training Epoch: 124/200	Train Loss: 0.0046	Val Accuracy: 4.98
Training Epoch: 125/200	Train Loss: 0.004	Val Accuracy: 4.98
Training Epoch: 126/200	Train Loss: 0.0023	Val Accuracy: 4.84
Training Epoch: 127/200	Train Loss: 0.0008	Val Accuracy: 4.84
Training Epoch: 128/200	Train Loss: 0.0141	Val Accuracy: 4.98
Training Epoch: 129/200	Train Loss: 0.0044	Val Accuracy: 4.98
Training Epoch: 130/200	Train Loss: 0.0007	Val Accuracy: 4.9
Training Epoch: 131/200	Train Loss: 0.0101	Val Accuracy: 4.9
Training Epoch: 132/200	Train Loss: 0.0006	Val Accuracy: 4.88
Training Epoch: 133/200	Train Loss: 0.0013	Val Accuracy: 4.88
Training Epoch: 134/200	Train Loss: 0.0115	Val Accuracy: 4.76
Training Epoch: 135/200	Train Loss: 0.0013	Val Accuracy: 4.76
Training Epoch: 136/200	Train Loss: 0.0007	Val Accuracy: 4.46
Training Epoch: 137/200	Train Loss: 0.0003	Val Accuracy: 4.46
Training Epoch: 138/200	Train Loss: 0.0974	Val Accuracy: 4.5
Training Epoch: 139/200	Train Loss: 0.0013	Val Accuracy: 4.5
Training Epoch: 140/200	Train Loss: 0.0002	Val Accuracy: 4.8
Training Epoch: 141/200	Train Loss: 0.0426	Val Accuracy: 4.8
Training Epoch: 142/200	Train Loss: 0.0042	Val Accuracy: 4.66
Training Epoch: 143/200	Train Loss: 0.0011	Val Accuracy: 4.66
Training Epoch: 144/200	Train Loss: 0.0003	Val Accuracy: 4.5
Training Epoch: 145/200	Train Loss: 0.001	Val Accuracy: 4.5
Training Epoch: 146/200	Train Loss: 0.0486	Val Accuracy: 5.0
Training Epoch: 147/200	Train Loss: 0.0049	Val Accuracy: 5.0
Training Epoch: 148/200	Train Loss: 0.0735	Val Accuracy: 4.72
Training Epoch: 149/200	Train Loss: 0.0008	Val Accuracy: 4.72
Training Epoch: 150/200	Train Loss: 0.0003	Val Accuracy: 4.98
Training Epoch: 151/200	Train Loss: 0.0003	Val Accuracy: 4.98
Training Epoch: 152/200	Train Loss: 0.002	Val Accuracy: 4.56
Training Epoch: 153/200	Train Loss: 0.0006	Val Accuracy: 4.56
Training Epoch: 154/200	Train Loss: 0.0009	Val Accuracy: 4.92
Training Epoch: 155/200	Train Loss: 0.0003	Val Accuracy: 4.92
Training Epoch: 156/200	Train Loss: 0.0557	Val Accuracy: 4.54
Training Epoch: 157/200	Train Loss: 0.0016	Val Accuracy: 4.54
Training Epoch: 158/200	Train Loss: 0.0831	Val Accuracy: 4.86
Training Epoch: 159/200	Train Loss: 0.0379	Val Accuracy: 4.86
Training Epoch: 160/200	Train Loss: 0.0051	Val Accuracy: 4.74
Training Epoch: 161/200	Train Loss: 0.0002	Val Accuracy: 4.74
Training Epoch: 162/200	Train Loss: 0.0016	Val Accuracy: 4.76
Training Epoch: 163/200	Train Loss: 0.0032	Val Accuracy: 4.76
Training Epoch: 164/200	Train Loss: 0.005	Val Accuracy: 4.7
Training Epoch: 165/200	Train Loss: 0.0287	Val Accuracy: 4.7
Training Epoch: 166/200	Train Loss: 0.0005	Val Accuracy: 4.46
Training Epoch: 167/200	Train Loss: 0.0002	Val Accuracy: 4.46
Training Epoch: 168/200	Train Loss: 0.0022	Val Accuracy: 4.52
Training Epoch: 169/200	Train Loss: 0.013	Val Accuracy: 4.52
Training Epoch: 170/200	Train Loss: 0.0007	Val Accuracy: 4.68
Training Epoch: 171/200	Train Loss: 0.0002	Val Accuracy: 4.68
Training Epoch: 172/200	Train Loss: 0.0023	Val Accuracy: 4.76
Training Epoch: 173/200	Train Loss: 0.0004	Val Accuracy: 4.76
Training Epoch: 174/200	Train Loss: 0.002	Val Accuracy: 5.14
Training Epoch: 175/200	Train Loss: 0.0038	Val Accuracy: 5.14
Training Epoch: 176/200	Train Loss: 0.0015	Val Accuracy: 4.76
Training Epoch: 177/200	Train Loss: 0.0011	Val Accuracy: 4.76
Training Epoch: 178/200	Train Loss: 0.0014	Val Accuracy: 4.72
Training Epoch: 179/200	Train Loss: 0.0006	Val Accuracy: 4.72
Training Epoch: 180/200	Train Loss: 0.0008	Val Accuracy: 4.98
Training Epoch: 181/200	Train Loss: 0.0043	Val Accuracy: 4.98
Training Epoch: 182/200	Train Loss: 0.0096	Val Accuracy: 4.48
Training Epoch: 183/200	Train Loss: 0.0028	Val Accuracy: 4.48
Training Epoch: 184/200	Train Loss: 0.0017	Val Accuracy: 4.2
Training Epoch: 185/200	Train Loss: 0.0023	Val Accuracy: 4.2
Training Epoch: 186/200	Train Loss: 0.004	Val Accuracy: 4.7
Training Epoch: 187/200	Train Loss: 0.0013	Val Accuracy: 4.7
Training Epoch: 188/200	Train Loss: 0.0012	Val Accuracy: 4.78
Training Epoch: 189/200	Train Loss: 0.0005	Val Accuracy: 4.78
Training Epoch: 190/200	Train Loss: 0.246	Val Accuracy: 4.88
Training Epoch: 191/200	Train Loss: 0.0004	Val Accuracy: 4.88
Training Epoch: 192/200	Train Loss: 0.0049	Val Accuracy: 4.38
Training Epoch: 193/200	Train Loss: 0.0051	Val Accuracy: 4.38
Training Epoch: 194/200	Train Loss: 0.0012	Val Accuracy: 4.68
Training Epoch: 195/200	Train Loss: 0.0013	Val Accuracy: 4.68
Training Epoch: 196/200	Train Loss: 0.0007	Val Accuracy: 4.9
Training Epoch: 197/200	Train Loss: 0.0002	Val Accuracy: 4.9
Training Epoch: 198/200	Train Loss: 0.0015	Val Accuracy: 4.4
Training Epoch: 199/200	Train Loss: 0.0045	Val Accuracy: 4.4
Training Epoch: 200/200	Train Loss: 0.0033	Val Accuracy: 4.68

Wrote Best Model Checkpoint to: vlBest_acc_5_model_epoch_0174.pyth

Best Validation Accuracy: 5.14
Best Epoch: 174

======== TESTING ========

Test Accuracy: 4.61.

======== ACTIVE SAMPLING ========

Extracting Lset Representations
len(dataLoader): 3
Extracting Uset Representations
len(dataLoader): 447
lb_repr.shape:  (300, 2048)
ul_repr.shape:  (44700, 2048)
Solving K Center Greedy Approach
[GPU] Labeled.shape: torch.Size([300, 2048])
[GPU] Unlabeled.shape: torch.Size([44700, 2048])
time taken: 0.0003788471221923828 seconds
Time taken to solve K center: 0.1479787826538086 seconds
Active Sampling Complete. After Episode 5:
New Labeled Set: 350, New Unlabeled Set: 44650, Active Set: 50

================================


Current accuracy values:  [2.8499999999999943, 2.989999999999995, 4.0, 4.060000000000002, 4.730000000000004, 4.609999999999999]
======== EPISODE 6 BEGINS ========

======== TRAINING ========
Training Epoch: 1/200	Train Loss: 1.9508	Val Accuracy: 0.0
Training Epoch: 2/200	Train Loss: 1.928	Val Accuracy: 4.14
Training Epoch: 3/200	Train Loss: 1.572	Val Accuracy: 4.14
Training Epoch: 4/200	Train Loss: 0.9293	Val Accuracy: 4.34
Training Epoch: 5/200	Train Loss: 0.4385	Val Accuracy: 4.34
Training Epoch: 6/200	Train Loss: 0.5839	Val Accuracy: 4.26
Training Epoch: 7/200	Train Loss: 0.3438	Val Accuracy: 4.26
Training Epoch: 8/200	Train Loss: 0.6346	Val Accuracy: 4.9
Training Epoch: 9/200	Train Loss: 0.208	Val Accuracy: 4.9
Training Epoch: 10/200	Train Loss: 0.4558	Val Accuracy: 4.72
Training Epoch: 11/200	Train Loss: 0.1684	Val Accuracy: 4.72
Training Epoch: 12/200	Train Loss: 0.2662	Val Accuracy: 4.64
Training Epoch: 13/200	Train Loss: 0.2614	Val Accuracy: 4.64
Training Epoch: 14/200	Train Loss: 0.1821	Val Accuracy: 4.6
Training Epoch: 15/200	Train Loss: 0.1364	Val Accuracy: 4.6
Training Epoch: 16/200	Train Loss: 0.2239	Val Accuracy: 4.84
Training Epoch: 17/200	Train Loss: 0.1263	Val Accuracy: 4.84
Training Epoch: 18/200	Train Loss: 0.3492	Val Accuracy: 4.6
Training Epoch: 19/200	Train Loss: 0.1034	Val Accuracy: 4.6
Training Epoch: 20/200	Train Loss: 0.2094	Val Accuracy: 4.34
Training Epoch: 21/200	Train Loss: 0.6469	Val Accuracy: 4.34
Training Epoch: 22/200	Train Loss: 0.1265	Val Accuracy: 4.4
Training Epoch: 23/200	Train Loss: 0.3998	Val Accuracy: 4.4
Training Epoch: 24/200	Train Loss: 0.2073	Val Accuracy: 4.92
Training Epoch: 25/200	Train Loss: 0.3647	Val Accuracy: 4.92
Training Epoch: 26/200	Train Loss: 0.1088	Val Accuracy: 4.5
Training Epoch: 27/200	Train Loss: 0.098	Val Accuracy: 4.5
Training Epoch: 28/200	Train Loss: 0.1756	Val Accuracy: 4.04
Training Epoch: 29/200	Train Loss: 0.1299	Val Accuracy: 4.04
Training Epoch: 30/200	Train Loss: 0.2893	Val Accuracy: 5.04
Training Epoch: 31/200	Train Loss: 0.4174	Val Accuracy: 5.04
Training Epoch: 32/200	Train Loss: 0.2531	Val Accuracy: 4.72
Training Epoch: 33/200	Train Loss: 0.6849	Val Accuracy: 4.72
Training Epoch: 34/200	Train Loss: 0.1236	Val Accuracy: 4.72
Training Epoch: 35/200	Train Loss: 0.32	Val Accuracy: 4.72
Training Epoch: 36/200	Train Loss: 0.3941	Val Accuracy: 4.92
Training Epoch: 37/200	Train Loss: 0.4279	Val Accuracy: 4.92
Training Epoch: 38/200	Train Loss: 0.0814	Val Accuracy: 4.68
Training Epoch: 39/200	Train Loss: 0.4354	Val Accuracy: 4.68
Training Epoch: 40/200	Train Loss: 0.2853	Val Accuracy: 4.1
Training Epoch: 41/200	Train Loss: 0.9985	Val Accuracy: 4.1
Training Epoch: 42/200	Train Loss: 0.185	Val Accuracy: 4.58
Training Epoch: 43/200	Train Loss: 0.7741	Val Accuracy: 4.58
Training Epoch: 44/200	Train Loss: 0.1203	Val Accuracy: 4.42
Training Epoch: 45/200	Train Loss: 0.0984	Val Accuracy: 4.42
Training Epoch: 46/200	Train Loss: 0.0635	Val Accuracy: 5.02
Training Epoch: 47/200	Train Loss: 0.15	Val Accuracy: 5.02
Training Epoch: 48/200	Train Loss: 0.0518	Val Accuracy: 4.46
Training Epoch: 49/200	Train Loss: 0.9149	Val Accuracy: 4.46
Training Epoch: 50/200	Train Loss: 0.2244	Val Accuracy: 4.2
Training Epoch: 51/200	Train Loss: 0.5357	Val Accuracy: 4.2
Training Epoch: 52/200	Train Loss: 0.1481	Val Accuracy: 4.38
Training Epoch: 53/200	Train Loss: 0.1786	Val Accuracy: 4.38
Training Epoch: 54/200	Train Loss: 0.0666	Val Accuracy: 4.56
Training Epoch: 55/200	Train Loss: 0.1614	Val Accuracy: 4.56
Training Epoch: 56/200	Train Loss: 0.1527	Val Accuracy: 4.8
Training Epoch: 57/200	Train Loss: 0.1831	Val Accuracy: 4.8
Training Epoch: 58/200	Train Loss: 0.0893	Val Accuracy: 4.94
Training Epoch: 59/200	Train Loss: 0.3521	Val Accuracy: 4.94
Training Epoch: 60/200	Train Loss: 0.2401	Val Accuracy: 4.64
Training Epoch: 61/200	Train Loss: 0.3828	Val Accuracy: 4.64
Training Epoch: 62/200	Train Loss: 0.4371	Val Accuracy: 4.8
Training Epoch: 63/200	Train Loss: 0.0358	Val Accuracy: 4.8
Training Epoch: 64/200	Train Loss: 0.2906	Val Accuracy: 5.14
Training Epoch: 65/200	Train Loss: 0.208	Val Accuracy: 5.14
Training Epoch: 66/200	Train Loss: 0.0814	Val Accuracy: 5.02
Training Epoch: 67/200	Train Loss: 0.0888	Val Accuracy: 5.02
Training Epoch: 68/200	Train Loss: 0.3226	Val Accuracy: 4.42
Training Epoch: 69/200	Train Loss: 0.1874	Val Accuracy: 4.42
Training Epoch: 70/200	Train Loss: 0.5742	Val Accuracy: 4.36
Training Epoch: 71/200	Train Loss: 0.1587	Val Accuracy: 4.36
Training Epoch: 72/200	Train Loss: 0.1767	Val Accuracy: 4.58
Training Epoch: 73/200	Train Loss: 0.0754	Val Accuracy: 4.58
Training Epoch: 74/200	Train Loss: 0.039	Val Accuracy: 5.42
Training Epoch: 75/200	Train Loss: 0.091	Val Accuracy: 5.42
Training Epoch: 76/200	Train Loss: 0.1856	Val Accuracy: 5.5
Training Epoch: 77/200	Train Loss: 0.1791	Val Accuracy: 5.5
Training Epoch: 78/200	Train Loss: 0.0466	Val Accuracy: 5.0
Training Epoch: 79/200	Train Loss: 0.0521	Val Accuracy: 5.0
Training Epoch: 80/200	Train Loss: 0.0018	Val Accuracy: 4.64
Training Epoch: 81/200	Train Loss: 0.0648	Val Accuracy: 4.64
Training Epoch: 82/200	Train Loss: 0.0357	Val Accuracy: 4.96
Training Epoch: 83/200	Train Loss: 0.0242	Val Accuracy: 4.96
Training Epoch: 84/200	Train Loss: 0.0551	Val Accuracy: 4.92
Training Epoch: 85/200	Train Loss: 0.0249	Val Accuracy: 4.92
Training Epoch: 86/200	Train Loss: 0.0168	Val Accuracy: 4.64
Training Epoch: 87/200	Train Loss: 0.0247	Val Accuracy: 4.64
Training Epoch: 88/200	Train Loss: 0.0012	Val Accuracy: 5.42
Training Epoch: 89/200	Train Loss: 0.1759	Val Accuracy: 5.42
Training Epoch: 90/200	Train Loss: 0.2582	Val Accuracy: 4.72
Training Epoch: 91/200	Train Loss: 0.0179	Val Accuracy: 4.72
Training Epoch: 92/200	Train Loss: 0.0427	Val Accuracy: 5.28
Training Epoch: 93/200	Train Loss: 0.0659	Val Accuracy: 5.28
Training Epoch: 94/200	Train Loss: 0.0343	Val Accuracy: 5.24
Training Epoch: 95/200	Train Loss: 0.0307	Val Accuracy: 5.24
Training Epoch: 96/200	Train Loss: 0.011	Val Accuracy: 4.68
Training Epoch: 97/200	Train Loss: 0.0121	Val Accuracy: 4.68
Training Epoch: 98/200	Train Loss: 0.0225	Val Accuracy: 5.14
Training Epoch: 99/200	Train Loss: 0.003	Val Accuracy: 5.14
Training Epoch: 100/200	Train Loss: 0.0063	Val Accuracy: 5.18
Training Epoch: 101/200	Train Loss: 0.0686	Val Accuracy: 5.18
Training Epoch: 102/200	Train Loss: 0.0008	Val Accuracy: 5.14
Training Epoch: 103/200	Train Loss: 0.0365	Val Accuracy: 5.14
Training Epoch: 104/200	Train Loss: 0.0071	Val Accuracy: 4.96
Training Epoch: 105/200	Train Loss: 0.0257	Val Accuracy: 4.96
Training Epoch: 106/200	Train Loss: 0.0038	Val Accuracy: 5.18
Training Epoch: 107/200	Train Loss: 0.0204	Val Accuracy: 5.18
Training Epoch: 108/200	Train Loss: 0.0942	Val Accuracy: 4.72
Training Epoch: 109/200	Train Loss: 0.0103	Val Accuracy: 4.72
Training Epoch: 110/200	Train Loss: 0.1116	Val Accuracy: 4.56
Training Epoch: 111/200	Train Loss: 0.0067	Val Accuracy: 4.56
Training Epoch: 112/200	Train Loss: 0.0313	Val Accuracy: 4.72
Training Epoch: 113/200	Train Loss: 0.0475	Val Accuracy: 4.72
Training Epoch: 114/200	Train Loss: 0.0068	Val Accuracy: 4.86
Training Epoch: 115/200	Train Loss: 0.0107	Val Accuracy: 4.86
Training Epoch: 116/200	Train Loss: 0.2019	Val Accuracy: 4.92
Training Epoch: 117/200	Train Loss: 0.0022	Val Accuracy: 4.92
Training Epoch: 118/200	Train Loss: 0.0078	Val Accuracy: 4.96
Training Epoch: 119/200	Train Loss: 0.1559	Val Accuracy: 4.96
Training Epoch: 120/200	Train Loss: 0.0602	Val Accuracy: 5.06
Training Epoch: 121/200	Train Loss: 0.0715	Val Accuracy: 5.06
Training Epoch: 122/200	Train Loss: 0.01	Val Accuracy: 4.98
Training Epoch: 123/200	Train Loss: 0.0051	Val Accuracy: 4.98
Training Epoch: 124/200	Train Loss: 0.0126	Val Accuracy: 4.94
Training Epoch: 125/200	Train Loss: 0.0411	Val Accuracy: 4.94
Training Epoch: 126/200	Train Loss: 0.0023	Val Accuracy: 5.14
Training Epoch: 127/200	Train Loss: 0.0003	Val Accuracy: 5.14
Training Epoch: 128/200	Train Loss: 0.0004	Val Accuracy: 5.18
Training Epoch: 129/200	Train Loss: 0.0404	Val Accuracy: 5.18
Training Epoch: 130/200	Train Loss: 0.0055	Val Accuracy: 4.84
Training Epoch: 131/200	Train Loss: 0.0017	Val Accuracy: 4.84
Training Epoch: 132/200	Train Loss: 0.0054	Val Accuracy: 4.9
Training Epoch: 133/200	Train Loss: 0.0112	Val Accuracy: 4.9
Training Epoch: 134/200	Train Loss: 0.0079	Val Accuracy: 4.78
Training Epoch: 135/200	Train Loss: 0.0149	Val Accuracy: 4.78
Training Epoch: 136/200	Train Loss: 0.0048	Val Accuracy: 4.92
Training Epoch: 137/200	Train Loss: 0.0029	Val Accuracy: 4.92
Training Epoch: 138/200	Train Loss: 0.0019	Val Accuracy: 4.82
Training Epoch: 139/200	Train Loss: 0.002	Val Accuracy: 4.82
Training Epoch: 140/200	Train Loss: 0.0025	Val Accuracy: 4.8
Training Epoch: 141/200	Train Loss: 0.0005	Val Accuracy: 4.8
Training Epoch: 142/200	Train Loss: 0.0005	Val Accuracy: 4.72
Training Epoch: 143/200	Train Loss: 0.0031	Val Accuracy: 4.72
Training Epoch: 144/200	Train Loss: 0.0018	Val Accuracy: 4.96
Training Epoch: 145/200	Train Loss: 0.0031	Val Accuracy: 4.96
Training Epoch: 146/200	Train Loss: 0.0495	Val Accuracy: 4.84
Training Epoch: 147/200	Train Loss: 0.0013	Val Accuracy: 4.84
Training Epoch: 148/200	Train Loss: 0.0003	Val Accuracy: 4.82
Training Epoch: 149/200	Train Loss: 0.0012	Val Accuracy: 4.82
Training Epoch: 150/200	Train Loss: 0.0004	Val Accuracy: 4.68
Training Epoch: 151/200	Train Loss: 0.0006	Val Accuracy: 4.68
Training Epoch: 152/200	Train Loss: 0.0038	Val Accuracy: 4.72
Training Epoch: 153/200	Train Loss: 0.0003	Val Accuracy: 4.72
Training Epoch: 154/200	Train Loss: 0.002	Val Accuracy: 4.82
Training Epoch: 155/200	Train Loss: 0.0072	Val Accuracy: 4.82
Training Epoch: 156/200	Train Loss: 0.0008	Val Accuracy: 4.96
Training Epoch: 157/200	Train Loss: 0.0019	Val Accuracy: 4.96
Training Epoch: 158/200	Train Loss: 0.0002	Val Accuracy: 5.22
Training Epoch: 159/200	Train Loss: 0.0183	Val Accuracy: 5.22
Training Epoch: 160/200	Train Loss: 0.0019	Val Accuracy: 4.98
Training Epoch: 161/200	Train Loss: 0.0007	Val Accuracy: 4.98
Training Epoch: 162/200	Train Loss: 0.0271	Val Accuracy: 4.86
Training Epoch: 163/200	Train Loss: 0.0015	Val Accuracy: 4.86
Training Epoch: 164/200	Train Loss: 0.0013	Val Accuracy: 5.28
Training Epoch: 165/200	Train Loss: 0.0296	Val Accuracy: 5.28
Training Epoch: 166/200	Train Loss: 0.0004	Val Accuracy: 4.9
Training Epoch: 167/200	Train Loss: 0.0015	Val Accuracy: 4.9
Training Epoch: 168/200	Train Loss: 0.0052	Val Accuracy: 5.22
Training Epoch: 169/200	Train Loss: 0.0019	Val Accuracy: 5.22
Training Epoch: 170/200	Train Loss: 0.0057	Val Accuracy: 5.12
Training Epoch: 171/200	Train Loss: 0.0723	Val Accuracy: 5.12
Training Epoch: 172/200	Train Loss: 0.0463	Val Accuracy: 4.66
Training Epoch: 173/200	Train Loss: 0.0002	Val Accuracy: 4.66
Training Epoch: 174/200	Train Loss: 0.002	Val Accuracy: 4.78
Training Epoch: 175/200	Train Loss: 0.0003	Val Accuracy: 4.78
Training Epoch: 176/200	Train Loss: 0.0008	Val Accuracy: 5.06
Training Epoch: 177/200	Train Loss: 0.0003	Val Accuracy: 5.06
Training Epoch: 178/200	Train Loss: 0.0017	Val Accuracy: 5.02
Training Epoch: 179/200	Train Loss: 0.0085	Val Accuracy: 5.02
Training Epoch: 180/200	Train Loss: 0.0002	Val Accuracy: 5.2
Training Epoch: 181/200	Train Loss: 0.0245	Val Accuracy: 5.2
Training Epoch: 182/200	Train Loss: 0.0002	Val Accuracy: 5.14
Training Epoch: 183/200	Train Loss: 0.0037	Val Accuracy: 5.14
Training Epoch: 184/200	Train Loss: 0.0007	Val Accuracy: 4.74
Training Epoch: 185/200	Train Loss: 0.0039	Val Accuracy: 4.74
Training Epoch: 186/200	Train Loss: 0.0004	Val Accuracy: 4.7
Training Epoch: 187/200	Train Loss: 0.0005	Val Accuracy: 4.7
Training Epoch: 188/200	Train Loss: 0.0282	Val Accuracy: 5.22
Training Epoch: 189/200	Train Loss: 0.0031	Val Accuracy: 5.22
Training Epoch: 190/200	Train Loss: 0.0007	Val Accuracy: 5.06
Training Epoch: 191/200	Train Loss: 0.0024	Val Accuracy: 5.06
Training Epoch: 192/200	Train Loss: 0.017	Val Accuracy: 4.68
Training Epoch: 193/200	Train Loss: 0.0019	Val Accuracy: 4.68
Training Epoch: 194/200	Train Loss: 0.0004	Val Accuracy: 4.88
Training Epoch: 195/200	Train Loss: 0.0017	Val Accuracy: 4.88
Training Epoch: 196/200	Train Loss: 0.0023	Val Accuracy: 4.98
Training Epoch: 197/200	Train Loss: 0.0333	Val Accuracy: 4.98
Training Epoch: 198/200	Train Loss: 0.0045	Val Accuracy: 5.1
Training Epoch: 199/200	Train Loss: 0.003	Val Accuracy: 5.1
Training Epoch: 200/200	Train Loss: 0.0012	Val Accuracy: 4.96

Wrote Best Model Checkpoint to: vlBest_acc_5_model_epoch_0076.pyth

Best Validation Accuracy: 5.5
Best Epoch: 76

======== TESTING ========

Test Accuracy: 5.16.

======== ACTIVE SAMPLING ========

Extracting Lset Representations
len(dataLoader): 4
Extracting Uset Representations
len(dataLoader): 447
lb_repr.shape:  (350, 2048)
ul_repr.shape:  (44650, 2048)
Solving K Center Greedy Approach
[GPU] Labeled.shape: torch.Size([350, 2048])
[GPU] Unlabeled.shape: torch.Size([44650, 2048])
time taken: 0.00041937828063964844 seconds
Time taken to solve K center: 0.14801383018493652 seconds
Active Sampling Complete. After Episode 6:
New Labeled Set: 400, New Unlabeled Set: 44600, Active Set: 50

================================


Current accuracy values:  [2.8499999999999943, 2.989999999999995, 4.0, 4.060000000000002, 4.730000000000004, 4.609999999999999, 5.159999999999997]
======== EPISODE 7 BEGINS ========

======== TRAINING ========
Training Epoch: 1/200	Train Loss: 1.989	Val Accuracy: 0.0
Training Epoch: 2/200	Train Loss: 1.0277	Val Accuracy: 4.76
Training Epoch: 3/200	Train Loss: 1.0947	Val Accuracy: 4.76
Training Epoch: 4/200	Train Loss: 0.6198	Val Accuracy: 4.94
Training Epoch: 5/200	Train Loss: 0.4094	Val Accuracy: 4.94
Training Epoch: 6/200	Train Loss: 0.4597	Val Accuracy: 5.32
Training Epoch: 7/200	Train Loss: 0.3219	Val Accuracy: 5.32
Training Epoch: 8/200	Train Loss: 0.1129	Val Accuracy: 5.08
Training Epoch: 9/200	Train Loss: 0.2899	Val Accuracy: 5.08
Training Epoch: 10/200	Train Loss: 0.1581	Val Accuracy: 4.68
Training Epoch: 11/200	Train Loss: 0.3349	Val Accuracy: 4.68
Training Epoch: 12/200	Train Loss: 0.4849	Val Accuracy: 5.14
Training Epoch: 13/200	Train Loss: 0.116	Val Accuracy: 5.14
Training Epoch: 14/200	Train Loss: 0.3606	Val Accuracy: 5.28
Training Epoch: 15/200	Train Loss: 0.1832	Val Accuracy: 5.28
Training Epoch: 16/200	Train Loss: 0.1798	Val Accuracy: 5.04
Training Epoch: 17/200	Train Loss: 0.255	Val Accuracy: 5.04
Training Epoch: 18/200	Train Loss: 0.3269	Val Accuracy: 5.78
Training Epoch: 19/200	Train Loss: 0.3413	Val Accuracy: 5.78
Training Epoch: 20/200	Train Loss: 0.1121	Val Accuracy: 5.64
Training Epoch: 21/200	Train Loss: 0.2099	Val Accuracy: 5.64
Training Epoch: 22/200	Train Loss: 0.0701	Val Accuracy: 5.24
Training Epoch: 23/200	Train Loss: 0.1883	Val Accuracy: 5.24
Training Epoch: 24/200	Train Loss: 0.0889	Val Accuracy: 4.8
Training Epoch: 25/200	Train Loss: 0.2928	Val Accuracy: 4.8
Training Epoch: 26/200	Train Loss: 0.2184	Val Accuracy: 4.78
Training Epoch: 27/200	Train Loss: 0.1642	Val Accuracy: 4.78
Training Epoch: 28/200	Train Loss: 0.2827	Val Accuracy: 4.58
Training Epoch: 29/200	Train Loss: 0.1316	Val Accuracy: 4.58
Training Epoch: 30/200	Train Loss: 0.1012	Val Accuracy: 5.04
Training Epoch: 31/200	Train Loss: 0.2185	Val Accuracy: 5.04
Training Epoch: 32/200	Train Loss: 0.1159	Val Accuracy: 5.1
Training Epoch: 33/200	Train Loss: 0.0716	Val Accuracy: 5.1
Training Epoch: 34/200	Train Loss: 0.1291	Val Accuracy: 5.5
Training Epoch: 35/200	Train Loss: 0.231	Val Accuracy: 5.5
Training Epoch: 36/200	Train Loss: 0.1432	Val Accuracy: 5.38
Training Epoch: 37/200	Train Loss: 0.0119	Val Accuracy: 5.38
Training Epoch: 38/200	Train Loss: 0.1948	Val Accuracy: 5.16
Training Epoch: 39/200	Train Loss: 0.1973	Val Accuracy: 5.16
Training Epoch: 40/200	Train Loss: 0.3887	Val Accuracy: 5.22
Training Epoch: 41/200	Train Loss: 0.1461	Val Accuracy: 5.22
Training Epoch: 42/200	Train Loss: 0.2602	Val Accuracy: 5.58
Training Epoch: 43/200	Train Loss: 0.163	Val Accuracy: 5.58
Training Epoch: 44/200	Train Loss: 0.367	Val Accuracy: 5.44
Training Epoch: 45/200	Train Loss: 0.3543	Val Accuracy: 5.44
Training Epoch: 46/200	Train Loss: 0.0638	Val Accuracy: 5.28
Training Epoch: 47/200	Train Loss: 0.2545	Val Accuracy: 5.28
Training Epoch: 48/200	Train Loss: 0.2898	Val Accuracy: 5.42
Training Epoch: 49/200	Train Loss: 0.1952	Val Accuracy: 5.42
Training Epoch: 50/200	Train Loss: 0.199	Val Accuracy: 5.94
Training Epoch: 51/200	Train Loss: 0.3454	Val Accuracy: 5.94
Training Epoch: 52/200	Train Loss: 0.1604	Val Accuracy: 5.46
Training Epoch: 53/200	Train Loss: 0.0663	Val Accuracy: 5.46
Training Epoch: 54/200	Train Loss: 0.1062	Val Accuracy: 5.56
Training Epoch: 55/200	Train Loss: 0.0124	Val Accuracy: 5.56
Training Epoch: 56/200	Train Loss: 0.1053	Val Accuracy: 5.14
Training Epoch: 57/200	Train Loss: 0.1547	Val Accuracy: 5.14
Training Epoch: 58/200	Train Loss: 0.0174	Val Accuracy: 5.54
Training Epoch: 59/200	Train Loss: 0.0972	Val Accuracy: 5.54
Training Epoch: 60/200	Train Loss: 0.1733	Val Accuracy: 5.2
Training Epoch: 61/200	Train Loss: 0.0462	Val Accuracy: 5.2
Training Epoch: 62/200	Train Loss: 0.0528	Val Accuracy: 4.96
Training Epoch: 63/200	Train Loss: 0.0401	Val Accuracy: 4.96
Training Epoch: 64/200	Train Loss: 0.063	Val Accuracy: 5.36
Training Epoch: 65/200	Train Loss: 0.017	Val Accuracy: 5.36
Training Epoch: 66/200	Train Loss: 0.168	Val Accuracy: 6.12
Training Epoch: 67/200	Train Loss: 0.0297	Val Accuracy: 6.12
Training Epoch: 68/200	Train Loss: 0.0045	Val Accuracy: 5.6
Training Epoch: 69/200	Train Loss: 0.0169	Val Accuracy: 5.6
Training Epoch: 70/200	Train Loss: 0.2025	Val Accuracy: 5.96
Training Epoch: 71/200	Train Loss: 0.1785	Val Accuracy: 5.96
Training Epoch: 72/200	Train Loss: 0.0221	Val Accuracy: 5.7
Training Epoch: 73/200	Train Loss: 0.0395	Val Accuracy: 5.7
Training Epoch: 74/200	Train Loss: 0.1026	Val Accuracy: 5.58
Training Epoch: 75/200	Train Loss: 0.0315	Val Accuracy: 5.58
Training Epoch: 76/200	Train Loss: 0.0743	Val Accuracy: 5.74
Training Epoch: 77/200	Train Loss: 0.0928	Val Accuracy: 5.74
Training Epoch: 78/200	Train Loss: 0.0016	Val Accuracy: 5.44
Training Epoch: 79/200	Train Loss: 0.0127	Val Accuracy: 5.44
Training Epoch: 80/200	Train Loss: 0.0782	Val Accuracy: 5.42
Training Epoch: 81/200	Train Loss: 0.0678	Val Accuracy: 5.42
Training Epoch: 82/200	Train Loss: 0.0043	Val Accuracy: 5.26
Training Epoch: 83/200	Train Loss: 0.0188	Val Accuracy: 5.26
Training Epoch: 84/200	Train Loss: 0.0243	Val Accuracy: 5.46
Training Epoch: 85/200	Train Loss: 0.069	Val Accuracy: 5.46
Training Epoch: 86/200	Train Loss: 0.0058	Val Accuracy: 5.76
Training Epoch: 87/200	Train Loss: 0.0047	Val Accuracy: 5.76
Training Epoch: 88/200	Train Loss: 0.0054	Val Accuracy: 5.76
Training Epoch: 89/200	Train Loss: 0.0056	Val Accuracy: 5.76
Training Epoch: 90/200	Train Loss: 0.0229	Val Accuracy: 5.82
Training Epoch: 91/200	Train Loss: 0.0545	Val Accuracy: 5.82
Training Epoch: 92/200	Train Loss: 0.0144	Val Accuracy: 5.28
Training Epoch: 93/200	Train Loss: 0.0519	Val Accuracy: 5.28
Training Epoch: 94/200	Train Loss: 0.0023	Val Accuracy: 5.38
Training Epoch: 95/200	Train Loss: 0.0007	Val Accuracy: 5.38
Training Epoch: 96/200	Train Loss: 0.0173	Val Accuracy: 5.4
Training Epoch: 97/200	Train Loss: 0.0005	Val Accuracy: 5.4
Training Epoch: 98/200	Train Loss: 0.0005	Val Accuracy: 5.4
Training Epoch: 99/200	Train Loss: 0.0022	Val Accuracy: 5.4
Training Epoch: 100/200	Train Loss: 0.0011	Val Accuracy: 5.52
Training Epoch: 101/200	Train Loss: 0.0052	Val Accuracy: 5.52
Training Epoch: 102/200	Train Loss: 0.0135	Val Accuracy: 5.52
Training Epoch: 103/200	Train Loss: 0.0007	Val Accuracy: 5.52
Training Epoch: 104/200	Train Loss: 0.0006	Val Accuracy: 5.68
Training Epoch: 105/200	Train Loss: 0.0021	Val Accuracy: 5.68
Training Epoch: 106/200	Train Loss: 0.0914	Val Accuracy: 5.48
Training Epoch: 107/200	Train Loss: 0.0325	Val Accuracy: 5.48
Training Epoch: 108/200	Train Loss: 0.0016	Val Accuracy: 5.66
Training Epoch: 109/200	Train Loss: 0.0042	Val Accuracy: 5.66
Training Epoch: 110/200	Train Loss: 0.0092	Val Accuracy: 5.84
Training Epoch: 111/200	Train Loss: 0.0745	Val Accuracy: 5.84
Training Epoch: 112/200	Train Loss: 0.0012	Val Accuracy: 5.58
Training Epoch: 113/200	Train Loss: 0.0051	Val Accuracy: 5.58
Training Epoch: 114/200	Train Loss: 0.0004	Val Accuracy: 5.84
Training Epoch: 115/200	Train Loss: 0.099	Val Accuracy: 5.84
Training Epoch: 116/200	Train Loss: 0.0348	Val Accuracy: 5.6
Training Epoch: 117/200	Train Loss: 0.0011	Val Accuracy: 5.6
Training Epoch: 118/200	Train Loss: 0.0035	Val Accuracy: 5.64
Training Epoch: 119/200	Train Loss: 0.0024	Val Accuracy: 5.64
Training Epoch: 120/200	Train Loss: 0.0088	Val Accuracy: 5.6
Training Epoch: 121/200	Train Loss: 0.0005	Val Accuracy: 5.6
Training Epoch: 122/200	Train Loss: 0.0897	Val Accuracy: 5.78
Training Epoch: 123/200	Train Loss: 0.0071	Val Accuracy: 5.78
Training Epoch: 124/200	Train Loss: 0.0063	Val Accuracy: 5.32
Training Epoch: 125/200	Train Loss: 0.122	Val Accuracy: 5.32
Training Epoch: 126/200	Train Loss: 0.0001	Val Accuracy: 5.46
Training Epoch: 127/200	Train Loss: 0.0004	Val Accuracy: 5.46
Training Epoch: 128/200	Train Loss: 0.0032	Val Accuracy: 5.76
Training Epoch: 129/200	Train Loss: 0.0009	Val Accuracy: 5.76
Training Epoch: 130/200	Train Loss: 0.0012	Val Accuracy: 5.52
Training Epoch: 131/200	Train Loss: 0.0005	Val Accuracy: 5.52
Training Epoch: 132/200	Train Loss: 0.0011	Val Accuracy: 5.56
Training Epoch: 133/200	Train Loss: 0.0008	Val Accuracy: 5.56
Training Epoch: 134/200	Train Loss: 0.0065	Val Accuracy: 5.46
Training Epoch: 135/200	Train Loss: 0.0006	Val Accuracy: 5.46
Training Epoch: 136/200	Train Loss: 0.0006	Val Accuracy: 5.7
Training Epoch: 137/200	Train Loss: 0.0221	Val Accuracy: 5.7
Training Epoch: 138/200	Train Loss: 0.0045	Val Accuracy: 5.5
Training Epoch: 139/200	Train Loss: 0.0002	Val Accuracy: 5.5
Training Epoch: 140/200	Train Loss: 0.0218	Val Accuracy: 5.58
Training Epoch: 141/200	Train Loss: 0.0019	Val Accuracy: 5.58
Training Epoch: 142/200	Train Loss: 0.001	Val Accuracy: 5.54
Training Epoch: 143/200	Train Loss: 0.0002	Val Accuracy: 5.54
Training Epoch: 144/200	Train Loss: 0.0469	Val Accuracy: 5.32
Training Epoch: 145/200	Train Loss: 0.002	Val Accuracy: 5.32
Training Epoch: 146/200	Train Loss: 0.0054	Val Accuracy: 5.66
Training Epoch: 147/200	Train Loss: 0.0007	Val Accuracy: 5.66
Training Epoch: 148/200	Train Loss: 0.0002	Val Accuracy: 5.72
Training Epoch: 149/200	Train Loss: 0.0015	Val Accuracy: 5.72
Training Epoch: 150/200	Train Loss: 0.0125	Val Accuracy: 5.26
Training Epoch: 151/200	Train Loss: 0.0099	Val Accuracy: 5.26
Training Epoch: 152/200	Train Loss: 0.0022	Val Accuracy: 5.56
Training Epoch: 153/200	Train Loss: 0.0039	Val Accuracy: 5.56
Training Epoch: 154/200	Train Loss: 0.0012	Val Accuracy: 5.54
Training Epoch: 155/200	Train Loss: 0.001	Val Accuracy: 5.54
Training Epoch: 156/200	Train Loss: 0.0002	Val Accuracy: 5.3
Training Epoch: 157/200	Train Loss: 0.0008	Val Accuracy: 5.3
Training Epoch: 158/200	Train Loss: 0.0193	Val Accuracy: 5.52
Training Epoch: 159/200	Train Loss: 0.0468	Val Accuracy: 5.52
Training Epoch: 160/200	Train Loss: 0.0092	Val Accuracy: 5.42
Training Epoch: 161/200	Train Loss: 0.0517	Val Accuracy: 5.42
Training Epoch: 162/200	Train Loss: 0.0002	Val Accuracy: 5.5
Training Epoch: 163/200	Train Loss: 0.0002	Val Accuracy: 5.5
Training Epoch: 164/200	Train Loss: 0.0033	Val Accuracy: 5.44
Training Epoch: 165/200	Train Loss: 0.0001	Val Accuracy: 5.44
Training Epoch: 166/200	Train Loss: 0.0049	Val Accuracy: 5.32
Training Epoch: 167/200	Train Loss: 0.0004	Val Accuracy: 5.32
Training Epoch: 168/200	Train Loss: 0.0013	Val Accuracy: 5.54
Training Epoch: 169/200	Train Loss: 0.0008	Val Accuracy: 5.54
Training Epoch: 170/200	Train Loss: 0.0003	Val Accuracy: 5.56
Training Epoch: 171/200	Train Loss: 0.0003	Val Accuracy: 5.56
Training Epoch: 172/200	Train Loss: 0.0048	Val Accuracy: 5.74
Training Epoch: 173/200	Train Loss: 0.0004	Val Accuracy: 5.74
Training Epoch: 174/200	Train Loss: 0.0007	Val Accuracy: 5.56
Training Epoch: 175/200	Train Loss: 0.0031	Val Accuracy: 5.56
Training Epoch: 176/200	Train Loss: 0.0075	Val Accuracy: 5.4
Training Epoch: 177/200	Train Loss: 0.0005	Val Accuracy: 5.4
Training Epoch: 178/200	Train Loss: 0.0002	Val Accuracy: 5.44
Training Epoch: 179/200	Train Loss: 0.0007	Val Accuracy: 5.44
Training Epoch: 180/200	Train Loss: 0.0001	Val Accuracy: 5.82
Training Epoch: 181/200	Train Loss: 0.0002	Val Accuracy: 5.82
Training Epoch: 182/200	Train Loss: 0.0003	Val Accuracy: 5.38
Training Epoch: 183/200	Train Loss: 0.0014	Val Accuracy: 5.38
Training Epoch: 184/200	Train Loss: 0.0006	Val Accuracy: 5.6
Training Epoch: 185/200	Train Loss: 0.0434	Val Accuracy: 5.6
Training Epoch: 186/200	Train Loss: 0.0008	Val Accuracy: 5.7
Training Epoch: 187/200	Train Loss: 0.0022	Val Accuracy: 5.7
Training Epoch: 188/200	Train Loss: 0.012	Val Accuracy: 5.6
Training Epoch: 189/200	Train Loss: 0.001	Val Accuracy: 5.6
Training Epoch: 190/200	Train Loss: 0.0001	Val Accuracy: 5.58
Training Epoch: 191/200	Train Loss: 0.0022	Val Accuracy: 5.58
Training Epoch: 192/200	Train Loss: 0.1311	Val Accuracy: 5.24
Training Epoch: 193/200	Train Loss: 0.0001	Val Accuracy: 5.24
Training Epoch: 194/200	Train Loss: 0.0003	Val Accuracy: 5.66
Training Epoch: 195/200	Train Loss: 0.0024	Val Accuracy: 5.66
Training Epoch: 196/200	Train Loss: 0.0004	Val Accuracy: 5.44
Training Epoch: 197/200	Train Loss: 0.0002	Val Accuracy: 5.44
Training Epoch: 198/200	Train Loss: 0.005	Val Accuracy: 5.6
Training Epoch: 199/200	Train Loss: 0.0004	Val Accuracy: 5.6
Training Epoch: 200/200	Train Loss: 0.0002	Val Accuracy: 5.74

Wrote Best Model Checkpoint to: vlBest_acc_6_model_epoch_0066.pyth

Best Validation Accuracy: 6.12
Best Epoch: 66

======== TESTING ========

Test Accuracy: 5.73.

======== ACTIVE SAMPLING ========

Extracting Lset Representations
len(dataLoader): 4
Extracting Uset Representations
len(dataLoader): 446
lb_repr.shape:  (400, 2048)
ul_repr.shape:  (44600, 2048)
Solving K Center Greedy Approach
[GPU] Labeled.shape: torch.Size([400, 2048])
[GPU] Unlabeled.shape: torch.Size([44600, 2048])
time taken: 0.0003695487976074219 seconds
Time taken to solve K center: 0.14833760261535645 seconds
Active Sampling Complete. After Episode 7:
New Labeled Set: 450, New Unlabeled Set: 44550, Active Set: 50

================================


Current accuracy values:  [2.8499999999999943, 2.989999999999995, 4.0, 4.060000000000002, 4.730000000000004, 4.609999999999999, 5.159999999999997, 5.730000000000004]
======== EPISODE 8 BEGINS ========

======== TRAINING ========
Training Epoch: 1/200	Train Loss: 1.5178	Val Accuracy: 0.0
Training Epoch: 2/200	Train Loss: 0.8681	Val Accuracy: 4.78
Training Epoch: 3/200	Train Loss: 0.3644	Val Accuracy: 4.78
Training Epoch: 4/200	Train Loss: 0.3778	Val Accuracy: 5.12
Training Epoch: 5/200	Train Loss: 0.7285	Val Accuracy: 5.12
Training Epoch: 6/200	Train Loss: 0.41	Val Accuracy: 5.0
Training Epoch: 7/200	Train Loss: 0.219	Val Accuracy: 5.0
Training Epoch: 8/200	Train Loss: 0.3452	Val Accuracy: 5.18
Training Epoch: 9/200	Train Loss: 0.2659	Val Accuracy: 5.18
Training Epoch: 10/200	Train Loss: 0.0456	Val Accuracy: 5.08
Training Epoch: 11/200	Train Loss: 0.2871	Val Accuracy: 5.08
Training Epoch: 12/200	Train Loss: 0.0383	Val Accuracy: 5.32
Training Epoch: 13/200	Train Loss: 0.0748	Val Accuracy: 5.32
Training Epoch: 14/200	Train Loss: 0.1029	Val Accuracy: 5.32
Training Epoch: 15/200	Train Loss: 0.1057	Val Accuracy: 5.32
Training Epoch: 16/200	Train Loss: 0.208	Val Accuracy: 5.06
Training Epoch: 17/200	Train Loss: 0.5546	Val Accuracy: 5.06
Training Epoch: 18/200	Train Loss: 0.2665	Val Accuracy: 4.88
Training Epoch: 19/200	Train Loss: 0.2329	Val Accuracy: 4.88
Training Epoch: 20/200	Train Loss: 0.3651	Val Accuracy: 5.12
Training Epoch: 21/200	Train Loss: 0.1072	Val Accuracy: 5.12
Training Epoch: 22/200	Train Loss: 0.1099	Val Accuracy: 4.98
Training Epoch: 23/200	Train Loss: 0.0781	Val Accuracy: 4.98
Training Epoch: 24/200	Train Loss: 0.4884	Val Accuracy: 5.04
Training Epoch: 25/200	Train Loss: 0.0653	Val Accuracy: 5.04
Training Epoch: 26/200	Train Loss: 0.1954	Val Accuracy: 5.32
Training Epoch: 27/200	Train Loss: 0.2482	Val Accuracy: 5.32
Training Epoch: 28/200	Train Loss: 0.1199	Val Accuracy: 5.18
Training Epoch: 29/200	Train Loss: 0.2739	Val Accuracy: 5.18
Training Epoch: 30/200	Train Loss: 0.2299	Val Accuracy: 5.42
Training Epoch: 31/200	Train Loss: 0.0744	Val Accuracy: 5.42
Training Epoch: 32/200	Train Loss: 0.078	Val Accuracy: 5.06
Training Epoch: 33/200	Train Loss: 0.1961	Val Accuracy: 5.06
Training Epoch: 34/200	Train Loss: 0.2172	Val Accuracy: 4.92
Training Epoch: 35/200	Train Loss: 0.2308	Val Accuracy: 4.92
Training Epoch: 36/200	Train Loss: 0.2891	Val Accuracy: 5.6
Training Epoch: 37/200	Train Loss: 0.1227	Val Accuracy: 5.6
Training Epoch: 38/200	Train Loss: 0.2443	Val Accuracy: 5.38
Training Epoch: 39/200	Train Loss: 0.0718	Val Accuracy: 5.38
Training Epoch: 40/200	Train Loss: 0.0956	Val Accuracy: 5.08
Training Epoch: 41/200	Train Loss: 0.191	Val Accuracy: 5.08
Training Epoch: 42/200	Train Loss: 0.0586	Val Accuracy: 4.84
Training Epoch: 43/200	Train Loss: 0.1153	Val Accuracy: 4.84
Training Epoch: 44/200	Train Loss: 0.1527	Val Accuracy: 5.26
Training Epoch: 45/200	Train Loss: 0.1207	Val Accuracy: 5.26
Training Epoch: 46/200	Train Loss: 0.0457	Val Accuracy: 4.82
Training Epoch: 47/200	Train Loss: 0.0347	Val Accuracy: 4.82
Training Epoch: 48/200	Train Loss: 0.092	Val Accuracy: 5.1
Training Epoch: 49/200	Train Loss: 0.0814	Val Accuracy: 5.1
Training Epoch: 50/200	Train Loss: 0.024	Val Accuracy: 5.08
Training Epoch: 51/200	Train Loss: 0.0528	Val Accuracy: 5.08
Training Epoch: 52/200	Train Loss: 0.1108	Val Accuracy: 4.98
Training Epoch: 53/200	Train Loss: 0.1437	Val Accuracy: 4.98
Training Epoch: 54/200	Train Loss: 0.101	Val Accuracy: 5.4
Training Epoch: 55/200	Train Loss: 0.1124	Val Accuracy: 5.4
Training Epoch: 56/200	Train Loss: 0.0561	Val Accuracy: 5.14
Training Epoch: 57/200	Train Loss: 0.0264	Val Accuracy: 5.14
Training Epoch: 58/200	Train Loss: 0.1238	Val Accuracy: 5.4
Training Epoch: 59/200	Train Loss: 0.0438	Val Accuracy: 5.4
Training Epoch: 60/200	Train Loss: 0.0868	Val Accuracy: 6.0
Training Epoch: 61/200	Train Loss: 0.0604	Val Accuracy: 6.0
Training Epoch: 62/200	Train Loss: 0.0612	Val Accuracy: 5.64
Training Epoch: 63/200	Train Loss: 0.0016	Val Accuracy: 5.64
Training Epoch: 64/200	Train Loss: 0.106	Val Accuracy: 5.34
Training Epoch: 65/200	Train Loss: 0.009	Val Accuracy: 5.34
Training Epoch: 66/200	Train Loss: 0.0032	Val Accuracy: 5.38
Training Epoch: 67/200	Train Loss: 0.041	Val Accuracy: 5.38
Training Epoch: 68/200	Train Loss: 0.0123	Val Accuracy: 5.32
Training Epoch: 69/200	Train Loss: 0.0454	Val Accuracy: 5.32
Training Epoch: 70/200	Train Loss: 0.065	Val Accuracy: 5.3
Training Epoch: 71/200	Train Loss: 0.009	Val Accuracy: 5.3
Training Epoch: 72/200	Train Loss: 0.0026	Val Accuracy: 5.18
Training Epoch: 73/200	Train Loss: 0.0015	Val Accuracy: 5.18
Training Epoch: 74/200	Train Loss: 0.0212	Val Accuracy: 5.54
Training Epoch: 75/200	Train Loss: 0.0092	Val Accuracy: 5.54
Training Epoch: 76/200	Train Loss: 0.0013	Val Accuracy: 5.16
Training Epoch: 77/200	Train Loss: 0.0095	Val Accuracy: 5.16
Training Epoch: 78/200	Train Loss: 0.0527	Val Accuracy: 5.3
Training Epoch: 79/200	Train Loss: 0.0695	Val Accuracy: 5.3
Training Epoch: 80/200	Train Loss: 0.0011	Val Accuracy: 5.08
Training Epoch: 81/200	Train Loss: 0.0183	Val Accuracy: 5.08
Training Epoch: 82/200	Train Loss: 0.0084	Val Accuracy: 5.4
Training Epoch: 83/200	Train Loss: 0.0214	Val Accuracy: 5.4
Training Epoch: 84/200	Train Loss: 0.0405	Val Accuracy: 5.5
Training Epoch: 85/200	Train Loss: 0.0037	Val Accuracy: 5.5
Training Epoch: 86/200	Train Loss: 0.0231	Val Accuracy: 5.06
Training Epoch: 87/200	Train Loss: 0.0067	Val Accuracy: 5.06
Training Epoch: 88/200	Train Loss: 0.0658	Val Accuracy: 5.24
Training Epoch: 89/200	Train Loss: 0.0014	Val Accuracy: 5.24
Training Epoch: 90/200	Train Loss: 0.0018	Val Accuracy: 5.36
Training Epoch: 91/200	Train Loss: 0.0003	Val Accuracy: 5.36
Training Epoch: 92/200	Train Loss: 0.0094	Val Accuracy: 5.86
Training Epoch: 93/200	Train Loss: 0.0006	Val Accuracy: 5.86
Training Epoch: 94/200	Train Loss: 0.0022	Val Accuracy: 5.3
Training Epoch: 95/200	Train Loss: 0.0017	Val Accuracy: 5.3
Training Epoch: 96/200	Train Loss: 0.007	Val Accuracy: 5.48
Training Epoch: 97/200	Train Loss: 0.0013	Val Accuracy: 5.48
Training Epoch: 98/200	Train Loss: 0.0464	Val Accuracy: 5.84
Training Epoch: 99/200	Train Loss: 0.026	Val Accuracy: 5.84
Training Epoch: 100/200	Train Loss: 0.0106	Val Accuracy: 5.82
Training Epoch: 101/200	Train Loss: 0.0017	Val Accuracy: 5.82
Training Epoch: 102/200	Train Loss: 0.0003	Val Accuracy: 5.6
Training Epoch: 103/200	Train Loss: 0.0036	Val Accuracy: 5.6
Training Epoch: 104/200	Train Loss: 0.0018	Val Accuracy: 5.76
Training Epoch: 105/200	Train Loss: 0.0007	Val Accuracy: 5.76
Training Epoch: 106/200	Train Loss: 0.0009	Val Accuracy: 5.68
Training Epoch: 107/200	Train Loss: 0.0233	Val Accuracy: 5.68
Training Epoch: 108/200	Train Loss: 0.0006	Val Accuracy: 6.06
Training Epoch: 109/200	Train Loss: 0.0006	Val Accuracy: 6.06
Training Epoch: 110/200	Train Loss: 0.0012	Val Accuracy: 5.4
Training Epoch: 111/200	Train Loss: 0.0005	Val Accuracy: 5.4
Training Epoch: 112/200	Train Loss: 0.0006	Val Accuracy: 5.68
Training Epoch: 113/200	Train Loss: 0.0005	Val Accuracy: 5.68
Training Epoch: 114/200	Train Loss: 0.0037	Val Accuracy: 5.36
Training Epoch: 115/200	Train Loss: 0.0024	Val Accuracy: 5.36
Training Epoch: 116/200	Train Loss: 0.0003	Val Accuracy: 5.32
Training Epoch: 117/200	Train Loss: 0.0001	Val Accuracy: 5.32
Training Epoch: 118/200	Train Loss: 0.0007	Val Accuracy: 5.56
Training Epoch: 119/200	Train Loss: 0.0088	Val Accuracy: 5.56
Training Epoch: 120/200	Train Loss: 0.0082	Val Accuracy: 5.42
Training Epoch: 121/200	Train Loss: 0.0023	Val Accuracy: 5.42
Training Epoch: 122/200	Train Loss: 0.0007	Val Accuracy: 5.36
Training Epoch: 123/200	Train Loss: 0.0007	Val Accuracy: 5.36
Training Epoch: 124/200	Train Loss: 0.0013	Val Accuracy: 5.46
Training Epoch: 125/200	Train Loss: 0.0009	Val Accuracy: 5.46
Training Epoch: 126/200	Train Loss: 0.0003	Val Accuracy: 5.22
Training Epoch: 127/200	Train Loss: 0.0404	Val Accuracy: 5.22
Training Epoch: 128/200	Train Loss: 0.0004	Val Accuracy: 5.48
Training Epoch: 129/200	Train Loss: 0.0008	Val Accuracy: 5.48
Training Epoch: 130/200	Train Loss: 0.0002	Val Accuracy: 5.6
Training Epoch: 131/200	Train Loss: 0.0004	Val Accuracy: 5.6
Training Epoch: 132/200	Train Loss: 0.0004	Val Accuracy: 5.86
Training Epoch: 133/200	Train Loss: 0.0016	Val Accuracy: 5.86
Training Epoch: 134/200	Train Loss: 0.0003	Val Accuracy: 5.76
Training Epoch: 135/200	Train Loss: 0.0037	Val Accuracy: 5.76
Training Epoch: 136/200	Train Loss: 0.001	Val Accuracy: 5.46
Training Epoch: 137/200	Train Loss: 0.0297	Val Accuracy: 5.46
Training Epoch: 138/200	Train Loss: 0.0003	Val Accuracy: 5.46
Training Epoch: 139/200	Train Loss: 0.0023	Val Accuracy: 5.46
Training Epoch: 140/200	Train Loss: 0.0004	Val Accuracy: 5.22
Training Epoch: 141/200	Train Loss: 0.0003	Val Accuracy: 5.22
Training Epoch: 142/200	Train Loss: 0.0004	Val Accuracy: 5.54
Training Epoch: 143/200	Train Loss: 0.0002	Val Accuracy: 5.54
Training Epoch: 144/200	Train Loss: 0.0212	Val Accuracy: 5.44
Training Epoch: 145/200	Train Loss: 0.0013	Val Accuracy: 5.44
Training Epoch: 146/200	Train Loss: 0.0012	Val Accuracy: 5.4
Training Epoch: 147/200	Train Loss: 0.0005	Val Accuracy: 5.4
Training Epoch: 148/200	Train Loss: 0.0019	Val Accuracy: 5.52
Training Epoch: 149/200	Train Loss: 0.002	Val Accuracy: 5.52
Training Epoch: 150/200	Train Loss: 0.0014	Val Accuracy: 5.36
Training Epoch: 151/200	Train Loss: 0.0002	Val Accuracy: 5.36
Training Epoch: 152/200	Train Loss: 0.0009	Val Accuracy: 5.62
Training Epoch: 153/200	Train Loss: 0.0023	Val Accuracy: 5.62
Training Epoch: 154/200	Train Loss: 0.0006	Val Accuracy: 5.52
Training Epoch: 155/200	Train Loss: 0.0005	Val Accuracy: 5.52
Training Epoch: 156/200	Train Loss: 0.0026	Val Accuracy: 5.62
Training Epoch: 157/200	Train Loss: 0.001	Val Accuracy: 5.62
Training Epoch: 158/200	Train Loss: 0.0006	Val Accuracy: 5.48
Training Epoch: 159/200	Train Loss: 0.0003	Val Accuracy: 5.48
Training Epoch: 160/200	Train Loss: 0.0012	Val Accuracy: 5.9
Training Epoch: 161/200	Train Loss: 0.0004	Val Accuracy: 5.9
Training Epoch: 162/200	Train Loss: 0.0009	Val Accuracy: 5.2
Training Epoch: 163/200	Train Loss: 0.0043	Val Accuracy: 5.2
Training Epoch: 164/200	Train Loss: 0.0001	Val Accuracy: 5.36
Training Epoch: 165/200	Train Loss: 0.0011	Val Accuracy: 5.36
Training Epoch: 166/200	Train Loss: 0.0028	Val Accuracy: 5.44
Training Epoch: 167/200	Train Loss: 0.0003	Val Accuracy: 5.44
Training Epoch: 168/200	Train Loss: 0.1518	Val Accuracy: 5.18
Training Epoch: 169/200	Train Loss: 0.0001	Val Accuracy: 5.18
Training Epoch: 170/200	Train Loss: 0.0001	Val Accuracy: 5.42
Training Epoch: 171/200	Train Loss: 0.0002	Val Accuracy: 5.42
Training Epoch: 172/200	Train Loss: 0.0045	Val Accuracy: 5.32
Training Epoch: 173/200	Train Loss: 0.0003	Val Accuracy: 5.32
Training Epoch: 174/200	Train Loss: 0.0003	Val Accuracy: 5.66
Training Epoch: 175/200	Train Loss: 0.0002	Val Accuracy: 5.66
Training Epoch: 176/200	Train Loss: 0.0097	Val Accuracy: 5.24
Training Epoch: 177/200	Train Loss: 0.0002	Val Accuracy: 5.24
Training Epoch: 178/200	Train Loss: 0.0001	Val Accuracy: 5.76
Training Epoch: 179/200	Train Loss: 0.0003	Val Accuracy: 5.76
Training Epoch: 180/200	Train Loss: 0.0131	Val Accuracy: 5.4
Training Epoch: 181/200	Train Loss: 0.0006	Val Accuracy: 5.4
Training Epoch: 182/200	Train Loss: 0.0061	Val Accuracy: 5.76
Training Epoch: 183/200	Train Loss: 0.0008	Val Accuracy: 5.76
Training Epoch: 184/200	Train Loss: 0.0112	Val Accuracy: 5.94
Training Epoch: 185/200	Train Loss: 0.0001	Val Accuracy: 5.94
Training Epoch: 186/200	Train Loss: 0.0018	Val Accuracy: 5.5
Training Epoch: 187/200	Train Loss: 0.0	Val Accuracy: 5.5
Training Epoch: 188/200	Train Loss: 0.0003	Val Accuracy: 5.16
Training Epoch: 189/200	Train Loss: 0.0009	Val Accuracy: 5.16
Training Epoch: 190/200	Train Loss: 0.0011	Val Accuracy: 5.42
Training Epoch: 191/200	Train Loss: 0.0011	Val Accuracy: 5.42
Training Epoch: 192/200	Train Loss: 0.0002	Val Accuracy: 5.62
Training Epoch: 193/200	Train Loss: 0.0002	Val Accuracy: 5.62
Training Epoch: 194/200	Train Loss: 0.0009	Val Accuracy: 5.52
Training Epoch: 195/200	Train Loss: 0.0004	Val Accuracy: 5.52
Training Epoch: 196/200	Train Loss: 0.0003	Val Accuracy: 5.34
Training Epoch: 197/200	Train Loss: 0.0952	Val Accuracy: 5.34
Training Epoch: 198/200	Train Loss: 0.0011	Val Accuracy: 5.66
Training Epoch: 199/200	Train Loss: 0.0006	Val Accuracy: 5.66
Training Epoch: 200/200	Train Loss: 0.0019	Val Accuracy: 5.48

Wrote Best Model Checkpoint to: vlBest_acc_6_model_epoch_0108.pyth

Best Validation Accuracy: 6.06
Best Epoch: 108

======== TESTING ========

Test Accuracy: 6.07.

======== ACTIVE SAMPLING ========

Extracting Lset Representations
len(dataLoader): 5
Extracting Uset Representations
len(dataLoader): 446
lb_repr.shape:  (450, 2048)
ul_repr.shape:  (44550, 2048)
Solving K Center Greedy Approach
[GPU] Labeled.shape: torch.Size([450, 2048])
[GPU] Unlabeled.shape: torch.Size([44550, 2048])
time taken: 0.00044345855712890625 seconds
Time taken to solve K center: 0.1482677459716797 seconds
Active Sampling Complete. After Episode 8:
New Labeled Set: 500, New Unlabeled Set: 44500, Active Set: 50

================================


Current accuracy values:  [2.8499999999999943, 2.989999999999995, 4.0, 4.060000000000002, 4.730000000000004, 4.609999999999999, 5.159999999999997, 5.730000000000004, 6.069999999999993]
======== EPISODE 9 BEGINS ========

======== TRAINING ========
Training Epoch: 1/200	Train Loss: 1.3241	Val Accuracy: 0.0
Training Epoch: 2/200	Train Loss: 0.6244	Val Accuracy: 4.8
Training Epoch: 3/200	Train Loss: 0.5722	Val Accuracy: 4.8
Training Epoch: 4/200	Train Loss: 0.376	Val Accuracy: 4.6
Training Epoch: 5/200	Train Loss: 0.4185	Val Accuracy: 4.6
Training Epoch: 6/200	Train Loss: 0.2765	Val Accuracy: 4.72
Training Epoch: 7/200	Train Loss: 0.3206	Val Accuracy: 4.72
Training Epoch: 8/200	Train Loss: 0.1182	Val Accuracy: 5.5
Training Epoch: 9/200	Train Loss: 0.2103	Val Accuracy: 5.5
Training Epoch: 10/200	Train Loss: 0.2275	Val Accuracy: 5.32
Training Epoch: 11/200	Train Loss: 0.191	Val Accuracy: 5.32
Training Epoch: 12/200	Train Loss: 0.1553	Val Accuracy: 5.26
Training Epoch: 13/200	Train Loss: 0.1365	Val Accuracy: 5.26
Training Epoch: 14/200	Train Loss: 0.2456	Val Accuracy: 4.96
Training Epoch: 15/200	Train Loss: 0.3929	Val Accuracy: 4.96
Training Epoch: 16/200	Train Loss: 0.1743	Val Accuracy: 5.94
Training Epoch: 17/200	Train Loss: 0.2666	Val Accuracy: 5.94
Training Epoch: 18/200	Train Loss: 0.2301	Val Accuracy: 5.28
Training Epoch: 19/200	Train Loss: 0.0612	Val Accuracy: 5.28
Training Epoch: 20/200	Train Loss: 0.153	Val Accuracy: 6.02
Training Epoch: 21/200	Train Loss: 0.0885	Val Accuracy: 6.02
Training Epoch: 22/200	Train Loss: 0.0579	Val Accuracy: 5.64
Training Epoch: 23/200	Train Loss: 0.0989	Val Accuracy: 5.64
Training Epoch: 24/200	Train Loss: 0.009	Val Accuracy: 5.94
Training Epoch: 25/200	Train Loss: 0.1058	Val Accuracy: 5.94
Training Epoch: 26/200	Train Loss: 0.1191	Val Accuracy: 6.2
Training Epoch: 27/200	Train Loss: 0.0856	Val Accuracy: 6.2
Training Epoch: 28/200	Train Loss: 0.0542	Val Accuracy: 5.58
Training Epoch: 29/200	Train Loss: 0.0348	Val Accuracy: 5.58
Training Epoch: 30/200	Train Loss: 0.1662	Val Accuracy: 5.46
Training Epoch: 31/200	Train Loss: 0.0818	Val Accuracy: 5.46
Training Epoch: 32/200	Train Loss: 0.2834	Val Accuracy: 5.48
Training Epoch: 33/200	Train Loss: 0.0745	Val Accuracy: 5.48
Training Epoch: 34/200	Train Loss: 0.0163	Val Accuracy: 5.72
Training Epoch: 35/200	Train Loss: 0.0839	Val Accuracy: 5.72
Training Epoch: 36/200	Train Loss: 0.0991	Val Accuracy: 5.2
Training Epoch: 37/200	Train Loss: 0.055	Val Accuracy: 5.2
Training Epoch: 38/200	Train Loss: 0.1226	Val Accuracy: 5.58
Training Epoch: 39/200	Train Loss: 0.0095	Val Accuracy: 5.58
Training Epoch: 40/200	Train Loss: 0.046	Val Accuracy: 5.7
Training Epoch: 41/200	Train Loss: 0.0787	Val Accuracy: 5.7
Training Epoch: 42/200	Train Loss: 0.0777	Val Accuracy: 5.78
Training Epoch: 43/200	Train Loss: 0.0493	Val Accuracy: 5.78
Training Epoch: 44/200	Train Loss: 0.0069	Val Accuracy: 6.02
Training Epoch: 45/200	Train Loss: 0.0984	Val Accuracy: 6.02
Training Epoch: 46/200	Train Loss: 0.0276	Val Accuracy: 5.8
Training Epoch: 47/200	Train Loss: 0.0023	Val Accuracy: 5.8
Training Epoch: 48/200	Train Loss: 0.0829	Val Accuracy: 5.72
Training Epoch: 49/200	Train Loss: 0.0538	Val Accuracy: 5.72
Training Epoch: 50/200	Train Loss: 0.0693	Val Accuracy: 5.54
Training Epoch: 51/200	Train Loss: 0.0249	Val Accuracy: 5.54
Training Epoch: 52/200	Train Loss: 0.0338	Val Accuracy: 5.96
Training Epoch: 53/200	Train Loss: 0.021	Val Accuracy: 5.96
Training Epoch: 54/200	Train Loss: 0.1831	Val Accuracy: 5.98
Training Epoch: 55/200	Train Loss: 0.0043	Val Accuracy: 5.98
Training Epoch: 56/200	Train Loss: 0.0353	Val Accuracy: 5.62
Training Epoch: 57/200	Train Loss: 0.0183	Val Accuracy: 5.62
Training Epoch: 58/200	Train Loss: 0.008	Val Accuracy: 5.74
Training Epoch: 59/200	Train Loss: 0.0698	Val Accuracy: 5.74
Training Epoch: 60/200	Train Loss: 0.0526	Val Accuracy: 5.28
Training Epoch: 61/200	Train Loss: 0.0973	Val Accuracy: 5.28
Training Epoch: 62/200	Train Loss: 0.0223	Val Accuracy: 6.1
Training Epoch: 63/200	Train Loss: 0.0165	Val Accuracy: 6.1
Training Epoch: 64/200	Train Loss: 0.0519	Val Accuracy: 5.92
Training Epoch: 65/200	Train Loss: 0.0672	Val Accuracy: 5.92
Training Epoch: 66/200	Train Loss: 0.0053	Val Accuracy: 5.92
Training Epoch: 67/200	Train Loss: 0.0107	Val Accuracy: 5.92
Training Epoch: 68/200	Train Loss: 0.0081	Val Accuracy: 5.94
Training Epoch: 69/200	Train Loss: 0.0117	Val Accuracy: 5.94
Training Epoch: 70/200	Train Loss: 0.043	Val Accuracy: 5.7
Training Epoch: 71/200	Train Loss: 0.0079	Val Accuracy: 5.7
Training Epoch: 72/200	Train Loss: 0.0036	Val Accuracy: 5.9
Training Epoch: 73/200	Train Loss: 0.0818	Val Accuracy: 5.9
Training Epoch: 74/200	Train Loss: 0.002	Val Accuracy: 5.38
Training Epoch: 75/200	Train Loss: 0.0015	Val Accuracy: 5.38
Training Epoch: 76/200	Train Loss: 0.0562	Val Accuracy: 6.1
Training Epoch: 77/200	Train Loss: 0.0041	Val Accuracy: 6.1
Training Epoch: 78/200	Train Loss: 0.0655	Val Accuracy: 6.28
Training Epoch: 79/200	Train Loss: 0.0828	Val Accuracy: 6.28
Training Epoch: 80/200	Train Loss: 0.0027	Val Accuracy: 6.06
Training Epoch: 81/200	Train Loss: 0.0135	Val Accuracy: 6.06
Training Epoch: 82/200	Train Loss: 0.0044	Val Accuracy: 5.86
Training Epoch: 83/200	Train Loss: 0.0226	Val Accuracy: 5.86
Training Epoch: 84/200	Train Loss: 0.0009	Val Accuracy: 6.1
Training Epoch: 85/200	Train Loss: 0.0871	Val Accuracy: 6.1
Training Epoch: 86/200	Train Loss: 0.0006	Val Accuracy: 5.96
Training Epoch: 87/200	Train Loss: 0.0288	Val Accuracy: 5.96
Training Epoch: 88/200	Train Loss: 0.1221	Val Accuracy: 6.12
Training Epoch: 89/200	Train Loss: 0.0011	Val Accuracy: 6.12
Training Epoch: 90/200	Train Loss: 0.017	Val Accuracy: 6.36
Training Epoch: 91/200	Train Loss: 0.0159	Val Accuracy: 6.36
Training Epoch: 92/200	Train Loss: 0.0093	Val Accuracy: 6.08
Training Epoch: 93/200	Train Loss: 0.0031	Val Accuracy: 6.08
Training Epoch: 94/200	Train Loss: 0.0004	Val Accuracy: 5.6
Training Epoch: 95/200	Train Loss: 0.0098	Val Accuracy: 5.6
Training Epoch: 96/200	Train Loss: 0.005	Val Accuracy: 6.12
Training Epoch: 97/200	Train Loss: 0.008	Val Accuracy: 6.12
Training Epoch: 98/200	Train Loss: 0.0074	Val Accuracy: 6.34
Training Epoch: 99/200	Train Loss: 0.0102	Val Accuracy: 6.34
Training Epoch: 100/200	Train Loss: 0.0046	Val Accuracy: 6.1
Training Epoch: 101/200	Train Loss: 0.0011	Val Accuracy: 6.1
Training Epoch: 102/200	Train Loss: 0.0036	Val Accuracy: 6.12
Training Epoch: 103/200	Train Loss: 0.0037	Val Accuracy: 6.12
Training Epoch: 104/200	Train Loss: 0.0003	Val Accuracy: 5.96
Training Epoch: 105/200	Train Loss: 0.003	Val Accuracy: 5.96
Training Epoch: 106/200	Train Loss: 0.001	Val Accuracy: 6.3
Training Epoch: 107/200	Train Loss: 0.0006	Val Accuracy: 6.3
Training Epoch: 108/200	Train Loss: 0.0006	Val Accuracy: 5.86
Training Epoch: 109/200	Train Loss: 0.0003	Val Accuracy: 5.86
Training Epoch: 110/200	Train Loss: 0.0042	Val Accuracy: 6.2
Training Epoch: 111/200	Train Loss: 0.0004	Val Accuracy: 6.2
Training Epoch: 112/200	Train Loss: 0.0019	Val Accuracy: 6.56
Training Epoch: 113/200	Train Loss: 0.0025	Val Accuracy: 6.56
Training Epoch: 114/200	Train Loss: 0.0323	Val Accuracy: 6.44
Training Epoch: 115/200	Train Loss: 0.0002	Val Accuracy: 6.44
Training Epoch: 116/200	Train Loss: 0.0031	Val Accuracy: 6.3
Training Epoch: 117/200	Train Loss: 0.0001	Val Accuracy: 6.3
Training Epoch: 118/200	Train Loss: 0.0003	Val Accuracy: 6.18
Training Epoch: 119/200	Train Loss: 0.0042	Val Accuracy: 6.18
Training Epoch: 120/200	Train Loss: 0.0025	Val Accuracy: 5.94
Training Epoch: 121/200	Train Loss: 0.0008	Val Accuracy: 5.94
Training Epoch: 122/200	Train Loss: 0.0016	Val Accuracy: 6.46
Training Epoch: 123/200	Train Loss: 0.0057	Val Accuracy: 6.46
Training Epoch: 124/200	Train Loss: 0.0114	Val Accuracy: 6.12
Training Epoch: 125/200	Train Loss: 0.0088	Val Accuracy: 6.12
Training Epoch: 126/200	Train Loss: 0.0131	Val Accuracy: 6.22
Training Epoch: 127/200	Train Loss: 0.0002	Val Accuracy: 6.22
Training Epoch: 128/200	Train Loss: 0.0006	Val Accuracy: 6.26
Training Epoch: 129/200	Train Loss: 0.0008	Val Accuracy: 6.26
Training Epoch: 130/200	Train Loss: 0.0001	Val Accuracy: 6.3
Training Epoch: 131/200	Train Loss: 0.0002	Val Accuracy: 6.3
Training Epoch: 132/200	Train Loss: 0.072	Val Accuracy: 6.22
Training Epoch: 133/200	Train Loss: 0.0004	Val Accuracy: 6.22
Training Epoch: 134/200	Train Loss: 0.0001	Val Accuracy: 6.3
Training Epoch: 135/200	Train Loss: 0.001	Val Accuracy: 6.3
Training Epoch: 136/200	Train Loss: 0.0001	Val Accuracy: 6.36
Training Epoch: 137/200	Train Loss: 0.1079	Val Accuracy: 6.36
Training Epoch: 138/200	Train Loss: 0.0008	Val Accuracy: 6.24
Training Epoch: 139/200	Train Loss: 0.0006	Val Accuracy: 6.24
Training Epoch: 140/200	Train Loss: 0.0002	Val Accuracy: 6.26
Training Epoch: 141/200	Train Loss: 0.0014	Val Accuracy: 6.26
Training Epoch: 142/200	Train Loss: 0.0006	Val Accuracy: 6.2
Training Epoch: 143/200	Train Loss: 0.0015	Val Accuracy: 6.2
Training Epoch: 144/200	Train Loss: 0.0038	Val Accuracy: 6.06
Training Epoch: 145/200	Train Loss: 0.0751	Val Accuracy: 6.06
Training Epoch: 146/200	Train Loss: 0.0037	Val Accuracy: 6.58
Training Epoch: 147/200	Train Loss: 0.0003	Val Accuracy: 6.58
Training Epoch: 148/200	Train Loss: 0.0066	Val Accuracy: 6.3
Training Epoch: 149/200	Train Loss: 0.0026	Val Accuracy: 6.3
Training Epoch: 150/200	Train Loss: 0.0007	Val Accuracy: 6.38
Training Epoch: 151/200	Train Loss: 0.0002	Val Accuracy: 6.38
Training Epoch: 152/200	Train Loss: 0.0003	Val Accuracy: 6.18
Training Epoch: 153/200	Train Loss: 0.0009	Val Accuracy: 6.18
Training Epoch: 154/200	Train Loss: 0.0011	Val Accuracy: 6.44
Training Epoch: 155/200	Train Loss: 0.0015	Val Accuracy: 6.44
Training Epoch: 156/200	Train Loss: 0.057	Val Accuracy: 6.38
Training Epoch: 157/200	Train Loss: 0.0003	Val Accuracy: 6.38
Training Epoch: 158/200	Train Loss: 0.0007	Val Accuracy: 6.3
Training Epoch: 159/200	Train Loss: 0.0012	Val Accuracy: 6.3
Training Epoch: 160/200	Train Loss: 0.0017	Val Accuracy: 6.24
Training Epoch: 161/200	Train Loss: 0.0001	Val Accuracy: 6.24
Training Epoch: 162/200	Train Loss: 0.0005	Val Accuracy: 6.42
Training Epoch: 163/200	Train Loss: 0.0206	Val Accuracy: 6.42
Training Epoch: 164/200	Train Loss: 0.001	Val Accuracy: 6.22
Training Epoch: 165/200	Train Loss: 0.0007	Val Accuracy: 6.22
Training Epoch: 166/200	Train Loss: 0.0153	Val Accuracy: 6.5
Training Epoch: 167/200	Train Loss: 0.0005	Val Accuracy: 6.5
Training Epoch: 168/200	Train Loss: 0.0006	Val Accuracy: 6.22
Training Epoch: 169/200	Train Loss: 0.0002	Val Accuracy: 6.22
Training Epoch: 170/200	Train Loss: 0.0001	Val Accuracy: 6.58
Training Epoch: 171/200	Train Loss: 0.0009	Val Accuracy: 6.58
Training Epoch: 172/200	Train Loss: 0.0014	Val Accuracy: 6.06
Training Epoch: 173/200	Train Loss: 0.0003	Val Accuracy: 6.06
Training Epoch: 174/200	Train Loss: 0.0001	Val Accuracy: 6.18
Training Epoch: 175/200	Train Loss: 0.0018	Val Accuracy: 6.18
Training Epoch: 176/200	Train Loss: 0.0472	Val Accuracy: 6.32
Training Epoch: 177/200	Train Loss: 0.0004	Val Accuracy: 6.32
Training Epoch: 178/200	Train Loss: 0.0023	Val Accuracy: 6.04
Training Epoch: 179/200	Train Loss: 0.0037	Val Accuracy: 6.04
Training Epoch: 180/200	Train Loss: 0.0015	Val Accuracy: 6.58
Training Epoch: 181/200	Train Loss: 0.0002	Val Accuracy: 6.58
Training Epoch: 182/200	Train Loss: 0.0007	Val Accuracy: 6.16
Training Epoch: 183/200	Train Loss: 0.0021	Val Accuracy: 6.16
Training Epoch: 184/200	Train Loss: 0.0106	Val Accuracy: 6.12
Training Epoch: 185/200	Train Loss: 0.0043	Val Accuracy: 6.12
Training Epoch: 186/200	Train Loss: 0.0002	Val Accuracy: 6.3
Training Epoch: 187/200	Train Loss: 0.0001	Val Accuracy: 6.3
Training Epoch: 188/200	Train Loss: 0.0042	Val Accuracy: 6.22
Training Epoch: 189/200	Train Loss: 0.0014	Val Accuracy: 6.22
Training Epoch: 190/200	Train Loss: 0.0004	Val Accuracy: 6.06
Training Epoch: 191/200	Train Loss: 0.0051	Val Accuracy: 6.06
Training Epoch: 192/200	Train Loss: 0.0033	Val Accuracy: 6.46
Training Epoch: 193/200	Train Loss: 0.0002	Val Accuracy: 6.46
Training Epoch: 194/200	Train Loss: 0.0012	Val Accuracy: 6.3
Training Epoch: 195/200	Train Loss: 0.0142	Val Accuracy: 6.3
Training Epoch: 196/200	Train Loss: 0.0002	Val Accuracy: 6.46
Training Epoch: 197/200	Train Loss: 0.0016	Val Accuracy: 6.46
Training Epoch: 198/200	Train Loss: 0.0004	Val Accuracy: 6.44
Training Epoch: 199/200	Train Loss: 0.0003	Val Accuracy: 6.44
Training Epoch: 200/200	Train Loss: 0.0073	Val Accuracy: 6.56

Wrote Best Model Checkpoint to: vlBest_acc_6_model_epoch_0146.pyth

Best Validation Accuracy: 6.58
Best Epoch: 146

======== TESTING ========

Test Accuracy: 6.43.

======== ACTIVE SAMPLING ========

Extracting Lset Representations
len(dataLoader): 5
Extracting Uset Representations
len(dataLoader): 445
lb_repr.shape:  (500, 2048)
ul_repr.shape:  (44500, 2048)
Solving K Center Greedy Approach
[GPU] Labeled.shape: torch.Size([500, 2048])
[GPU] Unlabeled.shape: torch.Size([44500, 2048])
time taken: 0.00037384033203125 seconds
Time taken to solve K center: 0.14837908744812012 seconds
Active Sampling Complete. After Episode 9:
New Labeled Set: 550, New Unlabeled Set: 44450, Active Set: 50

================================


Current accuracy values:  [2.8499999999999943, 2.989999999999995, 4.0, 4.060000000000002, 4.730000000000004, 4.609999999999999, 5.159999999999997, 5.730000000000004, 6.069999999999993, 6.430000000000007]
======== EPISODE 10 BEGINS ========

======== TRAINING ========
Training Epoch: 1/200	Train Loss: 1.4473	Val Accuracy: 0.0
Training Epoch: 2/200	Train Loss: 0.7237	Val Accuracy: 5.8
Training Epoch: 3/200	Train Loss: 0.5763	Val Accuracy: 5.8
Training Epoch: 4/200	Train Loss: 0.3795	Val Accuracy: 6.44
Training Epoch: 5/200	Train Loss: 0.1217	Val Accuracy: 6.44
Training Epoch: 6/200	Train Loss: 0.1419	Val Accuracy: 6.26
Training Epoch: 7/200	Train Loss: 0.0588	Val Accuracy: 6.26
Training Epoch: 8/200	Train Loss: 0.1076	Val Accuracy: 5.92
Training Epoch: 9/200	Train Loss: 0.219	Val Accuracy: 5.92
Training Epoch: 10/200	Train Loss: 0.0915	Val Accuracy: 6.22
Training Epoch: 11/200	Train Loss: 0.2385	Val Accuracy: 6.22
Training Epoch: 12/200	Train Loss: 0.0382	Val Accuracy: 5.7
Training Epoch: 13/200	Train Loss: 0.0387	Val Accuracy: 5.7
Training Epoch: 14/200	Train Loss: 0.0155	Val Accuracy: 6.34
Training Epoch: 15/200	Train Loss: 0.1023	Val Accuracy: 6.34
Training Epoch: 16/200	Train Loss: 0.1758	Val Accuracy: 6.28
Training Epoch: 17/200	Train Loss: 0.0735	Val Accuracy: 6.28
Training Epoch: 18/200	Train Loss: 0.0512	Val Accuracy: 6.38
Training Epoch: 19/200	Train Loss: 0.1465	Val Accuracy: 6.38
Training Epoch: 20/200	Train Loss: 0.0513	Val Accuracy: 6.02
Training Epoch: 21/200	Train Loss: 0.1183	Val Accuracy: 6.02
Training Epoch: 22/200	Train Loss: 0.0603	Val Accuracy: 6.0
Training Epoch: 23/200	Train Loss: 0.0894	Val Accuracy: 6.0
Training Epoch: 24/200	Train Loss: 0.0507	Val Accuracy: 6.04
Training Epoch: 25/200	Train Loss: 0.0248	Val Accuracy: 6.04
Training Epoch: 26/200	Train Loss: 0.0712	Val Accuracy: 6.14
Training Epoch: 27/200	Train Loss: 0.0405	Val Accuracy: 6.14
Training Epoch: 28/200	Train Loss: 0.0118	Val Accuracy: 6.06
Training Epoch: 29/200	Train Loss: 0.0813	Val Accuracy: 6.06
Training Epoch: 30/200	Train Loss: 0.0653	Val Accuracy: 6.34
Training Epoch: 31/200	Train Loss: 0.047	Val Accuracy: 6.34
Training Epoch: 32/200	Train Loss: 0.029	Val Accuracy: 6.86
Training Epoch: 33/200	Train Loss: 0.1098	Val Accuracy: 6.86
Training Epoch: 34/200	Train Loss: 0.0459	Val Accuracy: 6.56
Training Epoch: 35/200	Train Loss: 0.1399	Val Accuracy: 6.56
Training Epoch: 36/200	Train Loss: 0.044	Val Accuracy: 6.36
Training Epoch: 37/200	Train Loss: 0.0215	Val Accuracy: 6.36
Training Epoch: 38/200	Train Loss: 0.1096	Val Accuracy: 6.38
Training Epoch: 39/200	Train Loss: 0.0062	Val Accuracy: 6.38
Training Epoch: 40/200	Train Loss: 0.0958	Val Accuracy: 6.2
Training Epoch: 41/200	Train Loss: 0.0091	Val Accuracy: 6.2
Training Epoch: 42/200	Train Loss: 0.1837	Val Accuracy: 6.62
Training Epoch: 43/200	Train Loss: 0.0817	Val Accuracy: 6.62
Training Epoch: 44/200	Train Loss: 0.056	Val Accuracy: 6.34
Training Epoch: 45/200	Train Loss: 0.0838	Val Accuracy: 6.34
Training Epoch: 46/200	Train Loss: 0.113	Val Accuracy: 6.36
Training Epoch: 47/200	Train Loss: 0.0026	Val Accuracy: 6.36
Training Epoch: 48/200	Train Loss: 0.0484	Val Accuracy: 6.38
Training Epoch: 49/200	Train Loss: 0.0452	Val Accuracy: 6.38
Training Epoch: 50/200	Train Loss: 0.0739	Val Accuracy: 6.12
Training Epoch: 51/200	Train Loss: 0.0134	Val Accuracy: 6.12
Training Epoch: 52/200	Train Loss: 0.1033	Val Accuracy: 6.12
Training Epoch: 53/200	Train Loss: 0.2487	Val Accuracy: 6.12
Training Epoch: 54/200	Train Loss: 0.0756	Val Accuracy: 6.02
Training Epoch: 55/200	Train Loss: 0.0104	Val Accuracy: 6.02
Training Epoch: 56/200	Train Loss: 0.0456	Val Accuracy: 5.8
Training Epoch: 57/200	Train Loss: 0.1789	Val Accuracy: 5.8
Training Epoch: 58/200	Train Loss: 0.0375	Val Accuracy: 6.02
Training Epoch: 59/200	Train Loss: 0.0075	Val Accuracy: 6.02
Training Epoch: 60/200	Train Loss: 0.0215	Val Accuracy: 5.96
Training Epoch: 61/200	Train Loss: 0.0657	Val Accuracy: 5.96
Training Epoch: 62/200	Train Loss: 0.0252	Val Accuracy: 6.12
Training Epoch: 63/200	Train Loss: 0.0446	Val Accuracy: 6.12
Training Epoch: 64/200	Train Loss: 0.0425	Val Accuracy: 5.98
Training Epoch: 65/200	Train Loss: 0.0013	Val Accuracy: 5.98
Training Epoch: 66/200	Train Loss: 0.0764	Val Accuracy: 6.04
Training Epoch: 67/200	Train Loss: 0.0029	Val Accuracy: 6.04
Training Epoch: 68/200	Train Loss: 0.042	Val Accuracy: 5.94
Training Epoch: 69/200	Train Loss: 0.0033	Val Accuracy: 5.94
Training Epoch: 70/200	Train Loss: 0.0027	Val Accuracy: 5.9
Training Epoch: 71/200	Train Loss: 0.0035	Val Accuracy: 5.9
Training Epoch: 72/200	Train Loss: 0.0371	Val Accuracy: 6.18
Training Epoch: 73/200	Train Loss: 0.0038	Val Accuracy: 6.18
Training Epoch: 74/200	Train Loss: 0.0007	Val Accuracy: 6.3
Training Epoch: 75/200	Train Loss: 0.0028	Val Accuracy: 6.3
Training Epoch: 76/200	Train Loss: 0.003	Val Accuracy: 6.3
Training Epoch: 77/200	Train Loss: 0.0318	Val Accuracy: 6.3
Training Epoch: 78/200	Train Loss: 0.0366	Val Accuracy: 6.34
Training Epoch: 79/200	Train Loss: 0.036	Val Accuracy: 6.34
Training Epoch: 80/200	Train Loss: 0.0108	Val Accuracy: 6.28
Training Epoch: 81/200	Train Loss: 0.016	Val Accuracy: 6.28
Training Epoch: 82/200	Train Loss: 0.0374	Val Accuracy: 6.26
Training Epoch: 83/200	Train Loss: 0.0167	Val Accuracy: 6.26
Training Epoch: 84/200	Train Loss: 0.0061	Val Accuracy: 6.56
Training Epoch: 85/200	Train Loss: 0.0067	Val Accuracy: 6.56
Training Epoch: 86/200	Train Loss: 0.0074	Val Accuracy: 6.64
Training Epoch: 87/200	Train Loss: 0.0035	Val Accuracy: 6.64
Training Epoch: 88/200	Train Loss: 0.0079	Val Accuracy: 6.2
Training Epoch: 89/200	Train Loss: 0.0017	Val Accuracy: 6.2
Training Epoch: 90/200	Train Loss: 0.0052	Val Accuracy: 6.48
Training Epoch: 91/200	Train Loss: 0.0011	Val Accuracy: 6.48
Training Epoch: 92/200	Train Loss: 0.0219	Val Accuracy: 6.04
Training Epoch: 93/200	Train Loss: 0.0019	Val Accuracy: 6.04
Training Epoch: 94/200	Train Loss: 0.007	Val Accuracy: 6.2
Training Epoch: 95/200	Train Loss: 0.0024	Val Accuracy: 6.2
Training Epoch: 96/200	Train Loss: 0.0008	Val Accuracy: 6.24
Training Epoch: 97/200	Train Loss: 0.0011	Val Accuracy: 6.24
Training Epoch: 98/200	Train Loss: 0.001	Val Accuracy: 6.18
Training Epoch: 99/200	Train Loss: 0.0011	Val Accuracy: 6.18
Training Epoch: 100/200	Train Loss: 0.0103	Val Accuracy: 6.18
Training Epoch: 101/200	Train Loss: 0.0063	Val Accuracy: 6.18
Training Epoch: 102/200	Train Loss: 0.0118	Val Accuracy: 6.48
Training Epoch: 103/200	Train Loss: 0.1062	Val Accuracy: 6.48
Training Epoch: 104/200	Train Loss: 0.004	Val Accuracy: 6.34
Training Epoch: 105/200	Train Loss: 0.0087	Val Accuracy: 6.34
Training Epoch: 106/200	Train Loss: 0.082	Val Accuracy: 6.3
Training Epoch: 107/200	Train Loss: 0.002	Val Accuracy: 6.3
Training Epoch: 108/200	Train Loss: 0.0003	Val Accuracy: 6.5
Training Epoch: 109/200	Train Loss: 0.0041	Val Accuracy: 6.5
Training Epoch: 110/200	Train Loss: 0.0012	Val Accuracy: 6.32
Training Epoch: 111/200	Train Loss: 0.0047	Val Accuracy: 6.32
Training Epoch: 112/200	Train Loss: 0.0042	Val Accuracy: 6.48
Training Epoch: 113/200	Train Loss: 0.0003	Val Accuracy: 6.48
Training Epoch: 114/200	Train Loss: 0.0003	Val Accuracy: 6.54
Training Epoch: 115/200	Train Loss: 0.0005	Val Accuracy: 6.54
Training Epoch: 116/200	Train Loss: 0.0003	Val Accuracy: 6.18
Training Epoch: 117/200	Train Loss: 0.0184	Val Accuracy: 6.18
Training Epoch: 118/200	Train Loss: 0.0004	Val Accuracy: 6.28
Training Epoch: 119/200	Train Loss: 0.0002	Val Accuracy: 6.28
Training Epoch: 120/200	Train Loss: 0.0208	Val Accuracy: 6.18
Training Epoch: 121/200	Train Loss: 0.0005	Val Accuracy: 6.18
Training Epoch: 122/200	Train Loss: 0.0009	Val Accuracy: 6.1
Training Epoch: 123/200	Train Loss: 0.0096	Val Accuracy: 6.1
Training Epoch: 124/200	Train Loss: 0.0014	Val Accuracy: 6.26
Training Epoch: 125/200	Train Loss: 0.0032	Val Accuracy: 6.26
Training Epoch: 126/200	Train Loss: 0.0003	Val Accuracy: 6.42
Training Epoch: 127/200	Train Loss: 0.0009	Val Accuracy: 6.42
Training Epoch: 128/200	Train Loss: 0.0037	Val Accuracy: 6.52
Training Epoch: 129/200	Train Loss: 0.0009	Val Accuracy: 6.52
Training Epoch: 130/200	Train Loss: 0.0002	Val Accuracy: 5.92
Training Epoch: 131/200	Train Loss: 0.0051	Val Accuracy: 5.92
Training Epoch: 132/200	Train Loss: 0.0004	Val Accuracy: 6.3
Training Epoch: 133/200	Train Loss: 0.0267	Val Accuracy: 6.3
Training Epoch: 134/200	Train Loss: 0.0007	Val Accuracy: 6.38
Training Epoch: 135/200	Train Loss: 0.0038	Val Accuracy: 6.38
Training Epoch: 136/200	Train Loss: 0.0011	Val Accuracy: 6.3
Training Epoch: 137/200	Train Loss: 0.0036	Val Accuracy: 6.3
Training Epoch: 138/200	Train Loss: 0.002	Val Accuracy: 6.52
Training Epoch: 139/200	Train Loss: 0.0002	Val Accuracy: 6.52
Training Epoch: 140/200	Train Loss: 0.0021	Val Accuracy: 6.52
Training Epoch: 141/200	Train Loss: 0.0003	Val Accuracy: 6.52
Training Epoch: 142/200	Train Loss: 0.0013	Val Accuracy: 6.76
Training Epoch: 143/200	Train Loss: 0.0001	Val Accuracy: 6.76
Training Epoch: 144/200	Train Loss: 0.0003	Val Accuracy: 6.32
Training Epoch: 145/200	Train Loss: 0.0002	Val Accuracy: 6.32
Training Epoch: 146/200	Train Loss: 0.0004	Val Accuracy: 6.94
Training Epoch: 147/200	Train Loss: 0.0068	Val Accuracy: 6.94
Training Epoch: 148/200	Train Loss: 0.0003	Val Accuracy: 6.22
Training Epoch: 149/200	Train Loss: 0.0011	Val Accuracy: 6.22
Training Epoch: 150/200	Train Loss: 0.0003	Val Accuracy: 6.78
Training Epoch: 151/200	Train Loss: 0.0124	Val Accuracy: 6.78
Training Epoch: 152/200	Train Loss: 0.0009	Val Accuracy: 6.54
Training Epoch: 153/200	Train Loss: 0.0007	Val Accuracy: 6.54
Training Epoch: 154/200	Train Loss: 0.0008	Val Accuracy: 6.7
Training Epoch: 155/200	Train Loss: 0.0002	Val Accuracy: 6.7
Training Epoch: 156/200	Train Loss: 0.0001	Val Accuracy: 6.72
Training Epoch: 157/200	Train Loss: 0.0507	Val Accuracy: 6.72
Training Epoch: 158/200	Train Loss: 0.0002	Val Accuracy: 6.62
Training Epoch: 159/200	Train Loss: 0.0058	Val Accuracy: 6.62
Training Epoch: 160/200	Train Loss: 0.0008	Val Accuracy: 6.6
Training Epoch: 161/200	Train Loss: 0.0008	Val Accuracy: 6.6
Training Epoch: 162/200	Train Loss: 0.0004	Val Accuracy: 6.84
Training Epoch: 163/200	Train Loss: 0.0334	Val Accuracy: 6.84
Training Epoch: 164/200	Train Loss: 0.0005	Val Accuracy: 6.32
Training Epoch: 165/200	Train Loss: 0.0003	Val Accuracy: 6.32
Training Epoch: 166/200	Train Loss: 0.0002	Val Accuracy: 6.64
Training Epoch: 167/200	Train Loss: 0.0002	Val Accuracy: 6.64
Training Epoch: 168/200	Train Loss: 0.0006	Val Accuracy: 6.56
Training Epoch: 169/200	Train Loss: 0.0005	Val Accuracy: 6.56
Training Epoch: 170/200	Train Loss: 0.0012	Val Accuracy: 6.76
Training Epoch: 171/200	Train Loss: 0.0005	Val Accuracy: 6.76
Training Epoch: 172/200	Train Loss: 0.0005	Val Accuracy: 6.68
Training Epoch: 173/200	Train Loss: 0.0087	Val Accuracy: 6.68
Training Epoch: 174/200	Train Loss: 0.001	Val Accuracy: 6.4
Training Epoch: 175/200	Train Loss: 0.0002	Val Accuracy: 6.4
Training Epoch: 176/200	Train Loss: 0.0001	Val Accuracy: 6.72
Training Epoch: 177/200	Train Loss: 0.0003	Val Accuracy: 6.72
Training Epoch: 178/200	Train Loss: 0.0003	Val Accuracy: 7.0
Training Epoch: 179/200	Train Loss: 0.0005	Val Accuracy: 7.0
Training Epoch: 180/200	Train Loss: 0.0003	Val Accuracy: 6.72
Training Epoch: 181/200	Train Loss: 0.0009	Val Accuracy: 6.72
Training Epoch: 182/200	Train Loss: 0.002	Val Accuracy: 6.86
Training Epoch: 183/200	Train Loss: 0.0054	Val Accuracy: 6.86
Training Epoch: 184/200	Train Loss: 0.0007	Val Accuracy: 6.52
Training Epoch: 185/200	Train Loss: 0.0012	Val Accuracy: 6.52
Training Epoch: 186/200	Train Loss: 0.0002	Val Accuracy: 6.68
Training Epoch: 187/200	Train Loss: 0.0003	Val Accuracy: 6.68
Training Epoch: 188/200	Train Loss: 0.0002	Val Accuracy: 6.78
Training Epoch: 189/200	Train Loss: 0.0003	Val Accuracy: 6.78
Training Epoch: 190/200	Train Loss: 0.0005	Val Accuracy: 6.52
Training Epoch: 191/200	Train Loss: 0.0002	Val Accuracy: 6.52
Training Epoch: 192/200	Train Loss: 0.0002	Val Accuracy: 6.66
Training Epoch: 193/200	Train Loss: 0.0004	Val Accuracy: 6.66
Training Epoch: 194/200	Train Loss: 0.0021	Val Accuracy: 6.54
Training Epoch: 195/200	Train Loss: 0.0003	Val Accuracy: 6.54
Training Epoch: 196/200	Train Loss: 0.0033	Val Accuracy: 6.66
Training Epoch: 197/200	Train Loss: 0.0002	Val Accuracy: 6.66
Training Epoch: 198/200	Train Loss: 0.0016	Val Accuracy: 6.46
Training Epoch: 199/200	Train Loss: 0.0134	Val Accuracy: 6.46
Training Epoch: 200/200	Train Loss: 0.0069	Val Accuracy: 6.5

Wrote Best Model Checkpoint to: vlBest_acc_7_model_epoch_0178.pyth

Best Validation Accuracy: 7.0
Best Epoch: 178

======== TESTING ========

Test Accuracy: 6.32.

======== ACTIVE SAMPLING ========

Extracting Lset Representations
len(dataLoader): 6
Extracting Uset Representations
len(dataLoader): 445
lb_repr.shape:  (550, 2048)
ul_repr.shape:  (44450, 2048)
Solving K Center Greedy Approach
[GPU] Labeled.shape: torch.Size([550, 2048])
[GPU] Unlabeled.shape: torch.Size([44450, 2048])
time taken: 0.00041985511779785156 seconds
Time taken to solve K center: 0.15043115615844727 seconds
Active Sampling Complete. After Episode 10:
New Labeled Set: 600, New Unlabeled Set: 44400, Active Set: 50

================================


Current accuracy values:  [2.8499999999999943, 2.989999999999995, 4.0, 4.060000000000002, 4.730000000000004, 4.609999999999999, 5.159999999999997, 5.730000000000004, 6.069999999999993, 6.430000000000007, 6.319999999999993]
======== EPISODE 11 BEGINS ========

======== TRAINING ========
Training Epoch: 1/200	Train Loss: 1.1169	Val Accuracy: 0.0
Training Epoch: 2/200	Train Loss: 0.3965	Val Accuracy: 5.14
Training Epoch: 3/200	Train Loss: 0.3351	Val Accuracy: 5.14
Training Epoch: 4/200	Train Loss: 0.2293	Val Accuracy: 5.58
Training Epoch: 5/200	Train Loss: 0.3711	Val Accuracy: 5.58
Training Epoch: 6/200	Train Loss: 0.3287	Val Accuracy: 6.26
Training Epoch: 7/200	Train Loss: 0.1784	Val Accuracy: 6.26
Training Epoch: 8/200	Train Loss: 0.1202	Val Accuracy: 6.12
Training Epoch: 9/200	Train Loss: 0.2464	Val Accuracy: 6.12
Training Epoch: 10/200	Train Loss: 0.0985	Val Accuracy: 6.14
Training Epoch: 11/200	Train Loss: 0.3048	Val Accuracy: 6.14
Training Epoch: 12/200	Train Loss: 0.1287	Val Accuracy: 5.68
Training Epoch: 13/200	Train Loss: 0.1732	Val Accuracy: 5.68
Training Epoch: 14/200	Train Loss: 0.0185	Val Accuracy: 6.46
Training Epoch: 15/200	Train Loss: 0.2061	Val Accuracy: 6.46
Training Epoch: 16/200	Train Loss: 0.3488	Val Accuracy: 6.32
Training Epoch: 17/200	Train Loss: 0.3492	Val Accuracy: 6.32
Training Epoch: 18/200	Train Loss: 0.1562	Val Accuracy: 6.58
Training Epoch: 19/200	Train Loss: 0.0866	Val Accuracy: 6.58
Training Epoch: 20/200	Train Loss: 0.0466	Val Accuracy: 6.14
Training Epoch: 21/200	Train Loss: 0.1229	Val Accuracy: 6.14
Training Epoch: 22/200	Train Loss: 0.0432	Val Accuracy: 6.6
Training Epoch: 23/200	Train Loss: 0.1161	Val Accuracy: 6.6
Training Epoch: 24/200	Train Loss: 0.1885	Val Accuracy: 5.72
Training Epoch: 25/200	Train Loss: 0.1888	Val Accuracy: 5.72
Training Epoch: 26/200	Train Loss: 0.054	Val Accuracy: 6.34
Training Epoch: 27/200	Train Loss: 0.1821	Val Accuracy: 6.34
Training Epoch: 28/200	Train Loss: 0.0532	Val Accuracy: 6.52
Training Epoch: 29/200	Train Loss: 0.0301	Val Accuracy: 6.52
Training Epoch: 30/200	Train Loss: 0.0704	Val Accuracy: 7.1
Training Epoch: 31/200	Train Loss: 0.1509	Val Accuracy: 7.1
Training Epoch: 32/200	Train Loss: 0.07	Val Accuracy: 6.48
Training Epoch: 33/200	Train Loss: 0.0084	Val Accuracy: 6.48
Training Epoch: 34/200	Train Loss: 0.0724	Val Accuracy: 6.24
Training Epoch: 35/200	Train Loss: 0.1492	Val Accuracy: 6.24
Training Epoch: 36/200	Train Loss: 0.1282	Val Accuracy: 6.26
Training Epoch: 37/200	Train Loss: 0.0746	Val Accuracy: 6.26
Training Epoch: 38/200	Train Loss: 0.1233	Val Accuracy: 6.36
Training Epoch: 39/200	Train Loss: 0.0692	Val Accuracy: 6.36
Training Epoch: 40/200	Train Loss: 0.052	Val Accuracy: 6.3
Training Epoch: 41/200	Train Loss: 0.0511	Val Accuracy: 6.3
Training Epoch: 42/200	Train Loss: 0.0309	Val Accuracy: 6.82
Training Epoch: 43/200	Train Loss: 0.0534	Val Accuracy: 6.82
Training Epoch: 44/200	Train Loss: 0.0389	Val Accuracy: 6.68
Training Epoch: 45/200	Train Loss: 0.1536	Val Accuracy: 6.68
Training Epoch: 46/200	Train Loss: 0.0087	Val Accuracy: 6.28
Training Epoch: 47/200	Train Loss: 0.0323	Val Accuracy: 6.28
Training Epoch: 48/200	Train Loss: 0.081	Val Accuracy: 6.88
Training Epoch: 49/200	Train Loss: 0.0124	Val Accuracy: 6.88
Training Epoch: 50/200	Train Loss: 0.0492	Val Accuracy: 6.96
Training Epoch: 51/200	Train Loss: 0.0615	Val Accuracy: 6.96
Training Epoch: 52/200	Train Loss: 0.0187	Val Accuracy: 6.56
Training Epoch: 53/200	Train Loss: 0.0709	Val Accuracy: 6.56
Training Epoch: 54/200	Train Loss: 0.0192	Val Accuracy: 6.4
Training Epoch: 55/200	Train Loss: 0.0321	Val Accuracy: 6.4
Training Epoch: 56/200	Train Loss: 0.0959	Val Accuracy: 6.56
Training Epoch: 57/200	Train Loss: 0.0076	Val Accuracy: 6.56
Training Epoch: 58/200	Train Loss: 0.0046	Val Accuracy: 6.36
Training Epoch: 59/200	Train Loss: 0.0512	Val Accuracy: 6.36
Training Epoch: 60/200	Train Loss: 0.0842	Val Accuracy: 6.14
Training Epoch: 61/200	Train Loss: 0.001	Val Accuracy: 6.14
Training Epoch: 62/200	Train Loss: 0.0006	Val Accuracy: 6.66
Training Epoch: 63/200	Train Loss: 0.011	Val Accuracy: 6.66
Training Epoch: 64/200	Train Loss: 0.0239	Val Accuracy: 6.22
Training Epoch: 65/200	Train Loss: 0.01	Val Accuracy: 6.22
Training Epoch: 66/200	Train Loss: 0.0383	Val Accuracy: 6.66
Training Epoch: 67/200	Train Loss: 0.0464	Val Accuracy: 6.66
Training Epoch: 68/200	Train Loss: 0.0052	Val Accuracy: 6.92
Training Epoch: 69/200	Train Loss: 0.005	Val Accuracy: 6.92
Training Epoch: 70/200	Train Loss: 0.0369	Val Accuracy: 6.88
Training Epoch: 71/200	Train Loss: 0.0047	Val Accuracy: 6.88
Training Epoch: 72/200	Train Loss: 0.0016	Val Accuracy: 6.7
Training Epoch: 73/200	Train Loss: 0.0654	Val Accuracy: 6.7
Training Epoch: 74/200	Train Loss: 0.004	Val Accuracy: 6.96
Training Epoch: 75/200	Train Loss: 0.0012	Val Accuracy: 6.96
Training Epoch: 76/200	Train Loss: 0.004	Val Accuracy: 7.06
Training Epoch: 77/200	Train Loss: 0.0013	Val Accuracy: 7.06
Training Epoch: 78/200	Train Loss: 0.0017	Val Accuracy: 6.78
Training Epoch: 79/200	Train Loss: 0.0116	Val Accuracy: 6.78
Training Epoch: 80/200	Train Loss: 0.0234	Val Accuracy: 6.86
Training Epoch: 81/200	Train Loss: 0.0057	Val Accuracy: 6.86
Training Epoch: 82/200	Train Loss: 0.0093	Val Accuracy: 6.76
Training Epoch: 83/200	Train Loss: 0.0016	Val Accuracy: 6.76
Training Epoch: 84/200	Train Loss: 0.0008	Val Accuracy: 6.7
Training Epoch: 85/200	Train Loss: 0.006	Val Accuracy: 6.7
Training Epoch: 86/200	Train Loss: 0.0021	Val Accuracy: 6.54
Training Epoch: 87/200	Train Loss: 0.0031	Val Accuracy: 6.54
Training Epoch: 88/200	Train Loss: 0.0006	Val Accuracy: 6.54
Training Epoch: 89/200	Train Loss: 0.0016	Val Accuracy: 6.54
Training Epoch: 90/200	Train Loss: 0.0007	Val Accuracy: 6.94
Training Epoch: 91/200	Train Loss: 0.0011	Val Accuracy: 6.94
Training Epoch: 92/200	Train Loss: 0.0006	Val Accuracy: 7.1
Training Epoch: 93/200	Train Loss: 0.0029	Val Accuracy: 7.1
Training Epoch: 94/200	Train Loss: 0.0455	Val Accuracy: 6.74
Training Epoch: 95/200	Train Loss: 0.0103	Val Accuracy: 6.74
Training Epoch: 96/200	Train Loss: 0.0004	Val Accuracy: 6.82
Training Epoch: 97/200	Train Loss: 0.002	Val Accuracy: 6.82
Training Epoch: 98/200	Train Loss: 0.0008	Val Accuracy: 7.06
Training Epoch: 99/200	Train Loss: 0.0025	Val Accuracy: 7.06
Training Epoch: 100/200	Train Loss: 0.0002	Val Accuracy: 6.8
Training Epoch: 101/200	Train Loss: 0.0018	Val Accuracy: 6.8
Training Epoch: 102/200	Train Loss: 0.1216	Val Accuracy: 7.16
Training Epoch: 103/200	Train Loss: 0.0003	Val Accuracy: 7.16
Training Epoch: 104/200	Train Loss: 0.0048	Val Accuracy: 7.16
Training Epoch: 105/200	Train Loss: 0.0017	Val Accuracy: 7.16
Training Epoch: 106/200	Train Loss: 0.0003	Val Accuracy: 7.08
Training Epoch: 107/200	Train Loss: 0.0085	Val Accuracy: 7.08
Training Epoch: 108/200	Train Loss: 0.0145	Val Accuracy: 6.88
Training Epoch: 109/200	Train Loss: 0.0008	Val Accuracy: 6.88
Training Epoch: 110/200	Train Loss: 0.0011	Val Accuracy: 7.0
Training Epoch: 111/200	Train Loss: 0.0026	Val Accuracy: 7.0
Training Epoch: 112/200	Train Loss: 0.0009	Val Accuracy: 7.02
Training Epoch: 113/200	Train Loss: 0.0037	Val Accuracy: 7.02
Training Epoch: 114/200	Train Loss: 0.0002	Val Accuracy: 7.04
Training Epoch: 115/200	Train Loss: 0.0006	Val Accuracy: 7.04
Training Epoch: 116/200	Train Loss: 0.0068	Val Accuracy: 6.88
Training Epoch: 117/200	Train Loss: 0.0005	Val Accuracy: 6.88
Training Epoch: 118/200	Train Loss: 0.003	Val Accuracy: 7.54
Training Epoch: 119/200	Train Loss: 0.0004	Val Accuracy: 7.54
Training Epoch: 120/200	Train Loss: 0.0009	Val Accuracy: 7.38
Training Epoch: 121/200	Train Loss: 0.0006	Val Accuracy: 7.38
Training Epoch: 122/200	Train Loss: 0.0005	Val Accuracy: 7.3
Training Epoch: 123/200	Train Loss: 0.0003	Val Accuracy: 7.3
Training Epoch: 124/200	Train Loss: 0.0014	Val Accuracy: 7.2
Training Epoch: 125/200	Train Loss: 0.0006	Val Accuracy: 7.2
Training Epoch: 126/200	Train Loss: 0.0075	Val Accuracy: 6.98
Training Epoch: 127/200	Train Loss: 0.0129	Val Accuracy: 6.98
Training Epoch: 128/200	Train Loss: 0.0002	Val Accuracy: 7.04
Training Epoch: 129/200	Train Loss: 0.001	Val Accuracy: 7.04
Training Epoch: 130/200	Train Loss: 0.0033	Val Accuracy: 6.92
Training Epoch: 131/200	Train Loss: 0.0046	Val Accuracy: 6.92
Training Epoch: 132/200	Train Loss: 0.0021	Val Accuracy: 7.0
Training Epoch: 133/200	Train Loss: 0.0003	Val Accuracy: 7.0
Training Epoch: 134/200	Train Loss: 0.0008	Val Accuracy: 6.92
Training Epoch: 135/200	Train Loss: 0.1283	Val Accuracy: 6.92
Training Epoch: 136/200	Train Loss: 0.0027	Val Accuracy: 6.7
Training Epoch: 137/200	Train Loss: 0.0049	Val Accuracy: 6.7
Training Epoch: 138/200	Train Loss: 0.0002	Val Accuracy: 7.28
Training Epoch: 139/200	Train Loss: 0.0012	Val Accuracy: 7.28
Training Epoch: 140/200	Train Loss: 0.0003	Val Accuracy: 7.24
Training Epoch: 141/200	Train Loss: 0.0004	Val Accuracy: 7.24
Training Epoch: 142/200	Train Loss: 0.0239	Val Accuracy: 6.68
Training Epoch: 143/200	Train Loss: 0.0035	Val Accuracy: 6.68
Training Epoch: 144/200	Train Loss: 0.0003	Val Accuracy: 6.9
Training Epoch: 145/200	Train Loss: 0.0008	Val Accuracy: 6.9
Training Epoch: 146/200	Train Loss: 0.0005	Val Accuracy: 6.94
Training Epoch: 147/200	Train Loss: 0.0022	Val Accuracy: 6.94
Training Epoch: 148/200	Train Loss: 0.0003	Val Accuracy: 6.68
Training Epoch: 149/200	Train Loss: 0.0006	Val Accuracy: 6.68
Training Epoch: 150/200	Train Loss: 0.0001	Val Accuracy: 6.78
Training Epoch: 151/200	Train Loss: 0.0003	Val Accuracy: 6.78
Training Epoch: 152/200	Train Loss: 0.0002	Val Accuracy: 7.32
Training Epoch: 153/200	Train Loss: 0.0005	Val Accuracy: 7.32
Training Epoch: 154/200	Train Loss: 0.0004	Val Accuracy: 6.76
Training Epoch: 155/200	Train Loss: 0.0004	Val Accuracy: 6.76
Training Epoch: 156/200	Train Loss: 0.0006	Val Accuracy: 7.2
Training Epoch: 157/200	Train Loss: 0.0003	Val Accuracy: 7.2
Training Epoch: 158/200	Train Loss: 0.0008	Val Accuracy: 6.94
Training Epoch: 159/200	Train Loss: 0.0014	Val Accuracy: 6.94
Training Epoch: 160/200	Train Loss: 0.0001	Val Accuracy: 7.16
Training Epoch: 161/200	Train Loss: 0.0045	Val Accuracy: 7.16
Training Epoch: 162/200	Train Loss: 0.041	Val Accuracy: 7.08
Training Epoch: 163/200	Train Loss: 0.0012	Val Accuracy: 7.08
Training Epoch: 164/200	Train Loss: 0.0003	Val Accuracy: 6.7
Training Epoch: 165/200	Train Loss: 0.0004	Val Accuracy: 6.7
Training Epoch: 166/200	Train Loss: 0.0013	Val Accuracy: 7.0
Training Epoch: 167/200	Train Loss: 0.0011	Val Accuracy: 7.0
Training Epoch: 168/200	Train Loss: 0.0002	Val Accuracy: 7.06
Training Epoch: 169/200	Train Loss: 0.0004	Val Accuracy: 7.06
Training Epoch: 170/200	Train Loss: 0.0006	Val Accuracy: 7.34
Training Epoch: 171/200	Train Loss: 0.0006	Val Accuracy: 7.34
Training Epoch: 172/200	Train Loss: 0.0003	Val Accuracy: 7.04
Training Epoch: 173/200	Train Loss: 0.0003	Val Accuracy: 7.04
Training Epoch: 174/200	Train Loss: 0.0004	Val Accuracy: 6.8
Training Epoch: 175/200	Train Loss: 0.0015	Val Accuracy: 6.8
Training Epoch: 176/200	Train Loss: 0.0001	Val Accuracy: 7.24
Training Epoch: 177/200	Train Loss: 0.0003	Val Accuracy: 7.24
Training Epoch: 178/200	Train Loss: 0.0006	Val Accuracy: 7.16
Training Epoch: 179/200	Train Loss: 0.0005	Val Accuracy: 7.16
Training Epoch: 180/200	Train Loss: 0.0001	Val Accuracy: 6.94
Training Epoch: 181/200	Train Loss: 0.002	Val Accuracy: 6.94
Training Epoch: 182/200	Train Loss: 0.002	Val Accuracy: 6.9
Training Epoch: 183/200	Train Loss: 0.0001	Val Accuracy: 6.9
Training Epoch: 184/200	Train Loss: 0.0034	Val Accuracy: 7.48
Training Epoch: 185/200	Train Loss: 0.0053	Val Accuracy: 7.48
Training Epoch: 186/200	Train Loss: 0.0001	Val Accuracy: 6.72
Training Epoch: 187/200	Train Loss: 0.0009	Val Accuracy: 6.72
Training Epoch: 188/200	Train Loss: 0.006	Val Accuracy: 6.66
Training Epoch: 189/200	Train Loss: 0.001	Val Accuracy: 6.66
Training Epoch: 190/200	Train Loss: 0.0006	Val Accuracy: 7.18
Training Epoch: 191/200	Train Loss: 0.0056	Val Accuracy: 7.18
Training Epoch: 192/200	Train Loss: 0.0002	Val Accuracy: 7.02
Training Epoch: 193/200	Train Loss: 0.0006	Val Accuracy: 7.02
Training Epoch: 194/200	Train Loss: 0.0002	Val Accuracy: 6.96
Training Epoch: 195/200	Train Loss: 0.0005	Val Accuracy: 6.96
Training Epoch: 196/200	Train Loss: 0.0003	Val Accuracy: 6.84
Training Epoch: 197/200	Train Loss: 0.0002	Val Accuracy: 6.84
Training Epoch: 198/200	Train Loss: 0.0003	Val Accuracy: 6.98
Training Epoch: 199/200	Train Loss: 0.0006	Val Accuracy: 6.98
Training Epoch: 200/200	Train Loss: 0.0012	Val Accuracy: 6.76

Wrote Best Model Checkpoint to: vlBest_acc_7_model_epoch_0118.pyth

Best Validation Accuracy: 7.54
Best Epoch: 118

======== TESTING ========

Test Accuracy: 7.3.

======== ACTIVE SAMPLING ========

Extracting Lset Representations
len(dataLoader): 6
Extracting Uset Representations
len(dataLoader): 444
lb_repr.shape:  (600, 2048)
ul_repr.shape:  (44400, 2048)
Solving K Center Greedy Approach
[GPU] Labeled.shape: torch.Size([600, 2048])
[GPU] Unlabeled.shape: torch.Size([44400, 2048])
time taken: 0.0004172325134277344 seconds
Time taken to solve K center: 0.1505908966064453 seconds
Active Sampling Complete. After Episode 11:
New Labeled Set: 650, New Unlabeled Set: 44350, Active Set: 50

================================


Current accuracy values:  [2.8499999999999943, 2.989999999999995, 4.0, 4.060000000000002, 4.730000000000004, 4.609999999999999, 5.159999999999997, 5.730000000000004, 6.069999999999993, 6.430000000000007, 6.319999999999993, 7.299999999999997]
======== EPISODE 12 BEGINS ========

======== TRAINING ========
Training Epoch: 1/200	Train Loss: 1.5402	Val Accuracy: 0.0
Training Epoch: 2/200	Train Loss: 0.8285	Val Accuracy: 6.6
Training Epoch: 3/200	Train Loss: 0.1521	Val Accuracy: 6.6
Training Epoch: 4/200	Train Loss: 0.1738	Val Accuracy: 6.66
Training Epoch: 5/200	Train Loss: 0.1933	Val Accuracy: 6.66
Training Epoch: 6/200	Train Loss: 0.0918	Val Accuracy: 6.26
Training Epoch: 7/200	Train Loss: 0.2744	Val Accuracy: 6.26
Training Epoch: 8/200	Train Loss: 0.2422	Val Accuracy: 5.98
Training Epoch: 9/200	Train Loss: 0.08	Val Accuracy: 5.98
Training Epoch: 10/200	Train Loss: 0.0756	Val Accuracy: 6.76
Training Epoch: 11/200	Train Loss: 0.1713	Val Accuracy: 6.76
Training Epoch: 12/200	Train Loss: 0.1122	Val Accuracy: 7.22
Training Epoch: 13/200	Train Loss: 0.117	Val Accuracy: 7.22
Training Epoch: 14/200	Train Loss: 0.0052	Val Accuracy: 7.08
Training Epoch: 15/200	Train Loss: 0.1116	Val Accuracy: 7.08
Training Epoch: 16/200	Train Loss: 0.0932	Val Accuracy: 6.56
Training Epoch: 17/200	Train Loss: 0.1996	Val Accuracy: 6.56
Training Epoch: 18/200	Train Loss: 0.0374	Val Accuracy: 6.4
Training Epoch: 19/200	Train Loss: 0.0367	Val Accuracy: 6.4
Training Epoch: 20/200	Train Loss: 0.0506	Val Accuracy: 7.08
Training Epoch: 21/200	Train Loss: 0.0071	Val Accuracy: 7.08
Training Epoch: 22/200	Train Loss: 0.0304	Val Accuracy: 6.94
Training Epoch: 23/200	Train Loss: 0.0735	Val Accuracy: 6.94
Training Epoch: 24/200	Train Loss: 0.0302	Val Accuracy: 6.78
Training Epoch: 25/200	Train Loss: 0.0516	Val Accuracy: 6.78
Training Epoch: 26/200	Train Loss: 0.0187	Val Accuracy: 6.9
Training Epoch: 27/200	Train Loss: 0.0598	Val Accuracy: 6.9
Training Epoch: 28/200	Train Loss: 0.0596	Val Accuracy: 6.74
Training Epoch: 29/200	Train Loss: 0.0502	Val Accuracy: 6.74
Training Epoch: 30/200	Train Loss: 0.0912	Val Accuracy: 6.94
Training Epoch: 31/200	Train Loss: 0.014	Val Accuracy: 6.94
Training Epoch: 32/200	Train Loss: 0.0064	Val Accuracy: 6.26
Training Epoch: 33/200	Train Loss: 0.1059	Val Accuracy: 6.26
Training Epoch: 34/200	Train Loss: 0.0708	Val Accuracy: 6.24
Training Epoch: 35/200	Train Loss: 0.0272	Val Accuracy: 6.24
Training Epoch: 36/200	Train Loss: 0.105	Val Accuracy: 7.3
Training Epoch: 37/200	Train Loss: 0.054	Val Accuracy: 7.3
Training Epoch: 38/200	Train Loss: 0.0314	Val Accuracy: 7.08
Training Epoch: 39/200	Train Loss: 0.0301	Val Accuracy: 7.08
Training Epoch: 40/200	Train Loss: 0.0012	Val Accuracy: 6.92
Training Epoch: 41/200	Train Loss: 0.0052	Val Accuracy: 6.92
Training Epoch: 42/200	Train Loss: 0.0763	Val Accuracy: 6.64
Training Epoch: 43/200	Train Loss: 0.0247	Val Accuracy: 6.64
Training Epoch: 44/200	Train Loss: 0.102	Val Accuracy: 7.0
Training Epoch: 45/200	Train Loss: 0.03	Val Accuracy: 7.0
Training Epoch: 46/200	Train Loss: 0.0139	Val Accuracy: 7.38
Training Epoch: 47/200	Train Loss: 0.0071	Val Accuracy: 7.38
Training Epoch: 48/200	Train Loss: 0.0142	Val Accuracy: 7.28
Training Epoch: 49/200	Train Loss: 0.0604	Val Accuracy: 7.28
Training Epoch: 50/200	Train Loss: 0.005	Val Accuracy: 6.62
Training Epoch: 51/200	Train Loss: 0.0015	Val Accuracy: 6.62
Training Epoch: 52/200	Train Loss: 0.0071	Val Accuracy: 6.9
Training Epoch: 53/200	Train Loss: 0.0215	Val Accuracy: 6.9
Training Epoch: 54/200	Train Loss: 0.0068	Val Accuracy: 6.76
Training Epoch: 55/200	Train Loss: 0.0427	Val Accuracy: 6.76
Training Epoch: 56/200	Train Loss: 0.0006	Val Accuracy: 6.96
Training Epoch: 57/200	Train Loss: 0.0073	Val Accuracy: 6.96
Training Epoch: 58/200	Train Loss: 0.0413	Val Accuracy: 6.2
Training Epoch: 59/200	Train Loss: 0.0022	Val Accuracy: 6.2
Training Epoch: 60/200	Train Loss: 0.0116	Val Accuracy: 6.54
Training Epoch: 61/200	Train Loss: 0.0011	Val Accuracy: 6.54
Training Epoch: 62/200	Train Loss: 0.0453	Val Accuracy: 7.14
Training Epoch: 63/200	Train Loss: 0.0783	Val Accuracy: 7.14
Training Epoch: 64/200	Train Loss: 0.0231	Val Accuracy: 6.96
Training Epoch: 65/200	Train Loss: 0.0184	Val Accuracy: 6.96
Training Epoch: 66/200	Train Loss: 0.002	Val Accuracy: 7.02
Training Epoch: 67/200	Train Loss: 0.0546	Val Accuracy: 7.02
Training Epoch: 68/200	Train Loss: 0.0158	Val Accuracy: 6.84
Training Epoch: 69/200	Train Loss: 0.0067	Val Accuracy: 6.84
Training Epoch: 70/200	Train Loss: 0.0032	Val Accuracy: 7.08
Training Epoch: 71/200	Train Loss: 0.002	Val Accuracy: 7.08
Training Epoch: 72/200	Train Loss: 0.0005	Val Accuracy: 7.16
Training Epoch: 73/200	Train Loss: 0.0019	Val Accuracy: 7.16
Training Epoch: 74/200	Train Loss: 0.0007	Val Accuracy: 7.48
Training Epoch: 75/200	Train Loss: 0.0025	Val Accuracy: 7.48
Training Epoch: 76/200	Train Loss: 0.0356	Val Accuracy: 7.44
Training Epoch: 77/200	Train Loss: 0.001	Val Accuracy: 7.44
Training Epoch: 78/200	Train Loss: 0.0013	Val Accuracy: 7.66
Training Epoch: 79/200	Train Loss: 0.0008	Val Accuracy: 7.66
Training Epoch: 80/200	Train Loss: 0.0434	Val Accuracy: 7.18
Training Epoch: 81/200	Train Loss: 0.0015	Val Accuracy: 7.18
Training Epoch: 82/200	Train Loss: 0.005	Val Accuracy: 7.6
Training Epoch: 83/200	Train Loss: 0.0647	Val Accuracy: 7.6
Training Epoch: 84/200	Train Loss: 0.0122	Val Accuracy: 7.34
Training Epoch: 85/200	Train Loss: 0.0029	Val Accuracy: 7.34
Training Epoch: 86/200	Train Loss: 0.1066	Val Accuracy: 7.38
Training Epoch: 87/200	Train Loss: 0.0026	Val Accuracy: 7.38
Training Epoch: 88/200	Train Loss: 0.0035	Val Accuracy: 7.24
Training Epoch: 89/200	Train Loss: 0.0032	Val Accuracy: 7.24
Training Epoch: 90/200	Train Loss: 0.0154	Val Accuracy: 7.0
Training Epoch: 91/200	Train Loss: 0.0056	Val Accuracy: 7.0
Training Epoch: 92/200	Train Loss: 0.0201	Val Accuracy: 7.3
Training Epoch: 93/200	Train Loss: 0.0011	Val Accuracy: 7.3
Training Epoch: 94/200	Train Loss: 0.0269	Val Accuracy: 7.2
Training Epoch: 95/200	Train Loss: 0.0152	Val Accuracy: 7.2
Training Epoch: 96/200	Train Loss: 0.0007	Val Accuracy: 7.3
Training Epoch: 97/200	Train Loss: 0.0038	Val Accuracy: 7.3
Training Epoch: 98/200	Train Loss: 0.0005	Val Accuracy: 7.06
Training Epoch: 99/200	Train Loss: 0.0025	Val Accuracy: 7.06
Training Epoch: 100/200	Train Loss: 0.0006	Val Accuracy: 7.44
Training Epoch: 101/200	Train Loss: 0.0003	Val Accuracy: 7.44
Training Epoch: 102/200	Train Loss: 0.0114	Val Accuracy: 7.12
Training Epoch: 103/200	Train Loss: 0.0007	Val Accuracy: 7.12
Training Epoch: 104/200	Train Loss: 0.001	Val Accuracy: 7.2
Training Epoch: 105/200	Train Loss: 0.0098	Val Accuracy: 7.2
Training Epoch: 106/200	Train Loss: 0.0005	Val Accuracy: 7.38
Training Epoch: 107/200	Train Loss: 0.001	Val Accuracy: 7.38
Training Epoch: 108/200	Train Loss: 0.0006	Val Accuracy: 6.98
Training Epoch: 109/200	Train Loss: 0.0581	Val Accuracy: 6.98
Training Epoch: 110/200	Train Loss: 0.0007	Val Accuracy: 7.64
Training Epoch: 111/200	Train Loss: 0.0004	Val Accuracy: 7.64
Training Epoch: 112/200	Train Loss: 0.0152	Val Accuracy: 7.48
Training Epoch: 113/200	Train Loss: 0.005	Val Accuracy: 7.48
Training Epoch: 114/200	Train Loss: 0.0012	Val Accuracy: 7.24
Training Epoch: 115/200	Train Loss: 0.0003	Val Accuracy: 7.24
Training Epoch: 116/200	Train Loss: 0.0026	Val Accuracy: 7.36
Training Epoch: 117/200	Train Loss: 0.0012	Val Accuracy: 7.36
Training Epoch: 118/200	Train Loss: 0.0004	Val Accuracy: 7.1
Training Epoch: 119/200	Train Loss: 0.0065	Val Accuracy: 7.1
Training Epoch: 120/200	Train Loss: 0.0034	Val Accuracy: 7.3
Training Epoch: 121/200	Train Loss: 0.0078	Val Accuracy: 7.3
Training Epoch: 122/200	Train Loss: 0.0001	Val Accuracy: 7.26
Training Epoch: 123/200	Train Loss: 0.0009	Val Accuracy: 7.26
Training Epoch: 124/200	Train Loss: 0.0011	Val Accuracy: 7.18
Training Epoch: 125/200	Train Loss: 0.0022	Val Accuracy: 7.18
Training Epoch: 126/200	Train Loss: 0.0002	Val Accuracy: 7.18
Training Epoch: 127/200	Train Loss: 0.0012	Val Accuracy: 7.18
Training Epoch: 128/200	Train Loss: 0.0002	Val Accuracy: 7.06
Training Epoch: 129/200	Train Loss: 0.0011	Val Accuracy: 7.06
Training Epoch: 130/200	Train Loss: 0.0018	Val Accuracy: 7.44
Training Epoch: 131/200	Train Loss: 0.0014	Val Accuracy: 7.44
Training Epoch: 132/200	Train Loss: 0.0004	Val Accuracy: 7.42
Training Epoch: 133/200	Train Loss: 0.0005	Val Accuracy: 7.42
Training Epoch: 134/200	Train Loss: 0.0008	Val Accuracy: 7.32
Training Epoch: 135/200	Train Loss: 0.0053	Val Accuracy: 7.32
Training Epoch: 136/200	Train Loss: 0.0005	Val Accuracy: 7.36
Training Epoch: 137/200	Train Loss: 0.0004	Val Accuracy: 7.36
Training Epoch: 138/200	Train Loss: 0.0061	Val Accuracy: 7.06
Training Epoch: 139/200	Train Loss: 0.001	Val Accuracy: 7.06
Training Epoch: 140/200	Train Loss: 0.0003	Val Accuracy: 7.28
Training Epoch: 141/200	Train Loss: 0.0002	Val Accuracy: 7.28
Training Epoch: 142/200	Train Loss: 0.0003	Val Accuracy: 7.68
Training Epoch: 143/200	Train Loss: 0.0012	Val Accuracy: 7.68
Training Epoch: 144/200	Train Loss: 0.0007	Val Accuracy: 7.14
Training Epoch: 145/200	Train Loss: 0.0026	Val Accuracy: 7.14
Training Epoch: 146/200	Train Loss: 0.0134	Val Accuracy: 7.1
Training Epoch: 147/200	Train Loss: 0.0004	Val Accuracy: 7.1
Training Epoch: 148/200	Train Loss: 0.0046	Val Accuracy: 7.44
Training Epoch: 149/200	Train Loss: 0.0049	Val Accuracy: 7.44
Training Epoch: 150/200	Train Loss: 0.0051	Val Accuracy: 7.38
Training Epoch: 151/200	Train Loss: 0.0094	Val Accuracy: 7.38
Training Epoch: 152/200	Train Loss: 0.0004	Val Accuracy: 6.98
Training Epoch: 153/200	Train Loss: 0.0006	Val Accuracy: 6.98
Training Epoch: 154/200	Train Loss: 0.0011	Val Accuracy: 7.3
Training Epoch: 155/200	Train Loss: 0.0018	Val Accuracy: 7.3
Training Epoch: 156/200	Train Loss: 0.0006	Val Accuracy: 7.28
Training Epoch: 157/200	Train Loss: 0.0016	Val Accuracy: 7.28
Training Epoch: 158/200	Train Loss: 0.0038	Val Accuracy: 7.1
Training Epoch: 159/200	Train Loss: 0.0003	Val Accuracy: 7.1
Training Epoch: 160/200	Train Loss: 0.0019	Val Accuracy: 7.36
Training Epoch: 161/200	Train Loss: 0.0006	Val Accuracy: 7.36
Training Epoch: 162/200	Train Loss: 0.0009	Val Accuracy: 7.02
Training Epoch: 163/200	Train Loss: 0.0008	Val Accuracy: 7.02
Training Epoch: 164/200	Train Loss: 0.0011	Val Accuracy: 7.04
Training Epoch: 165/200	Train Loss: 0.0006	Val Accuracy: 7.04
Training Epoch: 166/200	Train Loss: 0.0003	Val Accuracy: 7.38
Training Epoch: 167/200	Train Loss: 0.0002	Val Accuracy: 7.38
Training Epoch: 168/200	Train Loss: 0.0004	Val Accuracy: 7.5
Training Epoch: 169/200	Train Loss: 0.0008	Val Accuracy: 7.5
Training Epoch: 170/200	Train Loss: 0.0008	Val Accuracy: 7.2
Training Epoch: 171/200	Train Loss: 0.0007	Val Accuracy: 7.2
Training Epoch: 172/200	Train Loss: 0.0008	Val Accuracy: 7.2
Training Epoch: 173/200	Train Loss: 0.0004	Val Accuracy: 7.2
Training Epoch: 174/200	Train Loss: 0.0013	Val Accuracy: 7.3
Training Epoch: 175/200	Train Loss: 0.0012	Val Accuracy: 7.3
Training Epoch: 176/200	Train Loss: 0.0004	Val Accuracy: 7.62
Training Epoch: 177/200	Train Loss: 0.0004	Val Accuracy: 7.62
Training Epoch: 178/200	Train Loss: 0.0012	Val Accuracy: 7.34
Training Epoch: 179/200	Train Loss: 0.0002	Val Accuracy: 7.34
Training Epoch: 180/200	Train Loss: 0.0003	Val Accuracy: 7.12
Training Epoch: 181/200	Train Loss: 0.0008	Val Accuracy: 7.12
Training Epoch: 182/200	Train Loss: 0.0002	Val Accuracy: 7.3
Training Epoch: 183/200	Train Loss: 0.0011	Val Accuracy: 7.3
Training Epoch: 184/200	Train Loss: 0.0004	Val Accuracy: 7.08
Training Epoch: 185/200	Train Loss: 0.0003	Val Accuracy: 7.08
Training Epoch: 186/200	Train Loss: 0.0005	Val Accuracy: 7.3
Training Epoch: 187/200	Train Loss: 0.0002	Val Accuracy: 7.3
Training Epoch: 188/200	Train Loss: 0.0002	Val Accuracy: 7.4
Training Epoch: 189/200	Train Loss: 0.0002	Val Accuracy: 7.4
Training Epoch: 190/200	Train Loss: 0.0009	Val Accuracy: 7.18
Training Epoch: 191/200	Train Loss: 0.0009	Val Accuracy: 7.18
Training Epoch: 192/200	Train Loss: 0.0003	Val Accuracy: 7.12
Training Epoch: 193/200	Train Loss: 0.0018	Val Accuracy: 7.12
Training Epoch: 194/200	Train Loss: 0.0005	Val Accuracy: 7.6
Training Epoch: 195/200	Train Loss: 0.0015	Val Accuracy: 7.6
Training Epoch: 196/200	Train Loss: 0.0016	Val Accuracy: 7.3
Training Epoch: 197/200	Train Loss: 0.0013	Val Accuracy: 7.3
Training Epoch: 198/200	Train Loss: 0.0019	Val Accuracy: 7.24
Training Epoch: 199/200	Train Loss: 0.0002	Val Accuracy: 7.24
Training Epoch: 200/200	Train Loss: 0.0006	Val Accuracy: 7.52

Wrote Best Model Checkpoint to: vlBest_acc_7_model_epoch_0142.pyth

Best Validation Accuracy: 7.68
Best Epoch: 142

======== TESTING ========

Test Accuracy: 7.58.

======== ACTIVE SAMPLING ========

Extracting Lset Representations
len(dataLoader): 7
Extracting Uset Representations
len(dataLoader): 444
lb_repr.shape:  (650, 2048)
ul_repr.shape:  (44350, 2048)
Solving K Center Greedy Approach
[GPU] Labeled.shape: torch.Size([650, 2048])
[GPU] Unlabeled.shape: torch.Size([44350, 2048])
time taken: 0.00037384033203125 seconds
Time taken to solve K center: 0.15073680877685547 seconds
Active Sampling Complete. After Episode 12:
New Labeled Set: 700, New Unlabeled Set: 44300, Active Set: 50

================================


Current accuracy values:  [2.8499999999999943, 2.989999999999995, 4.0, 4.060000000000002, 4.730000000000004, 4.609999999999999, 5.159999999999997, 5.730000000000004, 6.069999999999993, 6.430000000000007, 6.319999999999993, 7.299999999999997, 7.579999999999998]
======== EPISODE 13 BEGINS ========

======== TRAINING ========
Training Epoch: 1/200	Train Loss: 0.0423	Val Accuracy: 0.0
Training Epoch: 2/200	Train Loss: 0.2219	Val Accuracy: 6.6
Training Epoch: 3/200	Train Loss: 0.1681	Val Accuracy: 6.6
Training Epoch: 4/200	Train Loss: 0.0426	Val Accuracy: 6.88
Training Epoch: 5/200	Train Loss: 0.3387	Val Accuracy: 6.88
Training Epoch: 6/200	Train Loss: 0.1272	Val Accuracy: 6.3
Training Epoch: 7/200	Train Loss: 0.1166	Val Accuracy: 6.3
Training Epoch: 8/200	Train Loss: 0.0804	Val Accuracy: 7.18
Training Epoch: 9/200	Train Loss: 0.0566	Val Accuracy: 7.18
Training Epoch: 10/200	Train Loss: 0.0703	Val Accuracy: 6.76
Training Epoch: 11/200	Train Loss: 0.0756	Val Accuracy: 6.76
Training Epoch: 12/200	Train Loss: 0.1598	Val Accuracy: 6.78
Training Epoch: 13/200	Train Loss: 0.0045	Val Accuracy: 6.78
Training Epoch: 14/200	Train Loss: 0.0391	Val Accuracy: 6.74
Training Epoch: 15/200	Train Loss: 0.0472	Val Accuracy: 6.74
Training Epoch: 16/200	Train Loss: 0.0626	Val Accuracy: 6.78
Training Epoch: 17/200	Train Loss: 0.0038	Val Accuracy: 6.78
Training Epoch: 18/200	Train Loss: 0.0725	Val Accuracy: 6.82
Training Epoch: 19/200	Train Loss: 0.0576	Val Accuracy: 6.82
Training Epoch: 20/200	Train Loss: 0.0165	Val Accuracy: 6.18
Training Epoch: 21/200	Train Loss: 0.0857	Val Accuracy: 6.18
Training Epoch: 22/200	Train Loss: 0.03	Val Accuracy: 6.34
Training Epoch: 23/200	Train Loss: 0.0247	Val Accuracy: 6.34
Training Epoch: 24/200	Train Loss: 0.1302	Val Accuracy: 6.7
Training Epoch: 25/200	Train Loss: 0.0079	Val Accuracy: 6.7
Training Epoch: 26/200	Train Loss: 0.0736	Val Accuracy: 6.08
Training Epoch: 27/200	Train Loss: 0.0169	Val Accuracy: 6.08
Training Epoch: 28/200	Train Loss: 0.4163	Val Accuracy: 6.92
Training Epoch: 29/200	Train Loss: 0.021	Val Accuracy: 6.92
Training Epoch: 30/200	Train Loss: 0.0084	Val Accuracy: 6.76
Training Epoch: 31/200	Train Loss: 0.041	Val Accuracy: 6.76
Training Epoch: 32/200	Train Loss: 0.0255	Val Accuracy: 6.52
Training Epoch: 33/200	Train Loss: 0.0852	Val Accuracy: 6.52
Training Epoch: 34/200	Train Loss: 0.0299	Val Accuracy: 6.68
Training Epoch: 35/200	Train Loss: 0.0534	Val Accuracy: 6.68
Training Epoch: 36/200	Train Loss: 0.0582	Val Accuracy: 6.74
Training Epoch: 37/200	Train Loss: 0.0184	Val Accuracy: 6.74
Training Epoch: 38/200	Train Loss: 0.0149	Val Accuracy: 7.14
Training Epoch: 39/200	Train Loss: 0.005	Val Accuracy: 7.14
Training Epoch: 40/200	Train Loss: 0.0144	Val Accuracy: 7.42
Training Epoch: 41/200	Train Loss: 0.0157	Val Accuracy: 7.42
Training Epoch: 42/200	Train Loss: 0.0159	Val Accuracy: 6.88
Training Epoch: 43/200	Train Loss: 0.0056	Val Accuracy: 6.88
Training Epoch: 44/200	Train Loss: 0.026	Val Accuracy: 6.38
Training Epoch: 45/200	Train Loss: 0.0108	Val Accuracy: 6.38
Training Epoch: 46/200	Train Loss: 0.0068	Val Accuracy: 7.3
Training Epoch: 47/200	Train Loss: 0.1197	Val Accuracy: 7.3
Training Epoch: 48/200	Train Loss: 0.0124	Val Accuracy: 7.3
Training Epoch: 49/200	Train Loss: 0.0197	Val Accuracy: 7.3
Training Epoch: 50/200	Train Loss: 0.029	Val Accuracy: 7.1
Training Epoch: 51/200	Train Loss: 0.0355	Val Accuracy: 7.1
Training Epoch: 52/200	Train Loss: 0.0015	Val Accuracy: 6.86
Training Epoch: 53/200	Train Loss: 0.0807	Val Accuracy: 6.86
Training Epoch: 54/200	Train Loss: 0.0081	Val Accuracy: 7.12
Training Epoch: 55/200	Train Loss: 0.0048	Val Accuracy: 7.12
Training Epoch: 56/200	Train Loss: 0.0032	Val Accuracy: 7.18
Training Epoch: 57/200	Train Loss: 0.0338	Val Accuracy: 7.18
Training Epoch: 58/200	Train Loss: 0.0253	Val Accuracy: 7.12
Training Epoch: 59/200	Train Loss: 0.0151	Val Accuracy: 7.12
Training Epoch: 60/200	Train Loss: 0.0043	Val Accuracy: 7.26
Training Epoch: 61/200	Train Loss: 0.02	Val Accuracy: 7.26
Training Epoch: 62/200	Train Loss: 0.011	Val Accuracy: 7.56
Training Epoch: 63/200	Train Loss: 0.0026	Val Accuracy: 7.56
Training Epoch: 64/200	Train Loss: 0.02	Val Accuracy: 7.22
Training Epoch: 65/200	Train Loss: 0.0081	Val Accuracy: 7.22
Training Epoch: 66/200	Train Loss: 0.0028	Val Accuracy: 7.36
Training Epoch: 67/200	Train Loss: 0.0323	Val Accuracy: 7.36
Training Epoch: 68/200	Train Loss: 0.004	Val Accuracy: 7.64
Training Epoch: 69/200	Train Loss: 0.0013	Val Accuracy: 7.64
Training Epoch: 70/200	Train Loss: 0.009	Val Accuracy: 7.26
Training Epoch: 71/200	Train Loss: 0.0008	Val Accuracy: 7.26
Training Epoch: 72/200	Train Loss: 0.0584	Val Accuracy: 7.5
Training Epoch: 73/200	Train Loss: 0.0008	Val Accuracy: 7.5
Training Epoch: 74/200	Train Loss: 0.0429	Val Accuracy: 7.46
Training Epoch: 75/200	Train Loss: 0.0009	Val Accuracy: 7.46
Training Epoch: 76/200	Train Loss: 0.0021	Val Accuracy: 7.2
Training Epoch: 77/200	Train Loss: 0.0036	Val Accuracy: 7.2
Training Epoch: 78/200	Train Loss: 0.0021	Val Accuracy: 7.06
Training Epoch: 79/200	Train Loss: 0.0472	Val Accuracy: 7.06
Training Epoch: 80/200	Train Loss: 0.0128	Val Accuracy: 7.7
Training Epoch: 81/200	Train Loss: 0.0494	Val Accuracy: 7.7
Training Epoch: 82/200	Train Loss: 0.017	Val Accuracy: 7.72
Training Epoch: 83/200	Train Loss: 0.0203	Val Accuracy: 7.72
Training Epoch: 84/200	Train Loss: 0.0004	Val Accuracy: 7.38
Training Epoch: 85/200	Train Loss: 0.0417	Val Accuracy: 7.38
Training Epoch: 86/200	Train Loss: 0.0095	Val Accuracy: 7.08
Training Epoch: 87/200	Train Loss: 0.0007	Val Accuracy: 7.08
Training Epoch: 88/200	Train Loss: 0.0012	Val Accuracy: 7.82
Training Epoch: 89/200	Train Loss: 0.0026	Val Accuracy: 7.82
Training Epoch: 90/200	Train Loss: 0.0018	Val Accuracy: 7.1
Training Epoch: 91/200	Train Loss: 0.001	Val Accuracy: 7.1
Training Epoch: 92/200	Train Loss: 0.002	Val Accuracy: 7.78
Training Epoch: 93/200	Train Loss: 0.0007	Val Accuracy: 7.78
Training Epoch: 94/200	Train Loss: 0.0004	Val Accuracy: 7.28
Training Epoch: 95/200	Train Loss: 0.0048	Val Accuracy: 7.28
Training Epoch: 96/200	Train Loss: 0.0089	Val Accuracy: 7.56
Training Epoch: 97/200	Train Loss: 0.0005	Val Accuracy: 7.56
Training Epoch: 98/200	Train Loss: 0.0083	Val Accuracy: 7.58
Training Epoch: 99/200	Train Loss: 0.0195	Val Accuracy: 7.58
Training Epoch: 100/200	Train Loss: 0.0031	Val Accuracy: 7.58
Training Epoch: 101/200	Train Loss: 0.0011	Val Accuracy: 7.58
Training Epoch: 102/200	Train Loss: 0.0075	Val Accuracy: 7.26
Training Epoch: 103/200	Train Loss: 0.0007	Val Accuracy: 7.26
Training Epoch: 104/200	Train Loss: 0.002	Val Accuracy: 7.2
Training Epoch: 105/200	Train Loss: 0.0032	Val Accuracy: 7.2
Training Epoch: 106/200	Train Loss: 0.0007	Val Accuracy: 7.26
Training Epoch: 107/200	Train Loss: 0.0003	Val Accuracy: 7.26
Training Epoch: 108/200	Train Loss: 0.0005	Val Accuracy: 7.28
Training Epoch: 109/200	Train Loss: 0.0008	Val Accuracy: 7.28
Training Epoch: 110/200	Train Loss: 0.0035	Val Accuracy: 7.74
Training Epoch: 111/200	Train Loss: 0.002	Val Accuracy: 7.74
Training Epoch: 112/200	Train Loss: 0.008	Val Accuracy: 7.14
Training Epoch: 113/200	Train Loss: 0.0082	Val Accuracy: 7.14
Training Epoch: 114/200	Train Loss: 0.0003	Val Accuracy: 7.16
Training Epoch: 115/200	Train Loss: 0.0024	Val Accuracy: 7.16
Training Epoch: 116/200	Train Loss: 0.0011	Val Accuracy: 7.36
Training Epoch: 117/200	Train Loss: 0.0007	Val Accuracy: 7.36
Training Epoch: 118/200	Train Loss: 0.0004	Val Accuracy: 7.5
Training Epoch: 119/200	Train Loss: 0.0103	Val Accuracy: 7.5
Training Epoch: 120/200	Train Loss: 0.0057	Val Accuracy: 7.48
Training Epoch: 121/200	Train Loss: 0.0023	Val Accuracy: 7.48
Training Epoch: 122/200	Train Loss: 0.0008	Val Accuracy: 7.18
Training Epoch: 123/200	Train Loss: 0.0023	Val Accuracy: 7.18
Training Epoch: 124/200	Train Loss: 0.0005	Val Accuracy: 7.72
Training Epoch: 125/200	Train Loss: 0.0007	Val Accuracy: 7.72
Training Epoch: 126/200	Train Loss: 0.0004	Val Accuracy: 7.32
Training Epoch: 127/200	Train Loss: 0.0019	Val Accuracy: 7.32
Training Epoch: 128/200	Train Loss: 0.0009	Val Accuracy: 7.24
Training Epoch: 129/200	Train Loss: 0.0002	Val Accuracy: 7.24
Training Epoch: 130/200	Train Loss: 0.0036	Val Accuracy: 6.92
Training Epoch: 131/200	Train Loss: 0.0003	Val Accuracy: 6.92
Training Epoch: 132/200	Train Loss: 0.0006	Val Accuracy: 7.42
Training Epoch: 133/200	Train Loss: 0.0002	Val Accuracy: 7.42
Training Epoch: 134/200	Train Loss: 0.0006	Val Accuracy: 7.46
Training Epoch: 135/200	Train Loss: 0.0007	Val Accuracy: 7.46
Training Epoch: 136/200	Train Loss: 0.0029	Val Accuracy: 7.36
Training Epoch: 137/200	Train Loss: 0.0061	Val Accuracy: 7.36
Training Epoch: 138/200	Train Loss: 0.0004	Val Accuracy: 7.18
Training Epoch: 139/200	Train Loss: 0.0065	Val Accuracy: 7.18
Training Epoch: 140/200	Train Loss: 0.0006	Val Accuracy: 7.38
Training Epoch: 141/200	Train Loss: 0.0006	Val Accuracy: 7.38
Training Epoch: 142/200	Train Loss: 0.0032	Val Accuracy: 7.5
Training Epoch: 143/200	Train Loss: 0.0015	Val Accuracy: 7.5
Training Epoch: 144/200	Train Loss: 0.0011	Val Accuracy: 7.48
Training Epoch: 145/200	Train Loss: 0.0005	Val Accuracy: 7.48
Training Epoch: 146/200	Train Loss: 0.0009	Val Accuracy: 7.52
Training Epoch: 147/200	Train Loss: 0.0008	Val Accuracy: 7.52
Training Epoch: 148/200	Train Loss: 0.0003	Val Accuracy: 7.62
Training Epoch: 149/200	Train Loss: 0.0035	Val Accuracy: 7.62
Training Epoch: 150/200	Train Loss: 0.002	Val Accuracy: 6.84
Training Epoch: 151/200	Train Loss: 0.0004	Val Accuracy: 6.84
Training Epoch: 152/200	Train Loss: 0.0005	Val Accuracy: 7.26
Training Epoch: 153/200	Train Loss: 0.002	Val Accuracy: 7.26
Training Epoch: 154/200	Train Loss: 0.0002	Val Accuracy: 7.4
Training Epoch: 155/200	Train Loss: 0.0004	Val Accuracy: 7.4
Training Epoch: 156/200	Train Loss: 0.0003	Val Accuracy: 7.12
Training Epoch: 157/200	Train Loss: 0.0023	Val Accuracy: 7.12
Training Epoch: 158/200	Train Loss: 0.0001	Val Accuracy: 7.38
Training Epoch: 159/200	Train Loss: 0.0005	Val Accuracy: 7.38
Training Epoch: 160/200	Train Loss: 0.001	Val Accuracy: 7.12
Training Epoch: 161/200	Train Loss: 0.0442	Val Accuracy: 7.12
Training Epoch: 162/200	Train Loss: 0.0039	Val Accuracy: 7.66
Training Epoch: 163/200	Train Loss: 0.0004	Val Accuracy: 7.66
Training Epoch: 164/200	Train Loss: 0.0006	Val Accuracy: 7.7
Training Epoch: 165/200	Train Loss: 0.0006	Val Accuracy: 7.7
Training Epoch: 166/200	Train Loss: 0.0055	Val Accuracy: 7.46
Training Epoch: 167/200	Train Loss: 0.0003	Val Accuracy: 7.46
Training Epoch: 168/200	Train Loss: 0.0038	Val Accuracy: 7.18
Training Epoch: 169/200	Train Loss: 0.0008	Val Accuracy: 7.18
Training Epoch: 170/200	Train Loss: 0.0002	Val Accuracy: 7.5
Training Epoch: 171/200	Train Loss: 0.0007	Val Accuracy: 7.5
Training Epoch: 172/200	Train Loss: 0.0026	Val Accuracy: 7.54
Training Epoch: 173/200	Train Loss: 0.0022	Val Accuracy: 7.54
Training Epoch: 174/200	Train Loss: 0.002	Val Accuracy: 7.4
Training Epoch: 175/200	Train Loss: 0.0004	Val Accuracy: 7.4
Training Epoch: 176/200	Train Loss: 0.001	Val Accuracy: 7.16
Training Epoch: 177/200	Train Loss: 0.0005	Val Accuracy: 7.16
Training Epoch: 178/200	Train Loss: 0.0004	Val Accuracy: 7.54
Training Epoch: 179/200	Train Loss: 0.0009	Val Accuracy: 7.54
Training Epoch: 180/200	Train Loss: 0.0024	Val Accuracy: 7.28
Training Epoch: 181/200	Train Loss: 0.0008	Val Accuracy: 7.28
Training Epoch: 182/200	Train Loss: 0.0004	Val Accuracy: 6.98
Training Epoch: 183/200	Train Loss: 0.0034	Val Accuracy: 6.98
Training Epoch: 184/200	Train Loss: 0.0002	Val Accuracy: 7.88
Training Epoch: 185/200	Train Loss: 0.0002	Val Accuracy: 7.88
Training Epoch: 186/200	Train Loss: 0.0012	Val Accuracy: 7.56
Training Epoch: 187/200	Train Loss: 0.001	Val Accuracy: 7.56
Training Epoch: 188/200	Train Loss: 0.0142	Val Accuracy: 7.58
Training Epoch: 189/200	Train Loss: 0.0002	Val Accuracy: 7.58
Training Epoch: 190/200	Train Loss: 0.0004	Val Accuracy: 7.62
Training Epoch: 191/200	Train Loss: 0.0006	Val Accuracy: 7.62
Training Epoch: 192/200	Train Loss: 0.0058	Val Accuracy: 7.58
Training Epoch: 193/200	Train Loss: 0.0003	Val Accuracy: 7.58
Training Epoch: 194/200	Train Loss: 0.0011	Val Accuracy: 7.66
Training Epoch: 195/200	Train Loss: 0.0006	Val Accuracy: 7.66
Training Epoch: 196/200	Train Loss: 0.0004	Val Accuracy: 7.66
Training Epoch: 197/200	Train Loss: 0.0004	Val Accuracy: 7.66
Training Epoch: 198/200	Train Loss: 0.0004	Val Accuracy: 7.82
Training Epoch: 199/200	Train Loss: 0.001	Val Accuracy: 7.82
Training Epoch: 200/200	Train Loss: 0.0005	Val Accuracy: 7.54

Wrote Best Model Checkpoint to: vlBest_acc_7_model_epoch_0184.pyth

Best Validation Accuracy: 7.88
Best Epoch: 184

======== TESTING ========

Test Accuracy: 7.53.

======== ACTIVE SAMPLING ========

Extracting Lset Representations
len(dataLoader): 7
Extracting Uset Representations
len(dataLoader): 443
lb_repr.shape:  (700, 2048)
ul_repr.shape:  (44300, 2048)
Solving K Center Greedy Approach
[GPU] Labeled.shape: torch.Size([700, 2048])
[GPU] Unlabeled.shape: torch.Size([44300, 2048])
time taken: 0.0004203319549560547 seconds
Time taken to solve K center: 0.15162444114685059 seconds
Active Sampling Complete. After Episode 13:
New Labeled Set: 750, New Unlabeled Set: 44250, Active Set: 50

================================


Current accuracy values:  [2.8499999999999943, 2.989999999999995, 4.0, 4.060000000000002, 4.730000000000004, 4.609999999999999, 5.159999999999997, 5.730000000000004, 6.069999999999993, 6.430000000000007, 6.319999999999993, 7.299999999999997, 7.579999999999998, 7.530000000000001]
======== EPISODE 14 BEGINS ========

======== TRAINING ========
Training Epoch: 1/200	Train Loss: 0.568	Val Accuracy: 0.0
Training Epoch: 2/200	Train Loss: 0.4234	Val Accuracy: 6.84
Training Epoch: 3/200	Train Loss: 0.0905	Val Accuracy: 6.84
Training Epoch: 4/200	Train Loss: 0.1556	Val Accuracy: 6.7
Training Epoch: 5/200	Train Loss: 0.0965	Val Accuracy: 6.7
Training Epoch: 6/200	Train Loss: 0.0653	Val Accuracy: 6.48
Training Epoch: 7/200	Train Loss: 0.1767	Val Accuracy: 6.48
Training Epoch: 8/200	Train Loss: 0.1202	Val Accuracy: 7.0
Training Epoch: 9/200	Train Loss: 0.1246	Val Accuracy: 7.0
Training Epoch: 10/200	Train Loss: 0.1398	Val Accuracy: 6.66
Training Epoch: 11/200	Train Loss: 0.3167	Val Accuracy: 6.66
Training Epoch: 12/200	Train Loss: 0.0349	Val Accuracy: 6.56
Training Epoch: 13/200	Train Loss: 0.1154	Val Accuracy: 6.56
Training Epoch: 14/200	Train Loss: 0.0413	Val Accuracy: 6.52
Training Epoch: 15/200	Train Loss: 0.0674	Val Accuracy: 6.52
Training Epoch: 16/200	Train Loss: 0.0204	Val Accuracy: 6.76
Training Epoch: 17/200	Train Loss: 0.0095	Val Accuracy: 6.76
Training Epoch: 18/200	Train Loss: 0.1014	Val Accuracy: 7.36
Training Epoch: 19/200	Train Loss: 0.1395	Val Accuracy: 7.36
Training Epoch: 20/200	Train Loss: 0.0407	Val Accuracy: 6.86
Training Epoch: 21/200	Train Loss: 0.0115	Val Accuracy: 6.86
Training Epoch: 22/200	Train Loss: 0.0946	Val Accuracy: 6.6
Training Epoch: 23/200	Train Loss: 0.0953	Val Accuracy: 6.6
Training Epoch: 24/200	Train Loss: 0.0115	Val Accuracy: 6.96
Training Epoch: 25/200	Train Loss: 0.0547	Val Accuracy: 6.96
Training Epoch: 26/200	Train Loss: 0.2682	Val Accuracy: 6.44
Training Epoch: 27/200	Train Loss: 0.0385	Val Accuracy: 6.44
Training Epoch: 28/200	Train Loss: 0.0074	Val Accuracy: 7.04
Training Epoch: 29/200	Train Loss: 0.0501	Val Accuracy: 7.04
Training Epoch: 30/200	Train Loss: 0.0213	Val Accuracy: 6.98
Training Epoch: 31/200	Train Loss: 0.2011	Val Accuracy: 6.98
Training Epoch: 32/200	Train Loss: 0.0306	Val Accuracy: 7.06
Training Epoch: 33/200	Train Loss: 0.0597	Val Accuracy: 7.06
Training Epoch: 34/200	Train Loss: 0.1234	Val Accuracy: 7.24
Training Epoch: 35/200	Train Loss: 0.0567	Val Accuracy: 7.24
Training Epoch: 36/200	Train Loss: 0.0736	Val Accuracy: 6.76
Training Epoch: 37/200	Train Loss: 0.0203	Val Accuracy: 6.76
Training Epoch: 38/200	Train Loss: 0.0763	Val Accuracy: 6.88
Training Epoch: 39/200	Train Loss: 0.0491	Val Accuracy: 6.88
Training Epoch: 40/200	Train Loss: 0.0158	Val Accuracy: 6.56
Training Epoch: 41/200	Train Loss: 0.0692	Val Accuracy: 6.56
Training Epoch: 42/200	Train Loss: 0.1163	Val Accuracy: 6.48
Training Epoch: 43/200	Train Loss: 0.013	Val Accuracy: 6.48
Training Epoch: 44/200	Train Loss: 0.0219	Val Accuracy: 6.94
Training Epoch: 45/200	Train Loss: 0.0192	Val Accuracy: 6.94
Training Epoch: 46/200	Train Loss: 0.0425	Val Accuracy: 5.98
Training Epoch: 47/200	Train Loss: 0.0087	Val Accuracy: 5.98
Training Epoch: 48/200	Train Loss: 0.0068	Val Accuracy: 6.5
Training Epoch: 49/200	Train Loss: 0.0246	Val Accuracy: 6.5
Training Epoch: 50/200	Train Loss: 0.0388	Val Accuracy: 6.96
Training Epoch: 51/200	Train Loss: 0.0274	Val Accuracy: 6.96
Training Epoch: 52/200	Train Loss: 0.0377	Val Accuracy: 6.44
Training Epoch: 53/200	Train Loss: 0.0184	Val Accuracy: 6.44
Training Epoch: 54/200	Train Loss: 0.0372	Val Accuracy: 6.92
Training Epoch: 55/200	Train Loss: 0.0014	Val Accuracy: 6.92
Training Epoch: 56/200	Train Loss: 0.0489	Val Accuracy: 6.78
Training Epoch: 57/200	Train Loss: 0.0035	Val Accuracy: 6.78
Training Epoch: 58/200	Train Loss: 0.0146	Val Accuracy: 6.8
Training Epoch: 59/200	Train Loss: 0.0033	Val Accuracy: 6.8
Training Epoch: 60/200	Train Loss: 0.052	Val Accuracy: 6.96
Training Epoch: 61/200	Train Loss: 0.0219	Val Accuracy: 6.96
Training Epoch: 62/200	Train Loss: 0.0288	Val Accuracy: 6.64
Training Epoch: 63/200	Train Loss: 0.0016	Val Accuracy: 6.64
Training Epoch: 64/200	Train Loss: 0.0045	Val Accuracy: 6.88
Training Epoch: 65/200	Train Loss: 0.0041	Val Accuracy: 6.88
Training Epoch: 66/200	Train Loss: 0.0048	Val Accuracy: 7.2
Training Epoch: 67/200	Train Loss: 0.0009	Val Accuracy: 7.2
Training Epoch: 68/200	Train Loss: 0.0062	Val Accuracy: 6.66
Training Epoch: 69/200	Train Loss: 0.0095	Val Accuracy: 6.66
Training Epoch: 70/200	Train Loss: 0.0013	Val Accuracy: 7.12
Training Epoch: 71/200	Train Loss: 0.0288	Val Accuracy: 7.12
Training Epoch: 72/200	Train Loss: 0.0012	Val Accuracy: 6.8
Training Epoch: 73/200	Train Loss: 0.0049	Val Accuracy: 6.8
Training Epoch: 74/200	Train Loss: 0.0009	Val Accuracy: 7.26
Training Epoch: 75/200	Train Loss: 0.0064	Val Accuracy: 7.26
Training Epoch: 76/200	Train Loss: 0.0482	Val Accuracy: 7.24
Training Epoch: 77/200	Train Loss: 0.0024	Val Accuracy: 7.24
Training Epoch: 78/200	Train Loss: 0.0005	Val Accuracy: 6.84
Training Epoch: 79/200	Train Loss: 0.0109	Val Accuracy: 6.84
Training Epoch: 80/200	Train Loss: 0.0036	Val Accuracy: 7.54
Training Epoch: 81/200	Train Loss: 0.0012	Val Accuracy: 7.54
Training Epoch: 82/200	Train Loss: 0.0005	Val Accuracy: 7.22
Training Epoch: 83/200	Train Loss: 0.001	Val Accuracy: 7.22
Training Epoch: 84/200	Train Loss: 0.0001	Val Accuracy: 7.08
Training Epoch: 85/200	Train Loss: 0.001	Val Accuracy: 7.08
Training Epoch: 86/200	Train Loss: 0.0003	Val Accuracy: 7.06
Training Epoch: 87/200	Train Loss: 0.0008	Val Accuracy: 7.06
Training Epoch: 88/200	Train Loss: 0.0188	Val Accuracy: 7.26
Training Epoch: 89/200	Train Loss: 0.0013	Val Accuracy: 7.26
Training Epoch: 90/200	Train Loss: 0.0019	Val Accuracy: 7.4
Training Epoch: 91/200	Train Loss: 0.0011	Val Accuracy: 7.4
Training Epoch: 92/200	Train Loss: 0.001	Val Accuracy: 7.22
Training Epoch: 93/200	Train Loss: 0.0016	Val Accuracy: 7.22
Training Epoch: 94/200	Train Loss: 0.0021	Val Accuracy: 7.12
Training Epoch: 95/200	Train Loss: 0.0003	Val Accuracy: 7.12
Training Epoch: 96/200	Train Loss: 0.0007	Val Accuracy: 7.06
Training Epoch: 97/200	Train Loss: 0.0014	Val Accuracy: 7.06
Training Epoch: 98/200	Train Loss: 0.0006	Val Accuracy: 7.46
Training Epoch: 99/200	Train Loss: 0.0009	Val Accuracy: 7.46
Training Epoch: 100/200	Train Loss: 0.002	Val Accuracy: 7.28
Training Epoch: 101/200	Train Loss: 0.0018	Val Accuracy: 7.28
Training Epoch: 102/200	Train Loss: 0.0009	Val Accuracy: 7.2
Training Epoch: 103/200	Train Loss: 0.0004	Val Accuracy: 7.2
Training Epoch: 104/200	Train Loss: 0.0007	Val Accuracy: 7.42
Training Epoch: 105/200	Train Loss: 0.0004	Val Accuracy: 7.42
Training Epoch: 106/200	Train Loss: 0.0056	Val Accuracy: 7.88
Training Epoch: 107/200	Train Loss: 0.0032	Val Accuracy: 7.88
Training Epoch: 108/200	Train Loss: 0.0011	Val Accuracy: 7.4
Training Epoch: 109/200	Train Loss: 0.0008	Val Accuracy: 7.4
Training Epoch: 110/200	Train Loss: 0.0018	Val Accuracy: 7.26
Training Epoch: 111/200	Train Loss: 0.001	Val Accuracy: 7.26
Training Epoch: 112/200	Train Loss: 0.0027	Val Accuracy: 7.26
Training Epoch: 113/200	Train Loss: 0.001	Val Accuracy: 7.26
Training Epoch: 114/200	Train Loss: 0.0119	Val Accuracy: 6.92
Training Epoch: 115/200	Train Loss: 0.0029	Val Accuracy: 6.92
Training Epoch: 116/200	Train Loss: 0.0008	Val Accuracy: 7.18
Training Epoch: 117/200	Train Loss: 0.0003	Val Accuracy: 7.18
Training Epoch: 118/200	Train Loss: 0.0009	Val Accuracy: 7.3
Training Epoch: 119/200	Train Loss: 0.0007	Val Accuracy: 7.3
Training Epoch: 120/200	Train Loss: 0.0003	Val Accuracy: 7.0
Training Epoch: 121/200	Train Loss: 0.0024	Val Accuracy: 7.0
Training Epoch: 122/200	Train Loss: 0.0081	Val Accuracy: 7.1
Training Epoch: 123/200	Train Loss: 0.0152	Val Accuracy: 7.1
Training Epoch: 124/200	Train Loss: 0.0004	Val Accuracy: 7.56
Training Epoch: 125/200	Train Loss: 0.0008	Val Accuracy: 7.56
Training Epoch: 126/200	Train Loss: 0.0012	Val Accuracy: 7.42
Training Epoch: 127/200	Train Loss: 0.0004	Val Accuracy: 7.42
Training Epoch: 128/200	Train Loss: 0.0026	Val Accuracy: 7.22
Training Epoch: 129/200	Train Loss: 0.0034	Val Accuracy: 7.22
Training Epoch: 130/200	Train Loss: 0.0025	Val Accuracy: 7.46
Training Epoch: 131/200	Train Loss: 0.0011	Val Accuracy: 7.46
Training Epoch: 132/200	Train Loss: 0.0033	Val Accuracy: 7.16
Training Epoch: 133/200	Train Loss: 0.001	Val Accuracy: 7.16
Training Epoch: 134/200	Train Loss: 0.0003	Val Accuracy: 7.46
Training Epoch: 135/200	Train Loss: 0.0004	Val Accuracy: 7.46
Training Epoch: 136/200	Train Loss: 0.0014	Val Accuracy: 7.52
Training Epoch: 137/200	Train Loss: 0.0026	Val Accuracy: 7.52
Training Epoch: 138/200	Train Loss: 0.0005	Val Accuracy: 7.6
Training Epoch: 139/200	Train Loss: 0.0005	Val Accuracy: 7.6
Training Epoch: 140/200	Train Loss: 0.0003	Val Accuracy: 7.4
Training Epoch: 141/200	Train Loss: 0.0013	Val Accuracy: 7.4
Training Epoch: 142/200	Train Loss: 0.001	Val Accuracy: 7.1
Training Epoch: 143/200	Train Loss: 0.0005	Val Accuracy: 7.1
Training Epoch: 144/200	Train Loss: 0.0015	Val Accuracy: 7.38
Training Epoch: 145/200	Train Loss: 0.0014	Val Accuracy: 7.38
Training Epoch: 146/200	Train Loss: 0.0011	Val Accuracy: 7.08
Training Epoch: 147/200	Train Loss: 0.0006	Val Accuracy: 7.08
Training Epoch: 148/200	Train Loss: 0.0003	Val Accuracy: 7.08
Training Epoch: 149/200	Train Loss: 0.0004	Val Accuracy: 7.08
Training Epoch: 150/200	Train Loss: 0.0003	Val Accuracy: 7.12
Training Epoch: 151/200	Train Loss: 0.0002	Val Accuracy: 7.12
Training Epoch: 152/200	Train Loss: 0.0021	Val Accuracy: 7.32
Training Epoch: 153/200	Train Loss: 0.0011	Val Accuracy: 7.32
Training Epoch: 154/200	Train Loss: 0.0014	Val Accuracy: 7.3
Training Epoch: 155/200	Train Loss: 0.0001	Val Accuracy: 7.3
Training Epoch: 156/200	Train Loss: 0.0004	Val Accuracy: 7.18
Training Epoch: 157/200	Train Loss: 0.001	Val Accuracy: 7.18
Training Epoch: 158/200	Train Loss: 0.0006	Val Accuracy: 7.22
Training Epoch: 159/200	Train Loss: 0.0005	Val Accuracy: 7.22
Training Epoch: 160/200	Train Loss: 0.0003	Val Accuracy: 7.06
Training Epoch: 161/200	Train Loss: 0.0008	Val Accuracy: 7.06
Training Epoch: 162/200	Train Loss: 0.0003	Val Accuracy: 7.42
Training Epoch: 163/200	Train Loss: 0.0016	Val Accuracy: 7.42
Training Epoch: 164/200	Train Loss: 0.0007	Val Accuracy: 7.26
Training Epoch: 165/200	Train Loss: 0.0006	Val Accuracy: 7.26
Training Epoch: 166/200	Train Loss: 0.0015	Val Accuracy: 7.26
Training Epoch: 167/200	Train Loss: 0.0008	Val Accuracy: 7.26
Training Epoch: 168/200	Train Loss: 0.0004	Val Accuracy: 7.04
Training Epoch: 169/200	Train Loss: 0.001	Val Accuracy: 7.04
Training Epoch: 170/200	Train Loss: 0.0333	Val Accuracy: 7.2
Training Epoch: 171/200	Train Loss: 0.0006	Val Accuracy: 7.2
Training Epoch: 172/200	Train Loss: 0.0005	Val Accuracy: 7.24
Training Epoch: 173/200	Train Loss: 0.0006	Val Accuracy: 7.24
Training Epoch: 174/200	Train Loss: 0.0016	Val Accuracy: 6.96
Training Epoch: 175/200	Train Loss: 0.0032	Val Accuracy: 6.96
Training Epoch: 176/200	Train Loss: 0.0006	Val Accuracy: 7.32
Training Epoch: 177/200	Train Loss: 0.0013	Val Accuracy: 7.32
Training Epoch: 178/200	Train Loss: 0.0005	Val Accuracy: 7.42
Training Epoch: 179/200	Train Loss: 0.0004	Val Accuracy: 7.42
Training Epoch: 180/200	Train Loss: 0.0004	Val Accuracy: 7.62
Training Epoch: 181/200	Train Loss: 0.0016	Val Accuracy: 7.62
Training Epoch: 182/200	Train Loss: 0.0007	Val Accuracy: 7.42
Training Epoch: 183/200	Train Loss: 0.0003	Val Accuracy: 7.42
Training Epoch: 184/200	Train Loss: 0.0003	Val Accuracy: 7.5
Training Epoch: 185/200	Train Loss: 0.0003	Val Accuracy: 7.5
Training Epoch: 186/200	Train Loss: 0.0054	Val Accuracy: 7.68
Training Epoch: 187/200	Train Loss: 0.0008	Val Accuracy: 7.68
Training Epoch: 188/200	Train Loss: 0.0014	Val Accuracy: 7.18
Training Epoch: 189/200	Train Loss: 0.0021	Val Accuracy: 7.18
Training Epoch: 190/200	Train Loss: 0.0008	Val Accuracy: 7.16
Training Epoch: 191/200	Train Loss: 0.0005	Val Accuracy: 7.16
Training Epoch: 192/200	Train Loss: 0.0043	Val Accuracy: 7.46
Training Epoch: 193/200	Train Loss: 0.0005	Val Accuracy: 7.46
Training Epoch: 194/200	Train Loss: 0.0019	Val Accuracy: 7.34
Training Epoch: 195/200	Train Loss: 0.0012	Val Accuracy: 7.34
Training Epoch: 196/200	Train Loss: 0.0003	Val Accuracy: 7.2
Training Epoch: 197/200	Train Loss: 0.0019	Val Accuracy: 7.2
Training Epoch: 198/200	Train Loss: 0.0003	Val Accuracy: 7.5
Training Epoch: 199/200	Train Loss: 0.0004	Val Accuracy: 7.5
Training Epoch: 200/200	Train Loss: 0.0011	Val Accuracy: 7.18

Wrote Best Model Checkpoint to: vlBest_acc_7_model_epoch_0106.pyth

Best Validation Accuracy: 7.88
Best Epoch: 106

======== TESTING ========

Test Accuracy: 8.05.

======== ACTIVE SAMPLING ========

Extracting Lset Representations
len(dataLoader): 8
Extracting Uset Representations
len(dataLoader): 443
lb_repr.shape:  (750, 2048)
ul_repr.shape:  (44250, 2048)
Solving K Center Greedy Approach
[GPU] Labeled.shape: torch.Size([750, 2048])
[GPU] Unlabeled.shape: torch.Size([44250, 2048])
time taken: 0.0003914833068847656 seconds
Time taken to solve K center: 0.15144562721252441 seconds
Active Sampling Complete. After Episode 14:
New Labeled Set: 800, New Unlabeled Set: 44200, Active Set: 50

================================


Current accuracy values:  [2.8499999999999943, 2.989999999999995, 4.0, 4.060000000000002, 4.730000000000004, 4.609999999999999, 5.159999999999997, 5.730000000000004, 6.069999999999993, 6.430000000000007, 6.319999999999993, 7.299999999999997, 7.579999999999998, 7.530000000000001, 8.049999999999997]
======== EPISODE 15 BEGINS ========

======== TRAINING ========
Training Epoch: 1/200	Train Loss: 0.6757	Val Accuracy: 0.0
Training Epoch: 2/200	Train Loss: 0.2498	Val Accuracy: 6.7
Training Epoch: 3/200	Train Loss: 0.1154	Val Accuracy: 6.7
Training Epoch: 4/200	Train Loss: 0.0904	Val Accuracy: 6.4
Training Epoch: 5/200	Train Loss: 0.1048	Val Accuracy: 6.4
Training Epoch: 6/200	Train Loss: 0.0274	Val Accuracy: 7.46
Training Epoch: 7/200	Train Loss: 0.0681	Val Accuracy: 7.46
Training Epoch: 8/200	Train Loss: 0.1152	Val Accuracy: 6.4
Training Epoch: 9/200	Train Loss: 0.0407	Val Accuracy: 6.4
Training Epoch: 10/200	Train Loss: 0.0405	Val Accuracy: 6.84
Training Epoch: 11/200	Train Loss: 0.0075	Val Accuracy: 6.84
Training Epoch: 12/200	Train Loss: 0.0275	Val Accuracy: 7.28
Training Epoch: 13/200	Train Loss: 0.0216	Val Accuracy: 7.28
Training Epoch: 14/200	Train Loss: 0.0153	Val Accuracy: 7.08
Training Epoch: 15/200	Train Loss: 0.0238	Val Accuracy: 7.08
Training Epoch: 16/200	Train Loss: 0.0386	Val Accuracy: 7.6
Training Epoch: 17/200	Train Loss: 0.0266	Val Accuracy: 7.6
Training Epoch: 18/200	Train Loss: 0.0444	Val Accuracy: 7.08
Training Epoch: 19/200	Train Loss: 0.0089	Val Accuracy: 7.08
Training Epoch: 20/200	Train Loss: 0.0099	Val Accuracy: 7.04
Training Epoch: 21/200	Train Loss: 0.017	Val Accuracy: 7.04
Training Epoch: 22/200	Train Loss: 0.0026	Val Accuracy: 7.3
Training Epoch: 23/200	Train Loss: 0.028	Val Accuracy: 7.3
Training Epoch: 24/200	Train Loss: 0.0311	Val Accuracy: 7.02
Training Epoch: 25/200	Train Loss: 0.0097	Val Accuracy: 7.02
Training Epoch: 26/200	Train Loss: 0.028	Val Accuracy: 6.86
Training Epoch: 27/200	Train Loss: 0.0044	Val Accuracy: 6.86
Training Epoch: 28/200	Train Loss: 0.0017	Val Accuracy: 7.36
Training Epoch: 29/200	Train Loss: 0.0283	Val Accuracy: 7.36
Training Epoch: 30/200	Train Loss: 0.0039	Val Accuracy: 7.66
Training Epoch: 31/200	Train Loss: 0.0881	Val Accuracy: 7.66
Training Epoch: 32/200	Train Loss: 0.0028	Val Accuracy: 7.68
Training Epoch: 33/200	Train Loss: 0.0066	Val Accuracy: 7.68
Training Epoch: 34/200	Train Loss: 0.006	Val Accuracy: 7.86
Training Epoch: 35/200	Train Loss: 0.001	Val Accuracy: 7.86
Training Epoch: 36/200	Train Loss: 0.0274	Val Accuracy: 7.72
Training Epoch: 37/200	Train Loss: 0.0047	Val Accuracy: 7.72
Training Epoch: 38/200	Train Loss: 0.0367	Val Accuracy: 7.58
Training Epoch: 39/200	Train Loss: 0.0222	Val Accuracy: 7.58
Training Epoch: 40/200	Train Loss: 0.0033	Val Accuracy: 7.78
Training Epoch: 41/200	Train Loss: 0.0044	Val Accuracy: 7.78
Training Epoch: 42/200	Train Loss: 0.0071	Val Accuracy: 7.78
Training Epoch: 43/200	Train Loss: 0.0068	Val Accuracy: 7.78
Training Epoch: 44/200	Train Loss: 0.0074	Val Accuracy: 7.52
Training Epoch: 45/200	Train Loss: 0.0024	Val Accuracy: 7.52
Training Epoch: 46/200	Train Loss: 0.0141	Val Accuracy: 8.0
Training Epoch: 47/200	Train Loss: 0.014	Val Accuracy: 8.0
Training Epoch: 48/200	Train Loss: 0.0027	Val Accuracy: 7.78
Training Epoch: 49/200	Train Loss: 0.0087	Val Accuracy: 7.78
Training Epoch: 50/200	Train Loss: 0.0528	Val Accuracy: 7.66
Training Epoch: 51/200	Train Loss: 0.0249	Val Accuracy: 7.66
Training Epoch: 52/200	Train Loss: 0.0047	Val Accuracy: 7.5
Training Epoch: 53/200	Train Loss: 0.0123	Val Accuracy: 7.5
Training Epoch: 54/200	Train Loss: 0.0035	Val Accuracy: 7.52
Training Epoch: 55/200	Train Loss: 0.0125	Val Accuracy: 7.52
Training Epoch: 56/200	Train Loss: 0.0043	Val Accuracy: 7.94
Training Epoch: 57/200	Train Loss: 0.0023	Val Accuracy: 7.94
Training Epoch: 58/200	Train Loss: 0.0146	Val Accuracy: 7.96
Training Epoch: 59/200	Train Loss: 0.005	Val Accuracy: 7.96
Training Epoch: 60/200	Train Loss: 0.0027	Val Accuracy: 7.62
Training Epoch: 61/200	Train Loss: 0.0123	Val Accuracy: 7.62
Training Epoch: 62/200	Train Loss: 0.0736	Val Accuracy: 7.5
Training Epoch: 63/200	Train Loss: 0.0354	Val Accuracy: 7.5
Training Epoch: 64/200	Train Loss: 0.016	Val Accuracy: 7.44
Training Epoch: 65/200	Train Loss: 0.0043	Val Accuracy: 7.44
Training Epoch: 66/200	Train Loss: 0.0017	Val Accuracy: 7.72
Training Epoch: 67/200	Train Loss: 0.0029	Val Accuracy: 7.72
Training Epoch: 68/200	Train Loss: 0.0016	Val Accuracy: 7.86
Training Epoch: 69/200	Train Loss: 0.0012	Val Accuracy: 7.86
Training Epoch: 70/200	Train Loss: 0.0016	Val Accuracy: 7.38
Training Epoch: 71/200	Train Loss: 0.0034	Val Accuracy: 7.38
Training Epoch: 72/200	Train Loss: 0.0011	Val Accuracy: 7.64
Training Epoch: 73/200	Train Loss: 0.0123	Val Accuracy: 7.64
Training Epoch: 74/200	Train Loss: 0.001	Val Accuracy: 7.8
Training Epoch: 75/200	Train Loss: 0.0028	Val Accuracy: 7.8
Training Epoch: 76/200	Train Loss: 0.0015	Val Accuracy: 7.22
Training Epoch: 77/200	Train Loss: 0.0014	Val Accuracy: 7.22
Training Epoch: 78/200	Train Loss: 0.0042	Val Accuracy: 7.9
Training Epoch: 79/200	Train Loss: 0.0014	Val Accuracy: 7.9
Training Epoch: 80/200	Train Loss: 0.0044	Val Accuracy: 7.86
Training Epoch: 81/200	Train Loss: 0.0009	Val Accuracy: 7.86
Training Epoch: 82/200	Train Loss: 0.0018	Val Accuracy: 7.66
Training Epoch: 83/200	Train Loss: 0.0003	Val Accuracy: 7.66
Training Epoch: 84/200	Train Loss: 0.0014	Val Accuracy: 7.4
Training Epoch: 85/200	Train Loss: 0.001	Val Accuracy: 7.4
Training Epoch: 86/200	Train Loss: 0.0005	Val Accuracy: 7.68
Training Epoch: 87/200	Train Loss: 0.0021	Val Accuracy: 7.68
Training Epoch: 88/200	Train Loss: 0.0108	Val Accuracy: 7.74
Training Epoch: 89/200	Train Loss: 0.001	Val Accuracy: 7.74
Training Epoch: 90/200	Train Loss: 0.0013	Val Accuracy: 7.56
Training Epoch: 91/200	Train Loss: 0.001	Val Accuracy: 7.56
Training Epoch: 92/200	Train Loss: 0.0043	Val Accuracy: 7.96
Training Epoch: 93/200	Train Loss: 0.0025	Val Accuracy: 7.96
Training Epoch: 94/200	Train Loss: 0.0027	Val Accuracy: 8.14
Training Epoch: 95/200	Train Loss: 0.0016	Val Accuracy: 8.14
Training Epoch: 96/200	Train Loss: 0.0025	Val Accuracy: 7.58
Training Epoch: 97/200	Train Loss: 0.0016	Val Accuracy: 7.58
Training Epoch: 98/200	Train Loss: 0.0014	Val Accuracy: 7.76
Training Epoch: 99/200	Train Loss: 0.0028	Val Accuracy: 7.76
Training Epoch: 100/200	Train Loss: 0.0005	Val Accuracy: 7.82
Training Epoch: 101/200	Train Loss: 0.0009	Val Accuracy: 7.82
Training Epoch: 102/200	Train Loss: 0.0029	Val Accuracy: 7.3
Training Epoch: 103/200	Train Loss: 0.0056	Val Accuracy: 7.3
Training Epoch: 104/200	Train Loss: 0.0076	Val Accuracy: 7.84
Training Epoch: 105/200	Train Loss: 0.0082	Val Accuracy: 7.84
Training Epoch: 106/200	Train Loss: 0.0007	Val Accuracy: 7.62
Training Epoch: 107/200	Train Loss: 0.0003	Val Accuracy: 7.62
Training Epoch: 108/200	Train Loss: 0.0009	Val Accuracy: 7.42
Training Epoch: 109/200	Train Loss: 0.002	Val Accuracy: 7.42
Training Epoch: 110/200	Train Loss: 0.0008	Val Accuracy: 7.4
Training Epoch: 111/200	Train Loss: 0.0128	Val Accuracy: 7.4
Training Epoch: 112/200	Train Loss: 0.0019	Val Accuracy: 7.58
Training Epoch: 113/200	Train Loss: 0.002	Val Accuracy: 7.58
Training Epoch: 114/200	Train Loss: 0.001	Val Accuracy: 7.78
Training Epoch: 115/200	Train Loss: 0.0014	Val Accuracy: 7.78
Training Epoch: 116/200	Train Loss: 0.0021	Val Accuracy: 7.5
Training Epoch: 117/200	Train Loss: 0.0011	Val Accuracy: 7.5
Training Epoch: 118/200	Train Loss: 0.0034	Val Accuracy: 7.34
Training Epoch: 119/200	Train Loss: 0.003	Val Accuracy: 7.34
Training Epoch: 120/200	Train Loss: 0.0013	Val Accuracy: 7.52
Training Epoch: 121/200	Train Loss: 0.0007	Val Accuracy: 7.52
Training Epoch: 122/200	Train Loss: 0.0015	Val Accuracy: 8.04
Training Epoch: 123/200	Train Loss: 0.0018	Val Accuracy: 8.04
Training Epoch: 124/200	Train Loss: 0.0009	Val Accuracy: 7.8
Training Epoch: 125/200	Train Loss: 0.0004	Val Accuracy: 7.8
Training Epoch: 126/200	Train Loss: 0.0012	Val Accuracy: 7.82
Training Epoch: 127/200	Train Loss: 0.0003	Val Accuracy: 7.82
Training Epoch: 128/200	Train Loss: 0.0006	Val Accuracy: 7.96
Training Epoch: 129/200	Train Loss: 0.0009	Val Accuracy: 7.96
Training Epoch: 130/200	Train Loss: 0.0007	Val Accuracy: 7.34
Training Epoch: 131/200	Train Loss: 0.0008	Val Accuracy: 7.34
Training Epoch: 132/200	Train Loss: 0.0017	Val Accuracy: 7.64
Training Epoch: 133/200	Train Loss: 0.0004	Val Accuracy: 7.64
Training Epoch: 134/200	Train Loss: 0.0008	Val Accuracy: 7.2
Training Epoch: 135/200	Train Loss: 0.0012	Val Accuracy: 7.2
Training Epoch: 136/200	Train Loss: 0.0004	Val Accuracy: 7.44
Training Epoch: 137/200	Train Loss: 0.0024	Val Accuracy: 7.44
Training Epoch: 138/200	Train Loss: 0.0007	Val Accuracy: 7.66
Training Epoch: 139/200	Train Loss: 0.0004	Val Accuracy: 7.66
Training Epoch: 140/200	Train Loss: 0.0014	Val Accuracy: 7.84
Training Epoch: 141/200	Train Loss: 0.0015	Val Accuracy: 7.84
Training Epoch: 142/200	Train Loss: 0.0012	Val Accuracy: 7.52
Training Epoch: 143/200	Train Loss: 0.001	Val Accuracy: 7.52
Training Epoch: 144/200	Train Loss: 0.0004	Val Accuracy: 7.6
Training Epoch: 145/200	Train Loss: 0.0007	Val Accuracy: 7.6
Training Epoch: 146/200	Train Loss: 0.0003	Val Accuracy: 7.62
Training Epoch: 147/200	Train Loss: 0.0003	Val Accuracy: 7.62
Training Epoch: 148/200	Train Loss: 0.0004	Val Accuracy: 8.28
Training Epoch: 149/200	Train Loss: 0.0063	Val Accuracy: 8.28
Training Epoch: 150/200	Train Loss: 0.0027	Val Accuracy: 7.82
Training Epoch: 151/200	Train Loss: 0.0008	Val Accuracy: 7.82
Training Epoch: 152/200	Train Loss: 0.0005	Val Accuracy: 7.7
Training Epoch: 153/200	Train Loss: 0.0009	Val Accuracy: 7.7
Training Epoch: 154/200	Train Loss: 0.0005	Val Accuracy: 7.62
Training Epoch: 155/200	Train Loss: 0.0015	Val Accuracy: 7.62
Training Epoch: 156/200	Train Loss: 0.0005	Val Accuracy: 7.84
Training Epoch: 157/200	Train Loss: 0.0009	Val Accuracy: 7.84
Training Epoch: 158/200	Train Loss: 0.0004	Val Accuracy: 7.76
Training Epoch: 159/200	Train Loss: 0.0006	Val Accuracy: 7.76
Training Epoch: 160/200	Train Loss: 0.0002	Val Accuracy: 8.06
Training Epoch: 161/200	Train Loss: 0.0008	Val Accuracy: 8.06
Training Epoch: 162/200	Train Loss: 0.0013	Val Accuracy: 7.9
Training Epoch: 163/200	Train Loss: 0.0006	Val Accuracy: 7.9
Training Epoch: 164/200	Train Loss: 0.0017	Val Accuracy: 7.82
Training Epoch: 165/200	Train Loss: 0.001	Val Accuracy: 7.82
Training Epoch: 166/200	Train Loss: 0.0006	Val Accuracy: 7.8
Training Epoch: 167/200	Train Loss: 0.0003	Val Accuracy: 7.8
Training Epoch: 168/200	Train Loss: 0.0003	Val Accuracy: 7.72
Training Epoch: 169/200	Train Loss: 0.0007	Val Accuracy: 7.72
Training Epoch: 170/200	Train Loss: 0.0006	Val Accuracy: 7.64
Training Epoch: 171/200	Train Loss: 0.0013	Val Accuracy: 7.64
Training Epoch: 172/200	Train Loss: 0.0009	Val Accuracy: 8.02
Training Epoch: 173/200	Train Loss: 0.0005	Val Accuracy: 8.02
Training Epoch: 174/200	Train Loss: 0.0017	Val Accuracy: 7.74
Training Epoch: 175/200	Train Loss: 0.0031	Val Accuracy: 7.74
Training Epoch: 176/200	Train Loss: 0.0009	Val Accuracy: 7.86
Training Epoch: 177/200	Train Loss: 0.0002	Val Accuracy: 7.86
Training Epoch: 178/200	Train Loss: 0.0004	Val Accuracy: 7.96
Training Epoch: 179/200	Train Loss: 0.0013	Val Accuracy: 7.96
Training Epoch: 180/200	Train Loss: 0.0006	Val Accuracy: 7.92
Training Epoch: 181/200	Train Loss: 0.0021	Val Accuracy: 7.92
Training Epoch: 182/200	Train Loss: 0.0005	Val Accuracy: 7.9
Training Epoch: 183/200	Train Loss: 0.0005	Val Accuracy: 7.9
Training Epoch: 184/200	Train Loss: 0.0004	Val Accuracy: 8.16
Training Epoch: 185/200	Train Loss: 0.0008	Val Accuracy: 8.16
Training Epoch: 186/200	Train Loss: 0.0004	Val Accuracy: 7.6
Training Epoch: 187/200	Train Loss: 0.0006	Val Accuracy: 7.6
Training Epoch: 188/200	Train Loss: 0.0027	Val Accuracy: 7.58
Training Epoch: 189/200	Train Loss: 0.0004	Val Accuracy: 7.58
Training Epoch: 190/200	Train Loss: 0.0003	Val Accuracy: 7.4
Training Epoch: 191/200	Train Loss: 0.0009	Val Accuracy: 7.4
Training Epoch: 192/200	Train Loss: 0.0006	Val Accuracy: 8.04
Training Epoch: 193/200	Train Loss: 0.0005	Val Accuracy: 8.04
Training Epoch: 194/200	Train Loss: 0.0003	Val Accuracy: 7.76
Training Epoch: 195/200	Train Loss: 0.0005	Val Accuracy: 7.76
Training Epoch: 196/200	Train Loss: 0.0009	Val Accuracy: 7.56
Training Epoch: 197/200	Train Loss: 0.0003	Val Accuracy: 7.56
Training Epoch: 198/200	Train Loss: 0.0006	Val Accuracy: 7.88
Training Epoch: 199/200	Train Loss: 0.0008	Val Accuracy: 7.88
Training Epoch: 200/200	Train Loss: 0.0007	Val Accuracy: 7.86

Wrote Best Model Checkpoint to: vlBest_acc_8_model_epoch_0148.pyth

Best Validation Accuracy: 8.28
Best Epoch: 148

======== TESTING ========

Test Accuracy: 8.26.

======== ACTIVE SAMPLING ========

Extracting Lset Representations
len(dataLoader): 8
Extracting Uset Representations
len(dataLoader): 442
lb_repr.shape:  (800, 2048)
ul_repr.shape:  (44200, 2048)
Solving K Center Greedy Approach
[GPU] Labeled.shape: torch.Size([800, 2048])
[GPU] Unlabeled.shape: torch.Size([44200, 2048])
time taken: 0.0003757476806640625 seconds
Time taken to solve K center: 0.15209007263183594 seconds
Active Sampling Complete. After Episode 15:
New Labeled Set: 850, New Unlabeled Set: 44150, Active Set: 50

================================


Current accuracy values:  [2.8499999999999943, 2.989999999999995, 4.0, 4.060000000000002, 4.730000000000004, 4.609999999999999, 5.159999999999997, 5.730000000000004, 6.069999999999993, 6.430000000000007, 6.319999999999993, 7.299999999999997, 7.579999999999998, 7.530000000000001, 8.049999999999997, 8.260000000000005]
======== EPISODE 16 BEGINS ========

======== TRAINING ========
Training Epoch: 1/200	Train Loss: 0.3395	Val Accuracy: 0.0
Training Epoch: 2/200	Train Loss: 0.3091	Val Accuracy: 6.5
Training Epoch: 3/200	Train Loss: 0.2749	Val Accuracy: 6.5
Training Epoch: 4/200	Train Loss: 0.1045	Val Accuracy: 7.8
Training Epoch: 5/200	Train Loss: 0.14	Val Accuracy: 7.8
Training Epoch: 6/200	Train Loss: 0.0563	Val Accuracy: 7.2
Training Epoch: 7/200	Train Loss: 0.1195	Val Accuracy: 7.2
Training Epoch: 8/200	Train Loss: 0.0499	Val Accuracy: 7.56
Training Epoch: 9/200	Train Loss: 0.0856	Val Accuracy: 7.56
Training Epoch: 10/200	Train Loss: 0.0658	Val Accuracy: 8.08
Training Epoch: 11/200	Train Loss: 0.0271	Val Accuracy: 8.08
Training Epoch: 12/200	Train Loss: 0.0444	Val Accuracy: 7.04
Training Epoch: 13/200	Train Loss: 0.0228	Val Accuracy: 7.04
Training Epoch: 14/200	Train Loss: 0.0096	Val Accuracy: 7.2
Training Epoch: 15/200	Train Loss: 0.1075	Val Accuracy: 7.2
Training Epoch: 16/200	Train Loss: 0.02	Val Accuracy: 7.36
Training Epoch: 17/200	Train Loss: 0.0089	Val Accuracy: 7.36
Training Epoch: 18/200	Train Loss: 0.004	Val Accuracy: 7.7
Training Epoch: 19/200	Train Loss: 0.0937	Val Accuracy: 7.7
Training Epoch: 20/200	Train Loss: 0.018	Val Accuracy: 7.32
Training Epoch: 21/200	Train Loss: 0.0029	Val Accuracy: 7.32
Training Epoch: 22/200	Train Loss: 0.0187	Val Accuracy: 7.46
Training Epoch: 23/200	Train Loss: 0.0356	Val Accuracy: 7.46
Training Epoch: 24/200	Train Loss: 0.0179	Val Accuracy: 7.56
Training Epoch: 25/200	Train Loss: 0.0018	Val Accuracy: 7.56
Training Epoch: 26/200	Train Loss: 0.0103	Val Accuracy: 7.82
Training Epoch: 27/200	Train Loss: 0.0118	Val Accuracy: 7.82
Training Epoch: 28/200	Train Loss: 0.0028	Val Accuracy: 7.7
Training Epoch: 29/200	Train Loss: 0.0031	Val Accuracy: 7.7
Training Epoch: 30/200	Train Loss: 0.0147	Val Accuracy: 7.68
Training Epoch: 31/200	Train Loss: 0.0135	Val Accuracy: 7.68
Training Epoch: 32/200	Train Loss: 0.0183	Val Accuracy: 7.44
Training Epoch: 33/200	Train Loss: 0.0112	Val Accuracy: 7.44
Training Epoch: 34/200	Train Loss: 0.0626	Val Accuracy: 7.9
Training Epoch: 35/200	Train Loss: 0.0277	Val Accuracy: 7.9
Training Epoch: 36/200	Train Loss: 0.0026	Val Accuracy: 7.62
Training Epoch: 37/200	Train Loss: 0.0059	Val Accuracy: 7.62
Training Epoch: 38/200	Train Loss: 0.0025	Val Accuracy: 8.26
Training Epoch: 39/200	Train Loss: 0.0021	Val Accuracy: 8.26
Training Epoch: 40/200	Train Loss: 0.0128	Val Accuracy: 7.96
Training Epoch: 41/200	Train Loss: 0.0805	Val Accuracy: 7.96
Training Epoch: 42/200	Train Loss: 0.0092	Val Accuracy: 7.86
Training Epoch: 43/200	Train Loss: 0.0071	Val Accuracy: 7.86
Training Epoch: 44/200	Train Loss: 0.0216	Val Accuracy: 7.9
Training Epoch: 45/200	Train Loss: 0.0024	Val Accuracy: 7.9
Training Epoch: 46/200	Train Loss: 0.0249	Val Accuracy: 7.9
Training Epoch: 47/200	Train Loss: 0.0046	Val Accuracy: 7.9
Training Epoch: 48/200	Train Loss: 0.0129	Val Accuracy: 8.32
Training Epoch: 49/200	Train Loss: 0.0106	Val Accuracy: 8.32
Training Epoch: 50/200	Train Loss: 0.0032	Val Accuracy: 7.82
Training Epoch: 51/200	Train Loss: 0.0037	Val Accuracy: 7.82
Training Epoch: 52/200	Train Loss: 0.0055	Val Accuracy: 8.2
Training Epoch: 53/200	Train Loss: 0.0014	Val Accuracy: 8.2
Training Epoch: 54/200	Train Loss: 0.0071	Val Accuracy: 8.1
Training Epoch: 55/200	Train Loss: 0.0035	Val Accuracy: 8.1
Training Epoch: 56/200	Train Loss: 0.0017	Val Accuracy: 8.44
Training Epoch: 57/200	Train Loss: 0.0034	Val Accuracy: 8.44
Training Epoch: 58/200	Train Loss: 0.0007	Val Accuracy: 8.16
Training Epoch: 59/200	Train Loss: 0.001	Val Accuracy: 8.16
Training Epoch: 60/200	Train Loss: 0.0014	Val Accuracy: 8.4
Training Epoch: 61/200	Train Loss: 0.0008	Val Accuracy: 8.4
Training Epoch: 62/200	Train Loss: 0.0014	Val Accuracy: 8.78
Training Epoch: 63/200	Train Loss: 0.0077	Val Accuracy: 8.78
Training Epoch: 64/200	Train Loss: 0.0009	Val Accuracy: 8.42
Training Epoch: 65/200	Train Loss: 0.0032	Val Accuracy: 8.42
Training Epoch: 66/200	Train Loss: 0.0186	Val Accuracy: 8.16
Training Epoch: 67/200	Train Loss: 0.0087	Val Accuracy: 8.16
Training Epoch: 68/200	Train Loss: 0.0087	Val Accuracy: 8.26
Training Epoch: 69/200	Train Loss: 0.0017	Val Accuracy: 8.26
Training Epoch: 70/200	Train Loss: 0.0027	Val Accuracy: 8.44
Training Epoch: 71/200	Train Loss: 0.0027	Val Accuracy: 8.44
Training Epoch: 72/200	Train Loss: 0.0021	Val Accuracy: 8.06
Training Epoch: 73/200	Train Loss: 0.0008	Val Accuracy: 8.06
Training Epoch: 74/200	Train Loss: 0.0201	Val Accuracy: 8.3
Training Epoch: 75/200	Train Loss: 0.0016	Val Accuracy: 8.3
Training Epoch: 76/200	Train Loss: 0.0057	Val Accuracy: 8.4
Training Epoch: 77/200	Train Loss: 0.0008	Val Accuracy: 8.4
Training Epoch: 78/200	Train Loss: 0.0011	Val Accuracy: 8.44
Training Epoch: 79/200	Train Loss: 0.0011	Val Accuracy: 8.44
Training Epoch: 80/200	Train Loss: 0.0017	Val Accuracy: 8.26
Training Epoch: 81/200	Train Loss: 0.006	Val Accuracy: 8.26
Training Epoch: 82/200	Train Loss: 0.0006	Val Accuracy: 8.0
Training Epoch: 83/200	Train Loss: 0.0004	Val Accuracy: 8.0
Training Epoch: 84/200	Train Loss: 0.0023	Val Accuracy: 8.3
Training Epoch: 85/200	Train Loss: 0.0014	Val Accuracy: 8.3
Training Epoch: 86/200	Train Loss: 0.0006	Val Accuracy: 8.5
Training Epoch: 87/200	Train Loss: 0.0011	Val Accuracy: 8.5
Training Epoch: 88/200	Train Loss: 0.0014	Val Accuracy: 8.2
Training Epoch: 89/200	Train Loss: 0.0024	Val Accuracy: 8.2
Training Epoch: 90/200	Train Loss: 0.0021	Val Accuracy: 8.48
Training Epoch: 91/200	Train Loss: 0.0008	Val Accuracy: 8.48
Training Epoch: 92/200	Train Loss: 0.0007	Val Accuracy: 8.24
Training Epoch: 93/200	Train Loss: 0.0008	Val Accuracy: 8.24
Training Epoch: 94/200	Train Loss: 0.0012	Val Accuracy: 8.82
Training Epoch: 95/200	Train Loss: 0.0007	Val Accuracy: 8.82
Training Epoch: 96/200	Train Loss: 0.0012	Val Accuracy: 8.48
Training Epoch: 97/200	Train Loss: 0.0009	Val Accuracy: 8.48
Training Epoch: 98/200	Train Loss: 0.0011	Val Accuracy: 9.02
Training Epoch: 99/200	Train Loss: 0.001	Val Accuracy: 9.02
Training Epoch: 100/200	Train Loss: 0.0015	Val Accuracy: 8.64
Training Epoch: 101/200	Train Loss: 0.0005	Val Accuracy: 8.64
Training Epoch: 102/200	Train Loss: 0.0016	Val Accuracy: 8.38
Training Epoch: 103/200	Train Loss: 0.0006	Val Accuracy: 8.38
Training Epoch: 104/200	Train Loss: 0.0017	Val Accuracy: 8.48
Training Epoch: 105/200	Train Loss: 0.0008	Val Accuracy: 8.48
Training Epoch: 106/200	Train Loss: 0.0012	Val Accuracy: 8.18
Training Epoch: 107/200	Train Loss: 0.0016	Val Accuracy: 8.18
Training Epoch: 108/200	Train Loss: 0.0005	Val Accuracy: 8.48
Training Epoch: 109/200	Train Loss: 0.0004	Val Accuracy: 8.48
Training Epoch: 110/200	Train Loss: 0.0004	Val Accuracy: 8.5
Training Epoch: 111/200	Train Loss: 0.0004	Val Accuracy: 8.5
Training Epoch: 112/200	Train Loss: 0.0022	Val Accuracy: 8.52
Training Epoch: 113/200	Train Loss: 0.0004	Val Accuracy: 8.52
Training Epoch: 114/200	Train Loss: 0.0016	Val Accuracy: 8.66
Training Epoch: 115/200	Train Loss: 0.0006	Val Accuracy: 8.66
Training Epoch: 116/200	Train Loss: 0.003	Val Accuracy: 8.6
Training Epoch: 117/200	Train Loss: 0.0012	Val Accuracy: 8.6
Training Epoch: 118/200	Train Loss: 0.0007	Val Accuracy: 8.18
Training Epoch: 119/200	Train Loss: 0.0002	Val Accuracy: 8.18
Training Epoch: 120/200	Train Loss: 0.0013	Val Accuracy: 8.18
Training Epoch: 121/200	Train Loss: 0.0004	Val Accuracy: 8.18
Training Epoch: 122/200	Train Loss: 0.0008	Val Accuracy: 8.46
Training Epoch: 123/200	Train Loss: 0.0011	Val Accuracy: 8.46
Training Epoch: 124/200	Train Loss: 0.0007	Val Accuracy: 8.6
Training Epoch: 125/200	Train Loss: 0.0005	Val Accuracy: 8.6
Training Epoch: 126/200	Train Loss: 0.0005	Val Accuracy: 8.82
Training Epoch: 127/200	Train Loss: 0.0037	Val Accuracy: 8.82
Training Epoch: 128/200	Train Loss: 0.0014	Val Accuracy: 8.38
Training Epoch: 129/200	Train Loss: 0.0004	Val Accuracy: 8.38
Training Epoch: 130/200	Train Loss: 0.0011	Val Accuracy: 8.7
Training Epoch: 131/200	Train Loss: 0.0034	Val Accuracy: 8.7
Training Epoch: 132/200	Train Loss: 0.0029	Val Accuracy: 8.52
Training Epoch: 133/200	Train Loss: 0.0006	Val Accuracy: 8.52
Training Epoch: 134/200	Train Loss: 0.0008	Val Accuracy: 8.78
Training Epoch: 135/200	Train Loss: 0.001	Val Accuracy: 8.78
Training Epoch: 136/200	Train Loss: 0.0006	Val Accuracy: 8.66
Training Epoch: 137/200	Train Loss: 0.0012	Val Accuracy: 8.66
Training Epoch: 138/200	Train Loss: 0.0003	Val Accuracy: 8.68
Training Epoch: 139/200	Train Loss: 0.0008	Val Accuracy: 8.68
Training Epoch: 140/200	Train Loss: 0.0008	Val Accuracy: 8.86
Training Epoch: 141/200	Train Loss: 0.0004	Val Accuracy: 8.86
Training Epoch: 142/200	Train Loss: 0.0003	Val Accuracy: 8.94
Training Epoch: 143/200	Train Loss: 0.0022	Val Accuracy: 8.94
Training Epoch: 144/200	Train Loss: 0.0004	Val Accuracy: 8.3
Training Epoch: 145/200	Train Loss: 0.0067	Val Accuracy: 8.3
Training Epoch: 146/200	Train Loss: 0.0013	Val Accuracy: 7.88
Training Epoch: 147/200	Train Loss: 0.0032	Val Accuracy: 7.88
Training Epoch: 148/200	Train Loss: 0.0018	Val Accuracy: 9.0
Training Epoch: 149/200	Train Loss: 0.0005	Val Accuracy: 9.0
Training Epoch: 150/200	Train Loss: 0.0012	Val Accuracy: 8.3
Training Epoch: 151/200	Train Loss: 0.0003	Val Accuracy: 8.3
Training Epoch: 152/200	Train Loss: 0.0003	Val Accuracy: 8.76
Training Epoch: 153/200	Train Loss: 0.0004	Val Accuracy: 8.76
Training Epoch: 154/200	Train Loss: 0.0007	Val Accuracy: 8.5
Training Epoch: 155/200	Train Loss: 0.0006	Val Accuracy: 8.5
Training Epoch: 156/200	Train Loss: 0.0006	Val Accuracy: 8.38
Training Epoch: 157/200	Train Loss: 0.0021	Val Accuracy: 8.38
Training Epoch: 158/200	Train Loss: 0.0006	Val Accuracy: 8.84
Training Epoch: 159/200	Train Loss: 0.0003	Val Accuracy: 8.84
Training Epoch: 160/200	Train Loss: 0.0004	Val Accuracy: 8.6
Training Epoch: 161/200	Train Loss: 0.0006	Val Accuracy: 8.6
Training Epoch: 162/200	Train Loss: 0.001	Val Accuracy: 8.44
Training Epoch: 163/200	Train Loss: 0.0004	Val Accuracy: 8.44
Training Epoch: 164/200	Train Loss: 0.0007	Val Accuracy: 8.4
Training Epoch: 165/200	Train Loss: 0.0012	Val Accuracy: 8.4
Training Epoch: 166/200	Train Loss: 0.0008	Val Accuracy: 8.7
Training Epoch: 167/200	Train Loss: 0.0008	Val Accuracy: 8.7
Training Epoch: 168/200	Train Loss: 0.002	Val Accuracy: 8.62
Training Epoch: 169/200	Train Loss: 0.0007	Val Accuracy: 8.62
Training Epoch: 170/200	Train Loss: 0.0014	Val Accuracy: 8.46
Training Epoch: 171/200	Train Loss: 0.0017	Val Accuracy: 8.46
Training Epoch: 172/200	Train Loss: 0.0021	Val Accuracy: 8.4
Training Epoch: 173/200	Train Loss: 0.0005	Val Accuracy: 8.4
Training Epoch: 174/200	Train Loss: 0.0012	Val Accuracy: 8.44
Training Epoch: 175/200	Train Loss: 0.0004	Val Accuracy: 8.44
Training Epoch: 176/200	Train Loss: 0.0005	Val Accuracy: 8.16
Training Epoch: 177/200	Train Loss: 0.0002	Val Accuracy: 8.16
Training Epoch: 178/200	Train Loss: 0.0015	Val Accuracy: 8.82
Training Epoch: 179/200	Train Loss: 0.0004	Val Accuracy: 8.82
Training Epoch: 180/200	Train Loss: 0.0001	Val Accuracy: 8.3
Training Epoch: 181/200	Train Loss: 0.0017	Val Accuracy: 8.3
Training Epoch: 182/200	Train Loss: 0.0174	Val Accuracy: 8.76
Training Epoch: 183/200	Train Loss: 0.0004	Val Accuracy: 8.76
Training Epoch: 184/200	Train Loss: 0.0016	Val Accuracy: 8.62
Training Epoch: 185/200	Train Loss: 0.0002	Val Accuracy: 8.62
Training Epoch: 186/200	Train Loss: 0.0036	Val Accuracy: 8.74
Training Epoch: 187/200	Train Loss: 0.0006	Val Accuracy: 8.74
Training Epoch: 188/200	Train Loss: 0.0005	Val Accuracy: 8.86
Training Epoch: 189/200	Train Loss: 0.007	Val Accuracy: 8.86
Training Epoch: 190/200	Train Loss: 0.0004	Val Accuracy: 8.46
Training Epoch: 191/200	Train Loss: 0.0006	Val Accuracy: 8.46
Training Epoch: 192/200	Train Loss: 0.0005	Val Accuracy: 8.48
Training Epoch: 193/200	Train Loss: 0.0015	Val Accuracy: 8.48
Training Epoch: 194/200	Train Loss: 0.0004	Val Accuracy: 8.7
Training Epoch: 195/200	Train Loss: 0.0005	Val Accuracy: 8.7
Training Epoch: 196/200	Train Loss: 0.0003	Val Accuracy: 8.56
Training Epoch: 197/200	Train Loss: 0.0005	Val Accuracy: 8.56
Training Epoch: 198/200	Train Loss: 0.0007	Val Accuracy: 8.42
Training Epoch: 199/200	Train Loss: 0.0007	Val Accuracy: 8.42
Training Epoch: 200/200	Train Loss: 0.0016	Val Accuracy: 8.72

Wrote Best Model Checkpoint to: vlBest_acc_9_model_epoch_0098.pyth

Best Validation Accuracy: 9.02
Best Epoch: 98

======== TESTING ========

Test Accuracy: 8.52.

======== ACTIVE SAMPLING ========

Extracting Lset Representations
len(dataLoader): 9
Extracting Uset Representations
len(dataLoader): 442
lb_repr.shape:  (850, 2048)
ul_repr.shape:  (44150, 2048)
Solving K Center Greedy Approach
[GPU] Labeled.shape: torch.Size([850, 2048])
[GPU] Unlabeled.shape: torch.Size([44150, 2048])
time taken: 0.0003998279571533203 seconds
Time taken to solve K center: 0.15148377418518066 seconds
Active Sampling Complete. After Episode 16:
New Labeled Set: 900, New Unlabeled Set: 44100, Active Set: 50

================================


Current accuracy values:  [2.8499999999999943, 2.989999999999995, 4.0, 4.060000000000002, 4.730000000000004, 4.609999999999999, 5.159999999999997, 5.730000000000004, 6.069999999999993, 6.430000000000007, 6.319999999999993, 7.299999999999997, 7.579999999999998, 7.530000000000001, 8.049999999999997, 8.260000000000005, 8.519999999999996]
======== EPISODE 17 BEGINS ========

======== TRAINING ========
Training Epoch: 1/200	Train Loss: 0.1422	Val Accuracy: 0.0
Training Epoch: 2/200	Train Loss: 0.1451	Val Accuracy: 7.16
Training Epoch: 3/200	Train Loss: 0.1481	Val Accuracy: 7.16
Training Epoch: 4/200	Train Loss: 0.1221	Val Accuracy: 7.2
Training Epoch: 5/200	Train Loss: 0.117	Val Accuracy: 7.2
Training Epoch: 6/200	Train Loss: 0.0916	Val Accuracy: 7.26
Training Epoch: 7/200	Train Loss: 0.1422	Val Accuracy: 7.26
Training Epoch: 8/200	Train Loss: 0.0395	Val Accuracy: 7.76
Training Epoch: 9/200	Train Loss: 0.0312	Val Accuracy: 7.76
Training Epoch: 10/200	Train Loss: 0.0364	Val Accuracy: 8.18
Training Epoch: 11/200	Train Loss: 0.0138	Val Accuracy: 8.18
Training Epoch: 12/200	Train Loss: 0.025	Val Accuracy: 8.18
Training Epoch: 13/200	Train Loss: 0.09	Val Accuracy: 8.18
Training Epoch: 14/200	Train Loss: 0.0364	Val Accuracy: 7.42
Training Epoch: 15/200	Train Loss: 0.0485	Val Accuracy: 7.42
Training Epoch: 16/200	Train Loss: 0.0044	Val Accuracy: 7.28
Training Epoch: 17/200	Train Loss: 0.0135	Val Accuracy: 7.28
Training Epoch: 18/200	Train Loss: 0.0209	Val Accuracy: 7.28
Training Epoch: 19/200	Train Loss: 0.0096	Val Accuracy: 7.28
Training Epoch: 20/200	Train Loss: 0.071	Val Accuracy: 7.42
Training Epoch: 21/200	Train Loss: 0.161	Val Accuracy: 7.42
Training Epoch: 22/200	Train Loss: 0.0532	Val Accuracy: 7.32
Training Epoch: 23/200	Train Loss: 0.0309	Val Accuracy: 7.32
Training Epoch: 24/200	Train Loss: 0.0142	Val Accuracy: 8.08
Training Epoch: 25/200	Train Loss: 0.0099	Val Accuracy: 8.08
Training Epoch: 26/200	Train Loss: 0.0247	Val Accuracy: 7.76
Training Epoch: 27/200	Train Loss: 0.0193	Val Accuracy: 7.76
Training Epoch: 28/200	Train Loss: 0.0139	Val Accuracy: 7.42
Training Epoch: 29/200	Train Loss: 0.0044	Val Accuracy: 7.42
Training Epoch: 30/200	Train Loss: 0.0034	Val Accuracy: 8.04
Training Epoch: 31/200	Train Loss: 0.0033	Val Accuracy: 8.04
Training Epoch: 32/200	Train Loss: 0.0037	Val Accuracy: 7.84
Training Epoch: 33/200	Train Loss: 0.0039	Val Accuracy: 7.84
Training Epoch: 34/200	Train Loss: 0.0028	Val Accuracy: 7.76
Training Epoch: 35/200	Train Loss: 0.0215	Val Accuracy: 7.76
Training Epoch: 36/200	Train Loss: 0.007	Val Accuracy: 7.5
Training Epoch: 37/200	Train Loss: 0.0057	Val Accuracy: 7.5
Training Epoch: 38/200	Train Loss: 0.004	Val Accuracy: 7.6
Training Epoch: 39/200	Train Loss: 0.0021	Val Accuracy: 7.6
Training Epoch: 40/200	Train Loss: 0.005	Val Accuracy: 7.34
Training Epoch: 41/200	Train Loss: 0.0411	Val Accuracy: 7.34
Training Epoch: 42/200	Train Loss: 0.0029	Val Accuracy: 7.98
Training Epoch: 43/200	Train Loss: 0.0111	Val Accuracy: 7.98
Training Epoch: 44/200	Train Loss: 0.0097	Val Accuracy: 7.96
Training Epoch: 45/200	Train Loss: 0.002	Val Accuracy: 7.96
Training Epoch: 46/200	Train Loss: 0.0066	Val Accuracy: 8.0
Training Epoch: 47/200	Train Loss: 0.0058	Val Accuracy: 8.0
Training Epoch: 48/200	Train Loss: 0.0021	Val Accuracy: 7.7
Training Epoch: 49/200	Train Loss: 0.0012	Val Accuracy: 7.7
Training Epoch: 50/200	Train Loss: 0.0022	Val Accuracy: 8.24
Training Epoch: 51/200	Train Loss: 0.0072	Val Accuracy: 8.24
Training Epoch: 52/200	Train Loss: 0.001	Val Accuracy: 8.3
Training Epoch: 53/200	Train Loss: 0.0007	Val Accuracy: 8.3
Training Epoch: 54/200	Train Loss: 0.0187	Val Accuracy: 7.56
Training Epoch: 55/200	Train Loss: 0.0164	Val Accuracy: 7.56
Training Epoch: 56/200	Train Loss: 0.0025	Val Accuracy: 7.3
Training Epoch: 57/200	Train Loss: 0.0014	Val Accuracy: 7.3
Training Epoch: 58/200	Train Loss: 0.0017	Val Accuracy: 7.86
Training Epoch: 59/200	Train Loss: 0.0021	Val Accuracy: 7.86
Training Epoch: 60/200	Train Loss: 0.0098	Val Accuracy: 8.24
Training Epoch: 61/200	Train Loss: 0.0008	Val Accuracy: 8.24
Training Epoch: 62/200	Train Loss: 0.0027	Val Accuracy: 8.02
Training Epoch: 63/200	Train Loss: 0.001	Val Accuracy: 8.02
Training Epoch: 64/200	Train Loss: 0.0012	Val Accuracy: 8.14
Training Epoch: 65/200	Train Loss: 0.0044	Val Accuracy: 8.14
Training Epoch: 66/200	Train Loss: 0.0031	Val Accuracy: 8.14
Training Epoch: 67/200	Train Loss: 0.0034	Val Accuracy: 8.14
Training Epoch: 68/200	Train Loss: 0.0007	Val Accuracy: 8.6
Training Epoch: 69/200	Train Loss: 0.0006	Val Accuracy: 8.6
Training Epoch: 70/200	Train Loss: 0.0011	Val Accuracy: 8.38
Training Epoch: 71/200	Train Loss: 0.0017	Val Accuracy: 8.38
Training Epoch: 72/200	Train Loss: 0.0079	Val Accuracy: 8.14
Training Epoch: 73/200	Train Loss: 0.0005	Val Accuracy: 8.14
Training Epoch: 74/200	Train Loss: 0.0009	Val Accuracy: 7.86
Training Epoch: 75/200	Train Loss: 0.0014	Val Accuracy: 7.86
Training Epoch: 76/200	Train Loss: 0.0012	Val Accuracy: 7.86
Training Epoch: 77/200	Train Loss: 0.0009	Val Accuracy: 7.86
Training Epoch: 78/200	Train Loss: 0.0137	Val Accuracy: 7.82
Training Epoch: 79/200	Train Loss: 0.0007	Val Accuracy: 7.82
Training Epoch: 80/200	Train Loss: 0.0014	Val Accuracy: 8.1
Training Epoch: 81/200	Train Loss: 0.0026	Val Accuracy: 8.1
Training Epoch: 82/200	Train Loss: 0.0015	Val Accuracy: 8.06
Training Epoch: 83/200	Train Loss: 0.0008	Val Accuracy: 8.06
Training Epoch: 84/200	Train Loss: 0.0009	Val Accuracy: 8.48
Training Epoch: 85/200	Train Loss: 0.0009	Val Accuracy: 8.48
Training Epoch: 86/200	Train Loss: 0.0006	Val Accuracy: 8.1
Training Epoch: 87/200	Train Loss: 0.0004	Val Accuracy: 8.1
Training Epoch: 88/200	Train Loss: 0.0083	Val Accuracy: 8.18
Training Epoch: 89/200	Train Loss: 0.0016	Val Accuracy: 8.18
Training Epoch: 90/200	Train Loss: 0.0004	Val Accuracy: 8.3
Training Epoch: 91/200	Train Loss: 0.0009	Val Accuracy: 8.3
Training Epoch: 92/200	Train Loss: 0.0017	Val Accuracy: 8.4
Training Epoch: 93/200	Train Loss: 0.0298	Val Accuracy: 8.4
Training Epoch: 94/200	Train Loss: 0.0026	Val Accuracy: 8.22
Training Epoch: 95/200	Train Loss: 0.0011	Val Accuracy: 8.22
Training Epoch: 96/200	Train Loss: 0.0011	Val Accuracy: 8.18
Training Epoch: 97/200	Train Loss: 0.0007	Val Accuracy: 8.18
Training Epoch: 98/200	Train Loss: 0.0013	Val Accuracy: 7.72
Training Epoch: 99/200	Train Loss: 0.0012	Val Accuracy: 7.72
Training Epoch: 100/200	Train Loss: 0.0013	Val Accuracy: 8.32
Training Epoch: 101/200	Train Loss: 0.0014	Val Accuracy: 8.32
Training Epoch: 102/200	Train Loss: 0.0006	Val Accuracy: 8.04
Training Epoch: 103/200	Train Loss: 0.0008	Val Accuracy: 8.04
Training Epoch: 104/200	Train Loss: 0.001	Val Accuracy: 8.06
Training Epoch: 105/200	Train Loss: 0.0007	Val Accuracy: 8.06
Training Epoch: 106/200	Train Loss: 0.0006	Val Accuracy: 7.98
Training Epoch: 107/200	Train Loss: 0.0008	Val Accuracy: 7.98
Training Epoch: 108/200	Train Loss: 0.0003	Val Accuracy: 8.3
Training Epoch: 109/200	Train Loss: 0.0004	Val Accuracy: 8.3
Training Epoch: 110/200	Train Loss: 0.0022	Val Accuracy: 8.06
Training Epoch: 111/200	Train Loss: 0.0011	Val Accuracy: 8.06
Training Epoch: 112/200	Train Loss: 0.0009	Val Accuracy: 8.24
Training Epoch: 113/200	Train Loss: 0.0005	Val Accuracy: 8.24
Training Epoch: 114/200	Train Loss: 0.0063	Val Accuracy: 8.02
Training Epoch: 115/200	Train Loss: 0.0006	Val Accuracy: 8.02
Training Epoch: 116/200	Train Loss: 0.0007	Val Accuracy: 8.32
Training Epoch: 117/200	Train Loss: 0.0004	Val Accuracy: 8.32
Training Epoch: 118/200	Train Loss: 0.0008	Val Accuracy: 8.18
Training Epoch: 119/200	Train Loss: 0.0008	Val Accuracy: 8.18
Training Epoch: 120/200	Train Loss: 0.001	Val Accuracy: 8.2
Training Epoch: 121/200	Train Loss: 0.0057	Val Accuracy: 8.2
Training Epoch: 122/200	Train Loss: 0.0011	Val Accuracy: 8.2
Training Epoch: 123/200	Train Loss: 0.001	Val Accuracy: 8.2
Training Epoch: 124/200	Train Loss: 0.0009	Val Accuracy: 8.26
Training Epoch: 125/200	Train Loss: 0.0008	Val Accuracy: 8.26
Training Epoch: 126/200	Train Loss: 0.0005	Val Accuracy: 8.08
Training Epoch: 127/200	Train Loss: 0.0023	Val Accuracy: 8.08
Training Epoch: 128/200	Train Loss: 0.0008	Val Accuracy: 8.18
Training Epoch: 129/200	Train Loss: 0.0007	Val Accuracy: 8.18
Training Epoch: 130/200	Train Loss: 0.0007	Val Accuracy: 7.94
Training Epoch: 131/200	Train Loss: 0.0064	Val Accuracy: 7.94
Training Epoch: 132/200	Train Loss: 0.0007	Val Accuracy: 8.32
Training Epoch: 133/200	Train Loss: 0.001	Val Accuracy: 8.32
Training Epoch: 134/200	Train Loss: 0.001	Val Accuracy: 7.78
Training Epoch: 135/200	Train Loss: 0.0005	Val Accuracy: 7.78
Training Epoch: 136/200	Train Loss: 0.0024	Val Accuracy: 8.32
Training Epoch: 137/200	Train Loss: 0.0006	Val Accuracy: 8.32
Training Epoch: 138/200	Train Loss: 0.0009	Val Accuracy: 7.9
Training Epoch: 139/200	Train Loss: 0.0007	Val Accuracy: 7.9
Training Epoch: 140/200	Train Loss: 0.0006	Val Accuracy: 8.52
Training Epoch: 141/200	Train Loss: 0.0004	Val Accuracy: 8.52
Training Epoch: 142/200	Train Loss: 0.0014	Val Accuracy: 8.44
Training Epoch: 143/200	Train Loss: 0.0009	Val Accuracy: 8.44
Training Epoch: 144/200	Train Loss: 0.0005	Val Accuracy: 8.02
Training Epoch: 145/200	Train Loss: 0.0006	Val Accuracy: 8.02
Training Epoch: 146/200	Train Loss: 0.0004	Val Accuracy: 7.92
Training Epoch: 147/200	Train Loss: 0.0005	Val Accuracy: 7.92
Training Epoch: 148/200	Train Loss: 0.0037	Val Accuracy: 8.22
Training Epoch: 149/200	Train Loss: 0.0008	Val Accuracy: 8.22
Training Epoch: 150/200	Train Loss: 0.0014	Val Accuracy: 8.06
Training Epoch: 151/200	Train Loss: 0.0013	Val Accuracy: 8.06
Training Epoch: 152/200	Train Loss: 0.0006	Val Accuracy: 8.26
Training Epoch: 153/200	Train Loss: 0.0009	Val Accuracy: 8.26
Training Epoch: 154/200	Train Loss: 0.0016	Val Accuracy: 8.12
Training Epoch: 155/200	Train Loss: 0.0006	Val Accuracy: 8.12
Training Epoch: 156/200	Train Loss: 0.0022	Val Accuracy: 7.86
Training Epoch: 157/200	Train Loss: 0.0009	Val Accuracy: 7.86
Training Epoch: 158/200	Train Loss: 0.0018	Val Accuracy: 8.88
Training Epoch: 159/200	Train Loss: 0.0021	Val Accuracy: 8.88
Training Epoch: 160/200	Train Loss: 0.0007	Val Accuracy: 8.06
Training Epoch: 161/200	Train Loss: 0.0004	Val Accuracy: 8.06
Training Epoch: 162/200	Train Loss: 0.0019	Val Accuracy: 8.28
Training Epoch: 163/200	Train Loss: 0.0004	Val Accuracy: 8.28
Training Epoch: 164/200	Train Loss: 0.0005	Val Accuracy: 8.38
Training Epoch: 165/200	Train Loss: 0.0021	Val Accuracy: 8.38
Training Epoch: 166/200	Train Loss: 0.0012	Val Accuracy: 8.0
Training Epoch: 167/200	Train Loss: 0.0028	Val Accuracy: 8.0
Training Epoch: 168/200	Train Loss: 0.0007	Val Accuracy: 8.12
Training Epoch: 169/200	Train Loss: 0.0006	Val Accuracy: 8.12
Training Epoch: 170/200	Train Loss: 0.0012	Val Accuracy: 7.94
Training Epoch: 171/200	Train Loss: 0.0005	Val Accuracy: 7.94
Training Epoch: 172/200	Train Loss: 0.0004	Val Accuracy: 8.0
Training Epoch: 173/200	Train Loss: 0.0007	Val Accuracy: 8.0
Training Epoch: 174/200	Train Loss: 0.0004	Val Accuracy: 8.24
Training Epoch: 175/200	Train Loss: 0.0012	Val Accuracy: 8.24
Training Epoch: 176/200	Train Loss: 0.0004	Val Accuracy: 8.0
Training Epoch: 177/200	Train Loss: 0.0011	Val Accuracy: 8.0
Training Epoch: 178/200	Train Loss: 0.0008	Val Accuracy: 8.2
Training Epoch: 179/200	Train Loss: 0.0006	Val Accuracy: 8.2
Training Epoch: 180/200	Train Loss: 0.0017	Val Accuracy: 8.36
Training Epoch: 181/200	Train Loss: 0.0018	Val Accuracy: 8.36
Training Epoch: 182/200	Train Loss: 0.0009	Val Accuracy: 7.9
Training Epoch: 183/200	Train Loss: 0.0097	Val Accuracy: 7.9
Training Epoch: 184/200	Train Loss: 0.0008	Val Accuracy: 8.1
Training Epoch: 185/200	Train Loss: 0.001	Val Accuracy: 8.1
Training Epoch: 186/200	Train Loss: 0.0015	Val Accuracy: 8.5
Training Epoch: 187/200	Train Loss: 0.0007	Val Accuracy: 8.5
Training Epoch: 188/200	Train Loss: 0.0006	Val Accuracy: 8.34
Training Epoch: 189/200	Train Loss: 0.0008	Val Accuracy: 8.34
Training Epoch: 190/200	Train Loss: 0.0007	Val Accuracy: 8.2
Training Epoch: 191/200	Train Loss: 0.0007	Val Accuracy: 8.2
Training Epoch: 192/200	Train Loss: 0.0004	Val Accuracy: 7.72
Training Epoch: 193/200	Train Loss: 0.0015	Val Accuracy: 7.72
Training Epoch: 194/200	Train Loss: 0.0012	Val Accuracy: 8.06
Training Epoch: 195/200	Train Loss: 0.0153	Val Accuracy: 8.06
Training Epoch: 196/200	Train Loss: 0.0009	Val Accuracy: 8.28
Training Epoch: 197/200	Train Loss: 0.0011	Val Accuracy: 8.28
Training Epoch: 198/200	Train Loss: 0.0007	Val Accuracy: 8.0
Training Epoch: 199/200	Train Loss: 0.0006	Val Accuracy: 8.0
Training Epoch: 200/200	Train Loss: 0.0003	Val Accuracy: 7.78

Wrote Best Model Checkpoint to: vlBest_acc_8_model_epoch_0158.pyth

Best Validation Accuracy: 8.88
Best Epoch: 158

======== TESTING ========

Test Accuracy: 8.75.

======== ACTIVE SAMPLING ========

Extracting Lset Representations
len(dataLoader): 9
Extracting Uset Representations
len(dataLoader): 441
lb_repr.shape:  (900, 2048)
ul_repr.shape:  (44100, 2048)
Solving K Center Greedy Approach
[GPU] Labeled.shape: torch.Size([900, 2048])
[GPU] Unlabeled.shape: torch.Size([44100, 2048])
time taken: 0.00038361549377441406 seconds
Time taken to solve K center: 0.15265512466430664 seconds
Active Sampling Complete. After Episode 17:
New Labeled Set: 950, New Unlabeled Set: 44050, Active Set: 50

================================


Current accuracy values:  [2.8499999999999943, 2.989999999999995, 4.0, 4.060000000000002, 4.730000000000004, 4.609999999999999, 5.159999999999997, 5.730000000000004, 6.069999999999993, 6.430000000000007, 6.319999999999993, 7.299999999999997, 7.579999999999998, 7.530000000000001, 8.049999999999997, 8.260000000000005, 8.519999999999996, 8.75]
======== EPISODE 18 BEGINS ========

======== TRAINING ========
Training Epoch: 1/200	Train Loss: 0.4053	Val Accuracy: 0.0
Training Epoch: 2/200	Train Loss: 0.2252	Val Accuracy: 6.92
Training Epoch: 3/200	Train Loss: 0.0674	Val Accuracy: 6.92
Training Epoch: 4/200	Train Loss: 0.1339	Val Accuracy: 7.32
Training Epoch: 5/200	Train Loss: 0.0246	Val Accuracy: 7.32
Training Epoch: 6/200	Train Loss: 0.038	Val Accuracy: 8.12
Training Epoch: 7/200	Train Loss: 0.0692	Val Accuracy: 8.12
Training Epoch: 8/200	Train Loss: 0.0403	Val Accuracy: 8.4
Training Epoch: 9/200	Train Loss: 0.1285	Val Accuracy: 8.4
Training Epoch: 10/200	Train Loss: 0.0779	Val Accuracy: 8.06
Training Epoch: 11/200	Train Loss: 0.0286	Val Accuracy: 8.06
Training Epoch: 12/200	Train Loss: 0.0042	Val Accuracy: 7.6
Training Epoch: 13/200	Train Loss: 0.013	Val Accuracy: 7.6
Training Epoch: 14/200	Train Loss: 0.0303	Val Accuracy: 7.86
Training Epoch: 15/200	Train Loss: 0.0221	Val Accuracy: 7.86
Training Epoch: 16/200	Train Loss: 0.1306	Val Accuracy: 8.1
Training Epoch: 17/200	Train Loss: 0.0167	Val Accuracy: 8.1
Training Epoch: 18/200	Train Loss: 0.0632	Val Accuracy: 8.08
Training Epoch: 19/200	Train Loss: 0.017	Val Accuracy: 8.08
Training Epoch: 20/200	Train Loss: 0.0131	Val Accuracy: 8.0
Training Epoch: 21/200	Train Loss: 0.1279	Val Accuracy: 8.0
Training Epoch: 22/200	Train Loss: 0.0079	Val Accuracy: 7.6
Training Epoch: 23/200	Train Loss: 0.0214	Val Accuracy: 7.6
Training Epoch: 24/200	Train Loss: 0.0426	Val Accuracy: 8.14
Training Epoch: 25/200	Train Loss: 0.0219	Val Accuracy: 8.14
Training Epoch: 26/200	Train Loss: 0.0054	Val Accuracy: 7.5
Training Epoch: 27/200	Train Loss: 0.0894	Val Accuracy: 7.5
Training Epoch: 28/200	Train Loss: 0.0103	Val Accuracy: 7.84
Training Epoch: 29/200	Train Loss: 0.0146	Val Accuracy: 7.84
Training Epoch: 30/200	Train Loss: 0.0223	Val Accuracy: 7.52
Training Epoch: 31/200	Train Loss: 0.0048	Val Accuracy: 7.52
Training Epoch: 32/200	Train Loss: 0.0052	Val Accuracy: 8.32
Training Epoch: 33/200	Train Loss: 0.0124	Val Accuracy: 8.32
Training Epoch: 34/200	Train Loss: 0.0157	Val Accuracy: 7.64
Training Epoch: 35/200	Train Loss: 0.0243	Val Accuracy: 7.64
Training Epoch: 36/200	Train Loss: 0.0058	Val Accuracy: 7.48
Training Epoch: 37/200	Train Loss: 0.0066	Val Accuracy: 7.48
Training Epoch: 38/200	Train Loss: 0.0038	Val Accuracy: 7.9
Training Epoch: 39/200	Train Loss: 0.0022	Val Accuracy: 7.9
Training Epoch: 40/200	Train Loss: 0.045	Val Accuracy: 7.38
Training Epoch: 41/200	Train Loss: 0.0047	Val Accuracy: 7.38
Training Epoch: 42/200	Train Loss: 0.0057	Val Accuracy: 8.04
Training Epoch: 43/200	Train Loss: 0.005	Val Accuracy: 8.04
Training Epoch: 44/200	Train Loss: 0.004	Val Accuracy: 8.32
Training Epoch: 45/200	Train Loss: 0.0167	Val Accuracy: 8.32
Training Epoch: 46/200	Train Loss: 0.015	Val Accuracy: 8.0
Training Epoch: 47/200	Train Loss: 0.0028	Val Accuracy: 8.0
Training Epoch: 48/200	Train Loss: 0.0039	Val Accuracy: 8.02
Training Epoch: 49/200	Train Loss: 0.0029	Val Accuracy: 8.02
Training Epoch: 50/200	Train Loss: 0.001	Val Accuracy: 8.18
Training Epoch: 51/200	Train Loss: 0.0082	Val Accuracy: 8.18
Training Epoch: 52/200	Train Loss: 0.002	Val Accuracy: 8.0
Training Epoch: 53/200	Train Loss: 0.0027	Val Accuracy: 8.0
Training Epoch: 54/200	Train Loss: 0.0022	Val Accuracy: 8.22
Training Epoch: 55/200	Train Loss: 0.0087	Val Accuracy: 8.22
Training Epoch: 56/200	Train Loss: 0.0017	Val Accuracy: 8.42
Training Epoch: 57/200	Train Loss: 0.0015	Val Accuracy: 8.42
Training Epoch: 58/200	Train Loss: 0.0024	Val Accuracy: 8.0
Training Epoch: 59/200	Train Loss: 0.0022	Val Accuracy: 8.0
Training Epoch: 60/200	Train Loss: 0.0013	Val Accuracy: 8.1
Training Epoch: 61/200	Train Loss: 0.0014	Val Accuracy: 8.1
Training Epoch: 62/200	Train Loss: 0.0016	Val Accuracy: 8.26
Training Epoch: 63/200	Train Loss: 0.003	Val Accuracy: 8.26
Training Epoch: 64/200	Train Loss: 0.0011	Val Accuracy: 8.58
Training Epoch: 65/200	Train Loss: 0.0008	Val Accuracy: 8.58
Training Epoch: 66/200	Train Loss: 0.0009	Val Accuracy: 8.52
Training Epoch: 67/200	Train Loss: 0.001	Val Accuracy: 8.52
Training Epoch: 68/200	Train Loss: 0.0076	Val Accuracy: 7.88
Training Epoch: 69/200	Train Loss: 0.0017	Val Accuracy: 7.88
Training Epoch: 70/200	Train Loss: 0.0015	Val Accuracy: 8.2
Training Epoch: 71/200	Train Loss: 0.0058	Val Accuracy: 8.2
Training Epoch: 72/200	Train Loss: 0.0015	Val Accuracy: 8.22
Training Epoch: 73/200	Train Loss: 0.0005	Val Accuracy: 8.22
Training Epoch: 74/200	Train Loss: 0.0015	Val Accuracy: 8.28
Training Epoch: 75/200	Train Loss: 0.0018	Val Accuracy: 8.28
Training Epoch: 76/200	Train Loss: 0.001	Val Accuracy: 8.18
Training Epoch: 77/200	Train Loss: 0.0005	Val Accuracy: 8.18
Training Epoch: 78/200	Train Loss: 0.0006	Val Accuracy: 8.52
Training Epoch: 79/200	Train Loss: 0.0154	Val Accuracy: 8.52
Training Epoch: 80/200	Train Loss: 0.0015	Val Accuracy: 8.76
Training Epoch: 81/200	Train Loss: 0.0009	Val Accuracy: 8.76
Training Epoch: 82/200	Train Loss: 0.0007	Val Accuracy: 8.8
Training Epoch: 83/200	Train Loss: 0.0021	Val Accuracy: 8.8
Training Epoch: 84/200	Train Loss: 0.0034	Val Accuracy: 8.64
Training Epoch: 85/200	Train Loss: 0.0034	Val Accuracy: 8.64
Training Epoch: 86/200	Train Loss: 0.0009	Val Accuracy: 8.4
Training Epoch: 87/200	Train Loss: 0.0036	Val Accuracy: 8.4
Training Epoch: 88/200	Train Loss: 0.0261	Val Accuracy: 8.32
Training Epoch: 89/200	Train Loss: 0.0075	Val Accuracy: 8.32
Training Epoch: 90/200	Train Loss: 0.0022	Val Accuracy: 8.82
Training Epoch: 91/200	Train Loss: 0.0014	Val Accuracy: 8.82
Training Epoch: 92/200	Train Loss: 0.0011	Val Accuracy: 8.82
Training Epoch: 93/200	Train Loss: 0.0014	Val Accuracy: 8.82
Training Epoch: 94/200	Train Loss: 0.0008	Val Accuracy: 8.52
Training Epoch: 95/200	Train Loss: 0.0024	Val Accuracy: 8.52
Training Epoch: 96/200	Train Loss: 0.0011	Val Accuracy: 8.62
Training Epoch: 97/200	Train Loss: 0.0028	Val Accuracy: 8.62
Training Epoch: 98/200	Train Loss: 0.0009	Val Accuracy: 8.96
Training Epoch: 99/200	Train Loss: 0.0007	Val Accuracy: 8.96
Training Epoch: 100/200	Train Loss: 0.0007	Val Accuracy: 8.52
Training Epoch: 101/200	Train Loss: 0.0049	Val Accuracy: 8.52
Training Epoch: 102/200	Train Loss: 0.0049	Val Accuracy: 8.58
Training Epoch: 103/200	Train Loss: 0.0013	Val Accuracy: 8.58
Training Epoch: 104/200	Train Loss: 0.0006	Val Accuracy: 8.5
Training Epoch: 105/200	Train Loss: 0.0007	Val Accuracy: 8.5
Training Epoch: 106/200	Train Loss: 0.0009	Val Accuracy: 8.1
Training Epoch: 107/200	Train Loss: 0.0008	Val Accuracy: 8.1
Training Epoch: 108/200	Train Loss: 0.0008	Val Accuracy: 8.38
Training Epoch: 109/200	Train Loss: 0.0005	Val Accuracy: 8.38
Training Epoch: 110/200	Train Loss: 0.0008	Val Accuracy: 8.44
Training Epoch: 111/200	Train Loss: 0.0008	Val Accuracy: 8.44
Training Epoch: 112/200	Train Loss: 0.001	Val Accuracy: 7.88
Training Epoch: 113/200	Train Loss: 0.0015	Val Accuracy: 7.88
Training Epoch: 114/200	Train Loss: 0.0007	Val Accuracy: 8.74
Training Epoch: 115/200	Train Loss: 0.0012	Val Accuracy: 8.74
Training Epoch: 116/200	Train Loss: 0.0024	Val Accuracy: 8.0
Training Epoch: 117/200	Train Loss: 0.003	Val Accuracy: 8.0
Training Epoch: 118/200	Train Loss: 0.0005	Val Accuracy: 8.54
Training Epoch: 119/200	Train Loss: 0.001	Val Accuracy: 8.54
Training Epoch: 120/200	Train Loss: 0.001	Val Accuracy: 8.34
Training Epoch: 121/200	Train Loss: 0.0003	Val Accuracy: 8.34
Training Epoch: 122/200	Train Loss: 0.0019	Val Accuracy: 8.74
Training Epoch: 123/200	Train Loss: 0.0009	Val Accuracy: 8.74
Training Epoch: 124/200	Train Loss: 0.0006	Val Accuracy: 8.26
Training Epoch: 125/200	Train Loss: 0.0009	Val Accuracy: 8.26
Training Epoch: 126/200	Train Loss: 0.0006	Val Accuracy: 8.18
Training Epoch: 127/200	Train Loss: 0.0005	Val Accuracy: 8.18
Training Epoch: 128/200	Train Loss: 0.0007	Val Accuracy: 8.24
Training Epoch: 129/200	Train Loss: 0.0006	Val Accuracy: 8.24
Training Epoch: 130/200	Train Loss: 0.0007	Val Accuracy: 8.5
Training Epoch: 131/200	Train Loss: 0.0012	Val Accuracy: 8.5
Training Epoch: 132/200	Train Loss: 0.0004	Val Accuracy: 7.9
Training Epoch: 133/200	Train Loss: 0.0006	Val Accuracy: 7.9
Training Epoch: 134/200	Train Loss: 0.0007	Val Accuracy: 8.52
Training Epoch: 135/200	Train Loss: 0.0005	Val Accuracy: 8.52
Training Epoch: 136/200	Train Loss: 0.001	Val Accuracy: 8.72
Training Epoch: 137/200	Train Loss: 0.0006	Val Accuracy: 8.72
Training Epoch: 138/200	Train Loss: 0.0009	Val Accuracy: 8.3
Training Epoch: 139/200	Train Loss: 0.0012	Val Accuracy: 8.3
Training Epoch: 140/200	Train Loss: 0.0006	Val Accuracy: 8.44
Training Epoch: 141/200	Train Loss: 0.0009	Val Accuracy: 8.44
Training Epoch: 142/200	Train Loss: 0.0008	Val Accuracy: 8.34
Training Epoch: 143/200	Train Loss: 0.0009	Val Accuracy: 8.34
Training Epoch: 144/200	Train Loss: 0.0009	Val Accuracy: 8.48
Training Epoch: 145/200	Train Loss: 0.0005	Val Accuracy: 8.48
Training Epoch: 146/200	Train Loss: 0.001	Val Accuracy: 8.38
Training Epoch: 147/200	Train Loss: 0.0006	Val Accuracy: 8.38
Training Epoch: 148/200	Train Loss: 0.0006	Val Accuracy: 8.7
Training Epoch: 149/200	Train Loss: 0.0006	Val Accuracy: 8.7
Training Epoch: 150/200	Train Loss: 0.0024	Val Accuracy: 8.68
Training Epoch: 151/200	Train Loss: 0.0008	Val Accuracy: 8.68
Training Epoch: 152/200	Train Loss: 0.0005	Val Accuracy: 8.62
Training Epoch: 153/200	Train Loss: 0.0006	Val Accuracy: 8.62
Training Epoch: 154/200	Train Loss: 0.0007	Val Accuracy: 8.66
Training Epoch: 155/200	Train Loss: 0.0011	Val Accuracy: 8.66
Training Epoch: 156/200	Train Loss: 0.001	Val Accuracy: 8.5
Training Epoch: 157/200	Train Loss: 0.0007	Val Accuracy: 8.5
Training Epoch: 158/200	Train Loss: 0.0015	Val Accuracy: 8.42
Training Epoch: 159/200	Train Loss: 0.0111	Val Accuracy: 8.42
Training Epoch: 160/200	Train Loss: 0.0004	Val Accuracy: 8.78
Training Epoch: 161/200	Train Loss: 0.0007	Val Accuracy: 8.78
Training Epoch: 162/200	Train Loss: 0.0011	Val Accuracy: 8.28
Training Epoch: 163/200	Train Loss: 0.0005	Val Accuracy: 8.28
Training Epoch: 164/200	Train Loss: 0.0004	Val Accuracy: 8.44
Training Epoch: 165/200	Train Loss: 0.0004	Val Accuracy: 8.44
Training Epoch: 166/200	Train Loss: 0.0007	Val Accuracy: 8.38
Training Epoch: 167/200	Train Loss: 0.0027	Val Accuracy: 8.38
Training Epoch: 168/200	Train Loss: 0.0018	Val Accuracy: 8.54
Training Epoch: 169/200	Train Loss: 0.0008	Val Accuracy: 8.54
Training Epoch: 170/200	Train Loss: 0.0005	Val Accuracy: 8.6
Training Epoch: 171/200	Train Loss: 0.0012	Val Accuracy: 8.6
Training Epoch: 172/200	Train Loss: 0.0005	Val Accuracy: 8.44
Training Epoch: 173/200	Train Loss: 0.0006	Val Accuracy: 8.44
Training Epoch: 174/200	Train Loss: 0.0004	Val Accuracy: 8.38
Training Epoch: 175/200	Train Loss: 0.0007	Val Accuracy: 8.38
Training Epoch: 176/200	Train Loss: 0.0005	Val Accuracy: 8.32
Training Epoch: 177/200	Train Loss: 0.0004	Val Accuracy: 8.32
Training Epoch: 178/200	Train Loss: 0.0007	Val Accuracy: 8.78
Training Epoch: 179/200	Train Loss: 0.0008	Val Accuracy: 8.78
Training Epoch: 180/200	Train Loss: 0.0009	Val Accuracy: 8.46
Training Epoch: 181/200	Train Loss: 0.0007	Val Accuracy: 8.46
Training Epoch: 182/200	Train Loss: 0.0011	Val Accuracy: 8.74
Training Epoch: 183/200	Train Loss: 0.0007	Val Accuracy: 8.74
Training Epoch: 184/200	Train Loss: 0.0016	Val Accuracy: 8.52
Training Epoch: 185/200	Train Loss: 0.0005	Val Accuracy: 8.52
Training Epoch: 186/200	Train Loss: 0.0003	Val Accuracy: 8.56
Training Epoch: 187/200	Train Loss: 0.0011	Val Accuracy: 8.56
Training Epoch: 188/200	Train Loss: 0.0011	Val Accuracy: 8.5
Training Epoch: 189/200	Train Loss: 0.0006	Val Accuracy: 8.5
Training Epoch: 190/200	Train Loss: 0.0011	Val Accuracy: 8.68
Training Epoch: 191/200	Train Loss: 0.0005	Val Accuracy: 8.68
Training Epoch: 192/200	Train Loss: 0.0009	Val Accuracy: 9.02
Training Epoch: 193/200	Train Loss: 0.0008	Val Accuracy: 9.02
Training Epoch: 194/200	Train Loss: 0.0009	Val Accuracy: 8.36
Training Epoch: 195/200	Train Loss: 0.0006	Val Accuracy: 8.36
Training Epoch: 196/200	Train Loss: 0.0005	Val Accuracy: 8.4
Training Epoch: 197/200	Train Loss: 0.0005	Val Accuracy: 8.4
Training Epoch: 198/200	Train Loss: 0.0019	Val Accuracy: 8.14
Training Epoch: 199/200	Train Loss: 0.002	Val Accuracy: 8.14
Training Epoch: 200/200	Train Loss: 0.0006	Val Accuracy: 8.48

Wrote Best Model Checkpoint to: vlBest_acc_9_model_epoch_0192.pyth

Best Validation Accuracy: 9.02
Best Epoch: 192

======== TESTING ========

Test Accuracy: 8.88.

======== ACTIVE SAMPLING ========

Extracting Lset Representations
len(dataLoader): 10
Extracting Uset Representations
len(dataLoader): 441
lb_repr.shape:  (950, 2048)
ul_repr.shape:  (44050, 2048)
Solving K Center Greedy Approach
[GPU] Labeled.shape: torch.Size([950, 2048])
[GPU] Unlabeled.shape: torch.Size([44050, 2048])
time taken: 0.00044608116149902344 seconds
Time taken to solve K center: 0.15195608139038086 seconds
Active Sampling Complete. After Episode 18:
New Labeled Set: 1000, New Unlabeled Set: 44000, Active Set: 50

================================


Current accuracy values:  [2.8499999999999943, 2.989999999999995, 4.0, 4.060000000000002, 4.730000000000004, 4.609999999999999, 5.159999999999997, 5.730000000000004, 6.069999999999993, 6.430000000000007, 6.319999999999993, 7.299999999999997, 7.579999999999998, 7.530000000000001, 8.049999999999997, 8.260000000000005, 8.519999999999996, 8.75, 8.879999999999995]
======== EPISODE 19 BEGINS ========

======== TRAINING ========
Training Epoch: 1/200	Train Loss: 0.2437	Val Accuracy: 0.0
Training Epoch: 2/200	Train Loss: 0.2327	Val Accuracy: 7.56
Training Epoch: 3/200	Train Loss: 0.0627	Val Accuracy: 7.56
Training Epoch: 4/200	Train Loss: 0.034	Val Accuracy: 7.9
Training Epoch: 5/200	Train Loss: 0.0636	Val Accuracy: 7.9
Training Epoch: 6/200	Train Loss: 0.0651	Val Accuracy: 7.94
Training Epoch: 7/200	Train Loss: 0.0123	Val Accuracy: 7.94
Training Epoch: 8/200	Train Loss: 0.0165	Val Accuracy: 8.4
Training Epoch: 9/200	Train Loss: 0.0245	Val Accuracy: 8.4
Training Epoch: 10/200	Train Loss: 0.0238	Val Accuracy: 8.24
Training Epoch: 11/200	Train Loss: 0.0819	Val Accuracy: 8.24
Training Epoch: 12/200	Train Loss: 0.0179	Val Accuracy: 8.18
Training Epoch: 13/200	Train Loss: 0.0778	Val Accuracy: 8.18
Training Epoch: 14/200	Train Loss: 0.1118	Val Accuracy: 8.34
Training Epoch: 15/200	Train Loss: 0.0692	Val Accuracy: 8.34
Training Epoch: 16/200	Train Loss: 0.0821	Val Accuracy: 8.2
Training Epoch: 17/200	Train Loss: 0.0115	Val Accuracy: 8.2
Training Epoch: 18/200	Train Loss: 0.1077	Val Accuracy: 8.1
Training Epoch: 19/200	Train Loss: 0.101	Val Accuracy: 8.1
Training Epoch: 20/200	Train Loss: 0.0161	Val Accuracy: 7.68
Training Epoch: 21/200	Train Loss: 0.0452	Val Accuracy: 7.68
Training Epoch: 22/200	Train Loss: 0.0097	Val Accuracy: 7.56
Training Epoch: 23/200	Train Loss: 0.0119	Val Accuracy: 7.56
Training Epoch: 24/200	Train Loss: 0.1194	Val Accuracy: 8.16
Training Epoch: 25/200	Train Loss: 0.0055	Val Accuracy: 8.16
Training Epoch: 26/200	Train Loss: 0.0305	Val Accuracy: 8.42
Training Epoch: 27/200	Train Loss: 0.0089	Val Accuracy: 8.42
Training Epoch: 28/200	Train Loss: 0.0111	Val Accuracy: 8.6
Training Epoch: 29/200	Train Loss: 0.0054	Val Accuracy: 8.6
Training Epoch: 30/200	Train Loss: 0.0058	Val Accuracy: 8.5
Training Epoch: 31/200	Train Loss: 0.0084	Val Accuracy: 8.5
Training Epoch: 32/200	Train Loss: 0.0042	Val Accuracy: 8.32
Training Epoch: 33/200	Train Loss: 0.0063	Val Accuracy: 8.32
Training Epoch: 34/200	Train Loss: 0.0071	Val Accuracy: 8.5
Training Epoch: 35/200	Train Loss: 0.0018	Val Accuracy: 8.5
Training Epoch: 36/200	Train Loss: 0.0047	Val Accuracy: 8.64
Training Epoch: 37/200	Train Loss: 0.0028	Val Accuracy: 8.64
Training Epoch: 38/200	Train Loss: 0.0276	Val Accuracy: 8.38
Training Epoch: 39/200	Train Loss: 0.0092	Val Accuracy: 8.38
Training Epoch: 40/200	Train Loss: 0.0061	Val Accuracy: 8.26
Training Epoch: 41/200	Train Loss: 0.0034	Val Accuracy: 8.26
Training Epoch: 42/200	Train Loss: 0.0015	Val Accuracy: 8.4
Training Epoch: 43/200	Train Loss: 0.0055	Val Accuracy: 8.4
Training Epoch: 44/200	Train Loss: 0.0422	Val Accuracy: 8.86
Training Epoch: 45/200	Train Loss: 0.0018	Val Accuracy: 8.86
Training Epoch: 46/200	Train Loss: 0.0066	Val Accuracy: 8.76
Training Epoch: 47/200	Train Loss: 0.0463	Val Accuracy: 8.76
Training Epoch: 48/200	Train Loss: 0.0071	Val Accuracy: 8.86
Training Epoch: 49/200	Train Loss: 0.0241	Val Accuracy: 8.86
Training Epoch: 50/200	Train Loss: 0.01	Val Accuracy: 8.5
Training Epoch: 51/200	Train Loss: 0.0304	Val Accuracy: 8.5
Training Epoch: 52/200	Train Loss: 0.0106	Val Accuracy: 8.58
Training Epoch: 53/200	Train Loss: 0.0111	Val Accuracy: 8.58
Training Epoch: 54/200	Train Loss: 0.0098	Val Accuracy: 8.78
Training Epoch: 55/200	Train Loss: 0.0056	Val Accuracy: 8.78
Training Epoch: 56/200	Train Loss: 0.0045	Val Accuracy: 8.28
Training Epoch: 57/200	Train Loss: 0.0157	Val Accuracy: 8.28
Training Epoch: 58/200	Train Loss: 0.0064	Val Accuracy: 9.12
Training Epoch: 59/200	Train Loss: 0.0037	Val Accuracy: 9.12
Training Epoch: 60/200	Train Loss: 0.0025	Val Accuracy: 8.98
Training Epoch: 61/200	Train Loss: 0.0027	Val Accuracy: 8.98
Training Epoch: 62/200	Train Loss: 0.0022	Val Accuracy: 8.48
Training Epoch: 63/200	Train Loss: 0.0033	Val Accuracy: 8.48
Training Epoch: 64/200	Train Loss: 0.0028	Val Accuracy: 8.22
Training Epoch: 65/200	Train Loss: 0.0086	Val Accuracy: 8.22
Training Epoch: 66/200	Train Loss: 0.0088	Val Accuracy: 8.7
Training Epoch: 67/200	Train Loss: 0.0018	Val Accuracy: 8.7
Training Epoch: 68/200	Train Loss: 0.0023	Val Accuracy: 8.86
Training Epoch: 69/200	Train Loss: 0.0024	Val Accuracy: 8.86
Training Epoch: 70/200	Train Loss: 0.0023	Val Accuracy: 9.24
Training Epoch: 71/200	Train Loss: 0.0052	Val Accuracy: 9.24
Training Epoch: 72/200	Train Loss: 0.0265	Val Accuracy: 8.98
Training Epoch: 73/200	Train Loss: 0.0116	Val Accuracy: 8.98
Training Epoch: 74/200	Train Loss: 0.0015	Val Accuracy: 8.7
Training Epoch: 75/200	Train Loss: 0.0067	Val Accuracy: 8.7
Training Epoch: 76/200	Train Loss: 0.003	Val Accuracy: 9.22
Training Epoch: 77/200	Train Loss: 0.0013	Val Accuracy: 9.22
Training Epoch: 78/200	Train Loss: 0.001	Val Accuracy: 9.0
Training Epoch: 79/200	Train Loss: 0.0027	Val Accuracy: 9.0
Training Epoch: 80/200	Train Loss: 0.0034	Val Accuracy: 8.9
Training Epoch: 81/200	Train Loss: 0.0048	Val Accuracy: 8.9
Training Epoch: 82/200	Train Loss: 0.0043	Val Accuracy: 8.86
Training Epoch: 83/200	Train Loss: 0.0019	Val Accuracy: 8.86
Training Epoch: 84/200	Train Loss: 0.0056	Val Accuracy: 9.24
Training Epoch: 85/200	Train Loss: 0.0033	Val Accuracy: 9.24
Training Epoch: 86/200	Train Loss: 0.0021	Val Accuracy: 9.08
Training Epoch: 87/200	Train Loss: 0.0009	Val Accuracy: 9.08
Training Epoch: 88/200	Train Loss: 0.0017	Val Accuracy: 8.7
Training Epoch: 89/200	Train Loss: 0.0007	Val Accuracy: 8.7
Training Epoch: 90/200	Train Loss: 0.0034	Val Accuracy: 8.96
Training Epoch: 91/200	Train Loss: 0.0011	Val Accuracy: 8.96
Training Epoch: 92/200	Train Loss: 0.0029	Val Accuracy: 9.04
Training Epoch: 93/200	Train Loss: 0.002	Val Accuracy: 9.04
Training Epoch: 94/200	Train Loss: 0.0008	Val Accuracy: 8.8
Training Epoch: 95/200	Train Loss: 0.0018	Val Accuracy: 8.8
Training Epoch: 96/200	Train Loss: 0.0011	Val Accuracy: 9.04
Training Epoch: 97/200	Train Loss: 0.0011	Val Accuracy: 9.04
Training Epoch: 98/200	Train Loss: 0.0009	Val Accuracy: 8.66
Training Epoch: 99/200	Train Loss: 0.0009	Val Accuracy: 8.66
Training Epoch: 100/200	Train Loss: 0.0007	Val Accuracy: 8.68
Training Epoch: 101/200	Train Loss: 0.0012	Val Accuracy: 8.68
Training Epoch: 102/200	Train Loss: 0.0022	Val Accuracy: 9.18
Training Epoch: 103/200	Train Loss: 0.0005	Val Accuracy: 9.18
Training Epoch: 104/200	Train Loss: 0.0009	Val Accuracy: 9.08
Training Epoch: 105/200	Train Loss: 0.0008	Val Accuracy: 9.08
Training Epoch: 106/200	Train Loss: 0.0006	Val Accuracy: 9.0
Training Epoch: 107/200	Train Loss: 0.0008	Val Accuracy: 9.0
Training Epoch: 108/200	Train Loss: 0.0012	Val Accuracy: 8.82
Training Epoch: 109/200	Train Loss: 0.0018	Val Accuracy: 8.82
Training Epoch: 110/200	Train Loss: 0.0013	Val Accuracy: 8.92
Training Epoch: 111/200	Train Loss: 0.0012	Val Accuracy: 8.92
Training Epoch: 112/200	Train Loss: 0.0011	Val Accuracy: 9.06
Training Epoch: 113/200	Train Loss: 0.0015	Val Accuracy: 9.06
Training Epoch: 114/200	Train Loss: 0.0007	Val Accuracy: 9.04
Training Epoch: 115/200	Train Loss: 0.0004	Val Accuracy: 9.04
Training Epoch: 116/200	Train Loss: 0.0013	Val Accuracy: 9.16
Training Epoch: 117/200	Train Loss: 0.0008	Val Accuracy: 9.16
Training Epoch: 118/200	Train Loss: 0.0004	Val Accuracy: 9.08
Training Epoch: 119/200	Train Loss: 0.0008	Val Accuracy: 9.08
Training Epoch: 120/200	Train Loss: 0.0016	Val Accuracy: 9.06
Training Epoch: 121/200	Train Loss: 0.0009	Val Accuracy: 9.06
Training Epoch: 122/200	Train Loss: 0.0009	Val Accuracy: 9.02
Training Epoch: 123/200	Train Loss: 0.0015	Val Accuracy: 9.02
Training Epoch: 124/200	Train Loss: 0.0009	Val Accuracy: 9.18
Training Epoch: 125/200	Train Loss: 0.0007	Val Accuracy: 9.18
Training Epoch: 126/200	Train Loss: 0.0007	Val Accuracy: 9.02
Training Epoch: 127/200	Train Loss: 0.0012	Val Accuracy: 9.02
Training Epoch: 128/200	Train Loss: 0.0009	Val Accuracy: 9.24
Training Epoch: 129/200	Train Loss: 0.0012	Val Accuracy: 9.24
Training Epoch: 130/200	Train Loss: 0.0052	Val Accuracy: 8.98
Training Epoch: 131/200	Train Loss: 0.0008	Val Accuracy: 8.98
Training Epoch: 132/200	Train Loss: 0.0009	Val Accuracy: 9.2
Training Epoch: 133/200	Train Loss: 0.0009	Val Accuracy: 9.2
Training Epoch: 134/200	Train Loss: 0.0007	Val Accuracy: 8.98
Training Epoch: 135/200	Train Loss: 0.0017	Val Accuracy: 8.98
Training Epoch: 136/200	Train Loss: 0.0006	Val Accuracy: 9.16
Training Epoch: 137/200	Train Loss: 0.0006	Val Accuracy: 9.16
Training Epoch: 138/200	Train Loss: 0.0008	Val Accuracy: 8.78
Training Epoch: 139/200	Train Loss: 0.0006	Val Accuracy: 8.78
Training Epoch: 140/200	Train Loss: 0.0009	Val Accuracy: 8.94
Training Epoch: 141/200	Train Loss: 0.0007	Val Accuracy: 8.94
Training Epoch: 142/200	Train Loss: 0.0013	Val Accuracy: 9.28
Training Epoch: 143/200	Train Loss: 0.0005	Val Accuracy: 9.28
Training Epoch: 144/200	Train Loss: 0.0004	Val Accuracy: 9.02
Training Epoch: 145/200	Train Loss: 0.0009	Val Accuracy: 9.02
Training Epoch: 146/200	Train Loss: 0.0011	Val Accuracy: 8.76
Training Epoch: 147/200	Train Loss: 0.0008	Val Accuracy: 8.76
Training Epoch: 148/200	Train Loss: 0.0007	Val Accuracy: 8.84
Training Epoch: 149/200	Train Loss: 0.0008	Val Accuracy: 8.84
Training Epoch: 150/200	Train Loss: 0.006	Val Accuracy: 8.76
Training Epoch: 151/200	Train Loss: 0.0006	Val Accuracy: 8.76
Training Epoch: 152/200	Train Loss: 0.0015	Val Accuracy: 8.72
Training Epoch: 153/200	Train Loss: 0.0014	Val Accuracy: 8.72
Training Epoch: 154/200	Train Loss: 0.0008	Val Accuracy: 9.12
Training Epoch: 155/200	Train Loss: 0.0008	Val Accuracy: 9.12
Training Epoch: 156/200	Train Loss: 0.0011	Val Accuracy: 8.94
Training Epoch: 157/200	Train Loss: 0.0011	Val Accuracy: 8.94
Training Epoch: 158/200	Train Loss: 0.0005	Val Accuracy: 9.12
Training Epoch: 159/200	Train Loss: 0.0008	Val Accuracy: 9.12
Training Epoch: 160/200	Train Loss: 0.0008	Val Accuracy: 9.42
Training Epoch: 161/200	Train Loss: 0.0005	Val Accuracy: 9.42
Training Epoch: 162/200	Train Loss: 0.0008	Val Accuracy: 9.26
Training Epoch: 163/200	Train Loss: 0.0013	Val Accuracy: 9.26
Training Epoch: 164/200	Train Loss: 0.0007	Val Accuracy: 8.98
Training Epoch: 165/200	Train Loss: 0.0052	Val Accuracy: 8.98
Training Epoch: 166/200	Train Loss: 0.0007	Val Accuracy: 9.08
Training Epoch: 167/200	Train Loss: 0.0037	Val Accuracy: 9.08
Training Epoch: 168/200	Train Loss: 0.008	Val Accuracy: 8.74
Training Epoch: 169/200	Train Loss: 0.0013	Val Accuracy: 8.74
Training Epoch: 170/200	Train Loss: 0.0013	Val Accuracy: 9.22
Training Epoch: 171/200	Train Loss: 0.0008	Val Accuracy: 9.22
Training Epoch: 172/200	Train Loss: 0.001	Val Accuracy: 8.94
Training Epoch: 173/200	Train Loss: 0.0008	Val Accuracy: 8.94
Training Epoch: 174/200	Train Loss: 0.0007	Val Accuracy: 9.44
Training Epoch: 175/200	Train Loss: 0.0008	Val Accuracy: 9.44
Training Epoch: 176/200	Train Loss: 0.0013	Val Accuracy: 8.84
Training Epoch: 177/200	Train Loss: 0.0007	Val Accuracy: 8.84
Training Epoch: 178/200	Train Loss: 0.0009	Val Accuracy: 9.02
Training Epoch: 179/200	Train Loss: 0.0008	Val Accuracy: 9.02
Training Epoch: 180/200	Train Loss: 0.0007	Val Accuracy: 9.5
Training Epoch: 181/200	Train Loss: 0.001	Val Accuracy: 9.5
Training Epoch: 182/200	Train Loss: 0.0013	Val Accuracy: 9.28
Training Epoch: 183/200	Train Loss: 0.0012	Val Accuracy: 9.28
Training Epoch: 184/200	Train Loss: 0.0005	Val Accuracy: 9.18
Training Epoch: 185/200	Train Loss: 0.0009	Val Accuracy: 9.18
Training Epoch: 186/200	Train Loss: 0.0005	Val Accuracy: 9.06
Training Epoch: 187/200	Train Loss: 0.001	Val Accuracy: 9.06
Training Epoch: 188/200	Train Loss: 0.0009	Val Accuracy: 9.14
Training Epoch: 189/200	Train Loss: 0.0006	Val Accuracy: 9.14
Training Epoch: 190/200	Train Loss: 0.0007	Val Accuracy: 9.58
Training Epoch: 191/200	Train Loss: 0.0011	Val Accuracy: 9.58
Training Epoch: 192/200	Train Loss: 0.0012	Val Accuracy: 9.46
Training Epoch: 193/200	Train Loss: 0.0011	Val Accuracy: 9.46
Training Epoch: 194/200	Train Loss: 0.0006	Val Accuracy: 9.34
Training Epoch: 195/200	Train Loss: 0.0005	Val Accuracy: 9.34
Training Epoch: 196/200	Train Loss: 0.0011	Val Accuracy: 8.88
Training Epoch: 197/200	Train Loss: 0.0005	Val Accuracy: 8.88
Training Epoch: 198/200	Train Loss: 0.0004	Val Accuracy: 8.78
Training Epoch: 199/200	Train Loss: 0.0027	Val Accuracy: 8.78
Training Epoch: 200/200	Train Loss: 0.0054	Val Accuracy: 9.16

Wrote Best Model Checkpoint to: vlBest_acc_9_model_epoch_0190.pyth

Best Validation Accuracy: 9.58
Best Epoch: 190

======== TESTING ========

Test Accuracy: 9.24.

======== ACTIVE SAMPLING ========

Extracting Lset Representations
len(dataLoader): 10
Extracting Uset Representations
len(dataLoader): 440
lb_repr.shape:  (1000, 2048)
ul_repr.shape:  (44000, 2048)
Solving K Center Greedy Approach
[GPU] Labeled.shape: torch.Size([1000, 2048])
[GPU] Unlabeled.shape: torch.Size([44000, 2048])
time taken: 0.000415802001953125 seconds
Time taken to solve K center: 0.1530284881591797 seconds
Active Sampling Complete. After Episode 19:
New Labeled Set: 1050, New Unlabeled Set: 43950, Active Set: 50

================================


Current accuracy values:  [2.8499999999999943, 2.989999999999995, 4.0, 4.060000000000002, 4.730000000000004, 4.609999999999999, 5.159999999999997, 5.730000000000004, 6.069999999999993, 6.430000000000007, 6.319999999999993, 7.299999999999997, 7.579999999999998, 7.530000000000001, 8.049999999999997, 8.260000000000005, 8.519999999999996, 8.75, 8.879999999999995, 9.239999999999995]
======== EPISODE 20 BEGINS ========

======== TRAINING ========
Training Epoch: 1/200	Train Loss: 0.1369	Val Accuracy: 0.0
Training Epoch: 2/200	Train Loss: 0.0725	Val Accuracy: 8.46
Training Epoch: 3/200	Train Loss: 0.0169	Val Accuracy: 8.46
Training Epoch: 4/200	Train Loss: 0.0277	Val Accuracy: 8.68
Training Epoch: 5/200	Train Loss: 0.0534	Val Accuracy: 8.68
Training Epoch: 6/200	Train Loss: 0.0378	Val Accuracy: 7.82
Training Epoch: 7/200	Train Loss: 0.0341	Val Accuracy: 7.82
Training Epoch: 8/200	Train Loss: 0.0791	Val Accuracy: 8.48
Training Epoch: 9/200	Train Loss: 0.0606	Val Accuracy: 8.48
Training Epoch: 10/200	Train Loss: 0.055	Val Accuracy: 7.96
Training Epoch: 11/200	Train Loss: 0.0287	Val Accuracy: 7.96
Training Epoch: 12/200	Train Loss: 0.0152	Val Accuracy: 8.5
Training Epoch: 13/200	Train Loss: 0.068	Val Accuracy: 8.5
Training Epoch: 14/200	Train Loss: 0.0421	Val Accuracy: 8.6
Training Epoch: 15/200	Train Loss: 0.0626	Val Accuracy: 8.6
Training Epoch: 16/200	Train Loss: 0.0134	Val Accuracy: 8.5
Training Epoch: 17/200	Train Loss: 0.0188	Val Accuracy: 8.5
Training Epoch: 18/200	Train Loss: 0.0092	Val Accuracy: 8.24
Training Epoch: 19/200	Train Loss: 0.0073	Val Accuracy: 8.24
Training Epoch: 20/200	Train Loss: 0.0402	Val Accuracy: 8.18
Training Epoch: 21/200	Train Loss: 0.005	Val Accuracy: 8.18
Training Epoch: 22/200	Train Loss: 0.0633	Val Accuracy: 8.7
Training Epoch: 23/200	Train Loss: 0.0251	Val Accuracy: 8.7
Training Epoch: 24/200	Train Loss: 0.0239	Val Accuracy: 9.22
Training Epoch: 25/200	Train Loss: 0.0125	Val Accuracy: 9.22
Training Epoch: 26/200	Train Loss: 0.0053	Val Accuracy: 8.42
Training Epoch: 27/200	Train Loss: 0.0033	Val Accuracy: 8.42
Training Epoch: 28/200	Train Loss: 0.0078	Val Accuracy: 8.36
Training Epoch: 29/200	Train Loss: 0.0067	Val Accuracy: 8.36
Training Epoch: 30/200	Train Loss: 0.1697	Val Accuracy: 9.28
Training Epoch: 31/200	Train Loss: 0.0062	Val Accuracy: 9.28
Training Epoch: 32/200	Train Loss: 0.0165	Val Accuracy: 8.48
Training Epoch: 33/200	Train Loss: 0.0053	Val Accuracy: 8.48
Training Epoch: 34/200	Train Loss: 0.0066	Val Accuracy: 8.68
Training Epoch: 35/200	Train Loss: 0.0071	Val Accuracy: 8.68
Training Epoch: 36/200	Train Loss: 0.0026	Val Accuracy: 8.5
Training Epoch: 37/200	Train Loss: 0.0074	Val Accuracy: 8.5
Training Epoch: 38/200	Train Loss: 0.0084	Val Accuracy: 8.44
Training Epoch: 39/200	Train Loss: 0.0073	Val Accuracy: 8.44
Training Epoch: 40/200	Train Loss: 0.004	Val Accuracy: 8.9
Training Epoch: 41/200	Train Loss: 0.0042	Val Accuracy: 8.9
Training Epoch: 42/200	Train Loss: 0.0227	Val Accuracy: 8.28
Training Epoch: 43/200	Train Loss: 0.0013	Val Accuracy: 8.28
Training Epoch: 44/200	Train Loss: 0.0034	Val Accuracy: 8.44
Training Epoch: 45/200	Train Loss: 0.0024	Val Accuracy: 8.44
Training Epoch: 46/200	Train Loss: 0.0076	Val Accuracy: 8.48
Training Epoch: 47/200	Train Loss: 0.0025	Val Accuracy: 8.48
Training Epoch: 48/200	Train Loss: 0.0039	Val Accuracy: 8.68
Training Epoch: 49/200	Train Loss: 0.0011	Val Accuracy: 8.68
Training Epoch: 50/200	Train Loss: 0.001	Val Accuracy: 8.9
Training Epoch: 51/200	Train Loss: 0.0058	Val Accuracy: 8.9
Training Epoch: 52/200	Train Loss: 0.0033	Val Accuracy: 8.74
Training Epoch: 53/200	Train Loss: 0.0034	Val Accuracy: 8.74
Training Epoch: 54/200	Train Loss: 0.0009	Val Accuracy: 9.34
Training Epoch: 55/200	Train Loss: 0.001	Val Accuracy: 9.34
Training Epoch: 56/200	Train Loss: 0.0019	Val Accuracy: 8.88
Training Epoch: 57/200	Train Loss: 0.0016	Val Accuracy: 8.88
Training Epoch: 58/200	Train Loss: 0.0008	Val Accuracy: 9.02
Training Epoch: 59/200	Train Loss: 0.0018	Val Accuracy: 9.02
Training Epoch: 60/200	Train Loss: 0.0015	Val Accuracy: 8.98
Training Epoch: 61/200	Train Loss: 0.0026	Val Accuracy: 8.98
Training Epoch: 62/200	Train Loss: 0.0012	Val Accuracy: 9.54
Training Epoch: 63/200	Train Loss: 0.002	Val Accuracy: 9.54
Training Epoch: 64/200	Train Loss: 0.0029	Val Accuracy: 9.06
Training Epoch: 65/200	Train Loss: 0.0011	Val Accuracy: 9.06
Training Epoch: 66/200	Train Loss: 0.0013	Val Accuracy: 9.3
Training Epoch: 67/200	Train Loss: 0.003	Val Accuracy: 9.3
Training Epoch: 68/200	Train Loss: 0.0018	Val Accuracy: 9.18
Training Epoch: 69/200	Train Loss: 0.0027	Val Accuracy: 9.18
Training Epoch: 70/200	Train Loss: 0.0094	Val Accuracy: 9.04
Training Epoch: 71/200	Train Loss: 0.0017	Val Accuracy: 9.04
Training Epoch: 72/200	Train Loss: 0.0027	Val Accuracy: 9.08
Training Epoch: 73/200	Train Loss: 0.0012	Val Accuracy: 9.08
Training Epoch: 74/200	Train Loss: 0.0071	Val Accuracy: 9.16
Training Epoch: 75/200	Train Loss: 0.0023	Val Accuracy: 9.16
Training Epoch: 76/200	Train Loss: 0.0008	Val Accuracy: 8.88
Training Epoch: 77/200	Train Loss: 0.0013	Val Accuracy: 8.88
Training Epoch: 78/200	Train Loss: 0.0017	Val Accuracy: 9.1
Training Epoch: 79/200	Train Loss: 0.0012	Val Accuracy: 9.1
Training Epoch: 80/200	Train Loss: 0.0026	Val Accuracy: 8.92
Training Epoch: 81/200	Train Loss: 0.0115	Val Accuracy: 8.92
Training Epoch: 82/200	Train Loss: 0.0014	Val Accuracy: 9.14
Training Epoch: 83/200	Train Loss: 0.0008	Val Accuracy: 9.14
Training Epoch: 84/200	Train Loss: 0.0008	Val Accuracy: 9.3
Training Epoch: 85/200	Train Loss: 0.0008	Val Accuracy: 9.3
Training Epoch: 86/200	Train Loss: 0.0013	Val Accuracy: 8.62
Training Epoch: 87/200	Train Loss: 0.0009	Val Accuracy: 8.62
Training Epoch: 88/200	Train Loss: 0.0016	Val Accuracy: 9.2
Training Epoch: 89/200	Train Loss: 0.001	Val Accuracy: 9.2
Training Epoch: 90/200	Train Loss: 0.0011	Val Accuracy: 9.08
Training Epoch: 91/200	Train Loss: 0.0017	Val Accuracy: 9.08
Training Epoch: 92/200	Train Loss: 0.0024	Val Accuracy: 8.9
Training Epoch: 93/200	Train Loss: 0.0016	Val Accuracy: 8.9
Training Epoch: 94/200	Train Loss: 0.0008	Val Accuracy: 8.68
Training Epoch: 95/200	Train Loss: 0.001	Val Accuracy: 8.68
Training Epoch: 96/200	Train Loss: 0.0013	Val Accuracy: 8.76
Training Epoch: 97/200	Train Loss: 0.0011	Val Accuracy: 8.76
Training Epoch: 98/200	Train Loss: 0.0008	Val Accuracy: 9.2
Training Epoch: 99/200	Train Loss: 0.0007	Val Accuracy: 9.2
Training Epoch: 100/200	Train Loss: 0.001	Val Accuracy: 8.74
Training Epoch: 101/200	Train Loss: 0.0006	Val Accuracy: 8.74
Training Epoch: 102/200	Train Loss: 0.0015	Val Accuracy: 9.34
Training Epoch: 103/200	Train Loss: 0.0007	Val Accuracy: 9.34
Training Epoch: 104/200	Train Loss: 0.0011	Val Accuracy: 9.0
Training Epoch: 105/200	Train Loss: 0.0009	Val Accuracy: 9.0
Training Epoch: 106/200	Train Loss: 0.0009	Val Accuracy: 9.22
Training Epoch: 107/200	Train Loss: 0.0006	Val Accuracy: 9.22
Training Epoch: 108/200	Train Loss: 0.0016	Val Accuracy: 9.08
Training Epoch: 109/200	Train Loss: 0.0014	Val Accuracy: 9.08
Training Epoch: 110/200	Train Loss: 0.0011	Val Accuracy: 9.56
Training Epoch: 111/200	Train Loss: 0.0011	Val Accuracy: 9.56
Training Epoch: 112/200	Train Loss: 0.0007	Val Accuracy: 9.14
Training Epoch: 113/200	Train Loss: 0.0013	Val Accuracy: 9.14
Training Epoch: 114/200	Train Loss: 0.001	Val Accuracy: 9.16
Training Epoch: 115/200	Train Loss: 0.0012	Val Accuracy: 9.16
Training Epoch: 116/200	Train Loss: 0.0009	Val Accuracy: 8.92
Training Epoch: 117/200	Train Loss: 0.0011	Val Accuracy: 8.92
Training Epoch: 118/200	Train Loss: 0.0012	Val Accuracy: 9.06
Training Epoch: 119/200	Train Loss: 0.0009	Val Accuracy: 9.06
Training Epoch: 120/200	Train Loss: 0.001	Val Accuracy: 9.04
Training Epoch: 121/200	Train Loss: 0.0007	Val Accuracy: 9.04
Training Epoch: 122/200	Train Loss: 0.0008	Val Accuracy: 9.0
Training Epoch: 123/200	Train Loss: 0.0009	Val Accuracy: 9.0
Training Epoch: 124/200	Train Loss: 0.0008	Val Accuracy: 9.26
Training Epoch: 125/200	Train Loss: 0.0008	Val Accuracy: 9.26
Training Epoch: 126/200	Train Loss: 0.0007	Val Accuracy: 9.16
Training Epoch: 127/200	Train Loss: 0.0009	Val Accuracy: 9.16
Training Epoch: 128/200	Train Loss: 0.0005	Val Accuracy: 9.2
Training Epoch: 129/200	Train Loss: 0.0009	Val Accuracy: 9.2
Training Epoch: 130/200	Train Loss: 0.0008	Val Accuracy: 9.06
Training Epoch: 131/200	Train Loss: 0.0008	Val Accuracy: 9.06
Training Epoch: 132/200	Train Loss: 0.0011	Val Accuracy: 8.96
Training Epoch: 133/200	Train Loss: 0.0007	Val Accuracy: 8.96
Training Epoch: 134/200	Train Loss: 0.0013	Val Accuracy: 9.28
Training Epoch: 135/200	Train Loss: 0.0025	Val Accuracy: 9.28
Training Epoch: 136/200	Train Loss: 0.0009	Val Accuracy: 9.2
Training Epoch: 137/200	Train Loss: 0.0008	Val Accuracy: 9.2
Training Epoch: 138/200	Train Loss: 0.0005	Val Accuracy: 9.4
Training Epoch: 139/200	Train Loss: 0.0007	Val Accuracy: 9.4
Training Epoch: 140/200	Train Loss: 0.0007	Val Accuracy: 9.18
Training Epoch: 141/200	Train Loss: 0.0008	Val Accuracy: 9.18
Training Epoch: 142/200	Train Loss: 0.001	Val Accuracy: 9.1
Training Epoch: 143/200	Train Loss: 0.0007	Val Accuracy: 9.1
Training Epoch: 144/200	Train Loss: 0.001	Val Accuracy: 8.82
Training Epoch: 145/200	Train Loss: 0.0007	Val Accuracy: 8.82
Training Epoch: 146/200	Train Loss: 0.0015	Val Accuracy: 9.02
Training Epoch: 147/200	Train Loss: 0.0009	Val Accuracy: 9.02
Training Epoch: 148/200	Train Loss: 0.0009	Val Accuracy: 8.78
Training Epoch: 149/200	Train Loss: 0.0017	Val Accuracy: 8.78
Training Epoch: 150/200	Train Loss: 0.0008	Val Accuracy: 9.48
Training Epoch: 151/200	Train Loss: 0.0012	Val Accuracy: 9.48
Training Epoch: 152/200	Train Loss: 0.0005	Val Accuracy: 9.42
Training Epoch: 153/200	Train Loss: 0.0016	Val Accuracy: 9.42
Training Epoch: 154/200	Train Loss: 0.001	Val Accuracy: 8.78
Training Epoch: 155/200	Train Loss: 0.0006	Val Accuracy: 8.78
Training Epoch: 156/200	Train Loss: 0.0006	Val Accuracy: 9.04
Training Epoch: 157/200	Train Loss: 0.0006	Val Accuracy: 9.04
Training Epoch: 158/200	Train Loss: 0.001	Val Accuracy: 8.86
Training Epoch: 159/200	Train Loss: 0.0011	Val Accuracy: 8.86
Training Epoch: 160/200	Train Loss: 0.0008	Val Accuracy: 8.96
Training Epoch: 161/200	Train Loss: 0.0007	Val Accuracy: 8.96
Training Epoch: 162/200	Train Loss: 0.001	Val Accuracy: 8.84
Training Epoch: 163/200	Train Loss: 0.0008	Val Accuracy: 8.84
Training Epoch: 164/200	Train Loss: 0.0005	Val Accuracy: 9.2
Training Epoch: 165/200	Train Loss: 0.0013	Val Accuracy: 9.2
Training Epoch: 166/200	Train Loss: 0.0011	Val Accuracy: 9.4
Training Epoch: 167/200	Train Loss: 0.0007	Val Accuracy: 9.4
Training Epoch: 168/200	Train Loss: 0.0011	Val Accuracy: 8.98
Training Epoch: 169/200	Train Loss: 0.0009	Val Accuracy: 8.98
Training Epoch: 170/200	Train Loss: 0.0008	Val Accuracy: 8.72
Training Epoch: 171/200	Train Loss: 0.0008	Val Accuracy: 8.72
Training Epoch: 172/200	Train Loss: 0.0009	Val Accuracy: 9.52
Training Epoch: 173/200	Train Loss: 0.0006	Val Accuracy: 9.52
Training Epoch: 174/200	Train Loss: 0.0014	Val Accuracy: 9.3
Training Epoch: 175/200	Train Loss: 0.001	Val Accuracy: 9.3
Training Epoch: 176/200	Train Loss: 0.001	Val Accuracy: 9.26
Training Epoch: 177/200	Train Loss: 0.0017	Val Accuracy: 9.26
Training Epoch: 178/200	Train Loss: 0.0011	Val Accuracy: 8.9
Training Epoch: 179/200	Train Loss: 0.0013	Val Accuracy: 8.9
Training Epoch: 180/200	Train Loss: 0.0017	Val Accuracy: 9.4
Training Epoch: 181/200	Train Loss: 0.0005	Val Accuracy: 9.4
Training Epoch: 182/200	Train Loss: 0.0007	Val Accuracy: 9.08
Training Epoch: 183/200	Train Loss: 0.0007	Val Accuracy: 9.08
Training Epoch: 184/200	Train Loss: 0.0047	Val Accuracy: 9.2
Training Epoch: 185/200	Train Loss: 0.0007	Val Accuracy: 9.2
Training Epoch: 186/200	Train Loss: 0.0007	Val Accuracy: 9.18
Training Epoch: 187/200	Train Loss: 0.0009	Val Accuracy: 9.18
Training Epoch: 188/200	Train Loss: 0.0005	Val Accuracy: 8.94
Training Epoch: 189/200	Train Loss: 0.0005	Val Accuracy: 8.94
Training Epoch: 190/200	Train Loss: 0.0004	Val Accuracy: 9.54
Training Epoch: 191/200	Train Loss: 0.001	Val Accuracy: 9.54
Training Epoch: 192/200	Train Loss: 0.0004	Val Accuracy: 8.9
Training Epoch: 193/200	Train Loss: 0.0014	Val Accuracy: 8.9
Training Epoch: 194/200	Train Loss: 0.0006	Val Accuracy: 9.22
Training Epoch: 195/200	Train Loss: 0.0006	Val Accuracy: 9.22
Training Epoch: 196/200	Train Loss: 0.0006	Val Accuracy: 9.26
Training Epoch: 197/200	Train Loss: 0.0009	Val Accuracy: 9.26
Training Epoch: 198/200	Train Loss: 0.0008	Val Accuracy: 8.92
Training Epoch: 199/200	Train Loss: 0.0005	Val Accuracy: 8.92
Training Epoch: 200/200	Train Loss: 0.0009	Val Accuracy: 9.6

Wrote Best Model Checkpoint to: vlBest_acc_9_model_epoch_0200.pyth

Best Validation Accuracy: 9.6
Best Epoch: 200

======== TESTING ========

Test Accuracy: 9.49.

======== ACTIVE SAMPLING ========

Extracting Lset Representations
len(dataLoader): 11
Extracting Uset Representations
len(dataLoader): 440
lb_repr.shape:  (1050, 2048)
ul_repr.shape:  (43950, 2048)
Solving K Center Greedy Approach
[GPU] Labeled.shape: torch.Size([1050, 2048])
[GPU] Unlabeled.shape: torch.Size([43950, 2048])
time taken: 0.0004291534423828125 seconds
Time taken to solve K center: 0.1541597843170166 seconds
Active Sampling Complete. After Episode 20:
New Labeled Set: 1100, New Unlabeled Set: 43900, Active Set: 50

================================


Current accuracy values:  [2.8499999999999943, 2.989999999999995, 4.0, 4.060000000000002, 4.730000000000004, 4.609999999999999, 5.159999999999997, 5.730000000000004, 6.069999999999993, 6.430000000000007, 6.319999999999993, 7.299999999999997, 7.579999999999998, 7.530000000000001, 8.049999999999997, 8.260000000000005, 8.519999999999996, 8.75, 8.879999999999995, 9.239999999999995, 9.489999999999995]
======== EPISODE 21 BEGINS ========

======== TRAINING ========
Training Epoch: 1/200	Train Loss: 0.4375	Val Accuracy: 0.0
Training Epoch: 2/200	Train Loss: 0.216	Val Accuracy: 7.92
Training Epoch: 3/200	Train Loss: 0.0478	Val Accuracy: 7.92
Training Epoch: 4/200	Train Loss: 0.11	Val Accuracy: 8.2
Training Epoch: 5/200	Train Loss: 0.0174	Val Accuracy: 8.2
Training Epoch: 6/200	Train Loss: 0.0495	Val Accuracy: 8.76
Training Epoch: 7/200	Train Loss: 0.1951	Val Accuracy: 8.76
Training Epoch: 8/200	Train Loss: 0.0525	Val Accuracy: 7.76
Training Epoch: 9/200	Train Loss: 0.1151	Val Accuracy: 7.76
Training Epoch: 10/200	Train Loss: 0.059	Val Accuracy: 8.06
Training Epoch: 11/200	Train Loss: 0.0242	Val Accuracy: 8.06
Training Epoch: 12/200	Train Loss: 0.0393	Val Accuracy: 9.06
Training Epoch: 13/200	Train Loss: 0.0122	Val Accuracy: 9.06
Training Epoch: 14/200	Train Loss: 0.0726	Val Accuracy: 8.56
Training Epoch: 15/200	Train Loss: 0.0439	Val Accuracy: 8.56
Training Epoch: 16/200	Train Loss: 0.0211	Val Accuracy: 7.88
Training Epoch: 17/200	Train Loss: 0.0114	Val Accuracy: 7.88
Training Epoch: 18/200	Train Loss: 0.0214	Val Accuracy: 8.9
Training Epoch: 19/200	Train Loss: 0.0206	Val Accuracy: 8.9
Training Epoch: 20/200	Train Loss: 0.028	Val Accuracy: 8.42
Training Epoch: 21/200	Train Loss: 0.0612	Val Accuracy: 8.42
Training Epoch: 22/200	Train Loss: 0.0083	Val Accuracy: 8.96
Training Epoch: 23/200	Train Loss: 0.0096	Val Accuracy: 8.96
Training Epoch: 24/200	Train Loss: 0.0481	Val Accuracy: 9.04
Training Epoch: 25/200	Train Loss: 0.0197	Val Accuracy: 9.04
Training Epoch: 26/200	Train Loss: 0.0039	Val Accuracy: 8.62
Training Epoch: 27/200	Train Loss: 0.01	Val Accuracy: 8.62
Training Epoch: 28/200	Train Loss: 0.0107	Val Accuracy: 9.24
Training Epoch: 29/200	Train Loss: 0.0075	Val Accuracy: 9.24
Training Epoch: 30/200	Train Loss: 0.0045	Val Accuracy: 9.02
Training Epoch: 31/200	Train Loss: 0.005	Val Accuracy: 9.02
Training Epoch: 32/200	Train Loss: 0.0022	Val Accuracy: 8.58
Training Epoch: 33/200	Train Loss: 0.0117	Val Accuracy: 8.58
Training Epoch: 34/200	Train Loss: 0.0039	Val Accuracy: 8.88
Training Epoch: 35/200	Train Loss: 0.0106	Val Accuracy: 8.88
Training Epoch: 36/200	Train Loss: 0.0103	Val Accuracy: 8.9
Training Epoch: 37/200	Train Loss: 0.0034	Val Accuracy: 8.9
Training Epoch: 38/200	Train Loss: 0.002	Val Accuracy: 8.78
Training Epoch: 39/200	Train Loss: 0.1361	Val Accuracy: 8.78
Training Epoch: 40/200	Train Loss: 0.0026	Val Accuracy: 8.88
Training Epoch: 41/200	Train Loss: 0.0061	Val Accuracy: 8.88
Training Epoch: 42/200	Train Loss: 0.006	Val Accuracy: 9.02
Training Epoch: 43/200	Train Loss: 0.004	Val Accuracy: 9.02
Training Epoch: 44/200	Train Loss: 0.0023	Val Accuracy: 8.86
Training Epoch: 45/200	Train Loss: 0.0025	Val Accuracy: 8.86
Training Epoch: 46/200	Train Loss: 0.0019	Val Accuracy: 9.0
Training Epoch: 47/200	Train Loss: 0.0076	Val Accuracy: 9.0
Training Epoch: 48/200	Train Loss: 0.0019	Val Accuracy: 9.38
Training Epoch: 49/200	Train Loss: 0.0061	Val Accuracy: 9.38
Training Epoch: 50/200	Train Loss: 0.0045	Val Accuracy: 9.0
Training Epoch: 51/200	Train Loss: 0.006	Val Accuracy: 9.0
Training Epoch: 52/200	Train Loss: 0.001	Val Accuracy: 9.14
Training Epoch: 53/200	Train Loss: 0.0028	Val Accuracy: 9.14
Training Epoch: 54/200	Train Loss: 0.0008	Val Accuracy: 9.08
Training Epoch: 55/200	Train Loss: 0.0016	Val Accuracy: 9.08
Training Epoch: 56/200	Train Loss: 0.0034	Val Accuracy: 8.7
Training Epoch: 57/200	Train Loss: 0.0014	Val Accuracy: 8.7
Training Epoch: 58/200	Train Loss: 0.0019	Val Accuracy: 9.42
Training Epoch: 59/200	Train Loss: 0.0015	Val Accuracy: 9.42
Training Epoch: 60/200	Train Loss: 0.0636	Val Accuracy: 9.12
Training Epoch: 61/200	Train Loss: 0.0034	Val Accuracy: 9.12
Training Epoch: 62/200	Train Loss: 0.0018	Val Accuracy: 9.18
Training Epoch: 63/200	Train Loss: 0.0044	Val Accuracy: 9.18
Training Epoch: 64/200	Train Loss: 0.0156	Val Accuracy: 9.28
Training Epoch: 65/200	Train Loss: 0.0032	Val Accuracy: 9.28
Training Epoch: 66/200	Train Loss: 0.0408	Val Accuracy: 9.4
Training Epoch: 67/200	Train Loss: 0.0018	Val Accuracy: 9.4
Training Epoch: 68/200	Train Loss: 0.0012	Val Accuracy: 9.14
Training Epoch: 69/200	Train Loss: 0.0021	Val Accuracy: 9.14
Training Epoch: 70/200	Train Loss: 0.0017	Val Accuracy: 9.22
Training Epoch: 71/200	Train Loss: 0.0089	Val Accuracy: 9.22
Training Epoch: 72/200	Train Loss: 0.0197	Val Accuracy: 9.04
Training Epoch: 73/200	Train Loss: 0.0008	Val Accuracy: 9.04
Training Epoch: 74/200	Train Loss: 0.0016	Val Accuracy: 9.12
Training Epoch: 75/200	Train Loss: 0.0012	Val Accuracy: 9.12
Training Epoch: 76/200	Train Loss: 0.0039	Val Accuracy: 9.0
Training Epoch: 77/200	Train Loss: 0.0017	Val Accuracy: 9.0
Training Epoch: 78/200	Train Loss: 0.0011	Val Accuracy: 9.1
Training Epoch: 79/200	Train Loss: 0.0013	Val Accuracy: 9.1
Training Epoch: 80/200	Train Loss: 0.0036	Val Accuracy: 9.58
Training Epoch: 81/200	Train Loss: 0.0014	Val Accuracy: 9.58
Training Epoch: 82/200	Train Loss: 0.0015	Val Accuracy: 8.98
Training Epoch: 83/200	Train Loss: 0.002	Val Accuracy: 8.98
Training Epoch: 84/200	Train Loss: 0.0024	Val Accuracy: 8.9
Training Epoch: 85/200	Train Loss: 0.0014	Val Accuracy: 8.9
Training Epoch: 86/200	Train Loss: 0.0009	Val Accuracy: 9.04
Training Epoch: 87/200	Train Loss: 0.0019	Val Accuracy: 9.04
Training Epoch: 88/200	Train Loss: 0.0008	Val Accuracy: 8.96
Training Epoch: 89/200	Train Loss: 0.001	Val Accuracy: 8.96
Training Epoch: 90/200	Train Loss: 0.0011	Val Accuracy: 9.28
Training Epoch: 91/200	Train Loss: 0.0007	Val Accuracy: 9.28
Training Epoch: 92/200	Train Loss: 0.001	Val Accuracy: 9.12
Training Epoch: 93/200	Train Loss: 0.0015	Val Accuracy: 9.12
Training Epoch: 94/200	Train Loss: 0.0007	Val Accuracy: 9.36
Training Epoch: 95/200	Train Loss: 0.0015	Val Accuracy: 9.36
Training Epoch: 96/200	Train Loss: 0.0011	Val Accuracy: 9.48
Training Epoch: 97/200	Train Loss: 0.0017	Val Accuracy: 9.48
Training Epoch: 98/200	Train Loss: 0.0021	Val Accuracy: 9.34
Training Epoch: 99/200	Train Loss: 0.001	Val Accuracy: 9.34
Training Epoch: 100/200	Train Loss: 0.0013	Val Accuracy: 9.32
Training Epoch: 101/200	Train Loss: 0.0007	Val Accuracy: 9.32
Training Epoch: 102/200	Train Loss: 0.0011	Val Accuracy: 9.62
Training Epoch: 103/200	Train Loss: 0.0009	Val Accuracy: 9.62
Training Epoch: 104/200	Train Loss: 0.0013	Val Accuracy: 8.94
Training Epoch: 105/200	Train Loss: 0.001	Val Accuracy: 8.94
Training Epoch: 106/200	Train Loss: 0.0015	Val Accuracy: 9.14
Training Epoch: 107/200	Train Loss: 0.0009	Val Accuracy: 9.14
Training Epoch: 108/200	Train Loss: 0.0006	Val Accuracy: 9.42
Training Epoch: 109/200	Train Loss: 0.0012	Val Accuracy: 9.42
Training Epoch: 110/200	Train Loss: 0.0009	Val Accuracy: 9.38
Training Epoch: 111/200	Train Loss: 0.0011	Val Accuracy: 9.38
Training Epoch: 112/200	Train Loss: 0.0016	Val Accuracy: 9.38
Training Epoch: 113/200	Train Loss: 0.004	Val Accuracy: 9.38
Training Epoch: 114/200	Train Loss: 0.0012	Val Accuracy: 9.32
Training Epoch: 115/200	Train Loss: 0.0015	Val Accuracy: 9.32
Training Epoch: 116/200	Train Loss: 0.0008	Val Accuracy: 9.62
Training Epoch: 117/200	Train Loss: 0.001	Val Accuracy: 9.62
Training Epoch: 118/200	Train Loss: 0.0006	Val Accuracy: 9.16
Training Epoch: 119/200	Train Loss: 0.0008	Val Accuracy: 9.16
Training Epoch: 120/200	Train Loss: 0.0014	Val Accuracy: 9.04
Training Epoch: 121/200	Train Loss: 0.0012	Val Accuracy: 9.04
Training Epoch: 122/200	Train Loss: 0.001	Val Accuracy: 9.66
Training Epoch: 123/200	Train Loss: 0.001	Val Accuracy: 9.66
Training Epoch: 124/200	Train Loss: 0.0013	Val Accuracy: 9.74
Training Epoch: 125/200	Train Loss: 0.0009	Val Accuracy: 9.74
Training Epoch: 126/200	Train Loss: 0.0015	Val Accuracy: 8.92
Training Epoch: 127/200	Train Loss: 0.0011	Val Accuracy: 8.92
Training Epoch: 128/200	Train Loss: 0.0011	Val Accuracy: 9.14
Training Epoch: 129/200	Train Loss: 0.0011	Val Accuracy: 9.14
Training Epoch: 130/200	Train Loss: 0.0009	Val Accuracy: 9.24
Training Epoch: 131/200	Train Loss: 0.001	Val Accuracy: 9.24
Training Epoch: 132/200	Train Loss: 0.0013	Val Accuracy: 9.62
Training Epoch: 133/200	Train Loss: 0.0012	Val Accuracy: 9.62
Training Epoch: 134/200	Train Loss: 0.0012	Val Accuracy: 9.52
Training Epoch: 135/200	Train Loss: 0.0008	Val Accuracy: 9.52
Training Epoch: 136/200	Train Loss: 0.0017	Val Accuracy: 9.62
Training Epoch: 137/200	Train Loss: 0.0008	Val Accuracy: 9.62
Training Epoch: 138/200	Train Loss: 0.0018	Val Accuracy: 9.28
Training Epoch: 139/200	Train Loss: 0.0011	Val Accuracy: 9.28
Training Epoch: 140/200	Train Loss: 0.0008	Val Accuracy: 9.64
Training Epoch: 141/200	Train Loss: 0.0026	Val Accuracy: 9.64
Training Epoch: 142/200	Train Loss: 0.0018	Val Accuracy: 9.54
Training Epoch: 143/200	Train Loss: 0.0015	Val Accuracy: 9.54
Training Epoch: 144/200	Train Loss: 0.001	Val Accuracy: 9.72
Training Epoch: 145/200	Train Loss: 0.0007	Val Accuracy: 9.72
Training Epoch: 146/200	Train Loss: 0.0018	Val Accuracy: 9.82
Training Epoch: 147/200	Train Loss: 0.0009	Val Accuracy: 9.82
Training Epoch: 148/200	Train Loss: 0.0011	Val Accuracy: 9.04
Training Epoch: 149/200	Train Loss: 0.0009	Val Accuracy: 9.04
Training Epoch: 150/200	Train Loss: 0.0007	Val Accuracy: 9.34
Training Epoch: 151/200	Train Loss: 0.001	Val Accuracy: 9.34
Training Epoch: 152/200	Train Loss: 0.0011	Val Accuracy: 9.34
Training Epoch: 153/200	Train Loss: 0.0009	Val Accuracy: 9.34
Training Epoch: 154/200	Train Loss: 0.0013	Val Accuracy: 9.04
Training Epoch: 155/200	Train Loss: 0.0007	Val Accuracy: 9.04
Training Epoch: 156/200	Train Loss: 0.0011	Val Accuracy: 9.28
Training Epoch: 157/200	Train Loss: 0.0006	Val Accuracy: 9.28
Training Epoch: 158/200	Train Loss: 0.0011	Val Accuracy: 9.3
Training Epoch: 159/200	Train Loss: 0.0021	Val Accuracy: 9.3
Training Epoch: 160/200	Train Loss: 0.001	Val Accuracy: 9.74
Training Epoch: 161/200	Train Loss: 0.001	Val Accuracy: 9.74
Training Epoch: 162/200	Train Loss: 0.0007	Val Accuracy: 9.56
Training Epoch: 163/200	Train Loss: 0.0006	Val Accuracy: 9.56
Training Epoch: 164/200	Train Loss: 0.0006	Val Accuracy: 9.8
Training Epoch: 165/200	Train Loss: 0.0009	Val Accuracy: 9.8
Training Epoch: 166/200	Train Loss: 0.001	Val Accuracy: 9.38
Training Epoch: 167/200	Train Loss: 0.0009	Val Accuracy: 9.38
Training Epoch: 168/200	Train Loss: 0.0015	Val Accuracy: 9.54
Training Epoch: 169/200	Train Loss: 0.0013	Val Accuracy: 9.54
Training Epoch: 170/200	Train Loss: 0.001	Val Accuracy: 9.36
Training Epoch: 171/200	Train Loss: 0.0012	Val Accuracy: 9.36
Training Epoch: 172/200	Train Loss: 0.0009	Val Accuracy: 9.7
Training Epoch: 173/200	Train Loss: 0.0007	Val Accuracy: 9.7
Training Epoch: 174/200	Train Loss: 0.0015	Val Accuracy: 9.32
Training Epoch: 175/200	Train Loss: 0.0011	Val Accuracy: 9.32
Training Epoch: 176/200	Train Loss: 0.001	Val Accuracy: 9.18
Training Epoch: 177/200	Train Loss: 0.001	Val Accuracy: 9.18
Training Epoch: 178/200	Train Loss: 0.0007	Val Accuracy: 9.24
Training Epoch: 179/200	Train Loss: 0.0012	Val Accuracy: 9.24
Training Epoch: 180/200	Train Loss: 0.0007	Val Accuracy: 8.94
Training Epoch: 181/200	Train Loss: 0.0011	Val Accuracy: 8.94
Training Epoch: 182/200	Train Loss: 0.0008	Val Accuracy: 9.32
Training Epoch: 183/200	Train Loss: 0.001	Val Accuracy: 9.32
Training Epoch: 184/200	Train Loss: 0.0009	Val Accuracy: 9.02
Training Epoch: 185/200	Train Loss: 0.0016	Val Accuracy: 9.02
Training Epoch: 186/200	Train Loss: 0.0012	Val Accuracy: 9.82
Training Epoch: 187/200	Train Loss: 0.0009	Val Accuracy: 9.82
Training Epoch: 188/200	Train Loss: 0.0008	Val Accuracy: 9.38
Training Epoch: 189/200	Train Loss: 0.0019	Val Accuracy: 9.38
Training Epoch: 190/200	Train Loss: 0.0007	Val Accuracy: 9.36
Training Epoch: 191/200	Train Loss: 0.001	Val Accuracy: 9.36
Training Epoch: 192/200	Train Loss: 0.0016	Val Accuracy: 9.58
Training Epoch: 193/200	Train Loss: 0.0014	Val Accuracy: 9.58
Training Epoch: 194/200	Train Loss: 0.0009	Val Accuracy: 9.34
Training Epoch: 195/200	Train Loss: 0.0012	Val Accuracy: 9.34
Training Epoch: 196/200	Train Loss: 0.0009	Val Accuracy: 9.38
Training Epoch: 197/200	Train Loss: 0.0008	Val Accuracy: 9.38
Training Epoch: 198/200	Train Loss: 0.0013	Val Accuracy: 9.42
Training Epoch: 199/200	Train Loss: 0.0014	Val Accuracy: 9.42
Training Epoch: 200/200	Train Loss: 0.0007	Val Accuracy: 9.88

Wrote Best Model Checkpoint to: vlBest_acc_9_model_epoch_0200.pyth

Best Validation Accuracy: 9.88
Best Epoch: 200

======== TESTING ========

Test Accuracy: 9.93.

======== ACTIVE SAMPLING ========

Extracting Lset Representations
len(dataLoader): 11
Extracting Uset Representations
len(dataLoader): 439
lb_repr.shape:  (1100, 2048)
ul_repr.shape:  (43900, 2048)
Solving K Center Greedy Approach
[GPU] Labeled.shape: torch.Size([1100, 2048])
[GPU] Unlabeled.shape: torch.Size([43900, 2048])
time taken: 0.000392913818359375 seconds
Time taken to solve K center: 0.15404343605041504 seconds
Active Sampling Complete. After Episode 21:
New Labeled Set: 1150, New Unlabeled Set: 43850, Active Set: 50

================================


Current accuracy values:  [2.8499999999999943, 2.989999999999995, 4.0, 4.060000000000002, 4.730000000000004, 4.609999999999999, 5.159999999999997, 5.730000000000004, 6.069999999999993, 6.430000000000007, 6.319999999999993, 7.299999999999997, 7.579999999999998, 7.530000000000001, 8.049999999999997, 8.260000000000005, 8.519999999999996, 8.75, 8.879999999999995, 9.239999999999995, 9.489999999999995, 9.930000000000007]
======== EPISODE 22 BEGINS ========

======== TRAINING ========
Training Epoch: 1/200	Train Loss: 0.2214	Val Accuracy: 0.0
Training Epoch: 2/200	Train Loss: 0.1904	Val Accuracy: 8.5
Training Epoch: 3/200	Train Loss: 0.1608	Val Accuracy: 8.5
Training Epoch: 4/200	Train Loss: 0.0496	Val Accuracy: 8.5
Training Epoch: 5/200	Train Loss: 0.1117	Val Accuracy: 8.5
Training Epoch: 6/200	Train Loss: 0.1102	Val Accuracy: 8.66
Training Epoch: 7/200	Train Loss: 0.1285	Val Accuracy: 8.66
Training Epoch: 8/200	Train Loss: 0.1045	Val Accuracy: 8.24
Training Epoch: 9/200	Train Loss: 0.0852	Val Accuracy: 8.24
Training Epoch: 10/200	Train Loss: 0.0207	Val Accuracy: 8.66
Training Epoch: 11/200	Train Loss: 0.0618	Val Accuracy: 8.66
Training Epoch: 12/200	Train Loss: 0.0299	Val Accuracy: 8.6
Training Epoch: 13/200	Train Loss: 0.0374	Val Accuracy: 8.6
Training Epoch: 14/200	Train Loss: 0.2056	Val Accuracy: 8.06
Training Epoch: 15/200	Train Loss: 0.0195	Val Accuracy: 8.06
Training Epoch: 16/200	Train Loss: 0.037	Val Accuracy: 8.4
Training Epoch: 17/200	Train Loss: 0.0235	Val Accuracy: 8.4
Training Epoch: 18/200	Train Loss: 0.0155	Val Accuracy: 8.94
Training Epoch: 19/200	Train Loss: 0.0195	Val Accuracy: 8.94
Training Epoch: 20/200	Train Loss: 0.1058	Val Accuracy: 8.4
Training Epoch: 21/200	Train Loss: 0.0227	Val Accuracy: 8.4
Training Epoch: 22/200	Train Loss: 0.0628	Val Accuracy: 8.64
Training Epoch: 23/200	Train Loss: 0.0192	Val Accuracy: 8.64
Training Epoch: 24/200	Train Loss: 0.0514	Val Accuracy: 9.16
Training Epoch: 25/200	Train Loss: 0.0219	Val Accuracy: 9.16
Training Epoch: 26/200	Train Loss: 0.0195	Val Accuracy: 8.88
Training Epoch: 27/200	Train Loss: 0.0309	Val Accuracy: 8.88
Training Epoch: 28/200	Train Loss: 0.0488	Val Accuracy: 9.02
Training Epoch: 29/200	Train Loss: 0.0502	Val Accuracy: 9.02
Training Epoch: 30/200	Train Loss: 0.0866	Val Accuracy: 8.48
Training Epoch: 31/200	Train Loss: 0.1415	Val Accuracy: 8.48
Training Epoch: 32/200	Train Loss: 0.1761	Val Accuracy: 8.08
Training Epoch: 33/200	Train Loss: 0.2211	Val Accuracy: 8.08
Training Epoch: 34/200	Train Loss: 0.0269	Val Accuracy: 8.28
Training Epoch: 35/200	Train Loss: 0.0109	Val Accuracy: 8.28
Training Epoch: 36/200	Train Loss: 0.0063	Val Accuracy: 8.66
Training Epoch: 37/200	Train Loss: 0.0081	Val Accuracy: 8.66
Training Epoch: 38/200	Train Loss: 0.0482	Val Accuracy: 9.64
Training Epoch: 39/200	Train Loss: 0.0071	Val Accuracy: 9.64
Training Epoch: 40/200	Train Loss: 0.0053	Val Accuracy: 9.0
Training Epoch: 41/200	Train Loss: 0.0091	Val Accuracy: 9.0
Training Epoch: 42/200	Train Loss: 0.0024	Val Accuracy: 9.54
Training Epoch: 43/200	Train Loss: 0.0934	Val Accuracy: 9.54
Training Epoch: 44/200	Train Loss: 0.0037	Val Accuracy: 9.34
Training Epoch: 45/200	Train Loss: 0.027	Val Accuracy: 9.34
Training Epoch: 46/200	Train Loss: 0.0027	Val Accuracy: 9.38
Training Epoch: 47/200	Train Loss: 0.0086	Val Accuracy: 9.38
Training Epoch: 48/200	Train Loss: 0.0048	Val Accuracy: 9.18
Training Epoch: 49/200	Train Loss: 0.0024	Val Accuracy: 9.18
Training Epoch: 50/200	Train Loss: 0.0058	Val Accuracy: 9.82
Training Epoch: 51/200	Train Loss: 0.0053	Val Accuracy: 9.82
Training Epoch: 52/200	Train Loss: 0.0024	Val Accuracy: 9.6
Training Epoch: 53/200	Train Loss: 0.0038	Val Accuracy: 9.6
Training Epoch: 54/200	Train Loss: 0.0017	Val Accuracy: 9.4
Training Epoch: 55/200	Train Loss: 0.0019	Val Accuracy: 9.4
Training Epoch: 56/200	Train Loss: 0.003	Val Accuracy: 9.24
Training Epoch: 57/200	Train Loss: 0.0026	Val Accuracy: 9.24
Training Epoch: 58/200	Train Loss: 0.0035	Val Accuracy: 8.8
Training Epoch: 59/200	Train Loss: 0.0024	Val Accuracy: 8.8
Training Epoch: 60/200	Train Loss: 0.002	Val Accuracy: 9.48
Training Epoch: 61/200	Train Loss: 0.0015	Val Accuracy: 9.48
Training Epoch: 62/200	Train Loss: 0.0013	Val Accuracy: 9.38
Training Epoch: 63/200	Train Loss: 0.001	Val Accuracy: 9.38
Training Epoch: 64/200	Train Loss: 0.0023	Val Accuracy: 9.62
Training Epoch: 65/200	Train Loss: 0.0015	Val Accuracy: 9.62
Training Epoch: 66/200	Train Loss: 0.0016	Val Accuracy: 9.5
Training Epoch: 67/200	Train Loss: 0.0071	Val Accuracy: 9.5
Training Epoch: 68/200	Train Loss: 0.0023	Val Accuracy: 9.54
Training Epoch: 69/200	Train Loss: 0.0029	Val Accuracy: 9.54
Training Epoch: 70/200	Train Loss: 0.0023	Val Accuracy: 9.94
Training Epoch: 71/200	Train Loss: 0.0028	Val Accuracy: 9.94
Training Epoch: 72/200	Train Loss: 0.0017	Val Accuracy: 9.42
Training Epoch: 73/200	Train Loss: 0.0023	Val Accuracy: 9.42
Training Epoch: 74/200	Train Loss: 0.0012	Val Accuracy: 9.26
Training Epoch: 75/200	Train Loss: 0.0013	Val Accuracy: 9.26
Training Epoch: 76/200	Train Loss: 0.0022	Val Accuracy: 9.34
Training Epoch: 77/200	Train Loss: 0.0009	Val Accuracy: 9.34
Training Epoch: 78/200	Train Loss: 0.0009	Val Accuracy: 9.8
Training Epoch: 79/200	Train Loss: 0.001	Val Accuracy: 9.8
Training Epoch: 80/200	Train Loss: 0.002	Val Accuracy: 9.38
Training Epoch: 81/200	Train Loss: 0.0013	Val Accuracy: 9.38
Training Epoch: 82/200	Train Loss: 0.0009	Val Accuracy: 9.54
Training Epoch: 83/200	Train Loss: 0.0013	Val Accuracy: 9.54
Training Epoch: 84/200	Train Loss: 0.0009	Val Accuracy: 9.62
Training Epoch: 85/200	Train Loss: 0.0008	Val Accuracy: 9.62
Training Epoch: 86/200	Train Loss: 0.0013	Val Accuracy: 9.48
Training Epoch: 87/200	Train Loss: 0.0019	Val Accuracy: 9.48
Training Epoch: 88/200	Train Loss: 0.001	Val Accuracy: 9.68
Training Epoch: 89/200	Train Loss: 0.0011	Val Accuracy: 9.68
Training Epoch: 90/200	Train Loss: 0.0008	Val Accuracy: 9.2
Training Epoch: 91/200	Train Loss: 0.0007	Val Accuracy: 9.2
Training Epoch: 92/200	Train Loss: 0.0012	Val Accuracy: 9.56
Training Epoch: 93/200	Train Loss: 0.0011	Val Accuracy: 9.56
Training Epoch: 94/200	Train Loss: 0.0009	Val Accuracy: 10.06
Training Epoch: 95/200	Train Loss: 0.0007	Val Accuracy: 10.06
Training Epoch: 96/200	Train Loss: 0.0013	Val Accuracy: 9.9
Training Epoch: 97/200	Train Loss: 0.0007	Val Accuracy: 9.9
Training Epoch: 98/200	Train Loss: 0.001	Val Accuracy: 9.74
Training Epoch: 99/200	Train Loss: 0.0016	Val Accuracy: 9.74
Training Epoch: 100/200	Train Loss: 0.0014	Val Accuracy: 9.26
Training Epoch: 101/200	Train Loss: 0.0007	Val Accuracy: 9.26
Training Epoch: 102/200	Train Loss: 0.0012	Val Accuracy: 9.32
Training Epoch: 103/200	Train Loss: 0.0009	Val Accuracy: 9.32
Training Epoch: 104/200	Train Loss: 0.001	Val Accuracy: 9.6
Training Epoch: 105/200	Train Loss: 0.0008	Val Accuracy: 9.6
Training Epoch: 106/200	Train Loss: 0.001	Val Accuracy: 9.52
Training Epoch: 107/200	Train Loss: 0.0014	Val Accuracy: 9.52
Training Epoch: 108/200	Train Loss: 0.0011	Val Accuracy: 8.92
Training Epoch: 109/200	Train Loss: 0.0011	Val Accuracy: 8.92
Training Epoch: 110/200	Train Loss: 0.001	Val Accuracy: 9.38
Training Epoch: 111/200	Train Loss: 0.0015	Val Accuracy: 9.38
Training Epoch: 112/200	Train Loss: 0.0184	Val Accuracy: 9.54
Training Epoch: 113/200	Train Loss: 0.0008	Val Accuracy: 9.54
Training Epoch: 114/200	Train Loss: 0.0009	Val Accuracy: 10.12
Training Epoch: 115/200	Train Loss: 0.0016	Val Accuracy: 10.12
Training Epoch: 116/200	Train Loss: 0.0008	Val Accuracy: 9.36
Training Epoch: 117/200	Train Loss: 0.0012	Val Accuracy: 9.36
Training Epoch: 118/200	Train Loss: 0.0009	Val Accuracy: 9.44
Training Epoch: 119/200	Train Loss: 0.0015	Val Accuracy: 9.44
Training Epoch: 120/200	Train Loss: 0.0015	Val Accuracy: 9.42
Training Epoch: 121/200	Train Loss: 0.0011	Val Accuracy: 9.42
Training Epoch: 122/200	Train Loss: 0.0025	Val Accuracy: 9.32
Training Epoch: 123/200	Train Loss: 0.0006	Val Accuracy: 9.32
Training Epoch: 124/200	Train Loss: 0.0012	Val Accuracy: 9.68
Training Epoch: 125/200	Train Loss: 0.0011	Val Accuracy: 9.68
Training Epoch: 126/200	Train Loss: 0.0013	Val Accuracy: 9.64
Training Epoch: 127/200	Train Loss: 0.0015	Val Accuracy: 9.64
Training Epoch: 128/200	Train Loss: 0.0007	Val Accuracy: 9.58
Training Epoch: 129/200	Train Loss: 0.0007	Val Accuracy: 9.58
Training Epoch: 130/200	Train Loss: 0.0034	Val Accuracy: 9.5
Training Epoch: 131/200	Train Loss: 0.0008	Val Accuracy: 9.5
Training Epoch: 132/200	Train Loss: 0.0007	Val Accuracy: 9.46
Training Epoch: 133/200	Train Loss: 0.0013	Val Accuracy: 9.46
Training Epoch: 134/200	Train Loss: 0.0008	Val Accuracy: 9.8
Training Epoch: 135/200	Train Loss: 0.0012	Val Accuracy: 9.8
Training Epoch: 136/200	Train Loss: 0.0008	Val Accuracy: 9.66
Training Epoch: 137/200	Train Loss: 0.0006	Val Accuracy: 9.66
Training Epoch: 138/200	Train Loss: 0.0012	Val Accuracy: 10.18
Training Epoch: 139/200	Train Loss: 0.0012	Val Accuracy: 10.18
Training Epoch: 140/200	Train Loss: 0.0007	Val Accuracy: 9.46
Training Epoch: 141/200	Train Loss: 0.0012	Val Accuracy: 9.46
Training Epoch: 142/200	Train Loss: 0.0008	Val Accuracy: 9.6
Training Epoch: 143/200	Train Loss: 0.0014	Val Accuracy: 9.6
Training Epoch: 144/200	Train Loss: 0.0008	Val Accuracy: 9.56
Training Epoch: 145/200	Train Loss: 0.0007	Val Accuracy: 9.56
Training Epoch: 146/200	Train Loss: 0.0007	Val Accuracy: 9.22
Training Epoch: 147/200	Train Loss: 0.0012	Val Accuracy: 9.22
Training Epoch: 148/200	Train Loss: 0.0009	Val Accuracy: 9.72
Training Epoch: 149/200	Train Loss: 0.0008	Val Accuracy: 9.72
Training Epoch: 150/200	Train Loss: 0.0016	Val Accuracy: 9.18
Training Epoch: 151/200	Train Loss: 0.001	Val Accuracy: 9.18
Training Epoch: 152/200	Train Loss: 0.0009	Val Accuracy: 9.56
Training Epoch: 153/200	Train Loss: 0.0007	Val Accuracy: 9.56
Training Epoch: 154/200	Train Loss: 0.0015	Val Accuracy: 9.5
Training Epoch: 155/200	Train Loss: 0.0016	Val Accuracy: 9.5
Training Epoch: 156/200	Train Loss: 0.0006	Val Accuracy: 10.04
Training Epoch: 157/200	Train Loss: 0.0009	Val Accuracy: 10.04
Training Epoch: 158/200	Train Loss: 0.001	Val Accuracy: 9.76
Training Epoch: 159/200	Train Loss: 0.0015	Val Accuracy: 9.76
Training Epoch: 160/200	Train Loss: 0.0007	Val Accuracy: 9.52
Training Epoch: 161/200	Train Loss: 0.0007	Val Accuracy: 9.52
Training Epoch: 162/200	Train Loss: 0.0008	Val Accuracy: 9.4
Training Epoch: 163/200	Train Loss: 0.0009	Val Accuracy: 9.4
Training Epoch: 164/200	Train Loss: 0.0039	Val Accuracy: 9.32
Training Epoch: 165/200	Train Loss: 0.0009	Val Accuracy: 9.32
Training Epoch: 166/200	Train Loss: 0.0016	Val Accuracy: 9.9
Training Epoch: 167/200	Train Loss: 0.0007	Val Accuracy: 9.9
Training Epoch: 168/200	Train Loss: 0.0005	Val Accuracy: 9.76
Training Epoch: 169/200	Train Loss: 0.0012	Val Accuracy: 9.76
Training Epoch: 170/200	Train Loss: 0.0006	Val Accuracy: 9.7
Training Epoch: 171/200	Train Loss: 0.0009	Val Accuracy: 9.7
Training Epoch: 172/200	Train Loss: 0.0011	Val Accuracy: 9.82
Training Epoch: 173/200	Train Loss: 0.0006	Val Accuracy: 9.82
Training Epoch: 174/200	Train Loss: 0.0009	Val Accuracy: 9.56
Training Epoch: 175/200	Train Loss: 0.0021	Val Accuracy: 9.56
Training Epoch: 176/200	Train Loss: 0.0009	Val Accuracy: 9.82
Training Epoch: 177/200	Train Loss: 0.0008	Val Accuracy: 9.82
Training Epoch: 178/200	Train Loss: 0.0011	Val Accuracy: 9.68
Training Epoch: 179/200	Train Loss: 0.0035	Val Accuracy: 9.68
Training Epoch: 180/200	Train Loss: 0.0007	Val Accuracy: 9.38
Training Epoch: 181/200	Train Loss: 0.0009	Val Accuracy: 9.38
Training Epoch: 182/200	Train Loss: 0.0012	Val Accuracy: 9.54
Training Epoch: 183/200	Train Loss: 0.0007	Val Accuracy: 9.54
Training Epoch: 184/200	Train Loss: 0.0008	Val Accuracy: 9.76
Training Epoch: 185/200	Train Loss: 0.001	Val Accuracy: 9.76
Training Epoch: 186/200	Train Loss: 0.0006	Val Accuracy: 9.32
Training Epoch: 187/200	Train Loss: 0.0011	Val Accuracy: 9.32
Training Epoch: 188/200	Train Loss: 0.0016	Val Accuracy: 9.86
Training Epoch: 189/200	Train Loss: 0.0007	Val Accuracy: 9.86
Training Epoch: 190/200	Train Loss: 0.0007	Val Accuracy: 9.48
Training Epoch: 191/200	Train Loss: 0.001	Val Accuracy: 9.48
Training Epoch: 192/200	Train Loss: 0.0009	Val Accuracy: 9.22
Training Epoch: 193/200	Train Loss: 0.0008	Val Accuracy: 9.22
Training Epoch: 194/200	Train Loss: 0.0014	Val Accuracy: 10.02
Training Epoch: 195/200	Train Loss: 0.0048	Val Accuracy: 10.02
Training Epoch: 196/200	Train Loss: 0.0015	Val Accuracy: 9.9
Training Epoch: 197/200	Train Loss: 0.0007	Val Accuracy: 9.9
Training Epoch: 198/200	Train Loss: 0.0014	Val Accuracy: 9.52
Training Epoch: 199/200	Train Loss: 0.0005	Val Accuracy: 9.52
Training Epoch: 200/200	Train Loss: 0.001	Val Accuracy: 9.8

Wrote Best Model Checkpoint to: vlBest_acc_10_model_epoch_0138.pyth

Best Validation Accuracy: 10.18
Best Epoch: 138

======== TESTING ========

Test Accuracy: 9.9.

======== ACTIVE SAMPLING ========

Extracting Lset Representations
len(dataLoader): 12
Extracting Uset Representations
len(dataLoader): 439
lb_repr.shape:  (1150, 2048)
ul_repr.shape:  (43850, 2048)
Solving K Center Greedy Approach
[GPU] Labeled.shape: torch.Size([1150, 2048])
[GPU] Unlabeled.shape: torch.Size([43850, 2048])
time taken: 0.00039958953857421875 seconds
Time taken to solve K center: 0.15454459190368652 seconds
Active Sampling Complete. After Episode 22:
New Labeled Set: 1200, New Unlabeled Set: 43800, Active Set: 50

================================


Current accuracy values:  [2.8499999999999943, 2.989999999999995, 4.0, 4.060000000000002, 4.730000000000004, 4.609999999999999, 5.159999999999997, 5.730000000000004, 6.069999999999993, 6.430000000000007, 6.319999999999993, 7.299999999999997, 7.579999999999998, 7.530000000000001, 8.049999999999997, 8.260000000000005, 8.519999999999996, 8.75, 8.879999999999995, 9.239999999999995, 9.489999999999995, 9.930000000000007, 9.900000000000006]
======== EPISODE 23 BEGINS ========

======== TRAINING ========
Training Epoch: 1/200	Train Loss: 0.5269	Val Accuracy: 0.0
Training Epoch: 2/200	Train Loss: 0.0427	Val Accuracy: 8.58
Training Epoch: 3/200	Train Loss: 0.2492	Val Accuracy: 8.58
Training Epoch: 4/200	Train Loss: 0.3185	Val Accuracy: 8.48
Training Epoch: 5/200	Train Loss: 0.0829	Val Accuracy: 8.48
Training Epoch: 6/200	Train Loss: 0.0439	Val Accuracy: 8.18
Training Epoch: 7/200	Train Loss: 0.0254	Val Accuracy: 8.18
Training Epoch: 8/200	Train Loss: 0.0349	Val Accuracy: 9.04
Training Epoch: 9/200	Train Loss: 0.0311	Val Accuracy: 9.04
Training Epoch: 10/200	Train Loss: 0.0161	Val Accuracy: 9.02
Training Epoch: 11/200	Train Loss: 0.0294	Val Accuracy: 9.02
Training Epoch: 12/200	Train Loss: 0.0068	Val Accuracy: 9.18
Training Epoch: 13/200	Train Loss: 0.0884	Val Accuracy: 9.18
Training Epoch: 14/200	Train Loss: 0.0499	Val Accuracy: 8.32
Training Epoch: 15/200	Train Loss: 0.0815	Val Accuracy: 8.32
Training Epoch: 16/200	Train Loss: 0.0173	Val Accuracy: 8.4
Training Epoch: 17/200	Train Loss: 0.0252	Val Accuracy: 8.4
Training Epoch: 18/200	Train Loss: 0.0796	Val Accuracy: 8.1
Training Epoch: 19/200	Train Loss: 0.0318	Val Accuracy: 8.1
Training Epoch: 20/200	Train Loss: 0.029	Val Accuracy: 8.96
Training Epoch: 21/200	Train Loss: 0.1675	Val Accuracy: 8.96
Training Epoch: 22/200	Train Loss: 0.0669	Val Accuracy: 7.98
Training Epoch: 23/200	Train Loss: 0.0903	Val Accuracy: 7.98
Training Epoch: 24/200	Train Loss: 0.0549	Val Accuracy: 8.76
Training Epoch: 25/200	Train Loss: 0.0215	Val Accuracy: 8.76
Training Epoch: 26/200	Train Loss: 0.0385	Val Accuracy: 8.36
Training Epoch: 27/200	Train Loss: 0.0121	Val Accuracy: 8.36
Training Epoch: 28/200	Train Loss: 0.0642	Val Accuracy: 9.06
Training Epoch: 29/200	Train Loss: 0.0517	Val Accuracy: 9.06
Training Epoch: 30/200	Train Loss: 0.0441	Val Accuracy: 8.92
Training Epoch: 31/200	Train Loss: 0.0332	Val Accuracy: 8.92
Training Epoch: 32/200	Train Loss: 0.0228	Val Accuracy: 8.04
Training Epoch: 33/200	Train Loss: 0.063	Val Accuracy: 8.04
Training Epoch: 34/200	Train Loss: 0.119	Val Accuracy: 9.2
Training Epoch: 35/200	Train Loss: 0.0177	Val Accuracy: 9.2
Training Epoch: 36/200	Train Loss: 0.0368	Val Accuracy: 8.6
Training Epoch: 37/200	Train Loss: 0.2024	Val Accuracy: 8.6
Training Epoch: 38/200	Train Loss: 0.1078	Val Accuracy: 8.76
Training Epoch: 39/200	Train Loss: 0.089	Val Accuracy: 8.76
Training Epoch: 40/200	Train Loss: 0.0394	Val Accuracy: 8.38
Training Epoch: 41/200	Train Loss: 0.0286	Val Accuracy: 8.38
Training Epoch: 42/200	Train Loss: 0.0421	Val Accuracy: 7.7
Training Epoch: 43/200	Train Loss: 0.0356	Val Accuracy: 7.7
Training Epoch: 44/200	Train Loss: 0.0465	Val Accuracy: 8.28
Training Epoch: 45/200	Train Loss: 0.0141	Val Accuracy: 8.28
Training Epoch: 46/200	Train Loss: 0.0503	Val Accuracy: 8.88
Training Epoch: 47/200	Train Loss: 0.0091	Val Accuracy: 8.88
Training Epoch: 48/200	Train Loss: 0.1872	Val Accuracy: 7.7
Training Epoch: 49/200	Train Loss: 0.037	Val Accuracy: 7.7
Training Epoch: 50/200	Train Loss: 0.0288	Val Accuracy: 8.54
Training Epoch: 51/200	Train Loss: 0.0032	Val Accuracy: 8.54
Training Epoch: 52/200	Train Loss: 0.0073	Val Accuracy: 8.6
Training Epoch: 53/200	Train Loss: 0.0036	Val Accuracy: 8.6
Training Epoch: 54/200	Train Loss: 0.004	Val Accuracy: 8.52
Training Epoch: 55/200	Train Loss: 0.0039	Val Accuracy: 8.52
Training Epoch: 56/200	Train Loss: 0.0151	Val Accuracy: 9.2
Training Epoch: 57/200	Train Loss: 0.002	Val Accuracy: 9.2
Training Epoch: 58/200	Train Loss: 0.0023	Val Accuracy: 9.08
Training Epoch: 59/200	Train Loss: 0.0018	Val Accuracy: 9.08
Training Epoch: 60/200	Train Loss: 0.0063	Val Accuracy: 8.76
Training Epoch: 61/200	Train Loss: 0.0015	Val Accuracy: 8.76
Training Epoch: 62/200	Train Loss: 0.0231	Val Accuracy: 8.92
Training Epoch: 63/200	Train Loss: 0.0054	Val Accuracy: 8.92
Training Epoch: 64/200	Train Loss: 0.002	Val Accuracy: 8.86
Training Epoch: 65/200	Train Loss: 0.0009	Val Accuracy: 8.86
Training Epoch: 66/200	Train Loss: 0.0011	Val Accuracy: 8.86
Training Epoch: 67/200	Train Loss: 0.0019	Val Accuracy: 8.86
Training Epoch: 68/200	Train Loss: 0.0148	Val Accuracy: 8.9
Training Epoch: 69/200	Train Loss: 0.0016	Val Accuracy: 8.9
Training Epoch: 70/200	Train Loss: 0.0013	Val Accuracy: 8.86
Training Epoch: 71/200	Train Loss: 0.0016	Val Accuracy: 8.86
Training Epoch: 72/200	Train Loss: 0.0021	Val Accuracy: 8.92
Training Epoch: 73/200	Train Loss: 0.0022	Val Accuracy: 8.92
Training Epoch: 74/200	Train Loss: 0.0028	Val Accuracy: 9.18
Training Epoch: 75/200	Train Loss: 0.0013	Val Accuracy: 9.18
Training Epoch: 76/200	Train Loss: 0.0012	Val Accuracy: 9.22
Training Epoch: 77/200	Train Loss: 0.0022	Val Accuracy: 9.22
Training Epoch: 78/200	Train Loss: 0.0033	Val Accuracy: 9.34
Training Epoch: 79/200	Train Loss: 0.0009	Val Accuracy: 9.34
Training Epoch: 80/200	Train Loss: 0.0015	Val Accuracy: 9.46
Training Epoch: 81/200	Train Loss: 0.001	Val Accuracy: 9.46
Training Epoch: 82/200	Train Loss: 0.0029	Val Accuracy: 9.3
Training Epoch: 83/200	Train Loss: 0.0016	Val Accuracy: 9.3
Training Epoch: 84/200	Train Loss: 0.0031	Val Accuracy: 9.8
Training Epoch: 85/200	Train Loss: 0.0015	Val Accuracy: 9.8
Training Epoch: 86/200	Train Loss: 0.003	Val Accuracy: 9.66
Training Epoch: 87/200	Train Loss: 0.0017	Val Accuracy: 9.66
Training Epoch: 88/200	Train Loss: 0.0012	Val Accuracy: 9.06
Training Epoch: 89/200	Train Loss: 0.0009	Val Accuracy: 9.06
Training Epoch: 90/200	Train Loss: 0.0009	Val Accuracy: 9.34
Training Epoch: 91/200	Train Loss: 0.0018	Val Accuracy: 9.34
Training Epoch: 92/200	Train Loss: 0.0011	Val Accuracy: 9.52
Training Epoch: 93/200	Train Loss: 0.0008	Val Accuracy: 9.52
Training Epoch: 94/200	Train Loss: 0.0015	Val Accuracy: 9.18
Training Epoch: 95/200	Train Loss: 0.0009	Val Accuracy: 9.18
Training Epoch: 96/200	Train Loss: 0.0006	Val Accuracy: 9.98
Training Epoch: 97/200	Train Loss: 0.0009	Val Accuracy: 9.98
Training Epoch: 98/200	Train Loss: 0.001	Val Accuracy: 9.22
Training Epoch: 99/200	Train Loss: 0.0009	Val Accuracy: 9.22
Training Epoch: 100/200	Train Loss: 0.0009	Val Accuracy: 9.06
Training Epoch: 101/200	Train Loss: 0.0006	Val Accuracy: 9.06
Training Epoch: 102/200	Train Loss: 0.0008	Val Accuracy: 9.5
Training Epoch: 103/200	Train Loss: 0.0013	Val Accuracy: 9.5
Training Epoch: 104/200	Train Loss: 0.0011	Val Accuracy: 9.1
Training Epoch: 105/200	Train Loss: 0.0021	Val Accuracy: 9.1
Training Epoch: 106/200	Train Loss: 0.0006	Val Accuracy: 9.5
Training Epoch: 107/200	Train Loss: 0.0013	Val Accuracy: 9.5
Training Epoch: 108/200	Train Loss: 0.0008	Val Accuracy: 9.4
Training Epoch: 109/200	Train Loss: 0.0029	Val Accuracy: 9.4
Training Epoch: 110/200	Train Loss: 0.0009	Val Accuracy: 9.74
Training Epoch: 111/200	Train Loss: 0.0009	Val Accuracy: 9.74
Training Epoch: 112/200	Train Loss: 0.0012	Val Accuracy: 9.2
Training Epoch: 113/200	Train Loss: 0.0008	Val Accuracy: 9.2
Training Epoch: 114/200	Train Loss: 0.0011	Val Accuracy: 9.28
Training Epoch: 115/200	Train Loss: 0.0024	Val Accuracy: 9.28
Training Epoch: 116/200	Train Loss: 0.0017	Val Accuracy: 9.4
Training Epoch: 117/200	Train Loss: 0.0011	Val Accuracy: 9.4
Training Epoch: 118/200	Train Loss: 0.0009	Val Accuracy: 9.34
Training Epoch: 119/200	Train Loss: 0.0007	Val Accuracy: 9.34
Training Epoch: 120/200	Train Loss: 0.001	Val Accuracy: 9.26
Training Epoch: 121/200	Train Loss: 0.001	Val Accuracy: 9.26
Training Epoch: 122/200	Train Loss: 0.0013	Val Accuracy: 9.18
Training Epoch: 123/200	Train Loss: 0.0008	Val Accuracy: 9.18
Training Epoch: 124/200	Train Loss: 0.0012	Val Accuracy: 9.7
Training Epoch: 125/200	Train Loss: 0.0008	Val Accuracy: 9.7
Training Epoch: 126/200	Train Loss: 0.0019	Val Accuracy: 9.66
Training Epoch: 127/200	Train Loss: 0.0015	Val Accuracy: 9.66
Training Epoch: 128/200	Train Loss: 0.0008	Val Accuracy: 9.62
Training Epoch: 129/200	Train Loss: 0.0017	Val Accuracy: 9.62
Training Epoch: 130/200	Train Loss: 0.0012	Val Accuracy: 9.76
Training Epoch: 131/200	Train Loss: 0.0013	Val Accuracy: 9.76
Training Epoch: 132/200	Train Loss: 0.0007	Val Accuracy: 9.6
Training Epoch: 133/200	Train Loss: 0.0013	Val Accuracy: 9.6
Training Epoch: 134/200	Train Loss: 0.001	Val Accuracy: 9.64
Training Epoch: 135/200	Train Loss: 0.0009	Val Accuracy: 9.64
Training Epoch: 136/200	Train Loss: 0.0008	Val Accuracy: 9.46
Training Epoch: 137/200	Train Loss: 0.0009	Val Accuracy: 9.46
Training Epoch: 138/200	Train Loss: 0.0009	Val Accuracy: 8.92
Training Epoch: 139/200	Train Loss: 0.0013	Val Accuracy: 8.92
Training Epoch: 140/200	Train Loss: 0.0008	Val Accuracy: 9.46
Training Epoch: 141/200	Train Loss: 0.0008	Val Accuracy: 9.46
Training Epoch: 142/200	Train Loss: 0.0015	Val Accuracy: 9.26
Training Epoch: 143/200	Train Loss: 0.0009	Val Accuracy: 9.26
Training Epoch: 144/200	Train Loss: 0.001	Val Accuracy: 9.82
Training Epoch: 145/200	Train Loss: 0.0009	Val Accuracy: 9.82
Training Epoch: 146/200	Train Loss: 0.0013	Val Accuracy: 9.94
Training Epoch: 147/200	Train Loss: 0.0009	Val Accuracy: 9.94
Training Epoch: 148/200	Train Loss: 0.0013	Val Accuracy: 9.18
Training Epoch: 149/200	Train Loss: 0.0008	Val Accuracy: 9.18
Training Epoch: 150/200	Train Loss: 0.001	Val Accuracy: 9.44
Training Epoch: 151/200	Train Loss: 0.0016	Val Accuracy: 9.44
Training Epoch: 152/200	Train Loss: 0.001	Val Accuracy: 9.86
Training Epoch: 153/200	Train Loss: 0.0015	Val Accuracy: 9.86
Training Epoch: 154/200	Train Loss: 0.0011	Val Accuracy: 9.84
Training Epoch: 155/200	Train Loss: 0.0009	Val Accuracy: 9.84
Training Epoch: 156/200	Train Loss: 0.0011	Val Accuracy: 9.34
Training Epoch: 157/200	Train Loss: 0.0008	Val Accuracy: 9.34
Training Epoch: 158/200	Train Loss: 0.0008	Val Accuracy: 9.5
Training Epoch: 159/200	Train Loss: 0.0009	Val Accuracy: 9.5
Training Epoch: 160/200	Train Loss: 0.0011	Val Accuracy: 9.7
Training Epoch: 161/200	Train Loss: 0.0005	Val Accuracy: 9.7
Training Epoch: 162/200	Train Loss: 0.0008	Val Accuracy: 10.02
Training Epoch: 163/200	Train Loss: 0.0009	Val Accuracy: 10.02
Training Epoch: 164/200	Train Loss: 0.0011	Val Accuracy: 9.58
Training Epoch: 165/200	Train Loss: 0.0006	Val Accuracy: 9.58
Training Epoch: 166/200	Train Loss: 0.0012	Val Accuracy: 9.2
Training Epoch: 167/200	Train Loss: 0.001	Val Accuracy: 9.2
Training Epoch: 168/200	Train Loss: 0.001	Val Accuracy: 9.36
Training Epoch: 169/200	Train Loss: 0.0008	Val Accuracy: 9.36
Training Epoch: 170/200	Train Loss: 0.0006	Val Accuracy: 9.26
Training Epoch: 171/200	Train Loss: 0.0007	Val Accuracy: 9.26
Training Epoch: 172/200	Train Loss: 0.0007	Val Accuracy: 9.46
Training Epoch: 173/200	Train Loss: 0.0012	Val Accuracy: 9.46
Training Epoch: 174/200	Train Loss: 0.0005	Val Accuracy: 9.96
Training Epoch: 175/200	Train Loss: 0.0012	Val Accuracy: 9.96
Training Epoch: 176/200	Train Loss: 0.0008	Val Accuracy: 9.96
Training Epoch: 177/200	Train Loss: 0.0007	Val Accuracy: 9.96
Training Epoch: 178/200	Train Loss: 0.0009	Val Accuracy: 9.56
Training Epoch: 179/200	Train Loss: 0.0011	Val Accuracy: 9.56
Training Epoch: 180/200	Train Loss: 0.001	Val Accuracy: 9.58
Training Epoch: 181/200	Train Loss: 0.0016	Val Accuracy: 9.58
Training Epoch: 182/200	Train Loss: 0.0008	Val Accuracy: 9.36
Training Epoch: 183/200	Train Loss: 0.0015	Val Accuracy: 9.36
Training Epoch: 184/200	Train Loss: 0.0008	Val Accuracy: 9.06
Training Epoch: 185/200	Train Loss: 0.0012	Val Accuracy: 9.06
Training Epoch: 186/200	Train Loss: 0.0011	Val Accuracy: 9.58
Training Epoch: 187/200	Train Loss: 0.001	Val Accuracy: 9.58
Training Epoch: 188/200	Train Loss: 0.001	Val Accuracy: 9.5
Training Epoch: 189/200	Train Loss: 0.0009	Val Accuracy: 9.5
Training Epoch: 190/200	Train Loss: 0.0008	Val Accuracy: 9.32
Training Epoch: 191/200	Train Loss: 0.0008	Val Accuracy: 9.32
Training Epoch: 192/200	Train Loss: 0.0012	Val Accuracy: 9.32
Training Epoch: 193/200	Train Loss: 0.0007	Val Accuracy: 9.32
Training Epoch: 194/200	Train Loss: 0.0007	Val Accuracy: 9.46
Training Epoch: 195/200	Train Loss: 0.001	Val Accuracy: 9.46
Training Epoch: 196/200	Train Loss: 0.0009	Val Accuracy: 10.0
Training Epoch: 197/200	Train Loss: 0.0012	Val Accuracy: 10.0
Training Epoch: 198/200	Train Loss: 0.0015	Val Accuracy: 9.56
Training Epoch: 199/200	Train Loss: 0.0012	Val Accuracy: 9.56
Training Epoch: 200/200	Train Loss: 0.002	Val Accuracy: 9.54

Wrote Best Model Checkpoint to: vlBest_acc_10_model_epoch_0162.pyth

Best Validation Accuracy: 10.02
Best Epoch: 162

======== TESTING ========

Test Accuracy: 10.24.

======== ACTIVE SAMPLING ========

Extracting Lset Representations
len(dataLoader): 12
Extracting Uset Representations
len(dataLoader): 438
lb_repr.shape:  (1200, 2048)
ul_repr.shape:  (43800, 2048)
Solving K Center Greedy Approach
[GPU] Labeled.shape: torch.Size([1200, 2048])
[GPU] Unlabeled.shape: torch.Size([43800, 2048])
time taken: 0.0004177093505859375 seconds
Time taken to solve K center: 0.15453696250915527 seconds
Active Sampling Complete. After Episode 23:
New Labeled Set: 1250, New Unlabeled Set: 43750, Active Set: 50

================================


Current accuracy values:  [2.8499999999999943, 2.989999999999995, 4.0, 4.060000000000002, 4.730000000000004, 4.609999999999999, 5.159999999999997, 5.730000000000004, 6.069999999999993, 6.430000000000007, 6.319999999999993, 7.299999999999997, 7.579999999999998, 7.530000000000001, 8.049999999999997, 8.260000000000005, 8.519999999999996, 8.75, 8.879999999999995, 9.239999999999995, 9.489999999999995, 9.930000000000007, 9.900000000000006, 10.239999999999995]
======== EPISODE 24 BEGINS ========

======== TRAINING ========
Training Epoch: 1/200	Train Loss: 0.1051	Val Accuracy: 0.0
Training Epoch: 2/200	Train Loss: 0.0771	Val Accuracy: 8.8
Training Epoch: 3/200	Train Loss: 0.2513	Val Accuracy: 8.8
Training Epoch: 4/200	Train Loss: 0.1418	Val Accuracy: 8.78
Training Epoch: 5/200	Train Loss: 0.2152	Val Accuracy: 8.78
Training Epoch: 6/200	Train Loss: 0.0928	Val Accuracy: 8.78
Training Epoch: 7/200	Train Loss: 0.1322	Val Accuracy: 8.78
Training Epoch: 8/200	Train Loss: 0.0801	Val Accuracy: 8.92
Training Epoch: 9/200	Train Loss: 0.0615	Val Accuracy: 8.92
Training Epoch: 10/200	Train Loss: 0.0743	Val Accuracy: 8.68
Training Epoch: 11/200	Train Loss: 0.0235	Val Accuracy: 8.68
Training Epoch: 12/200	Train Loss: 0.0455	Val Accuracy: 9.28
Training Epoch: 13/200	Train Loss: 0.0253	Val Accuracy: 9.28
Training Epoch: 14/200	Train Loss: 0.0202	Val Accuracy: 8.94
Training Epoch: 15/200	Train Loss: 0.0277	Val Accuracy: 8.94
Training Epoch: 16/200	Train Loss: 0.1283	Val Accuracy: 9.18
Training Epoch: 17/200	Train Loss: 0.1321	Val Accuracy: 9.18
Training Epoch: 18/200	Train Loss: 0.0367	Val Accuracy: 7.5
Training Epoch: 19/200	Train Loss: 0.0763	Val Accuracy: 7.5
Training Epoch: 20/200	Train Loss: 0.0191	Val Accuracy: 8.52
Training Epoch: 21/200	Train Loss: 0.0192	Val Accuracy: 8.52
Training Epoch: 22/200	Train Loss: 0.1416	Val Accuracy: 8.44
Training Epoch: 23/200	Train Loss: 0.0147	Val Accuracy: 8.44
Training Epoch: 24/200	Train Loss: 0.0285	Val Accuracy: 8.98
Training Epoch: 25/200	Train Loss: 0.0173	Val Accuracy: 8.98
Training Epoch: 26/200	Train Loss: 0.0149	Val Accuracy: 9.06
Training Epoch: 27/200	Train Loss: 0.0856	Val Accuracy: 9.06
Training Epoch: 28/200	Train Loss: 0.037	Val Accuracy: 8.54
Training Epoch: 29/200	Train Loss: 0.0139	Val Accuracy: 8.54
Training Epoch: 30/200	Train Loss: 0.0283	Val Accuracy: 9.14
Training Epoch: 31/200	Train Loss: 0.0377	Val Accuracy: 9.14
Training Epoch: 32/200	Train Loss: 0.0276	Val Accuracy: 9.3
Training Epoch: 33/200	Train Loss: 0.0239	Val Accuracy: 9.3
Training Epoch: 34/200	Train Loss: 0.0074	Val Accuracy: 8.74
Training Epoch: 35/200	Train Loss: 0.0113	Val Accuracy: 8.74
Training Epoch: 36/200	Train Loss: 0.0075	Val Accuracy: 9.34
Training Epoch: 37/200	Train Loss: 0.0155	Val Accuracy: 9.34
Training Epoch: 38/200	Train Loss: 0.004	Val Accuracy: 9.44
Training Epoch: 39/200	Train Loss: 0.0125	Val Accuracy: 9.44
Training Epoch: 40/200	Train Loss: 0.0074	Val Accuracy: 8.7
Training Epoch: 41/200	Train Loss: 0.0048	Val Accuracy: 8.7
Training Epoch: 42/200	Train Loss: 0.0121	Val Accuracy: 9.62
Training Epoch: 43/200	Train Loss: 0.0056	Val Accuracy: 9.62
Training Epoch: 44/200	Train Loss: 0.0188	Val Accuracy: 9.48
Training Epoch: 45/200	Train Loss: 0.008	Val Accuracy: 9.48
Training Epoch: 46/200	Train Loss: 0.0082	Val Accuracy: 9.3
Training Epoch: 47/200	Train Loss: 0.013	Val Accuracy: 9.3
Training Epoch: 48/200	Train Loss: 0.0169	Val Accuracy: 9.56
Training Epoch: 49/200	Train Loss: 0.0102	Val Accuracy: 9.56
Training Epoch: 50/200	Train Loss: 0.0058	Val Accuracy: 9.7
Training Epoch: 51/200	Train Loss: 0.0036	Val Accuracy: 9.7
Training Epoch: 52/200	Train Loss: 0.0053	Val Accuracy: 10.08
Training Epoch: 53/200	Train Loss: 0.0034	Val Accuracy: 10.08
Training Epoch: 54/200	Train Loss: 0.0652	Val Accuracy: 9.94
Training Epoch: 55/200	Train Loss: 0.0045	Val Accuracy: 9.94
Training Epoch: 56/200	Train Loss: 0.0038	Val Accuracy: 9.94
Training Epoch: 57/200	Train Loss: 0.0019	Val Accuracy: 9.94
Training Epoch: 58/200	Train Loss: 0.003	Val Accuracy: 9.96
Training Epoch: 59/200	Train Loss: 0.0145	Val Accuracy: 9.96
Training Epoch: 60/200	Train Loss: 0.0085	Val Accuracy: 9.4
Training Epoch: 61/200	Train Loss: 0.0015	Val Accuracy: 9.4
Training Epoch: 62/200	Train Loss: 0.0043	Val Accuracy: 9.34
Training Epoch: 63/200	Train Loss: 0.002	Val Accuracy: 9.34
Training Epoch: 64/200	Train Loss: 0.0015	Val Accuracy: 9.76
Training Epoch: 65/200	Train Loss: 0.0012	Val Accuracy: 9.76
Training Epoch: 66/200	Train Loss: 0.0034	Val Accuracy: 9.98
Training Epoch: 67/200	Train Loss: 0.0013	Val Accuracy: 9.98
Training Epoch: 68/200	Train Loss: 0.0011	Val Accuracy: 9.82
Training Epoch: 69/200	Train Loss: 0.0019	Val Accuracy: 9.82
Training Epoch: 70/200	Train Loss: 0.0027	Val Accuracy: 9.5
Training Epoch: 71/200	Train Loss: 0.0011	Val Accuracy: 9.5
Training Epoch: 72/200	Train Loss: 0.0009	Val Accuracy: 10.02
Training Epoch: 73/200	Train Loss: 0.0008	Val Accuracy: 10.02
Training Epoch: 74/200	Train Loss: 0.0511	Val Accuracy: 9.4
Training Epoch: 75/200	Train Loss: 0.0017	Val Accuracy: 9.4
Training Epoch: 76/200	Train Loss: 0.0016	Val Accuracy: 9.92
Training Epoch: 77/200	Train Loss: 0.0069	Val Accuracy: 9.92
Training Epoch: 78/200	Train Loss: 0.0015	Val Accuracy: 9.88
Training Epoch: 79/200	Train Loss: 0.0025	Val Accuracy: 9.88
Training Epoch: 80/200	Train Loss: 0.0011	Val Accuracy: 9.64
Training Epoch: 81/200	Train Loss: 0.0046	Val Accuracy: 9.64
Training Epoch: 82/200	Train Loss: 0.0011	Val Accuracy: 9.66
Training Epoch: 83/200	Train Loss: 0.0024	Val Accuracy: 9.66
Training Epoch: 84/200	Train Loss: 0.0016	Val Accuracy: 9.84
Training Epoch: 85/200	Train Loss: 0.0015	Val Accuracy: 9.84
Training Epoch: 86/200	Train Loss: 0.0007	Val Accuracy: 9.78
Training Epoch: 87/200	Train Loss: 0.0015	Val Accuracy: 9.78
Training Epoch: 88/200	Train Loss: 0.0012	Val Accuracy: 9.76
Training Epoch: 89/200	Train Loss: 0.0011	Val Accuracy: 9.76
Training Epoch: 90/200	Train Loss: 0.0007	Val Accuracy: 9.96
Training Epoch: 91/200	Train Loss: 0.0025	Val Accuracy: 9.96
Training Epoch: 92/200	Train Loss: 0.002	Val Accuracy: 9.88
Training Epoch: 93/200	Train Loss: 0.001	Val Accuracy: 9.88
Training Epoch: 94/200	Train Loss: 0.0033	Val Accuracy: 10.06
Training Epoch: 95/200	Train Loss: 0.0009	Val Accuracy: 10.06
Training Epoch: 96/200	Train Loss: 0.0009	Val Accuracy: 10.02
Training Epoch: 97/200	Train Loss: 0.0011	Val Accuracy: 10.02
Training Epoch: 98/200	Train Loss: 0.0014	Val Accuracy: 9.64
Training Epoch: 99/200	Train Loss: 0.0017	Val Accuracy: 9.64
Training Epoch: 100/200	Train Loss: 0.0007	Val Accuracy: 10.14
Training Epoch: 101/200	Train Loss: 0.0008	Val Accuracy: 10.14
Training Epoch: 102/200	Train Loss: 0.0007	Val Accuracy: 9.8
Training Epoch: 103/200	Train Loss: 0.0012	Val Accuracy: 9.8
Training Epoch: 104/200	Train Loss: 0.0017	Val Accuracy: 10.18
Training Epoch: 105/200	Train Loss: 0.0022	Val Accuracy: 10.18
Training Epoch: 106/200	Train Loss: 0.002	Val Accuracy: 9.9
Training Epoch: 107/200	Train Loss: 0.0007	Val Accuracy: 9.9
Training Epoch: 108/200	Train Loss: 0.001	Val Accuracy: 10.06
Training Epoch: 109/200	Train Loss: 0.0011	Val Accuracy: 10.06
Training Epoch: 110/200	Train Loss: 0.0012	Val Accuracy: 9.86
Training Epoch: 111/200	Train Loss: 0.0009	Val Accuracy: 9.86
Training Epoch: 112/200	Train Loss: 0.0009	Val Accuracy: 10.16
Training Epoch: 113/200	Train Loss: 0.0009	Val Accuracy: 10.16
Training Epoch: 114/200	Train Loss: 0.0012	Val Accuracy: 9.98
Training Epoch: 115/200	Train Loss: 0.0006	Val Accuracy: 9.98
Training Epoch: 116/200	Train Loss: 0.0006	Val Accuracy: 10.32
Training Epoch: 117/200	Train Loss: 0.0019	Val Accuracy: 10.32
Training Epoch: 118/200	Train Loss: 0.0011	Val Accuracy: 9.96
Training Epoch: 119/200	Train Loss: 0.0018	Val Accuracy: 9.96
Training Epoch: 120/200	Train Loss: 0.0014	Val Accuracy: 10.08
Training Epoch: 121/200	Train Loss: 0.001	Val Accuracy: 10.08
Training Epoch: 122/200	Train Loss: 0.0013	Val Accuracy: 10.06
Training Epoch: 123/200	Train Loss: 0.0012	Val Accuracy: 10.06
Training Epoch: 124/200	Train Loss: 0.0017	Val Accuracy: 9.7
Training Epoch: 125/200	Train Loss: 0.0015	Val Accuracy: 9.7
Training Epoch: 126/200	Train Loss: 0.001	Val Accuracy: 10.14
Training Epoch: 127/200	Train Loss: 0.0011	Val Accuracy: 10.14
Training Epoch: 128/200	Train Loss: 0.0011	Val Accuracy: 9.96
Training Epoch: 129/200	Train Loss: 0.0008	Val Accuracy: 9.96
Training Epoch: 130/200	Train Loss: 0.0012	Val Accuracy: 10.3
Training Epoch: 131/200	Train Loss: 0.0015	Val Accuracy: 10.3
Training Epoch: 132/200	Train Loss: 0.0016	Val Accuracy: 9.76
Training Epoch: 133/200	Train Loss: 0.0008	Val Accuracy: 9.76
Training Epoch: 134/200	Train Loss: 0.0009	Val Accuracy: 10.02
Training Epoch: 135/200	Train Loss: 0.0007	Val Accuracy: 10.02
Training Epoch: 136/200	Train Loss: 0.0018	Val Accuracy: 9.84
Training Epoch: 137/200	Train Loss: 0.0014	Val Accuracy: 9.84
Training Epoch: 138/200	Train Loss: 0.0008	Val Accuracy: 9.7
Training Epoch: 139/200	Train Loss: 0.0009	Val Accuracy: 9.7
Training Epoch: 140/200	Train Loss: 0.0016	Val Accuracy: 10.02
Training Epoch: 141/200	Train Loss: 0.0009	Val Accuracy: 10.02
Training Epoch: 142/200	Train Loss: 0.0014	Val Accuracy: 9.66
Training Epoch: 143/200	Train Loss: 0.001	Val Accuracy: 9.66
Training Epoch: 144/200	Train Loss: 0.0009	Val Accuracy: 10.18
Training Epoch: 145/200	Train Loss: 0.0011	Val Accuracy: 10.18
Training Epoch: 146/200	Train Loss: 0.0011	Val Accuracy: 9.44
Training Epoch: 147/200	Train Loss: 0.0009	Val Accuracy: 9.44
Training Epoch: 148/200	Train Loss: 0.0009	Val Accuracy: 10.04
Training Epoch: 149/200	Train Loss: 0.0008	Val Accuracy: 10.04
Training Epoch: 150/200	Train Loss: 0.0014	Val Accuracy: 10.18
Training Epoch: 151/200	Train Loss: 0.0006	Val Accuracy: 10.18
Training Epoch: 152/200	Train Loss: 0.0008	Val Accuracy: 9.8
Training Epoch: 153/200	Train Loss: 0.001	Val Accuracy: 9.8
Training Epoch: 154/200	Train Loss: 0.0011	Val Accuracy: 10.06
Training Epoch: 155/200	Train Loss: 0.0006	Val Accuracy: 10.06
Training Epoch: 156/200	Train Loss: 0.0011	Val Accuracy: 10.28
Training Epoch: 157/200	Train Loss: 0.0013	Val Accuracy: 10.28
Training Epoch: 158/200	Train Loss: 0.001	Val Accuracy: 10.04
Training Epoch: 159/200	Train Loss: 0.0014	Val Accuracy: 10.04
Training Epoch: 160/200	Train Loss: 0.0007	Val Accuracy: 10.1
Training Epoch: 161/200	Train Loss: 0.0008	Val Accuracy: 10.1
Training Epoch: 162/200	Train Loss: 0.0009	Val Accuracy: 9.66
Training Epoch: 163/200	Train Loss: 0.0022	Val Accuracy: 9.66
Training Epoch: 164/200	Train Loss: 0.001	Val Accuracy: 10.08
Training Epoch: 165/200	Train Loss: 0.0012	Val Accuracy: 10.08
Training Epoch: 166/200	Train Loss: 0.0009	Val Accuracy: 9.84
Training Epoch: 167/200	Train Loss: 0.001	Val Accuracy: 9.84
Training Epoch: 168/200	Train Loss: 0.0007	Val Accuracy: 10.3
Training Epoch: 169/200	Train Loss: 0.0011	Val Accuracy: 10.3
Training Epoch: 170/200	Train Loss: 0.0008	Val Accuracy: 10.34
Training Epoch: 171/200	Train Loss: 0.0025	Val Accuracy: 10.34
Training Epoch: 172/200	Train Loss: 0.0008	Val Accuracy: 10.02
Training Epoch: 173/200	Train Loss: 0.0009	Val Accuracy: 10.02
Training Epoch: 174/200	Train Loss: 0.0009	Val Accuracy: 9.88
Training Epoch: 175/200	Train Loss: 0.0009	Val Accuracy: 9.88
Training Epoch: 176/200	Train Loss: 0.0007	Val Accuracy: 10.24
Training Epoch: 177/200	Train Loss: 0.0023	Val Accuracy: 10.24
Training Epoch: 178/200	Train Loss: 0.0009	Val Accuracy: 10.12
Training Epoch: 179/200	Train Loss: 0.001	Val Accuracy: 10.12
Training Epoch: 180/200	Train Loss: 0.0007	Val Accuracy: 10.32
Training Epoch: 181/200	Train Loss: 0.0009	Val Accuracy: 10.32
Training Epoch: 182/200	Train Loss: 0.0007	Val Accuracy: 10.02
Training Epoch: 183/200	Train Loss: 0.0011	Val Accuracy: 10.02
Training Epoch: 184/200	Train Loss: 0.0006	Val Accuracy: 9.86
Training Epoch: 185/200	Train Loss: 0.0009	Val Accuracy: 9.86
Training Epoch: 186/200	Train Loss: 0.0008	Val Accuracy: 9.68
Training Epoch: 187/200	Train Loss: 0.0012	Val Accuracy: 9.68
Training Epoch: 188/200	Train Loss: 0.0016	Val Accuracy: 10.12
Training Epoch: 189/200	Train Loss: 0.0008	Val Accuracy: 10.12
Training Epoch: 190/200	Train Loss: 0.0009	Val Accuracy: 9.68
Training Epoch: 191/200	Train Loss: 0.0007	Val Accuracy: 9.68
Training Epoch: 192/200	Train Loss: 0.0008	Val Accuracy: 10.06
Training Epoch: 193/200	Train Loss: 0.0012	Val Accuracy: 10.06
Training Epoch: 194/200	Train Loss: 0.0008	Val Accuracy: 9.72
Training Epoch: 195/200	Train Loss: 0.0009	Val Accuracy: 9.72
Training Epoch: 196/200	Train Loss: 0.0008	Val Accuracy: 10.0
Training Epoch: 197/200	Train Loss: 0.0008	Val Accuracy: 10.0
Training Epoch: 198/200	Train Loss: 0.0013	Val Accuracy: 9.98
Training Epoch: 199/200	Train Loss: 0.0013	Val Accuracy: 9.98
Training Epoch: 200/200	Train Loss: 0.0009	Val Accuracy: 9.98

Wrote Best Model Checkpoint to: vlBest_acc_10_model_epoch_0170.pyth

Best Validation Accuracy: 10.34
Best Epoch: 170

======== TESTING ========

Test Accuracy: 10.62.

======== ACTIVE SAMPLING ========

Extracting Lset Representations
len(dataLoader): 13
Extracting Uset Representations
len(dataLoader): 438
lb_repr.shape:  (1250, 2048)
ul_repr.shape:  (43750, 2048)
Solving K Center Greedy Approach
[GPU] Labeled.shape: torch.Size([1250, 2048])
[GPU] Unlabeled.shape: torch.Size([43750, 2048])
time taken: 0.000396728515625 seconds
Time taken to solve K center: 0.15446877479553223 seconds
Active Sampling Complete. After Episode 24:
New Labeled Set: 1300, New Unlabeled Set: 43700, Active Set: 50

================================


Current accuracy values:  [2.8499999999999943, 2.989999999999995, 4.0, 4.060000000000002, 4.730000000000004, 4.609999999999999, 5.159999999999997, 5.730000000000004, 6.069999999999993, 6.430000000000007, 6.319999999999993, 7.299999999999997, 7.579999999999998, 7.530000000000001, 8.049999999999997, 8.260000000000005, 8.519999999999996, 8.75, 8.879999999999995, 9.239999999999995, 9.489999999999995, 9.930000000000007, 9.900000000000006, 10.239999999999995, 10.620000000000005]
======== EPISODE 25 BEGINS ========

======== TRAINING ========
Training Epoch: 1/200	Train Loss: 0.2706	Val Accuracy: 0.0
Training Epoch: 2/200	Train Loss: 0.1435	Val Accuracy: 8.58
Training Epoch: 3/200	Train Loss: 0.1392	Val Accuracy: 8.58
Training Epoch: 4/200	Train Loss: 0.1029	Val Accuracy: 8.26
Training Epoch: 5/200	Train Loss: 0.109	Val Accuracy: 8.26
Training Epoch: 6/200	Train Loss: 0.0501	Val Accuracy: 8.46
Training Epoch: 7/200	Train Loss: 0.1433	Val Accuracy: 8.46
Training Epoch: 8/200	Train Loss: 0.0409	Val Accuracy: 8.7
Training Epoch: 9/200	Train Loss: 0.0856	Val Accuracy: 8.7
Training Epoch: 10/200	Train Loss: 0.1223	Val Accuracy: 7.96
Training Epoch: 11/200	Train Loss: 0.0497	Val Accuracy: 7.96
Training Epoch: 12/200	Train Loss: 0.0662	Val Accuracy: 8.92
Training Epoch: 13/200	Train Loss: 0.0297	Val Accuracy: 8.92
Training Epoch: 14/200	Train Loss: 0.0294	Val Accuracy: 8.66
Training Epoch: 15/200	Train Loss: 0.1178	Val Accuracy: 8.66
Training Epoch: 16/200	Train Loss: 0.1121	Val Accuracy: 8.8
Training Epoch: 17/200	Train Loss: 0.078	Val Accuracy: 8.8
Training Epoch: 18/200	Train Loss: 0.0195	Val Accuracy: 8.74
Training Epoch: 19/200	Train Loss: 0.0557	Val Accuracy: 8.74
Training Epoch: 20/200	Train Loss: 0.0405	Val Accuracy: 9.16
Training Epoch: 21/200	Train Loss: 0.0791	Val Accuracy: 9.16
Training Epoch: 22/200	Train Loss: 0.069	Val Accuracy: 8.98
Training Epoch: 23/200	Train Loss: 0.0385	Val Accuracy: 8.98
Training Epoch: 24/200	Train Loss: 0.0858	Val Accuracy: 8.74
Training Epoch: 25/200	Train Loss: 0.0435	Val Accuracy: 8.74
Training Epoch: 26/200	Train Loss: 0.0233	Val Accuracy: 9.28
Training Epoch: 27/200	Train Loss: 0.0455	Val Accuracy: 9.28
Training Epoch: 28/200	Train Loss: 0.1918	Val Accuracy: 9.1
Training Epoch: 29/200	Train Loss: 0.0946	Val Accuracy: 9.1
Training Epoch: 30/200	Train Loss: 0.0677	Val Accuracy: 9.44
Training Epoch: 31/200	Train Loss: 0.0844	Val Accuracy: 9.44
Training Epoch: 32/200	Train Loss: 0.0219	Val Accuracy: 9.1
Training Epoch: 33/200	Train Loss: 0.0174	Val Accuracy: 9.1
Training Epoch: 34/200	Train Loss: 0.0319	Val Accuracy: 9.56
Training Epoch: 35/200	Train Loss: 0.0064	Val Accuracy: 9.56
Training Epoch: 36/200	Train Loss: 0.0183	Val Accuracy: 9.46
Training Epoch: 37/200	Train Loss: 0.056	Val Accuracy: 9.46
Training Epoch: 38/200	Train Loss: 0.0944	Val Accuracy: 9.52
Training Epoch: 39/200	Train Loss: 0.0059	Val Accuracy: 9.52
Training Epoch: 40/200	Train Loss: 0.0232	Val Accuracy: 9.66
Training Epoch: 41/200	Train Loss: 0.0042	Val Accuracy: 9.66
Training Epoch: 42/200	Train Loss: 0.0032	Val Accuracy: 9.3
Training Epoch: 43/200	Train Loss: 0.0042	Val Accuracy: 9.3
Training Epoch: 44/200	Train Loss: 0.0119	Val Accuracy: 9.06
Training Epoch: 45/200	Train Loss: 0.0019	Val Accuracy: 9.06
Training Epoch: 46/200	Train Loss: 0.0051	Val Accuracy: 9.74
Training Epoch: 47/200	Train Loss: 0.0024	Val Accuracy: 9.74
Training Epoch: 48/200	Train Loss: 0.0021	Val Accuracy: 9.64
Training Epoch: 49/200	Train Loss: 0.0019	Val Accuracy: 9.64
Training Epoch: 50/200	Train Loss: 0.0026	Val Accuracy: 9.7
Training Epoch: 51/200	Train Loss: 0.0012	Val Accuracy: 9.7
Training Epoch: 52/200	Train Loss: 0.0022	Val Accuracy: 10.1
Training Epoch: 53/200	Train Loss: 0.001	Val Accuracy: 10.1
Training Epoch: 54/200	Train Loss: 0.0015	Val Accuracy: 10.0
Training Epoch: 55/200	Train Loss: 0.0015	Val Accuracy: 10.0
Training Epoch: 56/200	Train Loss: 0.0022	Val Accuracy: 9.82
Training Epoch: 57/200	Train Loss: 0.0021	Val Accuracy: 9.82
Training Epoch: 58/200	Train Loss: 0.0019	Val Accuracy: 9.66
Training Epoch: 59/200	Train Loss: 0.001	Val Accuracy: 9.66
Training Epoch: 60/200	Train Loss: 0.0012	Val Accuracy: 9.76
Training Epoch: 61/200	Train Loss: 0.0014	Val Accuracy: 9.76
Training Epoch: 62/200	Train Loss: 0.001	Val Accuracy: 9.9
Training Epoch: 63/200	Train Loss: 0.0015	Val Accuracy: 9.9
Training Epoch: 64/200	Train Loss: 0.0025	Val Accuracy: 9.74
Training Epoch: 65/200	Train Loss: 0.0075	Val Accuracy: 9.74
Training Epoch: 66/200	Train Loss: 0.0017	Val Accuracy: 9.74
Training Epoch: 67/200	Train Loss: 0.002	Val Accuracy: 9.74
Training Epoch: 68/200	Train Loss: 0.0019	Val Accuracy: 9.82
Training Epoch: 69/200	Train Loss: 0.0016	Val Accuracy: 9.82
Training Epoch: 70/200	Train Loss: 0.0324	Val Accuracy: 9.72
Training Epoch: 71/200	Train Loss: 0.0026	Val Accuracy: 9.72
Training Epoch: 72/200	Train Loss: 0.0031	Val Accuracy: 10.12
Training Epoch: 73/200	Train Loss: 0.0019	Val Accuracy: 10.12
Training Epoch: 74/200	Train Loss: 0.0024	Val Accuracy: 9.58
Training Epoch: 75/200	Train Loss: 0.003	Val Accuracy: 9.58
Training Epoch: 76/200	Train Loss: 0.0053	Val Accuracy: 9.58
Training Epoch: 77/200	Train Loss: 0.0019	Val Accuracy: 9.58
Training Epoch: 78/200	Train Loss: 0.0023	Val Accuracy: 9.54
Training Epoch: 79/200	Train Loss: 0.0014	Val Accuracy: 9.54
Training Epoch: 80/200	Train Loss: 0.0014	Val Accuracy: 9.74
Training Epoch: 81/200	Train Loss: 0.0018	Val Accuracy: 9.74
Training Epoch: 82/200	Train Loss: 0.0007	Val Accuracy: 9.82
Training Epoch: 83/200	Train Loss: 0.0016	Val Accuracy: 9.82
Training Epoch: 84/200	Train Loss: 0.001	Val Accuracy: 9.92
Training Epoch: 85/200	Train Loss: 0.0011	Val Accuracy: 9.92
Training Epoch: 86/200	Train Loss: 0.0014	Val Accuracy: 10.14
Training Epoch: 87/200	Train Loss: 0.0014	Val Accuracy: 10.14
Training Epoch: 88/200	Train Loss: 0.0012	Val Accuracy: 9.88
Training Epoch: 89/200	Train Loss: 0.001	Val Accuracy: 9.88
Training Epoch: 90/200	Train Loss: 0.0012	Val Accuracy: 10.04
Training Epoch: 91/200	Train Loss: 0.0012	Val Accuracy: 10.04
Training Epoch: 92/200	Train Loss: 0.0013	Val Accuracy: 9.72
Training Epoch: 93/200	Train Loss: 0.0011	Val Accuracy: 9.72
Training Epoch: 94/200	Train Loss: 0.0014	Val Accuracy: 9.98
Training Epoch: 95/200	Train Loss: 0.0008	Val Accuracy: 9.98
Training Epoch: 96/200	Train Loss: 0.0013	Val Accuracy: 9.7
Training Epoch: 97/200	Train Loss: 0.001	Val Accuracy: 9.7
Training Epoch: 98/200	Train Loss: 0.001	Val Accuracy: 9.88
Training Epoch: 99/200	Train Loss: 0.004	Val Accuracy: 9.88
Training Epoch: 100/200	Train Loss: 0.0012	Val Accuracy: 10.1
Training Epoch: 101/200	Train Loss: 0.0014	Val Accuracy: 10.1
Training Epoch: 102/200	Train Loss: 0.0015	Val Accuracy: 9.98
Training Epoch: 103/200	Train Loss: 0.0012	Val Accuracy: 9.98
Training Epoch: 104/200	Train Loss: 0.0011	Val Accuracy: 10.3
Training Epoch: 105/200	Train Loss: 0.0013	Val Accuracy: 10.3
Training Epoch: 106/200	Train Loss: 0.0011	Val Accuracy: 10.18
Training Epoch: 107/200	Train Loss: 0.0011	Val Accuracy: 10.18
Training Epoch: 108/200	Train Loss: 0.0008	Val Accuracy: 10.28
Training Epoch: 109/200	Train Loss: 0.0011	Val Accuracy: 10.28
Training Epoch: 110/200	Train Loss: 0.0008	Val Accuracy: 9.74
Training Epoch: 111/200	Train Loss: 0.0011	Val Accuracy: 9.74
Training Epoch: 112/200	Train Loss: 0.001	Val Accuracy: 10.08
Training Epoch: 113/200	Train Loss: 0.0008	Val Accuracy: 10.08
Training Epoch: 114/200	Train Loss: 0.0014	Val Accuracy: 10.04
Training Epoch: 115/200	Train Loss: 0.0012	Val Accuracy: 10.04
Training Epoch: 116/200	Train Loss: 0.001	Val Accuracy: 10.28
Training Epoch: 117/200	Train Loss: 0.0009	Val Accuracy: 10.28
Training Epoch: 118/200	Train Loss: 0.0009	Val Accuracy: 10.34
Training Epoch: 119/200	Train Loss: 0.0049	Val Accuracy: 10.34
Training Epoch: 120/200	Train Loss: 0.0012	Val Accuracy: 10.06
Training Epoch: 121/200	Train Loss: 0.0009	Val Accuracy: 10.06
Training Epoch: 122/200	Train Loss: 0.0008	Val Accuracy: 10.46
Training Epoch: 123/200	Train Loss: 0.0012	Val Accuracy: 10.46
Training Epoch: 124/200	Train Loss: 0.0016	Val Accuracy: 10.22
Training Epoch: 125/200	Train Loss: 0.0014	Val Accuracy: 10.22
Training Epoch: 126/200	Train Loss: 0.0016	Val Accuracy: 10.2
Training Epoch: 127/200	Train Loss: 0.0009	Val Accuracy: 10.2
Training Epoch: 128/200	Train Loss: 0.0011	Val Accuracy: 10.3
Training Epoch: 129/200	Train Loss: 0.0009	Val Accuracy: 10.3
Training Epoch: 130/200	Train Loss: 0.0012	Val Accuracy: 9.98
Training Epoch: 131/200	Train Loss: 0.0009	Val Accuracy: 9.98
Training Epoch: 132/200	Train Loss: 0.0012	Val Accuracy: 9.74
Training Epoch: 133/200	Train Loss: 0.002	Val Accuracy: 9.74
Training Epoch: 134/200	Train Loss: 0.0014	Val Accuracy: 10.28
Training Epoch: 135/200	Train Loss: 0.0013	Val Accuracy: 10.28
Training Epoch: 136/200	Train Loss: 0.0007	Val Accuracy: 10.38
Training Epoch: 137/200	Train Loss: 0.001	Val Accuracy: 10.38
Training Epoch: 138/200	Train Loss: 0.001	Val Accuracy: 9.92
Training Epoch: 139/200	Train Loss: 0.0012	Val Accuracy: 9.92
Training Epoch: 140/200	Train Loss: 0.0006	Val Accuracy: 9.74
Training Epoch: 141/200	Train Loss: 0.002	Val Accuracy: 9.74
Training Epoch: 142/200	Train Loss: 0.0011	Val Accuracy: 10.06
Training Epoch: 143/200	Train Loss: 0.0019	Val Accuracy: 10.06
Training Epoch: 144/200	Train Loss: 0.0011	Val Accuracy: 10.3
Training Epoch: 145/200	Train Loss: 0.0009	Val Accuracy: 10.3
Training Epoch: 146/200	Train Loss: 0.0012	Val Accuracy: 10.28
Training Epoch: 147/200	Train Loss: 0.0012	Val Accuracy: 10.28
Training Epoch: 148/200	Train Loss: 0.0008	Val Accuracy: 10.2
Training Epoch: 149/200	Train Loss: 0.001	Val Accuracy: 10.2
Training Epoch: 150/200	Train Loss: 0.0007	Val Accuracy: 10.12
Training Epoch: 151/200	Train Loss: 0.0006	Val Accuracy: 10.12
Training Epoch: 152/200	Train Loss: 0.0012	Val Accuracy: 9.92
Training Epoch: 153/200	Train Loss: 0.0012	Val Accuracy: 9.92
Training Epoch: 154/200	Train Loss: 0.0018	Val Accuracy: 10.2
Training Epoch: 155/200	Train Loss: 0.0011	Val Accuracy: 10.2
Training Epoch: 156/200	Train Loss: 0.0008	Val Accuracy: 10.06
Training Epoch: 157/200	Train Loss: 0.0009	Val Accuracy: 10.06
Training Epoch: 158/200	Train Loss: 0.0008	Val Accuracy: 10.38
Training Epoch: 159/200	Train Loss: 0.0011	Val Accuracy: 10.38
Training Epoch: 160/200	Train Loss: 0.001	Val Accuracy: 9.94
Training Epoch: 161/200	Train Loss: 0.001	Val Accuracy: 9.94
Training Epoch: 162/200	Train Loss: 0.0011	Val Accuracy: 10.2
Training Epoch: 163/200	Train Loss: 0.0009	Val Accuracy: 10.2
Training Epoch: 164/200	Train Loss: 0.0015	Val Accuracy: 10.3
Training Epoch: 165/200	Train Loss: 0.0014	Val Accuracy: 10.3
Training Epoch: 166/200	Train Loss: 0.0012	Val Accuracy: 10.28
Training Epoch: 167/200	Train Loss: 0.0009	Val Accuracy: 10.28
Training Epoch: 168/200	Train Loss: 0.0011	Val Accuracy: 9.92
Training Epoch: 169/200	Train Loss: 0.0013	Val Accuracy: 9.92
Training Epoch: 170/200	Train Loss: 0.0008	Val Accuracy: 9.8
Training Epoch: 171/200	Train Loss: 0.001	Val Accuracy: 9.8
Training Epoch: 172/200	Train Loss: 0.0014	Val Accuracy: 10.24
Training Epoch: 173/200	Train Loss: 0.0009	Val Accuracy: 10.24
Training Epoch: 174/200	Train Loss: 0.0015	Val Accuracy: 10.08
Training Epoch: 175/200	Train Loss: 0.0019	Val Accuracy: 10.08
Training Epoch: 176/200	Train Loss: 0.0011	Val Accuracy: 10.22
Training Epoch: 177/200	Train Loss: 0.0011	Val Accuracy: 10.22
Training Epoch: 178/200	Train Loss: 0.0103	Val Accuracy: 9.86
Training Epoch: 179/200	Train Loss: 0.0009	Val Accuracy: 9.86
Training Epoch: 180/200	Train Loss: 0.0009	Val Accuracy: 10.12
Training Epoch: 181/200	Train Loss: 0.0014	Val Accuracy: 10.12
Training Epoch: 182/200	Train Loss: 0.0008	Val Accuracy: 10.24
Training Epoch: 183/200	Train Loss: 0.0007	Val Accuracy: 10.24
Training Epoch: 184/200	Train Loss: 0.0011	Val Accuracy: 10.06
Training Epoch: 185/200	Train Loss: 0.0009	Val Accuracy: 10.06
Training Epoch: 186/200	Train Loss: 0.0018	Val Accuracy: 9.74
Training Epoch: 187/200	Train Loss: 0.0008	Val Accuracy: 9.74
Training Epoch: 188/200	Train Loss: 0.0011	Val Accuracy: 9.92
Training Epoch: 189/200	Train Loss: 0.0008	Val Accuracy: 9.92
Training Epoch: 190/200	Train Loss: 0.001	Val Accuracy: 10.16
Training Epoch: 191/200	Train Loss: 0.0012	Val Accuracy: 10.16
Training Epoch: 192/200	Train Loss: 0.0011	Val Accuracy: 10.46
Training Epoch: 193/200	Train Loss: 0.001	Val Accuracy: 10.46
Training Epoch: 194/200	Train Loss: 0.001	Val Accuracy: 9.72
Training Epoch: 195/200	Train Loss: 0.0008	Val Accuracy: 9.72
Training Epoch: 196/200	Train Loss: 0.0011	Val Accuracy: 9.94
Training Epoch: 197/200	Train Loss: 0.001	Val Accuracy: 9.94
Training Epoch: 198/200	Train Loss: 0.0016	Val Accuracy: 9.7
Training Epoch: 199/200	Train Loss: 0.0009	Val Accuracy: 9.7
Training Epoch: 200/200	Train Loss: 0.0012	Val Accuracy: 9.9

Wrote Best Model Checkpoint to: vlBest_acc_10_model_epoch_0122.pyth

Best Validation Accuracy: 10.46
Best Epoch: 122

======== TESTING ========

Test Accuracy: 10.63.

======== ACTIVE SAMPLING ========

Extracting Lset Representations
len(dataLoader): 13
Extracting Uset Representations
len(dataLoader): 437
lb_repr.shape:  (1300, 2048)
ul_repr.shape:  (43700, 2048)
Solving K Center Greedy Approach
[GPU] Labeled.shape: torch.Size([1300, 2048])
[GPU] Unlabeled.shape: torch.Size([43700, 2048])
time taken: 0.00037932395935058594 seconds
Time taken to solve K center: 0.15507173538208008 seconds
Active Sampling Complete. After Episode 25:
New Labeled Set: 1350, New Unlabeled Set: 43650, Active Set: 50

================================


Current accuracy values:  [2.8499999999999943, 2.989999999999995, 4.0, 4.060000000000002, 4.730000000000004, 4.609999999999999, 5.159999999999997, 5.730000000000004, 6.069999999999993, 6.430000000000007, 6.319999999999993, 7.299999999999997, 7.579999999999998, 7.530000000000001, 8.049999999999997, 8.260000000000005, 8.519999999999996, 8.75, 8.879999999999995, 9.239999999999995, 9.489999999999995, 9.930000000000007, 9.900000000000006, 10.239999999999995, 10.620000000000005, 10.629999999999995]
======== EPISODE 26 BEGINS ========

======== TRAINING ========
Training Epoch: 1/200	Train Loss: 0.2359	Val Accuracy: 0.0
Training Epoch: 2/200	Train Loss: 0.1432	Val Accuracy: 9.14
Training Epoch: 3/200	Train Loss: 0.061	Val Accuracy: 9.14
Training Epoch: 4/200	Train Loss: 0.1125	Val Accuracy: 9.74
Training Epoch: 5/200	Train Loss: 0.0222	Val Accuracy: 9.74
Training Epoch: 6/200	Train Loss: 0.1401	Val Accuracy: 9.48
Training Epoch: 7/200	Train Loss: 0.0958	Val Accuracy: 9.48
Training Epoch: 8/200	Train Loss: 0.1644	Val Accuracy: 8.5
Training Epoch: 9/200	Train Loss: 0.1366	Val Accuracy: 8.5
Training Epoch: 10/200	Train Loss: 0.0855	Val Accuracy: 8.76
Training Epoch: 11/200	Train Loss: 0.0771	Val Accuracy: 8.76
Training Epoch: 12/200	Train Loss: 0.0807	Val Accuracy: 9.32
Training Epoch: 13/200	Train Loss: 0.1097	Val Accuracy: 9.32
Training Epoch: 14/200	Train Loss: 0.0755	Val Accuracy: 7.3
Training Epoch: 15/200	Train Loss: 0.049	Val Accuracy: 7.3
Training Epoch: 16/200	Train Loss: 0.0863	Val Accuracy: 8.44
Training Epoch: 17/200	Train Loss: 0.1559	Val Accuracy: 8.44
Training Epoch: 18/200	Train Loss: 0.0393	Val Accuracy: 9.0
Training Epoch: 19/200	Train Loss: 0.0757	Val Accuracy: 9.0
Training Epoch: 20/200	Train Loss: 0.0484	Val Accuracy: 8.4
Training Epoch: 21/200	Train Loss: 0.0433	Val Accuracy: 8.4
Training Epoch: 22/200	Train Loss: 0.0375	Val Accuracy: 8.8
Training Epoch: 23/200	Train Loss: 0.0549	Val Accuracy: 8.8
Training Epoch: 24/200	Train Loss: 0.038	Val Accuracy: 9.68
Training Epoch: 25/200	Train Loss: 0.0143	Val Accuracy: 9.68
Training Epoch: 26/200	Train Loss: 0.0843	Val Accuracy: 9.22
Training Epoch: 27/200	Train Loss: 0.1083	Val Accuracy: 9.22
Training Epoch: 28/200	Train Loss: 0.0334	Val Accuracy: 8.68
Training Epoch: 29/200	Train Loss: 0.0235	Val Accuracy: 8.68
Training Epoch: 30/200	Train Loss: 0.0238	Val Accuracy: 8.9
Training Epoch: 31/200	Train Loss: 0.0228	Val Accuracy: 8.9
Training Epoch: 32/200	Train Loss: 0.0178	Val Accuracy: 8.7
Training Epoch: 33/200	Train Loss: 0.0903	Val Accuracy: 8.7
Training Epoch: 34/200	Train Loss: 0.05	Val Accuracy: 9.42
Training Epoch: 35/200	Train Loss: 0.0405	Val Accuracy: 9.42
Training Epoch: 36/200	Train Loss: 0.0316	Val Accuracy: 8.8
Training Epoch: 37/200	Train Loss: 0.1151	Val Accuracy: 8.8
Training Epoch: 38/200	Train Loss: 0.02	Val Accuracy: 9.2
Training Epoch: 39/200	Train Loss: 0.012	Val Accuracy: 9.2
Training Epoch: 40/200	Train Loss: 0.0653	Val Accuracy: 9.44
Training Epoch: 41/200	Train Loss: 0.0485	Val Accuracy: 9.44
Training Epoch: 42/200	Train Loss: 0.0889	Val Accuracy: 8.94
Training Epoch: 43/200	Train Loss: 0.0111	Val Accuracy: 8.94
Training Epoch: 44/200	Train Loss: 0.0673	Val Accuracy: 9.54
Training Epoch: 45/200	Train Loss: 0.0301	Val Accuracy: 9.54
Training Epoch: 46/200	Train Loss: 0.0131	Val Accuracy: 8.98
Training Epoch: 47/200	Train Loss: 0.0165	Val Accuracy: 8.98
Training Epoch: 48/200	Train Loss: 0.0113	Val Accuracy: 9.38
Training Epoch: 49/200	Train Loss: 0.0178	Val Accuracy: 9.38
Training Epoch: 50/200	Train Loss: 0.0546	Val Accuracy: 9.12
Training Epoch: 51/200	Train Loss: 0.0551	Val Accuracy: 9.12
Training Epoch: 52/200	Train Loss: 0.0032	Val Accuracy: 9.08
Training Epoch: 53/200	Train Loss: 0.1	Val Accuracy: 9.08
Training Epoch: 54/200	Train Loss: 0.0024	Val Accuracy: 9.44
Training Epoch: 55/200	Train Loss: 0.0041	Val Accuracy: 9.44
Training Epoch: 56/200	Train Loss: 0.0036	Val Accuracy: 9.72
Training Epoch: 57/200	Train Loss: 0.0012	Val Accuracy: 9.72
Training Epoch: 58/200	Train Loss: 0.0057	Val Accuracy: 9.24
Training Epoch: 59/200	Train Loss: 0.0219	Val Accuracy: 9.24
Training Epoch: 60/200	Train Loss: 0.0019	Val Accuracy: 9.86
Training Epoch: 61/200	Train Loss: 0.0025	Val Accuracy: 9.86
Training Epoch: 62/200	Train Loss: 0.0028	Val Accuracy: 9.66
Training Epoch: 63/200	Train Loss: 0.0029	Val Accuracy: 9.66
Training Epoch: 64/200	Train Loss: 0.002	Val Accuracy: 9.28
Training Epoch: 65/200	Train Loss: 0.0163	Val Accuracy: 9.28
Training Epoch: 66/200	Train Loss: 0.0056	Val Accuracy: 9.78
Training Epoch: 67/200	Train Loss: 0.0141	Val Accuracy: 9.78
Training Epoch: 68/200	Train Loss: 0.0048	Val Accuracy: 10.0
Training Epoch: 69/200	Train Loss: 0.0046	Val Accuracy: 10.0
Training Epoch: 70/200	Train Loss: 0.0042	Val Accuracy: 9.64
Training Epoch: 71/200	Train Loss: 0.0025	Val Accuracy: 9.64
Training Epoch: 72/200	Train Loss: 0.0028	Val Accuracy: 9.72
Training Epoch: 73/200	Train Loss: 0.0014	Val Accuracy: 9.72
Training Epoch: 74/200	Train Loss: 0.0009	Val Accuracy: 10.18
Training Epoch: 75/200	Train Loss: 0.0015	Val Accuracy: 10.18
Training Epoch: 76/200	Train Loss: 0.0012	Val Accuracy: 10.2
Training Epoch: 77/200	Train Loss: 0.0016	Val Accuracy: 10.2
Training Epoch: 78/200	Train Loss: 0.0013	Val Accuracy: 10.04
Training Epoch: 79/200	Train Loss: 0.0029	Val Accuracy: 10.04
Training Epoch: 80/200	Train Loss: 0.0025	Val Accuracy: 9.76
Training Epoch: 81/200	Train Loss: 0.0008	Val Accuracy: 9.76
Training Epoch: 82/200	Train Loss: 0.0012	Val Accuracy: 10.0
Training Epoch: 83/200	Train Loss: 0.002	Val Accuracy: 10.0
Training Epoch: 84/200	Train Loss: 0.0008	Val Accuracy: 9.88
Training Epoch: 85/200	Train Loss: 0.001	Val Accuracy: 9.88
Training Epoch: 86/200	Train Loss: 0.0016	Val Accuracy: 10.02
Training Epoch: 87/200	Train Loss: 0.0015	Val Accuracy: 10.02
Training Epoch: 88/200	Train Loss: 0.0011	Val Accuracy: 9.88
Training Epoch: 89/200	Train Loss: 0.0031	Val Accuracy: 9.88
Training Epoch: 90/200	Train Loss: 0.0026	Val Accuracy: 10.26
Training Epoch: 91/200	Train Loss: 0.0008	Val Accuracy: 10.26
Training Epoch: 92/200	Train Loss: 0.0008	Val Accuracy: 9.6
Training Epoch: 93/200	Train Loss: 0.004	Val Accuracy: 9.6
Training Epoch: 94/200	Train Loss: 0.0012	Val Accuracy: 9.74
Training Epoch: 95/200	Train Loss: 0.001	Val Accuracy: 9.74
Training Epoch: 96/200	Train Loss: 0.0008	Val Accuracy: 10.04
Training Epoch: 97/200	Train Loss: 0.001	Val Accuracy: 10.04
Training Epoch: 98/200	Train Loss: 0.0011	Val Accuracy: 9.7
Training Epoch: 99/200	Train Loss: 0.0008	Val Accuracy: 9.7
Training Epoch: 100/200	Train Loss: 0.0008	Val Accuracy: 9.94
Training Epoch: 101/200	Train Loss: 0.001	Val Accuracy: 9.94
Training Epoch: 102/200	Train Loss: 0.0009	Val Accuracy: 10.26
Training Epoch: 103/200	Train Loss: 0.0009	Val Accuracy: 10.26
Training Epoch: 104/200	Train Loss: 0.0008	Val Accuracy: 9.86
Training Epoch: 105/200	Train Loss: 0.0011	Val Accuracy: 9.86
Training Epoch: 106/200	Train Loss: 0.001	Val Accuracy: 9.84
Training Epoch: 107/200	Train Loss: 0.0011	Val Accuracy: 9.84
Training Epoch: 108/200	Train Loss: 0.0018	Val Accuracy: 10.52
Training Epoch: 109/200	Train Loss: 0.0009	Val Accuracy: 10.52
Training Epoch: 110/200	Train Loss: 0.0014	Val Accuracy: 10.16
Training Epoch: 111/200	Train Loss: 0.0006	Val Accuracy: 10.16
Training Epoch: 112/200	Train Loss: 0.0008	Val Accuracy: 9.94
Training Epoch: 113/200	Train Loss: 0.0006	Val Accuracy: 9.94
Training Epoch: 114/200	Train Loss: 0.0015	Val Accuracy: 10.16
Training Epoch: 115/200	Train Loss: 0.0016	Val Accuracy: 10.16
Training Epoch: 116/200	Train Loss: 0.0007	Val Accuracy: 10.04
Training Epoch: 117/200	Train Loss: 0.001	Val Accuracy: 10.04
Training Epoch: 118/200	Train Loss: 0.0009	Val Accuracy: 10.22
Training Epoch: 119/200	Train Loss: 0.0013	Val Accuracy: 10.22
Training Epoch: 120/200	Train Loss: 0.001	Val Accuracy: 9.64
Training Epoch: 121/200	Train Loss: 0.0013	Val Accuracy: 9.64
Training Epoch: 122/200	Train Loss: 0.0011	Val Accuracy: 10.28
Training Epoch: 123/200	Train Loss: 0.0006	Val Accuracy: 10.28
Training Epoch: 124/200	Train Loss: 0.0012	Val Accuracy: 9.52
Training Epoch: 125/200	Train Loss: 0.001	Val Accuracy: 9.52
Training Epoch: 126/200	Train Loss: 0.0007	Val Accuracy: 10.22
Training Epoch: 127/200	Train Loss: 0.0011	Val Accuracy: 10.22
Training Epoch: 128/200	Train Loss: 0.0007	Val Accuracy: 9.94
Training Epoch: 129/200	Train Loss: 0.0011	Val Accuracy: 9.94
Training Epoch: 130/200	Train Loss: 0.0008	Val Accuracy: 9.6
Training Epoch: 131/200	Train Loss: 0.0013	Val Accuracy: 9.6
Training Epoch: 132/200	Train Loss: 0.0009	Val Accuracy: 10.24
Training Epoch: 133/200	Train Loss: 0.0007	Val Accuracy: 10.24
Training Epoch: 134/200	Train Loss: 0.0016	Val Accuracy: 10.2
Training Epoch: 135/200	Train Loss: 0.0006	Val Accuracy: 10.2
Training Epoch: 136/200	Train Loss: 0.0006	Val Accuracy: 9.84
Training Epoch: 137/200	Train Loss: 0.0009	Val Accuracy: 9.84
Training Epoch: 138/200	Train Loss: 0.0006	Val Accuracy: 10.0
Training Epoch: 139/200	Train Loss: 0.0015	Val Accuracy: 10.0
Training Epoch: 140/200	Train Loss: 0.0009	Val Accuracy: 9.98
Training Epoch: 141/200	Train Loss: 0.0009	Val Accuracy: 9.98
Training Epoch: 142/200	Train Loss: 0.0009	Val Accuracy: 9.74
Training Epoch: 143/200	Train Loss: 0.0009	Val Accuracy: 9.74
Training Epoch: 144/200	Train Loss: 0.001	Val Accuracy: 10.08
Training Epoch: 145/200	Train Loss: 0.001	Val Accuracy: 10.08
Training Epoch: 146/200	Train Loss: 0.0008	Val Accuracy: 10.1
Training Epoch: 147/200	Train Loss: 0.001	Val Accuracy: 10.1
Training Epoch: 148/200	Train Loss: 0.0007	Val Accuracy: 10.36
Training Epoch: 149/200	Train Loss: 0.0011	Val Accuracy: 10.36
Training Epoch: 150/200	Train Loss: 0.0008	Val Accuracy: 10.06
Training Epoch: 151/200	Train Loss: 0.001	Val Accuracy: 10.06
Training Epoch: 152/200	Train Loss: 0.0009	Val Accuracy: 10.16
Training Epoch: 153/200	Train Loss: 0.0011	Val Accuracy: 10.16
Training Epoch: 154/200	Train Loss: 0.0007	Val Accuracy: 10.14
Training Epoch: 155/200	Train Loss: 0.0012	Val Accuracy: 10.14
Training Epoch: 156/200	Train Loss: 0.001	Val Accuracy: 10.16
Training Epoch: 157/200	Train Loss: 0.0008	Val Accuracy: 10.16
Training Epoch: 158/200	Train Loss: 0.0011	Val Accuracy: 9.74
Training Epoch: 159/200	Train Loss: 0.0007	Val Accuracy: 9.74
Training Epoch: 160/200	Train Loss: 0.0033	Val Accuracy: 10.12
Training Epoch: 161/200	Train Loss: 0.0011	Val Accuracy: 10.12
Training Epoch: 162/200	Train Loss: 0.0011	Val Accuracy: 10.38
Training Epoch: 163/200	Train Loss: 0.0011	Val Accuracy: 10.38
Training Epoch: 164/200	Train Loss: 0.0007	Val Accuracy: 10.18
Training Epoch: 165/200	Train Loss: 0.0009	Val Accuracy: 10.18
Training Epoch: 166/200	Train Loss: 0.0009	Val Accuracy: 9.82
Training Epoch: 167/200	Train Loss: 0.0009	Val Accuracy: 9.82
Training Epoch: 168/200	Train Loss: 0.0014	Val Accuracy: 9.76
Training Epoch: 169/200	Train Loss: 0.0008	Val Accuracy: 9.76
Training Epoch: 170/200	Train Loss: 0.0011	Val Accuracy: 10.32
Training Epoch: 171/200	Train Loss: 0.0007	Val Accuracy: 10.32
Training Epoch: 172/200	Train Loss: 0.0009	Val Accuracy: 9.72
Training Epoch: 173/200	Train Loss: 0.001	Val Accuracy: 9.72
Training Epoch: 174/200	Train Loss: 0.0011	Val Accuracy: 10.04
Training Epoch: 175/200	Train Loss: 0.001	Val Accuracy: 10.04
Training Epoch: 176/200	Train Loss: 0.0012	Val Accuracy: 9.88
Training Epoch: 177/200	Train Loss: 0.0012	Val Accuracy: 9.88
Training Epoch: 178/200	Train Loss: 0.0008	Val Accuracy: 10.24
Training Epoch: 179/200	Train Loss: 0.001	Val Accuracy: 10.24
Training Epoch: 180/200	Train Loss: 0.0008	Val Accuracy: 10.22
Training Epoch: 181/200	Train Loss: 0.0016	Val Accuracy: 10.22
Training Epoch: 182/200	Train Loss: 0.0027	Val Accuracy: 10.02
Training Epoch: 183/200	Train Loss: 0.003	Val Accuracy: 10.02
Training Epoch: 184/200	Train Loss: 0.0007	Val Accuracy: 10.0
Training Epoch: 185/200	Train Loss: 0.0011	Val Accuracy: 10.0
Training Epoch: 186/200	Train Loss: 0.0012	Val Accuracy: 10.0
Training Epoch: 187/200	Train Loss: 0.0008	Val Accuracy: 10.0
Training Epoch: 188/200	Train Loss: 0.0015	Val Accuracy: 9.86
Training Epoch: 189/200	Train Loss: 0.0011	Val Accuracy: 9.86
Training Epoch: 190/200	Train Loss: 0.0006	Val Accuracy: 10.4
Training Epoch: 191/200	Train Loss: 0.0009	Val Accuracy: 10.4
Training Epoch: 192/200	Train Loss: 0.0012	Val Accuracy: 10.24
Training Epoch: 193/200	Train Loss: 0.0009	Val Accuracy: 10.24
Training Epoch: 194/200	Train Loss: 0.0008	Val Accuracy: 10.02
Training Epoch: 195/200	Train Loss: 0.0008	Val Accuracy: 10.02
Training Epoch: 196/200	Train Loss: 0.0009	Val Accuracy: 10.02
Training Epoch: 197/200	Train Loss: 0.0028	Val Accuracy: 10.02
Training Epoch: 198/200	Train Loss: 0.0019	Val Accuracy: 9.96
Training Epoch: 199/200	Train Loss: 0.0016	Val Accuracy: 9.96
Training Epoch: 200/200	Train Loss: 0.0008	Val Accuracy: 9.48

Wrote Best Model Checkpoint to: vlBest_acc_10_model_epoch_0108.pyth

Best Validation Accuracy: 10.52
Best Epoch: 108

======== TESTING ========

Test Accuracy: 11.07.

======== ACTIVE SAMPLING ========

Extracting Lset Representations
len(dataLoader): 14
Extracting Uset Representations
len(dataLoader): 437
lb_repr.shape:  (1350, 2048)
ul_repr.shape:  (43650, 2048)
Solving K Center Greedy Approach
[GPU] Labeled.shape: torch.Size([1350, 2048])
[GPU] Unlabeled.shape: torch.Size([43650, 2048])
time taken: 0.0004177093505859375 seconds
Time taken to solve K center: 0.15562152862548828 seconds
Active Sampling Complete. After Episode 26:
New Labeled Set: 1400, New Unlabeled Set: 43600, Active Set: 50

================================


Current accuracy values:  [2.8499999999999943, 2.989999999999995, 4.0, 4.060000000000002, 4.730000000000004, 4.609999999999999, 5.159999999999997, 5.730000000000004, 6.069999999999993, 6.430000000000007, 6.319999999999993, 7.299999999999997, 7.579999999999998, 7.530000000000001, 8.049999999999997, 8.260000000000005, 8.519999999999996, 8.75, 8.879999999999995, 9.239999999999995, 9.489999999999995, 9.930000000000007, 9.900000000000006, 10.239999999999995, 10.620000000000005, 10.629999999999995, 11.069999999999993]
======== EPISODE 27 BEGINS ========

======== TRAINING ========
Training Epoch: 1/200	Train Loss: 0.2484	Val Accuracy: 0.0
Training Epoch: 2/200	Train Loss: 0.1912	Val Accuracy: 8.52
Training Epoch: 3/200	Train Loss: 0.0349	Val Accuracy: 8.52
Training Epoch: 4/200	Train Loss: 0.0839	Val Accuracy: 8.56
Training Epoch: 5/200	Train Loss: 0.0309	Val Accuracy: 8.56
Training Epoch: 6/200	Train Loss: 0.0804	Val Accuracy: 8.62
Training Epoch: 7/200	Train Loss: 0.0301	Val Accuracy: 8.62
Training Epoch: 8/200	Train Loss: 0.1629	Val Accuracy: 9.14
Training Epoch: 9/200	Train Loss: 0.0232	Val Accuracy: 9.14
Training Epoch: 10/200	Train Loss: 0.0125	Val Accuracy: 9.0
Training Epoch: 11/200	Train Loss: 0.0306	Val Accuracy: 9.0
Training Epoch: 12/200	Train Loss: 0.0328	Val Accuracy: 9.48
Training Epoch: 13/200	Train Loss: 0.0686	Val Accuracy: 9.48
Training Epoch: 14/200	Train Loss: 0.0982	Val Accuracy: 8.62
Training Epoch: 15/200	Train Loss: 0.061	Val Accuracy: 8.62
Training Epoch: 16/200	Train Loss: 0.1392	Val Accuracy: 8.88
Training Epoch: 17/200	Train Loss: 0.0303	Val Accuracy: 8.88
Training Epoch: 18/200	Train Loss: 0.0487	Val Accuracy: 8.22
Training Epoch: 19/200	Train Loss: 0.0343	Val Accuracy: 8.22
Training Epoch: 20/200	Train Loss: 0.1106	Val Accuracy: 8.04
Training Epoch: 21/200	Train Loss: 0.0664	Val Accuracy: 8.04
Training Epoch: 22/200	Train Loss: 0.042	Val Accuracy: 8.4
Training Epoch: 23/200	Train Loss: 0.0889	Val Accuracy: 8.4
Training Epoch: 24/200	Train Loss: 0.0602	Val Accuracy: 9.28
Training Epoch: 25/200	Train Loss: 0.0486	Val Accuracy: 9.28
Training Epoch: 26/200	Train Loss: 0.0227	Val Accuracy: 8.92
Training Epoch: 27/200	Train Loss: 0.0646	Val Accuracy: 8.92
Training Epoch: 28/200	Train Loss: 0.0619	Val Accuracy: 9.24
Training Epoch: 29/200	Train Loss: 0.0276	Val Accuracy: 9.24
Training Epoch: 30/200	Train Loss: 0.0314	Val Accuracy: 9.06
Training Epoch: 31/200	Train Loss: 0.0103	Val Accuracy: 9.06
Training Epoch: 32/200	Train Loss: 0.0051	Val Accuracy: 9.28
Training Epoch: 33/200	Train Loss: 0.0116	Val Accuracy: 9.28
Training Epoch: 34/200	Train Loss: 0.0031	Val Accuracy: 9.62
Training Epoch: 35/200	Train Loss: 0.0112	Val Accuracy: 9.62
Training Epoch: 36/200	Train Loss: 0.0033	Val Accuracy: 9.34
Training Epoch: 37/200	Train Loss: 0.0053	Val Accuracy: 9.34
Training Epoch: 38/200	Train Loss: 0.0023	Val Accuracy: 10.04
Training Epoch: 39/200	Train Loss: 0.0021	Val Accuracy: 10.04
Training Epoch: 40/200	Train Loss: 0.0054	Val Accuracy: 9.06
Training Epoch: 41/200	Train Loss: 0.0033	Val Accuracy: 9.06
Training Epoch: 42/200	Train Loss: 0.003	Val Accuracy: 9.4
Training Epoch: 43/200	Train Loss: 0.0022	Val Accuracy: 9.4
Training Epoch: 44/200	Train Loss: 0.0022	Val Accuracy: 9.46
Training Epoch: 45/200	Train Loss: 0.0483	Val Accuracy: 9.46
Training Epoch: 46/200	Train Loss: 0.0098	Val Accuracy: 9.08
Training Epoch: 47/200	Train Loss: 0.0051	Val Accuracy: 9.08
Training Epoch: 48/200	Train Loss: 0.0685	Val Accuracy: 9.34
Training Epoch: 49/200	Train Loss: 0.004	Val Accuracy: 9.34
Training Epoch: 50/200	Train Loss: 0.006	Val Accuracy: 9.68
Training Epoch: 51/200	Train Loss: 0.0104	Val Accuracy: 9.68
Training Epoch: 52/200	Train Loss: 0.0052	Val Accuracy: 9.36
Training Epoch: 53/200	Train Loss: 0.0217	Val Accuracy: 9.36
Training Epoch: 54/200	Train Loss: 0.0315	Val Accuracy: 10.06
Training Epoch: 55/200	Train Loss: 0.008	Val Accuracy: 10.06
Training Epoch: 56/200	Train Loss: 0.0035	Val Accuracy: 9.54
Training Epoch: 57/200	Train Loss: 0.0335	Val Accuracy: 9.54
Training Epoch: 58/200	Train Loss: 0.0126	Val Accuracy: 9.72
Training Epoch: 59/200	Train Loss: 0.0025	Val Accuracy: 9.72
Training Epoch: 60/200	Train Loss: 0.0024	Val Accuracy: 10.04
Training Epoch: 61/200	Train Loss: 0.0043	Val Accuracy: 10.04
Training Epoch: 62/200	Train Loss: 0.0013	Val Accuracy: 9.62
Training Epoch: 63/200	Train Loss: 0.0045	Val Accuracy: 9.62
Training Epoch: 64/200	Train Loss: 0.0016	Val Accuracy: 9.54
Training Epoch: 65/200	Train Loss: 0.0021	Val Accuracy: 9.54
Training Epoch: 66/200	Train Loss: 0.0575	Val Accuracy: 9.66
Training Epoch: 67/200	Train Loss: 0.0075	Val Accuracy: 9.66
Training Epoch: 68/200	Train Loss: 0.005	Val Accuracy: 9.58
Training Epoch: 69/200	Train Loss: 0.0285	Val Accuracy: 9.58
Training Epoch: 70/200	Train Loss: 0.0335	Val Accuracy: 9.72
Training Epoch: 71/200	Train Loss: 0.0029	Val Accuracy: 9.72
Training Epoch: 72/200	Train Loss: 0.0016	Val Accuracy: 9.94
Training Epoch: 73/200	Train Loss: 0.001	Val Accuracy: 9.94
Training Epoch: 74/200	Train Loss: 0.0029	Val Accuracy: 9.22
Training Epoch: 75/200	Train Loss: 0.0029	Val Accuracy: 9.22
Training Epoch: 76/200	Train Loss: 0.0015	Val Accuracy: 9.8
Training Epoch: 77/200	Train Loss: 0.002	Val Accuracy: 9.8
Training Epoch: 78/200	Train Loss: 0.0011	Val Accuracy: 9.84
Training Epoch: 79/200	Train Loss: 0.0013	Val Accuracy: 9.84
Training Epoch: 80/200	Train Loss: 0.0026	Val Accuracy: 9.86
Training Epoch: 81/200	Train Loss: 0.0018	Val Accuracy: 9.86
Training Epoch: 82/200	Train Loss: 0.001	Val Accuracy: 9.72
Training Epoch: 83/200	Train Loss: 0.0013	Val Accuracy: 9.72
Training Epoch: 84/200	Train Loss: 0.0015	Val Accuracy: 9.52
Training Epoch: 85/200	Train Loss: 0.0016	Val Accuracy: 9.52
Training Epoch: 86/200	Train Loss: 0.0013	Val Accuracy: 9.58
Training Epoch: 87/200	Train Loss: 0.0012	Val Accuracy: 9.58
Training Epoch: 88/200	Train Loss: 0.0011	Val Accuracy: 9.8
Training Epoch: 89/200	Train Loss: 0.0011	Val Accuracy: 9.8
Training Epoch: 90/200	Train Loss: 0.0015	Val Accuracy: 9.88
Training Epoch: 91/200	Train Loss: 0.0011	Val Accuracy: 9.88
Training Epoch: 92/200	Train Loss: 0.0009	Val Accuracy: 9.72
Training Epoch: 93/200	Train Loss: 0.0013	Val Accuracy: 9.72
Training Epoch: 94/200	Train Loss: 0.001	Val Accuracy: 9.66
Training Epoch: 95/200	Train Loss: 0.0012	Val Accuracy: 9.66
Training Epoch: 96/200	Train Loss: 0.0011	Val Accuracy: 9.84
Training Epoch: 97/200	Train Loss: 0.0009	Val Accuracy: 9.84
Training Epoch: 98/200	Train Loss: 0.0021	Val Accuracy: 9.78
Training Epoch: 99/200	Train Loss: 0.0017	Val Accuracy: 9.78
Training Epoch: 100/200	Train Loss: 0.0017	Val Accuracy: 10.34
Training Epoch: 101/200	Train Loss: 0.0008	Val Accuracy: 10.34
Training Epoch: 102/200	Train Loss: 0.001	Val Accuracy: 9.26
Training Epoch: 103/200	Train Loss: 0.0013	Val Accuracy: 9.26
Training Epoch: 104/200	Train Loss: 0.0009	Val Accuracy: 9.46
Training Epoch: 105/200	Train Loss: 0.0011	Val Accuracy: 9.46
Training Epoch: 106/200	Train Loss: 0.0024	Val Accuracy: 9.98
Training Epoch: 107/200	Train Loss: 0.0086	Val Accuracy: 9.98
Training Epoch: 108/200	Train Loss: 0.0013	Val Accuracy: 9.84
Training Epoch: 109/200	Train Loss: 0.0009	Val Accuracy: 9.84
Training Epoch: 110/200	Train Loss: 0.0015	Val Accuracy: 9.62
Training Epoch: 111/200	Train Loss: 0.0014	Val Accuracy: 9.62
Training Epoch: 112/200	Train Loss: 0.0014	Val Accuracy: 9.42
Training Epoch: 113/200	Train Loss: 0.0024	Val Accuracy: 9.42
Training Epoch: 114/200	Train Loss: 0.0011	Val Accuracy: 9.54
Training Epoch: 115/200	Train Loss: 0.0008	Val Accuracy: 9.54
Training Epoch: 116/200	Train Loss: 0.0013	Val Accuracy: 10.18
Training Epoch: 117/200	Train Loss: 0.0011	Val Accuracy: 10.18
Training Epoch: 118/200	Train Loss: 0.0019	Val Accuracy: 9.8
Training Epoch: 119/200	Train Loss: 0.0014	Val Accuracy: 9.8
Training Epoch: 120/200	Train Loss: 0.0009	Val Accuracy: 10.0
Training Epoch: 121/200	Train Loss: 0.0015	Val Accuracy: 10.0
Training Epoch: 122/200	Train Loss: 0.0013	Val Accuracy: 9.86
Training Epoch: 123/200	Train Loss: 0.0008	Val Accuracy: 9.86
Training Epoch: 124/200	Train Loss: 0.001	Val Accuracy: 9.98
Training Epoch: 125/200	Train Loss: 0.0011	Val Accuracy: 9.98
Training Epoch: 126/200	Train Loss: 0.0013	Val Accuracy: 9.72
Training Epoch: 127/200	Train Loss: 0.0011	Val Accuracy: 9.72
Training Epoch: 128/200	Train Loss: 0.0013	Val Accuracy: 9.96
Training Epoch: 129/200	Train Loss: 0.001	Val Accuracy: 9.96
Training Epoch: 130/200	Train Loss: 0.0008	Val Accuracy: 9.86
Training Epoch: 131/200	Train Loss: 0.001	Val Accuracy: 9.86
Training Epoch: 132/200	Train Loss: 0.0013	Val Accuracy: 9.84
Training Epoch: 133/200	Train Loss: 0.001	Val Accuracy: 9.84
Training Epoch: 134/200	Train Loss: 0.0013	Val Accuracy: 9.88
Training Epoch: 135/200	Train Loss: 0.0015	Val Accuracy: 9.88
Training Epoch: 136/200	Train Loss: 0.0009	Val Accuracy: 10.1
Training Epoch: 137/200	Train Loss: 0.0012	Val Accuracy: 10.1
Training Epoch: 138/200	Train Loss: 0.0014	Val Accuracy: 9.72
Training Epoch: 139/200	Train Loss: 0.0008	Val Accuracy: 9.72
Training Epoch: 140/200	Train Loss: 0.0011	Val Accuracy: 10.08
Training Epoch: 141/200	Train Loss: 0.0009	Val Accuracy: 10.08
Training Epoch: 142/200	Train Loss: 0.0007	Val Accuracy: 9.6
Training Epoch: 143/200	Train Loss: 0.0008	Val Accuracy: 9.6
Training Epoch: 144/200	Train Loss: 0.0013	Val Accuracy: 10.12
Training Epoch: 145/200	Train Loss: 0.0013	Val Accuracy: 10.12
Training Epoch: 146/200	Train Loss: 0.0011	Val Accuracy: 9.28
Training Epoch: 147/200	Train Loss: 0.001	Val Accuracy: 9.28
Training Epoch: 148/200	Train Loss: 0.001	Val Accuracy: 9.84
Training Epoch: 149/200	Train Loss: 0.0016	Val Accuracy: 9.84
Training Epoch: 150/200	Train Loss: 0.001	Val Accuracy: 9.5
Training Epoch: 151/200	Train Loss: 0.001	Val Accuracy: 9.5
Training Epoch: 152/200	Train Loss: 0.0012	Val Accuracy: 9.6
Training Epoch: 153/200	Train Loss: 0.0012	Val Accuracy: 9.6
Training Epoch: 154/200	Train Loss: 0.0007	Val Accuracy: 9.8
Training Epoch: 155/200	Train Loss: 0.001	Val Accuracy: 9.8
Training Epoch: 156/200	Train Loss: 0.0011	Val Accuracy: 10.0
Training Epoch: 157/200	Train Loss: 0.0013	Val Accuracy: 10.0
Training Epoch: 158/200	Train Loss: 0.0011	Val Accuracy: 10.2
Training Epoch: 159/200	Train Loss: 0.0009	Val Accuracy: 10.2
Training Epoch: 160/200	Train Loss: 0.0011	Val Accuracy: 10.14
Training Epoch: 161/200	Train Loss: 0.0008	Val Accuracy: 10.14
Training Epoch: 162/200	Train Loss: 0.0028	Val Accuracy: 9.98
Training Epoch: 163/200	Train Loss: 0.001	Val Accuracy: 9.98
Training Epoch: 164/200	Train Loss: 0.0018	Val Accuracy: 10.46
Training Epoch: 165/200	Train Loss: 0.0015	Val Accuracy: 10.46
Training Epoch: 166/200	Train Loss: 0.0013	Val Accuracy: 10.52
Training Epoch: 167/200	Train Loss: 0.0007	Val Accuracy: 10.52
Training Epoch: 168/200	Train Loss: 0.0012	Val Accuracy: 9.62
Training Epoch: 169/200	Train Loss: 0.0013	Val Accuracy: 9.62
Training Epoch: 170/200	Train Loss: 0.0011	Val Accuracy: 10.08
Training Epoch: 171/200	Train Loss: 0.0011	Val Accuracy: 10.08
Training Epoch: 172/200	Train Loss: 0.0007	Val Accuracy: 9.76
Training Epoch: 173/200	Train Loss: 0.0011	Val Accuracy: 9.76
Training Epoch: 174/200	Train Loss: 0.0014	Val Accuracy: 10.0
Training Epoch: 175/200	Train Loss: 0.0007	Val Accuracy: 10.0
Training Epoch: 176/200	Train Loss: 0.001	Val Accuracy: 10.22
Training Epoch: 177/200	Train Loss: 0.0013	Val Accuracy: 10.22
Training Epoch: 178/200	Train Loss: 0.0009	Val Accuracy: 10.08
Training Epoch: 179/200	Train Loss: 0.001	Val Accuracy: 10.08
Training Epoch: 180/200	Train Loss: 0.001	Val Accuracy: 10.28
Training Epoch: 181/200	Train Loss: 0.0007	Val Accuracy: 10.28
Training Epoch: 182/200	Train Loss: 0.001	Val Accuracy: 9.8
Training Epoch: 183/200	Train Loss: 0.0008	Val Accuracy: 9.8
Training Epoch: 184/200	Train Loss: 0.0014	Val Accuracy: 10.2
Training Epoch: 185/200	Train Loss: 0.0017	Val Accuracy: 10.2
Training Epoch: 186/200	Train Loss: 0.001	Val Accuracy: 10.06
Training Epoch: 187/200	Train Loss: 0.0015	Val Accuracy: 10.06
Training Epoch: 188/200	Train Loss: 0.0007	Val Accuracy: 9.42
Training Epoch: 189/200	Train Loss: 0.0011	Val Accuracy: 9.42
Training Epoch: 190/200	Train Loss: 0.002	Val Accuracy: 9.86
Training Epoch: 191/200	Train Loss: 0.0008	Val Accuracy: 9.86
Training Epoch: 192/200	Train Loss: 0.0016	Val Accuracy: 10.02
Training Epoch: 193/200	Train Loss: 0.0009	Val Accuracy: 10.02
Training Epoch: 194/200	Train Loss: 0.0011	Val Accuracy: 9.94
Training Epoch: 195/200	Train Loss: 0.0009	Val Accuracy: 9.94
Training Epoch: 196/200	Train Loss: 0.0009	Val Accuracy: 10.52
Training Epoch: 197/200	Train Loss: 0.0014	Val Accuracy: 10.52
Training Epoch: 198/200	Train Loss: 0.0009	Val Accuracy: 10.34
Training Epoch: 199/200	Train Loss: 0.0014	Val Accuracy: 10.34
Training Epoch: 200/200	Train Loss: 0.0009	Val Accuracy: 9.86

Wrote Best Model Checkpoint to: vlBest_acc_10_model_epoch_0166.pyth

Best Validation Accuracy: 10.52
Best Epoch: 166

======== TESTING ========

Test Accuracy: 11.16.

======== ACTIVE SAMPLING ========

Extracting Lset Representations
len(dataLoader): 14
Extracting Uset Representations
len(dataLoader): 436
lb_repr.shape:  (1400, 2048)
ul_repr.shape:  (43600, 2048)
Solving K Center Greedy Approach
[GPU] Labeled.shape: torch.Size([1400, 2048])
[GPU] Unlabeled.shape: torch.Size([43600, 2048])
time taken: 0.0004239082336425781 seconds
Time taken to solve K center: 0.15576624870300293 seconds
Active Sampling Complete. After Episode 27:
New Labeled Set: 1450, New Unlabeled Set: 43550, Active Set: 50

================================


Current accuracy values:  [2.8499999999999943, 2.989999999999995, 4.0, 4.060000000000002, 4.730000000000004, 4.609999999999999, 5.159999999999997, 5.730000000000004, 6.069999999999993, 6.430000000000007, 6.319999999999993, 7.299999999999997, 7.579999999999998, 7.530000000000001, 8.049999999999997, 8.260000000000005, 8.519999999999996, 8.75, 8.879999999999995, 9.239999999999995, 9.489999999999995, 9.930000000000007, 9.900000000000006, 10.239999999999995, 10.620000000000005, 10.629999999999995, 11.069999999999993, 11.159999999999997]
======== EPISODE 28 BEGINS ========

======== TRAINING ========
Training Epoch: 1/200	Train Loss: 0.1766	Val Accuracy: 0.0
Training Epoch: 2/200	Train Loss: 0.2415	Val Accuracy: 8.9
Training Epoch: 3/200	Train Loss: 0.2024	Val Accuracy: 8.9
Training Epoch: 4/200	Train Loss: 0.0687	Val Accuracy: 8.1
Training Epoch: 5/200	Train Loss: 0.0849	Val Accuracy: 8.1
Training Epoch: 6/200	Train Loss: 0.21	Val Accuracy: 8.24
Training Epoch: 7/200	Train Loss: 0.2076	Val Accuracy: 8.24
Training Epoch: 8/200	Train Loss: 0.1699	Val Accuracy: 7.86
Training Epoch: 9/200	Train Loss: 0.0831	Val Accuracy: 7.86
Training Epoch: 10/200	Train Loss: 0.1621	Val Accuracy: 8.36
Training Epoch: 11/200	Train Loss: 0.0746	Val Accuracy: 8.36
Training Epoch: 12/200	Train Loss: 0.0755	Val Accuracy: 8.32
Training Epoch: 13/200	Train Loss: 0.2874	Val Accuracy: 8.32
Training Epoch: 14/200	Train Loss: 0.4178	Val Accuracy: 8.76
Training Epoch: 15/200	Train Loss: 0.1414	Val Accuracy: 8.76
Training Epoch: 16/200	Train Loss: 0.0674	Val Accuracy: 8.76
Training Epoch: 17/200	Train Loss: 0.0858	Val Accuracy: 8.76
Training Epoch: 18/200	Train Loss: 0.2249	Val Accuracy: 8.28
Training Epoch: 19/200	Train Loss: 0.1098	Val Accuracy: 8.28
Training Epoch: 20/200	Train Loss: 0.1098	Val Accuracy: 7.7
Training Epoch: 21/200	Train Loss: 0.0486	Val Accuracy: 7.7
Training Epoch: 22/200	Train Loss: 0.1758	Val Accuracy: 8.5
Training Epoch: 23/200	Train Loss: 0.068	Val Accuracy: 8.5
Training Epoch: 24/200	Train Loss: 0.1295	Val Accuracy: 8.84
Training Epoch: 25/200	Train Loss: 0.068	Val Accuracy: 8.84
Training Epoch: 26/200	Train Loss: 0.0622	Val Accuracy: 8.48
Training Epoch: 27/200	Train Loss: 0.0257	Val Accuracy: 8.48
Training Epoch: 28/200	Train Loss: 0.136	Val Accuracy: 9.22
Training Epoch: 29/200	Train Loss: 0.1324	Val Accuracy: 9.22
Training Epoch: 30/200	Train Loss: 0.1621	Val Accuracy: 9.08
Training Epoch: 31/200	Train Loss: 0.0414	Val Accuracy: 9.08
Training Epoch: 32/200	Train Loss: 0.0652	Val Accuracy: 9.62
Training Epoch: 33/200	Train Loss: 0.0619	Val Accuracy: 9.62
Training Epoch: 34/200	Train Loss: 0.0206	Val Accuracy: 9.16
Training Epoch: 35/200	Train Loss: 0.091	Val Accuracy: 9.16
Training Epoch: 36/200	Train Loss: 0.0507	Val Accuracy: 8.66
Training Epoch: 37/200	Train Loss: 0.0091	Val Accuracy: 8.66
Training Epoch: 38/200	Train Loss: 0.0072	Val Accuracy: 8.7
Training Epoch: 39/200	Train Loss: 0.0238	Val Accuracy: 8.7
Training Epoch: 40/200	Train Loss: 0.0589	Val Accuracy: 8.54
Training Epoch: 41/200	Train Loss: 0.01	Val Accuracy: 8.54
Training Epoch: 42/200	Train Loss: 0.0158	Val Accuracy: 9.18
Training Epoch: 43/200	Train Loss: 0.0058	Val Accuracy: 9.18
Training Epoch: 44/200	Train Loss: 0.0054	Val Accuracy: 9.3
Training Epoch: 45/200	Train Loss: 0.0039	Val Accuracy: 9.3
Training Epoch: 46/200	Train Loss: 0.0067	Val Accuracy: 9.1
Training Epoch: 47/200	Train Loss: 0.003	Val Accuracy: 9.1
Training Epoch: 48/200	Train Loss: 0.0027	Val Accuracy: 9.74
Training Epoch: 49/200	Train Loss: 0.0035	Val Accuracy: 9.74
Training Epoch: 50/200	Train Loss: 0.0019	Val Accuracy: 9.52
Training Epoch: 51/200	Train Loss: 0.0015	Val Accuracy: 9.52
Training Epoch: 52/200	Train Loss: 0.0113	Val Accuracy: 9.3
Training Epoch: 53/200	Train Loss: 0.0027	Val Accuracy: 9.3
Training Epoch: 54/200	Train Loss: 0.003	Val Accuracy: 9.36
Training Epoch: 55/200	Train Loss: 0.0022	Val Accuracy: 9.36
Training Epoch: 56/200	Train Loss: 0.0013	Val Accuracy: 9.74
Training Epoch: 57/200	Train Loss: 0.0015	Val Accuracy: 9.74
Training Epoch: 58/200	Train Loss: 0.0011	Val Accuracy: 9.84
Training Epoch: 59/200	Train Loss: 0.0014	Val Accuracy: 9.84
Training Epoch: 60/200	Train Loss: 0.0012	Val Accuracy: 10.06
Training Epoch: 61/200	Train Loss: 0.0011	Val Accuracy: 10.06
Training Epoch: 62/200	Train Loss: 0.0015	Val Accuracy: 10.08
Training Epoch: 63/200	Train Loss: 0.0016	Val Accuracy: 10.08
Training Epoch: 64/200	Train Loss: 0.0012	Val Accuracy: 10.36
Training Epoch: 65/200	Train Loss: 0.0027	Val Accuracy: 10.36
Training Epoch: 66/200	Train Loss: 0.0015	Val Accuracy: 10.34
Training Epoch: 67/200	Train Loss: 0.001	Val Accuracy: 10.34
Training Epoch: 68/200	Train Loss: 0.0011	Val Accuracy: 9.66
Training Epoch: 69/200	Train Loss: 0.001	Val Accuracy: 9.66
Training Epoch: 70/200	Train Loss: 0.0009	Val Accuracy: 9.96
Training Epoch: 71/200	Train Loss: 0.0011	Val Accuracy: 9.96
Training Epoch: 72/200	Train Loss: 0.0008	Val Accuracy: 10.7
Training Epoch: 73/200	Train Loss: 0.0011	Val Accuracy: 10.7
Training Epoch: 74/200	Train Loss: 0.001	Val Accuracy: 10.5
Training Epoch: 75/200	Train Loss: 0.0038	Val Accuracy: 10.5
Training Epoch: 76/200	Train Loss: 0.0016	Val Accuracy: 9.88
Training Epoch: 77/200	Train Loss: 0.0011	Val Accuracy: 9.88
Training Epoch: 78/200	Train Loss: 0.0015	Val Accuracy: 9.94
Training Epoch: 79/200	Train Loss: 0.0016	Val Accuracy: 9.94
Training Epoch: 80/200	Train Loss: 0.0016	Val Accuracy: 9.92
Training Epoch: 81/200	Train Loss: 0.0016	Val Accuracy: 9.92
Training Epoch: 82/200	Train Loss: 0.0012	Val Accuracy: 10.38
Training Epoch: 83/200	Train Loss: 0.0014	Val Accuracy: 10.38
Training Epoch: 84/200	Train Loss: 0.0033	Val Accuracy: 9.94
Training Epoch: 85/200	Train Loss: 0.0063	Val Accuracy: 9.94
Training Epoch: 86/200	Train Loss: 0.0045	Val Accuracy: 9.84
Training Epoch: 87/200	Train Loss: 0.0011	Val Accuracy: 9.84
Training Epoch: 88/200	Train Loss: 0.0012	Val Accuracy: 10.02
Training Epoch: 89/200	Train Loss: 0.0012	Val Accuracy: 10.02
Training Epoch: 90/200	Train Loss: 0.0024	Val Accuracy: 10.16
Training Epoch: 91/200	Train Loss: 0.0009	Val Accuracy: 10.16
Training Epoch: 92/200	Train Loss: 0.0013	Val Accuracy: 10.22
Training Epoch: 93/200	Train Loss: 0.0013	Val Accuracy: 10.22
Training Epoch: 94/200	Train Loss: 0.0009	Val Accuracy: 10.02
Training Epoch: 95/200	Train Loss: 0.0013	Val Accuracy: 10.02
Training Epoch: 96/200	Train Loss: 0.0015	Val Accuracy: 10.52
Training Epoch: 97/200	Train Loss: 0.0018	Val Accuracy: 10.52
Training Epoch: 98/200	Train Loss: 0.001	Val Accuracy: 9.86
Training Epoch: 99/200	Train Loss: 0.001	Val Accuracy: 9.86
Training Epoch: 100/200	Train Loss: 0.0009	Val Accuracy: 10.6
Training Epoch: 101/200	Train Loss: 0.001	Val Accuracy: 10.6
Training Epoch: 102/200	Train Loss: 0.001	Val Accuracy: 10.08
Training Epoch: 103/200	Train Loss: 0.001	Val Accuracy: 10.08
Training Epoch: 104/200	Train Loss: 0.0012	Val Accuracy: 10.26
Training Epoch: 105/200	Train Loss: 0.0012	Val Accuracy: 10.26
Training Epoch: 106/200	Train Loss: 0.0015	Val Accuracy: 10.32
Training Epoch: 107/200	Train Loss: 0.0012	Val Accuracy: 10.32
Training Epoch: 108/200	Train Loss: 0.0014	Val Accuracy: 10.38
Training Epoch: 109/200	Train Loss: 0.0008	Val Accuracy: 10.38
Training Epoch: 110/200	Train Loss: 0.0013	Val Accuracy: 10.72
Training Epoch: 111/200	Train Loss: 0.0006	Val Accuracy: 10.72
Training Epoch: 112/200	Train Loss: 0.001	Val Accuracy: 10.42
Training Epoch: 113/200	Train Loss: 0.0008	Val Accuracy: 10.42
Training Epoch: 114/200	Train Loss: 0.0018	Val Accuracy: 10.58
Training Epoch: 115/200	Train Loss: 0.0008	Val Accuracy: 10.58
Training Epoch: 116/200	Train Loss: 0.0011	Val Accuracy: 10.06
Training Epoch: 117/200	Train Loss: 0.0009	Val Accuracy: 10.06
Training Epoch: 118/200	Train Loss: 0.0011	Val Accuracy: 10.34
Training Epoch: 119/200	Train Loss: 0.001	Val Accuracy: 10.34
Training Epoch: 120/200	Train Loss: 0.0008	Val Accuracy: 10.16
Training Epoch: 121/200	Train Loss: 0.002	Val Accuracy: 10.16
Training Epoch: 122/200	Train Loss: 0.0008	Val Accuracy: 10.24
Training Epoch: 123/200	Train Loss: 0.0014	Val Accuracy: 10.24
Training Epoch: 124/200	Train Loss: 0.0016	Val Accuracy: 10.72
Training Epoch: 125/200	Train Loss: 0.0007	Val Accuracy: 10.72
Training Epoch: 126/200	Train Loss: 0.0012	Val Accuracy: 10.44
Training Epoch: 127/200	Train Loss: 0.001	Val Accuracy: 10.44
Training Epoch: 128/200	Train Loss: 0.0009	Val Accuracy: 10.0
Training Epoch: 129/200	Train Loss: 0.0012	Val Accuracy: 10.0
Training Epoch: 130/200	Train Loss: 0.0012	Val Accuracy: 10.24
Training Epoch: 131/200	Train Loss: 0.0015	Val Accuracy: 10.24
Training Epoch: 132/200	Train Loss: 0.0011	Val Accuracy: 10.46
Training Epoch: 133/200	Train Loss: 0.0008	Val Accuracy: 10.46
Training Epoch: 134/200	Train Loss: 0.0014	Val Accuracy: 10.38
Training Epoch: 135/200	Train Loss: 0.0007	Val Accuracy: 10.38
Training Epoch: 136/200	Train Loss: 0.0022	Val Accuracy: 10.34
Training Epoch: 137/200	Train Loss: 0.0012	Val Accuracy: 10.34
Training Epoch: 138/200	Train Loss: 0.0012	Val Accuracy: 10.7
Training Epoch: 139/200	Train Loss: 0.0012	Val Accuracy: 10.7
Training Epoch: 140/200	Train Loss: 0.0022	Val Accuracy: 9.9
Training Epoch: 141/200	Train Loss: 0.0013	Val Accuracy: 9.9
Training Epoch: 142/200	Train Loss: 0.0014	Val Accuracy: 10.24
Training Epoch: 143/200	Train Loss: 0.0013	Val Accuracy: 10.24
Training Epoch: 144/200	Train Loss: 0.0017	Val Accuracy: 10.44
Training Epoch: 145/200	Train Loss: 0.0009	Val Accuracy: 10.44
Training Epoch: 146/200	Train Loss: 0.0013	Val Accuracy: 10.38
Training Epoch: 147/200	Train Loss: 0.0012	Val Accuracy: 10.38
Training Epoch: 148/200	Train Loss: 0.001	Val Accuracy: 10.06
Training Epoch: 149/200	Train Loss: 0.0013	Val Accuracy: 10.06
Training Epoch: 150/200	Train Loss: 0.0012	Val Accuracy: 9.98
Training Epoch: 151/200	Train Loss: 0.0012	Val Accuracy: 9.98
Training Epoch: 152/200	Train Loss: 0.0041	Val Accuracy: 9.96
Training Epoch: 153/200	Train Loss: 0.0008	Val Accuracy: 9.96
Training Epoch: 154/200	Train Loss: 0.0014	Val Accuracy: 10.3
Training Epoch: 155/200	Train Loss: 0.0016	Val Accuracy: 10.3
Training Epoch: 156/200	Train Loss: 0.0011	Val Accuracy: 9.98
Training Epoch: 157/200	Train Loss: 0.0007	Val Accuracy: 9.98
Training Epoch: 158/200	Train Loss: 0.001	Val Accuracy: 10.22
Training Epoch: 159/200	Train Loss: 0.0019	Val Accuracy: 10.22
Training Epoch: 160/200	Train Loss: 0.0017	Val Accuracy: 10.2
Training Epoch: 161/200	Train Loss: 0.0041	Val Accuracy: 10.2
Training Epoch: 162/200	Train Loss: 0.0012	Val Accuracy: 10.18
Training Epoch: 163/200	Train Loss: 0.0011	Val Accuracy: 10.18
Training Epoch: 164/200	Train Loss: 0.001	Val Accuracy: 10.68
Training Epoch: 165/200	Train Loss: 0.0008	Val Accuracy: 10.68
Training Epoch: 166/200	Train Loss: 0.0009	Val Accuracy: 10.7
Training Epoch: 167/200	Train Loss: 0.0015	Val Accuracy: 10.7
Training Epoch: 168/200	Train Loss: 0.0011	Val Accuracy: 10.28
Training Epoch: 169/200	Train Loss: 0.0013	Val Accuracy: 10.28
Training Epoch: 170/200	Train Loss: 0.0009	Val Accuracy: 10.18
Training Epoch: 171/200	Train Loss: 0.0014	Val Accuracy: 10.18
Training Epoch: 172/200	Train Loss: 0.0014	Val Accuracy: 10.7
Training Epoch: 173/200	Train Loss: 0.0015	Val Accuracy: 10.7
Training Epoch: 174/200	Train Loss: 0.0015	Val Accuracy: 10.58
Training Epoch: 175/200	Train Loss: 0.0018	Val Accuracy: 10.58
Training Epoch: 176/200	Train Loss: 0.0014	Val Accuracy: 10.3
Training Epoch: 177/200	Train Loss: 0.0009	Val Accuracy: 10.3
Training Epoch: 178/200	Train Loss: 0.0012	Val Accuracy: 9.86
Training Epoch: 179/200	Train Loss: 0.001	Val Accuracy: 9.86
Training Epoch: 180/200	Train Loss: 0.0011	Val Accuracy: 10.36
Training Epoch: 181/200	Train Loss: 0.0014	Val Accuracy: 10.36
Training Epoch: 182/200	Train Loss: 0.0011	Val Accuracy: 10.06
Training Epoch: 183/200	Train Loss: 0.0015	Val Accuracy: 10.06
Training Epoch: 184/200	Train Loss: 0.0011	Val Accuracy: 10.16
Training Epoch: 185/200	Train Loss: 0.0016	Val Accuracy: 10.16
Training Epoch: 186/200	Train Loss: 0.001	Val Accuracy: 10.26
Training Epoch: 187/200	Train Loss: 0.001	Val Accuracy: 10.26
Training Epoch: 188/200	Train Loss: 0.0009	Val Accuracy: 10.22
Training Epoch: 189/200	Train Loss: 0.0009	Val Accuracy: 10.22
Training Epoch: 190/200	Train Loss: 0.0009	Val Accuracy: 10.14
Training Epoch: 191/200	Train Loss: 0.0012	Val Accuracy: 10.14
Training Epoch: 192/200	Train Loss: 0.0008	Val Accuracy: 10.3
Training Epoch: 193/200	Train Loss: 0.0014	Val Accuracy: 10.3
Training Epoch: 194/200	Train Loss: 0.002	Val Accuracy: 10.28
Training Epoch: 195/200	Train Loss: 0.0013	Val Accuracy: 10.28
Training Epoch: 196/200	Train Loss: 0.001	Val Accuracy: 10.44
Training Epoch: 197/200	Train Loss: 0.0012	Val Accuracy: 10.44
Training Epoch: 198/200	Train Loss: 0.0008	Val Accuracy: 10.08
Training Epoch: 199/200	Train Loss: 0.0009	Val Accuracy: 10.08
Training Epoch: 200/200	Train Loss: 0.0012	Val Accuracy: 10.14

Wrote Best Model Checkpoint to: vlBest_acc_10_model_epoch_0110.pyth

Best Validation Accuracy: 10.72
Best Epoch: 110

======== TESTING ========

Test Accuracy: 11.27.

======== ACTIVE SAMPLING ========

Extracting Lset Representations
len(dataLoader): 15
Extracting Uset Representations
len(dataLoader): 436
lb_repr.shape:  (1450, 2048)
ul_repr.shape:  (43550, 2048)
Solving K Center Greedy Approach
[GPU] Labeled.shape: torch.Size([1450, 2048])
[GPU] Unlabeled.shape: torch.Size([43550, 2048])
time taken: 0.00037932395935058594 seconds
Time taken to solve K center: 0.15554070472717285 seconds
Active Sampling Complete. After Episode 28:
New Labeled Set: 1500, New Unlabeled Set: 43500, Active Set: 50

================================


Current accuracy values:  [2.8499999999999943, 2.989999999999995, 4.0, 4.060000000000002, 4.730000000000004, 4.609999999999999, 5.159999999999997, 5.730000000000004, 6.069999999999993, 6.430000000000007, 6.319999999999993, 7.299999999999997, 7.579999999999998, 7.530000000000001, 8.049999999999997, 8.260000000000005, 8.519999999999996, 8.75, 8.879999999999995, 9.239999999999995, 9.489999999999995, 9.930000000000007, 9.900000000000006, 10.239999999999995, 10.620000000000005, 10.629999999999995, 11.069999999999993, 11.159999999999997, 11.269999999999996]
======== EPISODE 29 BEGINS ========

======== TRAINING ========
Training Epoch: 1/200	Train Loss: 0.3193	Val Accuracy: 0.0
Training Epoch: 2/200	Train Loss: 0.1546	Val Accuracy: 9.28
Training Epoch: 3/200	Train Loss: 0.0913	Val Accuracy: 9.28
Training Epoch: 4/200	Train Loss: 0.1215	Val Accuracy: 9.4
Training Epoch: 5/200	Train Loss: 0.0335	Val Accuracy: 9.4
Training Epoch: 6/200	Train Loss: 0.075	Val Accuracy: 9.74
Training Epoch: 7/200	Train Loss: 0.0384	Val Accuracy: 9.74
Training Epoch: 8/200	Train Loss: 0.0459	Val Accuracy: 9.42
Training Epoch: 9/200	Train Loss: 0.0811	Val Accuracy: 9.42
Training Epoch: 10/200	Train Loss: 0.024	Val Accuracy: 9.18
Training Epoch: 11/200	Train Loss: 0.0163	Val Accuracy: 9.18
Training Epoch: 12/200	Train Loss: 0.025	Val Accuracy: 9.44
Training Epoch: 13/200	Train Loss: 0.0325	Val Accuracy: 9.44
Training Epoch: 14/200	Train Loss: 0.0611	Val Accuracy: 9.62
Training Epoch: 15/200	Train Loss: 0.0813	Val Accuracy: 9.62
Training Epoch: 16/200	Train Loss: 0.1292	Val Accuracy: 9.56
Training Epoch: 17/200	Train Loss: 0.1296	Val Accuracy: 9.56
Training Epoch: 18/200	Train Loss: 0.0146	Val Accuracy: 9.08
Training Epoch: 19/200	Train Loss: 0.0096	Val Accuracy: 9.08
Training Epoch: 20/200	Train Loss: 0.0205	Val Accuracy: 9.0
Training Epoch: 21/200	Train Loss: 0.2043	Val Accuracy: 9.0
Training Epoch: 22/200	Train Loss: 0.0422	Val Accuracy: 8.7
Training Epoch: 23/200	Train Loss: 0.0468	Val Accuracy: 8.7
Training Epoch: 24/200	Train Loss: 0.0392	Val Accuracy: 9.7
Training Epoch: 25/200	Train Loss: 0.0654	Val Accuracy: 9.7
Training Epoch: 26/200	Train Loss: 0.0947	Val Accuracy: 9.48
Training Epoch: 27/200	Train Loss: 0.1179	Val Accuracy: 9.48
Training Epoch: 28/200	Train Loss: 0.0754	Val Accuracy: 8.9
Training Epoch: 29/200	Train Loss: 0.0334	Val Accuracy: 8.9
Training Epoch: 30/200	Train Loss: 0.0582	Val Accuracy: 9.82
Training Epoch: 31/200	Train Loss: 0.0605	Val Accuracy: 9.82
Training Epoch: 32/200	Train Loss: 0.0494	Val Accuracy: 9.34
Training Epoch: 33/200	Train Loss: 0.1012	Val Accuracy: 9.34
Training Epoch: 34/200	Train Loss: 0.0651	Val Accuracy: 9.7
Training Epoch: 35/200	Train Loss: 0.0303	Val Accuracy: 9.7
Training Epoch: 36/200	Train Loss: 0.0516	Val Accuracy: 9.28
Training Epoch: 37/200	Train Loss: 0.1788	Val Accuracy: 9.28
Training Epoch: 38/200	Train Loss: 0.1114	Val Accuracy: 9.12
Training Epoch: 39/200	Train Loss: 0.102	Val Accuracy: 9.12
Training Epoch: 40/200	Train Loss: 0.0203	Val Accuracy: 8.88
Training Epoch: 41/200	Train Loss: 0.0437	Val Accuracy: 8.88
Training Epoch: 42/200	Train Loss: 0.1761	Val Accuracy: 9.92
Training Epoch: 43/200	Train Loss: 0.0449	Val Accuracy: 9.92
Training Epoch: 44/200	Train Loss: 0.0566	Val Accuracy: 8.74
Training Epoch: 45/200	Train Loss: 0.0327	Val Accuracy: 8.74
Training Epoch: 46/200	Train Loss: 0.0337	Val Accuracy: 9.72
Training Epoch: 47/200	Train Loss: 0.0234	Val Accuracy: 9.72
Training Epoch: 48/200	Train Loss: 0.0266	Val Accuracy: 8.96
Training Epoch: 49/200	Train Loss: 0.1217	Val Accuracy: 8.96
Training Epoch: 50/200	Train Loss: 0.0251	Val Accuracy: 9.28
Training Epoch: 51/200	Train Loss: 0.0271	Val Accuracy: 9.28
Training Epoch: 52/200	Train Loss: 0.0123	Val Accuracy: 9.52
Training Epoch: 53/200	Train Loss: 0.007	Val Accuracy: 9.52
Training Epoch: 54/200	Train Loss: 0.0531	Val Accuracy: 10.04
Training Epoch: 55/200	Train Loss: 0.0204	Val Accuracy: 10.04
Training Epoch: 56/200	Train Loss: 0.0161	Val Accuracy: 9.62
Training Epoch: 57/200	Train Loss: 0.012	Val Accuracy: 9.62
Training Epoch: 58/200	Train Loss: 0.0076	Val Accuracy: 9.58
Training Epoch: 59/200	Train Loss: 0.0098	Val Accuracy: 9.58
Training Epoch: 60/200	Train Loss: 0.0129	Val Accuracy: 10.5
Training Epoch: 61/200	Train Loss: 0.0046	Val Accuracy: 10.5
Training Epoch: 62/200	Train Loss: 0.0031	Val Accuracy: 10.08
Training Epoch: 63/200	Train Loss: 0.0079	Val Accuracy: 10.08
Training Epoch: 64/200	Train Loss: 0.0161	Val Accuracy: 10.24
Training Epoch: 65/200	Train Loss: 0.0033	Val Accuracy: 10.24
Training Epoch: 66/200	Train Loss: 0.0028	Val Accuracy: 10.12
Training Epoch: 67/200	Train Loss: 0.0025	Val Accuracy: 10.12
Training Epoch: 68/200	Train Loss: 0.0019	Val Accuracy: 10.28
Training Epoch: 69/200	Train Loss: 0.0092	Val Accuracy: 10.28
Training Epoch: 70/200	Train Loss: 0.0032	Val Accuracy: 10.06
Training Epoch: 71/200	Train Loss: 0.002	Val Accuracy: 10.06
Training Epoch: 72/200	Train Loss: 0.006	Val Accuracy: 10.5
Training Epoch: 73/200	Train Loss: 0.0023	Val Accuracy: 10.5
Training Epoch: 74/200	Train Loss: 0.0029	Val Accuracy: 9.96
Training Epoch: 75/200	Train Loss: 0.0025	Val Accuracy: 9.96
Training Epoch: 76/200	Train Loss: 0.0029	Val Accuracy: 10.24
Training Epoch: 77/200	Train Loss: 0.0013	Val Accuracy: 10.24
Training Epoch: 78/200	Train Loss: 0.0036	Val Accuracy: 10.16
Training Epoch: 79/200	Train Loss: 0.0023	Val Accuracy: 10.16
Training Epoch: 80/200	Train Loss: 0.0015	Val Accuracy: 10.06
Training Epoch: 81/200	Train Loss: 0.0016	Val Accuracy: 10.06
Training Epoch: 82/200	Train Loss: 0.0039	Val Accuracy: 10.36
Training Epoch: 83/200	Train Loss: 0.0014	Val Accuracy: 10.36
Training Epoch: 84/200	Train Loss: 0.0012	Val Accuracy: 10.5
Training Epoch: 85/200	Train Loss: 0.0014	Val Accuracy: 10.5
Training Epoch: 86/200	Train Loss: 0.0018	Val Accuracy: 10.14
Training Epoch: 87/200	Train Loss: 0.0016	Val Accuracy: 10.14
Training Epoch: 88/200	Train Loss: 0.0009	Val Accuracy: 10.28
Training Epoch: 89/200	Train Loss: 0.0017	Val Accuracy: 10.28
Training Epoch: 90/200	Train Loss: 0.0017	Val Accuracy: 10.66
Training Epoch: 91/200	Train Loss: 0.0011	Val Accuracy: 10.66
Training Epoch: 92/200	Train Loss: 0.001	Val Accuracy: 10.4
Training Epoch: 93/200	Train Loss: 0.0012	Val Accuracy: 10.4
Training Epoch: 94/200	Train Loss: 0.0014	Val Accuracy: 10.2
Training Epoch: 95/200	Train Loss: 0.0016	Val Accuracy: 10.2
Training Epoch: 96/200	Train Loss: 0.0012	Val Accuracy: 10.62
Training Epoch: 97/200	Train Loss: 0.0022	Val Accuracy: 10.62
Training Epoch: 98/200	Train Loss: 0.0033	Val Accuracy: 10.58
Training Epoch: 99/200	Train Loss: 0.0012	Val Accuracy: 10.58
Training Epoch: 100/200	Train Loss: 0.0009	Val Accuracy: 10.12
Training Epoch: 101/200	Train Loss: 0.0011	Val Accuracy: 10.12
Training Epoch: 102/200	Train Loss: 0.0015	Val Accuracy: 10.56
Training Epoch: 103/200	Train Loss: 0.002	Val Accuracy: 10.56
Training Epoch: 104/200	Train Loss: 0.0015	Val Accuracy: 10.42
Training Epoch: 105/200	Train Loss: 0.0012	Val Accuracy: 10.42
Training Epoch: 106/200	Train Loss: 0.0012	Val Accuracy: 10.5
Training Epoch: 107/200	Train Loss: 0.001	Val Accuracy: 10.5
Training Epoch: 108/200	Train Loss: 0.001	Val Accuracy: 10.62
Training Epoch: 109/200	Train Loss: 0.0025	Val Accuracy: 10.62
Training Epoch: 110/200	Train Loss: 0.0009	Val Accuracy: 10.68
Training Epoch: 111/200	Train Loss: 0.0028	Val Accuracy: 10.68
Training Epoch: 112/200	Train Loss: 0.001	Val Accuracy: 10.08
Training Epoch: 113/200	Train Loss: 0.0006	Val Accuracy: 10.08
Training Epoch: 114/200	Train Loss: 0.0005	Val Accuracy: 10.58
Training Epoch: 115/200	Train Loss: 0.001	Val Accuracy: 10.58
Training Epoch: 116/200	Train Loss: 0.0009	Val Accuracy: 10.78
Training Epoch: 117/200	Train Loss: 0.0015	Val Accuracy: 10.78
Training Epoch: 118/200	Train Loss: 0.0007	Val Accuracy: 10.26
Training Epoch: 119/200	Train Loss: 0.0011	Val Accuracy: 10.26
Training Epoch: 120/200	Train Loss: 0.0033	Val Accuracy: 10.34
Training Epoch: 121/200	Train Loss: 0.0019	Val Accuracy: 10.34
Training Epoch: 122/200	Train Loss: 0.0037	Val Accuracy: 10.86
Training Epoch: 123/200	Train Loss: 0.0013	Val Accuracy: 10.86
Training Epoch: 124/200	Train Loss: 0.0009	Val Accuracy: 10.58
Training Epoch: 125/200	Train Loss: 0.0009	Val Accuracy: 10.58
Training Epoch: 126/200	Train Loss: 0.0013	Val Accuracy: 10.52
Training Epoch: 127/200	Train Loss: 0.0008	Val Accuracy: 10.52
Training Epoch: 128/200	Train Loss: 0.0028	Val Accuracy: 10.72
Training Epoch: 129/200	Train Loss: 0.0018	Val Accuracy: 10.72
Training Epoch: 130/200	Train Loss: 0.001	Val Accuracy: 10.48
Training Epoch: 131/200	Train Loss: 0.0009	Val Accuracy: 10.48
Training Epoch: 132/200	Train Loss: 0.0015	Val Accuracy: 10.6
Training Epoch: 133/200	Train Loss: 0.0012	Val Accuracy: 10.6
Training Epoch: 134/200	Train Loss: 0.0019	Val Accuracy: 10.5
Training Epoch: 135/200	Train Loss: 0.0012	Val Accuracy: 10.5
Training Epoch: 136/200	Train Loss: 0.0007	Val Accuracy: 10.56
Training Epoch: 137/200	Train Loss: 0.0008	Val Accuracy: 10.56
Training Epoch: 138/200	Train Loss: 0.0012	Val Accuracy: 10.78
Training Epoch: 139/200	Train Loss: 0.001	Val Accuracy: 10.78
Training Epoch: 140/200	Train Loss: 0.0009	Val Accuracy: 10.76
Training Epoch: 141/200	Train Loss: 0.0008	Val Accuracy: 10.76
Training Epoch: 142/200	Train Loss: 0.001	Val Accuracy: 10.56
Training Epoch: 143/200	Train Loss: 0.0009	Val Accuracy: 10.56
Training Epoch: 144/200	Train Loss: 0.0012	Val Accuracy: 10.16
Training Epoch: 145/200	Train Loss: 0.0013	Val Accuracy: 10.16
Training Epoch: 146/200	Train Loss: 0.0009	Val Accuracy: 10.78
Training Epoch: 147/200	Train Loss: 0.0011	Val Accuracy: 10.78
Training Epoch: 148/200	Train Loss: 0.0008	Val Accuracy: 10.44
Training Epoch: 149/200	Train Loss: 0.0024	Val Accuracy: 10.44
Training Epoch: 150/200	Train Loss: 0.0017	Val Accuracy: 10.5
Training Epoch: 151/200	Train Loss: 0.001	Val Accuracy: 10.5
Training Epoch: 152/200	Train Loss: 0.0012	Val Accuracy: 10.28
Training Epoch: 153/200	Train Loss: 0.0008	Val Accuracy: 10.28
Training Epoch: 154/200	Train Loss: 0.0009	Val Accuracy: 10.68
Training Epoch: 155/200	Train Loss: 0.0013	Val Accuracy: 10.68
Training Epoch: 156/200	Train Loss: 0.001	Val Accuracy: 10.24
Training Epoch: 157/200	Train Loss: 0.0012	Val Accuracy: 10.24
Training Epoch: 158/200	Train Loss: 0.0013	Val Accuracy: 10.36
Training Epoch: 159/200	Train Loss: 0.0015	Val Accuracy: 10.36
Training Epoch: 160/200	Train Loss: 0.001	Val Accuracy: 10.74
Training Epoch: 161/200	Train Loss: 0.0008	Val Accuracy: 10.74
Training Epoch: 162/200	Train Loss: 0.001	Val Accuracy: 10.62
Training Epoch: 163/200	Train Loss: 0.0007	Val Accuracy: 10.62
Training Epoch: 164/200	Train Loss: 0.0013	Val Accuracy: 10.16
Training Epoch: 165/200	Train Loss: 0.0007	Val Accuracy: 10.16
Training Epoch: 166/200	Train Loss: 0.0008	Val Accuracy: 10.7
Training Epoch: 167/200	Train Loss: 0.0024	Val Accuracy: 10.7
Training Epoch: 168/200	Train Loss: 0.0009	Val Accuracy: 10.76
Training Epoch: 169/200	Train Loss: 0.001	Val Accuracy: 10.76
Training Epoch: 170/200	Train Loss: 0.001	Val Accuracy: 10.52
Training Epoch: 171/200	Train Loss: 0.0008	Val Accuracy: 10.52
Training Epoch: 172/200	Train Loss: 0.0009	Val Accuracy: 10.68
Training Epoch: 173/200	Train Loss: 0.0007	Val Accuracy: 10.68
Training Epoch: 174/200	Train Loss: 0.001	Val Accuracy: 10.88
Training Epoch: 175/200	Train Loss: 0.0017	Val Accuracy: 10.88
Training Epoch: 176/200	Train Loss: 0.0012	Val Accuracy: 10.68
Training Epoch: 177/200	Train Loss: 0.0012	Val Accuracy: 10.68
Training Epoch: 178/200	Train Loss: 0.0009	Val Accuracy: 10.44
Training Epoch: 179/200	Train Loss: 0.0008	Val Accuracy: 10.44
Training Epoch: 180/200	Train Loss: 0.0008	Val Accuracy: 10.52
Training Epoch: 181/200	Train Loss: 0.0015	Val Accuracy: 10.52
Training Epoch: 182/200	Train Loss: 0.0016	Val Accuracy: 10.22
Training Epoch: 183/200	Train Loss: 0.001	Val Accuracy: 10.22
Training Epoch: 184/200	Train Loss: 0.0009	Val Accuracy: 10.52
Training Epoch: 185/200	Train Loss: 0.0014	Val Accuracy: 10.52
Training Epoch: 186/200	Train Loss: 0.0009	Val Accuracy: 9.94
Training Epoch: 187/200	Train Loss: 0.0007	Val Accuracy: 9.94
Training Epoch: 188/200	Train Loss: 0.0012	Val Accuracy: 10.7
Training Epoch: 189/200	Train Loss: 0.0011	Val Accuracy: 10.7
Training Epoch: 190/200	Train Loss: 0.0011	Val Accuracy: 10.64
Training Epoch: 191/200	Train Loss: 0.0039	Val Accuracy: 10.64
Training Epoch: 192/200	Train Loss: 0.001	Val Accuracy: 11.18
Training Epoch: 193/200	Train Loss: 0.0017	Val Accuracy: 11.18
Training Epoch: 194/200	Train Loss: 0.0007	Val Accuracy: 10.72
Training Epoch: 195/200	Train Loss: 0.0009	Val Accuracy: 10.72
Training Epoch: 196/200	Train Loss: 0.0017	Val Accuracy: 10.14
Training Epoch: 197/200	Train Loss: 0.001	Val Accuracy: 10.14
Training Epoch: 198/200	Train Loss: 0.0009	Val Accuracy: 10.58
Training Epoch: 199/200	Train Loss: 0.0009	Val Accuracy: 10.58
Training Epoch: 200/200	Train Loss: 0.0014	Val Accuracy: 10.08

Wrote Best Model Checkpoint to: vlBest_acc_11_model_epoch_0192.pyth

Best Validation Accuracy: 11.18
Best Epoch: 192

======== TESTING ========

Test Accuracy: 12.33.

======== ACTIVE SAMPLING ========

Extracting Lset Representations
len(dataLoader): 15
Extracting Uset Representations
len(dataLoader): 435
lb_repr.shape:  (1500, 2048)
ul_repr.shape:  (43500, 2048)
Solving K Center Greedy Approach
[GPU] Labeled.shape: torch.Size([1500, 2048])
[GPU] Unlabeled.shape: torch.Size([43500, 2048])
time taken: 0.00038814544677734375 seconds
Time taken to solve K center: 0.15562081336975098 seconds
Active Sampling Complete. After Episode 29:
New Labeled Set: 1550, New Unlabeled Set: 43450, Active Set: 50

================================


Current accuracy values:  [2.8499999999999943, 2.989999999999995, 4.0, 4.060000000000002, 4.730000000000004, 4.609999999999999, 5.159999999999997, 5.730000000000004, 6.069999999999993, 6.430000000000007, 6.319999999999993, 7.299999999999997, 7.579999999999998, 7.530000000000001, 8.049999999999997, 8.260000000000005, 8.519999999999996, 8.75, 8.879999999999995, 9.239999999999995, 9.489999999999995, 9.930000000000007, 9.900000000000006, 10.239999999999995, 10.620000000000005, 10.629999999999995, 11.069999999999993, 11.159999999999997, 11.269999999999996, 12.329999999999998]
======== EPISODE 30 BEGINS ========

======== TRAINING ========
Training Epoch: 1/200	Train Loss: 0.0971	Val Accuracy: 0.0
Training Epoch: 2/200	Train Loss: 0.113	Val Accuracy: 9.82
Training Epoch: 3/200	Train Loss: 0.1594	Val Accuracy: 9.82
Training Epoch: 4/200	Train Loss: 0.0744	Val Accuracy: 9.26
Training Epoch: 5/200	Train Loss: 0.1362	Val Accuracy: 9.26
Training Epoch: 6/200	Train Loss: 0.0446	Val Accuracy: 9.32
Training Epoch: 7/200	Train Loss: 0.0493	Val Accuracy: 9.32
Training Epoch: 8/200	Train Loss: 0.1072	Val Accuracy: 9.26
Training Epoch: 9/200	Train Loss: 0.0961	Val Accuracy: 9.26
Training Epoch: 10/200	Train Loss: 0.0265	Val Accuracy: 9.68
Training Epoch: 11/200	Train Loss: 0.125	Val Accuracy: 9.68
Training Epoch: 12/200	Train Loss: 0.1287	Val Accuracy: 9.28
Training Epoch: 13/200	Train Loss: 0.0869	Val Accuracy: 9.28
Training Epoch: 14/200	Train Loss: 0.1113	Val Accuracy: 9.1
Training Epoch: 15/200	Train Loss: 0.2033	Val Accuracy: 9.1
Training Epoch: 16/200	Train Loss: 0.0854	Val Accuracy: 9.14
Training Epoch: 17/200	Train Loss: 0.1666	Val Accuracy: 9.14
Training Epoch: 18/200	Train Loss: 0.1342	Val Accuracy: 8.44
Training Epoch: 19/200	Train Loss: 0.1894	Val Accuracy: 8.44
Training Epoch: 20/200	Train Loss: 0.2094	Val Accuracy: 8.94
Training Epoch: 21/200	Train Loss: 0.115	Val Accuracy: 8.94
Training Epoch: 22/200	Train Loss: 0.2473	Val Accuracy: 10.04
Training Epoch: 23/200	Train Loss: 0.1882	Val Accuracy: 10.04
Training Epoch: 24/200	Train Loss: 0.0912	Val Accuracy: 9.12
Training Epoch: 25/200	Train Loss: 0.2948	Val Accuracy: 9.12
Training Epoch: 26/200	Train Loss: 0.0987	Val Accuracy: 9.16
Training Epoch: 27/200	Train Loss: 0.119	Val Accuracy: 9.16
Training Epoch: 28/200	Train Loss: 0.1372	Val Accuracy: 9.14
Training Epoch: 29/200	Train Loss: 0.1168	Val Accuracy: 9.14
Training Epoch: 30/200	Train Loss: 0.0722	Val Accuracy: 9.02
Training Epoch: 31/200	Train Loss: 0.0847	Val Accuracy: 9.02
Training Epoch: 32/200	Train Loss: 0.0633	Val Accuracy: 9.88
Training Epoch: 33/200	Train Loss: 0.0969	Val Accuracy: 9.88
Training Epoch: 34/200	Train Loss: 0.0412	Val Accuracy: 9.72
Training Epoch: 35/200	Train Loss: 0.152	Val Accuracy: 9.72
Training Epoch: 36/200	Train Loss: 0.0517	Val Accuracy: 10.54
Training Epoch: 37/200	Train Loss: 0.0195	Val Accuracy: 10.54
Training Epoch: 38/200	Train Loss: 0.0343	Val Accuracy: 9.22
Training Epoch: 39/200	Train Loss: 0.0109	Val Accuracy: 9.22
Training Epoch: 40/200	Train Loss: 0.0141	Val Accuracy: 10.3
Training Epoch: 41/200	Train Loss: 0.0413	Val Accuracy: 10.3
Training Epoch: 42/200	Train Loss: 0.0167	Val Accuracy: 9.92
Training Epoch: 43/200	Train Loss: 0.0037	Val Accuracy: 9.92
Training Epoch: 44/200	Train Loss: 0.0032	Val Accuracy: 9.88
Training Epoch: 45/200	Train Loss: 0.0021	Val Accuracy: 9.88
Training Epoch: 46/200	Train Loss: 0.01	Val Accuracy: 10.32
Training Epoch: 47/200	Train Loss: 0.0037	Val Accuracy: 10.32
Training Epoch: 48/200	Train Loss: 0.0115	Val Accuracy: 9.88
Training Epoch: 49/200	Train Loss: 0.0028	Val Accuracy: 9.88
Training Epoch: 50/200	Train Loss: 0.0155	Val Accuracy: 9.62
Training Epoch: 51/200	Train Loss: 0.0039	Val Accuracy: 9.62
Training Epoch: 52/200	Train Loss: 0.0075	Val Accuracy: 10.08
Training Epoch: 53/200	Train Loss: 0.0025	Val Accuracy: 10.08
Training Epoch: 54/200	Train Loss: 0.0024	Val Accuracy: 10.04
Training Epoch: 55/200	Train Loss: 0.0275	Val Accuracy: 10.04
Training Epoch: 56/200	Train Loss: 0.0081	Val Accuracy: 9.78
Training Epoch: 57/200	Train Loss: 0.0032	Val Accuracy: 9.78
Training Epoch: 58/200	Train Loss: 0.0014	Val Accuracy: 9.44
Training Epoch: 59/200	Train Loss: 0.0026	Val Accuracy: 9.44
Training Epoch: 60/200	Train Loss: 0.0021	Val Accuracy: 10.32
Training Epoch: 61/200	Train Loss: 0.0021	Val Accuracy: 10.32
Training Epoch: 62/200	Train Loss: 0.002	Val Accuracy: 10.26
Training Epoch: 63/200	Train Loss: 0.0011	Val Accuracy: 10.26
Training Epoch: 64/200	Train Loss: 0.0015	Val Accuracy: 10.3
Training Epoch: 65/200	Train Loss: 0.0045	Val Accuracy: 10.3
Training Epoch: 66/200	Train Loss: 0.0008	Val Accuracy: 9.98
Training Epoch: 67/200	Train Loss: 0.0014	Val Accuracy: 9.98
Training Epoch: 68/200	Train Loss: 0.001	Val Accuracy: 10.36
Training Epoch: 69/200	Train Loss: 0.0019	Val Accuracy: 10.36
Training Epoch: 70/200	Train Loss: 0.001	Val Accuracy: 10.54
Training Epoch: 71/200	Train Loss: 0.0019	Val Accuracy: 10.54
Training Epoch: 72/200	Train Loss: 0.0012	Val Accuracy: 10.22
Training Epoch: 73/200	Train Loss: 0.0011	Val Accuracy: 10.22
Training Epoch: 74/200	Train Loss: 0.0009	Val Accuracy: 10.44
Training Epoch: 75/200	Train Loss: 0.0013	Val Accuracy: 10.44
Training Epoch: 76/200	Train Loss: 0.0019	Val Accuracy: 10.14
Training Epoch: 77/200	Train Loss: 0.0012	Val Accuracy: 10.14
Training Epoch: 78/200	Train Loss: 0.0009	Val Accuracy: 10.34
Training Epoch: 79/200	Train Loss: 0.0012	Val Accuracy: 10.34
Training Epoch: 80/200	Train Loss: 0.0012	Val Accuracy: 10.42
Training Epoch: 81/200	Train Loss: 0.0014	Val Accuracy: 10.42
Training Epoch: 82/200	Train Loss: 0.0015	Val Accuracy: 10.3
Training Epoch: 83/200	Train Loss: 0.0009	Val Accuracy: 10.3
Training Epoch: 84/200	Train Loss: 0.0017	Val Accuracy: 10.14
Training Epoch: 85/200	Train Loss: 0.0009	Val Accuracy: 10.14
Training Epoch: 86/200	Train Loss: 0.0008	Val Accuracy: 10.4
Training Epoch: 87/200	Train Loss: 0.0013	Val Accuracy: 10.4
Training Epoch: 88/200	Train Loss: 0.0015	Val Accuracy: 10.2
Training Epoch: 89/200	Train Loss: 0.001	Val Accuracy: 10.2
Training Epoch: 90/200	Train Loss: 0.001	Val Accuracy: 10.64
Training Epoch: 91/200	Train Loss: 0.0007	Val Accuracy: 10.64
Training Epoch: 92/200	Train Loss: 0.0011	Val Accuracy: 10.34
Training Epoch: 93/200	Train Loss: 0.0012	Val Accuracy: 10.34
Training Epoch: 94/200	Train Loss: 0.0009	Val Accuracy: 10.44
Training Epoch: 95/200	Train Loss: 0.0009	Val Accuracy: 10.44
Training Epoch: 96/200	Train Loss: 0.0008	Val Accuracy: 10.54
Training Epoch: 97/200	Train Loss: 0.0009	Val Accuracy: 10.54
Training Epoch: 98/200	Train Loss: 0.0016	Val Accuracy: 10.54
Training Epoch: 99/200	Train Loss: 0.0012	Val Accuracy: 10.54
Training Epoch: 100/200	Train Loss: 0.001	Val Accuracy: 10.0
Training Epoch: 101/200	Train Loss: 0.0008	Val Accuracy: 10.0
Training Epoch: 102/200	Train Loss: 0.0011	Val Accuracy: 10.74
Training Epoch: 103/200	Train Loss: 0.0013	Val Accuracy: 10.74
Training Epoch: 104/200	Train Loss: 0.0027	Val Accuracy: 9.92
Training Epoch: 105/200	Train Loss: 0.001	Val Accuracy: 9.92
Training Epoch: 106/200	Train Loss: 0.0014	Val Accuracy: 10.4
Training Epoch: 107/200	Train Loss: 0.0011	Val Accuracy: 10.4
Training Epoch: 108/200	Train Loss: 0.0014	Val Accuracy: 10.06
Training Epoch: 109/200	Train Loss: 0.0012	Val Accuracy: 10.06
Training Epoch: 110/200	Train Loss: 0.0015	Val Accuracy: 10.28
Training Epoch: 111/200	Train Loss: 0.0013	Val Accuracy: 10.28
Training Epoch: 112/200	Train Loss: 0.0008	Val Accuracy: 10.68
Training Epoch: 113/200	Train Loss: 0.0017	Val Accuracy: 10.68
Training Epoch: 114/200	Train Loss: 0.0009	Val Accuracy: 10.5
Training Epoch: 115/200	Train Loss: 0.001	Val Accuracy: 10.5
Training Epoch: 116/200	Train Loss: 0.0009	Val Accuracy: 10.4
Training Epoch: 117/200	Train Loss: 0.0012	Val Accuracy: 10.4
Training Epoch: 118/200	Train Loss: 0.0013	Val Accuracy: 10.58
Training Epoch: 119/200	Train Loss: 0.001	Val Accuracy: 10.58
Training Epoch: 120/200	Train Loss: 0.001	Val Accuracy: 10.1
Training Epoch: 121/200	Train Loss: 0.0013	Val Accuracy: 10.1
Training Epoch: 122/200	Train Loss: 0.0017	Val Accuracy: 10.66
Training Epoch: 123/200	Train Loss: 0.0008	Val Accuracy: 10.66
Training Epoch: 124/200	Train Loss: 0.0009	Val Accuracy: 10.74
Training Epoch: 125/200	Train Loss: 0.0009	Val Accuracy: 10.74
Training Epoch: 126/200	Train Loss: 0.0012	Val Accuracy: 10.6
Training Epoch: 127/200	Train Loss: 0.0012	Val Accuracy: 10.6
Training Epoch: 128/200	Train Loss: 0.0008	Val Accuracy: 10.76
Training Epoch: 129/200	Train Loss: 0.0018	Val Accuracy: 10.76
Training Epoch: 130/200	Train Loss: 0.0008	Val Accuracy: 10.42
Training Epoch: 131/200	Train Loss: 0.0022	Val Accuracy: 10.42
Training Epoch: 132/200	Train Loss: 0.001	Val Accuracy: 10.44
Training Epoch: 133/200	Train Loss: 0.0013	Val Accuracy: 10.44
Training Epoch: 134/200	Train Loss: 0.001	Val Accuracy: 10.58
Training Epoch: 135/200	Train Loss: 0.0014	Val Accuracy: 10.58
Training Epoch: 136/200	Train Loss: 0.0013	Val Accuracy: 10.56
Training Epoch: 137/200	Train Loss: 0.0015	Val Accuracy: 10.56
Training Epoch: 138/200	Train Loss: 0.001	Val Accuracy: 10.92
Training Epoch: 139/200	Train Loss: 0.0011	Val Accuracy: 10.92
Training Epoch: 140/200	Train Loss: 0.0007	Val Accuracy: 10.4
Training Epoch: 141/200	Train Loss: 0.0014	Val Accuracy: 10.4
Training Epoch: 142/200	Train Loss: 0.0013	Val Accuracy: 10.5
Training Epoch: 143/200	Train Loss: 0.0011	Val Accuracy: 10.5
Training Epoch: 144/200	Train Loss: 0.0012	Val Accuracy: 10.12
Training Epoch: 145/200	Train Loss: 0.001	Val Accuracy: 10.12
Training Epoch: 146/200	Train Loss: 0.0017	Val Accuracy: 10.32
Training Epoch: 147/200	Train Loss: 0.0011	Val Accuracy: 10.32
Training Epoch: 148/200	Train Loss: 0.0015	Val Accuracy: 10.72
Training Epoch: 149/200	Train Loss: 0.0013	Val Accuracy: 10.72
Training Epoch: 150/200	Train Loss: 0.0011	Val Accuracy: 10.46
Training Epoch: 151/200	Train Loss: 0.0007	Val Accuracy: 10.46
Training Epoch: 152/200	Train Loss: 0.0011	Val Accuracy: 10.3
Training Epoch: 153/200	Train Loss: 0.0009	Val Accuracy: 10.3
Training Epoch: 154/200	Train Loss: 0.001	Val Accuracy: 10.66
Training Epoch: 155/200	Train Loss: 0.0008	Val Accuracy: 10.66
Training Epoch: 156/200	Train Loss: 0.0007	Val Accuracy: 10.62
Training Epoch: 157/200	Train Loss: 0.0009	Val Accuracy: 10.62
Training Epoch: 158/200	Train Loss: 0.0009	Val Accuracy: 10.82
Training Epoch: 159/200	Train Loss: 0.0007	Val Accuracy: 10.82
Training Epoch: 160/200	Train Loss: 0.0012	Val Accuracy: 10.78
Training Epoch: 161/200	Train Loss: 0.0008	Val Accuracy: 10.78
Training Epoch: 162/200	Train Loss: 0.001	Val Accuracy: 10.48
Training Epoch: 163/200	Train Loss: 0.0015	Val Accuracy: 10.48
Training Epoch: 164/200	Train Loss: 0.0011	Val Accuracy: 10.02
Training Epoch: 165/200	Train Loss: 0.0015	Val Accuracy: 10.02
Training Epoch: 166/200	Train Loss: 0.0012	Val Accuracy: 10.68
Training Epoch: 167/200	Train Loss: 0.0012	Val Accuracy: 10.68
Training Epoch: 168/200	Train Loss: 0.0012	Val Accuracy: 10.6
Training Epoch: 169/200	Train Loss: 0.0018	Val Accuracy: 10.6
Training Epoch: 170/200	Train Loss: 0.0011	Val Accuracy: 10.44
Training Epoch: 171/200	Train Loss: 0.001	Val Accuracy: 10.44
Training Epoch: 172/200	Train Loss: 0.0011	Val Accuracy: 10.64
Training Epoch: 173/200	Train Loss: 0.0011	Val Accuracy: 10.64
Training Epoch: 174/200	Train Loss: 0.0013	Val Accuracy: 10.3
Training Epoch: 175/200	Train Loss: 0.0014	Val Accuracy: 10.3
Training Epoch: 176/200	Train Loss: 0.001	Val Accuracy: 10.46
Training Epoch: 177/200	Train Loss: 0.001	Val Accuracy: 10.46
Training Epoch: 178/200	Train Loss: 0.0014	Val Accuracy: 10.8
Training Epoch: 179/200	Train Loss: 0.001	Val Accuracy: 10.8
Training Epoch: 180/200	Train Loss: 0.0014	Val Accuracy: 10.24
Training Epoch: 181/200	Train Loss: 0.0009	Val Accuracy: 10.24
Training Epoch: 182/200	Train Loss: 0.001	Val Accuracy: 10.64
Training Epoch: 183/200	Train Loss: 0.002	Val Accuracy: 10.64
Training Epoch: 184/200	Train Loss: 0.0017	Val Accuracy: 10.36
Training Epoch: 185/200	Train Loss: 0.0024	Val Accuracy: 10.36
Training Epoch: 186/200	Train Loss: 0.0014	Val Accuracy: 10.32
Training Epoch: 187/200	Train Loss: 0.002	Val Accuracy: 10.32
Training Epoch: 188/200	Train Loss: 0.0009	Val Accuracy: 10.22
Training Epoch: 189/200	Train Loss: 0.0015	Val Accuracy: 10.22
Training Epoch: 190/200	Train Loss: 0.0026	Val Accuracy: 10.84
Training Epoch: 191/200	Train Loss: 0.0009	Val Accuracy: 10.84
Training Epoch: 192/200	Train Loss: 0.0018	Val Accuracy: 10.42
Training Epoch: 193/200	Train Loss: 0.0015	Val Accuracy: 10.42
Training Epoch: 194/200	Train Loss: 0.0014	Val Accuracy: 10.3
Training Epoch: 195/200	Train Loss: 0.0011	Val Accuracy: 10.3
Training Epoch: 196/200	Train Loss: 0.0009	Val Accuracy: 10.58
Training Epoch: 197/200	Train Loss: 0.0012	Val Accuracy: 10.58
Training Epoch: 198/200	Train Loss: 0.0013	Val Accuracy: 10.6
Training Epoch: 199/200	Train Loss: 0.0011	Val Accuracy: 10.6
Training Epoch: 200/200	Train Loss: 0.0028	Val Accuracy: 10.58

Wrote Best Model Checkpoint to: vlBest_acc_10_model_epoch_0138.pyth

Best Validation Accuracy: 10.92
Best Epoch: 138

======== TESTING ========

Test Accuracy: 12.05.

======== ACTIVE SAMPLING ========

Extracting Lset Representations
len(dataLoader): 16
Extracting Uset Representations
len(dataLoader): 435
lb_repr.shape:  (1550, 2048)
ul_repr.shape:  (43450, 2048)
Solving K Center Greedy Approach
[GPU] Labeled.shape: torch.Size([1550, 2048])
[GPU] Unlabeled.shape: torch.Size([43450, 2048])
time taken: 0.0004093647003173828 seconds
Time taken to solve K center: 0.15741181373596191 seconds
Active Sampling Complete. After Episode 30:
New Labeled Set: 1600, New Unlabeled Set: 43400, Active Set: 50

================================


Current accuracy values:  [2.8499999999999943, 2.989999999999995, 4.0, 4.060000000000002, 4.730000000000004, 4.609999999999999, 5.159999999999997, 5.730000000000004, 6.069999999999993, 6.430000000000007, 6.319999999999993, 7.299999999999997, 7.579999999999998, 7.530000000000001, 8.049999999999997, 8.260000000000005, 8.519999999999996, 8.75, 8.879999999999995, 9.239999999999995, 9.489999999999995, 9.930000000000007, 9.900000000000006, 10.239999999999995, 10.620000000000005, 10.629999999999995, 11.069999999999993, 11.159999999999997, 11.269999999999996, 12.329999999999998, 12.049999999999997]
======== EPISODE 31 BEGINS ========

======== TRAINING ========
Training Epoch: 1/200	Train Loss: 0.2248	Val Accuracy: 0.0
Training Epoch: 2/200	Train Loss: 0.1689	Val Accuracy: 9.36
Training Epoch: 3/200	Train Loss: 0.0749	Val Accuracy: 9.36
Training Epoch: 4/200	Train Loss: 0.1272	Val Accuracy: 9.84
Training Epoch: 5/200	Train Loss: 0.0356	Val Accuracy: 9.84
Training Epoch: 6/200	Train Loss: 0.0529	Val Accuracy: 10.14
Training Epoch: 7/200	Train Loss: 0.0339	Val Accuracy: 10.14
Training Epoch: 8/200	Train Loss: 0.1031	Val Accuracy: 9.58
Training Epoch: 9/200	Train Loss: 0.0717	Val Accuracy: 9.58
Training Epoch: 10/200	Train Loss: 0.0615	Val Accuracy: 9.72
Training Epoch: 11/200	Train Loss: 0.0913	Val Accuracy: 9.72
Training Epoch: 12/200	Train Loss: 0.1373	Val Accuracy: 9.44
Training Epoch: 13/200	Train Loss: 0.0915	Val Accuracy: 9.44
Training Epoch: 14/200	Train Loss: 0.1254	Val Accuracy: 8.44
Training Epoch: 15/200	Train Loss: 0.1665	Val Accuracy: 8.44
Training Epoch: 16/200	Train Loss: 0.2047	Val Accuracy: 9.42
Training Epoch: 17/200	Train Loss: 0.2537	Val Accuracy: 9.42
Training Epoch: 18/200	Train Loss: 0.2113	Val Accuracy: 9.48
Training Epoch: 19/200	Train Loss: 0.2106	Val Accuracy: 9.48
Training Epoch: 20/200	Train Loss: 0.1114	Val Accuracy: 9.68
Training Epoch: 21/200	Train Loss: 0.1302	Val Accuracy: 9.68
Training Epoch: 22/200	Train Loss: 0.3236	Val Accuracy: 9.06
Training Epoch: 23/200	Train Loss: 0.0845	Val Accuracy: 9.06
Training Epoch: 24/200	Train Loss: 0.1398	Val Accuracy: 9.7
Training Epoch: 25/200	Train Loss: 0.1061	Val Accuracy: 9.7
Training Epoch: 26/200	Train Loss: 0.1498	Val Accuracy: 9.08
Training Epoch: 27/200	Train Loss: 0.0973	Val Accuracy: 9.08
Training Epoch: 28/200	Train Loss: 0.0569	Val Accuracy: 8.9
Training Epoch: 29/200	Train Loss: 0.106	Val Accuracy: 8.9
Training Epoch: 30/200	Train Loss: 0.0609	Val Accuracy: 10.14
Training Epoch: 31/200	Train Loss: 0.0331	Val Accuracy: 10.14
Training Epoch: 32/200	Train Loss: 0.035	Val Accuracy: 9.76
Training Epoch: 33/200	Train Loss: 0.0816	Val Accuracy: 9.76
Training Epoch: 34/200	Train Loss: 0.0622	Val Accuracy: 9.44
Training Epoch: 35/200	Train Loss: 0.0086	Val Accuracy: 9.44
Training Epoch: 36/200	Train Loss: 0.008	Val Accuracy: 9.92
Training Epoch: 37/200	Train Loss: 0.0266	Val Accuracy: 9.92
Training Epoch: 38/200	Train Loss: 0.0179	Val Accuracy: 9.76
Training Epoch: 39/200	Train Loss: 0.1349	Val Accuracy: 9.76
Training Epoch: 40/200	Train Loss: 0.0108	Val Accuracy: 10.68
Training Epoch: 41/200	Train Loss: 0.0937	Val Accuracy: 10.68
Training Epoch: 42/200	Train Loss: 0.0131	Val Accuracy: 10.5
Training Epoch: 43/200	Train Loss: 0.0533	Val Accuracy: 10.5
Training Epoch: 44/200	Train Loss: 0.0036	Val Accuracy: 9.66
Training Epoch: 45/200	Train Loss: 0.0045	Val Accuracy: 9.66
Training Epoch: 46/200	Train Loss: 0.0154	Val Accuracy: 9.8
Training Epoch: 47/200	Train Loss: 0.0065	Val Accuracy: 9.8
Training Epoch: 48/200	Train Loss: 0.0082	Val Accuracy: 10.18
Training Epoch: 49/200	Train Loss: 0.0025	Val Accuracy: 10.18
Training Epoch: 50/200	Train Loss: 0.0033	Val Accuracy: 10.66
Training Epoch: 51/200	Train Loss: 0.0073	Val Accuracy: 10.66
Training Epoch: 52/200	Train Loss: 0.0365	Val Accuracy: 10.76
Training Epoch: 53/200	Train Loss: 0.0025	Val Accuracy: 10.76
Training Epoch: 54/200	Train Loss: 0.0019	Val Accuracy: 10.72
Training Epoch: 55/200	Train Loss: 0.0027	Val Accuracy: 10.72
Training Epoch: 56/200	Train Loss: 0.004	Val Accuracy: 10.56
Training Epoch: 57/200	Train Loss: 0.0016	Val Accuracy: 10.56
Training Epoch: 58/200	Train Loss: 0.0013	Val Accuracy: 10.46
Training Epoch: 59/200	Train Loss: 0.0013	Val Accuracy: 10.46
Training Epoch: 60/200	Train Loss: 0.0013	Val Accuracy: 10.72
Training Epoch: 61/200	Train Loss: 0.001	Val Accuracy: 10.72
Training Epoch: 62/200	Train Loss: 0.0026	Val Accuracy: 10.98
Training Epoch: 63/200	Train Loss: 0.0018	Val Accuracy: 10.98
Training Epoch: 64/200	Train Loss: 0.0016	Val Accuracy: 10.74
Training Epoch: 65/200	Train Loss: 0.0019	Val Accuracy: 10.74
Training Epoch: 66/200	Train Loss: 0.0013	Val Accuracy: 10.66
Training Epoch: 67/200	Train Loss: 0.0032	Val Accuracy: 10.66
Training Epoch: 68/200	Train Loss: 0.0012	Val Accuracy: 11.04
Training Epoch: 69/200	Train Loss: 0.0014	Val Accuracy: 11.04
Training Epoch: 70/200	Train Loss: 0.0037	Val Accuracy: 10.94
Training Epoch: 71/200	Train Loss: 0.034	Val Accuracy: 10.94
Training Epoch: 72/200	Train Loss: 0.0039	Val Accuracy: 10.9
Training Epoch: 73/200	Train Loss: 0.0014	Val Accuracy: 10.9
Training Epoch: 74/200	Train Loss: 0.0028	Val Accuracy: 10.62
Training Epoch: 75/200	Train Loss: 0.0025	Val Accuracy: 10.62
Training Epoch: 76/200	Train Loss: 0.0017	Val Accuracy: 10.32
Training Epoch: 77/200	Train Loss: 0.0024	Val Accuracy: 10.32
Training Epoch: 78/200	Train Loss: 0.002	Val Accuracy: 10.7
Training Epoch: 79/200	Train Loss: 0.0029	Val Accuracy: 10.7
Training Epoch: 80/200	Train Loss: 0.002	Val Accuracy: 11.14
Training Epoch: 81/200	Train Loss: 0.0015	Val Accuracy: 11.14
Training Epoch: 82/200	Train Loss: 0.002	Val Accuracy: 11.02
Training Epoch: 83/200	Train Loss: 0.0015	Val Accuracy: 11.02
Training Epoch: 84/200	Train Loss: 0.0013	Val Accuracy: 10.98
Training Epoch: 85/200	Train Loss: 0.0014	Val Accuracy: 10.98
Training Epoch: 86/200	Train Loss: 0.0038	Val Accuracy: 11.0
Training Epoch: 87/200	Train Loss: 0.0013	Val Accuracy: 11.0
Training Epoch: 88/200	Train Loss: 0.0022	Val Accuracy: 10.82
Training Epoch: 89/200	Train Loss: 0.0013	Val Accuracy: 10.82
Training Epoch: 90/200	Train Loss: 0.0061	Val Accuracy: 11.02
Training Epoch: 91/200	Train Loss: 0.0023	Val Accuracy: 11.02
Training Epoch: 92/200	Train Loss: 0.0011	Val Accuracy: 11.02
Training Epoch: 93/200	Train Loss: 0.0017	Val Accuracy: 11.02
Training Epoch: 94/200	Train Loss: 0.0011	Val Accuracy: 10.96
Training Epoch: 95/200	Train Loss: 0.0022	Val Accuracy: 10.96
Training Epoch: 96/200	Train Loss: 0.0009	Val Accuracy: 10.94
Training Epoch: 97/200	Train Loss: 0.0015	Val Accuracy: 10.94
Training Epoch: 98/200	Train Loss: 0.0025	Val Accuracy: 11.06
Training Epoch: 99/200	Train Loss: 0.0025	Val Accuracy: 11.06
Training Epoch: 100/200	Train Loss: 0.0009	Val Accuracy: 10.7
Training Epoch: 101/200	Train Loss: 0.0017	Val Accuracy: 10.7
Training Epoch: 102/200	Train Loss: 0.002	Val Accuracy: 10.78
Training Epoch: 103/200	Train Loss: 0.0019	Val Accuracy: 10.78
Training Epoch: 104/200	Train Loss: 0.001	Val Accuracy: 10.66
Training Epoch: 105/200	Train Loss: 0.0009	Val Accuracy: 10.66
Training Epoch: 106/200	Train Loss: 0.0011	Val Accuracy: 11.02
Training Epoch: 107/200	Train Loss: 0.0026	Val Accuracy: 11.02
Training Epoch: 108/200	Train Loss: 0.0015	Val Accuracy: 11.18
Training Epoch: 109/200	Train Loss: 0.0014	Val Accuracy: 11.18
Training Epoch: 110/200	Train Loss: 0.0011	Val Accuracy: 10.92
Training Epoch: 111/200	Train Loss: 0.0008	Val Accuracy: 10.92
Training Epoch: 112/200	Train Loss: 0.0015	Val Accuracy: 10.62
Training Epoch: 113/200	Train Loss: 0.0013	Val Accuracy: 10.62
Training Epoch: 114/200	Train Loss: 0.0014	Val Accuracy: 11.12
Training Epoch: 115/200	Train Loss: 0.0016	Val Accuracy: 11.12
Training Epoch: 116/200	Train Loss: 0.0009	Val Accuracy: 10.9
Training Epoch: 117/200	Train Loss: 0.0013	Val Accuracy: 10.9
Training Epoch: 118/200	Train Loss: 0.0011	Val Accuracy: 10.4
Training Epoch: 119/200	Train Loss: 0.0013	Val Accuracy: 10.4
Training Epoch: 120/200	Train Loss: 0.0019	Val Accuracy: 10.94
Training Epoch: 121/200	Train Loss: 0.0014	Val Accuracy: 10.94
Training Epoch: 122/200	Train Loss: 0.0016	Val Accuracy: 11.16
Training Epoch: 123/200	Train Loss: 0.001	Val Accuracy: 11.16
Training Epoch: 124/200	Train Loss: 0.0012	Val Accuracy: 11.24
Training Epoch: 125/200	Train Loss: 0.0009	Val Accuracy: 11.24
Training Epoch: 126/200	Train Loss: 0.0011	Val Accuracy: 10.92
Training Epoch: 127/200	Train Loss: 0.0009	Val Accuracy: 10.92
Training Epoch: 128/200	Train Loss: 0.0008	Val Accuracy: 10.74
Training Epoch: 129/200	Train Loss: 0.0015	Val Accuracy: 10.74
Training Epoch: 130/200	Train Loss: 0.0015	Val Accuracy: 11.26
Training Epoch: 131/200	Train Loss: 0.0011	Val Accuracy: 11.26
Training Epoch: 132/200	Train Loss: 0.0016	Val Accuracy: 11.06
Training Epoch: 133/200	Train Loss: 0.0009	Val Accuracy: 11.06
Training Epoch: 134/200	Train Loss: 0.0013	Val Accuracy: 10.82
Training Epoch: 135/200	Train Loss: 0.0015	Val Accuracy: 10.82
Training Epoch: 136/200	Train Loss: 0.0014	Val Accuracy: 11.12
Training Epoch: 137/200	Train Loss: 0.0014	Val Accuracy: 11.12
Training Epoch: 138/200	Train Loss: 0.0008	Val Accuracy: 11.14
Training Epoch: 139/200	Train Loss: 0.0013	Val Accuracy: 11.14
Training Epoch: 140/200	Train Loss: 0.0011	Val Accuracy: 10.88
Training Epoch: 141/200	Train Loss: 0.0013	Val Accuracy: 10.88
Training Epoch: 142/200	Train Loss: 0.0011	Val Accuracy: 11.36
Training Epoch: 143/200	Train Loss: 0.0011	Val Accuracy: 11.36
Training Epoch: 144/200	Train Loss: 0.0011	Val Accuracy: 11.24
Training Epoch: 145/200	Train Loss: 0.0017	Val Accuracy: 11.24
Training Epoch: 146/200	Train Loss: 0.0012	Val Accuracy: 11.02
Training Epoch: 147/200	Train Loss: 0.0017	Val Accuracy: 11.02
Training Epoch: 148/200	Train Loss: 0.0008	Val Accuracy: 10.84
Training Epoch: 149/200	Train Loss: 0.0011	Val Accuracy: 10.84
Training Epoch: 150/200	Train Loss: 0.0015	Val Accuracy: 10.98
Training Epoch: 151/200	Train Loss: 0.0008	Val Accuracy: 10.98
Training Epoch: 152/200	Train Loss: 0.0011	Val Accuracy: 10.72
Training Epoch: 153/200	Train Loss: 0.0019	Val Accuracy: 10.72
Training Epoch: 154/200	Train Loss: 0.0013	Val Accuracy: 11.2
Training Epoch: 155/200	Train Loss: 0.0011	Val Accuracy: 11.2
Training Epoch: 156/200	Train Loss: 0.0013	Val Accuracy: 11.1
Training Epoch: 157/200	Train Loss: 0.0012	Val Accuracy: 11.1
Training Epoch: 158/200	Train Loss: 0.0012	Val Accuracy: 10.84
Training Epoch: 159/200	Train Loss: 0.0015	Val Accuracy: 10.84
Training Epoch: 160/200	Train Loss: 0.0015	Val Accuracy: 10.78
Training Epoch: 161/200	Train Loss: 0.0022	Val Accuracy: 10.78
Training Epoch: 162/200	Train Loss: 0.0014	Val Accuracy: 10.54
Training Epoch: 163/200	Train Loss: 0.0014	Val Accuracy: 10.54
Training Epoch: 164/200	Train Loss: 0.0011	Val Accuracy: 11.14
Training Epoch: 165/200	Train Loss: 0.0017	Val Accuracy: 11.14
Training Epoch: 166/200	Train Loss: 0.0014	Val Accuracy: 10.76
Training Epoch: 167/200	Train Loss: 0.0011	Val Accuracy: 10.76
Training Epoch: 168/200	Train Loss: 0.0011	Val Accuracy: 11.32
Training Epoch: 169/200	Train Loss: 0.001	Val Accuracy: 11.32
Training Epoch: 170/200	Train Loss: 0.0019	Val Accuracy: 11.1
Training Epoch: 171/200	Train Loss: 0.0015	Val Accuracy: 11.1
Training Epoch: 172/200	Train Loss: 0.0018	Val Accuracy: 11.26
Training Epoch: 173/200	Train Loss: 0.0012	Val Accuracy: 11.26
Training Epoch: 174/200	Train Loss: 0.0013	Val Accuracy: 11.22
Training Epoch: 175/200	Train Loss: 0.0011	Val Accuracy: 11.22
Training Epoch: 176/200	Train Loss: 0.0019	Val Accuracy: 11.28
Training Epoch: 177/200	Train Loss: 0.0012	Val Accuracy: 11.28
Training Epoch: 178/200	Train Loss: 0.0012	Val Accuracy: 10.82
Training Epoch: 179/200	Train Loss: 0.001	Val Accuracy: 10.82
Training Epoch: 180/200	Train Loss: 0.001	Val Accuracy: 11.18
Training Epoch: 181/200	Train Loss: 0.0019	Val Accuracy: 11.18
Training Epoch: 182/200	Train Loss: 0.0013	Val Accuracy: 11.1
Training Epoch: 183/200	Train Loss: 0.001	Val Accuracy: 11.1
Training Epoch: 184/200	Train Loss: 0.0009	Val Accuracy: 10.6
Training Epoch: 185/200	Train Loss: 0.0014	Val Accuracy: 10.6
Training Epoch: 186/200	Train Loss: 0.0014	Val Accuracy: 10.78
Training Epoch: 187/200	Train Loss: 0.0012	Val Accuracy: 10.78
Training Epoch: 188/200	Train Loss: 0.0013	Val Accuracy: 10.76
Training Epoch: 189/200	Train Loss: 0.0024	Val Accuracy: 10.76
Training Epoch: 190/200	Train Loss: 0.0012	Val Accuracy: 11.3
Training Epoch: 191/200	Train Loss: 0.0015	Val Accuracy: 11.3
Training Epoch: 192/200	Train Loss: 0.0011	Val Accuracy: 11.08
Training Epoch: 193/200	Train Loss: 0.0015	Val Accuracy: 11.08
Training Epoch: 194/200	Train Loss: 0.0011	Val Accuracy: 10.62
Training Epoch: 195/200	Train Loss: 0.0012	Val Accuracy: 10.62
Training Epoch: 196/200	Train Loss: 0.0012	Val Accuracy: 10.7
Training Epoch: 197/200	Train Loss: 0.0017	Val Accuracy: 10.7
Training Epoch: 198/200	Train Loss: 0.0016	Val Accuracy: 10.96
Training Epoch: 199/200	Train Loss: 0.001	Val Accuracy: 10.96
Training Epoch: 200/200	Train Loss: 0.0011	Val Accuracy: 11.22

Wrote Best Model Checkpoint to: vlBest_acc_11_model_epoch_0142.pyth

Best Validation Accuracy: 11.36
Best Epoch: 142

======== TESTING ========

Test Accuracy: 12.34.

======== ACTIVE SAMPLING ========

Extracting Lset Representations
len(dataLoader): 16
Extracting Uset Representations
len(dataLoader): 434
lb_repr.shape:  (1600, 2048)
ul_repr.shape:  (43400, 2048)
Solving K Center Greedy Approach
[GPU] Labeled.shape: torch.Size([1600, 2048])
[GPU] Unlabeled.shape: torch.Size([43400, 2048])
time taken: 0.0004107952117919922 seconds
Time taken to solve K center: 0.15766167640686035 seconds
Active Sampling Complete. After Episode 31:
New Labeled Set: 1650, New Unlabeled Set: 43350, Active Set: 50

================================


Current accuracy values:  [2.8499999999999943, 2.989999999999995, 4.0, 4.060000000000002, 4.730000000000004, 4.609999999999999, 5.159999999999997, 5.730000000000004, 6.069999999999993, 6.430000000000007, 6.319999999999993, 7.299999999999997, 7.579999999999998, 7.530000000000001, 8.049999999999997, 8.260000000000005, 8.519999999999996, 8.75, 8.879999999999995, 9.239999999999995, 9.489999999999995, 9.930000000000007, 9.900000000000006, 10.239999999999995, 10.620000000000005, 10.629999999999995, 11.069999999999993, 11.159999999999997, 11.269999999999996, 12.329999999999998, 12.049999999999997, 12.340000000000003]
======== EPISODE 32 BEGINS ========

======== TRAINING ========
Training Epoch: 1/200	Train Loss: 0.0856	Val Accuracy: 0.0
Training Epoch: 2/200	Train Loss: 0.0272	Val Accuracy: 9.62
Training Epoch: 3/200	Train Loss: 0.0419	Val Accuracy: 9.62
Training Epoch: 4/200	Train Loss: 0.0271	Val Accuracy: 9.94
Training Epoch: 5/200	Train Loss: 0.0295	Val Accuracy: 9.94
Training Epoch: 6/200	Train Loss: 0.1585	Val Accuracy: 9.92
Training Epoch: 7/200	Train Loss: 0.0941	Val Accuracy: 9.92
Training Epoch: 8/200	Train Loss: 0.0382	Val Accuracy: 9.5
Training Epoch: 9/200	Train Loss: 0.0388	Val Accuracy: 9.5
Training Epoch: 10/200	Train Loss: 0.3584	Val Accuracy: 9.54
Training Epoch: 11/200	Train Loss: 0.104	Val Accuracy: 9.54
Training Epoch: 12/200	Train Loss: 0.1028	Val Accuracy: 9.5
Training Epoch: 13/200	Train Loss: 0.0615	Val Accuracy: 9.5
Training Epoch: 14/200	Train Loss: 0.0758	Val Accuracy: 9.94
Training Epoch: 15/200	Train Loss: 0.2225	Val Accuracy: 9.94
Training Epoch: 16/200	Train Loss: 0.1117	Val Accuracy: 10.02
Training Epoch: 17/200	Train Loss: 0.0737	Val Accuracy: 10.02
Training Epoch: 18/200	Train Loss: 0.1007	Val Accuracy: 8.76
Training Epoch: 19/200	Train Loss: 0.0288	Val Accuracy: 8.76
Training Epoch: 20/200	Train Loss: 0.0588	Val Accuracy: 10.0
Training Epoch: 21/200	Train Loss: 0.0557	Val Accuracy: 10.0
Training Epoch: 22/200	Train Loss: 0.0469	Val Accuracy: 10.16
Training Epoch: 23/200	Train Loss: 0.1932	Val Accuracy: 10.16
Training Epoch: 24/200	Train Loss: 0.0886	Val Accuracy: 10.2
Training Epoch: 25/200	Train Loss: 0.1292	Val Accuracy: 10.2
Training Epoch: 26/200	Train Loss: 0.1924	Val Accuracy: 9.3
Training Epoch: 27/200	Train Loss: 0.1111	Val Accuracy: 9.3
Training Epoch: 28/200	Train Loss: 0.2086	Val Accuracy: 9.26
Training Epoch: 29/200	Train Loss: 0.2461	Val Accuracy: 9.26
Training Epoch: 30/200	Train Loss: 0.1677	Val Accuracy: 9.42
Training Epoch: 31/200	Train Loss: 0.0661	Val Accuracy: 9.42
Training Epoch: 32/200	Train Loss: 0.053	Val Accuracy: 9.74
Training Epoch: 33/200	Train Loss: 0.1086	Val Accuracy: 9.74
Training Epoch: 34/200	Train Loss: 0.1507	Val Accuracy: 10.36
Training Epoch: 35/200	Train Loss: 0.0158	Val Accuracy: 10.36
Training Epoch: 36/200	Train Loss: 0.1805	Val Accuracy: 10.58
Training Epoch: 37/200	Train Loss: 0.0291	Val Accuracy: 10.58
Training Epoch: 38/200	Train Loss: 0.0993	Val Accuracy: 10.26
Training Epoch: 39/200	Train Loss: 0.0719	Val Accuracy: 10.26
Training Epoch: 40/200	Train Loss: 0.0499	Val Accuracy: 10.76
Training Epoch: 41/200	Train Loss: 0.0117	Val Accuracy: 10.76
Training Epoch: 42/200	Train Loss: 0.0441	Val Accuracy: 10.32
Training Epoch: 43/200	Train Loss: 0.0063	Val Accuracy: 10.32
Training Epoch: 44/200	Train Loss: 0.0153	Val Accuracy: 10.94
Training Epoch: 45/200	Train Loss: 0.0052	Val Accuracy: 10.94
Training Epoch: 46/200	Train Loss: 0.0038	Val Accuracy: 10.78
Training Epoch: 47/200	Train Loss: 0.1693	Val Accuracy: 10.78
Training Epoch: 48/200	Train Loss: 0.0484	Val Accuracy: 10.8
Training Epoch: 49/200	Train Loss: 0.0527	Val Accuracy: 10.8
Training Epoch: 50/200	Train Loss: 0.0035	Val Accuracy: 11.16
Training Epoch: 51/200	Train Loss: 0.0043	Val Accuracy: 11.16
Training Epoch: 52/200	Train Loss: 0.0043	Val Accuracy: 11.28
Training Epoch: 53/200	Train Loss: 0.0075	Val Accuracy: 11.28
Training Epoch: 54/200	Train Loss: 0.0041	Val Accuracy: 11.26
Training Epoch: 55/200	Train Loss: 0.0031	Val Accuracy: 11.26
Training Epoch: 56/200	Train Loss: 0.0036	Val Accuracy: 11.2
Training Epoch: 57/200	Train Loss: 0.0053	Val Accuracy: 11.2
Training Epoch: 58/200	Train Loss: 0.0012	Val Accuracy: 11.3
Training Epoch: 59/200	Train Loss: 0.0023	Val Accuracy: 11.3
Training Epoch: 60/200	Train Loss: 0.0021	Val Accuracy: 11.24
Training Epoch: 61/200	Train Loss: 0.0011	Val Accuracy: 11.24
Training Epoch: 62/200	Train Loss: 0.0014	Val Accuracy: 11.02
Training Epoch: 63/200	Train Loss: 0.0028	Val Accuracy: 11.02
Training Epoch: 64/200	Train Loss: 0.0011	Val Accuracy: 10.78
Training Epoch: 65/200	Train Loss: 0.0019	Val Accuracy: 10.78
Training Epoch: 66/200	Train Loss: 0.0021	Val Accuracy: 11.12
Training Epoch: 67/200	Train Loss: 0.0011	Val Accuracy: 11.12
Training Epoch: 68/200	Train Loss: 0.0017	Val Accuracy: 11.04
Training Epoch: 69/200	Train Loss: 0.0012	Val Accuracy: 11.04
Training Epoch: 70/200	Train Loss: 0.0021	Val Accuracy: 11.48
Training Epoch: 71/200	Train Loss: 0.0015	Val Accuracy: 11.48
Training Epoch: 72/200	Train Loss: 0.0017	Val Accuracy: 11.6
Training Epoch: 73/200	Train Loss: 0.0018	Val Accuracy: 11.6
Training Epoch: 74/200	Train Loss: 0.0013	Val Accuracy: 11.36
Training Epoch: 75/200	Train Loss: 0.0013	Val Accuracy: 11.36
Training Epoch: 76/200	Train Loss: 0.0012	Val Accuracy: 11.48
Training Epoch: 77/200	Train Loss: 0.001	Val Accuracy: 11.48
Training Epoch: 78/200	Train Loss: 0.0018	Val Accuracy: 12.16
Training Epoch: 79/200	Train Loss: 0.0028	Val Accuracy: 12.16
Training Epoch: 80/200	Train Loss: 0.0015	Val Accuracy: 11.64
Training Epoch: 81/200	Train Loss: 0.001	Val Accuracy: 11.64
Training Epoch: 82/200	Train Loss: 0.001	Val Accuracy: 11.62
Training Epoch: 83/200	Train Loss: 0.0017	Val Accuracy: 11.62
Training Epoch: 84/200	Train Loss: 0.0018	Val Accuracy: 11.64
Training Epoch: 85/200	Train Loss: 0.0009	Val Accuracy: 11.64
Training Epoch: 86/200	Train Loss: 0.0011	Val Accuracy: 11.74
Training Epoch: 87/200	Train Loss: 0.0041	Val Accuracy: 11.74
Training Epoch: 88/200	Train Loss: 0.001	Val Accuracy: 11.92
Training Epoch: 89/200	Train Loss: 0.0013	Val Accuracy: 11.92
Training Epoch: 90/200	Train Loss: 0.0009	Val Accuracy: 12.02
Training Epoch: 91/200	Train Loss: 0.0016	Val Accuracy: 12.02
Training Epoch: 92/200	Train Loss: 0.0011	Val Accuracy: 11.64
Training Epoch: 93/200	Train Loss: 0.0012	Val Accuracy: 11.64
Training Epoch: 94/200	Train Loss: 0.0014	Val Accuracy: 12.0
Training Epoch: 95/200	Train Loss: 0.0012	Val Accuracy: 12.0
Training Epoch: 96/200	Train Loss: 0.0016	Val Accuracy: 11.64
Training Epoch: 97/200	Train Loss: 0.0018	Val Accuracy: 11.64
Training Epoch: 98/200	Train Loss: 0.0009	Val Accuracy: 11.52
Training Epoch: 99/200	Train Loss: 0.0012	Val Accuracy: 11.52
Training Epoch: 100/200	Train Loss: 0.0009	Val Accuracy: 11.48
Training Epoch: 101/200	Train Loss: 0.0013	Val Accuracy: 11.48
Training Epoch: 102/200	Train Loss: 0.0014	Val Accuracy: 11.54
Training Epoch: 103/200	Train Loss: 0.001	Val Accuracy: 11.54
Training Epoch: 104/200	Train Loss: 0.0014	Val Accuracy: 11.24
Training Epoch: 105/200	Train Loss: 0.0016	Val Accuracy: 11.24
Training Epoch: 106/200	Train Loss: 0.0013	Val Accuracy: 12.02
Training Epoch: 107/200	Train Loss: 0.0013	Val Accuracy: 12.02
Training Epoch: 108/200	Train Loss: 0.001	Val Accuracy: 11.42
Training Epoch: 109/200	Train Loss: 0.0011	Val Accuracy: 11.42
Training Epoch: 110/200	Train Loss: 0.0019	Val Accuracy: 11.58
Training Epoch: 111/200	Train Loss: 0.0014	Val Accuracy: 11.58
Training Epoch: 112/200	Train Loss: 0.0015	Val Accuracy: 11.88
Training Epoch: 113/200	Train Loss: 0.0015	Val Accuracy: 11.88
Training Epoch: 114/200	Train Loss: 0.0017	Val Accuracy: 11.9
Training Epoch: 115/200	Train Loss: 0.0011	Val Accuracy: 11.9
Training Epoch: 116/200	Train Loss: 0.0012	Val Accuracy: 11.98
Training Epoch: 117/200	Train Loss: 0.0011	Val Accuracy: 11.98
Training Epoch: 118/200	Train Loss: 0.001	Val Accuracy: 11.5
Training Epoch: 119/200	Train Loss: 0.0015	Val Accuracy: 11.5
Training Epoch: 120/200	Train Loss: 0.0015	Val Accuracy: 11.76
Training Epoch: 121/200	Train Loss: 0.0011	Val Accuracy: 11.76
Training Epoch: 122/200	Train Loss: 0.0014	Val Accuracy: 11.48
Training Epoch: 123/200	Train Loss: 0.0008	Val Accuracy: 11.48
Training Epoch: 124/200	Train Loss: 0.001	Val Accuracy: 11.78
Training Epoch: 125/200	Train Loss: 0.001	Val Accuracy: 11.78
Training Epoch: 126/200	Train Loss: 0.0015	Val Accuracy: 11.8
Training Epoch: 127/200	Train Loss: 0.0019	Val Accuracy: 11.8
Training Epoch: 128/200	Train Loss: 0.0022	Val Accuracy: 12.16
Training Epoch: 129/200	Train Loss: 0.0013	Val Accuracy: 12.16
Training Epoch: 130/200	Train Loss: 0.0009	Val Accuracy: 11.66
Training Epoch: 131/200	Train Loss: 0.0009	Val Accuracy: 11.66
Training Epoch: 132/200	Train Loss: 0.0013	Val Accuracy: 11.62
Training Epoch: 133/200	Train Loss: 0.0021	Val Accuracy: 11.62
Training Epoch: 134/200	Train Loss: 0.0016	Val Accuracy: 11.46
Training Epoch: 135/200	Train Loss: 0.0015	Val Accuracy: 11.46
Training Epoch: 136/200	Train Loss: 0.001	Val Accuracy: 11.74
Training Epoch: 137/200	Train Loss: 0.0017	Val Accuracy: 11.74
Training Epoch: 138/200	Train Loss: 0.0012	Val Accuracy: 11.68
Training Epoch: 139/200	Train Loss: 0.0013	Val Accuracy: 11.68
Training Epoch: 140/200	Train Loss: 0.0013	Val Accuracy: 11.88
Training Epoch: 141/200	Train Loss: 0.0018	Val Accuracy: 11.88
Training Epoch: 142/200	Train Loss: 0.0011	Val Accuracy: 11.48
Training Epoch: 143/200	Train Loss: 0.0011	Val Accuracy: 11.48
Training Epoch: 144/200	Train Loss: 0.0015	Val Accuracy: 11.42
Training Epoch: 145/200	Train Loss: 0.0012	Val Accuracy: 11.42
Training Epoch: 146/200	Train Loss: 0.0008	Val Accuracy: 11.98
Training Epoch: 147/200	Train Loss: 0.001	Val Accuracy: 11.98
Training Epoch: 148/200	Train Loss: 0.0013	Val Accuracy: 11.92
Training Epoch: 149/200	Train Loss: 0.0016	Val Accuracy: 11.92
Training Epoch: 150/200	Train Loss: 0.0011	Val Accuracy: 11.64
Training Epoch: 151/200	Train Loss: 0.0026	Val Accuracy: 11.64
Training Epoch: 152/200	Train Loss: 0.0015	Val Accuracy: 11.8
Training Epoch: 153/200	Train Loss: 0.0016	Val Accuracy: 11.8
Training Epoch: 154/200	Train Loss: 0.0014	Val Accuracy: 12.04
Training Epoch: 155/200	Train Loss: 0.0011	Val Accuracy: 12.04
Training Epoch: 156/200	Train Loss: 0.0009	Val Accuracy: 11.96
Training Epoch: 157/200	Train Loss: 0.0018	Val Accuracy: 11.96
Training Epoch: 158/200	Train Loss: 0.0015	Val Accuracy: 11.52
Training Epoch: 159/200	Train Loss: 0.0012	Val Accuracy: 11.52
Training Epoch: 160/200	Train Loss: 0.0017	Val Accuracy: 12.14
Training Epoch: 161/200	Train Loss: 0.0011	Val Accuracy: 12.14
Training Epoch: 162/200	Train Loss: 0.001	Val Accuracy: 11.86
Training Epoch: 163/200	Train Loss: 0.001	Val Accuracy: 11.86
Training Epoch: 164/200	Train Loss: 0.0012	Val Accuracy: 11.46
Training Epoch: 165/200	Train Loss: 0.001	Val Accuracy: 11.46
Training Epoch: 166/200	Train Loss: 0.0011	Val Accuracy: 11.76
Training Epoch: 167/200	Train Loss: 0.0016	Val Accuracy: 11.76
Training Epoch: 168/200	Train Loss: 0.0017	Val Accuracy: 12.18
Training Epoch: 169/200	Train Loss: 0.001	Val Accuracy: 12.18
Training Epoch: 170/200	Train Loss: 0.0017	Val Accuracy: 11.66
Training Epoch: 171/200	Train Loss: 0.0015	Val Accuracy: 11.66
Training Epoch: 172/200	Train Loss: 0.0021	Val Accuracy: 11.78
Training Epoch: 173/200	Train Loss: 0.0014	Val Accuracy: 11.78
Training Epoch: 174/200	Train Loss: 0.001	Val Accuracy: 11.62
Training Epoch: 175/200	Train Loss: 0.001	Val Accuracy: 11.62
Training Epoch: 176/200	Train Loss: 0.0012	Val Accuracy: 11.58
Training Epoch: 177/200	Train Loss: 0.0024	Val Accuracy: 11.58
Training Epoch: 178/200	Train Loss: 0.0012	Val Accuracy: 11.88
Training Epoch: 179/200	Train Loss: 0.0013	Val Accuracy: 11.88
Training Epoch: 180/200	Train Loss: 0.0014	Val Accuracy: 12.3
Training Epoch: 181/200	Train Loss: 0.0013	Val Accuracy: 12.3
Training Epoch: 182/200	Train Loss: 0.0016	Val Accuracy: 11.78
Training Epoch: 183/200	Train Loss: 0.001	Val Accuracy: 11.78
Training Epoch: 184/200	Train Loss: 0.0012	Val Accuracy: 11.9
Training Epoch: 185/200	Train Loss: 0.0018	Val Accuracy: 11.9
Training Epoch: 186/200	Train Loss: 0.002	Val Accuracy: 11.86
Training Epoch: 187/200	Train Loss: 0.0012	Val Accuracy: 11.86
Training Epoch: 188/200	Train Loss: 0.0009	Val Accuracy: 11.62
Training Epoch: 189/200	Train Loss: 0.0012	Val Accuracy: 11.62
Training Epoch: 190/200	Train Loss: 0.0018	Val Accuracy: 11.32
Training Epoch: 191/200	Train Loss: 0.0008	Val Accuracy: 11.32
Training Epoch: 192/200	Train Loss: 0.0012	Val Accuracy: 11.6
Training Epoch: 193/200	Train Loss: 0.0012	Val Accuracy: 11.6
Training Epoch: 194/200	Train Loss: 0.0009	Val Accuracy: 11.98
Training Epoch: 195/200	Train Loss: 0.0016	Val Accuracy: 11.98
Training Epoch: 196/200	Train Loss: 0.0013	Val Accuracy: 11.68
Training Epoch: 197/200	Train Loss: 0.0011	Val Accuracy: 11.68
Training Epoch: 198/200	Train Loss: 0.0009	Val Accuracy: 11.36
Training Epoch: 199/200	Train Loss: 0.0017	Val Accuracy: 11.36
Training Epoch: 200/200	Train Loss: 0.001	Val Accuracy: 11.76

Wrote Best Model Checkpoint to: vlBest_acc_12_model_epoch_0180.pyth

Best Validation Accuracy: 12.3
Best Epoch: 180

======== TESTING ========

Test Accuracy: 12.7.

======== ACTIVE SAMPLING ========

Extracting Lset Representations
len(dataLoader): 17
Extracting Uset Representations
len(dataLoader): 434
lb_repr.shape:  (1650, 2048)
ul_repr.shape:  (43350, 2048)
Solving K Center Greedy Approach
[GPU] Labeled.shape: torch.Size([1650, 2048])
[GPU] Unlabeled.shape: torch.Size([43350, 2048])
time taken: 0.0003769397735595703 seconds
Time taken to solve K center: 0.15785956382751465 seconds
Active Sampling Complete. After Episode 32:
New Labeled Set: 1700, New Unlabeled Set: 43300, Active Set: 50

================================


Current accuracy values:  [2.8499999999999943, 2.989999999999995, 4.0, 4.060000000000002, 4.730000000000004, 4.609999999999999, 5.159999999999997, 5.730000000000004, 6.069999999999993, 6.430000000000007, 6.319999999999993, 7.299999999999997, 7.579999999999998, 7.530000000000001, 8.049999999999997, 8.260000000000005, 8.519999999999996, 8.75, 8.879999999999995, 9.239999999999995, 9.489999999999995, 9.930000000000007, 9.900000000000006, 10.239999999999995, 10.620000000000005, 10.629999999999995, 11.069999999999993, 11.159999999999997, 11.269999999999996, 12.329999999999998, 12.049999999999997, 12.340000000000003, 12.700000000000003]
======== EPISODE 33 BEGINS ========

======== TRAINING ========
Training Epoch: 1/200	Train Loss: 0.2614	Val Accuracy: 0.0
Training Epoch: 2/200	Train Loss: 0.2142	Val Accuracy: 10.24
Training Epoch: 3/200	Train Loss: 0.1393	Val Accuracy: 10.24
Training Epoch: 4/200	Train Loss: 0.0728	Val Accuracy: 10.04
Training Epoch: 5/200	Train Loss: 0.0829	Val Accuracy: 10.04
Training Epoch: 6/200	Train Loss: 0.0477	Val Accuracy: 10.62
Training Epoch: 7/200	Train Loss: 0.0492	Val Accuracy: 10.62
Training Epoch: 8/200	Train Loss: 0.0998	Val Accuracy: 10.46
Training Epoch: 9/200	Train Loss: 0.1006	Val Accuracy: 10.46
Training Epoch: 10/200	Train Loss: 0.1138	Val Accuracy: 9.92
Training Epoch: 11/200	Train Loss: 0.0873	Val Accuracy: 9.92
Training Epoch: 12/200	Train Loss: 0.0333	Val Accuracy: 10.44
Training Epoch: 13/200	Train Loss: 0.097	Val Accuracy: 10.44
Training Epoch: 14/200	Train Loss: 0.0187	Val Accuracy: 9.86
Training Epoch: 15/200	Train Loss: 0.0719	Val Accuracy: 9.86
Training Epoch: 16/200	Train Loss: 0.0493	Val Accuracy: 9.86
Training Epoch: 17/200	Train Loss: 0.0208	Val Accuracy: 9.86
Training Epoch: 18/200	Train Loss: 0.1334	Val Accuracy: 9.86
Training Epoch: 19/200	Train Loss: 0.1848	Val Accuracy: 9.86
Training Epoch: 20/200	Train Loss: 0.1782	Val Accuracy: 10.24
Training Epoch: 21/200	Train Loss: 0.0473	Val Accuracy: 10.24
Training Epoch: 22/200	Train Loss: 0.0754	Val Accuracy: 9.6
Training Epoch: 23/200	Train Loss: 0.1807	Val Accuracy: 9.6
Training Epoch: 24/200	Train Loss: 0.1033	Val Accuracy: 10.38
Training Epoch: 25/200	Train Loss: 0.1011	Val Accuracy: 10.38
Training Epoch: 26/200	Train Loss: 0.0294	Val Accuracy: 9.2
Training Epoch: 27/200	Train Loss: 0.2011	Val Accuracy: 9.2
Training Epoch: 28/200	Train Loss: 0.1445	Val Accuracy: 9.42
Training Epoch: 29/200	Train Loss: 0.0376	Val Accuracy: 9.42
Training Epoch: 30/200	Train Loss: 0.0147	Val Accuracy: 10.52
Training Epoch: 31/200	Train Loss: 0.0215	Val Accuracy: 10.52
Training Epoch: 32/200	Train Loss: 0.0455	Val Accuracy: 10.38
Training Epoch: 33/200	Train Loss: 0.0596	Val Accuracy: 10.38
Training Epoch: 34/200	Train Loss: 0.058	Val Accuracy: 10.22
Training Epoch: 35/200	Train Loss: 0.1238	Val Accuracy: 10.22
Training Epoch: 36/200	Train Loss: 0.0579	Val Accuracy: 10.86
Training Epoch: 37/200	Train Loss: 0.0211	Val Accuracy: 10.86
Training Epoch: 38/200	Train Loss: 0.0222	Val Accuracy: 10.8
Training Epoch: 39/200	Train Loss: 0.0128	Val Accuracy: 10.8
Training Epoch: 40/200	Train Loss: 0.0041	Val Accuracy: 11.1
Training Epoch: 41/200	Train Loss: 0.0142	Val Accuracy: 11.1
Training Epoch: 42/200	Train Loss: 0.0086	Val Accuracy: 10.74
Training Epoch: 43/200	Train Loss: 0.0158	Val Accuracy: 10.74
Training Epoch: 44/200	Train Loss: 0.0256	Val Accuracy: 10.16
Training Epoch: 45/200	Train Loss: 0.0852	Val Accuracy: 10.16
Training Epoch: 46/200	Train Loss: 0.0112	Val Accuracy: 10.76
Training Epoch: 47/200	Train Loss: 0.0534	Val Accuracy: 10.76
Training Epoch: 48/200	Train Loss: 0.0191	Val Accuracy: 10.28
Training Epoch: 49/200	Train Loss: 0.0045	Val Accuracy: 10.28
Training Epoch: 50/200	Train Loss: 0.0162	Val Accuracy: 10.64
Training Epoch: 51/200	Train Loss: 0.0067	Val Accuracy: 10.64
Training Epoch: 52/200	Train Loss: 0.007	Val Accuracy: 11.02
Training Epoch: 53/200	Train Loss: 0.0083	Val Accuracy: 11.02
Training Epoch: 54/200	Train Loss: 0.0127	Val Accuracy: 11.24
Training Epoch: 55/200	Train Loss: 0.0041	Val Accuracy: 11.24
Training Epoch: 56/200	Train Loss: 0.0057	Val Accuracy: 10.68
Training Epoch: 57/200	Train Loss: 0.003	Val Accuracy: 10.68
Training Epoch: 58/200	Train Loss: 0.016	Val Accuracy: 11.02
Training Epoch: 59/200	Train Loss: 0.0035	Val Accuracy: 11.02
Training Epoch: 60/200	Train Loss: 0.006	Val Accuracy: 10.98
Training Epoch: 61/200	Train Loss: 0.0029	Val Accuracy: 10.98
Training Epoch: 62/200	Train Loss: 0.004	Val Accuracy: 11.56
Training Epoch: 63/200	Train Loss: 0.0028	Val Accuracy: 11.56
Training Epoch: 64/200	Train Loss: 0.0021	Val Accuracy: 11.4
Training Epoch: 65/200	Train Loss: 0.0022	Val Accuracy: 11.4
Training Epoch: 66/200	Train Loss: 0.0024	Val Accuracy: 11.1
Training Epoch: 67/200	Train Loss: 0.0023	Val Accuracy: 11.1
Training Epoch: 68/200	Train Loss: 0.0306	Val Accuracy: 11.2
Training Epoch: 69/200	Train Loss: 0.0034	Val Accuracy: 11.2
Training Epoch: 70/200	Train Loss: 0.0054	Val Accuracy: 11.0
Training Epoch: 71/200	Train Loss: 0.0041	Val Accuracy: 11.0
Training Epoch: 72/200	Train Loss: 0.0028	Val Accuracy: 11.04
Training Epoch: 73/200	Train Loss: 0.0015	Val Accuracy: 11.04
Training Epoch: 74/200	Train Loss: 0.0028	Val Accuracy: 11.08
Training Epoch: 75/200	Train Loss: 0.0022	Val Accuracy: 11.08
Training Epoch: 76/200	Train Loss: 0.0012	Val Accuracy: 11.2
Training Epoch: 77/200	Train Loss: 0.0014	Val Accuracy: 11.2
Training Epoch: 78/200	Train Loss: 0.0015	Val Accuracy: 10.94
Training Epoch: 79/200	Train Loss: 0.0022	Val Accuracy: 10.94
Training Epoch: 80/200	Train Loss: 0.001	Val Accuracy: 11.66
Training Epoch: 81/200	Train Loss: 0.0021	Val Accuracy: 11.66
Training Epoch: 82/200	Train Loss: 0.0016	Val Accuracy: 11.22
Training Epoch: 83/200	Train Loss: 0.0017	Val Accuracy: 11.22
Training Epoch: 84/200	Train Loss: 0.0018	Val Accuracy: 10.86
Training Epoch: 85/200	Train Loss: 0.0008	Val Accuracy: 10.86
Training Epoch: 86/200	Train Loss: 0.0014	Val Accuracy: 11.72
Training Epoch: 87/200	Train Loss: 0.0016	Val Accuracy: 11.72
Training Epoch: 88/200	Train Loss: 0.0014	Val Accuracy: 10.94
Training Epoch: 89/200	Train Loss: 0.0035	Val Accuracy: 10.94
Training Epoch: 90/200	Train Loss: 0.0013	Val Accuracy: 11.64
Training Epoch: 91/200	Train Loss: 0.0019	Val Accuracy: 11.64
Training Epoch: 92/200	Train Loss: 0.0012	Val Accuracy: 11.02
Training Epoch: 93/200	Train Loss: 0.0025	Val Accuracy: 11.02
Training Epoch: 94/200	Train Loss: 0.0012	Val Accuracy: 11.42
Training Epoch: 95/200	Train Loss: 0.0011	Val Accuracy: 11.42
Training Epoch: 96/200	Train Loss: 0.002	Val Accuracy: 11.54
Training Epoch: 97/200	Train Loss: 0.0022	Val Accuracy: 11.54
Training Epoch: 98/200	Train Loss: 0.0017	Val Accuracy: 11.38
Training Epoch: 99/200	Train Loss: 0.0011	Val Accuracy: 11.38
Training Epoch: 100/200	Train Loss: 0.0013	Val Accuracy: 11.44
Training Epoch: 101/200	Train Loss: 0.0017	Val Accuracy: 11.44
Training Epoch: 102/200	Train Loss: 0.001	Val Accuracy: 11.46
Training Epoch: 103/200	Train Loss: 0.0009	Val Accuracy: 11.46
Training Epoch: 104/200	Train Loss: 0.0013	Val Accuracy: 11.32
Training Epoch: 105/200	Train Loss: 0.0012	Val Accuracy: 11.32
Training Epoch: 106/200	Train Loss: 0.0015	Val Accuracy: 11.82
Training Epoch: 107/200	Train Loss: 0.0023	Val Accuracy: 11.82
Training Epoch: 108/200	Train Loss: 0.0012	Val Accuracy: 11.36
Training Epoch: 109/200	Train Loss: 0.0012	Val Accuracy: 11.36
Training Epoch: 110/200	Train Loss: 0.0012	Val Accuracy: 11.66
Training Epoch: 111/200	Train Loss: 0.0008	Val Accuracy: 11.66
Training Epoch: 112/200	Train Loss: 0.0016	Val Accuracy: 10.94
Training Epoch: 113/200	Train Loss: 0.0012	Val Accuracy: 10.94
Training Epoch: 114/200	Train Loss: 0.0014	Val Accuracy: 11.42
Training Epoch: 115/200	Train Loss: 0.0019	Val Accuracy: 11.42
Training Epoch: 116/200	Train Loss: 0.0013	Val Accuracy: 11.16
Training Epoch: 117/200	Train Loss: 0.0012	Val Accuracy: 11.16
Training Epoch: 118/200	Train Loss: 0.001	Val Accuracy: 11.64
Training Epoch: 119/200	Train Loss: 0.0012	Val Accuracy: 11.64
Training Epoch: 120/200	Train Loss: 0.0017	Val Accuracy: 11.44
Training Epoch: 121/200	Train Loss: 0.0014	Val Accuracy: 11.44
Training Epoch: 122/200	Train Loss: 0.0012	Val Accuracy: 11.28
Training Epoch: 123/200	Train Loss: 0.0013	Val Accuracy: 11.28
Training Epoch: 124/200	Train Loss: 0.001	Val Accuracy: 11.4
Training Epoch: 125/200	Train Loss: 0.0011	Val Accuracy: 11.4
Training Epoch: 126/200	Train Loss: 0.0029	Val Accuracy: 11.16
Training Epoch: 127/200	Train Loss: 0.0022	Val Accuracy: 11.16
Training Epoch: 128/200	Train Loss: 0.0012	Val Accuracy: 11.7
Training Epoch: 129/200	Train Loss: 0.0015	Val Accuracy: 11.7
Training Epoch: 130/200	Train Loss: 0.0009	Val Accuracy: 11.58
Training Epoch: 131/200	Train Loss: 0.0017	Val Accuracy: 11.58
Training Epoch: 132/200	Train Loss: 0.0012	Val Accuracy: 11.76
Training Epoch: 133/200	Train Loss: 0.0024	Val Accuracy: 11.76
Training Epoch: 134/200	Train Loss: 0.0012	Val Accuracy: 11.04
Training Epoch: 135/200	Train Loss: 0.0011	Val Accuracy: 11.04
Training Epoch: 136/200	Train Loss: 0.0017	Val Accuracy: 11.32
Training Epoch: 137/200	Train Loss: 0.0019	Val Accuracy: 11.32
Training Epoch: 138/200	Train Loss: 0.0013	Val Accuracy: 11.68
Training Epoch: 139/200	Train Loss: 0.0012	Val Accuracy: 11.68
Training Epoch: 140/200	Train Loss: 0.0013	Val Accuracy: 11.48
Training Epoch: 141/200	Train Loss: 0.0013	Val Accuracy: 11.48
Training Epoch: 142/200	Train Loss: 0.0011	Val Accuracy: 11.3
Training Epoch: 143/200	Train Loss: 0.0017	Val Accuracy: 11.3
Training Epoch: 144/200	Train Loss: 0.0014	Val Accuracy: 12.12
Training Epoch: 145/200	Train Loss: 0.0017	Val Accuracy: 12.12
Training Epoch: 146/200	Train Loss: 0.0012	Val Accuracy: 11.2
Training Epoch: 147/200	Train Loss: 0.0008	Val Accuracy: 11.2
Training Epoch: 148/200	Train Loss: 0.0021	Val Accuracy: 11.9
Training Epoch: 149/200	Train Loss: 0.0014	Val Accuracy: 11.9
Training Epoch: 150/200	Train Loss: 0.0012	Val Accuracy: 11.38
Training Epoch: 151/200	Train Loss: 0.0057	Val Accuracy: 11.38
Training Epoch: 152/200	Train Loss: 0.0011	Val Accuracy: 11.34
Training Epoch: 153/200	Train Loss: 0.0015	Val Accuracy: 11.34
Training Epoch: 154/200	Train Loss: 0.001	Val Accuracy: 11.84
Training Epoch: 155/200	Train Loss: 0.0011	Val Accuracy: 11.84
Training Epoch: 156/200	Train Loss: 0.0013	Val Accuracy: 11.54
Training Epoch: 157/200	Train Loss: 0.0014	Val Accuracy: 11.54
Training Epoch: 158/200	Train Loss: 0.0011	Val Accuracy: 11.38
Training Epoch: 159/200	Train Loss: 0.0009	Val Accuracy: 11.38
Training Epoch: 160/200	Train Loss: 0.0008	Val Accuracy: 11.5
Training Epoch: 161/200	Train Loss: 0.0017	Val Accuracy: 11.5
Training Epoch: 162/200	Train Loss: 0.0016	Val Accuracy: 11.6
Training Epoch: 163/200	Train Loss: 0.0016	Val Accuracy: 11.6
Training Epoch: 164/200	Train Loss: 0.0013	Val Accuracy: 11.54
Training Epoch: 165/200	Train Loss: 0.0011	Val Accuracy: 11.54
Training Epoch: 166/200	Train Loss: 0.0012	Val Accuracy: 11.22
Training Epoch: 167/200	Train Loss: 0.0013	Val Accuracy: 11.22
Training Epoch: 168/200	Train Loss: 0.0014	Val Accuracy: 11.8
Training Epoch: 169/200	Train Loss: 0.0021	Val Accuracy: 11.8
Training Epoch: 170/200	Train Loss: 0.0013	Val Accuracy: 11.96
Training Epoch: 171/200	Train Loss: 0.0021	Val Accuracy: 11.96
Training Epoch: 172/200	Train Loss: 0.0014	Val Accuracy: 11.32
Training Epoch: 173/200	Train Loss: 0.0013	Val Accuracy: 11.32
Training Epoch: 174/200	Train Loss: 0.0013	Val Accuracy: 11.0
Training Epoch: 175/200	Train Loss: 0.0015	Val Accuracy: 11.0
Training Epoch: 176/200	Train Loss: 0.0013	Val Accuracy: 11.42
Training Epoch: 177/200	Train Loss: 0.0013	Val Accuracy: 11.42
Training Epoch: 178/200	Train Loss: 0.001	Val Accuracy: 11.4
Training Epoch: 179/200	Train Loss: 0.0012	Val Accuracy: 11.4
Training Epoch: 180/200	Train Loss: 0.0012	Val Accuracy: 11.24
Training Epoch: 181/200	Train Loss: 0.0012	Val Accuracy: 11.24
Training Epoch: 182/200	Train Loss: 0.0058	Val Accuracy: 11.58
Training Epoch: 183/200	Train Loss: 0.0013	Val Accuracy: 11.58
Training Epoch: 184/200	Train Loss: 0.0012	Val Accuracy: 11.3
Training Epoch: 185/200	Train Loss: 0.0013	Val Accuracy: 11.3
Training Epoch: 186/200	Train Loss: 0.0016	Val Accuracy: 11.94
Training Epoch: 187/200	Train Loss: 0.0009	Val Accuracy: 11.94
Training Epoch: 188/200	Train Loss: 0.0011	Val Accuracy: 11.32
Training Epoch: 189/200	Train Loss: 0.0015	Val Accuracy: 11.32
Training Epoch: 190/200	Train Loss: 0.0013	Val Accuracy: 11.44
Training Epoch: 191/200	Train Loss: 0.0009	Val Accuracy: 11.44
Training Epoch: 192/200	Train Loss: 0.0014	Val Accuracy: 11.64
Training Epoch: 193/200	Train Loss: 0.0013	Val Accuracy: 11.64
Training Epoch: 194/200	Train Loss: 0.0019	Val Accuracy: 11.66
Training Epoch: 195/200	Train Loss: 0.0018	Val Accuracy: 11.66
Training Epoch: 196/200	Train Loss: 0.0015	Val Accuracy: 11.76
Training Epoch: 197/200	Train Loss: 0.0014	Val Accuracy: 11.76
Training Epoch: 198/200	Train Loss: 0.0011	Val Accuracy: 11.52
Training Epoch: 199/200	Train Loss: 0.0017	Val Accuracy: 11.52
Training Epoch: 200/200	Train Loss: 0.0011	Val Accuracy: 11.74

Wrote Best Model Checkpoint to: vlBest_acc_12_model_epoch_0144.pyth

Best Validation Accuracy: 12.12
Best Epoch: 144

======== TESTING ========

Test Accuracy: 12.58.

======== ACTIVE SAMPLING ========

Extracting Lset Representations
len(dataLoader): 17
Extracting Uset Representations
len(dataLoader): 433
lb_repr.shape:  (1700, 2048)
ul_repr.shape:  (43300, 2048)
Solving K Center Greedy Approach
[GPU] Labeled.shape: torch.Size([1700, 2048])
[GPU] Unlabeled.shape: torch.Size([43300, 2048])
time taken: 0.00039386749267578125 seconds
Time taken to solve K center: 0.15798687934875488 seconds
Active Sampling Complete. After Episode 33:
New Labeled Set: 1750, New Unlabeled Set: 43250, Active Set: 50

================================


Current accuracy values:  [2.8499999999999943, 2.989999999999995, 4.0, 4.060000000000002, 4.730000000000004, 4.609999999999999, 5.159999999999997, 5.730000000000004, 6.069999999999993, 6.430000000000007, 6.319999999999993, 7.299999999999997, 7.579999999999998, 7.530000000000001, 8.049999999999997, 8.260000000000005, 8.519999999999996, 8.75, 8.879999999999995, 9.239999999999995, 9.489999999999995, 9.930000000000007, 9.900000000000006, 10.239999999999995, 10.620000000000005, 10.629999999999995, 11.069999999999993, 11.159999999999997, 11.269999999999996, 12.329999999999998, 12.049999999999997, 12.340000000000003, 12.700000000000003, 12.579999999999998]
======== EPISODE 34 BEGINS ========

======== TRAINING ========
Training Epoch: 1/200	Train Loss: 0.257	Val Accuracy: 0.0
Training Epoch: 2/200	Train Loss: 0.0727	Val Accuracy: 10.24
Training Epoch: 3/200	Train Loss: 0.1549	Val Accuracy: 10.24
Training Epoch: 4/200	Train Loss: 0.0957	Val Accuracy: 10.26
Training Epoch: 5/200	Train Loss: 0.147	Val Accuracy: 10.26
Training Epoch: 6/200	Train Loss: 0.0834	Val Accuracy: 10.42
Training Epoch: 7/200	Train Loss: 0.1056	Val Accuracy: 10.42
Training Epoch: 8/200	Train Loss: 0.2708	Val Accuracy: 10.34
Training Epoch: 9/200	Train Loss: 0.1981	Val Accuracy: 10.34
Training Epoch: 10/200	Train Loss: 0.0957	Val Accuracy: 9.38
Training Epoch: 11/200	Train Loss: 0.3114	Val Accuracy: 9.38
Training Epoch: 12/200	Train Loss: 0.2516	Val Accuracy: 8.52
Training Epoch: 13/200	Train Loss: 0.1814	Val Accuracy: 8.52
Training Epoch: 14/200	Train Loss: 0.347	Val Accuracy: 10.28
Training Epoch: 15/200	Train Loss: 0.116	Val Accuracy: 10.28
Training Epoch: 16/200	Train Loss: 0.1998	Val Accuracy: 10.26
Training Epoch: 17/200	Train Loss: 0.0715	Val Accuracy: 10.26
Training Epoch: 18/200	Train Loss: 0.1184	Val Accuracy: 10.02
Training Epoch: 19/200	Train Loss: 0.19	Val Accuracy: 10.02
Training Epoch: 20/200	Train Loss: 0.0979	Val Accuracy: 10.38
Training Epoch: 21/200	Train Loss: 0.1734	Val Accuracy: 10.38
Training Epoch: 22/200	Train Loss: 0.1368	Val Accuracy: 9.82
Training Epoch: 23/200	Train Loss: 0.1084	Val Accuracy: 9.82
Training Epoch: 24/200	Train Loss: 0.0931	Val Accuracy: 9.38
Training Epoch: 25/200	Train Loss: 0.1986	Val Accuracy: 9.38
Training Epoch: 26/200	Train Loss: 0.2071	Val Accuracy: 10.12
Training Epoch: 27/200	Train Loss: 0.0886	Val Accuracy: 10.12
Training Epoch: 28/200	Train Loss: 0.1057	Val Accuracy: 9.94
Training Epoch: 29/200	Train Loss: 0.0644	Val Accuracy: 9.94
Training Epoch: 30/200	Train Loss: 0.1087	Val Accuracy: 10.12
Training Epoch: 31/200	Train Loss: 0.1489	Val Accuracy: 10.12
Training Epoch: 32/200	Train Loss: 0.2144	Val Accuracy: 9.68
Training Epoch: 33/200	Train Loss: 0.1713	Val Accuracy: 9.68
Training Epoch: 34/200	Train Loss: 0.0222	Val Accuracy: 9.52
Training Epoch: 35/200	Train Loss: 0.054	Val Accuracy: 9.52
Training Epoch: 36/200	Train Loss: 0.0331	Val Accuracy: 10.54
Training Epoch: 37/200	Train Loss: 0.0903	Val Accuracy: 10.54
Training Epoch: 38/200	Train Loss: 0.0347	Val Accuracy: 10.32
Training Epoch: 39/200	Train Loss: 0.0487	Val Accuracy: 10.32
Training Epoch: 40/200	Train Loss: 0.0111	Val Accuracy: 10.24
Training Epoch: 41/200	Train Loss: 0.1942	Val Accuracy: 10.24
Training Epoch: 42/200	Train Loss: 0.0886	Val Accuracy: 10.54
Training Epoch: 43/200	Train Loss: 0.0209	Val Accuracy: 10.54
Training Epoch: 44/200	Train Loss: 0.0128	Val Accuracy: 10.58
Training Epoch: 45/200	Train Loss: 0.0643	Val Accuracy: 10.58
Training Epoch: 46/200	Train Loss: 0.0642	Val Accuracy: 10.6
Training Epoch: 47/200	Train Loss: 0.0673	Val Accuracy: 10.6
Training Epoch: 48/200	Train Loss: 0.006	Val Accuracy: 10.36
Training Epoch: 49/200	Train Loss: 0.0261	Val Accuracy: 10.36
Training Epoch: 50/200	Train Loss: 0.0916	Val Accuracy: 10.88
Training Epoch: 51/200	Train Loss: 0.0561	Val Accuracy: 10.88
Training Epoch: 52/200	Train Loss: 0.0171	Val Accuracy: 10.8
Training Epoch: 53/200	Train Loss: 0.0087	Val Accuracy: 10.8
Training Epoch: 54/200	Train Loss: 0.0081	Val Accuracy: 10.5
Training Epoch: 55/200	Train Loss: 0.0238	Val Accuracy: 10.5
Training Epoch: 56/200	Train Loss: 0.0265	Val Accuracy: 10.48
Training Epoch: 57/200	Train Loss: 0.0149	Val Accuracy: 10.48
Training Epoch: 58/200	Train Loss: 0.018	Val Accuracy: 10.22
Training Epoch: 59/200	Train Loss: 0.0084	Val Accuracy: 10.22
Training Epoch: 60/200	Train Loss: 0.0031	Val Accuracy: 10.88
Training Epoch: 61/200	Train Loss: 0.0026	Val Accuracy: 10.88
Training Epoch: 62/200	Train Loss: 0.0083	Val Accuracy: 11.26
Training Epoch: 63/200	Train Loss: 0.003	Val Accuracy: 11.26
Training Epoch: 64/200	Train Loss: 0.0031	Val Accuracy: 11.36
Training Epoch: 65/200	Train Loss: 0.0021	Val Accuracy: 11.36
Training Epoch: 66/200	Train Loss: 0.0013	Val Accuracy: 11.04
Training Epoch: 67/200	Train Loss: 0.0035	Val Accuracy: 11.04
Training Epoch: 68/200	Train Loss: 0.0011	Val Accuracy: 11.28
Training Epoch: 69/200	Train Loss: 0.002	Val Accuracy: 11.28
Training Epoch: 70/200	Train Loss: 0.0024	Val Accuracy: 11.4
Training Epoch: 71/200	Train Loss: 0.0016	Val Accuracy: 11.4
Training Epoch: 72/200	Train Loss: 0.0013	Val Accuracy: 11.36
Training Epoch: 73/200	Train Loss: 0.0015	Val Accuracy: 11.36
Training Epoch: 74/200	Train Loss: 0.0012	Val Accuracy: 11.26
Training Epoch: 75/200	Train Loss: 0.0036	Val Accuracy: 11.26
Training Epoch: 76/200	Train Loss: 0.0013	Val Accuracy: 11.76
Training Epoch: 77/200	Train Loss: 0.0013	Val Accuracy: 11.76
Training Epoch: 78/200	Train Loss: 0.001	Val Accuracy: 11.1
Training Epoch: 79/200	Train Loss: 0.0009	Val Accuracy: 11.1
Training Epoch: 80/200	Train Loss: 0.001	Val Accuracy: 11.42
Training Epoch: 81/200	Train Loss: 0.0018	Val Accuracy: 11.42
Training Epoch: 82/200	Train Loss: 0.0024	Val Accuracy: 11.62
Training Epoch: 83/200	Train Loss: 0.0014	Val Accuracy: 11.62
Training Epoch: 84/200	Train Loss: 0.003	Val Accuracy: 11.14
Training Epoch: 85/200	Train Loss: 0.0019	Val Accuracy: 11.14
Training Epoch: 86/200	Train Loss: 0.0011	Val Accuracy: 11.82
Training Epoch: 87/200	Train Loss: 0.0012	Val Accuracy: 11.82
Training Epoch: 88/200	Train Loss: 0.0011	Val Accuracy: 11.28
Training Epoch: 89/200	Train Loss: 0.0009	Val Accuracy: 11.28
Training Epoch: 90/200	Train Loss: 0.0015	Val Accuracy: 11.18
Training Epoch: 91/200	Train Loss: 0.0008	Val Accuracy: 11.18
Training Epoch: 92/200	Train Loss: 0.0013	Val Accuracy: 11.6
Training Epoch: 93/200	Train Loss: 0.001	Val Accuracy: 11.6
Training Epoch: 94/200	Train Loss: 0.0011	Val Accuracy: 11.72
Training Epoch: 95/200	Train Loss: 0.0014	Val Accuracy: 11.72
Training Epoch: 96/200	Train Loss: 0.0011	Val Accuracy: 11.58
Training Epoch: 97/200	Train Loss: 0.0009	Val Accuracy: 11.58
Training Epoch: 98/200	Train Loss: 0.0015	Val Accuracy: 11.82
Training Epoch: 99/200	Train Loss: 0.0012	Val Accuracy: 11.82
Training Epoch: 100/200	Train Loss: 0.0016	Val Accuracy: 11.48
Training Epoch: 101/200	Train Loss: 0.0016	Val Accuracy: 11.48
Training Epoch: 102/200	Train Loss: 0.0013	Val Accuracy: 11.38
Training Epoch: 103/200	Train Loss: 0.0011	Val Accuracy: 11.38
Training Epoch: 104/200	Train Loss: 0.0011	Val Accuracy: 11.08
Training Epoch: 105/200	Train Loss: 0.0016	Val Accuracy: 11.08
Training Epoch: 106/200	Train Loss: 0.0012	Val Accuracy: 11.42
Training Epoch: 107/200	Train Loss: 0.0027	Val Accuracy: 11.42
Training Epoch: 108/200	Train Loss: 0.0011	Val Accuracy: 11.58
Training Epoch: 109/200	Train Loss: 0.0009	Val Accuracy: 11.58
Training Epoch: 110/200	Train Loss: 0.0016	Val Accuracy: 11.18
Training Epoch: 111/200	Train Loss: 0.0015	Val Accuracy: 11.18
Training Epoch: 112/200	Train Loss: 0.0012	Val Accuracy: 11.3
Training Epoch: 113/200	Train Loss: 0.0012	Val Accuracy: 11.3
Training Epoch: 114/200	Train Loss: 0.0015	Val Accuracy: 11.76
Training Epoch: 115/200	Train Loss: 0.0013	Val Accuracy: 11.76
Training Epoch: 116/200	Train Loss: 0.0014	Val Accuracy: 11.84
Training Epoch: 117/200	Train Loss: 0.0016	Val Accuracy: 11.84
Training Epoch: 118/200	Train Loss: 0.0011	Val Accuracy: 11.54
Training Epoch: 119/200	Train Loss: 0.002	Val Accuracy: 11.54
Training Epoch: 120/200	Train Loss: 0.0012	Val Accuracy: 11.68
Training Epoch: 121/200	Train Loss: 0.001	Val Accuracy: 11.68
Training Epoch: 122/200	Train Loss: 0.0016	Val Accuracy: 11.24
Training Epoch: 123/200	Train Loss: 0.0014	Val Accuracy: 11.24
Training Epoch: 124/200	Train Loss: 0.0012	Val Accuracy: 11.38
Training Epoch: 125/200	Train Loss: 0.0009	Val Accuracy: 11.38
Training Epoch: 126/200	Train Loss: 0.0012	Val Accuracy: 11.16
Training Epoch: 127/200	Train Loss: 0.0021	Val Accuracy: 11.16
Training Epoch: 128/200	Train Loss: 0.0014	Val Accuracy: 11.22
Training Epoch: 129/200	Train Loss: 0.0015	Val Accuracy: 11.22
Training Epoch: 130/200	Train Loss: 0.0017	Val Accuracy: 11.54
Training Epoch: 131/200	Train Loss: 0.0012	Val Accuracy: 11.54
Training Epoch: 132/200	Train Loss: 0.0011	Val Accuracy: 11.36
Training Epoch: 133/200	Train Loss: 0.0014	Val Accuracy: 11.36
Training Epoch: 134/200	Train Loss: 0.0014	Val Accuracy: 11.44
Training Epoch: 135/200	Train Loss: 0.001	Val Accuracy: 11.44
Training Epoch: 136/200	Train Loss: 0.0017	Val Accuracy: 11.9
Training Epoch: 137/200	Train Loss: 0.0011	Val Accuracy: 11.9
Training Epoch: 138/200	Train Loss: 0.001	Val Accuracy: 11.78
Training Epoch: 139/200	Train Loss: 0.0008	Val Accuracy: 11.78
Training Epoch: 140/200	Train Loss: 0.0017	Val Accuracy: 11.56
Training Epoch: 141/200	Train Loss: 0.001	Val Accuracy: 11.56
Training Epoch: 142/200	Train Loss: 0.001	Val Accuracy: 11.98
Training Epoch: 143/200	Train Loss: 0.0019	Val Accuracy: 11.98
Training Epoch: 144/200	Train Loss: 0.001	Val Accuracy: 11.66
Training Epoch: 145/200	Train Loss: 0.0009	Val Accuracy: 11.66
Training Epoch: 146/200	Train Loss: 0.004	Val Accuracy: 11.64
Training Epoch: 147/200	Train Loss: 0.0017	Val Accuracy: 11.64
Training Epoch: 148/200	Train Loss: 0.0013	Val Accuracy: 11.82
Training Epoch: 149/200	Train Loss: 0.0007	Val Accuracy: 11.82
Training Epoch: 150/200	Train Loss: 0.0011	Val Accuracy: 11.62
Training Epoch: 151/200	Train Loss: 0.0013	Val Accuracy: 11.62
Training Epoch: 152/200	Train Loss: 0.0011	Val Accuracy: 11.54
Training Epoch: 153/200	Train Loss: 0.0011	Val Accuracy: 11.54
Training Epoch: 154/200	Train Loss: 0.0011	Val Accuracy: 12.04
Training Epoch: 155/200	Train Loss: 0.0013	Val Accuracy: 12.04
Training Epoch: 156/200	Train Loss: 0.0014	Val Accuracy: 11.68
Training Epoch: 157/200	Train Loss: 0.0012	Val Accuracy: 11.68
Training Epoch: 158/200	Train Loss: 0.0018	Val Accuracy: 11.82
Training Epoch: 159/200	Train Loss: 0.0015	Val Accuracy: 11.82
Training Epoch: 160/200	Train Loss: 0.0014	Val Accuracy: 11.64
Training Epoch: 161/200	Train Loss: 0.0011	Val Accuracy: 11.64
Training Epoch: 162/200	Train Loss: 0.0009	Val Accuracy: 11.84
Training Epoch: 163/200	Train Loss: 0.0013	Val Accuracy: 11.84
Training Epoch: 164/200	Train Loss: 0.0017	Val Accuracy: 11.82
Training Epoch: 165/200	Train Loss: 0.001	Val Accuracy: 11.82
Training Epoch: 166/200	Train Loss: 0.0011	Val Accuracy: 11.58
Training Epoch: 167/200	Train Loss: 0.0013	Val Accuracy: 11.58
Training Epoch: 168/200	Train Loss: 0.0012	Val Accuracy: 11.8
Training Epoch: 169/200	Train Loss: 0.0016	Val Accuracy: 11.8
Training Epoch: 170/200	Train Loss: 0.0011	Val Accuracy: 11.68
Training Epoch: 171/200	Train Loss: 0.0016	Val Accuracy: 11.68
Training Epoch: 172/200	Train Loss: 0.0011	Val Accuracy: 11.54
Training Epoch: 173/200	Train Loss: 0.0009	Val Accuracy: 11.54
Training Epoch: 174/200	Train Loss: 0.0012	Val Accuracy: 11.26
Training Epoch: 175/200	Train Loss: 0.0008	Val Accuracy: 11.26
Training Epoch: 176/200	Train Loss: 0.0011	Val Accuracy: 11.82
Training Epoch: 177/200	Train Loss: 0.001	Val Accuracy: 11.82
Training Epoch: 178/200	Train Loss: 0.001	Val Accuracy: 11.6
Training Epoch: 179/200	Train Loss: 0.002	Val Accuracy: 11.6
Training Epoch: 180/200	Train Loss: 0.001	Val Accuracy: 11.9
Training Epoch: 181/200	Train Loss: 0.0014	Val Accuracy: 11.9
Training Epoch: 182/200	Train Loss: 0.0013	Val Accuracy: 11.98
Training Epoch: 183/200	Train Loss: 0.001	Val Accuracy: 11.98
Training Epoch: 184/200	Train Loss: 0.0008	Val Accuracy: 11.72
Training Epoch: 185/200	Train Loss: 0.001	Val Accuracy: 11.72
Training Epoch: 186/200	Train Loss: 0.0017	Val Accuracy: 11.94
Training Epoch: 187/200	Train Loss: 0.001	Val Accuracy: 11.94
Training Epoch: 188/200	Train Loss: 0.0013	Val Accuracy: 11.32
Training Epoch: 189/200	Train Loss: 0.0011	Val Accuracy: 11.32
Training Epoch: 190/200	Train Loss: 0.0018	Val Accuracy: 11.94
Training Epoch: 191/200	Train Loss: 0.0019	Val Accuracy: 11.94
Training Epoch: 192/200	Train Loss: 0.0011	Val Accuracy: 11.68
Training Epoch: 193/200	Train Loss: 0.0015	Val Accuracy: 11.68
Training Epoch: 194/200	Train Loss: 0.0014	Val Accuracy: 12.16
Training Epoch: 195/200	Train Loss: 0.0013	Val Accuracy: 12.16
Training Epoch: 196/200	Train Loss: 0.0014	Val Accuracy: 12.02
Training Epoch: 197/200	Train Loss: 0.0012	Val Accuracy: 12.02
Training Epoch: 198/200	Train Loss: 0.0016	Val Accuracy: 11.74
Training Epoch: 199/200	Train Loss: 0.0019	Val Accuracy: 11.74
Training Epoch: 200/200	Train Loss: 0.0015	Val Accuracy: 11.44

Wrote Best Model Checkpoint to: vlBest_acc_12_model_epoch_0194.pyth

Best Validation Accuracy: 12.16
Best Epoch: 194

======== TESTING ========

Test Accuracy: 12.99.

======== ACTIVE SAMPLING ========

Extracting Lset Representations
len(dataLoader): 18
Extracting Uset Representations
len(dataLoader): 433
lb_repr.shape:  (1750, 2048)
ul_repr.shape:  (43250, 2048)
Solving K Center Greedy Approach
[GPU] Labeled.shape: torch.Size([1750, 2048])
[GPU] Unlabeled.shape: torch.Size([43250, 2048])
time taken: 0.0003838539123535156 seconds
Time taken to solve K center: 0.15839767456054688 seconds
Active Sampling Complete. After Episode 34:
New Labeled Set: 1800, New Unlabeled Set: 43200, Active Set: 50

================================


Current accuracy values:  [2.8499999999999943, 2.989999999999995, 4.0, 4.060000000000002, 4.730000000000004, 4.609999999999999, 5.159999999999997, 5.730000000000004, 6.069999999999993, 6.430000000000007, 6.319999999999993, 7.299999999999997, 7.579999999999998, 7.530000000000001, 8.049999999999997, 8.260000000000005, 8.519999999999996, 8.75, 8.879999999999995, 9.239999999999995, 9.489999999999995, 9.930000000000007, 9.900000000000006, 10.239999999999995, 10.620000000000005, 10.629999999999995, 11.069999999999993, 11.159999999999997, 11.269999999999996, 12.329999999999998, 12.049999999999997, 12.340000000000003, 12.700000000000003, 12.579999999999998, 12.989999999999995]
======== EPISODE 35 BEGINS ========

======== TRAINING ========
Training Epoch: 1/200	Train Loss: 0.1198	Val Accuracy: 0.0
Training Epoch: 2/200	Train Loss: 0.0889	Val Accuracy: 11.34
Training Epoch: 3/200	Train Loss: 0.0805	Val Accuracy: 11.34
Training Epoch: 4/200	Train Loss: 0.0637	Val Accuracy: 10.24
Training Epoch: 5/200	Train Loss: 0.0543	Val Accuracy: 10.24
Training Epoch: 6/200	Train Loss: 0.0315	Val Accuracy: 10.56
Training Epoch: 7/200	Train Loss: 0.1051	Val Accuracy: 10.56
Training Epoch: 8/200	Train Loss: 0.0129	Val Accuracy: 10.86
Training Epoch: 9/200	Train Loss: 0.0212	Val Accuracy: 10.86
Training Epoch: 10/200	Train Loss: 0.1363	Val Accuracy: 10.68
Training Epoch: 11/200	Train Loss: 0.0764	Val Accuracy: 10.68
Training Epoch: 12/200	Train Loss: 0.0581	Val Accuracy: 9.46
Training Epoch: 13/200	Train Loss: 0.0301	Val Accuracy: 9.46
Training Epoch: 14/200	Train Loss: 0.1626	Val Accuracy: 10.44
Training Epoch: 15/200	Train Loss: 0.1856	Val Accuracy: 10.44
Training Epoch: 16/200	Train Loss: 0.055	Val Accuracy: 10.24
Training Epoch: 17/200	Train Loss: 0.1033	Val Accuracy: 10.24
Training Epoch: 18/200	Train Loss: 0.0618	Val Accuracy: 10.04
Training Epoch: 19/200	Train Loss: 0.065	Val Accuracy: 10.04
Training Epoch: 20/200	Train Loss: 0.0542	Val Accuracy: 10.34
Training Epoch: 21/200	Train Loss: 0.0793	Val Accuracy: 10.34
Training Epoch: 22/200	Train Loss: 0.0176	Val Accuracy: 10.6
Training Epoch: 23/200	Train Loss: 0.0674	Val Accuracy: 10.6
Training Epoch: 24/200	Train Loss: 0.1007	Val Accuracy: 10.86
Training Epoch: 25/200	Train Loss: 0.1006	Val Accuracy: 10.86
Training Epoch: 26/200	Train Loss: 0.0468	Val Accuracy: 9.94
Training Epoch: 27/200	Train Loss: 0.1479	Val Accuracy: 9.94
Training Epoch: 28/200	Train Loss: 0.0221	Val Accuracy: 10.42
Training Epoch: 29/200	Train Loss: 0.1249	Val Accuracy: 10.42
Training Epoch: 30/200	Train Loss: 0.1171	Val Accuracy: 9.84
Training Epoch: 31/200	Train Loss: 0.0432	Val Accuracy: 9.84
Training Epoch: 32/200	Train Loss: 0.0467	Val Accuracy: 10.38
Training Epoch: 33/200	Train Loss: 0.0141	Val Accuracy: 10.38
Training Epoch: 34/200	Train Loss: 0.0197	Val Accuracy: 10.26
Training Epoch: 35/200	Train Loss: 0.0222	Val Accuracy: 10.26
Training Epoch: 36/200	Train Loss: 0.0353	Val Accuracy: 10.6
Training Epoch: 37/200	Train Loss: 0.066	Val Accuracy: 10.6
Training Epoch: 38/200	Train Loss: 0.0207	Val Accuracy: 10.32
Training Epoch: 39/200	Train Loss: 0.0377	Val Accuracy: 10.32
Training Epoch: 40/200	Train Loss: 0.0707	Val Accuracy: 10.52
Training Epoch: 41/200	Train Loss: 0.0106	Val Accuracy: 10.52
Training Epoch: 42/200	Train Loss: 0.008	Val Accuracy: 10.74
Training Epoch: 43/200	Train Loss: 0.0055	Val Accuracy: 10.74
Training Epoch: 44/200	Train Loss: 0.006	Val Accuracy: 11.1
Training Epoch: 45/200	Train Loss: 0.0097	Val Accuracy: 11.1
Training Epoch: 46/200	Train Loss: 0.1086	Val Accuracy: 11.22
Training Epoch: 47/200	Train Loss: 0.0051	Val Accuracy: 11.22
Training Epoch: 48/200	Train Loss: 0.0084	Val Accuracy: 11.26
Training Epoch: 49/200	Train Loss: 0.0025	Val Accuracy: 11.26
Training Epoch: 50/200	Train Loss: 0.004	Val Accuracy: 11.04
Training Epoch: 51/200	Train Loss: 0.0102	Val Accuracy: 11.04
Training Epoch: 52/200	Train Loss: 0.0024	Val Accuracy: 11.24
Training Epoch: 53/200	Train Loss: 0.0081	Val Accuracy: 11.24
Training Epoch: 54/200	Train Loss: 0.0042	Val Accuracy: 10.94
Training Epoch: 55/200	Train Loss: 0.0018	Val Accuracy: 10.94
Training Epoch: 56/200	Train Loss: 0.0057	Val Accuracy: 11.48
Training Epoch: 57/200	Train Loss: 0.0073	Val Accuracy: 11.48
Training Epoch: 58/200	Train Loss: 0.0021	Val Accuracy: 11.62
Training Epoch: 59/200	Train Loss: 0.0017	Val Accuracy: 11.62
Training Epoch: 60/200	Train Loss: 0.0077	Val Accuracy: 11.72
Training Epoch: 61/200	Train Loss: 0.002	Val Accuracy: 11.72
Training Epoch: 62/200	Train Loss: 0.0011	Val Accuracy: 11.86
Training Epoch: 63/200	Train Loss: 0.0018	Val Accuracy: 11.86
Training Epoch: 64/200	Train Loss: 0.0032	Val Accuracy: 12.04
Training Epoch: 65/200	Train Loss: 0.0019	Val Accuracy: 12.04
Training Epoch: 66/200	Train Loss: 0.0017	Val Accuracy: 11.68
Training Epoch: 67/200	Train Loss: 0.0011	Val Accuracy: 11.68
Training Epoch: 68/200	Train Loss: 0.0025	Val Accuracy: 11.62
Training Epoch: 69/200	Train Loss: 0.0011	Val Accuracy: 11.62
Training Epoch: 70/200	Train Loss: 0.0012	Val Accuracy: 11.48
Training Epoch: 71/200	Train Loss: 0.0012	Val Accuracy: 11.48
Training Epoch: 72/200	Train Loss: 0.0018	Val Accuracy: 12.36
Training Epoch: 73/200	Train Loss: 0.0023	Val Accuracy: 12.36
Training Epoch: 74/200	Train Loss: 0.0011	Val Accuracy: 11.56
Training Epoch: 75/200	Train Loss: 0.0017	Val Accuracy: 11.56
Training Epoch: 76/200	Train Loss: 0.0013	Val Accuracy: 12.24
Training Epoch: 77/200	Train Loss: 0.0035	Val Accuracy: 12.24
Training Epoch: 78/200	Train Loss: 0.0015	Val Accuracy: 11.72
Training Epoch: 79/200	Train Loss: 0.0018	Val Accuracy: 11.72
Training Epoch: 80/200	Train Loss: 0.0014	Val Accuracy: 12.0
Training Epoch: 81/200	Train Loss: 0.0018	Val Accuracy: 12.0
Training Epoch: 82/200	Train Loss: 0.0041	Val Accuracy: 12.08
Training Epoch: 83/200	Train Loss: 0.001	Val Accuracy: 12.08
Training Epoch: 84/200	Train Loss: 0.0014	Val Accuracy: 12.38
Training Epoch: 85/200	Train Loss: 0.0009	Val Accuracy: 12.38
Training Epoch: 86/200	Train Loss: 0.0018	Val Accuracy: 12.02
Training Epoch: 87/200	Train Loss: 0.001	Val Accuracy: 12.02
Training Epoch: 88/200	Train Loss: 0.0014	Val Accuracy: 11.8
Training Epoch: 89/200	Train Loss: 0.0015	Val Accuracy: 11.8
Training Epoch: 90/200	Train Loss: 0.001	Val Accuracy: 12.34
Training Epoch: 91/200	Train Loss: 0.002	Val Accuracy: 12.34
Training Epoch: 92/200	Train Loss: 0.0013	Val Accuracy: 12.02
Training Epoch: 93/200	Train Loss: 0.0014	Val Accuracy: 12.02
Training Epoch: 94/200	Train Loss: 0.0014	Val Accuracy: 11.84
Training Epoch: 95/200	Train Loss: 0.0057	Val Accuracy: 11.84
Training Epoch: 96/200	Train Loss: 0.0025	Val Accuracy: 12.0
Training Epoch: 97/200	Train Loss: 0.0013	Val Accuracy: 12.0
Training Epoch: 98/200	Train Loss: 0.0024	Val Accuracy: 12.48
Training Epoch: 99/200	Train Loss: 0.0019	Val Accuracy: 12.48
Training Epoch: 100/200	Train Loss: 0.0021	Val Accuracy: 12.16
Training Epoch: 101/200	Train Loss: 0.0017	Val Accuracy: 12.16
Training Epoch: 102/200	Train Loss: 0.0012	Val Accuracy: 11.86
Training Epoch: 103/200	Train Loss: 0.0014	Val Accuracy: 11.86
Training Epoch: 104/200	Train Loss: 0.0017	Val Accuracy: 12.18
Training Epoch: 105/200	Train Loss: 0.0013	Val Accuracy: 12.18
Training Epoch: 106/200	Train Loss: 0.0027	Val Accuracy: 11.54
Training Epoch: 107/200	Train Loss: 0.0015	Val Accuracy: 11.54
Training Epoch: 108/200	Train Loss: 0.0011	Val Accuracy: 12.2
Training Epoch: 109/200	Train Loss: 0.0012	Val Accuracy: 12.2
Training Epoch: 110/200	Train Loss: 0.002	Val Accuracy: 12.24
Training Epoch: 111/200	Train Loss: 0.0017	Val Accuracy: 12.24
Training Epoch: 112/200	Train Loss: 0.0016	Val Accuracy: 12.02
Training Epoch: 113/200	Train Loss: 0.0014	Val Accuracy: 12.02
Training Epoch: 114/200	Train Loss: 0.0013	Val Accuracy: 11.86
Training Epoch: 115/200	Train Loss: 0.0026	Val Accuracy: 11.86
Training Epoch: 116/200	Train Loss: 0.0014	Val Accuracy: 11.94
Training Epoch: 117/200	Train Loss: 0.0023	Val Accuracy: 11.94
Training Epoch: 118/200	Train Loss: 0.0011	Val Accuracy: 12.18
Training Epoch: 119/200	Train Loss: 0.0022	Val Accuracy: 12.18
Training Epoch: 120/200	Train Loss: 0.0012	Val Accuracy: 12.02
Training Epoch: 121/200	Train Loss: 0.0021	Val Accuracy: 12.02
Training Epoch: 122/200	Train Loss: 0.0015	Val Accuracy: 11.94
Training Epoch: 123/200	Train Loss: 0.0012	Val Accuracy: 11.94
Training Epoch: 124/200	Train Loss: 0.0016	Val Accuracy: 11.88
Training Epoch: 125/200	Train Loss: 0.001	Val Accuracy: 11.88
Training Epoch: 126/200	Train Loss: 0.0013	Val Accuracy: 12.02
Training Epoch: 127/200	Train Loss: 0.0019	Val Accuracy: 12.02
Training Epoch: 128/200	Train Loss: 0.0012	Val Accuracy: 12.26
Training Epoch: 129/200	Train Loss: 0.0018	Val Accuracy: 12.26
Training Epoch: 130/200	Train Loss: 0.0017	Val Accuracy: 12.12
Training Epoch: 131/200	Train Loss: 0.0017	Val Accuracy: 12.12
Training Epoch: 132/200	Train Loss: 0.0013	Val Accuracy: 12.52
Training Epoch: 133/200	Train Loss: 0.0012	Val Accuracy: 12.52
Training Epoch: 134/200	Train Loss: 0.0012	Val Accuracy: 12.2
Training Epoch: 135/200	Train Loss: 0.0018	Val Accuracy: 12.2
Training Epoch: 136/200	Train Loss: 0.0019	Val Accuracy: 11.88
Training Epoch: 137/200	Train Loss: 0.0012	Val Accuracy: 11.88
Training Epoch: 138/200	Train Loss: 0.0014	Val Accuracy: 12.16
Training Epoch: 139/200	Train Loss: 0.0017	Val Accuracy: 12.16
Training Epoch: 140/200	Train Loss: 0.0017	Val Accuracy: 11.66
Training Epoch: 141/200	Train Loss: 0.0015	Val Accuracy: 11.66
Training Epoch: 142/200	Train Loss: 0.0017	Val Accuracy: 12.52
Training Epoch: 143/200	Train Loss: 0.0012	Val Accuracy: 12.52
Training Epoch: 144/200	Train Loss: 0.0012	Val Accuracy: 12.16
Training Epoch: 145/200	Train Loss: 0.0014	Val Accuracy: 12.16
Training Epoch: 146/200	Train Loss: 0.0012	Val Accuracy: 11.84
Training Epoch: 147/200	Train Loss: 0.0013	Val Accuracy: 11.84
Training Epoch: 148/200	Train Loss: 0.0023	Val Accuracy: 11.96
Training Epoch: 149/200	Train Loss: 0.0028	Val Accuracy: 11.96
Training Epoch: 150/200	Train Loss: 0.0016	Val Accuracy: 12.16
Training Epoch: 151/200	Train Loss: 0.0011	Val Accuracy: 12.16
Training Epoch: 152/200	Train Loss: 0.0014	Val Accuracy: 12.06
Training Epoch: 153/200	Train Loss: 0.001	Val Accuracy: 12.06
Training Epoch: 154/200	Train Loss: 0.0011	Val Accuracy: 12.04
Training Epoch: 155/200	Train Loss: 0.0012	Val Accuracy: 12.04
Training Epoch: 156/200	Train Loss: 0.0017	Val Accuracy: 11.86
Training Epoch: 157/200	Train Loss: 0.0013	Val Accuracy: 11.86
Training Epoch: 158/200	Train Loss: 0.0019	Val Accuracy: 11.94
Training Epoch: 159/200	Train Loss: 0.0017	Val Accuracy: 11.94
Training Epoch: 160/200	Train Loss: 0.0015	Val Accuracy: 11.84
Training Epoch: 161/200	Train Loss: 0.001	Val Accuracy: 11.84
Training Epoch: 162/200	Train Loss: 0.0012	Val Accuracy: 11.94
Training Epoch: 163/200	Train Loss: 0.0019	Val Accuracy: 11.94
Training Epoch: 164/200	Train Loss: 0.0015	Val Accuracy: 11.84
Training Epoch: 165/200	Train Loss: 0.0015	Val Accuracy: 11.84
Training Epoch: 166/200	Train Loss: 0.0013	Val Accuracy: 12.02
Training Epoch: 167/200	Train Loss: 0.0017	Val Accuracy: 12.02
Training Epoch: 168/200	Train Loss: 0.0017	Val Accuracy: 11.66
Training Epoch: 169/200	Train Loss: 0.0017	Val Accuracy: 11.66
Training Epoch: 170/200	Train Loss: 0.0014	Val Accuracy: 11.78
Training Epoch: 171/200	Train Loss: 0.0015	Val Accuracy: 11.78
Training Epoch: 172/200	Train Loss: 0.0021	Val Accuracy: 12.06
Training Epoch: 173/200	Train Loss: 0.0013	Val Accuracy: 12.06
Training Epoch: 174/200	Train Loss: 0.0015	Val Accuracy: 12.14
Training Epoch: 175/200	Train Loss: 0.003	Val Accuracy: 12.14
Training Epoch: 176/200	Train Loss: 0.0019	Val Accuracy: 12.08
Training Epoch: 177/200	Train Loss: 0.0019	Val Accuracy: 12.08
Training Epoch: 178/200	Train Loss: 0.0013	Val Accuracy: 11.96
Training Epoch: 179/200	Train Loss: 0.0016	Val Accuracy: 11.96
Training Epoch: 180/200	Train Loss: 0.0017	Val Accuracy: 12.3
Training Epoch: 181/200	Train Loss: 0.0011	Val Accuracy: 12.3
Training Epoch: 182/200	Train Loss: 0.001	Val Accuracy: 12.68
Training Epoch: 183/200	Train Loss: 0.0016	Val Accuracy: 12.68
Training Epoch: 184/200	Train Loss: 0.0014	Val Accuracy: 12.46
Training Epoch: 185/200	Train Loss: 0.0014	Val Accuracy: 12.46
Training Epoch: 186/200	Train Loss: 0.0015	Val Accuracy: 11.88
Training Epoch: 187/200	Train Loss: 0.0014	Val Accuracy: 11.88
Training Epoch: 188/200	Train Loss: 0.0012	Val Accuracy: 12.26
Training Epoch: 189/200	Train Loss: 0.0017	Val Accuracy: 12.26
Training Epoch: 190/200	Train Loss: 0.0014	Val Accuracy: 12.34
Training Epoch: 191/200	Train Loss: 0.0017	Val Accuracy: 12.34
Training Epoch: 192/200	Train Loss: 0.0019	Val Accuracy: 12.3
Training Epoch: 193/200	Train Loss: 0.0018	Val Accuracy: 12.3
Training Epoch: 194/200	Train Loss: 0.0016	Val Accuracy: 12.24
Training Epoch: 195/200	Train Loss: 0.0014	Val Accuracy: 12.24
Training Epoch: 196/200	Train Loss: 0.0018	Val Accuracy: 12.36
Training Epoch: 197/200	Train Loss: 0.001	Val Accuracy: 12.36
Training Epoch: 198/200	Train Loss: 0.0019	Val Accuracy: 12.54
Training Epoch: 199/200	Train Loss: 0.0014	Val Accuracy: 12.54
Training Epoch: 200/200	Train Loss: 0.0013	Val Accuracy: 11.76

Wrote Best Model Checkpoint to: vlBest_acc_12_model_epoch_0182.pyth

Best Validation Accuracy: 12.68
Best Epoch: 182

======== TESTING ========

Test Accuracy: 13.34.

======== ACTIVE SAMPLING ========

Extracting Lset Representations
len(dataLoader): 18
Extracting Uset Representations
len(dataLoader): 432
lb_repr.shape:  (1800, 2048)
ul_repr.shape:  (43200, 2048)
Solving K Center Greedy Approach
[GPU] Labeled.shape: torch.Size([1800, 2048])
[GPU] Unlabeled.shape: torch.Size([43200, 2048])
time taken: 0.00040149688720703125 seconds
Time taken to solve K center: 0.15843796730041504 seconds
Active Sampling Complete. After Episode 35:
New Labeled Set: 1850, New Unlabeled Set: 43150, Active Set: 50

================================


Current accuracy values:  [2.8499999999999943, 2.989999999999995, 4.0, 4.060000000000002, 4.730000000000004, 4.609999999999999, 5.159999999999997, 5.730000000000004, 6.069999999999993, 6.430000000000007, 6.319999999999993, 7.299999999999997, 7.579999999999998, 7.530000000000001, 8.049999999999997, 8.260000000000005, 8.519999999999996, 8.75, 8.879999999999995, 9.239999999999995, 9.489999999999995, 9.930000000000007, 9.900000000000006, 10.239999999999995, 10.620000000000005, 10.629999999999995, 11.069999999999993, 11.159999999999997, 11.269999999999996, 12.329999999999998, 12.049999999999997, 12.340000000000003, 12.700000000000003, 12.579999999999998, 12.989999999999995, 13.340000000000003]
======== EPISODE 36 BEGINS ========

======== TRAINING ========
Training Epoch: 1/200	Train Loss: 0.1713	Val Accuracy: 0.0
Training Epoch: 2/200	Train Loss: 0.0225	Val Accuracy: 10.76
Training Epoch: 3/200	Train Loss: 0.0876	Val Accuracy: 10.76
Training Epoch: 4/200	Train Loss: 0.0108	Val Accuracy: 11.36
Training Epoch: 5/200	Train Loss: 0.0488	Val Accuracy: 11.36
Training Epoch: 6/200	Train Loss: 0.0207	Val Accuracy: 11.24
Training Epoch: 7/200	Train Loss: 0.0348	Val Accuracy: 11.24
Training Epoch: 8/200	Train Loss: 0.0208	Val Accuracy: 11.2
Training Epoch: 9/200	Train Loss: 0.0127	Val Accuracy: 11.2
Training Epoch: 10/200	Train Loss: 0.0272	Val Accuracy: 10.1
Training Epoch: 11/200	Train Loss: 0.0704	Val Accuracy: 10.1
Training Epoch: 12/200	Train Loss: 0.0654	Val Accuracy: 9.92
Training Epoch: 13/200	Train Loss: 0.2239	Val Accuracy: 9.92
Training Epoch: 14/200	Train Loss: 0.1098	Val Accuracy: 9.12
Training Epoch: 15/200	Train Loss: 0.209	Val Accuracy: 9.12
Training Epoch: 16/200	Train Loss: 0.2177	Val Accuracy: 10.3
Training Epoch: 17/200	Train Loss: 0.2712	Val Accuracy: 10.3
Training Epoch: 18/200	Train Loss: 0.2533	Val Accuracy: 8.76
Training Epoch: 19/200	Train Loss: 0.1671	Val Accuracy: 8.76
Training Epoch: 20/200	Train Loss: 0.1195	Val Accuracy: 9.84
Training Epoch: 21/200	Train Loss: 0.2524	Val Accuracy: 9.84
Training Epoch: 22/200	Train Loss: 0.0833	Val Accuracy: 9.32
Training Epoch: 23/200	Train Loss: 0.154	Val Accuracy: 9.32
Training Epoch: 24/200	Train Loss: 0.2282	Val Accuracy: 9.76
Training Epoch: 25/200	Train Loss: 0.0658	Val Accuracy: 9.76
Training Epoch: 26/200	Train Loss: 0.0861	Val Accuracy: 10.08
Training Epoch: 27/200	Train Loss: 0.0536	Val Accuracy: 10.08
Training Epoch: 28/200	Train Loss: 0.0303	Val Accuracy: 11.08
Training Epoch: 29/200	Train Loss: 0.0592	Val Accuracy: 11.08
Training Epoch: 30/200	Train Loss: 0.0222	Val Accuracy: 10.5
Training Epoch: 31/200	Train Loss: 0.0371	Val Accuracy: 10.5
Training Epoch: 32/200	Train Loss: 0.1622	Val Accuracy: 10.34
Training Epoch: 33/200	Train Loss: 0.0234	Val Accuracy: 10.34
Training Epoch: 34/200	Train Loss: 0.0689	Val Accuracy: 10.14
Training Epoch: 35/200	Train Loss: 0.1094	Val Accuracy: 10.14
Training Epoch: 36/200	Train Loss: 0.0312	Val Accuracy: 10.66
Training Epoch: 37/200	Train Loss: 0.019	Val Accuracy: 10.66
Training Epoch: 38/200	Train Loss: 0.0575	Val Accuracy: 10.86
Training Epoch: 39/200	Train Loss: 0.0046	Val Accuracy: 10.86
Training Epoch: 40/200	Train Loss: 0.0255	Val Accuracy: 10.9
Training Epoch: 41/200	Train Loss: 0.0231	Val Accuracy: 10.9
Training Epoch: 42/200	Train Loss: 0.0035	Val Accuracy: 11.14
Training Epoch: 43/200	Train Loss: 0.0099	Val Accuracy: 11.14
Training Epoch: 44/200	Train Loss: 0.0035	Val Accuracy: 11.38
Training Epoch: 45/200	Train Loss: 0.004	Val Accuracy: 11.38
Training Epoch: 46/200	Train Loss: 0.0031	Val Accuracy: 11.72
Training Epoch: 47/200	Train Loss: 0.0263	Val Accuracy: 11.72
Training Epoch: 48/200	Train Loss: 0.0066	Val Accuracy: 11.7
Training Epoch: 49/200	Train Loss: 0.0281	Val Accuracy: 11.7
Training Epoch: 50/200	Train Loss: 0.0296	Val Accuracy: 11.3
Training Epoch: 51/200	Train Loss: 0.0021	Val Accuracy: 11.3
Training Epoch: 52/200	Train Loss: 0.0124	Val Accuracy: 11.72
Training Epoch: 53/200	Train Loss: 0.0361	Val Accuracy: 11.72
Training Epoch: 54/200	Train Loss: 0.0026	Val Accuracy: 11.88
Training Epoch: 55/200	Train Loss: 0.0013	Val Accuracy: 11.88
Training Epoch: 56/200	Train Loss: 0.0038	Val Accuracy: 12.0
Training Epoch: 57/200	Train Loss: 0.0971	Val Accuracy: 12.0
Training Epoch: 58/200	Train Loss: 0.0032	Val Accuracy: 11.36
Training Epoch: 59/200	Train Loss: 0.0376	Val Accuracy: 11.36
Training Epoch: 60/200	Train Loss: 0.003	Val Accuracy: 11.42
Training Epoch: 61/200	Train Loss: 0.0336	Val Accuracy: 11.42
Training Epoch: 62/200	Train Loss: 0.0056	Val Accuracy: 12.04
Training Epoch: 63/200	Train Loss: 0.0023	Val Accuracy: 12.04
Training Epoch: 64/200	Train Loss: 0.0023	Val Accuracy: 12.18
Training Epoch: 65/200	Train Loss: 0.0015	Val Accuracy: 12.18
Training Epoch: 66/200	Train Loss: 0.0042	Val Accuracy: 11.8
Training Epoch: 67/200	Train Loss: 0.0015	Val Accuracy: 11.8
Training Epoch: 68/200	Train Loss: 0.0023	Val Accuracy: 12.3
Training Epoch: 69/200	Train Loss: 0.0015	Val Accuracy: 12.3
Training Epoch: 70/200	Train Loss: 0.0018	Val Accuracy: 12.76
Training Epoch: 71/200	Train Loss: 0.0021	Val Accuracy: 12.76
Training Epoch: 72/200	Train Loss: 0.0011	Val Accuracy: 11.9
Training Epoch: 73/200	Train Loss: 0.0013	Val Accuracy: 11.9
Training Epoch: 74/200	Train Loss: 0.0032	Val Accuracy: 11.82
Training Epoch: 75/200	Train Loss: 0.0014	Val Accuracy: 11.82
Training Epoch: 76/200	Train Loss: 0.0018	Val Accuracy: 12.34
Training Epoch: 77/200	Train Loss: 0.0014	Val Accuracy: 12.34
Training Epoch: 78/200	Train Loss: 0.0012	Val Accuracy: 12.28
Training Epoch: 79/200	Train Loss: 0.0015	Val Accuracy: 12.28
Training Epoch: 80/200	Train Loss: 0.0015	Val Accuracy: 11.82
Training Epoch: 81/200	Train Loss: 0.0027	Val Accuracy: 11.82
Training Epoch: 82/200	Train Loss: 0.0022	Val Accuracy: 12.62
Training Epoch: 83/200	Train Loss: 0.0014	Val Accuracy: 12.62
Training Epoch: 84/200	Train Loss: 0.0018	Val Accuracy: 12.38
Training Epoch: 85/200	Train Loss: 0.0025	Val Accuracy: 12.38
Training Epoch: 86/200	Train Loss: 0.0012	Val Accuracy: 11.84
Training Epoch: 87/200	Train Loss: 0.0009	Val Accuracy: 11.84
Training Epoch: 88/200	Train Loss: 0.001	Val Accuracy: 11.94
Training Epoch: 89/200	Train Loss: 0.0011	Val Accuracy: 11.94
Training Epoch: 90/200	Train Loss: 0.0011	Val Accuracy: 12.32
Training Epoch: 91/200	Train Loss: 0.0015	Val Accuracy: 12.32
Training Epoch: 92/200	Train Loss: 0.0017	Val Accuracy: 12.28
Training Epoch: 93/200	Train Loss: 0.0015	Val Accuracy: 12.28
Training Epoch: 94/200	Train Loss: 0.0017	Val Accuracy: 12.38
Training Epoch: 95/200	Train Loss: 0.001	Val Accuracy: 12.38
Training Epoch: 96/200	Train Loss: 0.0024	Val Accuracy: 12.34
Training Epoch: 97/200	Train Loss: 0.0015	Val Accuracy: 12.34
Training Epoch: 98/200	Train Loss: 0.0023	Val Accuracy: 12.4
Training Epoch: 99/200	Train Loss: 0.0021	Val Accuracy: 12.4
Training Epoch: 100/200	Train Loss: 0.002	Val Accuracy: 12.3
Training Epoch: 101/200	Train Loss: 0.0039	Val Accuracy: 12.3
Training Epoch: 102/200	Train Loss: 0.001	Val Accuracy: 12.62
Training Epoch: 103/200	Train Loss: 0.0017	Val Accuracy: 12.62
Training Epoch: 104/200	Train Loss: 0.0019	Val Accuracy: 12.2
Training Epoch: 105/200	Train Loss: 0.0017	Val Accuracy: 12.2
Training Epoch: 106/200	Train Loss: 0.0021	Val Accuracy: 12.4
Training Epoch: 107/200	Train Loss: 0.0017	Val Accuracy: 12.4
Training Epoch: 108/200	Train Loss: 0.0014	Val Accuracy: 12.6
Training Epoch: 109/200	Train Loss: 0.0014	Val Accuracy: 12.6
Training Epoch: 110/200	Train Loss: 0.0012	Val Accuracy: 12.46
Training Epoch: 111/200	Train Loss: 0.0012	Val Accuracy: 12.46
Training Epoch: 112/200	Train Loss: 0.0016	Val Accuracy: 12.26
Training Epoch: 113/200	Train Loss: 0.0017	Val Accuracy: 12.26
Training Epoch: 114/200	Train Loss: 0.0015	Val Accuracy: 12.88
Training Epoch: 115/200	Train Loss: 0.0016	Val Accuracy: 12.88
Training Epoch: 116/200	Train Loss: 0.0014	Val Accuracy: 12.22
Training Epoch: 117/200	Train Loss: 0.0012	Val Accuracy: 12.22
Training Epoch: 118/200	Train Loss: 0.0028	Val Accuracy: 12.36
Training Epoch: 119/200	Train Loss: 0.0012	Val Accuracy: 12.36
Training Epoch: 120/200	Train Loss: 0.0011	Val Accuracy: 12.2
Training Epoch: 121/200	Train Loss: 0.0013	Val Accuracy: 12.2
Training Epoch: 122/200	Train Loss: 0.0017	Val Accuracy: 12.32
Training Epoch: 123/200	Train Loss: 0.0024	Val Accuracy: 12.32
Training Epoch: 124/200	Train Loss: 0.0009	Val Accuracy: 12.46
Training Epoch: 125/200	Train Loss: 0.0011	Val Accuracy: 12.46
Training Epoch: 126/200	Train Loss: 0.0012	Val Accuracy: 12.44
Training Epoch: 127/200	Train Loss: 0.001	Val Accuracy: 12.44
Training Epoch: 128/200	Train Loss: 0.001	Val Accuracy: 12.74
Training Epoch: 129/200	Train Loss: 0.0013	Val Accuracy: 12.74
Training Epoch: 130/200	Train Loss: 0.0008	Val Accuracy: 12.38
Training Epoch: 131/200	Train Loss: 0.0014	Val Accuracy: 12.38
Training Epoch: 132/200	Train Loss: 0.001	Val Accuracy: 12.12
Training Epoch: 133/200	Train Loss: 0.0018	Val Accuracy: 12.12
Training Epoch: 134/200	Train Loss: 0.0016	Val Accuracy: 12.38
Training Epoch: 135/200	Train Loss: 0.0018	Val Accuracy: 12.38
Training Epoch: 136/200	Train Loss: 0.0018	Val Accuracy: 12.22
Training Epoch: 137/200	Train Loss: 0.0024	Val Accuracy: 12.22
Training Epoch: 138/200	Train Loss: 0.001	Val Accuracy: 12.52
Training Epoch: 139/200	Train Loss: 0.0011	Val Accuracy: 12.52
Training Epoch: 140/200	Train Loss: 0.001	Val Accuracy: 12.36
Training Epoch: 141/200	Train Loss: 0.001	Val Accuracy: 12.36
Training Epoch: 142/200	Train Loss: 0.0014	Val Accuracy: 12.56
Training Epoch: 143/200	Train Loss: 0.0015	Val Accuracy: 12.56
Training Epoch: 144/200	Train Loss: 0.0015	Val Accuracy: 12.34
Training Epoch: 145/200	Train Loss: 0.0012	Val Accuracy: 12.34
Training Epoch: 146/200	Train Loss: 0.0015	Val Accuracy: 12.64
Training Epoch: 147/200	Train Loss: 0.0012	Val Accuracy: 12.64
Training Epoch: 148/200	Train Loss: 0.0015	Val Accuracy: 12.2
Training Epoch: 149/200	Train Loss: 0.0012	Val Accuracy: 12.2
Training Epoch: 150/200	Train Loss: 0.0017	Val Accuracy: 12.98
Training Epoch: 151/200	Train Loss: 0.0013	Val Accuracy: 12.98
Training Epoch: 152/200	Train Loss: 0.0011	Val Accuracy: 12.94
Training Epoch: 153/200	Train Loss: 0.0012	Val Accuracy: 12.94
Training Epoch: 154/200	Train Loss: 0.0017	Val Accuracy: 12.4
Training Epoch: 155/200	Train Loss: 0.0011	Val Accuracy: 12.4
Training Epoch: 156/200	Train Loss: 0.0012	Val Accuracy: 12.4
Training Epoch: 157/200	Train Loss: 0.0012	Val Accuracy: 12.4
Training Epoch: 158/200	Train Loss: 0.0016	Val Accuracy: 12.54
Training Epoch: 159/200	Train Loss: 0.0019	Val Accuracy: 12.54
Training Epoch: 160/200	Train Loss: 0.0013	Val Accuracy: 12.48
Training Epoch: 161/200	Train Loss: 0.0015	Val Accuracy: 12.48
Training Epoch: 162/200	Train Loss: 0.0011	Val Accuracy: 12.86
Training Epoch: 163/200	Train Loss: 0.0015	Val Accuracy: 12.86
Training Epoch: 164/200	Train Loss: 0.0019	Val Accuracy: 12.18
Training Epoch: 165/200	Train Loss: 0.0013	Val Accuracy: 12.18
Training Epoch: 166/200	Train Loss: 0.001	Val Accuracy: 12.64
Training Epoch: 167/200	Train Loss: 0.0015	Val Accuracy: 12.64
Training Epoch: 168/200	Train Loss: 0.0013	Val Accuracy: 12.32
Training Epoch: 169/200	Train Loss: 0.0017	Val Accuracy: 12.32
Training Epoch: 170/200	Train Loss: 0.0014	Val Accuracy: 12.3
Training Epoch: 171/200	Train Loss: 0.0017	Val Accuracy: 12.3
Training Epoch: 172/200	Train Loss: 0.0023	Val Accuracy: 12.34
Training Epoch: 173/200	Train Loss: 0.0018	Val Accuracy: 12.34
Training Epoch: 174/200	Train Loss: 0.0015	Val Accuracy: 12.96
Training Epoch: 175/200	Train Loss: 0.0019	Val Accuracy: 12.96
Training Epoch: 176/200	Train Loss: 0.0015	Val Accuracy: 12.6
Training Epoch: 177/200	Train Loss: 0.0022	Val Accuracy: 12.6
Training Epoch: 178/200	Train Loss: 0.0054	Val Accuracy: 12.34
Training Epoch: 179/200	Train Loss: 0.0021	Val Accuracy: 12.34
Training Epoch: 180/200	Train Loss: 0.0016	Val Accuracy: 12.66
Training Epoch: 181/200	Train Loss: 0.0016	Val Accuracy: 12.66
Training Epoch: 182/200	Train Loss: 0.0017	Val Accuracy: 12.8
Training Epoch: 183/200	Train Loss: 0.0017	Val Accuracy: 12.8
Training Epoch: 184/200	Train Loss: 0.0013	Val Accuracy: 12.06
Training Epoch: 185/200	Train Loss: 0.0015	Val Accuracy: 12.06
Training Epoch: 186/200	Train Loss: 0.0017	Val Accuracy: 12.38
Training Epoch: 187/200	Train Loss: 0.0012	Val Accuracy: 12.38
Training Epoch: 188/200	Train Loss: 0.0018	Val Accuracy: 12.84
Training Epoch: 189/200	Train Loss: 0.0015	Val Accuracy: 12.84
Training Epoch: 190/200	Train Loss: 0.0016	Val Accuracy: 12.26
Training Epoch: 191/200	Train Loss: 0.0016	Val Accuracy: 12.26
Training Epoch: 192/200	Train Loss: 0.0016	Val Accuracy: 13.1
Training Epoch: 193/200	Train Loss: 0.001	Val Accuracy: 13.1
Training Epoch: 194/200	Train Loss: 0.0012	Val Accuracy: 12.58
Training Epoch: 195/200	Train Loss: 0.0013	Val Accuracy: 12.58
Training Epoch: 196/200	Train Loss: 0.0014	Val Accuracy: 12.52
Training Epoch: 197/200	Train Loss: 0.001	Val Accuracy: 12.52
Training Epoch: 198/200	Train Loss: 0.001	Val Accuracy: 12.5
Training Epoch: 199/200	Train Loss: 0.0015	Val Accuracy: 12.5
Training Epoch: 200/200	Train Loss: 0.0023	Val Accuracy: 12.5

Wrote Best Model Checkpoint to: vlBest_acc_13_model_epoch_0192.pyth

Best Validation Accuracy: 13.1
Best Epoch: 192

======== TESTING ========

Test Accuracy: 13.92.

======== ACTIVE SAMPLING ========

Extracting Lset Representations
len(dataLoader): 19
Extracting Uset Representations
len(dataLoader): 432
lb_repr.shape:  (1850, 2048)
ul_repr.shape:  (43150, 2048)
Solving K Center Greedy Approach
[GPU] Labeled.shape: torch.Size([1850, 2048])
[GPU] Unlabeled.shape: torch.Size([43150, 2048])
time taken: 0.00040149688720703125 seconds
Time taken to solve K center: 0.15918421745300293 seconds
Active Sampling Complete. After Episode 36:
New Labeled Set: 1900, New Unlabeled Set: 43100, Active Set: 50

================================


Current accuracy values:  [2.8499999999999943, 2.989999999999995, 4.0, 4.060000000000002, 4.730000000000004, 4.609999999999999, 5.159999999999997, 5.730000000000004, 6.069999999999993, 6.430000000000007, 6.319999999999993, 7.299999999999997, 7.579999999999998, 7.530000000000001, 8.049999999999997, 8.260000000000005, 8.519999999999996, 8.75, 8.879999999999995, 9.239999999999995, 9.489999999999995, 9.930000000000007, 9.900000000000006, 10.239999999999995, 10.620000000000005, 10.629999999999995, 11.069999999999993, 11.159999999999997, 11.269999999999996, 12.329999999999998, 12.049999999999997, 12.340000000000003, 12.700000000000003, 12.579999999999998, 12.989999999999995, 13.340000000000003, 13.920000000000002]
======== EPISODE 37 BEGINS ========

======== TRAINING ========
Training Epoch: 1/200	Train Loss: 0.1322	Val Accuracy: 0.0
Training Epoch: 2/200	Train Loss: 0.0904	Val Accuracy: 11.5
Training Epoch: 3/200	Train Loss: 0.1086	Val Accuracy: 11.5
Training Epoch: 4/200	Train Loss: 0.1493	Val Accuracy: 10.12
Training Epoch: 5/200	Train Loss: 0.1837	Val Accuracy: 10.12
Training Epoch: 6/200	Train Loss: 0.0836	Val Accuracy: 10.54
Training Epoch: 7/200	Train Loss: 0.1229	Val Accuracy: 10.54
Training Epoch: 8/200	Train Loss: 0.1238	Val Accuracy: 9.64
Training Epoch: 9/200	Train Loss: 0.1157	Val Accuracy: 9.64
Training Epoch: 10/200	Train Loss: 0.0632	Val Accuracy: 10.14
Training Epoch: 11/200	Train Loss: 0.0908	Val Accuracy: 10.14
Training Epoch: 12/200	Train Loss: 0.1646	Val Accuracy: 10.06
Training Epoch: 13/200	Train Loss: 0.1971	Val Accuracy: 10.06
Training Epoch: 14/200	Train Loss: 0.2424	Val Accuracy: 9.76
Training Epoch: 15/200	Train Loss: 0.1971	Val Accuracy: 9.76
Training Epoch: 16/200	Train Loss: 0.176	Val Accuracy: 10.42
Training Epoch: 17/200	Train Loss: 0.1559	Val Accuracy: 10.42
Training Epoch: 18/200	Train Loss: 0.0749	Val Accuracy: 10.46
Training Epoch: 19/200	Train Loss: 0.1927	Val Accuracy: 10.46
Training Epoch: 20/200	Train Loss: 0.0905	Val Accuracy: 10.12
Training Epoch: 21/200	Train Loss: 0.1384	Val Accuracy: 10.12
Training Epoch: 22/200	Train Loss: 0.0643	Val Accuracy: 9.96
Training Epoch: 23/200	Train Loss: 0.2051	Val Accuracy: 9.96
Training Epoch: 24/200	Train Loss: 0.0949	Val Accuracy: 10.4
Training Epoch: 25/200	Train Loss: 0.1492	Val Accuracy: 10.4
Training Epoch: 26/200	Train Loss: 0.1051	Val Accuracy: 10.68
Training Epoch: 27/200	Train Loss: 0.2902	Val Accuracy: 10.68
Training Epoch: 28/200	Train Loss: 0.0698	Val Accuracy: 10.58
Training Epoch: 29/200	Train Loss: 0.0755	Val Accuracy: 10.58
Training Epoch: 30/200	Train Loss: 0.0642	Val Accuracy: 10.96
Training Epoch: 31/200	Train Loss: 0.0381	Val Accuracy: 10.96
Training Epoch: 32/200	Train Loss: 0.0294	Val Accuracy: 11.96
Training Epoch: 33/200	Train Loss: 0.035	Val Accuracy: 11.96
Training Epoch: 34/200	Train Loss: 0.0149	Val Accuracy: 11.44
Training Epoch: 35/200	Train Loss: 0.0313	Val Accuracy: 11.44
Training Epoch: 36/200	Train Loss: 0.0241	Val Accuracy: 11.12
Training Epoch: 37/200	Train Loss: 0.0776	Val Accuracy: 11.12
Training Epoch: 38/200	Train Loss: 0.1645	Val Accuracy: 11.46
Training Epoch: 39/200	Train Loss: 0.1226	Val Accuracy: 11.46
Training Epoch: 40/200	Train Loss: 0.2164	Val Accuracy: 10.6
Training Epoch: 41/200	Train Loss: 0.0328	Val Accuracy: 10.6
Training Epoch: 42/200	Train Loss: 0.0802	Val Accuracy: 11.52
Training Epoch: 43/200	Train Loss: 0.0094	Val Accuracy: 11.52
Training Epoch: 44/200	Train Loss: 0.0158	Val Accuracy: 11.64
Training Epoch: 45/200	Train Loss: 0.0161	Val Accuracy: 11.64
Training Epoch: 46/200	Train Loss: 0.0715	Val Accuracy: 11.12
Training Epoch: 47/200	Train Loss: 0.1228	Val Accuracy: 11.12
Training Epoch: 48/200	Train Loss: 0.0119	Val Accuracy: 12.24
Training Epoch: 49/200	Train Loss: 0.0087	Val Accuracy: 12.24
Training Epoch: 50/200	Train Loss: 0.0091	Val Accuracy: 11.8
Training Epoch: 51/200	Train Loss: 0.0151	Val Accuracy: 11.8
Training Epoch: 52/200	Train Loss: 0.012	Val Accuracy: 12.32
Training Epoch: 53/200	Train Loss: 0.0036	Val Accuracy: 12.32
Training Epoch: 54/200	Train Loss: 0.0691	Val Accuracy: 12.28
Training Epoch: 55/200	Train Loss: 0.0057	Val Accuracy: 12.28
Training Epoch: 56/200	Train Loss: 0.0031	Val Accuracy: 12.4
Training Epoch: 57/200	Train Loss: 0.0066	Val Accuracy: 12.4
Training Epoch: 58/200	Train Loss: 0.0101	Val Accuracy: 11.9
Training Epoch: 59/200	Train Loss: 0.011	Val Accuracy: 11.9
Training Epoch: 60/200	Train Loss: 0.0032	Val Accuracy: 12.26
Training Epoch: 61/200	Train Loss: 0.002	Val Accuracy: 12.26
Training Epoch: 62/200	Train Loss: 0.0021	Val Accuracy: 11.64
Training Epoch: 63/200	Train Loss: 0.0024	Val Accuracy: 11.64
Training Epoch: 64/200	Train Loss: 0.0016	Val Accuracy: 12.22
Training Epoch: 65/200	Train Loss: 0.0024	Val Accuracy: 12.22
Training Epoch: 66/200	Train Loss: 0.0021	Val Accuracy: 11.92
Training Epoch: 67/200	Train Loss: 0.0013	Val Accuracy: 11.92
Training Epoch: 68/200	Train Loss: 0.0018	Val Accuracy: 12.12
Training Epoch: 69/200	Train Loss: 0.0014	Val Accuracy: 12.12
Training Epoch: 70/200	Train Loss: 0.0016	Val Accuracy: 12.4
Training Epoch: 71/200	Train Loss: 0.001	Val Accuracy: 12.4
Training Epoch: 72/200	Train Loss: 0.0015	Val Accuracy: 12.24
Training Epoch: 73/200	Train Loss: 0.0013	Val Accuracy: 12.24
Training Epoch: 74/200	Train Loss: 0.0015	Val Accuracy: 12.26
Training Epoch: 75/200	Train Loss: 0.001	Val Accuracy: 12.26
Training Epoch: 76/200	Train Loss: 0.0013	Val Accuracy: 12.04
Training Epoch: 77/200	Train Loss: 0.0016	Val Accuracy: 12.04
Training Epoch: 78/200	Train Loss: 0.0011	Val Accuracy: 12.32
Training Epoch: 79/200	Train Loss: 0.0014	Val Accuracy: 12.32
Training Epoch: 80/200	Train Loss: 0.0147	Val Accuracy: 12.54
Training Epoch: 81/200	Train Loss: 0.0021	Val Accuracy: 12.54
Training Epoch: 82/200	Train Loss: 0.0014	Val Accuracy: 12.44
Training Epoch: 83/200	Train Loss: 0.0008	Val Accuracy: 12.44
Training Epoch: 84/200	Train Loss: 0.0018	Val Accuracy: 12.16
Training Epoch: 85/200	Train Loss: 0.0019	Val Accuracy: 12.16
Training Epoch: 86/200	Train Loss: 0.0009	Val Accuracy: 12.08
Training Epoch: 87/200	Train Loss: 0.0011	Val Accuracy: 12.08
Training Epoch: 88/200	Train Loss: 0.0016	Val Accuracy: 12.22
Training Epoch: 89/200	Train Loss: 0.0011	Val Accuracy: 12.22
Training Epoch: 90/200	Train Loss: 0.0013	Val Accuracy: 12.74
Training Epoch: 91/200	Train Loss: 0.0011	Val Accuracy: 12.74
Training Epoch: 92/200	Train Loss: 0.002	Val Accuracy: 12.5
Training Epoch: 93/200	Train Loss: 0.0022	Val Accuracy: 12.5
Training Epoch: 94/200	Train Loss: 0.0011	Val Accuracy: 12.56
Training Epoch: 95/200	Train Loss: 0.0012	Val Accuracy: 12.56
Training Epoch: 96/200	Train Loss: 0.001	Val Accuracy: 12.66
Training Epoch: 97/200	Train Loss: 0.0014	Val Accuracy: 12.66
Training Epoch: 98/200	Train Loss: 0.0008	Val Accuracy: 12.48
Training Epoch: 99/200	Train Loss: 0.0015	Val Accuracy: 12.48
Training Epoch: 100/200	Train Loss: 0.0012	Val Accuracy: 12.9
Training Epoch: 101/200	Train Loss: 0.001	Val Accuracy: 12.9
Training Epoch: 102/200	Train Loss: 0.001	Val Accuracy: 12.74
Training Epoch: 103/200	Train Loss: 0.0013	Val Accuracy: 12.74
Training Epoch: 104/200	Train Loss: 0.0016	Val Accuracy: 12.44
Training Epoch: 105/200	Train Loss: 0.0011	Val Accuracy: 12.44
Training Epoch: 106/200	Train Loss: 0.0011	Val Accuracy: 12.78
Training Epoch: 107/200	Train Loss: 0.0014	Val Accuracy: 12.78
Training Epoch: 108/200	Train Loss: 0.001	Val Accuracy: 13.02
Training Epoch: 109/200	Train Loss: 0.0014	Val Accuracy: 13.02
Training Epoch: 110/200	Train Loss: 0.0011	Val Accuracy: 12.78
Training Epoch: 111/200	Train Loss: 0.0032	Val Accuracy: 12.78
Training Epoch: 112/200	Train Loss: 0.0019	Val Accuracy: 12.72
Training Epoch: 113/200	Train Loss: 0.001	Val Accuracy: 12.72
Training Epoch: 114/200	Train Loss: 0.0014	Val Accuracy: 12.5
Training Epoch: 115/200	Train Loss: 0.0016	Val Accuracy: 12.5
Training Epoch: 116/200	Train Loss: 0.0017	Val Accuracy: 12.84
Training Epoch: 117/200	Train Loss: 0.0016	Val Accuracy: 12.84
Training Epoch: 118/200	Train Loss: 0.001	Val Accuracy: 12.84
Training Epoch: 119/200	Train Loss: 0.0013	Val Accuracy: 12.84
Training Epoch: 120/200	Train Loss: 0.0013	Val Accuracy: 12.46
Training Epoch: 121/200	Train Loss: 0.0012	Val Accuracy: 12.46
Training Epoch: 122/200	Train Loss: 0.0027	Val Accuracy: 12.86
Training Epoch: 123/200	Train Loss: 0.0072	Val Accuracy: 12.86
Training Epoch: 124/200	Train Loss: 0.0015	Val Accuracy: 12.42
Training Epoch: 125/200	Train Loss: 0.002	Val Accuracy: 12.42
Training Epoch: 126/200	Train Loss: 0.0016	Val Accuracy: 12.68
Training Epoch: 127/200	Train Loss: 0.0016	Val Accuracy: 12.68
Training Epoch: 128/200	Train Loss: 0.0014	Val Accuracy: 13.06
Training Epoch: 129/200	Train Loss: 0.0019	Val Accuracy: 13.06
Training Epoch: 130/200	Train Loss: 0.0013	Val Accuracy: 12.98
Training Epoch: 131/200	Train Loss: 0.0011	Val Accuracy: 12.98
Training Epoch: 132/200	Train Loss: 0.0021	Val Accuracy: 12.66
Training Epoch: 133/200	Train Loss: 0.0011	Val Accuracy: 12.66
Training Epoch: 134/200	Train Loss: 0.0021	Val Accuracy: 12.64
Training Epoch: 135/200	Train Loss: 0.0023	Val Accuracy: 12.64
Training Epoch: 136/200	Train Loss: 0.0017	Val Accuracy: 12.8
Training Epoch: 137/200	Train Loss: 0.0015	Val Accuracy: 12.8
Training Epoch: 138/200	Train Loss: 0.0012	Val Accuracy: 12.72
Training Epoch: 139/200	Train Loss: 0.0013	Val Accuracy: 12.72
Training Epoch: 140/200	Train Loss: 0.0013	Val Accuracy: 13.06
Training Epoch: 141/200	Train Loss: 0.0012	Val Accuracy: 13.06
Training Epoch: 142/200	Train Loss: 0.0013	Val Accuracy: 13.08
Training Epoch: 143/200	Train Loss: 0.0015	Val Accuracy: 13.08
Training Epoch: 144/200	Train Loss: 0.0011	Val Accuracy: 12.52
Training Epoch: 145/200	Train Loss: 0.0014	Val Accuracy: 12.52
Training Epoch: 146/200	Train Loss: 0.0012	Val Accuracy: 12.26
Training Epoch: 147/200	Train Loss: 0.0015	Val Accuracy: 12.26
Training Epoch: 148/200	Train Loss: 0.0011	Val Accuracy: 12.7
Training Epoch: 149/200	Train Loss: 0.0012	Val Accuracy: 12.7
Training Epoch: 150/200	Train Loss: 0.0011	Val Accuracy: 12.54
Training Epoch: 151/200	Train Loss: 0.0012	Val Accuracy: 12.54
Training Epoch: 152/200	Train Loss: 0.001	Val Accuracy: 12.68
Training Epoch: 153/200	Train Loss: 0.0011	Val Accuracy: 12.68
Training Epoch: 154/200	Train Loss: 0.001	Val Accuracy: 12.54
Training Epoch: 155/200	Train Loss: 0.0015	Val Accuracy: 12.54
Training Epoch: 156/200	Train Loss: 0.0014	Val Accuracy: 12.64
Training Epoch: 157/200	Train Loss: 0.0011	Val Accuracy: 12.64
Training Epoch: 158/200	Train Loss: 0.0016	Val Accuracy: 12.7
Training Epoch: 159/200	Train Loss: 0.0016	Val Accuracy: 12.7
Training Epoch: 160/200	Train Loss: 0.0011	Val Accuracy: 12.5
Training Epoch: 161/200	Train Loss: 0.0015	Val Accuracy: 12.5
Training Epoch: 162/200	Train Loss: 0.0012	Val Accuracy: 12.6
Training Epoch: 163/200	Train Loss: 0.0014	Val Accuracy: 12.6
Training Epoch: 164/200	Train Loss: 0.0013	Val Accuracy: 12.62
Training Epoch: 165/200	Train Loss: 0.0018	Val Accuracy: 12.62
Training Epoch: 166/200	Train Loss: 0.0015	Val Accuracy: 12.42
Training Epoch: 167/200	Train Loss: 0.0012	Val Accuracy: 12.42
Training Epoch: 168/200	Train Loss: 0.0021	Val Accuracy: 13.28
Training Epoch: 169/200	Train Loss: 0.0012	Val Accuracy: 13.28
Training Epoch: 170/200	Train Loss: 0.0017	Val Accuracy: 12.68
Training Epoch: 171/200	Train Loss: 0.0014	Val Accuracy: 12.68
Training Epoch: 172/200	Train Loss: 0.0019	Val Accuracy: 12.88
Training Epoch: 173/200	Train Loss: 0.0011	Val Accuracy: 12.88
Training Epoch: 174/200	Train Loss: 0.0012	Val Accuracy: 12.66
Training Epoch: 175/200	Train Loss: 0.0014	Val Accuracy: 12.66
Training Epoch: 176/200	Train Loss: 0.0011	Val Accuracy: 12.58
Training Epoch: 177/200	Train Loss: 0.0011	Val Accuracy: 12.58
Training Epoch: 178/200	Train Loss: 0.0015	Val Accuracy: 12.36
Training Epoch: 179/200	Train Loss: 0.0014	Val Accuracy: 12.36
Training Epoch: 180/200	Train Loss: 0.0014	Val Accuracy: 12.52
Training Epoch: 181/200	Train Loss: 0.0011	Val Accuracy: 12.52
Training Epoch: 182/200	Train Loss: 0.0013	Val Accuracy: 12.62
Training Epoch: 183/200	Train Loss: 0.0012	Val Accuracy: 12.62
Training Epoch: 184/200	Train Loss: 0.0015	Val Accuracy: 12.6
Training Epoch: 185/200	Train Loss: 0.0013	Val Accuracy: 12.6
Training Epoch: 186/200	Train Loss: 0.001	Val Accuracy: 12.38
Training Epoch: 187/200	Train Loss: 0.0014	Val Accuracy: 12.38
Training Epoch: 188/200	Train Loss: 0.0023	Val Accuracy: 12.48
Training Epoch: 189/200	Train Loss: 0.0015	Val Accuracy: 12.48
Training Epoch: 190/200	Train Loss: 0.0013	Val Accuracy: 12.66
Training Epoch: 191/200	Train Loss: 0.0014	Val Accuracy: 12.66
Training Epoch: 192/200	Train Loss: 0.0021	Val Accuracy: 12.44
Training Epoch: 193/200	Train Loss: 0.0016	Val Accuracy: 12.44
Training Epoch: 194/200	Train Loss: 0.0017	Val Accuracy: 12.44
Training Epoch: 195/200	Train Loss: 0.0015	Val Accuracy: 12.44
Training Epoch: 196/200	Train Loss: 0.0023	Val Accuracy: 12.72
Training Epoch: 197/200	Train Loss: 0.001	Val Accuracy: 12.72
Training Epoch: 198/200	Train Loss: 0.001	Val Accuracy: 12.62
Training Epoch: 199/200	Train Loss: 0.0021	Val Accuracy: 12.62
Training Epoch: 200/200	Train Loss: 0.0015	Val Accuracy: 12.36

Wrote Best Model Checkpoint to: vlBest_acc_13_model_epoch_0168.pyth

Best Validation Accuracy: 13.28
Best Epoch: 168

======== TESTING ========

Test Accuracy: 14.24.

======== ACTIVE SAMPLING ========

Extracting Lset Representations
len(dataLoader): 19
Extracting Uset Representations
len(dataLoader): 431
lb_repr.shape:  (1900, 2048)
ul_repr.shape:  (43100, 2048)
Solving K Center Greedy Approach
[GPU] Labeled.shape: torch.Size([1900, 2048])
[GPU] Unlabeled.shape: torch.Size([43100, 2048])
time taken: 0.00038051605224609375 seconds
Time taken to solve K center: 0.15862178802490234 seconds
Active Sampling Complete. After Episode 37:
New Labeled Set: 1950, New Unlabeled Set: 43050, Active Set: 50

================================


Current accuracy values:  [2.8499999999999943, 2.989999999999995, 4.0, 4.060000000000002, 4.730000000000004, 4.609999999999999, 5.159999999999997, 5.730000000000004, 6.069999999999993, 6.430000000000007, 6.319999999999993, 7.299999999999997, 7.579999999999998, 7.530000000000001, 8.049999999999997, 8.260000000000005, 8.519999999999996, 8.75, 8.879999999999995, 9.239999999999995, 9.489999999999995, 9.930000000000007, 9.900000000000006, 10.239999999999995, 10.620000000000005, 10.629999999999995, 11.069999999999993, 11.159999999999997, 11.269999999999996, 12.329999999999998, 12.049999999999997, 12.340000000000003, 12.700000000000003, 12.579999999999998, 12.989999999999995, 13.340000000000003, 13.920000000000002, 14.239999999999995]
======== EPISODE 38 BEGINS ========

======== TRAINING ========
Training Epoch: 1/200	Train Loss: 0.1986	Val Accuracy: 0.0
Training Epoch: 2/200	Train Loss: 0.0554	Val Accuracy: 11.18
Training Epoch: 3/200	Train Loss: 0.0237	Val Accuracy: 11.18
Training Epoch: 4/200	Train Loss: 0.1669	Val Accuracy: 10.6
Training Epoch: 5/200	Train Loss: 0.0694	Val Accuracy: 10.6
Training Epoch: 6/200	Train Loss: 0.1415	Val Accuracy: 10.6
Training Epoch: 7/200	Train Loss: 0.1255	Val Accuracy: 10.6
Training Epoch: 8/200	Train Loss: 0.1232	Val Accuracy: 10.86
Training Epoch: 9/200	Train Loss: 0.212	Val Accuracy: 10.86
Training Epoch: 10/200	Train Loss: 0.1424	Val Accuracy: 10.82
Training Epoch: 11/200	Train Loss: 0.0926	Val Accuracy: 10.82
Training Epoch: 12/200	Train Loss: 0.1359	Val Accuracy: 11.82
Training Epoch: 13/200	Train Loss: 0.084	Val Accuracy: 11.82
Training Epoch: 14/200	Train Loss: 0.0513	Val Accuracy: 11.36
Training Epoch: 15/200	Train Loss: 0.0698	Val Accuracy: 11.36
Training Epoch: 16/200	Train Loss: 0.0686	Val Accuracy: 10.34
Training Epoch: 17/200	Train Loss: 0.1232	Val Accuracy: 10.34
Training Epoch: 18/200	Train Loss: 0.07	Val Accuracy: 10.38
Training Epoch: 19/200	Train Loss: 0.0312	Val Accuracy: 10.38
Training Epoch: 20/200	Train Loss: 0.0957	Val Accuracy: 11.04
Training Epoch: 21/200	Train Loss: 0.0639	Val Accuracy: 11.04
Training Epoch: 22/200	Train Loss: 0.1964	Val Accuracy: 10.72
Training Epoch: 23/200	Train Loss: 0.0626	Val Accuracy: 10.72
Training Epoch: 24/200	Train Loss: 0.0772	Val Accuracy: 10.96
Training Epoch: 25/200	Train Loss: 0.1023	Val Accuracy: 10.96
Training Epoch: 26/200	Train Loss: 0.1567	Val Accuracy: 10.24
Training Epoch: 27/200	Train Loss: 0.0972	Val Accuracy: 10.24
Training Epoch: 28/200	Train Loss: 0.1543	Val Accuracy: 11.26
Training Epoch: 29/200	Train Loss: 0.1179	Val Accuracy: 11.26
Training Epoch: 30/200	Train Loss: 0.1265	Val Accuracy: 10.78
Training Epoch: 31/200	Train Loss: 0.0565	Val Accuracy: 10.78
Training Epoch: 32/200	Train Loss: 0.0792	Val Accuracy: 10.46
Training Epoch: 33/200	Train Loss: 0.0328	Val Accuracy: 10.46
Training Epoch: 34/200	Train Loss: 0.08	Val Accuracy: 11.08
Training Epoch: 35/200	Train Loss: 0.135	Val Accuracy: 11.08
Training Epoch: 36/200	Train Loss: 0.0395	Val Accuracy: 10.76
Training Epoch: 37/200	Train Loss: 0.045	Val Accuracy: 10.76
Training Epoch: 38/200	Train Loss: 0.0208	Val Accuracy: 11.32
Training Epoch: 39/200	Train Loss: 0.0268	Val Accuracy: 11.32
Training Epoch: 40/200	Train Loss: 0.0219	Val Accuracy: 11.26
Training Epoch: 41/200	Train Loss: 0.0061	Val Accuracy: 11.26
Training Epoch: 42/200	Train Loss: 0.0114	Val Accuracy: 10.9
Training Epoch: 43/200	Train Loss: 0.012	Val Accuracy: 10.9
Training Epoch: 44/200	Train Loss: 0.0065	Val Accuracy: 11.24
Training Epoch: 45/200	Train Loss: 0.0099	Val Accuracy: 11.24
Training Epoch: 46/200	Train Loss: 0.0554	Val Accuracy: 11.54
Training Epoch: 47/200	Train Loss: 0.0092	Val Accuracy: 11.54
Training Epoch: 48/200	Train Loss: 0.0084	Val Accuracy: 11.96
Training Epoch: 49/200	Train Loss: 0.0086	Val Accuracy: 11.96
Training Epoch: 50/200	Train Loss: 0.0038	Val Accuracy: 11.88
Training Epoch: 51/200	Train Loss: 0.0155	Val Accuracy: 11.88
Training Epoch: 52/200	Train Loss: 0.0521	Val Accuracy: 12.38
Training Epoch: 53/200	Train Loss: 0.0035	Val Accuracy: 12.38
Training Epoch: 54/200	Train Loss: 0.0035	Val Accuracy: 11.78
Training Epoch: 55/200	Train Loss: 0.0028	Val Accuracy: 11.78
Training Epoch: 56/200	Train Loss: 0.0026	Val Accuracy: 12.06
Training Epoch: 57/200	Train Loss: 0.0038	Val Accuracy: 12.06
Training Epoch: 58/200	Train Loss: 0.002	Val Accuracy: 12.02
Training Epoch: 59/200	Train Loss: 0.0036	Val Accuracy: 12.02
Training Epoch: 60/200	Train Loss: 0.0045	Val Accuracy: 12.6
Training Epoch: 61/200	Train Loss: 0.0057	Val Accuracy: 12.6
Training Epoch: 62/200	Train Loss: 0.0086	Val Accuracy: 12.34
Training Epoch: 63/200	Train Loss: 0.0014	Val Accuracy: 12.34
Training Epoch: 64/200	Train Loss: 0.0014	Val Accuracy: 12.46
Training Epoch: 65/200	Train Loss: 0.0012	Val Accuracy: 12.46
Training Epoch: 66/200	Train Loss: 0.001	Val Accuracy: 12.68
Training Epoch: 67/200	Train Loss: 0.0017	Val Accuracy: 12.68
Training Epoch: 68/200	Train Loss: 0.0018	Val Accuracy: 12.88
Training Epoch: 69/200	Train Loss: 0.0011	Val Accuracy: 12.88
Training Epoch: 70/200	Train Loss: 0.0013	Val Accuracy: 12.74
Training Epoch: 71/200	Train Loss: 0.0012	Val Accuracy: 12.74
Training Epoch: 72/200	Train Loss: 0.0066	Val Accuracy: 12.6
Training Epoch: 73/200	Train Loss: 0.0015	Val Accuracy: 12.6
Training Epoch: 74/200	Train Loss: 0.0026	Val Accuracy: 12.94
Training Epoch: 75/200	Train Loss: 0.0028	Val Accuracy: 12.94
Training Epoch: 76/200	Train Loss: 0.0016	Val Accuracy: 13.02
Training Epoch: 77/200	Train Loss: 0.001	Val Accuracy: 13.02
Training Epoch: 78/200	Train Loss: 0.0017	Val Accuracy: 12.98
Training Epoch: 79/200	Train Loss: 0.001	Val Accuracy: 12.98
Training Epoch: 80/200	Train Loss: 0.0012	Val Accuracy: 12.72
Training Epoch: 81/200	Train Loss: 0.0009	Val Accuracy: 12.72
Training Epoch: 82/200	Train Loss: 0.0011	Val Accuracy: 12.88
Training Epoch: 83/200	Train Loss: 0.0011	Val Accuracy: 12.88
Training Epoch: 84/200	Train Loss: 0.001	Val Accuracy: 12.7
Training Epoch: 85/200	Train Loss: 0.0012	Val Accuracy: 12.7
Training Epoch: 86/200	Train Loss: 0.0011	Val Accuracy: 12.66
Training Epoch: 87/200	Train Loss: 0.0024	Val Accuracy: 12.66
Training Epoch: 88/200	Train Loss: 0.001	Val Accuracy: 12.66
Training Epoch: 89/200	Train Loss: 0.001	Val Accuracy: 12.66
Training Epoch: 90/200	Train Loss: 0.0019	Val Accuracy: 12.76
Training Epoch: 91/200	Train Loss: 0.0014	Val Accuracy: 12.76
Training Epoch: 92/200	Train Loss: 0.0021	Val Accuracy: 12.9
Training Epoch: 93/200	Train Loss: 0.0018	Val Accuracy: 12.9
Training Epoch: 94/200	Train Loss: 0.0011	Val Accuracy: 13.38
Training Epoch: 95/200	Train Loss: 0.0012	Val Accuracy: 13.38
Training Epoch: 96/200	Train Loss: 0.0013	Val Accuracy: 12.86
Training Epoch: 97/200	Train Loss: 0.0013	Val Accuracy: 12.86
Training Epoch: 98/200	Train Loss: 0.0017	Val Accuracy: 12.84
Training Epoch: 99/200	Train Loss: 0.0029	Val Accuracy: 12.84
Training Epoch: 100/200	Train Loss: 0.0014	Val Accuracy: 12.38
Training Epoch: 101/200	Train Loss: 0.0012	Val Accuracy: 12.38
Training Epoch: 102/200	Train Loss: 0.0016	Val Accuracy: 12.84
Training Epoch: 103/200	Train Loss: 0.0015	Val Accuracy: 12.84
Training Epoch: 104/200	Train Loss: 0.0016	Val Accuracy: 12.7
Training Epoch: 105/200	Train Loss: 0.0011	Val Accuracy: 12.7
Training Epoch: 106/200	Train Loss: 0.0011	Val Accuracy: 13.24
Training Epoch: 107/200	Train Loss: 0.0026	Val Accuracy: 13.24
Training Epoch: 108/200	Train Loss: 0.0011	Val Accuracy: 12.8
Training Epoch: 109/200	Train Loss: 0.0019	Val Accuracy: 12.8
Training Epoch: 110/200	Train Loss: 0.0011	Val Accuracy: 13.1
Training Epoch: 111/200	Train Loss: 0.0011	Val Accuracy: 13.1
Training Epoch: 112/200	Train Loss: 0.0018	Val Accuracy: 12.42
Training Epoch: 113/200	Train Loss: 0.002	Val Accuracy: 12.42
Training Epoch: 114/200	Train Loss: 0.0011	Val Accuracy: 13.0
Training Epoch: 115/200	Train Loss: 0.0009	Val Accuracy: 13.0
Training Epoch: 116/200	Train Loss: 0.0012	Val Accuracy: 12.56
Training Epoch: 117/200	Train Loss: 0.0017	Val Accuracy: 12.56
Training Epoch: 118/200	Train Loss: 0.0013	Val Accuracy: 13.14
Training Epoch: 119/200	Train Loss: 0.0011	Val Accuracy: 13.14
Training Epoch: 120/200	Train Loss: 0.0012	Val Accuracy: 12.82
Training Epoch: 121/200	Train Loss: 0.0014	Val Accuracy: 12.82
Training Epoch: 122/200	Train Loss: 0.0012	Val Accuracy: 12.9
Training Epoch: 123/200	Train Loss: 0.0014	Val Accuracy: 12.9
Training Epoch: 124/200	Train Loss: 0.0012	Val Accuracy: 12.88
Training Epoch: 125/200	Train Loss: 0.0013	Val Accuracy: 12.88
Training Epoch: 126/200	Train Loss: 0.0018	Val Accuracy: 12.8
Training Epoch: 127/200	Train Loss: 0.0016	Val Accuracy: 12.8
Training Epoch: 128/200	Train Loss: 0.0016	Val Accuracy: 12.8
Training Epoch: 129/200	Train Loss: 0.001	Val Accuracy: 12.8
Training Epoch: 130/200	Train Loss: 0.0015	Val Accuracy: 12.92
Training Epoch: 131/200	Train Loss: 0.0017	Val Accuracy: 12.92
Training Epoch: 132/200	Train Loss: 0.0011	Val Accuracy: 12.88
Training Epoch: 133/200	Train Loss: 0.0009	Val Accuracy: 12.88
Training Epoch: 134/200	Train Loss: 0.0017	Val Accuracy: 12.66
Training Epoch: 135/200	Train Loss: 0.0011	Val Accuracy: 12.66
Training Epoch: 136/200	Train Loss: 0.0012	Val Accuracy: 12.84
Training Epoch: 137/200	Train Loss: 0.001	Val Accuracy: 12.84
Training Epoch: 138/200	Train Loss: 0.002	Val Accuracy: 13.08
Training Epoch: 139/200	Train Loss: 0.0016	Val Accuracy: 13.08
Training Epoch: 140/200	Train Loss: 0.0019	Val Accuracy: 12.82
Training Epoch: 141/200	Train Loss: 0.0012	Val Accuracy: 12.82
Training Epoch: 142/200	Train Loss: 0.0017	Val Accuracy: 13.14
Training Epoch: 143/200	Train Loss: 0.0013	Val Accuracy: 13.14
Training Epoch: 144/200	Train Loss: 0.0014	Val Accuracy: 13.28
Training Epoch: 145/200	Train Loss: 0.0013	Val Accuracy: 13.28
Training Epoch: 146/200	Train Loss: 0.0013	Val Accuracy: 13.38
Training Epoch: 147/200	Train Loss: 0.0013	Val Accuracy: 13.38
Training Epoch: 148/200	Train Loss: 0.0018	Val Accuracy: 13.3
Training Epoch: 149/200	Train Loss: 0.0012	Val Accuracy: 13.3
Training Epoch: 150/200	Train Loss: 0.0015	Val Accuracy: 12.56
Training Epoch: 151/200	Train Loss: 0.0037	Val Accuracy: 12.56
Training Epoch: 152/200	Train Loss: 0.0013	Val Accuracy: 13.0
Training Epoch: 153/200	Train Loss: 0.0015	Val Accuracy: 13.0
Training Epoch: 154/200	Train Loss: 0.0016	Val Accuracy: 12.98
Training Epoch: 155/200	Train Loss: 0.0023	Val Accuracy: 12.98
Training Epoch: 156/200	Train Loss: 0.0009	Val Accuracy: 13.12
Training Epoch: 157/200	Train Loss: 0.0014	Val Accuracy: 13.12
Training Epoch: 158/200	Train Loss: 0.0019	Val Accuracy: 13.16
Training Epoch: 159/200	Train Loss: 0.0012	Val Accuracy: 13.16
Training Epoch: 160/200	Train Loss: 0.002	Val Accuracy: 12.88
Training Epoch: 161/200	Train Loss: 0.0012	Val Accuracy: 12.88
Training Epoch: 162/200	Train Loss: 0.0018	Val Accuracy: 13.0
Training Epoch: 163/200	Train Loss: 0.0014	Val Accuracy: 13.0
Training Epoch: 164/200	Train Loss: 0.0011	Val Accuracy: 13.38
Training Epoch: 165/200	Train Loss: 0.0017	Val Accuracy: 13.38
Training Epoch: 166/200	Train Loss: 0.0017	Val Accuracy: 12.76
Training Epoch: 167/200	Train Loss: 0.0015	Val Accuracy: 12.76
Training Epoch: 168/200	Train Loss: 0.0028	Val Accuracy: 13.12
Training Epoch: 169/200	Train Loss: 0.0014	Val Accuracy: 13.12
Training Epoch: 170/200	Train Loss: 0.0012	Val Accuracy: 12.78
Training Epoch: 171/200	Train Loss: 0.0016	Val Accuracy: 12.78
Training Epoch: 172/200	Train Loss: 0.0014	Val Accuracy: 12.86
Training Epoch: 173/200	Train Loss: 0.0016	Val Accuracy: 12.86
Training Epoch: 174/200	Train Loss: 0.0009	Val Accuracy: 13.06
Training Epoch: 175/200	Train Loss: 0.0016	Val Accuracy: 13.06
Training Epoch: 176/200	Train Loss: 0.0023	Val Accuracy: 12.98
Training Epoch: 177/200	Train Loss: 0.0018	Val Accuracy: 12.98
Training Epoch: 178/200	Train Loss: 0.0016	Val Accuracy: 13.24
Training Epoch: 179/200	Train Loss: 0.0016	Val Accuracy: 13.24
Training Epoch: 180/200	Train Loss: 0.0012	Val Accuracy: 13.08
Training Epoch: 181/200	Train Loss: 0.0016	Val Accuracy: 13.08
Training Epoch: 182/200	Train Loss: 0.0019	Val Accuracy: 12.56
Training Epoch: 183/200	Train Loss: 0.0016	Val Accuracy: 12.56
Training Epoch: 184/200	Train Loss: 0.0019	Val Accuracy: 13.06
Training Epoch: 185/200	Train Loss: 0.0015	Val Accuracy: 13.06
Training Epoch: 186/200	Train Loss: 0.002	Val Accuracy: 12.98
Training Epoch: 187/200	Train Loss: 0.0013	Val Accuracy: 12.98
Training Epoch: 188/200	Train Loss: 0.0013	Val Accuracy: 12.32
Training Epoch: 189/200	Train Loss: 0.0015	Val Accuracy: 12.32
Training Epoch: 190/200	Train Loss: 0.0018	Val Accuracy: 13.2
Training Epoch: 191/200	Train Loss: 0.0019	Val Accuracy: 13.2
Training Epoch: 192/200	Train Loss: 0.0015	Val Accuracy: 12.8
Training Epoch: 193/200	Train Loss: 0.0013	Val Accuracy: 12.8
Training Epoch: 194/200	Train Loss: 0.0011	Val Accuracy: 13.02
Training Epoch: 195/200	Train Loss: 0.0012	Val Accuracy: 13.02
Training Epoch: 196/200	Train Loss: 0.0012	Val Accuracy: 12.38
Training Epoch: 197/200	Train Loss: 0.0016	Val Accuracy: 12.38
Training Epoch: 198/200	Train Loss: 0.0015	Val Accuracy: 12.92
Training Epoch: 199/200	Train Loss: 0.0014	Val Accuracy: 12.92
Training Epoch: 200/200	Train Loss: 0.0017	Val Accuracy: 12.8

Wrote Best Model Checkpoint to: vlBest_acc_13_model_epoch_0094.pyth

Best Validation Accuracy: 13.38
Best Epoch: 94

======== TESTING ========

Test Accuracy: 14.32.

======== ACTIVE SAMPLING ========

Extracting Lset Representations
len(dataLoader): 20
Extracting Uset Representations
len(dataLoader): 431
lb_repr.shape:  (1950, 2048)
ul_repr.shape:  (43050, 2048)
Solving K Center Greedy Approach
[GPU] Labeled.shape: torch.Size([1950, 2048])
[GPU] Unlabeled.shape: torch.Size([43050, 2048])
time taken: 0.00037479400634765625 seconds
Time taken to solve K center: 0.1586771011352539 seconds
Active Sampling Complete. After Episode 38:
New Labeled Set: 2000, New Unlabeled Set: 43000, Active Set: 50

================================


Current accuracy values:  [2.8499999999999943, 2.989999999999995, 4.0, 4.060000000000002, 4.730000000000004, 4.609999999999999, 5.159999999999997, 5.730000000000004, 6.069999999999993, 6.430000000000007, 6.319999999999993, 7.299999999999997, 7.579999999999998, 7.530000000000001, 8.049999999999997, 8.260000000000005, 8.519999999999996, 8.75, 8.879999999999995, 9.239999999999995, 9.489999999999995, 9.930000000000007, 9.900000000000006, 10.239999999999995, 10.620000000000005, 10.629999999999995, 11.069999999999993, 11.159999999999997, 11.269999999999996, 12.329999999999998, 12.049999999999997, 12.340000000000003, 12.700000000000003, 12.579999999999998, 12.989999999999995, 13.340000000000003, 13.920000000000002, 14.239999999999995, 14.319999999999993]
======== EPISODE 39 BEGINS ========

======== TRAINING ========
Training Epoch: 1/200	Iter: 19/20
Training Epoch: 1/200	Train Loss: 0.1663	Val Accuracy: 0.0
Training Epoch: 2/200	Iter: 19/20
Training Epoch: 2/200	Train Loss: 0.0521	Val Accuracy: 11.16
Training Epoch: 3/200	Iter: 19/20
Training Epoch: 3/200	Train Loss: 0.0325	Val Accuracy: 11.16
Training Epoch: 4/200	Iter: 19/20
Training Epoch: 4/200	Train Loss: 0.0726	Val Accuracy: 11.72
Training Epoch: 5/200	Iter: 19/20
Training Epoch: 5/200	Train Loss: 0.0271	Val Accuracy: 11.72
Training Epoch: 6/200	Iter: 19/20
Training Epoch: 6/200	Train Loss: 0.1129	Val Accuracy: 10.54
Training Epoch: 7/200	Iter: 19/20
Training Epoch: 7/200	Train Loss: 0.1409	Val Accuracy: 10.54
Training Epoch: 8/200	Iter: 19/20
Training Epoch: 8/200	Train Loss: 0.1623	Val Accuracy: 11.2
Training Epoch: 9/200	Iter: 19/20
Training Epoch: 9/200	Train Loss: 0.1791	Val Accuracy: 11.2
Training Epoch: 10/200	Iter: 19/20
Training Epoch: 10/200	Train Loss: 0.1745	Val Accuracy: 10.4
Training Epoch: 11/200	Iter: 19/20
Training Epoch: 11/200	Train Loss: 0.2238	Val Accuracy: 10.4
Training Epoch: 12/200	Iter: 19/20
Training Epoch: 12/200	Train Loss: 0.0926	Val Accuracy: 10.46
Training Epoch: 13/200	Iter: 19/20
Training Epoch: 13/200	Train Loss: 0.1304	Val Accuracy: 10.46
Training Epoch: 14/200	Iter: 19/20
Training Epoch: 14/200	Train Loss: 0.0765	Val Accuracy: 11.26
Training Epoch: 15/200	Iter: 19/20
Training Epoch: 15/200	Train Loss: 0.1757	Val Accuracy: 11.26
Training Epoch: 16/200	Iter: 19/20
Training Epoch: 16/200	Train Loss: 0.0943	Val Accuracy: 10.84
Training Epoch: 17/200	Iter: 19/20
Training Epoch: 17/200	Train Loss: 0.0851	Val Accuracy: 10.84
Training Epoch: 18/200	Iter: 19/20
Training Epoch: 18/200	Train Loss: 0.1228	Val Accuracy: 10.84
Training Epoch: 19/200	Iter: 19/20
Training Epoch: 19/200	Train Loss: 0.0567	Val Accuracy: 10.84
Training Epoch: 20/200	Iter: 19/20
Training Epoch: 20/200	Train Loss: 0.1853	Val Accuracy: 11.0
Training Epoch: 21/200	Iter: 19/20
Training Epoch: 21/200	Train Loss: 0.2227	Val Accuracy: 11.0
Training Epoch: 22/200	Iter: 19/20
Training Epoch: 22/200	Train Loss: 0.1599	Val Accuracy: 10.7
Training Epoch: 23/200	Iter: 19/20
Training Epoch: 23/200	Train Loss: 0.1579	Val Accuracy: 10.7
Training Epoch: 24/200	Iter: 19/20
Training Epoch: 24/200	Train Loss: 0.1474	Val Accuracy: 10.58
Training Epoch: 25/200	Iter: 19/20
Training Epoch: 25/200	Train Loss: 0.2358	Val Accuracy: 10.58
Training Epoch: 26/200	Iter: 19/20
Training Epoch: 26/200	Train Loss: 0.1356	Val Accuracy: 10.96
Training Epoch: 27/200	Iter: 19/20
Training Epoch: 27/200	Train Loss: 0.205	Val Accuracy: 10.96
Training Epoch: 28/200	Iter: 19/20
Training Epoch: 28/200	Train Loss: 0.0968	Val Accuracy: 11.22
Training Epoch: 29/200	Iter: 19/20
Training Epoch: 29/200	Train Loss: 0.0925	Val Accuracy: 11.22
Training Epoch: 30/200	Iter: 19/20
Training Epoch: 30/200	Train Loss: 0.0907	Val Accuracy: 10.94
Training Epoch: 31/200	Iter: 19/20
Training Epoch: 31/200	Train Loss: 0.0306	Val Accuracy: 10.94
Training Epoch: 32/200	Iter: 19/20
Training Epoch: 32/200	Train Loss: 0.0833	Val Accuracy: 11.18
Training Epoch: 33/200	Iter: 19/20
Training Epoch: 33/200	Train Loss: 0.1603	Val Accuracy: 11.18
Training Epoch: 34/200	Iter: 19/20
Training Epoch: 34/200	Train Loss: 0.0339	Val Accuracy: 11.46
Training Epoch: 35/200	Iter: 19/20
Training Epoch: 35/200	Train Loss: 0.0257	Val Accuracy: 11.46
Training Epoch: 36/200	Iter: 19/20
Training Epoch: 36/200	Train Loss: 0.0397	Val Accuracy: 10.72
Training Epoch: 37/200	Iter: 19/20
Training Epoch: 37/200	Train Loss: 0.0466	Val Accuracy: 10.72
Training Epoch: 38/200	Iter: 19/20
Training Epoch: 38/200	Train Loss: 0.0509	Val Accuracy: 11.32
Training Epoch: 39/200	Iter: 19/20
Training Epoch: 39/200	Train Loss: 0.0195	Val Accuracy: 11.32
Training Epoch: 40/200	Iter: 19/20
Training Epoch: 40/200	Train Loss: 0.0405	Val Accuracy: 11.24
Training Epoch: 41/200	Iter: 19/20
Training Epoch: 41/200	Train Loss: 0.012	Val Accuracy: 11.24
Training Epoch: 42/200	Iter: 19/20
Training Epoch: 42/200	Train Loss: 0.0084	Val Accuracy: 11.82
Training Epoch: 43/200	Iter: 19/20
Training Epoch: 43/200	Train Loss: 0.0032	Val Accuracy: 11.82
Training Epoch: 44/200	Iter: 19/20
Training Epoch: 44/200	Train Loss: 0.0046	Val Accuracy: 11.84
Training Epoch: 45/200	Iter: 19/20
Training Epoch: 45/200	Train Loss: 0.0064	Val Accuracy: 11.84
Training Epoch: 46/200	Iter: 19/20
Training Epoch: 46/200	Train Loss: 0.0276	Val Accuracy: 11.66
Training Epoch: 47/200	Iter: 19/20
Training Epoch: 47/200	Train Loss: 0.0061	Val Accuracy: 11.66
Training Epoch: 48/200	Iter: 19/20
Training Epoch: 48/200	Train Loss: 0.0041	Val Accuracy: 12.32
Training Epoch: 49/200	Iter: 19/20
Training Epoch: 49/200	Train Loss: 0.0119	Val Accuracy: 12.32
Training Epoch: 50/200	Iter: 19/20
Training Epoch: 50/200	Train Loss: 0.0051	Val Accuracy: 12.34
Training Epoch: 51/200	Iter: 19/20
Training Epoch: 51/200	Train Loss: 0.0023	Val Accuracy: 12.34
Training Epoch: 52/200	Iter: 19/20
Training Epoch: 52/200	Train Loss: 0.0033	Val Accuracy: 11.98
Training Epoch: 53/200	Iter: 19/20
Training Epoch: 53/200	Train Loss: 0.0033	Val Accuracy: 11.98
Training Epoch: 54/200	Iter: 19/20
Training Epoch: 54/200	Train Loss: 0.0039	Val Accuracy: 12.32
Training Epoch: 55/200	Iter: 19/20
Training Epoch: 55/200	Train Loss: 0.0035	Val Accuracy: 12.32
Training Epoch: 56/200	Iter: 19/20
Training Epoch: 56/200	Train Loss: 0.0025	Val Accuracy: 12.36
Training Epoch: 57/200	Iter: 19/20
Training Epoch: 57/200	Train Loss: 0.0015	Val Accuracy: 12.36
Training Epoch: 58/200	Iter: 19/20
Training Epoch: 58/200	Train Loss: 0.0011	Val Accuracy: 12.54
Training Epoch: 59/200	Iter: 19/20
Training Epoch: 59/200	Train Loss: 0.0016	Val Accuracy: 12.54
Training Epoch: 60/200	Iter: 19/20
Training Epoch: 60/200	Train Loss: 0.0014	Val Accuracy: 12.66
Training Epoch: 61/200	Iter: 19/20
Training Epoch: 61/200	Train Loss: 0.0015	Val Accuracy: 12.66
Training Epoch: 62/200	Iter: 19/20
Training Epoch: 62/200	Train Loss: 0.0019	Val Accuracy: 12.7
Training Epoch: 63/200	Iter: 19/20
Training Epoch: 63/200	Train Loss: 0.0018	Val Accuracy: 12.7
Training Epoch: 64/200	Iter: 19/20
Training Epoch: 64/200	Train Loss: 0.0017	Val Accuracy: 12.34
Training Epoch: 65/200	Iter: 19/20
Training Epoch: 65/200	Train Loss: 0.0016	Val Accuracy: 12.34
Training Epoch: 66/200	Iter: 19/20
Training Epoch: 66/200	Train Loss: 0.0012	Val Accuracy: 12.84
Training Epoch: 67/200	Iter: 19/20
Training Epoch: 67/200	Train Loss: 0.001	Val Accuracy: 12.84
Training Epoch: 68/200	Iter: 19/20
Training Epoch: 68/200	Train Loss: 0.0012	Val Accuracy: 13.06
Training Epoch: 69/200	Iter: 19/20
Training Epoch: 69/200	Train Loss: 0.0014	Val Accuracy: 13.06
Training Epoch: 70/200	Iter: 19/20
Training Epoch: 70/200	Train Loss: 0.0012	Val Accuracy: 12.64
Training Epoch: 71/200	Iter: 19/20
Training Epoch: 71/200	Train Loss: 0.0021	Val Accuracy: 12.64
Training Epoch: 72/200	Iter: 19/20
Training Epoch: 72/200	Train Loss: 0.0012	Val Accuracy: 12.52
Training Epoch: 73/200	Iter: 19/20
Training Epoch: 73/200	Train Loss: 0.0015	Val Accuracy: 12.52
Training Epoch: 74/200	Iter: 19/20
Training Epoch: 74/200	Train Loss: 0.001	Val Accuracy: 12.94
Training Epoch: 75/200	Iter: 19/20
Training Epoch: 75/200	Train Loss: 0.0016	Val Accuracy: 12.94
Training Epoch: 76/200	Iter: 19/20
Training Epoch: 76/200	Train Loss: 0.001	Val Accuracy: 12.84
Training Epoch: 77/200	Iter: 19/20
Training Epoch: 77/200	Train Loss: 0.003	Val Accuracy: 12.84
Training Epoch: 78/200	Iter: 19/20
Training Epoch: 78/200	Train Loss: 0.0012	Val Accuracy: 13.22
Training Epoch: 79/200	Iter: 19/20
Training Epoch: 79/200	Train Loss: 0.0012	Val Accuracy: 13.22
Training Epoch: 80/200	Iter: 19/20
Training Epoch: 80/200	Train Loss: 0.0015	Val Accuracy: 12.68
Training Epoch: 81/200	Iter: 19/20
Training Epoch: 81/200	Train Loss: 0.0083	Val Accuracy: 12.68
Training Epoch: 82/200	Iter: 19/20
Training Epoch: 82/200	Train Loss: 0.0015	Val Accuracy: 12.96
Training Epoch: 83/200	Iter: 19/20
Training Epoch: 83/200	Train Loss: 0.0013	Val Accuracy: 12.96
Training Epoch: 84/200	Iter: 19/20
Training Epoch: 84/200	Train Loss: 0.001	Val Accuracy: 12.9
Training Epoch: 85/200	Iter: 19/20
Training Epoch: 85/200	Train Loss: 0.0017	Val Accuracy: 12.9
Training Epoch: 86/200	Iter: 19/20
Training Epoch: 86/200	Train Loss: 0.0019	Val Accuracy: 12.64
Training Epoch: 87/200	Iter: 19/20
Training Epoch: 87/200	Train Loss: 0.0017	Val Accuracy: 12.64
Training Epoch: 88/200	Iter: 19/20
Training Epoch: 88/200	Train Loss: 0.0014	Val Accuracy: 13.34
Training Epoch: 89/200	Iter: 19/20
Training Epoch: 89/200	Train Loss: 0.0011	Val Accuracy: 13.34
Training Epoch: 90/200	Iter: 19/20
Training Epoch: 90/200	Train Loss: 0.0016	Val Accuracy: 13.3
Training Epoch: 91/200	Iter: 19/20
Training Epoch: 91/200	Train Loss: 0.0014	Val Accuracy: 13.3
Training Epoch: 92/200	Iter: 19/20
Training Epoch: 92/200	Train Loss: 0.0013	Val Accuracy: 13.14
Training Epoch: 93/200	Iter: 19/20
Training Epoch: 93/200	Train Loss: 0.0015	Val Accuracy: 13.14
Training Epoch: 94/200	Iter: 19/20
Training Epoch: 94/200	Train Loss: 0.001	Val Accuracy: 13.52
Training Epoch: 95/200	Iter: 19/20
Training Epoch: 95/200	Train Loss: 0.0013	Val Accuracy: 13.52
Training Epoch: 96/200	Iter: 19/20
Training Epoch: 96/200	Train Loss: 0.0027	Val Accuracy: 13.06
Training Epoch: 97/200	Iter: 19/20
Training Epoch: 97/200	Train Loss: 0.0014	Val Accuracy: 13.06
Training Epoch: 98/200	Iter: 19/20
Training Epoch: 98/200	Train Loss: 0.0014	Val Accuracy: 12.8
Training Epoch: 99/200	Iter: 19/20
Training Epoch: 99/200	Train Loss: 0.0022	Val Accuracy: 12.8
Training Epoch: 100/200	Iter: 19/20
Training Epoch: 100/200	Train Loss: 0.0012	Val Accuracy: 12.78
Training Epoch: 101/200	Iter: 19/20
Training Epoch: 101/200	Train Loss: 0.0016	Val Accuracy: 12.78
Training Epoch: 102/200	Iter: 19/20
Training Epoch: 102/200	Train Loss: 0.0021	Val Accuracy: 13.26
Training Epoch: 103/200	Iter: 19/20
Training Epoch: 103/200	Train Loss: 0.0013	Val Accuracy: 13.26
Training Epoch: 104/200	Iter: 19/20
Training Epoch: 104/200	Train Loss: 0.0019	Val Accuracy: 13.28
Training Epoch: 105/200	Iter: 19/20
Training Epoch: 105/200	Train Loss: 0.0013	Val Accuracy: 13.28
Training Epoch: 106/200	Iter: 19/20
Training Epoch: 106/200	Train Loss: 0.0012	Val Accuracy: 13.1
Training Epoch: 107/200	Iter: 19/20
Training Epoch: 107/200	Train Loss: 0.0019	Val Accuracy: 13.1
Training Epoch: 108/200	Iter: 19/20
Training Epoch: 108/200	Train Loss: 0.0016	Val Accuracy: 13.16
Training Epoch: 109/200	Iter: 19/20
Training Epoch: 109/200	Train Loss: 0.0017	Val Accuracy: 13.16
Training Epoch: 110/200	Iter: 19/20
Training Epoch: 110/200	Train Loss: 0.0013	Val Accuracy: 13.38
Training Epoch: 111/200	Iter: 19/20
Training Epoch: 111/200	Train Loss: 0.0021	Val Accuracy: 13.38
Training Epoch: 112/200	Iter: 19/20
Training Epoch: 112/200	Train Loss: 0.0013	Val Accuracy: 13.4
Training Epoch: 113/200	Iter: 19/20
Training Epoch: 113/200	Train Loss: 0.001	Val Accuracy: 13.4
Training Epoch: 114/200	Iter: 19/20
Training Epoch: 114/200	Train Loss: 0.0011	Val Accuracy: 13.14
Training Epoch: 115/200	Iter: 19/20
Training Epoch: 115/200	Train Loss: 0.0013	Val Accuracy: 13.14
Training Epoch: 116/200	Iter: 19/20
Training Epoch: 116/200	Train Loss: 0.0013	Val Accuracy: 13.08
Training Epoch: 117/200	Iter: 19/20
Training Epoch: 117/200	Train Loss: 0.0016	Val Accuracy: 13.08
Training Epoch: 118/200	Iter: 19/20
Training Epoch: 118/200	Train Loss: 0.0013	Val Accuracy: 12.84
Training Epoch: 119/200	Iter: 19/20
Training Epoch: 119/200	Train Loss: 0.002	Val Accuracy: 12.84
Training Epoch: 120/200	Iter: 19/20
Training Epoch: 120/200	Train Loss: 0.0016	Val Accuracy: 13.3
Training Epoch: 121/200	Iter: 19/20
Training Epoch: 121/200	Train Loss: 0.0012	Val Accuracy: 13.3
Training Epoch: 122/200	Iter: 19/20
Training Epoch: 122/200	Train Loss: 0.0012	Val Accuracy: 13.2
Training Epoch: 123/200	Iter: 19/20
Training Epoch: 123/200	Train Loss: 0.0011	Val Accuracy: 13.2
Training Epoch: 124/200	Iter: 19/20
Training Epoch: 124/200	Train Loss: 0.0015	Val Accuracy: 13.16
Training Epoch: 125/200	Iter: 19/20
Training Epoch: 125/200	Train Loss: 0.0017	Val Accuracy: 13.16
Training Epoch: 126/200	Iter: 19/20
Training Epoch: 126/200	Train Loss: 0.0012	Val Accuracy: 12.84
Training Epoch: 127/200	Iter: 19/20
Training Epoch: 127/200	Train Loss: 0.0016	Val Accuracy: 12.84
Training Epoch: 128/200	Iter: 19/20
Training Epoch: 128/200	Train Loss: 0.0045	Val Accuracy: 13.68
Training Epoch: 129/200	Iter: 19/20
Training Epoch: 129/200	Train Loss: 0.0012	Val Accuracy: 13.68
Training Epoch: 130/200	Iter: 19/20
Training Epoch: 130/200	Train Loss: 0.0026	Val Accuracy: 13.44
Training Epoch: 131/200	Iter: 19/20
Training Epoch: 131/200	Train Loss: 0.0014	Val Accuracy: 13.44
Training Epoch: 132/200	Iter: 19/20
Training Epoch: 132/200	Train Loss: 0.0014	Val Accuracy: 13.14
Training Epoch: 133/200	Iter: 19/20
Training Epoch: 133/200	Train Loss: 0.0019	Val Accuracy: 13.14
Training Epoch: 134/200	Iter: 19/20
Training Epoch: 134/200	Train Loss: 0.0015	Val Accuracy: 12.84
Training Epoch: 135/200	Iter: 19/20
Training Epoch: 135/200	Train Loss: 0.0015	Val Accuracy: 12.84
Training Epoch: 136/200	Iter: 19/20
Training Epoch: 136/200	Train Loss: 0.0017	Val Accuracy: 13.04
Training Epoch: 137/200	Iter: 19/20
Training Epoch: 137/200	Train Loss: 0.001	Val Accuracy: 13.04
Training Epoch: 138/200	Iter: 19/20
Training Epoch: 138/200	Train Loss: 0.0013	Val Accuracy: 13.12
Training Epoch: 139/200	Iter: 19/20
Training Epoch: 139/200	Train Loss: 0.0015	Val Accuracy: 13.12
Training Epoch: 140/200	Iter: 19/20
Training Epoch: 140/200	Train Loss: 0.001	Val Accuracy: 12.98
Training Epoch: 141/200	Iter: 19/20
Training Epoch: 141/200	Train Loss: 0.002	Val Accuracy: 12.98
Training Epoch: 142/200	Iter: 19/20
Training Epoch: 142/200	Train Loss: 0.0012	Val Accuracy: 13.22
Training Epoch: 143/200	Iter: 19/20
Training Epoch: 143/200	Train Loss: 0.0011	Val Accuracy: 13.22
Training Epoch: 144/200	Iter: 19/20
Training Epoch: 144/200	Train Loss: 0.0013	Val Accuracy: 13.22
Training Epoch: 145/200	Iter: 19/20
Training Epoch: 145/200	Train Loss: 0.0015	Val Accuracy: 13.22
Training Epoch: 146/200	Iter: 19/20
Training Epoch: 146/200	Train Loss: 0.0018	Val Accuracy: 12.98
Training Epoch: 147/200	Iter: 19/20
Training Epoch: 147/200	Train Loss: 0.0015	Val Accuracy: 12.98
Training Epoch: 148/200	Iter: 19/20
Training Epoch: 148/200	Train Loss: 0.0009	Val Accuracy: 13.84
Training Epoch: 149/200	Iter: 19/20
Training Epoch: 149/200	Train Loss: 0.001	Val Accuracy: 13.84
Training Epoch: 150/200	Iter: 19/20
Training Epoch: 150/200	Train Loss: 0.0016	Val Accuracy: 13.3
Training Epoch: 151/200	Iter: 19/20
Training Epoch: 151/200	Train Loss: 0.0022	Val Accuracy: 13.3
Training Epoch: 152/200	Iter: 19/20
Training Epoch: 152/200	Train Loss: 0.0014	Val Accuracy: 13.3
Training Epoch: 153/200	Iter: 19/20
Training Epoch: 153/200	Train Loss: 0.0025	Val Accuracy: 13.3
Training Epoch: 154/200	Iter: 19/20
Training Epoch: 154/200	Train Loss: 0.0019	Val Accuracy: 13.16
Training Epoch: 155/200	Iter: 19/20
Training Epoch: 155/200	Train Loss: 0.0017	Val Accuracy: 13.16
Training Epoch: 156/200	Iter: 19/20
Training Epoch: 156/200	Train Loss: 0.0015	Val Accuracy: 12.9
Training Epoch: 157/200	Iter: 19/20
Training Epoch: 157/200	Train Loss: 0.0018	Val Accuracy: 12.9
Training Epoch: 158/200	Iter: 19/20
Training Epoch: 158/200	Train Loss: 0.0013	Val Accuracy: 12.94
Training Epoch: 159/200	Iter: 19/20
Training Epoch: 159/200	Train Loss: 0.0011	Val Accuracy: 12.94
Training Epoch: 160/200	Iter: 19/20
Training Epoch: 160/200	Train Loss: 0.0015	Val Accuracy: 13.06
Training Epoch: 161/200	Iter: 19/20
Training Epoch: 161/200	Train Loss: 0.0016	Val Accuracy: 13.06
Training Epoch: 162/200	Iter: 19/20
Training Epoch: 162/200	Train Loss: 0.0021	Val Accuracy: 13.62
Training Epoch: 163/200	Iter: 19/20
Training Epoch: 163/200	Train Loss: 0.0016	Val Accuracy: 13.62
Training Epoch: 164/200	Iter: 19/20
Training Epoch: 164/200	Train Loss: 0.0012	Val Accuracy: 13.22
Training Epoch: 165/200	Iter: 19/20
Training Epoch: 165/200	Train Loss: 0.0014	Val Accuracy: 13.22
Training Epoch: 166/200	Iter: 19/20
Training Epoch: 166/200	Train Loss: 0.0018	Val Accuracy: 13.22
Training Epoch: 167/200	Iter: 19/20
Training Epoch: 167/200	Train Loss: 0.0018	Val Accuracy: 13.22
Training Epoch: 168/200	Iter: 19/20
Training Epoch: 168/200	Train Loss: 0.0016	Val Accuracy: 13.14
Training Epoch: 169/200	Iter: 19/20
Training Epoch: 169/200	Train Loss: 0.0021	Val Accuracy: 13.14
Training Epoch: 170/200	Iter: 19/20
Training Epoch: 170/200	Train Loss: 0.0016	Val Accuracy: 13.24
Training Epoch: 171/200	Iter: 19/20
Training Epoch: 171/200	Train Loss: 0.0015	Val Accuracy: 13.24
Training Epoch: 172/200	Iter: 19/20
Training Epoch: 172/200	Train Loss: 0.0011	Val Accuracy: 13.16
Training Epoch: 173/200	Iter: 19/20
Training Epoch: 173/200	Train Loss: 0.0012	Val Accuracy: 13.16
Training Epoch: 174/200	Iter: 19/20
Training Epoch: 174/200	Train Loss: 0.0025	Val Accuracy: 13.08
Training Epoch: 175/200	Iter: 19/20
Training Epoch: 175/200	Train Loss: 0.0015	Val Accuracy: 13.08
Training Epoch: 176/200	Iter: 19/20
Training Epoch: 176/200	Train Loss: 0.0011	Val Accuracy: 13.22
Training Epoch: 177/200	Iter: 19/20
Training Epoch: 177/200	Train Loss: 0.0011	Val Accuracy: 13.22
Training Epoch: 178/200	Iter: 19/20
Training Epoch: 178/200	Train Loss: 0.0023	Val Accuracy: 13.22
Training Epoch: 179/200	Iter: 19/20
Training Epoch: 179/200	Train Loss: 0.0014	Val Accuracy: 13.22
Training Epoch: 180/200	Iter: 19/20
Training Epoch: 180/200	Train Loss: 0.0015	Val Accuracy: 12.92
Training Epoch: 181/200	Iter: 19/20
Training Epoch: 181/200	Train Loss: 0.0013	Val Accuracy: 12.92
Training Epoch: 182/200	Iter: 19/20
Training Epoch: 182/200	Train Loss: 0.0015	Val Accuracy: 13.18
Training Epoch: 183/200	Iter: 19/20
Training Epoch: 183/200	Train Loss: 0.0016	Val Accuracy: 13.18
Training Epoch: 184/200	Iter: 19/20
Training Epoch: 184/200	Train Loss: 0.0013	Val Accuracy: 13.42
Training Epoch: 185/200	Iter: 19/20
Training Epoch: 185/200	Train Loss: 0.0014	Val Accuracy: 13.42
Training Epoch: 186/200	Iter: 19/20
Training Epoch: 186/200	Train Loss: 0.0012	Val Accuracy: 13.22
Training Epoch: 187/200	Iter: 19/20
Training Epoch: 187/200	Train Loss: 0.0014	Val Accuracy: 13.22
Training Epoch: 188/200	Iter: 19/20
Training Epoch: 188/200	Train Loss: 0.0012	Val Accuracy: 13.42
Training Epoch: 189/200	Iter: 19/20
Training Epoch: 189/200	Train Loss: 0.0023	Val Accuracy: 13.42
Training Epoch: 190/200	Iter: 19/20
Training Epoch: 190/200	Train Loss: 0.0017	Val Accuracy: 13.2
Training Epoch: 191/200	Iter: 19/20
Training Epoch: 191/200	Train Loss: 0.0019	Val Accuracy: 13.2
Training Epoch: 192/200	Iter: 19/20
Training Epoch: 192/200	Train Loss: 0.0018	Val Accuracy: 13.24
Training Epoch: 193/200	Iter: 19/20
Training Epoch: 193/200	Train Loss: 0.0011	Val Accuracy: 13.24
Training Epoch: 194/200	Iter: 19/20
Training Epoch: 194/200	Train Loss: 0.0009	Val Accuracy: 13.12
Training Epoch: 195/200	Iter: 19/20
Training Epoch: 195/200	Train Loss: 0.0012	Val Accuracy: 13.12
Training Epoch: 196/200	Iter: 19/20
Training Epoch: 196/200	Train Loss: 0.0014	Val Accuracy: 13.28
Training Epoch: 197/200	Iter: 19/20
Training Epoch: 197/200	Train Loss: 0.002	Val Accuracy: 13.28
Training Epoch: 198/200	Iter: 19/20
Training Epoch: 198/200	Train Loss: 0.0015	Val Accuracy: 13.62
Training Epoch: 199/200	Iter: 19/20
Training Epoch: 199/200	Train Loss: 0.0015	Val Accuracy: 13.62
Training Epoch: 200/200	Iter: 19/20
Training Epoch: 200/200	Train Loss: 0.001	Val Accuracy: 13.18

Wrote Best Model Checkpoint to: vlBest_acc_13_model_epoch_0148.pyth

Best Validation Accuracy: 13.84
Best Epoch: 148

======== TESTING ========

Test Accuracy: 14.38.

======== ACTIVE SAMPLING ========

Extracting Lset Representations
len(dataLoader): 20
Extracting Uset Representations
len(dataLoader): 430
lb_repr.shape:  (2000, 2048)
ul_repr.shape:  (43000, 2048)
Solving K Center Greedy Approach
[GPU] Labeled.shape: torch.Size([2000, 2048])
[GPU] Unlabeled.shape: torch.Size([43000, 2048])
time taken: 0.0004355907440185547 seconds
Time taken to solve K center: 0.16043353080749512 seconds
Active Sampling Complete. After Episode 39:
New Labeled Set: 2050, New Unlabeled Set: 42950, Active Set: 50

================================


Current accuracy values:  [2.8499999999999943, 2.989999999999995, 4.0, 4.060000000000002, 4.730000000000004, 4.609999999999999, 5.159999999999997, 5.730000000000004, 6.069999999999993, 6.430000000000007, 6.319999999999993, 7.299999999999997, 7.579999999999998, 7.530000000000001, 8.049999999999997, 8.260000000000005, 8.519999999999996, 8.75, 8.879999999999995, 9.239999999999995, 9.489999999999995, 9.930000000000007, 9.900000000000006, 10.239999999999995, 10.620000000000005, 10.629999999999995, 11.069999999999993, 11.159999999999997, 11.269999999999996, 12.329999999999998, 12.049999999999997, 12.340000000000003, 12.700000000000003, 12.579999999999998, 12.989999999999995, 13.340000000000003, 13.920000000000002, 14.239999999999995, 14.319999999999993, 14.379999999999995]
======== EPISODE 40 BEGINS ========

======== TRAINING ========
Training Epoch: 1/200	Iter: 19/20
Training Epoch: 1/200	Train Loss: 0.1157	Val Accuracy: 0.0
Training Epoch: 2/200	Iter: 19/20
Training Epoch: 2/200	Train Loss: 0.0554	Val Accuracy: 11.9
Training Epoch: 3/200	Iter: 19/20
Training Epoch: 3/200	Train Loss: 0.0438	Val Accuracy: 11.9
Training Epoch: 4/200	Iter: 19/20
Training Epoch: 4/200	Train Loss: 0.1054	Val Accuracy: 11.7
Training Epoch: 5/200	Iter: 19/20
Training Epoch: 5/200	Train Loss: 0.1403	Val Accuracy: 11.7
Training Epoch: 6/200	Iter: 19/20
Training Epoch: 6/200	Train Loss: 0.0876	Val Accuracy: 10.82
Training Epoch: 7/200	Iter: 19/20
Training Epoch: 7/200	Train Loss: 0.1146	Val Accuracy: 10.82
Training Epoch: 8/200	Iter: 19/20
Training Epoch: 8/200	Train Loss: 0.2435	Val Accuracy: 11.04
Training Epoch: 9/200	Iter: 19/20
Training Epoch: 9/200	Train Loss: 0.1813	Val Accuracy: 11.04
Training Epoch: 10/200	Iter: 19/20
Training Epoch: 10/200	Train Loss: 0.0573	Val Accuracy: 11.24
Training Epoch: 11/200	Iter: 19/20
Training Epoch: 11/200	Train Loss: 0.0937	Val Accuracy: 11.24
Training Epoch: 12/200	Iter: 19/20
Training Epoch: 12/200	Train Loss: 0.0789	Val Accuracy: 10.24
Training Epoch: 13/200	Iter: 19/20
Training Epoch: 13/200	Train Loss: 0.2136	Val Accuracy: 10.24
Training Epoch: 14/200	Iter: 19/20
Training Epoch: 14/200	Train Loss: 0.1464	Val Accuracy: 10.0
Training Epoch: 15/200	Iter: 19/20
Training Epoch: 15/200	Train Loss: 0.1105	Val Accuracy: 10.0
Training Epoch: 16/200	Iter: 19/20
Training Epoch: 16/200	Train Loss: 0.2121	Val Accuracy: 10.12
Training Epoch: 17/200	Iter: 19/20
Training Epoch: 17/200	Train Loss: 0.0849	Val Accuracy: 10.12
Training Epoch: 18/200	Iter: 19/20
Training Epoch: 18/200	Train Loss: 0.0996	Val Accuracy: 11.28
Training Epoch: 19/200	Iter: 19/20
Training Epoch: 19/200	Train Loss: 0.0612	Val Accuracy: 11.28
Training Epoch: 20/200	Iter: 19/20
Training Epoch: 20/200	Train Loss: 0.1098	Val Accuracy: 10.76
Training Epoch: 21/200	Iter: 19/20
Training Epoch: 21/200	Train Loss: 0.1245	Val Accuracy: 10.76
Training Epoch: 22/200	Iter: 19/20
Training Epoch: 22/200	Train Loss: 0.0322	Val Accuracy: 11.02
Training Epoch: 23/200	Iter: 19/20
Training Epoch: 23/200	Train Loss: 0.0967	Val Accuracy: 11.02
Training Epoch: 24/200	Iter: 19/20
Training Epoch: 24/200	Train Loss: 0.0985	Val Accuracy: 11.08
Training Epoch: 25/200	Iter: 19/20
Training Epoch: 25/200	Train Loss: 0.1573	Val Accuracy: 11.08
Training Epoch: 26/200	Iter: 19/20
Training Epoch: 26/200	Train Loss: 0.0446	Val Accuracy: 10.44
Training Epoch: 27/200	Iter: 19/20
Training Epoch: 27/200	Train Loss: 0.0546	Val Accuracy: 10.44
Training Epoch: 28/200	Iter: 19/20
Training Epoch: 28/200	Train Loss: 0.2207	Val Accuracy: 9.86
Training Epoch: 29/200	Iter: 19/20
Training Epoch: 29/200	Train Loss: 0.097	Val Accuracy: 9.86
Training Epoch: 30/200	Iter: 19/20
Training Epoch: 30/200	Train Loss: 0.0907	Val Accuracy: 11.14
Training Epoch: 31/200	Iter: 19/20
Training Epoch: 31/200	Train Loss: 0.135	Val Accuracy: 11.14
Training Epoch: 32/200	Iter: 19/20
Training Epoch: 32/200	Train Loss: 0.1097	Val Accuracy: 11.02
Training Epoch: 33/200	Iter: 19/20
Training Epoch: 33/200	Train Loss: 0.0996	Val Accuracy: 11.02
Training Epoch: 34/200	Iter: 19/20
Training Epoch: 34/200	Train Loss: 0.0804	Val Accuracy: 11.3
Training Epoch: 35/200	Iter: 19/20
Training Epoch: 35/200	Train Loss: 0.0766	Val Accuracy: 11.3
Training Epoch: 36/200	Iter: 19/20
Training Epoch: 36/200	Train Loss: 0.0199	Val Accuracy: 11.24
Training Epoch: 37/200	Iter: 19/20
Training Epoch: 37/200	Train Loss: 0.017	Val Accuracy: 11.24
Training Epoch: 38/200	Iter: 19/20
Training Epoch: 38/200	Train Loss: 0.0864	Val Accuracy: 11.0
Training Epoch: 39/200	Iter: 19/20
Training Epoch: 39/200	Train Loss: 0.0058	Val Accuracy: 11.0
Training Epoch: 40/200	Iter: 19/20
Training Epoch: 40/200	Train Loss: 0.0277	Val Accuracy: 11.1
Training Epoch: 41/200	Iter: 19/20
Training Epoch: 41/200	Train Loss: 0.0427	Val Accuracy: 11.1
Training Epoch: 42/200	Iter: 19/20
Training Epoch: 42/200	Train Loss: 0.0124	Val Accuracy: 11.98
Training Epoch: 43/200	Iter: 19/20
Training Epoch: 43/200	Train Loss: 0.0414	Val Accuracy: 11.98
Training Epoch: 44/200	Iter: 19/20
Training Epoch: 44/200	Train Loss: 0.0077	Val Accuracy: 12.52
Training Epoch: 45/200	Iter: 19/20
Training Epoch: 45/200	Train Loss: 0.0045	Val Accuracy: 12.52
Training Epoch: 46/200	Iter: 19/20
Training Epoch: 46/200	Train Loss: 0.0116	Val Accuracy: 12.1
Training Epoch: 47/200	Iter: 19/20
Training Epoch: 47/200	Train Loss: 0.0036	Val Accuracy: 12.1
Training Epoch: 48/200	Iter: 19/20
Training Epoch: 48/200	Train Loss: 0.0071	Val Accuracy: 11.86
Training Epoch: 49/200	Iter: 19/20
Training Epoch: 49/200	Train Loss: 0.0357	Val Accuracy: 11.86
Training Epoch: 50/200	Iter: 19/20
Training Epoch: 50/200	Train Loss: 0.0044	Val Accuracy: 11.6
Training Epoch: 51/200	Iter: 19/20
Training Epoch: 51/200	Train Loss: 0.0025	Val Accuracy: 11.6
Training Epoch: 52/200	Iter: 19/20
Training Epoch: 52/200	Train Loss: 0.021	Val Accuracy: 11.86
Training Epoch: 53/200	Iter: 19/20
Training Epoch: 53/200	Train Loss: 0.0024	Val Accuracy: 11.86
Training Epoch: 54/200	Iter: 19/20
Training Epoch: 54/200	Train Loss: 0.0051	Val Accuracy: 12.5
Training Epoch: 55/200	Iter: 19/20
Training Epoch: 55/200	Train Loss: 0.0138	Val Accuracy: 12.5
Training Epoch: 56/200	Iter: 19/20
Training Epoch: 56/200	Train Loss: 0.0016	Val Accuracy: 12.38
Training Epoch: 57/200	Iter: 19/20
Training Epoch: 57/200	Train Loss: 0.0029	Val Accuracy: 12.38
Training Epoch: 58/200	Iter: 19/20
Training Epoch: 58/200	Train Loss: 0.0017	Val Accuracy: 12.28
Training Epoch: 59/200	Iter: 19/20
Training Epoch: 59/200	Train Loss: 0.0033	Val Accuracy: 12.28
Training Epoch: 60/200	Iter: 19/20
Training Epoch: 60/200	Train Loss: 0.0022	Val Accuracy: 12.68
Training Epoch: 61/200	Iter: 19/20
Training Epoch: 61/200	Train Loss: 0.0031	Val Accuracy: 12.68
Training Epoch: 62/200	Iter: 19/20
Training Epoch: 62/200	Train Loss: 0.0016	Val Accuracy: 12.54
Training Epoch: 63/200	Iter: 19/20
Training Epoch: 63/200	Train Loss: 0.0018	Val Accuracy: 12.54
Training Epoch: 64/200	Iter: 19/20
Training Epoch: 64/200	Train Loss: 0.0014	Val Accuracy: 11.98
Training Epoch: 65/200	Iter: 19/20
Training Epoch: 65/200	Train Loss: 0.002	Val Accuracy: 11.98
Training Epoch: 66/200	Iter: 19/20
Training Epoch: 66/200	Train Loss: 0.0013	Val Accuracy: 12.68
Training Epoch: 67/200	Iter: 19/20
Training Epoch: 67/200	Train Loss: 0.0019	Val Accuracy: 12.68
Training Epoch: 68/200	Iter: 19/20
Training Epoch: 68/200	Train Loss: 0.0013	Val Accuracy: 12.56
Training Epoch: 69/200	Iter: 19/20
Training Epoch: 69/200	Train Loss: 0.002	Val Accuracy: 12.56
Training Epoch: 70/200	Iter: 19/20
Training Epoch: 70/200	Train Loss: 0.0013	Val Accuracy: 12.6
Training Epoch: 71/200	Iter: 19/20
Training Epoch: 71/200	Train Loss: 0.0013	Val Accuracy: 12.6
Training Epoch: 72/200	Iter: 19/20
Training Epoch: 72/200	Train Loss: 0.0018	Val Accuracy: 12.3
Training Epoch: 73/200	Iter: 19/20
Training Epoch: 73/200	Train Loss: 0.0045	Val Accuracy: 12.3
Training Epoch: 74/200	Iter: 19/20
Training Epoch: 74/200	Train Loss: 0.0009	Val Accuracy: 12.44
Training Epoch: 75/200	Iter: 19/20
Training Epoch: 75/200	Train Loss: 0.0015	Val Accuracy: 12.44
Training Epoch: 76/200	Iter: 19/20
Training Epoch: 76/200	Train Loss: 0.001	Val Accuracy: 12.84
Training Epoch: 77/200	Iter: 19/20
Training Epoch: 77/200	Train Loss: 0.0007	Val Accuracy: 12.84
Training Epoch: 78/200	Iter: 19/20
Training Epoch: 78/200	Train Loss: 0.003	Val Accuracy: 12.28
Training Epoch: 79/200	Iter: 19/20
Training Epoch: 79/200	Train Loss: 0.0017	Val Accuracy: 12.28
Training Epoch: 80/200	Iter: 19/20
Training Epoch: 80/200	Train Loss: 0.0011	Val Accuracy: 13.0
Training Epoch: 81/200	Iter: 19/20
Training Epoch: 81/200	Train Loss: 0.0021	Val Accuracy: 13.0
Training Epoch: 82/200	Iter: 19/20
Training Epoch: 82/200	Train Loss: 0.0018	Val Accuracy: 12.34
Training Epoch: 83/200	Iter: 19/20
Training Epoch: 83/200	Train Loss: 0.0012	Val Accuracy: 12.34
Training Epoch: 84/200	Iter: 19/20
Training Epoch: 84/200	Train Loss: 0.0015	Val Accuracy: 12.86
Training Epoch: 85/200	Iter: 19/20
Training Epoch: 85/200	Train Loss: 0.0019	Val Accuracy: 12.86
Training Epoch: 86/200	Iter: 19/20
Training Epoch: 86/200	Train Loss: 0.0009	Val Accuracy: 12.9
Training Epoch: 87/200	Iter: 19/20
Training Epoch: 87/200	Train Loss: 0.0019	Val Accuracy: 12.9
Training Epoch: 88/200	Iter: 19/20
Training Epoch: 88/200	Train Loss: 0.0016	Val Accuracy: 12.74
Training Epoch: 89/200	Iter: 19/20
Training Epoch: 89/200	Train Loss: 0.002	Val Accuracy: 12.74
Training Epoch: 90/200	Iter: 19/20
Training Epoch: 90/200	Train Loss: 0.0014	Val Accuracy: 13.18
Training Epoch: 91/200	Iter: 19/20
Training Epoch: 91/200	Train Loss: 0.0009	Val Accuracy: 13.18
Training Epoch: 92/200	Iter: 19/20
Training Epoch: 92/200	Train Loss: 0.0017	Val Accuracy: 13.32
Training Epoch: 93/200	Iter: 19/20
Training Epoch: 93/200	Train Loss: 0.001	Val Accuracy: 13.32
Training Epoch: 94/200	Iter: 19/20
Training Epoch: 94/200	Train Loss: 0.0009	Val Accuracy: 12.38
Training Epoch: 95/200	Iter: 19/20
Training Epoch: 95/200	Train Loss: 0.0012	Val Accuracy: 12.38
Training Epoch: 96/200	Iter: 19/20
Training Epoch: 96/200	Train Loss: 0.001	Val Accuracy: 12.52
Training Epoch: 97/200	Iter: 19/20
Training Epoch: 97/200	Train Loss: 0.0015	Val Accuracy: 12.52
Training Epoch: 98/200	Iter: 19/20
Training Epoch: 98/200	Train Loss: 0.001	Val Accuracy: 12.86
Training Epoch: 99/200	Iter: 19/20
Training Epoch: 99/200	Train Loss: 0.0012	Val Accuracy: 12.86
Training Epoch: 100/200	Iter: 19/20
Training Epoch: 100/200	Train Loss: 0.0018	Val Accuracy: 12.76
Training Epoch: 101/200	Iter: 19/20
Training Epoch: 101/200	Train Loss: 0.0013	Val Accuracy: 12.76
Training Epoch: 102/200	Iter: 19/20
Training Epoch: 102/200	Train Loss: 0.0018	Val Accuracy: 13.04
Training Epoch: 103/200	Iter: 19/20
Training Epoch: 103/200	Train Loss: 0.0017	Val Accuracy: 13.04
Training Epoch: 104/200	Iter: 19/20
Training Epoch: 104/200	Train Loss: 0.0014	Val Accuracy: 12.32
Training Epoch: 105/200	Iter: 19/20
Training Epoch: 105/200	Train Loss: 0.001	Val Accuracy: 12.32
Training Epoch: 106/200	Iter: 19/20
Training Epoch: 106/200	Train Loss: 0.0013	Val Accuracy: 12.3
Training Epoch: 107/200	Iter: 19/20
Training Epoch: 107/200	Train Loss: 0.0015	Val Accuracy: 12.3
Training Epoch: 108/200	Iter: 19/20
Training Epoch: 108/200	Train Loss: 0.0013	Val Accuracy: 13.18
Training Epoch: 109/200	Iter: 19/20
Training Epoch: 109/200	Train Loss: 0.0014	Val Accuracy: 13.18
Training Epoch: 110/200	Iter: 19/20
Training Epoch: 110/200	Train Loss: 0.0014	Val Accuracy: 12.64
Training Epoch: 111/200	Iter: 19/20
Training Epoch: 111/200	Train Loss: 0.0028	Val Accuracy: 12.64
Training Epoch: 112/200	Iter: 19/20
Training Epoch: 112/200	Train Loss: 0.0016	Val Accuracy: 12.94
Training Epoch: 113/200	Iter: 19/20
Training Epoch: 113/200	Train Loss: 0.0017	Val Accuracy: 12.94
Training Epoch: 114/200	Iter: 19/20
Training Epoch: 114/200	Train Loss: 0.0016	Val Accuracy: 13.16
Training Epoch: 115/200	Iter: 19/20
Training Epoch: 115/200	Train Loss: 0.0012	Val Accuracy: 13.16
Training Epoch: 116/200	Iter: 19/20
Training Epoch: 116/200	Train Loss: 0.0012	Val Accuracy: 13.8
Training Epoch: 117/200	Iter: 19/20
Training Epoch: 117/200	Train Loss: 0.0016	Val Accuracy: 13.8
Training Epoch: 118/200	Iter: 19/20
Training Epoch: 118/200	Train Loss: 0.0012	Val Accuracy: 12.74
Training Epoch: 119/200	Iter: 19/20
Training Epoch: 119/200	Train Loss: 0.0009	Val Accuracy: 12.74
Training Epoch: 120/200	Iter: 19/20
Training Epoch: 120/200	Train Loss: 0.001	Val Accuracy: 13.06
Training Epoch: 121/200	Iter: 19/20
Training Epoch: 121/200	Train Loss: 0.0013	Val Accuracy: 13.06
Training Epoch: 122/200	Iter: 19/20
Training Epoch: 122/200	Train Loss: 0.0014	Val Accuracy: 12.46
Training Epoch: 123/200	Iter: 19/20
Training Epoch: 123/200	Train Loss: 0.0012	Val Accuracy: 12.46
Training Epoch: 124/200	Iter: 19/20
Training Epoch: 124/200	Train Loss: 0.0013	Val Accuracy: 13.4
Training Epoch: 125/200	Iter: 19/20
Training Epoch: 125/200	Train Loss: 0.0012	Val Accuracy: 13.4
Training Epoch: 126/200	Iter: 19/20
Training Epoch: 126/200	Train Loss: 0.0015	Val Accuracy: 12.84
Training Epoch: 127/200	Iter: 19/20
Training Epoch: 127/200	Train Loss: 0.0017	Val Accuracy: 12.84
Training Epoch: 128/200	Iter: 19/20
Training Epoch: 128/200	Train Loss: 0.0012	Val Accuracy: 12.66
Training Epoch: 129/200	Iter: 19/20
Training Epoch: 129/200	Train Loss: 0.0026	Val Accuracy: 12.66
Training Epoch: 130/200	Iter: 19/20
Training Epoch: 130/200	Train Loss: 0.0013	Val Accuracy: 12.62
Training Epoch: 131/200	Iter: 19/20
Training Epoch: 131/200	Train Loss: 0.0011	Val Accuracy: 12.62
Training Epoch: 132/200	Iter: 19/20
Training Epoch: 132/200	Train Loss: 0.0013	Val Accuracy: 12.94
Training Epoch: 133/200	Iter: 19/20
Training Epoch: 133/200	Train Loss: 0.0015	Val Accuracy: 12.94
Training Epoch: 134/200	Iter: 19/20
Training Epoch: 134/200	Train Loss: 0.0015	Val Accuracy: 13.08
Training Epoch: 135/200	Iter: 19/20
Training Epoch: 135/200	Train Loss: 0.0013	Val Accuracy: 13.08
Training Epoch: 136/200	Iter: 19/20
Training Epoch: 136/200	Train Loss: 0.0015	Val Accuracy: 13.46
Training Epoch: 137/200	Iter: 19/20
Training Epoch: 137/200	Train Loss: 0.0013	Val Accuracy: 13.46
Training Epoch: 138/200	Iter: 19/20
Training Epoch: 138/200	Train Loss: 0.0013	Val Accuracy: 13.38
Training Epoch: 139/200	Iter: 19/20
Training Epoch: 139/200	Train Loss: 0.0017	Val Accuracy: 13.38
Training Epoch: 140/200	Iter: 19/20
Training Epoch: 140/200	Train Loss: 0.0026	Val Accuracy: 12.56
Training Epoch: 141/200	Iter: 19/20
Training Epoch: 141/200	Train Loss: 0.0014	Val Accuracy: 12.56
Training Epoch: 142/200	Iter: 19/20
Training Epoch: 142/200	Train Loss: 0.0015	Val Accuracy: 13.12
Training Epoch: 143/200	Iter: 19/20
Training Epoch: 143/200	Train Loss: 0.0021	Val Accuracy: 13.12
Training Epoch: 144/200	Iter: 19/20
Training Epoch: 144/200	Train Loss: 0.0014	Val Accuracy: 12.92
Training Epoch: 145/200	Iter: 19/20
Training Epoch: 145/200	Train Loss: 0.0012	Val Accuracy: 12.92
Training Epoch: 146/200	Iter: 19/20
Training Epoch: 146/200	Train Loss: 0.0019	Val Accuracy: 13.48
Training Epoch: 147/200	Iter: 19/20
Training Epoch: 147/200	Train Loss: 0.0018	Val Accuracy: 13.48
Training Epoch: 148/200	Iter: 19/20
Training Epoch: 148/200	Train Loss: 0.0026	Val Accuracy: 13.2
Training Epoch: 149/200	Iter: 19/20
Training Epoch: 149/200	Train Loss: 0.001	Val Accuracy: 13.2
Training Epoch: 150/200	Iter: 19/20
Training Epoch: 150/200	Train Loss: 0.0011	Val Accuracy: 12.96
Training Epoch: 151/200	Iter: 19/20
Training Epoch: 151/200	Train Loss: 0.0011	Val Accuracy: 12.96
Training Epoch: 152/200	Iter: 19/20
Training Epoch: 152/200	Train Loss: 0.0018	Val Accuracy: 12.62
Training Epoch: 153/200	Iter: 19/20
Training Epoch: 153/200	Train Loss: 0.0013	Val Accuracy: 12.62
Training Epoch: 154/200	Iter: 19/20
Training Epoch: 154/200	Train Loss: 0.0013	Val Accuracy: 12.86
Training Epoch: 155/200	Iter: 19/20
Training Epoch: 155/200	Train Loss: 0.0014	Val Accuracy: 12.86
Training Epoch: 156/200	Iter: 19/20
Training Epoch: 156/200	Train Loss: 0.002	Val Accuracy: 12.82
Training Epoch: 157/200	Iter: 19/20
Training Epoch: 157/200	Train Loss: 0.0014	Val Accuracy: 12.82
Training Epoch: 158/200	Iter: 19/20
Training Epoch: 158/200	Train Loss: 0.0015	Val Accuracy: 13.12
Training Epoch: 159/200	Iter: 19/20
Training Epoch: 159/200	Train Loss: 0.0013	Val Accuracy: 13.12
Training Epoch: 160/200	Iter: 19/20
Training Epoch: 160/200	Train Loss: 0.0015	Val Accuracy: 12.92
Training Epoch: 161/200	Iter: 19/20
Training Epoch: 161/200	Train Loss: 0.0014	Val Accuracy: 12.92
Training Epoch: 162/200	Iter: 19/20
Training Epoch: 162/200	Train Loss: 0.0015	Val Accuracy: 12.64
Training Epoch: 163/200	Iter: 19/20
Training Epoch: 163/200	Train Loss: 0.0012	Val Accuracy: 12.64
Training Epoch: 164/200	Iter: 19/20
Training Epoch: 164/200	Train Loss: 0.0012	Val Accuracy: 13.1
Training Epoch: 165/200	Iter: 19/20
Training Epoch: 165/200	Train Loss: 0.0012	Val Accuracy: 13.1
Training Epoch: 166/200	Iter: 19/20
Training Epoch: 166/200	Train Loss: 0.0012	Val Accuracy: 12.98
Training Epoch: 167/200	Iter: 19/20
Training Epoch: 167/200	Train Loss: 0.0015	Val Accuracy: 12.98
Training Epoch: 168/200	Iter: 19/20
Training Epoch: 168/200	Train Loss: 0.0013	Val Accuracy: 13.18
Training Epoch: 169/200	Iter: 19/20
Training Epoch: 169/200	Train Loss: 0.002	Val Accuracy: 13.18
Training Epoch: 170/200	Iter: 19/20
Training Epoch: 170/200	Train Loss: 0.0015	Val Accuracy: 13.14
Training Epoch: 171/200	Iter: 19/20
Training Epoch: 171/200	Train Loss: 0.0018	Val Accuracy: 13.14
Training Epoch: 172/200	Iter: 19/20
Training Epoch: 172/200	Train Loss: 0.0016	Val Accuracy: 13.16
Training Epoch: 173/200	Iter: 19/20
Training Epoch: 173/200	Train Loss: 0.0013	Val Accuracy: 13.16
Training Epoch: 174/200	Iter: 19/20
Training Epoch: 174/200	Train Loss: 0.0013	Val Accuracy: 13.22
Training Epoch: 175/200	Iter: 19/20
Training Epoch: 175/200	Train Loss: 0.001	Val Accuracy: 13.22
Training Epoch: 176/200	Iter: 19/20
Training Epoch: 176/200	Train Loss: 0.0016	Val Accuracy: 13.3
Training Epoch: 177/200	Iter: 19/20
Training Epoch: 177/200	Train Loss: 0.0015	Val Accuracy: 13.3
Training Epoch: 178/200	Iter: 19/20
Training Epoch: 178/200	Train Loss: 0.0015	Val Accuracy: 13.12
Training Epoch: 179/200	Iter: 19/20
Training Epoch: 179/200	Train Loss: 0.0022	Val Accuracy: 13.12
Training Epoch: 180/200	Iter: 19/20
Training Epoch: 180/200	Train Loss: 0.0017	Val Accuracy: 13.04
Training Epoch: 181/200	Iter: 19/20
Training Epoch: 181/200	Train Loss: 0.0018	Val Accuracy: 13.04
Training Epoch: 182/200	Iter: 19/20
Training Epoch: 182/200	Train Loss: 0.0016	Val Accuracy: 13.36
Training Epoch: 183/200	Iter: 19/20
Training Epoch: 183/200	Train Loss: 0.0013	Val Accuracy: 13.36
Training Epoch: 184/200	Iter: 19/20
Training Epoch: 184/200	Train Loss: 0.0019	Val Accuracy: 12.94
Training Epoch: 185/200	Iter: 19/20
Training Epoch: 185/200	Train Loss: 0.0014	Val Accuracy: 12.94
Training Epoch: 186/200	Iter: 19/20
Training Epoch: 186/200	Train Loss: 0.0013	Val Accuracy: 13.64
Training Epoch: 187/200	Iter: 19/20
Training Epoch: 187/200	Train Loss: 0.0013	Val Accuracy: 13.64
Training Epoch: 188/200	Iter: 19/20
Training Epoch: 188/200	Train Loss: 0.0014	Val Accuracy: 13.12
Training Epoch: 189/200	Iter: 19/20
Training Epoch: 189/200	Train Loss: 0.0015	Val Accuracy: 13.12
Training Epoch: 190/200	Iter: 19/20
Training Epoch: 190/200	Train Loss: 0.0016	Val Accuracy: 12.82
Training Epoch: 191/200	Iter: 19/20
Training Epoch: 191/200	Train Loss: 0.0014	Val Accuracy: 12.82
Training Epoch: 192/200	Iter: 19/20
Training Epoch: 192/200	Train Loss: 0.0018	Val Accuracy: 12.96
Training Epoch: 193/200	Iter: 19/20
Training Epoch: 193/200	Train Loss: 0.0026	Val Accuracy: 12.96
Training Epoch: 194/200	Iter: 19/20
Training Epoch: 194/200	Train Loss: 0.0023	Val Accuracy: 13.08
Training Epoch: 195/200	Iter: 19/20
Training Epoch: 195/200	Train Loss: 0.0013	Val Accuracy: 13.08
Training Epoch: 196/200	Iter: 19/20
Training Epoch: 196/200	Train Loss: 0.0023	Val Accuracy: 12.92
Training Epoch: 197/200	Iter: 19/20
Training Epoch: 197/200	Train Loss: 0.0012	Val Accuracy: 12.92
Training Epoch: 198/200	Iter: 19/20
Training Epoch: 198/200	Train Loss: 0.0015	Val Accuracy: 13.0
Training Epoch: 199/200	Iter: 19/20
Training Epoch: 199/200	Train Loss: 0.0015	Val Accuracy: 13.0
Training Epoch: 200/200	Iter: 19/20
Training Epoch: 200/200	Train Loss: 0.0014	Val Accuracy: 13.02

Wrote Best Model Checkpoint to: vlBest_acc_13_model_epoch_0116.pyth

Best Validation Accuracy: 13.8
Best Epoch: 116

======== TESTING ========

Test Accuracy: 14.72.

======== ACTIVE SAMPLING ========

Extracting Lset Representations
len(dataLoader): 21
Extracting Uset Representations
len(dataLoader): 430
lb_repr.shape:  (2050, 2048)
ul_repr.shape:  (42950, 2048)
Solving K Center Greedy Approach
[GPU] Labeled.shape: torch.Size([2050, 2048])
[GPU] Unlabeled.shape: torch.Size([42950, 2048])
time taken: 0.0004150867462158203 seconds
Time taken to solve K center: 0.16072320938110352 seconds
