GPU 0: Tesla V100-SXM2-32GB (UUID: GPU-931d3b14-8f08-a6ee-38a4-3d961eb1a951)

==============NVSMI LOG==============

Timestamp                                 : Tue May 26 22:17:37 2026
Driver Version                            : 565.57.01
CUDA Version                              : 12.7

Attached GPUs                             : 1
GPU 00000000:18:00.0
    ECC Mode
        Current                           : Enabled
        Pending                           : Enabled
    ECC Errors
        Volatile
            Single Bit            
                Device Memory             : 0
                Register File             : 0
                L1 Cache                  : 0
                L2 Cache                  : 0
                Texture Memory            : N/A
                Texture Shared            : N/A
                CBU                       : N/A
                Total                     : 0
            Double Bit            
                Device Memory             : 0
                Register File             : 0
                L1 Cache                  : 0
                L2 Cache                  : 0
                Texture Memory            : N/A
                Texture Shared            : N/A
                CBU                       : 0
                Total                     : 0
        Aggregate
            Single Bit            
                Device Memory             : 0
                Register File             : 0
                L1 Cache                  : 0
                L2 Cache                  : 0
                Texture Memory            : N/A
                Texture Shared            : N/A
                CBU                       : N/A
                Total                     : 0
            Double Bit            
                Device Memory             : 0
                Register File             : 0
                L1 Cache                  : 0
                L2 Cache                  : 0
                Texture Memory            : N/A
                Texture Shared            : N/A
                CBU                       : 0
                Total                     : 0

Experiment Directory Already Exists: /vast/s219110279/TypiClust/output/CIFAR100/resnet50/density_cover_1_50b. Reusing it may lead to loss of old logs in the directory.


======== PREPARING DATA AND MODEL ========

Preprocess Operations Selected ==>  [RandomCrop(size=(32, 32), padding=4), RandomHorizontalFlip(p=0.5), ToTensor(), Normalize(mean=[0.4914, 0.4822, 0.4465], std=[0.247, 0.2435, 0.2616])]
Files already downloaded and verified
Files already downloaded and verified

Dataset CIFAR100 Loaded Sucessfully.
Total Train Size: 50000 and Total Test Size: 10000

Labeled Set is Empty - Sampling an Initial Pool
ProbCover adaptive delta: base=0.2500, effective=0.3375, scale=1.35, phase=cold_start, labeled_count=0
Initial Pool is [12222  2397  3617 13024 34216 46873 28080  6393 39860 49028 19625  3023
  1499 11588 15375  6518 18248 20889 27288  1549 37369 48839  5467  2640
 36115 48585 15087 43854 20735 40588 13150 13745 24598  5392 23700 41008
 43902 16876 35341 42106 48185 42927  6092  8565 41871 24626 18744 23261
  7101 36344]
Data Partitioning Complete. 
Labeled Set: 50, Unlabeled Set: 44950, Validation Set: 5000

model: resnet50

optimizer: SGD (
Parameter Group 0
    dampening: 0.0
    differentiable: False
    foreach: None
    lr: 0.025
    maximize: False
    momentum: 0.9
    nesterov: True
    weight_decay: 0.0003
)

AL Query Method: density_cover
Max AL Episodes: 100

======== EPISODE 0 BEGINS ========

======== TRAINING ========
Training Epoch: 1/200	Train Loss: 5.0501	Val Accuracy: 0.0
Training Epoch: 2/200	Train Loss: 4.6008	Val Accuracy: 0.76
Training Epoch: 3/200	Train Loss: 7.3075	Val Accuracy: 0.76
Training Epoch: 4/200	Train Loss: 7.8258	Val Accuracy: 0.9
Training Epoch: 5/200	Train Loss: 5.6937	Val Accuracy: 0.9
Training Epoch: 6/200	Train Loss: 6.1472	Val Accuracy: 0.9
Training Epoch: 7/200	Train Loss: 4.2134	Val Accuracy: 0.9
Training Epoch: 8/200	Train Loss: 4.1321	Val Accuracy: 0.9
Training Epoch: 9/200	Train Loss: 4.515	Val Accuracy: 0.9
Training Epoch: 10/200	Train Loss: 3.8128	Val Accuracy: 0.9
Training Epoch: 11/200	Train Loss: 3.7934	Val Accuracy: 0.9
Training Epoch: 12/200	Train Loss: 3.7481	Val Accuracy: 0.9
Training Epoch: 13/200	Train Loss: 3.7122	Val Accuracy: 0.9
Training Epoch: 14/200	Train Loss: 3.639	Val Accuracy: 0.9
Training Epoch: 15/200	Train Loss: 3.5615	Val Accuracy: 0.9
Training Epoch: 16/200	Train Loss: 3.449	Val Accuracy: 0.9
Training Epoch: 17/200	Train Loss: 3.3948	Val Accuracy: 0.9
Training Epoch: 18/200	Train Loss: 3.3153	Val Accuracy: 0.9
Training Epoch: 19/200	Train Loss: 3.3038	Val Accuracy: 0.9
Training Epoch: 20/200	Train Loss: 3.229	Val Accuracy: 0.9
Training Epoch: 21/200	Train Loss: 3.1246	Val Accuracy: 0.9
Training Epoch: 22/200	Train Loss: 3.0535	Val Accuracy: 0.92
Training Epoch: 23/200	Train Loss: 2.9962	Val Accuracy: 0.92
Training Epoch: 24/200	Train Loss: 2.8701	Val Accuracy: 0.92
Training Epoch: 25/200	Train Loss: 2.7713	Val Accuracy: 0.92
Training Epoch: 26/200	Train Loss: 2.6877	Val Accuracy: 1.0
Training Epoch: 27/200	Train Loss: 2.5688	Val Accuracy: 1.0
Training Epoch: 28/200	Train Loss: 2.4662	Val Accuracy: 1.16
Training Epoch: 29/200	Train Loss: 2.2456	Val Accuracy: 1.16
Training Epoch: 30/200	Train Loss: 2.1365	Val Accuracy: 1.32
Training Epoch: 31/200	Train Loss: 1.9432	Val Accuracy: 1.32
Training Epoch: 32/200	Train Loss: 1.7671	Val Accuracy: 1.74
Training Epoch: 33/200	Train Loss: 1.6271	Val Accuracy: 1.74
Training Epoch: 34/200	Train Loss: 1.6468	Val Accuracy: 1.58
Training Epoch: 35/200	Train Loss: 1.4278	Val Accuracy: 1.58
Training Epoch: 36/200	Train Loss: 1.2986	Val Accuracy: 1.74
Training Epoch: 37/200	Train Loss: 1.1484	Val Accuracy: 1.74
Training Epoch: 38/200	Train Loss: 1.0178	Val Accuracy: 1.88
Training Epoch: 39/200	Train Loss: 0.9246	Val Accuracy: 1.88
Training Epoch: 40/200	Train Loss: 0.8061	Val Accuracy: 2.14
Training Epoch: 41/200	Train Loss: 0.7392	Val Accuracy: 2.14
Training Epoch: 42/200	Train Loss: 0.6711	Val Accuracy: 2.3
Training Epoch: 43/200	Train Loss: 0.5636	Val Accuracy: 2.3
Training Epoch: 44/200	Train Loss: 0.4895	Val Accuracy: 3.02
Training Epoch: 45/200	Train Loss: 0.4312	Val Accuracy: 3.02
Training Epoch: 46/200	Train Loss: 0.3691	Val Accuracy: 3.34
Training Epoch: 47/200	Train Loss: 0.3373	Val Accuracy: 3.34
Training Epoch: 48/200	Train Loss: 0.2509	Val Accuracy: 3.42
Training Epoch: 49/200	Train Loss: 0.2534	Val Accuracy: 3.42
Training Epoch: 50/200	Train Loss: 0.1931	Val Accuracy: 3.68
Training Epoch: 51/200	Train Loss: 0.168	Val Accuracy: 3.68
Training Epoch: 52/200	Train Loss: 0.1938	Val Accuracy: 3.58
Training Epoch: 53/200	Train Loss: 0.1448	Val Accuracy: 3.58
Training Epoch: 54/200	Train Loss: 0.0985	Val Accuracy: 3.96
Training Epoch: 55/200	Train Loss: 0.1043	Val Accuracy: 3.96
Training Epoch: 56/200	Train Loss: 0.0896	Val Accuracy: 3.94
Training Epoch: 57/200	Train Loss: 0.0769	Val Accuracy: 3.94
Training Epoch: 58/200	Train Loss: 0.0718	Val Accuracy: 4.08
Training Epoch: 59/200	Train Loss: 0.0516	Val Accuracy: 4.08
Training Epoch: 60/200	Train Loss: 0.0526	Val Accuracy: 4.12
Training Epoch: 61/200	Train Loss: 0.0396	Val Accuracy: 4.12
Training Epoch: 62/200	Train Loss: 0.0367	Val Accuracy: 4.14
Training Epoch: 63/200	Train Loss: 0.0664	Val Accuracy: 4.14
Training Epoch: 64/200	Train Loss: 0.0309	Val Accuracy: 4.08
Training Epoch: 65/200	Train Loss: 0.0324	Val Accuracy: 4.08
Training Epoch: 66/200	Train Loss: 0.0445	Val Accuracy: 4.16
Training Epoch: 67/200	Train Loss: 0.0577	Val Accuracy: 4.16
Training Epoch: 68/200	Train Loss: 0.029	Val Accuracy: 4.0
Training Epoch: 69/200	Train Loss: 0.0283	Val Accuracy: 4.0
Training Epoch: 70/200	Train Loss: 0.0421	Val Accuracy: 3.98
Training Epoch: 71/200	Train Loss: 0.053	Val Accuracy: 3.98
Training Epoch: 72/200	Train Loss: 0.0306	Val Accuracy: 4.02
Training Epoch: 73/200	Train Loss: 0.048	Val Accuracy: 4.02
Training Epoch: 74/200	Train Loss: 0.0176	Val Accuracy: 4.24
Training Epoch: 75/200	Train Loss: 0.0174	Val Accuracy: 4.24
Training Epoch: 76/200	Train Loss: 0.0143	Val Accuracy: 4.34
Training Epoch: 77/200	Train Loss: 0.074	Val Accuracy: 4.34
Training Epoch: 78/200	Train Loss: 0.0198	Val Accuracy: 4.02
Training Epoch: 79/200	Train Loss: 0.0455	Val Accuracy: 4.02
Training Epoch: 80/200	Train Loss: 0.1169	Val Accuracy: 4.32
Training Epoch: 81/200	Train Loss: 0.03	Val Accuracy: 4.32
Training Epoch: 82/200	Train Loss: 0.0441	Val Accuracy: 4.2
Training Epoch: 83/200	Train Loss: 0.0278	Val Accuracy: 4.2
Training Epoch: 84/200	Train Loss: 0.0386	Val Accuracy: 4.14
Training Epoch: 85/200	Train Loss: 0.02	Val Accuracy: 4.14
Training Epoch: 86/200	Train Loss: 0.0316	Val Accuracy: 4.22
Training Epoch: 87/200	Train Loss: 0.0179	Val Accuracy: 4.22
Training Epoch: 88/200	Train Loss: 0.0162	Val Accuracy: 4.4
Training Epoch: 89/200	Train Loss: 0.0185	Val Accuracy: 4.4
Training Epoch: 90/200	Train Loss: 0.0251	Val Accuracy: 4.46
Training Epoch: 91/200	Train Loss: 0.0195	Val Accuracy: 4.46
Training Epoch: 92/200	Train Loss: 0.017	Val Accuracy: 4.3
Training Epoch: 93/200	Train Loss: 0.0279	Val Accuracy: 4.3
Training Epoch: 94/200	Train Loss: 0.0142	Val Accuracy: 4.4
Training Epoch: 95/200	Train Loss: 0.018	Val Accuracy: 4.4
Training Epoch: 96/200	Train Loss: 0.0138	Val Accuracy: 4.36
Training Epoch: 97/200	Train Loss: 0.0124	Val Accuracy: 4.36
Training Epoch: 98/200	Train Loss: 0.0181	Val Accuracy: 4.28
Training Epoch: 99/200	Train Loss: 0.0097	Val Accuracy: 4.28
Training Epoch: 100/200	Train Loss: 0.0097	Val Accuracy: 4.28
Training Epoch: 101/200	Train Loss: 0.0211	Val Accuracy: 4.28
Training Epoch: 102/200	Train Loss: 0.0081	Val Accuracy: 4.4
Training Epoch: 103/200	Train Loss: 0.0116	Val Accuracy: 4.4
Training Epoch: 104/200	Train Loss: 0.0076	Val Accuracy: 4.4
Training Epoch: 105/200	Train Loss: 0.0142	Val Accuracy: 4.4
Training Epoch: 106/200	Train Loss: 0.0088	Val Accuracy: 4.6
Training Epoch: 107/200	Train Loss: 0.0081	Val Accuracy: 4.6
Training Epoch: 108/200	Train Loss: 0.0093	Val Accuracy: 4.4
Training Epoch: 109/200	Train Loss: 0.0096	Val Accuracy: 4.4
Training Epoch: 110/200	Train Loss: 0.0079	Val Accuracy: 4.3
Training Epoch: 111/200	Train Loss: 0.0102	Val Accuracy: 4.3
Training Epoch: 112/200	Train Loss: 0.0066	Val Accuracy: 4.2
Training Epoch: 113/200	Train Loss: 0.0068	Val Accuracy: 4.2
Training Epoch: 114/200	Train Loss: 0.0055	Val Accuracy: 4.44
Training Epoch: 115/200	Train Loss: 0.0067	Val Accuracy: 4.44
Training Epoch: 116/200	Train Loss: 0.0061	Val Accuracy: 4.24
Training Epoch: 117/200	Train Loss: 0.0067	Val Accuracy: 4.24
Training Epoch: 118/200	Train Loss: 0.0066	Val Accuracy: 4.22
Training Epoch: 119/200	Train Loss: 0.0042	Val Accuracy: 4.22
Training Epoch: 120/200	Train Loss: 0.0047	Val Accuracy: 4.02
Training Epoch: 121/200	Train Loss: 0.0064	Val Accuracy: 4.02
Training Epoch: 122/200	Train Loss: 0.0085	Val Accuracy: 4.3
Training Epoch: 123/200	Train Loss: 0.0066	Val Accuracy: 4.3
Training Epoch: 124/200	Train Loss: 0.0067	Val Accuracy: 4.46
Training Epoch: 125/200	Train Loss: 0.0061	Val Accuracy: 4.46
Training Epoch: 126/200	Train Loss: 0.007	Val Accuracy: 4.28
Training Epoch: 127/200	Train Loss: 0.005	Val Accuracy: 4.28
Training Epoch: 128/200	Train Loss: 0.0072	Val Accuracy: 4.22
Training Epoch: 129/200	Train Loss: 0.0059	Val Accuracy: 4.22
Training Epoch: 130/200	Train Loss: 0.0038	Val Accuracy: 4.32
Training Epoch: 131/200	Train Loss: 0.0074	Val Accuracy: 4.32
Training Epoch: 132/200	Train Loss: 0.0051	Val Accuracy: 4.54
Training Epoch: 133/200	Train Loss: 0.0061	Val Accuracy: 4.54
Training Epoch: 134/200	Train Loss: 0.0036	Val Accuracy: 4.26
Training Epoch: 135/200	Train Loss: 0.0078	Val Accuracy: 4.26
Training Epoch: 136/200	Train Loss: 0.0065	Val Accuracy: 4.2
Training Epoch: 137/200	Train Loss: 0.0034	Val Accuracy: 4.2
Training Epoch: 138/200	Train Loss: 0.0035	Val Accuracy: 4.44
Training Epoch: 139/200	Train Loss: 0.006	Val Accuracy: 4.44
Training Epoch: 140/200	Train Loss: 0.0041	Val Accuracy: 4.28
Training Epoch: 141/200	Train Loss: 0.0046	Val Accuracy: 4.28
Training Epoch: 142/200	Train Loss: 0.004	Val Accuracy: 4.26
Training Epoch: 143/200	Train Loss: 0.0043	Val Accuracy: 4.26
Training Epoch: 144/200	Train Loss: 0.0055	Val Accuracy: 4.42
Training Epoch: 145/200	Train Loss: 0.0067	Val Accuracy: 4.42
Training Epoch: 146/200	Train Loss: 0.0046	Val Accuracy: 4.16
Training Epoch: 147/200	Train Loss: 0.0054	Val Accuracy: 4.16
Training Epoch: 148/200	Train Loss: 0.0041	Val Accuracy: 4.2
Training Epoch: 149/200	Train Loss: 0.0047	Val Accuracy: 4.2
Training Epoch: 150/200	Train Loss: 0.0038	Val Accuracy: 4.18
Training Epoch: 151/200	Train Loss: 0.0038	Val Accuracy: 4.18
Training Epoch: 152/200	Train Loss: 0.0079	Val Accuracy: 4.36
Training Epoch: 153/200	Train Loss: 0.004	Val Accuracy: 4.36
Training Epoch: 154/200	Train Loss: 0.0032	Val Accuracy: 4.3
Training Epoch: 155/200	Train Loss: 0.0046	Val Accuracy: 4.3
Training Epoch: 156/200	Train Loss: 0.0049	Val Accuracy: 4.22
Training Epoch: 157/200	Train Loss: 0.0031	Val Accuracy: 4.22
Training Epoch: 158/200	Train Loss: 0.0041	Val Accuracy: 4.48
Training Epoch: 159/200	Train Loss: 0.0038	Val Accuracy: 4.48
Training Epoch: 160/200	Train Loss: 0.0048	Val Accuracy: 4.42
Training Epoch: 161/200	Train Loss: 0.0046	Val Accuracy: 4.42
Training Epoch: 162/200	Train Loss: 0.0039	Val Accuracy: 4.38
Training Epoch: 163/200	Train Loss: 0.0027	Val Accuracy: 4.38
Training Epoch: 164/200	Train Loss: 0.0031	Val Accuracy: 4.4
Training Epoch: 165/200	Train Loss: 0.0033	Val Accuracy: 4.4
Training Epoch: 166/200	Train Loss: 0.0038	Val Accuracy: 4.06
Training Epoch: 167/200	Train Loss: 0.0033	Val Accuracy: 4.06
Training Epoch: 168/200	Train Loss: 0.0038	Val Accuracy: 4.18
Training Epoch: 169/200	Train Loss: 0.0026	Val Accuracy: 4.18
Training Epoch: 170/200	Train Loss: 0.0044	Val Accuracy: 4.34
Training Epoch: 171/200	Train Loss: 0.0037	Val Accuracy: 4.34
Training Epoch: 172/200	Train Loss: 0.003	Val Accuracy: 4.36
Training Epoch: 173/200	Train Loss: 0.004	Val Accuracy: 4.36
Training Epoch: 174/200	Train Loss: 0.0051	Val Accuracy: 4.38
Training Epoch: 175/200	Train Loss: 0.0033	Val Accuracy: 4.38
Training Epoch: 176/200	Train Loss: 0.0045	Val Accuracy: 4.5
Training Epoch: 177/200	Train Loss: 0.005	Val Accuracy: 4.5
Training Epoch: 178/200	Train Loss: 0.0036	Val Accuracy: 4.38
Training Epoch: 179/200	Train Loss: 0.0041	Val Accuracy: 4.38
Training Epoch: 180/200	Train Loss: 0.0035	Val Accuracy: 4.04
Training Epoch: 181/200	Train Loss: 0.0046	Val Accuracy: 4.04
Training Epoch: 182/200	Train Loss: 0.003	Val Accuracy: 4.42
Training Epoch: 183/200	Train Loss: 0.0038	Val Accuracy: 4.42
Training Epoch: 184/200	Train Loss: 0.0035	Val Accuracy: 4.24
Training Epoch: 185/200	Train Loss: 0.0038	Val Accuracy: 4.24
Training Epoch: 186/200	Train Loss: 0.0053	Val Accuracy: 4.04
Training Epoch: 187/200	Train Loss: 0.0037	Val Accuracy: 4.04
Training Epoch: 188/200	Train Loss: 0.0047	Val Accuracy: 4.44
Training Epoch: 189/200	Train Loss: 0.0028	Val Accuracy: 4.44
Training Epoch: 190/200	Train Loss: 0.0041	Val Accuracy: 4.3
Training Epoch: 191/200	Train Loss: 0.0044	Val Accuracy: 4.3
Training Epoch: 192/200	Train Loss: 0.0038	Val Accuracy: 4.3
Training Epoch: 193/200	Train Loss: 0.0029	Val Accuracy: 4.3
Training Epoch: 194/200	Train Loss: 0.0032	Val Accuracy: 4.32
Training Epoch: 195/200	Train Loss: 0.004	Val Accuracy: 4.32
Training Epoch: 196/200	Train Loss: 0.0033	Val Accuracy: 4.28
Training Epoch: 197/200	Train Loss: 0.0032	Val Accuracy: 4.28
Training Epoch: 198/200	Train Loss: 0.0068	Val Accuracy: 4.28
Training Epoch: 199/200	Train Loss: 0.0031	Val Accuracy: 4.28
Training Epoch: 200/200	Train Loss: 0.0041	Val Accuracy: 4.32

Wrote Best Model Checkpoint to: vlBest_acc_4_model_epoch_0106.pyth

Best Validation Accuracy: 4.6
Best Epoch: 106

======== TESTING ========

Test Accuracy: 4.17.

======== ACTIVE SAMPLING ========

ProbCover adaptive delta: base=0.2500, effective=0.2125, scale=0.85, phase=post_label_shrink, labeled_count=50
Coverage selection metadata: active=False (mode=adaptive_density_cover, variant=unknown, delta=0.2125, phase=adaptive_signal, bald_mean=0.0000, bald_max=0.0000, variance_mean=0.0000, variance_max=0.0000, dropout_iters=0, cover_anchors=0, diversity_lambda=0.00, selected_id_mean=0.0000, selected_signal_mean=0.7878, selected_radius_mean=0.1730, k_id=50, k_knn=50, alpha=1.00)
Active Sampling Complete. After Episode 0:
New Labeled Set: 100, New Unlabeled Set: 44900, Active Set: 50

================================


Current accuracy values:  [4.170000000000002]
======== EPISODE 1 BEGINS ========

======== TRAINING ========
Training Epoch: 1/200	Train Loss: 7.2805	Val Accuracy: 0.0
Training Epoch: 2/200	Train Loss: 4.2667	Val Accuracy: 2.98
Training Epoch: 3/200	Train Loss: 2.3467	Val Accuracy: 2.98
Training Epoch: 4/200	Train Loss: 1.853	Val Accuracy: 3.08
Training Epoch: 5/200	Train Loss: 1.6978	Val Accuracy: 3.08
Training Epoch: 6/200	Train Loss: 1.6038	Val Accuracy: 2.84
Training Epoch: 7/200	Train Loss: 1.37	Val Accuracy: 2.84
Training Epoch: 8/200	Train Loss: 1.4041	Val Accuracy: 2.84
Training Epoch: 9/200	Train Loss: 1.1753	Val Accuracy: 2.84
Training Epoch: 10/200	Train Loss: 1.0105	Val Accuracy: 2.96
Training Epoch: 11/200	Train Loss: 0.9468	Val Accuracy: 2.96
Training Epoch: 12/200	Train Loss: 0.9088	Val Accuracy: 3.3
Training Epoch: 13/200	Train Loss: 0.8239	Val Accuracy: 3.3
Training Epoch: 14/200	Train Loss: 0.8315	Val Accuracy: 3.54
Training Epoch: 15/200	Train Loss: 0.6652	Val Accuracy: 3.54
Training Epoch: 16/200	Train Loss: 0.568	Val Accuracy: 3.86
Training Epoch: 17/200	Train Loss: 0.4961	Val Accuracy: 3.86
Training Epoch: 18/200	Train Loss: 0.4245	Val Accuracy: 3.84
Training Epoch: 19/200	Train Loss: 0.3514	Val Accuracy: 3.84
Training Epoch: 20/200	Train Loss: 0.3089	Val Accuracy: 4.32
Training Epoch: 21/200	Train Loss: 0.318	Val Accuracy: 4.32
Training Epoch: 22/200	Train Loss: 0.303	Val Accuracy: 4.42
Training Epoch: 23/200	Train Loss: 0.2171	Val Accuracy: 4.42
Training Epoch: 24/200	Train Loss: 0.1988	Val Accuracy: 4.52
Training Epoch: 25/200	Train Loss: 0.2069	Val Accuracy: 4.52
Training Epoch: 26/200	Train Loss: 0.1556	Val Accuracy: 4.4
Training Epoch: 27/200	Train Loss: 0.1333	Val Accuracy: 4.4
Training Epoch: 28/200	Train Loss: 0.0814	Val Accuracy: 4.46
Training Epoch: 29/200	Train Loss: 0.1319	Val Accuracy: 4.46
Training Epoch: 30/200	Train Loss: 0.0711	Val Accuracy: 4.56
Training Epoch: 31/200	Train Loss: 0.1247	Val Accuracy: 4.56
Training Epoch: 32/200	Train Loss: 0.0779	Val Accuracy: 4.56
Training Epoch: 33/200	Train Loss: 0.0969	Val Accuracy: 4.56
Training Epoch: 34/200	Train Loss: 0.0901	Val Accuracy: 4.52
Training Epoch: 35/200	Train Loss: 0.054	Val Accuracy: 4.52
Training Epoch: 36/200	Train Loss: 0.0622	Val Accuracy: 4.48
Training Epoch: 37/200	Train Loss: 0.0402	Val Accuracy: 4.48
Training Epoch: 38/200	Train Loss: 0.1227	Val Accuracy: 4.7
Training Epoch: 39/200	Train Loss: 0.0662	Val Accuracy: 4.7
Training Epoch: 40/200	Train Loss: 0.0416	Val Accuracy: 4.52
Training Epoch: 41/200	Train Loss: 0.0533	Val Accuracy: 4.52
Training Epoch: 42/200	Train Loss: 0.0368	Val Accuracy: 4.92
Training Epoch: 43/200	Train Loss: 0.0507	Val Accuracy: 4.92
Training Epoch: 44/200	Train Loss: 0.0544	Val Accuracy: 4.44
Training Epoch: 45/200	Train Loss: 0.0358	Val Accuracy: 4.44
Training Epoch: 46/200	Train Loss: 0.0384	Val Accuracy: 4.66
Training Epoch: 47/200	Train Loss: 0.094	Val Accuracy: 4.66
Training Epoch: 48/200	Train Loss: 0.0291	Val Accuracy: 4.6
Training Epoch: 49/200	Train Loss: 0.0239	Val Accuracy: 4.6
Training Epoch: 50/200	Train Loss: 0.0661	Val Accuracy: 4.58
Training Epoch: 51/200	Train Loss: 0.0271	Val Accuracy: 4.58
Training Epoch: 52/200	Train Loss: 0.0352	Val Accuracy: 4.36
Training Epoch: 53/200	Train Loss: 0.0134	Val Accuracy: 4.36
Training Epoch: 54/200	Train Loss: 0.0243	Val Accuracy: 4.52
Training Epoch: 55/200	Train Loss: 0.0357	Val Accuracy: 4.52
Training Epoch: 56/200	Train Loss: 0.0161	Val Accuracy: 4.8
Training Epoch: 57/200	Train Loss: 0.0199	Val Accuracy: 4.8
Training Epoch: 58/200	Train Loss: 0.0129	Val Accuracy: 4.92
Training Epoch: 59/200	Train Loss: 0.0262	Val Accuracy: 4.92
Training Epoch: 60/200	Train Loss: 0.0145	Val Accuracy: 4.56
Training Epoch: 61/200	Train Loss: 0.0154	Val Accuracy: 4.56
Training Epoch: 62/200	Train Loss: 0.0153	Val Accuracy: 4.82
Training Epoch: 63/200	Train Loss: 0.0123	Val Accuracy: 4.82
Training Epoch: 64/200	Train Loss: 0.0105	Val Accuracy: 4.9
Training Epoch: 65/200	Train Loss: 0.0309	Val Accuracy: 4.9
Training Epoch: 66/200	Train Loss: 0.0142	Val Accuracy: 4.78
Training Epoch: 67/200	Train Loss: 0.0152	Val Accuracy: 4.78
Training Epoch: 68/200	Train Loss: 0.0092	Val Accuracy: 4.62
Training Epoch: 69/200	Train Loss: 0.0104	Val Accuracy: 4.62
Training Epoch: 70/200	Train Loss: 0.0199	Val Accuracy: 4.6
Training Epoch: 71/200	Train Loss: 0.0125	Val Accuracy: 4.6
Training Epoch: 72/200	Train Loss: 0.0072	Val Accuracy: 4.76
Training Epoch: 73/200	Train Loss: 0.0307	Val Accuracy: 4.76
Training Epoch: 74/200	Train Loss: 0.0074	Val Accuracy: 4.64
Training Epoch: 75/200	Train Loss: 0.0063	Val Accuracy: 4.64
Training Epoch: 76/200	Train Loss: 0.0096	Val Accuracy: 4.82
Training Epoch: 77/200	Train Loss: 0.007	Val Accuracy: 4.82
Training Epoch: 78/200	Train Loss: 0.0431	Val Accuracy: 4.58
Training Epoch: 79/200	Train Loss: 0.0081	Val Accuracy: 4.58
Training Epoch: 80/200	Train Loss: 0.0081	Val Accuracy: 4.7
Training Epoch: 81/200	Train Loss: 0.0063	Val Accuracy: 4.7
Training Epoch: 82/200	Train Loss: 0.0093	Val Accuracy: 4.9
Training Epoch: 83/200	Train Loss: 0.018	Val Accuracy: 4.9
Training Epoch: 84/200	Train Loss: 0.0096	Val Accuracy: 4.78
Training Epoch: 85/200	Train Loss: 0.0092	Val Accuracy: 4.78
Training Epoch: 86/200	Train Loss: 0.0316	Val Accuracy: 4.72
Training Epoch: 87/200	Train Loss: 0.0108	Val Accuracy: 4.72
Training Epoch: 88/200	Train Loss: 0.0055	Val Accuracy: 4.6
Training Epoch: 89/200	Train Loss: 0.0066	Val Accuracy: 4.6
Training Epoch: 90/200	Train Loss: 0.0063	Val Accuracy: 4.54
Training Epoch: 91/200	Train Loss: 0.0103	Val Accuracy: 4.54
Training Epoch: 92/200	Train Loss: 0.0065	Val Accuracy: 4.64
Training Epoch: 93/200	Train Loss: 0.0056	Val Accuracy: 4.64
Training Epoch: 94/200	Train Loss: 0.0094	Val Accuracy: 4.76
Training Epoch: 95/200	Train Loss: 0.0063	Val Accuracy: 4.76
Training Epoch: 96/200	Train Loss: 0.0075	Val Accuracy: 4.66
Training Epoch: 97/200	Train Loss: 0.0059	Val Accuracy: 4.66
Training Epoch: 98/200	Train Loss: 0.0183	Val Accuracy: 4.6
Training Epoch: 99/200	Train Loss: 0.0065	Val Accuracy: 4.6
Training Epoch: 100/200	Train Loss: 0.006	Val Accuracy: 4.76
Training Epoch: 101/200	Train Loss: 0.0198	Val Accuracy: 4.76
Training Epoch: 102/200	Train Loss: 0.0067	Val Accuracy: 4.68
Training Epoch: 103/200	Train Loss: 0.0117	Val Accuracy: 4.68
Training Epoch: 104/200	Train Loss: 0.0085	Val Accuracy: 4.66
Training Epoch: 105/200	Train Loss: 0.0045	Val Accuracy: 4.66
Training Epoch: 106/200	Train Loss: 0.0086	Val Accuracy: 4.86
Training Epoch: 107/200	Train Loss: 0.0074	Val Accuracy: 4.86
Training Epoch: 108/200	Train Loss: 0.0062	Val Accuracy: 4.58
Training Epoch: 109/200	Train Loss: 0.0062	Val Accuracy: 4.58
Training Epoch: 110/200	Train Loss: 0.0058	Val Accuracy: 4.82
Training Epoch: 111/200	Train Loss: 0.0059	Val Accuracy: 4.82
Training Epoch: 112/200	Train Loss: 0.0062	Val Accuracy: 4.64
Training Epoch: 113/200	Train Loss: 0.0045	Val Accuracy: 4.64
Training Epoch: 114/200	Train Loss: 0.0052	Val Accuracy: 4.88
Training Epoch: 115/200	Train Loss: 0.0046	Val Accuracy: 4.88
Training Epoch: 116/200	Train Loss: 0.0036	Val Accuracy: 4.7
Training Epoch: 117/200	Train Loss: 0.0041	Val Accuracy: 4.7
Training Epoch: 118/200	Train Loss: 0.0049	Val Accuracy: 4.86
Training Epoch: 119/200	Train Loss: 0.0031	Val Accuracy: 4.86
Training Epoch: 120/200	Train Loss: 0.0025	Val Accuracy: 4.94
Training Epoch: 121/200	Train Loss: 0.0041	Val Accuracy: 4.94
Training Epoch: 122/200	Train Loss: 0.0054	Val Accuracy: 4.76
Training Epoch: 123/200	Train Loss: 0.003	Val Accuracy: 4.76
Training Epoch: 124/200	Train Loss: 0.0051	Val Accuracy: 4.62
Training Epoch: 125/200	Train Loss: 0.0026	Val Accuracy: 4.62
Training Epoch: 126/200	Train Loss: 0.0058	Val Accuracy: 4.72
Training Epoch: 127/200	Train Loss: 0.0027	Val Accuracy: 4.72
Training Epoch: 128/200	Train Loss: 0.0036	Val Accuracy: 4.66
Training Epoch: 129/200	Train Loss: 0.0041	Val Accuracy: 4.66
Training Epoch: 130/200	Train Loss: 0.0084	Val Accuracy: 4.86
Training Epoch: 131/200	Train Loss: 0.004	Val Accuracy: 4.86
Training Epoch: 132/200	Train Loss: 0.0067	Val Accuracy: 4.74
Training Epoch: 133/200	Train Loss: 0.0033	Val Accuracy: 4.74
Training Epoch: 134/200	Train Loss: 0.0029	Val Accuracy: 4.9
Training Epoch: 135/200	Train Loss: 0.0033	Val Accuracy: 4.9
Training Epoch: 136/200	Train Loss: 0.0034	Val Accuracy: 4.7
Training Epoch: 137/200	Train Loss: 0.0033	Val Accuracy: 4.7
Training Epoch: 138/200	Train Loss: 0.0046	Val Accuracy: 4.8
Training Epoch: 139/200	Train Loss: 0.0079	Val Accuracy: 4.8
Training Epoch: 140/200	Train Loss: 0.0052	Val Accuracy: 4.78
Training Epoch: 141/200	Train Loss: 0.0024	Val Accuracy: 4.78
Training Epoch: 142/200	Train Loss: 0.0051	Val Accuracy: 4.96
Training Epoch: 143/200	Train Loss: 0.0025	Val Accuracy: 4.96
Training Epoch: 144/200	Train Loss: 0.005	Val Accuracy: 4.88
Training Epoch: 145/200	Train Loss: 0.0032	Val Accuracy: 4.88
Training Epoch: 146/200	Train Loss: 0.0029	Val Accuracy: 4.76
Training Epoch: 147/200	Train Loss: 0.003	Val Accuracy: 4.76
Training Epoch: 148/200	Train Loss: 0.0022	Val Accuracy: 4.88
Training Epoch: 149/200	Train Loss: 0.0045	Val Accuracy: 4.88
Training Epoch: 150/200	Train Loss: 0.0029	Val Accuracy: 4.68
Training Epoch: 151/200	Train Loss: 0.0026	Val Accuracy: 4.68
Training Epoch: 152/200	Train Loss: 0.0027	Val Accuracy: 4.92
Training Epoch: 153/200	Train Loss: 0.0018	Val Accuracy: 4.92
Training Epoch: 154/200	Train Loss: 0.002	Val Accuracy: 4.96
Training Epoch: 155/200	Train Loss: 0.0048	Val Accuracy: 4.96
Training Epoch: 156/200	Train Loss: 0.003	Val Accuracy: 4.86
Training Epoch: 157/200	Train Loss: 0.003	Val Accuracy: 4.86
Training Epoch: 158/200	Train Loss: 0.0041	Val Accuracy: 4.68
Training Epoch: 159/200	Train Loss: 0.0039	Val Accuracy: 4.68
Training Epoch: 160/200	Train Loss: 0.0028	Val Accuracy: 4.88
Training Epoch: 161/200	Train Loss: 0.0032	Val Accuracy: 4.88
Training Epoch: 162/200	Train Loss: 0.0042	Val Accuracy: 4.76
Training Epoch: 163/200	Train Loss: 0.0024	Val Accuracy: 4.76
Training Epoch: 164/200	Train Loss: 0.0021	Val Accuracy: 4.78
Training Epoch: 165/200	Train Loss: 0.0033	Val Accuracy: 4.78
Training Epoch: 166/200	Train Loss: 0.0015	Val Accuracy: 4.6
Training Epoch: 167/200	Train Loss: 0.0027	Val Accuracy: 4.6
Training Epoch: 168/200	Train Loss: 0.0027	Val Accuracy: 4.72
Training Epoch: 169/200	Train Loss: 0.0032	Val Accuracy: 4.72
Training Epoch: 170/200	Train Loss: 0.0043	Val Accuracy: 4.88
Training Epoch: 171/200	Train Loss: 0.0022	Val Accuracy: 4.88
Training Epoch: 172/200	Train Loss: 0.0032	Val Accuracy: 4.66
Training Epoch: 173/200	Train Loss: 0.0037	Val Accuracy: 4.66
Training Epoch: 174/200	Train Loss: 0.0023	Val Accuracy: 4.9
Training Epoch: 175/200	Train Loss: 0.0016	Val Accuracy: 4.9
Training Epoch: 176/200	Train Loss: 0.0026	Val Accuracy: 4.6
Training Epoch: 177/200	Train Loss: 0.0023	Val Accuracy: 4.6
Training Epoch: 178/200	Train Loss: 0.0018	Val Accuracy: 4.9
Training Epoch: 179/200	Train Loss: 0.0016	Val Accuracy: 4.9
Training Epoch: 180/200	Train Loss: 0.0026	Val Accuracy: 4.78
Training Epoch: 181/200	Train Loss: 0.0022	Val Accuracy: 4.78
Training Epoch: 182/200	Train Loss: 0.0029	Val Accuracy: 4.66
Training Epoch: 183/200	Train Loss: 0.0031	Val Accuracy: 4.66
Training Epoch: 184/200	Train Loss: 0.0022	Val Accuracy: 4.8
Training Epoch: 185/200	Train Loss: 0.0036	Val Accuracy: 4.8
Training Epoch: 186/200	Train Loss: 0.004	Val Accuracy: 4.74
Training Epoch: 187/200	Train Loss: 0.0028	Val Accuracy: 4.74
Training Epoch: 188/200	Train Loss: 0.0027	Val Accuracy: 4.54
Training Epoch: 189/200	Train Loss: 0.0024	Val Accuracy: 4.54
Training Epoch: 190/200	Train Loss: 0.0028	Val Accuracy: 4.74
Training Epoch: 191/200	Train Loss: 0.0049	Val Accuracy: 4.74
Training Epoch: 192/200	Train Loss: 0.0021	Val Accuracy: 4.66
Training Epoch: 193/200	Train Loss: 0.0047	Val Accuracy: 4.66
Training Epoch: 194/200	Train Loss: 0.0021	Val Accuracy: 4.72
Training Epoch: 195/200	Train Loss: 0.0014	Val Accuracy: 4.72
Training Epoch: 196/200	Train Loss: 0.0024	Val Accuracy: 4.72
Training Epoch: 197/200	Train Loss: 0.0023	Val Accuracy: 4.72
Training Epoch: 198/200	Train Loss: 0.0026	Val Accuracy: 4.62
Training Epoch: 199/200	Train Loss: 0.002	Val Accuracy: 4.62
Training Epoch: 200/200	Train Loss: 0.0022	Val Accuracy: 4.76

Wrote Best Model Checkpoint to: vlBest_acc_4_model_epoch_0142.pyth

Best Validation Accuracy: 4.96
Best Epoch: 142

======== TESTING ========

Test Accuracy: 5.27.

======== ACTIVE SAMPLING ========

ProbCover adaptive delta: base=0.2500, effective=0.2125, scale=0.85, phase=post_label_shrink, labeled_count=100
Coverage selection metadata: active=False (mode=adaptive_density_cover, variant=unknown, delta=0.2125, phase=adaptive_signal, bald_mean=0.0000, bald_max=0.0000, variance_mean=0.0000, variance_max=0.0000, dropout_iters=0, cover_anchors=0, diversity_lambda=0.00, selected_id_mean=0.0000, selected_signal_mean=0.7082, selected_radius_mean=0.1917, k_id=50, k_knn=50, alpha=1.00)
Active Sampling Complete. After Episode 1:
New Labeled Set: 150, New Unlabeled Set: 44850, Active Set: 50

================================


Current accuracy values:  [4.170000000000002, 5.269999999999996]
======== EPISODE 2 BEGINS ========

======== TRAINING ========
Training Epoch: 1/200	Train Loss: 3.6436	Val Accuracy: 0.0
Training Epoch: 2/200	Train Loss: 2.6134	Val Accuracy: 4.58
Training Epoch: 3/200	Train Loss: 2.4639	Val Accuracy: 4.58
Training Epoch: 4/200	Train Loss: 1.7786	Val Accuracy: 3.86
Training Epoch: 5/200	Train Loss: 1.5217	Val Accuracy: 3.86
Training Epoch: 6/200	Train Loss: 1.449	Val Accuracy: 4.26
Training Epoch: 7/200	Train Loss: 1.4376	Val Accuracy: 4.26
Training Epoch: 8/200	Train Loss: 1.4357	Val Accuracy: 4.74
Training Epoch: 9/200	Train Loss: 1.2686	Val Accuracy: 4.74
Training Epoch: 10/200	Train Loss: 1.2984	Val Accuracy: 4.76
Training Epoch: 11/200	Train Loss: 1.1222	Val Accuracy: 4.76
Training Epoch: 12/200	Train Loss: 1.1627	Val Accuracy: 5.28
Training Epoch: 13/200	Train Loss: 1.1704	Val Accuracy: 5.28
Training Epoch: 14/200	Train Loss: 1.1119	Val Accuracy: 4.86
Training Epoch: 15/200	Train Loss: 0.8968	Val Accuracy: 4.86
Training Epoch: 16/200	Train Loss: 1.2311	Val Accuracy: 4.74
Training Epoch: 17/200	Train Loss: 0.894	Val Accuracy: 4.74
Training Epoch: 18/200	Train Loss: 0.6916	Val Accuracy: 4.76
Training Epoch: 19/200	Train Loss: 0.9075	Val Accuracy: 4.76
Training Epoch: 20/200	Train Loss: 0.6644	Val Accuracy: 5.28
Training Epoch: 21/200	Train Loss: 0.6561	Val Accuracy: 5.28
Training Epoch: 22/200	Train Loss: 0.8328	Val Accuracy: 5.0
Training Epoch: 23/200	Train Loss: 0.6894	Val Accuracy: 5.0
Training Epoch: 24/200	Train Loss: 0.6768	Val Accuracy: 5.38
Training Epoch: 25/200	Train Loss: 2.377	Val Accuracy: 5.38
Training Epoch: 26/200	Train Loss: 0.6285	Val Accuracy: 5.48
Training Epoch: 27/200	Train Loss: 0.6701	Val Accuracy: 5.48
Training Epoch: 28/200	Train Loss: 0.5405	Val Accuracy: 4.92
Training Epoch: 29/200	Train Loss: 0.9788	Val Accuracy: 4.92
Training Epoch: 30/200	Train Loss: 0.8639	Val Accuracy: 3.86
Training Epoch: 31/200	Train Loss: 0.4823	Val Accuracy: 3.86
Training Epoch: 32/200	Train Loss: 0.5271	Val Accuracy: 3.88
Training Epoch: 33/200	Train Loss: 0.4646	Val Accuracy: 3.88
Training Epoch: 34/200	Train Loss: 0.5365	Val Accuracy: 4.32
Training Epoch: 35/200	Train Loss: 0.4622	Val Accuracy: 4.32
Training Epoch: 36/200	Train Loss: 0.5194	Val Accuracy: 4.12
Training Epoch: 37/200	Train Loss: 0.4578	Val Accuracy: 4.12
Training Epoch: 38/200	Train Loss: 0.5582	Val Accuracy: 4.32
Training Epoch: 39/200	Train Loss: 0.4253	Val Accuracy: 4.32
Training Epoch: 40/200	Train Loss: 0.4537	Val Accuracy: 4.54
Training Epoch: 41/200	Train Loss: 0.388	Val Accuracy: 4.54
Training Epoch: 42/200	Train Loss: 0.2595	Val Accuracy: 4.56
Training Epoch: 43/200	Train Loss: 0.2968	Val Accuracy: 4.56
Training Epoch: 44/200	Train Loss: 0.2167	Val Accuracy: 4.92
Training Epoch: 45/200	Train Loss: 0.274	Val Accuracy: 4.92
Training Epoch: 46/200	Train Loss: 0.2557	Val Accuracy: 5.18
Training Epoch: 47/200	Train Loss: 0.2536	Val Accuracy: 5.18
Training Epoch: 48/200	Train Loss: 0.3542	Val Accuracy: 4.7
Training Epoch: 49/200	Train Loss: 0.2503	Val Accuracy: 4.7
Training Epoch: 50/200	Train Loss: 0.2665	Val Accuracy: 4.82
Training Epoch: 51/200	Train Loss: 0.1546	Val Accuracy: 4.82
Training Epoch: 52/200	Train Loss: 0.16	Val Accuracy: 4.94
Training Epoch: 53/200	Train Loss: 0.2479	Val Accuracy: 4.94
Training Epoch: 54/200	Train Loss: 0.203	Val Accuracy: 5.04
Training Epoch: 55/200	Train Loss: 0.2524	Val Accuracy: 5.04
Training Epoch: 56/200	Train Loss: 0.2381	Val Accuracy: 5.16
Training Epoch: 57/200	Train Loss: 0.1459	Val Accuracy: 5.16
Training Epoch: 58/200	Train Loss: 0.1869	Val Accuracy: 5.04
Training Epoch: 59/200	Train Loss: 0.1917	Val Accuracy: 5.04
Training Epoch: 60/200	Train Loss: 0.2216	Val Accuracy: 4.94
Training Epoch: 61/200	Train Loss: 0.2411	Val Accuracy: 4.94
Training Epoch: 62/200	Train Loss: 0.1766	Val Accuracy: 5.0
Training Epoch: 63/200	Train Loss: 0.2212	Val Accuracy: 5.0
Training Epoch: 64/200	Train Loss: 0.1531	Val Accuracy: 5.1
Training Epoch: 65/200	Train Loss: 0.1096	Val Accuracy: 5.1
Training Epoch: 66/200	Train Loss: 0.0822	Val Accuracy: 4.96
Training Epoch: 67/200	Train Loss: 0.1044	Val Accuracy: 4.96
Training Epoch: 68/200	Train Loss: 0.1657	Val Accuracy: 4.62
Training Epoch: 69/200	Train Loss: 0.2037	Val Accuracy: 4.62
Training Epoch: 70/200	Train Loss: 0.0597	Val Accuracy: 4.78
Training Epoch: 71/200	Train Loss: 0.1685	Val Accuracy: 4.78
Training Epoch: 72/200	Train Loss: 0.0991	Val Accuracy: 4.94
Training Epoch: 73/200	Train Loss: 0.1311	Val Accuracy: 4.94
Training Epoch: 74/200	Train Loss: 0.0862	Val Accuracy: 5.22
Training Epoch: 75/200	Train Loss: 0.0908	Val Accuracy: 5.22
Training Epoch: 76/200	Train Loss: 0.0539	Val Accuracy: 5.32
Training Epoch: 77/200	Train Loss: 0.0723	Val Accuracy: 5.32
Training Epoch: 78/200	Train Loss: 0.0492	Val Accuracy: 5.02
Training Epoch: 79/200	Train Loss: 0.0467	Val Accuracy: 5.02
Training Epoch: 80/200	Train Loss: 0.029	Val Accuracy: 5.34
Training Epoch: 81/200	Train Loss: 0.1253	Val Accuracy: 5.34
Training Epoch: 82/200	Train Loss: 0.1191	Val Accuracy: 5.4
Training Epoch: 83/200	Train Loss: 0.084	Val Accuracy: 5.4
Training Epoch: 84/200	Train Loss: 0.0692	Val Accuracy: 4.84
Training Epoch: 85/200	Train Loss: 5.255	Val Accuracy: 4.84
Training Epoch: 86/200	Train Loss: 0.4766	Val Accuracy: 5.26
Training Epoch: 87/200	Train Loss: 0.4071	Val Accuracy: 5.26
Training Epoch: 88/200	Train Loss: 0.1291	Val Accuracy: 5.28
Training Epoch: 89/200	Train Loss: 0.1011	Val Accuracy: 5.28
Training Epoch: 90/200	Train Loss: 0.1115	Val Accuracy: 5.24
Training Epoch: 91/200	Train Loss: 0.1644	Val Accuracy: 5.24
Training Epoch: 92/200	Train Loss: 7.2354	Val Accuracy: 5.14
Training Epoch: 93/200	Train Loss: 1.2926	Val Accuracy: 5.14
Training Epoch: 94/200	Train Loss: 1.2088	Val Accuracy: 4.9
Training Epoch: 95/200	Train Loss: 0.2987	Val Accuracy: 4.9
Training Epoch: 96/200	Train Loss: 0.2589	Val Accuracy: 4.92
Training Epoch: 97/200	Train Loss: 0.2251	Val Accuracy: 4.92
Training Epoch: 98/200	Train Loss: 0.1596	Val Accuracy: 4.9
Training Epoch: 99/200	Train Loss: 0.1647	Val Accuracy: 4.9
Training Epoch: 100/200	Train Loss: 0.1499	Val Accuracy: 4.92
Training Epoch: 101/200	Train Loss: 0.1014	Val Accuracy: 4.92
Training Epoch: 102/200	Train Loss: 0.2485	Val Accuracy: 4.84
Training Epoch: 103/200	Train Loss: 0.1724	Val Accuracy: 4.84
Training Epoch: 104/200	Train Loss: 0.0753	Val Accuracy: 5.02
Training Epoch: 105/200	Train Loss: 0.1104	Val Accuracy: 5.02
Training Epoch: 106/200	Train Loss: 0.1255	Val Accuracy: 4.9
Training Epoch: 107/200	Train Loss: 0.1145	Val Accuracy: 4.9
Training Epoch: 108/200	Train Loss: 0.0908	Val Accuracy: 4.72
Training Epoch: 109/200	Train Loss: 0.0896	Val Accuracy: 4.72
Training Epoch: 110/200	Train Loss: 0.12	Val Accuracy: 5.04
Training Epoch: 111/200	Train Loss: 0.1008	Val Accuracy: 5.04
Training Epoch: 112/200	Train Loss: 0.117	Val Accuracy: 5.0
Training Epoch: 113/200	Train Loss: 0.128	Val Accuracy: 5.0
Training Epoch: 114/200	Train Loss: 0.0713	Val Accuracy: 5.16
Training Epoch: 115/200	Train Loss: 0.1215	Val Accuracy: 5.16
Training Epoch: 116/200	Train Loss: 0.0563	Val Accuracy: 5.46
Training Epoch: 117/200	Train Loss: 0.057	Val Accuracy: 5.46
Training Epoch: 118/200	Train Loss: 0.1432	Val Accuracy: 5.2
Training Epoch: 119/200	Train Loss: 0.0819	Val Accuracy: 5.2
Training Epoch: 120/200	Train Loss: 0.0377	Val Accuracy: 5.0
Training Epoch: 121/200	Train Loss: 0.0632	Val Accuracy: 5.0
Training Epoch: 122/200	Train Loss: 0.0438	Val Accuracy: 5.36
Training Epoch: 123/200	Train Loss: 0.083	Val Accuracy: 5.36
Training Epoch: 124/200	Train Loss: 0.0792	Val Accuracy: 5.6
Training Epoch: 125/200	Train Loss: 0.0272	Val Accuracy: 5.6
Training Epoch: 126/200	Train Loss: 0.0599	Val Accuracy: 5.48
Training Epoch: 127/200	Train Loss: 0.053	Val Accuracy: 5.48
Training Epoch: 128/200	Train Loss: 0.0772	Val Accuracy: 5.46
Training Epoch: 129/200	Train Loss: 0.0676	Val Accuracy: 5.46
Training Epoch: 130/200	Train Loss: 0.043	Val Accuracy: 5.6
Training Epoch: 131/200	Train Loss: 0.0301	Val Accuracy: 5.6
Training Epoch: 132/200	Train Loss: 0.0424	Val Accuracy: 5.52
Training Epoch: 133/200	Train Loss: 0.033	Val Accuracy: 5.52
Training Epoch: 134/200	Train Loss: 0.0389	Val Accuracy: 5.84
Training Epoch: 135/200	Train Loss: 0.0497	Val Accuracy: 5.84
Training Epoch: 136/200	Train Loss: 0.0263	Val Accuracy: 5.46
Training Epoch: 137/200	Train Loss: 0.0274	Val Accuracy: 5.46
Training Epoch: 138/200	Train Loss: 0.0359	Val Accuracy: 5.4
Training Epoch: 139/200	Train Loss: 0.0207	Val Accuracy: 5.4
Training Epoch: 140/200	Train Loss: 0.0177	Val Accuracy: 5.54
Training Epoch: 141/200	Train Loss: 0.0245	Val Accuracy: 5.54
Training Epoch: 142/200	Train Loss: 0.0416	Val Accuracy: 5.58
Training Epoch: 143/200	Train Loss: 0.0553	Val Accuracy: 5.58
Training Epoch: 144/200	Train Loss: 0.0329	Val Accuracy: 5.56
Training Epoch: 145/200	Train Loss: 0.0269	Val Accuracy: 5.56
Training Epoch: 146/200	Train Loss: 0.0227	Val Accuracy: 5.74
Training Epoch: 147/200	Train Loss: 0.0263	Val Accuracy: 5.74
Training Epoch: 148/200	Train Loss: 0.0299	Val Accuracy: 5.66
Training Epoch: 149/200	Train Loss: 0.0214	Val Accuracy: 5.66
Training Epoch: 150/200	Train Loss: 0.0835	Val Accuracy: 6.0
Training Epoch: 151/200	Train Loss: 0.0259	Val Accuracy: 6.0
Training Epoch: 152/200	Train Loss: 0.0155	Val Accuracy: 5.52
Training Epoch: 153/200	Train Loss: 0.0214	Val Accuracy: 5.52
Training Epoch: 154/200	Train Loss: 2.8793	Val Accuracy: 5.3
Training Epoch: 155/200	Train Loss: 0.0423	Val Accuracy: 5.3
Training Epoch: 156/200	Train Loss: 0.0458	Val Accuracy: 5.18
Training Epoch: 157/200	Train Loss: 0.0402	Val Accuracy: 5.18
Training Epoch: 158/200	Train Loss: 1.9576	Val Accuracy: 4.88
Training Epoch: 159/200	Train Loss: 0.2086	Val Accuracy: 4.88
Training Epoch: 160/200	Train Loss: 0.5514	Val Accuracy: 4.28
Training Epoch: 161/200	Train Loss: 0.3587	Val Accuracy: 4.28
Training Epoch: 162/200	Train Loss: 0.4527	Val Accuracy: 3.68
Training Epoch: 163/200	Train Loss: 0.4039	Val Accuracy: 3.68
Training Epoch: 164/200	Train Loss: 0.7328	Val Accuracy: 3.9
Training Epoch: 165/200	Train Loss: 0.3403	Val Accuracy: 3.9
Training Epoch: 166/200	Train Loss: 0.2698	Val Accuracy: 4.04
Training Epoch: 167/200	Train Loss: 0.2897	Val Accuracy: 4.04
Training Epoch: 168/200	Train Loss: 0.2769	Val Accuracy: 4.38
Training Epoch: 169/200	Train Loss: 0.1098	Val Accuracy: 4.38
Training Epoch: 170/200	Train Loss: 0.1978	Val Accuracy: 4.4
Training Epoch: 171/200	Train Loss: 0.2171	Val Accuracy: 4.4
Training Epoch: 172/200	Train Loss: 0.2343	Val Accuracy: 4.74
Training Epoch: 173/200	Train Loss: 0.1281	Val Accuracy: 4.74
Training Epoch: 174/200	Train Loss: 0.2141	Val Accuracy: 4.78
Training Epoch: 175/200	Train Loss: 0.1167	Val Accuracy: 4.78
Training Epoch: 176/200	Train Loss: 0.1649	Val Accuracy: 4.92
Training Epoch: 177/200	Train Loss: 0.1386	Val Accuracy: 4.92
Training Epoch: 178/200	Train Loss: 0.1381	Val Accuracy: 5.14
Training Epoch: 179/200	Train Loss: 0.1063	Val Accuracy: 5.14
Training Epoch: 180/200	Train Loss: 0.0764	Val Accuracy: 5.26
Training Epoch: 181/200	Train Loss: 0.1088	Val Accuracy: 5.26
Training Epoch: 182/200	Train Loss: 0.2469	Val Accuracy: 4.9
Training Epoch: 183/200	Train Loss: 0.1333	Val Accuracy: 4.9
Training Epoch: 184/200	Train Loss: 0.0608	Val Accuracy: 5.18
Training Epoch: 185/200	Train Loss: 0.3865	Val Accuracy: 5.18
Training Epoch: 186/200	Train Loss: 0.0936	Val Accuracy: 5.14
Training Epoch: 187/200	Train Loss: 0.1658	Val Accuracy: 5.14
Training Epoch: 188/200	Train Loss: 0.0589	Val Accuracy: 5.36
Training Epoch: 189/200	Train Loss: 0.1035	Val Accuracy: 5.36
Training Epoch: 190/200	Train Loss: 0.1321	Val Accuracy: 5.2
Training Epoch: 191/200	Train Loss: 0.0554	Val Accuracy: 5.2
Training Epoch: 192/200	Train Loss: 0.1244	Val Accuracy: 5.2
Training Epoch: 193/200	Train Loss: 0.0729	Val Accuracy: 5.2
Training Epoch: 194/200	Train Loss: 0.0794	Val Accuracy: 5.4
Training Epoch: 195/200	Train Loss: 0.2333	Val Accuracy: 5.4
Training Epoch: 196/200	Train Loss: 0.0571	Val Accuracy: 5.18
Training Epoch: 197/200	Train Loss: 0.1023	Val Accuracy: 5.18
Training Epoch: 198/200	Train Loss: 0.1193	Val Accuracy: 5.1
Training Epoch: 199/200	Train Loss: 0.0498	Val Accuracy: 5.1
Training Epoch: 200/200	Train Loss: 0.0567	Val Accuracy: 5.1

Wrote Best Model Checkpoint to: vlBest_acc_6_model_epoch_0150.pyth

Best Validation Accuracy: 6.0
Best Epoch: 150

======== TESTING ========

Test Accuracy: 5.62.

======== ACTIVE SAMPLING ========

ProbCover adaptive delta: base=0.2500, effective=0.2125, scale=0.85, phase=post_label_shrink, labeled_count=150
Coverage selection metadata: active=False (mode=adaptive_density_cover, variant=unknown, delta=0.2125, phase=adaptive_signal, bald_mean=0.0000, bald_max=0.0000, variance_mean=0.0000, variance_max=0.0000, dropout_iters=0, cover_anchors=0, diversity_lambda=0.00, selected_id_mean=0.0000, selected_signal_mean=0.6559, selected_radius_mean=0.2069, k_id=50, k_knn=50, alpha=1.00)
Active Sampling Complete. After Episode 2:
New Labeled Set: 200, New Unlabeled Set: 44800, Active Set: 50

================================


Current accuracy values:  [4.170000000000002, 5.269999999999996, 5.6200000000000045]
======== EPISODE 3 BEGINS ========

======== TRAINING ========
Training Epoch: 1/200	Train Loss: 2.4032	Val Accuracy: 0.0
Training Epoch: 2/200	Train Loss: 1.6556	Val Accuracy: 4.9
Training Epoch: 3/200	Train Loss: 1.8999	Val Accuracy: 4.9
Training Epoch: 4/200	Train Loss: 1.736	Val Accuracy: 4.88
Training Epoch: 5/200	Train Loss: 1.3886	Val Accuracy: 4.88
Training Epoch: 6/200	Train Loss: 1.3038	Val Accuracy: 4.88
Training Epoch: 7/200	Train Loss: 1.3445	Val Accuracy: 4.88
Training Epoch: 8/200	Train Loss: 0.9126	Val Accuracy: 4.78
Training Epoch: 9/200	Train Loss: 0.7297	Val Accuracy: 4.78
Training Epoch: 10/200	Train Loss: 0.7549	Val Accuracy: 5.7
Training Epoch: 11/200	Train Loss: 1.1565	Val Accuracy: 5.7
Training Epoch: 12/200	Train Loss: 0.7435	Val Accuracy: 5.12
Training Epoch: 13/200	Train Loss: 0.7346	Val Accuracy: 5.12
Training Epoch: 14/200	Train Loss: 0.4339	Val Accuracy: 5.44
Training Epoch: 15/200	Train Loss: 0.5094	Val Accuracy: 5.44
Training Epoch: 16/200	Train Loss: 3.7628	Val Accuracy: 5.28
Training Epoch: 17/200	Train Loss: 1.9713	Val Accuracy: 5.28
Training Epoch: 18/200	Train Loss: 0.4319	Val Accuracy: 5.22
Training Epoch: 19/200	Train Loss: 0.4076	Val Accuracy: 5.22
Training Epoch: 20/200	Train Loss: 0.3487	Val Accuracy: 5.72
Training Epoch: 21/200	Train Loss: 0.2792	Val Accuracy: 5.72
Training Epoch: 22/200	Train Loss: 0.2088	Val Accuracy: 5.9
Training Epoch: 23/200	Train Loss: 0.2913	Val Accuracy: 5.9
Training Epoch: 24/200	Train Loss: 0.2153	Val Accuracy: 5.38
Training Epoch: 25/200	Train Loss: 0.2864	Val Accuracy: 5.38
Training Epoch: 26/200	Train Loss: 0.3947	Val Accuracy: 5.64
Training Epoch: 27/200	Train Loss: 0.4443	Val Accuracy: 5.64
Training Epoch: 28/200	Train Loss: 0.195	Val Accuracy: 5.88
Training Epoch: 29/200	Train Loss: 0.1472	Val Accuracy: 5.88
Training Epoch: 30/200	Train Loss: 0.1747	Val Accuracy: 5.8
Training Epoch: 31/200	Train Loss: 0.2552	Val Accuracy: 5.8
Training Epoch: 32/200	Train Loss: 0.1484	Val Accuracy: 5.42
Training Epoch: 33/200	Train Loss: 0.2205	Val Accuracy: 5.42
Training Epoch: 34/200	Train Loss: 0.1297	Val Accuracy: 5.68
Training Epoch: 35/200	Train Loss: 0.1377	Val Accuracy: 5.68
Training Epoch: 36/200	Train Loss: 10.1636	Val Accuracy: 4.62
Training Epoch: 37/200	Train Loss: 1.5934	Val Accuracy: 4.62
Training Epoch: 38/200	Train Loss: 2.2479	Val Accuracy: 2.92
Training Epoch: 39/200	Train Loss: 2.3021	Val Accuracy: 2.92
Training Epoch: 40/200	Train Loss: 7.6288	Val Accuracy: 2.8
Training Epoch: 41/200	Train Loss: 0.9809	Val Accuracy: 2.8
Training Epoch: 42/200	Train Loss: 2.1498	Val Accuracy: 4.1
Training Epoch: 43/200	Train Loss: 0.9827	Val Accuracy: 4.1
Training Epoch: 44/200	Train Loss: 0.7916	Val Accuracy: 4.54
Training Epoch: 45/200	Train Loss: 1.2176	Val Accuracy: 4.54
Training Epoch: 46/200	Train Loss: 0.7348	Val Accuracy: 4.94
Training Epoch: 47/200	Train Loss: 0.5358	Val Accuracy: 4.94
Training Epoch: 48/200	Train Loss: 0.5711	Val Accuracy: 4.76
Training Epoch: 49/200	Train Loss: 6.7087	Val Accuracy: 4.76
Training Epoch: 50/200	Train Loss: 0.6013	Val Accuracy: 5.12
Training Epoch: 51/200	Train Loss: 0.4762	Val Accuracy: 5.12
Training Epoch: 52/200	Train Loss: 2.7972	Val Accuracy: 5.7
Training Epoch: 53/200	Train Loss: 0.3196	Val Accuracy: 5.7
Training Epoch: 54/200	Train Loss: 0.2787	Val Accuracy: 5.32
Training Epoch: 55/200	Train Loss: 0.2995	Val Accuracy: 5.32
Training Epoch: 56/200	Train Loss: 0.637	Val Accuracy: 5.44
Training Epoch: 57/200	Train Loss: 1.6503	Val Accuracy: 5.44
Training Epoch: 58/200	Train Loss: 0.391	Val Accuracy: 5.2
Training Epoch: 59/200	Train Loss: 0.1775	Val Accuracy: 5.2
Training Epoch: 60/200	Train Loss: 0.276	Val Accuracy: 5.48
Training Epoch: 61/200	Train Loss: 0.1985	Val Accuracy: 5.48
Training Epoch: 62/200	Train Loss: 0.3225	Val Accuracy: 5.86
Training Epoch: 63/200	Train Loss: 6.0753	Val Accuracy: 5.86
Training Epoch: 64/200	Train Loss: 0.4124	Val Accuracy: 5.92
Training Epoch: 65/200	Train Loss: 0.2907	Val Accuracy: 5.92
Training Epoch: 66/200	Train Loss: 0.3506	Val Accuracy: 5.78
Training Epoch: 67/200	Train Loss: 0.5004	Val Accuracy: 5.78
Training Epoch: 68/200	Train Loss: 0.4216	Val Accuracy: 5.98
Training Epoch: 69/200	Train Loss: 0.3563	Val Accuracy: 5.98
Training Epoch: 70/200	Train Loss: 9.5525	Val Accuracy: 5.5
Training Epoch: 71/200	Train Loss: 0.2143	Val Accuracy: 5.5
Training Epoch: 72/200	Train Loss: 8.3838	Val Accuracy: 5.48
Training Epoch: 73/200	Train Loss: 0.2775	Val Accuracy: 5.48
Training Epoch: 74/200	Train Loss: 4.9506	Val Accuracy: 6.0
Training Epoch: 75/200	Train Loss: 0.0938	Val Accuracy: 6.0
Training Epoch: 76/200	Train Loss: 0.2295	Val Accuracy: 5.9
Training Epoch: 77/200	Train Loss: 4.0961	Val Accuracy: 5.9
Training Epoch: 78/200	Train Loss: 2.5279	Val Accuracy: 5.36
Training Epoch: 79/200	Train Loss: 0.1386	Val Accuracy: 5.36
Training Epoch: 80/200	Train Loss: 1.2607	Val Accuracy: 5.84
Training Epoch: 81/200	Train Loss: 0.3455	Val Accuracy: 5.84
Training Epoch: 82/200	Train Loss: 0.2665	Val Accuracy: 5.6
Training Epoch: 83/200	Train Loss: 0.1858	Val Accuracy: 5.6
Training Epoch: 84/200	Train Loss: 0.1233	Val Accuracy: 5.58
Training Epoch: 85/200	Train Loss: 0.2244	Val Accuracy: 5.58
Training Epoch: 86/200	Train Loss: 0.2052	Val Accuracy: 5.66
Training Epoch: 87/200	Train Loss: 0.0547	Val Accuracy: 5.66
Training Epoch: 88/200	Train Loss: 0.1187	Val Accuracy: 5.9
Training Epoch: 89/200	Train Loss: 9.4818	Val Accuracy: 5.9
Training Epoch: 90/200	Train Loss: 0.0975	Val Accuracy: 6.08
Training Epoch: 91/200	Train Loss: 0.2151	Val Accuracy: 6.08
Training Epoch: 92/200	Train Loss: 0.0979	Val Accuracy: 6.16
Training Epoch: 93/200	Train Loss: 0.1737	Val Accuracy: 6.16
Training Epoch: 94/200	Train Loss: 1.369	Val Accuracy: 5.7
Training Epoch: 95/200	Train Loss: 0.1821	Val Accuracy: 5.7
Training Epoch: 96/200	Train Loss: 0.1201	Val Accuracy: 6.06
Training Epoch: 97/200	Train Loss: 0.18	Val Accuracy: 6.06
Training Epoch: 98/200	Train Loss: 0.0954	Val Accuracy: 6.22
Training Epoch: 99/200	Train Loss: 0.0251	Val Accuracy: 6.22
Training Epoch: 100/200	Train Loss: 0.0396	Val Accuracy: 5.98
Training Epoch: 101/200	Train Loss: 6.8782	Val Accuracy: 5.98
Training Epoch: 102/200	Train Loss: 0.0973	Val Accuracy: 6.02
Training Epoch: 103/200	Train Loss: 0.0229	Val Accuracy: 6.02
Training Epoch: 104/200	Train Loss: 0.0991	Val Accuracy: 6.12
Training Epoch: 105/200	Train Loss: 0.0295	Val Accuracy: 6.12
Training Epoch: 106/200	Train Loss: 0.0183	Val Accuracy: 5.9
Training Epoch: 107/200	Train Loss: 0.028	Val Accuracy: 5.9
Training Epoch: 108/200	Train Loss: 0.038	Val Accuracy: 6.02
Training Epoch: 109/200	Train Loss: 0.0188	Val Accuracy: 6.02
Training Epoch: 110/200	Train Loss: 0.0376	Val Accuracy: 6.26
Training Epoch: 111/200	Train Loss: 0.0788	Val Accuracy: 6.26
Training Epoch: 112/200	Train Loss: 0.0423	Val Accuracy: 5.86
Training Epoch: 113/200	Train Loss: 0.0777	Val Accuracy: 5.86
Training Epoch: 114/200	Train Loss: 0.0814	Val Accuracy: 5.76
Training Epoch: 115/200	Train Loss: 0.0216	Val Accuracy: 5.76
Training Epoch: 116/200	Train Loss: 0.02	Val Accuracy: 6.06
Training Epoch: 117/200	Train Loss: 0.0741	Val Accuracy: 6.06
Training Epoch: 118/200	Train Loss: 0.0248	Val Accuracy: 6.16
Training Epoch: 119/200	Train Loss: 0.0227	Val Accuracy: 6.16
Training Epoch: 120/200	Train Loss: 0.017	Val Accuracy: 6.02
Training Epoch: 121/200	Train Loss: 0.0329	Val Accuracy: 6.02
Training Epoch: 122/200	Train Loss: 0.0076	Val Accuracy: 5.78
Training Epoch: 123/200	Train Loss: 0.0229	Val Accuracy: 5.78
Training Epoch: 124/200	Train Loss: 0.015	Val Accuracy: 6.18
Training Epoch: 125/200	Train Loss: 0.0177	Val Accuracy: 6.18
Training Epoch: 126/200	Train Loss: 0.0204	Val Accuracy: 6.46
Training Epoch: 127/200	Train Loss: 0.0177	Val Accuracy: 6.46
Training Epoch: 128/200	Train Loss: 0.0325	Val Accuracy: 6.04
Training Epoch: 129/200	Train Loss: 0.0179	Val Accuracy: 6.04
Training Epoch: 130/200	Train Loss: 0.0094	Val Accuracy: 5.76
Training Epoch: 131/200	Train Loss: 0.0299	Val Accuracy: 5.76
Training Epoch: 132/200	Train Loss: 0.01	Val Accuracy: 6.24
Training Epoch: 133/200	Train Loss: 0.0196	Val Accuracy: 6.24
Training Epoch: 134/200	Train Loss: 0.0068	Val Accuracy: 6.02
Training Epoch: 135/200	Train Loss: 0.0162	Val Accuracy: 6.02
Training Epoch: 136/200	Train Loss: 0.0471	Val Accuracy: 5.52
Training Epoch: 137/200	Train Loss: 0.008	Val Accuracy: 5.52
Training Epoch: 138/200	Train Loss: 0.0495	Val Accuracy: 5.82
Training Epoch: 139/200	Train Loss: 0.0069	Val Accuracy: 5.82
Training Epoch: 140/200	Train Loss: 0.0173	Val Accuracy: 5.8
Training Epoch: 141/200	Train Loss: 0.0263	Val Accuracy: 5.8
Training Epoch: 142/200	Train Loss: 0.0979	Val Accuracy: 6.22
Training Epoch: 143/200	Train Loss: 4.6067	Val Accuracy: 6.22
Training Epoch: 144/200	Train Loss: 0.0106	Val Accuracy: 6.34
Training Epoch: 145/200	Train Loss: 0.0191	Val Accuracy: 6.34
Training Epoch: 146/200	Train Loss: 0.0233	Val Accuracy: 5.92
Training Epoch: 147/200	Train Loss: 0.0483	Val Accuracy: 5.92
Training Epoch: 148/200	Train Loss: 0.1078	Val Accuracy: 5.96
Training Epoch: 149/200	Train Loss: 0.0086	Val Accuracy: 5.96
Training Epoch: 150/200	Train Loss: 2.8761	Val Accuracy: 6.24
Training Epoch: 151/200	Train Loss: 0.0044	Val Accuracy: 6.24
Training Epoch: 152/200	Train Loss: 0.5901	Val Accuracy: 5.92
Training Epoch: 153/200	Train Loss: 0.0049	Val Accuracy: 5.92
Training Epoch: 154/200	Train Loss: 0.0054	Val Accuracy: 6.18
Training Epoch: 155/200	Train Loss: 0.0632	Val Accuracy: 6.18
Training Epoch: 156/200	Train Loss: 0.0398	Val Accuracy: 5.78
Training Epoch: 157/200	Train Loss: 0.0118	Val Accuracy: 5.78
Training Epoch: 158/200	Train Loss: 0.0131	Val Accuracy: 5.76
Training Epoch: 159/200	Train Loss: 0.0059	Val Accuracy: 5.76
Training Epoch: 160/200	Train Loss: 0.007	Val Accuracy: 5.92
Training Epoch: 161/200	Train Loss: 0.8716	Val Accuracy: 5.92
Training Epoch: 162/200	Train Loss: 2.4607	Val Accuracy: 5.92
Training Epoch: 163/200	Train Loss: 0.0152	Val Accuracy: 5.92
Training Epoch: 164/200	Train Loss: 0.0118	Val Accuracy: 5.84
Training Epoch: 165/200	Train Loss: 0.004	Val Accuracy: 5.84
Training Epoch: 166/200	Train Loss: 0.0579	Val Accuracy: 5.76
Training Epoch: 167/200	Train Loss: 0.0238	Val Accuracy: 5.76
Training Epoch: 168/200	Train Loss: 0.0345	Val Accuracy: 6.06
Training Epoch: 169/200	Train Loss: 0.0027	Val Accuracy: 6.06
Training Epoch: 170/200	Train Loss: 0.0124	Val Accuracy: 6.0
Training Epoch: 171/200	Train Loss: 0.0134	Val Accuracy: 6.0
Training Epoch: 172/200	Train Loss: 0.0181	Val Accuracy: 5.88
Training Epoch: 173/200	Train Loss: 0.0328	Val Accuracy: 5.88
Training Epoch: 174/200	Train Loss: 0.0114	Val Accuracy: 6.08
Training Epoch: 175/200	Train Loss: 0.0042	Val Accuracy: 6.08
Training Epoch: 176/200	Train Loss: 0.0156	Val Accuracy: 6.08
Training Epoch: 177/200	Train Loss: 0.0304	Val Accuracy: 6.08
Training Epoch: 178/200	Train Loss: 2.7286	Val Accuracy: 5.94
Training Epoch: 179/200	Train Loss: 0.0943	Val Accuracy: 5.94
Training Epoch: 180/200	Train Loss: 0.0177	Val Accuracy: 6.04
Training Epoch: 181/200	Train Loss: 0.0264	Val Accuracy: 6.04
Training Epoch: 182/200	Train Loss: 0.2376	Val Accuracy: 6.0
Training Epoch: 183/200	Train Loss: 0.0179	Val Accuracy: 6.0
Training Epoch: 184/200	Train Loss: 0.0071	Val Accuracy: 5.82
Training Epoch: 185/200	Train Loss: 0.039	Val Accuracy: 5.82
Training Epoch: 186/200	Train Loss: 0.0251	Val Accuracy: 5.96
Training Epoch: 187/200	Train Loss: 2.0267	Val Accuracy: 5.96
Training Epoch: 188/200	Train Loss: 0.0048	Val Accuracy: 6.18
Training Epoch: 189/200	Train Loss: 0.0186	Val Accuracy: 6.18
Training Epoch: 190/200	Train Loss: 1.6873	Val Accuracy: 5.78
Training Epoch: 191/200	Train Loss: 0.0073	Val Accuracy: 5.78
Training Epoch: 192/200	Train Loss: 0.0352	Val Accuracy: 6.14
Training Epoch: 193/200	Train Loss: 0.0028	Val Accuracy: 6.14
Training Epoch: 194/200	Train Loss: 0.0079	Val Accuracy: 6.28
Training Epoch: 195/200	Train Loss: 3.1682	Val Accuracy: 6.28
Training Epoch: 196/200	Train Loss: 0.112	Val Accuracy: 5.96
Training Epoch: 197/200	Train Loss: 0.03	Val Accuracy: 5.96
Training Epoch: 198/200	Train Loss: 0.0076	Val Accuracy: 5.9
Training Epoch: 199/200	Train Loss: 0.1932	Val Accuracy: 5.9
Training Epoch: 200/200	Train Loss: 0.0301	Val Accuracy: 6.32

Wrote Best Model Checkpoint to: vlBest_acc_6_model_epoch_0126.pyth

Best Validation Accuracy: 6.46
Best Epoch: 126

======== TESTING ========

Test Accuracy: 6.69.

======== ACTIVE SAMPLING ========

ProbCover adaptive delta: base=0.2500, effective=0.2125, scale=0.85, phase=post_label_shrink, labeled_count=200
Coverage selection metadata: active=False (mode=adaptive_density_cover, variant=unknown, delta=0.2125, phase=adaptive_signal, bald_mean=0.0000, bald_max=0.0000, variance_mean=0.0000, variance_max=0.0000, dropout_iters=0, cover_anchors=0, diversity_lambda=0.00, selected_id_mean=0.0000, selected_signal_mean=0.6996, selected_radius_mean=0.2001, k_id=50, k_knn=50, alpha=1.00)
Active Sampling Complete. After Episode 3:
New Labeled Set: 250, New Unlabeled Set: 44750, Active Set: 50

================================


Current accuracy values:  [4.170000000000002, 5.269999999999996, 5.6200000000000045, 6.689999999999998]
======== EPISODE 4 BEGINS ========

======== TRAINING ========
Training Epoch: 1/200	Train Loss: 3.6859	Val Accuracy: 0.0
Training Epoch: 2/200	Train Loss: 1.4251	Val Accuracy: 5.08
Training Epoch: 3/200	Train Loss: 0.5285	Val Accuracy: 5.08
Training Epoch: 4/200	Train Loss: 0.4357	Val Accuracy: 5.08
Training Epoch: 5/200	Train Loss: 0.6581	Val Accuracy: 5.08
Training Epoch: 6/200	Train Loss: 6.4785	Val Accuracy: 5.48
Training Epoch: 7/200	Train Loss: 0.8464	Val Accuracy: 5.48
Training Epoch: 8/200	Train Loss: 0.7888	Val Accuracy: 5.3
Training Epoch: 9/200	Train Loss: 2.4306	Val Accuracy: 5.3
Training Epoch: 10/200	Train Loss: 1.5786	Val Accuracy: 5.3
Training Epoch: 11/200	Train Loss: 2.2755	Val Accuracy: 5.3
Training Epoch: 12/200	Train Loss: 0.8359	Val Accuracy: 4.9
Training Epoch: 13/200	Train Loss: 0.7165	Val Accuracy: 4.9
Training Epoch: 14/200	Train Loss: 2.6038	Val Accuracy: 4.88
Training Epoch: 15/200	Train Loss: 0.5525	Val Accuracy: 4.88
Training Epoch: 16/200	Train Loss: 0.9482	Val Accuracy: 5.3
Training Epoch: 17/200	Train Loss: 0.6989	Val Accuracy: 5.3
Training Epoch: 18/200	Train Loss: 0.3709	Val Accuracy: 5.38
Training Epoch: 19/200	Train Loss: 0.2779	Val Accuracy: 5.38
Training Epoch: 20/200	Train Loss: 0.1839	Val Accuracy: 5.68
Training Epoch: 21/200	Train Loss: 0.2825	Val Accuracy: 5.68
Training Epoch: 22/200	Train Loss: 0.3623	Val Accuracy: 5.42
Training Epoch: 23/200	Train Loss: 0.2615	Val Accuracy: 5.42
Training Epoch: 24/200	Train Loss: 0.2192	Val Accuracy: 5.84
Training Epoch: 25/200	Train Loss: 0.1994	Val Accuracy: 5.84
Training Epoch: 26/200	Train Loss: 0.2238	Val Accuracy: 6.14
Training Epoch: 27/200	Train Loss: 0.2593	Val Accuracy: 6.14
Training Epoch: 28/200	Train Loss: 0.1334	Val Accuracy: 6.08
Training Epoch: 29/200	Train Loss: 0.3024	Val Accuracy: 6.08
Training Epoch: 30/200	Train Loss: 2.8061	Val Accuracy: 5.94
Training Epoch: 31/200	Train Loss: 4.8662	Val Accuracy: 5.94
Training Epoch: 32/200	Train Loss: 0.4603	Val Accuracy: 5.54
Training Epoch: 33/200	Train Loss: 0.1765	Val Accuracy: 5.54
Training Epoch: 34/200	Train Loss: 1.3737	Val Accuracy: 5.76
Training Epoch: 35/200	Train Loss: 0.2774	Val Accuracy: 5.76
Training Epoch: 36/200	Train Loss: 0.1776	Val Accuracy: 5.06
Training Epoch: 37/200	Train Loss: 0.4023	Val Accuracy: 5.06
Training Epoch: 38/200	Train Loss: 0.2775	Val Accuracy: 5.32
Training Epoch: 39/200	Train Loss: 0.396	Val Accuracy: 5.32
Training Epoch: 40/200	Train Loss: 0.3579	Val Accuracy: 5.56
Training Epoch: 41/200	Train Loss: 0.8409	Val Accuracy: 5.56
Training Epoch: 42/200	Train Loss: 0.4102	Val Accuracy: 5.64
Training Epoch: 43/200	Train Loss: 0.2707	Val Accuracy: 5.64
Training Epoch: 44/200	Train Loss: 3.1475	Val Accuracy: 5.5
Training Epoch: 45/200	Train Loss: 0.4649	Val Accuracy: 5.5
Training Epoch: 46/200	Train Loss: 6.5248	Val Accuracy: 6.06
Training Epoch: 47/200	Train Loss: 0.3067	Val Accuracy: 6.06
Training Epoch: 48/200	Train Loss: 1.6788	Val Accuracy: 6.12
Training Epoch: 49/200	Train Loss: 0.1952	Val Accuracy: 6.12
Training Epoch: 50/200	Train Loss: 0.2829	Val Accuracy: 6.28
Training Epoch: 51/200	Train Loss: 0.1703	Val Accuracy: 6.28
Training Epoch: 52/200	Train Loss: 0.1028	Val Accuracy: 6.44
Training Epoch: 53/200	Train Loss: 0.1266	Val Accuracy: 6.44
Training Epoch: 54/200	Train Loss: 0.1653	Val Accuracy: 5.88
Training Epoch: 55/200	Train Loss: 0.1984	Val Accuracy: 5.88
Training Epoch: 56/200	Train Loss: 0.2069	Val Accuracy: 5.9
Training Epoch: 57/200	Train Loss: 0.1212	Val Accuracy: 5.9
Training Epoch: 58/200	Train Loss: 0.1291	Val Accuracy: 6.04
Training Epoch: 59/200	Train Loss: 0.1272	Val Accuracy: 6.04
Training Epoch: 60/200	Train Loss: 5.0798	Val Accuracy: 5.84
Training Epoch: 61/200	Train Loss: 1.3832	Val Accuracy: 5.84
Training Epoch: 62/200	Train Loss: 1.0109	Val Accuracy: 4.96
Training Epoch: 63/200	Train Loss: 1.9519	Val Accuracy: 4.96
Training Epoch: 64/200	Train Loss: 6.1376	Val Accuracy: 5.2
Training Epoch: 65/200	Train Loss: 0.6234	Val Accuracy: 5.2
Training Epoch: 66/200	Train Loss: 0.2178	Val Accuracy: 5.64
Training Epoch: 67/200	Train Loss: 3.5226	Val Accuracy: 5.64
Training Epoch: 68/200	Train Loss: 1.3155	Val Accuracy: 5.5
Training Epoch: 69/200	Train Loss: 0.2194	Val Accuracy: 5.5
Training Epoch: 70/200	Train Loss: 4.6042	Val Accuracy: 5.74
Training Epoch: 71/200	Train Loss: 0.2574	Val Accuracy: 5.74
Training Epoch: 72/200	Train Loss: 4.1987	Val Accuracy: 5.54
Training Epoch: 73/200	Train Loss: 0.1904	Val Accuracy: 5.54
Training Epoch: 74/200	Train Loss: 0.1017	Val Accuracy: 5.5
Training Epoch: 75/200	Train Loss: 1.7416	Val Accuracy: 5.5
Training Epoch: 76/200	Train Loss: 2.1214	Val Accuracy: 5.48
Training Epoch: 77/200	Train Loss: 5.5954	Val Accuracy: 5.48
Training Epoch: 78/200	Train Loss: 1.5562	Val Accuracy: 5.82
Training Epoch: 79/200	Train Loss: 0.4845	Val Accuracy: 5.82
Training Epoch: 80/200	Train Loss: 0.1051	Val Accuracy: 5.6
Training Epoch: 81/200	Train Loss: 0.1961	Val Accuracy: 5.6
Training Epoch: 82/200	Train Loss: 0.2713	Val Accuracy: 5.54
Training Epoch: 83/200	Train Loss: 0.1707	Val Accuracy: 5.54
Training Epoch: 84/200	Train Loss: 4.3028	Val Accuracy: 6.12
Training Epoch: 85/200	Train Loss: 0.0876	Val Accuracy: 6.12
Training Epoch: 86/200	Train Loss: 0.1	Val Accuracy: 5.98
Training Epoch: 87/200	Train Loss: 0.0876	Val Accuracy: 5.98
Training Epoch: 88/200	Train Loss: 0.8814	Val Accuracy: 6.04
Training Epoch: 89/200	Train Loss: 2.4045	Val Accuracy: 6.04
Training Epoch: 90/200	Train Loss: 0.4031	Val Accuracy: 5.88
Training Epoch: 91/200	Train Loss: 0.1434	Val Accuracy: 5.88
Training Epoch: 92/200	Train Loss: 0.064	Val Accuracy: 6.08
Training Epoch: 93/200	Train Loss: 0.0366	Val Accuracy: 6.08
Training Epoch: 94/200	Train Loss: 3.1068	Val Accuracy: 6.38
Training Epoch: 95/200	Train Loss: 0.9782	Val Accuracy: 6.38
Training Epoch: 96/200	Train Loss: 0.0748	Val Accuracy: 6.26
Training Epoch: 97/200	Train Loss: 0.2626	Val Accuracy: 6.26
Training Epoch: 98/200	Train Loss: 0.0092	Val Accuracy: 6.2
Training Epoch: 99/200	Train Loss: 0.1646	Val Accuracy: 6.2
Training Epoch: 100/200	Train Loss: 0.0517	Val Accuracy: 6.1
Training Epoch: 101/200	Train Loss: 0.1054	Val Accuracy: 6.1
Training Epoch: 102/200	Train Loss: 0.1744	Val Accuracy: 6.18
Training Epoch: 103/200	Train Loss: 0.0514	Val Accuracy: 6.18
Training Epoch: 104/200	Train Loss: 0.0592	Val Accuracy: 5.98
Training Epoch: 105/200	Train Loss: 0.0823	Val Accuracy: 5.98
Training Epoch: 106/200	Train Loss: 0.5734	Val Accuracy: 6.04
Training Epoch: 107/200	Train Loss: 0.0154	Val Accuracy: 6.04
Training Epoch: 108/200	Train Loss: 0.1218	Val Accuracy: 5.84
Training Epoch: 109/200	Train Loss: 0.0237	Val Accuracy: 5.84
Training Epoch: 110/200	Train Loss: 0.0256	Val Accuracy: 5.82
Training Epoch: 111/200	Train Loss: 0.016	Val Accuracy: 5.82
Training Epoch: 112/200	Train Loss: 0.104	Val Accuracy: 5.74
Training Epoch: 113/200	Train Loss: 0.0664	Val Accuracy: 5.74
Training Epoch: 114/200	Train Loss: 0.0142	Val Accuracy: 5.82
Training Epoch: 115/200	Train Loss: 0.0392	Val Accuracy: 5.82
Training Epoch: 116/200	Train Loss: 0.0174	Val Accuracy: 6.1
Training Epoch: 117/200	Train Loss: 0.1344	Val Accuracy: 6.1
Training Epoch: 118/200	Train Loss: 0.0247	Val Accuracy: 5.96
Training Epoch: 119/200	Train Loss: 0.0094	Val Accuracy: 5.96
Training Epoch: 120/200	Train Loss: 0.0538	Val Accuracy: 5.62
Training Epoch: 121/200	Train Loss: 0.0193	Val Accuracy: 5.62
Training Epoch: 122/200	Train Loss: 0.0374	Val Accuracy: 5.8
Training Epoch: 123/200	Train Loss: 0.058	Val Accuracy: 5.8
Training Epoch: 124/200	Train Loss: 0.0076	Val Accuracy: 5.9
Training Epoch: 125/200	Train Loss: 0.0281	Val Accuracy: 5.9
Training Epoch: 126/200	Train Loss: 0.0084	Val Accuracy: 5.82
Training Epoch: 127/200	Train Loss: 0.0849	Val Accuracy: 5.82
Training Epoch: 128/200	Train Loss: 0.1907	Val Accuracy: 6.02
Training Epoch: 129/200	Train Loss: 0.0454	Val Accuracy: 6.02
Training Epoch: 130/200	Train Loss: 0.1516	Val Accuracy: 5.92
Training Epoch: 131/200	Train Loss: 0.437	Val Accuracy: 5.92
Training Epoch: 132/200	Train Loss: 0.0188	Val Accuracy: 5.88
Training Epoch: 133/200	Train Loss: 0.0027	Val Accuracy: 5.88
Training Epoch: 134/200	Train Loss: 0.1282	Val Accuracy: 5.96
Training Epoch: 135/200	Train Loss: 0.0113	Val Accuracy: 5.96
Training Epoch: 136/200	Train Loss: 0.1288	Val Accuracy: 6.1
Training Epoch: 137/200	Train Loss: 0.0109	Val Accuracy: 6.1
Training Epoch: 138/200	Train Loss: 0.3777	Val Accuracy: 6.24
Training Epoch: 139/200	Train Loss: 0.2204	Val Accuracy: 6.24
Training Epoch: 140/200	Train Loss: 0.0675	Val Accuracy: 6.4
Training Epoch: 141/200	Train Loss: 0.0172	Val Accuracy: 6.4
Training Epoch: 142/200	Train Loss: 0.0639	Val Accuracy: 5.88
Training Epoch: 143/200	Train Loss: 0.0033	Val Accuracy: 5.88
Training Epoch: 144/200	Train Loss: 0.058	Val Accuracy: 6.06
Training Epoch: 145/200	Train Loss: 0.0335	Val Accuracy: 6.06
Training Epoch: 146/200	Train Loss: 0.0188	Val Accuracy: 5.86
Training Epoch: 147/200	Train Loss: 0.013	Val Accuracy: 5.86
Training Epoch: 148/200	Train Loss: 0.0104	Val Accuracy: 5.56
Training Epoch: 149/200	Train Loss: 0.0125	Val Accuracy: 5.56
Training Epoch: 150/200	Train Loss: 0.7093	Val Accuracy: 5.94
Training Epoch: 151/200	Train Loss: 1.2197	Val Accuracy: 5.94
Training Epoch: 152/200	Train Loss: 0.3731	Val Accuracy: 5.96
Training Epoch: 153/200	Train Loss: 0.0489	Val Accuracy: 5.96
Training Epoch: 154/200	Train Loss: 0.0229	Val Accuracy: 6.08
Training Epoch: 155/200	Train Loss: 0.0039	Val Accuracy: 6.08
Training Epoch: 156/200	Train Loss: 0.0027	Val Accuracy: 5.8
Training Epoch: 157/200	Train Loss: 0.0022	Val Accuracy: 5.8
Training Epoch: 158/200	Train Loss: 0.0455	Val Accuracy: 5.84
Training Epoch: 159/200	Train Loss: 0.4387	Val Accuracy: 5.84
Training Epoch: 160/200	Train Loss: 0.1374	Val Accuracy: 5.98
Training Epoch: 161/200	Train Loss: 0.0965	Val Accuracy: 5.98
Training Epoch: 162/200	Train Loss: 0.0276	Val Accuracy: 5.94
Training Epoch: 163/200	Train Loss: 0.3081	Val Accuracy: 5.94
Training Epoch: 164/200	Train Loss: 0.103	Val Accuracy: 6.06
Training Epoch: 165/200	Train Loss: 0.0497	Val Accuracy: 6.06
Training Epoch: 166/200	Train Loss: 0.0297	Val Accuracy: 6.14
Training Epoch: 167/200	Train Loss: 0.012	Val Accuracy: 6.14
Training Epoch: 168/200	Train Loss: 0.0077	Val Accuracy: 5.58
Training Epoch: 169/200	Train Loss: 0.0504	Val Accuracy: 5.58
Training Epoch: 170/200	Train Loss: 0.0073	Val Accuracy: 6.0
Training Epoch: 171/200	Train Loss: 0.0101	Val Accuracy: 6.0
Training Epoch: 172/200	Train Loss: 0.0015	Val Accuracy: 6.02
Training Epoch: 173/200	Train Loss: 0.01	Val Accuracy: 6.02
Training Epoch: 174/200	Train Loss: 0.0134	Val Accuracy: 6.02
Training Epoch: 175/200	Train Loss: 0.01	Val Accuracy: 6.02
Training Epoch: 176/200	Train Loss: 0.0223	Val Accuracy: 6.2
Training Epoch: 177/200	Train Loss: 0.0667	Val Accuracy: 6.2
Training Epoch: 178/200	Train Loss: 0.0097	Val Accuracy: 5.94
Training Epoch: 179/200	Train Loss: 0.0607	Val Accuracy: 5.94
Training Epoch: 180/200	Train Loss: 0.0069	Val Accuracy: 5.92
Training Epoch: 181/200	Train Loss: 0.0057	Val Accuracy: 5.92
Training Epoch: 182/200	Train Loss: 0.0194	Val Accuracy: 6.16
Training Epoch: 183/200	Train Loss: 0.0116	Val Accuracy: 6.16
Training Epoch: 184/200	Train Loss: 0.0313	Val Accuracy: 5.7
Training Epoch: 185/200	Train Loss: 0.0044	Val Accuracy: 5.7
Training Epoch: 186/200	Train Loss: 0.0089	Val Accuracy: 6.24
Training Epoch: 187/200	Train Loss: 0.0486	Val Accuracy: 6.24
Training Epoch: 188/200	Train Loss: 0.0424	Val Accuracy: 6.12
Training Epoch: 189/200	Train Loss: 0.04	Val Accuracy: 6.12
Training Epoch: 190/200	Train Loss: 0.0472	Val Accuracy: 5.88
Training Epoch: 191/200	Train Loss: 0.0018	Val Accuracy: 5.88
Training Epoch: 192/200	Train Loss: 0.0099	Val Accuracy: 6.02
Training Epoch: 193/200	Train Loss: 0.0197	Val Accuracy: 6.02
Training Epoch: 194/200	Train Loss: 0.0022	Val Accuracy: 6.0
Training Epoch: 195/200	Train Loss: 0.0225	Val Accuracy: 6.0
Training Epoch: 196/200	Train Loss: 0.072	Val Accuracy: 6.22
Training Epoch: 197/200	Train Loss: 0.0513	Val Accuracy: 6.22
Training Epoch: 198/200	Train Loss: 0.0611	Val Accuracy: 6.18
Training Epoch: 199/200	Train Loss: 0.019	Val Accuracy: 6.18
Training Epoch: 200/200	Train Loss: 0.014	Val Accuracy: 6.24

Wrote Best Model Checkpoint to: vlBest_acc_6_model_epoch_0052.pyth

Best Validation Accuracy: 6.44
Best Epoch: 52

======== TESTING ========

Test Accuracy: 7.29.

======== ACTIVE SAMPLING ========

ProbCover adaptive delta: base=0.2500, effective=0.2125, scale=0.85, phase=post_label_shrink, labeled_count=250
Coverage selection metadata: active=False (mode=adaptive_density_cover, variant=unknown, delta=0.2125, phase=adaptive_signal, bald_mean=0.0000, bald_max=0.0000, variance_mean=0.0000, variance_max=0.0000, dropout_iters=0, cover_anchors=0, diversity_lambda=0.00, selected_id_mean=0.0000, selected_signal_mean=0.8740, selected_radius_mean=0.1552, k_id=50, k_knn=50, alpha=1.00)
Active Sampling Complete. After Episode 4:
New Labeled Set: 300, New Unlabeled Set: 44700, Active Set: 50

================================


Current accuracy values:  [4.170000000000002, 5.269999999999996, 5.6200000000000045, 6.689999999999998, 7.290000000000006]
======== EPISODE 5 BEGINS ========

======== TRAINING ========
Training Epoch: 1/200	Train Loss: 0.4965	Val Accuracy: 0.0
Training Epoch: 2/200	Train Loss: 0.5528	Val Accuracy: 5.68
Training Epoch: 3/200	Train Loss: 0.234	Val Accuracy: 5.68
Training Epoch: 4/200	Train Loss: 0.5197	Val Accuracy: 5.28
Training Epoch: 5/200	Train Loss: 0.3357	Val Accuracy: 5.28
Training Epoch: 6/200	Train Loss: 0.4553	Val Accuracy: 5.76
Training Epoch: 7/200	Train Loss: 0.8712	Val Accuracy: 5.76
Training Epoch: 8/200	Train Loss: 0.777	Val Accuracy: 5.38
Training Epoch: 9/200	Train Loss: 0.7919	Val Accuracy: 5.38
Training Epoch: 10/200	Train Loss: 0.4148	Val Accuracy: 5.14
Training Epoch: 11/200	Train Loss: 0.3832	Val Accuracy: 5.14
Training Epoch: 12/200	Train Loss: 0.2474	Val Accuracy: 5.2
Training Epoch: 13/200	Train Loss: 0.5514	Val Accuracy: 5.2
Training Epoch: 14/200	Train Loss: 0.3984	Val Accuracy: 6.02
Training Epoch: 15/200	Train Loss: 1.3615	Val Accuracy: 6.02
Training Epoch: 16/200	Train Loss: 0.3136	Val Accuracy: 5.38
Training Epoch: 17/200	Train Loss: 0.1663	Val Accuracy: 5.38
Training Epoch: 18/200	Train Loss: 0.3786	Val Accuracy: 5.58
Training Epoch: 19/200	Train Loss: 0.523	Val Accuracy: 5.58
Training Epoch: 20/200	Train Loss: 0.2916	Val Accuracy: 5.8
Training Epoch: 21/200	Train Loss: 0.3325	Val Accuracy: 5.8
Training Epoch: 22/200	Train Loss: 0.669	Val Accuracy: 5.74
Training Epoch: 23/200	Train Loss: 0.364	Val Accuracy: 5.74
Training Epoch: 24/200	Train Loss: 0.1397	Val Accuracy: 5.86
Training Epoch: 25/200	Train Loss: 0.2453	Val Accuracy: 5.86
Training Epoch: 26/200	Train Loss: 0.615	Val Accuracy: 5.98
Training Epoch: 27/200	Train Loss: 0.2665	Val Accuracy: 5.98
Training Epoch: 28/200	Train Loss: 0.1777	Val Accuracy: 5.78
Training Epoch: 29/200	Train Loss: 0.4538	Val Accuracy: 5.78
Training Epoch: 30/200	Train Loss: 0.0585	Val Accuracy: 5.72
Training Epoch: 31/200	Train Loss: 0.2185	Val Accuracy: 5.72
Training Epoch: 32/200	Train Loss: 0.1009	Val Accuracy: 5.68
Training Epoch: 33/200	Train Loss: 0.1645	Val Accuracy: 5.68
Training Epoch: 34/200	Train Loss: 0.0664	Val Accuracy: 5.82
Training Epoch: 35/200	Train Loss: 0.0396	Val Accuracy: 5.82
Training Epoch: 36/200	Train Loss: 0.3274	Val Accuracy: 5.96
Training Epoch: 37/200	Train Loss: 0.052	Val Accuracy: 5.96
Training Epoch: 38/200	Train Loss: 0.0327	Val Accuracy: 5.84
Training Epoch: 39/200	Train Loss: 0.1157	Val Accuracy: 5.84
Training Epoch: 40/200	Train Loss: 0.2247	Val Accuracy: 6.12
Training Epoch: 41/200	Train Loss: 0.0986	Val Accuracy: 6.12
Training Epoch: 42/200	Train Loss: 0.0958	Val Accuracy: 6.02
Training Epoch: 43/200	Train Loss: 0.719	Val Accuracy: 6.02
Training Epoch: 44/200	Train Loss: 0.0747	Val Accuracy: 5.84
Training Epoch: 45/200	Train Loss: 0.2567	Val Accuracy: 5.84
Training Epoch: 46/200	Train Loss: 0.0737	Val Accuracy: 5.86
Training Epoch: 47/200	Train Loss: 0.0338	Val Accuracy: 5.86
Training Epoch: 48/200	Train Loss: 0.0846	Val Accuracy: 5.98
Training Epoch: 49/200	Train Loss: 0.1529	Val Accuracy: 5.98
Training Epoch: 50/200	Train Loss: 0.2072	Val Accuracy: 5.82
Training Epoch: 51/200	Train Loss: 0.0922	Val Accuracy: 5.82
Training Epoch: 52/200	Train Loss: 0.0852	Val Accuracy: 5.88
Training Epoch: 53/200	Train Loss: 0.0476	Val Accuracy: 5.88
Training Epoch: 54/200	Train Loss: 0.1784	Val Accuracy: 5.66
Training Epoch: 55/200	Train Loss: 0.0572	Val Accuracy: 5.66
Training Epoch: 56/200	Train Loss: 0.0669	Val Accuracy: 5.86
Training Epoch: 57/200	Train Loss: 0.0473	Val Accuracy: 5.86
Training Epoch: 58/200	Train Loss: 0.0287	Val Accuracy: 5.52
Training Epoch: 59/200	Train Loss: 0.0191	Val Accuracy: 5.52
Training Epoch: 60/200	Train Loss: 0.0709	Val Accuracy: 6.2
Training Epoch: 61/200	Train Loss: 0.0487	Val Accuracy: 6.2
Training Epoch: 62/200	Train Loss: 0.3821	Val Accuracy: 6.36
Training Epoch: 63/200	Train Loss: 0.1666	Val Accuracy: 6.36
Training Epoch: 64/200	Train Loss: 0.0323	Val Accuracy: 5.84
Training Epoch: 65/200	Train Loss: 0.1931	Val Accuracy: 5.84
Training Epoch: 66/200	Train Loss: 0.0893	Val Accuracy: 6.0
Training Epoch: 67/200	Train Loss: 0.2133	Val Accuracy: 6.0
Training Epoch: 68/200	Train Loss: 0.0331	Val Accuracy: 6.28
Training Epoch: 69/200	Train Loss: 0.0654	Val Accuracy: 6.28
Training Epoch: 70/200	Train Loss: 0.0113	Val Accuracy: 6.44
Training Epoch: 71/200	Train Loss: 0.1088	Val Accuracy: 6.44
Training Epoch: 72/200	Train Loss: 0.0336	Val Accuracy: 6.4
Training Epoch: 73/200	Train Loss: 0.0481	Val Accuracy: 6.4
Training Epoch: 74/200	Train Loss: 0.0057	Val Accuracy: 6.48
Training Epoch: 75/200	Train Loss: 0.0137	Val Accuracy: 6.48
Training Epoch: 76/200	Train Loss: 0.0908	Val Accuracy: 6.34
Training Epoch: 77/200	Train Loss: 0.0095	Val Accuracy: 6.34
Training Epoch: 78/200	Train Loss: 0.0052	Val Accuracy: 6.28
Training Epoch: 79/200	Train Loss: 0.0036	Val Accuracy: 6.28
Training Epoch: 80/200	Train Loss: 0.0038	Val Accuracy: 6.2
Training Epoch: 81/200	Train Loss: 0.0556	Val Accuracy: 6.2
Training Epoch: 82/200	Train Loss: 0.0038	Val Accuracy: 6.18
Training Epoch: 83/200	Train Loss: 0.0054	Val Accuracy: 6.18
Training Epoch: 84/200	Train Loss: 0.0404	Val Accuracy: 6.46
Training Epoch: 85/200	Train Loss: 0.0188	Val Accuracy: 6.46
Training Epoch: 86/200	Train Loss: 0.2037	Val Accuracy: 6.38
Training Epoch: 87/200	Train Loss: 0.1623	Val Accuracy: 6.38
Training Epoch: 88/200	Train Loss: 0.0098	Val Accuracy: 6.06
Training Epoch: 89/200	Train Loss: 0.0727	Val Accuracy: 6.06
Training Epoch: 90/200	Train Loss: 0.0011	Val Accuracy: 6.4
Training Epoch: 91/200	Train Loss: 0.0869	Val Accuracy: 6.4
Training Epoch: 92/200	Train Loss: 0.0132	Val Accuracy: 6.12
Training Epoch: 93/200	Train Loss: 0.0124	Val Accuracy: 6.12
Training Epoch: 94/200	Train Loss: 0.0489	Val Accuracy: 6.28
Training Epoch: 95/200	Train Loss: 0.0034	Val Accuracy: 6.28
Training Epoch: 96/200	Train Loss: 0.0098	Val Accuracy: 6.24
Training Epoch: 97/200	Train Loss: 0.0197	Val Accuracy: 6.24
Training Epoch: 98/200	Train Loss: 0.0795	Val Accuracy: 6.1
Training Epoch: 99/200	Train Loss: 0.0226	Val Accuracy: 6.1
Training Epoch: 100/200	Train Loss: 0.1129	Val Accuracy: 6.3
Training Epoch: 101/200	Train Loss: 0.0053	Val Accuracy: 6.3
Training Epoch: 102/200	Train Loss: 0.0779	Val Accuracy: 6.22
Training Epoch: 103/200	Train Loss: 0.0618	Val Accuracy: 6.22
Training Epoch: 104/200	Train Loss: 0.0094	Val Accuracy: 6.3
Training Epoch: 105/200	Train Loss: 0.0271	Val Accuracy: 6.3
Training Epoch: 106/200	Train Loss: 0.0047	Val Accuracy: 6.28
Training Epoch: 107/200	Train Loss: 0.0102	Val Accuracy: 6.28
Training Epoch: 108/200	Train Loss: 0.0034	Val Accuracy: 6.62
Training Epoch: 109/200	Train Loss: 0.0126	Val Accuracy: 6.62
Training Epoch: 110/200	Train Loss: 0.0785	Val Accuracy: 6.52
Training Epoch: 111/200	Train Loss: 0.0517	Val Accuracy: 6.52
Training Epoch: 112/200	Train Loss: 0.0108	Val Accuracy: 6.48
Training Epoch: 113/200	Train Loss: 0.0028	Val Accuracy: 6.48
Training Epoch: 114/200	Train Loss: 0.0027	Val Accuracy: 6.34
Training Epoch: 115/200	Train Loss: 0.0014	Val Accuracy: 6.34
Training Epoch: 116/200	Train Loss: 0.0121	Val Accuracy: 6.52
Training Epoch: 117/200	Train Loss: 0.0088	Val Accuracy: 6.52
Training Epoch: 118/200	Train Loss: 0.1375	Val Accuracy: 6.52
Training Epoch: 119/200	Train Loss: 0.0201	Val Accuracy: 6.52
Training Epoch: 120/200	Train Loss: 0.0077	Val Accuracy: 6.18
Training Epoch: 121/200	Train Loss: 0.0008	Val Accuracy: 6.18
Training Epoch: 122/200	Train Loss: 0.0003	Val Accuracy: 6.48
Training Epoch: 123/200	Train Loss: 0.0003	Val Accuracy: 6.48
Training Epoch: 124/200	Train Loss: 0.0014	Val Accuracy: 6.8
Training Epoch: 125/200	Train Loss: 0.0005	Val Accuracy: 6.8
Training Epoch: 126/200	Train Loss: 0.0051	Val Accuracy: 6.62
Training Epoch: 127/200	Train Loss: 0.0089	Val Accuracy: 6.62
Training Epoch: 128/200	Train Loss: 0.0016	Val Accuracy: 6.5
Training Epoch: 129/200	Train Loss: 0.1059	Val Accuracy: 6.5
Training Epoch: 130/200	Train Loss: 0.0058	Val Accuracy: 6.62
Training Epoch: 131/200	Train Loss: 0.0693	Val Accuracy: 6.62
Training Epoch: 132/200	Train Loss: 0.0012	Val Accuracy: 6.32
Training Epoch: 133/200	Train Loss: 0.0058	Val Accuracy: 6.32
Training Epoch: 134/200	Train Loss: 0.0229	Val Accuracy: 6.82
Training Epoch: 135/200	Train Loss: 0.0035	Val Accuracy: 6.82
Training Epoch: 136/200	Train Loss: 0.0007	Val Accuracy: 6.7
Training Epoch: 137/200	Train Loss: 0.005	Val Accuracy: 6.7
Training Epoch: 138/200	Train Loss: 0.001	Val Accuracy: 6.56
Training Epoch: 139/200	Train Loss: 0.0015	Val Accuracy: 6.56
Training Epoch: 140/200	Train Loss: 0.0009	Val Accuracy: 6.54
Training Epoch: 141/200	Train Loss: 0.1384	Val Accuracy: 6.54
Training Epoch: 142/200	Train Loss: 0.0006	Val Accuracy: 6.96
Training Epoch: 143/200	Train Loss: 0.0128	Val Accuracy: 6.96
Training Epoch: 144/200	Train Loss: 0.0007	Val Accuracy: 6.8
Training Epoch: 145/200	Train Loss: 0.0109	Val Accuracy: 6.8
Training Epoch: 146/200	Train Loss: 0.0011	Val Accuracy: 6.24
Training Epoch: 147/200	Train Loss: 0.0078	Val Accuracy: 6.24
Training Epoch: 148/200	Train Loss: 0.0008	Val Accuracy: 6.52
Training Epoch: 149/200	Train Loss: 0.0223	Val Accuracy: 6.52
Training Epoch: 150/200	Train Loss: 0.0123	Val Accuracy: 7.06
Training Epoch: 151/200	Train Loss: 0.0007	Val Accuracy: 7.06
Training Epoch: 152/200	Train Loss: 0.002	Val Accuracy: 6.72
Training Epoch: 153/200	Train Loss: 0.0048	Val Accuracy: 6.72
Training Epoch: 154/200	Train Loss: 0.0013	Val Accuracy: 6.68
Training Epoch: 155/200	Train Loss: 0.0136	Val Accuracy: 6.68
Training Epoch: 156/200	Train Loss: 0.0011	Val Accuracy: 6.12
Training Epoch: 157/200	Train Loss: 0.0009	Val Accuracy: 6.12
Training Epoch: 158/200	Train Loss: 0.0209	Val Accuracy: 6.8
Training Epoch: 159/200	Train Loss: 0.0016	Val Accuracy: 6.8
Training Epoch: 160/200	Train Loss: 0.0007	Val Accuracy: 6.52
Training Epoch: 161/200	Train Loss: 0.0034	Val Accuracy: 6.52
Training Epoch: 162/200	Train Loss: 0.0021	Val Accuracy: 7.08
Training Epoch: 163/200	Train Loss: 0.0007	Val Accuracy: 7.08
Training Epoch: 164/200	Train Loss: 0.0003	Val Accuracy: 6.54
Training Epoch: 165/200	Train Loss: 0.0029	Val Accuracy: 6.54
Training Epoch: 166/200	Train Loss: 0.0224	Val Accuracy: 6.5
Training Epoch: 167/200	Train Loss: 0.0004	Val Accuracy: 6.5
Training Epoch: 168/200	Train Loss: 0.0109	Val Accuracy: 6.6
Training Epoch: 169/200	Train Loss: 0.0004	Val Accuracy: 6.6
Training Epoch: 170/200	Train Loss: 0.0039	Val Accuracy: 6.58
Training Epoch: 171/200	Train Loss: 0.001	Val Accuracy: 6.58
Training Epoch: 172/200	Train Loss: 0.0067	Val Accuracy: 6.68
Training Epoch: 173/200	Train Loss: 0.0047	Val Accuracy: 6.68
Training Epoch: 174/200	Train Loss: 0.0021	Val Accuracy: 6.82
Training Epoch: 175/200	Train Loss: 0.0004	Val Accuracy: 6.82
Training Epoch: 176/200	Train Loss: 0.0581	Val Accuracy: 6.68
Training Epoch: 177/200	Train Loss: 0.0026	Val Accuracy: 6.68
Training Epoch: 178/200	Train Loss: 0.0013	Val Accuracy: 6.52
Training Epoch: 179/200	Train Loss: 0.001	Val Accuracy: 6.52
Training Epoch: 180/200	Train Loss: 0.0007	Val Accuracy: 6.3
Training Epoch: 181/200	Train Loss: 0.0015	Val Accuracy: 6.3
Training Epoch: 182/200	Train Loss: 0.0007	Val Accuracy: 6.78
Training Epoch: 183/200	Train Loss: 0.0004	Val Accuracy: 6.78
Training Epoch: 184/200	Train Loss: 0.0001	Val Accuracy: 6.82
Training Epoch: 185/200	Train Loss: 0.0089	Val Accuracy: 6.82
Training Epoch: 186/200	Train Loss: 0.0008	Val Accuracy: 6.84
Training Epoch: 187/200	Train Loss: 0.0037	Val Accuracy: 6.84
Training Epoch: 188/200	Train Loss: 0.0008	Val Accuracy: 6.94
Training Epoch: 189/200	Train Loss: 0.0008	Val Accuracy: 6.94
Training Epoch: 190/200	Train Loss: 0.0021	Val Accuracy: 6.62
Training Epoch: 191/200	Train Loss: 0.0008	Val Accuracy: 6.62
Training Epoch: 192/200	Train Loss: 0.0016	Val Accuracy: 6.54
Training Epoch: 193/200	Train Loss: 0.0037	Val Accuracy: 6.54
Training Epoch: 194/200	Train Loss: 0.0002	Val Accuracy: 6.86
Training Epoch: 195/200	Train Loss: 0.0003	Val Accuracy: 6.86
Training Epoch: 196/200	Train Loss: 0.0051	Val Accuracy: 6.52
Training Epoch: 197/200	Train Loss: 0.0015	Val Accuracy: 6.52
Training Epoch: 198/200	Train Loss: 0.0078	Val Accuracy: 6.84
Training Epoch: 199/200	Train Loss: 0.027	Val Accuracy: 6.84
Training Epoch: 200/200	Train Loss: 0.0005	Val Accuracy: 6.54

Wrote Best Model Checkpoint to: vlBest_acc_7_model_epoch_0162.pyth

Best Validation Accuracy: 7.08
Best Epoch: 162

======== TESTING ========

Test Accuracy: 7.58.

======== ACTIVE SAMPLING ========

ProbCover adaptive delta: base=0.2500, effective=0.2125, scale=0.85, phase=post_label_shrink, labeled_count=300
Coverage selection metadata: active=False (mode=adaptive_density_cover, variant=unknown, delta=0.2125, phase=adaptive_signal, bald_mean=0.0000, bald_max=0.0000, variance_mean=0.0000, variance_max=0.0000, dropout_iters=0, cover_anchors=0, diversity_lambda=0.00, selected_id_mean=0.0000, selected_signal_mean=0.8608, selected_radius_mean=0.1576, k_id=50, k_knn=50, alpha=1.00)
Active Sampling Complete. After Episode 5:
New Labeled Set: 350, New Unlabeled Set: 44650, Active Set: 50

================================


Current accuracy values:  [4.170000000000002, 5.269999999999996, 5.6200000000000045, 6.689999999999998, 7.290000000000006, 7.579999999999998]
======== EPISODE 6 BEGINS ========

======== TRAINING ========
Training Epoch: 1/200	Train Loss: 0.789	Val Accuracy: 0.0
Training Epoch: 2/200	Train Loss: 0.2398	Val Accuracy: 6.08
Training Epoch: 3/200	Train Loss: 0.1669	Val Accuracy: 6.08
Training Epoch: 4/200	Train Loss: 0.0727	Val Accuracy: 5.86
Training Epoch: 5/200	Train Loss: 0.0674	Val Accuracy: 5.86
Training Epoch: 6/200	Train Loss: 0.0413	Val Accuracy: 5.78
Training Epoch: 7/200	Train Loss: 0.1325	Val Accuracy: 5.78
Training Epoch: 8/200	Train Loss: 0.0644	Val Accuracy: 6.22
Training Epoch: 9/200	Train Loss: 0.0271	Val Accuracy: 6.22
Training Epoch: 10/200	Train Loss: 0.076	Val Accuracy: 6.34
Training Epoch: 11/200	Train Loss: 0.0641	Val Accuracy: 6.34
Training Epoch: 12/200	Train Loss: 0.0594	Val Accuracy: 6.66
Training Epoch: 13/200	Train Loss: 0.099	Val Accuracy: 6.66
Training Epoch: 14/200	Train Loss: 0.0227	Val Accuracy: 6.26
Training Epoch: 15/200	Train Loss: 0.0566	Val Accuracy: 6.26
Training Epoch: 16/200	Train Loss: 0.1643	Val Accuracy: 6.84
Training Epoch: 17/200	Train Loss: 0.097	Val Accuracy: 6.84
Training Epoch: 18/200	Train Loss: 0.1449	Val Accuracy: 6.26
Training Epoch: 19/200	Train Loss: 0.3242	Val Accuracy: 6.26
Training Epoch: 20/200	Train Loss: 0.0725	Val Accuracy: 5.78
Training Epoch: 21/200	Train Loss: 0.3436	Val Accuracy: 5.78
Training Epoch: 22/200	Train Loss: 0.116	Val Accuracy: 6.22
Training Epoch: 23/200	Train Loss: 0.0558	Val Accuracy: 6.22
Training Epoch: 24/200	Train Loss: 0.065	Val Accuracy: 6.18
Training Epoch: 25/200	Train Loss: 0.2955	Val Accuracy: 6.18
Training Epoch: 26/200	Train Loss: 0.0853	Val Accuracy: 6.74
Training Epoch: 27/200	Train Loss: 0.1147	Val Accuracy: 6.74
Training Epoch: 28/200	Train Loss: 0.0662	Val Accuracy: 6.38
Training Epoch: 29/200	Train Loss: 0.072	Val Accuracy: 6.38
Training Epoch: 30/200	Train Loss: 0.0263	Val Accuracy: 6.24
Training Epoch: 31/200	Train Loss: 0.0285	Val Accuracy: 6.24
Training Epoch: 32/200	Train Loss: 0.0275	Val Accuracy: 6.12
Training Epoch: 33/200	Train Loss: 0.0321	Val Accuracy: 6.12
Training Epoch: 34/200	Train Loss: 0.3371	Val Accuracy: 6.32
Training Epoch: 35/200	Train Loss: 0.062	Val Accuracy: 6.32
Training Epoch: 36/200	Train Loss: 0.1924	Val Accuracy: 6.3
Training Epoch: 37/200	Train Loss: 0.1961	Val Accuracy: 6.3
Training Epoch: 38/200	Train Loss: 0.0212	Val Accuracy: 6.2
Training Epoch: 39/200	Train Loss: 0.0467	Val Accuracy: 6.2
Training Epoch: 40/200	Train Loss: 0.0585	Val Accuracy: 5.9
Training Epoch: 41/200	Train Loss: 0.1538	Val Accuracy: 5.9
Training Epoch: 42/200	Train Loss: 0.1473	Val Accuracy: 6.26
Training Epoch: 43/200	Train Loss: 0.1278	Val Accuracy: 6.26
Training Epoch: 44/200	Train Loss: 0.0192	Val Accuracy: 6.4
Training Epoch: 45/200	Train Loss: 0.1217	Val Accuracy: 6.4
Training Epoch: 46/200	Train Loss: 0.0254	Val Accuracy: 6.16
Training Epoch: 47/200	Train Loss: 0.022	Val Accuracy: 6.16
Training Epoch: 48/200	Train Loss: 0.1061	Val Accuracy: 6.26
Training Epoch: 49/200	Train Loss: 0.0523	Val Accuracy: 6.26
Training Epoch: 50/200	Train Loss: 0.0352	Val Accuracy: 6.44
Training Epoch: 51/200	Train Loss: 0.0389	Val Accuracy: 6.44
Training Epoch: 52/200	Train Loss: 0.1278	Val Accuracy: 6.52
Training Epoch: 53/200	Train Loss: 0.012	Val Accuracy: 6.52
Training Epoch: 54/200	Train Loss: 0.0326	Val Accuracy: 6.48
Training Epoch: 55/200	Train Loss: 0.049	Val Accuracy: 6.48
Training Epoch: 56/200	Train Loss: 0.2467	Val Accuracy: 6.42
Training Epoch: 57/200	Train Loss: 0.2275	Val Accuracy: 6.42
Training Epoch: 58/200	Train Loss: 0.0573	Val Accuracy: 6.46
Training Epoch: 59/200	Train Loss: 0.0357	Val Accuracy: 6.46
Training Epoch: 60/200	Train Loss: 0.0279	Val Accuracy: 6.62
Training Epoch: 61/200	Train Loss: 0.0315	Val Accuracy: 6.62
Training Epoch: 62/200	Train Loss: 0.0029	Val Accuracy: 6.24
Training Epoch: 63/200	Train Loss: 0.0278	Val Accuracy: 6.24
Training Epoch: 64/200	Train Loss: 0.0021	Val Accuracy: 6.84
Training Epoch: 65/200	Train Loss: 0.0821	Val Accuracy: 6.84
Training Epoch: 66/200	Train Loss: 0.0148	Val Accuracy: 6.44
Training Epoch: 67/200	Train Loss: 0.0221	Val Accuracy: 6.44
Training Epoch: 68/200	Train Loss: 0.0269	Val Accuracy: 6.66
Training Epoch: 69/200	Train Loss: 0.0317	Val Accuracy: 6.66
Training Epoch: 70/200	Train Loss: 0.0044	Val Accuracy: 6.34
Training Epoch: 71/200	Train Loss: 0.0203	Val Accuracy: 6.34
Training Epoch: 72/200	Train Loss: 0.1421	Val Accuracy: 6.94
Training Epoch: 73/200	Train Loss: 0.0502	Val Accuracy: 6.94
Training Epoch: 74/200	Train Loss: 0.0219	Val Accuracy: 6.78
Training Epoch: 75/200	Train Loss: 0.0056	Val Accuracy: 6.78
Training Epoch: 76/200	Train Loss: 0.0485	Val Accuracy: 6.62
Training Epoch: 77/200	Train Loss: 0.0008	Val Accuracy: 6.62
Training Epoch: 78/200	Train Loss: 0.0062	Val Accuracy: 6.98
Training Epoch: 79/200	Train Loss: 0.02	Val Accuracy: 6.98
Training Epoch: 80/200	Train Loss: 0.035	Val Accuracy: 6.5
Training Epoch: 81/200	Train Loss: 0.0071	Val Accuracy: 6.5
Training Epoch: 82/200	Train Loss: 0.0217	Val Accuracy: 6.18
Training Epoch: 83/200	Train Loss: 0.0023	Val Accuracy: 6.18
Training Epoch: 84/200	Train Loss: 0.0059	Val Accuracy: 6.48
Training Epoch: 85/200	Train Loss: 0.003	Val Accuracy: 6.48
Training Epoch: 86/200	Train Loss: 0.0005	Val Accuracy: 6.38
Training Epoch: 87/200	Train Loss: 0.0026	Val Accuracy: 6.38
Training Epoch: 88/200	Train Loss: 0.0196	Val Accuracy: 6.2
Training Epoch: 89/200	Train Loss: 0.0007	Val Accuracy: 6.2
Training Epoch: 90/200	Train Loss: 0.0251	Val Accuracy: 6.72
Training Epoch: 91/200	Train Loss: 0.0017	Val Accuracy: 6.72
Training Epoch: 92/200	Train Loss: 0.0217	Val Accuracy: 6.82
Training Epoch: 93/200	Train Loss: 0.0104	Val Accuracy: 6.82
Training Epoch: 94/200	Train Loss: 0.0102	Val Accuracy: 6.44
Training Epoch: 95/200	Train Loss: 0.0218	Val Accuracy: 6.44
Training Epoch: 96/200	Train Loss: 0.0007	Val Accuracy: 6.36
Training Epoch: 97/200	Train Loss: 0.0026	Val Accuracy: 6.36
Training Epoch: 98/200	Train Loss: 0.0385	Val Accuracy: 6.64
Training Epoch: 99/200	Train Loss: 0.0053	Val Accuracy: 6.64
Training Epoch: 100/200	Train Loss: 0.0025	Val Accuracy: 6.7
Training Epoch: 101/200	Train Loss: 0.0098	Val Accuracy: 6.7
Training Epoch: 102/200	Train Loss: 0.015	Val Accuracy: 6.82
Training Epoch: 103/200	Train Loss: 0.0442	Val Accuracy: 6.82
Training Epoch: 104/200	Train Loss: 0.0735	Val Accuracy: 6.46
Training Epoch: 105/200	Train Loss: 0.028	Val Accuracy: 6.46
Training Epoch: 106/200	Train Loss: 0.0008	Val Accuracy: 6.52
Training Epoch: 107/200	Train Loss: 0.0028	Val Accuracy: 6.52
Training Epoch: 108/200	Train Loss: 0.0048	Val Accuracy: 6.48
Training Epoch: 109/200	Train Loss: 0.0015	Val Accuracy: 6.48
Training Epoch: 110/200	Train Loss: 0.006	Val Accuracy: 6.56
Training Epoch: 111/200	Train Loss: 0.003	Val Accuracy: 6.56
Training Epoch: 112/200	Train Loss: 0.0081	Val Accuracy: 6.86
Training Epoch: 113/200	Train Loss: 0.1038	Val Accuracy: 6.86
Training Epoch: 114/200	Train Loss: 0.0082	Val Accuracy: 6.38
Training Epoch: 115/200	Train Loss: 0.0107	Val Accuracy: 6.38
Training Epoch: 116/200	Train Loss: 0.0023	Val Accuracy: 6.44
Training Epoch: 117/200	Train Loss: 0.0005	Val Accuracy: 6.44
Training Epoch: 118/200	Train Loss: 0.0012	Val Accuracy: 6.58
Training Epoch: 119/200	Train Loss: 0.0083	Val Accuracy: 6.58
Training Epoch: 120/200	Train Loss: 0.0004	Val Accuracy: 7.04
Training Epoch: 121/200	Train Loss: 0.0003	Val Accuracy: 7.04
Training Epoch: 122/200	Train Loss: 0.0007	Val Accuracy: 6.44
Training Epoch: 123/200	Train Loss: 0.001	Val Accuracy: 6.44
Training Epoch: 124/200	Train Loss: 0.0012	Val Accuracy: 6.42
Training Epoch: 125/200	Train Loss: 0.0015	Val Accuracy: 6.42
Training Epoch: 126/200	Train Loss: 0.0005	Val Accuracy: 6.28
Training Epoch: 127/200	Train Loss: 0.0095	Val Accuracy: 6.28
Training Epoch: 128/200	Train Loss: 0.0011	Val Accuracy: 6.74
Training Epoch: 129/200	Train Loss: 0.0011	Val Accuracy: 6.74
Training Epoch: 130/200	Train Loss: 0.0019	Val Accuracy: 6.54
Training Epoch: 131/200	Train Loss: 0.0021	Val Accuracy: 6.54
Training Epoch: 132/200	Train Loss: 0.0022	Val Accuracy: 6.72
Training Epoch: 133/200	Train Loss: 0.0001	Val Accuracy: 6.72
Training Epoch: 134/200	Train Loss: 0.0046	Val Accuracy: 6.3
Training Epoch: 135/200	Train Loss: 0.001	Val Accuracy: 6.3
Training Epoch: 136/200	Train Loss: 0.001	Val Accuracy: 6.78
Training Epoch: 137/200	Train Loss: 0.0047	Val Accuracy: 6.78
Training Epoch: 138/200	Train Loss: 0.0017	Val Accuracy: 6.62
Training Epoch: 139/200	Train Loss: 0.0009	Val Accuracy: 6.62
Training Epoch: 140/200	Train Loss: 0.0002	Val Accuracy: 6.5
Training Epoch: 141/200	Train Loss: 0.0017	Val Accuracy: 6.5
Training Epoch: 142/200	Train Loss: 0.0001	Val Accuracy: 6.62
Training Epoch: 143/200	Train Loss: 0.0008	Val Accuracy: 6.62
Training Epoch: 144/200	Train Loss: 0.0002	Val Accuracy: 6.56
Training Epoch: 145/200	Train Loss: 0.0003	Val Accuracy: 6.56
Training Epoch: 146/200	Train Loss: 0.0017	Val Accuracy: 6.8
Training Epoch: 147/200	Train Loss: 0.0023	Val Accuracy: 6.8
Training Epoch: 148/200	Train Loss: 0.001	Val Accuracy: 6.56
Training Epoch: 149/200	Train Loss: 0.0004	Val Accuracy: 6.56
Training Epoch: 150/200	Train Loss: 0.0007	Val Accuracy: 6.82
Training Epoch: 151/200	Train Loss: 0.0049	Val Accuracy: 6.82
Training Epoch: 152/200	Train Loss: 0.0009	Val Accuracy: 6.74
Training Epoch: 153/200	Train Loss: 0.0683	Val Accuracy: 6.74
Training Epoch: 154/200	Train Loss: 0.0002	Val Accuracy: 6.68
Training Epoch: 155/200	Train Loss: 0.0047	Val Accuracy: 6.68
Training Epoch: 156/200	Train Loss: 0.0008	Val Accuracy: 6.78
Training Epoch: 157/200	Train Loss: 0.0005	Val Accuracy: 6.78
Training Epoch: 158/200	Train Loss: 0.0014	Val Accuracy: 6.88
Training Epoch: 159/200	Train Loss: 0.002	Val Accuracy: 6.88
Training Epoch: 160/200	Train Loss: 0.0001	Val Accuracy: 6.78
Training Epoch: 161/200	Train Loss: 0.0007	Val Accuracy: 6.78
Training Epoch: 162/200	Train Loss: 0.008	Val Accuracy: 6.86
Training Epoch: 163/200	Train Loss: 0.0003	Val Accuracy: 6.86
Training Epoch: 164/200	Train Loss: 0.0007	Val Accuracy: 6.9
Training Epoch: 165/200	Train Loss: 0.0041	Val Accuracy: 6.9
Training Epoch: 166/200	Train Loss: 0.0273	Val Accuracy: 6.74
Training Epoch: 167/200	Train Loss: 0.0058	Val Accuracy: 6.74
Training Epoch: 168/200	Train Loss: 0.003	Val Accuracy: 7.1
Training Epoch: 169/200	Train Loss: 0.0002	Val Accuracy: 7.1
Training Epoch: 170/200	Train Loss: 0.0002	Val Accuracy: 6.82
Training Epoch: 171/200	Train Loss: 0.0002	Val Accuracy: 6.82
Training Epoch: 172/200	Train Loss: 0.0046	Val Accuracy: 7.18
Training Epoch: 173/200	Train Loss: 0.002	Val Accuracy: 7.18
Training Epoch: 174/200	Train Loss: 0.0004	Val Accuracy: 6.64
Training Epoch: 175/200	Train Loss: 0.0015	Val Accuracy: 6.64
Training Epoch: 176/200	Train Loss: 0.0005	Val Accuracy: 6.92
Training Epoch: 177/200	Train Loss: 0.0002	Val Accuracy: 6.92
Training Epoch: 178/200	Train Loss: 0.001	Val Accuracy: 6.82
Training Epoch: 179/200	Train Loss: 0.0009	Val Accuracy: 6.82
Training Epoch: 180/200	Train Loss: 0.0001	Val Accuracy: 6.92
Training Epoch: 181/200	Train Loss: 0.0002	Val Accuracy: 6.92
Training Epoch: 182/200	Train Loss: 0.0013	Val Accuracy: 6.58
Training Epoch: 183/200	Train Loss: 0.001	Val Accuracy: 6.58
Training Epoch: 184/200	Train Loss: 0.0006	Val Accuracy: 6.66
Training Epoch: 185/200	Train Loss: 0.0241	Val Accuracy: 6.66
Training Epoch: 186/200	Train Loss: 0.0006	Val Accuracy: 6.64
Training Epoch: 187/200	Train Loss: 0.001	Val Accuracy: 6.64
Training Epoch: 188/200	Train Loss: 0.0596	Val Accuracy: 6.5
Training Epoch: 189/200	Train Loss: 0.003	Val Accuracy: 6.5
Training Epoch: 190/200	Train Loss: 0.0005	Val Accuracy: 7.0
Training Epoch: 191/200	Train Loss: 0.0045	Val Accuracy: 7.0
Training Epoch: 192/200	Train Loss: 0.0012	Val Accuracy: 6.94
Training Epoch: 193/200	Train Loss: 0.0111	Val Accuracy: 6.94
Training Epoch: 194/200	Train Loss: 0.0069	Val Accuracy: 6.72
Training Epoch: 195/200	Train Loss: 0.0012	Val Accuracy: 6.72
Training Epoch: 196/200	Train Loss: 0.0001	Val Accuracy: 6.88
Training Epoch: 197/200	Train Loss: 0.0003	Val Accuracy: 6.88
Training Epoch: 198/200	Train Loss: 0.002	Val Accuracy: 7.02
Training Epoch: 199/200	Train Loss: 0.0014	Val Accuracy: 7.02
Training Epoch: 200/200	Train Loss: 0.0034	Val Accuracy: 6.58

Wrote Best Model Checkpoint to: vlBest_acc_7_model_epoch_0172.pyth

Best Validation Accuracy: 7.18
Best Epoch: 172

======== TESTING ========

Test Accuracy: 7.65.

======== ACTIVE SAMPLING ========

ProbCover adaptive delta: base=0.2500, effective=0.2125, scale=0.85, phase=post_label_shrink, labeled_count=350
Coverage selection metadata: active=False (mode=adaptive_density_cover, variant=unknown, delta=0.2125, phase=adaptive_signal, bald_mean=0.0000, bald_max=0.0000, variance_mean=0.0000, variance_max=0.0000, dropout_iters=0, cover_anchors=0, diversity_lambda=0.00, selected_id_mean=0.0000, selected_signal_mean=0.8501, selected_radius_mean=0.1596, k_id=50, k_knn=50, alpha=1.00)
Active Sampling Complete. After Episode 6:
New Labeled Set: 400, New Unlabeled Set: 44600, Active Set: 50

================================


Current accuracy values:  [4.170000000000002, 5.269999999999996, 5.6200000000000045, 6.689999999999998, 7.290000000000006, 7.579999999999998, 7.650000000000006]
======== EPISODE 7 BEGINS ========

======== TRAINING ========
Training Epoch: 1/200	Train Loss: 0.4885	Val Accuracy: 0.0
Training Epoch: 2/200	Train Loss: 0.0664	Val Accuracy: 6.32
Training Epoch: 3/200	Train Loss: 0.0268	Val Accuracy: 6.32
Training Epoch: 4/200	Train Loss: 0.012	Val Accuracy: 6.76
Training Epoch: 5/200	Train Loss: 0.011	Val Accuracy: 6.76
Training Epoch: 6/200	Train Loss: 0.0672	Val Accuracy: 7.08
Training Epoch: 7/200	Train Loss: 0.1907	Val Accuracy: 7.08
Training Epoch: 8/200	Train Loss: 0.0668	Val Accuracy: 6.76
Training Epoch: 9/200	Train Loss: 0.005	Val Accuracy: 6.76
Training Epoch: 10/200	Train Loss: 0.0176	Val Accuracy: 6.62
Training Epoch: 11/200	Train Loss: 0.0004	Val Accuracy: 6.62
Training Epoch: 12/200	Train Loss: 0.0048	Val Accuracy: 6.74
Training Epoch: 13/200	Train Loss: 0.0058	Val Accuracy: 6.74
Training Epoch: 14/200	Train Loss: 0.0028	Val Accuracy: 6.7
Training Epoch: 15/200	Train Loss: 0.0006	Val Accuracy: 6.7
Training Epoch: 16/200	Train Loss: 0.0035	Val Accuracy: 6.66
Training Epoch: 17/200	Train Loss: 0.002	Val Accuracy: 6.66
Training Epoch: 18/200	Train Loss: 0.0066	Val Accuracy: 6.68
Training Epoch: 19/200	Train Loss: 0.0038	Val Accuracy: 6.68
Training Epoch: 20/200	Train Loss: 0.0033	Val Accuracy: 6.98
Training Epoch: 21/200	Train Loss: 0.0027	Val Accuracy: 6.98
Training Epoch: 22/200	Train Loss: 0.0385	Val Accuracy: 6.84
Training Epoch: 23/200	Train Loss: 0.0084	Val Accuracy: 6.84
Training Epoch: 24/200	Train Loss: 0.0163	Val Accuracy: 6.54
Training Epoch: 25/200	Train Loss: 0.0383	Val Accuracy: 6.54
Training Epoch: 26/200	Train Loss: 0.0016	Val Accuracy: 6.36
Training Epoch: 27/200	Train Loss: 0.1755	Val Accuracy: 6.36
Training Epoch: 28/200	Train Loss: 0.0391	Val Accuracy: 6.62
Training Epoch: 29/200	Train Loss: 0.0412	Val Accuracy: 6.62
Training Epoch: 30/200	Train Loss: 0.0349	Val Accuracy: 6.64
Training Epoch: 31/200	Train Loss: 0.1419	Val Accuracy: 6.64
Training Epoch: 32/200	Train Loss: 0.0222	Val Accuracy: 6.3
Training Epoch: 33/200	Train Loss: 0.0045	Val Accuracy: 6.3
Training Epoch: 34/200	Train Loss: 0.0435	Val Accuracy: 6.4
Training Epoch: 35/200	Train Loss: 0.0469	Val Accuracy: 6.4
Training Epoch: 36/200	Train Loss: 0.0231	Val Accuracy: 6.28
Training Epoch: 37/200	Train Loss: 0.053	Val Accuracy: 6.28
Training Epoch: 38/200	Train Loss: 0.0128	Val Accuracy: 6.12
Training Epoch: 39/200	Train Loss: 0.0632	Val Accuracy: 6.12
Training Epoch: 40/200	Train Loss: 0.11	Val Accuracy: 6.58
Training Epoch: 41/200	Train Loss: 0.1463	Val Accuracy: 6.58
Training Epoch: 42/200	Train Loss: 0.0917	Val Accuracy: 6.6
Training Epoch: 43/200	Train Loss: 0.0025	Val Accuracy: 6.6
Training Epoch: 44/200	Train Loss: 0.0296	Val Accuracy: 6.56
Training Epoch: 45/200	Train Loss: 0.0195	Val Accuracy: 6.56
Training Epoch: 46/200	Train Loss: 0.028	Val Accuracy: 6.52
Training Epoch: 47/200	Train Loss: 0.0203	Val Accuracy: 6.52
Training Epoch: 48/200	Train Loss: 0.0059	Val Accuracy: 6.72
Training Epoch: 49/200	Train Loss: 0.0073	Val Accuracy: 6.72
Training Epoch: 50/200	Train Loss: 0.0033	Val Accuracy: 6.64
Training Epoch: 51/200	Train Loss: 0.0191	Val Accuracy: 6.64
Training Epoch: 52/200	Train Loss: 0.0012	Val Accuracy: 6.52
Training Epoch: 53/200	Train Loss: 0.0085	Val Accuracy: 6.52
Training Epoch: 54/200	Train Loss: 0.0102	Val Accuracy: 6.86
Training Epoch: 55/200	Train Loss: 0.0688	Val Accuracy: 6.86
Training Epoch: 56/200	Train Loss: 0.0091	Val Accuracy: 6.62
Training Epoch: 57/200	Train Loss: 0.0019	Val Accuracy: 6.62
Training Epoch: 58/200	Train Loss: 0.0295	Val Accuracy: 6.52
Training Epoch: 59/200	Train Loss: 0.0009	Val Accuracy: 6.52
Training Epoch: 60/200	Train Loss: 0.0463	Val Accuracy: 7.04
Training Epoch: 61/200	Train Loss: 0.0061	Val Accuracy: 7.04
Training Epoch: 62/200	Train Loss: 0.0028	Val Accuracy: 6.84
Training Epoch: 63/200	Train Loss: 0.0009	Val Accuracy: 6.84
Training Epoch: 64/200	Train Loss: 0.0031	Val Accuracy: 6.88
Training Epoch: 65/200	Train Loss: 0.001	Val Accuracy: 6.88
Training Epoch: 66/200	Train Loss: 0.0036	Val Accuracy: 7.32
Training Epoch: 67/200	Train Loss: 0.0183	Val Accuracy: 7.32
Training Epoch: 68/200	Train Loss: 0.0021	Val Accuracy: 6.86
Training Epoch: 69/200	Train Loss: 0.0026	Val Accuracy: 6.86
Training Epoch: 70/200	Train Loss: 0.0997	Val Accuracy: 6.9
Training Epoch: 71/200	Train Loss: 0.0011	Val Accuracy: 6.9
Training Epoch: 72/200	Train Loss: 0.0032	Val Accuracy: 7.26
Training Epoch: 73/200	Train Loss: 0.0053	Val Accuracy: 7.26
Training Epoch: 74/200	Train Loss: 0.0021	Val Accuracy: 6.6
Training Epoch: 75/200	Train Loss: 0.005	Val Accuracy: 6.6
Training Epoch: 76/200	Train Loss: 0.0009	Val Accuracy: 6.86
Training Epoch: 77/200	Train Loss: 0.0008	Val Accuracy: 6.86
Training Epoch: 78/200	Train Loss: 0.0007	Val Accuracy: 6.76
Training Epoch: 79/200	Train Loss: 0.0318	Val Accuracy: 6.76
Training Epoch: 80/200	Train Loss: 0.0134	Val Accuracy: 6.3
Training Epoch: 81/200	Train Loss: 0.0036	Val Accuracy: 6.3
Training Epoch: 82/200	Train Loss: 0.0114	Val Accuracy: 6.64
Training Epoch: 83/200	Train Loss: 0.0027	Val Accuracy: 6.64
Training Epoch: 84/200	Train Loss: 0.0283	Val Accuracy: 6.86
Training Epoch: 85/200	Train Loss: 0.0318	Val Accuracy: 6.86
Training Epoch: 86/200	Train Loss: 0.0005	Val Accuracy: 6.46
Training Epoch: 87/200	Train Loss: 0.0025	Val Accuracy: 6.46
Training Epoch: 88/200	Train Loss: 0.0025	Val Accuracy: 6.92
Training Epoch: 89/200	Train Loss: 0.0017	Val Accuracy: 6.92
Training Epoch: 90/200	Train Loss: 0.0025	Val Accuracy: 6.94
Training Epoch: 91/200	Train Loss: 0.0004	Val Accuracy: 6.94
Training Epoch: 92/200	Train Loss: 0.0013	Val Accuracy: 7.08
Training Epoch: 93/200	Train Loss: 0.0025	Val Accuracy: 7.08
Training Epoch: 94/200	Train Loss: 0.0666	Val Accuracy: 7.24
Training Epoch: 95/200	Train Loss: 0.0036	Val Accuracy: 7.24
Training Epoch: 96/200	Train Loss: 0.0156	Val Accuracy: 6.88
Training Epoch: 97/200	Train Loss: 0.0006	Val Accuracy: 6.88
Training Epoch: 98/200	Train Loss: 0.0004	Val Accuracy: 6.96
Training Epoch: 99/200	Train Loss: 0.0	Val Accuracy: 6.96
Training Epoch: 100/200	Train Loss: 0.0142	Val Accuracy: 6.72
Training Epoch: 101/200	Train Loss: 0.0024	Val Accuracy: 6.72
Training Epoch: 102/200	Train Loss: 0.0038	Val Accuracy: 7.14
Training Epoch: 103/200	Train Loss: 0.0002	Val Accuracy: 7.14
Training Epoch: 104/200	Train Loss: 0.0153	Val Accuracy: 7.38
Training Epoch: 105/200	Train Loss: 0.0002	Val Accuracy: 7.38
Training Epoch: 106/200	Train Loss: 0.0084	Val Accuracy: 7.16
Training Epoch: 107/200	Train Loss: 0.0006	Val Accuracy: 7.16
Training Epoch: 108/200	Train Loss: 0.0015	Val Accuracy: 6.9
Training Epoch: 109/200	Train Loss: 0.0001	Val Accuracy: 6.9
Training Epoch: 110/200	Train Loss: 0.0003	Val Accuracy: 7.18
Training Epoch: 111/200	Train Loss: 0.0013	Val Accuracy: 7.18
Training Epoch: 112/200	Train Loss: 0.0007	Val Accuracy: 7.24
Training Epoch: 113/200	Train Loss: 0.0001	Val Accuracy: 7.24
Training Epoch: 114/200	Train Loss: 0.0002	Val Accuracy: 7.08
Training Epoch: 115/200	Train Loss: 0.0558	Val Accuracy: 7.08
Training Epoch: 116/200	Train Loss: 0.0004	Val Accuracy: 6.76
Training Epoch: 117/200	Train Loss: 0.0073	Val Accuracy: 6.76
Training Epoch: 118/200	Train Loss: 0.0045	Val Accuracy: 6.94
Training Epoch: 119/200	Train Loss: 0.0004	Val Accuracy: 6.94
Training Epoch: 120/200	Train Loss: 0.0016	Val Accuracy: 6.88
Training Epoch: 121/200	Train Loss: 0.0007	Val Accuracy: 6.88
Training Epoch: 122/200	Train Loss: 0.0807	Val Accuracy: 6.52
Training Epoch: 123/200	Train Loss: 0.0057	Val Accuracy: 6.52
Training Epoch: 124/200	Train Loss: 0.0002	Val Accuracy: 6.64
Training Epoch: 125/200	Train Loss: 0.001	Val Accuracy: 6.64
Training Epoch: 126/200	Train Loss: 0.0005	Val Accuracy: 7.06
Training Epoch: 127/200	Train Loss: 0.0001	Val Accuracy: 7.06
Training Epoch: 128/200	Train Loss: 0.0005	Val Accuracy: 6.94
Training Epoch: 129/200	Train Loss: 0.074	Val Accuracy: 6.94
Training Epoch: 130/200	Train Loss: 0.001	Val Accuracy: 6.88
Training Epoch: 131/200	Train Loss: 0.0016	Val Accuracy: 6.88
Training Epoch: 132/200	Train Loss: 0.0196	Val Accuracy: 6.86
Training Epoch: 133/200	Train Loss: 0.0001	Val Accuracy: 6.86
Training Epoch: 134/200	Train Loss: 0.0003	Val Accuracy: 7.16
Training Epoch: 135/200	Train Loss: 0.0009	Val Accuracy: 7.16
Training Epoch: 136/200	Train Loss: 0.0002	Val Accuracy: 6.88
Training Epoch: 137/200	Train Loss: 0.0006	Val Accuracy: 6.88
Training Epoch: 138/200	Train Loss: 0.0001	Val Accuracy: 7.3
Training Epoch: 139/200	Train Loss: 0.0019	Val Accuracy: 7.3
Training Epoch: 140/200	Train Loss: 0.0002	Val Accuracy: 6.68
Training Epoch: 141/200	Train Loss: 0.0013	Val Accuracy: 6.68
Training Epoch: 142/200	Train Loss: 0.0018	Val Accuracy: 7.06
Training Epoch: 143/200	Train Loss: 0.0002	Val Accuracy: 7.06
Training Epoch: 144/200	Train Loss: 0.0033	Val Accuracy: 7.08
Training Epoch: 145/200	Train Loss: 0.0073	Val Accuracy: 7.08
Training Epoch: 146/200	Train Loss: 0.0003	Val Accuracy: 7.48
Training Epoch: 147/200	Train Loss: 0.0022	Val Accuracy: 7.48
Training Epoch: 148/200	Train Loss: 0.0001	Val Accuracy: 7.2
Training Epoch: 149/200	Train Loss: 0.0004	Val Accuracy: 7.2
Training Epoch: 150/200	Train Loss: 0.0002	Val Accuracy: 7.18
Training Epoch: 151/200	Train Loss: 0.0006	Val Accuracy: 7.18
Training Epoch: 152/200	Train Loss: 0.0001	Val Accuracy: 7.1
Training Epoch: 153/200	Train Loss: 0.0016	Val Accuracy: 7.1
Training Epoch: 154/200	Train Loss: 0.0006	Val Accuracy: 6.92
Training Epoch: 155/200	Train Loss: 0.0003	Val Accuracy: 6.92
Training Epoch: 156/200	Train Loss: 0.0006	Val Accuracy: 6.92
Training Epoch: 157/200	Train Loss: 0.0002	Val Accuracy: 6.92
Training Epoch: 158/200	Train Loss: 0.0006	Val Accuracy: 7.06
Training Epoch: 159/200	Train Loss: 0.0112	Val Accuracy: 7.06
Training Epoch: 160/200	Train Loss: 0.0007	Val Accuracy: 7.06
Training Epoch: 161/200	Train Loss: 0.0029	Val Accuracy: 7.06
Training Epoch: 162/200	Train Loss: 0.0003	Val Accuracy: 7.18
Training Epoch: 163/200	Train Loss: 0.0021	Val Accuracy: 7.18
Training Epoch: 164/200	Train Loss: 0.0002	Val Accuracy: 7.2
Training Epoch: 165/200	Train Loss: 0.0001	Val Accuracy: 7.2
Training Epoch: 166/200	Train Loss: 0.0013	Val Accuracy: 7.04
Training Epoch: 167/200	Train Loss: 0.002	Val Accuracy: 7.04
Training Epoch: 168/200	Train Loss: 0.0003	Val Accuracy: 6.82
Training Epoch: 169/200	Train Loss: 0.0001	Val Accuracy: 6.82
Training Epoch: 170/200	Train Loss: 0.0013	Val Accuracy: 7.28
Training Epoch: 171/200	Train Loss: 0.0001	Val Accuracy: 7.28
Training Epoch: 172/200	Train Loss: 0.0006	Val Accuracy: 6.84
Training Epoch: 173/200	Train Loss: 0.0001	Val Accuracy: 6.84
Training Epoch: 174/200	Train Loss: 0.0228	Val Accuracy: 6.98
Training Epoch: 175/200	Train Loss: 0.0001	Val Accuracy: 6.98
Training Epoch: 176/200	Train Loss: 0.0002	Val Accuracy: 7.0
Training Epoch: 177/200	Train Loss: 0.0004	Val Accuracy: 7.0
Training Epoch: 178/200	Train Loss: 0.0004	Val Accuracy: 7.24
Training Epoch: 179/200	Train Loss: 0.0003	Val Accuracy: 7.24
Training Epoch: 180/200	Train Loss: 0.0006	Val Accuracy: 7.1
Training Epoch: 181/200	Train Loss: 0.0006	Val Accuracy: 7.1
Training Epoch: 182/200	Train Loss: 0.0003	Val Accuracy: 6.58
Training Epoch: 183/200	Train Loss: 0.0003	Val Accuracy: 6.58
Training Epoch: 184/200	Train Loss: 0.0001	Val Accuracy: 7.1
Training Epoch: 185/200	Train Loss: 0.0001	Val Accuracy: 7.1
Training Epoch: 186/200	Train Loss: 0.0003	Val Accuracy: 6.92
Training Epoch: 187/200	Train Loss: 0.0005	Val Accuracy: 6.92
Training Epoch: 188/200	Train Loss: 0.0001	Val Accuracy: 7.2
Training Epoch: 189/200	Train Loss: 0.0018	Val Accuracy: 7.2
Training Epoch: 190/200	Train Loss: 0.0003	Val Accuracy: 7.0
Training Epoch: 191/200	Train Loss: 0.0002	Val Accuracy: 7.0
Training Epoch: 192/200	Train Loss: 0.0003	Val Accuracy: 7.3
Training Epoch: 193/200	Train Loss: 0.0039	Val Accuracy: 7.3
Training Epoch: 194/200	Train Loss: 0.014	Val Accuracy: 7.12
Training Epoch: 195/200	Train Loss: 0.0001	Val Accuracy: 7.12
Training Epoch: 196/200	Train Loss: 0.0013	Val Accuracy: 6.8
Training Epoch: 197/200	Train Loss: 0.0019	Val Accuracy: 6.8
Training Epoch: 198/200	Train Loss: 0.0001	Val Accuracy: 7.36
Training Epoch: 199/200	Train Loss: 0.0019	Val Accuracy: 7.36
Training Epoch: 200/200	Train Loss: 0.0004	Val Accuracy: 6.92

Wrote Best Model Checkpoint to: vlBest_acc_7_model_epoch_0146.pyth

Best Validation Accuracy: 7.48
Best Epoch: 146

======== TESTING ========

Test Accuracy: 7.97.

======== ACTIVE SAMPLING ========

ProbCover adaptive delta: base=0.2500, effective=0.2125, scale=0.85, phase=post_label_shrink, labeled_count=400
Coverage selection metadata: active=False (mode=adaptive_density_cover, variant=unknown, delta=0.2125, phase=adaptive_signal, bald_mean=0.0000, bald_max=0.0000, variance_mean=0.0000, variance_max=0.0000, dropout_iters=0, cover_anchors=0, diversity_lambda=0.00, selected_id_mean=0.0000, selected_signal_mean=0.8424, selected_radius_mean=0.1610, k_id=50, k_knn=50, alpha=1.00)
Active Sampling Complete. After Episode 7:
New Labeled Set: 450, New Unlabeled Set: 44550, Active Set: 50

================================


Current accuracy values:  [4.170000000000002, 5.269999999999996, 5.6200000000000045, 6.689999999999998, 7.290000000000006, 7.579999999999998, 7.650000000000006, 7.969999999999999]
======== EPISODE 8 BEGINS ========

======== TRAINING ========
Training Epoch: 1/200	Train Loss: 0.1079	Val Accuracy: 0.0
Training Epoch: 2/200	Train Loss: 0.0682	Val Accuracy: 6.54
Training Epoch: 3/200	Train Loss: 0.3785	Val Accuracy: 6.54
Training Epoch: 4/200	Train Loss: 0.3043	Val Accuracy: 6.7
Training Epoch: 5/200	Train Loss: 0.2972	Val Accuracy: 6.7
Training Epoch: 6/200	Train Loss: 0.1534	Val Accuracy: 6.78
Training Epoch: 7/200	Train Loss: 0.0542	Val Accuracy: 6.78
Training Epoch: 8/200	Train Loss: 0.1722	Val Accuracy: 6.82
Training Epoch: 9/200	Train Loss: 0.1265	Val Accuracy: 6.82
Training Epoch: 10/200	Train Loss: 0.0536	Val Accuracy: 6.38
Training Epoch: 11/200	Train Loss: 0.1316	Val Accuracy: 6.38
Training Epoch: 12/200	Train Loss: 0.0391	Val Accuracy: 6.24
Training Epoch: 13/200	Train Loss: 0.0607	Val Accuracy: 6.24
Training Epoch: 14/200	Train Loss: 0.1476	Val Accuracy: 6.38
Training Epoch: 15/200	Train Loss: 0.4884	Val Accuracy: 6.38
Training Epoch: 16/200	Train Loss: 0.0487	Val Accuracy: 6.34
Training Epoch: 17/200	Train Loss: 0.0859	Val Accuracy: 6.34
Training Epoch: 18/200	Train Loss: 0.1417	Val Accuracy: 6.3
Training Epoch: 19/200	Train Loss: 0.0094	Val Accuracy: 6.3
Training Epoch: 20/200	Train Loss: 0.0596	Val Accuracy: 6.76
Training Epoch: 21/200	Train Loss: 0.0116	Val Accuracy: 6.76
Training Epoch: 22/200	Train Loss: 0.0056	Val Accuracy: 6.96
Training Epoch: 23/200	Train Loss: 0.0335	Val Accuracy: 6.96
Training Epoch: 24/200	Train Loss: 0.2493	Val Accuracy: 6.2
Training Epoch: 25/200	Train Loss: 0.1327	Val Accuracy: 6.2
Training Epoch: 26/200	Train Loss: 0.0247	Val Accuracy: 5.8
Training Epoch: 27/200	Train Loss: 0.135	Val Accuracy: 5.8
Training Epoch: 28/200	Train Loss: 0.089	Val Accuracy: 6.14
Training Epoch: 29/200	Train Loss: 0.3074	Val Accuracy: 6.14
Training Epoch: 30/200	Train Loss: 0.0725	Val Accuracy: 6.3
Training Epoch: 31/200	Train Loss: 0.0308	Val Accuracy: 6.3
Training Epoch: 32/200	Train Loss: 0.0263	Val Accuracy: 6.88
Training Epoch: 33/200	Train Loss: 0.0614	Val Accuracy: 6.88
Training Epoch: 34/200	Train Loss: 0.0165	Val Accuracy: 6.56
Training Epoch: 35/200	Train Loss: 0.0486	Val Accuracy: 6.56
Training Epoch: 36/200	Train Loss: 0.004	Val Accuracy: 6.64
Training Epoch: 37/200	Train Loss: 0.0296	Val Accuracy: 6.64
Training Epoch: 38/200	Train Loss: 0.0401	Val Accuracy: 7.04
Training Epoch: 39/200	Train Loss: 0.0015	Val Accuracy: 7.04
Training Epoch: 40/200	Train Loss: 0.0208	Val Accuracy: 6.86
Training Epoch: 41/200	Train Loss: 0.0918	Val Accuracy: 6.86
Training Epoch: 42/200	Train Loss: 0.0492	Val Accuracy: 6.58
Training Epoch: 43/200	Train Loss: 0.0181	Val Accuracy: 6.58
Training Epoch: 44/200	Train Loss: 0.0349	Val Accuracy: 6.9
Training Epoch: 45/200	Train Loss: 0.0037	Val Accuracy: 6.9
Training Epoch: 46/200	Train Loss: 0.0053	Val Accuracy: 6.74
Training Epoch: 47/200	Train Loss: 0.002	Val Accuracy: 6.74
Training Epoch: 48/200	Train Loss: 0.0086	Val Accuracy: 6.68
Training Epoch: 49/200	Train Loss: 0.0052	Val Accuracy: 6.68
Training Epoch: 50/200	Train Loss: 0.072	Val Accuracy: 6.7
Training Epoch: 51/200	Train Loss: 0.0493	Val Accuracy: 6.7
Training Epoch: 52/200	Train Loss: 0.0825	Val Accuracy: 6.7
Training Epoch: 53/200	Train Loss: 0.0174	Val Accuracy: 6.7
Training Epoch: 54/200	Train Loss: 0.0032	Val Accuracy: 6.5
Training Epoch: 55/200	Train Loss: 0.002	Val Accuracy: 6.5
Training Epoch: 56/200	Train Loss: 0.037	Val Accuracy: 6.46
Training Epoch: 57/200	Train Loss: 0.1056	Val Accuracy: 6.46
Training Epoch: 58/200	Train Loss: 0.0051	Val Accuracy: 6.6
Training Epoch: 59/200	Train Loss: 0.0879	Val Accuracy: 6.6
Training Epoch: 60/200	Train Loss: 0.0032	Val Accuracy: 6.84
Training Epoch: 61/200	Train Loss: 0.0062	Val Accuracy: 6.84
Training Epoch: 62/200	Train Loss: 0.005	Val Accuracy: 7.14
Training Epoch: 63/200	Train Loss: 0.014	Val Accuracy: 7.14
Training Epoch: 64/200	Train Loss: 0.1197	Val Accuracy: 7.2
Training Epoch: 65/200	Train Loss: 0.0089	Val Accuracy: 7.2
Training Epoch: 66/200	Train Loss: 0.0517	Val Accuracy: 7.02
Training Epoch: 67/200	Train Loss: 0.0022	Val Accuracy: 7.02
Training Epoch: 68/200	Train Loss: 0.0063	Val Accuracy: 6.8
Training Epoch: 69/200	Train Loss: 0.0104	Val Accuracy: 6.8
Training Epoch: 70/200	Train Loss: 0.0022	Val Accuracy: 6.78
Training Epoch: 71/200	Train Loss: 0.011	Val Accuracy: 6.78
Training Epoch: 72/200	Train Loss: 0.0089	Val Accuracy: 6.54
Training Epoch: 73/200	Train Loss: 0.1395	Val Accuracy: 6.54
Training Epoch: 74/200	Train Loss: 0.0006	Val Accuracy: 6.74
Training Epoch: 75/200	Train Loss: 0.0091	Val Accuracy: 6.74
Training Epoch: 76/200	Train Loss: 0.0125	Val Accuracy: 6.72
Training Epoch: 77/200	Train Loss: 0.0003	Val Accuracy: 6.72
Training Epoch: 78/200	Train Loss: 0.0017	Val Accuracy: 6.74
Training Epoch: 79/200	Train Loss: 0.0014	Val Accuracy: 6.74
Training Epoch: 80/200	Train Loss: 0.0187	Val Accuracy: 6.86
Training Epoch: 81/200	Train Loss: 0.0175	Val Accuracy: 6.86
Training Epoch: 82/200	Train Loss: 0.0016	Val Accuracy: 7.1
Training Epoch: 83/200	Train Loss: 0.0393	Val Accuracy: 7.1
Training Epoch: 84/200	Train Loss: 0.0482	Val Accuracy: 6.8
Training Epoch: 85/200	Train Loss: 0.0186	Val Accuracy: 6.8
Training Epoch: 86/200	Train Loss: 0.0027	Val Accuracy: 6.8
Training Epoch: 87/200	Train Loss: 0.0004	Val Accuracy: 6.8
Training Epoch: 88/200	Train Loss: 0.005	Val Accuracy: 6.72
Training Epoch: 89/200	Train Loss: 0.0074	Val Accuracy: 6.72
Training Epoch: 90/200	Train Loss: 0.0006	Val Accuracy: 6.6
Training Epoch: 91/200	Train Loss: 0.0019	Val Accuracy: 6.6
Training Epoch: 92/200	Train Loss: 0.0202	Val Accuracy: 6.76
Training Epoch: 93/200	Train Loss: 0.0018	Val Accuracy: 6.76
Training Epoch: 94/200	Train Loss: 0.0004	Val Accuracy: 7.1
Training Epoch: 95/200	Train Loss: 0.0019	Val Accuracy: 7.1
Training Epoch: 96/200	Train Loss: 0.0007	Val Accuracy: 6.88
Training Epoch: 97/200	Train Loss: 0.0246	Val Accuracy: 6.88
Training Epoch: 98/200	Train Loss: 0.0005	Val Accuracy: 7.02
Training Epoch: 99/200	Train Loss: 0.0332	Val Accuracy: 7.02
Training Epoch: 100/200	Train Loss: 0.0057	Val Accuracy: 6.78
Training Epoch: 101/200	Train Loss: 0.0341	Val Accuracy: 6.78
Training Epoch: 102/200	Train Loss: 0.001	Val Accuracy: 6.64
Training Epoch: 103/200	Train Loss: 0.0004	Val Accuracy: 6.64
Training Epoch: 104/200	Train Loss: 0.0081	Val Accuracy: 6.64
Training Epoch: 105/200	Train Loss: 0.0471	Val Accuracy: 6.64
Training Epoch: 106/200	Train Loss: 0.0013	Val Accuracy: 6.74
Training Epoch: 107/200	Train Loss: 0.0009	Val Accuracy: 6.74
Training Epoch: 108/200	Train Loss: 0.0743	Val Accuracy: 7.08
Training Epoch: 109/200	Train Loss: 0.0017	Val Accuracy: 7.08
Training Epoch: 110/200	Train Loss: 0.0009	Val Accuracy: 6.7
Training Epoch: 111/200	Train Loss: 0.0016	Val Accuracy: 6.7
Training Epoch: 112/200	Train Loss: 0.0013	Val Accuracy: 6.76
Training Epoch: 113/200	Train Loss: 0.0006	Val Accuracy: 6.76
Training Epoch: 114/200	Train Loss: 0.0008	Val Accuracy: 6.72
Training Epoch: 115/200	Train Loss: 0.0002	Val Accuracy: 6.72
Training Epoch: 116/200	Train Loss: 0.0019	Val Accuracy: 6.78
Training Epoch: 117/200	Train Loss: 0.0011	Val Accuracy: 6.78
Training Epoch: 118/200	Train Loss: 0.0107	Val Accuracy: 7.22
Training Epoch: 119/200	Train Loss: 0.038	Val Accuracy: 7.22
Training Epoch: 120/200	Train Loss: 0.0005	Val Accuracy: 6.88
Training Epoch: 121/200	Train Loss: 0.0003	Val Accuracy: 6.88
Training Epoch: 122/200	Train Loss: 0.0005	Val Accuracy: 6.94
Training Epoch: 123/200	Train Loss: 0.0066	Val Accuracy: 6.94
Training Epoch: 124/200	Train Loss: 0.0028	Val Accuracy: 7.02
Training Epoch: 125/200	Train Loss: 0.0143	Val Accuracy: 7.02
Training Epoch: 126/200	Train Loss: 0.0019	Val Accuracy: 6.84
Training Epoch: 127/200	Train Loss: 0.0004	Val Accuracy: 6.84
Training Epoch: 128/200	Train Loss: 0.0003	Val Accuracy: 6.98
Training Epoch: 129/200	Train Loss: 0.0033	Val Accuracy: 6.98
Training Epoch: 130/200	Train Loss: 0.0097	Val Accuracy: 6.76
Training Epoch: 131/200	Train Loss: 0.0005	Val Accuracy: 6.76
Training Epoch: 132/200	Train Loss: 0.0008	Val Accuracy: 6.84
Training Epoch: 133/200	Train Loss: 0.0004	Val Accuracy: 6.84
Training Epoch: 134/200	Train Loss: 0.005	Val Accuracy: 7.16
Training Epoch: 135/200	Train Loss: 0.0003	Val Accuracy: 7.16
Training Epoch: 136/200	Train Loss: 0.0003	Val Accuracy: 6.84
Training Epoch: 137/200	Train Loss: 0.0007	Val Accuracy: 6.84
Training Epoch: 138/200	Train Loss: 0.0006	Val Accuracy: 6.92
Training Epoch: 139/200	Train Loss: 0.0011	Val Accuracy: 6.92
Training Epoch: 140/200	Train Loss: 0.0003	Val Accuracy: 6.92
Training Epoch: 141/200	Train Loss: 0.0002	Val Accuracy: 6.92
Training Epoch: 142/200	Train Loss: 0.0027	Val Accuracy: 6.96
Training Epoch: 143/200	Train Loss: 0.0004	Val Accuracy: 6.96
Training Epoch: 144/200	Train Loss: 0.0004	Val Accuracy: 6.78
Training Epoch: 145/200	Train Loss: 0.0007	Val Accuracy: 6.78
Training Epoch: 146/200	Train Loss: 0.001	Val Accuracy: 6.92
Training Epoch: 147/200	Train Loss: 0.0004	Val Accuracy: 6.92
Training Epoch: 148/200	Train Loss: 0.0002	Val Accuracy: 7.18
Training Epoch: 149/200	Train Loss: 0.0178	Val Accuracy: 7.18
Training Epoch: 150/200	Train Loss: 0.0051	Val Accuracy: 6.86
Training Epoch: 151/200	Train Loss: 0.0012	Val Accuracy: 6.86
Training Epoch: 152/200	Train Loss: 0.0001	Val Accuracy: 6.92
Training Epoch: 153/200	Train Loss: 0.0706	Val Accuracy: 6.92
Training Epoch: 154/200	Train Loss: 0.0022	Val Accuracy: 6.92
Training Epoch: 155/200	Train Loss: 0.0006	Val Accuracy: 6.92
Training Epoch: 156/200	Train Loss: 0.0004	Val Accuracy: 6.68
Training Epoch: 157/200	Train Loss: 0.0006	Val Accuracy: 6.68
Training Epoch: 158/200	Train Loss: 0.0102	Val Accuracy: 6.86
Training Epoch: 159/200	Train Loss: 0.0007	Val Accuracy: 6.86
Training Epoch: 160/200	Train Loss: 0.0001	Val Accuracy: 6.96
Training Epoch: 161/200	Train Loss: 0.0008	Val Accuracy: 6.96
Training Epoch: 162/200	Train Loss: 0.0003	Val Accuracy: 6.86
Training Epoch: 163/200	Train Loss: 0.0013	Val Accuracy: 6.86
Training Epoch: 164/200	Train Loss: 0.0003	Val Accuracy: 6.82
Training Epoch: 165/200	Train Loss: 0.0002	Val Accuracy: 6.82
Training Epoch: 166/200	Train Loss: 0.0033	Val Accuracy: 6.82
Training Epoch: 167/200	Train Loss: 0.0009	Val Accuracy: 6.82
Training Epoch: 168/200	Train Loss: 0.0017	Val Accuracy: 6.66
Training Epoch: 169/200	Train Loss: 0.0005	Val Accuracy: 6.66
Training Epoch: 170/200	Train Loss: 0.0001	Val Accuracy: 6.92
Training Epoch: 171/200	Train Loss: 0.0006	Val Accuracy: 6.92
Training Epoch: 172/200	Train Loss: 0.0015	Val Accuracy: 7.24
Training Epoch: 173/200	Train Loss: 0.0004	Val Accuracy: 7.24
Training Epoch: 174/200	Train Loss: 0.0007	Val Accuracy: 6.88
Training Epoch: 175/200	Train Loss: 0.0007	Val Accuracy: 6.88
Training Epoch: 176/200	Train Loss: 0.0051	Val Accuracy: 6.98
Training Epoch: 177/200	Train Loss: 0.0005	Val Accuracy: 6.98
Training Epoch: 178/200	Train Loss: 0.0002	Val Accuracy: 6.96
Training Epoch: 179/200	Train Loss: 0.0009	Val Accuracy: 6.96
Training Epoch: 180/200	Train Loss: 0.0023	Val Accuracy: 6.98
Training Epoch: 181/200	Train Loss: 0.0016	Val Accuracy: 6.98
Training Epoch: 182/200	Train Loss: 0.0008	Val Accuracy: 6.86
Training Epoch: 183/200	Train Loss: 0.0002	Val Accuracy: 6.86
Training Epoch: 184/200	Train Loss: 0.0008	Val Accuracy: 7.04
Training Epoch: 185/200	Train Loss: 0.0003	Val Accuracy: 7.04
Training Epoch: 186/200	Train Loss: 0.0002	Val Accuracy: 6.92
Training Epoch: 187/200	Train Loss: 0.0008	Val Accuracy: 6.92
Training Epoch: 188/200	Train Loss: 0.0009	Val Accuracy: 6.88
Training Epoch: 189/200	Train Loss: 0.0829	Val Accuracy: 6.88
Training Epoch: 190/200	Train Loss: 0.0006	Val Accuracy: 6.9
Training Epoch: 191/200	Train Loss: 0.0004	Val Accuracy: 6.9
Training Epoch: 192/200	Train Loss: 0.0014	Val Accuracy: 6.86
Training Epoch: 193/200	Train Loss: 0.0002	Val Accuracy: 6.86
Training Epoch: 194/200	Train Loss: 0.0019	Val Accuracy: 7.0
Training Epoch: 195/200	Train Loss: 0.0004	Val Accuracy: 7.0
Training Epoch: 196/200	Train Loss: 0.0004	Val Accuracy: 6.96
Training Epoch: 197/200	Train Loss: 0.0017	Val Accuracy: 6.96
Training Epoch: 198/200	Train Loss: 0.0005	Val Accuracy: 6.86
Training Epoch: 199/200	Train Loss: 0.0003	Val Accuracy: 6.86
Training Epoch: 200/200	Train Loss: 0.0001	Val Accuracy: 6.8

Wrote Best Model Checkpoint to: vlBest_acc_7_model_epoch_0172.pyth

Best Validation Accuracy: 7.24
Best Epoch: 172

======== TESTING ========

Test Accuracy: 8.13.

======== ACTIVE SAMPLING ========

ProbCover adaptive delta: base=0.2500, effective=0.2125, scale=0.85, phase=post_label_shrink, labeled_count=450
Coverage selection metadata: active=False (mode=adaptive_density_cover, variant=unknown, delta=0.2125, phase=adaptive_signal, bald_mean=0.0000, bald_max=0.0000, variance_mean=0.0000, variance_max=0.0000, dropout_iters=0, cover_anchors=0, diversity_lambda=0.00, selected_id_mean=0.0000, selected_signal_mean=0.8353, selected_radius_mean=0.1624, k_id=50, k_knn=50, alpha=1.00)
Active Sampling Complete. After Episode 8:
New Labeled Set: 500, New Unlabeled Set: 44500, Active Set: 50

================================


Current accuracy values:  [4.170000000000002, 5.269999999999996, 5.6200000000000045, 6.689999999999998, 7.290000000000006, 7.579999999999998, 7.650000000000006, 7.969999999999999, 8.129999999999995]
======== EPISODE 9 BEGINS ========

======== TRAINING ========
Training Epoch: 1/200	Train Loss: 0.1288	Val Accuracy: 0.0
Training Epoch: 2/200	Train Loss: 0.0171	Val Accuracy: 7.02
Training Epoch: 3/200	Train Loss: 0.0503	Val Accuracy: 7.02
Training Epoch: 4/200	Train Loss: 0.0238	Val Accuracy: 7.1
Training Epoch: 5/200	Train Loss: 0.1425	Val Accuracy: 7.1
Training Epoch: 6/200	Train Loss: 0.0789	Val Accuracy: 7.08
Training Epoch: 7/200	Train Loss: 0.0353	Val Accuracy: 7.08
Training Epoch: 8/200	Train Loss: 0.0744	Val Accuracy: 6.78
Training Epoch: 9/200	Train Loss: 0.0049	Val Accuracy: 6.78
Training Epoch: 10/200	Train Loss: 0.0676	Val Accuracy: 6.86
Training Epoch: 11/200	Train Loss: 0.0103	Val Accuracy: 6.86
Training Epoch: 12/200	Train Loss: 0.0032	Val Accuracy: 7.38
Training Epoch: 13/200	Train Loss: 0.0142	Val Accuracy: 7.38
Training Epoch: 14/200	Train Loss: 0.0331	Val Accuracy: 7.06
Training Epoch: 15/200	Train Loss: 0.0335	Val Accuracy: 7.06
Training Epoch: 16/200	Train Loss: 0.0417	Val Accuracy: 7.3
Training Epoch: 17/200	Train Loss: 0.031	Val Accuracy: 7.3
Training Epoch: 18/200	Train Loss: 0.0541	Val Accuracy: 7.22
Training Epoch: 19/200	Train Loss: 0.0057	Val Accuracy: 7.22
Training Epoch: 20/200	Train Loss: 0.1139	Val Accuracy: 7.5
Training Epoch: 21/200	Train Loss: 0.1629	Val Accuracy: 7.5
Training Epoch: 22/200	Train Loss: 0.124	Val Accuracy: 6.66
Training Epoch: 23/200	Train Loss: 0.0311	Val Accuracy: 6.66
Training Epoch: 24/200	Train Loss: 0.0478	Val Accuracy: 6.7
Training Epoch: 25/200	Train Loss: 0.0031	Val Accuracy: 6.7
Training Epoch: 26/200	Train Loss: 0.0192	Val Accuracy: 7.16
Training Epoch: 27/200	Train Loss: 0.0809	Val Accuracy: 7.16
Training Epoch: 28/200	Train Loss: 0.0552	Val Accuracy: 6.72
Training Epoch: 29/200	Train Loss: 0.0046	Val Accuracy: 6.72
Training Epoch: 30/200	Train Loss: 0.0173	Val Accuracy: 6.96
Training Epoch: 31/200	Train Loss: 0.0594	Val Accuracy: 6.96
Training Epoch: 32/200	Train Loss: 0.022	Val Accuracy: 7.0
Training Epoch: 33/200	Train Loss: 0.0109	Val Accuracy: 7.0
Training Epoch: 34/200	Train Loss: 0.017	Val Accuracy: 7.4
Training Epoch: 35/200	Train Loss: 0.0031	Val Accuracy: 7.4
Training Epoch: 36/200	Train Loss: 0.0475	Val Accuracy: 7.08
Training Epoch: 37/200	Train Loss: 0.0435	Val Accuracy: 7.08
Training Epoch: 38/200	Train Loss: 0.0037	Val Accuracy: 7.44
Training Epoch: 39/200	Train Loss: 0.0039	Val Accuracy: 7.44
Training Epoch: 40/200	Train Loss: 0.0025	Val Accuracy: 6.98
Training Epoch: 41/200	Train Loss: 0.0027	Val Accuracy: 6.98
Training Epoch: 42/200	Train Loss: 0.0006	Val Accuracy: 7.02
Training Epoch: 43/200	Train Loss: 0.0053	Val Accuracy: 7.02
Training Epoch: 44/200	Train Loss: 0.0023	Val Accuracy: 7.32
Training Epoch: 45/200	Train Loss: 0.0095	Val Accuracy: 7.32
Training Epoch: 46/200	Train Loss: 0.0036	Val Accuracy: 7.44
Training Epoch: 47/200	Train Loss: 0.0006	Val Accuracy: 7.44
Training Epoch: 48/200	Train Loss: 0.0019	Val Accuracy: 7.38
Training Epoch: 49/200	Train Loss: 0.0178	Val Accuracy: 7.38
Training Epoch: 50/200	Train Loss: 0.0008	Val Accuracy: 7.22
Training Epoch: 51/200	Train Loss: 0.0193	Val Accuracy: 7.22
Training Epoch: 52/200	Train Loss: 0.0014	Val Accuracy: 7.16
Training Epoch: 53/200	Train Loss: 0.0243	Val Accuracy: 7.16
Training Epoch: 54/200	Train Loss: 0.077	Val Accuracy: 6.92
Training Epoch: 55/200	Train Loss: 0.0064	Val Accuracy: 6.92
Training Epoch: 56/200	Train Loss: 0.0405	Val Accuracy: 7.26
Training Epoch: 57/200	Train Loss: 0.029	Val Accuracy: 7.26
Training Epoch: 58/200	Train Loss: 0.0075	Val Accuracy: 7.3
Training Epoch: 59/200	Train Loss: 0.0018	Val Accuracy: 7.3
Training Epoch: 60/200	Train Loss: 0.0232	Val Accuracy: 7.34
Training Epoch: 61/200	Train Loss: 0.0147	Val Accuracy: 7.34
Training Epoch: 62/200	Train Loss: 0.0027	Val Accuracy: 7.1
Training Epoch: 63/200	Train Loss: 0.0208	Val Accuracy: 7.1
Training Epoch: 64/200	Train Loss: 0.0043	Val Accuracy: 7.24
Training Epoch: 65/200	Train Loss: 0.0042	Val Accuracy: 7.24
Training Epoch: 66/200	Train Loss: 0.0035	Val Accuracy: 7.1
Training Epoch: 67/200	Train Loss: 0.0893	Val Accuracy: 7.1
Training Epoch: 68/200	Train Loss: 0.0017	Val Accuracy: 7.02
Training Epoch: 69/200	Train Loss: 0.0003	Val Accuracy: 7.02
Training Epoch: 70/200	Train Loss: 0.001	Val Accuracy: 7.36
Training Epoch: 71/200	Train Loss: 0.0132	Val Accuracy: 7.36
Training Epoch: 72/200	Train Loss: 0.0087	Val Accuracy: 7.3
Training Epoch: 73/200	Train Loss: 0.0016	Val Accuracy: 7.3
Training Epoch: 74/200	Train Loss: 0.0007	Val Accuracy: 7.8
Training Epoch: 75/200	Train Loss: 0.0021	Val Accuracy: 7.8
Training Epoch: 76/200	Train Loss: 0.0477	Val Accuracy: 7.16
Training Epoch: 77/200	Train Loss: 0.0092	Val Accuracy: 7.16
Training Epoch: 78/200	Train Loss: 0.0023	Val Accuracy: 7.42
Training Epoch: 79/200	Train Loss: 0.0003	Val Accuracy: 7.42
Training Epoch: 80/200	Train Loss: 0.0005	Val Accuracy: 7.06
Training Epoch: 81/200	Train Loss: 0.0011	Val Accuracy: 7.06
Training Epoch: 82/200	Train Loss: 0.001	Val Accuracy: 7.26
Training Epoch: 83/200	Train Loss: 0.0019	Val Accuracy: 7.26
Training Epoch: 84/200	Train Loss: 0.0064	Val Accuracy: 7.62
Training Epoch: 85/200	Train Loss: 0.0011	Val Accuracy: 7.62
Training Epoch: 86/200	Train Loss: 0.0039	Val Accuracy: 7.46
Training Epoch: 87/200	Train Loss: 0.0055	Val Accuracy: 7.46
Training Epoch: 88/200	Train Loss: 0.0027	Val Accuracy: 7.18
Training Epoch: 89/200	Train Loss: 0.0367	Val Accuracy: 7.18
Training Epoch: 90/200	Train Loss: 0.0005	Val Accuracy: 7.1
Training Epoch: 91/200	Train Loss: 0.0033	Val Accuracy: 7.1
Training Epoch: 92/200	Train Loss: 0.0012	Val Accuracy: 6.74
Training Epoch: 93/200	Train Loss: 0.0912	Val Accuracy: 6.74
Training Epoch: 94/200	Train Loss: 0.0012	Val Accuracy: 6.92
Training Epoch: 95/200	Train Loss: 0.0005	Val Accuracy: 6.92
Training Epoch: 96/200	Train Loss: 0.0028	Val Accuracy: 7.38
Training Epoch: 97/200	Train Loss: 0.0007	Val Accuracy: 7.38
Training Epoch: 98/200	Train Loss: 0.0012	Val Accuracy: 7.12
Training Epoch: 99/200	Train Loss: 0.002	Val Accuracy: 7.12
Training Epoch: 100/200	Train Loss: 0.0062	Val Accuracy: 7.26
Training Epoch: 101/200	Train Loss: 0.0018	Val Accuracy: 7.26
Training Epoch: 102/200	Train Loss: 0.0026	Val Accuracy: 7.18
Training Epoch: 103/200	Train Loss: 0.0129	Val Accuracy: 7.18
Training Epoch: 104/200	Train Loss: 0.0004	Val Accuracy: 7.14
Training Epoch: 105/200	Train Loss: 0.0016	Val Accuracy: 7.14
Training Epoch: 106/200	Train Loss: 0.0003	Val Accuracy: 7.36
Training Epoch: 107/200	Train Loss: 0.0461	Val Accuracy: 7.36
Training Epoch: 108/200	Train Loss: 0.0013	Val Accuracy: 7.26
Training Epoch: 109/200	Train Loss: 0.0007	Val Accuracy: 7.26
Training Epoch: 110/200	Train Loss: 0.0015	Val Accuracy: 7.36
Training Epoch: 111/200	Train Loss: 0.0007	Val Accuracy: 7.36
Training Epoch: 112/200	Train Loss: 0.0056	Val Accuracy: 7.36
Training Epoch: 113/200	Train Loss: 0.0004	Val Accuracy: 7.36
Training Epoch: 114/200	Train Loss: 0.0026	Val Accuracy: 7.52
Training Epoch: 115/200	Train Loss: 0.001	Val Accuracy: 7.52
Training Epoch: 116/200	Train Loss: 0.0008	Val Accuracy: 7.48
Training Epoch: 117/200	Train Loss: 0.0003	Val Accuracy: 7.48
Training Epoch: 118/200	Train Loss: 0.0005	Val Accuracy: 7.26
Training Epoch: 119/200	Train Loss: 0.0021	Val Accuracy: 7.26
Training Epoch: 120/200	Train Loss: 0.0004	Val Accuracy: 7.34
Training Epoch: 121/200	Train Loss: 0.001	Val Accuracy: 7.34
Training Epoch: 122/200	Train Loss: 0.0461	Val Accuracy: 7.22
Training Epoch: 123/200	Train Loss: 0.0003	Val Accuracy: 7.22
Training Epoch: 124/200	Train Loss: 0.0137	Val Accuracy: 7.08
Training Epoch: 125/200	Train Loss: 0.0132	Val Accuracy: 7.08
Training Epoch: 126/200	Train Loss: 0.0001	Val Accuracy: 7.1
Training Epoch: 127/200	Train Loss: 0.0005	Val Accuracy: 7.1
Training Epoch: 128/200	Train Loss: 0.0007	Val Accuracy: 7.02
Training Epoch: 129/200	Train Loss: 0.0465	Val Accuracy: 7.02
Training Epoch: 130/200	Train Loss: 0.0004	Val Accuracy: 6.92
Training Epoch: 131/200	Train Loss: 0.0006	Val Accuracy: 6.92
Training Epoch: 132/200	Train Loss: 0.0009	Val Accuracy: 7.34
Training Epoch: 133/200	Train Loss: 0.0005	Val Accuracy: 7.34
Training Epoch: 134/200	Train Loss: 0.0027	Val Accuracy: 7.06
Training Epoch: 135/200	Train Loss: 0.0005	Val Accuracy: 7.06
Training Epoch: 136/200	Train Loss: 0.0004	Val Accuracy: 7.26
Training Epoch: 137/200	Train Loss: 0.003	Val Accuracy: 7.26
Training Epoch: 138/200	Train Loss: 0.0006	Val Accuracy: 7.12
Training Epoch: 139/200	Train Loss: 0.0005	Val Accuracy: 7.12
Training Epoch: 140/200	Train Loss: 0.0042	Val Accuracy: 6.92
Training Epoch: 141/200	Train Loss: 0.0005	Val Accuracy: 6.92
Training Epoch: 142/200	Train Loss: 0.0005	Val Accuracy: 7.46
Training Epoch: 143/200	Train Loss: 0.0002	Val Accuracy: 7.46
Training Epoch: 144/200	Train Loss: 0.0003	Val Accuracy: 7.14
Training Epoch: 145/200	Train Loss: 0.0003	Val Accuracy: 7.14
Training Epoch: 146/200	Train Loss: 0.0022	Val Accuracy: 7.18
Training Epoch: 147/200	Train Loss: 0.0012	Val Accuracy: 7.18
Training Epoch: 148/200	Train Loss: 0.0016	Val Accuracy: 7.18
Training Epoch: 149/200	Train Loss: 0.0009	Val Accuracy: 7.18
Training Epoch: 150/200	Train Loss: 0.0003	Val Accuracy: 7.5
Training Epoch: 151/200	Train Loss: 0.0039	Val Accuracy: 7.5
Training Epoch: 152/200	Train Loss: 0.0005	Val Accuracy: 7.52
Training Epoch: 153/200	Train Loss: 0.0012	Val Accuracy: 7.52
Training Epoch: 154/200	Train Loss: 0.0006	Val Accuracy: 7.38
Training Epoch: 155/200	Train Loss: 0.0003	Val Accuracy: 7.38
Training Epoch: 156/200	Train Loss: 0.003	Val Accuracy: 7.32
Training Epoch: 157/200	Train Loss: 0.0003	Val Accuracy: 7.32
Training Epoch: 158/200	Train Loss: 0.0001	Val Accuracy: 7.34
Training Epoch: 159/200	Train Loss: 0.0004	Val Accuracy: 7.34
Training Epoch: 160/200	Train Loss: 0.0274	Val Accuracy: 7.12
Training Epoch: 161/200	Train Loss: 0.0002	Val Accuracy: 7.12
Training Epoch: 162/200	Train Loss: 0.0002	Val Accuracy: 6.94
Training Epoch: 163/200	Train Loss: 0.0011	Val Accuracy: 6.94
Training Epoch: 164/200	Train Loss: 0.0011	Val Accuracy: 7.34
Training Epoch: 165/200	Train Loss: 0.0006	Val Accuracy: 7.34
Training Epoch: 166/200	Train Loss: 0.0008	Val Accuracy: 7.28
Training Epoch: 167/200	Train Loss: 0.0019	Val Accuracy: 7.28
Training Epoch: 168/200	Train Loss: 0.0003	Val Accuracy: 7.1
Training Epoch: 169/200	Train Loss: 0.0005	Val Accuracy: 7.1
Training Epoch: 170/200	Train Loss: 0.0001	Val Accuracy: 7.3
Training Epoch: 171/200	Train Loss: 0.0009	Val Accuracy: 7.3
Training Epoch: 172/200	Train Loss: 0.0003	Val Accuracy: 7.1
Training Epoch: 173/200	Train Loss: 0.0005	Val Accuracy: 7.1
Training Epoch: 174/200	Train Loss: 0.0003	Val Accuracy: 6.82
Training Epoch: 175/200	Train Loss: 0.0002	Val Accuracy: 6.82
Training Epoch: 176/200	Train Loss: 0.0005	Val Accuracy: 7.36
Training Epoch: 177/200	Train Loss: 0.0009	Val Accuracy: 7.36
Training Epoch: 178/200	Train Loss: 0.0005	Val Accuracy: 7.26
Training Epoch: 179/200	Train Loss: 0.0005	Val Accuracy: 7.26
Training Epoch: 180/200	Train Loss: 0.001	Val Accuracy: 7.4
Training Epoch: 181/200	Train Loss: 0.0004	Val Accuracy: 7.4
Training Epoch: 182/200	Train Loss: 0.0001	Val Accuracy: 7.18
Training Epoch: 183/200	Train Loss: 0.0025	Val Accuracy: 7.18
Training Epoch: 184/200	Train Loss: 0.0004	Val Accuracy: 6.86
Training Epoch: 185/200	Train Loss: 0.0002	Val Accuracy: 6.86
Training Epoch: 186/200	Train Loss: 0.0016	Val Accuracy: 7.46
Training Epoch: 187/200	Train Loss: 0.0008	Val Accuracy: 7.46
Training Epoch: 188/200	Train Loss: 0.0007	Val Accuracy: 7.26
Training Epoch: 189/200	Train Loss: 0.0008	Val Accuracy: 7.26
Training Epoch: 190/200	Train Loss: 0.0007	Val Accuracy: 7.04
Training Epoch: 191/200	Train Loss: 0.0008	Val Accuracy: 7.04
Training Epoch: 192/200	Train Loss: 0.0003	Val Accuracy: 7.06
Training Epoch: 193/200	Train Loss: 0.0002	Val Accuracy: 7.06
Training Epoch: 194/200	Train Loss: 0.0007	Val Accuracy: 7.32
Training Epoch: 195/200	Train Loss: 0.003	Val Accuracy: 7.32
Training Epoch: 196/200	Train Loss: 0.0002	Val Accuracy: 7.22
Training Epoch: 197/200	Train Loss: 0.0011	Val Accuracy: 7.22
Training Epoch: 198/200	Train Loss: 0.0024	Val Accuracy: 7.48
Training Epoch: 199/200	Train Loss: 0.0027	Val Accuracy: 7.48
Training Epoch: 200/200	Train Loss: 0.0006	Val Accuracy: 7.34

Wrote Best Model Checkpoint to: vlBest_acc_7_model_epoch_0074.pyth

Best Validation Accuracy: 7.8
Best Epoch: 74

======== TESTING ========

Test Accuracy: 8.42.

======== ACTIVE SAMPLING ========

ProbCover adaptive delta: base=0.2500, effective=0.2125, scale=0.85, phase=post_label_shrink, labeled_count=500
Coverage selection metadata: active=False (mode=adaptive_density_cover, variant=unknown, delta=0.2125, phase=adaptive_signal, bald_mean=0.0000, bald_max=0.0000, variance_mean=0.0000, variance_max=0.0000, dropout_iters=0, cover_anchors=0, diversity_lambda=0.00, selected_id_mean=0.0000, selected_signal_mean=0.8299, selected_radius_mean=0.1635, k_id=50, k_knn=50, alpha=1.00)
Active Sampling Complete. After Episode 9:
New Labeled Set: 550, New Unlabeled Set: 44450, Active Set: 50

================================


Current accuracy values:  [4.170000000000002, 5.269999999999996, 5.6200000000000045, 6.689999999999998, 7.290000000000006, 7.579999999999998, 7.650000000000006, 7.969999999999999, 8.129999999999995, 8.420000000000002]
======== EPISODE 10 BEGINS ========

======== TRAINING ========
Training Epoch: 1/200	Train Loss: 0.1756	Val Accuracy: 0.0
Training Epoch: 2/200	Train Loss: 0.0954	Val Accuracy: 6.88
Training Epoch: 3/200	Train Loss: 0.0428	Val Accuracy: 6.88
Training Epoch: 4/200	Train Loss: 0.0311	Val Accuracy: 7.38
Training Epoch: 5/200	Train Loss: 0.0193	Val Accuracy: 7.38
Training Epoch: 6/200	Train Loss: 0.0359	Val Accuracy: 7.1
Training Epoch: 7/200	Train Loss: 0.0184	Val Accuracy: 7.1
Training Epoch: 8/200	Train Loss: 0.0269	Val Accuracy: 7.3
Training Epoch: 9/200	Train Loss: 0.0257	Val Accuracy: 7.3
Training Epoch: 10/200	Train Loss: 0.0591	Val Accuracy: 7.28
Training Epoch: 11/200	Train Loss: 0.0452	Val Accuracy: 7.28
Training Epoch: 12/200	Train Loss: 0.0193	Val Accuracy: 7.12
Training Epoch: 13/200	Train Loss: 0.0211	Val Accuracy: 7.12
Training Epoch: 14/200	Train Loss: 0.0698	Val Accuracy: 7.06
Training Epoch: 15/200	Train Loss: 0.0374	Val Accuracy: 7.06
Training Epoch: 16/200	Train Loss: 0.1745	Val Accuracy: 7.26
Training Epoch: 17/200	Train Loss: 0.0409	Val Accuracy: 7.26
Training Epoch: 18/200	Train Loss: 0.0032	Val Accuracy: 7.52
Training Epoch: 19/200	Train Loss: 0.1048	Val Accuracy: 7.52
Training Epoch: 20/200	Train Loss: 0.0087	Val Accuracy: 7.46
Training Epoch: 21/200	Train Loss: 0.0082	Val Accuracy: 7.46
Training Epoch: 22/200	Train Loss: 0.1422	Val Accuracy: 7.62
Training Epoch: 23/200	Train Loss: 0.0398	Val Accuracy: 7.62
Training Epoch: 24/200	Train Loss: 0.0122	Val Accuracy: 7.34
Training Epoch: 25/200	Train Loss: 0.0069	Val Accuracy: 7.34
Training Epoch: 26/200	Train Loss: 0.035	Val Accuracy: 7.16
Training Epoch: 27/200	Train Loss: 0.0059	Val Accuracy: 7.16
Training Epoch: 28/200	Train Loss: 0.0247	Val Accuracy: 7.48
Training Epoch: 29/200	Train Loss: 0.0434	Val Accuracy: 7.48
Training Epoch: 30/200	Train Loss: 0.093	Val Accuracy: 7.6
Training Epoch: 31/200	Train Loss: 0.022	Val Accuracy: 7.6
Training Epoch: 32/200	Train Loss: 0.0228	Val Accuracy: 7.28
Training Epoch: 33/200	Train Loss: 0.0183	Val Accuracy: 7.28
Training Epoch: 34/200	Train Loss: 0.0463	Val Accuracy: 7.08
Training Epoch: 35/200	Train Loss: 0.087	Val Accuracy: 7.08
Training Epoch: 36/200	Train Loss: 0.0023	Val Accuracy: 6.98
Training Epoch: 37/200	Train Loss: 0.0017	Val Accuracy: 6.98
Training Epoch: 38/200	Train Loss: 0.0013	Val Accuracy: 7.62
Training Epoch: 39/200	Train Loss: 0.0117	Val Accuracy: 7.62
Training Epoch: 40/200	Train Loss: 0.0064	Val Accuracy: 7.2
Training Epoch: 41/200	Train Loss: 0.0228	Val Accuracy: 7.2
Training Epoch: 42/200	Train Loss: 0.0045	Val Accuracy: 7.36
Training Epoch: 43/200	Train Loss: 0.0224	Val Accuracy: 7.36
Training Epoch: 44/200	Train Loss: 0.0023	Val Accuracy: 7.58
Training Epoch: 45/200	Train Loss: 0.001	Val Accuracy: 7.58
Training Epoch: 46/200	Train Loss: 0.0061	Val Accuracy: 7.52
Training Epoch: 47/200	Train Loss: 0.0011	Val Accuracy: 7.52
Training Epoch: 48/200	Train Loss: 0.032	Val Accuracy: 7.2
Training Epoch: 49/200	Train Loss: 0.0586	Val Accuracy: 7.2
Training Epoch: 50/200	Train Loss: 0.0131	Val Accuracy: 7.42
Training Epoch: 51/200	Train Loss: 0.0053	Val Accuracy: 7.42
Training Epoch: 52/200	Train Loss: 0.0033	Val Accuracy: 7.54
Training Epoch: 53/200	Train Loss: 0.0011	Val Accuracy: 7.54
Training Epoch: 54/200	Train Loss: 0.0012	Val Accuracy: 7.42
Training Epoch: 55/200	Train Loss: 0.0024	Val Accuracy: 7.42
Training Epoch: 56/200	Train Loss: 0.0206	Val Accuracy: 7.78
Training Epoch: 57/200	Train Loss: 0.003	Val Accuracy: 7.78
Training Epoch: 58/200	Train Loss: 0.0574	Val Accuracy: 7.7
Training Epoch: 59/200	Train Loss: 0.0037	Val Accuracy: 7.7
Training Epoch: 60/200	Train Loss: 0.0012	Val Accuracy: 7.84
Training Epoch: 61/200	Train Loss: 0.0283	Val Accuracy: 7.84
Training Epoch: 62/200	Train Loss: 0.0842	Val Accuracy: 7.46
Training Epoch: 63/200	Train Loss: 0.0014	Val Accuracy: 7.46
Training Epoch: 64/200	Train Loss: 0.0009	Val Accuracy: 7.62
Training Epoch: 65/200	Train Loss: 0.0497	Val Accuracy: 7.62
Training Epoch: 66/200	Train Loss: 0.0015	Val Accuracy: 7.68
Training Epoch: 67/200	Train Loss: 0.0464	Val Accuracy: 7.68
Training Epoch: 68/200	Train Loss: 0.0012	Val Accuracy: 7.42
Training Epoch: 69/200	Train Loss: 0.002	Val Accuracy: 7.42
Training Epoch: 70/200	Train Loss: 0.1193	Val Accuracy: 7.38
Training Epoch: 71/200	Train Loss: 0.0033	Val Accuracy: 7.38
Training Epoch: 72/200	Train Loss: 0.0553	Val Accuracy: 7.26
Training Epoch: 73/200	Train Loss: 0.0026	Val Accuracy: 7.26
Training Epoch: 74/200	Train Loss: 0.0012	Val Accuracy: 7.44
Training Epoch: 75/200	Train Loss: 0.0103	Val Accuracy: 7.44
Training Epoch: 76/200	Train Loss: 0.0719	Val Accuracy: 7.72
Training Epoch: 77/200	Train Loss: 0.0028	Val Accuracy: 7.72
Training Epoch: 78/200	Train Loss: 0.0048	Val Accuracy: 7.68
Training Epoch: 79/200	Train Loss: 0.0016	Val Accuracy: 7.68
Training Epoch: 80/200	Train Loss: 0.0024	Val Accuracy: 6.82
Training Epoch: 81/200	Train Loss: 0.0247	Val Accuracy: 6.82
Training Epoch: 82/200	Train Loss: 0.0013	Val Accuracy: 7.94
Training Epoch: 83/200	Train Loss: 0.0011	Val Accuracy: 7.94
Training Epoch: 84/200	Train Loss: 0.001	Val Accuracy: 7.64
Training Epoch: 85/200	Train Loss: 0.0009	Val Accuracy: 7.64
Training Epoch: 86/200	Train Loss: 0.0019	Val Accuracy: 7.54
Training Epoch: 87/200	Train Loss: 0.0021	Val Accuracy: 7.54
Training Epoch: 88/200	Train Loss: 0.0028	Val Accuracy: 7.4
Training Epoch: 89/200	Train Loss: 0.0654	Val Accuracy: 7.4
Training Epoch: 90/200	Train Loss: 0.0016	Val Accuracy: 7.64
Training Epoch: 91/200	Train Loss: 0.0035	Val Accuracy: 7.64
Training Epoch: 92/200	Train Loss: 0.0079	Val Accuracy: 7.4
Training Epoch: 93/200	Train Loss: 0.023	Val Accuracy: 7.4
Training Epoch: 94/200	Train Loss: 0.0014	Val Accuracy: 7.5
Training Epoch: 95/200	Train Loss: 0.0008	Val Accuracy: 7.5
Training Epoch: 96/200	Train Loss: 0.0002	Val Accuracy: 7.72
Training Epoch: 97/200	Train Loss: 0.0008	Val Accuracy: 7.72
Training Epoch: 98/200	Train Loss: 0.0031	Val Accuracy: 7.46
Training Epoch: 99/200	Train Loss: 0.0017	Val Accuracy: 7.46
Training Epoch: 100/200	Train Loss: 0.0008	Val Accuracy: 7.46
Training Epoch: 101/200	Train Loss: 0.0008	Val Accuracy: 7.46
Training Epoch: 102/200	Train Loss: 0.0021	Val Accuracy: 7.72
Training Epoch: 103/200	Train Loss: 0.0015	Val Accuracy: 7.72
Training Epoch: 104/200	Train Loss: 0.0047	Val Accuracy: 7.96
Training Epoch: 105/200	Train Loss: 0.0689	Val Accuracy: 7.96
Training Epoch: 106/200	Train Loss: 0.0012	Val Accuracy: 7.48
Training Epoch: 107/200	Train Loss: 0.0002	Val Accuracy: 7.48
Training Epoch: 108/200	Train Loss: 0.0006	Val Accuracy: 7.5
Training Epoch: 109/200	Train Loss: 0.0003	Val Accuracy: 7.5
Training Epoch: 110/200	Train Loss: 0.0008	Val Accuracy: 8.26
Training Epoch: 111/200	Train Loss: 0.0007	Val Accuracy: 8.26
Training Epoch: 112/200	Train Loss: 0.054	Val Accuracy: 7.48
Training Epoch: 113/200	Train Loss: 0.0001	Val Accuracy: 7.48
Training Epoch: 114/200	Train Loss: 0.0003	Val Accuracy: 7.68
Training Epoch: 115/200	Train Loss: 0.0001	Val Accuracy: 7.68
Training Epoch: 116/200	Train Loss: 0.0011	Val Accuracy: 7.72
Training Epoch: 117/200	Train Loss: 0.0103	Val Accuracy: 7.72
Training Epoch: 118/200	Train Loss: 0.0006	Val Accuracy: 7.7
Training Epoch: 119/200	Train Loss: 0.0004	Val Accuracy: 7.7
Training Epoch: 120/200	Train Loss: 0.0007	Val Accuracy: 7.64
Training Epoch: 121/200	Train Loss: 0.0446	Val Accuracy: 7.64
Training Epoch: 122/200	Train Loss: 0.0006	Val Accuracy: 7.58
Training Epoch: 123/200	Train Loss: 0.0004	Val Accuracy: 7.58
Training Epoch: 124/200	Train Loss: 0.0002	Val Accuracy: 7.7
Training Epoch: 125/200	Train Loss: 0.0122	Val Accuracy: 7.7
Training Epoch: 126/200	Train Loss: 0.0043	Val Accuracy: 7.66
Training Epoch: 127/200	Train Loss: 0.0019	Val Accuracy: 7.66
Training Epoch: 128/200	Train Loss: 0.0008	Val Accuracy: 7.54
Training Epoch: 129/200	Train Loss: 0.0002	Val Accuracy: 7.54
Training Epoch: 130/200	Train Loss: 0.0006	Val Accuracy: 7.54
Training Epoch: 131/200	Train Loss: 0.001	Val Accuracy: 7.54
Training Epoch: 132/200	Train Loss: 0.0002	Val Accuracy: 7.66
Training Epoch: 133/200	Train Loss: 0.0001	Val Accuracy: 7.66
Training Epoch: 134/200	Train Loss: 0.0002	Val Accuracy: 8.02
Training Epoch: 135/200	Train Loss: 0.0004	Val Accuracy: 8.02
Training Epoch: 136/200	Train Loss: 0.0009	Val Accuracy: 7.42
Training Epoch: 137/200	Train Loss: 0.0005	Val Accuracy: 7.42
Training Epoch: 138/200	Train Loss: 0.0001	Val Accuracy: 7.58
Training Epoch: 139/200	Train Loss: 0.0048	Val Accuracy: 7.58
Training Epoch: 140/200	Train Loss: 0.0007	Val Accuracy: 7.82
Training Epoch: 141/200	Train Loss: 0.0004	Val Accuracy: 7.82
Training Epoch: 142/200	Train Loss: 0.0009	Val Accuracy: 8.0
Training Epoch: 143/200	Train Loss: 0.0004	Val Accuracy: 8.0
Training Epoch: 144/200	Train Loss: 0.0015	Val Accuracy: 7.62
Training Epoch: 145/200	Train Loss: 0.002	Val Accuracy: 7.62
Training Epoch: 146/200	Train Loss: 0.0002	Val Accuracy: 7.96
Training Epoch: 147/200	Train Loss: 0.0004	Val Accuracy: 7.96
Training Epoch: 148/200	Train Loss: 0.0005	Val Accuracy: 7.8
Training Epoch: 149/200	Train Loss: 0.0001	Val Accuracy: 7.8
Training Epoch: 150/200	Train Loss: 0.0005	Val Accuracy: 7.92
Training Epoch: 151/200	Train Loss: 0.0008	Val Accuracy: 7.92
Training Epoch: 152/200	Train Loss: 0.0001	Val Accuracy: 7.38
Training Epoch: 153/200	Train Loss: 0.0003	Val Accuracy: 7.38
Training Epoch: 154/200	Train Loss: 0.0003	Val Accuracy: 7.6
Training Epoch: 155/200	Train Loss: 0.0005	Val Accuracy: 7.6
Training Epoch: 156/200	Train Loss: 0.0006	Val Accuracy: 7.64
Training Epoch: 157/200	Train Loss: 0.0184	Val Accuracy: 7.64
Training Epoch: 158/200	Train Loss: 0.0006	Val Accuracy: 7.68
Training Epoch: 159/200	Train Loss: 0.0003	Val Accuracy: 7.68
Training Epoch: 160/200	Train Loss: 0.0007	Val Accuracy: 8.02
Training Epoch: 161/200	Train Loss: 0.0008	Val Accuracy: 8.02
Training Epoch: 162/200	Train Loss: 0.0004	Val Accuracy: 7.58
Training Epoch: 163/200	Train Loss: 0.0009	Val Accuracy: 7.58
Training Epoch: 164/200	Train Loss: 0.0002	Val Accuracy: 7.88
Training Epoch: 165/200	Train Loss: 0.0008	Val Accuracy: 7.88
Training Epoch: 166/200	Train Loss: 0.0042	Val Accuracy: 7.6
Training Epoch: 167/200	Train Loss: 0.0004	Val Accuracy: 7.6
Training Epoch: 168/200	Train Loss: 0.0063	Val Accuracy: 7.52
Training Epoch: 169/200	Train Loss: 0.0013	Val Accuracy: 7.52
Training Epoch: 170/200	Train Loss: 0.0009	Val Accuracy: 7.72
Training Epoch: 171/200	Train Loss: 0.0005	Val Accuracy: 7.72
Training Epoch: 172/200	Train Loss: 0.0028	Val Accuracy: 7.94
Training Epoch: 173/200	Train Loss: 0.0024	Val Accuracy: 7.94
Training Epoch: 174/200	Train Loss: 0.0006	Val Accuracy: 7.58
Training Epoch: 175/200	Train Loss: 0.0003	Val Accuracy: 7.58
Training Epoch: 176/200	Train Loss: 0.0001	Val Accuracy: 7.82
Training Epoch: 177/200	Train Loss: 0.0004	Val Accuracy: 7.82
Training Epoch: 178/200	Train Loss: 0.001	Val Accuracy: 7.28
Training Epoch: 179/200	Train Loss: 0.0002	Val Accuracy: 7.28
Training Epoch: 180/200	Train Loss: 0.0042	Val Accuracy: 8.0
Training Epoch: 181/200	Train Loss: 0.004	Val Accuracy: 8.0
Training Epoch: 182/200	Train Loss: 0.0005	Val Accuracy: 7.72
Training Epoch: 183/200	Train Loss: 0.0003	Val Accuracy: 7.72
Training Epoch: 184/200	Train Loss: 0.0002	Val Accuracy: 7.9
Training Epoch: 185/200	Train Loss: 0.0013	Val Accuracy: 7.9
Training Epoch: 186/200	Train Loss: 0.0014	Val Accuracy: 7.64
Training Epoch: 187/200	Train Loss: 0.0004	Val Accuracy: 7.64
Training Epoch: 188/200	Train Loss: 0.0003	Val Accuracy: 8.1
Training Epoch: 189/200	Train Loss: 0.0002	Val Accuracy: 8.1
Training Epoch: 190/200	Train Loss: 0.0009	Val Accuracy: 7.52
Training Epoch: 191/200	Train Loss: 0.0011	Val Accuracy: 7.52
Training Epoch: 192/200	Train Loss: 0.0004	Val Accuracy: 7.62
Training Epoch: 193/200	Train Loss: 0.0003	Val Accuracy: 7.62
Training Epoch: 194/200	Train Loss: 0.0005	Val Accuracy: 7.52
Training Epoch: 195/200	Train Loss: 0.0002	Val Accuracy: 7.52
Training Epoch: 196/200	Train Loss: 0.0009	Val Accuracy: 8.02
Training Epoch: 197/200	Train Loss: 0.001	Val Accuracy: 8.02
Training Epoch: 198/200	Train Loss: 0.0003	Val Accuracy: 7.72
Training Epoch: 199/200	Train Loss: 0.0311	Val Accuracy: 7.72
Training Epoch: 200/200	Train Loss: 0.001	Val Accuracy: 8.08

Wrote Best Model Checkpoint to: vlBest_acc_8_model_epoch_0110.pyth

Best Validation Accuracy: 8.26
Best Epoch: 110

======== TESTING ========

Test Accuracy: 8.92.

======== ACTIVE SAMPLING ========

ProbCover adaptive delta: base=0.2500, effective=0.2125, scale=0.85, phase=post_label_shrink, labeled_count=550
Coverage selection metadata: active=False (mode=adaptive_density_cover, variant=unknown, delta=0.2125, phase=adaptive_signal, bald_mean=0.0000, bald_max=0.0000, variance_mean=0.0000, variance_max=0.0000, dropout_iters=0, cover_anchors=0, diversity_lambda=0.00, selected_id_mean=0.0000, selected_signal_mean=0.8250, selected_radius_mean=0.1644, k_id=50, k_knn=50, alpha=1.00)
Active Sampling Complete. After Episode 10:
New Labeled Set: 600, New Unlabeled Set: 44400, Active Set: 50

================================


Current accuracy values:  [4.170000000000002, 5.269999999999996, 5.6200000000000045, 6.689999999999998, 7.290000000000006, 7.579999999999998, 7.650000000000006, 7.969999999999999, 8.129999999999995, 8.420000000000002, 8.920000000000002]
======== EPISODE 11 BEGINS ========

======== TRAINING ========
Training Epoch: 1/200	Train Loss: 0.2065	Val Accuracy: 0.0
Training Epoch: 2/200	Train Loss: 0.0137	Val Accuracy: 7.8
Training Epoch: 3/200	Train Loss: 0.0185	Val Accuracy: 7.8
Training Epoch: 4/200	Train Loss: 0.0768	Val Accuracy: 7.46
Training Epoch: 5/200	Train Loss: 0.0022	Val Accuracy: 7.46
Training Epoch: 6/200	Train Loss: 0.0027	Val Accuracy: 8.0
Training Epoch: 7/200	Train Loss: 0.0433	Val Accuracy: 8.0
Training Epoch: 8/200	Train Loss: 0.012	Val Accuracy: 7.48
Training Epoch: 9/200	Train Loss: 0.0218	Val Accuracy: 7.48
Training Epoch: 10/200	Train Loss: 0.0054	Val Accuracy: 7.84
Training Epoch: 11/200	Train Loss: 0.0471	Val Accuracy: 7.84
Training Epoch: 12/200	Train Loss: 0.059	Val Accuracy: 7.94
Training Epoch: 13/200	Train Loss: 0.0344	Val Accuracy: 7.94
Training Epoch: 14/200	Train Loss: 0.0757	Val Accuracy: 8.02
Training Epoch: 15/200	Train Loss: 0.002	Val Accuracy: 8.02
Training Epoch: 16/200	Train Loss: 0.0085	Val Accuracy: 7.48
Training Epoch: 17/200	Train Loss: 0.0021	Val Accuracy: 7.48
Training Epoch: 18/200	Train Loss: 0.0006	Val Accuracy: 8.06
Training Epoch: 19/200	Train Loss: 0.0182	Val Accuracy: 8.06
Training Epoch: 20/200	Train Loss: 0.0071	Val Accuracy: 7.52
Training Epoch: 21/200	Train Loss: 0.0012	Val Accuracy: 7.52
Training Epoch: 22/200	Train Loss: 0.0086	Val Accuracy: 8.14
Training Epoch: 23/200	Train Loss: 0.0771	Val Accuracy: 8.14
Training Epoch: 24/200	Train Loss: 0.1161	Val Accuracy: 7.7
Training Epoch: 25/200	Train Loss: 0.0013	Val Accuracy: 7.7
Training Epoch: 26/200	Train Loss: 0.0071	Val Accuracy: 8.0
Training Epoch: 27/200	Train Loss: 0.0125	Val Accuracy: 8.0
Training Epoch: 28/200	Train Loss: 0.0363	Val Accuracy: 8.08
Training Epoch: 29/200	Train Loss: 0.0249	Val Accuracy: 8.08
Training Epoch: 30/200	Train Loss: 0.005	Val Accuracy: 7.94
Training Epoch: 31/200	Train Loss: 0.0052	Val Accuracy: 7.94
Training Epoch: 32/200	Train Loss: 0.0017	Val Accuracy: 8.24
Training Epoch: 33/200	Train Loss: 0.0015	Val Accuracy: 8.24
Training Epoch: 34/200	Train Loss: 0.0461	Val Accuracy: 8.4
Training Epoch: 35/200	Train Loss: 0.0076	Val Accuracy: 8.4
Training Epoch: 36/200	Train Loss: 0.0109	Val Accuracy: 8.0
Training Epoch: 37/200	Train Loss: 0.0317	Val Accuracy: 8.0
Training Epoch: 38/200	Train Loss: 0.0006	Val Accuracy: 7.94
Training Epoch: 39/200	Train Loss: 0.0033	Val Accuracy: 7.94
Training Epoch: 40/200	Train Loss: 0.0117	Val Accuracy: 7.66
Training Epoch: 41/200	Train Loss: 0.0287	Val Accuracy: 7.66
Training Epoch: 42/200	Train Loss: 0.0133	Val Accuracy: 7.68
Training Epoch: 43/200	Train Loss: 0.031	Val Accuracy: 7.68
Training Epoch: 44/200	Train Loss: 0.0389	Val Accuracy: 7.8
Training Epoch: 45/200	Train Loss: 0.0321	Val Accuracy: 7.8
Training Epoch: 46/200	Train Loss: 0.0025	Val Accuracy: 7.38
Training Epoch: 47/200	Train Loss: 0.0699	Val Accuracy: 7.38
Training Epoch: 48/200	Train Loss: 0.0011	Val Accuracy: 8.12
Training Epoch: 49/200	Train Loss: 0.0299	Val Accuracy: 8.12
Training Epoch: 50/200	Train Loss: 0.0021	Val Accuracy: 7.82
Training Epoch: 51/200	Train Loss: 0.0003	Val Accuracy: 7.82
Training Epoch: 52/200	Train Loss: 0.0013	Val Accuracy: 8.02
Training Epoch: 53/200	Train Loss: 0.0017	Val Accuracy: 8.02
Training Epoch: 54/200	Train Loss: 0.0043	Val Accuracy: 7.82
Training Epoch: 55/200	Train Loss: 0.0071	Val Accuracy: 7.82
Training Epoch: 56/200	Train Loss: 0.0021	Val Accuracy: 7.88
Training Epoch: 57/200	Train Loss: 0.0017	Val Accuracy: 7.88
Training Epoch: 58/200	Train Loss: 0.0007	Val Accuracy: 8.08
Training Epoch: 59/200	Train Loss: 0.0006	Val Accuracy: 8.08
Training Epoch: 60/200	Train Loss: 0.0026	Val Accuracy: 7.68
Training Epoch: 61/200	Train Loss: 0.011	Val Accuracy: 7.68
Training Epoch: 62/200	Train Loss: 0.0014	Val Accuracy: 7.72
Training Epoch: 63/200	Train Loss: 0.0055	Val Accuracy: 7.72
Training Epoch: 64/200	Train Loss: 0.0172	Val Accuracy: 7.92
Training Epoch: 65/200	Train Loss: 0.0437	Val Accuracy: 7.92
Training Epoch: 66/200	Train Loss: 0.0008	Val Accuracy: 8.34
Training Epoch: 67/200	Train Loss: 0.0012	Val Accuracy: 8.34
Training Epoch: 68/200	Train Loss: 0.0008	Val Accuracy: 8.02
Training Epoch: 69/200	Train Loss: 0.038	Val Accuracy: 8.02
Training Epoch: 70/200	Train Loss: 0.0545	Val Accuracy: 8.26
Training Epoch: 71/200	Train Loss: 0.0055	Val Accuracy: 8.26
Training Epoch: 72/200	Train Loss: 0.0009	Val Accuracy: 7.66
Training Epoch: 73/200	Train Loss: 0.0173	Val Accuracy: 7.66
Training Epoch: 74/200	Train Loss: 0.0077	Val Accuracy: 7.72
Training Epoch: 75/200	Train Loss: 0.0191	Val Accuracy: 7.72
Training Epoch: 76/200	Train Loss: 0.0035	Val Accuracy: 8.2
Training Epoch: 77/200	Train Loss: 0.0061	Val Accuracy: 8.2
Training Epoch: 78/200	Train Loss: 0.0013	Val Accuracy: 8.14
Training Epoch: 79/200	Train Loss: 0.0002	Val Accuracy: 8.14
Training Epoch: 80/200	Train Loss: 0.0201	Val Accuracy: 8.28
Training Epoch: 81/200	Train Loss: 0.001	Val Accuracy: 8.28
Training Epoch: 82/200	Train Loss: 0.0005	Val Accuracy: 8.06
Training Epoch: 83/200	Train Loss: 0.0636	Val Accuracy: 8.06
Training Epoch: 84/200	Train Loss: 0.0114	Val Accuracy: 8.04
Training Epoch: 85/200	Train Loss: 0.0283	Val Accuracy: 8.04
Training Epoch: 86/200	Train Loss: 0.0008	Val Accuracy: 8.32
Training Epoch: 87/200	Train Loss: 0.002	Val Accuracy: 8.32
Training Epoch: 88/200	Train Loss: 0.0006	Val Accuracy: 8.16
Training Epoch: 89/200	Train Loss: 0.0005	Val Accuracy: 8.16
Training Epoch: 90/200	Train Loss: 0.0094	Val Accuracy: 8.06
Training Epoch: 91/200	Train Loss: 0.0021	Val Accuracy: 8.06
Training Epoch: 92/200	Train Loss: 0.0034	Val Accuracy: 8.0
Training Epoch: 93/200	Train Loss: 0.0011	Val Accuracy: 8.0
Training Epoch: 94/200	Train Loss: 0.0004	Val Accuracy: 7.52
Training Epoch: 95/200	Train Loss: 0.0012	Val Accuracy: 7.52
Training Epoch: 96/200	Train Loss: 0.0002	Val Accuracy: 7.84
Training Epoch: 97/200	Train Loss: 0.0001	Val Accuracy: 7.84
Training Epoch: 98/200	Train Loss: 0.0028	Val Accuracy: 7.98
Training Epoch: 99/200	Train Loss: 0.0025	Val Accuracy: 7.98
Training Epoch: 100/200	Train Loss: 0.0007	Val Accuracy: 8.12
Training Epoch: 101/200	Train Loss: 0.0019	Val Accuracy: 8.12
Training Epoch: 102/200	Train Loss: 0.0007	Val Accuracy: 7.88
Training Epoch: 103/200	Train Loss: 0.0014	Val Accuracy: 7.88
Training Epoch: 104/200	Train Loss: 0.0108	Val Accuracy: 7.92
Training Epoch: 105/200	Train Loss: 0.0003	Val Accuracy: 7.92
Training Epoch: 106/200	Train Loss: 0.033	Val Accuracy: 7.82
Training Epoch: 107/200	Train Loss: 0.0013	Val Accuracy: 7.82
Training Epoch: 108/200	Train Loss: 0.0006	Val Accuracy: 7.58
Training Epoch: 109/200	Train Loss: 0.0007	Val Accuracy: 7.58
Training Epoch: 110/200	Train Loss: 0.0001	Val Accuracy: 8.08
Training Epoch: 111/200	Train Loss: 0.0002	Val Accuracy: 8.08
Training Epoch: 112/200	Train Loss: 0.0005	Val Accuracy: 8.08
Training Epoch: 113/200	Train Loss: 0.0013	Val Accuracy: 8.08
Training Epoch: 114/200	Train Loss: 0.0014	Val Accuracy: 8.3
Training Epoch: 115/200	Train Loss: 0.0003	Val Accuracy: 8.3
Training Epoch: 116/200	Train Loss: 0.0022	Val Accuracy: 8.3
Training Epoch: 117/200	Train Loss: 0.0004	Val Accuracy: 8.3
Training Epoch: 118/200	Train Loss: 0.0007	Val Accuracy: 8.08
Training Epoch: 119/200	Train Loss: 0.0004	Val Accuracy: 8.08
Training Epoch: 120/200	Train Loss: 0.0043	Val Accuracy: 8.0
Training Epoch: 121/200	Train Loss: 0.0012	Val Accuracy: 8.0
Training Epoch: 122/200	Train Loss: 0.0005	Val Accuracy: 8.28
Training Epoch: 123/200	Train Loss: 0.0003	Val Accuracy: 8.28
Training Epoch: 124/200	Train Loss: 0.0002	Val Accuracy: 8.2
Training Epoch: 125/200	Train Loss: 0.0001	Val Accuracy: 8.2
Training Epoch: 126/200	Train Loss: 0.0028	Val Accuracy: 7.96
Training Epoch: 127/200	Train Loss: 0.0008	Val Accuracy: 7.96
Training Epoch: 128/200	Train Loss: 0.0003	Val Accuracy: 7.98
Training Epoch: 129/200	Train Loss: 0.0015	Val Accuracy: 7.98
Training Epoch: 130/200	Train Loss: 0.0006	Val Accuracy: 7.82
Training Epoch: 131/200	Train Loss: 0.0001	Val Accuracy: 7.82
Training Epoch: 132/200	Train Loss: 0.0006	Val Accuracy: 8.1
Training Epoch: 133/200	Train Loss: 0.0003	Val Accuracy: 8.1
Training Epoch: 134/200	Train Loss: 0.0002	Val Accuracy: 7.74
Training Epoch: 135/200	Train Loss: 0.0009	Val Accuracy: 7.74
Training Epoch: 136/200	Train Loss: 0.0002	Val Accuracy: 8.26
Training Epoch: 137/200	Train Loss: 0.0001	Val Accuracy: 8.26
Training Epoch: 138/200	Train Loss: 0.0023	Val Accuracy: 7.8
Training Epoch: 139/200	Train Loss: 0.0044	Val Accuracy: 7.8
Training Epoch: 140/200	Train Loss: 0.0004	Val Accuracy: 8.04
Training Epoch: 141/200	Train Loss: 0.0004	Val Accuracy: 8.04
Training Epoch: 142/200	Train Loss: 0.0002	Val Accuracy: 8.1
Training Epoch: 143/200	Train Loss: 0.0003	Val Accuracy: 8.1
Training Epoch: 144/200	Train Loss: 0.0007	Val Accuracy: 7.94
Training Epoch: 145/200	Train Loss: 0.0004	Val Accuracy: 7.94
Training Epoch: 146/200	Train Loss: 0.0002	Val Accuracy: 8.46
Training Epoch: 147/200	Train Loss: 0.0003	Val Accuracy: 8.46
Training Epoch: 148/200	Train Loss: 0.0004	Val Accuracy: 8.06
Training Epoch: 149/200	Train Loss: 0.0003	Val Accuracy: 8.06
Training Epoch: 150/200	Train Loss: 0.0002	Val Accuracy: 8.0
Training Epoch: 151/200	Train Loss: 0.0002	Val Accuracy: 8.0
Training Epoch: 152/200	Train Loss: 0.0003	Val Accuracy: 8.44
Training Epoch: 153/200	Train Loss: 0.0002	Val Accuracy: 8.44
Training Epoch: 154/200	Train Loss: 0.0002	Val Accuracy: 8.12
Training Epoch: 155/200	Train Loss: 0.0004	Val Accuracy: 8.12
Training Epoch: 156/200	Train Loss: 0.0011	Val Accuracy: 8.06
Training Epoch: 157/200	Train Loss: 0.0002	Val Accuracy: 8.06
Training Epoch: 158/200	Train Loss: 0.0001	Val Accuracy: 7.92
Training Epoch: 159/200	Train Loss: 0.0001	Val Accuracy: 7.92
Training Epoch: 160/200	Train Loss: 0.0005	Val Accuracy: 8.26
Training Epoch: 161/200	Train Loss: 0.0006	Val Accuracy: 8.26
Training Epoch: 162/200	Train Loss: 0.0003	Val Accuracy: 8.26
Training Epoch: 163/200	Train Loss: 0.0005	Val Accuracy: 8.26
Training Epoch: 164/200	Train Loss: 0.0012	Val Accuracy: 8.16
Training Epoch: 165/200	Train Loss: 0.0006	Val Accuracy: 8.16
Training Epoch: 166/200	Train Loss: 0.0005	Val Accuracy: 8.16
Training Epoch: 167/200	Train Loss: 0.0007	Val Accuracy: 8.16
Training Epoch: 168/200	Train Loss: 0.0005	Val Accuracy: 8.16
Training Epoch: 169/200	Train Loss: 0.0004	Val Accuracy: 8.16
Training Epoch: 170/200	Train Loss: 0.0003	Val Accuracy: 7.84
Training Epoch: 171/200	Train Loss: 0.0002	Val Accuracy: 7.84
Training Epoch: 172/200	Train Loss: 0.0016	Val Accuracy: 7.94
Training Epoch: 173/200	Train Loss: 0.0002	Val Accuracy: 7.94
Training Epoch: 174/200	Train Loss: 0.0002	Val Accuracy: 8.16
Training Epoch: 175/200	Train Loss: 0.0001	Val Accuracy: 8.16
Training Epoch: 176/200	Train Loss: 0.0007	Val Accuracy: 7.98
Training Epoch: 177/200	Train Loss: 0.0003	Val Accuracy: 7.98
Training Epoch: 178/200	Train Loss: 0.0004	Val Accuracy: 8.1
Training Epoch: 179/200	Train Loss: 0.0005	Val Accuracy: 8.1
Training Epoch: 180/200	Train Loss: 0.0001	Val Accuracy: 7.72
Training Epoch: 181/200	Train Loss: 0.0002	Val Accuracy: 7.72
Training Epoch: 182/200	Train Loss: 0.0001	Val Accuracy: 7.92
Training Epoch: 183/200	Train Loss: 0.0003	Val Accuracy: 7.92
Training Epoch: 184/200	Train Loss: 0.0003	Val Accuracy: 7.94
Training Epoch: 185/200	Train Loss: 0.0002	Val Accuracy: 7.94
Training Epoch: 186/200	Train Loss: 0.0008	Val Accuracy: 8.16
Training Epoch: 187/200	Train Loss: 0.0028	Val Accuracy: 8.16
Training Epoch: 188/200	Train Loss: 0.0004	Val Accuracy: 8.06
Training Epoch: 189/200	Train Loss: 0.0002	Val Accuracy: 8.06
Training Epoch: 190/200	Train Loss: 0.0007	Val Accuracy: 8.14
Training Epoch: 191/200	Train Loss: 0.0011	Val Accuracy: 8.14
Training Epoch: 192/200	Train Loss: 0.0001	Val Accuracy: 8.36
Training Epoch: 193/200	Train Loss: 0.0006	Val Accuracy: 8.36
Training Epoch: 194/200	Train Loss: 0.0003	Val Accuracy: 7.96
Training Epoch: 195/200	Train Loss: 0.0	Val Accuracy: 7.96
Training Epoch: 196/200	Train Loss: 0.0003	Val Accuracy: 8.06
Training Epoch: 197/200	Train Loss: 0.0064	Val Accuracy: 8.06
Training Epoch: 198/200	Train Loss: 0.0003	Val Accuracy: 8.5
Training Epoch: 199/200	Train Loss: 0.0012	Val Accuracy: 8.5
Training Epoch: 200/200	Train Loss: 0.0003	Val Accuracy: 8.12

Wrote Best Model Checkpoint to: vlBest_acc_8_model_epoch_0198.pyth

Best Validation Accuracy: 8.5
Best Epoch: 198

======== TESTING ========

Test Accuracy: 9.37.

======== ACTIVE SAMPLING ========

ProbCover adaptive delta: base=0.2500, effective=0.2125, scale=0.85, phase=post_label_shrink, labeled_count=600
Coverage selection metadata: active=False (mode=adaptive_density_cover, variant=unknown, delta=0.2125, phase=adaptive_signal, bald_mean=0.0000, bald_max=0.0000, variance_mean=0.0000, variance_max=0.0000, dropout_iters=0, cover_anchors=0, diversity_lambda=0.00, selected_id_mean=0.0000, selected_signal_mean=0.8211, selected_radius_mean=0.1652, k_id=50, k_knn=50, alpha=1.00)
Active Sampling Complete. After Episode 11:
New Labeled Set: 650, New Unlabeled Set: 44350, Active Set: 50

================================


Current accuracy values:  [4.170000000000002, 5.269999999999996, 5.6200000000000045, 6.689999999999998, 7.290000000000006, 7.579999999999998, 7.650000000000006, 7.969999999999999, 8.129999999999995, 8.420000000000002, 8.920000000000002, 9.370000000000005]
======== EPISODE 12 BEGINS ========

======== TRAINING ========
Training Epoch: 1/200	Train Loss: 0.1717	Val Accuracy: 0.0
Training Epoch: 2/200	Train Loss: 0.0147	Val Accuracy: 8.14
Training Epoch: 3/200	Train Loss: 0.1727	Val Accuracy: 8.14
Training Epoch: 4/200	Train Loss: 0.0938	Val Accuracy: 8.62
Training Epoch: 5/200	Train Loss: 0.02	Val Accuracy: 8.62
Training Epoch: 6/200	Train Loss: 0.0105	Val Accuracy: 8.5
Training Epoch: 7/200	Train Loss: 0.1049	Val Accuracy: 8.5
Training Epoch: 8/200	Train Loss: 0.0472	Val Accuracy: 8.02
Training Epoch: 9/200	Train Loss: 0.0215	Val Accuracy: 8.02
Training Epoch: 10/200	Train Loss: 0.027	Val Accuracy: 7.62
Training Epoch: 11/200	Train Loss: 0.1509	Val Accuracy: 7.62
Training Epoch: 12/200	Train Loss: 0.2745	Val Accuracy: 7.32
Training Epoch: 13/200	Train Loss: 0.013	Val Accuracy: 7.32
Training Epoch: 14/200	Train Loss: 0.0154	Val Accuracy: 8.48
Training Epoch: 15/200	Train Loss: 0.0377	Val Accuracy: 8.48
Training Epoch: 16/200	Train Loss: 0.0651	Val Accuracy: 7.32
Training Epoch: 17/200	Train Loss: 0.0697	Val Accuracy: 7.32
Training Epoch: 18/200	Train Loss: 0.0045	Val Accuracy: 7.8
Training Epoch: 19/200	Train Loss: 0.0621	Val Accuracy: 7.8
Training Epoch: 20/200	Train Loss: 0.0684	Val Accuracy: 7.62
Training Epoch: 21/200	Train Loss: 0.0544	Val Accuracy: 7.62
Training Epoch: 22/200	Train Loss: 0.0359	Val Accuracy: 7.54
Training Epoch: 23/200	Train Loss: 0.0025	Val Accuracy: 7.54
Training Epoch: 24/200	Train Loss: 0.0185	Val Accuracy: 7.24
Training Epoch: 25/200	Train Loss: 0.0041	Val Accuracy: 7.24
Training Epoch: 26/200	Train Loss: 0.0126	Val Accuracy: 8.02
Training Epoch: 27/200	Train Loss: 0.0032	Val Accuracy: 8.02
Training Epoch: 28/200	Train Loss: 0.0502	Val Accuracy: 7.82
Training Epoch: 29/200	Train Loss: 0.035	Val Accuracy: 7.82
Training Epoch: 30/200	Train Loss: 0.0069	Val Accuracy: 8.14
Training Epoch: 31/200	Train Loss: 0.0074	Val Accuracy: 8.14
Training Epoch: 32/200	Train Loss: 0.0482	Val Accuracy: 8.1
Training Epoch: 33/200	Train Loss: 0.0188	Val Accuracy: 8.1
Training Epoch: 34/200	Train Loss: 0.0061	Val Accuracy: 8.16
Training Epoch: 35/200	Train Loss: 0.0011	Val Accuracy: 8.16
Training Epoch: 36/200	Train Loss: 0.0335	Val Accuracy: 8.04
Training Epoch: 37/200	Train Loss: 0.0416	Val Accuracy: 8.04
Training Epoch: 38/200	Train Loss: 0.0007	Val Accuracy: 7.96
Training Epoch: 39/200	Train Loss: 0.0205	Val Accuracy: 7.96
Training Epoch: 40/200	Train Loss: 0.0043	Val Accuracy: 8.3
Training Epoch: 41/200	Train Loss: 0.0099	Val Accuracy: 8.3
Training Epoch: 42/200	Train Loss: 0.0164	Val Accuracy: 8.3
Training Epoch: 43/200	Train Loss: 0.0114	Val Accuracy: 8.3
Training Epoch: 44/200	Train Loss: 0.0024	Val Accuracy: 8.18
Training Epoch: 45/200	Train Loss: 0.0052	Val Accuracy: 8.18
Training Epoch: 46/200	Train Loss: 0.001	Val Accuracy: 8.08
Training Epoch: 47/200	Train Loss: 0.0041	Val Accuracy: 8.08
Training Epoch: 48/200	Train Loss: 0.0011	Val Accuracy: 8.0
Training Epoch: 49/200	Train Loss: 0.003	Val Accuracy: 8.0
Training Epoch: 50/200	Train Loss: 0.0019	Val Accuracy: 7.88
Training Epoch: 51/200	Train Loss: 0.002	Val Accuracy: 7.88
Training Epoch: 52/200	Train Loss: 0.0129	Val Accuracy: 8.08
Training Epoch: 53/200	Train Loss: 0.0116	Val Accuracy: 8.08
Training Epoch: 54/200	Train Loss: 0.0004	Val Accuracy: 8.38
Training Epoch: 55/200	Train Loss: 0.0055	Val Accuracy: 8.38
Training Epoch: 56/200	Train Loss: 0.0006	Val Accuracy: 8.02
Training Epoch: 57/200	Train Loss: 0.0014	Val Accuracy: 8.02
Training Epoch: 58/200	Train Loss: 0.0011	Val Accuracy: 8.4
Training Epoch: 59/200	Train Loss: 0.0005	Val Accuracy: 8.4
Training Epoch: 60/200	Train Loss: 0.0013	Val Accuracy: 8.14
Training Epoch: 61/200	Train Loss: 0.0006	Val Accuracy: 8.14
Training Epoch: 62/200	Train Loss: 0.0081	Val Accuracy: 8.1
Training Epoch: 63/200	Train Loss: 0.0007	Val Accuracy: 8.1
Training Epoch: 64/200	Train Loss: 0.0012	Val Accuracy: 8.3
Training Epoch: 65/200	Train Loss: 0.0007	Val Accuracy: 8.3
Training Epoch: 66/200	Train Loss: 0.0009	Val Accuracy: 8.28
Training Epoch: 67/200	Train Loss: 0.0004	Val Accuracy: 8.28
Training Epoch: 68/200	Train Loss: 0.0019	Val Accuracy: 8.04
Training Epoch: 69/200	Train Loss: 0.0007	Val Accuracy: 8.04
Training Epoch: 70/200	Train Loss: 0.0154	Val Accuracy: 7.86
Training Epoch: 71/200	Train Loss: 0.0378	Val Accuracy: 7.86
Training Epoch: 72/200	Train Loss: 0.0003	Val Accuracy: 8.28
Training Epoch: 73/200	Train Loss: 0.0027	Val Accuracy: 8.28
Training Epoch: 74/200	Train Loss: 0.0141	Val Accuracy: 8.24
Training Epoch: 75/200	Train Loss: 0.0012	Val Accuracy: 8.24
Training Epoch: 76/200	Train Loss: 0.0449	Val Accuracy: 8.08
Training Epoch: 77/200	Train Loss: 0.0081	Val Accuracy: 8.08
Training Epoch: 78/200	Train Loss: 0.0003	Val Accuracy: 8.14
Training Epoch: 79/200	Train Loss: 0.0114	Val Accuracy: 8.14
Training Epoch: 80/200	Train Loss: 0.0008	Val Accuracy: 8.14
Training Epoch: 81/200	Train Loss: 0.0004	Val Accuracy: 8.14
Training Epoch: 82/200	Train Loss: 0.0035	Val Accuracy: 7.9
Training Epoch: 83/200	Train Loss: 0.0002	Val Accuracy: 7.9
Training Epoch: 84/200	Train Loss: 0.0006	Val Accuracy: 7.94
Training Epoch: 85/200	Train Loss: 0.0001	Val Accuracy: 7.94
Training Epoch: 86/200	Train Loss: 0.0022	Val Accuracy: 8.02
Training Epoch: 87/200	Train Loss: 0.0005	Val Accuracy: 8.02
Training Epoch: 88/200	Train Loss: 0.0009	Val Accuracy: 8.24
Training Epoch: 89/200	Train Loss: 0.0079	Val Accuracy: 8.24
Training Epoch: 90/200	Train Loss: 0.0022	Val Accuracy: 8.1
Training Epoch: 91/200	Train Loss: 0.0091	Val Accuracy: 8.1
Training Epoch: 92/200	Train Loss: 0.0004	Val Accuracy: 8.28
Training Epoch: 93/200	Train Loss: 0.0134	Val Accuracy: 8.28
Training Epoch: 94/200	Train Loss: 0.0001	Val Accuracy: 8.14
Training Epoch: 95/200	Train Loss: 0.0063	Val Accuracy: 8.14
Training Epoch: 96/200	Train Loss: 0.0663	Val Accuracy: 8.28
Training Epoch: 97/200	Train Loss: 0.0005	Val Accuracy: 8.28
Training Epoch: 98/200	Train Loss: 0.0006	Val Accuracy: 8.12
Training Epoch: 99/200	Train Loss: 0.0158	Val Accuracy: 8.12
Training Epoch: 100/200	Train Loss: 0.0006	Val Accuracy: 8.18
Training Epoch: 101/200	Train Loss: 0.0004	Val Accuracy: 8.18
Training Epoch: 102/200	Train Loss: 0.0008	Val Accuracy: 8.12
Training Epoch: 103/200	Train Loss: 0.0025	Val Accuracy: 8.12
Training Epoch: 104/200	Train Loss: 0.0007	Val Accuracy: 8.2
Training Epoch: 105/200	Train Loss: 0.0016	Val Accuracy: 8.2
Training Epoch: 106/200	Train Loss: 0.0009	Val Accuracy: 8.36
Training Epoch: 107/200	Train Loss: 0.0007	Val Accuracy: 8.36
Training Epoch: 108/200	Train Loss: 0.0005	Val Accuracy: 8.58
Training Epoch: 109/200	Train Loss: 0.0005	Val Accuracy: 8.58
Training Epoch: 110/200	Train Loss: 0.0018	Val Accuracy: 8.26
Training Epoch: 111/200	Train Loss: 0.0028	Val Accuracy: 8.26
Training Epoch: 112/200	Train Loss: 0.0004	Val Accuracy: 8.04
Training Epoch: 113/200	Train Loss: 0.0002	Val Accuracy: 8.04
Training Epoch: 114/200	Train Loss: 0.0005	Val Accuracy: 8.4
Training Epoch: 115/200	Train Loss: 0.0003	Val Accuracy: 8.4
Training Epoch: 116/200	Train Loss: 0.0001	Val Accuracy: 7.82
Training Epoch: 117/200	Train Loss: 0.0009	Val Accuracy: 7.82
Training Epoch: 118/200	Train Loss: 0.0002	Val Accuracy: 7.84
Training Epoch: 119/200	Train Loss: 0.0007	Val Accuracy: 7.84
Training Epoch: 120/200	Train Loss: 0.0004	Val Accuracy: 7.9
Training Epoch: 121/200	Train Loss: 0.0001	Val Accuracy: 7.9
Training Epoch: 122/200	Train Loss: 0.0003	Val Accuracy: 8.12
Training Epoch: 123/200	Train Loss: 0.0001	Val Accuracy: 8.12
Training Epoch: 124/200	Train Loss: 0.0003	Val Accuracy: 8.16
Training Epoch: 125/200	Train Loss: 0.0004	Val Accuracy: 8.16
Training Epoch: 126/200	Train Loss: 0.0002	Val Accuracy: 7.74
Training Epoch: 127/200	Train Loss: 0.0004	Val Accuracy: 7.74
Training Epoch: 128/200	Train Loss: 0.0002	Val Accuracy: 8.02
Training Epoch: 129/200	Train Loss: 0.0003	Val Accuracy: 8.02
Training Epoch: 130/200	Train Loss: 0.06	Val Accuracy: 8.46
Training Epoch: 131/200	Train Loss: 0.0001	Val Accuracy: 8.46
Training Epoch: 132/200	Train Loss: 0.0011	Val Accuracy: 8.3
Training Epoch: 133/200	Train Loss: 0.0003	Val Accuracy: 8.3
Training Epoch: 134/200	Train Loss: 0.0002	Val Accuracy: 8.1
Training Epoch: 135/200	Train Loss: 0.0023	Val Accuracy: 8.1
Training Epoch: 136/200	Train Loss: 0.0007	Val Accuracy: 8.2
Training Epoch: 137/200	Train Loss: 0.0001	Val Accuracy: 8.2
Training Epoch: 138/200	Train Loss: 0.0002	Val Accuracy: 7.88
Training Epoch: 139/200	Train Loss: 0.0001	Val Accuracy: 7.88
Training Epoch: 140/200	Train Loss: 0.001	Val Accuracy: 7.86
Training Epoch: 141/200	Train Loss: 0.0046	Val Accuracy: 7.86
Training Epoch: 142/200	Train Loss: 0.0003	Val Accuracy: 8.52
Training Epoch: 143/200	Train Loss: 0.003	Val Accuracy: 8.52
Training Epoch: 144/200	Train Loss: 0.0004	Val Accuracy: 8.2
Training Epoch: 145/200	Train Loss: 0.0001	Val Accuracy: 8.2
Training Epoch: 146/200	Train Loss: 0.0013	Val Accuracy: 8.0
Training Epoch: 147/200	Train Loss: 0.0006	Val Accuracy: 8.0
Training Epoch: 148/200	Train Loss: 0.0002	Val Accuracy: 8.04
Training Epoch: 149/200	Train Loss: 0.0004	Val Accuracy: 8.04
Training Epoch: 150/200	Train Loss: 0.0001	Val Accuracy: 8.32
Training Epoch: 151/200	Train Loss: 0.0004	Val Accuracy: 8.32
Training Epoch: 152/200	Train Loss: 0.0002	Val Accuracy: 8.1
Training Epoch: 153/200	Train Loss: 0.0009	Val Accuracy: 8.1
Training Epoch: 154/200	Train Loss: 0.0003	Val Accuracy: 8.3
Training Epoch: 155/200	Train Loss: 0.0001	Val Accuracy: 8.3
Training Epoch: 156/200	Train Loss: 0.0	Val Accuracy: 8.0
Training Epoch: 157/200	Train Loss: 0.0006	Val Accuracy: 8.0
Training Epoch: 158/200	Train Loss: 0.0031	Val Accuracy: 8.12
Training Epoch: 159/200	Train Loss: 0.0002	Val Accuracy: 8.12
Training Epoch: 160/200	Train Loss: 0.0004	Val Accuracy: 7.92
Training Epoch: 161/200	Train Loss: 0.0002	Val Accuracy: 7.92
Training Epoch: 162/200	Train Loss: 0.0005	Val Accuracy: 8.14
Training Epoch: 163/200	Train Loss: 0.0002	Val Accuracy: 8.14
Training Epoch: 164/200	Train Loss: 0.0002	Val Accuracy: 7.94
Training Epoch: 165/200	Train Loss: 0.0001	Val Accuracy: 7.94
Training Epoch: 166/200	Train Loss: 0.0001	Val Accuracy: 8.34
Training Epoch: 167/200	Train Loss: 0.0003	Val Accuracy: 8.34
Training Epoch: 168/200	Train Loss: 0.0004	Val Accuracy: 8.28
Training Epoch: 169/200	Train Loss: 0.0001	Val Accuracy: 8.28
Training Epoch: 170/200	Train Loss: 0.0027	Val Accuracy: 8.36
Training Epoch: 171/200	Train Loss: 0.0007	Val Accuracy: 8.36
Training Epoch: 172/200	Train Loss: 0.0003	Val Accuracy: 8.1
Training Epoch: 173/200	Train Loss: 0.0001	Val Accuracy: 8.1
Training Epoch: 174/200	Train Loss: 0.0005	Val Accuracy: 8.5
Training Epoch: 175/200	Train Loss: 0.001	Val Accuracy: 8.5
Training Epoch: 176/200	Train Loss: 0.0011	Val Accuracy: 8.38
Training Epoch: 177/200	Train Loss: 0.0005	Val Accuracy: 8.38
Training Epoch: 178/200	Train Loss: 0.0005	Val Accuracy: 8.16
Training Epoch: 179/200	Train Loss: 0.0003	Val Accuracy: 8.16
Training Epoch: 180/200	Train Loss: 0.0001	Val Accuracy: 8.16
Training Epoch: 181/200	Train Loss: 0.0005	Val Accuracy: 8.16
Training Epoch: 182/200	Train Loss: 0.0218	Val Accuracy: 8.22
Training Epoch: 183/200	Train Loss: 0.0001	Val Accuracy: 8.22
Training Epoch: 184/200	Train Loss: 0.0006	Val Accuracy: 8.36
Training Epoch: 185/200	Train Loss: 0.001	Val Accuracy: 8.36
Training Epoch: 186/200	Train Loss: 0.0001	Val Accuracy: 7.98
Training Epoch: 187/200	Train Loss: 0.0008	Val Accuracy: 7.98
Training Epoch: 188/200	Train Loss: 0.0006	Val Accuracy: 8.1
Training Epoch: 189/200	Train Loss: 0.0005	Val Accuracy: 8.1
Training Epoch: 190/200	Train Loss: 0.0002	Val Accuracy: 8.3
Training Epoch: 191/200	Train Loss: 0.0007	Val Accuracy: 8.3
Training Epoch: 192/200	Train Loss: 0.0004	Val Accuracy: 8.22
Training Epoch: 193/200	Train Loss: 0.0001	Val Accuracy: 8.22
Training Epoch: 194/200	Train Loss: 0.0001	Val Accuracy: 8.48
Training Epoch: 195/200	Train Loss: 0.0001	Val Accuracy: 8.48
Training Epoch: 196/200	Train Loss: 0.0003	Val Accuracy: 8.34
Training Epoch: 197/200	Train Loss: 0.0002	Val Accuracy: 8.34
Training Epoch: 198/200	Train Loss: 0.0004	Val Accuracy: 8.34
Training Epoch: 199/200	Train Loss: 0.0002	Val Accuracy: 8.34
Training Epoch: 200/200	Train Loss: 0.0011	Val Accuracy: 8.2

Wrote Best Model Checkpoint to: vlBest_acc_8_model_epoch_0004.pyth

Best Validation Accuracy: 8.62
Best Epoch: 4

======== TESTING ========

Test Accuracy: 9.26.

======== ACTIVE SAMPLING ========

ProbCover adaptive delta: base=0.2500, effective=0.2125, scale=0.85, phase=post_label_shrink, labeled_count=650
Coverage selection metadata: active=False (mode=adaptive_density_cover, variant=unknown, delta=0.2125, phase=adaptive_signal, bald_mean=0.0000, bald_max=0.0000, variance_mean=0.0000, variance_max=0.0000, dropout_iters=0, cover_anchors=0, diversity_lambda=0.00, selected_id_mean=0.0000, selected_signal_mean=0.8169, selected_radius_mean=0.1660, k_id=50, k_knn=50, alpha=1.00)
Active Sampling Complete. After Episode 12:
New Labeled Set: 700, New Unlabeled Set: 44300, Active Set: 50

================================


Current accuracy values:  [4.170000000000002, 5.269999999999996, 5.6200000000000045, 6.689999999999998, 7.290000000000006, 7.579999999999998, 7.650000000000006, 7.969999999999999, 8.129999999999995, 8.420000000000002, 8.920000000000002, 9.370000000000005, 9.260000000000005]
======== EPISODE 13 BEGINS ========

======== TRAINING ========
Training Epoch: 1/200	Train Loss: 0.1471	Val Accuracy: 0.0
Training Epoch: 2/200	Train Loss: 0.0232	Val Accuracy: 7.8
Training Epoch: 3/200	Train Loss: 0.0212	Val Accuracy: 7.8
Training Epoch: 4/200	Train Loss: 0.0643	Val Accuracy: 7.88
Training Epoch: 5/200	Train Loss: 0.0363	Val Accuracy: 7.88
Training Epoch: 6/200	Train Loss: 0.0111	Val Accuracy: 8.56
Training Epoch: 7/200	Train Loss: 0.0329	Val Accuracy: 8.56
Training Epoch: 8/200	Train Loss: 0.0679	Val Accuracy: 8.2
Training Epoch: 9/200	Train Loss: 0.0034	Val Accuracy: 8.2
Training Epoch: 10/200	Train Loss: 0.0119	Val Accuracy: 7.82
Training Epoch: 11/200	Train Loss: 0.0034	Val Accuracy: 7.82
Training Epoch: 12/200	Train Loss: 0.0131	Val Accuracy: 8.0
Training Epoch: 13/200	Train Loss: 0.029	Val Accuracy: 8.0
Training Epoch: 14/200	Train Loss: 0.0481	Val Accuracy: 8.26
Training Epoch: 15/200	Train Loss: 0.1446	Val Accuracy: 8.26
Training Epoch: 16/200	Train Loss: 0.0057	Val Accuracy: 8.14
Training Epoch: 17/200	Train Loss: 0.0679	Val Accuracy: 8.14
Training Epoch: 18/200	Train Loss: 0.0259	Val Accuracy: 8.18
Training Epoch: 19/200	Train Loss: 0.0077	Val Accuracy: 8.18
Training Epoch: 20/200	Train Loss: 0.0082	Val Accuracy: 8.02
Training Epoch: 21/200	Train Loss: 0.0341	Val Accuracy: 8.02
Training Epoch: 22/200	Train Loss: 0.0015	Val Accuracy: 8.66
Training Epoch: 23/200	Train Loss: 0.0208	Val Accuracy: 8.66
Training Epoch: 24/200	Train Loss: 0.0225	Val Accuracy: 8.28
Training Epoch: 25/200	Train Loss: 0.0135	Val Accuracy: 8.28
Training Epoch: 26/200	Train Loss: 0.004	Val Accuracy: 8.46
Training Epoch: 27/200	Train Loss: 0.0137	Val Accuracy: 8.46
Training Epoch: 28/200	Train Loss: 0.0362	Val Accuracy: 8.5
Training Epoch: 29/200	Train Loss: 0.0045	Val Accuracy: 8.5
Training Epoch: 30/200	Train Loss: 0.0267	Val Accuracy: 8.6
Training Epoch: 31/200	Train Loss: 0.0021	Val Accuracy: 8.6
Training Epoch: 32/200	Train Loss: 0.0081	Val Accuracy: 8.24
Training Epoch: 33/200	Train Loss: 0.0013	Val Accuracy: 8.24
Training Epoch: 34/200	Train Loss: 0.0481	Val Accuracy: 7.86
Training Epoch: 35/200	Train Loss: 0.0012	Val Accuracy: 7.86
Training Epoch: 36/200	Train Loss: 0.0267	Val Accuracy: 7.3
Training Epoch: 37/200	Train Loss: 0.0097	Val Accuracy: 7.3
Training Epoch: 38/200	Train Loss: 0.002	Val Accuracy: 8.26
Training Epoch: 39/200	Train Loss: 0.0161	Val Accuracy: 8.26
Training Epoch: 40/200	Train Loss: 0.0531	Val Accuracy: 8.16
Training Epoch: 41/200	Train Loss: 0.0034	Val Accuracy: 8.16
Training Epoch: 42/200	Train Loss: 0.0274	Val Accuracy: 8.04
Training Epoch: 43/200	Train Loss: 0.0117	Val Accuracy: 8.04
Training Epoch: 44/200	Train Loss: 0.0052	Val Accuracy: 7.9
Training Epoch: 45/200	Train Loss: 0.0101	Val Accuracy: 7.9
Training Epoch: 46/200	Train Loss: 0.0037	Val Accuracy: 8.5
Training Epoch: 47/200	Train Loss: 0.0018	Val Accuracy: 8.5
Training Epoch: 48/200	Train Loss: 0.0147	Val Accuracy: 8.08
Training Epoch: 49/200	Train Loss: 0.0211	Val Accuracy: 8.08
Training Epoch: 50/200	Train Loss: 0.0499	Val Accuracy: 8.16
Training Epoch: 51/200	Train Loss: 0.0288	Val Accuracy: 8.16
Training Epoch: 52/200	Train Loss: 0.022	Val Accuracy: 8.38
Training Epoch: 53/200	Train Loss: 0.0053	Val Accuracy: 8.38
Training Epoch: 54/200	Train Loss: 0.002	Val Accuracy: 8.64
Training Epoch: 55/200	Train Loss: 0.0028	Val Accuracy: 8.64
Training Epoch: 56/200	Train Loss: 0.0482	Val Accuracy: 8.52
Training Epoch: 57/200	Train Loss: 0.0086	Val Accuracy: 8.52
Training Epoch: 58/200	Train Loss: 0.0016	Val Accuracy: 8.38
Training Epoch: 59/200	Train Loss: 0.0015	Val Accuracy: 8.38
Training Epoch: 60/200	Train Loss: 0.0006	Val Accuracy: 8.68
Training Epoch: 61/200	Train Loss: 0.0034	Val Accuracy: 8.68
Training Epoch: 62/200	Train Loss: 0.0009	Val Accuracy: 8.7
Training Epoch: 63/200	Train Loss: 0.0012	Val Accuracy: 8.7
Training Epoch: 64/200	Train Loss: 0.0042	Val Accuracy: 8.54
Training Epoch: 65/200	Train Loss: 0.0009	Val Accuracy: 8.54
Training Epoch: 66/200	Train Loss: 0.001	Val Accuracy: 8.44
Training Epoch: 67/200	Train Loss: 0.0005	Val Accuracy: 8.44
Training Epoch: 68/200	Train Loss: 0.0018	Val Accuracy: 8.88
Training Epoch: 69/200	Train Loss: 0.004	Val Accuracy: 8.88
Training Epoch: 70/200	Train Loss: 0.0009	Val Accuracy: 8.86
Training Epoch: 71/200	Train Loss: 0.0094	Val Accuracy: 8.86
Training Epoch: 72/200	Train Loss: 0.0002	Val Accuracy: 9.14
Training Epoch: 73/200	Train Loss: 0.0121	Val Accuracy: 9.14
Training Epoch: 74/200	Train Loss: 0.0037	Val Accuracy: 8.48
Training Epoch: 75/200	Train Loss: 0.0012	Val Accuracy: 8.48
Training Epoch: 76/200	Train Loss: 0.0017	Val Accuracy: 8.54
Training Epoch: 77/200	Train Loss: 0.0002	Val Accuracy: 8.54
Training Epoch: 78/200	Train Loss: 0.0127	Val Accuracy: 8.76
Training Epoch: 79/200	Train Loss: 0.0026	Val Accuracy: 8.76
Training Epoch: 80/200	Train Loss: 0.0004	Val Accuracy: 8.78
Training Epoch: 81/200	Train Loss: 0.0001	Val Accuracy: 8.78
Training Epoch: 82/200	Train Loss: 0.0008	Val Accuracy: 8.68
Training Epoch: 83/200	Train Loss: 0.0042	Val Accuracy: 8.68
Training Epoch: 84/200	Train Loss: 0.003	Val Accuracy: 8.54
Training Epoch: 85/200	Train Loss: 0.0012	Val Accuracy: 8.54
Training Epoch: 86/200	Train Loss: 0.0072	Val Accuracy: 8.94
Training Epoch: 87/200	Train Loss: 0.001	Val Accuracy: 8.94
Training Epoch: 88/200	Train Loss: 0.0027	Val Accuracy: 8.72
Training Epoch: 89/200	Train Loss: 0.0049	Val Accuracy: 8.72
Training Epoch: 90/200	Train Loss: 0.0027	Val Accuracy: 8.68
Training Epoch: 91/200	Train Loss: 0.0006	Val Accuracy: 8.68
Training Epoch: 92/200	Train Loss: 0.0003	Val Accuracy: 8.62
Training Epoch: 93/200	Train Loss: 0.0028	Val Accuracy: 8.62
Training Epoch: 94/200	Train Loss: 0.0011	Val Accuracy: 8.58
Training Epoch: 95/200	Train Loss: 0.004	Val Accuracy: 8.58
Training Epoch: 96/200	Train Loss: 0.003	Val Accuracy: 8.26
Training Epoch: 97/200	Train Loss: 0.0006	Val Accuracy: 8.26
Training Epoch: 98/200	Train Loss: 0.0004	Val Accuracy: 8.3
Training Epoch: 99/200	Train Loss: 0.0002	Val Accuracy: 8.3
Training Epoch: 100/200	Train Loss: 0.0005	Val Accuracy: 8.6
Training Epoch: 101/200	Train Loss: 0.0021	Val Accuracy: 8.6
Training Epoch: 102/200	Train Loss: 0.001	Val Accuracy: 8.5
Training Epoch: 103/200	Train Loss: 0.0006	Val Accuracy: 8.5
Training Epoch: 104/200	Train Loss: 0.001	Val Accuracy: 8.68
Training Epoch: 105/200	Train Loss: 0.0022	Val Accuracy: 8.68
Training Epoch: 106/200	Train Loss: 0.0022	Val Accuracy: 8.74
Training Epoch: 107/200	Train Loss: 0.0002	Val Accuracy: 8.74
Training Epoch: 108/200	Train Loss: 0.0003	Val Accuracy: 8.74
Training Epoch: 109/200	Train Loss: 0.0002	Val Accuracy: 8.74
Training Epoch: 110/200	Train Loss: 0.0067	Val Accuracy: 8.72
Training Epoch: 111/200	Train Loss: 0.0004	Val Accuracy: 8.72
Training Epoch: 112/200	Train Loss: 0.001	Val Accuracy: 8.5
Training Epoch: 113/200	Train Loss: 0.0011	Val Accuracy: 8.5
Training Epoch: 114/200	Train Loss: 0.0016	Val Accuracy: 8.54
Training Epoch: 115/200	Train Loss: 0.0004	Val Accuracy: 8.54
Training Epoch: 116/200	Train Loss: 0.0004	Val Accuracy: 8.74
Training Epoch: 117/200	Train Loss: 0.0001	Val Accuracy: 8.74
Training Epoch: 118/200	Train Loss: 0.0002	Val Accuracy: 8.68
Training Epoch: 119/200	Train Loss: 0.001	Val Accuracy: 8.68
Training Epoch: 120/200	Train Loss: 0.0002	Val Accuracy: 8.58
Training Epoch: 121/200	Train Loss: 0.0001	Val Accuracy: 8.58
Training Epoch: 122/200	Train Loss: 0.0009	Val Accuracy: 8.52
Training Epoch: 123/200	Train Loss: 0.0006	Val Accuracy: 8.52
Training Epoch: 124/200	Train Loss: 0.0006	Val Accuracy: 8.64
Training Epoch: 125/200	Train Loss: 0.0015	Val Accuracy: 8.64
Training Epoch: 126/200	Train Loss: 0.004	Val Accuracy: 8.5
Training Epoch: 127/200	Train Loss: 0.0002	Val Accuracy: 8.5
Training Epoch: 128/200	Train Loss: 0.0006	Val Accuracy: 8.86
Training Epoch: 129/200	Train Loss: 0.0004	Val Accuracy: 8.86
Training Epoch: 130/200	Train Loss: 0.0002	Val Accuracy: 8.5
Training Epoch: 131/200	Train Loss: 0.0001	Val Accuracy: 8.5
Training Epoch: 132/200	Train Loss: 0.0001	Val Accuracy: 8.74
Training Epoch: 133/200	Train Loss: 0.034	Val Accuracy: 8.74
Training Epoch: 134/200	Train Loss: 0.0002	Val Accuracy: 8.68
Training Epoch: 135/200	Train Loss: 0.0004	Val Accuracy: 8.68
Training Epoch: 136/200	Train Loss: 0.0002	Val Accuracy: 8.76
Training Epoch: 137/200	Train Loss: 0.0003	Val Accuracy: 8.76
Training Epoch: 138/200	Train Loss: 0.0003	Val Accuracy: 9.04
Training Epoch: 139/200	Train Loss: 0.0001	Val Accuracy: 9.04
Training Epoch: 140/200	Train Loss: 0.0067	Val Accuracy: 8.3
Training Epoch: 141/200	Train Loss: 0.0004	Val Accuracy: 8.3
Training Epoch: 142/200	Train Loss: 0.0033	Val Accuracy: 8.66
Training Epoch: 143/200	Train Loss: 0.0004	Val Accuracy: 8.66
Training Epoch: 144/200	Train Loss: 0.0183	Val Accuracy: 8.54
Training Epoch: 145/200	Train Loss: 0.0006	Val Accuracy: 8.54
Training Epoch: 146/200	Train Loss: 0.0002	Val Accuracy: 8.54
Training Epoch: 147/200	Train Loss: 0.0125	Val Accuracy: 8.54
Training Epoch: 148/200	Train Loss: 0.0008	Val Accuracy: 8.66
Training Epoch: 149/200	Train Loss: 0.0002	Val Accuracy: 8.66
Training Epoch: 150/200	Train Loss: 0.0003	Val Accuracy: 8.86
Training Epoch: 151/200	Train Loss: 0.0003	Val Accuracy: 8.86
Training Epoch: 152/200	Train Loss: 0.0005	Val Accuracy: 8.68
Training Epoch: 153/200	Train Loss: 0.0012	Val Accuracy: 8.68
Training Epoch: 154/200	Train Loss: 0.0002	Val Accuracy: 8.38
Training Epoch: 155/200	Train Loss: 0.0011	Val Accuracy: 8.38
Training Epoch: 156/200	Train Loss: 0.0002	Val Accuracy: 8.78
Training Epoch: 157/200	Train Loss: 0.0002	Val Accuracy: 8.78
Training Epoch: 158/200	Train Loss: 0.0003	Val Accuracy: 8.68
Training Epoch: 159/200	Train Loss: 0.0002	Val Accuracy: 8.68
Training Epoch: 160/200	Train Loss: 0.0001	Val Accuracy: 8.58
Training Epoch: 161/200	Train Loss: 0.0001	Val Accuracy: 8.58
Training Epoch: 162/200	Train Loss: 0.0004	Val Accuracy: 8.48
Training Epoch: 163/200	Train Loss: 0.0001	Val Accuracy: 8.48
Training Epoch: 164/200	Train Loss: 0.0009	Val Accuracy: 8.88
Training Epoch: 165/200	Train Loss: 0.0008	Val Accuracy: 8.88
Training Epoch: 166/200	Train Loss: 0.0002	Val Accuracy: 8.62
Training Epoch: 167/200	Train Loss: 0.0008	Val Accuracy: 8.62
Training Epoch: 168/200	Train Loss: 0.0005	Val Accuracy: 8.56
Training Epoch: 169/200	Train Loss: 0.0063	Val Accuracy: 8.56
Training Epoch: 170/200	Train Loss: 0.0002	Val Accuracy: 8.52
Training Epoch: 171/200	Train Loss: 0.0002	Val Accuracy: 8.52
Training Epoch: 172/200	Train Loss: 0.0043	Val Accuracy: 8.68
Training Epoch: 173/200	Train Loss: 0.0001	Val Accuracy: 8.68
Training Epoch: 174/200	Train Loss: 0.0001	Val Accuracy: 8.78
Training Epoch: 175/200	Train Loss: 0.0033	Val Accuracy: 8.78
Training Epoch: 176/200	Train Loss: 0.0005	Val Accuracy: 8.76
Training Epoch: 177/200	Train Loss: 0.0001	Val Accuracy: 8.76
Training Epoch: 178/200	Train Loss: 0.0011	Val Accuracy: 8.78
Training Epoch: 179/200	Train Loss: 0.0001	Val Accuracy: 8.78
Training Epoch: 180/200	Train Loss: 0.0089	Val Accuracy: 8.5
Training Epoch: 181/200	Train Loss: 0.0004	Val Accuracy: 8.5
Training Epoch: 182/200	Train Loss: 0.0002	Val Accuracy: 8.62
Training Epoch: 183/200	Train Loss: 0.0006	Val Accuracy: 8.62
Training Epoch: 184/200	Train Loss: 0.0122	Val Accuracy: 8.82
Training Epoch: 185/200	Train Loss: 0.0005	Val Accuracy: 8.82
Training Epoch: 186/200	Train Loss: 0.0001	Val Accuracy: 8.72
Training Epoch: 187/200	Train Loss: 0.0004	Val Accuracy: 8.72
Training Epoch: 188/200	Train Loss: 0.0002	Val Accuracy: 8.68
Training Epoch: 189/200	Train Loss: 0.0002	Val Accuracy: 8.68
Training Epoch: 190/200	Train Loss: 0.0003	Val Accuracy: 8.58
Training Epoch: 191/200	Train Loss: 0.0008	Val Accuracy: 8.58
Training Epoch: 192/200	Train Loss: 0.0002	Val Accuracy: 8.78
Training Epoch: 193/200	Train Loss: 0.0002	Val Accuracy: 8.78
Training Epoch: 194/200	Train Loss: 0.0023	Val Accuracy: 8.68
Training Epoch: 195/200	Train Loss: 0.0005	Val Accuracy: 8.68
Training Epoch: 196/200	Train Loss: 0.0001	Val Accuracy: 8.46
Training Epoch: 197/200	Train Loss: 0.0004	Val Accuracy: 8.46
Training Epoch: 198/200	Train Loss: 0.0009	Val Accuracy: 8.28
Training Epoch: 199/200	Train Loss: 0.001	Val Accuracy: 8.28
Training Epoch: 200/200	Train Loss: 0.0001	Val Accuracy: 8.54

Wrote Best Model Checkpoint to: vlBest_acc_9_model_epoch_0072.pyth

Best Validation Accuracy: 9.14
Best Epoch: 72

======== TESTING ========

Test Accuracy: 10.02.

======== ACTIVE SAMPLING ========

ProbCover adaptive delta: base=0.2500, effective=0.2125, scale=0.85, phase=post_label_shrink, labeled_count=700
Coverage selection metadata: active=False (mode=adaptive_density_cover, variant=unknown, delta=0.2125, phase=adaptive_signal, bald_mean=0.0000, bald_max=0.0000, variance_mean=0.0000, variance_max=0.0000, dropout_iters=0, cover_anchors=0, diversity_lambda=0.00, selected_id_mean=0.0000, selected_signal_mean=0.8135, selected_radius_mean=0.1667, k_id=50, k_knn=50, alpha=1.00)
Active Sampling Complete. After Episode 13:
New Labeled Set: 750, New Unlabeled Set: 44250, Active Set: 50

================================


Current accuracy values:  [4.170000000000002, 5.269999999999996, 5.6200000000000045, 6.689999999999998, 7.290000000000006, 7.579999999999998, 7.650000000000006, 7.969999999999999, 8.129999999999995, 8.420000000000002, 8.920000000000002, 9.370000000000005, 9.260000000000005, 10.019999999999996]
======== EPISODE 14 BEGINS ========

======== TRAINING ========
Training Epoch: 1/200	Train Loss: 0.0306	Val Accuracy: 0.0
Training Epoch: 2/200	Train Loss: 0.0917	Val Accuracy: 8.56
Training Epoch: 3/200	Train Loss: 0.0474	Val Accuracy: 8.56
Training Epoch: 4/200	Train Loss: 0.2243	Val Accuracy: 8.36
Training Epoch: 5/200	Train Loss: 0.0585	Val Accuracy: 8.36
Training Epoch: 6/200	Train Loss: 0.0333	Val Accuracy: 8.04
Training Epoch: 7/200	Train Loss: 0.037	Val Accuracy: 8.04
Training Epoch: 8/200	Train Loss: 0.0602	Val Accuracy: 8.28
Training Epoch: 9/200	Train Loss: 0.0123	Val Accuracy: 8.28
Training Epoch: 10/200	Train Loss: 0.0505	Val Accuracy: 8.7
Training Epoch: 11/200	Train Loss: 0.1007	Val Accuracy: 8.7
Training Epoch: 12/200	Train Loss: 0.0117	Val Accuracy: 8.44
Training Epoch: 13/200	Train Loss: 0.0129	Val Accuracy: 8.44
Training Epoch: 14/200	Train Loss: 0.0525	Val Accuracy: 8.04
Training Epoch: 15/200	Train Loss: 0.0062	Val Accuracy: 8.04
Training Epoch: 16/200	Train Loss: 0.0417	Val Accuracy: 8.04
Training Epoch: 17/200	Train Loss: 0.0055	Val Accuracy: 8.04
Training Epoch: 18/200	Train Loss: 0.0105	Val Accuracy: 8.54
Training Epoch: 19/200	Train Loss: 0.0174	Val Accuracy: 8.54
Training Epoch: 20/200	Train Loss: 0.0085	Val Accuracy: 8.3
Training Epoch: 21/200	Train Loss: 0.0479	Val Accuracy: 8.3
Training Epoch: 22/200	Train Loss: 0.003	Val Accuracy: 8.56
Training Epoch: 23/200	Train Loss: 0.0213	Val Accuracy: 8.56
Training Epoch: 24/200	Train Loss: 0.0815	Val Accuracy: 8.3
Training Epoch: 25/200	Train Loss: 0.0089	Val Accuracy: 8.3
Training Epoch: 26/200	Train Loss: 0.0589	Val Accuracy: 8.5
Training Epoch: 27/200	Train Loss: 0.0065	Val Accuracy: 8.5
Training Epoch: 28/200	Train Loss: 0.0593	Val Accuracy: 8.98
Training Epoch: 29/200	Train Loss: 0.0194	Val Accuracy: 8.98
Training Epoch: 30/200	Train Loss: 0.0063	Val Accuracy: 8.14
Training Epoch: 31/200	Train Loss: 0.0074	Val Accuracy: 8.14
Training Epoch: 32/200	Train Loss: 0.0088	Val Accuracy: 8.46
Training Epoch: 33/200	Train Loss: 0.0017	Val Accuracy: 8.46
Training Epoch: 34/200	Train Loss: 0.0045	Val Accuracy: 8.72
Training Epoch: 35/200	Train Loss: 0.0659	Val Accuracy: 8.72
Training Epoch: 36/200	Train Loss: 0.0038	Val Accuracy: 8.36
Training Epoch: 37/200	Train Loss: 0.0018	Val Accuracy: 8.36
Training Epoch: 38/200	Train Loss: 0.0061	Val Accuracy: 8.26
Training Epoch: 39/200	Train Loss: 0.0038	Val Accuracy: 8.26
Training Epoch: 40/200	Train Loss: 0.0061	Val Accuracy: 8.44
Training Epoch: 41/200	Train Loss: 0.0034	Val Accuracy: 8.44
Training Epoch: 42/200	Train Loss: 0.0016	Val Accuracy: 8.72
Training Epoch: 43/200	Train Loss: 0.0012	Val Accuracy: 8.72
Training Epoch: 44/200	Train Loss: 0.0016	Val Accuracy: 8.7
Training Epoch: 45/200	Train Loss: 0.0009	Val Accuracy: 8.7
Training Epoch: 46/200	Train Loss: 0.0078	Val Accuracy: 8.7
Training Epoch: 47/200	Train Loss: 0.0038	Val Accuracy: 8.7
Training Epoch: 48/200	Train Loss: 0.0025	Val Accuracy: 8.42
Training Epoch: 49/200	Train Loss: 0.0017	Val Accuracy: 8.42
Training Epoch: 50/200	Train Loss: 0.0006	Val Accuracy: 8.42
Training Epoch: 51/200	Train Loss: 0.0004	Val Accuracy: 8.42
Training Epoch: 52/200	Train Loss: 0.0006	Val Accuracy: 8.6
Training Epoch: 53/200	Train Loss: 0.0007	Val Accuracy: 8.6
Training Epoch: 54/200	Train Loss: 0.0009	Val Accuracy: 8.36
Training Epoch: 55/200	Train Loss: 0.0011	Val Accuracy: 8.36
Training Epoch: 56/200	Train Loss: 0.0014	Val Accuracy: 8.38
Training Epoch: 57/200	Train Loss: 0.0026	Val Accuracy: 8.38
Training Epoch: 58/200	Train Loss: 0.002	Val Accuracy: 8.66
Training Epoch: 59/200	Train Loss: 0.0041	Val Accuracy: 8.66
Training Epoch: 60/200	Train Loss: 0.001	Val Accuracy: 8.5
Training Epoch: 61/200	Train Loss: 0.0003	Val Accuracy: 8.5
Training Epoch: 62/200	Train Loss: 0.0008	Val Accuracy: 8.64
Training Epoch: 63/200	Train Loss: 0.0026	Val Accuracy: 8.64
Training Epoch: 64/200	Train Loss: 0.0179	Val Accuracy: 8.58
Training Epoch: 65/200	Train Loss: 0.0003	Val Accuracy: 8.58
Training Epoch: 66/200	Train Loss: 0.0006	Val Accuracy: 8.7
Training Epoch: 67/200	Train Loss: 0.0061	Val Accuracy: 8.7
Training Epoch: 68/200	Train Loss: 0.096	Val Accuracy: 8.96
Training Epoch: 69/200	Train Loss: 0.0173	Val Accuracy: 8.96
Training Epoch: 70/200	Train Loss: 0.0027	Val Accuracy: 8.44
Training Epoch: 71/200	Train Loss: 0.0494	Val Accuracy: 8.44
Training Epoch: 72/200	Train Loss: 0.0009	Val Accuracy: 8.78
Training Epoch: 73/200	Train Loss: 0.0033	Val Accuracy: 8.78
Training Epoch: 74/200	Train Loss: 0.0034	Val Accuracy: 8.5
Training Epoch: 75/200	Train Loss: 0.0034	Val Accuracy: 8.5
Training Epoch: 76/200	Train Loss: 0.0012	Val Accuracy: 8.62
Training Epoch: 77/200	Train Loss: 0.0022	Val Accuracy: 8.62
Training Epoch: 78/200	Train Loss: 0.0013	Val Accuracy: 9.0
Training Epoch: 79/200	Train Loss: 0.0007	Val Accuracy: 9.0
Training Epoch: 80/200	Train Loss: 0.0005	Val Accuracy: 8.6
Training Epoch: 81/200	Train Loss: 0.0007	Val Accuracy: 8.6
Training Epoch: 82/200	Train Loss: 0.0053	Val Accuracy: 8.6
Training Epoch: 83/200	Train Loss: 0.001	Val Accuracy: 8.6
Training Epoch: 84/200	Train Loss: 0.0003	Val Accuracy: 8.58
Training Epoch: 85/200	Train Loss: 0.0003	Val Accuracy: 8.58
Training Epoch: 86/200	Train Loss: 0.0002	Val Accuracy: 8.34
Training Epoch: 87/200	Train Loss: 0.0001	Val Accuracy: 8.34
Training Epoch: 88/200	Train Loss: 0.0002	Val Accuracy: 8.84
Training Epoch: 89/200	Train Loss: 0.0004	Val Accuracy: 8.84
Training Epoch: 90/200	Train Loss: 0.0713	Val Accuracy: 8.44
Training Epoch: 91/200	Train Loss: 0.0002	Val Accuracy: 8.44
Training Epoch: 92/200	Train Loss: 0.0002	Val Accuracy: 8.56
Training Epoch: 93/200	Train Loss: 0.0003	Val Accuracy: 8.56
Training Epoch: 94/200	Train Loss: 0.004	Val Accuracy: 8.76
Training Epoch: 95/200	Train Loss: 0.0006	Val Accuracy: 8.76
Training Epoch: 96/200	Train Loss: 0.0007	Val Accuracy: 8.48
Training Epoch: 97/200	Train Loss: 0.0007	Val Accuracy: 8.48
Training Epoch: 98/200	Train Loss: 0.0002	Val Accuracy: 8.44
Training Epoch: 99/200	Train Loss: 0.0011	Val Accuracy: 8.44
Training Epoch: 100/200	Train Loss: 0.0055	Val Accuracy: 9.02
Training Epoch: 101/200	Train Loss: 0.0002	Val Accuracy: 9.02
Training Epoch: 102/200	Train Loss: 0.0011	Val Accuracy: 9.16
Training Epoch: 103/200	Train Loss: 0.0025	Val Accuracy: 9.16
Training Epoch: 104/200	Train Loss: 0.001	Val Accuracy: 9.2
Training Epoch: 105/200	Train Loss: 0.0014	Val Accuracy: 9.2
Training Epoch: 106/200	Train Loss: 0.0154	Val Accuracy: 8.5
Training Epoch: 107/200	Train Loss: 0.0005	Val Accuracy: 8.5
Training Epoch: 108/200	Train Loss: 0.0002	Val Accuracy: 9.16
Training Epoch: 109/200	Train Loss: 0.0049	Val Accuracy: 9.16
Training Epoch: 110/200	Train Loss: 0.0002	Val Accuracy: 9.08
Training Epoch: 111/200	Train Loss: 0.0003	Val Accuracy: 9.08
Training Epoch: 112/200	Train Loss: 0.0005	Val Accuracy: 8.96
Training Epoch: 113/200	Train Loss: 0.0008	Val Accuracy: 8.96
Training Epoch: 114/200	Train Loss: 0.0008	Val Accuracy: 8.84
Training Epoch: 115/200	Train Loss: 0.0003	Val Accuracy: 8.84
Training Epoch: 116/200	Train Loss: 0.0002	Val Accuracy: 9.0
Training Epoch: 117/200	Train Loss: 0.0002	Val Accuracy: 9.0
Training Epoch: 118/200	Train Loss: 0.0002	Val Accuracy: 8.78
Training Epoch: 119/200	Train Loss: 0.001	Val Accuracy: 8.78
Training Epoch: 120/200	Train Loss: 0.0002	Val Accuracy: 8.86
Training Epoch: 121/200	Train Loss: 0.0067	Val Accuracy: 8.86
Training Epoch: 122/200	Train Loss: 0.0003	Val Accuracy: 9.0
Training Epoch: 123/200	Train Loss: 0.0002	Val Accuracy: 9.0
Training Epoch: 124/200	Train Loss: 0.1595	Val Accuracy: 9.08
Training Epoch: 125/200	Train Loss: 0.0012	Val Accuracy: 9.08
Training Epoch: 126/200	Train Loss: 0.0001	Val Accuracy: 8.62
Training Epoch: 127/200	Train Loss: 0.0002	Val Accuracy: 8.62
Training Epoch: 128/200	Train Loss: 0.0003	Val Accuracy: 9.24
Training Epoch: 129/200	Train Loss: 0.0004	Val Accuracy: 9.24
Training Epoch: 130/200	Train Loss: 0.0003	Val Accuracy: 8.8
Training Epoch: 131/200	Train Loss: 0.0006	Val Accuracy: 8.8
Training Epoch: 132/200	Train Loss: 0.0003	Val Accuracy: 8.82
Training Epoch: 133/200	Train Loss: 0.0005	Val Accuracy: 8.82
Training Epoch: 134/200	Train Loss: 0.0002	Val Accuracy: 8.96
Training Epoch: 135/200	Train Loss: 0.0003	Val Accuracy: 8.96
Training Epoch: 136/200	Train Loss: 0.0004	Val Accuracy: 8.9
Training Epoch: 137/200	Train Loss: 0.0001	Val Accuracy: 8.9
Training Epoch: 138/200	Train Loss: 0.0004	Val Accuracy: 8.64
Training Epoch: 139/200	Train Loss: 0.0007	Val Accuracy: 8.64
Training Epoch: 140/200	Train Loss: 0.0003	Val Accuracy: 9.04
Training Epoch: 141/200	Train Loss: 0.0009	Val Accuracy: 9.04
Training Epoch: 142/200	Train Loss: 0.0006	Val Accuracy: 9.02
Training Epoch: 143/200	Train Loss: 0.0002	Val Accuracy: 9.02
Training Epoch: 144/200	Train Loss: 0.0004	Val Accuracy: 8.7
Training Epoch: 145/200	Train Loss: 0.0005	Val Accuracy: 8.7
Training Epoch: 146/200	Train Loss: 0.0001	Val Accuracy: 8.58
Training Epoch: 147/200	Train Loss: 0.0004	Val Accuracy: 8.58
Training Epoch: 148/200	Train Loss: 0.0008	Val Accuracy: 8.8
Training Epoch: 149/200	Train Loss: 0.0036	Val Accuracy: 8.8
Training Epoch: 150/200	Train Loss: 0.0002	Val Accuracy: 8.78
Training Epoch: 151/200	Train Loss: 0.001	Val Accuracy: 8.78
Training Epoch: 152/200	Train Loss: 0.0008	Val Accuracy: 8.6
Training Epoch: 153/200	Train Loss: 0.0003	Val Accuracy: 8.6
Training Epoch: 154/200	Train Loss: 0.0006	Val Accuracy: 8.98
Training Epoch: 155/200	Train Loss: 0.001	Val Accuracy: 8.98
Training Epoch: 156/200	Train Loss: 0.002	Val Accuracy: 8.82
Training Epoch: 157/200	Train Loss: 0.0024	Val Accuracy: 8.82
Training Epoch: 158/200	Train Loss: 0.0296	Val Accuracy: 9.1
Training Epoch: 159/200	Train Loss: 0.0014	Val Accuracy: 9.1
Training Epoch: 160/200	Train Loss: 0.0002	Val Accuracy: 8.56
Training Epoch: 161/200	Train Loss: 0.0009	Val Accuracy: 8.56
Training Epoch: 162/200	Train Loss: 0.0002	Val Accuracy: 9.06
Training Epoch: 163/200	Train Loss: 0.0024	Val Accuracy: 9.06
Training Epoch: 164/200	Train Loss: 0.0003	Val Accuracy: 8.96
Training Epoch: 165/200	Train Loss: 0.0005	Val Accuracy: 8.96
Training Epoch: 166/200	Train Loss: 0.0003	Val Accuracy: 8.9
Training Epoch: 167/200	Train Loss: 0.0006	Val Accuracy: 8.9
Training Epoch: 168/200	Train Loss: 0.0003	Val Accuracy: 9.02
Training Epoch: 169/200	Train Loss: 0.001	Val Accuracy: 9.02
Training Epoch: 170/200	Train Loss: 0.001	Val Accuracy: 9.02
Training Epoch: 171/200	Train Loss: 0.0001	Val Accuracy: 9.02
Training Epoch: 172/200	Train Loss: 0.0001	Val Accuracy: 8.72
Training Epoch: 173/200	Train Loss: 0.0002	Val Accuracy: 8.72
Training Epoch: 174/200	Train Loss: 0.0002	Val Accuracy: 9.06
Training Epoch: 175/200	Train Loss: 0.0002	Val Accuracy: 9.06
Training Epoch: 176/200	Train Loss: 0.0003	Val Accuracy: 8.64
Training Epoch: 177/200	Train Loss: 0.0002	Val Accuracy: 8.64
Training Epoch: 178/200	Train Loss: 0.0018	Val Accuracy: 9.38
Training Epoch: 179/200	Train Loss: 0.0002	Val Accuracy: 9.38
Training Epoch: 180/200	Train Loss: 0.0001	Val Accuracy: 8.76
Training Epoch: 181/200	Train Loss: 0.0004	Val Accuracy: 8.76
Training Epoch: 182/200	Train Loss: 0.0007	Val Accuracy: 8.86
Training Epoch: 183/200	Train Loss: 0.0004	Val Accuracy: 8.86
Training Epoch: 184/200	Train Loss: 0.0002	Val Accuracy: 8.76
Training Epoch: 185/200	Train Loss: 0.0002	Val Accuracy: 8.76
Training Epoch: 186/200	Train Loss: 0.0033	Val Accuracy: 8.72
Training Epoch: 187/200	Train Loss: 0.0005	Val Accuracy: 8.72
Training Epoch: 188/200	Train Loss: 0.0008	Val Accuracy: 8.96
Training Epoch: 189/200	Train Loss: 0.0002	Val Accuracy: 8.96
Training Epoch: 190/200	Train Loss: 0.0004	Val Accuracy: 8.86
Training Epoch: 191/200	Train Loss: 0.0006	Val Accuracy: 8.86
Training Epoch: 192/200	Train Loss: 0.0001	Val Accuracy: 9.1
Training Epoch: 193/200	Train Loss: 0.0003	Val Accuracy: 9.1
Training Epoch: 194/200	Train Loss: 0.0005	Val Accuracy: 9.62
Training Epoch: 195/200	Train Loss: 0.0004	Val Accuracy: 9.62
Training Epoch: 196/200	Train Loss: 0.0002	Val Accuracy: 9.16
Training Epoch: 197/200	Train Loss: 0.0001	Val Accuracy: 9.16
Training Epoch: 198/200	Train Loss: 0.0002	Val Accuracy: 8.76
Training Epoch: 199/200	Train Loss: 0.0003	Val Accuracy: 8.76
Training Epoch: 200/200	Train Loss: 0.0003	Val Accuracy: 8.92

Wrote Best Model Checkpoint to: vlBest_acc_9_model_epoch_0194.pyth

Best Validation Accuracy: 9.62
Best Epoch: 194

======== TESTING ========

Test Accuracy: 10.21.

======== ACTIVE SAMPLING ========

ProbCover adaptive delta: base=0.2500, effective=0.2125, scale=0.85, phase=post_label_shrink, labeled_count=750
Coverage selection metadata: active=False (mode=adaptive_density_cover, variant=unknown, delta=0.2125, phase=adaptive_signal, bald_mean=0.0000, bald_max=0.0000, variance_mean=0.0000, variance_max=0.0000, dropout_iters=0, cover_anchors=0, diversity_lambda=0.00, selected_id_mean=0.0000, selected_signal_mean=0.8103, selected_radius_mean=0.1674, k_id=50, k_knn=50, alpha=1.00)
Active Sampling Complete. After Episode 14:
New Labeled Set: 800, New Unlabeled Set: 44200, Active Set: 50

================================


Current accuracy values:  [4.170000000000002, 5.269999999999996, 5.6200000000000045, 6.689999999999998, 7.290000000000006, 7.579999999999998, 7.650000000000006, 7.969999999999999, 8.129999999999995, 8.420000000000002, 8.920000000000002, 9.370000000000005, 9.260000000000005, 10.019999999999996, 10.209999999999994]
======== EPISODE 15 BEGINS ========

======== TRAINING ========
Training Epoch: 1/200	Train Loss: 0.1718	Val Accuracy: 0.0
Training Epoch: 2/200	Train Loss: 0.099	Val Accuracy: 9.04
Training Epoch: 3/200	Train Loss: 0.0292	Val Accuracy: 9.04
Training Epoch: 4/200	Train Loss: 0.0119	Val Accuracy: 8.2
Training Epoch: 5/200	Train Loss: 0.0364	Val Accuracy: 8.2
Training Epoch: 6/200	Train Loss: 0.0343	Val Accuracy: 8.92
Training Epoch: 7/200	Train Loss: 0.0938	Val Accuracy: 8.92
Training Epoch: 8/200	Train Loss: 0.0904	Val Accuracy: 8.62
Training Epoch: 9/200	Train Loss: 0.0076	Val Accuracy: 8.62
Training Epoch: 10/200	Train Loss: 0.0394	Val Accuracy: 8.2
Training Epoch: 11/200	Train Loss: 0.0328	Val Accuracy: 8.2
Training Epoch: 12/200	Train Loss: 0.0281	Val Accuracy: 8.54
Training Epoch: 13/200	Train Loss: 0.02	Val Accuracy: 8.54
Training Epoch: 14/200	Train Loss: 0.0532	Val Accuracy: 8.12
Training Epoch: 15/200	Train Loss: 0.0122	Val Accuracy: 8.12
Training Epoch: 16/200	Train Loss: 0.1116	Val Accuracy: 8.42
Training Epoch: 17/200	Train Loss: 0.0281	Val Accuracy: 8.42
Training Epoch: 18/200	Train Loss: 0.0637	Val Accuracy: 8.98
Training Epoch: 19/200	Train Loss: 0.018	Val Accuracy: 8.98
Training Epoch: 20/200	Train Loss: 0.0722	Val Accuracy: 8.46
Training Epoch: 21/200	Train Loss: 0.0381	Val Accuracy: 8.46
Training Epoch: 22/200	Train Loss: 0.0122	Val Accuracy: 8.72
Training Epoch: 23/200	Train Loss: 0.0674	Val Accuracy: 8.72
Training Epoch: 24/200	Train Loss: 0.0215	Val Accuracy: 8.34
Training Epoch: 25/200	Train Loss: 0.007	Val Accuracy: 8.34
Training Epoch: 26/200	Train Loss: 0.0078	Val Accuracy: 8.6
Training Epoch: 27/200	Train Loss: 0.0068	Val Accuracy: 8.6
Training Epoch: 28/200	Train Loss: 0.0013	Val Accuracy: 8.8
Training Epoch: 29/200	Train Loss: 0.0102	Val Accuracy: 8.8
Training Epoch: 30/200	Train Loss: 0.0018	Val Accuracy: 8.76
Training Epoch: 31/200	Train Loss: 0.0237	Val Accuracy: 8.76
Training Epoch: 32/200	Train Loss: 0.0209	Val Accuracy: 8.68
Training Epoch: 33/200	Train Loss: 0.0839	Val Accuracy: 8.68
Training Epoch: 34/200	Train Loss: 0.0037	Val Accuracy: 9.16
Training Epoch: 35/200	Train Loss: 0.061	Val Accuracy: 9.16
Training Epoch: 36/200	Train Loss: 0.0187	Val Accuracy: 8.64
Training Epoch: 37/200	Train Loss: 0.0013	Val Accuracy: 8.64
Training Epoch: 38/200	Train Loss: 0.0131	Val Accuracy: 9.06
Training Epoch: 39/200	Train Loss: 0.0019	Val Accuracy: 9.06
Training Epoch: 40/200	Train Loss: 0.0014	Val Accuracy: 8.74
Training Epoch: 41/200	Train Loss: 0.0032	Val Accuracy: 8.74
Training Epoch: 42/200	Train Loss: 0.001	Val Accuracy: 9.1
Training Epoch: 43/200	Train Loss: 0.0023	Val Accuracy: 9.1
Training Epoch: 44/200	Train Loss: 0.033	Val Accuracy: 9.12
Training Epoch: 45/200	Train Loss: 0.0005	Val Accuracy: 9.12
Training Epoch: 46/200	Train Loss: 0.0006	Val Accuracy: 9.1
Training Epoch: 47/200	Train Loss: 0.0039	Val Accuracy: 9.1
Training Epoch: 48/200	Train Loss: 0.0157	Val Accuracy: 8.68
Training Epoch: 49/200	Train Loss: 0.0078	Val Accuracy: 8.68
Training Epoch: 50/200	Train Loss: 0.0004	Val Accuracy: 8.52
Training Epoch: 51/200	Train Loss: 0.001	Val Accuracy: 8.52
Training Epoch: 52/200	Train Loss: 0.0005	Val Accuracy: 8.82
Training Epoch: 53/200	Train Loss: 0.001	Val Accuracy: 8.82
Training Epoch: 54/200	Train Loss: 0.0938	Val Accuracy: 8.72
Training Epoch: 55/200	Train Loss: 0.0204	Val Accuracy: 8.72
Training Epoch: 56/200	Train Loss: 0.002	Val Accuracy: 8.72
Training Epoch: 57/200	Train Loss: 0.0037	Val Accuracy: 8.72
Training Epoch: 58/200	Train Loss: 0.0217	Val Accuracy: 8.8
Training Epoch: 59/200	Train Loss: 0.0004	Val Accuracy: 8.8
Training Epoch: 60/200	Train Loss: 0.0027	Val Accuracy: 8.76
Training Epoch: 61/200	Train Loss: 0.0022	Val Accuracy: 8.76
Training Epoch: 62/200	Train Loss: 0.0086	Val Accuracy: 8.4
Training Epoch: 63/200	Train Loss: 0.0007	Val Accuracy: 8.4
Training Epoch: 64/200	Train Loss: 0.0132	Val Accuracy: 9.36
Training Epoch: 65/200	Train Loss: 0.001	Val Accuracy: 9.36
Training Epoch: 66/200	Train Loss: 0.0093	Val Accuracy: 9.0
Training Epoch: 67/200	Train Loss: 0.0012	Val Accuracy: 9.0
Training Epoch: 68/200	Train Loss: 0.0004	Val Accuracy: 9.1
Training Epoch: 69/200	Train Loss: 0.0143	Val Accuracy: 9.1
Training Epoch: 70/200	Train Loss: 0.0319	Val Accuracy: 9.06
Training Epoch: 71/200	Train Loss: 0.0078	Val Accuracy: 9.06
Training Epoch: 72/200	Train Loss: 0.0047	Val Accuracy: 9.28
Training Epoch: 73/200	Train Loss: 0.0008	Val Accuracy: 9.28
Training Epoch: 74/200	Train Loss: 0.0006	Val Accuracy: 9.32
Training Epoch: 75/200	Train Loss: 0.0021	Val Accuracy: 9.32
Training Epoch: 76/200	Train Loss: 0.0007	Val Accuracy: 9.24
Training Epoch: 77/200	Train Loss: 0.0009	Val Accuracy: 9.24
Training Epoch: 78/200	Train Loss: 0.0012	Val Accuracy: 8.92
Training Epoch: 79/200	Train Loss: 0.0006	Val Accuracy: 8.92
Training Epoch: 80/200	Train Loss: 0.0009	Val Accuracy: 8.72
Training Epoch: 81/200	Train Loss: 0.0008	Val Accuracy: 8.72
Training Epoch: 82/200	Train Loss: 0.0008	Val Accuracy: 9.22
Training Epoch: 83/200	Train Loss: 0.0012	Val Accuracy: 9.22
Training Epoch: 84/200	Train Loss: 0.0003	Val Accuracy: 9.46
Training Epoch: 85/200	Train Loss: 0.0013	Val Accuracy: 9.46
Training Epoch: 86/200	Train Loss: 0.0007	Val Accuracy: 9.0
Training Epoch: 87/200	Train Loss: 0.0008	Val Accuracy: 9.0
Training Epoch: 88/200	Train Loss: 0.0087	Val Accuracy: 9.04
Training Epoch: 89/200	Train Loss: 0.0006	Val Accuracy: 9.04
Training Epoch: 90/200	Train Loss: 0.0001	Val Accuracy: 9.24
Training Epoch: 91/200	Train Loss: 0.0004	Val Accuracy: 9.24
Training Epoch: 92/200	Train Loss: 0.0005	Val Accuracy: 8.74
Training Epoch: 93/200	Train Loss: 0.0004	Val Accuracy: 8.74
Training Epoch: 94/200	Train Loss: 0.0013	Val Accuracy: 9.22
Training Epoch: 95/200	Train Loss: 0.0002	Val Accuracy: 9.22
Training Epoch: 96/200	Train Loss: 0.0018	Val Accuracy: 9.26
Training Epoch: 97/200	Train Loss: 0.0006	Val Accuracy: 9.26
Training Epoch: 98/200	Train Loss: 0.0005	Val Accuracy: 8.94
Training Epoch: 99/200	Train Loss: 0.0005	Val Accuracy: 8.94
Training Epoch: 100/200	Train Loss: 0.0149	Val Accuracy: 9.44
Training Epoch: 101/200	Train Loss: 0.0009	Val Accuracy: 9.44
Training Epoch: 102/200	Train Loss: 0.0007	Val Accuracy: 9.24
Training Epoch: 103/200	Train Loss: 0.0004	Val Accuracy: 9.24
Training Epoch: 104/200	Train Loss: 0.0323	Val Accuracy: 9.14
Training Epoch: 105/200	Train Loss: 0.0113	Val Accuracy: 9.14
Training Epoch: 106/200	Train Loss: 0.0008	Val Accuracy: 9.06
Training Epoch: 107/200	Train Loss: 0.0017	Val Accuracy: 9.06
Training Epoch: 108/200	Train Loss: 0.0029	Val Accuracy: 8.74
Training Epoch: 109/200	Train Loss: 0.0058	Val Accuracy: 8.74
Training Epoch: 110/200	Train Loss: 0.0024	Val Accuracy: 9.12
Training Epoch: 111/200	Train Loss: 0.0004	Val Accuracy: 9.12
Training Epoch: 112/200	Train Loss: 0.001	Val Accuracy: 9.14
Training Epoch: 113/200	Train Loss: 0.0005	Val Accuracy: 9.14
Training Epoch: 114/200	Train Loss: 0.0003	Val Accuracy: 9.14
Training Epoch: 115/200	Train Loss: 0.0003	Val Accuracy: 9.14
Training Epoch: 116/200	Train Loss: 0.0003	Val Accuracy: 9.0
Training Epoch: 117/200	Train Loss: 0.0008	Val Accuracy: 9.0
Training Epoch: 118/200	Train Loss: 0.0002	Val Accuracy: 9.12
Training Epoch: 119/200	Train Loss: 0.0002	Val Accuracy: 9.12
Training Epoch: 120/200	Train Loss: 0.0008	Val Accuracy: 9.28
Training Epoch: 121/200	Train Loss: 0.0004	Val Accuracy: 9.28
Training Epoch: 122/200	Train Loss: 0.0005	Val Accuracy: 9.32
Training Epoch: 123/200	Train Loss: 0.0188	Val Accuracy: 9.32
Training Epoch: 124/200	Train Loss: 0.001	Val Accuracy: 9.16
Training Epoch: 125/200	Train Loss: 0.0008	Val Accuracy: 9.16
Training Epoch: 126/200	Train Loss: 0.0001	Val Accuracy: 8.9
Training Epoch: 127/200	Train Loss: 0.0004	Val Accuracy: 8.9
Training Epoch: 128/200	Train Loss: 0.0005	Val Accuracy: 9.16
Training Epoch: 129/200	Train Loss: 0.0001	Val Accuracy: 9.16
Training Epoch: 130/200	Train Loss: 0.0003	Val Accuracy: 9.16
Training Epoch: 131/200	Train Loss: 0.0001	Val Accuracy: 9.16
Training Epoch: 132/200	Train Loss: 0.0003	Val Accuracy: 9.18
Training Epoch: 133/200	Train Loss: 0.0003	Val Accuracy: 9.18
Training Epoch: 134/200	Train Loss: 0.0002	Val Accuracy: 9.02
Training Epoch: 135/200	Train Loss: 0.0003	Val Accuracy: 9.02
Training Epoch: 136/200	Train Loss: 0.0003	Val Accuracy: 9.62
Training Epoch: 137/200	Train Loss: 0.0009	Val Accuracy: 9.62
Training Epoch: 138/200	Train Loss: 0.0002	Val Accuracy: 8.66
Training Epoch: 139/200	Train Loss: 0.0002	Val Accuracy: 8.66
Training Epoch: 140/200	Train Loss: 0.0002	Val Accuracy: 9.2
Training Epoch: 141/200	Train Loss: 0.0002	Val Accuracy: 9.2
Training Epoch: 142/200	Train Loss: 0.0006	Val Accuracy: 8.78
Training Epoch: 143/200	Train Loss: 0.0005	Val Accuracy: 8.78
Training Epoch: 144/200	Train Loss: 0.0005	Val Accuracy: 9.02
Training Epoch: 145/200	Train Loss: 0.0007	Val Accuracy: 9.02
Training Epoch: 146/200	Train Loss: 0.0002	Val Accuracy: 9.16
Training Epoch: 147/200	Train Loss: 0.0004	Val Accuracy: 9.16
Training Epoch: 148/200	Train Loss: 0.0001	Val Accuracy: 9.18
Training Epoch: 149/200	Train Loss: 0.0002	Val Accuracy: 9.18
Training Epoch: 150/200	Train Loss: 0.0002	Val Accuracy: 8.98
Training Epoch: 151/200	Train Loss: 0.0002	Val Accuracy: 8.98
Training Epoch: 152/200	Train Loss: 0.0007	Val Accuracy: 9.22
Training Epoch: 153/200	Train Loss: 0.0004	Val Accuracy: 9.22
Training Epoch: 154/200	Train Loss: 0.0009	Val Accuracy: 9.24
Training Epoch: 155/200	Train Loss: 0.0013	Val Accuracy: 9.24
Training Epoch: 156/200	Train Loss: 0.0002	Val Accuracy: 9.18
Training Epoch: 157/200	Train Loss: 0.0	Val Accuracy: 9.18
Training Epoch: 158/200	Train Loss: 0.0002	Val Accuracy: 9.14
Training Epoch: 159/200	Train Loss: 0.0001	Val Accuracy: 9.14
Training Epoch: 160/200	Train Loss: 0.0004	Val Accuracy: 9.28
Training Epoch: 161/200	Train Loss: 0.0002	Val Accuracy: 9.28
Training Epoch: 162/200	Train Loss: 0.0001	Val Accuracy: 9.34
Training Epoch: 163/200	Train Loss: 0.0232	Val Accuracy: 9.34
Training Epoch: 164/200	Train Loss: 0.0003	Val Accuracy: 9.24
Training Epoch: 165/200	Train Loss: 0.0135	Val Accuracy: 9.24
Training Epoch: 166/200	Train Loss: 0.0017	Val Accuracy: 9.06
Training Epoch: 167/200	Train Loss: 0.0004	Val Accuracy: 9.06
Training Epoch: 168/200	Train Loss: 0.0002	Val Accuracy: 9.38
Training Epoch: 169/200	Train Loss: 0.0003	Val Accuracy: 9.38
Training Epoch: 170/200	Train Loss: 0.0006	Val Accuracy: 9.24
Training Epoch: 171/200	Train Loss: 0.0011	Val Accuracy: 9.24
Training Epoch: 172/200	Train Loss: 0.0007	Val Accuracy: 9.2
Training Epoch: 173/200	Train Loss: 0.0002	Val Accuracy: 9.2
Training Epoch: 174/200	Train Loss: 0.0002	Val Accuracy: 9.26
Training Epoch: 175/200	Train Loss: 0.0005	Val Accuracy: 9.26
Training Epoch: 176/200	Train Loss: 0.0003	Val Accuracy: 8.8
Training Epoch: 177/200	Train Loss: 0.0002	Val Accuracy: 8.8
Training Epoch: 178/200	Train Loss: 0.0002	Val Accuracy: 9.0
Training Epoch: 179/200	Train Loss: 0.0079	Val Accuracy: 9.0
Training Epoch: 180/200	Train Loss: 0.0001	Val Accuracy: 8.84
Training Epoch: 181/200	Train Loss: 0.0001	Val Accuracy: 8.84
Training Epoch: 182/200	Train Loss: 0.0002	Val Accuracy: 9.06
Training Epoch: 183/200	Train Loss: 0.0114	Val Accuracy: 9.06
Training Epoch: 184/200	Train Loss: 0.0009	Val Accuracy: 8.76
Training Epoch: 185/200	Train Loss: 0.0003	Val Accuracy: 8.76
Training Epoch: 186/200	Train Loss: 0.0009	Val Accuracy: 9.14
Training Epoch: 187/200	Train Loss: 0.0003	Val Accuracy: 9.14
Training Epoch: 188/200	Train Loss: 0.0003	Val Accuracy: 8.98
Training Epoch: 189/200	Train Loss: 0.0001	Val Accuracy: 8.98
Training Epoch: 190/200	Train Loss: 0.0009	Val Accuracy: 9.02
Training Epoch: 191/200	Train Loss: 0.0173	Val Accuracy: 9.02
Training Epoch: 192/200	Train Loss: 0.0003	Val Accuracy: 8.96
Training Epoch: 193/200	Train Loss: 0.0001	Val Accuracy: 8.96
Training Epoch: 194/200	Train Loss: 0.0006	Val Accuracy: 9.18
Training Epoch: 195/200	Train Loss: 0.0001	Val Accuracy: 9.18
Training Epoch: 196/200	Train Loss: 0.0002	Val Accuracy: 9.44
Training Epoch: 197/200	Train Loss: 0.0003	Val Accuracy: 9.44
Training Epoch: 198/200	Train Loss: 0.0005	Val Accuracy: 9.28
Training Epoch: 199/200	Train Loss: 0.0002	Val Accuracy: 9.28
Training Epoch: 200/200	Train Loss: 0.0005	Val Accuracy: 9.02

Wrote Best Model Checkpoint to: vlBest_acc_9_model_epoch_0136.pyth

Best Validation Accuracy: 9.62
Best Epoch: 136

======== TESTING ========

Test Accuracy: 10.3.

======== ACTIVE SAMPLING ========

ProbCover adaptive delta: base=0.2500, effective=0.2125, scale=0.85, phase=post_label_shrink, labeled_count=800
Coverage selection metadata: active=False (mode=adaptive_density_cover, variant=unknown, delta=0.2125, phase=adaptive_signal, bald_mean=0.0000, bald_max=0.0000, variance_mean=0.0000, variance_max=0.0000, dropout_iters=0, cover_anchors=0, diversity_lambda=0.00, selected_id_mean=0.0000, selected_signal_mean=0.8073, selected_radius_mean=0.1680, k_id=50, k_knn=50, alpha=1.00)
Active Sampling Complete. After Episode 15:
New Labeled Set: 850, New Unlabeled Set: 44150, Active Set: 50

================================


Current accuracy values:  [4.170000000000002, 5.269999999999996, 5.6200000000000045, 6.689999999999998, 7.290000000000006, 7.579999999999998, 7.650000000000006, 7.969999999999999, 8.129999999999995, 8.420000000000002, 8.920000000000002, 9.370000000000005, 9.260000000000005, 10.019999999999996, 10.209999999999994, 10.299999999999997]
======== EPISODE 16 BEGINS ========

======== TRAINING ========
Training Epoch: 1/200	Train Loss: 0.0486	Val Accuracy: 0.0
Training Epoch: 2/200	Train Loss: 0.0054	Val Accuracy: 8.96
Training Epoch: 3/200	Train Loss: 0.086	Val Accuracy: 8.96
Training Epoch: 4/200	Train Loss: 0.0138	Val Accuracy: 8.7
Training Epoch: 5/200	Train Loss: 0.0273	Val Accuracy: 8.7
Training Epoch: 6/200	Train Loss: 0.008	Val Accuracy: 9.02
Training Epoch: 7/200	Train Loss: 0.0146	Val Accuracy: 9.02
Training Epoch: 8/200	Train Loss: 0.0576	Val Accuracy: 9.1
Training Epoch: 9/200	Train Loss: 0.0185	Val Accuracy: 9.1
Training Epoch: 10/200	Train Loss: 0.0112	Val Accuracy: 9.02
Training Epoch: 11/200	Train Loss: 0.0432	Val Accuracy: 9.02
Training Epoch: 12/200	Train Loss: 0.0511	Val Accuracy: 8.88
Training Epoch: 13/200	Train Loss: 0.003	Val Accuracy: 8.88
Training Epoch: 14/200	Train Loss: 0.0143	Val Accuracy: 8.76
Training Epoch: 15/200	Train Loss: 0.1612	Val Accuracy: 8.76
Training Epoch: 16/200	Train Loss: 0.0324	Val Accuracy: 8.94
Training Epoch: 17/200	Train Loss: 0.0418	Val Accuracy: 8.94
Training Epoch: 18/200	Train Loss: 0.0411	Val Accuracy: 8.94
Training Epoch: 19/200	Train Loss: 0.0226	Val Accuracy: 8.94
Training Epoch: 20/200	Train Loss: 0.02	Val Accuracy: 9.3
Training Epoch: 21/200	Train Loss: 0.0023	Val Accuracy: 9.3
Training Epoch: 22/200	Train Loss: 0.0363	Val Accuracy: 8.98
Training Epoch: 23/200	Train Loss: 0.0563	Val Accuracy: 8.98
Training Epoch: 24/200	Train Loss: 0.157	Val Accuracy: 8.88
Training Epoch: 25/200	Train Loss: 0.0605	Val Accuracy: 8.88
Training Epoch: 26/200	Train Loss: 0.0027	Val Accuracy: 8.78
Training Epoch: 27/200	Train Loss: 0.002	Val Accuracy: 8.78
Training Epoch: 28/200	Train Loss: 0.0554	Val Accuracy: 8.52
Training Epoch: 29/200	Train Loss: 0.0072	Val Accuracy: 8.52
Training Epoch: 30/200	Train Loss: 0.0012	Val Accuracy: 8.52
Training Epoch: 31/200	Train Loss: 0.0041	Val Accuracy: 8.52
Training Epoch: 32/200	Train Loss: 0.0032	Val Accuracy: 8.8
Training Epoch: 33/200	Train Loss: 0.0102	Val Accuracy: 8.8
Training Epoch: 34/200	Train Loss: 0.0111	Val Accuracy: 8.94
Training Epoch: 35/200	Train Loss: 0.0036	Val Accuracy: 8.94
Training Epoch: 36/200	Train Loss: 0.0085	Val Accuracy: 8.66
Training Epoch: 37/200	Train Loss: 0.0288	Val Accuracy: 8.66
Training Epoch: 38/200	Train Loss: 0.0151	Val Accuracy: 9.22
Training Epoch: 39/200	Train Loss: 0.0437	Val Accuracy: 9.22
Training Epoch: 40/200	Train Loss: 0.0051	Val Accuracy: 8.54
Training Epoch: 41/200	Train Loss: 0.003	Val Accuracy: 8.54
Training Epoch: 42/200	Train Loss: 0.0282	Val Accuracy: 8.92
Training Epoch: 43/200	Train Loss: 0.002	Val Accuracy: 8.92
Training Epoch: 44/200	Train Loss: 0.0623	Val Accuracy: 8.24
Training Epoch: 45/200	Train Loss: 0.0929	Val Accuracy: 8.24
Training Epoch: 46/200	Train Loss: 0.0157	Val Accuracy: 8.94
Training Epoch: 47/200	Train Loss: 0.0017	Val Accuracy: 8.94
Training Epoch: 48/200	Train Loss: 0.0592	Val Accuracy: 8.88
Training Epoch: 49/200	Train Loss: 0.0694	Val Accuracy: 8.88
Training Epoch: 50/200	Train Loss: 0.0424	Val Accuracy: 8.6
Training Epoch: 51/200	Train Loss: 0.0203	Val Accuracy: 8.6
Training Epoch: 52/200	Train Loss: 0.0005	Val Accuracy: 8.94
Training Epoch: 53/200	Train Loss: 0.0032	Val Accuracy: 8.94
Training Epoch: 54/200	Train Loss: 0.0368	Val Accuracy: 8.96
Training Epoch: 55/200	Train Loss: 0.0138	Val Accuracy: 8.96
Training Epoch: 56/200	Train Loss: 0.0046	Val Accuracy: 9.14
Training Epoch: 57/200	Train Loss: 0.0148	Val Accuracy: 9.14
Training Epoch: 58/200	Train Loss: 0.0008	Val Accuracy: 8.96
Training Epoch: 59/200	Train Loss: 0.0074	Val Accuracy: 8.96
Training Epoch: 60/200	Train Loss: 0.0841	Val Accuracy: 9.28
Training Epoch: 61/200	Train Loss: 0.0026	Val Accuracy: 9.28
Training Epoch: 62/200	Train Loss: 0.0063	Val Accuracy: 8.72
Training Epoch: 63/200	Train Loss: 0.0037	Val Accuracy: 8.72
Training Epoch: 64/200	Train Loss: 0.005	Val Accuracy: 9.34
Training Epoch: 65/200	Train Loss: 0.0004	Val Accuracy: 9.34
Training Epoch: 66/200	Train Loss: 0.0021	Val Accuracy: 9.04
Training Epoch: 67/200	Train Loss: 0.0012	Val Accuracy: 9.04
Training Epoch: 68/200	Train Loss: 0.0018	Val Accuracy: 9.02
Training Epoch: 69/200	Train Loss: 0.0009	Val Accuracy: 9.02
Training Epoch: 70/200	Train Loss: 0.0092	Val Accuracy: 9.06
Training Epoch: 71/200	Train Loss: 0.0047	Val Accuracy: 9.06
Training Epoch: 72/200	Train Loss: 0.0009	Val Accuracy: 9.0
Training Epoch: 73/200	Train Loss: 0.001	Val Accuracy: 9.0
Training Epoch: 74/200	Train Loss: 0.0032	Val Accuracy: 9.46
Training Epoch: 75/200	Train Loss: 0.0039	Val Accuracy: 9.46
Training Epoch: 76/200	Train Loss: 0.0021	Val Accuracy: 9.32
Training Epoch: 77/200	Train Loss: 0.0046	Val Accuracy: 9.32
Training Epoch: 78/200	Train Loss: 0.0003	Val Accuracy: 9.2
Training Epoch: 79/200	Train Loss: 0.0322	Val Accuracy: 9.2
Training Epoch: 80/200	Train Loss: 0.0022	Val Accuracy: 9.28
Training Epoch: 81/200	Train Loss: 0.0076	Val Accuracy: 9.28
Training Epoch: 82/200	Train Loss: 0.0015	Val Accuracy: 9.06
Training Epoch: 83/200	Train Loss: 0.0008	Val Accuracy: 9.06
Training Epoch: 84/200	Train Loss: 0.0006	Val Accuracy: 9.4
Training Epoch: 85/200	Train Loss: 0.0004	Val Accuracy: 9.4
Training Epoch: 86/200	Train Loss: 0.0011	Val Accuracy: 8.94
Training Epoch: 87/200	Train Loss: 0.0021	Val Accuracy: 8.94
Training Epoch: 88/200	Train Loss: 0.0012	Val Accuracy: 9.22
Training Epoch: 89/200	Train Loss: 0.0016	Val Accuracy: 9.22
Training Epoch: 90/200	Train Loss: 0.0315	Val Accuracy: 9.42
Training Epoch: 91/200	Train Loss: 0.0009	Val Accuracy: 9.42
Training Epoch: 92/200	Train Loss: 0.0101	Val Accuracy: 9.72
Training Epoch: 93/200	Train Loss: 0.0013	Val Accuracy: 9.72
Training Epoch: 94/200	Train Loss: 0.0087	Val Accuracy: 9.7
Training Epoch: 95/200	Train Loss: 0.0003	Val Accuracy: 9.7
Training Epoch: 96/200	Train Loss: 0.0004	Val Accuracy: 9.46
Training Epoch: 97/200	Train Loss: 0.0003	Val Accuracy: 9.46
Training Epoch: 98/200	Train Loss: 0.0016	Val Accuracy: 9.6
Training Epoch: 99/200	Train Loss: 0.0001	Val Accuracy: 9.6
Training Epoch: 100/200	Train Loss: 0.0012	Val Accuracy: 9.44
Training Epoch: 101/200	Train Loss: 0.0002	Val Accuracy: 9.44
Training Epoch: 102/200	Train Loss: 0.0006	Val Accuracy: 9.32
Training Epoch: 103/200	Train Loss: 0.0027	Val Accuracy: 9.32
Training Epoch: 104/200	Train Loss: 0.0006	Val Accuracy: 9.16
Training Epoch: 105/200	Train Loss: 0.0029	Val Accuracy: 9.16
Training Epoch: 106/200	Train Loss: 0.0005	Val Accuracy: 9.12
Training Epoch: 107/200	Train Loss: 0.0003	Val Accuracy: 9.12
Training Epoch: 108/200	Train Loss: 0.0006	Val Accuracy: 8.9
Training Epoch: 109/200	Train Loss: 0.0083	Val Accuracy: 8.9
Training Epoch: 110/200	Train Loss: 0.0002	Val Accuracy: 9.18
Training Epoch: 111/200	Train Loss: 0.0001	Val Accuracy: 9.18
Training Epoch: 112/200	Train Loss: 0.0002	Val Accuracy: 8.7
Training Epoch: 113/200	Train Loss: 0.0001	Val Accuracy: 8.7
Training Epoch: 114/200	Train Loss: 0.0061	Val Accuracy: 9.14
Training Epoch: 115/200	Train Loss: 0.0002	Val Accuracy: 9.14
Training Epoch: 116/200	Train Loss: 0.0133	Val Accuracy: 9.56
Training Epoch: 117/200	Train Loss: 0.0004	Val Accuracy: 9.56
Training Epoch: 118/200	Train Loss: 0.0004	Val Accuracy: 9.14
Training Epoch: 119/200	Train Loss: 0.0003	Val Accuracy: 9.14
Training Epoch: 120/200	Train Loss: 0.0003	Val Accuracy: 8.94
Training Epoch: 121/200	Train Loss: 0.0001	Val Accuracy: 8.94
Training Epoch: 122/200	Train Loss: 0.0004	Val Accuracy: 9.2
Training Epoch: 123/200	Train Loss: 0.0013	Val Accuracy: 9.2
Training Epoch: 124/200	Train Loss: 0.0017	Val Accuracy: 9.48
Training Epoch: 125/200	Train Loss: 0.002	Val Accuracy: 9.48
Training Epoch: 126/200	Train Loss: 0.001	Val Accuracy: 9.38
Training Epoch: 127/200	Train Loss: 0.0003	Val Accuracy: 9.38
Training Epoch: 128/200	Train Loss: 0.0002	Val Accuracy: 9.14
Training Epoch: 129/200	Train Loss: 0.0002	Val Accuracy: 9.14
Training Epoch: 130/200	Train Loss: 0.0032	Val Accuracy: 9.34
Training Epoch: 131/200	Train Loss: 0.002	Val Accuracy: 9.34
Training Epoch: 132/200	Train Loss: 0.002	Val Accuracy: 9.44
Training Epoch: 133/200	Train Loss: 0.0008	Val Accuracy: 9.44
Training Epoch: 134/200	Train Loss: 0.0005	Val Accuracy: 9.38
Training Epoch: 135/200	Train Loss: 0.0002	Val Accuracy: 9.38
Training Epoch: 136/200	Train Loss: 0.0009	Val Accuracy: 9.26
Training Epoch: 137/200	Train Loss: 0.0002	Val Accuracy: 9.26
Training Epoch: 138/200	Train Loss: 0.0001	Val Accuracy: 9.26
Training Epoch: 139/200	Train Loss: 0.0005	Val Accuracy: 9.26
Training Epoch: 140/200	Train Loss: 0.0012	Val Accuracy: 9.46
Training Epoch: 141/200	Train Loss: 0.0017	Val Accuracy: 9.46
Training Epoch: 142/200	Train Loss: 0.0004	Val Accuracy: 9.42
Training Epoch: 143/200	Train Loss: 0.0005	Val Accuracy: 9.42
Training Epoch: 144/200	Train Loss: 0.0001	Val Accuracy: 9.6
Training Epoch: 145/200	Train Loss: 0.0002	Val Accuracy: 9.6
Training Epoch: 146/200	Train Loss: 0.0002	Val Accuracy: 9.16
Training Epoch: 147/200	Train Loss: 0.0045	Val Accuracy: 9.16
Training Epoch: 148/200	Train Loss: 0.0005	Val Accuracy: 9.28
Training Epoch: 149/200	Train Loss: 0.0003	Val Accuracy: 9.28
Training Epoch: 150/200	Train Loss: 0.0004	Val Accuracy: 9.12
Training Epoch: 151/200	Train Loss: 0.0004	Val Accuracy: 9.12
Training Epoch: 152/200	Train Loss: 0.0004	Val Accuracy: 9.24
Training Epoch: 153/200	Train Loss: 0.0003	Val Accuracy: 9.24
Training Epoch: 154/200	Train Loss: 0.0003	Val Accuracy: 9.26
Training Epoch: 155/200	Train Loss: 0.0001	Val Accuracy: 9.26
Training Epoch: 156/200	Train Loss: 0.0002	Val Accuracy: 9.1
Training Epoch: 157/200	Train Loss: 0.0008	Val Accuracy: 9.1
Training Epoch: 158/200	Train Loss: 0.0013	Val Accuracy: 9.34
Training Epoch: 159/200	Train Loss: 0.0002	Val Accuracy: 9.34
Training Epoch: 160/200	Train Loss: 0.0001	Val Accuracy: 9.04
Training Epoch: 161/200	Train Loss: 0.0003	Val Accuracy: 9.04
Training Epoch: 162/200	Train Loss: 0.0003	Val Accuracy: 9.06
Training Epoch: 163/200	Train Loss: 0.0006	Val Accuracy: 9.06
Training Epoch: 164/200	Train Loss: 0.0007	Val Accuracy: 9.18
Training Epoch: 165/200	Train Loss: 0.0005	Val Accuracy: 9.18
Training Epoch: 166/200	Train Loss: 0.0006	Val Accuracy: 9.48
Training Epoch: 167/200	Train Loss: 0.0001	Val Accuracy: 9.48
Training Epoch: 168/200	Train Loss: 0.0003	Val Accuracy: 9.38
Training Epoch: 169/200	Train Loss: 0.0001	Val Accuracy: 9.38
Training Epoch: 170/200	Train Loss: 0.0003	Val Accuracy: 9.54
Training Epoch: 171/200	Train Loss: 0.0003	Val Accuracy: 9.54
Training Epoch: 172/200	Train Loss: 0.0002	Val Accuracy: 9.46
Training Epoch: 173/200	Train Loss: 0.0001	Val Accuracy: 9.46
Training Epoch: 174/200	Train Loss: 0.0002	Val Accuracy: 9.18
Training Epoch: 175/200	Train Loss: 0.0003	Val Accuracy: 9.18
Training Epoch: 176/200	Train Loss: 0.0006	Val Accuracy: 9.28
Training Epoch: 177/200	Train Loss: 0.0007	Val Accuracy: 9.28
Training Epoch: 178/200	Train Loss: 0.0001	Val Accuracy: 9.12
Training Epoch: 179/200	Train Loss: 0.0005	Val Accuracy: 9.12
Training Epoch: 180/200	Train Loss: 0.0002	Val Accuracy: 9.08
Training Epoch: 181/200	Train Loss: 0.0005	Val Accuracy: 9.08
Training Epoch: 182/200	Train Loss: 0.0007	Val Accuracy: 9.06
Training Epoch: 183/200	Train Loss: 0.002	Val Accuracy: 9.06
Training Epoch: 184/200	Train Loss: 0.0006	Val Accuracy: 9.38
Training Epoch: 185/200	Train Loss: 0.0003	Val Accuracy: 9.38
Training Epoch: 186/200	Train Loss: 0.0003	Val Accuracy: 9.14
Training Epoch: 187/200	Train Loss: 0.0005	Val Accuracy: 9.14
Training Epoch: 188/200	Train Loss: 0.0001	Val Accuracy: 9.54
Training Epoch: 189/200	Train Loss: 0.0003	Val Accuracy: 9.54
Training Epoch: 190/200	Train Loss: 0.0008	Val Accuracy: 9.62
Training Epoch: 191/200	Train Loss: 0.0003	Val Accuracy: 9.62
Training Epoch: 192/200	Train Loss: 0.0003	Val Accuracy: 9.26
Training Epoch: 193/200	Train Loss: 0.0001	Val Accuracy: 9.26
Training Epoch: 194/200	Train Loss: 0.0016	Val Accuracy: 9.6
Training Epoch: 195/200	Train Loss: 0.0005	Val Accuracy: 9.6
Training Epoch: 196/200	Train Loss: 0.0001	Val Accuracy: 9.58
Training Epoch: 197/200	Train Loss: 0.0006	Val Accuracy: 9.58
Training Epoch: 198/200	Train Loss: 0.0003	Val Accuracy: 9.34
Training Epoch: 199/200	Train Loss: 0.0007	Val Accuracy: 9.34
Training Epoch: 200/200	Train Loss: 0.0002	Val Accuracy: 9.58

Wrote Best Model Checkpoint to: vlBest_acc_9_model_epoch_0092.pyth

Best Validation Accuracy: 9.72
Best Epoch: 92

======== TESTING ========

Test Accuracy: 10.51.

======== ACTIVE SAMPLING ========

ProbCover adaptive delta: base=0.2500, effective=0.2125, scale=0.85, phase=post_label_shrink, labeled_count=850
Coverage selection metadata: active=False (mode=adaptive_density_cover, variant=unknown, delta=0.2125, phase=adaptive_signal, bald_mean=0.0000, bald_max=0.0000, variance_mean=0.0000, variance_max=0.0000, dropout_iters=0, cover_anchors=0, diversity_lambda=0.00, selected_id_mean=0.0000, selected_signal_mean=0.8048, selected_radius_mean=0.1686, k_id=50, k_knn=50, alpha=1.00)
Active Sampling Complete. After Episode 16:
New Labeled Set: 900, New Unlabeled Set: 44100, Active Set: 50

================================


Current accuracy values:  [4.170000000000002, 5.269999999999996, 5.6200000000000045, 6.689999999999998, 7.290000000000006, 7.579999999999998, 7.650000000000006, 7.969999999999999, 8.129999999999995, 8.420000000000002, 8.920000000000002, 9.370000000000005, 9.260000000000005, 10.019999999999996, 10.209999999999994, 10.299999999999997, 10.510000000000005]
======== EPISODE 17 BEGINS ========

======== TRAINING ========
Training Epoch: 1/200	Train Loss: 0.1107	Val Accuracy: 0.0
Training Epoch: 2/200	Train Loss: 0.1702	Val Accuracy: 8.98
Training Epoch: 3/200	Train Loss: 0.0296	Val Accuracy: 8.98
Training Epoch: 4/200	Train Loss: 0.0478	Val Accuracy: 9.0
Training Epoch: 5/200	Train Loss: 0.0928	Val Accuracy: 9.0
Training Epoch: 6/200	Train Loss: 0.053	Val Accuracy: 9.3
Training Epoch: 7/200	Train Loss: 0.0456	Val Accuracy: 9.3
Training Epoch: 8/200	Train Loss: 0.0017	Val Accuracy: 9.34
Training Epoch: 9/200	Train Loss: 0.0243	Val Accuracy: 9.34
Training Epoch: 10/200	Train Loss: 0.0118	Val Accuracy: 9.58
Training Epoch: 11/200	Train Loss: 0.0316	Val Accuracy: 9.58
Training Epoch: 12/200	Train Loss: 0.0101	Val Accuracy: 9.66
Training Epoch: 13/200	Train Loss: 0.0097	Val Accuracy: 9.66
Training Epoch: 14/200	Train Loss: 0.0031	Val Accuracy: 9.5
Training Epoch: 15/200	Train Loss: 0.0012	Val Accuracy: 9.5
Training Epoch: 16/200	Train Loss: 0.001	Val Accuracy: 9.14
Training Epoch: 17/200	Train Loss: 0.0054	Val Accuracy: 9.14
Training Epoch: 18/200	Train Loss: 0.0076	Val Accuracy: 9.1
Training Epoch: 19/200	Train Loss: 0.006	Val Accuracy: 9.1
Training Epoch: 20/200	Train Loss: 0.012	Val Accuracy: 9.06
Training Epoch: 21/200	Train Loss: 0.0084	Val Accuracy: 9.06
Training Epoch: 22/200	Train Loss: 0.0013	Val Accuracy: 8.92
Training Epoch: 23/200	Train Loss: 0.003	Val Accuracy: 8.92
Training Epoch: 24/200	Train Loss: 0.0218	Val Accuracy: 9.56
Training Epoch: 25/200	Train Loss: 0.001	Val Accuracy: 9.56
Training Epoch: 26/200	Train Loss: 0.004	Val Accuracy: 9.38
Training Epoch: 27/200	Train Loss: 0.0054	Val Accuracy: 9.38
Training Epoch: 28/200	Train Loss: 0.0015	Val Accuracy: 9.48
Training Epoch: 29/200	Train Loss: 0.0006	Val Accuracy: 9.48
Training Epoch: 30/200	Train Loss: 0.0679	Val Accuracy: 9.36
Training Epoch: 31/200	Train Loss: 0.0078	Val Accuracy: 9.36
Training Epoch: 32/200	Train Loss: 0.0055	Val Accuracy: 9.5
Training Epoch: 33/200	Train Loss: 0.0098	Val Accuracy: 9.5
Training Epoch: 34/200	Train Loss: 0.0619	Val Accuracy: 9.7
Training Epoch: 35/200	Train Loss: 0.006	Val Accuracy: 9.7
Training Epoch: 36/200	Train Loss: 0.0245	Val Accuracy: 9.84
Training Epoch: 37/200	Train Loss: 0.0021	Val Accuracy: 9.84
Training Epoch: 38/200	Train Loss: 0.0027	Val Accuracy: 9.28
Training Epoch: 39/200	Train Loss: 0.0031	Val Accuracy: 9.28
Training Epoch: 40/200	Train Loss: 0.0329	Val Accuracy: 9.48
Training Epoch: 41/200	Train Loss: 0.0051	Val Accuracy: 9.48
Training Epoch: 42/200	Train Loss: 0.0458	Val Accuracy: 9.54
Training Epoch: 43/200	Train Loss: 0.0388	Val Accuracy: 9.54
Training Epoch: 44/200	Train Loss: 0.0024	Val Accuracy: 9.86
Training Epoch: 45/200	Train Loss: 0.0202	Val Accuracy: 9.86
Training Epoch: 46/200	Train Loss: 0.0042	Val Accuracy: 9.58
Training Epoch: 47/200	Train Loss: 0.0038	Val Accuracy: 9.58
Training Epoch: 48/200	Train Loss: 0.0031	Val Accuracy: 9.36
Training Epoch: 49/200	Train Loss: 0.0079	Val Accuracy: 9.36
Training Epoch: 50/200	Train Loss: 0.005	Val Accuracy: 9.46
Training Epoch: 51/200	Train Loss: 0.002	Val Accuracy: 9.46
Training Epoch: 52/200	Train Loss: 0.0013	Val Accuracy: 9.46
Training Epoch: 53/200	Train Loss: 0.0034	Val Accuracy: 9.46
Training Epoch: 54/200	Train Loss: 0.0025	Val Accuracy: 9.58
Training Epoch: 55/200	Train Loss: 0.0027	Val Accuracy: 9.58
Training Epoch: 56/200	Train Loss: 0.0046	Val Accuracy: 9.48
Training Epoch: 57/200	Train Loss: 0.0005	Val Accuracy: 9.48
Training Epoch: 58/200	Train Loss: 0.0062	Val Accuracy: 9.64
Training Epoch: 59/200	Train Loss: 0.0006	Val Accuracy: 9.64
Training Epoch: 60/200	Train Loss: 0.0018	Val Accuracy: 9.92
Training Epoch: 61/200	Train Loss: 0.0002	Val Accuracy: 9.92
Training Epoch: 62/200	Train Loss: 0.0088	Val Accuracy: 9.46
Training Epoch: 63/200	Train Loss: 0.0035	Val Accuracy: 9.46
Training Epoch: 64/200	Train Loss: 0.0003	Val Accuracy: 9.44
Training Epoch: 65/200	Train Loss: 0.0007	Val Accuracy: 9.44
Training Epoch: 66/200	Train Loss: 0.0005	Val Accuracy: 9.36
Training Epoch: 67/200	Train Loss: 0.0023	Val Accuracy: 9.36
Training Epoch: 68/200	Train Loss: 0.0317	Val Accuracy: 9.6
Training Epoch: 69/200	Train Loss: 0.0341	Val Accuracy: 9.6
Training Epoch: 70/200	Train Loss: 0.0071	Val Accuracy: 9.46
Training Epoch: 71/200	Train Loss: 0.0205	Val Accuracy: 9.46
Training Epoch: 72/200	Train Loss: 0.0117	Val Accuracy: 9.78
Training Epoch: 73/200	Train Loss: 0.0006	Val Accuracy: 9.78
Training Epoch: 74/200	Train Loss: 0.0015	Val Accuracy: 9.36
Training Epoch: 75/200	Train Loss: 0.0087	Val Accuracy: 9.36
Training Epoch: 76/200	Train Loss: 0.0002	Val Accuracy: 9.64
Training Epoch: 77/200	Train Loss: 0.001	Val Accuracy: 9.64
Training Epoch: 78/200	Train Loss: 0.0006	Val Accuracy: 9.5
Training Epoch: 79/200	Train Loss: 0.001	Val Accuracy: 9.5
Training Epoch: 80/200	Train Loss: 0.0007	Val Accuracy: 9.3
Training Epoch: 81/200	Train Loss: 0.0007	Val Accuracy: 9.3
Training Epoch: 82/200	Train Loss: 0.004	Val Accuracy: 9.46
Training Epoch: 83/200	Train Loss: 0.0008	Val Accuracy: 9.46
Training Epoch: 84/200	Train Loss: 0.0002	Val Accuracy: 9.68
Training Epoch: 85/200	Train Loss: 0.0012	Val Accuracy: 9.68
Training Epoch: 86/200	Train Loss: 0.0094	Val Accuracy: 9.6
Training Epoch: 87/200	Train Loss: 0.0034	Val Accuracy: 9.6
Training Epoch: 88/200	Train Loss: 0.0004	Val Accuracy: 9.32
Training Epoch: 89/200	Train Loss: 0.0124	Val Accuracy: 9.32
Training Epoch: 90/200	Train Loss: 0.0021	Val Accuracy: 9.66
Training Epoch: 91/200	Train Loss: 0.0085	Val Accuracy: 9.66
Training Epoch: 92/200	Train Loss: 0.0008	Val Accuracy: 9.82
Training Epoch: 93/200	Train Loss: 0.0003	Val Accuracy: 9.82
Training Epoch: 94/200	Train Loss: 0.0004	Val Accuracy: 9.86
Training Epoch: 95/200	Train Loss: 0.0003	Val Accuracy: 9.86
Training Epoch: 96/200	Train Loss: 0.0034	Val Accuracy: 9.7
Training Epoch: 97/200	Train Loss: 0.001	Val Accuracy: 9.7
Training Epoch: 98/200	Train Loss: 0.0065	Val Accuracy: 9.62
Training Epoch: 99/200	Train Loss: 0.0017	Val Accuracy: 9.62
Training Epoch: 100/200	Train Loss: 0.001	Val Accuracy: 9.56
Training Epoch: 101/200	Train Loss: 0.001	Val Accuracy: 9.56
Training Epoch: 102/200	Train Loss: 0.0018	Val Accuracy: 9.66
Training Epoch: 103/200	Train Loss: 0.0009	Val Accuracy: 9.66
Training Epoch: 104/200	Train Loss: 0.0003	Val Accuracy: 9.72
Training Epoch: 105/200	Train Loss: 0.0006	Val Accuracy: 9.72
Training Epoch: 106/200	Train Loss: 0.0011	Val Accuracy: 9.9
Training Epoch: 107/200	Train Loss: 0.0006	Val Accuracy: 9.9
Training Epoch: 108/200	Train Loss: 0.0003	Val Accuracy: 9.66
Training Epoch: 109/200	Train Loss: 0.0018	Val Accuracy: 9.66
Training Epoch: 110/200	Train Loss: 0.0002	Val Accuracy: 10.1
Training Epoch: 111/200	Train Loss: 0.0005	Val Accuracy: 10.1
Training Epoch: 112/200	Train Loss: 0.0004	Val Accuracy: 10.04
Training Epoch: 113/200	Train Loss: 0.0006	Val Accuracy: 10.04
Training Epoch: 114/200	Train Loss: 0.0007	Val Accuracy: 9.86
Training Epoch: 115/200	Train Loss: 0.0065	Val Accuracy: 9.86
Training Epoch: 116/200	Train Loss: 0.0002	Val Accuracy: 9.7
Training Epoch: 117/200	Train Loss: 0.0007	Val Accuracy: 9.7
Training Epoch: 118/200	Train Loss: 0.0013	Val Accuracy: 9.86
Training Epoch: 119/200	Train Loss: 0.0031	Val Accuracy: 9.86
Training Epoch: 120/200	Train Loss: 0.0003	Val Accuracy: 9.54
Training Epoch: 121/200	Train Loss: 0.0333	Val Accuracy: 9.54
Training Epoch: 122/200	Train Loss: 0.0008	Val Accuracy: 10.16
Training Epoch: 123/200	Train Loss: 0.0007	Val Accuracy: 10.16
Training Epoch: 124/200	Train Loss: 0.0008	Val Accuracy: 9.32
Training Epoch: 125/200	Train Loss: 0.0003	Val Accuracy: 9.32
Training Epoch: 126/200	Train Loss: 0.0011	Val Accuracy: 9.52
Training Epoch: 127/200	Train Loss: 0.0013	Val Accuracy: 9.52
Training Epoch: 128/200	Train Loss: 0.0004	Val Accuracy: 9.56
Training Epoch: 129/200	Train Loss: 0.0002	Val Accuracy: 9.56
Training Epoch: 130/200	Train Loss: 0.0002	Val Accuracy: 9.66
Training Epoch: 131/200	Train Loss: 0.0002	Val Accuracy: 9.66
Training Epoch: 132/200	Train Loss: 0.0004	Val Accuracy: 9.48
Training Epoch: 133/200	Train Loss: 0.0003	Val Accuracy: 9.48
Training Epoch: 134/200	Train Loss: 0.0003	Val Accuracy: 9.64
Training Epoch: 135/200	Train Loss: 0.0005	Val Accuracy: 9.64
Training Epoch: 136/200	Train Loss: 0.0002	Val Accuracy: 9.98
Training Epoch: 137/200	Train Loss: 0.001	Val Accuracy: 9.98
Training Epoch: 138/200	Train Loss: 0.0017	Val Accuracy: 9.68
Training Epoch: 139/200	Train Loss: 0.0003	Val Accuracy: 9.68
Training Epoch: 140/200	Train Loss: 0.0003	Val Accuracy: 9.64
Training Epoch: 141/200	Train Loss: 0.0005	Val Accuracy: 9.64
Training Epoch: 142/200	Train Loss: 0.0001	Val Accuracy: 9.66
Training Epoch: 143/200	Train Loss: 0.0001	Val Accuracy: 9.66
Training Epoch: 144/200	Train Loss: 0.0003	Val Accuracy: 9.92
Training Epoch: 145/200	Train Loss: 0.0002	Val Accuracy: 9.92
Training Epoch: 146/200	Train Loss: 0.0004	Val Accuracy: 10.04
Training Epoch: 147/200	Train Loss: 0.0006	Val Accuracy: 10.04
Training Epoch: 148/200	Train Loss: 0.0002	Val Accuracy: 9.68
Training Epoch: 149/200	Train Loss: 0.0007	Val Accuracy: 9.68
Training Epoch: 150/200	Train Loss: 0.0003	Val Accuracy: 9.52
Training Epoch: 151/200	Train Loss: 0.0002	Val Accuracy: 9.52
Training Epoch: 152/200	Train Loss: 0.0005	Val Accuracy: 9.94
Training Epoch: 153/200	Train Loss: 0.0005	Val Accuracy: 9.94
Training Epoch: 154/200	Train Loss: 0.0004	Val Accuracy: 9.86
Training Epoch: 155/200	Train Loss: 0.0001	Val Accuracy: 9.86
Training Epoch: 156/200	Train Loss: 0.0003	Val Accuracy: 9.58
Training Epoch: 157/200	Train Loss: 0.0006	Val Accuracy: 9.58
Training Epoch: 158/200	Train Loss: 0.0007	Val Accuracy: 9.7
Training Epoch: 159/200	Train Loss: 0.0004	Val Accuracy: 9.7
Training Epoch: 160/200	Train Loss: 0.0005	Val Accuracy: 9.88
Training Epoch: 161/200	Train Loss: 0.0005	Val Accuracy: 9.88
Training Epoch: 162/200	Train Loss: 0.0004	Val Accuracy: 10.08
Training Epoch: 163/200	Train Loss: 0.0001	Val Accuracy: 10.08
Training Epoch: 164/200	Train Loss: 0.0006	Val Accuracy: 9.74
Training Epoch: 165/200	Train Loss: 0.0003	Val Accuracy: 9.74
Training Epoch: 166/200	Train Loss: 0.0005	Val Accuracy: 9.48
Training Epoch: 167/200	Train Loss: 0.0003	Val Accuracy: 9.48
Training Epoch: 168/200	Train Loss: 0.0009	Val Accuracy: 9.3
Training Epoch: 169/200	Train Loss: 0.0002	Val Accuracy: 9.3
Training Epoch: 170/200	Train Loss: 0.0005	Val Accuracy: 9.7
Training Epoch: 171/200	Train Loss: 0.0004	Val Accuracy: 9.7
Training Epoch: 172/200	Train Loss: 0.0004	Val Accuracy: 10.06
Training Epoch: 173/200	Train Loss: 0.0001	Val Accuracy: 10.06
Training Epoch: 174/200	Train Loss: 0.0006	Val Accuracy: 9.76
Training Epoch: 175/200	Train Loss: 0.0005	Val Accuracy: 9.76
Training Epoch: 176/200	Train Loss: 0.0009	Val Accuracy: 9.84
Training Epoch: 177/200	Train Loss: 0.0002	Val Accuracy: 9.84
Training Epoch: 178/200	Train Loss: 0.0005	Val Accuracy: 9.78
Training Epoch: 179/200	Train Loss: 0.0003	Val Accuracy: 9.78
Training Epoch: 180/200	Train Loss: 0.0002	Val Accuracy: 10.3
Training Epoch: 181/200	Train Loss: 0.0001	Val Accuracy: 10.3
Training Epoch: 182/200	Train Loss: 0.0001	Val Accuracy: 9.88
Training Epoch: 183/200	Train Loss: 0.0004	Val Accuracy: 9.88
Training Epoch: 184/200	Train Loss: 0.0005	Val Accuracy: 9.88
Training Epoch: 185/200	Train Loss: 0.0005	Val Accuracy: 9.88
Training Epoch: 186/200	Train Loss: 0.0001	Val Accuracy: 9.72
Training Epoch: 187/200	Train Loss: 0.0003	Val Accuracy: 9.72
Training Epoch: 188/200	Train Loss: 0.0011	Val Accuracy: 9.6
Training Epoch: 189/200	Train Loss: 0.0002	Val Accuracy: 9.6
Training Epoch: 190/200	Train Loss: 0.0002	Val Accuracy: 9.84
Training Epoch: 191/200	Train Loss: 0.0003	Val Accuracy: 9.84
Training Epoch: 192/200	Train Loss: 0.0006	Val Accuracy: 9.74
Training Epoch: 193/200	Train Loss: 0.0002	Val Accuracy: 9.74
Training Epoch: 194/200	Train Loss: 0.0005	Val Accuracy: 9.52
Training Epoch: 195/200	Train Loss: 0.0004	Val Accuracy: 9.52
Training Epoch: 196/200	Train Loss: 0.0003	Val Accuracy: 9.66
Training Epoch: 197/200	Train Loss: 0.0002	Val Accuracy: 9.66
Training Epoch: 198/200	Train Loss: 0.0002	Val Accuracy: 9.72
Training Epoch: 199/200	Train Loss: 0.0004	Val Accuracy: 9.72
Training Epoch: 200/200	Train Loss: 0.0002	Val Accuracy: 9.9

Wrote Best Model Checkpoint to: vlBest_acc_10_model_epoch_0180.pyth

Best Validation Accuracy: 10.3
Best Epoch: 180

======== TESTING ========

Test Accuracy: 10.85.

======== ACTIVE SAMPLING ========

ProbCover adaptive delta: base=0.2500, effective=0.2125, scale=0.85, phase=post_label_shrink, labeled_count=900
Coverage selection metadata: active=False (mode=adaptive_density_cover, variant=unknown, delta=0.2125, phase=adaptive_signal, bald_mean=0.0000, bald_max=0.0000, variance_mean=0.0000, variance_max=0.0000, dropout_iters=0, cover_anchors=0, diversity_lambda=0.00, selected_id_mean=0.0000, selected_signal_mean=0.8022, selected_radius_mean=0.1691, k_id=50, k_knn=50, alpha=1.00)
Active Sampling Complete. After Episode 17:
New Labeled Set: 950, New Unlabeled Set: 44050, Active Set: 50

================================


Current accuracy values:  [4.170000000000002, 5.269999999999996, 5.6200000000000045, 6.689999999999998, 7.290000000000006, 7.579999999999998, 7.650000000000006, 7.969999999999999, 8.129999999999995, 8.420000000000002, 8.920000000000002, 9.370000000000005, 9.260000000000005, 10.019999999999996, 10.209999999999994, 10.299999999999997, 10.510000000000005, 10.849999999999994]
======== EPISODE 18 BEGINS ========

======== TRAINING ========
Training Epoch: 1/200	Train Loss: 0.0154	Val Accuracy: 0.0
Training Epoch: 2/200	Train Loss: 0.1089	Val Accuracy: 8.72
Training Epoch: 3/200	Train Loss: 0.1379	Val Accuracy: 8.72
Training Epoch: 4/200	Train Loss: 0.2182	Val Accuracy: 9.08
Training Epoch: 5/200	Train Loss: 0.1037	Val Accuracy: 9.08
Training Epoch: 6/200	Train Loss: 0.098	Val Accuracy: 9.3
Training Epoch: 7/200	Train Loss: 0.1053	Val Accuracy: 9.3
Training Epoch: 8/200	Train Loss: 0.0697	Val Accuracy: 9.04
Training Epoch: 9/200	Train Loss: 0.0477	Val Accuracy: 9.04
Training Epoch: 10/200	Train Loss: 0.0281	Val Accuracy: 8.8
Training Epoch: 11/200	Train Loss: 0.0514	Val Accuracy: 8.8
Training Epoch: 12/200	Train Loss: 0.0219	Val Accuracy: 9.28
Training Epoch: 13/200	Train Loss: 0.0307	Val Accuracy: 9.28
Training Epoch: 14/200	Train Loss: 0.0202	Val Accuracy: 9.28
Training Epoch: 15/200	Train Loss: 0.0114	Val Accuracy: 9.28
Training Epoch: 16/200	Train Loss: 0.0081	Val Accuracy: 9.14
Training Epoch: 17/200	Train Loss: 0.0035	Val Accuracy: 9.14
Training Epoch: 18/200	Train Loss: 0.0028	Val Accuracy: 9.3
Training Epoch: 19/200	Train Loss: 0.0647	Val Accuracy: 9.3
Training Epoch: 20/200	Train Loss: 0.0149	Val Accuracy: 9.48
Training Epoch: 21/200	Train Loss: 0.0517	Val Accuracy: 9.48
Training Epoch: 22/200	Train Loss: 0.1742	Val Accuracy: 9.46
Training Epoch: 23/200	Train Loss: 0.058	Val Accuracy: 9.46
Training Epoch: 24/200	Train Loss: 0.0332	Val Accuracy: 8.6
Training Epoch: 25/200	Train Loss: 0.0198	Val Accuracy: 8.6
Training Epoch: 26/200	Train Loss: 0.0782	Val Accuracy: 9.0
Training Epoch: 27/200	Train Loss: 0.0228	Val Accuracy: 9.0
Training Epoch: 28/200	Train Loss: 0.0218	Val Accuracy: 9.34
Training Epoch: 29/200	Train Loss: 0.0192	Val Accuracy: 9.34
Training Epoch: 30/200	Train Loss: 0.0022	Val Accuracy: 8.86
Training Epoch: 31/200	Train Loss: 0.0423	Val Accuracy: 8.86
Training Epoch: 32/200	Train Loss: 0.0192	Val Accuracy: 9.46
Training Epoch: 33/200	Train Loss: 0.0157	Val Accuracy: 9.46
Training Epoch: 34/200	Train Loss: 0.0043	Val Accuracy: 9.12
Training Epoch: 35/200	Train Loss: 0.0222	Val Accuracy: 9.12
Training Epoch: 36/200	Train Loss: 0.0312	Val Accuracy: 9.18
Training Epoch: 37/200	Train Loss: 0.01	Val Accuracy: 9.18
Training Epoch: 38/200	Train Loss: 0.0027	Val Accuracy: 9.26
Training Epoch: 39/200	Train Loss: 0.0442	Val Accuracy: 9.26
Training Epoch: 40/200	Train Loss: 0.0047	Val Accuracy: 9.4
Training Epoch: 41/200	Train Loss: 0.012	Val Accuracy: 9.4
Training Epoch: 42/200	Train Loss: 0.0249	Val Accuracy: 8.96
Training Epoch: 43/200	Train Loss: 0.0415	Val Accuracy: 8.96
Training Epoch: 44/200	Train Loss: 0.1073	Val Accuracy: 9.62
Training Epoch: 45/200	Train Loss: 0.0599	Val Accuracy: 9.62
Training Epoch: 46/200	Train Loss: 0.0025	Val Accuracy: 9.52
Training Epoch: 47/200	Train Loss: 0.0084	Val Accuracy: 9.52
Training Epoch: 48/200	Train Loss: 0.0041	Val Accuracy: 9.26
Training Epoch: 49/200	Train Loss: 0.0032	Val Accuracy: 9.26
Training Epoch: 50/200	Train Loss: 0.0107	Val Accuracy: 9.78
Training Epoch: 51/200	Train Loss: 0.0038	Val Accuracy: 9.78
Training Epoch: 52/200	Train Loss: 0.0005	Val Accuracy: 9.56
Training Epoch: 53/200	Train Loss: 0.0019	Val Accuracy: 9.56
Training Epoch: 54/200	Train Loss: 0.0008	Val Accuracy: 9.74
Training Epoch: 55/200	Train Loss: 0.0005	Val Accuracy: 9.74
Training Epoch: 56/200	Train Loss: 0.0016	Val Accuracy: 9.46
Training Epoch: 57/200	Train Loss: 0.0453	Val Accuracy: 9.46
Training Epoch: 58/200	Train Loss: 0.0059	Val Accuracy: 9.76
Training Epoch: 59/200	Train Loss: 0.0032	Val Accuracy: 9.76
Training Epoch: 60/200	Train Loss: 0.0105	Val Accuracy: 9.76
Training Epoch: 61/200	Train Loss: 0.002	Val Accuracy: 9.76
Training Epoch: 62/200	Train Loss: 0.0147	Val Accuracy: 10.14
Training Epoch: 63/200	Train Loss: 0.0012	Val Accuracy: 10.14
Training Epoch: 64/200	Train Loss: 0.0136	Val Accuracy: 9.64
Training Epoch: 65/200	Train Loss: 0.0138	Val Accuracy: 9.64
Training Epoch: 66/200	Train Loss: 0.0046	Val Accuracy: 9.98
Training Epoch: 67/200	Train Loss: 0.0031	Val Accuracy: 9.98
Training Epoch: 68/200	Train Loss: 0.0047	Val Accuracy: 9.62
Training Epoch: 69/200	Train Loss: 0.007	Val Accuracy: 9.62
Training Epoch: 70/200	Train Loss: 0.0009	Val Accuracy: 9.54
Training Epoch: 71/200	Train Loss: 0.0086	Val Accuracy: 9.54
Training Epoch: 72/200	Train Loss: 0.0005	Val Accuracy: 9.4
Training Epoch: 73/200	Train Loss: 0.0202	Val Accuracy: 9.4
Training Epoch: 74/200	Train Loss: 0.0013	Val Accuracy: 9.9
Training Epoch: 75/200	Train Loss: 0.0004	Val Accuracy: 9.9
Training Epoch: 76/200	Train Loss: 0.0087	Val Accuracy: 8.78
Training Epoch: 77/200	Train Loss: 0.0055	Val Accuracy: 8.78
Training Epoch: 78/200	Train Loss: 0.0045	Val Accuracy: 9.48
Training Epoch: 79/200	Train Loss: 0.0002	Val Accuracy: 9.48
Training Epoch: 80/200	Train Loss: 0.0477	Val Accuracy: 9.4
Training Epoch: 81/200	Train Loss: 0.0008	Val Accuracy: 9.4
Training Epoch: 82/200	Train Loss: 0.0027	Val Accuracy: 9.5
Training Epoch: 83/200	Train Loss: 0.0194	Val Accuracy: 9.5
Training Epoch: 84/200	Train Loss: 0.0067	Val Accuracy: 9.8
Training Epoch: 85/200	Train Loss: 0.0005	Val Accuracy: 9.8
Training Epoch: 86/200	Train Loss: 0.0007	Val Accuracy: 9.74
Training Epoch: 87/200	Train Loss: 0.0006	Val Accuracy: 9.74
Training Epoch: 88/200	Train Loss: 0.0038	Val Accuracy: 9.72
Training Epoch: 89/200	Train Loss: 0.0024	Val Accuracy: 9.72
Training Epoch: 90/200	Train Loss: 0.0021	Val Accuracy: 9.52
Training Epoch: 91/200	Train Loss: 0.0009	Val Accuracy: 9.52
Training Epoch: 92/200	Train Loss: 0.0079	Val Accuracy: 9.88
Training Epoch: 93/200	Train Loss: 0.0071	Val Accuracy: 9.88
Training Epoch: 94/200	Train Loss: 0.0004	Val Accuracy: 9.6
Training Epoch: 95/200	Train Loss: 0.0003	Val Accuracy: 9.6
Training Epoch: 96/200	Train Loss: 0.0003	Val Accuracy: 9.76
Training Epoch: 97/200	Train Loss: 0.0006	Val Accuracy: 9.76
Training Epoch: 98/200	Train Loss: 0.0025	Val Accuracy: 9.82
Training Epoch: 99/200	Train Loss: 0.0007	Val Accuracy: 9.82
Training Epoch: 100/200	Train Loss: 0.0006	Val Accuracy: 9.74
Training Epoch: 101/200	Train Loss: 0.0012	Val Accuracy: 9.74
Training Epoch: 102/200	Train Loss: 0.0003	Val Accuracy: 10.0
Training Epoch: 103/200	Train Loss: 0.0011	Val Accuracy: 10.0
Training Epoch: 104/200	Train Loss: 0.0005	Val Accuracy: 9.58
Training Epoch: 105/200	Train Loss: 0.0002	Val Accuracy: 9.58
Training Epoch: 106/200	Train Loss: 0.001	Val Accuracy: 9.78
Training Epoch: 107/200	Train Loss: 0.0002	Val Accuracy: 9.78
Training Epoch: 108/200	Train Loss: 0.001	Val Accuracy: 9.34
Training Epoch: 109/200	Train Loss: 0.0083	Val Accuracy: 9.34
Training Epoch: 110/200	Train Loss: 0.0003	Val Accuracy: 10.02
Training Epoch: 111/200	Train Loss: 0.0002	Val Accuracy: 10.02
Training Epoch: 112/200	Train Loss: 0.0012	Val Accuracy: 9.98
Training Epoch: 113/200	Train Loss: 0.0005	Val Accuracy: 9.98
Training Epoch: 114/200	Train Loss: 0.0007	Val Accuracy: 10.1
Training Epoch: 115/200	Train Loss: 0.0004	Val Accuracy: 10.1
Training Epoch: 116/200	Train Loss: 0.0003	Val Accuracy: 9.48
Training Epoch: 117/200	Train Loss: 0.0004	Val Accuracy: 9.48
Training Epoch: 118/200	Train Loss: 0.0002	Val Accuracy: 9.88
Training Epoch: 119/200	Train Loss: 0.0006	Val Accuracy: 9.88
Training Epoch: 120/200	Train Loss: 0.0016	Val Accuracy: 9.82
Training Epoch: 121/200	Train Loss: 0.0002	Val Accuracy: 9.82
Training Epoch: 122/200	Train Loss: 0.0045	Val Accuracy: 9.64
Training Epoch: 123/200	Train Loss: 0.0001	Val Accuracy: 9.64
Training Epoch: 124/200	Train Loss: 0.0014	Val Accuracy: 9.74
Training Epoch: 125/200	Train Loss: 0.0017	Val Accuracy: 9.74
Training Epoch: 126/200	Train Loss: 0.0013	Val Accuracy: 9.54
Training Epoch: 127/200	Train Loss: 0.0007	Val Accuracy: 9.54
Training Epoch: 128/200	Train Loss: 0.0006	Val Accuracy: 9.5
Training Epoch: 129/200	Train Loss: 0.0003	Val Accuracy: 9.5
Training Epoch: 130/200	Train Loss: 0.0009	Val Accuracy: 9.5
Training Epoch: 131/200	Train Loss: 0.035	Val Accuracy: 9.5
Training Epoch: 132/200	Train Loss: 0.0033	Val Accuracy: 9.88
Training Epoch: 133/200	Train Loss: 0.0047	Val Accuracy: 9.88
Training Epoch: 134/200	Train Loss: 0.0017	Val Accuracy: 9.74
Training Epoch: 135/200	Train Loss: 0.0002	Val Accuracy: 9.74
Training Epoch: 136/200	Train Loss: 0.0002	Val Accuracy: 9.42
Training Epoch: 137/200	Train Loss: 0.0004	Val Accuracy: 9.42
Training Epoch: 138/200	Train Loss: 0.0014	Val Accuracy: 9.88
Training Epoch: 139/200	Train Loss: 0.0004	Val Accuracy: 9.88
Training Epoch: 140/200	Train Loss: 0.0004	Val Accuracy: 9.7
Training Epoch: 141/200	Train Loss: 0.0004	Val Accuracy: 9.7
Training Epoch: 142/200	Train Loss: 0.0009	Val Accuracy: 9.7
Training Epoch: 143/200	Train Loss: 0.0008	Val Accuracy: 9.7
Training Epoch: 144/200	Train Loss: 0.0003	Val Accuracy: 9.58
Training Epoch: 145/200	Train Loss: 0.0002	Val Accuracy: 9.58
Training Epoch: 146/200	Train Loss: 0.0006	Val Accuracy: 9.66
Training Epoch: 147/200	Train Loss: 0.0005	Val Accuracy: 9.66
Training Epoch: 148/200	Train Loss: 0.0004	Val Accuracy: 10.0
Training Epoch: 149/200	Train Loss: 0.0018	Val Accuracy: 10.0
Training Epoch: 150/200	Train Loss: 0.0004	Val Accuracy: 9.56
Training Epoch: 151/200	Train Loss: 0.0008	Val Accuracy: 9.56
Training Epoch: 152/200	Train Loss: 0.0035	Val Accuracy: 9.74
Training Epoch: 153/200	Train Loss: 0.0008	Val Accuracy: 9.74
Training Epoch: 154/200	Train Loss: 0.0004	Val Accuracy: 9.68
Training Epoch: 155/200	Train Loss: 0.0006	Val Accuracy: 9.68
Training Epoch: 156/200	Train Loss: 0.0006	Val Accuracy: 9.88
Training Epoch: 157/200	Train Loss: 0.0003	Val Accuracy: 9.88
Training Epoch: 158/200	Train Loss: 0.0004	Val Accuracy: 9.58
Training Epoch: 159/200	Train Loss: 0.0005	Val Accuracy: 9.58
Training Epoch: 160/200	Train Loss: 0.0007	Val Accuracy: 9.6
Training Epoch: 161/200	Train Loss: 0.0004	Val Accuracy: 9.6
Training Epoch: 162/200	Train Loss: 0.0008	Val Accuracy: 9.76
Training Epoch: 163/200	Train Loss: 0.0001	Val Accuracy: 9.76
Training Epoch: 164/200	Train Loss: 0.0005	Val Accuracy: 9.88
Training Epoch: 165/200	Train Loss: 0.0003	Val Accuracy: 9.88
Training Epoch: 166/200	Train Loss: 0.0012	Val Accuracy: 9.8
Training Epoch: 167/200	Train Loss: 0.0019	Val Accuracy: 9.8
Training Epoch: 168/200	Train Loss: 0.0004	Val Accuracy: 9.8
Training Epoch: 169/200	Train Loss: 0.0002	Val Accuracy: 9.8
Training Epoch: 170/200	Train Loss: 0.0013	Val Accuracy: 9.86
Training Epoch: 171/200	Train Loss: 0.0006	Val Accuracy: 9.86
Training Epoch: 172/200	Train Loss: 0.0016	Val Accuracy: 9.88
Training Epoch: 173/200	Train Loss: 0.0008	Val Accuracy: 9.88
Training Epoch: 174/200	Train Loss: 0.0029	Val Accuracy: 9.56
Training Epoch: 175/200	Train Loss: 0.004	Val Accuracy: 9.56
Training Epoch: 176/200	Train Loss: 0.0003	Val Accuracy: 9.62
Training Epoch: 177/200	Train Loss: 0.0007	Val Accuracy: 9.62
Training Epoch: 178/200	Train Loss: 0.0003	Val Accuracy: 9.54
Training Epoch: 179/200	Train Loss: 0.0006	Val Accuracy: 9.54
Training Epoch: 180/200	Train Loss: 0.0009	Val Accuracy: 9.72
Training Epoch: 181/200	Train Loss: 0.0063	Val Accuracy: 9.72
Training Epoch: 182/200	Train Loss: 0.0002	Val Accuracy: 9.86
Training Epoch: 183/200	Train Loss: 0.0005	Val Accuracy: 9.86
Training Epoch: 184/200	Train Loss: 0.0025	Val Accuracy: 9.82
Training Epoch: 185/200	Train Loss: 0.0008	Val Accuracy: 9.82
Training Epoch: 186/200	Train Loss: 0.0004	Val Accuracy: 9.78
Training Epoch: 187/200	Train Loss: 0.0001	Val Accuracy: 9.78
Training Epoch: 188/200	Train Loss: 0.0003	Val Accuracy: 9.72
Training Epoch: 189/200	Train Loss: 0.0006	Val Accuracy: 9.72
Training Epoch: 190/200	Train Loss: 0.0003	Val Accuracy: 9.6
Training Epoch: 191/200	Train Loss: 0.0002	Val Accuracy: 9.6
Training Epoch: 192/200	Train Loss: 0.0001	Val Accuracy: 9.76
Training Epoch: 193/200	Train Loss: 0.0007	Val Accuracy: 9.76
Training Epoch: 194/200	Train Loss: 0.0002	Val Accuracy: 9.88
Training Epoch: 195/200	Train Loss: 0.0006	Val Accuracy: 9.88
Training Epoch: 196/200	Train Loss: 0.0005	Val Accuracy: 9.64
Training Epoch: 197/200	Train Loss: 0.0022	Val Accuracy: 9.64
Training Epoch: 198/200	Train Loss: 0.0008	Val Accuracy: 10.06
Training Epoch: 199/200	Train Loss: 0.0004	Val Accuracy: 10.06
Training Epoch: 200/200	Train Loss: 0.0007	Val Accuracy: 10.08

Wrote Best Model Checkpoint to: vlBest_acc_10_model_epoch_0062.pyth

Best Validation Accuracy: 10.14
Best Epoch: 62

======== TESTING ========

Test Accuracy: 11.02.

======== ACTIVE SAMPLING ========

ProbCover adaptive delta: base=0.2500, effective=0.2125, scale=0.85, phase=post_label_shrink, labeled_count=950
Coverage selection metadata: active=False (mode=adaptive_density_cover, variant=unknown, delta=0.2125, phase=adaptive_signal, bald_mean=0.0000, bald_max=0.0000, variance_mean=0.0000, variance_max=0.0000, dropout_iters=0, cover_anchors=0, diversity_lambda=0.00, selected_id_mean=0.0000, selected_signal_mean=0.8002, selected_radius_mean=0.1695, k_id=50, k_knn=50, alpha=1.00)
Active Sampling Complete. After Episode 18:
New Labeled Set: 1000, New Unlabeled Set: 44000, Active Set: 50

================================


Current accuracy values:  [4.170000000000002, 5.269999999999996, 5.6200000000000045, 6.689999999999998, 7.290000000000006, 7.579999999999998, 7.650000000000006, 7.969999999999999, 8.129999999999995, 8.420000000000002, 8.920000000000002, 9.370000000000005, 9.260000000000005, 10.019999999999996, 10.209999999999994, 10.299999999999997, 10.510000000000005, 10.849999999999994, 11.019999999999996]
======== EPISODE 19 BEGINS ========

======== TRAINING ========
Training Epoch: 1/200	Train Loss: 0.2271	Val Accuracy: 0.0
Training Epoch: 2/200	Train Loss: 0.1153	Val Accuracy: 9.82
Training Epoch: 3/200	Train Loss: 0.0745	Val Accuracy: 9.82
Training Epoch: 4/200	Train Loss: 0.0384	Val Accuracy: 9.66
Training Epoch: 5/200	Train Loss: 0.0488	Val Accuracy: 9.66
Training Epoch: 6/200	Train Loss: 0.0083	Val Accuracy: 9.42
Training Epoch: 7/200	Train Loss: 0.2699	Val Accuracy: 9.42
Training Epoch: 8/200	Train Loss: 0.0813	Val Accuracy: 9.52
Training Epoch: 9/200	Train Loss: 0.0742	Val Accuracy: 9.52
Training Epoch: 10/200	Train Loss: 0.1481	Val Accuracy: 9.12
Training Epoch: 11/200	Train Loss: 0.0412	Val Accuracy: 9.12
Training Epoch: 12/200	Train Loss: 0.0556	Val Accuracy: 9.18
Training Epoch: 13/200	Train Loss: 0.0646	Val Accuracy: 9.18
Training Epoch: 14/200	Train Loss: 0.0138	Val Accuracy: 8.98
Training Epoch: 15/200	Train Loss: 0.0219	Val Accuracy: 8.98
Training Epoch: 16/200	Train Loss: 0.1114	Val Accuracy: 9.12
Training Epoch: 17/200	Train Loss: 0.0387	Val Accuracy: 9.12
Training Epoch: 18/200	Train Loss: 0.0484	Val Accuracy: 9.38
Training Epoch: 19/200	Train Loss: 0.0616	Val Accuracy: 9.38
Training Epoch: 20/200	Train Loss: 0.0076	Val Accuracy: 9.1
Training Epoch: 21/200	Train Loss: 0.0035	Val Accuracy: 9.1
Training Epoch: 22/200	Train Loss: 0.0113	Val Accuracy: 8.98
Training Epoch: 23/200	Train Loss: 0.0387	Val Accuracy: 8.98
Training Epoch: 24/200	Train Loss: 0.0188	Val Accuracy: 9.72
Training Epoch: 25/200	Train Loss: 0.0468	Val Accuracy: 9.72
Training Epoch: 26/200	Train Loss: 0.0141	Val Accuracy: 9.46
Training Epoch: 27/200	Train Loss: 0.0029	Val Accuracy: 9.46
Training Epoch: 28/200	Train Loss: 0.0025	Val Accuracy: 9.72
Training Epoch: 29/200	Train Loss: 0.0023	Val Accuracy: 9.72
Training Epoch: 30/200	Train Loss: 0.013	Val Accuracy: 9.78
Training Epoch: 31/200	Train Loss: 0.0118	Val Accuracy: 9.78
Training Epoch: 32/200	Train Loss: 0.0158	Val Accuracy: 9.62
Training Epoch: 33/200	Train Loss: 0.0093	Val Accuracy: 9.62
Training Epoch: 34/200	Train Loss: 0.0022	Val Accuracy: 9.14
Training Epoch: 35/200	Train Loss: 0.0023	Val Accuracy: 9.14
Training Epoch: 36/200	Train Loss: 0.0273	Val Accuracy: 9.6
Training Epoch: 37/200	Train Loss: 0.0029	Val Accuracy: 9.6
Training Epoch: 38/200	Train Loss: 0.0056	Val Accuracy: 9.4
Training Epoch: 39/200	Train Loss: 0.0038	Val Accuracy: 9.4
Training Epoch: 40/200	Train Loss: 0.002	Val Accuracy: 9.56
Training Epoch: 41/200	Train Loss: 0.0113	Val Accuracy: 9.56
Training Epoch: 42/200	Train Loss: 0.0179	Val Accuracy: 10.14
Training Epoch: 43/200	Train Loss: 0.0131	Val Accuracy: 10.14
Training Epoch: 44/200	Train Loss: 0.0036	Val Accuracy: 9.98
Training Epoch: 45/200	Train Loss: 0.0024	Val Accuracy: 9.98
Training Epoch: 46/200	Train Loss: 0.0015	Val Accuracy: 9.84
Training Epoch: 47/200	Train Loss: 0.0024	Val Accuracy: 9.84
Training Epoch: 48/200	Train Loss: 0.0715	Val Accuracy: 9.72
Training Epoch: 49/200	Train Loss: 0.0096	Val Accuracy: 9.72
Training Epoch: 50/200	Train Loss: 0.02	Val Accuracy: 9.7
Training Epoch: 51/200	Train Loss: 0.0029	Val Accuracy: 9.7
Training Epoch: 52/200	Train Loss: 0.0019	Val Accuracy: 10.14
Training Epoch: 53/200	Train Loss: 0.0035	Val Accuracy: 10.14
Training Epoch: 54/200	Train Loss: 0.0019	Val Accuracy: 9.66
Training Epoch: 55/200	Train Loss: 0.0022	Val Accuracy: 9.66
Training Epoch: 56/200	Train Loss: 0.0016	Val Accuracy: 9.52
Training Epoch: 57/200	Train Loss: 0.0134	Val Accuracy: 9.52
Training Epoch: 58/200	Train Loss: 0.0128	Val Accuracy: 9.9
Training Epoch: 59/200	Train Loss: 0.029	Val Accuracy: 9.9
Training Epoch: 60/200	Train Loss: 0.0121	Val Accuracy: 9.92
Training Epoch: 61/200	Train Loss: 0.0061	Val Accuracy: 9.92
Training Epoch: 62/200	Train Loss: 0.0026	Val Accuracy: 9.2
Training Epoch: 63/200	Train Loss: 0.0045	Val Accuracy: 9.2
Training Epoch: 64/200	Train Loss: 0.0283	Val Accuracy: 9.28
Training Epoch: 65/200	Train Loss: 0.0064	Val Accuracy: 9.28
Training Epoch: 66/200	Train Loss: 0.0918	Val Accuracy: 9.7
Training Epoch: 67/200	Train Loss: 0.1548	Val Accuracy: 9.7
Training Epoch: 68/200	Train Loss: 0.0154	Val Accuracy: 9.8
Training Epoch: 69/200	Train Loss: 0.0011	Val Accuracy: 9.8
Training Epoch: 70/200	Train Loss: 0.0037	Val Accuracy: 9.42
Training Epoch: 71/200	Train Loss: 0.0053	Val Accuracy: 9.42
Training Epoch: 72/200	Train Loss: 0.0102	Val Accuracy: 9.64
Training Epoch: 73/200	Train Loss: 0.0027	Val Accuracy: 9.64
Training Epoch: 74/200	Train Loss: 0.0008	Val Accuracy: 9.72
Training Epoch: 75/200	Train Loss: 0.003	Val Accuracy: 9.72
Training Epoch: 76/200	Train Loss: 0.0068	Val Accuracy: 9.9
Training Epoch: 77/200	Train Loss: 0.0008	Val Accuracy: 9.9
Training Epoch: 78/200	Train Loss: 0.0028	Val Accuracy: 9.88
Training Epoch: 79/200	Train Loss: 0.0004	Val Accuracy: 9.88
Training Epoch: 80/200	Train Loss: 0.0013	Val Accuracy: 10.06
Training Epoch: 81/200	Train Loss: 0.0011	Val Accuracy: 10.06
Training Epoch: 82/200	Train Loss: 0.0136	Val Accuracy: 10.0
Training Epoch: 83/200	Train Loss: 0.0005	Val Accuracy: 10.0
Training Epoch: 84/200	Train Loss: 0.0019	Val Accuracy: 10.08
Training Epoch: 85/200	Train Loss: 0.0006	Val Accuracy: 10.08
Training Epoch: 86/200	Train Loss: 0.0015	Val Accuracy: 9.84
Training Epoch: 87/200	Train Loss: 0.0055	Val Accuracy: 9.84
Training Epoch: 88/200	Train Loss: 0.0006	Val Accuracy: 9.58
Training Epoch: 89/200	Train Loss: 0.0093	Val Accuracy: 9.58
Training Epoch: 90/200	Train Loss: 0.0137	Val Accuracy: 10.0
Training Epoch: 91/200	Train Loss: 0.0231	Val Accuracy: 10.0
Training Epoch: 92/200	Train Loss: 0.0243	Val Accuracy: 9.94
Training Epoch: 93/200	Train Loss: 0.0014	Val Accuracy: 9.94
Training Epoch: 94/200	Train Loss: 0.0095	Val Accuracy: 9.68
Training Epoch: 95/200	Train Loss: 0.0011	Val Accuracy: 9.68
Training Epoch: 96/200	Train Loss: 0.0004	Val Accuracy: 9.7
Training Epoch: 97/200	Train Loss: 0.0018	Val Accuracy: 9.7
Training Epoch: 98/200	Train Loss: 0.0004	Val Accuracy: 9.84
Training Epoch: 99/200	Train Loss: 0.0049	Val Accuracy: 9.84
Training Epoch: 100/200	Train Loss: 0.0005	Val Accuracy: 9.74
Training Epoch: 101/200	Train Loss: 0.0003	Val Accuracy: 9.74
Training Epoch: 102/200	Train Loss: 0.0007	Val Accuracy: 9.74
Training Epoch: 103/200	Train Loss: 0.0007	Val Accuracy: 9.74
Training Epoch: 104/200	Train Loss: 0.0009	Val Accuracy: 10.02
Training Epoch: 105/200	Train Loss: 0.001	Val Accuracy: 10.02
Training Epoch: 106/200	Train Loss: 0.001	Val Accuracy: 9.54
Training Epoch: 107/200	Train Loss: 0.0005	Val Accuracy: 9.54
Training Epoch: 108/200	Train Loss: 0.0002	Val Accuracy: 9.72
Training Epoch: 109/200	Train Loss: 0.0004	Val Accuracy: 9.72
Training Epoch: 110/200	Train Loss: 0.0029	Val Accuracy: 10.1
Training Epoch: 111/200	Train Loss: 0.0008	Val Accuracy: 10.1
Training Epoch: 112/200	Train Loss: 0.0056	Val Accuracy: 10.0
Training Epoch: 113/200	Train Loss: 0.0007	Val Accuracy: 10.0
Training Epoch: 114/200	Train Loss: 0.0005	Val Accuracy: 9.86
Training Epoch: 115/200	Train Loss: 0.0025	Val Accuracy: 9.86
Training Epoch: 116/200	Train Loss: 0.0003	Val Accuracy: 9.7
Training Epoch: 117/200	Train Loss: 0.0015	Val Accuracy: 9.7
Training Epoch: 118/200	Train Loss: 0.0005	Val Accuracy: 9.94
Training Epoch: 119/200	Train Loss: 0.0159	Val Accuracy: 9.94
Training Epoch: 120/200	Train Loss: 0.0002	Val Accuracy: 9.76
Training Epoch: 121/200	Train Loss: 0.0012	Val Accuracy: 9.76
Training Epoch: 122/200	Train Loss: 0.0003	Val Accuracy: 9.9
Training Epoch: 123/200	Train Loss: 0.0303	Val Accuracy: 9.9
Training Epoch: 124/200	Train Loss: 0.0004	Val Accuracy: 9.98
Training Epoch: 125/200	Train Loss: 0.0004	Val Accuracy: 9.98
Training Epoch: 126/200	Train Loss: 0.0003	Val Accuracy: 9.9
Training Epoch: 127/200	Train Loss: 0.0002	Val Accuracy: 9.9
Training Epoch: 128/200	Train Loss: 0.0005	Val Accuracy: 9.58
Training Epoch: 129/200	Train Loss: 0.0007	Val Accuracy: 9.58
Training Epoch: 130/200	Train Loss: 0.0015	Val Accuracy: 9.84
Training Epoch: 131/200	Train Loss: 0.0009	Val Accuracy: 9.84
Training Epoch: 132/200	Train Loss: 0.002	Val Accuracy: 10.04
Training Epoch: 133/200	Train Loss: 0.0008	Val Accuracy: 10.04
Training Epoch: 134/200	Train Loss: 0.0004	Val Accuracy: 9.68
Training Epoch: 135/200	Train Loss: 0.0003	Val Accuracy: 9.68
Training Epoch: 136/200	Train Loss: 0.0004	Val Accuracy: 9.7
Training Epoch: 137/200	Train Loss: 0.0009	Val Accuracy: 9.7
Training Epoch: 138/200	Train Loss: 0.0012	Val Accuracy: 10.0
Training Epoch: 139/200	Train Loss: 0.0002	Val Accuracy: 10.0
Training Epoch: 140/200	Train Loss: 0.0003	Val Accuracy: 9.98
Training Epoch: 141/200	Train Loss: 0.0012	Val Accuracy: 9.98
Training Epoch: 142/200	Train Loss: 0.0006	Val Accuracy: 9.66
Training Epoch: 143/200	Train Loss: 0.0004	Val Accuracy: 9.66
Training Epoch: 144/200	Train Loss: 0.0002	Val Accuracy: 9.72
Training Epoch: 145/200	Train Loss: 0.002	Val Accuracy: 9.72
Training Epoch: 146/200	Train Loss: 0.0006	Val Accuracy: 9.58
Training Epoch: 147/200	Train Loss: 0.0001	Val Accuracy: 9.58
Training Epoch: 148/200	Train Loss: 0.0006	Val Accuracy: 9.96
Training Epoch: 149/200	Train Loss: 0.0002	Val Accuracy: 9.96
Training Epoch: 150/200	Train Loss: 0.0001	Val Accuracy: 9.96
Training Epoch: 151/200	Train Loss: 0.0004	Val Accuracy: 9.96
Training Epoch: 152/200	Train Loss: 0.0002	Val Accuracy: 9.48
Training Epoch: 153/200	Train Loss: 0.0006	Val Accuracy: 9.48
Training Epoch: 154/200	Train Loss: 0.0003	Val Accuracy: 9.8
Training Epoch: 155/200	Train Loss: 0.0002	Val Accuracy: 9.8
Training Epoch: 156/200	Train Loss: 0.0045	Val Accuracy: 9.78
Training Epoch: 157/200	Train Loss: 0.0005	Val Accuracy: 9.78
Training Epoch: 158/200	Train Loss: 0.0028	Val Accuracy: 9.42
Training Epoch: 159/200	Train Loss: 0.0011	Val Accuracy: 9.42
Training Epoch: 160/200	Train Loss: 0.0009	Val Accuracy: 10.12
Training Epoch: 161/200	Train Loss: 0.0006	Val Accuracy: 10.12
Training Epoch: 162/200	Train Loss: 0.0009	Val Accuracy: 9.76
Training Epoch: 163/200	Train Loss: 0.0009	Val Accuracy: 9.76
Training Epoch: 164/200	Train Loss: 0.0022	Val Accuracy: 9.8
Training Epoch: 165/200	Train Loss: 0.0013	Val Accuracy: 9.8
Training Epoch: 166/200	Train Loss: 0.0003	Val Accuracy: 9.74
Training Epoch: 167/200	Train Loss: 0.0002	Val Accuracy: 9.74
Training Epoch: 168/200	Train Loss: 0.0003	Val Accuracy: 9.74
Training Epoch: 169/200	Train Loss: 0.0003	Val Accuracy: 9.74
Training Epoch: 170/200	Train Loss: 0.0005	Val Accuracy: 9.68
Training Epoch: 171/200	Train Loss: 0.0008	Val Accuracy: 9.68
Training Epoch: 172/200	Train Loss: 0.0005	Val Accuracy: 9.9
Training Epoch: 173/200	Train Loss: 0.0006	Val Accuracy: 9.9
Training Epoch: 174/200	Train Loss: 0.0013	Val Accuracy: 10.02
Training Epoch: 175/200	Train Loss: 0.0019	Val Accuracy: 10.02
Training Epoch: 176/200	Train Loss: 0.0002	Val Accuracy: 9.9
Training Epoch: 177/200	Train Loss: 0.0028	Val Accuracy: 9.9
Training Epoch: 178/200	Train Loss: 0.0008	Val Accuracy: 9.74
Training Epoch: 179/200	Train Loss: 0.0011	Val Accuracy: 9.74
Training Epoch: 180/200	Train Loss: 0.0001	Val Accuracy: 9.96
Training Epoch: 181/200	Train Loss: 0.0005	Val Accuracy: 9.96
Training Epoch: 182/200	Train Loss: 0.0003	Val Accuracy: 10.0
Training Epoch: 183/200	Train Loss: 0.0005	Val Accuracy: 10.0
Training Epoch: 184/200	Train Loss: 0.0003	Val Accuracy: 9.5
Training Epoch: 185/200	Train Loss: 0.0012	Val Accuracy: 9.5
Training Epoch: 186/200	Train Loss: 0.0007	Val Accuracy: 9.8
Training Epoch: 187/200	Train Loss: 0.0002	Val Accuracy: 9.8
Training Epoch: 188/200	Train Loss: 0.0004	Val Accuracy: 9.74
Training Epoch: 189/200	Train Loss: 0.0002	Val Accuracy: 9.74
Training Epoch: 190/200	Train Loss: 0.0006	Val Accuracy: 9.98
Training Epoch: 191/200	Train Loss: 0.0008	Val Accuracy: 9.98
Training Epoch: 192/200	Train Loss: 0.0002	Val Accuracy: 9.76
Training Epoch: 193/200	Train Loss: 0.0005	Val Accuracy: 9.76
Training Epoch: 194/200	Train Loss: 0.0009	Val Accuracy: 9.84
Training Epoch: 195/200	Train Loss: 0.0002	Val Accuracy: 9.84
Training Epoch: 196/200	Train Loss: 0.0006	Val Accuracy: 9.88
Training Epoch: 197/200	Train Loss: 0.0002	Val Accuracy: 9.88
Training Epoch: 198/200	Train Loss: 0.0003	Val Accuracy: 9.9
Training Epoch: 199/200	Train Loss: 0.0006	Val Accuracy: 9.9
Training Epoch: 200/200	Train Loss: 0.0004	Val Accuracy: 9.9

Wrote Best Model Checkpoint to: vlBest_acc_10_model_epoch_0042.pyth

Best Validation Accuracy: 10.14
Best Epoch: 42

======== TESTING ========

Test Accuracy: 11.28.

======== ACTIVE SAMPLING ========

ProbCover adaptive delta: base=0.2500, effective=0.2125, scale=0.85, phase=post_label_shrink, labeled_count=1000
Coverage selection metadata: active=False (mode=adaptive_density_cover, variant=unknown, delta=0.2125, phase=adaptive_signal, bald_mean=0.0000, bald_max=0.0000, variance_mean=0.0000, variance_max=0.0000, dropout_iters=0, cover_anchors=0, diversity_lambda=0.00, selected_id_mean=0.0000, selected_signal_mean=0.7984, selected_radius_mean=0.1699, k_id=50, k_knn=50, alpha=1.00)
Active Sampling Complete. After Episode 19:
New Labeled Set: 1050, New Unlabeled Set: 43950, Active Set: 50

================================


Current accuracy values:  [4.170000000000002, 5.269999999999996, 5.6200000000000045, 6.689999999999998, 7.290000000000006, 7.579999999999998, 7.650000000000006, 7.969999999999999, 8.129999999999995, 8.420000000000002, 8.920000000000002, 9.370000000000005, 9.260000000000005, 10.019999999999996, 10.209999999999994, 10.299999999999997, 10.510000000000005, 10.849999999999994, 11.019999999999996, 11.280000000000001]
======== EPISODE 20 BEGINS ========

======== TRAINING ========
Training Epoch: 1/200	Train Loss: 0.0567	Val Accuracy: 0.0
Training Epoch: 2/200	Train Loss: 0.1434	Val Accuracy: 9.0
Training Epoch: 3/200	Train Loss: 0.0346	Val Accuracy: 9.0
Training Epoch: 4/200	Train Loss: 0.0074	Val Accuracy: 9.72
Training Epoch: 5/200	Train Loss: 0.1599	Val Accuracy: 9.72
Training Epoch: 6/200	Train Loss: 0.0211	Val Accuracy: 9.28
Training Epoch: 7/200	Train Loss: 0.0244	Val Accuracy: 9.28
Training Epoch: 8/200	Train Loss: 0.0061	Val Accuracy: 9.6
Training Epoch: 9/200	Train Loss: 0.0414	Val Accuracy: 9.6
Training Epoch: 10/200	Train Loss: 0.0229	Val Accuracy: 9.22
Training Epoch: 11/200	Train Loss: 0.003	Val Accuracy: 9.22
Training Epoch: 12/200	Train Loss: 0.0677	Val Accuracy: 9.84
Training Epoch: 13/200	Train Loss: 0.04	Val Accuracy: 9.84
Training Epoch: 14/200	Train Loss: 0.0046	Val Accuracy: 9.76
Training Epoch: 15/200	Train Loss: 0.0566	Val Accuracy: 9.76
Training Epoch: 16/200	Train Loss: 0.0494	Val Accuracy: 9.76
Training Epoch: 17/200	Train Loss: 0.0266	Val Accuracy: 9.76
Training Epoch: 18/200	Train Loss: 0.0093	Val Accuracy: 9.84
Training Epoch: 19/200	Train Loss: 0.0234	Val Accuracy: 9.84
Training Epoch: 20/200	Train Loss: 0.0193	Val Accuracy: 9.86
Training Epoch: 21/200	Train Loss: 0.0866	Val Accuracy: 9.86
Training Epoch: 22/200	Train Loss: 0.0565	Val Accuracy: 9.82
Training Epoch: 23/200	Train Loss: 0.0064	Val Accuracy: 9.82
Training Epoch: 24/200	Train Loss: 0.0372	Val Accuracy: 10.02
Training Epoch: 25/200	Train Loss: 0.0271	Val Accuracy: 10.02
Training Epoch: 26/200	Train Loss: 0.016	Val Accuracy: 9.78
Training Epoch: 27/200	Train Loss: 0.0262	Val Accuracy: 9.78
Training Epoch: 28/200	Train Loss: 0.0113	Val Accuracy: 9.9
Training Epoch: 29/200	Train Loss: 0.0057	Val Accuracy: 9.9
Training Epoch: 30/200	Train Loss: 0.0105	Val Accuracy: 9.66
Training Epoch: 31/200	Train Loss: 0.0259	Val Accuracy: 9.66
Training Epoch: 32/200	Train Loss: 0.0179	Val Accuracy: 9.58
Training Epoch: 33/200	Train Loss: 0.0326	Val Accuracy: 9.58
Training Epoch: 34/200	Train Loss: 0.0058	Val Accuracy: 10.26
Training Epoch: 35/200	Train Loss: 0.0111	Val Accuracy: 10.26
Training Epoch: 36/200	Train Loss: 0.0101	Val Accuracy: 10.34
Training Epoch: 37/200	Train Loss: 0.0501	Val Accuracy: 10.34
Training Epoch: 38/200	Train Loss: 0.0082	Val Accuracy: 9.96
Training Epoch: 39/200	Train Loss: 0.0568	Val Accuracy: 9.96
Training Epoch: 40/200	Train Loss: 0.0141	Val Accuracy: 9.68
Training Epoch: 41/200	Train Loss: 0.0547	Val Accuracy: 9.68
Training Epoch: 42/200	Train Loss: 0.0029	Val Accuracy: 9.58
Training Epoch: 43/200	Train Loss: 0.0069	Val Accuracy: 9.58
Training Epoch: 44/200	Train Loss: 0.0045	Val Accuracy: 9.88
Training Epoch: 45/200	Train Loss: 0.0049	Val Accuracy: 9.88
Training Epoch: 46/200	Train Loss: 0.0056	Val Accuracy: 9.96
Training Epoch: 47/200	Train Loss: 0.0061	Val Accuracy: 9.96
Training Epoch: 48/200	Train Loss: 0.0006	Val Accuracy: 9.78
Training Epoch: 49/200	Train Loss: 0.0234	Val Accuracy: 9.78
Training Epoch: 50/200	Train Loss: 0.0116	Val Accuracy: 10.4
Training Epoch: 51/200	Train Loss: 0.0221	Val Accuracy: 10.4
Training Epoch: 52/200	Train Loss: 0.0064	Val Accuracy: 9.88
Training Epoch: 53/200	Train Loss: 0.0341	Val Accuracy: 9.88
Training Epoch: 54/200	Train Loss: 0.0077	Val Accuracy: 10.36
Training Epoch: 55/200	Train Loss: 0.0018	Val Accuracy: 10.36
Training Epoch: 56/200	Train Loss: 0.0011	Val Accuracy: 10.08
Training Epoch: 57/200	Train Loss: 0.0084	Val Accuracy: 10.08
Training Epoch: 58/200	Train Loss: 0.0264	Val Accuracy: 9.8
Training Epoch: 59/200	Train Loss: 0.0648	Val Accuracy: 9.8
Training Epoch: 60/200	Train Loss: 0.0072	Val Accuracy: 9.76
Training Epoch: 61/200	Train Loss: 0.0755	Val Accuracy: 9.76
Training Epoch: 62/200	Train Loss: 0.0009	Val Accuracy: 10.14
Training Epoch: 63/200	Train Loss: 0.0045	Val Accuracy: 10.14
Training Epoch: 64/200	Train Loss: 0.0005	Val Accuracy: 10.1
Training Epoch: 65/200	Train Loss: 0.0041	Val Accuracy: 10.1
Training Epoch: 66/200	Train Loss: 0.0081	Val Accuracy: 10.12
Training Epoch: 67/200	Train Loss: 0.009	Val Accuracy: 10.12
Training Epoch: 68/200	Train Loss: 0.0074	Val Accuracy: 10.14
Training Epoch: 69/200	Train Loss: 0.0029	Val Accuracy: 10.14
Training Epoch: 70/200	Train Loss: 0.006	Val Accuracy: 10.32
Training Epoch: 71/200	Train Loss: 0.0013	Val Accuracy: 10.32
Training Epoch: 72/200	Train Loss: 0.0042	Val Accuracy: 9.58
Training Epoch: 73/200	Train Loss: 0.0045	Val Accuracy: 9.58
Training Epoch: 74/200	Train Loss: 0.0016	Val Accuracy: 10.26
Training Epoch: 75/200	Train Loss: 0.0038	Val Accuracy: 10.26
Training Epoch: 76/200	Train Loss: 0.003	Val Accuracy: 10.08
Training Epoch: 77/200	Train Loss: 0.0008	Val Accuracy: 10.08
Training Epoch: 78/200	Train Loss: 0.0025	Val Accuracy: 10.12
Training Epoch: 79/200	Train Loss: 0.0033	Val Accuracy: 10.12
Training Epoch: 80/200	Train Loss: 0.0023	Val Accuracy: 10.24
Training Epoch: 81/200	Train Loss: 0.0025	Val Accuracy: 10.24
Training Epoch: 82/200	Train Loss: 0.0012	Val Accuracy: 10.14
Training Epoch: 83/200	Train Loss: 0.0005	Val Accuracy: 10.14
Training Epoch: 84/200	Train Loss: 0.0353	Val Accuracy: 10.3
Training Epoch: 85/200	Train Loss: 0.0031	Val Accuracy: 10.3
Training Epoch: 86/200	Train Loss: 0.0017	Val Accuracy: 9.98
Training Epoch: 87/200	Train Loss: 0.0009	Val Accuracy: 9.98
Training Epoch: 88/200	Train Loss: 0.0156	Val Accuracy: 10.08
Training Epoch: 89/200	Train Loss: 0.0009	Val Accuracy: 10.08
Training Epoch: 90/200	Train Loss: 0.0043	Val Accuracy: 10.28
Training Epoch: 91/200	Train Loss: 0.0271	Val Accuracy: 10.28
Training Epoch: 92/200	Train Loss: 0.0067	Val Accuracy: 10.48
Training Epoch: 93/200	Train Loss: 0.0063	Val Accuracy: 10.48
Training Epoch: 94/200	Train Loss: 0.0017	Val Accuracy: 10.18
Training Epoch: 95/200	Train Loss: 0.0028	Val Accuracy: 10.18
Training Epoch: 96/200	Train Loss: 0.001	Val Accuracy: 10.1
Training Epoch: 97/200	Train Loss: 0.0003	Val Accuracy: 10.1
Training Epoch: 98/200	Train Loss: 0.0008	Val Accuracy: 9.84
Training Epoch: 99/200	Train Loss: 0.0011	Val Accuracy: 9.84
Training Epoch: 100/200	Train Loss: 0.0015	Val Accuracy: 9.94
Training Epoch: 101/200	Train Loss: 0.0005	Val Accuracy: 9.94
Training Epoch: 102/200	Train Loss: 0.0024	Val Accuracy: 9.92
Training Epoch: 103/200	Train Loss: 0.0006	Val Accuracy: 9.92
Training Epoch: 104/200	Train Loss: 0.0004	Val Accuracy: 9.82
Training Epoch: 105/200	Train Loss: 0.0024	Val Accuracy: 9.82
Training Epoch: 106/200	Train Loss: 0.0007	Val Accuracy: 10.08
Training Epoch: 107/200	Train Loss: 0.0007	Val Accuracy: 10.08
Training Epoch: 108/200	Train Loss: 0.0004	Val Accuracy: 10.32
Training Epoch: 109/200	Train Loss: 0.0003	Val Accuracy: 10.32
Training Epoch: 110/200	Train Loss: 0.0005	Val Accuracy: 10.18
Training Epoch: 111/200	Train Loss: 0.0007	Val Accuracy: 10.18
Training Epoch: 112/200	Train Loss: 0.0004	Val Accuracy: 10.36
Training Epoch: 113/200	Train Loss: 0.0005	Val Accuracy: 10.36
Training Epoch: 114/200	Train Loss: 0.0002	Val Accuracy: 10.16
Training Epoch: 115/200	Train Loss: 0.0006	Val Accuracy: 10.16
Training Epoch: 116/200	Train Loss: 0.0012	Val Accuracy: 9.9
Training Epoch: 117/200	Train Loss: 0.0005	Val Accuracy: 9.9
Training Epoch: 118/200	Train Loss: 0.0022	Val Accuracy: 10.26
Training Epoch: 119/200	Train Loss: 0.0002	Val Accuracy: 10.26
Training Epoch: 120/200	Train Loss: 0.0012	Val Accuracy: 9.94
Training Epoch: 121/200	Train Loss: 0.0016	Val Accuracy: 9.94
Training Epoch: 122/200	Train Loss: 0.0004	Val Accuracy: 9.86
Training Epoch: 123/200	Train Loss: 0.0007	Val Accuracy: 9.86
Training Epoch: 124/200	Train Loss: 0.0002	Val Accuracy: 10.06
Training Epoch: 125/200	Train Loss: 0.0002	Val Accuracy: 10.06
Training Epoch: 126/200	Train Loss: 0.0024	Val Accuracy: 10.12
Training Epoch: 127/200	Train Loss: 0.0012	Val Accuracy: 10.12
Training Epoch: 128/200	Train Loss: 0.0014	Val Accuracy: 9.82
Training Epoch: 129/200	Train Loss: 0.002	Val Accuracy: 9.82
Training Epoch: 130/200	Train Loss: 0.0006	Val Accuracy: 10.06
Training Epoch: 131/200	Train Loss: 0.0003	Val Accuracy: 10.06
Training Epoch: 132/200	Train Loss: 0.0058	Val Accuracy: 10.32
Training Epoch: 133/200	Train Loss: 0.0002	Val Accuracy: 10.32
Training Epoch: 134/200	Train Loss: 0.0033	Val Accuracy: 10.5
Training Epoch: 135/200	Train Loss: 0.0004	Val Accuracy: 10.5
Training Epoch: 136/200	Train Loss: 0.0078	Val Accuracy: 10.08
Training Epoch: 137/200	Train Loss: 0.0002	Val Accuracy: 10.08
Training Epoch: 138/200	Train Loss: 0.0008	Val Accuracy: 10.02
Training Epoch: 139/200	Train Loss: 0.0003	Val Accuracy: 10.02
Training Epoch: 140/200	Train Loss: 0.0008	Val Accuracy: 10.14
Training Epoch: 141/200	Train Loss: 0.0004	Val Accuracy: 10.14
Training Epoch: 142/200	Train Loss: 0.0006	Val Accuracy: 9.68
Training Epoch: 143/200	Train Loss: 0.0002	Val Accuracy: 9.68
Training Epoch: 144/200	Train Loss: 0.0003	Val Accuracy: 10.02
Training Epoch: 145/200	Train Loss: 0.0004	Val Accuracy: 10.02
Training Epoch: 146/200	Train Loss: 0.0004	Val Accuracy: 10.0
Training Epoch: 147/200	Train Loss: 0.0007	Val Accuracy: 10.0
Training Epoch: 148/200	Train Loss: 0.0004	Val Accuracy: 10.06
Training Epoch: 149/200	Train Loss: 0.0002	Val Accuracy: 10.06
Training Epoch: 150/200	Train Loss: 0.0006	Val Accuracy: 10.3
Training Epoch: 151/200	Train Loss: 0.0013	Val Accuracy: 10.3
Training Epoch: 152/200	Train Loss: 0.0004	Val Accuracy: 10.46
Training Epoch: 153/200	Train Loss: 0.0002	Val Accuracy: 10.46
Training Epoch: 154/200	Train Loss: 0.0007	Val Accuracy: 10.3
Training Epoch: 155/200	Train Loss: 0.0003	Val Accuracy: 10.3
Training Epoch: 156/200	Train Loss: 0.0002	Val Accuracy: 10.28
Training Epoch: 157/200	Train Loss: 0.001	Val Accuracy: 10.28
Training Epoch: 158/200	Train Loss: 0.0008	Val Accuracy: 10.34
Training Epoch: 159/200	Train Loss: 0.0001	Val Accuracy: 10.34
Training Epoch: 160/200	Train Loss: 0.0013	Val Accuracy: 10.28
Training Epoch: 161/200	Train Loss: 0.0002	Val Accuracy: 10.28
Training Epoch: 162/200	Train Loss: 0.0002	Val Accuracy: 10.46
Training Epoch: 163/200	Train Loss: 0.0005	Val Accuracy: 10.46
Training Epoch: 164/200	Train Loss: 0.0005	Val Accuracy: 9.88
Training Epoch: 165/200	Train Loss: 0.0003	Val Accuracy: 9.88
Training Epoch: 166/200	Train Loss: 0.0003	Val Accuracy: 10.56
Training Epoch: 167/200	Train Loss: 0.0018	Val Accuracy: 10.56
Training Epoch: 168/200	Train Loss: 0.0007	Val Accuracy: 10.46
Training Epoch: 169/200	Train Loss: 0.0003	Val Accuracy: 10.46
Training Epoch: 170/200	Train Loss: 0.0004	Val Accuracy: 10.38
Training Epoch: 171/200	Train Loss: 0.0002	Val Accuracy: 10.38
Training Epoch: 172/200	Train Loss: 0.0004	Val Accuracy: 9.88
Training Epoch: 173/200	Train Loss: 0.0003	Val Accuracy: 9.88
Training Epoch: 174/200	Train Loss: 0.0002	Val Accuracy: 10.08
Training Epoch: 175/200	Train Loss: 0.0002	Val Accuracy: 10.08
Training Epoch: 176/200	Train Loss: 0.0047	Val Accuracy: 10.18
Training Epoch: 177/200	Train Loss: 0.0004	Val Accuracy: 10.18
Training Epoch: 178/200	Train Loss: 0.0002	Val Accuracy: 10.22
Training Epoch: 179/200	Train Loss: 0.0002	Val Accuracy: 10.22
Training Epoch: 180/200	Train Loss: 0.0002	Val Accuracy: 10.14
Training Epoch: 181/200	Train Loss: 0.0045	Val Accuracy: 10.14
Training Epoch: 182/200	Train Loss: 0.0003	Val Accuracy: 10.42
Training Epoch: 183/200	Train Loss: 0.0001	Val Accuracy: 10.42
Training Epoch: 184/200	Train Loss: 0.0002	Val Accuracy: 10.0
Training Epoch: 185/200	Train Loss: 0.0003	Val Accuracy: 10.0
Training Epoch: 186/200	Train Loss: 0.0004	Val Accuracy: 9.94
Training Epoch: 187/200	Train Loss: 0.0004	Val Accuracy: 9.94
Training Epoch: 188/200	Train Loss: 0.0003	Val Accuracy: 10.24
Training Epoch: 189/200	Train Loss: 0.0002	Val Accuracy: 10.24
Training Epoch: 190/200	Train Loss: 0.0002	Val Accuracy: 10.24
Training Epoch: 191/200	Train Loss: 0.0025	Val Accuracy: 10.24
Training Epoch: 192/200	Train Loss: 0.0005	Val Accuracy: 10.2
Training Epoch: 193/200	Train Loss: 0.0006	Val Accuracy: 10.2
Training Epoch: 194/200	Train Loss: 0.0003	Val Accuracy: 10.36
Training Epoch: 195/200	Train Loss: 0.0002	Val Accuracy: 10.36
Training Epoch: 196/200	Train Loss: 0.0001	Val Accuracy: 10.04
Training Epoch: 197/200	Train Loss: 0.0003	Val Accuracy: 10.04
Training Epoch: 198/200	Train Loss: 0.0005	Val Accuracy: 10.48
Training Epoch: 199/200	Train Loss: 0.0012	Val Accuracy: 10.48
Training Epoch: 200/200	Train Loss: 0.0002	Val Accuracy: 10.38

Wrote Best Model Checkpoint to: vlBest_acc_10_model_epoch_0166.pyth

Best Validation Accuracy: 10.56
Best Epoch: 166

======== TESTING ========

Test Accuracy: 11.47.

======== ACTIVE SAMPLING ========

ProbCover adaptive delta: base=0.2500, effective=0.2125, scale=0.85, phase=post_label_shrink, labeled_count=1050
Coverage selection metadata: active=False (mode=adaptive_density_cover, variant=unknown, delta=0.2125, phase=adaptive_signal, bald_mean=0.0000, bald_max=0.0000, variance_mean=0.0000, variance_max=0.0000, dropout_iters=0, cover_anchors=0, diversity_lambda=0.00, selected_id_mean=0.0000, selected_signal_mean=0.7967, selected_radius_mean=0.1703, k_id=50, k_knn=50, alpha=1.00)
Active Sampling Complete. After Episode 20:
New Labeled Set: 1100, New Unlabeled Set: 43900, Active Set: 50

================================


Current accuracy values:  [4.170000000000002, 5.269999999999996, 5.6200000000000045, 6.689999999999998, 7.290000000000006, 7.579999999999998, 7.650000000000006, 7.969999999999999, 8.129999999999995, 8.420000000000002, 8.920000000000002, 9.370000000000005, 9.260000000000005, 10.019999999999996, 10.209999999999994, 10.299999999999997, 10.510000000000005, 10.849999999999994, 11.019999999999996, 11.280000000000001, 11.469999999999999]
======== EPISODE 21 BEGINS ========

======== TRAINING ========
Training Epoch: 1/200	Train Loss: 0.0059	Val Accuracy: 0.0
Training Epoch: 2/200	Train Loss: 0.0058	Val Accuracy: 10.28
Training Epoch: 3/200	Train Loss: 0.0605	Val Accuracy: 10.28
Training Epoch: 4/200	Train Loss: 0.119	Val Accuracy: 9.6
Training Epoch: 5/200	Train Loss: 0.0939	Val Accuracy: 9.6
Training Epoch: 6/200	Train Loss: 0.0352	Val Accuracy: 9.24
Training Epoch: 7/200	Train Loss: 0.1118	Val Accuracy: 9.24
Training Epoch: 8/200	Train Loss: 0.1926	Val Accuracy: 9.68
Training Epoch: 9/200	Train Loss: 0.0711	Val Accuracy: 9.68
Training Epoch: 10/200	Train Loss: 0.0981	Val Accuracy: 9.76
Training Epoch: 11/200	Train Loss: 0.0469	Val Accuracy: 9.76
Training Epoch: 12/200	Train Loss: 0.026	Val Accuracy: 9.76
Training Epoch: 13/200	Train Loss: 0.0556	Val Accuracy: 9.76
Training Epoch: 14/200	Train Loss: 0.0478	Val Accuracy: 9.7
Training Epoch: 15/200	Train Loss: 0.0147	Val Accuracy: 9.7
Training Epoch: 16/200	Train Loss: 0.0181	Val Accuracy: 10.06
Training Epoch: 17/200	Train Loss: 0.0709	Val Accuracy: 10.06
Training Epoch: 18/200	Train Loss: 0.0416	Val Accuracy: 10.02
Training Epoch: 19/200	Train Loss: 0.1469	Val Accuracy: 10.02
Training Epoch: 20/200	Train Loss: 0.0451	Val Accuracy: 9.9
Training Epoch: 21/200	Train Loss: 0.0102	Val Accuracy: 9.9
Training Epoch: 22/200	Train Loss: 0.0746	Val Accuracy: 10.08
Training Epoch: 23/200	Train Loss: 0.0085	Val Accuracy: 10.08
Training Epoch: 24/200	Train Loss: 0.0096	Val Accuracy: 10.12
Training Epoch: 25/200	Train Loss: 0.0693	Val Accuracy: 10.12
Training Epoch: 26/200	Train Loss: 0.0696	Val Accuracy: 10.32
Training Epoch: 27/200	Train Loss: 0.003	Val Accuracy: 10.32
Training Epoch: 28/200	Train Loss: 0.0169	Val Accuracy: 9.98
Training Epoch: 29/200	Train Loss: 0.0231	Val Accuracy: 9.98
Training Epoch: 30/200	Train Loss: 0.002	Val Accuracy: 9.6
Training Epoch: 31/200	Train Loss: 0.0062	Val Accuracy: 9.6
Training Epoch: 32/200	Train Loss: 0.0065	Val Accuracy: 9.7
Training Epoch: 33/200	Train Loss: 0.127	Val Accuracy: 9.7
Training Epoch: 34/200	Train Loss: 0.0107	Val Accuracy: 10.18
Training Epoch: 35/200	Train Loss: 0.0022	Val Accuracy: 10.18
Training Epoch: 36/200	Train Loss: 0.0006	Val Accuracy: 9.72
Training Epoch: 37/200	Train Loss: 0.0334	Val Accuracy: 9.72
Training Epoch: 38/200	Train Loss: 0.0025	Val Accuracy: 10.46
Training Epoch: 39/200	Train Loss: 0.0102	Val Accuracy: 10.46
Training Epoch: 40/200	Train Loss: 0.0026	Val Accuracy: 10.54
Training Epoch: 41/200	Train Loss: 0.0013	Val Accuracy: 10.54
Training Epoch: 42/200	Train Loss: 0.001	Val Accuracy: 10.34
Training Epoch: 43/200	Train Loss: 0.0026	Val Accuracy: 10.34
Training Epoch: 44/200	Train Loss: 0.0157	Val Accuracy: 9.92
Training Epoch: 45/200	Train Loss: 0.0508	Val Accuracy: 9.92
Training Epoch: 46/200	Train Loss: 0.0081	Val Accuracy: 9.78
Training Epoch: 47/200	Train Loss: 0.0073	Val Accuracy: 9.78
Training Epoch: 48/200	Train Loss: 0.0271	Val Accuracy: 10.4
Training Epoch: 49/200	Train Loss: 0.0634	Val Accuracy: 10.4
Training Epoch: 50/200	Train Loss: 0.0101	Val Accuracy: 10.04
Training Epoch: 51/200	Train Loss: 0.0073	Val Accuracy: 10.04
Training Epoch: 52/200	Train Loss: 0.0012	Val Accuracy: 10.5
Training Epoch: 53/200	Train Loss: 0.0191	Val Accuracy: 10.5
Training Epoch: 54/200	Train Loss: 0.001	Val Accuracy: 10.62
Training Epoch: 55/200	Train Loss: 0.0023	Val Accuracy: 10.62
Training Epoch: 56/200	Train Loss: 0.0053	Val Accuracy: 10.34
Training Epoch: 57/200	Train Loss: 0.0279	Val Accuracy: 10.34
Training Epoch: 58/200	Train Loss: 0.0005	Val Accuracy: 10.08
Training Epoch: 59/200	Train Loss: 0.0013	Val Accuracy: 10.08
Training Epoch: 60/200	Train Loss: 0.0058	Val Accuracy: 10.28
Training Epoch: 61/200	Train Loss: 0.0005	Val Accuracy: 10.28
Training Epoch: 62/200	Train Loss: 0.0128	Val Accuracy: 10.5
Training Epoch: 63/200	Train Loss: 0.0041	Val Accuracy: 10.5
Training Epoch: 64/200	Train Loss: 0.0152	Val Accuracy: 9.58
Training Epoch: 65/200	Train Loss: 0.0064	Val Accuracy: 9.58
Training Epoch: 66/200	Train Loss: 0.0579	Val Accuracy: 10.24
Training Epoch: 67/200	Train Loss: 0.0116	Val Accuracy: 10.24
Training Epoch: 68/200	Train Loss: 0.0218	Val Accuracy: 10.4
Training Epoch: 69/200	Train Loss: 0.0292	Val Accuracy: 10.4
Training Epoch: 70/200	Train Loss: 0.0022	Val Accuracy: 10.06
Training Epoch: 71/200	Train Loss: 0.0702	Val Accuracy: 10.06
Training Epoch: 72/200	Train Loss: 0.005	Val Accuracy: 10.5
Training Epoch: 73/200	Train Loss: 0.0038	Val Accuracy: 10.5
Training Epoch: 74/200	Train Loss: 0.0031	Val Accuracy: 10.38
Training Epoch: 75/200	Train Loss: 0.0034	Val Accuracy: 10.38
Training Epoch: 76/200	Train Loss: 0.0503	Val Accuracy: 10.48
Training Epoch: 77/200	Train Loss: 0.0086	Val Accuracy: 10.48
Training Epoch: 78/200	Train Loss: 0.0014	Val Accuracy: 10.18
Training Epoch: 79/200	Train Loss: 0.0185	Val Accuracy: 10.18
Training Epoch: 80/200	Train Loss: 0.0281	Val Accuracy: 10.64
Training Epoch: 81/200	Train Loss: 0.0011	Val Accuracy: 10.64
Training Epoch: 82/200	Train Loss: 0.0064	Val Accuracy: 10.58
Training Epoch: 83/200	Train Loss: 0.001	Val Accuracy: 10.58
Training Epoch: 84/200	Train Loss: 0.0121	Val Accuracy: 10.7
Training Epoch: 85/200	Train Loss: 0.0005	Val Accuracy: 10.7
Training Epoch: 86/200	Train Loss: 0.0005	Val Accuracy: 11.1
Training Epoch: 87/200	Train Loss: 0.0011	Val Accuracy: 11.1
Training Epoch: 88/200	Train Loss: 0.0003	Val Accuracy: 10.8
Training Epoch: 89/200	Train Loss: 0.0011	Val Accuracy: 10.8
Training Epoch: 90/200	Train Loss: 0.0013	Val Accuracy: 10.72
Training Epoch: 91/200	Train Loss: 0.001	Val Accuracy: 10.72
Training Epoch: 92/200	Train Loss: 0.0059	Val Accuracy: 10.72
Training Epoch: 93/200	Train Loss: 0.0012	Val Accuracy: 10.72
Training Epoch: 94/200	Train Loss: 0.0011	Val Accuracy: 10.56
Training Epoch: 95/200	Train Loss: 0.0006	Val Accuracy: 10.56
Training Epoch: 96/200	Train Loss: 0.0003	Val Accuracy: 10.88
Training Epoch: 97/200	Train Loss: 0.0005	Val Accuracy: 10.88
Training Epoch: 98/200	Train Loss: 0.0013	Val Accuracy: 10.62
Training Epoch: 99/200	Train Loss: 0.0029	Val Accuracy: 10.62
Training Epoch: 100/200	Train Loss: 0.0009	Val Accuracy: 10.9
Training Epoch: 101/200	Train Loss: 0.0004	Val Accuracy: 10.9
Training Epoch: 102/200	Train Loss: 0.0006	Val Accuracy: 10.6
Training Epoch: 103/200	Train Loss: 0.0003	Val Accuracy: 10.6
Training Epoch: 104/200	Train Loss: 0.0003	Val Accuracy: 10.3
Training Epoch: 105/200	Train Loss: 0.0002	Val Accuracy: 10.3
Training Epoch: 106/200	Train Loss: 0.0006	Val Accuracy: 10.76
Training Epoch: 107/200	Train Loss: 0.0024	Val Accuracy: 10.76
Training Epoch: 108/200	Train Loss: 0.0069	Val Accuracy: 10.96
Training Epoch: 109/200	Train Loss: 0.0012	Val Accuracy: 10.96
Training Epoch: 110/200	Train Loss: 0.0002	Val Accuracy: 10.9
Training Epoch: 111/200	Train Loss: 0.0005	Val Accuracy: 10.9
Training Epoch: 112/200	Train Loss: 0.0004	Val Accuracy: 10.58
Training Epoch: 113/200	Train Loss: 0.0003	Val Accuracy: 10.58
Training Epoch: 114/200	Train Loss: 0.0006	Val Accuracy: 10.36
Training Epoch: 115/200	Train Loss: 0.0002	Val Accuracy: 10.36
Training Epoch: 116/200	Train Loss: 0.0013	Val Accuracy: 10.52
Training Epoch: 117/200	Train Loss: 0.0005	Val Accuracy: 10.52
Training Epoch: 118/200	Train Loss: 0.0008	Val Accuracy: 10.76
Training Epoch: 119/200	Train Loss: 0.0007	Val Accuracy: 10.76
Training Epoch: 120/200	Train Loss: 0.0004	Val Accuracy: 10.44
Training Epoch: 121/200	Train Loss: 0.0003	Val Accuracy: 10.44
Training Epoch: 122/200	Train Loss: 0.0003	Val Accuracy: 10.84
Training Epoch: 123/200	Train Loss: 0.0005	Val Accuracy: 10.84
Training Epoch: 124/200	Train Loss: 0.0002	Val Accuracy: 10.78
Training Epoch: 125/200	Train Loss: 0.0003	Val Accuracy: 10.78
Training Epoch: 126/200	Train Loss: 0.0003	Val Accuracy: 10.58
Training Epoch: 127/200	Train Loss: 0.0003	Val Accuracy: 10.58
Training Epoch: 128/200	Train Loss: 0.0012	Val Accuracy: 10.68
Training Epoch: 129/200	Train Loss: 0.0035	Val Accuracy: 10.68
Training Epoch: 130/200	Train Loss: 0.0005	Val Accuracy: 10.86
Training Epoch: 131/200	Train Loss: 0.0007	Val Accuracy: 10.86
Training Epoch: 132/200	Train Loss: 0.0002	Val Accuracy: 10.6
Training Epoch: 133/200	Train Loss: 0.0005	Val Accuracy: 10.6
Training Epoch: 134/200	Train Loss: 0.0002	Val Accuracy: 10.48
Training Epoch: 135/200	Train Loss: 0.0003	Val Accuracy: 10.48
Training Epoch: 136/200	Train Loss: 0.0006	Val Accuracy: 10.66
Training Epoch: 137/200	Train Loss: 0.0016	Val Accuracy: 10.66
Training Epoch: 138/200	Train Loss: 0.001	Val Accuracy: 10.64
Training Epoch: 139/200	Train Loss: 0.0003	Val Accuracy: 10.64
Training Epoch: 140/200	Train Loss: 0.0003	Val Accuracy: 10.92
Training Epoch: 141/200	Train Loss: 0.0005	Val Accuracy: 10.92
Training Epoch: 142/200	Train Loss: 0.0004	Val Accuracy: 10.84
Training Epoch: 143/200	Train Loss: 0.0005	Val Accuracy: 10.84
Training Epoch: 144/200	Train Loss: 0.0001	Val Accuracy: 10.94
Training Epoch: 145/200	Train Loss: 0.0003	Val Accuracy: 10.94
Training Epoch: 146/200	Train Loss: 0.0005	Val Accuracy: 10.58
Training Epoch: 147/200	Train Loss: 0.0002	Val Accuracy: 10.58
Training Epoch: 148/200	Train Loss: 0.0003	Val Accuracy: 10.86
Training Epoch: 149/200	Train Loss: 0.0003	Val Accuracy: 10.86
Training Epoch: 150/200	Train Loss: 0.001	Val Accuracy: 11.1
Training Epoch: 151/200	Train Loss: 0.0004	Val Accuracy: 11.1
Training Epoch: 152/200	Train Loss: 0.0004	Val Accuracy: 10.6
Training Epoch: 153/200	Train Loss: 0.0007	Val Accuracy: 10.6
Training Epoch: 154/200	Train Loss: 0.0002	Val Accuracy: 10.4
Training Epoch: 155/200	Train Loss: 0.0003	Val Accuracy: 10.4
Training Epoch: 156/200	Train Loss: 0.0001	Val Accuracy: 10.68
Training Epoch: 157/200	Train Loss: 0.0003	Val Accuracy: 10.68
Training Epoch: 158/200	Train Loss: 0.0003	Val Accuracy: 10.6
Training Epoch: 159/200	Train Loss: 0.0013	Val Accuracy: 10.6
Training Epoch: 160/200	Train Loss: 0.0003	Val Accuracy: 10.86
Training Epoch: 161/200	Train Loss: 0.0015	Val Accuracy: 10.86
Training Epoch: 162/200	Train Loss: 0.0005	Val Accuracy: 10.68
Training Epoch: 163/200	Train Loss: 0.0004	Val Accuracy: 10.68
Training Epoch: 164/200	Train Loss: 0.0005	Val Accuracy: 10.9
Training Epoch: 165/200	Train Loss: 0.0011	Val Accuracy: 10.9
Training Epoch: 166/200	Train Loss: 0.0006	Val Accuracy: 11.28
Training Epoch: 167/200	Train Loss: 0.0006	Val Accuracy: 11.28
Training Epoch: 168/200	Train Loss: 0.0001	Val Accuracy: 10.84
Training Epoch: 169/200	Train Loss: 0.0005	Val Accuracy: 10.84
Training Epoch: 170/200	Train Loss: 0.0002	Val Accuracy: 10.76
Training Epoch: 171/200	Train Loss: 0.0002	Val Accuracy: 10.76
Training Epoch: 172/200	Train Loss: 0.0003	Val Accuracy: 10.72
Training Epoch: 173/200	Train Loss: 0.013	Val Accuracy: 10.72
Training Epoch: 174/200	Train Loss: 0.0004	Val Accuracy: 10.84
Training Epoch: 175/200	Train Loss: 0.0005	Val Accuracy: 10.84
Training Epoch: 176/200	Train Loss: 0.0009	Val Accuracy: 10.48
Training Epoch: 177/200	Train Loss: 0.001	Val Accuracy: 10.48
Training Epoch: 178/200	Train Loss: 0.0004	Val Accuracy: 10.6
Training Epoch: 179/200	Train Loss: 0.0006	Val Accuracy: 10.6
Training Epoch: 180/200	Train Loss: 0.0003	Val Accuracy: 11.02
Training Epoch: 181/200	Train Loss: 0.0003	Val Accuracy: 11.02
Training Epoch: 182/200	Train Loss: 0.0029	Val Accuracy: 10.46
Training Epoch: 183/200	Train Loss: 0.0002	Val Accuracy: 10.46
Training Epoch: 184/200	Train Loss: 0.0001	Val Accuracy: 10.46
Training Epoch: 185/200	Train Loss: 0.0004	Val Accuracy: 10.46
Training Epoch: 186/200	Train Loss: 0.0003	Val Accuracy: 10.74
Training Epoch: 187/200	Train Loss: 0.0004	Val Accuracy: 10.74
Training Epoch: 188/200	Train Loss: 0.0008	Val Accuracy: 10.88
Training Epoch: 189/200	Train Loss: 0.0005	Val Accuracy: 10.88
Training Epoch: 190/200	Train Loss: 0.0003	Val Accuracy: 10.52
Training Epoch: 191/200	Train Loss: 0.0005	Val Accuracy: 10.52
Training Epoch: 192/200	Train Loss: 0.0137	Val Accuracy: 10.78
Training Epoch: 193/200	Train Loss: 0.0004	Val Accuracy: 10.78
Training Epoch: 194/200	Train Loss: 0.0003	Val Accuracy: 10.68
Training Epoch: 195/200	Train Loss: 0.0004	Val Accuracy: 10.68
Training Epoch: 196/200	Train Loss: 0.0006	Val Accuracy: 10.82
Training Epoch: 197/200	Train Loss: 0.0003	Val Accuracy: 10.82
Training Epoch: 198/200	Train Loss: 0.0011	Val Accuracy: 10.86
Training Epoch: 199/200	Train Loss: 0.0004	Val Accuracy: 10.86
Training Epoch: 200/200	Train Loss: 0.0004	Val Accuracy: 10.44

Wrote Best Model Checkpoint to: vlBest_acc_11_model_epoch_0166.pyth

Best Validation Accuracy: 11.28
Best Epoch: 166

======== TESTING ========

Test Accuracy: 11.64.

======== ACTIVE SAMPLING ========

ProbCover adaptive delta: base=0.2500, effective=0.2125, scale=0.85, phase=post_label_shrink, labeled_count=1100
Coverage selection metadata: active=False (mode=adaptive_density_cover, variant=unknown, delta=0.2125, phase=adaptive_signal, bald_mean=0.0000, bald_max=0.0000, variance_mean=0.0000, variance_max=0.0000, dropout_iters=0, cover_anchors=0, diversity_lambda=0.00, selected_id_mean=0.0000, selected_signal_mean=0.7947, selected_radius_mean=0.1707, k_id=50, k_knn=50, alpha=1.00)
Active Sampling Complete. After Episode 21:
New Labeled Set: 1150, New Unlabeled Set: 43850, Active Set: 50

================================


Current accuracy values:  [4.170000000000002, 5.269999999999996, 5.6200000000000045, 6.689999999999998, 7.290000000000006, 7.579999999999998, 7.650000000000006, 7.969999999999999, 8.129999999999995, 8.420000000000002, 8.920000000000002, 9.370000000000005, 9.260000000000005, 10.019999999999996, 10.209999999999994, 10.299999999999997, 10.510000000000005, 10.849999999999994, 11.019999999999996, 11.280000000000001, 11.469999999999999, 11.64]
======== EPISODE 22 BEGINS ========

======== TRAINING ========
Training Epoch: 1/200	Train Loss: 0.0044	Val Accuracy: 0.0
Training Epoch: 2/200	Train Loss: 0.0293	Val Accuracy: 9.96
Training Epoch: 3/200	Train Loss: 0.0844	Val Accuracy: 9.96
Training Epoch: 4/200	Train Loss: 0.0568	Val Accuracy: 9.46
Training Epoch: 5/200	Train Loss: 0.279	Val Accuracy: 9.46
Training Epoch: 6/200	Train Loss: 0.0165	Val Accuracy: 9.86
Training Epoch: 7/200	Train Loss: 0.0248	Val Accuracy: 9.86
Training Epoch: 8/200	Train Loss: 0.0308	Val Accuracy: 10.3
Training Epoch: 9/200	Train Loss: 0.053	Val Accuracy: 10.3
Training Epoch: 10/200	Train Loss: 0.032	Val Accuracy: 10.4
Training Epoch: 11/200	Train Loss: 0.018	Val Accuracy: 10.4
Training Epoch: 12/200	Train Loss: 0.0206	Val Accuracy: 9.84
Training Epoch: 13/200	Train Loss: 0.004	Val Accuracy: 9.84
Training Epoch: 14/200	Train Loss: 0.0229	Val Accuracy: 10.62
Training Epoch: 15/200	Train Loss: 0.0865	Val Accuracy: 10.62
Training Epoch: 16/200	Train Loss: 0.0234	Val Accuracy: 10.5
Training Epoch: 17/200	Train Loss: 0.0745	Val Accuracy: 10.5
Training Epoch: 18/200	Train Loss: 0.0784	Val Accuracy: 10.06
Training Epoch: 19/200	Train Loss: 0.0741	Val Accuracy: 10.06
Training Epoch: 20/200	Train Loss: 0.0146	Val Accuracy: 10.42
Training Epoch: 21/200	Train Loss: 0.0052	Val Accuracy: 10.42
Training Epoch: 22/200	Train Loss: 0.0087	Val Accuracy: 10.72
Training Epoch: 23/200	Train Loss: 0.0151	Val Accuracy: 10.72
Training Epoch: 24/200	Train Loss: 0.0073	Val Accuracy: 10.5
Training Epoch: 25/200	Train Loss: 0.0297	Val Accuracy: 10.5
Training Epoch: 26/200	Train Loss: 0.0165	Val Accuracy: 10.04
Training Epoch: 27/200	Train Loss: 0.0132	Val Accuracy: 10.04
Training Epoch: 28/200	Train Loss: 0.0178	Val Accuracy: 10.52
Training Epoch: 29/200	Train Loss: 0.0199	Val Accuracy: 10.52
Training Epoch: 30/200	Train Loss: 0.009	Val Accuracy: 10.16
Training Epoch: 31/200	Train Loss: 0.096	Val Accuracy: 10.16
Training Epoch: 32/200	Train Loss: 0.0097	Val Accuracy: 10.7
Training Epoch: 33/200	Train Loss: 0.0112	Val Accuracy: 10.7
Training Epoch: 34/200	Train Loss: 0.0238	Val Accuracy: 10.66
Training Epoch: 35/200	Train Loss: 0.0054	Val Accuracy: 10.66
Training Epoch: 36/200	Train Loss: 0.0194	Val Accuracy: 10.44
Training Epoch: 37/200	Train Loss: 0.0071	Val Accuracy: 10.44
Training Epoch: 38/200	Train Loss: 0.0058	Val Accuracy: 10.54
Training Epoch: 39/200	Train Loss: 0.1323	Val Accuracy: 10.54
Training Epoch: 40/200	Train Loss: 0.006	Val Accuracy: 10.04
Training Epoch: 41/200	Train Loss: 0.0388	Val Accuracy: 10.04
Training Epoch: 42/200	Train Loss: 0.0069	Val Accuracy: 10.38
Training Epoch: 43/200	Train Loss: 0.0288	Val Accuracy: 10.38
Training Epoch: 44/200	Train Loss: 0.1086	Val Accuracy: 9.94
Training Epoch: 45/200	Train Loss: 0.0512	Val Accuracy: 9.94
Training Epoch: 46/200	Train Loss: 0.053	Val Accuracy: 10.22
Training Epoch: 47/200	Train Loss: 0.022	Val Accuracy: 10.22
Training Epoch: 48/200	Train Loss: 0.0035	Val Accuracy: 10.4
Training Epoch: 49/200	Train Loss: 0.0038	Val Accuracy: 10.4
Training Epoch: 50/200	Train Loss: 0.0073	Val Accuracy: 10.84
Training Epoch: 51/200	Train Loss: 0.0013	Val Accuracy: 10.84
Training Epoch: 52/200	Train Loss: 0.0306	Val Accuracy: 10.58
Training Epoch: 53/200	Train Loss: 0.0961	Val Accuracy: 10.58
Training Epoch: 54/200	Train Loss: 0.0047	Val Accuracy: 10.78
Training Epoch: 55/200	Train Loss: 0.0062	Val Accuracy: 10.78
Training Epoch: 56/200	Train Loss: 0.0072	Val Accuracy: 10.54
Training Epoch: 57/200	Train Loss: 0.0035	Val Accuracy: 10.54
Training Epoch: 58/200	Train Loss: 0.0025	Val Accuracy: 10.64
Training Epoch: 59/200	Train Loss: 0.0037	Val Accuracy: 10.64
Training Epoch: 60/200	Train Loss: 0.0042	Val Accuracy: 10.52
Training Epoch: 61/200	Train Loss: 0.0038	Val Accuracy: 10.52
Training Epoch: 62/200	Train Loss: 0.006	Val Accuracy: 10.6
Training Epoch: 63/200	Train Loss: 0.0012	Val Accuracy: 10.6
Training Epoch: 64/200	Train Loss: 0.0008	Val Accuracy: 10.24
Training Epoch: 65/200	Train Loss: 0.0018	Val Accuracy: 10.24
Training Epoch: 66/200	Train Loss: 0.0014	Val Accuracy: 10.54
Training Epoch: 67/200	Train Loss: 0.0054	Val Accuracy: 10.54
Training Epoch: 68/200	Train Loss: 0.0015	Val Accuracy: 10.74
Training Epoch: 69/200	Train Loss: 0.0012	Val Accuracy: 10.74
Training Epoch: 70/200	Train Loss: 0.0021	Val Accuracy: 10.68
Training Epoch: 71/200	Train Loss: 0.0032	Val Accuracy: 10.68
Training Epoch: 72/200	Train Loss: 0.0011	Val Accuracy: 10.68
Training Epoch: 73/200	Train Loss: 0.0028	Val Accuracy: 10.68
Training Epoch: 74/200	Train Loss: 0.0043	Val Accuracy: 10.26
Training Epoch: 75/200	Train Loss: 0.0156	Val Accuracy: 10.26
Training Epoch: 76/200	Train Loss: 0.0069	Val Accuracy: 10.78
Training Epoch: 77/200	Train Loss: 0.0022	Val Accuracy: 10.78
Training Epoch: 78/200	Train Loss: 0.0005	Val Accuracy: 10.76
Training Epoch: 79/200	Train Loss: 0.0014	Val Accuracy: 10.76
Training Epoch: 80/200	Train Loss: 0.0016	Val Accuracy: 10.56
Training Epoch: 81/200	Train Loss: 0.0011	Val Accuracy: 10.56
Training Epoch: 82/200	Train Loss: 0.0056	Val Accuracy: 10.64
Training Epoch: 83/200	Train Loss: 0.001	Val Accuracy: 10.64
Training Epoch: 84/200	Train Loss: 0.0006	Val Accuracy: 10.58
Training Epoch: 85/200	Train Loss: 0.0004	Val Accuracy: 10.58
Training Epoch: 86/200	Train Loss: 0.0005	Val Accuracy: 10.62
Training Epoch: 87/200	Train Loss: 0.0009	Val Accuracy: 10.62
Training Epoch: 88/200	Train Loss: 0.0271	Val Accuracy: 10.72
Training Epoch: 89/200	Train Loss: 0.0007	Val Accuracy: 10.72
Training Epoch: 90/200	Train Loss: 0.0063	Val Accuracy: 10.64
Training Epoch: 91/200	Train Loss: 0.0009	Val Accuracy: 10.64
Training Epoch: 92/200	Train Loss: 0.0005	Val Accuracy: 10.82
Training Epoch: 93/200	Train Loss: 0.0007	Val Accuracy: 10.82
Training Epoch: 94/200	Train Loss: 0.0006	Val Accuracy: 10.8
Training Epoch: 95/200	Train Loss: 0.0051	Val Accuracy: 10.8
Training Epoch: 96/200	Train Loss: 0.0006	Val Accuracy: 10.76
Training Epoch: 97/200	Train Loss: 0.0008	Val Accuracy: 10.76
Training Epoch: 98/200	Train Loss: 0.0787	Val Accuracy: 10.4
Training Epoch: 99/200	Train Loss: 0.0131	Val Accuracy: 10.4
Training Epoch: 100/200	Train Loss: 0.0005	Val Accuracy: 10.7
Training Epoch: 101/200	Train Loss: 0.0027	Val Accuracy: 10.7
Training Epoch: 102/200	Train Loss: 0.0016	Val Accuracy: 10.56
Training Epoch: 103/200	Train Loss: 0.0007	Val Accuracy: 10.56
Training Epoch: 104/200	Train Loss: 0.0052	Val Accuracy: 11.0
Training Epoch: 105/200	Train Loss: 0.0004	Val Accuracy: 11.0
Training Epoch: 106/200	Train Loss: 0.0023	Val Accuracy: 11.08
Training Epoch: 107/200	Train Loss: 0.0282	Val Accuracy: 11.08
Training Epoch: 108/200	Train Loss: 0.0035	Val Accuracy: 10.82
Training Epoch: 109/200	Train Loss: 0.0022	Val Accuracy: 10.82
Training Epoch: 110/200	Train Loss: 0.0012	Val Accuracy: 10.84
Training Epoch: 111/200	Train Loss: 0.0005	Val Accuracy: 10.84
Training Epoch: 112/200	Train Loss: 0.0007	Val Accuracy: 11.18
Training Epoch: 113/200	Train Loss: 0.0037	Val Accuracy: 11.18
Training Epoch: 114/200	Train Loss: 0.0636	Val Accuracy: 10.84
Training Epoch: 115/200	Train Loss: 0.0009	Val Accuracy: 10.84
Training Epoch: 116/200	Train Loss: 0.0011	Val Accuracy: 11.12
Training Epoch: 117/200	Train Loss: 0.0013	Val Accuracy: 11.12
Training Epoch: 118/200	Train Loss: 0.0004	Val Accuracy: 11.08
Training Epoch: 119/200	Train Loss: 0.0002	Val Accuracy: 11.08
Training Epoch: 120/200	Train Loss: 0.0008	Val Accuracy: 10.8
Training Epoch: 121/200	Train Loss: 0.0004	Val Accuracy: 10.8
Training Epoch: 122/200	Train Loss: 0.0004	Val Accuracy: 10.68
Training Epoch: 123/200	Train Loss: 0.0011	Val Accuracy: 10.68
Training Epoch: 124/200	Train Loss: 0.0004	Val Accuracy: 10.72
Training Epoch: 125/200	Train Loss: 0.0009	Val Accuracy: 10.72
Training Epoch: 126/200	Train Loss: 0.0006	Val Accuracy: 10.96
Training Epoch: 127/200	Train Loss: 0.0005	Val Accuracy: 10.96
Training Epoch: 128/200	Train Loss: 0.0007	Val Accuracy: 10.94
Training Epoch: 129/200	Train Loss: 0.0009	Val Accuracy: 10.94
Training Epoch: 130/200	Train Loss: 0.0006	Val Accuracy: 10.82
Training Epoch: 131/200	Train Loss: 0.0003	Val Accuracy: 10.82
Training Epoch: 132/200	Train Loss: 0.0004	Val Accuracy: 10.82
Training Epoch: 133/200	Train Loss: 0.0007	Val Accuracy: 10.82
Training Epoch: 134/200	Train Loss: 0.0013	Val Accuracy: 11.06
Training Epoch: 135/200	Train Loss: 0.0002	Val Accuracy: 11.06
Training Epoch: 136/200	Train Loss: 0.0007	Val Accuracy: 11.06
Training Epoch: 137/200	Train Loss: 0.0005	Val Accuracy: 11.06
Training Epoch: 138/200	Train Loss: 0.0001	Val Accuracy: 10.88
Training Epoch: 139/200	Train Loss: 0.0004	Val Accuracy: 10.88
Training Epoch: 140/200	Train Loss: 0.0011	Val Accuracy: 10.98
Training Epoch: 141/200	Train Loss: 0.0006	Val Accuracy: 10.98
Training Epoch: 142/200	Train Loss: 0.0007	Val Accuracy: 10.74
Training Epoch: 143/200	Train Loss: 0.0003	Val Accuracy: 10.74
Training Epoch: 144/200	Train Loss: 0.0005	Val Accuracy: 11.26
Training Epoch: 145/200	Train Loss: 0.0093	Val Accuracy: 11.26
Training Epoch: 146/200	Train Loss: 0.0006	Val Accuracy: 10.92
Training Epoch: 147/200	Train Loss: 0.0005	Val Accuracy: 10.92
Training Epoch: 148/200	Train Loss: 0.0003	Val Accuracy: 10.96
Training Epoch: 149/200	Train Loss: 0.0003	Val Accuracy: 10.96
Training Epoch: 150/200	Train Loss: 0.0008	Val Accuracy: 10.74
Training Epoch: 151/200	Train Loss: 0.0016	Val Accuracy: 10.74
Training Epoch: 152/200	Train Loss: 0.0003	Val Accuracy: 10.74
Training Epoch: 153/200	Train Loss: 0.0005	Val Accuracy: 10.74
Training Epoch: 154/200	Train Loss: 0.0015	Val Accuracy: 10.82
Training Epoch: 155/200	Train Loss: 0.0005	Val Accuracy: 10.82
Training Epoch: 156/200	Train Loss: 0.0007	Val Accuracy: 11.1
Training Epoch: 157/200	Train Loss: 0.0006	Val Accuracy: 11.1
Training Epoch: 158/200	Train Loss: 0.0007	Val Accuracy: 10.84
Training Epoch: 159/200	Train Loss: 0.0002	Val Accuracy: 10.84
Training Epoch: 160/200	Train Loss: 0.0003	Val Accuracy: 10.72
Training Epoch: 161/200	Train Loss: 0.0003	Val Accuracy: 10.72
Training Epoch: 162/200	Train Loss: 0.0012	Val Accuracy: 10.8
Training Epoch: 163/200	Train Loss: 0.0087	Val Accuracy: 10.8
Training Epoch: 164/200	Train Loss: 0.0005	Val Accuracy: 10.82
Training Epoch: 165/200	Train Loss: 0.0017	Val Accuracy: 10.82
Training Epoch: 166/200	Train Loss: 0.0005	Val Accuracy: 10.8
Training Epoch: 167/200	Train Loss: 0.0013	Val Accuracy: 10.8
Training Epoch: 168/200	Train Loss: 0.0014	Val Accuracy: 10.72
Training Epoch: 169/200	Train Loss: 0.0007	Val Accuracy: 10.72
Training Epoch: 170/200	Train Loss: 0.0007	Val Accuracy: 10.84
Training Epoch: 171/200	Train Loss: 0.0001	Val Accuracy: 10.84
Training Epoch: 172/200	Train Loss: 0.0002	Val Accuracy: 10.46
Training Epoch: 173/200	Train Loss: 0.0003	Val Accuracy: 10.46
Training Epoch: 174/200	Train Loss: 0.0003	Val Accuracy: 10.76
Training Epoch: 175/200	Train Loss: 0.0012	Val Accuracy: 10.76
Training Epoch: 176/200	Train Loss: 0.0002	Val Accuracy: 10.86
Training Epoch: 177/200	Train Loss: 0.0005	Val Accuracy: 10.86
Training Epoch: 178/200	Train Loss: 0.0005	Val Accuracy: 10.66
Training Epoch: 179/200	Train Loss: 0.0004	Val Accuracy: 10.66
Training Epoch: 180/200	Train Loss: 0.0007	Val Accuracy: 10.6
Training Epoch: 181/200	Train Loss: 0.0007	Val Accuracy: 10.6
Training Epoch: 182/200	Train Loss: 0.0001	Val Accuracy: 10.78
Training Epoch: 183/200	Train Loss: 0.0003	Val Accuracy: 10.78
Training Epoch: 184/200	Train Loss: 0.0003	Val Accuracy: 10.92
Training Epoch: 185/200	Train Loss: 0.0004	Val Accuracy: 10.92
Training Epoch: 186/200	Train Loss: 0.0004	Val Accuracy: 10.68
Training Epoch: 187/200	Train Loss: 0.0002	Val Accuracy: 10.68
Training Epoch: 188/200	Train Loss: 0.0004	Val Accuracy: 10.58
Training Epoch: 189/200	Train Loss: 0.0024	Val Accuracy: 10.58
Training Epoch: 190/200	Train Loss: 0.001	Val Accuracy: 10.5
Training Epoch: 191/200	Train Loss: 0.0002	Val Accuracy: 10.5
Training Epoch: 192/200	Train Loss: 0.0004	Val Accuracy: 11.18
Training Epoch: 193/200	Train Loss: 0.0002	Val Accuracy: 11.18
Training Epoch: 194/200	Train Loss: 0.0026	Val Accuracy: 11.32
Training Epoch: 195/200	Train Loss: 0.0006	Val Accuracy: 11.32
Training Epoch: 196/200	Train Loss: 0.0005	Val Accuracy: 10.64
Training Epoch: 197/200	Train Loss: 0.0003	Val Accuracy: 10.64
Training Epoch: 198/200	Train Loss: 0.0004	Val Accuracy: 11.0
Training Epoch: 199/200	Train Loss: 0.0002	Val Accuracy: 11.0
Training Epoch: 200/200	Train Loss: 0.0004	Val Accuracy: 11.14

Wrote Best Model Checkpoint to: vlBest_acc_11_model_epoch_0194.pyth

Best Validation Accuracy: 11.32
Best Epoch: 194

======== TESTING ========

Test Accuracy: 11.5.

======== ACTIVE SAMPLING ========

ProbCover adaptive delta: base=0.2500, effective=0.2125, scale=0.85, phase=post_label_shrink, labeled_count=1150
Coverage selection metadata: active=False (mode=adaptive_density_cover, variant=unknown, delta=0.2125, phase=adaptive_signal, bald_mean=0.0000, bald_max=0.0000, variance_mean=0.0000, variance_max=0.0000, dropout_iters=0, cover_anchors=0, diversity_lambda=0.00, selected_id_mean=0.0000, selected_signal_mean=0.7929, selected_radius_mean=0.1711, k_id=50, k_knn=50, alpha=1.00)
Active Sampling Complete. After Episode 22:
New Labeled Set: 1200, New Unlabeled Set: 43800, Active Set: 50

================================


Current accuracy values:  [4.170000000000002, 5.269999999999996, 5.6200000000000045, 6.689999999999998, 7.290000000000006, 7.579999999999998, 7.650000000000006, 7.969999999999999, 8.129999999999995, 8.420000000000002, 8.920000000000002, 9.370000000000005, 9.260000000000005, 10.019999999999996, 10.209999999999994, 10.299999999999997, 10.510000000000005, 10.849999999999994, 11.019999999999996, 11.280000000000001, 11.469999999999999, 11.64, 11.5]
======== EPISODE 23 BEGINS ========

======== TRAINING ========
Training Epoch: 1/200	Train Loss: 0.0024	Val Accuracy: 0.0
Training Epoch: 2/200	Train Loss: 0.1705	Val Accuracy: 10.84
Training Epoch: 3/200	Train Loss: 0.0047	Val Accuracy: 10.84
Training Epoch: 4/200	Train Loss: 0.0278	Val Accuracy: 10.3
Training Epoch: 5/200	Train Loss: 0.0494	Val Accuracy: 10.3
Training Epoch: 6/200	Train Loss: 0.0113	Val Accuracy: 9.98
Training Epoch: 7/200	Train Loss: 0.0068	Val Accuracy: 9.98
Training Epoch: 8/200	Train Loss: 0.0248	Val Accuracy: 10.12
Training Epoch: 9/200	Train Loss: 0.0421	Val Accuracy: 10.12
Training Epoch: 10/200	Train Loss: 0.0128	Val Accuracy: 9.9
Training Epoch: 11/200	Train Loss: 0.0379	Val Accuracy: 9.9
Training Epoch: 12/200	Train Loss: 0.0214	Val Accuracy: 9.28
Training Epoch: 13/200	Train Loss: 0.0367	Val Accuracy: 9.28
Training Epoch: 14/200	Train Loss: 0.0245	Val Accuracy: 10.3
Training Epoch: 15/200	Train Loss: 0.0928	Val Accuracy: 10.3
Training Epoch: 16/200	Train Loss: 0.0163	Val Accuracy: 10.44
Training Epoch: 17/200	Train Loss: 0.0664	Val Accuracy: 10.44
Training Epoch: 18/200	Train Loss: 0.0432	Val Accuracy: 9.68
Training Epoch: 19/200	Train Loss: 0.0759	Val Accuracy: 9.68
Training Epoch: 20/200	Train Loss: 0.1555	Val Accuracy: 9.96
Training Epoch: 21/200	Train Loss: 0.0126	Val Accuracy: 9.96
Training Epoch: 22/200	Train Loss: 0.0213	Val Accuracy: 10.6
Training Epoch: 23/200	Train Loss: 0.0153	Val Accuracy: 10.6
Training Epoch: 24/200	Train Loss: 0.0303	Val Accuracy: 9.82
Training Epoch: 25/200	Train Loss: 0.0958	Val Accuracy: 9.82
Training Epoch: 26/200	Train Loss: 0.0051	Val Accuracy: 10.34
Training Epoch: 27/200	Train Loss: 0.0145	Val Accuracy: 10.34
Training Epoch: 28/200	Train Loss: 0.0089	Val Accuracy: 10.46
Training Epoch: 29/200	Train Loss: 0.0152	Val Accuracy: 10.46
Training Epoch: 30/200	Train Loss: 0.0721	Val Accuracy: 9.72
Training Epoch: 31/200	Train Loss: 0.0597	Val Accuracy: 9.72
Training Epoch: 32/200	Train Loss: 0.0856	Val Accuracy: 10.02
Training Epoch: 33/200	Train Loss: 0.0054	Val Accuracy: 10.02
Training Epoch: 34/200	Train Loss: 0.016	Val Accuracy: 10.12
Training Epoch: 35/200	Train Loss: 0.0168	Val Accuracy: 10.12
Training Epoch: 36/200	Train Loss: 0.0081	Val Accuracy: 10.2
Training Epoch: 37/200	Train Loss: 0.02	Val Accuracy: 10.2
Training Epoch: 38/200	Train Loss: 0.0021	Val Accuracy: 10.76
Training Epoch: 39/200	Train Loss: 0.1	Val Accuracy: 10.76
Training Epoch: 40/200	Train Loss: 0.0073	Val Accuracy: 9.76
Training Epoch: 41/200	Train Loss: 0.0897	Val Accuracy: 9.76
Training Epoch: 42/200	Train Loss: 0.0015	Val Accuracy: 10.06
Training Epoch: 43/200	Train Loss: 0.1806	Val Accuracy: 10.06
Training Epoch: 44/200	Train Loss: 0.0015	Val Accuracy: 9.94
Training Epoch: 45/200	Train Loss: 0.0015	Val Accuracy: 9.94
Training Epoch: 46/200	Train Loss: 0.002	Val Accuracy: 10.32
Training Epoch: 47/200	Train Loss: 0.0028	Val Accuracy: 10.32
Training Epoch: 48/200	Train Loss: 0.0016	Val Accuracy: 10.62
Training Epoch: 49/200	Train Loss: 0.0135	Val Accuracy: 10.62
Training Epoch: 50/200	Train Loss: 0.0181	Val Accuracy: 11.1
Training Epoch: 51/200	Train Loss: 0.0086	Val Accuracy: 11.1
Training Epoch: 52/200	Train Loss: 0.0027	Val Accuracy: 10.8
Training Epoch: 53/200	Train Loss: 0.0012	Val Accuracy: 10.8
Training Epoch: 54/200	Train Loss: 0.0013	Val Accuracy: 10.86
Training Epoch: 55/200	Train Loss: 0.0011	Val Accuracy: 10.86
Training Epoch: 56/200	Train Loss: 0.001	Val Accuracy: 10.42
Training Epoch: 57/200	Train Loss: 0.0011	Val Accuracy: 10.42
Training Epoch: 58/200	Train Loss: 0.0262	Val Accuracy: 10.36
Training Epoch: 59/200	Train Loss: 0.0256	Val Accuracy: 10.36
Training Epoch: 60/200	Train Loss: 0.0038	Val Accuracy: 10.88
Training Epoch: 61/200	Train Loss: 0.0143	Val Accuracy: 10.88
Training Epoch: 62/200	Train Loss: 0.0008	Val Accuracy: 10.72
Training Epoch: 63/200	Train Loss: 0.0006	Val Accuracy: 10.72
Training Epoch: 64/200	Train Loss: 0.0051	Val Accuracy: 10.48
Training Epoch: 65/200	Train Loss: 0.0037	Val Accuracy: 10.48
Training Epoch: 66/200	Train Loss: 0.0255	Val Accuracy: 10.5
Training Epoch: 67/200	Train Loss: 0.0021	Val Accuracy: 10.5
Training Epoch: 68/200	Train Loss: 0.0035	Val Accuracy: 10.72
Training Epoch: 69/200	Train Loss: 0.0177	Val Accuracy: 10.72
Training Epoch: 70/200	Train Loss: 0.0018	Val Accuracy: 10.58
Training Epoch: 71/200	Train Loss: 0.0046	Val Accuracy: 10.58
Training Epoch: 72/200	Train Loss: 0.0048	Val Accuracy: 10.3
Training Epoch: 73/200	Train Loss: 0.0675	Val Accuracy: 10.3
Training Epoch: 74/200	Train Loss: 0.005	Val Accuracy: 10.82
Training Epoch: 75/200	Train Loss: 0.0053	Val Accuracy: 10.82
Training Epoch: 76/200	Train Loss: 0.0012	Val Accuracy: 10.76
Training Epoch: 77/200	Train Loss: 0.0048	Val Accuracy: 10.76
Training Epoch: 78/200	Train Loss: 0.0018	Val Accuracy: 10.9
Training Epoch: 79/200	Train Loss: 0.0008	Val Accuracy: 10.9
Training Epoch: 80/200	Train Loss: 0.0005	Val Accuracy: 10.44
Training Epoch: 81/200	Train Loss: 0.0022	Val Accuracy: 10.44
Training Epoch: 82/200	Train Loss: 0.0013	Val Accuracy: 10.94
Training Epoch: 83/200	Train Loss: 0.0255	Val Accuracy: 10.94
Training Epoch: 84/200	Train Loss: 0.0043	Val Accuracy: 10.74
Training Epoch: 85/200	Train Loss: 0.0016	Val Accuracy: 10.74
Training Epoch: 86/200	Train Loss: 0.0012	Val Accuracy: 10.56
Training Epoch: 87/200	Train Loss: 0.0025	Val Accuracy: 10.56
Training Epoch: 88/200	Train Loss: 0.0007	Val Accuracy: 10.6
Training Epoch: 89/200	Train Loss: 0.002	Val Accuracy: 10.6
Training Epoch: 90/200	Train Loss: 0.0008	Val Accuracy: 10.28
Training Epoch: 91/200	Train Loss: 0.0007	Val Accuracy: 10.28
Training Epoch: 92/200	Train Loss: 0.0016	Val Accuracy: 10.44
Training Epoch: 93/200	Train Loss: 0.0012	Val Accuracy: 10.44
Training Epoch: 94/200	Train Loss: 0.0012	Val Accuracy: 10.48
Training Epoch: 95/200	Train Loss: 0.0013	Val Accuracy: 10.48
Training Epoch: 96/200	Train Loss: 0.0007	Val Accuracy: 10.7
Training Epoch: 97/200	Train Loss: 0.0166	Val Accuracy: 10.7
Training Epoch: 98/200	Train Loss: 0.0006	Val Accuracy: 10.6
Training Epoch: 99/200	Train Loss: 0.0005	Val Accuracy: 10.6
Training Epoch: 100/200	Train Loss: 0.0007	Val Accuracy: 10.98
Training Epoch: 101/200	Train Loss: 0.01	Val Accuracy: 10.98
Training Epoch: 102/200	Train Loss: 0.003	Val Accuracy: 10.3
Training Epoch: 103/200	Train Loss: 0.0019	Val Accuracy: 10.3
Training Epoch: 104/200	Train Loss: 0.0008	Val Accuracy: 10.56
Training Epoch: 105/200	Train Loss: 0.0004	Val Accuracy: 10.56
Training Epoch: 106/200	Train Loss: 0.0038	Val Accuracy: 10.66
Training Epoch: 107/200	Train Loss: 0.0009	Val Accuracy: 10.66
Training Epoch: 108/200	Train Loss: 0.0005	Val Accuracy: 10.64
Training Epoch: 109/200	Train Loss: 0.0004	Val Accuracy: 10.64
Training Epoch: 110/200	Train Loss: 0.0008	Val Accuracy: 11.08
Training Epoch: 111/200	Train Loss: 0.0006	Val Accuracy: 11.08
Training Epoch: 112/200	Train Loss: 0.0009	Val Accuracy: 10.74
Training Epoch: 113/200	Train Loss: 0.0002	Val Accuracy: 10.74
Training Epoch: 114/200	Train Loss: 0.0004	Val Accuracy: 10.66
Training Epoch: 115/200	Train Loss: 0.0005	Val Accuracy: 10.66
Training Epoch: 116/200	Train Loss: 0.0003	Val Accuracy: 10.94
Training Epoch: 117/200	Train Loss: 0.0008	Val Accuracy: 10.94
Training Epoch: 118/200	Train Loss: 0.0006	Val Accuracy: 10.6
Training Epoch: 119/200	Train Loss: 0.0004	Val Accuracy: 10.6
Training Epoch: 120/200	Train Loss: 0.0007	Val Accuracy: 10.8
Training Epoch: 121/200	Train Loss: 0.0005	Val Accuracy: 10.8
Training Epoch: 122/200	Train Loss: 0.0003	Val Accuracy: 11.26
Training Epoch: 123/200	Train Loss: 0.0009	Val Accuracy: 11.26
Training Epoch: 124/200	Train Loss: 0.0004	Val Accuracy: 11.06
Training Epoch: 125/200	Train Loss: 0.0026	Val Accuracy: 11.06
Training Epoch: 126/200	Train Loss: 0.0007	Val Accuracy: 10.76
Training Epoch: 127/200	Train Loss: 0.0015	Val Accuracy: 10.76
Training Epoch: 128/200	Train Loss: 0.0006	Val Accuracy: 10.92
Training Epoch: 129/200	Train Loss: 0.0005	Val Accuracy: 10.92
Training Epoch: 130/200	Train Loss: 0.0007	Val Accuracy: 10.7
Training Epoch: 131/200	Train Loss: 0.0004	Val Accuracy: 10.7
Training Epoch: 132/200	Train Loss: 0.0007	Val Accuracy: 10.62
Training Epoch: 133/200	Train Loss: 0.0005	Val Accuracy: 10.62
Training Epoch: 134/200	Train Loss: 0.0003	Val Accuracy: 10.56
Training Epoch: 135/200	Train Loss: 0.0006	Val Accuracy: 10.56
Training Epoch: 136/200	Train Loss: 0.0002	Val Accuracy: 10.82
Training Epoch: 137/200	Train Loss: 0.0008	Val Accuracy: 10.82
Training Epoch: 138/200	Train Loss: 0.0003	Val Accuracy: 11.1
Training Epoch: 139/200	Train Loss: 0.0005	Val Accuracy: 11.1
Training Epoch: 140/200	Train Loss: 0.0012	Val Accuracy: 10.66
Training Epoch: 141/200	Train Loss: 0.0007	Val Accuracy: 10.66
Training Epoch: 142/200	Train Loss: 0.0007	Val Accuracy: 10.8
Training Epoch: 143/200	Train Loss: 0.0003	Val Accuracy: 10.8
Training Epoch: 144/200	Train Loss: 0.0008	Val Accuracy: 10.68
Training Epoch: 145/200	Train Loss: 0.0004	Val Accuracy: 10.68
Training Epoch: 146/200	Train Loss: 0.0013	Val Accuracy: 11.14
Training Epoch: 147/200	Train Loss: 0.0016	Val Accuracy: 11.14
Training Epoch: 148/200	Train Loss: 0.0008	Val Accuracy: 10.76
Training Epoch: 149/200	Train Loss: 0.0004	Val Accuracy: 10.76
Training Epoch: 150/200	Train Loss: 0.0002	Val Accuracy: 10.6
Training Epoch: 151/200	Train Loss: 0.0003	Val Accuracy: 10.6
Training Epoch: 152/200	Train Loss: 0.0003	Val Accuracy: 10.86
Training Epoch: 153/200	Train Loss: 0.0009	Val Accuracy: 10.86
Training Epoch: 154/200	Train Loss: 0.0006	Val Accuracy: 10.66
Training Epoch: 155/200	Train Loss: 0.0001	Val Accuracy: 10.66
Training Epoch: 156/200	Train Loss: 0.0007	Val Accuracy: 11.14
Training Epoch: 157/200	Train Loss: 0.0005	Val Accuracy: 11.14
Training Epoch: 158/200	Train Loss: 0.0005	Val Accuracy: 10.88
Training Epoch: 159/200	Train Loss: 0.0003	Val Accuracy: 10.88
Training Epoch: 160/200	Train Loss: 0.0003	Val Accuracy: 10.64
Training Epoch: 161/200	Train Loss: 0.0002	Val Accuracy: 10.64
Training Epoch: 162/200	Train Loss: 0.0004	Val Accuracy: 10.9
Training Epoch: 163/200	Train Loss: 0.0004	Val Accuracy: 10.9
Training Epoch: 164/200	Train Loss: 0.0005	Val Accuracy: 10.82
Training Epoch: 165/200	Train Loss: 0.0002	Val Accuracy: 10.82
Training Epoch: 166/200	Train Loss: 0.0037	Val Accuracy: 10.8
Training Epoch: 167/200	Train Loss: 0.0004	Val Accuracy: 10.8
Training Epoch: 168/200	Train Loss: 0.0003	Val Accuracy: 11.14
Training Epoch: 169/200	Train Loss: 0.0006	Val Accuracy: 11.14
Training Epoch: 170/200	Train Loss: 0.0006	Val Accuracy: 10.8
Training Epoch: 171/200	Train Loss: 0.0007	Val Accuracy: 10.8
Training Epoch: 172/200	Train Loss: 0.0005	Val Accuracy: 10.8
Training Epoch: 173/200	Train Loss: 0.0003	Val Accuracy: 10.8
Training Epoch: 174/200	Train Loss: 0.0011	Val Accuracy: 10.8
Training Epoch: 175/200	Train Loss: 0.0004	Val Accuracy: 10.8
Training Epoch: 176/200	Train Loss: 0.0008	Val Accuracy: 10.74
Training Epoch: 177/200	Train Loss: 0.001	Val Accuracy: 10.74
Training Epoch: 178/200	Train Loss: 0.0011	Val Accuracy: 10.66
Training Epoch: 179/200	Train Loss: 0.0004	Val Accuracy: 10.66
Training Epoch: 180/200	Train Loss: 0.0006	Val Accuracy: 10.78
Training Epoch: 181/200	Train Loss: 0.0007	Val Accuracy: 10.78
Training Epoch: 182/200	Train Loss: 0.0004	Val Accuracy: 10.96
Training Epoch: 183/200	Train Loss: 0.0002	Val Accuracy: 10.96
Training Epoch: 184/200	Train Loss: 0.0002	Val Accuracy: 11.08
Training Epoch: 185/200	Train Loss: 0.0005	Val Accuracy: 11.08
Training Epoch: 186/200	Train Loss: 0.0062	Val Accuracy: 10.66
Training Epoch: 187/200	Train Loss: 0.0006	Val Accuracy: 10.66
Training Epoch: 188/200	Train Loss: 0.0004	Val Accuracy: 11.0
Training Epoch: 189/200	Train Loss: 0.0004	Val Accuracy: 11.0
Training Epoch: 190/200	Train Loss: 0.001	Val Accuracy: 10.44
Training Epoch: 191/200	Train Loss: 0.0003	Val Accuracy: 10.44
Training Epoch: 192/200	Train Loss: 0.0004	Val Accuracy: 10.82
Training Epoch: 193/200	Train Loss: 0.0002	Val Accuracy: 10.82
Training Epoch: 194/200	Train Loss: 0.0005	Val Accuracy: 10.92
Training Epoch: 195/200	Train Loss: 0.0005	Val Accuracy: 10.92
Training Epoch: 196/200	Train Loss: 0.0002	Val Accuracy: 11.04
Training Epoch: 197/200	Train Loss: 0.0009	Val Accuracy: 11.04
Training Epoch: 198/200	Train Loss: 0.0016	Val Accuracy: 10.66
Training Epoch: 199/200	Train Loss: 0.0003	Val Accuracy: 10.66
Training Epoch: 200/200	Train Loss: 0.0004	Val Accuracy: 10.74

Wrote Best Model Checkpoint to: vlBest_acc_11_model_epoch_0122.pyth

Best Validation Accuracy: 11.26
Best Epoch: 122

======== TESTING ========

Test Accuracy: 11.94.

======== ACTIVE SAMPLING ========

ProbCover adaptive delta: base=0.2500, effective=0.2125, scale=0.85, phase=post_label_shrink, labeled_count=1200
Coverage selection metadata: active=False (mode=adaptive_density_cover, variant=unknown, delta=0.2125, phase=adaptive_signal, bald_mean=0.0000, bald_max=0.0000, variance_mean=0.0000, variance_max=0.0000, dropout_iters=0, cover_anchors=0, diversity_lambda=0.00, selected_id_mean=0.0000, selected_signal_mean=0.7912, selected_radius_mean=0.1714, k_id=50, k_knn=50, alpha=1.00)
Active Sampling Complete. After Episode 23:
New Labeled Set: 1250, New Unlabeled Set: 43750, Active Set: 50

================================


Current accuracy values:  [4.170000000000002, 5.269999999999996, 5.6200000000000045, 6.689999999999998, 7.290000000000006, 7.579999999999998, 7.650000000000006, 7.969999999999999, 8.129999999999995, 8.420000000000002, 8.920000000000002, 9.370000000000005, 9.260000000000005, 10.019999999999996, 10.209999999999994, 10.299999999999997, 10.510000000000005, 10.849999999999994, 11.019999999999996, 11.280000000000001, 11.469999999999999, 11.64, 11.5, 11.939999999999998]
======== EPISODE 24 BEGINS ========

======== TRAINING ========
Training Epoch: 1/200	Train Loss: 0.099	Val Accuracy: 0.0
Training Epoch: 2/200	Train Loss: 0.0249	Val Accuracy: 10.04
Training Epoch: 3/200	Train Loss: 0.0905	Val Accuracy: 10.04
Training Epoch: 4/200	Train Loss: 0.0133	Val Accuracy: 10.58
Training Epoch: 5/200	Train Loss: 0.0304	Val Accuracy: 10.58
Training Epoch: 6/200	Train Loss: 0.0249	Val Accuracy: 10.34
Training Epoch: 7/200	Train Loss: 0.1331	Val Accuracy: 10.34
Training Epoch: 8/200	Train Loss: 0.1075	Val Accuracy: 9.98
Training Epoch: 9/200	Train Loss: 0.0451	Val Accuracy: 9.98
Training Epoch: 10/200	Train Loss: 0.0211	Val Accuracy: 10.14
Training Epoch: 11/200	Train Loss: 0.1506	Val Accuracy: 10.14
Training Epoch: 12/200	Train Loss: 0.109	Val Accuracy: 9.96
Training Epoch: 13/200	Train Loss: 0.0649	Val Accuracy: 9.96
Training Epoch: 14/200	Train Loss: 0.0788	Val Accuracy: 10.3
Training Epoch: 15/200	Train Loss: 0.1189	Val Accuracy: 10.3
Training Epoch: 16/200	Train Loss: 0.0138	Val Accuracy: 9.74
Training Epoch: 17/200	Train Loss: 0.0111	Val Accuracy: 9.74
Training Epoch: 18/200	Train Loss: 0.1012	Val Accuracy: 9.68
Training Epoch: 19/200	Train Loss: 0.1268	Val Accuracy: 9.68
Training Epoch: 20/200	Train Loss: 0.0487	Val Accuracy: 10.04
Training Epoch: 21/200	Train Loss: 0.1041	Val Accuracy: 10.04
Training Epoch: 22/200	Train Loss: 0.0745	Val Accuracy: 10.52
Training Epoch: 23/200	Train Loss: 0.0493	Val Accuracy: 10.52
Training Epoch: 24/200	Train Loss: 0.0597	Val Accuracy: 10.82
Training Epoch: 25/200	Train Loss: 0.0077	Val Accuracy: 10.82
Training Epoch: 26/200	Train Loss: 0.0904	Val Accuracy: 9.64
Training Epoch: 27/200	Train Loss: 0.032	Val Accuracy: 9.64
Training Epoch: 28/200	Train Loss: 0.0118	Val Accuracy: 10.08
Training Epoch: 29/200	Train Loss: 0.0072	Val Accuracy: 10.08
Training Epoch: 30/200	Train Loss: 0.0599	Val Accuracy: 10.58
Training Epoch: 31/200	Train Loss: 0.0203	Val Accuracy: 10.58
Training Epoch: 32/200	Train Loss: 0.0286	Val Accuracy: 10.88
Training Epoch: 33/200	Train Loss: 0.0054	Val Accuracy: 10.88
Training Epoch: 34/200	Train Loss: 0.0041	Val Accuracy: 10.8
Training Epoch: 35/200	Train Loss: 0.0059	Val Accuracy: 10.8
Training Epoch: 36/200	Train Loss: 0.008	Val Accuracy: 9.98
Training Epoch: 37/200	Train Loss: 0.0126	Val Accuracy: 9.98
Training Epoch: 38/200	Train Loss: 0.0271	Val Accuracy: 10.44
Training Epoch: 39/200	Train Loss: 0.0033	Val Accuracy: 10.44
Training Epoch: 40/200	Train Loss: 0.0022	Val Accuracy: 10.1
Training Epoch: 41/200	Train Loss: 0.0006	Val Accuracy: 10.1
Training Epoch: 42/200	Train Loss: 0.1025	Val Accuracy: 10.36
Training Epoch: 43/200	Train Loss: 0.0021	Val Accuracy: 10.36
Training Epoch: 44/200	Train Loss: 0.0044	Val Accuracy: 10.38
Training Epoch: 45/200	Train Loss: 0.0052	Val Accuracy: 10.38
Training Epoch: 46/200	Train Loss: 0.0173	Val Accuracy: 10.68
Training Epoch: 47/200	Train Loss: 0.0047	Val Accuracy: 10.68
Training Epoch: 48/200	Train Loss: 0.0048	Val Accuracy: 10.58
Training Epoch: 49/200	Train Loss: 0.0027	Val Accuracy: 10.58
Training Epoch: 50/200	Train Loss: 0.0007	Val Accuracy: 10.5
Training Epoch: 51/200	Train Loss: 0.1125	Val Accuracy: 10.5
Training Epoch: 52/200	Train Loss: 0.0017	Val Accuracy: 10.54
Training Epoch: 53/200	Train Loss: 0.0528	Val Accuracy: 10.54
Training Epoch: 54/200	Train Loss: 0.0087	Val Accuracy: 10.4
Training Epoch: 55/200	Train Loss: 0.0057	Val Accuracy: 10.4
Training Epoch: 56/200	Train Loss: 0.0053	Val Accuracy: 10.66
Training Epoch: 57/200	Train Loss: 0.004	Val Accuracy: 10.66
Training Epoch: 58/200	Train Loss: 0.0024	Val Accuracy: 10.24
Training Epoch: 59/200	Train Loss: 0.0294	Val Accuracy: 10.24
Training Epoch: 60/200	Train Loss: 0.0097	Val Accuracy: 10.18
Training Epoch: 61/200	Train Loss: 0.0124	Val Accuracy: 10.18
Training Epoch: 62/200	Train Loss: 0.0094	Val Accuracy: 10.28
Training Epoch: 63/200	Train Loss: 0.0069	Val Accuracy: 10.28
Training Epoch: 64/200	Train Loss: 0.0033	Val Accuracy: 10.4
Training Epoch: 65/200	Train Loss: 0.0047	Val Accuracy: 10.4
Training Epoch: 66/200	Train Loss: 0.0043	Val Accuracy: 9.94
Training Epoch: 67/200	Train Loss: 0.0021	Val Accuracy: 9.94
Training Epoch: 68/200	Train Loss: 0.0031	Val Accuracy: 10.42
Training Epoch: 69/200	Train Loss: 0.0041	Val Accuracy: 10.42
Training Epoch: 70/200	Train Loss: 0.0036	Val Accuracy: 10.4
Training Epoch: 71/200	Train Loss: 0.0037	Val Accuracy: 10.4
Training Epoch: 72/200	Train Loss: 0.0221	Val Accuracy: 10.3
Training Epoch: 73/200	Train Loss: 0.036	Val Accuracy: 10.3
Training Epoch: 74/200	Train Loss: 0.0019	Val Accuracy: 10.16
Training Epoch: 75/200	Train Loss: 0.0026	Val Accuracy: 10.16
Training Epoch: 76/200	Train Loss: 0.0153	Val Accuracy: 10.92
Training Epoch: 77/200	Train Loss: 0.0033	Val Accuracy: 10.92
Training Epoch: 78/200	Train Loss: 0.0003	Val Accuracy: 11.12
Training Epoch: 79/200	Train Loss: 0.0039	Val Accuracy: 11.12
Training Epoch: 80/200	Train Loss: 0.0023	Val Accuracy: 10.56
Training Epoch: 81/200	Train Loss: 0.0042	Val Accuracy: 10.56
Training Epoch: 82/200	Train Loss: 0.0024	Val Accuracy: 10.84
Training Epoch: 83/200	Train Loss: 0.0003	Val Accuracy: 10.84
Training Epoch: 84/200	Train Loss: 0.001	Val Accuracy: 11.0
Training Epoch: 85/200	Train Loss: 0.0014	Val Accuracy: 11.0
Training Epoch: 86/200	Train Loss: 0.0008	Val Accuracy: 10.74
Training Epoch: 87/200	Train Loss: 0.0072	Val Accuracy: 10.74
Training Epoch: 88/200	Train Loss: 0.0021	Val Accuracy: 10.6
Training Epoch: 89/200	Train Loss: 0.0008	Val Accuracy: 10.6
Training Epoch: 90/200	Train Loss: 0.0005	Val Accuracy: 10.84
Training Epoch: 91/200	Train Loss: 0.0006	Val Accuracy: 10.84
Training Epoch: 92/200	Train Loss: 0.0007	Val Accuracy: 10.72
Training Epoch: 93/200	Train Loss: 0.0003	Val Accuracy: 10.72
Training Epoch: 94/200	Train Loss: 0.0019	Val Accuracy: 11.14
Training Epoch: 95/200	Train Loss: 0.001	Val Accuracy: 11.14
Training Epoch: 96/200	Train Loss: 0.0008	Val Accuracy: 10.98
Training Epoch: 97/200	Train Loss: 0.0006	Val Accuracy: 10.98
Training Epoch: 98/200	Train Loss: 0.0007	Val Accuracy: 10.72
Training Epoch: 99/200	Train Loss: 0.0008	Val Accuracy: 10.72
Training Epoch: 100/200	Train Loss: 0.0016	Val Accuracy: 11.04
Training Epoch: 101/200	Train Loss: 0.0006	Val Accuracy: 11.04
Training Epoch: 102/200	Train Loss: 0.001	Val Accuracy: 11.14
Training Epoch: 103/200	Train Loss: 0.0005	Val Accuracy: 11.14
Training Epoch: 104/200	Train Loss: 0.0006	Val Accuracy: 10.88
Training Epoch: 105/200	Train Loss: 0.0019	Val Accuracy: 10.88
Training Epoch: 106/200	Train Loss: 0.0005	Val Accuracy: 10.92
Training Epoch: 107/200	Train Loss: 0.0005	Val Accuracy: 10.92
Training Epoch: 108/200	Train Loss: 0.0003	Val Accuracy: 11.04
Training Epoch: 109/200	Train Loss: 0.0006	Val Accuracy: 11.04
Training Epoch: 110/200	Train Loss: 0.0005	Val Accuracy: 10.74
Training Epoch: 111/200	Train Loss: 0.0008	Val Accuracy: 10.74
Training Epoch: 112/200	Train Loss: 0.0009	Val Accuracy: 11.04
Training Epoch: 113/200	Train Loss: 0.0004	Val Accuracy: 11.04
Training Epoch: 114/200	Train Loss: 0.0005	Val Accuracy: 11.12
Training Epoch: 115/200	Train Loss: 0.0018	Val Accuracy: 11.12
Training Epoch: 116/200	Train Loss: 0.0008	Val Accuracy: 10.72
Training Epoch: 117/200	Train Loss: 0.0008	Val Accuracy: 10.72
Training Epoch: 118/200	Train Loss: 0.0021	Val Accuracy: 10.98
Training Epoch: 119/200	Train Loss: 0.0025	Val Accuracy: 10.98
Training Epoch: 120/200	Train Loss: 0.001	Val Accuracy: 11.02
Training Epoch: 121/200	Train Loss: 0.0003	Val Accuracy: 11.02
Training Epoch: 122/200	Train Loss: 0.0011	Val Accuracy: 10.72
Training Epoch: 123/200	Train Loss: 0.0002	Val Accuracy: 10.72
Training Epoch: 124/200	Train Loss: 0.0013	Val Accuracy: 10.72
Training Epoch: 125/200	Train Loss: 0.0002	Val Accuracy: 10.72
Training Epoch: 126/200	Train Loss: 0.0004	Val Accuracy: 10.96
Training Epoch: 127/200	Train Loss: 0.0004	Val Accuracy: 10.96
Training Epoch: 128/200	Train Loss: 0.0005	Val Accuracy: 10.96
Training Epoch: 129/200	Train Loss: 0.0004	Val Accuracy: 10.96
Training Epoch: 130/200	Train Loss: 0.0008	Val Accuracy: 10.9
Training Epoch: 131/200	Train Loss: 0.0004	Val Accuracy: 10.9
Training Epoch: 132/200	Train Loss: 0.0007	Val Accuracy: 11.04
Training Epoch: 133/200	Train Loss: 0.0003	Val Accuracy: 11.04
Training Epoch: 134/200	Train Loss: 0.0004	Val Accuracy: 10.8
Training Epoch: 135/200	Train Loss: 0.0002	Val Accuracy: 10.8
Training Epoch: 136/200	Train Loss: 0.0003	Val Accuracy: 10.88
Training Epoch: 137/200	Train Loss: 0.0002	Val Accuracy: 10.88
Training Epoch: 138/200	Train Loss: 0.0004	Val Accuracy: 11.04
Training Epoch: 139/200	Train Loss: 0.0004	Val Accuracy: 11.04
Training Epoch: 140/200	Train Loss: 0.0019	Val Accuracy: 11.08
Training Epoch: 141/200	Train Loss: 0.0005	Val Accuracy: 11.08
Training Epoch: 142/200	Train Loss: 0.0005	Val Accuracy: 10.98
Training Epoch: 143/200	Train Loss: 0.0005	Val Accuracy: 10.98
Training Epoch: 144/200	Train Loss: 0.0002	Val Accuracy: 11.08
Training Epoch: 145/200	Train Loss: 0.0044	Val Accuracy: 11.08
Training Epoch: 146/200	Train Loss: 0.0004	Val Accuracy: 10.84
Training Epoch: 147/200	Train Loss: 0.0008	Val Accuracy: 10.84
Training Epoch: 148/200	Train Loss: 0.0005	Val Accuracy: 10.76
Training Epoch: 149/200	Train Loss: 0.0007	Val Accuracy: 10.76
Training Epoch: 150/200	Train Loss: 0.0002	Val Accuracy: 11.1
Training Epoch: 151/200	Train Loss: 0.0003	Val Accuracy: 11.1
Training Epoch: 152/200	Train Loss: 0.0006	Val Accuracy: 10.78
Training Epoch: 153/200	Train Loss: 0.0004	Val Accuracy: 10.78
Training Epoch: 154/200	Train Loss: 0.0004	Val Accuracy: 10.72
Training Epoch: 155/200	Train Loss: 0.0004	Val Accuracy: 10.72
Training Epoch: 156/200	Train Loss: 0.0002	Val Accuracy: 11.3
Training Epoch: 157/200	Train Loss: 0.0002	Val Accuracy: 11.3
Training Epoch: 158/200	Train Loss: 0.0006	Val Accuracy: 11.32
Training Epoch: 159/200	Train Loss: 0.0003	Val Accuracy: 11.32
Training Epoch: 160/200	Train Loss: 0.0006	Val Accuracy: 11.04
Training Epoch: 161/200	Train Loss: 0.0002	Val Accuracy: 11.04
Training Epoch: 162/200	Train Loss: 0.0006	Val Accuracy: 11.1
Training Epoch: 163/200	Train Loss: 0.0033	Val Accuracy: 11.1
Training Epoch: 164/200	Train Loss: 0.0012	Val Accuracy: 10.94
Training Epoch: 165/200	Train Loss: 0.0008	Val Accuracy: 10.94
Training Epoch: 166/200	Train Loss: 0.001	Val Accuracy: 10.96
Training Epoch: 167/200	Train Loss: 0.0011	Val Accuracy: 10.96
Training Epoch: 168/200	Train Loss: 0.0009	Val Accuracy: 10.9
Training Epoch: 169/200	Train Loss: 0.0002	Val Accuracy: 10.9
Training Epoch: 170/200	Train Loss: 0.0005	Val Accuracy: 11.02
Training Epoch: 171/200	Train Loss: 0.0006	Val Accuracy: 11.02
Training Epoch: 172/200	Train Loss: 0.0013	Val Accuracy: 11.06
Training Epoch: 173/200	Train Loss: 0.0014	Val Accuracy: 11.06
Training Epoch: 174/200	Train Loss: 0.0004	Val Accuracy: 10.8
Training Epoch: 175/200	Train Loss: 0.0016	Val Accuracy: 10.8
Training Epoch: 176/200	Train Loss: 0.0006	Val Accuracy: 11.14
Training Epoch: 177/200	Train Loss: 0.0005	Val Accuracy: 11.14
Training Epoch: 178/200	Train Loss: 0.0007	Val Accuracy: 11.08
Training Epoch: 179/200	Train Loss: 0.0017	Val Accuracy: 11.08
Training Epoch: 180/200	Train Loss: 0.0005	Val Accuracy: 11.4
Training Epoch: 181/200	Train Loss: 0.0003	Val Accuracy: 11.4
Training Epoch: 182/200	Train Loss: 0.0006	Val Accuracy: 11.02
Training Epoch: 183/200	Train Loss: 0.0006	Val Accuracy: 11.02
Training Epoch: 184/200	Train Loss: 0.0002	Val Accuracy: 11.08
Training Epoch: 185/200	Train Loss: 0.0016	Val Accuracy: 11.08
Training Epoch: 186/200	Train Loss: 0.0004	Val Accuracy: 10.98
Training Epoch: 187/200	Train Loss: 0.0004	Val Accuracy: 10.98
Training Epoch: 188/200	Train Loss: 0.0004	Val Accuracy: 11.12
Training Epoch: 189/200	Train Loss: 0.0004	Val Accuracy: 11.12
Training Epoch: 190/200	Train Loss: 0.0003	Val Accuracy: 11.16
Training Epoch: 191/200	Train Loss: 0.0014	Val Accuracy: 11.16
Training Epoch: 192/200	Train Loss: 0.0007	Val Accuracy: 10.76
Training Epoch: 193/200	Train Loss: 0.0007	Val Accuracy: 10.76
Training Epoch: 194/200	Train Loss: 0.0005	Val Accuracy: 11.1
Training Epoch: 195/200	Train Loss: 0.0007	Val Accuracy: 11.1
Training Epoch: 196/200	Train Loss: 0.0005	Val Accuracy: 10.96
Training Epoch: 197/200	Train Loss: 0.0003	Val Accuracy: 10.96
Training Epoch: 198/200	Train Loss: 0.0007	Val Accuracy: 10.92
Training Epoch: 199/200	Train Loss: 0.0011	Val Accuracy: 10.92
Training Epoch: 200/200	Train Loss: 0.0004	Val Accuracy: 11.22

Wrote Best Model Checkpoint to: vlBest_acc_11_model_epoch_0180.pyth

Best Validation Accuracy: 11.4
Best Epoch: 180

======== TESTING ========

Test Accuracy: 11.98.

======== ACTIVE SAMPLING ========

ProbCover adaptive delta: base=0.2500, effective=0.2125, scale=0.85, phase=post_label_shrink, labeled_count=1250
Coverage selection metadata: active=False (mode=adaptive_density_cover, variant=unknown, delta=0.2125, phase=adaptive_signal, bald_mean=0.0000, bald_max=0.0000, variance_mean=0.0000, variance_max=0.0000, dropout_iters=0, cover_anchors=0, diversity_lambda=0.00, selected_id_mean=0.0000, selected_signal_mean=0.7897, selected_radius_mean=0.1718, k_id=50, k_knn=50, alpha=1.00)
Active Sampling Complete. After Episode 24:
New Labeled Set: 1300, New Unlabeled Set: 43700, Active Set: 50

================================


Current accuracy values:  [4.170000000000002, 5.269999999999996, 5.6200000000000045, 6.689999999999998, 7.290000000000006, 7.579999999999998, 7.650000000000006, 7.969999999999999, 8.129999999999995, 8.420000000000002, 8.920000000000002, 9.370000000000005, 9.260000000000005, 10.019999999999996, 10.209999999999994, 10.299999999999997, 10.510000000000005, 10.849999999999994, 11.019999999999996, 11.280000000000001, 11.469999999999999, 11.64, 11.5, 11.939999999999998, 11.980000000000004]
======== EPISODE 25 BEGINS ========

======== TRAINING ========
Training Epoch: 1/200	Train Loss: 0.021	Val Accuracy: 0.0
Training Epoch: 2/200	Train Loss: 0.0049	Val Accuracy: 10.36
Training Epoch: 3/200	Train Loss: 0.0341	Val Accuracy: 10.36
Training Epoch: 4/200	Train Loss: 0.1255	Val Accuracy: 10.5
Training Epoch: 5/200	Train Loss: 0.0213	Val Accuracy: 10.5
Training Epoch: 6/200	Train Loss: 0.0512	Val Accuracy: 10.5
Training Epoch: 7/200	Train Loss: 0.0862	Val Accuracy: 10.5
Training Epoch: 8/200	Train Loss: 0.0986	Val Accuracy: 10.2
Training Epoch: 9/200	Train Loss: 0.0723	Val Accuracy: 10.2
Training Epoch: 10/200	Train Loss: 0.0111	Val Accuracy: 9.8
Training Epoch: 11/200	Train Loss: 0.1836	Val Accuracy: 9.8
Training Epoch: 12/200	Train Loss: 0.0151	Val Accuracy: 10.4
Training Epoch: 13/200	Train Loss: 0.0194	Val Accuracy: 10.4
Training Epoch: 14/200	Train Loss: 0.0231	Val Accuracy: 10.46
Training Epoch: 15/200	Train Loss: 0.015	Val Accuracy: 10.46
Training Epoch: 16/200	Train Loss: 0.008	Val Accuracy: 10.4
Training Epoch: 17/200	Train Loss: 0.0077	Val Accuracy: 10.4
Training Epoch: 18/200	Train Loss: 0.0495	Val Accuracy: 10.76
Training Epoch: 19/200	Train Loss: 0.0566	Val Accuracy: 10.76
Training Epoch: 20/200	Train Loss: 0.0038	Val Accuracy: 10.14
Training Epoch: 21/200	Train Loss: 0.0635	Val Accuracy: 10.14
Training Epoch: 22/200	Train Loss: 0.0096	Val Accuracy: 10.54
Training Epoch: 23/200	Train Loss: 0.0864	Val Accuracy: 10.54
Training Epoch: 24/200	Train Loss: 0.0797	Val Accuracy: 10.12
Training Epoch: 25/200	Train Loss: 0.0839	Val Accuracy: 10.12
Training Epoch: 26/200	Train Loss: 0.021	Val Accuracy: 10.42
Training Epoch: 27/200	Train Loss: 0.0617	Val Accuracy: 10.42
Training Epoch: 28/200	Train Loss: 0.0397	Val Accuracy: 11.14
Training Epoch: 29/200	Train Loss: 0.1058	Val Accuracy: 11.14
Training Epoch: 30/200	Train Loss: 0.0347	Val Accuracy: 9.98
Training Epoch: 31/200	Train Loss: 0.0057	Val Accuracy: 9.98
Training Epoch: 32/200	Train Loss: 0.0246	Val Accuracy: 10.72
Training Epoch: 33/200	Train Loss: 0.0049	Val Accuracy: 10.72
Training Epoch: 34/200	Train Loss: 0.0182	Val Accuracy: 10.82
Training Epoch: 35/200	Train Loss: 0.002	Val Accuracy: 10.82
Training Epoch: 36/200	Train Loss: 0.0032	Val Accuracy: 10.72
Training Epoch: 37/200	Train Loss: 0.0099	Val Accuracy: 10.72
Training Epoch: 38/200	Train Loss: 0.0153	Val Accuracy: 11.6
Training Epoch: 39/200	Train Loss: 0.0103	Val Accuracy: 11.6
Training Epoch: 40/200	Train Loss: 0.0019	Val Accuracy: 10.84
Training Epoch: 41/200	Train Loss: 0.0017	Val Accuracy: 10.84
Training Epoch: 42/200	Train Loss: 0.0066	Val Accuracy: 10.84
Training Epoch: 43/200	Train Loss: 0.0127	Val Accuracy: 10.84
Training Epoch: 44/200	Train Loss: 0.0072	Val Accuracy: 11.14
Training Epoch: 45/200	Train Loss: 0.0393	Val Accuracy: 11.14
Training Epoch: 46/200	Train Loss: 0.0122	Val Accuracy: 10.32
Training Epoch: 47/200	Train Loss: 0.0187	Val Accuracy: 10.32
Training Epoch: 48/200	Train Loss: 0.0034	Val Accuracy: 10.56
Training Epoch: 49/200	Train Loss: 0.035	Val Accuracy: 10.56
Training Epoch: 50/200	Train Loss: 0.0074	Val Accuracy: 10.42
Training Epoch: 51/200	Train Loss: 0.0027	Val Accuracy: 10.42
Training Epoch: 52/200	Train Loss: 0.0189	Val Accuracy: 10.5
Training Epoch: 53/200	Train Loss: 0.0045	Val Accuracy: 10.5
Training Epoch: 54/200	Train Loss: 0.0779	Val Accuracy: 11.04
Training Epoch: 55/200	Train Loss: 0.0392	Val Accuracy: 11.04
Training Epoch: 56/200	Train Loss: 0.0351	Val Accuracy: 10.84
Training Epoch: 57/200	Train Loss: 0.0031	Val Accuracy: 10.84
Training Epoch: 58/200	Train Loss: 0.0787	Val Accuracy: 10.32
Training Epoch: 59/200	Train Loss: 0.0038	Val Accuracy: 10.32
Training Epoch: 60/200	Train Loss: 0.0118	Val Accuracy: 10.3
Training Epoch: 61/200	Train Loss: 0.1089	Val Accuracy: 10.3
Training Epoch: 62/200	Train Loss: 0.0036	Val Accuracy: 10.42
Training Epoch: 63/200	Train Loss: 0.0119	Val Accuracy: 10.42
Training Epoch: 64/200	Train Loss: 0.0011	Val Accuracy: 11.06
Training Epoch: 65/200	Train Loss: 0.0033	Val Accuracy: 11.06
Training Epoch: 66/200	Train Loss: 0.0709	Val Accuracy: 10.66
Training Epoch: 67/200	Train Loss: 0.0138	Val Accuracy: 10.66
Training Epoch: 68/200	Train Loss: 0.0123	Val Accuracy: 11.12
Training Epoch: 69/200	Train Loss: 0.0196	Val Accuracy: 11.12
Training Epoch: 70/200	Train Loss: 0.0029	Val Accuracy: 10.76
Training Epoch: 71/200	Train Loss: 0.004	Val Accuracy: 10.76
Training Epoch: 72/200	Train Loss: 0.0149	Val Accuracy: 11.02
Training Epoch: 73/200	Train Loss: 0.005	Val Accuracy: 11.02
Training Epoch: 74/200	Train Loss: 0.0063	Val Accuracy: 10.74
Training Epoch: 75/200	Train Loss: 0.001	Val Accuracy: 10.74
Training Epoch: 76/200	Train Loss: 0.0043	Val Accuracy: 11.06
Training Epoch: 77/200	Train Loss: 0.0021	Val Accuracy: 11.06
Training Epoch: 78/200	Train Loss: 0.0082	Val Accuracy: 10.92
Training Epoch: 79/200	Train Loss: 0.0009	Val Accuracy: 10.92
Training Epoch: 80/200	Train Loss: 0.0021	Val Accuracy: 11.02
Training Epoch: 81/200	Train Loss: 0.001	Val Accuracy: 11.02
Training Epoch: 82/200	Train Loss: 0.0038	Val Accuracy: 10.82
Training Epoch: 83/200	Train Loss: 0.0023	Val Accuracy: 10.82
Training Epoch: 84/200	Train Loss: 0.0036	Val Accuracy: 11.1
Training Epoch: 85/200	Train Loss: 0.0058	Val Accuracy: 11.1
Training Epoch: 86/200	Train Loss: 0.0007	Val Accuracy: 10.92
Training Epoch: 87/200	Train Loss: 0.0011	Val Accuracy: 10.92
Training Epoch: 88/200	Train Loss: 0.0007	Val Accuracy: 11.02
Training Epoch: 89/200	Train Loss: 0.001	Val Accuracy: 11.02
Training Epoch: 90/200	Train Loss: 0.0015	Val Accuracy: 11.14
Training Epoch: 91/200	Train Loss: 0.0022	Val Accuracy: 11.14
Training Epoch: 92/200	Train Loss: 0.0008	Val Accuracy: 10.86
Training Epoch: 93/200	Train Loss: 0.0003	Val Accuracy: 10.86
Training Epoch: 94/200	Train Loss: 0.0014	Val Accuracy: 11.2
Training Epoch: 95/200	Train Loss: 0.0098	Val Accuracy: 11.2
Training Epoch: 96/200	Train Loss: 0.0004	Val Accuracy: 11.12
Training Epoch: 97/200	Train Loss: 0.0009	Val Accuracy: 11.12
Training Epoch: 98/200	Train Loss: 0.0004	Val Accuracy: 11.1
Training Epoch: 99/200	Train Loss: 0.0015	Val Accuracy: 11.1
Training Epoch: 100/200	Train Loss: 0.0002	Val Accuracy: 11.1
Training Epoch: 101/200	Train Loss: 0.0004	Val Accuracy: 11.1
Training Epoch: 102/200	Train Loss: 0.0003	Val Accuracy: 10.8
Training Epoch: 103/200	Train Loss: 0.0008	Val Accuracy: 10.8
Training Epoch: 104/200	Train Loss: 0.0007	Val Accuracy: 10.96
Training Epoch: 105/200	Train Loss: 0.0003	Val Accuracy: 10.96
Training Epoch: 106/200	Train Loss: 0.0007	Val Accuracy: 10.94
Training Epoch: 107/200	Train Loss: 0.0021	Val Accuracy: 10.94
Training Epoch: 108/200	Train Loss: 0.0005	Val Accuracy: 10.76
Training Epoch: 109/200	Train Loss: 0.0014	Val Accuracy: 10.76
Training Epoch: 110/200	Train Loss: 0.0004	Val Accuracy: 11.1
Training Epoch: 111/200	Train Loss: 0.0005	Val Accuracy: 11.1
Training Epoch: 112/200	Train Loss: 0.0004	Val Accuracy: 11.26
Training Epoch: 113/200	Train Loss: 0.0012	Val Accuracy: 11.26
Training Epoch: 114/200	Train Loss: 0.0004	Val Accuracy: 11.42
Training Epoch: 115/200	Train Loss: 0.0004	Val Accuracy: 11.42
Training Epoch: 116/200	Train Loss: 0.0007	Val Accuracy: 11.48
Training Epoch: 117/200	Train Loss: 0.0005	Val Accuracy: 11.48
Training Epoch: 118/200	Train Loss: 0.0003	Val Accuracy: 11.26
Training Epoch: 119/200	Train Loss: 0.0004	Val Accuracy: 11.26
Training Epoch: 120/200	Train Loss: 0.0006	Val Accuracy: 11.4
Training Epoch: 121/200	Train Loss: 0.0021	Val Accuracy: 11.4
Training Epoch: 122/200	Train Loss: 0.0004	Val Accuracy: 11.0
Training Epoch: 123/200	Train Loss: 0.0005	Val Accuracy: 11.0
Training Epoch: 124/200	Train Loss: 0.0006	Val Accuracy: 10.9
Training Epoch: 125/200	Train Loss: 0.0004	Val Accuracy: 10.9
Training Epoch: 126/200	Train Loss: 0.0004	Val Accuracy: 10.9
Training Epoch: 127/200	Train Loss: 0.003	Val Accuracy: 10.9
Training Epoch: 128/200	Train Loss: 0.0005	Val Accuracy: 10.96
Training Epoch: 129/200	Train Loss: 0.0024	Val Accuracy: 10.96
Training Epoch: 130/200	Train Loss: 0.0007	Val Accuracy: 11.24
Training Epoch: 131/200	Train Loss: 0.0003	Val Accuracy: 11.24
Training Epoch: 132/200	Train Loss: 0.0006	Val Accuracy: 11.08
Training Epoch: 133/200	Train Loss: 0.0004	Val Accuracy: 11.08
Training Epoch: 134/200	Train Loss: 0.0004	Val Accuracy: 11.18
Training Epoch: 135/200	Train Loss: 0.0004	Val Accuracy: 11.18
Training Epoch: 136/200	Train Loss: 0.0023	Val Accuracy: 10.98
Training Epoch: 137/200	Train Loss: 0.0006	Val Accuracy: 10.98
Training Epoch: 138/200	Train Loss: 0.0003	Val Accuracy: 11.22
Training Epoch: 139/200	Train Loss: 0.0009	Val Accuracy: 11.22
Training Epoch: 140/200	Train Loss: 0.0003	Val Accuracy: 10.78
Training Epoch: 141/200	Train Loss: 0.0006	Val Accuracy: 10.78
Training Epoch: 142/200	Train Loss: 0.0005	Val Accuracy: 10.82
Training Epoch: 143/200	Train Loss: 0.0006	Val Accuracy: 10.82
Training Epoch: 144/200	Train Loss: 0.0007	Val Accuracy: 11.06
Training Epoch: 145/200	Train Loss: 0.0002	Val Accuracy: 11.06
Training Epoch: 146/200	Train Loss: 0.0006	Val Accuracy: 11.12
Training Epoch: 147/200	Train Loss: 0.0006	Val Accuracy: 11.12
Training Epoch: 148/200	Train Loss: 0.0004	Val Accuracy: 11.5
Training Epoch: 149/200	Train Loss: 0.0003	Val Accuracy: 11.5
Training Epoch: 150/200	Train Loss: 0.0003	Val Accuracy: 11.08
Training Epoch: 151/200	Train Loss: 0.0005	Val Accuracy: 11.08
Training Epoch: 152/200	Train Loss: 0.0003	Val Accuracy: 10.94
Training Epoch: 153/200	Train Loss: 0.0004	Val Accuracy: 10.94
Training Epoch: 154/200	Train Loss: 0.0004	Val Accuracy: 10.92
Training Epoch: 155/200	Train Loss: 0.0005	Val Accuracy: 10.92
Training Epoch: 156/200	Train Loss: 0.0002	Val Accuracy: 10.6
Training Epoch: 157/200	Train Loss: 0.0004	Val Accuracy: 10.6
Training Epoch: 158/200	Train Loss: 0.0003	Val Accuracy: 10.94
Training Epoch: 159/200	Train Loss: 0.0005	Val Accuracy: 10.94
Training Epoch: 160/200	Train Loss: 0.0004	Val Accuracy: 11.22
Training Epoch: 161/200	Train Loss: 0.0006	Val Accuracy: 11.22
Training Epoch: 162/200	Train Loss: 0.0004	Val Accuracy: 11.2
Training Epoch: 163/200	Train Loss: 0.0005	Val Accuracy: 11.2
Training Epoch: 164/200	Train Loss: 0.0009	Val Accuracy: 11.44
Training Epoch: 165/200	Train Loss: 0.0005	Val Accuracy: 11.44
Training Epoch: 166/200	Train Loss: 0.0017	Val Accuracy: 11.0
Training Epoch: 167/200	Train Loss: 0.0004	Val Accuracy: 11.0
Training Epoch: 168/200	Train Loss: 0.0004	Val Accuracy: 11.14
Training Epoch: 169/200	Train Loss: 0.0004	Val Accuracy: 11.14
Training Epoch: 170/200	Train Loss: 0.0005	Val Accuracy: 11.02
Training Epoch: 171/200	Train Loss: 0.0004	Val Accuracy: 11.02
Training Epoch: 172/200	Train Loss: 0.0004	Val Accuracy: 11.06
Training Epoch: 173/200	Train Loss: 0.0004	Val Accuracy: 11.06
Training Epoch: 174/200	Train Loss: 0.0008	Val Accuracy: 11.24
Training Epoch: 175/200	Train Loss: 0.0005	Val Accuracy: 11.24
Training Epoch: 176/200	Train Loss: 0.0003	Val Accuracy: 10.9
Training Epoch: 177/200	Train Loss: 0.0006	Val Accuracy: 10.9
Training Epoch: 178/200	Train Loss: 0.0008	Val Accuracy: 10.74
Training Epoch: 179/200	Train Loss: 0.0006	Val Accuracy: 10.74
Training Epoch: 180/200	Train Loss: 0.0006	Val Accuracy: 11.28
Training Epoch: 181/200	Train Loss: 0.0002	Val Accuracy: 11.28
Training Epoch: 182/200	Train Loss: 0.0005	Val Accuracy: 11.24
Training Epoch: 183/200	Train Loss: 0.0004	Val Accuracy: 11.24
Training Epoch: 184/200	Train Loss: 0.0005	Val Accuracy: 11.1
Training Epoch: 185/200	Train Loss: 0.0006	Val Accuracy: 11.1
Training Epoch: 186/200	Train Loss: 0.0004	Val Accuracy: 11.1
Training Epoch: 187/200	Train Loss: 0.001	Val Accuracy: 11.1
Training Epoch: 188/200	Train Loss: 0.0004	Val Accuracy: 11.02
Training Epoch: 189/200	Train Loss: 0.0015	Val Accuracy: 11.02
Training Epoch: 190/200	Train Loss: 0.0007	Val Accuracy: 10.88
Training Epoch: 191/200	Train Loss: 0.0004	Val Accuracy: 10.88
Training Epoch: 192/200	Train Loss: 0.0003	Val Accuracy: 11.1
Training Epoch: 193/200	Train Loss: 0.0007	Val Accuracy: 11.1
Training Epoch: 194/200	Train Loss: 0.0003	Val Accuracy: 11.2
Training Epoch: 195/200	Train Loss: 0.0005	Val Accuracy: 11.2
Training Epoch: 196/200	Train Loss: 0.0004	Val Accuracy: 10.98
Training Epoch: 197/200	Train Loss: 0.0014	Val Accuracy: 10.98
Training Epoch: 198/200	Train Loss: 0.0004	Val Accuracy: 11.16
Training Epoch: 199/200	Train Loss: 0.0003	Val Accuracy: 11.16
Training Epoch: 200/200	Train Loss: 0.0006	Val Accuracy: 10.98

Wrote Best Model Checkpoint to: vlBest_acc_11_model_epoch_0038.pyth

Best Validation Accuracy: 11.6
Best Epoch: 38

======== TESTING ========

Test Accuracy: 12.04.

======== ACTIVE SAMPLING ========

ProbCover adaptive delta: base=0.2500, effective=0.2125, scale=0.85, phase=post_label_shrink, labeled_count=1300
Coverage selection metadata: active=False (mode=adaptive_density_cover, variant=unknown, delta=0.2125, phase=adaptive_signal, bald_mean=0.0000, bald_max=0.0000, variance_mean=0.0000, variance_max=0.0000, dropout_iters=0, cover_anchors=0, diversity_lambda=0.00, selected_id_mean=0.0000, selected_signal_mean=0.7880, selected_radius_mean=0.1721, k_id=50, k_knn=50, alpha=1.00)
