GPU 0: Tesla V100-SXM2-32GB (UUID: GPU-5056ba18-28fc-829f-d4c2-cd35b64c7bfd)

==============NVSMI LOG==============

Timestamp                                 : Tue May 26 22:17:37 2026
Driver Version                            : 565.57.01
CUDA Version                              : 12.7

Attached GPUs                             : 1
GPU 00000000:86:00.0
    ECC Mode
        Current                           : Enabled
        Pending                           : Enabled
    ECC Errors
        Volatile
            Single Bit            
                Device Memory             : 0
                Register File             : 0
                L1 Cache                  : 0
                L2 Cache                  : 0
                Texture Memory            : N/A
                Texture Shared            : N/A
                CBU                       : N/A
                Total                     : 0
            Double Bit            
                Device Memory             : 0
                Register File             : 0
                L1 Cache                  : 0
                L2 Cache                  : 0
                Texture Memory            : N/A
                Texture Shared            : N/A
                CBU                       : 0
                Total                     : 0
        Aggregate
            Single Bit            
                Device Memory             : 0
                Register File             : 0
                L1 Cache                  : 0
                L2 Cache                  : 0
                Texture Memory            : N/A
                Texture Shared            : N/A
                CBU                       : N/A
                Total                     : 0
            Double Bit            
                Device Memory             : 0
                Register File             : 0
                L1 Cache                  : 0
                L2 Cache                  : 0
                Texture Memory            : N/A
                Texture Shared            : N/A
                CBU                       : 0
                Total                     : 0

Experiment Directory Already Exists: /vast/s219110279/TypiClust/output/CIFAR100/resnet50/uncertainty_1_50b. Reusing it may lead to loss of old logs in the directory.


======== PREPARING DATA AND MODEL ========

Preprocess Operations Selected ==>  [RandomCrop(size=(32, 32), padding=4), RandomHorizontalFlip(p=0.5), ToTensor(), Normalize(mean=[0.4914, 0.4822, 0.4465], std=[0.247, 0.2435, 0.2616])]
Files already downloaded and verified
Files already downloaded and verified

Dataset CIFAR100 Loaded Sucessfully.
Total Train Size: 50000 and Total Test Size: 10000

Data Partitioning Complete. 
Labeled Set: 50, Unlabeled Set: 44950, Validation Set: 5000

model: resnet50

optimizer: SGD (
Parameter Group 0
    dampening: 0.0
    differentiable: False
    foreach: None
    lr: 0.025
    maximize: False
    momentum: 0.9
    nesterov: True
    weight_decay: 0.0003
)

AL Query Method: uncertainty
Max AL Episodes: 100

======== EPISODE 0 BEGINS ========

======== TRAINING ========
Training Epoch: 1/200	Train Loss: 5.0777	Val Accuracy: 0.0
Training Epoch: 2/200	Train Loss: 4.7405	Val Accuracy: 1.12
Training Epoch: 3/200	Train Loss: 6.6244	Val Accuracy: 1.12
Training Epoch: 4/200	Train Loss: 6.7388	Val Accuracy: 1.1
Training Epoch: 5/200	Train Loss: 8.5686	Val Accuracy: 1.1
Training Epoch: 6/200	Train Loss: 9.9032	Val Accuracy: 1.1
Training Epoch: 7/200	Train Loss: 6.9829	Val Accuracy: 1.1
Training Epoch: 8/200	Train Loss: 7.8133	Val Accuracy: 1.08
Training Epoch: 9/200	Train Loss: 7.6762	Val Accuracy: 1.08
Training Epoch: 10/200	Train Loss: 5.911	Val Accuracy: 1.08
Training Epoch: 11/200	Train Loss: 4.7961	Val Accuracy: 1.08
Training Epoch: 12/200	Train Loss: 4.4617	Val Accuracy: 1.08
Training Epoch: 13/200	Train Loss: 4.2686	Val Accuracy: 1.08
Training Epoch: 14/200	Train Loss: 4.3459	Val Accuracy: 1.08
Training Epoch: 15/200	Train Loss: 4.1033	Val Accuracy: 1.08
Training Epoch: 16/200	Train Loss: 3.9391	Val Accuracy: 1.08
Training Epoch: 17/200	Train Loss: 3.9121	Val Accuracy: 1.08
Training Epoch: 18/200	Train Loss: 3.749	Val Accuracy: 1.08
Training Epoch: 19/200	Train Loss: 3.763	Val Accuracy: 1.08
Training Epoch: 20/200	Train Loss: 3.6891	Val Accuracy: 1.1
Training Epoch: 21/200	Train Loss: 3.587	Val Accuracy: 1.1
Training Epoch: 22/200	Train Loss: 3.5407	Val Accuracy: 1.18
Training Epoch: 23/200	Train Loss: 3.5109	Val Accuracy: 1.18
Training Epoch: 24/200	Train Loss: 3.3959	Val Accuracy: 1.12
Training Epoch: 25/200	Train Loss: 3.3828	Val Accuracy: 1.12
Training Epoch: 26/200	Train Loss: 3.2901	Val Accuracy: 1.12
Training Epoch: 27/200	Train Loss: 3.2439	Val Accuracy: 1.12
Training Epoch: 28/200	Train Loss: 3.094	Val Accuracy: 1.14
Training Epoch: 29/200	Train Loss: 3.1294	Val Accuracy: 1.14
Training Epoch: 30/200	Train Loss: 2.9827	Val Accuracy: 1.28
Training Epoch: 31/200	Train Loss: 2.891	Val Accuracy: 1.28
Training Epoch: 32/200	Train Loss: 2.8944	Val Accuracy: 1.26
Training Epoch: 33/200	Train Loss: 2.8067	Val Accuracy: 1.26
Training Epoch: 34/200	Train Loss: 3.029	Val Accuracy: 1.66
Training Epoch: 35/200	Train Loss: 2.7804	Val Accuracy: 1.66
Training Epoch: 36/200	Train Loss: 2.7161	Val Accuracy: 1.78
Training Epoch: 37/200	Train Loss: 2.6154	Val Accuracy: 1.78
Training Epoch: 38/200	Train Loss: 2.5237	Val Accuracy: 1.68
Training Epoch: 39/200	Train Loss: 2.3515	Val Accuracy: 1.68
Training Epoch: 40/200	Train Loss: 2.3114	Val Accuracy: 1.8
Training Epoch: 41/200	Train Loss: 2.3091	Val Accuracy: 1.8
Training Epoch: 42/200	Train Loss: 2.1157	Val Accuracy: 2.06
Training Epoch: 43/200	Train Loss: 1.9941	Val Accuracy: 2.06
Training Epoch: 44/200	Train Loss: 1.9146	Val Accuracy: 2.22
Training Epoch: 45/200	Train Loss: 1.7877	Val Accuracy: 2.22
Training Epoch: 46/200	Train Loss: 1.8624	Val Accuracy: 2.18
Training Epoch: 47/200	Train Loss: 1.5876	Val Accuracy: 2.18
Training Epoch: 48/200	Train Loss: 1.5685	Val Accuracy: 2.02
Training Epoch: 49/200	Train Loss: 1.4162	Val Accuracy: 2.02
Training Epoch: 50/200	Train Loss: 1.3362	Val Accuracy: 2.3
Training Epoch: 51/200	Train Loss: 1.2349	Val Accuracy: 2.3
Training Epoch: 52/200	Train Loss: 1.188	Val Accuracy: 2.32
Training Epoch: 53/200	Train Loss: 1.0577	Val Accuracy: 2.32
Training Epoch: 54/200	Train Loss: 0.904	Val Accuracy: 2.52
Training Epoch: 55/200	Train Loss: 0.8754	Val Accuracy: 2.52
Training Epoch: 56/200	Train Loss: 0.8442	Val Accuracy: 2.48
Training Epoch: 57/200	Train Loss: 0.7473	Val Accuracy: 2.48
Training Epoch: 58/200	Train Loss: 0.6548	Val Accuracy: 2.54
Training Epoch: 59/200	Train Loss: 0.5855	Val Accuracy: 2.54
Training Epoch: 60/200	Train Loss: 0.5878	Val Accuracy: 2.4
Training Epoch: 61/200	Train Loss: 0.4992	Val Accuracy: 2.4
Training Epoch: 62/200	Train Loss: 0.4196	Val Accuracy: 2.5
Training Epoch: 63/200	Train Loss: 0.3611	Val Accuracy: 2.5
Training Epoch: 64/200	Train Loss: 0.3883	Val Accuracy: 2.82
Training Epoch: 65/200	Train Loss: 0.2878	Val Accuracy: 2.82
Training Epoch: 66/200	Train Loss: 0.2788	Val Accuracy: 2.9
Training Epoch: 67/200	Train Loss: 0.2546	Val Accuracy: 2.9
Training Epoch: 68/200	Train Loss: 0.2232	Val Accuracy: 3.1
Training Epoch: 69/200	Train Loss: 0.2074	Val Accuracy: 3.1
Training Epoch: 70/200	Train Loss: 0.1653	Val Accuracy: 2.96
Training Epoch: 71/200	Train Loss: 0.1654	Val Accuracy: 2.96
Training Epoch: 72/200	Train Loss: 0.1884	Val Accuracy: 2.64
Training Epoch: 73/200	Train Loss: 0.1403	Val Accuracy: 2.64
Training Epoch: 74/200	Train Loss: 0.108	Val Accuracy: 2.74
Training Epoch: 75/200	Train Loss: 0.0939	Val Accuracy: 2.74
Training Epoch: 76/200	Train Loss: 0.1158	Val Accuracy: 2.86
Training Epoch: 77/200	Train Loss: 0.0866	Val Accuracy: 2.86
Training Epoch: 78/200	Train Loss: 0.0872	Val Accuracy: 2.86
Training Epoch: 79/200	Train Loss: 0.0745	Val Accuracy: 2.86
Training Epoch: 80/200	Train Loss: 0.1985	Val Accuracy: 2.84
Training Epoch: 81/200	Train Loss: 0.2021	Val Accuracy: 2.84
Training Epoch: 82/200	Train Loss: 0.0597	Val Accuracy: 3.08
Training Epoch: 83/200	Train Loss: 0.0708	Val Accuracy: 3.08
Training Epoch: 84/200	Train Loss: 0.382	Val Accuracy: 3.38
Training Epoch: 85/200	Train Loss: 0.1104	Val Accuracy: 3.38
Training Epoch: 86/200	Train Loss: 0.1217	Val Accuracy: 3.04
Training Epoch: 87/200	Train Loss: 0.0839	Val Accuracy: 3.04
Training Epoch: 88/200	Train Loss: 0.1036	Val Accuracy: 3.04
Training Epoch: 89/200	Train Loss: 0.1237	Val Accuracy: 3.04
Training Epoch: 90/200	Train Loss: 0.1068	Val Accuracy: 3.16
Training Epoch: 91/200	Train Loss: 0.0754	Val Accuracy: 3.16
Training Epoch: 92/200	Train Loss: 0.0903	Val Accuracy: 3.02
Training Epoch: 93/200	Train Loss: 0.1076	Val Accuracy: 3.02
Training Epoch: 94/200	Train Loss: 0.189	Val Accuracy: 2.74
Training Epoch: 95/200	Train Loss: 0.1025	Val Accuracy: 2.74
Training Epoch: 96/200	Train Loss: 0.0813	Val Accuracy: 2.84
Training Epoch: 97/200	Train Loss: 0.0864	Val Accuracy: 2.84
Training Epoch: 98/200	Train Loss: 0.085	Val Accuracy: 2.98
Training Epoch: 99/200	Train Loss: 0.0593	Val Accuracy: 2.98
Training Epoch: 100/200	Train Loss: 0.0534	Val Accuracy: 2.98
Training Epoch: 101/200	Train Loss: 0.048	Val Accuracy: 2.98
Training Epoch: 102/200	Train Loss: 0.0526	Val Accuracy: 3.1
Training Epoch: 103/200	Train Loss: 0.0524	Val Accuracy: 3.1
Training Epoch: 104/200	Train Loss: 0.0563	Val Accuracy: 3.04
Training Epoch: 105/200	Train Loss: 0.0469	Val Accuracy: 3.04
Training Epoch: 106/200	Train Loss: 0.0324	Val Accuracy: 3.18
Training Epoch: 107/200	Train Loss: 0.0327	Val Accuracy: 3.18
Training Epoch: 108/200	Train Loss: 0.0371	Val Accuracy: 3.22
Training Epoch: 109/200	Train Loss: 0.0525	Val Accuracy: 3.22
Training Epoch: 110/200	Train Loss: 0.0362	Val Accuracy: 2.94
Training Epoch: 111/200	Train Loss: 0.0276	Val Accuracy: 2.94
Training Epoch: 112/200	Train Loss: 0.0332	Val Accuracy: 3.2
Training Epoch: 113/200	Train Loss: 0.026	Val Accuracy: 3.2
Training Epoch: 114/200	Train Loss: 0.0265	Val Accuracy: 3.0
Training Epoch: 115/200	Train Loss: 0.0205	Val Accuracy: 3.0
Training Epoch: 116/200	Train Loss: 0.0255	Val Accuracy: 2.94
Training Epoch: 117/200	Train Loss: 0.0206	Val Accuracy: 2.94
Training Epoch: 118/200	Train Loss: 0.022	Val Accuracy: 3.22
Training Epoch: 119/200	Train Loss: 0.0199	Val Accuracy: 3.22
Training Epoch: 120/200	Train Loss: 0.0197	Val Accuracy: 3.06
Training Epoch: 121/200	Train Loss: 0.0151	Val Accuracy: 3.06
Training Epoch: 122/200	Train Loss: 0.0214	Val Accuracy: 2.98
Training Epoch: 123/200	Train Loss: 0.0283	Val Accuracy: 2.98
Training Epoch: 124/200	Train Loss: 0.0165	Val Accuracy: 3.14
Training Epoch: 125/200	Train Loss: 0.0254	Val Accuracy: 3.14
Training Epoch: 126/200	Train Loss: 0.0405	Val Accuracy: 3.3
Training Epoch: 127/200	Train Loss: 0.0119	Val Accuracy: 3.3
Training Epoch: 128/200	Train Loss: 0.0189	Val Accuracy: 3.02
Training Epoch: 129/200	Train Loss: 0.0164	Val Accuracy: 3.02
Training Epoch: 130/200	Train Loss: 0.0124	Val Accuracy: 3.06
Training Epoch: 131/200	Train Loss: 0.0148	Val Accuracy: 3.06
Training Epoch: 132/200	Train Loss: 0.0164	Val Accuracy: 2.94
Training Epoch: 133/200	Train Loss: 0.0175	Val Accuracy: 2.94
Training Epoch: 134/200	Train Loss: 0.0125	Val Accuracy: 3.28
Training Epoch: 135/200	Train Loss: 0.0115	Val Accuracy: 3.28
Training Epoch: 136/200	Train Loss: 0.015	Val Accuracy: 3.16
Training Epoch: 137/200	Train Loss: 0.0072	Val Accuracy: 3.16
Training Epoch: 138/200	Train Loss: 0.0137	Val Accuracy: 2.94
Training Epoch: 139/200	Train Loss: 0.0176	Val Accuracy: 2.94
Training Epoch: 140/200	Train Loss: 0.0138	Val Accuracy: 3.16
Training Epoch: 141/200	Train Loss: 0.0189	Val Accuracy: 3.16
Training Epoch: 142/200	Train Loss: 0.0115	Val Accuracy: 3.04
Training Epoch: 143/200	Train Loss: 0.0091	Val Accuracy: 3.04
Training Epoch: 144/200	Train Loss: 0.019	Val Accuracy: 3.28
Training Epoch: 145/200	Train Loss: 0.018	Val Accuracy: 3.28
Training Epoch: 146/200	Train Loss: 0.0108	Val Accuracy: 2.98
Training Epoch: 147/200	Train Loss: 0.0135	Val Accuracy: 2.98
Training Epoch: 148/200	Train Loss: 0.0174	Val Accuracy: 2.98
Training Epoch: 149/200	Train Loss: 0.0123	Val Accuracy: 2.98
Training Epoch: 150/200	Train Loss: 0.0137	Val Accuracy: 3.28
Training Epoch: 151/200	Train Loss: 0.0087	Val Accuracy: 3.28
Training Epoch: 152/200	Train Loss: 0.0092	Val Accuracy: 3.04
Training Epoch: 153/200	Train Loss: 0.0151	Val Accuracy: 3.04
Training Epoch: 154/200	Train Loss: 0.0121	Val Accuracy: 3.04
Training Epoch: 155/200	Train Loss: 0.0085	Val Accuracy: 3.04
Training Epoch: 156/200	Train Loss: 0.0069	Val Accuracy: 3.34
Training Epoch: 157/200	Train Loss: 0.0069	Val Accuracy: 3.34
Training Epoch: 158/200	Train Loss: 0.0105	Val Accuracy: 3.1
Training Epoch: 159/200	Train Loss: 0.0087	Val Accuracy: 3.1
Training Epoch: 160/200	Train Loss: 0.0127	Val Accuracy: 3.18
Training Epoch: 161/200	Train Loss: 0.0116	Val Accuracy: 3.18
Training Epoch: 162/200	Train Loss: 0.0071	Val Accuracy: 2.76
Training Epoch: 163/200	Train Loss: 0.0086	Val Accuracy: 2.76
Training Epoch: 164/200	Train Loss: 0.0089	Val Accuracy: 3.3
Training Epoch: 165/200	Train Loss: 0.008	Val Accuracy: 3.3
Training Epoch: 166/200	Train Loss: 0.0072	Val Accuracy: 3.02
Training Epoch: 167/200	Train Loss: 0.0078	Val Accuracy: 3.02
Training Epoch: 168/200	Train Loss: 0.0083	Val Accuracy: 3.12
Training Epoch: 169/200	Train Loss: 0.0057	Val Accuracy: 3.12
Training Epoch: 170/200	Train Loss: 0.0098	Val Accuracy: 3.18
Training Epoch: 171/200	Train Loss: 0.007	Val Accuracy: 3.18
Training Epoch: 172/200	Train Loss: 0.0082	Val Accuracy: 3.1
Training Epoch: 173/200	Train Loss: 0.0118	Val Accuracy: 3.1
Training Epoch: 174/200	Train Loss: 0.0107	Val Accuracy: 2.88
Training Epoch: 175/200	Train Loss: 0.0108	Val Accuracy: 2.88
Training Epoch: 176/200	Train Loss: 0.0083	Val Accuracy: 2.94
Training Epoch: 177/200	Train Loss: 0.0091	Val Accuracy: 2.94
Training Epoch: 178/200	Train Loss: 0.0096	Val Accuracy: 3.3
Training Epoch: 179/200	Train Loss: 0.0103	Val Accuracy: 3.3
Training Epoch: 180/200	Train Loss: 0.0072	Val Accuracy: 3.12
Training Epoch: 181/200	Train Loss: 0.0069	Val Accuracy: 3.12
Training Epoch: 182/200	Train Loss: 0.0071	Val Accuracy: 3.18
Training Epoch: 183/200	Train Loss: 0.0087	Val Accuracy: 3.18
Training Epoch: 184/200	Train Loss: 0.0077	Val Accuracy: 3.1
Training Epoch: 185/200	Train Loss: 0.0089	Val Accuracy: 3.1
Training Epoch: 186/200	Train Loss: 0.0096	Val Accuracy: 2.92
Training Epoch: 187/200	Train Loss: 0.0064	Val Accuracy: 2.92
Training Epoch: 188/200	Train Loss: 0.0098	Val Accuracy: 3.06
Training Epoch: 189/200	Train Loss: 0.0073	Val Accuracy: 3.06
Training Epoch: 190/200	Train Loss: 0.0099	Val Accuracy: 3.36
Training Epoch: 191/200	Train Loss: 0.0094	Val Accuracy: 3.36
Training Epoch: 192/200	Train Loss: 0.0116	Val Accuracy: 3.06
Training Epoch: 193/200	Train Loss: 0.0081	Val Accuracy: 3.06
Training Epoch: 194/200	Train Loss: 0.0085	Val Accuracy: 3.38
Training Epoch: 195/200	Train Loss: 0.0099	Val Accuracy: 3.38
Training Epoch: 196/200	Train Loss: 0.008	Val Accuracy: 3.28
Training Epoch: 197/200	Train Loss: 0.0087	Val Accuracy: 3.28
Training Epoch: 198/200	Train Loss: 0.0083	Val Accuracy: 3.34
Training Epoch: 199/200	Train Loss: 0.0106	Val Accuracy: 3.34
Training Epoch: 200/200	Train Loss: 0.0098	Val Accuracy: 3.04

Wrote Best Model Checkpoint to: vlBest_acc_3_model_epoch_0084.pyth

Best Validation Accuracy: 3.38
Best Epoch: 84

======== TESTING ========

Test Accuracy: 3.12.

======== ACTIVE SAMPLING ========

len(uSetLoader): 450
u_ranks.shape: (44950,)
Active Sampling Complete. After Episode 0:
New Labeled Set: 100, New Unlabeled Set: 44900, Active Set: 50

================================


Current accuracy values:  [3.1200000000000045]
======== EPISODE 1 BEGINS ========

======== TRAINING ========
Training Epoch: 1/200	Train Loss: 6.7068	Val Accuracy: 0.0
Training Epoch: 2/200	Train Loss: 5.2165	Val Accuracy: 2.56
Training Epoch: 3/200	Train Loss: 3.9274	Val Accuracy: 2.56
Training Epoch: 4/200	Train Loss: 3.5363	Val Accuracy: 2.8
Training Epoch: 5/200	Train Loss: 3.3072	Val Accuracy: 2.8
Training Epoch: 6/200	Train Loss: 3.2918	Val Accuracy: 2.66
Training Epoch: 7/200	Train Loss: 3.0417	Val Accuracy: 2.66
Training Epoch: 8/200	Train Loss: 2.8772	Val Accuracy: 2.54
Training Epoch: 9/200	Train Loss: 2.7086	Val Accuracy: 2.54
Training Epoch: 10/200	Train Loss: 2.5743	Val Accuracy: 2.68
Training Epoch: 11/200	Train Loss: 2.525	Val Accuracy: 2.68
Training Epoch: 12/200	Train Loss: 2.3919	Val Accuracy: 3.04
Training Epoch: 13/200	Train Loss: 2.2316	Val Accuracy: 3.04
Training Epoch: 14/200	Train Loss: 2.0709	Val Accuracy: 3.08
Training Epoch: 15/200	Train Loss: 2.0306	Val Accuracy: 3.08
Training Epoch: 16/200	Train Loss: 1.835	Val Accuracy: 3.18
Training Epoch: 17/200	Train Loss: 1.7541	Val Accuracy: 3.18
Training Epoch: 18/200	Train Loss: 1.5482	Val Accuracy: 3.06
Training Epoch: 19/200	Train Loss: 1.538	Val Accuracy: 3.06
Training Epoch: 20/200	Train Loss: 1.4052	Val Accuracy: 3.18
Training Epoch: 21/200	Train Loss: 1.2995	Val Accuracy: 3.18
Training Epoch: 22/200	Train Loss: 1.2078	Val Accuracy: 3.16
Training Epoch: 23/200	Train Loss: 1.1552	Val Accuracy: 3.16
Training Epoch: 24/200	Train Loss: 1.0527	Val Accuracy: 3.16
Training Epoch: 25/200	Train Loss: 0.9795	Val Accuracy: 3.16
Training Epoch: 26/200	Train Loss: 0.8324	Val Accuracy: 3.08
Training Epoch: 27/200	Train Loss: 0.8999	Val Accuracy: 3.08
Training Epoch: 28/200	Train Loss: 0.9514	Val Accuracy: 3.0
Training Epoch: 29/200	Train Loss: 0.8838	Val Accuracy: 3.0
Training Epoch: 30/200	Train Loss: 0.7947	Val Accuracy: 3.1
Training Epoch: 31/200	Train Loss: 0.761	Val Accuracy: 3.1
Training Epoch: 32/200	Train Loss: 0.5935	Val Accuracy: 3.48
Training Epoch: 33/200	Train Loss: 0.6805	Val Accuracy: 3.48
Training Epoch: 34/200	Train Loss: 0.5347	Val Accuracy: 3.7
Training Epoch: 35/200	Train Loss: 0.4988	Val Accuracy: 3.7
Training Epoch: 36/200	Train Loss: 0.4228	Val Accuracy: 3.24
Training Epoch: 37/200	Train Loss: 0.3808	Val Accuracy: 3.24
Training Epoch: 38/200	Train Loss: 0.3971	Val Accuracy: 3.3
Training Epoch: 39/200	Train Loss: 0.2952	Val Accuracy: 3.3
Training Epoch: 40/200	Train Loss: 0.2962	Val Accuracy: 3.5
Training Epoch: 41/200	Train Loss: 0.2641	Val Accuracy: 3.5
Training Epoch: 42/200	Train Loss: 0.2327	Val Accuracy: 3.32
Training Epoch: 43/200	Train Loss: 0.255	Val Accuracy: 3.32
Training Epoch: 44/200	Train Loss: 0.2261	Val Accuracy: 3.6
Training Epoch: 45/200	Train Loss: 0.2078	Val Accuracy: 3.6
Training Epoch: 46/200	Train Loss: 0.1816	Val Accuracy: 3.32
Training Epoch: 47/200	Train Loss: 0.1749	Val Accuracy: 3.32
Training Epoch: 48/200	Train Loss: 0.153	Val Accuracy: 3.28
Training Epoch: 49/200	Train Loss: 0.1578	Val Accuracy: 3.28
Training Epoch: 50/200	Train Loss: 0.1045	Val Accuracy: 3.32
Training Epoch: 51/200	Train Loss: 0.1072	Val Accuracy: 3.32
Training Epoch: 52/200	Train Loss: 0.0884	Val Accuracy: 3.42
Training Epoch: 53/200	Train Loss: 0.1115	Val Accuracy: 3.42
Training Epoch: 54/200	Train Loss: 0.0737	Val Accuracy: 3.74
Training Epoch: 55/200	Train Loss: 0.1005	Val Accuracy: 3.74
Training Epoch: 56/200	Train Loss: 0.1016	Val Accuracy: 3.32
Training Epoch: 57/200	Train Loss: 0.0756	Val Accuracy: 3.32
Training Epoch: 58/200	Train Loss: 0.0509	Val Accuracy: 3.28
Training Epoch: 59/200	Train Loss: 0.0616	Val Accuracy: 3.28
Training Epoch: 60/200	Train Loss: 0.1008	Val Accuracy: 3.38
Training Epoch: 61/200	Train Loss: 0.0819	Val Accuracy: 3.38
Training Epoch: 62/200	Train Loss: 0.0501	Val Accuracy: 3.46
Training Epoch: 63/200	Train Loss: 0.0603	Val Accuracy: 3.46
Training Epoch: 64/200	Train Loss: 0.0501	Val Accuracy: 3.44
Training Epoch: 65/200	Train Loss: 0.0613	Val Accuracy: 3.44
Training Epoch: 66/200	Train Loss: 0.0553	Val Accuracy: 3.48
Training Epoch: 67/200	Train Loss: 0.0545	Val Accuracy: 3.48
Training Epoch: 68/200	Train Loss: 0.0332	Val Accuracy: 3.58
Training Epoch: 69/200	Train Loss: 0.0384	Val Accuracy: 3.58
Training Epoch: 70/200	Train Loss: 0.0415	Val Accuracy: 3.46
Training Epoch: 71/200	Train Loss: 0.057	Val Accuracy: 3.46
Training Epoch: 72/200	Train Loss: 0.0332	Val Accuracy: 3.56
Training Epoch: 73/200	Train Loss: 0.0217	Val Accuracy: 3.56
Training Epoch: 74/200	Train Loss: 0.0798	Val Accuracy: 3.48
Training Epoch: 75/200	Train Loss: 0.0281	Val Accuracy: 3.48
Training Epoch: 76/200	Train Loss: 0.036	Val Accuracy: 3.36
Training Epoch: 77/200	Train Loss: 0.0243	Val Accuracy: 3.36
Training Epoch: 78/200	Train Loss: 0.0371	Val Accuracy: 3.4
Training Epoch: 79/200	Train Loss: 0.0413	Val Accuracy: 3.4
Training Epoch: 80/200	Train Loss: 0.0221	Val Accuracy: 3.36
Training Epoch: 81/200	Train Loss: 0.0377	Val Accuracy: 3.36
Training Epoch: 82/200	Train Loss: 0.021	Val Accuracy: 3.34
Training Epoch: 83/200	Train Loss: 0.0229	Val Accuracy: 3.34
Training Epoch: 84/200	Train Loss: 0.0202	Val Accuracy: 3.4
Training Epoch: 85/200	Train Loss: 0.0488	Val Accuracy: 3.4
Training Epoch: 86/200	Train Loss: 0.0232	Val Accuracy: 3.16
Training Epoch: 87/200	Train Loss: 0.0239	Val Accuracy: 3.16
Training Epoch: 88/200	Train Loss: 0.0138	Val Accuracy: 3.58
Training Epoch: 89/200	Train Loss: 0.0277	Val Accuracy: 3.58
Training Epoch: 90/200	Train Loss: 0.0198	Val Accuracy: 3.62
Training Epoch: 91/200	Train Loss: 0.0205	Val Accuracy: 3.62
Training Epoch: 92/200	Train Loss: 0.0216	Val Accuracy: 3.62
Training Epoch: 93/200	Train Loss: 0.0135	Val Accuracy: 3.62
Training Epoch: 94/200	Train Loss: 0.0166	Val Accuracy: 3.66
Training Epoch: 95/200	Train Loss: 0.0132	Val Accuracy: 3.66
Training Epoch: 96/200	Train Loss: 0.0259	Val Accuracy: 3.6
Training Epoch: 97/200	Train Loss: 0.0311	Val Accuracy: 3.6
Training Epoch: 98/200	Train Loss: 0.0181	Val Accuracy: 3.46
Training Epoch: 99/200	Train Loss: 0.0273	Val Accuracy: 3.46
Training Epoch: 100/200	Train Loss: 0.0123	Val Accuracy: 3.94
Training Epoch: 101/200	Train Loss: 0.0143	Val Accuracy: 3.94
Training Epoch: 102/200	Train Loss: 0.0182	Val Accuracy: 3.78
Training Epoch: 103/200	Train Loss: 0.0203	Val Accuracy: 3.78
Training Epoch: 104/200	Train Loss: 0.0179	Val Accuracy: 3.66
Training Epoch: 105/200	Train Loss: 0.0103	Val Accuracy: 3.66
Training Epoch: 106/200	Train Loss: 0.0126	Val Accuracy: 3.56
Training Epoch: 107/200	Train Loss: 0.0256	Val Accuracy: 3.56
Training Epoch: 108/200	Train Loss: 0.0112	Val Accuracy: 3.66
Training Epoch: 109/200	Train Loss: 0.0166	Val Accuracy: 3.66
Training Epoch: 110/200	Train Loss: 0.0143	Val Accuracy: 3.42
Training Epoch: 111/200	Train Loss: 0.03	Val Accuracy: 3.42
Training Epoch: 112/200	Train Loss: 0.0115	Val Accuracy: 3.66
Training Epoch: 113/200	Train Loss: 0.0195	Val Accuracy: 3.66
Training Epoch: 114/200	Train Loss: 0.0136	Val Accuracy: 3.74
Training Epoch: 115/200	Train Loss: 0.0075	Val Accuracy: 3.74
Training Epoch: 116/200	Train Loss: 0.0172	Val Accuracy: 3.48
Training Epoch: 117/200	Train Loss: 0.0101	Val Accuracy: 3.48
Training Epoch: 118/200	Train Loss: 0.0111	Val Accuracy: 3.28
Training Epoch: 119/200	Train Loss: 0.0109	Val Accuracy: 3.28
Training Epoch: 120/200	Train Loss: 0.0131	Val Accuracy: 3.58
Training Epoch: 121/200	Train Loss: 0.0093	Val Accuracy: 3.58
Training Epoch: 122/200	Train Loss: 0.0123	Val Accuracy: 3.52
Training Epoch: 123/200	Train Loss: 0.0074	Val Accuracy: 3.52
Training Epoch: 124/200	Train Loss: 0.007	Val Accuracy: 3.52
Training Epoch: 125/200	Train Loss: 0.0135	Val Accuracy: 3.52
Training Epoch: 126/200	Train Loss: 0.0073	Val Accuracy: 3.56
Training Epoch: 127/200	Train Loss: 0.0103	Val Accuracy: 3.56
Training Epoch: 128/200	Train Loss: 0.0104	Val Accuracy: 3.64
Training Epoch: 129/200	Train Loss: 0.0076	Val Accuracy: 3.64
Training Epoch: 130/200	Train Loss: 0.0095	Val Accuracy: 3.18
Training Epoch: 131/200	Train Loss: 0.0133	Val Accuracy: 3.18
Training Epoch: 132/200	Train Loss: 0.0142	Val Accuracy: 3.54
Training Epoch: 133/200	Train Loss: 0.0084	Val Accuracy: 3.54
Training Epoch: 134/200	Train Loss: 0.0079	Val Accuracy: 3.44
Training Epoch: 135/200	Train Loss: 0.0097	Val Accuracy: 3.44
Training Epoch: 136/200	Train Loss: 0.0117	Val Accuracy: 3.54
Training Epoch: 137/200	Train Loss: 0.0075	Val Accuracy: 3.54
Training Epoch: 138/200	Train Loss: 0.0121	Val Accuracy: 3.52
Training Epoch: 139/200	Train Loss: 0.0079	Val Accuracy: 3.52
Training Epoch: 140/200	Train Loss: 0.0089	Val Accuracy: 3.64
Training Epoch: 141/200	Train Loss: 0.0065	Val Accuracy: 3.64
Training Epoch: 142/200	Train Loss: 0.0093	Val Accuracy: 3.54
Training Epoch: 143/200	Train Loss: 0.007	Val Accuracy: 3.54
Training Epoch: 144/200	Train Loss: 0.0102	Val Accuracy: 3.56
Training Epoch: 145/200	Train Loss: 0.0096	Val Accuracy: 3.56
Training Epoch: 146/200	Train Loss: 0.0077	Val Accuracy: 3.56
Training Epoch: 147/200	Train Loss: 0.009	Val Accuracy: 3.56
Training Epoch: 148/200	Train Loss: 0.009	Val Accuracy: 3.34
Training Epoch: 149/200	Train Loss: 0.0093	Val Accuracy: 3.34
Training Epoch: 150/200	Train Loss: 0.007	Val Accuracy: 3.44
Training Epoch: 151/200	Train Loss: 0.0067	Val Accuracy: 3.44
Training Epoch: 152/200	Train Loss: 0.0102	Val Accuracy: 3.44
Training Epoch: 153/200	Train Loss: 0.0087	Val Accuracy: 3.44
Training Epoch: 154/200	Train Loss: 0.0083	Val Accuracy: 3.42
Training Epoch: 155/200	Train Loss: 0.0095	Val Accuracy: 3.42
Training Epoch: 156/200	Train Loss: 0.0058	Val Accuracy: 3.4
Training Epoch: 157/200	Train Loss: 0.006	Val Accuracy: 3.4
Training Epoch: 158/200	Train Loss: 0.0085	Val Accuracy: 3.7
Training Epoch: 159/200	Train Loss: 0.0054	Val Accuracy: 3.7
Training Epoch: 160/200	Train Loss: 0.0129	Val Accuracy: 3.52
Training Epoch: 161/200	Train Loss: 0.008	Val Accuracy: 3.52
Training Epoch: 162/200	Train Loss: 0.0062	Val Accuracy: 3.54
Training Epoch: 163/200	Train Loss: 0.0063	Val Accuracy: 3.54
Training Epoch: 164/200	Train Loss: 0.0103	Val Accuracy: 3.56
Training Epoch: 165/200	Train Loss: 0.0102	Val Accuracy: 3.56
Training Epoch: 166/200	Train Loss: 0.012	Val Accuracy: 3.58
Training Epoch: 167/200	Train Loss: 0.0069	Val Accuracy: 3.58
Training Epoch: 168/200	Train Loss: 0.008	Val Accuracy: 3.44
Training Epoch: 169/200	Train Loss: 0.0107	Val Accuracy: 3.44
Training Epoch: 170/200	Train Loss: 0.0062	Val Accuracy: 3.46
Training Epoch: 171/200	Train Loss: 0.0068	Val Accuracy: 3.46
Training Epoch: 172/200	Train Loss: 0.012	Val Accuracy: 3.3
Training Epoch: 173/200	Train Loss: 0.0094	Val Accuracy: 3.3
Training Epoch: 174/200	Train Loss: 0.0103	Val Accuracy: 3.44
Training Epoch: 175/200	Train Loss: 0.0074	Val Accuracy: 3.44
Training Epoch: 176/200	Train Loss: 0.0093	Val Accuracy: 3.7
Training Epoch: 177/200	Train Loss: 0.0074	Val Accuracy: 3.7
Training Epoch: 178/200	Train Loss: 0.0091	Val Accuracy: 3.64
Training Epoch: 179/200	Train Loss: 0.0078	Val Accuracy: 3.64
Training Epoch: 180/200	Train Loss: 0.0108	Val Accuracy: 3.36
Training Epoch: 181/200	Train Loss: 0.0069	Val Accuracy: 3.36
Training Epoch: 182/200	Train Loss: 0.0066	Val Accuracy: 3.52
Training Epoch: 183/200	Train Loss: 0.0089	Val Accuracy: 3.52
Training Epoch: 184/200	Train Loss: 0.0074	Val Accuracy: 3.66
Training Epoch: 185/200	Train Loss: 0.007	Val Accuracy: 3.66
Training Epoch: 186/200	Train Loss: 0.008	Val Accuracy: 3.48
Training Epoch: 187/200	Train Loss: 0.0071	Val Accuracy: 3.48
Training Epoch: 188/200	Train Loss: 0.011	Val Accuracy: 3.36
Training Epoch: 189/200	Train Loss: 0.0129	Val Accuracy: 3.36
Training Epoch: 190/200	Train Loss: 0.0159	Val Accuracy: 3.48
Training Epoch: 191/200	Train Loss: 0.012	Val Accuracy: 3.48
Training Epoch: 192/200	Train Loss: 0.0064	Val Accuracy: 3.32
Training Epoch: 193/200	Train Loss: 0.0082	Val Accuracy: 3.32
Training Epoch: 194/200	Train Loss: 0.0141	Val Accuracy: 3.5
Training Epoch: 195/200	Train Loss: 0.0069	Val Accuracy: 3.5
Training Epoch: 196/200	Train Loss: 0.0081	Val Accuracy: 3.68
Training Epoch: 197/200	Train Loss: 0.0079	Val Accuracy: 3.68
Training Epoch: 198/200	Train Loss: 0.0106	Val Accuracy: 3.42
Training Epoch: 199/200	Train Loss: 0.0065	Val Accuracy: 3.42
Training Epoch: 200/200	Train Loss: 0.0062	Val Accuracy: 3.62

Wrote Best Model Checkpoint to: vlBest_acc_3_model_epoch_0100.pyth

Best Validation Accuracy: 3.94
Best Epoch: 100

======== TESTING ========

Test Accuracy: 3.6.

======== ACTIVE SAMPLING ========

len(uSetLoader): 449
u_ranks.shape: (44900,)
Active Sampling Complete. After Episode 1:
New Labeled Set: 150, New Unlabeled Set: 44850, Active Set: 50

================================


Current accuracy values:  [3.1200000000000045, 3.5999999999999943]
======== EPISODE 2 BEGINS ========

======== TRAINING ========
Training Epoch: 1/200	Train Loss: 13.7769	Val Accuracy: 0.0
Training Epoch: 2/200	Train Loss: 6.3284	Val Accuracy: 3.06
Training Epoch: 3/200	Train Loss: 2.7629	Val Accuracy: 3.06
Training Epoch: 4/200	Train Loss: 2.6297	Val Accuracy: 2.98
Training Epoch: 5/200	Train Loss: 2.0544	Val Accuracy: 2.98
Training Epoch: 6/200	Train Loss: 8.0984	Val Accuracy: 2.8
Training Epoch: 7/200	Train Loss: 4.0707	Val Accuracy: 2.8
Training Epoch: 8/200	Train Loss: 2.5261	Val Accuracy: 2.84
Training Epoch: 9/200	Train Loss: 2.1064	Val Accuracy: 2.84
Training Epoch: 10/200	Train Loss: 2.7611	Val Accuracy: 3.32
Training Epoch: 11/200	Train Loss: 2.1016	Val Accuracy: 3.32
Training Epoch: 12/200	Train Loss: 9.2314	Val Accuracy: 2.7
Training Epoch: 13/200	Train Loss: 2.1044	Val Accuracy: 2.7
Training Epoch: 14/200	Train Loss: 5.744	Val Accuracy: 2.52
Training Epoch: 15/200	Train Loss: 3.2972	Val Accuracy: 2.52
Training Epoch: 16/200	Train Loss: 2.3219	Val Accuracy: 2.38
Training Epoch: 17/200	Train Loss: 1.9827	Val Accuracy: 2.38
Training Epoch: 18/200	Train Loss: 2.7206	Val Accuracy: 2.56
Training Epoch: 19/200	Train Loss: 3.1693	Val Accuracy: 2.56
Training Epoch: 20/200	Train Loss: 9.8032	Val Accuracy: 2.4
Training Epoch: 21/200	Train Loss: 3.4999	Val Accuracy: 2.4
Training Epoch: 22/200	Train Loss: 6.3722	Val Accuracy: 2.92
Training Epoch: 23/200	Train Loss: 1.8455	Val Accuracy: 2.92
Training Epoch: 24/200	Train Loss: 1.7916	Val Accuracy: 2.48
Training Epoch: 25/200	Train Loss: 5.8674	Val Accuracy: 2.48
Training Epoch: 26/200	Train Loss: 2.1862	Val Accuracy: 2.18
Training Epoch: 27/200	Train Loss: 1.7663	Val Accuracy: 2.18
Training Epoch: 28/200	Train Loss: 6.6759	Val Accuracy: 2.36
Training Epoch: 29/200	Train Loss: 4.8359	Val Accuracy: 2.36
Training Epoch: 30/200	Train Loss: 4.3751	Val Accuracy: 2.24
Training Epoch: 31/200	Train Loss: 3.6369	Val Accuracy: 2.24
Training Epoch: 32/200	Train Loss: 5.835	Val Accuracy: 2.98
Training Epoch: 33/200	Train Loss: 2.7974	Val Accuracy: 2.98
Training Epoch: 34/200	Train Loss: 3.8445	Val Accuracy: 3.42
Training Epoch: 35/200	Train Loss: 3.1794	Val Accuracy: 3.42
Training Epoch: 36/200	Train Loss: 3.1241	Val Accuracy: 3.1
Training Epoch: 37/200	Train Loss: 1.4106	Val Accuracy: 3.1
Training Epoch: 38/200	Train Loss: 1.1069	Val Accuracy: 3.34
Training Epoch: 39/200	Train Loss: 2.836	Val Accuracy: 3.34
Training Epoch: 40/200	Train Loss: 2.381	Val Accuracy: 3.48
Training Epoch: 41/200	Train Loss: 0.9701	Val Accuracy: 3.48
Training Epoch: 42/200	Train Loss: 6.9928	Val Accuracy: 3.34
Training Epoch: 43/200	Train Loss: 0.7744	Val Accuracy: 3.34
Training Epoch: 44/200	Train Loss: 8.3407	Val Accuracy: 3.14
Training Epoch: 45/200	Train Loss: 1.1601	Val Accuracy: 3.14
Training Epoch: 46/200	Train Loss: 2.1598	Val Accuracy: 3.22
Training Epoch: 47/200	Train Loss: 3.8228	Val Accuracy: 3.22
Training Epoch: 48/200	Train Loss: 1.6431	Val Accuracy: 3.24
Training Epoch: 49/200	Train Loss: 2.1806	Val Accuracy: 3.24
Training Epoch: 50/200	Train Loss: 2.4237	Val Accuracy: 3.3
Training Epoch: 51/200	Train Loss: 2.9234	Val Accuracy: 3.3
Training Epoch: 52/200	Train Loss: 1.007	Val Accuracy: 3.82
Training Epoch: 53/200	Train Loss: 0.8724	Val Accuracy: 3.82
Training Epoch: 54/200	Train Loss: 0.7153	Val Accuracy: 3.7
Training Epoch: 55/200	Train Loss: 7.5626	Val Accuracy: 3.7
Training Epoch: 56/200	Train Loss: 0.7669	Val Accuracy: 3.82
Training Epoch: 57/200	Train Loss: 0.6636	Val Accuracy: 3.82
Training Epoch: 58/200	Train Loss: 2.5582	Val Accuracy: 3.28
Training Epoch: 59/200	Train Loss: 1.4486	Val Accuracy: 3.28
Training Epoch: 60/200	Train Loss: 1.6732	Val Accuracy: 3.66
Training Epoch: 61/200	Train Loss: 4.8865	Val Accuracy: 3.66
Training Epoch: 62/200	Train Loss: 0.4657	Val Accuracy: 3.6
Training Epoch: 63/200	Train Loss: 0.2269	Val Accuracy: 3.6
Training Epoch: 64/200	Train Loss: 4.3947	Val Accuracy: 3.5
Training Epoch: 65/200	Train Loss: 0.4181	Val Accuracy: 3.5
Training Epoch: 66/200	Train Loss: 0.5411	Val Accuracy: 3.26
Training Epoch: 67/200	Train Loss: 1.5017	Val Accuracy: 3.26
Training Epoch: 68/200	Train Loss: 4.279	Val Accuracy: 3.3
Training Epoch: 69/200	Train Loss: 0.9691	Val Accuracy: 3.3
Training Epoch: 70/200	Train Loss: 2.1158	Val Accuracy: 3.48
Training Epoch: 71/200	Train Loss: 1.4001	Val Accuracy: 3.48
Training Epoch: 72/200	Train Loss: 0.4038	Val Accuracy: 3.58
Training Epoch: 73/200	Train Loss: 5.4167	Val Accuracy: 3.58
Training Epoch: 74/200	Train Loss: 0.8214	Val Accuracy: 3.74
Training Epoch: 75/200	Train Loss: 0.6614	Val Accuracy: 3.74
Training Epoch: 76/200	Train Loss: 0.2905	Val Accuracy: 3.4
Training Epoch: 77/200	Train Loss: 0.6882	Val Accuracy: 3.4
Training Epoch: 78/200	Train Loss: 0.3603	Val Accuracy: 3.42
Training Epoch: 79/200	Train Loss: 0.2758	Val Accuracy: 3.42
Training Epoch: 80/200	Train Loss: 4.1731	Val Accuracy: 3.82
Training Epoch: 81/200	Train Loss: 0.5833	Val Accuracy: 3.82
Training Epoch: 82/200	Train Loss: 0.3697	Val Accuracy: 3.48
Training Epoch: 83/200	Train Loss: 0.1949	Val Accuracy: 3.48
Training Epoch: 84/200	Train Loss: 9.3816	Val Accuracy: 3.18
Training Epoch: 85/200	Train Loss: 0.3848	Val Accuracy: 3.18
Training Epoch: 86/200	Train Loss: 0.3229	Val Accuracy: 3.14
Training Epoch: 87/200	Train Loss: 0.2621	Val Accuracy: 3.14
Training Epoch: 88/200	Train Loss: 0.1706	Val Accuracy: 3.42
Training Epoch: 89/200	Train Loss: 2.6348	Val Accuracy: 3.42
Training Epoch: 90/200	Train Loss: 0.2238	Val Accuracy: 3.44
Training Epoch: 91/200	Train Loss: 7.8484	Val Accuracy: 3.44
Training Epoch: 92/200	Train Loss: 2.121	Val Accuracy: 3.46
Training Epoch: 93/200	Train Loss: 1.9313	Val Accuracy: 3.46
Training Epoch: 94/200	Train Loss: 0.181	Val Accuracy: 3.52
Training Epoch: 95/200	Train Loss: 0.2184	Val Accuracy: 3.52
Training Epoch: 96/200	Train Loss: 0.2715	Val Accuracy: 3.46
Training Epoch: 97/200	Train Loss: 0.148	Val Accuracy: 3.46
Training Epoch: 98/200	Train Loss: 0.1106	Val Accuracy: 3.36
Training Epoch: 99/200	Train Loss: 4.6683	Val Accuracy: 3.36
Training Epoch: 100/200	Train Loss: 0.2405	Val Accuracy: 3.1
Training Epoch: 101/200	Train Loss: 0.1989	Val Accuracy: 3.1
Training Epoch: 102/200	Train Loss: 0.1433	Val Accuracy: 3.22
Training Epoch: 103/200	Train Loss: 0.1708	Val Accuracy: 3.22
Training Epoch: 104/200	Train Loss: 0.3125	Val Accuracy: 3.58
Training Epoch: 105/200	Train Loss: 1.3579	Val Accuracy: 3.58
Training Epoch: 106/200	Train Loss: 1.36	Val Accuracy: 3.72
Training Epoch: 107/200	Train Loss: 0.1404	Val Accuracy: 3.72
Training Epoch: 108/200	Train Loss: 0.1444	Val Accuracy: 3.56
Training Epoch: 109/200	Train Loss: 0.2575	Val Accuracy: 3.56
Training Epoch: 110/200	Train Loss: 2.7915	Val Accuracy: 3.4
Training Epoch: 111/200	Train Loss: 1.1137	Val Accuracy: 3.4
Training Epoch: 112/200	Train Loss: 0.7816	Val Accuracy: 3.34
Training Epoch: 113/200	Train Loss: 0.2762	Val Accuracy: 3.34
Training Epoch: 114/200	Train Loss: 0.0728	Val Accuracy: 3.4
Training Epoch: 115/200	Train Loss: 0.0771	Val Accuracy: 3.4
Training Epoch: 116/200	Train Loss: 3.4687	Val Accuracy: 3.72
Training Epoch: 117/200	Train Loss: 0.1557	Val Accuracy: 3.72
Training Epoch: 118/200	Train Loss: 2.9195	Val Accuracy: 3.56
Training Epoch: 119/200	Train Loss: 0.0847	Val Accuracy: 3.56
Training Epoch: 120/200	Train Loss: 2.301	Val Accuracy: 3.82
Training Epoch: 121/200	Train Loss: 0.094	Val Accuracy: 3.82
Training Epoch: 122/200	Train Loss: 0.5206	Val Accuracy: 3.62
Training Epoch: 123/200	Train Loss: 1.5431	Val Accuracy: 3.62
Training Epoch: 124/200	Train Loss: 0.8367	Val Accuracy: 3.72
Training Epoch: 125/200	Train Loss: 3.4044	Val Accuracy: 3.72
Training Epoch: 126/200	Train Loss: 0.1435	Val Accuracy: 3.6
Training Epoch: 127/200	Train Loss: 0.1495	Val Accuracy: 3.6
Training Epoch: 128/200	Train Loss: 3.0692	Val Accuracy: 3.72
Training Epoch: 129/200	Train Loss: 3.9059	Val Accuracy: 3.72
Training Epoch: 130/200	Train Loss: 1.9002	Val Accuracy: 3.5
Training Epoch: 131/200	Train Loss: 0.1002	Val Accuracy: 3.5
Training Epoch: 132/200	Train Loss: 4.2808	Val Accuracy: 3.64
Training Epoch: 133/200	Train Loss: 0.1918	Val Accuracy: 3.64
Training Epoch: 134/200	Train Loss: 0.2048	Val Accuracy: 3.3
Training Epoch: 135/200	Train Loss: 0.0797	Val Accuracy: 3.3
Training Epoch: 136/200	Train Loss: 0.0541	Val Accuracy: 3.72
Training Epoch: 137/200	Train Loss: 2.2443	Val Accuracy: 3.72
Training Epoch: 138/200	Train Loss: 1.1661	Val Accuracy: 3.6
Training Epoch: 139/200	Train Loss: 0.325	Val Accuracy: 3.6
Training Epoch: 140/200	Train Loss: 0.8091	Val Accuracy: 3.36
Training Epoch: 141/200	Train Loss: 0.4121	Val Accuracy: 3.36
Training Epoch: 142/200	Train Loss: 2.6034	Val Accuracy: 3.32
Training Epoch: 143/200	Train Loss: 1.3761	Val Accuracy: 3.32
Training Epoch: 144/200	Train Loss: 0.0491	Val Accuracy: 3.2
Training Epoch: 145/200	Train Loss: 2.4678	Val Accuracy: 3.2
Training Epoch: 146/200	Train Loss: 0.7843	Val Accuracy: 3.22
Training Epoch: 147/200	Train Loss: 0.1033	Val Accuracy: 3.22
Training Epoch: 148/200	Train Loss: 1.0086	Val Accuracy: 3.34
Training Epoch: 149/200	Train Loss: 0.3018	Val Accuracy: 3.34
Training Epoch: 150/200	Train Loss: 1.5516	Val Accuracy: 3.5
Training Epoch: 151/200	Train Loss: 0.05	Val Accuracy: 3.5
Training Epoch: 152/200	Train Loss: 0.1396	Val Accuracy: 3.24
Training Epoch: 153/200	Train Loss: 0.0814	Val Accuracy: 3.24
Training Epoch: 154/200	Train Loss: 0.0854	Val Accuracy: 3.54
Training Epoch: 155/200	Train Loss: 0.7194	Val Accuracy: 3.54
Training Epoch: 156/200	Train Loss: 0.1266	Val Accuracy: 3.62
Training Epoch: 157/200	Train Loss: 0.0541	Val Accuracy: 3.62
Training Epoch: 158/200	Train Loss: 0.1164	Val Accuracy: 3.68
Training Epoch: 159/200	Train Loss: 1.2545	Val Accuracy: 3.68
Training Epoch: 160/200	Train Loss: 1.7732	Val Accuracy: 3.56
Training Epoch: 161/200	Train Loss: 2.1895	Val Accuracy: 3.56
Training Epoch: 162/200	Train Loss: 4.5363	Val Accuracy: 3.48
Training Epoch: 163/200	Train Loss: 0.1267	Val Accuracy: 3.48
Training Epoch: 164/200	Train Loss: 0.0913	Val Accuracy: 3.74
Training Epoch: 165/200	Train Loss: 0.3842	Val Accuracy: 3.74
Training Epoch: 166/200	Train Loss: 0.0306	Val Accuracy: 3.78
Training Epoch: 167/200	Train Loss: 0.6345	Val Accuracy: 3.78
Training Epoch: 168/200	Train Loss: 0.0507	Val Accuracy: 3.66
Training Epoch: 169/200	Train Loss: 2.1278	Val Accuracy: 3.66
Training Epoch: 170/200	Train Loss: 0.265	Val Accuracy: 3.5
Training Epoch: 171/200	Train Loss: 0.045	Val Accuracy: 3.5
Training Epoch: 172/200	Train Loss: 0.0918	Val Accuracy: 4.1
Training Epoch: 173/200	Train Loss: 0.0861	Val Accuracy: 4.1
Training Epoch: 174/200	Train Loss: 2.6543	Val Accuracy: 3.84
Training Epoch: 175/200	Train Loss: 0.108	Val Accuracy: 3.84
Training Epoch: 176/200	Train Loss: 1.6835	Val Accuracy: 3.66
Training Epoch: 177/200	Train Loss: 0.0613	Val Accuracy: 3.66
Training Epoch: 178/200	Train Loss: 0.1557	Val Accuracy: 3.78
Training Epoch: 179/200	Train Loss: 0.1562	Val Accuracy: 3.78
Training Epoch: 180/200	Train Loss: 0.1797	Val Accuracy: 3.7
Training Epoch: 181/200	Train Loss: 0.0812	Val Accuracy: 3.7
Training Epoch: 182/200	Train Loss: 0.0901	Val Accuracy: 3.7
Training Epoch: 183/200	Train Loss: 0.022	Val Accuracy: 3.7
Training Epoch: 184/200	Train Loss: 0.1048	Val Accuracy: 3.72
Training Epoch: 185/200	Train Loss: 0.9009	Val Accuracy: 3.72
Training Epoch: 186/200	Train Loss: 0.5767	Val Accuracy: 3.84
Training Epoch: 187/200	Train Loss: 0.1623	Val Accuracy: 3.84
Training Epoch: 188/200	Train Loss: 0.9617	Val Accuracy: 3.82
Training Epoch: 189/200	Train Loss: 0.0309	Val Accuracy: 3.82
Training Epoch: 190/200	Train Loss: 0.6093	Val Accuracy: 3.76
Training Epoch: 191/200	Train Loss: 0.0855	Val Accuracy: 3.76
Training Epoch: 192/200	Train Loss: 0.0291	Val Accuracy: 3.74
Training Epoch: 193/200	Train Loss: 0.0249	Val Accuracy: 3.74
Training Epoch: 194/200	Train Loss: 0.0557	Val Accuracy: 3.84
Training Epoch: 195/200	Train Loss: 0.1176	Val Accuracy: 3.84
Training Epoch: 196/200	Train Loss: 0.0954	Val Accuracy: 3.7
Training Epoch: 197/200	Train Loss: 0.2735	Val Accuracy: 3.7
Training Epoch: 198/200	Train Loss: 0.089	Val Accuracy: 3.72
Training Epoch: 199/200	Train Loss: 0.0408	Val Accuracy: 3.72
Training Epoch: 200/200	Train Loss: 0.0982	Val Accuracy: 3.64

Wrote Best Model Checkpoint to: vlBest_acc_4_model_epoch_0172.pyth

Best Validation Accuracy: 4.1
Best Epoch: 172

======== TESTING ========

Test Accuracy: 4.03.

======== ACTIVE SAMPLING ========

len(uSetLoader): 449
u_ranks.shape: (44850,)
Active Sampling Complete. After Episode 2:
New Labeled Set: 200, New Unlabeled Set: 44800, Active Set: 50

================================


Current accuracy values:  [3.1200000000000045, 3.5999999999999943, 4.030000000000001]
======== EPISODE 3 BEGINS ========

======== TRAINING ========
Training Epoch: 1/200	Train Loss: 5.1769	Val Accuracy: 0.0
Training Epoch: 2/200	Train Loss: 4.2783	Val Accuracy: 2.94
Training Epoch: 3/200	Train Loss: 2.4549	Val Accuracy: 2.94
Training Epoch: 4/200	Train Loss: 3.8693	Val Accuracy: 2.94
Training Epoch: 5/200	Train Loss: 1.566	Val Accuracy: 2.94
Training Epoch: 6/200	Train Loss: 1.3486	Val Accuracy: 3.14
Training Epoch: 7/200	Train Loss: 3.1264	Val Accuracy: 3.14
Training Epoch: 8/200	Train Loss: 2.6088	Val Accuracy: 3.8
Training Epoch: 9/200	Train Loss: 4.9589	Val Accuracy: 3.8
Training Epoch: 10/200	Train Loss: 2.3501	Val Accuracy: 3.54
Training Epoch: 11/200	Train Loss: 3.8686	Val Accuracy: 3.54
Training Epoch: 12/200	Train Loss: 3.079	Val Accuracy: 3.4
Training Epoch: 13/200	Train Loss: 1.3866	Val Accuracy: 3.4
Training Epoch: 14/200	Train Loss: 1.4142	Val Accuracy: 3.26
Training Epoch: 15/200	Train Loss: 1.3956	Val Accuracy: 3.26
Training Epoch: 16/200	Train Loss: 0.9169	Val Accuracy: 3.44
Training Epoch: 17/200	Train Loss: 0.9749	Val Accuracy: 3.44
Training Epoch: 18/200	Train Loss: 2.3198	Val Accuracy: 3.68
Training Epoch: 19/200	Train Loss: 2.7744	Val Accuracy: 3.68
Training Epoch: 20/200	Train Loss: 0.4978	Val Accuracy: 4.02
Training Epoch: 21/200	Train Loss: 2.9959	Val Accuracy: 4.02
Training Epoch: 22/200	Train Loss: 5.2482	Val Accuracy: 3.46
Training Epoch: 23/200	Train Loss: 3.9093	Val Accuracy: 3.46
Training Epoch: 24/200	Train Loss: 3.2563	Val Accuracy: 2.44
Training Epoch: 25/200	Train Loss: 2.497	Val Accuracy: 2.44
Training Epoch: 26/200	Train Loss: 1.3508	Val Accuracy: 2.94
Training Epoch: 27/200	Train Loss: 1.1465	Val Accuracy: 2.94
Training Epoch: 28/200	Train Loss: 0.9123	Val Accuracy: 3.5
Training Epoch: 29/200	Train Loss: 2.4964	Val Accuracy: 3.5
Training Epoch: 30/200	Train Loss: 2.638	Val Accuracy: 3.94
Training Epoch: 31/200	Train Loss: 1.4462	Val Accuracy: 3.94
Training Epoch: 32/200	Train Loss: 1.1467	Val Accuracy: 4.62
Training Epoch: 33/200	Train Loss: 2.8297	Val Accuracy: 4.62
Training Epoch: 34/200	Train Loss: 1.1062	Val Accuracy: 3.84
Training Epoch: 35/200	Train Loss: 0.9569	Val Accuracy: 3.84
Training Epoch: 36/200	Train Loss: 1.6313	Val Accuracy: 2.86
Training Epoch: 37/200	Train Loss: 2.5516	Val Accuracy: 2.86
Training Epoch: 38/200	Train Loss: 2.7276	Val Accuracy: 2.92
Training Epoch: 39/200	Train Loss: 1.3131	Val Accuracy: 2.92
Training Epoch: 40/200	Train Loss: 1.5406	Val Accuracy: 2.88
Training Epoch: 41/200	Train Loss: 1.2533	Val Accuracy: 2.88
Training Epoch: 42/200	Train Loss: 0.96	Val Accuracy: 3.64
Training Epoch: 43/200	Train Loss: 0.7009	Val Accuracy: 3.64
Training Epoch: 44/200	Train Loss: 0.8398	Val Accuracy: 3.94
Training Epoch: 45/200	Train Loss: 1.4908	Val Accuracy: 3.94
Training Epoch: 46/200	Train Loss: 0.7082	Val Accuracy: 3.92
Training Epoch: 47/200	Train Loss: 1.2986	Val Accuracy: 3.92
Training Epoch: 48/200	Train Loss: 0.893	Val Accuracy: 3.94
Training Epoch: 49/200	Train Loss: 0.7884	Val Accuracy: 3.94
Training Epoch: 50/200	Train Loss: 0.6354	Val Accuracy: 3.98
Training Epoch: 51/200	Train Loss: 0.3731	Val Accuracy: 3.98
Training Epoch: 52/200	Train Loss: 1.155	Val Accuracy: 3.42
Training Epoch: 53/200	Train Loss: 0.805	Val Accuracy: 3.42
Training Epoch: 54/200	Train Loss: 0.4066	Val Accuracy: 4.14
Training Epoch: 55/200	Train Loss: 0.4263	Val Accuracy: 4.14
Training Epoch: 56/200	Train Loss: 0.5332	Val Accuracy: 3.94
Training Epoch: 57/200	Train Loss: 0.5014	Val Accuracy: 3.94
Training Epoch: 58/200	Train Loss: 0.3116	Val Accuracy: 3.38
Training Epoch: 59/200	Train Loss: 0.4939	Val Accuracy: 3.38
Training Epoch: 60/200	Train Loss: 0.1938	Val Accuracy: 4.02
Training Epoch: 61/200	Train Loss: 0.2458	Val Accuracy: 4.02
Training Epoch: 62/200	Train Loss: 0.3643	Val Accuracy: 4.18
Training Epoch: 63/200	Train Loss: 0.1362	Val Accuracy: 4.18
Training Epoch: 64/200	Train Loss: 0.3891	Val Accuracy: 4.12
Training Epoch: 65/200	Train Loss: 0.3785	Val Accuracy: 4.12
Training Epoch: 66/200	Train Loss: 0.6272	Val Accuracy: 4.1
Training Epoch: 67/200	Train Loss: 0.2112	Val Accuracy: 4.1
Training Epoch: 68/200	Train Loss: 0.2131	Val Accuracy: 4.14
Training Epoch: 69/200	Train Loss: 0.1826	Val Accuracy: 4.14
Training Epoch: 70/200	Train Loss: 0.1024	Val Accuracy: 3.86
Training Epoch: 71/200	Train Loss: 0.3848	Val Accuracy: 3.86
Training Epoch: 72/200	Train Loss: 0.4775	Val Accuracy: 4.08
Training Epoch: 73/200	Train Loss: 0.2151	Val Accuracy: 4.08
Training Epoch: 74/200	Train Loss: 0.1528	Val Accuracy: 3.84
Training Epoch: 75/200	Train Loss: 0.3263	Val Accuracy: 3.84
Training Epoch: 76/200	Train Loss: 0.1086	Val Accuracy: 3.74
Training Epoch: 77/200	Train Loss: 0.1312	Val Accuracy: 3.74
Training Epoch: 78/200	Train Loss: 0.1175	Val Accuracy: 4.5
Training Epoch: 79/200	Train Loss: 0.372	Val Accuracy: 4.5
Training Epoch: 80/200	Train Loss: 0.3722	Val Accuracy: 4.2
Training Epoch: 81/200	Train Loss: 0.119	Val Accuracy: 4.2
Training Epoch: 82/200	Train Loss: 0.1692	Val Accuracy: 4.32
Training Epoch: 83/200	Train Loss: 0.0718	Val Accuracy: 4.32
Training Epoch: 84/200	Train Loss: 0.1432	Val Accuracy: 4.26
Training Epoch: 85/200	Train Loss: 0.2138	Val Accuracy: 4.26
Training Epoch: 86/200	Train Loss: 0.1819	Val Accuracy: 4.44
Training Epoch: 87/200	Train Loss: 0.1343	Val Accuracy: 4.44
Training Epoch: 88/200	Train Loss: 0.1117	Val Accuracy: 3.9
Training Epoch: 89/200	Train Loss: 0.1277	Val Accuracy: 3.9
Training Epoch: 90/200	Train Loss: 0.1056	Val Accuracy: 3.76
Training Epoch: 91/200	Train Loss: 0.222	Val Accuracy: 3.76
Training Epoch: 92/200	Train Loss: 0.1533	Val Accuracy: 4.2
Training Epoch: 93/200	Train Loss: 0.0376	Val Accuracy: 4.2
Training Epoch: 94/200	Train Loss: 0.0264	Val Accuracy: 4.0
Training Epoch: 95/200	Train Loss: 0.8101	Val Accuracy: 4.0
Training Epoch: 96/200	Train Loss: 0.1355	Val Accuracy: 3.94
Training Epoch: 97/200	Train Loss: 0.1621	Val Accuracy: 3.94
Training Epoch: 98/200	Train Loss: 0.105	Val Accuracy: 4.24
Training Epoch: 99/200	Train Loss: 0.0702	Val Accuracy: 4.24
Training Epoch: 100/200	Train Loss: 0.0832	Val Accuracy: 4.26
Training Epoch: 101/200	Train Loss: 0.0163	Val Accuracy: 4.26
Training Epoch: 102/200	Train Loss: 0.0608	Val Accuracy: 3.86
Training Epoch: 103/200	Train Loss: 0.0135	Val Accuracy: 3.86
Training Epoch: 104/200	Train Loss: 0.0409	Val Accuracy: 4.24
Training Epoch: 105/200	Train Loss: 0.01	Val Accuracy: 4.24
Training Epoch: 106/200	Train Loss: 0.2966	Val Accuracy: 4.5
Training Epoch: 107/200	Train Loss: 0.0927	Val Accuracy: 4.5
Training Epoch: 108/200	Train Loss: 0.008	Val Accuracy: 4.34
Training Epoch: 109/200	Train Loss: 0.0528	Val Accuracy: 4.34
Training Epoch: 110/200	Train Loss: 0.1019	Val Accuracy: 4.3
Training Epoch: 111/200	Train Loss: 0.0311	Val Accuracy: 4.3
Training Epoch: 112/200	Train Loss: 0.0129	Val Accuracy: 4.64
Training Epoch: 113/200	Train Loss: 0.0497	Val Accuracy: 4.64
Training Epoch: 114/200	Train Loss: 0.0137	Val Accuracy: 4.08
Training Epoch: 115/200	Train Loss: 0.0089	Val Accuracy: 4.08
Training Epoch: 116/200	Train Loss: 0.0359	Val Accuracy: 4.12
Training Epoch: 117/200	Train Loss: 0.0291	Val Accuracy: 4.12
Training Epoch: 118/200	Train Loss: 0.066	Val Accuracy: 4.36
Training Epoch: 119/200	Train Loss: 0.0238	Val Accuracy: 4.36
Training Epoch: 120/200	Train Loss: 0.0818	Val Accuracy: 3.84
Training Epoch: 121/200	Train Loss: 0.0539	Val Accuracy: 3.84
Training Epoch: 122/200	Train Loss: 0.0224	Val Accuracy: 4.34
Training Epoch: 123/200	Train Loss: 0.0843	Val Accuracy: 4.34
Training Epoch: 124/200	Train Loss: 0.0218	Val Accuracy: 4.38
Training Epoch: 125/200	Train Loss: 0.0055	Val Accuracy: 4.38
Training Epoch: 126/200	Train Loss: 0.0938	Val Accuracy: 3.82
Training Epoch: 127/200	Train Loss: 0.0053	Val Accuracy: 3.82
Training Epoch: 128/200	Train Loss: 0.0226	Val Accuracy: 4.04
Training Epoch: 129/200	Train Loss: 0.0224	Val Accuracy: 4.04
Training Epoch: 130/200	Train Loss: 0.0024	Val Accuracy: 4.22
Training Epoch: 131/200	Train Loss: 0.0099	Val Accuracy: 4.22
Training Epoch: 132/200	Train Loss: 0.0036	Val Accuracy: 4.36
Training Epoch: 133/200	Train Loss: 0.0194	Val Accuracy: 4.36
Training Epoch: 134/200	Train Loss: 0.1284	Val Accuracy: 4.44
Training Epoch: 135/200	Train Loss: 0.0066	Val Accuracy: 4.44
Training Epoch: 136/200	Train Loss: 0.0028	Val Accuracy: 4.34
Training Epoch: 137/200	Train Loss: 0.0348	Val Accuracy: 4.34
Training Epoch: 138/200	Train Loss: 0.0537	Val Accuracy: 4.2
Training Epoch: 139/200	Train Loss: 0.0026	Val Accuracy: 4.2
Training Epoch: 140/200	Train Loss: 0.0837	Val Accuracy: 4.24
Training Epoch: 141/200	Train Loss: 0.0192	Val Accuracy: 4.24
Training Epoch: 142/200	Train Loss: 0.0039	Val Accuracy: 4.16
Training Epoch: 143/200	Train Loss: 0.0079	Val Accuracy: 4.16
Training Epoch: 144/200	Train Loss: 0.0019	Val Accuracy: 4.4
Training Epoch: 145/200	Train Loss: 0.0186	Val Accuracy: 4.4
Training Epoch: 146/200	Train Loss: 0.0018	Val Accuracy: 4.62
Training Epoch: 147/200	Train Loss: 0.0052	Val Accuracy: 4.62
Training Epoch: 148/200	Train Loss: 0.0048	Val Accuracy: 4.44
Training Epoch: 149/200	Train Loss: 0.0062	Val Accuracy: 4.44
Training Epoch: 150/200	Train Loss: 0.0063	Val Accuracy: 4.5
Training Epoch: 151/200	Train Loss: 0.0227	Val Accuracy: 4.5
Training Epoch: 152/200	Train Loss: 0.0184	Val Accuracy: 4.62
Training Epoch: 153/200	Train Loss: 0.0037	Val Accuracy: 4.62
Training Epoch: 154/200	Train Loss: 0.0059	Val Accuracy: 4.54
Training Epoch: 155/200	Train Loss: 0.0031	Val Accuracy: 4.54
Training Epoch: 156/200	Train Loss: 0.073	Val Accuracy: 4.3
Training Epoch: 157/200	Train Loss: 0.0024	Val Accuracy: 4.3
Training Epoch: 158/200	Train Loss: 0.0057	Val Accuracy: 4.56
Training Epoch: 159/200	Train Loss: 0.003	Val Accuracy: 4.56
Training Epoch: 160/200	Train Loss: 0.064	Val Accuracy: 4.38
Training Epoch: 161/200	Train Loss: 0.0054	Val Accuracy: 4.38
Training Epoch: 162/200	Train Loss: 0.0027	Val Accuracy: 4.28
Training Epoch: 163/200	Train Loss: 0.0021	Val Accuracy: 4.28
Training Epoch: 164/200	Train Loss: 0.0071	Val Accuracy: 4.72
Training Epoch: 165/200	Train Loss: 0.0128	Val Accuracy: 4.72
Training Epoch: 166/200	Train Loss: 0.0031	Val Accuracy: 4.14
Training Epoch: 167/200	Train Loss: 0.0029	Val Accuracy: 4.14
Training Epoch: 168/200	Train Loss: 0.0946	Val Accuracy: 4.28
Training Epoch: 169/200	Train Loss: 0.0011	Val Accuracy: 4.28
Training Epoch: 170/200	Train Loss: 0.0066	Val Accuracy: 4.82
Training Epoch: 171/200	Train Loss: 0.02	Val Accuracy: 4.82
Training Epoch: 172/200	Train Loss: 0.0494	Val Accuracy: 4.4
Training Epoch: 173/200	Train Loss: 0.0007	Val Accuracy: 4.4
Training Epoch: 174/200	Train Loss: 0.0099	Val Accuracy: 4.5
Training Epoch: 175/200	Train Loss: 0.0063	Val Accuracy: 4.5
Training Epoch: 176/200	Train Loss: 0.0011	Val Accuracy: 4.32
Training Epoch: 177/200	Train Loss: 0.0037	Val Accuracy: 4.32
Training Epoch: 178/200	Train Loss: 0.0795	Val Accuracy: 4.42
Training Epoch: 179/200	Train Loss: 0.0042	Val Accuracy: 4.42
Training Epoch: 180/200	Train Loss: 0.0221	Val Accuracy: 4.44
Training Epoch: 181/200	Train Loss: 0.0055	Val Accuracy: 4.44
Training Epoch: 182/200	Train Loss: 0.0277	Val Accuracy: 4.44
Training Epoch: 183/200	Train Loss: 0.0047	Val Accuracy: 4.44
Training Epoch: 184/200	Train Loss: 0.0155	Val Accuracy: 4.5
Training Epoch: 185/200	Train Loss: 0.0024	Val Accuracy: 4.5
Training Epoch: 186/200	Train Loss: 0.0042	Val Accuracy: 4.48
Training Epoch: 187/200	Train Loss: 0.0079	Val Accuracy: 4.48
Training Epoch: 188/200	Train Loss: 0.022	Val Accuracy: 4.48
Training Epoch: 189/200	Train Loss: 0.0034	Val Accuracy: 4.48
Training Epoch: 190/200	Train Loss: 0.0033	Val Accuracy: 4.58
Training Epoch: 191/200	Train Loss: 0.0049	Val Accuracy: 4.58
Training Epoch: 192/200	Train Loss: 0.0068	Val Accuracy: 4.36
Training Epoch: 193/200	Train Loss: 0.0053	Val Accuracy: 4.36
Training Epoch: 194/200	Train Loss: 0.0035	Val Accuracy: 4.52
Training Epoch: 195/200	Train Loss: 0.0101	Val Accuracy: 4.52
Training Epoch: 196/200	Train Loss: 0.0143	Val Accuracy: 4.4
Training Epoch: 197/200	Train Loss: 0.0028	Val Accuracy: 4.4
Training Epoch: 198/200	Train Loss: 0.0009	Val Accuracy: 4.28
Training Epoch: 199/200	Train Loss: 0.0041	Val Accuracy: 4.28
Training Epoch: 200/200	Train Loss: 0.0298	Val Accuracy: 4.38

Wrote Best Model Checkpoint to: vlBest_acc_4_model_epoch_0170.pyth

Best Validation Accuracy: 4.82
Best Epoch: 170

======== TESTING ========

Test Accuracy: 4.49.

======== ACTIVE SAMPLING ========

len(uSetLoader): 448
u_ranks.shape: (44800,)
Active Sampling Complete. After Episode 3:
New Labeled Set: 250, New Unlabeled Set: 44750, Active Set: 50

================================


Current accuracy values:  [3.1200000000000045, 3.5999999999999943, 4.030000000000001, 4.489999999999995]
======== EPISODE 4 BEGINS ========

======== TRAINING ========
Training Epoch: 1/200	Train Loss: 3.1116	Val Accuracy: 0.0
Training Epoch: 2/200	Train Loss: 2.0114	Val Accuracy: 3.84
Training Epoch: 3/200	Train Loss: 1.8595	Val Accuracy: 3.84
Training Epoch: 4/200	Train Loss: 1.3949	Val Accuracy: 3.94
Training Epoch: 5/200	Train Loss: 1.3858	Val Accuracy: 3.94
Training Epoch: 6/200	Train Loss: 1.1242	Val Accuracy: 4.26
Training Epoch: 7/200	Train Loss: 1.8548	Val Accuracy: 4.26
Training Epoch: 8/200	Train Loss: 1.0674	Val Accuracy: 4.44
Training Epoch: 9/200	Train Loss: 0.7244	Val Accuracy: 4.44
Training Epoch: 10/200	Train Loss: 0.7791	Val Accuracy: 4.18
Training Epoch: 11/200	Train Loss: 0.6099	Val Accuracy: 4.18
Training Epoch: 12/200	Train Loss: 0.9913	Val Accuracy: 4.08
Training Epoch: 13/200	Train Loss: 0.678	Val Accuracy: 4.08
Training Epoch: 14/200	Train Loss: 0.4865	Val Accuracy: 4.4
Training Epoch: 15/200	Train Loss: 0.8091	Val Accuracy: 4.4
Training Epoch: 16/200	Train Loss: 0.7896	Val Accuracy: 4.7
Training Epoch: 17/200	Train Loss: 0.8735	Val Accuracy: 4.7
Training Epoch: 18/200	Train Loss: 0.5675	Val Accuracy: 4.54
Training Epoch: 19/200	Train Loss: 0.5923	Val Accuracy: 4.54
Training Epoch: 20/200	Train Loss: 0.8005	Val Accuracy: 4.54
Training Epoch: 21/200	Train Loss: 0.4548	Val Accuracy: 4.54
Training Epoch: 22/200	Train Loss: 0.4689	Val Accuracy: 5.0
Training Epoch: 23/200	Train Loss: 0.4695	Val Accuracy: 5.0
Training Epoch: 24/200	Train Loss: 0.2528	Val Accuracy: 4.88
Training Epoch: 25/200	Train Loss: 0.2153	Val Accuracy: 4.88
Training Epoch: 26/200	Train Loss: 0.1119	Val Accuracy: 4.64
Training Epoch: 27/200	Train Loss: 0.3619	Val Accuracy: 4.64
Training Epoch: 28/200	Train Loss: 0.35	Val Accuracy: 4.92
Training Epoch: 29/200	Train Loss: 0.3445	Val Accuracy: 4.92
Training Epoch: 30/200	Train Loss: 0.258	Val Accuracy: 4.94
Training Epoch: 31/200	Train Loss: 0.2459	Val Accuracy: 4.94
Training Epoch: 32/200	Train Loss: 0.557	Val Accuracy: 4.8
Training Epoch: 33/200	Train Loss: 0.4734	Val Accuracy: 4.8
Training Epoch: 34/200	Train Loss: 0.4162	Val Accuracy: 4.72
Training Epoch: 35/200	Train Loss: 0.4621	Val Accuracy: 4.72
Training Epoch: 36/200	Train Loss: 0.3785	Val Accuracy: 4.28
Training Epoch: 37/200	Train Loss: 0.3841	Val Accuracy: 4.28
Training Epoch: 38/200	Train Loss: 0.4184	Val Accuracy: 4.56
Training Epoch: 39/200	Train Loss: 0.3612	Val Accuracy: 4.56
Training Epoch: 40/200	Train Loss: 0.1589	Val Accuracy: 4.06
Training Epoch: 41/200	Train Loss: 0.2652	Val Accuracy: 4.06
Training Epoch: 42/200	Train Loss: 0.1128	Val Accuracy: 4.5
Training Epoch: 43/200	Train Loss: 0.1013	Val Accuracy: 4.5
Training Epoch: 44/200	Train Loss: 0.2726	Val Accuracy: 4.2
Training Epoch: 45/200	Train Loss: 0.0987	Val Accuracy: 4.2
Training Epoch: 46/200	Train Loss: 0.1791	Val Accuracy: 4.16
Training Epoch: 47/200	Train Loss: 0.2493	Val Accuracy: 4.16
Training Epoch: 48/200	Train Loss: 0.0947	Val Accuracy: 4.72
Training Epoch: 49/200	Train Loss: 0.3779	Val Accuracy: 4.72
Training Epoch: 50/200	Train Loss: 0.408	Val Accuracy: 4.3
Training Epoch: 51/200	Train Loss: 0.3263	Val Accuracy: 4.3
Training Epoch: 52/200	Train Loss: 0.1497	Val Accuracy: 4.94
Training Epoch: 53/200	Train Loss: 0.2801	Val Accuracy: 4.94
Training Epoch: 54/200	Train Loss: 0.0997	Val Accuracy: 4.62
Training Epoch: 55/200	Train Loss: 0.4364	Val Accuracy: 4.62
Training Epoch: 56/200	Train Loss: 0.3494	Val Accuracy: 3.92
Training Epoch: 57/200	Train Loss: 0.1153	Val Accuracy: 3.92
Training Epoch: 58/200	Train Loss: 0.1541	Val Accuracy: 4.16
Training Epoch: 59/200	Train Loss: 0.0805	Val Accuracy: 4.16
Training Epoch: 60/200	Train Loss: 0.1775	Val Accuracy: 4.22
Training Epoch: 61/200	Train Loss: 0.1241	Val Accuracy: 4.22
Training Epoch: 62/200	Train Loss: 0.098	Val Accuracy: 4.2
Training Epoch: 63/200	Train Loss: 0.0284	Val Accuracy: 4.2
Training Epoch: 64/200	Train Loss: 0.189	Val Accuracy: 4.44
Training Epoch: 65/200	Train Loss: 0.3056	Val Accuracy: 4.44
Training Epoch: 66/200	Train Loss: 0.0471	Val Accuracy: 4.42
Training Epoch: 67/200	Train Loss: 0.1843	Val Accuracy: 4.42
Training Epoch: 68/200	Train Loss: 0.1124	Val Accuracy: 4.12
Training Epoch: 69/200	Train Loss: 0.2502	Val Accuracy: 4.12
Training Epoch: 70/200	Train Loss: 0.1706	Val Accuracy: 4.72
Training Epoch: 71/200	Train Loss: 0.0907	Val Accuracy: 4.72
Training Epoch: 72/200	Train Loss: 0.0755	Val Accuracy: 5.18
Training Epoch: 73/200	Train Loss: 0.1287	Val Accuracy: 5.18
Training Epoch: 74/200	Train Loss: 0.0759	Val Accuracy: 4.98
Training Epoch: 75/200	Train Loss: 0.0078	Val Accuracy: 4.98
Training Epoch: 76/200	Train Loss: 0.0921	Val Accuracy: 5.04
Training Epoch: 77/200	Train Loss: 0.1261	Val Accuracy: 5.04
Training Epoch: 78/200	Train Loss: 0.1096	Val Accuracy: 5.26
Training Epoch: 79/200	Train Loss: 0.1157	Val Accuracy: 5.26
Training Epoch: 80/200	Train Loss: 0.101	Val Accuracy: 4.84
Training Epoch: 81/200	Train Loss: 0.1698	Val Accuracy: 4.84
Training Epoch: 82/200	Train Loss: 0.1415	Val Accuracy: 4.96
Training Epoch: 83/200	Train Loss: 0.1307	Val Accuracy: 4.96
Training Epoch: 84/200	Train Loss: 0.0763	Val Accuracy: 5.14
Training Epoch: 85/200	Train Loss: 0.186	Val Accuracy: 5.14
Training Epoch: 86/200	Train Loss: 0.0577	Val Accuracy: 5.08
Training Epoch: 87/200	Train Loss: 0.0756	Val Accuracy: 5.08
Training Epoch: 88/200	Train Loss: 0.0636	Val Accuracy: 4.78
Training Epoch: 89/200	Train Loss: 0.0124	Val Accuracy: 4.78
Training Epoch: 90/200	Train Loss: 0.0643	Val Accuracy: 4.22
Training Epoch: 91/200	Train Loss: 0.1087	Val Accuracy: 4.22
Training Epoch: 92/200	Train Loss: 0.0107	Val Accuracy: 4.44
Training Epoch: 93/200	Train Loss: 0.1389	Val Accuracy: 4.44
Training Epoch: 94/200	Train Loss: 0.0072	Val Accuracy: 4.3
Training Epoch: 95/200	Train Loss: 0.0026	Val Accuracy: 4.3
Training Epoch: 96/200	Train Loss: 0.0993	Val Accuracy: 4.84
Training Epoch: 97/200	Train Loss: 0.0446	Val Accuracy: 4.84
Training Epoch: 98/200	Train Loss: 0.0841	Val Accuracy: 4.86
Training Epoch: 99/200	Train Loss: 0.0617	Val Accuracy: 4.86
Training Epoch: 100/200	Train Loss: 0.0044	Val Accuracy: 4.6
Training Epoch: 101/200	Train Loss: 0.0017	Val Accuracy: 4.6
Training Epoch: 102/200	Train Loss: 0.1401	Val Accuracy: 4.64
Training Epoch: 103/200	Train Loss: 0.0554	Val Accuracy: 4.64
Training Epoch: 104/200	Train Loss: 0.1314	Val Accuracy: 4.74
Training Epoch: 105/200	Train Loss: 0.0263	Val Accuracy: 4.74
Training Epoch: 106/200	Train Loss: 0.0254	Val Accuracy: 4.74
Training Epoch: 107/200	Train Loss: 0.1019	Val Accuracy: 4.74
Training Epoch: 108/200	Train Loss: 0.0035	Val Accuracy: 4.46
Training Epoch: 109/200	Train Loss: 0.0147	Val Accuracy: 4.46
Training Epoch: 110/200	Train Loss: 0.013	Val Accuracy: 4.88
Training Epoch: 111/200	Train Loss: 0.0212	Val Accuracy: 4.88
Training Epoch: 112/200	Train Loss: 0.0069	Val Accuracy: 4.68
Training Epoch: 113/200	Train Loss: 0.0092	Val Accuracy: 4.68
Training Epoch: 114/200	Train Loss: 0.0268	Val Accuracy: 4.8
Training Epoch: 115/200	Train Loss: 0.0184	Val Accuracy: 4.8
Training Epoch: 116/200	Train Loss: 0.0465	Val Accuracy: 4.8
Training Epoch: 117/200	Train Loss: 0.0566	Val Accuracy: 4.8
Training Epoch: 118/200	Train Loss: 0.0033	Val Accuracy: 4.42
Training Epoch: 119/200	Train Loss: 0.0454	Val Accuracy: 4.42
Training Epoch: 120/200	Train Loss: 0.0051	Val Accuracy: 5.06
Training Epoch: 121/200	Train Loss: 0.0283	Val Accuracy: 5.06
Training Epoch: 122/200	Train Loss: 0.0061	Val Accuracy: 4.82
Training Epoch: 123/200	Train Loss: 0.0112	Val Accuracy: 4.82
Training Epoch: 124/200	Train Loss: 0.0212	Val Accuracy: 4.7
Training Epoch: 125/200	Train Loss: 0.03	Val Accuracy: 4.7
Training Epoch: 126/200	Train Loss: 0.0098	Val Accuracy: 5.02
Training Epoch: 127/200	Train Loss: 0.0243	Val Accuracy: 5.02
Training Epoch: 128/200	Train Loss: 0.037	Val Accuracy: 4.64
Training Epoch: 129/200	Train Loss: 0.0089	Val Accuracy: 4.64
Training Epoch: 130/200	Train Loss: 0.0102	Val Accuracy: 4.9
Training Epoch: 131/200	Train Loss: 0.0028	Val Accuracy: 4.9
Training Epoch: 132/200	Train Loss: 0.0018	Val Accuracy: 4.54
Training Epoch: 133/200	Train Loss: 0.013	Val Accuracy: 4.54
Training Epoch: 134/200	Train Loss: 0.01	Val Accuracy: 4.76
Training Epoch: 135/200	Train Loss: 0.0065	Val Accuracy: 4.76
Training Epoch: 136/200	Train Loss: 0.0012	Val Accuracy: 4.66
Training Epoch: 137/200	Train Loss: 0.0016	Val Accuracy: 4.66
Training Epoch: 138/200	Train Loss: 0.0258	Val Accuracy: 4.92
Training Epoch: 139/200	Train Loss: 0.0045	Val Accuracy: 4.92
Training Epoch: 140/200	Train Loss: 0.0214	Val Accuracy: 4.84
Training Epoch: 141/200	Train Loss: 0.0035	Val Accuracy: 4.84
Training Epoch: 142/200	Train Loss: 0.0161	Val Accuracy: 5.14
Training Epoch: 143/200	Train Loss: 0.0011	Val Accuracy: 5.14
Training Epoch: 144/200	Train Loss: 0.0025	Val Accuracy: 4.84
Training Epoch: 145/200	Train Loss: 0.0677	Val Accuracy: 4.84
Training Epoch: 146/200	Train Loss: 0.0545	Val Accuracy: 4.72
Training Epoch: 147/200	Train Loss: 0.0212	Val Accuracy: 4.72
Training Epoch: 148/200	Train Loss: 0.0148	Val Accuracy: 4.66
Training Epoch: 149/200	Train Loss: 0.0272	Val Accuracy: 4.66
Training Epoch: 150/200	Train Loss: 0.0346	Val Accuracy: 4.86
Training Epoch: 151/200	Train Loss: 0.0038	Val Accuracy: 4.86
Training Epoch: 152/200	Train Loss: 0.0067	Val Accuracy: 5.1
Training Epoch: 153/200	Train Loss: 0.0006	Val Accuracy: 5.1
Training Epoch: 154/200	Train Loss: 0.0011	Val Accuracy: 4.4
Training Epoch: 155/200	Train Loss: 0.0083	Val Accuracy: 4.4
Training Epoch: 156/200	Train Loss: 0.0956	Val Accuracy: 4.92
Training Epoch: 157/200	Train Loss: 0.0015	Val Accuracy: 4.92
Training Epoch: 158/200	Train Loss: 0.0025	Val Accuracy: 5.06
Training Epoch: 159/200	Train Loss: 0.0081	Val Accuracy: 5.06
Training Epoch: 160/200	Train Loss: 0.0026	Val Accuracy: 4.78
Training Epoch: 161/200	Train Loss: 0.0035	Val Accuracy: 4.78
Training Epoch: 162/200	Train Loss: 0.0559	Val Accuracy: 4.78
Training Epoch: 163/200	Train Loss: 0.0069	Val Accuracy: 4.78
Training Epoch: 164/200	Train Loss: 0.0022	Val Accuracy: 5.16
Training Epoch: 165/200	Train Loss: 0.0003	Val Accuracy: 5.16
Training Epoch: 166/200	Train Loss: 0.0013	Val Accuracy: 4.5
Training Epoch: 167/200	Train Loss: 0.0189	Val Accuracy: 4.5
Training Epoch: 168/200	Train Loss: 0.0011	Val Accuracy: 4.86
Training Epoch: 169/200	Train Loss: 0.0011	Val Accuracy: 4.86
Training Epoch: 170/200	Train Loss: 0.0029	Val Accuracy: 4.72
Training Epoch: 171/200	Train Loss: 0.0029	Val Accuracy: 4.72
Training Epoch: 172/200	Train Loss: 0.0078	Val Accuracy: 4.96
Training Epoch: 173/200	Train Loss: 0.0127	Val Accuracy: 4.96
Training Epoch: 174/200	Train Loss: 0.0201	Val Accuracy: 4.84
Training Epoch: 175/200	Train Loss: 0.0002	Val Accuracy: 4.84
Training Epoch: 176/200	Train Loss: 0.0007	Val Accuracy: 4.94
Training Epoch: 177/200	Train Loss: 0.0016	Val Accuracy: 4.94
Training Epoch: 178/200	Train Loss: 0.0011	Val Accuracy: 4.5
Training Epoch: 179/200	Train Loss: 0.0056	Val Accuracy: 4.5
Training Epoch: 180/200	Train Loss: 0.0153	Val Accuracy: 5.08
Training Epoch: 181/200	Train Loss: 0.0318	Val Accuracy: 5.08
Training Epoch: 182/200	Train Loss: 0.0032	Val Accuracy: 4.82
Training Epoch: 183/200	Train Loss: 0.0006	Val Accuracy: 4.82
Training Epoch: 184/200	Train Loss: 0.0048	Val Accuracy: 4.52
Training Epoch: 185/200	Train Loss: 0.0014	Val Accuracy: 4.52
Training Epoch: 186/200	Train Loss: 0.0011	Val Accuracy: 4.7
Training Epoch: 187/200	Train Loss: 0.0018	Val Accuracy: 4.7
Training Epoch: 188/200	Train Loss: 0.0016	Val Accuracy: 4.64
Training Epoch: 189/200	Train Loss: 0.0018	Val Accuracy: 4.64
Training Epoch: 190/200	Train Loss: 0.0057	Val Accuracy: 4.7
Training Epoch: 191/200	Train Loss: 0.0062	Val Accuracy: 4.7
Training Epoch: 192/200	Train Loss: 0.0003	Val Accuracy: 4.66
Training Epoch: 193/200	Train Loss: 0.0013	Val Accuracy: 4.66
Training Epoch: 194/200	Train Loss: 0.0029	Val Accuracy: 4.72
Training Epoch: 195/200	Train Loss: 0.0032	Val Accuracy: 4.72
Training Epoch: 196/200	Train Loss: 0.0007	Val Accuracy: 4.88
Training Epoch: 197/200	Train Loss: 0.0034	Val Accuracy: 4.88
Training Epoch: 198/200	Train Loss: 0.0045	Val Accuracy: 4.86
Training Epoch: 199/200	Train Loss: 0.0014	Val Accuracy: 4.86
Training Epoch: 200/200	Train Loss: 0.0005	Val Accuracy: 4.74

Wrote Best Model Checkpoint to: vlBest_acc_5_model_epoch_0078.pyth

Best Validation Accuracy: 5.26
Best Epoch: 78

======== TESTING ========

Test Accuracy: 5.12.

======== ACTIVE SAMPLING ========

len(uSetLoader): 448
u_ranks.shape: (44750,)
Active Sampling Complete. After Episode 4:
New Labeled Set: 300, New Unlabeled Set: 44700, Active Set: 50

================================


Current accuracy values:  [3.1200000000000045, 3.5999999999999943, 4.030000000000001, 4.489999999999995, 5.1200000000000045]
======== EPISODE 5 BEGINS ========

======== TRAINING ========
Training Epoch: 1/200	Train Loss: 1.7317	Val Accuracy: 0.0
Training Epoch: 2/200	Train Loss: 2.4495	Val Accuracy: 4.04
Training Epoch: 3/200	Train Loss: 1.4971	Val Accuracy: 4.04
Training Epoch: 4/200	Train Loss: 1.5273	Val Accuracy: 3.84
Training Epoch: 5/200	Train Loss: 0.7641	Val Accuracy: 3.84
Training Epoch: 6/200	Train Loss: 0.4384	Val Accuracy: 4.52
Training Epoch: 7/200	Train Loss: 0.3743	Val Accuracy: 4.52
Training Epoch: 8/200	Train Loss: 0.2328	Val Accuracy: 4.4
Training Epoch: 9/200	Train Loss: 0.7044	Val Accuracy: 4.4
Training Epoch: 10/200	Train Loss: 0.3548	Val Accuracy: 4.1
Training Epoch: 11/200	Train Loss: 0.381	Val Accuracy: 4.1
Training Epoch: 12/200	Train Loss: 0.4446	Val Accuracy: 4.52
Training Epoch: 13/200	Train Loss: 0.3345	Val Accuracy: 4.52
Training Epoch: 14/200	Train Loss: 0.3823	Val Accuracy: 4.4
Training Epoch: 15/200	Train Loss: 0.2739	Val Accuracy: 4.4
Training Epoch: 16/200	Train Loss: 0.1205	Val Accuracy: 3.78
Training Epoch: 17/200	Train Loss: 0.4338	Val Accuracy: 3.78
Training Epoch: 18/200	Train Loss: 0.4393	Val Accuracy: 4.28
Training Epoch: 19/200	Train Loss: 0.1527	Val Accuracy: 4.28
Training Epoch: 20/200	Train Loss: 0.4257	Val Accuracy: 4.9
Training Epoch: 21/200	Train Loss: 0.1094	Val Accuracy: 4.9
Training Epoch: 22/200	Train Loss: 0.118	Val Accuracy: 4.56
Training Epoch: 23/200	Train Loss: 0.1569	Val Accuracy: 4.56
Training Epoch: 24/200	Train Loss: 0.4958	Val Accuracy: 3.98
Training Epoch: 25/200	Train Loss: 0.097	Val Accuracy: 3.98
Training Epoch: 26/200	Train Loss: 0.1425	Val Accuracy: 4.2
Training Epoch: 27/200	Train Loss: 0.2891	Val Accuracy: 4.2
Training Epoch: 28/200	Train Loss: 0.2155	Val Accuracy: 4.62
Training Epoch: 29/200	Train Loss: 0.3721	Val Accuracy: 4.62
Training Epoch: 30/200	Train Loss: 0.2875	Val Accuracy: 4.22
Training Epoch: 31/200	Train Loss: 0.1313	Val Accuracy: 4.22
Training Epoch: 32/200	Train Loss: 0.2648	Val Accuracy: 4.66
Training Epoch: 33/200	Train Loss: 0.1422	Val Accuracy: 4.66
Training Epoch: 34/200	Train Loss: 0.2049	Val Accuracy: 4.6
Training Epoch: 35/200	Train Loss: 0.2548	Val Accuracy: 4.6
Training Epoch: 36/200	Train Loss: 0.1728	Val Accuracy: 4.42
Training Epoch: 37/200	Train Loss: 0.3871	Val Accuracy: 4.42
Training Epoch: 38/200	Train Loss: 0.0714	Val Accuracy: 4.02
Training Epoch: 39/200	Train Loss: 0.3341	Val Accuracy: 4.02
Training Epoch: 40/200	Train Loss: 0.2794	Val Accuracy: 4.5
Training Epoch: 41/200	Train Loss: 0.2213	Val Accuracy: 4.5
Training Epoch: 42/200	Train Loss: 0.2692	Val Accuracy: 4.4
Training Epoch: 43/200	Train Loss: 0.0763	Val Accuracy: 4.4
Training Epoch: 44/200	Train Loss: 0.1576	Val Accuracy: 4.36
Training Epoch: 45/200	Train Loss: 0.1653	Val Accuracy: 4.36
Training Epoch: 46/200	Train Loss: 0.213	Val Accuracy: 4.74
Training Epoch: 47/200	Train Loss: 0.0764	Val Accuracy: 4.74
Training Epoch: 48/200	Train Loss: 0.1075	Val Accuracy: 4.42
Training Epoch: 49/200	Train Loss: 0.1864	Val Accuracy: 4.42
Training Epoch: 50/200	Train Loss: 0.1045	Val Accuracy: 4.54
Training Epoch: 51/200	Train Loss: 0.0886	Val Accuracy: 4.54
Training Epoch: 52/200	Train Loss: 0.0823	Val Accuracy: 4.66
Training Epoch: 53/200	Train Loss: 0.1547	Val Accuracy: 4.66
Training Epoch: 54/200	Train Loss: 0.1142	Val Accuracy: 4.5
Training Epoch: 55/200	Train Loss: 0.0882	Val Accuracy: 4.5
Training Epoch: 56/200	Train Loss: 0.0375	Val Accuracy: 4.62
Training Epoch: 57/200	Train Loss: 0.1445	Val Accuracy: 4.62
Training Epoch: 58/200	Train Loss: 0.0562	Val Accuracy: 4.56
Training Epoch: 59/200	Train Loss: 0.058	Val Accuracy: 4.56
Training Epoch: 60/200	Train Loss: 0.214	Val Accuracy: 4.38
Training Epoch: 61/200	Train Loss: 0.046	Val Accuracy: 4.38
Training Epoch: 62/200	Train Loss: 0.0452	Val Accuracy: 4.72
Training Epoch: 63/200	Train Loss: 0.1172	Val Accuracy: 4.72
Training Epoch: 64/200	Train Loss: 0.0823	Val Accuracy: 4.48
Training Epoch: 65/200	Train Loss: 0.1154	Val Accuracy: 4.48
Training Epoch: 66/200	Train Loss: 0.1695	Val Accuracy: 4.72
Training Epoch: 67/200	Train Loss: 0.0781	Val Accuracy: 4.72
Training Epoch: 68/200	Train Loss: 0.0324	Val Accuracy: 4.58
Training Epoch: 69/200	Train Loss: 0.0584	Val Accuracy: 4.58
Training Epoch: 70/200	Train Loss: 0.0491	Val Accuracy: 4.58
Training Epoch: 71/200	Train Loss: 0.0393	Val Accuracy: 4.58
Training Epoch: 72/200	Train Loss: 0.0085	Val Accuracy: 4.46
Training Epoch: 73/200	Train Loss: 0.0722	Val Accuracy: 4.46
Training Epoch: 74/200	Train Loss: 0.0708	Val Accuracy: 4.68
Training Epoch: 75/200	Train Loss: 0.1076	Val Accuracy: 4.68
Training Epoch: 76/200	Train Loss: 0.009	Val Accuracy: 4.64
Training Epoch: 77/200	Train Loss: 0.0591	Val Accuracy: 4.64
Training Epoch: 78/200	Train Loss: 0.0542	Val Accuracy: 4.84
Training Epoch: 79/200	Train Loss: 0.0253	Val Accuracy: 4.84
Training Epoch: 80/200	Train Loss: 0.0833	Val Accuracy: 4.94
Training Epoch: 81/200	Train Loss: 0.0315	Val Accuracy: 4.94
Training Epoch: 82/200	Train Loss: 0.0982	Val Accuracy: 4.0
Training Epoch: 83/200	Train Loss: 0.0385	Val Accuracy: 4.0
Training Epoch: 84/200	Train Loss: 0.0447	Val Accuracy: 4.34
Training Epoch: 85/200	Train Loss: 0.0789	Val Accuracy: 4.34
Training Epoch: 86/200	Train Loss: 0.1715	Val Accuracy: 4.3
Training Epoch: 87/200	Train Loss: 0.008	Val Accuracy: 4.3
Training Epoch: 88/200	Train Loss: 0.032	Val Accuracy: 4.2
Training Epoch: 89/200	Train Loss: 0.0955	Val Accuracy: 4.2
Training Epoch: 90/200	Train Loss: 0.0717	Val Accuracy: 4.64
Training Epoch: 91/200	Train Loss: 0.042	Val Accuracy: 4.64
Training Epoch: 92/200	Train Loss: 0.0327	Val Accuracy: 4.64
Training Epoch: 93/200	Train Loss: 0.082	Val Accuracy: 4.64
Training Epoch: 94/200	Train Loss: 0.0279	Val Accuracy: 5.04
Training Epoch: 95/200	Train Loss: 0.0226	Val Accuracy: 5.04
Training Epoch: 96/200	Train Loss: 0.0213	Val Accuracy: 4.72
Training Epoch: 97/200	Train Loss: 0.0231	Val Accuracy: 4.72
Training Epoch: 98/200	Train Loss: 0.093	Val Accuracy: 4.98
Training Epoch: 99/200	Train Loss: 0.0534	Val Accuracy: 4.98
Training Epoch: 100/200	Train Loss: 0.0038	Val Accuracy: 4.98
Training Epoch: 101/200	Train Loss: 0.0041	Val Accuracy: 4.98
Training Epoch: 102/200	Train Loss: 0.0818	Val Accuracy: 5.02
Training Epoch: 103/200	Train Loss: 0.0459	Val Accuracy: 5.02
Training Epoch: 104/200	Train Loss: 0.0094	Val Accuracy: 4.84
Training Epoch: 105/200	Train Loss: 0.0171	Val Accuracy: 4.84
Training Epoch: 106/200	Train Loss: 0.0165	Val Accuracy: 4.96
Training Epoch: 107/200	Train Loss: 0.0582	Val Accuracy: 4.96
Training Epoch: 108/200	Train Loss: 0.0018	Val Accuracy: 4.78
Training Epoch: 109/200	Train Loss: 0.0048	Val Accuracy: 4.78
Training Epoch: 110/200	Train Loss: 0.0008	Val Accuracy: 4.94
Training Epoch: 111/200	Train Loss: 0.0216	Val Accuracy: 4.94
Training Epoch: 112/200	Train Loss: 0.008	Val Accuracy: 5.14
Training Epoch: 113/200	Train Loss: 0.0008	Val Accuracy: 5.14
Training Epoch: 114/200	Train Loss: 0.0007	Val Accuracy: 5.02
Training Epoch: 115/200	Train Loss: 0.0035	Val Accuracy: 5.02
Training Epoch: 116/200	Train Loss: 0.0003	Val Accuracy: 5.02
Training Epoch: 117/200	Train Loss: 0.017	Val Accuracy: 5.02
Training Epoch: 118/200	Train Loss: 0.0007	Val Accuracy: 5.32
Training Epoch: 119/200	Train Loss: 0.0255	Val Accuracy: 5.32
Training Epoch: 120/200	Train Loss: 0.0013	Val Accuracy: 5.22
Training Epoch: 121/200	Train Loss: 0.0036	Val Accuracy: 5.22
Training Epoch: 122/200	Train Loss: 0.0118	Val Accuracy: 5.1
Training Epoch: 123/200	Train Loss: 0.0004	Val Accuracy: 5.1
Training Epoch: 124/200	Train Loss: 0.0008	Val Accuracy: 5.0
Training Epoch: 125/200	Train Loss: 0.0013	Val Accuracy: 5.0
Training Epoch: 126/200	Train Loss: 0.0061	Val Accuracy: 4.76
Training Epoch: 127/200	Train Loss: 0.0013	Val Accuracy: 4.76
Training Epoch: 128/200	Train Loss: 0.0005	Val Accuracy: 4.78
Training Epoch: 129/200	Train Loss: 0.0047	Val Accuracy: 4.78
Training Epoch: 130/200	Train Loss: 0.022	Val Accuracy: 5.12
Training Epoch: 131/200	Train Loss: 0.0023	Val Accuracy: 5.12
Training Epoch: 132/200	Train Loss: 0.0012	Val Accuracy: 4.9
Training Epoch: 133/200	Train Loss: 0.0021	Val Accuracy: 4.9
Training Epoch: 134/200	Train Loss: 0.0016	Val Accuracy: 4.52
Training Epoch: 135/200	Train Loss: 0.0029	Val Accuracy: 4.52
Training Epoch: 136/200	Train Loss: 0.001	Val Accuracy: 5.02
Training Epoch: 137/200	Train Loss: 0.0221	Val Accuracy: 5.02
Training Epoch: 138/200	Train Loss: 0.0218	Val Accuracy: 4.72
Training Epoch: 139/200	Train Loss: 0.0845	Val Accuracy: 4.72
Training Epoch: 140/200	Train Loss: 0.0016	Val Accuracy: 4.74
Training Epoch: 141/200	Train Loss: 0.0003	Val Accuracy: 4.74
Training Epoch: 142/200	Train Loss: 0.0012	Val Accuracy: 4.6
Training Epoch: 143/200	Train Loss: 0.0025	Val Accuracy: 4.6
Training Epoch: 144/200	Train Loss: 0.0006	Val Accuracy: 5.0
Training Epoch: 145/200	Train Loss: 0.0032	Val Accuracy: 5.0
Training Epoch: 146/200	Train Loss: 0.0018	Val Accuracy: 4.78
Training Epoch: 147/200	Train Loss: 0.0016	Val Accuracy: 4.78
Training Epoch: 148/200	Train Loss: 0.0021	Val Accuracy: 5.22
Training Epoch: 149/200	Train Loss: 0.0013	Val Accuracy: 5.22
Training Epoch: 150/200	Train Loss: 0.0243	Val Accuracy: 4.98
Training Epoch: 151/200	Train Loss: 0.0008	Val Accuracy: 4.98
Training Epoch: 152/200	Train Loss: 0.0004	Val Accuracy: 5.0
Training Epoch: 153/200	Train Loss: 0.0057	Val Accuracy: 5.0
Training Epoch: 154/200	Train Loss: 0.0022	Val Accuracy: 4.92
Training Epoch: 155/200	Train Loss: 0.0004	Val Accuracy: 4.92
Training Epoch: 156/200	Train Loss: 0.047	Val Accuracy: 5.06
Training Epoch: 157/200	Train Loss: 0.0003	Val Accuracy: 5.06
Training Epoch: 158/200	Train Loss: 0.0003	Val Accuracy: 4.94
Training Epoch: 159/200	Train Loss: 0.0034	Val Accuracy: 4.94
Training Epoch: 160/200	Train Loss: 0.0003	Val Accuracy: 4.98
Training Epoch: 161/200	Train Loss: 0.0003	Val Accuracy: 4.98
Training Epoch: 162/200	Train Loss: 0.0006	Val Accuracy: 4.78
Training Epoch: 163/200	Train Loss: 0.0057	Val Accuracy: 4.78
Training Epoch: 164/200	Train Loss: 0.0029	Val Accuracy: 5.08
Training Epoch: 165/200	Train Loss: 0.0104	Val Accuracy: 5.08
Training Epoch: 166/200	Train Loss: 0.0028	Val Accuracy: 4.92
Training Epoch: 167/200	Train Loss: 0.0056	Val Accuracy: 4.92
Training Epoch: 168/200	Train Loss: 0.0011	Val Accuracy: 4.82
Training Epoch: 169/200	Train Loss: 0.0007	Val Accuracy: 4.82
Training Epoch: 170/200	Train Loss: 0.0092	Val Accuracy: 4.94
Training Epoch: 171/200	Train Loss: 0.0012	Val Accuracy: 4.94
Training Epoch: 172/200	Train Loss: 0.0007	Val Accuracy: 5.26
Training Epoch: 173/200	Train Loss: 0.0013	Val Accuracy: 5.26
Training Epoch: 174/200	Train Loss: 0.0053	Val Accuracy: 5.04
Training Epoch: 175/200	Train Loss: 0.0006	Val Accuracy: 5.04
Training Epoch: 176/200	Train Loss: 0.0005	Val Accuracy: 5.12
Training Epoch: 177/200	Train Loss: 0.0009	Val Accuracy: 5.12
Training Epoch: 178/200	Train Loss: 0.001	Val Accuracy: 4.9
Training Epoch: 179/200	Train Loss: 0.0005	Val Accuracy: 4.9
Training Epoch: 180/200	Train Loss: 0.0908	Val Accuracy: 4.8
Training Epoch: 181/200	Train Loss: 0.0254	Val Accuracy: 4.8
Training Epoch: 182/200	Train Loss: 0.001	Val Accuracy: 4.72
Training Epoch: 183/200	Train Loss: 0.0028	Val Accuracy: 4.72
Training Epoch: 184/200	Train Loss: 0.0001	Val Accuracy: 4.88
Training Epoch: 185/200	Train Loss: 0.0016	Val Accuracy: 4.88
Training Epoch: 186/200	Train Loss: 0.0003	Val Accuracy: 5.1
Training Epoch: 187/200	Train Loss: 0.0008	Val Accuracy: 5.1
Training Epoch: 188/200	Train Loss: 0.0091	Val Accuracy: 4.88
Training Epoch: 189/200	Train Loss: 0.0003	Val Accuracy: 4.88
Training Epoch: 190/200	Train Loss: 0.0004	Val Accuracy: 5.08
Training Epoch: 191/200	Train Loss: 0.001	Val Accuracy: 5.08
Training Epoch: 192/200	Train Loss: 0.0007	Val Accuracy: 5.24
Training Epoch: 193/200	Train Loss: 0.0019	Val Accuracy: 5.24
Training Epoch: 194/200	Train Loss: 0.0002	Val Accuracy: 4.74
Training Epoch: 195/200	Train Loss: 0.0006	Val Accuracy: 4.74
Training Epoch: 196/200	Train Loss: 0.0004	Val Accuracy: 4.8
Training Epoch: 197/200	Train Loss: 0.0016	Val Accuracy: 4.8
Training Epoch: 198/200	Train Loss: 0.0017	Val Accuracy: 4.78
Training Epoch: 199/200	Train Loss: 0.0003	Val Accuracy: 4.78
Training Epoch: 200/200	Train Loss: 0.0014	Val Accuracy: 4.86

Wrote Best Model Checkpoint to: vlBest_acc_5_model_epoch_0118.pyth

Best Validation Accuracy: 5.32
Best Epoch: 118

======== TESTING ========

Test Accuracy: 5.27.

======== ACTIVE SAMPLING ========

len(uSetLoader): 447
u_ranks.shape: (44700,)
Active Sampling Complete. After Episode 5:
New Labeled Set: 350, New Unlabeled Set: 44650, Active Set: 50

================================


Current accuracy values:  [3.1200000000000045, 3.5999999999999943, 4.030000000000001, 4.489999999999995, 5.1200000000000045, 5.269999999999996]
======== EPISODE 6 BEGINS ========

======== TRAINING ========
Training Epoch: 1/200	Train Loss: 1.6147	Val Accuracy: 0.0
Training Epoch: 2/200	Train Loss: 1.5748	Val Accuracy: 4.54
Training Epoch: 3/200	Train Loss: 0.67	Val Accuracy: 4.54
Training Epoch: 4/200	Train Loss: 1.0041	Val Accuracy: 5.64
Training Epoch: 5/200	Train Loss: 0.5658	Val Accuracy: 5.64
Training Epoch: 6/200	Train Loss: 0.4055	Val Accuracy: 4.72
Training Epoch: 7/200	Train Loss: 0.2311	Val Accuracy: 4.72
Training Epoch: 8/200	Train Loss: 0.3455	Val Accuracy: 4.6
Training Epoch: 9/200	Train Loss: 0.4524	Val Accuracy: 4.6
Training Epoch: 10/200	Train Loss: 0.4387	Val Accuracy: 4.76
Training Epoch: 11/200	Train Loss: 0.2426	Val Accuracy: 4.76
Training Epoch: 12/200	Train Loss: 0.4047	Val Accuracy: 5.1
Training Epoch: 13/200	Train Loss: 0.5527	Val Accuracy: 5.1
Training Epoch: 14/200	Train Loss: 0.2373	Val Accuracy: 5.02
Training Epoch: 15/200	Train Loss: 0.2365	Val Accuracy: 5.02
Training Epoch: 16/200	Train Loss: 0.2209	Val Accuracy: 4.46
Training Epoch: 17/200	Train Loss: 0.5159	Val Accuracy: 4.46
Training Epoch: 18/200	Train Loss: 0.208	Val Accuracy: 4.66
Training Epoch: 19/200	Train Loss: 0.1318	Val Accuracy: 4.66
Training Epoch: 20/200	Train Loss: 0.513	Val Accuracy: 4.74
Training Epoch: 21/200	Train Loss: 0.1153	Val Accuracy: 4.74
Training Epoch: 22/200	Train Loss: 0.2751	Val Accuracy: 4.64
Training Epoch: 23/200	Train Loss: 0.3199	Val Accuracy: 4.64
Training Epoch: 24/200	Train Loss: 0.0999	Val Accuracy: 4.56
Training Epoch: 25/200	Train Loss: 0.2194	Val Accuracy: 4.56
Training Epoch: 26/200	Train Loss: 0.1843	Val Accuracy: 4.76
Training Epoch: 27/200	Train Loss: 0.2961	Val Accuracy: 4.76
Training Epoch: 28/200	Train Loss: 0.3857	Val Accuracy: 4.64
Training Epoch: 29/200	Train Loss: 0.6306	Val Accuracy: 4.64
Training Epoch: 30/200	Train Loss: 0.25	Val Accuracy: 4.36
Training Epoch: 31/200	Train Loss: 0.1272	Val Accuracy: 4.36
Training Epoch: 32/200	Train Loss: 0.0986	Val Accuracy: 4.32
Training Epoch: 33/200	Train Loss: 0.338	Val Accuracy: 4.32
Training Epoch: 34/200	Train Loss: 0.5366	Val Accuracy: 4.7
Training Epoch: 35/200	Train Loss: 0.1878	Val Accuracy: 4.7
Training Epoch: 36/200	Train Loss: 0.2122	Val Accuracy: 5.1
Training Epoch: 37/200	Train Loss: 0.1303	Val Accuracy: 5.1
Training Epoch: 38/200	Train Loss: 0.1847	Val Accuracy: 4.92
Training Epoch: 39/200	Train Loss: 0.3837	Val Accuracy: 4.92
Training Epoch: 40/200	Train Loss: 0.2994	Val Accuracy: 4.66
Training Epoch: 41/200	Train Loss: 0.1522	Val Accuracy: 4.66
Training Epoch: 42/200	Train Loss: 0.0876	Val Accuracy: 4.74
Training Epoch: 43/200	Train Loss: 0.1433	Val Accuracy: 4.74
Training Epoch: 44/200	Train Loss: 0.1675	Val Accuracy: 5.12
Training Epoch: 45/200	Train Loss: 0.1334	Val Accuracy: 5.12
Training Epoch: 46/200	Train Loss: 0.1747	Val Accuracy: 4.82
Training Epoch: 47/200	Train Loss: 0.1176	Val Accuracy: 4.82
Training Epoch: 48/200	Train Loss: 0.0615	Val Accuracy: 4.78
Training Epoch: 49/200	Train Loss: 0.0481	Val Accuracy: 4.78
Training Epoch: 50/200	Train Loss: 0.1003	Val Accuracy: 4.82
Training Epoch: 51/200	Train Loss: 0.1587	Val Accuracy: 4.82
Training Epoch: 52/200	Train Loss: 0.0508	Val Accuracy: 4.92
Training Epoch: 53/200	Train Loss: 0.1889	Val Accuracy: 4.92
Training Epoch: 54/200	Train Loss: 0.0297	Val Accuracy: 4.88
Training Epoch: 55/200	Train Loss: 0.2306	Val Accuracy: 4.88
Training Epoch: 56/200	Train Loss: 0.098	Val Accuracy: 5.16
Training Epoch: 57/200	Train Loss: 0.0116	Val Accuracy: 5.16
Training Epoch: 58/200	Train Loss: 0.1052	Val Accuracy: 4.62
Training Epoch: 59/200	Train Loss: 0.078	Val Accuracy: 4.62
Training Epoch: 60/200	Train Loss: 0.1643	Val Accuracy: 4.78
Training Epoch: 61/200	Train Loss: 0.0878	Val Accuracy: 4.78
Training Epoch: 62/200	Train Loss: 0.2114	Val Accuracy: 4.98
Training Epoch: 63/200	Train Loss: 0.0245	Val Accuracy: 4.98
Training Epoch: 64/200	Train Loss: 0.1336	Val Accuracy: 5.14
Training Epoch: 65/200	Train Loss: 0.1585	Val Accuracy: 5.14
Training Epoch: 66/200	Train Loss: 0.069	Val Accuracy: 5.3
Training Epoch: 67/200	Train Loss: 0.0676	Val Accuracy: 5.3
Training Epoch: 68/200	Train Loss: 0.0702	Val Accuracy: 5.32
Training Epoch: 69/200	Train Loss: 0.0409	Val Accuracy: 5.32
Training Epoch: 70/200	Train Loss: 0.0547	Val Accuracy: 5.02
Training Epoch: 71/200	Train Loss: 0.0208	Val Accuracy: 5.02
Training Epoch: 72/200	Train Loss: 0.0362	Val Accuracy: 5.12
Training Epoch: 73/200	Train Loss: 0.0643	Val Accuracy: 5.12
Training Epoch: 74/200	Train Loss: 0.0604	Val Accuracy: 5.02
Training Epoch: 75/200	Train Loss: 0.1481	Val Accuracy: 5.02
Training Epoch: 76/200	Train Loss: 0.0092	Val Accuracy: 5.08
Training Epoch: 77/200	Train Loss: 0.079	Val Accuracy: 5.08
Training Epoch: 78/200	Train Loss: 0.082	Val Accuracy: 4.96
Training Epoch: 79/200	Train Loss: 0.0123	Val Accuracy: 4.96
Training Epoch: 80/200	Train Loss: 0.1202	Val Accuracy: 4.64
Training Epoch: 81/200	Train Loss: 0.03	Val Accuracy: 4.64
Training Epoch: 82/200	Train Loss: 0.0351	Val Accuracy: 4.7
Training Epoch: 83/200	Train Loss: 0.0089	Val Accuracy: 4.7
Training Epoch: 84/200	Train Loss: 0.0279	Val Accuracy: 4.92
Training Epoch: 85/200	Train Loss: 0.0062	Val Accuracy: 4.92
Training Epoch: 86/200	Train Loss: 0.0164	Val Accuracy: 5.08
Training Epoch: 87/200	Train Loss: 0.0095	Val Accuracy: 5.08
Training Epoch: 88/200	Train Loss: 0.0371	Val Accuracy: 5.22
Training Epoch: 89/200	Train Loss: 0.0245	Val Accuracy: 5.22
Training Epoch: 90/200	Train Loss: 0.0866	Val Accuracy: 5.16
Training Epoch: 91/200	Train Loss: 0.005	Val Accuracy: 5.16
Training Epoch: 92/200	Train Loss: 0.059	Val Accuracy: 5.28
Training Epoch: 93/200	Train Loss: 0.0172	Val Accuracy: 5.28
Training Epoch: 94/200	Train Loss: 0.0052	Val Accuracy: 5.12
Training Epoch: 95/200	Train Loss: 0.0053	Val Accuracy: 5.12
Training Epoch: 96/200	Train Loss: 0.0031	Val Accuracy: 5.06
Training Epoch: 97/200	Train Loss: 0.0333	Val Accuracy: 5.06
Training Epoch: 98/200	Train Loss: 0.2055	Val Accuracy: 4.72
Training Epoch: 99/200	Train Loss: 0.0197	Val Accuracy: 4.72
Training Epoch: 100/200	Train Loss: 0.0299	Val Accuracy: 4.76
Training Epoch: 101/200	Train Loss: 0.0356	Val Accuracy: 4.76
Training Epoch: 102/200	Train Loss: 0.0651	Val Accuracy: 5.3
Training Epoch: 103/200	Train Loss: 0.0674	Val Accuracy: 5.3
Training Epoch: 104/200	Train Loss: 0.0297	Val Accuracy: 5.28
Training Epoch: 105/200	Train Loss: 0.0119	Val Accuracy: 5.28
Training Epoch: 106/200	Train Loss: 0.0246	Val Accuracy: 5.06
Training Epoch: 107/200	Train Loss: 0.0067	Val Accuracy: 5.06
Training Epoch: 108/200	Train Loss: 0.0708	Val Accuracy: 5.18
Training Epoch: 109/200	Train Loss: 0.0025	Val Accuracy: 5.18
Training Epoch: 110/200	Train Loss: 0.0037	Val Accuracy: 5.18
Training Epoch: 111/200	Train Loss: 0.0609	Val Accuracy: 5.18
Training Epoch: 112/200	Train Loss: 0.0041	Val Accuracy: 5.18
Training Epoch: 113/200	Train Loss: 0.0053	Val Accuracy: 5.18
Training Epoch: 114/200	Train Loss: 0.0146	Val Accuracy: 5.04
Training Epoch: 115/200	Train Loss: 0.0009	Val Accuracy: 5.04
Training Epoch: 116/200	Train Loss: 0.1828	Val Accuracy: 5.72
Training Epoch: 117/200	Train Loss: 0.0124	Val Accuracy: 5.72
Training Epoch: 118/200	Train Loss: 0.0075	Val Accuracy: 5.62
Training Epoch: 119/200	Train Loss: 0.0021	Val Accuracy: 5.62
Training Epoch: 120/200	Train Loss: 0.0249	Val Accuracy: 5.52
Training Epoch: 121/200	Train Loss: 0.0063	Val Accuracy: 5.52
Training Epoch: 122/200	Train Loss: 0.0309	Val Accuracy: 5.16
Training Epoch: 123/200	Train Loss: 0.012	Val Accuracy: 5.16
Training Epoch: 124/200	Train Loss: 0.0056	Val Accuracy: 5.58
Training Epoch: 125/200	Train Loss: 0.0022	Val Accuracy: 5.58
Training Epoch: 126/200	Train Loss: 0.0084	Val Accuracy: 5.06
Training Epoch: 127/200	Train Loss: 0.0012	Val Accuracy: 5.06
Training Epoch: 128/200	Train Loss: 0.0021	Val Accuracy: 5.36
Training Epoch: 129/200	Train Loss: 0.0025	Val Accuracy: 5.36
Training Epoch: 130/200	Train Loss: 0.0048	Val Accuracy: 5.44
Training Epoch: 131/200	Train Loss: 0.0043	Val Accuracy: 5.44
Training Epoch: 132/200	Train Loss: 0.0089	Val Accuracy: 5.26
Training Epoch: 133/200	Train Loss: 0.0057	Val Accuracy: 5.26
Training Epoch: 134/200	Train Loss: 0.0006	Val Accuracy: 5.1
Training Epoch: 135/200	Train Loss: 0.0272	Val Accuracy: 5.1
Training Epoch: 136/200	Train Loss: 0.001	Val Accuracy: 5.22
Training Epoch: 137/200	Train Loss: 0.024	Val Accuracy: 5.22
Training Epoch: 138/200	Train Loss: 0.0022	Val Accuracy: 5.42
Training Epoch: 139/200	Train Loss: 0.0115	Val Accuracy: 5.42
Training Epoch: 140/200	Train Loss: 0.0054	Val Accuracy: 5.3
Training Epoch: 141/200	Train Loss: 0.0053	Val Accuracy: 5.3
Training Epoch: 142/200	Train Loss: 0.0056	Val Accuracy: 5.28
Training Epoch: 143/200	Train Loss: 0.0308	Val Accuracy: 5.28
Training Epoch: 144/200	Train Loss: 0.0013	Val Accuracy: 5.2
Training Epoch: 145/200	Train Loss: 0.0019	Val Accuracy: 5.2
Training Epoch: 146/200	Train Loss: 0.0308	Val Accuracy: 5.12
Training Epoch: 147/200	Train Loss: 0.0023	Val Accuracy: 5.12
Training Epoch: 148/200	Train Loss: 0.0032	Val Accuracy: 5.12
Training Epoch: 149/200	Train Loss: 0.0026	Val Accuracy: 5.12
Training Epoch: 150/200	Train Loss: 0.0022	Val Accuracy: 5.1
Training Epoch: 151/200	Train Loss: 0.0045	Val Accuracy: 5.1
Training Epoch: 152/200	Train Loss: 0.0481	Val Accuracy: 5.52
Training Epoch: 153/200	Train Loss: 0.0005	Val Accuracy: 5.52
Training Epoch: 154/200	Train Loss: 0.0004	Val Accuracy: 5.46
Training Epoch: 155/200	Train Loss: 0.0341	Val Accuracy: 5.46
Training Epoch: 156/200	Train Loss: 0.0014	Val Accuracy: 5.56
Training Epoch: 157/200	Train Loss: 0.0167	Val Accuracy: 5.56
Training Epoch: 158/200	Train Loss: 0.0106	Val Accuracy: 5.62
Training Epoch: 159/200	Train Loss: 0.0016	Val Accuracy: 5.62
Training Epoch: 160/200	Train Loss: 0.0011	Val Accuracy: 5.52
Training Epoch: 161/200	Train Loss: 0.0029	Val Accuracy: 5.52
Training Epoch: 162/200	Train Loss: 0.0141	Val Accuracy: 5.2
Training Epoch: 163/200	Train Loss: 0.0114	Val Accuracy: 5.2
Training Epoch: 164/200	Train Loss: 0.1159	Val Accuracy: 5.46
Training Epoch: 165/200	Train Loss: 0.0082	Val Accuracy: 5.46
Training Epoch: 166/200	Train Loss: 0.0113	Val Accuracy: 5.22
Training Epoch: 167/200	Train Loss: 0.0011	Val Accuracy: 5.22
Training Epoch: 168/200	Train Loss: 0.0005	Val Accuracy: 5.64
Training Epoch: 169/200	Train Loss: 0.022	Val Accuracy: 5.64
Training Epoch: 170/200	Train Loss: 0.0097	Val Accuracy: 5.44
Training Epoch: 171/200	Train Loss: 0.001	Val Accuracy: 5.44
Training Epoch: 172/200	Train Loss: 0.0034	Val Accuracy: 5.3
Training Epoch: 173/200	Train Loss: 0.0046	Val Accuracy: 5.3
Training Epoch: 174/200	Train Loss: 0.0036	Val Accuracy: 5.1
Training Epoch: 175/200	Train Loss: 0.0363	Val Accuracy: 5.1
Training Epoch: 176/200	Train Loss: 0.0017	Val Accuracy: 5.38
Training Epoch: 177/200	Train Loss: 0.0008	Val Accuracy: 5.38
Training Epoch: 178/200	Train Loss: 0.0002	Val Accuracy: 5.44
Training Epoch: 179/200	Train Loss: 0.0004	Val Accuracy: 5.44
Training Epoch: 180/200	Train Loss: 0.0018	Val Accuracy: 5.22
Training Epoch: 181/200	Train Loss: 0.006	Val Accuracy: 5.22
Training Epoch: 182/200	Train Loss: 0.0164	Val Accuracy: 5.2
Training Epoch: 183/200	Train Loss: 0.0005	Val Accuracy: 5.2
Training Epoch: 184/200	Train Loss: 0.0008	Val Accuracy: 5.34
Training Epoch: 185/200	Train Loss: 0.0003	Val Accuracy: 5.34
Training Epoch: 186/200	Train Loss: 0.0004	Val Accuracy: 4.98
Training Epoch: 187/200	Train Loss: 0.0007	Val Accuracy: 4.98
Training Epoch: 188/200	Train Loss: 0.0021	Val Accuracy: 5.16
Training Epoch: 189/200	Train Loss: 0.0015	Val Accuracy: 5.16
Training Epoch: 190/200	Train Loss: 0.0017	Val Accuracy: 5.64
Training Epoch: 191/200	Train Loss: 0.0037	Val Accuracy: 5.64
Training Epoch: 192/200	Train Loss: 0.0001	Val Accuracy: 5.44
Training Epoch: 193/200	Train Loss: 0.0014	Val Accuracy: 5.44
Training Epoch: 194/200	Train Loss: 0.0018	Val Accuracy: 5.6
Training Epoch: 195/200	Train Loss: 0.0003	Val Accuracy: 5.6
Training Epoch: 196/200	Train Loss: 0.0005	Val Accuracy: 5.32
Training Epoch: 197/200	Train Loss: 0.0003	Val Accuracy: 5.32
Training Epoch: 198/200	Train Loss: 0.0146	Val Accuracy: 5.46
Training Epoch: 199/200	Train Loss: 0.0024	Val Accuracy: 5.46
Training Epoch: 200/200	Train Loss: 0.0019	Val Accuracy: 5.1

Wrote Best Model Checkpoint to: vlBest_acc_5_model_epoch_0116.pyth

Best Validation Accuracy: 5.72
Best Epoch: 116

======== TESTING ========

Test Accuracy: 5.52.

======== ACTIVE SAMPLING ========

len(uSetLoader): 447
u_ranks.shape: (44650,)
Active Sampling Complete. After Episode 6:
New Labeled Set: 400, New Unlabeled Set: 44600, Active Set: 50

================================


Current accuracy values:  [3.1200000000000045, 3.5999999999999943, 4.030000000000001, 4.489999999999995, 5.1200000000000045, 5.269999999999996, 5.519999999999996]
======== EPISODE 7 BEGINS ========

======== TRAINING ========
Training Epoch: 1/200	Train Loss: 2.1525	Val Accuracy: 0.0
Training Epoch: 2/200	Train Loss: 0.6073	Val Accuracy: 4.78
Training Epoch: 3/200	Train Loss: 0.8983	Val Accuracy: 4.78
Training Epoch: 4/200	Train Loss: 0.8667	Val Accuracy: 4.74
Training Epoch: 5/200	Train Loss: 0.439	Val Accuracy: 4.74
Training Epoch: 6/200	Train Loss: 0.3636	Val Accuracy: 4.58
Training Epoch: 7/200	Train Loss: 0.2088	Val Accuracy: 4.58
Training Epoch: 8/200	Train Loss: 0.6531	Val Accuracy: 4.98
Training Epoch: 9/200	Train Loss: 0.4647	Val Accuracy: 4.98
Training Epoch: 10/200	Train Loss: 0.2226	Val Accuracy: 5.02
Training Epoch: 11/200	Train Loss: 0.4944	Val Accuracy: 5.02
Training Epoch: 12/200	Train Loss: 0.1494	Val Accuracy: 5.04
Training Epoch: 13/200	Train Loss: 0.4637	Val Accuracy: 5.04
Training Epoch: 14/200	Train Loss: 0.4052	Val Accuracy: 5.0
Training Epoch: 15/200	Train Loss: 0.2364	Val Accuracy: 5.0
Training Epoch: 16/200	Train Loss: 0.2412	Val Accuracy: 4.82
Training Epoch: 17/200	Train Loss: 0.1149	Val Accuracy: 4.82
Training Epoch: 18/200	Train Loss: 0.1128	Val Accuracy: 4.58
Training Epoch: 19/200	Train Loss: 0.2203	Val Accuracy: 4.58
Training Epoch: 20/200	Train Loss: 0.2308	Val Accuracy: 4.42
Training Epoch: 21/200	Train Loss: 0.2127	Val Accuracy: 4.42
Training Epoch: 22/200	Train Loss: 0.1756	Val Accuracy: 4.6
Training Epoch: 23/200	Train Loss: 0.1714	Val Accuracy: 4.6
Training Epoch: 24/200	Train Loss: 0.2357	Val Accuracy: 5.38
Training Epoch: 25/200	Train Loss: 0.0978	Val Accuracy: 5.38
Training Epoch: 26/200	Train Loss: 0.0781	Val Accuracy: 5.48
Training Epoch: 27/200	Train Loss: 0.4971	Val Accuracy: 5.48
Training Epoch: 28/200	Train Loss: 0.2215	Val Accuracy: 5.18
Training Epoch: 29/200	Train Loss: 0.1515	Val Accuracy: 5.18
Training Epoch: 30/200	Train Loss: 0.053	Val Accuracy: 5.02
Training Epoch: 31/200	Train Loss: 0.3062	Val Accuracy: 5.02
Training Epoch: 32/200	Train Loss: 0.1658	Val Accuracy: 5.14
Training Epoch: 33/200	Train Loss: 0.0971	Val Accuracy: 5.14
Training Epoch: 34/200	Train Loss: 0.0545	Val Accuracy: 4.92
Training Epoch: 35/200	Train Loss: 0.074	Val Accuracy: 4.92
Training Epoch: 36/200	Train Loss: 0.1167	Val Accuracy: 5.38
Training Epoch: 37/200	Train Loss: 0.0146	Val Accuracy: 5.38
Training Epoch: 38/200	Train Loss: 0.248	Val Accuracy: 5.46
Training Epoch: 39/200	Train Loss: 0.0953	Val Accuracy: 5.46
Training Epoch: 40/200	Train Loss: 0.2048	Val Accuracy: 5.08
Training Epoch: 41/200	Train Loss: 0.0624	Val Accuracy: 5.08
Training Epoch: 42/200	Train Loss: 0.2041	Val Accuracy: 4.78
Training Epoch: 43/200	Train Loss: 0.1059	Val Accuracy: 4.78
Training Epoch: 44/200	Train Loss: 0.2766	Val Accuracy: 4.86
Training Epoch: 45/200	Train Loss: 0.0143	Val Accuracy: 4.86
Training Epoch: 46/200	Train Loss: 0.0677	Val Accuracy: 5.14
Training Epoch: 47/200	Train Loss: 0.0677	Val Accuracy: 5.14
Training Epoch: 48/200	Train Loss: 0.041	Val Accuracy: 5.18
Training Epoch: 49/200	Train Loss: 0.1006	Val Accuracy: 5.18
Training Epoch: 50/200	Train Loss: 0.0228	Val Accuracy: 5.06
Training Epoch: 51/200	Train Loss: 0.0736	Val Accuracy: 5.06
Training Epoch: 52/200	Train Loss: 0.0384	Val Accuracy: 4.84
Training Epoch: 53/200	Train Loss: 0.3049	Val Accuracy: 4.84
Training Epoch: 54/200	Train Loss: 0.0637	Val Accuracy: 5.44
Training Epoch: 55/200	Train Loss: 0.0697	Val Accuracy: 5.44
Training Epoch: 56/200	Train Loss: 0.0685	Val Accuracy: 5.62
Training Epoch: 57/200	Train Loss: 0.2292	Val Accuracy: 5.62
Training Epoch: 58/200	Train Loss: 0.0454	Val Accuracy: 5.22
Training Epoch: 59/200	Train Loss: 0.0317	Val Accuracy: 5.22
Training Epoch: 60/200	Train Loss: 0.1645	Val Accuracy: 5.22
Training Epoch: 61/200	Train Loss: 0.0455	Val Accuracy: 5.22
Training Epoch: 62/200	Train Loss: 0.0278	Val Accuracy: 5.26
Training Epoch: 63/200	Train Loss: 0.1073	Val Accuracy: 5.26
Training Epoch: 64/200	Train Loss: 0.1063	Val Accuracy: 5.02
Training Epoch: 65/200	Train Loss: 0.0504	Val Accuracy: 5.02
Training Epoch: 66/200	Train Loss: 0.0305	Val Accuracy: 5.36
Training Epoch: 67/200	Train Loss: 0.0097	Val Accuracy: 5.36
Training Epoch: 68/200	Train Loss: 0.0135	Val Accuracy: 5.12
Training Epoch: 69/200	Train Loss: 0.0014	Val Accuracy: 5.12
Training Epoch: 70/200	Train Loss: 0.0805	Val Accuracy: 5.34
Training Epoch: 71/200	Train Loss: 0.0757	Val Accuracy: 5.34
Training Epoch: 72/200	Train Loss: 0.0055	Val Accuracy: 5.12
Training Epoch: 73/200	Train Loss: 0.0637	Val Accuracy: 5.12
Training Epoch: 74/200	Train Loss: 0.0436	Val Accuracy: 5.5
Training Epoch: 75/200	Train Loss: 0.0226	Val Accuracy: 5.5
Training Epoch: 76/200	Train Loss: 0.0712	Val Accuracy: 5.02
Training Epoch: 77/200	Train Loss: 0.0041	Val Accuracy: 5.02
Training Epoch: 78/200	Train Loss: 0.0346	Val Accuracy: 5.6
Training Epoch: 79/200	Train Loss: 0.0641	Val Accuracy: 5.6
Training Epoch: 80/200	Train Loss: 0.0519	Val Accuracy: 4.94
Training Epoch: 81/200	Train Loss: 0.0516	Val Accuracy: 4.94
Training Epoch: 82/200	Train Loss: 0.0345	Val Accuracy: 5.22
Training Epoch: 83/200	Train Loss: 0.004	Val Accuracy: 5.22
Training Epoch: 84/200	Train Loss: 0.0341	Val Accuracy: 5.36
Training Epoch: 85/200	Train Loss: 0.0069	Val Accuracy: 5.36
Training Epoch: 86/200	Train Loss: 0.0058	Val Accuracy: 5.52
Training Epoch: 87/200	Train Loss: 0.0382	Val Accuracy: 5.52
Training Epoch: 88/200	Train Loss: 0.0016	Val Accuracy: 5.06
Training Epoch: 89/200	Train Loss: 0.0018	Val Accuracy: 5.06
Training Epoch: 90/200	Train Loss: 0.0007	Val Accuracy: 5.46
Training Epoch: 91/200	Train Loss: 0.0147	Val Accuracy: 5.46
Training Epoch: 92/200	Train Loss: 0.0063	Val Accuracy: 5.3
Training Epoch: 93/200	Train Loss: 0.0009	Val Accuracy: 5.3
Training Epoch: 94/200	Train Loss: 0.0725	Val Accuracy: 5.36
Training Epoch: 95/200	Train Loss: 0.012	Val Accuracy: 5.36
Training Epoch: 96/200	Train Loss: 0.0097	Val Accuracy: 5.58
Training Epoch: 97/200	Train Loss: 0.0012	Val Accuracy: 5.58
Training Epoch: 98/200	Train Loss: 0.0124	Val Accuracy: 5.28
Training Epoch: 99/200	Train Loss: 0.0028	Val Accuracy: 5.28
Training Epoch: 100/200	Train Loss: 0.0001	Val Accuracy: 5.22
Training Epoch: 101/200	Train Loss: 0.0042	Val Accuracy: 5.22
Training Epoch: 102/200	Train Loss: 0.0825	Val Accuracy: 5.2
Training Epoch: 103/200	Train Loss: 0.0004	Val Accuracy: 5.2
Training Epoch: 104/200	Train Loss: 0.0065	Val Accuracy: 5.24
Training Epoch: 105/200	Train Loss: 0.0005	Val Accuracy: 5.24
Training Epoch: 106/200	Train Loss: 0.0189	Val Accuracy: 4.96
Training Epoch: 107/200	Train Loss: 0.0013	Val Accuracy: 4.96
Training Epoch: 108/200	Train Loss: 0.0013	Val Accuracy: 5.16
Training Epoch: 109/200	Train Loss: 0.0173	Val Accuracy: 5.16
Training Epoch: 110/200	Train Loss: 0.0818	Val Accuracy: 5.4
Training Epoch: 111/200	Train Loss: 0.0004	Val Accuracy: 5.4
Training Epoch: 112/200	Train Loss: 0.0139	Val Accuracy: 5.46
Training Epoch: 113/200	Train Loss: 0.0339	Val Accuracy: 5.46
Training Epoch: 114/200	Train Loss: 0.0108	Val Accuracy: 5.46
Training Epoch: 115/200	Train Loss: 0.0066	Val Accuracy: 5.46
Training Epoch: 116/200	Train Loss: 0.0039	Val Accuracy: 5.5
Training Epoch: 117/200	Train Loss: 0.0036	Val Accuracy: 5.5
Training Epoch: 118/200	Train Loss: 0.0659	Val Accuracy: 5.44
Training Epoch: 119/200	Train Loss: 0.0597	Val Accuracy: 5.44
Training Epoch: 120/200	Train Loss: 0.0289	Val Accuracy: 5.44
Training Epoch: 121/200	Train Loss: 0.0051	Val Accuracy: 5.44
Training Epoch: 122/200	Train Loss: 0.0164	Val Accuracy: 5.76
Training Epoch: 123/200	Train Loss: 0.009	Val Accuracy: 5.76
Training Epoch: 124/200	Train Loss: 0.0005	Val Accuracy: 5.54
Training Epoch: 125/200	Train Loss: 0.0008	Val Accuracy: 5.54
Training Epoch: 126/200	Train Loss: 0.0014	Val Accuracy: 5.08
Training Epoch: 127/200	Train Loss: 0.0009	Val Accuracy: 5.08
Training Epoch: 128/200	Train Loss: 0.0012	Val Accuracy: 5.22
Training Epoch: 129/200	Train Loss: 0.0006	Val Accuracy: 5.22
Training Epoch: 130/200	Train Loss: 0.0032	Val Accuracy: 5.6
Training Epoch: 131/200	Train Loss: 0.0085	Val Accuracy: 5.6
Training Epoch: 132/200	Train Loss: 0.0005	Val Accuracy: 5.28
Training Epoch: 133/200	Train Loss: 0.0002	Val Accuracy: 5.28
Training Epoch: 134/200	Train Loss: 0.0016	Val Accuracy: 5.08
Training Epoch: 135/200	Train Loss: 0.0007	Val Accuracy: 5.08
Training Epoch: 136/200	Train Loss: 0.0119	Val Accuracy: 5.24
Training Epoch: 137/200	Train Loss: 0.0004	Val Accuracy: 5.24
Training Epoch: 138/200	Train Loss: 0.0019	Val Accuracy: 5.32
Training Epoch: 139/200	Train Loss: 0.111	Val Accuracy: 5.32
Training Epoch: 140/200	Train Loss: 0.0011	Val Accuracy: 5.6
Training Epoch: 141/200	Train Loss: 0.0313	Val Accuracy: 5.6
Training Epoch: 142/200	Train Loss: 0.0004	Val Accuracy: 5.5
Training Epoch: 143/200	Train Loss: 0.0012	Val Accuracy: 5.5
Training Epoch: 144/200	Train Loss: 0.0003	Val Accuracy: 5.56
Training Epoch: 145/200	Train Loss: 0.0002	Val Accuracy: 5.56
Training Epoch: 146/200	Train Loss: 0.0003	Val Accuracy: 5.62
Training Epoch: 147/200	Train Loss: 0.0103	Val Accuracy: 5.62
Training Epoch: 148/200	Train Loss: 0.0022	Val Accuracy: 5.44
Training Epoch: 149/200	Train Loss: 0.002	Val Accuracy: 5.44
Training Epoch: 150/200	Train Loss: 0.0014	Val Accuracy: 5.42
Training Epoch: 151/200	Train Loss: 0.0002	Val Accuracy: 5.42
Training Epoch: 152/200	Train Loss: 0.0005	Val Accuracy: 5.38
Training Epoch: 153/200	Train Loss: 0.0032	Val Accuracy: 5.38
Training Epoch: 154/200	Train Loss: 0.0006	Val Accuracy: 5.78
Training Epoch: 155/200	Train Loss: 0.0014	Val Accuracy: 5.78
Training Epoch: 156/200	Train Loss: 0.0003	Val Accuracy: 5.38
Training Epoch: 157/200	Train Loss: 0.0041	Val Accuracy: 5.38
Training Epoch: 158/200	Train Loss: 0.0003	Val Accuracy: 5.5
Training Epoch: 159/200	Train Loss: 0.0003	Val Accuracy: 5.5
Training Epoch: 160/200	Train Loss: 0.0003	Val Accuracy: 5.54
Training Epoch: 161/200	Train Loss: 0.0003	Val Accuracy: 5.54
Training Epoch: 162/200	Train Loss: 0.0008	Val Accuracy: 5.16
Training Epoch: 163/200	Train Loss: 0.0003	Val Accuracy: 5.16
Training Epoch: 164/200	Train Loss: 0.0007	Val Accuracy: 5.72
Training Epoch: 165/200	Train Loss: 0.0003	Val Accuracy: 5.72
Training Epoch: 166/200	Train Loss: 0.0008	Val Accuracy: 5.38
Training Epoch: 167/200	Train Loss: 0.0057	Val Accuracy: 5.38
Training Epoch: 168/200	Train Loss: 0.0016	Val Accuracy: 5.72
Training Epoch: 169/200	Train Loss: 0.0021	Val Accuracy: 5.72
Training Epoch: 170/200	Train Loss: 0.0017	Val Accuracy: 5.4
Training Epoch: 171/200	Train Loss: 0.0004	Val Accuracy: 5.4
Training Epoch: 172/200	Train Loss: 0.0053	Val Accuracy: 5.58
Training Epoch: 173/200	Train Loss: 0.0008	Val Accuracy: 5.58
Training Epoch: 174/200	Train Loss: 0.0001	Val Accuracy: 5.6
Training Epoch: 175/200	Train Loss: 0.0974	Val Accuracy: 5.6
Training Epoch: 176/200	Train Loss: 0.0096	Val Accuracy: 5.4
Training Epoch: 177/200	Train Loss: 0.0009	Val Accuracy: 5.4
Training Epoch: 178/200	Train Loss: 0.0063	Val Accuracy: 5.46
Training Epoch: 179/200	Train Loss: 0.0008	Val Accuracy: 5.46
Training Epoch: 180/200	Train Loss: 0.0003	Val Accuracy: 5.76
Training Epoch: 181/200	Train Loss: 0.0016	Val Accuracy: 5.76
Training Epoch: 182/200	Train Loss: 0.0016	Val Accuracy: 5.4
Training Epoch: 183/200	Train Loss: 0.0059	Val Accuracy: 5.4
Training Epoch: 184/200	Train Loss: 0.0086	Val Accuracy: 5.44
Training Epoch: 185/200	Train Loss: 0.0004	Val Accuracy: 5.44
Training Epoch: 186/200	Train Loss: 0.0017	Val Accuracy: 5.74
Training Epoch: 187/200	Train Loss: 0.0296	Val Accuracy: 5.74
Training Epoch: 188/200	Train Loss: 0.0021	Val Accuracy: 5.54
Training Epoch: 189/200	Train Loss: 0.0035	Val Accuracy: 5.54
Training Epoch: 190/200	Train Loss: 0.0005	Val Accuracy: 5.42
Training Epoch: 191/200	Train Loss: 0.0004	Val Accuracy: 5.42
Training Epoch: 192/200	Train Loss: 0.0005	Val Accuracy: 5.4
Training Epoch: 193/200	Train Loss: 0.0052	Val Accuracy: 5.4
Training Epoch: 194/200	Train Loss: 0.0004	Val Accuracy: 5.62
Training Epoch: 195/200	Train Loss: 0.0002	Val Accuracy: 5.62
Training Epoch: 196/200	Train Loss: 0.0007	Val Accuracy: 5.44
Training Epoch: 197/200	Train Loss: 0.0013	Val Accuracy: 5.44
Training Epoch: 198/200	Train Loss: 0.0063	Val Accuracy: 5.58
Training Epoch: 199/200	Train Loss: 0.0034	Val Accuracy: 5.58
Training Epoch: 200/200	Train Loss: 0.002	Val Accuracy: 5.42

Wrote Best Model Checkpoint to: vlBest_acc_5_model_epoch_0154.pyth

Best Validation Accuracy: 5.78
Best Epoch: 154

======== TESTING ========

Test Accuracy: 5.9.

======== ACTIVE SAMPLING ========

len(uSetLoader): 446
u_ranks.shape: (44600,)
Active Sampling Complete. After Episode 7:
New Labeled Set: 450, New Unlabeled Set: 44550, Active Set: 50

================================


Current accuracy values:  [3.1200000000000045, 3.5999999999999943, 4.030000000000001, 4.489999999999995, 5.1200000000000045, 5.269999999999996, 5.519999999999996, 5.900000000000006]
======== EPISODE 8 BEGINS ========

======== TRAINING ========
Training Epoch: 1/200	Train Loss: 2.5476	Val Accuracy: 0.0
Training Epoch: 2/200	Train Loss: 0.8626	Val Accuracy: 5.58
Training Epoch: 3/200	Train Loss: 0.7485	Val Accuracy: 5.58
Training Epoch: 4/200	Train Loss: 0.7239	Val Accuracy: 4.96
Training Epoch: 5/200	Train Loss: 0.5219	Val Accuracy: 4.96
Training Epoch: 6/200	Train Loss: 0.2143	Val Accuracy: 4.72
Training Epoch: 7/200	Train Loss: 0.3418	Val Accuracy: 4.72
Training Epoch: 8/200	Train Loss: 0.1884	Val Accuracy: 5.26
Training Epoch: 9/200	Train Loss: 0.1875	Val Accuracy: 5.26
Training Epoch: 10/200	Train Loss: 0.6166	Val Accuracy: 5.46
Training Epoch: 11/200	Train Loss: 0.0929	Val Accuracy: 5.46
Training Epoch: 12/200	Train Loss: 0.1243	Val Accuracy: 5.46
Training Epoch: 13/200	Train Loss: 0.2365	Val Accuracy: 5.46
Training Epoch: 14/200	Train Loss: 0.1776	Val Accuracy: 5.12
Training Epoch: 15/200	Train Loss: 0.1332	Val Accuracy: 5.12
Training Epoch: 16/200	Train Loss: 0.0668	Val Accuracy: 4.96
Training Epoch: 17/200	Train Loss: 0.0886	Val Accuracy: 4.96
Training Epoch: 18/200	Train Loss: 0.0818	Val Accuracy: 5.14
Training Epoch: 19/200	Train Loss: 0.0829	Val Accuracy: 5.14
Training Epoch: 20/200	Train Loss: 0.0603	Val Accuracy: 5.22
Training Epoch: 21/200	Train Loss: 0.0952	Val Accuracy: 5.22
Training Epoch: 22/200	Train Loss: 0.1794	Val Accuracy: 5.66
Training Epoch: 23/200	Train Loss: 0.0923	Val Accuracy: 5.66
Training Epoch: 24/200	Train Loss: 0.1562	Val Accuracy: 5.62
Training Epoch: 25/200	Train Loss: 0.0799	Val Accuracy: 5.62
Training Epoch: 26/200	Train Loss: 0.0194	Val Accuracy: 4.88
Training Epoch: 27/200	Train Loss: 0.0473	Val Accuracy: 4.88
Training Epoch: 28/200	Train Loss: 0.0351	Val Accuracy: 5.08
Training Epoch: 29/200	Train Loss: 0.1434	Val Accuracy: 5.08
Training Epoch: 30/200	Train Loss: 0.1323	Val Accuracy: 5.22
Training Epoch: 31/200	Train Loss: 0.0977	Val Accuracy: 5.22
Training Epoch: 32/200	Train Loss: 0.0251	Val Accuracy: 5.16
Training Epoch: 33/200	Train Loss: 0.0484	Val Accuracy: 5.16
Training Epoch: 34/200	Train Loss: 0.0889	Val Accuracy: 5.58
Training Epoch: 35/200	Train Loss: 0.0597	Val Accuracy: 5.58
Training Epoch: 36/200	Train Loss: 0.0306	Val Accuracy: 5.42
Training Epoch: 37/200	Train Loss: 0.1741	Val Accuracy: 5.42
Training Epoch: 38/200	Train Loss: 0.1867	Val Accuracy: 5.42
Training Epoch: 39/200	Train Loss: 0.033	Val Accuracy: 5.42
Training Epoch: 40/200	Train Loss: 0.1141	Val Accuracy: 4.9
Training Epoch: 41/200	Train Loss: 0.1034	Val Accuracy: 4.9
Training Epoch: 42/200	Train Loss: 0.1204	Val Accuracy: 5.14
Training Epoch: 43/200	Train Loss: 0.1555	Val Accuracy: 5.14
Training Epoch: 44/200	Train Loss: 0.0187	Val Accuracy: 5.3
Training Epoch: 45/200	Train Loss: 0.0571	Val Accuracy: 5.3
Training Epoch: 46/200	Train Loss: 0.1701	Val Accuracy: 5.02
Training Epoch: 47/200	Train Loss: 0.1624	Val Accuracy: 5.02
Training Epoch: 48/200	Train Loss: 0.175	Val Accuracy: 5.34
Training Epoch: 49/200	Train Loss: 0.006	Val Accuracy: 5.34
Training Epoch: 50/200	Train Loss: 0.0658	Val Accuracy: 5.52
Training Epoch: 51/200	Train Loss: 0.0373	Val Accuracy: 5.52
Training Epoch: 52/200	Train Loss: 0.1134	Val Accuracy: 5.46
Training Epoch: 53/200	Train Loss: 0.1109	Val Accuracy: 5.46
Training Epoch: 54/200	Train Loss: 0.0088	Val Accuracy: 5.06
Training Epoch: 55/200	Train Loss: 0.0644	Val Accuracy: 5.06
Training Epoch: 56/200	Train Loss: 0.1122	Val Accuracy: 5.56
Training Epoch: 57/200	Train Loss: 0.0281	Val Accuracy: 5.56
Training Epoch: 58/200	Train Loss: 0.0995	Val Accuracy: 4.84
Training Epoch: 59/200	Train Loss: 0.1095	Val Accuracy: 4.84
Training Epoch: 60/200	Train Loss: 0.0394	Val Accuracy: 5.04
Training Epoch: 61/200	Train Loss: 0.0218	Val Accuracy: 5.04
Training Epoch: 62/200	Train Loss: 0.1431	Val Accuracy: 5.36
Training Epoch: 63/200	Train Loss: 0.0663	Val Accuracy: 5.36
Training Epoch: 64/200	Train Loss: 0.0197	Val Accuracy: 5.06
Training Epoch: 65/200	Train Loss: 0.0564	Val Accuracy: 5.06
Training Epoch: 66/200	Train Loss: 0.0064	Val Accuracy: 5.4
Training Epoch: 67/200	Train Loss: 0.0286	Val Accuracy: 5.4
Training Epoch: 68/200	Train Loss: 0.0382	Val Accuracy: 5.6
Training Epoch: 69/200	Train Loss: 0.0036	Val Accuracy: 5.6
Training Epoch: 70/200	Train Loss: 0.0243	Val Accuracy: 5.56
Training Epoch: 71/200	Train Loss: 0.0104	Val Accuracy: 5.56
Training Epoch: 72/200	Train Loss: 0.0133	Val Accuracy: 5.5
Training Epoch: 73/200	Train Loss: 0.0221	Val Accuracy: 5.5
Training Epoch: 74/200	Train Loss: 0.0003	Val Accuracy: 5.58
Training Epoch: 75/200	Train Loss: 0.0007	Val Accuracy: 5.58
Training Epoch: 76/200	Train Loss: 0.0342	Val Accuracy: 5.8
Training Epoch: 77/200	Train Loss: 0.0114	Val Accuracy: 5.8
Training Epoch: 78/200	Train Loss: 0.0259	Val Accuracy: 5.54
Training Epoch: 79/200	Train Loss: 0.0902	Val Accuracy: 5.54
Training Epoch: 80/200	Train Loss: 0.0156	Val Accuracy: 5.5
Training Epoch: 81/200	Train Loss: 0.024	Val Accuracy: 5.5
Training Epoch: 82/200	Train Loss: 0.0012	Val Accuracy: 5.92
Training Epoch: 83/200	Train Loss: 0.0103	Val Accuracy: 5.92
Training Epoch: 84/200	Train Loss: 0.0026	Val Accuracy: 5.66
Training Epoch: 85/200	Train Loss: 0.001	Val Accuracy: 5.66
Training Epoch: 86/200	Train Loss: 0.0033	Val Accuracy: 5.28
Training Epoch: 87/200	Train Loss: 0.0459	Val Accuracy: 5.28
Training Epoch: 88/200	Train Loss: 0.004	Val Accuracy: 5.26
Training Epoch: 89/200	Train Loss: 0.0234	Val Accuracy: 5.26
Training Epoch: 90/200	Train Loss: 0.0021	Val Accuracy: 5.3
Training Epoch: 91/200	Train Loss: 0.0595	Val Accuracy: 5.3
Training Epoch: 92/200	Train Loss: 0.0138	Val Accuracy: 5.4
Training Epoch: 93/200	Train Loss: 0.0037	Val Accuracy: 5.4
Training Epoch: 94/200	Train Loss: 0.0281	Val Accuracy: 5.56
Training Epoch: 95/200	Train Loss: 0.0027	Val Accuracy: 5.56
Training Epoch: 96/200	Train Loss: 0.0116	Val Accuracy: 5.68
Training Epoch: 97/200	Train Loss: 0.0029	Val Accuracy: 5.68
Training Epoch: 98/200	Train Loss: 0.0041	Val Accuracy: 5.74
Training Epoch: 99/200	Train Loss: 0.0034	Val Accuracy: 5.74
Training Epoch: 100/200	Train Loss: 0.0444	Val Accuracy: 5.72
Training Epoch: 101/200	Train Loss: 0.0393	Val Accuracy: 5.72
Training Epoch: 102/200	Train Loss: 0.0026	Val Accuracy: 5.72
Training Epoch: 103/200	Train Loss: 0.0393	Val Accuracy: 5.72
Training Epoch: 104/200	Train Loss: 0.0015	Val Accuracy: 5.4
Training Epoch: 105/200	Train Loss: 0.0378	Val Accuracy: 5.4
Training Epoch: 106/200	Train Loss: 0.0024	Val Accuracy: 5.68
Training Epoch: 107/200	Train Loss: 0.0018	Val Accuracy: 5.68
Training Epoch: 108/200	Train Loss: 0.0626	Val Accuracy: 5.62
Training Epoch: 109/200	Train Loss: 0.0022	Val Accuracy: 5.62
Training Epoch: 110/200	Train Loss: 0.0182	Val Accuracy: 5.66
Training Epoch: 111/200	Train Loss: 0.0024	Val Accuracy: 5.66
Training Epoch: 112/200	Train Loss: 0.0142	Val Accuracy: 5.58
Training Epoch: 113/200	Train Loss: 0.004	Val Accuracy: 5.58
Training Epoch: 114/200	Train Loss: 0.0016	Val Accuracy: 5.8
Training Epoch: 115/200	Train Loss: 0.0002	Val Accuracy: 5.8
Training Epoch: 116/200	Train Loss: 0.0023	Val Accuracy: 6.0
Training Epoch: 117/200	Train Loss: 0.0008	Val Accuracy: 6.0
Training Epoch: 118/200	Train Loss: 0.0068	Val Accuracy: 5.88
Training Epoch: 119/200	Train Loss: 0.0023	Val Accuracy: 5.88
Training Epoch: 120/200	Train Loss: 0.0021	Val Accuracy: 5.94
Training Epoch: 121/200	Train Loss: 0.0091	Val Accuracy: 5.94
Training Epoch: 122/200	Train Loss: 0.0056	Val Accuracy: 5.94
Training Epoch: 123/200	Train Loss: 0.0019	Val Accuracy: 5.94
Training Epoch: 124/200	Train Loss: 0.0109	Val Accuracy: 6.12
Training Epoch: 125/200	Train Loss: 0.0004	Val Accuracy: 6.12
Training Epoch: 126/200	Train Loss: 0.0012	Val Accuracy: 6.18
Training Epoch: 127/200	Train Loss: 0.0042	Val Accuracy: 6.18
Training Epoch: 128/200	Train Loss: 0.0018	Val Accuracy: 5.92
Training Epoch: 129/200	Train Loss: 0.0009	Val Accuracy: 5.92
Training Epoch: 130/200	Train Loss: 0.0068	Val Accuracy: 5.78
Training Epoch: 131/200	Train Loss: 0.0029	Val Accuracy: 5.78
Training Epoch: 132/200	Train Loss: 0.0006	Val Accuracy: 5.96
Training Epoch: 133/200	Train Loss: 0.0107	Val Accuracy: 5.96
Training Epoch: 134/200	Train Loss: 0.0032	Val Accuracy: 6.0
Training Epoch: 135/200	Train Loss: 0.0027	Val Accuracy: 6.0
Training Epoch: 136/200	Train Loss: 0.0214	Val Accuracy: 5.64
Training Epoch: 137/200	Train Loss: 0.0012	Val Accuracy: 5.64
Training Epoch: 138/200	Train Loss: 0.0134	Val Accuracy: 5.92
Training Epoch: 139/200	Train Loss: 0.0191	Val Accuracy: 5.92
Training Epoch: 140/200	Train Loss: 0.0025	Val Accuracy: 5.74
Training Epoch: 141/200	Train Loss: 0.0015	Val Accuracy: 5.74
Training Epoch: 142/200	Train Loss: 0.0294	Val Accuracy: 5.62
Training Epoch: 143/200	Train Loss: 0.0003	Val Accuracy: 5.62
Training Epoch: 144/200	Train Loss: 0.0003	Val Accuracy: 5.86
Training Epoch: 145/200	Train Loss: 0.0011	Val Accuracy: 5.86
Training Epoch: 146/200	Train Loss: 0.001	Val Accuracy: 6.18
Training Epoch: 147/200	Train Loss: 0.0019	Val Accuracy: 6.18
Training Epoch: 148/200	Train Loss: 0.0015	Val Accuracy: 6.04
Training Epoch: 149/200	Train Loss: 0.0023	Val Accuracy: 6.04
Training Epoch: 150/200	Train Loss: 0.0011	Val Accuracy: 5.8
Training Epoch: 151/200	Train Loss: 0.0006	Val Accuracy: 5.8
Training Epoch: 152/200	Train Loss: 0.0027	Val Accuracy: 5.86
Training Epoch: 153/200	Train Loss: 0.0004	Val Accuracy: 5.86
Training Epoch: 154/200	Train Loss: 0.0007	Val Accuracy: 6.18
Training Epoch: 155/200	Train Loss: 0.0023	Val Accuracy: 6.18
Training Epoch: 156/200	Train Loss: 0.0027	Val Accuracy: 5.7
Training Epoch: 157/200	Train Loss: 0.0006	Val Accuracy: 5.7
Training Epoch: 158/200	Train Loss: 0.0341	Val Accuracy: 5.9
Training Epoch: 159/200	Train Loss: 0.0011	Val Accuracy: 5.9
Training Epoch: 160/200	Train Loss: 0.0003	Val Accuracy: 6.14
Training Epoch: 161/200	Train Loss: 0.002	Val Accuracy: 6.14
Training Epoch: 162/200	Train Loss: 0.0008	Val Accuracy: 5.8
Training Epoch: 163/200	Train Loss: 0.0027	Val Accuracy: 5.8
Training Epoch: 164/200	Train Loss: 0.0004	Val Accuracy: 5.82
Training Epoch: 165/200	Train Loss: 0.0362	Val Accuracy: 5.82
Training Epoch: 166/200	Train Loss: 0.0024	Val Accuracy: 5.9
Training Epoch: 167/200	Train Loss: 0.0006	Val Accuracy: 5.9
Training Epoch: 168/200	Train Loss: 0.0003	Val Accuracy: 5.68
Training Epoch: 169/200	Train Loss: 0.0001	Val Accuracy: 5.68
Training Epoch: 170/200	Train Loss: 0.0078	Val Accuracy: 5.56
Training Epoch: 171/200	Train Loss: 0.0003	Val Accuracy: 5.56
Training Epoch: 172/200	Train Loss: 0.0023	Val Accuracy: 5.94
Training Epoch: 173/200	Train Loss: 0.0022	Val Accuracy: 5.94
Training Epoch: 174/200	Train Loss: 0.003	Val Accuracy: 5.78
Training Epoch: 175/200	Train Loss: 0.0007	Val Accuracy: 5.78
Training Epoch: 176/200	Train Loss: 0.0006	Val Accuracy: 5.8
Training Epoch: 177/200	Train Loss: 0.0003	Val Accuracy: 5.8
Training Epoch: 178/200	Train Loss: 0.0007	Val Accuracy: 6.12
Training Epoch: 179/200	Train Loss: 0.0016	Val Accuracy: 6.12
Training Epoch: 180/200	Train Loss: 0.0036	Val Accuracy: 6.08
Training Epoch: 181/200	Train Loss: 0.0002	Val Accuracy: 6.08
Training Epoch: 182/200	Train Loss: 0.0065	Val Accuracy: 5.92
Training Epoch: 183/200	Train Loss: 0.0018	Val Accuracy: 5.92
Training Epoch: 184/200	Train Loss: 0.0007	Val Accuracy: 5.98
Training Epoch: 185/200	Train Loss: 0.0005	Val Accuracy: 5.98
Training Epoch: 186/200	Train Loss: 0.0005	Val Accuracy: 5.58
Training Epoch: 187/200	Train Loss: 0.0003	Val Accuracy: 5.58
Training Epoch: 188/200	Train Loss: 0.0007	Val Accuracy: 5.88
Training Epoch: 189/200	Train Loss: 0.0002	Val Accuracy: 5.88
Training Epoch: 190/200	Train Loss: 0.0019	Val Accuracy: 6.0
Training Epoch: 191/200	Train Loss: 0.0009	Val Accuracy: 6.0
Training Epoch: 192/200	Train Loss: 0.0163	Val Accuracy: 5.98
Training Epoch: 193/200	Train Loss: 0.0016	Val Accuracy: 5.98
Training Epoch: 194/200	Train Loss: 0.0009	Val Accuracy: 5.8
Training Epoch: 195/200	Train Loss: 0.011	Val Accuracy: 5.8
Training Epoch: 196/200	Train Loss: 0.0001	Val Accuracy: 5.86
Training Epoch: 197/200	Train Loss: 0.0001	Val Accuracy: 5.86
Training Epoch: 198/200	Train Loss: 0.0667	Val Accuracy: 6.1
Training Epoch: 199/200	Train Loss: 0.0004	Val Accuracy: 6.1
Training Epoch: 200/200	Train Loss: 0.0018	Val Accuracy: 5.8

Wrote Best Model Checkpoint to: vlBest_acc_6_model_epoch_0126.pyth

Best Validation Accuracy: 6.18
Best Epoch: 126

======== TESTING ========

Test Accuracy: 5.84.

======== ACTIVE SAMPLING ========

len(uSetLoader): 446
u_ranks.shape: (44550,)
Active Sampling Complete. After Episode 8:
New Labeled Set: 500, New Unlabeled Set: 44500, Active Set: 50

================================


Current accuracy values:  [3.1200000000000045, 3.5999999999999943, 4.030000000000001, 4.489999999999995, 5.1200000000000045, 5.269999999999996, 5.519999999999996, 5.900000000000006, 5.840000000000003]
======== EPISODE 9 BEGINS ========

======== TRAINING ========
Training Epoch: 1/200	Train Loss: 0.7535	Val Accuracy: 0.0
Training Epoch: 2/200	Train Loss: 0.3852	Val Accuracy: 5.52
Training Epoch: 3/200	Train Loss: 0.692	Val Accuracy: 5.52
Training Epoch: 4/200	Train Loss: 0.5331	Val Accuracy: 5.48
Training Epoch: 5/200	Train Loss: 0.3216	Val Accuracy: 5.48
Training Epoch: 6/200	Train Loss: 0.3067	Val Accuracy: 5.04
Training Epoch: 7/200	Train Loss: 0.4032	Val Accuracy: 5.04
Training Epoch: 8/200	Train Loss: 0.2912	Val Accuracy: 5.48
Training Epoch: 9/200	Train Loss: 0.1569	Val Accuracy: 5.48
Training Epoch: 10/200	Train Loss: 0.2656	Val Accuracy: 5.26
Training Epoch: 11/200	Train Loss: 0.1815	Val Accuracy: 5.26
Training Epoch: 12/200	Train Loss: 0.208	Val Accuracy: 5.48
Training Epoch: 13/200	Train Loss: 0.3038	Val Accuracy: 5.48
Training Epoch: 14/200	Train Loss: 0.2972	Val Accuracy: 5.44
Training Epoch: 15/200	Train Loss: 0.2149	Val Accuracy: 5.44
Training Epoch: 16/200	Train Loss: 0.1558	Val Accuracy: 5.82
Training Epoch: 17/200	Train Loss: 0.1889	Val Accuracy: 5.82
Training Epoch: 18/200	Train Loss: 0.1466	Val Accuracy: 4.88
Training Epoch: 19/200	Train Loss: 0.0836	Val Accuracy: 4.88
Training Epoch: 20/200	Train Loss: 0.1775	Val Accuracy: 5.14
Training Epoch: 21/200	Train Loss: 0.2321	Val Accuracy: 5.14
Training Epoch: 22/200	Train Loss: 0.3812	Val Accuracy: 5.54
Training Epoch: 23/200	Train Loss: 0.0589	Val Accuracy: 5.54
Training Epoch: 24/200	Train Loss: 0.1008	Val Accuracy: 5.62
Training Epoch: 25/200	Train Loss: 0.1122	Val Accuracy: 5.62
Training Epoch: 26/200	Train Loss: 0.0346	Val Accuracy: 5.98
Training Epoch: 27/200	Train Loss: 0.4276	Val Accuracy: 5.98
Training Epoch: 28/200	Train Loss: 0.1529	Val Accuracy: 5.5
Training Epoch: 29/200	Train Loss: 0.0335	Val Accuracy: 5.5
Training Epoch: 30/200	Train Loss: 0.0857	Val Accuracy: 5.34
Training Epoch: 31/200	Train Loss: 0.0379	Val Accuracy: 5.34
Training Epoch: 32/200	Train Loss: 0.1373	Val Accuracy: 5.4
Training Epoch: 33/200	Train Loss: 0.1093	Val Accuracy: 5.4
Training Epoch: 34/200	Train Loss: 0.0651	Val Accuracy: 5.52
Training Epoch: 35/200	Train Loss: 0.0885	Val Accuracy: 5.52
Training Epoch: 36/200	Train Loss: 0.0511	Val Accuracy: 5.68
Training Epoch: 37/200	Train Loss: 0.0058	Val Accuracy: 5.68
Training Epoch: 38/200	Train Loss: 0.037	Val Accuracy: 5.62
Training Epoch: 39/200	Train Loss: 0.02	Val Accuracy: 5.62
Training Epoch: 40/200	Train Loss: 0.0444	Val Accuracy: 5.46
Training Epoch: 41/200	Train Loss: 0.0475	Val Accuracy: 5.46
Training Epoch: 42/200	Train Loss: 0.0797	Val Accuracy: 5.64
Training Epoch: 43/200	Train Loss: 0.0417	Val Accuracy: 5.64
Training Epoch: 44/200	Train Loss: 0.1026	Val Accuracy: 5.36
Training Epoch: 45/200	Train Loss: 0.1288	Val Accuracy: 5.36
Training Epoch: 46/200	Train Loss: 0.0429	Val Accuracy: 5.26
Training Epoch: 47/200	Train Loss: 0.0887	Val Accuracy: 5.26
Training Epoch: 48/200	Train Loss: 0.0722	Val Accuracy: 5.5
Training Epoch: 49/200	Train Loss: 0.0249	Val Accuracy: 5.5
Training Epoch: 50/200	Train Loss: 0.0353	Val Accuracy: 5.48
Training Epoch: 51/200	Train Loss: 0.0972	Val Accuracy: 5.48
Training Epoch: 52/200	Train Loss: 0.1071	Val Accuracy: 5.8
Training Epoch: 53/200	Train Loss: 0.1228	Val Accuracy: 5.8
Training Epoch: 54/200	Train Loss: 0.3109	Val Accuracy: 5.48
Training Epoch: 55/200	Train Loss: 0.0241	Val Accuracy: 5.48
Training Epoch: 56/200	Train Loss: 0.0912	Val Accuracy: 5.72
Training Epoch: 57/200	Train Loss: 0.0344	Val Accuracy: 5.72
Training Epoch: 58/200	Train Loss: 0.1959	Val Accuracy: 5.28
Training Epoch: 59/200	Train Loss: 0.038	Val Accuracy: 5.28
Training Epoch: 60/200	Train Loss: 0.0249	Val Accuracy: 5.56
Training Epoch: 61/200	Train Loss: 0.0117	Val Accuracy: 5.56
Training Epoch: 62/200	Train Loss: 0.0037	Val Accuracy: 5.88
Training Epoch: 63/200	Train Loss: 0.002	Val Accuracy: 5.88
Training Epoch: 64/200	Train Loss: 0.033	Val Accuracy: 5.92
Training Epoch: 65/200	Train Loss: 0.009	Val Accuracy: 5.92
Training Epoch: 66/200	Train Loss: 0.0045	Val Accuracy: 5.78
Training Epoch: 67/200	Train Loss: 0.0148	Val Accuracy: 5.78
Training Epoch: 68/200	Train Loss: 0.019	Val Accuracy: 5.64
Training Epoch: 69/200	Train Loss: 0.0534	Val Accuracy: 5.64
Training Epoch: 70/200	Train Loss: 0.0031	Val Accuracy: 5.7
Training Epoch: 71/200	Train Loss: 0.0007	Val Accuracy: 5.7
Training Epoch: 72/200	Train Loss: 0.0098	Val Accuracy: 5.62
Training Epoch: 73/200	Train Loss: 0.0028	Val Accuracy: 5.62
Training Epoch: 74/200	Train Loss: 0.025	Val Accuracy: 5.64
Training Epoch: 75/200	Train Loss: 0.0289	Val Accuracy: 5.64
Training Epoch: 76/200	Train Loss: 0.0875	Val Accuracy: 5.6
Training Epoch: 77/200	Train Loss: 0.0025	Val Accuracy: 5.6
Training Epoch: 78/200	Train Loss: 0.0015	Val Accuracy: 5.76
Training Epoch: 79/200	Train Loss: 0.0007	Val Accuracy: 5.76
Training Epoch: 80/200	Train Loss: 0.0614	Val Accuracy: 6.0
Training Epoch: 81/200	Train Loss: 0.0059	Val Accuracy: 6.0
Training Epoch: 82/200	Train Loss: 0.017	Val Accuracy: 5.74
Training Epoch: 83/200	Train Loss: 0.0031	Val Accuracy: 5.74
Training Epoch: 84/200	Train Loss: 0.0223	Val Accuracy: 6.1
Training Epoch: 85/200	Train Loss: 0.001	Val Accuracy: 6.1
Training Epoch: 86/200	Train Loss: 0.005	Val Accuracy: 5.9
Training Epoch: 87/200	Train Loss: 0.0108	Val Accuracy: 5.9
Training Epoch: 88/200	Train Loss: 0.0062	Val Accuracy: 5.64
Training Epoch: 89/200	Train Loss: 0.0012	Val Accuracy: 5.64
Training Epoch: 90/200	Train Loss: 0.0094	Val Accuracy: 5.78
Training Epoch: 91/200	Train Loss: 0.0017	Val Accuracy: 5.78
Training Epoch: 92/200	Train Loss: 0.0038	Val Accuracy: 5.9
Training Epoch: 93/200	Train Loss: 0.0029	Val Accuracy: 5.9
Training Epoch: 94/200	Train Loss: 0.0027	Val Accuracy: 5.84
Training Epoch: 95/200	Train Loss: 0.0381	Val Accuracy: 5.84
Training Epoch: 96/200	Train Loss: 0.0008	Val Accuracy: 5.66
Training Epoch: 97/200	Train Loss: 0.0012	Val Accuracy: 5.66
Training Epoch: 98/200	Train Loss: 0.0024	Val Accuracy: 6.12
Training Epoch: 99/200	Train Loss: 0.0008	Val Accuracy: 6.12
Training Epoch: 100/200	Train Loss: 0.0018	Val Accuracy: 6.02
Training Epoch: 101/200	Train Loss: 0.0011	Val Accuracy: 6.02
Training Epoch: 102/200	Train Loss: 0.0002	Val Accuracy: 6.14
Training Epoch: 103/200	Train Loss: 0.0032	Val Accuracy: 6.14
Training Epoch: 104/200	Train Loss: 0.0093	Val Accuracy: 5.92
Training Epoch: 105/200	Train Loss: 0.0016	Val Accuracy: 5.92
Training Epoch: 106/200	Train Loss: 0.0045	Val Accuracy: 6.26
Training Epoch: 107/200	Train Loss: 0.0005	Val Accuracy: 6.26
Training Epoch: 108/200	Train Loss: 0.0078	Val Accuracy: 6.04
Training Epoch: 109/200	Train Loss: 0.0016	Val Accuracy: 6.04
Training Epoch: 110/200	Train Loss: 0.0025	Val Accuracy: 6.18
Training Epoch: 111/200	Train Loss: 0.0022	Val Accuracy: 6.18
Training Epoch: 112/200	Train Loss: 0.0032	Val Accuracy: 5.9
Training Epoch: 113/200	Train Loss: 0.0002	Val Accuracy: 5.9
Training Epoch: 114/200	Train Loss: 0.0002	Val Accuracy: 6.16
Training Epoch: 115/200	Train Loss: 0.0008	Val Accuracy: 6.16
Training Epoch: 116/200	Train Loss: 0.0014	Val Accuracy: 5.9
Training Epoch: 117/200	Train Loss: 0.002	Val Accuracy: 5.9
Training Epoch: 118/200	Train Loss: 0.0095	Val Accuracy: 6.02
Training Epoch: 119/200	Train Loss: 0.0016	Val Accuracy: 6.02
Training Epoch: 120/200	Train Loss: 0.0005	Val Accuracy: 6.1
Training Epoch: 121/200	Train Loss: 0.0005	Val Accuracy: 6.1
Training Epoch: 122/200	Train Loss: 0.0009	Val Accuracy: 5.74
Training Epoch: 123/200	Train Loss: 0.0023	Val Accuracy: 5.74
Training Epoch: 124/200	Train Loss: 0.0021	Val Accuracy: 6.2
Training Epoch: 125/200	Train Loss: 0.001	Val Accuracy: 6.2
Training Epoch: 126/200	Train Loss: 0.0002	Val Accuracy: 6.06
Training Epoch: 127/200	Train Loss: 0.0012	Val Accuracy: 6.06
Training Epoch: 128/200	Train Loss: 0.0018	Val Accuracy: 6.02
Training Epoch: 129/200	Train Loss: 0.0003	Val Accuracy: 6.02
Training Epoch: 130/200	Train Loss: 0.0003	Val Accuracy: 5.94
Training Epoch: 131/200	Train Loss: 0.0017	Val Accuracy: 5.94
Training Epoch: 132/200	Train Loss: 0.0017	Val Accuracy: 6.22
Training Epoch: 133/200	Train Loss: 0.0059	Val Accuracy: 6.22
Training Epoch: 134/200	Train Loss: 0.0002	Val Accuracy: 5.66
Training Epoch: 135/200	Train Loss: 0.0002	Val Accuracy: 5.66
Training Epoch: 136/200	Train Loss: 0.0006	Val Accuracy: 5.72
Training Epoch: 137/200	Train Loss: 0.0001	Val Accuracy: 5.72
Training Epoch: 138/200	Train Loss: 0.0005	Val Accuracy: 5.96
Training Epoch: 139/200	Train Loss: 0.0006	Val Accuracy: 5.96
Training Epoch: 140/200	Train Loss: 0.0285	Val Accuracy: 5.7
Training Epoch: 141/200	Train Loss: 0.002	Val Accuracy: 5.7
Training Epoch: 142/200	Train Loss: 0.0001	Val Accuracy: 5.98
Training Epoch: 143/200	Train Loss: 0.0007	Val Accuracy: 5.98
Training Epoch: 144/200	Train Loss: 0.0001	Val Accuracy: 6.1
Training Epoch: 145/200	Train Loss: 0.0175	Val Accuracy: 6.1
Training Epoch: 146/200	Train Loss: 0.0006	Val Accuracy: 5.82
Training Epoch: 147/200	Train Loss: 0.0003	Val Accuracy: 5.82
Training Epoch: 148/200	Train Loss: 0.002	Val Accuracy: 6.04
Training Epoch: 149/200	Train Loss: 0.0009	Val Accuracy: 6.04
Training Epoch: 150/200	Train Loss: 0.0002	Val Accuracy: 6.04
Training Epoch: 151/200	Train Loss: 0.0002	Val Accuracy: 6.04
Training Epoch: 152/200	Train Loss: 0.0005	Val Accuracy: 5.94
Training Epoch: 153/200	Train Loss: 0.0008	Val Accuracy: 5.94
Training Epoch: 154/200	Train Loss: 0.001	Val Accuracy: 6.02
Training Epoch: 155/200	Train Loss: 0.0017	Val Accuracy: 6.02
Training Epoch: 156/200	Train Loss: 0.0024	Val Accuracy: 6.08
Training Epoch: 157/200	Train Loss: 0.0006	Val Accuracy: 6.08
Training Epoch: 158/200	Train Loss: 0.0018	Val Accuracy: 6.2
Training Epoch: 159/200	Train Loss: 0.0021	Val Accuracy: 6.2
Training Epoch: 160/200	Train Loss: 0.0006	Val Accuracy: 5.92
Training Epoch: 161/200	Train Loss: 0.0008	Val Accuracy: 5.92
Training Epoch: 162/200	Train Loss: 0.0019	Val Accuracy: 6.36
Training Epoch: 163/200	Train Loss: 0.0008	Val Accuracy: 6.36
Training Epoch: 164/200	Train Loss: 0.0001	Val Accuracy: 5.9
Training Epoch: 165/200	Train Loss: 0.011	Val Accuracy: 5.9
Training Epoch: 166/200	Train Loss: 0.0057	Val Accuracy: 6.2
Training Epoch: 167/200	Train Loss: 0.0013	Val Accuracy: 6.2
Training Epoch: 168/200	Train Loss: 0.0003	Val Accuracy: 5.96
Training Epoch: 169/200	Train Loss: 0.0007	Val Accuracy: 5.96
Training Epoch: 170/200	Train Loss: 0.0004	Val Accuracy: 6.44
Training Epoch: 171/200	Train Loss: 0.0001	Val Accuracy: 6.44
Training Epoch: 172/200	Train Loss: 0.0002	Val Accuracy: 5.98
Training Epoch: 173/200	Train Loss: 0.0016	Val Accuracy: 5.98
Training Epoch: 174/200	Train Loss: 0.0001	Val Accuracy: 6.16
Training Epoch: 175/200	Train Loss: 0.0015	Val Accuracy: 6.16
Training Epoch: 176/200	Train Loss: 0.0003	Val Accuracy: 6.04
Training Epoch: 177/200	Train Loss: 0.0007	Val Accuracy: 6.04
Training Epoch: 178/200	Train Loss: 0.0001	Val Accuracy: 6.14
Training Epoch: 179/200	Train Loss: 0.0011	Val Accuracy: 6.14
Training Epoch: 180/200	Train Loss: 0.0008	Val Accuracy: 5.98
Training Epoch: 181/200	Train Loss: 0.0003	Val Accuracy: 5.98
Training Epoch: 182/200	Train Loss: 0.0048	Val Accuracy: 5.76
Training Epoch: 183/200	Train Loss: 0.0005	Val Accuracy: 5.76
Training Epoch: 184/200	Train Loss: 0.0002	Val Accuracy: 6.08
Training Epoch: 185/200	Train Loss: 0.0011	Val Accuracy: 6.08
Training Epoch: 186/200	Train Loss: 0.0009	Val Accuracy: 6.52
Training Epoch: 187/200	Train Loss: 0.0002	Val Accuracy: 6.52
Training Epoch: 188/200	Train Loss: 0.0013	Val Accuracy: 5.8
Training Epoch: 189/200	Train Loss: 0.0005	Val Accuracy: 5.8
Training Epoch: 190/200	Train Loss: 0.0028	Val Accuracy: 6.02
Training Epoch: 191/200	Train Loss: 0.0008	Val Accuracy: 6.02
Training Epoch: 192/200	Train Loss: 0.0013	Val Accuracy: 6.0
Training Epoch: 193/200	Train Loss: 0.0037	Val Accuracy: 6.0
Training Epoch: 194/200	Train Loss: 0.0004	Val Accuracy: 5.66
Training Epoch: 195/200	Train Loss: 0.0002	Val Accuracy: 5.66
Training Epoch: 196/200	Train Loss: 0.0003	Val Accuracy: 6.42
Training Epoch: 197/200	Train Loss: 0.0043	Val Accuracy: 6.42
Training Epoch: 198/200	Train Loss: 0.0025	Val Accuracy: 5.96
Training Epoch: 199/200	Train Loss: 0.0042	Val Accuracy: 5.96
Training Epoch: 200/200	Train Loss: 0.0045	Val Accuracy: 5.78

Wrote Best Model Checkpoint to: vlBest_acc_6_model_epoch_0186.pyth

Best Validation Accuracy: 6.52
Best Epoch: 186

======== TESTING ========

Test Accuracy: 6.08.

======== ACTIVE SAMPLING ========

len(uSetLoader): 445
u_ranks.shape: (44500,)
Active Sampling Complete. After Episode 9:
New Labeled Set: 550, New Unlabeled Set: 44450, Active Set: 50

================================


Current accuracy values:  [3.1200000000000045, 3.5999999999999943, 4.030000000000001, 4.489999999999995, 5.1200000000000045, 5.269999999999996, 5.519999999999996, 5.900000000000006, 5.840000000000003, 6.079999999999998]
======== EPISODE 10 BEGINS ========

======== TRAINING ========
Training Epoch: 1/200	Train Loss: 1.9014	Val Accuracy: 0.0
Training Epoch: 2/200	Train Loss: 0.2959	Val Accuracy: 4.66
Training Epoch: 3/200	Train Loss: 0.7242	Val Accuracy: 4.66
Training Epoch: 4/200	Train Loss: 0.3107	Val Accuracy: 4.42
Training Epoch: 5/200	Train Loss: 0.3863	Val Accuracy: 4.42
Training Epoch: 6/200	Train Loss: 0.4002	Val Accuracy: 5.14
Training Epoch: 7/200	Train Loss: 0.1124	Val Accuracy: 5.14
Training Epoch: 8/200	Train Loss: 0.1162	Val Accuracy: 5.28
Training Epoch: 9/200	Train Loss: 0.1648	Val Accuracy: 5.28
Training Epoch: 10/200	Train Loss: 0.131	Val Accuracy: 5.32
Training Epoch: 11/200	Train Loss: 0.1238	Val Accuracy: 5.32
Training Epoch: 12/200	Train Loss: 0.1963	Val Accuracy: 5.3
Training Epoch: 13/200	Train Loss: 0.0844	Val Accuracy: 5.3
Training Epoch: 14/200	Train Loss: 0.0951	Val Accuracy: 5.18
Training Epoch: 15/200	Train Loss: 0.2731	Val Accuracy: 5.18
Training Epoch: 16/200	Train Loss: 0.2199	Val Accuracy: 5.4
Training Epoch: 17/200	Train Loss: 0.1713	Val Accuracy: 5.4
Training Epoch: 18/200	Train Loss: 0.4138	Val Accuracy: 5.38
Training Epoch: 19/200	Train Loss: 0.1204	Val Accuracy: 5.38
Training Epoch: 20/200	Train Loss: 0.1036	Val Accuracy: 5.78
Training Epoch: 21/200	Train Loss: 0.3091	Val Accuracy: 5.78
Training Epoch: 22/200	Train Loss: 0.2605	Val Accuracy: 5.8
Training Epoch: 23/200	Train Loss: 0.1906	Val Accuracy: 5.8
Training Epoch: 24/200	Train Loss: 0.0963	Val Accuracy: 5.76
Training Epoch: 25/200	Train Loss: 0.1105	Val Accuracy: 5.76
Training Epoch: 26/200	Train Loss: 0.1257	Val Accuracy: 5.38
Training Epoch: 27/200	Train Loss: 0.0428	Val Accuracy: 5.38
Training Epoch: 28/200	Train Loss: 0.0487	Val Accuracy: 5.44
Training Epoch: 29/200	Train Loss: 0.1595	Val Accuracy: 5.44
Training Epoch: 30/200	Train Loss: 0.1558	Val Accuracy: 5.44
Training Epoch: 31/200	Train Loss: 0.0411	Val Accuracy: 5.44
Training Epoch: 32/200	Train Loss: 0.0739	Val Accuracy: 5.66
Training Epoch: 33/200	Train Loss: 0.1774	Val Accuracy: 5.66
Training Epoch: 34/200	Train Loss: 0.0767	Val Accuracy: 5.62
Training Epoch: 35/200	Train Loss: 0.0801	Val Accuracy: 5.62
Training Epoch: 36/200	Train Loss: 0.0109	Val Accuracy: 5.56
Training Epoch: 37/200	Train Loss: 0.1311	Val Accuracy: 5.56
Training Epoch: 38/200	Train Loss: 0.0593	Val Accuracy: 5.52
Training Epoch: 39/200	Train Loss: 0.033	Val Accuracy: 5.52
Training Epoch: 40/200	Train Loss: 0.0579	Val Accuracy: 5.0
Training Epoch: 41/200	Train Loss: 0.0978	Val Accuracy: 5.0
Training Epoch: 42/200	Train Loss: 0.0625	Val Accuracy: 5.26
Training Epoch: 43/200	Train Loss: 0.0534	Val Accuracy: 5.26
Training Epoch: 44/200	Train Loss: 0.1972	Val Accuracy: 5.88
Training Epoch: 45/200	Train Loss: 0.0511	Val Accuracy: 5.88
Training Epoch: 46/200	Train Loss: 0.0669	Val Accuracy: 5.82
Training Epoch: 47/200	Train Loss: 0.077	Val Accuracy: 5.82
Training Epoch: 48/200	Train Loss: 0.1031	Val Accuracy: 5.38
Training Epoch: 49/200	Train Loss: 0.0367	Val Accuracy: 5.38
Training Epoch: 50/200	Train Loss: 0.0179	Val Accuracy: 5.72
Training Epoch: 51/200	Train Loss: 0.0098	Val Accuracy: 5.72
Training Epoch: 52/200	Train Loss: 0.0092	Val Accuracy: 5.86
Training Epoch: 53/200	Train Loss: 0.0661	Val Accuracy: 5.86
Training Epoch: 54/200	Train Loss: 0.215	Val Accuracy: 5.86
Training Epoch: 55/200	Train Loss: 0.0211	Val Accuracy: 5.86
Training Epoch: 56/200	Train Loss: 0.0946	Val Accuracy: 5.56
Training Epoch: 57/200	Train Loss: 0.0754	Val Accuracy: 5.56
Training Epoch: 58/200	Train Loss: 0.0129	Val Accuracy: 5.36
Training Epoch: 59/200	Train Loss: 0.0229	Val Accuracy: 5.36
Training Epoch: 60/200	Train Loss: 0.0142	Val Accuracy: 5.56
Training Epoch: 61/200	Train Loss: 0.0119	Val Accuracy: 5.56
Training Epoch: 62/200	Train Loss: 0.0414	Val Accuracy: 5.68
Training Epoch: 63/200	Train Loss: 0.0463	Val Accuracy: 5.68
Training Epoch: 64/200	Train Loss: 0.0191	Val Accuracy: 5.92
Training Epoch: 65/200	Train Loss: 0.0109	Val Accuracy: 5.92
Training Epoch: 66/200	Train Loss: 0.0672	Val Accuracy: 5.68
Training Epoch: 67/200	Train Loss: 0.0052	Val Accuracy: 5.68
Training Epoch: 68/200	Train Loss: 0.025	Val Accuracy: 5.74
Training Epoch: 69/200	Train Loss: 0.0007	Val Accuracy: 5.74
Training Epoch: 70/200	Train Loss: 0.0364	Val Accuracy: 5.6
Training Epoch: 71/200	Train Loss: 0.0716	Val Accuracy: 5.6
Training Epoch: 72/200	Train Loss: 0.0685	Val Accuracy: 5.6
Training Epoch: 73/200	Train Loss: 0.0329	Val Accuracy: 5.6
Training Epoch: 74/200	Train Loss: 0.0115	Val Accuracy: 5.64
Training Epoch: 75/200	Train Loss: 0.0313	Val Accuracy: 5.64
Training Epoch: 76/200	Train Loss: 0.0314	Val Accuracy: 5.54
Training Epoch: 77/200	Train Loss: 0.0004	Val Accuracy: 5.54
Training Epoch: 78/200	Train Loss: 0.0027	Val Accuracy: 5.74
Training Epoch: 79/200	Train Loss: 0.0014	Val Accuracy: 5.74
Training Epoch: 80/200	Train Loss: 0.0137	Val Accuracy: 5.56
Training Epoch: 81/200	Train Loss: 0.0016	Val Accuracy: 5.56
Training Epoch: 82/200	Train Loss: 0.0006	Val Accuracy: 5.8
Training Epoch: 83/200	Train Loss: 0.0233	Val Accuracy: 5.8
Training Epoch: 84/200	Train Loss: 0.0047	Val Accuracy: 5.46
Training Epoch: 85/200	Train Loss: 0.0252	Val Accuracy: 5.46
Training Epoch: 86/200	Train Loss: 0.002	Val Accuracy: 5.68
Training Epoch: 87/200	Train Loss: 0.0012	Val Accuracy: 5.68
Training Epoch: 88/200	Train Loss: 0.0108	Val Accuracy: 5.66
Training Epoch: 89/200	Train Loss: 0.0211	Val Accuracy: 5.66
Training Epoch: 90/200	Train Loss: 0.0003	Val Accuracy: 5.46
Training Epoch: 91/200	Train Loss: 0.0114	Val Accuracy: 5.46
Training Epoch: 92/200	Train Loss: 0.0008	Val Accuracy: 5.8
Training Epoch: 93/200	Train Loss: 0.0329	Val Accuracy: 5.8
Training Epoch: 94/200	Train Loss: 0.0011	Val Accuracy: 5.66
Training Epoch: 95/200	Train Loss: 0.0173	Val Accuracy: 5.66
Training Epoch: 96/200	Train Loss: 0.094	Val Accuracy: 5.64
Training Epoch: 97/200	Train Loss: 0.0715	Val Accuracy: 5.64
Training Epoch: 98/200	Train Loss: 0.0118	Val Accuracy: 6.08
Training Epoch: 99/200	Train Loss: 0.0007	Val Accuracy: 6.08
Training Epoch: 100/200	Train Loss: 0.0029	Val Accuracy: 5.7
Training Epoch: 101/200	Train Loss: 0.0002	Val Accuracy: 5.7
Training Epoch: 102/200	Train Loss: 0.0017	Val Accuracy: 5.74
Training Epoch: 103/200	Train Loss: 0.0012	Val Accuracy: 5.74
Training Epoch: 104/200	Train Loss: 0.0042	Val Accuracy: 5.84
Training Epoch: 105/200	Train Loss: 0.0181	Val Accuracy: 5.84
Training Epoch: 106/200	Train Loss: 0.0031	Val Accuracy: 6.1
Training Epoch: 107/200	Train Loss: 0.0043	Val Accuracy: 6.1
Training Epoch: 108/200	Train Loss: 0.0006	Val Accuracy: 5.86
Training Epoch: 109/200	Train Loss: 0.0008	Val Accuracy: 5.86
Training Epoch: 110/200	Train Loss: 0.0022	Val Accuracy: 6.14
Training Epoch: 111/200	Train Loss: 0.0233	Val Accuracy: 6.14
Training Epoch: 112/200	Train Loss: 0.0044	Val Accuracy: 5.6
Training Epoch: 113/200	Train Loss: 0.0004	Val Accuracy: 5.6
Training Epoch: 114/200	Train Loss: 0.0233	Val Accuracy: 5.62
Training Epoch: 115/200	Train Loss: 0.0022	Val Accuracy: 5.62
Training Epoch: 116/200	Train Loss: 0.0108	Val Accuracy: 6.58
Training Epoch: 117/200	Train Loss: 0.017	Val Accuracy: 6.58
Training Epoch: 118/200	Train Loss: 0.0006	Val Accuracy: 5.86
Training Epoch: 119/200	Train Loss: 0.0025	Val Accuracy: 5.86
Training Epoch: 120/200	Train Loss: 0.0037	Val Accuracy: 5.96
Training Epoch: 121/200	Train Loss: 0.0014	Val Accuracy: 5.96
Training Epoch: 122/200	Train Loss: 0.0004	Val Accuracy: 6.12
Training Epoch: 123/200	Train Loss: 0.008	Val Accuracy: 6.12
Training Epoch: 124/200	Train Loss: 0.0015	Val Accuracy: 5.98
Training Epoch: 125/200	Train Loss: 0.0011	Val Accuracy: 5.98
Training Epoch: 126/200	Train Loss: 0.0008	Val Accuracy: 5.92
Training Epoch: 127/200	Train Loss: 0.0004	Val Accuracy: 5.92
Training Epoch: 128/200	Train Loss: 0.0002	Val Accuracy: 6.16
Training Epoch: 129/200	Train Loss: 0.0067	Val Accuracy: 6.16
Training Epoch: 130/200	Train Loss: 0.0005	Val Accuracy: 6.08
Training Epoch: 131/200	Train Loss: 0.0031	Val Accuracy: 6.08
Training Epoch: 132/200	Train Loss: 0.0005	Val Accuracy: 5.86
Training Epoch: 133/200	Train Loss: 0.0073	Val Accuracy: 5.86
Training Epoch: 134/200	Train Loss: 0.0064	Val Accuracy: 6.06
Training Epoch: 135/200	Train Loss: 0.0025	Val Accuracy: 6.06
Training Epoch: 136/200	Train Loss: 0.0044	Val Accuracy: 5.96
Training Epoch: 137/200	Train Loss: 0.0012	Val Accuracy: 5.96
Training Epoch: 138/200	Train Loss: 0.0009	Val Accuracy: 6.14
Training Epoch: 139/200	Train Loss: 0.0007	Val Accuracy: 6.14
Training Epoch: 140/200	Train Loss: 0.0047	Val Accuracy: 5.88
Training Epoch: 141/200	Train Loss: 0.0008	Val Accuracy: 5.88
Training Epoch: 142/200	Train Loss: 0.0015	Val Accuracy: 5.8
Training Epoch: 143/200	Train Loss: 0.0008	Val Accuracy: 5.8
Training Epoch: 144/200	Train Loss: 0.0016	Val Accuracy: 6.02
Training Epoch: 145/200	Train Loss: 0.0021	Val Accuracy: 6.02
Training Epoch: 146/200	Train Loss: 0.0002	Val Accuracy: 5.68
Training Epoch: 147/200	Train Loss: 0.0015	Val Accuracy: 5.68
Training Epoch: 148/200	Train Loss: 0.0007	Val Accuracy: 6.08
Training Epoch: 149/200	Train Loss: 0.0055	Val Accuracy: 6.08
Training Epoch: 150/200	Train Loss: 0.0003	Val Accuracy: 5.84
Training Epoch: 151/200	Train Loss: 0.0006	Val Accuracy: 5.84
Training Epoch: 152/200	Train Loss: 0.0003	Val Accuracy: 5.82
Training Epoch: 153/200	Train Loss: 0.0059	Val Accuracy: 5.82
Training Epoch: 154/200	Train Loss: 0.0006	Val Accuracy: 5.8
Training Epoch: 155/200	Train Loss: 0.0002	Val Accuracy: 5.8
Training Epoch: 156/200	Train Loss: 0.0105	Val Accuracy: 5.96
Training Epoch: 157/200	Train Loss: 0.0006	Val Accuracy: 5.96
Training Epoch: 158/200	Train Loss: 0.0011	Val Accuracy: 5.88
Training Epoch: 159/200	Train Loss: 0.0087	Val Accuracy: 5.88
Training Epoch: 160/200	Train Loss: 0.0002	Val Accuracy: 5.94
Training Epoch: 161/200	Train Loss: 0.0003	Val Accuracy: 5.94
Training Epoch: 162/200	Train Loss: 0.0002	Val Accuracy: 5.86
Training Epoch: 163/200	Train Loss: 0.0007	Val Accuracy: 5.86
Training Epoch: 164/200	Train Loss: 0.0004	Val Accuracy: 5.84
Training Epoch: 165/200	Train Loss: 0.0003	Val Accuracy: 5.84
Training Epoch: 166/200	Train Loss: 0.0011	Val Accuracy: 5.98
Training Epoch: 167/200	Train Loss: 0.001	Val Accuracy: 5.98
Training Epoch: 168/200	Train Loss: 0.0005	Val Accuracy: 5.8
Training Epoch: 169/200	Train Loss: 0.0041	Val Accuracy: 5.8
Training Epoch: 170/200	Train Loss: 0.0002	Val Accuracy: 6.16
Training Epoch: 171/200	Train Loss: 0.0004	Val Accuracy: 6.16
Training Epoch: 172/200	Train Loss: 0.0022	Val Accuracy: 5.9
Training Epoch: 173/200	Train Loss: 0.0002	Val Accuracy: 5.9
Training Epoch: 174/200	Train Loss: 0.0004	Val Accuracy: 6.02
Training Epoch: 175/200	Train Loss: 0.0004	Val Accuracy: 6.02
Training Epoch: 176/200	Train Loss: 0.0009	Val Accuracy: 6.18
Training Epoch: 177/200	Train Loss: 0.0003	Val Accuracy: 6.18
Training Epoch: 178/200	Train Loss: 0.0007	Val Accuracy: 5.8
Training Epoch: 179/200	Train Loss: 0.0051	Val Accuracy: 5.8
Training Epoch: 180/200	Train Loss: 0.0259	Val Accuracy: 5.8
Training Epoch: 181/200	Train Loss: 0.0003	Val Accuracy: 5.8
Training Epoch: 182/200	Train Loss: 0.0006	Val Accuracy: 5.6
Training Epoch: 183/200	Train Loss: 0.0009	Val Accuracy: 5.6
Training Epoch: 184/200	Train Loss: 0.0007	Val Accuracy: 6.12
Training Epoch: 185/200	Train Loss: 0.0009	Val Accuracy: 6.12
Training Epoch: 186/200	Train Loss: 0.0026	Val Accuracy: 5.88
Training Epoch: 187/200	Train Loss: 0.0001	Val Accuracy: 5.88
Training Epoch: 188/200	Train Loss: 0.0002	Val Accuracy: 5.9
Training Epoch: 189/200	Train Loss: 0.0009	Val Accuracy: 5.9
Training Epoch: 190/200	Train Loss: 0.0007	Val Accuracy: 5.76
Training Epoch: 191/200	Train Loss: 0.0005	Val Accuracy: 5.76
Training Epoch: 192/200	Train Loss: 0.0006	Val Accuracy: 5.72
Training Epoch: 193/200	Train Loss: 0.0006	Val Accuracy: 5.72
Training Epoch: 194/200	Train Loss: 0.0016	Val Accuracy: 5.84
Training Epoch: 195/200	Train Loss: 0.0026	Val Accuracy: 5.84
Training Epoch: 196/200	Train Loss: 0.0004	Val Accuracy: 5.9
Training Epoch: 197/200	Train Loss: 0.0003	Val Accuracy: 5.9
Training Epoch: 198/200	Train Loss: 0.0005	Val Accuracy: 5.96
Training Epoch: 199/200	Train Loss: 0.0001	Val Accuracy: 5.96
Training Epoch: 200/200	Train Loss: 0.0004	Val Accuracy: 5.86

Wrote Best Model Checkpoint to: vlBest_acc_6_model_epoch_0116.pyth

Best Validation Accuracy: 6.58
Best Epoch: 116

======== TESTING ========

Test Accuracy: 6.13.

======== ACTIVE SAMPLING ========

len(uSetLoader): 445
u_ranks.shape: (44450,)
Active Sampling Complete. After Episode 10:
New Labeled Set: 600, New Unlabeled Set: 44400, Active Set: 50

================================


Current accuracy values:  [3.1200000000000045, 3.5999999999999943, 4.030000000000001, 4.489999999999995, 5.1200000000000045, 5.269999999999996, 5.519999999999996, 5.900000000000006, 5.840000000000003, 6.079999999999998, 6.1299999999999955]
======== EPISODE 11 BEGINS ========

======== TRAINING ========
Training Epoch: 1/200	Train Loss: 1.1078	Val Accuracy: 0.0
Training Epoch: 2/200	Train Loss: 0.3212	Val Accuracy: 5.26
Training Epoch: 3/200	Train Loss: 0.1388	Val Accuracy: 5.26
Training Epoch: 4/200	Train Loss: 0.1676	Val Accuracy: 5.2
Training Epoch: 5/200	Train Loss: 0.2433	Val Accuracy: 5.2
Training Epoch: 6/200	Train Loss: 0.1868	Val Accuracy: 5.28
Training Epoch: 7/200	Train Loss: 0.3142	Val Accuracy: 5.28
Training Epoch: 8/200	Train Loss: 0.0761	Val Accuracy: 4.9
Training Epoch: 9/200	Train Loss: 0.1374	Val Accuracy: 4.9
Training Epoch: 10/200	Train Loss: 0.3148	Val Accuracy: 4.98
Training Epoch: 11/200	Train Loss: 0.3439	Val Accuracy: 4.98
Training Epoch: 12/200	Train Loss: 0.0874	Val Accuracy: 5.46
Training Epoch: 13/200	Train Loss: 0.1768	Val Accuracy: 5.46
Training Epoch: 14/200	Train Loss: 0.1361	Val Accuracy: 5.84
Training Epoch: 15/200	Train Loss: 0.234	Val Accuracy: 5.84
Training Epoch: 16/200	Train Loss: 0.1135	Val Accuracy: 5.76
Training Epoch: 17/200	Train Loss: 0.0973	Val Accuracy: 5.76
Training Epoch: 18/200	Train Loss: 0.1274	Val Accuracy: 5.68
Training Epoch: 19/200	Train Loss: 0.1116	Val Accuracy: 5.68
Training Epoch: 20/200	Train Loss: 0.0999	Val Accuracy: 5.56
Training Epoch: 21/200	Train Loss: 0.0444	Val Accuracy: 5.56
Training Epoch: 22/200	Train Loss: 0.0942	Val Accuracy: 5.56
Training Epoch: 23/200	Train Loss: 0.061	Val Accuracy: 5.56
Training Epoch: 24/200	Train Loss: 0.0812	Val Accuracy: 5.74
Training Epoch: 25/200	Train Loss: 0.0192	Val Accuracy: 5.74
Training Epoch: 26/200	Train Loss: 0.1511	Val Accuracy: 5.7
Training Epoch: 27/200	Train Loss: 0.0061	Val Accuracy: 5.7
Training Epoch: 28/200	Train Loss: 0.052	Val Accuracy: 5.68
Training Epoch: 29/200	Train Loss: 0.0473	Val Accuracy: 5.68
Training Epoch: 30/200	Train Loss: 0.0104	Val Accuracy: 5.6
Training Epoch: 31/200	Train Loss: 0.0062	Val Accuracy: 5.6
Training Epoch: 32/200	Train Loss: 0.2156	Val Accuracy: 5.8
Training Epoch: 33/200	Train Loss: 0.0378	Val Accuracy: 5.8
Training Epoch: 34/200	Train Loss: 0.0663	Val Accuracy: 5.62
Training Epoch: 35/200	Train Loss: 0.1095	Val Accuracy: 5.62
Training Epoch: 36/200	Train Loss: 0.084	Val Accuracy: 5.6
Training Epoch: 37/200	Train Loss: 0.0132	Val Accuracy: 5.6
Training Epoch: 38/200	Train Loss: 0.0109	Val Accuracy: 5.44
Training Epoch: 39/200	Train Loss: 0.0443	Val Accuracy: 5.44
Training Epoch: 40/200	Train Loss: 0.0115	Val Accuracy: 5.46
Training Epoch: 41/200	Train Loss: 0.0175	Val Accuracy: 5.46
Training Epoch: 42/200	Train Loss: 0.0291	Val Accuracy: 5.9
Training Epoch: 43/200	Train Loss: 0.0692	Val Accuracy: 5.9
Training Epoch: 44/200	Train Loss: 0.0046	Val Accuracy: 5.76
Training Epoch: 45/200	Train Loss: 0.0561	Val Accuracy: 5.76
Training Epoch: 46/200	Train Loss: 0.0091	Val Accuracy: 5.84
Training Epoch: 47/200	Train Loss: 0.0145	Val Accuracy: 5.84
Training Epoch: 48/200	Train Loss: 0.1036	Val Accuracy: 6.2
Training Epoch: 49/200	Train Loss: 0.0459	Val Accuracy: 6.2
Training Epoch: 50/200	Train Loss: 0.0815	Val Accuracy: 5.78
Training Epoch: 51/200	Train Loss: 0.0557	Val Accuracy: 5.78
Training Epoch: 52/200	Train Loss: 0.049	Val Accuracy: 5.74
Training Epoch: 53/200	Train Loss: 0.0389	Val Accuracy: 5.74
Training Epoch: 54/200	Train Loss: 0.0184	Val Accuracy: 6.3
Training Epoch: 55/200	Train Loss: 0.049	Val Accuracy: 6.3
Training Epoch: 56/200	Train Loss: 0.1253	Val Accuracy: 6.38
Training Epoch: 57/200	Train Loss: 0.115	Val Accuracy: 6.38
Training Epoch: 58/200	Train Loss: 0.057	Val Accuracy: 5.7
Training Epoch: 59/200	Train Loss: 0.0553	Val Accuracy: 5.7
Training Epoch: 60/200	Train Loss: 0.0031	Val Accuracy: 5.76
Training Epoch: 61/200	Train Loss: 0.0277	Val Accuracy: 5.76
Training Epoch: 62/200	Train Loss: 0.0073	Val Accuracy: 5.74
Training Epoch: 63/200	Train Loss: 0.0106	Val Accuracy: 5.74
Training Epoch: 64/200	Train Loss: 0.0544	Val Accuracy: 5.82
Training Epoch: 65/200	Train Loss: 0.0479	Val Accuracy: 5.82
Training Epoch: 66/200	Train Loss: 0.0429	Val Accuracy: 6.18
Training Epoch: 67/200	Train Loss: 0.0007	Val Accuracy: 6.18
Training Epoch: 68/200	Train Loss: 0.0016	Val Accuracy: 6.08
Training Epoch: 69/200	Train Loss: 0.0051	Val Accuracy: 6.08
Training Epoch: 70/200	Train Loss: 0.0025	Val Accuracy: 6.12
Training Epoch: 71/200	Train Loss: 0.0059	Val Accuracy: 6.12
Training Epoch: 72/200	Train Loss: 0.0101	Val Accuracy: 6.46
Training Epoch: 73/200	Train Loss: 0.0042	Val Accuracy: 6.46
Training Epoch: 74/200	Train Loss: 0.0038	Val Accuracy: 6.32
Training Epoch: 75/200	Train Loss: 0.0038	Val Accuracy: 6.32
Training Epoch: 76/200	Train Loss: 0.001	Val Accuracy: 5.9
Training Epoch: 77/200	Train Loss: 0.0134	Val Accuracy: 5.9
Training Epoch: 78/200	Train Loss: 0.0007	Val Accuracy: 6.12
Training Epoch: 79/200	Train Loss: 0.0004	Val Accuracy: 6.12
Training Epoch: 80/200	Train Loss: 0.0034	Val Accuracy: 6.04
Training Epoch: 81/200	Train Loss: 0.0013	Val Accuracy: 6.04
Training Epoch: 82/200	Train Loss: 0.0004	Val Accuracy: 5.96
Training Epoch: 83/200	Train Loss: 0.0028	Val Accuracy: 5.96
Training Epoch: 84/200	Train Loss: 0.0028	Val Accuracy: 5.96
Training Epoch: 85/200	Train Loss: 0.0044	Val Accuracy: 5.96
Training Epoch: 86/200	Train Loss: 0.0049	Val Accuracy: 5.98
Training Epoch: 87/200	Train Loss: 0.0068	Val Accuracy: 5.98
Training Epoch: 88/200	Train Loss: 0.0045	Val Accuracy: 5.94
Training Epoch: 89/200	Train Loss: 0.0033	Val Accuracy: 5.94
Training Epoch: 90/200	Train Loss: 0.0033	Val Accuracy: 5.82
Training Epoch: 91/200	Train Loss: 0.0044	Val Accuracy: 5.82
Training Epoch: 92/200	Train Loss: 0.0009	Val Accuracy: 5.6
Training Epoch: 93/200	Train Loss: 0.0007	Val Accuracy: 5.6
Training Epoch: 94/200	Train Loss: 0.0024	Val Accuracy: 6.02
Training Epoch: 95/200	Train Loss: 0.004	Val Accuracy: 6.02
Training Epoch: 96/200	Train Loss: 0.0011	Val Accuracy: 6.04
Training Epoch: 97/200	Train Loss: 0.0002	Val Accuracy: 6.04
Training Epoch: 98/200	Train Loss: 0.0005	Val Accuracy: 6.22
Training Epoch: 99/200	Train Loss: 0.0126	Val Accuracy: 6.22
Training Epoch: 100/200	Train Loss: 0.0008	Val Accuracy: 5.88
Training Epoch: 101/200	Train Loss: 0.0006	Val Accuracy: 5.88
Training Epoch: 102/200	Train Loss: 0.001	Val Accuracy: 6.12
Training Epoch: 103/200	Train Loss: 0.0002	Val Accuracy: 6.12
Training Epoch: 104/200	Train Loss: 0.0024	Val Accuracy: 6.28
Training Epoch: 105/200	Train Loss: 0.0003	Val Accuracy: 6.28
Training Epoch: 106/200	Train Loss: 0.0001	Val Accuracy: 6.04
Training Epoch: 107/200	Train Loss: 0.0009	Val Accuracy: 6.04
Training Epoch: 108/200	Train Loss: 0.0003	Val Accuracy: 6.54
Training Epoch: 109/200	Train Loss: 0.0024	Val Accuracy: 6.54
Training Epoch: 110/200	Train Loss: 0.0205	Val Accuracy: 6.1
Training Epoch: 111/200	Train Loss: 0.024	Val Accuracy: 6.1
Training Epoch: 112/200	Train Loss: 0.0002	Val Accuracy: 5.96
Training Epoch: 113/200	Train Loss: 0.0039	Val Accuracy: 5.96
Training Epoch: 114/200	Train Loss: 0.0009	Val Accuracy: 6.28
Training Epoch: 115/200	Train Loss: 0.006	Val Accuracy: 6.28
Training Epoch: 116/200	Train Loss: 0.0135	Val Accuracy: 6.34
Training Epoch: 117/200	Train Loss: 0.0007	Val Accuracy: 6.34
Training Epoch: 118/200	Train Loss: 0.0012	Val Accuracy: 6.02
Training Epoch: 119/200	Train Loss: 0.0018	Val Accuracy: 6.02
Training Epoch: 120/200	Train Loss: 0.0001	Val Accuracy: 6.12
Training Epoch: 121/200	Train Loss: 0.0008	Val Accuracy: 6.12
Training Epoch: 122/200	Train Loss: 0.0101	Val Accuracy: 5.94
Training Epoch: 123/200	Train Loss: 0.0033	Val Accuracy: 5.94
Training Epoch: 124/200	Train Loss: 0.0004	Val Accuracy: 6.0
Training Epoch: 125/200	Train Loss: 0.0044	Val Accuracy: 6.0
Training Epoch: 126/200	Train Loss: 0.0006	Val Accuracy: 6.12
Training Epoch: 127/200	Train Loss: 0.001	Val Accuracy: 6.12
Training Epoch: 128/200	Train Loss: 0.0016	Val Accuracy: 6.48
Training Epoch: 129/200	Train Loss: 0.0004	Val Accuracy: 6.48
Training Epoch: 130/200	Train Loss: 0.0007	Val Accuracy: 6.42
Training Epoch: 131/200	Train Loss: 0.0002	Val Accuracy: 6.42
Training Epoch: 132/200	Train Loss: 0.0015	Val Accuracy: 6.26
Training Epoch: 133/200	Train Loss: 0.0004	Val Accuracy: 6.26
Training Epoch: 134/200	Train Loss: 0.0148	Val Accuracy: 6.22
Training Epoch: 135/200	Train Loss: 0.0005	Val Accuracy: 6.22
Training Epoch: 136/200	Train Loss: 0.001	Val Accuracy: 6.14
Training Epoch: 137/200	Train Loss: 0.0004	Val Accuracy: 6.14
Training Epoch: 138/200	Train Loss: 0.0013	Val Accuracy: 6.3
Training Epoch: 139/200	Train Loss: 0.0007	Val Accuracy: 6.3
Training Epoch: 140/200	Train Loss: 0.0002	Val Accuracy: 6.06
Training Epoch: 141/200	Train Loss: 0.0008	Val Accuracy: 6.06
Training Epoch: 142/200	Train Loss: 0.0002	Val Accuracy: 6.0
Training Epoch: 143/200	Train Loss: 0.0003	Val Accuracy: 6.0
Training Epoch: 144/200	Train Loss: 0.0011	Val Accuracy: 6.32
Training Epoch: 145/200	Train Loss: 0.0002	Val Accuracy: 6.32
Training Epoch: 146/200	Train Loss: 0.0004	Val Accuracy: 6.34
Training Epoch: 147/200	Train Loss: 0.0007	Val Accuracy: 6.34
Training Epoch: 148/200	Train Loss: 0.0029	Val Accuracy: 6.26
Training Epoch: 149/200	Train Loss: 0.0026	Val Accuracy: 6.26
Training Epoch: 150/200	Train Loss: 0.001	Val Accuracy: 6.26
Training Epoch: 151/200	Train Loss: 0.0026	Val Accuracy: 6.26
Training Epoch: 152/200	Train Loss: 0.0003	Val Accuracy: 6.06
Training Epoch: 153/200	Train Loss: 0.0109	Val Accuracy: 6.06
Training Epoch: 154/200	Train Loss: 0.0004	Val Accuracy: 6.32
Training Epoch: 155/200	Train Loss: 0.0041	Val Accuracy: 6.32
Training Epoch: 156/200	Train Loss: 0.0008	Val Accuracy: 6.08
Training Epoch: 157/200	Train Loss: 0.0001	Val Accuracy: 6.08
Training Epoch: 158/200	Train Loss: 0.0011	Val Accuracy: 6.24
Training Epoch: 159/200	Train Loss: 0.0005	Val Accuracy: 6.24
Training Epoch: 160/200	Train Loss: 0.0002	Val Accuracy: 6.2
Training Epoch: 161/200	Train Loss: 0.0009	Val Accuracy: 6.2
Training Epoch: 162/200	Train Loss: 0.0043	Val Accuracy: 6.48
Training Epoch: 163/200	Train Loss: 0.0004	Val Accuracy: 6.48
Training Epoch: 164/200	Train Loss: 0.001	Val Accuracy: 5.98
Training Epoch: 165/200	Train Loss: 0.0001	Val Accuracy: 5.98
Training Epoch: 166/200	Train Loss: 0.0004	Val Accuracy: 6.0
Training Epoch: 167/200	Train Loss: 0.0003	Val Accuracy: 6.0
Training Epoch: 168/200	Train Loss: 0.0004	Val Accuracy: 6.36
Training Epoch: 169/200	Train Loss: 0.0005	Val Accuracy: 6.36
Training Epoch: 170/200	Train Loss: 0.0003	Val Accuracy: 5.84
Training Epoch: 171/200	Train Loss: 0.0013	Val Accuracy: 5.84
Training Epoch: 172/200	Train Loss: 0.0002	Val Accuracy: 6.06
Training Epoch: 173/200	Train Loss: 0.0005	Val Accuracy: 6.06
Training Epoch: 174/200	Train Loss: 0.0003	Val Accuracy: 6.02
Training Epoch: 175/200	Train Loss: 0.0005	Val Accuracy: 6.02
Training Epoch: 176/200	Train Loss: 0.0064	Val Accuracy: 6.1
Training Epoch: 177/200	Train Loss: 0.0002	Val Accuracy: 6.1
Training Epoch: 178/200	Train Loss: 0.0001	Val Accuracy: 5.84
Training Epoch: 179/200	Train Loss: 0.0002	Val Accuracy: 5.84
Training Epoch: 180/200	Train Loss: 0.0006	Val Accuracy: 6.02
Training Epoch: 181/200	Train Loss: 0.0008	Val Accuracy: 6.02
Training Epoch: 182/200	Train Loss: 0.0002	Val Accuracy: 5.88
Training Epoch: 183/200	Train Loss: 0.0	Val Accuracy: 5.88
Training Epoch: 184/200	Train Loss: 0.0102	Val Accuracy: 6.18
Training Epoch: 185/200	Train Loss: 0.0011	Val Accuracy: 6.18
Training Epoch: 186/200	Train Loss: 0.0005	Val Accuracy: 6.18
Training Epoch: 187/200	Train Loss: 0.0017	Val Accuracy: 6.18
Training Epoch: 188/200	Train Loss: 0.0004	Val Accuracy: 6.08
Training Epoch: 189/200	Train Loss: 0.0001	Val Accuracy: 6.08
Training Epoch: 190/200	Train Loss: 0.0003	Val Accuracy: 6.2
Training Epoch: 191/200	Train Loss: 0.0002	Val Accuracy: 6.2
Training Epoch: 192/200	Train Loss: 0.0019	Val Accuracy: 6.34
Training Epoch: 193/200	Train Loss: 0.0075	Val Accuracy: 6.34
Training Epoch: 194/200	Train Loss: 0.0008	Val Accuracy: 6.18
Training Epoch: 195/200	Train Loss: 0.0005	Val Accuracy: 6.18
Training Epoch: 196/200	Train Loss: 0.0001	Val Accuracy: 6.14
Training Epoch: 197/200	Train Loss: 0.0001	Val Accuracy: 6.14
Training Epoch: 198/200	Train Loss: 0.0005	Val Accuracy: 6.2
Training Epoch: 199/200	Train Loss: 0.0005	Val Accuracy: 6.2
Training Epoch: 200/200	Train Loss: 0.0024	Val Accuracy: 6.26

Wrote Best Model Checkpoint to: vlBest_acc_6_model_epoch_0108.pyth

Best Validation Accuracy: 6.54
Best Epoch: 108

======== TESTING ========

Test Accuracy: 6.51.

======== ACTIVE SAMPLING ========

len(uSetLoader): 444
u_ranks.shape: (44400,)
Active Sampling Complete. After Episode 11:
New Labeled Set: 650, New Unlabeled Set: 44350, Active Set: 50

================================


Current accuracy values:  [3.1200000000000045, 3.5999999999999943, 4.030000000000001, 4.489999999999995, 5.1200000000000045, 5.269999999999996, 5.519999999999996, 5.900000000000006, 5.840000000000003, 6.079999999999998, 6.1299999999999955, 6.510000000000005]
======== EPISODE 12 BEGINS ========

======== TRAINING ========
Training Epoch: 1/200	Train Loss: 1.056	Val Accuracy: 0.0
Training Epoch: 2/200	Train Loss: 0.5231	Val Accuracy: 5.28
Training Epoch: 3/200	Train Loss: 0.474	Val Accuracy: 5.28
Training Epoch: 4/200	Train Loss: 0.3235	Val Accuracy: 5.66
Training Epoch: 5/200	Train Loss: 0.1794	Val Accuracy: 5.66
Training Epoch: 6/200	Train Loss: 0.2123	Val Accuracy: 5.64
Training Epoch: 7/200	Train Loss: 0.2047	Val Accuracy: 5.64
Training Epoch: 8/200	Train Loss: 0.0993	Val Accuracy: 6.06
Training Epoch: 9/200	Train Loss: 0.0752	Val Accuracy: 6.06
Training Epoch: 10/200	Train Loss: 0.0952	Val Accuracy: 5.74
Training Epoch: 11/200	Train Loss: 0.0533	Val Accuracy: 5.74
Training Epoch: 12/200	Train Loss: 0.094	Val Accuracy: 5.92
Training Epoch: 13/200	Train Loss: 0.1033	Val Accuracy: 5.92
Training Epoch: 14/200	Train Loss: 0.1806	Val Accuracy: 5.82
Training Epoch: 15/200	Train Loss: 0.0813	Val Accuracy: 5.82
Training Epoch: 16/200	Train Loss: 0.0268	Val Accuracy: 5.82
Training Epoch: 17/200	Train Loss: 0.0977	Val Accuracy: 5.82
Training Epoch: 18/200	Train Loss: 0.041	Val Accuracy: 5.7
Training Epoch: 19/200	Train Loss: 0.2395	Val Accuracy: 5.7
Training Epoch: 20/200	Train Loss: 0.0857	Val Accuracy: 6.06
Training Epoch: 21/200	Train Loss: 0.1115	Val Accuracy: 6.06
Training Epoch: 22/200	Train Loss: 0.0114	Val Accuracy: 6.2
Training Epoch: 23/200	Train Loss: 0.0997	Val Accuracy: 6.2
Training Epoch: 24/200	Train Loss: 0.0143	Val Accuracy: 5.46
Training Epoch: 25/200	Train Loss: 0.0269	Val Accuracy: 5.46
Training Epoch: 26/200	Train Loss: 0.041	Val Accuracy: 5.56
Training Epoch: 27/200	Train Loss: 0.0286	Val Accuracy: 5.56
Training Epoch: 28/200	Train Loss: 0.0723	Val Accuracy: 5.96
Training Epoch: 29/200	Train Loss: 0.0332	Val Accuracy: 5.96
Training Epoch: 30/200	Train Loss: 0.0262	Val Accuracy: 5.84
Training Epoch: 31/200	Train Loss: 0.0201	Val Accuracy: 5.84
Training Epoch: 32/200	Train Loss: 0.1183	Val Accuracy: 5.74
Training Epoch: 33/200	Train Loss: 0.0206	Val Accuracy: 5.74
Training Epoch: 34/200	Train Loss: 0.0165	Val Accuracy: 6.08
Training Epoch: 35/200	Train Loss: 0.0035	Val Accuracy: 6.08
Training Epoch: 36/200	Train Loss: 0.1031	Val Accuracy: 5.68
Training Epoch: 37/200	Train Loss: 0.0027	Val Accuracy: 5.68
Training Epoch: 38/200	Train Loss: 0.0233	Val Accuracy: 5.7
Training Epoch: 39/200	Train Loss: 0.1038	Val Accuracy: 5.7
Training Epoch: 40/200	Train Loss: 0.0458	Val Accuracy: 4.96
Training Epoch: 41/200	Train Loss: 0.0382	Val Accuracy: 4.96
Training Epoch: 42/200	Train Loss: 0.0234	Val Accuracy: 5.96
Training Epoch: 43/200	Train Loss: 0.0024	Val Accuracy: 5.96
Training Epoch: 44/200	Train Loss: 0.0167	Val Accuracy: 5.98
Training Epoch: 45/200	Train Loss: 0.1192	Val Accuracy: 5.98
Training Epoch: 46/200	Train Loss: 0.0143	Val Accuracy: 6.22
Training Epoch: 47/200	Train Loss: 0.1203	Val Accuracy: 6.22
Training Epoch: 48/200	Train Loss: 0.051	Val Accuracy: 6.24
Training Epoch: 49/200	Train Loss: 0.0651	Val Accuracy: 6.24
Training Epoch: 50/200	Train Loss: 0.047	Val Accuracy: 6.22
Training Epoch: 51/200	Train Loss: 0.0214	Val Accuracy: 6.22
Training Epoch: 52/200	Train Loss: 0.0951	Val Accuracy: 6.06
Training Epoch: 53/200	Train Loss: 0.0453	Val Accuracy: 6.06
Training Epoch: 54/200	Train Loss: 0.0326	Val Accuracy: 6.08
Training Epoch: 55/200	Train Loss: 0.0146	Val Accuracy: 6.08
Training Epoch: 56/200	Train Loss: 0.0099	Val Accuracy: 6.36
Training Epoch: 57/200	Train Loss: 0.0265	Val Accuracy: 6.36
Training Epoch: 58/200	Train Loss: 0.0035	Val Accuracy: 6.1
Training Epoch: 59/200	Train Loss: 0.0048	Val Accuracy: 6.1
Training Epoch: 60/200	Train Loss: 0.0088	Val Accuracy: 6.08
Training Epoch: 61/200	Train Loss: 0.0288	Val Accuracy: 6.08
Training Epoch: 62/200	Train Loss: 0.0052	Val Accuracy: 6.18
Training Epoch: 63/200	Train Loss: 0.0032	Val Accuracy: 6.18
Training Epoch: 64/200	Train Loss: 0.0078	Val Accuracy: 6.3
Training Epoch: 65/200	Train Loss: 0.0166	Val Accuracy: 6.3
Training Epoch: 66/200	Train Loss: 0.0029	Val Accuracy: 6.58
Training Epoch: 67/200	Train Loss: 0.0052	Val Accuracy: 6.58
Training Epoch: 68/200	Train Loss: 0.0038	Val Accuracy: 6.22
Training Epoch: 69/200	Train Loss: 0.0017	Val Accuracy: 6.22
Training Epoch: 70/200	Train Loss: 0.0249	Val Accuracy: 6.78
Training Epoch: 71/200	Train Loss: 0.0032	Val Accuracy: 6.78
Training Epoch: 72/200	Train Loss: 0.0003	Val Accuracy: 6.26
Training Epoch: 73/200	Train Loss: 0.0137	Val Accuracy: 6.26
Training Epoch: 74/200	Train Loss: 0.0084	Val Accuracy: 6.34
Training Epoch: 75/200	Train Loss: 0.0011	Val Accuracy: 6.34
Training Epoch: 76/200	Train Loss: 0.0004	Val Accuracy: 6.64
Training Epoch: 77/200	Train Loss: 0.001	Val Accuracy: 6.64
Training Epoch: 78/200	Train Loss: 0.0065	Val Accuracy: 6.3
Training Epoch: 79/200	Train Loss: 0.0032	Val Accuracy: 6.3
Training Epoch: 80/200	Train Loss: 0.0012	Val Accuracy: 6.42
Training Epoch: 81/200	Train Loss: 0.0013	Val Accuracy: 6.42
Training Epoch: 82/200	Train Loss: 0.0003	Val Accuracy: 6.08
Training Epoch: 83/200	Train Loss: 0.0092	Val Accuracy: 6.08
Training Epoch: 84/200	Train Loss: 0.0008	Val Accuracy: 6.34
Training Epoch: 85/200	Train Loss: 0.0012	Val Accuracy: 6.34
Training Epoch: 86/200	Train Loss: 0.0633	Val Accuracy: 6.4
Training Epoch: 87/200	Train Loss: 0.0604	Val Accuracy: 6.4
Training Epoch: 88/200	Train Loss: 0.0366	Val Accuracy: 6.46
Training Epoch: 89/200	Train Loss: 0.0017	Val Accuracy: 6.46
Training Epoch: 90/200	Train Loss: 0.0003	Val Accuracy: 6.26
Training Epoch: 91/200	Train Loss: 0.0006	Val Accuracy: 6.26
Training Epoch: 92/200	Train Loss: 0.1171	Val Accuracy: 6.48
Training Epoch: 93/200	Train Loss: 0.0044	Val Accuracy: 6.48
Training Epoch: 94/200	Train Loss: 0.0003	Val Accuracy: 6.28
Training Epoch: 95/200	Train Loss: 0.0007	Val Accuracy: 6.28
Training Epoch: 96/200	Train Loss: 0.0024	Val Accuracy: 6.12
Training Epoch: 97/200	Train Loss: 0.0004	Val Accuracy: 6.12
Training Epoch: 98/200	Train Loss: 0.0006	Val Accuracy: 6.2
Training Epoch: 99/200	Train Loss: 0.0022	Val Accuracy: 6.2
Training Epoch: 100/200	Train Loss: 0.0012	Val Accuracy: 6.12
Training Epoch: 101/200	Train Loss: 0.0003	Val Accuracy: 6.12
Training Epoch: 102/200	Train Loss: 0.0147	Val Accuracy: 6.24
Training Epoch: 103/200	Train Loss: 0.0005	Val Accuracy: 6.24
Training Epoch: 104/200	Train Loss: 0.019	Val Accuracy: 6.18
Training Epoch: 105/200	Train Loss: 0.0011	Val Accuracy: 6.18
Training Epoch: 106/200	Train Loss: 0.0006	Val Accuracy: 6.44
Training Epoch: 107/200	Train Loss: 0.0021	Val Accuracy: 6.44
Training Epoch: 108/200	Train Loss: 0.0059	Val Accuracy: 6.26
Training Epoch: 109/200	Train Loss: 0.0003	Val Accuracy: 6.26
Training Epoch: 110/200	Train Loss: 0.0007	Val Accuracy: 6.14
Training Epoch: 111/200	Train Loss: 0.0015	Val Accuracy: 6.14
Training Epoch: 112/200	Train Loss: 0.0002	Val Accuracy: 6.12
Training Epoch: 113/200	Train Loss: 0.0003	Val Accuracy: 6.12
Training Epoch: 114/200	Train Loss: 0.0029	Val Accuracy: 5.96
Training Epoch: 115/200	Train Loss: 0.0002	Val Accuracy: 5.96
Training Epoch: 116/200	Train Loss: 0.003	Val Accuracy: 6.24
Training Epoch: 117/200	Train Loss: 0.0003	Val Accuracy: 6.24
Training Epoch: 118/200	Train Loss: 0.0002	Val Accuracy: 5.8
Training Epoch: 119/200	Train Loss: 0.0008	Val Accuracy: 5.8
Training Epoch: 120/200	Train Loss: 0.0121	Val Accuracy: 6.28
Training Epoch: 121/200	Train Loss: 0.0016	Val Accuracy: 6.28
Training Epoch: 122/200	Train Loss: 0.0007	Val Accuracy: 5.92
Training Epoch: 123/200	Train Loss: 0.0002	Val Accuracy: 5.92
Training Epoch: 124/200	Train Loss: 0.0044	Val Accuracy: 6.18
Training Epoch: 125/200	Train Loss: 0.0015	Val Accuracy: 6.18
Training Epoch: 126/200	Train Loss: 0.0171	Val Accuracy: 6.36
Training Epoch: 127/200	Train Loss: 0.0008	Val Accuracy: 6.36
Training Epoch: 128/200	Train Loss: 0.0016	Val Accuracy: 5.84
Training Epoch: 129/200	Train Loss: 0.0006	Val Accuracy: 5.84
Training Epoch: 130/200	Train Loss: 0.0056	Val Accuracy: 6.4
Training Epoch: 131/200	Train Loss: 0.0003	Val Accuracy: 6.4
Training Epoch: 132/200	Train Loss: 0.0011	Val Accuracy: 6.08
Training Epoch: 133/200	Train Loss: 0.001	Val Accuracy: 6.08
Training Epoch: 134/200	Train Loss: 0.0023	Val Accuracy: 6.28
Training Epoch: 135/200	Train Loss: 0.0001	Val Accuracy: 6.28
Training Epoch: 136/200	Train Loss: 0.0003	Val Accuracy: 6.2
Training Epoch: 137/200	Train Loss: 0.0004	Val Accuracy: 6.2
Training Epoch: 138/200	Train Loss: 0.0004	Val Accuracy: 6.42
Training Epoch: 139/200	Train Loss: 0.0002	Val Accuracy: 6.42
Training Epoch: 140/200	Train Loss: 0.0007	Val Accuracy: 6.44
Training Epoch: 141/200	Train Loss: 0.0013	Val Accuracy: 6.44
Training Epoch: 142/200	Train Loss: 0.0058	Val Accuracy: 6.18
Training Epoch: 143/200	Train Loss: 0.0004	Val Accuracy: 6.18
Training Epoch: 144/200	Train Loss: 0.0004	Val Accuracy: 6.08
Training Epoch: 145/200	Train Loss: 0.0012	Val Accuracy: 6.08
Training Epoch: 146/200	Train Loss: 0.0003	Val Accuracy: 5.94
Training Epoch: 147/200	Train Loss: 0.0043	Val Accuracy: 5.94
Training Epoch: 148/200	Train Loss: 0.0007	Val Accuracy: 5.98
Training Epoch: 149/200	Train Loss: 0.0017	Val Accuracy: 5.98
Training Epoch: 150/200	Train Loss: 0.0015	Val Accuracy: 6.16
Training Epoch: 151/200	Train Loss: 0.0007	Val Accuracy: 6.16
Training Epoch: 152/200	Train Loss: 0.0005	Val Accuracy: 6.16
Training Epoch: 153/200	Train Loss: 0.0005	Val Accuracy: 6.16
Training Epoch: 154/200	Train Loss: 0.0005	Val Accuracy: 5.98
Training Epoch: 155/200	Train Loss: 0.0003	Val Accuracy: 5.98
Training Epoch: 156/200	Train Loss: 0.0008	Val Accuracy: 6.5
Training Epoch: 157/200	Train Loss: 0.0004	Val Accuracy: 6.5
Training Epoch: 158/200	Train Loss: 0.0012	Val Accuracy: 6.5
Training Epoch: 159/200	Train Loss: 0.0004	Val Accuracy: 6.5
Training Epoch: 160/200	Train Loss: 0.0007	Val Accuracy: 6.04
Training Epoch: 161/200	Train Loss: 0.0012	Val Accuracy: 6.04
Training Epoch: 162/200	Train Loss: 0.0011	Val Accuracy: 6.38
Training Epoch: 163/200	Train Loss: 0.0003	Val Accuracy: 6.38
Training Epoch: 164/200	Train Loss: 0.0003	Val Accuracy: 6.44
Training Epoch: 165/200	Train Loss: 0.0047	Val Accuracy: 6.44
Training Epoch: 166/200	Train Loss: 0.0002	Val Accuracy: 6.12
Training Epoch: 167/200	Train Loss: 0.0002	Val Accuracy: 6.12
Training Epoch: 168/200	Train Loss: 0.0003	Val Accuracy: 5.96
Training Epoch: 169/200	Train Loss: 0.0012	Val Accuracy: 5.96
Training Epoch: 170/200	Train Loss: 0.011	Val Accuracy: 5.82
Training Epoch: 171/200	Train Loss: 0.0025	Val Accuracy: 5.82
Training Epoch: 172/200	Train Loss: 0.0003	Val Accuracy: 5.98
Training Epoch: 173/200	Train Loss: 0.0006	Val Accuracy: 5.98
Training Epoch: 174/200	Train Loss: 0.0001	Val Accuracy: 5.88
Training Epoch: 175/200	Train Loss: 0.0007	Val Accuracy: 5.88
Training Epoch: 176/200	Train Loss: 0.0003	Val Accuracy: 5.94
Training Epoch: 177/200	Train Loss: 0.0161	Val Accuracy: 5.94
Training Epoch: 178/200	Train Loss: 0.0005	Val Accuracy: 6.12
Training Epoch: 179/200	Train Loss: 0.0005	Val Accuracy: 6.12
Training Epoch: 180/200	Train Loss: 0.0004	Val Accuracy: 6.4
Training Epoch: 181/200	Train Loss: 0.0001	Val Accuracy: 6.4
Training Epoch: 182/200	Train Loss: 0.0003	Val Accuracy: 6.32
Training Epoch: 183/200	Train Loss: 0.0002	Val Accuracy: 6.32
Training Epoch: 184/200	Train Loss: 0.0003	Val Accuracy: 6.18
Training Epoch: 185/200	Train Loss: 0.0009	Val Accuracy: 6.18
Training Epoch: 186/200	Train Loss: 0.0003	Val Accuracy: 6.44
Training Epoch: 187/200	Train Loss: 0.001	Val Accuracy: 6.44
Training Epoch: 188/200	Train Loss: 0.0003	Val Accuracy: 6.36
Training Epoch: 189/200	Train Loss: 0.0037	Val Accuracy: 6.36
Training Epoch: 190/200	Train Loss: 0.0004	Val Accuracy: 6.26
Training Epoch: 191/200	Train Loss: 0.0036	Val Accuracy: 6.26
Training Epoch: 192/200	Train Loss: 0.0006	Val Accuracy: 6.1
Training Epoch: 193/200	Train Loss: 0.0016	Val Accuracy: 6.1
Training Epoch: 194/200	Train Loss: 0.0029	Val Accuracy: 5.94
Training Epoch: 195/200	Train Loss: 0.0129	Val Accuracy: 5.94
Training Epoch: 196/200	Train Loss: 0.0003	Val Accuracy: 6.08
Training Epoch: 197/200	Train Loss: 0.0006	Val Accuracy: 6.08
Training Epoch: 198/200	Train Loss: 0.0014	Val Accuracy: 6.34
Training Epoch: 199/200	Train Loss: 0.0005	Val Accuracy: 6.34
Training Epoch: 200/200	Train Loss: 0.0005	Val Accuracy: 6.26

Wrote Best Model Checkpoint to: vlBest_acc_6_model_epoch_0070.pyth

Best Validation Accuracy: 6.78
Best Epoch: 70

======== TESTING ========

Test Accuracy: 6.41.

======== ACTIVE SAMPLING ========

len(uSetLoader): 444
u_ranks.shape: (44350,)
Active Sampling Complete. After Episode 12:
New Labeled Set: 700, New Unlabeled Set: 44300, Active Set: 50

================================


Current accuracy values:  [3.1200000000000045, 3.5999999999999943, 4.030000000000001, 4.489999999999995, 5.1200000000000045, 5.269999999999996, 5.519999999999996, 5.900000000000006, 5.840000000000003, 6.079999999999998, 6.1299999999999955, 6.510000000000005, 6.409999999999997]
======== EPISODE 13 BEGINS ========

======== TRAINING ========
Training Epoch: 1/200	Train Loss: 0.5772	Val Accuracy: 0.0
Training Epoch: 2/200	Train Loss: 0.2746	Val Accuracy: 5.8
Training Epoch: 3/200	Train Loss: 0.282	Val Accuracy: 5.8
Training Epoch: 4/200	Train Loss: 0.1469	Val Accuracy: 5.92
Training Epoch: 5/200	Train Loss: 0.2026	Val Accuracy: 5.92
Training Epoch: 6/200	Train Loss: 0.2882	Val Accuracy: 6.04
Training Epoch: 7/200	Train Loss: 0.0885	Val Accuracy: 6.04
Training Epoch: 8/200	Train Loss: 0.1178	Val Accuracy: 6.06
Training Epoch: 9/200	Train Loss: 0.0336	Val Accuracy: 6.06
Training Epoch: 10/200	Train Loss: 0.1673	Val Accuracy: 6.4
Training Epoch: 11/200	Train Loss: 0.1285	Val Accuracy: 6.4
Training Epoch: 12/200	Train Loss: 0.0344	Val Accuracy: 5.82
Training Epoch: 13/200	Train Loss: 0.0688	Val Accuracy: 5.82
Training Epoch: 14/200	Train Loss: 0.2007	Val Accuracy: 5.92
Training Epoch: 15/200	Train Loss: 0.1139	Val Accuracy: 5.92
Training Epoch: 16/200	Train Loss: 0.0185	Val Accuracy: 5.64
Training Epoch: 17/200	Train Loss: 0.0319	Val Accuracy: 5.64
Training Epoch: 18/200	Train Loss: 0.0944	Val Accuracy: 6.02
Training Epoch: 19/200	Train Loss: 0.0661	Val Accuracy: 6.02
Training Epoch: 20/200	Train Loss: 0.072	Val Accuracy: 5.9
Training Epoch: 21/200	Train Loss: 0.0461	Val Accuracy: 5.9
Training Epoch: 22/200	Train Loss: 0.0348	Val Accuracy: 5.9
Training Epoch: 23/200	Train Loss: 0.0303	Val Accuracy: 5.9
Training Epoch: 24/200	Train Loss: 0.0102	Val Accuracy: 6.26
Training Epoch: 25/200	Train Loss: 0.0266	Val Accuracy: 6.26
Training Epoch: 26/200	Train Loss: 0.0086	Val Accuracy: 6.26
Training Epoch: 27/200	Train Loss: 0.0241	Val Accuracy: 6.26
Training Epoch: 28/200	Train Loss: 0.0154	Val Accuracy: 6.4
Training Epoch: 29/200	Train Loss: 0.0245	Val Accuracy: 6.4
Training Epoch: 30/200	Train Loss: 0.0958	Val Accuracy: 6.2
Training Epoch: 31/200	Train Loss: 0.0225	Val Accuracy: 6.2
Training Epoch: 32/200	Train Loss: 0.0431	Val Accuracy: 6.86
Training Epoch: 33/200	Train Loss: 0.0566	Val Accuracy: 6.86
Training Epoch: 34/200	Train Loss: 0.0051	Val Accuracy: 6.24
Training Epoch: 35/200	Train Loss: 0.1233	Val Accuracy: 6.24
Training Epoch: 36/200	Train Loss: 0.0032	Val Accuracy: 6.2
Training Epoch: 37/200	Train Loss: 0.0292	Val Accuracy: 6.2
Training Epoch: 38/200	Train Loss: 0.0804	Val Accuracy: 6.42
Training Epoch: 39/200	Train Loss: 0.0692	Val Accuracy: 6.42
Training Epoch: 40/200	Train Loss: 0.0157	Val Accuracy: 5.94
Training Epoch: 41/200	Train Loss: 0.0725	Val Accuracy: 5.94
Training Epoch: 42/200	Train Loss: 0.0321	Val Accuracy: 5.82
Training Epoch: 43/200	Train Loss: 0.03	Val Accuracy: 5.82
Training Epoch: 44/200	Train Loss: 0.098	Val Accuracy: 5.94
Training Epoch: 45/200	Train Loss: 0.0331	Val Accuracy: 5.94
Training Epoch: 46/200	Train Loss: 0.0345	Val Accuracy: 6.32
Training Epoch: 47/200	Train Loss: 0.0337	Val Accuracy: 6.32
Training Epoch: 48/200	Train Loss: 0.0098	Val Accuracy: 6.02
Training Epoch: 49/200	Train Loss: 0.0191	Val Accuracy: 6.02
Training Epoch: 50/200	Train Loss: 0.014	Val Accuracy: 6.06
Training Epoch: 51/200	Train Loss: 0.0067	Val Accuracy: 6.06
Training Epoch: 52/200	Train Loss: 0.0215	Val Accuracy: 6.12
Training Epoch: 53/200	Train Loss: 0.0172	Val Accuracy: 6.12
Training Epoch: 54/200	Train Loss: 0.0199	Val Accuracy: 6.0
Training Epoch: 55/200	Train Loss: 0.0058	Val Accuracy: 6.0
Training Epoch: 56/200	Train Loss: 0.0465	Val Accuracy: 5.94
Training Epoch: 57/200	Train Loss: 0.0258	Val Accuracy: 5.94
Training Epoch: 58/200	Train Loss: 0.025	Val Accuracy: 5.76
Training Epoch: 59/200	Train Loss: 0.0014	Val Accuracy: 5.76
Training Epoch: 60/200	Train Loss: 0.0481	Val Accuracy: 6.08
Training Epoch: 61/200	Train Loss: 0.0337	Val Accuracy: 6.08
Training Epoch: 62/200	Train Loss: 0.0425	Val Accuracy: 5.74
Training Epoch: 63/200	Train Loss: 0.0423	Val Accuracy: 5.74
Training Epoch: 64/200	Train Loss: 0.0095	Val Accuracy: 6.22
Training Epoch: 65/200	Train Loss: 0.0035	Val Accuracy: 6.22
Training Epoch: 66/200	Train Loss: 0.0329	Val Accuracy: 6.08
Training Epoch: 67/200	Train Loss: 0.0032	Val Accuracy: 6.08
Training Epoch: 68/200	Train Loss: 0.1004	Val Accuracy: 6.28
Training Epoch: 69/200	Train Loss: 0.0076	Val Accuracy: 6.28
Training Epoch: 70/200	Train Loss: 0.0146	Val Accuracy: 6.24
Training Epoch: 71/200	Train Loss: 0.003	Val Accuracy: 6.24
Training Epoch: 72/200	Train Loss: 0.0013	Val Accuracy: 6.06
Training Epoch: 73/200	Train Loss: 0.0177	Val Accuracy: 6.06
Training Epoch: 74/200	Train Loss: 0.0007	Val Accuracy: 6.56
Training Epoch: 75/200	Train Loss: 0.03	Val Accuracy: 6.56
Training Epoch: 76/200	Train Loss: 0.0034	Val Accuracy: 6.3
Training Epoch: 77/200	Train Loss: 0.0159	Val Accuracy: 6.3
Training Epoch: 78/200	Train Loss: 0.0044	Val Accuracy: 6.2
Training Epoch: 79/200	Train Loss: 0.0022	Val Accuracy: 6.2
Training Epoch: 80/200	Train Loss: 0.0006	Val Accuracy: 5.76
Training Epoch: 81/200	Train Loss: 0.0057	Val Accuracy: 5.76
Training Epoch: 82/200	Train Loss: 0.0362	Val Accuracy: 6.18
Training Epoch: 83/200	Train Loss: 0.0209	Val Accuracy: 6.18
Training Epoch: 84/200	Train Loss: 0.0124	Val Accuracy: 6.26
Training Epoch: 85/200	Train Loss: 0.0024	Val Accuracy: 6.26
Training Epoch: 86/200	Train Loss: 0.0007	Val Accuracy: 6.18
Training Epoch: 87/200	Train Loss: 0.0137	Val Accuracy: 6.18
Training Epoch: 88/200	Train Loss: 0.0154	Val Accuracy: 6.36
Training Epoch: 89/200	Train Loss: 0.0003	Val Accuracy: 6.36
Training Epoch: 90/200	Train Loss: 0.01	Val Accuracy: 6.8
Training Epoch: 91/200	Train Loss: 0.0118	Val Accuracy: 6.8
Training Epoch: 92/200	Train Loss: 0.0022	Val Accuracy: 5.94
Training Epoch: 93/200	Train Loss: 0.0019	Val Accuracy: 5.94
Training Epoch: 94/200	Train Loss: 0.0027	Val Accuracy: 5.72
Training Epoch: 95/200	Train Loss: 0.003	Val Accuracy: 5.72
Training Epoch: 96/200	Train Loss: 0.0003	Val Accuracy: 6.06
Training Epoch: 97/200	Train Loss: 0.0031	Val Accuracy: 6.06
Training Epoch: 98/200	Train Loss: 0.001	Val Accuracy: 5.86
Training Epoch: 99/200	Train Loss: 0.0003	Val Accuracy: 5.86
Training Epoch: 100/200	Train Loss: 0.0006	Val Accuracy: 6.24
Training Epoch: 101/200	Train Loss: 0.0009	Val Accuracy: 6.24
Training Epoch: 102/200	Train Loss: 0.0018	Val Accuracy: 6.3
Training Epoch: 103/200	Train Loss: 0.0009	Val Accuracy: 6.3
Training Epoch: 104/200	Train Loss: 0.0005	Val Accuracy: 6.26
Training Epoch: 105/200	Train Loss: 0.0073	Val Accuracy: 6.26
Training Epoch: 106/200	Train Loss: 0.0004	Val Accuracy: 6.54
Training Epoch: 107/200	Train Loss: 0.0005	Val Accuracy: 6.54
Training Epoch: 108/200	Train Loss: 0.0005	Val Accuracy: 6.0
Training Epoch: 109/200	Train Loss: 0.0018	Val Accuracy: 6.0
Training Epoch: 110/200	Train Loss: 0.0055	Val Accuracy: 6.46
Training Epoch: 111/200	Train Loss: 0.0012	Val Accuracy: 6.46
Training Epoch: 112/200	Train Loss: 0.0005	Val Accuracy: 6.06
Training Epoch: 113/200	Train Loss: 0.0056	Val Accuracy: 6.06
Training Epoch: 114/200	Train Loss: 0.0004	Val Accuracy: 6.4
Training Epoch: 115/200	Train Loss: 0.0006	Val Accuracy: 6.4
Training Epoch: 116/200	Train Loss: 0.0003	Val Accuracy: 6.56
Training Epoch: 117/200	Train Loss: 0.0052	Val Accuracy: 6.56
Training Epoch: 118/200	Train Loss: 0.001	Val Accuracy: 6.66
Training Epoch: 119/200	Train Loss: 0.0007	Val Accuracy: 6.66
Training Epoch: 120/200	Train Loss: 0.001	Val Accuracy: 6.06
Training Epoch: 121/200	Train Loss: 0.001	Val Accuracy: 6.06
Training Epoch: 122/200	Train Loss: 0.0019	Val Accuracy: 6.26
Training Epoch: 123/200	Train Loss: 0.0014	Val Accuracy: 6.26
Training Epoch: 124/200	Train Loss: 0.0001	Val Accuracy: 6.5
Training Epoch: 125/200	Train Loss: 0.0004	Val Accuracy: 6.5
Training Epoch: 126/200	Train Loss: 0.0002	Val Accuracy: 6.28
Training Epoch: 127/200	Train Loss: 0.0006	Val Accuracy: 6.28
Training Epoch: 128/200	Train Loss: 0.0004	Val Accuracy: 6.38
Training Epoch: 129/200	Train Loss: 0.0002	Val Accuracy: 6.38
Training Epoch: 130/200	Train Loss: 0.0179	Val Accuracy: 6.18
Training Epoch: 131/200	Train Loss: 0.0087	Val Accuracy: 6.18
Training Epoch: 132/200	Train Loss: 0.0008	Val Accuracy: 6.52
Training Epoch: 133/200	Train Loss: 0.0007	Val Accuracy: 6.52
Training Epoch: 134/200	Train Loss: 0.0005	Val Accuracy: 6.6
Training Epoch: 135/200	Train Loss: 0.0003	Val Accuracy: 6.6
Training Epoch: 136/200	Train Loss: 0.0001	Val Accuracy: 6.22
Training Epoch: 137/200	Train Loss: 0.0003	Val Accuracy: 6.22
Training Epoch: 138/200	Train Loss: 0.0002	Val Accuracy: 6.2
Training Epoch: 139/200	Train Loss: 0.0016	Val Accuracy: 6.2
Training Epoch: 140/200	Train Loss: 0.0002	Val Accuracy: 6.32
Training Epoch: 141/200	Train Loss: 0.0012	Val Accuracy: 6.32
Training Epoch: 142/200	Train Loss: 0.0002	Val Accuracy: 6.36
Training Epoch: 143/200	Train Loss: 0.0001	Val Accuracy: 6.36
Training Epoch: 144/200	Train Loss: 0.0002	Val Accuracy: 6.68
Training Epoch: 145/200	Train Loss: 0.0006	Val Accuracy: 6.68
Training Epoch: 146/200	Train Loss: 0.0008	Val Accuracy: 6.42
Training Epoch: 147/200	Train Loss: 0.0004	Val Accuracy: 6.42
Training Epoch: 148/200	Train Loss: 0.0031	Val Accuracy: 6.14
Training Epoch: 149/200	Train Loss: 0.0007	Val Accuracy: 6.14
Training Epoch: 150/200	Train Loss: 0.0002	Val Accuracy: 6.22
Training Epoch: 151/200	Train Loss: 0.0004	Val Accuracy: 6.22
Training Epoch: 152/200	Train Loss: 0.0043	Val Accuracy: 6.28
Training Epoch: 153/200	Train Loss: 0.0003	Val Accuracy: 6.28
Training Epoch: 154/200	Train Loss: 0.0003	Val Accuracy: 6.28
Training Epoch: 155/200	Train Loss: 0.0004	Val Accuracy: 6.28
Training Epoch: 156/200	Train Loss: 0.0012	Val Accuracy: 6.1
Training Epoch: 157/200	Train Loss: 0.0004	Val Accuracy: 6.1
Training Epoch: 158/200	Train Loss: 0.001	Val Accuracy: 6.14
Training Epoch: 159/200	Train Loss: 0.0019	Val Accuracy: 6.14
Training Epoch: 160/200	Train Loss: 0.0004	Val Accuracy: 6.4
Training Epoch: 161/200	Train Loss: 0.0005	Val Accuracy: 6.4
Training Epoch: 162/200	Train Loss: 0.0004	Val Accuracy: 6.44
Training Epoch: 163/200	Train Loss: 0.0014	Val Accuracy: 6.44
Training Epoch: 164/200	Train Loss: 0.0005	Val Accuracy: 6.38
Training Epoch: 165/200	Train Loss: 0.0021	Val Accuracy: 6.38
Training Epoch: 166/200	Train Loss: 0.0001	Val Accuracy: 6.18
Training Epoch: 167/200	Train Loss: 0.017	Val Accuracy: 6.18
Training Epoch: 168/200	Train Loss: 0.0026	Val Accuracy: 6.46
Training Epoch: 169/200	Train Loss: 0.0003	Val Accuracy: 6.46
Training Epoch: 170/200	Train Loss: 0.0001	Val Accuracy: 6.32
Training Epoch: 171/200	Train Loss: 0.0011	Val Accuracy: 6.32
Training Epoch: 172/200	Train Loss: 0.0004	Val Accuracy: 6.1
Training Epoch: 173/200	Train Loss: 0.0003	Val Accuracy: 6.1
Training Epoch: 174/200	Train Loss: 0.0015	Val Accuracy: 6.12
Training Epoch: 175/200	Train Loss: 0.0021	Val Accuracy: 6.12
Training Epoch: 176/200	Train Loss: 0.0005	Val Accuracy: 6.32
Training Epoch: 177/200	Train Loss: 0.0014	Val Accuracy: 6.32
Training Epoch: 178/200	Train Loss: 0.0004	Val Accuracy: 6.38
Training Epoch: 179/200	Train Loss: 0.0003	Val Accuracy: 6.38
Training Epoch: 180/200	Train Loss: 0.0004	Val Accuracy: 6.18
Training Epoch: 181/200	Train Loss: 0.0002	Val Accuracy: 6.18
Training Epoch: 182/200	Train Loss: 0.0002	Val Accuracy: 6.44
Training Epoch: 183/200	Train Loss: 0.0028	Val Accuracy: 6.44
Training Epoch: 184/200	Train Loss: 0.0005	Val Accuracy: 6.34
Training Epoch: 185/200	Train Loss: 0.0003	Val Accuracy: 6.34
Training Epoch: 186/200	Train Loss: 0.0006	Val Accuracy: 6.14
Training Epoch: 187/200	Train Loss: 0.0012	Val Accuracy: 6.14
Training Epoch: 188/200	Train Loss: 0.0054	Val Accuracy: 6.4
Training Epoch: 189/200	Train Loss: 0.0112	Val Accuracy: 6.4
Training Epoch: 190/200	Train Loss: 0.0002	Val Accuracy: 6.24
Training Epoch: 191/200	Train Loss: 0.0011	Val Accuracy: 6.24
Training Epoch: 192/200	Train Loss: 0.0002	Val Accuracy: 6.18
Training Epoch: 193/200	Train Loss: 0.0004	Val Accuracy: 6.18
Training Epoch: 194/200	Train Loss: 0.0007	Val Accuracy: 6.44
Training Epoch: 195/200	Train Loss: 0.0013	Val Accuracy: 6.44
Training Epoch: 196/200	Train Loss: 0.0013	Val Accuracy: 6.4
Training Epoch: 197/200	Train Loss: 0.0002	Val Accuracy: 6.4
Training Epoch: 198/200	Train Loss: 0.0008	Val Accuracy: 6.72
Training Epoch: 199/200	Train Loss: 0.0003	Val Accuracy: 6.72
Training Epoch: 200/200	Train Loss: 0.0026	Val Accuracy: 6.28

Wrote Best Model Checkpoint to: vlBest_acc_6_model_epoch_0032.pyth

Best Validation Accuracy: 6.86
Best Epoch: 32

======== TESTING ========

Test Accuracy: 6.82.

======== ACTIVE SAMPLING ========

len(uSetLoader): 443
u_ranks.shape: (44300,)
Active Sampling Complete. After Episode 13:
New Labeled Set: 750, New Unlabeled Set: 44250, Active Set: 50

================================


Current accuracy values:  [3.1200000000000045, 3.5999999999999943, 4.030000000000001, 4.489999999999995, 5.1200000000000045, 5.269999999999996, 5.519999999999996, 5.900000000000006, 5.840000000000003, 6.079999999999998, 6.1299999999999955, 6.510000000000005, 6.409999999999997, 6.819999999999993]
======== EPISODE 14 BEGINS ========

======== TRAINING ========
Training Epoch: 1/200	Train Loss: 0.5366	Val Accuracy: 0.0
Training Epoch: 2/200	Train Loss: 0.3289	Val Accuracy: 6.3
Training Epoch: 3/200	Train Loss: 0.1712	Val Accuracy: 6.3
Training Epoch: 4/200	Train Loss: 0.1283	Val Accuracy: 5.92
Training Epoch: 5/200	Train Loss: 0.1402	Val Accuracy: 5.92
Training Epoch: 6/200	Train Loss: 0.1163	Val Accuracy: 6.52
Training Epoch: 7/200	Train Loss: 0.1346	Val Accuracy: 6.52
Training Epoch: 8/200	Train Loss: 0.0133	Val Accuracy: 6.12
Training Epoch: 9/200	Train Loss: 0.1437	Val Accuracy: 6.12
Training Epoch: 10/200	Train Loss: 0.0202	Val Accuracy: 6.26
Training Epoch: 11/200	Train Loss: 0.1548	Val Accuracy: 6.26
Training Epoch: 12/200	Train Loss: 0.1345	Val Accuracy: 6.38
Training Epoch: 13/200	Train Loss: 0.0618	Val Accuracy: 6.38
Training Epoch: 14/200	Train Loss: 0.1558	Val Accuracy: 6.06
Training Epoch: 15/200	Train Loss: 0.0649	Val Accuracy: 6.06
Training Epoch: 16/200	Train Loss: 0.0248	Val Accuracy: 6.44
Training Epoch: 17/200	Train Loss: 0.0397	Val Accuracy: 6.44
Training Epoch: 18/200	Train Loss: 0.0547	Val Accuracy: 6.34
Training Epoch: 19/200	Train Loss: 0.1346	Val Accuracy: 6.34
Training Epoch: 20/200	Train Loss: 0.0096	Val Accuracy: 6.0
Training Epoch: 21/200	Train Loss: 0.0025	Val Accuracy: 6.0
Training Epoch: 22/200	Train Loss: 0.0247	Val Accuracy: 6.16
Training Epoch: 23/200	Train Loss: 0.0767	Val Accuracy: 6.16
Training Epoch: 24/200	Train Loss: 0.0173	Val Accuracy: 6.06
Training Epoch: 25/200	Train Loss: 0.1059	Val Accuracy: 6.06
Training Epoch: 26/200	Train Loss: 0.0239	Val Accuracy: 6.04
Training Epoch: 27/200	Train Loss: 0.0179	Val Accuracy: 6.04
Training Epoch: 28/200	Train Loss: 0.2114	Val Accuracy: 6.0
Training Epoch: 29/200	Train Loss: 0.1816	Val Accuracy: 6.0
Training Epoch: 30/200	Train Loss: 0.0128	Val Accuracy: 6.42
Training Epoch: 31/200	Train Loss: 0.0517	Val Accuracy: 6.42
Training Epoch: 32/200	Train Loss: 0.0424	Val Accuracy: 5.88
Training Epoch: 33/200	Train Loss: 0.0921	Val Accuracy: 5.88
Training Epoch: 34/200	Train Loss: 0.0031	Val Accuracy: 6.56
Training Epoch: 35/200	Train Loss: 0.0708	Val Accuracy: 6.56
Training Epoch: 36/200	Train Loss: 0.0053	Val Accuracy: 6.24
Training Epoch: 37/200	Train Loss: 0.0823	Val Accuracy: 6.24
Training Epoch: 38/200	Train Loss: 0.0201	Val Accuracy: 6.38
Training Epoch: 39/200	Train Loss: 0.0385	Val Accuracy: 6.38
Training Epoch: 40/200	Train Loss: 0.0045	Val Accuracy: 6.62
Training Epoch: 41/200	Train Loss: 0.0261	Val Accuracy: 6.62
Training Epoch: 42/200	Train Loss: 0.0127	Val Accuracy: 6.58
Training Epoch: 43/200	Train Loss: 0.0256	Val Accuracy: 6.58
Training Epoch: 44/200	Train Loss: 0.0032	Val Accuracy: 6.22
Training Epoch: 45/200	Train Loss: 0.0348	Val Accuracy: 6.22
Training Epoch: 46/200	Train Loss: 0.0258	Val Accuracy: 6.18
Training Epoch: 47/200	Train Loss: 0.0044	Val Accuracy: 6.18
Training Epoch: 48/200	Train Loss: 0.0077	Val Accuracy: 5.94
Training Epoch: 49/200	Train Loss: 0.0102	Val Accuracy: 5.94
Training Epoch: 50/200	Train Loss: 0.0097	Val Accuracy: 6.3
Training Epoch: 51/200	Train Loss: 0.0225	Val Accuracy: 6.3
Training Epoch: 52/200	Train Loss: 0.0145	Val Accuracy: 6.34
Training Epoch: 53/200	Train Loss: 0.01	Val Accuracy: 6.34
Training Epoch: 54/200	Train Loss: 0.003	Val Accuracy: 6.3
Training Epoch: 55/200	Train Loss: 0.0022	Val Accuracy: 6.3
Training Epoch: 56/200	Train Loss: 0.0133	Val Accuracy: 6.12
Training Epoch: 57/200	Train Loss: 0.0303	Val Accuracy: 6.12
Training Epoch: 58/200	Train Loss: 0.0166	Val Accuracy: 6.28
Training Epoch: 59/200	Train Loss: 0.0224	Val Accuracy: 6.28
Training Epoch: 60/200	Train Loss: 0.0014	Val Accuracy: 6.6
Training Epoch: 61/200	Train Loss: 0.0019	Val Accuracy: 6.6
Training Epoch: 62/200	Train Loss: 0.0079	Val Accuracy: 6.6
Training Epoch: 63/200	Train Loss: 0.0054	Val Accuracy: 6.6
Training Epoch: 64/200	Train Loss: 0.028	Val Accuracy: 6.68
Training Epoch: 65/200	Train Loss: 0.0015	Val Accuracy: 6.68
Training Epoch: 66/200	Train Loss: 0.0051	Val Accuracy: 6.18
Training Epoch: 67/200	Train Loss: 0.0838	Val Accuracy: 6.18
Training Epoch: 68/200	Train Loss: 0.0048	Val Accuracy: 6.24
Training Epoch: 69/200	Train Loss: 0.0524	Val Accuracy: 6.24
Training Epoch: 70/200	Train Loss: 0.0026	Val Accuracy: 6.42
Training Epoch: 71/200	Train Loss: 0.0433	Val Accuracy: 6.42
Training Epoch: 72/200	Train Loss: 0.0208	Val Accuracy: 6.14
Training Epoch: 73/200	Train Loss: 0.0039	Val Accuracy: 6.14
Training Epoch: 74/200	Train Loss: 0.0084	Val Accuracy: 6.54
Training Epoch: 75/200	Train Loss: 0.0024	Val Accuracy: 6.54
Training Epoch: 76/200	Train Loss: 0.0064	Val Accuracy: 6.46
Training Epoch: 77/200	Train Loss: 0.005	Val Accuracy: 6.46
Training Epoch: 78/200	Train Loss: 0.001	Val Accuracy: 6.52
Training Epoch: 79/200	Train Loss: 0.006	Val Accuracy: 6.52
Training Epoch: 80/200	Train Loss: 0.0339	Val Accuracy: 6.52
Training Epoch: 81/200	Train Loss: 0.0014	Val Accuracy: 6.52
Training Epoch: 82/200	Train Loss: 0.0116	Val Accuracy: 6.16
Training Epoch: 83/200	Train Loss: 0.0013	Val Accuracy: 6.16
Training Epoch: 84/200	Train Loss: 0.0017	Val Accuracy: 6.44
Training Epoch: 85/200	Train Loss: 0.0009	Val Accuracy: 6.44
Training Epoch: 86/200	Train Loss: 0.001	Val Accuracy: 6.66
Training Epoch: 87/200	Train Loss: 0.001	Val Accuracy: 6.66
Training Epoch: 88/200	Train Loss: 0.0003	Val Accuracy: 6.52
Training Epoch: 89/200	Train Loss: 0.0036	Val Accuracy: 6.52
Training Epoch: 90/200	Train Loss: 0.0009	Val Accuracy: 6.4
Training Epoch: 91/200	Train Loss: 0.0036	Val Accuracy: 6.4
Training Epoch: 92/200	Train Loss: 0.0079	Val Accuracy: 6.3
Training Epoch: 93/200	Train Loss: 0.0027	Val Accuracy: 6.3
Training Epoch: 94/200	Train Loss: 0.007	Val Accuracy: 6.4
Training Epoch: 95/200	Train Loss: 0.0006	Val Accuracy: 6.4
Training Epoch: 96/200	Train Loss: 0.0003	Val Accuracy: 6.28
Training Epoch: 97/200	Train Loss: 0.0013	Val Accuracy: 6.28
Training Epoch: 98/200	Train Loss: 0.0009	Val Accuracy: 6.24
Training Epoch: 99/200	Train Loss: 0.0018	Val Accuracy: 6.24
Training Epoch: 100/200	Train Loss: 0.0024	Val Accuracy: 6.22
Training Epoch: 101/200	Train Loss: 0.0012	Val Accuracy: 6.22
Training Epoch: 102/200	Train Loss: 0.0009	Val Accuracy: 6.28
Training Epoch: 103/200	Train Loss: 0.001	Val Accuracy: 6.28
Training Epoch: 104/200	Train Loss: 0.0011	Val Accuracy: 6.58
Training Epoch: 105/200	Train Loss: 0.0008	Val Accuracy: 6.58
Training Epoch: 106/200	Train Loss: 0.0015	Val Accuracy: 6.64
Training Epoch: 107/200	Train Loss: 0.0027	Val Accuracy: 6.64
Training Epoch: 108/200	Train Loss: 0.001	Val Accuracy: 6.46
Training Epoch: 109/200	Train Loss: 0.0003	Val Accuracy: 6.46
Training Epoch: 110/200	Train Loss: 0.0074	Val Accuracy: 6.66
Training Epoch: 111/200	Train Loss: 0.001	Val Accuracy: 6.66
Training Epoch: 112/200	Train Loss: 0.0351	Val Accuracy: 6.36
Training Epoch: 113/200	Train Loss: 0.0004	Val Accuracy: 6.36
Training Epoch: 114/200	Train Loss: 0.0004	Val Accuracy: 6.54
Training Epoch: 115/200	Train Loss: 0.0009	Val Accuracy: 6.54
Training Epoch: 116/200	Train Loss: 0.0009	Val Accuracy: 6.36
Training Epoch: 117/200	Train Loss: 0.001	Val Accuracy: 6.36
Training Epoch: 118/200	Train Loss: 0.0004	Val Accuracy: 6.28
Training Epoch: 119/200	Train Loss: 0.0004	Val Accuracy: 6.28
Training Epoch: 120/200	Train Loss: 0.0005	Val Accuracy: 6.3
Training Epoch: 121/200	Train Loss: 0.0006	Val Accuracy: 6.3
Training Epoch: 122/200	Train Loss: 0.0051	Val Accuracy: 6.26
Training Epoch: 123/200	Train Loss: 0.0012	Val Accuracy: 6.26
Training Epoch: 124/200	Train Loss: 0.0009	Val Accuracy: 6.64
Training Epoch: 125/200	Train Loss: 0.0002	Val Accuracy: 6.64
Training Epoch: 126/200	Train Loss: 0.0013	Val Accuracy: 6.6
Training Epoch: 127/200	Train Loss: 0.0004	Val Accuracy: 6.6
Training Epoch: 128/200	Train Loss: 0.0036	Val Accuracy: 6.4
Training Epoch: 129/200	Train Loss: 0.0019	Val Accuracy: 6.4
Training Epoch: 130/200	Train Loss: 0.0004	Val Accuracy: 6.42
Training Epoch: 131/200	Train Loss: 0.0002	Val Accuracy: 6.42
Training Epoch: 132/200	Train Loss: 0.0007	Val Accuracy: 6.66
Training Epoch: 133/200	Train Loss: 0.0018	Val Accuracy: 6.66
Training Epoch: 134/200	Train Loss: 0.0011	Val Accuracy: 6.24
Training Epoch: 135/200	Train Loss: 0.0006	Val Accuracy: 6.24
Training Epoch: 136/200	Train Loss: 0.0005	Val Accuracy: 6.7
Training Epoch: 137/200	Train Loss: 0.0041	Val Accuracy: 6.7
Training Epoch: 138/200	Train Loss: 0.0002	Val Accuracy: 6.14
Training Epoch: 139/200	Train Loss: 0.0007	Val Accuracy: 6.14
Training Epoch: 140/200	Train Loss: 0.001	Val Accuracy: 6.46
Training Epoch: 141/200	Train Loss: 0.0004	Val Accuracy: 6.46
Training Epoch: 142/200	Train Loss: 0.0011	Val Accuracy: 6.14
Training Epoch: 143/200	Train Loss: 0.0004	Val Accuracy: 6.14
Training Epoch: 144/200	Train Loss: 0.0003	Val Accuracy: 6.42
Training Epoch: 145/200	Train Loss: 0.0049	Val Accuracy: 6.42
Training Epoch: 146/200	Train Loss: 0.0002	Val Accuracy: 6.2
Training Epoch: 147/200	Train Loss: 0.0013	Val Accuracy: 6.2
Training Epoch: 148/200	Train Loss: 0.0013	Val Accuracy: 6.44
Training Epoch: 149/200	Train Loss: 0.0152	Val Accuracy: 6.44
Training Epoch: 150/200	Train Loss: 0.0004	Val Accuracy: 6.66
Training Epoch: 151/200	Train Loss: 0.0003	Val Accuracy: 6.66
Training Epoch: 152/200	Train Loss: 0.0004	Val Accuracy: 6.36
Training Epoch: 153/200	Train Loss: 0.0005	Val Accuracy: 6.36
Training Epoch: 154/200	Train Loss: 0.0008	Val Accuracy: 6.38
Training Epoch: 155/200	Train Loss: 0.0003	Val Accuracy: 6.38
Training Epoch: 156/200	Train Loss: 0.0005	Val Accuracy: 6.2
Training Epoch: 157/200	Train Loss: 0.0007	Val Accuracy: 6.2
Training Epoch: 158/200	Train Loss: 0.0005	Val Accuracy: 6.9
Training Epoch: 159/200	Train Loss: 0.0008	Val Accuracy: 6.9
Training Epoch: 160/200	Train Loss: 0.0011	Val Accuracy: 6.74
Training Epoch: 161/200	Train Loss: 0.0006	Val Accuracy: 6.74
Training Epoch: 162/200	Train Loss: 0.0003	Val Accuracy: 6.76
Training Epoch: 163/200	Train Loss: 0.0015	Val Accuracy: 6.76
Training Epoch: 164/200	Train Loss: 0.0002	Val Accuracy: 6.82
Training Epoch: 165/200	Train Loss: 0.0026	Val Accuracy: 6.82
Training Epoch: 166/200	Train Loss: 0.0014	Val Accuracy: 6.56
Training Epoch: 167/200	Train Loss: 0.0004	Val Accuracy: 6.56
Training Epoch: 168/200	Train Loss: 0.0012	Val Accuracy: 6.48
Training Epoch: 169/200	Train Loss: 0.0012	Val Accuracy: 6.48
Training Epoch: 170/200	Train Loss: 0.0013	Val Accuracy: 6.54
Training Epoch: 171/200	Train Loss: 0.0015	Val Accuracy: 6.54
Training Epoch: 172/200	Train Loss: 0.0009	Val Accuracy: 6.44
Training Epoch: 173/200	Train Loss: 0.0016	Val Accuracy: 6.44
Training Epoch: 174/200	Train Loss: 0.0001	Val Accuracy: 6.44
Training Epoch: 175/200	Train Loss: 0.005	Val Accuracy: 6.44
Training Epoch: 176/200	Train Loss: 0.0004	Val Accuracy: 6.44
Training Epoch: 177/200	Train Loss: 0.0005	Val Accuracy: 6.44
Training Epoch: 178/200	Train Loss: 0.0004	Val Accuracy: 6.36
Training Epoch: 179/200	Train Loss: 0.001	Val Accuracy: 6.36
Training Epoch: 180/200	Train Loss: 0.0022	Val Accuracy: 6.54
Training Epoch: 181/200	Train Loss: 0.0007	Val Accuracy: 6.54
Training Epoch: 182/200	Train Loss: 0.0003	Val Accuracy: 6.24
Training Epoch: 183/200	Train Loss: 0.0005	Val Accuracy: 6.24
Training Epoch: 184/200	Train Loss: 0.0153	Val Accuracy: 6.74
Training Epoch: 185/200	Train Loss: 0.0004	Val Accuracy: 6.74
Training Epoch: 186/200	Train Loss: 0.0003	Val Accuracy: 6.5
Training Epoch: 187/200	Train Loss: 0.0005	Val Accuracy: 6.5
Training Epoch: 188/200	Train Loss: 0.0007	Val Accuracy: 6.58
Training Epoch: 189/200	Train Loss: 0.0003	Val Accuracy: 6.58
Training Epoch: 190/200	Train Loss: 0.0005	Val Accuracy: 6.38
Training Epoch: 191/200	Train Loss: 0.0002	Val Accuracy: 6.38
Training Epoch: 192/200	Train Loss: 0.0005	Val Accuracy: 6.52
Training Epoch: 193/200	Train Loss: 0.0005	Val Accuracy: 6.52
Training Epoch: 194/200	Train Loss: 0.0006	Val Accuracy: 6.48
Training Epoch: 195/200	Train Loss: 0.001	Val Accuracy: 6.48
Training Epoch: 196/200	Train Loss: 0.0004	Val Accuracy: 6.6
Training Epoch: 197/200	Train Loss: 0.016	Val Accuracy: 6.6
Training Epoch: 198/200	Train Loss: 0.0007	Val Accuracy: 6.22
Training Epoch: 199/200	Train Loss: 0.0004	Val Accuracy: 6.22
Training Epoch: 200/200	Train Loss: 0.0004	Val Accuracy: 6.48

Wrote Best Model Checkpoint to: vlBest_acc_6_model_epoch_0158.pyth

Best Validation Accuracy: 6.9
Best Epoch: 158

======== TESTING ========

Test Accuracy: 7.04.

======== ACTIVE SAMPLING ========

len(uSetLoader): 443
u_ranks.shape: (44250,)
Active Sampling Complete. After Episode 14:
New Labeled Set: 800, New Unlabeled Set: 44200, Active Set: 50

================================


Current accuracy values:  [3.1200000000000045, 3.5999999999999943, 4.030000000000001, 4.489999999999995, 5.1200000000000045, 5.269999999999996, 5.519999999999996, 5.900000000000006, 5.840000000000003, 6.079999999999998, 6.1299999999999955, 6.510000000000005, 6.409999999999997, 6.819999999999993, 7.040000000000006]
======== EPISODE 15 BEGINS ========

======== TRAINING ========
Training Epoch: 1/200	Train Loss: 0.3144	Val Accuracy: 0.0
Training Epoch: 2/200	Train Loss: 0.2081	Val Accuracy: 5.98
Training Epoch: 3/200	Train Loss: 0.2568	Val Accuracy: 5.98
Training Epoch: 4/200	Train Loss: 0.2004	Val Accuracy: 6.44
Training Epoch: 5/200	Train Loss: 0.0356	Val Accuracy: 6.44
Training Epoch: 6/200	Train Loss: 0.0929	Val Accuracy: 6.32
Training Epoch: 7/200	Train Loss: 0.0911	Val Accuracy: 6.32
Training Epoch: 8/200	Train Loss: 0.1226	Val Accuracy: 5.66
Training Epoch: 9/200	Train Loss: 0.0125	Val Accuracy: 5.66
Training Epoch: 10/200	Train Loss: 0.1023	Val Accuracy: 6.4
Training Epoch: 11/200	Train Loss: 0.0646	Val Accuracy: 6.4
Training Epoch: 12/200	Train Loss: 0.0386	Val Accuracy: 6.8
Training Epoch: 13/200	Train Loss: 0.0064	Val Accuracy: 6.8
Training Epoch: 14/200	Train Loss: 0.0314	Val Accuracy: 7.12
Training Epoch: 15/200	Train Loss: 0.036	Val Accuracy: 7.12
Training Epoch: 16/200	Train Loss: 0.0445	Val Accuracy: 6.56
Training Epoch: 17/200	Train Loss: 0.0042	Val Accuracy: 6.56
Training Epoch: 18/200	Train Loss: 0.2061	Val Accuracy: 7.06
Training Epoch: 19/200	Train Loss: 0.0112	Val Accuracy: 7.06
Training Epoch: 20/200	Train Loss: 0.0106	Val Accuracy: 6.14
Training Epoch: 21/200	Train Loss: 0.0409	Val Accuracy: 6.14
Training Epoch: 22/200	Train Loss: 0.0528	Val Accuracy: 6.86
Training Epoch: 23/200	Train Loss: 0.0227	Val Accuracy: 6.86
Training Epoch: 24/200	Train Loss: 0.0181	Val Accuracy: 6.14
Training Epoch: 25/200	Train Loss: 0.0485	Val Accuracy: 6.14
Training Epoch: 26/200	Train Loss: 0.0193	Val Accuracy: 6.64
Training Epoch: 27/200	Train Loss: 0.0165	Val Accuracy: 6.64
Training Epoch: 28/200	Train Loss: 0.0117	Val Accuracy: 6.62
Training Epoch: 29/200	Train Loss: 0.0264	Val Accuracy: 6.62
Training Epoch: 30/200	Train Loss: 0.0227	Val Accuracy: 6.66
Training Epoch: 31/200	Train Loss: 0.004	Val Accuracy: 6.66
Training Epoch: 32/200	Train Loss: 0.0028	Val Accuracy: 6.92
Training Epoch: 33/200	Train Loss: 0.0009	Val Accuracy: 6.92
Training Epoch: 34/200	Train Loss: 0.0034	Val Accuracy: 6.86
Training Epoch: 35/200	Train Loss: 0.0033	Val Accuracy: 6.86
Training Epoch: 36/200	Train Loss: 0.0212	Val Accuracy: 6.66
Training Epoch: 37/200	Train Loss: 0.001	Val Accuracy: 6.66
Training Epoch: 38/200	Train Loss: 0.0039	Val Accuracy: 6.5
Training Epoch: 39/200	Train Loss: 0.0041	Val Accuracy: 6.5
Training Epoch: 40/200	Train Loss: 0.0267	Val Accuracy: 6.52
Training Epoch: 41/200	Train Loss: 0.0333	Val Accuracy: 6.52
Training Epoch: 42/200	Train Loss: 0.0292	Val Accuracy: 6.84
Training Epoch: 43/200	Train Loss: 0.0252	Val Accuracy: 6.84
Training Epoch: 44/200	Train Loss: 0.0178	Val Accuracy: 6.5
Training Epoch: 45/200	Train Loss: 0.0096	Val Accuracy: 6.5
Training Epoch: 46/200	Train Loss: 0.001	Val Accuracy: 6.42
Training Epoch: 47/200	Train Loss: 0.0033	Val Accuracy: 6.42
Training Epoch: 48/200	Train Loss: 0.0204	Val Accuracy: 6.54
Training Epoch: 49/200	Train Loss: 0.015	Val Accuracy: 6.54
Training Epoch: 50/200	Train Loss: 0.0078	Val Accuracy: 6.52
Training Epoch: 51/200	Train Loss: 0.0136	Val Accuracy: 6.52
Training Epoch: 52/200	Train Loss: 0.0266	Val Accuracy: 6.0
Training Epoch: 53/200	Train Loss: 0.0284	Val Accuracy: 6.0
Training Epoch: 54/200	Train Loss: 0.0032	Val Accuracy: 6.52
Training Epoch: 55/200	Train Loss: 0.0623	Val Accuracy: 6.52
Training Epoch: 56/200	Train Loss: 0.0228	Val Accuracy: 6.66
Training Epoch: 57/200	Train Loss: 0.0029	Val Accuracy: 6.66
Training Epoch: 58/200	Train Loss: 0.0032	Val Accuracy: 6.62
Training Epoch: 59/200	Train Loss: 0.0487	Val Accuracy: 6.62
Training Epoch: 60/200	Train Loss: 0.0056	Val Accuracy: 6.42
Training Epoch: 61/200	Train Loss: 0.0047	Val Accuracy: 6.42
Training Epoch: 62/200	Train Loss: 0.0024	Val Accuracy: 7.08
Training Epoch: 63/200	Train Loss: 0.0047	Val Accuracy: 7.08
Training Epoch: 64/200	Train Loss: 0.003	Val Accuracy: 6.94
Training Epoch: 65/200	Train Loss: 0.0078	Val Accuracy: 6.94
Training Epoch: 66/200	Train Loss: 0.0019	Val Accuracy: 6.26
Training Epoch: 67/200	Train Loss: 0.002	Val Accuracy: 6.26
Training Epoch: 68/200	Train Loss: 0.0156	Val Accuracy: 6.94
Training Epoch: 69/200	Train Loss: 0.0006	Val Accuracy: 6.94
Training Epoch: 70/200	Train Loss: 0.0012	Val Accuracy: 6.68
Training Epoch: 71/200	Train Loss: 0.0015	Val Accuracy: 6.68
Training Epoch: 72/200	Train Loss: 0.0043	Val Accuracy: 6.48
Training Epoch: 73/200	Train Loss: 0.006	Val Accuracy: 6.48
Training Epoch: 74/200	Train Loss: 0.0011	Val Accuracy: 7.02
Training Epoch: 75/200	Train Loss: 0.0104	Val Accuracy: 7.02
Training Epoch: 76/200	Train Loss: 0.0034	Val Accuracy: 6.6
Training Epoch: 77/200	Train Loss: 0.0045	Val Accuracy: 6.6
Training Epoch: 78/200	Train Loss: 0.0023	Val Accuracy: 6.76
Training Epoch: 79/200	Train Loss: 0.0014	Val Accuracy: 6.76
Training Epoch: 80/200	Train Loss: 0.0019	Val Accuracy: 6.92
Training Epoch: 81/200	Train Loss: 0.0739	Val Accuracy: 6.92
Training Epoch: 82/200	Train Loss: 0.0031	Val Accuracy: 7.18
Training Epoch: 83/200	Train Loss: 0.0035	Val Accuracy: 7.18
Training Epoch: 84/200	Train Loss: 0.0008	Val Accuracy: 6.42
Training Epoch: 85/200	Train Loss: 0.001	Val Accuracy: 6.42
Training Epoch: 86/200	Train Loss: 0.0011	Val Accuracy: 7.18
Training Epoch: 87/200	Train Loss: 0.0006	Val Accuracy: 7.18
Training Epoch: 88/200	Train Loss: 0.0018	Val Accuracy: 6.8
Training Epoch: 89/200	Train Loss: 0.0022	Val Accuracy: 6.8
Training Epoch: 90/200	Train Loss: 0.0025	Val Accuracy: 6.48
Training Epoch: 91/200	Train Loss: 0.0005	Val Accuracy: 6.48
Training Epoch: 92/200	Train Loss: 0.0009	Val Accuracy: 6.5
Training Epoch: 93/200	Train Loss: 0.0007	Val Accuracy: 6.5
Training Epoch: 94/200	Train Loss: 0.0017	Val Accuracy: 7.08
Training Epoch: 95/200	Train Loss: 0.0014	Val Accuracy: 7.08
Training Epoch: 96/200	Train Loss: 0.0019	Val Accuracy: 6.88
Training Epoch: 97/200	Train Loss: 0.001	Val Accuracy: 6.88
Training Epoch: 98/200	Train Loss: 0.0007	Val Accuracy: 6.92
Training Epoch: 99/200	Train Loss: 0.0031	Val Accuracy: 6.92
Training Epoch: 100/200	Train Loss: 0.0004	Val Accuracy: 6.9
Training Epoch: 101/200	Train Loss: 0.0003	Val Accuracy: 6.9
Training Epoch: 102/200	Train Loss: 0.007	Val Accuracy: 7.28
Training Epoch: 103/200	Train Loss: 0.0038	Val Accuracy: 7.28
Training Epoch: 104/200	Train Loss: 0.0015	Val Accuracy: 7.14
Training Epoch: 105/200	Train Loss: 0.0007	Val Accuracy: 7.14
Training Epoch: 106/200	Train Loss: 0.0004	Val Accuracy: 6.74
Training Epoch: 107/200	Train Loss: 0.0008	Val Accuracy: 6.74
Training Epoch: 108/200	Train Loss: 0.0044	Val Accuracy: 7.0
Training Epoch: 109/200	Train Loss: 0.0013	Val Accuracy: 7.0
Training Epoch: 110/200	Train Loss: 0.0013	Val Accuracy: 6.72
Training Epoch: 111/200	Train Loss: 0.0004	Val Accuracy: 6.72
Training Epoch: 112/200	Train Loss: 0.0008	Val Accuracy: 6.82
Training Epoch: 113/200	Train Loss: 0.0018	Val Accuracy: 6.82
Training Epoch: 114/200	Train Loss: 0.0006	Val Accuracy: 7.02
Training Epoch: 115/200	Train Loss: 0.002	Val Accuracy: 7.02
Training Epoch: 116/200	Train Loss: 0.0003	Val Accuracy: 7.36
Training Epoch: 117/200	Train Loss: 0.0003	Val Accuracy: 7.36
Training Epoch: 118/200	Train Loss: 0.0007	Val Accuracy: 6.9
Training Epoch: 119/200	Train Loss: 0.0007	Val Accuracy: 6.9
Training Epoch: 120/200	Train Loss: 0.0003	Val Accuracy: 7.1
Training Epoch: 121/200	Train Loss: 0.0011	Val Accuracy: 7.1
Training Epoch: 122/200	Train Loss: 0.0013	Val Accuracy: 7.04
Training Epoch: 123/200	Train Loss: 0.0004	Val Accuracy: 7.04
Training Epoch: 124/200	Train Loss: 0.0009	Val Accuracy: 6.66
Training Epoch: 125/200	Train Loss: 0.0005	Val Accuracy: 6.66
Training Epoch: 126/200	Train Loss: 0.0002	Val Accuracy: 7.04
Training Epoch: 127/200	Train Loss: 0.0007	Val Accuracy: 7.04
Training Epoch: 128/200	Train Loss: 0.0005	Val Accuracy: 7.34
Training Epoch: 129/200	Train Loss: 0.0011	Val Accuracy: 7.34
Training Epoch: 130/200	Train Loss: 0.0011	Val Accuracy: 7.34
Training Epoch: 131/200	Train Loss: 0.0009	Val Accuracy: 7.34
Training Epoch: 132/200	Train Loss: 0.0011	Val Accuracy: 6.7
Training Epoch: 133/200	Train Loss: 0.0003	Val Accuracy: 6.7
Training Epoch: 134/200	Train Loss: 0.0008	Val Accuracy: 6.9
Training Epoch: 135/200	Train Loss: 0.0008	Val Accuracy: 6.9
Training Epoch: 136/200	Train Loss: 0.0005	Val Accuracy: 7.08
Training Epoch: 137/200	Train Loss: 0.0008	Val Accuracy: 7.08
Training Epoch: 138/200	Train Loss: 0.0002	Val Accuracy: 7.2
Training Epoch: 139/200	Train Loss: 0.0012	Val Accuracy: 7.2
Training Epoch: 140/200	Train Loss: 0.0004	Val Accuracy: 7.1
Training Epoch: 141/200	Train Loss: 0.0008	Val Accuracy: 7.1
Training Epoch: 142/200	Train Loss: 0.0075	Val Accuracy: 7.24
Training Epoch: 143/200	Train Loss: 0.003	Val Accuracy: 7.24
Training Epoch: 144/200	Train Loss: 0.01	Val Accuracy: 6.96
Training Epoch: 145/200	Train Loss: 0.0006	Val Accuracy: 6.96
Training Epoch: 146/200	Train Loss: 0.0007	Val Accuracy: 6.9
Training Epoch: 147/200	Train Loss: 0.0005	Val Accuracy: 6.9
Training Epoch: 148/200	Train Loss: 0.0004	Val Accuracy: 6.48
Training Epoch: 149/200	Train Loss: 0.0019	Val Accuracy: 6.48
Training Epoch: 150/200	Train Loss: 0.0005	Val Accuracy: 6.5
Training Epoch: 151/200	Train Loss: 0.0278	Val Accuracy: 6.5
Training Epoch: 152/200	Train Loss: 0.0006	Val Accuracy: 6.74
Training Epoch: 153/200	Train Loss: 0.0008	Val Accuracy: 6.74
Training Epoch: 154/200	Train Loss: 0.0007	Val Accuracy: 6.82
Training Epoch: 155/200	Train Loss: 0.0003	Val Accuracy: 6.82
Training Epoch: 156/200	Train Loss: 0.0005	Val Accuracy: 7.18
Training Epoch: 157/200	Train Loss: 0.0006	Val Accuracy: 7.18
Training Epoch: 158/200	Train Loss: 0.0012	Val Accuracy: 7.2
Training Epoch: 159/200	Train Loss: 0.0006	Val Accuracy: 7.2
Training Epoch: 160/200	Train Loss: 0.0004	Val Accuracy: 6.9
Training Epoch: 161/200	Train Loss: 0.0024	Val Accuracy: 6.9
Training Epoch: 162/200	Train Loss: 0.0003	Val Accuracy: 6.84
Training Epoch: 163/200	Train Loss: 0.0001	Val Accuracy: 6.84
Training Epoch: 164/200	Train Loss: 0.0026	Val Accuracy: 6.98
Training Epoch: 165/200	Train Loss: 0.0003	Val Accuracy: 6.98
Training Epoch: 166/200	Train Loss: 0.0006	Val Accuracy: 6.54
Training Epoch: 167/200	Train Loss: 0.0002	Val Accuracy: 6.54
Training Epoch: 168/200	Train Loss: 0.0003	Val Accuracy: 6.62
Training Epoch: 169/200	Train Loss: 0.0004	Val Accuracy: 6.62
Training Epoch: 170/200	Train Loss: 0.0012	Val Accuracy: 6.84
Training Epoch: 171/200	Train Loss: 0.0003	Val Accuracy: 6.84
Training Epoch: 172/200	Train Loss: 0.0005	Val Accuracy: 6.94
Training Epoch: 173/200	Train Loss: 0.0007	Val Accuracy: 6.94
Training Epoch: 174/200	Train Loss: 0.0005	Val Accuracy: 6.94
Training Epoch: 175/200	Train Loss: 0.0003	Val Accuracy: 6.94
Training Epoch: 176/200	Train Loss: 0.0005	Val Accuracy: 6.96
Training Epoch: 177/200	Train Loss: 0.0003	Val Accuracy: 6.96
Training Epoch: 178/200	Train Loss: 0.0006	Val Accuracy: 6.98
Training Epoch: 179/200	Train Loss: 0.0011	Val Accuracy: 6.98
Training Epoch: 180/200	Train Loss: 0.0011	Val Accuracy: 7.02
Training Epoch: 181/200	Train Loss: 0.0004	Val Accuracy: 7.02
Training Epoch: 182/200	Train Loss: 0.0004	Val Accuracy: 6.94
Training Epoch: 183/200	Train Loss: 0.001	Val Accuracy: 6.94
Training Epoch: 184/200	Train Loss: 0.0007	Val Accuracy: 6.9
Training Epoch: 185/200	Train Loss: 0.0005	Val Accuracy: 6.9
Training Epoch: 186/200	Train Loss: 0.0005	Val Accuracy: 6.92
Training Epoch: 187/200	Train Loss: 0.0009	Val Accuracy: 6.92
Training Epoch: 188/200	Train Loss: 0.0002	Val Accuracy: 6.8
Training Epoch: 189/200	Train Loss: 0.0005	Val Accuracy: 6.8
Training Epoch: 190/200	Train Loss: 0.0004	Val Accuracy: 6.94
Training Epoch: 191/200	Train Loss: 0.0004	Val Accuracy: 6.94
Training Epoch: 192/200	Train Loss: 0.0006	Val Accuracy: 7.04
Training Epoch: 193/200	Train Loss: 0.0017	Val Accuracy: 7.04
Training Epoch: 194/200	Train Loss: 0.0102	Val Accuracy: 6.7
Training Epoch: 195/200	Train Loss: 0.0005	Val Accuracy: 6.7
Training Epoch: 196/200	Train Loss: 0.0003	Val Accuracy: 7.22
Training Epoch: 197/200	Train Loss: 0.0021	Val Accuracy: 7.22
Training Epoch: 198/200	Train Loss: 0.0011	Val Accuracy: 6.84
Training Epoch: 199/200	Train Loss: 0.0004	Val Accuracy: 6.84
Training Epoch: 200/200	Train Loss: 0.0019	Val Accuracy: 6.98

Wrote Best Model Checkpoint to: vlBest_acc_7_model_epoch_0116.pyth

Best Validation Accuracy: 7.36
Best Epoch: 116

======== TESTING ========

Test Accuracy: 7.57.

======== ACTIVE SAMPLING ========

len(uSetLoader): 442
u_ranks.shape: (44200,)
Active Sampling Complete. After Episode 15:
New Labeled Set: 850, New Unlabeled Set: 44150, Active Set: 50

================================


Current accuracy values:  [3.1200000000000045, 3.5999999999999943, 4.030000000000001, 4.489999999999995, 5.1200000000000045, 5.269999999999996, 5.519999999999996, 5.900000000000006, 5.840000000000003, 6.079999999999998, 6.1299999999999955, 6.510000000000005, 6.409999999999997, 6.819999999999993, 7.040000000000006, 7.569999999999993]
======== EPISODE 16 BEGINS ========

======== TRAINING ========
Training Epoch: 1/200	Train Loss: 0.6885	Val Accuracy: 0.0
Training Epoch: 2/200	Train Loss: 0.1044	Val Accuracy: 6.26
Training Epoch: 3/200	Train Loss: 0.0384	Val Accuracy: 6.26
Training Epoch: 4/200	Train Loss: 0.0465	Val Accuracy: 6.18
Training Epoch: 5/200	Train Loss: 0.1025	Val Accuracy: 6.18
Training Epoch: 6/200	Train Loss: 0.0209	Val Accuracy: 6.3
Training Epoch: 7/200	Train Loss: 0.1793	Val Accuracy: 6.3
Training Epoch: 8/200	Train Loss: 0.04	Val Accuracy: 6.94
Training Epoch: 9/200	Train Loss: 0.0841	Val Accuracy: 6.94
Training Epoch: 10/200	Train Loss: 0.3191	Val Accuracy: 6.36
Training Epoch: 11/200	Train Loss: 0.0147	Val Accuracy: 6.36
Training Epoch: 12/200	Train Loss: 0.0996	Val Accuracy: 6.38
Training Epoch: 13/200	Train Loss: 0.0769	Val Accuracy: 6.38
Training Epoch: 14/200	Train Loss: 0.0955	Val Accuracy: 6.92
Training Epoch: 15/200	Train Loss: 0.0892	Val Accuracy: 6.92
Training Epoch: 16/200	Train Loss: 0.0369	Val Accuracy: 6.18
Training Epoch: 17/200	Train Loss: 0.1306	Val Accuracy: 6.18
Training Epoch: 18/200	Train Loss: 0.064	Val Accuracy: 6.68
Training Epoch: 19/200	Train Loss: 0.1166	Val Accuracy: 6.68
Training Epoch: 20/200	Train Loss: 0.0382	Val Accuracy: 5.82
Training Epoch: 21/200	Train Loss: 0.1144	Val Accuracy: 5.82
Training Epoch: 22/200	Train Loss: 0.0921	Val Accuracy: 6.24
Training Epoch: 23/200	Train Loss: 0.0345	Val Accuracy: 6.24
Training Epoch: 24/200	Train Loss: 0.0305	Val Accuracy: 6.26
Training Epoch: 25/200	Train Loss: 0.0943	Val Accuracy: 6.26
Training Epoch: 26/200	Train Loss: 0.0124	Val Accuracy: 6.32
Training Epoch: 27/200	Train Loss: 0.0356	Val Accuracy: 6.32
Training Epoch: 28/200	Train Loss: 0.0069	Val Accuracy: 7.04
Training Epoch: 29/200	Train Loss: 0.0143	Val Accuracy: 7.04
Training Epoch: 30/200	Train Loss: 0.0144	Val Accuracy: 6.6
Training Epoch: 31/200	Train Loss: 0.0504	Val Accuracy: 6.6
Training Epoch: 32/200	Train Loss: 0.0394	Val Accuracy: 6.36
Training Epoch: 33/200	Train Loss: 0.0114	Val Accuracy: 6.36
Training Epoch: 34/200	Train Loss: 0.0435	Val Accuracy: 6.54
Training Epoch: 35/200	Train Loss: 0.1345	Val Accuracy: 6.54
Training Epoch: 36/200	Train Loss: 0.0303	Val Accuracy: 6.18
Training Epoch: 37/200	Train Loss: 0.0702	Val Accuracy: 6.18
Training Epoch: 38/200	Train Loss: 0.0079	Val Accuracy: 6.48
Training Epoch: 39/200	Train Loss: 0.0204	Val Accuracy: 6.48
Training Epoch: 40/200	Train Loss: 0.013	Val Accuracy: 6.34
Training Epoch: 41/200	Train Loss: 0.0091	Val Accuracy: 6.34
Training Epoch: 42/200	Train Loss: 0.0059	Val Accuracy: 6.58
Training Epoch: 43/200	Train Loss: 0.0401	Val Accuracy: 6.58
Training Epoch: 44/200	Train Loss: 0.0039	Val Accuracy: 6.74
Training Epoch: 45/200	Train Loss: 0.0132	Val Accuracy: 6.74
Training Epoch: 46/200	Train Loss: 0.0036	Val Accuracy: 6.9
Training Epoch: 47/200	Train Loss: 0.0084	Val Accuracy: 6.9
Training Epoch: 48/200	Train Loss: 0.0009	Val Accuracy: 7.0
Training Epoch: 49/200	Train Loss: 0.0134	Val Accuracy: 7.0
Training Epoch: 50/200	Train Loss: 0.0033	Val Accuracy: 6.98
Training Epoch: 51/200	Train Loss: 0.0077	Val Accuracy: 6.98
Training Epoch: 52/200	Train Loss: 0.0094	Val Accuracy: 6.86
Training Epoch: 53/200	Train Loss: 0.0042	Val Accuracy: 6.86
Training Epoch: 54/200	Train Loss: 0.0027	Val Accuracy: 6.88
Training Epoch: 55/200	Train Loss: 0.0017	Val Accuracy: 6.88
Training Epoch: 56/200	Train Loss: 0.0042	Val Accuracy: 6.82
Training Epoch: 57/200	Train Loss: 0.0012	Val Accuracy: 6.82
Training Epoch: 58/200	Train Loss: 0.0086	Val Accuracy: 6.96
Training Epoch: 59/200	Train Loss: 0.0031	Val Accuracy: 6.96
Training Epoch: 60/200	Train Loss: 0.0029	Val Accuracy: 6.92
Training Epoch: 61/200	Train Loss: 0.0017	Val Accuracy: 6.92
Training Epoch: 62/200	Train Loss: 0.0007	Val Accuracy: 6.84
Training Epoch: 63/200	Train Loss: 0.0066	Val Accuracy: 6.84
Training Epoch: 64/200	Train Loss: 0.0011	Val Accuracy: 6.62
Training Epoch: 65/200	Train Loss: 0.0159	Val Accuracy: 6.62
Training Epoch: 66/200	Train Loss: 0.0024	Val Accuracy: 6.66
Training Epoch: 67/200	Train Loss: 0.0027	Val Accuracy: 6.66
Training Epoch: 68/200	Train Loss: 0.0025	Val Accuracy: 6.54
Training Epoch: 69/200	Train Loss: 0.004	Val Accuracy: 6.54
Training Epoch: 70/200	Train Loss: 0.0008	Val Accuracy: 6.84
Training Epoch: 71/200	Train Loss: 0.0014	Val Accuracy: 6.84
Training Epoch: 72/200	Train Loss: 0.001	Val Accuracy: 7.04
Training Epoch: 73/200	Train Loss: 0.0039	Val Accuracy: 7.04
Training Epoch: 74/200	Train Loss: 0.0022	Val Accuracy: 6.9
Training Epoch: 75/200	Train Loss: 0.0007	Val Accuracy: 6.9
Training Epoch: 76/200	Train Loss: 0.0012	Val Accuracy: 7.26
Training Epoch: 77/200	Train Loss: 0.0043	Val Accuracy: 7.26
Training Epoch: 78/200	Train Loss: 0.0008	Val Accuracy: 6.9
Training Epoch: 79/200	Train Loss: 0.0004	Val Accuracy: 6.9
Training Epoch: 80/200	Train Loss: 0.0069	Val Accuracy: 6.84
Training Epoch: 81/200	Train Loss: 0.0049	Val Accuracy: 6.84
Training Epoch: 82/200	Train Loss: 0.0007	Val Accuracy: 6.9
Training Epoch: 83/200	Train Loss: 0.0023	Val Accuracy: 6.9
Training Epoch: 84/200	Train Loss: 0.0009	Val Accuracy: 7.14
Training Epoch: 85/200	Train Loss: 0.0009	Val Accuracy: 7.14
Training Epoch: 86/200	Train Loss: 0.0018	Val Accuracy: 6.86
Training Epoch: 87/200	Train Loss: 0.0006	Val Accuracy: 6.86
Training Epoch: 88/200	Train Loss: 0.0008	Val Accuracy: 6.94
Training Epoch: 89/200	Train Loss: 0.0008	Val Accuracy: 6.94
Training Epoch: 90/200	Train Loss: 0.0013	Val Accuracy: 6.68
Training Epoch: 91/200	Train Loss: 0.0005	Val Accuracy: 6.68
Training Epoch: 92/200	Train Loss: 0.0034	Val Accuracy: 7.28
Training Epoch: 93/200	Train Loss: 0.0008	Val Accuracy: 7.28
Training Epoch: 94/200	Train Loss: 0.002	Val Accuracy: 6.84
Training Epoch: 95/200	Train Loss: 0.0022	Val Accuracy: 6.84
Training Epoch: 96/200	Train Loss: 0.0009	Val Accuracy: 7.34
Training Epoch: 97/200	Train Loss: 0.0007	Val Accuracy: 7.34
Training Epoch: 98/200	Train Loss: 0.0006	Val Accuracy: 6.96
Training Epoch: 99/200	Train Loss: 0.0003	Val Accuracy: 6.96
Training Epoch: 100/200	Train Loss: 0.0022	Val Accuracy: 6.76
Training Epoch: 101/200	Train Loss: 0.0004	Val Accuracy: 6.76
Training Epoch: 102/200	Train Loss: 0.0012	Val Accuracy: 6.92
Training Epoch: 103/200	Train Loss: 0.0029	Val Accuracy: 6.92
Training Epoch: 104/200	Train Loss: 0.0014	Val Accuracy: 6.88
Training Epoch: 105/200	Train Loss: 0.002	Val Accuracy: 6.88
Training Epoch: 106/200	Train Loss: 0.0004	Val Accuracy: 6.88
Training Epoch: 107/200	Train Loss: 0.0009	Val Accuracy: 6.88
Training Epoch: 108/200	Train Loss: 0.0009	Val Accuracy: 7.12
Training Epoch: 109/200	Train Loss: 0.0004	Val Accuracy: 7.12
Training Epoch: 110/200	Train Loss: 0.0007	Val Accuracy: 6.74
Training Epoch: 111/200	Train Loss: 0.0009	Val Accuracy: 6.74
Training Epoch: 112/200	Train Loss: 0.0063	Val Accuracy: 6.74
Training Epoch: 113/200	Train Loss: 0.001	Val Accuracy: 6.74
Training Epoch: 114/200	Train Loss: 0.0004	Val Accuracy: 6.7
Training Epoch: 115/200	Train Loss: 0.0013	Val Accuracy: 6.7
Training Epoch: 116/200	Train Loss: 0.0012	Val Accuracy: 7.02
Training Epoch: 117/200	Train Loss: 0.0017	Val Accuracy: 7.02
Training Epoch: 118/200	Train Loss: 0.0004	Val Accuracy: 7.1
Training Epoch: 119/200	Train Loss: 0.0003	Val Accuracy: 7.1
Training Epoch: 120/200	Train Loss: 0.0009	Val Accuracy: 7.06
Training Epoch: 121/200	Train Loss: 0.0018	Val Accuracy: 7.06
Training Epoch: 122/200	Train Loss: 0.0005	Val Accuracy: 7.16
Training Epoch: 123/200	Train Loss: 0.0005	Val Accuracy: 7.16
Training Epoch: 124/200	Train Loss: 0.0006	Val Accuracy: 6.96
Training Epoch: 125/200	Train Loss: 0.0007	Val Accuracy: 6.96
Training Epoch: 126/200	Train Loss: 0.0014	Val Accuracy: 6.7
Training Epoch: 127/200	Train Loss: 0.0013	Val Accuracy: 6.7
Training Epoch: 128/200	Train Loss: 0.0006	Val Accuracy: 7.12
Training Epoch: 129/200	Train Loss: 0.0013	Val Accuracy: 7.12
Training Epoch: 130/200	Train Loss: 0.0008	Val Accuracy: 7.2
Training Epoch: 131/200	Train Loss: 0.0006	Val Accuracy: 7.2
Training Epoch: 132/200	Train Loss: 0.0009	Val Accuracy: 6.84
Training Epoch: 133/200	Train Loss: 0.0001	Val Accuracy: 6.84
Training Epoch: 134/200	Train Loss: 0.0003	Val Accuracy: 7.32
Training Epoch: 135/200	Train Loss: 0.0004	Val Accuracy: 7.32
Training Epoch: 136/200	Train Loss: 0.0008	Val Accuracy: 7.08
Training Epoch: 137/200	Train Loss: 0.0018	Val Accuracy: 7.08
Training Epoch: 138/200	Train Loss: 0.0006	Val Accuracy: 6.92
Training Epoch: 139/200	Train Loss: 0.0008	Val Accuracy: 6.92
Training Epoch: 140/200	Train Loss: 0.0003	Val Accuracy: 7.5
Training Epoch: 141/200	Train Loss: 0.002	Val Accuracy: 7.5
Training Epoch: 142/200	Train Loss: 0.0004	Val Accuracy: 6.94
Training Epoch: 143/200	Train Loss: 0.0005	Val Accuracy: 6.94
Training Epoch: 144/200	Train Loss: 0.0025	Val Accuracy: 7.18
Training Epoch: 145/200	Train Loss: 0.0022	Val Accuracy: 7.18
Training Epoch: 146/200	Train Loss: 0.0005	Val Accuracy: 6.76
Training Epoch: 147/200	Train Loss: 0.0006	Val Accuracy: 6.76
Training Epoch: 148/200	Train Loss: 0.0004	Val Accuracy: 7.24
Training Epoch: 149/200	Train Loss: 0.0012	Val Accuracy: 7.24
Training Epoch: 150/200	Train Loss: 0.0003	Val Accuracy: 6.98
Training Epoch: 151/200	Train Loss: 0.0003	Val Accuracy: 6.98
Training Epoch: 152/200	Train Loss: 0.0005	Val Accuracy: 6.98
Training Epoch: 153/200	Train Loss: 0.0037	Val Accuracy: 6.98
Training Epoch: 154/200	Train Loss: 0.0041	Val Accuracy: 7.12
Training Epoch: 155/200	Train Loss: 0.0004	Val Accuracy: 7.12
Training Epoch: 156/200	Train Loss: 0.0004	Val Accuracy: 6.98
Training Epoch: 157/200	Train Loss: 0.0014	Val Accuracy: 6.98
Training Epoch: 158/200	Train Loss: 0.0047	Val Accuracy: 7.26
Training Epoch: 159/200	Train Loss: 0.0008	Val Accuracy: 7.26
Training Epoch: 160/200	Train Loss: 0.0011	Val Accuracy: 7.28
Training Epoch: 161/200	Train Loss: 0.0003	Val Accuracy: 7.28
Training Epoch: 162/200	Train Loss: 0.0005	Val Accuracy: 7.36
Training Epoch: 163/200	Train Loss: 0.0007	Val Accuracy: 7.36
Training Epoch: 164/200	Train Loss: 0.0005	Val Accuracy: 7.08
Training Epoch: 165/200	Train Loss: 0.0004	Val Accuracy: 7.08
Training Epoch: 166/200	Train Loss: 0.0005	Val Accuracy: 7.08
Training Epoch: 167/200	Train Loss: 0.0008	Val Accuracy: 7.08
Training Epoch: 168/200	Train Loss: 0.0005	Val Accuracy: 7.12
Training Epoch: 169/200	Train Loss: 0.002	Val Accuracy: 7.12
Training Epoch: 170/200	Train Loss: 0.0014	Val Accuracy: 7.42
Training Epoch: 171/200	Train Loss: 0.0004	Val Accuracy: 7.42
Training Epoch: 172/200	Train Loss: 0.0005	Val Accuracy: 7.14
Training Epoch: 173/200	Train Loss: 0.0004	Val Accuracy: 7.14
Training Epoch: 174/200	Train Loss: 0.0009	Val Accuracy: 6.96
Training Epoch: 175/200	Train Loss: 0.0006	Val Accuracy: 6.96
Training Epoch: 176/200	Train Loss: 0.0006	Val Accuracy: 7.18
Training Epoch: 177/200	Train Loss: 0.0008	Val Accuracy: 7.18
Training Epoch: 178/200	Train Loss: 0.0002	Val Accuracy: 6.68
Training Epoch: 179/200	Train Loss: 0.0004	Val Accuracy: 6.68
Training Epoch: 180/200	Train Loss: 0.0004	Val Accuracy: 7.0
Training Epoch: 181/200	Train Loss: 0.0015	Val Accuracy: 7.0
Training Epoch: 182/200	Train Loss: 0.0007	Val Accuracy: 6.94
Training Epoch: 183/200	Train Loss: 0.0008	Val Accuracy: 6.94
Training Epoch: 184/200	Train Loss: 0.0003	Val Accuracy: 7.28
Training Epoch: 185/200	Train Loss: 0.0004	Val Accuracy: 7.28
Training Epoch: 186/200	Train Loss: 0.0003	Val Accuracy: 7.1
Training Epoch: 187/200	Train Loss: 0.001	Val Accuracy: 7.1
Training Epoch: 188/200	Train Loss: 0.0006	Val Accuracy: 7.1
Training Epoch: 189/200	Train Loss: 0.0004	Val Accuracy: 7.1
Training Epoch: 190/200	Train Loss: 0.0022	Val Accuracy: 6.9
Training Epoch: 191/200	Train Loss: 0.0003	Val Accuracy: 6.9
Training Epoch: 192/200	Train Loss: 0.0006	Val Accuracy: 7.38
Training Epoch: 193/200	Train Loss: 0.0007	Val Accuracy: 7.38
Training Epoch: 194/200	Train Loss: 0.0263	Val Accuracy: 6.78
Training Epoch: 195/200	Train Loss: 0.0026	Val Accuracy: 6.78
Training Epoch: 196/200	Train Loss: 0.003	Val Accuracy: 6.86
Training Epoch: 197/200	Train Loss: 0.001	Val Accuracy: 6.86
Training Epoch: 198/200	Train Loss: 0.0003	Val Accuracy: 6.8
Training Epoch: 199/200	Train Loss: 0.0003	Val Accuracy: 6.8
Training Epoch: 200/200	Train Loss: 0.0002	Val Accuracy: 7.28

Wrote Best Model Checkpoint to: vlBest_acc_7_model_epoch_0140.pyth

Best Validation Accuracy: 7.5
Best Epoch: 140

======== TESTING ========

Test Accuracy: 7.76.

======== ACTIVE SAMPLING ========

len(uSetLoader): 442
u_ranks.shape: (44150,)
Active Sampling Complete. After Episode 16:
New Labeled Set: 900, New Unlabeled Set: 44100, Active Set: 50

================================


Current accuracy values:  [3.1200000000000045, 3.5999999999999943, 4.030000000000001, 4.489999999999995, 5.1200000000000045, 5.269999999999996, 5.519999999999996, 5.900000000000006, 5.840000000000003, 6.079999999999998, 6.1299999999999955, 6.510000000000005, 6.409999999999997, 6.819999999999993, 7.040000000000006, 7.569999999999993, 7.760000000000005]
======== EPISODE 17 BEGINS ========

======== TRAINING ========
Training Epoch: 1/200	Train Loss: 0.3558	Val Accuracy: 0.0
Training Epoch: 2/200	Train Loss: 0.0889	Val Accuracy: 6.44
Training Epoch: 3/200	Train Loss: 0.1216	Val Accuracy: 6.44
Training Epoch: 4/200	Train Loss: 0.0702	Val Accuracy: 6.78
Training Epoch: 5/200	Train Loss: 0.0134	Val Accuracy: 6.78
Training Epoch: 6/200	Train Loss: 0.1381	Val Accuracy: 7.18
Training Epoch: 7/200	Train Loss: 0.0998	Val Accuracy: 7.18
Training Epoch: 8/200	Train Loss: 0.1944	Val Accuracy: 6.74
Training Epoch: 9/200	Train Loss: 0.0443	Val Accuracy: 6.74
Training Epoch: 10/200	Train Loss: 0.0635	Val Accuracy: 6.56
Training Epoch: 11/200	Train Loss: 0.0342	Val Accuracy: 6.56
Training Epoch: 12/200	Train Loss: 0.0154	Val Accuracy: 6.92
Training Epoch: 13/200	Train Loss: 0.0251	Val Accuracy: 6.92
Training Epoch: 14/200	Train Loss: 0.0152	Val Accuracy: 7.14
Training Epoch: 15/200	Train Loss: 0.0354	Val Accuracy: 7.14
Training Epoch: 16/200	Train Loss: 0.0273	Val Accuracy: 6.36
Training Epoch: 17/200	Train Loss: 0.0143	Val Accuracy: 6.36
Training Epoch: 18/200	Train Loss: 0.0071	Val Accuracy: 6.64
Training Epoch: 19/200	Train Loss: 0.0237	Val Accuracy: 6.64
Training Epoch: 20/200	Train Loss: 0.0163	Val Accuracy: 7.6
Training Epoch: 21/200	Train Loss: 0.0016	Val Accuracy: 7.6
Training Epoch: 22/200	Train Loss: 0.0045	Val Accuracy: 7.26
Training Epoch: 23/200	Train Loss: 0.0202	Val Accuracy: 7.26
Training Epoch: 24/200	Train Loss: 0.018	Val Accuracy: 6.9
Training Epoch: 25/200	Train Loss: 0.0671	Val Accuracy: 6.9
Training Epoch: 26/200	Train Loss: 0.0057	Val Accuracy: 6.5
Training Epoch: 27/200	Train Loss: 0.1502	Val Accuracy: 6.5
Training Epoch: 28/200	Train Loss: 0.015	Val Accuracy: 6.64
Training Epoch: 29/200	Train Loss: 0.0225	Val Accuracy: 6.64
Training Epoch: 30/200	Train Loss: 0.0063	Val Accuracy: 6.82
Training Epoch: 31/200	Train Loss: 0.0069	Val Accuracy: 6.82
Training Epoch: 32/200	Train Loss: 0.0179	Val Accuracy: 6.44
Training Epoch: 33/200	Train Loss: 0.0163	Val Accuracy: 6.44
Training Epoch: 34/200	Train Loss: 0.0111	Val Accuracy: 6.18
Training Epoch: 35/200	Train Loss: 0.0039	Val Accuracy: 6.18
Training Epoch: 36/200	Train Loss: 0.0142	Val Accuracy: 6.8
Training Epoch: 37/200	Train Loss: 0.0056	Val Accuracy: 6.8
Training Epoch: 38/200	Train Loss: 0.0071	Val Accuracy: 7.06
Training Epoch: 39/200	Train Loss: 0.0024	Val Accuracy: 7.06
Training Epoch: 40/200	Train Loss: 0.0041	Val Accuracy: 6.7
Training Epoch: 41/200	Train Loss: 0.0059	Val Accuracy: 6.7
Training Epoch: 42/200	Train Loss: 0.0115	Val Accuracy: 6.92
Training Epoch: 43/200	Train Loss: 0.0019	Val Accuracy: 6.92
Training Epoch: 44/200	Train Loss: 0.0064	Val Accuracy: 6.8
Training Epoch: 45/200	Train Loss: 0.0017	Val Accuracy: 6.8
Training Epoch: 46/200	Train Loss: 0.0082	Val Accuracy: 7.1
Training Epoch: 47/200	Train Loss: 0.0039	Val Accuracy: 7.1
Training Epoch: 48/200	Train Loss: 0.0158	Val Accuracy: 7.32
Training Epoch: 49/200	Train Loss: 0.0139	Val Accuracy: 7.32
Training Epoch: 50/200	Train Loss: 0.0049	Val Accuracy: 6.96
Training Epoch: 51/200	Train Loss: 0.0028	Val Accuracy: 6.96
Training Epoch: 52/200	Train Loss: 0.002	Val Accuracy: 6.62
Training Epoch: 53/200	Train Loss: 0.0016	Val Accuracy: 6.62
Training Epoch: 54/200	Train Loss: 0.0055	Val Accuracy: 6.96
Training Epoch: 55/200	Train Loss: 0.0028	Val Accuracy: 6.96
Training Epoch: 56/200	Train Loss: 0.0135	Val Accuracy: 6.7
Training Epoch: 57/200	Train Loss: 0.0013	Val Accuracy: 6.7
Training Epoch: 58/200	Train Loss: 0.0011	Val Accuracy: 7.4
Training Epoch: 59/200	Train Loss: 0.0019	Val Accuracy: 7.4
Training Epoch: 60/200	Train Loss: 0.0007	Val Accuracy: 7.26
Training Epoch: 61/200	Train Loss: 0.0067	Val Accuracy: 7.26
Training Epoch: 62/200	Train Loss: 0.0006	Val Accuracy: 7.0
Training Epoch: 63/200	Train Loss: 0.002	Val Accuracy: 7.0
Training Epoch: 64/200	Train Loss: 0.0033	Val Accuracy: 6.82
Training Epoch: 65/200	Train Loss: 0.0029	Val Accuracy: 6.82
Training Epoch: 66/200	Train Loss: 0.0039	Val Accuracy: 7.32
Training Epoch: 67/200	Train Loss: 0.0041	Val Accuracy: 7.32
Training Epoch: 68/200	Train Loss: 0.0008	Val Accuracy: 7.04
Training Epoch: 69/200	Train Loss: 0.0013	Val Accuracy: 7.04
Training Epoch: 70/200	Train Loss: 0.0011	Val Accuracy: 6.98
Training Epoch: 71/200	Train Loss: 0.001	Val Accuracy: 6.98
Training Epoch: 72/200	Train Loss: 0.0008	Val Accuracy: 7.28
Training Epoch: 73/200	Train Loss: 0.0009	Val Accuracy: 7.28
Training Epoch: 74/200	Train Loss: 0.0003	Val Accuracy: 7.36
Training Epoch: 75/200	Train Loss: 0.0087	Val Accuracy: 7.36
Training Epoch: 76/200	Train Loss: 0.0092	Val Accuracy: 7.44
Training Epoch: 77/200	Train Loss: 0.0003	Val Accuracy: 7.44
Training Epoch: 78/200	Train Loss: 0.001	Val Accuracy: 7.36
Training Epoch: 79/200	Train Loss: 0.0006	Val Accuracy: 7.36
Training Epoch: 80/200	Train Loss: 0.0007	Val Accuracy: 7.32
Training Epoch: 81/200	Train Loss: 0.0007	Val Accuracy: 7.32
Training Epoch: 82/200	Train Loss: 0.0017	Val Accuracy: 7.06
Training Epoch: 83/200	Train Loss: 0.0064	Val Accuracy: 7.06
Training Epoch: 84/200	Train Loss: 0.0014	Val Accuracy: 7.06
Training Epoch: 85/200	Train Loss: 0.0006	Val Accuracy: 7.06
Training Epoch: 86/200	Train Loss: 0.0006	Val Accuracy: 7.04
Training Epoch: 87/200	Train Loss: 0.001	Val Accuracy: 7.04
Training Epoch: 88/200	Train Loss: 0.0031	Val Accuracy: 7.36
Training Epoch: 89/200	Train Loss: 0.0012	Val Accuracy: 7.36
Training Epoch: 90/200	Train Loss: 0.0008	Val Accuracy: 6.84
Training Epoch: 91/200	Train Loss: 0.0006	Val Accuracy: 6.84
Training Epoch: 92/200	Train Loss: 0.0005	Val Accuracy: 6.98
Training Epoch: 93/200	Train Loss: 0.0007	Val Accuracy: 6.98
Training Epoch: 94/200	Train Loss: 0.0009	Val Accuracy: 7.18
Training Epoch: 95/200	Train Loss: 0.0009	Val Accuracy: 7.18
Training Epoch: 96/200	Train Loss: 0.0008	Val Accuracy: 6.88
Training Epoch: 97/200	Train Loss: 0.0006	Val Accuracy: 6.88
Training Epoch: 98/200	Train Loss: 0.0006	Val Accuracy: 7.2
Training Epoch: 99/200	Train Loss: 0.0011	Val Accuracy: 7.2
Training Epoch: 100/200	Train Loss: 0.0007	Val Accuracy: 7.22
Training Epoch: 101/200	Train Loss: 0.0025	Val Accuracy: 7.22
Training Epoch: 102/200	Train Loss: 0.0035	Val Accuracy: 7.24
Training Epoch: 103/200	Train Loss: 0.0004	Val Accuracy: 7.24
Training Epoch: 104/200	Train Loss: 0.0005	Val Accuracy: 7.46
Training Epoch: 105/200	Train Loss: 0.0057	Val Accuracy: 7.46
Training Epoch: 106/200	Train Loss: 0.0025	Val Accuracy: 7.12
Training Epoch: 107/200	Train Loss: 0.0034	Val Accuracy: 7.12
Training Epoch: 108/200	Train Loss: 0.0008	Val Accuracy: 7.34
Training Epoch: 109/200	Train Loss: 0.0015	Val Accuracy: 7.34
Training Epoch: 110/200	Train Loss: 0.0005	Val Accuracy: 7.1
Training Epoch: 111/200	Train Loss: 0.0004	Val Accuracy: 7.1
Training Epoch: 112/200	Train Loss: 0.0011	Val Accuracy: 7.52
Training Epoch: 113/200	Train Loss: 0.0054	Val Accuracy: 7.52
Training Epoch: 114/200	Train Loss: 0.0004	Val Accuracy: 7.24
Training Epoch: 115/200	Train Loss: 0.0005	Val Accuracy: 7.24
Training Epoch: 116/200	Train Loss: 0.0015	Val Accuracy: 7.26
Training Epoch: 117/200	Train Loss: 0.0053	Val Accuracy: 7.26
Training Epoch: 118/200	Train Loss: 0.0005	Val Accuracy: 7.4
Training Epoch: 119/200	Train Loss: 0.0005	Val Accuracy: 7.4
Training Epoch: 120/200	Train Loss: 0.0029	Val Accuracy: 7.1
Training Epoch: 121/200	Train Loss: 0.0008	Val Accuracy: 7.1
Training Epoch: 122/200	Train Loss: 0.0004	Val Accuracy: 7.32
Training Epoch: 123/200	Train Loss: 0.0009	Val Accuracy: 7.32
Training Epoch: 124/200	Train Loss: 0.0012	Val Accuracy: 7.34
Training Epoch: 125/200	Train Loss: 0.0004	Val Accuracy: 7.34
Training Epoch: 126/200	Train Loss: 0.0007	Val Accuracy: 6.94
Training Epoch: 127/200	Train Loss: 0.0004	Val Accuracy: 6.94
Training Epoch: 128/200	Train Loss: 0.0006	Val Accuracy: 7.1
Training Epoch: 129/200	Train Loss: 0.0008	Val Accuracy: 7.1
Training Epoch: 130/200	Train Loss: 0.0005	Val Accuracy: 6.74
Training Epoch: 131/200	Train Loss: 0.0039	Val Accuracy: 6.74
Training Epoch: 132/200	Train Loss: 0.0012	Val Accuracy: 7.3
Training Epoch: 133/200	Train Loss: 0.0005	Val Accuracy: 7.3
Training Epoch: 134/200	Train Loss: 0.0007	Val Accuracy: 7.22
Training Epoch: 135/200	Train Loss: 0.0005	Val Accuracy: 7.22
Training Epoch: 136/200	Train Loss: 0.0007	Val Accuracy: 7.2
Training Epoch: 137/200	Train Loss: 0.0008	Val Accuracy: 7.2
Training Epoch: 138/200	Train Loss: 0.0013	Val Accuracy: 7.26
Training Epoch: 139/200	Train Loss: 0.0008	Val Accuracy: 7.26
Training Epoch: 140/200	Train Loss: 0.0009	Val Accuracy: 7.16
Training Epoch: 141/200	Train Loss: 0.0015	Val Accuracy: 7.16
Training Epoch: 142/200	Train Loss: 0.0005	Val Accuracy: 6.86
Training Epoch: 143/200	Train Loss: 0.0006	Val Accuracy: 6.86
Training Epoch: 144/200	Train Loss: 0.0008	Val Accuracy: 6.94
Training Epoch: 145/200	Train Loss: 0.0009	Val Accuracy: 6.94
Training Epoch: 146/200	Train Loss: 0.0004	Val Accuracy: 7.3
Training Epoch: 147/200	Train Loss: 0.0027	Val Accuracy: 7.3
Training Epoch: 148/200	Train Loss: 0.0007	Val Accuracy: 7.34
Training Epoch: 149/200	Train Loss: 0.0003	Val Accuracy: 7.34
Training Epoch: 150/200	Train Loss: 0.0009	Val Accuracy: 7.24
Training Epoch: 151/200	Train Loss: 0.0005	Val Accuracy: 7.24
Training Epoch: 152/200	Train Loss: 0.001	Val Accuracy: 7.32
Training Epoch: 153/200	Train Loss: 0.0006	Val Accuracy: 7.32
Training Epoch: 154/200	Train Loss: 0.0005	Val Accuracy: 7.12
Training Epoch: 155/200	Train Loss: 0.0008	Val Accuracy: 7.12
Training Epoch: 156/200	Train Loss: 0.0013	Val Accuracy: 7.46
Training Epoch: 157/200	Train Loss: 0.0012	Val Accuracy: 7.46
Training Epoch: 158/200	Train Loss: 0.0006	Val Accuracy: 7.26
Training Epoch: 159/200	Train Loss: 0.0002	Val Accuracy: 7.26
Training Epoch: 160/200	Train Loss: 0.0004	Val Accuracy: 6.94
Training Epoch: 161/200	Train Loss: 0.0021	Val Accuracy: 6.94
Training Epoch: 162/200	Train Loss: 0.0004	Val Accuracy: 7.44
Training Epoch: 163/200	Train Loss: 0.0011	Val Accuracy: 7.44
Training Epoch: 164/200	Train Loss: 0.0003	Val Accuracy: 7.14
Training Epoch: 165/200	Train Loss: 0.0015	Val Accuracy: 7.14
Training Epoch: 166/200	Train Loss: 0.0038	Val Accuracy: 7.58
Training Epoch: 167/200	Train Loss: 0.0095	Val Accuracy: 7.58
Training Epoch: 168/200	Train Loss: 0.0007	Val Accuracy: 7.08
Training Epoch: 169/200	Train Loss: 0.0003	Val Accuracy: 7.08
Training Epoch: 170/200	Train Loss: 0.0008	Val Accuracy: 7.2
Training Epoch: 171/200	Train Loss: 0.0019	Val Accuracy: 7.2
Training Epoch: 172/200	Train Loss: 0.0008	Val Accuracy: 7.74
Training Epoch: 173/200	Train Loss: 0.0002	Val Accuracy: 7.74
Training Epoch: 174/200	Train Loss: 0.0006	Val Accuracy: 7.08
Training Epoch: 175/200	Train Loss: 0.0011	Val Accuracy: 7.08
Training Epoch: 176/200	Train Loss: 0.0004	Val Accuracy: 7.18
Training Epoch: 177/200	Train Loss: 0.0018	Val Accuracy: 7.18
Training Epoch: 178/200	Train Loss: 0.0003	Val Accuracy: 7.12
Training Epoch: 179/200	Train Loss: 0.001	Val Accuracy: 7.12
Training Epoch: 180/200	Train Loss: 0.0011	Val Accuracy: 7.34
Training Epoch: 181/200	Train Loss: 0.0043	Val Accuracy: 7.34
Training Epoch: 182/200	Train Loss: 0.0009	Val Accuracy: 7.24
Training Epoch: 183/200	Train Loss: 0.0006	Val Accuracy: 7.24
Training Epoch: 184/200	Train Loss: 0.0012	Val Accuracy: 7.22
Training Epoch: 185/200	Train Loss: 0.0009	Val Accuracy: 7.22
Training Epoch: 186/200	Train Loss: 0.001	Val Accuracy: 7.14
Training Epoch: 187/200	Train Loss: 0.0006	Val Accuracy: 7.14
Training Epoch: 188/200	Train Loss: 0.0012	Val Accuracy: 7.36
Training Epoch: 189/200	Train Loss: 0.0073	Val Accuracy: 7.36
Training Epoch: 190/200	Train Loss: 0.0018	Val Accuracy: 7.24
Training Epoch: 191/200	Train Loss: 0.0006	Val Accuracy: 7.24
Training Epoch: 192/200	Train Loss: 0.0004	Val Accuracy: 7.24
Training Epoch: 193/200	Train Loss: 0.0005	Val Accuracy: 7.24
Training Epoch: 194/200	Train Loss: 0.0008	Val Accuracy: 7.4
Training Epoch: 195/200	Train Loss: 0.0014	Val Accuracy: 7.4
Training Epoch: 196/200	Train Loss: 0.0004	Val Accuracy: 7.86
Training Epoch: 197/200	Train Loss: 0.0028	Val Accuracy: 7.86
Training Epoch: 198/200	Train Loss: 0.0003	Val Accuracy: 7.1
Training Epoch: 199/200	Train Loss: 0.0007	Val Accuracy: 7.1
Training Epoch: 200/200	Train Loss: 0.0007	Val Accuracy: 7.82

Wrote Best Model Checkpoint to: vlBest_acc_7_model_epoch_0196.pyth

Best Validation Accuracy: 7.86
Best Epoch: 196

======== TESTING ========

Test Accuracy: 7.95.

======== ACTIVE SAMPLING ========

len(uSetLoader): 441
u_ranks.shape: (44100,)
Active Sampling Complete. After Episode 17:
New Labeled Set: 950, New Unlabeled Set: 44050, Active Set: 50

================================


Current accuracy values:  [3.1200000000000045, 3.5999999999999943, 4.030000000000001, 4.489999999999995, 5.1200000000000045, 5.269999999999996, 5.519999999999996, 5.900000000000006, 5.840000000000003, 6.079999999999998, 6.1299999999999955, 6.510000000000005, 6.409999999999997, 6.819999999999993, 7.040000000000006, 7.569999999999993, 7.760000000000005, 7.950000000000003]
======== EPISODE 18 BEGINS ========

======== TRAINING ========
Training Epoch: 1/200	Train Loss: 0.3348	Val Accuracy: 0.0
Training Epoch: 2/200	Train Loss: 0.2349	Val Accuracy: 6.62
Training Epoch: 3/200	Train Loss: 0.1487	Val Accuracy: 6.62
Training Epoch: 4/200	Train Loss: 0.0925	Val Accuracy: 6.48
Training Epoch: 5/200	Train Loss: 0.0703	Val Accuracy: 6.48
Training Epoch: 6/200	Train Loss: 0.1007	Val Accuracy: 7.08
Training Epoch: 7/200	Train Loss: 0.0203	Val Accuracy: 7.08
Training Epoch: 8/200	Train Loss: 0.0169	Val Accuracy: 6.36
Training Epoch: 9/200	Train Loss: 0.0313	Val Accuracy: 6.36
Training Epoch: 10/200	Train Loss: 0.0189	Val Accuracy: 6.26
Training Epoch: 11/200	Train Loss: 0.0166	Val Accuracy: 6.26
Training Epoch: 12/200	Train Loss: 0.1088	Val Accuracy: 6.8
Training Epoch: 13/200	Train Loss: 0.0362	Val Accuracy: 6.8
Training Epoch: 14/200	Train Loss: 0.0248	Val Accuracy: 6.84
Training Epoch: 15/200	Train Loss: 0.1179	Val Accuracy: 6.84
Training Epoch: 16/200	Train Loss: 0.0284	Val Accuracy: 6.94
Training Epoch: 17/200	Train Loss: 0.0239	Val Accuracy: 6.94
Training Epoch: 18/200	Train Loss: 0.0342	Val Accuracy: 6.96
Training Epoch: 19/200	Train Loss: 0.0996	Val Accuracy: 6.96
Training Epoch: 20/200	Train Loss: 0.0126	Val Accuracy: 6.78
Training Epoch: 21/200	Train Loss: 0.0611	Val Accuracy: 6.78
Training Epoch: 22/200	Train Loss: 0.0125	Val Accuracy: 6.82
Training Epoch: 23/200	Train Loss: 0.0312	Val Accuracy: 6.82
Training Epoch: 24/200	Train Loss: 0.0776	Val Accuracy: 7.02
Training Epoch: 25/200	Train Loss: 0.0074	Val Accuracy: 7.02
Training Epoch: 26/200	Train Loss: 0.0149	Val Accuracy: 6.96
Training Epoch: 27/200	Train Loss: 0.057	Val Accuracy: 6.96
Training Epoch: 28/200	Train Loss: 0.0266	Val Accuracy: 7.18
Training Epoch: 29/200	Train Loss: 0.0375	Val Accuracy: 7.18
Training Epoch: 30/200	Train Loss: 0.003	Val Accuracy: 6.96
Training Epoch: 31/200	Train Loss: 0.0071	Val Accuracy: 6.96
Training Epoch: 32/200	Train Loss: 0.0268	Val Accuracy: 7.12
Training Epoch: 33/200	Train Loss: 0.0152	Val Accuracy: 7.12
Training Epoch: 34/200	Train Loss: 0.003	Val Accuracy: 6.86
Training Epoch: 35/200	Train Loss: 0.0074	Val Accuracy: 6.86
Training Epoch: 36/200	Train Loss: 0.0123	Val Accuracy: 7.44
Training Epoch: 37/200	Train Loss: 0.0096	Val Accuracy: 7.44
Training Epoch: 38/200	Train Loss: 0.0105	Val Accuracy: 7.18
Training Epoch: 39/200	Train Loss: 0.0022	Val Accuracy: 7.18
Training Epoch: 40/200	Train Loss: 0.0041	Val Accuracy: 6.96
Training Epoch: 41/200	Train Loss: 0.0061	Val Accuracy: 6.96
Training Epoch: 42/200	Train Loss: 0.0015	Val Accuracy: 7.38
Training Epoch: 43/200	Train Loss: 0.0063	Val Accuracy: 7.38
Training Epoch: 44/200	Train Loss: 0.0278	Val Accuracy: 7.34
Training Epoch: 45/200	Train Loss: 0.0021	Val Accuracy: 7.34
Training Epoch: 46/200	Train Loss: 0.0226	Val Accuracy: 7.28
Training Epoch: 47/200	Train Loss: 0.0128	Val Accuracy: 7.28
Training Epoch: 48/200	Train Loss: 0.0022	Val Accuracy: 7.54
Training Epoch: 49/200	Train Loss: 0.0066	Val Accuracy: 7.54
Training Epoch: 50/200	Train Loss: 0.0023	Val Accuracy: 7.54
Training Epoch: 51/200	Train Loss: 0.0039	Val Accuracy: 7.54
Training Epoch: 52/200	Train Loss: 0.0075	Val Accuracy: 7.06
Training Epoch: 53/200	Train Loss: 0.0015	Val Accuracy: 7.06
Training Epoch: 54/200	Train Loss: 0.0012	Val Accuracy: 7.28
Training Epoch: 55/200	Train Loss: 0.001	Val Accuracy: 7.28
Training Epoch: 56/200	Train Loss: 0.0015	Val Accuracy: 7.62
Training Epoch: 57/200	Train Loss: 0.0037	Val Accuracy: 7.62
Training Epoch: 58/200	Train Loss: 0.0013	Val Accuracy: 7.66
Training Epoch: 59/200	Train Loss: 0.0054	Val Accuracy: 7.66
Training Epoch: 60/200	Train Loss: 0.0073	Val Accuracy: 7.48
Training Epoch: 61/200	Train Loss: 0.0107	Val Accuracy: 7.48
Training Epoch: 62/200	Train Loss: 0.0013	Val Accuracy: 7.44
Training Epoch: 63/200	Train Loss: 0.0042	Val Accuracy: 7.44
Training Epoch: 64/200	Train Loss: 0.0012	Val Accuracy: 7.7
Training Epoch: 65/200	Train Loss: 0.0017	Val Accuracy: 7.7
Training Epoch: 66/200	Train Loss: 0.0012	Val Accuracy: 7.44
Training Epoch: 67/200	Train Loss: 0.0022	Val Accuracy: 7.44
Training Epoch: 68/200	Train Loss: 0.0089	Val Accuracy: 7.62
Training Epoch: 69/200	Train Loss: 0.0005	Val Accuracy: 7.62
Training Epoch: 70/200	Train Loss: 0.0014	Val Accuracy: 7.46
Training Epoch: 71/200	Train Loss: 0.0021	Val Accuracy: 7.46
Training Epoch: 72/200	Train Loss: 0.0013	Val Accuracy: 7.76
Training Epoch: 73/200	Train Loss: 0.001	Val Accuracy: 7.76
Training Epoch: 74/200	Train Loss: 0.001	Val Accuracy: 7.54
Training Epoch: 75/200	Train Loss: 0.0031	Val Accuracy: 7.54
Training Epoch: 76/200	Train Loss: 0.0021	Val Accuracy: 7.4
Training Epoch: 77/200	Train Loss: 0.0036	Val Accuracy: 7.4
Training Epoch: 78/200	Train Loss: 0.0013	Val Accuracy: 7.62
Training Epoch: 79/200	Train Loss: 0.0011	Val Accuracy: 7.62
Training Epoch: 80/200	Train Loss: 0.0022	Val Accuracy: 7.84
Training Epoch: 81/200	Train Loss: 0.0055	Val Accuracy: 7.84
Training Epoch: 82/200	Train Loss: 0.0004	Val Accuracy: 7.34
Training Epoch: 83/200	Train Loss: 0.0012	Val Accuracy: 7.34
Training Epoch: 84/200	Train Loss: 0.0015	Val Accuracy: 7.64
Training Epoch: 85/200	Train Loss: 0.0004	Val Accuracy: 7.64
Training Epoch: 86/200	Train Loss: 0.0009	Val Accuracy: 7.58
Training Epoch: 87/200	Train Loss: 0.0007	Val Accuracy: 7.58
Training Epoch: 88/200	Train Loss: 0.0014	Val Accuracy: 7.2
Training Epoch: 89/200	Train Loss: 0.0064	Val Accuracy: 7.2
Training Epoch: 90/200	Train Loss: 0.0006	Val Accuracy: 7.46
Training Epoch: 91/200	Train Loss: 0.0006	Val Accuracy: 7.46
Training Epoch: 92/200	Train Loss: 0.0017	Val Accuracy: 7.92
Training Epoch: 93/200	Train Loss: 0.0021	Val Accuracy: 7.92
Training Epoch: 94/200	Train Loss: 0.0005	Val Accuracy: 7.94
Training Epoch: 95/200	Train Loss: 0.0009	Val Accuracy: 7.94
Training Epoch: 96/200	Train Loss: 0.0016	Val Accuracy: 7.14
Training Epoch: 97/200	Train Loss: 0.0006	Val Accuracy: 7.14
Training Epoch: 98/200	Train Loss: 0.0005	Val Accuracy: 7.8
Training Epoch: 99/200	Train Loss: 0.0005	Val Accuracy: 7.8
Training Epoch: 100/200	Train Loss: 0.0006	Val Accuracy: 7.4
Training Epoch: 101/200	Train Loss: 0.0004	Val Accuracy: 7.4
Training Epoch: 102/200	Train Loss: 0.0005	Val Accuracy: 7.88
Training Epoch: 103/200	Train Loss: 0.001	Val Accuracy: 7.88
Training Epoch: 104/200	Train Loss: 0.0007	Val Accuracy: 7.52
Training Epoch: 105/200	Train Loss: 0.0017	Val Accuracy: 7.52
Training Epoch: 106/200	Train Loss: 0.0005	Val Accuracy: 7.68
Training Epoch: 107/200	Train Loss: 0.0005	Val Accuracy: 7.68
Training Epoch: 108/200	Train Loss: 0.0014	Val Accuracy: 7.54
Training Epoch: 109/200	Train Loss: 0.0007	Val Accuracy: 7.54
Training Epoch: 110/200	Train Loss: 0.0013	Val Accuracy: 8.02
Training Epoch: 111/200	Train Loss: 0.0006	Val Accuracy: 8.02
Training Epoch: 112/200	Train Loss: 0.0007	Val Accuracy: 7.72
Training Epoch: 113/200	Train Loss: 0.0017	Val Accuracy: 7.72
Training Epoch: 114/200	Train Loss: 0.0024	Val Accuracy: 7.6
Training Epoch: 115/200	Train Loss: 0.0006	Val Accuracy: 7.6
Training Epoch: 116/200	Train Loss: 0.0006	Val Accuracy: 7.48
Training Epoch: 117/200	Train Loss: 0.0006	Val Accuracy: 7.48
Training Epoch: 118/200	Train Loss: 0.0007	Val Accuracy: 7.78
Training Epoch: 119/200	Train Loss: 0.0014	Val Accuracy: 7.78
Training Epoch: 120/200	Train Loss: 0.0011	Val Accuracy: 7.82
Training Epoch: 121/200	Train Loss: 0.0004	Val Accuracy: 7.82
Training Epoch: 122/200	Train Loss: 0.0023	Val Accuracy: 7.92
Training Epoch: 123/200	Train Loss: 0.0003	Val Accuracy: 7.92
Training Epoch: 124/200	Train Loss: 0.001	Val Accuracy: 7.58
Training Epoch: 125/200	Train Loss: 0.0012	Val Accuracy: 7.58
Training Epoch: 126/200	Train Loss: 0.0013	Val Accuracy: 7.56
Training Epoch: 127/200	Train Loss: 0.0008	Val Accuracy: 7.56
Training Epoch: 128/200	Train Loss: 0.001	Val Accuracy: 7.52
Training Epoch: 129/200	Train Loss: 0.001	Val Accuracy: 7.52
Training Epoch: 130/200	Train Loss: 0.0003	Val Accuracy: 7.8
Training Epoch: 131/200	Train Loss: 0.0008	Val Accuracy: 7.8
Training Epoch: 132/200	Train Loss: 0.0004	Val Accuracy: 7.56
Training Epoch: 133/200	Train Loss: 0.0009	Val Accuracy: 7.56
Training Epoch: 134/200	Train Loss: 0.0006	Val Accuracy: 7.52
Training Epoch: 135/200	Train Loss: 0.0008	Val Accuracy: 7.52
Training Epoch: 136/200	Train Loss: 0.0003	Val Accuracy: 8.2
Training Epoch: 137/200	Train Loss: 0.0008	Val Accuracy: 8.2
Training Epoch: 138/200	Train Loss: 0.0013	Val Accuracy: 7.62
Training Epoch: 139/200	Train Loss: 0.0006	Val Accuracy: 7.62
Training Epoch: 140/200	Train Loss: 0.0005	Val Accuracy: 7.64
Training Epoch: 141/200	Train Loss: 0.0005	Val Accuracy: 7.64
Training Epoch: 142/200	Train Loss: 0.0015	Val Accuracy: 7.48
Training Epoch: 143/200	Train Loss: 0.0011	Val Accuracy: 7.48
Training Epoch: 144/200	Train Loss: 0.0008	Val Accuracy: 7.68
Training Epoch: 145/200	Train Loss: 0.0005	Val Accuracy: 7.68
Training Epoch: 146/200	Train Loss: 0.001	Val Accuracy: 7.32
Training Epoch: 147/200	Train Loss: 0.0006	Val Accuracy: 7.32
Training Epoch: 148/200	Train Loss: 0.0006	Val Accuracy: 7.96
Training Epoch: 149/200	Train Loss: 0.0007	Val Accuracy: 7.96
Training Epoch: 150/200	Train Loss: 0.001	Val Accuracy: 7.6
Training Epoch: 151/200	Train Loss: 0.0005	Val Accuracy: 7.6
Training Epoch: 152/200	Train Loss: 0.0008	Val Accuracy: 7.36
Training Epoch: 153/200	Train Loss: 0.0006	Val Accuracy: 7.36
Training Epoch: 154/200	Train Loss: 0.0003	Val Accuracy: 7.78
Training Epoch: 155/200	Train Loss: 0.0016	Val Accuracy: 7.78
Training Epoch: 156/200	Train Loss: 0.001	Val Accuracy: 7.92
Training Epoch: 157/200	Train Loss: 0.0005	Val Accuracy: 7.92
Training Epoch: 158/200	Train Loss: 0.0009	Val Accuracy: 7.58
Training Epoch: 159/200	Train Loss: 0.0014	Val Accuracy: 7.58
Training Epoch: 160/200	Train Loss: 0.0009	Val Accuracy: 7.44
Training Epoch: 161/200	Train Loss: 0.0006	Val Accuracy: 7.44
Training Epoch: 162/200	Train Loss: 0.0006	Val Accuracy: 7.62
Training Epoch: 163/200	Train Loss: 0.0006	Val Accuracy: 7.62
Training Epoch: 164/200	Train Loss: 0.0013	Val Accuracy: 7.8
Training Epoch: 165/200	Train Loss: 0.0011	Val Accuracy: 7.8
Training Epoch: 166/200	Train Loss: 0.0012	Val Accuracy: 8.04
Training Epoch: 167/200	Train Loss: 0.0008	Val Accuracy: 8.04
Training Epoch: 168/200	Train Loss: 0.0008	Val Accuracy: 7.6
Training Epoch: 169/200	Train Loss: 0.0017	Val Accuracy: 7.6
Training Epoch: 170/200	Train Loss: 0.002	Val Accuracy: 7.54
Training Epoch: 171/200	Train Loss: 0.001	Val Accuracy: 7.54
Training Epoch: 172/200	Train Loss: 0.0007	Val Accuracy: 7.72
Training Epoch: 173/200	Train Loss: 0.0003	Val Accuracy: 7.72
Training Epoch: 174/200	Train Loss: 0.0003	Val Accuracy: 7.46
Training Epoch: 175/200	Train Loss: 0.0006	Val Accuracy: 7.46
Training Epoch: 176/200	Train Loss: 0.0011	Val Accuracy: 7.66
Training Epoch: 177/200	Train Loss: 0.0017	Val Accuracy: 7.66
Training Epoch: 178/200	Train Loss: 0.0014	Val Accuracy: 8.24
Training Epoch: 179/200	Train Loss: 0.001	Val Accuracy: 8.24
Training Epoch: 180/200	Train Loss: 0.0006	Val Accuracy: 7.66
Training Epoch: 181/200	Train Loss: 0.0008	Val Accuracy: 7.66
Training Epoch: 182/200	Train Loss: 0.0006	Val Accuracy: 7.26
Training Epoch: 183/200	Train Loss: 0.001	Val Accuracy: 7.26
Training Epoch: 184/200	Train Loss: 0.0029	Val Accuracy: 8.06
Training Epoch: 185/200	Train Loss: 0.0027	Val Accuracy: 8.06
Training Epoch: 186/200	Train Loss: 0.0011	Val Accuracy: 7.88
Training Epoch: 187/200	Train Loss: 0.0007	Val Accuracy: 7.88
Training Epoch: 188/200	Train Loss: 0.0012	Val Accuracy: 7.7
Training Epoch: 189/200	Train Loss: 0.0011	Val Accuracy: 7.7
Training Epoch: 190/200	Train Loss: 0.0009	Val Accuracy: 7.68
Training Epoch: 191/200	Train Loss: 0.0004	Val Accuracy: 7.68
Training Epoch: 192/200	Train Loss: 0.0013	Val Accuracy: 7.82
Training Epoch: 193/200	Train Loss: 0.0006	Val Accuracy: 7.82
Training Epoch: 194/200	Train Loss: 0.0006	Val Accuracy: 7.82
Training Epoch: 195/200	Train Loss: 0.0003	Val Accuracy: 7.82
Training Epoch: 196/200	Train Loss: 0.001	Val Accuracy: 7.66
Training Epoch: 197/200	Train Loss: 0.0006	Val Accuracy: 7.66
Training Epoch: 198/200	Train Loss: 0.0006	Val Accuracy: 7.9
Training Epoch: 199/200	Train Loss: 0.0007	Val Accuracy: 7.9
Training Epoch: 200/200	Train Loss: 0.0006	Val Accuracy: 7.94

Wrote Best Model Checkpoint to: vlBest_acc_8_model_epoch_0178.pyth

Best Validation Accuracy: 8.24
Best Epoch: 178

======== TESTING ========

Test Accuracy: 8.17.

======== ACTIVE SAMPLING ========

len(uSetLoader): 441
u_ranks.shape: (44050,)
Active Sampling Complete. After Episode 18:
New Labeled Set: 1000, New Unlabeled Set: 44000, Active Set: 50

================================


Current accuracy values:  [3.1200000000000045, 3.5999999999999943, 4.030000000000001, 4.489999999999995, 5.1200000000000045, 5.269999999999996, 5.519999999999996, 5.900000000000006, 5.840000000000003, 6.079999999999998, 6.1299999999999955, 6.510000000000005, 6.409999999999997, 6.819999999999993, 7.040000000000006, 7.569999999999993, 7.760000000000005, 7.950000000000003, 8.170000000000002]
======== EPISODE 19 BEGINS ========

======== TRAINING ========
Training Epoch: 1/200	Train Loss: 0.257	Val Accuracy: 0.0
Training Epoch: 2/200	Train Loss: 0.1639	Val Accuracy: 7.42
Training Epoch: 3/200	Train Loss: 0.0645	Val Accuracy: 7.42
Training Epoch: 4/200	Train Loss: 0.0984	Val Accuracy: 7.14
Training Epoch: 5/200	Train Loss: 0.0698	Val Accuracy: 7.14
Training Epoch: 6/200	Train Loss: 0.0772	Val Accuracy: 7.2
Training Epoch: 7/200	Train Loss: 0.0223	Val Accuracy: 7.2
Training Epoch: 8/200	Train Loss: 0.0531	Val Accuracy: 7.26
Training Epoch: 9/200	Train Loss: 0.0697	Val Accuracy: 7.26
Training Epoch: 10/200	Train Loss: 0.0183	Val Accuracy: 6.7
Training Epoch: 11/200	Train Loss: 0.0877	Val Accuracy: 6.7
Training Epoch: 12/200	Train Loss: 0.0456	Val Accuracy: 6.3
Training Epoch: 13/200	Train Loss: 0.0577	Val Accuracy: 6.3
Training Epoch: 14/200	Train Loss: 0.0783	Val Accuracy: 7.28
Training Epoch: 15/200	Train Loss: 0.0397	Val Accuracy: 7.28
Training Epoch: 16/200	Train Loss: 0.0766	Val Accuracy: 7.06
Training Epoch: 17/200	Train Loss: 0.0329	Val Accuracy: 7.06
Training Epoch: 18/200	Train Loss: 0.0608	Val Accuracy: 7.14
Training Epoch: 19/200	Train Loss: 0.0242	Val Accuracy: 7.14
Training Epoch: 20/200	Train Loss: 0.021	Val Accuracy: 6.88
Training Epoch: 21/200	Train Loss: 0.083	Val Accuracy: 6.88
Training Epoch: 22/200	Train Loss: 0.0937	Val Accuracy: 6.96
Training Epoch: 23/200	Train Loss: 0.0146	Val Accuracy: 6.96
Training Epoch: 24/200	Train Loss: 0.0044	Val Accuracy: 7.38
Training Epoch: 25/200	Train Loss: 0.052	Val Accuracy: 7.38
Training Epoch: 26/200	Train Loss: 0.0657	Val Accuracy: 7.22
Training Epoch: 27/200	Train Loss: 0.0118	Val Accuracy: 7.22
Training Epoch: 28/200	Train Loss: 0.0317	Val Accuracy: 7.36
Training Epoch: 29/200	Train Loss: 0.0268	Val Accuracy: 7.36
Training Epoch: 30/200	Train Loss: 0.0047	Val Accuracy: 6.6
Training Epoch: 31/200	Train Loss: 0.0313	Val Accuracy: 6.6
Training Epoch: 32/200	Train Loss: 0.0142	Val Accuracy: 7.02
Training Epoch: 33/200	Train Loss: 0.0069	Val Accuracy: 7.02
Training Epoch: 34/200	Train Loss: 0.004	Val Accuracy: 6.64
Training Epoch: 35/200	Train Loss: 0.0524	Val Accuracy: 6.64
Training Epoch: 36/200	Train Loss: 0.0055	Val Accuracy: 7.04
Training Epoch: 37/200	Train Loss: 0.012	Val Accuracy: 7.04
Training Epoch: 38/200	Train Loss: 0.0067	Val Accuracy: 7.26
Training Epoch: 39/200	Train Loss: 0.0066	Val Accuracy: 7.26
Training Epoch: 40/200	Train Loss: 0.0181	Val Accuracy: 7.06
Training Epoch: 41/200	Train Loss: 0.014	Val Accuracy: 7.06
Training Epoch: 42/200	Train Loss: 0.0057	Val Accuracy: 7.54
Training Epoch: 43/200	Train Loss: 0.0065	Val Accuracy: 7.54
Training Epoch: 44/200	Train Loss: 0.0035	Val Accuracy: 7.0
Training Epoch: 45/200	Train Loss: 0.0022	Val Accuracy: 7.0
Training Epoch: 46/200	Train Loss: 0.0045	Val Accuracy: 7.24
Training Epoch: 47/200	Train Loss: 0.0013	Val Accuracy: 7.24
Training Epoch: 48/200	Train Loss: 0.0028	Val Accuracy: 7.32
Training Epoch: 49/200	Train Loss: 0.0022	Val Accuracy: 7.32
Training Epoch: 50/200	Train Loss: 0.0024	Val Accuracy: 7.64
Training Epoch: 51/200	Train Loss: 0.0291	Val Accuracy: 7.64
Training Epoch: 52/200	Train Loss: 0.0112	Val Accuracy: 7.22
Training Epoch: 53/200	Train Loss: 0.017	Val Accuracy: 7.22
Training Epoch: 54/200	Train Loss: 0.0037	Val Accuracy: 7.36
Training Epoch: 55/200	Train Loss: 0.0015	Val Accuracy: 7.36
Training Epoch: 56/200	Train Loss: 0.0012	Val Accuracy: 7.32
Training Epoch: 57/200	Train Loss: 0.0347	Val Accuracy: 7.32
Training Epoch: 58/200	Train Loss: 0.0018	Val Accuracy: 7.48
Training Epoch: 59/200	Train Loss: 0.0083	Val Accuracy: 7.48
Training Epoch: 60/200	Train Loss: 0.0007	Val Accuracy: 7.62
Training Epoch: 61/200	Train Loss: 0.0025	Val Accuracy: 7.62
Training Epoch: 62/200	Train Loss: 0.0045	Val Accuracy: 7.1
Training Epoch: 63/200	Train Loss: 0.0027	Val Accuracy: 7.1
Training Epoch: 64/200	Train Loss: 0.0019	Val Accuracy: 7.56
Training Epoch: 65/200	Train Loss: 0.0025	Val Accuracy: 7.56
Training Epoch: 66/200	Train Loss: 0.0033	Val Accuracy: 7.26
Training Epoch: 67/200	Train Loss: 0.0011	Val Accuracy: 7.26
Training Epoch: 68/200	Train Loss: 0.0011	Val Accuracy: 7.88
Training Epoch: 69/200	Train Loss: 0.0021	Val Accuracy: 7.88
Training Epoch: 70/200	Train Loss: 0.0024	Val Accuracy: 8.1
Training Epoch: 71/200	Train Loss: 0.0025	Val Accuracy: 8.1
Training Epoch: 72/200	Train Loss: 0.0022	Val Accuracy: 7.76
Training Epoch: 73/200	Train Loss: 0.0017	Val Accuracy: 7.76
Training Epoch: 74/200	Train Loss: 0.0006	Val Accuracy: 7.74
Training Epoch: 75/200	Train Loss: 0.0004	Val Accuracy: 7.74
Training Epoch: 76/200	Train Loss: 0.0007	Val Accuracy: 7.76
Training Epoch: 77/200	Train Loss: 0.0026	Val Accuracy: 7.76
Training Epoch: 78/200	Train Loss: 0.0005	Val Accuracy: 7.68
Training Epoch: 79/200	Train Loss: 0.0006	Val Accuracy: 7.68
Training Epoch: 80/200	Train Loss: 0.0006	Val Accuracy: 7.58
Training Epoch: 81/200	Train Loss: 0.0016	Val Accuracy: 7.58
Training Epoch: 82/200	Train Loss: 0.001	Val Accuracy: 8.34
Training Epoch: 83/200	Train Loss: 0.0006	Val Accuracy: 8.34
Training Epoch: 84/200	Train Loss: 0.0005	Val Accuracy: 7.5
Training Epoch: 85/200	Train Loss: 0.0017	Val Accuracy: 7.5
Training Epoch: 86/200	Train Loss: 0.0007	Val Accuracy: 7.94
Training Epoch: 87/200	Train Loss: 0.0015	Val Accuracy: 7.94
Training Epoch: 88/200	Train Loss: 0.0006	Val Accuracy: 7.56
Training Epoch: 89/200	Train Loss: 0.0005	Val Accuracy: 7.56
Training Epoch: 90/200	Train Loss: 0.0071	Val Accuracy: 7.46
Training Epoch: 91/200	Train Loss: 0.0007	Val Accuracy: 7.46
Training Epoch: 92/200	Train Loss: 0.0005	Val Accuracy: 7.84
Training Epoch: 93/200	Train Loss: 0.0008	Val Accuracy: 7.84
Training Epoch: 94/200	Train Loss: 0.0009	Val Accuracy: 7.68
Training Epoch: 95/200	Train Loss: 0.0012	Val Accuracy: 7.68
Training Epoch: 96/200	Train Loss: 0.0008	Val Accuracy: 7.86
Training Epoch: 97/200	Train Loss: 0.0008	Val Accuracy: 7.86
Training Epoch: 98/200	Train Loss: 0.0006	Val Accuracy: 7.78
Training Epoch: 99/200	Train Loss: 0.0011	Val Accuracy: 7.78
Training Epoch: 100/200	Train Loss: 0.0024	Val Accuracy: 8.02
Training Epoch: 101/200	Train Loss: 0.0008	Val Accuracy: 8.02
Training Epoch: 102/200	Train Loss: 0.0007	Val Accuracy: 7.88
Training Epoch: 103/200	Train Loss: 0.0014	Val Accuracy: 7.88
Training Epoch: 104/200	Train Loss: 0.0005	Val Accuracy: 7.88
Training Epoch: 105/200	Train Loss: 0.001	Val Accuracy: 7.88
Training Epoch: 106/200	Train Loss: 0.0006	Val Accuracy: 7.56
Training Epoch: 107/200	Train Loss: 0.0008	Val Accuracy: 7.56
Training Epoch: 108/200	Train Loss: 0.0008	Val Accuracy: 7.92
Training Epoch: 109/200	Train Loss: 0.0004	Val Accuracy: 7.92
Training Epoch: 110/200	Train Loss: 0.0012	Val Accuracy: 7.94
Training Epoch: 111/200	Train Loss: 0.0009	Val Accuracy: 7.94
Training Epoch: 112/200	Train Loss: 0.0039	Val Accuracy: 7.98
Training Epoch: 113/200	Train Loss: 0.0007	Val Accuracy: 7.98
Training Epoch: 114/200	Train Loss: 0.0009	Val Accuracy: 7.92
Training Epoch: 115/200	Train Loss: 0.0007	Val Accuracy: 7.92
Training Epoch: 116/200	Train Loss: 0.0004	Val Accuracy: 7.62
Training Epoch: 117/200	Train Loss: 0.0006	Val Accuracy: 7.62
Training Epoch: 118/200	Train Loss: 0.001	Val Accuracy: 7.94
Training Epoch: 119/200	Train Loss: 0.0005	Val Accuracy: 7.94
Training Epoch: 120/200	Train Loss: 0.0009	Val Accuracy: 7.74
Training Epoch: 121/200	Train Loss: 0.0006	Val Accuracy: 7.74
Training Epoch: 122/200	Train Loss: 0.0013	Val Accuracy: 8.16
Training Epoch: 123/200	Train Loss: 0.0016	Val Accuracy: 8.16
Training Epoch: 124/200	Train Loss: 0.0008	Val Accuracy: 7.52
Training Epoch: 125/200	Train Loss: 0.0007	Val Accuracy: 7.52
Training Epoch: 126/200	Train Loss: 0.0008	Val Accuracy: 7.44
Training Epoch: 127/200	Train Loss: 0.0008	Val Accuracy: 7.44
Training Epoch: 128/200	Train Loss: 0.0003	Val Accuracy: 7.86
Training Epoch: 129/200	Train Loss: 0.0004	Val Accuracy: 7.86
Training Epoch: 130/200	Train Loss: 0.0004	Val Accuracy: 8.14
Training Epoch: 131/200	Train Loss: 0.0013	Val Accuracy: 8.14
Training Epoch: 132/200	Train Loss: 0.0009	Val Accuracy: 7.42
Training Epoch: 133/200	Train Loss: 0.0019	Val Accuracy: 7.42
Training Epoch: 134/200	Train Loss: 0.0006	Val Accuracy: 8.1
Training Epoch: 135/200	Train Loss: 0.0012	Val Accuracy: 8.1
Training Epoch: 136/200	Train Loss: 0.0015	Val Accuracy: 7.94
Training Epoch: 137/200	Train Loss: 0.0005	Val Accuracy: 7.94
Training Epoch: 138/200	Train Loss: 0.0011	Val Accuracy: 7.78
Training Epoch: 139/200	Train Loss: 0.0007	Val Accuracy: 7.78
Training Epoch: 140/200	Train Loss: 0.0014	Val Accuracy: 7.92
Training Epoch: 141/200	Train Loss: 0.0011	Val Accuracy: 7.92
Training Epoch: 142/200	Train Loss: 0.0009	Val Accuracy: 8.0
Training Epoch: 143/200	Train Loss: 0.0005	Val Accuracy: 8.0
Training Epoch: 144/200	Train Loss: 0.0009	Val Accuracy: 7.92
Training Epoch: 145/200	Train Loss: 0.0016	Val Accuracy: 7.92
Training Epoch: 146/200	Train Loss: 0.0006	Val Accuracy: 7.44
Training Epoch: 147/200	Train Loss: 0.0018	Val Accuracy: 7.44
Training Epoch: 148/200	Train Loss: 0.0006	Val Accuracy: 8.0
Training Epoch: 149/200	Train Loss: 0.0023	Val Accuracy: 8.0
Training Epoch: 150/200	Train Loss: 0.0003	Val Accuracy: 7.3
Training Epoch: 151/200	Train Loss: 0.0014	Val Accuracy: 7.3
Training Epoch: 152/200	Train Loss: 0.0013	Val Accuracy: 7.52
Training Epoch: 153/200	Train Loss: 0.0016	Val Accuracy: 7.52
Training Epoch: 154/200	Train Loss: 0.0009	Val Accuracy: 7.4
Training Epoch: 155/200	Train Loss: 0.0004	Val Accuracy: 7.4
Training Epoch: 156/200	Train Loss: 0.0007	Val Accuracy: 7.42
Training Epoch: 157/200	Train Loss: 0.0004	Val Accuracy: 7.42
Training Epoch: 158/200	Train Loss: 0.0009	Val Accuracy: 8.02
Training Epoch: 159/200	Train Loss: 0.0011	Val Accuracy: 8.02
Training Epoch: 160/200	Train Loss: 0.0005	Val Accuracy: 7.94
Training Epoch: 161/200	Train Loss: 0.0011	Val Accuracy: 7.94
Training Epoch: 162/200	Train Loss: 0.0006	Val Accuracy: 7.96
Training Epoch: 163/200	Train Loss: 0.0023	Val Accuracy: 7.96
Training Epoch: 164/200	Train Loss: 0.0004	Val Accuracy: 8.14
Training Epoch: 165/200	Train Loss: 0.0004	Val Accuracy: 8.14
Training Epoch: 166/200	Train Loss: 0.0009	Val Accuracy: 7.78
Training Epoch: 167/200	Train Loss: 0.0008	Val Accuracy: 7.78
Training Epoch: 168/200	Train Loss: 0.0006	Val Accuracy: 7.46
Training Epoch: 169/200	Train Loss: 0.0008	Val Accuracy: 7.46
Training Epoch: 170/200	Train Loss: 0.0006	Val Accuracy: 7.68
Training Epoch: 171/200	Train Loss: 0.0009	Val Accuracy: 7.68
Training Epoch: 172/200	Train Loss: 0.0006	Val Accuracy: 7.92
Training Epoch: 173/200	Train Loss: 0.0005	Val Accuracy: 7.92
Training Epoch: 174/200	Train Loss: 0.0013	Val Accuracy: 7.76
Training Epoch: 175/200	Train Loss: 0.0007	Val Accuracy: 7.76
Training Epoch: 176/200	Train Loss: 0.0051	Val Accuracy: 8.04
Training Epoch: 177/200	Train Loss: 0.0004	Val Accuracy: 8.04
Training Epoch: 178/200	Train Loss: 0.0009	Val Accuracy: 8.04
Training Epoch: 179/200	Train Loss: 0.0005	Val Accuracy: 8.04
Training Epoch: 180/200	Train Loss: 0.0006	Val Accuracy: 7.84
Training Epoch: 181/200	Train Loss: 0.0005	Val Accuracy: 7.84
Training Epoch: 182/200	Train Loss: 0.0009	Val Accuracy: 7.66
Training Epoch: 183/200	Train Loss: 0.0005	Val Accuracy: 7.66
Training Epoch: 184/200	Train Loss: 0.0003	Val Accuracy: 7.74
Training Epoch: 185/200	Train Loss: 0.0003	Val Accuracy: 7.74
Training Epoch: 186/200	Train Loss: 0.0005	Val Accuracy: 7.54
Training Epoch: 187/200	Train Loss: 0.0016	Val Accuracy: 7.54
Training Epoch: 188/200	Train Loss: 0.0006	Val Accuracy: 7.84
Training Epoch: 189/200	Train Loss: 0.0005	Val Accuracy: 7.84
Training Epoch: 190/200	Train Loss: 0.0006	Val Accuracy: 8.22
Training Epoch: 191/200	Train Loss: 0.0006	Val Accuracy: 8.22
Training Epoch: 192/200	Train Loss: 0.0011	Val Accuracy: 7.8
Training Epoch: 193/200	Train Loss: 0.0007	Val Accuracy: 7.8
Training Epoch: 194/200	Train Loss: 0.0006	Val Accuracy: 8.06
Training Epoch: 195/200	Train Loss: 0.0005	Val Accuracy: 8.06
Training Epoch: 196/200	Train Loss: 0.0014	Val Accuracy: 7.58
Training Epoch: 197/200	Train Loss: 0.001	Val Accuracy: 7.58
Training Epoch: 198/200	Train Loss: 0.0005	Val Accuracy: 7.98
Training Epoch: 199/200	Train Loss: 0.002	Val Accuracy: 7.98
Training Epoch: 200/200	Train Loss: 0.0011	Val Accuracy: 7.64

Wrote Best Model Checkpoint to: vlBest_acc_8_model_epoch_0082.pyth

Best Validation Accuracy: 8.34
Best Epoch: 82

======== TESTING ========

Test Accuracy: 8.61.

======== ACTIVE SAMPLING ========

len(uSetLoader): 440
u_ranks.shape: (44000,)
Active Sampling Complete. After Episode 19:
New Labeled Set: 1050, New Unlabeled Set: 43950, Active Set: 50

================================


Current accuracy values:  [3.1200000000000045, 3.5999999999999943, 4.030000000000001, 4.489999999999995, 5.1200000000000045, 5.269999999999996, 5.519999999999996, 5.900000000000006, 5.840000000000003, 6.079999999999998, 6.1299999999999955, 6.510000000000005, 6.409999999999997, 6.819999999999993, 7.040000000000006, 7.569999999999993, 7.760000000000005, 7.950000000000003, 8.170000000000002, 8.61]
======== EPISODE 20 BEGINS ========

======== TRAINING ========
Training Epoch: 1/200	Train Loss: 0.2976	Val Accuracy: 0.0
Training Epoch: 2/200	Train Loss: 0.2264	Val Accuracy: 7.3
Training Epoch: 3/200	Train Loss: 0.1608	Val Accuracy: 7.3
Training Epoch: 4/200	Train Loss: 0.1354	Val Accuracy: 7.64
Training Epoch: 5/200	Train Loss: 0.0996	Val Accuracy: 7.64
Training Epoch: 6/200	Train Loss: 0.0384	Val Accuracy: 7.24
Training Epoch: 7/200	Train Loss: 0.0393	Val Accuracy: 7.24
Training Epoch: 8/200	Train Loss: 0.0345	Val Accuracy: 6.9
Training Epoch: 9/200	Train Loss: 0.0362	Val Accuracy: 6.9
Training Epoch: 10/200	Train Loss: 0.0426	Val Accuracy: 7.3
Training Epoch: 11/200	Train Loss: 0.0124	Val Accuracy: 7.3
Training Epoch: 12/200	Train Loss: 0.0172	Val Accuracy: 7.28
Training Epoch: 13/200	Train Loss: 0.0082	Val Accuracy: 7.28
Training Epoch: 14/200	Train Loss: 0.0059	Val Accuracy: 7.28
Training Epoch: 15/200	Train Loss: 0.0467	Val Accuracy: 7.28
Training Epoch: 16/200	Train Loss: 0.097	Val Accuracy: 7.46
Training Epoch: 17/200	Train Loss: 0.0046	Val Accuracy: 7.46
Training Epoch: 18/200	Train Loss: 0.012	Val Accuracy: 7.3
Training Epoch: 19/200	Train Loss: 0.0161	Val Accuracy: 7.3
Training Epoch: 20/200	Train Loss: 0.1771	Val Accuracy: 7.36
Training Epoch: 21/200	Train Loss: 0.0772	Val Accuracy: 7.36
Training Epoch: 22/200	Train Loss: 0.0495	Val Accuracy: 7.3
Training Epoch: 23/200	Train Loss: 0.0767	Val Accuracy: 7.3
Training Epoch: 24/200	Train Loss: 0.0277	Val Accuracy: 7.66
Training Epoch: 25/200	Train Loss: 0.0073	Val Accuracy: 7.66
Training Epoch: 26/200	Train Loss: 0.1071	Val Accuracy: 7.22
Training Epoch: 27/200	Train Loss: 0.0537	Val Accuracy: 7.22
Training Epoch: 28/200	Train Loss: 0.0218	Val Accuracy: 7.66
Training Epoch: 29/200	Train Loss: 0.0201	Val Accuracy: 7.66
Training Epoch: 30/200	Train Loss: 0.0307	Val Accuracy: 7.64
Training Epoch: 31/200	Train Loss: 0.0165	Val Accuracy: 7.64
Training Epoch: 32/200	Train Loss: 0.008	Val Accuracy: 7.6
Training Epoch: 33/200	Train Loss: 0.0098	Val Accuracy: 7.6
Training Epoch: 34/200	Train Loss: 0.0667	Val Accuracy: 7.82
Training Epoch: 35/200	Train Loss: 0.033	Val Accuracy: 7.82
Training Epoch: 36/200	Train Loss: 0.0127	Val Accuracy: 7.68
Training Epoch: 37/200	Train Loss: 0.0043	Val Accuracy: 7.68
Training Epoch: 38/200	Train Loss: 0.0042	Val Accuracy: 8.12
Training Epoch: 39/200	Train Loss: 0.0053	Val Accuracy: 8.12
Training Epoch: 40/200	Train Loss: 0.0009	Val Accuracy: 7.46
Training Epoch: 41/200	Train Loss: 0.0029	Val Accuracy: 7.46
Training Epoch: 42/200	Train Loss: 0.0026	Val Accuracy: 7.56
Training Epoch: 43/200	Train Loss: 0.1285	Val Accuracy: 7.56
Training Epoch: 44/200	Train Loss: 0.0977	Val Accuracy: 7.52
Training Epoch: 45/200	Train Loss: 0.0043	Val Accuracy: 7.52
Training Epoch: 46/200	Train Loss: 0.0036	Val Accuracy: 8.04
Training Epoch: 47/200	Train Loss: 0.0997	Val Accuracy: 8.04
Training Epoch: 48/200	Train Loss: 0.0016	Val Accuracy: 8.06
Training Epoch: 49/200	Train Loss: 0.0018	Val Accuracy: 8.06
Training Epoch: 50/200	Train Loss: 0.0016	Val Accuracy: 7.66
Training Epoch: 51/200	Train Loss: 0.007	Val Accuracy: 7.66
Training Epoch: 52/200	Train Loss: 0.0053	Val Accuracy: 7.46
Training Epoch: 53/200	Train Loss: 0.0026	Val Accuracy: 7.46
Training Epoch: 54/200	Train Loss: 0.0025	Val Accuracy: 8.26
Training Epoch: 55/200	Train Loss: 0.0007	Val Accuracy: 8.26
Training Epoch: 56/200	Train Loss: 0.0033	Val Accuracy: 8.02
Training Epoch: 57/200	Train Loss: 0.0025	Val Accuracy: 8.02
Training Epoch: 58/200	Train Loss: 0.0034	Val Accuracy: 7.52
Training Epoch: 59/200	Train Loss: 0.0021	Val Accuracy: 7.52
Training Epoch: 60/200	Train Loss: 0.0021	Val Accuracy: 7.82
Training Epoch: 61/200	Train Loss: 0.0014	Val Accuracy: 7.82
Training Epoch: 62/200	Train Loss: 0.0024	Val Accuracy: 8.0
Training Epoch: 63/200	Train Loss: 0.0039	Val Accuracy: 8.0
Training Epoch: 64/200	Train Loss: 0.0032	Val Accuracy: 7.74
Training Epoch: 65/200	Train Loss: 0.0032	Val Accuracy: 7.74
Training Epoch: 66/200	Train Loss: 0.0011	Val Accuracy: 7.92
Training Epoch: 67/200	Train Loss: 0.001	Val Accuracy: 7.92
Training Epoch: 68/200	Train Loss: 0.0017	Val Accuracy: 7.74
Training Epoch: 69/200	Train Loss: 0.004	Val Accuracy: 7.74
Training Epoch: 70/200	Train Loss: 0.0018	Val Accuracy: 7.88
Training Epoch: 71/200	Train Loss: 0.001	Val Accuracy: 7.88
Training Epoch: 72/200	Train Loss: 0.0021	Val Accuracy: 7.66
Training Epoch: 73/200	Train Loss: 0.0013	Val Accuracy: 7.66
Training Epoch: 74/200	Train Loss: 0.0009	Val Accuracy: 8.06
Training Epoch: 75/200	Train Loss: 0.0018	Val Accuracy: 8.06
Training Epoch: 76/200	Train Loss: 0.0009	Val Accuracy: 7.84
Training Epoch: 77/200	Train Loss: 0.0014	Val Accuracy: 7.84
Training Epoch: 78/200	Train Loss: 0.0013	Val Accuracy: 7.78
Training Epoch: 79/200	Train Loss: 0.0015	Val Accuracy: 7.78
Training Epoch: 80/200	Train Loss: 0.0008	Val Accuracy: 7.72
Training Epoch: 81/200	Train Loss: 0.0007	Val Accuracy: 7.72
Training Epoch: 82/200	Train Loss: 0.001	Val Accuracy: 8.02
Training Epoch: 83/200	Train Loss: 0.0011	Val Accuracy: 8.02
Training Epoch: 84/200	Train Loss: 0.003	Val Accuracy: 7.8
Training Epoch: 85/200	Train Loss: 0.0019	Val Accuracy: 7.8
Training Epoch: 86/200	Train Loss: 0.0006	Val Accuracy: 7.92
Training Epoch: 87/200	Train Loss: 0.0006	Val Accuracy: 7.92
Training Epoch: 88/200	Train Loss: 0.0009	Val Accuracy: 7.88
Training Epoch: 89/200	Train Loss: 0.0008	Val Accuracy: 7.88
Training Epoch: 90/200	Train Loss: 0.0007	Val Accuracy: 7.84
Training Epoch: 91/200	Train Loss: 0.0011	Val Accuracy: 7.84
Training Epoch: 92/200	Train Loss: 0.0011	Val Accuracy: 7.96
Training Epoch: 93/200	Train Loss: 0.0009	Val Accuracy: 7.96
Training Epoch: 94/200	Train Loss: 0.0012	Val Accuracy: 8.26
Training Epoch: 95/200	Train Loss: 0.0008	Val Accuracy: 8.26
Training Epoch: 96/200	Train Loss: 0.0008	Val Accuracy: 8.64
Training Epoch: 97/200	Train Loss: 0.0008	Val Accuracy: 8.64
Training Epoch: 98/200	Train Loss: 0.001	Val Accuracy: 7.84
Training Epoch: 99/200	Train Loss: 0.0013	Val Accuracy: 7.84
Training Epoch: 100/200	Train Loss: 0.0009	Val Accuracy: 8.12
Training Epoch: 101/200	Train Loss: 0.0034	Val Accuracy: 8.12
Training Epoch: 102/200	Train Loss: 0.001	Val Accuracy: 8.1
Training Epoch: 103/200	Train Loss: 0.001	Val Accuracy: 8.1
Training Epoch: 104/200	Train Loss: 0.0009	Val Accuracy: 7.8
Training Epoch: 105/200	Train Loss: 0.0013	Val Accuracy: 7.8
Training Epoch: 106/200	Train Loss: 0.0012	Val Accuracy: 8.02
Training Epoch: 107/200	Train Loss: 0.001	Val Accuracy: 8.02
Training Epoch: 108/200	Train Loss: 0.0006	Val Accuracy: 8.32
Training Epoch: 109/200	Train Loss: 0.0011	Val Accuracy: 8.32
Training Epoch: 110/200	Train Loss: 0.001	Val Accuracy: 8.24
Training Epoch: 111/200	Train Loss: 0.0009	Val Accuracy: 8.24
Training Epoch: 112/200	Train Loss: 0.0005	Val Accuracy: 7.84
Training Epoch: 113/200	Train Loss: 0.0008	Val Accuracy: 7.84
Training Epoch: 114/200	Train Loss: 0.0006	Val Accuracy: 7.88
Training Epoch: 115/200	Train Loss: 0.0017	Val Accuracy: 7.88
Training Epoch: 116/200	Train Loss: 0.001	Val Accuracy: 8.36
Training Epoch: 117/200	Train Loss: 0.001	Val Accuracy: 8.36
Training Epoch: 118/200	Train Loss: 0.0007	Val Accuracy: 7.92
Training Epoch: 119/200	Train Loss: 0.0006	Val Accuracy: 7.92
Training Epoch: 120/200	Train Loss: 0.0012	Val Accuracy: 7.86
Training Epoch: 121/200	Train Loss: 0.001	Val Accuracy: 7.86
Training Epoch: 122/200	Train Loss: 0.0005	Val Accuracy: 8.0
Training Epoch: 123/200	Train Loss: 0.0006	Val Accuracy: 8.0
Training Epoch: 124/200	Train Loss: 0.0014	Val Accuracy: 8.26
Training Epoch: 125/200	Train Loss: 0.0009	Val Accuracy: 8.26
Training Epoch: 126/200	Train Loss: 0.0009	Val Accuracy: 8.08
Training Epoch: 127/200	Train Loss: 0.0008	Val Accuracy: 8.08
Training Epoch: 128/200	Train Loss: 0.0006	Val Accuracy: 8.24
Training Epoch: 129/200	Train Loss: 0.0022	Val Accuracy: 8.24
Training Epoch: 130/200	Train Loss: 0.001	Val Accuracy: 7.84
Training Epoch: 131/200	Train Loss: 0.0007	Val Accuracy: 7.84
Training Epoch: 132/200	Train Loss: 0.0009	Val Accuracy: 8.08
Training Epoch: 133/200	Train Loss: 0.001	Val Accuracy: 8.08
Training Epoch: 134/200	Train Loss: 0.0012	Val Accuracy: 8.22
Training Epoch: 135/200	Train Loss: 0.0006	Val Accuracy: 8.22
Training Epoch: 136/200	Train Loss: 0.0007	Val Accuracy: 8.7
Training Epoch: 137/200	Train Loss: 0.0007	Val Accuracy: 8.7
Training Epoch: 138/200	Train Loss: 0.0008	Val Accuracy: 7.94
Training Epoch: 139/200	Train Loss: 0.0009	Val Accuracy: 7.94
Training Epoch: 140/200	Train Loss: 0.0005	Val Accuracy: 7.86
Training Epoch: 141/200	Train Loss: 0.001	Val Accuracy: 7.86
Training Epoch: 142/200	Train Loss: 0.0009	Val Accuracy: 7.82
Training Epoch: 143/200	Train Loss: 0.0007	Val Accuracy: 7.82
Training Epoch: 144/200	Train Loss: 0.0006	Val Accuracy: 7.72
Training Epoch: 145/200	Train Loss: 0.0026	Val Accuracy: 7.72
Training Epoch: 146/200	Train Loss: 0.0009	Val Accuracy: 8.18
Training Epoch: 147/200	Train Loss: 0.0013	Val Accuracy: 8.18
Training Epoch: 148/200	Train Loss: 0.0008	Val Accuracy: 7.92
Training Epoch: 149/200	Train Loss: 0.0012	Val Accuracy: 7.92
Training Epoch: 150/200	Train Loss: 0.0035	Val Accuracy: 7.8
Training Epoch: 151/200	Train Loss: 0.0005	Val Accuracy: 7.8
Training Epoch: 152/200	Train Loss: 0.0013	Val Accuracy: 8.12
Training Epoch: 153/200	Train Loss: 0.0016	Val Accuracy: 8.12
Training Epoch: 154/200	Train Loss: 0.0011	Val Accuracy: 8.26
Training Epoch: 155/200	Train Loss: 0.002	Val Accuracy: 8.26
Training Epoch: 156/200	Train Loss: 0.001	Val Accuracy: 7.9
Training Epoch: 157/200	Train Loss: 0.0005	Val Accuracy: 7.9
Training Epoch: 158/200	Train Loss: 0.0006	Val Accuracy: 7.92
Training Epoch: 159/200	Train Loss: 0.0024	Val Accuracy: 7.92
Training Epoch: 160/200	Train Loss: 0.0014	Val Accuracy: 8.22
Training Epoch: 161/200	Train Loss: 0.0009	Val Accuracy: 8.22
Training Epoch: 162/200	Train Loss: 0.0008	Val Accuracy: 8.44
Training Epoch: 163/200	Train Loss: 0.0007	Val Accuracy: 8.44
Training Epoch: 164/200	Train Loss: 0.0009	Val Accuracy: 8.18
Training Epoch: 165/200	Train Loss: 0.0011	Val Accuracy: 8.18
Training Epoch: 166/200	Train Loss: 0.0009	Val Accuracy: 8.24
Training Epoch: 167/200	Train Loss: 0.0006	Val Accuracy: 8.24
Training Epoch: 168/200	Train Loss: 0.0005	Val Accuracy: 8.12
Training Epoch: 169/200	Train Loss: 0.0006	Val Accuracy: 8.12
Training Epoch: 170/200	Train Loss: 0.0013	Val Accuracy: 8.12
Training Epoch: 171/200	Train Loss: 0.0005	Val Accuracy: 8.12
Training Epoch: 172/200	Train Loss: 0.0006	Val Accuracy: 7.94
Training Epoch: 173/200	Train Loss: 0.0006	Val Accuracy: 7.94
Training Epoch: 174/200	Train Loss: 0.0016	Val Accuracy: 7.94
Training Epoch: 175/200	Train Loss: 0.0006	Val Accuracy: 7.94
Training Epoch: 176/200	Train Loss: 0.0005	Val Accuracy: 7.96
Training Epoch: 177/200	Train Loss: 0.0008	Val Accuracy: 7.96
Training Epoch: 178/200	Train Loss: 0.0006	Val Accuracy: 8.0
Training Epoch: 179/200	Train Loss: 0.0013	Val Accuracy: 8.0
Training Epoch: 180/200	Train Loss: 0.0007	Val Accuracy: 8.4
Training Epoch: 181/200	Train Loss: 0.0008	Val Accuracy: 8.4
Training Epoch: 182/200	Train Loss: 0.0005	Val Accuracy: 7.82
Training Epoch: 183/200	Train Loss: 0.0004	Val Accuracy: 7.82
Training Epoch: 184/200	Train Loss: 0.0014	Val Accuracy: 8.38
Training Epoch: 185/200	Train Loss: 0.0007	Val Accuracy: 8.38
Training Epoch: 186/200	Train Loss: 0.0007	Val Accuracy: 8.14
Training Epoch: 187/200	Train Loss: 0.0006	Val Accuracy: 8.14
Training Epoch: 188/200	Train Loss: 0.0009	Val Accuracy: 7.96
Training Epoch: 189/200	Train Loss: 0.0007	Val Accuracy: 7.96
Training Epoch: 190/200	Train Loss: 0.0006	Val Accuracy: 7.96
Training Epoch: 191/200	Train Loss: 0.001	Val Accuracy: 7.96
Training Epoch: 192/200	Train Loss: 0.0006	Val Accuracy: 8.26
Training Epoch: 193/200	Train Loss: 0.0008	Val Accuracy: 8.26
Training Epoch: 194/200	Train Loss: 0.0007	Val Accuracy: 7.96
Training Epoch: 195/200	Train Loss: 0.0008	Val Accuracy: 7.96
Training Epoch: 196/200	Train Loss: 0.0009	Val Accuracy: 7.68
Training Epoch: 197/200	Train Loss: 0.001	Val Accuracy: 7.68
Training Epoch: 198/200	Train Loss: 0.0014	Val Accuracy: 8.16
Training Epoch: 199/200	Train Loss: 0.0008	Val Accuracy: 8.16
Training Epoch: 200/200	Train Loss: 0.001	Val Accuracy: 8.08

Wrote Best Model Checkpoint to: vlBest_acc_8_model_epoch_0136.pyth

Best Validation Accuracy: 8.7
Best Epoch: 136

======== TESTING ========

Test Accuracy: 8.59.

======== ACTIVE SAMPLING ========

len(uSetLoader): 440
u_ranks.shape: (43950,)
Active Sampling Complete. After Episode 20:
New Labeled Set: 1100, New Unlabeled Set: 43900, Active Set: 50

================================


Current accuracy values:  [3.1200000000000045, 3.5999999999999943, 4.030000000000001, 4.489999999999995, 5.1200000000000045, 5.269999999999996, 5.519999999999996, 5.900000000000006, 5.840000000000003, 6.079999999999998, 6.1299999999999955, 6.510000000000005, 6.409999999999997, 6.819999999999993, 7.040000000000006, 7.569999999999993, 7.760000000000005, 7.950000000000003, 8.170000000000002, 8.61, 8.590000000000003]
======== EPISODE 21 BEGINS ========

======== TRAINING ========
Training Epoch: 1/200	Train Loss: 0.3003	Val Accuracy: 0.0
Training Epoch: 2/200	Train Loss: 0.0783	Val Accuracy: 6.84
Training Epoch: 3/200	Train Loss: 0.1344	Val Accuracy: 6.84
Training Epoch: 4/200	Train Loss: 0.0421	Val Accuracy: 7.92
Training Epoch: 5/200	Train Loss: 0.0926	Val Accuracy: 7.92
Training Epoch: 6/200	Train Loss: 0.0377	Val Accuracy: 7.12
Training Epoch: 7/200	Train Loss: 0.0507	Val Accuracy: 7.12
Training Epoch: 8/200	Train Loss: 0.0136	Val Accuracy: 7.18
Training Epoch: 9/200	Train Loss: 0.0085	Val Accuracy: 7.18
Training Epoch: 10/200	Train Loss: 0.0364	Val Accuracy: 7.68
Training Epoch: 11/200	Train Loss: 0.0323	Val Accuracy: 7.68
Training Epoch: 12/200	Train Loss: 0.0259	Val Accuracy: 8.14
Training Epoch: 13/200	Train Loss: 0.0516	Val Accuracy: 8.14
Training Epoch: 14/200	Train Loss: 0.1053	Val Accuracy: 8.14
Training Epoch: 15/200	Train Loss: 0.0786	Val Accuracy: 8.14
Training Epoch: 16/200	Train Loss: 0.0113	Val Accuracy: 7.56
Training Epoch: 17/200	Train Loss: 0.0112	Val Accuracy: 7.56
Training Epoch: 18/200	Train Loss: 0.153	Val Accuracy: 7.78
Training Epoch: 19/200	Train Loss: 0.0261	Val Accuracy: 7.78
Training Epoch: 20/200	Train Loss: 0.0077	Val Accuracy: 7.7
Training Epoch: 21/200	Train Loss: 0.0143	Val Accuracy: 7.7
Training Epoch: 22/200	Train Loss: 0.0161	Val Accuracy: 7.44
Training Epoch: 23/200	Train Loss: 0.0037	Val Accuracy: 7.44
Training Epoch: 24/200	Train Loss: 0.0633	Val Accuracy: 8.32
Training Epoch: 25/200	Train Loss: 0.0172	Val Accuracy: 8.32
Training Epoch: 26/200	Train Loss: 0.0342	Val Accuracy: 7.62
Training Epoch: 27/200	Train Loss: 0.0081	Val Accuracy: 7.62
Training Epoch: 28/200	Train Loss: 0.0382	Val Accuracy: 8.02
Training Epoch: 29/200	Train Loss: 0.0592	Val Accuracy: 8.02
Training Epoch: 30/200	Train Loss: 0.027	Val Accuracy: 7.54
Training Epoch: 31/200	Train Loss: 0.0133	Val Accuracy: 7.54
Training Epoch: 32/200	Train Loss: 0.0054	Val Accuracy: 7.76
Training Epoch: 33/200	Train Loss: 0.0588	Val Accuracy: 7.76
Training Epoch: 34/200	Train Loss: 0.007	Val Accuracy: 7.78
Training Epoch: 35/200	Train Loss: 0.0067	Val Accuracy: 7.78
Training Epoch: 36/200	Train Loss: 0.0021	Val Accuracy: 7.96
Training Epoch: 37/200	Train Loss: 0.0021	Val Accuracy: 7.96
Training Epoch: 38/200	Train Loss: 0.0011	Val Accuracy: 7.72
Training Epoch: 39/200	Train Loss: 0.0034	Val Accuracy: 7.72
Training Epoch: 40/200	Train Loss: 0.0018	Val Accuracy: 8.16
Training Epoch: 41/200	Train Loss: 0.002	Val Accuracy: 8.16
Training Epoch: 42/200	Train Loss: 0.0154	Val Accuracy: 7.4
Training Epoch: 43/200	Train Loss: 0.0016	Val Accuracy: 7.4
Training Epoch: 44/200	Train Loss: 0.0019	Val Accuracy: 8.0
Training Epoch: 45/200	Train Loss: 0.0027	Val Accuracy: 8.0
Training Epoch: 46/200	Train Loss: 0.0014	Val Accuracy: 8.62
Training Epoch: 47/200	Train Loss: 0.0014	Val Accuracy: 8.62
Training Epoch: 48/200	Train Loss: 0.003	Val Accuracy: 8.38
Training Epoch: 49/200	Train Loss: 0.0021	Val Accuracy: 8.38
Training Epoch: 50/200	Train Loss: 0.0015	Val Accuracy: 8.14
Training Epoch: 51/200	Train Loss: 0.0012	Val Accuracy: 8.14
Training Epoch: 52/200	Train Loss: 0.0034	Val Accuracy: 8.26
Training Epoch: 53/200	Train Loss: 0.0073	Val Accuracy: 8.26
Training Epoch: 54/200	Train Loss: 0.0022	Val Accuracy: 8.12
Training Epoch: 55/200	Train Loss: 0.0021	Val Accuracy: 8.12
Training Epoch: 56/200	Train Loss: 0.0015	Val Accuracy: 7.9
Training Epoch: 57/200	Train Loss: 0.003	Val Accuracy: 7.9
Training Epoch: 58/200	Train Loss: 0.0021	Val Accuracy: 8.14
Training Epoch: 59/200	Train Loss: 0.0015	Val Accuracy: 8.14
Training Epoch: 60/200	Train Loss: 0.001	Val Accuracy: 8.26
Training Epoch: 61/200	Train Loss: 0.0011	Val Accuracy: 8.26
Training Epoch: 62/200	Train Loss: 0.0015	Val Accuracy: 7.98
Training Epoch: 63/200	Train Loss: 0.0015	Val Accuracy: 7.98
Training Epoch: 64/200	Train Loss: 0.0042	Val Accuracy: 8.7
Training Epoch: 65/200	Train Loss: 0.0011	Val Accuracy: 8.7
Training Epoch: 66/200	Train Loss: 0.0029	Val Accuracy: 8.0
Training Epoch: 67/200	Train Loss: 0.0012	Val Accuracy: 8.0
Training Epoch: 68/200	Train Loss: 0.0005	Val Accuracy: 8.12
Training Epoch: 69/200	Train Loss: 0.0017	Val Accuracy: 8.12
Training Epoch: 70/200	Train Loss: 0.0014	Val Accuracy: 7.96
Training Epoch: 71/200	Train Loss: 0.0011	Val Accuracy: 7.96
Training Epoch: 72/200	Train Loss: 0.0011	Val Accuracy: 7.74
Training Epoch: 73/200	Train Loss: 0.0008	Val Accuracy: 7.74
Training Epoch: 74/200	Train Loss: 0.001	Val Accuracy: 7.92
Training Epoch: 75/200	Train Loss: 0.0008	Val Accuracy: 7.92
Training Epoch: 76/200	Train Loss: 0.0014	Val Accuracy: 8.18
Training Epoch: 77/200	Train Loss: 0.0008	Val Accuracy: 8.18
Training Epoch: 78/200	Train Loss: 0.0022	Val Accuracy: 8.26
Training Epoch: 79/200	Train Loss: 0.0009	Val Accuracy: 8.26
Training Epoch: 80/200	Train Loss: 0.0017	Val Accuracy: 7.86
Training Epoch: 81/200	Train Loss: 0.0016	Val Accuracy: 7.86
Training Epoch: 82/200	Train Loss: 0.0016	Val Accuracy: 8.6
Training Epoch: 83/200	Train Loss: 0.0008	Val Accuracy: 8.6
Training Epoch: 84/200	Train Loss: 0.0009	Val Accuracy: 8.14
Training Epoch: 85/200	Train Loss: 0.0008	Val Accuracy: 8.14
Training Epoch: 86/200	Train Loss: 0.0018	Val Accuracy: 8.06
Training Epoch: 87/200	Train Loss: 0.001	Val Accuracy: 8.06
Training Epoch: 88/200	Train Loss: 0.0011	Val Accuracy: 8.28
Training Epoch: 89/200	Train Loss: 0.0034	Val Accuracy: 8.28
Training Epoch: 90/200	Train Loss: 0.0007	Val Accuracy: 8.46
Training Epoch: 91/200	Train Loss: 0.0008	Val Accuracy: 8.46
Training Epoch: 92/200	Train Loss: 0.0012	Val Accuracy: 8.36
Training Epoch: 93/200	Train Loss: 0.0011	Val Accuracy: 8.36
Training Epoch: 94/200	Train Loss: 0.0017	Val Accuracy: 8.22
Training Epoch: 95/200	Train Loss: 0.0011	Val Accuracy: 8.22
Training Epoch: 96/200	Train Loss: 0.0013	Val Accuracy: 8.36
Training Epoch: 97/200	Train Loss: 0.001	Val Accuracy: 8.36
Training Epoch: 98/200	Train Loss: 0.0007	Val Accuracy: 8.1
Training Epoch: 99/200	Train Loss: 0.0006	Val Accuracy: 8.1
Training Epoch: 100/200	Train Loss: 0.0009	Val Accuracy: 8.12
Training Epoch: 101/200	Train Loss: 0.0011	Val Accuracy: 8.12
Training Epoch: 102/200	Train Loss: 0.001	Val Accuracy: 8.18
Training Epoch: 103/200	Train Loss: 0.001	Val Accuracy: 8.18
Training Epoch: 104/200	Train Loss: 0.0034	Val Accuracy: 8.48
Training Epoch: 105/200	Train Loss: 0.001	Val Accuracy: 8.48
Training Epoch: 106/200	Train Loss: 0.0013	Val Accuracy: 7.88
Training Epoch: 107/200	Train Loss: 0.0006	Val Accuracy: 7.88
Training Epoch: 108/200	Train Loss: 0.0007	Val Accuracy: 8.34
Training Epoch: 109/200	Train Loss: 0.0015	Val Accuracy: 8.34
Training Epoch: 110/200	Train Loss: 0.0027	Val Accuracy: 8.5
Training Epoch: 111/200	Train Loss: 0.0019	Val Accuracy: 8.5
Training Epoch: 112/200	Train Loss: 0.0006	Val Accuracy: 8.24
Training Epoch: 113/200	Train Loss: 0.0011	Val Accuracy: 8.24
Training Epoch: 114/200	Train Loss: 0.0008	Val Accuracy: 8.16
Training Epoch: 115/200	Train Loss: 0.0006	Val Accuracy: 8.16
Training Epoch: 116/200	Train Loss: 0.001	Val Accuracy: 8.2
Training Epoch: 117/200	Train Loss: 0.0009	Val Accuracy: 8.2
Training Epoch: 118/200	Train Loss: 0.0011	Val Accuracy: 8.82
Training Epoch: 119/200	Train Loss: 0.0007	Val Accuracy: 8.82
Training Epoch: 120/200	Train Loss: 0.0018	Val Accuracy: 8.44
Training Epoch: 121/200	Train Loss: 0.0006	Val Accuracy: 8.44
Training Epoch: 122/200	Train Loss: 0.0013	Val Accuracy: 8.52
Training Epoch: 123/200	Train Loss: 0.0006	Val Accuracy: 8.52
Training Epoch: 124/200	Train Loss: 0.0009	Val Accuracy: 8.32
Training Epoch: 125/200	Train Loss: 0.0004	Val Accuracy: 8.32
Training Epoch: 126/200	Train Loss: 0.0043	Val Accuracy: 8.2
Training Epoch: 127/200	Train Loss: 0.0014	Val Accuracy: 8.2
Training Epoch: 128/200	Train Loss: 0.0008	Val Accuracy: 8.56
Training Epoch: 129/200	Train Loss: 0.0006	Val Accuracy: 8.56
Training Epoch: 130/200	Train Loss: 0.0009	Val Accuracy: 8.32
Training Epoch: 131/200	Train Loss: 0.001	Val Accuracy: 8.32
Training Epoch: 132/200	Train Loss: 0.0006	Val Accuracy: 8.32
Training Epoch: 133/200	Train Loss: 0.001	Val Accuracy: 8.32
Training Epoch: 134/200	Train Loss: 0.0007	Val Accuracy: 8.5
Training Epoch: 135/200	Train Loss: 0.0018	Val Accuracy: 8.5
Training Epoch: 136/200	Train Loss: 0.0009	Val Accuracy: 8.18
Training Epoch: 137/200	Train Loss: 0.0012	Val Accuracy: 8.18
Training Epoch: 138/200	Train Loss: 0.0007	Val Accuracy: 8.32
Training Epoch: 139/200	Train Loss: 0.0008	Val Accuracy: 8.32
Training Epoch: 140/200	Train Loss: 0.0008	Val Accuracy: 8.34
Training Epoch: 141/200	Train Loss: 0.0009	Val Accuracy: 8.34
Training Epoch: 142/200	Train Loss: 0.0013	Val Accuracy: 8.66
Training Epoch: 143/200	Train Loss: 0.0008	Val Accuracy: 8.66
Training Epoch: 144/200	Train Loss: 0.003	Val Accuracy: 8.48
Training Epoch: 145/200	Train Loss: 0.0006	Val Accuracy: 8.48
Training Epoch: 146/200	Train Loss: 0.0014	Val Accuracy: 8.44
Training Epoch: 147/200	Train Loss: 0.0017	Val Accuracy: 8.44
Training Epoch: 148/200	Train Loss: 0.0007	Val Accuracy: 8.38
Training Epoch: 149/200	Train Loss: 0.0018	Val Accuracy: 8.38
Training Epoch: 150/200	Train Loss: 0.0006	Val Accuracy: 8.34
Training Epoch: 151/200	Train Loss: 0.0008	Val Accuracy: 8.34
Training Epoch: 152/200	Train Loss: 0.0014	Val Accuracy: 8.68
Training Epoch: 153/200	Train Loss: 0.0008	Val Accuracy: 8.68
Training Epoch: 154/200	Train Loss: 0.0006	Val Accuracy: 8.14
Training Epoch: 155/200	Train Loss: 0.0013	Val Accuracy: 8.14
Training Epoch: 156/200	Train Loss: 0.001	Val Accuracy: 8.34
Training Epoch: 157/200	Train Loss: 0.0009	Val Accuracy: 8.34
Training Epoch: 158/200	Train Loss: 0.0005	Val Accuracy: 8.42
Training Epoch: 159/200	Train Loss: 0.001	Val Accuracy: 8.42
Training Epoch: 160/200	Train Loss: 0.0011	Val Accuracy: 8.54
Training Epoch: 161/200	Train Loss: 0.0013	Val Accuracy: 8.54
Training Epoch: 162/200	Train Loss: 0.0009	Val Accuracy: 8.3
Training Epoch: 163/200	Train Loss: 0.0017	Val Accuracy: 8.3
Training Epoch: 164/200	Train Loss: 0.0006	Val Accuracy: 8.48
Training Epoch: 165/200	Train Loss: 0.001	Val Accuracy: 8.48
Training Epoch: 166/200	Train Loss: 0.0007	Val Accuracy: 8.22
Training Epoch: 167/200	Train Loss: 0.0019	Val Accuracy: 8.22
Training Epoch: 168/200	Train Loss: 0.0006	Val Accuracy: 8.4
Training Epoch: 169/200	Train Loss: 0.0009	Val Accuracy: 8.4
Training Epoch: 170/200	Train Loss: 0.0005	Val Accuracy: 8.32
Training Epoch: 171/200	Train Loss: 0.0009	Val Accuracy: 8.32
Training Epoch: 172/200	Train Loss: 0.0016	Val Accuracy: 8.34
Training Epoch: 173/200	Train Loss: 0.0006	Val Accuracy: 8.34
Training Epoch: 174/200	Train Loss: 0.0008	Val Accuracy: 8.34
Training Epoch: 175/200	Train Loss: 0.0006	Val Accuracy: 8.34
Training Epoch: 176/200	Train Loss: 0.0016	Val Accuracy: 8.14
Training Epoch: 177/200	Train Loss: 0.0007	Val Accuracy: 8.14
Training Epoch: 178/200	Train Loss: 0.0005	Val Accuracy: 8.36
Training Epoch: 179/200	Train Loss: 0.0007	Val Accuracy: 8.36
Training Epoch: 180/200	Train Loss: 0.0006	Val Accuracy: 8.7
Training Epoch: 181/200	Train Loss: 0.0009	Val Accuracy: 8.7
Training Epoch: 182/200	Train Loss: 0.0007	Val Accuracy: 8.74
Training Epoch: 183/200	Train Loss: 0.0007	Val Accuracy: 8.74
Training Epoch: 184/200	Train Loss: 0.0007	Val Accuracy: 8.44
Training Epoch: 185/200	Train Loss: 0.0009	Val Accuracy: 8.44
Training Epoch: 186/200	Train Loss: 0.0007	Val Accuracy: 8.2
Training Epoch: 187/200	Train Loss: 0.0011	Val Accuracy: 8.2
Training Epoch: 188/200	Train Loss: 0.0014	Val Accuracy: 8.18
Training Epoch: 189/200	Train Loss: 0.0013	Val Accuracy: 8.18
Training Epoch: 190/200	Train Loss: 0.0006	Val Accuracy: 8.26
Training Epoch: 191/200	Train Loss: 0.0006	Val Accuracy: 8.26
Training Epoch: 192/200	Train Loss: 0.0015	Val Accuracy: 8.18
Training Epoch: 193/200	Train Loss: 0.0006	Val Accuracy: 8.18
Training Epoch: 194/200	Train Loss: 0.001	Val Accuracy: 8.46
Training Epoch: 195/200	Train Loss: 0.0009	Val Accuracy: 8.46
Training Epoch: 196/200	Train Loss: 0.0006	Val Accuracy: 8.46
Training Epoch: 197/200	Train Loss: 0.0012	Val Accuracy: 8.46
Training Epoch: 198/200	Train Loss: 0.0008	Val Accuracy: 8.58
Training Epoch: 199/200	Train Loss: 0.0009	Val Accuracy: 8.58
Training Epoch: 200/200	Train Loss: 0.0009	Val Accuracy: 8.4

Wrote Best Model Checkpoint to: vlBest_acc_8_model_epoch_0118.pyth

Best Validation Accuracy: 8.82
Best Epoch: 118

======== TESTING ========

Test Accuracy: 8.89.

======== ACTIVE SAMPLING ========

len(uSetLoader): 439
u_ranks.shape: (43900,)
Active Sampling Complete. After Episode 21:
New Labeled Set: 1150, New Unlabeled Set: 43850, Active Set: 50

================================


Current accuracy values:  [3.1200000000000045, 3.5999999999999943, 4.030000000000001, 4.489999999999995, 5.1200000000000045, 5.269999999999996, 5.519999999999996, 5.900000000000006, 5.840000000000003, 6.079999999999998, 6.1299999999999955, 6.510000000000005, 6.409999999999997, 6.819999999999993, 7.040000000000006, 7.569999999999993, 7.760000000000005, 7.950000000000003, 8.170000000000002, 8.61, 8.590000000000003, 8.89]
======== EPISODE 22 BEGINS ========

======== TRAINING ========
Training Epoch: 1/200	Train Loss: 0.3115	Val Accuracy: 0.0
Training Epoch: 2/200	Train Loss: 0.3196	Val Accuracy: 7.14
Training Epoch: 3/200	Train Loss: 0.2035	Val Accuracy: 7.14
Training Epoch: 4/200	Train Loss: 0.0876	Val Accuracy: 7.76
Training Epoch: 5/200	Train Loss: 0.1684	Val Accuracy: 7.76
Training Epoch: 6/200	Train Loss: 0.0557	Val Accuracy: 7.72
Training Epoch: 7/200	Train Loss: 0.0869	Val Accuracy: 7.72
Training Epoch: 8/200	Train Loss: 0.0362	Val Accuracy: 7.98
Training Epoch: 9/200	Train Loss: 0.0424	Val Accuracy: 7.98
Training Epoch: 10/200	Train Loss: 0.0401	Val Accuracy: 7.46
Training Epoch: 11/200	Train Loss: 0.0392	Val Accuracy: 7.46
Training Epoch: 12/200	Train Loss: 0.0984	Val Accuracy: 7.9
Training Epoch: 13/200	Train Loss: 0.0269	Val Accuracy: 7.9
Training Epoch: 14/200	Train Loss: 0.039	Val Accuracy: 7.62
Training Epoch: 15/200	Train Loss: 0.0632	Val Accuracy: 7.62
Training Epoch: 16/200	Train Loss: 0.0183	Val Accuracy: 7.66
Training Epoch: 17/200	Train Loss: 0.0333	Val Accuracy: 7.66
Training Epoch: 18/200	Train Loss: 0.0408	Val Accuracy: 6.94
Training Epoch: 19/200	Train Loss: 0.0333	Val Accuracy: 6.94
Training Epoch: 20/200	Train Loss: 0.0187	Val Accuracy: 7.66
Training Epoch: 21/200	Train Loss: 0.0272	Val Accuracy: 7.66
Training Epoch: 22/200	Train Loss: 0.0298	Val Accuracy: 7.2
Training Epoch: 23/200	Train Loss: 0.0234	Val Accuracy: 7.2
Training Epoch: 24/200	Train Loss: 0.0104	Val Accuracy: 7.62
Training Epoch: 25/200	Train Loss: 0.0046	Val Accuracy: 7.62
Training Epoch: 26/200	Train Loss: 0.0283	Val Accuracy: 7.74
Training Epoch: 27/200	Train Loss: 0.0082	Val Accuracy: 7.74
Training Epoch: 28/200	Train Loss: 0.0152	Val Accuracy: 7.7
Training Epoch: 29/200	Train Loss: 0.0245	Val Accuracy: 7.7
Training Epoch: 30/200	Train Loss: 0.0223	Val Accuracy: 7.88
Training Epoch: 31/200	Train Loss: 0.0059	Val Accuracy: 7.88
Training Epoch: 32/200	Train Loss: 0.0127	Val Accuracy: 7.74
Training Epoch: 33/200	Train Loss: 0.0562	Val Accuracy: 7.74
Training Epoch: 34/200	Train Loss: 0.006	Val Accuracy: 7.88
Training Epoch: 35/200	Train Loss: 0.0128	Val Accuracy: 7.88
Training Epoch: 36/200	Train Loss: 0.0123	Val Accuracy: 7.44
Training Epoch: 37/200	Train Loss: 0.0349	Val Accuracy: 7.44
Training Epoch: 38/200	Train Loss: 0.0073	Val Accuracy: 7.58
Training Epoch: 39/200	Train Loss: 0.0039	Val Accuracy: 7.58
Training Epoch: 40/200	Train Loss: 0.0037	Val Accuracy: 7.84
Training Epoch: 41/200	Train Loss: 0.0027	Val Accuracy: 7.84
Training Epoch: 42/200	Train Loss: 0.0322	Val Accuracy: 7.5
Training Epoch: 43/200	Train Loss: 0.0026	Val Accuracy: 7.5
Training Epoch: 44/200	Train Loss: 0.022	Val Accuracy: 7.76
Training Epoch: 45/200	Train Loss: 0.0117	Val Accuracy: 7.76
Training Epoch: 46/200	Train Loss: 0.0143	Val Accuracy: 7.86
Training Epoch: 47/200	Train Loss: 0.0245	Val Accuracy: 7.86
Training Epoch: 48/200	Train Loss: 0.0079	Val Accuracy: 7.64
Training Epoch: 49/200	Train Loss: 0.0138	Val Accuracy: 7.64
Training Epoch: 50/200	Train Loss: 0.0056	Val Accuracy: 8.12
Training Epoch: 51/200	Train Loss: 0.0059	Val Accuracy: 8.12
Training Epoch: 52/200	Train Loss: 0.0067	Val Accuracy: 7.6
Training Epoch: 53/200	Train Loss: 0.0046	Val Accuracy: 7.6
Training Epoch: 54/200	Train Loss: 0.0132	Val Accuracy: 8.08
Training Epoch: 55/200	Train Loss: 0.0041	Val Accuracy: 8.08
Training Epoch: 56/200	Train Loss: 0.003	Val Accuracy: 7.7
Training Epoch: 57/200	Train Loss: 0.0056	Val Accuracy: 7.7
Training Epoch: 58/200	Train Loss: 0.0037	Val Accuracy: 7.66
Training Epoch: 59/200	Train Loss: 0.002	Val Accuracy: 7.66
Training Epoch: 60/200	Train Loss: 0.0109	Val Accuracy: 7.98
Training Epoch: 61/200	Train Loss: 0.003	Val Accuracy: 7.98
Training Epoch: 62/200	Train Loss: 0.0017	Val Accuracy: 8.24
Training Epoch: 63/200	Train Loss: 0.0044	Val Accuracy: 8.24
Training Epoch: 64/200	Train Loss: 0.0011	Val Accuracy: 7.72
Training Epoch: 65/200	Train Loss: 0.0026	Val Accuracy: 7.72
Training Epoch: 66/200	Train Loss: 0.0012	Val Accuracy: 8.3
Training Epoch: 67/200	Train Loss: 0.0011	Val Accuracy: 8.3
Training Epoch: 68/200	Train Loss: 0.0016	Val Accuracy: 7.66
Training Epoch: 69/200	Train Loss: 0.0011	Val Accuracy: 7.66
Training Epoch: 70/200	Train Loss: 0.1301	Val Accuracy: 8.02
Training Epoch: 71/200	Train Loss: 0.0028	Val Accuracy: 8.02
Training Epoch: 72/200	Train Loss: 0.0015	Val Accuracy: 8.0
Training Epoch: 73/200	Train Loss: 0.0026	Val Accuracy: 8.0
Training Epoch: 74/200	Train Loss: 0.0013	Val Accuracy: 8.06
Training Epoch: 75/200	Train Loss: 0.0007	Val Accuracy: 8.06
Training Epoch: 76/200	Train Loss: 0.0016	Val Accuracy: 8.02
Training Epoch: 77/200	Train Loss: 0.0011	Val Accuracy: 8.02
Training Epoch: 78/200	Train Loss: 0.0026	Val Accuracy: 8.38
Training Epoch: 79/200	Train Loss: 0.0014	Val Accuracy: 8.38
Training Epoch: 80/200	Train Loss: 0.0007	Val Accuracy: 8.1
Training Epoch: 81/200	Train Loss: 0.0018	Val Accuracy: 8.1
Training Epoch: 82/200	Train Loss: 0.0011	Val Accuracy: 8.16
Training Epoch: 83/200	Train Loss: 0.001	Val Accuracy: 8.16
Training Epoch: 84/200	Train Loss: 0.0022	Val Accuracy: 8.32
Training Epoch: 85/200	Train Loss: 0.003	Val Accuracy: 8.32
Training Epoch: 86/200	Train Loss: 0.0009	Val Accuracy: 8.1
Training Epoch: 87/200	Train Loss: 0.0027	Val Accuracy: 8.1
Training Epoch: 88/200	Train Loss: 0.0015	Val Accuracy: 7.94
Training Epoch: 89/200	Train Loss: 0.0021	Val Accuracy: 7.94
Training Epoch: 90/200	Train Loss: 0.0009	Val Accuracy: 8.32
Training Epoch: 91/200	Train Loss: 0.0009	Val Accuracy: 8.32
Training Epoch: 92/200	Train Loss: 0.0023	Val Accuracy: 8.14
Training Epoch: 93/200	Train Loss: 0.0251	Val Accuracy: 8.14
Training Epoch: 94/200	Train Loss: 0.001	Val Accuracy: 8.04
Training Epoch: 95/200	Train Loss: 0.0011	Val Accuracy: 8.04
Training Epoch: 96/200	Train Loss: 0.0014	Val Accuracy: 8.02
Training Epoch: 97/200	Train Loss: 0.0009	Val Accuracy: 8.02
Training Epoch: 98/200	Train Loss: 0.0007	Val Accuracy: 7.98
Training Epoch: 99/200	Train Loss: 0.0011	Val Accuracy: 7.98
Training Epoch: 100/200	Train Loss: 0.0048	Val Accuracy: 7.9
Training Epoch: 101/200	Train Loss: 0.001	Val Accuracy: 7.9
Training Epoch: 102/200	Train Loss: 0.0006	Val Accuracy: 8.06
Training Epoch: 103/200	Train Loss: 0.0015	Val Accuracy: 8.06
Training Epoch: 104/200	Train Loss: 0.0007	Val Accuracy: 8.12
Training Epoch: 105/200	Train Loss: 0.0007	Val Accuracy: 8.12
Training Epoch: 106/200	Train Loss: 0.0009	Val Accuracy: 8.12
Training Epoch: 107/200	Train Loss: 0.0019	Val Accuracy: 8.12
Training Epoch: 108/200	Train Loss: 0.0013	Val Accuracy: 8.28
Training Epoch: 109/200	Train Loss: 0.0011	Val Accuracy: 8.28
Training Epoch: 110/200	Train Loss: 0.0009	Val Accuracy: 8.38
Training Epoch: 111/200	Train Loss: 0.0006	Val Accuracy: 8.38
Training Epoch: 112/200	Train Loss: 0.0013	Val Accuracy: 8.24
Training Epoch: 113/200	Train Loss: 0.0009	Val Accuracy: 8.24
Training Epoch: 114/200	Train Loss: 0.0014	Val Accuracy: 7.72
Training Epoch: 115/200	Train Loss: 0.0012	Val Accuracy: 7.72
Training Epoch: 116/200	Train Loss: 0.0012	Val Accuracy: 8.32
Training Epoch: 117/200	Train Loss: 0.0019	Val Accuracy: 8.32
Training Epoch: 118/200	Train Loss: 0.0005	Val Accuracy: 8.2
Training Epoch: 119/200	Train Loss: 0.0008	Val Accuracy: 8.2
Training Epoch: 120/200	Train Loss: 0.0007	Val Accuracy: 8.16
Training Epoch: 121/200	Train Loss: 0.0008	Val Accuracy: 8.16
Training Epoch: 122/200	Train Loss: 0.0009	Val Accuracy: 8.28
Training Epoch: 123/200	Train Loss: 0.0009	Val Accuracy: 8.28
Training Epoch: 124/200	Train Loss: 0.0006	Val Accuracy: 8.04
Training Epoch: 125/200	Train Loss: 0.0014	Val Accuracy: 8.04
Training Epoch: 126/200	Train Loss: 0.0007	Val Accuracy: 7.92
Training Epoch: 127/200	Train Loss: 0.0009	Val Accuracy: 7.92
Training Epoch: 128/200	Train Loss: 0.0008	Val Accuracy: 8.06
Training Epoch: 129/200	Train Loss: 0.0017	Val Accuracy: 8.06
Training Epoch: 130/200	Train Loss: 0.0006	Val Accuracy: 8.3
Training Epoch: 131/200	Train Loss: 0.0009	Val Accuracy: 8.3
Training Epoch: 132/200	Train Loss: 0.0013	Val Accuracy: 8.44
Training Epoch: 133/200	Train Loss: 0.0013	Val Accuracy: 8.44
Training Epoch: 134/200	Train Loss: 0.0009	Val Accuracy: 7.88
Training Epoch: 135/200	Train Loss: 0.001	Val Accuracy: 7.88
Training Epoch: 136/200	Train Loss: 0.0014	Val Accuracy: 8.12
Training Epoch: 137/200	Train Loss: 0.0113	Val Accuracy: 8.12
Training Epoch: 138/200	Train Loss: 0.001	Val Accuracy: 8.3
Training Epoch: 139/200	Train Loss: 0.0009	Val Accuracy: 8.3
Training Epoch: 140/200	Train Loss: 0.0008	Val Accuracy: 8.04
Training Epoch: 141/200	Train Loss: 0.0007	Val Accuracy: 8.04
Training Epoch: 142/200	Train Loss: 0.0027	Val Accuracy: 7.82
Training Epoch: 143/200	Train Loss: 0.0007	Val Accuracy: 7.82
Training Epoch: 144/200	Train Loss: 0.0015	Val Accuracy: 8.24
Training Epoch: 145/200	Train Loss: 0.0006	Val Accuracy: 8.24
Training Epoch: 146/200	Train Loss: 0.0006	Val Accuracy: 8.2
Training Epoch: 147/200	Train Loss: 0.0026	Val Accuracy: 8.2
Training Epoch: 148/200	Train Loss: 0.0009	Val Accuracy: 8.7
Training Epoch: 149/200	Train Loss: 0.0009	Val Accuracy: 8.7
Training Epoch: 150/200	Train Loss: 0.001	Val Accuracy: 7.98
Training Epoch: 151/200	Train Loss: 0.001	Val Accuracy: 7.98
Training Epoch: 152/200	Train Loss: 0.0014	Val Accuracy: 8.22
Training Epoch: 153/200	Train Loss: 0.0012	Val Accuracy: 8.22
Training Epoch: 154/200	Train Loss: 0.0011	Val Accuracy: 8.12
Training Epoch: 155/200	Train Loss: 0.0008	Val Accuracy: 8.12
Training Epoch: 156/200	Train Loss: 0.0015	Val Accuracy: 7.76
Training Epoch: 157/200	Train Loss: 0.0005	Val Accuracy: 7.76
Training Epoch: 158/200	Train Loss: 0.0031	Val Accuracy: 8.28
Training Epoch: 159/200	Train Loss: 0.0007	Val Accuracy: 8.28
Training Epoch: 160/200	Train Loss: 0.0016	Val Accuracy: 8.2
Training Epoch: 161/200	Train Loss: 0.0011	Val Accuracy: 8.2
Training Epoch: 162/200	Train Loss: 0.0007	Val Accuracy: 7.96
Training Epoch: 163/200	Train Loss: 0.0009	Val Accuracy: 7.96
Training Epoch: 164/200	Train Loss: 0.0008	Val Accuracy: 8.34
Training Epoch: 165/200	Train Loss: 0.0012	Val Accuracy: 8.34
Training Epoch: 166/200	Train Loss: 0.001	Val Accuracy: 8.4
Training Epoch: 167/200	Train Loss: 0.0006	Val Accuracy: 8.4
Training Epoch: 168/200	Train Loss: 0.0009	Val Accuracy: 8.14
Training Epoch: 169/200	Train Loss: 0.0009	Val Accuracy: 8.14
Training Epoch: 170/200	Train Loss: 0.0008	Val Accuracy: 8.22
Training Epoch: 171/200	Train Loss: 0.0007	Val Accuracy: 8.22
Training Epoch: 172/200	Train Loss: 0.0007	Val Accuracy: 8.28
Training Epoch: 173/200	Train Loss: 0.0006	Val Accuracy: 8.28
Training Epoch: 174/200	Train Loss: 0.0014	Val Accuracy: 8.46
Training Epoch: 175/200	Train Loss: 0.0012	Val Accuracy: 8.46
Training Epoch: 176/200	Train Loss: 0.0016	Val Accuracy: 8.06
Training Epoch: 177/200	Train Loss: 0.0009	Val Accuracy: 8.06
Training Epoch: 178/200	Train Loss: 0.0007	Val Accuracy: 8.22
Training Epoch: 179/200	Train Loss: 0.0005	Val Accuracy: 8.22
Training Epoch: 180/200	Train Loss: 0.0008	Val Accuracy: 8.28
Training Epoch: 181/200	Train Loss: 0.0007	Val Accuracy: 8.28
Training Epoch: 182/200	Train Loss: 0.0008	Val Accuracy: 7.88
Training Epoch: 183/200	Train Loss: 0.0008	Val Accuracy: 7.88
Training Epoch: 184/200	Train Loss: 0.001	Val Accuracy: 8.18
Training Epoch: 185/200	Train Loss: 0.0007	Val Accuracy: 8.18
Training Epoch: 186/200	Train Loss: 0.0008	Val Accuracy: 8.38
Training Epoch: 187/200	Train Loss: 0.0011	Val Accuracy: 8.38
Training Epoch: 188/200	Train Loss: 0.0012	Val Accuracy: 8.5
Training Epoch: 189/200	Train Loss: 0.0008	Val Accuracy: 8.5
Training Epoch: 190/200	Train Loss: 0.0012	Val Accuracy: 8.32
Training Epoch: 191/200	Train Loss: 0.0005	Val Accuracy: 8.32
Training Epoch: 192/200	Train Loss: 0.0013	Val Accuracy: 8.0
Training Epoch: 193/200	Train Loss: 0.0026	Val Accuracy: 8.0
Training Epoch: 194/200	Train Loss: 0.0008	Val Accuracy: 8.38
Training Epoch: 195/200	Train Loss: 0.0018	Val Accuracy: 8.38
Training Epoch: 196/200	Train Loss: 0.0006	Val Accuracy: 8.5
Training Epoch: 197/200	Train Loss: 0.0009	Val Accuracy: 8.5
Training Epoch: 198/200	Train Loss: 0.001	Val Accuracy: 8.52
Training Epoch: 199/200	Train Loss: 0.0009	Val Accuracy: 8.52
Training Epoch: 200/200	Train Loss: 0.0006	Val Accuracy: 8.08

Wrote Best Model Checkpoint to: vlBest_acc_8_model_epoch_0148.pyth

Best Validation Accuracy: 8.7
Best Epoch: 148

======== TESTING ========

Test Accuracy: 9.21.

======== ACTIVE SAMPLING ========

len(uSetLoader): 439
u_ranks.shape: (43850,)
