dataset,model,method,seed,exp_name,run_status,episode,labeled_count,best_val_accuracy,best_val_epoch,test_accuracy,train_time_sec,test_time_sec,acquisition_time_sec,round_time_sec,is_initial_sampling
CIFAR100,resnet18,knn_distance_cover,1,knn_distance_cover_1_50b,complete,-1,50,,,,,,1.2743704319000244,1.2743704319000244,True
CIFAR100,resnet18,knn_distance_cover,1,knn_distance_cover_1_50b,complete,0,100,4.3799999999999955,44.0,4.030000000000001,72.94569277763367,1.4646210670471191,1.204970121383667,75.61528396606445,False
CIFAR100,resnet18,knn_distance_cover,1,knn_distance_cover_1_50b,complete,1,150,6.019999999999996,158.0,6.060000000000002,73.19404077529907,1.5422351360321045,1.1219844818115234,75.8582603931427,False
CIFAR100,resnet18,knn_distance_cover,1,knn_distance_cover_1_50b,complete,2,200,7.439999999999998,84.0,7.420000000000002,74.09990882873535,1.4295408725738525,1.2195584774017334,76.74900817871094,False
CIFAR100,resnet18,knn_distance_cover,1,knn_distance_cover_1_50b,complete,3,250,7.739999999999995,200.0,7.659999999999997,77.09511590003967,1.4754624366760254,1.2586169242858887,79.82919526100159,False
CIFAR100,resnet18,knn_distance_cover,1,knn_distance_cover_1_50b,complete,4,300,8.299999999999997,134.0,7.989999999999995,78.25447607040405,1.5118658542633057,1.1497728824615479,80.9161148071289,False
CIFAR100,resnet18,knn_distance_cover,1,knn_distance_cover_1_50b,complete,5,350,8.459999999999994,200.0,8.510000000000005,83.39185833930969,1.3926730155944824,1.1511917114257812,85.93572306632996,False
CIFAR100,resnet18,knn_distance_cover,1,knn_distance_cover_1_50b,complete,6,400,8.780000000000001,132.0,8.519999999999996,82.96676564216614,1.4611835479736328,1.211212396621704,85.63916158676147,False
CIFAR100,resnet18,knn_distance_cover,1,knn_distance_cover_1_50b,complete,7,450,8.799999999999997,140.0,8.670000000000002,87.25039386749268,1.5324246883392334,1.2382700443267822,90.02108860015869,False
CIFAR100,resnet18,knn_distance_cover,1,knn_distance_cover_1_50b,complete,8,500,8.819999999999993,46.0,8.810000000000002,87.70863389968872,1.532486915588379,1.2582592964172363,90.49938011169434,False
CIFAR100,resnet18,knn_distance_cover,1,knn_distance_cover_1_50b,complete,9,550,8.980000000000004,78.0,9.129999999999995,91.81819868087769,1.5783143043518066,1.2956891059875488,94.69220209121704,False
CIFAR100,resnet18,knn_distance_cover,1,knn_distance_cover_1_50b,complete,10,600,9.299999999999997,10.0,9.200000000000003,92.04290771484375,1.4871087074279785,1.2741100788116455,94.80412650108337,False
CIFAR100,resnet18,knn_distance_cover,1,knn_distance_cover_1_50b,complete,11,650,9.560000000000002,136.0,9.799999999999997,96.11276745796204,1.5171067714691162,1.257030963897705,98.88690519332886,False
CIFAR100,resnet18,knn_distance_cover,1,knn_distance_cover_1_50b,complete,12,700,9.900000000000006,186.0,10.329999999999998,95.62996697425842,1.5217957496643066,1.2394249439239502,98.39118766784668,False
CIFAR100,resnet18,knn_distance_cover,1,knn_distance_cover_1_50b,complete,13,750,9.719999999999999,200.0,10.439999999999998,99.45329284667969,1.6465630531311035,1.1569268703460693,102.25678277015686,False
CIFAR100,resnet18,knn_distance_cover,1,knn_distance_cover_1_50b,complete,14,800,10.019999999999996,118.0,10.680000000000007,99.58291339874268,1.554351568222046,1.2788023948669434,102.41606736183167,False
CIFAR100,resnet18,knn_distance_cover,1,knn_distance_cover_1_50b,complete,15,850,10.400000000000006,68.0,11.230000000000004,103.0508770942688,1.518406629562378,1.2950942516326904,105.86437797546387,False
CIFAR100,resnet18,knn_distance_cover,1,knn_distance_cover_1_50b,complete,16,900,10.739999999999995,144.0,11.450000000000003,104.36071300506592,1.500887155532837,1.1757094860076904,107.03730964660645,False
CIFAR100,resnet18,knn_distance_cover,1,knn_distance_cover_1_50b,complete,17,950,10.780000000000001,148.0,11.269999999999996,108.77688193321228,1.5434629917144775,2.0541203022003174,112.37446522712708,False
CIFAR100,resnet18,knn_distance_cover,1,knn_distance_cover_1_50b,complete,18,1000,11.120000000000005,158.0,11.75,108.81268858909607,1.4880571365356445,1.182602882385254,111.48334860801697,False
CIFAR100,resnet18,knn_distance_cover,1,knn_distance_cover_1_50b,complete,19,1050,11.420000000000002,84.0,11.870000000000005,113.45094108581543,1.6478908061981201,1.1857128143310547,116.2845447063446,False
CIFAR100,resnet18,knn_distance_cover,1,knn_distance_cover_1_50b,complete,20,1100,11.5,120.0,12.11,113.24688768386841,1.5220801830291748,1.3223910331726074,116.09135890007019,False
CIFAR100,resnet18,knn_distance_cover,1,knn_distance_cover_1_50b,complete,21,1150,11.599999999999994,158.0,12.349999999999994,117.6533305644989,1.566789150238037,1.1831331253051758,120.40325284004211,False
CIFAR100,resnet18,knn_distance_cover,1,knn_distance_cover_1_50b,complete,22,1200,12.260000000000005,122.0,12.659999999999997,117.84511232376099,1.6121947765350342,1.325993537902832,120.78330063819885,False
CIFAR100,resnet18,knn_distance_cover,1,knn_distance_cover_1_50b,complete,23,1250,12.659999999999997,130.0,13.189999999999998,122.13844108581543,1.573871374130249,1.1810176372528076,124.89333009719849,False
CIFAR100,resnet18,knn_distance_cover,1,knn_distance_cover_1_50b,complete,24,1300,12.980000000000004,86.0,13.629999999999995,122.17032861709595,1.6504414081573486,1.1884222030639648,125.00919222831726,False
CIFAR100,resnet18,knn_distance_cover,1,knn_distance_cover_1_50b,complete,25,1350,13.439999999999998,178.0,13.900000000000006,124.7536973953247,1.4984130859375,1.2051000595092773,127.45721054077148,False
CIFAR100,resnet18,knn_distance_cover,1,knn_distance_cover_1_50b,complete,26,1400,13.780000000000001,182.0,14.269999999999996,125.96619987487793,1.5336782932281494,1.2132418155670166,128.7131199836731,False
CIFAR100,resnet18,knn_distance_cover,1,knn_distance_cover_1_50b,complete,27,1450,13.939999999999998,190.0,14.430000000000007,129.62939834594727,1.5263938903808594,1.3560059070587158,132.51179814338684,False
CIFAR100,resnet18,knn_distance_cover,1,knn_distance_cover_1_50b,complete,28,1500,13.980000000000004,90.0,14.739999999999995,130.46426439285278,1.5343687534332275,1.3159213066101074,133.31455445289612,False
CIFAR100,resnet18,knn_distance_cover,1,knn_distance_cover_1_50b,complete,29,1550,14.760000000000005,160.0,14.819999999999993,133.99896359443665,1.5246284008026123,1.3223323822021484,136.8459243774414,False
CIFAR100,resnet18,knn_distance_cover,1,knn_distance_cover_1_50b,complete,30,1600,14.780000000000001,190.0,15.060000000000002,133.56666207313538,1.7270288467407227,1.2151305675506592,136.50882148742676,False
CIFAR100,resnet18,knn_distance_cover,1,knn_distance_cover_1_50b,complete,31,1650,15.019999999999996,110.0,15.280000000000001,138.09867238998413,1.5326664447784424,1.3263814449310303,140.9577202796936,False
CIFAR100,resnet18,knn_distance_cover,1,knn_distance_cover_1_50b,complete,32,1700,15.260000000000005,176.0,15.569999999999993,138.65971279144287,1.548461675643921,1.3350379467010498,141.54321241378784,False
CIFAR100,resnet18,knn_distance_cover,1,knn_distance_cover_1_50b,complete,33,1750,15.420000000000002,154.0,15.579999999999998,141.1321575641632,1.5249660015106201,1.3004448413848877,143.95756840705872,False
CIFAR100,resnet18,knn_distance_cover,1,knn_distance_cover_1_50b,complete,34,1800,15.819999999999993,178.0,16.11,141.342791557312,1.4871711730957031,1.208160161972046,144.03812289237976,False
CIFAR100,resnet18,knn_distance_cover,1,knn_distance_cover_1_50b,complete,35,1850,16.22,126.0,16.450000000000003,147.28230142593384,1.5392053127288818,1.346040964126587,150.1675477027893,False
CIFAR100,resnet18,knn_distance_cover,1,knn_distance_cover_1_50b,complete,36,1900,16.72,184.0,16.510000000000005,144.46908330917358,1.505157709121704,1.3374574184417725,147.31169843673706,False
CIFAR100,resnet18,knn_distance_cover,1,knn_distance_cover_1_50b,complete,37,1950,17.040000000000006,158.0,16.930000000000007,150.07712817192078,1.5216617584228516,1.212186336517334,152.81097626686096,False
CIFAR100,resnet18,knn_distance_cover,1,knn_distance_cover_1_50b,complete,38,2000,17.439999999999998,146.0,16.980000000000004,150.17951369285583,1.501737117767334,1.2014858722686768,152.88273668289185,False
CIFAR100,resnet18,knn_distance_cover,1,knn_distance_cover_1_50b,complete,39,2050,17.599999999999994,160.0,17.58999992370606,154.30727362632751,1.4789443016052246,1.3201079368591309,157.10632586479187,False
CIFAR100,resnet18,knn_distance_cover,1,knn_distance_cover_1_50b,complete,40,2100,17.72,188.0,17.650000000000006,154.52822494506836,1.4987244606018066,1.196483850479126,157.2234332561493,False
CIFAR100,resnet18,knn_distance_cover,1,knn_distance_cover_1_50b,complete,41,2150,17.58,184.0,18.019999999999996,158.8941147327423,1.56331467628479,1.3360118865966797,161.79344129562378,False
CIFAR100,resnet18,knn_distance_cover,1,knn_distance_cover_1_50b,complete,42,2200,17.92,190.0,17.989999999999995,157.1310646533966,1.6059010028839111,1.2917594909667969,160.02872514724731,False
CIFAR100,resnet18,knn_distance_cover,1,knn_distance_cover_1_50b,complete,43,2250,18.64,164.0,18.189999999999998,162.6740026473999,1.5794498920440674,1.193164587020874,165.44661712646484,False
CIFAR100,resnet18,knn_distance_cover,1,knn_distance_cover_1_50b,complete,44,2300,18.519999999999996,190.0,18.290000000000006,162.03849625587463,1.5683157444000244,1.333683729171753,164.9404957294464,False
CIFAR100,resnet18,knn_distance_cover,1,knn_distance_cover_1_50b,complete,45,2350,18.28,104.0,18.849999999999994,166.9928207397461,1.6547727584838867,1.1849784851074219,169.8325719833374,False
CIFAR100,resnet18,knn_distance_cover,1,knn_distance_cover_1_50b,complete,46,2400,18.700000000000003,148.0,19.11999992370606,166.34703183174133,1.4967730045318604,1.2947373390197754,169.13854217529297,False
CIFAR100,resnet18,knn_distance_cover,1,knn_distance_cover_1_50b,complete,47,2450,18.799999999999997,116.0,19.22,169.86635398864746,1.5429332256317139,1.1974971294403076,172.60678434371948,False
CIFAR100,resnet18,knn_distance_cover,1,knn_distance_cover_1_50b,complete,48,2500,19.340000000000003,98.0,19.75,170.24299311637878,1.5174133777618408,1.340399980545044,173.10080647468567,False
CIFAR100,resnet18,knn_distance_cover,1,knn_distance_cover_1_50b,complete,49,2550,19.42,186.0,19.790000000000006,174.98224878311157,1.5072860717773438,1.4485387802124023,177.93807363510132,False
CIFAR100,resnet18,knn_distance_cover,1,knn_distance_cover_1_50b,complete,50,2600,19.979999847412103,190.0,20.0,174.9571053981781,1.7888119220733643,1.2977430820465088,178.04366040229797,False
CIFAR100,resnet18,knn_distance_cover,1,knn_distance_cover_1_50b,complete,51,2650,19.900000000000006,158.0,20.44999992370606,177.37847661972046,1.5442371368408203,1.2964553833007812,180.21916913986206,False
CIFAR100,resnet18,knn_distance_cover,1,knn_distance_cover_1_50b,complete,52,2700,20.260000000000005,172.0,20.75,178.8057267665863,1.4905097484588623,2.135284423828125,182.4315209388733,False
CIFAR100,resnet18,knn_distance_cover,1,knn_distance_cover_1_50b,complete,53,2750,20.28,172.0,20.86,182.29684829711914,1.550722599029541,2.056156635284424,185.9037275314331,False
CIFAR100,resnet18,knn_distance_cover,1,knn_distance_cover_1_50b,complete,54,2800,20.799999999999997,176.0,20.92999992370605,182.6635286808014,1.510199785232544,2.0667946338653564,186.2405230998993,False
CIFAR100,resnet18,knn_distance_cover,1,knn_distance_cover_1_50b,complete,55,2850,21.01999984741211,140.0,20.92999992370605,187.42258405685425,1.5482110977172852,2.397170066833496,191.36796522140503,False
CIFAR100,resnet18,knn_distance_cover,1,knn_distance_cover_1_50b,complete,56,2900,21.200000000000003,174.0,21.56999992370605,186.10534524917603,1.5584936141967773,2.062640905380249,189.72647976875305,False
CIFAR100,resnet18,knn_distance_cover,1,knn_distance_cover_1_50b,complete,57,2950,21.939999999999998,144.0,21.759999847412104,191.4365816116333,1.633784294128418,1.19356107711792,194.26392698287964,False
CIFAR100,resnet18,knn_distance_cover,1,knn_distance_cover_1_50b,complete,58,3000,21.519999999999996,134.0,21.84999992370605,190.15945434570312,1.544189214706421,2.048976421356201,193.75261998176575,False
CIFAR100,resnet18,knn_distance_cover,1,knn_distance_cover_1_50b,complete,59,3050,21.71999984741211,188.0,22.200000000000003,195.1264088153839,1.579420804977417,1.8403723239898682,198.5462019443512,False
CIFAR100,resnet18,knn_distance_cover,1,knn_distance_cover_1_50b,complete,60,3100,22.419999847412114,192.0,22.43999984741211,192.8863809108734,1.4965975284576416,2.0391194820404053,196.42209792137146,False
CIFAR100,resnet18,knn_distance_cover,1,knn_distance_cover_1_50b,complete,61,3150,22.219999694824224,194.0,22.269999999999996,198.38429021835327,1.5357682704925537,1.8995742797851562,201.81963276863098,False
CIFAR100,resnet18,knn_distance_cover,1,knn_distance_cover_1_50b,complete,62,3200,22.419999847412114,178.0,22.769999923706052,197.57152485847473,1.4699747562408447,1.8904051780700684,200.93190479278564,False
CIFAR100,resnet18,knn_distance_cover,1,knn_distance_cover_1_50b,complete,63,3250,22.839999694824215,164.0,23.179999847412105,203.27474761009216,1.5146081447601318,1.9243817329406738,206.71373748779297,False
CIFAR100,resnet18,knn_distance_cover,1,knn_distance_cover_1_50b,complete,64,3300,23.319999999999993,178.0,23.069999771118162,202.61718010902405,1.537851095199585,2.013171911239624,206.16820311546326,False
CIFAR100,resnet18,knn_distance_cover,1,knn_distance_cover_1_50b,complete,65,3350,23.179999694824218,118.0,24.079999542236322,206.70627403259277,1.5623881816864014,1.96437406539917,210.23303627967834,False
CIFAR100,resnet18,knn_distance_cover,1,knn_distance_cover_1_50b,complete,66,3400,23.540000000000006,178.0,24.009999694824216,206.45575308799744,1.6125242710113525,1.186631679534912,209.2549090385437,False
CIFAR100,resnet18,knn_distance_cover,1,knn_distance_cover_1_50b,complete,67,3450,23.799999694824223,148.0,24.00999954223633,210.81668949127197,1.5732965469360352,1.9497058391571045,214.3396918773651,False
CIFAR100,resnet18,knn_distance_cover,1,knn_distance_cover_1_50b,complete,68,3500,23.839999694824215,164.0,23.989999542236333,210.858074426651,1.5906546115875244,1.308969259262085,213.7576982975006,False
CIFAR100,resnet18,knn_distance_cover,1,knn_distance_cover_1_50b,complete,69,3550,24.239999999999995,198.0,24.139999694824212,215.1320469379425,1.5035393238067627,1.9251415729522705,218.56072783470154,False
CIFAR100,resnet18,knn_distance_cover,1,knn_distance_cover_1_50b,complete,70,3600,24.200000000000003,166.0,24.219999771118168,214.60886883735657,1.563621997833252,1.9796624183654785,218.1521532535553,False
CIFAR100,resnet18,knn_distance_cover,1,knn_distance_cover_1_50b,complete,71,3650,24.139999847412113,150.0,24.75999954223633,218.5818681716919,1.5104968547821045,1.929215669631958,222.02158069610596,False
CIFAR100,resnet18,knn_distance_cover,1,knn_distance_cover_1_50b,complete,72,3700,24.23999969482422,104.0,25.079999771118167,217.1096954345703,1.5492219924926758,2.1235527992248535,220.78247022628784,False
CIFAR100,resnet18,knn_distance_cover,1,knn_distance_cover_1_50b,complete,73,3750,24.64,144.0,24.700000000000003,220.21014380455017,1.6439452171325684,1.1777551174163818,223.03184413909912,False
CIFAR100,resnet18,knn_distance_cover,1,knn_distance_cover_1_50b,complete,74,3800,24.579999694824224,168.0,25.359999694824225,221.69471716880798,1.52557373046875,1.1736092567443848,224.39390015602112,False
CIFAR100,resnet18,knn_distance_cover,1,knn_distance_cover_1_50b,complete,75,3850,24.91999923706055,172.0,25.009999618530273,226.14406943321228,1.520310878753662,1.1612584590911865,228.82563877105713,False
CIFAR100,resnet18,knn_distance_cover,1,knn_distance_cover_1_50b,complete,76,3900,24.879999542236334,190.0,25.27999977111817,225.67387914657593,1.4652390480041504,1.2810680866241455,228.42018628120422,False
CIFAR100,resnet18,knn_distance_cover,1,knn_distance_cover_1_50b,complete,77,3950,25.059999542236326,186.0,25.809999542236326,230.9147186279297,1.6634047031402588,1.8948800563812256,234.47300338745117,False
CIFAR100,resnet18,knn_distance_cover,1,knn_distance_cover_1_50b,complete,78,4000,25.259999389648442,136.0,25.88999977111817,230.29189491271973,1.5482394695281982,2.0534112453460693,233.893545627594,False
CIFAR100,resnet18,knn_distance_cover,1,knn_distance_cover_1_50b,complete,79,4050,25.539999847412105,132.0,25.589999542236328,233.94215369224548,1.5622553825378418,1.3036441802978516,236.80805325508118,False
CIFAR100,resnet18,knn_distance_cover,1,knn_distance_cover_1_50b,complete,80,4100,25.719999694824224,148.0,26.229999694824215,233.98488664627075,1.5175299644470215,2.0602002143859863,237.56261682510376,False
CIFAR100,resnet18,knn_distance_cover,1,knn_distance_cover_1_50b,complete,81,4150,26.419999542236326,200.0,26.57999946594238,240.39503645896912,1.5199337005615234,2.2652480602264404,244.18021821975708,False
CIFAR100,resnet18,knn_distance_cover,1,knn_distance_cover_1_50b,complete,82,4200,25.979999694824215,200.0,26.72999961853027,238.0477316379547,1.6652123928070068,1.9564101696014404,241.66935420036316,False
CIFAR100,resnet18,knn_distance_cover,1,knn_distance_cover_1_50b,complete,83,4250,26.09999938964843,164.0,26.929999618530275,242.44588661193848,1.4713671207427979,1.3102786540985107,245.22753238677979,False
CIFAR100,resnet18,knn_distance_cover,1,knn_distance_cover_1_50b,complete,84,4300,26.499999694824226,194.0,26.43999946594238,242.77100372314453,1.560835838317871,2.017306089401245,246.34914565086365,False
CIFAR100,resnet18,knn_distance_cover,1,knn_distance_cover_1_50b,complete,85,4350,27.03999954223633,190.0,27.039999351501464,246.48154497146606,1.5353672504425049,2.1615333557128906,250.17844557762146,False
CIFAR100,resnet18,knn_distance_cover,1,knn_distance_cover_1_50b,complete,86,4400,26.61999954223633,156.0,27.019999389648433,247.64137387275696,1.5537710189819336,1.3004436492919922,250.49558854103088,False
CIFAR100,resnet18,knn_distance_cover,1,knn_distance_cover_1_50b,complete,87,4450,26.859999389648436,188.0,27.589999465942384,250.00863409042358,1.496077299118042,2.0016744136810303,253.50638580322266,False
CIFAR100,resnet18,knn_distance_cover,1,knn_distance_cover_1_50b,complete,88,4500,27.29999954223632,200.0,27.809999313354496,249.70060205459595,1.6410274505615234,2.0846152305603027,253.42624473571777,False
CIFAR100,resnet18,knn_distance_cover,1,knn_distance_cover_1_50b,complete,89,4550,26.959999847412107,158.0,27.73999946594239,254.23990488052368,1.4882025718688965,1.9531874656677246,257.6812949180603,False
CIFAR100,resnet18,knn_distance_cover,1,knn_distance_cover_1_50b,complete,90,4600,27.119999694824216,192.0,27.67999980926514,255.0446219444275,1.4999828338623047,1.883775234222412,258.4283800125122,False
CIFAR100,resnet18,knn_distance_cover,1,knn_distance_cover_1_50b,complete,91,4650,27.37999984741211,142.0,28.139999008178705,260.2375524044037,1.5315229892730713,2.007232904434204,263.77630829811096,False
CIFAR100,resnet18,knn_distance_cover,1,knn_distance_cover_1_50b,complete,92,4700,27.61999992370606,194.0,27.929999694824218,257.1705873012543,1.5248692035675049,1.9787869453430176,260.6742434501648,False
CIFAR100,resnet18,knn_distance_cover,1,knn_distance_cover_1_50b,complete,93,4750,28.039999694824218,166.0,28.33999935150146,261.3292098045349,1.4807250499725342,2.006617546081543,264.816552400589,False
CIFAR100,resnet18,knn_distance_cover,1,knn_distance_cover_1_50b,complete,94,4800,28.039999389648443,168.0,28.71999950408936,259.98998856544495,1.5441858768463135,1.911695957183838,263.4458703994751,False
CIFAR100,resnet18,knn_distance_cover,1,knn_distance_cover_1_50b,complete,95,4850,28.419999847412114,154.0,28.74999923706055,267.14378237724304,1.4889767169952393,1.3288381099700928,269.9615972042084,False
CIFAR100,resnet18,knn_distance_cover,1,knn_distance_cover_1_50b,complete,96,4900,28.51999908447266,144.0,29.05999916076661,266.8276641368866,1.5054759979248047,1.3067514896392822,269.6398916244507,False
CIFAR100,resnet18,knn_distance_cover,1,knn_distance_cover_1_50b,complete,97,4950,28.25999900817871,198.0,29.21999950408936,267.9661214351654,1.4792051315307617,1.164635419845581,270.60996198654175,False
CIFAR100,resnet18,knn_distance_cover,1,knn_distance_cover_1_50b,complete,98,5000,28.839999237060553,172.0,28.84999942779541,268.9972131252289,1.5417869091033936,1.3341782093048096,271.8731782436371,False
CIFAR100,resnet18,knn_distance_cover,1,knn_distance_cover_1_50b,complete,99,5050,28.95999969482422,112.0,29.159999122619624,273.67279052734375,1.4646003246307373,2.112398147583008,277.2497889995575,False
CIFAR100,resnet18,knn_distance_cover,1,knn_distance_cover_1_50b,complete,100,5050,28.819999771118162,160.0,29.699999580383306,274.12211203575134,1.513831377029419,0.0,275.63594341278076,False
CIFAR100,resnet18,knn_distance_cover,2,knn_distance_cover_2_50b,complete,-1,50,,,,,,1.9057199954986572,1.9057199954986572,True
CIFAR100,resnet18,knn_distance_cover,2,knn_distance_cover_2_50b,complete,0,100,4.459999999999994,110.0,4.239999999999995,74.87771892547607,1.5532863140106201,2.072573184967041,78.50357842445374,False
CIFAR100,resnet18,knn_distance_cover,2,knn_distance_cover_2_50b,complete,1,150,6.3799999999999955,190.0,6.030000000000001,75.48339343070984,1.4737648963928223,1.3120040893554688,78.26916241645813,False
CIFAR100,resnet18,knn_distance_cover,2,knn_distance_cover_2_50b,complete,2,200,7.680000000000007,200.0,8.0,75.525475025177,1.518967628479004,2.0589869022369385,79.10342955589294,False
CIFAR100,resnet18,knn_distance_cover,2,knn_distance_cover_2_50b,complete,3,250,8.280000000000001,156.0,8.510000000000005,80.09537148475647,1.5055274963378906,1.98698091506958,83.58787989616394,False
CIFAR100,resnet18,knn_distance_cover,2,knn_distance_cover_2_50b,complete,4,300,8.760000000000005,154.0,8.379999999999995,80.51028847694397,1.5183873176574707,1.8865857124328613,83.9152615070343,False
CIFAR100,resnet18,knn_distance_cover,2,knn_distance_cover_2_50b,complete,5,350,9.260000000000005,180.0,9.709999999999994,84.40235114097595,1.5085289478302002,1.2181711196899414,87.1290512084961,False
CIFAR100,resnet18,knn_distance_cover,2,knn_distance_cover_2_50b,complete,6,400,9.64,128.0,9.25,83.89851117134094,1.505244493484497,1.3419499397277832,86.74570560455322,False
CIFAR100,resnet18,knn_distance_cover,2,knn_distance_cover_2_50b,complete,7,450,9.560000000000002,116.0,9.439999999999998,88.57845044136047,1.5864953994750977,2.38541579246521,92.55036163330078,False
CIFAR100,resnet18,knn_distance_cover,2,knn_distance_cover_2_50b,complete,8,500,9.420000000000002,136.0,9.920000000000002,87.69966864585876,1.7484922409057617,1.9906365871429443,91.43879747390747,False
CIFAR100,resnet18,knn_distance_cover,2,knn_distance_cover_2_50b,complete,9,550,10.040000000000006,100.0,10.230000000000004,92.63651323318481,1.5955243110656738,2.0350706577301025,96.26710820198059,False
CIFAR100,resnet18,knn_distance_cover,2,knn_distance_cover_2_50b,complete,10,600,10.219999999999999,164.0,10.239999999999995,92.04978108406067,1.5108513832092285,2.1054575443267822,95.66609001159668,False
CIFAR100,resnet18,knn_distance_cover,2,knn_distance_cover_2_50b,complete,11,650,10.36,124.0,10.480000000000004,96.946857213974,1.750396728515625,1.9046928882598877,100.60194683074951,False
CIFAR100,resnet18,knn_distance_cover,2,knn_distance_cover_2_50b,complete,12,700,10.739999999999995,158.0,10.930000000000007,95.78832626342773,1.5090267658233643,1.9973516464233398,99.29470467567444,False
CIFAR100,resnet18,knn_distance_cover,2,knn_distance_cover_2_50b,complete,13,750,10.959999999999994,142.0,11.030000000000001,100.92701196670532,1.4984211921691895,1.2383573055267334,103.66379046440125,False
CIFAR100,resnet18,knn_distance_cover,2,knn_distance_cover_2_50b,complete,14,800,11.340000000000003,82.0,11.579999999999998,100.22185134887695,1.577375888824463,1.2226371765136719,103.02186441421509,False
CIFAR100,resnet18,knn_distance_cover,2,knn_distance_cover_2_50b,complete,15,850,11.620000000000005,136.0,11.780000000000001,104.43115401268005,1.5395164489746094,2.034109115600586,108.00477957725525,False
CIFAR100,resnet18,knn_distance_cover,2,knn_distance_cover_2_50b,complete,16,900,11.86,172.0,11.950000000000003,103.68917298316956,1.6997478008270264,1.925389289855957,107.31431007385254,False
CIFAR100,resnet18,knn_distance_cover,2,knn_distance_cover_2_50b,complete,17,950,11.86,168.0,12.129999999999995,108.13678908348083,1.6150505542755127,1.2108287811279297,110.96266841888428,False
CIFAR100,resnet18,knn_distance_cover,2,knn_distance_cover_2_50b,complete,18,1000,12.64,146.0,12.530000000000001,107.4245445728302,1.5872092247009277,2.0767154693603516,111.08846926689148,False
CIFAR100,resnet18,knn_distance_cover,2,knn_distance_cover_2_50b,complete,19,1050,13.120000000000005,180.0,12.89,111.92196345329285,1.4853270053863525,2.8782472610473633,116.28553771972656,False
CIFAR100,resnet18,knn_distance_cover,2,knn_distance_cover_2_50b,complete,20,1100,13.36,124.0,12.680000000000007,112.29201340675354,1.5401134490966797,2.338430881500244,116.17055773735046,False
CIFAR100,resnet18,knn_distance_cover,2,knn_distance_cover_2_50b,complete,21,1150,13.480000000000004,198.0,13.310000000000002,116.23351836204529,1.5230908393859863,1.2412664890289307,118.9978756904602,False
CIFAR100,resnet18,knn_distance_cover,2,knn_distance_cover_2_50b,complete,22,1200,14.14,164.0,13.700000000000003,116.81717944145203,1.5680971145629883,1.237170934677124,119.62244749069214,False
CIFAR100,resnet18,knn_distance_cover,2,knn_distance_cover_2_50b,complete,23,1250,14.439999999999998,76.0,13.810000000000002,120.80253291130066,1.5000944137573242,2.4656238555908203,124.7682511806488,False
CIFAR100,resnet18,knn_distance_cover,2,knn_distance_cover_2_50b,complete,24,1300,14.920000000000002,96.0,14.579999999999998,120.40029263496399,1.5625667572021484,1.4157130718231201,123.37857246398926,False
CIFAR100,resnet18,knn_distance_cover,2,knn_distance_cover_2_50b,complete,25,1350,15.659999999999997,130.0,14.340000000000003,125.31642198562622,1.4376001358032227,2.0317444801330566,128.7857666015625,False
CIFAR100,resnet18,knn_distance_cover,2,knn_distance_cover_2_50b,complete,26,1400,15.879999999999995,168.0,15.010000000000005,125.16236567497253,1.5302443504333496,1.9556119441986084,128.6482219696045,False
CIFAR100,resnet18,knn_distance_cover,2,knn_distance_cover_2_50b,complete,27,1450,15.719999999999999,100.0,14.909999999999997,127.74428057670593,1.5152194499969482,1.2093002796173096,130.4688003063202,False
CIFAR100,resnet18,knn_distance_cover,2,knn_distance_cover_2_50b,complete,28,1500,16.099999999999994,136.0,14.980000000000004,127.97059488296509,1.6130785942077637,2.0988314151763916,131.68250489234924,False
CIFAR100,resnet18,knn_distance_cover,2,knn_distance_cover_2_50b,complete,29,1550,16.659999999999997,150.0,15.450000000000003,132.58924794197083,1.5147101879119873,2.257577657699585,136.3615357875824,False
CIFAR100,resnet18,knn_distance_cover,2,knn_distance_cover_2_50b,complete,30,1600,16.700000000000003,116.0,15.629999999999995,132.54413723945618,1.5412983894348145,2.1886420249938965,136.2740776538849,False
CIFAR100,resnet18,knn_distance_cover,2,knn_distance_cover_2_50b,complete,31,1650,17.060000000000002,88.0,15.709999999999994,137.16374516487122,1.5152480602264404,2.2258944511413574,140.904887676239,False
CIFAR100,resnet18,knn_distance_cover,2,knn_distance_cover_2_50b,complete,32,1700,17.459999999999994,184.0,15.909999999999997,136.15035128593445,1.5570695400238037,1.2307469844818115,138.93816781044006,False
CIFAR100,resnet18,knn_distance_cover,2,knn_distance_cover_2_50b,complete,33,1750,17.620000000000005,146.0,16.180000000000007,140.59375143051147,1.5962727069854736,2.0318603515625,144.22188448905945,False
CIFAR100,resnet18,knn_distance_cover,2,knn_distance_cover_2_50b,complete,34,1800,17.519999999999996,168.0,16.790000000000006,140.16199851036072,1.5813984870910645,1.3010408878326416,143.04443788528442,False
CIFAR100,resnet18,knn_distance_cover,2,knn_distance_cover_2_50b,complete,35,1850,18.019999999999996,132.0,16.810000000000002,143.12560486793518,1.538400411605835,1.3658027648925781,146.0298080444336,False
CIFAR100,resnet18,knn_distance_cover,2,knn_distance_cover_2_50b,complete,36,1900,18.42,198.0,17.58,143.7863929271698,1.5601484775543213,1.3325202465057373,146.67906165122986,False
CIFAR100,resnet18,knn_distance_cover,2,knn_distance_cover_2_50b,complete,37,1950,18.620000000000005,112.0,17.28,149.2056291103363,1.504960298538208,1.2314107418060303,151.94200015068054,False
CIFAR100,resnet18,knn_distance_cover,2,knn_distance_cover_2_50b,complete,38,2000,19.120000000000005,198.0,17.840000000000003,147.71767950057983,1.5617468357086182,2.1773903369903564,151.4568166732788,False
CIFAR100,resnet18,knn_distance_cover,2,knn_distance_cover_2_50b,complete,39,2050,19.239999999999995,190.0,18.03,151.9010283946991,1.5253117084503174,2.610166549682617,156.03650665283203,False
CIFAR100,resnet18,knn_distance_cover,2,knn_distance_cover_2_50b,complete,40,2100,19.459999999999994,198.0,18.019999999999996,151.68926215171814,1.532604694366455,1.347303867340088,154.56917071342468,False
CIFAR100,resnet18,knn_distance_cover,2,knn_distance_cover_2_50b,complete,41,2150,19.560000000000002,136.0,18.120000000000005,156.04725432395935,1.6010968685150146,1.1967291831970215,158.8450803756714,False
CIFAR100,resnet18,knn_distance_cover,2,knn_distance_cover_2_50b,complete,42,2200,19.879999999999995,176.0,18.409999999999997,157.5771243572235,1.59061861038208,1.9490187168121338,161.11676168441772,False
CIFAR100,resnet18,knn_distance_cover,2,knn_distance_cover_2_50b,complete,43,2250,20.379999999999995,166.0,18.83,161.4015793800354,1.5437848567962646,1.3354380130767822,164.28080224990845,False
CIFAR100,resnet18,knn_distance_cover,2,knn_distance_cover_2_50b,complete,44,2300,20.120000000000005,124.0,18.83,161.58558702468872,1.498884916305542,2.13155198097229,165.21602392196655,False
CIFAR100,resnet18,knn_distance_cover,2,knn_distance_cover_2_50b,complete,45,2350,20.239999847412108,156.0,19.239999999999995,163.8194637298584,1.481191873550415,1.3126299381256104,166.61328554153442,False
CIFAR100,resnet18,knn_distance_cover,2,knn_distance_cover_2_50b,complete,46,2400,20.72,160.0,19.84999992370605,164.99554443359375,1.5256705284118652,2.1467998027801514,168.66801476478577,False
CIFAR100,resnet18,knn_distance_cover,2,knn_distance_cover_2_50b,complete,47,2450,21.039999847412105,140.0,19.549999923706054,168.20853924751282,1.5467078685760498,1.3482069969177246,171.1034541130066,False
CIFAR100,resnet18,knn_distance_cover,2,knn_distance_cover_2_50b,complete,48,2500,21.239999999999995,186.0,19.959999999999994,168.7648959159851,1.5178167819976807,1.2412381172180176,171.5239508152008,False
CIFAR100,resnet18,knn_distance_cover,2,knn_distance_cover_2_50b,complete,49,2550,21.58,120.0,19.97999992370606,172.28495740890503,1.4852497577667236,1.3230795860290527,175.0932867527008,False
CIFAR100,resnet18,knn_distance_cover,2,knn_distance_cover_2_50b,complete,50,2600,21.479999847412103,128.0,20.150000000000006,172.45456433296204,1.4970574378967285,2.085292100906372,176.03691387176514,False
CIFAR100,resnet18,knn_distance_cover,2,knn_distance_cover_2_50b,complete,51,2650,21.680000000000007,178.0,20.489999999999995,176.33488202095032,1.4989452362060547,1.3472471237182617,179.18107438087463,False
CIFAR100,resnet18,knn_distance_cover,2,knn_distance_cover_2_50b,complete,52,2700,22.01999969482422,186.0,21.05999992370606,175.52051162719727,1.569859504699707,2.3075971603393555,179.39796829223633,False
CIFAR100,resnet18,knn_distance_cover,2,knn_distance_cover_2_50b,complete,53,2750,22.08,116.0,21.05999992370606,180.34528255462646,1.581861972808838,2.164398670196533,184.09154319763184,False
CIFAR100,resnet18,knn_distance_cover,2,knn_distance_cover_2_50b,complete,54,2800,22.259999694824216,200.0,21.009999847412104,180.6426899433136,1.4437134265899658,1.2190487384796143,183.30545210838318,False
CIFAR100,resnet18,knn_distance_cover,2,knn_distance_cover_2_50b,complete,55,2850,22.619999847412103,180.0,21.779999923706058,184.30139470100403,1.5475151538848877,1.2682521343231201,187.11716198921204,False
CIFAR100,resnet18,knn_distance_cover,2,knn_distance_cover_2_50b,complete,56,2900,22.979999694824215,88.0,22.009999847412104,184.23827528953552,1.489116907119751,1.3702542781829834,187.09764647483826,False
CIFAR100,resnet18,knn_distance_cover,2,knn_distance_cover_2_50b,complete,57,2950,22.999999847412113,186.0,21.760000000000005,188.28727841377258,1.6053216457366943,1.3417937755584717,191.23439383506775,False
CIFAR100,resnet18,knn_distance_cover,2,knn_distance_cover_2_50b,complete,58,3000,23.09999969482422,106.0,22.259999847412104,186.61293601989746,1.49052095413208,1.2871928215026855,189.39064979553223,False
CIFAR100,resnet18,knn_distance_cover,2,knn_distance_cover_2_50b,complete,59,3050,23.180000000000007,162.0,22.339999847412116,192.1158413887024,1.5366568565368652,1.3270046710968018,194.97950291633606,False
CIFAR100,resnet18,knn_distance_cover,2,knn_distance_cover_2_50b,complete,60,3100,23.099999999999994,196.0,22.510000000000005,191.93441081047058,1.500342845916748,1.2046053409576416,194.63935899734497,False
CIFAR100,resnet18,knn_distance_cover,2,knn_distance_cover_2_50b,complete,61,3150,23.419999694824213,172.0,22.779999923706058,195.03597378730774,1.5147483348846436,1.350900650024414,197.9016227722168,False
CIFAR100,resnet18,knn_distance_cover,2,knn_distance_cover_2_50b,complete,62,3200,23.779999542236325,190.0,23.14999977111816,196.09751534461975,1.495208978652954,1.2412769794464111,198.83400130271912,False
CIFAR100,resnet18,knn_distance_cover,2,knn_distance_cover_2_50b,complete,63,3250,23.919999847412114,196.0,23.259999847412104,201.34998321533203,1.53458833694458,2.1472556591033936,205.03182721138,False
CIFAR100,resnet18,knn_distance_cover,2,knn_distance_cover_2_50b,complete,64,3300,23.759999847412104,136.0,23.31999969482422,200.37907481193542,1.4638206958770752,1.3209071159362793,203.16380262374878,False
CIFAR100,resnet18,knn_distance_cover,2,knn_distance_cover_2_50b,complete,65,3350,24.479999694824215,160.0,23.569999999999993,202.58686876296997,1.4415078163146973,1.9651374816894531,205.99351406097412,False
CIFAR100,resnet18,knn_distance_cover,2,knn_distance_cover_2_50b,complete,66,3400,24.41999938964844,188.0,23.599999999999994,204.25849103927612,1.4765574932098389,1.319535732269287,207.05458426475525,False
CIFAR100,resnet18,knn_distance_cover,2,knn_distance_cover_2_50b,complete,67,3450,25.01999969482422,184.0,24.089999694824215,207.80485939979553,1.6423656940460205,1.2181246280670166,210.66534972190857,False
CIFAR100,resnet18,knn_distance_cover,2,knn_distance_cover_2_50b,complete,68,3500,24.57999984741211,166.0,24.139999847412113,208.387779712677,1.6686921119689941,2.167746067047119,212.22421789169312,False
CIFAR100,resnet18,knn_distance_cover,2,knn_distance_cover_2_50b,complete,69,3550,24.859999694824225,186.0,24.25999977111816,211.0947597026825,1.5541419982910156,1.9712390899658203,214.62014079093933,False
CIFAR100,resnet18,knn_distance_cover,2,knn_distance_cover_2_50b,complete,70,3600,25.539999389648443,180.0,24.50999977111816,212.08711194992065,1.4586658477783203,1.2146120071411133,214.7603898048401,False
CIFAR100,resnet18,knn_distance_cover,2,knn_distance_cover_2_50b,complete,71,3650,25.379999999999995,144.0,24.29999961853028,216.03134393692017,1.5186760425567627,1.3192553520202637,218.8692753314972,False
CIFAR100,resnet18,knn_distance_cover,2,knn_distance_cover_2_50b,complete,72,3700,25.339999847412116,164.0,25.23999969482422,216.31033658981323,1.4852962493896484,2.327598810195923,220.1232316493988,False
CIFAR100,resnet18,knn_distance_cover,2,knn_distance_cover_2_50b,complete,73,3750,25.45999969482422,196.0,25.02999973297119,218.4605748653412,1.5085880756378174,2.7870638370513916,222.7562267780304,False
CIFAR100,resnet18,knn_distance_cover,2,knn_distance_cover_2_50b,complete,74,3800,26.079999694824224,112.0,25.369999618530272,218.43940997123718,1.4774656295776367,1.2024857997894287,221.11936140060425,False
CIFAR100,resnet18,knn_distance_cover,2,knn_distance_cover_2_50b,complete,75,3850,26.079999389648435,162.0,25.69999961853027,221.1321153640747,1.5328600406646729,2.5548770427703857,225.21985244750977,False
CIFAR100,resnet18,knn_distance_cover,2,knn_distance_cover_2_50b,complete,76,3900,26.639999084472663,168.0,25.78999977111816,222.09431958198547,1.5202910900115967,1.3412563800811768,224.95586705207825,False
CIFAR100,resnet18,knn_distance_cover,2,knn_distance_cover_2_50b,complete,77,3950,26.479999237060554,148.0,25.60999946594238,226.93749260902405,1.5167388916015625,1.2084519863128662,229.66268348693848,False
CIFAR100,resnet18,knn_distance_cover,2,knn_distance_cover_2_50b,complete,78,4000,26.59999969482422,128.0,25.93999935150147,228.42650175094604,1.526512622833252,1.2468976974487305,231.19991207122803,False
CIFAR100,resnet18,knn_distance_cover,2,knn_distance_cover_2_50b,complete,79,4050,26.63999923706055,132.0,26.14999954223633,231.21312308311462,1.4904570579528809,1.2285857200622559,233.93216586112976,False
CIFAR100,resnet18,knn_distance_cover,2,knn_distance_cover_2_50b,complete,80,4100,26.979999313354497,122.0,26.85999973297119,230.78518795967102,1.5811042785644531,1.2418088912963867,233.60810112953186,False
CIFAR100,resnet18,knn_distance_cover,2,knn_distance_cover_2_50b,complete,81,4150,26.879999542236334,156.0,26.45999969482422,234.7683961391449,1.536973237991333,2.16914963722229,238.47451901435852,False
CIFAR100,resnet18,knn_distance_cover,2,knn_distance_cover_2_50b,complete,82,4200,27.379999084472658,170.0,26.589999542236328,235.02162981033325,1.5144603252410889,1.351654052734375,237.88774418830872,False
CIFAR100,resnet18,knn_distance_cover,2,knn_distance_cover_2_50b,complete,83,4250,27.279999389648438,146.0,27.139999160766607,240.56272387504578,1.543283462524414,1.335444688796997,243.4414520263672,False
CIFAR100,resnet18,knn_distance_cover,2,knn_distance_cover_2_50b,complete,84,4300,27.79999954223632,154.0,27.47999938964844,239.83217477798462,1.6482036113739014,1.2217698097229004,242.70214819908142,False
CIFAR100,resnet18,knn_distance_cover,2,knn_distance_cover_2_50b,complete,85,4350,27.759999160766597,178.0,27.379999389648432,243.3145787715912,1.542043924331665,1.329864501953125,246.18648719787598,False
CIFAR100,resnet18,knn_distance_cover,2,knn_distance_cover_2_50b,complete,86,4400,28.099999313354488,200.0,27.69999935150146,242.7757375240326,1.60829496383667,2.74216890335083,247.1262013912201,False
CIFAR100,resnet18,knn_distance_cover,2,knn_distance_cover_2_50b,complete,87,4450,28.39999923706054,172.0,27.489999771118164,246.69041991233826,1.4875848293304443,1.194091558456421,249.37209630012512,False
CIFAR100,resnet18,knn_distance_cover,2,knn_distance_cover_2_50b,complete,88,4500,28.359999847412112,130.0,27.999999313354493,245.50183939933777,1.521820068359375,1.2099289894104004,248.23358845710754,False
CIFAR100,resnet18,knn_distance_cover,2,knn_distance_cover_2_50b,complete,89,4550,28.579999389648435,134.0,27.96999923706055,251.6398060321808,1.585432529449463,1.213271141052246,254.4385097026825,False
CIFAR100,resnet18,knn_distance_cover,2,knn_distance_cover_2_50b,complete,90,4600,28.699999542236327,112.0,27.839999694824215,250.72340154647827,1.4698266983032227,1.2100861072540283,253.40331435203552,False
CIFAR100,resnet18,knn_distance_cover,2,knn_distance_cover_2_50b,complete,91,4650,28.759999694824216,132.0,28.329999160766604,255.1473650932312,1.5699172019958496,1.2046833038330078,257.92196559906006,False
CIFAR100,resnet18,knn_distance_cover,2,knn_distance_cover_2_50b,complete,92,4700,29.219999618530267,170.0,28.61999900817871,257.71336579322815,1.5058214664459229,1.2040274143218994,260.423214673996,False
CIFAR100,resnet18,knn_distance_cover,2,knn_distance_cover_2_50b,complete,93,4750,29.11999954223633,132.0,28.69999908447265,259.2593319416046,1.5044126510620117,1.231966257095337,261.99571084976196,False
CIFAR100,resnet18,knn_distance_cover,2,knn_distance_cover_2_50b,complete,94,4800,29.679999465942387,172.0,28.699999313354496,261.1310164928436,1.5172345638275146,1.318929672241211,263.96718072891235,False
CIFAR100,resnet18,knn_distance_cover,2,knn_distance_cover_2_50b,complete,95,4850,29.859999160766606,148.0,29.769999275207525,263.6034107208252,1.5733411312103271,1.3595788478851318,266.53633069992065,False
CIFAR100,resnet18,knn_distance_cover,2,knn_distance_cover_2_50b,complete,96,4900,29.81999969482422,196.0,29.279999008178706,262.7279658317566,1.5594489574432373,1.9801037311553955,266.2675185203552,False
CIFAR100,resnet18,knn_distance_cover,2,knn_distance_cover_2_50b,complete,97,4950,29.83999961853027,146.0,29.319999389648444,266.98259377479553,1.5303642749786377,1.3591172695159912,269.87207531929016,False
CIFAR100,resnet18,knn_distance_cover,2,knn_distance_cover_2_50b,complete,98,5000,29.85999893188476,166.0,29.339999008178708,265.29799723625183,1.5163359642028809,2.2167155742645264,269.03104877471924,False
CIFAR100,resnet18,knn_distance_cover,2,knn_distance_cover_2_50b,complete,99,5050,30.119999847412103,146.0,29.64999900817871,271.26689553260803,1.6478309631347656,2.4592714309692383,275.37399792671204,False
CIFAR100,resnet18,knn_distance_cover,2,knn_distance_cover_2_50b,complete,100,5050,30.55999938964844,192.0,29.819999084472656,270.47412872314453,1.568727731704712,0.0,272.04285645484924,False
CIFAR100,resnet18,knn_distance_cover,3,knn_distance_cover_3_50b,complete,-1,50,,,,,,2.1378467082977295,2.1378467082977295,True
CIFAR100,resnet18,knn_distance_cover,3,knn_distance_cover_3_50b,complete,0,100,4.099999999999994,108.0,3.980000000000004,75.29245233535767,1.5359306335449219,2.302130937576294,79.13051390647888,False
CIFAR100,resnet18,knn_distance_cover,3,knn_distance_cover_3_50b,complete,1,150,6.760000000000005,120.0,6.319999999999993,75.87080836296082,1.521545171737671,1.1803619861602783,78.57271552085876,False
CIFAR100,resnet18,knn_distance_cover,3,knn_distance_cover_3_50b,complete,2,200,7.939999999999998,132.0,7.849999999999994,75.75601053237915,1.520838975906372,1.3327429294586182,78.60959243774414,False
CIFAR100,resnet18,knn_distance_cover,3,knn_distance_cover_3_50b,complete,3,250,8.680000000000007,196.0,8.489999999999995,80.19080710411072,1.559305191040039,1.3129003047943115,83.06301259994507,False
CIFAR100,resnet18,knn_distance_cover,3,knn_distance_cover_3_50b,complete,4,300,9.040000000000006,180.0,8.260000000000005,81.03461623191833,1.5723161697387695,1.31412672996521,83.92105913162231,False
CIFAR100,resnet18,knn_distance_cover,3,knn_distance_cover_3_50b,complete,5,350,9.200000000000003,160.0,9.010000000000005,84.11384272575378,1.6136717796325684,1.9368157386779785,87.66433024406433,False
CIFAR100,resnet18,knn_distance_cover,3,knn_distance_cover_3_50b,complete,6,400,9.319999999999993,198.0,9.14,84.79077935218811,1.518519639968872,2.3326783180236816,88.64197731018066,False
CIFAR100,resnet18,knn_distance_cover,3,knn_distance_cover_3_50b,complete,7,450,9.180000000000007,160.0,9.099999999999994,88.55744004249573,1.5944693088531494,2.3433144092559814,92.49522376060486,False
CIFAR100,resnet18,knn_distance_cover,3,knn_distance_cover_3_50b,complete,8,500,9.319999999999993,156.0,9.700000000000003,88.31381893157959,1.521892786026001,1.2906687259674072,91.126380443573,False
CIFAR100,resnet18,knn_distance_cover,3,knn_distance_cover_3_50b,complete,9,550,9.879999999999995,192.0,10.040000000000006,92.02640414237976,1.516991376876831,2.076732873916626,95.62012839317322,False
CIFAR100,resnet18,knn_distance_cover,3,knn_distance_cover_3_50b,complete,10,600,10.340000000000003,172.0,9.969999999999999,92.87009072303772,1.6070866584777832,1.3009703159332275,95.77814769744873,False
CIFAR100,resnet18,knn_distance_cover,3,knn_distance_cover_3_50b,complete,11,650,10.379999999999995,178.0,10.480000000000004,97.01338386535645,1.5306754112243652,2.140653133392334,100.68471240997314,False
CIFAR100,resnet18,knn_distance_cover,3,knn_distance_cover_3_50b,complete,12,700,10.379999999999995,200.0,10.5,96.80193591117859,1.6847224235534668,1.8987133502960205,100.38537168502808,False
CIFAR100,resnet18,knn_distance_cover,3,knn_distance_cover_3_50b,complete,13,750,10.719999999999999,166.0,10.840000000000003,100.04572677612305,1.5616450309753418,2.309568405151367,103.91694021224976,False
CIFAR100,resnet18,knn_distance_cover,3,knn_distance_cover_3_50b,complete,14,800,11.079999999999998,192.0,11.189999999999998,101.0520007610321,1.5869219303131104,2.0109174251556396,104.64984011650085,False
CIFAR100,resnet18,knn_distance_cover,3,knn_distance_cover_3_50b,complete,15,850,11.239999999999995,144.0,11.510000000000005,104.9523241519928,1.5211145877838135,1.3357086181640625,107.80914735794067,False
CIFAR100,resnet18,knn_distance_cover,3,knn_distance_cover_3_50b,complete,16,900,11.439999999999998,132.0,11.599999999999994,104.52707648277283,1.4966683387756348,1.2019219398498535,107.22566676139832,False
CIFAR100,resnet18,knn_distance_cover,3,knn_distance_cover_3_50b,complete,17,950,11.64,164.0,11.769999999999996,108.4138035774231,1.5409677028656006,2.078137159347534,112.03290843963623,False
CIFAR100,resnet18,knn_distance_cover,3,knn_distance_cover_3_50b,complete,18,1000,11.780000000000001,102.0,12.329999999999998,109.53011465072632,1.4793591499328613,1.2341723442077637,112.24364614486694,False
CIFAR100,resnet18,knn_distance_cover,3,knn_distance_cover_3_50b,complete,19,1050,12.540000000000006,192.0,12.810000000000002,112.7352683544159,1.5284342765808105,1.3291902542114258,115.59289288520813,False
CIFAR100,resnet18,knn_distance_cover,3,knn_distance_cover_3_50b,complete,20,1100,12.36,130.0,12.670000000000002,112.97223997116089,1.6586933135986328,2.1263859272003174,116.75731921195984,False
CIFAR100,resnet18,knn_distance_cover,3,knn_distance_cover_3_50b,complete,21,1150,12.879999999999995,192.0,12.86,116.62552618980408,1.6146349906921387,1.3122191429138184,119.55238032341003,False
CIFAR100,resnet18,knn_distance_cover,3,knn_distance_cover_3_50b,complete,22,1200,13.280000000000001,70.0,13.150000000000006,117.4183623790741,1.521848201751709,1.342165470123291,120.2823760509491,False
CIFAR100,resnet18,knn_distance_cover,3,knn_distance_cover_3_50b,complete,23,1250,13.459999999999994,138.0,13.489999999999995,121.21519160270691,1.5661094188690186,1.3723783493041992,124.15367937088013,False
CIFAR100,resnet18,knn_distance_cover,3,knn_distance_cover_3_50b,complete,24,1300,14.159999999999997,138.0,13.709999999999994,120.71565675735474,1.5205769538879395,1.3284361362457275,123.5646698474884,False
CIFAR100,resnet18,knn_distance_cover,3,knn_distance_cover_3_50b,complete,25,1350,14.340000000000003,122.0,14.11,125.61115169525146,1.5728788375854492,2.1778624057769775,129.3618929386139,False
CIFAR100,resnet18,knn_distance_cover,3,knn_distance_cover_3_50b,complete,26,1400,14.599999999999994,146.0,14.739999999999995,124.79522395133972,1.539884090423584,1.2035140991210938,127.5386221408844,False
CIFAR100,resnet18,knn_distance_cover,3,knn_distance_cover_3_50b,complete,27,1450,15.079999999999998,170.0,15.370000000000005,128.889790058136,1.5491523742675781,1.218853235244751,131.65779566764832,False
CIFAR100,resnet18,knn_distance_cover,3,knn_distance_cover_3_50b,complete,28,1500,14.939999999999998,134.0,15.260000000000005,129.07680988311768,1.5523443222045898,2.044163942337036,132.6733181476593,False
CIFAR100,resnet18,knn_distance_cover,3,knn_distance_cover_3_50b,complete,29,1550,15.319999999999993,186.0,14.950000000000003,134.02082443237305,1.5758907794952393,2.0445311069488525,137.64124631881714,False
CIFAR100,resnet18,knn_distance_cover,3,knn_distance_cover_3_50b,complete,30,1600,15.079999999999998,146.0,15.519999999999996,133.17009806632996,1.6102142333984375,2.150787830352783,136.93110013008118,False
CIFAR100,resnet18,knn_distance_cover,3,knn_distance_cover_3_50b,complete,31,1650,15.579999999999998,148.0,15.569999999999993,137.07332563400269,1.6044323444366455,1.924666166305542,140.60242414474487,False
CIFAR100,resnet18,knn_distance_cover,3,knn_distance_cover_3_50b,complete,32,1700,15.780000000000001,168.0,15.709999999999994,137.50326561927795,1.5433106422424316,2.0793144702911377,141.12589073181152,False
CIFAR100,resnet18,knn_distance_cover,3,knn_distance_cover_3_50b,complete,33,1750,15.840000000000003,196.0,15.989999999999995,142.7239956855774,1.6264634132385254,1.2170507907867432,145.56750988960266,False
CIFAR100,resnet18,knn_distance_cover,3,knn_distance_cover_3_50b,complete,34,1800,16.439999999999998,188.0,16.049999999999997,141.38408398628235,1.4850540161132812,1.3520960807800293,144.22123408317566,False
CIFAR100,resnet18,knn_distance_cover,3,knn_distance_cover_3_50b,complete,35,1850,16.760000000000005,192.0,16.900000000000006,145.13600182533264,1.582425832748413,1.3048968315124512,148.0233244895935,False
CIFAR100,resnet18,knn_distance_cover,3,knn_distance_cover_3_50b,complete,36,1900,16.819999999999993,158.0,17.11,144.24479699134827,1.667656660079956,2.625143527984619,148.53759717941284,False
CIFAR100,resnet18,knn_distance_cover,3,knn_distance_cover_3_50b,complete,37,1950,16.79999984741211,116.0,17.42,150.11732029914856,1.534494400024414,2.0878186225891113,153.73963332176208,False
CIFAR100,resnet18,knn_distance_cover,3,knn_distance_cover_3_50b,complete,38,2000,17.180000000000007,136.0,16.92,147.66596341133118,1.537834882736206,1.3071248531341553,150.51092314720154,False
CIFAR100,resnet18,knn_distance_cover,3,knn_distance_cover_3_50b,complete,39,2050,17.200000000000003,128.0,17.459999999999994,152.439359664917,1.5534543991088867,2.0837700366973877,156.07658410072327,False
CIFAR100,resnet18,knn_distance_cover,3,knn_distance_cover_3_50b,complete,40,2100,17.58,124.0,18.209999999999994,152.47356486320496,1.6076927185058594,1.3266386985778809,155.4078962802887,False
CIFAR100,resnet18,knn_distance_cover,3,knn_distance_cover_3_50b,complete,41,2150,17.700000000000003,124.0,17.939999999999998,156.36612200737,1.4596717357635498,1.18705415725708,159.01284790039062,False
CIFAR100,resnet18,knn_distance_cover,3,knn_distance_cover_3_50b,complete,42,2200,18.060000000000002,44.0,18.489999999999995,157.69923329353333,1.6045622825622559,2.079256534576416,161.383052110672,False
CIFAR100,resnet18,knn_distance_cover,3,knn_distance_cover_3_50b,complete,43,2250,17.939999999999998,142.0,18.819999999999993,160.51412272453308,1.5704352855682373,1.9706530570983887,164.0552110671997,False
CIFAR100,resnet18,knn_distance_cover,3,knn_distance_cover_3_50b,complete,44,2300,18.659999999999997,182.0,18.760000000000005,161.59967374801636,1.518474817276001,1.332200527191162,164.45034909248352,False
CIFAR100,resnet18,knn_distance_cover,3,knn_distance_cover_3_50b,complete,45,2350,18.899999847412104,182.0,19.319999999999993,165.71834754943848,1.5751230716705322,2.136150360107422,169.42962098121643,False
CIFAR100,resnet18,knn_distance_cover,3,knn_distance_cover_3_50b,complete,46,2400,19.239999999999995,142.0,19.430000000000007,166.126722574234,1.6209182739257812,1.2135865688323975,168.9612274169922,False
CIFAR100,resnet18,knn_distance_cover,3,knn_distance_cover_3_50b,complete,47,2450,19.08,120.0,19.150000000000006,168.57330417633057,1.5324747562408447,2.3335373401641846,172.4393162727356,False
CIFAR100,resnet18,knn_distance_cover,3,knn_distance_cover_3_50b,complete,48,2500,19.699999847412116,136.0,19.779999847412114,169.79415488243103,1.5471055507659912,2.1420679092407227,173.48332834243774,False
CIFAR100,resnet18,knn_distance_cover,3,knn_distance_cover_3_50b,complete,49,2550,20.019999999999996,200.0,19.959999999999994,172.91673731803894,1.6937551498413086,1.9568815231323242,176.56737399101257,False
CIFAR100,resnet18,knn_distance_cover,3,knn_distance_cover_3_50b,complete,50,2600,19.92,120.0,20.529999923706058,173.79478120803833,1.564685583114624,1.1887321472167969,176.54819893836975,False
CIFAR100,resnet18,knn_distance_cover,3,knn_distance_cover_3_50b,complete,51,2650,20.379999999999995,190.0,20.620000000000005,177.13670825958252,1.5186691284179688,2.0846142768859863,180.73999166488647,False
CIFAR100,resnet18,knn_distance_cover,3,knn_distance_cover_3_50b,complete,52,2700,20.42,142.0,20.669999923706058,176.72519302368164,1.5504698753356934,2.050044298171997,180.32570719718933,False
CIFAR100,resnet18,knn_distance_cover,3,knn_distance_cover_3_50b,complete,53,2750,21.340000000000003,184.0,21.559999771118157,182.73588919639587,1.5265603065490723,1.3166530132293701,185.57910251617432,False
CIFAR100,resnet18,knn_distance_cover,3,knn_distance_cover_3_50b,complete,54,2800,21.01999984741211,154.0,21.05999992370606,180.91913270950317,1.5337705612182617,2.076943874359131,184.52984714508057,False
CIFAR100,resnet18,knn_distance_cover,3,knn_distance_cover_3_50b,complete,55,2850,21.439999694824223,100.0,21.92999992370605,185.97890186309814,1.5969905853271484,1.211050271987915,188.7869427204132,False
CIFAR100,resnet18,knn_distance_cover,3,knn_distance_cover_3_50b,complete,56,2900,21.819999847412106,186.0,21.599999999999994,186.33149671554565,1.5479979515075684,1.1955046653747559,189.07499933242798,False
CIFAR100,resnet18,knn_distance_cover,3,knn_distance_cover_3_50b,complete,57,2950,22.059999694824214,156.0,22.019999923706052,188.64044189453125,1.463088035583496,2.0348429679870605,192.1383728981018,False
CIFAR100,resnet18,knn_distance_cover,3,knn_distance_cover_3_50b,complete,58,3000,22.139999847412113,150.0,22.08999992370606,187.7258915901184,1.54404616355896,2.14361310005188,191.41355085372925,False
CIFAR100,resnet18,knn_distance_cover,3,knn_distance_cover_3_50b,complete,59,3050,22.399999694824217,174.0,22.809999847412115,191.9423053264618,1.5519449710845947,2.0066540241241455,195.50090432167053,False
CIFAR100,resnet18,knn_distance_cover,3,knn_distance_cover_3_50b,complete,60,3100,22.760000000000005,184.0,22.87999984741211,191.37180638313293,1.5271239280700684,1.316272258758545,194.21520256996155,False
CIFAR100,resnet18,knn_distance_cover,3,knn_distance_cover_3_50b,complete,61,3150,22.599999847412107,178.0,23.079999694824224,195.92385864257812,1.5401132106781006,1.1990835666656494,198.66305541992188,False
CIFAR100,resnet18,knn_distance_cover,3,knn_distance_cover_3_50b,complete,62,3200,23.01999984741211,108.0,23.119999847412103,197.3245701789856,1.5256013870239258,1.3520822525024414,200.20225381851196,False
CIFAR100,resnet18,knn_distance_cover,3,knn_distance_cover_3_50b,complete,63,3250,23.179999847412105,200.0,23.48999992370605,201.22548866271973,1.5345802307128906,1.1923880577087402,203.95245695114136,False
CIFAR100,resnet18,knn_distance_cover,3,knn_distance_cover_3_50b,complete,64,3300,23.29999954223632,156.0,23.479999847412103,200.91785264015198,1.5394747257232666,2.1086208820343018,204.56594824790955,False
CIFAR100,resnet18,knn_distance_cover,3,knn_distance_cover_3_50b,complete,65,3350,23.499999847412113,84.0,23.709999847412107,204.2713532447815,1.4901599884033203,1.209904670715332,206.97141790390015,False
CIFAR100,resnet18,knn_distance_cover,3,knn_distance_cover_3_50b,complete,66,3400,23.819999847412106,152.0,23.93999961853028,205.58509755134583,1.5336177349090576,1.217125654220581,208.33584094047546,False
CIFAR100,resnet18,knn_distance_cover,3,knn_distance_cover_3_50b,complete,67,3450,23.75999954223633,186.0,23.989999618530277,208.50325512886047,1.5199403762817383,2.1211352348327637,212.14433073997498,False
CIFAR100,resnet18,knn_distance_cover,3,knn_distance_cover_3_50b,complete,68,3500,23.939999999999998,148.0,24.299999389648434,207.57098150253296,1.4628942012786865,1.8216753005981445,210.8555510044098,False
CIFAR100,resnet18,knn_distance_cover,3,knn_distance_cover_3_50b,complete,69,3550,24.439999389648435,196.0,24.909999771118166,211.91672706604004,1.5305001735687256,1.3089160919189453,214.7561433315277,False
CIFAR100,resnet18,knn_distance_cover,3,knn_distance_cover_3_50b,complete,70,3600,25.019999542236334,146.0,25.379999771118165,214.0429971218109,1.6241092681884766,2.197902202606201,217.8650085926056,False
CIFAR100,resnet18,knn_distance_cover,3,knn_distance_cover_3_50b,complete,71,3650,24.899999847412104,148.0,25.11999938964844,214.80576634407043,1.5245757102966309,1.3367054462432861,217.66704750061035,False
CIFAR100,resnet18,knn_distance_cover,3,knn_distance_cover_3_50b,complete,72,3700,24.939999999999998,180.0,25.40999961853028,216.7110993862152,1.6000981330871582,2.017764091491699,220.32896161079407,False
CIFAR100,resnet18,knn_distance_cover,3,knn_distance_cover_3_50b,complete,73,3750,25.159999389648434,188.0,25.29999961853028,219.87580156326294,1.6200931072235107,2.016455888748169,223.51235055923462,False
CIFAR100,resnet18,knn_distance_cover,3,knn_distance_cover_3_50b,complete,74,3800,25.219999694824224,174.0,25.50999977111816,219.30397176742554,1.541619062423706,1.3345057964324951,222.18009662628174,False
CIFAR100,resnet18,knn_distance_cover,3,knn_distance_cover_3_50b,complete,75,3850,25.679999694824218,164.0,26.039999427795408,224.25373697280884,1.5869174003601074,1.3421730995178223,227.18282747268677,False
CIFAR100,resnet18,knn_distance_cover,3,knn_distance_cover_3_50b,complete,76,3900,25.839999694824215,194.0,26.369999694824216,224.24429750442505,1.527517318725586,1.2430174350738525,227.0148322582245,False
CIFAR100,resnet18,knn_distance_cover,3,knn_distance_cover_3_50b,complete,77,3950,26.299999160766603,188.0,26.189999008178717,227.90731739997864,1.6502964496612549,1.2184433937072754,230.77605724334717,False
CIFAR100,resnet18,knn_distance_cover,3,knn_distance_cover_3_50b,complete,78,4000,26.81999954223633,176.0,26.599999618530276,229.58622193336487,1.5621705055236816,2.0300729274749756,233.17846536636353,False
CIFAR100,resnet18,knn_distance_cover,3,knn_distance_cover_3_50b,complete,79,4050,26.219999542236323,180.0,27.049999465942378,233.06871104240417,1.5442240238189697,2.5444624423980713,237.15739750862122,False
CIFAR100,resnet18,knn_distance_cover,3,knn_distance_cover_3_50b,complete,80,4100,26.679999084472655,150.0,27.06999965667724,231.60620999336243,1.539618730545044,2.365285634994507,235.51111435890198,False
CIFAR100,resnet18,knn_distance_cover,3,knn_distance_cover_3_50b,complete,81,4150,26.53999923706054,182.0,27.469999389648436,236.68990325927734,1.508608341217041,2.2841715812683105,240.4826831817627,False
CIFAR100,resnet18,knn_distance_cover,3,knn_distance_cover_3_50b,complete,82,4200,26.75999954223633,192.0,27.43999961853028,235.16330885887146,1.5620572566986084,2.0462353229522705,238.77160143852234,False
CIFAR100,resnet18,knn_distance_cover,3,knn_distance_cover_3_50b,complete,83,4250,26.999999847412113,126.0,27.4299991607666,239.65435457229614,1.5128021240234375,2.1012277603149414,243.26838445663452,False
CIFAR100,resnet18,knn_distance_cover,3,knn_distance_cover_3_50b,complete,84,4300,27.439999237060547,172.0,27.899999351501464,239.54601526260376,1.4539899826049805,1.224872350692749,242.2248775959015,False
CIFAR100,resnet18,knn_distance_cover,3,knn_distance_cover_3_50b,complete,85,4350,27.859999694824225,124.0,27.839999465942384,244.5575134754181,1.6102030277252197,1.228342056274414,247.39605855941772,False
CIFAR100,resnet18,knn_distance_cover,3,knn_distance_cover_3_50b,complete,86,4400,27.71999984741211,186.0,27.719999542236323,244.42105102539062,1.558363914489746,1.3396122455596924,247.31902718544006,False
CIFAR100,resnet18,knn_distance_cover,3,knn_distance_cover_3_50b,complete,87,4450,28.059999237060552,146.0,28.11999923706054,248.05604529380798,1.59611177444458,2.282148838043213,251.93430590629578,False
CIFAR100,resnet18,knn_distance_cover,3,knn_distance_cover_3_50b,complete,88,4500,28.239998703002925,166.0,28.689999008178717,247.58495116233826,1.5420410633087158,2.202829360961914,251.3298215866089,False
CIFAR100,resnet18,knn_distance_cover,3,knn_distance_cover_3_50b,complete,89,4550,28.439999237060547,160.0,28.359999389648436,251.69092273712158,1.5814528465270996,2.3622677326202393,255.63464331626892,False
CIFAR100,resnet18,knn_distance_cover,3,knn_distance_cover_3_50b,complete,90,4600,28.159999542236335,154.0,29.259999580383294,252.4112265110016,1.549405574798584,2.18980073928833,256.1504328250885,False
CIFAR100,resnet18,knn_distance_cover,3,knn_distance_cover_3_50b,complete,91,4650,28.31999954223633,164.0,28.809999313354496,255.2497968673706,1.53037691116333,2.2049052715301514,258.9850790500641,False
CIFAR100,resnet18,knn_distance_cover,3,knn_distance_cover_3_50b,complete,92,4700,28.399999160766598,166.0,29.079999427795414,257.85828495025635,1.4972655773162842,2.1903915405273438,261.5459420681,False
CIFAR100,resnet18,knn_distance_cover,3,knn_distance_cover_3_50b,complete,93,4750,28.419999542236326,180.0,28.929999504089352,260.99295592308044,1.5224347114562988,1.2625744342803955,263.77796506881714,False
CIFAR100,resnet18,knn_distance_cover,3,knn_distance_cover_3_50b,complete,94,4800,28.699999465942383,170.0,29.209999046325677,259.76240134239197,1.5190577507019043,2.21954345703125,263.5010025501251,False
CIFAR100,resnet18,knn_distance_cover,3,knn_distance_cover_3_50b,complete,95,4850,29.35999923706055,182.0,29.549999427795413,263.4040207862854,2.0554072856903076,2.5454070568084717,268.0048351287842,False
CIFAR100,resnet18,knn_distance_cover,3,knn_distance_cover_3_50b,complete,96,4900,28.85999923706055,126.0,29.59999919891358,265.7770359516144,1.4969666004180908,1.3298907279968262,268.6038932800293,False
CIFAR100,resnet18,knn_distance_cover,3,knn_distance_cover_3_50b,complete,97,4950,29.33999908447265,168.0,29.41999923706055,266.6494941711426,1.559255599975586,2.141441583633423,270.3501913547516,False
CIFAR100,resnet18,knn_distance_cover,3,knn_distance_cover_3_50b,complete,98,5000,29.639998855590818,186.0,29.99999946594238,269.0035421848297,1.4933629035949707,1.193213701248169,271.69011878967285,False
CIFAR100,resnet18,knn_distance_cover,3,knn_distance_cover_3_50b,complete,99,5050,29.699999008178708,162.0,29.809999237060552,274.18135952949524,1.5501041412353516,1.3310894966125488,277.06255316734314,False
CIFAR100,resnet18,knn_distance_cover,3,knn_distance_cover_3_50b,complete,100,5050,29.83999977111816,164.0,30.209999084472656,271.3402268886566,1.4527595043182373,0.0,272.79298639297485,False
CIFAR100,resnet18,knn_distance_cover,4,knn_distance_cover_4_50b,complete,-1,50,,,,,,1.44801664352417,1.44801664352417,True
CIFAR100,resnet18,knn_distance_cover,4,knn_distance_cover_4_50b,complete,0,100,4.959999999999994,70.0,4.6299999999999955,76.07594323158264,1.538741111755371,1.418320894241333,79.03300523757935,False
CIFAR100,resnet18,knn_distance_cover,4,knn_distance_cover_4_50b,complete,1,150,6.920000000000002,64.0,6.290000000000006,76.2156867980957,1.7011761665344238,1.2453358173370361,79.16219878196716,False
CIFAR100,resnet18,knn_distance_cover,4,knn_distance_cover_4_50b,complete,2,200,8.019999999999996,184.0,7.670000000000002,77.03272008895874,1.546921968460083,1.3790123462677002,79.95865440368652,False
CIFAR100,resnet18,knn_distance_cover,4,knn_distance_cover_4_50b,complete,3,250,8.799999999999997,112.0,8.079999999999998,81.25612354278564,1.4833393096923828,1.4260647296905518,84.16552758216858,False
CIFAR100,resnet18,knn_distance_cover,4,knn_distance_cover_4_50b,complete,4,300,8.840000000000003,156.0,8.230000000000004,81.41785192489624,1.5516746044158936,1.2967617511749268,84.26628828048706,False
CIFAR100,resnet18,knn_distance_cover,4,knn_distance_cover_4_50b,complete,5,350,9.36,126.0,8.629999999999995,85.52803301811218,1.69284987449646,1.3456244468688965,88.56650733947754,False
CIFAR100,resnet18,knn_distance_cover,4,knn_distance_cover_4_50b,complete,6,400,9.799999999999997,46.0,8.599999999999994,85.1138699054718,1.5291197299957275,1.4986095428466797,88.14159917831421,False
CIFAR100,resnet18,knn_distance_cover,4,knn_distance_cover_4_50b,complete,7,450,9.579999999999998,34.0,8.659999999999997,88.69010472297668,1.5246422290802002,1.8840103149414062,92.09875726699829,False
CIFAR100,resnet18,knn_distance_cover,4,knn_distance_cover_4_50b,complete,8,500,9.739999999999995,148.0,8.849999999999994,89.3056628704071,1.6709959506988525,1.4049439430236816,92.38160276412964,False
CIFAR100,resnet18,knn_distance_cover,4,knn_distance_cover_4_50b,complete,9,550,10.200000000000003,182.0,9.629999999999995,93.35620903968811,1.554809331893921,1.5042142868041992,96.41523265838623,False
CIFAR100,resnet18,knn_distance_cover,4,knn_distance_cover_4_50b,complete,10,600,10.5,170.0,9.909999999999997,93.31946802139282,1.469660758972168,1.5426981449127197,96.33182692527771,False
CIFAR100,resnet18,knn_distance_cover,4,knn_distance_cover_4_50b,complete,11,650,11.0,190.0,10.060000000000002,96.96959042549133,1.6154747009277344,1.3917970657348633,99.97686219215393,False
CIFAR100,resnet18,knn_distance_cover,4,knn_distance_cover_4_50b,complete,12,700,11.180000000000007,160.0,9.959999999999994,97.3607656955719,1.7251226902008057,1.3812944889068604,100.46718287467957,False
CIFAR100,resnet18,knn_distance_cover,4,knn_distance_cover_4_50b,complete,13,750,11.459999999999994,94.0,10.519999999999996,101.48232102394104,1.5106017589569092,1.4261085987091064,104.41903138160706,False
CIFAR100,resnet18,knn_distance_cover,4,knn_distance_cover_4_50b,complete,14,800,11.680000000000007,138.0,10.590000000000003,101.17369413375854,1.5503337383270264,1.2630183696746826,103.98704624176025,False
CIFAR100,resnet18,knn_distance_cover,4,knn_distance_cover_4_50b,complete,15,850,11.840000000000003,196.0,10.969999999999999,105.5717248916626,1.5932412147521973,1.3147180080413818,108.47968411445618,False
CIFAR100,resnet18,knn_distance_cover,4,knn_distance_cover_4_50b,complete,16,900,12.700000000000003,116.0,11.170000000000002,105.81841015815735,1.4489829540252686,1.3102290630340576,108.57762217521667,False
CIFAR100,resnet18,knn_distance_cover,4,knn_distance_cover_4_50b,complete,17,950,12.659999999999997,180.0,11.620000000000005,109.47903418540955,1.506502628326416,2.1098830699920654,113.09541988372803,False
CIFAR100,resnet18,knn_distance_cover,4,knn_distance_cover_4_50b,complete,18,1000,13.14,200.0,11.909999999999997,109.3679723739624,1.5516505241394043,1.4932875633239746,112.41291046142578,False
CIFAR100,resnet18,knn_distance_cover,4,knn_distance_cover_4_50b,complete,19,1050,13.019999999999996,174.0,11.75,113.17580032348633,1.5706517696380615,1.5216550827026367,116.26810717582703,False
CIFAR100,resnet18,knn_distance_cover,4,knn_distance_cover_4_50b,complete,20,1100,13.459999999999994,198.0,12.129999999999995,114.02754735946655,1.5500338077545166,1.8704206943511963,117.44800186157227,False
CIFAR100,resnet18,knn_distance_cover,4,knn_distance_cover_4_50b,complete,21,1150,13.959999999999994,156.0,12.370000000000005,117.14341449737549,1.521855354309082,2.5953423976898193,121.26061224937439,False
CIFAR100,resnet18,knn_distance_cover,4,knn_distance_cover_4_50b,complete,22,1200,14.420000000000002,190.0,12.959999999999994,117.9938497543335,1.5584359169006348,2.448509693145752,122.00079536437988,False
CIFAR100,resnet18,knn_distance_cover,4,knn_distance_cover_4_50b,complete,23,1250,15.099999999999994,100.0,13.450000000000003,123.91551971435547,2.305748224258423,2.534395694732666,128.75566363334656,False
CIFAR100,resnet18,knn_distance_cover,4,knn_distance_cover_4_50b,complete,24,1300,14.799999999999997,78.0,13.260000000000005,121.66318368911743,1.5338647365570068,1.3697834014892578,124.5668318271637,False
CIFAR100,resnet18,knn_distance_cover,4,knn_distance_cover_4_50b,complete,25,1350,15.099999999999994,112.0,14.189999999999998,126.22907400131226,1.5782296657562256,1.254640817642212,129.0619444847107,False
CIFAR100,resnet18,knn_distance_cover,4,knn_distance_cover_4_50b,complete,26,1400,15.64,142.0,14.159999999999997,126.77174043655396,1.5962269306182861,1.38889741897583,129.75686478614807,False
CIFAR100,resnet18,knn_distance_cover,4,knn_distance_cover_4_50b,complete,27,1450,16.159999999999997,196.0,14.709999999999994,129.93454360961914,1.4970581531524658,1.3225796222686768,132.75418138504028,False
CIFAR100,resnet18,knn_distance_cover,4,knn_distance_cover_4_50b,complete,28,1500,16.099999999999994,112.0,14.620000000000005,130.17917728424072,1.5205724239349365,2.2205615043640137,133.92031121253967,False
CIFAR100,resnet18,knn_distance_cover,4,knn_distance_cover_4_50b,complete,29,1550,16.560000000000002,154.0,15.120000000000005,133.72921323776245,1.6991748809814453,2.1770546436309814,137.60544276237488,False
CIFAR100,resnet18,knn_distance_cover,4,knn_distance_cover_4_50b,complete,30,1600,16.400000000000006,178.0,15.14,133.16697764396667,1.4784204959869385,2.7157654762268066,137.36116361618042,False
CIFAR100,resnet18,knn_distance_cover,4,knn_distance_cover_4_50b,complete,31,1650,16.64,150.0,15.760000000000005,137.81289839744568,1.5489587783813477,1.39329195022583,140.75514912605286,False
CIFAR100,resnet18,knn_distance_cover,4,knn_distance_cover_4_50b,complete,32,1700,16.92,148.0,15.64,138.05226397514343,1.5394384860992432,1.2564380168914795,140.84814047813416,False
CIFAR100,resnet18,knn_distance_cover,4,knn_distance_cover_4_50b,complete,33,1750,17.239999999999995,152.0,15.689999999999998,143.10618019104004,1.4687697887420654,2.331575632095337,146.90652561187744,False
CIFAR100,resnet18,knn_distance_cover,4,knn_distance_cover_4_50b,complete,34,1800,17.64,112.0,16.299999999999997,142.46995401382446,1.520310878753662,2.2811949253082275,146.27145981788635,False
CIFAR100,resnet18,knn_distance_cover,4,knn_distance_cover_4_50b,complete,35,1850,17.64,98.0,16.409999999999997,146.56115579605103,1.7022333145141602,1.2692809104919434,149.53267002105713,False
CIFAR100,resnet18,knn_distance_cover,4,knn_distance_cover_4_50b,complete,36,1900,18.08,192.0,16.959999999999994,146.05388760566711,1.5791823863983154,1.3952040672302246,149.02827405929565,False
CIFAR100,resnet18,knn_distance_cover,4,knn_distance_cover_4_50b,complete,37,1950,18.239999999999995,152.0,16.909999999999997,150.29007148742676,1.58231782913208,2.239386558532715,154.11177587509155,False
CIFAR100,resnet18,knn_distance_cover,4,knn_distance_cover_4_50b,complete,38,2000,18.620000000000005,170.0,17.400000000000006,150.0048599243164,1.4985740184783936,1.9713900089263916,153.4748239517212,False
CIFAR100,resnet18,knn_distance_cover,4,knn_distance_cover_4_50b,complete,39,2050,18.680000000000007,152.0,17.769999923706052,154.34318804740906,1.558563470840454,1.989119529724121,157.89087104797363,False
CIFAR100,resnet18,knn_distance_cover,4,knn_distance_cover_4_50b,complete,40,2100,19.039999847412105,152.0,17.779999923706058,154.19792222976685,1.5232884883880615,2.1104090213775635,157.83161973953247,False
CIFAR100,resnet18,knn_distance_cover,4,knn_distance_cover_4_50b,complete,41,2150,19.14,186.0,18.42,159.3451955318451,1.5791258811950684,2.220540761947632,163.1448621749878,False
CIFAR100,resnet18,knn_distance_cover,4,knn_distance_cover_4_50b,complete,42,2200,19.58,136.0,18.709999999999994,157.9351737499237,1.5040946006774902,2.0903730392456055,161.5296413898468,False
CIFAR100,resnet18,knn_distance_cover,4,knn_distance_cover_4_50b,complete,43,2250,20.040000000000006,170.0,18.430000000000007,161.71958708763123,1.5063927173614502,2.2701499462127686,165.49612975120544,False
CIFAR100,resnet18,knn_distance_cover,4,knn_distance_cover_4_50b,complete,44,2300,19.799999999999997,176.0,18.72,162.49211645126343,1.5437307357788086,2.143057346343994,166.17890453338623,False
CIFAR100,resnet18,knn_distance_cover,4,knn_distance_cover_4_50b,complete,45,2350,20.299999999999997,156.0,19.159999999999997,167.26801586151123,1.5663909912109375,2.2348783016204834,171.06928515434265,False
CIFAR100,resnet18,knn_distance_cover,4,knn_distance_cover_4_50b,complete,46,2400,20.92,188.0,19.439999923706054,166.99271368980408,1.6964306831359863,2.375357151031494,171.06450152397156,False
CIFAR100,resnet18,knn_distance_cover,4,knn_distance_cover_4_50b,complete,47,2450,20.479999847412103,168.0,19.5,170.00271201133728,1.5663459300994873,2.2856953144073486,173.85475325584412,False
CIFAR100,resnet18,knn_distance_cover,4,knn_distance_cover_4_50b,complete,48,2500,20.619999847412103,120.0,19.909999999999997,170.09817671775818,1.5418365001678467,2.0450921058654785,173.6851053237915,False
CIFAR100,resnet18,knn_distance_cover,4,knn_distance_cover_4_50b,complete,49,2550,21.0,144.0,20.249999923706056,176.05013632774353,1.5470702648162842,2.862569808959961,180.45977640151978,False
CIFAR100,resnet18,knn_distance_cover,4,knn_distance_cover_4_50b,complete,50,2600,21.260000000000005,118.0,20.339999847412116,174.98403143882751,1.466369867324829,2.416914701461792,178.86731600761414,False
CIFAR100,resnet18,knn_distance_cover,4,knn_distance_cover_4_50b,complete,51,2650,21.37999984741211,116.0,20.419999923706058,179.47198581695557,1.4997081756591797,2.1940789222717285,183.16577291488647,False
CIFAR100,resnet18,knn_distance_cover,4,knn_distance_cover_4_50b,complete,52,2700,21.700000000000003,186.0,20.549999999999997,177.38765335083008,1.5470871925354004,2.7130978107452393,181.64783835411072,False
CIFAR100,resnet18,knn_distance_cover,4,knn_distance_cover_4_50b,complete,53,2750,21.58,126.0,20.73999992370605,183.5886652469635,1.4976558685302734,2.2319912910461426,187.31831240653992,False
CIFAR100,resnet18,knn_distance_cover,4,knn_distance_cover_4_50b,complete,54,2800,22.060000000000002,186.0,21.150000000000006,183.63223600387573,1.564974069595337,2.2491989135742188,187.4464089870453,False
CIFAR100,resnet18,knn_distance_cover,4,knn_distance_cover_4_50b,complete,55,2850,22.199999694824214,108.0,21.83999992370606,186.9050953388214,1.577688217163086,2.148287296295166,190.63107085227966,False
CIFAR100,resnet18,knn_distance_cover,4,knn_distance_cover_4_50b,complete,56,2900,22.199999847412116,182.0,21.86999992370606,186.9002068042755,1.4983317852020264,2.110304594039917,190.50884318351746,False
CIFAR100,resnet18,knn_distance_cover,4,knn_distance_cover_4_50b,complete,57,2950,22.260000000000005,140.0,22.12999984741211,190.99521946907043,1.5521533489227295,2.0626065731048584,194.60997939109802,False
CIFAR100,resnet18,knn_distance_cover,4,knn_distance_cover_4_50b,complete,58,3000,22.87999984741211,156.0,21.94999992370606,192.14004397392273,2.052807331085205,2.694136619567871,196.8869879245758,False
CIFAR100,resnet18,knn_distance_cover,4,knn_distance_cover_4_50b,complete,59,3050,22.939999999999998,182.0,22.599999999999994,193.74691367149353,1.5227997303009033,2.264589309692383,197.53430271148682,False
CIFAR100,resnet18,knn_distance_cover,4,knn_distance_cover_4_50b,complete,60,3100,23.139999847412113,172.0,22.949999694824214,194.67089581489563,1.5172336101531982,1.263474702835083,197.4516041278839,False
CIFAR100,resnet18,knn_distance_cover,4,knn_distance_cover_4_50b,complete,61,3150,23.540000000000006,186.0,22.309999847412115,199.59471106529236,1.5935118198394775,2.311915636062622,203.50013852119446,False
CIFAR100,resnet18,knn_distance_cover,4,knn_distance_cover_4_50b,complete,62,3200,23.399999847412104,184.0,23.07999984741211,198.44268560409546,1.532975435256958,1.2695491313934326,201.24521017074585,False
CIFAR100,resnet18,knn_distance_cover,4,knn_distance_cover_4_50b,complete,63,3250,24.25999954223633,158.0,23.62999984741211,203.09113311767578,1.5227875709533691,2.2505526542663574,206.8644733428955,False
CIFAR100,resnet18,knn_distance_cover,4,knn_distance_cover_4_50b,complete,64,3300,24.760000000000005,168.0,23.829999694824224,201.6775414943695,1.6681442260742188,1.9577455520629883,205.3034312725067,False
CIFAR100,resnet18,knn_distance_cover,4,knn_distance_cover_4_50b,complete,65,3350,24.839999542236328,172.0,24.15999984741211,206.12464261054993,1.5239105224609375,1.2481071949005127,208.89666032791138,False
CIFAR100,resnet18,knn_distance_cover,4,knn_distance_cover_4_50b,complete,66,3400,25.079999542236322,154.0,23.75999954223633,206.8012616634369,1.529392957687378,2.452592134475708,210.78324675559998,False
CIFAR100,resnet18,knn_distance_cover,4,knn_distance_cover_4_50b,complete,67,3450,25.119999694824216,130.0,24.249999618530268,209.59139943122864,1.4413642883300781,2.316990852355957,213.34975457191467,False
CIFAR100,resnet18,knn_distance_cover,4,knn_distance_cover_4_50b,complete,68,3500,25.179999694824218,130.0,24.669999694824213,210.3604118824005,1.5174424648284912,2.4564764499664307,214.33433079719543,False
CIFAR100,resnet18,knn_distance_cover,4,knn_distance_cover_4_50b,complete,69,3550,25.69999938964844,198.0,24.419999847412114,214.0158965587616,1.5662243366241455,2.2373948097229004,217.81951570510864,False
CIFAR100,resnet18,knn_distance_cover,4,knn_distance_cover_4_50b,complete,70,3600,26.17999954223633,160.0,25.00999954223633,212.23058152198792,1.5250303745269775,2.691199779510498,216.4468116760254,False
CIFAR100,resnet18,knn_distance_cover,4,knn_distance_cover_4_50b,complete,71,3650,25.959999542236332,154.0,25.119999465942385,218.79112315177917,1.5085737705230713,1.4018683433532715,221.70156526565552,False
CIFAR100,resnet18,knn_distance_cover,4,knn_distance_cover_4_50b,complete,72,3700,26.439999237060547,194.0,24.909999465942377,218.83555150032043,1.522336483001709,1.3769073486328125,221.73479533195496,False
CIFAR100,resnet18,knn_distance_cover,4,knn_distance_cover_4_50b,complete,73,3750,26.499999694824226,190.0,25.379999465942376,220.3006570339203,1.564161777496338,2.2368671894073486,224.10168600082397,False
CIFAR100,resnet18,knn_distance_cover,4,knn_distance_cover_4_50b,complete,74,3800,26.879999389648432,184.0,25.36999954223633,222.2463800907135,1.5024797916412354,1.260878562927246,225.00973844528198,False
CIFAR100,resnet18,knn_distance_cover,4,knn_distance_cover_4_50b,complete,75,3850,26.77999946594238,182.0,25.92999954223633,225.91670846939087,1.508526086807251,2.6906421184539795,230.1158766746521,False
CIFAR100,resnet18,knn_distance_cover,4,knn_distance_cover_4_50b,complete,76,3900,26.93999908447266,154.0,25.499999618530268,226.03051209449768,1.5557537078857422,2.301194190979004,229.88745999336243,False
CIFAR100,resnet18,knn_distance_cover,4,knn_distance_cover_4_50b,complete,77,3950,27.479999542236328,188.0,26.259999465942386,230.95589447021484,1.562608003616333,2.550468683242798,235.06897115707397,False
CIFAR100,resnet18,knn_distance_cover,4,knn_distance_cover_4_50b,complete,78,4000,27.419999694824213,136.0,25.81999954223633,231.5281858444214,1.542715072631836,1.5482852458953857,234.6191861629486,False
CIFAR100,resnet18,knn_distance_cover,4,knn_distance_cover_4_50b,complete,79,4050,27.719999389648436,134.0,26.659999389648434,233.74389553070068,1.5090200901031494,2.364549160003662,237.6174647808075,False
CIFAR100,resnet18,knn_distance_cover,4,knn_distance_cover_4_50b,complete,80,4100,28.339999847412116,118.0,26.689999542236322,234.3139705657959,1.5052433013916016,2.678774356842041,238.49798822402954,False
CIFAR100,resnet18,knn_distance_cover,4,knn_distance_cover_4_50b,complete,81,4150,28.059999694824214,164.0,26.9599991607666,238.9186553955078,1.5167567729949951,2.5665388107299805,243.0019509792328,False
CIFAR100,resnet18,knn_distance_cover,4,knn_distance_cover_4_50b,complete,82,4200,28.619999084472653,174.0,27.319999389648444,239.94327044487,1.5082981586456299,1.2464208602905273,242.69798946380615,False
CIFAR100,resnet18,knn_distance_cover,4,knn_distance_cover_4_50b,complete,83,4250,28.359999694824225,186.0,27.27999946594238,243.79197645187378,2.1884682178497314,2.5465641021728516,248.52700877189636,False
CIFAR100,resnet18,knn_distance_cover,4,knn_distance_cover_4_50b,complete,84,4300,28.359999542236324,172.0,27.469999542236323,242.02046465873718,1.4733190536499023,2.1338210105895996,245.62760472297668,False
CIFAR100,resnet18,knn_distance_cover,4,knn_distance_cover_4_50b,complete,85,4350,28.079999694824224,176.0,27.60999923706055,245.86550760269165,1.497614860534668,2.433044910430908,249.79616737365723,False
CIFAR100,resnet18,knn_distance_cover,4,knn_distance_cover_4_50b,complete,86,4400,28.559999694824214,192.0,27.83999950408935,246.39384269714355,1.5417962074279785,1.3890488147735596,249.3246877193451,False
CIFAR100,resnet18,knn_distance_cover,4,knn_distance_cover_4_50b,complete,87,4450,28.819999999999993,106.0,28.209999084472656,250.2176914215088,1.5858559608459473,2.0908501148223877,253.89439749717712,False
CIFAR100,resnet18,knn_distance_cover,4,knn_distance_cover_4_50b,complete,88,4500,29.219999389648436,140.0,28.10999923706055,250.68599557876587,1.6680681705474854,2.282099962234497,254.63616371154785,False
CIFAR100,resnet18,knn_distance_cover,4,knn_distance_cover_4_50b,complete,89,4550,29.179999618530275,94.0,28.569999198913578,256.83449149131775,1.4837019443511963,1.273348331451416,259.59154176712036,False
CIFAR100,resnet18,knn_distance_cover,4,knn_distance_cover_4_50b,complete,90,4600,29.219999389648436,108.0,28.089999313354497,255.68183398246765,1.5398201942443848,2.2860162258148193,259.50767040252686,False
CIFAR100,resnet18,knn_distance_cover,4,knn_distance_cover_4_50b,complete,91,4650,29.41999938964844,148.0,28.329999504089358,258.74452543258667,1.6843440532684326,3.2180328369140625,263.64690232276917,False
CIFAR100,resnet18,knn_distance_cover,4,knn_distance_cover_4_50b,complete,92,4700,29.859999160766606,148.0,28.95999969482422,259.54488587379456,1.500478744506836,2.0253541469573975,263.0707187652588,False
CIFAR100,resnet18,knn_distance_cover,4,knn_distance_cover_4_50b,complete,93,4750,29.799999008178716,194.0,29.049999160766603,263.12276577949524,1.5641632080078125,2.608096122741699,267.29502511024475,False
CIFAR100,resnet18,knn_distance_cover,4,knn_distance_cover_4_50b,complete,94,4800,29.95999969482422,186.0,28.78999954223633,262.9416377544403,1.5256092548370361,2.14018177986145,266.6074287891388,False
CIFAR100,resnet18,knn_distance_cover,4,knn_distance_cover_4_50b,complete,95,4850,30.15999908447266,180.0,29.319999198913578,267.9481382369995,1.5643565654754639,2.2520596981048584,271.76455450057983,False
CIFAR100,resnet18,knn_distance_cover,4,knn_distance_cover_4_50b,complete,96,4900,29.85999893188476,162.0,29.119999198913575,265.5279769897461,1.532005786895752,2.663743734359741,269.7237265110016,False
CIFAR100,resnet18,knn_distance_cover,4,knn_distance_cover_4_50b,complete,97,4950,30.219999313354492,184.0,29.46999935150147,270.5681929588318,1.5343124866485596,2.151454210281372,274.2539596557617,False
CIFAR100,resnet18,knn_distance_cover,4,knn_distance_cover_4_50b,complete,98,5000,30.33999938964844,158.0,30.04999931335449,270.2406141757965,1.527045488357544,2.0722496509552,273.83990931510925,False
CIFAR100,resnet18,knn_distance_cover,4,knn_distance_cover_4_50b,complete,99,5050,30.53999923706054,138.0,29.929999465942387,274.7932906150818,1.5089266300201416,1.9343538284301758,278.2365710735321,False
CIFAR100,resnet18,knn_distance_cover,4,knn_distance_cover_4_50b,complete,100,5050,31.219999694824224,144.0,29.949999046325686,277.81221866607666,1.5361297130584717,0.0,279.34834837913513,False
CIFAR100,resnet18,knn_distance_cover,5,knn_distance_cover_5_50b,complete,-1,50,,,,,,1.8514745235443115,1.8514745235443115,True
CIFAR100,resnet18,knn_distance_cover,5,knn_distance_cover_5_50b,complete,0,100,3.9599999999999937,136.0,3.9000000000000057,74.67033219337463,1.499091386795044,2.0643346309661865,78.23375821113586,False
CIFAR100,resnet18,knn_distance_cover,5,knn_distance_cover_5_50b,complete,1,150,6.280000000000001,134.0,6.549999999999997,74.92346978187561,1.6429541110992432,1.2923097610473633,77.85873365402222,False
CIFAR100,resnet18,knn_distance_cover,5,knn_distance_cover_5_50b,complete,2,200,7.459999999999994,170.0,7.670000000000002,75.19800543785095,1.440711498260498,1.351881980895996,77.99059891700745,False
CIFAR100,resnet18,knn_distance_cover,5,knn_distance_cover_5_50b,complete,3,250,8.260000000000005,154.0,8.069999999999993,78.74699187278748,1.5774567127227783,1.6393914222717285,81.96384000778198,False
CIFAR100,resnet18,knn_distance_cover,5,knn_distance_cover_5_50b,complete,4,300,8.799999999999997,86.0,8.310000000000002,79.35051584243774,1.5252797603607178,1.7366907596588135,82.61248636245728,False
CIFAR100,resnet18,knn_distance_cover,5,knn_distance_cover_5_50b,complete,5,350,9.239999999999995,56.0,8.730000000000004,82.71017217636108,1.5162060260772705,1.3481900691986084,85.57456827163696,False
CIFAR100,resnet18,knn_distance_cover,5,knn_distance_cover_5_50b,complete,6,400,9.099999999999994,52.0,8.680000000000007,82.95713186264038,1.5242578983306885,1.8380441665649414,86.31943392753601,False
CIFAR100,resnet18,knn_distance_cover,5,knn_distance_cover_5_50b,complete,7,450,9.180000000000007,116.0,8.879999999999995,87.58483695983887,1.55291748046875,2.2216429710388184,91.35939741134644,False
CIFAR100,resnet18,knn_distance_cover,5,knn_distance_cover_5_50b,complete,8,500,9.540000000000006,134.0,9.420000000000002,86.97859454154968,1.5121872425079346,2.1170859336853027,90.60786771774292,False
CIFAR100,resnet18,knn_distance_cover,5,knn_distance_cover_5_50b,complete,9,550,9.840000000000003,144.0,9.120000000000005,90.58566737174988,1.4844400882720947,2.1647307872772217,94.2348382472992,False
CIFAR100,resnet18,knn_distance_cover,5,knn_distance_cover_5_50b,complete,10,600,10.280000000000001,154.0,9.909999999999997,91.05666995048523,1.494654893875122,2.140641450881958,94.69196629524231,False
CIFAR100,resnet18,knn_distance_cover,5,knn_distance_cover_5_50b,complete,11,650,10.420000000000002,200.0,10.219999999999999,95.53516125679016,1.4733076095581055,2.193969488143921,99.20243835449219,False
CIFAR100,resnet18,knn_distance_cover,5,knn_distance_cover_5_50b,complete,12,700,10.599999999999994,144.0,10.290000000000006,94.82044291496277,1.6420891284942627,1.9813549518585205,98.44388699531555,False
CIFAR100,resnet18,knn_distance_cover,5,knn_distance_cover_5_50b,complete,13,750,11.180000000000007,144.0,10.650000000000006,99.55299854278564,1.5003817081451416,2.4315314292907715,103.48491168022156,False
CIFAR100,resnet18,knn_distance_cover,5,knn_distance_cover_5_50b,complete,14,800,11.219999999999999,102.0,11.159999999999997,98.78771305084229,1.484161376953125,2.0872392654418945,102.3591136932373,False
CIFAR100,resnet18,knn_distance_cover,5,knn_distance_cover_5_50b,complete,15,850,11.36,174.0,11.280000000000001,103.48127627372742,1.6008367538452148,2.408555746078491,107.49066877365112,False
CIFAR100,resnet18,knn_distance_cover,5,knn_distance_cover_5_50b,complete,16,900,11.799999999999997,188.0,11.64,102.66735029220581,1.4358303546905518,2.2193424701690674,106.32252311706543,False
CIFAR100,resnet18,knn_distance_cover,5,knn_distance_cover_5_50b,complete,17,950,11.959999999999994,196.0,11.930000000000007,106.66129851341248,1.495690107345581,2.239398956298828,110.39638757705688,False
CIFAR100,resnet18,knn_distance_cover,5,knn_distance_cover_5_50b,complete,18,1000,12.540000000000006,174.0,11.980000000000004,107.01458096504211,1.5437045097351074,2.251105785369873,110.8093912601471,False
CIFAR100,resnet18,knn_distance_cover,5,knn_distance_cover_5_50b,complete,19,1050,12.599999999999994,102.0,12.650000000000006,112.19509601593018,1.4691689014434814,1.3305416107177734,114.99480652809143,False
CIFAR100,resnet18,knn_distance_cover,5,knn_distance_cover_5_50b,complete,20,1100,13.260000000000005,110.0,12.689999999999998,111.74978923797607,1.457625150680542,2.0580952167510986,115.26550960540771,False
CIFAR100,resnet18,knn_distance_cover,5,knn_distance_cover_5_50b,complete,21,1150,13.64,144.0,13.079999999999998,116.2861680984497,1.6201205253601074,1.4165422916412354,119.32283091545105,False
CIFAR100,resnet18,knn_distance_cover,5,knn_distance_cover_5_50b,complete,22,1200,13.939999999999998,152.0,13.269999999999996,115.8009684085846,1.5187420845031738,2.337883949279785,119.65759444236755,False
CIFAR100,resnet18,knn_distance_cover,5,knn_distance_cover_5_50b,complete,23,1250,14.120000000000005,92.0,13.579999999999998,119.75519943237305,1.6357035636901855,2.2403581142425537,123.63126111030579,False
CIFAR100,resnet18,knn_distance_cover,5,knn_distance_cover_5_50b,complete,24,1300,14.719999999999999,120.0,13.780000000000001,120.11802434921265,1.5629961490631104,2.364888906478882,124.04590940475464,False
CIFAR100,resnet18,knn_distance_cover,5,knn_distance_cover_5_50b,complete,25,1350,14.86,192.0,14.260000000000005,123.91837501525879,1.5708603858947754,2.2402708530426025,127.72950625419617,False
CIFAR100,resnet18,knn_distance_cover,5,knn_distance_cover_5_50b,complete,26,1400,14.900000000000006,160.0,14.439999999999998,123.91778874397278,1.5344312191009521,2.7442095279693604,128.1964294910431,False
CIFAR100,resnet18,knn_distance_cover,5,knn_distance_cover_5_50b,complete,27,1450,15.219999999999999,114.0,14.900000000000006,127.83415865898132,1.5358259677886963,2.1642954349517822,131.5342800617218,False
CIFAR100,resnet18,knn_distance_cover,5,knn_distance_cover_5_50b,complete,28,1500,15.680000000000007,66.0,14.840000000000003,126.505202293396,1.5488479137420654,2.152843952178955,130.20689415931702,False
CIFAR100,resnet18,knn_distance_cover,5,knn_distance_cover_5_50b,complete,29,1550,16.200000000000003,156.0,14.879999999999995,132.45878076553345,1.6376445293426514,2.541074275970459,136.63749957084656,False
CIFAR100,resnet18,knn_distance_cover,5,knn_distance_cover_5_50b,complete,30,1600,16.58,168.0,15.450000000000003,131.42466115951538,1.5251755714416504,2.5158493518829346,135.46568608283997,False
CIFAR100,resnet18,knn_distance_cover,5,knn_distance_cover_5_50b,complete,31,1650,16.599999999999994,172.0,15.480000000000004,135.49757194519043,1.5595731735229492,1.2591426372528076,138.3162877559662,False
CIFAR100,resnet18,knn_distance_cover,5,knn_distance_cover_5_50b,complete,32,1700,16.459999999999994,174.0,15.579999999999998,134.44846725463867,1.5441639423370361,1.3514420986175537,137.34407329559326,False
CIFAR100,resnet18,knn_distance_cover,5,knn_distance_cover_5_50b,complete,33,1750,17.0,152.0,15.829999999999998,140.8247413635254,1.5425903797149658,1.259519338607788,143.62685108184814,False
CIFAR100,resnet18,knn_distance_cover,5,knn_distance_cover_5_50b,complete,34,1800,17.36,190.0,16.459999999999994,142.1335573196411,2.038727283477783,2.4659063816070557,146.63819098472595,False
CIFAR100,resnet18,knn_distance_cover,5,knn_distance_cover_5_50b,complete,35,1850,17.799999999999997,198.0,16.459999999999994,143.84215378761292,1.7166368961334229,2.195216417312622,147.75400710105896,False
CIFAR100,resnet18,knn_distance_cover,5,knn_distance_cover_5_50b,complete,36,1900,18.040000000000006,178.0,16.93999984741211,143.3896086215973,1.5244603157043457,1.3877770900726318,146.30184602737427,False
CIFAR100,resnet18,knn_distance_cover,5,knn_distance_cover_5_50b,complete,37,1950,18.43999984741211,200.0,17.299999999999997,147.99800539016724,1.5343756675720215,2.058833599090576,151.59121465682983,False
CIFAR100,resnet18,knn_distance_cover,5,knn_distance_cover_5_50b,complete,38,2000,18.560000000000002,174.0,17.519999999999996,148.36594891548157,1.4962959289550781,2.23561954498291,152.09786438941956,False
CIFAR100,resnet18,knn_distance_cover,5,knn_distance_cover_5_50b,complete,39,2050,19.060000000000002,180.0,17.599999999999994,152.51282024383545,1.5393903255462646,2.06882905960083,156.12103962898254,False
CIFAR100,resnet18,knn_distance_cover,5,knn_distance_cover_5_50b,complete,40,2100,18.58,112.0,18.040000000000006,153.57005214691162,1.5201339721679688,1.2392914295196533,156.32947754859924,False
CIFAR100,resnet18,knn_distance_cover,5,knn_distance_cover_5_50b,complete,41,2150,19.01999984741211,154.0,17.97,154.6896834373474,1.4832088947296143,2.021489143371582,158.1943814754486,False
CIFAR100,resnet18,knn_distance_cover,5,knn_distance_cover_5_50b,complete,42,2200,19.36,172.0,18.980000000000004,155.62206506729126,1.5161540508270264,2.0141289234161377,159.15234804153442,False
CIFAR100,resnet18,knn_distance_cover,5,knn_distance_cover_5_50b,complete,43,2250,19.299999999999997,200.0,18.45999992370605,159.01610374450684,1.5825886726379395,1.9548821449279785,162.55357456207275,False
CIFAR100,resnet18,knn_distance_cover,5,knn_distance_cover_5_50b,complete,44,2300,19.739999847412108,176.0,18.83,159.8975510597229,1.5130510330200195,2.1097617149353027,163.52036380767822,False
CIFAR100,resnet18,knn_distance_cover,5,knn_distance_cover_5_50b,complete,45,2350,20.019999999999996,144.0,19.17,163.34375643730164,1.5630433559417725,1.2775089740753174,166.18430876731873,False
CIFAR100,resnet18,knn_distance_cover,5,knn_distance_cover_5_50b,complete,46,2400,19.64,100.0,19.200000000000003,163.9884524345398,1.5134997367858887,1.590179681777954,167.09213185310364,False
CIFAR100,resnet18,knn_distance_cover,5,knn_distance_cover_5_50b,complete,47,2450,20.239999542236333,188.0,19.70999992370605,167.87742257118225,1.5037779808044434,1.5343990325927734,170.91559958457947,False
CIFAR100,resnet18,knn_distance_cover,5,knn_distance_cover_5_50b,complete,48,2500,21.040000000000006,106.0,19.689999999999998,166.7939579486847,1.4887840747833252,2.2650961875915527,170.54783821105957,False
CIFAR100,resnet18,knn_distance_cover,5,knn_distance_cover_5_50b,complete,49,2550,21.07999984741211,84.0,20.200000000000003,170.8671360015869,1.6081550121307373,1.7949721813201904,174.27026319503784,False
CIFAR100,resnet18,knn_distance_cover,5,knn_distance_cover_5_50b,complete,50,2600,21.579999694824224,160.0,20.510000000000005,170.48933959007263,1.4757192134857178,1.3653833866119385,173.3304421901703,False
CIFAR100,resnet18,knn_distance_cover,5,knn_distance_cover_5_50b,complete,51,2650,21.379999999999995,140.0,20.310000000000002,175.0431933403015,1.542717695236206,2.0998570919036865,178.6857681274414,False
CIFAR100,resnet18,knn_distance_cover,5,knn_distance_cover_5_50b,complete,52,2700,21.819999999999993,182.0,21.269999923706052,176.82159113883972,1.5780887603759766,3.4904749393463135,181.890154838562,False
CIFAR100,resnet18,knn_distance_cover,5,knn_distance_cover_5_50b,complete,53,2750,22.399999694824217,184.0,21.359999923706056,180.73449182510376,1.570056676864624,2.1262388229370117,184.4307873249054,False
CIFAR100,resnet18,knn_distance_cover,5,knn_distance_cover_5_50b,complete,54,2800,22.599999999999994,184.0,21.51999984741211,180.3322422504425,1.529188871383667,2.099609375,183.96104049682617,False
CIFAR100,resnet18,knn_distance_cover,5,knn_distance_cover_5_50b,complete,55,2850,22.29999984741211,146.0,21.449999847412116,184.7676179409027,1.5530035495758057,2.737215518951416,189.05783700942993,False
CIFAR100,resnet18,knn_distance_cover,5,knn_distance_cover_5_50b,complete,56,2900,22.840000000000003,200.0,21.86,185.50609016418457,1.580273151397705,1.9869389533996582,189.07330226898193,False
CIFAR100,resnet18,knn_distance_cover,5,knn_distance_cover_5_50b,complete,57,2950,23.199999847412116,170.0,21.779999847412114,187.71665000915527,1.5077481269836426,1.372309923171997,190.5967080593109,False
CIFAR100,resnet18,knn_distance_cover,5,knn_distance_cover_5_50b,complete,58,3000,23.639999847412113,142.0,22.349999847412107,187.3979525566101,1.5191371440887451,2.078531265258789,190.99562096595764,False
CIFAR100,resnet18,knn_distance_cover,5,knn_distance_cover_5_50b,complete,59,3050,23.5,156.0,22.879999771118165,190.9826099872589,1.490912675857544,2.1311676502227783,194.60469031333923,False
CIFAR100,resnet18,knn_distance_cover,5,knn_distance_cover_5_50b,complete,60,3100,23.359999694824225,188.0,22.949999694824214,192.0313868522644,1.4879381656646729,1.320291519165039,194.83961653709412,False
CIFAR100,resnet18,knn_distance_cover,5,knn_distance_cover_5_50b,complete,61,3150,24.01999969482422,164.0,23.099999847412107,195.83736276626587,2.020141124725342,2.4715285301208496,200.32903242111206,False
CIFAR100,resnet18,knn_distance_cover,5,knn_distance_cover_5_50b,complete,62,3200,23.999999542236324,196.0,22.969999771118168,194.2240297794342,1.4986658096313477,1.950143814086914,197.67283940315247,False
CIFAR100,resnet18,knn_distance_cover,5,knn_distance_cover_5_50b,complete,63,3250,24.059999847412115,142.0,23.049999999999997,198.81185269355774,1.5715115070343018,1.9318511486053467,202.3152153491974,False
CIFAR100,resnet18,knn_distance_cover,5,knn_distance_cover_5_50b,complete,64,3300,24.439999389648435,148.0,23.699999771118158,197.65385794639587,1.5532221794128418,1.4788618087768555,200.68594193458557,False
CIFAR100,resnet18,knn_distance_cover,5,knn_distance_cover_5_50b,complete,65,3350,24.459999847412107,154.0,24.10999977111817,201.77054047584534,1.566941499710083,1.2403864860534668,204.5778684616089,False
CIFAR100,resnet18,knn_distance_cover,5,knn_distance_cover_5_50b,complete,66,3400,25.079999389648435,170.0,24.07999961853028,202.86245894432068,1.467266321182251,1.2433011531829834,205.5730264186859,False
CIFAR100,resnet18,knn_distance_cover,5,knn_distance_cover_5_50b,complete,67,3450,25.400000000000006,104.0,24.159999771118166,207.78696298599243,1.5101101398468018,2.3792314529418945,211.67630457878113,False
CIFAR100,resnet18,knn_distance_cover,5,knn_distance_cover_5_50b,complete,68,3500,25.379999542236334,196.0,24.159999542236335,206.98477959632874,1.5169222354888916,2.4484517574310303,210.95015358924866,False
CIFAR100,resnet18,knn_distance_cover,5,knn_distance_cover_5_50b,complete,69,3550,25.59999938964843,180.0,24.47999977111816,211.8274221420288,1.5239591598510742,2.9479126930236816,216.29929399490356,False
CIFAR100,resnet18,knn_distance_cover,5,knn_distance_cover_5_50b,complete,70,3600,25.819999389648444,184.0,24.639999847412113,212.56230282783508,1.5298106670379639,2.2261555194854736,216.31826901435852,False
CIFAR100,resnet18,knn_distance_cover,5,knn_distance_cover_5_50b,complete,71,3650,26.039999694824218,192.0,24.839999694824215,214.8541383743286,1.4733946323394775,2.1772348880767822,218.50476789474487,False
CIFAR100,resnet18,knn_distance_cover,5,knn_distance_cover_5_50b,complete,72,3700,26.159999542236335,142.0,25.009999389648442,213.71474385261536,1.5165290832519531,1.9730100631713867,217.2042829990387,False
CIFAR100,resnet18,knn_distance_cover,5,knn_distance_cover_5_50b,complete,73,3750,26.36,198.0,25.239999771118164,218.22480058670044,1.4259679317474365,2.2514188289642334,221.9021873474121,False
CIFAR100,resnet18,knn_distance_cover,5,knn_distance_cover_5_50b,complete,74,3800,26.279999389648438,190.0,25.359999694824225,220.57440519332886,1.577411413192749,1.3779106140136719,223.52972722053528,False
CIFAR100,resnet18,knn_distance_cover,5,knn_distance_cover_5_50b,complete,75,3850,26.559999847412115,114.0,25.69999961853027,224.59391736984253,1.51167893409729,2.051818370819092,228.1574146747589,False
CIFAR100,resnet18,knn_distance_cover,5,knn_distance_cover_5_50b,complete,76,3900,27.279999542236325,170.0,26.199999694824214,223.20213770866394,1.5281345844268799,2.6297719478607178,227.36004424095154,False
CIFAR100,resnet18,knn_distance_cover,5,knn_distance_cover_5_50b,complete,77,3950,27.139999160766607,194.0,26.049999694824223,227.30222535133362,1.5394723415374756,2.5357611179351807,231.37745881080627,False
CIFAR100,resnet18,knn_distance_cover,5,knn_distance_cover_5_50b,complete,78,4000,27.919999694824213,196.0,26.53999954223633,226.91594624519348,1.5348644256591797,2.0583982467651367,230.5092089176178,False
CIFAR100,resnet18,knn_distance_cover,5,knn_distance_cover_5_50b,complete,79,4050,27.519999389648433,198.0,26.619999618530272,231.6349675655365,1.5584416389465332,2.0626730918884277,235.25608229637146,False
CIFAR100,resnet18,knn_distance_cover,5,knn_distance_cover_5_50b,complete,80,4100,27.939999160766604,132.0,26.949999465942383,231.61890935897827,1.4800012111663818,2.156572103500366,235.25548267364502,False
CIFAR100,resnet18,knn_distance_cover,5,knn_distance_cover_5_50b,complete,81,4150,27.619999694824216,176.0,26.989999618530277,235.88004565238953,1.5713746547698975,1.2724883556365967,238.72390866279602,False
CIFAR100,resnet18,knn_distance_cover,5,knn_distance_cover_5_50b,complete,82,4200,28.15999961853028,172.0,27.60999950408936,234.29218435287476,1.471646785736084,1.3843834400177002,237.14821457862854,False
CIFAR100,resnet18,knn_distance_cover,5,knn_distance_cover_5_50b,complete,83,4250,28.299999008178716,172.0,27.259999465942386,238.1598823070526,1.5311274528503418,2.1492605209350586,241.840270280838,False
CIFAR100,resnet18,knn_distance_cover,5,knn_distance_cover_5_50b,complete,84,4300,28.839999008178708,182.0,27.859999160766606,238.9121994972229,1.5854415893554688,1.9532673358917236,242.4509084224701,False
CIFAR100,resnet18,knn_distance_cover,5,knn_distance_cover_5_50b,complete,85,4350,29.019999389648433,112.0,27.71999908447266,241.60096049308777,1.4702634811401367,2.6824264526367188,245.75365042686462,False
CIFAR100,resnet18,knn_distance_cover,5,knn_distance_cover_5_50b,complete,86,4400,28.97999938964844,134.0,27.94999938964844,244.03120851516724,1.5168614387512207,2.144127368927002,247.69219732284546,False
CIFAR100,resnet18,knn_distance_cover,5,knn_distance_cover_5_50b,complete,87,4450,28.999999084472663,160.0,27.61999938964844,244.64862442016602,1.658491849899292,2.282158136367798,248.5892744064331,False
CIFAR100,resnet18,knn_distance_cover,5,knn_distance_cover_5_50b,complete,88,4500,29.359999008178704,176.0,28.4099995803833,248.54404163360596,1.5669732093811035,2.247661590576172,252.35867643356323,False
CIFAR100,resnet18,knn_distance_cover,5,knn_distance_cover_5_50b,complete,89,4550,29.47999938964844,146.0,28.08999961853027,251.55965971946716,1.5088214874267578,2.1437480449676514,255.21222925186157,False
CIFAR100,resnet18,knn_distance_cover,5,knn_distance_cover_5_50b,complete,90,4600,29.619999313354498,180.0,28.589999542236328,251.36809182167053,1.4983069896697998,2.067647933959961,254.9340467453003,False
CIFAR100,resnet18,knn_distance_cover,5,knn_distance_cover_5_50b,complete,91,4650,29.619998931884766,198.0,28.37999919891358,255.06286692619324,1.5868477821350098,2.524909734725952,259.1746244430542,False
CIFAR100,resnet18,knn_distance_cover,5,knn_distance_cover_5_50b,complete,92,4700,29.919999542236326,196.0,28.409999237060546,255.3251006603241,1.4471280574798584,2.2463629245758057,259.01859164237976,False
CIFAR100,resnet18,knn_distance_cover,5,knn_distance_cover_5_50b,complete,93,4750,29.799999389648434,200.0,29.11999900817871,259.4368462562561,1.4970941543579102,1.3469233512878418,262.28086376190186,False
CIFAR100,resnet18,knn_distance_cover,5,knn_distance_cover_5_50b,complete,94,4800,29.799998855590815,132.0,29.05999938964844,258.07600355148315,1.52878737449646,2.2479336261749268,261.85272455215454,False
CIFAR100,resnet18,knn_distance_cover,5,knn_distance_cover_5_50b,complete,95,4850,29.819999237060543,136.0,28.999999542236324,262.8487973213196,1.5172240734100342,1.2655375003814697,265.6315588951111,False
CIFAR100,resnet18,knn_distance_cover,5,knn_distance_cover_5_50b,complete,96,4900,30.53999954223633,132.0,29.209999275207522,263.4573631286621,1.5453550815582275,2.1797547340393066,267.18247294425964,False
CIFAR100,resnet18,knn_distance_cover,5,knn_distance_cover_5_50b,complete,97,4950,30.279999542236325,170.0,29.379999351501468,266.7693021297455,1.5028319358825684,2.2397778034210205,270.5119118690491,False
CIFAR100,resnet18,knn_distance_cover,5,knn_distance_cover_5_50b,complete,98,5000,30.319999465942388,142.0,29.439999656677244,267.44673323631287,1.4870202541351318,2.2943012714385986,271.2280547618866,False
CIFAR100,resnet18,knn_distance_cover,5,knn_distance_cover_5_50b,complete,99,5050,30.759999465942386,134.0,30.0099993133545,271.51901054382324,1.4677691459655762,1.2320187091827393,274.21879839897156,False
CIFAR100,resnet18,knn_distance_cover,5,knn_distance_cover_5_50b,complete,100,5050,30.699999465942383,190.0,29.709999313354487,271.38510966300964,1.5887973308563232,0.0,272.97390699386597,False
