dataset,model,method,seed,exp_name,run_status,episode,labeled_count,best_val_accuracy,best_val_epoch,test_accuracy,train_time_sec,test_time_sec,acquisition_time_sec,round_time_sec,is_initial_sampling
CIFAR10,resnet18,knn_distance_cover,1,knn_distance_cover_1_50b,complete,-1,50,,,,,,1.930936574935913,1.930936574935913,True
CIFAR10,resnet18,knn_distance_cover,1,knn_distance_cover_1_50b,complete,0,100,22.14,58.0,22.129999999999995,74.05396509170532,1.4731757640838623,1.3243327140808105,76.85147356987,False
CIFAR10,resnet18,knn_distance_cover,1,knn_distance_cover_1_50b,complete,1,150,25.979999694824215,122.0,25.929999618530275,74.43318676948547,1.5608298778533936,1.1892266273498535,77.18324327468872,False
CIFAR10,resnet18,knn_distance_cover,1,knn_distance_cover_1_50b,complete,2,200,30.799999465942378,192.0,30.41999912261963,74.20031142234802,1.4564173221588135,2.0074679851531982,77.66419672966003,False
CIFAR10,resnet18,knn_distance_cover,1,knn_distance_cover_1_50b,complete,3,250,33.439999389648435,186.0,32.839999198913574,79.92741990089417,1.5593695640563965,1.3302834033966064,82.81707286834717,False
CIFAR10,resnet18,knn_distance_cover,1,knn_distance_cover_1_50b,complete,4,300,34.4599991607666,168.0,34.21999931335449,80.8040680885315,1.5226542949676514,2.2598633766174316,84.58658576011658,False
CIFAR10,resnet18,knn_distance_cover,1,knn_distance_cover_1_50b,complete,5,350,37.61999877929688,108.0,37.56999897003174,84.42098808288574,1.6367161273956299,1.2166774272918701,87.27438163757324,False
CIFAR10,resnet18,knn_distance_cover,1,knn_distance_cover_1_50b,complete,6,400,38.43999885559082,148.0,38.49999919891357,84.11326193809509,1.4926695823669434,2.293734312057495,87.89966583251953,False
CIFAR10,resnet18,knn_distance_cover,1,knn_distance_cover_1_50b,complete,7,450,40.219999084472654,164.0,38.78999866485596,88.29123640060425,1.5219533443450928,1.3072516918182373,91.12044143676758,False
CIFAR10,resnet18,knn_distance_cover,1,knn_distance_cover_1_50b,complete,8,500,39.51999885559082,142.0,38.709999084472656,88.3588535785675,1.518833875656128,2.1826491355895996,92.06033658981323,False
CIFAR10,resnet18,knn_distance_cover,1,knn_distance_cover_1_50b,complete,9,550,40.71999885559082,172.0,39.74999839782715,92.17143130302429,1.590759038925171,2.124497652053833,95.8866879940033,False
CIFAR10,resnet18,knn_distance_cover,1,knn_distance_cover_1_50b,complete,10,600,42.05999839782715,186.0,41.32999839782715,92.28575778007507,1.6303160190582275,1.9940145015716553,95.91008830070496,False
CIFAR10,resnet18,knn_distance_cover,1,knn_distance_cover_1_50b,complete,11,650,43.05999885559082,198.0,40.849998512268066,96.11273288726807,1.4663426876068115,1.3194012641906738,98.89847683906555,False
CIFAR10,resnet18,knn_distance_cover,1,knn_distance_cover_1_50b,complete,12,700,44.33999870300293,190.0,43.43999908447265,96.66732859611511,1.6088650226593018,1.2304325103759766,99.50662612915039,False
CIFAR10,resnet18,knn_distance_cover,1,knn_distance_cover_1_50b,complete,13,750,44.17999885559082,154.0,42.4399984741211,100.19684147834778,1.4676110744476318,1.319103479385376,102.98355603218079,False
CIFAR10,resnet18,knn_distance_cover,1,knn_distance_cover_1_50b,complete,14,800,43.839998931884764,192.0,42.6899984741211,99.32653284072876,1.4958791732788086,1.321737289428711,102.14414930343628,False
CIFAR10,resnet18,knn_distance_cover,1,knn_distance_cover_1_50b,complete,15,850,45.27999900817871,124.0,42.689998626708984,103.99411273002625,1.5011100769042969,2.0198986530303955,107.51512145996094,False
CIFAR10,resnet18,knn_distance_cover,1,knn_distance_cover_1_50b,complete,16,900,46.019999237060546,148.0,44.40999885559082,104.16243147850037,1.4938220977783203,1.3079979419708252,106.96425151824951,False
CIFAR10,resnet18,knn_distance_cover,1,knn_distance_cover_1_50b,complete,17,950,45.69999870300293,192.0,43.689998664855956,107.60526394844055,1.5180325508117676,1.3569493293762207,110.48024582862854,False
CIFAR10,resnet18,knn_distance_cover,1,knn_distance_cover_1_50b,complete,18,1000,46.63999900817871,200.0,45.43999935150146,108.23140263557434,1.519085168838501,1.3436980247497559,111.0941858291626,False
CIFAR10,resnet18,knn_distance_cover,1,knn_distance_cover_1_50b,complete,19,1050,46.51999862670898,198.0,44.8699984741211,111.16828203201294,1.4798412322998047,1.2264759540557861,113.87459921836853,False
CIFAR10,resnet18,knn_distance_cover,1,knn_distance_cover_1_50b,complete,20,1100,47.479999465942385,180.0,46.27999908447266,112.15257692337036,1.464113712310791,2.453016519546509,116.06970715522766,False
CIFAR10,resnet18,knn_distance_cover,1,knn_distance_cover_1_50b,complete,21,1150,48.29999908447266,120.0,46.719998817443845,116.35381078720093,1.4581091403961182,2.086597442626953,119.898517370224,False
CIFAR10,resnet18,knn_distance_cover,1,knn_distance_cover_1_50b,complete,22,1200,48.719999160766605,182.0,47.379999046325686,116.1146776676178,1.5822899341583252,1.3813579082489014,119.07832551002502,False
CIFAR10,resnet18,knn_distance_cover,1,knn_distance_cover_1_50b,complete,23,1250,49.67999900817871,180.0,47.98999912261963,120.73415780067444,1.509984016418457,1.2301995754241943,123.47434139251709,False
CIFAR10,resnet18,knn_distance_cover,1,knn_distance_cover_1_50b,complete,24,1300,50.21999946594238,148.0,48.619999465942385,120.57601594924927,1.4923958778381348,1.3644359111785889,123.43284773826599,False
CIFAR10,resnet18,knn_distance_cover,1,knn_distance_cover_1_50b,complete,25,1350,49.35999923706055,162.0,48.60999946594238,123.34575080871582,1.5011310577392578,1.3236045837402344,126.17048645019531,False
CIFAR10,resnet18,knn_distance_cover,1,knn_distance_cover_1_50b,complete,26,1400,50.739998779296876,194.0,49.149999389648436,124.13892602920532,1.5957295894622803,2.354759454727173,128.08941507339478,False
CIFAR10,resnet18,knn_distance_cover,1,knn_distance_cover_1_50b,complete,27,1450,50.63999969482422,190.0,49.14999927520752,127.22806572914124,1.4936611652374268,1.2347962856292725,129.95652318000793,False
CIFAR10,resnet18,knn_distance_cover,1,knn_distance_cover_1_50b,complete,28,1500,51.839999237060546,198.0,49.909998664855955,127.76333975791931,1.4806487560272217,2.06337833404541,131.30736684799194,False
CIFAR10,resnet18,knn_distance_cover,1,knn_distance_cover_1_50b,complete,29,1550,52.01999900817871,164.0,49.3799991607666,130.84245347976685,1.4747519493103027,1.3526403903961182,133.66984581947327,False
CIFAR10,resnet18,knn_distance_cover,1,knn_distance_cover_1_50b,complete,30,1600,52.17999900817871,170.0,50.87999908447266,132.99615931510925,1.4754226207733154,1.2185242176055908,135.69010615348816,False
CIFAR10,resnet18,knn_distance_cover,1,knn_distance_cover_1_50b,complete,31,1650,53.559999237060545,156.0,52.189998893737794,135.29991602897644,1.4709243774414062,1.3369991779327393,138.1078395843506,False
CIFAR10,resnet18,knn_distance_cover,1,knn_distance_cover_1_50b,complete,32,1700,52.19999931335449,160.0,50.79999908447266,134.9751124382019,1.5064232349395752,1.2768025398254395,137.75833821296692,False
CIFAR10,resnet18,knn_distance_cover,1,knn_distance_cover_1_50b,complete,33,1750,53.699998474121095,196.0,52.07999877929687,139.12789058685303,1.5655922889709473,2.364952564239502,143.05843544006348,False
CIFAR10,resnet18,knn_distance_cover,1,knn_distance_cover_1_50b,complete,34,1800,53.41999900817871,198.0,51.98999893188476,140.3491735458374,1.4956128597259521,2.067779302597046,143.9125657081604,False
CIFAR10,resnet18,knn_distance_cover,1,knn_distance_cover_1_50b,complete,35,1850,54.29999908447266,130.0,53.199998931884764,144.4666109085083,1.4445500373840332,1.2022955417633057,147.11345648765564,False
CIFAR10,resnet18,knn_distance_cover,1,knn_distance_cover_1_50b,complete,36,1900,54.65999870300293,152.0,53.20999889373779,145.83809399604797,1.4851281642913818,1.3290953636169434,148.6523175239563,False
CIFAR10,resnet18,knn_distance_cover,1,knn_distance_cover_1_50b,complete,37,1950,54.63999946594238,194.0,54.069999084472656,148.78847908973694,1.4864277839660645,2.12880802154541,152.4037148952484,False
CIFAR10,resnet18,knn_distance_cover,1,knn_distance_cover_1_50b,complete,38,2000,54.21999900817871,180.0,53.50999904632568,147.617493391037,1.4699864387512207,2.1199612617492676,151.20744109153748,False
CIFAR10,resnet18,knn_distance_cover,1,knn_distance_cover_1_50b,complete,39,2050,55.619998664855956,190.0,54.57999897003174,152.53632497787476,1.4741878509521484,1.2512004375457764,155.26171326637268,False
CIFAR10,resnet18,knn_distance_cover,1,knn_distance_cover_1_50b,complete,40,2100,55.41999893188476,150.0,54.199998683929444,151.80976366996765,1.5915136337280273,1.2572014331817627,154.65847873687744,False
CIFAR10,resnet18,knn_distance_cover,1,knn_distance_cover_1_50b,complete,41,2150,55.019998703002926,186.0,53.819998817443846,156.3268859386444,1.4934799671173096,1.2477200031280518,159.06808590888977,False
CIFAR10,resnet18,knn_distance_cover,1,knn_distance_cover_1_50b,complete,42,2200,56.77999862670899,144.0,54.79999858856201,157.45095491409302,1.475013017654419,2.154510974884033,161.08047890663147,False
CIFAR10,resnet18,knn_distance_cover,1,knn_distance_cover_1_50b,complete,43,2250,56.219999084472654,194.0,54.27999885559082,160.19933533668518,1.4785857200622559,1.348214864730835,163.02613592147827,False
CIFAR10,resnet18,knn_distance_cover,1,knn_distance_cover_1_50b,complete,44,2300,55.83999862670898,136.0,54.679998779296874,159.85852193832397,1.5580370426177979,1.2442245483398438,162.66078352928162,False
CIFAR10,resnet18,knn_distance_cover,1,knn_distance_cover_1_50b,complete,45,2350,56.319998512268064,190.0,55.25999900817871,165.74521780014038,1.4877395629882812,2.0757052898406982,169.30866265296936,False
CIFAR10,resnet18,knn_distance_cover,1,knn_distance_cover_1_50b,complete,46,2400,56.939998931884766,186.0,55.099999046325685,165.84243869781494,1.4614474773406982,1.2471880912780762,168.55107426643372,False
CIFAR10,resnet18,knn_distance_cover,1,knn_distance_cover_1_50b,complete,47,2450,56.839998931884764,128.0,55.95999889373779,169.50525331497192,1.5132615566253662,1.945868968963623,172.9643838405609,False
CIFAR10,resnet18,knn_distance_cover,1,knn_distance_cover_1_50b,complete,48,2500,56.89999877929687,184.0,56.319998779296874,170.25217080116272,1.4898781776428223,1.3273777961730957,173.06942677497864,False
CIFAR10,resnet18,knn_distance_cover,1,knn_distance_cover_1_50b,complete,49,2550,58.179998893737796,178.0,56.469998569488524,173.12179517745972,1.5213384628295898,2.068559169769287,176.7116928100586,False
CIFAR10,resnet18,knn_distance_cover,1,knn_distance_cover_1_50b,complete,50,2600,58.35999885559082,180.0,56.74999862670899,173.00789999961853,1.4921987056732178,1.367908239364624,175.86800694465637,False
CIFAR10,resnet18,knn_distance_cover,1,knn_distance_cover_1_50b,complete,51,2650,56.859998321533205,194.0,55.399999122619626,176.58231234550476,1.4761195182800293,1.3649675846099854,179.42339944839478,False
CIFAR10,resnet18,knn_distance_cover,1,knn_distance_cover_1_50b,complete,52,2700,56.359999084472655,148.0,55.35999870300293,175.37701630592346,1.5208063125610352,1.3608372211456299,178.25865983963013,False
CIFAR10,resnet18,knn_distance_cover,1,knn_distance_cover_1_50b,complete,53,2750,58.83999900817871,158.0,57.439998893737794,180.38312244415283,1.4811654090881348,1.359144687652588,183.22343254089355,False
CIFAR10,resnet18,knn_distance_cover,1,knn_distance_cover_1_50b,complete,54,2800,59.119998626708984,196.0,57.929998779296874,179.920152425766,1.5089876651763916,1.3287765979766846,182.75791668891907,False
CIFAR10,resnet18,knn_distance_cover,1,knn_distance_cover_1_50b,complete,55,2850,59.059998779296876,188.0,58.26999876022339,183.17099452018738,1.5052969455718994,2.4431087970733643,187.11940026283264,False
CIFAR10,resnet18,knn_distance_cover,1,knn_distance_cover_1_50b,complete,56,2900,59.15999877929688,190.0,58.11999872207642,184.4604914188385,1.5972950458526611,1.233119010925293,187.29090547561646,False
CIFAR10,resnet18,knn_distance_cover,1,knn_distance_cover_1_50b,complete,57,2950,59.859998817443845,192.0,57.91999835968018,186.9723138809204,1.484506607055664,1.2352333068847656,189.69205379486084,False
CIFAR10,resnet18,knn_distance_cover,1,knn_distance_cover_1_50b,complete,58,3000,59.139998016357424,150.0,57.819998779296874,187.51057648658752,1.5190999507904053,2.4568278789520264,191.48650431632996,False
CIFAR10,resnet18,knn_distance_cover,1,knn_distance_cover_1_50b,complete,59,3050,58.89999870300293,150.0,57.65999876022339,191.64896392822266,1.4738733768463135,1.3471660614013672,194.47000336647034,False
CIFAR10,resnet18,knn_distance_cover,1,knn_distance_cover_1_50b,complete,60,3100,59.7799987411499,166.0,58.10999893188477,189.8420548439026,1.4780642986297607,2.5450892448425293,193.86520838737488,False
CIFAR10,resnet18,knn_distance_cover,1,knn_distance_cover_1_50b,complete,61,3150,61.15999908447266,170.0,59.07999853134155,198.2608926296234,1.454702377319336,1.3343322277069092,201.04992723464966,False
CIFAR10,resnet18,knn_distance_cover,1,knn_distance_cover_1_50b,complete,62,3200,60.81999797821045,192.0,59.3099986076355,199.47955417633057,1.4700748920440674,1.374812364578247,202.32444143295288,False
CIFAR10,resnet18,knn_distance_cover,1,knn_distance_cover_1_50b,complete,63,3250,60.019998703002926,154.0,58.619998626708984,199.700838804245,1.5129456520080566,2.2767245769500732,203.49050903320312,False
CIFAR10,resnet18,knn_distance_cover,1,knn_distance_cover_1_50b,complete,64,3300,59.739998779296876,138.0,58.629998474121095,201.19298768043518,1.547964334487915,1.235741376876831,203.97669339179993,False
CIFAR10,resnet18,knn_distance_cover,1,knn_distance_cover_1_50b,complete,65,3350,60.499999046325684,164.0,59.99999862670899,205.154367685318,1.479480266571045,1.3536715507507324,207.98751950263977,False
CIFAR10,resnet18,knn_distance_cover,1,knn_distance_cover_1_50b,complete,66,3400,60.559998779296876,194.0,59.27999856948853,203.5553755760193,1.5002267360687256,1.3419320583343506,206.39753437042236,False
CIFAR10,resnet18,knn_distance_cover,1,knn_distance_cover_1_50b,complete,67,3450,60.539998626708986,184.0,59.189998950958255,208.4032769203186,1.4600849151611328,5.2705395221710205,215.13390135765076,False
CIFAR10,resnet18,knn_distance_cover,1,knn_distance_cover_1_50b,complete,68,3500,61.1799991607666,192.0,59.39999893188477,209.888258934021,1.44496488571167,1.2418386936187744,212.57506251335144,False
CIFAR10,resnet18,knn_distance_cover,1,knn_distance_cover_1_50b,complete,69,3550,61.43999828338623,132.0,59.91999868392944,212.36792278289795,1.5467684268951416,2.394895553588867,216.30958676338196,False
CIFAR10,resnet18,knn_distance_cover,1,knn_distance_cover_1_50b,complete,70,3600,60.81999843597412,180.0,60.00999866485596,212.51598858833313,1.5187325477600098,1.3647639751434326,215.39948511123657,False
CIFAR10,resnet18,knn_distance_cover,1,knn_distance_cover_1_50b,complete,71,3650,60.45999893188477,140.0,59.4499983215332,218.1752107143402,1.5983805656433105,1.2392816543579102,221.01287293434143,False
CIFAR10,resnet18,knn_distance_cover,1,knn_distance_cover_1_50b,complete,72,3700,60.659998435974124,188.0,60.1899984741211,218.0577573776245,1.5245699882507324,1.2636585235595703,220.84598588943481,False
CIFAR10,resnet18,knn_distance_cover,1,knn_distance_cover_1_50b,complete,73,3750,60.95999897003174,144.0,59.83999876022339,223.19708919525146,1.4551961421966553,1.3887662887573242,226.04105162620544,False
CIFAR10,resnet18,knn_distance_cover,1,knn_distance_cover_1_50b,complete,74,3800,60.83999889373779,168.0,60.15999853134155,220.29282569885254,1.4906349182128906,1.38442063331604,223.16788125038147,False
CIFAR10,resnet18,knn_distance_cover,1,knn_distance_cover_1_50b,complete,75,3850,62.179998588562015,162.0,60.45999841690063,223.40907740592957,1.4722018241882324,1.755361795425415,226.6366410255432,False
CIFAR10,resnet18,knn_distance_cover,1,knn_distance_cover_1_50b,complete,76,3900,60.87999843597412,196.0,60.3999987411499,224.66202521324158,1.455171823501587,1.252293586730957,227.36949062347412,False
CIFAR10,resnet18,knn_distance_cover,1,knn_distance_cover_1_50b,complete,77,3950,62.3399983215332,148.0,61.2999987411499,229.5213565826416,1.506263017654419,1.380387544631958,232.40800714492798,False
CIFAR10,resnet18,knn_distance_cover,1,knn_distance_cover_1_50b,complete,78,4000,61.55999813079834,150.0,60.48999881744385,228.9149134159088,1.484797477722168,1.346881628036499,231.74659252166748,False
CIFAR10,resnet18,knn_distance_cover,1,knn_distance_cover_1_50b,complete,79,4050,61.979998474121096,152.0,61.25999847412109,234.3188600540161,1.4824929237365723,1.2449157238006592,237.04626870155334,False
CIFAR10,resnet18,knn_distance_cover,1,knn_distance_cover_1_50b,complete,80,4100,62.719998588562014,140.0,61.31999843597412,232.2851493358612,1.6225359439849854,1.228743553161621,235.1364288330078,False
CIFAR10,resnet18,knn_distance_cover,1,knn_distance_cover_1_50b,complete,81,4150,62.059998474121095,132.0,61.499998550415036,236.9816496372223,1.512233018875122,1.2725510597229004,239.7664337158203,False
CIFAR10,resnet18,knn_distance_cover,1,knn_distance_cover_1_50b,complete,82,4200,62.1799987411499,198.0,60.929998550415036,242.02414917945862,1.443566083908081,1.8536839485168457,245.32139921188354,False
CIFAR10,resnet18,knn_distance_cover,1,knn_distance_cover_1_50b,complete,83,4250,62.69999813079834,172.0,61.57999816894531,244.21002411842346,1.4895923137664795,1.282789707183838,246.98240613937378,False
CIFAR10,resnet18,knn_distance_cover,1,knn_distance_cover_1_50b,complete,84,4300,61.959998779296875,164.0,60.80999879837036,242.71739768981934,1.5264406204223633,1.254800796508789,245.4986391067505,False
CIFAR10,resnet18,knn_distance_cover,1,knn_distance_cover_1_50b,complete,85,4350,62.19999870300293,180.0,60.749998779296874,246.70317602157593,1.4781334400177002,1.4067986011505127,249.58810806274414,False
CIFAR10,resnet18,knn_distance_cover,1,knn_distance_cover_1_50b,complete,86,4400,62.659998092651364,150.0,61.32999876022339,242.73459768295288,1.4599692821502686,1.245194435119629,245.43976140022278,False
CIFAR10,resnet18,knn_distance_cover,1,knn_distance_cover_1_50b,complete,87,4450,62.09999881744385,192.0,61.659998435974124,251.18763756752014,1.468461275100708,1.3469598293304443,254.0030586719513,False
CIFAR10,resnet18,knn_distance_cover,1,knn_distance_cover_1_50b,complete,88,4500,63.11999858856201,168.0,62.41999891281128,248.90736198425293,1.475912094116211,1.262007474899292,251.64528155326843,False
CIFAR10,resnet18,knn_distance_cover,1,knn_distance_cover_1_50b,complete,89,4550,61.9199983215332,156.0,60.829998683929446,254.5907928943634,1.5185036659240723,1.362131118774414,257.4714276790619,False
CIFAR10,resnet18,knn_distance_cover,1,knn_distance_cover_1_50b,complete,90,4600,62.059998664855954,164.0,61.22999849319458,255.27714657783508,1.4759347438812256,1.2484660148620605,258.00154733657837,False
CIFAR10,resnet18,knn_distance_cover,1,knn_distance_cover_1_50b,complete,91,4650,62.25999866485596,172.0,61.71999847412109,258.04334354400635,1.467238187789917,1.7476892471313477,261.2582709789276,False
CIFAR10,resnet18,knn_distance_cover,1,knn_distance_cover_1_50b,complete,92,4700,63.37999843597412,134.0,61.939998416900636,258.1299660205841,1.5147812366485596,1.977053165435791,261.62180042266846,False
CIFAR10,resnet18,knn_distance_cover,1,knn_distance_cover_1_50b,complete,93,4750,62.979998435974125,148.0,61.93999858856201,263.7092921733856,1.4987819194793701,2.3307385444641113,267.5388126373291,False
CIFAR10,resnet18,knn_distance_cover,1,knn_distance_cover_1_50b,complete,94,4800,62.67999885559082,142.0,62.38999855041504,263.973934173584,1.5442068576812744,2.094545364379883,267.61268639564514,False
CIFAR10,resnet18,knn_distance_cover,1,knn_distance_cover_1_50b,complete,95,4850,62.99999866485596,106.0,62.12999855041504,266.0199410915375,1.4956350326538086,2.1000869274139404,269.6156630516052,False
CIFAR10,resnet18,knn_distance_cover,1,knn_distance_cover_1_50b,complete,96,4900,63.91999881744385,188.0,63.75999853134155,267.2297627925873,1.5033698081970215,2.8143997192382812,271.5475323200226,False
CIFAR10,resnet18,knn_distance_cover,1,knn_distance_cover_1_50b,complete,97,4950,63.15999801635742,156.0,62.51999834060669,270.61881470680237,1.5704491138458252,2.218013286590576,274.40727710723877,False
CIFAR10,resnet18,knn_distance_cover,1,knn_distance_cover_1_50b,complete,98,5000,63.359998359680176,164.0,62.3999987411499,271.1964588165283,1.487091302871704,1.9194700717926025,274.6030201911926,False
CIFAR10,resnet18,knn_distance_cover,1,knn_distance_cover_1_50b,complete,99,5050,63.55999824523926,196.0,62.95999858856201,273.734840631485,1.4866642951965332,1.3767037391662598,276.5982086658478,False
CIFAR10,resnet18,knn_distance_cover,1,knn_distance_cover_1_50b,complete,100,5050,63.7399983215332,196.0,62.86999870300293,272.7446172237396,1.4764018058776855,0.0,274.2210190296173,False
CIFAR10,resnet18,knn_distance_cover,2,knn_distance_cover_2_50b,complete,-1,50,,,,,,1.4176325798034668,1.4176325798034668,True
CIFAR10,resnet18,knn_distance_cover,2,knn_distance_cover_2_50b,complete,0,100,21.099999999999994,58.0,21.359999923706056,75.61361908912659,1.4858107566833496,1.3425507545471191,78.44198060035706,False
CIFAR10,resnet18,knn_distance_cover,2,knn_distance_cover_2_50b,complete,1,150,23.739999847412108,104.0,23.45999992370605,75.63555932044983,1.5914502143859863,1.245161771774292,78.47217130661011,False
CIFAR10,resnet18,knn_distance_cover,2,knn_distance_cover_2_50b,complete,2,200,29.739999618530277,100.0,29.249999351501458,75.80090022087097,1.5099055767059326,1.354240894317627,78.66504669189453,False
CIFAR10,resnet18,knn_distance_cover,2,knn_distance_cover_2_50b,complete,3,250,32.859999694824225,136.0,32.02999923706055,79.63538813591003,1.546412706375122,1.36307954788208,82.54488039016724,False
CIFAR10,resnet18,knn_distance_cover,2,knn_distance_cover_2_50b,complete,4,300,35.85999893188476,118.0,35.829998664855964,79.78506374359131,1.4813923835754395,1.3680729866027832,82.63452911376953,False
CIFAR10,resnet18,knn_distance_cover,2,knn_distance_cover_2_50b,complete,5,350,36.27999893188476,170.0,36.85999900817871,83.86890578269958,1.626133680343628,1.2323031425476074,86.72734260559082,False
CIFAR10,resnet18,knn_distance_cover,2,knn_distance_cover_2_50b,complete,6,400,39.09999900817871,186.0,38.7299987411499,84.08422374725342,1.4895546436309814,1.337916612625122,86.91169500350952,False
CIFAR10,resnet18,knn_distance_cover,2,knn_distance_cover_2_50b,complete,7,450,39.439998168945316,146.0,39.239998779296876,87.4672327041626,1.4957332611083984,1.3545644283294678,90.31753039360046,False
CIFAR10,resnet18,knn_distance_cover,2,knn_distance_cover_2_50b,complete,8,500,38.05999908447266,182.0,37.45999897003174,87.48528575897217,1.471111536026001,1.3615174293518066,90.31791472434998,False
CIFAR10,resnet18,knn_distance_cover,2,knn_distance_cover_2_50b,complete,9,550,39.05999855041504,164.0,38.95999855041504,91.47402453422546,1.470818042755127,1.3372588157653809,94.28210139274597,False
CIFAR10,resnet18,knn_distance_cover,2,knn_distance_cover_2_50b,complete,10,600,40.09999855041504,172.0,39.84999908447266,91.8302354812622,1.498589038848877,1.2331445217132568,94.56196904182434,False
CIFAR10,resnet18,knn_distance_cover,2,knn_distance_cover_2_50b,complete,11,650,42.05999855041504,160.0,42.55999858856201,96.07375693321228,1.488677740097046,1.352180004119873,98.9146146774292,False
CIFAR10,resnet18,knn_distance_cover,2,knn_distance_cover_2_50b,complete,12,700,41.91999900817871,110.0,41.44999855041504,96.09246373176575,1.5059549808502197,1.2278447151184082,98.82626342773438,False
CIFAR10,resnet18,knn_distance_cover,2,knn_distance_cover_2_50b,complete,13,750,42.7999983215332,174.0,42.57999851226807,99.80623888969421,1.6123881340026855,1.2338190078735352,102.65244603157043,False
CIFAR10,resnet18,knn_distance_cover,2,knn_distance_cover_2_50b,complete,14,800,44.63999885559082,160.0,43.6499987411499,100.33181381225586,1.4806740283966064,1.2301433086395264,103.04263114929199,False
CIFAR10,resnet18,knn_distance_cover,2,knn_distance_cover_2_50b,complete,15,850,44.49999893188477,104.0,43.769998664855954,104.14051675796509,1.4558258056640625,1.221475601196289,106.81781816482544,False
CIFAR10,resnet18,knn_distance_cover,2,knn_distance_cover_2_50b,complete,16,900,45.579999084472654,172.0,45.08999900817871,104.20487785339355,1.4747610092163086,1.3505744934082031,107.03021335601807,False
CIFAR10,resnet18,knn_distance_cover,2,knn_distance_cover_2_50b,complete,17,950,47.17999885559082,194.0,46.7899987411499,107.82929873466492,1.5053777694702148,1.3432540893554688,110.6779305934906,False
CIFAR10,resnet18,knn_distance_cover,2,knn_distance_cover_2_50b,complete,18,1000,46.439998931884766,198.0,45.55999893188476,108.47187399864197,1.497283697128296,1.372581958770752,111.34173965454102,False
CIFAR10,resnet18,knn_distance_cover,2,knn_distance_cover_2_50b,complete,19,1050,47.31999923706055,136.0,47.45999912261963,112.00298547744751,1.5840611457824707,1.229224443435669,114.81627106666565,False
CIFAR10,resnet18,knn_distance_cover,2,knn_distance_cover_2_50b,complete,20,1100,48.13999893188477,172.0,46.88999923706055,111.69337892532349,1.472076416015625,1.352231502532959,114.51768684387207,False
CIFAR10,resnet18,knn_distance_cover,2,knn_distance_cover_2_50b,complete,21,1150,48.819998779296874,152.0,48.29999897003174,114.9492917060852,1.4682066440582275,1.2244529724121094,117.64195132255554,False
CIFAR10,resnet18,knn_distance_cover,2,knn_distance_cover_2_50b,complete,22,1200,47.5999991607666,148.0,47.209999046325684,115.10023140907288,1.4820733070373535,1.3493993282318115,117.93170404434204,False
CIFAR10,resnet18,knn_distance_cover,2,knn_distance_cover_2_50b,complete,23,1250,48.519998931884764,142.0,47.999999046325684,119.63258361816406,1.4856817722320557,1.3391032218933105,122.45736861228943,False
CIFAR10,resnet18,knn_distance_cover,2,knn_distance_cover_2_50b,complete,24,1300,49.63999900817871,146.0,48.97999908447266,119.8768994808197,1.4946258068084717,1.2574734687805176,122.62899875640869,False
CIFAR10,resnet18,knn_distance_cover,2,knn_distance_cover_2_50b,complete,25,1350,49.4199991607666,110.0,49.01999912261963,124.34449243545532,1.4489552974700928,1.3373570442199707,127.13080477714539,False
CIFAR10,resnet18,knn_distance_cover,2,knn_distance_cover_2_50b,complete,26,1400,49.61999961853027,198.0,48.97999927520752,123.54139113426208,1.4695632457733154,1.3997197151184082,126.41067409515381,False
CIFAR10,resnet18,knn_distance_cover,2,knn_distance_cover_2_50b,complete,27,1450,50.69999931335449,174.0,49.67999893188477,128.2328929901123,1.497652530670166,1.3427536487579346,131.0732991695404,False
CIFAR10,resnet18,knn_distance_cover,2,knn_distance_cover_2_50b,complete,28,1500,52.11999931335449,164.0,50.97999938964844,128.55034852027893,1.5212249755859375,1.3701810836791992,131.44175457954407,False
CIFAR10,resnet18,knn_distance_cover,2,knn_distance_cover_2_50b,complete,29,1550,51.03999931335449,196.0,50.549999694824216,131.5294909477234,1.6253035068511963,1.2409183979034424,134.39571285247803,False
CIFAR10,resnet18,knn_distance_cover,2,knn_distance_cover_2_50b,complete,30,1600,52.85999893188477,186.0,51.689999198913576,131.38387179374695,1.50394606590271,1.252974033355713,134.14079189300537,False
CIFAR10,resnet18,knn_distance_cover,2,knn_distance_cover_2_50b,complete,31,1650,52.27999893188476,144.0,51.12999935150147,135.8364772796631,1.4651696681976318,1.3212437629699707,138.6228907108307,False
CIFAR10,resnet18,knn_distance_cover,2,knn_distance_cover_2_50b,complete,32,1700,52.899999084472654,170.0,51.88999927520752,136.46802806854248,1.486102819442749,1.2196226119995117,139.17375349998474,False
CIFAR10,resnet18,knn_distance_cover,2,knn_distance_cover_2_50b,complete,33,1750,53.17999893188477,168.0,52.339998970031736,139.22053384780884,1.4646227359771729,1.3672969341278076,142.05245351791382,False
CIFAR10,resnet18,knn_distance_cover,2,knn_distance_cover_2_50b,complete,34,1800,52.719999084472654,148.0,52.13999900817871,139.5421588420868,1.4884147644042969,1.3618757724761963,142.39244937896729,False
CIFAR10,resnet18,knn_distance_cover,2,knn_distance_cover_2_50b,complete,35,1850,53.099999237060544,144.0,53.07999923706055,144.47495818138123,1.526059865951538,1.233659029006958,147.23467707633972,False
CIFAR10,resnet18,knn_distance_cover,2,knn_distance_cover_2_50b,complete,36,1900,54.87999851226807,168.0,53.95999889373779,143.69075536727905,1.5644288063049316,1.2366163730621338,146.49180054664612,False
CIFAR10,resnet18,knn_distance_cover,2,knn_distance_cover_2_50b,complete,37,1950,53.85999847412109,200.0,53.259999198913576,147.0905373096466,1.45731520652771,1.3804848194122314,149.92833733558655,False
CIFAR10,resnet18,knn_distance_cover,2,knn_distance_cover_2_50b,complete,38,2000,55.41999900817871,182.0,54.22999877929688,147.42632412910461,1.5068025588989258,1.3348641395568848,150.26799082756042,False
CIFAR10,resnet18,knn_distance_cover,2,knn_distance_cover_2_50b,complete,39,2050,54.27999862670899,200.0,53.60999923706055,152.05188465118408,1.4964570999145508,1.2323174476623535,154.780659198761,False
CIFAR10,resnet18,knn_distance_cover,2,knn_distance_cover_2_50b,complete,40,2100,54.73999908447266,170.0,53.50999912261963,153.39229583740234,1.4478638172149658,1.9449653625488281,156.78512501716614,False
CIFAR10,resnet18,knn_distance_cover,2,knn_distance_cover_2_50b,complete,41,2150,55.29999923706055,140.0,54.679998893737796,155.68114280700684,1.462925672531128,1.3625352382659912,158.50660371780396,False
CIFAR10,resnet18,knn_distance_cover,2,knn_distance_cover_2_50b,complete,42,2200,55.239998779296876,158.0,54.82999935150146,155.78215312957764,1.4911878108978271,2.05155086517334,159.3248918056488,False
CIFAR10,resnet18,knn_distance_cover,2,knn_distance_cover_2_50b,complete,43,2250,56.11999855041504,192.0,55.41999881744385,160.45477771759033,1.5325963497161865,1.98647141456604,163.97384548187256,False
CIFAR10,resnet18,knn_distance_cover,2,knn_distance_cover_2_50b,complete,44,2300,56.47999900817871,178.0,55.619998931884766,160.36461782455444,1.4668655395507812,1.3621711730957031,163.19365453720093,False
CIFAR10,resnet18,knn_distance_cover,2,knn_distance_cover_2_50b,complete,45,2350,56.93999870300293,166.0,55.8599987411499,163.7841558456421,1.4668173789978027,1.2362356185913086,166.4872088432312,False
CIFAR10,resnet18,knn_distance_cover,2,knn_distance_cover_2_50b,complete,46,2400,57.09999889373779,150.0,55.68999853134155,165.07435369491577,1.4694557189941406,1.3487558364868164,167.89256525039673,False
CIFAR10,resnet18,knn_distance_cover,2,knn_distance_cover_2_50b,complete,47,2450,56.6999991607666,136.0,56.009998893737794,167.6826148033142,1.5005061626434326,1.243539571762085,170.42666053771973,False
CIFAR10,resnet18,knn_distance_cover,2,knn_distance_cover_2_50b,complete,48,2500,56.59999855041504,192.0,55.629998664855954,167.94501066207886,1.6116001605987549,1.264207363128662,170.82081818580627,False
CIFAR10,resnet18,knn_distance_cover,2,knn_distance_cover_2_50b,complete,49,2550,57.73999858856201,188.0,55.8399990272522,172.5794174671173,1.463890790939331,1.3814430236816406,175.42475128173828,False
CIFAR10,resnet18,knn_distance_cover,2,knn_distance_cover_2_50b,complete,50,2600,57.87999870300293,170.0,56.58999855041504,172.51604747772217,1.5267024040222168,1.3536567687988281,175.3964066505432,False
CIFAR10,resnet18,knn_distance_cover,2,knn_distance_cover_2_50b,complete,51,2650,57.299999465942385,176.0,56.129999046325686,175.23051643371582,1.4879276752471924,1.3616204261779785,178.080064535141,False
CIFAR10,resnet18,knn_distance_cover,2,knn_distance_cover_2_50b,complete,52,2700,56.95999862670899,168.0,56.34999891281128,176.25248980522156,1.4609265327453613,1.3709301948547363,179.08434653282166,False
CIFAR10,resnet18,knn_distance_cover,2,knn_distance_cover_2_50b,complete,53,2750,58.21999904632568,160.0,56.819998779296874,179.74239230155945,1.4379942417144775,1.393662691116333,182.57404923439026,False
CIFAR10,resnet18,knn_distance_cover,2,knn_distance_cover_2_50b,complete,54,2800,57.619998626708984,154.0,56.69999887466431,180.68531465530396,1.5412671566009521,1.3300089836120605,183.55659079551697,False
CIFAR10,resnet18,knn_distance_cover,2,knn_distance_cover_2_50b,complete,55,2850,58.299998168945315,148.0,57.299998664855956,183.86417984962463,1.6289019584655762,1.8991308212280273,187.39221262931824,False
CIFAR10,resnet18,knn_distance_cover,2,knn_distance_cover_2_50b,complete,56,2900,58.51999877929688,198.0,57.56999870300293,185.1878309249878,1.4639968872070312,1.8137309551239014,188.46555876731873,False
CIFAR10,resnet18,knn_distance_cover,2,knn_distance_cover_2_50b,complete,57,2950,59.039998588562014,172.0,58.079998569488524,186.859148979187,1.5138492584228516,1.2282397747039795,189.60123801231384,False
CIFAR10,resnet18,knn_distance_cover,2,knn_distance_cover_2_50b,complete,58,3000,59.87999862670898,168.0,57.96999864578247,188.44176936149597,1.4845495223999023,2.0181233882904053,191.94444227218628,False
CIFAR10,resnet18,knn_distance_cover,2,knn_distance_cover_2_50b,complete,59,3050,59.53999877929687,152.0,58.37999870300293,193.78490900993347,1.486292839050293,1.207040786743164,196.47824263572693,False
CIFAR10,resnet18,knn_distance_cover,2,knn_distance_cover_2_50b,complete,60,3100,58.999998550415036,188.0,57.83999870300293,193.10518312454224,1.5160911083221436,2.024949312210083,196.64622354507446,False
CIFAR10,resnet18,knn_distance_cover,2,knn_distance_cover_2_50b,complete,61,3150,58.83999809265137,168.0,58.36999864578247,196.6543173789978,1.5082952976226807,1.7578983306884766,199.92051100730896,False
CIFAR10,resnet18,knn_distance_cover,2,knn_distance_cover_2_50b,complete,62,3200,59.679998626708986,170.0,58.58999864578247,196.1177966594696,1.5872087478637695,1.2592172622680664,198.96422266960144,False
CIFAR10,resnet18,knn_distance_cover,2,knn_distance_cover_2_50b,complete,63,3250,59.21999885559082,160.0,57.489998779296876,200.31124758720398,1.4967963695526123,1.421130657196045,203.22917461395264,False
CIFAR10,resnet18,knn_distance_cover,2,knn_distance_cover_2_50b,complete,64,3300,59.77999855041504,196.0,58.85999868392944,200.34620928764343,1.6134324073791504,1.2372610569000244,203.1969027519226,False
CIFAR10,resnet18,knn_distance_cover,2,knn_distance_cover_2_50b,complete,65,3350,60.05999889373779,170.0,58.75999849319458,204.81032943725586,1.449162244796753,1.381838321685791,207.6413300037384,False
CIFAR10,resnet18,knn_distance_cover,2,knn_distance_cover_2_50b,complete,66,3400,60.379998741149905,164.0,59.09999897003174,205.3820915222168,1.4680447578430176,1.3569021224975586,208.20703840255737,False
CIFAR10,resnet18,knn_distance_cover,2,knn_distance_cover_2_50b,complete,67,3450,59.4999987411499,154.0,58.819998836517335,209.24512100219727,1.4908385276794434,1.7366342544555664,212.47259378433228,False
CIFAR10,resnet18,knn_distance_cover,2,knn_distance_cover_2_50b,complete,68,3500,60.23999893188476,168.0,59.52999868392944,209.32502436637878,1.483029842376709,1.4135065078735352,212.22156071662903,False
CIFAR10,resnet18,knn_distance_cover,2,knn_distance_cover_2_50b,complete,69,3550,60.779999237060544,176.0,59.4099988746643,213.80351781845093,1.5534131526947021,2.2753000259399414,217.63223099708557,False
CIFAR10,resnet18,knn_distance_cover,2,knn_distance_cover_2_50b,complete,70,3600,60.79999858856201,170.0,58.989998226165774,212.60661149024963,1.5213427543640137,1.269634485244751,215.3975887298584,False
CIFAR10,resnet18,knn_distance_cover,2,knn_distance_cover_2_50b,complete,71,3650,60.659998931884765,144.0,59.66999891281128,216.62268447875977,1.4899570941925049,1.3934574127197266,219.506098985672,False
CIFAR10,resnet18,knn_distance_cover,2,knn_distance_cover_2_50b,complete,72,3700,61.13999847412109,174.0,59.69999881744385,217.5203640460968,1.4607179164886475,1.366133689880371,220.34721565246582,False
CIFAR10,resnet18,knn_distance_cover,2,knn_distance_cover_2_50b,complete,73,3750,61.95999839782715,166.0,60.649998378753665,219.524347782135,1.4833221435546875,1.3692233562469482,222.37689328193665,False
CIFAR10,resnet18,knn_distance_cover,2,knn_distance_cover_2_50b,complete,74,3800,60.999998588562015,194.0,60.04999858856201,220.4536988735199,1.5039267539978027,1.3788492679595947,223.3364748954773,False
CIFAR10,resnet18,knn_distance_cover,2,knn_distance_cover_2_50b,complete,75,3850,61.599998779296875,198.0,60.399998569488524,225.26003003120422,1.5509331226348877,1.246746301651001,228.0577094554901,False
CIFAR10,resnet18,knn_distance_cover,2,knn_distance_cover_2_50b,complete,76,3900,62.499998512268064,190.0,61.11999858856201,223.73494124412537,1.4805891513824463,1.3816134929656982,226.5971438884735,False
CIFAR10,resnet18,knn_distance_cover,2,knn_distance_cover_2_50b,complete,77,3950,60.93999851226807,196.0,59.539998359680176,228.95181035995483,1.4941720962524414,1.2445201873779297,231.6905026435852,False
CIFAR10,resnet18,knn_distance_cover,2,knn_distance_cover_2_50b,complete,78,4000,62.13999870300293,198.0,60.569998531341554,228.56560707092285,1.5001139640808105,1.393477201461792,231.45919823646545,False
CIFAR10,resnet18,knn_distance_cover,2,knn_distance_cover_2_50b,complete,79,4050,61.39999839782715,198.0,60.509998645782474,232.89716720581055,1.6119449138641357,1.7343430519104004,236.24345517158508,False
CIFAR10,resnet18,knn_distance_cover,2,knn_distance_cover_2_50b,complete,80,4100,61.799998931884765,196.0,60.71999841690064,234.93640279769897,1.5177664756774902,1.3736536502838135,237.82782292366028,False
CIFAR10,resnet18,knn_distance_cover,2,knn_distance_cover_2_50b,complete,81,4150,61.65999851226807,160.0,60.1599986076355,236.8479163646698,1.5210886001586914,2.110973358154297,240.4799783229828,False
CIFAR10,resnet18,knn_distance_cover,2,knn_distance_cover_2_50b,complete,82,4200,62.47999858856201,142.0,60.959998760223385,239.5251407623291,1.4661118984222412,2.198573112487793,243.18982577323914,False
CIFAR10,resnet18,knn_distance_cover,2,knn_distance_cover_2_50b,complete,83,4250,62.6599983215332,186.0,61.019998683929444,242.36344385147095,1.481013298034668,2.3697290420532227,246.21418619155884,False
CIFAR10,resnet18,knn_distance_cover,2,knn_distance_cover_2_50b,complete,84,4300,62.39999801635742,156.0,60.45999872207641,242.98024725914001,1.4606907367706299,1.339008092880249,245.7799460887909,False
CIFAR10,resnet18,knn_distance_cover,2,knn_distance_cover_2_50b,complete,85,4350,61.75999820709229,190.0,60.319998779296874,247.11144971847534,1.468109130859375,2.1943466663360596,250.77390551567078,False
CIFAR10,resnet18,knn_distance_cover,2,knn_distance_cover_2_50b,complete,86,4400,61.97999858856201,170.0,60.85999864578247,247.7305748462677,1.4576280117034912,1.3930225372314453,250.58122539520264,False
CIFAR10,resnet18,knn_distance_cover,2,knn_distance_cover_2_50b,complete,87,4450,62.739998207092285,196.0,61.35999814987183,251.96339559555054,1.4914777278900146,1.3763275146484375,254.831200838089,False
CIFAR10,resnet18,knn_distance_cover,2,knn_distance_cover_2_50b,complete,88,4500,61.999998893737796,184.0,60.30999879837036,251.92480969429016,1.541332483291626,1.3507921695709229,254.8169343471527,False
CIFAR10,resnet18,knn_distance_cover,2,knn_distance_cover_2_50b,complete,89,4550,62.019998168945314,162.0,61.16999856948853,255.9182846546173,1.5863046646118164,1.2263808250427246,258.73097014427185,False
CIFAR10,resnet18,knn_distance_cover,2,knn_distance_cover_2_50b,complete,90,4600,62.33999851226807,130.0,61.589998455047606,254.89041566848755,1.4961252212524414,1.223003625869751,257.60954451560974,False
CIFAR10,resnet18,knn_distance_cover,2,knn_distance_cover_2_50b,complete,91,4650,63.2999983215332,184.0,62.31999887466431,260.4474425315857,1.4403765201568604,2.3672924041748047,264.25511145591736,False
CIFAR10,resnet18,knn_distance_cover,2,knn_distance_cover_2_50b,complete,92,4700,61.999998588562015,158.0,61.17999872207642,260.6947658061981,1.5063552856445312,1.3552234172821045,263.55634450912476,False
CIFAR10,resnet18,knn_distance_cover,2,knn_distance_cover_2_50b,complete,93,4750,63.27999885559082,194.0,62.429998817443845,263.9264075756073,1.5353236198425293,5.904409170150757,271.3661403656006,False
CIFAR10,resnet18,knn_distance_cover,2,knn_distance_cover_2_50b,complete,94,4800,63.19999835968017,200.0,62.45999862670899,261.7975528240204,1.4418542385101318,1.3691725730895996,264.6085796356201,False
CIFAR10,resnet18,knn_distance_cover,2,knn_distance_cover_2_50b,complete,95,4850,63.25999839782715,184.0,61.97999828338623,266.8090693950653,1.553356409072876,1.2680234909057617,269.63044929504395,False
CIFAR10,resnet18,knn_distance_cover,2,knn_distance_cover_2_50b,complete,96,4900,63.039998359680176,190.0,62.21999876022339,267.0997459888458,1.5955872535705566,1.9796113967895508,270.67494463920593,False
CIFAR10,resnet18,knn_distance_cover,2,knn_distance_cover_2_50b,complete,97,4950,63.27999870300293,164.0,62.44999828338623,271.0973930358887,1.5740630626678467,1.2822589874267578,273.9537150859833,False
CIFAR10,resnet18,knn_distance_cover,2,knn_distance_cover_2_50b,complete,98,5000,63.2599987411499,176.0,62.069998550415036,269.9779427051544,1.5347235202789307,1.2211053371429443,272.7337715625763,False
CIFAR10,resnet18,knn_distance_cover,2,knn_distance_cover_2_50b,complete,99,5050,62.7799980545044,114.0,61.94999837875366,274.922847032547,1.4996776580810547,1.374720573425293,277.79724526405334,False
CIFAR10,resnet18,knn_distance_cover,2,knn_distance_cover_2_50b,complete,100,5050,63.75999855041504,128.0,62.61999856948852,275.29527020454407,1.4897184371948242,0.0,276.7849886417389,False
CIFAR10,resnet18,knn_distance_cover,3,knn_distance_cover_3_50b,complete,-1,50,,,,,,2.0833301544189453,2.0833301544189453,True
CIFAR10,resnet18,knn_distance_cover,3,knn_distance_cover_3_50b,complete,0,100,22.09999969482422,42.0,21.42,74.91911792755127,1.526827335357666,2.0638632774353027,78.50980854034424,False
CIFAR10,resnet18,knn_distance_cover,3,knn_distance_cover_3_50b,complete,1,150,24.859999389648436,166.0,25.179999694824218,74.82384824752808,1.6488401889801025,1.9461050033569336,78.41879343986511,False
CIFAR10,resnet18,knn_distance_cover,3,knn_distance_cover_3_50b,complete,2,200,30.19999938964844,188.0,30.829999656677245,75.38281512260437,1.5424516201019287,1.3435723781585693,78.26883912086487,False
CIFAR10,resnet18,knn_distance_cover,3,knn_distance_cover_3_50b,complete,3,250,34.339999160766595,188.0,34.98999938964843,78.95369267463684,1.4527182579040527,2.2899208068847656,82.69633173942566,False
CIFAR10,resnet18,knn_distance_cover,3,knn_distance_cover_3_50b,complete,4,300,36.01999908447266,184.0,36.22999904632568,79.39197564125061,1.4762818813323975,1.3121707439422607,82.18042826652527,False
CIFAR10,resnet18,knn_distance_cover,3,knn_distance_cover_3_50b,complete,5,350,38.0999991607666,166.0,38.629998931884764,83.48744916915894,1.6608021259307861,1.2439360618591309,86.39218735694885,False
CIFAR10,resnet18,knn_distance_cover,3,knn_distance_cover_3_50b,complete,6,400,38.33999885559082,198.0,39.059998664855954,83.57165002822876,1.4880728721618652,1.2987680435180664,86.35849094390869,False
CIFAR10,resnet18,knn_distance_cover,3,knn_distance_cover_3_50b,complete,7,450,38.919999237060544,110.0,39.30999881744385,87.6164824962616,1.484405755996704,2.5038838386535645,91.60477209091187,False
CIFAR10,resnet18,knn_distance_cover,3,knn_distance_cover_3_50b,complete,8,500,37.83999877929688,174.0,38.39999843597412,88.06562781333923,1.4946482181549072,1.334395408630371,90.89467144012451,False
CIFAR10,resnet18,knn_distance_cover,3,knn_distance_cover_3_50b,complete,9,550,40.119998626708984,136.0,40.27999885559082,91.87146711349487,1.551987886428833,1.2084176540374756,94.63187265396118,False
CIFAR10,resnet18,knn_distance_cover,3,knn_distance_cover_3_50b,complete,10,600,40.13999900817871,188.0,40.699999046325686,91.56746697425842,1.4479553699493408,1.2393372058868408,94.2547595500946,False
CIFAR10,resnet18,knn_distance_cover,3,knn_distance_cover_3_50b,complete,11,650,41.29999885559082,196.0,41.9599987411499,95.2522029876709,1.481557846069336,1.3388006687164307,98.07256150245667,False
CIFAR10,resnet18,knn_distance_cover,3,knn_distance_cover_3_50b,complete,12,700,42.63999885559082,154.0,42.42999835968018,95.79082489013672,1.4925403594970703,2.0892014503479004,99.37256669998169,False
CIFAR10,resnet18,knn_distance_cover,3,knn_distance_cover_3_50b,complete,13,750,42.25999839782715,180.0,42.619998893737794,100.12600946426392,1.4937257766723633,3.079005479812622,104.6987407207489,False
CIFAR10,resnet18,knn_distance_cover,3,knn_distance_cover_3_50b,complete,14,800,43.29999870300293,192.0,44.34999881744385,100.57137489318848,1.457385540008545,1.3665831089019775,103.395343542099,False
CIFAR10,resnet18,knn_distance_cover,3,knn_distance_cover_3_50b,complete,15,850,44.39999855041504,152.0,44.799998397827146,104.49442076683044,1.4909687042236328,1.3417515754699707,107.32714104652405,False
CIFAR10,resnet18,knn_distance_cover,3,knn_distance_cover_3_50b,complete,16,900,44.97999877929688,176.0,45.00999912261963,103.75819873809814,1.4586455821990967,1.3570568561553955,106.57390117645264,False
CIFAR10,resnet18,knn_distance_cover,3,knn_distance_cover_3_50b,complete,17,950,44.23999870300293,188.0,44.24999897003174,108.57596206665039,1.490795612335205,1.9239673614501953,111.99072504043579,False
CIFAR10,resnet18,knn_distance_cover,3,knn_distance_cover_3_50b,complete,18,1000,46.179999084472655,162.0,46.3099991607666,108.37730240821838,1.4231703281402588,1.2210447788238525,111.0215175151825,False
CIFAR10,resnet18,knn_distance_cover,3,knn_distance_cover_3_50b,complete,19,1050,45.63999847412109,188.0,46.01999885559082,111.95956945419312,1.513258934020996,1.3334167003631592,114.80624508857727,False
CIFAR10,resnet18,knn_distance_cover,3,knn_distance_cover_3_50b,complete,20,1100,46.059999313354496,128.0,46.50999858856201,111.18007802963257,1.5274689197540283,1.320953607559204,114.0285005569458,False
CIFAR10,resnet18,knn_distance_cover,3,knn_distance_cover_3_50b,complete,21,1150,46.27999908447266,146.0,46.859998893737796,115.2614049911499,1.5270142555236816,1.342778205871582,118.13119745254517,False
CIFAR10,resnet18,knn_distance_cover,3,knn_distance_cover_3_50b,complete,22,1200,46.99999938964844,128.0,47.28999919891358,115.7095468044281,1.47609281539917,2.040043354034424,119.2256829738617,False
CIFAR10,resnet18,knn_distance_cover,3,knn_distance_cover_3_50b,complete,23,1250,47.75999877929687,184.0,47.96999923706055,119.89838743209839,1.4714295864105225,1.2143120765686035,122.58412909507751,False
CIFAR10,resnet18,knn_distance_cover,3,knn_distance_cover_3_50b,complete,24,1300,47.699999237060545,180.0,48.21999931335449,119.35460901260376,1.4990596771240234,1.245044469833374,122.09871315956116,False
CIFAR10,resnet18,knn_distance_cover,3,knn_distance_cover_3_50b,complete,25,1350,49.73999946594238,198.0,49.63999912261963,124.4383294582367,1.5176761150360107,1.277860403060913,127.23386597633362,False
CIFAR10,resnet18,knn_distance_cover,3,knn_distance_cover_3_50b,complete,26,1400,48.05999984741211,192.0,48.929999084472655,123.53993248939514,1.4590427875518799,2.5456221103668213,127.54459738731384,False
CIFAR10,resnet18,knn_distance_cover,3,knn_distance_cover_3_50b,complete,27,1450,49.05999870300293,160.0,48.999999046325684,127.73140859603882,1.5007200241088867,1.3297226428985596,130.56185126304626,False
CIFAR10,resnet18,knn_distance_cover,3,knn_distance_cover_3_50b,complete,28,1500,49.29999855041504,150.0,49.389999046325684,129.27976822853088,1.5130400657653809,1.3422925472259521,132.13510084152222,False
CIFAR10,resnet18,knn_distance_cover,3,knn_distance_cover_3_50b,complete,29,1550,51.11999855041504,166.0,50.68999912261963,131.81560730934143,1.465890884399414,2.373351573944092,135.65484976768494,False
CIFAR10,resnet18,knn_distance_cover,3,knn_distance_cover_3_50b,complete,30,1600,50.91999885559082,194.0,51.11999897003174,131.5813205242157,1.4922127723693848,1.337446928024292,134.41098022460938,False
CIFAR10,resnet18,knn_distance_cover,3,knn_distance_cover_3_50b,complete,31,1650,52.3599991607666,168.0,52.3799991607666,136.01544308662415,1.491245985031128,1.2223193645477295,138.729008436203,False
CIFAR10,resnet18,knn_distance_cover,3,knn_distance_cover_3_50b,complete,32,1700,52.51999908447266,200.0,51.99999919891357,135.83028888702393,1.4648582935333252,2.31638503074646,139.6115322113037,False
CIFAR10,resnet18,knn_distance_cover,3,knn_distance_cover_3_50b,complete,33,1750,51.8799991607666,144.0,52.09999893188476,139.26798391342163,1.455892562866211,1.3805043697357178,142.10438084602356,False
CIFAR10,resnet18,knn_distance_cover,3,knn_distance_cover_3_50b,complete,34,1800,53.07999885559082,196.0,52.97999885559082,139.23136711120605,1.6092920303344727,1.2223808765411377,142.06304001808167,False
CIFAR10,resnet18,knn_distance_cover,3,knn_distance_cover_3_50b,complete,35,1850,53.01999931335449,150.0,52.949998970031736,143.38854837417603,1.5078730583190918,1.3387763500213623,146.23519778251648,False
CIFAR10,resnet18,knn_distance_cover,3,knn_distance_cover_3_50b,complete,36,1900,54.87999855041504,170.0,54.45999912261963,143.47414231300354,1.4938757419586182,2.2420873641967773,147.21010541915894,False
CIFAR10,resnet18,knn_distance_cover,3,knn_distance_cover_3_50b,complete,37,1950,53.659998931884765,182.0,53.8199991607666,146.70721769332886,1.5043785572052002,1.91147780418396,150.12307405471802,False
CIFAR10,resnet18,knn_distance_cover,3,knn_distance_cover_3_50b,complete,38,2000,53.7799991607666,178.0,54.08999885559082,147.5375075340271,1.5995235443115234,1.8736670017242432,151.01069808006287,False
CIFAR10,resnet18,knn_distance_cover,3,knn_distance_cover_3_50b,complete,39,2050,54.09999900817871,160.0,53.889999046325684,152.1520676612854,1.436302661895752,1.3913981914520264,154.97976851463318,False
CIFAR10,resnet18,knn_distance_cover,3,knn_distance_cover_3_50b,complete,40,2100,53.499999084472655,176.0,54.019998474121095,151.14246654510498,1.4857892990112305,1.248215675354004,153.87647151947021,False
CIFAR10,resnet18,knn_distance_cover,3,knn_distance_cover_3_50b,complete,41,2150,54.97999938964844,192.0,55.29999889373779,155.56586408615112,1.4828550815582275,2.651907205581665,159.70062637329102,False
CIFAR10,resnet18,knn_distance_cover,3,knn_distance_cover_3_50b,complete,42,2200,53.919999237060544,182.0,54.12999881744385,158.06841254234314,1.7625412940979004,2.649524211883545,162.48047804832458,False
CIFAR10,resnet18,knn_distance_cover,3,knn_distance_cover_3_50b,complete,43,2250,55.93999885559082,158.0,55.789998855590824,161.5809624195099,1.496718406677246,1.3478152751922607,164.4254961013794,False
CIFAR10,resnet18,knn_distance_cover,3,knn_distance_cover_3_50b,complete,44,2300,55.49999870300293,166.0,55.48999919891357,159.6848406791687,1.4498093128204346,2.01796293258667,163.1526129245758,False
CIFAR10,resnet18,knn_distance_cover,3,knn_distance_cover_3_50b,complete,45,2350,54.719999160766605,176.0,54.88999919891357,164.8683671951294,1.4775879383087158,2.1739649772644043,168.51992011070251,False
CIFAR10,resnet18,knn_distance_cover,3,knn_distance_cover_3_50b,complete,46,2400,55.51999908447266,170.0,55.57999877929687,164.8231508731842,1.477346420288086,2.044163703918457,168.34466099739075,False
CIFAR10,resnet18,knn_distance_cover,3,knn_distance_cover_3_50b,complete,47,2450,55.87999908447266,170.0,56.049998626708984,170.56090378761292,1.48897123336792,1.218503475189209,173.26837849617004,False
CIFAR10,resnet18,knn_distance_cover,3,knn_distance_cover_3_50b,complete,48,2500,56.179998626708986,152.0,56.25999912261963,167.45496225357056,1.5145199298858643,1.2474896907806396,170.21697187423706,False
CIFAR10,resnet18,knn_distance_cover,3,knn_distance_cover_3_50b,complete,49,2550,55.779998779296875,200.0,55.63999872207641,172.4177315235138,1.5587506294250488,1.241516351699829,175.21799850463867,False
CIFAR10,resnet18,knn_distance_cover,3,knn_distance_cover_3_50b,complete,50,2600,56.1599983215332,198.0,56.20999897003174,172.45255517959595,1.458970069885254,2.042415142059326,175.95394039154053,False
CIFAR10,resnet18,knn_distance_cover,3,knn_distance_cover_3_50b,complete,51,2650,56.739998970031735,124.0,56.649998893737795,176.3946521282196,1.496622085571289,2.2670278549194336,180.15830206871033,False
CIFAR10,resnet18,knn_distance_cover,3,knn_distance_cover_3_50b,complete,52,2700,56.43999828338623,198.0,56.569998798370364,178.12116527557373,1.485241413116455,1.3253154754638672,180.93172216415405,False
CIFAR10,resnet18,knn_distance_cover,3,knn_distance_cover_3_50b,complete,53,2750,56.73999893188476,180.0,56.449998970031736,180.1208198070526,1.483468770980835,2.6464474201202393,184.2507359981537,False
CIFAR10,resnet18,knn_distance_cover,3,knn_distance_cover_3_50b,complete,54,2800,57.19999862670898,194.0,57.17999895095825,181.3082733154297,1.4859044551849365,1.3288531303405762,184.1230309009552,False
CIFAR10,resnet18,knn_distance_cover,3,knn_distance_cover_3_50b,complete,55,2850,57.57999877929687,188.0,57.52999897003174,183.82651209831238,1.5862772464752197,2.280967950820923,187.69375729560852,False
CIFAR10,resnet18,knn_distance_cover,3,knn_distance_cover_3_50b,complete,56,2900,57.43999885559082,170.0,57.12999876022339,185.45886182785034,1.4717941284179688,2.258061647415161,189.18871760368347,False
CIFAR10,resnet18,knn_distance_cover,3,knn_distance_cover_3_50b,complete,57,2950,57.51999862670898,124.0,57.50999885559082,187.25038886070251,1.5175840854644775,2.4308736324310303,191.19884657859802,False
CIFAR10,resnet18,knn_distance_cover,3,knn_distance_cover_3_50b,complete,58,3000,58.47999855041504,146.0,57.429998893737796,189.33495378494263,1.498124361038208,2.0967447757720947,192.92982292175293,False
CIFAR10,resnet18,knn_distance_cover,3,knn_distance_cover_3_50b,complete,59,3050,57.91999900817871,148.0,57.68999877929687,192.16510152816772,1.6147089004516602,1.9999008178710938,195.77971124649048,False
CIFAR10,resnet18,knn_distance_cover,3,knn_distance_cover_3_50b,complete,60,3100,57.03999801635742,156.0,57.71999864578247,193.25131630897522,1.5010521411895752,2.0314137935638428,196.78378224372864,False
CIFAR10,resnet18,knn_distance_cover,3,knn_distance_cover_3_50b,complete,61,3150,58.41999862670898,154.0,58.10999877929687,193.714994430542,1.5205121040344238,2.0501585006713867,197.2856650352478,False
CIFAR10,resnet18,knn_distance_cover,3,knn_distance_cover_3_50b,complete,62,3200,58.479999465942385,184.0,58.35999870300293,194.71238732337952,1.474679946899414,2.2138891220092773,198.4009563922882,False
CIFAR10,resnet18,knn_distance_cover,3,knn_distance_cover_3_50b,complete,63,3250,58.19999908447266,190.0,57.92999885559082,199.62061977386475,1.573984146118164,2.1001875400543213,203.29479146003723,False
CIFAR10,resnet18,knn_distance_cover,3,knn_distance_cover_3_50b,complete,64,3300,58.67999870300293,134.0,58.9099990272522,198.8293421268463,1.4846711158752441,2.089050054550171,202.40306329727173,False
CIFAR10,resnet18,knn_distance_cover,3,knn_distance_cover_3_50b,complete,65,3350,59.519999237060546,176.0,58.919998474121094,203.7817895412445,1.502065658569336,1.7398836612701416,207.02373886108398,False
CIFAR10,resnet18,knn_distance_cover,3,knn_distance_cover_3_50b,complete,66,3400,59.03999855041504,164.0,58.84999891281128,203.06160521507263,1.5069053173065186,1.2441496849060059,205.81266021728516,False
CIFAR10,resnet18,knn_distance_cover,3,knn_distance_cover_3_50b,complete,67,3450,59.09999855041504,196.0,58.369998378753664,208.13765907287598,1.6228477954864502,1.205254077911377,210.9657609462738,False
CIFAR10,resnet18,knn_distance_cover,3,knn_distance_cover_3_50b,complete,68,3500,58.99999885559082,184.0,58.54999858856201,208.2352352142334,1.4872620105743408,2.090881109237671,211.8133783340454,False
CIFAR10,resnet18,knn_distance_cover,3,knn_distance_cover_3_50b,complete,69,3550,59.7999991607666,170.0,59.399998836517334,209.74456095695496,1.4609856605529785,2.093928575515747,213.29947519302368,False
CIFAR10,resnet18,knn_distance_cover,3,knn_distance_cover_3_50b,complete,70,3600,59.43999885559082,192.0,59.459998760223385,211.6776430606842,1.4645514488220215,1.8756804466247559,215.01787495613098,False
CIFAR10,resnet18,knn_distance_cover,3,knn_distance_cover_3_50b,complete,71,3650,59.419998474121094,166.0,58.63999889373779,216.5796263217926,1.5091896057128906,2.468076467514038,220.55689239501953,False
CIFAR10,resnet18,knn_distance_cover,3,knn_distance_cover_3_50b,complete,72,3700,60.31999847412109,148.0,59.53999872207642,215.946457862854,1.4664182662963867,1.6734375953674316,219.08631372451782,False
CIFAR10,resnet18,knn_distance_cover,3,knn_distance_cover_3_50b,complete,73,3750,59.37999809265137,166.0,60.08999881744385,220.79870700836182,1.5930638313293457,1.2244575023651123,223.61622834205627,False
CIFAR10,resnet18,knn_distance_cover,3,knn_distance_cover_3_50b,complete,74,3800,59.33999835968017,168.0,59.699998683929444,220.78722763061523,1.497931718826294,1.2224950790405273,223.50765442848206,False
CIFAR10,resnet18,knn_distance_cover,3,knn_distance_cover_3_50b,complete,75,3850,60.27999858856201,164.0,60.42999868392944,222.715083360672,1.4554097652435303,2.12379789352417,226.2942910194397,False
CIFAR10,resnet18,knn_distance_cover,3,knn_distance_cover_3_50b,complete,76,3900,59.79999885559082,112.0,59.7999986076355,223.38275456428528,1.4614081382751465,1.3588604927062988,226.20302319526672,False
CIFAR10,resnet18,knn_distance_cover,3,knn_distance_cover_3_50b,complete,77,3950,59.979998474121096,144.0,59.44999864578247,227.8846893310547,1.470867395401001,1.21958589553833,230.57514262199402,False
CIFAR10,resnet18,knn_distance_cover,3,knn_distance_cover_3_50b,complete,78,4000,61.25999843597412,148.0,61.12999856948853,228.49905943870544,1.489556074142456,1.2281520366668701,231.21676754951477,False
CIFAR10,resnet18,knn_distance_cover,3,knn_distance_cover_3_50b,complete,79,4050,60.479998359680174,198.0,60.50999856948852,231.70209431648254,1.4942004680633545,1.3757026195526123,234.5719974040985,False
CIFAR10,resnet18,knn_distance_cover,3,knn_distance_cover_3_50b,complete,80,4100,60.739998512268066,140.0,60.489998722076415,233.7670497894287,1.5948293209075928,2.1133573055267334,237.47523641586304,False
CIFAR10,resnet18,knn_distance_cover,3,knn_distance_cover_3_50b,complete,81,4150,61.13999866485596,192.0,61.42999876022339,237.6425702571869,1.6685781478881836,2.454932451248169,241.76608085632324,False
CIFAR10,resnet18,knn_distance_cover,3,knn_distance_cover_3_50b,complete,82,4200,60.75999858856201,170.0,59.98999849319458,241.6122682094574,1.4540915489196777,2.1306307315826416,245.19699048995972,False
CIFAR10,resnet18,knn_distance_cover,3,knn_distance_cover_3_50b,complete,83,4250,60.49999843597412,192.0,60.02999843597412,244.44385409355164,1.5890085697174072,2.0567853450775146,248.08964800834656,False
CIFAR10,resnet18,knn_distance_cover,3,knn_distance_cover_3_50b,complete,84,4300,61.43999912261963,198.0,61.22999872207642,242.8180227279663,1.4935829639434814,2.274925708770752,246.58653140068054,False
CIFAR10,resnet18,knn_distance_cover,3,knn_distance_cover_3_50b,complete,85,4350,61.05999889373779,146.0,60.9799986076355,244.9720537662506,1.5674245357513428,2.0034868717193604,248.5429651737213,False
CIFAR10,resnet18,knn_distance_cover,3,knn_distance_cover_3_50b,complete,86,4400,60.73999862670898,178.0,60.79999849319458,245.8203387260437,1.5095875263214111,2.0432674884796143,249.37319374084473,False
CIFAR10,resnet18,knn_distance_cover,3,knn_distance_cover_3_50b,complete,87,4450,61.49999839782715,136.0,60.92999895095825,250.3931167125702,1.4967732429504395,1.2424373626708984,253.13232731819153,False
CIFAR10,resnet18,knn_distance_cover,3,knn_distance_cover_3_50b,complete,88,4500,61.77999881744385,146.0,61.99999849319458,250.2394597530365,1.5168049335479736,1.2099592685699463,252.96622395515442,False
CIFAR10,resnet18,knn_distance_cover,3,knn_distance_cover_3_50b,complete,89,4550,61.59999858856201,150.0,61.58999849319458,253.34233832359314,1.5338726043701172,1.9474835395812988,256.82369446754456,False
CIFAR10,resnet18,knn_distance_cover,3,knn_distance_cover_3_50b,complete,90,4600,61.879998474121095,198.0,61.689998378753664,251.7982451915741,1.470698356628418,2.0117874145507812,255.2807309627533,False
CIFAR10,resnet18,knn_distance_cover,3,knn_distance_cover_3_50b,complete,91,4650,61.75999858856201,168.0,61.68999822616577,258.34526324272156,1.4971213340759277,2.1327457427978516,261.97513031959534,False
CIFAR10,resnet18,knn_distance_cover,3,knn_distance_cover_3_50b,complete,92,4700,61.91999862670898,118.0,62.24999835968018,260.19528794288635,1.4801058769226074,2.009146213531494,263.68454003334045,False
CIFAR10,resnet18,knn_distance_cover,3,knn_distance_cover_3_50b,complete,93,4750,61.77999855041504,162.0,61.61999853134155,261.8311860561371,1.4923434257507324,1.2111787796020508,264.53470826148987,False
CIFAR10,resnet18,knn_distance_cover,3,knn_distance_cover_3_50b,complete,94,4800,62.37999862670898,196.0,61.92999887466431,264.07023644447327,1.4941930770874023,1.2633285522460938,266.82775807380676,False
CIFAR10,resnet18,knn_distance_cover,3,knn_distance_cover_3_50b,complete,95,4850,62.37999828338623,190.0,62.34999855041504,267.82051849365234,1.997668743133545,2.363772392272949,272.18195962905884,False
CIFAR10,resnet18,knn_distance_cover,3,knn_distance_cover_3_50b,complete,96,4900,61.99999897003174,150.0,61.92999835968018,266.54976296424866,1.522778034210205,1.2433862686157227,269.3159272670746,False
CIFAR10,resnet18,knn_distance_cover,3,knn_distance_cover_3_50b,complete,97,4950,62.339998664855955,168.0,62.74999820709228,269.3134744167328,1.5147759914398193,2.1719632148742676,273.0002136230469,False
CIFAR10,resnet18,knn_distance_cover,3,knn_distance_cover_3_50b,complete,98,5000,62.23999843597412,150.0,62.11999856948852,270.34191966056824,1.4742350578308105,2.3311374187469482,274.147292137146,False
CIFAR10,resnet18,knn_distance_cover,3,knn_distance_cover_3_50b,complete,99,5050,62.89999858856201,152.0,62.99999835968018,273.4950885772705,1.515256643295288,1.360694408416748,276.37103962898254,False
CIFAR10,resnet18,knn_distance_cover,3,knn_distance_cover_3_50b,complete,100,5050,62.319998550415036,164.0,62.629998455047605,273.46728134155273,1.6530165672302246,0.0,275.12029790878296,False
CIFAR10,resnet18,knn_distance_cover,4,knn_distance_cover_4_50b,complete,-1,50,,,,,,2.1164426803588867,2.1164426803588867,True
CIFAR10,resnet18,knn_distance_cover,4,knn_distance_cover_4_50b,complete,0,100,21.759999694824216,92.0,21.279999923706058,74.22899842262268,1.477879524230957,1.3218231201171875,77.02870106697083,False
CIFAR10,resnet18,knn_distance_cover,4,knn_distance_cover_4_50b,complete,1,150,25.71999923706055,60.0,25.149999618530273,74.51302671432495,1.565464735031128,2.371584177017212,78.45007562637329,False
CIFAR10,resnet18,knn_distance_cover,4,knn_distance_cover_4_50b,complete,2,200,29.639999542236325,126.0,29.689999237060547,75.29033493995667,1.5134165287017822,2.3556578159332275,79.15940928459167,False
CIFAR10,resnet18,knn_distance_cover,4,knn_distance_cover_4_50b,complete,3,250,33.91999923706055,136.0,35.07999900817872,78.54830956459045,1.4759328365325928,2.133460283279419,82.15770268440247,False
CIFAR10,resnet18,knn_distance_cover,4,knn_distance_cover_4_50b,complete,4,300,35.079999389648435,178.0,34.719999160766605,78.93045115470886,1.5037422180175781,2.206063985824585,82.64025735855103,False
CIFAR10,resnet18,knn_distance_cover,4,knn_distance_cover_4_50b,complete,5,350,35.81999870300292,200.0,36.68999870300293,82.98974394798279,1.4771101474761963,2.7473137378692627,87.21416783332825,False
CIFAR10,resnet18,knn_distance_cover,4,knn_distance_cover_4_50b,complete,6,400,36.59999900817871,200.0,37.70999893188477,82.82541346549988,1.5937917232513428,2.1594600677490234,86.57866525650024,False
CIFAR10,resnet18,knn_distance_cover,4,knn_distance_cover_4_50b,complete,7,450,36.29999885559082,132.0,37.78999851226806,86.7888081073761,1.4702222347259521,2.150520086288452,90.4095504283905,False
CIFAR10,resnet18,knn_distance_cover,4,knn_distance_cover_4_50b,complete,8,500,37.59999855041504,172.0,39.76999877929688,86.58829760551453,1.5003745555877686,2.1729536056518555,90.26162576675415,False
CIFAR10,resnet18,knn_distance_cover,4,knn_distance_cover_4_50b,complete,9,550,39.03999931335449,166.0,39.9399987411499,91.22003388404846,1.5187950134277344,2.0753636360168457,94.81419253349304,False
CIFAR10,resnet18,knn_distance_cover,4,knn_distance_cover_4_50b,complete,10,600,40.27999908447266,134.0,40.67999843597412,90.62668013572693,1.4525656700134277,2.0513899326324463,94.1306357383728,False
CIFAR10,resnet18,knn_distance_cover,4,knn_distance_cover_4_50b,complete,11,650,41.199998474121095,176.0,40.98999839782715,95.18242883682251,1.5349256992340088,2.1704342365264893,98.88778877258301,False
CIFAR10,resnet18,knn_distance_cover,4,knn_distance_cover_4_50b,complete,12,700,40.299998931884765,172.0,41.239998779296876,95.00669193267822,1.4587218761444092,2.235435962677002,98.70084977149963,False
CIFAR10,resnet18,knn_distance_cover,4,knn_distance_cover_4_50b,complete,13,750,43.07999877929687,198.0,43.559998512268066,98.76352143287659,1.5155539512634277,2.0239269733428955,102.30300235748291,False
CIFAR10,resnet18,knn_distance_cover,4,knn_distance_cover_4_50b,complete,14,800,43.31999900817871,160.0,42.939998893737794,99.0862193107605,1.6262969970703125,2.1640095710754395,102.87652587890625,False
CIFAR10,resnet18,knn_distance_cover,4,knn_distance_cover_4_50b,complete,15,850,43.41999839782715,130.0,43.299998931884765,101.94485926628113,1.4929025173187256,1.3385577201843262,104.77631950378418,False
CIFAR10,resnet18,knn_distance_cover,4,knn_distance_cover_4_50b,complete,16,900,44.17999900817871,130.0,44.45999893188477,103.59738540649414,1.4419310092926025,2.026461124420166,107.06577754020691,False
CIFAR10,resnet18,knn_distance_cover,4,knn_distance_cover_4_50b,complete,17,950,45.499998321533205,180.0,44.999999351501465,107.11615991592407,1.4585597515106201,2.128758430480957,110.70347809791565,False
CIFAR10,resnet18,knn_distance_cover,4,knn_distance_cover_4_50b,complete,18,1000,44.359999084472655,160.0,45.00999885559082,106.8928952217102,1.5004429817199707,3.4243428707122803,111.81768107414246,False
CIFAR10,resnet18,knn_distance_cover,4,knn_distance_cover_4_50b,complete,19,1050,46.77999900817871,170.0,46.58999889373779,111.51085233688354,1.5107839107513428,2.0664334297180176,115.0880696773529,False
CIFAR10,resnet18,knn_distance_cover,4,knn_distance_cover_4_50b,complete,20,1100,45.61999908447265,156.0,45.69999885559082,111.28837633132935,1.4721286296844482,2.069986343383789,114.83049130439758,False
CIFAR10,resnet18,knn_distance_cover,4,knn_distance_cover_4_50b,complete,21,1150,45.43999961853027,190.0,45.41999885559082,114.12038540840149,1.520117998123169,2.231330394744873,117.87183380126953,False
CIFAR10,resnet18,knn_distance_cover,4,knn_distance_cover_4_50b,complete,22,1200,46.539998626708986,194.0,46.64999877929687,115.06734561920166,1.465400218963623,2.523162603378296,119.05590844154358,False
CIFAR10,resnet18,knn_distance_cover,4,knn_distance_cover_4_50b,complete,23,1250,48.019999237060546,180.0,47.92999885559082,118.22263789176941,1.469810962677002,2.152355432510376,121.84480428695679,False
CIFAR10,resnet18,knn_distance_cover,4,knn_distance_cover_4_50b,complete,24,1300,48.299998931884765,190.0,47.39999919891358,118.34559297561646,1.6136841773986816,2.2757272720336914,122.23500442504883,False
CIFAR10,resnet18,knn_distance_cover,4,knn_distance_cover_4_50b,complete,25,1350,49.17999893188477,184.0,48.98999885559082,122.50863456726074,1.4915106296539307,2.590348482131958,126.59049367904663,False
CIFAR10,resnet18,knn_distance_cover,4,knn_distance_cover_4_50b,complete,26,1400,48.75999877929687,148.0,49.08999912261963,123.14602518081665,1.5355823040008545,1.3356354236602783,126.01724290847778,False
CIFAR10,resnet18,knn_distance_cover,4,knn_distance_cover_4_50b,complete,27,1450,48.979998931884765,120.0,48.36999912261963,127.07933354377747,1.4832561016082764,2.1976752281188965,130.76026487350464,False
CIFAR10,resnet18,knn_distance_cover,4,knn_distance_cover_4_50b,complete,28,1500,50.0399991607666,164.0,50.029999237060544,126.60310053825378,1.4476711750030518,1.32682466506958,129.37759637832642,False
CIFAR10,resnet18,knn_distance_cover,4,knn_distance_cover_4_50b,complete,29,1550,50.73999946594238,198.0,50.47999889373779,131.1256492137909,1.5029420852661133,1.2045087814331055,133.8331000804901,False
CIFAR10,resnet18,knn_distance_cover,4,knn_distance_cover_4_50b,complete,30,1600,50.6399991607666,130.0,50.04999931335449,130.79407215118408,1.4451746940612793,2.220127820968628,134.459374666214,False
CIFAR10,resnet18,knn_distance_cover,4,knn_distance_cover_4_50b,complete,31,1650,51.29999870300293,122.0,49.89999942779541,135.575847864151,1.4871854782104492,2.1103575229644775,139.17339086532593,False
CIFAR10,resnet18,knn_distance_cover,4,knn_distance_cover_4_50b,complete,32,1700,51.29999923706055,150.0,51.309999008178714,134.03995990753174,1.4691181182861328,2.3430330753326416,137.8521111011505,False
CIFAR10,resnet18,knn_distance_cover,4,knn_distance_cover_4_50b,complete,33,1750,52.61999900817871,144.0,51.89999927520752,138.2503502368927,1.5188226699829102,2.406332015991211,142.17550492286682,False
CIFAR10,resnet18,knn_distance_cover,4,knn_distance_cover_4_50b,complete,34,1800,51.719999160766605,158.0,50.93999904632568,138.03844451904297,1.5074989795684814,2.285587787628174,141.83153128623962,False
CIFAR10,resnet18,knn_distance_cover,4,knn_distance_cover_4_50b,complete,35,1850,53.519998931884764,176.0,53.11999870300293,143.86910891532898,1.482114553451538,2.8456907272338867,148.1969141960144,False
CIFAR10,resnet18,knn_distance_cover,4,knn_distance_cover_4_50b,complete,36,1900,53.11999931335449,198.0,52.01999927520752,143.46342277526855,1.5045111179351807,2.331916570663452,147.2998504638672,False
CIFAR10,resnet18,knn_distance_cover,4,knn_distance_cover_4_50b,complete,37,1950,52.97999931335449,158.0,52.58999889373779,147.03648233413696,1.5723636150360107,2.421358108520508,151.03020405769348,False
CIFAR10,resnet18,knn_distance_cover,4,knn_distance_cover_4_50b,complete,38,2000,53.99999923706055,144.0,53.0699991607666,148.5695858001709,1.4670138359069824,2.111433506011963,152.14803314208984,False
CIFAR10,resnet18,knn_distance_cover,4,knn_distance_cover_4_50b,complete,39,2050,53.679998817443845,192.0,53.38999912261963,151.34493470191956,1.5360920429229736,2.121811866760254,155.00283861160278,False
CIFAR10,resnet18,knn_distance_cover,4,knn_distance_cover_4_50b,complete,40,2100,53.95999893188477,164.0,53.919999313354495,152.51737999916077,1.5530085563659668,2.0906260013580322,156.16101455688477,False
CIFAR10,resnet18,knn_distance_cover,4,knn_distance_cover_4_50b,complete,41,2150,52.75999908447265,200.0,53.01999900817871,157.59806990623474,1.5033185482025146,1.2333691120147705,160.33475756645203,False
CIFAR10,resnet18,knn_distance_cover,4,knn_distance_cover_4_50b,complete,42,2200,54.17999893188477,196.0,54.02999847412109,156.45907187461853,1.4677765369415283,1.2452690601348877,159.17211747169495,False
CIFAR10,resnet18,knn_distance_cover,4,knn_distance_cover_4_50b,complete,43,2250,54.139999313354494,158.0,54.49999885559082,161.57947373390198,1.869375467300415,2.754267692565918,166.2031168937683,False
CIFAR10,resnet18,knn_distance_cover,4,knn_distance_cover_4_50b,complete,44,2300,54.8399991607666,194.0,54.04999870300293,158.61309790611267,1.468937635421753,1.9572951793670654,162.0393307209015,False
CIFAR10,resnet18,knn_distance_cover,4,knn_distance_cover_4_50b,complete,45,2350,55.13999885559082,160.0,54.45999891281128,163.86217546463013,1.4965534210205078,1.354496955871582,166.71322584152222,False
CIFAR10,resnet18,knn_distance_cover,4,knn_distance_cover_4_50b,complete,46,2400,56.15999961853027,146.0,54.85999897003174,164.70083141326904,1.5697979927062988,1.284642219543457,167.5552716255188,False
CIFAR10,resnet18,knn_distance_cover,4,knn_distance_cover_4_50b,complete,47,2450,56.39999870300293,174.0,55.289998626708986,168.16371178627014,1.5012016296386719,1.230506420135498,170.8954198360443,False
CIFAR10,resnet18,knn_distance_cover,4,knn_distance_cover_4_50b,complete,48,2500,56.539998855590824,178.0,56.329999141693115,168.68112802505493,1.5260043144226074,2.1672887802124023,172.37442111968994,False
CIFAR10,resnet18,knn_distance_cover,4,knn_distance_cover_4_50b,complete,49,2550,56.77999900817871,174.0,56.499998817443846,172.5138385295868,1.5218963623046875,1.362356424331665,175.39809131622314,False
CIFAR10,resnet18,knn_distance_cover,4,knn_distance_cover_4_50b,complete,50,2600,56.639998779296874,144.0,56.239998760223386,172.7394871711731,1.4721148014068604,1.383171796798706,175.59477376937866,False
CIFAR10,resnet18,knn_distance_cover,4,knn_distance_cover_4_50b,complete,51,2650,56.77999893188476,198.0,56.649998817443844,176.1907923221588,1.4961302280426025,2.106038808822632,179.79296135902405,False
CIFAR10,resnet18,knn_distance_cover,4,knn_distance_cover_4_50b,complete,52,2700,56.09999900817871,148.0,55.28999897003174,175.98630213737488,1.4865210056304932,2.2155303955078125,179.68835353851318,False
CIFAR10,resnet18,knn_distance_cover,4,knn_distance_cover_4_50b,complete,53,2750,56.67999931335449,160.0,56.09999866485596,178.7508578300476,1.4784679412841797,1.2187094688415527,181.44803524017334,False
CIFAR10,resnet18,knn_distance_cover,4,knn_distance_cover_4_50b,complete,54,2800,57.11999855041504,196.0,55.749998550415036,178.28704690933228,1.471916675567627,2.6262869834899902,182.3852505683899,False
CIFAR10,resnet18,knn_distance_cover,4,knn_distance_cover_4_50b,complete,55,2850,57.71999877929687,172.0,56.9999987411499,184.99199748039246,1.5481681823730469,2.2053096294403076,188.7454752922058,False
CIFAR10,resnet18,knn_distance_cover,4,knn_distance_cover_4_50b,complete,56,2900,57.93999855041504,174.0,56.88999885559082,185.02095460891724,1.4952113628387451,2.24330472946167,188.75947070121765,False
CIFAR10,resnet18,knn_distance_cover,4,knn_distance_cover_4_50b,complete,57,2950,58.79999881744385,128.0,57.73999893188476,188.46097564697266,1.5024447441101074,2.3065435886383057,192.26996397972107,False
CIFAR10,resnet18,knn_distance_cover,4,knn_distance_cover_4_50b,complete,58,3000,58.03999824523926,176.0,57.559998664855954,188.1836175918579,1.4337923526763916,2.1732945442199707,191.79070448875427,False
CIFAR10,resnet18,knn_distance_cover,4,knn_distance_cover_4_50b,complete,59,3050,59.23999862670898,142.0,58.469998893737795,190.95965266227722,1.4755606651306152,2.0387277603149414,194.47394108772278,False
CIFAR10,resnet18,knn_distance_cover,4,knn_distance_cover_4_50b,complete,60,3100,57.839998931884764,200.0,56.309999008178714,193.62841868400574,1.7817792892456055,2.7324347496032715,198.14263272285461,False
CIFAR10,resnet18,knn_distance_cover,4,knn_distance_cover_4_50b,complete,61,3150,58.97999889373779,140.0,57.80999887466431,194.9553198814392,1.6047325134277344,1.2558698654174805,197.81592226028442,False
CIFAR10,resnet18,knn_distance_cover,4,knn_distance_cover_4_50b,complete,62,3200,58.67999893188477,196.0,57.75999858856201,195.7450180053711,1.4834461212158203,1.334707260131836,198.56317138671875,False
CIFAR10,resnet18,knn_distance_cover,4,knn_distance_cover_4_50b,complete,63,3250,58.43999931335449,148.0,58.0999987411499,199.6703279018402,1.517756700515747,1.2530477046966553,202.4411323070526,False
CIFAR10,resnet18,knn_distance_cover,4,knn_distance_cover_4_50b,complete,64,3300,58.71999870300293,166.0,57.89999877929687,200.5268838405609,1.4825665950775146,1.3379416465759277,203.34739208221436,False
CIFAR10,resnet18,knn_distance_cover,4,knn_distance_cover_4_50b,complete,65,3350,59.63999900817871,154.0,57.98999868392944,204.7691719532013,1.466843843460083,1.3414716720581055,207.57748746871948,False
CIFAR10,resnet18,knn_distance_cover,4,knn_distance_cover_4_50b,complete,66,3400,60.05999828338623,158.0,59.079998569488524,203.55455112457275,1.4871351718902588,1.2931535243988037,206.33483982086182,False
CIFAR10,resnet18,knn_distance_cover,4,knn_distance_cover_4_50b,complete,67,3450,59.51999889373779,196.0,57.80999879837036,209.0329008102417,1.480668067932129,1.2334308624267578,211.7469997406006,False
CIFAR10,resnet18,knn_distance_cover,4,knn_distance_cover_4_50b,complete,68,3500,59.019998474121095,198.0,57.66999879837036,208.8606662750244,1.4623661041259766,2.1545987129211426,212.47763109207153,False
CIFAR10,resnet18,knn_distance_cover,4,knn_distance_cover_4_50b,complete,69,3550,59.51999900817871,170.0,57.98999885559082,210.98633480072021,1.4379947185516357,1.609696865081787,214.03402638435364,False
CIFAR10,resnet18,knn_distance_cover,4,knn_distance_cover_4_50b,complete,70,3600,59.41999855041504,170.0,58.79999864578247,209.96272253990173,1.459862470626831,2.0927491188049316,213.5153341293335,False
CIFAR10,resnet18,knn_distance_cover,4,knn_distance_cover_4_50b,complete,71,3650,59.079998626708985,160.0,58.39999877929687,212.8962173461914,1.5753049850463867,1.8832652568817139,216.3547875881195,False
CIFAR10,resnet18,knn_distance_cover,4,knn_distance_cover_4_50b,complete,72,3700,60.47999877929688,182.0,59.349998798370365,214.16137385368347,1.4949297904968262,1.935039758682251,217.59134340286255,False
CIFAR10,resnet18,knn_distance_cover,4,knn_distance_cover_4_50b,complete,73,3750,60.23999862670898,194.0,59.09999893188476,217.11693239212036,1.4675171375274658,1.2692313194274902,219.85368084907532,False
CIFAR10,resnet18,knn_distance_cover,4,knn_distance_cover_4_50b,complete,74,3800,60.61999851226807,124.0,59.609998874664306,218.06097030639648,1.4992311000823975,2.273705005645752,221.83390641212463,False
CIFAR10,resnet18,knn_distance_cover,4,knn_distance_cover_4_50b,complete,75,3850,61.17999839782715,178.0,59.729998664855955,220.3419120311737,1.4526796340942383,1.4764254093170166,223.27101707458496,False
CIFAR10,resnet18,knn_distance_cover,4,knn_distance_cover_4_50b,complete,76,3900,60.89999866485596,166.0,60.15999889373779,217.9395010471344,1.4071447849273682,1.2116003036499023,220.55824613571167,False
CIFAR10,resnet18,knn_distance_cover,4,knn_distance_cover_4_50b,complete,77,3950,61.07999904632568,184.0,59.45999866485596,222.67644882202148,1.4276385307312012,1.329613447189331,225.43370079994202,False
CIFAR10,resnet18,knn_distance_cover,4,knn_distance_cover_4_50b,complete,78,4000,61.639998779296874,130.0,60.64999868392945,221.4983127117157,1.450282335281372,1.2008123397827148,224.14940738677979,False
CIFAR10,resnet18,knn_distance_cover,4,knn_distance_cover_4_50b,complete,79,4050,61.31999843597412,122.0,59.72999881744385,224.0029754638672,1.4886319637298584,1.3780510425567627,226.8696584701538,False
CIFAR10,resnet18,knn_distance_cover,4,knn_distance_cover_4_50b,complete,80,4100,61.799998664855956,192.0,60.54999885559082,224.58543419837952,1.5582444667816162,1.2212440967559814,227.36492276191711,False
CIFAR10,resnet18,knn_distance_cover,4,knn_distance_cover_4_50b,complete,81,4150,61.859998359680176,184.0,60.68999853134155,228.69118213653564,1.5540618896484375,1.202834129333496,231.44807815551758,False
CIFAR10,resnet18,knn_distance_cover,4,knn_distance_cover_4_50b,complete,82,4200,61.359998626708986,196.0,60.14999879837036,230.90882658958435,1.4683094024658203,1.211653470993042,233.5887894630432,False
CIFAR10,resnet18,knn_distance_cover,4,knn_distance_cover_4_50b,complete,83,4250,61.85999843597412,124.0,60.189998645782474,234.0176284313202,1.802515983581543,1.4091651439666748,237.2293095588684,False
CIFAR10,resnet18,knn_distance_cover,4,knn_distance_cover_4_50b,complete,84,4300,60.559998779296876,170.0,59.149998626708985,236.6421196460724,1.4800114631652832,1.3362500667572021,239.45838117599487,False
CIFAR10,resnet18,knn_distance_cover,4,knn_distance_cover_4_50b,complete,85,4350,62.43999843597412,156.0,60.589998683929444,239.45116758346558,1.4348852634429932,1.316948652267456,242.20300149917603,False
CIFAR10,resnet18,knn_distance_cover,4,knn_distance_cover_4_50b,complete,86,4400,61.4399987411499,194.0,60.539999084472655,236.842355966568,1.4529378414154053,1.2114884853363037,239.5067822933197,False
CIFAR10,resnet18,knn_distance_cover,4,knn_distance_cover_4_50b,complete,87,4450,62.41999885559082,188.0,60.98999866485596,247.45252108573914,1.3939106464385986,1.215827226638794,250.06225895881653,False
CIFAR10,resnet18,knn_distance_cover,4,knn_distance_cover_4_50b,complete,88,4500,61.59999866485596,150.0,60.71999822616577,244.37855505943298,1.4909913539886475,1.2117094993591309,247.08125591278076,False
CIFAR10,resnet18,knn_distance_cover,4,knn_distance_cover_4_50b,complete,89,4550,61.95999816894531,190.0,60.94999855041504,246.399338722229,1.4299137592315674,1.2504277229309082,249.07968020439148,False
CIFAR10,resnet18,knn_distance_cover,4,knn_distance_cover_4_50b,complete,90,4600,63.379998664855954,186.0,61.549998397827146,248.9462263584137,1.5153594017028809,1.2193572521209717,251.68094301223755,False
CIFAR10,resnet18,knn_distance_cover,4,knn_distance_cover_4_50b,complete,91,4650,62.93999843597412,128.0,61.599998455047604,252.8330044746399,1.4934873580932617,1.2399194240570068,255.56641125679016,False
CIFAR10,resnet18,knn_distance_cover,4,knn_distance_cover_4_50b,complete,92,4700,62.45999858856201,144.0,61.68999876022339,253.21901416778564,1.4703292846679688,2.0353307723999023,256.7246742248535,False
CIFAR10,resnet18,knn_distance_cover,4,knn_distance_cover_4_50b,complete,93,4750,62.83999870300293,160.0,61.50999866485596,258.96512818336487,1.4555222988128662,1.1999354362487793,261.6205859184265,False
CIFAR10,resnet18,knn_distance_cover,4,knn_distance_cover_4_50b,complete,94,4800,62.259998359680175,122.0,61.559998741149904,258.48157691955566,1.7025740146636963,1.5335192680358887,261.71767020225525,False
CIFAR10,resnet18,knn_distance_cover,4,knn_distance_cover_4_50b,complete,95,4850,61.93999870300293,136.0,60.78999849319458,257.37033343315125,1.4205431938171387,1.2104382514953613,260.00131487846375,False
CIFAR10,resnet18,knn_distance_cover,4,knn_distance_cover_4_50b,complete,96,4900,63.31999866485596,156.0,62.41999879837036,262.4566242694855,1.4509484767913818,1.33339524269104,265.2409679889679,False
CIFAR10,resnet18,knn_distance_cover,4,knn_distance_cover_4_50b,complete,97,4950,62.83999877929688,188.0,61.619998397827146,263.15355825424194,1.464892864227295,1.2066428661346436,265.8250939846039,False
CIFAR10,resnet18,knn_distance_cover,4,knn_distance_cover_4_50b,complete,98,5000,63.639998512268065,178.0,62.82999822616577,265.8340163230896,1.4334299564361572,1.2058308124542236,268.47327709198,False
CIFAR10,resnet18,knn_distance_cover,4,knn_distance_cover_4_50b,complete,99,5050,62.51999858856201,180.0,61.369998397827146,270.67814207077026,1.586496114730835,1.2169032096862793,273.4815413951874,False
CIFAR10,resnet18,knn_distance_cover,4,knn_distance_cover_4_50b,complete,100,5050,62.89999824523926,194.0,61.73999862670898,265.97351813316345,1.449521780014038,0.0,267.4230399131775,False
CIFAR10,resnet18,knn_distance_cover,5,knn_distance_cover_5_50b,complete,-1,50,,,,,,1.3786756992340088,1.3786756992340088,True
CIFAR10,resnet18,knn_distance_cover,5,knn_distance_cover_5_50b,complete,0,100,22.040000000000006,92.0,22.17999992370605,73.24444127082825,1.4424664974212646,1.2962391376495361,75.98314690589905,False
CIFAR10,resnet18,knn_distance_cover,5,knn_distance_cover_5_50b,complete,1,150,25.419999542236326,198.0,25.959999504089353,73.72884964942932,1.7739577293395996,1.8219287395477295,77.32473611831665,False
CIFAR10,resnet18,knn_distance_cover,5,knn_distance_cover_5_50b,complete,2,200,30.799998931884772,162.0,30.989999618530277,73.84334921836853,1.473008632659912,2.035210609436035,77.35156846046448,False
CIFAR10,resnet18,knn_distance_cover,5,knn_distance_cover_5_50b,complete,3,250,34.19999877929688,192.0,34.399999084472654,77.8320541381836,1.5205276012420654,2.1502747535705566,81.50285649299622,False
CIFAR10,resnet18,knn_distance_cover,5,knn_distance_cover_5_50b,complete,4,300,34.51999908447266,200.0,34.489999237060545,77.98385834693909,1.503676176071167,1.950446367263794,81.43798089027405,False
CIFAR10,resnet18,knn_distance_cover,5,knn_distance_cover_5_50b,complete,5,350,37.519998931884764,188.0,38.24999847412109,81.70810437202454,1.5386135578155518,1.857386589050293,85.10410451889038,False
CIFAR10,resnet18,knn_distance_cover,5,knn_distance_cover_5_50b,complete,6,400,38.39999885559082,180.0,38.369998664855956,81.7657482624054,1.450195074081421,2.047088384628296,85.26303172111511,False
CIFAR10,resnet18,knn_distance_cover,5,knn_distance_cover_5_50b,complete,7,450,38.13999923706055,102.0,38.77999897003174,85.78877019882202,1.4529969692230225,1.943833827972412,89.18560099601746,False
CIFAR10,resnet18,knn_distance_cover,5,knn_distance_cover_5_50b,complete,8,500,39.07999900817871,122.0,38.739998779296876,85.56257057189941,1.4912705421447754,1.853290319442749,88.90713143348694,False
CIFAR10,resnet18,knn_distance_cover,5,knn_distance_cover_5_50b,complete,9,550,38.979998397827146,144.0,39.92999847412109,89.48206496238708,1.5803425312042236,1.9809794425964355,93.04338693618774,False
CIFAR10,resnet18,knn_distance_cover,5,knn_distance_cover_5_50b,complete,10,600,40.99999885559082,176.0,40.58999858856201,89.36903381347656,1.565122365951538,1.9798595905303955,92.9140157699585,False
CIFAR10,resnet18,knn_distance_cover,5,knn_distance_cover_5_50b,complete,11,650,40.91999855041504,176.0,41.0399987411499,94.17942142486572,1.445845365524292,2.042487144470215,97.66775393486023,False
CIFAR10,resnet18,knn_distance_cover,5,knn_distance_cover_5_50b,complete,12,700,42.699997940063476,170.0,42.63999893188477,93.7150068283081,1.4410655498504639,2.0171313285827637,97.17320370674133,False
CIFAR10,resnet18,knn_distance_cover,5,knn_distance_cover_5_50b,complete,13,750,42.19999931335449,174.0,42.14999900817871,97.35127449035645,1.5961754322052002,1.7908265590667725,100.73827648162842,False
CIFAR10,resnet18,knn_distance_cover,5,knn_distance_cover_5_50b,complete,14,800,43.8199991607666,174.0,43.68999881744385,97.1601312160492,1.495239019393921,1.88604736328125,100.54141759872437,False
CIFAR10,resnet18,knn_distance_cover,5,knn_distance_cover_5_50b,complete,15,850,44.179998626708986,166.0,43.629998779296876,101.32501935958862,1.4418718814849854,2.02429461479187,104.79118585586548,False
CIFAR10,resnet18,knn_distance_cover,5,knn_distance_cover_5_50b,complete,16,900,44.61999931335449,186.0,44.38999893188477,100.82455778121948,1.4850468635559082,2.058478593826294,104.36808323860168,False
CIFAR10,resnet18,knn_distance_cover,5,knn_distance_cover_5_50b,complete,17,950,45.21999900817871,182.0,45.259998893737794,105.1148853302002,1.4325909614562988,1.9188148975372314,108.46629118919373,False
CIFAR10,resnet18,knn_distance_cover,5,knn_distance_cover_5_50b,complete,18,1000,45.75999885559082,178.0,45.89999885559082,105.63040471076965,1.4574778079986572,2.073573589324951,109.16145610809326,False
CIFAR10,resnet18,knn_distance_cover,5,knn_distance_cover_5_50b,complete,19,1050,47.17999893188477,132.0,46.27999912261963,108.19150185585022,1.4302504062652588,1.9286727905273438,111.55042505264282,False
CIFAR10,resnet18,knn_distance_cover,5,knn_distance_cover_5_50b,complete,20,1100,47.019998931884764,152.0,47.04999908447266,108.77913761138916,1.4889845848083496,2.0665574073791504,112.33467960357666,False
CIFAR10,resnet18,knn_distance_cover,5,knn_distance_cover_5_50b,complete,21,1150,48.079999465942386,158.0,47.62999862670898,113.52313780784607,1.5161020755767822,1.9333088397979736,116.97254872322083,False
CIFAR10,resnet18,knn_distance_cover,5,knn_distance_cover_5_50b,complete,22,1200,48.5199991607666,192.0,48.06999923706055,113.88283371925354,1.4363079071044922,2.154902219772339,117.47404384613037,False
CIFAR10,resnet18,knn_distance_cover,5,knn_distance_cover_5_50b,complete,23,1250,48.139998779296874,118.0,47.63999900817871,117.2543728351593,1.489715337753296,2.2385687828063965,120.982656955719,False
CIFAR10,resnet18,knn_distance_cover,5,knn_distance_cover_5_50b,complete,24,1300,50.13999893188477,164.0,49.40999984741211,121.38415217399597,1.491870641708374,2.1628479957580566,125.0388708114624,False
CIFAR10,resnet18,knn_distance_cover,5,knn_distance_cover_5_50b,complete,25,1350,49.33999885559082,144.0,49.16999897003174,121.73426914215088,1.4799981117248535,2.2268693447113037,125.44113659858704,False
CIFAR10,resnet18,knn_distance_cover,5,knn_distance_cover_5_50b,complete,26,1400,50.37999961853027,176.0,49.64999931335449,121.22207045555115,1.519848108291626,2.1328365802764893,124.87475514411926,False
CIFAR10,resnet18,knn_distance_cover,5,knn_distance_cover_5_50b,complete,27,1450,49.31999893188477,148.0,49.179998893737796,124.72659659385681,1.5224072933197021,1.894972324371338,128.14397621154785,False
CIFAR10,resnet18,knn_distance_cover,5,knn_distance_cover_5_50b,complete,28,1500,50.99999923706055,192.0,50.30999927520752,127.36491179466248,1.5068671703338623,2.0571727752685547,130.9289517402649,False
CIFAR10,resnet18,knn_distance_cover,5,knn_distance_cover_5_50b,complete,29,1550,52.63999893188477,198.0,51.4799991607666,129.60312795639038,1.459702968597412,2.0662553310394287,133.12908625602722,False
CIFAR10,resnet18,knn_distance_cover,5,knn_distance_cover_5_50b,complete,30,1600,51.459999084472656,162.0,50.909999198913575,128.63816738128662,1.5191304683685303,1.9507455825805664,132.10804343223572,False
CIFAR10,resnet18,knn_distance_cover,5,knn_distance_cover_5_50b,complete,31,1650,53.259998931884766,152.0,52.549999198913575,130.79640984535217,1.431483507156372,2.0521187782287598,134.2800121307373,False
CIFAR10,resnet18,knn_distance_cover,5,knn_distance_cover_5_50b,complete,32,1700,51.6799991607666,184.0,52.049999198913575,131.45189690589905,1.476804494857788,2.5948407649993896,135.52354216575623,False
CIFAR10,resnet18,knn_distance_cover,5,knn_distance_cover_5_50b,complete,33,1750,52.539999084472655,152.0,52.10999912261963,136.22454476356506,1.4485108852386475,1.920499563217163,139.59355521202087,False
CIFAR10,resnet18,knn_distance_cover,5,knn_distance_cover_5_50b,complete,34,1800,53.219999084472654,174.0,52.3899991607666,135.2276110649109,1.5524218082427979,1.3886234760284424,138.16865634918213,False
CIFAR10,resnet18,knn_distance_cover,5,knn_distance_cover_5_50b,complete,35,1850,51.7999984741211,150.0,51.179999084472655,140.78940725326538,1.5244379043579102,1.8132178783416748,144.12706303596497,False
CIFAR10,resnet18,knn_distance_cover,5,knn_distance_cover_5_50b,complete,36,1900,54.019998931884764,192.0,52.86999935150146,142.3370258808136,1.4995696544647217,1.3704922199249268,145.20708775520325,False
CIFAR10,resnet18,knn_distance_cover,5,knn_distance_cover_5_50b,complete,37,1950,54.25999908447265,140.0,53.79999885559082,146.15206575393677,1.5871694087982178,1.3771650791168213,149.1164002418518,False
CIFAR10,resnet18,knn_distance_cover,5,knn_distance_cover_5_50b,complete,38,2000,53.67999900817871,160.0,53.569999046325684,147.4281930923462,1.4151556491851807,1.236124038696289,150.07947278022766,False
CIFAR10,resnet18,knn_distance_cover,5,knn_distance_cover_5_50b,complete,39,2050,54.11999912261963,174.0,53.61999885559082,149.05342507362366,1.5248291492462158,1.3306794166564941,151.90893363952637,False
CIFAR10,resnet18,knn_distance_cover,5,knn_distance_cover_5_50b,complete,40,2100,53.779999313354494,184.0,53.039999389648436,152.38556599617004,1.4920599460601807,1.3681068420410156,155.24573278427124,False
CIFAR10,resnet18,knn_distance_cover,5,knn_distance_cover_5_50b,complete,41,2150,55.3599991607666,194.0,54.959999046325684,154.07785153388977,1.4260387420654297,1.3682341575622559,156.87212443351746,False
CIFAR10,resnet18,knn_distance_cover,5,knn_distance_cover_5_50b,complete,42,2200,55.75999877929687,118.0,55.53999855041504,156.19589519500732,1.7908623218536377,2.151637315750122,160.13839483261108,False
CIFAR10,resnet18,knn_distance_cover,5,knn_distance_cover_5_50b,complete,43,2250,54.83999870300293,178.0,54.4099991607666,159.07913541793823,1.522132158279419,1.2315788269042969,161.83284640312195,False
CIFAR10,resnet18,knn_distance_cover,5,knn_distance_cover_5_50b,complete,44,2300,54.49999885559082,190.0,54.239998779296876,159.7175109386444,1.4866304397583008,1.2469995021820068,162.45114088058472,False
CIFAR10,resnet18,knn_distance_cover,5,knn_distance_cover_5_50b,complete,45,2350,56.07999885559082,190.0,55.10999919891358,164.07740831375122,1.7358932495117188,2.207386016845703,168.02068758010864,False
CIFAR10,resnet18,knn_distance_cover,5,knn_distance_cover_5_50b,complete,46,2400,54.91999893188476,172.0,54.70999895095825,163.70475578308105,1.4589931964874268,1.397815465927124,166.5615644454956,False
CIFAR10,resnet18,knn_distance_cover,5,knn_distance_cover_5_50b,complete,47,2450,56.059999008178714,166.0,55.9599987411499,167.06229639053345,1.5100865364074707,1.2602453231811523,169.83262825012207,False
CIFAR10,resnet18,knn_distance_cover,5,knn_distance_cover_5_50b,complete,48,2500,55.39999877929687,160.0,54.499998779296874,166.06455540657043,1.5466985702514648,1.2412192821502686,168.85247325897217,False
CIFAR10,resnet18,knn_distance_cover,5,knn_distance_cover_5_50b,complete,49,2550,56.65999885559082,148.0,56.179999027252194,169.91071605682373,1.4494454860687256,2.1010053157806396,173.4611668586731,False
CIFAR10,resnet18,knn_distance_cover,5,knn_distance_cover_5_50b,complete,50,2600,56.65999835968017,192.0,56.239999046325686,169.88428020477295,1.4745306968688965,1.7355985641479492,173.0944094657898,False
CIFAR10,resnet18,knn_distance_cover,5,knn_distance_cover_5_50b,complete,51,2650,56.29999870300293,180.0,55.749999046325684,172.39763402938843,1.4793217182159424,1.321056842803955,175.19801259040833,False
CIFAR10,resnet18,knn_distance_cover,5,knn_distance_cover_5_50b,complete,52,2700,56.89999893188477,182.0,56.39999858856201,173.5855872631073,1.4676926136016846,1.3137874603271484,176.36706733703613,False
CIFAR10,resnet18,knn_distance_cover,5,knn_distance_cover_5_50b,complete,53,2750,58.55999855041504,162.0,56.839998474121096,174.72118544578552,1.6113722324371338,1.8841502666473389,178.21670794487,False
CIFAR10,resnet18,knn_distance_cover,5,knn_distance_cover_5_50b,complete,54,2800,57.239998474121094,142.0,56.64999885559082,174.93415474891663,1.4462478160858154,1.298746109008789,177.67914867401123,False
CIFAR10,resnet18,knn_distance_cover,5,knn_distance_cover_5_50b,complete,55,2850,58.059999046325686,192.0,57.76999881744385,181.27575278282166,1.4541757106781006,1.1914973258972168,183.92142581939697,False
CIFAR10,resnet18,knn_distance_cover,5,knn_distance_cover_5_50b,complete,56,2900,58.31999866485596,112.0,57.38999866485596,181.1405429840088,1.6551873683929443,2.3914926052093506,185.18722295761108,False
CIFAR10,resnet18,knn_distance_cover,5,knn_distance_cover_5_50b,complete,57,2950,58.43999881744385,106.0,57.81999893188477,182.8085901737213,1.4493179321289062,1.3113298416137695,185.569237947464,False
CIFAR10,resnet18,knn_distance_cover,5,knn_distance_cover_5_50b,complete,58,3000,59.23999858856201,164.0,57.73999868392944,185.64708042144775,1.4373819828033447,1.228105068206787,188.31256747245789,False
CIFAR10,resnet18,knn_distance_cover,5,knn_distance_cover_5_50b,complete,59,3050,58.35999839782715,124.0,57.97999870300293,187.94435453414917,1.5408012866973877,1.3039720058441162,190.78912782669067,False
CIFAR10,resnet18,knn_distance_cover,5,knn_distance_cover_5_50b,complete,60,3100,58.67999912261963,184.0,58.55999887466431,184.94712710380554,1.4154136180877686,1.2960050106048584,187.65854573249817,False
CIFAR10,resnet18,knn_distance_cover,5,knn_distance_cover_5_50b,complete,61,3150,59.139998779296874,196.0,58.26999862670898,189.4123044013977,1.4117894172668457,1.30057692527771,192.12467074394226,False
CIFAR10,resnet18,knn_distance_cover,5,knn_distance_cover_5_50b,complete,62,3200,59.49999862670899,146.0,59.53999864578247,188.96217274665833,1.4260923862457275,1.8212428092956543,192.2095079421997,False
CIFAR10,resnet18,knn_distance_cover,5,knn_distance_cover_5_50b,complete,63,3250,59.13999885559082,196.0,59.0999987411499,192.48438429832458,1.413773536682129,2.0365536212921143,195.93471145629883,False
CIFAR10,resnet18,knn_distance_cover,5,knn_distance_cover_5_50b,complete,64,3300,59.93999843597412,158.0,58.98999887466431,192.229656457901,1.426218032836914,1.9565119743347168,195.61238646507263,False
CIFAR10,resnet18,knn_distance_cover,5,knn_distance_cover_5_50b,complete,65,3350,60.359998359680176,162.0,59.629998989105225,200.6297845840454,1.4543485641479492,1.9862234592437744,204.07035660743713,False
CIFAR10,resnet18,knn_distance_cover,5,knn_distance_cover_5_50b,complete,66,3400,60.53999839782715,194.0,59.289998817443845,199.22784876823425,1.4405081272125244,1.2002599239349365,201.8686168193817,False
CIFAR10,resnet18,knn_distance_cover,5,knn_distance_cover_5_50b,complete,67,3450,59.93999851226807,158.0,58.999998836517335,204.4828109741211,1.5454094409942627,2.222186803817749,208.2504072189331,False
CIFAR10,resnet18,knn_distance_cover,5,knn_distance_cover_5_50b,complete,68,3500,60.35999870300293,138.0,59.61999855041504,204.7299404144287,1.5879311561584473,1.235051155090332,207.5529227256775,False
CIFAR10,resnet18,knn_distance_cover,5,knn_distance_cover_5_50b,complete,69,3550,60.699998207092285,130.0,59.96999877929687,206.19089651107788,1.4446043968200684,1.2012834548950195,208.83678436279297,False
CIFAR10,resnet18,knn_distance_cover,5,knn_distance_cover_5_50b,complete,70,3600,60.59999866485596,184.0,59.71999872207642,208.10856580734253,1.4685451984405518,1.3137896060943604,210.89090061187744,False
CIFAR10,resnet18,knn_distance_cover,5,knn_distance_cover_5_50b,complete,71,3650,59.83999855041504,162.0,59.47999883651733,209.4159209728241,1.4702813625335693,1.2963733673095703,212.18257570266724,False
CIFAR10,resnet18,knn_distance_cover,5,knn_distance_cover_5_50b,complete,72,3700,59.59999839782715,136.0,58.95999858856201,210.65115690231323,1.4409823417663574,2.016814708709717,214.1089539527893,False
CIFAR10,resnet18,knn_distance_cover,5,knn_distance_cover_5_50b,complete,73,3750,60.97999851226807,198.0,60.6199983215332,216.58975958824158,1.4297077655792236,1.8285470008850098,219.8480143547058,False
CIFAR10,resnet18,knn_distance_cover,5,knn_distance_cover_5_50b,complete,74,3800,60.11999881744385,182.0,59.92999828338623,217.747896194458,1.439049243927002,1.9565906524658203,221.14353609085083,False
CIFAR10,resnet18,knn_distance_cover,5,knn_distance_cover_5_50b,complete,75,3850,61.359998588562014,142.0,60.449999046325686,220.48223280906677,1.4339361190795898,2.127120018005371,224.04328894615173,False
CIFAR10,resnet18,knn_distance_cover,5,knn_distance_cover_5_50b,complete,76,3900,60.89999877929687,138.0,60.65999862670898,215.9651656150818,1.4818274974822998,2.0178072452545166,219.4648003578186,False
CIFAR10,resnet18,knn_distance_cover,5,knn_distance_cover_5_50b,complete,77,3950,61.65999862670898,170.0,60.83999858856201,221.1962080001831,1.582103967666626,2.065497875213623,224.84380984306335,False
CIFAR10,resnet18,knn_distance_cover,5,knn_distance_cover_5_50b,complete,78,4000,61.399999084472654,190.0,60.79999858856201,228.56453394889832,1.4728620052337646,1.3040964603424072,231.3414924144745,False
CIFAR10,resnet18,knn_distance_cover,5,knn_distance_cover_5_50b,complete,79,4050,61.73999893188476,98.0,61.35999853134155,228.22380590438843,1.4428081512451172,1.4211764335632324,231.08779048919678,False
CIFAR10,resnet18,knn_distance_cover,5,knn_distance_cover_5_50b,complete,80,4100,60.879999008178714,196.0,60.799998683929445,225.07425475120544,1.5189166069030762,1.4489555358886719,228.0421268939972,False
CIFAR10,resnet18,knn_distance_cover,5,knn_distance_cover_5_50b,complete,81,4150,62.23999839782715,158.0,60.56999795913696,229.8650131225586,1.4201979637145996,1.34865403175354,232.63386511802673,False
CIFAR10,resnet18,knn_distance_cover,5,knn_distance_cover_5_50b,complete,82,4200,62.23999881744385,160.0,60.91999843597412,229.53443336486816,1.4417226314544678,1.467930793762207,232.44408679008484,False
CIFAR10,resnet18,knn_distance_cover,5,knn_distance_cover_5_50b,complete,83,4250,61.97999851226807,160.0,61.32999876022339,239.37846684455872,1.5056958198547363,1.8711433410644531,242.7553060054779,False
CIFAR10,resnet18,knn_distance_cover,5,knn_distance_cover_5_50b,complete,84,4300,61.77999843597412,180.0,61.71999885559082,236.6100776195526,1.42738676071167,1.8538506031036377,239.89131498336792,False
CIFAR10,resnet18,knn_distance_cover,5,knn_distance_cover_5_50b,complete,85,4350,62.37999835968017,190.0,61.08999856948853,240.42678833007812,1.459761619567871,1.9449772834777832,243.83152723312378,False
CIFAR10,resnet18,knn_distance_cover,5,knn_distance_cover_5_50b,complete,86,4400,61.87999862670898,154.0,60.75999847412109,240.12226581573486,1.455392837524414,1.212273359298706,242.78993201255798,False
CIFAR10,resnet18,knn_distance_cover,5,knn_distance_cover_5_50b,complete,87,4450,61.519998741149905,178.0,60.65999853134155,246.13747763633728,1.466264247894287,1.2243378162384033,248.82807970046997,False
CIFAR10,resnet18,knn_distance_cover,5,knn_distance_cover_5_50b,complete,88,4500,62.379999046325686,144.0,61.10999839782715,243.6339292526245,1.496610164642334,1.2167456150054932,246.34728503227234,False
CIFAR10,resnet18,knn_distance_cover,5,knn_distance_cover_5_50b,complete,89,4550,62.75999839782715,114.0,61.979998874664304,252.00020956993103,1.4939219951629639,1.2673838138580322,254.76151537895203,False
CIFAR10,resnet18,knn_distance_cover,5,knn_distance_cover_5_50b,complete,90,4600,61.999998779296874,196.0,61.569998531341554,251.78066992759705,1.4658112525939941,1.340526819229126,254.58700799942017,False
CIFAR10,resnet18,knn_distance_cover,5,knn_distance_cover_5_50b,complete,91,4650,62.13999862670899,186.0,60.70999845504761,252.14056539535522,1.530698299407959,1.3137757778167725,254.98503947257996,False
CIFAR10,resnet18,knn_distance_cover,5,knn_distance_cover_5_50b,complete,92,4700,62.2999984741211,186.0,61.729998359680174,253.45019912719727,1.4932994842529297,1.3086590766906738,256.25215768814087,False
CIFAR10,resnet18,knn_distance_cover,5,knn_distance_cover_5_50b,complete,93,4750,62.97999881744385,192.0,61.96999876022339,258.4157886505127,1.6969552040100098,2.2055306434631348,262.31827449798584,False
CIFAR10,resnet18,knn_distance_cover,5,knn_distance_cover_5_50b,complete,94,4800,63.15999897003174,168.0,61.99999845504761,256.68227553367615,1.4549081325531006,2.053327798843384,260.19051146507263,False
CIFAR10,resnet18,knn_distance_cover,5,knn_distance_cover_5_50b,complete,95,4850,62.53999828338623,152.0,61.299998664855956,264.66386342048645,1.4666965007781982,1.9157121181488037,268.04627203941345,False
CIFAR10,resnet18,knn_distance_cover,5,knn_distance_cover_5_50b,complete,96,4900,62.95999855041504,192.0,62.41999883651734,261.8319842815399,1.4251434803009033,1.2333378791809082,264.49046564102173,False
CIFAR10,resnet18,knn_distance_cover,5,knn_distance_cover_5_50b,complete,97,4950,64.49999866485595,192.0,63.539998321533204,264.3098123073578,1.4781348705291748,1.3474063873291016,267.13535356521606,False
CIFAR10,resnet18,knn_distance_cover,5,knn_distance_cover_5_50b,complete,98,5000,64.11999862670899,130.0,63.7199981880188,264.4951636791229,1.506394386291504,1.2086591720581055,267.21021723747253,False
CIFAR10,resnet18,knn_distance_cover,5,knn_distance_cover_5_50b,complete,99,5050,63.47999862670898,180.0,62.92999834060669,267.205445766449,1.46268630027771,1.8942022323608398,270.5623342990875,False
CIFAR10,resnet18,knn_distance_cover,5,knn_distance_cover_5_50b,complete,100,5050,63.27999858856201,158.0,62.089998435974124,269.4866955280304,1.4475626945495605,0.0,270.93425822257996,False
