dataset,model,method,seed,exp_name,run_status,episode,labeled_count,best_val_accuracy,best_val_epoch,test_accuracy,train_time_sec,test_time_sec,acquisition_time_sec,round_time_sec,is_initial_sampling
CIFAR100,resnet18,distance_cv_cover,1,distance_cv_cover_1_50b,complete,-1,50,,,,,,1.4017481803894043,1.4017481803894043,True
CIFAR100,resnet18,distance_cv_cover,1,distance_cv_cover_1_50b,complete,0,100,5.439999999999998,102.0,6.260000000000005,69.93816065788269,1.3344862461090088,1.2876453399658203,72.56029224395752,False
CIFAR100,resnet18,distance_cv_cover,1,distance_cv_cover_1_50b,complete,1,150,7.5,78.0,8.060000000000002,70.08008813858032,1.499598741531372,1.2012698650360107,72.7809567451477,False
CIFAR100,resnet18,distance_cv_cover,1,distance_cv_cover_1_50b,complete,2,200,9.0,154.0,9.5,70.06713652610779,1.4695627689361572,1.2726356983184814,72.80933499336243,False
CIFAR100,resnet18,distance_cv_cover,1,distance_cv_cover_1_50b,complete,3,250,10.379999999999995,164.0,10.870000000000005,73.48612213134766,1.4151611328125,1.2689459323883057,76.17022919654846,False
CIFAR100,resnet18,distance_cv_cover,1,distance_cv_cover_1_50b,complete,4,300,10.64,134.0,11.019999999999996,73.53896498680115,1.4277417659759521,1.1825878620147705,76.14929461479187,False
CIFAR100,resnet18,distance_cv_cover,1,distance_cv_cover_1_50b,complete,5,350,11.239999999999995,116.0,11.870000000000005,77.40661239624023,1.4004607200622559,1.279407024383545,80.08648014068604,False
CIFAR100,resnet18,distance_cv_cover,1,distance_cv_cover_1_50b,complete,6,400,12.439999999999998,116.0,13.14,77.37550926208496,1.4180395603179932,1.2828729152679443,80.0764217376709,False
CIFAR100,resnet18,distance_cv_cover,1,distance_cv_cover_1_50b,complete,7,450,13.019999999999996,164.0,13.629999999999995,81.00244808197021,1.4873263835906982,1.1867432594299316,83.67651772499084,False
CIFAR100,resnet18,distance_cv_cover,1,distance_cv_cover_1_50b,complete,8,500,13.879999999999995,168.0,14.189999999999998,80.12914109230042,1.4218289852142334,1.2739598751068115,82.82492995262146,False
CIFAR100,resnet18,distance_cv_cover,1,distance_cv_cover_1_50b,complete,9,550,14.219999999999999,162.0,14.900000000000006,83.78517293930054,1.3834547996520996,1.2937366962432861,86.46236443519592,False
CIFAR100,resnet18,distance_cv_cover,1,distance_cv_cover_1_50b,complete,10,600,14.799999999999997,166.0,15.439999999999998,84.72231554985046,1.4684221744537354,1.2116038799285889,87.40234160423279,False
CIFAR100,resnet18,distance_cv_cover,1,distance_cv_cover_1_50b,complete,11,650,15.700000000000003,182.0,16.349999999999994,88.10444188117981,1.4007413387298584,1.2698359489440918,90.77501916885376,False
CIFAR100,resnet18,distance_cv_cover,1,distance_cv_cover_1_50b,complete,12,700,16.180000000000007,174.0,16.61,88.21350431442261,1.5201282501220703,1.1795907020568848,90.91322326660156,False
CIFAR100,resnet18,distance_cv_cover,1,distance_cv_cover_1_50b,complete,13,750,15.980000000000004,186.0,16.060000000000002,91.92599654197693,1.3934578895568848,1.275097370147705,94.59455180168152,False
CIFAR100,resnet18,distance_cv_cover,1,distance_cv_cover_1_50b,complete,14,800,16.5,132.0,16.629999999999995,91.82997226715088,1.5674960613250732,1.1798362731933594,94.57730460166931,False
CIFAR100,resnet18,distance_cv_cover,1,distance_cv_cover_1_50b,complete,15,850,16.939999999999998,180.0,17.39,94.09545063972473,1.4407250881195068,1.269362211227417,96.80553793907166,False
CIFAR100,resnet18,distance_cv_cover,1,distance_cv_cover_1_50b,complete,16,900,17.180000000000007,122.0,17.28999992370605,94.71859073638916,1.4249083995819092,1.270442008972168,97.41394114494324,False
CIFAR100,resnet18,distance_cv_cover,1,distance_cv_cover_1_50b,complete,17,950,17.680000000000007,130.0,17.560000000000002,97.5362901687622,1.4133520126342773,1.2733070850372314,100.22294926643372,False
CIFAR100,resnet18,distance_cv_cover,1,distance_cv_cover_1_50b,complete,18,1000,18.08,154.0,18.419999847412114,97.83859634399414,1.4371507167816162,1.1886265277862549,100.46437358856201,False
CIFAR100,resnet18,distance_cv_cover,1,distance_cv_cover_1_50b,complete,19,1050,18.939999999999998,166.0,18.83,102.32395958900452,1.4089107513427734,1.2801623344421387,105.01303267478943,False
CIFAR100,resnet18,distance_cv_cover,1,distance_cv_cover_1_50b,complete,20,1100,19.120000000000005,120.0,19.269999999999996,102.05723333358765,1.4079837799072266,1.2317321300506592,104.69694924354553,False
CIFAR100,resnet18,distance_cv_cover,1,distance_cv_cover_1_50b,complete,21,1150,19.560000000000002,196.0,19.68999984741211,104.76217246055603,1.3622395992279053,1.2817697525024414,107.40618181228638,False
CIFAR100,resnet18,distance_cv_cover,1,distance_cv_cover_1_50b,complete,22,1200,19.799999999999997,172.0,20.159999999999997,104.40024423599243,1.4035975933074951,1.2692434787750244,107.07308530807495,False
CIFAR100,resnet18,distance_cv_cover,1,distance_cv_cover_1_50b,complete,23,1250,20.480000000000004,134.0,20.61,107.4504804611206,1.4311585426330566,1.2055041790008545,110.08714318275452,False
CIFAR100,resnet18,distance_cv_cover,1,distance_cv_cover_1_50b,complete,24,1300,21.099999847412107,192.0,21.11,107.48970580101013,1.545102834701538,1.1885521411895752,110.22336077690125,False
CIFAR100,resnet18,distance_cv_cover,1,distance_cv_cover_1_50b,complete,25,1350,21.14,200.0,21.90999961853028,111.50291919708252,1.4269299507141113,1.1887104511260986,114.11855959892273,False
CIFAR100,resnet18,distance_cv_cover,1,distance_cv_cover_1_50b,complete,26,1400,21.279999847412114,194.0,21.700000000000003,112.14354753494263,1.391906499862671,1.2849392890930176,114.82039332389832,False
CIFAR100,resnet18,distance_cv_cover,1,distance_cv_cover_1_50b,complete,27,1450,21.059999694824214,116.0,21.090000000000003,115.24593043327332,1.3893022537231445,1.284956455230713,117.92018914222717,False
CIFAR100,resnet18,distance_cv_cover,1,distance_cv_cover_1_50b,complete,28,1500,21.060000000000002,176.0,21.359999847412112,115.06160306930542,1.4091153144836426,1.2772247791290283,117.74794316291809,False
CIFAR100,resnet18,distance_cv_cover,1,distance_cv_cover_1_50b,complete,29,1550,20.86,148.0,21.149999923706048,120.39171385765076,1.4425311088562012,1.1845612525939941,123.01880621910095,False
CIFAR100,resnet18,distance_cv_cover,1,distance_cv_cover_1_50b,complete,30,1600,21.21999984741211,180.0,21.61999977111816,120.12993836402893,1.3396575450897217,1.2877120971679688,122.75730800628662,False
CIFAR100,resnet18,distance_cv_cover,1,distance_cv_cover_1_50b,complete,31,1650,21.039999694824218,122.0,21.689999771118167,122.98421692848206,1.4229979515075684,1.3019826412200928,125.70919752120972,False
CIFAR100,resnet18,distance_cv_cover,1,distance_cv_cover_1_50b,complete,32,1700,20.71999984741211,94.0,21.590000000000003,123.67309999465942,1.4036009311676025,1.1903133392333984,126.26701426506042,False
CIFAR100,resnet18,distance_cv_cover,1,distance_cv_cover_1_50b,complete,33,1750,21.119999847412103,140.0,21.840000000000003,125.15685820579529,1.4520578384399414,1.2843542098999023,127.89327025413513,False
CIFAR100,resnet18,distance_cv_cover,1,distance_cv_cover_1_50b,complete,34,1800,21.58,198.0,21.809999847412115,127.353994846344,1.4105358123779297,1.2810451984405518,130.04557585716248,False
CIFAR100,resnet18,distance_cv_cover,1,distance_cv_cover_1_50b,complete,35,1850,21.400000000000006,102.0,22.179999694824218,128.89556741714478,1.4131877422332764,1.1960475444793701,131.50480270385742,False
CIFAR100,resnet18,distance_cv_cover,1,distance_cv_cover_1_50b,complete,36,1900,21.92,188.0,22.169999847412114,129.07385849952698,1.387972354888916,1.2820649147033691,131.74389576911926,False
CIFAR100,resnet18,distance_cv_cover,1,distance_cv_cover_1_50b,complete,37,1950,22.539999694824218,130.0,22.459999847412107,133.51107716560364,1.4069688320159912,1.1909005641937256,136.10894656181335,False
CIFAR100,resnet18,distance_cv_cover,1,distance_cv_cover_1_50b,complete,38,2000,22.259999847412104,136.0,22.389999923706057,132.31187653541565,1.485647201538086,1.192340612411499,134.98986434936523,False
CIFAR100,resnet18,distance_cv_cover,1,distance_cv_cover_1_50b,complete,39,2050,21.919999694824213,194.0,22.27999977111817,137.37951135635376,1.3301670551300049,1.2886359691619873,139.99831438064575,False
CIFAR100,resnet18,distance_cv_cover,1,distance_cv_cover_1_50b,complete,40,2100,22.31999954223633,162.0,22.179999694824218,137.51092147827148,1.4187984466552734,1.2844476699829102,140.21416759490967,False
CIFAR100,resnet18,distance_cv_cover,1,distance_cv_cover_1_50b,complete,41,2150,22.08,182.0,22.72999992370606,141.21309900283813,1.4712810516357422,1.2032697200775146,143.8876497745514,False
CIFAR100,resnet18,distance_cv_cover,1,distance_cv_cover_1_50b,complete,42,2200,22.5,174.0,22.569999999999993,141.5494668483734,1.4334256649017334,1.1975154876708984,144.18040800094604,False
CIFAR100,resnet18,distance_cv_cover,1,distance_cv_cover_1_50b,complete,43,2250,22.28,168.0,22.479999847412103,143.71611976623535,1.4491159915924072,1.2702581882476807,146.43549394607544,False
CIFAR100,resnet18,distance_cv_cover,1,distance_cv_cover_1_50b,complete,44,2300,22.560000000000002,146.0,22.999999694824226,142.90071964263916,1.4097135066986084,1.197554349899292,145.50798749923706,False
CIFAR100,resnet18,distance_cv_cover,1,distance_cv_cover_1_50b,complete,45,2350,22.639999694824212,200.0,23.03999992370605,147.76241827011108,1.3889524936676025,1.26973557472229,150.42110633850098,False
CIFAR100,resnet18,distance_cv_cover,1,distance_cv_cover_1_50b,complete,46,2400,22.859999847412112,120.0,23.049999771118166,146.8929603099823,1.4108521938323975,1.279780387878418,149.58359289169312,False
CIFAR100,resnet18,distance_cv_cover,1,distance_cv_cover_1_50b,complete,47,2450,22.759999694824216,154.0,23.159999771118166,150.99090194702148,1.3990530967712402,1.2783763408660889,153.6683313846588,False
CIFAR100,resnet18,distance_cv_cover,1,distance_cv_cover_1_50b,complete,48,2500,22.919999542236326,200.0,22.969999923706055,151.51446199417114,1.4196207523345947,1.2917766571044922,154.22585940361023,False
CIFAR100,resnet18,distance_cv_cover,1,distance_cv_cover_1_50b,complete,49,2550,22.560000000000002,198.0,23.20999969482422,154.86436772346497,1.3880629539489746,1.1921980381011963,157.44462871551514,False
CIFAR100,resnet18,distance_cv_cover,1,distance_cv_cover_1_50b,complete,50,2600,23.01999984741211,138.0,22.91999977111817,153.68109512329102,1.4941742420196533,1.1891624927520752,156.36443185806274,False
CIFAR100,resnet18,distance_cv_cover,1,distance_cv_cover_1_50b,complete,51,2650,22.919999542236326,128.0,23.059999694824214,156.42950654029846,1.4302082061767578,1.2895593643188477,159.14927411079407,False
CIFAR100,resnet18,distance_cv_cover,1,distance_cv_cover_1_50b,complete,52,2700,22.619999847412103,130.0,23.060000000000002,157.09305500984192,1.4128549098968506,1.2648546695709229,159.7707645893097,False
CIFAR100,resnet18,distance_cv_cover,1,distance_cv_cover_1_50b,complete,53,2750,23.139999389648438,152.0,23.26999984741211,162.00719499588013,1.409015417098999,1.2745683193206787,164.6907787322998,False
CIFAR100,resnet18,distance_cv_cover,1,distance_cv_cover_1_50b,complete,54,2800,23.079999542236322,190.0,23.559999847412115,161.7913646697998,1.5022001266479492,1.2029223442077637,164.49648714065552,False
CIFAR100,resnet18,distance_cv_cover,1,distance_cv_cover_1_50b,complete,55,2850,23.07999984741211,188.0,22.769999923706052,165.70467400550842,1.405031442642212,1.2037293910980225,168.31343483924866,False
CIFAR100,resnet18,distance_cv_cover,1,distance_cv_cover_1_50b,complete,56,2900,23.079999694824224,140.0,23.109999847412112,164.27355003356934,1.3518803119659424,1.1969084739685059,166.82233881950378,False
CIFAR100,resnet18,distance_cv_cover,1,distance_cv_cover_1_50b,complete,57,2950,23.199999694824214,194.0,23.36999992370606,168.48181319236755,1.3682866096496582,1.2798373699188232,171.12993717193604,False
CIFAR100,resnet18,distance_cv_cover,1,distance_cv_cover_1_50b,complete,58,3000,23.199999847412116,148.0,23.599999771118163,168.93873715400696,1.3996553421020508,1.2833049297332764,171.62169742584229,False
CIFAR100,resnet18,distance_cv_cover,1,distance_cv_cover_1_50b,complete,59,3050,23.239999999999995,188.0,23.429999847412105,171.29911732673645,1.4164838790893555,1.2865357398986816,174.0021369457245,False
CIFAR100,resnet18,distance_cv_cover,1,distance_cv_cover_1_50b,complete,60,3100,23.399999847412104,186.0,23.779999923706058,171.93275833129883,1.4954299926757812,1.3161821365356445,174.74437046051025,False
CIFAR100,resnet18,distance_cv_cover,1,distance_cv_cover_1_50b,complete,61,3150,23.599999847412107,176.0,24.089999847412116,176.3327877521515,1.3899264335632324,1.3037824630737305,179.02649664878845,False
CIFAR100,resnet18,distance_cv_cover,1,distance_cv_cover_1_50b,complete,62,3200,23.25999954223633,200.0,23.66999977111817,179.35511708259583,1.4420568943023682,1.3038651943206787,182.10103917121887,False
CIFAR100,resnet18,distance_cv_cover,1,distance_cv_cover_1_50b,complete,63,3250,23.51999969482422,176.0,23.679999694824218,182.56995749473572,1.4671680927276611,1.2983903884887695,185.33551597595215,False
CIFAR100,resnet18,distance_cv_cover,1,distance_cv_cover_1_50b,complete,64,3300,23.839999694824215,184.0,23.18999984741211,179.77164125442505,1.4909300804138184,1.2066490650177002,182.46922039985657,False
CIFAR100,resnet18,distance_cv_cover,1,distance_cv_cover_1_50b,complete,65,3350,24.14,142.0,23.769999618530278,184.0677490234375,1.4085307121276855,1.2867286205291748,186.76300835609436,False
CIFAR100,resnet18,distance_cv_cover,1,distance_cv_cover_1_50b,complete,66,3400,24.37999969482422,130.0,24.45999969482422,180.86277198791504,1.3276278972625732,1.3065485954284668,183.49694848060608,False
CIFAR100,resnet18,distance_cv_cover,1,distance_cv_cover_1_50b,complete,67,3450,23.559999542236326,184.0,23.629999771118165,187.44163393974304,1.3989932537078857,1.2022929191589355,190.04292011260986,False
CIFAR100,resnet18,distance_cv_cover,1,distance_cv_cover_1_50b,complete,68,3500,24.419999694824213,184.0,23.72999992370606,186.61509346961975,1.4420063495635986,1.2943031787872314,189.35140299797058,False
CIFAR100,resnet18,distance_cv_cover,1,distance_cv_cover_1_50b,complete,69,3550,23.180000000000007,156.0,23.629999771118165,190.94375014305115,1.406170129776001,1.2158331871032715,193.56575345993042,False
CIFAR100,resnet18,distance_cv_cover,1,distance_cv_cover_1_50b,complete,70,3600,23.279999847412114,162.0,23.60999977111817,191.0733790397644,1.448852777481079,1.402947187423706,193.9251790046692,False
CIFAR100,resnet18,distance_cv_cover,1,distance_cv_cover_1_50b,complete,71,3650,23.659999694824222,172.0,23.469999618530267,194.9231345653534,1.430068016052246,1.3804447650909424,197.73364734649658,False
CIFAR100,resnet18,distance_cv_cover,1,distance_cv_cover_1_50b,complete,72,3700,24.199999694824214,158.0,24.11999954223633,193.81132292747498,1.5016205310821533,1.2996082305908203,196.61255168914795,False
CIFAR100,resnet18,distance_cv_cover,1,distance_cv_cover_1_50b,complete,73,3750,24.159999542236335,104.0,23.849999847412107,197.87350416183472,1.4044528007507324,1.2350821495056152,200.51303911209106,False
CIFAR100,resnet18,distance_cv_cover,1,distance_cv_cover_1_50b,complete,74,3800,23.619999847412103,128.0,24.02999977111817,195.83274459838867,1.4184718132019043,1.2653627395629883,198.51657915115356,False
CIFAR100,resnet18,distance_cv_cover,1,distance_cv_cover_1_50b,complete,75,3850,23.499999694824226,164.0,23.989999771118164,202.60555601119995,1.4104483127593994,1.1963365077972412,205.2123408317566,False
CIFAR100,resnet18,distance_cv_cover,1,distance_cv_cover_1_50b,complete,76,3900,24.039999847412105,136.0,24.109999618530267,198.19414925575256,1.4263923168182373,2.3067872524261475,201.92732882499695,False
CIFAR100,resnet18,distance_cv_cover,1,distance_cv_cover_1_50b,complete,77,3950,23.71999984741211,182.0,24.22999977111816,201.94441485404968,1.3793957233428955,1.429654836654663,204.75346541404724,False
CIFAR100,resnet18,distance_cv_cover,1,distance_cv_cover_1_50b,complete,78,4000,23.699999847412116,156.0,24.009999465942386,200.98173928260803,1.4335377216339111,1.4354093074798584,203.8506863117218,False
CIFAR100,resnet18,distance_cv_cover,1,distance_cv_cover_1_50b,complete,79,4050,24.339999694824215,164.0,24.590000000000003,203.15979623794556,1.3905510902404785,1.197962760925293,205.74831008911133,False
CIFAR100,resnet18,distance_cv_cover,1,distance_cv_cover_1_50b,complete,80,4100,23.359999847412112,112.0,24.249999847412113,203.10003685951233,1.397094488143921,1.420853614807129,205.91798496246338,False
CIFAR100,resnet18,distance_cv_cover,1,distance_cv_cover_1_50b,complete,81,4150,23.279999694824212,186.0,24.609999542236324,208.82111382484436,1.4041352272033691,1.2069694995880127,211.43221855163574,False
CIFAR100,resnet18,distance_cv_cover,1,distance_cv_cover_1_50b,complete,82,4200,24.179999847412105,154.0,24.809999771118157,209.57910084724426,1.5083649158477783,1.2145581245422363,212.30202388763428,False
CIFAR100,resnet18,distance_cv_cover,1,distance_cv_cover_1_50b,complete,83,4250,23.419999847412114,172.0,24.539999618530274,211.6211199760437,1.4931228160858154,1.2874696254730225,214.40171241760254,False
CIFAR100,resnet18,distance_cv_cover,1,distance_cv_cover_1_50b,complete,84,4300,23.299999999999997,180.0,24.009999618530273,210.05474853515625,1.3692450523376465,1.204859972000122,212.62885355949402,False
CIFAR100,resnet18,distance_cv_cover,1,distance_cv_cover_1_50b,complete,85,4350,23.759999694824216,144.0,23.91999961853027,213.97406649589539,1.418581247329712,1.401137351989746,216.79378509521484,False
CIFAR100,resnet18,distance_cv_cover,1,distance_cv_cover_1_50b,complete,86,4400,24.239999847412108,84.0,24.709999618530276,214.49857902526855,1.4099981784820557,1.4012646675109863,217.3098418712616,False
CIFAR100,resnet18,distance_cv_cover,1,distance_cv_cover_1_50b,complete,87,4450,24.519999999999996,178.0,24.419999542236326,217.51872372627258,1.418067455291748,1.2062523365020752,220.1430435180664,False
CIFAR100,resnet18,distance_cv_cover,1,distance_cv_cover_1_50b,complete,88,4500,23.839999694824215,136.0,24.01999984741211,218.94555473327637,1.5301928520202637,1.2290256023406982,221.70477318763733,False
CIFAR100,resnet18,distance_cv_cover,1,distance_cv_cover_1_50b,complete,89,4550,24.499999847412113,130.0,24.60999977111817,221.5093960762024,1.5031256675720215,1.1958589553833008,224.20838069915771,False
CIFAR100,resnet18,distance_cv_cover,1,distance_cv_cover_1_50b,complete,90,4600,23.81999954223633,196.0,24.359999542236324,220.38820385932922,1.4312834739685059,1.1981353759765625,223.0176227092743,False
CIFAR100,resnet18,distance_cv_cover,1,distance_cv_cover_1_50b,complete,91,4650,24.339999847412116,172.0,24.37999969482422,222.20597624778748,1.5119402408599854,1.1966328620910645,224.91454935073853,False
CIFAR100,resnet18,distance_cv_cover,1,distance_cv_cover_1_50b,complete,92,4700,24.180000000000007,172.0,24.499999694824226,224.30387258529663,1.4119205474853516,1.2031080722808838,226.91890120506287,False
CIFAR100,resnet18,distance_cv_cover,1,distance_cv_cover_1_50b,complete,93,4750,24.37999969482422,154.0,24.88999961853027,226.89811444282532,1.4023256301879883,1.20499587059021,229.50543594360352,False
CIFAR100,resnet18,distance_cv_cover,1,distance_cv_cover_1_50b,complete,94,4800,24.099999237060544,128.0,24.609999694824225,227.73159432411194,1.4308669567108154,1.1996419429779053,230.36210322380066,False
CIFAR100,resnet18,distance_cv_cover,1,distance_cv_cover_1_50b,complete,95,4850,23.86,146.0,24.899999618530273,231.90539598464966,1.4444034099578857,1.2959668636322021,234.64576625823975,False
CIFAR100,resnet18,distance_cv_cover,1,distance_cv_cover_1_50b,complete,96,4900,24.399999847412104,154.0,25.079999771118167,231.4504578113556,1.3993840217590332,1.3245716094970703,234.1744134426117,False
CIFAR100,resnet18,distance_cv_cover,1,distance_cv_cover_1_50b,complete,97,4950,24.87999969482422,194.0,25.249999694824226,233.3045675754547,1.4287781715393066,1.3006501197814941,236.0339958667755,False
CIFAR100,resnet18,distance_cv_cover,1,distance_cv_cover_1_50b,complete,98,5000,24.199999847412116,128.0,24.699999465942383,234.52776718139648,1.3794968128204346,1.2872445583343506,237.19450855255127,False
CIFAR100,resnet18,distance_cv_cover,1,distance_cv_cover_1_50b,complete,99,5050,24.119999694824216,182.0,24.859999618530267,236.00027513504028,1.3714840412139893,1.305870771408081,238.67762994766235,False
CIFAR100,resnet18,distance_cv_cover,1,distance_cv_cover_1_50b,complete,100,5050,23.93999984741211,128.0,23.989999771118164,237.1863453388214,1.4065217971801758,0.0,238.5928671360016,False
CIFAR100,resnet18,distance_cv_cover,2,distance_cv_cover_2_50b,complete,-1,50,,,,,,2.630641222000122,2.630641222000122,True
CIFAR100,resnet18,distance_cv_cover,2,distance_cv_cover_2_50b,complete,0,100,5.400000000000006,58.0,5.319999999999993,68.53305649757385,1.387495756149292,1.9221653938293457,71.84271764755249,False
CIFAR100,resnet18,distance_cv_cover,2,distance_cv_cover_2_50b,complete,1,150,7.480000000000004,120.0,7.480000000000004,68.36760234832764,1.422820806503296,1.3075332641601562,71.09795641899109,False
CIFAR100,resnet18,distance_cv_cover,2,distance_cv_cover_2_50b,complete,2,200,9.379999999999995,184.0,8.769999999999996,69.04735326766968,1.4053549766540527,1.2473230361938477,71.70003128051758,False
CIFAR100,resnet18,distance_cv_cover,2,distance_cv_cover_2_50b,complete,3,250,10.900000000000006,158.0,10.670000000000002,72.35224986076355,1.3951919078826904,1.3624494075775146,75.10989117622375,False
CIFAR100,resnet18,distance_cv_cover,2,distance_cv_cover_2_50b,complete,4,300,11.519999999999996,192.0,10.870000000000005,71.98617434501648,1.3690917491912842,1.3157587051391602,74.67102479934692,False
CIFAR100,resnet18,distance_cv_cover,2,distance_cv_cover_2_50b,complete,5,350,12.680000000000007,196.0,12.049999999999997,75.47448992729187,1.4764981269836426,1.2216722965240479,78.17266035079956,False
CIFAR100,resnet18,distance_cv_cover,2,distance_cv_cover_2_50b,complete,6,400,13.120000000000005,110.0,12.480000000000004,75.7432291507721,1.4139797687530518,1.3019959926605225,78.45920491218567,False
CIFAR100,resnet18,distance_cv_cover,2,distance_cv_cover_2_50b,complete,7,450,14.200000000000003,168.0,13.730000000000004,78.7647032737732,1.4161500930786133,1.1741135120391846,81.35496687889099,False
CIFAR100,resnet18,distance_cv_cover,2,distance_cv_cover_2_50b,complete,8,500,14.439999999999998,132.0,14.030000000000001,79.27685117721558,1.4650893211364746,1.1767058372497559,81.9186463356018,False
CIFAR100,resnet18,distance_cv_cover,2,distance_cv_cover_2_50b,complete,9,550,15.319999999999993,156.0,14.560000000000002,82.41237688064575,1.3980798721313477,1.3038220405578613,85.11427879333496,False
CIFAR100,resnet18,distance_cv_cover,2,distance_cv_cover_2_50b,complete,10,600,15.980000000000004,126.0,15.719999999999999,82.6487329006195,1.462707757949829,1.232032060623169,85.3434727191925,False
CIFAR100,resnet18,distance_cv_cover,2,distance_cv_cover_2_50b,complete,11,650,16.439999999999998,136.0,15.879999999999995,85.84729313850403,1.3857014179229736,1.3730170726776123,88.60601162910461,False
CIFAR100,resnet18,distance_cv_cover,2,distance_cv_cover_2_50b,complete,12,700,16.340000000000003,106.0,16.260000000000005,85.78335738182068,1.408336877822876,1.2586534023284912,88.45034766197205,False
CIFAR100,resnet18,distance_cv_cover,2,distance_cv_cover_2_50b,complete,13,750,17.180000000000007,162.0,16.269999999999996,89.45820999145508,1.4127743244171143,1.333580493927002,92.2045648097992,False
CIFAR100,resnet18,distance_cv_cover,2,distance_cv_cover_2_50b,complete,14,800,16.92,108.0,16.78,89.33447289466858,1.525937795639038,1.1748230457305908,92.03523373603821,False
CIFAR100,resnet18,distance_cv_cover,2,distance_cv_cover_2_50b,complete,15,850,17.760000000000005,172.0,17.569999999999993,92.37455654144287,1.482330083847046,1.3065800666809082,95.16346669197083,False
CIFAR100,resnet18,distance_cv_cover,2,distance_cv_cover_2_50b,complete,16,900,18.180000000000007,172.0,17.919999923706058,93.1794421672821,1.397287368774414,1.2308127880096436,95.80754232406616,False
CIFAR100,resnet18,distance_cv_cover,2,distance_cv_cover_2_50b,complete,17,950,18.400000000000006,136.0,18.269999999999996,95.67966103553772,1.4007413387298584,1.3502049446105957,98.43060731887817,False
CIFAR100,resnet18,distance_cv_cover,2,distance_cv_cover_2_50b,complete,18,1000,18.78,98.0,18.439999999999998,95.73109173774719,1.4289631843566895,1.2439677715301514,98.40402269363403,False
CIFAR100,resnet18,distance_cv_cover,2,distance_cv_cover_2_50b,complete,19,1050,19.540000000000006,182.0,19.230000000000004,99.43550276756287,1.5317614078521729,1.1785199642181396,102.14578413963318,False
CIFAR100,resnet18,distance_cv_cover,2,distance_cv_cover_2_50b,complete,20,1100,19.93999984741211,184.0,19.39,99.0377471446991,1.3976249694824219,1.2618825435638428,101.69725465774536,False
CIFAR100,resnet18,distance_cv_cover,2,distance_cv_cover_2_50b,complete,21,1150,19.999999847412113,122.0,19.859999923706056,102.67696046829224,1.386096715927124,1.266106367111206,105.32916355133057,False
CIFAR100,resnet18,distance_cv_cover,2,distance_cv_cover_2_50b,complete,22,1200,21.060000000000002,144.0,20.129999923706052,102.11502957344055,1.4025664329528809,1.2788169384002686,104.7964129447937,False
CIFAR100,resnet18,distance_cv_cover,2,distance_cv_cover_2_50b,complete,23,1250,21.180000000000007,184.0,20.64,105.08217406272888,1.4375779628753662,1.1917753219604492,107.7115273475647,False
CIFAR100,resnet18,distance_cv_cover,2,distance_cv_cover_2_50b,complete,24,1300,21.319999999999993,152.0,21.28999992370605,105.40363216400146,1.3969886302947998,1.289623737335205,108.09024453163147,False
CIFAR100,resnet18,distance_cv_cover,2,distance_cv_cover_2_50b,complete,25,1350,21.279999847412114,200.0,21.12999984741211,108.70742201805115,1.4190654754638672,2.8359692096710205,112.96245670318604,False
CIFAR100,resnet18,distance_cv_cover,2,distance_cv_cover_2_50b,complete,26,1400,21.060000000000002,164.0,21.459999999999994,109.49798583984375,1.457184076309204,1.3084359169006348,112.26360583305359,False
CIFAR100,resnet18,distance_cv_cover,2,distance_cv_cover_2_50b,complete,27,1450,21.239999847412108,162.0,21.730000000000004,112.46517944335938,1.5168640613555908,1.2406601905822754,115.22270369529724,False
CIFAR100,resnet18,distance_cv_cover,2,distance_cv_cover_2_50b,complete,28,1500,21.099999847412107,170.0,21.16999977111817,113.49700117111206,1.376727819442749,1.241114616394043,116.11484360694885,False
CIFAR100,resnet18,distance_cv_cover,2,distance_cv_cover_2_50b,complete,29,1550,21.340000000000003,126.0,21.86999992370606,115.29269433021545,1.3587915897369385,1.3387987613677979,117.99028468132019,False
CIFAR100,resnet18,distance_cv_cover,2,distance_cv_cover_2_50b,complete,30,1600,21.359999694824225,186.0,21.86,115.17757558822632,1.385521650314331,1.3648483753204346,117.92794561386108,False
CIFAR100,resnet18,distance_cv_cover,2,distance_cv_cover_2_50b,complete,31,1650,22.040000000000006,176.0,21.829999771118167,118.73562121391296,1.4092686176300049,1.1988613605499268,121.3437511920929,False
CIFAR100,resnet18,distance_cv_cover,2,distance_cv_cover_2_50b,complete,32,1700,21.480000000000004,188.0,21.639999847412113,119.27275514602661,1.5378198623657227,1.1857099533081055,121.99628496170044,False
CIFAR100,resnet18,distance_cv_cover,2,distance_cv_cover_2_50b,complete,33,1750,22.060000000000002,136.0,22.139999923706057,122.93090438842773,1.3847033977508545,1.2845420837402344,125.60014986991882,False
CIFAR100,resnet18,distance_cv_cover,2,distance_cv_cover_2_50b,complete,34,1800,22.319999847412106,182.0,22.200000000000003,122.25108933448792,1.4563710689544678,1.1731970310211182,124.8806574344635,False
CIFAR100,resnet18,distance_cv_cover,2,distance_cv_cover_2_50b,complete,35,1850,21.72,198.0,21.89,125.7105884552002,1.4179587364196777,1.2782976627349854,128.40684485435486,False
CIFAR100,resnet18,distance_cv_cover,2,distance_cv_cover_2_50b,complete,36,1900,22.5,190.0,22.639999923706057,125.5951406955719,1.390233039855957,1.2881152629852295,128.2734889984131,False
CIFAR100,resnet18,distance_cv_cover,2,distance_cv_cover_2_50b,complete,37,1950,22.319999999999993,160.0,22.28999992370605,129.6437385082245,1.4221105575561523,1.1982929706573486,132.264142036438,False
CIFAR100,resnet18,distance_cv_cover,2,distance_cv_cover_2_50b,complete,38,2000,22.59999938964843,150.0,22.219999923706055,129.39689683914185,1.410919189453125,1.1969842910766602,132.00480031967163,False
CIFAR100,resnet18,distance_cv_cover,2,distance_cv_cover_2_50b,complete,39,2050,21.900000000000006,152.0,22.53999992370605,132.7066354751587,1.4006800651550293,1.3469502925872803,135.454265832901,False
CIFAR100,resnet18,distance_cv_cover,2,distance_cv_cover_2_50b,complete,40,2100,22.639999542236325,196.0,22.139999923706057,132.09540677070618,1.3068933486938477,1.3491003513336182,134.75140047073364,False
CIFAR100,resnet18,distance_cv_cover,2,distance_cv_cover_2_50b,complete,41,2150,22.719999694824224,188.0,22.569999771118162,135.8257508277893,1.4155359268188477,2.607057809829712,139.84834456443787,False
CIFAR100,resnet18,distance_cv_cover,2,distance_cv_cover_2_50b,complete,42,2200,22.86,184.0,22.86999992370606,136.78063893318176,1.500398874282837,1.1822614669799805,139.46329927444458,False
CIFAR100,resnet18,distance_cv_cover,2,distance_cv_cover_2_50b,complete,43,2250,23.039999847412105,164.0,22.949999694824214,141.93126821517944,1.4210834503173828,1.225147008895874,144.5774986743927,False
CIFAR100,resnet18,distance_cv_cover,2,distance_cv_cover_2_50b,complete,44,2300,23.199999694824214,190.0,23.299999771118166,139.27718567848206,1.3422749042510986,1.2717950344085693,141.89125561714172,False
CIFAR100,resnet18,distance_cv_cover,2,distance_cv_cover_2_50b,complete,45,2350,22.979999847412103,158.0,22.89999977111816,142.72690963745117,1.4642086029052734,1.2694478034973145,145.46056604385376,False
CIFAR100,resnet18,distance_cv_cover,2,distance_cv_cover_2_50b,complete,46,2400,23.179999847412105,96.0,22.449999847412116,142.82897925376892,1.3927087783813477,1.1768174171447754,145.39850544929504,False
CIFAR100,resnet18,distance_cv_cover,2,distance_cv_cover_2_50b,complete,47,2450,22.919999847412114,158.0,23.02999946594238,146.2724220752716,1.4155559539794922,1.3178844451904297,149.00586247444153,False
CIFAR100,resnet18,distance_cv_cover,2,distance_cv_cover_2_50b,complete,48,2500,23.22,192.0,22.409999694824222,146.37422275543213,1.37748384475708,1.3677706718444824,149.1194772720337,False
CIFAR100,resnet18,distance_cv_cover,2,distance_cv_cover_2_50b,complete,49,2550,22.900000000000006,198.0,22.67999992370605,149.4955062866211,1.3495800495147705,1.3329651355743408,152.1780514717102,False
CIFAR100,resnet18,distance_cv_cover,2,distance_cv_cover_2_50b,complete,50,2600,23.08,118.0,22.919999923706058,150.37799978256226,1.3807811737060547,1.3307137489318848,153.0894947052002,False
CIFAR100,resnet18,distance_cv_cover,2,distance_cv_cover_2_50b,complete,51,2650,23.340000000000003,112.0,22.909999923706053,152.27599573135376,1.4191641807556152,1.34238862991333,155.0375485420227,False
CIFAR100,resnet18,distance_cv_cover,2,distance_cv_cover_2_50b,complete,52,2700,23.479999694824215,154.0,22.989999771118164,153.76025700569153,1.4882092475891113,1.1889119148254395,156.43737816810608,False
CIFAR100,resnet18,distance_cv_cover,2,distance_cv_cover_2_50b,complete,53,2750,23.59999969482422,154.0,23.32999984741211,156.14966464042664,1.389441728591919,1.9649896621704102,159.50409603118896,False
CIFAR100,resnet18,distance_cv_cover,2,distance_cv_cover_2_50b,complete,54,2800,23.040000000000006,162.0,23.25999977111816,158.49222087860107,1.3191955089569092,1.1890525817871094,161.0004689693451,False
CIFAR100,resnet18,distance_cv_cover,2,distance_cv_cover_2_50b,complete,55,2850,23.639999847412113,200.0,23.369999694824216,161.70777940750122,1.405482530593872,1.1804804801940918,164.29374241828918,False
CIFAR100,resnet18,distance_cv_cover,2,distance_cv_cover_2_50b,complete,56,2900,23.560000000000002,162.0,23.24999977111817,161.23074650764465,1.4022555351257324,1.2926459312438965,163.92564797401428,False
CIFAR100,resnet18,distance_cv_cover,2,distance_cv_cover_2_50b,complete,57,2950,23.419999847412114,170.0,23.019999999999996,164.97332859039307,1.3790500164031982,1.2678370475769043,167.62021565437317,False
CIFAR100,resnet18,distance_cv_cover,2,distance_cv_cover_2_50b,complete,58,3000,23.419999694824213,92.0,23.559999694824214,164.42510795593262,1.383457899093628,1.2623209953308105,167.07088685035706,False
CIFAR100,resnet18,distance_cv_cover,2,distance_cv_cover_2_50b,complete,59,3050,23.37999969482422,160.0,23.59999969482422,168.5890130996704,1.4075124263763428,1.1974782943725586,171.1940038204193,False
CIFAR100,resnet18,distance_cv_cover,2,distance_cv_cover_2_50b,complete,60,3100,23.200000000000003,106.0,23.5,167.92827463150024,1.359466552734375,1.2808804512023926,170.568621635437,False
CIFAR100,resnet18,distance_cv_cover,2,distance_cv_cover_2_50b,complete,61,3150,23.339999847412116,158.0,23.58999961853027,170.49124217033386,1.3266973495483398,1.2574732303619385,173.07541275024414,False
CIFAR100,resnet18,distance_cv_cover,2,distance_cv_cover_2_50b,complete,62,3200,23.899999389648443,120.0,24.419999847412114,170.9135353565216,1.4752705097198486,1.2008519172668457,173.5896577835083,False
CIFAR100,resnet18,distance_cv_cover,2,distance_cv_cover_2_50b,complete,63,3250,24.059999694824214,180.0,23.53,174.04731059074402,1.3889195919036865,1.2777035236358643,176.71393370628357,False
CIFAR100,resnet18,distance_cv_cover,2,distance_cv_cover_2_50b,complete,64,3300,23.759999694824216,158.0,24.19999961853027,174.34355068206787,1.3144512176513672,1.2620022296905518,176.9200041294098,False
CIFAR100,resnet18,distance_cv_cover,2,distance_cv_cover_2_50b,complete,65,3350,23.379999542236334,168.0,23.980000000000004,177.72364044189453,1.3967885971069336,1.2553133964538574,180.37574243545532,False
CIFAR100,resnet18,distance_cv_cover,2,distance_cv_cover_2_50b,complete,66,3400,23.399999694824217,152.0,23.489999771118164,176.87081027030945,1.430685043334961,1.1894347667694092,179.49093008041382,False
CIFAR100,resnet18,distance_cv_cover,2,distance_cv_cover_2_50b,complete,67,3450,23.839999847412116,200.0,24.039999847412105,179.68166995048523,1.396932601928711,1.2536804676055908,182.33228302001953,False
CIFAR100,resnet18,distance_cv_cover,2,distance_cv_cover_2_50b,complete,68,3500,23.219999694824224,134.0,23.83999977111816,181.49986267089844,1.3481531143188477,1.2556066513061523,184.10362243652344,False
CIFAR100,resnet18,distance_cv_cover,2,distance_cv_cover_2_50b,complete,69,3550,23.279999847412114,200.0,23.649999694824217,182.59802293777466,1.3985779285430908,1.25364351272583,185.25024437904358,False
CIFAR100,resnet18,distance_cv_cover,2,distance_cv_cover_2_50b,complete,70,3600,23.979999542236328,190.0,23.269999618530278,183.8616623878479,1.3891143798828125,1.2756588459014893,186.5264356136322,False
CIFAR100,resnet18,distance_cv_cover,2,distance_cv_cover_2_50b,complete,71,3650,23.919999694824213,172.0,23.34999992370605,186.96721935272217,1.3906965255737305,1.2603163719177246,189.61823225021362,False
CIFAR100,resnet18,distance_cv_cover,2,distance_cv_cover_2_50b,complete,72,3700,24.359999542236324,156.0,23.839999694824215,186.89522123336792,1.3973743915557861,1.2660408020019531,189.55863642692566,False
CIFAR100,resnet18,distance_cv_cover,2,distance_cv_cover_2_50b,complete,73,3750,24.61999954223633,192.0,24.35999977111817,191.13497853279114,1.4017844200134277,3.026031970977783,195.56279492378235,False
CIFAR100,resnet18,distance_cv_cover,2,distance_cv_cover_2_50b,complete,74,3800,23.51999969482422,172.0,23.479999847412103,191.16270303726196,1.3585407733917236,1.387880563735962,193.90912437438965,False
CIFAR100,resnet18,distance_cv_cover,2,distance_cv_cover_2_50b,complete,75,3850,23.859999694824225,188.0,23.89999977111816,195.2724220752716,1.3171560764312744,1.651968002319336,198.24154615402222,False
CIFAR100,resnet18,distance_cv_cover,2,distance_cv_cover_2_50b,complete,76,3900,23.700000000000003,184.0,23.82999961853028,193.87825536727905,1.4068989753723145,1.1903736591339111,196.47552800178528,False
CIFAR100,resnet18,distance_cv_cover,2,distance_cv_cover_2_50b,complete,77,3950,23.659999999999997,146.0,24.13999961853027,197.74784803390503,1.4700148105621338,1.2328829765319824,200.45074582099915,False
CIFAR100,resnet18,distance_cv_cover,2,distance_cv_cover_2_50b,complete,78,4000,23.459999999999994,198.0,23.789999618530274,198.06668829917908,1.3895378112792969,1.3954131603240967,200.85163927078247,False
CIFAR100,resnet18,distance_cv_cover,2,distance_cv_cover_2_50b,complete,79,4050,23.419999542236326,114.0,23.369999847412103,199.14983081817627,1.4030306339263916,1.4399757385253906,201.99283719062805,False
CIFAR100,resnet18,distance_cv_cover,2,distance_cv_cover_2_50b,complete,80,4100,23.37999984741211,182.0,23.61999977111816,199.77244019508362,1.4323039054870605,1.3059875965118408,202.51073169708252,False
CIFAR100,resnet18,distance_cv_cover,2,distance_cv_cover_2_50b,complete,81,4150,23.379999999999995,102.0,23.94999992370606,203.54876613616943,1.407564401626587,1.2340996265411377,206.19043016433716,False
CIFAR100,resnet18,distance_cv_cover,2,distance_cv_cover_2_50b,complete,82,4200,23.73999969482422,108.0,23.87999984741211,201.8996295928955,1.3780736923217773,1.3658907413482666,204.64359402656555,False
CIFAR100,resnet18,distance_cv_cover,2,distance_cv_cover_2_50b,complete,83,4250,23.37999969482422,196.0,23.58999992370606,206.67957639694214,1.4233207702636719,1.3542006015777588,209.45709776878357,False
CIFAR100,resnet18,distance_cv_cover,2,distance_cv_cover_2_50b,complete,84,4300,23.719999694824224,198.0,24.52999977111817,205.5952684879303,1.4223504066467285,1.2258336544036865,208.2434525489807,False
CIFAR100,resnet18,distance_cv_cover,2,distance_cv_cover_2_50b,complete,85,4350,23.5,78.0,24.25999977111816,214.91918206214905,1.4835259914398193,1.305959701538086,217.70866775512695,False
CIFAR100,resnet18,distance_cv_cover,2,distance_cv_cover_2_50b,complete,86,4400,23.619999847412103,188.0,24.12999984741211,221.87925577163696,1.444734811782837,1.2046632766723633,224.52865386009216,False
CIFAR100,resnet18,distance_cv_cover,2,distance_cv_cover_2_50b,complete,87,4450,23.739999847412108,144.0,23.659999694824222,227.7975447177887,1.3763322830200195,1.1838908195495605,230.35776782035828,False
CIFAR100,resnet18,distance_cv_cover,2,distance_cv_cover_2_50b,complete,88,4500,23.61999954223633,116.0,23.599999580383297,226.56331086158752,1.5297300815582275,1.187190294265747,229.2802312374115,False
CIFAR100,resnet18,distance_cv_cover,2,distance_cv_cover_2_50b,complete,89,4550,23.239999999999995,148.0,23.769999771118165,232.3458104133606,1.3607909679412842,1.272890567779541,234.97949194908142,False
CIFAR100,resnet18,distance_cv_cover,2,distance_cv_cover_2_50b,complete,90,4600,23.559999694824214,178.0,23.61999954223633,232.44136023521423,1.4348645210266113,1.285104751586914,235.16132950782776,False
CIFAR100,resnet18,distance_cv_cover,2,distance_cv_cover_2_50b,complete,91,4650,23.819999847412106,188.0,24.159999427795412,237.40114212036133,1.4229419231414795,1.274536371231079,240.0986204147339,False
CIFAR100,resnet18,distance_cv_cover,2,distance_cv_cover_2_50b,complete,92,4700,23.95999969482422,114.0,24.35999973297119,234.73332595825195,1.4012422561645508,1.1854963302612305,237.32006454467773,False
CIFAR100,resnet18,distance_cv_cover,2,distance_cv_cover_2_50b,complete,93,4750,23.51999984741211,190.0,24.239999771118164,239.57753109931946,1.403522253036499,1.1996068954467773,242.18066024780273,False
CIFAR100,resnet18,distance_cv_cover,2,distance_cv_cover_2_50b,complete,94,4800,24.119999694824216,96.0,24.419999694824213,239.4084837436676,1.4626820087432861,1.1883504390716553,242.05951619148254,False
CIFAR100,resnet18,distance_cv_cover,2,distance_cv_cover_2_50b,complete,95,4850,23.559999694824214,110.0,24.129999618530277,242.3794527053833,1.4529592990875244,1.2810451984405518,245.11345720291138,False
CIFAR100,resnet18,distance_cv_cover,2,distance_cv_cover_2_50b,complete,96,4900,23.699999694824214,152.0,23.97999977111816,241.2824878692627,1.4234764575958252,1.2903013229370117,243.99626564979553,False
CIFAR100,resnet18,distance_cv_cover,2,distance_cv_cover_2_50b,complete,97,4950,24.339999847412116,172.0,24.53999992370605,246.91071343421936,1.4464480876922607,1.2800912857055664,249.6372528076172,False
CIFAR100,resnet18,distance_cv_cover,2,distance_cv_cover_2_50b,complete,98,5000,23.75999954223633,194.0,24.229999542236328,246.35407710075378,1.3716142177581787,1.1925678253173828,248.91825914382935,False
CIFAR100,resnet18,distance_cv_cover,2,distance_cv_cover_2_50b,complete,99,5050,23.57999984741211,188.0,23.789999618530274,254.2866997718811,1.4315965175628662,1.5008270740509033,257.2191233634949,False
CIFAR100,resnet18,distance_cv_cover,2,distance_cv_cover_2_50b,complete,100,5050,23.919999694824213,160.0,24.95999992370605,252.9304223060608,1.4782397747039795,0.0,254.40866208076477,False
CIFAR100,resnet18,distance_cv_cover,3,distance_cv_cover_3_50b,complete,-1,50,,,,,,1.4235248565673828,1.4235248565673828,True
CIFAR100,resnet18,distance_cv_cover,3,distance_cv_cover_3_50b,complete,0,100,4.159999999999997,158.0,4.75,70.90456295013428,1.4550273418426514,1.314378261566162,73.67396855354309,False
CIFAR100,resnet18,distance_cv_cover,3,distance_cv_cover_3_50b,complete,1,150,7.560000000000002,82.0,7.540000000000006,71.18761038780212,1.3880085945129395,1.3102915287017822,73.88591051101685,False
CIFAR100,resnet18,distance_cv_cover,3,distance_cv_cover_3_50b,complete,2,200,8.920000000000002,124.0,8.700000000000003,71.19893980026245,1.4189832210540771,1.246048927307129,73.86397194862366,False
CIFAR100,resnet18,distance_cv_cover,3,distance_cv_cover_3_50b,complete,3,250,10.0,82.0,9.939999999999998,75.4468629360199,1.3855438232421875,1.4688150882720947,78.30122184753418,False
CIFAR100,resnet18,distance_cv_cover,3,distance_cv_cover_3_50b,complete,4,300,11.280000000000001,66.0,10.810000000000002,74.7835853099823,1.4729375839233398,1.3780813217163086,77.63460421562195,False
CIFAR100,resnet18,distance_cv_cover,3,distance_cv_cover_3_50b,complete,5,350,12.700000000000003,196.0,12.079999999999998,78.88041687011719,1.4788424968719482,1.388495683670044,81.74775505065918,False
CIFAR100,resnet18,distance_cv_cover,3,distance_cv_cover_3_50b,complete,6,400,13.219999999999999,48.0,12.900000000000006,78.71172142028809,1.501990795135498,1.3605315685272217,81.5742437839508,False
CIFAR100,resnet18,distance_cv_cover,3,distance_cv_cover_3_50b,complete,7,450,14.719999999999999,118.0,14.209999999999994,82.63920998573303,1.597808599472046,1.288830280303955,85.52584886550903,False
CIFAR100,resnet18,distance_cv_cover,3,distance_cv_cover_3_50b,complete,8,500,14.439999999999998,126.0,14.230000000000004,83.17574143409729,1.475306749343872,1.446747064590454,86.09779524803162,False
CIFAR100,resnet18,distance_cv_cover,3,distance_cv_cover_3_50b,complete,9,550,15.36,128.0,14.879999999999995,86.4782042503357,1.453601598739624,1.4024293422698975,89.33423519134521,False
CIFAR100,resnet18,distance_cv_cover,3,distance_cv_cover_3_50b,complete,10,600,16.180000000000007,164.0,15.920000000000002,86.16186928749084,1.4891228675842285,1.395683765411377,89.04667592048645,False
CIFAR100,resnet18,distance_cv_cover,3,distance_cv_cover_3_50b,complete,11,650,16.299999999999997,198.0,16.14,89.60552382469177,1.5561566352844238,1.3364312648773193,92.49811172485352,False
CIFAR100,resnet18,distance_cv_cover,3,distance_cv_cover_3_50b,complete,12,700,16.939999999999998,182.0,16.560000000000002,89.96537351608276,1.4708807468414307,1.2940759658813477,92.73033022880554,False
CIFAR100,resnet18,distance_cv_cover,3,distance_cv_cover_3_50b,complete,13,750,17.519999999999996,176.0,17.090000000000003,94.25879836082458,1.457695484161377,1.3935844898223877,97.11007833480835,False
CIFAR100,resnet18,distance_cv_cover,3,distance_cv_cover_3_50b,complete,14,800,17.5,190.0,17.349999999999994,93.98950982093811,1.4609463214874268,1.4050850868225098,96.85554122924805,False
CIFAR100,resnet18,distance_cv_cover,3,distance_cv_cover_3_50b,complete,15,850,17.840000000000003,90.0,18.17,97.7123510837555,1.4872987270355225,1.4000492095947266,100.59969902038574,False
CIFAR100,resnet18,distance_cv_cover,3,distance_cv_cover_3_50b,complete,16,900,17.939999999999998,172.0,17.620000000000005,97.33639478683472,1.415449857711792,1.4037294387817383,100.15557408332825,False
CIFAR100,resnet18,distance_cv_cover,3,distance_cv_cover_3_50b,complete,17,950,18.239999999999995,142.0,18.510000000000005,101.2050712108612,1.4433879852294922,1.390782117843628,104.03924131393433,False
CIFAR100,resnet18,distance_cv_cover,3,distance_cv_cover_3_50b,complete,18,1000,19.36,80.0,19.0,100.8101954460144,1.4993305206298828,1.3816416263580322,103.69116759300232,False
CIFAR100,resnet18,distance_cv_cover,3,distance_cv_cover_3_50b,complete,19,1050,19.43999984741211,162.0,18.980000000000004,103.93217420578003,1.4426705837249756,1.2890429496765137,106.66388773918152,False
CIFAR100,resnet18,distance_cv_cover,3,distance_cv_cover_3_50b,complete,20,1100,19.86,190.0,20.149999923706048,104.72617650032043,1.4003379344940186,1.317443609237671,107.44395804405212,False
CIFAR100,resnet18,distance_cv_cover,3,distance_cv_cover_3_50b,complete,21,1150,20.499999847412113,84.0,20.680000000000007,108.84269881248474,1.543778896331787,1.3448216915130615,111.73129940032959,False
CIFAR100,resnet18,distance_cv_cover,3,distance_cv_cover_3_50b,complete,22,1200,20.539999694824218,158.0,20.159999923706053,108.02758240699768,1.4821417331695557,1.3301186561584473,110.83984279632568,False
CIFAR100,resnet18,distance_cv_cover,3,distance_cv_cover_3_50b,complete,23,1250,21.119999847412103,172.0,20.840000000000003,111.2619640827179,1.4399113655090332,1.3133974075317383,114.01527285575867,False
CIFAR100,resnet18,distance_cv_cover,3,distance_cv_cover_3_50b,complete,24,1300,21.099999847412107,200.0,21.36999992370606,111.83017158508301,1.4356248378753662,1.301152229309082,114.56694865226746,False
CIFAR100,resnet18,distance_cv_cover,3,distance_cv_cover_3_50b,complete,25,1350,21.539999694824218,186.0,21.68999984741211,115.50055503845215,1.474518060684204,1.3091251850128174,118.28419828414917,False
CIFAR100,resnet18,distance_cv_cover,3,distance_cv_cover_3_50b,complete,26,1400,21.299999999999997,186.0,21.299999694824223,115.2251524925232,1.4573781490325928,1.2992613315582275,117.98179197311401,False
CIFAR100,resnet18,distance_cv_cover,3,distance_cv_cover_3_50b,complete,27,1450,21.36,152.0,21.419999923706058,119.00319504737854,1.4042675495147705,1.3965656757354736,121.80402827262878,False
CIFAR100,resnet18,distance_cv_cover,3,distance_cv_cover_3_50b,complete,28,1500,21.08,178.0,21.769999923706052,120.80564713478088,1.419281005859375,1.3965823650360107,123.62151050567627,False
CIFAR100,resnet18,distance_cv_cover,3,distance_cv_cover_3_50b,complete,29,1550,21.21999984741211,140.0,21.28,124.02927756309509,1.4374518394470215,1.4025933742523193,126.86932277679443,False
CIFAR100,resnet18,distance_cv_cover,3,distance_cv_cover_3_50b,complete,30,1600,21.51999969482422,192.0,21.549999999999997,122.90611696243286,1.4085471630096436,1.2787754535675049,125.59343957901001,False
CIFAR100,resnet18,distance_cv_cover,3,distance_cv_cover_3_50b,complete,31,1650,21.619999694824216,150.0,21.97999977111816,127.45310139656067,1.4746978282928467,1.3681674003601074,130.29596662521362,False
CIFAR100,resnet18,distance_cv_cover,3,distance_cv_cover_3_50b,complete,32,1700,21.840000000000003,180.0,21.83999992370606,127.13599634170532,1.4316213130950928,1.2615950107574463,129.82921266555786,False
CIFAR100,resnet18,distance_cv_cover,3,distance_cv_cover_3_50b,complete,33,1750,21.480000000000004,160.0,22.459999847412107,130.85630249977112,1.4574244022369385,1.4005179405212402,133.7142448425293,False
CIFAR100,resnet18,distance_cv_cover,3,distance_cv_cover_3_50b,complete,34,1800,22.14,168.0,22.389999923706057,130.44201135635376,1.4468672275543213,1.3866424560546875,133.27552103996277,False
CIFAR100,resnet18,distance_cv_cover,3,distance_cv_cover_3_50b,complete,35,1850,21.37999984741211,104.0,21.849999999999994,133.70648288726807,1.4774353504180908,1.3092026710510254,136.49312090873718,False
CIFAR100,resnet18,distance_cv_cover,3,distance_cv_cover_3_50b,complete,36,1900,22.15999984741211,150.0,22.11,135.39139413833618,1.517028570175171,1.2907676696777344,138.1991903781891,False
CIFAR100,resnet18,distance_cv_cover,3,distance_cv_cover_3_50b,complete,37,1950,22.339999694824215,180.0,21.930000000000007,138.1269600391388,1.4584031105041504,1.379396677017212,140.96475982666016,False
CIFAR100,resnet18,distance_cv_cover,3,distance_cv_cover_3_50b,complete,38,2000,22.319999847412106,176.0,22.779999847412114,138.43756294250488,1.4790153503417969,1.31290864944458,141.22948694229126,False
CIFAR100,resnet18,distance_cv_cover,3,distance_cv_cover_3_50b,complete,39,2050,22.319999999999993,126.0,22.629999923706052,142.3140425682068,1.467538833618164,1.221921443939209,145.00350284576416,False
CIFAR100,resnet18,distance_cv_cover,3,distance_cv_cover_3_50b,complete,40,2100,22.419999542236326,182.0,22.419999923706058,141.8948791027069,1.475954532623291,1.3110458850860596,144.68187952041626,False
CIFAR100,resnet18,distance_cv_cover,3,distance_cv_cover_3_50b,complete,41,2150,22.36,200.0,22.90999961853028,147.06781721115112,1.4586877822875977,1.4822137355804443,150.00871872901917,False
CIFAR100,resnet18,distance_cv_cover,3,distance_cv_cover_3_50b,complete,42,2200,22.659999389648434,186.0,22.75999977111816,145.68699097633362,1.4548447132110596,1.3409500122070312,148.4827857017517,False
CIFAR100,resnet18,distance_cv_cover,3,distance_cv_cover_3_50b,complete,43,2250,22.299999999999997,92.0,22.609999923706056,150.63839077949524,1.4818742275238037,1.383756399154663,153.5040214061737,False
CIFAR100,resnet18,distance_cv_cover,3,distance_cv_cover_3_50b,complete,44,2300,22.859999847412112,130.0,23.129999771118165,149.33570218086243,1.4709093570709229,1.3848512172698975,152.19146275520325,False
CIFAR100,resnet18,distance_cv_cover,3,distance_cv_cover_3_50b,complete,45,2350,22.779999694824212,196.0,23.219999694824224,152.80483746528625,1.3556640148162842,1.2868905067443848,155.44739198684692,False
CIFAR100,resnet18,distance_cv_cover,3,distance_cv_cover_3_50b,complete,46,2400,23.279999694824212,188.0,23.319999999999993,154.90642261505127,1.5938551425933838,1.2895762920379639,157.78985404968262,False
CIFAR100,resnet18,distance_cv_cover,3,distance_cv_cover_3_50b,complete,47,2450,23.0,136.0,23.29999984741211,159.16839599609375,1.473198413848877,1.405808448791504,162.04740285873413,False
CIFAR100,resnet18,distance_cv_cover,3,distance_cv_cover_3_50b,complete,48,2500,22.839999847412116,180.0,22.999999694824226,159.08969926834106,1.4531753063201904,1.2998003959655762,161.84267497062683,False
CIFAR100,resnet18,distance_cv_cover,3,distance_cv_cover_3_50b,complete,49,2550,22.759999847412104,120.0,22.619999847412103,161.62130093574524,1.8831896781921387,1.4351544380187988,164.93964505195618,False
CIFAR100,resnet18,distance_cv_cover,3,distance_cv_cover_3_50b,complete,50,2600,22.99999923706055,132.0,23.23999969482422,162.1173369884491,1.6125884056091309,1.2046377658843994,164.93456315994263,False
CIFAR100,resnet18,distance_cv_cover,3,distance_cv_cover_3_50b,complete,51,2650,22.799999694824223,172.0,23.149999923706048,165.30645537376404,1.5249767303466797,1.3025612831115723,168.1339933872223,False
CIFAR100,resnet18,distance_cv_cover,3,distance_cv_cover_3_50b,complete,52,2700,22.939999999999998,178.0,23.199999847412116,165.4650228023529,1.4266290664672852,1.305091381072998,168.1967432498932,False
CIFAR100,resnet18,distance_cv_cover,3,distance_cv_cover_3_50b,complete,53,2750,22.95999969482422,198.0,22.919999847412114,168.61024069786072,1.452038049697876,1.3033998012542725,171.36567854881287,False
CIFAR100,resnet18,distance_cv_cover,3,distance_cv_cover_3_50b,complete,54,2800,23.400000000000006,180.0,23.229999542236328,168.7276210784912,1.4828464984893799,1.3031108379364014,171.513578414917,False
CIFAR100,resnet18,distance_cv_cover,3,distance_cv_cover_3_50b,complete,55,2850,23.480000000000004,166.0,23.79999954223632,171.2867624759674,1.4305555820465088,1.3038902282714844,174.0212082862854,False
CIFAR100,resnet18,distance_cv_cover,3,distance_cv_cover_3_50b,complete,56,2900,23.0,154.0,23.309999694824214,172.76403522491455,1.4911115169525146,1.2946841716766357,175.5498309135437,False
CIFAR100,resnet18,distance_cv_cover,3,distance_cv_cover_3_50b,complete,57,2950,23.259999618530273,112.0,23.32999961853028,175.89461612701416,1.4406025409698486,1.2894556522369385,178.62467432022095,False
CIFAR100,resnet18,distance_cv_cover,3,distance_cv_cover_3_50b,complete,58,3000,23.239999847412108,150.0,23.87999984741211,176.12144708633423,1.4497134685516357,1.357633113861084,178.92879366874695,False
CIFAR100,resnet18,distance_cv_cover,3,distance_cv_cover_3_50b,complete,59,3050,23.359999694824225,190.0,23.97999977111816,178.8079493045807,1.4580373764038086,1.396101951599121,181.66208863258362,False
CIFAR100,resnet18,distance_cv_cover,3,distance_cv_cover_3_50b,complete,60,3100,23.760000000000005,146.0,24.119999694824216,179.1667718887329,1.4243102073669434,1.4615278244018555,182.0526099205017,False
CIFAR100,resnet18,distance_cv_cover,3,distance_cv_cover_3_50b,complete,61,3150,23.43999984741211,136.0,23.889999847412113,183.03826427459717,1.4438977241516113,1.397993564605713,185.8801555633545,False
CIFAR100,resnet18,distance_cv_cover,3,distance_cv_cover_3_50b,complete,62,3200,23.339999694824215,184.0,24.159999542236335,183.01281261444092,1.4620966911315918,1.3945224285125732,185.86943173408508,False
CIFAR100,resnet18,distance_cv_cover,3,distance_cv_cover_3_50b,complete,63,3250,23.579999694824224,190.0,23.659999694824222,186.15232634544373,1.4827067852020264,1.2726283073425293,188.90766143798828,False
CIFAR100,resnet18,distance_cv_cover,3,distance_cv_cover_3_50b,complete,64,3300,23.58,178.0,23.399999618530273,189.4395468235016,1.7134065628051758,1.4229955673217773,192.57594895362854,False
CIFAR100,resnet18,distance_cv_cover,3,distance_cv_cover_3_50b,complete,65,3350,23.899999694824217,164.0,23.799999771118166,189.79498624801636,1.45161771774292,1.3245584964752197,192.5711624622345,False
CIFAR100,resnet18,distance_cv_cover,3,distance_cv_cover_3_50b,complete,66,3400,23.839999847412116,124.0,23.409999542236335,187.98677325248718,1.4232139587402344,1.3005962371826172,190.71058344841003,False
CIFAR100,resnet18,distance_cv_cover,3,distance_cv_cover_3_50b,complete,67,3450,23.519999999999996,144.0,23.55999992370606,193.32994890213013,1.4046916961669922,1.2091891765594482,195.94382977485657,False
CIFAR100,resnet18,distance_cv_cover,3,distance_cv_cover_3_50b,complete,68,3500,23.739999389648432,160.0,23.97999961853027,192.62248396873474,1.4503271579742432,1.3167829513549805,195.38959407806396,False
CIFAR100,resnet18,distance_cv_cover,3,distance_cv_cover_3_50b,complete,69,3550,23.73999969482422,144.0,23.83999977111816,197.4219560623169,1.3765125274658203,1.321760892868042,200.12022948265076,False
CIFAR100,resnet18,distance_cv_cover,3,distance_cv_cover_3_50b,complete,70,3600,23.65999984741211,190.0,23.999999694824226,197.38157773017883,1.4605259895324707,1.215008020401001,200.0571117401123,False
CIFAR100,resnet18,distance_cv_cover,3,distance_cv_cover_3_50b,complete,71,3650,24.079999694824224,198.0,24.52999961853027,200.72606801986694,1.4137980937957764,1.2171216011047363,203.35698771476746,False
CIFAR100,resnet18,distance_cv_cover,3,distance_cv_cover_3_50b,complete,72,3700,24.439999694824223,194.0,24.36999954223633,201.77020454406738,1.5072786808013916,1.4960131645202637,204.77349638938904,False
CIFAR100,resnet18,distance_cv_cover,3,distance_cv_cover_3_50b,complete,73,3750,23.779999847412114,184.0,24.22999961853027,205.16850900650024,1.3946399688720703,1.309089183807373,207.8722381591797,False
CIFAR100,resnet18,distance_cv_cover,3,distance_cv_cover_3_50b,complete,74,3800,24.199999542236327,196.0,23.989999542236333,205.72284269332886,1.450779914855957,1.3107459545135498,208.48436856269836,False
CIFAR100,resnet18,distance_cv_cover,3,distance_cv_cover_3_50b,complete,75,3850,24.75999954223633,178.0,25.18999961853028,207.39010453224182,1.4491543769836426,1.2245116233825684,210.06377053260803,False
CIFAR100,resnet18,distance_cv_cover,3,distance_cv_cover_3_50b,complete,76,3900,24.339999542236328,148.0,24.18999961853028,207.538920879364,1.4489812850952148,1.309990644454956,210.29789280891418,False
CIFAR100,resnet18,distance_cv_cover,3,distance_cv_cover_3_50b,complete,77,3950,24.499999389648437,154.0,24.659999694824222,211.29255151748657,1.3493492603302002,1.3070662021636963,213.94896697998047,False
CIFAR100,resnet18,distance_cv_cover,3,distance_cv_cover_3_50b,complete,78,4000,23.659999999999997,176.0,24.859999618530267,212.82790684700012,1.4621424674987793,1.2839293479919434,215.57397866249084,False
CIFAR100,resnet18,distance_cv_cover,3,distance_cv_cover_3_50b,complete,79,4050,24.51999984741211,166.0,25.149999923706048,214.20703125,1.4378626346588135,1.2839388847351074,216.92883276939392,False
CIFAR100,resnet18,distance_cv_cover,3,distance_cv_cover_3_50b,complete,80,4100,23.939999999999998,130.0,24.679999771118162,216.92570614814758,1.4207684993743896,1.3377845287322998,219.68425917625427,False
CIFAR100,resnet18,distance_cv_cover,3,distance_cv_cover_3_50b,complete,81,4150,24.14,142.0,24.609999618530267,220.30854105949402,1.4295330047607422,1.2933130264282227,223.03138709068298,False
CIFAR100,resnet18,distance_cv_cover,3,distance_cv_cover_3_50b,complete,82,4200,23.939999694824223,198.0,24.44999938964844,219.0357165336609,1.449986219406128,1.567138671875,222.05284142494202,False
CIFAR100,resnet18,distance_cv_cover,3,distance_cv_cover_3_50b,complete,83,4250,24.139999694824212,166.0,24.31999969482422,223.26839923858643,1.4992625713348389,1.3993926048278809,226.16705441474915,False
CIFAR100,resnet18,distance_cv_cover,3,distance_cv_cover_3_50b,complete,84,4300,24.53999954223633,118.0,24.789999885559084,224.0475947856903,1.3886351585388184,2.359976053237915,227.79620599746704,False
CIFAR100,resnet18,distance_cv_cover,3,distance_cv_cover_3_50b,complete,85,4350,24.359999542236324,136.0,24.41999965667725,228.7952151298523,1.44663405418396,1.2787237167358398,231.5205729007721,False
CIFAR100,resnet18,distance_cv_cover,3,distance_cv_cover_3_50b,complete,86,4400,24.680000000000007,140.0,24.839999465942384,229.62942099571228,1.4457759857177734,1.405930519104004,232.48112750053406,False
CIFAR100,resnet18,distance_cv_cover,3,distance_cv_cover_3_50b,complete,87,4450,23.87999984741211,98.0,24.519999504089355,234.0900421142578,1.4536094665527344,1.4232697486877441,236.9669213294983,False
CIFAR100,resnet18,distance_cv_cover,3,distance_cv_cover_3_50b,complete,88,4500,24.419999847412114,184.0,24.619999694824216,231.9352262020111,1.4403634071350098,1.5250244140625,234.90061402320862,False
CIFAR100,resnet18,distance_cv_cover,3,distance_cv_cover_3_50b,complete,89,4550,23.57999984741211,160.0,24.939999389648435,236.60331988334656,1.451305866241455,1.5042669773101807,239.5588927268982,False
CIFAR100,resnet18,distance_cv_cover,3,distance_cv_cover_3_50b,complete,90,4600,24.03999954223633,200.0,24.549999771118166,237.83153295516968,1.5468924045562744,1.4059967994689941,240.78442215919495,False
CIFAR100,resnet18,distance_cv_cover,3,distance_cv_cover_3_50b,complete,91,4650,24.01999969482422,140.0,24.959999542236332,241.08295345306396,1.4942469596862793,1.2998380661010742,243.87703847885132,False
CIFAR100,resnet18,distance_cv_cover,3,distance_cv_cover_3_50b,complete,92,4700,24.31999954223633,64.0,25.239999618530277,241.68801832199097,1.4432218074798584,1.2745490074157715,244.4057891368866,False
CIFAR100,resnet18,distance_cv_cover,3,distance_cv_cover_3_50b,complete,93,4750,24.579999542236322,184.0,24.589999465942384,245.14465951919556,1.435549259185791,1.3012638092041016,247.88147258758545,False
CIFAR100,resnet18,distance_cv_cover,3,distance_cv_cover_3_50b,complete,94,4800,24.83999938964844,134.0,25.729999580383307,246.64059209823608,1.4392101764678955,1.4140162467956543,249.49381852149963,False
CIFAR100,resnet18,distance_cv_cover,3,distance_cv_cover_3_50b,complete,95,4850,23.979999847412103,170.0,24.499999618530268,248.16654920578003,1.5725171566009521,1.3278100490570068,251.066876411438,False
CIFAR100,resnet18,distance_cv_cover,3,distance_cv_cover_3_50b,complete,96,4900,24.340000000000003,198.0,24.769999542236334,248.8074061870575,1.4631125926971436,1.5158905982971191,251.78640937805176,False
CIFAR100,resnet18,distance_cv_cover,3,distance_cv_cover_3_50b,complete,97,4950,24.679999847412105,190.0,24.81999954223633,251.57654929161072,1.413620948791504,1.3859305381774902,254.3761007785797,False
CIFAR100,resnet18,distance_cv_cover,3,distance_cv_cover_3_50b,complete,98,5000,24.120000000000005,126.0,24.379999771118165,253.17335987091064,1.4768786430358887,1.3979156017303467,256.0481541156769,False
CIFAR100,resnet18,distance_cv_cover,3,distance_cv_cover_3_50b,complete,99,5050,24.299999389648434,86.0,25.149999618530273,257.9178500175476,1.472902536392212,1.319518804550171,260.71027135849,False
CIFAR100,resnet18,distance_cv_cover,3,distance_cv_cover_3_50b,complete,100,5050,25.41999938964844,158.0,25.029999542236325,256.5130183696747,1.3797333240509033,0.0,257.8927516937256,False
CIFAR100,resnet18,distance_cv_cover,4,distance_cv_cover_4_50b,complete,-1,50,,,,,,1.480419635772705,1.480419635772705,True
CIFAR100,resnet18,distance_cv_cover,4,distance_cv_cover_4_50b,complete,0,100,5.400000000000006,154.0,5.599999999999994,71.47680354118347,1.455054521560669,1.45133376121521,74.38319182395935,False
CIFAR100,resnet18,distance_cv_cover,4,distance_cv_cover_4_50b,complete,1,150,7.840000000000003,64.0,7.659999999999997,71.98646974563599,1.444014072418213,1.342858076095581,74.77334189414978,False
CIFAR100,resnet18,distance_cv_cover,4,distance_cv_cover_4_50b,complete,2,200,8.939999999999998,142.0,8.760000000000005,72.23313117027283,1.4478740692138672,2.838674545288086,76.51967978477478,False
CIFAR100,resnet18,distance_cv_cover,4,distance_cv_cover_4_50b,complete,3,250,10.540000000000006,190.0,10.090000000000003,76.12995076179504,1.480161428451538,1.7271268367767334,79.33723902702332,False
CIFAR100,resnet18,distance_cv_cover,4,distance_cv_cover_4_50b,complete,4,300,11.219999999999999,120.0,11.469999999999999,76.30419659614563,1.4761524200439453,2.490762233734131,80.2711112499237,False
CIFAR100,resnet18,distance_cv_cover,4,distance_cv_cover_4_50b,complete,5,350,12.239999999999995,116.0,11.769999999999996,79.88355565071106,1.4065463542938232,1.657465934753418,82.9475679397583,False
CIFAR100,resnet18,distance_cv_cover,4,distance_cv_cover_4_50b,complete,6,400,13.239999999999995,174.0,12.64,79.41877007484436,1.5817646980285645,1.3290581703186035,82.32959294319153,False
CIFAR100,resnet18,distance_cv_cover,4,distance_cv_cover_4_50b,complete,7,450,14.280000000000001,152.0,13.950000000000003,83.56608414649963,1.4615504741668701,1.226499080657959,86.25413370132446,False
CIFAR100,resnet18,distance_cv_cover,4,distance_cv_cover_4_50b,complete,8,500,14.939999999999998,162.0,14.540000000000006,83.60020232200623,1.4867613315582275,2.823652505874634,87.91061615943909,False
CIFAR100,resnet18,distance_cv_cover,4,distance_cv_cover_4_50b,complete,9,550,15.459999999999994,114.0,15.069999999999993,86.96434593200684,1.536039113998413,1.4619715213775635,89.96235656738281,False
CIFAR100,resnet18,distance_cv_cover,4,distance_cv_cover_4_50b,complete,10,600,15.760000000000005,176.0,15.480000000000004,86.91624999046326,1.5025262832641602,1.4084506034851074,89.82722687721252,False
CIFAR100,resnet18,distance_cv_cover,4,distance_cv_cover_4_50b,complete,11,650,16.120000000000005,94.0,15.780000000000001,91.28354477882385,1.4523077011108398,1.4670932292938232,94.20294570922852,False
CIFAR100,resnet18,distance_cv_cover,4,distance_cv_cover_4_50b,complete,12,700,16.980000000000004,176.0,16.42,91.03965783119202,1.4521820545196533,1.406843900680542,93.89868378639221,False
CIFAR100,resnet18,distance_cv_cover,4,distance_cv_cover_4_50b,complete,13,750,17.200000000000003,110.0,16.61,94.68746638298035,1.4075531959533691,1.5763535499572754,97.67137312889099,False
CIFAR100,resnet18,distance_cv_cover,4,distance_cv_cover_4_50b,complete,14,800,17.439999999999998,178.0,16.840000000000003,94.37816953659058,1.4352962970733643,2.5588345527648926,98.37230038642883,False
CIFAR100,resnet18,distance_cv_cover,4,distance_cv_cover_4_50b,complete,15,850,17.72,186.0,17.310000000000002,98.18579745292664,1.4838833808898926,1.4561963081359863,101.12587714195251,False
CIFAR100,resnet18,distance_cv_cover,4,distance_cv_cover_4_50b,complete,16,900,18.08,158.0,17.799999999999997,98.43575167655945,1.4521713256835938,1.3437635898590088,101.23168659210205,False
CIFAR100,resnet18,distance_cv_cover,4,distance_cv_cover_4_50b,complete,17,950,18.739999999999995,112.0,18.56999992370605,101.87836623191833,1.473917007446289,2.460906982421875,105.8131902217865,False
CIFAR100,resnet18,distance_cv_cover,4,distance_cv_cover_4_50b,complete,18,1000,18.519999999999996,176.0,18.700000000000003,101.69024896621704,1.457343578338623,1.3180747032165527,104.46566724777222,False
CIFAR100,resnet18,distance_cv_cover,4,distance_cv_cover_4_50b,complete,19,1050,19.180000000000007,106.0,18.879999999999995,105.9125144481659,1.462045669555664,1.5638058185577393,108.9383659362793,False
CIFAR100,resnet18,distance_cv_cover,4,distance_cv_cover_4_50b,complete,20,1100,19.319999999999993,198.0,19.459999999999994,105.75634264945984,1.487928867340088,1.3207790851593018,108.56505060195923,False
CIFAR100,resnet18,distance_cv_cover,4,distance_cv_cover_4_50b,complete,21,1150,20.08,142.0,19.75999992370606,110.04724717140198,1.4616754055023193,1.495751142501831,113.00467371940613,False
CIFAR100,resnet18,distance_cv_cover,4,distance_cv_cover_4_50b,complete,22,1200,20.560000000000002,100.0,20.239999999999995,109.38554453849792,1.4686272144317627,1.549321174621582,112.40349292755127,False
CIFAR100,resnet18,distance_cv_cover,4,distance_cv_cover_4_50b,complete,23,1250,21.040000000000006,78.0,21.03999992370605,113.81720495223999,1.451049566268921,2.416464328765869,117.68471884727478,False
CIFAR100,resnet18,distance_cv_cover,4,distance_cv_cover_4_50b,complete,24,1300,21.08,178.0,21.099999999999994,113.9118070602417,1.439293384552002,1.4130406379699707,116.76414108276367,False
CIFAR100,resnet18,distance_cv_cover,4,distance_cv_cover_4_50b,complete,25,1350,21.699999847412116,148.0,21.299999923706054,115.98368453979492,1.4552648067474365,1.4619336128234863,118.90088295936584,False
CIFAR100,resnet18,distance_cv_cover,4,distance_cv_cover_4_50b,complete,26,1400,21.680000000000007,164.0,21.439999771118167,118.16364979743958,1.4491472244262695,1.4926369190216064,121.10543394088745,False
CIFAR100,resnet18,distance_cv_cover,4,distance_cv_cover_4_50b,complete,27,1450,21.599999999999994,116.0,21.399999923706048,121.50715041160583,1.45308256149292,2.393402576446533,125.35363554954529,False
CIFAR100,resnet18,distance_cv_cover,4,distance_cv_cover_4_50b,complete,28,1500,21.700000000000003,200.0,21.31999992370605,121.41005373001099,1.5232999324798584,2.3031370639801025,125.23649072647095,False
CIFAR100,resnet18,distance_cv_cover,4,distance_cv_cover_4_50b,complete,29,1550,22.199999847412116,164.0,21.45999992370605,123.91334438323975,1.5175292491912842,1.4917562007904053,126.92262983322144,False
CIFAR100,resnet18,distance_cv_cover,4,distance_cv_cover_4_50b,complete,30,1600,21.439999694824223,178.0,21.189999923706054,124.01588535308838,1.4864788055419922,1.4254448413848877,126.92780900001526,False
CIFAR100,resnet18,distance_cv_cover,4,distance_cv_cover_4_50b,complete,31,1650,21.42,174.0,21.57999984741211,129.16665983200073,1.4705586433410645,1.9470696449279785,132.58428812026978,False
CIFAR100,resnet18,distance_cv_cover,4,distance_cv_cover_4_50b,complete,32,1700,22.14,162.0,21.379999999999995,127.42959356307983,1.4513108730316162,1.5790619850158691,130.45996642112732,False
CIFAR100,resnet18,distance_cv_cover,4,distance_cv_cover_4_50b,complete,33,1750,22.08,174.0,21.609999847412112,131.6257336139679,1.558180809020996,1.4764373302459717,134.66035175323486,False
CIFAR100,resnet18,distance_cv_cover,4,distance_cv_cover_4_50b,complete,34,1800,22.200000000000003,160.0,22.63999977111817,132.30820083618164,1.4263622760772705,1.5224249362945557,135.25698804855347,False
CIFAR100,resnet18,distance_cv_cover,4,distance_cv_cover_4_50b,complete,35,1850,22.620000000000005,126.0,22.249999923706056,136.8826985359192,1.4960262775421143,1.416724681854248,139.79544949531555,False
CIFAR100,resnet18,distance_cv_cover,4,distance_cv_cover_4_50b,complete,36,1900,22.200000000000003,176.0,22.09999992370605,136.21746277809143,1.5114872455596924,1.4547274112701416,139.18367743492126,False
CIFAR100,resnet18,distance_cv_cover,4,distance_cv_cover_4_50b,complete,37,1950,22.639999542236325,162.0,22.309999847412115,138.5731589794159,1.4751005172729492,1.418172836303711,141.46643233299255,False
CIFAR100,resnet18,distance_cv_cover,4,distance_cv_cover_4_50b,complete,38,2000,22.919999847412114,160.0,22.569999847412106,139.054283618927,1.4252619743347168,2.213742256164551,142.69328784942627,False
CIFAR100,resnet18,distance_cv_cover,4,distance_cv_cover_4_50b,complete,39,2050,22.319999847412106,200.0,22.389999847412113,143.90511918067932,1.4505672454833984,1.3230020999908447,146.67868852615356,False
CIFAR100,resnet18,distance_cv_cover,4,distance_cv_cover_4_50b,complete,40,2100,22.759999847412104,152.0,22.579999923706055,144.74207210540771,1.3409428596496582,2.0728025436401367,148.1558175086975,False
CIFAR100,resnet18,distance_cv_cover,4,distance_cv_cover_4_50b,complete,41,2150,22.71999984741211,150.0,22.59999992370605,147.41551756858826,1.468135118484497,2.643099069595337,151.5267517566681,False
CIFAR100,resnet18,distance_cv_cover,4,distance_cv_cover_4_50b,complete,42,2200,23.159999999999997,164.0,23.359999923706056,147.0880913734436,1.4466423988342285,1.4690093994140625,150.0037431716919,False
CIFAR100,resnet18,distance_cv_cover,4,distance_cv_cover_4_50b,complete,43,2250,23.239999847412108,154.0,22.919999694824213,151.35122156143188,1.5102643966674805,1.4792211055755615,154.34070706367493,False
CIFAR100,resnet18,distance_cv_cover,4,distance_cv_cover_4_50b,complete,44,2300,22.620000000000005,188.0,23.309999771118157,149.32177329063416,1.3901925086975098,1.4445991516113281,152.156564950943,False
CIFAR100,resnet18,distance_cv_cover,4,distance_cv_cover_4_50b,complete,45,2350,23.159999999999997,180.0,23.059999847412115,155.26218914985657,1.4231805801391602,1.4268121719360352,158.11218190193176,False
CIFAR100,resnet18,distance_cv_cover,4,distance_cv_cover_4_50b,complete,46,2400,23.159999694824222,184.0,23.159999694824222,156.05661988258362,1.7679996490478516,1.4743757247924805,159.29899525642395,False
CIFAR100,resnet18,distance_cv_cover,4,distance_cv_cover_4_50b,complete,47,2450,23.499999847412113,186.0,23.03999992370605,159.68875861167908,1.4881556034088135,1.3367252349853516,162.51363945007324,False
CIFAR100,resnet18,distance_cv_cover,4,distance_cv_cover_4_50b,complete,48,2500,23.219999694824224,148.0,23.07999984741211,158.666362285614,1.432976245880127,1.3405985832214355,161.43993711471558,False
CIFAR100,resnet18,distance_cv_cover,4,distance_cv_cover_4_50b,complete,49,2550,23.51999969482422,184.0,22.849999771118163,162.65037965774536,1.3864061832427979,1.2960331439971924,165.33281898498535,False
CIFAR100,resnet18,distance_cv_cover,4,distance_cv_cover_4_50b,complete,50,2600,23.279999847412114,188.0,22.739999847412108,162.15542244911194,1.4164836406707764,1.2345340251922607,164.80644011497498,False
CIFAR100,resnet18,distance_cv_cover,4,distance_cv_cover_4_50b,complete,51,2650,23.179999694824218,116.0,23.079999923706055,166.46181082725525,1.516150951385498,1.245643138885498,169.22360491752625,False
CIFAR100,resnet18,distance_cv_cover,4,distance_cv_cover_4_50b,complete,52,2700,23.439999542236322,156.0,23.24999977111817,165.70356678962708,1.6229043006896973,1.3169782161712646,168.64344930648804,False
CIFAR100,resnet18,distance_cv_cover,4,distance_cv_cover_4_50b,complete,53,2750,23.639999847412113,122.0,23.52999977111817,169.42752742767334,1.4684829711914062,2.2718372344970703,173.16784763336182,False
CIFAR100,resnet18,distance_cv_cover,4,distance_cv_cover_4_50b,complete,54,2800,24.079999542236322,136.0,23.39999977111816,168.70142078399658,1.4838473796844482,1.464031457901001,171.64929962158203,False
CIFAR100,resnet18,distance_cv_cover,4,distance_cv_cover_4_50b,complete,55,2850,23.899999847412104,188.0,23.21999984741211,173.2948033809662,1.407682180404663,1.3182854652404785,176.02077102661133,False
CIFAR100,resnet18,distance_cv_cover,4,distance_cv_cover_4_50b,complete,56,2900,24.479999694824215,176.0,23.46999984741211,173.53121781349182,1.4294476509094238,1.4056403636932373,176.36630582809448,False
CIFAR100,resnet18,distance_cv_cover,4,distance_cv_cover_4_50b,complete,57,2950,24.339999847412116,198.0,23.99999977111817,177.06263661384583,1.4465718269348145,1.4988148212432861,180.00802326202393,False
CIFAR100,resnet18,distance_cv_cover,4,distance_cv_cover_4_50b,complete,58,3000,23.859999694824225,156.0,24.049999694824223,177.18202805519104,1.529428243637085,2.3654706478118896,181.07692694664001,False
CIFAR100,resnet18,distance_cv_cover,4,distance_cv_cover_4_50b,complete,59,3050,24.479999694824215,182.0,24.22999961853027,182.1207320690155,1.714008092880249,1.4313194751739502,185.2660596370697,False
CIFAR100,resnet18,distance_cv_cover,4,distance_cv_cover_4_50b,complete,60,3100,24.059999542236326,156.0,23.83999977111816,179.43879175186157,1.4614548683166504,1.437251329421997,182.33749794960022,False
CIFAR100,resnet18,distance_cv_cover,4,distance_cv_cover_4_50b,complete,61,3150,24.459999999999994,170.0,23.729999847412103,184.03483486175537,1.416459083557129,1.354555606842041,186.80584955215454,False
CIFAR100,resnet18,distance_cv_cover,4,distance_cv_cover_4_50b,complete,62,3200,24.25999954223633,194.0,24.00999977111816,185.36600160598755,1.4619483947753906,1.4557781219482422,188.28372812271118,False
CIFAR100,resnet18,distance_cv_cover,4,distance_cv_cover_4_50b,complete,63,3250,23.899999847412104,190.0,23.28999992370605,189.55571055412292,1.4837207794189453,1.526954174041748,192.56638550758362,False
CIFAR100,resnet18,distance_cv_cover,4,distance_cv_cover_4_50b,complete,64,3300,24.139999694824212,166.0,23.749999847412113,189.9399609565735,1.4468169212341309,1.5847506523132324,192.97152853012085,False
CIFAR100,resnet18,distance_cv_cover,4,distance_cv_cover_4_50b,complete,65,3350,23.739999847412108,164.0,23.679999847412105,193.27506971359253,1.5698559284210205,1.6267426013946533,196.4716682434082,False
CIFAR100,resnet18,distance_cv_cover,4,distance_cv_cover_4_50b,complete,66,3400,23.959999847412107,130.0,23.999999618530268,193.10634016990662,1.4558277130126953,2.442904233932495,197.0050721168518,False
CIFAR100,resnet18,distance_cv_cover,4,distance_cv_cover_4_50b,complete,67,3450,24.23999969482422,132.0,23.919999694824213,195.783105134964,1.5031282901763916,1.4545164108276367,198.74074983596802,False
CIFAR100,resnet18,distance_cv_cover,4,distance_cv_cover_4_50b,complete,68,3500,23.71999984741211,156.0,23.32999984741211,195.7131233215332,1.457411766052246,2.569359540939331,199.73989462852478,False
CIFAR100,resnet18,distance_cv_cover,4,distance_cv_cover_4_50b,complete,69,3550,24.179999694824218,118.0,23.77999977111817,200.78369140625,1.4633636474609375,1.5646302700042725,203.8116853237152,False
CIFAR100,resnet18,distance_cv_cover,4,distance_cv_cover_4_50b,complete,70,3600,23.980000000000004,164.0,24.229999465942385,199.06315350532532,1.5056965351104736,2.7435524463653564,203.31240248680115,False
CIFAR100,resnet18,distance_cv_cover,4,distance_cv_cover_4_50b,complete,71,3650,23.899999847412104,134.0,23.719999771118168,203.23285007476807,1.4629650115966797,1.4655921459197998,206.16140723228455,False
CIFAR100,resnet18,distance_cv_cover,4,distance_cv_cover_4_50b,complete,72,3700,23.879999999999995,174.0,24.049999771118166,203.25443315505981,1.4662725925445557,1.5772655010223389,206.2979712486267,False
CIFAR100,resnet18,distance_cv_cover,4,distance_cv_cover_4_50b,complete,73,3750,24.199999542236327,164.0,24.059999542236326,206.45637488365173,1.4421801567077637,1.4940645694732666,209.39261960983276,False
CIFAR100,resnet18,distance_cv_cover,4,distance_cv_cover_4_50b,complete,74,3800,23.659999999999997,190.0,23.31999992370605,206.40887331962585,1.4294774532318115,2.768188238143921,210.6065390110016,False
CIFAR100,resnet18,distance_cv_cover,4,distance_cv_cover_4_50b,complete,75,3850,24.180000000000007,174.0,23.809999847412115,211.44450497627258,1.4324588775634766,1.353224754333496,214.23018860816956,False
CIFAR100,resnet18,distance_cv_cover,4,distance_cv_cover_4_50b,complete,76,3900,24.659999542236335,192.0,23.639999694824212,210.20626258850098,1.4447460174560547,1.4661369323730469,213.11714553833008,False
CIFAR100,resnet18,distance_cv_cover,4,distance_cv_cover_4_50b,complete,77,3950,24.359999389648436,166.0,23.819999771118162,214.87926864624023,1.4668247699737549,1.4443607330322266,217.79045414924622,False
CIFAR100,resnet18,distance_cv_cover,4,distance_cv_cover_4_50b,complete,78,4000,24.59999969482422,182.0,24.349999771118163,218.37843132019043,1.486281156539917,3.558572769165039,223.42328524589539,False
CIFAR100,resnet18,distance_cv_cover,4,distance_cv_cover_4_50b,complete,79,4050,24.400000000000006,192.0,23.719999923706055,221.41281962394714,1.4365036487579346,1.5687017440795898,224.41802501678467,False
CIFAR100,resnet18,distance_cv_cover,4,distance_cv_cover_4_50b,complete,80,4100,24.499999694824226,200.0,24.119999618530272,221.43352460861206,1.5164053440093994,2.9400575160980225,225.88998746871948,False
CIFAR100,resnet18,distance_cv_cover,4,distance_cv_cover_4_50b,complete,81,4150,24.15999984741211,144.0,24.20999965667724,224.812020778656,1.5542447566986084,1.459352970123291,227.8256185054779,False
CIFAR100,resnet18,distance_cv_cover,4,distance_cv_cover_4_50b,complete,82,4200,24.339999694824215,190.0,23.649999694824217,225.53044819831848,1.468846082687378,2.296304702758789,229.29559898376465,False
CIFAR100,resnet18,distance_cv_cover,4,distance_cv_cover_4_50b,complete,83,4250,24.0,138.0,23.849999847412107,228.53729033470154,1.8484177589416504,1.5812852382659912,231.96699333190918,False
CIFAR100,resnet18,distance_cv_cover,4,distance_cv_cover_4_50b,complete,84,4300,24.359999847412112,160.0,23.659999923706053,228.27901434898376,1.4637413024902344,1.3586342334747314,231.10138988494873,False
CIFAR100,resnet18,distance_cv_cover,4,distance_cv_cover_4_50b,complete,85,4350,24.459999542236332,194.0,24.34999992370605,233.2434275150299,1.49098539352417,1.7721562385559082,236.50656914710999,False
CIFAR100,resnet18,distance_cv_cover,4,distance_cv_cover_4_50b,complete,86,4400,25.119999694824216,86.0,24.57999961853028,231.2534282207489,1.4467153549194336,1.4045686721801758,234.1047122478485,False
CIFAR100,resnet18,distance_cv_cover,4,distance_cv_cover_4_50b,complete,87,4450,24.65999961853028,114.0,24.02999961853027,233.91325783729553,1.4464292526245117,1.3765289783477783,236.73621606826782,False
CIFAR100,resnet18,distance_cv_cover,4,distance_cv_cover_4_50b,complete,88,4500,25.179999389648444,172.0,24.679999694824218,235.9505000114441,1.5296697616577148,1.3457469940185547,238.82591676712036,False
CIFAR100,resnet18,distance_cv_cover,4,distance_cv_cover_4_50b,complete,89,4550,24.539999694824218,98.0,24.089999694824215,240.51914262771606,1.537182331085205,1.3761487007141113,243.43247365951538,False
CIFAR100,resnet18,distance_cv_cover,4,distance_cv_cover_4_50b,complete,90,4600,25.059999847412115,162.0,24.44999961853027,243.2116048336029,1.9149596691131592,1.7467525005340576,246.87331700325012,False
CIFAR100,resnet18,distance_cv_cover,4,distance_cv_cover_4_50b,complete,91,4650,24.399999694824217,182.0,24.23999969482422,245.85976219177246,1.4969875812530518,1.2573633193969727,248.61411309242249,False
CIFAR100,resnet18,distance_cv_cover,4,distance_cv_cover_4_50b,complete,92,4700,25.159999694824222,114.0,24.749999694824226,246.27294969558716,1.4598143100738525,2.4779226779937744,250.21068668365479,False
CIFAR100,resnet18,distance_cv_cover,4,distance_cv_cover_4_50b,complete,93,4750,24.719999542236323,80.0,24.48999969482422,251.82693910598755,1.477050542831421,1.394261121749878,254.69825077056885,False
CIFAR100,resnet18,distance_cv_cover,4,distance_cv_cover_4_50b,complete,94,4800,24.37999984741211,172.0,24.429999504089352,249.49092411994934,1.4656763076782227,1.281708002090454,252.23830842971802,False
CIFAR100,resnet18,distance_cv_cover,4,distance_cv_cover_4_50b,complete,95,4850,25.259999847412104,142.0,25.049999427795413,253.08283615112305,1.6104071140289307,1.7134389877319336,256.4066822528839,False
CIFAR100,resnet18,distance_cv_cover,4,distance_cv_cover_4_50b,complete,96,4900,24.37999969482422,190.0,24.48999992370605,252.50140285491943,1.4216217994689941,1.4915344715118408,255.41455912590027,False
CIFAR100,resnet18,distance_cv_cover,4,distance_cv_cover_4_50b,complete,97,4950,24.999999694824226,66.0,24.959999542236332,255.78433322906494,1.4411540031433105,1.3267059326171875,258.55219316482544,False
CIFAR100,resnet18,distance_cv_cover,4,distance_cv_cover_4_50b,complete,98,5000,24.059999694824214,168.0,24.45999969482422,256.3064501285553,1.4609992504119873,1.359177589416504,259.1266269683838,False
CIFAR100,resnet18,distance_cv_cover,4,distance_cv_cover_4_50b,complete,99,5050,24.36,198.0,23.929999694824218,259.08743500709534,1.5244102478027344,1.6494343280792236,262.2612795829773,False
CIFAR100,resnet18,distance_cv_cover,4,distance_cv_cover_4_50b,complete,100,5050,25.17999954223633,150.0,25.009999618530273,259.02522683143616,1.4691579341888428,0.0,260.494384765625,False
CIFAR100,resnet18,distance_cv_cover,5,distance_cv_cover_5_50b,complete,-1,50,,,,,,1.5510838031768799,1.5510838031768799,True
CIFAR100,resnet18,distance_cv_cover,5,distance_cv_cover_5_50b,complete,0,100,5.079999999999998,108.0,5.060000000000002,71.64334726333618,1.419739007949829,1.3847103118896484,74.44779658317566,False
CIFAR100,resnet18,distance_cv_cover,5,distance_cv_cover_5_50b,complete,1,150,7.400000000000006,182.0,7.569999999999993,72.29747343063354,1.4160265922546387,1.4342920780181885,75.14779210090637,False
CIFAR100,resnet18,distance_cv_cover,5,distance_cv_cover_5_50b,complete,2,200,8.420000000000002,178.0,8.790000000000006,75.67150068283081,1.4497175216674805,1.8181207180023193,78.93933892250061,False
CIFAR100,resnet18,distance_cv_cover,5,distance_cv_cover_5_50b,complete,3,250,10.299999999999997,190.0,10.400000000000006,76.76670908927917,1.4675617218017578,1.3495116233825684,79.5837824344635,False
CIFAR100,resnet18,distance_cv_cover,5,distance_cv_cover_5_50b,complete,4,300,10.939999999999998,178.0,10.379999999999995,77.13669610023499,1.522369384765625,1.2690587043762207,79.92812418937683,False
CIFAR100,resnet18,distance_cv_cover,5,distance_cv_cover_5_50b,complete,5,350,12.060000000000002,200.0,12.239999999999995,80.36055731773376,1.4976978302001953,1.3730881214141846,83.23134326934814,False
CIFAR100,resnet18,distance_cv_cover,5,distance_cv_cover_5_50b,complete,6,400,13.120000000000005,142.0,13.040000000000006,80.58231353759766,1.4525671005249023,1.4904379844665527,83.52531862258911,False
CIFAR100,resnet18,distance_cv_cover,5,distance_cv_cover_5_50b,complete,7,450,14.040000000000006,116.0,14.209999999999994,84.7630922794342,1.5897471904754639,1.6440579891204834,87.99689745903015,False
CIFAR100,resnet18,distance_cv_cover,5,distance_cv_cover_5_50b,complete,8,500,14.739999999999995,156.0,14.549999999999997,85.31104397773743,1.8643653392791748,2.939979314804077,90.11538863182068,False
CIFAR100,resnet18,distance_cv_cover,5,distance_cv_cover_5_50b,complete,9,550,15.519999999999996,94.0,15.079999999999998,88.53124809265137,1.4946517944335938,1.7283923625946045,91.75429224967957,False
CIFAR100,resnet18,distance_cv_cover,5,distance_cv_cover_5_50b,complete,10,600,15.980000000000004,160.0,16.040000000000006,88.15555357933044,1.5807781219482422,1.239180326461792,90.97551202774048,False
CIFAR100,resnet18,distance_cv_cover,5,distance_cv_cover_5_50b,complete,11,650,16.680000000000007,138.0,16.450000000000003,92.07711434364319,1.4751641750335693,1.645921230316162,95.19819974899292,False
CIFAR100,resnet18,distance_cv_cover,5,distance_cv_cover_5_50b,complete,12,700,17.040000000000006,122.0,16.930000000000007,91.60116505622864,1.412207841873169,1.3765881061553955,94.3899610042572,False
CIFAR100,resnet18,distance_cv_cover,5,distance_cv_cover_5_50b,complete,13,750,17.260000000000005,178.0,16.760000000000005,96.30724382400513,1.492457628250122,1.4161174297332764,99.21581888198853,False
CIFAR100,resnet18,distance_cv_cover,5,distance_cv_cover_5_50b,complete,14,800,17.72,102.0,17.260000000000005,96.1632628440857,1.4621379375457764,1.3664216995239258,98.9918224811554,False
CIFAR100,resnet18,distance_cv_cover,5,distance_cv_cover_5_50b,complete,15,850,18.239999999999995,142.0,17.409999999999997,99.27459979057312,1.5205330848693848,2.554097890853882,103.34923076629639,False
CIFAR100,resnet18,distance_cv_cover,5,distance_cv_cover_5_50b,complete,16,900,18.379999999999995,150.0,18.049999999999997,99.31466794013977,1.5039794445037842,2.0359320640563965,102.85457944869995,False
CIFAR100,resnet18,distance_cv_cover,5,distance_cv_cover_5_50b,complete,17,950,18.540000000000006,168.0,18.560000000000002,103.07376718521118,1.5173804759979248,1.4130752086639404,106.00422286987305,False
CIFAR100,resnet18,distance_cv_cover,5,distance_cv_cover_5_50b,complete,18,1000,18.879999999999995,180.0,19.049999999999997,102.85686016082764,1.4691274166107178,2.865468740463257,107.19145631790161,False
CIFAR100,resnet18,distance_cv_cover,5,distance_cv_cover_5_50b,complete,19,1050,19.799999999999997,174.0,19.650000000000006,107.17622709274292,1.4809041023254395,2.0857901573181152,110.74292135238647,False
CIFAR100,resnet18,distance_cv_cover,5,distance_cv_cover_5_50b,complete,20,1100,19.58,168.0,19.590000000000003,106.4529013633728,1.4686176776885986,1.5247514247894287,109.44627046585083,False
CIFAR100,resnet18,distance_cv_cover,5,distance_cv_cover_5_50b,complete,21,1150,20.21999984741211,200.0,20.150000000000006,110.52183365821838,1.4034545421600342,1.5645716190338135,113.48985981941223,False
CIFAR100,resnet18,distance_cv_cover,5,distance_cv_cover_5_50b,complete,22,1200,20.540000000000006,188.0,20.269999923706052,110.58179998397827,1.4664013385772705,1.4638636112213135,113.51206493377686,False
CIFAR100,resnet18,distance_cv_cover,5,distance_cv_cover_5_50b,complete,23,1250,20.78,138.0,21.090000000000003,114.13412475585938,1.6400697231292725,1.3531591892242432,117.12735366821289,False
CIFAR100,resnet18,distance_cv_cover,5,distance_cv_cover_5_50b,complete,24,1300,21.539999847412105,134.0,20.879999999999995,113.59700465202332,1.4600822925567627,2.8948230743408203,117.9519100189209,False
CIFAR100,resnet18,distance_cv_cover,5,distance_cv_cover_5_50b,complete,25,1350,21.299999999999997,190.0,21.049999999999997,117.89241480827332,1.470315933227539,2.629626512527466,121.99235725402832,False
CIFAR100,resnet18,distance_cv_cover,5,distance_cv_cover_5_50b,complete,26,1400,21.459999999999994,118.0,20.71999984741211,118.60442090034485,1.483623743057251,1.3639354705810547,121.45198011398315,False
CIFAR100,resnet18,distance_cv_cover,5,distance_cv_cover_5_50b,complete,27,1450,21.239999999999995,138.0,21.099999999999994,121.15207529067993,1.4540438652038574,1.401449203491211,124.007568359375,False
CIFAR100,resnet18,distance_cv_cover,5,distance_cv_cover_5_50b,complete,28,1500,21.340000000000003,124.0,20.61999992370606,122.21056866645813,1.4693009853363037,2.266962766647339,125.94683241844177,False
CIFAR100,resnet18,distance_cv_cover,5,distance_cv_cover_5_50b,complete,29,1550,21.419999847412114,160.0,21.33999992370606,125.37806487083435,1.4536552429199219,1.4149181842803955,128.24663829803467,False
CIFAR100,resnet18,distance_cv_cover,5,distance_cv_cover_5_50b,complete,30,1600,21.619999694824216,160.0,21.07999984741211,126.09851288795471,1.56154465675354,1.425577163696289,129.08563470840454,False
CIFAR100,resnet18,distance_cv_cover,5,distance_cv_cover_5_50b,complete,31,1650,21.879999999999995,100.0,21.509999847412104,129.615478515625,1.4948065280914307,1.491016149520874,132.6013011932373,False
CIFAR100,resnet18,distance_cv_cover,5,distance_cv_cover_5_50b,complete,32,1700,21.599999847412107,136.0,21.090000000000003,129.47726464271545,1.4729573726654053,2.0978879928588867,133.04811000823975,False
CIFAR100,resnet18,distance_cv_cover,5,distance_cv_cover_5_50b,complete,33,1750,21.699999847412116,150.0,21.489999847412108,132.9513442516327,1.480133295059204,1.9373717308044434,136.36884927749634,False
CIFAR100,resnet18,distance_cv_cover,5,distance_cv_cover_5_50b,complete,34,1800,21.900000000000006,162.0,21.94999992370606,132.96568155288696,1.5749146938323975,1.4185307025909424,135.9591269493103,False
CIFAR100,resnet18,distance_cv_cover,5,distance_cv_cover_5_50b,complete,35,1850,21.999999847412113,174.0,21.25999992370606,137.3211154937744,1.4322988986968994,1.5492522716522217,140.30266666412354,False
CIFAR100,resnet18,distance_cv_cover,5,distance_cv_cover_5_50b,complete,36,1900,22.359999847412112,128.0,22.019999923706052,136.33561944961548,1.4723801612854004,1.4145212173461914,139.22252082824707,False
CIFAR100,resnet18,distance_cv_cover,5,distance_cv_cover_5_50b,complete,37,1950,22.299999999999997,124.0,22.17999992370605,140.27737283706665,1.510568380355835,1.6426506042480469,143.43059182167053,False
CIFAR100,resnet18,distance_cv_cover,5,distance_cv_cover_5_50b,complete,38,2000,21.979999694824215,102.0,21.289999847412105,141.44614005088806,1.4658572673797607,1.5711421966552734,144.4831395149231,False
CIFAR100,resnet18,distance_cv_cover,5,distance_cv_cover_5_50b,complete,39,2050,22.519999999999996,152.0,21.839999847412116,144.06358194351196,1.400089979171753,1.452524185180664,146.91619610786438,False
CIFAR100,resnet18,distance_cv_cover,5,distance_cv_cover_5_50b,complete,40,2100,22.519999999999996,194.0,21.92999992370605,145.41798496246338,1.4818482398986816,1.5890123844146729,148.48884558677673,False
CIFAR100,resnet18,distance_cv_cover,5,distance_cv_cover_5_50b,complete,41,2150,22.559999542236326,172.0,21.939999923706054,148.52389812469482,1.44161057472229,1.4757966995239258,151.44130539894104,False
CIFAR100,resnet18,distance_cv_cover,5,distance_cv_cover_5_50b,complete,42,2200,22.799999694824223,156.0,22.399999694824217,148.2952332496643,1.4654052257537842,1.5267963409423828,151.28743481636047,False
CIFAR100,resnet18,distance_cv_cover,5,distance_cv_cover_5_50b,complete,43,2250,22.879999542236334,152.0,22.58999961853027,153.2166986465454,1.4701716899871826,1.4269421100616455,156.11381244659424,False
CIFAR100,resnet18,distance_cv_cover,5,distance_cv_cover_5_50b,complete,44,2300,23.019999999999996,162.0,22.129999923706052,152.9148666858673,1.8992722034454346,3.348147392272949,158.1622862815857,False
CIFAR100,resnet18,distance_cv_cover,5,distance_cv_cover_5_50b,complete,45,2350,22.95999969482422,178.0,21.739999847412108,155.0233805179596,1.5081708431243896,1.8696250915527344,158.40117645263672,False
CIFAR100,resnet18,distance_cv_cover,5,distance_cv_cover_5_50b,complete,46,2400,23.01999984741211,144.0,21.82999984741211,155.22800707817078,1.4996364116668701,1.7616751194000244,158.48931860923767,False
CIFAR100,resnet18,distance_cv_cover,5,distance_cv_cover_5_50b,complete,47,2450,23.239999847412108,120.0,22.529999847412114,159.4782166481018,1.4940991401672363,1.5000197887420654,162.4723355770111,False
CIFAR100,resnet18,distance_cv_cover,5,distance_cv_cover_5_50b,complete,48,2500,23.099999999999994,188.0,22.76999969482422,161.13531041145325,1.487119197845459,1.584223747253418,164.20665335655212,False
CIFAR100,resnet18,distance_cv_cover,5,distance_cv_cover_5_50b,complete,49,2550,23.21999984741211,134.0,22.379999999999995,165.3666090965271,1.46067476272583,1.5613770484924316,168.38866090774536,False
CIFAR100,resnet18,distance_cv_cover,5,distance_cv_cover_5_50b,complete,50,2600,22.899999847412104,190.0,22.699999771118158,164.4328739643097,1.4658498764038086,1.6859495639801025,167.5846734046936,False
CIFAR100,resnet18,distance_cv_cover,5,distance_cv_cover_5_50b,complete,51,2650,23.279999847412114,196.0,22.809999694824214,166.45347619056702,1.464599609375,1.7483742237091064,169.66645002365112,False
CIFAR100,resnet18,distance_cv_cover,5,distance_cv_cover_5_50b,complete,52,2700,23.319999847412106,184.0,22.859999923706056,166.38478755950928,1.515744686126709,1.536679983139038,169.43721222877502,False
CIFAR100,resnet18,distance_cv_cover,5,distance_cv_cover_5_50b,complete,53,2750,23.359999847412112,168.0,22.939999771118167,172.33063411712646,1.951997995376587,1.9573209285736084,176.23995304107666,False
CIFAR100,resnet18,distance_cv_cover,5,distance_cv_cover_5_50b,complete,54,2800,23.22,198.0,22.97999977111816,171.27761840820312,1.4648184776306152,1.6532394886016846,174.39567637443542,False
CIFAR100,resnet18,distance_cv_cover,5,distance_cv_cover_5_50b,complete,55,2850,22.879999542236334,144.0,22.669999923706058,174.77590823173523,1.4498045444488525,1.7522735595703125,177.9779863357544,False
CIFAR100,resnet18,distance_cv_cover,5,distance_cv_cover_5_50b,complete,56,2900,23.619999084472653,180.0,23.379999771118165,175.59204936027527,1.452021837234497,2.0278961658477783,179.07196736335754,False
CIFAR100,resnet18,distance_cv_cover,5,distance_cv_cover_5_50b,complete,57,2950,23.639999847412113,164.0,23.229999847412103,178.59464287757874,1.4593565464019775,3.009878635406494,183.0638780593872,False
CIFAR100,resnet18,distance_cv_cover,5,distance_cv_cover_5_50b,complete,58,3000,23.57999984741211,186.0,23.70999969482422,178.85229086875916,1.4654734134674072,3.1612389087677,183.47900319099426,False
CIFAR100,resnet18,distance_cv_cover,5,distance_cv_cover_5_50b,complete,59,3050,23.599999542236333,174.0,23.129999923706052,181.61263012886047,1.4668173789978027,2.7357702255249023,185.81521773338318,False
CIFAR100,resnet18,distance_cv_cover,5,distance_cv_cover_5_50b,complete,60,3100,23.42,198.0,23.219999694824224,182.18246960639954,1.5291030406951904,2.1403472423553467,185.85191988945007,False
CIFAR100,resnet18,distance_cv_cover,5,distance_cv_cover_5_50b,complete,61,3150,23.659999999999997,138.0,23.739999771118164,185.8608696460724,1.4627618789672852,2.3720085620880127,189.69564008712769,False
CIFAR100,resnet18,distance_cv_cover,5,distance_cv_cover_5_50b,complete,62,3200,24.53999954223633,190.0,24.48999969482422,185.1956958770752,1.3627939224243164,2.3204288482666016,188.8789186477661,False
CIFAR100,resnet18,distance_cv_cover,5,distance_cv_cover_5_50b,complete,63,3250,23.639999694824212,110.0,23.739999618530277,188.56018567085266,1.4287712574005127,2.6008007526397705,192.58975768089294,False
CIFAR100,resnet18,distance_cv_cover,5,distance_cv_cover_5_50b,complete,64,3300,23.36,144.0,23.459999847412107,189.46496081352234,1.4488306045532227,2.9556405544281006,193.86943197250366,False
CIFAR100,resnet18,distance_cv_cover,5,distance_cv_cover_5_50b,complete,65,3350,23.699999694824214,124.0,23.109999847412112,191.5801966190338,1.4311637878417969,2.562476396560669,195.57383680343628,False
CIFAR100,resnet18,distance_cv_cover,5,distance_cv_cover_5_50b,complete,66,3400,23.919999542236326,104.0,23.07999961853028,191.45414686203003,1.4284582138061523,2.5120553970336914,195.39466047286987,False
CIFAR100,resnet18,distance_cv_cover,5,distance_cv_cover_5_50b,complete,67,3450,24.359999389648436,174.0,24.309999694824214,194.97452569007874,1.4520220756530762,2.562669277191162,198.98921704292297,False
CIFAR100,resnet18,distance_cv_cover,5,distance_cv_cover_5_50b,complete,68,3500,23.29999984741211,138.0,23.449999694824214,197.30059027671814,1.5154023170471191,2.3852922916412354,201.2012848854065,False
CIFAR100,resnet18,distance_cv_cover,5,distance_cv_cover_5_50b,complete,69,3550,24.139999542236325,164.0,23.61999954223633,198.89825534820557,1.506883144378662,2.3219668865203857,202.72710537910461,False
CIFAR100,resnet18,distance_cv_cover,5,distance_cv_cover_5_50b,complete,70,3600,24.159999694824222,190.0,23.509999847412104,200.27449822425842,1.4413096904754639,2.3583450317382812,204.07415294647217,False
CIFAR100,resnet18,distance_cv_cover,5,distance_cv_cover_5_50b,complete,71,3650,24.079999542236322,160.0,23.649999618530273,203.84706902503967,1.727752447128296,2.8782310485839844,208.45305252075195,False
CIFAR100,resnet18,distance_cv_cover,5,distance_cv_cover_5_50b,complete,72,3700,23.839999694824215,198.0,23.689999771118167,202.68337965011597,1.4969441890716553,2.5822274684906006,206.76255130767822,False
CIFAR100,resnet18,distance_cv_cover,5,distance_cv_cover_5_50b,complete,73,3750,23.739999847412108,200.0,24.019999542236334,208.3973309993744,1.4858489036560059,2.129511594772339,212.01269149780273,False
CIFAR100,resnet18,distance_cv_cover,5,distance_cv_cover_5_50b,complete,74,3800,23.700000000000003,154.0,23.999999847412113,208.82352757453918,1.5583202838897705,1.984640121459961,212.36648797988892,False
CIFAR100,resnet18,distance_cv_cover,5,distance_cv_cover_5_50b,complete,75,3850,24.399999847412104,174.0,24.569999771118162,215.6362714767456,1.4714484214782715,1.8756153583526611,218.98333525657654,False
CIFAR100,resnet18,distance_cv_cover,5,distance_cv_cover_5_50b,complete,76,3900,24.279999389648438,116.0,24.219999542236323,216.90285325050354,1.6764914989471436,1.7333166599273682,220.31266140937805,False
CIFAR100,resnet18,distance_cv_cover,5,distance_cv_cover_5_50b,complete,77,3950,24.599999542236333,152.0,24.57999946594238,217.22011590003967,1.5154528617858887,1.354262351989746,220.0898311138153,False
CIFAR100,resnet18,distance_cv_cover,5,distance_cv_cover_5_50b,complete,78,4000,24.419999847412114,158.0,24.27999961853027,218.58917331695557,1.4686522483825684,1.3847730159759521,221.4425985813141,False
CIFAR100,resnet18,distance_cv_cover,5,distance_cv_cover_5_50b,complete,79,4050,24.139999847412113,172.0,23.859999847412112,221.7117896080017,1.5014023780822754,1.3745055198669434,224.58769750595093,False
CIFAR100,resnet18,distance_cv_cover,5,distance_cv_cover_5_50b,complete,80,4100,23.859999542236324,138.0,24.179999847412105,218.5678358078003,1.4587302207946777,1.2758853435516357,221.3024513721466,False
CIFAR100,resnet18,distance_cv_cover,5,distance_cv_cover_5_50b,complete,81,4150,24.559999847412115,154.0,24.31999969482422,223.27473664283752,1.5762929916381836,1.3484370708465576,226.19946670532227,False
CIFAR100,resnet18,distance_cv_cover,5,distance_cv_cover_5_50b,complete,82,4200,24.699999847412116,156.0,24.14999954223633,224.42778539657593,1.5130105018615723,1.375223159790039,227.31601905822754,False
CIFAR100,resnet18,distance_cv_cover,5,distance_cv_cover_5_50b,complete,83,4250,24.260000000000005,200.0,24.549999771118166,228.14873480796814,1.5986557006835938,2.13649320602417,231.8838837146759,False
CIFAR100,resnet18,distance_cv_cover,5,distance_cv_cover_5_50b,complete,84,4300,24.319999999999993,156.0,25.009999847412104,228.48205733299255,1.3484454154968262,1.6881942749023438,231.51869702339172,False
CIFAR100,resnet18,distance_cv_cover,5,distance_cv_cover_5_50b,complete,85,4350,24.87999984741211,190.0,24.36999992370606,231.28926134109497,1.4647798538208008,3.0582315921783447,235.81227278709412,False
CIFAR100,resnet18,distance_cv_cover,5,distance_cv_cover_5_50b,complete,86,4400,24.53999954223633,196.0,24.159999771118166,231.7037968635559,1.4732773303985596,1.534193992614746,234.7112681865692,False
CIFAR100,resnet18,distance_cv_cover,5,distance_cv_cover_5_50b,complete,87,4450,24.199999542236327,124.0,24.409999694824222,236.0582365989685,1.478748083114624,2.4989655017852783,240.0359501838684,False
CIFAR100,resnet18,distance_cv_cover,5,distance_cv_cover_5_50b,complete,88,4500,24.22,200.0,23.989999847412108,235.72245621681213,1.4607267379760742,1.465925931930542,238.64910888671875,False
CIFAR100,resnet18,distance_cv_cover,5,distance_cv_cover_5_50b,complete,89,4550,24.060000000000002,120.0,24.069999847412106,239.77864241600037,1.4492127895355225,3.1291775703430176,244.3570327758789,False
CIFAR100,resnet18,distance_cv_cover,5,distance_cv_cover_5_50b,complete,90,4600,24.19999938964844,174.0,24.649999580383295,239.04822492599487,1.4874720573425293,3.27948260307312,243.81517958641052,False
CIFAR100,resnet18,distance_cv_cover,5,distance_cv_cover_5_50b,complete,91,4650,24.81999969482422,188.0,25.049999237060547,242.02585005760193,1.5206260681152344,1.616565227508545,245.1630413532257,False
CIFAR100,resnet18,distance_cv_cover,5,distance_cv_cover_5_50b,complete,92,4700,24.399999847412104,200.0,24.839999542236328,245.69819688796997,1.4613754749298096,1.5224947929382324,248.682067155838,False
CIFAR100,resnet18,distance_cv_cover,5,distance_cv_cover_5_50b,complete,93,4750,24.759999847412104,182.0,25.02999946594238,250.13568377494812,1.4501471519470215,1.4370296001434326,253.02286052703857,False
CIFAR100,resnet18,distance_cv_cover,5,distance_cv_cover_5_50b,complete,94,4800,24.219999542236323,154.0,24.72999961853027,248.73099088668823,1.447760820388794,1.8448827266693115,252.02363443374634,False
CIFAR100,resnet18,distance_cv_cover,5,distance_cv_cover_5_50b,complete,95,4850,24.699999694824214,126.0,24.84999969482422,256.6464500427246,1.4932420253753662,1.3401706218719482,259.4798626899719,False
CIFAR100,resnet18,distance_cv_cover,5,distance_cv_cover_5_50b,complete,96,4900,24.599999542236333,170.0,24.64999954223633,261.30103492736816,1.6167681217193604,3.2740261554718018,266.1918292045593,False
CIFAR100,resnet18,distance_cv_cover,5,distance_cv_cover_5_50b,complete,97,4950,25.179999847412105,186.0,24.78999977111816,265.7481734752655,1.4710564613342285,2.1937475204467773,269.4129774570465,False
CIFAR100,resnet18,distance_cv_cover,5,distance_cv_cover_5_50b,complete,98,5000,25.17999954223633,198.0,24.86999954223633,265.1285593509674,1.4564576148986816,2.709669589996338,269.2946865558624,False
CIFAR100,resnet18,distance_cv_cover,5,distance_cv_cover_5_50b,complete,99,5050,24.959999847412107,14.0,24.229999313354497,267.4379198551178,1.551865577697754,1.3696932792663574,270.3594787120819,False
CIFAR100,resnet18,distance_cv_cover,5,distance_cv_cover_5_50b,complete,100,5050,25.059999542236326,162.0,24.97999977111816,270.59480381011963,1.5031540393829346,0.0,272.09795784950256,False
