dataset,model,method,seed,exp_name,run_status,episode,labeled_count,best_val_accuracy,best_val_epoch,test_accuracy,train_time_sec,test_time_sec,acquisition_time_sec,round_time_sec,is_initial_sampling
CIFAR10,resnet18,distance_variance_cover,1,distance_variance_cover_1_50b,complete,-1,50,,,,,,1.6412222385406494,1.6412222385406494,True
CIFAR10,resnet18,distance_variance_cover,1,distance_variance_cover_1_50b,complete,0,100,22.999999542236324,54.0,22.85999977111817,72.13056015968323,1.4605600833892822,1.380244255065918,74.97136449813843,False
CIFAR10,resnet18,distance_variance_cover,1,distance_variance_cover_1_50b,complete,1,150,28.73999969482422,122.0,28.90999931335449,72.48312783241272,1.5163168907165527,1.3218231201171875,75.32126784324646,False
CIFAR10,resnet18,distance_variance_cover,1,distance_variance_cover_1_50b,complete,2,200,29.71999908447266,126.0,30.329998779296872,72.83921432495117,1.4481146335601807,1.369964599609375,75.65729355812073,False
CIFAR10,resnet18,distance_variance_cover,1,distance_variance_cover_1_50b,complete,3,250,34.619999160766596,182.0,35.71999900817872,76.82744312286377,1.4643526077270508,1.4216840267181396,79.71347975730896,False
CIFAR10,resnet18,distance_variance_cover,1,distance_variance_cover_1_50b,complete,4,300,34.9599991607666,194.0,35.8199991607666,77.21238398551941,1.4202899932861328,1.3727445602416992,80.00541853904724,False
CIFAR10,resnet18,distance_variance_cover,1,distance_variance_cover_1_50b,complete,5,350,37.91999893188476,142.0,37.809998512268066,80.98050785064697,1.552466869354248,1.3343942165374756,83.8673689365387,False
CIFAR10,resnet18,distance_variance_cover,1,distance_variance_cover_1_50b,complete,6,400,39.65999855041504,136.0,38.90999912261963,81.53632640838623,1.4675743579864502,1.386387825012207,84.39028859138489,False
CIFAR10,resnet18,distance_variance_cover,1,distance_variance_cover_1_50b,complete,7,450,39.599998245239256,162.0,39.17999866485596,85.00137281417847,1.4406640529632568,1.4004755020141602,87.84251236915588,False
CIFAR10,resnet18,distance_variance_cover,1,distance_variance_cover_1_50b,complete,8,500,41.89999900817871,170.0,41.30999858856201,84.4281713962555,1.4798836708068848,1.3842966556549072,87.29235172271729,False
CIFAR10,resnet18,distance_variance_cover,1,distance_variance_cover_1_50b,complete,9,550,43.53999839782715,178.0,42.6199991607666,88.33929085731506,1.447981834411621,1.2817003726959229,91.06897306442261,False
CIFAR10,resnet18,distance_variance_cover,1,distance_variance_cover_1_50b,complete,10,600,42.73999839782715,172.0,42.07999851226807,88.89926433563232,1.5447089672088623,1.3074941635131836,91.75146746635437,False
CIFAR10,resnet18,distance_variance_cover,1,distance_variance_cover_1_50b,complete,11,650,44.879998931884764,198.0,43.179999084472655,92.45535516738892,1.4332964420318604,1.4033427238464355,95.29199433326721,False
CIFAR10,resnet18,distance_variance_cover,1,distance_variance_cover_1_50b,complete,12,700,45.319998321533205,134.0,44.37999881744385,92.61190390586853,1.4415175914764404,1.411698818206787,95.46512031555176,False
CIFAR10,resnet18,distance_variance_cover,1,distance_variance_cover_1_50b,complete,13,750,46.219998626708986,182.0,44.30999893188476,95.74700021743774,1.6019949913024902,1.305624008178711,98.65461921691895,False
CIFAR10,resnet18,distance_variance_cover,1,distance_variance_cover_1_50b,complete,14,800,47.25999931335449,168.0,45.91999885559082,95.48208665847778,1.4568147659301758,1.4076344966888428,98.3465359210968,False
CIFAR10,resnet18,distance_variance_cover,1,distance_variance_cover_1_50b,complete,15,850,48.099999237060544,188.0,46.41999912261963,99.12781882286072,1.4444501399993896,1.3821871280670166,101.95445609092712,False
CIFAR10,resnet18,distance_variance_cover,1,distance_variance_cover_1_50b,complete,16,900,49.37999946594238,184.0,49.37999908447266,99.47879576683044,1.54830002784729,1.278520107269287,102.30561590194702,False
CIFAR10,resnet18,distance_variance_cover,1,distance_variance_cover_1_50b,complete,17,950,49.419999237060544,188.0,47.8799991607666,103.39566946029663,1.4368410110473633,1.43035888671875,106.26286935806274,False
CIFAR10,resnet18,distance_variance_cover,1,distance_variance_cover_1_50b,complete,18,1000,50.33999961853027,168.0,47.88999912261963,103.511070728302,1.4392304420471191,1.4118564128875732,106.3621575832367,False
CIFAR10,resnet18,distance_variance_cover,1,distance_variance_cover_1_50b,complete,19,1050,52.059998779296876,178.0,49.91999908447266,106.8948712348938,1.430854320526123,1.2826566696166992,109.60838222503662,False
CIFAR10,resnet18,distance_variance_cover,1,distance_variance_cover_1_50b,complete,20,1100,52.139999618530275,166.0,49.92999900817871,106.87260675430298,1.4691922664642334,1.4032316207885742,109.74503064155579,False
CIFAR10,resnet18,distance_variance_cover,1,distance_variance_cover_1_50b,complete,21,1150,53.41999885559082,200.0,51.98999935150147,114.62394547462463,1.5943255424499512,1.2833576202392578,117.50162863731384,False
CIFAR10,resnet18,distance_variance_cover,1,distance_variance_cover_1_50b,complete,22,1200,53.21999893188477,182.0,50.19999912261963,110.45236992835999,1.4183449745178223,1.4181838035583496,113.28889870643616,False
CIFAR10,resnet18,distance_variance_cover,1,distance_variance_cover_1_50b,complete,23,1250,53.33999885559082,182.0,51.02999919891357,114.47488927841187,1.4711158275604248,1.3063609600067139,117.252366065979,False
CIFAR10,resnet18,distance_variance_cover,1,distance_variance_cover_1_50b,complete,24,1300,53.97999923706055,172.0,50.93999927520752,114.55511403083801,1.43546724319458,1.3178737163543701,117.30845499038696,False
CIFAR10,resnet18,distance_variance_cover,1,distance_variance_cover_1_50b,complete,25,1350,55.21999893188477,186.0,52.08999908447266,117.85778760910034,1.4055142402648926,1.307070016860962,120.5703718662262,False
CIFAR10,resnet18,distance_variance_cover,1,distance_variance_cover_1_50b,complete,26,1400,55.47999870300293,186.0,53.689998931884766,118.7121319770813,1.4165582656860352,1.364835262298584,121.49352550506592,False
CIFAR10,resnet18,distance_variance_cover,1,distance_variance_cover_1_50b,complete,27,1450,57.379998931884764,172.0,55.109998817443845,122.04678201675415,1.4465129375457764,1.4097256660461426,124.90302062034607,False
CIFAR10,resnet18,distance_variance_cover,1,distance_variance_cover_1_50b,complete,28,1500,57.51999855041504,194.0,55.36999908447265,121.13500046730042,1.4910550117492676,1.3658168315887451,123.99187231063843,False
CIFAR10,resnet18,distance_variance_cover,1,distance_variance_cover_1_50b,complete,29,1550,58.11999904632568,140.0,55.809999027252196,125.40195775032043,1.4333817958831787,1.3984367847442627,128.23377633094788,False
CIFAR10,resnet18,distance_variance_cover,1,distance_variance_cover_1_50b,complete,30,1600,56.11999908447265,172.0,54.619998931884766,125.23596930503845,1.4350569248199463,1.4017515182495117,128.0727777481079,False
CIFAR10,resnet18,distance_variance_cover,1,distance_variance_cover_1_50b,complete,31,1650,58.11999900817871,194.0,55.27999893188476,127.59585976600647,1.4459214210510254,1.3120100498199463,130.35379123687744,False
CIFAR10,resnet18,distance_variance_cover,1,distance_variance_cover_1_50b,complete,32,1700,57.959999084472656,134.0,55.85999868392944,128.090678691864,1.428910255432129,1.3993098735809326,130.91889882087708,False
CIFAR10,resnet18,distance_variance_cover,1,distance_variance_cover_1_50b,complete,33,1750,58.419999046325685,172.0,56.09999862670898,133.296391248703,1.4397950172424316,1.3610851764678955,136.09727144241333,False
CIFAR10,resnet18,distance_variance_cover,1,distance_variance_cover_1_50b,complete,34,1800,60.01999839782715,180.0,57.839998664855955,132.99787855148315,1.5700793266296387,1.2820239067077637,135.84998178482056,False
CIFAR10,resnet18,distance_variance_cover,1,distance_variance_cover_1_50b,complete,35,1850,59.339998397827145,146.0,57.02999908447266,136.50189924240112,1.4510867595672607,1.412125587463379,139.36511158943176,False
CIFAR10,resnet18,distance_variance_cover,1,distance_variance_cover_1_50b,complete,36,1900,58.979998397827146,164.0,56.77999843597412,136.69069647789001,1.4126827716827393,1.2803478240966797,139.38372707366943,False
CIFAR10,resnet18,distance_variance_cover,1,distance_variance_cover_1_50b,complete,37,1950,58.759998931884766,178.0,56.89999851226807,139.0479884147644,1.445312261581421,1.2877907752990723,141.7810914516449,False
CIFAR10,resnet18,distance_variance_cover,1,distance_variance_cover_1_50b,complete,38,2000,60.25999885559082,178.0,58.03999849319458,138.95371556282043,1.44236159324646,1.2825367450714111,141.6786139011383,False
CIFAR10,resnet18,distance_variance_cover,1,distance_variance_cover_1_50b,complete,39,2050,58.75999881744385,172.0,56.84999885559082,143.00229358673096,1.4081919193267822,1.4151029586791992,145.82558846473694,False
CIFAR10,resnet18,distance_variance_cover,1,distance_variance_cover_1_50b,complete,40,2100,59.619998664855956,134.0,57.64999906539917,143.7511019706726,1.4297842979431152,1.3081119060516357,146.48899817466736,False
CIFAR10,resnet18,distance_variance_cover,1,distance_variance_cover_1_50b,complete,41,2150,59.679998817443845,146.0,57.2099987411499,149.12401866912842,1.4169135093688965,1.3804876804351807,151.9214198589325,False
CIFAR10,resnet18,distance_variance_cover,1,distance_variance_cover_1_50b,complete,42,2200,59.8999987411499,188.0,57.62999887466431,148.68803310394287,1.4671895503997803,1.3742070198059082,151.52942967414856,False
CIFAR10,resnet18,distance_variance_cover,1,distance_variance_cover_1_50b,complete,43,2250,60.959998321533206,180.0,58.93999858856201,152.5407257080078,1.437272548675537,1.423865795135498,155.40186405181885,False
CIFAR10,resnet18,distance_variance_cover,1,distance_variance_cover_1_50b,complete,44,2300,59.93999839782715,178.0,57.94999883651733,152.79072976112366,1.4960548877716064,1.2808516025543213,155.56763625144958,False
CIFAR10,resnet18,distance_variance_cover,1,distance_variance_cover_1_50b,complete,45,2350,61.15999862670898,198.0,58.38999864578247,157.04939436912537,1.4432601928710938,1.4172430038452148,159.90989756584167,False
CIFAR10,resnet18,distance_variance_cover,1,distance_variance_cover_1_50b,complete,46,2400,59.9399987411499,170.0,58.8999987411499,156.70635652542114,1.4609177112579346,1.3212392330169678,159.48851346969604,False
CIFAR10,resnet18,distance_variance_cover,1,distance_variance_cover_1_50b,complete,47,2450,62.199998474121095,164.0,60.58999853134155,160.47861766815186,1.4199562072753906,1.3091270923614502,163.2077009677887,False
CIFAR10,resnet18,distance_variance_cover,1,distance_variance_cover_1_50b,complete,48,2500,61.85999839782715,198.0,59.42999864578247,160.28144001960754,1.3987741470336914,1.3694403171539307,163.04965448379517,False
CIFAR10,resnet18,distance_variance_cover,1,distance_variance_cover_1_50b,complete,49,2550,62.139999046325684,158.0,60.429998626708986,164.392258644104,1.401968240737915,1.3903133869171143,167.18454027175903,False
CIFAR10,resnet18,distance_variance_cover,1,distance_variance_cover_1_50b,complete,50,2600,61.35999866485596,142.0,59.60999893188477,164.43590235710144,1.4623582363128662,1.4088711738586426,167.30713176727295,False
CIFAR10,resnet18,distance_variance_cover,1,distance_variance_cover_1_50b,complete,51,2650,62.71999824523926,182.0,60.56999843597412,167.8988058567047,1.4228873252868652,1.3733603954315186,170.6950535774231,False
CIFAR10,resnet18,distance_variance_cover,1,distance_variance_cover_1_50b,complete,52,2700,62.19999862670898,186.0,60.289998569488525,166.6245629787445,1.4583241939544678,1.3100929260253906,169.39298009872437,False
CIFAR10,resnet18,distance_variance_cover,1,distance_variance_cover_1_50b,complete,53,2750,64.19999813079835,200.0,62.69999862670898,170.40855526924133,1.4166171550750732,1.3087105751037598,173.13388299942017,False
CIFAR10,resnet18,distance_variance_cover,1,distance_variance_cover_1_50b,complete,54,2800,63.19999858856201,188.0,60.75999847412109,170.17662739753723,1.4547796249389648,1.3177411556243896,172.9491481781006,False
CIFAR10,resnet18,distance_variance_cover,1,distance_variance_cover_1_50b,complete,55,2850,62.45999893188477,166.0,61.12999839782715,174.42371082305908,1.4232251644134521,1.3808815479278564,177.2278175354004,False
CIFAR10,resnet18,distance_variance_cover,1,distance_variance_cover_1_50b,complete,56,2900,63.37999813079834,168.0,61.27999858856201,174.422847032547,1.4320781230926514,1.3709571361541748,177.22588229179382,False
CIFAR10,resnet18,distance_variance_cover,1,distance_variance_cover_1_50b,complete,57,2950,64.31999809265136,200.0,62.709998760223385,179.06144976615906,1.5264110565185547,1.2857389450073242,181.87359976768494,False
CIFAR10,resnet18,distance_variance_cover,1,distance_variance_cover_1_50b,complete,58,3000,63.89999855041504,182.0,61.209998512268065,178.7981677055359,1.4287786483764648,1.311518907546997,181.53846526145935,False
CIFAR10,resnet18,distance_variance_cover,1,distance_variance_cover_1_50b,complete,59,3050,63.13999862670899,200.0,61.50999847412109,181.64710092544556,1.4690237045288086,1.4213013648986816,184.53742599487305,False
CIFAR10,resnet18,distance_variance_cover,1,distance_variance_cover_1_50b,complete,60,3100,63.15999885559082,170.0,61.50999872207642,183.02880001068115,1.4359784126281738,1.408768892288208,185.87354731559753,False
CIFAR10,resnet18,distance_variance_cover,1,distance_variance_cover_1_50b,complete,61,3150,64.33999843597412,174.0,61.969998607635496,185.89134740829468,1.4393019676208496,1.3835599422454834,188.714209318161,False
CIFAR10,resnet18,distance_variance_cover,1,distance_variance_cover_1_50b,complete,62,3200,64.09999824523925,182.0,62.199998664855954,185.43635082244873,1.4436731338500977,1.2797131538391113,188.15973711013794,False
CIFAR10,resnet18,distance_variance_cover,1,distance_variance_cover_1_50b,complete,63,3250,64.17999870300292,160.0,63.819998245239255,189.31438946723938,1.4100794792175293,1.2831482887268066,192.00761723518372,False
CIFAR10,resnet18,distance_variance_cover,1,distance_variance_cover_1_50b,complete,64,3300,65.519998588562,178.0,63.979998168945315,190.2473223209381,1.5283684730529785,1.323507308959961,193.09919810295105,False
CIFAR10,resnet18,distance_variance_cover,1,distance_variance_cover_1_50b,complete,65,3350,65.21999820709229,152.0,63.619998416900636,193.84082055091858,1.4496450424194336,1.4355363845825195,196.72600197792053,False
CIFAR10,resnet18,distance_variance_cover,1,distance_variance_cover_1_50b,complete,66,3400,65.7199984741211,186.0,64.11999843597411,192.8645944595337,1.5125839710235596,1.3120677471160889,195.68924617767334,False
CIFAR10,resnet18,distance_variance_cover,1,distance_variance_cover_1_50b,complete,67,3450,66.31999809265136,188.0,64.67999843597411,196.50024104118347,1.4903600215911865,1.4157826900482178,199.40638375282288,False
CIFAR10,resnet18,distance_variance_cover,1,distance_variance_cover_1_50b,complete,68,3500,66.31999794006347,200.0,65.1399983215332,197.1953992843628,1.4384324550628662,1.3957562446594238,200.02958798408508,False
CIFAR10,resnet18,distance_variance_cover,1,distance_variance_cover_1_50b,complete,69,3550,65.61999851226807,168.0,63.79999826431274,201.52043795585632,1.4285240173339844,1.2866480350494385,204.23561000823975,False
CIFAR10,resnet18,distance_variance_cover,1,distance_variance_cover_1_50b,complete,70,3600,65.1999987411499,198.0,64.30999801635741,199.950288772583,1.4234099388122559,1.2719082832336426,202.6456069946289,False
CIFAR10,resnet18,distance_variance_cover,1,distance_variance_cover_1_50b,complete,71,3650,68.27999851226807,156.0,66.51999811172485,204.96899342536926,1.5059773921966553,1.2862162590026855,207.7611870765686,False
CIFAR10,resnet18,distance_variance_cover,1,distance_variance_cover_1_50b,complete,72,3700,66.87999813079834,188.0,64.18999849319458,204.37394905090332,1.4501864910125732,1.3714015483856201,207.1955370903015,False
CIFAR10,resnet18,distance_variance_cover,1,distance_variance_cover_1_50b,complete,73,3750,66.2999984741211,196.0,64.72999820709228,207.87123250961304,1.3993644714355469,1.3692727088928223,210.6398696899414,False
CIFAR10,resnet18,distance_variance_cover,1,distance_variance_cover_1_50b,complete,74,3800,66.71999858856202,168.0,65.46999830245971,208.27761149406433,1.5067017078399658,1.324841022491455,211.10915422439575,False
CIFAR10,resnet18,distance_variance_cover,1,distance_variance_cover_1_50b,complete,75,3850,66.91999801635743,192.0,65.30999841690064,212.72629952430725,1.4285564422607422,1.2819414138793945,215.4367973804474,False
CIFAR10,resnet18,distance_variance_cover,1,distance_variance_cover_1_50b,complete,76,3900,66.37999790191651,156.0,64.86999830245972,211.81903290748596,1.4455034732818604,1.3675932884216309,214.63212966918945,False
CIFAR10,resnet18,distance_variance_cover,1,distance_variance_cover_1_50b,complete,77,3950,66.95999794006347,180.0,65.87999835968017,216.25096440315247,1.4159939289093018,1.3236966133117676,218.99065494537354,False
CIFAR10,resnet18,distance_variance_cover,1,distance_variance_cover_1_50b,complete,78,4000,68.17999813079834,196.0,66.91999813079835,215.62659788131714,1.4323513507843018,1.409308910369873,218.4682581424713,False
CIFAR10,resnet18,distance_variance_cover,1,distance_variance_cover_1_50b,complete,79,4050,67.61999824523926,188.0,66.35999830245972,219.71968340873718,1.4179315567016602,1.368483066558838,222.50609803199768,False
CIFAR10,resnet18,distance_variance_cover,1,distance_variance_cover_1_50b,complete,80,4100,67.13999782562256,194.0,65.93999816894532,220.53516459465027,1.424027442932129,1.4274213314056396,223.38661336898804,False
CIFAR10,resnet18,distance_variance_cover,1,distance_variance_cover_1_50b,complete,81,4150,67.19999824523926,186.0,65.8499984550476,222.0185582637787,1.3970043659210205,1.376236915588379,224.7917995452881,False
CIFAR10,resnet18,distance_variance_cover,1,distance_variance_cover_1_50b,complete,82,4200,67.1799980545044,198.0,65.57999883651733,222.52032351493835,1.4411275386810303,1.4038000106811523,225.36525106430054,False
CIFAR10,resnet18,distance_variance_cover,1,distance_variance_cover_1_50b,complete,83,4250,68.01999794006348,192.0,66.61999813079834,227.2158019542694,1.4414515495300293,1.3852643966674805,230.04251790046692,False
CIFAR10,resnet18,distance_variance_cover,1,distance_variance_cover_1_50b,complete,84,4300,67.89999839782715,192.0,66.94999841690063,226.76315546035767,1.5047945976257324,1.3146047592163086,229.5825548171997,False
CIFAR10,resnet18,distance_variance_cover,1,distance_variance_cover_1_50b,complete,85,4350,67.75999870300294,200.0,66.17999801635742,229.1908712387085,1.4575631618499756,1.415088176727295,232.06352257728577,False
CIFAR10,resnet18,distance_variance_cover,1,distance_variance_cover_1_50b,complete,86,4400,68.0599983215332,186.0,65.92999866485596,230.71287560462952,1.4245924949645996,1.3902082443237305,233.52767634391785,False
CIFAR10,resnet18,distance_variance_cover,1,distance_variance_cover_1_50b,complete,87,4450,69.07999805450439,184.0,68.11999811172485,233.648197889328,1.4883699417114258,1.3166639804840088,236.45323181152344,False
CIFAR10,resnet18,distance_variance_cover,1,distance_variance_cover_1_50b,complete,88,4500,69.81999813079834,186.0,68.40999839782715,235.19953513145447,1.409170389175415,1.318742275238037,237.92744779586792,False
CIFAR10,resnet18,distance_variance_cover,1,distance_variance_cover_1_50b,complete,89,4550,69.55999816894531,188.0,68.50999807357788,239.38345170021057,1.4233043193817139,1.3369505405426025,242.1437065601349,False
CIFAR10,resnet18,distance_variance_cover,1,distance_variance_cover_1_50b,complete,90,4600,69.13999824523925,146.0,67.95999835968018,239.45809745788574,1.4229152202606201,1.2996065616607666,242.18061923980713,False
CIFAR10,resnet18,distance_variance_cover,1,distance_variance_cover_1_50b,complete,91,4650,68.2799977874756,200.0,67.52999826431275,242.24927854537964,1.4158947467803955,1.313136100769043,244.97830939292908,False
CIFAR10,resnet18,distance_variance_cover,1,distance_variance_cover_1_50b,complete,92,4700,68.75999828338624,190.0,67.6499983215332,244.7724404335022,1.452078104019165,1.2973759174346924,247.52189445495605,False
CIFAR10,resnet18,distance_variance_cover,1,distance_variance_cover_1_50b,complete,93,4750,69.9399976348877,176.0,68.39999834060669,249.4254310131073,1.41481351852417,1.421464443206787,252.26170897483826,False
CIFAR10,resnet18,distance_variance_cover,1,distance_variance_cover_1_50b,complete,94,4800,69.55999778747558,192.0,68.71999853134156,247.01030135154724,1.4160428047180176,1.4158873558044434,249.8422315120697,False
CIFAR10,resnet18,distance_variance_cover,1,distance_variance_cover_1_50b,complete,95,4850,70.03999820709228,198.0,68.65999814987183,249.77966904640198,1.4518470764160156,1.2813520431518555,252.51286816596985,False
CIFAR10,resnet18,distance_variance_cover,1,distance_variance_cover_1_50b,complete,96,4900,69.81999843597413,166.0,68.9399980354309,251.07790160179138,1.481964349746704,1.2876465320587158,253.8475124835968,False
CIFAR10,resnet18,distance_variance_cover,1,distance_variance_cover_1_50b,complete,97,4950,69.91999813079835,164.0,68.81999782562255,254.0550925731659,1.4152758121490479,1.4297423362731934,256.90011072158813,False
CIFAR10,resnet18,distance_variance_cover,1,distance_variance_cover_1_50b,complete,98,5000,69.0399983215332,156.0,68.95999822616577,254.82967829704285,1.4552972316741943,1.4009461402893066,257.68592166900635,False
CIFAR10,resnet18,distance_variance_cover,1,distance_variance_cover_1_50b,complete,99,5050,68.91999820709228,182.0,68.58999841690064,257.9594078063965,1.4412257671356201,1.4425287246704102,260.8431622982025,False
CIFAR10,resnet18,distance_variance_cover,1,distance_variance_cover_1_50b,complete,100,5050,70.25999816894532,186.0,68.9499981880188,259.19164633750916,1.4584159851074219,0.0,260.6500623226166,False
CIFAR10,resnet18,distance_variance_cover,2,distance_variance_cover_2_50b,complete,-1,50,,,,,,1.573845624923706,1.573845624923706,True
CIFAR10,resnet18,distance_variance_cover,2,distance_variance_cover_2_50b,complete,0,100,25.479999694824215,108.0,25.77999946594238,72.0354552268982,1.4378573894500732,1.3607251644134521,74.83403778076172,False
CIFAR10,resnet18,distance_variance_cover,2,distance_variance_cover_2_50b,complete,1,150,29.73999893188477,194.0,30.099999237060544,71.8332302570343,1.4926221370697021,1.2549505233764648,74.58080291748047,False
CIFAR10,resnet18,distance_variance_cover,2,distance_variance_cover_2_50b,complete,2,200,32.039999313354485,186.0,32.419999046325685,72.25929713249207,1.419626235961914,1.3222565650939941,75.00117993354797,False
CIFAR10,resnet18,distance_variance_cover,2,distance_variance_cover_2_50b,complete,3,250,32.93999977111817,182.0,33.489998970031735,76.12228345870972,1.5174787044525146,1.2787361145019531,78.91849827766418,False
CIFAR10,resnet18,distance_variance_cover,2,distance_variance_cover_2_50b,complete,4,300,35.559999313354496,192.0,34.959998855590825,75.97331738471985,1.4333677291870117,1.4084689617156982,78.81515407562256,False
CIFAR10,resnet18,distance_variance_cover,2,distance_variance_cover_2_50b,complete,5,350,35.79999923706055,170.0,35.80999908447265,79.72315621376038,1.431175947189331,1.2625718116760254,82.41690397262573,False
CIFAR10,resnet18,distance_variance_cover,2,distance_variance_cover_2_50b,complete,6,400,37.71999870300293,198.0,37.679998550415036,80.26680016517639,1.5177786350250244,2.9243240356445312,84.70890283584595,False
CIFAR10,resnet18,distance_variance_cover,2,distance_variance_cover_2_50b,complete,7,450,39.23999870300293,176.0,39.01999885559082,83.485999584198,1.4550647735595703,1.3505175113677979,86.29158186912537,False
CIFAR10,resnet18,distance_variance_cover,2,distance_variance_cover_2_50b,complete,8,500,40.59999862670898,122.0,39.919998741149904,83.89537739753723,1.418966293334961,1.6039667129516602,86.91831040382385,False
CIFAR10,resnet18,distance_variance_cover,2,distance_variance_cover_2_50b,complete,9,550,40.59999893188476,178.0,40.10999904632568,87.53351092338562,1.403670310974121,1.3246548175811768,90.26183605194092,False
CIFAR10,resnet18,distance_variance_cover,2,distance_variance_cover_2_50b,complete,10,600,41.77999809265137,164.0,40.74999885559082,87.63347816467285,1.4388153553009033,1.2205524444580078,90.29284596443176,False
CIFAR10,resnet18,distance_variance_cover,2,distance_variance_cover_2_50b,complete,11,650,44.65999900817871,162.0,43.22999877929688,91.23807168006897,1.419062614440918,1.405557632446289,94.06269192695618,False
CIFAR10,resnet18,distance_variance_cover,2,distance_variance_cover_2_50b,complete,12,700,43.85999893188477,152.0,43.539998817443845,90.63342308998108,1.49613356590271,1.2878046035766602,93.41736125946045,False
CIFAR10,resnet18,distance_variance_cover,2,distance_variance_cover_2_50b,complete,13,750,43.79999885559082,142.0,43.51999855041504,94.65521287918091,1.4480128288269043,1.2816529273986816,97.3848786354065,False
CIFAR10,resnet18,distance_variance_cover,2,distance_variance_cover_2_50b,complete,14,800,46.09999839782715,186.0,45.719999160766605,94.7509617805481,1.4195606708526611,1.3748011589050293,97.54532361030579,False
CIFAR10,resnet18,distance_variance_cover,2,distance_variance_cover_2_50b,complete,15,850,47.359999084472655,178.0,46.94999900817871,98.15091061592102,1.448775053024292,1.2247629165649414,100.82444858551025,False
CIFAR10,resnet18,distance_variance_cover,2,distance_variance_cover_2_50b,complete,16,900,47.25999908447265,146.0,46.79999870300293,98.49611234664917,1.4125828742980957,1.368607521057129,101.2773027420044,False
CIFAR10,resnet18,distance_variance_cover,2,distance_variance_cover_2_50b,complete,17,950,48.47999923706055,178.0,48.079998893737795,102.23296475410461,1.4146828651428223,1.399207353591919,105.04685497283936,False
CIFAR10,resnet18,distance_variance_cover,2,distance_variance_cover_2_50b,complete,18,1000,48.00000030517578,178.0,46.87999935150147,101.6537413597107,1.4729316234588623,1.40325927734375,104.5299322605133,False
CIFAR10,resnet18,distance_variance_cover,2,distance_variance_cover_2_50b,complete,19,1050,49.1799991607666,186.0,47.759998931884766,105.48574376106262,1.411175012588501,1.2577686309814453,108.15468740463257,False
CIFAR10,resnet18,distance_variance_cover,2,distance_variance_cover_2_50b,complete,20,1100,49.85999900817871,200.0,48.66999881744385,105.91983890533447,1.514314889907837,1.2899751663208008,108.72412896156311,False
CIFAR10,resnet18,distance_variance_cover,2,distance_variance_cover_2_50b,complete,21,1150,49.59999885559082,186.0,48.69999935150147,108.86220574378967,1.4375574588775635,1.3536450862884521,111.65340828895569,False
CIFAR10,resnet18,distance_variance_cover,2,distance_variance_cover_2_50b,complete,22,1200,51.63999923706055,116.0,50.65999931335449,108.3997974395752,1.3967041969299316,1.2538180351257324,111.05031967163086,False
CIFAR10,resnet18,distance_variance_cover,2,distance_variance_cover_2_50b,complete,23,1250,52.63999946594238,136.0,52.05999912261963,113.10725975036621,1.4100122451782227,1.3301119804382324,115.84738397598267,False
CIFAR10,resnet18,distance_variance_cover,2,distance_variance_cover_2_50b,complete,24,1300,53.2999984741211,174.0,51.46999931335449,112.6253981590271,1.4173095226287842,1.3507487773895264,115.39345645904541,False
CIFAR10,resnet18,distance_variance_cover,2,distance_variance_cover_2_50b,complete,25,1350,53.77999862670899,198.0,52.249998893737796,116.80397081375122,1.4290320873260498,1.3515641689300537,119.58456707000732,False
CIFAR10,resnet18,distance_variance_cover,2,distance_variance_cover_2_50b,complete,26,1400,53.97999923706055,134.0,52.13999938964844,116.70635747909546,1.5053958892822266,1.3948376178741455,119.60659098625183,False
CIFAR10,resnet18,distance_variance_cover,2,distance_variance_cover_2_50b,complete,27,1450,54.819999084472656,138.0,52.99999898910522,120.50531721115112,1.4466848373413086,1.2247591018676758,123.17676115036011,False
CIFAR10,resnet18,distance_variance_cover,2,distance_variance_cover_2_50b,complete,28,1500,54.71999855041504,166.0,52.22999908447266,120.38591384887695,1.413238286972046,1.3253791332244873,123.12453126907349,False
CIFAR10,resnet18,distance_variance_cover,2,distance_variance_cover_2_50b,complete,29,1550,56.279998779296875,182.0,54.799998626708984,123.67490983009338,1.4922196865081787,1.2378904819488525,126.40501999855042,False
CIFAR10,resnet18,distance_variance_cover,2,distance_variance_cover_2_50b,complete,30,1600,54.79999885559082,188.0,53.67999912261963,123.8414409160614,1.399569034576416,1.3829240798950195,126.62393403053284,False
CIFAR10,resnet18,distance_variance_cover,2,distance_variance_cover_2_50b,complete,31,1650,55.379998779296876,198.0,54.07999891281128,127.013423204422,1.4110119342803955,1.2329115867614746,129.65734672546387,False
CIFAR10,resnet18,distance_variance_cover,2,distance_variance_cover_2_50b,complete,32,1700,59.519998741149905,188.0,57.54999853134155,127.16382241249084,1.4015355110168457,1.352508306503296,129.917866230011,False
CIFAR10,resnet18,distance_variance_cover,2,distance_variance_cover_2_50b,complete,33,1750,55.97999885559082,156.0,54.02999897003174,130.5579400062561,1.4145662784576416,1.3929636478424072,133.36546993255615,False
CIFAR10,resnet18,distance_variance_cover,2,distance_variance_cover_2_50b,complete,34,1800,57.29999908447266,170.0,55.26999877929688,130.0597710609436,1.4893519878387451,1.2839679718017578,132.8330910205841,False
CIFAR10,resnet18,distance_variance_cover,2,distance_variance_cover_2_50b,complete,35,1850,59.139998779296874,182.0,56.85999870300293,134.51625084877014,1.421466588973999,2.2245168685913086,138.16223430633545,False
CIFAR10,resnet18,distance_variance_cover,2,distance_variance_cover_2_50b,complete,36,1900,58.63999809265137,136.0,57.14999910354614,134.07662725448608,1.4480228424072266,1.3610913753509521,136.88574147224426,False
CIFAR10,resnet18,distance_variance_cover,2,distance_variance_cover_2_50b,complete,37,1950,58.17999885559082,188.0,55.87999862670898,137.89123058319092,1.4305403232574463,1.2683746814727783,140.59014558792114,False
CIFAR10,resnet18,distance_variance_cover,2,distance_variance_cover_2_50b,complete,38,2000,57.85999847412109,190.0,56.429998550415036,138.81587934494019,1.4528834819793701,1.2398505210876465,141.5086133480072,False
CIFAR10,resnet18,distance_variance_cover,2,distance_variance_cover_2_50b,complete,39,2050,59.359998512268064,178.0,57.11999879837036,142.99244356155396,1.4252347946166992,1.386876106262207,145.80455446243286,False
CIFAR10,resnet18,distance_variance_cover,2,distance_variance_cover_2_50b,complete,40,2100,59.099997940063474,172.0,57.31999889373779,141.89933395385742,1.4565339088439941,1.2684743404388428,144.62434220314026,False
CIFAR10,resnet18,distance_variance_cover,2,distance_variance_cover_2_50b,complete,41,2150,60.719998092651366,178.0,58.849998531341555,146.969074010849,1.4269256591796875,1.3351147174835205,149.7311143875122,False
CIFAR10,resnet18,distance_variance_cover,2,distance_variance_cover_2_50b,complete,42,2200,58.81999897003174,182.0,56.569999084472656,146.75572729110718,1.421823501586914,1.3231561183929443,149.50070691108704,False
CIFAR10,resnet18,distance_variance_cover,2,distance_variance_cover_2_50b,complete,43,2250,58.319998779296874,126.0,56.929998512268064,150.58863401412964,1.5343213081359863,1.240222692489624,153.36317801475525,False
CIFAR10,resnet18,distance_variance_cover,2,distance_variance_cover_2_50b,complete,44,2300,59.819998550415036,196.0,58.64999839782715,149.82010650634766,1.4007518291473389,1.256425380706787,152.47728371620178,False
CIFAR10,resnet18,distance_variance_cover,2,distance_variance_cover_2_50b,complete,45,2350,59.61999870300293,156.0,57.45999866485596,153.94683122634888,1.394672155380249,1.3271842002868652,156.668687582016,False
CIFAR10,resnet18,distance_variance_cover,2,distance_variance_cover_2_50b,complete,46,2400,58.41999919891357,166.0,57.639999046325684,153.77988934516907,1.431330680847168,2.288353204727173,157.4995732307434,False
CIFAR10,resnet18,distance_variance_cover,2,distance_variance_cover_2_50b,complete,47,2450,59.4199983215332,166.0,57.51999881744385,157.3404097557068,1.4240543842315674,1.2648756504058838,160.02933979034424,False
CIFAR10,resnet18,distance_variance_cover,2,distance_variance_cover_2_50b,complete,48,2500,61.17999847412109,186.0,58.42999853134155,159.15784072875977,1.4384212493896484,1.2390315532684326,161.83529353141785,False
CIFAR10,resnet18,distance_variance_cover,2,distance_variance_cover_2_50b,complete,49,2550,60.5199983215332,194.0,58.99999868392944,161.074805021286,1.4883787631988525,1.2688865661621094,163.83207035064697,False
CIFAR10,resnet18,distance_variance_cover,2,distance_variance_cover_2_50b,complete,50,2600,60.25999900817871,174.0,57.95999868392944,161.4617931842804,1.4297637939453125,1.3935604095458984,164.2851173877716,False
CIFAR10,resnet18,distance_variance_cover,2,distance_variance_cover_2_50b,complete,51,2650,61.45999862670899,168.0,59.10999877929687,165.071537733078,1.4604270458221436,2.401827573776245,168.9337923526764,False
CIFAR10,resnet18,distance_variance_cover,2,distance_variance_cover_2_50b,complete,52,2700,60.6599983215332,176.0,59.45999889373779,165.9418807029724,1.4138174057006836,1.4951176643371582,168.85081577301025,False
CIFAR10,resnet18,distance_variance_cover,2,distance_variance_cover_2_50b,complete,53,2750,61.87999881744385,140.0,59.60999843597412,169.10438179969788,1.4152801036834717,1.3749589920043945,171.89462089538574,False
CIFAR10,resnet18,distance_variance_cover,2,distance_variance_cover_2_50b,complete,54,2800,61.87999885559082,174.0,60.13999876022339,169.42743635177612,1.4493935108184814,1.361619234085083,172.2384490966797,False
CIFAR10,resnet18,distance_variance_cover,2,distance_variance_cover_2_50b,complete,55,2850,61.71999897003174,182.0,59.61999858856201,172.16928267478943,1.3965883255004883,1.7166054248809814,175.2824764251709,False
CIFAR10,resnet18,distance_variance_cover,2,distance_variance_cover_2_50b,complete,56,2900,61.159998741149906,160.0,59.89999877929687,172.22608613967896,1.500934362411499,1.63006591796875,175.3570864200592,False
CIFAR10,resnet18,distance_variance_cover,2,distance_variance_cover_2_50b,complete,57,2950,62.39999824523926,128.0,60.749998245239254,176.83752989768982,1.4190082550048828,1.2561118602752686,179.51265001296997,False
CIFAR10,resnet18,distance_variance_cover,2,distance_variance_cover_2_50b,complete,58,3000,62.779998321533206,172.0,61.519998474121095,173.95434474945068,1.381375789642334,1.6270971298217773,176.9628176689148,False
CIFAR10,resnet18,distance_variance_cover,2,distance_variance_cover_2_50b,complete,59,3050,62.799998168945315,196.0,60.59999862670898,178.76246309280396,1.417992353439331,1.3568623065948486,181.53731775283813,False
CIFAR10,resnet18,distance_variance_cover,2,distance_variance_cover_2_50b,complete,60,3100,62.53999855041504,196.0,60.68999834060669,179.7879195213318,1.385835886001587,1.2911982536315918,182.46495366096497,False
CIFAR10,resnet18,distance_variance_cover,2,distance_variance_cover_2_50b,complete,61,3150,63.65999897003174,176.0,61.66999856948853,183.44011974334717,1.473252773284912,1.360649585723877,186.27402210235596,False
CIFAR10,resnet18,distance_variance_cover,2,distance_variance_cover_2_50b,complete,62,3200,64.53999835968017,182.0,61.799998664855956,188.0194194316864,1.449160099029541,1.276993751525879,190.74557328224182,False
CIFAR10,resnet18,distance_variance_cover,2,distance_variance_cover_2_50b,complete,63,3250,61.93999870300293,192.0,60.37999864578247,191.59612894058228,1.443624496459961,1.2634508609771729,194.3032042980194,False
CIFAR10,resnet18,distance_variance_cover,2,distance_variance_cover_2_50b,complete,64,3300,63.73999786376953,162.0,62.30999868392944,191.22429251670837,1.530348300933838,1.2730562686920166,194.02769708633423,False
CIFAR10,resnet18,distance_variance_cover,2,distance_variance_cover_2_50b,complete,65,3350,64.55999839782714,140.0,62.25999883651733,195.0938856601715,1.42775297164917,1.3841300010681152,197.9057686328888,False
CIFAR10,resnet18,distance_variance_cover,2,distance_variance_cover_2_50b,complete,66,3400,63.9799983215332,196.0,62.189998416900636,195.07444763183594,1.4765713214874268,1.384556770324707,197.93557572364807,False
CIFAR10,resnet18,distance_variance_cover,2,distance_variance_cover_2_50b,complete,67,3450,63.17999820709228,194.0,61.74999847412109,198.950936794281,1.4290616512298584,1.6441895961761475,202.024188041687,False
CIFAR10,resnet18,distance_variance_cover,2,distance_variance_cover_2_50b,complete,68,3500,64.11999885559082,190.0,63.42999847412109,199.45578527450562,1.402188777923584,1.2686710357666016,202.1266450881958,False
CIFAR10,resnet18,distance_variance_cover,2,distance_variance_cover_2_50b,complete,69,3550,64.45999885559081,166.0,62.899998054504394,202.52970910072327,1.4498567581176758,1.3866193294525146,205.36618518829346,False
CIFAR10,resnet18,distance_variance_cover,2,distance_variance_cover_2_50b,complete,70,3600,64.39999855041503,182.0,62.46999828338623,203.83149600028992,1.4416744709014893,1.3704156875610352,206.64358615875244,False
CIFAR10,resnet18,distance_variance_cover,2,distance_variance_cover_2_50b,complete,71,3650,65.33999809265137,168.0,63.15999855041504,207.79736828804016,1.417966365814209,1.366852045059204,210.58218669891357,False
CIFAR10,resnet18,distance_variance_cover,2,distance_variance_cover_2_50b,complete,72,3700,65.45999839782715,192.0,63.54999855041504,204.76494693756104,1.427363634109497,2.3027503490448,208.49506092071533,False
CIFAR10,resnet18,distance_variance_cover,2,distance_variance_cover_2_50b,complete,73,3750,66.03999820709228,140.0,64.41999839782716,209.37302923202515,1.5763537883758545,1.3443233966827393,212.29370641708374,False
CIFAR10,resnet18,distance_variance_cover,2,distance_variance_cover_2_50b,complete,74,3800,66.35999794006348,184.0,65.1499981689453,209.2435576915741,1.460442304611206,2.741786479949951,213.44578647613525,False
CIFAR10,resnet18,distance_variance_cover,2,distance_variance_cover_2_50b,complete,75,3850,65.41999858856201,170.0,64.00999849319459,214.02375268936157,1.443551778793335,1.3793871402740479,216.84669160842896,False
CIFAR10,resnet18,distance_variance_cover,2,distance_variance_cover_2_50b,complete,76,3900,64.55999824523926,170.0,63.02999864578247,212.38647985458374,1.4125397205352783,1.4008116722106934,215.1998312473297,False
CIFAR10,resnet18,distance_variance_cover,2,distance_variance_cover_2_50b,complete,77,3950,66.65999816894532,192.0,64.51999837875366,216.3917579650879,1.4038341045379639,1.6328318119049072,219.42842388153076,False
CIFAR10,resnet18,distance_variance_cover,2,distance_variance_cover_2_50b,complete,78,4000,67.69999767303466,182.0,65.7999986076355,219.26956820487976,1.4199268817901611,1.4973454475402832,222.1868405342102,False
CIFAR10,resnet18,distance_variance_cover,2,distance_variance_cover_2_50b,complete,79,4050,67.83999839782715,182.0,66.74999813079833,222.31174635887146,1.5110819339752197,2.069927930831909,225.8927562236786,False
CIFAR10,resnet18,distance_variance_cover,2,distance_variance_cover_2_50b,complete,80,4100,65.35999828338623,164.0,64.32999828338623,221.75784993171692,1.4752025604248047,2.006277561187744,225.23933005332947,False
CIFAR10,resnet18,distance_variance_cover,2,distance_variance_cover_2_50b,complete,81,4150,66.37999816894532,182.0,65.05999853134156,224.954998254776,1.4083325862884521,1.9456896781921387,228.3090205192566,False
CIFAR10,resnet18,distance_variance_cover,2,distance_variance_cover_2_50b,complete,82,4200,66.13999794006347,158.0,65.05999816894531,226.2316026687622,1.421605110168457,1.4364724159240723,229.08968019485474,False
CIFAR10,resnet18,distance_variance_cover,2,distance_variance_cover_2_50b,complete,83,4250,65.75999851226807,164.0,65.26999813079834,229.5443971157074,1.5063011646270752,1.3087425231933594,232.35944080352783,False
CIFAR10,resnet18,distance_variance_cover,2,distance_variance_cover_2_50b,complete,84,4300,67.39999858856201,194.0,67.08999835968018,229.5376513004303,1.523813247680664,1.27364182472229,232.33510637283325,False
CIFAR10,resnet18,distance_variance_cover,2,distance_variance_cover_2_50b,complete,85,4350,67.2399979019165,186.0,66.31999830245971,232.87729620933533,1.422978162765503,1.593919038772583,235.8941934108734,False
CIFAR10,resnet18,distance_variance_cover,2,distance_variance_cover_2_50b,complete,86,4400,67.05999816894531,160.0,65.87999814987182,234.25286722183228,1.4194526672363281,1.392751693725586,237.0650715827942,False
CIFAR10,resnet18,distance_variance_cover,2,distance_variance_cover_2_50b,complete,87,4450,65.69999858856201,186.0,64.62999832153321,237.6058337688446,1.484673023223877,1.369279384613037,240.45978617668152,False
CIFAR10,resnet18,distance_variance_cover,2,distance_variance_cover_2_50b,complete,88,4500,67.1199982070923,174.0,66.47999843597412,236.1143548488617,1.4488906860351562,3.4702751636505127,241.03352069854736,False
CIFAR10,resnet18,distance_variance_cover,2,distance_variance_cover_2_50b,complete,89,4550,67.59999855041504,194.0,66.38999818801881,240.7274911403656,1.4147155284881592,1.3778760433197021,243.52008271217346,False
CIFAR10,resnet18,distance_variance_cover,2,distance_variance_cover_2_50b,complete,90,4600,68.07999809265137,174.0,67.17999794006349,242.05332469940186,1.4310286045074463,1.5095727443695068,244.9939260482788,False
CIFAR10,resnet18,distance_variance_cover,2,distance_variance_cover_2_50b,complete,91,4650,67.83999828338622,172.0,66.8799980354309,245.66284608840942,1.4392271041870117,1.3955740928649902,248.49764728546143,False
CIFAR10,resnet18,distance_variance_cover,2,distance_variance_cover_2_50b,complete,92,4700,67.35999835968018,168.0,66.42999814987184,245.3683044910431,1.4887282848358154,1.9595513343811035,248.81658411026,False
CIFAR10,resnet18,distance_variance_cover,2,distance_variance_cover_2_50b,complete,93,4750,68.59999828338623,198.0,67.94999820709228,248.7614142894745,1.453819990158081,1.4056215286254883,251.62085580825806,False
CIFAR10,resnet18,distance_variance_cover,2,distance_variance_cover_2_50b,complete,94,4800,66.61999809265137,164.0,66.09999851226806,248.8704617023468,1.4553427696228027,1.3686113357543945,251.694415807724,False
CIFAR10,resnet18,distance_variance_cover,2,distance_variance_cover_2_50b,complete,95,4850,68.35999866485596,190.0,68.0299981880188,252.49626898765564,1.4045674800872803,1.6214165687561035,255.52225303649902,False
CIFAR10,resnet18,distance_variance_cover,2,distance_variance_cover_2_50b,complete,96,4900,68.3599983215332,156.0,66.87999816894532,253.1572082042694,1.436490774154663,1.2898492813110352,255.8835482597351,False
CIFAR10,resnet18,distance_variance_cover,2,distance_variance_cover_2_50b,complete,97,4950,70.47999782562256,154.0,68.56999828338623,256.6038444042206,1.57415771484375,3.3434054851531982,261.52140760421753,False
CIFAR10,resnet18,distance_variance_cover,2,distance_variance_cover_2_50b,complete,98,5000,69.69999853134155,200.0,69.01999826431275,256.92290925979614,1.4548609256744385,1.3769307136535645,259.75470089912415,False
CIFAR10,resnet18,distance_variance_cover,2,distance_variance_cover_2_50b,complete,99,5050,69.9199983215332,158.0,69.32999834060669,260.1556565761566,1.5476539134979248,1.2967591285705566,263.0000696182251,False
CIFAR10,resnet18,distance_variance_cover,2,distance_variance_cover_2_50b,complete,100,5050,70.23999828338623,184.0,69.13999824523925,261.3113145828247,1.4771416187286377,0.0,262.78845620155334,False
CIFAR10,resnet18,distance_variance_cover,3,distance_variance_cover_3_50b,complete,-1,50,,,,,,42.04920148849487,42.04920148849487,True
CIFAR10,resnet18,distance_variance_cover,3,distance_variance_cover_3_50b,complete,0,100,23.179999847412105,118.0,23.239999999999995,72.9686017036438,1.408499002456665,1.4464774131774902,75.82357811927795,False
CIFAR10,resnet18,distance_variance_cover,3,distance_variance_cover_3_50b,complete,1,150,27.43999946594238,178.0,27.34999969482422,73.25667786598206,1.4545283317565918,2.535849094390869,77.24705529212952,False
CIFAR10,resnet18,distance_variance_cover,3,distance_variance_cover_3_50b,complete,2,200,30.399998931884767,186.0,31.429998931884768,73.16957926750183,1.5341112613677979,1.6475231647491455,76.35121369361877,False
CIFAR10,resnet18,distance_variance_cover,3,distance_variance_cover_3_50b,complete,3,250,32.2599991607666,198.0,32.869999198913575,77.55149245262146,1.445209264755249,1.4407548904418945,80.4374566078186,False
CIFAR10,resnet18,distance_variance_cover,3,distance_variance_cover_3_50b,complete,4,300,35.21999877929687,188.0,35.54999897003174,77.92175483703613,1.4462921619415283,1.4515490531921387,80.8195960521698,False
CIFAR10,resnet18,distance_variance_cover,3,distance_variance_cover_3_50b,complete,5,350,36.25999908447265,194.0,37.56999919891357,81.62251615524292,1.4727716445922852,1.3402204513549805,84.43550825119019,False
CIFAR10,resnet18,distance_variance_cover,3,distance_variance_cover_3_50b,complete,6,400,38.35999900817871,160.0,38.91999900817871,81.13544511795044,1.4627015590667725,1.862499713897705,84.46064639091492,False
CIFAR10,resnet18,distance_variance_cover,3,distance_variance_cover_3_50b,complete,7,450,39.319998550415036,172.0,40.019998664855954,84.6614305973053,1.4236199855804443,1.3989660739898682,87.48401665687561,False
CIFAR10,resnet18,distance_variance_cover,3,distance_variance_cover_3_50b,complete,8,500,41.03999870300293,144.0,41.08999828338623,85.53690481185913,1.5206477642059326,2.1629018783569336,89.220454454422,False
CIFAR10,resnet18,distance_variance_cover,3,distance_variance_cover_3_50b,complete,9,550,40.55999893188476,188.0,39.93999877929687,88.54205393791199,1.5856573581695557,1.2722351551055908,91.39994645118713,False
CIFAR10,resnet18,distance_variance_cover,3,distance_variance_cover_3_50b,complete,10,600,43.57999954223633,174.0,43.39999866485596,89.18096113204956,1.4444231986999512,1.3875336647033691,92.01291799545288,False
CIFAR10,resnet18,distance_variance_cover,3,distance_variance_cover_3_50b,complete,11,650,43.75999885559082,168.0,43.159998664855955,92.79112243652344,1.4870567321777344,2.4089574813842773,96.68713665008545,False
CIFAR10,resnet18,distance_variance_cover,3,distance_variance_cover_3_50b,complete,12,700,46.47999877929688,190.0,45.60999904632568,92.85553884506226,1.426886796951294,1.6422877311706543,95.9247133731842,False
CIFAR10,resnet18,distance_variance_cover,3,distance_variance_cover_3_50b,complete,13,750,46.23999908447266,186.0,45.429998779296874,95.77765798568726,1.4095046520233154,1.394848346710205,98.58201098442078,False
CIFAR10,resnet18,distance_variance_cover,3,distance_variance_cover_3_50b,complete,14,800,46.03999870300293,168.0,44.69999908447266,96.89673829078674,1.4503686428070068,3.371349811553955,101.7184567451477,False
CIFAR10,resnet18,distance_variance_cover,3,distance_variance_cover_3_50b,complete,15,850,47.659998931884765,142.0,47.77999912261963,99.61048889160156,1.4351508617401123,2.4200191497802734,103.46565890312195,False
CIFAR10,resnet18,distance_variance_cover,3,distance_variance_cover_3_50b,complete,16,900,48.55999969482422,176.0,47.18999908447265,100.25246715545654,1.51572585105896,1.3430321216583252,103.11122512817383,False
CIFAR10,resnet18,distance_variance_cover,3,distance_variance_cover_3_50b,complete,17,950,48.619998931884766,126.0,49.039999122619626,103.7977991104126,1.539093017578125,1.491621732711792,106.82851386070251,False
CIFAR10,resnet18,distance_variance_cover,3,distance_variance_cover_3_50b,complete,18,1000,49.719999389648436,186.0,48.929999351501465,103.77795338630676,1.5524358749389648,2.2383580207824707,107.5687472820282,False
CIFAR10,resnet18,distance_variance_cover,3,distance_variance_cover_3_50b,complete,19,1050,50.49999923706055,194.0,49.789998893737796,106.73534345626831,1.4273457527160645,1.3363919258117676,109.49908113479614,False
CIFAR10,resnet18,distance_variance_cover,3,distance_variance_cover_3_50b,complete,20,1100,50.339999237060546,166.0,49.47999923706055,107.67741012573242,1.4107441902160645,1.6186234951019287,110.70677781105042,False
CIFAR10,resnet18,distance_variance_cover,3,distance_variance_cover_3_50b,complete,21,1150,52.69999908447266,180.0,52.79999935150146,111.19731593132019,1.5119943618774414,1.4486095905303955,114.15791988372803,False
CIFAR10,resnet18,distance_variance_cover,3,distance_variance_cover_3_50b,complete,22,1200,51.99999946594238,168.0,50.86999912261963,111.24169206619263,1.5233688354492188,1.3427436351776123,114.10780453681946,False
CIFAR10,resnet18,distance_variance_cover,3,distance_variance_cover_3_50b,complete,23,1250,52.579999084472654,198.0,51.66999893188476,115.20097017288208,1.4344847202301025,1.5322856903076172,118.1677405834198,False
CIFAR10,resnet18,distance_variance_cover,3,distance_variance_cover_3_50b,complete,24,1300,54.779998779296875,182.0,53.85999893188477,115.98760724067688,1.4371612071990967,2.7183585166931152,120.14312696456909,False
CIFAR10,resnet18,distance_variance_cover,3,distance_variance_cover_3_50b,complete,25,1350,54.27999942779541,194.0,53.50999881744385,118.76846075057983,1.4703445434570312,1.4849073886871338,121.723712682724,False
CIFAR10,resnet18,distance_variance_cover,3,distance_variance_cover_3_50b,complete,26,1400,54.39999855041504,194.0,53.15999881744385,118.72025966644287,1.4802806377410889,1.4514851570129395,121.6520254611969,False
CIFAR10,resnet18,distance_variance_cover,3,distance_variance_cover_3_50b,complete,27,1450,55.41999862670898,172.0,55.08999885559082,123.74100756645203,1.6796152591705322,2.9080698490142822,128.32869267463684,False
CIFAR10,resnet18,distance_variance_cover,3,distance_variance_cover_3_50b,complete,28,1500,56.27999870300293,152.0,55.57999858856201,121.82176661491394,1.5263328552246094,2.2580316066741943,125.60613107681274,False
CIFAR10,resnet18,distance_variance_cover,3,distance_variance_cover_3_50b,complete,29,1550,56.379998741149905,196.0,55.28999919891358,126.90435147285461,1.459320306777954,1.4320664405822754,129.79573822021484,False
CIFAR10,resnet18,distance_variance_cover,3,distance_variance_cover_3_50b,complete,30,1600,56.41999893188476,190.0,55.68999897003174,126.55485320091248,1.431018352508545,1.4122710227966309,129.39814257621765,False
CIFAR10,resnet18,distance_variance_cover,3,distance_variance_cover_3_50b,complete,31,1650,57.65999870300293,182.0,56.59999870300293,130.33398699760437,1.4126827716827393,1.4334900379180908,133.1801598072052,False
CIFAR10,resnet18,distance_variance_cover,3,distance_variance_cover_3_50b,complete,32,1700,57.19999900817871,118.0,55.85999877929687,129.6237826347351,1.4226458072662354,2.012620687484741,133.05904912948608,False
CIFAR10,resnet18,distance_variance_cover,3,distance_variance_cover_3_50b,complete,33,1750,58.059998474121095,126.0,56.72999883651733,133.30088877677917,1.473785638809204,2.015681505203247,136.79035592079163,False
CIFAR10,resnet18,distance_variance_cover,3,distance_variance_cover_3_50b,complete,34,1800,58.739999237060545,184.0,58.23999879837036,133.95866060256958,1.4251606464385986,1.511744499206543,136.89556574821472,False
CIFAR10,resnet18,distance_variance_cover,3,distance_variance_cover_3_50b,complete,35,1850,58.419998779296876,138.0,56.66999893188476,137.39033699035645,1.4441990852355957,1.486943006515503,140.32147908210754,False
CIFAR10,resnet18,distance_variance_cover,3,distance_variance_cover_3_50b,complete,36,1900,57.27999862670899,154.0,56.16999858856201,137.02894854545593,1.4330062866210938,1.4399278163909912,139.90188264846802,False
CIFAR10,resnet18,distance_variance_cover,3,distance_variance_cover_3_50b,complete,37,1950,58.539998855590824,186.0,57.12999895095825,142.6923439502716,1.7178289890289307,1.6722803115844727,146.082453250885,False
CIFAR10,resnet18,distance_variance_cover,3,distance_variance_cover_3_50b,complete,38,2000,58.55999893188476,200.0,58.14999847412109,141.2036168575287,1.4585800170898438,1.4856834411621094,144.14788031578064,False
CIFAR10,resnet18,distance_variance_cover,3,distance_variance_cover_3_50b,complete,39,2050,57.95999828338623,154.0,57.35999900817871,144.99511289596558,1.40775728225708,1.4844443798065186,147.88731455802917,False
CIFAR10,resnet18,distance_variance_cover,3,distance_variance_cover_3_50b,complete,40,2100,57.59999893188476,186.0,57.16999849319458,146.36982774734497,1.4744267463684082,1.471118450164795,149.31537294387817,False
CIFAR10,resnet18,distance_variance_cover,3,distance_variance_cover_3_50b,complete,41,2150,59.39999843597412,162.0,57.689998645782474,149.9527394771576,1.431532621383667,1.4874820709228516,152.8717541694641,False
CIFAR10,resnet18,distance_variance_cover,3,distance_variance_cover_3_50b,complete,42,2200,58.53999847412109,158.0,57.76999855041504,149.67973256111145,1.4394114017486572,1.3587226867675781,152.47786664962769,False
CIFAR10,resnet18,distance_variance_cover,3,distance_variance_cover_3_50b,complete,43,2250,60.01999858856201,196.0,58.819998817443846,153.3110363483429,1.576767921447754,1.333669900894165,156.22147417068481,False
CIFAR10,resnet18,distance_variance_cover,3,distance_variance_cover_3_50b,complete,44,2300,58.79999851226807,198.0,58.44999883651733,153.9625072479248,1.4546444416046143,2.8815248012542725,158.2986764907837,False
CIFAR10,resnet18,distance_variance_cover,3,distance_variance_cover_3_50b,complete,45,2350,59.57999885559082,176.0,58.439998645782474,158.8716208934784,1.4236910343170166,1.8541226387023926,162.1494345664978,False
CIFAR10,resnet18,distance_variance_cover,3,distance_variance_cover_3_50b,complete,46,2400,60.33999870300293,192.0,59.37999824523926,157.02653241157532,1.456456184387207,1.6738061904907227,160.15679478645325,False
CIFAR10,resnet18,distance_variance_cover,3,distance_variance_cover_3_50b,complete,47,2450,60.21999855041504,172.0,59.16999841690063,161.4808623790741,1.5320398807525635,1.6921677589416504,164.7050700187683,False
CIFAR10,resnet18,distance_variance_cover,3,distance_variance_cover_3_50b,complete,48,2500,60.599998512268066,178.0,59.769998741149905,160.9263560771942,1.4114019870758057,1.7081449031829834,164.045902967453,False
CIFAR10,resnet18,distance_variance_cover,3,distance_variance_cover_3_50b,complete,49,2550,61.67999824523926,188.0,59.869998397827146,164.7632553577423,1.4471843242645264,1.7908868789672852,168.00132656097412,False
CIFAR10,resnet18,distance_variance_cover,3,distance_variance_cover_3_50b,complete,50,2600,60.37999839782715,182.0,58.77999870300293,164.41722011566162,1.482731819152832,1.7691643238067627,167.66911625862122,False
CIFAR10,resnet18,distance_variance_cover,3,distance_variance_cover_3_50b,complete,51,2650,61.419998512268066,174.0,60.40999856948852,169.88932037353516,1.4407222270965576,1.8209912776947021,173.15103387832642,False
CIFAR10,resnet18,distance_variance_cover,3,distance_variance_cover_3_50b,complete,52,2700,62.159998397827145,146.0,60.869998683929445,168.30046844482422,1.4270176887512207,1.7719476222991943,171.49943375587463,False
CIFAR10,resnet18,distance_variance_cover,3,distance_variance_cover_3_50b,complete,53,2750,60.95999897003174,164.0,59.47999849319458,172.34600162506104,1.4314079284667969,1.837998390197754,175.6154079437256,False
CIFAR10,resnet18,distance_variance_cover,3,distance_variance_cover_3_50b,complete,54,2800,62.15999786376953,200.0,61.45999881744385,172.90076780319214,1.4775011539459229,1.796360969543457,176.17462992668152,False
CIFAR10,resnet18,distance_variance_cover,3,distance_variance_cover_3_50b,complete,55,2850,61.47999820709229,180.0,59.88999866485596,176.1135699748993,1.4255626201629639,1.7178897857666016,179.25702238082886,False
CIFAR10,resnet18,distance_variance_cover,3,distance_variance_cover_3_50b,complete,56,2900,62.13999835968018,176.0,60.769998722076416,176.67865347862244,1.4671125411987305,2.748944044113159,180.89471006393433,False
CIFAR10,resnet18,distance_variance_cover,3,distance_variance_cover_3_50b,complete,57,2950,62.819998550415036,196.0,61.829998378753665,179.66234421730042,1.435654878616333,3.1328489780426025,184.23084807395935,False
CIFAR10,resnet18,distance_variance_cover,3,distance_variance_cover_3_50b,complete,58,3000,63.27999816894531,178.0,62.68999849319458,181.3975534439087,1.6671218872070312,3.363809585571289,186.428484916687,False
CIFAR10,resnet18,distance_variance_cover,3,distance_variance_cover_3_50b,complete,59,3050,62.6199987411499,168.0,61.329998683929446,185.588520526886,1.4391098022460938,2.938960552215576,189.96659088134766,False
CIFAR10,resnet18,distance_variance_cover,3,distance_variance_cover_3_50b,complete,60,3100,63.63999816894531,176.0,62.77999856948853,184.4399230480194,1.4214515686035156,2.3857829570770264,188.24715757369995,False
CIFAR10,resnet18,distance_variance_cover,3,distance_variance_cover_3_50b,complete,61,3150,63.29999851226807,132.0,62.33999856948853,189.74446845054626,1.5312871932983398,2.2669291496276855,193.5426847934723,False
CIFAR10,resnet18,distance_variance_cover,3,distance_variance_cover_3_50b,complete,62,3200,63.51999839782715,168.0,62.77999841690063,188.94669461250305,1.4285759925842285,2.783923864364624,193.1591944694519,False
CIFAR10,resnet18,distance_variance_cover,3,distance_variance_cover_3_50b,complete,63,3250,63.75999820709229,162.0,62.789998321533204,194.03221988677979,1.430765151977539,2.9467155933380127,198.40970063209534,False
CIFAR10,resnet18,distance_variance_cover,3,distance_variance_cover_3_50b,complete,64,3300,62.879998207092285,178.0,62.65999856948852,192.39252948760986,1.428898572921753,2.483110189437866,196.30453824996948,False
CIFAR10,resnet18,distance_variance_cover,3,distance_variance_cover_3_50b,complete,65,3350,63.89999855041504,180.0,62.66999856948853,195.08995962142944,1.457038402557373,2.5632174015045166,199.11021542549133,False
CIFAR10,resnet18,distance_variance_cover,3,distance_variance_cover_3_50b,complete,66,3400,64.05999824523926,160.0,63.079998683929446,196.58578515052795,1.4361929893493652,2.579662799835205,200.60164093971252,False
CIFAR10,resnet18,distance_variance_cover,3,distance_variance_cover_3_50b,complete,67,3450,64.97999813079835,176.0,64.28999837875367,199.89185190200806,1.4248201847076416,2.703585147857666,204.02025723457336,False
CIFAR10,resnet18,distance_variance_cover,3,distance_variance_cover_3_50b,complete,68,3500,65.31999816894532,200.0,63.93999858856201,199.07563090324402,1.5387959480285645,2.399907350540161,203.01433420181274,False
CIFAR10,resnet18,distance_variance_cover,3,distance_variance_cover_3_50b,complete,69,3550,63.999998550415036,172.0,63.05999834060669,203.48074579238892,1.4175479412078857,2.4737439155578613,207.37203764915466,False
CIFAR10,resnet18,distance_variance_cover,3,distance_variance_cover_3_50b,complete,70,3600,63.85999824523926,182.0,63.629998531341556,203.6899712085724,1.4243803024291992,2.4814298152923584,207.59578132629395,False
CIFAR10,resnet18,distance_variance_cover,3,distance_variance_cover_3_50b,complete,71,3650,64.43999835968017,190.0,63.829998626708985,205.27953624725342,1.5802314281463623,2.421109437942505,209.28087711334229,False
CIFAR10,resnet18,distance_variance_cover,3,distance_variance_cover_3_50b,complete,72,3700,64.31999885559082,186.0,63.609998302459715,206.26315021514893,1.4327774047851562,2.527212142944336,210.22313976287842,False
CIFAR10,resnet18,distance_variance_cover,3,distance_variance_cover_3_50b,complete,73,3750,64.73999828338623,172.0,63.89999872207642,211.45458889007568,1.5015292167663574,2.1518914699554443,215.10800957679749,False
CIFAR10,resnet18,distance_variance_cover,3,distance_variance_cover_3_50b,complete,74,3800,65.03999820709228,118.0,64.66999849319458,213.81373810768127,1.458237886428833,2.1058552265167236,217.37783122062683,False
CIFAR10,resnet18,distance_variance_cover,3,distance_variance_cover_3_50b,complete,75,3850,66.15999820709229,184.0,64.88999795913696,216.49346232414246,1.4545555114746094,1.851557970046997,219.79957580566406,False
CIFAR10,resnet18,distance_variance_cover,3,distance_variance_cover_3_50b,complete,76,3900,65.93999828338623,152.0,65.2499984550476,215.9201898574829,1.439049243927002,1.3914909362792969,218.7507300376892,False
CIFAR10,resnet18,distance_variance_cover,3,distance_variance_cover_3_50b,complete,77,3950,65.81999839782715,154.0,65.82999811172485,219.44507670402527,1.4620530605316162,1.28659987449646,222.19372963905334,False
CIFAR10,resnet18,distance_variance_cover,3,distance_variance_cover_3_50b,complete,78,4000,67.35999824523927,174.0,66.16999822616577,219.52077913284302,1.4302515983581543,1.2715532779693604,222.22258400917053,False
CIFAR10,resnet18,distance_variance_cover,3,distance_variance_cover_3_50b,complete,79,4050,66.67999847412109,176.0,65.77999839782714,223.70455622673035,1.477677583694458,1.3802204132080078,226.5624542236328,False
CIFAR10,resnet18,distance_variance_cover,3,distance_variance_cover_3_50b,complete,80,4100,66.23999809265138,182.0,66.06999786376953,223.22952318191528,1.5404791831970215,1.280703067779541,226.05070543289185,False
CIFAR10,resnet18,distance_variance_cover,3,distance_variance_cover_3_50b,complete,81,4150,66.07999805450439,168.0,64.85999824523927,227.3439040184021,1.4400348663330078,1.387385368347168,230.17132425308228,False
CIFAR10,resnet18,distance_variance_cover,3,distance_variance_cover_3_50b,complete,82,4200,67.53999843597413,162.0,66.26999837875366,226.78032326698303,1.4639172554016113,2.2490198612213135,230.49326038360596,False
CIFAR10,resnet18,distance_variance_cover,3,distance_variance_cover_3_50b,complete,83,4250,65.79999835968017,146.0,65.50999849319459,231.53959226608276,1.5672228336334229,1.6498618125915527,234.75667691230774,False
CIFAR10,resnet18,distance_variance_cover,3,distance_variance_cover_3_50b,complete,84,4300,68.15999828338623,194.0,66.88999824523925,231.1728503704071,1.5282821655273438,2.7698395252227783,235.47097206115723,False
CIFAR10,resnet18,distance_variance_cover,3,distance_variance_cover_3_50b,complete,85,4350,65.95999824523926,184.0,65.21999782562256,233.03847098350525,1.4422540664672852,1.934002161026001,236.41472721099854,False
CIFAR10,resnet18,distance_variance_cover,3,distance_variance_cover_3_50b,complete,86,4400,68.51999809265136,162.0,67.44999784469604,235.0592062473297,1.452761173248291,2.7874319553375244,239.29939937591553,False
CIFAR10,resnet18,distance_variance_cover,3,distance_variance_cover_3_50b,complete,87,4450,66.99999839782714,182.0,66.8899980354309,238.7587959766388,1.5146081447601318,3.3992795944213867,243.6726837158203,False
CIFAR10,resnet18,distance_variance_cover,3,distance_variance_cover_3_50b,complete,88,4500,67.77999843597412,178.0,66.93999795913696,239.36516189575195,1.4748079776763916,3.0921809673309326,243.93215084075928,False
CIFAR10,resnet18,distance_variance_cover,3,distance_variance_cover_3_50b,complete,89,4550,67.49999816894531,198.0,66.92999841690064,240.87077713012695,1.430952548980713,1.2788310050964355,243.5805606842041,False
CIFAR10,resnet18,distance_variance_cover,3,distance_variance_cover_3_50b,complete,90,4600,68.73999820709228,172.0,67.84999835968017,240.79098200798035,1.457021713256836,2.518070936203003,244.76607465744019,False
CIFAR10,resnet18,distance_variance_cover,3,distance_variance_cover_3_50b,complete,91,4650,68.15999820709229,198.0,67.21999832153321,246.5594301223755,1.5053060054779053,2.3918421268463135,250.4565782546997,False
CIFAR10,resnet18,distance_variance_cover,3,distance_variance_cover_3_50b,complete,92,4700,68.57999862670898,166.0,68.51999814987182,246.42646718025208,1.5891516208648682,3.281118869781494,251.29673767089844,False
CIFAR10,resnet18,distance_variance_cover,3,distance_variance_cover_3_50b,complete,93,4750,68.93999824523925,154.0,67.87999830245971,252.1533818244934,1.4533112049102783,1.8092403411865234,255.4159333705902,False
CIFAR10,resnet18,distance_variance_cover,3,distance_variance_cover_3_50b,complete,94,4800,70.53999794006347,182.0,69.47999801635743,248.6329927444458,1.4341022968292236,1.4618101119995117,251.52890515327454,False
CIFAR10,resnet18,distance_variance_cover,3,distance_variance_cover_3_50b,complete,95,4850,69.63999839782716,200.0,69.03999826431274,258.41418647766113,1.4709012508392334,2.4270589351654053,262.31214666366577,False
CIFAR10,resnet18,distance_variance_cover,3,distance_variance_cover_3_50b,complete,96,4900,70.0999976348877,170.0,68.92999822616576,260.52793645858765,1.492553472518921,2.5045549869537354,264.5250449180603,False
CIFAR10,resnet18,distance_variance_cover,3,distance_variance_cover_3_50b,complete,97,4950,68.59999795913697,162.0,68.83999835968018,265.38141345977783,1.4440033435821533,3.597217321395874,270.42263412475586,False
CIFAR10,resnet18,distance_variance_cover,3,distance_variance_cover_3_50b,complete,98,5000,70.41999820709228,154.0,70.04999841690064,263.50908613204956,1.4655766487121582,1.4438776969909668,266.4185404777527,False
CIFAR10,resnet18,distance_variance_cover,3,distance_variance_cover_3_50b,complete,99,5050,69.27999824523926,188.0,69.47999814987182,266.09979152679443,1.5201094150543213,1.3756790161132812,268.99557995796204,False
CIFAR10,resnet18,distance_variance_cover,3,distance_variance_cover_3_50b,complete,100,5050,69.15999851226806,154.0,68.73999797821045,268.08686900138855,1.4258813858032227,0.0,269.5127503871918,False
CIFAR10,resnet18,distance_variance_cover,4,distance_variance_cover_4_50b,complete,-1,50,,,,,,39.5503568649292,39.5503568649292,True
CIFAR10,resnet18,distance_variance_cover,4,distance_variance_cover_4_50b,complete,0,100,21.819999999999993,66.0,21.459999999999994,74.11143016815186,1.4668364524841309,1.606125831604004,77.18439245223999,False
CIFAR10,resnet18,distance_variance_cover,4,distance_variance_cover_4_50b,complete,1,150,25.620000000000005,184.0,26.269999465942377,74.19086337089539,1.5195262432098389,1.515138864517212,77.22552847862244,False
CIFAR10,resnet18,distance_variance_cover,4,distance_variance_cover_4_50b,complete,2,200,29.67999954223633,188.0,30.569999275207522,74.60155367851257,1.5653090476989746,1.370274305343628,77.53713703155518,False
CIFAR10,resnet18,distance_variance_cover,4,distance_variance_cover_4_50b,complete,3,250,33.71999855041504,190.0,34.36999935150146,78.1035053730011,1.481307029724121,1.5320918560028076,81.11690425872803,False
CIFAR10,resnet18,distance_variance_cover,4,distance_variance_cover_4_50b,complete,4,300,37.09999862670898,160.0,36.57999870300293,78.17321562767029,1.4500384330749512,1.5505790710449219,81.17383313179016,False
CIFAR10,resnet18,distance_variance_cover,4,distance_variance_cover_4_50b,complete,5,350,37.99999893188477,160.0,38.379998779296876,82.1651542186737,1.4893693923950195,1.7217845916748047,85.37630820274353,False
CIFAR10,resnet18,distance_variance_cover,4,distance_variance_cover_4_50b,complete,6,400,38.739998779296876,192.0,38.07999904632568,82.24902153015137,1.448148488998413,1.6192235946655273,85.31639361381531,False
CIFAR10,resnet18,distance_variance_cover,4,distance_variance_cover_4_50b,complete,7,450,40.15999870300293,154.0,39.18999912261963,86.29905390739441,1.5007565021514893,1.6755921840667725,89.47540259361267,False
CIFAR10,resnet18,distance_variance_cover,4,distance_variance_cover_4_50b,complete,8,500,39.29999900817871,112.0,39.30999870300293,86.37368655204773,1.4445972442626953,1.6370534896850586,89.45533728599548,False
CIFAR10,resnet18,distance_variance_cover,4,distance_variance_cover_4_50b,complete,9,550,41.659998397827145,112.0,40.49999839782715,90.36769413948059,1.5022222995758057,1.652660846710205,93.5225772857666,False
CIFAR10,resnet18,distance_variance_cover,4,distance_variance_cover_4_50b,complete,10,600,44.1199984741211,182.0,43.57999870300293,90.4455156326294,1.4868602752685547,1.7026002407073975,93.63497614860535,False
CIFAR10,resnet18,distance_variance_cover,4,distance_variance_cover_4_50b,complete,11,650,43.87999885559082,128.0,43.06999900817871,94.85201668739319,1.4698166847229004,1.7127420902252197,98.03457546234131,False
CIFAR10,resnet18,distance_variance_cover,4,distance_variance_cover_4_50b,complete,12,700,44.039998855590824,140.0,43.59999889373779,94.30240058898926,1.449838638305664,2.0202553272247314,97.77249455451965,False
CIFAR10,resnet18,distance_variance_cover,4,distance_variance_cover_4_50b,complete,13,750,46.59999900817871,200.0,45.569998817443846,98.51417756080627,1.4707183837890625,2.0351722240448,102.02006816864014,False
CIFAR10,resnet18,distance_variance_cover,4,distance_variance_cover_4_50b,complete,14,800,46.85999923706055,190.0,44.9599991607666,99.04545736312866,1.4520459175109863,1.3704829216003418,101.86798620223999,False
CIFAR10,resnet18,distance_variance_cover,4,distance_variance_cover_4_50b,complete,15,850,47.63999870300293,162.0,46.35999866485596,103.09663796424866,1.4973204135894775,1.440467119216919,106.03442549705505,False
CIFAR10,resnet18,distance_variance_cover,4,distance_variance_cover_4_50b,complete,16,900,49.139999084472656,184.0,47.939999427795414,102.54877853393555,1.448214054107666,1.6547222137451172,105.65171480178833,False
CIFAR10,resnet18,distance_variance_cover,4,distance_variance_cover_4_50b,complete,17,950,48.939998931884766,154.0,48.59999893188476,106.01548075675964,1.4880907535552979,1.5629584789276123,109.06652998924255,False
CIFAR10,resnet18,distance_variance_cover,4,distance_variance_cover_4_50b,complete,18,1000,49.67999938964844,184.0,49.16999893188476,106.58094692230225,1.5890705585479736,1.379586935043335,109.54960441589355,False
CIFAR10,resnet18,distance_variance_cover,4,distance_variance_cover_4_50b,complete,19,1050,50.67999923706055,198.0,50.0099995803833,110.56040787696838,1.467355728149414,1.9098279476165771,113.93759155273438,False
CIFAR10,resnet18,distance_variance_cover,4,distance_variance_cover_4_50b,complete,20,1100,50.59999938964844,186.0,49.599999237060544,109.80507040023804,1.5980069637298584,3.1279258728027344,114.53100323677063,False
CIFAR10,resnet18,distance_variance_cover,4,distance_variance_cover_4_50b,complete,21,1150,51.47999900817871,184.0,50.5099987411499,114.47445631027222,1.463003396987915,2.0484447479248047,117.98590445518494,False
CIFAR10,resnet18,distance_variance_cover,4,distance_variance_cover_4_50b,complete,22,1200,51.07999927520752,156.0,50.72999900817871,114.42947292327881,1.4715840816497803,3.442284107208252,119.34334111213684,False
CIFAR10,resnet18,distance_variance_cover,4,distance_variance_cover_4_50b,complete,23,1250,52.67999938964844,178.0,51.989998779296876,118.38439154624939,1.4821727275848389,2.1661412715911865,122.03270554542542,False
CIFAR10,resnet18,distance_variance_cover,4,distance_variance_cover_4_50b,complete,24,1300,51.59999870300293,200.0,51.1399987411499,117.61493301391602,1.503302812576294,1.556244134902954,120.67447996139526,False
CIFAR10,resnet18,distance_variance_cover,4,distance_variance_cover_4_50b,complete,25,1350,52.799998626708984,200.0,52.089999198913574,122.27950429916382,1.5000529289245605,1.5197596549987793,125.29931688308716,False
CIFAR10,resnet18,distance_variance_cover,4,distance_variance_cover_4_50b,complete,26,1400,53.6799991607666,146.0,52.219999160766605,123.13521099090576,1.4595015048980713,1.5143499374389648,126.1090624332428,False
CIFAR10,resnet18,distance_variance_cover,4,distance_variance_cover_4_50b,complete,27,1450,55.99999847412109,158.0,54.59999897003174,126.88066577911377,1.457714319229126,1.5830299854278564,129.92141008377075,False
CIFAR10,resnet18,distance_variance_cover,4,distance_variance_cover_4_50b,complete,28,1500,54.399999160766605,188.0,53.66999889373779,125.9923152923584,1.56304931640625,1.7270333766937256,129.28239798545837,False
CIFAR10,resnet18,distance_variance_cover,4,distance_variance_cover_4_50b,complete,29,1550,55.13999862670899,160.0,54.06999923706055,128.82768058776855,1.4938366413116455,1.530092477798462,131.85160970687866,False
CIFAR10,resnet18,distance_variance_cover,4,distance_variance_cover_4_50b,complete,30,1600,56.33999862670898,168.0,55.809998531341556,131.18079137802124,1.465857744216919,1.8925411701202393,134.5391902923584,False
CIFAR10,resnet18,distance_variance_cover,4,distance_variance_cover_4_50b,complete,31,1650,56.13999893188477,164.0,54.97999912261963,133.29644918441772,1.4936106204986572,1.703843593597412,136.4939033985138,False
CIFAR10,resnet18,distance_variance_cover,4,distance_variance_cover_4_50b,complete,32,1700,56.97999900817871,176.0,55.49999893188477,133.4379165172577,1.498826265335083,1.8023741245269775,136.73911690711975,False
CIFAR10,resnet18,distance_variance_cover,4,distance_variance_cover_4_50b,complete,33,1750,56.679998626708986,144.0,54.97999897003174,137.80351328849792,1.596794843673706,1.5923919677734375,140.99270009994507,False
CIFAR10,resnet18,distance_variance_cover,4,distance_variance_cover_4_50b,complete,34,1800,57.039999084472655,194.0,55.6299991607666,137.6814661026001,1.5131580829620361,1.595686435699463,140.7903106212616,False
CIFAR10,resnet18,distance_variance_cover,4,distance_variance_cover_4_50b,complete,35,1850,58.619999198913575,158.0,56.66999895095825,142.114666223526,1.4900507926940918,1.7782602310180664,145.38297724723816,False
CIFAR10,resnet18,distance_variance_cover,4,distance_variance_cover_4_50b,complete,36,1900,58.49999893188477,192.0,57.53999866485596,143.4996566772461,1.5772249698638916,1.4270033836364746,146.50388503074646,False
CIFAR10,resnet18,distance_variance_cover,4,distance_variance_cover_4_50b,complete,37,1950,58.87999927520752,162.0,57.76999876022339,144.5388720035553,1.4622101783752441,3.7032618522644043,149.70434403419495,False
CIFAR10,resnet18,distance_variance_cover,4,distance_variance_cover_4_50b,complete,38,2000,57.71999855041504,198.0,56.36999876022339,145.90167951583862,1.4854397773742676,1.3628079891204834,148.74992728233337,False
CIFAR10,resnet18,distance_variance_cover,4,distance_variance_cover_4_50b,complete,39,2050,57.91999866485596,180.0,56.049998683929445,152.3614785671234,1.5198018550872803,1.760368824005127,155.64164924621582,False
CIFAR10,resnet18,distance_variance_cover,4,distance_variance_cover_4_50b,complete,40,2100,57.85999877929687,180.0,56.929998893737796,150.45738625526428,1.6249427795410156,1.556812047958374,153.63914108276367,False
CIFAR10,resnet18,distance_variance_cover,4,distance_variance_cover_4_50b,complete,41,2150,59.15999862670898,140.0,57.59999897003174,155.3840527534485,1.4553577899932861,1.5362398624420166,158.3756504058838,False
CIFAR10,resnet18,distance_variance_cover,4,distance_variance_cover_4_50b,complete,42,2200,59.41999889373779,184.0,57.77999889373779,155.79144191741943,1.4907782077789307,1.6316783428192139,158.91389846801758,False
CIFAR10,resnet18,distance_variance_cover,4,distance_variance_cover_4_50b,complete,43,2250,59.1999983215332,190.0,57.92999887466431,159.20738172531128,1.4881865978240967,1.8193187713623047,162.51488709449768,False
CIFAR10,resnet18,distance_variance_cover,4,distance_variance_cover_4_50b,complete,44,2300,60.479998397827146,200.0,58.68999870300293,158.42480731010437,1.4424142837524414,2.094238519668579,161.9614601135254,False
CIFAR10,resnet18,distance_variance_cover,4,distance_variance_cover_4_50b,complete,45,2350,61.219998359680176,186.0,59.56999900817871,162.8093752861023,1.45542311668396,1.5260381698608398,165.7908365726471,False
CIFAR10,resnet18,distance_variance_cover,4,distance_variance_cover_4_50b,complete,46,2400,60.75999851226807,186.0,59.039998874664306,162.8689422607422,1.5979485511779785,1.4619128704071045,165.92880368232727,False
CIFAR10,resnet18,distance_variance_cover,4,distance_variance_cover_4_50b,complete,47,2450,60.79999824523926,118.0,59.61999877929688,167.0736379623413,1.465514898300171,1.383984088897705,169.92313694953918,False
CIFAR10,resnet18,distance_variance_cover,4,distance_variance_cover_4_50b,complete,48,2500,60.559998741149904,138.0,59.19999851226807,167.09601306915283,1.5036344528198242,1.5452280044555664,170.14487552642822,False
CIFAR10,resnet18,distance_variance_cover,4,distance_variance_cover_4_50b,complete,49,2550,59.69999870300293,186.0,58.679998779296874,170.97079205513,1.4909794330596924,1.3946399688720703,173.85641145706177,False
CIFAR10,resnet18,distance_variance_cover,4,distance_variance_cover_4_50b,complete,50,2600,61.75999858856201,160.0,59.60999864578247,170.8075294494629,1.4820528030395508,1.5300350189208984,173.81961727142334,False
CIFAR10,resnet18,distance_variance_cover,4,distance_variance_cover_4_50b,complete,51,2650,60.91999839782715,180.0,59.36999855041504,174.4087200164795,1.4889893531799316,1.5602552890777588,177.45796465873718,False
CIFAR10,resnet18,distance_variance_cover,4,distance_variance_cover_4_50b,complete,52,2700,62.11999820709229,188.0,60.41999868392944,174.37552547454834,1.4827024936676025,1.3808577060699463,177.2390856742859,False
CIFAR10,resnet18,distance_variance_cover,4,distance_variance_cover_4_50b,complete,53,2750,61.11999897003174,190.0,59.3599990272522,177.79384779930115,1.4303460121154785,1.5573954582214355,180.78158926963806,False
CIFAR10,resnet18,distance_variance_cover,4,distance_variance_cover_4_50b,complete,54,2800,61.259998893737794,170.0,59.689998683929446,178.9143738746643,1.4703545570373535,1.9030804634094238,182.28780889511108,False
CIFAR10,resnet18,distance_variance_cover,4,distance_variance_cover_4_50b,complete,55,2850,61.579998626708985,186.0,59.80999855041504,182.19617819786072,1.458082675933838,1.6610760688781738,185.31533694267273,False
CIFAR10,resnet18,distance_variance_cover,4,distance_variance_cover_4_50b,complete,56,2900,63.07999847412109,186.0,61.37999858856201,183.05980396270752,1.501859188079834,1.5371425151824951,186.09880566596985,False
CIFAR10,resnet18,distance_variance_cover,4,distance_variance_cover_4_50b,complete,57,2950,63.899998359680175,194.0,61.83999853134155,186.93910908699036,1.4592962265014648,1.8601951599121094,190.25860047340393,False
CIFAR10,resnet18,distance_variance_cover,4,distance_variance_cover_4_50b,complete,58,3000,63.259998359680175,164.0,60.89999877929687,185.6888451576233,1.4452123641967773,1.6876914501190186,188.8217489719391,False
CIFAR10,resnet18,distance_variance_cover,4,distance_variance_cover_4_50b,complete,59,3050,64.15999862670898,190.0,62.249998588562015,189.3106873035431,1.5464181900024414,1.5439338684082031,192.40103936195374,False
CIFAR10,resnet18,distance_variance_cover,4,distance_variance_cover_4_50b,complete,60,3100,63.119998664855956,190.0,61.63999868392944,190.74678325653076,1.4509224891662598,2.043456792831421,194.24116253852844,False
CIFAR10,resnet18,distance_variance_cover,4,distance_variance_cover_4_50b,complete,61,3150,63.239998245239256,194.0,61.769998722076416,193.49761629104614,1.4772908687591553,2.366042137145996,197.3409492969513,False
CIFAR10,resnet18,distance_variance_cover,4,distance_variance_cover_4_50b,complete,62,3200,62.89999851226807,174.0,61.33999851226807,194.93144416809082,1.5200879573822021,1.617353916168213,198.06888604164124,False
CIFAR10,resnet18,distance_variance_cover,4,distance_variance_cover_4_50b,complete,63,3250,63.97999813079834,168.0,62.30999830245972,197.0466923713684,1.6082763671875,1.4083449840545654,200.06331372261047,False
CIFAR10,resnet18,distance_variance_cover,4,distance_variance_cover_4_50b,complete,64,3300,63.73999828338623,170.0,62.07999851226807,199.64288234710693,1.4370405673980713,1.4292404651641846,202.5091633796692,False
CIFAR10,resnet18,distance_variance_cover,4,distance_variance_cover_4_50b,complete,65,3350,64.77999813079833,174.0,62.12999837875366,202.5796720981598,1.5002295970916748,2.311995267868042,206.3918969631195,False
CIFAR10,resnet18,distance_variance_cover,4,distance_variance_cover_4_50b,complete,66,3400,64.5999983215332,188.0,63.13999847412109,205.48008847236633,1.4658031463623047,1.5307321548461914,208.47662377357483,False
CIFAR10,resnet18,distance_variance_cover,4,distance_variance_cover_4_50b,complete,67,3450,64.91999866485597,154.0,63.81999847412109,207.3699996471405,1.5130198001861572,1.5792100429534912,210.46222949028015,False
CIFAR10,resnet18,distance_variance_cover,4,distance_variance_cover_4_50b,complete,68,3500,64.9199987411499,194.0,62.50999814987183,205.85252928733826,1.4985766410827637,3.3185489177703857,210.6696548461914,False
CIFAR10,resnet18,distance_variance_cover,4,distance_variance_cover_4_50b,complete,69,3550,64.25999797821045,182.0,63.129998416900634,211.96256947517395,1.4404220581054688,3.497255325317383,216.9002468585968,False
CIFAR10,resnet18,distance_variance_cover,4,distance_variance_cover_4_50b,complete,70,3600,65.13999855041504,184.0,63.73999834060669,210.35225677490234,1.486137866973877,1.5451371669769287,213.38353180885315,False
CIFAR10,resnet18,distance_variance_cover,4,distance_variance_cover_4_50b,complete,71,3650,65.39999794006349,154.0,63.779998722076414,214.41766452789307,1.4453678131103516,2.8934905529022217,218.75652289390564,False
CIFAR10,resnet18,distance_variance_cover,4,distance_variance_cover_4_50b,complete,72,3700,65.39999904632569,186.0,63.359998569488525,214.60769987106323,1.4703741073608398,2.3343160152435303,218.4123899936676,False
CIFAR10,resnet18,distance_variance_cover,4,distance_variance_cover_4_50b,complete,73,3750,66.5999987411499,192.0,64.25999826431274,219.67151594161987,1.6145458221435547,1.4275681972503662,222.7136299610138,False
CIFAR10,resnet18,distance_variance_cover,4,distance_variance_cover_4_50b,complete,74,3800,66.73999855041504,178.0,64.92999837875365,219.3930218219757,1.614933729171753,2.650380849838257,223.65833640098572,False
CIFAR10,resnet18,distance_variance_cover,4,distance_variance_cover_4_50b,complete,75,3850,66.19999835968017,182.0,64.01999828338623,221.36634707450867,1.441023826599121,2.772219657897949,225.57959055900574,False
CIFAR10,resnet18,distance_variance_cover,4,distance_variance_cover_4_50b,complete,76,3900,66.79999839782715,186.0,65.38999814987183,222.39825773239136,1.5092487335205078,1.4162094593048096,225.32371592521667,False
CIFAR10,resnet18,distance_variance_cover,4,distance_variance_cover_4_50b,complete,77,3950,67.07999855041504,182.0,65.65999826431275,227.39408349990845,1.4962596893310547,2.9897165298461914,231.8800597190857,False
CIFAR10,resnet18,distance_variance_cover,4,distance_variance_cover_4_50b,complete,78,4000,66.05999843597412,162.0,63.89999847412109,228.76025485992432,1.4955930709838867,3.5977468490600586,233.85359477996826,False
CIFAR10,resnet18,distance_variance_cover,4,distance_variance_cover_4_50b,complete,79,4050,66.89999843597411,180.0,64.91999841690063,229.64274501800537,1.4987642765045166,2.16156268119812,233.303071975708,False
CIFAR10,resnet18,distance_variance_cover,4,distance_variance_cover_4_50b,complete,80,4100,67.15999832153321,174.0,65.60999847412108,231.58430886268616,1.4676201343536377,3.094757318496704,236.1466863155365,False
CIFAR10,resnet18,distance_variance_cover,4,distance_variance_cover_4_50b,complete,81,4150,66.33999835968018,156.0,64.68999818801879,235.75117111206055,1.4410929679870605,3.782435655593872,240.97469973564148,False
CIFAR10,resnet18,distance_variance_cover,4,distance_variance_cover_4_50b,complete,82,4200,67.63999851226806,176.0,65.4999984550476,236.22808074951172,1.5172948837280273,3.034999370574951,240.7803750038147,False
CIFAR10,resnet18,distance_variance_cover,4,distance_variance_cover_4_50b,complete,83,4250,68.13999820709229,180.0,66.41999826431274,239.2413227558136,1.4761662483215332,1.81840181350708,242.5358908176422,False
CIFAR10,resnet18,distance_variance_cover,4,distance_variance_cover_4_50b,complete,84,4300,68.21999782562256,188.0,66.72999811172485,240.60017466545105,1.4937782287597656,2.9988765716552734,245.0928294658661,False
CIFAR10,resnet18,distance_variance_cover,4,distance_variance_cover_4_50b,complete,85,4350,67.83999839782715,198.0,65.5399981880188,243.90061283111572,1.450918197631836,2.460895299911499,247.81242632865906,False
CIFAR10,resnet18,distance_variance_cover,4,distance_variance_cover_4_50b,complete,86,4400,67.27999816894531,170.0,65.78999851226806,243.269056558609,1.456629991531372,3.8198888301849365,248.54557538032532,False
CIFAR10,resnet18,distance_variance_cover,4,distance_variance_cover_4_50b,complete,87,4450,69.17999828338623,192.0,67.3699983215332,248.68261551856995,1.4846129417419434,1.358658790588379,251.52588725090027,False
CIFAR10,resnet18,distance_variance_cover,4,distance_variance_cover_4_50b,complete,88,4500,67.91999847412109,198.0,66.59999822616578,245.79032397270203,1.6368553638458252,2.57798433303833,250.00516366958618,False
CIFAR10,resnet18,distance_variance_cover,4,distance_variance_cover_4_50b,complete,89,4550,68.7999983215332,192.0,66.94999813079835,251.46901988983154,1.634200096130371,1.9140863418579102,255.01730632781982,False
CIFAR10,resnet18,distance_variance_cover,4,distance_variance_cover_4_50b,complete,90,4600,69.75999797821045,180.0,67.69999849319458,252.72732400894165,1.4501924514770508,2.046283006668091,256.2237994670868,False
CIFAR10,resnet18,distance_variance_cover,4,distance_variance_cover_4_50b,complete,91,4650,69.03999820709228,188.0,67.39999824523926,256.19838547706604,1.4460418224334717,1.5423705577850342,259.18679785728455,False
CIFAR10,resnet18,distance_variance_cover,4,distance_variance_cover_4_50b,complete,92,4700,70.25999824523926,190.0,68.04999788284302,255.55884289741516,1.469407081604004,2.058927059173584,259.08717703819275,False
CIFAR10,resnet18,distance_variance_cover,4,distance_variance_cover_4_50b,complete,93,4750,70.01999862670898,168.0,67.78999828338624,259.4135773181915,1.4340801239013672,1.5949206352233887,262.4425780773163,False
CIFAR10,resnet18,distance_variance_cover,4,distance_variance_cover_4_50b,complete,94,4800,69.59999820709228,188.0,67.37999828338623,260.7925591468811,1.4702458381652832,3.7196271419525146,265.9824321269989,False
CIFAR10,resnet18,distance_variance_cover,4,distance_variance_cover_4_50b,complete,95,4850,70.35999813079835,154.0,69.05999843597412,265.23936319351196,1.4710075855255127,1.6377732753753662,268.34814405441284,False
CIFAR10,resnet18,distance_variance_cover,4,distance_variance_cover_4_50b,complete,96,4900,69.63999816894531,196.0,69.01999822616577,264.93287658691406,1.4589979648590088,1.4051110744476318,267.7969856262207,False
CIFAR10,resnet18,distance_variance_cover,4,distance_variance_cover_4_50b,complete,97,4950,70.23999813079834,198.0,68.26999794006348,268.6935751438141,1.621713399887085,1.3874285221099854,271.70271706581116,False
CIFAR10,resnet18,distance_variance_cover,4,distance_variance_cover_4_50b,complete,98,5000,69.7799979019165,176.0,68.43999813079834,267.59527373313904,1.480095386505127,2.2859349250793457,271.3613040447235,False
CIFAR10,resnet18,distance_variance_cover,4,distance_variance_cover_4_50b,complete,99,5050,70.9599987411499,184.0,69.07999801635742,272.5763006210327,1.6179237365722656,1.9672083854675293,276.1614327430725,False
CIFAR10,resnet18,distance_variance_cover,4,distance_variance_cover_4_50b,complete,100,5050,71.83999809265137,154.0,69.69999803543091,272.2284712791443,1.4787898063659668,0.0,273.70726108551025,False
CIFAR10,resnet18,distance_variance_cover,5,distance_variance_cover_5_50b,complete,-1,50,,,,,,40.8894145488739,40.8894145488739,True
CIFAR10,resnet18,distance_variance_cover,5,distance_variance_cover_5_50b,complete,0,100,25.359999542236324,108.0,24.969999771118168,73.91390061378479,1.478693962097168,2.0076956748962402,77.4002902507782,False
CIFAR10,resnet18,distance_variance_cover,5,distance_variance_cover_5_50b,complete,1,150,28.959999542236332,174.0,29.36999927520752,74.43541550636292,1.462451457977295,2.979255199432373,78.87712216377258,False
CIFAR10,resnet18,distance_variance_cover,5,distance_variance_cover_5_50b,complete,2,200,32.63999916076661,180.0,32.78999897003173,74.57901334762573,1.4518358707427979,1.3585271835327148,77.38937640190125,False
CIFAR10,resnet18,distance_variance_cover,5,distance_variance_cover_5_50b,complete,3,250,36.59999893188476,178.0,36.19999885559082,78.54250764846802,1.4419944286346436,3.0481085777282715,83.03261065483093,False
CIFAR10,resnet18,distance_variance_cover,5,distance_variance_cover_5_50b,complete,4,300,37.29999961853027,200.0,38.29999870300293,78.63202381134033,1.6137263774871826,1.952869176864624,82.19861936569214,False
CIFAR10,resnet18,distance_variance_cover,5,distance_variance_cover_5_50b,complete,5,350,38.59999832153321,174.0,39.69999881744385,82.73262619972229,1.4533729553222656,1.4572780132293701,85.64327716827393,False
CIFAR10,resnet18,distance_variance_cover,5,distance_variance_cover_5_50b,complete,6,400,39.19999855041504,194.0,39.01999851226807,82.93453860282898,1.597285509109497,3.6777660846710205,88.2095901966095,False
CIFAR10,resnet18,distance_variance_cover,5,distance_variance_cover_5_50b,complete,7,450,41.05999893188476,200.0,41.3799983215332,86.77261066436768,1.4824719429016113,1.4935154914855957,89.74859809875488,False
CIFAR10,resnet18,distance_variance_cover,5,distance_variance_cover_5_50b,complete,8,500,42.039998855590824,150.0,41.529998779296875,87.70789957046509,1.4707131385803223,1.9452173709869385,91.12383008003235,False
CIFAR10,resnet18,distance_variance_cover,5,distance_variance_cover_5_50b,complete,9,550,42.919998779296876,196.0,42.46999866485596,90.9355878829956,1.5865192413330078,1.3747735023498535,93.89688062667847,False
CIFAR10,resnet18,distance_variance_cover,5,distance_variance_cover_5_50b,complete,10,600,43.29999923706055,176.0,43.019998741149905,91.33529305458069,1.6046454906463623,1.5593526363372803,94.49929118156433,False
CIFAR10,resnet18,distance_variance_cover,5,distance_variance_cover_5_50b,complete,11,650,44.1199984741211,180.0,43.289998588562014,94.77590012550354,1.4375054836273193,1.4681215286254883,97.68152713775635,False
CIFAR10,resnet18,distance_variance_cover,5,distance_variance_cover_5_50b,complete,12,700,43.71999824523926,158.0,43.33999881744385,94.99108338356018,1.4772939682006836,3.1623780727386475,99.63075542449951,False
CIFAR10,resnet18,distance_variance_cover,5,distance_variance_cover_5_50b,complete,13,750,44.93999877929687,172.0,43.97999877929688,99.28660941123962,1.4480869770050049,2.5562500953674316,103.29094648361206,False
CIFAR10,resnet18,distance_variance_cover,5,distance_variance_cover_5_50b,complete,14,800,47.17999969482422,188.0,46.149998893737795,98.79503417015076,1.4475655555725098,1.480794906616211,101.72339463233948,False
CIFAR10,resnet18,distance_variance_cover,5,distance_variance_cover_5_50b,complete,15,850,48.43999923706055,146.0,47.309998970031735,101.96898221969604,1.8785929679870605,2.5129945278167725,106.36056971549988,False
CIFAR10,resnet18,distance_variance_cover,5,distance_variance_cover_5_50b,complete,16,900,49.899999389648436,130.0,48.74999912261963,101.70660829544067,1.4487156867980957,1.6726791858673096,104.82800316810608,False
CIFAR10,resnet18,distance_variance_cover,5,distance_variance_cover_5_50b,complete,17,950,49.319999618530275,192.0,47.669998779296876,106.47008275985718,1.4884436130523682,3.5336623191833496,111.4921886920929,False
CIFAR10,resnet18,distance_variance_cover,5,distance_variance_cover_5_50b,complete,18,1000,50.17999870300293,198.0,49.05999935150147,105.99921202659607,1.472242832183838,2.908052921295166,110.37950778007507,False
CIFAR10,resnet18,distance_variance_cover,5,distance_variance_cover_5_50b,complete,19,1050,50.65999908447266,180.0,49.49999931335449,110.13433027267456,1.4855968952178955,2.4583702087402344,114.07829737663269,False
CIFAR10,resnet18,distance_variance_cover,5,distance_variance_cover_5_50b,complete,20,1100,51.779999313354494,164.0,50.4399987411499,111.39319252967834,1.4718313217163086,2.46866774559021,115.33369159698486,False
CIFAR10,resnet18,distance_variance_cover,5,distance_variance_cover_5_50b,complete,21,1150,51.29999923706055,164.0,50.62999908447266,113.61438202857971,1.4560341835021973,1.5270178318023682,116.59743404388428,False
CIFAR10,resnet18,distance_variance_cover,5,distance_variance_cover_5_50b,complete,22,1200,53.13999855041504,172.0,52.41999935150147,114.52893424034119,1.4473638534545898,1.66705322265625,117.64335131645203,False
CIFAR10,resnet18,distance_variance_cover,5,distance_variance_cover_5_50b,complete,23,1250,53.859999084472655,166.0,52.529999313354494,117.95311832427979,1.4876389503479004,3.2289042472839355,122.66966152191162,False
CIFAR10,resnet18,distance_variance_cover,5,distance_variance_cover_5_50b,complete,24,1300,52.059999237060545,194.0,51.339998970031736,118.23649883270264,1.4874157905578613,2.933959722518921,122.65787434577942,False
CIFAR10,resnet18,distance_variance_cover,5,distance_variance_cover_5_50b,complete,25,1350,53.57999839782715,162.0,52.60999897003174,122.86597084999084,1.4774243831634521,2.6743972301483154,127.01779246330261,False
CIFAR10,resnet18,distance_variance_cover,5,distance_variance_cover_5_50b,complete,26,1400,55.39999893188477,166.0,53.02999898910522,122.86113619804382,1.4214544296264648,3.474454879760742,127.75704550743103,False
CIFAR10,resnet18,distance_variance_cover,5,distance_variance_cover_5_50b,complete,27,1450,55.439999160766604,154.0,54.439999160766604,126.19676351547241,1.4934895038604736,3.3542580604553223,131.0445110797882,False
CIFAR10,resnet18,distance_variance_cover,5,distance_variance_cover_5_50b,complete,28,1500,57.33999885559082,182.0,55.199998970031736,126.53100895881653,1.5092155933380127,2.4442989826202393,130.48452353477478,False
CIFAR10,resnet18,distance_variance_cover,5,distance_variance_cover_5_50b,complete,29,1550,54.83999862670898,198.0,53.249999046325684,130.24707174301147,1.6589550971984863,3.6120247840881348,135.5180516242981,False
CIFAR10,resnet18,distance_variance_cover,5,distance_variance_cover_5_50b,complete,30,1600,56.999998779296874,168.0,55.82999858856201,129.39924097061157,1.513580083847046,3.6046173572540283,134.51743841171265,False
CIFAR10,resnet18,distance_variance_cover,5,distance_variance_cover_5_50b,complete,31,1650,57.2799987411499,188.0,56.239999027252196,133.51824927330017,1.4850990772247314,3.1700611114501953,138.1734094619751,False
CIFAR10,resnet18,distance_variance_cover,5,distance_variance_cover_5_50b,complete,32,1700,56.819999351501465,178.0,54.90999885559082,134.1902265548706,1.4706029891967773,3.082590103149414,138.7434196472168,False
CIFAR10,resnet18,distance_variance_cover,5,distance_variance_cover_5_50b,complete,33,1750,57.41999858856201,172.0,56.50999885559082,138.13673067092896,1.485595703125,2.914656162261963,142.53698253631592,False
CIFAR10,resnet18,distance_variance_cover,5,distance_variance_cover_5_50b,complete,34,1800,57.69999900817871,172.0,56.12999879837036,137.11547136306763,1.5291588306427002,3.0205237865448,141.66515398025513,False
CIFAR10,resnet18,distance_variance_cover,5,distance_variance_cover_5_50b,complete,35,1850,59.51999881744385,188.0,58.12999834060669,141.9050738811493,1.4634361267089844,1.9343376159667969,145.30284762382507,False
CIFAR10,resnet18,distance_variance_cover,5,distance_variance_cover_5_50b,complete,36,1900,60.15999881744385,188.0,57.619998912811276,142.45677733421326,1.4791557788848877,1.5006663799285889,145.43659949302673,False
CIFAR10,resnet18,distance_variance_cover,5,distance_variance_cover_5_50b,complete,37,1950,58.51999885559082,134.0,56.69999855041504,144.9085566997528,1.475764274597168,3.6744956970214844,150.05881667137146,False
CIFAR10,resnet18,distance_variance_cover,5,distance_variance_cover_5_50b,complete,38,2000,59.19999809265137,194.0,56.99999870300293,146.95079255104065,1.4503209590911865,3.3609941005706787,151.76210761070251,False
CIFAR10,resnet18,distance_variance_cover,5,distance_variance_cover_5_50b,complete,39,2050,59.35999824523926,196.0,57.459998760223385,151.55417776107788,1.4295799732208252,2.8920180797576904,155.8757758140564,False
CIFAR10,resnet18,distance_variance_cover,5,distance_variance_cover_5_50b,complete,40,2100,57.89999843597412,130.0,56.09999889373779,151.467702627182,1.4917352199554443,2.0209848880767822,154.98042273521423,False
CIFAR10,resnet18,distance_variance_cover,5,distance_variance_cover_5_50b,complete,41,2150,59.039998588562014,162.0,57.709999027252195,155.41409969329834,1.4502837657928467,1.9969468116760254,158.8613302707672,False
CIFAR10,resnet18,distance_variance_cover,5,distance_variance_cover_5_50b,complete,42,2200,59.57999843597412,194.0,58.099998455047604,154.9100193977356,1.4957897663116455,1.9489502906799316,158.35475945472717,False
CIFAR10,resnet18,distance_variance_cover,5,distance_variance_cover_5_50b,complete,43,2250,60.47999877929688,188.0,58.709998512268065,159.68320608139038,1.595393180847168,1.9508905410766602,163.2294898033142,False
CIFAR10,resnet18,distance_variance_cover,5,distance_variance_cover_5_50b,complete,44,2300,60.239998779296876,188.0,58.44999824523926,159.37676286697388,1.5219790935516357,1.3467636108398438,162.24550557136536,False
CIFAR10,resnet18,distance_variance_cover,5,distance_variance_cover_5_50b,complete,45,2350,59.13999897003174,154.0,56.88999870300293,164.5499017238617,1.4747257232666016,2.593536853790283,168.61816430091858,False
CIFAR10,resnet18,distance_variance_cover,5,distance_variance_cover_5_50b,complete,46,2400,60.39999816894531,164.0,59.18999839782715,163.82304048538208,1.494124174118042,1.5003385543823242,166.81750321388245,False
CIFAR10,resnet18,distance_variance_cover,5,distance_variance_cover_5_50b,complete,47,2450,61.05999839782715,180.0,59.66999908447266,168.36349964141846,1.4970355033874512,3.628565788269043,173.48910093307495,False
CIFAR10,resnet18,distance_variance_cover,5,distance_variance_cover_5_50b,complete,48,2500,60.75999851226807,162.0,59.02999834060669,168.84998416900635,1.6085002422332764,3.560865879058838,174.01935029029846,False
CIFAR10,resnet18,distance_variance_cover,5,distance_variance_cover_5_50b,complete,49,2550,61.53999820709228,194.0,59.919998474121094,171.04359912872314,1.4506442546844482,3.561136245727539,176.05537962913513,False
CIFAR10,resnet18,distance_variance_cover,5,distance_variance_cover_5_50b,complete,50,2600,61.619998626708984,180.0,60.13999876022339,171.51401138305664,1.7106668949127197,2.54978609085083,175.7744643688202,False
CIFAR10,resnet18,distance_variance_cover,5,distance_variance_cover_5_50b,complete,51,2650,62.41999835968018,178.0,60.539998626708986,174.44222974777222,1.6442582607269287,3.72956919670105,179.8160572052002,False
CIFAR10,resnet18,distance_variance_cover,5,distance_variance_cover_5_50b,complete,52,2700,61.97999851226807,192.0,60.04999849319458,174.0474886894226,1.5014276504516602,3.552288293838501,179.10120463371277,False
CIFAR10,resnet18,distance_variance_cover,5,distance_variance_cover_5_50b,complete,53,2750,61.619998168945315,186.0,60.069998588562015,177.9644215106964,1.5052413940429688,2.8547770977020264,182.3244400024414,False
CIFAR10,resnet18,distance_variance_cover,5,distance_variance_cover_5_50b,complete,54,2800,60.7999983215332,184.0,58.839998722076416,180.0117404460907,1.4803037643432617,2.806347131729126,184.2983913421631,False
CIFAR10,resnet18,distance_variance_cover,5,distance_variance_cover_5_50b,complete,55,2850,62.4399984741211,188.0,60.19999876022339,184.11258339881897,1.5035631656646729,2.3104934692382812,187.92664003372192,False
CIFAR10,resnet18,distance_variance_cover,5,distance_variance_cover_5_50b,complete,56,2900,62.89999855041504,158.0,61.13999876022339,188.12997341156006,1.506237268447876,3.054314136505127,192.69052481651306,False
CIFAR10,resnet18,distance_variance_cover,5,distance_variance_cover_5_50b,complete,57,2950,62.319998550415036,178.0,60.85999876022339,191.79239630699158,1.449293613433838,1.4911046028137207,194.73279452323914,False
CIFAR10,resnet18,distance_variance_cover,5,distance_variance_cover_5_50b,complete,58,3000,63.27999866485596,198.0,61.53999853134155,188.77846431732178,1.4743332862854004,1.6036767959594727,191.85647439956665,False
CIFAR10,resnet18,distance_variance_cover,5,distance_variance_cover_5_50b,complete,59,3050,63.99999862670899,172.0,62.589998455047606,194.10699200630188,1.4538652896881104,1.5266551971435547,197.08751249313354,False
CIFAR10,resnet18,distance_variance_cover,5,distance_variance_cover_5_50b,complete,60,3100,63.91999870300293,144.0,62.849998455047604,195.4621181488037,1.4874627590179443,1.6622304916381836,198.61181139945984,False
CIFAR10,resnet18,distance_variance_cover,5,distance_variance_cover_5_50b,complete,61,3150,63.339998435974124,184.0,61.78999864578247,199.72412776947021,1.468951940536499,1.5274772644042969,202.720556974411,False
CIFAR10,resnet18,distance_variance_cover,5,distance_variance_cover_5_50b,complete,62,3200,63.07999843597412,162.0,61.97999849319458,199.86793208122253,1.5843665599822998,1.4717376232147217,202.92403626441956,False
CIFAR10,resnet18,distance_variance_cover,5,distance_variance_cover_5_50b,complete,63,3250,63.239998512268066,196.0,62.84999813079834,202.3132746219635,1.5402309894561768,1.3724586963653564,205.22596430778503,False
CIFAR10,resnet18,distance_variance_cover,5,distance_variance_cover_5_50b,complete,64,3300,63.39999855041504,164.0,61.71999847412109,203.686429977417,1.4831418991088867,1.5884034633636475,206.75797533988953,False
CIFAR10,resnet18,distance_variance_cover,5,distance_variance_cover_5_50b,complete,65,3350,63.79999843597412,152.0,62.359998817443845,207.9627456665039,1.4814016819000244,1.5322768688201904,210.97642421722412,False
CIFAR10,resnet18,distance_variance_cover,5,distance_variance_cover_5_50b,complete,66,3400,63.31999816894531,162.0,62.52999843597412,207.19944262504578,1.5055079460144043,1.4941344261169434,210.19908499717712,False
CIFAR10,resnet18,distance_variance_cover,5,distance_variance_cover_5_50b,complete,67,3450,63.07999843597412,164.0,61.689998683929446,209.63114166259766,1.4666955471038818,1.5911929607391357,212.68903017044067,False
CIFAR10,resnet18,distance_variance_cover,5,distance_variance_cover_5_50b,complete,68,3500,65.91999820709228,184.0,64.51999855041504,210.257230758667,1.5333802700042725,1.5200417041778564,213.31065273284912,False
CIFAR10,resnet18,distance_variance_cover,5,distance_variance_cover_5_50b,complete,69,3550,65.8999980545044,200.0,64.33999853134155,214.2148871421814,1.5005567073822021,1.3823504447937012,217.0977942943573,False
CIFAR10,resnet18,distance_variance_cover,5,distance_variance_cover_5_50b,complete,70,3600,64.43999839782714,198.0,62.97999864578247,213.7884063720703,1.5147759914398193,1.5760488510131836,216.87923121452332,False
CIFAR10,resnet18,distance_variance_cover,5,distance_variance_cover_5_50b,complete,71,3650,64.37999839782715,166.0,63.03999843597412,219.6152503490448,1.528038740158081,1.7533900737762451,222.89667916297913,False
CIFAR10,resnet18,distance_variance_cover,5,distance_variance_cover_5_50b,complete,72,3700,64.85999847412108,170.0,63.65999835968017,216.57953310012817,1.4874553680419922,1.5470538139343262,219.6140422821045,False
CIFAR10,resnet18,distance_variance_cover,5,distance_variance_cover_5_50b,complete,73,3750,66.11999835968018,176.0,64.3799980545044,224.62313294410706,1.6158058643341064,1.4860551357269287,227.7249939441681,False
CIFAR10,resnet18,distance_variance_cover,5,distance_variance_cover_5_50b,complete,74,3800,65.19999855041505,190.0,64.25999837875366,221.4590802192688,1.4918901920318604,1.605290412902832,224.5562608242035,False
CIFAR10,resnet18,distance_variance_cover,5,distance_variance_cover_5_50b,complete,75,3850,65.67999855041504,144.0,64.91999788284302,228.3591775894165,1.5004966259002686,1.915705919265747,231.77538013458252,False
CIFAR10,resnet18,distance_variance_cover,5,distance_variance_cover_5_50b,complete,76,3900,66.37999839782715,184.0,65.42999782562256,223.04545187950134,1.4544317722320557,1.693504810333252,226.19338846206665,False
CIFAR10,resnet18,distance_variance_cover,5,distance_variance_cover_5_50b,complete,77,3950,66.87999855041504,182.0,65.53999843597413,232.1587986946106,1.5030062198638916,1.5196022987365723,235.18140721321106,False
CIFAR10,resnet18,distance_variance_cover,5,distance_variance_cover_5_50b,complete,78,4000,66.61999805450439,198.0,65.49999813079833,230.62112975120544,1.4880588054656982,1.6800243854522705,233.7892129421234,False
CIFAR10,resnet18,distance_variance_cover,5,distance_variance_cover_5_50b,complete,79,4050,66.13999813079835,170.0,65.93999835968017,235.85365629196167,1.655200719833374,1.5387589931488037,239.04761600494385,False
CIFAR10,resnet18,distance_variance_cover,5,distance_variance_cover_5_50b,complete,80,4100,67.11999835968018,192.0,65.93999820709229,237.75642156600952,1.4451673030853271,1.6524932384490967,240.85408210754395,False
CIFAR10,resnet18,distance_variance_cover,5,distance_variance_cover_5_50b,complete,81,4150,64.73999862670898,184.0,64.43999828338623,241.33553051948547,1.4891905784606934,1.9893674850463867,244.81408858299255,False
CIFAR10,resnet18,distance_variance_cover,5,distance_variance_cover_5_50b,complete,82,4200,67.17999835968018,188.0,66.21999814987183,241.70504474639893,1.5130507946014404,1.8106815814971924,245.02877712249756,False
CIFAR10,resnet18,distance_variance_cover,5,distance_variance_cover_5_50b,complete,83,4250,66.3399984741211,170.0,65.92999845504761,243.62007403373718,1.4971392154693604,1.3788323402404785,246.49604558944702,False
CIFAR10,resnet18,distance_variance_cover,5,distance_variance_cover_5_50b,complete,84,4300,66.87999843597413,168.0,66.34999820709228,247.1962628364563,1.4410789012908936,1.502234697341919,250.1395764350891,False
CIFAR10,resnet18,distance_variance_cover,5,distance_variance_cover_5_50b,complete,85,4350,66.63999843597412,140.0,66.11999834060668,249.7946422100067,1.4366602897644043,1.7836999893188477,253.01500248908997,False
CIFAR10,resnet18,distance_variance_cover,5,distance_variance_cover_5_50b,complete,86,4400,68.11999851226807,176.0,67.24999807357787,249.5406985282898,1.469085454940796,1.5147929191589355,252.52457690238953,False
CIFAR10,resnet18,distance_variance_cover,5,distance_variance_cover_5_50b,complete,87,4450,66.57999805450439,182.0,65.30999837875366,253.08076906204224,1.8709263801574707,1.8572003841400146,256.8088958263397,False
CIFAR10,resnet18,distance_variance_cover,5,distance_variance_cover_5_50b,complete,88,4500,67.35999809265137,168.0,66.66999818801881,253.59862875938416,1.5301449298858643,1.5852172374725342,256.71399092674255,False
CIFAR10,resnet18,distance_variance_cover,5,distance_variance_cover_5_50b,complete,89,4550,66.29999813079834,156.0,65.30999826431275,257.7319869995117,1.4873039722442627,1.5317151546478271,260.7510061264038,False
CIFAR10,resnet18,distance_variance_cover,5,distance_variance_cover_5_50b,complete,90,4600,66.63999813079835,156.0,65.5299984550476,257.0636727809906,1.4516792297363281,1.3926053047180176,259.90795731544495,False
CIFAR10,resnet18,distance_variance_cover,5,distance_variance_cover_5_50b,complete,91,4650,68.39999813079834,172.0,67.27999834060668,260.6009395122528,1.4963738918304443,1.5228402614593506,263.6201536655426,False
CIFAR10,resnet18,distance_variance_cover,5,distance_variance_cover_5_50b,complete,92,4700,69.05999839782714,188.0,68.0499981880188,264.61415219306946,1.4731218814849854,1.3904736042022705,267.4777476787567,False
CIFAR10,resnet18,distance_variance_cover,5,distance_variance_cover_5_50b,complete,93,4750,68.47999805450439,166.0,67.46999828338623,266.792174577713,1.6040410995483398,1.4368572235107422,269.8330729007721,False
CIFAR10,resnet18,distance_variance_cover,5,distance_variance_cover_5_50b,complete,94,4800,69.43999820709229,156.0,68.45999820709228,267.357036113739,1.4852120876312256,1.397615671157837,270.2398638725281,False
CIFAR10,resnet18,distance_variance_cover,5,distance_variance_cover_5_50b,complete,95,4850,69.4199979019165,200.0,68.36999816894532,273.49791193008423,1.566800594329834,3.8797659873962402,278.9444785118103,False
CIFAR10,resnet18,distance_variance_cover,5,distance_variance_cover_5_50b,complete,96,4900,68.8599984741211,196.0,67.71999818801879,277.1574819087982,1.5217103958129883,1.6619226932525635,280.34111499786377,False
CIFAR10,resnet18,distance_variance_cover,5,distance_variance_cover_5_50b,complete,97,4950,70.73999782562257,192.0,70.42999835968018,283.1850769519806,1.4887821674346924,1.6360743045806885,286.309933423996,False
CIFAR10,resnet18,distance_variance_cover,5,distance_variance_cover_5_50b,complete,98,5000,68.65999813079834,196.0,67.57999788284302,281.0134074687958,1.4790573120117188,1.471602439880371,283.96406722068787,False
CIFAR10,resnet18,distance_variance_cover,5,distance_variance_cover_5_50b,complete,99,5050,69.0199981689453,160.0,68.2399983215332,286.55785369873047,1.5132801532745361,1.675933599472046,289.74706745147705,False
CIFAR10,resnet18,distance_variance_cover,5,distance_variance_cover_5_50b,complete,100,5050,69.45999797821045,178.0,68.5799984741211,283.56799721717834,1.534804105758667,0.0,285.102801322937,False
