dataset,model,method,seed,exp_name,run_status,episode,labeled_count,best_val_accuracy,best_val_epoch,test_accuracy,train_time_sec,test_time_sec,acquisition_time_sec,round_time_sec,is_initial_sampling
CIFAR100,resnet18,distance_variance_cover,1,distance_variance_cover_1_50b,complete,-1,50,,,,,,1.5188970565795898,1.5188970565795898,True
CIFAR100,resnet18,distance_variance_cover,1,distance_variance_cover_1_50b,complete,0,100,4.340000000000003,46.0,4.400000000000006,68.67426776885986,1.3548080921173096,1.3764417171478271,71.405517578125,False
CIFAR100,resnet18,distance_variance_cover,1,distance_variance_cover_1_50b,complete,1,150,5.579999999999998,146.0,6.260000000000005,68.59330010414124,1.3837413787841797,1.3972764015197754,71.37431788444519,False
CIFAR100,resnet18,distance_variance_cover,1,distance_variance_cover_1_50b,complete,2,200,6.980000000000004,196.0,7.400000000000006,68.68504095077515,1.3557255268096924,1.3877794742584229,71.42854595184326,False
CIFAR100,resnet18,distance_variance_cover,1,distance_variance_cover_1_50b,complete,3,250,8.099999999999994,144.0,8.680000000000007,71.93548393249512,1.3771674633026123,1.3908264636993408,74.70347785949707,False
CIFAR100,resnet18,distance_variance_cover,1,distance_variance_cover_1_50b,complete,4,300,8.780000000000001,160.0,9.269999999999996,72.35034346580505,1.4053103923797607,1.3861362934112549,75.14179015159607,False
CIFAR100,resnet18,distance_variance_cover,1,distance_variance_cover_1_50b,complete,5,350,9.680000000000007,150.0,9.909999999999997,75.18337631225586,1.3862464427947998,1.3860752582550049,77.95569801330566,False
CIFAR100,resnet18,distance_variance_cover,1,distance_variance_cover_1_50b,complete,6,400,10.36,190.0,10.280000000000001,75.40583276748657,1.3646972179412842,1.385422945022583,78.15595293045044,False
CIFAR100,resnet18,distance_variance_cover,1,distance_variance_cover_1_50b,complete,7,450,11.260000000000005,110.0,11.090000000000003,78.26855564117432,1.4687159061431885,1.2462773323059082,80.98354887962341,False
CIFAR100,resnet18,distance_variance_cover,1,distance_variance_cover_1_50b,complete,8,500,11.980000000000004,142.0,11.469999999999999,78.4728934764862,1.3695082664489746,1.3849372863769531,81.22733902931213,False
CIFAR100,resnet18,distance_variance_cover,1,distance_variance_cover_1_50b,complete,9,550,12.819999999999993,152.0,12.099999999999994,81.66554617881775,1.3688404560089111,1.389413595199585,84.42380023002625,False
CIFAR100,resnet18,distance_variance_cover,1,distance_variance_cover_1_50b,complete,10,600,13.560000000000002,162.0,12.730000000000004,81.64618754386902,1.3662810325622559,1.244856595993042,84.25732517242432,False
CIFAR100,resnet18,distance_variance_cover,1,distance_variance_cover_1_50b,complete,11,650,14.219999999999999,200.0,13.209999999999994,84.91194295883179,1.376054048538208,1.3758692741394043,87.6638662815094,False
CIFAR100,resnet18,distance_variance_cover,1,distance_variance_cover_1_50b,complete,12,700,14.519999999999996,88.0,13.920000000000002,85.33034181594849,1.3522617816925049,1.3880834579467773,88.07068705558777,False
CIFAR100,resnet18,distance_variance_cover,1,distance_variance_cover_1_50b,complete,13,750,15.519999999999996,192.0,14.180000000000007,88.44406652450562,1.3775358200073242,1.382500171661377,91.20410251617432,False
CIFAR100,resnet18,distance_variance_cover,1,distance_variance_cover_1_50b,complete,14,800,16.120000000000005,110.0,15.019999999999996,88.44556832313538,1.3628933429718018,1.391993761062622,91.2004554271698,False
CIFAR100,resnet18,distance_variance_cover,1,distance_variance_cover_1_50b,complete,15,850,16.22,148.0,15.489999999999995,91.59068274497986,1.3729345798492432,1.3908729553222656,94.35449028015137,False
CIFAR100,resnet18,distance_variance_cover,1,distance_variance_cover_1_50b,complete,16,900,16.92,176.0,15.739999999999995,91.94974613189697,1.2753453254699707,1.2367913722991943,94.46188282966614,False
CIFAR100,resnet18,distance_variance_cover,1,distance_variance_cover_1_50b,complete,17,950,17.480000000000004,170.0,16.22,98.35384631156921,1.3514211177825928,1.3829431533813477,101.08821058273315,False
CIFAR100,resnet18,distance_variance_cover,1,distance_variance_cover_1_50b,complete,18,1000,18.259999847412104,164.0,16.83,94.96670699119568,1.3243377208709717,1.3764896392822266,97.66753435134888,False
CIFAR100,resnet18,distance_variance_cover,1,distance_variance_cover_1_50b,complete,19,1050,18.58,102.0,17.150000000000006,98.21457028388977,1.3891754150390625,1.3869037628173828,100.99064946174622,False
CIFAR100,resnet18,distance_variance_cover,1,distance_variance_cover_1_50b,complete,20,1100,18.739999999999995,192.0,17.090000000000003,98.49614524841309,1.3544888496398926,1.2431750297546387,101.09380912780762,False
CIFAR100,resnet18,distance_variance_cover,1,distance_variance_cover_1_50b,complete,21,1150,19.93999984741211,162.0,17.879999999999995,101.80065393447876,1.3795216083526611,1.3985695838928223,104.57874512672424,False
CIFAR100,resnet18,distance_variance_cover,1,distance_variance_cover_1_50b,complete,22,1200,20.119999847412103,200.0,18.25,101.32135581970215,1.3823859691619873,1.2408733367919922,103.94461512565613,False
CIFAR100,resnet18,distance_variance_cover,1,distance_variance_cover_1_50b,complete,23,1250,20.260000000000005,178.0,18.650000000000006,104.717848777771,1.39198637008667,1.3793056011199951,107.48914074897766,False
CIFAR100,resnet18,distance_variance_cover,1,distance_variance_cover_1_50b,complete,24,1300,20.839999694824215,128.0,19.260000000000005,104.75063061714172,1.367387294769287,1.3859655857086182,107.50398349761963,False
CIFAR100,resnet18,distance_variance_cover,1,distance_variance_cover_1_50b,complete,25,1350,20.72,200.0,19.419999923706058,107.78012466430664,1.3749148845672607,1.3806922435760498,110.53573179244995,False
CIFAR100,resnet18,distance_variance_cover,1,distance_variance_cover_1_50b,complete,26,1400,21.459999999999994,102.0,20.370000000000005,108.07014989852905,1.335857629776001,1.3828773498535156,110.78888487815857,False
CIFAR100,resnet18,distance_variance_cover,1,distance_variance_cover_1_50b,complete,27,1450,22.199999694824214,192.0,19.980000000000004,111.69512557983398,1.2892508506774902,1.3852512836456299,114.3696277141571,False
CIFAR100,resnet18,distance_variance_cover,1,distance_variance_cover_1_50b,complete,28,1500,21.760000000000005,166.0,20.159999999999997,111.4133825302124,1.369276523590088,1.3804512023925781,114.16311025619507,False
CIFAR100,resnet18,distance_variance_cover,1,distance_variance_cover_1_50b,complete,29,1550,22.040000000000006,120.0,20.709999999999994,114.5954258441925,1.343472957611084,1.3871524333953857,117.32605123519897,False
CIFAR100,resnet18,distance_variance_cover,1,distance_variance_cover_1_50b,complete,30,1600,22.359999694824225,180.0,21.36999992370606,114.49641013145447,1.3931553363800049,1.2410812377929688,117.13064670562744,False
CIFAR100,resnet18,distance_variance_cover,1,distance_variance_cover_1_50b,complete,31,1650,22.859999694824225,156.0,21.659999923706053,117.80146026611328,1.3738479614257812,1.3913803100585938,120.56668853759766,False
CIFAR100,resnet18,distance_variance_cover,1,distance_variance_cover_1_50b,complete,32,1700,23.040000000000006,140.0,21.40999961853028,117.48418045043945,1.360121250152588,1.2442166805267334,120.08851838111877,False
CIFAR100,resnet18,distance_variance_cover,1,distance_variance_cover_1_50b,complete,33,1750,23.279999847412114,162.0,21.719999923706055,120.3989245891571,1.3689911365509033,1.3894238471984863,123.1573395729065,False
CIFAR100,resnet18,distance_variance_cover,1,distance_variance_cover_1_50b,complete,34,1800,23.339999847412116,134.0,21.22,121.00780940055847,1.3851909637451172,1.2422518730163574,123.63525223731995,False
CIFAR100,resnet18,distance_variance_cover,1,distance_variance_cover_1_50b,complete,35,1850,23.540000000000006,104.0,22.480000000000004,124.03033781051636,1.4285407066345215,1.247053623199463,126.70593214035034,False
CIFAR100,resnet18,distance_variance_cover,1,distance_variance_cover_1_50b,complete,36,1900,23.699999542236327,188.0,22.759999847412104,124.38621282577515,1.3543181419372559,1.4022469520568848,127.14277791976929,False
CIFAR100,resnet18,distance_variance_cover,1,distance_variance_cover_1_50b,complete,37,1950,23.540000000000006,142.0,22.169999847412114,127.45494985580444,1.3319878578186035,1.2469968795776367,130.03393459320068,False
CIFAR100,resnet18,distance_variance_cover,1,distance_variance_cover_1_50b,complete,38,2000,23.839999694824215,166.0,22.269999771118165,126.8516857624054,1.3605751991271973,1.3994007110595703,129.61166167259216,False
CIFAR100,resnet18,distance_variance_cover,1,distance_variance_cover_1_50b,complete,39,2050,24.059999847412115,196.0,23.049999771118166,130.4407606124878,1.3506827354431152,1.3941943645477295,133.18563771247864,False
CIFAR100,resnet18,distance_variance_cover,1,distance_variance_cover_1_50b,complete,40,2100,23.599999847412107,116.0,22.599999771118163,130.5590944290161,1.3067872524261475,1.2495152950286865,133.11539697647095,False
CIFAR100,resnet18,distance_variance_cover,1,distance_variance_cover_1_50b,complete,41,2150,23.840000000000003,130.0,23.519999923706052,133.9001660346985,1.3514230251312256,1.4026014804840088,136.65419054031372,False
CIFAR100,resnet18,distance_variance_cover,1,distance_variance_cover_1_50b,complete,42,2200,24.559999847412115,180.0,23.029999923706058,133.78207659721375,1.46462082862854,1.2465574741363525,136.49325489997864,False
CIFAR100,resnet18,distance_variance_cover,1,distance_variance_cover_1_50b,complete,43,2250,24.45999969482422,178.0,23.519999771118165,137.27128720283508,1.3914210796356201,1.4057230949401855,140.0684313774109,False
CIFAR100,resnet18,distance_variance_cover,1,distance_variance_cover_1_50b,complete,44,2300,24.239999999999995,186.0,23.03999992370605,137.01872563362122,1.34846830368042,1.3946239948272705,139.7618179321289,False
CIFAR100,resnet18,distance_variance_cover,1,distance_variance_cover_1_50b,complete,45,2350,24.659999542236335,184.0,24.07999984741211,140.37525129318237,1.3703551292419434,1.4086558818817139,143.15426230430603,False
CIFAR100,resnet18,distance_variance_cover,1,distance_variance_cover_1_50b,complete,46,2400,24.359999694824225,158.0,23.77999977111817,140.17617082595825,1.3255953788757324,1.396008014678955,142.89777421951294,False
CIFAR100,resnet18,distance_variance_cover,1,distance_variance_cover_1_50b,complete,47,2450,25.039999694824218,182.0,24.009999694824216,143.90271282196045,1.3204073905944824,1.4081401824951172,146.63126039505005,False
CIFAR100,resnet18,distance_variance_cover,1,distance_variance_cover_1_50b,complete,48,2500,24.57999984741211,196.0,23.899999847412104,144.34241008758545,1.3834497928619385,1.2598955631256104,146.985755443573,False
CIFAR100,resnet18,distance_variance_cover,1,distance_variance_cover_1_50b,complete,49,2550,24.559999542236326,180.0,23.719999771118168,147.84893536567688,1.4102156162261963,1.2703073024749756,150.52945828437805,False
CIFAR100,resnet18,distance_variance_cover,1,distance_variance_cover_1_50b,complete,50,2600,24.579999542236322,200.0,24.179999465942387,147.81774926185608,1.5661911964416504,1.2634618282318115,150.64740228652954,False
CIFAR100,resnet18,distance_variance_cover,1,distance_variance_cover_1_50b,complete,51,2650,24.779999694824212,92.0,24.38999977111817,151.2299988269806,1.3874962329864502,1.42341947555542,154.04091453552246,False
CIFAR100,resnet18,distance_variance_cover,1,distance_variance_cover_1_50b,complete,52,2700,25.519999999999996,194.0,24.27999977111817,151.28342604637146,1.3359858989715576,1.3804781436920166,153.99989008903503,False
CIFAR100,resnet18,distance_variance_cover,1,distance_variance_cover_1_50b,complete,53,2750,25.59999969482422,156.0,24.52999961853027,154.40279698371887,1.3779232501983643,1.3904061317443848,157.17112636566162,False
CIFAR100,resnet18,distance_variance_cover,1,distance_variance_cover_1_50b,complete,54,2800,24.87999969482422,162.0,24.48999946594239,154.33386731147766,1.3974864482879639,1.3829014301300049,157.11425518989563,False
CIFAR100,resnet18,distance_variance_cover,1,distance_variance_cover_1_50b,complete,55,2850,25.579999694824224,200.0,24.139999542236325,157.66852164268494,1.4140121936798096,1.386122703552246,160.468656539917,False
CIFAR100,resnet18,distance_variance_cover,1,distance_variance_cover_1_50b,complete,56,2900,25.29999984741211,104.0,24.529999923706058,157.88437819480896,1.5463662147521973,1.2556731700897217,160.68641757965088,False
CIFAR100,resnet18,distance_variance_cover,1,distance_variance_cover_1_50b,complete,57,2950,25.139999694824212,132.0,24.519999618530278,161.20379853248596,1.3870913982391357,1.2544348239898682,163.84532475471497,False
CIFAR100,resnet18,distance_variance_cover,1,distance_variance_cover_1_50b,complete,58,3000,24.93999984741211,184.0,23.91999961853027,161.13734650611877,1.3899974822998047,1.3889737129211426,163.91631770133972,False
CIFAR100,resnet18,distance_variance_cover,1,distance_variance_cover_1_50b,complete,59,3050,25.679999847412105,146.0,24.069999771118162,164.0935182571411,1.3514013290405273,1.391477108001709,166.83639669418335,False
CIFAR100,resnet18,distance_variance_cover,1,distance_variance_cover_1_50b,complete,60,3100,25.61999954223633,118.0,24.37999984741211,165.23640727996826,1.398000717163086,1.354956865310669,167.98936486244202,False
CIFAR100,resnet18,distance_variance_cover,1,distance_variance_cover_1_50b,complete,61,3150,25.079999542236322,124.0,23.85999977111817,170.16310620307922,1.4069385528564453,1.2399959564208984,172.81004071235657,False
CIFAR100,resnet18,distance_variance_cover,1,distance_variance_cover_1_50b,complete,62,3200,25.679999847412105,200.0,24.399999847412104,170.3510468006134,1.3867394924163818,1.360628366470337,173.09841465950012,False
CIFAR100,resnet18,distance_variance_cover,1,distance_variance_cover_1_50b,complete,63,3250,25.259999694824216,140.0,24.569999618530275,172.80090618133545,1.3929088115692139,1.2442069053649902,175.43802189826965,False
CIFAR100,resnet18,distance_variance_cover,1,distance_variance_cover_1_50b,complete,64,3300,25.89999923706054,120.0,24.669999465942382,173.31481742858887,1.37465500831604,1.3482513427734375,176.03772377967834,False
CIFAR100,resnet18,distance_variance_cover,1,distance_variance_cover_1_50b,complete,65,3350,25.91999938964844,172.0,23.75999977111816,176.39732265472412,1.3777546882629395,1.3594086170196533,179.1344859600067,False
CIFAR100,resnet18,distance_variance_cover,1,distance_variance_cover_1_50b,complete,66,3400,25.959999542236332,180.0,24.56999992370605,177.21764278411865,1.3748714923858643,1.3501484394073486,179.94266271591187,False
CIFAR100,resnet18,distance_variance_cover,1,distance_variance_cover_1_50b,complete,67,3450,26.09999969482422,180.0,24.669999923706058,180.88637351989746,1.4201693534851074,1.2552368640899658,183.56177973747253,False
CIFAR100,resnet18,distance_variance_cover,1,distance_variance_cover_1_50b,complete,68,3500,26.419999694824213,196.0,24.84999969482422,180.9088921546936,1.465761661529541,1.471693754196167,183.8463475704193,False
CIFAR100,resnet18,distance_variance_cover,1,distance_variance_cover_1_50b,complete,69,3550,26.079999542236322,166.0,24.419999923706058,183.58460664749146,1.4590458869934082,1.2470262050628662,186.29067873954773,False
CIFAR100,resnet18,distance_variance_cover,1,distance_variance_cover_1_50b,complete,70,3600,26.45999969482422,194.0,24.889999847412113,184.88125944137573,1.3861899375915527,1.344006061553955,187.61145544052124,False
CIFAR100,resnet18,distance_variance_cover,1,distance_variance_cover_1_50b,complete,71,3650,26.219999389648436,148.0,24.32999961853028,186.80635833740234,1.3503522872924805,1.3291380405426025,189.48584866523743,False
CIFAR100,resnet18,distance_variance_cover,1,distance_variance_cover_1_50b,complete,72,3700,26.559999313354496,194.0,25.259999694824216,187.22167205810547,1.4312214851379395,1.3420677185058594,189.99496126174927,False
CIFAR100,resnet18,distance_variance_cover,1,distance_variance_cover_1_50b,complete,73,3750,26.339999847412116,142.0,24.93999946594238,190.61726117134094,1.43408203125,1.2529346942901611,193.3042778968811,False
CIFAR100,resnet18,distance_variance_cover,1,distance_variance_cover_1_50b,complete,74,3800,26.7599993133545,174.0,24.809999542236326,190.72443342208862,1.3787178993225098,1.2530601024627686,193.3562114238739,False
CIFAR100,resnet18,distance_variance_cover,1,distance_variance_cover_1_50b,complete,75,3850,26.739999847412108,134.0,25.479999694824215,194.36608982086182,1.3475637435913086,1.2902235984802246,197.00387716293335,False
CIFAR100,resnet18,distance_variance_cover,1,distance_variance_cover_1_50b,complete,76,3900,26.579999694824224,186.0,25.55999961853027,194.75779151916504,1.3892345428466797,1.3266282081604004,197.47365427017212,False
CIFAR100,resnet18,distance_variance_cover,1,distance_variance_cover_1_50b,complete,77,3950,26.299999237060547,174.0,25.479999542236328,197.6570689678192,1.364126205444336,1.2490999698638916,200.27029514312744,False
CIFAR100,resnet18,distance_variance_cover,1,distance_variance_cover_1_50b,complete,78,4000,26.839999694824215,160.0,25.80999938964844,197.93969631195068,1.3692760467529297,1.3532826900482178,200.66225504875183,False
CIFAR100,resnet18,distance_variance_cover,1,distance_variance_cover_1_50b,complete,79,4050,26.959999237060543,156.0,25.509999618530273,201.13120484352112,1.349456548690796,1.2518644332885742,203.7325258255005,False
CIFAR100,resnet18,distance_variance_cover,1,distance_variance_cover_1_50b,complete,80,4100,26.619999847412103,148.0,25.039999389648443,201.68476915359497,1.40793776512146,1.2624588012695312,204.35516571998596,False
CIFAR100,resnet18,distance_variance_cover,1,distance_variance_cover_1_50b,complete,81,4150,27.159999542236335,192.0,25.569999313354487,204.41486072540283,1.366926908493042,1.2547130584716797,207.03650069236755,False
CIFAR100,resnet18,distance_variance_cover,1,distance_variance_cover_1_50b,complete,82,4200,26.639999389648438,168.0,25.30999992370606,203.97613048553467,1.3337223529815674,1.3395249843597412,206.64937782287598,False
CIFAR100,resnet18,distance_variance_cover,1,distance_variance_cover_1_50b,complete,83,4250,26.95999938964843,126.0,25.569999771118162,207.8084466457367,1.3212494850158691,1.3364770412445068,210.46617317199707,False
CIFAR100,resnet18,distance_variance_cover,1,distance_variance_cover_1_50b,complete,84,4300,26.85999923706055,182.0,25.50999954223633,207.7921748161316,1.3332493305206299,1.360177755355835,210.48560190200806,False
CIFAR100,resnet18,distance_variance_cover,1,distance_variance_cover_1_50b,complete,85,4350,26.379999542236334,152.0,25.249999694824226,211.41631436347961,1.4072537422180176,1.336895227432251,214.16046333312988,False
CIFAR100,resnet18,distance_variance_cover,1,distance_variance_cover_1_50b,complete,86,4400,27.359999542236324,174.0,26.059999580383305,211.1846525669098,1.3489983081817627,1.2587575912475586,213.7924084663391,False
CIFAR100,resnet18,distance_variance_cover,1,distance_variance_cover_1_50b,complete,87,4450,26.73999893188477,168.0,25.579999771118167,214.0620732307434,1.5163543224334717,1.2573575973510742,216.83578515052795,False
CIFAR100,resnet18,distance_variance_cover,1,distance_variance_cover_1_50b,complete,88,4500,26.999999542236324,140.0,25.369999465942385,214.47086548805237,1.3910937309265137,1.3453125953674316,217.2072718143463,False
CIFAR100,resnet18,distance_variance_cover,1,distance_variance_cover_1_50b,complete,89,4550,26.439999389648435,122.0,25.05999961853027,217.9537160396576,1.3993899822235107,1.3759546279907227,220.72906064987183,False
CIFAR100,resnet18,distance_variance_cover,1,distance_variance_cover_1_50b,complete,90,4600,27.35999923706055,158.0,26.099999542236333,217.72032117843628,1.3752491474151611,1.3441593647003174,220.43972969055176,False
CIFAR100,resnet18,distance_variance_cover,1,distance_variance_cover_1_50b,complete,91,4650,27.239999542236333,196.0,25.1499993133545,221.48842573165894,1.378824234008789,1.350630521774292,224.21788048744202,False
CIFAR100,resnet18,distance_variance_cover,1,distance_variance_cover_1_50b,complete,92,4700,27.639999542236325,196.0,25.469999389648436,220.5846860408783,1.39347505569458,1.354386806488037,223.3325479030609,False
CIFAR100,resnet18,distance_variance_cover,1,distance_variance_cover_1_50b,complete,93,4750,27.01999969482422,180.0,25.24999950408936,224.20790338516235,1.382420301437378,1.2611074447631836,226.85143113136292,False
CIFAR100,resnet18,distance_variance_cover,1,distance_variance_cover_1_50b,complete,94,4800,26.93999908447266,156.0,25.159999771118166,223.23868250846863,1.3159527778625488,1.3460783958435059,225.90071368217468,False
CIFAR100,resnet18,distance_variance_cover,1,distance_variance_cover_1_50b,complete,95,4850,26.859999389648436,192.0,25.539999618530274,226.98502683639526,1.4389140605926514,1.2592411041259766,229.6831820011139,False
CIFAR100,resnet18,distance_variance_cover,1,distance_variance_cover_1_50b,complete,96,4900,27.579999542236322,98.0,25.959999580383297,227.57217693328857,1.3768770694732666,1.2639594078063965,230.21301341056824,False
CIFAR100,resnet18,distance_variance_cover,1,distance_variance_cover_1_50b,complete,97,4950,27.23999877929687,144.0,25.219999542236323,230.71528244018555,1.3552861213684082,1.2608709335327148,233.33143949508667,False
CIFAR100,resnet18,distance_variance_cover,1,distance_variance_cover_1_50b,complete,98,5000,27.41999923706055,156.0,25.89999977111816,230.12635803222656,1.380530595779419,1.3495080471038818,232.85639667510986,False
CIFAR100,resnet18,distance_variance_cover,1,distance_variance_cover_1_50b,complete,99,5050,27.179999237060542,138.0,25.429999465942387,233.74321126937866,1.4064276218414307,1.2497923374176025,236.3994312286377,False
CIFAR100,resnet18,distance_variance_cover,1,distance_variance_cover_1_50b,complete,100,5050,26.95999969482422,154.0,25.359999694824225,233.73513174057007,1.382349967956543,0.0,235.1174817085266,False
CIFAR100,resnet18,distance_variance_cover,2,distance_variance_cover_2_50b,complete,-1,50,,,,,,1.446326494216919,1.446326494216919,True
CIFAR100,resnet18,distance_variance_cover,2,distance_variance_cover_2_50b,complete,0,100,4.599999999999994,182.0,4.75,70.51092958450317,1.2959527969360352,1.3222973346710205,73.12917971611023,False
CIFAR100,resnet18,distance_variance_cover,2,distance_variance_cover_2_50b,complete,1,150,5.219999999999999,102.0,5.400000000000006,70.57093048095703,1.3886442184448242,1.3229422569274902,73.28251695632935,False
CIFAR100,resnet18,distance_variance_cover,2,distance_variance_cover_2_50b,complete,2,200,6.980000000000004,80.0,6.769999999999996,70.76466035842896,1.396094799041748,1.2567129135131836,73.41746807098389,False
CIFAR100,resnet18,distance_variance_cover,2,distance_variance_cover_2_50b,complete,3,250,7.739999999999995,92.0,8.14,74.15318703651428,1.3679230213165283,1.3283188343048096,76.84942889213562,False
CIFAR100,resnet18,distance_variance_cover,2,distance_variance_cover_2_50b,complete,4,300,8.599999999999994,96.0,8.239999999999995,73.87229084968567,1.385176420211792,1.235518455505371,76.49298572540283,False
CIFAR100,resnet18,distance_variance_cover,2,distance_variance_cover_2_50b,complete,5,350,9.420000000000002,124.0,9.159999999999997,77.44169926643372,1.407386064529419,1.3295314311981201,80.17861676216125,False
CIFAR100,resnet18,distance_variance_cover,2,distance_variance_cover_2_50b,complete,6,400,10.519999999999996,196.0,9.629999999999995,77.51265406608582,1.3857958316802979,1.3267862796783447,80.22523617744446,False
CIFAR100,resnet18,distance_variance_cover,2,distance_variance_cover_2_50b,complete,7,450,10.819999999999993,104.0,9.939999999999998,80.54989910125732,1.3724842071533203,1.2364389896392822,83.15882229804993,False
CIFAR100,resnet18,distance_variance_cover,2,distance_variance_cover_2_50b,complete,8,500,11.480000000000004,160.0,10.790000000000006,80.74642968177795,1.4105885028839111,1.2289247512817383,83.3859429359436,False
CIFAR100,resnet18,distance_variance_cover,2,distance_variance_cover_2_50b,complete,9,550,12.459999999999994,184.0,11.560000000000002,83.86690759658813,1.402158260345459,1.3226211071014404,86.59168696403503,False
CIFAR100,resnet18,distance_variance_cover,2,distance_variance_cover_2_50b,complete,10,600,12.980000000000004,158.0,12.349999999999994,84.12435913085938,1.4548747539520264,1.333923101425171,86.91315698623657,False
CIFAR100,resnet18,distance_variance_cover,2,distance_variance_cover_2_50b,complete,11,650,13.719999999999999,200.0,12.069999999999993,87.42290139198303,1.3825981616973877,1.2340807914733887,90.03958034515381,False
CIFAR100,resnet18,distance_variance_cover,2,distance_variance_cover_2_50b,complete,12,700,14.5,104.0,13.040000000000006,87.29155921936035,1.3906843662261963,1.3312163352966309,90.01345992088318,False
CIFAR100,resnet18,distance_variance_cover,2,distance_variance_cover_2_50b,complete,13,750,15.159999999999997,140.0,13.61,90.91874480247498,1.3943569660186768,1.3439733982086182,93.65707516670227,False
CIFAR100,resnet18,distance_variance_cover,2,distance_variance_cover_2_50b,complete,14,800,15.760000000000005,146.0,14.209999999999994,90.79919004440308,1.4085094928741455,1.241753101348877,93.4494526386261,False
CIFAR100,resnet18,distance_variance_cover,2,distance_variance_cover_2_50b,complete,15,850,16.480000000000004,188.0,14.920000000000002,94.04345703125,1.3800768852233887,1.3301403522491455,96.75367426872253,False
CIFAR100,resnet18,distance_variance_cover,2,distance_variance_cover_2_50b,complete,16,900,16.659999999999997,150.0,15.170000000000002,94.15522050857544,1.493713140487671,1.2238173484802246,96.87275099754333,False
CIFAR100,resnet18,distance_variance_cover,2,distance_variance_cover_2_50b,complete,17,950,16.92,142.0,16.209999999999994,97.40996646881104,1.396733283996582,1.230118751525879,100.0368185043335,False
CIFAR100,resnet18,distance_variance_cover,2,distance_variance_cover_2_50b,complete,18,1000,17.040000000000006,196.0,15.849999999999994,97.63124871253967,1.4109034538269043,1.322026252746582,100.36417841911316,False
CIFAR100,resnet18,distance_variance_cover,2,distance_variance_cover_2_50b,complete,19,1050,18.120000000000005,136.0,17.0,100.59308195114136,1.3991024494171143,1.319284200668335,103.3114686012268,False
CIFAR100,resnet18,distance_variance_cover,2,distance_variance_cover_2_50b,complete,20,1100,18.28,178.0,16.89,100.33431339263916,1.4056015014648438,1.322319746017456,103.06223464012146,False
CIFAR100,resnet18,distance_variance_cover,2,distance_variance_cover_2_50b,complete,21,1150,18.42,170.0,17.47,104.008220911026,1.4074342250823975,1.329265832901001,106.7449209690094,False
CIFAR100,resnet18,distance_variance_cover,2,distance_variance_cover_2_50b,complete,22,1200,18.939999999999998,162.0,17.430000000000007,104.07128405570984,1.3482890129089355,1.2372534275054932,106.65682649612427,False
CIFAR100,resnet18,distance_variance_cover,2,distance_variance_cover_2_50b,complete,23,1250,19.540000000000006,190.0,18.349999999999994,107.84156680107117,1.4730095863342285,1.2430613040924072,110.5576376914978,False
CIFAR100,resnet18,distance_variance_cover,2,distance_variance_cover_2_50b,complete,24,1300,19.659999999999997,180.0,18.689999923706054,107.18549609184265,1.3873388767242432,1.3566570281982422,109.92949199676514,False
CIFAR100,resnet18,distance_variance_cover,2,distance_variance_cover_2_50b,complete,25,1350,20.459999999999994,132.0,19.14,110.39712762832642,1.4358322620391846,1.2274994850158691,113.06045937538147,False
CIFAR100,resnet18,distance_variance_cover,2,distance_variance_cover_2_50b,complete,26,1400,20.92,130.0,18.989999999999995,110.73370909690857,1.4950783252716064,1.2353451251983643,113.46413254737854,False
CIFAR100,resnet18,distance_variance_cover,2,distance_variance_cover_2_50b,complete,27,1450,20.79999984741211,198.0,18.83999992370606,113.96360898017883,1.291717767715454,1.2291734218597412,116.48450016975403,False
CIFAR100,resnet18,distance_variance_cover,2,distance_variance_cover_2_50b,complete,28,1500,21.14,198.0,19.03,114.04550957679749,1.4101130962371826,1.2332427501678467,116.68886542320251,False
CIFAR100,resnet18,distance_variance_cover,2,distance_variance_cover_2_50b,complete,29,1550,21.5,180.0,19.709999999999994,116.93542003631592,1.3964622020721436,1.3351738452911377,119.6670560836792,False
CIFAR100,resnet18,distance_variance_cover,2,distance_variance_cover_2_50b,complete,30,1600,21.339999847412116,102.0,20.189999999999998,117.1282606124878,1.3826978206634521,1.2322161197662354,119.74317455291748,False
CIFAR100,resnet18,distance_variance_cover,2,distance_variance_cover_2_50b,complete,31,1650,21.819999999999993,196.0,20.129999999999995,120.59785437583923,1.340409755706787,1.3329904079437256,123.27125453948975,False
CIFAR100,resnet18,distance_variance_cover,2,distance_variance_cover_2_50b,complete,32,1700,22.36,110.0,21.259999847412104,120.8364987373352,1.390040397644043,1.2345588207244873,123.46109795570374,False
CIFAR100,resnet18,distance_variance_cover,2,distance_variance_cover_2_50b,complete,33,1750,22.619999847412103,188.0,21.459999847412107,124.09038496017456,1.369433879852295,1.3262317180633545,126.78605055809021,False
CIFAR100,resnet18,distance_variance_cover,2,distance_variance_cover_2_50b,complete,34,1800,22.859999847412112,192.0,21.67999992370605,124.20048379898071,1.3721530437469482,1.2326023578643799,126.80523920059204,False
CIFAR100,resnet18,distance_variance_cover,2,distance_variance_cover_2_50b,complete,35,1850,22.799999999999997,136.0,21.430000000000007,127.34483218193054,1.4376616477966309,1.2422683238983154,130.0247621536255,False
CIFAR100,resnet18,distance_variance_cover,2,distance_variance_cover_2_50b,complete,36,1900,22.739999847412108,156.0,21.97999992370606,127.19198274612427,1.3814167976379395,1.3330183029174805,129.9064178466797,False
CIFAR100,resnet18,distance_variance_cover,2,distance_variance_cover_2_50b,complete,37,1950,23.31999969482422,164.0,22.159999771118166,130.56202101707458,1.3584072589874268,1.3374638557434082,133.25789213180542,False
CIFAR100,resnet18,distance_variance_cover,2,distance_variance_cover_2_50b,complete,38,2000,23.279999694824212,198.0,22.249999923706056,130.28667521476746,1.3991920948028564,1.2442970275878906,132.9301643371582,False
CIFAR100,resnet18,distance_variance_cover,2,distance_variance_cover_2_50b,complete,39,2050,22.999999542236324,190.0,21.639999847412113,134.06716442108154,1.3945903778076172,1.2553699016571045,136.71712470054626,False
CIFAR100,resnet18,distance_variance_cover,2,distance_variance_cover_2_50b,complete,40,2100,23.059999237060552,178.0,22.319999771118162,134.47161078453064,1.3932726383209229,1.2609624862670898,137.12584590911865,False
CIFAR100,resnet18,distance_variance_cover,2,distance_variance_cover_2_50b,complete,41,2150,23.099999999999994,120.0,22.379999771118165,138.14752101898193,1.3868396282196045,1.3317482471466064,140.86610889434814,False
CIFAR100,resnet18,distance_variance_cover,2,distance_variance_cover_2_50b,complete,42,2200,23.43999984741211,158.0,22.199999771118158,137.6234152317047,1.385145664215088,1.3377649784088135,140.3463258743286,False
CIFAR100,resnet18,distance_variance_cover,2,distance_variance_cover_2_50b,complete,43,2250,23.699999694824214,154.0,22.229999847412103,140.96630883216858,1.3697223663330078,1.361725091934204,143.6977562904358,False
CIFAR100,resnet18,distance_variance_cover,2,distance_variance_cover_2_50b,complete,44,2300,23.75999954223633,164.0,22.279999847412114,141.24207949638367,1.5154595375061035,1.2528069019317627,144.01034593582153,False
CIFAR100,resnet18,distance_variance_cover,2,distance_variance_cover_2_50b,complete,45,2350,23.73999969482422,156.0,22.689999923706054,144.33979439735413,1.433413028717041,1.2538349628448486,147.02704238891602,False
CIFAR100,resnet18,distance_variance_cover,2,distance_variance_cover_2_50b,complete,46,2400,23.779999694824212,102.0,23.219999542236323,144.8719778060913,1.4122238159179688,1.3559794425964355,147.6401810646057,False
CIFAR100,resnet18,distance_variance_cover,2,distance_variance_cover_2_50b,complete,47,2450,24.159999694824222,176.0,22.949999771118158,148.32579946517944,1.434056282043457,1.342876672744751,151.10273241996765,False
CIFAR100,resnet18,distance_variance_cover,2,distance_variance_cover_2_50b,complete,48,2500,23.899999694824217,186.0,23.049999694824223,148.32223320007324,1.516085147857666,1.2463593482971191,151.08467769622803,False
CIFAR100,resnet18,distance_variance_cover,2,distance_variance_cover_2_50b,complete,49,2550,23.87999969482422,138.0,23.139999694824212,151.32353854179382,1.4074437618255615,1.3401038646697998,154.07108616828918,False
CIFAR100,resnet18,distance_variance_cover,2,distance_variance_cover_2_50b,complete,50,2600,24.279999847412114,142.0,23.619999694824216,151.60194635391235,1.4114735126495361,1.342250108718872,154.35566997528076,False
CIFAR100,resnet18,distance_variance_cover,2,distance_variance_cover_2_50b,complete,51,2650,24.560000000000002,174.0,23.779999847412114,154.75518536567688,1.422847032546997,1.3462469577789307,157.5242793560028,False
CIFAR100,resnet18,distance_variance_cover,2,distance_variance_cover_2_50b,complete,52,2700,24.28,192.0,23.36999992370606,155.2547161579132,1.411076545715332,1.3538644313812256,158.01965713500977,False
CIFAR100,resnet18,distance_variance_cover,2,distance_variance_cover_2_50b,complete,53,2750,24.659999999999997,142.0,23.769999465942377,158.1315290927887,1.412559986114502,1.2599983215332031,160.8040874004364,False
CIFAR100,resnet18,distance_variance_cover,2,distance_variance_cover_2_50b,complete,54,2800,24.379999389648432,166.0,23.959999771118163,159.01982474327087,1.3475570678710938,1.359609842300415,161.72699165344238,False
CIFAR100,resnet18,distance_variance_cover,2,distance_variance_cover_2_50b,complete,55,2850,24.359999847412112,138.0,23.669999847412114,161.42125368118286,1.400245189666748,1.356020450592041,164.17751932144165,False
CIFAR100,resnet18,distance_variance_cover,2,distance_variance_cover_2_50b,complete,56,2900,24.480000000000004,174.0,23.33999992370606,162.05809450149536,1.3648176193237305,1.3493332862854004,164.7722454071045,False
CIFAR100,resnet18,distance_variance_cover,2,distance_variance_cover_2_50b,complete,57,2950,25.05999938964844,184.0,23.589999847412116,165.01166319847107,1.3832292556762695,1.3557100296020508,167.7506024837494,False
CIFAR100,resnet18,distance_variance_cover,2,distance_variance_cover_2_50b,complete,58,3000,25.69999908447265,106.0,24.049999771118166,164.58838152885437,1.4917476177215576,1.2527966499328613,167.3329257965088,False
CIFAR100,resnet18,distance_variance_cover,2,distance_variance_cover_2_50b,complete,59,3050,25.019999542236334,144.0,24.079999542236322,167.89421916007996,1.3346142768859863,1.2413630485534668,170.4701964855194,False
CIFAR100,resnet18,distance_variance_cover,2,distance_variance_cover_2_50b,complete,60,3100,24.939999694824223,194.0,24.03999977111816,168.2004816532135,1.4019999504089355,1.3612480163574219,170.96372961997986,False
CIFAR100,resnet18,distance_variance_cover,2,distance_variance_cover_2_50b,complete,61,3150,24.999999542236324,170.0,24.25999992370606,171.15143179893494,1.4868879318237305,1.2475674152374268,173.8858871459961,False
CIFAR100,resnet18,distance_variance_cover,2,distance_variance_cover_2_50b,complete,62,3200,25.539999389648443,162.0,24.429999771118162,171.498948097229,1.3821980953216553,1.3662049770355225,174.24735116958618,False
CIFAR100,resnet18,distance_variance_cover,2,distance_variance_cover_2_50b,complete,63,3250,25.279999542236325,136.0,24.229999847412103,174.89944171905518,1.4130825996398926,1.2634913921356201,177.5760157108307,False
CIFAR100,resnet18,distance_variance_cover,2,distance_variance_cover_2_50b,complete,64,3300,25.739999542236333,96.0,24.92999954223633,174.8596384525299,1.4294052124023438,1.258565902709961,177.5476095676422,False
CIFAR100,resnet18,distance_variance_cover,2,distance_variance_cover_2_50b,complete,65,3350,25.17999954223633,144.0,24.189999694824223,177.70912432670593,1.4230165481567383,1.2555689811706543,180.38770985603333,False
CIFAR100,resnet18,distance_variance_cover,2,distance_variance_cover_2_50b,complete,66,3400,25.219999694824224,162.0,24.539999847412105,178.15168166160583,1.421910047531128,1.3555445671081543,180.92913627624512,False
CIFAR100,resnet18,distance_variance_cover,2,distance_variance_cover_2_50b,complete,67,3450,25.81999954223633,166.0,24.359999694824225,182.12470746040344,1.400386095046997,1.3524482250213623,184.8775417804718,False
CIFAR100,resnet18,distance_variance_cover,2,distance_variance_cover_2_50b,complete,68,3500,25.199999542236327,176.0,24.399999618530273,181.19673442840576,1.3996453285217285,1.3587303161621094,183.9551100730896,False
CIFAR100,resnet18,distance_variance_cover,2,distance_variance_cover_2_50b,complete,69,3550,25.279999542236325,128.0,24.709999237060543,184.88463807106018,1.393578052520752,1.3546042442321777,187.6328203678131,False
CIFAR100,resnet18,distance_variance_cover,2,distance_variance_cover_2_50b,complete,70,3600,26.099999542236333,196.0,25.229999694824215,184.86426663398743,1.4134831428527832,1.3784501552581787,187.6561999320984,False
CIFAR100,resnet18,distance_variance_cover,2,distance_variance_cover_2_50b,complete,71,3650,25.459999542236332,156.0,24.609999847412112,188.14299321174622,1.4046878814697266,1.3808584213256836,190.92853951454163,False
CIFAR100,resnet18,distance_variance_cover,2,distance_variance_cover_2_50b,complete,72,3700,25.759999847412104,168.0,24.61999977111816,188.5527114868164,1.4043614864349365,1.3011763095855713,191.2582492828369,False
CIFAR100,resnet18,distance_variance_cover,2,distance_variance_cover_2_50b,complete,73,3750,26.21999984741211,192.0,25.309999694824214,191.4284143447876,1.4002480506896973,1.315403699874878,194.14406609535217,False
CIFAR100,resnet18,distance_variance_cover,2,distance_variance_cover_2_50b,complete,74,3800,25.979999542236328,134.0,25.149999465942386,191.53565120697021,1.4020845890045166,1.420088529586792,194.35782432556152,False
CIFAR100,resnet18,distance_variance_cover,2,distance_variance_cover_2_50b,complete,75,3850,25.099999999999994,168.0,24.73999969482422,194.93571305274963,1.4243841171264648,1.379648208618164,197.73974537849426,False
CIFAR100,resnet18,distance_variance_cover,2,distance_variance_cover_2_50b,complete,76,3900,24.939999999999998,166.0,25.099999618530276,194.7548987865448,1.4078266620635986,1.3984603881835938,197.561185836792,False
CIFAR100,resnet18,distance_variance_cover,2,distance_variance_cover_2_50b,complete,77,3950,25.25999954223633,186.0,24.949999694824214,198.55067920684814,1.5126698017120361,1.2974777221679688,201.36082673072815,False
CIFAR100,resnet18,distance_variance_cover,2,distance_variance_cover_2_50b,complete,78,4000,25.559999694824214,182.0,24.449999847412116,198.52059674263,1.3656318187713623,1.4038991928100586,201.29012775421143,False
CIFAR100,resnet18,distance_variance_cover,2,distance_variance_cover_2_50b,complete,79,4050,25.379999542236334,160.0,25.269999923706052,203.48288798332214,1.4168586730957031,1.3890602588653564,206.2888069152832,False
CIFAR100,resnet18,distance_variance_cover,2,distance_variance_cover_2_50b,complete,80,4100,25.179999694824218,152.0,24.089999694824215,201.7782826423645,1.5157568454742432,1.2856149673461914,204.57965445518494,False
CIFAR100,resnet18,distance_variance_cover,2,distance_variance_cover_2_50b,complete,81,4150,25.359999847412112,176.0,25.77999946594238,205.8433907032013,1.404081106185913,1.3209855556488037,208.568457365036,False
CIFAR100,resnet18,distance_variance_cover,2,distance_variance_cover_2_50b,complete,82,4200,25.199999847412116,168.0,24.81999969482422,205.3124361038208,1.4247055053710938,1.4242639541625977,208.1614055633545,False
CIFAR100,resnet18,distance_variance_cover,2,distance_variance_cover_2_50b,complete,83,4250,26.159999694824222,184.0,25.749999618530268,209.5754337310791,1.3803989887237549,1.3797483444213867,212.33558106422424,False
CIFAR100,resnet18,distance_variance_cover,2,distance_variance_cover_2_50b,complete,84,4300,26.079999694824224,172.0,25.049999694824223,209.03920722007751,1.4813833236694336,1.2449767589569092,211.76556730270386,False
CIFAR100,resnet18,distance_variance_cover,2,distance_variance_cover_2_50b,complete,85,4350,25.939999389648435,194.0,25.429999618530275,214.45650553703308,1.4450843334197998,1.3307702541351318,217.232360124588,False
CIFAR100,resnet18,distance_variance_cover,2,distance_variance_cover_2_50b,complete,86,4400,26.35999923706055,152.0,25.759999618530273,215.0759618282318,1.3615410327911377,1.2378859519958496,217.6753888130188,False
CIFAR100,resnet18,distance_variance_cover,2,distance_variance_cover_2_50b,complete,87,4450,25.859999389648436,158.0,25.499999694824226,217.97023010253906,1.4106957912445068,1.3516247272491455,220.73255062103271,False
CIFAR100,resnet18,distance_variance_cover,2,distance_variance_cover_2_50b,complete,88,4500,25.859999389648436,150.0,24.969999618530267,218.53762316703796,1.4087269306182861,1.4673283100128174,221.41367840766907,False
CIFAR100,resnet18,distance_variance_cover,2,distance_variance_cover_2_50b,complete,89,4550,25.69999938964844,174.0,25.11999938964844,224.26023244857788,1.441218376159668,2.025522470474243,227.7269732952118,False
CIFAR100,resnet18,distance_variance_cover,2,distance_variance_cover_2_50b,complete,90,4600,25.81999954223633,134.0,24.85999977111817,231.9212348461151,1.4575121402740479,1.5923833847045898,234.97113037109375,False
CIFAR100,resnet18,distance_variance_cover,2,distance_variance_cover_2_50b,complete,91,4650,26.040000000000006,182.0,25.44999961853027,234.58312797546387,1.488800048828125,1.6320281028747559,237.70395612716675,False
CIFAR100,resnet18,distance_variance_cover,2,distance_variance_cover_2_50b,complete,92,4700,26.019999542236334,196.0,25.14999954223633,234.38329434394836,1.5778186321258545,1.402916431427002,237.36402940750122,False
CIFAR100,resnet18,distance_variance_cover,2,distance_variance_cover_2_50b,complete,93,4750,25.93999984741211,168.0,25.299999771118166,238.3221311569214,1.5830104351043701,1.4079477787017822,241.31308937072754,False
CIFAR100,resnet18,distance_variance_cover,2,distance_variance_cover_2_50b,complete,94,4800,26.059999694824214,160.0,24.699999542236327,239.2004737854004,1.3933453559875488,1.5718533992767334,242.16567254066467,False
CIFAR100,resnet18,distance_variance_cover,2,distance_variance_cover_2_50b,complete,95,4850,26.239999237060545,186.0,24.929999847412105,242.49956226348877,1.3994600772857666,1.7932806015014648,245.692302942276,False
CIFAR100,resnet18,distance_variance_cover,2,distance_variance_cover_2_50b,complete,96,4900,25.979999694824215,162.0,24.78999977111816,242.03230381011963,1.5245938301086426,1.74769926071167,245.30459690093994,False
CIFAR100,resnet18,distance_variance_cover,2,distance_variance_cover_2_50b,complete,97,4950,25.719999694824224,164.0,25.699999427795404,245.5843541622162,1.5079190731048584,1.5852620601654053,248.67753529548645,False
CIFAR100,resnet18,distance_variance_cover,2,distance_variance_cover_2_50b,complete,98,5000,25.43999984741211,18.0,25.08999961853027,245.71426486968994,1.492384433746338,1.6553924083709717,248.86204171180725,False
CIFAR100,resnet18,distance_variance_cover,2,distance_variance_cover_2_50b,complete,99,5050,26.179999389648444,178.0,24.779999847412114,249.15988993644714,1.41603422164917,1.5074772834777832,252.0834014415741,False
CIFAR100,resnet18,distance_variance_cover,2,distance_variance_cover_2_50b,complete,100,5050,25.859999542236324,182.0,25.019999618530278,249.31543564796448,1.4992640018463135,0.0,250.8146996498108,False
CIFAR100,resnet18,distance_variance_cover,3,distance_variance_cover_3_50b,complete,-1,50,,,,,,1.6478462219238281,1.6478462219238281,True
CIFAR100,resnet18,distance_variance_cover,3,distance_variance_cover_3_50b,complete,0,100,4.480000000000004,136.0,5.0,73.69234371185303,1.4727096557617188,1.4746208190917969,76.63967418670654,False
CIFAR100,resnet18,distance_variance_cover,3,distance_variance_cover_3_50b,complete,1,150,5.480000000000004,174.0,6.019999999999996,74.65254426002502,1.7769525051116943,1.741041898727417,78.17053866386414,False
CIFAR100,resnet18,distance_variance_cover,3,distance_variance_cover_3_50b,complete,2,200,6.900000000000006,138.0,7.140000000000001,74.37970972061157,1.4497418403625488,1.5573160648345947,77.38676762580872,False
CIFAR100,resnet18,distance_variance_cover,3,distance_variance_cover_3_50b,complete,3,250,7.659999999999997,192.0,8.489999999999995,77.9709198474884,1.6130480766296387,1.7165772914886475,81.30054521560669,False
CIFAR100,resnet18,distance_variance_cover,3,distance_variance_cover_3_50b,complete,4,300,8.239999999999995,164.0,9.349999999999994,78.10739493370056,1.487644910812378,1.478111743927002,81.07315158843994,False
CIFAR100,resnet18,distance_variance_cover,3,distance_variance_cover_3_50b,complete,5,350,9.780000000000001,156.0,9.459999999999994,81.22342491149902,1.4876947402954102,1.5090000629425049,84.22011971473694,False
CIFAR100,resnet18,distance_variance_cover,3,distance_variance_cover_3_50b,complete,6,400,10.579999999999998,126.0,9.980000000000004,81.40605235099792,1.452824592590332,1.6118550300598145,84.47073197364807,False
CIFAR100,resnet18,distance_variance_cover,3,distance_variance_cover_3_50b,complete,7,450,11.239999999999995,166.0,10.969999999999999,84.80089402198792,1.6075799465179443,1.5126729011535645,87.92114686965942,False
CIFAR100,resnet18,distance_variance_cover,3,distance_variance_cover_3_50b,complete,8,500,12.099999999999994,180.0,11.719999999999999,85.04367804527283,1.3942277431488037,1.7461636066436768,88.18406939506531,False
CIFAR100,resnet18,distance_variance_cover,3,distance_variance_cover_3_50b,complete,9,550,12.799999999999997,152.0,12.730000000000004,88.33148503303528,1.4838221073150635,1.6295585632324219,91.44486570358276,False
CIFAR100,resnet18,distance_variance_cover,3,distance_variance_cover_3_50b,complete,10,600,13.579999999999998,60.0,12.959999999999994,88.4613344669342,1.4615848064422607,1.6106836795806885,91.53360295295715,False
CIFAR100,resnet18,distance_variance_cover,3,distance_variance_cover_3_50b,complete,11,650,14.200000000000003,126.0,13.450000000000003,91.9979796409607,1.4762136936187744,1.4960362911224365,94.9702296257019,False
CIFAR100,resnet18,distance_variance_cover,3,distance_variance_cover_3_50b,complete,12,700,14.5,162.0,14.150000000000006,92.19021272659302,1.4844660758972168,1.6520979404449463,95.32677674293518,False
CIFAR100,resnet18,distance_variance_cover,3,distance_variance_cover_3_50b,complete,13,750,15.159999999999997,172.0,14.489999999999995,95.87243461608887,1.471742868423462,1.5375044345855713,98.8816819190979,False
CIFAR100,resnet18,distance_variance_cover,3,distance_variance_cover_3_50b,complete,14,800,15.200000000000003,188.0,15.700000000000003,95.76683592796326,1.4590651988983154,1.7357163429260254,98.9616174697876,False
CIFAR100,resnet18,distance_variance_cover,3,distance_variance_cover_3_50b,complete,15,850,16.22,186.0,15.280000000000001,99.09474062919617,1.4850029945373535,1.5292704105377197,102.10901403427124,False
CIFAR100,resnet18,distance_variance_cover,3,distance_variance_cover_3_50b,complete,16,900,16.22,190.0,15.480000000000004,99.29617738723755,1.4955894947052002,1.5351366996765137,102.32690358161926,False
CIFAR100,resnet18,distance_variance_cover,3,distance_variance_cover_3_50b,complete,17,950,16.799999999999997,126.0,16.349999999999994,102.50895047187805,1.5746912956237793,1.5343666076660156,105.61800837516785,False
CIFAR100,resnet18,distance_variance_cover,3,distance_variance_cover_3_50b,complete,18,1000,17.5,192.0,16.489999999999995,103.0512843132019,1.4533729553222656,1.460296392440796,105.96495366096497,False
CIFAR100,resnet18,distance_variance_cover,3,distance_variance_cover_3_50b,complete,19,1050,18.040000000000006,198.0,17.180000000000007,106.40448808670044,1.5562102794647217,1.3927862644195557,109.35348463058472,False
CIFAR100,resnet18,distance_variance_cover,3,distance_variance_cover_3_50b,complete,20,1100,18.519999999999996,144.0,17.450000000000003,106.54332518577576,1.4678499698638916,1.4853901863098145,109.49656534194946,False
CIFAR100,resnet18,distance_variance_cover,3,distance_variance_cover_3_50b,complete,21,1150,18.560000000000002,130.0,18.219999923706055,110.20273566246033,1.4745924472808838,1.3469822406768799,113.02431035041809,False
CIFAR100,resnet18,distance_variance_cover,3,distance_variance_cover_3_50b,complete,22,1200,18.840000000000003,198.0,18.17,110.18359589576721,1.5853972434997559,1.369469165802002,113.13846230506897,False
CIFAR100,resnet18,distance_variance_cover,3,distance_variance_cover_3_50b,complete,23,1250,19.28,178.0,18.5,113.78780889511108,1.5052573680877686,1.5248932838439941,116.81795954704285,False
CIFAR100,resnet18,distance_variance_cover,3,distance_variance_cover_3_50b,complete,24,1300,19.72,120.0,18.669999847412114,113.69088745117188,1.4860553741455078,1.581409215927124,116.7583520412445,False
CIFAR100,resnet18,distance_variance_cover,3,distance_variance_cover_3_50b,complete,25,1350,20.040000000000006,132.0,19.069999999999993,116.75767493247986,1.4533579349517822,1.4759788513183594,119.68701171875,False
CIFAR100,resnet18,distance_variance_cover,3,distance_variance_cover_3_50b,complete,26,1400,20.260000000000005,154.0,19.42999992370605,117.07643342018127,1.4578168392181396,1.4822285175323486,120.01647877693176,False
CIFAR100,resnet18,distance_variance_cover,3,distance_variance_cover_3_50b,complete,27,1450,20.620000000000005,180.0,19.620000000000005,120.79986596107483,1.4980664253234863,1.9059884548187256,124.20392084121704,False
CIFAR100,resnet18,distance_variance_cover,3,distance_variance_cover_3_50b,complete,28,1500,20.840000000000003,182.0,19.669999923706058,120.85199332237244,1.4854106903076172,1.5742881298065186,123.91169214248657,False
CIFAR100,resnet18,distance_variance_cover,3,distance_variance_cover_3_50b,complete,29,1550,21.14,168.0,20.120000000000005,124.4693398475647,1.480344533920288,2.2698261737823486,128.21951055526733,False
CIFAR100,resnet18,distance_variance_cover,3,distance_variance_cover_3_50b,complete,30,1600,21.57999984741211,170.0,20.61,123.98578000068665,1.561772346496582,2.089472770690918,127.63702511787415,False
CIFAR100,resnet18,distance_variance_cover,3,distance_variance_cover_3_50b,complete,31,1650,22.07999984741211,150.0,21.060000000000002,127.82700681686401,1.49825119972229,2.371093511581421,131.69635152816772,False
CIFAR100,resnet18,distance_variance_cover,3,distance_variance_cover_3_50b,complete,32,1700,22.459999847412107,136.0,21.05999992370606,128.0827715396881,1.4548614025115967,2.3229305744171143,131.86056351661682,False
CIFAR100,resnet18,distance_variance_cover,3,distance_variance_cover_3_50b,complete,33,1750,22.399999694824217,62.0,21.889999694824212,131.40783858299255,1.4688661098480225,2.326030969619751,135.20273566246033,False
CIFAR100,resnet18,distance_variance_cover,3,distance_variance_cover_3_50b,complete,34,1800,22.900000000000006,170.0,21.97999992370606,130.9643042087555,1.5758860111236572,2.118326425552368,134.65851664543152,False
CIFAR100,resnet18,distance_variance_cover,3,distance_variance_cover_3_50b,complete,35,1850,22.65999984741211,122.0,21.909999771118166,134.67222905158997,1.473034381866455,2.3059067726135254,138.45117020606995,False
CIFAR100,resnet18,distance_variance_cover,3,distance_variance_cover_3_50b,complete,36,1900,22.700000000000003,130.0,21.99999977111817,135.52732944488525,1.4806036949157715,2.270463228225708,139.27839636802673,False
CIFAR100,resnet18,distance_variance_cover,3,distance_variance_cover_3_50b,complete,37,1950,22.57999984741211,174.0,22.209999847412107,138.12929129600525,1.5167829990386963,2.322910785675049,141.968985080719,False
CIFAR100,resnet18,distance_variance_cover,3,distance_variance_cover_3_50b,complete,38,2000,22.799999999999997,140.0,22.329999923706055,137.90529441833496,1.4698898792266846,2.37056040763855,141.7457447052002,False
CIFAR100,resnet18,distance_variance_cover,3,distance_variance_cover_3_50b,complete,39,2050,23.139999694824212,156.0,22.58,141.74433827400208,1.4848852157592773,2.315033197402954,145.5442566871643,False
CIFAR100,resnet18,distance_variance_cover,3,distance_variance_cover_3_50b,complete,40,2100,23.419999542236326,196.0,22.169999923706058,141.742445230484,1.4899890422821045,2.1067068576812744,145.3391411304474,False
CIFAR100,resnet18,distance_variance_cover,3,distance_variance_cover_3_50b,complete,41,2150,22.79999984741211,192.0,22.259999694824216,146.06514978408813,1.4841680526733398,2.5008010864257812,150.05011892318726,False
CIFAR100,resnet18,distance_variance_cover,3,distance_variance_cover_3_50b,complete,42,2200,24.179999237060542,154.0,23.13999977111817,145.520991563797,1.4703428745269775,2.2866101264953613,149.27794456481934,False
CIFAR100,resnet18,distance_variance_cover,3,distance_variance_cover_3_50b,complete,43,2250,24.119999847412103,146.0,23.00999992370606,149.1199586391449,1.4769387245178223,1.4858195781707764,152.0827169418335,False
CIFAR100,resnet18,distance_variance_cover,3,distance_variance_cover_3_50b,complete,44,2300,23.41999938964844,196.0,22.679999618530275,149.25966811180115,1.4906187057495117,2.138272762298584,152.88855957984924,False
CIFAR100,resnet18,distance_variance_cover,3,distance_variance_cover_3_50b,complete,45,2350,24.219999694824224,146.0,23.06999969482422,153.5706434249878,1.7699189186096191,2.6188604831695557,157.95942282676697,False
CIFAR100,resnet18,distance_variance_cover,3,distance_variance_cover_3_50b,complete,46,2400,24.079999237060548,140.0,23.199999847412116,152.2653226852417,1.4684839248657227,1.4648654460906982,155.19867205619812,False
CIFAR100,resnet18,distance_variance_cover,3,distance_variance_cover_3_50b,complete,47,2450,24.39999954223633,160.0,23.33999977111816,155.99835515022278,1.4682037830352783,2.034041166305542,159.5006000995636,False
CIFAR100,resnet18,distance_variance_cover,3,distance_variance_cover_3_50b,complete,48,2500,25.01999984741211,184.0,23.429999694824218,156.44495010375977,1.4595372676849365,1.394019365310669,159.29850673675537,False
CIFAR100,resnet18,distance_variance_cover,3,distance_variance_cover_3_50b,complete,49,2550,24.659999542236335,146.0,23.69999992370606,159.69962000846863,1.609689474105835,2.1097805500030518,163.41909003257751,False
CIFAR100,resnet18,distance_variance_cover,3,distance_variance_cover_3_50b,complete,50,2600,24.479999694824215,192.0,23.629999771118165,159.7186586856842,1.498032808303833,2.4142096042633057,163.63090109825134,False
CIFAR100,resnet18,distance_variance_cover,3,distance_variance_cover_3_50b,complete,51,2650,24.559999694824214,176.0,23.869999694824216,163.5588035583496,1.4514334201812744,1.4866845607757568,166.49692153930664,False
CIFAR100,resnet18,distance_variance_cover,3,distance_variance_cover_3_50b,complete,52,2700,24.419999847412114,140.0,23.48999992370605,163.06481957435608,1.480271339416504,2.279785394668579,166.82487630844116,False
CIFAR100,resnet18,distance_variance_cover,3,distance_variance_cover_3_50b,complete,53,2750,24.959999542236332,144.0,24.239999389648432,166.54120635986328,1.4373011589050293,2.2944955825805664,170.27300310134888,False
CIFAR100,resnet18,distance_variance_cover,3,distance_variance_cover_3_50b,complete,54,2800,25.03999923706054,182.0,24.04999954223632,167.15960049629211,1.3981261253356934,2.299048900604248,170.85677552223206,False
CIFAR100,resnet18,distance_variance_cover,3,distance_variance_cover_3_50b,complete,55,2850,24.699999847412116,126.0,23.769999923706052,170.31900596618652,1.4806408882141113,2.2291665077209473,174.02881336212158,False
CIFAR100,resnet18,distance_variance_cover,3,distance_variance_cover_3_50b,complete,56,2900,25.639999847412113,168.0,24.11999977111816,170.76187562942505,1.4645586013793945,2.1219675540924072,174.34840178489685,False
CIFAR100,resnet18,distance_variance_cover,3,distance_variance_cover_3_50b,complete,57,2950,25.43999984741211,114.0,24.36999954223633,174.62756252288818,1.4827606678009033,2.1059069633483887,178.21623015403748,False
CIFAR100,resnet18,distance_variance_cover,3,distance_variance_cover_3_50b,complete,58,3000,25.29999984741211,154.0,23.85999977111817,173.65205073356628,1.449272632598877,2.211030960083008,177.31235432624817,False
CIFAR100,resnet18,distance_variance_cover,3,distance_variance_cover_3_50b,complete,59,3050,26.159999923706053,118.0,25.119999427795406,177.95300674438477,1.4286236763000488,2.206758975982666,181.58838939666748,False
CIFAR100,resnet18,distance_variance_cover,3,distance_variance_cover_3_50b,complete,60,3100,25.439999999999998,152.0,24.869999847412103,177.67100954055786,1.581226110458374,2.0882139205932617,181.3404495716095,False
CIFAR100,resnet18,distance_variance_cover,3,distance_variance_cover_3_50b,complete,61,3150,25.419999694824213,144.0,24.459999618530276,181.39028668403625,1.496058702468872,2.1581315994262695,185.0444769859314,False
CIFAR100,resnet18,distance_variance_cover,3,distance_variance_cover_3_50b,complete,62,3200,25.699999160766595,178.0,24.649999694824217,181.2882046699524,1.4926745891571045,1.9566068649291992,184.7374861240387,False
CIFAR100,resnet18,distance_variance_cover,3,distance_variance_cover_3_50b,complete,63,3250,25.919999694824213,152.0,24.569999771118162,184.70627808570862,1.6021809577941895,2.1689913272857666,188.47745037078857,False
CIFAR100,resnet18,distance_variance_cover,3,distance_variance_cover_3_50b,complete,64,3300,25.479999694824215,168.0,24.79999961853028,185.20402908325195,1.4935402870178223,2.3750956058502197,189.07266497612,False
CIFAR100,resnet18,distance_variance_cover,3,distance_variance_cover_3_50b,complete,65,3350,26.539999694824218,164.0,24.999999542236324,188.4424946308136,1.4851253032684326,2.251896619796753,192.17951655387878,False
CIFAR100,resnet18,distance_variance_cover,3,distance_variance_cover_3_50b,complete,66,3400,25.919999847412114,158.0,24.91999950408936,188.58239936828613,1.4867973327636719,2.0034782886505127,192.07267498970032,False
CIFAR100,resnet18,distance_variance_cover,3,distance_variance_cover_3_50b,complete,67,3450,25.61999938964844,134.0,25.479999847412103,191.79129910469055,1.4618070125579834,2.1741528511047363,195.42725896835327,False
CIFAR100,resnet18,distance_variance_cover,3,distance_variance_cover_3_50b,complete,68,3500,25.79999961853028,158.0,24.70999969482422,191.88193917274475,1.441652536392212,2.24385142326355,195.5674431324005,False
CIFAR100,resnet18,distance_variance_cover,3,distance_variance_cover_3_50b,complete,69,3550,25.639999694824212,166.0,24.929999771118162,195.36255383491516,1.4394400119781494,2.3355112075805664,199.13750505447388,False
CIFAR100,resnet18,distance_variance_cover,3,distance_variance_cover_3_50b,complete,70,3600,26.559998931884763,200.0,25.5099993133545,195.15937328338623,1.4649641513824463,2.177788496017456,198.80212593078613,False
CIFAR100,resnet18,distance_variance_cover,3,distance_variance_cover_3_50b,complete,71,3650,26.25999954223633,124.0,24.969999389648436,198.99428248405457,1.4915618896484375,1.4953546524047852,201.9811990261078,False
CIFAR100,resnet18,distance_variance_cover,3,distance_variance_cover_3_50b,complete,72,3700,25.71999984741211,186.0,25.089999580383306,198.96237349510193,1.5039324760437012,2.181781053543091,202.64808702468872,False
CIFAR100,resnet18,distance_variance_cover,3,distance_variance_cover_3_50b,complete,73,3750,25.979999694824215,198.0,25.149999618530273,202.9336121082306,1.4873626232147217,2.1075477600097656,206.52852249145508,False
CIFAR100,resnet18,distance_variance_cover,3,distance_variance_cover_3_50b,complete,74,3800,25.839999694824215,132.0,25.24999946594238,202.7104516029358,1.477715015411377,2.472792148590088,206.66095876693726,False
CIFAR100,resnet18,distance_variance_cover,3,distance_variance_cover_3_50b,complete,75,3850,25.75999954223633,170.0,25.3199991607666,205.45334911346436,1.4892590045928955,1.458909273147583,208.40151739120483,False
CIFAR100,resnet18,distance_variance_cover,3,distance_variance_cover_3_50b,complete,76,3900,25.719999389648436,158.0,25.129999771118165,205.91044402122498,1.4707093238830566,1.4743013381958008,208.85545468330383,False
CIFAR100,resnet18,distance_variance_cover,3,distance_variance_cover_3_50b,complete,77,3950,26.119999847412103,154.0,25.559999771118157,208.68189692497253,1.4617445468902588,2.164443254470825,212.30808472633362,False
CIFAR100,resnet18,distance_variance_cover,3,distance_variance_cover_3_50b,complete,78,4000,26.01999908447266,162.0,25.309999694824214,208.98098516464233,1.46575927734375,1.4989383220672607,211.94568276405334,False
CIFAR100,resnet18,distance_variance_cover,3,distance_variance_cover_3_50b,complete,79,4050,25.31999954223633,168.0,25.359999542236324,212.92651987075806,1.4628007411956787,2.1126906871795654,216.5020112991333,False
CIFAR100,resnet18,distance_variance_cover,3,distance_variance_cover_3_50b,complete,80,4100,26.27999923706055,192.0,25.049999694824223,212.8726613521576,1.4030077457427979,2.2179510593414307,216.49362015724182,False
CIFAR100,resnet18,distance_variance_cover,3,distance_variance_cover_3_50b,complete,81,4150,26.259999694824216,154.0,25.679999389648444,216.7427899837494,1.5823523998260498,2.2472500801086426,220.57239246368408,False
CIFAR100,resnet18,distance_variance_cover,3,distance_variance_cover_3_50b,complete,82,4200,25.839999313354497,184.0,25.30999961853027,216.04827332496643,1.4926972389221191,2.0757863521575928,219.61675691604614,False
CIFAR100,resnet18,distance_variance_cover,3,distance_variance_cover_3_50b,complete,83,4250,26.399999694824217,158.0,25.129999618530277,219.80496382713318,1.487457275390625,2.237765312194824,223.53018641471863,False
CIFAR100,resnet18,distance_variance_cover,3,distance_variance_cover_3_50b,complete,84,4300,26.639999694824212,142.0,25.58999977111816,220.0525712966919,1.4713473320007324,2.1532235145568848,223.6771421432495,False
CIFAR100,resnet18,distance_variance_cover,3,distance_variance_cover_3_50b,complete,85,4350,25.859999542236324,144.0,25.75999954223633,223.74465250968933,1.5055968761444092,1.9839799404144287,227.23422932624817,False
CIFAR100,resnet18,distance_variance_cover,3,distance_variance_cover_3_50b,complete,86,4400,25.839999847412116,152.0,25.499999694824226,224.14201259613037,1.7739791870117188,2.260247230529785,228.17623901367188,False
CIFAR100,resnet18,distance_variance_cover,3,distance_variance_cover_3_50b,complete,87,4450,26.03999954223633,188.0,25.499999847412113,226.85605454444885,1.3949611186981201,2.483816385269165,230.73483204841614,False
CIFAR100,resnet18,distance_variance_cover,3,distance_variance_cover_3_50b,complete,88,4500,26.639999694824212,156.0,25.23999946594239,227.24876189231873,1.497077226638794,2.1973659992218018,230.94320511817932,False
CIFAR100,resnet18,distance_variance_cover,3,distance_variance_cover_3_50b,complete,89,4550,26.57999984741211,154.0,25.62999969482422,231.170170545578,1.5238580703735352,2.198730945587158,234.8927595615387,False
CIFAR100,resnet18,distance_variance_cover,3,distance_variance_cover_3_50b,complete,90,4600,27.03999923706054,134.0,26.5099993133545,231.058007478714,1.4781303405761719,1.4995496273040771,234.03568744659424,False
CIFAR100,resnet18,distance_variance_cover,3,distance_variance_cover_3_50b,complete,91,4650,26.79999984741211,172.0,25.909999694824222,234.15807127952576,1.4580366611480713,1.350130558013916,236.96623849868774,False
CIFAR100,resnet18,distance_variance_cover,3,distance_variance_cover_3_50b,complete,92,4700,26.779999542236325,144.0,25.859999618530267,234.60820245742798,1.4506876468658447,1.4631667137145996,237.52205681800842,False
CIFAR100,resnet18,distance_variance_cover,3,distance_variance_cover_3_50b,complete,93,4750,26.999999847412113,166.0,26.06999969482422,238.2425811290741,1.4110374450683594,2.0707645416259766,241.72438311576843,False
CIFAR100,resnet18,distance_variance_cover,3,distance_variance_cover_3_50b,complete,94,4800,26.619999694824216,188.0,25.52999961853027,238.1379804611206,1.8991985321044922,2.4553725719451904,242.4925515651703,False
CIFAR100,resnet18,distance_variance_cover,3,distance_variance_cover_3_50b,complete,95,4850,26.95999938964843,112.0,25.199999771118158,243.5725703239441,1.4575245380401611,1.9083642959594727,246.93845915794373,False
CIFAR100,resnet18,distance_variance_cover,3,distance_variance_cover_3_50b,complete,96,4900,26.359999694824225,120.0,25.219999542236323,242.61750507354736,1.447572946548462,2.1640219688415527,246.22909998893738,False
CIFAR100,resnet18,distance_variance_cover,3,distance_variance_cover_3_50b,complete,97,4950,26.399999389648443,114.0,25.329999542236322,244.42614793777466,1.4833049774169922,1.3527190685272217,247.26217198371887,False
CIFAR100,resnet18,distance_variance_cover,3,distance_variance_cover_3_50b,complete,98,5000,27.15999984741211,134.0,25.78999954223633,245.2547571659088,1.4888975620269775,1.4730000495910645,248.21665477752686,False
CIFAR100,resnet18,distance_variance_cover,3,distance_variance_cover_3_50b,complete,99,5050,26.939999237060547,180.0,24.829999771118167,248.19897413253784,1.4707260131835938,1.4712445735931396,251.14094471931458,False
CIFAR100,resnet18,distance_variance_cover,3,distance_variance_cover_3_50b,complete,100,5050,26.239999389648432,162.0,25.40999961853028,248.09712171554565,1.4633567333221436,0.0,249.5604784488678,False
CIFAR100,resnet18,distance_variance_cover,4,distance_variance_cover_4_50b,complete,-1,50,,,,,,2.041306972503662,2.041306972503662,True
CIFAR100,resnet18,distance_variance_cover,4,distance_variance_cover_4_50b,complete,0,100,3.4000000000000057,174.0,3.8100000000000023,73.75352144241333,1.4571614265441895,1.9741039276123047,77.18478679656982,False
CIFAR100,resnet18,distance_variance_cover,4,distance_variance_cover_4_50b,complete,1,150,4.799999999999997,178.0,5.219999999999999,74.20984244346619,1.556807518005371,1.3152756690979004,77.08192563056946,False
CIFAR100,resnet18,distance_variance_cover,4,distance_variance_cover_4_50b,complete,2,200,6.420000000000002,182.0,6.579999999999998,74.55540013313293,1.5138792991638184,2.035980463027954,78.1052598953247,False
CIFAR100,resnet18,distance_variance_cover,4,distance_variance_cover_4_50b,complete,3,250,7.439999999999998,160.0,7.560000000000002,77.82349586486816,1.4540379047393799,2.6706788539886475,81.94821262359619,False
CIFAR100,resnet18,distance_variance_cover,4,distance_variance_cover_4_50b,complete,4,300,7.900000000000006,194.0,8.480000000000004,77.75333213806152,1.4829800128936768,2.112372636795044,81.34868478775024,False
CIFAR100,resnet18,distance_variance_cover,4,distance_variance_cover_4_50b,complete,5,350,8.86,138.0,8.650000000000006,81.57962083816528,1.5041661262512207,2.1147403717041016,85.1985273361206,False
CIFAR100,resnet18,distance_variance_cover,4,distance_variance_cover_4_50b,complete,6,400,9.400000000000006,170.0,9.450000000000003,81.1736102104187,1.494272232055664,2.275212049484253,84.94309449195862,False
CIFAR100,resnet18,distance_variance_cover,4,distance_variance_cover_4_50b,complete,7,450,10.719999999999999,180.0,10.370000000000005,85.2155122756958,1.4948291778564453,1.9972045421600342,88.70754599571228,False
CIFAR100,resnet18,distance_variance_cover,4,distance_variance_cover_4_50b,complete,8,500,10.620000000000005,124.0,10.620000000000005,86.13591980934143,1.8120198249816895,2.0997440814971924,90.04768371582031,False
CIFAR100,resnet18,distance_variance_cover,4,distance_variance_cover_4_50b,complete,9,550,11.019999999999996,112.0,11.150000000000006,88.52955174446106,1.5669260025024414,1.3220226764678955,91.4185004234314,False
CIFAR100,resnet18,distance_variance_cover,4,distance_variance_cover_4_50b,complete,10,600,12.159999999999997,196.0,11.709999999999994,88.3983747959137,1.579599142074585,1.3083484172821045,91.28632235527039,False
CIFAR100,resnet18,distance_variance_cover,4,distance_variance_cover_4_50b,complete,11,650,13.439999999999998,174.0,12.189999999999998,92.23186612129211,1.5008952617645264,2.0471243858337402,95.77988576889038,False
CIFAR100,resnet18,distance_variance_cover,4,distance_variance_cover_4_50b,complete,12,700,13.680000000000007,184.0,12.780000000000001,92.24119520187378,1.4624676704406738,2.3354029655456543,96.03906583786011,False
CIFAR100,resnet18,distance_variance_cover,4,distance_variance_cover_4_50b,complete,13,750,14.420000000000002,156.0,13.579999999999998,95.63106203079224,1.4614284038543701,2.0391340255737305,99.13162446022034,False
CIFAR100,resnet18,distance_variance_cover,4,distance_variance_cover_4_50b,complete,14,800,15.239999999999995,120.0,14.209999999999994,95.72092843055725,1.485400676727295,1.420924186706543,98.62725329399109,False
CIFAR100,resnet18,distance_variance_cover,4,distance_variance_cover_4_50b,complete,15,850,15.920000000000002,180.0,14.680000000000007,99.33274698257446,1.5121207237243652,1.339747428894043,102.18461513519287,False
CIFAR100,resnet18,distance_variance_cover,4,distance_variance_cover_4_50b,complete,16,900,16.08,176.0,15.36,99.17327427864075,1.4225919246673584,2.204792022705078,102.80065822601318,False
CIFAR100,resnet18,distance_variance_cover,4,distance_variance_cover_4_50b,complete,17,950,17.099999999999994,110.0,15.989999999999995,102.56971025466919,1.5055480003356934,1.4666154384613037,105.54187369346619,False
CIFAR100,resnet18,distance_variance_cover,4,distance_variance_cover_4_50b,complete,18,1000,17.340000000000003,184.0,16.08,103.22284650802612,1.4888434410095215,1.3128242492675781,106.02451419830322,False
CIFAR100,resnet18,distance_variance_cover,4,distance_variance_cover_4_50b,complete,19,1050,17.700000000000003,164.0,16.799999999999997,106.38958764076233,1.5089373588562012,2.226423740386963,110.1249487400055,False
CIFAR100,resnet18,distance_variance_cover,4,distance_variance_cover_4_50b,complete,20,1100,18.659999999999997,168.0,17.060000000000002,106.50492739677429,1.4374158382415771,1.3102567195892334,109.2525999546051,False
CIFAR100,resnet18,distance_variance_cover,4,distance_variance_cover_4_50b,complete,21,1150,19.060000000000002,138.0,17.730000000000004,109.84751963615417,1.4136512279510498,2.192660331726074,113.4538311958313,False
CIFAR100,resnet18,distance_variance_cover,4,distance_variance_cover_4_50b,complete,22,1200,19.319999999999993,126.0,17.5,110.16386318206787,1.4726579189300537,1.927325963973999,113.56384706497192,False
CIFAR100,resnet18,distance_variance_cover,4,distance_variance_cover_4_50b,complete,23,1250,20.059999847412115,186.0,18.299999999999997,113.34742546081543,1.5009100437164307,2.203422784805298,117.05175828933716,False
CIFAR100,resnet18,distance_variance_cover,4,distance_variance_cover_4_50b,complete,24,1300,20.540000000000006,180.0,18.549999999999997,113.1166787147522,1.480698823928833,1.8910341262817383,116.48841166496277,False
CIFAR100,resnet18,distance_variance_cover,4,distance_variance_cover_4_50b,complete,25,1350,21.0,180.0,18.999999923706056,116.53859686851501,1.389557123184204,2.136481761932373,120.06463575363159,False
CIFAR100,resnet18,distance_variance_cover,4,distance_variance_cover_4_50b,complete,26,1400,21.059999694824214,154.0,19.22999992370606,117.24188137054443,1.477550745010376,1.4936022758483887,120.2130343914032,False
CIFAR100,resnet18,distance_variance_cover,4,distance_variance_cover_4_50b,complete,27,1450,21.180000000000007,172.0,19.33,120.39336967468262,1.6007862091064453,2.0424530506134033,124.03660893440247,False
CIFAR100,resnet18,distance_variance_cover,4,distance_variance_cover_4_50b,complete,28,1500,21.78,172.0,19.519999999999996,120.60074305534363,1.56069016456604,2.0481014251708984,124.20953464508057,False
CIFAR100,resnet18,distance_variance_cover,4,distance_variance_cover_4_50b,complete,29,1550,21.71999984741211,98.0,20.33,124.19340991973877,1.4902126789093018,2.136925220489502,127.82054781913757,False
CIFAR100,resnet18,distance_variance_cover,4,distance_variance_cover_4_50b,complete,30,1600,21.739999999999995,122.0,20.230000000000004,124.29189229011536,1.506371021270752,2.175990343093872,127.97425365447998,False
CIFAR100,resnet18,distance_variance_cover,4,distance_variance_cover_4_50b,complete,31,1650,22.260000000000005,186.0,20.040000000000006,127.53787350654602,1.476252794265747,2.180037260055542,131.1941635608673,False
CIFAR100,resnet18,distance_variance_cover,4,distance_variance_cover_4_50b,complete,32,1700,22.560000000000002,146.0,20.78,128.39525628089905,1.4785583019256592,2.0333731174468994,131.9071877002716,False
CIFAR100,resnet18,distance_variance_cover,4,distance_variance_cover_4_50b,complete,33,1750,22.58,158.0,20.80999992370606,132.57497692108154,1.918351173400879,2.363231897354126,136.85655999183655,False
CIFAR100,resnet18,distance_variance_cover,4,distance_variance_cover_4_50b,complete,34,1800,23.339999847412116,200.0,21.759999885559083,131.35951280593872,1.4679720401763916,1.433241367340088,134.2607262134552,False
CIFAR100,resnet18,distance_variance_cover,4,distance_variance_cover_4_50b,complete,35,1850,23.51999984741211,166.0,21.56999992370605,134.58093762397766,1.4893686771392822,1.333240270614624,137.40354657173157,False
CIFAR100,resnet18,distance_variance_cover,4,distance_variance_cover_4_50b,complete,36,1900,23.479999847412103,168.0,21.799999923706054,134.65739965438843,1.4883370399475098,1.4276297092437744,137.5733664035797,False
CIFAR100,resnet18,distance_variance_cover,4,distance_variance_cover_4_50b,complete,37,1950,23.859999847412112,116.0,22.099999999999994,138.11695170402527,1.4813833236694336,2.071305751800537,141.66964077949524,False
CIFAR100,resnet18,distance_variance_cover,4,distance_variance_cover_4_50b,complete,38,2000,23.899999694824217,190.0,21.86999992370606,138.0569519996643,1.4995341300964355,1.3169090747833252,140.87339520454407,False
CIFAR100,resnet18,distance_variance_cover,4,distance_variance_cover_4_50b,complete,39,2050,23.659999999999997,142.0,22.399999923706048,141.57768940925598,1.4933810234069824,1.4345571994781494,144.5056276321411,False
CIFAR100,resnet18,distance_variance_cover,4,distance_variance_cover_4_50b,complete,40,2100,23.919999694824213,180.0,22.73999992370605,141.64055848121643,1.5171442031860352,1.329737901687622,144.4874405860901,False
CIFAR100,resnet18,distance_variance_cover,4,distance_variance_cover_4_50b,complete,41,2150,23.979999847412103,136.0,22.179999847412105,146.0944311618805,1.5030317306518555,1.3414247035980225,148.93888759613037,False
CIFAR100,resnet18,distance_variance_cover,4,distance_variance_cover_4_50b,complete,42,2200,24.339999694824215,200.0,22.429999694824218,146.26218700408936,1.4333810806274414,2.0385918617248535,149.73415994644165,False
CIFAR100,resnet18,distance_variance_cover,4,distance_variance_cover_4_50b,complete,43,2250,24.279999694824212,168.0,22.609999694824225,148.99209880828857,1.4766898155212402,2.1637775897979736,152.6325662136078,False
CIFAR100,resnet18,distance_variance_cover,4,distance_variance_cover_4_50b,complete,44,2300,24.639999542236325,140.0,23.11999992370606,149.1769459247589,1.412708044052124,1.4383816719055176,152.02803564071655,False
CIFAR100,resnet18,distance_variance_cover,4,distance_variance_cover_4_50b,complete,45,2350,24.419999542236326,200.0,22.12999984741211,152.53312516212463,1.4431445598602295,1.4608383178710938,155.43710803985596,False
CIFAR100,resnet18,distance_variance_cover,4,distance_variance_cover_4_50b,complete,46,2400,24.45999969482422,114.0,22.669999923706058,152.4423909187317,1.4887454509735107,1.4263482093811035,155.3574845790863,False
CIFAR100,resnet18,distance_variance_cover,4,distance_variance_cover_4_50b,complete,47,2450,24.519999237060546,120.0,22.749999694824226,156.51576161384583,1.4836304187774658,2.065695285797119,160.0650873184204,False
CIFAR100,resnet18,distance_variance_cover,4,distance_variance_cover_4_50b,complete,48,2500,24.939999694824223,164.0,23.510000000000005,156.40287590026855,1.4961163997650146,2.1810197830200195,160.0800120830536,False
CIFAR100,resnet18,distance_variance_cover,4,distance_variance_cover_4_50b,complete,49,2550,24.859999389648436,172.0,23.08999992370606,159.87071228027344,1.4863197803497314,2.4049108028411865,163.76194286346436,False
CIFAR100,resnet18,distance_variance_cover,4,distance_variance_cover_4_50b,complete,50,2600,24.179999847412105,196.0,23.029999923706058,159.96329164505005,1.4854772090911865,1.4843080043792725,162.9330768585205,False
CIFAR100,resnet18,distance_variance_cover,4,distance_variance_cover_4_50b,complete,51,2650,25.299999694824223,152.0,23.159999771118166,162.90609741210938,1.4687118530273438,1.4753775596618652,165.85018682479858,False
CIFAR100,resnet18,distance_variance_cover,4,distance_variance_cover_4_50b,complete,52,2700,25.419999542236326,146.0,23.729999847412103,163.29375958442688,1.4458961486816406,2.127035617828369,166.8666913509369,False
CIFAR100,resnet18,distance_variance_cover,4,distance_variance_cover_4_50b,complete,53,2750,25.64,154.0,23.009999847412104,167.83240699768066,1.857405185699463,2.905653238296509,172.59546542167664,False
CIFAR100,resnet18,distance_variance_cover,4,distance_variance_cover_4_50b,complete,54,2800,25.479999847412103,136.0,23.60999977111817,167.4724199771881,1.4837687015533447,1.3120274543762207,170.26821613311768,False
CIFAR100,resnet18,distance_variance_cover,4,distance_variance_cover_4_50b,complete,55,2850,25.09999969482422,146.0,23.709999542236332,171.06033515930176,1.4983086585998535,1.4277033805847168,173.98634719848633,False
CIFAR100,resnet18,distance_variance_cover,4,distance_variance_cover_4_50b,complete,56,2900,25.499999542236324,120.0,23.509999847412104,170.17854285240173,1.4253857135772705,1.4271199703216553,173.03104853630066,False
CIFAR100,resnet18,distance_variance_cover,4,distance_variance_cover_4_50b,complete,57,2950,25.459999847412107,124.0,23.47999992370606,173.54992198944092,1.5074176788330078,2.021144390106201,177.07848405838013,False
CIFAR100,resnet18,distance_variance_cover,4,distance_variance_cover_4_50b,complete,58,3000,25.199999847412116,158.0,23.679999694824218,173.708899974823,1.5459561347961426,1.3313381671905518,176.5861942768097,False
CIFAR100,resnet18,distance_variance_cover,4,distance_variance_cover_4_50b,complete,59,3050,25.359999847412112,190.0,23.429999694824218,177.35527062416077,1.510244369506836,2.0992283821105957,180.9647433757782,False
CIFAR100,resnet18,distance_variance_cover,4,distance_variance_cover_4_50b,complete,60,3100,24.939999389648435,200.0,23.33999977111816,178.1799600124359,1.4885547161102295,1.4396862983703613,181.1082010269165,False
CIFAR100,resnet18,distance_variance_cover,4,distance_variance_cover_4_50b,complete,61,3150,25.299999389648434,158.0,23.72999961853027,180.86314344406128,1.5504472255706787,1.3198494911193848,183.73344016075134,False
CIFAR100,resnet18,distance_variance_cover,4,distance_variance_cover_4_50b,complete,62,3200,25.199999694824214,190.0,23.51999984741211,181.47485637664795,1.5256171226501465,1.3191421031951904,184.3196156024933,False
CIFAR100,resnet18,distance_variance_cover,4,distance_variance_cover_4_50b,complete,63,3250,25.919999542236326,198.0,23.98999992370605,184.45477414131165,1.4968209266662598,1.4146451950073242,187.36624026298523,False
CIFAR100,resnet18,distance_variance_cover,4,distance_variance_cover_4_50b,complete,64,3300,25.59999938964843,158.0,23.77999977111817,184.02157187461853,1.47524094581604,2.403890609741211,187.90070343017578,False
CIFAR100,resnet18,distance_variance_cover,4,distance_variance_cover_4_50b,complete,65,3350,25.099999847412107,166.0,23.829999694824224,188.3959035873413,1.5286202430725098,1.3184254169464111,191.24294924736023,False
CIFAR100,resnet18,distance_variance_cover,4,distance_variance_cover_4_50b,complete,66,3400,25.779999542236325,200.0,23.759999847412104,188.19404101371765,1.4870073795318604,2.1468210220336914,191.8278694152832,False
CIFAR100,resnet18,distance_variance_cover,4,distance_variance_cover_4_50b,complete,67,3450,26.039999389648443,128.0,24.03999977111816,191.42293548583984,1.498213768005371,2.2940256595611572,195.21517491340637,False
CIFAR100,resnet18,distance_variance_cover,4,distance_variance_cover_4_50b,complete,68,3500,25.559999694824214,162.0,24.15999984741211,191.8944959640503,1.4920811653137207,2.1734979152679443,195.56007504463196,False
CIFAR100,resnet18,distance_variance_cover,4,distance_variance_cover_4_50b,complete,69,3550,26.279999694824212,162.0,23.769999771118165,195.9893434047699,1.8352665901184082,3.0745065212249756,200.89911651611328,False
CIFAR100,resnet18,distance_variance_cover,4,distance_variance_cover_4_50b,complete,70,3600,25.979999694824215,182.0,24.25999954223633,194.98145246505737,1.6150102615356445,1.3132641315460205,197.90972685813904,False
CIFAR100,resnet18,distance_variance_cover,4,distance_variance_cover_4_50b,complete,71,3650,26.439999389648435,198.0,24.14999954223633,198.88967037200928,1.4777963161468506,1.3371660709381104,201.70463275909424,False
CIFAR100,resnet18,distance_variance_cover,4,distance_variance_cover_4_50b,complete,72,3700,26.639999694824212,144.0,24.259999618530273,199.24951219558716,1.4868402481079102,1.3186781406402588,202.05503058433533,False
CIFAR100,resnet18,distance_variance_cover,4,distance_variance_cover_4_50b,complete,73,3750,26.179999694824218,122.0,23.899999847412104,202.69847702980042,1.469482183456421,3.1740403175354004,207.34199953079224,False
CIFAR100,resnet18,distance_variance_cover,4,distance_variance_cover_4_50b,complete,74,3800,26.299999389648434,132.0,24.219999923706055,202.16369819641113,1.487874984741211,2.0746586322784424,205.7262318134308,False
CIFAR100,resnet18,distance_variance_cover,4,distance_variance_cover_4_50b,complete,75,3850,25.799998931884772,120.0,24.289999847412105,205.21146869659424,1.4450101852416992,1.4321608543395996,208.08863973617554,False
CIFAR100,resnet18,distance_variance_cover,4,distance_variance_cover_4_50b,complete,76,3900,26.059999542236326,196.0,24.259999465942386,205.8195641040802,1.5008900165557861,1.3322162628173828,208.65267038345337,False
CIFAR100,resnet18,distance_variance_cover,4,distance_variance_cover_4_50b,complete,77,3950,26.17999954223633,114.0,24.349999542236333,208.6271994113922,1.5345230102539062,2.2333078384399414,212.39503026008606,False
CIFAR100,resnet18,distance_variance_cover,4,distance_variance_cover_4_50b,complete,78,4000,26.099999237060544,168.0,23.85999946594238,210.09033584594727,1.473656415939331,1.9910507202148438,213.55504298210144,False
CIFAR100,resnet18,distance_variance_cover,4,distance_variance_cover_4_50b,complete,79,4050,25.91999938964844,140.0,24.019999618530278,213.60330080986023,1.5038244724273682,1.4411306381225586,216.54825592041016,False
CIFAR100,resnet18,distance_variance_cover,4,distance_variance_cover_4_50b,complete,80,4100,26.059999542236326,192.0,24.639999847412113,212.96933484077454,1.593308687210083,1.3265666961669922,215.8892102241516,False
CIFAR100,resnet18,distance_variance_cover,4,distance_variance_cover_4_50b,complete,81,4150,26.559999847412115,174.0,24.429999694824218,216.79738235473633,1.4052302837371826,2.051699638366699,220.2543122768402,False
CIFAR100,resnet18,distance_variance_cover,4,distance_variance_cover_4_50b,complete,82,4200,25.859999694824225,186.0,24.20999969482422,216.70076322555542,1.5081756114959717,1.5134320259094238,219.72237086296082,False
CIFAR100,resnet18,distance_variance_cover,4,distance_variance_cover_4_50b,complete,83,4250,26.339999847412116,124.0,24.76999984741211,219.26733922958374,1.4907691478729248,2.1173369884490967,222.87544536590576,False
CIFAR100,resnet18,distance_variance_cover,4,distance_variance_cover_4_50b,complete,84,4300,26.119999694824216,130.0,24.44999961853027,219.65048003196716,1.4888110160827637,2.184875249862671,223.3241662979126,False
CIFAR100,resnet18,distance_variance_cover,4,distance_variance_cover_4_50b,complete,85,4350,26.459999542236332,184.0,24.759999618530273,223.75381112098694,1.5038211345672607,2.203557014465332,227.46118927001953,False
CIFAR100,resnet18,distance_variance_cover,4,distance_variance_cover_4_50b,complete,86,4400,26.579999542236322,118.0,24.989999618530277,223.087304353714,1.4831128120422363,2.090679883956909,226.66109704971313,False
CIFAR100,resnet18,distance_variance_cover,4,distance_variance_cover_4_50b,complete,87,4450,26.179999847412105,170.0,25.049999771118166,228.09870290756226,1.9634301662445068,2.416923761367798,232.47905683517456,False
CIFAR100,resnet18,distance_variance_cover,4,distance_variance_cover_4_50b,complete,88,4500,26.219999389648436,198.0,24.539999694824218,227.69778180122375,1.5870978832244873,1.3279294967651367,230.61280918121338,False
CIFAR100,resnet18,distance_variance_cover,4,distance_variance_cover_4_50b,complete,89,4550,26.319999237060543,170.0,25.169999694824213,231.04238891601562,1.4685242176055908,1.3231267929077148,233.83403992652893,False
CIFAR100,resnet18,distance_variance_cover,4,distance_variance_cover_4_50b,complete,90,4600,26.279999389648438,148.0,24.97999977111816,230.5501046180725,1.4819576740264893,1.3205382823944092,233.3526005744934,False
CIFAR100,resnet18,distance_variance_cover,4,distance_variance_cover_4_50b,complete,91,4650,26.339999694824215,140.0,24.61999977111816,233.3568937778473,1.5168640613555908,1.3094561100006104,236.1832139492035,False
CIFAR100,resnet18,distance_variance_cover,4,distance_variance_cover_4_50b,complete,92,4700,26.699999542236327,182.0,25.54999954223632,234.19024848937988,1.4903020858764648,1.9906706809997559,237.6712212562561,False
CIFAR100,resnet18,distance_variance_cover,4,distance_variance_cover_4_50b,complete,93,4750,27.01999984741211,198.0,25.67999954223633,237.41978979110718,1.483154296875,2.5256104469299316,241.4285545349121,False
CIFAR100,resnet18,distance_variance_cover,4,distance_variance_cover_4_50b,complete,94,4800,26.219999694824224,128.0,24.99999977111817,237.04285860061646,1.477186918258667,1.332275629043579,239.8523211479187,False
CIFAR100,resnet18,distance_variance_cover,4,distance_variance_cover_4_50b,complete,95,4850,26.8199991607666,192.0,25.56999942779541,240.90934205055237,1.4807367324829102,2.2905020713806152,244.6805808544159,False
CIFAR100,resnet18,distance_variance_cover,4,distance_variance_cover_4_50b,complete,96,4900,26.939999237060547,126.0,24.789999694824218,240.9371359348297,1.557316541671753,1.3156566619873047,243.81010913848877,False
CIFAR100,resnet18,distance_variance_cover,4,distance_variance_cover_4_50b,complete,97,4950,27.139999542236325,186.0,25.639999923706057,246.0321328639984,1.5011961460113525,1.3286006450653076,248.86192965507507,False
CIFAR100,resnet18,distance_variance_cover,4,distance_variance_cover_4_50b,complete,98,5000,26.479999694824215,182.0,24.569999847412106,245.47777009010315,1.4758572578430176,1.4275569915771484,248.38118433952332,False
CIFAR100,resnet18,distance_variance_cover,4,distance_variance_cover_4_50b,complete,99,5050,26.859999847412112,158.0,25.439999732971188,248.1997640132904,1.4283499717712402,1.4159977436065674,251.0441117286682,False
CIFAR100,resnet18,distance_variance_cover,4,distance_variance_cover_4_50b,complete,100,5050,26.319999389648444,114.0,25.72999977111816,248.20909118652344,1.4878158569335938,0.0,249.69690704345703,False
CIFAR100,resnet18,distance_variance_cover,5,distance_variance_cover_5_50b,complete,-1,50,,,,,,2.3608241081237793,2.3608241081237793,True
CIFAR100,resnet18,distance_variance_cover,5,distance_variance_cover_5_50b,complete,0,100,3.799999999999997,118.0,3.930000000000007,73.56171011924744,1.4785232543945312,2.7266533374786377,77.7668867111206,False
CIFAR100,resnet18,distance_variance_cover,5,distance_variance_cover_5_50b,complete,1,150,5.099999999999994,150.0,5.560000000000002,74.11212086677551,1.6159188747406006,1.9217734336853027,77.64981317520142,False
CIFAR100,resnet18,distance_variance_cover,5,distance_variance_cover_5_50b,complete,2,200,6.659999999999997,170.0,7.430000000000007,74.2797498703003,1.5038657188415527,2.4466793537139893,78.23029494285583,False
CIFAR100,resnet18,distance_variance_cover,5,distance_variance_cover_5_50b,complete,3,250,7.560000000000002,144.0,7.640000000000001,77.58835411071777,1.5015709400177002,1.42122220993042,80.5111472606659,False
CIFAR100,resnet18,distance_variance_cover,5,distance_variance_cover_5_50b,complete,4,300,8.519999999999996,160.0,8.760000000000005,77.76673436164856,1.4781944751739502,1.428009271621704,80.67293810844421,False
CIFAR100,resnet18,distance_variance_cover,5,distance_variance_cover_5_50b,complete,5,350,9.560000000000002,200.0,9.590000000000003,80.8112382888794,1.4963066577911377,1.6465909481048584,83.95413589477539,False
CIFAR100,resnet18,distance_variance_cover,5,distance_variance_cover_5_50b,complete,6,400,10.5,154.0,10.480000000000004,81.79760074615479,1.4613096714019775,2.7037453651428223,85.96265578269958,False
CIFAR100,resnet18,distance_variance_cover,5,distance_variance_cover_5_50b,complete,7,450,11.040000000000006,134.0,11.120000000000005,84.68685507774353,1.4968547821044922,2.4354043006896973,88.61911416053772,False
CIFAR100,resnet18,distance_variance_cover,5,distance_variance_cover_5_50b,complete,8,500,11.86,182.0,11.159999999999997,84.81533575057983,1.5000624656677246,2.755204916000366,89.07060313224792,False
CIFAR100,resnet18,distance_variance_cover,5,distance_variance_cover_5_50b,complete,9,550,12.599999999999994,180.0,11.86,88.53184413909912,1.4891369342803955,2.1554057598114014,92.17638683319092,False
CIFAR100,resnet18,distance_variance_cover,5,distance_variance_cover_5_50b,complete,10,600,13.400000000000006,136.0,12.700000000000003,88.36350345611572,1.479987621307373,2.323071002960205,92.1665620803833,False
CIFAR100,resnet18,distance_variance_cover,5,distance_variance_cover_5_50b,complete,11,650,13.959999999999994,142.0,13.170000000000002,91.95286512374878,1.6280121803283691,2.146507978439331,95.72738528251648,False
CIFAR100,resnet18,distance_variance_cover,5,distance_variance_cover_5_50b,complete,12,700,14.840000000000003,128.0,13.799999999999997,92.28518223762512,1.6163148880004883,1.6325514316558838,95.5340485572815,False
CIFAR100,resnet18,distance_variance_cover,5,distance_variance_cover_5_50b,complete,13,750,15.659999999999997,158.0,14.530000000000001,95.73969221115112,1.4986755847930908,2.433316230773926,99.67168402671814,False
CIFAR100,resnet18,distance_variance_cover,5,distance_variance_cover_5_50b,complete,14,800,16.120000000000005,176.0,14.709999999999994,95.44082927703857,1.487992286682129,1.5171070098876953,98.4459285736084,False
CIFAR100,resnet18,distance_variance_cover,5,distance_variance_cover_5_50b,complete,15,850,16.959999999999994,126.0,16.150000000000006,98.82432413101196,1.4140024185180664,1.4238226413726807,101.66214919090271,False
CIFAR100,resnet18,distance_variance_cover,5,distance_variance_cover_5_50b,complete,16,900,17.599999999999994,190.0,16.060000000000002,98.91960334777832,1.488459587097168,2.3374552726745605,102.74551820755005,False
CIFAR100,resnet18,distance_variance_cover,5,distance_variance_cover_5_50b,complete,17,950,17.5,190.0,17.060000000000002,102.36812138557434,1.4987618923187256,2.6116204261779785,106.47850370407104,False
CIFAR100,resnet18,distance_variance_cover,5,distance_variance_cover_5_50b,complete,18,1000,18.58,86.0,17.700000000000003,102.16864204406738,1.465362310409546,2.7715587615966797,106.40556311607361,False
CIFAR100,resnet18,distance_variance_cover,5,distance_variance_cover_5_50b,complete,19,1050,18.040000000000006,186.0,17.680000000000007,106.18119430541992,1.4645943641662598,2.299287796020508,109.94507646560669,False
CIFAR100,resnet18,distance_variance_cover,5,distance_variance_cover_5_50b,complete,20,1100,18.980000000000004,160.0,18.17,106.06182932853699,1.4505305290222168,1.5480711460113525,109.06043100357056,False
CIFAR100,resnet18,distance_variance_cover,5,distance_variance_cover_5_50b,complete,21,1150,19.480000000000004,150.0,18.36,109.83094000816345,1.4038901329040527,1.380122184753418,112.61495232582092,False
CIFAR100,resnet18,distance_variance_cover,5,distance_variance_cover_5_50b,complete,22,1200,19.92,102.0,19.33,109.81415605545044,1.5168874263763428,2.3702645301818848,113.70130801200867,False
CIFAR100,resnet18,distance_variance_cover,5,distance_variance_cover_5_50b,complete,23,1250,20.439999999999998,134.0,19.200000000000003,114.14520120620728,1.497051477432251,2.454101085662842,118.09635376930237,False
CIFAR100,resnet18,distance_variance_cover,5,distance_variance_cover_5_50b,complete,24,1300,20.559999847412115,158.0,20.20999992370605,113.29882740974426,1.4233512878417969,1.465738296508789,116.18791699409485,False
CIFAR100,resnet18,distance_variance_cover,5,distance_variance_cover_5_50b,complete,25,1350,21.359999847412112,144.0,20.569999847412106,116.91024684906006,1.5062766075134277,1.9086155891418457,120.32513904571533,False
CIFAR100,resnet18,distance_variance_cover,5,distance_variance_cover_5_50b,complete,26,1400,21.679999847412105,126.0,20.72999992370606,117.18252968788147,1.5913059711456299,1.3059237003326416,120.07975935935974,False
CIFAR100,resnet18,distance_variance_cover,5,distance_variance_cover_5_50b,complete,27,1450,21.93999984741211,110.0,20.48999992370605,121.11154675483704,1.4945404529571533,1.3005475997924805,123.90663480758667,False
CIFAR100,resnet18,distance_variance_cover,5,distance_variance_cover_5_50b,complete,28,1500,22.51999984741211,150.0,21.120000000000005,120.7594883441925,1.4899582862854004,2.5956692695617676,124.84511590003967,False
CIFAR100,resnet18,distance_variance_cover,5,distance_variance_cover_5_50b,complete,29,1550,22.539999847412105,152.0,21.199999847412116,123.6133918762207,1.4060606956481934,1.465557336807251,126.48500990867615,False
CIFAR100,resnet18,distance_variance_cover,5,distance_variance_cover_5_50b,complete,30,1600,22.699999237060553,188.0,21.609999923706056,123.73884701728821,1.489102840423584,2.1579174995422363,127.38586735725403,False
CIFAR100,resnet18,distance_variance_cover,5,distance_variance_cover_5_50b,complete,31,1650,23.09999969482422,144.0,21.939999771118167,127.30275225639343,1.4600841999053955,2.4455490112304688,131.2083854675293,False
CIFAR100,resnet18,distance_variance_cover,5,distance_variance_cover_5_50b,complete,32,1700,23.299999999999997,136.0,22.310000000000002,127.50628113746643,1.4937598705291748,2.2388041019439697,131.23884510993958,False
CIFAR100,resnet18,distance_variance_cover,5,distance_variance_cover_5_50b,complete,33,1750,23.699999847412116,146.0,22.47999977111816,131.0303771495819,1.4612607955932617,2.624509334564209,135.11614727973938,False
CIFAR100,resnet18,distance_variance_cover,5,distance_variance_cover_5_50b,complete,34,1800,24.539999389648443,140.0,23.04999984741211,130.86768913269043,1.484710693359375,2.0964019298553467,134.44880175590515,False
CIFAR100,resnet18,distance_variance_cover,5,distance_variance_cover_5_50b,complete,35,1850,24.479999694824215,90.0,23.349999847412107,134.7145664691925,1.5199697017669678,1.421428918838501,137.65596508979797,False
CIFAR100,resnet18,distance_variance_cover,5,distance_variance_cover_5_50b,complete,36,1900,25.139999542236325,188.0,23.269999771118165,134.33464813232422,1.5001277923583984,2.1779768466949463,138.01275277137756,False
CIFAR100,resnet18,distance_variance_cover,5,distance_variance_cover_5_50b,complete,37,1950,24.979999694824215,188.0,22.55999992370606,137.76657676696777,1.500108003616333,2.175062417984009,141.44174718856812,False
CIFAR100,resnet18,distance_variance_cover,5,distance_variance_cover_5_50b,complete,38,2000,24.819999847412106,166.0,23.28999954223633,138.3484399318695,1.5148730278015137,2.608025312423706,142.47133827209473,False
CIFAR100,resnet18,distance_variance_cover,5,distance_variance_cover_5_50b,complete,39,2050,24.879999237060545,180.0,23.569999847412106,141.78621554374695,1.4539265632629395,1.3358657360076904,144.57600784301758,False
CIFAR100,resnet18,distance_variance_cover,5,distance_variance_cover_5_50b,complete,40,2100,24.61999954223633,132.0,23.81999992370605,141.64218044281006,1.4851276874542236,1.3357975482940674,144.46310567855835,False
CIFAR100,resnet18,distance_variance_cover,5,distance_variance_cover_5_50b,complete,41,2150,24.999999847412113,168.0,23.37999969482422,145.3000190258026,1.4717705249786377,1.302351713180542,148.0741412639618,False
CIFAR100,resnet18,distance_variance_cover,5,distance_variance_cover_5_50b,complete,42,2200,25.279999694824212,164.0,23.71999984741211,145.22006130218506,1.4832353591918945,2.7862160205841064,149.48951268196106,False
CIFAR100,resnet18,distance_variance_cover,5,distance_variance_cover_5_50b,complete,43,2250,24.999999694824226,182.0,24.01999984741211,148.65776777267456,1.4794886112213135,1.426095724105835,151.5633521080017,False
CIFAR100,resnet18,distance_variance_cover,5,distance_variance_cover_5_50b,complete,44,2300,25.039999694824218,116.0,23.549999694824223,148.97412157058716,1.454695701599121,1.346329927444458,151.77514719963074,False
CIFAR100,resnet18,distance_variance_cover,5,distance_variance_cover_5_50b,complete,45,2350,25.199999694824214,184.0,23.249999923706056,152.15390062332153,1.6077113151550293,2.271799325942993,156.03341126441956,False
CIFAR100,resnet18,distance_variance_cover,5,distance_variance_cover_5_50b,complete,46,2400,25.5,152.0,24.339999694824215,151.97963070869446,1.51369047164917,1.431579351425171,154.9249005317688,False
CIFAR100,resnet18,distance_variance_cover,5,distance_variance_cover_5_50b,complete,47,2450,25.879999542236334,170.0,24.319999618530275,155.42254638671875,1.4582550525665283,1.336721658706665,158.21752309799194,False
CIFAR100,resnet18,distance_variance_cover,5,distance_variance_cover_5_50b,complete,48,2500,25.779999847412114,132.0,24.819999847412106,155.46447491645813,1.558861494064331,2.424088954925537,159.447425365448,False
CIFAR100,resnet18,distance_variance_cover,5,distance_variance_cover_5_50b,complete,49,2550,25.839999542236328,142.0,24.169999847412114,159.13673853874207,1.491966962814331,1.4250798225402832,162.05378532409668,False
CIFAR100,resnet18,distance_variance_cover,5,distance_variance_cover_5_50b,complete,50,2600,25.379999389648432,110.0,24.229999694824215,158.882657289505,1.4948906898498535,1.4243204593658447,161.8018684387207,False
CIFAR100,resnet18,distance_variance_cover,5,distance_variance_cover_5_50b,complete,51,2650,25.37999969482422,150.0,24.179999771118162,162.9267716407776,1.4667859077453613,2.305917739868164,166.6994752883911,False
CIFAR100,resnet18,distance_variance_cover,5,distance_variance_cover_5_50b,complete,52,2700,25.859999542236324,138.0,24.139999847412113,162.3105595111847,1.4674086570739746,1.4322831630706787,165.21025133132935,False
CIFAR100,resnet18,distance_variance_cover,5,distance_variance_cover_5_50b,complete,53,2750,25.659999237060546,198.0,24.719999694824224,166.79489302635193,1.504119634628296,2.1219801902770996,170.42099285125732,False
CIFAR100,resnet18,distance_variance_cover,5,distance_variance_cover_5_50b,complete,54,2800,25.879999542236334,178.0,24.60999977111817,166.57195210456848,1.469536542892456,2.3261208534240723,170.367609500885,False
CIFAR100,resnet18,distance_variance_cover,5,distance_variance_cover_5_50b,complete,55,2850,25.699999542236327,140.0,24.419999923706058,170.2576744556427,1.4562175273895264,1.4507827758789062,173.16467475891113,False
CIFAR100,resnet18,distance_variance_cover,5,distance_variance_cover_5_50b,complete,56,2900,26.279999847412114,138.0,24.979999694824215,169.55967736244202,1.480201005935669,1.4150481224060059,172.4549264907837,False
CIFAR100,resnet18,distance_variance_cover,5,distance_variance_cover_5_50b,complete,57,2950,26.399999389648443,166.0,24.719999694824224,173.58729720115662,1.5600764751434326,1.38295578956604,176.5303294658661,False
CIFAR100,resnet18,distance_variance_cover,5,distance_variance_cover_5_50b,complete,58,3000,26.079999542236322,162.0,24.36999977111816,174.06050157546997,1.5017547607421875,2.0629830360412598,177.62523937225342,False
CIFAR100,resnet18,distance_variance_cover,5,distance_variance_cover_5_50b,complete,59,3050,26.37999969482422,184.0,24.69999961853027,177.1702697277069,1.4721570014953613,2.3474810123443604,180.98990774154663,False
CIFAR100,resnet18,distance_variance_cover,5,distance_variance_cover_5_50b,complete,60,3100,26.479999847412103,142.0,24.409999771118166,177.66160345077515,1.5094943046569824,2.6301937103271484,181.80129146575928,False
CIFAR100,resnet18,distance_variance_cover,5,distance_variance_cover_5_50b,complete,61,3150,26.39999954223633,116.0,24.75999992370606,180.93590569496155,1.4976551532745361,1.4468400478363037,183.8804008960724,False
CIFAR100,resnet18,distance_variance_cover,5,distance_variance_cover_5_50b,complete,62,3200,26.47999938964844,116.0,24.449999542236327,180.5051727294922,1.49452805519104,2.2348947525024414,184.23459553718567,False
CIFAR100,resnet18,distance_variance_cover,5,distance_variance_cover_5_50b,complete,63,3250,26.63999923706055,200.0,25.06999969482422,184.3270721435547,1.5624206066131592,2.3410496711730957,188.23054242134094,False
CIFAR100,resnet18,distance_variance_cover,5,distance_variance_cover_5_50b,complete,64,3300,26.439999389648435,150.0,25.409999389648434,185.43563199043274,1.4985854625701904,1.4538710117340088,188.38808846473694,False
CIFAR100,resnet18,distance_variance_cover,5,distance_variance_cover_5_50b,complete,65,3350,26.75999954223633,168.0,25.049999465942378,188.29038310050964,1.4712841510772705,1.3125393390655518,191.07420659065247,False
CIFAR100,resnet18,distance_variance_cover,5,distance_variance_cover_5_50b,complete,66,3400,26.559999237060552,172.0,24.52999961853027,188.976576089859,1.471724510192871,2.0763986110687256,192.5246992111206,False
CIFAR100,resnet18,distance_variance_cover,5,distance_variance_cover_5_50b,complete,67,3450,26.979999237060554,170.0,25.129999732971186,191.13816738128662,1.485973834991455,3.2247378826141357,195.8488790988922,False
CIFAR100,resnet18,distance_variance_cover,5,distance_variance_cover_5_50b,complete,68,3500,26.859999694824225,170.0,24.919999923706058,191.71396493911743,1.5473694801330566,1.3109393119812012,194.5722737312317,False
CIFAR100,resnet18,distance_variance_cover,5,distance_variance_cover_5_50b,complete,69,3550,26.639999847412113,152.0,24.709999618530276,195.42238903045654,1.6222426891326904,1.3142435550689697,198.3588752746582,False
CIFAR100,resnet18,distance_variance_cover,5,distance_variance_cover_5_50b,complete,70,3600,26.999999618530268,162.0,25.22999938964844,195.41235637664795,1.4460735321044922,2.562833547592163,199.4212634563446,False
CIFAR100,resnet18,distance_variance_cover,5,distance_variance_cover_5_50b,complete,71,3650,26.93999893188476,162.0,24.68999946594238,198.3515944480896,1.4981284141540527,2.223456621170044,202.0731794834137,False
CIFAR100,resnet18,distance_variance_cover,5,distance_variance_cover_5_50b,complete,72,3700,27.359998550415042,158.0,25.23999969482422,198.44229984283447,1.4429426193237305,1.4411520957946777,201.32639455795288,False
CIFAR100,resnet18,distance_variance_cover,5,distance_variance_cover_5_50b,complete,73,3750,27.279999389648438,144.0,24.88999977111817,202.12767386436462,1.4578638076782227,1.4309852123260498,205.0165228843689,False
CIFAR100,resnet18,distance_variance_cover,5,distance_variance_cover_5_50b,complete,74,3800,26.659999923706053,200.0,25.2099991607666,202.0903754234314,1.6024551391601562,2.6375036239624023,206.33033418655396,False
CIFAR100,resnet18,distance_variance_cover,5,distance_variance_cover_5_50b,complete,75,3850,27.03999954223633,156.0,25.179999694824218,205.4269232749939,1.4715919494628906,2.1247000694274902,209.02321529388428,False
CIFAR100,resnet18,distance_variance_cover,5,distance_variance_cover_5_50b,complete,76,3900,27.319999847412106,154.0,25.16999938964844,205.7315812110901,1.4896230697631836,2.5749619007110596,209.79616618156433,False
CIFAR100,resnet18,distance_variance_cover,5,distance_variance_cover_5_50b,complete,77,3950,26.959999542236332,122.0,24.529999542236325,209.22941374778748,1.4426519870758057,1.433326244354248,212.10539197921753,False
CIFAR100,resnet18,distance_variance_cover,5,distance_variance_cover_5_50b,complete,78,4000,27.219999389648436,168.0,25.969999542236323,209.21145582199097,1.4755699634552002,2.0347230434417725,212.72174882888794,False
CIFAR100,resnet18,distance_variance_cover,5,distance_variance_cover_5_50b,complete,79,4050,26.53999954223633,180.0,25.139999427795416,212.5774302482605,1.5313141345977783,2.245236873626709,216.35398125648499,False
CIFAR100,resnet18,distance_variance_cover,5,distance_variance_cover_5_50b,complete,80,4100,26.559999694824214,200.0,24.979999694824215,212.68407917022705,1.5017096996307373,1.4418537616729736,215.62764263153076,False
CIFAR100,resnet18,distance_variance_cover,5,distance_variance_cover_5_50b,complete,81,4150,26.67999954223633,128.0,25.039999465942387,216.31406998634338,1.462672472000122,2.2243525981903076,220.0010950565338,False
CIFAR100,resnet18,distance_variance_cover,5,distance_variance_cover_5_50b,complete,82,4200,27.41999938964844,168.0,25.57999931335449,216.26646423339844,1.4705379009246826,2.0975232124328613,219.83452534675598,False
CIFAR100,resnet18,distance_variance_cover,5,distance_variance_cover_5_50b,complete,83,4250,27.139999084472663,156.0,25.30999961853027,219.9058153629303,1.5005357265472412,2.2687735557556152,223.67512464523315,False
CIFAR100,resnet18,distance_variance_cover,5,distance_variance_cover_5_50b,complete,84,4300,27.219999694824224,158.0,25.769999237060546,220.40722751617432,1.4233644008636475,2.0531928539276123,223.88378477096558,False
CIFAR100,resnet18,distance_variance_cover,5,distance_variance_cover_5_50b,complete,85,4350,27.05999938964844,192.0,25.21999984741211,222.94626688957214,1.4395091533660889,2.29464054107666,226.6804165840149,False
CIFAR100,resnet18,distance_variance_cover,5,distance_variance_cover_5_50b,complete,86,4400,27.17999954223633,156.0,25.729999694824215,222.78809809684753,1.520860195159912,1.4711148738861084,225.78007316589355,False
CIFAR100,resnet18,distance_variance_cover,5,distance_variance_cover_5_50b,complete,87,4450,27.599999084472657,158.0,25.54999954223632,226.84450435638428,1.4584860801696777,2.3398325443267822,230.64282298088074,False
CIFAR100,resnet18,distance_variance_cover,5,distance_variance_cover_5_50b,complete,88,4500,27.219998779296873,168.0,25.749999427795416,226.72375535964966,1.476966381072998,2.2786569595336914,230.47937870025635,False
CIFAR100,resnet18,distance_variance_cover,5,distance_variance_cover_5_50b,complete,89,4550,26.839998931884764,122.0,25.489999313354488,230.073983669281,1.4763848781585693,2.225281238555908,233.77564978599548,False
CIFAR100,resnet18,distance_variance_cover,5,distance_variance_cover_5_50b,complete,90,4600,27.079999771118167,122.0,25.439999885559075,230.3633737564087,1.488487720489502,1.3434579372406006,233.1953194141388,False
CIFAR100,resnet18,distance_variance_cover,5,distance_variance_cover_5_50b,complete,91,4650,27.11999938964844,196.0,24.55999961853027,235.1968469619751,1.9041180610656738,2.3873682022094727,239.48833322525024,False
CIFAR100,resnet18,distance_variance_cover,5,distance_variance_cover_5_50b,complete,92,4700,27.519999542236334,196.0,25.25999954223633,233.4507348537445,1.4867701530456543,1.3221805095672607,236.25968551635742,False
CIFAR100,resnet18,distance_variance_cover,5,distance_variance_cover_5_50b,complete,93,4750,27.019999771118165,192.0,24.92999954223633,237.2806477546692,1.5065100193023682,1.4281501770019531,240.2153079509735,False
CIFAR100,resnet18,distance_variance_cover,5,distance_variance_cover_5_50b,complete,94,4800,27.459999542236332,172.0,25.719999160766605,237.17048287391663,1.4939258098602295,1.4281580448150635,240.09256672859192,False
CIFAR100,resnet18,distance_variance_cover,5,distance_variance_cover_5_50b,complete,95,4850,26.99999870300293,158.0,25.409999923706053,239.93000507354736,1.4465279579162598,2.4760565757751465,243.85258960723877,False
CIFAR100,resnet18,distance_variance_cover,5,distance_variance_cover_5_50b,complete,96,4900,27.059999237060552,170.0,25.259999694824216,240.86451745033264,1.4811007976531982,1.436995029449463,243.7826132774353,False
CIFAR100,resnet18,distance_variance_cover,5,distance_variance_cover_5_50b,complete,97,4950,27.119999084472653,194.0,25.53999954223633,243.9847617149353,1.513354778289795,1.4397976398468018,246.9379141330719,False
CIFAR100,resnet18,distance_variance_cover,5,distance_variance_cover_5_50b,complete,98,5000,27.959999847412107,146.0,26.75999923706054,243.89307022094727,1.5074665546417236,1.4562528133392334,246.85678958892822,False
CIFAR100,resnet18,distance_variance_cover,5,distance_variance_cover_5_50b,complete,99,5050,27.559999694824214,170.0,26.02999961853027,248.31788897514343,1.45158052444458,1.3114185333251953,251.0808880329132,False
CIFAR100,resnet18,distance_variance_cover,5,distance_variance_cover_5_50b,complete,100,5050,27.85999923706055,166.0,25.669999847412114,247.98730301856995,1.4910881519317627,0.0,249.4783911705017,False
