dataset,model,method,seed,exp_name,run_status,episode,labeled_count,best_val_accuracy,best_val_epoch,test_accuracy,train_time_sec,test_time_sec,acquisition_time_sec,round_time_sec,is_initial_sampling
CIFAR10,resnet18,distance_cv_cover,1,distance_cv_cover_1_50b,complete,-1,50,,,,,,1.7192316055297852,1.7192316055297852,True
CIFAR10,resnet18,distance_cv_cover,1,distance_cv_cover_1_50b,complete,0,100,26.459999771118163,64.0,25.689999542236322,77.29854416847229,1.5069894790649414,1.408562183380127,80.21409583091736,False
CIFAR10,resnet18,distance_cv_cover,1,distance_cv_cover_1_50b,complete,1,150,28.91999938964844,194.0,28.039998855590824,76.77649259567261,1.6419942378997803,1.3068130016326904,79.72529983520508,False
CIFAR10,resnet18,distance_cv_cover,1,distance_cv_cover_1_50b,complete,2,200,33.139999542236325,132.0,33.039999084472655,77.30582642555237,1.520292043685913,1.4176573753356934,80.24377584457397,False
CIFAR10,resnet18,distance_cv_cover,1,distance_cv_cover_1_50b,complete,3,250,36.099999542236326,178.0,35.369999198913575,81.23466897010803,1.5306379795074463,1.4099111557006836,84.17521810531616,False
CIFAR10,resnet18,distance_cv_cover,1,distance_cv_cover_1_50b,complete,4,300,38.03999870300293,190.0,36.85999900817871,82.10996270179749,1.5382347106933594,1.3810977935791016,85.02929520606995,False
CIFAR10,resnet18,distance_cv_cover,1,distance_cv_cover_1_50b,complete,5,350,40.059998779296876,160.0,38.72999855041504,86.1389844417572,1.6601040363311768,1.3230137825012207,89.1221022605896,False
CIFAR10,resnet18,distance_cv_cover,1,distance_cv_cover_1_50b,complete,6,400,41.55999855041504,196.0,40.119998626708984,85.76858949661255,1.4848031997680664,1.453540563583374,88.70693325996399,False
CIFAR10,resnet18,distance_cv_cover,1,distance_cv_cover_1_50b,complete,7,450,43.31999885559082,166.0,42.409998664855955,90.07128190994263,1.5103561878204346,1.4216396808624268,93.00327777862549,False
CIFAR10,resnet18,distance_cv_cover,1,distance_cv_cover_1_50b,complete,8,500,45.85999885559082,174.0,44.72999908447266,89.65377712249756,1.5044775009155273,1.4489119052886963,92.60716652870178,False
CIFAR10,resnet18,distance_cv_cover,1,distance_cv_cover_1_50b,complete,9,550,47.13999855041504,164.0,46.50999927520752,93.50845718383789,1.518033504486084,1.2715775966644287,96.2980682849884,False
CIFAR10,resnet18,distance_cv_cover,1,distance_cv_cover_1_50b,complete,10,600,48.0999991607666,198.0,47.22999908447266,93.80924367904663,1.4859075546264648,1.3911068439483643,96.68625807762146,False
CIFAR10,resnet18,distance_cv_cover,1,distance_cv_cover_1_50b,complete,11,650,49.559999313354496,190.0,49.209999351501466,97.74508500099182,1.498100996017456,1.4244155883789062,100.66760158538818,False
CIFAR10,resnet18,distance_cv_cover,1,distance_cv_cover_1_50b,complete,12,700,49.199999771118165,182.0,48.52999919891357,98.0167191028595,1.485273838043213,1.3936717510223389,100.89566469192505,False
CIFAR10,resnet18,distance_cv_cover,1,distance_cv_cover_1_50b,complete,13,750,50.55999908447266,190.0,48.85999904632568,101.57735586166382,1.4990184307098389,1.4192426204681396,104.4956169128418,False
CIFAR10,resnet18,distance_cv_cover,1,distance_cv_cover_1_50b,complete,14,800,51.75999923706055,176.0,50.7799991607666,101.44471645355225,1.5251238346099854,1.2957992553710938,104.26563954353333,False
CIFAR10,resnet18,distance_cv_cover,1,distance_cv_cover_1_50b,complete,15,850,51.69999908447266,152.0,51.06999927520752,105.49363923072815,1.520338535308838,1.3055143356323242,108.31949210166931,False
CIFAR10,resnet18,distance_cv_cover,1,distance_cv_cover_1_50b,complete,16,900,53.259999160766604,182.0,51.5699991607666,106.1539626121521,1.5280485153198242,1.4180448055267334,109.10005593299866,False
CIFAR10,resnet18,distance_cv_cover,1,distance_cv_cover_1_50b,complete,17,950,54.339999237060546,200.0,53.189998893737794,109.76518368721008,1.520439863204956,1.441953420639038,112.72757697105408,False
CIFAR10,resnet18,distance_cv_cover,1,distance_cv_cover_1_50b,complete,18,1000,52.55999885559082,200.0,51.83999927520752,109.52347612380981,1.5422801971435547,1.4066271781921387,112.47238349914551,False
CIFAR10,resnet18,distance_cv_cover,1,distance_cv_cover_1_50b,complete,19,1050,54.319999084472656,200.0,53.2499987411499,113.58579182624817,1.495551586151123,1.2863247394561768,116.36766815185547,False
CIFAR10,resnet18,distance_cv_cover,1,distance_cv_cover_1_50b,complete,20,1100,54.699999237060545,188.0,54.20999858856201,114.45867276191711,1.6108524799346924,1.2906289100646973,117.3601541519165,False
CIFAR10,resnet18,distance_cv_cover,1,distance_cv_cover_1_50b,complete,21,1150,55.11999885559082,182.0,54.12999889373779,117.96476578712463,1.5492002964019775,1.419611930847168,120.93357801437378,False
CIFAR10,resnet18,distance_cv_cover,1,distance_cv_cover_1_50b,complete,22,1200,56.41999900817871,174.0,54.279999046325685,118.04255056381226,1.4675915241241455,1.4311692714691162,120.94131135940552,False
CIFAR10,resnet18,distance_cv_cover,1,distance_cv_cover_1_50b,complete,23,1250,56.239998779296876,180.0,54.449998931884764,121.72947669029236,1.465270757675171,1.4403975009918213,124.63514494895935,False
CIFAR10,resnet18,distance_cv_cover,1,distance_cv_cover_1_50b,complete,24,1300,57.45999923706054,176.0,55.199998970031736,121.7597348690033,1.5530292987823486,1.4164350032806396,124.72919917106628,False
CIFAR10,resnet18,distance_cv_cover,1,distance_cv_cover_1_50b,complete,25,1350,55.97999851226807,150.0,54.389998779296874,124.52719902992249,1.4884095191955566,1.4235408306121826,127.43914937973022,False
CIFAR10,resnet18,distance_cv_cover,1,distance_cv_cover_1_50b,complete,26,1400,56.69999900817871,198.0,55.41999912261963,125.70507979393005,1.605973482131958,1.28812837600708,128.5991816520691,False
CIFAR10,resnet18,distance_cv_cover,1,distance_cv_cover_1_50b,complete,27,1450,56.41999870300293,170.0,55.47999900817871,129.59583568572998,1.5100054740905762,1.3221001625061035,132.42794132232666,False
CIFAR10,resnet18,distance_cv_cover,1,distance_cv_cover_1_50b,complete,28,1500,57.839998435974124,150.0,56.48999885559082,129.33059453964233,1.4912803173065186,1.2825007438659668,132.10437560081482,False
CIFAR10,resnet18,distance_cv_cover,1,distance_cv_cover_1_50b,complete,29,1550,56.47999877929688,194.0,54.48999881744385,133.31998372077942,1.506176471710205,1.4653608798980713,136.2915210723877,False
CIFAR10,resnet18,distance_cv_cover,1,distance_cv_cover_1_50b,complete,30,1600,56.75999839782715,184.0,55.5499990272522,134.3624358177185,1.5170862674713135,1.3168647289276123,137.19638681411743,False
CIFAR10,resnet18,distance_cv_cover,1,distance_cv_cover_1_50b,complete,31,1650,56.09999870300293,152.0,54.82999866485596,137.67924880981445,1.4989993572235107,1.4259295463562012,140.60417771339417,False
CIFAR10,resnet18,distance_cv_cover,1,distance_cv_cover_1_50b,complete,32,1700,57.599998779296875,186.0,56.589998989105226,136.36362385749817,1.4792752265930176,1.2978050708770752,139.14070415496826,False
CIFAR10,resnet18,distance_cv_cover,1,distance_cv_cover_1_50b,complete,33,1750,56.85999855041504,198.0,55.85999885559082,140.71694350242615,1.616673231124878,1.2861640453338623,143.6197807788849,False
CIFAR10,resnet18,distance_cv_cover,1,distance_cv_cover_1_50b,complete,34,1800,57.17999900817871,198.0,55.60999864578247,141.37753033638,1.5373814105987549,1.4213922023773193,144.33630394935608,False
CIFAR10,resnet18,distance_cv_cover,1,distance_cv_cover_1_50b,complete,35,1850,57.43999870300293,174.0,56.04999900817871,145.94039511680603,1.5107166767120361,1.2834806442260742,148.73459243774414,False
CIFAR10,resnet18,distance_cv_cover,1,distance_cv_cover_1_50b,complete,36,1900,57.039998855590824,156.0,56.54999897003174,149.06470441818237,1.4835350513458252,1.4071555137634277,151.95539498329163,False
CIFAR10,resnet18,distance_cv_cover,1,distance_cv_cover_1_50b,complete,37,1950,56.37999885559082,140.0,55.06999900817871,148.83597326278687,1.4530227184295654,1.6568679809570312,151.94586396217346,False
CIFAR10,resnet18,distance_cv_cover,1,distance_cv_cover_1_50b,complete,38,2000,58.69999855041504,182.0,57.21999904632568,149.85343599319458,1.5344445705413818,1.2837092876434326,152.6715898513794,False
CIFAR10,resnet18,distance_cv_cover,1,distance_cv_cover_1_50b,complete,39,2050,57.75999897003174,172.0,57.06999862670899,154.76978039741516,1.4842383861541748,2.0956239700317383,158.34964275360107,False
CIFAR10,resnet18,distance_cv_cover,1,distance_cv_cover_1_50b,complete,40,2100,57.07999870300293,196.0,56.70999866485596,154.10503387451172,1.485914707183838,1.3943748474121094,156.98532342910767,False
CIFAR10,resnet18,distance_cv_cover,1,distance_cv_cover_1_50b,complete,41,2150,56.67999893188477,186.0,55.55999912261963,158.30982756614685,1.4592745304107666,2.189307928085327,161.95841002464294,False
CIFAR10,resnet18,distance_cv_cover,1,distance_cv_cover_1_50b,complete,42,2200,56.31999938964844,198.0,54.99999870300293,158.1451060771942,1.7016777992248535,2.029871940612793,161.87665581703186,False
CIFAR10,resnet18,distance_cv_cover,1,distance_cv_cover_1_50b,complete,43,2250,56.839998474121096,170.0,55.96999866485596,161.52053713798523,1.5067625045776367,2.0030930042266846,165.03039264678955,False
CIFAR10,resnet18,distance_cv_cover,1,distance_cv_cover_1_50b,complete,44,2300,57.679998779296874,186.0,56.47999877929688,162.1939241886139,1.5303349494934082,2.257948398590088,165.9822075366974,False
CIFAR10,resnet18,distance_cv_cover,1,distance_cv_cover_1_50b,complete,45,2350,58.21999885559082,186.0,56.779998779296875,165.85737562179565,1.6298761367797852,1.2820603847503662,168.7693121433258,False
CIFAR10,resnet18,distance_cv_cover,1,distance_cv_cover_1_50b,complete,46,2400,56.71999877929687,144.0,55.979998931884765,166.77078557014465,1.4862442016601562,2.2159764766693115,170.47300624847412,False
CIFAR10,resnet18,distance_cv_cover,1,distance_cv_cover_1_50b,complete,47,2450,58.11999900817871,146.0,57.01999904632569,169.78890180587769,1.530423879623413,2.216437578201294,173.5357632637024,False
CIFAR10,resnet18,distance_cv_cover,1,distance_cv_cover_1_50b,complete,48,2500,57.75999877929687,126.0,57.66999855041504,170.56733512878418,1.5395362377166748,2.1077780723571777,174.21464943885803,False
CIFAR10,resnet18,distance_cv_cover,1,distance_cv_cover_1_50b,complete,49,2550,57.39999839782715,176.0,56.819998779296874,174.7927701473236,1.457702875137329,2.2484686374664307,178.49894165992737,False
CIFAR10,resnet18,distance_cv_cover,1,distance_cv_cover_1_50b,complete,50,2600,58.71999851226806,180.0,57.699998664855954,173.57801461219788,1.5088863372802734,1.9894921779632568,177.0763931274414,False
CIFAR10,resnet18,distance_cv_cover,1,distance_cv_cover_1_50b,complete,51,2650,57.69999843597412,134.0,57.079999160766604,178.97597813606262,1.6178956031799316,2.0083770751953125,182.60225081443787,False
CIFAR10,resnet18,distance_cv_cover,1,distance_cv_cover_1_50b,complete,52,2700,57.519998741149905,146.0,56.89999847412109,177.70352625846863,1.5151209831237793,2.1314430236816406,181.35009026527405,False
CIFAR10,resnet18,distance_cv_cover,1,distance_cv_cover_1_50b,complete,53,2750,58.63999870300293,162.0,56.71999864578247,181.57189893722534,1.5347282886505127,2.30202317237854,185.4086503982544,False
CIFAR10,resnet18,distance_cv_cover,1,distance_cv_cover_1_50b,complete,54,2800,57.279998779296875,184.0,57.43999872207642,181.0948407649994,1.5293819904327393,1.2852141857147217,183.90943694114685,False
CIFAR10,resnet18,distance_cv_cover,1,distance_cv_cover_1_50b,complete,55,2850,58.35999847412109,196.0,56.769998931884764,186.21089553833008,1.5223197937011719,9.723830461502075,197.45704579353333,False
CIFAR10,resnet18,distance_cv_cover,1,distance_cv_cover_1_50b,complete,56,2900,59.65999889373779,200.0,57.44999877929688,185.79988861083984,1.5146846771240234,1.4130730628967285,188.7276463508606,False
CIFAR10,resnet18,distance_cv_cover,1,distance_cv_cover_1_50b,complete,57,2950,57.71999851226806,190.0,56.749998817443846,189.20493412017822,1.5407965183258057,2.193683624267578,192.9394142627716,False
CIFAR10,resnet18,distance_cv_cover,1,distance_cv_cover_1_50b,complete,58,3000,59.459998779296875,176.0,58.2999987411499,190.76252508163452,1.4821813106536865,1.4134411811828613,193.65814757347107,False
CIFAR10,resnet18,distance_cv_cover,1,distance_cv_cover_1_50b,complete,59,3050,59.79999855041504,184.0,58.589998741149905,193.03471565246582,1.6487698554992676,2.0269522666931152,196.7104377746582,False
CIFAR10,resnet18,distance_cv_cover,1,distance_cv_cover_1_50b,complete,60,3100,59.81999866485596,170.0,59.339998931884764,193.03331851959229,1.4613895416259766,2.135277271270752,196.629985332489,False
CIFAR10,resnet18,distance_cv_cover,1,distance_cv_cover_1_50b,complete,61,3150,59.05999870300293,184.0,58.399998626708985,197.17790937423706,1.648575782775879,2.0278289318084717,200.8543140888214,False
CIFAR10,resnet18,distance_cv_cover,1,distance_cv_cover_1_50b,complete,62,3200,58.39999858856201,180.0,57.549998626708984,195.63753986358643,1.5402257442474365,2.0752930641174316,199.2530586719513,False
CIFAR10,resnet18,distance_cv_cover,1,distance_cv_cover_1_50b,complete,63,3250,60.55999858856201,166.0,60.149998607635496,201.0502791404724,1.6091580390930176,1.3124902248382568,203.9719274044037,False
CIFAR10,resnet18,distance_cv_cover,1,distance_cv_cover_1_50b,complete,64,3300,58.83999881744385,194.0,57.19999879837036,200.68475341796875,1.4912574291229248,1.4452416896820068,203.62125253677368,False
CIFAR10,resnet18,distance_cv_cover,1,distance_cv_cover_1_50b,complete,65,3350,62.25999885559082,172.0,61.24999839782715,204.48161387443542,1.5486035346984863,1.2954826354980469,207.32570004463196,False
CIFAR10,resnet18,distance_cv_cover,1,distance_cv_cover_1_50b,complete,66,3400,60.2599983215332,160.0,60.00999883651733,205.9893503189087,1.55810546875,2.0277512073516846,209.57520699501038,False
CIFAR10,resnet18,distance_cv_cover,1,distance_cv_cover_1_50b,complete,67,3450,60.119998397827146,168.0,59.43999876022339,209.5364797115326,1.5217483043670654,2.1555986404418945,213.21382665634155,False
CIFAR10,resnet18,distance_cv_cover,1,distance_cv_cover_1_50b,complete,68,3500,60.45999855041504,190.0,59.22999881744385,209.21006393432617,1.4862964153289795,1.2802181243896484,211.9765784740448,False
CIFAR10,resnet18,distance_cv_cover,1,distance_cv_cover_1_50b,complete,69,3550,60.15999862670898,174.0,58.629998779296876,212.179625749588,1.4914042949676514,2.1152937412261963,215.78632378578186,False
CIFAR10,resnet18,distance_cv_cover,1,distance_cv_cover_1_50b,complete,70,3600,60.51999877929688,154.0,59.709998531341554,213.44915795326233,1.4744863510131836,1.426697015762329,216.35034132003784,False
CIFAR10,resnet18,distance_cv_cover,1,distance_cv_cover_1_50b,complete,71,3650,60.91999813079834,172.0,60.26999851226807,217.01125812530518,1.4964544773101807,2.1550099849700928,220.66272258758545,False
CIFAR10,resnet18,distance_cv_cover,1,distance_cv_cover_1_50b,complete,72,3700,60.43999843597412,196.0,59.8599986076355,217.18835353851318,1.5016589164733887,2.1678452491760254,220.8578577041626,False
CIFAR10,resnet18,distance_cv_cover,1,distance_cv_cover_1_50b,complete,73,3750,60.639998283386234,174.0,59.509998607635495,220.65777707099915,1.4873430728912354,1.4265663623809814,223.57168650627136,False
CIFAR10,resnet18,distance_cv_cover,1,distance_cv_cover_1_50b,complete,74,3800,62.739998474121094,166.0,61.52999843597412,219.53242802619934,1.5076708793640137,2.0467019081115723,223.08680081367493,False
CIFAR10,resnet18,distance_cv_cover,1,distance_cv_cover_1_50b,complete,75,3850,61.45999862670899,174.0,60.32999885559082,225.34151577949524,1.5901951789855957,1.3961412906646729,228.3278522491455,False
CIFAR10,resnet18,distance_cv_cover,1,distance_cv_cover_1_50b,complete,76,3900,62.83999870300293,144.0,62.20999837875366,224.4364790916443,1.521512746810913,1.3888115882873535,227.34680342674255,False
CIFAR10,resnet18,distance_cv_cover,1,distance_cv_cover_1_50b,complete,77,3950,62.539998626708986,196.0,62.60999849319458,228.76160216331482,1.493483304977417,1.9771850109100342,232.23227047920227,False
CIFAR10,resnet18,distance_cv_cover,1,distance_cv_cover_1_50b,complete,78,4000,61.539998817443845,152.0,60.43999849319458,228.9293372631073,1.4868190288543701,2.2189948558807373,232.6351511478424,False
CIFAR10,resnet18,distance_cv_cover,1,distance_cv_cover_1_50b,complete,79,4050,63.97999858856201,196.0,63.07999841690064,235.18189072608948,1.5464582443237305,2.1226983070373535,238.85104727745056,False
CIFAR10,resnet18,distance_cv_cover,1,distance_cv_cover_1_50b,complete,80,4100,62.97999881744385,176.0,62.42999864578247,233.44587755203247,1.4802289009094238,2.154604434967041,237.08071088790894,False
CIFAR10,resnet18,distance_cv_cover,1,distance_cv_cover_1_50b,complete,81,4150,63.7999987411499,162.0,62.51999811172485,238.74168038368225,1.4854207038879395,1.441840410232544,241.66894149780273,False
CIFAR10,resnet18,distance_cv_cover,1,distance_cv_cover_1_50b,complete,82,4200,64.85999843597412,174.0,63.39999847412109,237.35299944877625,1.4985790252685547,1.3946664333343506,240.24624490737915,False
CIFAR10,resnet18,distance_cv_cover,1,distance_cv_cover_1_50b,complete,83,4250,64.59999824523925,188.0,63.629998779296876,243.00323677062988,1.5242037773132324,2.4416449069976807,246.9690854549408,False
CIFAR10,resnet18,distance_cv_cover,1,distance_cv_cover_1_50b,complete,84,4300,65.19999866485595,190.0,64.59999799728394,242.31607794761658,1.6292259693145752,2.082284688949585,246.02758860588074,False
CIFAR10,resnet18,distance_cv_cover,1,distance_cv_cover_1_50b,complete,85,4350,63.53999855041504,194.0,63.60999834060669,243.94271874427795,1.4786415100097656,1.4296565055847168,246.85101675987244,False
CIFAR10,resnet18,distance_cv_cover,1,distance_cv_cover_1_50b,complete,86,4400,64.69999862670898,174.0,64.15999839782714,243.6093146800995,1.5251762866973877,2.041950225830078,247.17644119262695,False
CIFAR10,resnet18,distance_cv_cover,1,distance_cv_cover_1_50b,complete,87,4450,64.9399984741211,200.0,64.35999811172485,250.79545211791992,1.4625062942504883,1.9372844696044922,254.1952428817749,False
CIFAR10,resnet18,distance_cv_cover,1,distance_cv_cover_1_50b,complete,88,4500,65.19999805450439,180.0,65.05999824523926,248.98211765289307,1.489384651184082,2.4078028202056885,252.87930512428284,False
CIFAR10,resnet18,distance_cv_cover,1,distance_cv_cover_1_50b,complete,89,4550,63.79999855041504,186.0,63.8199981880188,253.11549353599548,1.5047292709350586,2.0435609817504883,256.66378378868103,False
CIFAR10,resnet18,distance_cv_cover,1,distance_cv_cover_1_50b,complete,90,4600,64.31999816894532,186.0,63.8399983215332,255.14851760864258,1.5229558944702148,2.06571888923645,258.73719239234924,False
CIFAR10,resnet18,distance_cv_cover,1,distance_cv_cover_1_50b,complete,91,4650,65.9799983215332,200.0,64.93999849319458,257.05014085769653,1.4857759475708008,2.2598302364349365,260.79574704170227,False
CIFAR10,resnet18,distance_cv_cover,1,distance_cv_cover_1_50b,complete,92,4700,64.81999835968017,196.0,64.95999851226807,257.58399653434753,1.477550745010376,2.027984857559204,261.0895321369171,False
CIFAR10,resnet18,distance_cv_cover,1,distance_cv_cover_1_50b,complete,93,4750,64.49999885559082,184.0,64.0099987602234,261.9391312599182,1.543978214263916,2.275198221206665,265.7583076953888,False
CIFAR10,resnet18,distance_cv_cover,1,distance_cv_cover_1_50b,complete,94,4800,64.83999855041503,182.0,63.96999824523926,263.447514295578,1.5454699993133545,2.298109769821167,267.2910940647125,False
CIFAR10,resnet18,distance_cv_cover,1,distance_cv_cover_1_50b,complete,95,4850,66.1199984741211,190.0,66.0899981880188,267.57572293281555,1.5156097412109375,11.50512409210205,280.59645676612854,False
CIFAR10,resnet18,distance_cv_cover,1,distance_cv_cover_1_50b,complete,96,4900,68.01999797821045,188.0,68.1399986076355,268.1554226875305,1.4764761924743652,2.060682535171509,271.6925814151764,False
CIFAR10,resnet18,distance_cv_cover,1,distance_cv_cover_1_50b,complete,97,4950,67.3799980545044,174.0,66.80999839782714,272.88680505752563,1.4951882362365723,2.169187545776367,276.5511808395386,False
CIFAR10,resnet18,distance_cv_cover,1,distance_cv_cover_1_50b,complete,98,5000,67.17999794006349,190.0,66.12999816894532,273.79469776153564,1.4919567108154297,1.9679155349731445,277.2545700073242,False
CIFAR10,resnet18,distance_cv_cover,1,distance_cv_cover_1_50b,complete,99,5050,68.21999801635742,192.0,67.80999828338622,277.99020504951477,1.5092706680297852,2.2285654544830322,281.7280411720276,False
CIFAR10,resnet18,distance_cv_cover,1,distance_cv_cover_1_50b,complete,100,5050,66.67999820709228,150.0,66.71999822616577,274.43230080604553,1.4929301738739014,0.0,275.92523097991943,False
CIFAR10,resnet18,distance_cv_cover,2,distance_cv_cover_2_50b,complete,-1,50,,,,,,2.1581878662109375,2.1581878662109375,True
CIFAR10,resnet18,distance_cv_cover,2,distance_cv_cover_2_50b,complete,0,100,27.519999008178715,178.0,26.769999389648433,75.83527398109436,1.5017149448394775,1.3900165557861328,78.72700548171997,False
CIFAR10,resnet18,distance_cv_cover,2,distance_cv_cover_2_50b,complete,1,150,30.179999389648444,176.0,29.409999656677243,76.40133786201477,1.4708304405212402,1.282059907913208,79.15422821044922,False
CIFAR10,resnet18,distance_cv_cover,2,distance_cv_cover_2_50b,complete,2,200,33.09999946594239,164.0,33.40999919891357,76.69379448890686,1.4494554996490479,1.383953332901001,79.52720332145691,False
CIFAR10,resnet18,distance_cv_cover,2,distance_cv_cover_2_50b,complete,3,250,36.41999946594238,138.0,35.39999889373779,80.6087875366211,1.5061917304992676,1.375732660293579,83.49071192741394,False
CIFAR10,resnet18,distance_cv_cover,2,distance_cv_cover_2_50b,complete,4,300,37.81999923706055,172.0,37.00999881744385,81.06055164337158,1.5049395561218262,1.395674705505371,83.96116590499878,False
CIFAR10,resnet18,distance_cv_cover,2,distance_cv_cover_2_50b,complete,5,350,39.13999885559082,196.0,38.81999862670899,85.0066168308258,1.4930908679962158,1.322730541229248,87.82243824005127,False
CIFAR10,resnet18,distance_cv_cover,2,distance_cv_cover_2_50b,complete,6,400,41.279998321533206,146.0,40.379999008178714,85.12641644477844,1.5675344467163086,2.1360349655151367,88.82998585700989,False
CIFAR10,resnet18,distance_cv_cover,2,distance_cv_cover_2_50b,complete,7,450,43.13999855041504,170.0,43.02999866485596,89.45559072494507,1.495971441268921,1.3711013793945312,92.32266354560852,False
CIFAR10,resnet18,distance_cv_cover,2,distance_cv_cover_2_50b,complete,8,500,45.03999870300293,168.0,44.489998779296876,89.17609882354736,1.4912867546081543,1.3008143901824951,91.96819996833801,False
CIFAR10,resnet18,distance_cv_cover,2,distance_cv_cover_2_50b,complete,9,550,47.01999938964844,192.0,45.79999900817871,93.45241045951843,1.4913997650146484,1.2779896259307861,96.22179985046387,False
CIFAR10,resnet18,distance_cv_cover,2,distance_cv_cover_2_50b,complete,10,600,47.13999938964844,198.0,46.05999893188476,92.66397094726562,1.516458511352539,1.3074932098388672,95.48792266845703,False
CIFAR10,resnet18,distance_cv_cover,2,distance_cv_cover_2_50b,complete,11,650,46.89999977111816,166.0,46.41999893188476,97.04002380371094,1.4965624809265137,2.1057302951812744,100.64231657981873,False
CIFAR10,resnet18,distance_cv_cover,2,distance_cv_cover_2_50b,complete,12,700,47.21999855041504,152.0,45.86999897003174,97.3703601360321,1.498121738433838,2.4931857585906982,101.36166763305664,False
CIFAR10,resnet18,distance_cv_cover,2,distance_cv_cover_2_50b,complete,13,750,48.29999923706055,198.0,48.11999927520752,101.74366116523743,1.5644657611846924,1.4030120372772217,104.71113896369934,False
CIFAR10,resnet18,distance_cv_cover,2,distance_cv_cover_2_50b,complete,14,800,49.33999900817871,184.0,48.47999931335449,100.810387134552,1.4755747318267822,1.4516997337341309,103.73766160011292,False
CIFAR10,resnet18,distance_cv_cover,2,distance_cv_cover_2_50b,complete,15,850,50.6199991607666,140.0,49.34999900817871,105.09255146980286,1.6115808486938477,1.299201250076294,108.003333568573,False
CIFAR10,resnet18,distance_cv_cover,2,distance_cv_cover_2_50b,complete,16,900,51.279999542236325,186.0,50.449998741149905,105.15396451950073,1.4698023796081543,2.1047120094299316,108.72847890853882,False
CIFAR10,resnet18,distance_cv_cover,2,distance_cv_cover_2_50b,complete,17,950,51.559999542236326,188.0,51.179998817443845,108.70704126358032,1.5026679039001465,2.1845343112945557,112.39424347877502,False
CIFAR10,resnet18,distance_cv_cover,2,distance_cv_cover_2_50b,complete,18,1000,52.53999931335449,138.0,51.89999877929687,109.17786026000977,1.559154987335205,1.4635026454925537,112.20051789283752,False
CIFAR10,resnet18,distance_cv_cover,2,distance_cv_cover_2_50b,complete,19,1050,53.57999877929687,188.0,52.95999889373779,113.32551312446594,1.463594675064087,1.312659740447998,116.10176753997803,False
CIFAR10,resnet18,distance_cv_cover,2,distance_cv_cover_2_50b,complete,20,1100,54.519999237060546,170.0,53.93999931335449,113.44827127456665,1.4652788639068604,1.384127140045166,116.29767727851868,False
CIFAR10,resnet18,distance_cv_cover,2,distance_cv_cover_2_50b,complete,21,1150,55.19999900817871,158.0,54.2299987411499,117.27024173736572,1.461376428604126,1.2629766464233398,119.99459481239319,False
CIFAR10,resnet18,distance_cv_cover,2,distance_cv_cover_2_50b,complete,22,1200,54.73999938964844,180.0,54.17999912261963,116.90597128868103,1.472339391708374,1.3860809803009033,119.76439166069031,False
CIFAR10,resnet18,distance_cv_cover,2,distance_cv_cover_2_50b,complete,23,1250,55.219998626708986,164.0,54.21999900817871,120.70187282562256,1.5570783615112305,2.125131368637085,124.38408255577087,False
CIFAR10,resnet18,distance_cv_cover,2,distance_cv_cover_2_50b,complete,24,1300,57.379999237060545,186.0,56.60999879837036,120.11157393455505,1.4628427028656006,1.2733571529388428,122.8477737903595,False
CIFAR10,resnet18,distance_cv_cover,2,distance_cv_cover_2_50b,complete,25,1350,57.73999893188476,190.0,56.169998741149904,125.42034840583801,1.5493993759155273,1.3951606750488281,128.36490845680237,False
CIFAR10,resnet18,distance_cv_cover,2,distance_cv_cover_2_50b,complete,26,1400,56.25999877929687,198.0,54.889998817443846,125.39981412887573,1.4339706897735596,1.3874855041503906,128.22127032279968,False
CIFAR10,resnet18,distance_cv_cover,2,distance_cv_cover_2_50b,complete,27,1450,57.51999885559082,158.0,56.899998893737795,128.94050455093384,1.5365068912506104,1.3919129371643066,131.86892437934875,False
CIFAR10,resnet18,distance_cv_cover,2,distance_cv_cover_2_50b,complete,28,1500,57.25999851226807,136.0,55.92999891281128,128.7091772556305,1.5083894729614258,2.294495105743408,132.51206183433533,False
CIFAR10,resnet18,distance_cv_cover,2,distance_cv_cover_2_50b,complete,29,1550,56.679998779296874,178.0,55.86999881744385,133.80971837043762,1.4809377193450928,1.3892269134521484,136.67988300323486,False
CIFAR10,resnet18,distance_cv_cover,2,distance_cv_cover_2_50b,complete,30,1600,56.13999900817871,188.0,55.119999198913575,133.11130809783936,1.5103869438171387,2.075171709060669,136.69686675071716,False
CIFAR10,resnet18,distance_cv_cover,2,distance_cv_cover_2_50b,complete,31,1650,58.13999816894531,156.0,56.619998874664304,137.14669799804688,1.5269725322723389,1.379504919052124,140.05317544937134,False
CIFAR10,resnet18,distance_cv_cover,2,distance_cv_cover_2_50b,complete,32,1700,56.33999900817871,174.0,54.43999898910523,137.45182704925537,1.500856637954712,2.917968988418579,141.87065267562866,False
CIFAR10,resnet18,distance_cv_cover,2,distance_cv_cover_2_50b,complete,33,1750,56.97999908447266,184.0,55.629998931884764,141.63395738601685,1.6000912189483643,2.0031721591949463,145.23722076416016,False
CIFAR10,resnet18,distance_cv_cover,2,distance_cv_cover_2_50b,complete,34,1800,57.49999893188477,158.0,55.249999294281004,141.60569095611572,1.5262904167175293,1.391695499420166,144.52367687225342,False
CIFAR10,resnet18,distance_cv_cover,2,distance_cv_cover_2_50b,complete,35,1850,56.89999870300293,196.0,55.689998664855956,144.87172675132751,1.4869890213012695,1.3062448501586914,147.66496062278748,False
CIFAR10,resnet18,distance_cv_cover,2,distance_cv_cover_2_50b,complete,36,1900,58.13999885559082,166.0,57.21999864578247,144.51241970062256,1.4828600883483887,1.3896677494049072,147.38494753837585,False
CIFAR10,resnet18,distance_cv_cover,2,distance_cv_cover_2_50b,complete,37,1950,56.43999908447265,176.0,55.16999900817871,148.62710189819336,1.4792404174804688,2.337822914123535,152.44416522979736,False
CIFAR10,resnet18,distance_cv_cover,2,distance_cv_cover_2_50b,complete,38,2000,56.239998245239256,200.0,54.74999912261963,148.46749210357666,1.5234932899475098,2.241917610168457,152.23290300369263,False
CIFAR10,resnet18,distance_cv_cover,2,distance_cv_cover_2_50b,complete,39,2050,56.2999983215332,152.0,54.82999904632568,151.8469340801239,1.5507347583770752,1.405890703201294,154.80355954170227,False
CIFAR10,resnet18,distance_cv_cover,2,distance_cv_cover_2_50b,complete,40,2100,56.93999855041504,170.0,54.79999885559082,151.50289058685303,1.513770580291748,2.3428635597229004,155.35952472686768,False
CIFAR10,resnet18,distance_cv_cover,2,distance_cv_cover_2_50b,complete,41,2150,57.29999877929688,192.0,55.9499986076355,157.4313292503357,1.6508488655090332,2.1205694675445557,161.20274758338928,False
CIFAR10,resnet18,distance_cv_cover,2,distance_cv_cover_2_50b,complete,42,2200,57.17999866485596,182.0,56.169998989105224,157.89141416549683,1.4859094619750977,1.2759463787078857,160.6532700061798,False
CIFAR10,resnet18,distance_cv_cover,2,distance_cv_cover_2_50b,complete,43,2250,57.77999858856201,168.0,55.6199991607666,161.05099844932556,1.483046293258667,2.146738290786743,164.68078303337097,False
CIFAR10,resnet18,distance_cv_cover,2,distance_cv_cover_2_50b,complete,44,2300,57.67999893188477,160.0,57.09999855041504,160.84675526618958,1.4966318607330322,1.4137256145477295,163.75711274147034,False
CIFAR10,resnet18,distance_cv_cover,2,distance_cv_cover_2_50b,complete,45,2350,58.89999893188477,194.0,57.00999895095825,165.416499376297,1.5827276706695557,1.2860133647918701,168.28524041175842,False
CIFAR10,resnet18,distance_cv_cover,2,distance_cv_cover_2_50b,complete,46,2400,57.059998741149904,172.0,56.20999855041504,164.85364270210266,1.4533536434173584,1.3688874244689941,167.675883769989,False
CIFAR10,resnet18,distance_cv_cover,2,distance_cv_cover_2_50b,complete,47,2450,57.739998779296876,164.0,56.249998817443846,168.5915286540985,1.5036380290985107,2.2374331951141357,172.33259987831116,False
CIFAR10,resnet18,distance_cv_cover,2,distance_cv_cover_2_50b,complete,48,2500,58.65999908447266,186.0,57.73999870300293,168.3413712978363,1.472879409790039,1.2560229301452637,171.0702736377716,False
CIFAR10,resnet18,distance_cv_cover,2,distance_cv_cover_2_50b,complete,49,2550,58.39999877929687,160.0,57.15999889373779,173.1024775505066,1.5208086967468262,2.2843198776245117,176.90760612487793,False
CIFAR10,resnet18,distance_cv_cover,2,distance_cv_cover_2_50b,complete,50,2600,57.43999885559082,184.0,56.519998931884764,172.88423228263855,1.574361801147461,1.2931296825408936,175.7517237663269,False
CIFAR10,resnet18,distance_cv_cover,2,distance_cv_cover_2_50b,complete,51,2650,57.39999855041504,178.0,55.579999160766604,177.21942329406738,1.5916450023651123,1.3148488998413086,180.1259171962738,False
CIFAR10,resnet18,distance_cv_cover,2,distance_cv_cover_2_50b,complete,52,2700,57.379998779296876,158.0,56.11999851226807,176.9949848651886,1.7329766750335693,1.2911872863769531,180.01914882659912,False
CIFAR10,resnet18,distance_cv_cover,2,distance_cv_cover_2_50b,complete,53,2750,57.75999900817871,152.0,55.99999885559082,181.2820508480072,1.4669015407562256,1.4094979763031006,184.15845036506653,False
CIFAR10,resnet18,distance_cv_cover,2,distance_cv_cover_2_50b,complete,54,2800,57.67999900817871,194.0,55.98999912261963,181.2514364719391,1.4749152660369873,2.0054776668548584,184.73182940483093,False
CIFAR10,resnet18,distance_cv_cover,2,distance_cv_cover_2_50b,complete,55,2850,58.479998474121096,182.0,56.92999897003174,184.95132422447205,1.4908647537231445,1.2733337879180908,187.71552276611328,False
CIFAR10,resnet18,distance_cv_cover,2,distance_cv_cover_2_50b,complete,56,2900,58.77999870300293,144.0,56.92999866485596,183.97168278694153,1.509916067123413,1.4030163288116455,186.8846151828766,False
CIFAR10,resnet18,distance_cv_cover,2,distance_cv_cover_2_50b,complete,57,2950,58.53999843597412,158.0,57.329998607635495,186.99895977973938,1.485459804534912,1.397747278213501,189.8821668624878,False
CIFAR10,resnet18,distance_cv_cover,2,distance_cv_cover_2_50b,complete,58,3000,59.539998855590824,146.0,58.18999906539917,188.96670722961426,1.5391747951507568,1.4022269248962402,191.90810894966125,False
CIFAR10,resnet18,distance_cv_cover,2,distance_cv_cover_2_50b,complete,59,3050,59.63999900817871,170.0,57.739999027252196,192.0083363056183,1.516632080078125,1.2710237503051758,194.7959921360016,False
CIFAR10,resnet18,distance_cv_cover,2,distance_cv_cover_2_50b,complete,60,3100,58.75999908447265,162.0,57.43999858856201,193.60182189941406,1.4595091342926025,1.410083293914795,196.47141432762146,False
CIFAR10,resnet18,distance_cv_cover,2,distance_cv_cover_2_50b,complete,61,3150,58.61999870300293,176.0,57.90999889373779,196.29243087768555,1.515291690826416,2.044586658477783,199.85230922698975,False
CIFAR10,resnet18,distance_cv_cover,2,distance_cv_cover_2_50b,complete,62,3200,60.17999923706055,170.0,57.93999908447265,196.2052285671234,1.4963324069976807,1.4092967510223389,199.11085772514343,False
CIFAR10,resnet18,distance_cv_cover,2,distance_cv_cover_2_50b,complete,63,3250,58.8399983215332,188.0,58.579998378753665,201.34504961967468,1.462799072265625,2.4553229808807373,205.26317167282104,False
CIFAR10,resnet18,distance_cv_cover,2,distance_cv_cover_2_50b,complete,64,3300,59.499998550415036,196.0,58.76999864578247,200.93892407417297,1.6186316013336182,1.2886230945587158,203.8461787700653,False
CIFAR10,resnet18,distance_cv_cover,2,distance_cv_cover_2_50b,complete,65,3350,59.379998970031735,190.0,59.16999856948853,204.26456212997437,1.4517242908477783,2.2111241817474365,207.92741060256958,False
CIFAR10,resnet18,distance_cv_cover,2,distance_cv_cover_2_50b,complete,66,3400,60.29999908447266,164.0,59.919998722076414,201.732839345932,1.4893860816955566,2.201117515563965,205.42334294319153,False
CIFAR10,resnet18,distance_cv_cover,2,distance_cv_cover_2_50b,complete,67,3450,59.01999858856201,166.0,58.219998588562014,208.04710721969604,1.53959321975708,1.292158603668213,210.87885904312134,False
CIFAR10,resnet18,distance_cv_cover,2,distance_cv_cover_2_50b,complete,68,3500,60.59999828338623,178.0,59.939998683929446,209.00108575820923,1.5078091621398926,1.417107343673706,211.92600226402283,False
CIFAR10,resnet18,distance_cv_cover,2,distance_cv_cover_2_50b,complete,69,3550,60.3799991607666,200.0,59.24999864578247,211.36015057563782,1.5196785926818848,2.2008066177368164,215.08063578605652,False
CIFAR10,resnet18,distance_cv_cover,2,distance_cv_cover_2_50b,complete,70,3600,61.65999855041504,186.0,61.35999853134155,214.18778467178345,1.5767903327941895,1.4044597148895264,217.16903471946716,False
CIFAR10,resnet18,distance_cv_cover,2,distance_cv_cover_2_50b,complete,71,3650,60.239998207092285,154.0,59.379998779296876,215.87104558944702,1.589184284210205,1.2962307929992676,218.7564606666565,False
CIFAR10,resnet18,distance_cv_cover,2,distance_cv_cover_2_50b,complete,72,3700,60.07999855041504,162.0,59.73999889373779,215.0652585029602,1.4516751766204834,1.2783777713775635,217.79531145095825,False
CIFAR10,resnet18,distance_cv_cover,2,distance_cv_cover_2_50b,complete,73,3750,61.41999862670898,154.0,60.86999853134155,220.83142518997192,1.471355676651001,2.159182548522949,224.46196341514587,False
CIFAR10,resnet18,distance_cv_cover,2,distance_cv_cover_2_50b,complete,74,3800,61.71999843597412,198.0,61.72999849319458,218.75479865074158,1.4801445007324219,1.3878750801086426,221.62281823158264,False
CIFAR10,resnet18,distance_cv_cover,2,distance_cv_cover_2_50b,complete,75,3850,61.73999828338623,198.0,60.6099986076355,223.7123167514801,1.6196510791778564,1.2916593551635742,226.62362718582153,False
CIFAR10,resnet18,distance_cv_cover,2,distance_cv_cover_2_50b,complete,76,3900,62.35999855041504,182.0,61.66999868392944,224.46908712387085,1.5567574501037598,2.2941553592681885,228.3199999332428,False
CIFAR10,resnet18,distance_cv_cover,2,distance_cv_cover_2_50b,complete,77,3950,63.47999824523926,176.0,61.8799986076355,226.44564604759216,1.5482947826385498,1.3025050163269043,229.29644584655762,False
CIFAR10,resnet18,distance_cv_cover,2,distance_cv_cover_2_50b,complete,78,4000,62.99999847412109,192.0,62.15999851226807,228.37716555595398,1.4600489139556885,1.2745721340179443,231.1117866039276,False
CIFAR10,resnet18,distance_cv_cover,2,distance_cv_cover_2_50b,complete,79,4050,61.519998474121095,196.0,60.59999843597412,231.87486696243286,1.4812593460083008,2.6427929401397705,235.99891924858093,False
CIFAR10,resnet18,distance_cv_cover,2,distance_cv_cover_2_50b,complete,80,4100,63.659998207092286,164.0,62.72999851226807,232.95427632331848,1.5768778324127197,1.301948070526123,235.83310222625732,False
CIFAR10,resnet18,distance_cv_cover,2,distance_cv_cover_2_50b,complete,81,4150,62.13999870300293,176.0,61.359998302459715,236.98612594604492,1.5143711566925049,1.421339511871338,239.92183661460876,False
CIFAR10,resnet18,distance_cv_cover,2,distance_cv_cover_2_50b,complete,82,4200,62.75999851226807,188.0,61.679998836517335,235.5537781715393,1.5049264430999756,1.3812403678894043,238.4399449825287,False
CIFAR10,resnet18,distance_cv_cover,2,distance_cv_cover_2_50b,complete,83,4250,63.83999828338623,182.0,63.47999826431274,241.70206236839294,1.584850549697876,1.303093671798706,244.59000658988953,False
CIFAR10,resnet18,distance_cv_cover,2,distance_cv_cover_2_50b,complete,84,4300,63.499998245239254,200.0,62.889998531341554,240.50112056732178,1.492415428161621,1.3767836093902588,243.37031960487366,False
CIFAR10,resnet18,distance_cv_cover,2,distance_cv_cover_2_50b,complete,85,4350,62.87999881744385,188.0,61.969998569488524,244.00466537475586,1.5062389373779297,1.2969424724578857,246.80784678459167,False
CIFAR10,resnet18,distance_cv_cover,2,distance_cv_cover_2_50b,complete,86,4400,63.059998779296876,180.0,61.969998054504394,246.01538848876953,1.5574557781219482,2.377100706100464,249.94994497299194,False
CIFAR10,resnet18,distance_cv_cover,2,distance_cv_cover_2_50b,complete,87,4450,65.9599983215332,180.0,65.37999807357788,248.6786584854126,1.5183384418487549,1.2810356616973877,251.47803258895874,False
CIFAR10,resnet18,distance_cv_cover,2,distance_cv_cover_2_50b,complete,88,4500,64.37999794006348,190.0,63.859998569488525,248.75176167488098,1.486478328704834,1.2990009784698486,251.53724098205566,False
CIFAR10,resnet18,distance_cv_cover,2,distance_cv_cover_2_50b,complete,89,4550,62.659998435974124,176.0,61.7099987411499,251.62854146957397,1.5081031322479248,1.3331942558288574,254.46983885765076,False
CIFAR10,resnet18,distance_cv_cover,2,distance_cv_cover_2_50b,complete,90,4600,64.17999858856201,186.0,63.829998359680175,253.0568494796753,1.497973918914795,2.139779567718506,256.6946029663086,False
CIFAR10,resnet18,distance_cv_cover,2,distance_cv_cover_2_50b,complete,91,4650,64.85999870300293,182.0,64.66999839782716,256.77856969833374,1.5157763957977295,1.2781567573547363,259.5725028514862,False
CIFAR10,resnet18,distance_cv_cover,2,distance_cv_cover_2_50b,complete,92,4700,64.91999824523926,172.0,64.27999872207641,256.009516954422,1.5146005153656006,1.285757064819336,258.80987453460693,False
CIFAR10,resnet18,distance_cv_cover,2,distance_cv_cover_2_50b,complete,93,4750,65.5199983215332,184.0,64.72999858856201,260.4974133968353,1.4593031406402588,2.641101121902466,264.59781765937805,False
CIFAR10,resnet18,distance_cv_cover,2,distance_cv_cover_2_50b,complete,94,4800,66.11999824523926,194.0,64.85999811172485,261.82542395591736,1.4941306114196777,1.2891674041748047,264.60872197151184,False
CIFAR10,resnet18,distance_cv_cover,2,distance_cv_cover_2_50b,complete,95,4850,64.67999858856201,188.0,63.94999877929688,266.14240288734436,1.5008177757263184,2.0713744163513184,269.714595079422,False
CIFAR10,resnet18,distance_cv_cover,2,distance_cv_cover_2_50b,complete,96,4900,65.31999824523925,198.0,64.51999809265138,267.9608657360077,1.6597769260406494,1.2964105606079102,270.91705322265625,False
CIFAR10,resnet18,distance_cv_cover,2,distance_cv_cover_2_50b,complete,97,4950,64.33999835968018,198.0,63.9499986076355,273.23586893081665,1.514277458190918,2.1113510131835938,276.86149740219116,False
CIFAR10,resnet18,distance_cv_cover,2,distance_cv_cover_2_50b,complete,98,5000,65.47999828338624,164.0,64.3599983215332,270.678409576416,1.4673256874084473,2.2334539890289307,274.3791892528534,False
CIFAR10,resnet18,distance_cv_cover,2,distance_cv_cover_2_50b,complete,99,5050,67.11999843597411,170.0,65.92999801635742,277.0368318557739,1.4735350608825684,2.818420886993408,281.3287878036499,False
CIFAR10,resnet18,distance_cv_cover,2,distance_cv_cover_2_50b,complete,100,5050,65.07999862670898,184.0,64.91999847412109,274.4049081802368,1.5058467388153076,0.0,275.9107549190521,False
CIFAR10,resnet18,distance_cv_cover,3,distance_cv_cover_3_50b,complete,-1,50,,,,,,2.1915793418884277,2.1915793418884277,True
CIFAR10,resnet18,distance_cv_cover,3,distance_cv_cover_3_50b,complete,0,100,25.499999389648437,90.0,25.889999542236325,76.39413905143738,1.4849860668182373,1.434377908706665,79.31350302696228,False
CIFAR10,resnet18,distance_cv_cover,3,distance_cv_cover_3_50b,complete,1,150,29.259999618530273,164.0,29.369999465942385,76.5540988445282,1.4651336669921875,1.395707130432129,79.41493964195251,False
CIFAR10,resnet18,distance_cv_cover,3,distance_cv_cover_3_50b,complete,2,200,32.3399993133545,160.0,32.789999084472655,77.22677063941956,1.5299732685089111,2.7021267414093018,81.45887064933777,False
CIFAR10,resnet18,distance_cv_cover,3,distance_cv_cover_3_50b,complete,3,250,35.13999893188476,154.0,35.20999900817871,81.12408971786499,1.4796063899993896,2.1363818645477295,84.74007797241211,False
CIFAR10,resnet18,distance_cv_cover,3,distance_cv_cover_3_50b,complete,4,300,37.57999877929687,190.0,37.09999858856201,81.11691975593567,1.5061845779418945,1.338125228881836,83.9612295627594,False
CIFAR10,resnet18,distance_cv_cover,3,distance_cv_cover_3_50b,complete,5,350,41.1599983215332,136.0,40.84999927520752,85.02686381340027,1.7017393112182617,2.069129705429077,88.79773283004761,False
CIFAR10,resnet18,distance_cv_cover,3,distance_cv_cover_3_50b,complete,6,400,41.359998321533205,164.0,41.14999893188477,85.57919096946716,1.4739694595336914,2.5687544345855713,89.62191486358643,False
CIFAR10,resnet18,distance_cv_cover,3,distance_cv_cover_3_50b,complete,7,450,42.85999847412109,166.0,42.119998359680174,89.3635790348053,1.5219054222106934,1.3849172592163086,92.2704017162323,False
CIFAR10,resnet18,distance_cv_cover,3,distance_cv_cover_3_50b,complete,8,500,44.15999900817871,192.0,43.64999877929687,89.7530038356781,1.5206997394561768,1.6651008129119873,92.93880438804626,False
CIFAR10,resnet18,distance_cv_cover,3,distance_cv_cover_3_50b,complete,9,550,46.4199983215332,200.0,46.52999881744385,93.66017651557922,1.6548948287963867,1.28139066696167,96.59646201133728,False
CIFAR10,resnet18,distance_cv_cover,3,distance_cv_cover_3_50b,complete,10,600,45.97999824523926,192.0,46.589999237060546,93.9384081363678,1.5325677394866943,1.395939588546753,96.86691546440125,False
CIFAR10,resnet18,distance_cv_cover,3,distance_cv_cover_3_50b,complete,11,650,46.43999900817871,158.0,46.579998893737795,97.96436738967896,1.5141332149505615,2.2143473625183105,101.69284796714783,False
CIFAR10,resnet18,distance_cv_cover,3,distance_cv_cover_3_50b,complete,12,700,46.77999855041504,196.0,46.29999889373779,98.17390465736389,1.5133702754974365,2.743476629257202,102.43075156211853,False
CIFAR10,resnet18,distance_cv_cover,3,distance_cv_cover_3_50b,complete,13,750,49.1199991607666,184.0,48.63999938964844,101.54491925239563,1.5089168548583984,1.3877074718475342,104.44154357910156,False
CIFAR10,resnet18,distance_cv_cover,3,distance_cv_cover_3_50b,complete,14,800,49.839998931884764,190.0,49.91999912261963,101.41598176956177,1.586284875869751,1.2980751991271973,104.30034184455872,False
CIFAR10,resnet18,distance_cv_cover,3,distance_cv_cover_3_50b,complete,15,850,49.55999855041504,168.0,50.4299987411499,105.08579707145691,1.4829435348510742,2.8251802921295166,109.3939208984375,False
CIFAR10,resnet18,distance_cv_cover,3,distance_cv_cover_3_50b,complete,16,900,51.25999961853027,184.0,51.87999919891357,105.78708052635193,1.510075569152832,2.341501474380493,109.63865756988525,False
CIFAR10,resnet18,distance_cv_cover,3,distance_cv_cover_3_50b,complete,17,950,52.23999908447266,170.0,52.2199987411499,109.02527189254761,1.5327527523040771,1.3816111087799072,111.93963575363159,False
CIFAR10,resnet18,distance_cv_cover,3,distance_cv_cover_3_50b,complete,18,1000,52.31999893188477,192.0,52.539999084472655,109.41034460067749,1.4976599216461182,1.447711706161499,112.35571622848511,False
CIFAR10,resnet18,distance_cv_cover,3,distance_cv_cover_3_50b,complete,19,1050,53.47999954223633,176.0,53.579999160766604,112.40978193283081,1.4906330108642578,1.2906372547149658,115.19105219841003,False
CIFAR10,resnet18,distance_cv_cover,3,distance_cv_cover_3_50b,complete,20,1100,54.27999893188476,194.0,54.14999893188477,113.35670208930969,1.5514593124389648,2.0973777770996094,117.00553917884827,False
CIFAR10,resnet18,distance_cv_cover,3,distance_cv_cover_3_50b,complete,21,1150,54.21999893188477,160.0,53.379998741149905,116.98047852516174,1.5954663753509521,1.3659632205963135,119.94190812110901,False
CIFAR10,resnet18,distance_cv_cover,3,distance_cv_cover_3_50b,complete,22,1200,54.01999908447266,134.0,53.80999908447266,117.36567664146423,1.5704660415649414,2.3007760047912598,121.23691868782043,False
CIFAR10,resnet18,distance_cv_cover,3,distance_cv_cover_3_50b,complete,23,1250,54.29999885559082,124.0,54.55999868392944,121.24885749816895,1.5062518119812012,1.291637897491455,124.0467472076416,False
CIFAR10,resnet18,distance_cv_cover,3,distance_cv_cover_3_50b,complete,24,1300,55.27999893188476,196.0,54.53999923706055,120.53896760940552,1.626828908920288,1.2942306995391846,123.46002721786499,False
CIFAR10,resnet18,distance_cv_cover,3,distance_cv_cover_3_50b,complete,25,1350,56.59999862670898,140.0,55.49999893188477,125.6231632232666,1.5136723518371582,2.2375192642211914,129.37435483932495,False
CIFAR10,resnet18,distance_cv_cover,3,distance_cv_cover_3_50b,complete,26,1400,56.15999877929688,200.0,55.39999923706055,125.8336808681488,1.5133485794067383,2.1479570865631104,129.49498653411865,False
CIFAR10,resnet18,distance_cv_cover,3,distance_cv_cover_3_50b,complete,27,1450,56.65999877929688,184.0,56.05999881744385,129.32023882865906,1.4773178100585938,1.4070451259613037,132.20460176467896,False
CIFAR10,resnet18,distance_cv_cover,3,distance_cv_cover_3_50b,complete,28,1500,56.11999877929688,184.0,55.86999908447265,129.82468128204346,1.55428147315979,1.4076364040374756,132.78659915924072,False
CIFAR10,resnet18,distance_cv_cover,3,distance_cv_cover_3_50b,complete,29,1550,55.739999008178714,182.0,55.879999046325686,132.70440459251404,1.6140244007110596,1.282344102859497,135.6007730960846,False
CIFAR10,resnet18,distance_cv_cover,3,distance_cv_cover_3_50b,complete,30,1600,56.999998779296874,184.0,56.70999862670899,132.64307165145874,1.4821233749389648,1.39249587059021,135.51769089698792,False
CIFAR10,resnet18,distance_cv_cover,3,distance_cv_cover_3_50b,complete,31,1650,55.07999900817871,140.0,55.42999870300293,137.0947413444519,1.5388879776000977,2.1038994789123535,140.73752880096436,False
CIFAR10,resnet18,distance_cv_cover,3,distance_cv_cover_3_50b,complete,32,1700,57.65999889373779,188.0,56.39999877929687,137.52955651283264,1.5504441261291504,2.1514930725097656,141.23149371147156,False
CIFAR10,resnet18,distance_cv_cover,3,distance_cv_cover_3_50b,complete,33,1750,56.55999889373779,180.0,54.83999858856201,141.24010848999023,1.536921739578247,2.2927777767181396,145.06980800628662,False
CIFAR10,resnet18,distance_cv_cover,3,distance_cv_cover_3_50b,complete,34,1800,57.11999885559082,184.0,55.98999891281128,141.8130075931549,1.609374761581421,2.045746326446533,145.46812868118286,False
CIFAR10,resnet18,distance_cv_cover,3,distance_cv_cover_3_50b,complete,35,1850,56.13999885559082,144.0,54.989998970031735,144.89981722831726,1.5288925170898438,1.3953297138214111,147.82403945922852,False
CIFAR10,resnet18,distance_cv_cover,3,distance_cv_cover_3_50b,complete,36,1900,55.559997940063475,140.0,55.379999046325686,144.85493922233582,1.5416903495788574,1.3792386054992676,147.77586817741394,False
CIFAR10,resnet18,distance_cv_cover,3,distance_cv_cover_3_50b,complete,37,1950,56.359999084472655,182.0,55.5199990272522,150.56764888763428,1.495194673538208,1.3041319847106934,153.36697554588318,False
CIFAR10,resnet18,distance_cv_cover,3,distance_cv_cover_3_50b,complete,38,2000,57.519998703002926,154.0,57.27999881744385,150.00024485588074,1.6238996982574463,2.0879366397857666,153.71208119392395,False
CIFAR10,resnet18,distance_cv_cover,3,distance_cv_cover_3_50b,complete,39,2050,57.69999858856201,158.0,56.15999885559082,153.78154039382935,1.4926555156707764,1.2743310928344727,156.5485270023346,False
CIFAR10,resnet18,distance_cv_cover,3,distance_cv_cover_3_50b,complete,40,2100,57.51999862670898,176.0,56.58999877929688,153.63023352622986,1.5429222583770752,2.1326253414154053,157.30578112602234,False
CIFAR10,resnet18,distance_cv_cover,3,distance_cv_cover_3_50b,complete,41,2150,56.559999008178714,186.0,55.44999891281128,158.15910863876343,1.5020017623901367,1.3858299255371094,161.04694032669067,False
CIFAR10,resnet18,distance_cv_cover,3,distance_cv_cover_3_50b,complete,42,2200,57.939998893737794,184.0,57.0799987411499,157.99268412590027,1.53951096534729,1.4039525985717773,160.93614768981934,False
CIFAR10,resnet18,distance_cv_cover,3,distance_cv_cover_3_50b,complete,43,2250,56.91999870300293,174.0,56.36999877929688,162.9877052307129,1.4548320770263672,1.2821619510650635,165.72469925880432,False
CIFAR10,resnet18,distance_cv_cover,3,distance_cv_cover_3_50b,complete,44,2300,57.35999885559082,186.0,56.45999881744385,161.61795496940613,1.4902398586273193,1.4383800029754639,164.5465748310089,False
CIFAR10,resnet18,distance_cv_cover,3,distance_cv_cover_3_50b,complete,45,2350,58.77999855041504,162.0,58.20999872207641,165.86519408226013,1.5038695335388184,1.955503225326538,169.3245668411255,False
CIFAR10,resnet18,distance_cv_cover,3,distance_cv_cover_3_50b,complete,46,2400,58.07999870300293,154.0,57.139998779296874,165.38974237442017,1.4924702644348145,1.3993158340454102,168.2815284729004,False
CIFAR10,resnet18,distance_cv_cover,3,distance_cv_cover_3_50b,complete,47,2450,58.17999809265137,186.0,57.37999881744385,169.6324303150177,1.5072259902954102,2.177696466445923,173.31735277175903,False
CIFAR10,resnet18,distance_cv_cover,3,distance_cv_cover_3_50b,complete,48,2500,58.41999862670898,198.0,57.1399986076355,168.4798481464386,1.511117696762085,1.407721757888794,171.39868760108948,False
CIFAR10,resnet18,distance_cv_cover,3,distance_cv_cover_3_50b,complete,49,2550,57.89999824523926,194.0,57.129998664855954,174.22338843345642,1.5113446712493896,1.2965941429138184,177.03132724761963,False
CIFAR10,resnet18,distance_cv_cover,3,distance_cv_cover_3_50b,complete,50,2600,58.29999855041504,170.0,57.57999870300293,174.8089792728424,1.5621287822723389,2.1226401329040527,178.4937481880188,False
CIFAR10,resnet18,distance_cv_cover,3,distance_cv_cover_3_50b,complete,51,2650,56.93999870300293,158.0,56.63999870300293,178.64142608642578,1.6088230609893799,1.963730812072754,182.21397995948792,False
CIFAR10,resnet18,distance_cv_cover,3,distance_cv_cover_3_50b,complete,52,2700,56.8399991607666,188.0,55.99999862670899,178.31707525253296,1.4884560108184814,2.478058338165283,182.28358960151672,False
CIFAR10,resnet18,distance_cv_cover,3,distance_cv_cover_3_50b,complete,53,2750,59.05999893188476,184.0,58.62999885559082,181.21597909927368,1.5631747245788574,2.2522058486938477,185.0313596725464,False
CIFAR10,resnet18,distance_cv_cover,3,distance_cv_cover_3_50b,complete,54,2800,59.57999824523926,188.0,58.029998512268065,181.21109127998352,1.592766523361206,2.010059356689453,184.81391716003418,False
CIFAR10,resnet18,distance_cv_cover,3,distance_cv_cover_3_50b,complete,55,2850,59.979998664855955,166.0,59.44999856948853,186.40058422088623,1.5066485404968262,2.007911205291748,189.9151439666748,False
CIFAR10,resnet18,distance_cv_cover,3,distance_cv_cover_3_50b,complete,56,2900,59.399998092651366,196.0,58.85999855041504,186.1328010559082,1.5085833072662354,1.2942347526550293,188.93561911582947,False
CIFAR10,resnet18,distance_cv_cover,3,distance_cv_cover_3_50b,complete,57,2950,59.019998664855954,166.0,57.95999837875366,188.39733386039734,1.4813008308410645,1.9536232948303223,191.83225798606873,False
CIFAR10,resnet18,distance_cv_cover,3,distance_cv_cover_3_50b,complete,58,3000,59.1199987411499,182.0,58.36999876022339,188.07179522514343,1.5366432666778564,2.3857312202453613,191.99416971206665,False
CIFAR10,resnet18,distance_cv_cover,3,distance_cv_cover_3_50b,complete,59,3050,57.739998474121094,200.0,57.24999923706055,193.04646801948547,1.4489879608154297,2.308788537979126,196.80424451828003,False
CIFAR10,resnet18,distance_cv_cover,3,distance_cv_cover_3_50b,complete,60,3100,59.45999866485596,190.0,58.629998474121095,193.04412603378296,1.5053620338439941,1.4514968395233154,196.00098490715027,False
CIFAR10,resnet18,distance_cv_cover,3,distance_cv_cover_3_50b,complete,61,3150,60.37999839782715,170.0,59.209998760223385,197.06307888031006,1.5108232498168945,2.9680192470550537,201.541921377182,False
CIFAR10,resnet18,distance_cv_cover,3,distance_cv_cover_3_50b,complete,62,3200,59.739998512268066,172.0,58.73999879837036,196.78560328483582,1.4842612743377686,3.397015333175659,201.66687989234924,False
CIFAR10,resnet18,distance_cv_cover,3,distance_cv_cover_3_50b,complete,63,3250,58.99999862670899,176.0,58.74999866485596,201.65262913703918,1.5177762508392334,2.4477715492248535,205.61817693710327,False
CIFAR10,resnet18,distance_cv_cover,3,distance_cv_cover_3_50b,complete,64,3300,60.25999870300293,164.0,59.51999856948853,201.77229690551758,1.4978740215301514,2.1670970916748047,205.43726801872253,False
CIFAR10,resnet18,distance_cv_cover,3,distance_cv_cover_3_50b,complete,65,3350,59.759998626708985,188.0,59.34999891281128,204.28260445594788,1.5901603698730469,1.289194107055664,207.1619589328766,False
CIFAR10,resnet18,distance_cv_cover,3,distance_cv_cover_3_50b,complete,66,3400,61.199998474121095,162.0,59.92999868392944,204.02577352523804,1.6201412677764893,1.2897605895996094,206.93567538261414,False
CIFAR10,resnet18,distance_cv_cover,3,distance_cv_cover_3_50b,complete,67,3450,60.27999835968018,198.0,59.99999834060669,209.36616849899292,1.4759011268615723,2.1264076232910156,212.9684772491455,False
CIFAR10,resnet18,distance_cv_cover,3,distance_cv_cover_3_50b,complete,68,3500,60.79999820709229,170.0,60.63999885559082,208.79258131980896,1.6357553005218506,2.6638097763061523,213.09214639663696,False
CIFAR10,resnet18,distance_cv_cover,3,distance_cv_cover_3_50b,complete,69,3550,60.79999908447266,162.0,60.459998569488526,215.5108551979065,1.5263726711273193,1.2954022884368896,218.3326301574707,False
CIFAR10,resnet18,distance_cv_cover,3,distance_cv_cover_3_50b,complete,70,3600,61.07999893188477,164.0,60.2099986076355,211.86521172523499,1.5475990772247314,2.1236002445220947,215.5364110469818,False
CIFAR10,resnet18,distance_cv_cover,3,distance_cv_cover_3_50b,complete,71,3650,60.739999008178714,182.0,60.6699986076355,216.1669750213623,1.4924004077911377,2.1911585330963135,219.85053396224976,False
CIFAR10,resnet18,distance_cv_cover,3,distance_cv_cover_3_50b,complete,72,3700,62.05999835968018,186.0,61.66999849319458,218.10027933120728,1.5208344459533691,1.4212136268615723,221.04232740402222,False
CIFAR10,resnet18,distance_cv_cover,3,distance_cv_cover_3_50b,complete,73,3750,61.279998779296875,172.0,60.39999906539917,221.07534003257751,1.5831043720245361,1.31046724319458,223.96891164779663,False
CIFAR10,resnet18,distance_cv_cover,3,distance_cv_cover_3_50b,complete,74,3800,59.95999816894531,172.0,59.51999856948853,221.75445008277893,1.4874224662780762,2.0064356327056885,225.2483081817627,False
CIFAR10,resnet18,distance_cv_cover,3,distance_cv_cover_3_50b,complete,75,3850,62.75999839782715,158.0,61.55999837875366,223.29143476486206,1.5099914073944092,1.3042025566101074,226.10562872886658,False
CIFAR10,resnet18,distance_cv_cover,3,distance_cv_cover_3_50b,complete,76,3900,61.579998359680175,196.0,61.24999887466431,224.12531399726868,1.47342848777771,2.076568126678467,227.67531061172485,False
CIFAR10,resnet18,distance_cv_cover,3,distance_cv_cover_3_50b,complete,77,3950,62.13999839782715,162.0,62.07999851226807,227.8064513206482,1.493478775024414,2.4029176235198975,231.7028477191925,False
CIFAR10,resnet18,distance_cv_cover,3,distance_cv_cover_3_50b,complete,78,4000,63.29999843597412,190.0,62.26999835968017,227.39452266693115,1.4998300075531006,2.3705763816833496,231.2649290561676,False
CIFAR10,resnet18,distance_cv_cover,3,distance_cv_cover_3_50b,complete,79,4050,65.05999843597412,170.0,63.969998569488524,233.59153366088867,1.537790060043335,1.2936060428619385,236.42292976379395,False
CIFAR10,resnet18,distance_cv_cover,3,distance_cv_cover_3_50b,complete,80,4100,62.0199983215332,182.0,61.84999885559082,231.728285074234,1.625135898590088,1.2994816303253174,234.6529026031494,False
CIFAR10,resnet18,distance_cv_cover,3,distance_cv_cover_3_50b,complete,81,4150,62.859998359680176,136.0,62.44999843597412,236.53234457969666,1.5792779922485352,1.271864891052246,239.38348746299744,False
CIFAR10,resnet18,distance_cv_cover,3,distance_cv_cover_3_50b,complete,82,4200,62.59999858856201,194.0,62.01999877929688,236.46704506874084,1.5095102787017822,1.4041991233825684,239.3807544708252,False
CIFAR10,resnet18,distance_cv_cover,3,distance_cv_cover_3_50b,complete,83,4250,63.21999828338623,166.0,63.169998779296876,241.53414797782898,1.489612340927124,1.298091173171997,244.3218514919281,False
CIFAR10,resnet18,distance_cv_cover,3,distance_cv_cover_3_50b,complete,84,4300,63.919998474121094,158.0,63.19999834060669,240.70218443870544,1.5382163524627686,2.2145678997039795,244.4549686908722,False
CIFAR10,resnet18,distance_cv_cover,3,distance_cv_cover_3_50b,complete,85,4350,64.9599979019165,182.0,63.789998111724856,244.31639456748962,1.4679310321807861,1.277420997619629,247.06174659729004,False
CIFAR10,resnet18,distance_cv_cover,3,distance_cv_cover_3_50b,complete,86,4400,63.55999828338623,180.0,62.28999839782715,246.30967712402344,1.4857563972473145,2.9853434562683105,250.78077697753906,False
CIFAR10,resnet18,distance_cv_cover,3,distance_cv_cover_3_50b,complete,87,4450,63.919998512268066,192.0,63.63999841690063,250.29320430755615,1.4728071689605713,2.0287725925445557,253.79478406906128,False
CIFAR10,resnet18,distance_cv_cover,3,distance_cv_cover_3_50b,complete,88,4500,64.8999981689453,152.0,63.91999841690063,249.58132648468018,1.5323424339294434,2.221411943435669,253.3350808620453,False
CIFAR10,resnet18,distance_cv_cover,3,distance_cv_cover_3_50b,complete,89,4550,64.47999813079835,196.0,63.6399986076355,254.70209956169128,1.496246576309204,2.176086902618408,258.3744330406189,False
CIFAR10,resnet18,distance_cv_cover,3,distance_cv_cover_3_50b,complete,90,4600,64.71999851226806,190.0,64.62999830245971,255.46875953674316,1.4615678787231445,2.3378305435180664,259.2681579589844,False
CIFAR10,resnet18,distance_cv_cover,3,distance_cv_cover_3_50b,complete,91,4650,64.47999847412109,196.0,63.959998264312745,258.2706277370453,1.531081199645996,1.4680752754211426,261.2697842121124,False
CIFAR10,resnet18,distance_cv_cover,3,distance_cv_cover_3_50b,complete,92,4700,65.1999983215332,176.0,64.98999843597412,255.51121306419373,1.5308547019958496,1.3355767726898193,258.3776445388794,False
CIFAR10,resnet18,distance_cv_cover,3,distance_cv_cover_3_50b,complete,93,4750,65.03999843597413,164.0,64.35999864578247,262.3118386268616,1.496786117553711,1.44569730758667,265.25432205200195,False
CIFAR10,resnet18,distance_cv_cover,3,distance_cv_cover_3_50b,complete,94,4800,65.15999900817872,166.0,65.48999832153319,264.54342436790466,1.5592765808105469,1.428171157836914,267.5308721065521,False
CIFAR10,resnet18,distance_cv_cover,3,distance_cv_cover_3_50b,complete,95,4850,66.05999839782714,178.0,65.91999830245972,267.7076885700226,1.6065657138824463,1.522444248199463,270.8366985321045,False
CIFAR10,resnet18,distance_cv_cover,3,distance_cv_cover_3_50b,complete,96,4900,66.2999984741211,190.0,65.39999835968018,267.2307541370392,1.4733171463012695,1.3044867515563965,270.00855803489685,False
CIFAR10,resnet18,distance_cv_cover,3,distance_cv_cover_3_50b,complete,97,4950,67.2199980545044,190.0,67.05999862670899,270.60423588752747,1.48689603805542,1.4556620121002197,273.5467939376831,False
CIFAR10,resnet18,distance_cv_cover,3,distance_cv_cover_3_50b,complete,98,5000,65.73999763488769,162.0,65.52999809265137,269.7621691226959,1.5337164402008057,1.3058290481567383,272.60171461105347,False
CIFAR10,resnet18,distance_cv_cover,3,distance_cv_cover_3_50b,complete,99,5050,65.43999813079833,164.0,65.32999811172485,276.21037888526917,1.4983599185943604,2.3499515056610107,280.05869030952454,False
CIFAR10,resnet18,distance_cv_cover,3,distance_cv_cover_3_50b,complete,100,5050,67.97999828338624,162.0,67.18999811172486,275.22935366630554,1.4930965900421143,0.0,276.72245025634766,False
CIFAR10,resnet18,distance_cv_cover,4,distance_cv_cover_4_50b,complete,-1,50,,,,,,2.479541301727295,2.479541301727295,True
CIFAR10,resnet18,distance_cv_cover,4,distance_cv_cover_4_50b,complete,0,100,24.079999694824224,100.0,24.089999694824215,75.8276858329773,1.4801771640777588,1.3833842277526855,78.69124722480774,False
CIFAR10,resnet18,distance_cv_cover,4,distance_cv_cover_4_50b,complete,1,150,29.13999893188476,198.0,29.16999935150146,76.0324821472168,1.598996639251709,1.2712514400482178,78.90273022651672,False
CIFAR10,resnet18,distance_cv_cover,4,distance_cv_cover_4_50b,complete,2,200,31.179999389648444,100.0,31.849999046325678,76.05191397666931,1.5544140338897705,2.2088449001312256,79.81517291069031,False
CIFAR10,resnet18,distance_cv_cover,4,distance_cv_cover_4_50b,complete,3,250,35.29999870300293,148.0,35.079999122619625,80.30019545555115,1.466271162033081,1.4415078163146973,83.20797443389893,False
CIFAR10,resnet18,distance_cv_cover,4,distance_cv_cover_4_50b,complete,4,300,37.69999908447266,124.0,36.53999919891358,81.22221636772156,1.5595378875732422,2.287095069885254,85.06884932518005,False
CIFAR10,resnet18,distance_cv_cover,4,distance_cv_cover_4_50b,complete,5,350,38.19999900817871,190.0,37.76999889373779,84.77139806747437,1.6361565589904785,2.2270193099975586,88.6345739364624,False
CIFAR10,resnet18,distance_cv_cover,4,distance_cv_cover_4_50b,complete,6,400,41.239999008178714,186.0,40.56999889373779,84.97210788726807,1.4548702239990234,2.254732608795166,88.68171072006226,False
CIFAR10,resnet18,distance_cv_cover,4,distance_cv_cover_4_50b,complete,7,450,41.899998321533204,192.0,41.3299983215332,89.54778575897217,1.4757370948791504,1.4075393676757812,92.4310622215271,False
CIFAR10,resnet18,distance_cv_cover,4,distance_cv_cover_4_50b,complete,8,500,43.69999855041504,110.0,43.57999893188477,88.71190524101257,1.606492519378662,1.2917850017547607,91.610182762146,False
CIFAR10,resnet18,distance_cv_cover,4,distance_cv_cover_4_50b,complete,9,550,45.8799991607666,182.0,46.049998626708984,93.46870160102844,1.5625331401824951,1.2945349216461182,96.32576966285706,False
CIFAR10,resnet18,distance_cv_cover,4,distance_cv_cover_4_50b,complete,10,600,45.959999084472656,130.0,45.10999893188477,93.39888334274292,1.6313409805297852,1.9695470333099365,96.99977135658264,False
CIFAR10,resnet18,distance_cv_cover,4,distance_cv_cover_4_50b,complete,11,650,47.339999465942384,150.0,47.0199991607666,97.13461089134216,1.4961724281311035,2.5258171558380127,101.15660047531128,False
CIFAR10,resnet18,distance_cv_cover,4,distance_cv_cover_4_50b,complete,12,700,47.43999923706055,172.0,47.07999904632568,97.11091613769531,1.5777456760406494,2.067577838897705,100.75623965263367,False
CIFAR10,resnet18,distance_cv_cover,4,distance_cv_cover_4_50b,complete,13,750,48.85999923706055,184.0,47.399999084472654,101.13309359550476,1.5079853534698486,2.800140380859375,105.44121932983398,False
CIFAR10,resnet18,distance_cv_cover,4,distance_cv_cover_4_50b,complete,14,800,49.0599991607666,186.0,48.459999084472656,101.01544785499573,1.4815492630004883,2.2752268314361572,104.77222394943237,False
CIFAR10,resnet18,distance_cv_cover,4,distance_cv_cover_4_50b,complete,15,850,50.59999938964844,156.0,49.799999198913575,104.5643367767334,1.523857593536377,2.1266028881073,108.21479725837708,False
CIFAR10,resnet18,distance_cv_cover,4,distance_cv_cover_4_50b,complete,16,900,51.23999893188476,170.0,50.41999942779541,104.51784920692444,1.5695934295654297,2.2394893169403076,108.32693195343018,False
CIFAR10,resnet18,distance_cv_cover,4,distance_cv_cover_4_50b,complete,17,950,51.73999870300293,200.0,51.079999198913576,109.06203603744507,1.5071077346801758,2.182076930999756,112.751220703125,False
CIFAR10,resnet18,distance_cv_cover,4,distance_cv_cover_4_50b,complete,18,1000,53.51999908447266,198.0,52.399999351501464,108.92812752723694,1.4857003688812256,1.3780834674835205,111.79191136360168,False
CIFAR10,resnet18,distance_cv_cover,4,distance_cv_cover_4_50b,complete,19,1050,53.6599991607666,192.0,52.60999900817871,112.51576519012451,1.530681848526001,2.3441221714019775,116.39056921005249,False
CIFAR10,resnet18,distance_cv_cover,4,distance_cv_cover_4_50b,complete,20,1100,53.59999908447266,190.0,53.009999160766604,112.88367819786072,1.4909160137176514,2.5554325580596924,116.93002676963806,False
CIFAR10,resnet18,distance_cv_cover,4,distance_cv_cover_4_50b,complete,21,1150,54.4799991607666,190.0,53.11999923706055,116.37603902816772,1.5509352684020996,2.133855104446411,120.06082940101624,False
CIFAR10,resnet18,distance_cv_cover,4,distance_cv_cover_4_50b,complete,22,1200,55.619999389648434,154.0,54.69999877929688,116.18457627296448,1.4817562103271484,2.1623551845550537,119.82868766784668,False
CIFAR10,resnet18,distance_cv_cover,4,distance_cv_cover_4_50b,complete,23,1250,56.43999870300293,144.0,55.249998321533205,120.44368433952332,1.477252721786499,2.399569511413574,124.32050657272339,False
CIFAR10,resnet18,distance_cv_cover,4,distance_cv_cover_4_50b,complete,24,1300,56.39999893188477,182.0,55.45999862670899,120.3263144493103,1.4601497650146484,2.2590253353118896,124.04548954963684,False
CIFAR10,resnet18,distance_cv_cover,4,distance_cv_cover_4_50b,complete,25,1350,54.91999908447266,190.0,54.03999904632568,125.02241110801697,1.4796297550201416,2.0533738136291504,128.55541467666626,False
CIFAR10,resnet18,distance_cv_cover,4,distance_cv_cover_4_50b,complete,26,1400,55.179999084472655,160.0,55.93999900817871,124.9240882396698,1.4627039432525635,2.0270705223083496,128.4138627052307,False
CIFAR10,resnet18,distance_cv_cover,4,distance_cv_cover_4_50b,complete,27,1450,56.03999855041504,172.0,55.909998741149906,128.69818782806396,1.5369181632995605,2.3163068294525146,132.55141282081604,False
CIFAR10,resnet18,distance_cv_cover,4,distance_cv_cover_4_50b,complete,28,1500,55.099999237060544,188.0,54.7899991607666,129.04345226287842,1.504777431488037,1.4052000045776367,131.9534296989441,False
CIFAR10,resnet18,distance_cv_cover,4,distance_cv_cover_4_50b,complete,29,1550,55.09999893188476,118.0,55.78999900817871,132.60889768600464,1.4804151058197021,2.309126615524292,136.39843940734863,False
CIFAR10,resnet18,distance_cv_cover,4,distance_cv_cover_4_50b,complete,30,1600,54.819999046325684,186.0,55.12999917984009,131.61338186264038,1.5046446323394775,2.184692621231079,135.30271911621094,False
CIFAR10,resnet18,distance_cv_cover,4,distance_cv_cover_4_50b,complete,31,1650,55.239999237060545,128.0,55.27999870300293,136.78401136398315,1.5449402332305908,1.4249565601348877,139.75390815734863,False
CIFAR10,resnet18,distance_cv_cover,4,distance_cv_cover_4_50b,complete,32,1700,55.93999885559082,128.0,55.499998512268064,136.5396625995636,1.6012566089630127,1.2942893505096436,139.43520855903625,False
CIFAR10,resnet18,distance_cv_cover,4,distance_cv_cover_4_50b,complete,33,1750,56.919998474121094,140.0,55.37999889373779,140.62840676307678,1.5069787502288818,1.453017234802246,143.5884027481079,False
CIFAR10,resnet18,distance_cv_cover,4,distance_cv_cover_4_50b,complete,34,1800,54.99999847412109,170.0,54.84999885559082,140.72994112968445,1.4568939208984375,1.3044281005859375,143.49126315116882,False
CIFAR10,resnet18,distance_cv_cover,4,distance_cv_cover_4_50b,complete,35,1850,55.33999938964844,200.0,54.63999900817871,142.9254310131073,1.6554615497589111,2.031264543533325,146.61215710639954,False
CIFAR10,resnet18,distance_cv_cover,4,distance_cv_cover_4_50b,complete,36,1900,56.19999881744385,192.0,55.00999881744385,144.1228427886963,1.4496455192565918,2.2773025035858154,147.8497908115387,False
CIFAR10,resnet18,distance_cv_cover,4,distance_cv_cover_4_50b,complete,37,1950,55.75999870300293,182.0,54.01999908447266,149.50714468955994,1.4786760807037354,2.2923333644866943,153.27815413475037,False
CIFAR10,resnet18,distance_cv_cover,4,distance_cv_cover_4_50b,complete,38,2000,56.5999991607666,164.0,55.519998931884764,149.07452583312988,1.4982118606567383,2.104935884475708,152.67767357826233,False
CIFAR10,resnet18,distance_cv_cover,4,distance_cv_cover_4_50b,complete,39,2050,56.95999885559082,184.0,56.079998874664305,152.29761052131653,1.6033668518066406,2.1951992511749268,156.0961766242981,False
CIFAR10,resnet18,distance_cv_cover,4,distance_cv_cover_4_50b,complete,40,2100,56.57999931335449,154.0,55.149998893737795,152.8893346786499,1.5116572380065918,2.2198994159698486,156.62089133262634,False
CIFAR10,resnet18,distance_cv_cover,4,distance_cv_cover_4_50b,complete,41,2150,56.959999084472656,178.0,55.649999084472654,158.41018915176392,1.5349900722503662,2.730496883392334,162.67567610740662,False
CIFAR10,resnet18,distance_cv_cover,4,distance_cv_cover_4_50b,complete,42,2200,56.59999885559082,192.0,56.199999046325686,158.25622415542603,1.4610559940338135,2.2681374549865723,161.9854176044464,False
CIFAR10,resnet18,distance_cv_cover,4,distance_cv_cover_4_50b,complete,43,2250,57.41999908447266,180.0,55.89999893188477,160.95114374160767,1.5542025566101074,2.4073967933654785,164.91274309158325,False
CIFAR10,resnet18,distance_cv_cover,4,distance_cv_cover_4_50b,complete,44,2300,56.919998779296876,142.0,55.22999889373779,162.04407167434692,1.6665518283843994,2.0968072414398193,165.80743074417114,False
CIFAR10,resnet18,distance_cv_cover,4,distance_cv_cover_4_50b,complete,45,2350,56.959999313354494,196.0,55.84999885559082,163.9191918373108,1.5375590324401855,2.135451078414917,167.5922019481659,False
CIFAR10,resnet18,distance_cv_cover,4,distance_cv_cover_4_50b,complete,46,2400,56.55999908447266,186.0,55.84999881744385,164.83822679519653,1.592602014541626,2.5297813415527344,168.9606101512909,False
CIFAR10,resnet18,distance_cv_cover,4,distance_cv_cover_4_50b,complete,47,2450,59.119998664855956,146.0,57.6199984741211,168.88700366020203,1.5287528038024902,2.772925853729248,173.18868231773376,False
CIFAR10,resnet18,distance_cv_cover,4,distance_cv_cover_4_50b,complete,48,2500,57.13999900817871,200.0,55.799998931884765,169.44322681427002,1.482224464416504,2.5357604026794434,173.46121168136597,False
CIFAR10,resnet18,distance_cv_cover,4,distance_cv_cover_4_50b,complete,49,2550,56.7799991607666,152.0,55.24999912261963,172.4463496208191,1.4741356372833252,2.296792507171631,176.21727776527405,False
CIFAR10,resnet18,distance_cv_cover,4,distance_cv_cover_4_50b,complete,50,2600,57.079998626708985,142.0,55.809998664855954,173.2205834388733,1.4699652194976807,2.1177115440368652,176.80826020240784,False
CIFAR10,resnet18,distance_cv_cover,4,distance_cv_cover_4_50b,complete,51,2650,59.05999870300293,186.0,57.31999893188477,179.04469919204712,1.865898847579956,2.4952073097229004,183.40580534934998,False
CIFAR10,resnet18,distance_cv_cover,4,distance_cv_cover_4_50b,complete,52,2700,57.21999904632568,174.0,56.79999851226807,176.8905007839203,1.5196912288665771,1.337848424911499,179.74804043769836,False
CIFAR10,resnet18,distance_cv_cover,4,distance_cv_cover_4_50b,complete,53,2750,58.9399984741211,152.0,56.07999843597412,181.08357501029968,1.4791505336761475,1.328768253326416,183.89149379730225,False
CIFAR10,resnet18,distance_cv_cover,4,distance_cv_cover_4_50b,complete,54,2800,56.29999877929688,198.0,55.239998741149904,181.47317028045654,1.5090816020965576,1.3969943523406982,184.3792462348938,False
CIFAR10,resnet18,distance_cv_cover,4,distance_cv_cover_4_50b,complete,55,2850,58.09999862670898,178.0,57.249998779296874,185.43370652198792,1.5057337284088135,2.4878783226013184,189.42731857299805,False
CIFAR10,resnet18,distance_cv_cover,4,distance_cv_cover_4_50b,complete,56,2900,57.079999160766604,162.0,55.63999855041504,184.3228576183319,1.451328992843628,2.235135078430176,188.0093216896057,False
CIFAR10,resnet18,distance_cv_cover,4,distance_cv_cover_4_50b,complete,57,2950,59.03999839782715,170.0,57.919998741149904,188.94569897651672,1.5574593544006348,1.435765027999878,191.93892335891724,False
CIFAR10,resnet18,distance_cv_cover,4,distance_cv_cover_4_50b,complete,58,3000,58.939998664855956,162.0,58.03999870300293,187.70833945274353,1.4622790813446045,2.0316522121429443,191.20227074623108,False
CIFAR10,resnet18,distance_cv_cover,4,distance_cv_cover_4_50b,complete,59,3050,59.179998626708986,196.0,57.499998893737796,191.73210978507996,1.4656000137329102,1.4178798198699951,194.61558961868286,False
CIFAR10,resnet18,distance_cv_cover,4,distance_cv_cover_4_50b,complete,60,3100,58.79999855041504,190.0,57.419998741149904,192.02486658096313,1.4888584613800049,2.6928632259368896,196.20658826828003,False
CIFAR10,resnet18,distance_cv_cover,4,distance_cv_cover_4_50b,complete,61,3150,58.2399991607666,164.0,57.22999870300293,194.4881067276001,1.5907633304595947,2.4091732501983643,198.48804330825806,False
CIFAR10,resnet18,distance_cv_cover,4,distance_cv_cover_4_50b,complete,62,3200,59.3999987411499,170.0,57.89999904632568,197.21890258789062,1.5101122856140137,1.4318385124206543,200.1608533859253,False
CIFAR10,resnet18,distance_cv_cover,4,distance_cv_cover_4_50b,complete,63,3250,58.27999889373779,186.0,56.72999897003174,199.77068495750427,1.5134906768798828,2.144092559814453,203.4282681941986,False
CIFAR10,resnet18,distance_cv_cover,4,distance_cv_cover_4_50b,complete,64,3300,59.21999885559082,176.0,57.57999858856201,197.78935408592224,1.4736058712005615,1.4232983589172363,200.68625831604004,False
CIFAR10,resnet18,distance_cv_cover,4,distance_cv_cover_4_50b,complete,65,3350,60.27999927520752,166.0,58.92999866485596,204.21409726142883,1.4777147769927979,1.3977482318878174,207.08956027030945,False
CIFAR10,resnet18,distance_cv_cover,4,distance_cv_cover_4_50b,complete,66,3400,58.799998664855956,168.0,57.89999839782715,204.0712766647339,1.4828190803527832,1.4095487594604492,206.96364450454712,False
CIFAR10,resnet18,distance_cv_cover,4,distance_cv_cover_4_50b,complete,67,3450,60.83999862670898,184.0,58.58999879837036,205.81795239448547,1.491020679473877,2.7355074882507324,210.04448056221008,False
CIFAR10,resnet18,distance_cv_cover,4,distance_cv_cover_4_50b,complete,68,3500,58.55999809265137,182.0,57.55999858856201,206.63048338890076,1.5774168968200684,1.3050458431243896,209.51294612884521,False
CIFAR10,resnet18,distance_cv_cover,4,distance_cv_cover_4_50b,complete,69,3550,59.53999847412109,176.0,59.269998455047606,213.30939531326294,1.5051953792572021,1.2916996479034424,216.10629034042358,False
CIFAR10,resnet18,distance_cv_cover,4,distance_cv_cover_4_50b,complete,70,3600,60.77999889373779,194.0,60.159998741149906,212.85953617095947,1.4948053359985352,1.2606139183044434,215.61495542526245,False
CIFAR10,resnet18,distance_cv_cover,4,distance_cv_cover_4_50b,complete,71,3650,59.63999866485596,194.0,59.029998779296875,220.63215613365173,1.861748218536377,2.754159688949585,225.2480640411377,False
CIFAR10,resnet18,distance_cv_cover,4,distance_cv_cover_4_50b,complete,72,3700,60.839998435974124,188.0,59.30999824523926,215.59618020057678,1.4781060218811035,1.3851397037506104,218.4594259262085,False
CIFAR10,resnet18,distance_cv_cover,4,distance_cv_cover_4_50b,complete,73,3750,60.57999839782715,184.0,59.61999856948852,221.28877902030945,1.5482664108276367,2.1356406211853027,224.9726860523224,False
CIFAR10,resnet18,distance_cv_cover,4,distance_cv_cover_4_50b,complete,74,3800,61.45999858856201,152.0,59.83999835968017,219.5724184513092,1.5061848163604736,1.3909153938293457,222.46951866149902,False
CIFAR10,resnet18,distance_cv_cover,4,distance_cv_cover_4_50b,complete,75,3850,61.11999877929688,182.0,60.99999837875366,223.9076874256134,1.4722979068756104,1.3292820453643799,226.7092673778534,False
CIFAR10,resnet18,distance_cv_cover,4,distance_cv_cover_4_50b,complete,76,3900,60.879998474121095,168.0,59.87999876022339,223.95931220054626,1.5589630603790283,1.3991522789001465,226.91742753982544,False
CIFAR10,resnet18,distance_cv_cover,4,distance_cv_cover_4_50b,complete,77,3950,60.95999870300293,182.0,60.799998359680174,227.12581849098206,1.4691534042358398,1.4063093662261963,230.0012812614441,False
CIFAR10,resnet18,distance_cv_cover,4,distance_cv_cover_4_50b,complete,78,4000,59.7999987411499,196.0,58.61999858856201,226.77340364456177,1.468109130859375,1.2705271244049072,229.51203989982605,False
CIFAR10,resnet18,distance_cv_cover,4,distance_cv_cover_4_50b,complete,79,4050,62.739998245239256,180.0,61.0199986076355,231.3190770149231,1.4755985736846924,2.2887911796569824,235.08346676826477,False
CIFAR10,resnet18,distance_cv_cover,4,distance_cv_cover_4_50b,complete,80,4100,61.619997863769534,142.0,60.86999872207642,231.2174952030182,1.562375545501709,1.9253320693969727,234.70520281791687,False
CIFAR10,resnet18,distance_cv_cover,4,distance_cv_cover_4_50b,complete,81,4150,62.33999835968017,170.0,61.19999881744385,235.63769626617432,1.5909514427185059,1.3129141330718994,238.54156184196472,False
CIFAR10,resnet18,distance_cv_cover,4,distance_cv_cover_4_50b,complete,82,4200,62.539998626708986,178.0,60.949998970031736,237.73947739601135,1.4920341968536377,2.1097004413604736,241.34121203422546,False
CIFAR10,resnet18,distance_cv_cover,4,distance_cv_cover_4_50b,complete,83,4250,64.0599983215332,188.0,62.79999826431274,242.28891515731812,1.4663238525390625,1.3266410827636719,245.08188009262085,False
CIFAR10,resnet18,distance_cv_cover,4,distance_cv_cover_4_50b,complete,84,4300,62.879998207092285,186.0,63.02999839782715,240.75985288619995,1.4704663753509521,2.094783067703247,244.32510232925415,False
CIFAR10,resnet18,distance_cv_cover,4,distance_cv_cover_4_50b,complete,85,4350,62.49999847412109,178.0,61.59999864578247,243.68600964546204,1.5309653282165527,2.2447924613952637,247.46176743507385,False
CIFAR10,resnet18,distance_cv_cover,4,distance_cv_cover_4_50b,complete,86,4400,63.57999839782715,192.0,62.249998531341554,245.83890533447266,1.4611947536468506,2.078881025314331,249.37898111343384,False
CIFAR10,resnet18,distance_cv_cover,4,distance_cv_cover_4_50b,complete,87,4450,63.9399987411499,188.0,62.79999837875366,248.82297253608704,1.4622313976287842,2.1744906902313232,252.45969462394714,False
CIFAR10,resnet18,distance_cv_cover,4,distance_cv_cover_4_50b,complete,88,4500,63.09999832153321,188.0,62.079998569488524,250.23317956924438,1.8675010204315186,2.4324088096618652,254.53308939933777,False
CIFAR10,resnet18,distance_cv_cover,4,distance_cv_cover_4_50b,complete,89,4550,63.219998054504394,176.0,62.28999849319458,252.6555938720703,1.492419958114624,1.3062293529510498,255.454243183136,False
CIFAR10,resnet18,distance_cv_cover,4,distance_cv_cover_4_50b,complete,90,4600,64.63999866485597,178.0,63.2799981880188,253.77062463760376,1.5029585361480713,2.4613192081451416,257.734902381897,False
CIFAR10,resnet18,distance_cv_cover,4,distance_cv_cover_4_50b,complete,91,4650,64.5399983215332,186.0,62.75999826431274,256.42791533470154,1.4902095794677734,1.2905328273773193,259.20865774154663,False
CIFAR10,resnet18,distance_cv_cover,4,distance_cv_cover_4_50b,complete,92,4700,65.03999847412109,180.0,62.88999849319458,257.1179504394531,1.496737003326416,2.129854440689087,260.7445418834686,False
CIFAR10,resnet18,distance_cv_cover,4,distance_cv_cover_4_50b,complete,93,4750,64.8399977874756,180.0,64.06999824523925,262.2312216758728,1.4824955463409424,1.3135244846343994,265.02724170684814,False
CIFAR10,resnet18,distance_cv_cover,4,distance_cv_cover_4_50b,complete,94,4800,64.39999881744384,172.0,63.57999803543091,262.36498641967773,1.5337047576904297,2.3298161029815674,266.22850728034973,False
CIFAR10,resnet18,distance_cv_cover,4,distance_cv_cover_4_50b,complete,95,4850,67.59999839782715,194.0,66.1799981880188,266.7148435115814,1.4690008163452148,1.2956085205078125,269.47945284843445,False
CIFAR10,resnet18,distance_cv_cover,4,distance_cv_cover_4_50b,complete,96,4900,65.89999797821045,172.0,64.5099980545044,264.28193950653076,1.4721853733062744,2.59242844581604,268.3465533256531,False
CIFAR10,resnet18,distance_cv_cover,4,distance_cv_cover_4_50b,complete,97,4950,66.63999797821046,184.0,65.76999853134154,269.54983377456665,1.4794371128082275,2.7609031200408936,273.79017400741577,False
CIFAR10,resnet18,distance_cv_cover,4,distance_cv_cover_4_50b,complete,98,5000,65.61999782562256,178.0,64.37999818801879,268.5140872001648,1.5124506950378418,2.171117067337036,272.1976549625397,False
CIFAR10,resnet18,distance_cv_cover,4,distance_cv_cover_4_50b,complete,99,5050,67.1799983215332,180.0,65.5799981880188,275.0194687843323,1.6627328395843506,1.2945258617401123,277.97672748565674,False
CIFAR10,resnet18,distance_cv_cover,4,distance_cv_cover_4_50b,complete,100,5050,66.55999851226807,174.0,64.88999849319458,274.7346000671387,1.5006706714630127,0.0,276.2352707386017,False
CIFAR10,resnet18,distance_cv_cover,5,distance_cv_cover_5_50b,complete,-1,50,,,,,,1.7754530906677246,1.7754530906677246,True
CIFAR10,resnet18,distance_cv_cover,5,distance_cv_cover_5_50b,complete,0,100,27.959999008178713,162.0,28.749999427795416,74.99165487289429,1.4270360469818115,2.1236941814422607,78.54238510131836,False
CIFAR10,resnet18,distance_cv_cover,5,distance_cv_cover_5_50b,complete,1,150,29.639999160766607,156.0,30.179999465942387,75.1605749130249,1.6362597942352295,1.2179090976715088,78.01474380493164,False
CIFAR10,resnet18,distance_cv_cover,5,distance_cv_cover_5_50b,complete,2,200,32.03999938964844,186.0,32.499999275207514,75.34382104873657,1.4489710330963135,1.3574442863464355,78.15023636817932,False
CIFAR10,resnet18,distance_cv_cover,5,distance_cv_cover_5_50b,complete,3,250,34.459999084472656,158.0,35.069999389648444,78.69486713409424,1.4750761985778809,2.5873520374298096,82.75729537010193,False
CIFAR10,resnet18,distance_cv_cover,5,distance_cv_cover_5_50b,complete,4,300,36.79999885559082,110.0,37.22999881744385,79.5265109539032,1.4437777996063232,2.192366361618042,83.16265511512756,False
CIFAR10,resnet18,distance_cv_cover,5,distance_cv_cover_5_50b,complete,5,350,38.01999862670898,194.0,38.04999889373779,83.56665134429932,1.5956635475158691,2.015716314315796,87.17803120613098,False
CIFAR10,resnet18,distance_cv_cover,5,distance_cv_cover_5_50b,complete,6,400,39.2999984741211,168.0,39.139999084472656,82.97744393348694,1.4862439632415771,2.183851718902588,86.6475396156311,False
CIFAR10,resnet18,distance_cv_cover,5,distance_cv_cover_5_50b,complete,7,450,40.839998168945314,198.0,40.16999893188476,87.44304633140564,1.4602851867675781,2.261322021484375,91.16465353965759,False
CIFAR10,resnet18,distance_cv_cover,5,distance_cv_cover_5_50b,complete,8,500,42.47999923706055,150.0,41.63999855041504,87.3960280418396,1.4595773220062256,2.0857534408569336,90.94135880470276,False
CIFAR10,resnet18,distance_cv_cover,5,distance_cv_cover_5_50b,complete,9,550,43.35999870300293,198.0,43.27999866485596,91.6032383441925,1.488957405090332,1.9678080081939697,95.0600037574768,False
CIFAR10,resnet18,distance_cv_cover,5,distance_cv_cover_5_50b,complete,10,600,45.67999923706055,176.0,45.199999237060545,91.74457216262817,1.4512324333190918,2.170116901397705,95.36592149734497,False
CIFAR10,resnet18,distance_cv_cover,5,distance_cv_cover_5_50b,complete,11,650,45.959999313354494,178.0,46.099999237060544,95.7393913269043,1.4561488628387451,2.149223566055298,99.34476375579834,False
CIFAR10,resnet18,distance_cv_cover,5,distance_cv_cover_5_50b,complete,12,700,48.3599991607666,178.0,47.5399991607666,95.09812998771667,1.4260473251342773,2.136739492416382,98.66091680526733,False
CIFAR10,resnet18,distance_cv_cover,5,distance_cv_cover_5_50b,complete,13,750,49.23999870300293,184.0,48.84999938964844,99.19922423362732,1.4678642749786377,1.9655992984771729,102.63268780708313,False
CIFAR10,resnet18,distance_cv_cover,5,distance_cv_cover_5_50b,complete,14,800,49.0599991607666,188.0,48.47999908447266,99.91345691680908,1.4344968795776367,2.1622071266174316,103.51016092300415,False
CIFAR10,resnet18,distance_cv_cover,5,distance_cv_cover_5_50b,complete,15,850,51.89999885559082,192.0,50.959999046325684,103.09444332122803,1.52949857711792,2.383061647415161,107.00700354576111,False
CIFAR10,resnet18,distance_cv_cover,5,distance_cv_cover_5_50b,complete,16,900,52.07999954223633,164.0,50.62999927520752,103.46284413337708,1.4852852821350098,1.3687875270843506,106.31691694259644,False
CIFAR10,resnet18,distance_cv_cover,5,distance_cv_cover_5_50b,complete,17,950,53.1799991607666,156.0,52.369999198913575,107.15514659881592,1.5366435050964355,2.0796163082122803,110.77140641212463,False
CIFAR10,resnet18,distance_cv_cover,5,distance_cv_cover_5_50b,complete,18,1000,51.99999893188477,168.0,51.57999893188477,107.99491429328918,1.505204677581787,1.4037036895751953,110.90382266044617,False
CIFAR10,resnet18,distance_cv_cover,5,distance_cv_cover_5_50b,complete,19,1050,54.51999908447266,198.0,52.929998817443845,111.72324776649475,1.4580128192901611,1.383291244506836,114.56455183029175,False
CIFAR10,resnet18,distance_cv_cover,5,distance_cv_cover_5_50b,complete,20,1100,54.099999313354495,178.0,52.48999893188476,110.55126905441284,1.4739866256713867,2.0694093704223633,114.09466505050659,False
CIFAR10,resnet18,distance_cv_cover,5,distance_cv_cover_5_50b,complete,21,1150,54.0999995803833,182.0,53.5299991607666,115.96626377105713,1.5044498443603516,2.125748634338379,119.59646224975586,False
CIFAR10,resnet18,distance_cv_cover,5,distance_cv_cover_5_50b,complete,22,1200,56.35999870300293,188.0,55.13999870300293,115.57320165634155,1.5744359493255615,1.858344554901123,119.00598216056824,False
CIFAR10,resnet18,distance_cv_cover,5,distance_cv_cover_5_50b,complete,23,1250,55.33999862670898,198.0,53.939998931884766,119.73177361488342,1.4754104614257812,2.1946890354156494,123.40187311172485,False
CIFAR10,resnet18,distance_cv_cover,5,distance_cv_cover_5_50b,complete,24,1300,56.85999870300293,166.0,55.92999866485596,119.03197479248047,1.4423623085021973,2.1798033714294434,122.65414047241211,False
CIFAR10,resnet18,distance_cv_cover,5,distance_cv_cover_5_50b,complete,25,1350,56.85999877929687,182.0,55.42999893188477,123.34629368782043,1.5346038341522217,2.3994035720825195,127.28030109405518,False
CIFAR10,resnet18,distance_cv_cover,5,distance_cv_cover_5_50b,complete,26,1400,56.279998779296875,156.0,54.58999904632569,122.4913535118103,1.5115232467651367,1.9889447689056396,125.99182152748108,False
CIFAR10,resnet18,distance_cv_cover,5,distance_cv_cover_5_50b,complete,27,1450,56.959998779296875,166.0,55.42999893188477,127.1495110988617,1.49418306350708,2.268054485321045,130.91174864768982,False
CIFAR10,resnet18,distance_cv_cover,5,distance_cv_cover_5_50b,complete,28,1500,56.659998741149906,178.0,55.34999893188476,125.80250787734985,1.4786651134490967,2.020475149154663,129.3016481399536,False
CIFAR10,resnet18,distance_cv_cover,5,distance_cv_cover_5_50b,complete,29,1550,55.919998741149904,180.0,54.599999237060544,131.9128875732422,1.910170078277588,2.5746493339538574,136.39770698547363,False
CIFAR10,resnet18,distance_cv_cover,5,distance_cv_cover_5_50b,complete,30,1600,55.65999900817871,198.0,54.31999919891357,130.56678462028503,1.4089913368225098,1.9596712589263916,133.93544721603394,False
CIFAR10,resnet18,distance_cv_cover,5,distance_cv_cover_5_50b,complete,31,1650,56.85999877929687,200.0,56.799998874664304,134.0380380153656,1.467027187347412,2.102388858795166,137.60745406150818,False
CIFAR10,resnet18,distance_cv_cover,5,distance_cv_cover_5_50b,complete,32,1700,57.61999923706055,174.0,55.71999877929687,135.1073009967804,1.6404948234558105,1.8773796558380127,138.62517547607422,False
CIFAR10,resnet18,distance_cv_cover,5,distance_cv_cover_5_50b,complete,33,1750,56.09999832153321,182.0,55.11999885559082,138.11356115341187,1.5112082958221436,2.1621017456054688,141.78687119483948,False
CIFAR10,resnet18,distance_cv_cover,5,distance_cv_cover_5_50b,complete,34,1800,57.539998855590824,148.0,55.83999927520752,139.7672417163849,1.4553864002227783,1.6155312061309814,142.83815932273865,False
CIFAR10,resnet18,distance_cv_cover,5,distance_cv_cover_5_50b,complete,35,1850,57.999998550415036,186.0,56.969998626708986,143.12015867233276,1.4526054859161377,1.7249903678894043,146.2977545261383,False
CIFAR10,resnet18,distance_cv_cover,5,distance_cv_cover_5_50b,complete,36,1900,58.599999237060544,164.0,56.73999843597412,142.15801239013672,1.500365972518921,1.94040846824646,145.5987868309021,False
CIFAR10,resnet18,distance_cv_cover,5,distance_cv_cover_5_50b,complete,37,1950,56.619998931884766,188.0,55.41999908447266,147.7483513355255,1.509507179260254,2.1386232376098633,151.39648175239563,False
CIFAR10,resnet18,distance_cv_cover,5,distance_cv_cover_5_50b,complete,38,2000,58.47999862670898,194.0,56.819998779296874,146.1091344356537,1.4622762203216553,2.115149736404419,149.68656039237976,False
CIFAR10,resnet18,distance_cv_cover,5,distance_cv_cover_5_50b,complete,39,2050,57.219999160766605,186.0,55.789998588562014,152.08510875701904,1.4914960861206055,2.126242160797119,155.70284700393677,False
CIFAR10,resnet18,distance_cv_cover,5,distance_cv_cover_5_50b,complete,40,2100,56.33999885559082,156.0,54.97999885559082,151.14813590049744,1.4611601829528809,2.155285120010376,154.7645812034607,False
CIFAR10,resnet18,distance_cv_cover,5,distance_cv_cover_5_50b,complete,41,2150,55.519998474121095,174.0,54.579998874664305,154.17476892471313,1.637812852859497,1.8432831764221191,157.65586495399475,False
CIFAR10,resnet18,distance_cv_cover,5,distance_cv_cover_5_50b,complete,42,2200,56.019998931884764,144.0,55.569998779296874,156.07145047187805,1.4315686225891113,1.2790913581848145,158.78211045265198,False
CIFAR10,resnet18,distance_cv_cover,5,distance_cv_cover_5_50b,complete,43,2250,57.059998779296876,184.0,56.12999908447266,158.36150884628296,1.454756498336792,1.9952185153961182,161.81148386001587,False
CIFAR10,resnet18,distance_cv_cover,5,distance_cv_cover_5_50b,complete,44,2300,57.7599983215332,188.0,57.09999864578247,160.37273263931274,1.4821140766143799,2.9221038818359375,164.77695059776306,False
CIFAR10,resnet18,distance_cv_cover,5,distance_cv_cover_5_50b,complete,45,2350,56.719998626708986,168.0,55.50999885559082,163.41814303398132,1.4955048561096191,1.3760271072387695,166.2896749973297,False
CIFAR10,resnet18,distance_cv_cover,5,distance_cv_cover_5_50b,complete,46,2400,57.51999877929688,198.0,56.51999851226807,162.43694639205933,1.488391399383545,2.124119281768799,166.04945707321167,False
CIFAR10,resnet18,distance_cv_cover,5,distance_cv_cover_5_50b,complete,47,2450,57.71999870300293,142.0,56.71999897003174,165.86028814315796,1.4339139461517334,2.2533841133117676,169.54758620262146,False
CIFAR10,resnet18,distance_cv_cover,5,distance_cv_cover_5_50b,complete,48,2500,56.65999870300293,160.0,55.949998474121095,169.00606083869934,1.513014316558838,2.4351415634155273,172.9542167186737,False
CIFAR10,resnet18,distance_cv_cover,5,distance_cv_cover_5_50b,complete,49,2550,56.579999084472654,196.0,56.24999897003174,171.73456931114197,1.662449836730957,2.1212220191955566,175.51824116706848,False
CIFAR10,resnet18,distance_cv_cover,5,distance_cv_cover_5_50b,complete,50,2600,58.679998512268064,186.0,57.5299987411499,170.3061122894287,1.5939998626708984,1.9697537422180176,173.86986589431763,False
CIFAR10,resnet18,distance_cv_cover,5,distance_cv_cover_5_50b,complete,51,2650,58.07999904632568,190.0,57.09999897003174,174.49568486213684,1.4689483642578125,1.9380576610565186,177.90269088745117,False
CIFAR10,resnet18,distance_cv_cover,5,distance_cv_cover_5_50b,complete,52,2700,58.159998397827145,192.0,57.479998664855955,174.20276498794556,1.4448301792144775,1.9660866260528564,177.6136817932129,False
CIFAR10,resnet18,distance_cv_cover,5,distance_cv_cover_5_50b,complete,53,2750,58.45999862670899,186.0,57.15999881744385,178.6251242160797,1.4342074394226074,1.3775339126586914,181.436865568161,False
CIFAR10,resnet18,distance_cv_cover,5,distance_cv_cover_5_50b,complete,54,2800,57.65999881744385,138.0,57.29999900817871,178.31267595291138,1.4495396614074707,1.359971523284912,181.12218713760376,False
CIFAR10,resnet18,distance_cv_cover,5,distance_cv_cover_5_50b,complete,55,2850,58.019998741149905,164.0,57.71999849319458,182.34063172340393,1.5826032161712646,1.2924396991729736,185.21567463874817,False
CIFAR10,resnet18,distance_cv_cover,5,distance_cv_cover_5_50b,complete,56,2900,58.57999881744385,196.0,57.979998664855955,182.9367380142212,1.415466070175171,1.2334957122802734,185.58569979667664,False
CIFAR10,resnet18,distance_cv_cover,5,distance_cv_cover_5_50b,complete,57,2950,59.17999828338623,198.0,58.33999879837036,188.08106517791748,1.8202476501464844,2.539551258087158,192.44086408615112,False
CIFAR10,resnet18,distance_cv_cover,5,distance_cv_cover_5_50b,complete,58,3000,58.31999893188477,160.0,57.339998722076416,186.552396774292,1.4846868515014648,1.3729991912841797,189.41008281707764,False
CIFAR10,resnet18,distance_cv_cover,5,distance_cv_cover_5_50b,complete,59,3050,59.61999881744385,182.0,58.37999870300293,190.82728791236877,1.4893953800201416,1.2386579513549805,193.5553412437439,False
CIFAR10,resnet18,distance_cv_cover,5,distance_cv_cover_5_50b,complete,60,3100,59.85999870300293,188.0,58.879998741149905,189.75918412208557,1.477351427078247,1.3756279945373535,192.61216354370117,False
CIFAR10,resnet18,distance_cv_cover,5,distance_cv_cover_5_50b,complete,61,3150,60.339998741149905,182.0,59.84999839782715,195.23892211914062,1.4913275241851807,1.3903813362121582,198.12063097953796,False
CIFAR10,resnet18,distance_cv_cover,5,distance_cv_cover_5_50b,complete,62,3200,58.439998626708984,200.0,58.03999834060669,192.9251663684845,1.4646854400634766,2.007063627243042,196.39691543579102,False
CIFAR10,resnet18,distance_cv_cover,5,distance_cv_cover_5_50b,complete,63,3250,58.79999855041504,154.0,58.24999868392944,199.09238529205322,1.989473581314087,2.363426446914673,203.44528532028198,False
CIFAR10,resnet18,distance_cv_cover,5,distance_cv_cover_5_50b,complete,64,3300,57.67999885559082,198.0,57.029998836517336,198.93540287017822,1.4414455890655518,1.3732199668884277,201.7500684261322,False
CIFAR10,resnet18,distance_cv_cover,5,distance_cv_cover_5_50b,complete,65,3350,60.759998626708985,200.0,59.319998531341554,199.8347635269165,1.456160545349121,2.383809804916382,203.674733877182,False
CIFAR10,resnet18,distance_cv_cover,5,distance_cv_cover_5_50b,complete,66,3400,60.2999987411499,170.0,61.14999851226807,201.74805760383606,1.4574761390686035,2.2110507488250732,205.41658449172974,False
CIFAR10,resnet18,distance_cv_cover,5,distance_cv_cover_5_50b,complete,67,3450,59.95999862670899,178.0,59.549998664855956,204.0515787601471,1.5162732601165771,2.024229049682617,207.5920810699463,False
CIFAR10,resnet18,distance_cv_cover,5,distance_cv_cover_5_50b,complete,68,3500,59.87999828338623,170.0,59.099998760223386,206.69265484809875,1.4308059215545654,1.2513048648834229,209.37476563453674,False
CIFAR10,resnet18,distance_cv_cover,5,distance_cv_cover_5_50b,complete,69,3550,61.219998092651366,176.0,60.37999849319458,209.6549253463745,1.4842908382415771,2.274419069290161,213.41363525390625,False
CIFAR10,resnet18,distance_cv_cover,5,distance_cv_cover_5_50b,complete,70,3600,60.03999919891358,192.0,59.41999910354614,208.92794227600098,1.4237761497497559,2.1309916973114014,212.48271012306213,False
CIFAR10,resnet18,distance_cv_cover,5,distance_cv_cover_5_50b,complete,71,3650,60.07999816894531,180.0,58.89999906539917,212.69183588027954,1.4703619480133057,2.1405386924743652,216.3027365207672,False
CIFAR10,resnet18,distance_cv_cover,5,distance_cv_cover_5_50b,complete,72,3700,60.379998741149905,188.0,60.35999868392944,212.8822464942932,1.4814045429229736,1.3730287551879883,215.73667979240417,False
CIFAR10,resnet18,distance_cv_cover,5,distance_cv_cover_5_50b,complete,73,3750,61.69999881744385,180.0,60.7399986076355,216.70767307281494,1.438624382019043,2.322197675704956,220.46849513053894,False
CIFAR10,resnet18,distance_cv_cover,5,distance_cv_cover_5_50b,complete,74,3800,61.419998512268066,200.0,60.5999986076355,217.22415351867676,1.4548075199127197,1.9340364933013916,220.61299753189087,False
CIFAR10,resnet18,distance_cv_cover,5,distance_cv_cover_5_50b,complete,75,3850,60.29999820709229,188.0,60.14999866485596,222.60208368301392,1.456838607788086,1.8105852603912354,225.86950755119324,False
CIFAR10,resnet18,distance_cv_cover,5,distance_cv_cover_5_50b,complete,76,3900,61.21999870300293,154.0,60.709998779296875,220.11271119117737,1.6904301643371582,2.6101274490356445,224.41326880455017,False
CIFAR10,resnet18,distance_cv_cover,5,distance_cv_cover_5_50b,complete,77,3950,62.73999839782715,184.0,62.40999855041504,226.37826132774353,1.4827284812927246,2.4796106815338135,230.34060049057007,False
CIFAR10,resnet18,distance_cv_cover,5,distance_cv_cover_5_50b,complete,78,4000,61.71999839782715,146.0,61.059998722076415,226.39338302612305,1.4687821865081787,2.45233154296875,230.31449675559998,False
CIFAR10,resnet18,distance_cv_cover,5,distance_cv_cover_5_50b,complete,79,4050,63.559998664855954,190.0,62.90999853134155,230.6332733631134,1.479860782623291,1.2715513706207275,233.38468551635742,False
CIFAR10,resnet18,distance_cv_cover,5,distance_cv_cover_5_50b,complete,80,4100,61.499998054504395,176.0,61.26999864578247,231.4013614654541,1.4558184146881104,2.1303088665008545,234.98748874664307,False
CIFAR10,resnet18,distance_cv_cover,5,distance_cv_cover_5_50b,complete,81,4150,61.73999885559082,152.0,61.6599986076355,235.66923832893372,1.6213316917419434,2.4447057247161865,239.73527574539185,False
CIFAR10,resnet18,distance_cv_cover,5,distance_cv_cover_5_50b,complete,82,4200,61.69999889373779,194.0,61.34999855041504,233.3327238559723,1.4769585132598877,1.3742303848266602,236.18391275405884,False
CIFAR10,resnet18,distance_cv_cover,5,distance_cv_cover_5_50b,complete,83,4250,62.37999851226807,172.0,61.749998569488525,237.88373851776123,1.4967188835144043,2.072657823562622,241.45311522483826,False
CIFAR10,resnet18,distance_cv_cover,5,distance_cv_cover_5_50b,complete,84,4300,63.31999839782715,154.0,63.48999864578247,237.70295357704163,1.4664583206176758,2.0476016998291016,241.2170135974884,False
CIFAR10,resnet18,distance_cv_cover,5,distance_cv_cover_5_50b,complete,85,4350,63.59999839782715,196.0,63.35999843597412,242.68487787246704,1.4324333667755127,2.1830954551696777,246.30040669441223,False
CIFAR10,resnet18,distance_cv_cover,5,distance_cv_cover_5_50b,complete,86,4400,64.27999832153321,186.0,63.90999837875366,240.49182748794556,1.478252649307251,5.403518438339233,247.37359857559204,False
CIFAR10,resnet18,distance_cv_cover,5,distance_cv_cover_5_50b,complete,87,4450,63.71999801635742,152.0,62.24999847412109,245.01368594169617,1.4300456047058105,1.3877077102661133,247.8314392566681,False
CIFAR10,resnet18,distance_cv_cover,5,distance_cv_cover_5_50b,complete,88,4500,64.01999824523926,190.0,63.6399986076355,246.14394903182983,1.4993717670440674,2.2926204204559326,249.93594121932983,False
CIFAR10,resnet18,distance_cv_cover,5,distance_cv_cover_5_50b,complete,89,4550,63.93999843597412,194.0,62.35999837875366,249.5553777217865,1.4650537967681885,2.169107437133789,253.18953895568848,False
CIFAR10,resnet18,distance_cv_cover,5,distance_cv_cover_5_50b,complete,90,4600,64.83999786376953,180.0,64.50999813079834,250.9754045009613,1.6322615146636963,2.2455248832702637,254.85319089889526,False
CIFAR10,resnet18,distance_cv_cover,5,distance_cv_cover_5_50b,complete,91,4650,65.77999820709229,162.0,65.43999809265136,252.18036031723022,1.4272587299346924,1.2327454090118408,254.84036445617676,False
CIFAR10,resnet18,distance_cv_cover,5,distance_cv_cover_5_50b,complete,92,4700,66.1999983215332,188.0,65.49999822616577,254.22079300880432,1.4607539176940918,2.4343864917755127,258.1159334182739,False
CIFAR10,resnet18,distance_cv_cover,5,distance_cv_cover_5_50b,complete,93,4750,65.61999839782715,180.0,65.41999822616577,259.7899878025055,1.4407689571380615,1.3998632431030273,262.6306200027466,False
CIFAR10,resnet18,distance_cv_cover,5,distance_cv_cover_5_50b,complete,94,4800,67.71999851226806,162.0,67.50999845504761,259.89895248413086,1.4380104541778564,1.4273226261138916,262.7642855644226,False
CIFAR10,resnet18,distance_cv_cover,5,distance_cv_cover_5_50b,complete,95,4850,63.019997940063476,196.0,62.539998302459715,265.4638090133667,1.4877102375030518,1.4769279956817627,268.4284472465515,False
CIFAR10,resnet18,distance_cv_cover,5,distance_cv_cover_5_50b,complete,96,4900,67.13999786376954,164.0,67.03999851226806,265.966609954834,1.5238420963287354,2.8505451679229736,270.3409972190857,False
CIFAR10,resnet18,distance_cv_cover,5,distance_cv_cover_5_50b,complete,97,4950,67.11999835968018,174.0,66.84999816894532,269.2850787639618,1.5154409408569336,3.0235133171081543,273.8240330219269,False
CIFAR10,resnet18,distance_cv_cover,5,distance_cv_cover_5_50b,complete,98,5000,67.43999797821044,166.0,67.4799983215332,268.8367908000946,1.4700815677642822,2.786067008972168,273.09293937683105,False
CIFAR10,resnet18,distance_cv_cover,5,distance_cv_cover_5_50b,complete,99,5050,65.79999877929689,180.0,66.03999837875367,273.44163036346436,1.4773740768432617,2.49711537361145,277.41611981391907,False
CIFAR10,resnet18,distance_cv_cover,5,distance_cv_cover_5_50b,complete,100,5050,66.65999881744385,176.0,66.70999830245972,272.25136852264404,1.5054333209991455,0.0,273.7568018436432,False
