dataset,model,method,seed,exp_name,run_status,episode,labeled_count,best_val_accuracy,best_val_epoch,test_accuracy,train_time_sec,test_time_sec,acquisition_time_sec,round_time_sec,is_initial_sampling
TINYIMAGENET,resnet18,knn_distance_cover,1,knn_distance_cover_1_50b,complete,-1,50,,,,,,4.004964590072632,4.004964590072632,True
TINYIMAGENET,resnet18,knn_distance_cover,1,knn_distance_cover_1_50b,complete,0,100,2.299999999999997,54.0,2.1599999999999966,162.65133810043335,3.052541971206665,2.7468836307525635,168.45076370239258,False
TINYIMAGENET,resnet18,knn_distance_cover,1,knn_distance_cover_1_50b,complete,1,150,2.799999999999997,88.0,2.5799999999999983,165.46693420410156,2.980194330215454,2.726598024368286,171.1737265586853,False
TINYIMAGENET,resnet18,knn_distance_cover,1,knn_distance_cover_1_50b,complete,2,200,2.8599999999999994,152.0,2.430000000000007,166.4773416519165,2.972796678543091,2.695155143737793,172.1452934741974,False
TINYIMAGENET,resnet18,knn_distance_cover,1,knn_distance_cover_1_50b,complete,3,250,3.0600000000000023,172.0,2.760000000000005,174.50822710990906,3.0116424560546875,2.7620725631713867,180.28194212913513,False
TINYIMAGENET,resnet18,knn_distance_cover,1,knn_distance_cover_1_50b,complete,4,300,3.1200000000000045,170.0,2.9000000000000057,174.61758708953857,3.912627935409546,2.8975746631622314,181.42778968811035,False
TINYIMAGENET,resnet18,knn_distance_cover,1,knn_distance_cover_1_50b,complete,5,350,3.4399999999999977,152.0,3.010000000000005,183.93551969528198,3.9703638553619385,2.968118667602539,190.87400221824646,False
TINYIMAGENET,resnet18,knn_distance_cover,1,knn_distance_cover_1_50b,complete,6,400,3.5999999999999943,86.0,3.0,182.62018942832947,3.0181431770324707,2.7847256660461426,188.42305827140808,False
TINYIMAGENET,resnet18,knn_distance_cover,1,knn_distance_cover_1_50b,complete,7,450,3.799999999999997,8.0,3.4099999999999966,191.9882209300995,3.1493332386016846,2.725093364715576,197.86264753341675,False
TINYIMAGENET,resnet18,knn_distance_cover,1,knn_distance_cover_1_50b,complete,8,500,4.040000000000006,52.0,3.230000000000004,192.4277536869049,3.201298236846924,2.933316946029663,198.5623688697815,False
TINYIMAGENET,resnet18,knn_distance_cover,1,knn_distance_cover_1_50b,complete,9,550,4.159999999999997,92.0,3.6599999999999966,201.2738196849823,2.978850841522217,2.775503158569336,207.02817368507385,False
TINYIMAGENET,resnet18,knn_distance_cover,1,knn_distance_cover_1_50b,complete,10,600,4.579999999999998,50.0,3.510000000000005,200.32520818710327,3.0171124935150146,2.79042649269104,206.13274717330933,False
TINYIMAGENET,resnet18,knn_distance_cover,1,knn_distance_cover_1_50b,complete,11,650,4.700000000000003,22.0,3.980000000000004,214.89334440231323,4.31386137008667,2.8198812007904053,222.0270869731903,False
TINYIMAGENET,resnet18,knn_distance_cover,1,knn_distance_cover_1_50b,complete,12,700,4.739999999999995,74.0,4.340000000000003,212.78257656097412,3.1802632808685303,2.8074142932891846,218.77025413513184,False
TINYIMAGENET,resnet18,knn_distance_cover,1,knn_distance_cover_1_50b,complete,13,750,4.939999999999998,190.0,4.280000000000001,216.07793855667114,3.091627597808838,2.815944194793701,221.98551034927368,False
TINYIMAGENET,resnet18,knn_distance_cover,1,knn_distance_cover_1_50b,complete,14,800,5.159999999999997,88.0,4.010000000000005,216.44854617118835,2.986905574798584,2.765545129776001,222.20099687576294,False
TINYIMAGENET,resnet18,knn_distance_cover,1,knn_distance_cover_1_50b,complete,15,850,5.359999999999999,196.0,4.680000000000007,224.16945791244507,2.9922401905059814,6.986149787902832,234.14784789085388,False
TINYIMAGENET,resnet18,knn_distance_cover,1,knn_distance_cover_1_50b,complete,16,900,5.599999999999994,56.0,5.049999999999997,223.61658358573914,3.039067029953003,6.46190071105957,233.1175513267517,False
TINYIMAGENET,resnet18,knn_distance_cover,1,knn_distance_cover_1_50b,complete,17,950,5.579999999999998,50.0,4.730000000000004,230.8010449409485,3.1020538806915283,7.275111198425293,241.1782100200653,False
TINYIMAGENET,resnet18,knn_distance_cover,1,knn_distance_cover_1_50b,complete,18,1000,5.859999999999999,50.0,5.079999999999998,231.94930148124695,2.9341390132904053,6.029134750366211,240.91257524490356,False
TINYIMAGENET,resnet18,knn_distance_cover,1,knn_distance_cover_1_50b,complete,19,1050,5.980000000000004,100.0,5.239999999999995,239.87290501594543,2.9879956245422363,5.344326734542847,248.20522737503052,False
TINYIMAGENET,resnet18,knn_distance_cover,1,knn_distance_cover_1_50b,complete,20,1100,6.159999999999997,42.0,5.430000000000007,238.28499341011047,2.9844608306884766,5.562684535980225,246.83213877677917,False
TINYIMAGENET,resnet18,knn_distance_cover,1,knn_distance_cover_1_50b,complete,21,1150,6.219999999999999,136.0,5.450000000000003,248.25899624824524,3.0144412517547607,2.8280439376831055,254.1014814376831,False
TINYIMAGENET,resnet18,knn_distance_cover,1,knn_distance_cover_1_50b,complete,22,1200,6.6200000000000045,118.0,5.569999999999993,247.2288420200348,3.846989870071411,3.0089612007141113,254.0847930908203,False
TINYIMAGENET,resnet18,knn_distance_cover,1,knn_distance_cover_1_50b,complete,23,1250,6.739999999999995,160.0,5.560000000000002,255.42006540298462,3.5836641788482666,2.826578140258789,261.8303077220917,False
TINYIMAGENET,resnet18,knn_distance_cover,1,knn_distance_cover_1_50b,complete,24,1300,6.799999999999997,98.0,5.859999999999999,255.81628370285034,3.153430461883545,3.001521110534668,261.97123527526855,False
TINYIMAGENET,resnet18,knn_distance_cover,1,knn_distance_cover_1_50b,complete,25,1350,6.920000000000002,56.0,5.980000000000004,262.7287247180939,3.0024542808532715,2.758758306503296,268.48993730545044,False
TINYIMAGENET,resnet18,knn_distance_cover,1,knn_distance_cover_1_50b,complete,26,1400,7.159999999999997,148.0,5.780000000000001,274.0306017398834,3.008795976638794,2.793149948120117,279.83254766464233,False
TINYIMAGENET,resnet18,knn_distance_cover,1,knn_distance_cover_1_50b,complete,27,1450,7.180000000000007,48.0,6.260000000000005,270.2200767993927,3.199462890625,2.8155691623687744,276.2351088523865,False
TINYIMAGENET,resnet18,knn_distance_cover,1,knn_distance_cover_1_50b,complete,28,1500,7.280000000000001,104.0,6.010000000000005,269.3172507286072,2.9568586349487305,2.8159801959991455,275.09008955955505,False
TINYIMAGENET,resnet18,knn_distance_cover,1,knn_distance_cover_1_50b,complete,29,1550,7.299999999999997,154.0,6.170000000000002,278.33053040504456,3.0605316162109375,2.9739365577697754,284.36499857902527,False
TINYIMAGENET,resnet18,knn_distance_cover,1,knn_distance_cover_1_50b,complete,30,1600,7.219999999999999,14.0,6.459999999999994,277.66093397140503,3.0921688079833984,2.802818775177002,283.55592155456543,False
TINYIMAGENET,resnet18,knn_distance_cover,1,knn_distance_cover_1_50b,complete,31,1650,7.3799999999999955,24.0,6.079999999999998,285.63429713249207,2.969731330871582,2.8929834365844727,291.4970118999481,False
TINYIMAGENET,resnet18,knn_distance_cover,1,knn_distance_cover_1_50b,complete,32,1700,7.579999999999998,86.0,6.590000000000003,284.3598072528839,2.9987494945526123,2.8138320446014404,290.17238879203796,False
TINYIMAGENET,resnet18,knn_distance_cover,1,knn_distance_cover_1_50b,complete,33,1750,7.799999999999997,98.0,6.540000000000006,290.48942494392395,3.0151307582855225,2.791388511657715,296.2959442138672,False
TINYIMAGENET,resnet18,knn_distance_cover,1,knn_distance_cover_1_50b,complete,34,1800,7.760000000000005,114.0,7.140000000000001,291.4889886379242,3.0723047256469727,2.790384292602539,297.3516776561737,False
TINYIMAGENET,resnet18,knn_distance_cover,1,knn_distance_cover_1_50b,complete,35,1850,7.819999999999993,72.0,6.989999999999995,299.07882380485535,3.0462303161621094,2.930121660232544,305.05517578125,False
TINYIMAGENET,resnet18,knn_distance_cover,1,knn_distance_cover_1_50b,complete,36,1900,7.959999999999994,80.0,7.090000000000003,298.1626789569855,3.965059995651245,2.9617347717285156,305.08947372436523,False
TINYIMAGENET,resnet18,knn_distance_cover,1,knn_distance_cover_1_50b,complete,37,1950,8.040000000000006,176.0,7.579999999999998,306.0552852153778,2.9502437114715576,2.823711633682251,311.8292405605316,False
TINYIMAGENET,resnet18,knn_distance_cover,1,knn_distance_cover_1_50b,complete,38,2000,8.040000000000006,52.0,7.290000000000006,318.7578217983246,3.084517478942871,2.8209028244018555,324.6632421016693,False
TINYIMAGENET,resnet18,knn_distance_cover,1,knn_distance_cover_1_50b,complete,39,2050,8.36,40.0,7.510000000000005,312.41743564605713,2.954629421234131,6.509588956832886,321.88165402412415,False
TINYIMAGENET,resnet18,knn_distance_cover,1,knn_distance_cover_1_50b,complete,40,2100,8.120000000000005,18.0,7.590000000000003,313.15271162986755,3.042473316192627,5.6589515209198,321.85413646698,False
TINYIMAGENET,resnet18,knn_distance_cover,1,knn_distance_cover_1_50b,complete,41,2150,8.420000000000002,92.0,7.290000000000006,320.92585611343384,3.0026376247406006,6.9700047969818115,330.89849853515625,False
TINYIMAGENET,resnet18,knn_distance_cover,1,knn_distance_cover_1_50b,complete,42,2200,8.480000000000004,98.0,7.8799999999999955,320.38223695755005,3.180478096008301,2.736239194869995,326.29895424842834,False
TINYIMAGENET,resnet18,knn_distance_cover,1,knn_distance_cover_1_50b,complete,43,2250,8.379999999999995,14.0,7.829999999999998,324.9293382167816,3.0043909549713135,7.000285387039185,334.9340145587921,False
TINYIMAGENET,resnet18,knn_distance_cover,1,knn_distance_cover_1_50b,complete,44,2300,8.620000000000005,158.0,7.909999999999997,327.3900761604309,3.0492234230041504,7.540843725204468,337.9801433086395,False
TINYIMAGENET,resnet18,knn_distance_cover,1,knn_distance_cover_1_50b,complete,45,2350,8.659999999999997,46.0,7.900000000000006,336.13381123542786,3.0124220848083496,7.516266345977783,346.662499666214,False
TINYIMAGENET,resnet18,knn_distance_cover,1,knn_distance_cover_1_50b,complete,46,2400,8.879999999999995,142.0,7.909999999999997,334.98353481292725,2.944079875946045,8.176393985748291,346.1040086746216,False
TINYIMAGENET,resnet18,knn_distance_cover,1,knn_distance_cover_1_50b,complete,47,2450,9.0,24.0,7.780000000000001,344.0826485157013,3.0370497703552246,7.443751096725464,354.563449382782,False
TINYIMAGENET,resnet18,knn_distance_cover,1,knn_distance_cover_1_50b,complete,48,2500,8.900000000000006,128.0,8.230000000000004,342.7942991256714,3.054598331451416,7.482164621353149,353.33106207847595,False
TINYIMAGENET,resnet18,knn_distance_cover,1,knn_distance_cover_1_50b,complete,49,2550,9.14,50.0,8.409999999999997,358.09926176071167,3.1617376804351807,6.4070680141448975,367.66806745529175,False
TINYIMAGENET,resnet18,knn_distance_cover,1,knn_distance_cover_1_50b,complete,50,2600,9.420000000000002,158.0,8.510000000000005,348.44204807281494,4.009053707122803,6.2987589836120605,358.7498607635498,False
TINYIMAGENET,resnet18,knn_distance_cover,1,knn_distance_cover_1_50b,complete,51,2650,9.400000000000006,152.0,8.790000000000006,356.9381146430969,3.059422016143799,6.3187854290008545,366.3163220882416,False
TINYIMAGENET,resnet18,knn_distance_cover,1,knn_distance_cover_1_50b,complete,52,2700,9.560000000000002,142.0,8.540000000000006,356.8821358680725,3.049516201019287,5.869868516921997,365.8015205860138,False
TINYIMAGENET,resnet18,knn_distance_cover,1,knn_distance_cover_1_50b,complete,53,2750,9.519999999999996,80.0,8.430000000000007,365.70423579216003,2.9749069213867188,6.186410188674927,374.8655529022217,False
TINYIMAGENET,resnet18,knn_distance_cover,1,knn_distance_cover_1_50b,complete,54,2800,9.680000000000007,198.0,8.769999999999996,365.3570463657379,3.7464730739593506,5.91054368019104,375.0140631198883,False
TINYIMAGENET,resnet18,knn_distance_cover,1,knn_distance_cover_1_50b,complete,55,2850,9.700000000000003,2.0,9.090000000000003,371.1323335170746,3.9139404296875,6.586514949798584,381.63278889656067,False
TINYIMAGENET,resnet18,knn_distance_cover,1,knn_distance_cover_1_50b,complete,56,2900,9.739999999999995,16.0,8.840000000000003,371.16064643859863,3.8364055156707764,7.053178310394287,382.0502302646637,False
TINYIMAGENET,resnet18,knn_distance_cover,1,knn_distance_cover_1_50b,complete,57,2950,9.819999999999993,48.0,9.14,377.661390542984,2.9677553176879883,2.642867088317871,383.27201294898987,False
TINYIMAGENET,resnet18,knn_distance_cover,1,knn_distance_cover_1_50b,complete,58,3000,9.920000000000002,38.0,8.810000000000002,386.37987542152405,3.3039307594299316,6.791758298873901,396.4755644798279,False
TINYIMAGENET,resnet18,knn_distance_cover,1,knn_distance_cover_1_50b,complete,59,3050,9.900000000000006,192.0,8.909999999999997,385.3832631111145,3.0450541973114014,6.104222059249878,394.5325393676758,False
TINYIMAGENET,resnet18,knn_distance_cover,1,knn_distance_cover_1_50b,complete,60,3100,9.939999999999998,68.0,8.939999999999998,384.97579073905945,3.035733699798584,18.93892812728882,406.95045256614685,False
TINYIMAGENET,resnet18,knn_distance_cover,1,knn_distance_cover_1_50b,complete,61,3150,10.120000000000005,138.0,9.409999999999997,390.7617623806,2.9521420001983643,5.420938014984131,399.13484239578247,False
TINYIMAGENET,resnet18,knn_distance_cover,1,knn_distance_cover_1_50b,complete,62,3200,10.079999999999998,110.0,9.469999999999999,391.59555196762085,2.996044635772705,5.247168779373169,399.8387653827667,False
TINYIMAGENET,resnet18,knn_distance_cover,1,knn_distance_cover_1_50b,complete,63,3250,10.299999999999997,166.0,9.459999999999994,400.0515730381012,2.9430103302001953,7.899341583251953,410.89392495155334,False
TINYIMAGENET,resnet18,knn_distance_cover,1,knn_distance_cover_1_50b,complete,64,3300,10.439999999999998,200.0,10.040000000000006,398.37588930130005,2.971346616744995,7.0778162479400635,408.4250521659851,False
TINYIMAGENET,resnet18,knn_distance_cover,1,knn_distance_cover_1_50b,complete,65,3350,10.519999999999996,84.0,9.64,405.63781809806824,3.143604278564453,6.722614526748657,415.50403690338135,False
TINYIMAGENET,resnet18,knn_distance_cover,1,knn_distance_cover_1_50b,complete,66,3400,10.519999999999996,126.0,9.349999999999994,406.63842129707336,2.978548288345337,6.255813837051392,415.8727834224701,False
TINYIMAGENET,resnet18,knn_distance_cover,1,knn_distance_cover_1_50b,complete,67,3450,10.879999999999995,110.0,9.450000000000003,421.67819809913635,3.0645461082458496,6.2933244705200195,431.0360686779022,False
TINYIMAGENET,resnet18,knn_distance_cover,1,knn_distance_cover_1_50b,complete,68,3500,10.719999999999999,100.0,9.909999999999997,412.2307188510895,3.026717185974121,7.421433448791504,422.6788694858551,False
TINYIMAGENET,resnet18,knn_distance_cover,1,knn_distance_cover_1_50b,complete,69,3550,10.64,54.0,10.090000000000003,419.278760433197,3.82061767578125,3.6567599773406982,426.75613808631897,False
TINYIMAGENET,resnet18,knn_distance_cover,1,knn_distance_cover_1_50b,complete,70,3600,10.799999999999997,62.0,10.310000000000002,419.84212851524353,2.899174690246582,2.701265573501587,425.4425687789917,False
TINYIMAGENET,resnet18,knn_distance_cover,1,knn_distance_cover_1_50b,complete,71,3650,11.0,98.0,10.230000000000004,425.0111587047577,2.9725239276885986,4.710826396942139,432.6945090293884,False
TINYIMAGENET,resnet18,knn_distance_cover,1,knn_distance_cover_1_50b,complete,72,3700,11.200000000000003,76.0,9.930000000000007,426.42714524269104,2.9670536518096924,3.758275270462036,433.15247416496277,False
TINYIMAGENET,resnet18,knn_distance_cover,1,knn_distance_cover_1_50b,complete,73,3750,11.14,44.0,9.840000000000003,431.26630187034607,2.9881155490875244,3.716001510620117,437.9704189300537,False
TINYIMAGENET,resnet18,knn_distance_cover,1,knn_distance_cover_1_50b,complete,74,3800,11.099999999999994,12.0,10.459999999999994,432.7911944389343,3.0017027854919434,6.252568006515503,442.0454652309418,False
TINYIMAGENET,resnet18,knn_distance_cover,1,knn_distance_cover_1_50b,complete,75,3850,11.340000000000003,100.0,10.730000000000004,448.92633628845215,2.9480786323547363,6.251607894897461,458.12602281570435,False
TINYIMAGENET,resnet18,knn_distance_cover,1,knn_distance_cover_1_50b,complete,76,3900,11.420000000000002,68.0,10.560000000000002,440.53091073036194,2.9271161556243896,5.64640998840332,449.10443687438965,False
TINYIMAGENET,resnet18,knn_distance_cover,1,knn_distance_cover_1_50b,complete,77,3950,11.36,120.0,10.349999999999994,446.4814717769623,3.0515711307525635,2.6750025749206543,452.2080454826355,False
TINYIMAGENET,resnet18,knn_distance_cover,1,knn_distance_cover_1_50b,complete,78,4000,11.439999999999998,178.0,9.769999999999996,444.5514147281647,3.096214532852173,2.7369117736816406,450.3845410346985,False
TINYIMAGENET,resnet18,knn_distance_cover,1,knn_distance_cover_1_50b,complete,79,4050,11.459999999999994,192.0,10.620000000000005,447.8438045978546,3.056765556335449,2.6961357593536377,453.5967059135437,False
TINYIMAGENET,resnet18,knn_distance_cover,1,knn_distance_cover_1_50b,complete,80,4100,11.599999999999994,94.0,10.799999999999997,447.5721175670624,2.9879648685455322,2.6650662422180176,453.2251486778259,False
TINYIMAGENET,resnet18,knn_distance_cover,1,knn_distance_cover_1_50b,complete,81,4150,11.920000000000002,44.0,10.819999999999993,451.609135389328,3.075684070587158,7.611912965774536,462.2967324256897,False
TINYIMAGENET,resnet18,knn_distance_cover,1,knn_distance_cover_1_50b,complete,82,4200,11.920000000000002,196.0,10.579999999999998,459.31958627700806,2.948435068130493,7.808974504470825,470.0769958496094,False
TINYIMAGENET,resnet18,knn_distance_cover,1,knn_distance_cover_1_50b,complete,83,4250,11.86,150.0,10.709999999999994,478.73284220695496,3.3033456802368164,7.732824325561523,489.7690122127533,False
TINYIMAGENET,resnet18,knn_distance_cover,1,knn_distance_cover_1_50b,complete,84,4300,12.159999999999997,108.0,11.340000000000003,465.5297029018402,3.7899839878082275,7.835361957550049,477.1550488471985,False
TINYIMAGENET,resnet18,knn_distance_cover,1,knn_distance_cover_1_50b,complete,85,4350,12.099999999999994,106.0,11.049999999999997,474.3054521083832,3.003154754638672,7.8799169063568115,485.18852376937866,False
TINYIMAGENET,resnet18,knn_distance_cover,1,knn_distance_cover_1_50b,complete,86,4400,12.019999999999996,32.0,11.030000000000001,475.34402775764465,3.0298376083374023,2.6342642307281494,481.0081295967102,False
TINYIMAGENET,resnet18,knn_distance_cover,1,knn_distance_cover_1_50b,complete,87,4450,12.519999999999996,62.0,11.370000000000005,477.82760882377625,2.9886837005615234,2.80932354927063,483.6256160736084,False
TINYIMAGENET,resnet18,knn_distance_cover,1,knn_distance_cover_1_50b,complete,88,4500,12.159999999999997,82.0,10.659999999999997,475.95764088630676,3.0017354488372803,2.7197184562683105,481.67909479141235,False
TINYIMAGENET,resnet18,knn_distance_cover,1,knn_distance_cover_1_50b,complete,89,4550,12.340000000000003,36.0,11.489999999999995,483.51696944236755,2.9575884342193604,7.036445379257202,493.5110032558441,False
TINYIMAGENET,resnet18,knn_distance_cover,1,knn_distance_cover_1_50b,complete,90,4600,12.319999999999993,52.0,11.700000000000003,499.84013628959656,3.9580211639404297,7.649564504623413,511.4477219581604,False
TINYIMAGENET,resnet18,knn_distance_cover,1,knn_distance_cover_1_50b,complete,91,4650,12.280000000000001,90.0,11.260000000000005,497.0072853565216,2.925166130065918,6.413024663925171,506.3454761505127,False
TINYIMAGENET,resnet18,knn_distance_cover,1,knn_distance_cover_1_50b,complete,92,4700,12.180000000000007,112.0,11.75,495.37843918800354,2.9504942893981934,7.175593614578247,505.50452709198,False
TINYIMAGENET,resnet18,knn_distance_cover,1,knn_distance_cover_1_50b,complete,93,4750,12.299999999999997,128.0,11.950000000000003,504.9172713756561,2.959963321685791,8.083493709564209,515.9607284069061,False
TINYIMAGENET,resnet18,knn_distance_cover,1,knn_distance_cover_1_50b,complete,94,4800,12.540000000000006,106.0,11.260000000000005,504.6454563140869,3.0205132961273193,5.702498912811279,513.3684685230255,False
TINYIMAGENET,resnet18,knn_distance_cover,1,knn_distance_cover_1_50b,complete,95,4850,12.64,170.0,11.840000000000003,508.7769377231598,2.970755100250244,2.6787467002868652,514.4264395236969,False
TINYIMAGENET,resnet18,knn_distance_cover,1,knn_distance_cover_1_50b,complete,96,4900,13.120000000000005,32.0,11.36,506.6661729812622,2.973188638687134,6.533260107040405,516.1726217269897,False
TINYIMAGENET,resnet18,knn_distance_cover,1,knn_distance_cover_1_50b,complete,97,4950,12.64,4.0,11.36,527.1266248226166,3.794421434402466,6.77170205116272,537.6927483081818,False
TINYIMAGENET,resnet18,knn_distance_cover,1,knn_distance_cover_1_50b,complete,98,5000,12.959999999999994,74.0,11.650000000000006,519.8182332515717,3.0570340156555176,7.905937433242798,530.78120470047,False
TINYIMAGENET,resnet18,knn_distance_cover,1,knn_distance_cover_1_50b,complete,99,5050,12.780000000000001,184.0,11.909999999999997,525.0302884578705,3.093604326248169,6.733801603317261,534.8576943874359,False
TINYIMAGENET,resnet18,knn_distance_cover,1,knn_distance_cover_1_50b,complete,100,5050,12.879999999999995,84.0,11.39,524.2274932861328,2.942253828048706,0.0,527.1697471141815,False
TINYIMAGENET,resnet18,knn_distance_cover,2,knn_distance_cover_2_50b,complete,-1,50,,,,,,2.7951221466064453,2.7951221466064453,True
TINYIMAGENET,resnet18,knn_distance_cover,2,knn_distance_cover_2_50b,complete,0,100,2.700000000000003,60.0,1.8400000000000034,163.91378593444824,3.0473074913024902,2.7866263389587402,169.74771976470947,False
TINYIMAGENET,resnet18,knn_distance_cover,2,knn_distance_cover_2_50b,complete,1,150,3.200000000000003,112.0,2.25,166.69888877868652,2.918245792388916,2.692222833633423,172.30935740470886,False
TINYIMAGENET,resnet18,knn_distance_cover,2,knn_distance_cover_2_50b,complete,2,200,3.4000000000000057,140.0,2.5,164.9574248790741,2.8995792865753174,6.303995370864868,174.16099953651428,False
TINYIMAGENET,resnet18,knn_distance_cover,2,knn_distance_cover_2_50b,complete,3,250,3.3799999999999955,120.0,2.5799999999999983,174.73871541023254,2.993943214416504,6.442094087600708,184.17475271224976,False
TINYIMAGENET,resnet18,knn_distance_cover,2,knn_distance_cover_2_50b,complete,4,300,3.6200000000000045,38.0,2.5,174.44618463516235,2.9982781410217285,6.815784215927124,184.2602469921112,False
TINYIMAGENET,resnet18,knn_distance_cover,2,knn_distance_cover_2_50b,complete,5,350,4.0,160.0,2.9200000000000017,182.97085785865784,3.107243299484253,6.02161169052124,192.09971284866333,False
TINYIMAGENET,resnet18,knn_distance_cover,2,knn_distance_cover_2_50b,complete,6,400,4.040000000000006,54.0,3.6400000000000006,183.27863001823425,3.0719478130340576,2.808598518371582,189.1591763496399,False
TINYIMAGENET,resnet18,knn_distance_cover,2,knn_distance_cover_2_50b,complete,7,450,4.099999999999994,76.0,3.1599999999999966,193.53160572052002,3.1817445755004883,6.52652382850647,203.23987412452698,False
TINYIMAGENET,resnet18,knn_distance_cover,2,knn_distance_cover_2_50b,complete,8,500,4.319999999999993,90.0,3.9599999999999937,191.5496048927307,3.132683753967285,2.8758718967437744,197.55816054344177,False
TINYIMAGENET,resnet18,knn_distance_cover,2,knn_distance_cover_2_50b,complete,9,550,4.640000000000001,98.0,3.780000000000001,204.3106656074524,3.6618547439575195,3.006066083908081,210.978586435318,False
TINYIMAGENET,resnet18,knn_distance_cover,2,knn_distance_cover_2_50b,complete,10,600,4.939999999999998,196.0,4.310000000000002,203.89669060707092,2.9263694286346436,2.777573823928833,209.6006338596344,False
TINYIMAGENET,resnet18,knn_distance_cover,2,knn_distance_cover_2_50b,complete,11,650,5.019999999999996,180.0,3.9599999999999937,208.91998386383057,2.915254592895508,2.771430492401123,214.6066689491272,False
TINYIMAGENET,resnet18,knn_distance_cover,2,knn_distance_cover_2_50b,complete,12,700,5.219999999999999,194.0,4.319999999999993,207.8967478275299,2.9809012413024902,2.789865255355835,213.66751432418823,False
TINYIMAGENET,resnet18,knn_distance_cover,2,knn_distance_cover_2_50b,complete,13,750,5.079999999999998,84.0,4.219999999999999,216.18602848052979,3.0809640884399414,2.7921903133392334,222.05918288230896,False
TINYIMAGENET,resnet18,knn_distance_cover,2,knn_distance_cover_2_50b,complete,14,800,5.239999999999995,156.0,4.829999999999998,215.61992859840393,2.940406084060669,2.8889248371124268,221.44925951957703,False
TINYIMAGENET,resnet18,knn_distance_cover,2,knn_distance_cover_2_50b,complete,15,850,5.420000000000002,8.0,4.939999999999998,221.99922037124634,2.9556403160095215,2.7988431453704834,227.75370383262634,False
TINYIMAGENET,resnet18,knn_distance_cover,2,knn_distance_cover_2_50b,complete,16,900,5.6200000000000045,118.0,4.760000000000005,221.92060446739197,2.970883846282959,6.668468952178955,231.55995726585388,False
TINYIMAGENET,resnet18,knn_distance_cover,2,knn_distance_cover_2_50b,complete,17,950,5.739999999999995,170.0,4.849999999999994,229.721289396286,3.022507429122925,6.812446117401123,239.55624294281006,False
TINYIMAGENET,resnet18,knn_distance_cover,2,knn_distance_cover_2_50b,complete,18,1000,5.739999999999995,112.0,4.900000000000006,229.69737339019775,2.9708213806152344,4.076108932495117,236.7443037033081,False
TINYIMAGENET,resnet18,knn_distance_cover,2,knn_distance_cover_2_50b,complete,19,1050,5.739999999999995,86.0,4.969999999999999,237.9079954624176,2.941889524459839,6.587804794311523,247.43768978118896,False
TINYIMAGENET,resnet18,knn_distance_cover,2,knn_distance_cover_2_50b,complete,20,1100,6.019999999999996,112.0,4.989999999999995,237.58292770385742,3.015523910522461,5.989795923233032,246.58824753761292,False
TINYIMAGENET,resnet18,knn_distance_cover,2,knn_distance_cover_2_50b,complete,21,1150,6.219999999999999,170.0,5.400000000000006,244.56724977493286,3.004587411880493,2.9566004276275635,250.52843761444092,False
TINYIMAGENET,resnet18,knn_distance_cover,2,knn_distance_cover_2_50b,complete,22,1200,6.420000000000002,92.0,5.909999999999997,246.59436631202698,2.998818874359131,7.734874486923218,257.3280596733093,False
TINYIMAGENET,resnet18,knn_distance_cover,2,knn_distance_cover_2_50b,complete,23,1250,6.340000000000003,152.0,6.030000000000001,254.1598505973816,3.0038392543792725,5.703517913818359,262.8672077655792,False
TINYIMAGENET,resnet18,knn_distance_cover,2,knn_distance_cover_2_50b,complete,24,1300,6.519999999999996,14.0,5.769999999999996,260.50825023651123,3.854799747467041,6.4348039627075195,270.7978539466858,False
TINYIMAGENET,resnet18,knn_distance_cover,2,knn_distance_cover_2_50b,complete,25,1350,6.6200000000000045,82.0,6.090000000000003,262.75427055358887,2.9967870712280273,6.700366497039795,272.4514241218567,False
TINYIMAGENET,resnet18,knn_distance_cover,2,knn_distance_cover_2_50b,complete,26,1400,7.040000000000006,94.0,6.170000000000002,261.3043622970581,3.014714002609253,7.119701862335205,271.43877816200256,False
TINYIMAGENET,resnet18,knn_distance_cover,2,knn_distance_cover_2_50b,complete,27,1450,6.799999999999997,110.0,6.409999999999997,268.1202042102814,3.0685482025146484,7.949169158935547,279.13792157173157,False
TINYIMAGENET,resnet18,knn_distance_cover,2,knn_distance_cover_2_50b,complete,28,1500,7.040000000000006,32.0,6.310000000000002,270.46121525764465,2.9825239181518555,8.009471654891968,281.4532108306885,False
TINYIMAGENET,resnet18,knn_distance_cover,2,knn_distance_cover_2_50b,complete,29,1550,7.099999999999994,40.0,6.430000000000007,275.06329250335693,3.029494047164917,6.611314535140991,284.70410108566284,False
TINYIMAGENET,resnet18,knn_distance_cover,2,knn_distance_cover_2_50b,complete,30,1600,7.260000000000005,138.0,6.590000000000003,276.2134311199188,3.0089633464813232,8.261330127716064,287.4837245941162,False
TINYIMAGENET,resnet18,knn_distance_cover,2,knn_distance_cover_2_50b,complete,31,1650,7.180000000000007,52.0,6.530000000000001,281.90458607673645,3.029825210571289,7.049488306045532,291.98389959335327,False
TINYIMAGENET,resnet18,knn_distance_cover,2,knn_distance_cover_2_50b,complete,32,1700,7.280000000000001,114.0,6.1299999999999955,282.16299962997437,3.0778443813323975,7.819927453994751,293.0607714653015,False
TINYIMAGENET,resnet18,knn_distance_cover,2,knn_distance_cover_2_50b,complete,33,1750,7.260000000000005,70.0,6.790000000000006,290.2880668640137,2.980316638946533,7.434532642364502,300.7029161453247,False
TINYIMAGENET,resnet18,knn_distance_cover,2,knn_distance_cover_2_50b,complete,34,1800,7.599999999999994,80.0,6.739999999999995,289.73797512054443,2.952479124069214,6.292225360870361,298.982679605484,False
TINYIMAGENET,resnet18,knn_distance_cover,2,knn_distance_cover_2_50b,complete,35,1850,7.6200000000000045,104.0,7.069999999999993,297.39443254470825,2.9682717323303223,6.070018768310547,306.4327230453491,False
TINYIMAGENET,resnet18,knn_distance_cover,2,knn_distance_cover_2_50b,complete,36,1900,7.859999999999999,100.0,7.099999999999994,300.60600996017456,2.9366323947906494,6.058670282363892,309.6013126373291,False
TINYIMAGENET,resnet18,knn_distance_cover,2,knn_distance_cover_2_50b,complete,37,1950,7.900000000000006,108.0,7.329999999999998,317.30902576446533,3.291823387145996,5.30760931968689,325.9084584712982,False
TINYIMAGENET,resnet18,knn_distance_cover,2,knn_distance_cover_2_50b,complete,38,2000,8.060000000000002,152.0,7.430000000000007,303.7096993923187,3.0066826343536377,2.7165117263793945,309.43289375305176,False
TINYIMAGENET,resnet18,knn_distance_cover,2,knn_distance_cover_2_50b,complete,39,2050,8.36,196.0,7.400000000000006,309.3781340122223,2.977653741836548,4.8957343101501465,317.251522064209,False
TINYIMAGENET,resnet18,knn_distance_cover,2,knn_distance_cover_2_50b,complete,40,2100,8.200000000000003,16.0,7.420000000000002,309.99583077430725,2.9045963287353516,6.526479721069336,319.42690682411194,False
TINYIMAGENET,resnet18,knn_distance_cover,2,knn_distance_cover_2_50b,complete,41,2150,8.36,166.0,7.450000000000003,318.69244718551636,3.0189688205718994,2.78092622756958,324.49234223365784,False
TINYIMAGENET,resnet18,knn_distance_cover,2,knn_distance_cover_2_50b,complete,42,2200,8.439999999999998,186.0,7.760000000000005,316.9115459918976,2.9251320362091064,2.6764519214630127,322.5131299495697,False
TINYIMAGENET,resnet18,knn_distance_cover,2,knn_distance_cover_2_50b,complete,43,2250,8.620000000000005,198.0,7.790000000000006,323.00096225738525,3.8266544342041016,8.842989206314087,335.67060589790344,False
TINYIMAGENET,resnet18,knn_distance_cover,2,knn_distance_cover_2_50b,complete,44,2300,8.599999999999994,24.0,7.579999999999998,325.7654502391815,3.876779794692993,6.930642366409302,336.5728724002838,False
TINYIMAGENET,resnet18,knn_distance_cover,2,knn_distance_cover_2_50b,complete,45,2350,8.86,194.0,7.799999999999997,333.33574771881104,3.0881948471069336,7.235367298126221,343.6593098640442,False
TINYIMAGENET,resnet18,knn_distance_cover,2,knn_distance_cover_2_50b,complete,46,2400,8.900000000000006,16.0,8.230000000000004,332.6888327598572,4.066327810287476,7.078306674957275,343.83346724510193,False
TINYIMAGENET,resnet18,knn_distance_cover,2,knn_distance_cover_2_50b,complete,47,2450,9.120000000000005,182.0,7.489999999999995,346.1343467235565,4.9925737380981445,6.188142776489258,357.3150632381439,False
TINYIMAGENET,resnet18,knn_distance_cover,2,knn_distance_cover_2_50b,complete,48,2500,9.120000000000005,144.0,8.209999999999994,341.97142934799194,2.975883722305298,7.891135215759277,352.8384482860565,False
TINYIMAGENET,resnet18,knn_distance_cover,2,knn_distance_cover_2_50b,complete,49,2550,9.180000000000007,76.0,8.230000000000004,346.54937195777893,2.988166570663452,8.169044971466064,357.70658349990845,False
TINYIMAGENET,resnet18,knn_distance_cover,2,knn_distance_cover_2_50b,complete,50,2600,9.219999999999999,176.0,8.280000000000001,346.11217069625854,2.9658567905426025,6.667811393737793,355.74583888053894,False
TINYIMAGENET,resnet18,knn_distance_cover,2,knn_distance_cover_2_50b,complete,51,2650,9.379999999999995,104.0,8.469999999999999,352.6614694595337,3.105402708053589,7.972653150558472,363.73952531814575,False
TINYIMAGENET,resnet18,knn_distance_cover,2,knn_distance_cover_2_50b,complete,52,2700,9.620000000000005,118.0,8.209999999999994,352.88419127464294,3.0629570484161377,7.828470468521118,363.7756187915802,False
TINYIMAGENET,resnet18,knn_distance_cover,2,knn_distance_cover_2_50b,complete,53,2750,9.780000000000001,140.0,8.510000000000005,359.6489157676697,3.0484251976013184,6.589512825012207,369.2868537902832,False
TINYIMAGENET,resnet18,knn_distance_cover,2,knn_distance_cover_2_50b,complete,54,2800,9.819999999999993,106.0,8.590000000000003,360.9682066440582,2.931122303009033,6.623538494110107,370.52286744117737,False
TINYIMAGENET,resnet18,knn_distance_cover,2,knn_distance_cover_2_50b,complete,55,2850,9.939999999999998,188.0,8.870000000000005,368.0886356830597,2.9388701915740967,6.715430021286011,377.7429358959198,False
TINYIMAGENET,resnet18,knn_distance_cover,2,knn_distance_cover_2_50b,complete,56,2900,10.319999999999993,146.0,9.280000000000001,369.4068241119385,2.9765195846557617,7.679791688919067,380.0631353855133,False
TINYIMAGENET,resnet18,knn_distance_cover,2,knn_distance_cover_2_50b,complete,57,2950,10.180000000000007,114.0,8.909999999999997,383.78340125083923,3.794809579849243,8.016230583190918,395.5944414138794,False
TINYIMAGENET,resnet18,knn_distance_cover,2,knn_distance_cover_2_50b,complete,58,3000,10.280000000000001,168.0,8.969999999999999,374.75281858444214,2.9422965049743652,7.661585569381714,385.3567006587982,False
TINYIMAGENET,resnet18,knn_distance_cover,2,knn_distance_cover_2_50b,complete,59,3050,10.260000000000005,34.0,9.150000000000006,383.642630815506,2.9227237701416016,7.783985137939453,394.34933972358704,False
TINYIMAGENET,resnet18,knn_distance_cover,2,knn_distance_cover_2_50b,complete,60,3100,10.280000000000001,144.0,8.879999999999995,380.3183183670044,2.9534385204315186,7.032650709152222,390.30440759658813,False
TINYIMAGENET,resnet18,knn_distance_cover,2,knn_distance_cover_2_50b,complete,61,3150,10.540000000000006,14.0,9.200000000000003,389.75125098228455,2.953856945037842,7.691214084625244,400.39632201194763,False
TINYIMAGENET,resnet18,knn_distance_cover,2,knn_distance_cover_2_50b,complete,62,3200,10.439999999999998,168.0,9.409999999999997,389.4869976043701,2.9827544689178467,8.02225399017334,400.4920060634613,False
TINYIMAGENET,resnet18,knn_distance_cover,2,knn_distance_cover_2_50b,complete,63,3250,10.459999999999994,18.0,9.519999999999996,396.6676242351532,3.1364810466766357,8.036432266235352,407.8405375480652,False
TINYIMAGENET,resnet18,knn_distance_cover,2,knn_distance_cover_2_50b,complete,64,3300,10.659999999999997,198.0,9.370000000000005,397.15570068359375,3.012385129928589,2.703230142593384,402.8713159561157,False
TINYIMAGENET,resnet18,knn_distance_cover,2,knn_distance_cover_2_50b,complete,65,3350,10.879999999999995,76.0,9.530000000000001,402.4322500228882,3.0728652477264404,7.053061246871948,412.5581765174866,False
TINYIMAGENET,resnet18,knn_distance_cover,2,knn_distance_cover_2_50b,complete,66,3400,10.900000000000006,102.0,9.680000000000007,413.83337211608887,3.1567492485046387,2.8330798149108887,419.8232011795044,False
TINYIMAGENET,resnet18,knn_distance_cover,2,knn_distance_cover_2_50b,complete,67,3450,10.86,4.0,9.730000000000004,411.1199071407318,3.0465707778930664,7.724338531494141,421.890816450119,False
TINYIMAGENET,resnet18,knn_distance_cover,2,knn_distance_cover_2_50b,complete,68,3500,10.939999999999998,62.0,9.799999999999997,408.62144565582275,3.4402084350585938,7.006326198577881,419.06798028945923,False
TINYIMAGENET,resnet18,knn_distance_cover,2,knn_distance_cover_2_50b,complete,69,3550,11.060000000000002,66.0,9.769999999999996,415.15664553642273,3.7379870414733887,8.205930471420288,427.1005630493164,False
TINYIMAGENET,resnet18,knn_distance_cover,2,knn_distance_cover_2_50b,complete,70,3600,11.219999999999999,180.0,10.010000000000005,416.910849571228,3.6168434619903564,7.213467836380005,427.7411608695984,False
TINYIMAGENET,resnet18,knn_distance_cover,2,knn_distance_cover_2_50b,complete,71,3650,11.379999999999995,94.0,10.299999999999997,423.6845848560333,3.0435996055603027,2.739837169647217,429.46802163124084,False
TINYIMAGENET,resnet18,knn_distance_cover,2,knn_distance_cover_2_50b,complete,72,3700,11.659999999999997,88.0,10.290000000000006,424.4521973133087,2.998493194580078,8.141780614852905,435.5924711227417,False
TINYIMAGENET,resnet18,knn_distance_cover,2,knn_distance_cover_2_50b,complete,73,3750,11.540000000000006,80.0,10.219999999999999,434.2276186943054,3.00480055809021,7.271943092346191,444.5043623447418,False
TINYIMAGENET,resnet18,knn_distance_cover,2,knn_distance_cover_2_50b,complete,74,3800,11.599999999999994,96.0,10.349999999999994,441.4334650039673,3.7528138160705566,7.136998653411865,452.3232774734497,False
TINYIMAGENET,resnet18,knn_distance_cover,2,knn_distance_cover_2_50b,complete,75,3850,11.739999999999995,146.0,10.340000000000003,442.3026282787323,3.0247204303741455,8.160628318786621,453.48797702789307,False
TINYIMAGENET,resnet18,knn_distance_cover,2,knn_distance_cover_2_50b,complete,76,3900,11.599999999999994,4.0,10.670000000000002,439.38923263549805,3.058213949203491,8.106802940368652,450.5542495250702,False
TINYIMAGENET,resnet18,knn_distance_cover,2,knn_distance_cover_2_50b,complete,77,3950,12.099999999999994,144.0,10.629999999999995,446.92572116851807,2.976668119430542,7.832810401916504,457.7351996898651,False
TINYIMAGENET,resnet18,knn_distance_cover,2,knn_distance_cover_2_50b,complete,78,4000,11.879999999999995,94.0,10.829999999999998,450.1161286830902,3.8017661571502686,15.408672571182251,469.32656741142273,False
TINYIMAGENET,resnet18,knn_distance_cover,2,knn_distance_cover_2_50b,complete,79,4050,11.959999999999994,26.0,10.310000000000002,456.18107414245605,3.956115484237671,8.713722944259644,468.85091257095337,False
TINYIMAGENET,resnet18,knn_distance_cover,2,knn_distance_cover_2_50b,complete,80,4100,11.799999999999997,174.0,11.14,456.0934953689575,2.977842092514038,7.221634864807129,466.2929723262787,False
TINYIMAGENET,resnet18,knn_distance_cover,2,knn_distance_cover_2_50b,complete,81,4150,12.060000000000002,132.0,10.810000000000002,460.23207664489746,3.012775182723999,7.234506130218506,470.47935795783997,False
TINYIMAGENET,resnet18,knn_distance_cover,2,knn_distance_cover_2_50b,complete,82,4200,12.239999999999995,30.0,11.040000000000006,469.2959280014038,3.059648036956787,7.056450366973877,479.4120264053345,False
TINYIMAGENET,resnet18,knn_distance_cover,2,knn_distance_cover_2_50b,complete,83,4250,12.219999999999999,134.0,11.14,468.1657164096832,3.9730703830718994,15.031257629394531,487.17004442214966,False
TINYIMAGENET,resnet18,knn_distance_cover,2,knn_distance_cover_2_50b,complete,84,4300,12.299999999999997,170.0,11.099999999999994,467.3126411437988,3.8361263275146484,7.788984298706055,478.93775177001953,False
TINYIMAGENET,resnet18,knn_distance_cover,2,knn_distance_cover_2_50b,complete,85,4350,12.239999999999995,92.0,11.150000000000006,477.429723739624,3.8954110145568848,7.1898722648620605,488.51500701904297,False
TINYIMAGENET,resnet18,knn_distance_cover,2,knn_distance_cover_2_50b,complete,86,4400,12.5,180.0,11.200000000000003,475.6648600101471,2.9637670516967773,6.357760667800903,484.9863877296448,False
TINYIMAGENET,resnet18,knn_distance_cover,2,knn_distance_cover_2_50b,complete,87,4450,12.400000000000006,190.0,11.180000000000007,481.3928472995758,3.065587043762207,2.702850103378296,487.1612844467163,False
TINYIMAGENET,resnet18,knn_distance_cover,2,knn_distance_cover_2_50b,complete,88,4500,12.459999999999994,108.0,11.900000000000006,479.4841785430908,3.0193417072296143,3.7937917709350586,486.2973120212555,False
TINYIMAGENET,resnet18,knn_distance_cover,2,knn_distance_cover_2_50b,complete,89,4550,12.439999999999998,136.0,11.430000000000007,502.42232394218445,3.8309507369995117,4.2752275466918945,510.52850222587585,False
TINYIMAGENET,resnet18,knn_distance_cover,2,knn_distance_cover_2_50b,complete,90,4600,12.519999999999996,56.0,11.560000000000002,494.62063360214233,2.9510319232940674,2.821499824523926,500.3931653499603,False
TINYIMAGENET,resnet18,knn_distance_cover,2,knn_distance_cover_2_50b,complete,91,4650,12.719999999999999,190.0,11.75,497.4555299282074,2.970836877822876,2.846773862838745,503.273140668869,False
TINYIMAGENET,resnet18,knn_distance_cover,2,knn_distance_cover_2_50b,complete,92,4700,13.060000000000002,164.0,12.030000000000001,494.2501187324524,3.007324695587158,2.9542253017425537,500.2116687297821,False
TINYIMAGENET,resnet18,knn_distance_cover,2,knn_distance_cover_2_50b,complete,93,4750,12.739999999999995,140.0,11.579999999999998,504.5701434612274,3.095898389816284,2.949779748916626,510.6158215999603,False
TINYIMAGENET,resnet18,knn_distance_cover,2,knn_distance_cover_2_50b,complete,94,4800,12.719999999999999,24.0,11.769999999999996,502.1549744606018,3.005920886993408,2.9189069271087646,508.079802274704,False
TINYIMAGENET,resnet18,knn_distance_cover,2,knn_distance_cover_2_50b,complete,95,4850,12.959999999999994,88.0,11.930000000000007,509.0290496349335,2.9761900901794434,2.819401979446411,514.8246417045593,False
TINYIMAGENET,resnet18,knn_distance_cover,2,knn_distance_cover_2_50b,complete,96,4900,12.719999999999999,10.0,11.629999999999995,515.3983061313629,7.183673620223999,2.9711873531341553,525.5531671047211,False
TINYIMAGENET,resnet18,knn_distance_cover,2,knn_distance_cover_2_50b,complete,97,4950,13.019999999999996,96.0,12.030000000000001,520.4776985645294,3.010803461074829,2.8050103187561035,526.2935123443604,False
TINYIMAGENET,resnet18,knn_distance_cover,2,knn_distance_cover_2_50b,complete,98,5000,13.159999999999997,30.0,11.810000000000002,514.8128483295441,2.981050968170166,2.8261828422546387,520.6200821399689,False
TINYIMAGENET,resnet18,knn_distance_cover,2,knn_distance_cover_2_50b,complete,99,5050,13.299999999999997,64.0,11.840000000000003,524.0981636047363,3.021487236022949,2.8284549713134766,529.9481058120728,False
TINYIMAGENET,resnet18,knn_distance_cover,2,knn_distance_cover_2_50b,complete,100,5050,13.239999999999995,86.0,11.810000000000002,524.4824423789978,2.9188854694366455,0.0,527.4013278484344,False
TINYIMAGENET,resnet18,knn_distance_cover,3,knn_distance_cover_3_50b,complete,-1,50,,,,,,2.7070906162261963,2.7070906162261963,True
TINYIMAGENET,resnet18,knn_distance_cover,3,knn_distance_cover_3_50b,complete,0,100,2.6200000000000045,122.0,2.1099999999999994,163.745032787323,3.087043046951294,2.7715187072753906,169.60359454154968,False
TINYIMAGENET,resnet18,knn_distance_cover,3,knn_distance_cover_3_50b,complete,1,150,3.0600000000000023,170.0,2.569999999999993,166.7542645931244,2.995452404022217,2.7344908714294434,172.48420786857605,False
TINYIMAGENET,resnet18,knn_distance_cover,3,knn_distance_cover_3_50b,complete,2,200,3.219999999999999,150.0,2.7900000000000063,167.17198967933655,2.9444868564605713,2.740265369415283,172.8567419052124,False
TINYIMAGENET,resnet18,knn_distance_cover,3,knn_distance_cover_3_50b,complete,3,250,3.480000000000004,146.0,2.760000000000005,175.49108576774597,2.958820104598999,2.7415661811828613,181.19147205352783,False
TINYIMAGENET,resnet18,knn_distance_cover,3,knn_distance_cover_3_50b,complete,4,300,3.760000000000005,152.0,2.9200000000000017,176.7228171825409,2.926286220550537,2.7231345176696777,182.3722379207611,False
TINYIMAGENET,resnet18,knn_distance_cover,3,knn_distance_cover_3_50b,complete,5,350,3.8799999999999955,78.0,3.25,182.6487376689911,3.007612466812134,2.763871192932129,188.42022132873535,False
TINYIMAGENET,resnet18,knn_distance_cover,3,knn_distance_cover_3_50b,complete,6,400,4.1200000000000045,104.0,3.5,183.53134179115295,3.147820472717285,2.7496817111968994,189.42884397506714,False
TINYIMAGENET,resnet18,knn_distance_cover,3,knn_distance_cover_3_50b,complete,7,450,4.1200000000000045,190.0,3.3900000000000006,197.40055632591248,3.7107656002044678,2.89495849609375,204.0062804222107,False
TINYIMAGENET,resnet18,knn_distance_cover,3,knn_distance_cover_3_50b,complete,8,500,4.180000000000007,130.0,3.700000000000003,190.8884289264679,2.944772958755493,2.811143636703491,196.64434552192688,False
TINYIMAGENET,resnet18,knn_distance_cover,3,knn_distance_cover_3_50b,complete,9,550,4.579999999999998,162.0,3.6899999999999977,199.84885668754578,2.9195621013641357,2.7266228199005127,205.49504160881042,False
TINYIMAGENET,resnet18,knn_distance_cover,3,knn_distance_cover_3_50b,complete,10,600,4.739999999999995,70.0,4.099999999999994,199.2227065563202,3.4445419311523438,2.7316699028015137,205.39891839027405,False
TINYIMAGENET,resnet18,knn_distance_cover,3,knn_distance_cover_3_50b,complete,11,650,4.8799999999999955,186.0,4.3700000000000045,207.53372645378113,2.9717254638671875,2.76370906829834,213.26916098594666,False
TINYIMAGENET,resnet18,knn_distance_cover,3,knn_distance_cover_3_50b,complete,12,700,5.159999999999997,142.0,4.700000000000003,207.38627576828003,2.944901943206787,2.7045114040374756,213.0356891155243,False
TINYIMAGENET,resnet18,knn_distance_cover,3,knn_distance_cover_3_50b,complete,13,750,5.019999999999996,138.0,4.599999999999994,212.55417704582214,2.9057164192199707,2.706181526184082,218.1660749912262,False
TINYIMAGENET,resnet18,knn_distance_cover,3,knn_distance_cover_3_50b,complete,14,800,5.299999999999997,72.0,4.3700000000000045,214.65676259994507,2.991105556488037,2.7840335369110107,220.43190169334412,False
TINYIMAGENET,resnet18,knn_distance_cover,3,knn_distance_cover_3_50b,complete,15,850,5.6200000000000045,114.0,4.739999999999995,221.2092514038086,3.021751642227173,2.7216732501983643,226.95267629623413,False
TINYIMAGENET,resnet18,knn_distance_cover,3,knn_distance_cover_3_50b,complete,16,900,5.799999999999997,180.0,4.980000000000004,220.26635718345642,2.9761180877685547,2.7062809467315674,225.94875621795654,False
TINYIMAGENET,resnet18,knn_distance_cover,3,knn_distance_cover_3_50b,complete,17,950,5.859999999999999,126.0,5.219999999999999,228.15384030342102,3.7869935035705566,2.9060380458831787,234.84687185287476,False
TINYIMAGENET,resnet18,knn_distance_cover,3,knn_distance_cover_3_50b,complete,18,1000,6.060000000000002,184.0,4.920000000000002,228.51561784744263,3.956176519393921,2.907850980758667,235.37964534759521,False
TINYIMAGENET,resnet18,knn_distance_cover,3,knn_distance_cover_3_50b,complete,19,1050,6.079999999999998,84.0,5.010000000000005,236.24737405776978,2.942131519317627,2.7644312381744385,241.95393681526184,False
TINYIMAGENET,resnet18,knn_distance_cover,3,knn_distance_cover_3_50b,complete,20,1100,6.400000000000006,58.0,5.670000000000002,236.29709005355835,2.9921350479125977,2.8532371520996094,242.14246225357056,False
TINYIMAGENET,resnet18,knn_distance_cover,3,knn_distance_cover_3_50b,complete,21,1150,6.480000000000004,150.0,5.640000000000001,245.0081729888916,3.012401580810547,5.942493438720703,253.96306800842285,False
TINYIMAGENET,resnet18,knn_distance_cover,3,knn_distance_cover_3_50b,complete,22,1200,6.480000000000004,138.0,5.599999999999994,244.82175254821777,3.0525665283203125,6.413630723953247,254.28794980049133,False
TINYIMAGENET,resnet18,knn_distance_cover,3,knn_distance_cover_3_50b,complete,23,1250,6.739999999999995,22.0,5.799999999999997,261.86749815940857,3.5983681678771973,3.97467303276062,269.4405393600464,False
TINYIMAGENET,resnet18,knn_distance_cover,3,knn_distance_cover_3_50b,complete,24,1300,6.959999999999994,178.0,5.950000000000003,252.41187953948975,3.103266716003418,4.0283215045928955,259.54346776008606,False
TINYIMAGENET,resnet18,knn_distance_cover,3,knn_distance_cover_3_50b,complete,25,1350,6.799999999999997,116.0,5.769999999999996,259.7905285358429,3.067348003387451,4.15472412109375,267.0126006603241,False
TINYIMAGENET,resnet18,knn_distance_cover,3,knn_distance_cover_3_50b,complete,26,1400,6.900000000000006,128.0,6.150000000000006,260.19893765449524,3.0273807048797607,2.874406099319458,266.10072445869446,False
TINYIMAGENET,resnet18,knn_distance_cover,3,knn_distance_cover_3_50b,complete,27,1450,7.040000000000006,96.0,5.930000000000007,267.56587314605713,2.9666988849639893,2.7666966915130615,273.2992687225342,False
TINYIMAGENET,resnet18,knn_distance_cover,3,knn_distance_cover_3_50b,complete,28,1500,7.040000000000006,66.0,6.310000000000002,268.23989748954773,2.980787515640259,6.594286680221558,277.81497168540955,False
TINYIMAGENET,resnet18,knn_distance_cover,3,knn_distance_cover_3_50b,complete,29,1550,7.299999999999997,60.0,6.560000000000002,274.3231554031372,2.987694263458252,2.8786582946777344,280.1895079612732,False
TINYIMAGENET,resnet18,knn_distance_cover,3,knn_distance_cover_3_50b,complete,30,1600,7.219999999999999,104.0,6.260000000000005,275.15753293037415,2.9211783409118652,2.700178861618042,280.77889013290405,False
TINYIMAGENET,resnet18,knn_distance_cover,3,knn_distance_cover_3_50b,complete,31,1650,7.540000000000006,48.0,6.040000000000006,281.19620299339294,3.024320363998413,5.244640588760376,289.46516394615173,False
TINYIMAGENET,resnet18,knn_distance_cover,3,knn_distance_cover_3_50b,complete,32,1700,7.6200000000000045,98.0,6.920000000000002,282.1844608783722,3.9250099658966064,7.52585506439209,293.6353259086609,False
TINYIMAGENET,resnet18,knn_distance_cover,3,knn_distance_cover_3_50b,complete,33,1750,7.659999999999997,58.0,6.939999999999998,289.0331828594208,3.9804584980010986,8.170494079589844,301.1841354370117,False
TINYIMAGENET,resnet18,knn_distance_cover,3,knn_distance_cover_3_50b,complete,34,1800,7.939999999999998,158.0,6.959999999999994,288.8382136821747,3.9152414798736572,7.957340478897095,300.71079564094543,False
TINYIMAGENET,resnet18,knn_distance_cover,3,knn_distance_cover_3_50b,complete,35,1850,7.900000000000006,160.0,6.709999999999994,295.98992228507996,3.040790319442749,8.015098094940186,307.0458106994629,False
TINYIMAGENET,resnet18,knn_distance_cover,3,knn_distance_cover_3_50b,complete,36,1900,8.0,98.0,7.040000000000006,304.595228433609,3.0412278175354004,2.6908867359161377,310.32734298706055,False
TINYIMAGENET,resnet18,knn_distance_cover,3,knn_distance_cover_3_50b,complete,37,1950,7.939999999999998,10.0,7.1299999999999955,300.7892632484436,2.9390716552734375,6.163889408111572,309.8922243118286,False
TINYIMAGENET,resnet18,knn_distance_cover,3,knn_distance_cover_3_50b,complete,38,2000,8.200000000000003,10.0,7.219999999999999,303.5850236415863,3.010242462158203,4.8714210987091064,311.4666872024536,False
TINYIMAGENET,resnet18,knn_distance_cover,3,knn_distance_cover_3_50b,complete,39,2050,8.200000000000003,80.0,7.549999999999997,312.177437543869,3.891903877258301,6.502753496170044,322.57209491729736,False
TINYIMAGENET,resnet18,knn_distance_cover,3,knn_distance_cover_3_50b,complete,40,2100,8.519999999999996,12.0,7.510000000000005,311.9221911430359,3.4351468086242676,7.564314126968384,322.92165207862854,False
TINYIMAGENET,resnet18,knn_distance_cover,3,knn_distance_cover_3_50b,complete,41,2150,8.340000000000003,96.0,7.469999999999999,317.5504288673401,2.981757402420044,2.6920766830444336,323.22426295280457,False
TINYIMAGENET,resnet18,knn_distance_cover,3,knn_distance_cover_3_50b,complete,42,2200,8.519999999999996,198.0,7.549999999999997,316.93131160736084,2.9790127277374268,5.919909954071045,325.8302342891693,False
TINYIMAGENET,resnet18,knn_distance_cover,3,knn_distance_cover_3_50b,complete,43,2250,8.5,152.0,7.799999999999997,325.1959583759308,3.7485430240631104,5.755924701690674,334.70042610168457,False
TINYIMAGENET,resnet18,knn_distance_cover,3,knn_distance_cover_3_50b,complete,44,2300,8.700000000000003,30.0,7.709999999999994,326.19871616363525,3.142223834991455,2.8717286586761475,332.21266865730286,False
TINYIMAGENET,resnet18,knn_distance_cover,3,knn_distance_cover_3_50b,complete,45,2350,8.879999999999995,46.0,7.859999999999999,332.64157271385193,3.0115721225738525,5.657776117324829,341.3109209537506,False
TINYIMAGENET,resnet18,knn_distance_cover,3,knn_distance_cover_3_50b,complete,46,2400,8.760000000000005,166.0,8.200000000000003,332.1871769428253,2.9669501781463623,9.014639377593994,344.1687664985657,False
TINYIMAGENET,resnet18,knn_distance_cover,3,knn_distance_cover_3_50b,complete,47,2450,8.980000000000004,198.0,8.269999999999996,348.8570945262909,2.988421678543091,5.660938262939453,357.50645446777344,False
TINYIMAGENET,resnet18,knn_distance_cover,3,knn_distance_cover_3_50b,complete,48,2500,9.019999999999996,96.0,7.890000000000001,340.0368070602417,2.926668405532837,5.054202079772949,348.0176775455475,False
TINYIMAGENET,resnet18,knn_distance_cover,3,knn_distance_cover_3_50b,complete,49,2550,9.120000000000005,74.0,8.290000000000006,346.8284184932709,3.948071241378784,3.9646034240722656,354.7410931587219,False
TINYIMAGENET,resnet18,knn_distance_cover,3,knn_distance_cover_3_50b,complete,50,2600,9.36,32.0,8.519999999999996,347.5020101070404,2.9606101512908936,6.192073822021484,356.6546940803528,False
TINYIMAGENET,resnet18,knn_distance_cover,3,knn_distance_cover_3_50b,complete,51,2650,9.36,152.0,8.540000000000006,353.59856605529785,2.935797929763794,6.2346274852752686,362.7689914703369,False
TINYIMAGENET,resnet18,knn_distance_cover,3,knn_distance_cover_3_50b,complete,52,2700,9.420000000000002,36.0,8.469999999999999,352.0634560585022,2.9734108448028564,3.4277567863464355,358.4646236896515,False
TINYIMAGENET,resnet18,knn_distance_cover,3,knn_distance_cover_3_50b,complete,53,2750,9.5,158.0,8.439999999999998,360.0823040008545,3.1358587741851807,7.909844636917114,371.1280074119568,False
TINYIMAGENET,resnet18,knn_distance_cover,3,knn_distance_cover_3_50b,complete,54,2800,9.64,92.0,8.599999999999994,363.3482632637024,2.940568208694458,7.344188213348389,373.63301968574524,False
TINYIMAGENET,resnet18,knn_distance_cover,3,knn_distance_cover_3_50b,complete,55,2850,9.680000000000007,58.0,8.560000000000002,371.7347824573517,3.0223476886749268,2.7674262523651123,377.5245563983917,False
TINYIMAGENET,resnet18,knn_distance_cover,3,knn_distance_cover_3_50b,complete,56,2900,9.920000000000002,6.0,8.790000000000006,375.79802799224854,4.265920162200928,2.786813735961914,382.8507618904114,False
TINYIMAGENET,resnet18,knn_distance_cover,3,knn_distance_cover_3_50b,complete,57,2950,9.659999999999997,140.0,8.829999999999998,378.6946585178375,3.059020519256592,2.7651774883270264,384.51885652542114,False
TINYIMAGENET,resnet18,knn_distance_cover,3,knn_distance_cover_3_50b,complete,58,3000,9.739999999999995,144.0,8.89,373.993168592453,4.014331340789795,2.9030275344848633,380.91052746772766,False
TINYIMAGENET,resnet18,knn_distance_cover,3,knn_distance_cover_3_50b,complete,59,3050,9.900000000000006,54.0,9.200000000000003,383.26040387153625,3.121140241622925,2.7135257720947266,389.0950698852539,False
TINYIMAGENET,resnet18,knn_distance_cover,3,knn_distance_cover_3_50b,complete,60,3100,9.86,106.0,9.379999999999995,382.9432032108307,2.9428977966308594,2.740248203277588,388.62634921073914,False
TINYIMAGENET,resnet18,knn_distance_cover,3,knn_distance_cover_3_50b,complete,61,3150,9.980000000000004,96.0,9.599999999999994,389.9052562713623,3.018232822418213,2.743802070617676,395.6672911643982,False
TINYIMAGENET,resnet18,knn_distance_cover,3,knn_distance_cover_3_50b,complete,62,3200,10.219999999999999,112.0,9.420000000000002,389.1601560115814,2.9981064796447754,2.7378995418548584,394.89616203308105,False
TINYIMAGENET,resnet18,knn_distance_cover,3,knn_distance_cover_3_50b,complete,63,3250,10.159999999999997,128.0,9.549999999999997,395.3171601295471,3.0164225101470947,2.761275291442871,401.0948579311371,False
TINYIMAGENET,resnet18,knn_distance_cover,3,knn_distance_cover_3_50b,complete,64,3300,10.480000000000004,144.0,9.540000000000006,395.49790692329407,4.2169013023376465,2.8740875720977783,402.5888957977295,False
TINYIMAGENET,resnet18,knn_distance_cover,3,knn_distance_cover_3_50b,complete,65,3350,10.299999999999997,58.0,9.849999999999994,414.4174768924713,8.425532579421997,2.9514901638031006,425.7944996356964,False
TINYIMAGENET,resnet18,knn_distance_cover,3,knn_distance_cover_3_50b,complete,66,3400,10.459999999999994,144.0,9.819999999999993,406.41967725753784,3.0239059925079346,2.7505993843078613,412.19418263435364,False
TINYIMAGENET,resnet18,knn_distance_cover,3,knn_distance_cover_3_50b,complete,67,3450,10.620000000000005,68.0,9.829999999999998,408.52961802482605,2.961622953414917,2.7317450046539307,414.2229859828949,False
TINYIMAGENET,resnet18,knn_distance_cover,3,knn_distance_cover_3_50b,complete,68,3500,10.64,54.0,9.579999999999998,408.67025208473206,2.927541732788086,2.745166540145874,414.342960357666,False
TINYIMAGENET,resnet18,knn_distance_cover,3,knn_distance_cover_3_50b,complete,69,3550,10.760000000000005,136.0,9.629999999999995,415.7089374065399,3.0246946811676025,2.7571210861206055,421.4907531738281,False
TINYIMAGENET,resnet18,knn_distance_cover,3,knn_distance_cover_3_50b,complete,70,3600,10.780000000000001,48.0,10.25,416.57163190841675,2.9986050128936768,2.748533248901367,422.3187701702118,False
TINYIMAGENET,resnet18,knn_distance_cover,3,knn_distance_cover_3_50b,complete,71,3650,10.840000000000003,174.0,9.989999999999995,424.28677916526794,3.0184834003448486,2.78110933303833,430.0863718986511,False
TINYIMAGENET,resnet18,knn_distance_cover,3,knn_distance_cover_3_50b,complete,72,3700,11.180000000000007,62.0,9.900000000000006,425.4466528892517,2.9591987133026123,2.742375612258911,431.14822721481323,False
TINYIMAGENET,resnet18,knn_distance_cover,3,knn_distance_cover_3_50b,complete,73,3750,10.980000000000004,24.0,10.079999999999998,435.6981327533722,3.8295209407806396,2.877288579940796,442.4049422740936,False
TINYIMAGENET,resnet18,knn_distance_cover,3,knn_distance_cover_3_50b,complete,74,3800,11.379999999999995,200.0,10.549999999999997,446.53137731552124,4.214865446090698,2.8845694065093994,453.63081216812134,False
TINYIMAGENET,resnet18,knn_distance_cover,3,knn_distance_cover_3_50b,complete,75,3850,11.36,178.0,10.420000000000002,438.67187666893005,2.996819019317627,2.733231544494629,444.4019272327423,False
TINYIMAGENET,resnet18,knn_distance_cover,3,knn_distance_cover_3_50b,complete,76,3900,11.400000000000006,100.0,10.61,438.9850468635559,2.9875309467315674,2.72005033493042,444.6926281452179,False
TINYIMAGENET,resnet18,knn_distance_cover,3,knn_distance_cover_3_50b,complete,77,3950,11.379999999999995,26.0,10.420000000000002,444.86376571655273,3.081116199493408,2.8575727939605713,450.8024547100067,False
TINYIMAGENET,resnet18,knn_distance_cover,3,knn_distance_cover_3_50b,complete,78,4000,11.36,64.0,10.75,445.5324342250824,2.94938588142395,2.7066967487335205,451.18851685523987,False
TINYIMAGENET,resnet18,knn_distance_cover,3,knn_distance_cover_3_50b,complete,79,4050,11.560000000000002,130.0,11.010000000000005,451.7638874053955,2.8859336376190186,2.7275068759918213,457.37732791900635,False
TINYIMAGENET,resnet18,knn_distance_cover,3,knn_distance_cover_3_50b,complete,80,4100,11.64,140.0,11.14,453.67610359191895,2.928020715713501,2.7199597358703613,459.3240840435028,False
TINYIMAGENET,resnet18,knn_distance_cover,3,knn_distance_cover_3_50b,complete,81,4150,11.680000000000007,150.0,10.680000000000007,459.7491750717163,2.97163462638855,2.782409191131592,465.50321888923645,False
TINYIMAGENET,resnet18,knn_distance_cover,3,knn_distance_cover_3_50b,complete,82,4200,11.900000000000006,74.0,11.200000000000003,469.81772232055664,2.9899673461914062,2.7949745655059814,475.602664232254,False
TINYIMAGENET,resnet18,knn_distance_cover,3,knn_distance_cover_3_50b,complete,83,4250,11.659999999999997,142.0,11.170000000000002,468.414746761322,3.062518835067749,2.9958574771881104,474.4731230735779,False
TINYIMAGENET,resnet18,knn_distance_cover,3,knn_distance_cover_3_50b,complete,84,4300,12.0,82.0,10.86,467.12456011772156,2.972881555557251,5.206469297409058,475.30391097068787,False
TINYIMAGENET,resnet18,knn_distance_cover,3,knn_distance_cover_3_50b,complete,85,4350,12.040000000000006,40.0,11.11,477.66948986053467,3.125037670135498,5.061406135559082,485.85593366622925,False
TINYIMAGENET,resnet18,knn_distance_cover,3,knn_distance_cover_3_50b,complete,86,4400,12.14,134.0,11.489999999999995,474.55214619636536,2.910155773162842,4.924741268157959,482.38704323768616,False
TINYIMAGENET,resnet18,knn_distance_cover,3,knn_distance_cover_3_50b,complete,87,4450,12.120000000000005,18.0,11.340000000000003,483.9598171710968,2.9745378494262695,6.159362554550171,493.09371757507324,False
TINYIMAGENET,resnet18,knn_distance_cover,3,knn_distance_cover_3_50b,complete,88,4500,12.400000000000006,48.0,11.549999999999997,480.8652787208557,2.930600643157959,5.34692120552063,489.1428005695343,False
TINYIMAGENET,resnet18,knn_distance_cover,3,knn_distance_cover_3_50b,complete,89,4550,12.400000000000006,28.0,11.590000000000003,493.5486328601837,2.942647695541382,4.497718572616577,500.9889991283417,False
TINYIMAGENET,resnet18,knn_distance_cover,3,knn_distance_cover_3_50b,complete,90,4600,12.540000000000006,158.0,11.439999999999998,487.68699383735657,2.981088161468506,2.7820167541503906,493.45009875297546,False
TINYIMAGENET,resnet18,knn_distance_cover,3,knn_distance_cover_3_50b,complete,91,4650,12.659999999999997,92.0,11.799999999999997,496.18393087387085,3.143038034439087,4.638624668121338,503.9655935764313,False
TINYIMAGENET,resnet18,knn_distance_cover,3,knn_distance_cover_3_50b,complete,92,4700,12.439999999999998,52.0,11.420000000000002,495.71720337867737,2.9372446537017822,6.403398752212524,505.0578467845917,False
TINYIMAGENET,resnet18,knn_distance_cover,3,knn_distance_cover_3_50b,complete,93,4750,12.620000000000005,114.0,11.379999999999995,501.4245593547821,2.9510645866394043,5.149773836135864,509.5253977775574,False
TINYIMAGENET,resnet18,knn_distance_cover,3,knn_distance_cover_3_50b,complete,94,4800,12.420000000000002,48.0,11.540000000000006,502.8378083705902,2.926128625869751,6.327218532562256,512.0911555290222,False
TINYIMAGENET,resnet18,knn_distance_cover,3,knn_distance_cover_3_50b,complete,95,4850,12.5,42.0,11.670000000000002,509.6313202381134,3.0105772018432617,3.888347625732422,516.5302450656891,False
TINYIMAGENET,resnet18,knn_distance_cover,3,knn_distance_cover_3_50b,complete,96,4900,12.620000000000005,170.0,11.280000000000001,518.9063892364502,3.033799648284912,3.6877639293670654,525.6279528141022,False
TINYIMAGENET,resnet18,knn_distance_cover,3,knn_distance_cover_3_50b,complete,97,4950,12.519999999999996,114.0,11.469999999999999,516.1911797523499,2.971255302429199,2.718600273132324,521.8810353279114,False
TINYIMAGENET,resnet18,knn_distance_cover,3,knn_distance_cover_3_50b,complete,98,5000,12.799999999999997,10.0,11.409999999999997,510.4561803340912,2.9674715995788574,6.851105690002441,520.2747576236725,False
TINYIMAGENET,resnet18,knn_distance_cover,3,knn_distance_cover_3_50b,complete,99,5050,12.879999999999995,120.0,11.980000000000004,522.8464820384979,2.9697208404541016,6.262422561645508,532.0786254405975,False
TINYIMAGENET,resnet18,knn_distance_cover,3,knn_distance_cover_3_50b,complete,100,5050,13.120000000000005,178.0,12.129999999999995,527.8457491397858,2.9701404571533203,0.0,530.8158895969391,False
TINYIMAGENET,resnet18,knn_distance_cover,4,knn_distance_cover_4_50b,complete,-1,50,,,,,,2.787315607070923,2.787315607070923,True
TINYIMAGENET,resnet18,knn_distance_cover,4,knn_distance_cover_4_50b,complete,0,100,1.9599999999999937,114.0,2.030000000000001,164.74484205245972,3.032073497772217,2.7561275959014893,170.53304314613342,False
TINYIMAGENET,resnet18,knn_distance_cover,4,knn_distance_cover_4_50b,complete,1,150,2.5,186.0,2.019999999999996,166.24970889091492,3.2120511531829834,2.7382261753082275,172.19998621940613,False
TINYIMAGENET,resnet18,knn_distance_cover,4,knn_distance_cover_4_50b,complete,2,200,2.5799999999999983,106.0,2.569999999999993,167.59550714492798,3.031952142715454,2.6964898109436035,173.32394909858704,False
TINYIMAGENET,resnet18,knn_distance_cover,4,knn_distance_cover_4_50b,complete,3,250,2.6599999999999966,50.0,2.5600000000000023,176.58377528190613,3.01116943359375,2.7289490699768066,182.32389378547668,False
TINYIMAGENET,resnet18,knn_distance_cover,4,knn_distance_cover_4_50b,complete,4,300,3.1599999999999966,148.0,2.569999999999993,174.52707934379578,3.0928258895874023,2.772291898727417,180.3921971321106,False
TINYIMAGENET,resnet18,knn_distance_cover,4,knn_distance_cover_4_50b,complete,5,350,3.4000000000000057,184.0,2.9099999999999966,185.3303701877594,3.0247278213500977,2.9006636142730713,191.25576162338257,False
TINYIMAGENET,resnet18,knn_distance_cover,4,knn_distance_cover_4_50b,complete,6,400,3.4399999999999977,178.0,2.819999999999993,190.37672758102417,3.945065975189209,2.7791099548339844,197.10090351104736,False
TINYIMAGENET,resnet18,knn_distance_cover,4,knn_distance_cover_4_50b,complete,7,450,3.6599999999999966,158.0,3.1899999999999977,195.79717588424683,3.9938571453094482,2.913367986679077,202.70440101623535,False
TINYIMAGENET,resnet18,knn_distance_cover,4,knn_distance_cover_4_50b,complete,8,500,4.1200000000000045,192.0,3.6899999999999977,193.35996413230896,3.159667730331421,2.7640342712402344,199.28366613388062,False
TINYIMAGENET,resnet18,knn_distance_cover,4,knn_distance_cover_4_50b,complete,9,550,4.299999999999997,190.0,3.6599999999999966,200.86177134513855,3.024890661239624,2.762774705886841,206.64943671226501,False
TINYIMAGENET,resnet18,knn_distance_cover,4,knn_distance_cover_4_50b,complete,10,600,4.359999999999999,90.0,4.159999999999997,200.68872213363647,2.9393277168273926,2.7757155895233154,206.40376543998718,False
TINYIMAGENET,resnet18,knn_distance_cover,4,knn_distance_cover_4_50b,complete,11,650,4.3799999999999955,72.0,3.980000000000004,210.35254192352295,3.0054171085357666,2.760775089263916,216.11873412132263,False
TINYIMAGENET,resnet18,knn_distance_cover,4,knn_distance_cover_4_50b,complete,12,700,4.480000000000004,80.0,4.159999999999997,207.93650794029236,3.8604540824890137,2.9296751022338867,214.72663712501526,False
TINYIMAGENET,resnet18,knn_distance_cover,4,knn_distance_cover_4_50b,complete,13,750,4.519999999999996,80.0,4.299999999999997,217.21837496757507,3.1522297859191895,2.784367799758911,223.15497255325317,False
TINYIMAGENET,resnet18,knn_distance_cover,4,knn_distance_cover_4_50b,complete,14,800,4.700000000000003,32.0,4.700000000000003,216.82720685005188,2.962299346923828,2.756549596786499,222.5460557937622,False
TINYIMAGENET,resnet18,knn_distance_cover,4,knn_distance_cover_4_50b,complete,15,850,4.680000000000007,140.0,4.659999999999997,222.55252528190613,2.983482837677002,2.7988128662109375,228.33482098579407,False
TINYIMAGENET,resnet18,knn_distance_cover,4,knn_distance_cover_4_50b,complete,16,900,4.8799999999999955,14.0,4.670000000000002,224.0224735736847,3.099331855773926,2.7793097496032715,229.9011151790619,False
TINYIMAGENET,resnet18,knn_distance_cover,4,knn_distance_cover_4_50b,complete,17,950,4.900000000000006,76.0,4.769999999999996,231.71278309822083,2.965566635131836,2.7519330978393555,237.43028283119202,False
TINYIMAGENET,resnet18,knn_distance_cover,4,knn_distance_cover_4_50b,complete,18,1000,5.079999999999998,88.0,4.569999999999993,231.53828287124634,2.9218251705169678,2.7974016666412354,237.25750970840454,False
TINYIMAGENET,resnet18,knn_distance_cover,4,knn_distance_cover_4_50b,complete,19,1050,5.219999999999999,96.0,5.3700000000000045,237.99590945243835,3.979008197784424,2.9049439430236816,244.87986159324646,False
TINYIMAGENET,resnet18,knn_distance_cover,4,knn_distance_cover_4_50b,complete,20,1100,5.239999999999995,52.0,5.469999999999999,238.3448362350464,2.9765570163726807,2.801529884338379,244.12292313575745,False
TINYIMAGENET,resnet18,knn_distance_cover,4,knn_distance_cover_4_50b,complete,21,1150,5.200000000000003,174.0,5.319999999999993,249.22316098213196,2.958303213119507,2.7758240699768066,254.95728826522827,False
TINYIMAGENET,resnet18,knn_distance_cover,4,knn_distance_cover_4_50b,complete,22,1200,5.260000000000005,144.0,5.269999999999996,254.0232343673706,3.787052869796753,2.712475299835205,260.52276253700256,False
TINYIMAGENET,resnet18,knn_distance_cover,4,knn_distance_cover_4_50b,complete,23,1250,5.459999999999994,150.0,5.549999999999997,255.52889919281006,4.0057783126831055,2.909945487976074,262.44462299346924,False
TINYIMAGENET,resnet18,knn_distance_cover,4,knn_distance_cover_4_50b,complete,24,1300,5.599999999999994,108.0,5.709999999999994,252.38469195365906,3.9084384441375732,2.9289627075195312,259.22209310531616,False
TINYIMAGENET,resnet18,knn_distance_cover,4,knn_distance_cover_4_50b,complete,25,1350,5.819999999999993,78.0,5.650000000000006,260.94511914253235,3.049640655517578,2.851003646850586,266.8457634449005,False
TINYIMAGENET,resnet18,knn_distance_cover,4,knn_distance_cover_4_50b,complete,26,1400,5.959999999999994,64.0,6.069999999999993,262.60524249076843,2.956951379776001,2.792948007583618,268.35514187812805,False
TINYIMAGENET,resnet18,knn_distance_cover,4,knn_distance_cover_4_50b,complete,27,1450,6.140000000000001,14.0,6.390000000000001,268.0952572822571,3.1299045085906982,2.93338942527771,274.1585512161255,False
TINYIMAGENET,resnet18,knn_distance_cover,4,knn_distance_cover_4_50b,complete,28,1500,6.200000000000003,32.0,5.609999999999999,271.2686986923218,3.061044454574585,2.834923028945923,277.1646661758423,False
TINYIMAGENET,resnet18,knn_distance_cover,4,knn_distance_cover_4_50b,complete,29,1550,6.400000000000006,42.0,6.299999999999997,278.02027463912964,3.9393954277038574,3.0447630882263184,285.0044331550598,False
TINYIMAGENET,resnet18,knn_distance_cover,4,knn_distance_cover_4_50b,complete,30,1600,6.540000000000006,90.0,6.280000000000001,277.7916672229767,2.989161968231201,2.8154008388519287,283.5962300300598,False
TINYIMAGENET,resnet18,knn_distance_cover,4,knn_distance_cover_4_50b,complete,31,1650,6.579999999999998,88.0,6.099999999999994,284.4614896774292,2.955409288406372,2.742842435836792,290.15974140167236,False
TINYIMAGENET,resnet18,knn_distance_cover,4,knn_distance_cover_4_50b,complete,32,1700,6.519999999999996,88.0,6.599999999999994,284.52340745925903,2.97822904586792,2.813965320587158,290.3156018257141,False
TINYIMAGENET,resnet18,knn_distance_cover,4,knn_distance_cover_4_50b,complete,33,1750,6.799999999999997,144.0,6.459999999999994,291.95326352119446,3.090973138809204,2.9214653968811035,297.96570205688477,False
TINYIMAGENET,resnet18,knn_distance_cover,4,knn_distance_cover_4_50b,complete,34,1800,6.760000000000005,22.0,6.840000000000003,293.8398938179016,3.053776502609253,2.8217759132385254,299.7154462337494,False
TINYIMAGENET,resnet18,knn_distance_cover,4,knn_distance_cover_4_50b,complete,35,1850,6.760000000000005,96.0,6.930000000000007,309.11203169822693,2.999652624130249,2.8043487071990967,314.9160330295563,False
TINYIMAGENET,resnet18,knn_distance_cover,4,knn_distance_cover_4_50b,complete,36,1900,7.019999999999996,70.0,7.439999999999998,300.57540917396545,3.000430107116699,2.8048179149627686,306.3806571960449,False
TINYIMAGENET,resnet18,knn_distance_cover,4,knn_distance_cover_4_50b,complete,37,1950,7.1200000000000045,128.0,7.170000000000002,306.99201583862305,3.019592761993408,3.009849786758423,313.0214583873749,False
TINYIMAGENET,resnet18,knn_distance_cover,4,knn_distance_cover_4_50b,complete,38,2000,7.159999999999997,100.0,7.280000000000001,304.6488628387451,2.98409104347229,2.75565505027771,310.3886089324951,False
TINYIMAGENET,resnet18,knn_distance_cover,4,knn_distance_cover_4_50b,complete,39,2050,7.439999999999998,196.0,7.950000000000003,312.53608226776123,2.948768377304077,2.8929827213287354,318.37783336639404,False
TINYIMAGENET,resnet18,knn_distance_cover,4,knn_distance_cover_4_50b,complete,40,2100,7.400000000000006,46.0,7.510000000000005,313.5841746330261,2.978562355041504,2.849130630493164,319.4118676185608,False
TINYIMAGENET,resnet18,knn_distance_cover,4,knn_distance_cover_4_50b,complete,41,2150,7.739999999999995,6.0,7.150000000000006,320.55223631858826,2.947181463241577,2.917539596557617,326.41695737838745,False
TINYIMAGENET,resnet18,knn_distance_cover,4,knn_distance_cover_4_50b,complete,42,2200,7.799999999999997,182.0,7.709999999999994,322.14770102500916,2.9767673015594482,3.033823251724243,328.15829157829285,False
TINYIMAGENET,resnet18,knn_distance_cover,4,knn_distance_cover_4_50b,complete,43,2250,7.819999999999993,92.0,7.780000000000001,328.4881386756897,2.9940409660339355,3.409201145172119,334.89138078689575,False
TINYIMAGENET,resnet18,knn_distance_cover,4,knn_distance_cover_4_50b,complete,44,2300,8.060000000000002,84.0,7.549999999999997,328.85125374794006,3.1018617153167725,3.092574119567871,335.0456895828247,False
TINYIMAGENET,resnet18,knn_distance_cover,4,knn_distance_cover_4_50b,complete,45,2350,8.099999999999994,10.0,8.189999999999998,335.835520029068,3.0012753009796143,2.8620526790618896,341.6988480091095,False
TINYIMAGENET,resnet18,knn_distance_cover,4,knn_distance_cover_4_50b,complete,46,2400,8.5,198.0,7.609999999999999,344.06480646133423,3.4095993041992188,2.82645845413208,350.3008642196655,False
TINYIMAGENET,resnet18,knn_distance_cover,4,knn_distance_cover_4_50b,complete,47,2450,8.420000000000002,124.0,7.810000000000002,343.58183693885803,3.954740524291992,3.5013725757598877,351.0379500389099,False
TINYIMAGENET,resnet18,knn_distance_cover,4,knn_distance_cover_4_50b,complete,48,2500,8.340000000000003,36.0,8.019999999999996,343.4568135738373,3.0457534790039062,2.82612681388855,349.32869386672974,False
TINYIMAGENET,resnet18,knn_distance_cover,4,knn_distance_cover_4_50b,complete,49,2550,8.439999999999998,134.0,8.5,349.3145146369934,3.1859326362609863,2.934000253677368,355.43444752693176,False
TINYIMAGENET,resnet18,knn_distance_cover,4,knn_distance_cover_4_50b,complete,50,2600,8.799999999999997,148.0,8.219999999999999,352.708295583725,3.1411144733428955,3.2352652549743652,359.08467531204224,False
TINYIMAGENET,resnet18,knn_distance_cover,4,knn_distance_cover_4_50b,complete,51,2650,8.700000000000003,188.0,8.349999999999994,357.9292821884155,2.980471611022949,2.92012357711792,363.8298773765564,False
TINYIMAGENET,resnet18,knn_distance_cover,4,knn_distance_cover_4_50b,complete,52,2700,8.939999999999998,114.0,8.180000000000007,356.9829158782959,3.051511287689209,3.127275228500366,363.1617023944855,False
TINYIMAGENET,resnet18,knn_distance_cover,4,knn_distance_cover_4_50b,complete,53,2750,8.939999999999998,72.0,8.480000000000004,365.06830167770386,2.9861419200897217,3.0397210121154785,371.09416460990906,False
TINYIMAGENET,resnet18,knn_distance_cover,4,knn_distance_cover_4_50b,complete,54,2800,9.0,2.0,9.040000000000006,365.9213709831238,3.142759084701538,3.202955484390259,372.2670855522156,False
TINYIMAGENET,resnet18,knn_distance_cover,4,knn_distance_cover_4_50b,complete,55,2850,9.200000000000003,28.0,8.909999999999997,373.42759346961975,3.457486152648926,5.985816717147827,382.8708963394165,False
TINYIMAGENET,resnet18,knn_distance_cover,4,knn_distance_cover_4_50b,complete,56,2900,9.219999999999999,72.0,8.989999999999995,382.2462019920349,4.230559825897217,3.262136220932007,389.73889803886414,False
TINYIMAGENET,resnet18,knn_distance_cover,4,knn_distance_cover_4_50b,complete,57,2950,9.280000000000001,34.0,8.629999999999995,380.38406896591187,3.8093059062957764,3.2313191890716553,387.4246940612793,False
TINYIMAGENET,resnet18,knn_distance_cover,4,knn_distance_cover_4_50b,complete,58,3000,9.400000000000006,56.0,8.939999999999998,380.3049809932709,3.09614896774292,2.859323024749756,386.26045298576355,False
TINYIMAGENET,resnet18,knn_distance_cover,4,knn_distance_cover_4_50b,complete,59,3050,9.599999999999994,154.0,9.299999999999997,387.3685071468353,2.9840385913848877,2.8494205474853516,393.20196628570557,False
TINYIMAGENET,resnet18,knn_distance_cover,4,knn_distance_cover_4_50b,complete,60,3100,9.519999999999996,184.0,9.170000000000002,387.00747442245483,3.003523588180542,5.2499542236328125,395.2609522342682,False
TINYIMAGENET,resnet18,knn_distance_cover,4,knn_distance_cover_4_50b,complete,61,3150,9.64,50.0,9.310000000000002,392.85493636131287,2.9027137756347656,2.9295296669006348,398.68717980384827,False
TINYIMAGENET,resnet18,knn_distance_cover,4,knn_distance_cover_4_50b,complete,62,3200,9.519999999999996,140.0,9.680000000000007,394.87379121780396,3.8317348957061768,3.713895797729492,402.4194219112396,False
TINYIMAGENET,resnet18,knn_distance_cover,4,knn_distance_cover_4_50b,complete,63,3250,9.959999999999994,190.0,9.680000000000007,406.08788776397705,3.7428016662597656,4.054459095001221,413.88514852523804,False
TINYIMAGENET,resnet18,knn_distance_cover,4,knn_distance_cover_4_50b,complete,64,3300,10.040000000000006,184.0,9.590000000000003,401.40742015838623,3.0340347290039062,3.8679919242858887,408.309446811676,False
TINYIMAGENET,resnet18,knn_distance_cover,4,knn_distance_cover_4_50b,complete,65,3350,9.819999999999993,58.0,9.780000000000001,418.0575158596039,3.1914474964141846,2.8722097873687744,424.12117314338684,False
TINYIMAGENET,resnet18,knn_distance_cover,4,knn_distance_cover_4_50b,complete,66,3400,9.879999999999995,104.0,9.599999999999994,408.4365408420563,3.047654628753662,4.468095064163208,415.95229053497314,False
TINYIMAGENET,resnet18,knn_distance_cover,4,knn_distance_cover_4_50b,complete,67,3450,10.14,190.0,9.349999999999994,415.0721697807312,2.9390969276428223,5.215214252471924,423.22648096084595,False
TINYIMAGENET,resnet18,knn_distance_cover,4,knn_distance_cover_4_50b,complete,68,3500,10.060000000000002,134.0,9.769999999999996,415.9186587333679,3.0785555839538574,2.8638088703155518,421.86102318763733,False
TINYIMAGENET,resnet18,knn_distance_cover,4,knn_distance_cover_4_50b,complete,69,3550,10.040000000000006,74.0,9.480000000000004,420.81920862197876,2.9891650676727295,4.185270547866821,427.9936442375183,False
TINYIMAGENET,resnet18,knn_distance_cover,4,knn_distance_cover_4_50b,complete,70,3600,10.319999999999993,10.0,10.25,422.8368926048279,2.984398126602173,4.8904640674591064,430.71175479888916,False
TINYIMAGENET,resnet18,knn_distance_cover,4,knn_distance_cover_4_50b,complete,71,3650,10.379999999999995,96.0,9.849999999999994,429.8317062854767,3.0673911571502686,3.0924508571624756,435.99154829978943,False
TINYIMAGENET,resnet18,knn_distance_cover,4,knn_distance_cover_4_50b,complete,72,3700,10.480000000000004,120.0,9.969999999999999,434.142694234848,2.9686994552612305,6.685625076293945,443.7970187664032,False
TINYIMAGENET,resnet18,knn_distance_cover,4,knn_distance_cover_4_50b,complete,73,3750,10.180000000000007,16.0,10.150000000000006,448.2559585571289,4.0133984088897705,2.9732580184936523,455.24261498451233,False
TINYIMAGENET,resnet18,knn_distance_cover,4,knn_distance_cover_4_50b,complete,74,3800,10.459999999999994,8.0,10.349999999999994,438.2184238433838,3.0886178016662598,2.9683127403259277,444.275354385376,False
TINYIMAGENET,resnet18,knn_distance_cover,4,knn_distance_cover_4_50b,complete,75,3850,10.579999999999998,68.0,10.36,443.7171778678894,3.111452102661133,5.863914966583252,452.6925449371338,False
TINYIMAGENET,resnet18,knn_distance_cover,4,knn_distance_cover_4_50b,complete,76,3900,10.760000000000005,110.0,10.39,446.866991519928,3.1863369941711426,7.918922662734985,457.9722511768341,False
TINYIMAGENET,resnet18,knn_distance_cover,4,knn_distance_cover_4_50b,complete,77,3950,10.840000000000003,52.0,10.519999999999996,450.7507846355438,3.964714765548706,7.515909910202026,462.23140931129456,False
TINYIMAGENET,resnet18,knn_distance_cover,4,knn_distance_cover_4_50b,complete,78,4000,10.959999999999994,172.0,10.840000000000003,450.9301254749298,2.992284059524536,2.8177199363708496,456.7401294708252,False
TINYIMAGENET,resnet18,knn_distance_cover,4,knn_distance_cover_4_50b,complete,79,4050,11.040000000000006,96.0,10.64,456.6121985912323,3.9171173572540283,5.735410690307617,466.26472663879395,False
TINYIMAGENET,resnet18,knn_distance_cover,4,knn_distance_cover_4_50b,complete,80,4100,10.939999999999998,90.0,10.489999999999995,462.2214684486389,3.0172460079193115,7.07470440864563,472.31341886520386,False
TINYIMAGENET,resnet18,knn_distance_cover,4,knn_distance_cover_4_50b,complete,81,4150,11.219999999999999,160.0,10.709999999999994,471.5495843887329,2.9534475803375244,4.438206434249878,478.9412384033203,False
TINYIMAGENET,resnet18,knn_distance_cover,4,knn_distance_cover_4_50b,complete,82,4200,11.099999999999994,56.0,10.939999999999998,465.69092297554016,3.0035135746002197,2.845590353012085,471.54002690315247,False
TINYIMAGENET,resnet18,knn_distance_cover,4,knn_distance_cover_4_50b,complete,83,4250,11.379999999999995,52.0,10.760000000000005,442.73546504974365,2.9450466632843018,5.512085914611816,451.19259762763977,False
TINYIMAGENET,resnet18,knn_distance_cover,4,knn_distance_cover_4_50b,complete,84,4300,11.579999999999998,136.0,10.980000000000004,440.9821627140045,2.9107882976531982,6.8434131145477295,450.73636412620544,False
TINYIMAGENET,resnet18,knn_distance_cover,4,knn_distance_cover_4_50b,complete,85,4350,11.439999999999998,132.0,10.870000000000005,448.4484329223633,2.9000751972198486,5.12647557258606,456.4749836921692,False
TINYIMAGENET,resnet18,knn_distance_cover,4,knn_distance_cover_4_50b,complete,86,4400,11.719999999999999,114.0,10.420000000000002,448.91617226600647,2.8443117141723633,8.010584592819214,459.77106857299805,False
TINYIMAGENET,resnet18,knn_distance_cover,4,knn_distance_cover_4_50b,complete,87,4450,11.840000000000003,172.0,11.0,455.9362051486969,2.92775821685791,7.011378765106201,465.875342130661,False
TINYIMAGENET,resnet18,knn_distance_cover,4,knn_distance_cover_4_50b,complete,88,4500,11.879999999999995,142.0,11.319999999999993,455.12479972839355,3.019061326980591,5.550276279449463,463.6941373348236,False
TINYIMAGENET,resnet18,knn_distance_cover,4,knn_distance_cover_4_50b,complete,89,4550,11.680000000000007,116.0,11.730000000000004,470.2129418849945,2.8948183059692383,8.030313730239868,481.1380739212036,False
TINYIMAGENET,resnet18,knn_distance_cover,4,knn_distance_cover_4_50b,complete,90,4600,11.780000000000001,8.0,11.469999999999999,460.61100912094116,2.8920047283172607,4.020151376724243,467.52316522598267,False
TINYIMAGENET,resnet18,knn_distance_cover,4,knn_distance_cover_4_50b,complete,91,4650,11.959999999999994,168.0,11.129999999999995,469.87546730041504,2.864591360092163,2.907602071762085,475.6476607322693,False
TINYIMAGENET,resnet18,knn_distance_cover,4,knn_distance_cover_4_50b,complete,92,4700,12.120000000000005,68.0,11.459999999999994,468.15666127204895,2.8316917419433594,4.067784309387207,475.0561373233795,False
TINYIMAGENET,resnet18,knn_distance_cover,4,knn_distance_cover_4_50b,complete,93,4750,12.14,124.0,11.25,477.5897727012634,2.8749277591705322,2.728130340576172,483.19283080101013,False
TINYIMAGENET,resnet18,knn_distance_cover,4,knn_distance_cover_4_50b,complete,94,4800,12.120000000000005,136.0,11.680000000000007,475.6739356517792,2.8652491569519043,2.8222856521606445,481.3614704608917,False
TINYIMAGENET,resnet18,knn_distance_cover,4,knn_distance_cover_4_50b,complete,95,4850,12.299999999999997,22.0,11.909999999999997,482.1891391277313,3.7292819023132324,7.207021951675415,493.12544298171997,False
TINYIMAGENET,resnet18,knn_distance_cover,4,knn_distance_cover_4_50b,complete,96,4900,12.439999999999998,6.0,11.579999999999998,490.7260615825653,3.052725076675415,6.34515118598938,500.1239378452301,False
TINYIMAGENET,resnet18,knn_distance_cover,4,knn_distance_cover_4_50b,complete,97,4950,12.420000000000002,116.0,11.819999999999993,487.98323249816895,3.096608877182007,2.8352532386779785,493.91509461402893,False
TINYIMAGENET,resnet18,knn_distance_cover,4,knn_distance_cover_4_50b,complete,98,5000,12.420000000000002,124.0,11.569999999999993,488.6542513370514,2.933929681777954,2.891474485397339,494.4796555042267,False
TINYIMAGENET,resnet18,knn_distance_cover,4,knn_distance_cover_4_50b,complete,99,5050,12.659999999999997,100.0,12.150000000000006,496.21935296058655,2.8595428466796875,2.7367920875549316,501.81568789482117,False
TINYIMAGENET,resnet18,knn_distance_cover,4,knn_distance_cover_4_50b,complete,100,5050,12.620000000000005,54.0,11.89,495.9570834636688,2.8172216415405273,0.0,498.77430510520935,False
TINYIMAGENET,resnet18,knn_distance_cover,5,knn_distance_cover_5_50b,complete,-1,50,,,,,,4.428446054458618,4.428446054458618,True
TINYIMAGENET,resnet18,knn_distance_cover,5,knn_distance_cover_5_50b,complete,0,100,2.5999999999999943,54.0,1.9099999999999966,174.43645644187927,3.2308261394500732,8.111346244812012,185.77862882614136,False
TINYIMAGENET,resnet18,knn_distance_cover,5,knn_distance_cover_5_50b,complete,1,150,2.680000000000007,38.0,2.319999999999993,174.3335645198822,3.09318470954895,2.8403398990631104,180.26708912849426,False
TINYIMAGENET,resnet18,knn_distance_cover,5,knn_distance_cover_5_50b,complete,2,200,2.819999999999993,130.0,2.3400000000000034,173.2572569847107,3.7265138626098633,4.328978776931763,181.31274962425232,False
TINYIMAGENET,resnet18,knn_distance_cover,5,knn_distance_cover_5_50b,complete,3,250,3.0,186.0,2.180000000000007,182.52046918869019,3.760871648788452,4.721619606018066,191.0029604434967,False
TINYIMAGENET,resnet18,knn_distance_cover,5,knn_distance_cover_5_50b,complete,4,300,3.260000000000005,66.0,2.799999999999997,182.37080240249634,3.7259504795074463,4.57838773727417,190.67514061927795,False
TINYIMAGENET,resnet18,knn_distance_cover,5,knn_distance_cover_5_50b,complete,5,350,3.5400000000000063,126.0,2.980000000000004,191.0711989402771,3.735668420791626,7.701460599899292,202.50832796096802,False
TINYIMAGENET,resnet18,knn_distance_cover,5,knn_distance_cover_5_50b,complete,6,400,3.6200000000000045,46.0,2.950000000000003,192.0614776611328,3.8307182788848877,7.694333076477051,203.58652901649475,False
TINYIMAGENET,resnet18,knn_distance_cover,5,knn_distance_cover_5_50b,complete,7,450,3.980000000000004,110.0,3.1400000000000006,200.26491236686707,3.718938112258911,7.027178764343262,211.01102924346924,False
TINYIMAGENET,resnet18,knn_distance_cover,5,knn_distance_cover_5_50b,complete,8,500,4.040000000000006,156.0,3.280000000000001,201.4936203956604,3.7544658184051514,7.7346510887146,212.98273730278015,False
TINYIMAGENET,resnet18,knn_distance_cover,5,knn_distance_cover_5_50b,complete,9,550,4.200000000000003,48.0,3.489999999999995,209.05622959136963,3.794865369796753,7.652333498001099,220.50342845916748,False
TINYIMAGENET,resnet18,knn_distance_cover,5,knn_distance_cover_5_50b,complete,10,600,4.439999999999998,118.0,4.069999999999993,208.9500858783722,3.4195120334625244,6.898613929748535,219.26821184158325,False
TINYIMAGENET,resnet18,knn_distance_cover,5,knn_distance_cover_5_50b,complete,11,650,4.780000000000001,94.0,4.030000000000001,217.7008090019226,3.0275585651397705,6.666191577911377,227.39455914497375,False
TINYIMAGENET,resnet18,knn_distance_cover,5,knn_distance_cover_5_50b,complete,12,700,4.739999999999995,90.0,4.180000000000007,218.61064267158508,3.138341188430786,3.7014293670654297,225.4504132270813,False
TINYIMAGENET,resnet18,knn_distance_cover,5,knn_distance_cover_5_50b,complete,13,750,5.140000000000001,148.0,4.420000000000002,225.24583649635315,3.1379663944244385,2.909921407699585,231.29372429847717,False
TINYIMAGENET,resnet18,knn_distance_cover,5,knn_distance_cover_5_50b,complete,14,800,5.239999999999995,194.0,4.640000000000001,225.77088618278503,3.1223206520080566,3.3434672355651855,232.23667407035828,False
TINYIMAGENET,resnet18,knn_distance_cover,5,knn_distance_cover_5_50b,complete,15,850,5.3799999999999955,64.0,4.829999999999998,231.44075393676758,3.805927276611328,3.1157307624816895,238.3624119758606,False
TINYIMAGENET,resnet18,knn_distance_cover,5,knn_distance_cover_5_50b,complete,16,900,5.680000000000007,158.0,4.599999999999994,242.06126642227173,3.860170364379883,3.0922305583953857,249.013667345047,False
TINYIMAGENET,resnet18,knn_distance_cover,5,knn_distance_cover_5_50b,complete,17,950,5.519999999999996,54.0,4.920000000000002,239.75298833847046,3.7504076957702637,3.0850439071655273,246.58843994140625,False
TINYIMAGENET,resnet18,knn_distance_cover,5,knn_distance_cover_5_50b,complete,18,1000,5.700000000000003,106.0,4.849999999999994,238.32656860351562,3.772315263748169,3.1857306957244873,245.28461456298828,False
TINYIMAGENET,resnet18,knn_distance_cover,5,knn_distance_cover_5_50b,complete,19,1050,5.8799999999999955,106.0,5.459999999999994,246.61517143249512,3.660953998565674,3.1029748916625977,253.3791003227234,False
TINYIMAGENET,resnet18,knn_distance_cover,5,knn_distance_cover_5_50b,complete,20,1100,6.280000000000001,82.0,5.390000000000001,247.74766087532043,3.8019845485687256,3.1459953784942627,254.69564080238342,False
TINYIMAGENET,resnet18,knn_distance_cover,5,knn_distance_cover_5_50b,complete,21,1150,6.1200000000000045,162.0,5.459999999999994,255.07973790168762,3.711629867553711,3.2596116065979004,262.05097937583923,False
TINYIMAGENET,resnet18,knn_distance_cover,5,knn_distance_cover_5_50b,complete,22,1200,6.299999999999997,60.0,5.819999999999993,254.17256879806519,3.719183921813965,4.84049654006958,262.73224925994873,False
TINYIMAGENET,resnet18,knn_distance_cover,5,knn_distance_cover_5_50b,complete,23,1250,6.3799999999999955,148.0,5.790000000000006,262.3313412666321,3.7049593925476074,6.278204917907715,272.3145055770874,False
TINYIMAGENET,resnet18,knn_distance_cover,5,knn_distance_cover_5_50b,complete,24,1300,6.519999999999996,78.0,6.010000000000005,264.79042410850525,3.6604888439178467,6.371388912200928,274.822301864624,False
TINYIMAGENET,resnet18,knn_distance_cover,5,knn_distance_cover_5_50b,complete,25,1350,6.519999999999996,104.0,5.719999999999999,271.1891462802887,2.9615890979766846,7.191303491592407,281.3420388698578,False
TINYIMAGENET,resnet18,knn_distance_cover,5,knn_distance_cover_5_50b,complete,26,1400,6.640000000000001,30.0,6.189999999999998,272.67737650871277,3.0979409217834473,7.2140703201293945,282.9893877506256,False
TINYIMAGENET,resnet18,knn_distance_cover,5,knn_distance_cover_5_50b,complete,27,1450,6.859999999999999,76.0,6.1200000000000045,278.54806685447693,3.0216941833496094,7.3616108894348145,288.93137192726135,False
TINYIMAGENET,resnet18,knn_distance_cover,5,knn_distance_cover_5_50b,complete,28,1500,7.040000000000006,154.0,6.090000000000003,279.4912850856781,3.0853002071380615,7.469908952713013,290.0464942455292,False
TINYIMAGENET,resnet18,knn_distance_cover,5,knn_distance_cover_5_50b,complete,29,1550,7.200000000000003,94.0,6.150000000000006,294.4852612018585,3.6878623962402344,7.281668424606323,305.4547920227051,False
TINYIMAGENET,resnet18,knn_distance_cover,5,knn_distance_cover_5_50b,complete,30,1600,7.299999999999997,30.0,6.180000000000007,286.12824535369873,3.0437848567962646,2.8640758991241455,292.03610610961914,False
TINYIMAGENET,resnet18,knn_distance_cover,5,knn_distance_cover_5_50b,complete,31,1650,7.260000000000005,76.0,6.090000000000003,293.97745275497437,3.0524444580078125,2.9285566806793213,299.9584538936615,False
TINYIMAGENET,resnet18,knn_distance_cover,5,knn_distance_cover_5_50b,complete,32,1700,7.359999999999999,142.0,5.859999999999999,293.88263750076294,3.0868735313415527,2.909233570098877,299.87874460220337,False
TINYIMAGENET,resnet18,knn_distance_cover,5,knn_distance_cover_5_50b,complete,33,1750,7.739999999999995,86.0,6.430000000000007,301.6936414241791,3.031982660293579,2.87414813041687,307.5997722148895,False
TINYIMAGENET,resnet18,knn_distance_cover,5,knn_distance_cover_5_50b,complete,34,1800,7.540000000000006,198.0,6.799999999999997,299.48936009407043,3.0465235710144043,3.785095691680908,306.32097935676575,False
TINYIMAGENET,resnet18,knn_distance_cover,5,knn_distance_cover_5_50b,complete,35,1850,7.459999999999994,114.0,6.730000000000004,307.4816110134125,3.0618247985839844,2.9182543754577637,313.4616901874542,False
TINYIMAGENET,resnet18,knn_distance_cover,5,knn_distance_cover_5_50b,complete,36,1900,7.719999999999999,56.0,6.469999999999999,307.149765253067,3.184225559234619,2.9571874141693115,313.29117822647095,False
TINYIMAGENET,resnet18,knn_distance_cover,5,knn_distance_cover_5_50b,complete,37,1950,8.0,62.0,7.420000000000002,314.7802851200104,3.058279275894165,2.9331846237182617,320.7717490196228,False
TINYIMAGENET,resnet18,knn_distance_cover,5,knn_distance_cover_5_50b,complete,38,2000,8.0,42.0,7.150000000000006,316.82646918296814,3.080786943435669,3.0537984371185303,322.96105456352234,False
TINYIMAGENET,resnet18,knn_distance_cover,5,knn_distance_cover_5_50b,complete,39,2050,7.8799999999999955,176.0,7.060000000000002,325.2766058444977,3.1309397220611572,2.9386584758758545,331.3462040424347,False
TINYIMAGENET,resnet18,knn_distance_cover,5,knn_distance_cover_5_50b,complete,40,2100,8.200000000000003,148.0,7.099999999999994,324.6803035736084,9.092835903167725,5.417687892913818,339.19082736968994,False
TINYIMAGENET,resnet18,knn_distance_cover,5,knn_distance_cover_5_50b,complete,41,2150,8.299999999999997,116.0,7.450000000000003,336.5437898635864,3.0909390449523926,2.866220712661743,342.50094962120056,False
TINYIMAGENET,resnet18,knn_distance_cover,5,knn_distance_cover_5_50b,complete,42,2200,8.219999999999999,14.0,7.180000000000007,332.45375871658325,3.10579514503479,2.873065233230591,338.43261909484863,False
TINYIMAGENET,resnet18,knn_distance_cover,5,knn_distance_cover_5_50b,complete,43,2250,8.280000000000001,62.0,7.519999999999996,338.65037727355957,3.617971181869507,2.998271942138672,345.26662039756775,False
TINYIMAGENET,resnet18,knn_distance_cover,5,knn_distance_cover_5_50b,complete,44,2300,8.719999999999999,4.0,7.640000000000001,340.13087487220764,3.6759326457977295,3.0176656246185303,346.8244731426239,False
TINYIMAGENET,resnet18,knn_distance_cover,5,knn_distance_cover_5_50b,complete,45,2350,8.400000000000006,26.0,7.769999999999996,346.0629930496216,3.7159175872802734,3.0331311225891113,352.81204175949097,False
TINYIMAGENET,resnet18,knn_distance_cover,5,knn_distance_cover_5_50b,complete,46,2400,8.540000000000006,38.0,7.840000000000003,346.7135100364685,3.619183301925659,3.0023727416992188,353.3350660800934,False
TINYIMAGENET,resnet18,knn_distance_cover,5,knn_distance_cover_5_50b,complete,47,2450,8.920000000000002,198.0,7.670000000000002,353.85350489616394,3.031796932220459,2.9806926250457764,359.8659944534302,False
TINYIMAGENET,resnet18,knn_distance_cover,5,knn_distance_cover_5_50b,complete,48,2500,8.879999999999995,38.0,8.319999999999993,353.1868212223053,3.1276159286499023,2.901796579360962,359.21623373031616,False
TINYIMAGENET,resnet18,knn_distance_cover,5,knn_distance_cover_5_50b,complete,49,2550,9.060000000000002,40.0,8.370000000000005,361.82299399375916,3.2696268558502197,2.904834747314453,367.9974555969238,False
TINYIMAGENET,resnet18,knn_distance_cover,5,knn_distance_cover_5_50b,complete,50,2600,9.180000000000007,24.0,8.489999999999995,360.7295320034027,3.12514066696167,2.792194128036499,366.6468667984009,False
TINYIMAGENET,resnet18,knn_distance_cover,5,knn_distance_cover_5_50b,complete,51,2650,9.159999999999997,144.0,8.689999999999998,376.2228350639343,3.032167911529541,2.86527681350708,382.12027978897095,False
TINYIMAGENET,resnet18,knn_distance_cover,5,knn_distance_cover_5_50b,complete,52,2700,9.260000000000005,36.0,8.689999999999998,366.87114214897156,3.663141965866089,3.0127246379852295,373.5470087528229,False
TINYIMAGENET,resnet18,knn_distance_cover,5,knn_distance_cover_5_50b,complete,53,2750,9.540000000000006,30.0,8.489999999999995,374.9724848270416,3.63564133644104,6.902800798416138,385.5109269618988,False
TINYIMAGENET,resnet18,knn_distance_cover,5,knn_distance_cover_5_50b,complete,54,2800,9.819999999999993,66.0,8.819999999999993,374.038072347641,3.6473495960235596,7.217466115951538,384.9028880596161,False
TINYIMAGENET,resnet18,knn_distance_cover,5,knn_distance_cover_5_50b,complete,55,2850,9.879999999999995,158.0,9.010000000000005,383.0520136356354,3.6705265045166016,7.668029546737671,394.39056968688965,False
TINYIMAGENET,resnet18,knn_distance_cover,5,knn_distance_cover_5_50b,complete,56,2900,9.939999999999998,62.0,9.120000000000005,383.1815528869629,3.6267075538635254,8.17647671699524,394.98473715782166,False
TINYIMAGENET,resnet18,knn_distance_cover,5,knn_distance_cover_5_50b,complete,57,2950,9.840000000000003,112.0,8.939999999999998,391.5299210548401,3.6785712242126465,6.1467742919921875,401.3552665710449,False
TINYIMAGENET,resnet18,knn_distance_cover,5,knn_distance_cover_5_50b,complete,58,3000,9.980000000000004,36.0,9.040000000000006,391.27063512802124,3.6878929138183594,7.361781597137451,402.32030963897705,False
TINYIMAGENET,resnet18,knn_distance_cover,5,knn_distance_cover_5_50b,complete,59,3050,10.200000000000003,182.0,9.049999999999997,398.21220445632935,3.6725001335144043,8.560321807861328,410.4450263977051,False
TINYIMAGENET,resnet18,knn_distance_cover,5,knn_distance_cover_5_50b,complete,60,3100,10.159999999999997,192.0,9.090000000000003,405.3506886959076,3.7605743408203125,6.733615875244141,415.84487891197205,False
TINYIMAGENET,resnet18,knn_distance_cover,5,knn_distance_cover_5_50b,complete,61,3150,10.099999999999994,124.0,9.11,404.20780849456787,3.6798386573791504,5.902701377868652,413.7903485298157,False
TINYIMAGENET,resnet18,knn_distance_cover,5,knn_distance_cover_5_50b,complete,62,3200,10.120000000000005,48.0,9.120000000000005,405.78594398498535,3.6290788650512695,6.016692161560059,415.4317150115967,False
TINYIMAGENET,resnet18,knn_distance_cover,5,knn_distance_cover_5_50b,complete,63,3250,10.180000000000007,56.0,9.36,412.37690114974976,3.6612467765808105,6.270987272262573,422.30913519859314,False
TINYIMAGENET,resnet18,knn_distance_cover,5,knn_distance_cover_5_50b,complete,64,3300,10.560000000000002,126.0,9.0,412.0674018859863,3.6857707500457764,8.34992790222168,424.1031005382538,False
TINYIMAGENET,resnet18,knn_distance_cover,5,knn_distance_cover_5_50b,complete,65,3350,10.420000000000002,122.0,9.680000000000007,420.73657870292664,3.673583745956421,5.722436904907227,430.1325993537903,False
TINYIMAGENET,resnet18,knn_distance_cover,5,knn_distance_cover_5_50b,complete,66,3400,10.420000000000002,172.0,9.689999999999998,420.9490473270416,3.7751388549804688,3.0247230529785156,427.7489092350006,False
TINYIMAGENET,resnet18,knn_distance_cover,5,knn_distance_cover_5_50b,complete,67,3450,10.560000000000002,26.0,9.590000000000003,429.1084485054016,3.6931490898132324,6.030503511428833,438.8321011066437,False
TINYIMAGENET,resnet18,knn_distance_cover,5,knn_distance_cover_5_50b,complete,68,3500,10.560000000000002,102.0,9.840000000000003,438.9503846168518,3.8950564861297607,3.02937912940979,445.87482023239136,False
TINYIMAGENET,resnet18,knn_distance_cover,5,knn_distance_cover_5_50b,complete,69,3550,10.739999999999995,38.0,9.989999999999995,435.2295892238617,3.8924145698547363,5.903019428253174,445.0250232219696,False
TINYIMAGENET,resnet18,knn_distance_cover,5,knn_distance_cover_5_50b,complete,70,3600,10.980000000000004,144.0,9.950000000000003,435.9517505168915,3.650588035583496,6.829070329666138,446.4314088821411,False
TINYIMAGENET,resnet18,knn_distance_cover,5,knn_distance_cover_5_50b,complete,71,3650,10.920000000000002,186.0,9.709999999999994,440.7167341709137,3.679396867752075,4.854329824447632,449.2504608631134,False
TINYIMAGENET,resnet18,knn_distance_cover,5,knn_distance_cover_5_50b,complete,72,3700,10.86,180.0,10.230000000000004,441.92506432533264,3.685408592224121,3.6976823806762695,449.30815529823303,False
TINYIMAGENET,resnet18,knn_distance_cover,5,knn_distance_cover_5_50b,complete,73,3750,11.099999999999994,52.0,10.260000000000005,449.87165808677673,3.6424334049224854,6.797713279724121,460.31180477142334,False
TINYIMAGENET,resnet18,knn_distance_cover,5,knn_distance_cover_5_50b,complete,74,3800,10.879999999999995,68.0,10.099999999999994,451.150484085083,3.655982494354248,6.1278135776519775,460.93428015708923,False
TINYIMAGENET,resnet18,knn_distance_cover,5,knn_distance_cover_5_50b,complete,75,3850,11.14,194.0,10.209999999999994,456.9535939693451,3.633817434310913,4.144956350326538,464.73236775398254,False
TINYIMAGENET,resnet18,knn_distance_cover,5,knn_distance_cover_5_50b,complete,76,3900,11.579999999999998,170.0,10.180000000000007,465.4291260242462,4.093780279159546,6.136083126068115,475.6589894294739,False
TINYIMAGENET,resnet18,knn_distance_cover,5,knn_distance_cover_5_50b,complete,77,3950,11.120000000000005,50.0,9.870000000000005,464.1074674129486,3.6667542457580566,4.009612083435059,471.7838337421417,False
TINYIMAGENET,resnet18,knn_distance_cover,5,knn_distance_cover_5_50b,complete,78,4000,11.400000000000006,10.0,10.189999999999998,464.61419773101807,3.676924467086792,9.556266069412231,477.8473882675171,False
TINYIMAGENET,resnet18,knn_distance_cover,5,knn_distance_cover_5_50b,complete,79,4050,11.260000000000005,182.0,10.150000000000006,472.34283351898193,3.6589772701263428,4.882459402084351,480.8842701911926,False
TINYIMAGENET,resnet18,knn_distance_cover,5,knn_distance_cover_5_50b,complete,80,4100,11.480000000000004,68.0,10.730000000000004,471.92529129981995,3.6465768814086914,5.683176040649414,481.25504422187805,False
TINYIMAGENET,resnet18,knn_distance_cover,5,knn_distance_cover_5_50b,complete,81,4150,11.5,14.0,10.510000000000005,481.2594463825226,3.764977216720581,5.478748083114624,490.5031716823578,False
TINYIMAGENET,resnet18,knn_distance_cover,5,knn_distance_cover_5_50b,complete,82,4200,11.840000000000003,96.0,10.829999999999998,481.02629947662354,3.6638762950897217,5.755338668823242,490.4455144405365,False
TINYIMAGENET,resnet18,knn_distance_cover,5,knn_distance_cover_5_50b,complete,83,4250,11.659999999999997,122.0,11.120000000000005,494.9496228694916,6.802794933319092,5.436441659927368,507.18885946273804,False
TINYIMAGENET,resnet18,knn_distance_cover,5,knn_distance_cover_5_50b,complete,84,4300,11.700000000000003,110.0,10.849999999999994,489.13471007347107,3.747053623199463,5.596980810165405,498.47874450683594,False
TINYIMAGENET,resnet18,knn_distance_cover,5,knn_distance_cover_5_50b,complete,85,4350,11.700000000000003,40.0,10.980000000000004,491.5919313430786,3.6804049015045166,5.2771735191345215,500.54950976371765,False
TINYIMAGENET,resnet18,knn_distance_cover,5,knn_distance_cover_5_50b,complete,86,4400,11.780000000000001,96.0,10.930000000000007,494.33248686790466,3.7043840885162354,5.264499664306641,503.30137062072754,False
TINYIMAGENET,resnet18,knn_distance_cover,5,knn_distance_cover_5_50b,complete,87,4450,12.079999999999998,164.0,10.980000000000004,503.1224331855774,3.703671932220459,7.70710563659668,514.5332107543945,False
TINYIMAGENET,resnet18,knn_distance_cover,5,knn_distance_cover_5_50b,complete,88,4500,12.260000000000005,16.0,10.849999999999994,498.89960765838623,3.631000518798828,7.788030385971069,510.3186385631561,False
TINYIMAGENET,resnet18,knn_distance_cover,5,knn_distance_cover_5_50b,complete,89,4550,12.14,192.0,10.939999999999998,509.1896584033966,3.6741888523101807,7.355225324630737,520.2190725803375,False
TINYIMAGENET,resnet18,knn_distance_cover,5,knn_distance_cover_5_50b,complete,90,4600,12.099999999999994,116.0,11.150000000000006,519.0419659614563,7.110790491104126,7.333863019943237,533.4866194725037,False
TINYIMAGENET,resnet18,knn_distance_cover,5,knn_distance_cover_5_50b,complete,91,4650,12.319999999999993,162.0,11.219999999999999,519.8862338066101,3.6483988761901855,7.359001398086548,530.8936340808868,False
TINYIMAGENET,resnet18,knn_distance_cover,5,knn_distance_cover_5_50b,complete,92,4700,12.519999999999996,44.0,11.599999999999994,514.9956705570221,3.665191888809204,7.392548561096191,526.0534110069275,False
TINYIMAGENET,resnet18,knn_distance_cover,5,knn_distance_cover_5_50b,complete,93,4750,12.519999999999996,18.0,11.540000000000006,522.421737909317,3.6984786987304688,7.6998231410980225,533.8200397491455,False
TINYIMAGENET,resnet18,knn_distance_cover,5,knn_distance_cover_5_50b,complete,94,4800,12.599999999999994,92.0,11.030000000000001,523.524251461029,3.670997381210327,7.28699517250061,534.48224401474,False
TINYIMAGENET,resnet18,knn_distance_cover,5,knn_distance_cover_5_50b,complete,95,4850,12.540000000000006,46.0,11.409999999999997,529.5174376964569,3.677746057510376,7.450532674789429,540.6457164287567,False
TINYIMAGENET,resnet18,knn_distance_cover,5,knn_distance_cover_5_50b,complete,96,4900,12.700000000000003,30.0,11.810000000000002,532.2783215045929,3.735267162322998,7.603113174438477,543.6167018413544,False
TINYIMAGENET,resnet18,knn_distance_cover,5,knn_distance_cover_5_50b,complete,97,4950,12.620000000000005,44.0,11.680000000000007,549.0408997535706,3.805391311645508,7.245589256286621,560.0918803215027,False
TINYIMAGENET,resnet18,knn_distance_cover,5,knn_distance_cover_5_50b,complete,98,5000,12.719999999999999,200.0,12.030000000000001,537.3584654331207,3.1905972957611084,5.7451746463775635,546.2942373752594,False
TINYIMAGENET,resnet18,knn_distance_cover,5,knn_distance_cover_5_50b,complete,99,5050,12.939999999999998,30.0,11.849999999999994,542.9483926296234,3.2698376178741455,5.529427528381348,551.7476577758789,False
TINYIMAGENET,resnet18,knn_distance_cover,5,knn_distance_cover_5_50b,complete,100,5050,12.799999999999997,198.0,11.540000000000006,544.5526900291443,3.135594367980957,0.0,547.6882843971252,False
