dataset,model,method,seed,exp_name,run_status,episode,labeled_count,best_val_accuracy,best_val_epoch,test_accuracy,train_time_sec,test_time_sec,acquisition_time_sec,round_time_sec,is_initial_sampling
TINYIMAGENET,resnet18,distance_variance_cover,1,distance_variance_cover_1_50b,complete,-1,50,,,,,,6.560315132141113,6.560315132141113,True
TINYIMAGENET,resnet18,distance_variance_cover,1,distance_variance_cover_1_50b,complete,0,100,2.200000000000003,116.0,2.269999999999996,156.86132335662842,3.001669406890869,6.492964029312134,166.35595679283142,False
TINYIMAGENET,resnet18,distance_variance_cover,1,distance_variance_cover_1_50b,complete,1,150,2.819999999999993,176.0,2.799999999999997,156.93309593200684,2.970276355743408,6.79110860824585,166.6944808959961,False
TINYIMAGENET,resnet18,distance_variance_cover,1,distance_variance_cover_1_50b,complete,2,200,2.9599999999999937,92.0,3.1899999999999977,157.79602122306824,2.903669834136963,2.7713773250579834,163.47106838226318,False
TINYIMAGENET,resnet18,distance_variance_cover,1,distance_variance_cover_1_50b,complete,3,250,3.4599999999999937,158.0,3.3900000000000006,166.4805805683136,3.009272813796997,2.81170916557312,172.30156254768372,False
TINYIMAGENET,resnet18,distance_variance_cover,1,distance_variance_cover_1_50b,complete,4,300,3.8599999999999994,184.0,3.5400000000000063,172.67987251281738,3.7973883152008057,2.8197691440582275,179.29702997207642,False
TINYIMAGENET,resnet18,distance_variance_cover,1,distance_variance_cover_1_50b,complete,5,350,4.780000000000001,176.0,4.049999999999997,177.70840716362,3.0268309116363525,2.8492326736450195,183.58447074890137,False
TINYIMAGENET,resnet18,distance_variance_cover,1,distance_variance_cover_1_50b,complete,6,400,5.1200000000000045,164.0,4.579999999999998,173.59820747375488,2.852966547012329,2.7919018268585205,179.24307584762573,False
TINYIMAGENET,resnet18,distance_variance_cover,1,distance_variance_cover_1_50b,complete,7,450,5.719999999999999,132.0,5.420000000000002,183.41404819488525,3.015474796295166,2.8391201496124268,189.26864314079285,False
TINYIMAGENET,resnet18,distance_variance_cover,1,distance_variance_cover_1_50b,complete,8,500,5.980000000000004,28.0,5.340000000000003,183.02414727210999,2.908299207687378,2.8352246284484863,188.76767110824585,False
TINYIMAGENET,resnet18,distance_variance_cover,1,distance_variance_cover_1_50b,complete,9,550,6.519999999999996,200.0,6.260000000000005,189.9133598804474,2.848580837249756,2.9914236068725586,195.7533643245697,False
TINYIMAGENET,resnet18,distance_variance_cover,1,distance_variance_cover_1_50b,complete,10,600,6.760000000000005,84.0,6.209999999999994,190.79932284355164,2.9431254863739014,2.837372303009033,196.57982063293457,False
TINYIMAGENET,resnet18,distance_variance_cover,1,distance_variance_cover_1_50b,complete,11,650,6.959999999999994,34.0,6.310000000000002,198.9796643257141,2.8669800758361816,2.830371141433716,204.677015542984,False
TINYIMAGENET,resnet18,distance_variance_cover,1,distance_variance_cover_1_50b,complete,12,700,7.299999999999997,188.0,6.430000000000007,199.2247772216797,2.946660280227661,2.8418939113616943,205.01333141326904,False
TINYIMAGENET,resnet18,distance_variance_cover,1,distance_variance_cover_1_50b,complete,13,750,7.260000000000005,118.0,7.030000000000001,207.0055160522461,2.953775405883789,2.8422999382019043,212.8015913963318,False
TINYIMAGENET,resnet18,distance_variance_cover,1,distance_variance_cover_1_50b,complete,14,800,7.780000000000001,74.0,6.810000000000002,206.40546560287476,2.8801050186157227,2.824178695678711,212.1097493171692,False
TINYIMAGENET,resnet18,distance_variance_cover,1,distance_variance_cover_1_50b,complete,15,850,7.739999999999995,106.0,6.8799999999999955,213.30962014198303,2.977198839187622,2.8260791301727295,219.11289811134338,False
TINYIMAGENET,resnet18,distance_variance_cover,1,distance_variance_cover_1_50b,complete,16,900,7.819999999999993,134.0,7.989999999999995,214.3932023048401,3.7236857414245605,3.0148489475250244,221.13173699378967,False
TINYIMAGENET,resnet18,distance_variance_cover,1,distance_variance_cover_1_50b,complete,17,950,8.519999999999996,192.0,7.6200000000000045,220.95963430404663,2.861746072769165,2.8566770553588867,226.67805743217468,False
TINYIMAGENET,resnet18,distance_variance_cover,1,distance_variance_cover_1_50b,complete,18,1000,8.620000000000005,92.0,7.609999999999999,223.01911330223083,3.795867919921875,3.060004472732544,229.87498569488525,False
TINYIMAGENET,resnet18,distance_variance_cover,1,distance_variance_cover_1_50b,complete,19,1050,8.700000000000003,78.0,8.030000000000001,228.32031846046448,2.9184510707855225,2.883540391921997,234.122309923172,False
TINYIMAGENET,resnet18,distance_variance_cover,1,distance_variance_cover_1_50b,complete,20,1100,8.980000000000004,30.0,7.909999999999997,229.8661594390869,3.6869497299194336,2.932051420211792,236.48516058921814,False
TINYIMAGENET,resnet18,distance_variance_cover,1,distance_variance_cover_1_50b,complete,21,1150,9.459999999999994,152.0,8.39,241.78679180145264,3.6451847553253174,2.8054463863372803,248.23742294311523,False
TINYIMAGENET,resnet18,distance_variance_cover,1,distance_variance_cover_1_50b,complete,22,1200,9.579999999999998,134.0,8.260000000000005,238.51281309127808,3.9231226444244385,2.9621810913085938,245.3981168270111,False
TINYIMAGENET,resnet18,distance_variance_cover,1,distance_variance_cover_1_50b,complete,23,1250,9.5,92.0,8.689999999999998,243.20491480827332,2.850025177001953,2.82367205619812,248.8786120414734,False
TINYIMAGENET,resnet18,distance_variance_cover,1,distance_variance_cover_1_50b,complete,24,1300,9.760000000000005,48.0,9.459999999999994,242.6334364414215,3.789707660675049,2.971043348312378,249.39418745040894,False
TINYIMAGENET,resnet18,distance_variance_cover,1,distance_variance_cover_1_50b,complete,25,1350,10.019999999999996,36.0,8.709999999999994,250.52966809272766,3.0077998638153076,2.815185785293579,256.35265374183655,False
TINYIMAGENET,resnet18,distance_variance_cover,1,distance_variance_cover_1_50b,complete,26,1400,10.14,178.0,9.030000000000001,250.69100737571716,3.834062099456787,2.9597043991088867,257.48477387428284,False
TINYIMAGENET,resnet18,distance_variance_cover,1,distance_variance_cover_1_50b,complete,27,1450,10.579999999999998,198.0,10.219999999999999,257.669513463974,2.9099619388580322,2.804766893386841,263.3842422962189,False
TINYIMAGENET,resnet18,distance_variance_cover,1,distance_variance_cover_1_50b,complete,28,1500,10.599999999999994,42.0,9.769999999999996,257.578736782074,2.9439969062805176,2.8411238193511963,263.3638575077057,False
TINYIMAGENET,resnet18,distance_variance_cover,1,distance_variance_cover_1_50b,complete,29,1550,10.840000000000003,28.0,10.25,264.0605483055115,2.903921365737915,2.7912662029266357,269.755735874176,False
TINYIMAGENET,resnet18,distance_variance_cover,1,distance_variance_cover_1_50b,complete,30,1600,11.019999999999996,118.0,9.89,265.1723599433899,2.8947863578796387,2.8111371994018555,270.8782835006714,False
TINYIMAGENET,resnet18,distance_variance_cover,1,distance_variance_cover_1_50b,complete,31,1650,11.200000000000003,110.0,10.25,270.92500591278076,2.8593573570251465,2.799065351486206,276.5834286212921,False
TINYIMAGENET,resnet18,distance_variance_cover,1,distance_variance_cover_1_50b,complete,32,1700,11.400000000000006,108.0,10.329999999999998,273.37499237060547,2.9390029907226562,2.834641218185425,279.14863657951355,False
TINYIMAGENET,resnet18,distance_variance_cover,1,distance_variance_cover_1_50b,complete,33,1750,11.340000000000003,84.0,10.989999999999995,280.23397278785706,3.9091134071350098,2.9307825565338135,287.0738687515259,False
TINYIMAGENET,resnet18,distance_variance_cover,1,distance_variance_cover_1_50b,complete,34,1800,11.64,98.0,10.290000000000006,280.7504692077637,3.0970637798309326,2.9678738117218018,286.8154067993164,False
TINYIMAGENET,resnet18,distance_variance_cover,1,distance_variance_cover_1_50b,complete,35,1850,12.079999999999998,50.0,11.340000000000003,297.5404031276703,3.0714621543884277,2.8474457263946533,303.45931100845337,False
TINYIMAGENET,resnet18,distance_variance_cover,1,distance_variance_cover_1_50b,complete,36,1900,12.319999999999993,164.0,11.269999999999996,286.8030469417572,2.9574320316314697,5.736779451370239,295.4972584247589,False
TINYIMAGENET,resnet18,distance_variance_cover,1,distance_variance_cover_1_50b,complete,37,1950,11.959999999999994,80.0,10.909999999999997,294.4481291770935,3.760324239730835,5.456993341445923,303.66544675827026,False
TINYIMAGENET,resnet18,distance_variance_cover,1,distance_variance_cover_1_50b,complete,38,2000,12.64,64.0,10.969999999999999,296.41805768013,3.6572256088256836,2.9177305698394775,302.99301385879517,False
TINYIMAGENET,resnet18,distance_variance_cover,1,distance_variance_cover_1_50b,complete,39,2050,12.400000000000006,40.0,11.760000000000005,315.2205271720886,3.0982701778411865,3.0597264766693115,321.3785238265991,False
TINYIMAGENET,resnet18,distance_variance_cover,1,distance_variance_cover_1_50b,complete,40,2100,12.920000000000002,124.0,11.650000000000006,315.89651441574097,2.976344108581543,2.9529473781585693,321.8258059024811,False
TINYIMAGENET,resnet18,distance_variance_cover,1,distance_variance_cover_1_50b,complete,41,2150,12.980000000000004,200.0,11.86,322.24950981140137,3.2151498794555664,2.9235727787017822,328.3882324695587,False
TINYIMAGENET,resnet18,distance_variance_cover,1,distance_variance_cover_1_50b,complete,42,2200,12.799999999999997,172.0,11.519999999999996,322.2973823547363,2.925823450088501,3.1222481727600098,328.34545397758484,False
TINYIMAGENET,resnet18,distance_variance_cover,1,distance_variance_cover_1_50b,complete,43,2250,13.060000000000002,98.0,11.760000000000005,329.26732778549194,3.0427467823028564,2.9681522846221924,335.278226852417,False
TINYIMAGENET,resnet18,distance_variance_cover,1,distance_variance_cover_1_50b,complete,44,2300,12.939999999999998,82.0,12.189999999999998,336.69920587539673,3.0132505893707275,2.984515428543091,342.69697189331055,False
TINYIMAGENET,resnet18,distance_variance_cover,1,distance_variance_cover_1_50b,complete,45,2350,13.060000000000002,106.0,12.159999999999997,349.075963973999,3.015955924987793,3.1060407161712646,355.1979606151581,False
TINYIMAGENET,resnet18,distance_variance_cover,1,distance_variance_cover_1_50b,complete,46,2400,13.379999999999995,194.0,12.060000000000002,361.096134185791,3.0157549381256104,3.189739227294922,367.30162835121155,False
TINYIMAGENET,resnet18,distance_variance_cover,1,distance_variance_cover_1_50b,complete,47,2450,13.239999999999995,20.0,12.349999999999994,357.1230125427246,3.035025119781494,3.2183306217193604,363.37636828422546,False
TINYIMAGENET,resnet18,distance_variance_cover,1,distance_variance_cover_1_50b,complete,48,2500,13.519999999999996,146.0,12.530000000000001,357.21181631088257,4.010804653167725,6.490107536315918,367.7127285003662,False
TINYIMAGENET,resnet18,distance_variance_cover,1,distance_variance_cover_1_50b,complete,49,2550,13.519999999999996,96.0,12.680000000000007,366.70894145965576,2.973559856414795,3.017878293991089,372.70037961006165,False
TINYIMAGENET,resnet18,distance_variance_cover,1,distance_variance_cover_1_50b,complete,50,2600,13.840000000000003,196.0,12.349999999999994,362.2801206111908,2.99247145652771,5.628972053527832,370.90156412124634,False
TINYIMAGENET,resnet18,distance_variance_cover,1,distance_variance_cover_1_50b,complete,51,2650,13.799999999999997,38.0,12.409999999999997,373.4767849445343,3.0578575134277344,7.2458531856536865,383.7804956436157,False
TINYIMAGENET,resnet18,distance_variance_cover,1,distance_variance_cover_1_50b,complete,52,2700,13.739999999999995,42.0,12.260000000000005,372.59982466697693,3.19518780708313,3.029123306274414,378.8241357803345,False
TINYIMAGENET,resnet18,distance_variance_cover,1,distance_variance_cover_1_50b,complete,53,2750,13.620000000000005,174.0,12.129999999999995,381.3209607601166,3.0376930236816406,3.105471611022949,387.46412539482117,False
TINYIMAGENET,resnet18,distance_variance_cover,1,distance_variance_cover_1_50b,complete,54,2800,13.719999999999999,90.0,12.980000000000004,380.86609292030334,3.741464376449585,3.1530725955963135,387.76062989234924,False
TINYIMAGENET,resnet18,distance_variance_cover,1,distance_variance_cover_1_50b,complete,55,2850,13.180000000000007,42.0,12.549999999999997,396.69238901138306,3.8718767166137695,3.2344110012054443,403.79867672920227,False
TINYIMAGENET,resnet18,distance_variance_cover,1,distance_variance_cover_1_50b,complete,56,2900,13.180000000000007,102.0,12.25,391.31325030326843,2.9620933532714844,3.0950846672058105,397.3704283237457,False
TINYIMAGENET,resnet18,distance_variance_cover,1,distance_variance_cover_1_50b,complete,57,2950,13.599999999999994,54.0,12.709999999999994,395.01725125312805,3.035031318664551,3.0282015800476074,401.0804841518402,False
TINYIMAGENET,resnet18,distance_variance_cover,1,distance_variance_cover_1_50b,complete,58,3000,12.920000000000002,134.0,12.39,397.72255182266235,3.0346713066101074,2.9852676391601562,403.7424907684326,False
TINYIMAGENET,resnet18,distance_variance_cover,1,distance_variance_cover_1_50b,complete,59,3050,13.200000000000003,38.0,11.829999999999998,401.02107286453247,4.0174431800842285,3.290107488632202,408.3286235332489,False
TINYIMAGENET,resnet18,distance_variance_cover,1,distance_variance_cover_1_50b,complete,60,3100,13.060000000000002,200.0,12.39,399.403151512146,3.1745145320892334,3.0573668479919434,405.6350328922272,False
TINYIMAGENET,resnet18,distance_variance_cover,1,distance_variance_cover_1_50b,complete,61,3150,13.180000000000007,74.0,12.129999999999995,407.6606113910675,3.000739097595215,3.0057971477508545,413.6671476364136,False
TINYIMAGENET,resnet18,distance_variance_cover,1,distance_variance_cover_1_50b,complete,62,3200,13.120000000000005,26.0,12.200000000000003,411.4130048751831,3.004028797149658,3.027735710144043,417.4447693824768,False
TINYIMAGENET,resnet18,distance_variance_cover,1,distance_variance_cover_1_50b,complete,63,3250,13.120000000000005,90.0,12.400000000000006,414.62882924079895,3.0657529830932617,3.06330943107605,420.75789165496826,False
TINYIMAGENET,resnet18,distance_variance_cover,1,distance_variance_cover_1_50b,complete,64,3300,13.099999999999994,178.0,12.060000000000002,427.2902023792267,4.2945556640625,6.9877612590789795,438.57251930236816,False
TINYIMAGENET,resnet18,distance_variance_cover,1,distance_variance_cover_1_50b,complete,65,3350,13.180000000000007,118.0,11.840000000000003,424.4131224155426,3.87846302986145,7.694872617721558,435.9864580631256,False
TINYIMAGENET,resnet18,distance_variance_cover,1,distance_variance_cover_1_50b,complete,66,3400,12.980000000000004,52.0,11.989999999999995,426.00641560554504,3.190396785736084,7.589860916137695,436.7866733074188,False
TINYIMAGENET,resnet18,distance_variance_cover,1,distance_variance_cover_1_50b,complete,67,3450,13.480000000000004,180.0,11.799999999999997,431.53179836273193,3.121777057647705,8.880116701126099,443.53369212150574,False
TINYIMAGENET,resnet18,distance_variance_cover,1,distance_variance_cover_1_50b,complete,68,3500,13.439999999999998,64.0,11.959999999999994,432.25179266929626,3.002842426300049,7.18250584602356,442.4371409416199,False
TINYIMAGENET,resnet18,distance_variance_cover,1,distance_variance_cover_1_50b,complete,69,3550,13.299999999999997,60.0,12.659999999999997,436.1011679172516,3.9214391708374023,7.722572326660156,447.74517941474915,False
TINYIMAGENET,resnet18,distance_variance_cover,1,distance_variance_cover_1_50b,complete,70,3600,12.920000000000002,174.0,12.420000000000002,438.5345115661621,3.0878336429595947,8.169788837432861,449.79213404655457,False
TINYIMAGENET,resnet18,distance_variance_cover,1,distance_variance_cover_1_50b,complete,71,3650,13.019999999999996,106.0,11.329999999999998,445.92327308654785,2.9688148498535156,7.359664678573608,456.251752614975,False
TINYIMAGENET,resnet18,distance_variance_cover,1,distance_variance_cover_1_50b,complete,72,3700,13.480000000000004,94.0,11.689999999999998,455.86080265045166,4.065418004989624,6.738243103027344,466.6644637584686,False
TINYIMAGENET,resnet18,distance_variance_cover,1,distance_variance_cover_1_50b,complete,73,3750,12.939999999999998,184.0,11.849999999999994,450.1521084308624,3.0378246307373047,6.43559455871582,459.62552762031555,False
TINYIMAGENET,resnet18,distance_variance_cover,1,distance_variance_cover_1_50b,complete,74,3800,13.260000000000005,64.0,12.629999999999995,453.1344747543335,3.008390426635742,5.681000232696533,461.82386541366577,False
TINYIMAGENET,resnet18,distance_variance_cover,1,distance_variance_cover_1_50b,complete,75,3850,13.340000000000003,122.0,12.099999999999994,460.274142742157,2.9738619327545166,5.859421730041504,469.107426404953,False
TINYIMAGENET,resnet18,distance_variance_cover,1,distance_variance_cover_1_50b,complete,76,3900,13.280000000000001,30.0,12.189999999999998,459.0073809623718,2.9527010917663574,6.477001667022705,468.4370837211609,False
TINYIMAGENET,resnet18,distance_variance_cover,1,distance_variance_cover_1_50b,complete,77,3950,13.040000000000006,80.0,12.040000000000006,466.4075140953064,3.00803542137146,6.734556674957275,476.15010619163513,False
TINYIMAGENET,resnet18,distance_variance_cover,1,distance_variance_cover_1_50b,complete,78,4000,13.219999999999999,98.0,11.819999999999993,467.5600492954254,3.060722589492798,7.139391899108887,477.7601637840271,False
TINYIMAGENET,resnet18,distance_variance_cover,1,distance_variance_cover_1_50b,complete,79,4050,13.099999999999994,110.0,11.950000000000003,475.4678204059601,3.007491111755371,7.151037931442261,485.6263494491577,False
TINYIMAGENET,resnet18,distance_variance_cover,1,distance_variance_cover_1_50b,complete,80,4100,13.14,156.0,12.329999999999998,484.79222106933594,2.990920305252075,5.198229074478149,492.98137044906616,False
TINYIMAGENET,resnet18,distance_variance_cover,1,distance_variance_cover_1_50b,complete,81,4150,12.900000000000006,54.0,12.469999999999999,481.76045274734497,2.99157452583313,5.90526008605957,490.65728735923767,False
TINYIMAGENET,resnet18,distance_variance_cover,1,distance_variance_cover_1_50b,complete,82,4200,13.180000000000007,62.0,12.0,480.9837861061096,3.8176727294921875,6.060657024383545,490.86211585998535,False
TINYIMAGENET,resnet18,distance_variance_cover,1,distance_variance_cover_1_50b,complete,83,4250,13.120000000000005,70.0,12.209999999999994,486.47990798950195,4.085259914398193,8.371311902999878,498.9364798069,False
TINYIMAGENET,resnet18,distance_variance_cover,1,distance_variance_cover_1_50b,complete,84,4300,13.060000000000002,74.0,12.030000000000001,484.723974943161,3.119865894317627,7.594513893127441,495.4383547306061,False
TINYIMAGENET,resnet18,distance_variance_cover,1,distance_variance_cover_1_50b,complete,85,4350,13.060000000000002,98.0,12.329999999999998,494.52896308898926,3.1774747371673584,7.174112319946289,504.8805501461029,False
TINYIMAGENET,resnet18,distance_variance_cover,1,distance_variance_cover_1_50b,complete,86,4400,12.799999999999997,178.0,12.299999999999997,491.12383341789246,2.9811129570007324,6.37945032119751,500.4843966960907,False
TINYIMAGENET,resnet18,distance_variance_cover,1,distance_variance_cover_1_50b,complete,87,4450,13.079999999999998,24.0,11.939999999999998,512.6007390022278,3.078294515609741,6.460788011550903,522.1398215293884,False
TINYIMAGENET,resnet18,distance_variance_cover,1,distance_variance_cover_1_50b,complete,88,4500,12.939999999999998,118.0,12.079999999999998,502.1294164657593,4.125673055648804,6.594165563583374,512.8492550849915,False
TINYIMAGENET,resnet18,distance_variance_cover,1,distance_variance_cover_1_50b,complete,89,4550,13.14,12.0,11.950000000000003,508.6144988536835,3.9290425777435303,3.2391395568847656,515.7826809883118,False
TINYIMAGENET,resnet18,distance_variance_cover,1,distance_variance_cover_1_50b,complete,90,4600,12.920000000000002,156.0,12.530000000000001,507.36727261543274,2.9892642498016357,6.372218132019043,516.7287549972534,False
TINYIMAGENET,resnet18,distance_variance_cover,1,distance_variance_cover_1_50b,complete,91,4650,13.040000000000006,94.0,11.769999999999996,516.9060852527618,3.1068408489227295,3.9262068271636963,523.9391329288483,False
TINYIMAGENET,resnet18,distance_variance_cover,1,distance_variance_cover_1_50b,complete,92,4700,12.86,20.0,12.060000000000002,511.8773536682129,3.982503652572632,6.270105838775635,522.1299631595612,False
TINYIMAGENET,resnet18,distance_variance_cover,1,distance_variance_cover_1_50b,complete,93,4750,13.079999999999998,98.0,12.219999999999999,519.4548716545105,3.058281660079956,3.8881592750549316,526.4013125896454,False
TINYIMAGENET,resnet18,distance_variance_cover,1,distance_variance_cover_1_50b,complete,94,4800,12.879999999999995,114.0,11.290000000000006,531.3912796974182,3.568675994873047,7.210869073867798,542.1708247661591,False
TINYIMAGENET,resnet18,distance_variance_cover,1,distance_variance_cover_1_50b,complete,95,4850,12.579999999999998,32.0,12.75,530.7166407108307,3.9008100032806396,3.1721978187561035,537.7896485328674,False
TINYIMAGENET,resnet18,distance_variance_cover,1,distance_variance_cover_1_50b,complete,96,4900,12.879999999999995,76.0,12.180000000000007,530.2247545719147,3.0793488025665283,2.8825690746307373,536.1866724491119,False
TINYIMAGENET,resnet18,distance_variance_cover,1,distance_variance_cover_1_50b,complete,97,4950,12.700000000000003,154.0,12.069999999999993,529.270751953125,3.011507749557495,2.856719493865967,535.1389791965485,False
TINYIMAGENET,resnet18,distance_variance_cover,1,distance_variance_cover_1_50b,complete,98,5000,12.540000000000006,32.0,11.939999999999998,524.6424353122711,2.940389633178711,2.9613027572631836,530.544127702713,False
TINYIMAGENET,resnet18,distance_variance_cover,1,distance_variance_cover_1_50b,complete,99,5050,12.519999999999996,160.0,11.799999999999997,535.2947521209717,2.922964096069336,2.854651927947998,541.072368144989,False
TINYIMAGENET,resnet18,distance_variance_cover,1,distance_variance_cover_1_50b,complete,100,5050,12.620000000000005,56.0,11.780000000000001,555.7076706886292,3.4794795513153076,0.0,559.1871502399445,False
TINYIMAGENET,resnet18,distance_variance_cover,2,distance_variance_cover_2_50b,complete,-1,50,,,,,,7.029904127120972,7.029904127120972,True
TINYIMAGENET,resnet18,distance_variance_cover,2,distance_variance_cover_2_50b,complete,0,100,2.6400000000000006,108.0,2.6299999999999955,169.19481420516968,3.0648906230926514,5.582837104797363,177.8425419330597,False
TINYIMAGENET,resnet18,distance_variance_cover,2,distance_variance_cover_2_50b,complete,1,150,2.8799999999999955,54.0,3.0,166.47535681724548,2.9710428714752197,2.9041550159454346,172.35055470466614,False
TINYIMAGENET,resnet18,distance_variance_cover,2,distance_variance_cover_2_50b,complete,2,200,2.9200000000000017,96.0,2.6700000000000017,168.79647660255432,3.006089448928833,2.971946954727173,174.77451300621033,False
TINYIMAGENET,resnet18,distance_variance_cover,2,distance_variance_cover_2_50b,complete,3,250,3.239999999999995,128.0,3.3299999999999983,176.94453644752502,2.9633913040161133,7.1336963176727295,187.04162406921387,False
TINYIMAGENET,resnet18,distance_variance_cover,2,distance_variance_cover_2_50b,complete,4,300,3.8400000000000034,70.0,3.2900000000000063,178.98648762702942,3.0071330070495605,3.016166925430298,185.00978755950928,False
TINYIMAGENET,resnet18,distance_variance_cover,2,distance_variance_cover_2_50b,complete,5,350,4.239999999999995,112.0,3.6899999999999977,185.45337796211243,3.0356767177581787,3.0484507083892822,191.5375053882599,False
TINYIMAGENET,resnet18,distance_variance_cover,2,distance_variance_cover_2_50b,complete,6,400,4.579999999999998,32.0,3.799999999999997,185.70063042640686,3.036994218826294,2.9957611560821533,191.7333858013153,False
TINYIMAGENET,resnet18,distance_variance_cover,2,distance_variance_cover_2_50b,complete,7,450,5.0,140.0,4.3700000000000045,193.78472757339478,2.9955379962921143,2.990521192550659,199.77078676223755,False
TINYIMAGENET,resnet18,distance_variance_cover,2,distance_variance_cover_2_50b,complete,8,500,5.239999999999995,66.0,4.689999999999998,194.42070817947388,3.1640069484710693,7.740265369415283,205.32498049736023,False
TINYIMAGENET,resnet18,distance_variance_cover,2,distance_variance_cover_2_50b,complete,9,550,5.819999999999993,166.0,4.760000000000005,205.41278529167175,3.073867082595825,2.926410436630249,211.41306281089783,False
TINYIMAGENET,resnet18,distance_variance_cover,2,distance_variance_cover_2_50b,complete,10,600,6.060000000000002,34.0,5.3700000000000045,203.72521042823792,3.062312126159668,8.578581809997559,215.36610436439514,False
TINYIMAGENET,resnet18,distance_variance_cover,2,distance_variance_cover_2_50b,complete,11,650,6.099999999999994,58.0,5.1200000000000045,213.451420545578,3.022043466567993,7.680516958236694,224.1539809703827,False
TINYIMAGENET,resnet18,distance_variance_cover,2,distance_variance_cover_2_50b,complete,12,700,6.739999999999995,98.0,6.489999999999995,214.97483444213867,3.0840280055999756,8.48015809059143,226.53902053833008,False
TINYIMAGENET,resnet18,distance_variance_cover,2,distance_variance_cover_2_50b,complete,13,750,7.079999999999998,142.0,6.159999999999997,221.68577432632446,3.0361955165863037,7.6700217723846436,232.3919916152954,False
TINYIMAGENET,resnet18,distance_variance_cover,2,distance_variance_cover_2_50b,complete,14,800,7.200000000000003,102.0,6.599999999999994,222.4308853149414,3.085005521774292,2.911320209503174,228.42721104621887,False
TINYIMAGENET,resnet18,distance_variance_cover,2,distance_variance_cover_2_50b,complete,15,850,7.1200000000000045,48.0,6.859999999999999,225.8068482875824,3.0440104007720947,8.11661982536316,236.96747851371765,False
TINYIMAGENET,resnet18,distance_variance_cover,2,distance_variance_cover_2_50b,complete,16,900,7.560000000000002,182.0,7.0,240.03606486320496,3.796145439147949,7.647501230239868,251.47971153259277,False
TINYIMAGENET,resnet18,distance_variance_cover,2,distance_variance_cover_2_50b,complete,17,950,7.680000000000007,156.0,7.140000000000001,237.8849596977234,3.3604235649108887,7.608272314071655,248.85365557670593,False
TINYIMAGENET,resnet18,distance_variance_cover,2,distance_variance_cover_2_50b,complete,18,1000,7.959999999999994,190.0,7.5,237.46496629714966,2.963796854019165,6.660053253173828,247.08881640434265,False
TINYIMAGENET,resnet18,distance_variance_cover,2,distance_variance_cover_2_50b,complete,19,1050,8.040000000000006,100.0,8.11,245.16480946540833,2.9786415100097656,7.119936227798462,255.26338720321655,False
TINYIMAGENET,resnet18,distance_variance_cover,2,distance_variance_cover_2_50b,complete,20,1100,8.060000000000002,60.0,7.799999999999997,245.6631257534027,2.9623875617980957,6.791644334793091,255.4171576499939,False
TINYIMAGENET,resnet18,distance_variance_cover,2,distance_variance_cover_2_50b,complete,21,1150,8.420000000000002,50.0,8.239999999999995,252.45572137832642,3.9178223609924316,7.272860288619995,263.64640402793884,False
TINYIMAGENET,resnet18,distance_variance_cover,2,distance_variance_cover_2_50b,complete,22,1200,8.780000000000001,76.0,7.920000000000002,254.3068175315857,3.0825536251068115,8.545369863510132,265.93474102020264,False
TINYIMAGENET,resnet18,distance_variance_cover,2,distance_variance_cover_2_50b,complete,23,1250,8.659999999999997,182.0,8.590000000000003,260.0210635662079,3.9025638103485107,7.087367534637451,271.01099491119385,False
TINYIMAGENET,resnet18,distance_variance_cover,2,distance_variance_cover_2_50b,complete,24,1300,9.120000000000005,78.0,8.769999999999996,260.8736493587494,3.112039804458618,6.085299491882324,270.07098865509033,False
TINYIMAGENET,resnet18,distance_variance_cover,2,distance_variance_cover_2_50b,complete,25,1350,9.700000000000003,112.0,8.400000000000006,268.54173469543457,3.0336153507232666,8.555318593978882,280.1306686401367,False
TINYIMAGENET,resnet18,distance_variance_cover,2,distance_variance_cover_2_50b,complete,26,1400,9.519999999999996,104.0,8.760000000000005,268.5142800807953,2.9863319396972656,8.36014199256897,279.8607540130615,False
TINYIMAGENET,resnet18,distance_variance_cover,2,distance_variance_cover_2_50b,complete,27,1450,9.879999999999995,104.0,9.129999999999995,274.96873688697815,3.0465714931488037,6.959115505218506,284.97442388534546,False
TINYIMAGENET,resnet18,distance_variance_cover,2,distance_variance_cover_2_50b,complete,28,1500,9.86,200.0,9.920000000000002,277.6761932373047,3.368379592895508,7.482752323150635,288.52732515335083,False
TINYIMAGENET,resnet18,distance_variance_cover,2,distance_variance_cover_2_50b,complete,29,1550,9.959999999999994,30.0,9.319999999999993,293.5131893157959,4.11499547958374,7.41032338142395,305.0385081768036,False
TINYIMAGENET,resnet18,distance_variance_cover,2,distance_variance_cover_2_50b,complete,30,1600,10.400000000000006,122.0,9.670000000000002,287.1333770751953,3.0826587677001953,4.384293556213379,294.6003293991089,False
TINYIMAGENET,resnet18,distance_variance_cover,2,distance_variance_cover_2_50b,complete,31,1650,10.560000000000002,198.0,10.480000000000004,292.4083249568939,3.0765902996063232,8.09360408782959,303.57851934432983,False
TINYIMAGENET,resnet18,distance_variance_cover,2,distance_variance_cover_2_50b,complete,32,1700,10.560000000000002,58.0,10.150000000000006,294.1978008747101,2.978135585784912,8.141621351242065,305.31755781173706,False
TINYIMAGENET,resnet18,distance_variance_cover,2,distance_variance_cover_2_50b,complete,33,1750,11.079999999999998,146.0,10.489999999999995,300.7700836658478,2.9875524044036865,7.03296422958374,310.7906002998352,False
TINYIMAGENET,resnet18,distance_variance_cover,2,distance_variance_cover_2_50b,complete,34,1800,11.299999999999997,172.0,10.480000000000004,300.07311844825745,3.924917221069336,6.927941560745239,310.925977230072,False
TINYIMAGENET,resnet18,distance_variance_cover,2,distance_variance_cover_2_50b,complete,35,1850,11.519999999999996,122.0,11.010000000000005,305.7019565105438,3.0040481090545654,3.088207244873047,311.79421186447144,False
TINYIMAGENET,resnet18,distance_variance_cover,2,distance_variance_cover_2_50b,complete,36,1900,11.599999999999994,154.0,10.400000000000006,307.2646632194519,3.154059886932373,6.834126710891724,317.252849817276,False
TINYIMAGENET,resnet18,distance_variance_cover,2,distance_variance_cover_2_50b,complete,37,1950,12.14,56.0,10.730000000000004,315.92058968544006,3.0614919662475586,7.577485084533691,326.5595667362213,False
TINYIMAGENET,resnet18,distance_variance_cover,2,distance_variance_cover_2_50b,complete,38,2000,11.939999999999998,190.0,10.980000000000004,316.0757403373718,2.983283042907715,2.9765045642852783,322.0355279445648,False
TINYIMAGENET,resnet18,distance_variance_cover,2,distance_variance_cover_2_50b,complete,39,2050,12.239999999999995,54.0,11.319999999999993,323.89640378952026,3.0984554290771484,3.7171504497528076,330.7120096683502,False
TINYIMAGENET,resnet18,distance_variance_cover,2,distance_variance_cover_2_50b,complete,40,2100,12.280000000000001,142.0,11.590000000000003,323.69618463516235,3.1865198612213135,3.2173402309417725,330.10004472732544,False
TINYIMAGENET,resnet18,distance_variance_cover,2,distance_variance_cover_2_50b,complete,41,2150,12.64,182.0,12.280000000000001,341.175151348114,2.9539268016815186,3.1749932765960693,347.3040714263916,False
TINYIMAGENET,resnet18,distance_variance_cover,2,distance_variance_cover_2_50b,complete,42,2200,12.480000000000004,160.0,12.170000000000002,330.17428493499756,2.9677839279174805,3.1787121295928955,336.32078099250793,False
TINYIMAGENET,resnet18,distance_variance_cover,2,distance_variance_cover_2_50b,complete,43,2250,13.040000000000006,170.0,11.530000000000001,340.4819209575653,3.9877684116363525,3.3138017654418945,347.78349113464355,False
TINYIMAGENET,resnet18,distance_variance_cover,2,distance_variance_cover_2_50b,complete,44,2300,12.86,146.0,12.019999999999996,336.9506673812866,2.987922430038452,3.0704026222229004,343.008992433548,False
TINYIMAGENET,resnet18,distance_variance_cover,2,distance_variance_cover_2_50b,complete,45,2350,13.260000000000005,38.0,12.099999999999994,345.9197449684143,3.093897819519043,8.416869640350342,357.4305124282837,False
TINYIMAGENET,resnet18,distance_variance_cover,2,distance_variance_cover_2_50b,complete,46,2400,13.159999999999997,106.0,12.239999999999995,346.6714961528778,3.1413323879241943,5.146156549453735,354.95898509025574,False
TINYIMAGENET,resnet18,distance_variance_cover,2,distance_variance_cover_2_50b,complete,47,2450,13.099999999999994,112.0,12.090000000000003,354.0160901546478,2.9801292419433594,6.938332796096802,363.934552192688,False
TINYIMAGENET,resnet18,distance_variance_cover,2,distance_variance_cover_2_50b,complete,48,2500,13.420000000000002,176.0,12.36,351.78561091423035,3.0987725257873535,8.578389167785645,363.46277260780334,False
TINYIMAGENET,resnet18,distance_variance_cover,2,distance_variance_cover_2_50b,complete,49,2550,13.239999999999995,172.0,12.280000000000001,362.88175916671753,2.967395067214966,3.178203582763672,369.02735781669617,False
TINYIMAGENET,resnet18,distance_variance_cover,2,distance_variance_cover_2_50b,complete,50,2600,13.319999999999993,6.0,12.590000000000003,358.18855237960815,2.9415884017944336,8.543899297714233,369.6740400791168,False
TINYIMAGENET,resnet18,distance_variance_cover,2,distance_variance_cover_2_50b,complete,51,2650,13.180000000000007,118.0,13.200000000000003,377.0787048339844,2.983773946762085,4.4837493896484375,384.5462281703949,False
TINYIMAGENET,resnet18,distance_variance_cover,2,distance_variance_cover_2_50b,complete,52,2700,13.239999999999995,150.0,12.549999999999997,368.36149048805237,3.0110390186309814,6.893006324768066,378.2655358314514,False
TINYIMAGENET,resnet18,distance_variance_cover,2,distance_variance_cover_2_50b,complete,53,2750,13.439999999999998,116.0,12.900000000000006,375.9422125816345,2.993435859680176,2.9302401542663574,381.86588859558105,False
TINYIMAGENET,resnet18,distance_variance_cover,2,distance_variance_cover_2_50b,complete,54,2800,13.180000000000007,132.0,12.469999999999999,372.327511548996,3.1329073905944824,6.9646687507629395,382.4250876903534,False
TINYIMAGENET,resnet18,distance_variance_cover,2,distance_variance_cover_2_50b,complete,55,2850,13.480000000000004,74.0,11.530000000000001,384.30938482284546,3.0127782821655273,8.360687494277954,395.68285059928894,False
TINYIMAGENET,resnet18,distance_variance_cover,2,distance_variance_cover_2_50b,complete,56,2900,13.319999999999993,6.0,12.819999999999993,383.68265986442566,3.0741796493530273,7.499528884887695,394.2563683986664,False
TINYIMAGENET,resnet18,distance_variance_cover,2,distance_variance_cover_2_50b,complete,57,2950,13.439999999999998,120.0,12.560000000000002,391.9841012954712,3.015388250350952,7.989877939224243,402.9893674850464,False
TINYIMAGENET,resnet18,distance_variance_cover,2,distance_variance_cover_2_50b,complete,58,3000,13.260000000000005,36.0,12.230000000000004,390.1568274497986,3.0644094944000244,6.4151551723480225,399.63639211654663,False
TINYIMAGENET,resnet18,distance_variance_cover,2,distance_variance_cover_2_50b,complete,59,3050,13.040000000000006,176.0,12.290000000000006,401.75741624832153,3.0632526874542236,6.374350547790527,411.1950194835663,False
TINYIMAGENET,resnet18,distance_variance_cover,2,distance_variance_cover_2_50b,complete,60,3100,12.780000000000001,184.0,11.939999999999998,408.33455657958984,4.302769660949707,6.69929313659668,419.33661937713623,False
TINYIMAGENET,resnet18,distance_variance_cover,2,distance_variance_cover_2_50b,complete,61,3150,12.959999999999994,46.0,12.120000000000005,407.8638665676117,3.0453343391418457,7.159307241439819,418.06850814819336,False
TINYIMAGENET,resnet18,distance_variance_cover,2,distance_variance_cover_2_50b,complete,62,3200,13.260000000000005,136.0,11.969999999999999,405.13231325149536,2.958315372467041,7.02873969078064,415.11936831474304,False
TINYIMAGENET,resnet18,distance_variance_cover,2,distance_variance_cover_2_50b,complete,63,3250,12.920000000000002,166.0,12.180000000000007,411.3165078163147,3.1596248149871826,7.399156808853149,421.87528944015503,False
TINYIMAGENET,resnet18,distance_variance_cover,2,distance_variance_cover_2_50b,complete,64,3300,13.14,146.0,12.200000000000003,408.73927760124207,3.9532177448272705,3.3320000171661377,416.0244953632355,False
TINYIMAGENET,resnet18,distance_variance_cover,2,distance_variance_cover_2_50b,complete,65,3350,13.040000000000006,68.0,12.659999999999997,421.1611590385437,3.255033254623413,7.581210374832153,431.99740266799927,False
TINYIMAGENET,resnet18,distance_variance_cover,2,distance_variance_cover_2_50b,complete,66,3400,12.980000000000004,66.0,11.75,418.35125756263733,3.9623019695281982,7.613110542297363,429.9266700744629,False
TINYIMAGENET,resnet18,distance_variance_cover,2,distance_variance_cover_2_50b,complete,67,3450,13.239999999999995,26.0,12.120000000000005,427.61015820503235,2.98079514503479,7.023236036300659,437.6141893863678,False
TINYIMAGENET,resnet18,distance_variance_cover,2,distance_variance_cover_2_50b,complete,68,3500,12.86,178.0,11.810000000000002,434.96117782592773,3.23996901512146,8.648786544799805,446.849933385849,False
TINYIMAGENET,resnet18,distance_variance_cover,2,distance_variance_cover_2_50b,complete,69,3550,12.760000000000005,118.0,12.060000000000002,431.75845217704773,3.0159144401550293,2.9754414558410645,437.7498080730438,False
TINYIMAGENET,resnet18,distance_variance_cover,2,distance_variance_cover_2_50b,complete,70,3600,13.519999999999996,94.0,11.799999999999997,431.5247540473938,3.871725082397461,8.671625137329102,444.06810426712036,False
TINYIMAGENET,resnet18,distance_variance_cover,2,distance_variance_cover_2_50b,complete,71,3650,13.0,162.0,12.14,440.4293236732483,2.9427404403686523,8.215174674987793,451.58723878860474,False
TINYIMAGENET,resnet18,distance_variance_cover,2,distance_variance_cover_2_50b,complete,72,3700,13.14,180.0,12.760000000000005,440.7442407608032,2.994408130645752,3.0348868370056152,446.7735357284546,False
TINYIMAGENET,resnet18,distance_variance_cover,2,distance_variance_cover_2_50b,complete,73,3750,13.060000000000002,52.0,11.829999999999998,444.3799924850464,3.852931022644043,7.291433095932007,455.52435660362244,False
TINYIMAGENET,resnet18,distance_variance_cover,2,distance_variance_cover_2_50b,complete,74,3800,12.879999999999995,176.0,11.629999999999995,447.2240376472473,3.8233678340911865,6.899855613708496,457.947261095047,False
TINYIMAGENET,resnet18,distance_variance_cover,2,distance_variance_cover_2_50b,complete,75,3850,12.64,70.0,11.780000000000001,455.6153154373169,2.9777166843414307,7.941798686981201,466.5348308086395,False
TINYIMAGENET,resnet18,distance_variance_cover,2,distance_variance_cover_2_50b,complete,76,3900,12.760000000000005,200.0,11.989999999999995,467.67474937438965,3.000483512878418,8.727332830429077,479.40256571769714,False
TINYIMAGENET,resnet18,distance_variance_cover,2,distance_variance_cover_2_50b,complete,77,3950,12.560000000000002,42.0,11.86,462.8417720794678,3.0942533016204834,8.70695185661316,474.6429772377014,False
TINYIMAGENET,resnet18,distance_variance_cover,2,distance_variance_cover_2_50b,complete,78,4000,12.719999999999999,98.0,12.030000000000001,463.957736492157,3.008624315261841,7.997035980224609,474.96339678764343,False
TINYIMAGENET,resnet18,distance_variance_cover,2,distance_variance_cover_2_50b,complete,79,4050,12.799999999999997,94.0,12.159999999999997,467.950599193573,3.024787664413452,8.21109652519226,479.1864833831787,False
TINYIMAGENET,resnet18,distance_variance_cover,2,distance_variance_cover_2_50b,complete,80,4100,12.459999999999994,28.0,11.730000000000004,467.8976502418518,3.0366158485412598,8.587820529937744,479.5220866203308,False
TINYIMAGENET,resnet18,distance_variance_cover,2,distance_variance_cover_2_50b,complete,81,4150,13.260000000000005,172.0,12.5,476.11377573013306,3.004077911376953,7.818362236022949,486.93621587753296,False
TINYIMAGENET,resnet18,distance_variance_cover,2,distance_variance_cover_2_50b,complete,82,4200,12.560000000000002,58.0,11.799999999999997,476.620352268219,2.986811876296997,7.951685428619385,487.5588495731354,False
TINYIMAGENET,resnet18,distance_variance_cover,2,distance_variance_cover_2_50b,complete,83,4250,12.959999999999994,48.0,12.060000000000002,492.0020167827606,5.340853691101074,6.124789237976074,503.46765971183777,False
TINYIMAGENET,resnet18,distance_variance_cover,2,distance_variance_cover_2_50b,complete,84,4300,12.680000000000007,130.0,12.079999999999998,486.2933282852173,3.0149638652801514,4.250558614730835,493.55885076522827,False
TINYIMAGENET,resnet18,distance_variance_cover,2,distance_variance_cover_2_50b,complete,85,4350,12.980000000000004,184.0,11.840000000000003,488.5272068977356,3.0340678691864014,7.693314552307129,499.2545893192291,False
TINYIMAGENET,resnet18,distance_variance_cover,2,distance_variance_cover_2_50b,complete,86,4400,12.840000000000003,70.0,12.090000000000003,490.87577390670776,2.9682250022888184,3.078061819076538,496.9220607280731,False
TINYIMAGENET,resnet18,distance_variance_cover,2,distance_variance_cover_2_50b,complete,87,4450,12.900000000000006,118.0,11.75,490.7168855667114,2.9633004665374756,7.501936435699463,501.18212246894836,False
TINYIMAGENET,resnet18,distance_variance_cover,2,distance_variance_cover_2_50b,complete,88,4500,13.239999999999995,28.0,12.079999999999998,498.0742063522339,3.1182899475097656,9.158576250076294,510.35107254981995,False
TINYIMAGENET,resnet18,distance_variance_cover,2,distance_variance_cover_2_50b,complete,89,4550,13.459999999999994,46.0,11.930000000000007,504.79213428497314,3.1373775005340576,7.6888813972473145,515.6183931827545,False
TINYIMAGENET,resnet18,distance_variance_cover,2,distance_variance_cover_2_50b,complete,90,4600,13.060000000000002,80.0,11.540000000000006,506.7230694293976,3.0023224353790283,12.859988451004028,522.5853803157806,False
TINYIMAGENET,resnet18,distance_variance_cover,2,distance_variance_cover_2_50b,complete,91,4650,13.219999999999999,142.0,12.090000000000003,518.7624042034149,3.029184579849243,8.434015035629272,530.2256038188934,False
TINYIMAGENET,resnet18,distance_variance_cover,2,distance_variance_cover_2_50b,complete,92,4700,13.560000000000002,156.0,11.510000000000005,509.4168336391449,2.931690216064453,8.36624550819397,520.7147693634033,False
TINYIMAGENET,resnet18,distance_variance_cover,2,distance_variance_cover_2_50b,complete,93,4750,13.159999999999997,130.0,11.629999999999995,521.84472823143,3.0636579990386963,8.922173261642456,533.8305594921112,False
TINYIMAGENET,resnet18,distance_variance_cover,2,distance_variance_cover_2_50b,complete,94,4800,12.959999999999994,176.0,11.519999999999996,520.8428237438202,3.0392074584960938,7.473557233810425,531.3555884361267,False
TINYIMAGENET,resnet18,distance_variance_cover,2,distance_variance_cover_2_50b,complete,95,4850,13.340000000000003,136.0,12.040000000000006,526.6148173809052,3.874119997024536,7.967353582382202,538.4562909603119,False
TINYIMAGENET,resnet18,distance_variance_cover,2,distance_variance_cover_2_50b,complete,96,4900,13.120000000000005,136.0,12.180000000000007,526.8549077510834,3.878114938735962,8.013529062271118,538.7465517520905,False
TINYIMAGENET,resnet18,distance_variance_cover,2,distance_variance_cover_2_50b,complete,97,4950,12.959999999999994,22.0,12.120000000000005,545.1820209026337,4.068055629730225,7.758061647415161,557.008138179779,False
TINYIMAGENET,resnet18,distance_variance_cover,2,distance_variance_cover_2_50b,complete,98,5000,13.060000000000002,70.0,11.810000000000002,536.2459850311279,3.0954487323760986,15.798069953918457,555.1395037174225,False
TINYIMAGENET,resnet18,distance_variance_cover,2,distance_variance_cover_2_50b,complete,99,5050,12.959999999999994,186.0,11.659999999999997,543.8408648967743,3.026334762573242,8.451666593551636,555.3188662528992,False
TINYIMAGENET,resnet18,distance_variance_cover,2,distance_variance_cover_2_50b,complete,100,5050,12.900000000000006,10.0,11.829999999999998,540.9426476955414,3.0340914726257324,0.0,543.9767391681671,False
TINYIMAGENET,resnet18,distance_variance_cover,3,distance_variance_cover_3_50b,complete,-1,50,,,,,,7.102922201156616,7.102922201156616,True
TINYIMAGENET,resnet18,distance_variance_cover,3,distance_variance_cover_3_50b,complete,0,100,2.0999999999999943,88.0,2.5799999999999983,170.31730794906616,3.9464046955108643,6.68266749382019,180.94638013839722,False
TINYIMAGENET,resnet18,distance_variance_cover,3,distance_variance_cover_3_50b,complete,1,150,2.6400000000000006,80.0,2.6500000000000057,170.56156420707703,3.014246702194214,3.512450933456421,177.08826184272766,False
TINYIMAGENET,resnet18,distance_variance_cover,3,distance_variance_cover_3_50b,complete,2,200,3.0400000000000063,128.0,2.8499999999999943,170.1287658214569,3.003419876098633,7.651973247528076,180.78415894508362,False
TINYIMAGENET,resnet18,distance_variance_cover,3,distance_variance_cover_3_50b,complete,3,250,3.700000000000003,164.0,3.7099999999999937,179.06257390975952,3.805497884750366,3.0084941387176514,185.87656593322754,False
TINYIMAGENET,resnet18,distance_variance_cover,3,distance_variance_cover_3_50b,complete,4,300,4.0,174.0,3.930000000000007,179.13471341133118,2.9935028553009033,4.9295148849487305,187.0577311515808,False
TINYIMAGENET,resnet18,distance_variance_cover,3,distance_variance_cover_3_50b,complete,5,350,4.420000000000002,116.0,3.680000000000007,188.69240736961365,3.9473330974578857,4.195911407470703,196.83565187454224,False
TINYIMAGENET,resnet18,distance_variance_cover,3,distance_variance_cover_3_50b,complete,6,400,4.840000000000003,118.0,5.030000000000001,188.439044713974,3.158534526824951,3.944629192352295,195.54220843315125,False
TINYIMAGENET,resnet18,distance_variance_cover,3,distance_variance_cover_3_50b,complete,7,450,5.3799999999999955,132.0,4.319999999999993,200.16004967689514,3.227764844894409,8.216314792633057,211.6041293144226,False
TINYIMAGENET,resnet18,distance_variance_cover,3,distance_variance_cover_3_50b,complete,8,500,5.760000000000005,152.0,5.409999999999997,204.56600332260132,4.627446413040161,8.151060819625854,217.34451055526733,False
TINYIMAGENET,resnet18,distance_variance_cover,3,distance_variance_cover_3_50b,complete,9,550,6.3799999999999955,194.0,5.769999999999996,210.9276032447815,3.081047296524048,3.0005056858062744,217.00915622711182,False
TINYIMAGENET,resnet18,distance_variance_cover,3,distance_variance_cover_3_50b,complete,10,600,6.799999999999997,190.0,5.3799999999999955,205.6987657546997,3.89802885055542,3.102024793624878,212.69881939888,False
TINYIMAGENET,resnet18,distance_variance_cover,3,distance_variance_cover_3_50b,complete,11,650,7.299999999999997,42.0,6.1200000000000045,213.5900468826294,3.503830671310425,3.18043851852417,220.274316072464,False
TINYIMAGENET,resnet18,distance_variance_cover,3,distance_variance_cover_3_50b,complete,12,700,7.219999999999999,34.0,6.730000000000004,214.89977550506592,3.957322359085083,3.09663462638855,221.95373249053955,False
TINYIMAGENET,resnet18,distance_variance_cover,3,distance_variance_cover_3_50b,complete,13,750,7.659999999999997,52.0,6.239999999999995,222.50943803787231,2.982241153717041,2.9280173778533936,228.41969656944275,False
TINYIMAGENET,resnet18,distance_variance_cover,3,distance_variance_cover_3_50b,complete,14,800,7.799999999999997,24.0,7.140000000000001,222.09575009346008,3.0116162300109863,2.9571421146392822,228.06450843811035,False
TINYIMAGENET,resnet18,distance_variance_cover,3,distance_variance_cover_3_50b,complete,15,850,8.040000000000006,176.0,7.420000000000002,229.04023218154907,2.984997510910034,2.9839775562286377,235.00920724868774,False
TINYIMAGENET,resnet18,distance_variance_cover,3,distance_variance_cover_3_50b,complete,16,900,8.400000000000006,138.0,7.329999999999998,229.76435804367065,3.038177728652954,2.9563465118408203,235.75888228416443,False
TINYIMAGENET,resnet18,distance_variance_cover,3,distance_variance_cover_3_50b,complete,17,950,8.459999999999994,74.0,7.560000000000002,237.64145851135254,2.9966776371002197,3.072474479675293,243.71061062812805,False
TINYIMAGENET,resnet18,distance_variance_cover,3,distance_variance_cover_3_50b,complete,18,1000,8.780000000000001,88.0,7.700000000000003,238.94401717185974,3.035032272338867,2.9934189319610596,244.97246837615967,False
TINYIMAGENET,resnet18,distance_variance_cover,3,distance_variance_cover_3_50b,complete,19,1050,9.120000000000005,90.0,7.659999999999997,246.60121059417725,3.0015757083892822,3.037733554840088,252.64051985740662,False
TINYIMAGENET,resnet18,distance_variance_cover,3,distance_variance_cover_3_50b,complete,20,1100,9.299999999999997,112.0,7.760000000000005,245.47160029411316,3.0643811225891113,3.0658464431762695,251.60182785987854,False
TINYIMAGENET,resnet18,distance_variance_cover,3,distance_variance_cover_3_50b,complete,21,1150,9.620000000000005,198.0,8.370000000000005,252.51190996170044,3.013025999069214,3.0298516750335693,258.5547876358032,False
TINYIMAGENET,resnet18,distance_variance_cover,3,distance_variance_cover_3_50b,complete,22,1200,9.680000000000007,44.0,8.349999999999994,254.04630160331726,3.2086212635040283,3.010970115661621,260.2658929824829,False
TINYIMAGENET,resnet18,distance_variance_cover,3,distance_variance_cover_3_50b,complete,23,1250,9.980000000000004,120.0,7.959999999999994,268.21690583229065,3.853456974029541,2.9633498191833496,275.03371262550354,False
TINYIMAGENET,resnet18,distance_variance_cover,3,distance_variance_cover_3_50b,complete,24,1300,10.260000000000005,158.0,8.799999999999997,263.0079846382141,3.138017416000366,3.0017757415771484,269.1477777957916,False
TINYIMAGENET,resnet18,distance_variance_cover,3,distance_variance_cover_3_50b,complete,25,1350,10.120000000000005,66.0,9.170000000000002,269.76837635040283,3.0008950233459473,2.9481968879699707,275.71746826171875,False
TINYIMAGENET,resnet18,distance_variance_cover,3,distance_variance_cover_3_50b,complete,26,1400,10.36,52.0,8.569999999999993,269.21859526634216,3.075300931930542,3.0695202350616455,275.36341643333435,False
TINYIMAGENET,resnet18,distance_variance_cover,3,distance_variance_cover_3_50b,complete,27,1450,10.540000000000006,54.0,9.829999999999998,276.67955255508423,2.9455955028533936,2.9404799938201904,282.5656280517578,False
TINYIMAGENET,resnet18,distance_variance_cover,3,distance_variance_cover_3_50b,complete,28,1500,11.0,186.0,9.709999999999994,277.3672332763672,3.1932828426361084,3.0813989639282227,283.6419150829315,False
TINYIMAGENET,resnet18,distance_variance_cover,3,distance_variance_cover_3_50b,complete,29,1550,11.040000000000006,176.0,9.189999999999998,286.20055174827576,2.996246099472046,2.8934996128082275,292.09029746055603,False
TINYIMAGENET,resnet18,distance_variance_cover,3,distance_variance_cover_3_50b,complete,30,1600,11.0,158.0,10.200000000000003,285.8113646507263,3.8906009197235107,3.2257492542266846,292.9277148246765,False
TINYIMAGENET,resnet18,distance_variance_cover,3,distance_variance_cover_3_50b,complete,31,1650,11.319999999999993,78.0,10.0,291.54083037376404,3.0106241703033447,2.952890157699585,297.50434470176697,False
TINYIMAGENET,resnet18,distance_variance_cover,3,distance_variance_cover_3_50b,complete,32,1700,11.540000000000006,170.0,10.319999999999993,293.559463262558,2.9702706336975098,2.9628803730010986,299.4926142692566,False
TINYIMAGENET,resnet18,distance_variance_cover,3,distance_variance_cover_3_50b,complete,33,1750,11.560000000000002,28.0,10.079999999999998,299.38101530075073,2.9981420040130615,2.968559741973877,305.34771704673767,False
TINYIMAGENET,resnet18,distance_variance_cover,3,distance_variance_cover_3_50b,complete,34,1800,11.799999999999997,48.0,9.819999999999993,301.58462262153625,3.0321311950683594,3.041154146194458,307.6579079627991,False
TINYIMAGENET,resnet18,distance_variance_cover,3,distance_variance_cover_3_50b,complete,35,1850,11.939999999999998,90.0,10.920000000000002,307.53732204437256,3.000213384628296,3.0486409664154053,313.58617639541626,False
TINYIMAGENET,resnet18,distance_variance_cover,3,distance_variance_cover_3_50b,complete,36,1900,12.219999999999999,60.0,10.489999999999995,319.28191018104553,3.071769952774048,2.9070522785186768,325.26073241233826,False
TINYIMAGENET,resnet18,distance_variance_cover,3,distance_variance_cover_3_50b,complete,37,1950,12.14,138.0,10.840000000000003,316.2519545555115,3.10125994682312,2.939091444015503,322.2923059463501,False
TINYIMAGENET,resnet18,distance_variance_cover,3,distance_variance_cover_3_50b,complete,38,2000,12.540000000000006,96.0,11.730000000000004,316.60542249679565,3.090517997741699,2.978673219680786,322.67461371421814,False
TINYIMAGENET,resnet18,distance_variance_cover,3,distance_variance_cover_3_50b,complete,39,2050,12.780000000000001,178.0,11.459999999999994,322.9595744609833,2.99615478515625,2.9443166255950928,328.9000458717346,False
TINYIMAGENET,resnet18,distance_variance_cover,3,distance_variance_cover_3_50b,complete,40,2100,12.799999999999997,186.0,11.349999999999994,325.2697823047638,3.8849315643310547,3.0812151432037354,332.2359290122986,False
TINYIMAGENET,resnet18,distance_variance_cover,3,distance_variance_cover_3_50b,complete,41,2150,12.760000000000005,46.0,11.400000000000006,330.42408776283264,3.0101675987243652,3.0923423767089844,336.526597738266,False
TINYIMAGENET,resnet18,distance_variance_cover,3,distance_variance_cover_3_50b,complete,42,2200,12.719999999999999,174.0,11.329999999999998,331.7222156524658,2.954721689224243,2.9233057498931885,337.60024309158325,False
TINYIMAGENET,resnet18,distance_variance_cover,3,distance_variance_cover_3_50b,complete,43,2250,13.180000000000007,166.0,11.450000000000003,342.044385433197,2.9552104473114014,3.16105580329895,348.1606516838074,False
TINYIMAGENET,resnet18,distance_variance_cover,3,distance_variance_cover_3_50b,complete,44,2300,13.180000000000007,138.0,11.540000000000006,339.88424706459045,2.950183153152466,2.9483094215393066,345.7827396392822,False
TINYIMAGENET,resnet18,distance_variance_cover,3,distance_variance_cover_3_50b,complete,45,2350,13.200000000000003,82.0,11.930000000000007,348.12532091140747,2.9816887378692627,6.054262161254883,357.1612718105316,False
TINYIMAGENET,resnet18,distance_variance_cover,3,distance_variance_cover_3_50b,complete,46,2400,13.239999999999995,108.0,11.769999999999996,357.1499619483948,3.9201407432556152,4.582587480545044,365.65269017219543,False
TINYIMAGENET,resnet18,distance_variance_cover,3,distance_variance_cover_3_50b,complete,47,2450,13.420000000000002,54.0,11.920000000000002,355.7077901363373,3.004223346710205,4.439301252365112,363.1513147354126,False
TINYIMAGENET,resnet18,distance_variance_cover,3,distance_variance_cover_3_50b,complete,48,2500,13.340000000000003,150.0,11.969999999999999,355.0844237804413,3.8915302753448486,3.1238088607788086,362.09976291656494,False
TINYIMAGENET,resnet18,distance_variance_cover,3,distance_variance_cover_3_50b,complete,49,2550,13.64,198.0,12.11,362.7213876247406,3.0322728157043457,2.9812679290771484,368.7349283695221,False
TINYIMAGENET,resnet18,distance_variance_cover,3,distance_variance_cover_3_50b,complete,50,2600,13.719999999999999,72.0,12.230000000000004,364.47498893737793,3.1581103801727295,4.166691780090332,371.799791097641,False
TINYIMAGENET,resnet18,distance_variance_cover,3,distance_variance_cover_3_50b,complete,51,2650,13.400000000000006,88.0,12.650000000000006,371.84307765960693,3.047760248184204,7.424089431762695,382.31492733955383,False
TINYIMAGENET,resnet18,distance_variance_cover,3,distance_variance_cover_3_50b,complete,52,2700,13.959999999999994,84.0,12.049999999999997,370.32199907302856,3.091146230697632,4.228251934051514,377.6413972377777,False
TINYIMAGENET,resnet18,distance_variance_cover,3,distance_variance_cover_3_50b,complete,53,2750,13.939999999999998,120.0,12.049999999999997,378.7880153656006,3.1204864978790283,7.000234842300415,388.90873670578003,False
TINYIMAGENET,resnet18,distance_variance_cover,3,distance_variance_cover_3_50b,complete,54,2800,13.719999999999999,122.0,12.159999999999997,376.7993497848511,3.036813974380493,2.876677989959717,382.7128417491913,False
TINYIMAGENET,resnet18,distance_variance_cover,3,distance_variance_cover_3_50b,complete,55,2850,13.420000000000002,108.0,12.069999999999993,382.96742606163025,3.053006172180176,7.754697322845459,393.7751295566559,False
TINYIMAGENET,resnet18,distance_variance_cover,3,distance_variance_cover_3_50b,complete,56,2900,13.680000000000007,164.0,12.409999999999997,394.798868894577,3.043379545211792,9.013805150985718,406.85605359077454,False
TINYIMAGENET,resnet18,distance_variance_cover,3,distance_variance_cover_3_50b,complete,57,2950,13.200000000000003,62.0,12.11,391.63159251213074,3.0274384021759033,6.460750341415405,401.11978125572205,False
TINYIMAGENET,resnet18,distance_variance_cover,3,distance_variance_cover_3_50b,complete,58,3000,13.239999999999995,64.0,11.780000000000001,391.8508474826813,2.951390266418457,5.387105226516724,400.18934297561646,False
TINYIMAGENET,resnet18,distance_variance_cover,3,distance_variance_cover_3_50b,complete,59,3050,13.620000000000005,32.0,12.14,400.1991195678711,3.0926437377929688,7.7479493618011475,411.0397126674652,False
TINYIMAGENET,resnet18,distance_variance_cover,3,distance_variance_cover_3_50b,complete,60,3100,13.579999999999998,110.0,11.969999999999999,399.9556658267975,2.9416568279266357,8.383959531784058,411.2812821865082,False
TINYIMAGENET,resnet18,distance_variance_cover,3,distance_variance_cover_3_50b,complete,61,3150,13.620000000000005,178.0,12.379999999999995,407.16699862480164,3.9413135051727295,6.064222574234009,417.1725347042084,False
TINYIMAGENET,resnet18,distance_variance_cover,3,distance_variance_cover_3_50b,complete,62,3200,13.579999999999998,142.0,12.430000000000007,406.74494647979736,2.971527576446533,3.617692232131958,413.33416628837585,False
TINYIMAGENET,resnet18,distance_variance_cover,3,distance_variance_cover_3_50b,complete,63,3250,13.519999999999996,166.0,11.799999999999997,414.796578168869,3.027376174926758,6.754784107208252,424.578738451004,False
TINYIMAGENET,resnet18,distance_variance_cover,3,distance_variance_cover_3_50b,complete,64,3300,13.400000000000006,60.0,12.459999999999994,423.2751393318176,4.246371746063232,7.251060962677002,434.77257204055786,False
TINYIMAGENET,resnet18,distance_variance_cover,3,distance_variance_cover_3_50b,complete,65,3350,13.760000000000005,94.0,12.370000000000005,423.9516935348511,3.9180545806884766,5.785301446914673,433.6550495624542,False
TINYIMAGENET,resnet18,distance_variance_cover,3,distance_variance_cover_3_50b,complete,66,3400,13.599999999999994,126.0,12.25,422.4701044559479,3.094090700149536,4.062477111816406,429.6266722679138,False
TINYIMAGENET,resnet18,distance_variance_cover,3,distance_variance_cover_3_50b,complete,67,3450,13.200000000000003,122.0,11.900000000000006,429.89624214172363,3.0948102474212646,7.9105002880096436,440.90155267715454,False
TINYIMAGENET,resnet18,distance_variance_cover,3,distance_variance_cover_3_50b,complete,68,3500,13.599999999999994,48.0,11.689999999999998,429.62875604629517,2.956571578979492,6.583865404129028,439.1691930294037,False
TINYIMAGENET,resnet18,distance_variance_cover,3,distance_variance_cover_3_50b,complete,69,3550,13.299999999999997,160.0,12.310000000000002,436.41295170783997,3.247652530670166,8.53478741645813,448.19539165496826,False
TINYIMAGENET,resnet18,distance_variance_cover,3,distance_variance_cover_3_50b,complete,70,3600,13.14,114.0,12.189999999999998,440.9012522697449,2.9750773906707764,4.7861456871032715,448.6624753475189,False
TINYIMAGENET,resnet18,distance_variance_cover,3,distance_variance_cover_3_50b,complete,71,3650,13.099999999999994,34.0,12.170000000000002,442.31381726264954,4.22598671913147,3.257087469100952,449.79689145088196,False
TINYIMAGENET,resnet18,distance_variance_cover,3,distance_variance_cover_3_50b,complete,72,3700,13.319999999999993,78.0,12.370000000000005,450.61424231529236,3.8794174194335938,3.0752549171447754,457.5689146518707,False
TINYIMAGENET,resnet18,distance_variance_cover,3,distance_variance_cover_3_50b,complete,73,3750,13.040000000000006,188.0,12.299999999999997,453.2197926044464,3.0233328342437744,3.0047976970672607,459.24792313575745,False
TINYIMAGENET,resnet18,distance_variance_cover,3,distance_variance_cover_3_50b,complete,74,3800,13.019999999999996,106.0,11.840000000000003,450.2256531715393,3.044287919998169,2.980987071990967,456.25092816352844,False
TINYIMAGENET,resnet18,distance_variance_cover,3,distance_variance_cover_3_50b,complete,75,3850,13.36,90.0,12.239999999999995,456.5622978210449,3.932952880859375,3.152862787246704,463.648113489151,False
TINYIMAGENET,resnet18,distance_variance_cover,3,distance_variance_cover_3_50b,complete,76,3900,13.0,198.0,12.620000000000005,456.221314907074,3.9649059772491455,3.138681173324585,463.3249020576477,False
TINYIMAGENET,resnet18,distance_variance_cover,3,distance_variance_cover_3_50b,complete,77,3950,13.120000000000005,124.0,11.719999999999999,463.31312108039856,3.0397655963897705,3.1152520179748535,469.4681386947632,False
TINYIMAGENET,resnet18,distance_variance_cover,3,distance_variance_cover_3_50b,complete,78,4000,12.840000000000003,4.0,11.64,464.2364752292633,3.0594050884246826,3.083010673522949,470.37889099121094,False
TINYIMAGENET,resnet18,distance_variance_cover,3,distance_variance_cover_3_50b,complete,79,4050,13.200000000000003,144.0,12.510000000000005,473.7568430900574,2.969287157058716,3.01282000541687,479.73895025253296,False
TINYIMAGENET,resnet18,distance_variance_cover,3,distance_variance_cover_3_50b,complete,80,4100,13.159999999999997,104.0,11.849999999999994,485.4014277458191,4.225147485733032,3.139385223388672,492.7659604549408,False
TINYIMAGENET,resnet18,distance_variance_cover,3,distance_variance_cover_3_50b,complete,81,4150,13.079999999999998,40.0,12.069999999999993,478.383216381073,2.9939005374908447,3.017867088317871,484.3949840068817,False
TINYIMAGENET,resnet18,distance_variance_cover,3,distance_variance_cover_3_50b,complete,82,4200,13.060000000000002,70.0,11.920000000000002,478.0585069656372,3.016958713531494,3.0219075679779053,484.0973732471466,False
TINYIMAGENET,resnet18,distance_variance_cover,3,distance_variance_cover_3_50b,complete,83,4250,13.099999999999994,100.0,11.689999999999998,485.64659881591797,3.029937982559204,3.027580976486206,491.7041177749634,False
TINYIMAGENET,resnet18,distance_variance_cover,3,distance_variance_cover_3_50b,complete,84,4300,13.200000000000003,124.0,12.239999999999995,486.46818804740906,3.0103535652160645,3.000357151031494,492.4788987636566,False
TINYIMAGENET,resnet18,distance_variance_cover,3,distance_variance_cover_3_50b,complete,85,4350,13.379999999999995,78.0,12.030000000000001,493.40955662727356,3.04815411567688,3.2335281372070312,499.69123888015747,False
TINYIMAGENET,resnet18,distance_variance_cover,3,distance_variance_cover_3_50b,complete,86,4400,13.159999999999997,32.0,11.349999999999994,494.7646572589874,3.172743558883667,3.04817271232605,500.98557353019714,False
TINYIMAGENET,resnet18,distance_variance_cover,3,distance_variance_cover_3_50b,complete,87,4450,13.319999999999993,114.0,11.700000000000003,510.4667751789093,3.7327418327331543,3.041597604751587,517.241114616394,False
TINYIMAGENET,resnet18,distance_variance_cover,3,distance_variance_cover_3_50b,complete,88,4500,13.260000000000005,116.0,11.709999999999994,500.623939037323,2.9365651607513428,3.1865122318267822,506.7470164299011,False
TINYIMAGENET,resnet18,distance_variance_cover,3,distance_variance_cover_3_50b,complete,89,4550,13.120000000000005,40.0,12.030000000000001,508.5016529560089,3.823917865753174,3.2078166007995605,515.5333874225616,False
TINYIMAGENET,resnet18,distance_variance_cover,3,distance_variance_cover_3_50b,complete,90,4600,12.959999999999994,42.0,11.159999999999997,507.88736295700073,2.964923858642578,2.9715046882629395,513.8237915039062,False
TINYIMAGENET,resnet18,distance_variance_cover,3,distance_variance_cover_3_50b,complete,91,4650,13.060000000000002,10.0,11.180000000000007,516.151148557663,3.091723918914795,3.0922622680664062,522.3351347446442,False
TINYIMAGENET,resnet18,distance_variance_cover,3,distance_variance_cover_3_50b,complete,92,4700,12.819999999999993,168.0,11.829999999999998,514.4566717147827,2.9582464694976807,3.049651622772217,520.4645698070526,False
TINYIMAGENET,resnet18,distance_variance_cover,3,distance_variance_cover_3_50b,complete,93,4750,13.299999999999997,194.0,11.579999999999998,521.5029714107513,3.9486243724823,3.094733953475952,528.5463297367096,False
TINYIMAGENET,resnet18,distance_variance_cover,3,distance_variance_cover_3_50b,complete,94,4800,12.760000000000005,136.0,11.969999999999999,530.2355284690857,3.054933547973633,3.127633810043335,536.4180958271027,False
TINYIMAGENET,resnet18,distance_variance_cover,3,distance_variance_cover_3_50b,complete,95,4850,13.379999999999995,30.0,11.709999999999994,530.9732632637024,3.021012306213379,3.13504695892334,537.1293225288391,False
TINYIMAGENET,resnet18,distance_variance_cover,3,distance_variance_cover_3_50b,complete,96,4900,12.980000000000004,146.0,10.780000000000001,528.9396152496338,2.9895095825195312,3.089235544204712,535.018360376358,False
TINYIMAGENET,resnet18,distance_variance_cover,3,distance_variance_cover_3_50b,complete,97,4950,13.099999999999994,10.0,12.120000000000005,537.1578495502472,3.015442371368408,5.832608699798584,546.0059006214142,False
TINYIMAGENET,resnet18,distance_variance_cover,3,distance_variance_cover_3_50b,complete,98,5000,13.299999999999997,32.0,11.430000000000007,535.6335606575012,3.0946996212005615,5.204633712768555,543.9328939914703,False
TINYIMAGENET,resnet18,distance_variance_cover,3,distance_variance_cover_3_50b,complete,99,5050,12.760000000000005,60.0,11.36,545.4687392711639,2.992465019226074,6.355069637298584,554.8162739276886,False
TINYIMAGENET,resnet18,distance_variance_cover,3,distance_variance_cover_3_50b,complete,100,5050,12.760000000000005,8.0,11.650000000000006,546.0467386245728,3.02167010307312,0.0,549.0684087276459,False
TINYIMAGENET,resnet18,distance_variance_cover,4,distance_variance_cover_4_50b,complete,-1,50,,,,,,5.22243857383728,5.22243857383728,True
TINYIMAGENET,resnet18,distance_variance_cover,4,distance_variance_cover_4_50b,complete,0,100,2.3599999999999994,84.0,2.7099999999999937,176.72103118896484,4.325663089752197,6.087501287460327,187.13419556617737,False
TINYIMAGENET,resnet18,distance_variance_cover,4,distance_variance_cover_4_50b,complete,1,150,2.519999999999996,158.0,2.8599999999999994,172.1528124809265,3.0301151275634766,4.654610872268677,179.83753848075867,False
TINYIMAGENET,resnet18,distance_variance_cover,4,distance_variance_cover_4_50b,complete,2,200,3.480000000000004,116.0,3.319999999999993,170.13072657585144,3.0000627040863037,4.756643772125244,177.887433052063,False
TINYIMAGENET,resnet18,distance_variance_cover,4,distance_variance_cover_4_50b,complete,3,250,4.019999999999996,82.0,3.760000000000005,178.89919996261597,2.9854001998901367,3.2568624019622803,185.14146256446838,False
TINYIMAGENET,resnet18,distance_variance_cover,4,distance_variance_cover_4_50b,complete,4,300,4.459999999999994,110.0,4.349999999999994,180.11567974090576,2.9794974327087402,3.0234012603759766,186.11857843399048,False
TINYIMAGENET,resnet18,distance_variance_cover,4,distance_variance_cover_4_50b,complete,5,350,4.920000000000002,126.0,4.230000000000004,188.0412609577179,3.030963659286499,11.007428407669067,202.07965302467346,False
TINYIMAGENET,resnet18,distance_variance_cover,4,distance_variance_cover_4_50b,complete,6,400,5.099999999999994,168.0,4.819999999999993,188.72445559501648,3.055962562561035,4.931538105010986,196.7119562625885,False
TINYIMAGENET,resnet18,distance_variance_cover,4,distance_variance_cover_4_50b,complete,7,450,5.859999999999999,160.0,4.950000000000003,197.33512830734253,3.0206305980682373,9.260310649871826,209.6160695552826,False
TINYIMAGENET,resnet18,distance_variance_cover,4,distance_variance_cover_4_50b,complete,8,500,6.299999999999997,58.0,5.909999999999997,196.76266527175903,3.1134276390075684,6.838410139083862,206.71450304985046,False
TINYIMAGENET,resnet18,distance_variance_cover,4,distance_variance_cover_4_50b,complete,9,550,6.8799999999999955,140.0,6.049999999999997,205.73531794548035,3.00848388671875,7.01332950592041,215.7571313381195,False
TINYIMAGENET,resnet18,distance_variance_cover,4,distance_variance_cover_4_50b,complete,10,600,7.099999999999994,38.0,5.920000000000002,206.6673674583435,3.040011405944824,6.7233405113220215,216.43071937561035,False
TINYIMAGENET,resnet18,distance_variance_cover,4,distance_variance_cover_4_50b,complete,11,650,7.5,48.0,7.040000000000006,213.56775164604187,2.982868194580078,5.343551158905029,221.89417099952698,False
TINYIMAGENET,resnet18,distance_variance_cover,4,distance_variance_cover_4_50b,complete,12,700,7.480000000000004,44.0,6.950000000000003,214.0750241279602,2.9897282123565674,6.718366622924805,223.78311896324158,False
TINYIMAGENET,resnet18,distance_variance_cover,4,distance_variance_cover_4_50b,complete,13,750,7.560000000000002,80.0,6.3700000000000045,221.39602184295654,2.9751734733581543,6.2689337730407715,230.64012908935547,False
TINYIMAGENET,resnet18,distance_variance_cover,4,distance_variance_cover_4_50b,complete,14,800,8.060000000000002,98.0,7.079999999999998,222.10476350784302,3.008688449859619,5.478304386138916,230.59175634384155,False
TINYIMAGENET,resnet18,distance_variance_cover,4,distance_variance_cover_4_50b,complete,15,850,8.260000000000005,104.0,6.989999999999995,229.29958868026733,3.035968780517578,4.177440643310547,236.51299810409546,False
TINYIMAGENET,resnet18,distance_variance_cover,4,distance_variance_cover_4_50b,complete,16,900,8.439999999999998,148.0,7.730000000000004,230.90287137031555,3.001953363418579,7.732382774353027,241.63720750808716,False
TINYIMAGENET,resnet18,distance_variance_cover,4,distance_variance_cover_4_50b,complete,17,950,8.799999999999997,134.0,8.049999999999997,249.4804766178131,3.699160099029541,6.259153366088867,259.4387900829315,False
TINYIMAGENET,resnet18,distance_variance_cover,4,distance_variance_cover_4_50b,complete,18,1000,8.64,166.0,8.64,237.85710835456848,2.9466960430145264,3.7985057830810547,244.60231018066406,False
TINYIMAGENET,resnet18,distance_variance_cover,4,distance_variance_cover_4_50b,complete,19,1050,9.040000000000006,100.0,8.329999999999998,246.54495429992676,3.017122507095337,3.7009944915771484,253.26307129859924,False
TINYIMAGENET,resnet18,distance_variance_cover,4,distance_variance_cover_4_50b,complete,20,1100,9.099999999999994,132.0,7.609999999999999,245.56311106681824,2.9998857975006104,7.830043077468872,256.3930399417877,False
TINYIMAGENET,resnet18,distance_variance_cover,4,distance_variance_cover_4_50b,complete,21,1150,9.400000000000006,114.0,8.870000000000005,255.01063227653503,3.065938711166382,8.040011167526245,266.11658215522766,False
TINYIMAGENET,resnet18,distance_variance_cover,4,distance_variance_cover_4_50b,complete,22,1200,9.540000000000006,94.0,9.409999999999997,253.7805700302124,3.0893683433532715,7.426497220993042,264.2964355945587,False
TINYIMAGENET,resnet18,distance_variance_cover,4,distance_variance_cover_4_50b,complete,23,1250,9.700000000000003,132.0,9.269999999999996,262.2985589504242,3.142904043197632,7.991142749786377,273.4326057434082,False
TINYIMAGENET,resnet18,distance_variance_cover,4,distance_variance_cover_4_50b,complete,24,1300,10.019999999999996,152.0,9.290000000000006,264.09389543533325,2.9533214569091797,2.909611701965332,269.95682859420776,False
TINYIMAGENET,resnet18,distance_variance_cover,4,distance_variance_cover_4_50b,complete,25,1350,10.219999999999999,196.0,8.61,270.1428761482239,3.1524641513824463,3.256086826324463,276.5514271259308,False
TINYIMAGENET,resnet18,distance_variance_cover,4,distance_variance_cover_4_50b,complete,26,1400,10.599999999999994,60.0,9.659999999999997,270.8155117034912,2.988382577896118,2.924043893814087,276.7279381752014,False
TINYIMAGENET,resnet18,distance_variance_cover,4,distance_variance_cover_4_50b,complete,27,1450,10.439999999999998,24.0,9.36,276.90742325782776,3.2635209560394287,3.1978325843811035,283.3687767982483,False
TINYIMAGENET,resnet18,distance_variance_cover,4,distance_variance_cover_4_50b,complete,28,1500,10.459999999999994,30.0,9.739999999999995,278.73471093177795,3.044360876083374,2.9714272022247314,284.75049901008606,False
TINYIMAGENET,resnet18,distance_variance_cover,4,distance_variance_cover_4_50b,complete,29,1550,10.939999999999998,56.0,10.719999999999999,284.8040671348572,3.130613327026367,2.9695851802825928,290.90426564216614,False
TINYIMAGENET,resnet18,distance_variance_cover,4,distance_variance_cover_4_50b,complete,30,1600,11.120000000000005,200.0,10.819999999999993,294.44291067123413,3.3840935230255127,2.933441162109375,300.760445356369,False
TINYIMAGENET,resnet18,distance_variance_cover,4,distance_variance_cover_4_50b,complete,31,1650,11.36,168.0,11.269999999999996,293.16124868392944,3.0041487216949463,2.947202444076538,299.1125998497009,False
TINYIMAGENET,resnet18,distance_variance_cover,4,distance_variance_cover_4_50b,complete,32,1700,11.400000000000006,52.0,10.790000000000006,292.81187748908997,3.915855646133423,3.2019944190979004,299.9297275543213,False
TINYIMAGENET,resnet18,distance_variance_cover,4,distance_variance_cover_4_50b,complete,33,1750,11.439999999999998,76.0,10.219999999999999,302.03482961654663,3.022705316543579,3.0708749294281006,308.1284098625183,False
TINYIMAGENET,resnet18,distance_variance_cover,4,distance_variance_cover_4_50b,complete,34,1800,11.780000000000001,18.0,11.079999999999998,299.7715005874634,3.01172137260437,2.973705530166626,305.7569274902344,False
TINYIMAGENET,resnet18,distance_variance_cover,4,distance_variance_cover_4_50b,complete,35,1850,11.86,162.0,11.209999999999994,308.6677849292755,3.1225461959838867,3.077829360961914,314.8681604862213,False
TINYIMAGENET,resnet18,distance_variance_cover,4,distance_variance_cover_4_50b,complete,36,1900,11.939999999999998,194.0,11.150000000000006,308.13433814048767,2.9707958698272705,3.1477677822113037,314.25290179252625,False
TINYIMAGENET,resnet18,distance_variance_cover,4,distance_variance_cover_4_50b,complete,37,1950,12.159999999999997,12.0,11.920000000000002,316.1369905471802,3.093886375427246,3.0043814182281494,322.23525834083557,False
TINYIMAGENET,resnet18,distance_variance_cover,4,distance_variance_cover_4_50b,complete,38,2000,12.760000000000005,158.0,10.549999999999997,315.22846388816833,2.943732500076294,2.970309019088745,321.1425054073334,False
TINYIMAGENET,resnet18,distance_variance_cover,4,distance_variance_cover_4_50b,complete,39,2050,12.200000000000003,158.0,11.590000000000003,323.0833349227905,3.099153518676758,3.0038259029388428,329.1863143444061,False
TINYIMAGENET,resnet18,distance_variance_cover,4,distance_variance_cover_4_50b,complete,40,2100,12.340000000000003,108.0,11.510000000000005,325.68757677078247,2.991523027420044,3.057255268096924,331.73635506629944,False
TINYIMAGENET,resnet18,distance_variance_cover,4,distance_variance_cover_4_50b,complete,41,2150,12.620000000000005,184.0,11.530000000000001,337.7508428096771,3.813800811767578,2.9295082092285156,344.4941518306732,False
TINYIMAGENET,resnet18,distance_variance_cover,4,distance_variance_cover_4_50b,complete,42,2200,12.420000000000002,176.0,11.329999999999998,335.4461815357208,3.02512788772583,3.047779083251953,341.5190885066986,False
TINYIMAGENET,resnet18,distance_variance_cover,4,distance_variance_cover_4_50b,complete,43,2250,13.019999999999996,168.0,12.010000000000005,338.3419795036316,3.1633119583129883,2.978010892868042,344.4833023548126,False
TINYIMAGENET,resnet18,distance_variance_cover,4,distance_variance_cover_4_50b,complete,44,2300,13.260000000000005,154.0,11.569999999999993,342.9290726184845,3.059460401535034,3.0026183128356934,348.9911513328552,False
TINYIMAGENET,resnet18,distance_variance_cover,4,distance_variance_cover_4_50b,complete,45,2350,13.519999999999996,194.0,12.230000000000004,349.44512033462524,3.029923677444458,3.01593017578125,355.49097418785095,False
TINYIMAGENET,resnet18,distance_variance_cover,4,distance_variance_cover_4_50b,complete,46,2400,13.780000000000001,24.0,12.239999999999995,348.87755060195923,3.020003080368042,2.964513063430786,354.86206674575806,False
TINYIMAGENET,resnet18,distance_variance_cover,4,distance_variance_cover_4_50b,complete,47,2450,13.159999999999997,194.0,11.900000000000006,357.44893074035645,3.0033366680145264,3.0747482776641846,363.52701568603516,False
TINYIMAGENET,resnet18,distance_variance_cover,4,distance_variance_cover_4_50b,complete,48,2500,13.86,82.0,12.319999999999993,356.5154592990875,3.1876327991485596,3.0046539306640625,362.70774602890015,False
TINYIMAGENET,resnet18,distance_variance_cover,4,distance_variance_cover_4_50b,complete,49,2550,13.739999999999995,34.0,12.579999999999998,363.8768949508667,3.02836275100708,3.0177555084228516,369.92301321029663,False
TINYIMAGENET,resnet18,distance_variance_cover,4,distance_variance_cover_4_50b,complete,50,2600,13.86,194.0,12.230000000000004,367.5022416114807,2.998995304107666,3.0406641960144043,373.5419011116028,False
TINYIMAGENET,resnet18,distance_variance_cover,4,distance_variance_cover_4_50b,complete,51,2650,13.459999999999994,74.0,12.079999999999998,379.2759919166565,8.333537817001343,3.1504018306732178,390.75993156433105,False
TINYIMAGENET,resnet18,distance_variance_cover,4,distance_variance_cover_4_50b,complete,52,2700,13.620000000000005,62.0,12.810000000000002,372.6574001312256,3.113755464553833,3.0197432041168213,378.79089879989624,False
TINYIMAGENET,resnet18,distance_variance_cover,4,distance_variance_cover_4_50b,complete,53,2750,13.439999999999998,172.0,12.969999999999999,376.5428252220154,3.0678935050964355,3.320495128631592,382.9312138557434,False
TINYIMAGENET,resnet18,distance_variance_cover,4,distance_variance_cover_4_50b,complete,54,2800,13.379999999999995,88.0,12.400000000000006,379.0671474933624,2.964705467224121,3.0076489448547363,385.0395019054413,False
TINYIMAGENET,resnet18,distance_variance_cover,4,distance_variance_cover_4_50b,complete,55,2850,13.260000000000005,152.0,12.099999999999994,385.14868998527527,3.0751073360443115,3.203334331512451,391.42713165283203,False
TINYIMAGENET,resnet18,distance_variance_cover,4,distance_variance_cover_4_50b,complete,56,2900,13.5,100.0,12.349999999999994,384.3719656467438,3.040186643600464,3.0345206260681152,390.44667291641235,False
TINYIMAGENET,resnet18,distance_variance_cover,4,distance_variance_cover_4_50b,complete,57,2950,13.200000000000003,84.0,12.420000000000002,394.283079624176,3.018409490585327,3.008124589920044,400.3096137046814,False
TINYIMAGENET,resnet18,distance_variance_cover,4,distance_variance_cover_4_50b,complete,58,3000,13.159999999999997,104.0,12.39,392.5059549808502,2.977449655532837,2.9719040393829346,398.455308675766,False
TINYIMAGENET,resnet18,distance_variance_cover,4,distance_variance_cover_4_50b,complete,59,3050,13.079999999999998,74.0,12.170000000000002,400.45758390426636,3.014401435852051,3.0123772621154785,406.4843626022339,False
TINYIMAGENET,resnet18,distance_variance_cover,4,distance_variance_cover_4_50b,complete,60,3100,13.280000000000001,52.0,12.060000000000002,409.5380599498749,5.5658910274505615,3.2336909770965576,418.337641954422,False
TINYIMAGENET,resnet18,distance_variance_cover,4,distance_variance_cover_4_50b,complete,61,3150,13.079999999999998,4.0,11.870000000000005,409.6880769729614,3.9405148029327393,3.2316195964813232,416.8602113723755,False
TINYIMAGENET,resnet18,distance_variance_cover,4,distance_variance_cover_4_50b,complete,62,3200,13.239999999999995,160.0,12.659999999999997,407.28910970687866,3.9372899532318115,3.171408176422119,414.3978078365326,False
TINYIMAGENET,resnet18,distance_variance_cover,4,distance_variance_cover_4_50b,complete,63,3250,13.420000000000002,58.0,12.159999999999997,416.4546089172363,3.0225298404693604,3.0701048374176025,422.5472435951233,False
TINYIMAGENET,resnet18,distance_variance_cover,4,distance_variance_cover_4_50b,complete,64,3300,13.219999999999999,50.0,11.709999999999994,415.9960141181946,3.9219658374786377,3.2377007007598877,423.1556806564331,False
TINYIMAGENET,resnet18,distance_variance_cover,4,distance_variance_cover_4_50b,complete,65,3350,13.36,12.0,12.790000000000006,424.1796565055847,3.0693531036376953,3.1103568077087402,430.35936641693115,False
TINYIMAGENET,resnet18,distance_variance_cover,4,distance_variance_cover_4_50b,complete,66,3400,13.280000000000001,192.0,11.680000000000007,424.5697729587555,3.017963409423828,3.1615259647369385,430.74926233291626,False
TINYIMAGENET,resnet18,distance_variance_cover,4,distance_variance_cover_4_50b,complete,67,3450,13.060000000000002,102.0,12.010000000000005,428.5120196342468,3.0429553985595703,3.1439785957336426,434.69895362854004,False
TINYIMAGENET,resnet18,distance_variance_cover,4,distance_variance_cover_4_50b,complete,68,3500,13.319999999999993,168.0,11.760000000000005,429.9095973968506,3.6062841415405273,5.253753423690796,438.7696349620819,False
TINYIMAGENET,resnet18,distance_variance_cover,4,distance_variance_cover_4_50b,complete,69,3550,13.159999999999997,86.0,11.969999999999999,445.7305760383606,2.9954144954681396,5.108839511871338,453.8348300457001,False
TINYIMAGENET,resnet18,distance_variance_cover,4,distance_variance_cover_4_50b,complete,70,3600,13.340000000000003,78.0,12.569999999999993,436.59864044189453,3.1978600025177,3.126255750656128,442.92275619506836,False
TINYIMAGENET,resnet18,distance_variance_cover,4,distance_variance_cover_4_50b,complete,71,3650,12.840000000000003,94.0,11.980000000000004,446.0860872268677,3.0878067016601562,3.246588706970215,452.42048263549805,False
TINYIMAGENET,resnet18,distance_variance_cover,4,distance_variance_cover_4_50b,complete,72,3700,13.180000000000007,168.0,11.780000000000001,443.9288890361786,3.144796371459961,6.674926280975342,453.7486116886139,False
TINYIMAGENET,resnet18,distance_variance_cover,4,distance_variance_cover_4_50b,complete,73,3750,12.799999999999997,86.0,11.900000000000006,449.7424976825714,3.039921283721924,3.1760168075561523,455.9584357738495,False
TINYIMAGENET,resnet18,distance_variance_cover,4,distance_variance_cover_4_50b,complete,74,3800,13.340000000000003,124.0,11.569999999999993,450.0490770339966,3.0321099758148193,2.9687583446502686,456.04994535446167,False
TINYIMAGENET,resnet18,distance_variance_cover,4,distance_variance_cover_4_50b,complete,75,3850,12.959999999999994,178.0,11.739999999999995,457.924170255661,3.0471346378326416,3.1145286560058594,464.0858335494995,False
TINYIMAGENET,resnet18,distance_variance_cover,4,distance_variance_cover_4_50b,complete,76,3900,13.060000000000002,18.0,12.129999999999995,455.10017561912537,2.9650089740753174,3.043090581893921,461.1082751750946,False
TINYIMAGENET,resnet18,distance_variance_cover,4,distance_variance_cover_4_50b,complete,77,3950,13.540000000000006,194.0,11.75,475.2394392490387,2.9787070751190186,3.0621848106384277,481.28033113479614,False
TINYIMAGENET,resnet18,distance_variance_cover,4,distance_variance_cover_4_50b,complete,78,4000,13.120000000000005,174.0,12.0,467.20114493370056,3.0726072788238525,3.141249656677246,473.41500186920166,False
TINYIMAGENET,resnet18,distance_variance_cover,4,distance_variance_cover_4_50b,complete,79,4050,13.200000000000003,78.0,11.86,475.8399820327759,3.909025192260742,3.291722059249878,483.0407292842865,False
TINYIMAGENET,resnet18,distance_variance_cover,4,distance_variance_cover_4_50b,complete,80,4100,13.299999999999997,74.0,11.189999999999998,474.6620478630066,2.9747776985168457,4.705029487609863,482.3418550491333,False
TINYIMAGENET,resnet18,distance_variance_cover,4,distance_variance_cover_4_50b,complete,81,4150,13.120000000000005,98.0,12.11,480.5639898777008,3.01861310005188,7.842881441116333,491.425484418869,False
TINYIMAGENET,resnet18,distance_variance_cover,4,distance_variance_cover_4_50b,complete,82,4200,12.959999999999994,100.0,12.11,482.8450982570648,3.011422634124756,3.3851308822631836,489.24165177345276,False
TINYIMAGENET,resnet18,distance_variance_cover,4,distance_variance_cover_4_50b,complete,83,4250,13.299999999999997,24.0,11.989999999999995,490.92173290252686,2.988983631134033,4.992459058761597,498.9031755924225,False
TINYIMAGENET,resnet18,distance_variance_cover,4,distance_variance_cover_4_50b,complete,84,4300,13.079999999999998,152.0,11.849999999999994,497.77300810813904,3.0257766246795654,3.130152463912964,503.92893719673157,False
TINYIMAGENET,resnet18,distance_variance_cover,4,distance_variance_cover_4_50b,complete,85,4350,13.120000000000005,96.0,11.920000000000002,495.0975260734558,2.99995756149292,5.394508600234985,503.4919922351837,False
TINYIMAGENET,resnet18,distance_variance_cover,4,distance_variance_cover_4_50b,complete,86,4400,13.120000000000005,26.0,12.590000000000003,495.79254603385925,3.0382699966430664,3.4858925342559814,502.3167085647583,False
TINYIMAGENET,resnet18,distance_variance_cover,4,distance_variance_cover_4_50b,complete,87,4450,13.659999999999997,14.0,11.719999999999999,503.961040019989,3.1552786827087402,5.727390766143799,512.8437094688416,False
TINYIMAGENET,resnet18,distance_variance_cover,4,distance_variance_cover_4_50b,complete,88,4500,13.079999999999998,82.0,12.099999999999994,504.3422703742981,3.0876872539520264,3.1779634952545166,510.60792112350464,False
TINYIMAGENET,resnet18,distance_variance_cover,4,distance_variance_cover_4_50b,complete,89,4550,13.219999999999999,70.0,11.659999999999997,511.1114122867584,2.993403911590576,6.103210210800171,520.2080264091492,False
TINYIMAGENET,resnet18,distance_variance_cover,4,distance_variance_cover_4_50b,complete,90,4600,13.260000000000005,40.0,12.069999999999993,510.5031843185425,3.939316987991333,7.752429723739624,522.1949310302734,False
TINYIMAGENET,resnet18,distance_variance_cover,4,distance_variance_cover_4_50b,complete,91,4650,13.120000000000005,60.0,11.560000000000002,527.186886548996,2.982799768447876,4.791766405105591,534.9614527225494,False
TINYIMAGENET,resnet18,distance_variance_cover,4,distance_variance_cover_4_50b,complete,92,4700,13.040000000000006,2.0,11.549999999999997,519.1584935188293,2.962400197982788,2.831054210662842,524.951947927475,False
TINYIMAGENET,resnet18,distance_variance_cover,4,distance_variance_cover_4_50b,complete,93,4750,12.939999999999998,76.0,11.409999999999997,516.0655536651611,3.0177042484283447,3.688908338546753,522.7721662521362,False
TINYIMAGENET,resnet18,distance_variance_cover,4,distance_variance_cover_4_50b,complete,94,4800,12.920000000000002,162.0,12.400000000000006,515.5563855171204,3.8166046142578125,7.60226845741272,526.9752585887909,False
TINYIMAGENET,resnet18,distance_variance_cover,4,distance_variance_cover_4_50b,complete,95,4850,12.879999999999995,72.0,11.939999999999998,520.612909078598,3.621961832046509,6.899346590042114,531.1342175006866,False
TINYIMAGENET,resnet18,distance_variance_cover,4,distance_variance_cover_4_50b,complete,96,4900,12.920000000000002,24.0,12.090000000000003,517.543820142746,2.9293441772460938,8.247155904769897,528.720320224762,False
TINYIMAGENET,resnet18,distance_variance_cover,4,distance_variance_cover_4_50b,complete,97,4950,13.159999999999997,194.0,11.980000000000004,526.0321323871613,3.8207831382751465,5.867422342300415,535.7203378677368,False
TINYIMAGENET,resnet18,distance_variance_cover,4,distance_variance_cover_4_50b,complete,98,5000,12.840000000000003,60.0,12.010000000000005,534.1769959926605,2.9660136699676514,7.35805869102478,544.501068353653,False
TINYIMAGENET,resnet18,distance_variance_cover,4,distance_variance_cover_4_50b,complete,99,5050,13.120000000000005,16.0,11.75,535.9199731349945,3.058964729309082,2.9502196311950684,541.9291574954987,False
TINYIMAGENET,resnet18,distance_variance_cover,4,distance_variance_cover_4_50b,complete,100,5050,13.099999999999994,198.0,11.930000000000007,534.283124923706,2.872612714767456,0.0,537.1557376384735,False
TINYIMAGENET,resnet18,distance_variance_cover,5,distance_variance_cover_5_50b,complete,-1,50,,,,,,5.767470598220825,5.767470598220825,True
TINYIMAGENET,resnet18,distance_variance_cover,5,distance_variance_cover_5_50b,complete,0,100,2.1599999999999966,150.0,2.230000000000004,180.2362253665924,3.1497151851654053,5.6659255027771,189.0518660545349,False
TINYIMAGENET,resnet18,distance_variance_cover,5,distance_variance_cover_5_50b,complete,1,150,2.3799999999999955,180.0,2.5900000000000034,176.56657910346985,3.0059611797332764,4.272157669067383,183.8446979522705,False
TINYIMAGENET,resnet18,distance_variance_cover,5,distance_variance_cover_5_50b,complete,2,200,2.980000000000004,122.0,2.9200000000000017,176.70118188858032,3.0430188179016113,4.168807029724121,183.91300773620605,False
TINYIMAGENET,resnet18,distance_variance_cover,5,distance_variance_cover_5_50b,complete,3,250,3.5400000000000063,142.0,3.6099999999999994,185.85007977485657,3.092259407043457,4.383654594421387,193.3259937763214,False
TINYIMAGENET,resnet18,distance_variance_cover,5,distance_variance_cover_5_50b,complete,4,300,3.8400000000000034,94.0,3.7099999999999937,185.66074776649475,3.0287680625915527,4.323472499847412,193.01298832893372,False
TINYIMAGENET,resnet18,distance_variance_cover,5,distance_variance_cover_5_50b,complete,5,350,4.099999999999994,108.0,4.230000000000004,194.68148589134216,3.2280046939849854,4.6913018226623535,202.6007924079895,False
TINYIMAGENET,resnet18,distance_variance_cover,5,distance_variance_cover_5_50b,complete,6,400,4.640000000000001,54.0,4.680000000000007,194.50951409339905,3.191763401031494,7.6671462059021,205.36842370033264,False
TINYIMAGENET,resnet18,distance_variance_cover,5,distance_variance_cover_5_50b,complete,7,450,5.019999999999996,88.0,5.079999999999998,204.64757132530212,3.20493221282959,6.632984161376953,214.48548769950867,False
TINYIMAGENET,resnet18,distance_variance_cover,5,distance_variance_cover_5_50b,complete,8,500,5.599999999999994,120.0,5.230000000000004,204.014142036438,3.1904330253601074,6.617483139038086,213.82205820083618,False
TINYIMAGENET,resnet18,distance_variance_cover,5,distance_variance_cover_5_50b,complete,9,550,5.840000000000003,188.0,5.560000000000002,213.30272912979126,3.1270737648010254,6.584963321685791,223.01476621627808,False
TINYIMAGENET,resnet18,distance_variance_cover,5,distance_variance_cover_5_50b,complete,10,600,6.079999999999998,170.0,5.900000000000006,214.46671509742737,3.2017405033111572,6.3373353481292725,224.0057909488678,False
TINYIMAGENET,resnet18,distance_variance_cover,5,distance_variance_cover_5_50b,complete,11,650,6.659999999999997,94.0,6.349999999999994,226.7324140071869,3.102149248123169,6.12794041633606,235.96250367164612,False
TINYIMAGENET,resnet18,distance_variance_cover,5,distance_variance_cover_5_50b,complete,12,700,7.019999999999996,60.0,6.3799999999999955,224.09766125679016,2.972368001937866,6.492940902709961,233.562970161438,False
TINYIMAGENET,resnet18,distance_variance_cover,5,distance_variance_cover_5_50b,complete,13,750,7.319999999999993,58.0,6.609999999999999,231.51248025894165,2.910378932952881,6.197946786880493,240.62080597877502,False
TINYIMAGENET,resnet18,distance_variance_cover,5,distance_variance_cover_5_50b,complete,14,800,7.219999999999999,154.0,7.180000000000007,232.35608625411987,2.885422706604004,7.087905406951904,242.32941436767578,False
TINYIMAGENET,resnet18,distance_variance_cover,5,distance_variance_cover_5_50b,complete,15,850,7.680000000000007,86.0,7.030000000000001,238.53020763397217,3.0263521671295166,5.638925313949585,247.19548511505127,False
TINYIMAGENET,resnet18,distance_variance_cover,5,distance_variance_cover_5_50b,complete,16,900,7.719999999999999,138.0,7.579999999999998,242.45992922782898,3.1180167198181152,5.531097173690796,251.1090431213379,False
TINYIMAGENET,resnet18,distance_variance_cover,5,distance_variance_cover_5_50b,complete,17,950,8.0,170.0,7.780000000000001,245.61811709403992,3.042043924331665,4.638677597045898,253.29883861541748,False
TINYIMAGENET,resnet18,distance_variance_cover,5,distance_variance_cover_5_50b,complete,18,1000,8.099999999999994,196.0,7.939999999999998,245.27730917930603,3.0515317916870117,3.1670351028442383,251.49587607383728,False
TINYIMAGENET,resnet18,distance_variance_cover,5,distance_variance_cover_5_50b,complete,19,1050,8.739999999999995,112.0,8.370000000000005,253.65377950668335,3.155165672302246,3.099575996398926,259.9085211753845,False
TINYIMAGENET,resnet18,distance_variance_cover,5,distance_variance_cover_5_50b,complete,20,1100,8.980000000000004,60.0,8.239999999999995,253.36835885047913,3.093568801879883,2.9895572662353516,259.45148491859436,False
TINYIMAGENET,resnet18,distance_variance_cover,5,distance_variance_cover_5_50b,complete,21,1150,9.280000000000001,68.0,8.930000000000007,262.1429011821747,3.0373685359954834,2.9931139945983887,268.17338371276855,False
TINYIMAGENET,resnet18,distance_variance_cover,5,distance_variance_cover_5_50b,complete,22,1200,9.299999999999997,46.0,8.64,262.60638976097107,3.0641496181488037,3.2997899055480957,268.97032928466797,False
TINYIMAGENET,resnet18,distance_variance_cover,5,distance_variance_cover_5_50b,complete,23,1250,9.439999999999998,144.0,8.629999999999995,269.02610063552856,3.1156575679779053,3.088691473007202,275.2304496765137,False
TINYIMAGENET,resnet18,distance_variance_cover,5,distance_variance_cover_5_50b,complete,24,1300,9.519999999999996,76.0,8.840000000000003,270.6888220310211,3.0594077110290527,3.0524039268493652,276.80063366889954,False
TINYIMAGENET,resnet18,distance_variance_cover,5,distance_variance_cover_5_50b,complete,25,1350,9.719999999999999,50.0,8.870000000000005,278.3377196788788,3.3542473316192627,3.1359150409698486,284.8278820514679,False
TINYIMAGENET,resnet18,distance_variance_cover,5,distance_variance_cover_5_50b,complete,26,1400,9.840000000000003,88.0,9.450000000000003,280.6405894756317,3.0548207759857178,3.1307647228240967,286.8261749744415,False
TINYIMAGENET,resnet18,distance_variance_cover,5,distance_variance_cover_5_50b,complete,27,1450,9.879999999999995,176.0,9.739999999999995,286.07432293891907,3.0759546756744385,3.0377354621887207,292.1880130767822,False
TINYIMAGENET,resnet18,distance_variance_cover,5,distance_variance_cover_5_50b,complete,28,1500,10.200000000000003,162.0,9.36,285.73733162879944,3.1410727500915527,3.1700680255889893,292.04847240448,False
TINYIMAGENET,resnet18,distance_variance_cover,5,distance_variance_cover_5_50b,complete,29,1550,10.519999999999996,88.0,10.120000000000005,301.8950753211975,3.1079366207122803,3.1572823524475098,308.1602942943573,False
TINYIMAGENET,resnet18,distance_variance_cover,5,distance_variance_cover_5_50b,complete,30,1600,10.760000000000005,98.0,9.620000000000005,296.81006240844727,3.04945969581604,3.0187079906463623,302.87823009490967,False
TINYIMAGENET,resnet18,distance_variance_cover,5,distance_variance_cover_5_50b,complete,31,1650,11.340000000000003,128.0,10.530000000000001,303.76080322265625,3.0019659996032715,3.2601280212402344,310.02289724349976,False
TINYIMAGENET,resnet18,distance_variance_cover,5,distance_variance_cover_5_50b,complete,32,1700,11.0,6.0,10.459999999999994,302.4253704547882,2.848299503326416,3.1423263549804688,308.4159963130951,False
TINYIMAGENET,resnet18,distance_variance_cover,5,distance_variance_cover_5_50b,complete,33,1750,11.319999999999993,56.0,10.760000000000005,309.4978666305542,3.010089874267578,5.517358779907227,318.025315284729,False
TINYIMAGENET,resnet18,distance_variance_cover,5,distance_variance_cover_5_50b,complete,34,1800,11.739999999999995,26.0,10.969999999999999,310.2766706943512,3.0030181407928467,5.559960842132568,318.8396496772766,False
TINYIMAGENET,resnet18,distance_variance_cover,5,distance_variance_cover_5_50b,complete,35,1850,11.920000000000002,180.0,10.769999999999996,320.3224606513977,3.048732280731201,4.115246057510376,327.4864389896393,False
TINYIMAGENET,resnet18,distance_variance_cover,5,distance_variance_cover_5_50b,complete,36,1900,11.739999999999995,62.0,11.049999999999997,319.777685880661,2.930846691131592,5.483833074569702,328.1923656463623,False
TINYIMAGENET,resnet18,distance_variance_cover,5,distance_variance_cover_5_50b,complete,37,1950,12.180000000000007,102.0,10.950000000000003,328.09184527397156,2.942664623260498,5.175944089889526,336.2104539871216,False
TINYIMAGENET,resnet18,distance_variance_cover,5,distance_variance_cover_5_50b,complete,38,2000,11.900000000000006,96.0,10.39,326.8082654476166,3.0285537242889404,3.294179677963257,333.1309988498688,False
TINYIMAGENET,resnet18,distance_variance_cover,5,distance_variance_cover_5_50b,complete,39,2050,12.180000000000007,88.0,11.129999999999995,336.3660259246826,2.9026260375976562,6.89752459526062,346.1661765575409,False
TINYIMAGENET,resnet18,distance_variance_cover,5,distance_variance_cover_5_50b,complete,40,2100,12.040000000000006,136.0,10.950000000000003,347.00906777381897,2.9828262329101562,3.0367889404296875,353.0286829471588,False
TINYIMAGENET,resnet18,distance_variance_cover,5,distance_variance_cover_5_50b,complete,41,2150,12.379999999999995,36.0,11.36,342.5908839702606,2.918203353881836,3.032487154006958,348.5415744781494,False
TINYIMAGENET,resnet18,distance_variance_cover,5,distance_variance_cover_5_50b,complete,42,2200,12.400000000000006,124.0,11.709999999999994,342.12166953086853,3.0573439598083496,2.9995126724243164,348.1785261631012,False
TINYIMAGENET,resnet18,distance_variance_cover,5,distance_variance_cover_5_50b,complete,43,2250,12.459999999999994,74.0,11.459999999999994,352.2078950405121,3.0771360397338867,2.9742612838745117,358.2592923641205,False
TINYIMAGENET,resnet18,distance_variance_cover,5,distance_variance_cover_5_50b,complete,44,2300,12.799999999999997,48.0,11.900000000000006,348.58650755882263,3.0678722858428955,3.0270626544952393,354.68144249916077,False
TINYIMAGENET,resnet18,distance_variance_cover,5,distance_variance_cover_5_50b,complete,45,2350,12.760000000000005,156.0,11.909999999999997,357.14314246177673,3.035069465637207,3.049170970916748,363.2273828983307,False
TINYIMAGENET,resnet18,distance_variance_cover,5,distance_variance_cover_5_50b,complete,46,2400,13.079999999999998,30.0,11.819999999999993,360.8223464488983,3.0581982135772705,3.092696189880371,366.97324085235596,False
TINYIMAGENET,resnet18,distance_variance_cover,5,distance_variance_cover_5_50b,complete,47,2450,13.120000000000005,174.0,12.019999999999996,366.3273482322693,3.058791399002075,3.2296533584594727,372.61579298973083,False
TINYIMAGENET,resnet18,distance_variance_cover,5,distance_variance_cover_5_50b,complete,48,2500,13.120000000000005,186.0,11.739999999999995,366.0916838645935,3.10288405418396,3.2153892517089844,372.40995717048645,False
TINYIMAGENET,resnet18,distance_variance_cover,5,distance_variance_cover_5_50b,complete,49,2550,13.239999999999995,64.0,11.969999999999999,371.1246933937073,3.0824666023254395,2.992774724960327,377.19993472099304,False
TINYIMAGENET,resnet18,distance_variance_cover,5,distance_variance_cover_5_50b,complete,50,2600,13.299999999999997,200.0,11.930000000000007,386.48838329315186,3.065101146697998,3.0726194381713867,392.62610387802124,False
TINYIMAGENET,resnet18,distance_variance_cover,5,distance_variance_cover_5_50b,complete,51,2650,13.099999999999994,98.0,11.950000000000003,382.58803153038025,3.107046127319336,3.085127353668213,388.7802050113678,False
TINYIMAGENET,resnet18,distance_variance_cover,5,distance_variance_cover_5_50b,complete,52,2700,13.060000000000002,64.0,12.14,380.29325914382935,3.0306310653686523,4.3573689460754395,387.68125915527344,False
TINYIMAGENET,resnet18,distance_variance_cover,5,distance_variance_cover_5_50b,complete,53,2750,12.819999999999993,124.0,12.230000000000004,387.84289813041687,3.0995869636535645,4.9386351108551025,395.88112020492554,False
TINYIMAGENET,resnet18,distance_variance_cover,5,distance_variance_cover_5_50b,complete,54,2800,13.0,108.0,11.849999999999994,388.2492878437042,3.062459707260132,5.301616907119751,396.6133644580841,False
TINYIMAGENET,resnet18,distance_variance_cover,5,distance_variance_cover_5_50b,complete,55,2850,12.680000000000007,40.0,12.260000000000005,396.7599301338196,3.0496151447296143,6.320898056030273,406.13044333457947,False
TINYIMAGENET,resnet18,distance_variance_cover,5,distance_variance_cover_5_50b,complete,56,2900,12.620000000000005,76.0,11.879999999999995,397.9637722969055,3.0403566360473633,3.8256707191467285,404.8297996520996,False
TINYIMAGENET,resnet18,distance_variance_cover,5,distance_variance_cover_5_50b,complete,57,2950,12.86,12.0,11.680000000000007,403.8508994579315,3.1032419204711914,6.1215760707855225,413.07571744918823,False
TINYIMAGENET,resnet18,distance_variance_cover,5,distance_variance_cover_5_50b,complete,58,3000,12.739999999999995,198.0,12.329999999999998,408.65333318710327,3.0571398735046387,6.945466995239258,418.65594005584717,False
TINYIMAGENET,resnet18,distance_variance_cover,5,distance_variance_cover_5_50b,complete,59,3050,12.980000000000004,16.0,12.11,415.172194480896,3.0433318614959717,5.331759691238403,423.54728603363037,False
TINYIMAGENET,resnet18,distance_variance_cover,5,distance_variance_cover_5_50b,complete,60,3100,12.980000000000004,92.0,12.310000000000002,409.7519464492798,3.066358804702759,6.010322093963623,418.82862734794617,False
TINYIMAGENET,resnet18,distance_variance_cover,5,distance_variance_cover_5_50b,complete,61,3150,12.799999999999997,84.0,12.5,421.14144706726074,3.0918071269989014,4.024173259735107,428.25742745399475,False
TINYIMAGENET,resnet18,distance_variance_cover,5,distance_variance_cover_5_50b,complete,62,3200,12.620000000000005,102.0,11.680000000000007,419.6373884677887,3.097714424133301,3.989223003387451,426.72432589530945,False
TINYIMAGENET,resnet18,distance_variance_cover,5,distance_variance_cover_5_50b,complete,63,3250,13.0,190.0,12.060000000000002,427.1096827983856,3.0761911869049072,6.709490060806274,436.8953640460968,False
TINYIMAGENET,resnet18,distance_variance_cover,5,distance_variance_cover_5_50b,complete,64,3300,12.819999999999993,134.0,11.89,426.4424481391907,3.061389684677124,5.123899698257446,434.62773752212524,False
TINYIMAGENET,resnet18,distance_variance_cover,5,distance_variance_cover_5_50b,complete,65,3350,12.799999999999997,16.0,11.64,434.99487566947937,3.2402536869049072,3.477463483810425,441.7125928401947,False
TINYIMAGENET,resnet18,distance_variance_cover,5,distance_variance_cover_5_50b,complete,66,3400,12.780000000000001,114.0,12.090000000000003,436.25350737571716,3.0741560459136963,5.576145887374878,444.90380930900574,False
TINYIMAGENET,resnet18,distance_variance_cover,5,distance_variance_cover_5_50b,complete,67,3450,13.319999999999993,136.0,12.420000000000002,454.45142817497253,3.12257719039917,5.342346429824829,462.91635179519653,False
TINYIMAGENET,resnet18,distance_variance_cover,5,distance_variance_cover_5_50b,complete,68,3500,12.780000000000001,132.0,11.540000000000006,444.00025367736816,3.034984588623047,6.6388044357299805,453.6740427017212,False
TINYIMAGENET,resnet18,distance_variance_cover,5,distance_variance_cover_5_50b,complete,69,3550,13.120000000000005,112.0,11.769999999999996,447.3365840911865,2.9963998794555664,5.134763479232788,455.4677474498749,False
TINYIMAGENET,resnet18,distance_variance_cover,5,distance_variance_cover_5_50b,complete,70,3600,12.86,178.0,12.510000000000005,449.77527499198914,3.043832778930664,6.475143909454346,459.29425168037415,False
TINYIMAGENET,resnet18,distance_variance_cover,5,distance_variance_cover_5_50b,complete,71,3650,13.060000000000002,196.0,12.079999999999998,456.9015896320343,3.264399766921997,7.225386142730713,467.391375541687,False
TINYIMAGENET,resnet18,distance_variance_cover,5,distance_variance_cover_5_50b,complete,72,3700,12.920000000000002,154.0,11.480000000000004,457.7457094192505,3.049968957901001,7.384809732437134,468.1804881095886,False
TINYIMAGENET,resnet18,distance_variance_cover,5,distance_variance_cover_5_50b,complete,73,3750,12.819999999999993,130.0,11.459999999999994,465.3671669960022,3.058621883392334,6.675445795059204,475.10123467445374,False
TINYIMAGENET,resnet18,distance_variance_cover,5,distance_variance_cover_5_50b,complete,74,3800,13.040000000000006,104.0,12.129999999999995,469.2051112651825,3.7394707202911377,7.201694488525391,480.146276473999,False
TINYIMAGENET,resnet18,distance_variance_cover,5,distance_variance_cover_5_50b,complete,75,3850,12.819999999999993,34.0,11.930000000000007,473.8785660266876,3.0604751110076904,7.968327283859253,484.90736842155457,False
TINYIMAGENET,resnet18,distance_variance_cover,5,distance_variance_cover_5_50b,complete,76,3900,12.64,30.0,12.069999999999993,471.7385528087616,2.9949636459350586,4.8519415855407715,479.5854580402374,False
TINYIMAGENET,resnet18,distance_variance_cover,5,distance_variance_cover_5_50b,complete,77,3950,12.620000000000005,68.0,12.189999999999998,476.42197275161743,3.0093612670898438,6.616839408874512,486.0481734275818,False
TINYIMAGENET,resnet18,distance_variance_cover,5,distance_variance_cover_5_50b,complete,78,4000,12.700000000000003,80.0,12.430000000000007,478.25513339042664,3.056743860244751,6.787946701049805,488.0998239517212,False
TINYIMAGENET,resnet18,distance_variance_cover,5,distance_variance_cover_5_50b,complete,79,4050,12.459999999999994,130.0,11.739999999999995,487.86494421958923,3.0672504901885986,6.02384614944458,496.9560408592224,False
TINYIMAGENET,resnet18,distance_variance_cover,5,distance_variance_cover_5_50b,complete,80,4100,12.819999999999993,116.0,11.489999999999995,487.6516101360321,3.0657055377960205,7.174590349197388,497.8919060230255,False
TINYIMAGENET,resnet18,distance_variance_cover,5,distance_variance_cover_5_50b,complete,81,4150,12.680000000000007,122.0,12.329999999999998,494.46952390670776,3.0563950538635254,7.413795232772827,504.9397141933441,False
TINYIMAGENET,resnet18,distance_variance_cover,5,distance_variance_cover_5_50b,complete,82,4200,13.079999999999998,58.0,11.790000000000006,504.3427872657776,3.034644603729248,5.9873435497283936,513.3647754192352,False
TINYIMAGENET,resnet18,distance_variance_cover,5,distance_variance_cover_5_50b,complete,83,4250,12.700000000000003,138.0,12.280000000000001,502.79351115226746,3.039959669113159,6.7702860832214355,512.603756904602,False
TINYIMAGENET,resnet18,distance_variance_cover,5,distance_variance_cover_5_50b,complete,84,4300,12.760000000000005,132.0,11.430000000000007,500.3227291107178,3.0305886268615723,6.992955207824707,510.34627294540405,False
TINYIMAGENET,resnet18,distance_variance_cover,5,distance_variance_cover_5_50b,complete,85,4350,12.840000000000003,60.0,11.629999999999995,506.90344882011414,3.020113945007324,6.942745685577393,516.8663084506989,False
TINYIMAGENET,resnet18,distance_variance_cover,5,distance_variance_cover_5_50b,complete,86,4400,13.019999999999996,186.0,12.170000000000002,510.09022068977356,3.133939266204834,8.253568649291992,521.4777286052704,False
TINYIMAGENET,resnet18,distance_variance_cover,5,distance_variance_cover_5_50b,complete,87,4450,12.879999999999995,16.0,11.469999999999999,515.5772075653076,3.0361149311065674,7.986056089401245,526.5993785858154,False
TINYIMAGENET,resnet18,distance_variance_cover,5,distance_variance_cover_5_50b,complete,88,4500,12.599999999999994,180.0,11.989999999999995,518.7654130458832,3.11332631111145,7.52855372428894,529.4072930812836,False
TINYIMAGENET,resnet18,distance_variance_cover,5,distance_variance_cover_5_50b,complete,89,4550,12.700000000000003,168.0,11.200000000000003,532.9699840545654,3.087278127670288,7.41006064414978,543.4673228263855,False
TINYIMAGENET,resnet18,distance_variance_cover,5,distance_variance_cover_5_50b,complete,90,4600,12.959999999999994,168.0,11.829999999999998,521.3718059062958,3.044877290725708,7.286933898925781,531.7036170959473,False
TINYIMAGENET,resnet18,distance_variance_cover,5,distance_variance_cover_5_50b,complete,91,4650,13.159999999999997,158.0,11.439999999999998,531.5530798435211,3.072699546813965,8.062603235244751,542.6883826255798,False
TINYIMAGENET,resnet18,distance_variance_cover,5,distance_variance_cover_5_50b,complete,92,4700,12.819999999999993,128.0,11.290000000000006,531.744145154953,3.1341183185577393,6.227844476699829,541.1061079502106,False
TINYIMAGENET,resnet18,distance_variance_cover,5,distance_variance_cover_5_50b,complete,93,4750,12.980000000000004,10.0,11.870000000000005,540.1947872638702,3.020632266998291,7.885555982589722,551.1009755134583,False
TINYIMAGENET,resnet18,distance_variance_cover,5,distance_variance_cover_5_50b,complete,94,4800,12.719999999999999,170.0,11.459999999999994,539.7596354484558,3.0656561851501465,7.563173055648804,550.3884646892548,False
TINYIMAGENET,resnet18,distance_variance_cover,5,distance_variance_cover_5_50b,complete,95,4850,12.700000000000003,12.0,11.719999999999999,557.0587141513824,3.051360845565796,6.934216499328613,567.0442914962769,False
TINYIMAGENET,resnet18,distance_variance_cover,5,distance_variance_cover_5_50b,complete,96,4900,13.400000000000006,8.0,11.480000000000004,548.4050750732422,3.0556106567382812,7.7266764640808105,559.1873621940613,False
TINYIMAGENET,resnet18,distance_variance_cover,5,distance_variance_cover_5_50b,complete,97,4950,12.659999999999997,194.0,11.950000000000003,548.0237138271332,3.05505633354187,7.564682483673096,558.6434526443481,False
TINYIMAGENET,resnet18,distance_variance_cover,5,distance_variance_cover_5_50b,complete,98,5000,13.019999999999996,6.0,11.329999999999998,554.5179316997528,3.041032075881958,7.470318078994751,565.0292818546295,False
TINYIMAGENET,resnet18,distance_variance_cover,5,distance_variance_cover_5_50b,complete,99,5050,12.840000000000003,130.0,11.769999999999996,556.0962772369385,3.010128974914551,8.03877592086792,567.145182132721,False
TINYIMAGENET,resnet18,distance_variance_cover,5,distance_variance_cover_5_50b,complete,100,5050,12.700000000000003,74.0,12.189999999999998,552.7654597759247,3.5697860717773438,0.0,556.335245847702,False
