dataset,model,method,seed,exp_name,run_status,episode,labeled_count,best_val_accuracy,best_val_epoch,test_accuracy,train_time_sec,test_time_sec,acquisition_time_sec,round_time_sec,is_initial_sampling
TINYIMAGENET,resnet18,distance_cv_cover,1,distance_cv_cover_1_50b,complete,-1,50,,,,,,2.907498598098755,2.907498598098755,True
TINYIMAGENET,resnet18,distance_cv_cover,1,distance_cv_cover_1_50b,complete,0,100,2.6200000000000045,182.0,2.3400000000000034,160.26787161827087,2.9847192764282227,2.612255811691284,165.86484670639038,False
TINYIMAGENET,resnet18,distance_cv_cover,1,distance_cv_cover_1_50b,complete,1,150,3.5400000000000063,148.0,3.530000000000001,160.95122146606445,3.804591655731201,2.7381021976470947,167.49391531944275,False
TINYIMAGENET,resnet18,distance_cv_cover,1,distance_cv_cover_1_50b,complete,2,200,4.780000000000001,176.0,4.310000000000002,160.6654725074768,3.902862548828125,2.7254364490509033,167.29377150535583,False
TINYIMAGENET,resnet18,distance_cv_cover,1,distance_cv_cover_1_50b,complete,3,250,5.040000000000006,106.0,4.650000000000006,169.33563089370728,3.7550551891326904,2.867091417312622,175.9577775001526,False
TINYIMAGENET,resnet18,distance_cv_cover,1,distance_cv_cover_1_50b,complete,4,300,5.859999999999999,130.0,5.010000000000005,168.5578956604004,3.99507212638855,2.5887444019317627,175.1417121887207,False
TINYIMAGENET,resnet18,distance_cv_cover,1,distance_cv_cover_1_50b,complete,5,350,6.180000000000007,80.0,5.829999999999998,175.7959861755371,3.1483819484710693,2.606646776199341,181.55101490020752,False
TINYIMAGENET,resnet18,distance_cv_cover,1,distance_cv_cover_1_50b,complete,6,400,6.700000000000003,60.0,6.219999999999999,176.86654210090637,3.0087788105010986,2.658348798751831,182.5336697101593,False
TINYIMAGENET,resnet18,distance_cv_cover,1,distance_cv_cover_1_50b,complete,7,450,6.980000000000004,86.0,6.659999999999997,195.17740845680237,4.3363938331604,6.412246465682983,205.92604875564575,False
TINYIMAGENET,resnet18,distance_cv_cover,1,distance_cv_cover_1_50b,complete,8,500,7.5,166.0,7.189999999999998,184.9812936782837,3.7851827144622803,4.737344741821289,193.50382113456726,False
TINYIMAGENET,resnet18,distance_cv_cover,1,distance_cv_cover_1_50b,complete,9,550,7.959999999999994,88.0,7.709999999999994,191.23410534858704,4.051923036575317,4.663229703903198,199.94925808906555,False
TINYIMAGENET,resnet18,distance_cv_cover,1,distance_cv_cover_1_50b,complete,10,600,8.560000000000002,142.0,8.370000000000005,192.3957154750824,3.0942046642303467,2.574491500854492,198.06441164016724,False
TINYIMAGENET,resnet18,distance_cv_cover,1,distance_cv_cover_1_50b,complete,11,650,8.879999999999995,194.0,8.64,199.67655062675476,3.1272504329681396,6.040908575057983,208.84470963478088,False
TINYIMAGENET,resnet18,distance_cv_cover,1,distance_cv_cover_1_50b,complete,12,700,9.040000000000006,168.0,8.840000000000003,199.73886036872864,2.9990394115448,7.1225080490112305,209.86040782928467,False
TINYIMAGENET,resnet18,distance_cv_cover,1,distance_cv_cover_1_50b,complete,13,750,9.239999999999995,154.0,9.379999999999995,207.2927222251892,3.1304163932800293,6.012882709503174,216.4360213279724,False
TINYIMAGENET,resnet18,distance_cv_cover,1,distance_cv_cover_1_50b,complete,14,800,9.36,38.0,9.519999999999996,208.63187909126282,3.968440532684326,2.9714560508728027,215.57177567481995,False
TINYIMAGENET,resnet18,distance_cv_cover,1,distance_cv_cover_1_50b,complete,15,850,9.939999999999998,36.0,9.159999999999997,215.18692755699158,3.9984755516052246,2.8989243507385254,222.08432745933533,False
TINYIMAGENET,resnet18,distance_cv_cover,1,distance_cv_cover_1_50b,complete,16,900,9.739999999999995,86.0,9.530000000000001,214.77202916145325,3.8982224464416504,2.8222496509552,221.4925012588501,False
TINYIMAGENET,resnet18,distance_cv_cover,1,distance_cv_cover_1_50b,complete,17,950,9.939999999999998,34.0,9.319999999999993,221.68618392944336,3.941120147705078,2.751934766769409,228.37923884391785,False
TINYIMAGENET,resnet18,distance_cv_cover,1,distance_cv_cover_1_50b,complete,18,1000,10.079999999999998,22.0,9.920000000000002,222.27133679389954,3.964967966079712,2.741057872772217,228.97736263275146,False
TINYIMAGENET,resnet18,distance_cv_cover,1,distance_cv_cover_1_50b,complete,19,1050,10.439999999999998,180.0,10.340000000000003,229.44264960289001,3.8778021335601807,2.7534520626068115,236.073903799057,False
TINYIMAGENET,resnet18,distance_cv_cover,1,distance_cv_cover_1_50b,complete,20,1100,10.459999999999994,92.0,10.599999999999994,228.98657894134521,4.024481296539307,3.00612211227417,236.0171823501587,False
TINYIMAGENET,resnet18,distance_cv_cover,1,distance_cv_cover_1_50b,complete,21,1150,10.560000000000002,108.0,10.049999999999997,235.95813035964966,3.0021188259124756,2.672508478164673,241.6327576637268,False
TINYIMAGENET,resnet18,distance_cv_cover,1,distance_cv_cover_1_50b,complete,22,1200,10.319999999999993,196.0,10.430000000000007,235.94450092315674,3.0252597332000732,2.7016098499298096,241.67137050628662,False
TINYIMAGENET,resnet18,distance_cv_cover,1,distance_cv_cover_1_50b,complete,23,1250,10.120000000000005,178.0,10.129999999999995,252.7187376022339,3.0577313899993896,2.715977668762207,258.4924466609955,False
TINYIMAGENET,resnet18,distance_cv_cover,1,distance_cv_cover_1_50b,complete,24,1300,10.159999999999997,124.0,10.040000000000006,245.728422164917,4.042731046676636,2.883405923843384,252.654559135437,False
TINYIMAGENET,resnet18,distance_cv_cover,1,distance_cv_cover_1_50b,complete,25,1350,10.040000000000006,80.0,9.599999999999994,249.55450582504272,3.890779733657837,2.9908432960510254,256.4361288547516,False
TINYIMAGENET,resnet18,distance_cv_cover,1,distance_cv_cover_1_50b,complete,26,1400,10.079999999999998,130.0,9.409999999999997,251.2532331943512,3.9400417804718018,2.7948412895202637,257.98811626434326,False
TINYIMAGENET,resnet18,distance_cv_cover,1,distance_cv_cover_1_50b,complete,27,1450,9.959999999999994,160.0,9.579999999999998,258.9818398952484,4.062812566757202,2.90828013420105,265.95293259620667,False
TINYIMAGENET,resnet18,distance_cv_cover,1,distance_cv_cover_1_50b,complete,28,1500,10.0,82.0,9.709999999999994,258.9535930156708,3.594411611557007,3.0553395748138428,265.6033442020416,False
TINYIMAGENET,resnet18,distance_cv_cover,1,distance_cv_cover_1_50b,complete,29,1550,9.760000000000005,46.0,9.790000000000006,266.023268699646,3.114140748977661,2.6544840335845947,271.79189348220825,False
TINYIMAGENET,resnet18,distance_cv_cover,1,distance_cv_cover_1_50b,complete,30,1600,9.819999999999993,142.0,9.329999999999998,266.6821594238281,3.0422112941741943,2.7858402729034424,272.51021099090576,False
TINYIMAGENET,resnet18,distance_cv_cover,1,distance_cv_cover_1_50b,complete,31,1650,10.120000000000005,120.0,9.200000000000003,273.0400478839874,3.025872230529785,2.718073606491089,278.7839937210083,False
TINYIMAGENET,resnet18,distance_cv_cover,1,distance_cv_cover_1_50b,complete,32,1700,9.659999999999997,26.0,9.680000000000007,273.3145558834076,3.012852907180786,2.6766116619110107,279.0040204524994,False
TINYIMAGENET,resnet18,distance_cv_cover,1,distance_cv_cover_1_50b,complete,33,1750,9.780000000000001,54.0,9.75,280.43174624443054,3.063199043273926,2.6877384185791016,286.18268370628357,False
TINYIMAGENET,resnet18,distance_cv_cover,1,distance_cv_cover_1_50b,complete,34,1800,10.099999999999994,182.0,9.430000000000007,279.8898184299469,3.0351059436798096,2.794239044189453,285.71916341781616,False
TINYIMAGENET,resnet18,distance_cv_cover,1,distance_cv_cover_1_50b,complete,35,1850,9.760000000000005,154.0,9.060000000000002,294.36041378974915,3.0355052947998047,2.6732537746429443,300.0691728591919,False
TINYIMAGENET,resnet18,distance_cv_cover,1,distance_cv_cover_1_50b,complete,36,1900,9.659999999999997,126.0,8.650000000000006,296.4562118053436,4.56838846206665,7.020827054977417,308.0454273223877,False
TINYIMAGENET,resnet18,distance_cv_cover,1,distance_cv_cover_1_50b,complete,37,1950,9.719999999999999,102.0,9.379999999999995,292.185626745224,3.7820491790771484,4.789841890335083,300.75751781463623,False
TINYIMAGENET,resnet18,distance_cv_cover,1,distance_cv_cover_1_50b,complete,38,2000,9.620000000000005,160.0,9.310000000000002,293.3632972240448,3.8229691982269287,4.582071304321289,301.768337726593,False
TINYIMAGENET,resnet18,distance_cv_cover,1,distance_cv_cover_1_50b,complete,39,2050,9.379999999999995,160.0,9.099999999999994,299.71126222610474,4.057354211807251,6.023956060409546,309.79257249832153,False
TINYIMAGENET,resnet18,distance_cv_cover,1,distance_cv_cover_1_50b,complete,40,2100,9.420000000000002,132.0,8.709999999999994,300.44670820236206,4.03969144821167,7.134449005126953,311.6208486557007,False
TINYIMAGENET,resnet18,distance_cv_cover,1,distance_cv_cover_1_50b,complete,41,2150,9.480000000000004,38.0,9.319999999999993,308.8301146030426,3.9156510829925537,7.577385187149048,320.3231508731842,False
TINYIMAGENET,resnet18,distance_cv_cover,1,distance_cv_cover_1_50b,complete,42,2200,9.459999999999994,172.0,9.099999999999994,306.48600459098816,3.2309820652008057,6.63643479347229,316.35342144966125,False
TINYIMAGENET,resnet18,distance_cv_cover,1,distance_cv_cover_1_50b,complete,43,2250,9.280000000000001,188.0,8.049999999999997,313.7652156352997,3.0799131393432617,2.7221262454986572,319.5672550201416,False
TINYIMAGENET,resnet18,distance_cv_cover,1,distance_cv_cover_1_50b,complete,44,2300,9.420000000000002,100.0,8.709999999999994,312.5037844181061,3.046698570251465,2.7445101737976074,318.29499316215515,False
TINYIMAGENET,resnet18,distance_cv_cover,1,distance_cv_cover_1_50b,complete,45,2350,9.5,28.0,8.780000000000001,320.1693968772888,3.0183863639831543,2.667696952819824,325.8554801940918,False
TINYIMAGENET,resnet18,distance_cv_cover,1,distance_cv_cover_1_50b,complete,46,2400,9.180000000000007,174.0,8.510000000000005,322.0016186237335,3.014268636703491,7.596067905426025,332.61195516586304,False
TINYIMAGENET,resnet18,distance_cv_cover,1,distance_cv_cover_1_50b,complete,47,2450,9.299999999999997,52.0,8.329999999999998,333.76225566864014,4.594954490661621,2.748324394226074,341.10553455352783,False
TINYIMAGENET,resnet18,distance_cv_cover,1,distance_cv_cover_1_50b,complete,48,2500,9.200000000000003,54.0,8.439999999999998,328.6540184020996,3.223250150680542,7.299113750457764,339.1763823032379,False
TINYIMAGENET,resnet18,distance_cv_cover,1,distance_cv_cover_1_50b,complete,49,2550,9.159999999999997,46.0,8.760000000000005,334.94697856903076,2.9798107147216797,7.656132221221924,345.58292150497437,False
TINYIMAGENET,resnet18,distance_cv_cover,1,distance_cv_cover_1_50b,complete,50,2600,9.299999999999997,152.0,8.060000000000002,335.77956795692444,3.9626400470733643,7.422259330749512,347.1644673347473,False
TINYIMAGENET,resnet18,distance_cv_cover,1,distance_cv_cover_1_50b,complete,51,2650,9.200000000000003,120.0,8.670000000000002,340.71657514572144,4.1247398853302,6.770294427871704,351.61160945892334,False
TINYIMAGENET,resnet18,distance_cv_cover,1,distance_cv_cover_1_50b,complete,52,2700,9.280000000000001,44.0,8.189999999999998,340.53139424324036,3.8844826221466064,7.544140577316284,351.96001744270325,False
TINYIMAGENET,resnet18,distance_cv_cover,1,distance_cv_cover_1_50b,complete,53,2750,9.260000000000005,188.0,8.030000000000001,347.9491264820099,3.1193206310272217,6.580023288726807,357.6484704017639,False
TINYIMAGENET,resnet18,distance_cv_cover,1,distance_cv_cover_1_50b,complete,54,2800,8.86,176.0,8.439999999999998,347.6570997238159,3.06282377243042,7.191641330718994,357.91156482696533,False
TINYIMAGENET,resnet18,distance_cv_cover,1,distance_cv_cover_1_50b,complete,55,2850,9.299999999999997,150.0,8.489999999999995,354.1891746520996,3.0513479709625244,6.712212085723877,363.952734708786,False
TINYIMAGENET,resnet18,distance_cv_cover,1,distance_cv_cover_1_50b,complete,56,2900,8.959999999999994,146.0,8.14,356.6367971897125,3.0594964027404785,6.451757192611694,366.1480507850647,False
TINYIMAGENET,resnet18,distance_cv_cover,1,distance_cv_cover_1_50b,complete,57,2950,8.959999999999994,94.0,8.590000000000003,370.6541063785553,4.499864339828491,6.968963146209717,382.1229338645935,False
TINYIMAGENET,resnet18,distance_cv_cover,1,distance_cv_cover_1_50b,complete,58,3000,9.079999999999998,52.0,8.400000000000006,362.8672513961792,3.1228249073028564,6.627769947052002,372.61784625053406,False
TINYIMAGENET,resnet18,distance_cv_cover,1,distance_cv_cover_1_50b,complete,59,3050,8.900000000000006,182.0,8.700000000000003,369.94242238998413,3.0142364501953125,7.390931129455566,380.347589969635,False
TINYIMAGENET,resnet18,distance_cv_cover,1,distance_cv_cover_1_50b,complete,60,3100,9.120000000000005,88.0,7.780000000000001,366.7765464782715,3.0461747646331787,6.335992336273193,376.15871357917786,False
TINYIMAGENET,resnet18,distance_cv_cover,1,distance_cv_cover_1_50b,complete,61,3150,9.260000000000005,168.0,9.060000000000002,375.18777227401733,3.0183515548706055,2.7115402221679688,380.9176640510559,False
TINYIMAGENET,resnet18,distance_cv_cover,1,distance_cv_cover_1_50b,complete,62,3200,9.219999999999999,142.0,8.620000000000005,373.7995092868805,3.094945192337036,6.129552841186523,383.02400732040405,False
TINYIMAGENET,resnet18,distance_cv_cover,1,distance_cv_cover_1_50b,complete,63,3250,9.019999999999996,36.0,8.370000000000005,381.3590941429138,2.975241184234619,7.265462875366211,391.59979820251465,False
TINYIMAGENET,resnet18,distance_cv_cover,1,distance_cv_cover_1_50b,complete,64,3300,8.819999999999993,94.0,8.540000000000006,381.05919551849365,3.017512083053589,7.403828382492065,391.4805359840393,False
TINYIMAGENET,resnet18,distance_cv_cover,1,distance_cv_cover_1_50b,complete,65,3350,8.879999999999995,160.0,8.689999999999998,388.7302191257477,3.181589126586914,2.6310250759124756,394.54283332824707,False
TINYIMAGENET,resnet18,distance_cv_cover,1,distance_cv_cover_1_50b,complete,66,3400,9.0,100.0,8.409999999999997,387.6076669692993,3.0207901000976562,4.27097749710083,394.8994345664978,False
TINYIMAGENET,resnet18,distance_cv_cover,1,distance_cv_cover_1_50b,complete,67,3450,8.939999999999998,182.0,8.420000000000002,401.54193019866943,3.118715286254883,2.666395902633667,407.327041387558,False
TINYIMAGENET,resnet18,distance_cv_cover,1,distance_cv_cover_1_50b,complete,68,3500,9.040000000000006,156.0,9.090000000000003,396.71607303619385,4.000077724456787,6.480143070220947,407.1962938308716,False
TINYIMAGENET,resnet18,distance_cv_cover,1,distance_cv_cover_1_50b,complete,69,3550,8.879999999999995,168.0,8.629999999999995,402.8458602428436,3.831129789352417,6.083442687988281,412.7604327201843,False
TINYIMAGENET,resnet18,distance_cv_cover,1,distance_cv_cover_1_50b,complete,70,3600,8.900000000000006,150.0,8.400000000000006,402.39666771888733,3.7726714611053467,6.6922502517700195,412.8615894317627,False
TINYIMAGENET,resnet18,distance_cv_cover,1,distance_cv_cover_1_50b,complete,71,3650,8.900000000000006,160.0,8.260000000000005,409.1337339878082,3.0057482719421387,6.826411008834839,418.9658932685852,False
TINYIMAGENET,resnet18,distance_cv_cover,1,distance_cv_cover_1_50b,complete,72,3700,9.180000000000007,168.0,9.019999999999996,407.41110038757324,3.066892385482788,2.6572563648223877,413.1352491378784,False
TINYIMAGENET,resnet18,distance_cv_cover,1,distance_cv_cover_1_50b,complete,73,3750,9.0,146.0,8.25,415.99824023246765,2.989769220352173,7.17566180229187,426.1636712551117,False
TINYIMAGENET,resnet18,distance_cv_cover,1,distance_cv_cover_1_50b,complete,74,3800,9.060000000000002,146.0,9.0,415.46142411231995,3.1580824851989746,2.620306968688965,421.2398135662079,False
TINYIMAGENET,resnet18,distance_cv_cover,1,distance_cv_cover_1_50b,complete,75,3850,9.0,118.0,8.480000000000004,429.9419572353363,3.202913761138916,6.8309736251831055,439.9758446216583,False
TINYIMAGENET,resnet18,distance_cv_cover,1,distance_cv_cover_1_50b,complete,76,3900,9.14,58.0,8.349999999999994,423.17643904685974,2.957962989807129,6.035259485244751,432.1696615219116,False
TINYIMAGENET,resnet18,distance_cv_cover,1,distance_cv_cover_1_50b,complete,77,3950,9.159999999999997,196.0,8.64,430.0324625968933,3.0092275142669678,6.554974794387817,439.5966649055481,False
TINYIMAGENET,resnet18,distance_cv_cover,1,distance_cv_cover_1_50b,complete,78,4000,9.079999999999998,130.0,8.629999999999995,431.3340423107147,3.0918350219726562,2.63344669342041,437.0593240261078,False
TINYIMAGENET,resnet18,distance_cv_cover,1,distance_cv_cover_1_50b,complete,79,4050,9.079999999999998,14.0,8.379999999999995,434.15946650505066,2.9715607166290283,6.438692569732666,443.56971979141235,False
TINYIMAGENET,resnet18,distance_cv_cover,1,distance_cv_cover_1_50b,complete,80,4100,9.019999999999996,170.0,7.8799999999999955,439.29075741767883,3.0188868045806885,5.5314178466796875,447.8410620689392,False
TINYIMAGENET,resnet18,distance_cv_cover,1,distance_cv_cover_1_50b,complete,81,4150,9.420000000000002,126.0,8.150000000000006,442.92903900146484,3.0540313720703125,6.629553318023682,452.61262369155884,False
TINYIMAGENET,resnet18,distance_cv_cover,1,distance_cv_cover_1_50b,complete,82,4200,9.079999999999998,158.0,8.239999999999995,443.6522853374481,4.427858114242554,2.952498197555542,451.0326416492462,False
TINYIMAGENET,resnet18,distance_cv_cover,1,distance_cv_cover_1_50b,complete,83,4250,9.14,46.0,8.5,458.4114499092102,4.0853657722473145,2.81296443939209,465.3097801208496,False
TINYIMAGENET,resnet18,distance_cv_cover,1,distance_cv_cover_1_50b,complete,84,4300,9.060000000000002,22.0,8.629999999999995,449.9281005859375,4.124099493026733,2.9437947273254395,456.9959948062897,False
TINYIMAGENET,resnet18,distance_cv_cover,1,distance_cv_cover_1_50b,complete,85,4350,9.299999999999997,28.0,8.409999999999997,454.03266620635986,4.089199066162109,2.7969167232513428,460.9187819957733,False
TINYIMAGENET,resnet18,distance_cv_cover,1,distance_cv_cover_1_50b,complete,86,4400,9.180000000000007,92.0,8.159999999999997,455.55371737480164,3.944594144821167,2.944159507751465,462.44247102737427,False
TINYIMAGENET,resnet18,distance_cv_cover,1,distance_cv_cover_1_50b,complete,87,4450,9.159999999999997,118.0,8.519999999999996,461.0063736438751,2.9670603275299072,2.642516613006592,466.6159505844116,False
TINYIMAGENET,resnet18,distance_cv_cover,1,distance_cv_cover_1_50b,complete,88,4500,9.200000000000003,130.0,8.159999999999997,461.93090319633484,3.032604455947876,2.655493974685669,467.6190016269684,False
TINYIMAGENET,resnet18,distance_cv_cover,1,distance_cv_cover_1_50b,complete,89,4550,9.239999999999995,102.0,8.019999999999996,468.68439841270447,3.040259838104248,2.6841981410980225,474.40885639190674,False
TINYIMAGENET,resnet18,distance_cv_cover,1,distance_cv_cover_1_50b,complete,90,4600,9.260000000000005,24.0,8.120000000000005,469.1193964481354,3.045973062515259,2.718130350112915,474.88349986076355,False
TINYIMAGENET,resnet18,distance_cv_cover,1,distance_cv_cover_1_50b,complete,91,4650,9.299999999999997,44.0,8.14,486.00823736190796,3.015669107437134,2.660123586654663,491.68403005599976,False
TINYIMAGENET,resnet18,distance_cv_cover,1,distance_cv_cover_1_50b,complete,92,4700,9.379999999999995,108.0,8.760000000000005,474.7527766227722,3.034588575363159,2.6708102226257324,480.4581754207611,False
TINYIMAGENET,resnet18,distance_cv_cover,1,distance_cv_cover_1_50b,complete,93,4750,9.340000000000003,114.0,7.959999999999994,481.0274512767792,2.991300344467163,2.661555290222168,486.6803069114685,False
TINYIMAGENET,resnet18,distance_cv_cover,1,distance_cv_cover_1_50b,complete,94,4800,9.519999999999996,24.0,8.319999999999993,481.7110207080841,3.9139411449432373,2.7963545322418213,488.42131638526917,False
TINYIMAGENET,resnet18,distance_cv_cover,1,distance_cv_cover_1_50b,complete,95,4850,9.760000000000005,78.0,8.310000000000002,489.53902888298035,4.000545024871826,2.816525459289551,496.3560993671417,False
TINYIMAGENET,resnet18,distance_cv_cover,1,distance_cv_cover_1_50b,complete,96,4900,9.579999999999998,180.0,8.719999999999999,488.2166495323181,3.001244068145752,2.6218771934509277,493.8397707939148,False
TINYIMAGENET,resnet18,distance_cv_cover,1,distance_cv_cover_1_50b,complete,97,4950,9.659999999999997,102.0,8.61,495.03613901138306,2.9367668628692627,2.648796319961548,500.62170219421387,False
TINYIMAGENET,resnet18,distance_cv_cover,1,distance_cv_cover_1_50b,complete,98,5000,9.439999999999998,8.0,8.530000000000001,504.9542090892792,4.326391220092773,2.8359415531158447,512.1165418624878,False
TINYIMAGENET,resnet18,distance_cv_cover,1,distance_cv_cover_1_50b,complete,99,5050,9.680000000000007,100.0,8.480000000000004,502.8456609249115,4.044524669647217,6.544359922409058,513.4345455169678,False
TINYIMAGENET,resnet18,distance_cv_cover,1,distance_cv_cover_1_50b,complete,100,5050,9.239999999999995,176.0,8.769999999999996,504.40988659858704,3.890784502029419,0.0,508.30067110061646,False
TINYIMAGENET,resnet18,distance_cv_cover,2,distance_cv_cover_2_50b,complete,-1,50,,,,,,2.945063591003418,2.945063591003418,True
TINYIMAGENET,resnet18,distance_cv_cover,2,distance_cv_cover_2_50b,complete,0,100,2.4399999999999977,172.0,2.260000000000005,160.06564927101135,3.144805669784546,2.736117362976074,165.94657230377197,False
TINYIMAGENET,resnet18,distance_cv_cover,2,distance_cv_cover_2_50b,complete,1,150,3.4000000000000057,112.0,2.6899999999999977,161.23194193840027,3.0837721824645996,2.9092345237731934,167.22494864463806,False
TINYIMAGENET,resnet18,distance_cv_cover,2,distance_cv_cover_2_50b,complete,2,200,4.719999999999999,62.0,3.8100000000000023,161.36927127838135,3.036191701889038,2.7495999336242676,167.15506291389465,False
TINYIMAGENET,resnet18,distance_cv_cover,2,distance_cv_cover_2_50b,complete,3,250,5.799999999999997,176.0,4.200000000000003,169.13260912895203,3.991682767868042,2.8827903270721436,176.0070822238922,False
TINYIMAGENET,resnet18,distance_cv_cover,2,distance_cv_cover_2_50b,complete,4,300,6.219999999999999,102.0,4.909999999999997,169.64143705368042,3.162086009979248,2.7666566371917725,175.57017970085144,False
TINYIMAGENET,resnet18,distance_cv_cover,2,distance_cv_cover_2_50b,complete,5,350,6.900000000000006,94.0,5.859999999999999,178.3714747428894,2.978916645050049,2.678490400314331,184.02888178825378,False
TINYIMAGENET,resnet18,distance_cv_cover,2,distance_cv_cover_2_50b,complete,6,400,7.159999999999997,54.0,6.840000000000003,179.9469075202942,3.121095895767212,2.834801435470581,185.90280485153198,False
TINYIMAGENET,resnet18,distance_cv_cover,2,distance_cv_cover_2_50b,complete,7,450,7.739999999999995,62.0,7.109999999999999,185.50095629692078,3.0493829250335693,2.7290375232696533,191.279376745224,False
TINYIMAGENET,resnet18,distance_cv_cover,2,distance_cv_cover_2_50b,complete,8,500,7.959999999999994,40.0,7.109999999999999,188.2560544013977,4.202991247177124,2.970770835876465,195.4298164844513,False
TINYIMAGENET,resnet18,distance_cv_cover,2,distance_cv_cover_2_50b,complete,9,550,8.620000000000005,124.0,8.120000000000005,199.03130841255188,4.286489486694336,3.0533361434936523,206.37113404273987,False
TINYIMAGENET,resnet18,distance_cv_cover,2,distance_cv_cover_2_50b,complete,10,600,9.040000000000006,88.0,7.269999999999996,199.9231173992157,3.6174490451812744,2.9173476696014404,206.4579141139984,False
TINYIMAGENET,resnet18,distance_cv_cover,2,distance_cv_cover_2_50b,complete,11,650,9.159999999999997,38.0,8.700000000000003,209.37785077095032,3.0252232551574707,2.8702752590179443,215.27334928512573,False
TINYIMAGENET,resnet18,distance_cv_cover,2,distance_cv_cover_2_50b,complete,12,700,9.340000000000003,176.0,8.280000000000001,219.1425039768219,3.1539647579193115,2.804396152496338,225.10086488723755,False
TINYIMAGENET,resnet18,distance_cv_cover,2,distance_cv_cover_2_50b,complete,13,750,9.920000000000002,14.0,8.620000000000005,218.2164363861084,3.0486111640930176,2.8323779106140137,224.09742546081543,False
TINYIMAGENET,resnet18,distance_cv_cover,2,distance_cv_cover_2_50b,complete,14,800,10.260000000000005,38.0,8.719999999999999,217.93353700637817,3.303048610687256,2.802574872970581,224.039160490036,False
TINYIMAGENET,resnet18,distance_cv_cover,2,distance_cv_cover_2_50b,complete,15,850,10.5,140.0,9.5,225.01079201698303,4.047354221343994,7.604393243789673,236.6625394821167,False
TINYIMAGENET,resnet18,distance_cv_cover,2,distance_cv_cover_2_50b,complete,16,900,10.719999999999999,152.0,8.719999999999999,224.88150763511658,3.0428693294525146,7.459221124649048,235.38359808921814,False
TINYIMAGENET,resnet18,distance_cv_cover,2,distance_cv_cover_2_50b,complete,17,950,10.64,198.0,10.200000000000003,232.64871048927307,3.132312059402466,2.993304967880249,238.7743275165558,False
TINYIMAGENET,resnet18,distance_cv_cover,2,distance_cv_cover_2_50b,complete,18,1000,10.840000000000003,118.0,9.420000000000002,231.72275233268738,3.8368873596191406,7.095790386199951,242.65543007850647,False
TINYIMAGENET,resnet18,distance_cv_cover,2,distance_cv_cover_2_50b,complete,19,1050,11.299999999999997,60.0,9.920000000000002,241.55082321166992,4.1774890422821045,5.666147470474243,251.39445972442627,False
TINYIMAGENET,resnet18,distance_cv_cover,2,distance_cv_cover_2_50b,complete,20,1100,10.840000000000003,114.0,9.980000000000004,240.35103964805603,4.011796712875366,7.026645183563232,251.38948154449463,False
TINYIMAGENET,resnet18,distance_cv_cover,2,distance_cv_cover_2_50b,complete,21,1150,11.260000000000005,168.0,10.019999999999996,250.48676013946533,3.0904181003570557,2.929255247116089,256.5064334869385,False
TINYIMAGENET,resnet18,distance_cv_cover,2,distance_cv_cover_2_50b,complete,22,1200,10.920000000000002,84.0,10.239999999999995,248.08691668510437,3.085944175720215,3.0311648845672607,254.20402574539185,False
TINYIMAGENET,resnet18,distance_cv_cover,2,distance_cv_cover_2_50b,complete,23,1250,10.86,92.0,9.099999999999994,256.5531060695648,3.0479013919830322,2.981549024581909,262.58255648612976,False
TINYIMAGENET,resnet18,distance_cv_cover,2,distance_cv_cover_2_50b,complete,24,1300,10.599999999999994,160.0,9.709999999999994,256.53390765190125,3.041146755218506,3.1360180377960205,262.71107244491577,False
TINYIMAGENET,resnet18,distance_cv_cover,2,distance_cv_cover_2_50b,complete,25,1350,10.579999999999998,122.0,9.090000000000003,264.6295895576477,3.163405179977417,2.9714841842651367,270.76447892189026,False
TINYIMAGENET,resnet18,distance_cv_cover,2,distance_cv_cover_2_50b,complete,26,1400,10.060000000000002,72.0,8.879999999999995,272.3921458721161,4.540335655212402,6.377065181732178,283.30954670906067,False
TINYIMAGENET,resnet18,distance_cv_cover,2,distance_cv_cover_2_50b,complete,27,1450,10.379999999999995,48.0,9.0,275.3598618507385,3.0272483825683594,2.9861412048339844,281.37325143814087,False
TINYIMAGENET,resnet18,distance_cv_cover,2,distance_cv_cover_2_50b,complete,28,1500,10.219999999999999,110.0,9.439999999999998,273.28189754486084,4.054794549942017,2.97361421585083,280.3103063106537,False
TINYIMAGENET,resnet18,distance_cv_cover,2,distance_cv_cover_2_50b,complete,29,1550,10.540000000000006,108.0,9.719999999999999,278.12660574913025,3.0365238189697266,2.7889909744262695,283.95212054252625,False
TINYIMAGENET,resnet18,distance_cv_cover,2,distance_cv_cover_2_50b,complete,30,1600,10.239999999999995,126.0,9.319999999999993,281.2421875,3.0794012546539307,2.8744430541992188,287.19603180885315,False
TINYIMAGENET,resnet18,distance_cv_cover,2,distance_cv_cover_2_50b,complete,31,1650,10.200000000000003,98.0,9.260000000000005,286.34335017204285,3.072523593902588,2.87860369682312,292.29447746276855,False
TINYIMAGENET,resnet18,distance_cv_cover,2,distance_cv_cover_2_50b,complete,32,1700,10.36,184.0,9.450000000000003,286.7695505619049,3.1371076107025146,2.8593838214874268,292.76604199409485,False
TINYIMAGENET,resnet18,distance_cv_cover,2,distance_cv_cover_2_50b,complete,33,1750,10.400000000000006,200.0,9.519999999999996,293.28254795074463,3.1081326007843018,2.815791368484497,299.2064719200134,False
TINYIMAGENET,resnet18,distance_cv_cover,2,distance_cv_cover_2_50b,complete,34,1800,10.0,32.0,9.450000000000003,293.5781683921814,3.84438157081604,3.094803810119629,300.51735377311707,False
TINYIMAGENET,resnet18,distance_cv_cover,2,distance_cv_cover_2_50b,complete,35,1850,9.939999999999998,106.0,8.829999999999998,301.3191647529602,3.009174108505249,2.8044514656066895,307.13279032707214,False
TINYIMAGENET,resnet18,distance_cv_cover,2,distance_cv_cover_2_50b,complete,36,1900,10.180000000000007,64.0,8.849999999999994,299.23719477653503,3.133026599884033,2.8336336612701416,305.2038550376892,False
TINYIMAGENET,resnet18,distance_cv_cover,2,distance_cv_cover_2_50b,complete,37,1950,10.019999999999996,182.0,8.450000000000003,307.9384880065918,2.93070912361145,2.967133045196533,313.8363301753998,False
TINYIMAGENET,resnet18,distance_cv_cover,2,distance_cv_cover_2_50b,complete,38,2000,10.379999999999995,98.0,8.969999999999999,318.9456105232239,4.191127300262451,2.8245062828063965,325.9612441062927,False
TINYIMAGENET,resnet18,distance_cv_cover,2,distance_cv_cover_2_50b,complete,39,2050,10.180000000000007,12.0,8.230000000000004,317.57253885269165,3.1202971935272217,6.600908517837524,327.2937445640564,False
TINYIMAGENET,resnet18,distance_cv_cover,2,distance_cv_cover_2_50b,complete,40,2100,10.079999999999998,26.0,8.849999999999994,315.44319796562195,3.0078470706939697,6.3388519287109375,324.78989696502686,False
TINYIMAGENET,resnet18,distance_cv_cover,2,distance_cv_cover_2_50b,complete,41,2150,9.780000000000001,102.0,9.349999999999994,322.92146944999695,3.112581968307495,7.744046211242676,333.7780976295471,False
TINYIMAGENET,resnet18,distance_cv_cover,2,distance_cv_cover_2_50b,complete,42,2200,9.840000000000003,126.0,8.810000000000002,322.0373876094818,3.105447292327881,4.609724283218384,329.7525591850281,False
TINYIMAGENET,resnet18,distance_cv_cover,2,distance_cv_cover_2_50b,complete,43,2250,9.840000000000003,88.0,9.069999999999993,332.1009256839752,3.108799457550049,8.729211807250977,343.93893694877625,False
TINYIMAGENET,resnet18,distance_cv_cover,2,distance_cv_cover_2_50b,complete,44,2300,9.599999999999994,180.0,8.120000000000005,330.88851165771484,4.10785436630249,7.810001850128174,342.8063678741455,False
TINYIMAGENET,resnet18,distance_cv_cover,2,distance_cv_cover_2_50b,complete,45,2350,9.920000000000002,90.0,8.310000000000002,337.6647698879242,3.152524948120117,7.915440082550049,348.73273491859436,False
TINYIMAGENET,resnet18,distance_cv_cover,2,distance_cv_cover_2_50b,complete,46,2400,9.86,170.0,8.299999999999997,336.98485040664673,3.0063164234161377,8.436913013458252,348.4280798435211,False
TINYIMAGENET,resnet18,distance_cv_cover,2,distance_cv_cover_2_50b,complete,47,2450,9.799999999999997,194.0,8.450000000000003,343.84785056114197,7.301558494567871,7.779885530471802,358.92929458618164,False
TINYIMAGENET,resnet18,distance_cv_cover,2,distance_cv_cover_2_50b,complete,48,2500,9.620000000000005,46.0,7.989999999999995,345.16140270233154,4.1461262702941895,6.958484649658203,356.26601362228394,False
TINYIMAGENET,resnet18,distance_cv_cover,2,distance_cv_cover_2_50b,complete,49,2550,9.939999999999998,34.0,8.870000000000005,364.14032673835754,3.104848623275757,5.809751272201538,373.05492663383484,False
TINYIMAGENET,resnet18,distance_cv_cover,2,distance_cv_cover_2_50b,complete,50,2600,9.36,54.0,7.599999999999994,352.08927941322327,3.0633130073547363,6.422279596328735,361.57487201690674,False
TINYIMAGENET,resnet18,distance_cv_cover,2,distance_cv_cover_2_50b,complete,51,2650,9.680000000000007,42.0,8.290000000000006,359.75630831718445,3.136894464492798,6.2321531772613525,369.1253559589386,False
TINYIMAGENET,resnet18,distance_cv_cover,2,distance_cv_cover_2_50b,complete,52,2700,9.760000000000005,146.0,8.530000000000001,357.2323467731476,3.238842010498047,5.996225833892822,366.46741461753845,False
TINYIMAGENET,resnet18,distance_cv_cover,2,distance_cv_cover_2_50b,complete,53,2750,9.719999999999999,102.0,8.25,363.65458393096924,2.9873478412628174,6.1153244972229,372.75725626945496,False
TINYIMAGENET,resnet18,distance_cv_cover,2,distance_cv_cover_2_50b,complete,54,2800,9.579999999999998,88.0,8.299999999999997,362.9068822860718,3.037257671356201,6.182671546936035,372.126811504364,False
TINYIMAGENET,resnet18,distance_cv_cover,2,distance_cv_cover_2_50b,complete,55,2850,9.739999999999995,38.0,8.939999999999998,373.59214758872986,3.030003786087036,6.630478382110596,383.2526297569275,False
TINYIMAGENET,resnet18,distance_cv_cover,2,distance_cv_cover_2_50b,complete,56,2900,9.780000000000001,68.0,8.560000000000002,373.03018593788147,3.2076146602630615,7.0608954429626465,383.2986960411072,False
TINYIMAGENET,resnet18,distance_cv_cover,2,distance_cv_cover_2_50b,complete,57,2950,9.599999999999994,96.0,8.799999999999997,377.3197627067566,3.107365131378174,8.005307912826538,388.4324357509613,False
TINYIMAGENET,resnet18,distance_cv_cover,2,distance_cv_cover_2_50b,complete,58,3000,9.780000000000001,34.0,8.430000000000007,389.6118514537811,3.0298244953155518,7.026018857955933,399.6676948070526,False
TINYIMAGENET,resnet18,distance_cv_cover,2,distance_cv_cover_2_50b,complete,59,3050,9.480000000000004,174.0,8.709999999999994,386.2432584762573,3.046509027481079,4.892475128173828,394.18224263191223,False
TINYIMAGENET,resnet18,distance_cv_cover,2,distance_cv_cover_2_50b,complete,60,3100,9.579999999999998,174.0,7.980000000000004,385.66109466552734,3.1374948024749756,8.592845678329468,397.3914351463318,False
TINYIMAGENET,resnet18,distance_cv_cover,2,distance_cv_cover_2_50b,complete,61,3150,9.480000000000004,160.0,8.799999999999997,395.0203173160553,3.1297128200531006,5.272700548171997,403.4227306842804,False
TINYIMAGENET,resnet18,distance_cv_cover,2,distance_cv_cover_2_50b,complete,62,3200,9.939999999999998,112.0,7.890000000000001,391.6511514186859,3.022307872772217,5.305015563964844,399.978474855423,False
TINYIMAGENET,resnet18,distance_cv_cover,2,distance_cv_cover_2_50b,complete,63,3250,9.480000000000004,26.0,8.61,399.2260675430298,3.058643102645874,7.863376617431641,410.1480872631073,False
TINYIMAGENET,resnet18,distance_cv_cover,2,distance_cv_cover_2_50b,complete,64,3300,9.439999999999998,166.0,8.219999999999999,399.9793612957001,3.0482001304626465,7.219230651855469,410.2467920780182,False
TINYIMAGENET,resnet18,distance_cv_cover,2,distance_cv_cover_2_50b,complete,65,3350,9.939999999999998,200.0,8.769999999999996,407.4282970428467,3.021070718765259,7.0531532764434814,417.5025210380554,False
TINYIMAGENET,resnet18,distance_cv_cover,2,distance_cv_cover_2_50b,complete,66,3400,9.680000000000007,184.0,8.219999999999999,410.0849483013153,3.055691719055176,6.521141767501831,419.6617817878723,False
TINYIMAGENET,resnet18,distance_cv_cover,2,distance_cv_cover_2_50b,complete,67,3450,9.480000000000004,98.0,8.680000000000007,425.89654064178467,3.145432949066162,6.437273979187012,435.47924757003784,False
TINYIMAGENET,resnet18,distance_cv_cover,2,distance_cv_cover_2_50b,complete,68,3500,9.680000000000007,122.0,8.099999999999994,415.6847448348999,3.157780647277832,6.283490180969238,425.126015663147,False
TINYIMAGENET,resnet18,distance_cv_cover,2,distance_cv_cover_2_50b,complete,69,3550,9.659999999999997,146.0,7.920000000000002,421.015909910202,3.0672998428344727,4.431910276412964,428.51512002944946,False
TINYIMAGENET,resnet18,distance_cv_cover,2,distance_cv_cover_2_50b,complete,70,3600,9.819999999999993,22.0,8.560000000000002,410.82221937179565,3.132340431213379,6.879098653793335,420.83365845680237,False
TINYIMAGENET,resnet18,distance_cv_cover,2,distance_cv_cover_2_50b,complete,71,3650,9.560000000000002,44.0,8.099999999999994,418.41213059425354,3.06421160697937,3.6309759616851807,425.1073181629181,False
TINYIMAGENET,resnet18,distance_cv_cover,2,distance_cv_cover_2_50b,complete,72,3700,10.060000000000002,86.0,8.420000000000002,417.2584857940674,3.031426429748535,3.7338080406188965,424.0237202644348,False
TINYIMAGENET,resnet18,distance_cv_cover,2,distance_cv_cover_2_50b,complete,73,3750,9.519999999999996,12.0,8.180000000000007,424.93409729003906,2.980109691619873,4.842735052108765,432.7569420337677,False
TINYIMAGENET,resnet18,distance_cv_cover,2,distance_cv_cover_2_50b,complete,74,3800,9.659999999999997,162.0,8.180000000000007,425.85426115989685,3.0709068775177,6.265121221542358,435.1902892589569,False
TINYIMAGENET,resnet18,distance_cv_cover,2,distance_cv_cover_2_50b,complete,75,3850,9.659999999999997,46.0,8.260000000000005,439.37465620040894,3.3703513145446777,6.169843673706055,448.91485118865967,False
TINYIMAGENET,resnet18,distance_cv_cover,2,distance_cv_cover_2_50b,complete,76,3900,9.480000000000004,52.0,8.579999999999998,432.1459927558899,3.020385980606079,6.706257104873657,441.87263584136963,False
TINYIMAGENET,resnet18,distance_cv_cover,2,distance_cv_cover_2_50b,complete,77,3950,9.540000000000006,112.0,8.409999999999997,437.89460921287537,3.025907039642334,6.3644118309021,447.2849280834198,False
TINYIMAGENET,resnet18,distance_cv_cover,2,distance_cv_cover_2_50b,complete,78,4000,9.819999999999993,144.0,8.989999999999995,438.16317653656006,4.04540491104126,2.9819304943084717,445.1905119419098,False
TINYIMAGENET,resnet18,distance_cv_cover,2,distance_cv_cover_2_50b,complete,79,4050,9.86,194.0,8.430000000000007,441.9797329902649,4.0890021324157715,3.017990827560425,449.0867259502411,False
TINYIMAGENET,resnet18,distance_cv_cover,2,distance_cv_cover_2_50b,complete,80,4100,9.560000000000002,174.0,8.319999999999993,441.9642286300659,4.174415588378906,8.24533748626709,454.3839817047119,False
TINYIMAGENET,resnet18,distance_cv_cover,2,distance_cv_cover_2_50b,complete,81,4150,9.579999999999998,16.0,8.760000000000005,448.20266222953796,4.198358774185181,8.540201187133789,460.94122219085693,False
TINYIMAGENET,resnet18,distance_cv_cover,2,distance_cv_cover_2_50b,complete,82,4200,9.620000000000005,150.0,8.540000000000006,451.65965151786804,2.991360902786255,7.999319076538086,462.6503314971924,False
TINYIMAGENET,resnet18,distance_cv_cover,2,distance_cv_cover_2_50b,complete,83,4250,9.519999999999996,196.0,7.900000000000006,469.1350185871124,3.381767511367798,8.284822940826416,480.80160903930664,False
TINYIMAGENET,resnet18,distance_cv_cover,2,distance_cv_cover_2_50b,complete,84,4300,9.620000000000005,128.0,7.930000000000007,457.05927443504333,2.979645013809204,2.78503155708313,462.82395100593567,False
TINYIMAGENET,resnet18,distance_cv_cover,2,distance_cv_cover_2_50b,complete,85,4350,9.719999999999999,178.0,8.030000000000001,463.2779724597931,3.1079893112182617,2.7156875133514404,469.1016492843628,False
TINYIMAGENET,resnet18,distance_cv_cover,2,distance_cv_cover_2_50b,complete,86,4400,9.340000000000003,72.0,8.670000000000002,459.9634473323822,2.9431543350219727,2.6538290977478027,465.560430765152,False
TINYIMAGENET,resnet18,distance_cv_cover,2,distance_cv_cover_2_50b,complete,87,4450,9.560000000000002,188.0,7.939999999999998,469.00344729423523,3.102696657180786,8.266883373260498,480.3730273246765,False
TINYIMAGENET,resnet18,distance_cv_cover,2,distance_cv_cover_2_50b,complete,88,4500,9.459999999999994,32.0,8.36,471.66008949279785,3.1088342666625977,2.79720401763916,477.5661277770996,False
TINYIMAGENET,resnet18,distance_cv_cover,2,distance_cv_cover_2_50b,complete,89,4550,9.780000000000001,26.0,8.450000000000003,474.71512484550476,3.027696371078491,7.243305444717407,484.98612666130066,False
TINYIMAGENET,resnet18,distance_cv_cover,2,distance_cv_cover_2_50b,complete,90,4600,9.719999999999999,56.0,8.010000000000005,478.9316072463989,2.987673044204712,7.589399099349976,489.5086793899536,False
TINYIMAGENET,resnet18,distance_cv_cover,2,distance_cv_cover_2_50b,complete,91,4650,9.739999999999995,38.0,8.579999999999998,497.2632119655609,3.177323818206787,6.636274337768555,507.07681012153625,False
TINYIMAGENET,resnet18,distance_cv_cover,2,distance_cv_cover_2_50b,complete,92,4700,9.760000000000005,70.0,8.14,485.5617175102234,2.9660072326660156,6.756824254989624,495.284548997879,False
TINYIMAGENET,resnet18,distance_cv_cover,2,distance_cv_cover_2_50b,complete,93,4750,9.439999999999998,14.0,8.14,493.6385886669159,3.2228198051452637,2.7092764377593994,499.57068490982056,False
TINYIMAGENET,resnet18,distance_cv_cover,2,distance_cv_cover_2_50b,complete,94,4800,9.680000000000007,26.0,8.459999999999994,493.86102318763733,2.9980216026306152,6.644180536270142,503.5032253265381,False
TINYIMAGENET,resnet18,distance_cv_cover,2,distance_cv_cover_2_50b,complete,95,4850,9.420000000000002,116.0,8.040000000000006,499.9986433982849,4.1452977657318115,7.876664400100708,512.0206055641174,False
TINYIMAGENET,resnet18,distance_cv_cover,2,distance_cv_cover_2_50b,complete,96,4900,9.579999999999998,20.0,8.36,500.1981499195099,3.957012176513672,6.538220167160034,510.6933822631836,False
TINYIMAGENET,resnet18,distance_cv_cover,2,distance_cv_cover_2_50b,complete,97,4950,9.780000000000001,178.0,8.86,508.83831882476807,4.136671304702759,6.783250570297241,519.7582406997681,False
TINYIMAGENET,resnet18,distance_cv_cover,2,distance_cv_cover_2_50b,complete,98,5000,9.540000000000006,32.0,8.489999999999995,518.0524487495422,2.9368374347686768,2.659721851348877,523.6490080356598,False
TINYIMAGENET,resnet18,distance_cv_cover,2,distance_cv_cover_2_50b,complete,99,5050,9.620000000000005,72.0,8.75,513.5420551300049,3.126530647277832,7.595340013504028,524.2639257907867,False
TINYIMAGENET,resnet18,distance_cv_cover,2,distance_cv_cover_2_50b,complete,100,5050,9.719999999999999,12.0,8.439999999999998,514.6340448856354,3.0354256629943848,0.0,517.6694705486298,False
TINYIMAGENET,resnet18,distance_cv_cover,3,distance_cv_cover_3_50b,complete,-1,50,,,,,,6.151072025299072,6.151072025299072,True
TINYIMAGENET,resnet18,distance_cv_cover,3,distance_cv_cover_3_50b,complete,0,100,2.239999999999995,110.0,2.019999999999996,163.05519342422485,3.2112581729888916,5.233053922653198,171.49950551986694,False
TINYIMAGENET,resnet18,distance_cv_cover,3,distance_cv_cover_3_50b,complete,1,150,3.5400000000000063,78.0,3.4399999999999977,162.37378358840942,2.9714510440826416,2.8351798057556152,168.18041443824768,False
TINYIMAGENET,resnet18,distance_cv_cover,3,distance_cv_cover_3_50b,complete,2,200,4.420000000000002,100.0,4.1299999999999955,162.87998795509338,3.021669626235962,2.8867650032043457,168.7884225845337,False
TINYIMAGENET,resnet18,distance_cv_cover,3,distance_cv_cover_3_50b,complete,3,250,5.319999999999993,124.0,5.040000000000006,171.1656777858734,3.0166046619415283,7.421370267868042,181.60365271568298,False
TINYIMAGENET,resnet18,distance_cv_cover,3,distance_cv_cover_3_50b,complete,4,300,6.099999999999994,184.0,4.730000000000004,171.9467430114746,3.1373398303985596,6.151136159896851,181.23521900177002,False
TINYIMAGENET,resnet18,distance_cv_cover,3,distance_cv_cover_3_50b,complete,5,350,6.6200000000000045,124.0,5.969999999999999,179.5536093711853,2.9124298095703125,6.890548467636108,189.35658764839172,False
TINYIMAGENET,resnet18,distance_cv_cover,3,distance_cv_cover_3_50b,complete,6,400,7.019999999999996,192.0,6.3700000000000045,179.8615221977234,3.9638640880584717,6.613713264465332,190.4390995502472,False
TINYIMAGENET,resnet18,distance_cv_cover,3,distance_cv_cover_3_50b,complete,7,450,7.6200000000000045,64.0,6.859999999999999,187.87290024757385,4.121634244918823,3.1828055381774902,195.17734003067017,False
TINYIMAGENET,resnet18,distance_cv_cover,3,distance_cv_cover_3_50b,complete,8,500,7.599999999999994,48.0,7.510000000000005,191.5801019668579,6.17665696144104,6.5935399532318115,204.35029888153076,False
TINYIMAGENET,resnet18,distance_cv_cover,3,distance_cv_cover_3_50b,complete,9,550,8.019999999999996,194.0,7.310000000000002,193.6031949520111,3.930922508239746,3.0121030807495117,200.54622054100037,False
TINYIMAGENET,resnet18,distance_cv_cover,3,distance_cv_cover_3_50b,complete,10,600,8.400000000000006,60.0,8.239999999999995,200.51909184455872,4.111663103103638,2.971968173980713,207.60272312164307,False
TINYIMAGENET,resnet18,distance_cv_cover,3,distance_cv_cover_3_50b,complete,11,650,8.920000000000002,138.0,8.409999999999997,206.46580529212952,3.0216784477233887,3.3159983158111572,212.80348205566406,False
TINYIMAGENET,resnet18,distance_cv_cover,3,distance_cv_cover_3_50b,complete,12,700,8.980000000000004,154.0,8.230000000000004,204.47666835784912,2.9872190952301025,3.415138006210327,210.87902545928955,False
TINYIMAGENET,resnet18,distance_cv_cover,3,distance_cv_cover_3_50b,complete,13,750,9.719999999999999,184.0,7.769999999999996,211.0582251548767,3.085643768310547,3.1126952171325684,217.25656414031982,False
TINYIMAGENET,resnet18,distance_cv_cover,3,distance_cv_cover_3_50b,complete,14,800,9.659999999999997,72.0,8.939999999999998,210.2673201560974,3.0157926082611084,3.179304838180542,216.46241760253906,False
TINYIMAGENET,resnet18,distance_cv_cover,3,distance_cv_cover_3_50b,complete,15,850,9.780000000000001,176.0,8.739999999999995,218.73376774787903,3.179802656173706,3.451657295227051,225.36522769927979,False
TINYIMAGENET,resnet18,distance_cv_cover,3,distance_cv_cover_3_50b,complete,16,900,10.0,124.0,9.439999999999998,218.393208026886,2.9897069931030273,3.052359104156494,224.4352741241455,False
TINYIMAGENET,resnet18,distance_cv_cover,3,distance_cv_cover_3_50b,complete,17,950,10.219999999999999,100.0,9.980000000000004,224.76291728019714,2.9874606132507324,6.840094089508057,234.59047198295593,False
TINYIMAGENET,resnet18,distance_cv_cover,3,distance_cv_cover_3_50b,complete,18,1000,10.14,162.0,10.010000000000005,226.68011927604675,3.0326688289642334,7.185462951660156,236.89825105667114,False
TINYIMAGENET,resnet18,distance_cv_cover,3,distance_cv_cover_3_50b,complete,19,1050,10.739999999999995,56.0,10.239999999999995,232.98568296432495,3.042151927947998,5.689223527908325,241.71705842018127,False
TINYIMAGENET,resnet18,distance_cv_cover,3,distance_cv_cover_3_50b,complete,20,1100,10.680000000000007,56.0,10.230000000000004,232.90235805511475,3.0818119049072266,6.534677028656006,242.51884698867798,False
TINYIMAGENET,resnet18,distance_cv_cover,3,distance_cv_cover_3_50b,complete,21,1150,10.780000000000001,94.0,10.5,240.25785374641418,3.036728858947754,6.062941074371338,249.35752367973328,False
TINYIMAGENET,resnet18,distance_cv_cover,3,distance_cv_cover_3_50b,complete,22,1200,10.719999999999999,188.0,9.730000000000004,241.2814724445343,3.1050045490264893,4.522650241851807,248.9091272354126,False
TINYIMAGENET,resnet18,distance_cv_cover,3,distance_cv_cover_3_50b,complete,23,1250,10.719999999999999,170.0,10.5,249.06995916366577,3.035569667816162,3.328427314758301,255.43395614624023,False
TINYIMAGENET,resnet18,distance_cv_cover,3,distance_cv_cover_3_50b,complete,24,1300,10.420000000000002,126.0,10.61,249.28023386001587,4.46618914604187,7.698949098587036,261.4453721046448,False
TINYIMAGENET,resnet18,distance_cv_cover,3,distance_cv_cover_3_50b,complete,25,1350,10.319999999999993,138.0,10.019999999999996,262.2225716114044,3.184230089187622,7.174930572509766,272.5817322731018,False
TINYIMAGENET,resnet18,distance_cv_cover,3,distance_cv_cover_3_50b,complete,26,1400,10.219999999999999,42.0,9.659999999999997,259.10034370422363,4.527655363082886,7.3668389320373535,270.9948379993439,False
TINYIMAGENET,resnet18,distance_cv_cover,3,distance_cv_cover_3_50b,complete,27,1450,10.0,132.0,9.790000000000006,264.91079688072205,3.3360037803649902,6.707929611206055,274.9547302722931,False
TINYIMAGENET,resnet18,distance_cv_cover,3,distance_cv_cover_3_50b,complete,28,1500,10.120000000000005,86.0,9.689999999999998,263.4779415130615,3.013432502746582,8.379330396652222,274.8707044124603,False
TINYIMAGENET,resnet18,distance_cv_cover,3,distance_cv_cover_3_50b,complete,29,1550,10.159999999999997,72.0,9.709999999999994,269.62235951423645,3.0631728172302246,8.224586009979248,280.9101183414459,False
TINYIMAGENET,resnet18,distance_cv_cover,3,distance_cv_cover_3_50b,complete,30,1600,9.920000000000002,198.0,9.409999999999997,272.5279519557953,3.0610663890838623,6.666528701782227,282.2555470466614,False
TINYIMAGENET,resnet18,distance_cv_cover,3,distance_cv_cover_3_50b,complete,31,1650,10.120000000000005,48.0,9.370000000000005,277.74353408813477,3.222745418548584,8.692841529846191,289.65912103652954,False
TINYIMAGENET,resnet18,distance_cv_cover,3,distance_cv_cover_3_50b,complete,32,1700,9.920000000000002,102.0,9.170000000000002,277.97277307510376,3.2057435512542725,7.484561920166016,288.66307854652405,False
TINYIMAGENET,resnet18,distance_cv_cover,3,distance_cv_cover_3_50b,complete,33,1750,10.019999999999996,120.0,9.079999999999998,285.35927057266235,3.0772669315338135,8.682263135910034,297.1188006401062,False
TINYIMAGENET,resnet18,distance_cv_cover,3,distance_cv_cover_3_50b,complete,34,1800,10.040000000000006,66.0,8.769999999999996,285.2607915401459,3.2723305225372314,7.79768443107605,296.33080649375916,False
TINYIMAGENET,resnet18,distance_cv_cover,3,distance_cv_cover_3_50b,complete,35,1850,10.14,182.0,9.459999999999994,289.4805278778076,3.063596248626709,6.441433429718018,298.98555755615234,False
TINYIMAGENET,resnet18,distance_cv_cover,3,distance_cv_cover_3_50b,complete,36,1900,9.579999999999998,76.0,9.060000000000002,291.8936433792114,3.004446029663086,6.413313150405884,301.3114025592804,False
TINYIMAGENET,resnet18,distance_cv_cover,3,distance_cv_cover_3_50b,complete,37,1950,9.420000000000002,28.0,9.159999999999997,298.63986468315125,2.939096212387085,5.383558034896851,306.9625189304352,False
TINYIMAGENET,resnet18,distance_cv_cover,3,distance_cv_cover_3_50b,complete,38,2000,9.400000000000006,86.0,8.790000000000006,308.8631401062012,3.245565176010132,6.024327039718628,318.13303232192993,False
TINYIMAGENET,resnet18,distance_cv_cover,3,distance_cv_cover_3_50b,complete,39,2050,9.620000000000005,30.0,9.11,305.7932593822479,3.0898287296295166,2.9170968532562256,311.80018496513367,False
TINYIMAGENET,resnet18,distance_cv_cover,3,distance_cv_cover_3_50b,complete,40,2100,9.239999999999995,64.0,9.239999999999995,299.912828207016,3.026283025741577,5.618714809417725,308.5578260421753,False
TINYIMAGENET,resnet18,distance_cv_cover,3,distance_cv_cover_3_50b,complete,41,2150,9.379999999999995,94.0,8.560000000000002,304.5357708930969,2.9279699325561523,6.960469007492065,314.42420983314514,False
TINYIMAGENET,resnet18,distance_cv_cover,3,distance_cv_cover_3_50b,complete,42,2200,9.540000000000006,120.0,8.879999999999995,302.43555450439453,2.979584217071533,5.24720573425293,310.662344455719,False
TINYIMAGENET,resnet18,distance_cv_cover,3,distance_cv_cover_3_50b,complete,43,2250,9.579999999999998,182.0,8.549999999999997,309.6684329509735,3.0535638332366943,7.585052728652954,320.30704951286316,False
TINYIMAGENET,resnet18,distance_cv_cover,3,distance_cv_cover_3_50b,complete,44,2300,9.5,112.0,9.049999999999997,309.4453353881836,3.022050142288208,4.18183970451355,316.64922523498535,False
TINYIMAGENET,resnet18,distance_cv_cover,3,distance_cv_cover_3_50b,complete,45,2350,9.719999999999999,160.0,8.5,316.0386915206909,3.04085373878479,7.539897680282593,326.6194429397583,False
TINYIMAGENET,resnet18,distance_cv_cover,3,distance_cv_cover_3_50b,complete,46,2400,9.540000000000006,180.0,8.790000000000006,317.07565116882324,3.055933952331543,8.097288846969604,328.2288739681244,False
TINYIMAGENET,resnet18,distance_cv_cover,3,distance_cv_cover_3_50b,complete,47,2450,9.200000000000003,150.0,8.61,322.22108793258667,3.1173088550567627,7.033575773239136,332.37197256088257,False
TINYIMAGENET,resnet18,distance_cv_cover,3,distance_cv_cover_3_50b,complete,48,2500,9.280000000000001,94.0,8.5,324.4395616054535,3.0150458812713623,7.405786037445068,334.8603935241699,False
TINYIMAGENET,resnet18,distance_cv_cover,3,distance_cv_cover_3_50b,complete,49,2550,9.14,168.0,8.400000000000006,340.210533618927,2.9560351371765137,8.021604537963867,351.1881732940674,False
TINYIMAGENET,resnet18,distance_cv_cover,3,distance_cv_cover_3_50b,complete,50,2600,9.260000000000005,36.0,8.269999999999996,331.28270411491394,3.9983296394348145,7.650004625320435,342.9310383796692,False
TINYIMAGENET,resnet18,distance_cv_cover,3,distance_cv_cover_3_50b,complete,51,2650,9.299999999999997,124.0,8.430000000000007,335.9230089187622,3.9635415077209473,7.256218910217285,347.14276933670044,False
TINYIMAGENET,resnet18,distance_cv_cover,3,distance_cv_cover_3_50b,complete,52,2700,9.260000000000005,116.0,8.530000000000001,336.21986532211304,3.9608876705169678,7.5449538230896,347.7257068157196,False
TINYIMAGENET,resnet18,distance_cv_cover,3,distance_cv_cover_3_50b,complete,53,2750,9.239999999999995,128.0,8.049999999999997,342.214111328125,4.008150577545166,8.13953685760498,354.36179876327515,False
TINYIMAGENET,resnet18,distance_cv_cover,3,distance_cv_cover_3_50b,complete,54,2800,9.060000000000002,174.0,7.980000000000004,343.8056616783142,3.0958738327026367,8.213735103607178,355.115270614624,False
TINYIMAGENET,resnet18,distance_cv_cover,3,distance_cv_cover_3_50b,complete,55,2850,9.340000000000003,130.0,8.540000000000006,349.0838098526001,3.046867609024048,2.804306745529175,354.9349842071533,False
TINYIMAGENET,resnet18,distance_cv_cover,3,distance_cv_cover_3_50b,complete,56,2900,8.799999999999997,90.0,8.400000000000006,349.01581501960754,2.9043118953704834,6.564124822616577,358.4842517375946,False
TINYIMAGENET,resnet18,distance_cv_cover,3,distance_cv_cover_3_50b,complete,57,2950,9.299999999999997,146.0,8.650000000000006,358.8274691104889,2.947732448577881,2.7666831016540527,364.5418846607208,False
TINYIMAGENET,resnet18,distance_cv_cover,3,distance_cv_cover_3_50b,complete,58,3000,9.400000000000006,50.0,8.280000000000001,355.5743865966797,2.9999053478240967,8.839577436447144,367.4138693809509,False
TINYIMAGENET,resnet18,distance_cv_cover,3,distance_cv_cover_3_50b,complete,59,3050,9.099999999999994,70.0,8.549999999999997,374.24169087409973,2.900813341140747,2.9178221225738525,380.06032633781433,False
TINYIMAGENET,resnet18,distance_cv_cover,3,distance_cv_cover_3_50b,complete,60,3100,9.079999999999998,124.0,8.760000000000005,363.1250681877136,2.9281868934631348,7.853621006011963,373.9068760871887,False
TINYIMAGENET,resnet18,distance_cv_cover,3,distance_cv_cover_3_50b,complete,61,3150,9.120000000000005,192.0,8.25,369.5444583892822,2.8902456760406494,8.089024066925049,380.5237281322479,False
TINYIMAGENET,resnet18,distance_cv_cover,3,distance_cv_cover_3_50b,complete,62,3200,9.120000000000005,18.0,8.689999999999998,370.99090552330017,2.9895310401916504,2.7802467346191406,376.76068329811096,False
TINYIMAGENET,resnet18,distance_cv_cover,3,distance_cv_cover_3_50b,complete,63,3250,9.120000000000005,38.0,8.150000000000006,377.4352626800537,2.9515914916992188,8.04955768585205,388.436411857605,False
TINYIMAGENET,resnet18,distance_cv_cover,3,distance_cv_cover_3_50b,complete,64,3300,8.980000000000004,110.0,8.25,378.2226300239563,2.996703863143921,2.9202892780303955,384.1396231651306,False
TINYIMAGENET,resnet18,distance_cv_cover,3,distance_cv_cover_3_50b,complete,65,3350,8.900000000000006,198.0,8.459999999999994,383.1168842315674,3.1312313079833984,8.101534843444824,394.3496503829956,False
TINYIMAGENET,resnet18,distance_cv_cover,3,distance_cv_cover_3_50b,complete,66,3400,9.219999999999999,126.0,8.450000000000003,388.51109981536865,3.113248825073242,2.8491909503936768,394.47353959083557,False
TINYIMAGENET,resnet18,distance_cv_cover,3,distance_cv_cover_3_50b,complete,67,3450,9.260000000000005,96.0,8.280000000000001,391.9533734321594,3.08616042137146,7.4956090450286865,402.53514289855957,False
TINYIMAGENET,resnet18,distance_cv_cover,3,distance_cv_cover_3_50b,complete,68,3500,9.180000000000007,58.0,8.719999999999999,402.20972537994385,2.974942445755005,2.967024803161621,408.1516926288605,False
TINYIMAGENET,resnet18,distance_cv_cover,3,distance_cv_cover_3_50b,complete,69,3550,9.219999999999999,44.0,8.400000000000006,398.3201837539673,3.0403225421905518,3.1023457050323486,404.4628520011902,False
TINYIMAGENET,resnet18,distance_cv_cover,3,distance_cv_cover_3_50b,complete,70,3600,9.0,156.0,8.799999999999997,397.74457001686096,2.9992544651031494,2.779561758041382,403.5233862400055,False
TINYIMAGENET,resnet18,distance_cv_cover,3,distance_cv_cover_3_50b,complete,71,3650,9.280000000000001,82.0,8.299999999999997,404.1737208366394,2.9602651596069336,8.76470136642456,415.8986873626709,False
TINYIMAGENET,resnet18,distance_cv_cover,3,distance_cv_cover_3_50b,complete,72,3700,9.180000000000007,28.0,8.340000000000003,404.7230508327484,2.989617109298706,8.328368663787842,416.04103660583496,False
TINYIMAGENET,resnet18,distance_cv_cover,3,distance_cv_cover_3_50b,complete,73,3750,9.14,158.0,8.340000000000003,411.3926956653595,2.9145872592926025,3.103741407394409,417.4110243320465,False
TINYIMAGENET,resnet18,distance_cv_cover,3,distance_cv_cover_3_50b,complete,74,3800,9.260000000000005,172.0,8.260000000000005,410.1264133453369,3.077204704284668,2.9433062076568604,416.14692425727844,False
TINYIMAGENET,resnet18,distance_cv_cover,3,distance_cv_cover_3_50b,complete,75,3850,9.14,116.0,7.909999999999997,417.1701602935791,2.9942147731781006,7.508708238601685,427.6730833053589,False
TINYIMAGENET,resnet18,distance_cv_cover,3,distance_cv_cover_3_50b,complete,76,3900,9.180000000000007,70.0,8.439999999999998,418.9478847980499,4.030653715133667,7.402042388916016,430.3805809020996,False
TINYIMAGENET,resnet18,distance_cv_cover,3,distance_cv_cover_3_50b,complete,77,3950,9.219999999999999,20.0,8.200000000000003,434.5860939025879,4.018761396408081,8.591689825057983,447.19654512405396,False
TINYIMAGENET,resnet18,distance_cv_cover,3,distance_cv_cover_3_50b,complete,78,4000,9.459999999999994,10.0,8.670000000000002,424.7787480354309,2.949289083480835,2.729940176010132,430.4579772949219,False
TINYIMAGENET,resnet18,distance_cv_cover,3,distance_cv_cover_3_50b,complete,79,4050,9.099999999999994,50.0,8.349999999999994,428.788206577301,2.924529552459717,2.834124803543091,434.54686093330383,False
TINYIMAGENET,resnet18,distance_cv_cover,3,distance_cv_cover_3_50b,complete,80,4100,9.14,28.0,8.319999999999993,429.91548109054565,3.021467447280884,7.713746070861816,440.65069460868835,False
TINYIMAGENET,resnet18,distance_cv_cover,3,distance_cv_cover_3_50b,complete,81,4150,9.060000000000002,198.0,8.519999999999996,441.977210521698,2.9227023124694824,7.324453353881836,452.2243661880493,False
TINYIMAGENET,resnet18,distance_cv_cover,3,distance_cv_cover_3_50b,complete,82,4200,9.060000000000002,52.0,8.090000000000003,439.4003212451935,2.9063384532928467,7.431185007095337,449.73784470558167,False
TINYIMAGENET,resnet18,distance_cv_cover,3,distance_cv_cover_3_50b,complete,83,4250,9.0,100.0,8.39,448.498583316803,3.096679210662842,6.636059522628784,458.2313220500946,False
TINYIMAGENET,resnet18,distance_cv_cover,3,distance_cv_cover_3_50b,complete,84,4300,9.180000000000007,166.0,8.689999999999998,446.361261844635,2.9861717224121094,7.600363492965698,456.9477970600128,False
TINYIMAGENET,resnet18,distance_cv_cover,3,distance_cv_cover_3_50b,complete,85,4350,9.260000000000005,26.0,8.489999999999995,462.8792374134064,2.9772000312805176,7.713010311126709,473.5694477558136,False
TINYIMAGENET,resnet18,distance_cv_cover,3,distance_cv_cover_3_50b,complete,86,4400,9.0,102.0,8.129999999999995,453.15587091445923,2.9288177490234375,7.008260250091553,463.0929489135742,False
TINYIMAGENET,resnet18,distance_cv_cover,3,distance_cv_cover_3_50b,complete,87,4450,8.939999999999998,66.0,7.829999999999998,456.72712302207947,3.2058467864990234,8.020183086395264,467.95315289497375,False
TINYIMAGENET,resnet18,distance_cv_cover,3,distance_cv_cover_3_50b,complete,88,4500,8.879999999999995,8.0,8.540000000000006,460.38190150260925,3.027174472808838,7.327883005142212,470.7369589805603,False
TINYIMAGENET,resnet18,distance_cv_cover,3,distance_cv_cover_3_50b,complete,89,4550,9.120000000000005,184.0,8.269999999999996,468.9740753173828,3.1543190479278564,7.053774118423462,479.18216848373413,False
TINYIMAGENET,resnet18,distance_cv_cover,3,distance_cv_cover_3_50b,complete,90,4600,8.799999999999997,50.0,8.219999999999999,465.72502756118774,3.021303176879883,4.6713550090789795,473.4176857471466,False
TINYIMAGENET,resnet18,distance_cv_cover,3,distance_cv_cover_3_50b,complete,91,4650,9.14,158.0,8.409999999999997,475.51552057266235,3.0179800987243652,2.785905122756958,481.3194057941437,False
TINYIMAGENET,resnet18,distance_cv_cover,3,distance_cv_cover_3_50b,complete,92,4700,8.939999999999998,60.0,8.049999999999997,496.20394921302795,3.5292038917541504,2.8429746627807617,502.57612776756287,False
TINYIMAGENET,resnet18,distance_cv_cover,3,distance_cv_cover_3_50b,complete,93,4750,9.120000000000005,134.0,8.180000000000007,479.7703764438629,2.93884015083313,3.0392212867736816,485.7484378814697,False
TINYIMAGENET,resnet18,distance_cv_cover,3,distance_cv_cover_3_50b,complete,94,4800,8.959999999999994,180.0,8.420000000000002,477.371821641922,3.0377821922302246,3.0391180515289307,483.44872188568115,False
TINYIMAGENET,resnet18,distance_cv_cover,3,distance_cv_cover_3_50b,complete,95,4850,9.079999999999998,198.0,8.939999999999998,485.536660194397,3.0297811031341553,2.8610897064208984,491.427531003952,False
TINYIMAGENET,resnet18,distance_cv_cover,3,distance_cv_cover_3_50b,complete,96,4900,9.260000000000005,138.0,8.810000000000002,484.56464314460754,3.013995885848999,2.9281342029571533,490.5067732334137,False
TINYIMAGENET,resnet18,distance_cv_cover,3,distance_cv_cover_3_50b,complete,97,4950,9.120000000000005,168.0,8.219999999999999,492.3891155719757,3.065797805786133,3.0129177570343018,498.46783113479614,False
TINYIMAGENET,resnet18,distance_cv_cover,3,distance_cv_cover_3_50b,complete,98,5000,9.0,76.0,8.799999999999997,492.8966426849365,3.16072940826416,2.9864139556884766,499.04378604888916,False
TINYIMAGENET,resnet18,distance_cv_cover,3,distance_cv_cover_3_50b,complete,99,5050,9.219999999999999,140.0,8.670000000000002,505.182510137558,6.003413677215576,2.8315792083740234,514.0175030231476,False
TINYIMAGENET,resnet18,distance_cv_cover,3,distance_cv_cover_3_50b,complete,100,5050,9.239999999999995,146.0,8.579999999999998,502.70070028305054,4.007515907287598,0.0,506.70821619033813,False
TINYIMAGENET,resnet18,distance_cv_cover,4,distance_cv_cover_4_50b,complete,-1,50,,,,,,3.0031778812408447,3.0031778812408447,True
TINYIMAGENET,resnet18,distance_cv_cover,4,distance_cv_cover_4_50b,complete,0,100,2.4200000000000017,120.0,1.3799999999999955,158.66324186325073,3.1911463737487793,2.8496932983398438,164.70408153533936,False
TINYIMAGENET,resnet18,distance_cv_cover,4,distance_cv_cover_4_50b,complete,1,150,3.719999999999999,58.0,3.1099999999999994,158.60483074188232,2.995058059692383,2.8722317218780518,164.47212052345276,False
TINYIMAGENET,resnet18,distance_cv_cover,4,distance_cv_cover_4_50b,complete,2,200,4.560000000000002,158.0,4.030000000000001,159.32375621795654,4.008621454238892,2.8877112865448,166.22008895874023,False
TINYIMAGENET,resnet18,distance_cv_cover,4,distance_cv_cover_4_50b,complete,3,250,5.180000000000007,180.0,4.709999999999994,166.9123833179474,2.996631622314453,2.7381415367126465,172.6471564769745,False
TINYIMAGENET,resnet18,distance_cv_cover,4,distance_cv_cover_4_50b,complete,4,300,5.659999999999997,186.0,5.1299999999999955,167.26915836334229,2.9836924076080322,2.7869815826416016,173.03983235359192,False
TINYIMAGENET,resnet18,distance_cv_cover,4,distance_cv_cover_4_50b,complete,5,350,6.420000000000002,166.0,5.799999999999997,174.9160659313202,3.0004966259002686,3.039592981338501,180.95615553855896,False
TINYIMAGENET,resnet18,distance_cv_cover,4,distance_cv_cover_4_50b,complete,6,400,6.980000000000004,46.0,6.310000000000002,174.73862600326538,3.168348789215088,2.808800220489502,180.71577501296997,False
TINYIMAGENET,resnet18,distance_cv_cover,4,distance_cv_cover_4_50b,complete,7,450,7.760000000000005,94.0,6.569999999999993,182.89256882667542,3.0618271827697754,2.7364189624786377,188.69081497192383,False
TINYIMAGENET,resnet18,distance_cv_cover,4,distance_cv_cover_4_50b,complete,8,500,8.14,138.0,6.510000000000005,182.62898802757263,3.238234519958496,2.6905808448791504,188.55780339241028,False
TINYIMAGENET,resnet18,distance_cv_cover,4,distance_cv_cover_4_50b,complete,9,550,8.260000000000005,160.0,7.329999999999998,189.2672417163849,2.9806652069091797,2.7499115467071533,194.99781847000122,False
TINYIMAGENET,resnet18,distance_cv_cover,4,distance_cv_cover_4_50b,complete,10,600,8.739999999999995,34.0,8.11,189.3839132785797,2.93713641166687,2.7234301567077637,195.04447984695435,False
TINYIMAGENET,resnet18,distance_cv_cover,4,distance_cv_cover_4_50b,complete,11,650,9.299999999999997,140.0,7.939999999999998,197.29040384292603,3.1893417835235596,2.79260516166687,203.27235078811646,False
TINYIMAGENET,resnet18,distance_cv_cover,4,distance_cv_cover_4_50b,complete,12,700,9.5,120.0,8.840000000000003,197.26501154899597,3.193328619003296,2.7270116806030273,203.1853518486023,False
TINYIMAGENET,resnet18,distance_cv_cover,4,distance_cv_cover_4_50b,complete,13,750,9.920000000000002,180.0,9.040000000000006,204.1671109199524,4.338813304901123,2.8852334022521973,211.3911576271057,False
TINYIMAGENET,resnet18,distance_cv_cover,4,distance_cv_cover_4_50b,complete,14,800,10.36,198.0,9.569999999999993,204.7734456062317,3.0443947315216064,2.768406391143799,210.5862467288971,False
TINYIMAGENET,resnet18,distance_cv_cover,4,distance_cv_cover_4_50b,complete,15,850,10.120000000000005,154.0,8.599999999999994,216.2922694683075,3.9969680309295654,2.727428436279297,223.01666593551636,False
TINYIMAGENET,resnet18,distance_cv_cover,4,distance_cv_cover_4_50b,complete,16,900,10.400000000000006,54.0,9.569999999999993,215.21551990509033,3.026089668273926,2.9033167362213135,221.14492630958557,False
TINYIMAGENET,resnet18,distance_cv_cover,4,distance_cv_cover_4_50b,complete,17,950,10.439999999999998,72.0,9.409999999999997,218.83496856689453,2.966097116470337,2.796247959136963,224.59731364250183,False
TINYIMAGENET,resnet18,distance_cv_cover,4,distance_cv_cover_4_50b,complete,18,1000,10.719999999999999,106.0,10.019999999999996,218.70263171195984,3.049797773361206,2.845073699951172,224.59750318527222,False
TINYIMAGENET,resnet18,distance_cv_cover,4,distance_cv_cover_4_50b,complete,19,1050,10.780000000000001,106.0,10.129999999999995,224.72546792030334,3.1408705711364746,2.821378231048584,230.6877167224884,False
TINYIMAGENET,resnet18,distance_cv_cover,4,distance_cv_cover_4_50b,complete,20,1100,11.040000000000006,194.0,10.39,225.44029355049133,3.080474615097046,2.748941421508789,231.26970958709717,False
TINYIMAGENET,resnet18,distance_cv_cover,4,distance_cv_cover_4_50b,complete,21,1150,10.959999999999994,180.0,10.349999999999994,232.3241627216339,3.232008695602417,2.8260042667388916,238.38217568397522,False
TINYIMAGENET,resnet18,distance_cv_cover,4,distance_cv_cover_4_50b,complete,22,1200,10.900000000000006,198.0,10.909999999999997,240.5047640800476,3.103280544281006,2.8927371501922607,246.50078177452087,False
TINYIMAGENET,resnet18,distance_cv_cover,4,distance_cv_cover_4_50b,complete,23,1250,10.739999999999995,58.0,9.819999999999993,237.30186891555786,2.970491409301758,2.929983377456665,243.20234370231628,False
TINYIMAGENET,resnet18,distance_cv_cover,4,distance_cv_cover_4_50b,complete,24,1300,10.659999999999997,64.0,9.590000000000003,239.31044006347656,2.9802467823028564,3.0970726013183594,245.38775944709778,False
TINYIMAGENET,resnet18,distance_cv_cover,4,distance_cv_cover_4_50b,complete,25,1350,10.560000000000002,80.0,9.370000000000005,246.55669283866882,3.0061466693878174,3.01589035987854,252.57872986793518,False
TINYIMAGENET,resnet18,distance_cv_cover,4,distance_cv_cover_4_50b,complete,26,1400,10.299999999999997,102.0,9.159999999999997,247.31091213226318,3.0005807876586914,3.059752941131592,253.37124586105347,False
TINYIMAGENET,resnet18,distance_cv_cover,4,distance_cv_cover_4_50b,complete,27,1450,10.540000000000006,120.0,9.430000000000007,254.42921352386475,4.028221845626831,3.6799235343933105,262.1373589038849,False
TINYIMAGENET,resnet18,distance_cv_cover,4,distance_cv_cover_4_50b,complete,28,1500,10.540000000000006,198.0,9.989999999999995,255.59415984153748,4.849767446517944,7.447060823440552,267.890988111496,False
TINYIMAGENET,resnet18,distance_cv_cover,4,distance_cv_cover_4_50b,complete,29,1550,10.14,42.0,9.129999999999995,261.0033509731293,2.930934429168701,6.145726203918457,270.08001160621643,False
TINYIMAGENET,resnet18,distance_cv_cover,4,distance_cv_cover_4_50b,complete,30,1600,10.159999999999997,122.0,9.189999999999998,273.9376425743103,3.213045120239258,3.8355872631073,280.98627495765686,False
TINYIMAGENET,resnet18,distance_cv_cover,4,distance_cv_cover_4_50b,complete,31,1650,10.120000000000005,98.0,8.790000000000006,269.86025524139404,2.9403841495513916,4.083665370941162,276.8843047618866,False
TINYIMAGENET,resnet18,distance_cv_cover,4,distance_cv_cover_4_50b,complete,32,1700,9.980000000000004,110.0,9.650000000000006,269.4330816268921,3.0124351978302,3.9195079803466797,276.36502480506897,False
TINYIMAGENET,resnet18,distance_cv_cover,4,distance_cv_cover_4_50b,complete,33,1750,10.280000000000001,26.0,9.579999999999998,277.1290473937988,2.998103380203247,3.0372965335845947,283.16444730758667,False
TINYIMAGENET,resnet18,distance_cv_cover,4,distance_cv_cover_4_50b,complete,34,1800,9.900000000000006,100.0,9.340000000000003,276.25135946273804,3.122877597808838,7.462135553359985,286.83637261390686,False
TINYIMAGENET,resnet18,distance_cv_cover,4,distance_cv_cover_4_50b,complete,35,1850,10.379999999999995,194.0,9.670000000000002,283.33755564689636,3.0870420932769775,5.099508762359619,291.52410650253296,False
TINYIMAGENET,resnet18,distance_cv_cover,4,distance_cv_cover_4_50b,complete,36,1900,10.159999999999997,152.0,8.689999999999998,284.1219046115875,3.007686138153076,2.949629068374634,290.07921981811523,False
TINYIMAGENET,resnet18,distance_cv_cover,4,distance_cv_cover_4_50b,complete,37,1950,10.280000000000001,138.0,9.0,288.79931139945984,3.248154878616333,8.435458183288574,300.48292446136475,False
TINYIMAGENET,resnet18,distance_cv_cover,4,distance_cv_cover_4_50b,complete,38,2000,10.200000000000003,162.0,9.040000000000006,288.8679242134094,3.0654938220977783,3.8541550636291504,295.78757309913635,False
TINYIMAGENET,resnet18,distance_cv_cover,4,distance_cv_cover_4_50b,complete,39,2050,9.840000000000003,162.0,9.010000000000005,296.9356596469879,3.029153347015381,6.944385051727295,306.9091980457306,False
TINYIMAGENET,resnet18,distance_cv_cover,4,distance_cv_cover_4_50b,complete,40,2100,10.0,64.0,8.530000000000001,297.61519289016724,3.1676840782165527,8.695196866989136,309.4780738353729,False
TINYIMAGENET,resnet18,distance_cv_cover,4,distance_cv_cover_4_50b,complete,41,2150,10.0,50.0,9.030000000000001,302.9647557735443,3.080552816390991,8.008768796920776,314.0540773868561,False
TINYIMAGENET,resnet18,distance_cv_cover,4,distance_cv_cover_4_50b,complete,42,2200,9.900000000000006,58.0,9.219999999999999,312.22871565818787,3.569733142852783,2.7914018630981445,318.5898506641388,False
TINYIMAGENET,resnet18,distance_cv_cover,4,distance_cv_cover_4_50b,complete,43,2250,9.86,72.0,8.950000000000003,309.24630093574524,2.920044422149658,11.717996835708618,323.8843421936035,False
TINYIMAGENET,resnet18,distance_cv_cover,4,distance_cv_cover_4_50b,complete,44,2300,9.620000000000005,62.0,8.769999999999996,310.6168601512909,3.048516035079956,6.284088373184204,319.94946455955505,False
TINYIMAGENET,resnet18,distance_cv_cover,4,distance_cv_cover_4_50b,complete,45,2350,9.739999999999995,44.0,9.150000000000006,317.4805951118469,3.0499427318573,5.379403829574585,325.9099416732788,False
TINYIMAGENET,resnet18,distance_cv_cover,4,distance_cv_cover_4_50b,complete,46,2400,9.579999999999998,192.0,8.650000000000006,316.8984863758087,3.040752410888672,8.136292695999146,328.07553148269653,False
TINYIMAGENET,resnet18,distance_cv_cover,4,distance_cv_cover_4_50b,complete,47,2450,9.700000000000003,172.0,9.230000000000004,323.77259159088135,3.023513078689575,7.1538591384887695,333.9499638080597,False
TINYIMAGENET,resnet18,distance_cv_cover,4,distance_cv_cover_4_50b,complete,48,2500,9.64,78.0,8.879999999999995,324.3873198032379,3.177863836288452,7.570147275924683,335.13533091545105,False
TINYIMAGENET,resnet18,distance_cv_cover,4,distance_cv_cover_4_50b,complete,49,2550,9.879999999999995,72.0,8.480000000000004,330.9494743347168,3.141869068145752,6.085464954376221,340.17680835723877,False
TINYIMAGENET,resnet18,distance_cv_cover,4,distance_cv_cover_4_50b,complete,50,2600,9.400000000000006,110.0,8.61,330.48381066322327,3.1854288578033447,6.346556186676025,340.01579570770264,False
TINYIMAGENET,resnet18,distance_cv_cover,4,distance_cv_cover_4_50b,complete,51,2650,9.599999999999994,110.0,8.86,338.1248025894165,3.1461076736450195,3.0250587463378906,344.2959690093994,False
TINYIMAGENET,resnet18,distance_cv_cover,4,distance_cv_cover_4_50b,complete,52,2700,9.64,32.0,8.549999999999997,337.52200388908386,4.042412996292114,7.142989873886108,348.7074067592621,False
TINYIMAGENET,resnet18,distance_cv_cover,4,distance_cv_cover_4_50b,complete,53,2750,9.64,16.0,8.739999999999995,352.85493683815,2.994283437728882,7.348705291748047,363.19792556762695,False
TINYIMAGENET,resnet18,distance_cv_cover,4,distance_cv_cover_4_50b,complete,54,2800,9.879999999999995,94.0,8.969999999999999,346.46578073501587,3.2001821994781494,5.261645793914795,354.9276087284088,False
TINYIMAGENET,resnet18,distance_cv_cover,4,distance_cv_cover_4_50b,complete,55,2850,9.599999999999994,130.0,8.86,350.17115473747253,3.022221326828003,3.895895004272461,357.089271068573,False
TINYIMAGENET,resnet18,distance_cv_cover,4,distance_cv_cover_4_50b,complete,56,2900,9.420000000000002,134.0,8.879999999999995,350.30331325531006,3.621598958969116,8.008699893951416,361.9336121082306,False
TINYIMAGENET,resnet18,distance_cv_cover,4,distance_cv_cover_4_50b,complete,57,2950,9.64,64.0,8.840000000000003,359.24574065208435,3.089134454727173,7.92527437210083,370.26014947891235,False
TINYIMAGENET,resnet18,distance_cv_cover,4,distance_cv_cover_4_50b,complete,58,3000,9.719999999999999,180.0,8.450000000000003,357.4289982318878,3.977447986602783,3.8821346759796143,365.2885808944702,False
TINYIMAGENET,resnet18,distance_cv_cover,4,distance_cv_cover_4_50b,complete,59,3050,9.780000000000001,156.0,8.530000000000001,366.0423002243042,3.9882826805114746,6.622638940811157,376.65322184562683,False
TINYIMAGENET,resnet18,distance_cv_cover,4,distance_cv_cover_4_50b,complete,60,3100,9.620000000000005,142.0,8.329999999999998,379.6536762714386,4.02692437171936,7.765931606292725,391.4465322494507,False
TINYIMAGENET,resnet18,distance_cv_cover,4,distance_cv_cover_4_50b,complete,61,3150,9.420000000000002,50.0,8.439999999999998,377.78566670417786,3.0640478134155273,2.952620029449463,383.80233454704285,False
TINYIMAGENET,resnet18,distance_cv_cover,4,distance_cv_cover_4_50b,complete,62,3200,9.659999999999997,190.0,8.700000000000003,378.34586453437805,8.665390729904175,2.9279139041900635,389.9391691684723,False
TINYIMAGENET,resnet18,distance_cv_cover,4,distance_cv_cover_4_50b,complete,63,3250,9.260000000000005,38.0,8.030000000000001,380.3164076805115,4.160737752914429,3.0543928146362305,387.53153824806213,False
TINYIMAGENET,resnet18,distance_cv_cover,4,distance_cv_cover_4_50b,complete,64,3300,9.36,120.0,8.75,378.3379747867584,3.054558753967285,2.811542510986328,384.20407605171204,False
TINYIMAGENET,resnet18,distance_cv_cover,4,distance_cv_cover_4_50b,complete,65,3350,9.739999999999995,18.0,8.560000000000002,384.53382754325867,2.810250997543335,2.962430000305176,390.3065085411072,False
TINYIMAGENET,resnet18,distance_cv_cover,4,distance_cv_cover_4_50b,complete,66,3400,9.659999999999997,48.0,8.870000000000005,384.95839619636536,2.9775803089141846,2.960322618484497,390.89629912376404,False
TINYIMAGENET,resnet18,distance_cv_cover,4,distance_cv_cover_4_50b,complete,67,3450,9.780000000000001,172.0,8.25,393.93027234077454,3.23874568939209,2.859459400177002,400.0284774303436,False
TINYIMAGENET,resnet18,distance_cv_cover,4,distance_cv_cover_4_50b,complete,68,3500,9.579999999999998,118.0,8.530000000000001,392.42107009887695,2.9784369468688965,2.795760154724121,398.19526720046997,False
TINYIMAGENET,resnet18,distance_cv_cover,4,distance_cv_cover_4_50b,complete,69,3550,9.64,174.0,8.810000000000002,398.1324164867401,3.167977809906006,2.759622573852539,404.06001687049866,False
TINYIMAGENET,resnet18,distance_cv_cover,4,distance_cv_cover_4_50b,complete,70,3600,9.560000000000002,70.0,8.349999999999994,398.6400189399719,3.1876771450042725,2.789546251296997,404.6172423362732,False
TINYIMAGENET,resnet18,distance_cv_cover,4,distance_cv_cover_4_50b,complete,71,3650,9.86,122.0,8.799999999999997,413.4289319515228,4.458420753479004,2.9825456142425537,420.8698983192444,False
TINYIMAGENET,resnet18,distance_cv_cover,4,distance_cv_cover_4_50b,complete,72,3700,9.780000000000001,112.0,8.480000000000004,407.8826758861542,3.0173630714416504,2.7711548805236816,413.6711938381195,False
TINYIMAGENET,resnet18,distance_cv_cover,4,distance_cv_cover_4_50b,complete,73,3750,9.579999999999998,136.0,8.989999999999995,411.0927460193634,3.0544447898864746,2.814897298812866,416.96208810806274,False
TINYIMAGENET,resnet18,distance_cv_cover,4,distance_cv_cover_4_50b,complete,74,3800,9.86,108.0,8.569999999999993,410.4026746749878,2.957066774368286,2.947967767715454,416.30770921707153,False
TINYIMAGENET,resnet18,distance_cv_cover,4,distance_cv_cover_4_50b,complete,75,3850,9.739999999999995,176.0,8.659999999999997,416.6014642715454,2.9795145988464355,2.7692034244537354,422.3501822948456,False
TINYIMAGENET,resnet18,distance_cv_cover,4,distance_cv_cover_4_50b,complete,76,3900,9.739999999999995,178.0,8.650000000000006,416.9843246936798,2.947678565979004,2.9625368118286133,422.8945400714874,False
TINYIMAGENET,resnet18,distance_cv_cover,4,distance_cv_cover_4_50b,complete,77,3950,9.700000000000003,2.0,9.049999999999997,425.6879162788391,2.9847066402435303,2.780242443084717,431.45286536216736,False
TINYIMAGENET,resnet18,distance_cv_cover,4,distance_cv_cover_4_50b,complete,78,4000,9.700000000000003,76.0,8.739999999999995,423.4092860221863,3.0703911781311035,2.9349186420440674,429.41459584236145,False
TINYIMAGENET,resnet18,distance_cv_cover,4,distance_cv_cover_4_50b,complete,79,4050,9.959999999999994,58.0,9.409999999999997,430.1765139102936,3.0196492671966553,2.786478042602539,435.9826412200928,False
TINYIMAGENET,resnet18,distance_cv_cover,4,distance_cv_cover_4_50b,complete,80,4100,9.64,186.0,8.439999999999998,440.85623502731323,3.0622379779815674,2.8184375762939453,446.73691058158875,False
TINYIMAGENET,resnet18,distance_cv_cover,4,distance_cv_cover_4_50b,complete,81,4150,10.180000000000007,36.0,8.420000000000002,437.23639249801636,2.9613492488861084,2.943680763244629,443.1414225101471,False
TINYIMAGENET,resnet18,distance_cv_cover,4,distance_cv_cover_4_50b,complete,82,4200,9.959999999999994,140.0,8.64,438.4043655395508,3.008225679397583,2.7854676246643066,444.19805884361267,False
TINYIMAGENET,resnet18,distance_cv_cover,4,distance_cv_cover_4_50b,complete,83,4250,10.099999999999994,170.0,9.340000000000003,442.7619559764862,2.981320381164551,2.713644027709961,448.4569203853607,False
TINYIMAGENET,resnet18,distance_cv_cover,4,distance_cv_cover_4_50b,complete,84,4300,10.180000000000007,114.0,9.540000000000006,442.9353303909302,2.986759901046753,3.008310079574585,448.9304003715515,False
TINYIMAGENET,resnet18,distance_cv_cover,4,distance_cv_cover_4_50b,complete,85,4350,10.14,138.0,9.060000000000002,450.3963541984558,3.0163042545318604,2.8354461193084717,456.24810457229614,False
TINYIMAGENET,resnet18,distance_cv_cover,4,distance_cv_cover_4_50b,complete,86,4400,9.959999999999994,128.0,9.030000000000001,452.09846353530884,3.1246299743652344,3.1065151691436768,458.32960867881775,False
TINYIMAGENET,resnet18,distance_cv_cover,4,distance_cv_cover_4_50b,complete,87,4450,9.959999999999994,150.0,9.180000000000007,457.1265034675598,4.2835798263549805,2.92215895652771,464.3322422504425,False
TINYIMAGENET,resnet18,distance_cv_cover,4,distance_cv_cover_4_50b,complete,88,4500,10.120000000000005,176.0,9.36,465.6182596683502,4.080420732498169,3.1325149536132812,472.83119535446167,False
TINYIMAGENET,resnet18,distance_cv_cover,4,distance_cv_cover_4_50b,complete,89,4550,9.920000000000002,4.0,9.629999999999995,463.03571105003357,4.14213752746582,3.059394359588623,470.237242937088,False
TINYIMAGENET,resnet18,distance_cv_cover,4,distance_cv_cover_4_50b,complete,90,4600,10.540000000000006,72.0,9.370000000000005,463.69499468803406,3.1213457584381104,4.0453526973724365,470.8616931438446,False
TINYIMAGENET,resnet18,distance_cv_cover,4,distance_cv_cover_4_50b,complete,91,4650,10.400000000000006,54.0,9.239999999999995,470.93284463882446,2.9945340156555176,5.41255521774292,479.3399338722229,False
TINYIMAGENET,resnet18,distance_cv_cover,4,distance_cv_cover_4_50b,complete,92,4700,10.480000000000004,154.0,9.280000000000001,471.7782175540924,3.0593998432159424,4.839015245437622,479.676632642746,False
TINYIMAGENET,resnet18,distance_cv_cover,4,distance_cv_cover_4_50b,complete,93,4750,10.219999999999999,122.0,8.870000000000005,476.63797187805176,3.0976901054382324,6.354891538619995,486.09055352211,False
TINYIMAGENET,resnet18,distance_cv_cover,4,distance_cv_cover_4_50b,complete,94,4800,10.36,156.0,8.86,478.05499148368835,3.048267364501953,5.384169816970825,486.48742866516113,False
TINYIMAGENET,resnet18,distance_cv_cover,4,distance_cv_cover_4_50b,complete,95,4850,10.219999999999999,172.0,9.040000000000006,494.8380606174469,3.0649430751800537,5.607235908508301,503.51023960113525,False
TINYIMAGENET,resnet18,distance_cv_cover,4,distance_cv_cover_4_50b,complete,96,4900,10.260000000000005,180.0,9.560000000000002,485.1265640258789,3.0825536251068115,2.839611291885376,491.0487289428711,False
TINYIMAGENET,resnet18,distance_cv_cover,4,distance_cv_cover_4_50b,complete,97,4950,10.219999999999999,122.0,9.510000000000005,492.7520501613617,3.1602070331573486,6.580155372619629,502.4924125671387,False
TINYIMAGENET,resnet18,distance_cv_cover,4,distance_cv_cover_4_50b,complete,98,5000,10.14,114.0,9.170000000000002,491.53482007980347,3.0570473670959473,6.616836309432983,501.2087037563324,False
TINYIMAGENET,resnet18,distance_cv_cover,4,distance_cv_cover_4_50b,complete,99,5050,10.060000000000002,124.0,9.159999999999997,497.7014708518982,2.965085744857788,5.314891338348389,505.98144793510437,False
TINYIMAGENET,resnet18,distance_cv_cover,4,distance_cv_cover_4_50b,complete,100,5050,9.980000000000004,126.0,9.310000000000002,499.234459400177,3.0176799297332764,0.0,502.2521393299103,False
TINYIMAGENET,resnet18,distance_cv_cover,5,distance_cv_cover_5_50b,complete,-1,50,,,,,,5.641997814178467,5.641997814178467,True
TINYIMAGENET,resnet18,distance_cv_cover,5,distance_cv_cover_5_50b,complete,0,100,2.280000000000001,164.0,2.4599999999999937,181.17742013931274,3.0970282554626465,4.632323741912842,188.90677213668823,False
TINYIMAGENET,resnet18,distance_cv_cover,5,distance_cv_cover_5_50b,complete,1,150,3.480000000000004,182.0,3.480000000000004,177.06524968147278,3.092113971710205,4.777684688568115,184.9350483417511,False
TINYIMAGENET,resnet18,distance_cv_cover,5,distance_cv_cover_5_50b,complete,2,200,4.400000000000006,164.0,4.349999999999994,177.8994414806366,2.95536208152771,4.703930854797363,185.55873441696167,False
TINYIMAGENET,resnet18,distance_cv_cover,5,distance_cv_cover_5_50b,complete,3,250,4.959999999999994,146.0,4.8700000000000045,187.40941739082336,2.898585081100464,4.171708345413208,194.47971081733704,False
TINYIMAGENET,resnet18,distance_cv_cover,5,distance_cv_cover_5_50b,complete,4,300,5.319999999999993,132.0,4.890000000000001,186.36357617378235,2.8806185722351074,4.114881992340088,193.35907673835754,False
TINYIMAGENET,resnet18,distance_cv_cover,5,distance_cv_cover_5_50b,complete,5,350,6.219999999999999,198.0,5.560000000000002,195.2541687488556,2.934307098388672,4.18382716178894,202.3723030090332,False
TINYIMAGENET,resnet18,distance_cv_cover,5,distance_cv_cover_5_50b,complete,6,400,6.719999999999999,60.0,5.8799999999999955,195.12038397789001,3.0982987880706787,6.4142162799835205,204.6328990459442,False
TINYIMAGENET,resnet18,distance_cv_cover,5,distance_cv_cover_5_50b,complete,7,450,7.319999999999993,112.0,6.680000000000007,204.01715207099915,2.935098886489868,6.743342399597168,213.69559335708618,False
TINYIMAGENET,resnet18,distance_cv_cover,5,distance_cv_cover_5_50b,complete,8,500,7.599999999999994,166.0,6.909999999999997,204.1893334388733,3.1687445640563965,5.86631178855896,213.22438979148865,False
TINYIMAGENET,resnet18,distance_cv_cover,5,distance_cv_cover_5_50b,complete,9,550,8.180000000000007,188.0,7.769999999999996,213.64612817764282,2.9044249057769775,6.243678331375122,222.79423141479492,False
TINYIMAGENET,resnet18,distance_cv_cover,5,distance_cv_cover_5_50b,complete,10,600,8.379999999999995,200.0,8.14,213.27070927619934,3.15151047706604,6.54359245300293,222.9658122062683,False
TINYIMAGENET,resnet18,distance_cv_cover,5,distance_cv_cover_5_50b,complete,11,650,9.219999999999999,36.0,8.480000000000004,222.79036378860474,3.7578141689300537,5.895319223403931,232.44349718093872,False
TINYIMAGENET,resnet18,distance_cv_cover,5,distance_cv_cover_5_50b,complete,12,700,9.599999999999994,186.0,8.11,222.3107304573059,3.5488264560699463,6.3983635902404785,232.25792050361633,False
TINYIMAGENET,resnet18,distance_cv_cover,5,distance_cv_cover_5_50b,complete,13,750,9.680000000000007,146.0,8.069999999999993,229.22508096694946,3.0759658813476562,6.67795991897583,238.97900676727295,False
TINYIMAGENET,resnet18,distance_cv_cover,5,distance_cv_cover_5_50b,complete,14,800,10.120000000000005,52.0,8.5,230.58166217803955,3.0576744079589844,7.084446430206299,240.72378301620483,False
TINYIMAGENET,resnet18,distance_cv_cover,5,distance_cv_cover_5_50b,complete,15,850,9.900000000000006,160.0,8.200000000000003,237.6032316684723,3.0487754344940186,3.851036787033081,244.5030438899994,False
TINYIMAGENET,resnet18,distance_cv_cover,5,distance_cv_cover_5_50b,complete,16,900,10.040000000000006,100.0,9.340000000000003,247.87960481643677,3.1098952293395996,4.215474843978882,255.20497488975525,False
TINYIMAGENET,resnet18,distance_cv_cover,5,distance_cv_cover_5_50b,complete,17,950,10.379999999999995,26.0,9.510000000000005,245.97507190704346,3.0407731533050537,2.9313583374023438,251.94720339775085,False
TINYIMAGENET,resnet18,distance_cv_cover,5,distance_cv_cover_5_50b,complete,18,1000,10.719999999999999,44.0,9.689999999999998,245.53813433647156,3.0591342449188232,2.8583197593688965,251.45558834075928,False
TINYIMAGENET,resnet18,distance_cv_cover,5,distance_cv_cover_5_50b,complete,19,1050,10.659999999999997,162.0,9.239999999999995,254.26438975334167,3.0858378410339355,2.8711438179016113,260.2213714122772,False
TINYIMAGENET,resnet18,distance_cv_cover,5,distance_cv_cover_5_50b,complete,20,1100,10.579999999999998,198.0,10.200000000000003,254.65344429016113,3.0741636753082275,3.1241395473480225,260.8517475128174,False
TINYIMAGENET,resnet18,distance_cv_cover,5,distance_cv_cover_5_50b,complete,21,1150,10.939999999999998,194.0,9.810000000000002,262.1779294013977,3.0974583625793457,3.2166972160339355,268.492084980011,False
TINYIMAGENET,resnet18,distance_cv_cover,5,distance_cv_cover_5_50b,complete,22,1200,10.480000000000004,96.0,9.64,262.05243134498596,3.082097291946411,3.1603457927703857,268.29487442970276,False
TINYIMAGENET,resnet18,distance_cv_cover,5,distance_cv_cover_5_50b,complete,23,1250,10.579999999999998,170.0,9.86,269.1195180416107,3.1664280891418457,3.0966973304748535,275.3826434612274,False
TINYIMAGENET,resnet18,distance_cv_cover,5,distance_cv_cover_5_50b,complete,24,1300,10.459999999999994,46.0,10.370000000000005,269.63799142837524,3.1583938598632812,3.1880784034729004,275.9844636917114,False
TINYIMAGENET,resnet18,distance_cv_cover,5,distance_cv_cover_5_50b,complete,25,1350,10.459999999999994,138.0,9.560000000000002,278.9095239639282,3.719137668609619,3.203181743621826,285.83184337615967,False
TINYIMAGENET,resnet18,distance_cv_cover,5,distance_cv_cover_5_50b,complete,26,1400,10.420000000000002,128.0,9.89,279.05177664756775,3.8870351314544678,3.041494131088257,285.9803059101105,False
TINYIMAGENET,resnet18,distance_cv_cover,5,distance_cv_cover_5_50b,complete,27,1450,10.159999999999997,188.0,9.200000000000003,286.94106793403625,3.8061864376068115,3.043985366821289,293.79123973846436,False
TINYIMAGENET,resnet18,distance_cv_cover,5,distance_cv_cover_5_50b,complete,28,1500,9.980000000000004,132.0,9.61,286.6272304058075,3.801541328430176,3.405346632003784,293.83411836624146,False
TINYIMAGENET,resnet18,distance_cv_cover,5,distance_cv_cover_5_50b,complete,29,1550,9.939999999999998,44.0,8.950000000000003,301.7567181587219,3.913278579711914,3.240063190460205,308.91005992889404,False
TINYIMAGENET,resnet18,distance_cv_cover,5,distance_cv_cover_5_50b,complete,30,1600,10.0,136.0,8.89,296.4469475746155,3.7673745155334473,3.207322120666504,303.42164421081543,False
TINYIMAGENET,resnet18,distance_cv_cover,5,distance_cv_cover_5_50b,complete,31,1650,9.959999999999994,200.0,9.170000000000002,304.12101769447327,3.765681266784668,3.3092052936553955,311.19590425491333,False
TINYIMAGENET,resnet18,distance_cv_cover,5,distance_cv_cover_5_50b,complete,32,1700,9.900000000000006,152.0,9.299999999999997,303.8891980648041,3.6897263526916504,3.151320457458496,310.7302448749542,False
TINYIMAGENET,resnet18,distance_cv_cover,5,distance_cv_cover_5_50b,complete,33,1750,9.86,60.0,9.430000000000007,310.1214623451233,3.7907941341400146,4.79814600944519,318.7104024887085,False
TINYIMAGENET,resnet18,distance_cv_cover,5,distance_cv_cover_5_50b,complete,34,1800,9.819999999999993,82.0,9.280000000000001,311.02701449394226,3.972682237625122,5.58832049369812,320.5880172252655,False
TINYIMAGENET,resnet18,distance_cv_cover,5,distance_cv_cover_5_50b,complete,35,1850,9.780000000000001,108.0,9.329999999999998,319.06283473968506,3.7373571395874023,3.12052059173584,325.9207124710083,False
TINYIMAGENET,resnet18,distance_cv_cover,5,distance_cv_cover_5_50b,complete,36,1900,10.200000000000003,112.0,9.079999999999998,317.82670617103577,3.8322315216064453,5.92172646522522,327.58066415786743,False
TINYIMAGENET,resnet18,distance_cv_cover,5,distance_cv_cover_5_50b,complete,37,1950,9.659999999999997,118.0,8.959999999999994,325.44895935058594,3.7443649768829346,5.655152082443237,334.8484764099121,False
TINYIMAGENET,resnet18,distance_cv_cover,5,distance_cv_cover_5_50b,complete,38,2000,9.700000000000003,142.0,9.290000000000006,325.12790036201477,3.7053096294403076,3.5884363651275635,332.42164635658264,False
TINYIMAGENET,resnet18,distance_cv_cover,5,distance_cv_cover_5_50b,complete,39,2050,9.700000000000003,12.0,9.5,334.7592394351959,3.7768495082855225,8.170564651489258,346.7066535949707,False
TINYIMAGENET,resnet18,distance_cv_cover,5,distance_cv_cover_5_50b,complete,40,2100,9.739999999999995,40.0,9.310000000000002,345.314049243927,3.620925188064575,3.1576616764068604,352.09263610839844,False
TINYIMAGENET,resnet18,distance_cv_cover,5,distance_cv_cover_5_50b,complete,41,2150,9.540000000000006,184.0,9.030000000000001,343.3458116054535,3.1885998249053955,2.999779224395752,349.53419065475464,False
TINYIMAGENET,resnet18,distance_cv_cover,5,distance_cv_cover_5_50b,complete,42,2200,9.5,78.0,9.170000000000002,340.0634093284607,3.0370681285858154,2.981029748916626,346.08150720596313,False
TINYIMAGENET,resnet18,distance_cv_cover,5,distance_cv_cover_5_50b,complete,43,2250,9.579999999999998,124.0,8.719999999999999,350.1726930141449,3.0649285316467285,3.031625509262085,356.2692470550537,False
TINYIMAGENET,resnet18,distance_cv_cover,5,distance_cv_cover_5_50b,complete,44,2300,9.420000000000002,78.0,8.810000000000002,350.773695230484,3.010063648223877,2.987621784210205,356.7713806629181,False
TINYIMAGENET,resnet18,distance_cv_cover,5,distance_cv_cover_5_50b,complete,45,2350,9.36,138.0,9.180000000000007,356.15952920913696,3.0677847862243652,3.0022621154785156,362.22957611083984,False
TINYIMAGENET,resnet18,distance_cv_cover,5,distance_cv_cover_5_50b,complete,46,2400,9.540000000000006,48.0,8.549999999999997,359.0288872718811,3.0840892791748047,2.995159387588501,365.1081359386444,False
TINYIMAGENET,resnet18,distance_cv_cover,5,distance_cv_cover_5_50b,complete,47,2450,9.200000000000003,98.0,8.209999999999994,365.87246203422546,3.09297251701355,2.861652135848999,371.827086687088,False
TINYIMAGENET,resnet18,distance_cv_cover,5,distance_cv_cover_5_50b,complete,48,2500,9.519999999999996,74.0,8.810000000000002,365.4149532318115,3.7666409015655518,2.996222496032715,372.1778166294098,False
TINYIMAGENET,resnet18,distance_cv_cover,5,distance_cv_cover_5_50b,complete,49,2550,9.219999999999999,130.0,8.560000000000002,373.213134765625,3.810302495956421,3.157618761062622,380.18105602264404,False
TINYIMAGENET,resnet18,distance_cv_cover,5,distance_cv_cover_5_50b,complete,50,2600,9.219999999999999,128.0,8.760000000000005,382.2612237930298,3.7693402767181396,3.120157241821289,389.1507213115692,False
TINYIMAGENET,resnet18,distance_cv_cover,5,distance_cv_cover_5_50b,complete,51,2650,9.120000000000005,130.0,8.950000000000003,380.0820016860962,3.1047451496124268,2.871302843093872,386.0580496788025,False
TINYIMAGENET,resnet18,distance_cv_cover,5,distance_cv_cover_5_50b,complete,52,2700,9.159999999999997,8.0,8.36,377.47203826904297,3.1226375102996826,4.54183030128479,385.13650608062744,False
TINYIMAGENET,resnet18,distance_cv_cover,5,distance_cv_cover_5_50b,complete,53,2750,9.599999999999994,46.0,8.469999999999999,386.1848907470703,3.1081526279449463,5.323235750198364,394.6162791252136,False
TINYIMAGENET,resnet18,distance_cv_cover,5,distance_cv_cover_5_50b,complete,54,2800,9.14,194.0,8.14,386.5599181652069,3.1828246116638184,6.3507232666015625,396.0934660434723,False
TINYIMAGENET,resnet18,distance_cv_cover,5,distance_cv_cover_5_50b,complete,55,2850,9.379999999999995,102.0,8.400000000000006,395.9187068939209,3.316437005996704,6.110450744628906,405.3455946445465,False
TINYIMAGENET,resnet18,distance_cv_cover,5,distance_cv_cover_5_50b,complete,56,2900,9.219999999999999,82.0,8.159999999999997,394.54845333099365,3.1932873725891113,5.969934940338135,403.7116756439209,False
TINYIMAGENET,resnet18,distance_cv_cover,5,distance_cv_cover_5_50b,complete,57,2950,9.120000000000005,158.0,8.769999999999996,403.4323010444641,3.142867088317871,6.564600467681885,413.13976860046387,False
TINYIMAGENET,resnet18,distance_cv_cover,5,distance_cv_cover_5_50b,complete,58,3000,8.900000000000006,62.0,8.629999999999995,400.8207461833954,3.100472927093506,8.53183650970459,412.4530556201935,False
TINYIMAGENET,resnet18,distance_cv_cover,5,distance_cv_cover_5_50b,complete,59,3050,9.239999999999995,44.0,8.25,422.74145674705505,3.137028694152832,5.178618431091309,431.0571038722992,False
TINYIMAGENET,resnet18,distance_cv_cover,5,distance_cv_cover_5_50b,complete,60,3100,8.980000000000004,30.0,8.510000000000005,408.6157937049866,3.0991694927215576,7.310038089752197,419.0250012874603,False
TINYIMAGENET,resnet18,distance_cv_cover,5,distance_cv_cover_5_50b,complete,61,3150,8.939999999999998,18.0,8.560000000000002,416.43627071380615,3.10937762260437,5.882195711135864,425.4278440475464,False
TINYIMAGENET,resnet18,distance_cv_cover,5,distance_cv_cover_5_50b,complete,62,3200,9.200000000000003,88.0,8.319999999999993,417.94673228263855,3.143404722213745,7.720856189727783,428.8109931945801,False
TINYIMAGENET,resnet18,distance_cv_cover,5,distance_cv_cover_5_50b,complete,63,3250,9.319999999999993,64.0,8.200000000000003,424.71516704559326,3.078989028930664,8.247901678085327,436.04205775260925,False
TINYIMAGENET,resnet18,distance_cv_cover,5,distance_cv_cover_5_50b,complete,64,3300,9.180000000000007,28.0,8.319999999999993,424.6458353996277,3.1181485652923584,7.212194204330444,434.9761781692505,False
TINYIMAGENET,resnet18,distance_cv_cover,5,distance_cv_cover_5_50b,complete,65,3350,8.920000000000002,154.0,8.480000000000004,432.979208946228,3.0664420127868652,5.477463722229004,441.5231146812439,False
TINYIMAGENET,resnet18,distance_cv_cover,5,distance_cv_cover_5_50b,complete,66,3400,9.099999999999994,100.0,8.159999999999997,434.66238236427307,3.3424367904663086,7.421281576156616,445.426100730896,False
TINYIMAGENET,resnet18,distance_cv_cover,5,distance_cv_cover_5_50b,complete,67,3450,9.36,122.0,8.629999999999995,450.3123052120209,3.129304885864258,6.743492603302002,460.18510270118713,False
TINYIMAGENET,resnet18,distance_cv_cover,5,distance_cv_cover_5_50b,complete,68,3500,8.900000000000006,92.0,8.569999999999993,441.08446192741394,3.219574213027954,8.874437093734741,453.17847323417664,False
TINYIMAGENET,resnet18,distance_cv_cover,5,distance_cv_cover_5_50b,complete,69,3550,9.5,178.0,8.269999999999996,444.271555185318,3.1813976764678955,7.043700218200684,454.4966530799866,False
TINYIMAGENET,resnet18,distance_cv_cover,5,distance_cv_cover_5_50b,complete,70,3600,9.180000000000007,80.0,8.540000000000006,448.4833402633667,3.110147714614868,5.720475435256958,457.3139634132385,False
TINYIMAGENET,resnet18,distance_cv_cover,5,distance_cv_cover_5_50b,complete,71,3650,8.939999999999998,146.0,8.549999999999997,456.52464294433594,3.096514940261841,3.363558530807495,462.9847164154053,False
TINYIMAGENET,resnet18,distance_cv_cover,5,distance_cv_cover_5_50b,complete,72,3700,9.319999999999993,58.0,8.200000000000003,459.07760548591614,3.091442346572876,9.62621021270752,471.79525804519653,False
TINYIMAGENET,resnet18,distance_cv_cover,5,distance_cv_cover_5_50b,complete,73,3750,9.079999999999998,50.0,7.969999999999999,462.89386463165283,3.1062214374542236,6.600038051605225,472.6001241207123,False
TINYIMAGENET,resnet18,distance_cv_cover,5,distance_cv_cover_5_50b,complete,74,3800,9.019999999999996,108.0,8.329999999999998,463.254718542099,3.31416392326355,5.864267826080322,472.43315029144287,False
TINYIMAGENET,resnet18,distance_cv_cover,5,distance_cv_cover_5_50b,complete,75,3850,8.939999999999998,78.0,8.829999999999998,477.32597851753235,3.1116905212402344,7.1323325634002686,487.57000160217285,False
TINYIMAGENET,resnet18,distance_cv_cover,5,distance_cv_cover_5_50b,complete,76,3900,9.36,136.0,8.170000000000002,468.57606196403503,3.1478683948516846,6.045185327529907,477.7691156864166,False
TINYIMAGENET,resnet18,distance_cv_cover,5,distance_cv_cover_5_50b,complete,77,3950,9.439999999999998,128.0,7.980000000000004,477.86416578292847,3.0954670906066895,8.9459707736969,489.90560364723206,False
TINYIMAGENET,resnet18,distance_cv_cover,5,distance_cv_cover_5_50b,complete,78,4000,9.260000000000005,188.0,8.909999999999997,478.13149785995483,3.0529868602752686,6.325735807418823,487.5102205276489,False
TINYIMAGENET,resnet18,distance_cv_cover,5,distance_cv_cover_5_50b,complete,79,4050,9.079999999999998,48.0,8.709999999999994,485.4881069660187,3.10762882232666,6.5610222816467285,495.15675806999207,False
TINYIMAGENET,resnet18,distance_cv_cover,5,distance_cv_cover_5_50b,complete,80,4100,9.019999999999996,84.0,8.439999999999998,485.8960657119751,3.083500862121582,7.257255554199219,496.2368221282959,False
TINYIMAGENET,resnet18,distance_cv_cover,5,distance_cv_cover_5_50b,complete,81,4150,9.14,20.0,8.310000000000002,494.04277992248535,3.2230172157287598,7.4414238929748535,504.70722103118896,False
TINYIMAGENET,resnet18,distance_cv_cover,5,distance_cv_cover_5_50b,complete,82,4200,9.239999999999995,48.0,8.909999999999997,502.5927300453186,3.1394472122192383,6.124694585800171,511.856871843338,False
TINYIMAGENET,resnet18,distance_cv_cover,5,distance_cv_cover_5_50b,complete,83,4250,9.260000000000005,200.0,8.64,499.3561475276947,3.1044232845306396,7.704807758331299,510.16537857055664,False
TINYIMAGENET,resnet18,distance_cv_cover,5,distance_cv_cover_5_50b,complete,84,4300,9.340000000000003,132.0,8.989999999999995,501.2038195133209,3.088205337524414,7.9524853229522705,512.2445101737976,False
TINYIMAGENET,resnet18,distance_cv_cover,5,distance_cv_cover_5_50b,complete,85,4350,9.540000000000006,18.0,8.780000000000001,506.05972361564636,3.075310707092285,7.568705797195435,516.7037401199341,False
TINYIMAGENET,resnet18,distance_cv_cover,5,distance_cv_cover_5_50b,complete,86,4400,9.260000000000005,44.0,8.579999999999998,512.350367307663,3.115677833557129,8.053165197372437,523.5192103385925,False
TINYIMAGENET,resnet18,distance_cv_cover,5,distance_cv_cover_5_50b,complete,87,4450,9.379999999999995,158.0,8.530000000000001,515.1752088069916,3.102949380874634,7.58784818649292,525.8660063743591,False
TINYIMAGENET,resnet18,distance_cv_cover,5,distance_cv_cover_5_50b,complete,88,4500,9.319999999999993,162.0,8.730000000000004,516.1175060272217,3.167562246322632,7.78182053565979,527.0668888092041,False
TINYIMAGENET,resnet18,distance_cv_cover,5,distance_cv_cover_5_50b,complete,89,4550,9.579999999999998,6.0,8.569999999999993,531.5220499038696,3.086033344268799,7.335036277770996,541.9431195259094,False
TINYIMAGENET,resnet18,distance_cv_cover,5,distance_cv_cover_5_50b,complete,90,4600,9.14,62.0,9.0,521.9568719863892,3.113495349884033,7.381664514541626,532.4520318508148,False
TINYIMAGENET,resnet18,distance_cv_cover,5,distance_cv_cover_5_50b,complete,91,4650,9.200000000000003,122.0,8.519999999999996,529.7105267047882,3.126636505126953,7.422623634338379,540.2597868442535,False
TINYIMAGENET,resnet18,distance_cv_cover,5,distance_cv_cover_5_50b,complete,92,4700,9.659999999999997,18.0,8.530000000000001,528.4393730163574,3.1154046058654785,8.238524913787842,539.7933025360107,False
TINYIMAGENET,resnet18,distance_cv_cover,5,distance_cv_cover_5_50b,complete,93,4750,9.480000000000004,50.0,8.64,537.0265715122223,3.125831127166748,7.455440282821655,547.6078429222107,False
TINYIMAGENET,resnet18,distance_cv_cover,5,distance_cv_cover_5_50b,complete,94,4800,9.599999999999994,30.0,8.430000000000007,538.8458409309387,3.0715372562408447,7.320699214935303,549.2380774021149,False
TINYIMAGENET,resnet18,distance_cv_cover,5,distance_cv_cover_5_50b,complete,95,4850,9.719999999999999,198.0,8.590000000000003,554.2208726406097,3.932999849319458,7.794025182723999,565.9478976726532,False
TINYIMAGENET,resnet18,distance_cv_cover,5,distance_cv_cover_5_50b,complete,96,4900,9.540000000000006,154.0,8.64,547.4612634181976,3.1378068923950195,7.251431465148926,557.8505017757416,False
TINYIMAGENET,resnet18,distance_cv_cover,5,distance_cv_cover_5_50b,complete,97,4950,9.579999999999998,96.0,8.409999999999997,550.6222324371338,3.078840494155884,7.844512939453125,561.5455858707428,False
TINYIMAGENET,resnet18,distance_cv_cover,5,distance_cv_cover_5_50b,complete,98,5000,9.439999999999998,190.0,8.379999999999995,551.8699944019318,3.168182373046875,7.765085458755493,562.8032622337341,False
TINYIMAGENET,resnet18,distance_cv_cover,5,distance_cv_cover_5_50b,complete,99,5050,9.540000000000006,24.0,8.719999999999999,557.0979263782501,3.3240432739257812,7.0236852169036865,567.4456548690796,False
TINYIMAGENET,resnet18,distance_cv_cover,5,distance_cv_cover_5_50b,complete,100,5050,9.579999999999998,38.0,8.700000000000003,555.7258906364441,3.7426085472106934,0.0,559.4684991836548,False
