GPU 0: Tesla V100-SXM2-32GB (UUID: GPU-27b142da-be0c-2866-8707-b490b9354c0e)

==============NVSMI LOG==============

Timestamp                                 : Tue May 26 22:18:12 2026
Driver Version                            : 565.57.01
CUDA Version                              : 12.7

Attached GPUs                             : 1
GPU 00000000:18:00.0
    ECC Mode
        Current                           : Enabled
        Pending                           : Enabled
    ECC Errors
        Volatile
            Single Bit            
                Device Memory             : 0
                Register File             : 0
                L1 Cache                  : 0
                L2 Cache                  : 0
                Texture Memory            : N/A
                Texture Shared            : N/A
                CBU                       : N/A
                Total                     : 0
            Double Bit            
                Device Memory             : 0
                Register File             : 0
                L1 Cache                  : 0
                L2 Cache                  : 0
                Texture Memory            : N/A
                Texture Shared            : N/A
                CBU                       : 0
                Total                     : 0
        Aggregate
            Single Bit            
                Device Memory             : 0
                Register File             : 0
                L1 Cache                  : 0
                L2 Cache                  : 0
                Texture Memory            : N/A
                Texture Shared            : N/A
                CBU                       : N/A
                Total                     : 0
            Double Bit            
                Device Memory             : 0
                Register File             : 0
                L1 Cache                  : 0
                L2 Cache                  : 0
                Texture Memory            : N/A
                Texture Shared            : N/A
                CBU                       : 0
                Total                     : 0

Experiment Directory Already Exists: /vast/s219110279/TypiClust/output/CIFAR10/resnet50/margin_1_50b. Reusing it may lead to loss of old logs in the directory.


======== PREPARING DATA AND MODEL ========

Preprocess Operations Selected ==>  [RandomCrop(size=(32, 32), padding=4), RandomHorizontalFlip(p=0.5), ToTensor(), Normalize(mean=[0.4914, 0.4822, 0.4465], std=[0.247, 0.2435, 0.2616])]
Files already downloaded and verified
Files already downloaded and verified

Dataset CIFAR10 Loaded Sucessfully.
Total Train Size: 50000 and Total Test Size: 10000

Data Partitioning Complete. 
Labeled Set: 50, Unlabeled Set: 44950, Validation Set: 5000

model: resnet50

optimizer: SGD (
Parameter Group 0
    dampening: 0.0
    differentiable: False
    foreach: None
    lr: 0.025
    maximize: False
    momentum: 0.9
    nesterov: True
    weight_decay: 0.0003
)

AL Query Method: margin
Max AL Episodes: 100

======== EPISODE 0 BEGINS ========

======== TRAINING ========
Training Epoch: 1/200	Train Loss: 2.5085	Val Accuracy: 0.0
Training Epoch: 2/200	Train Loss: 5.2098	Val Accuracy: 9.74
Training Epoch: 3/200	Train Loss: 11.2798	Val Accuracy: 9.74
Training Epoch: 4/200	Train Loss: 16.5288	Val Accuracy: 10.22
Training Epoch: 5/200	Train Loss: 13.1597	Val Accuracy: 10.22
Training Epoch: 6/200	Train Loss: 10.6182	Val Accuracy: 9.56
Training Epoch: 7/200	Train Loss: 4.9974	Val Accuracy: 9.56
Training Epoch: 8/200	Train Loss: 4.1106	Val Accuracy: 9.56
Training Epoch: 9/200	Train Loss: 3.4899	Val Accuracy: 9.56
Training Epoch: 10/200	Train Loss: 3.1419	Val Accuracy: 9.56
Training Epoch: 11/200	Train Loss: 2.8247	Val Accuracy: 9.56
Training Epoch: 12/200	Train Loss: 2.6729	Val Accuracy: 9.56
Training Epoch: 13/200	Train Loss: 2.5349	Val Accuracy: 9.56
Training Epoch: 14/200	Train Loss: 2.4252	Val Accuracy: 9.56
Training Epoch: 15/200	Train Loss: 2.3253	Val Accuracy: 9.56
Training Epoch: 16/200	Train Loss: 2.3082	Val Accuracy: 9.56
Training Epoch: 17/200	Train Loss: 2.2407	Val Accuracy: 9.56
Training Epoch: 18/200	Train Loss: 2.2028	Val Accuracy: 9.56
Training Epoch: 19/200	Train Loss: 2.2003	Val Accuracy: 9.56
Training Epoch: 20/200	Train Loss: 2.1997	Val Accuracy: 9.64
Training Epoch: 21/200	Train Loss: 2.2246	Val Accuracy: 9.64
Training Epoch: 22/200	Train Loss: 2.1916	Val Accuracy: 9.6
Training Epoch: 23/200	Train Loss: 2.1999	Val Accuracy: 9.6
Training Epoch: 24/200	Train Loss: 2.2244	Val Accuracy: 9.6
Training Epoch: 25/200	Train Loss: 2.2233	Val Accuracy: 9.6
Training Epoch: 26/200	Train Loss: 2.2165	Val Accuracy: 9.74
Training Epoch: 27/200	Train Loss: 2.1958	Val Accuracy: 9.74
Training Epoch: 28/200	Train Loss: 2.1687	Val Accuracy: 9.56
Training Epoch: 29/200	Train Loss: 2.1392	Val Accuracy: 9.56
Training Epoch: 30/200	Train Loss: 2.1617	Val Accuracy: 9.8
Training Epoch: 31/200	Train Loss: 2.1549	Val Accuracy: 9.8
Training Epoch: 32/200	Train Loss: 2.19	Val Accuracy: 9.7
Training Epoch: 33/200	Train Loss: 2.1669	Val Accuracy: 9.7
Training Epoch: 34/200	Train Loss: 2.1547	Val Accuracy: 9.46
Training Epoch: 35/200	Train Loss: 2.1557	Val Accuracy: 9.46
Training Epoch: 36/200	Train Loss: 2.1169	Val Accuracy: 9.08
Training Epoch: 37/200	Train Loss: 2.1597	Val Accuracy: 9.08
Training Epoch: 38/200	Train Loss: 2.1423	Val Accuracy: 9.42
Training Epoch: 39/200	Train Loss: 2.1567	Val Accuracy: 9.42
Training Epoch: 40/200	Train Loss: 2.1086	Val Accuracy: 10.12
Training Epoch: 41/200	Train Loss: 2.134	Val Accuracy: 10.12
Training Epoch: 42/200	Train Loss: 2.1272	Val Accuracy: 11.58
Training Epoch: 43/200	Train Loss: 2.1023	Val Accuracy: 11.58
Training Epoch: 44/200	Train Loss: 2.1092	Val Accuracy: 11.78
Training Epoch: 45/200	Train Loss: 2.1087	Val Accuracy: 11.78
Training Epoch: 46/200	Train Loss: 2.1123	Val Accuracy: 10.92
Training Epoch: 47/200	Train Loss: 2.1121	Val Accuracy: 10.92
Training Epoch: 48/200	Train Loss: 2.1081	Val Accuracy: 10.14
Training Epoch: 49/200	Train Loss: 2.0941	Val Accuracy: 10.14
Training Epoch: 50/200	Train Loss: 2.1058	Val Accuracy: 9.3
Training Epoch: 51/200	Train Loss: 2.0393	Val Accuracy: 9.3
Training Epoch: 52/200	Train Loss: 2.1132	Val Accuracy: 9.08
Training Epoch: 53/200	Train Loss: 2.0578	Val Accuracy: 9.08
Training Epoch: 54/200	Train Loss: 2.1036	Val Accuracy: 8.66
Training Epoch: 55/200	Train Loss: 2.0559	Val Accuracy: 8.66
Training Epoch: 56/200	Train Loss: 2.0748	Val Accuracy: 9.2
Training Epoch: 57/200	Train Loss: 2.0371	Val Accuracy: 9.2
Training Epoch: 58/200	Train Loss: 2.0381	Val Accuracy: 9.52
Training Epoch: 59/200	Train Loss: 2.0183	Val Accuracy: 9.52
Training Epoch: 60/200	Train Loss: 2.0109	Val Accuracy: 9.48
Training Epoch: 61/200	Train Loss: 2.0152	Val Accuracy: 9.48
Training Epoch: 62/200	Train Loss: 1.9941	Val Accuracy: 9.46
Training Epoch: 63/200	Train Loss: 1.9872	Val Accuracy: 9.46
Training Epoch: 64/200	Train Loss: 1.9652	Val Accuracy: 9.9
Training Epoch: 65/200	Train Loss: 1.9551	Val Accuracy: 9.9
Training Epoch: 66/200	Train Loss: 1.96	Val Accuracy: 10.88
Training Epoch: 67/200	Train Loss: 1.9455	Val Accuracy: 10.88
Training Epoch: 68/200	Train Loss: 1.9608	Val Accuracy: 11.48
Training Epoch: 69/200	Train Loss: 1.903	Val Accuracy: 11.48
Training Epoch: 70/200	Train Loss: 1.9397	Val Accuracy: 11.98
Training Epoch: 71/200	Train Loss: 1.8766	Val Accuracy: 11.98
Training Epoch: 72/200	Train Loss: 1.9337	Val Accuracy: 12.7
Training Epoch: 73/200	Train Loss: 1.8971	Val Accuracy: 12.7
Training Epoch: 74/200	Train Loss: 1.8827	Val Accuracy: 13.52
Training Epoch: 75/200	Train Loss: 1.8787	Val Accuracy: 13.52
Training Epoch: 76/200	Train Loss: 1.9199	Val Accuracy: 14.06
Training Epoch: 77/200	Train Loss: 1.8462	Val Accuracy: 14.06
Training Epoch: 78/200	Train Loss: 1.8171	Val Accuracy: 14.62
Training Epoch: 79/200	Train Loss: 1.8077	Val Accuracy: 14.62
Training Epoch: 80/200	Train Loss: 1.7839	Val Accuracy: 14.42
Training Epoch: 81/200	Train Loss: 1.817	Val Accuracy: 14.42
Training Epoch: 82/200	Train Loss: 1.7337	Val Accuracy: 14.96
Training Epoch: 83/200	Train Loss: 1.6947	Val Accuracy: 14.96
Training Epoch: 84/200	Train Loss: 1.7032	Val Accuracy: 14.66
Training Epoch: 85/200	Train Loss: 1.6783	Val Accuracy: 14.66
Training Epoch: 86/200	Train Loss: 1.6859	Val Accuracy: 15.38
Training Epoch: 87/200	Train Loss: 1.6658	Val Accuracy: 15.38
Training Epoch: 88/200	Train Loss: 1.6674	Val Accuracy: 14.92
Training Epoch: 89/200	Train Loss: 1.5769	Val Accuracy: 14.92
Training Epoch: 90/200	Train Loss: 1.6339	Val Accuracy: 15.58
Training Epoch: 91/200	Train Loss: 1.5622	Val Accuracy: 15.58
Training Epoch: 92/200	Train Loss: 1.5206	Val Accuracy: 15.72
Training Epoch: 93/200	Train Loss: 1.4743	Val Accuracy: 15.72
Training Epoch: 94/200	Train Loss: 1.4973	Val Accuracy: 16.1
Training Epoch: 95/200	Train Loss: 1.4783	Val Accuracy: 16.1
Training Epoch: 96/200	Train Loss: 1.4337	Val Accuracy: 16.14
Training Epoch: 97/200	Train Loss: 1.4291	Val Accuracy: 16.14
Training Epoch: 98/200	Train Loss: 1.3611	Val Accuracy: 16.36
Training Epoch: 99/200	Train Loss: 1.3344	Val Accuracy: 16.36
Training Epoch: 100/200	Train Loss: 1.3974	Val Accuracy: 16.58
Training Epoch: 101/200	Train Loss: 1.2656	Val Accuracy: 16.58
Training Epoch: 102/200	Train Loss: 1.2903	Val Accuracy: 16.98
Training Epoch: 103/200	Train Loss: 1.2995	Val Accuracy: 16.98
Training Epoch: 104/200	Train Loss: 1.2531	Val Accuracy: 16.72
Training Epoch: 105/200	Train Loss: 1.2593	Val Accuracy: 16.72
Training Epoch: 106/200	Train Loss: 1.2222	Val Accuracy: 17.18
Training Epoch: 107/200	Train Loss: 1.1746	Val Accuracy: 17.18
Training Epoch: 108/200	Train Loss: 1.1497	Val Accuracy: 17.42
Training Epoch: 109/200	Train Loss: 1.1414	Val Accuracy: 17.42
Training Epoch: 110/200	Train Loss: 1.111	Val Accuracy: 17.74
Training Epoch: 111/200	Train Loss: 1.0784	Val Accuracy: 17.74
Training Epoch: 112/200	Train Loss: 1.107	Val Accuracy: 16.36
Training Epoch: 113/200	Train Loss: 1.0271	Val Accuracy: 16.36
Training Epoch: 114/200	Train Loss: 0.9831	Val Accuracy: 18.04
Training Epoch: 115/200	Train Loss: 0.9768	Val Accuracy: 18.04
Training Epoch: 116/200	Train Loss: 0.9417	Val Accuracy: 18.26
Training Epoch: 117/200	Train Loss: 0.9465	Val Accuracy: 18.26
Training Epoch: 118/200	Train Loss: 0.8806	Val Accuracy: 18.28
Training Epoch: 119/200	Train Loss: 0.8413	Val Accuracy: 18.28
Training Epoch: 120/200	Train Loss: 0.8837	Val Accuracy: 17.8
Training Epoch: 121/200	Train Loss: 0.8146	Val Accuracy: 17.8
Training Epoch: 122/200	Train Loss: 0.7518	Val Accuracy: 18.28
Training Epoch: 123/200	Train Loss: 0.7748	Val Accuracy: 18.28
Training Epoch: 124/200	Train Loss: 0.6857	Val Accuracy: 18.28
Training Epoch: 125/200	Train Loss: 0.6751	Val Accuracy: 18.28
Training Epoch: 126/200	Train Loss: 0.7271	Val Accuracy: 18.8
Training Epoch: 127/200	Train Loss: 0.6949	Val Accuracy: 18.8
Training Epoch: 128/200	Train Loss: 0.6385	Val Accuracy: 18.96
Training Epoch: 129/200	Train Loss: 0.6106	Val Accuracy: 18.96
Training Epoch: 130/200	Train Loss: 0.5789	Val Accuracy: 18.12
Training Epoch: 131/200	Train Loss: 0.5748	Val Accuracy: 18.12
Training Epoch: 132/200	Train Loss: 0.5143	Val Accuracy: 17.68
Training Epoch: 133/200	Train Loss: 0.533	Val Accuracy: 17.68
Training Epoch: 134/200	Train Loss: 0.4765	Val Accuracy: 17.84
Training Epoch: 135/200	Train Loss: 0.4568	Val Accuracy: 17.84
Training Epoch: 136/200	Train Loss: 0.4538	Val Accuracy: 18.68
Training Epoch: 137/200	Train Loss: 0.5195	Val Accuracy: 18.68
Training Epoch: 138/200	Train Loss: 0.4354	Val Accuracy: 18.1
Training Epoch: 139/200	Train Loss: 0.4514	Val Accuracy: 18.1
Training Epoch: 140/200	Train Loss: 0.4186	Val Accuracy: 18.0
Training Epoch: 141/200	Train Loss: 0.455	Val Accuracy: 18.0
Training Epoch: 142/200	Train Loss: 0.3866	Val Accuracy: 18.12
Training Epoch: 143/200	Train Loss: 0.3853	Val Accuracy: 18.12
Training Epoch: 144/200	Train Loss: 0.3584	Val Accuracy: 17.64
Training Epoch: 145/200	Train Loss: 0.4045	Val Accuracy: 17.64
Training Epoch: 146/200	Train Loss: 0.3507	Val Accuracy: 18.5
Training Epoch: 147/200	Train Loss: 0.3749	Val Accuracy: 18.5
Training Epoch: 148/200	Train Loss: 0.3042	Val Accuracy: 18.16
Training Epoch: 149/200	Train Loss: 0.3253	Val Accuracy: 18.16
Training Epoch: 150/200	Train Loss: 0.3627	Val Accuracy: 17.74
Training Epoch: 151/200	Train Loss: 0.2769	Val Accuracy: 17.74
Training Epoch: 152/200	Train Loss: 0.2684	Val Accuracy: 18.16
Training Epoch: 153/200	Train Loss: 0.2656	Val Accuracy: 18.16
Training Epoch: 154/200	Train Loss: 0.2531	Val Accuracy: 18.0
Training Epoch: 155/200	Train Loss: 0.2688	Val Accuracy: 18.0
Training Epoch: 156/200	Train Loss: 0.2879	Val Accuracy: 17.88
Training Epoch: 157/200	Train Loss: 0.2292	Val Accuracy: 17.88
Training Epoch: 158/200	Train Loss: 0.205	Val Accuracy: 18.7
Training Epoch: 159/200	Train Loss: 0.2059	Val Accuracy: 18.7
Training Epoch: 160/200	Train Loss: 0.2185	Val Accuracy: 17.98
Training Epoch: 161/200	Train Loss: 0.2288	Val Accuracy: 17.98
Training Epoch: 162/200	Train Loss: 0.1431	Val Accuracy: 17.96
Training Epoch: 163/200	Train Loss: 0.1644	Val Accuracy: 17.96
Training Epoch: 164/200	Train Loss: 0.1562	Val Accuracy: 17.94
Training Epoch: 165/200	Train Loss: 0.1595	Val Accuracy: 17.94
Training Epoch: 166/200	Train Loss: 0.1647	Val Accuracy: 18.0
Training Epoch: 167/200	Train Loss: 0.195	Val Accuracy: 18.0
Training Epoch: 168/200	Train Loss: 0.1831	Val Accuracy: 17.48
Training Epoch: 169/200	Train Loss: 0.1317	Val Accuracy: 17.48
Training Epoch: 170/200	Train Loss: 0.1822	Val Accuracy: 17.44
Training Epoch: 171/200	Train Loss: 0.1486	Val Accuracy: 17.44
Training Epoch: 172/200	Train Loss: 0.1715	Val Accuracy: 18.54
Training Epoch: 173/200	Train Loss: 0.1488	Val Accuracy: 18.54
Training Epoch: 174/200	Train Loss: 0.2068	Val Accuracy: 17.54
Training Epoch: 175/200	Train Loss: 0.169	Val Accuracy: 17.54
Training Epoch: 176/200	Train Loss: 0.1337	Val Accuracy: 17.66
Training Epoch: 177/200	Train Loss: 0.16	Val Accuracy: 17.66
Training Epoch: 178/200	Train Loss: 0.1592	Val Accuracy: 18.46
Training Epoch: 179/200	Train Loss: 0.1494	Val Accuracy: 18.46
Training Epoch: 180/200	Train Loss: 0.1656	Val Accuracy: 18.04
Training Epoch: 181/200	Train Loss: 0.1359	Val Accuracy: 18.04
Training Epoch: 182/200	Train Loss: 0.1455	Val Accuracy: 18.08
Training Epoch: 183/200	Train Loss: 0.1584	Val Accuracy: 18.08
Training Epoch: 184/200	Train Loss: 0.1572	Val Accuracy: 18.32
Training Epoch: 185/200	Train Loss: 0.1329	Val Accuracy: 18.32
Training Epoch: 186/200	Train Loss: 0.1448	Val Accuracy: 17.66
Training Epoch: 187/200	Train Loss: 0.1363	Val Accuracy: 17.66
Training Epoch: 188/200	Train Loss: 0.1226	Val Accuracy: 17.82
Training Epoch: 189/200	Train Loss: 0.1299	Val Accuracy: 17.82
Training Epoch: 190/200	Train Loss: 0.1338	Val Accuracy: 18.04
Training Epoch: 191/200	Train Loss: 0.1292	Val Accuracy: 18.04
Training Epoch: 192/200	Train Loss: 0.1236	Val Accuracy: 18.08
Training Epoch: 193/200	Train Loss: 0.1104	Val Accuracy: 18.08
Training Epoch: 194/200	Train Loss: 0.1438	Val Accuracy: 18.0
Training Epoch: 195/200	Train Loss: 0.1326	Val Accuracy: 18.0
Training Epoch: 196/200	Train Loss: 0.1347	Val Accuracy: 17.68
Training Epoch: 197/200	Train Loss: 0.1249	Val Accuracy: 17.68
Training Epoch: 198/200	Train Loss: 0.1515	Val Accuracy: 18.06
Training Epoch: 199/200	Train Loss: 0.1374	Val Accuracy: 18.06
Training Epoch: 200/200	Train Loss: 0.143	Val Accuracy: 17.14

Wrote Best Model Checkpoint to: vlBest_acc_18_model_epoch_0128.pyth

Best Validation Accuracy: 18.96
Best Epoch: 128

======== TESTING ========

Test Accuracy: 17.79.

======== ACTIVE SAMPLING ========

len(uSetLoader): 450
u_ranks.shape: (44950,)
Active Sampling Complete. After Episode 0:
New Labeled Set: 100, New Unlabeled Set: 44900, Active Set: 50

================================


Current accuracy values:  [17.790000000000006]
Starting model from scratch - ignoring existing weights.
<All keys matched successfully>
None
======== EPISODE 1 BEGINS ========

======== TRAINING ========
Training Epoch: 1/200	Train Loss: 2.6132	Val Accuracy: 0.0
Training Epoch: 2/200	Train Loss: 4.8575	Val Accuracy: 9.56
Training Epoch: 3/200	Train Loss: 9.3898	Val Accuracy: 9.56
Training Epoch: 4/200	Train Loss: 13.6555	Val Accuracy: 9.88
Training Epoch: 5/200	Train Loss: 13.861	Val Accuracy: 9.88
Training Epoch: 6/200	Train Loss: 11.7861	Val Accuracy: 9.92
Training Epoch: 7/200	Train Loss: 7.7659	Val Accuracy: 9.92
Training Epoch: 8/200	Train Loss: 3.8492	Val Accuracy: 9.56
Training Epoch: 9/200	Train Loss: 3.4227	Val Accuracy: 9.56
Training Epoch: 10/200	Train Loss: 3.743	Val Accuracy: 9.56
Training Epoch: 11/200	Train Loss: 2.8307	Val Accuracy: 9.56
Training Epoch: 12/200	Train Loss: 2.3719	Val Accuracy: 9.56
Training Epoch: 13/200	Train Loss: 2.3013	Val Accuracy: 9.56
Training Epoch: 14/200	Train Loss: 2.3273	Val Accuracy: 9.56
Training Epoch: 15/200	Train Loss: 2.216	Val Accuracy: 9.56
Training Epoch: 16/200	Train Loss: 2.2081	Val Accuracy: 9.44
Training Epoch: 17/200	Train Loss: 2.2694	Val Accuracy: 9.44
Training Epoch: 18/200	Train Loss: 2.279	Val Accuracy: 9.88
Training Epoch: 19/200	Train Loss: 2.2019	Val Accuracy: 9.88
Training Epoch: 20/200	Train Loss: 2.1936	Val Accuracy: 10.24
Training Epoch: 21/200	Train Loss: 2.1676	Val Accuracy: 10.24
Training Epoch: 22/200	Train Loss: 2.1229	Val Accuracy: 9.72
Training Epoch: 23/200	Train Loss: 2.1046	Val Accuracy: 9.72
Training Epoch: 24/200	Train Loss: 2.3192	Val Accuracy: 10.74
Training Epoch: 25/200	Train Loss: 2.1019	Val Accuracy: 10.74
Training Epoch: 26/200	Train Loss: 2.0969	Val Accuracy: 10.78
Training Epoch: 27/200	Train Loss: 2.1672	Val Accuracy: 10.78
Training Epoch: 28/200	Train Loss: 2.1159	Val Accuracy: 10.24
Training Epoch: 29/200	Train Loss: 2.0911	Val Accuracy: 10.24
Training Epoch: 30/200	Train Loss: 2.0249	Val Accuracy: 10.78
Training Epoch: 31/200	Train Loss: 2.0604	Val Accuracy: 10.78
Training Epoch: 32/200	Train Loss: 2.0871	Val Accuracy: 10.98
Training Epoch: 33/200	Train Loss: 2.0758	Val Accuracy: 10.98
Training Epoch: 34/200	Train Loss: 2.0966	Val Accuracy: 11.92
Training Epoch: 35/200	Train Loss: 2.0331	Val Accuracy: 11.92
Training Epoch: 36/200	Train Loss: 1.9852	Val Accuracy: 12.76
Training Epoch: 37/200	Train Loss: 1.9374	Val Accuracy: 12.76
Training Epoch: 38/200	Train Loss: 1.9768	Val Accuracy: 14.02
Training Epoch: 39/200	Train Loss: 1.9216	Val Accuracy: 14.02
Training Epoch: 40/200	Train Loss: 1.9564	Val Accuracy: 14.64
Training Epoch: 41/200	Train Loss: 1.9934	Val Accuracy: 14.64
Training Epoch: 42/200	Train Loss: 1.9064	Val Accuracy: 15.42
Training Epoch: 43/200	Train Loss: 1.8642	Val Accuracy: 15.42
Training Epoch: 44/200	Train Loss: 1.847	Val Accuracy: 15.24
Training Epoch: 45/200	Train Loss: 1.7894	Val Accuracy: 15.24
Training Epoch: 46/200	Train Loss: 1.8082	Val Accuracy: 16.08
Training Epoch: 47/200	Train Loss: 1.7813	Val Accuracy: 16.08
Training Epoch: 48/200	Train Loss: 1.7095	Val Accuracy: 16.8
Training Epoch: 49/200	Train Loss: 1.7577	Val Accuracy: 16.8
Training Epoch: 50/200	Train Loss: 1.7005	Val Accuracy: 17.68
Training Epoch: 51/200	Train Loss: 1.682	Val Accuracy: 17.68
Training Epoch: 52/200	Train Loss: 1.7238	Val Accuracy: 17.56
Training Epoch: 53/200	Train Loss: 1.6159	Val Accuracy: 17.56
Training Epoch: 54/200	Train Loss: 1.6595	Val Accuracy: 18.48
Training Epoch: 55/200	Train Loss: 1.6218	Val Accuracy: 18.48
Training Epoch: 56/200	Train Loss: 1.6183	Val Accuracy: 18.06
Training Epoch: 57/200	Train Loss: 1.5323	Val Accuracy: 18.06
Training Epoch: 58/200	Train Loss: 1.5076	Val Accuracy: 18.68
Training Epoch: 59/200	Train Loss: 1.4416	Val Accuracy: 18.68
Training Epoch: 60/200	Train Loss: 1.4636	Val Accuracy: 18.42
Training Epoch: 61/200	Train Loss: 1.3832	Val Accuracy: 18.42
Training Epoch: 62/200	Train Loss: 1.3231	Val Accuracy: 19.14
Training Epoch: 63/200	Train Loss: 1.2941	Val Accuracy: 19.14
Training Epoch: 64/200	Train Loss: 1.2005	Val Accuracy: 19.56
Training Epoch: 65/200	Train Loss: 1.1337	Val Accuracy: 19.56
Training Epoch: 66/200	Train Loss: 1.149	Val Accuracy: 20.04
Training Epoch: 67/200	Train Loss: 1.1388	Val Accuracy: 20.04
Training Epoch: 68/200	Train Loss: 1.1541	Val Accuracy: 20.26
Training Epoch: 69/200	Train Loss: 1.0303	Val Accuracy: 20.26
Training Epoch: 70/200	Train Loss: 1.0345	Val Accuracy: 20.24
Training Epoch: 71/200	Train Loss: 1.0081	Val Accuracy: 20.24
Training Epoch: 72/200	Train Loss: 1.0128	Val Accuracy: 21.16
Training Epoch: 73/200	Train Loss: 0.8609	Val Accuracy: 21.16
Training Epoch: 74/200	Train Loss: 1.0024	Val Accuracy: 21.8
Training Epoch: 75/200	Train Loss: 0.847	Val Accuracy: 21.8
Training Epoch: 76/200	Train Loss: 0.787	Val Accuracy: 22.04
Training Epoch: 77/200	Train Loss: 0.6652	Val Accuracy: 22.04
Training Epoch: 78/200	Train Loss: 0.7148	Val Accuracy: 22.38
Training Epoch: 79/200	Train Loss: 0.6733	Val Accuracy: 22.38
Training Epoch: 80/200	Train Loss: 0.6384	Val Accuracy: 22.0
Training Epoch: 81/200	Train Loss: 0.6382	Val Accuracy: 22.0
Training Epoch: 82/200	Train Loss: 0.6128	Val Accuracy: 21.74
Training Epoch: 83/200	Train Loss: 0.594	Val Accuracy: 21.74
Training Epoch: 84/200	Train Loss: 0.5232	Val Accuracy: 22.22
Training Epoch: 85/200	Train Loss: 0.4287	Val Accuracy: 22.22
Training Epoch: 86/200	Train Loss: 0.5112	Val Accuracy: 22.28
Training Epoch: 87/200	Train Loss: 0.4483	Val Accuracy: 22.28
Training Epoch: 88/200	Train Loss: 0.3588	Val Accuracy: 21.44
Training Epoch: 89/200	Train Loss: 0.3529	Val Accuracy: 21.44
Training Epoch: 90/200	Train Loss: 0.4187	Val Accuracy: 21.12
Training Epoch: 91/200	Train Loss: 0.3998	Val Accuracy: 21.12
Training Epoch: 92/200	Train Loss: 0.3781	Val Accuracy: 21.48
Training Epoch: 93/200	Train Loss: 0.2678	Val Accuracy: 21.48
Training Epoch: 94/200	Train Loss: 0.3503	Val Accuracy: 21.7
Training Epoch: 95/200	Train Loss: 0.2944	Val Accuracy: 21.7
Training Epoch: 96/200	Train Loss: 0.2553	Val Accuracy: 21.5
Training Epoch: 97/200	Train Loss: 0.2399	Val Accuracy: 21.5
Training Epoch: 98/200	Train Loss: 0.2798	Val Accuracy: 20.92
Training Epoch: 99/200	Train Loss: 0.2848	Val Accuracy: 20.92
Training Epoch: 100/200	Train Loss: 0.2329	Val Accuracy: 20.74
Training Epoch: 101/200	Train Loss: 0.2242	Val Accuracy: 20.74
Training Epoch: 102/200	Train Loss: 0.2008	Val Accuracy: 21.34
Training Epoch: 103/200	Train Loss: 0.1941	Val Accuracy: 21.34
Training Epoch: 104/200	Train Loss: 0.1452	Val Accuracy: 21.4
Training Epoch: 105/200	Train Loss: 0.1092	Val Accuracy: 21.4
Training Epoch: 106/200	Train Loss: 0.1172	Val Accuracy: 21.14
Training Epoch: 107/200	Train Loss: 0.2027	Val Accuracy: 21.14
Training Epoch: 108/200	Train Loss: 0.1291	Val Accuracy: 20.78
Training Epoch: 109/200	Train Loss: 0.1069	Val Accuracy: 20.78
Training Epoch: 110/200	Train Loss: 0.1242	Val Accuracy: 20.62
Training Epoch: 111/200	Train Loss: 0.1067	Val Accuracy: 20.62
Training Epoch: 112/200	Train Loss: 0.0668	Val Accuracy: 21.68
Training Epoch: 113/200	Train Loss: 0.1413	Val Accuracy: 21.68
Training Epoch: 114/200	Train Loss: 0.0725	Val Accuracy: 21.38
Training Epoch: 115/200	Train Loss: 0.0433	Val Accuracy: 21.38
Training Epoch: 116/200	Train Loss: 0.0627	Val Accuracy: 20.94
Training Epoch: 117/200	Train Loss: 0.0506	Val Accuracy: 20.94
Training Epoch: 118/200	Train Loss: 0.0546	Val Accuracy: 20.8
Training Epoch: 119/200	Train Loss: 0.0649	Val Accuracy: 20.8
Training Epoch: 120/200	Train Loss: 0.1002	Val Accuracy: 21.86
Training Epoch: 121/200	Train Loss: 0.0817	Val Accuracy: 21.86
Training Epoch: 122/200	Train Loss: 0.0449	Val Accuracy: 21.0
Training Epoch: 123/200	Train Loss: 0.0431	Val Accuracy: 21.0
Training Epoch: 124/200	Train Loss: 0.043	Val Accuracy: 21.44
Training Epoch: 125/200	Train Loss: 0.0467	Val Accuracy: 21.44
Training Epoch: 126/200	Train Loss: 0.0577	Val Accuracy: 21.76
Training Epoch: 127/200	Train Loss: 0.028	Val Accuracy: 21.76
Training Epoch: 128/200	Train Loss: 0.0388	Val Accuracy: 21.0
Training Epoch: 129/200	Train Loss: 0.0787	Val Accuracy: 21.0
Training Epoch: 130/200	Train Loss: 0.0291	Val Accuracy: 21.68
Training Epoch: 131/200	Train Loss: 0.056	Val Accuracy: 21.68
Training Epoch: 132/200	Train Loss: 0.0303	Val Accuracy: 21.92
Training Epoch: 133/200	Train Loss: 0.0416	Val Accuracy: 21.92
Training Epoch: 134/200	Train Loss: 0.0307	Val Accuracy: 22.24
Training Epoch: 135/200	Train Loss: 0.0289	Val Accuracy: 22.24
Training Epoch: 136/200	Train Loss: 0.0244	Val Accuracy: 22.0
Training Epoch: 137/200	Train Loss: 0.0551	Val Accuracy: 22.0
Training Epoch: 138/200	Train Loss: 0.0342	Val Accuracy: 21.82
Training Epoch: 139/200	Train Loss: 0.0257	Val Accuracy: 21.82
Training Epoch: 140/200	Train Loss: 0.085	Val Accuracy: 21.8
Training Epoch: 141/200	Train Loss: 0.0554	Val Accuracy: 21.8
Training Epoch: 142/200	Train Loss: 0.032	Val Accuracy: 22.22
Training Epoch: 143/200	Train Loss: 0.0252	Val Accuracy: 22.22
Training Epoch: 144/200	Train Loss: 0.0672	Val Accuracy: 21.78
Training Epoch: 145/200	Train Loss: 0.0135	Val Accuracy: 21.78
Training Epoch: 146/200	Train Loss: 0.9462	Val Accuracy: 21.94
Training Epoch: 147/200	Train Loss: 0.1012	Val Accuracy: 21.94
Training Epoch: 148/200	Train Loss: 0.0432	Val Accuracy: 21.5
Training Epoch: 149/200	Train Loss: 0.0508	Val Accuracy: 21.5
Training Epoch: 150/200	Train Loss: 0.0488	Val Accuracy: 21.06
Training Epoch: 151/200	Train Loss: 0.0524	Val Accuracy: 21.06
Training Epoch: 152/200	Train Loss: 0.0697	Val Accuracy: 21.48
Training Epoch: 153/200	Train Loss: 0.0403	Val Accuracy: 21.48
Training Epoch: 154/200	Train Loss: 0.0429	Val Accuracy: 20.86
Training Epoch: 155/200	Train Loss: 0.0245	Val Accuracy: 20.86
Training Epoch: 156/200	Train Loss: 0.0519	Val Accuracy: 21.38
Training Epoch: 157/200	Train Loss: 0.0643	Val Accuracy: 21.38
Training Epoch: 158/200	Train Loss: 0.0333	Val Accuracy: 21.08
Training Epoch: 159/200	Train Loss: 0.0299	Val Accuracy: 21.08
Training Epoch: 160/200	Train Loss: 0.0298	Val Accuracy: 20.8
Training Epoch: 161/200	Train Loss: 0.0383	Val Accuracy: 20.8
Training Epoch: 162/200	Train Loss: 0.0224	Val Accuracy: 20.66
Training Epoch: 163/200	Train Loss: 0.0294	Val Accuracy: 20.66
Training Epoch: 164/200	Train Loss: 0.0209	Val Accuracy: 21.46
Training Epoch: 165/200	Train Loss: 0.0547	Val Accuracy: 21.46
Training Epoch: 166/200	Train Loss: 0.0527	Val Accuracy: 21.16
Training Epoch: 167/200	Train Loss: 0.0236	Val Accuracy: 21.16
Training Epoch: 168/200	Train Loss: 0.0345	Val Accuracy: 21.28
Training Epoch: 169/200	Train Loss: 0.0172	Val Accuracy: 21.28
Training Epoch: 170/200	Train Loss: 0.0191	Val Accuracy: 21.68
Training Epoch: 171/200	Train Loss: 0.0528	Val Accuracy: 21.68
Training Epoch: 172/200	Train Loss: 0.022	Val Accuracy: 21.42
Training Epoch: 173/200	Train Loss: 0.1878	Val Accuracy: 21.42
Training Epoch: 174/200	Train Loss: 0.0322	Val Accuracy: 21.0
Training Epoch: 175/200	Train Loss: 0.0316	Val Accuracy: 21.0
Training Epoch: 176/200	Train Loss: 0.0379	Val Accuracy: 21.44
Training Epoch: 177/200	Train Loss: 0.0196	Val Accuracy: 21.44
Training Epoch: 178/200	Train Loss: 0.0229	Val Accuracy: 21.98
Training Epoch: 179/200	Train Loss: 0.0178	Val Accuracy: 21.98
Training Epoch: 180/200	Train Loss: 0.0215	Val Accuracy: 22.18
Training Epoch: 181/200	Train Loss: 0.0181	Val Accuracy: 22.18
Training Epoch: 182/200	Train Loss: 0.0197	Val Accuracy: 21.34
Training Epoch: 183/200	Train Loss: 0.0206	Val Accuracy: 21.34
Training Epoch: 184/200	Train Loss: 0.0203	Val Accuracy: 21.24
Training Epoch: 185/200	Train Loss: 0.0158	Val Accuracy: 21.24
Training Epoch: 186/200	Train Loss: 0.0157	Val Accuracy: 21.34
Training Epoch: 187/200	Train Loss: 0.0145	Val Accuracy: 21.34
Training Epoch: 188/200	Train Loss: 0.0151	Val Accuracy: 21.5
Training Epoch: 189/200	Train Loss: 0.0271	Val Accuracy: 21.5
Training Epoch: 190/200	Train Loss: 0.02	Val Accuracy: 21.32
Training Epoch: 191/200	Train Loss: 0.0225	Val Accuracy: 21.32
Training Epoch: 192/200	Train Loss: 0.0236	Val Accuracy: 21.7
Training Epoch: 193/200	Train Loss: 0.0254	Val Accuracy: 21.7
Training Epoch: 194/200	Train Loss: 0.0207	Val Accuracy: 21.84
Training Epoch: 195/200	Train Loss: 0.0179	Val Accuracy: 21.84
Training Epoch: 196/200	Train Loss: 0.024	Val Accuracy: 21.42
Training Epoch: 197/200	Train Loss: 0.0208	Val Accuracy: 21.42
Training Epoch: 198/200	Train Loss: 0.0176	Val Accuracy: 21.58
Training Epoch: 199/200	Train Loss: 0.0172	Val Accuracy: 21.58
Training Epoch: 200/200	Train Loss: 0.0155	Val Accuracy: 21.12

Wrote Best Model Checkpoint to: vlBest_acc_22_model_epoch_0078.pyth

Best Validation Accuracy: 22.38
Best Epoch: 78

======== TESTING ========

Test Accuracy: 22.31.

======== ACTIVE SAMPLING ========

len(uSetLoader): 449
u_ranks.shape: (44900,)
Active Sampling Complete. After Episode 1:
New Labeled Set: 150, New Unlabeled Set: 44850, Active Set: 50

================================


Current accuracy values:  [17.790000000000006, 22.30999992370606]
Starting model from scratch - ignoring existing weights.
<All keys matched successfully>
None
======== EPISODE 2 BEGINS ========

======== TRAINING ========
Training Epoch: 1/200	Train Loss: 2.4947	Val Accuracy: 0.0
Training Epoch: 2/200	Train Loss: 4.5966	Val Accuracy: 9.92
Training Epoch: 3/200	Train Loss: 10.5742	Val Accuracy: 9.92
Training Epoch: 4/200	Train Loss: 13.6608	Val Accuracy: 9.74
Training Epoch: 5/200	Train Loss: 20.7008	Val Accuracy: 9.74
Training Epoch: 6/200	Train Loss: 14.5982	Val Accuracy: 10.22
Training Epoch: 7/200	Train Loss: 7.7435	Val Accuracy: 10.22
Training Epoch: 8/200	Train Loss: 4.8751	Val Accuracy: 9.56
Training Epoch: 9/200	Train Loss: 7.4724	Val Accuracy: 9.56
Training Epoch: 10/200	Train Loss: 5.0924	Val Accuracy: 9.88
Training Epoch: 11/200	Train Loss: 3.7815	Val Accuracy: 9.88
Training Epoch: 12/200	Train Loss: 2.8163	Val Accuracy: 9.56
Training Epoch: 13/200	Train Loss: 10.7349	Val Accuracy: 9.56
Training Epoch: 14/200	Train Loss: 3.9321	Val Accuracy: 9.74
Training Epoch: 15/200	Train Loss: 5.9255	Val Accuracy: 9.74
Training Epoch: 16/200	Train Loss: 5.0539	Val Accuracy: 9.82
Training Epoch: 17/200	Train Loss: 4.2298	Val Accuracy: 9.82
Training Epoch: 18/200	Train Loss: 2.4357	Val Accuracy: 9.24
Training Epoch: 19/200	Train Loss: 4.2872	Val Accuracy: 9.24
Training Epoch: 20/200	Train Loss: 5.4532	Val Accuracy: 9.92
Training Epoch: 21/200	Train Loss: 2.5353	Val Accuracy: 9.92
Training Epoch: 22/200	Train Loss: 5.8286	Val Accuracy: 9.84
Training Epoch: 23/200	Train Loss: 4.7781	Val Accuracy: 9.84
Training Epoch: 24/200	Train Loss: 2.6877	Val Accuracy: 9.88
Training Epoch: 25/200	Train Loss: 2.3915	Val Accuracy: 9.88
Training Epoch: 26/200	Train Loss: 2.5893	Val Accuracy: 10.32
Training Epoch: 27/200	Train Loss: 11.1463	Val Accuracy: 10.32
Training Epoch: 28/200	Train Loss: 7.557	Val Accuracy: 13.32
Training Epoch: 29/200	Train Loss: 4.1732	Val Accuracy: 13.32
Training Epoch: 30/200	Train Loss: 3.5195	Val Accuracy: 11.04
Training Epoch: 31/200	Train Loss: 6.7131	Val Accuracy: 11.04
Training Epoch: 32/200	Train Loss: 3.0454	Val Accuracy: 13.8
Training Epoch: 33/200	Train Loss: 3.5023	Val Accuracy: 13.8
Training Epoch: 34/200	Train Loss: 7.6036	Val Accuracy: 13.66
Training Epoch: 35/200	Train Loss: 2.8953	Val Accuracy: 13.66
Training Epoch: 36/200	Train Loss: 4.1336	Val Accuracy: 13.56
Training Epoch: 37/200	Train Loss: 3.9882	Val Accuracy: 13.56
Training Epoch: 38/200	Train Loss: 9.0541	Val Accuracy: 13.56
Training Epoch: 39/200	Train Loss: 3.9562	Val Accuracy: 13.56
Training Epoch: 40/200	Train Loss: 2.2545	Val Accuracy: 13.72
Training Epoch: 41/200	Train Loss: 2.3399	Val Accuracy: 13.72
Training Epoch: 42/200	Train Loss: 3.7702	Val Accuracy: 13.24
Training Epoch: 43/200	Train Loss: 6.6324	Val Accuracy: 13.24
Training Epoch: 44/200	Train Loss: 5.5145	Val Accuracy: 14.1
Training Epoch: 45/200	Train Loss: 5.1727	Val Accuracy: 14.1
Training Epoch: 46/200	Train Loss: 2.633	Val Accuracy: 16.14
Training Epoch: 47/200	Train Loss: 5.2993	Val Accuracy: 16.14
Training Epoch: 48/200	Train Loss: 6.2737	Val Accuracy: 14.06
Training Epoch: 49/200	Train Loss: 5.6633	Val Accuracy: 14.06
Training Epoch: 50/200	Train Loss: 8.9896	Val Accuracy: 14.22
Training Epoch: 51/200	Train Loss: 5.6456	Val Accuracy: 14.22
Training Epoch: 52/200	Train Loss: 3.0341	Val Accuracy: 15.34
Training Epoch: 53/200	Train Loss: 3.4142	Val Accuracy: 15.34
Training Epoch: 54/200	Train Loss: 5.4305	Val Accuracy: 13.82
Training Epoch: 55/200	Train Loss: 2.6557	Val Accuracy: 13.82
Training Epoch: 56/200	Train Loss: 5.3949	Val Accuracy: 12.44
Training Epoch: 57/200	Train Loss: 3.5519	Val Accuracy: 12.44
Training Epoch: 58/200	Train Loss: 3.9263	Val Accuracy: 11.5
Training Epoch: 59/200	Train Loss: 5.0951	Val Accuracy: 11.5
Training Epoch: 60/200	Train Loss: 4.6143	Val Accuracy: 12.52
Training Epoch: 61/200	Train Loss: 3.6717	Val Accuracy: 12.52
Training Epoch: 62/200	Train Loss: 3.9161	Val Accuracy: 13.1
Training Epoch: 63/200	Train Loss: 2.3673	Val Accuracy: 13.1
Training Epoch: 64/200	Train Loss: 4.2659	Val Accuracy: 13.4
Training Epoch: 65/200	Train Loss: 2.9186	Val Accuracy: 13.4
Training Epoch: 66/200	Train Loss: 2.2534	Val Accuracy: 12.8
Training Epoch: 67/200	Train Loss: 4.2793	Val Accuracy: 12.8
Training Epoch: 68/200	Train Loss: 2.2442	Val Accuracy: 12.86
Training Epoch: 69/200	Train Loss: 2.2129	Val Accuracy: 12.86
Training Epoch: 70/200	Train Loss: 4.6426	Val Accuracy: 14.26
Training Epoch: 71/200	Train Loss: 9.1705	Val Accuracy: 14.26
Training Epoch: 72/200	Train Loss: 3.1508	Val Accuracy: 12.64
Training Epoch: 73/200	Train Loss: 2.4428	Val Accuracy: 12.64
Training Epoch: 74/200	Train Loss: 3.1661	Val Accuracy: 11.84
Training Epoch: 75/200	Train Loss: 2.3229	Val Accuracy: 11.84
Training Epoch: 76/200	Train Loss: 2.7694	Val Accuracy: 11.84
Training Epoch: 77/200	Train Loss: 9.9938	Val Accuracy: 11.84
Training Epoch: 78/200	Train Loss: 2.3066	Val Accuracy: 12.0
Training Epoch: 79/200	Train Loss: 2.2673	Val Accuracy: 12.0
Training Epoch: 80/200	Train Loss: 3.007	Val Accuracy: 13.36
Training Epoch: 81/200	Train Loss: 2.7195	Val Accuracy: 13.36
Training Epoch: 82/200	Train Loss: 2.1824	Val Accuracy: 11.2
Training Epoch: 83/200	Train Loss: 2.2219	Val Accuracy: 11.2
Training Epoch: 84/200	Train Loss: 2.2635	Val Accuracy: 10.62
Training Epoch: 85/200	Train Loss: 2.2188	Val Accuracy: 10.62
Training Epoch: 86/200	Train Loss: 2.4476	Val Accuracy: 11.36
Training Epoch: 87/200	Train Loss: 2.2805	Val Accuracy: 11.36
Training Epoch: 88/200	Train Loss: 2.5294	Val Accuracy: 12.74
Training Epoch: 89/200	Train Loss: 2.2346	Val Accuracy: 12.74
Training Epoch: 90/200	Train Loss: 2.1664	Val Accuracy: 14.08
Training Epoch: 91/200	Train Loss: 2.1763	Val Accuracy: 14.08
Training Epoch: 92/200	Train Loss: 5.5462	Val Accuracy: 13.52
Training Epoch: 93/200	Train Loss: 2.1997	Val Accuracy: 13.52
Training Epoch: 94/200	Train Loss: 2.2191	Val Accuracy: 13.64
Training Epoch: 95/200	Train Loss: 2.1957	Val Accuracy: 13.64
Training Epoch: 96/200	Train Loss: 2.16	Val Accuracy: 14.0
Training Epoch: 97/200	Train Loss: 2.3075	Val Accuracy: 14.0
Training Epoch: 98/200	Train Loss: 2.1328	Val Accuracy: 14.0
Training Epoch: 99/200	Train Loss: 2.1412	Val Accuracy: 14.0
Training Epoch: 100/200	Train Loss: 4.2157	Val Accuracy: 13.3
Training Epoch: 101/200	Train Loss: 6.0749	Val Accuracy: 13.3
Training Epoch: 102/200	Train Loss: 3.8083	Val Accuracy: 14.48
Training Epoch: 103/200	Train Loss: 3.1411	Val Accuracy: 14.48
Training Epoch: 104/200	Train Loss: 3.0629	Val Accuracy: 13.64
Training Epoch: 105/200	Train Loss: 2.5383	Val Accuracy: 13.64
Training Epoch: 106/200	Train Loss: 4.5473	Val Accuracy: 13.44
Training Epoch: 107/200	Train Loss: 2.2444	Val Accuracy: 13.44
Training Epoch: 108/200	Train Loss: 3.5397	Val Accuracy: 13.8
Training Epoch: 109/200	Train Loss: 2.1411	Val Accuracy: 13.8
Training Epoch: 110/200	Train Loss: 2.7079	Val Accuracy: 13.4
Training Epoch: 111/200	Train Loss: 3.4403	Val Accuracy: 13.4
Training Epoch: 112/200	Train Loss: 10.3425	Val Accuracy: 14.1
Training Epoch: 113/200	Train Loss: 2.2616	Val Accuracy: 14.1
Training Epoch: 114/200	Train Loss: 2.204	Val Accuracy: 13.48
Training Epoch: 115/200	Train Loss: 2.8785	Val Accuracy: 13.48
Training Epoch: 116/200	Train Loss: 2.1365	Val Accuracy: 14.14
Training Epoch: 117/200	Train Loss: 2.1579	Val Accuracy: 14.14
Training Epoch: 118/200	Train Loss: 14.9961	Val Accuracy: 14.72
Training Epoch: 119/200	Train Loss: 2.1151	Val Accuracy: 14.72
Training Epoch: 120/200	Train Loss: 2.0823	Val Accuracy: 14.2
Training Epoch: 121/200	Train Loss: 2.1693	Val Accuracy: 14.2
Training Epoch: 122/200	Train Loss: 2.289	Val Accuracy: 12.9
Training Epoch: 123/200	Train Loss: 2.273	Val Accuracy: 12.9
Training Epoch: 124/200	Train Loss: 3.2778	Val Accuracy: 12.86
Training Epoch: 125/200	Train Loss: 2.0749	Val Accuracy: 12.86
Training Epoch: 126/200	Train Loss: 2.3246	Val Accuracy: 12.92
Training Epoch: 127/200	Train Loss: 2.1637	Val Accuracy: 12.92
Training Epoch: 128/200	Train Loss: 6.6788	Val Accuracy: 13.58
Training Epoch: 129/200	Train Loss: 2.0978	Val Accuracy: 13.58
Training Epoch: 130/200	Train Loss: 2.9919	Val Accuracy: 12.94
Training Epoch: 131/200	Train Loss: 2.6503	Val Accuracy: 12.94
Training Epoch: 132/200	Train Loss: 2.185	Val Accuracy: 12.76
Training Epoch: 133/200	Train Loss: 3.42	Val Accuracy: 12.76
Training Epoch: 134/200	Train Loss: 2.0928	Val Accuracy: 13.12
Training Epoch: 135/200	Train Loss: 2.9723	Val Accuracy: 13.12
Training Epoch: 136/200	Train Loss: 5.2972	Val Accuracy: 13.72
Training Epoch: 137/200	Train Loss: 4.4543	Val Accuracy: 13.72
Training Epoch: 138/200	Train Loss: 2.3851	Val Accuracy: 14.0
Training Epoch: 139/200	Train Loss: 2.148	Val Accuracy: 14.0
Training Epoch: 140/200	Train Loss: 2.0764	Val Accuracy: 14.2
Training Epoch: 141/200	Train Loss: 2.1589	Val Accuracy: 14.2
Training Epoch: 142/200	Train Loss: 2.6583	Val Accuracy: 14.9
Training Epoch: 143/200	Train Loss: 2.1187	Val Accuracy: 14.9
Training Epoch: 144/200	Train Loss: 2.7461	Val Accuracy: 15.4
Training Epoch: 145/200	Train Loss: 4.2305	Val Accuracy: 15.4
Training Epoch: 146/200	Train Loss: 2.1387	Val Accuracy: 15.4
Training Epoch: 147/200	Train Loss: 2.0861	Val Accuracy: 15.4
Training Epoch: 148/200	Train Loss: 2.2464	Val Accuracy: 14.64
Training Epoch: 149/200	Train Loss: 3.4452	Val Accuracy: 14.64
Training Epoch: 150/200	Train Loss: 2.8105	Val Accuracy: 15.24
Training Epoch: 151/200	Train Loss: 2.3539	Val Accuracy: 15.24
Training Epoch: 152/200	Train Loss: 4.5292	Val Accuracy: 15.34
Training Epoch: 153/200	Train Loss: 1.9897	Val Accuracy: 15.34
Training Epoch: 154/200	Train Loss: 2.1152	Val Accuracy: 16.06
Training Epoch: 155/200	Train Loss: 2.1009	Val Accuracy: 16.06
Training Epoch: 156/200	Train Loss: 2.0289	Val Accuracy: 15.78
Training Epoch: 157/200	Train Loss: 2.1779	Val Accuracy: 15.78
Training Epoch: 158/200	Train Loss: 9.554	Val Accuracy: 15.44
Training Epoch: 159/200	Train Loss: 2.0594	Val Accuracy: 15.44
Training Epoch: 160/200	Train Loss: 3.6668	Val Accuracy: 16.06
Training Epoch: 161/200	Train Loss: 2.0353	Val Accuracy: 16.06
Training Epoch: 162/200	Train Loss: 7.181	Val Accuracy: 15.28
Training Epoch: 163/200	Train Loss: 2.4723	Val Accuracy: 15.28
Training Epoch: 164/200	Train Loss: 5.6796	Val Accuracy: 15.74
Training Epoch: 165/200	Train Loss: 2.8047	Val Accuracy: 15.74
Training Epoch: 166/200	Train Loss: 2.0318	Val Accuracy: 15.44
Training Epoch: 167/200	Train Loss: 2.0028	Val Accuracy: 15.44
Training Epoch: 168/200	Train Loss: 1.9575	Val Accuracy: 15.96
Training Epoch: 169/200	Train Loss: 1.9639	Val Accuracy: 15.96
Training Epoch: 170/200	Train Loss: 2.0305	Val Accuracy: 16.1
Training Epoch: 171/200	Train Loss: 3.772	Val Accuracy: 16.1
Training Epoch: 172/200	Train Loss: 2.1016	Val Accuracy: 15.6
Training Epoch: 173/200	Train Loss: 2.3561	Val Accuracy: 15.6
Training Epoch: 174/200	Train Loss: 3.964	Val Accuracy: 15.66
Training Epoch: 175/200	Train Loss: 2.6202	Val Accuracy: 15.66
Training Epoch: 176/200	Train Loss: 2.5224	Val Accuracy: 15.84
Training Epoch: 177/200	Train Loss: 2.0215	Val Accuracy: 15.84
Training Epoch: 178/200	Train Loss: 2.4269	Val Accuracy: 15.24
Training Epoch: 179/200	Train Loss: 1.9833	Val Accuracy: 15.24
Training Epoch: 180/200	Train Loss: 2.3605	Val Accuracy: 15.48
Training Epoch: 181/200	Train Loss: 5.5303	Val Accuracy: 15.48
Training Epoch: 182/200	Train Loss: 2.2961	Val Accuracy: 15.58
Training Epoch: 183/200	Train Loss: 2.2497	Val Accuracy: 15.58
Training Epoch: 184/200	Train Loss: 1.957	Val Accuracy: 15.62
Training Epoch: 185/200	Train Loss: 1.9562	Val Accuracy: 15.62
Training Epoch: 186/200	Train Loss: 2.0534	Val Accuracy: 16.2
Training Epoch: 187/200	Train Loss: 2.0564	Val Accuracy: 16.2
Training Epoch: 188/200	Train Loss: 4.7602	Val Accuracy: 16.88
Training Epoch: 189/200	Train Loss: 2.1277	Val Accuracy: 16.88
Training Epoch: 190/200	Train Loss: 2.209	Val Accuracy: 16.48
Training Epoch: 191/200	Train Loss: 3.2642	Val Accuracy: 16.48
Training Epoch: 192/200	Train Loss: 1.9966	Val Accuracy: 15.62
Training Epoch: 193/200	Train Loss: 2.1526	Val Accuracy: 15.62
Training Epoch: 194/200	Train Loss: 1.9867	Val Accuracy: 15.74
Training Epoch: 195/200	Train Loss: 2.6691	Val Accuracy: 15.74
Training Epoch: 196/200	Train Loss: 2.0189	Val Accuracy: 16.16
Training Epoch: 197/200	Train Loss: 2.0007	Val Accuracy: 16.16
Training Epoch: 198/200	Train Loss: 1.965	Val Accuracy: 16.0
Training Epoch: 199/200	Train Loss: 2.138	Val Accuracy: 16.0
Training Epoch: 200/200	Train Loss: 2.0443	Val Accuracy: 15.96

Wrote Best Model Checkpoint to: vlBest_acc_16_model_epoch_0188.pyth

Best Validation Accuracy: 16.88
Best Epoch: 188

======== TESTING ========

Test Accuracy: 15.81.

======== ACTIVE SAMPLING ========

len(uSetLoader): 449
u_ranks.shape: (44850,)
Active Sampling Complete. After Episode 2:
New Labeled Set: 200, New Unlabeled Set: 44800, Active Set: 50

================================


Current accuracy values:  [17.790000000000006, 22.30999992370606, 15.810000000000002]
Starting model from scratch - ignoring existing weights.
<All keys matched successfully>
None
======== EPISODE 3 BEGINS ========

======== TRAINING ========
Training Epoch: 1/200	Train Loss: 6.5077	Val Accuracy: 0.0
Training Epoch: 2/200	Train Loss: 18.7595	Val Accuracy: 9.92
Training Epoch: 3/200	Train Loss: 20.2832	Val Accuracy: 9.92
Training Epoch: 4/200	Train Loss: 8.7494	Val Accuracy: 9.88
Training Epoch: 5/200	Train Loss: 3.0863	Val Accuracy: 9.88
Training Epoch: 6/200	Train Loss: 4.7685	Val Accuracy: 9.74
Training Epoch: 7/200	Train Loss: 7.3018	Val Accuracy: 9.74
Training Epoch: 8/200	Train Loss: 4.7865	Val Accuracy: 9.92
Training Epoch: 9/200	Train Loss: 3.483	Val Accuracy: 9.92
Training Epoch: 10/200	Train Loss: 2.6953	Val Accuracy: 9.82
Training Epoch: 11/200	Train Loss: 2.2905	Val Accuracy: 9.82
Training Epoch: 12/200	Train Loss: 6.443	Val Accuracy: 9.86
Training Epoch: 13/200	Train Loss: 3.4526	Val Accuracy: 9.86
Training Epoch: 14/200	Train Loss: 2.8061	Val Accuracy: 9.04
Training Epoch: 15/200	Train Loss: 2.4402	Val Accuracy: 9.04
Training Epoch: 16/200	Train Loss: 2.3991	Val Accuracy: 12.06
Training Epoch: 17/200	Train Loss: 3.8791	Val Accuracy: 12.06
Training Epoch: 18/200	Train Loss: 4.6245	Val Accuracy: 12.8
Training Epoch: 19/200	Train Loss: 2.288	Val Accuracy: 12.8
Training Epoch: 20/200	Train Loss: 5.1712	Val Accuracy: 9.06
Training Epoch: 21/200	Train Loss: 2.3755	Val Accuracy: 9.06
Training Epoch: 22/200	Train Loss: 2.3306	Val Accuracy: 10.12
Training Epoch: 23/200	Train Loss: 2.4649	Val Accuracy: 10.12
Training Epoch: 24/200	Train Loss: 2.5858	Val Accuracy: 13.42
Training Epoch: 25/200	Train Loss: 2.8403	Val Accuracy: 13.42
Training Epoch: 26/200	Train Loss: 6.9372	Val Accuracy: 9.96
Training Epoch: 27/200	Train Loss: 5.1698	Val Accuracy: 9.96
Training Epoch: 28/200	Train Loss: 6.3119	Val Accuracy: 9.92
Training Epoch: 29/200	Train Loss: 4.842	Val Accuracy: 9.92
Training Epoch: 30/200	Train Loss: 2.7909	Val Accuracy: 11.18
Training Epoch: 31/200	Train Loss: 3.5042	Val Accuracy: 11.18
Training Epoch: 32/200	Train Loss: 5.0492	Val Accuracy: 10.72
Training Epoch: 33/200	Train Loss: 2.3089	Val Accuracy: 10.72
Training Epoch: 34/200	Train Loss: 3.5562	Val Accuracy: 12.78
Training Epoch: 35/200	Train Loss: 2.3841	Val Accuracy: 12.78
Training Epoch: 36/200	Train Loss: 2.389	Val Accuracy: 9.9
Training Epoch: 37/200	Train Loss: 2.2672	Val Accuracy: 9.9
Training Epoch: 38/200	Train Loss: 3.3423	Val Accuracy: 10.42
Training Epoch: 39/200	Train Loss: 4.8299	Val Accuracy: 10.42
Training Epoch: 40/200	Train Loss: 2.3562	Val Accuracy: 11.58
Training Epoch: 41/200	Train Loss: 3.1101	Val Accuracy: 11.58
Training Epoch: 42/200	Train Loss: 4.4971	Val Accuracy: 11.22
Training Epoch: 43/200	Train Loss: 2.8597	Val Accuracy: 11.22
Training Epoch: 44/200	Train Loss: 2.5718	Val Accuracy: 11.12
Training Epoch: 45/200	Train Loss: 2.608	Val Accuracy: 11.12
Training Epoch: 46/200	Train Loss: 6.0629	Val Accuracy: 12.26
Training Epoch: 47/200	Train Loss: 2.5575	Val Accuracy: 12.26
Training Epoch: 48/200	Train Loss: 2.8653	Val Accuracy: 10.92
Training Epoch: 49/200	Train Loss: 2.5424	Val Accuracy: 10.92
Training Epoch: 50/200	Train Loss: 2.2968	Val Accuracy: 10.46
Training Epoch: 51/200	Train Loss: 2.306	Val Accuracy: 10.46
Training Epoch: 52/200	Train Loss: 3.742	Val Accuracy: 11.8
Training Epoch: 53/200	Train Loss: 3.7978	Val Accuracy: 11.8
Training Epoch: 54/200	Train Loss: 5.2984	Val Accuracy: 13.32
Training Epoch: 55/200	Train Loss: 3.9203	Val Accuracy: 13.32
Training Epoch: 56/200	Train Loss: 2.6731	Val Accuracy: 14.0
Training Epoch: 57/200	Train Loss: 4.7109	Val Accuracy: 14.0
Training Epoch: 58/200	Train Loss: 2.7215	Val Accuracy: 13.56
Training Epoch: 59/200	Train Loss: 2.99	Val Accuracy: 13.56
Training Epoch: 60/200	Train Loss: 2.872	Val Accuracy: 13.72
Training Epoch: 61/200	Train Loss: 3.2514	Val Accuracy: 13.72
Training Epoch: 62/200	Train Loss: 5.9627	Val Accuracy: 15.28
Training Epoch: 63/200	Train Loss: 2.4212	Val Accuracy: 15.28
Training Epoch: 64/200	Train Loss: 3.6449	Val Accuracy: 13.84
Training Epoch: 65/200	Train Loss: 2.5489	Val Accuracy: 13.84
Training Epoch: 66/200	Train Loss: 2.6389	Val Accuracy: 13.82
Training Epoch: 67/200	Train Loss: 2.0763	Val Accuracy: 13.82
Training Epoch: 68/200	Train Loss: 2.2166	Val Accuracy: 15.68
Training Epoch: 69/200	Train Loss: 2.0946	Val Accuracy: 15.68
Training Epoch: 70/200	Train Loss: 2.275	Val Accuracy: 15.86
Training Epoch: 71/200	Train Loss: 2.07	Val Accuracy: 15.86
Training Epoch: 72/200	Train Loss: 2.1633	Val Accuracy: 17.12
Training Epoch: 73/200	Train Loss: 2.8514	Val Accuracy: 17.12
Training Epoch: 74/200	Train Loss: 2.2473	Val Accuracy: 15.5
Training Epoch: 75/200	Train Loss: 4.2499	Val Accuracy: 15.5
Training Epoch: 76/200	Train Loss: 4.0227	Val Accuracy: 17.0
Training Epoch: 77/200	Train Loss: 4.1005	Val Accuracy: 17.0
Training Epoch: 78/200	Train Loss: 3.2088	Val Accuracy: 18.58
Training Epoch: 79/200	Train Loss: 3.115	Val Accuracy: 18.58
Training Epoch: 80/200	Train Loss: 3.4413	Val Accuracy: 16.94
Training Epoch: 81/200	Train Loss: 2.3096	Val Accuracy: 16.94
Training Epoch: 82/200	Train Loss: 3.8228	Val Accuracy: 16.98
Training Epoch: 83/200	Train Loss: 1.8839	Val Accuracy: 16.98
Training Epoch: 84/200	Train Loss: 2.0134	Val Accuracy: 18.0
Training Epoch: 85/200	Train Loss: 1.8654	Val Accuracy: 18.0
Training Epoch: 86/200	Train Loss: 2.0979	Val Accuracy: 20.18
Training Epoch: 87/200	Train Loss: 3.9017	Val Accuracy: 20.18
Training Epoch: 88/200	Train Loss: 1.874	Val Accuracy: 18.6
Training Epoch: 89/200	Train Loss: 1.8941	Val Accuracy: 18.6
Training Epoch: 90/200	Train Loss: 2.3156	Val Accuracy: 17.64
Training Epoch: 91/200	Train Loss: 3.1605	Val Accuracy: 17.64
Training Epoch: 92/200	Train Loss: 2.2819	Val Accuracy: 17.06
Training Epoch: 93/200	Train Loss: 4.0358	Val Accuracy: 17.06
Training Epoch: 94/200	Train Loss: 2.915	Val Accuracy: 18.14
Training Epoch: 95/200	Train Loss: 1.9197	Val Accuracy: 18.14
Training Epoch: 96/200	Train Loss: 1.847	Val Accuracy: 20.38
Training Epoch: 97/200	Train Loss: 1.896	Val Accuracy: 20.38
Training Epoch: 98/200	Train Loss: 2.2128	Val Accuracy: 20.6
Training Epoch: 99/200	Train Loss: 3.9169	Val Accuracy: 20.6
Training Epoch: 100/200	Train Loss: 3.2576	Val Accuracy: 20.22
Training Epoch: 101/200	Train Loss: 1.8082	Val Accuracy: 20.22
Training Epoch: 102/200	Train Loss: 1.9156	Val Accuracy: 21.5
Training Epoch: 103/200	Train Loss: 1.6362	Val Accuracy: 21.5
Training Epoch: 104/200	Train Loss: 3.6519	Val Accuracy: 20.72
Training Epoch: 105/200	Train Loss: 2.6053	Val Accuracy: 20.72
Training Epoch: 106/200	Train Loss: 2.3489	Val Accuracy: 21.26
Training Epoch: 107/200	Train Loss: 2.0992	Val Accuracy: 21.26
Training Epoch: 108/200	Train Loss: 1.4348	Val Accuracy: 20.94
Training Epoch: 109/200	Train Loss: 2.0393	Val Accuracy: 20.94
Training Epoch: 110/200	Train Loss: 1.49	Val Accuracy: 20.88
Training Epoch: 111/200	Train Loss: 1.651	Val Accuracy: 20.88
Training Epoch: 112/200	Train Loss: 1.599	Val Accuracy: 21.96
Training Epoch: 113/200	Train Loss: 1.8278	Val Accuracy: 21.96
Training Epoch: 114/200	Train Loss: 1.9924	Val Accuracy: 21.98
Training Epoch: 115/200	Train Loss: 1.3271	Val Accuracy: 21.98
Training Epoch: 116/200	Train Loss: 1.6173	Val Accuracy: 23.16
Training Epoch: 117/200	Train Loss: 1.4706	Val Accuracy: 23.16
Training Epoch: 118/200	Train Loss: 1.4637	Val Accuracy: 22.48
Training Epoch: 119/200	Train Loss: 1.3698	Val Accuracy: 22.48
Training Epoch: 120/200	Train Loss: 1.9357	Val Accuracy: 23.64
Training Epoch: 121/200	Train Loss: 1.815	Val Accuracy: 23.64
Training Epoch: 122/200	Train Loss: 1.2898	Val Accuracy: 23.74
Training Epoch: 123/200	Train Loss: 1.4904	Val Accuracy: 23.74
Training Epoch: 124/200	Train Loss: 1.2762	Val Accuracy: 24.2
Training Epoch: 125/200	Train Loss: 3.4074	Val Accuracy: 24.2
Training Epoch: 126/200	Train Loss: 1.3054	Val Accuracy: 23.82
Training Epoch: 127/200	Train Loss: 1.3034	Val Accuracy: 23.82
Training Epoch: 128/200	Train Loss: 1.7316	Val Accuracy: 24.26
Training Epoch: 129/200	Train Loss: 1.3642	Val Accuracy: 24.26
Training Epoch: 130/200	Train Loss: 2.2653	Val Accuracy: 24.02
Training Epoch: 131/200	Train Loss: 1.1395	Val Accuracy: 24.02
Training Epoch: 132/200	Train Loss: 2.5156	Val Accuracy: 23.96
Training Epoch: 133/200	Train Loss: 1.4287	Val Accuracy: 23.96
Training Epoch: 134/200	Train Loss: 1.3326	Val Accuracy: 23.96
Training Epoch: 135/200	Train Loss: 1.1502	Val Accuracy: 23.96
Training Epoch: 136/200	Train Loss: 1.0905	Val Accuracy: 24.28
Training Epoch: 137/200	Train Loss: 1.0393	Val Accuracy: 24.28
Training Epoch: 138/200	Train Loss: 2.8056	Val Accuracy: 24.42
Training Epoch: 139/200	Train Loss: 1.0931	Val Accuracy: 24.42
Training Epoch: 140/200	Train Loss: 1.0011	Val Accuracy: 23.9
Training Epoch: 141/200	Train Loss: 1.0668	Val Accuracy: 23.9
Training Epoch: 142/200	Train Loss: 1.6869	Val Accuracy: 24.3
Training Epoch: 143/200	Train Loss: 1.2849	Val Accuracy: 24.3
Training Epoch: 144/200	Train Loss: 1.1511	Val Accuracy: 24.26
Training Epoch: 145/200	Train Loss: 0.954	Val Accuracy: 24.26
Training Epoch: 146/200	Train Loss: 0.9261	Val Accuracy: 24.52
Training Epoch: 147/200	Train Loss: 1.3328	Val Accuracy: 24.52
Training Epoch: 148/200	Train Loss: 2.0649	Val Accuracy: 25.32
Training Epoch: 149/200	Train Loss: 0.7802	Val Accuracy: 25.32
Training Epoch: 150/200	Train Loss: 0.7715	Val Accuracy: 25.38
Training Epoch: 151/200	Train Loss: 0.7809	Val Accuracy: 25.38
Training Epoch: 152/200	Train Loss: 0.7086	Val Accuracy: 24.22
Training Epoch: 153/200	Train Loss: 0.9258	Val Accuracy: 24.22
Training Epoch: 154/200	Train Loss: 0.9517	Val Accuracy: 25.12
Training Epoch: 155/200	Train Loss: 2.5256	Val Accuracy: 25.12
Training Epoch: 156/200	Train Loss: 1.1057	Val Accuracy: 25.54
Training Epoch: 157/200	Train Loss: 2.5304	Val Accuracy: 25.54
Training Epoch: 158/200	Train Loss: 1.7746	Val Accuracy: 25.16
Training Epoch: 159/200	Train Loss: 2.9386	Val Accuracy: 25.16
Training Epoch: 160/200	Train Loss: 1.9065	Val Accuracy: 24.78
Training Epoch: 161/200	Train Loss: 0.8103	Val Accuracy: 24.78
Training Epoch: 162/200	Train Loss: 0.7673	Val Accuracy: 25.44
Training Epoch: 163/200	Train Loss: 1.9613	Val Accuracy: 25.44
Training Epoch: 164/200	Train Loss: 0.8653	Val Accuracy: 25.56
Training Epoch: 165/200	Train Loss: 0.9833	Val Accuracy: 25.56
Training Epoch: 166/200	Train Loss: 1.3414	Val Accuracy: 25.1
Training Epoch: 167/200	Train Loss: 0.7504	Val Accuracy: 25.1
Training Epoch: 168/200	Train Loss: 1.2609	Val Accuracy: 24.88
Training Epoch: 169/200	Train Loss: 1.4231	Val Accuracy: 24.88
Training Epoch: 170/200	Train Loss: 0.9481	Val Accuracy: 24.48
Training Epoch: 171/200	Train Loss: 0.5934	Val Accuracy: 24.48
Training Epoch: 172/200	Train Loss: 0.6022	Val Accuracy: 25.16
Training Epoch: 173/200	Train Loss: 1.031	Val Accuracy: 25.16
Training Epoch: 174/200	Train Loss: 1.176	Val Accuracy: 25.12
Training Epoch: 175/200	Train Loss: 0.5938	Val Accuracy: 25.12
Training Epoch: 176/200	Train Loss: 2.5146	Val Accuracy: 24.46
Training Epoch: 177/200	Train Loss: 1.1465	Val Accuracy: 24.46
Training Epoch: 178/200	Train Loss: 0.5089	Val Accuracy: 24.94
Training Epoch: 179/200	Train Loss: 0.7172	Val Accuracy: 24.94
Training Epoch: 180/200	Train Loss: 0.5353	Val Accuracy: 24.52
Training Epoch: 181/200	Train Loss: 0.6469	Val Accuracy: 24.52
Training Epoch: 182/200	Train Loss: 0.5675	Val Accuracy: 25.18
Training Epoch: 183/200	Train Loss: 1.505	Val Accuracy: 25.18
Training Epoch: 184/200	Train Loss: 0.5426	Val Accuracy: 24.42
Training Epoch: 185/200	Train Loss: 0.8781	Val Accuracy: 24.42
Training Epoch: 186/200	Train Loss: 0.6657	Val Accuracy: 25.9
Training Epoch: 187/200	Train Loss: 1.0753	Val Accuracy: 25.9
Training Epoch: 188/200	Train Loss: 0.5077	Val Accuracy: 25.78
Training Epoch: 189/200	Train Loss: 0.79	Val Accuracy: 25.78
Training Epoch: 190/200	Train Loss: 0.7645	Val Accuracy: 25.14
Training Epoch: 191/200	Train Loss: 1.6785	Val Accuracy: 25.14
Training Epoch: 192/200	Train Loss: 1.3145	Val Accuracy: 24.98
Training Epoch: 193/200	Train Loss: 0.3994	Val Accuracy: 24.98
Training Epoch: 194/200	Train Loss: 1.7575	Val Accuracy: 25.7
Training Epoch: 195/200	Train Loss: 0.6405	Val Accuracy: 25.7
Training Epoch: 196/200	Train Loss: 1.2117	Val Accuracy: 25.0
Training Epoch: 197/200	Train Loss: 0.955	Val Accuracy: 25.0
Training Epoch: 198/200	Train Loss: 0.5632	Val Accuracy: 24.68
Training Epoch: 199/200	Train Loss: 0.5889	Val Accuracy: 24.68
Training Epoch: 200/200	Train Loss: 0.7519	Val Accuracy: 25.6

Wrote Best Model Checkpoint to: vlBest_acc_25_model_epoch_0186.pyth

Best Validation Accuracy: 25.9
Best Epoch: 186

======== TESTING ========

Test Accuracy: 25.19.

======== ACTIVE SAMPLING ========

len(uSetLoader): 448
u_ranks.shape: (44800,)
Active Sampling Complete. After Episode 3:
New Labeled Set: 250, New Unlabeled Set: 44750, Active Set: 50

================================


Current accuracy values:  [17.790000000000006, 22.30999992370606, 15.810000000000002, 25.189999732971188]
Starting model from scratch - ignoring existing weights.
<All keys matched successfully>
None
======== EPISODE 4 BEGINS ========

======== TRAINING ========
Training Epoch: 1/200	Train Loss: 7.5941	Val Accuracy: 0.0
Training Epoch: 2/200	Train Loss: 13.0963	Val Accuracy: 8.72
Training Epoch: 3/200	Train Loss: 12.085	Val Accuracy: 8.72
Training Epoch: 4/200	Train Loss: 5.3379	Val Accuracy: 9.74
Training Epoch: 5/200	Train Loss: 6.8649	Val Accuracy: 9.74
Training Epoch: 6/200	Train Loss: 7.4617	Val Accuracy: 9.56
Training Epoch: 7/200	Train Loss: 7.6103	Val Accuracy: 9.56
Training Epoch: 8/200	Train Loss: 4.8137	Val Accuracy: 10.18
Training Epoch: 9/200	Train Loss: 5.4212	Val Accuracy: 10.18
Training Epoch: 10/200	Train Loss: 6.1931	Val Accuracy: 10.66
Training Epoch: 11/200	Train Loss: 5.4741	Val Accuracy: 10.66
Training Epoch: 12/200	Train Loss: 4.1842	Val Accuracy: 11.78
Training Epoch: 13/200	Train Loss: 2.6817	Val Accuracy: 11.78
Training Epoch: 14/200	Train Loss: 5.4259	Val Accuracy: 9.58
Training Epoch: 15/200	Train Loss: 2.5097	Val Accuracy: 9.58
Training Epoch: 16/200	Train Loss: 7.7104	Val Accuracy: 8.76
Training Epoch: 17/200	Train Loss: 8.7668	Val Accuracy: 8.76
Training Epoch: 18/200	Train Loss: 4.9254	Val Accuracy: 9.1
Training Epoch: 19/200	Train Loss: 3.3402	Val Accuracy: 9.1
Training Epoch: 20/200	Train Loss: 3.6039	Val Accuracy: 9.62
Training Epoch: 21/200	Train Loss: 3.3367	Val Accuracy: 9.62
Training Epoch: 22/200	Train Loss: 4.5799	Val Accuracy: 12.92
Training Epoch: 23/200	Train Loss: 3.3034	Val Accuracy: 12.92
Training Epoch: 24/200	Train Loss: 4.1255	Val Accuracy: 11.26
Training Epoch: 25/200	Train Loss: 4.9774	Val Accuracy: 11.26
Training Epoch: 26/200	Train Loss: 4.0581	Val Accuracy: 8.98
Training Epoch: 27/200	Train Loss: 5.1913	Val Accuracy: 8.98
Training Epoch: 28/200	Train Loss: 4.6607	Val Accuracy: 9.24
Training Epoch: 29/200	Train Loss: 2.8194	Val Accuracy: 9.24
Training Epoch: 30/200	Train Loss: 5.0192	Val Accuracy: 9.6
Training Epoch: 31/200	Train Loss: 6.0779	Val Accuracy: 9.6
Training Epoch: 32/200	Train Loss: 2.858	Val Accuracy: 12.9
Training Epoch: 33/200	Train Loss: 5.8273	Val Accuracy: 12.9
Training Epoch: 34/200	Train Loss: 4.1517	Val Accuracy: 9.62
Training Epoch: 35/200	Train Loss: 3.6615	Val Accuracy: 9.62
Training Epoch: 36/200	Train Loss: 3.7352	Val Accuracy: 12.16
Training Epoch: 37/200	Train Loss: 6.2124	Val Accuracy: 12.16
Training Epoch: 38/200	Train Loss: 2.5133	Val Accuracy: 11.1
Training Epoch: 39/200	Train Loss: 2.286	Val Accuracy: 11.1
Training Epoch: 40/200	Train Loss: 6.3089	Val Accuracy: 13.08
Training Epoch: 41/200	Train Loss: 2.4591	Val Accuracy: 13.08
Training Epoch: 42/200	Train Loss: 2.9948	Val Accuracy: 14.16
Training Epoch: 43/200	Train Loss: 4.5935	Val Accuracy: 14.16
Training Epoch: 44/200	Train Loss: 2.7942	Val Accuracy: 13.3
Training Epoch: 45/200	Train Loss: 7.3192	Val Accuracy: 13.3
Training Epoch: 46/200	Train Loss: 3.7506	Val Accuracy: 11.6
Training Epoch: 47/200	Train Loss: 5.7929	Val Accuracy: 11.6
Training Epoch: 48/200	Train Loss: 4.1723	Val Accuracy: 13.82
Training Epoch: 49/200	Train Loss: 3.4664	Val Accuracy: 13.82
Training Epoch: 50/200	Train Loss: 6.1169	Val Accuracy: 13.68
Training Epoch: 51/200	Train Loss: 2.4036	Val Accuracy: 13.68
Training Epoch: 52/200	Train Loss: 3.1286	Val Accuracy: 14.68
Training Epoch: 53/200	Train Loss: 5.4392	Val Accuracy: 14.68
Training Epoch: 54/200	Train Loss: 4.8812	Val Accuracy: 13.5
Training Epoch: 55/200	Train Loss: 3.9874	Val Accuracy: 13.5
Training Epoch: 56/200	Train Loss: 2.4235	Val Accuracy: 13.32
Training Epoch: 57/200	Train Loss: 2.6079	Val Accuracy: 13.32
Training Epoch: 58/200	Train Loss: 2.8844	Val Accuracy: 15.42
Training Epoch: 59/200	Train Loss: 3.1056	Val Accuracy: 15.42
Training Epoch: 60/200	Train Loss: 5.8102	Val Accuracy: 14.68
Training Epoch: 61/200	Train Loss: 6.7986	Val Accuracy: 14.68
Training Epoch: 62/200	Train Loss: 7.1215	Val Accuracy: 15.4
Training Epoch: 63/200	Train Loss: 4.8039	Val Accuracy: 15.4
Training Epoch: 64/200	Train Loss: 3.6187	Val Accuracy: 15.32
Training Epoch: 65/200	Train Loss: 2.4968	Val Accuracy: 15.32
Training Epoch: 66/200	Train Loss: 2.1047	Val Accuracy: 15.9
Training Epoch: 67/200	Train Loss: 2.1592	Val Accuracy: 15.9
Training Epoch: 68/200	Train Loss: 3.1672	Val Accuracy: 16.12
Training Epoch: 69/200	Train Loss: 2.3463	Val Accuracy: 16.12
Training Epoch: 70/200	Train Loss: 4.7368	Val Accuracy: 17.06
Training Epoch: 71/200	Train Loss: 2.2319	Val Accuracy: 17.06
Training Epoch: 72/200	Train Loss: 2.0921	Val Accuracy: 18.06
Training Epoch: 73/200	Train Loss: 3.4994	Val Accuracy: 18.06
Training Epoch: 74/200	Train Loss: 2.9187	Val Accuracy: 19.84
Training Epoch: 75/200	Train Loss: 3.0617	Val Accuracy: 19.84
Training Epoch: 76/200	Train Loss: 4.0428	Val Accuracy: 19.26
Training Epoch: 77/200	Train Loss: 2.097	Val Accuracy: 19.26
Training Epoch: 78/200	Train Loss: 2.7508	Val Accuracy: 18.46
Training Epoch: 79/200	Train Loss: 2.338	Val Accuracy: 18.46
Training Epoch: 80/200	Train Loss: 2.6109	Val Accuracy: 17.56
Training Epoch: 81/200	Train Loss: 4.2363	Val Accuracy: 17.56
Training Epoch: 82/200	Train Loss: 2.0031	Val Accuracy: 18.72
Training Epoch: 83/200	Train Loss: 3.2816	Val Accuracy: 18.72
Training Epoch: 84/200	Train Loss: 1.984	Val Accuracy: 19.64
Training Epoch: 85/200	Train Loss: 2.0116	Val Accuracy: 19.64
Training Epoch: 86/200	Train Loss: 1.9559	Val Accuracy: 19.52
Training Epoch: 87/200	Train Loss: 3.4283	Val Accuracy: 19.52
Training Epoch: 88/200	Train Loss: 1.9004	Val Accuracy: 20.48
Training Epoch: 89/200	Train Loss: 4.9223	Val Accuracy: 20.48
Training Epoch: 90/200	Train Loss: 2.5775	Val Accuracy: 22.46
Training Epoch: 91/200	Train Loss: 3.4336	Val Accuracy: 22.46
Training Epoch: 92/200	Train Loss: 2.41	Val Accuracy: 21.96
Training Epoch: 93/200	Train Loss: 2.0528	Val Accuracy: 21.96
Training Epoch: 94/200	Train Loss: 1.8142	Val Accuracy: 22.14
Training Epoch: 95/200	Train Loss: 1.7752	Val Accuracy: 22.14
Training Epoch: 96/200	Train Loss: 2.2378	Val Accuracy: 21.1
Training Epoch: 97/200	Train Loss: 2.5987	Val Accuracy: 21.1
Training Epoch: 98/200	Train Loss: 1.6871	Val Accuracy: 22.46
Training Epoch: 99/200	Train Loss: 3.6617	Val Accuracy: 22.46
Training Epoch: 100/200	Train Loss: 4.1292	Val Accuracy: 19.02
Training Epoch: 101/200	Train Loss: 1.9202	Val Accuracy: 19.02
Training Epoch: 102/200	Train Loss: 2.8181	Val Accuracy: 19.1
Training Epoch: 103/200	Train Loss: 3.2743	Val Accuracy: 19.1
Training Epoch: 104/200	Train Loss: 3.0015	Val Accuracy: 19.64
Training Epoch: 105/200	Train Loss: 1.7362	Val Accuracy: 19.64
Training Epoch: 106/200	Train Loss: 2.4079	Val Accuracy: 20.02
Training Epoch: 107/200	Train Loss: 1.6789	Val Accuracy: 20.02
Training Epoch: 108/200	Train Loss: 3.0483	Val Accuracy: 21.68
Training Epoch: 109/200	Train Loss: 1.7233	Val Accuracy: 21.68
Training Epoch: 110/200	Train Loss: 1.9815	Val Accuracy: 20.78
Training Epoch: 111/200	Train Loss: 3.4601	Val Accuracy: 20.78
Training Epoch: 112/200	Train Loss: 1.6394	Val Accuracy: 21.8
Training Epoch: 113/200	Train Loss: 1.6527	Val Accuracy: 21.8
Training Epoch: 114/200	Train Loss: 1.6802	Val Accuracy: 21.82
Training Epoch: 115/200	Train Loss: 1.8445	Val Accuracy: 21.82
Training Epoch: 116/200	Train Loss: 1.8123	Val Accuracy: 22.44
Training Epoch: 117/200	Train Loss: 1.5603	Val Accuracy: 22.44
Training Epoch: 118/200	Train Loss: 2.9949	Val Accuracy: 22.88
Training Epoch: 119/200	Train Loss: 2.5503	Val Accuracy: 22.88
Training Epoch: 120/200	Train Loss: 1.534	Val Accuracy: 22.08
Training Epoch: 121/200	Train Loss: 3.2215	Val Accuracy: 22.08
Training Epoch: 122/200	Train Loss: 1.4159	Val Accuracy: 21.96
Training Epoch: 123/200	Train Loss: 1.7236	Val Accuracy: 21.96
Training Epoch: 124/200	Train Loss: 1.8939	Val Accuracy: 22.84
Training Epoch: 125/200	Train Loss: 1.5612	Val Accuracy: 22.84
Training Epoch: 126/200	Train Loss: 1.4049	Val Accuracy: 22.86
Training Epoch: 127/200	Train Loss: 1.6751	Val Accuracy: 22.86
Training Epoch: 128/200	Train Loss: 1.4733	Val Accuracy: 23.24
Training Epoch: 129/200	Train Loss: 1.49	Val Accuracy: 23.24
Training Epoch: 130/200	Train Loss: 2.7589	Val Accuracy: 23.98
Training Epoch: 131/200	Train Loss: 2.9535	Val Accuracy: 23.98
Training Epoch: 132/200	Train Loss: 1.6239	Val Accuracy: 23.14
Training Epoch: 133/200	Train Loss: 2.1252	Val Accuracy: 23.14
Training Epoch: 134/200	Train Loss: 2.9308	Val Accuracy: 22.76
Training Epoch: 135/200	Train Loss: 1.8217	Val Accuracy: 22.76
Training Epoch: 136/200	Train Loss: 2.559	Val Accuracy: 22.58
Training Epoch: 137/200	Train Loss: 4.1141	Val Accuracy: 22.58
Training Epoch: 138/200	Train Loss: 1.661	Val Accuracy: 22.42
Training Epoch: 139/200	Train Loss: 1.6183	Val Accuracy: 22.42
Training Epoch: 140/200	Train Loss: 2.3508	Val Accuracy: 22.18
Training Epoch: 141/200	Train Loss: 2.4426	Val Accuracy: 22.18
Training Epoch: 142/200	Train Loss: 1.3241	Val Accuracy: 20.96
Training Epoch: 143/200	Train Loss: 2.1861	Val Accuracy: 20.96
Training Epoch: 144/200	Train Loss: 1.5305	Val Accuracy: 20.94
Training Epoch: 145/200	Train Loss: 1.7515	Val Accuracy: 20.94
Training Epoch: 146/200	Train Loss: 2.1033	Val Accuracy: 21.98
Training Epoch: 147/200	Train Loss: 1.4176	Val Accuracy: 21.98
Training Epoch: 148/200	Train Loss: 1.2671	Val Accuracy: 22.26
Training Epoch: 149/200	Train Loss: 1.3924	Val Accuracy: 22.26
Training Epoch: 150/200	Train Loss: 1.4038	Val Accuracy: 22.5
Training Epoch: 151/200	Train Loss: 1.7836	Val Accuracy: 22.5
Training Epoch: 152/200	Train Loss: 1.4475	Val Accuracy: 23.38
Training Epoch: 153/200	Train Loss: 2.553	Val Accuracy: 23.38
Training Epoch: 154/200	Train Loss: 2.046	Val Accuracy: 23.64
Training Epoch: 155/200	Train Loss: 2.2928	Val Accuracy: 23.64
Training Epoch: 156/200	Train Loss: 1.2523	Val Accuracy: 22.7
Training Epoch: 157/200	Train Loss: 1.1253	Val Accuracy: 22.7
Training Epoch: 158/200	Train Loss: 1.3764	Val Accuracy: 23.74
Training Epoch: 159/200	Train Loss: 1.1774	Val Accuracy: 23.74
Training Epoch: 160/200	Train Loss: 2.3674	Val Accuracy: 23.2
Training Epoch: 161/200	Train Loss: 2.5539	Val Accuracy: 23.2
Training Epoch: 162/200	Train Loss: 1.2574	Val Accuracy: 23.74
Training Epoch: 163/200	Train Loss: 1.1893	Val Accuracy: 23.74
Training Epoch: 164/200	Train Loss: 1.9992	Val Accuracy: 23.94
Training Epoch: 165/200	Train Loss: 1.7361	Val Accuracy: 23.94
Training Epoch: 166/200	Train Loss: 1.5264	Val Accuracy: 24.22
Training Epoch: 167/200	Train Loss: 1.6128	Val Accuracy: 24.22
Training Epoch: 168/200	Train Loss: 1.0591	Val Accuracy: 23.5
Training Epoch: 169/200	Train Loss: 2.7097	Val Accuracy: 23.5
Training Epoch: 170/200	Train Loss: 1.6636	Val Accuracy: 22.64
Training Epoch: 171/200	Train Loss: 1.9134	Val Accuracy: 22.64
Training Epoch: 172/200	Train Loss: 1.3232	Val Accuracy: 23.4
Training Epoch: 173/200	Train Loss: 1.2246	Val Accuracy: 23.4
Training Epoch: 174/200	Train Loss: 1.8106	Val Accuracy: 24.46
Training Epoch: 175/200	Train Loss: 1.0719	Val Accuracy: 24.46
Training Epoch: 176/200	Train Loss: 0.9718	Val Accuracy: 24.16
Training Epoch: 177/200	Train Loss: 2.1525	Val Accuracy: 24.16
Training Epoch: 178/200	Train Loss: 1.5804	Val Accuracy: 23.28
Training Epoch: 179/200	Train Loss: 1.2129	Val Accuracy: 23.28
Training Epoch: 180/200	Train Loss: 1.0253	Val Accuracy: 24.38
Training Epoch: 181/200	Train Loss: 0.9759	Val Accuracy: 24.38
Training Epoch: 182/200	Train Loss: 1.4828	Val Accuracy: 23.84
Training Epoch: 183/200	Train Loss: 1.2705	Val Accuracy: 23.84
Training Epoch: 184/200	Train Loss: 2.6428	Val Accuracy: 24.2
Training Epoch: 185/200	Train Loss: 2.0475	Val Accuracy: 24.2
Training Epoch: 186/200	Train Loss: 1.7602	Val Accuracy: 23.4
Training Epoch: 187/200	Train Loss: 2.4308	Val Accuracy: 23.4
Training Epoch: 188/200	Train Loss: 0.8745	Val Accuracy: 24.74
Training Epoch: 189/200	Train Loss: 1.4866	Val Accuracy: 24.74
Training Epoch: 190/200	Train Loss: 0.9983	Val Accuracy: 22.54
Training Epoch: 191/200	Train Loss: 0.9144	Val Accuracy: 22.54
Training Epoch: 192/200	Train Loss: 0.8598	Val Accuracy: 23.44
Training Epoch: 193/200	Train Loss: 1.3068	Val Accuracy: 23.44
Training Epoch: 194/200	Train Loss: 2.245	Val Accuracy: 23.1
Training Epoch: 195/200	Train Loss: 1.3416	Val Accuracy: 23.1
Training Epoch: 196/200	Train Loss: 1.0114	Val Accuracy: 23.42
Training Epoch: 197/200	Train Loss: 0.9485	Val Accuracy: 23.42
Training Epoch: 198/200	Train Loss: 0.8478	Val Accuracy: 24.4
Training Epoch: 199/200	Train Loss: 1.1824	Val Accuracy: 24.4
Training Epoch: 200/200	Train Loss: 1.4987	Val Accuracy: 24.0

Wrote Best Model Checkpoint to: vlBest_acc_24_model_epoch_0188.pyth

Best Validation Accuracy: 24.74
Best Epoch: 188

======== TESTING ========

Test Accuracy: 23.36.

======== ACTIVE SAMPLING ========

len(uSetLoader): 448
u_ranks.shape: (44750,)
Active Sampling Complete. After Episode 4:
New Labeled Set: 300, New Unlabeled Set: 44700, Active Set: 50

================================


Current accuracy values:  [17.790000000000006, 22.30999992370606, 15.810000000000002, 25.189999732971188, 23.359999847412112]
Starting model from scratch - ignoring existing weights.
<All keys matched successfully>
None
======== EPISODE 5 BEGINS ========

======== TRAINING ========
Training Epoch: 1/200	Train Loss: 16.0347	Val Accuracy: 0.0
Training Epoch: 2/200	Train Loss: 20.5265	Val Accuracy: 10.22
Training Epoch: 3/200	Train Loss: 11.2435	Val Accuracy: 10.22
Training Epoch: 4/200	Train Loss: 7.8541	Val Accuracy: 9.92
Training Epoch: 5/200	Train Loss: 8.3808	Val Accuracy: 9.92
Training Epoch: 6/200	Train Loss: 2.7783	Val Accuracy: 10.16
Training Epoch: 7/200	Train Loss: 4.4255	Val Accuracy: 10.16
Training Epoch: 8/200	Train Loss: 3.3951	Val Accuracy: 10.06
Training Epoch: 9/200	Train Loss: 3.1041	Val Accuracy: 10.06
Training Epoch: 10/200	Train Loss: 3.6145	Val Accuracy: 9.96
Training Epoch: 11/200	Train Loss: 3.3574	Val Accuracy: 9.96
Training Epoch: 12/200	Train Loss: 2.7993	Val Accuracy: 11.38
Training Epoch: 13/200	Train Loss: 2.6177	Val Accuracy: 11.38
Training Epoch: 14/200	Train Loss: 2.3759	Val Accuracy: 9.48
Training Epoch: 15/200	Train Loss: 2.8425	Val Accuracy: 9.48
Training Epoch: 16/200	Train Loss: 4.126	Val Accuracy: 12.54
Training Epoch: 17/200	Train Loss: 2.6457	Val Accuracy: 12.54
Training Epoch: 18/200	Train Loss: 3.1089	Val Accuracy: 12.32
Training Epoch: 19/200	Train Loss: 2.9693	Val Accuracy: 12.32
Training Epoch: 20/200	Train Loss: 3.3307	Val Accuracy: 11.26
Training Epoch: 21/200	Train Loss: 3.7378	Val Accuracy: 11.26
Training Epoch: 22/200	Train Loss: 3.4067	Val Accuracy: 10.52
Training Epoch: 23/200	Train Loss: 3.8057	Val Accuracy: 10.52
Training Epoch: 24/200	Train Loss: 2.2619	Val Accuracy: 11.04
Training Epoch: 25/200	Train Loss: 4.257	Val Accuracy: 11.04
Training Epoch: 26/200	Train Loss: 3.45	Val Accuracy: 10.9
Training Epoch: 27/200	Train Loss: 4.132	Val Accuracy: 10.9
Training Epoch: 28/200	Train Loss: 4.6926	Val Accuracy: 11.5
Training Epoch: 29/200	Train Loss: 4.17	Val Accuracy: 11.5
Training Epoch: 30/200	Train Loss: 3.2061	Val Accuracy: 12.1
Training Epoch: 31/200	Train Loss: 2.4471	Val Accuracy: 12.1
Training Epoch: 32/200	Train Loss: 2.8063	Val Accuracy: 13.06
Training Epoch: 33/200	Train Loss: 2.4411	Val Accuracy: 13.06
Training Epoch: 34/200	Train Loss: 2.87	Val Accuracy: 13.04
Training Epoch: 35/200	Train Loss: 3.0582	Val Accuracy: 13.04
Training Epoch: 36/200	Train Loss: 2.2164	Val Accuracy: 13.84
Training Epoch: 37/200	Train Loss: 2.2323	Val Accuracy: 13.84
Training Epoch: 38/200	Train Loss: 3.0379	Val Accuracy: 13.22
Training Epoch: 39/200	Train Loss: 4.4287	Val Accuracy: 13.22
Training Epoch: 40/200	Train Loss: 3.6513	Val Accuracy: 13.3
Training Epoch: 41/200	Train Loss: 3.4041	Val Accuracy: 13.3
Training Epoch: 42/200	Train Loss: 2.1785	Val Accuracy: 13.18
Training Epoch: 43/200	Train Loss: 4.0167	Val Accuracy: 13.18
Training Epoch: 44/200	Train Loss: 2.5506	Val Accuracy: 13.56
Training Epoch: 45/200	Train Loss: 5.4223	Val Accuracy: 13.56
Training Epoch: 46/200	Train Loss: 4.0189	Val Accuracy: 12.08
Training Epoch: 47/200	Train Loss: 3.9397	Val Accuracy: 12.08
Training Epoch: 48/200	Train Loss: 2.8169	Val Accuracy: 13.62
Training Epoch: 49/200	Train Loss: 2.999	Val Accuracy: 13.62
Training Epoch: 50/200	Train Loss: 2.6336	Val Accuracy: 13.46
Training Epoch: 51/200	Train Loss: 3.2497	Val Accuracy: 13.46
Training Epoch: 52/200	Train Loss: 3.7401	Val Accuracy: 14.88
Training Epoch: 53/200	Train Loss: 3.29	Val Accuracy: 14.88
Training Epoch: 54/200	Train Loss: 3.3758	Val Accuracy: 15.76
Training Epoch: 55/200	Train Loss: 2.7076	Val Accuracy: 15.76
Training Epoch: 56/200	Train Loss: 2.595	Val Accuracy: 16.76
Training Epoch: 57/200	Train Loss: 2.6622	Val Accuracy: 16.76
Training Epoch: 58/200	Train Loss: 3.5131	Val Accuracy: 17.22
Training Epoch: 59/200	Train Loss: 2.3202	Val Accuracy: 17.22
Training Epoch: 60/200	Train Loss: 3.23	Val Accuracy: 16.96
Training Epoch: 61/200	Train Loss: 2.8528	Val Accuracy: 16.96
Training Epoch: 62/200	Train Loss: 2.1537	Val Accuracy: 17.56
Training Epoch: 63/200	Train Loss: 2.4184	Val Accuracy: 17.56
Training Epoch: 64/200	Train Loss: 2.2817	Val Accuracy: 18.24
Training Epoch: 65/200	Train Loss: 2.0341	Val Accuracy: 18.24
Training Epoch: 66/200	Train Loss: 1.9935	Val Accuracy: 15.94
Training Epoch: 67/200	Train Loss: 2.1152	Val Accuracy: 15.94
Training Epoch: 68/200	Train Loss: 1.8242	Val Accuracy: 15.8
Training Epoch: 69/200	Train Loss: 2.0614	Val Accuracy: 15.8
Training Epoch: 70/200	Train Loss: 3.7738	Val Accuracy: 15.86
Training Epoch: 71/200	Train Loss: 2.1841	Val Accuracy: 15.86
Training Epoch: 72/200	Train Loss: 1.9314	Val Accuracy: 16.78
Training Epoch: 73/200	Train Loss: 2.0879	Val Accuracy: 16.78
Training Epoch: 74/200	Train Loss: 2.1066	Val Accuracy: 16.86
Training Epoch: 75/200	Train Loss: 4.0096	Val Accuracy: 16.86
Training Epoch: 76/200	Train Loss: 2.0058	Val Accuracy: 18.96
Training Epoch: 77/200	Train Loss: 2.4037	Val Accuracy: 18.96
Training Epoch: 78/200	Train Loss: 2.591	Val Accuracy: 17.68
Training Epoch: 79/200	Train Loss: 2.3366	Val Accuracy: 17.68
Training Epoch: 80/200	Train Loss: 2.1485	Val Accuracy: 19.22
Training Epoch: 81/200	Train Loss: 1.8194	Val Accuracy: 19.22
Training Epoch: 82/200	Train Loss: 2.0001	Val Accuracy: 19.84
Training Epoch: 83/200	Train Loss: 2.0261	Val Accuracy: 19.84
Training Epoch: 84/200	Train Loss: 2.6234	Val Accuracy: 21.06
Training Epoch: 85/200	Train Loss: 1.6473	Val Accuracy: 21.06
Training Epoch: 86/200	Train Loss: 2.3542	Val Accuracy: 21.18
Training Epoch: 87/200	Train Loss: 1.7571	Val Accuracy: 21.18
Training Epoch: 88/200	Train Loss: 1.6187	Val Accuracy: 20.2
Training Epoch: 89/200	Train Loss: 1.5127	Val Accuracy: 20.2
Training Epoch: 90/200	Train Loss: 1.9448	Val Accuracy: 20.26
Training Epoch: 91/200	Train Loss: 1.9765	Val Accuracy: 20.26
Training Epoch: 92/200	Train Loss: 3.2375	Val Accuracy: 20.44
Training Epoch: 93/200	Train Loss: 1.8181	Val Accuracy: 20.44
Training Epoch: 94/200	Train Loss: 3.2221	Val Accuracy: 16.92
Training Epoch: 95/200	Train Loss: 2.3837	Val Accuracy: 16.92
Training Epoch: 96/200	Train Loss: 2.1177	Val Accuracy: 19.82
Training Epoch: 97/200	Train Loss: 1.7957	Val Accuracy: 19.82
Training Epoch: 98/200	Train Loss: 2.9158	Val Accuracy: 21.48
Training Epoch: 99/200	Train Loss: 1.7527	Val Accuracy: 21.48
Training Epoch: 100/200	Train Loss: 1.6485	Val Accuracy: 20.96
Training Epoch: 101/200	Train Loss: 2.0717	Val Accuracy: 20.96
Training Epoch: 102/200	Train Loss: 1.8012	Val Accuracy: 21.1
Training Epoch: 103/200	Train Loss: 2.3817	Val Accuracy: 21.1
Training Epoch: 104/200	Train Loss: 1.786	Val Accuracy: 22.08
Training Epoch: 105/200	Train Loss: 1.4858	Val Accuracy: 22.08
Training Epoch: 106/200	Train Loss: 1.4492	Val Accuracy: 24.02
Training Epoch: 107/200	Train Loss: 1.5706	Val Accuracy: 24.02
Training Epoch: 108/200	Train Loss: 2.9262	Val Accuracy: 23.14
Training Epoch: 109/200	Train Loss: 1.7082	Val Accuracy: 23.14
Training Epoch: 110/200	Train Loss: 1.5093	Val Accuracy: 22.44
Training Epoch: 111/200	Train Loss: 1.5306	Val Accuracy: 22.44
Training Epoch: 112/200	Train Loss: 1.6412	Val Accuracy: 22.54
Training Epoch: 113/200	Train Loss: 1.9578	Val Accuracy: 22.54
Training Epoch: 114/200	Train Loss: 2.2418	Val Accuracy: 23.06
Training Epoch: 115/200	Train Loss: 1.2571	Val Accuracy: 23.06
Training Epoch: 116/200	Train Loss: 1.7665	Val Accuracy: 24.54
Training Epoch: 117/200	Train Loss: 1.2132	Val Accuracy: 24.54
Training Epoch: 118/200	Train Loss: 1.5025	Val Accuracy: 25.46
Training Epoch: 119/200	Train Loss: 1.448	Val Accuracy: 25.46
Training Epoch: 120/200	Train Loss: 1.0933	Val Accuracy: 24.82
Training Epoch: 121/200	Train Loss: 3.0627	Val Accuracy: 24.82
Training Epoch: 122/200	Train Loss: 2.6193	Val Accuracy: 24.68
Training Epoch: 123/200	Train Loss: 1.961	Val Accuracy: 24.68
Training Epoch: 124/200	Train Loss: 1.7367	Val Accuracy: 23.4
Training Epoch: 125/200	Train Loss: 1.1546	Val Accuracy: 23.4
Training Epoch: 126/200	Train Loss: 1.2635	Val Accuracy: 22.92
Training Epoch: 127/200	Train Loss: 1.3188	Val Accuracy: 22.92
Training Epoch: 128/200	Train Loss: 1.5114	Val Accuracy: 23.1
Training Epoch: 129/200	Train Loss: 1.7918	Val Accuracy: 23.1
Training Epoch: 130/200	Train Loss: 1.8619	Val Accuracy: 24.62
Training Epoch: 131/200	Train Loss: 0.8551	Val Accuracy: 24.62
Training Epoch: 132/200	Train Loss: 1.3374	Val Accuracy: 24.64
Training Epoch: 133/200	Train Loss: 1.9718	Val Accuracy: 24.64
Training Epoch: 134/200	Train Loss: 1.1352	Val Accuracy: 26.4
Training Epoch: 135/200	Train Loss: 1.2604	Val Accuracy: 26.4
Training Epoch: 136/200	Train Loss: 1.0451	Val Accuracy: 25.58
Training Epoch: 137/200	Train Loss: 1.1576	Val Accuracy: 25.58
Training Epoch: 138/200	Train Loss: 0.857	Val Accuracy: 26.62
Training Epoch: 139/200	Train Loss: 0.8563	Val Accuracy: 26.62
Training Epoch: 140/200	Train Loss: 1.3183	Val Accuracy: 26.36
Training Epoch: 141/200	Train Loss: 0.8393	Val Accuracy: 26.36
Training Epoch: 142/200	Train Loss: 0.9444	Val Accuracy: 27.2
Training Epoch: 143/200	Train Loss: 1.5365	Val Accuracy: 27.2
Training Epoch: 144/200	Train Loss: 0.9311	Val Accuracy: 26.24
Training Epoch: 145/200	Train Loss: 0.6325	Val Accuracy: 26.24
Training Epoch: 146/200	Train Loss: 1.2648	Val Accuracy: 26.04
Training Epoch: 147/200	Train Loss: 0.5622	Val Accuracy: 26.04
Training Epoch: 148/200	Train Loss: 0.8776	Val Accuracy: 26.08
Training Epoch: 149/200	Train Loss: 0.7062	Val Accuracy: 26.08
Training Epoch: 150/200	Train Loss: 1.3504	Val Accuracy: 25.92
Training Epoch: 151/200	Train Loss: 0.3827	Val Accuracy: 25.92
Training Epoch: 152/200	Train Loss: 0.5679	Val Accuracy: 27.18
Training Epoch: 153/200	Train Loss: 0.3941	Val Accuracy: 27.18
Training Epoch: 154/200	Train Loss: 0.595	Val Accuracy: 26.76
Training Epoch: 155/200	Train Loss: 0.8342	Val Accuracy: 26.76
Training Epoch: 156/200	Train Loss: 1.0419	Val Accuracy: 26.46
Training Epoch: 157/200	Train Loss: 1.0177	Val Accuracy: 26.46
Training Epoch: 158/200	Train Loss: 0.8674	Val Accuracy: 26.42
Training Epoch: 159/200	Train Loss: 0.5751	Val Accuracy: 26.42
Training Epoch: 160/200	Train Loss: 0.6114	Val Accuracy: 26.38
Training Epoch: 161/200	Train Loss: 0.7167	Val Accuracy: 26.38
Training Epoch: 162/200	Train Loss: 0.7118	Val Accuracy: 27.56
Training Epoch: 163/200	Train Loss: 0.455	Val Accuracy: 27.56
Training Epoch: 164/200	Train Loss: 0.8416	Val Accuracy: 27.0
Training Epoch: 165/200	Train Loss: 0.8204	Val Accuracy: 27.0
Training Epoch: 166/200	Train Loss: 0.7552	Val Accuracy: 27.6
Training Epoch: 167/200	Train Loss: 0.2423	Val Accuracy: 27.6
Training Epoch: 168/200	Train Loss: 0.4837	Val Accuracy: 27.52
Training Epoch: 169/200	Train Loss: 0.4342	Val Accuracy: 27.52
Training Epoch: 170/200	Train Loss: 0.766	Val Accuracy: 27.16
Training Epoch: 171/200	Train Loss: 0.3316	Val Accuracy: 27.16
Training Epoch: 172/200	Train Loss: 0.6327	Val Accuracy: 27.4
Training Epoch: 173/200	Train Loss: 0.3063	Val Accuracy: 27.4
Training Epoch: 174/200	Train Loss: 0.215	Val Accuracy: 27.12
Training Epoch: 175/200	Train Loss: 0.1759	Val Accuracy: 27.12
Training Epoch: 176/200	Train Loss: 0.5026	Val Accuracy: 26.16
Training Epoch: 177/200	Train Loss: 0.3478	Val Accuracy: 26.16
Training Epoch: 178/200	Train Loss: 0.2865	Val Accuracy: 27.36
Training Epoch: 179/200	Train Loss: 0.2541	Val Accuracy: 27.36
Training Epoch: 180/200	Train Loss: 0.4793	Val Accuracy: 28.2
Training Epoch: 181/200	Train Loss: 0.1844	Val Accuracy: 28.2
Training Epoch: 182/200	Train Loss: 0.2409	Val Accuracy: 26.82
Training Epoch: 183/200	Train Loss: 0.3005	Val Accuracy: 26.82
Training Epoch: 184/200	Train Loss: 0.6384	Val Accuracy: 27.22
Training Epoch: 185/200	Train Loss: 0.4805	Val Accuracy: 27.22
Training Epoch: 186/200	Train Loss: 0.3502	Val Accuracy: 26.98
Training Epoch: 187/200	Train Loss: 0.1941	Val Accuracy: 26.98
Training Epoch: 188/200	Train Loss: 0.3588	Val Accuracy: 26.64
Training Epoch: 189/200	Train Loss: 0.2179	Val Accuracy: 26.64
Training Epoch: 190/200	Train Loss: 1.0397	Val Accuracy: 28.08
Training Epoch: 191/200	Train Loss: 0.3228	Val Accuracy: 28.08
Training Epoch: 192/200	Train Loss: 1.0747	Val Accuracy: 27.34
Training Epoch: 193/200	Train Loss: 0.1626	Val Accuracy: 27.34
Training Epoch: 194/200	Train Loss: 0.1389	Val Accuracy: 27.24
Training Epoch: 195/200	Train Loss: 0.2443	Val Accuracy: 27.24
Training Epoch: 196/200	Train Loss: 0.6444	Val Accuracy: 27.02
Training Epoch: 197/200	Train Loss: 0.197	Val Accuracy: 27.02
Training Epoch: 198/200	Train Loss: 0.7978	Val Accuracy: 26.82
Training Epoch: 199/200	Train Loss: 0.1536	Val Accuracy: 26.82
Training Epoch: 200/200	Train Loss: 0.231	Val Accuracy: 27.58

Wrote Best Model Checkpoint to: vlBest_acc_28_model_epoch_0180.pyth

Best Validation Accuracy: 28.2
Best Epoch: 180

======== TESTING ========

Test Accuracy: 27.9.

======== ACTIVE SAMPLING ========

len(uSetLoader): 447
u_ranks.shape: (44700,)
Active Sampling Complete. After Episode 5:
New Labeled Set: 350, New Unlabeled Set: 44650, Active Set: 50

================================


Current accuracy values:  [17.790000000000006, 22.30999992370606, 15.810000000000002, 25.189999732971188, 23.359999847412112, 27.899999427795407]
Starting model from scratch - ignoring existing weights.
<All keys matched successfully>
None
======== EPISODE 6 BEGINS ========

======== TRAINING ========
Training Epoch: 1/200	Train Loss: 11.467	Val Accuracy: 0.0
Training Epoch: 2/200	Train Loss: 14.1699	Val Accuracy: 10.22
Training Epoch: 3/200	Train Loss: 7.8042	Val Accuracy: 10.22
Training Epoch: 4/200	Train Loss: 7.0702	Val Accuracy: 9.92
Training Epoch: 5/200	Train Loss: 4.4362	Val Accuracy: 9.92
Training Epoch: 6/200	Train Loss: 3.8885	Val Accuracy: 9.76
Training Epoch: 7/200	Train Loss: 4.2071	Val Accuracy: 9.76
Training Epoch: 8/200	Train Loss: 2.372	Val Accuracy: 10.24
Training Epoch: 9/200	Train Loss: 6.7386	Val Accuracy: 10.24
Training Epoch: 10/200	Train Loss: 4.5362	Val Accuracy: 13.6
Training Epoch: 11/200	Train Loss: 4.8449	Val Accuracy: 13.6
Training Epoch: 12/200	Train Loss: 2.6994	Val Accuracy: 11.44
Training Epoch: 13/200	Train Loss: 5.5117	Val Accuracy: 11.44
Training Epoch: 14/200	Train Loss: 4.2448	Val Accuracy: 10.48
Training Epoch: 15/200	Train Loss: 2.701	Val Accuracy: 10.48
Training Epoch: 16/200	Train Loss: 3.9489	Val Accuracy: 9.88
Training Epoch: 17/200	Train Loss: 4.3828	Val Accuracy: 9.88
Training Epoch: 18/200	Train Loss: 4.3695	Val Accuracy: 10.26
Training Epoch: 19/200	Train Loss: 3.9183	Val Accuracy: 10.26
Training Epoch: 20/200	Train Loss: 4.7074	Val Accuracy: 9.34
Training Epoch: 21/200	Train Loss: 4.0281	Val Accuracy: 9.34
Training Epoch: 22/200	Train Loss: 3.4577	Val Accuracy: 14.46
Training Epoch: 23/200	Train Loss: 3.3438	Val Accuracy: 14.46
Training Epoch: 24/200	Train Loss: 4.9951	Val Accuracy: 16.16
Training Epoch: 25/200	Train Loss: 3.4107	Val Accuracy: 16.16
Training Epoch: 26/200	Train Loss: 3.4059	Val Accuracy: 11.64
Training Epoch: 27/200	Train Loss: 3.5474	Val Accuracy: 11.64
Training Epoch: 28/200	Train Loss: 3.6059	Val Accuracy: 12.72
Training Epoch: 29/200	Train Loss: 3.9825	Val Accuracy: 12.72
Training Epoch: 30/200	Train Loss: 2.323	Val Accuracy: 13.44
Training Epoch: 31/200	Train Loss: 3.8577	Val Accuracy: 13.44
Training Epoch: 32/200	Train Loss: 3.995	Val Accuracy: 12.36
Training Epoch: 33/200	Train Loss: 2.3812	Val Accuracy: 12.36
Training Epoch: 34/200	Train Loss: 3.3413	Val Accuracy: 14.42
Training Epoch: 35/200	Train Loss: 2.192	Val Accuracy: 14.42
Training Epoch: 36/200	Train Loss: 3.7692	Val Accuracy: 14.78
Training Epoch: 37/200	Train Loss: 2.7446	Val Accuracy: 14.78
Training Epoch: 38/200	Train Loss: 5.5375	Val Accuracy: 17.98
Training Epoch: 39/200	Train Loss: 3.3949	Val Accuracy: 17.98
Training Epoch: 40/200	Train Loss: 4.2847	Val Accuracy: 17.18
Training Epoch: 41/200	Train Loss: 3.7975	Val Accuracy: 17.18
Training Epoch: 42/200	Train Loss: 3.65	Val Accuracy: 14.1
Training Epoch: 43/200	Train Loss: 2.2018	Val Accuracy: 14.1
Training Epoch: 44/200	Train Loss: 3.5252	Val Accuracy: 12.24
Training Epoch: 45/200	Train Loss: 2.9535	Val Accuracy: 12.24
Training Epoch: 46/200	Train Loss: 5.626	Val Accuracy: 16.12
Training Epoch: 47/200	Train Loss: 2.505	Val Accuracy: 16.12
Training Epoch: 48/200	Train Loss: 3.4884	Val Accuracy: 14.14
Training Epoch: 49/200	Train Loss: 2.8855	Val Accuracy: 14.14
Training Epoch: 50/200	Train Loss: 2.1376	Val Accuracy: 13.38
Training Epoch: 51/200	Train Loss: 3.1031	Val Accuracy: 13.38
Training Epoch: 52/200	Train Loss: 4.3319	Val Accuracy: 10.16
Training Epoch: 53/200	Train Loss: 2.4338	Val Accuracy: 10.16
Training Epoch: 54/200	Train Loss: 3.9796	Val Accuracy: 12.46
Training Epoch: 55/200	Train Loss: 4.5593	Val Accuracy: 12.46
Training Epoch: 56/200	Train Loss: 2.5527	Val Accuracy: 14.86
Training Epoch: 57/200	Train Loss: 2.1454	Val Accuracy: 14.86
Training Epoch: 58/200	Train Loss: 4.896	Val Accuracy: 12.18
Training Epoch: 59/200	Train Loss: 3.3081	Val Accuracy: 12.18
Training Epoch: 60/200	Train Loss: 2.0885	Val Accuracy: 15.78
Training Epoch: 61/200	Train Loss: 2.2666	Val Accuracy: 15.78
Training Epoch: 62/200	Train Loss: 3.0418	Val Accuracy: 15.0
Training Epoch: 63/200	Train Loss: 2.1569	Val Accuracy: 15.0
Training Epoch: 64/200	Train Loss: 3.0897	Val Accuracy: 15.6
Training Epoch: 65/200	Train Loss: 2.1759	Val Accuracy: 15.6
Training Epoch: 66/200	Train Loss: 3.0995	Val Accuracy: 16.3
Training Epoch: 67/200	Train Loss: 3.5319	Val Accuracy: 16.3
Training Epoch: 68/200	Train Loss: 2.4768	Val Accuracy: 17.62
Training Epoch: 69/200	Train Loss: 2.4685	Val Accuracy: 17.62
Training Epoch: 70/200	Train Loss: 3.1072	Val Accuracy: 18.42
Training Epoch: 71/200	Train Loss: 2.7975	Val Accuracy: 18.42
Training Epoch: 72/200	Train Loss: 2.309	Val Accuracy: 20.14
Training Epoch: 73/200	Train Loss: 2.6547	Val Accuracy: 20.14
Training Epoch: 74/200	Train Loss: 3.3247	Val Accuracy: 20.96
Training Epoch: 75/200	Train Loss: 2.4298	Val Accuracy: 20.96
Training Epoch: 76/200	Train Loss: 1.7717	Val Accuracy: 20.98
Training Epoch: 77/200	Train Loss: 3.1776	Val Accuracy: 20.98
Training Epoch: 78/200	Train Loss: 1.738	Val Accuracy: 22.44
Training Epoch: 79/200	Train Loss: 3.3818	Val Accuracy: 22.44
Training Epoch: 80/200	Train Loss: 1.8056	Val Accuracy: 22.62
Training Epoch: 81/200	Train Loss: 2.4945	Val Accuracy: 22.62
Training Epoch: 82/200	Train Loss: 1.9097	Val Accuracy: 21.78
Training Epoch: 83/200	Train Loss: 2.705	Val Accuracy: 21.78
Training Epoch: 84/200	Train Loss: 3.5705	Val Accuracy: 24.66
Training Epoch: 85/200	Train Loss: 2.1246	Val Accuracy: 24.66
Training Epoch: 86/200	Train Loss: 2.5136	Val Accuracy: 25.52
Training Epoch: 87/200	Train Loss: 1.8631	Val Accuracy: 25.52
Training Epoch: 88/200	Train Loss: 2.3333	Val Accuracy: 24.64
Training Epoch: 89/200	Train Loss: 2.1305	Val Accuracy: 24.64
Training Epoch: 90/200	Train Loss: 1.9391	Val Accuracy: 24.1
Training Epoch: 91/200	Train Loss: 1.5645	Val Accuracy: 24.1
Training Epoch: 92/200	Train Loss: 2.0577	Val Accuracy: 24.48
Training Epoch: 93/200	Train Loss: 2.3398	Val Accuracy: 24.48
Training Epoch: 94/200	Train Loss: 2.184	Val Accuracy: 24.9
Training Epoch: 95/200	Train Loss: 2.583	Val Accuracy: 24.9
Training Epoch: 96/200	Train Loss: 1.4767	Val Accuracy: 26.32
Training Epoch: 97/200	Train Loss: 1.7221	Val Accuracy: 26.32
Training Epoch: 98/200	Train Loss: 1.9572	Val Accuracy: 25.44
Training Epoch: 99/200	Train Loss: 1.205	Val Accuracy: 25.44
Training Epoch: 100/200	Train Loss: 2.1207	Val Accuracy: 25.6
Training Epoch: 101/200	Train Loss: 2.8875	Val Accuracy: 25.6
Training Epoch: 102/200	Train Loss: 1.1257	Val Accuracy: 25.34
Training Epoch: 103/200	Train Loss: 1.6461	Val Accuracy: 25.34
Training Epoch: 104/200	Train Loss: 1.8706	Val Accuracy: 26.36
Training Epoch: 105/200	Train Loss: 1.6516	Val Accuracy: 26.36
Training Epoch: 106/200	Train Loss: 1.2714	Val Accuracy: 25.7
Training Epoch: 107/200	Train Loss: 1.4758	Val Accuracy: 25.7
Training Epoch: 108/200	Train Loss: 2.463	Val Accuracy: 26.32
Training Epoch: 109/200	Train Loss: 2.5789	Val Accuracy: 26.32
Training Epoch: 110/200	Train Loss: 1.2447	Val Accuracy: 24.78
Training Epoch: 111/200	Train Loss: 1.6638	Val Accuracy: 24.78
Training Epoch: 112/200	Train Loss: 1.7724	Val Accuracy: 25.3
Training Epoch: 113/200	Train Loss: 1.2298	Val Accuracy: 25.3
Training Epoch: 114/200	Train Loss: 1.8191	Val Accuracy: 25.82
Training Epoch: 115/200	Train Loss: 1.1327	Val Accuracy: 25.82
Training Epoch: 116/200	Train Loss: 1.9617	Val Accuracy: 26.82
Training Epoch: 117/200	Train Loss: 1.3361	Val Accuracy: 26.82
Training Epoch: 118/200	Train Loss: 1.4426	Val Accuracy: 27.54
Training Epoch: 119/200	Train Loss: 2.1122	Val Accuracy: 27.54
Training Epoch: 120/200	Train Loss: 1.2676	Val Accuracy: 22.06
Training Epoch: 121/200	Train Loss: 1.2001	Val Accuracy: 22.06
Training Epoch: 122/200	Train Loss: 1.1631	Val Accuracy: 23.64
Training Epoch: 123/200	Train Loss: 1.1848	Val Accuracy: 23.64
Training Epoch: 124/200	Train Loss: 1.8655	Val Accuracy: 25.9
Training Epoch: 125/200	Train Loss: 1.1714	Val Accuracy: 25.9
Training Epoch: 126/200	Train Loss: 0.8956	Val Accuracy: 27.08
Training Epoch: 127/200	Train Loss: 1.0157	Val Accuracy: 27.08
Training Epoch: 128/200	Train Loss: 0.9434	Val Accuracy: 26.22
Training Epoch: 129/200	Train Loss: 4.0665	Val Accuracy: 26.22
Training Epoch: 130/200	Train Loss: 1.1199	Val Accuracy: 25.24
Training Epoch: 131/200	Train Loss: 1.6736	Val Accuracy: 25.24
Training Epoch: 132/200	Train Loss: 1.7329	Val Accuracy: 26.08
Training Epoch: 133/200	Train Loss: 1.361	Val Accuracy: 26.08
Training Epoch: 134/200	Train Loss: 1.1712	Val Accuracy: 26.8
Training Epoch: 135/200	Train Loss: 1.0689	Val Accuracy: 26.8
Training Epoch: 136/200	Train Loss: 1.2184	Val Accuracy: 27.0
Training Epoch: 137/200	Train Loss: 0.8252	Val Accuracy: 27.0
Training Epoch: 138/200	Train Loss: 0.7209	Val Accuracy: 26.04
Training Epoch: 139/200	Train Loss: 0.782	Val Accuracy: 26.04
Training Epoch: 140/200	Train Loss: 0.6931	Val Accuracy: 26.12
Training Epoch: 141/200	Train Loss: 1.1116	Val Accuracy: 26.12
Training Epoch: 142/200	Train Loss: 0.6494	Val Accuracy: 26.92
Training Epoch: 143/200	Train Loss: 1.0475	Val Accuracy: 26.92
Training Epoch: 144/200	Train Loss: 1.5211	Val Accuracy: 27.42
Training Epoch: 145/200	Train Loss: 0.9462	Val Accuracy: 27.42
Training Epoch: 146/200	Train Loss: 1.4738	Val Accuracy: 26.42
Training Epoch: 147/200	Train Loss: 1.1147	Val Accuracy: 26.42
Training Epoch: 148/200	Train Loss: 0.8981	Val Accuracy: 26.78
Training Epoch: 149/200	Train Loss: 1.7863	Val Accuracy: 26.78
Training Epoch: 150/200	Train Loss: 0.5916	Val Accuracy: 27.76
Training Epoch: 151/200	Train Loss: 0.9239	Val Accuracy: 27.76
Training Epoch: 152/200	Train Loss: 1.449	Val Accuracy: 27.06
Training Epoch: 153/200	Train Loss: 1.2646	Val Accuracy: 27.06
Training Epoch: 154/200	Train Loss: 0.8597	Val Accuracy: 27.3
Training Epoch: 155/200	Train Loss: 0.3414	Val Accuracy: 27.3
Training Epoch: 156/200	Train Loss: 0.8504	Val Accuracy: 27.56
Training Epoch: 157/200	Train Loss: 1.3753	Val Accuracy: 27.56
Training Epoch: 158/200	Train Loss: 0.5606	Val Accuracy: 26.34
Training Epoch: 159/200	Train Loss: 0.6113	Val Accuracy: 26.34
Training Epoch: 160/200	Train Loss: 0.8076	Val Accuracy: 26.4
Training Epoch: 161/200	Train Loss: 1.0137	Val Accuracy: 26.4
Training Epoch: 162/200	Train Loss: 0.5215	Val Accuracy: 25.98
Training Epoch: 163/200	Train Loss: 0.6069	Val Accuracy: 25.98
Training Epoch: 164/200	Train Loss: 0.4699	Val Accuracy: 28.0
Training Epoch: 165/200	Train Loss: 0.8361	Val Accuracy: 28.0
Training Epoch: 166/200	Train Loss: 0.918	Val Accuracy: 28.1
Training Epoch: 167/200	Train Loss: 1.0353	Val Accuracy: 28.1
Training Epoch: 168/200	Train Loss: 0.322	Val Accuracy: 27.52
Training Epoch: 169/200	Train Loss: 0.573	Val Accuracy: 27.52
Training Epoch: 170/200	Train Loss: 0.4351	Val Accuracy: 27.8
Training Epoch: 171/200	Train Loss: 0.5439	Val Accuracy: 27.8
Training Epoch: 172/200	Train Loss: 0.1478	Val Accuracy: 26.94
Training Epoch: 173/200	Train Loss: 0.3018	Val Accuracy: 26.94
Training Epoch: 174/200	Train Loss: 0.5836	Val Accuracy: 27.8
Training Epoch: 175/200	Train Loss: 0.5686	Val Accuracy: 27.8
Training Epoch: 176/200	Train Loss: 0.8364	Val Accuracy: 28.56
Training Epoch: 177/200	Train Loss: 1.3095	Val Accuracy: 28.56
Training Epoch: 178/200	Train Loss: 0.9154	Val Accuracy: 27.36
Training Epoch: 179/200	Train Loss: 0.2276	Val Accuracy: 27.36
Training Epoch: 180/200	Train Loss: 0.4061	Val Accuracy: 27.48
Training Epoch: 181/200	Train Loss: 0.5929	Val Accuracy: 27.48
Training Epoch: 182/200	Train Loss: 0.2107	Val Accuracy: 27.72
Training Epoch: 183/200	Train Loss: 0.7632	Val Accuracy: 27.72
Training Epoch: 184/200	Train Loss: 0.8397	Val Accuracy: 27.6
Training Epoch: 185/200	Train Loss: 0.3669	Val Accuracy: 27.6
Training Epoch: 186/200	Train Loss: 0.4611	Val Accuracy: 27.44
Training Epoch: 187/200	Train Loss: 0.7393	Val Accuracy: 27.44
Training Epoch: 188/200	Train Loss: 0.1415	Val Accuracy: 27.52
Training Epoch: 189/200	Train Loss: 0.8997	Val Accuracy: 27.52
Training Epoch: 190/200	Train Loss: 0.1688	Val Accuracy: 27.46
Training Epoch: 191/200	Train Loss: 0.6281	Val Accuracy: 27.46
Training Epoch: 192/200	Train Loss: 0.3205	Val Accuracy: 27.68
Training Epoch: 193/200	Train Loss: 0.6177	Val Accuracy: 27.68
Training Epoch: 194/200	Train Loss: 0.1578	Val Accuracy: 28.56
Training Epoch: 195/200	Train Loss: 1.2208	Val Accuracy: 28.56
Training Epoch: 196/200	Train Loss: 0.1897	Val Accuracy: 27.32
Training Epoch: 197/200	Train Loss: 1.4229	Val Accuracy: 27.32
Training Epoch: 198/200	Train Loss: 0.1745	Val Accuracy: 27.54
Training Epoch: 199/200	Train Loss: 0.3019	Val Accuracy: 27.54
Training Epoch: 200/200	Train Loss: 1.4495	Val Accuracy: 27.86

Wrote Best Model Checkpoint to: vlBest_acc_28_model_epoch_0194.pyth

Best Validation Accuracy: 28.56
Best Epoch: 194

======== TESTING ========

Test Accuracy: 27.56.

======== ACTIVE SAMPLING ========

len(uSetLoader): 447
u_ranks.shape: (44650,)
Active Sampling Complete. After Episode 6:
New Labeled Set: 400, New Unlabeled Set: 44600, Active Set: 50

================================


Current accuracy values:  [17.790000000000006, 22.30999992370606, 15.810000000000002, 25.189999732971188, 23.359999847412112, 27.899999427795407, 27.55999961853027]
Starting model from scratch - ignoring existing weights.
<All keys matched successfully>
None
======== EPISODE 7 BEGINS ========

======== TRAINING ========
Training Epoch: 1/200	Train Loss: 16.797	Val Accuracy: 0.0
Training Epoch: 2/200	Train Loss: 17.4823	Val Accuracy: 10.04
Training Epoch: 3/200	Train Loss: 10.1532	Val Accuracy: 10.04
Training Epoch: 4/200	Train Loss: 3.9416	Val Accuracy: 9.98
Training Epoch: 5/200	Train Loss: 3.6355	Val Accuracy: 9.98
Training Epoch: 6/200	Train Loss: 6.1502	Val Accuracy: 10.14
Training Epoch: 7/200	Train Loss: 3.0774	Val Accuracy: 10.14
Training Epoch: 8/200	Train Loss: 3.6513	Val Accuracy: 11.32
Training Epoch: 9/200	Train Loss: 3.4451	Val Accuracy: 11.32
Training Epoch: 10/200	Train Loss: 3.4136	Val Accuracy: 10.8
Training Epoch: 11/200	Train Loss: 5.0647	Val Accuracy: 10.8
Training Epoch: 12/200	Train Loss: 2.8077	Val Accuracy: 10.96
Training Epoch: 13/200	Train Loss: 3.6473	Val Accuracy: 10.96
Training Epoch: 14/200	Train Loss: 3.7656	Val Accuracy: 10.52
Training Epoch: 15/200	Train Loss: 3.8444	Val Accuracy: 10.52
Training Epoch: 16/200	Train Loss: 5.4903	Val Accuracy: 10.64
Training Epoch: 17/200	Train Loss: 7.5049	Val Accuracy: 10.64
Training Epoch: 18/200	Train Loss: 3.5357	Val Accuracy: 10.96
Training Epoch: 19/200	Train Loss: 6.3309	Val Accuracy: 10.96
Training Epoch: 20/200	Train Loss: 3.2946	Val Accuracy: 10.16
Training Epoch: 21/200	Train Loss: 3.6059	Val Accuracy: 10.16
Training Epoch: 22/200	Train Loss: 3.6128	Val Accuracy: 10.32
Training Epoch: 23/200	Train Loss: 4.1862	Val Accuracy: 10.32
Training Epoch: 24/200	Train Loss: 6.586	Val Accuracy: 11.74
Training Epoch: 25/200	Train Loss: 2.434	Val Accuracy: 11.74
Training Epoch: 26/200	Train Loss: 2.8175	Val Accuracy: 10.74
Training Epoch: 27/200	Train Loss: 2.2105	Val Accuracy: 10.74
Training Epoch: 28/200	Train Loss: 3.4835	Val Accuracy: 11.5
Training Epoch: 29/200	Train Loss: 7.1675	Val Accuracy: 11.5
Training Epoch: 30/200	Train Loss: 6.0636	Val Accuracy: 9.86
Training Epoch: 31/200	Train Loss: 3.4292	Val Accuracy: 9.86
Training Epoch: 32/200	Train Loss: 3.3208	Val Accuracy: 10.68
Training Epoch: 33/200	Train Loss: 4.0823	Val Accuracy: 10.68
Training Epoch: 34/200	Train Loss: 4.7032	Val Accuracy: 10.6
Training Epoch: 35/200	Train Loss: 3.0713	Val Accuracy: 10.6
Training Epoch: 36/200	Train Loss: 4.1324	Val Accuracy: 13.36
Training Epoch: 37/200	Train Loss: 3.6846	Val Accuracy: 13.36
Training Epoch: 38/200	Train Loss: 3.4498	Val Accuracy: 14.88
Training Epoch: 39/200	Train Loss: 2.9883	Val Accuracy: 14.88
Training Epoch: 40/200	Train Loss: 4.1475	Val Accuracy: 16.36
Training Epoch: 41/200	Train Loss: 2.4996	Val Accuracy: 16.36
Training Epoch: 42/200	Train Loss: 2.4089	Val Accuracy: 14.38
Training Epoch: 43/200	Train Loss: 2.882	Val Accuracy: 14.38
Training Epoch: 44/200	Train Loss: 4.3411	Val Accuracy: 15.08
Training Epoch: 45/200	Train Loss: 3.4438	Val Accuracy: 15.08
Training Epoch: 46/200	Train Loss: 3.8244	Val Accuracy: 18.72
Training Epoch: 47/200	Train Loss: 3.0266	Val Accuracy: 18.72
Training Epoch: 48/200	Train Loss: 2.5527	Val Accuracy: 17.7
Training Epoch: 49/200	Train Loss: 2.2278	Val Accuracy: 17.7
Training Epoch: 50/200	Train Loss: 4.4237	Val Accuracy: 19.52
Training Epoch: 51/200	Train Loss: 1.9746	Val Accuracy: 19.52
Training Epoch: 52/200	Train Loss: 1.9436	Val Accuracy: 19.36
Training Epoch: 53/200	Train Loss: 2.637	Val Accuracy: 19.36
Training Epoch: 54/200	Train Loss: 2.5483	Val Accuracy: 20.4
Training Epoch: 55/200	Train Loss: 2.1111	Val Accuracy: 20.4
Training Epoch: 56/200	Train Loss: 3.3105	Val Accuracy: 21.52
Training Epoch: 57/200	Train Loss: 2.5551	Val Accuracy: 21.52
Training Epoch: 58/200	Train Loss: 3.0909	Val Accuracy: 22.86
Training Epoch: 59/200	Train Loss: 2.1442	Val Accuracy: 22.86
Training Epoch: 60/200	Train Loss: 3.6229	Val Accuracy: 23.6
Training Epoch: 61/200	Train Loss: 4.1953	Val Accuracy: 23.6
Training Epoch: 62/200	Train Loss: 2.011	Val Accuracy: 24.48
Training Epoch: 63/200	Train Loss: 1.7599	Val Accuracy: 24.48
Training Epoch: 64/200	Train Loss: 1.9668	Val Accuracy: 24.64
Training Epoch: 65/200	Train Loss: 2.7041	Val Accuracy: 24.64
Training Epoch: 66/200	Train Loss: 4.9743	Val Accuracy: 25.0
Training Epoch: 67/200	Train Loss: 1.7004	Val Accuracy: 25.0
Training Epoch: 68/200	Train Loss: 2.7908	Val Accuracy: 25.06
Training Epoch: 69/200	Train Loss: 2.8014	Val Accuracy: 25.06
Training Epoch: 70/200	Train Loss: 2.1847	Val Accuracy: 25.92
Training Epoch: 71/200	Train Loss: 1.5153	Val Accuracy: 25.92
Training Epoch: 72/200	Train Loss: 1.4241	Val Accuracy: 28.44
Training Epoch: 73/200	Train Loss: 1.5642	Val Accuracy: 28.44
Training Epoch: 74/200	Train Loss: 1.6574	Val Accuracy: 27.66
Training Epoch: 75/200	Train Loss: 1.9931	Val Accuracy: 27.66
Training Epoch: 76/200	Train Loss: 1.8579	Val Accuracy: 28.6
Training Epoch: 77/200	Train Loss: 1.5834	Val Accuracy: 28.6
Training Epoch: 78/200	Train Loss: 1.6128	Val Accuracy: 27.56
Training Epoch: 79/200	Train Loss: 1.9904	Val Accuracy: 27.56
Training Epoch: 80/200	Train Loss: 2.8409	Val Accuracy: 26.22
Training Epoch: 81/200	Train Loss: 1.9613	Val Accuracy: 26.22
Training Epoch: 82/200	Train Loss: 2.3636	Val Accuracy: 26.32
Training Epoch: 83/200	Train Loss: 2.179	Val Accuracy: 26.32
Training Epoch: 84/200	Train Loss: 2.1082	Val Accuracy: 28.04
Training Epoch: 85/200	Train Loss: 2.959	Val Accuracy: 28.04
Training Epoch: 86/200	Train Loss: 2.8038	Val Accuracy: 27.86
Training Epoch: 87/200	Train Loss: 2.5485	Val Accuracy: 27.86
Training Epoch: 88/200	Train Loss: 2.2623	Val Accuracy: 26.6
Training Epoch: 89/200	Train Loss: 2.2086	Val Accuracy: 26.6
Training Epoch: 90/200	Train Loss: 1.5215	Val Accuracy: 26.76
Training Epoch: 91/200	Train Loss: 1.8078	Val Accuracy: 26.76
Training Epoch: 92/200	Train Loss: 1.3879	Val Accuracy: 28.58
Training Epoch: 93/200	Train Loss: 3.0986	Val Accuracy: 28.58
Training Epoch: 94/200	Train Loss: 4.3709	Val Accuracy: 28.8
Training Epoch: 95/200	Train Loss: 2.1058	Val Accuracy: 28.8
Training Epoch: 96/200	Train Loss: 1.8184	Val Accuracy: 27.88
Training Epoch: 97/200	Train Loss: 1.6097	Val Accuracy: 27.88
Training Epoch: 98/200	Train Loss: 1.8791	Val Accuracy: 27.08
Training Epoch: 99/200	Train Loss: 1.7329	Val Accuracy: 27.08
Training Epoch: 100/200	Train Loss: 2.5558	Val Accuracy: 27.66
Training Epoch: 101/200	Train Loss: 1.5388	Val Accuracy: 27.66
Training Epoch: 102/200	Train Loss: 1.4475	Val Accuracy: 27.16
Training Epoch: 103/200	Train Loss: 1.8486	Val Accuracy: 27.16
Training Epoch: 104/200	Train Loss: 1.0905	Val Accuracy: 29.78
Training Epoch: 105/200	Train Loss: 1.8376	Val Accuracy: 29.78
Training Epoch: 106/200	Train Loss: 1.067	Val Accuracy: 28.66
Training Epoch: 107/200	Train Loss: 1.6407	Val Accuracy: 28.66
Training Epoch: 108/200	Train Loss: 1.5235	Val Accuracy: 28.78
Training Epoch: 109/200	Train Loss: 2.0499	Val Accuracy: 28.78
Training Epoch: 110/200	Train Loss: 1.071	Val Accuracy: 30.1
Training Epoch: 111/200	Train Loss: 1.2165	Val Accuracy: 30.1
Training Epoch: 112/200	Train Loss: 1.2639	Val Accuracy: 28.16
Training Epoch: 113/200	Train Loss: 1.586	Val Accuracy: 28.16
Training Epoch: 114/200	Train Loss: 1.1434	Val Accuracy: 28.3
Training Epoch: 115/200	Train Loss: 1.1181	Val Accuracy: 28.3
Training Epoch: 116/200	Train Loss: 1.4508	Val Accuracy: 29.16
Training Epoch: 117/200	Train Loss: 2.1901	Val Accuracy: 29.16
Training Epoch: 118/200	Train Loss: 1.4174	Val Accuracy: 29.0
Training Epoch: 119/200	Train Loss: 1.3901	Val Accuracy: 29.0
Training Epoch: 120/200	Train Loss: 1.0335	Val Accuracy: 30.24
Training Epoch: 121/200	Train Loss: 0.7949	Val Accuracy: 30.24
Training Epoch: 122/200	Train Loss: 1.3968	Val Accuracy: 28.64
Training Epoch: 123/200	Train Loss: 1.3876	Val Accuracy: 28.64
Training Epoch: 124/200	Train Loss: 0.9513	Val Accuracy: 29.28
Training Epoch: 125/200	Train Loss: 0.9033	Val Accuracy: 29.28
Training Epoch: 126/200	Train Loss: 0.7761	Val Accuracy: 28.76
Training Epoch: 127/200	Train Loss: 0.6801	Val Accuracy: 28.76
Training Epoch: 128/200	Train Loss: 1.0341	Val Accuracy: 30.68
Training Epoch: 129/200	Train Loss: 0.6913	Val Accuracy: 30.68
Training Epoch: 130/200	Train Loss: 0.6126	Val Accuracy: 30.52
Training Epoch: 131/200	Train Loss: 0.6276	Val Accuracy: 30.52
Training Epoch: 132/200	Train Loss: 2.1403	Val Accuracy: 29.96
Training Epoch: 133/200	Train Loss: 0.7509	Val Accuracy: 29.96
Training Epoch: 134/200	Train Loss: 1.3041	Val Accuracy: 30.68
Training Epoch: 135/200	Train Loss: 0.6625	Val Accuracy: 30.68
Training Epoch: 136/200	Train Loss: 0.9641	Val Accuracy: 29.44
Training Epoch: 137/200	Train Loss: 1.1741	Val Accuracy: 29.44
Training Epoch: 138/200	Train Loss: 0.5057	Val Accuracy: 30.44
Training Epoch: 139/200	Train Loss: 1.3304	Val Accuracy: 30.44
Training Epoch: 140/200	Train Loss: 1.0458	Val Accuracy: 29.84
Training Epoch: 141/200	Train Loss: 0.9589	Val Accuracy: 29.84
Training Epoch: 142/200	Train Loss: 0.7248	Val Accuracy: 30.42
Training Epoch: 143/200	Train Loss: 0.2357	Val Accuracy: 30.42
Training Epoch: 144/200	Train Loss: 0.9743	Val Accuracy: 30.22
Training Epoch: 145/200	Train Loss: 0.598	Val Accuracy: 30.22
Training Epoch: 146/200	Train Loss: 0.7582	Val Accuracy: 31.14
Training Epoch: 147/200	Train Loss: 0.721	Val Accuracy: 31.14
Training Epoch: 148/200	Train Loss: 0.308	Val Accuracy: 30.44
Training Epoch: 149/200	Train Loss: 0.3209	Val Accuracy: 30.44
Training Epoch: 150/200	Train Loss: 1.0328	Val Accuracy: 30.64
Training Epoch: 151/200	Train Loss: 0.3251	Val Accuracy: 30.64
Training Epoch: 152/200	Train Loss: 0.3995	Val Accuracy: 30.9
Training Epoch: 153/200	Train Loss: 0.9078	Val Accuracy: 30.9
Training Epoch: 154/200	Train Loss: 0.7135	Val Accuracy: 29.6
Training Epoch: 155/200	Train Loss: 0.4264	Val Accuracy: 29.6
Training Epoch: 156/200	Train Loss: 0.4985	Val Accuracy: 30.28
Training Epoch: 157/200	Train Loss: 0.8533	Val Accuracy: 30.28
Training Epoch: 158/200	Train Loss: 1.0139	Val Accuracy: 30.04
Training Epoch: 159/200	Train Loss: 0.2301	Val Accuracy: 30.04
Training Epoch: 160/200	Train Loss: 0.4244	Val Accuracy: 30.34
Training Epoch: 161/200	Train Loss: 0.0811	Val Accuracy: 30.34
Training Epoch: 162/200	Train Loss: 0.2215	Val Accuracy: 30.16
Training Epoch: 163/200	Train Loss: 0.3781	Val Accuracy: 30.16
Training Epoch: 164/200	Train Loss: 1.1666	Val Accuracy: 30.68
Training Epoch: 165/200	Train Loss: 0.7318	Val Accuracy: 30.68
Training Epoch: 166/200	Train Loss: 0.4949	Val Accuracy: 29.8
Training Epoch: 167/200	Train Loss: 0.0843	Val Accuracy: 29.8
Training Epoch: 168/200	Train Loss: 0.506	Val Accuracy: 30.16
Training Epoch: 169/200	Train Loss: 0.5273	Val Accuracy: 30.16
Training Epoch: 170/200	Train Loss: 0.1067	Val Accuracy: 30.06
Training Epoch: 171/200	Train Loss: 0.3603	Val Accuracy: 30.06
Training Epoch: 172/200	Train Loss: 0.4554	Val Accuracy: 29.3
Training Epoch: 173/200	Train Loss: 0.17	Val Accuracy: 29.3
Training Epoch: 174/200	Train Loss: 0.1545	Val Accuracy: 30.34
Training Epoch: 175/200	Train Loss: 0.0881	Val Accuracy: 30.34
Training Epoch: 176/200	Train Loss: 0.1845	Val Accuracy: 31.32
Training Epoch: 177/200	Train Loss: 0.17	Val Accuracy: 31.32
Training Epoch: 178/200	Train Loss: 0.0816	Val Accuracy: 30.72
Training Epoch: 179/200	Train Loss: 0.6438	Val Accuracy: 30.72
Training Epoch: 180/200	Train Loss: 0.098	Val Accuracy: 31.7
Training Epoch: 181/200	Train Loss: 0.0814	Val Accuracy: 31.7
Training Epoch: 182/200	Train Loss: 0.213	Val Accuracy: 31.44
Training Epoch: 183/200	Train Loss: 0.1686	Val Accuracy: 31.44
Training Epoch: 184/200	Train Loss: 0.0958	Val Accuracy: 31.22
Training Epoch: 185/200	Train Loss: 0.4891	Val Accuracy: 31.22
Training Epoch: 186/200	Train Loss: 0.4177	Val Accuracy: 30.8
Training Epoch: 187/200	Train Loss: 0.3564	Val Accuracy: 30.8
Training Epoch: 188/200	Train Loss: 0.1234	Val Accuracy: 31.84
Training Epoch: 189/200	Train Loss: 0.747	Val Accuracy: 31.84
Training Epoch: 190/200	Train Loss: 0.6355	Val Accuracy: 30.82
Training Epoch: 191/200	Train Loss: 0.1834	Val Accuracy: 30.82
Training Epoch: 192/200	Train Loss: 0.8445	Val Accuracy: 30.74
Training Epoch: 193/200	Train Loss: 0.2499	Val Accuracy: 30.74
Training Epoch: 194/200	Train Loss: 0.7719	Val Accuracy: 30.9
Training Epoch: 195/200	Train Loss: 0.3602	Val Accuracy: 30.9
Training Epoch: 196/200	Train Loss: 0.3035	Val Accuracy: 31.42
Training Epoch: 197/200	Train Loss: 0.3165	Val Accuracy: 31.42
Training Epoch: 198/200	Train Loss: 0.6574	Val Accuracy: 30.9
Training Epoch: 199/200	Train Loss: 0.5081	Val Accuracy: 30.9
Training Epoch: 200/200	Train Loss: 0.8299	Val Accuracy: 30.9

Wrote Best Model Checkpoint to: vlBest_acc_31_model_epoch_0188.pyth

Best Validation Accuracy: 31.84
Best Epoch: 188

======== TESTING ========

Test Accuracy: 31.11.

======== ACTIVE SAMPLING ========

len(uSetLoader): 446
u_ranks.shape: (44600,)
Active Sampling Complete. After Episode 7:
New Labeled Set: 450, New Unlabeled Set: 44550, Active Set: 50

================================


Current accuracy values:  [17.790000000000006, 22.30999992370606, 15.810000000000002, 25.189999732971188, 23.359999847412112, 27.899999427795407, 27.55999961853027, 31.109999122619627]
Starting model from scratch - ignoring existing weights.
<All keys matched successfully>
None
======== EPISODE 8 BEGINS ========

======== TRAINING ========
Training Epoch: 1/200	Train Loss: 18.4293	Val Accuracy: 0.0
Training Epoch: 2/200	Train Loss: 17.7831	Val Accuracy: 10.04
Training Epoch: 3/200	Train Loss: 7.9648	Val Accuracy: 10.04
Training Epoch: 4/200	Train Loss: 4.8789	Val Accuracy: 9.88
Training Epoch: 5/200	Train Loss: 2.3687	Val Accuracy: 9.88
Training Epoch: 6/200	Train Loss: 14.2334	Val Accuracy: 9.94
Training Epoch: 7/200	Train Loss: 8.3314	Val Accuracy: 9.94
Training Epoch: 8/200	Train Loss: 7.4835	Val Accuracy: 10.48
Training Epoch: 9/200	Train Loss: 6.0194	Val Accuracy: 10.48
Training Epoch: 10/200	Train Loss: 4.8099	Val Accuracy: 16.08
Training Epoch: 11/200	Train Loss: 2.5415	Val Accuracy: 16.08
Training Epoch: 12/200	Train Loss: 5.0389	Val Accuracy: 14.64
Training Epoch: 13/200	Train Loss: 4.5647	Val Accuracy: 14.64
Training Epoch: 14/200	Train Loss: 2.3855	Val Accuracy: 13.24
Training Epoch: 15/200	Train Loss: 8.1137	Val Accuracy: 13.24
Training Epoch: 16/200	Train Loss: 3.9331	Val Accuracy: 11.7
Training Epoch: 17/200	Train Loss: 2.4312	Val Accuracy: 11.7
Training Epoch: 18/200	Train Loss: 2.8016	Val Accuracy: 11.7
Training Epoch: 19/200	Train Loss: 3.4898	Val Accuracy: 11.7
Training Epoch: 20/200	Train Loss: 5.4608	Val Accuracy: 11.06
Training Epoch: 21/200	Train Loss: 2.8462	Val Accuracy: 11.06
Training Epoch: 22/200	Train Loss: 5.8137	Val Accuracy: 11.22
Training Epoch: 23/200	Train Loss: 3.6655	Val Accuracy: 11.22
Training Epoch: 24/200	Train Loss: 3.3495	Val Accuracy: 12.82
Training Epoch: 25/200	Train Loss: 3.9294	Val Accuracy: 12.82
Training Epoch: 26/200	Train Loss: 7.701	Val Accuracy: 13.48
Training Epoch: 27/200	Train Loss: 5.0753	Val Accuracy: 13.48
Training Epoch: 28/200	Train Loss: 4.2513	Val Accuracy: 11.8
Training Epoch: 29/200	Train Loss: 3.124	Val Accuracy: 11.8
Training Epoch: 30/200	Train Loss: 2.8718	Val Accuracy: 15.54
Training Epoch: 31/200	Train Loss: 3.2086	Val Accuracy: 15.54
Training Epoch: 32/200	Train Loss: 6.2633	Val Accuracy: 18.46
Training Epoch: 33/200	Train Loss: 3.0683	Val Accuracy: 18.46
Training Epoch: 34/200	Train Loss: 7.8398	Val Accuracy: 18.1
Training Epoch: 35/200	Train Loss: 8.4306	Val Accuracy: 18.1
Training Epoch: 36/200	Train Loss: 6.3468	Val Accuracy: 15.64
Training Epoch: 37/200	Train Loss: 5.0878	Val Accuracy: 15.64
Training Epoch: 38/200	Train Loss: 2.6839	Val Accuracy: 12.6
Training Epoch: 39/200	Train Loss: 7.2635	Val Accuracy: 12.6
Training Epoch: 40/200	Train Loss: 4.1814	Val Accuracy: 14.34
Training Epoch: 41/200	Train Loss: 2.3286	Val Accuracy: 14.34
Training Epoch: 42/200	Train Loss: 3.5124	Val Accuracy: 14.76
Training Epoch: 43/200	Train Loss: 4.0503	Val Accuracy: 14.76
Training Epoch: 44/200	Train Loss: 4.6651	Val Accuracy: 13.48
Training Epoch: 45/200	Train Loss: 3.4501	Val Accuracy: 13.48
Training Epoch: 46/200	Train Loss: 4.5444	Val Accuracy: 14.78
Training Epoch: 47/200	Train Loss: 4.1626	Val Accuracy: 14.78
Training Epoch: 48/200	Train Loss: 3.0502	Val Accuracy: 15.52
Training Epoch: 49/200	Train Loss: 2.3704	Val Accuracy: 15.52
Training Epoch: 50/200	Train Loss: 3.7911	Val Accuracy: 17.04
Training Epoch: 51/200	Train Loss: 3.1431	Val Accuracy: 17.04
Training Epoch: 52/200	Train Loss: 2.9796	Val Accuracy: 17.92
Training Epoch: 53/200	Train Loss: 2.8223	Val Accuracy: 17.92
Training Epoch: 54/200	Train Loss: 2.8953	Val Accuracy: 17.62
Training Epoch: 55/200	Train Loss: 3.8933	Val Accuracy: 17.62
Training Epoch: 56/200	Train Loss: 3.2958	Val Accuracy: 16.08
Training Epoch: 57/200	Train Loss: 3.763	Val Accuracy: 16.08
Training Epoch: 58/200	Train Loss: 2.9565	Val Accuracy: 18.16
Training Epoch: 59/200	Train Loss: 3.0323	Val Accuracy: 18.16
Training Epoch: 60/200	Train Loss: 3.4497	Val Accuracy: 17.76
Training Epoch: 61/200	Train Loss: 2.7882	Val Accuracy: 17.76
Training Epoch: 62/200	Train Loss: 2.4205	Val Accuracy: 18.92
Training Epoch: 63/200	Train Loss: 2.3873	Val Accuracy: 18.92
Training Epoch: 64/200	Train Loss: 2.5285	Val Accuracy: 16.5
Training Epoch: 65/200	Train Loss: 3.0517	Val Accuracy: 16.5
Training Epoch: 66/200	Train Loss: 2.6365	Val Accuracy: 18.64
Training Epoch: 67/200	Train Loss: 2.3953	Val Accuracy: 18.64
Training Epoch: 68/200	Train Loss: 3.1306	Val Accuracy: 19.7
Training Epoch: 69/200	Train Loss: 3.9032	Val Accuracy: 19.7
Training Epoch: 70/200	Train Loss: 6.6259	Val Accuracy: 16.36
Training Epoch: 71/200	Train Loss: 2.3255	Val Accuracy: 16.36
Training Epoch: 72/200	Train Loss: 2.5594	Val Accuracy: 17.64
Training Epoch: 73/200	Train Loss: 2.4946	Val Accuracy: 17.64
Training Epoch: 74/200	Train Loss: 2.122	Val Accuracy: 18.14
Training Epoch: 75/200	Train Loss: 2.9812	Val Accuracy: 18.14
Training Epoch: 76/200	Train Loss: 2.8136	Val Accuracy: 16.92
Training Epoch: 77/200	Train Loss: 3.0953	Val Accuracy: 16.92
Training Epoch: 78/200	Train Loss: 3.7591	Val Accuracy: 17.24
Training Epoch: 79/200	Train Loss: 3.136	Val Accuracy: 17.24
Training Epoch: 80/200	Train Loss: 2.6033	Val Accuracy: 17.74
Training Epoch: 81/200	Train Loss: 2.1925	Val Accuracy: 17.74
Training Epoch: 82/200	Train Loss: 3.1582	Val Accuracy: 19.16
Training Epoch: 83/200	Train Loss: 2.7389	Val Accuracy: 19.16
Training Epoch: 84/200	Train Loss: 2.2461	Val Accuracy: 18.28
Training Epoch: 85/200	Train Loss: 2.713	Val Accuracy: 18.28
Training Epoch: 86/200	Train Loss: 2.804	Val Accuracy: 20.4
Training Epoch: 87/200	Train Loss: 2.2761	Val Accuracy: 20.4
Training Epoch: 88/200	Train Loss: 3.4754	Val Accuracy: 20.78
Training Epoch: 89/200	Train Loss: 2.2742	Val Accuracy: 20.78
Training Epoch: 90/200	Train Loss: 2.9196	Val Accuracy: 21.34
Training Epoch: 91/200	Train Loss: 2.1008	Val Accuracy: 21.34
Training Epoch: 92/200	Train Loss: 2.4147	Val Accuracy: 22.18
Training Epoch: 93/200	Train Loss: 2.6114	Val Accuracy: 22.18
Training Epoch: 94/200	Train Loss: 3.4351	Val Accuracy: 20.1
Training Epoch: 95/200	Train Loss: 2.6215	Val Accuracy: 20.1
Training Epoch: 96/200	Train Loss: 2.3774	Val Accuracy: 20.06
Training Epoch: 97/200	Train Loss: 2.3544	Val Accuracy: 20.06
Training Epoch: 98/200	Train Loss: 2.1343	Val Accuracy: 21.14
Training Epoch: 99/200	Train Loss: 4.1527	Val Accuracy: 21.14
Training Epoch: 100/200	Train Loss: 3.3442	Val Accuracy: 20.38
Training Epoch: 101/200	Train Loss: 2.7397	Val Accuracy: 20.38
Training Epoch: 102/200	Train Loss: 2.5265	Val Accuracy: 21.6
Training Epoch: 103/200	Train Loss: 2.7358	Val Accuracy: 21.6
Training Epoch: 104/200	Train Loss: 2.4191	Val Accuracy: 23.2
Training Epoch: 105/200	Train Loss: 2.5185	Val Accuracy: 23.2
Training Epoch: 106/200	Train Loss: 2.4186	Val Accuracy: 23.82
Training Epoch: 107/200	Train Loss: 2.1028	Val Accuracy: 23.82
Training Epoch: 108/200	Train Loss: 2.6683	Val Accuracy: 24.1
Training Epoch: 109/200	Train Loss: 2.6763	Val Accuracy: 24.1
Training Epoch: 110/200	Train Loss: 2.7989	Val Accuracy: 23.72
Training Epoch: 111/200	Train Loss: 2.2448	Val Accuracy: 23.72
Training Epoch: 112/200	Train Loss: 1.7764	Val Accuracy: 23.6
Training Epoch: 113/200	Train Loss: 2.4719	Val Accuracy: 23.6
Training Epoch: 114/200	Train Loss: 3.1102	Val Accuracy: 24.46
Training Epoch: 115/200	Train Loss: 2.2615	Val Accuracy: 24.46
Training Epoch: 116/200	Train Loss: 2.2467	Val Accuracy: 22.92
Training Epoch: 117/200	Train Loss: 2.4123	Val Accuracy: 22.92
Training Epoch: 118/200	Train Loss: 2.6784	Val Accuracy: 23.14
Training Epoch: 119/200	Train Loss: 2.7088	Val Accuracy: 23.14
Training Epoch: 120/200	Train Loss: 2.6127	Val Accuracy: 24.48
Training Epoch: 121/200	Train Loss: 2.5858	Val Accuracy: 24.48
Training Epoch: 122/200	Train Loss: 2.4891	Val Accuracy: 24.26
Training Epoch: 123/200	Train Loss: 2.5395	Val Accuracy: 24.26
Training Epoch: 124/200	Train Loss: 2.345	Val Accuracy: 24.28
Training Epoch: 125/200	Train Loss: 2.8227	Val Accuracy: 24.28
Training Epoch: 126/200	Train Loss: 2.3872	Val Accuracy: 25.58
Training Epoch: 127/200	Train Loss: 2.98	Val Accuracy: 25.58
Training Epoch: 128/200	Train Loss: 2.0869	Val Accuracy: 25.52
Training Epoch: 129/200	Train Loss: 2.4709	Val Accuracy: 25.52
Training Epoch: 130/200	Train Loss: 1.784	Val Accuracy: 24.66
Training Epoch: 131/200	Train Loss: 2.0283	Val Accuracy: 24.66
Training Epoch: 132/200	Train Loss: 2.0341	Val Accuracy: 24.68
Training Epoch: 133/200	Train Loss: 2.2438	Val Accuracy: 24.68
Training Epoch: 134/200	Train Loss: 2.1867	Val Accuracy: 26.88
Training Epoch: 135/200	Train Loss: 2.0736	Val Accuracy: 26.88
Training Epoch: 136/200	Train Loss: 2.7295	Val Accuracy: 26.44
Training Epoch: 137/200	Train Loss: 1.5597	Val Accuracy: 26.44
Training Epoch: 138/200	Train Loss: 2.1442	Val Accuracy: 26.42
Training Epoch: 139/200	Train Loss: 2.3887	Val Accuracy: 26.42
Training Epoch: 140/200	Train Loss: 2.0546	Val Accuracy: 26.0
Training Epoch: 141/200	Train Loss: 1.9508	Val Accuracy: 26.0
Training Epoch: 142/200	Train Loss: 2.224	Val Accuracy: 27.06
Training Epoch: 143/200	Train Loss: 2.5382	Val Accuracy: 27.06
Training Epoch: 144/200	Train Loss: 2.5705	Val Accuracy: 27.76
Training Epoch: 145/200	Train Loss: 1.4603	Val Accuracy: 27.76
Training Epoch: 146/200	Train Loss: 1.8043	Val Accuracy: 25.8
Training Epoch: 147/200	Train Loss: 1.171	Val Accuracy: 25.8
Training Epoch: 148/200	Train Loss: 1.8695	Val Accuracy: 27.72
Training Epoch: 149/200	Train Loss: 1.7683	Val Accuracy: 27.72
Training Epoch: 150/200	Train Loss: 1.4507	Val Accuracy: 27.06
Training Epoch: 151/200	Train Loss: 1.709	Val Accuracy: 27.06
Training Epoch: 152/200	Train Loss: 1.7619	Val Accuracy: 26.48
Training Epoch: 153/200	Train Loss: 2.0542	Val Accuracy: 26.48
Training Epoch: 154/200	Train Loss: 1.8942	Val Accuracy: 26.68
Training Epoch: 155/200	Train Loss: 1.5466	Val Accuracy: 26.68
Training Epoch: 156/200	Train Loss: 1.9591	Val Accuracy: 27.36
Training Epoch: 157/200	Train Loss: 1.4775	Val Accuracy: 27.36
Training Epoch: 158/200	Train Loss: 1.7851	Val Accuracy: 26.24
Training Epoch: 159/200	Train Loss: 1.7275	Val Accuracy: 26.24
Training Epoch: 160/200	Train Loss: 1.6804	Val Accuracy: 27.26
Training Epoch: 161/200	Train Loss: 1.8284	Val Accuracy: 27.26
Training Epoch: 162/200	Train Loss: 1.6076	Val Accuracy: 27.14
Training Epoch: 163/200	Train Loss: 2.225	Val Accuracy: 27.14
Training Epoch: 164/200	Train Loss: 1.6706	Val Accuracy: 26.78
Training Epoch: 165/200	Train Loss: 1.4789	Val Accuracy: 26.78
Training Epoch: 166/200	Train Loss: 1.6449	Val Accuracy: 26.48
Training Epoch: 167/200	Train Loss: 1.9216	Val Accuracy: 26.48
Training Epoch: 168/200	Train Loss: 1.4181	Val Accuracy: 26.92
Training Epoch: 169/200	Train Loss: 1.3817	Val Accuracy: 26.92
Training Epoch: 170/200	Train Loss: 1.5405	Val Accuracy: 27.08
Training Epoch: 171/200	Train Loss: 1.3657	Val Accuracy: 27.08
Training Epoch: 172/200	Train Loss: 1.9691	Val Accuracy: 26.38
Training Epoch: 173/200	Train Loss: 1.5025	Val Accuracy: 26.38
Training Epoch: 174/200	Train Loss: 1.4041	Val Accuracy: 27.12
Training Epoch: 175/200	Train Loss: 1.341	Val Accuracy: 27.12
Training Epoch: 176/200	Train Loss: 1.6626	Val Accuracy: 28.06
Training Epoch: 177/200	Train Loss: 1.3988	Val Accuracy: 28.06
Training Epoch: 178/200	Train Loss: 1.3669	Val Accuracy: 27.32
Training Epoch: 179/200	Train Loss: 1.0317	Val Accuracy: 27.32
Training Epoch: 180/200	Train Loss: 1.1955	Val Accuracy: 28.02
Training Epoch: 181/200	Train Loss: 1.671	Val Accuracy: 28.02
Training Epoch: 182/200	Train Loss: 1.2171	Val Accuracy: 26.86
Training Epoch: 183/200	Train Loss: 1.3197	Val Accuracy: 26.86
Training Epoch: 184/200	Train Loss: 1.5701	Val Accuracy: 26.54
Training Epoch: 185/200	Train Loss: 1.4729	Val Accuracy: 26.54
Training Epoch: 186/200	Train Loss: 1.8199	Val Accuracy: 27.74
Training Epoch: 187/200	Train Loss: 1.3552	Val Accuracy: 27.74
Training Epoch: 188/200	Train Loss: 2.1171	Val Accuracy: 27.48
Training Epoch: 189/200	Train Loss: 1.5396	Val Accuracy: 27.48
Training Epoch: 190/200	Train Loss: 1.6266	Val Accuracy: 28.44
Training Epoch: 191/200	Train Loss: 1.9309	Val Accuracy: 28.44
Training Epoch: 192/200	Train Loss: 1.3552	Val Accuracy: 26.42
Training Epoch: 193/200	Train Loss: 1.9241	Val Accuracy: 26.42
Training Epoch: 194/200	Train Loss: 1.1773	Val Accuracy: 27.0
Training Epoch: 195/200	Train Loss: 1.4859	Val Accuracy: 27.0
Training Epoch: 196/200	Train Loss: 1.2401	Val Accuracy: 27.38
Training Epoch: 197/200	Train Loss: 1.3272	Val Accuracy: 27.38
Training Epoch: 198/200	Train Loss: 1.1381	Val Accuracy: 27.44
Training Epoch: 199/200	Train Loss: 1.8974	Val Accuracy: 27.44
Training Epoch: 200/200	Train Loss: 1.2949	Val Accuracy: 26.7

Wrote Best Model Checkpoint to: vlBest_acc_28_model_epoch_0190.pyth

Best Validation Accuracy: 28.44
Best Epoch: 190

======== TESTING ========

Test Accuracy: 27.26.

======== ACTIVE SAMPLING ========

len(uSetLoader): 446
u_ranks.shape: (44550,)
Active Sampling Complete. After Episode 8:
New Labeled Set: 500, New Unlabeled Set: 44500, Active Set: 50

================================


Current accuracy values:  [17.790000000000006, 22.30999992370606, 15.810000000000002, 25.189999732971188, 23.359999847412112, 27.899999427795407, 27.55999961853027, 31.109999122619627, 27.25999923706054]
Starting model from scratch - ignoring existing weights.
<All keys matched successfully>
None
======== EPISODE 9 BEGINS ========

======== TRAINING ========
Training Epoch: 1/200	Train Loss: 29.3955	Val Accuracy: 0.0
Training Epoch: 2/200	Train Loss: 7.2439	Val Accuracy: 10.16
Training Epoch: 3/200	Train Loss: 5.2233	Val Accuracy: 10.16
Training Epoch: 4/200	Train Loss: 2.3397	Val Accuracy: 9.92
Training Epoch: 5/200	Train Loss: 15.0924	Val Accuracy: 9.92
Training Epoch: 6/200	Train Loss: 4.5126	Val Accuracy: 13.2
Training Epoch: 7/200	Train Loss: 3.2675	Val Accuracy: 13.2
Training Epoch: 8/200	Train Loss: 4.0288	Val Accuracy: 11.88
Training Epoch: 9/200	Train Loss: 8.4645	Val Accuracy: 11.88
Training Epoch: 10/200	Train Loss: 3.3336	Val Accuracy: 16.72
Training Epoch: 11/200	Train Loss: 2.2896	Val Accuracy: 16.72
Training Epoch: 12/200	Train Loss: 2.305	Val Accuracy: 14.76
Training Epoch: 13/200	Train Loss: 2.4564	Val Accuracy: 14.76
Training Epoch: 14/200	Train Loss: 2.2069	Val Accuracy: 15.32
Training Epoch: 15/200	Train Loss: 4.5721	Val Accuracy: 15.32
Training Epoch: 16/200	Train Loss: 3.9995	Val Accuracy: 15.02
Training Epoch: 17/200	Train Loss: 7.9497	Val Accuracy: 15.02
Training Epoch: 18/200	Train Loss: 7.1937	Val Accuracy: 13.36
Training Epoch: 19/200	Train Loss: 3.1378	Val Accuracy: 13.36
Training Epoch: 20/200	Train Loss: 4.0833	Val Accuracy: 11.18
Training Epoch: 21/200	Train Loss: 5.534	Val Accuracy: 11.18
Training Epoch: 22/200	Train Loss: 2.2625	Val Accuracy: 11.78
Training Epoch: 23/200	Train Loss: 4.0918	Val Accuracy: 11.78
Training Epoch: 24/200	Train Loss: 2.2326	Val Accuracy: 9.96
Training Epoch: 25/200	Train Loss: 2.6717	Val Accuracy: 9.96
Training Epoch: 26/200	Train Loss: 2.3229	Val Accuracy: 11.12
Training Epoch: 27/200	Train Loss: 2.3294	Val Accuracy: 11.12
Training Epoch: 28/200	Train Loss: 5.1942	Val Accuracy: 10.74
Training Epoch: 29/200	Train Loss: 4.443	Val Accuracy: 10.74
Training Epoch: 30/200	Train Loss: 4.5587	Val Accuracy: 12.92
Training Epoch: 31/200	Train Loss: 3.969	Val Accuracy: 12.92
Training Epoch: 32/200	Train Loss: 3.2804	Val Accuracy: 14.76
Training Epoch: 33/200	Train Loss: 2.2224	Val Accuracy: 14.76
Training Epoch: 34/200	Train Loss: 3.0882	Val Accuracy: 12.8
Training Epoch: 35/200	Train Loss: 4.6391	Val Accuracy: 12.8
Training Epoch: 36/200	Train Loss: 2.2654	Val Accuracy: 15.26
Training Epoch: 37/200	Train Loss: 2.4941	Val Accuracy: 15.26
Training Epoch: 38/200	Train Loss: 2.402	Val Accuracy: 15.92
Training Epoch: 39/200	Train Loss: 5.7487	Val Accuracy: 15.92
Training Epoch: 40/200	Train Loss: 6.1662	Val Accuracy: 17.04
Training Epoch: 41/200	Train Loss: 2.2586	Val Accuracy: 17.04
Training Epoch: 42/200	Train Loss: 2.9643	Val Accuracy: 17.64
Training Epoch: 43/200	Train Loss: 4.6819	Val Accuracy: 17.64
Training Epoch: 44/200	Train Loss: 4.7165	Val Accuracy: 18.46
Training Epoch: 45/200	Train Loss: 3.8778	Val Accuracy: 18.46
Training Epoch: 46/200	Train Loss: 3.7784	Val Accuracy: 18.88
Training Epoch: 47/200	Train Loss: 2.5862	Val Accuracy: 18.88
Training Epoch: 48/200	Train Loss: 2.2164	Val Accuracy: 18.54
Training Epoch: 49/200	Train Loss: 3.562	Val Accuracy: 18.54
Training Epoch: 50/200	Train Loss: 2.1347	Val Accuracy: 13.98
Training Epoch: 51/200	Train Loss: 3.3064	Val Accuracy: 13.98
Training Epoch: 52/200	Train Loss: 2.8139	Val Accuracy: 18.28
Training Epoch: 53/200	Train Loss: 2.774	Val Accuracy: 18.28
Training Epoch: 54/200	Train Loss: 2.1455	Val Accuracy: 18.92
Training Epoch: 55/200	Train Loss: 3.8034	Val Accuracy: 18.92
Training Epoch: 56/200	Train Loss: 2.9264	Val Accuracy: 20.1
Training Epoch: 57/200	Train Loss: 2.092	Val Accuracy: 20.1
Training Epoch: 58/200	Train Loss: 2.2836	Val Accuracy: 21.12
Training Epoch: 59/200	Train Loss: 2.5813	Val Accuracy: 21.12
Training Epoch: 60/200	Train Loss: 2.7434	Val Accuracy: 19.18
Training Epoch: 61/200	Train Loss: 5.7587	Val Accuracy: 19.18
Training Epoch: 62/200	Train Loss: 2.1957	Val Accuracy: 19.42
Training Epoch: 63/200	Train Loss: 2.3931	Val Accuracy: 19.42
Training Epoch: 64/200	Train Loss: 2.086	Val Accuracy: 20.42
Training Epoch: 65/200	Train Loss: 2.0654	Val Accuracy: 20.42
Training Epoch: 66/200	Train Loss: 2.7622	Val Accuracy: 21.3
Training Epoch: 67/200	Train Loss: 3.2829	Val Accuracy: 21.3
Training Epoch: 68/200	Train Loss: 2.8081	Val Accuracy: 20.08
Training Epoch: 69/200	Train Loss: 3.4209	Val Accuracy: 20.08
Training Epoch: 70/200	Train Loss: 3.7757	Val Accuracy: 23.08
Training Epoch: 71/200	Train Loss: 3.6952	Val Accuracy: 23.08
Training Epoch: 72/200	Train Loss: 2.714	Val Accuracy: 21.46
Training Epoch: 73/200	Train Loss: 1.814	Val Accuracy: 21.46
Training Epoch: 74/200	Train Loss: 2.0497	Val Accuracy: 22.02
Training Epoch: 75/200	Train Loss: 2.6526	Val Accuracy: 22.02
Training Epoch: 76/200	Train Loss: 1.9089	Val Accuracy: 22.86
Training Epoch: 77/200	Train Loss: 1.9046	Val Accuracy: 22.86
Training Epoch: 78/200	Train Loss: 2.384	Val Accuracy: 23.52
Training Epoch: 79/200	Train Loss: 1.9103	Val Accuracy: 23.52
Training Epoch: 80/200	Train Loss: 1.9107	Val Accuracy: 24.0
Training Epoch: 81/200	Train Loss: 5.9459	Val Accuracy: 24.0
Training Epoch: 82/200	Train Loss: 2.3186	Val Accuracy: 20.88
Training Epoch: 83/200	Train Loss: 2.3674	Val Accuracy: 20.88
Training Epoch: 84/200	Train Loss: 2.1019	Val Accuracy: 23.9
Training Epoch: 85/200	Train Loss: 2.786	Val Accuracy: 23.9
Training Epoch: 86/200	Train Loss: 2.1547	Val Accuracy: 24.04
Training Epoch: 87/200	Train Loss: 2.2923	Val Accuracy: 24.04
Training Epoch: 88/200	Train Loss: 2.8214	Val Accuracy: 25.96
Training Epoch: 89/200	Train Loss: 2.7645	Val Accuracy: 25.96
Training Epoch: 90/200	Train Loss: 3.0911	Val Accuracy: 27.82
Training Epoch: 91/200	Train Loss: 1.8118	Val Accuracy: 27.82
Training Epoch: 92/200	Train Loss: 1.7669	Val Accuracy: 23.8
Training Epoch: 93/200	Train Loss: 1.7589	Val Accuracy: 23.8
Training Epoch: 94/200	Train Loss: 1.8068	Val Accuracy: 25.78
Training Epoch: 95/200	Train Loss: 2.5777	Val Accuracy: 25.78
Training Epoch: 96/200	Train Loss: 3.4358	Val Accuracy: 27.48
Training Epoch: 97/200	Train Loss: 2.6614	Val Accuracy: 27.48
Training Epoch: 98/200	Train Loss: 1.8953	Val Accuracy: 26.58
Training Epoch: 99/200	Train Loss: 1.7922	Val Accuracy: 26.58
Training Epoch: 100/200	Train Loss: 2.4786	Val Accuracy: 24.12
Training Epoch: 101/200	Train Loss: 1.6811	Val Accuracy: 24.12
Training Epoch: 102/200	Train Loss: 1.6022	Val Accuracy: 27.28
Training Epoch: 103/200	Train Loss: 1.5859	Val Accuracy: 27.28
Training Epoch: 104/200	Train Loss: 1.6985	Val Accuracy: 28.78
Training Epoch: 105/200	Train Loss: 1.74	Val Accuracy: 28.78
Training Epoch: 106/200	Train Loss: 1.8596	Val Accuracy: 26.74
Training Epoch: 107/200	Train Loss: 1.9867	Val Accuracy: 26.74
Training Epoch: 108/200	Train Loss: 1.6543	Val Accuracy: 26.1
Training Epoch: 109/200	Train Loss: 1.5878	Val Accuracy: 26.1
Training Epoch: 110/200	Train Loss: 2.3461	Val Accuracy: 28.26
Training Epoch: 111/200	Train Loss: 3.837	Val Accuracy: 28.26
Training Epoch: 112/200	Train Loss: 2.6015	Val Accuracy: 29.62
Training Epoch: 113/200	Train Loss: 1.3991	Val Accuracy: 29.62
Training Epoch: 114/200	Train Loss: 3.4793	Val Accuracy: 29.78
Training Epoch: 115/200	Train Loss: 1.4273	Val Accuracy: 29.78
Training Epoch: 116/200	Train Loss: 1.4661	Val Accuracy: 30.0
Training Epoch: 117/200	Train Loss: 1.4203	Val Accuracy: 30.0
Training Epoch: 118/200	Train Loss: 1.5992	Val Accuracy: 31.36
Training Epoch: 119/200	Train Loss: 2.2254	Val Accuracy: 31.36
Training Epoch: 120/200	Train Loss: 1.8971	Val Accuracy: 30.82
Training Epoch: 121/200	Train Loss: 1.3742	Val Accuracy: 30.82
Training Epoch: 122/200	Train Loss: 3.2067	Val Accuracy: 31.66
Training Epoch: 123/200	Train Loss: 1.8443	Val Accuracy: 31.66
Training Epoch: 124/200	Train Loss: 1.4564	Val Accuracy: 30.58
Training Epoch: 125/200	Train Loss: 1.2392	Val Accuracy: 30.58
Training Epoch: 126/200	Train Loss: 1.1132	Val Accuracy: 31.32
Training Epoch: 127/200	Train Loss: 2.918	Val Accuracy: 31.32
Training Epoch: 128/200	Train Loss: 2.3709	Val Accuracy: 31.4
Training Epoch: 129/200	Train Loss: 1.2716	Val Accuracy: 31.4
Training Epoch: 130/200	Train Loss: 1.1953	Val Accuracy: 31.6
Training Epoch: 131/200	Train Loss: 2.0601	Val Accuracy: 31.6
Training Epoch: 132/200	Train Loss: 1.0999	Val Accuracy: 31.62
Training Epoch: 133/200	Train Loss: 1.2435	Val Accuracy: 31.62
Training Epoch: 134/200	Train Loss: 1.5474	Val Accuracy: 31.38
Training Epoch: 135/200	Train Loss: 1.1478	Val Accuracy: 31.38
Training Epoch: 136/200	Train Loss: 1.5401	Val Accuracy: 32.52
Training Epoch: 137/200	Train Loss: 1.0898	Val Accuracy: 32.52
Training Epoch: 138/200	Train Loss: 2.2662	Val Accuracy: 31.98
Training Epoch: 139/200	Train Loss: 1.1068	Val Accuracy: 31.98
Training Epoch: 140/200	Train Loss: 1.1808	Val Accuracy: 32.6
Training Epoch: 141/200	Train Loss: 1.0423	Val Accuracy: 32.6
Training Epoch: 142/200	Train Loss: 1.1981	Val Accuracy: 30.82
Training Epoch: 143/200	Train Loss: 0.9461	Val Accuracy: 30.82
Training Epoch: 144/200	Train Loss: 1.0019	Val Accuracy: 31.52
Training Epoch: 145/200	Train Loss: 1.155	Val Accuracy: 31.52
Training Epoch: 146/200	Train Loss: 1.1275	Val Accuracy: 31.24
Training Epoch: 147/200	Train Loss: 1.0227	Val Accuracy: 31.24
Training Epoch: 148/200	Train Loss: 0.9357	Val Accuracy: 30.88
Training Epoch: 149/200	Train Loss: 1.0885	Val Accuracy: 30.88
Training Epoch: 150/200	Train Loss: 0.9052	Val Accuracy: 32.44
Training Epoch: 151/200	Train Loss: 0.9191	Val Accuracy: 32.44
Training Epoch: 152/200	Train Loss: 1.0394	Val Accuracy: 33.14
Training Epoch: 153/200	Train Loss: 0.8503	Val Accuracy: 33.14
Training Epoch: 154/200	Train Loss: 2.7779	Val Accuracy: 32.1
Training Epoch: 155/200	Train Loss: 2.2238	Val Accuracy: 32.1
Training Epoch: 156/200	Train Loss: 1.1101	Val Accuracy: 32.7
Training Epoch: 157/200	Train Loss: 1.1582	Val Accuracy: 32.7
Training Epoch: 158/200	Train Loss: 0.695	Val Accuracy: 33.22
Training Epoch: 159/200	Train Loss: 0.6609	Val Accuracy: 33.22
Training Epoch: 160/200	Train Loss: 2.3669	Val Accuracy: 32.48
Training Epoch: 161/200	Train Loss: 2.4645	Val Accuracy: 32.48
Training Epoch: 162/200	Train Loss: 0.6677	Val Accuracy: 32.76
Training Epoch: 163/200	Train Loss: 0.5452	Val Accuracy: 32.76
Training Epoch: 164/200	Train Loss: 0.7115	Val Accuracy: 32.98
Training Epoch: 165/200	Train Loss: 0.7359	Val Accuracy: 32.98
Training Epoch: 166/200	Train Loss: 0.6332	Val Accuracy: 34.02
Training Epoch: 167/200	Train Loss: 1.1035	Val Accuracy: 34.02
Training Epoch: 168/200	Train Loss: 0.5618	Val Accuracy: 33.6
Training Epoch: 169/200	Train Loss: 0.5881	Val Accuracy: 33.6
Training Epoch: 170/200	Train Loss: 0.5326	Val Accuracy: 33.68
Training Epoch: 171/200	Train Loss: 0.5826	Val Accuracy: 33.68
Training Epoch: 172/200	Train Loss: 0.5745	Val Accuracy: 32.9
Training Epoch: 173/200	Train Loss: 0.5237	Val Accuracy: 32.9
Training Epoch: 174/200	Train Loss: 1.3312	Val Accuracy: 33.3
Training Epoch: 175/200	Train Loss: 0.5742	Val Accuracy: 33.3
Training Epoch: 176/200	Train Loss: 0.6195	Val Accuracy: 33.62
Training Epoch: 177/200	Train Loss: 0.5406	Val Accuracy: 33.62
Training Epoch: 178/200	Train Loss: 0.5347	Val Accuracy: 34.0
Training Epoch: 179/200	Train Loss: 1.3816	Val Accuracy: 34.0
Training Epoch: 180/200	Train Loss: 0.416	Val Accuracy: 33.88
Training Epoch: 181/200	Train Loss: 0.8862	Val Accuracy: 33.88
Training Epoch: 182/200	Train Loss: 0.482	Val Accuracy: 34.46
Training Epoch: 183/200	Train Loss: 1.2602	Val Accuracy: 34.46
Training Epoch: 184/200	Train Loss: 0.4023	Val Accuracy: 33.5
Training Epoch: 185/200	Train Loss: 0.5272	Val Accuracy: 33.5
Training Epoch: 186/200	Train Loss: 0.3975	Val Accuracy: 34.18
Training Epoch: 187/200	Train Loss: 0.3963	Val Accuracy: 34.18
Training Epoch: 188/200	Train Loss: 0.4906	Val Accuracy: 33.7
Training Epoch: 189/200	Train Loss: 0.4807	Val Accuracy: 33.7
Training Epoch: 190/200	Train Loss: 0.4262	Val Accuracy: 32.94
Training Epoch: 191/200	Train Loss: 0.7525	Val Accuracy: 32.94
Training Epoch: 192/200	Train Loss: 0.6151	Val Accuracy: 34.14
Training Epoch: 193/200	Train Loss: 0.8191	Val Accuracy: 34.14
Training Epoch: 194/200	Train Loss: 1.3617	Val Accuracy: 33.58
Training Epoch: 195/200	Train Loss: 0.5597	Val Accuracy: 33.58
Training Epoch: 196/200	Train Loss: 0.8563	Val Accuracy: 33.58
Training Epoch: 197/200	Train Loss: 0.3769	Val Accuracy: 33.58
Training Epoch: 198/200	Train Loss: 0.6209	Val Accuracy: 33.38
Training Epoch: 199/200	Train Loss: 0.5042	Val Accuracy: 33.38
Training Epoch: 200/200	Train Loss: 0.3869	Val Accuracy: 34.18

Wrote Best Model Checkpoint to: vlBest_acc_34_model_epoch_0182.pyth

Best Validation Accuracy: 34.46
Best Epoch: 182

======== TESTING ========

Test Accuracy: 34.58.

======== ACTIVE SAMPLING ========

len(uSetLoader): 445
u_ranks.shape: (44500,)
Active Sampling Complete. After Episode 9:
New Labeled Set: 550, New Unlabeled Set: 44450, Active Set: 50

================================


Current accuracy values:  [17.790000000000006, 22.30999992370606, 15.810000000000002, 25.189999732971188, 23.359999847412112, 27.899999427795407, 27.55999961853027, 31.109999122619627, 27.25999923706054, 34.57999931335449]
Starting model from scratch - ignoring existing weights.
<All keys matched successfully>
None
======== EPISODE 10 BEGINS ========

======== TRAINING ========
Training Epoch: 1/200	Train Loss: 27.4918	Val Accuracy: 0.0
Training Epoch: 2/200	Train Loss: 8.7005	Val Accuracy: 9.74
Training Epoch: 3/200	Train Loss: 4.6751	Val Accuracy: 9.74
Training Epoch: 4/200	Train Loss: 3.3449	Val Accuracy: 10.04
Training Epoch: 5/200	Train Loss: 5.9132	Val Accuracy: 10.04
Training Epoch: 6/200	Train Loss: 5.9849	Val Accuracy: 9.74
Training Epoch: 7/200	Train Loss: 3.0823	Val Accuracy: 9.74
Training Epoch: 8/200	Train Loss: 7.8592	Val Accuracy: 11.0
Training Epoch: 9/200	Train Loss: 2.3439	Val Accuracy: 11.0
Training Epoch: 10/200	Train Loss: 19.0225	Val Accuracy: 9.84
Training Epoch: 11/200	Train Loss: 12.8636	Val Accuracy: 9.84
Training Epoch: 12/200	Train Loss: 6.0469	Val Accuracy: 9.88
Training Epoch: 13/200	Train Loss: 4.7404	Val Accuracy: 9.88
Training Epoch: 14/200	Train Loss: 5.0726	Val Accuracy: 10.82
Training Epoch: 15/200	Train Loss: 2.6528	Val Accuracy: 10.82
Training Epoch: 16/200	Train Loss: 4.2629	Val Accuracy: 11.74
Training Epoch: 17/200	Train Loss: 5.6457	Val Accuracy: 11.74
Training Epoch: 18/200	Train Loss: 2.6835	Val Accuracy: 9.34
Training Epoch: 19/200	Train Loss: 3.2179	Val Accuracy: 9.34
Training Epoch: 20/200	Train Loss: 3.5605	Val Accuracy: 11.56
Training Epoch: 21/200	Train Loss: 5.4461	Val Accuracy: 11.56
Training Epoch: 22/200	Train Loss: 3.402	Val Accuracy: 9.66
Training Epoch: 23/200	Train Loss: 2.5431	Val Accuracy: 9.66
Training Epoch: 24/200	Train Loss: 4.4294	Val Accuracy: 11.32
Training Epoch: 25/200	Train Loss: 5.4144	Val Accuracy: 11.32
Training Epoch: 26/200	Train Loss: 5.1124	Val Accuracy: 13.1
Training Epoch: 27/200	Train Loss: 3.5534	Val Accuracy: 13.1
Training Epoch: 28/200	Train Loss: 3.2238	Val Accuracy: 13.16
Training Epoch: 29/200	Train Loss: 6.4446	Val Accuracy: 13.16
Training Epoch: 30/200	Train Loss: 6.5661	Val Accuracy: 10.08
Training Epoch: 31/200	Train Loss: 4.0907	Val Accuracy: 10.08
Training Epoch: 32/200	Train Loss: 2.8178	Val Accuracy: 12.56
Training Epoch: 33/200	Train Loss: 3.2397	Val Accuracy: 12.56
Training Epoch: 34/200	Train Loss: 4.7838	Val Accuracy: 14.84
Training Epoch: 35/200	Train Loss: 3.5238	Val Accuracy: 14.84
Training Epoch: 36/200	Train Loss: 2.5348	Val Accuracy: 14.78
Training Epoch: 37/200	Train Loss: 2.3886	Val Accuracy: 14.78
Training Epoch: 38/200	Train Loss: 3.2405	Val Accuracy: 18.58
Training Epoch: 39/200	Train Loss: 2.4084	Val Accuracy: 18.58
Training Epoch: 40/200	Train Loss: 2.4766	Val Accuracy: 17.2
Training Epoch: 41/200	Train Loss: 3.4294	Val Accuracy: 17.2
Training Epoch: 42/200	Train Loss: 3.5768	Val Accuracy: 19.7
Training Epoch: 43/200	Train Loss: 3.0396	Val Accuracy: 19.7
Training Epoch: 44/200	Train Loss: 2.2132	Val Accuracy: 18.7
Training Epoch: 45/200	Train Loss: 2.7688	Val Accuracy: 18.7
Training Epoch: 46/200	Train Loss: 3.7488	Val Accuracy: 21.46
Training Epoch: 47/200	Train Loss: 3.9683	Val Accuracy: 21.46
Training Epoch: 48/200	Train Loss: 3.0372	Val Accuracy: 20.16
Training Epoch: 49/200	Train Loss: 3.602	Val Accuracy: 20.16
Training Epoch: 50/200	Train Loss: 2.3436	Val Accuracy: 15.1
Training Epoch: 51/200	Train Loss: 3.1724	Val Accuracy: 15.1
Training Epoch: 52/200	Train Loss: 2.91	Val Accuracy: 19.4
Training Epoch: 53/200	Train Loss: 3.4043	Val Accuracy: 19.4
Training Epoch: 54/200	Train Loss: 2.5412	Val Accuracy: 21.08
Training Epoch: 55/200	Train Loss: 1.9664	Val Accuracy: 21.08
Training Epoch: 56/200	Train Loss: 2.0847	Val Accuracy: 21.42
Training Epoch: 57/200	Train Loss: 2.7725	Val Accuracy: 21.42
Training Epoch: 58/200	Train Loss: 2.9002	Val Accuracy: 23.36
Training Epoch: 59/200	Train Loss: 3.2423	Val Accuracy: 23.36
Training Epoch: 60/200	Train Loss: 2.7231	Val Accuracy: 25.56
Training Epoch: 61/200	Train Loss: 1.8906	Val Accuracy: 25.56
Training Epoch: 62/200	Train Loss: 1.9057	Val Accuracy: 26.58
Training Epoch: 63/200	Train Loss: 2.3801	Val Accuracy: 26.58
Training Epoch: 64/200	Train Loss: 2.1837	Val Accuracy: 27.82
Training Epoch: 65/200	Train Loss: 1.8338	Val Accuracy: 27.82
Training Epoch: 66/200	Train Loss: 1.9565	Val Accuracy: 27.0
Training Epoch: 67/200	Train Loss: 1.8892	Val Accuracy: 27.0
Training Epoch: 68/200	Train Loss: 1.8942	Val Accuracy: 28.52
Training Epoch: 69/200	Train Loss: 1.9539	Val Accuracy: 28.52
Training Epoch: 70/200	Train Loss: 2.0944	Val Accuracy: 27.6
Training Epoch: 71/200	Train Loss: 2.0447	Val Accuracy: 27.6
Training Epoch: 72/200	Train Loss: 1.849	Val Accuracy: 27.1
Training Epoch: 73/200	Train Loss: 2.5366	Val Accuracy: 27.1
Training Epoch: 74/200	Train Loss: 2.3311	Val Accuracy: 27.84
Training Epoch: 75/200	Train Loss: 1.8678	Val Accuracy: 27.84
Training Epoch: 76/200	Train Loss: 1.8343	Val Accuracy: 28.9
Training Epoch: 77/200	Train Loss: 1.9301	Val Accuracy: 28.9
Training Epoch: 78/200	Train Loss: 2.7641	Val Accuracy: 28.74
Training Epoch: 79/200	Train Loss: 1.6311	Val Accuracy: 28.74
Training Epoch: 80/200	Train Loss: 1.822	Val Accuracy: 30.16
Training Epoch: 81/200	Train Loss: 1.8437	Val Accuracy: 30.16
Training Epoch: 82/200	Train Loss: 2.1385	Val Accuracy: 28.48
Training Epoch: 83/200	Train Loss: 1.8342	Val Accuracy: 28.48
Training Epoch: 84/200	Train Loss: 1.5817	Val Accuracy: 30.0
Training Epoch: 85/200	Train Loss: 2.5518	Val Accuracy: 30.0
Training Epoch: 86/200	Train Loss: 2.1821	Val Accuracy: 30.92
Training Epoch: 87/200	Train Loss: 2.1892	Val Accuracy: 30.92
Training Epoch: 88/200	Train Loss: 3.1269	Val Accuracy: 25.2
Training Epoch: 89/200	Train Loss: 2.2934	Val Accuracy: 25.2
Training Epoch: 90/200	Train Loss: 1.966	Val Accuracy: 28.22
Training Epoch: 91/200	Train Loss: 2.4699	Val Accuracy: 28.22
Training Epoch: 92/200	Train Loss: 2.6185	Val Accuracy: 29.56
Training Epoch: 93/200	Train Loss: 2.1297	Val Accuracy: 29.56
Training Epoch: 94/200	Train Loss: 2.7962	Val Accuracy: 30.96
Training Epoch: 95/200	Train Loss: 2.0944	Val Accuracy: 30.96
Training Epoch: 96/200	Train Loss: 1.667	Val Accuracy: 30.78
Training Epoch: 97/200	Train Loss: 1.9341	Val Accuracy: 30.78
Training Epoch: 98/200	Train Loss: 2.5826	Val Accuracy: 31.18
Training Epoch: 99/200	Train Loss: 2.0796	Val Accuracy: 31.18
Training Epoch: 100/200	Train Loss: 1.6404	Val Accuracy: 31.1
Training Epoch: 101/200	Train Loss: 1.5777	Val Accuracy: 31.1
Training Epoch: 102/200	Train Loss: 2.257	Val Accuracy: 32.4
Training Epoch: 103/200	Train Loss: 2.0366	Val Accuracy: 32.4
Training Epoch: 104/200	Train Loss: 1.4378	Val Accuracy: 31.38
Training Epoch: 105/200	Train Loss: 1.5905	Val Accuracy: 31.38
Training Epoch: 106/200	Train Loss: 1.7018	Val Accuracy: 32.48
Training Epoch: 107/200	Train Loss: 1.4934	Val Accuracy: 32.48
Training Epoch: 108/200	Train Loss: 2.6477	Val Accuracy: 27.76
Training Epoch: 109/200	Train Loss: 1.8165	Val Accuracy: 27.76
Training Epoch: 110/200	Train Loss: 2.9987	Val Accuracy: 25.58
Training Epoch: 111/200	Train Loss: 3.2912	Val Accuracy: 25.58
Training Epoch: 112/200	Train Loss: 1.7624	Val Accuracy: 30.5
Training Epoch: 113/200	Train Loss: 1.8698	Val Accuracy: 30.5
Training Epoch: 114/200	Train Loss: 1.5447	Val Accuracy: 29.38
Training Epoch: 115/200	Train Loss: 1.6152	Val Accuracy: 29.38
Training Epoch: 116/200	Train Loss: 2.632	Val Accuracy: 31.58
Training Epoch: 117/200	Train Loss: 1.7542	Val Accuracy: 31.58
Training Epoch: 118/200	Train Loss: 1.784	Val Accuracy: 32.54
Training Epoch: 119/200	Train Loss: 1.3694	Val Accuracy: 32.54
Training Epoch: 120/200	Train Loss: 1.4825	Val Accuracy: 32.72
Training Epoch: 121/200	Train Loss: 1.3101	Val Accuracy: 32.72
Training Epoch: 122/200	Train Loss: 1.3085	Val Accuracy: 32.8
Training Epoch: 123/200	Train Loss: 1.319	Val Accuracy: 32.8
Training Epoch: 124/200	Train Loss: 2.3697	Val Accuracy: 33.4
Training Epoch: 125/200	Train Loss: 2.4398	Val Accuracy: 33.4
Training Epoch: 126/200	Train Loss: 1.1414	Val Accuracy: 33.08
Training Epoch: 127/200	Train Loss: 1.7997	Val Accuracy: 33.08
Training Epoch: 128/200	Train Loss: 1.8478	Val Accuracy: 32.94
Training Epoch: 129/200	Train Loss: 1.9657	Val Accuracy: 32.94
Training Epoch: 130/200	Train Loss: 1.1909	Val Accuracy: 32.98
Training Epoch: 131/200	Train Loss: 1.3786	Val Accuracy: 32.98
Training Epoch: 132/200	Train Loss: 1.0742	Val Accuracy: 32.8
Training Epoch: 133/200	Train Loss: 1.5216	Val Accuracy: 32.8
Training Epoch: 134/200	Train Loss: 1.7223	Val Accuracy: 33.58
Training Epoch: 135/200	Train Loss: 1.0679	Val Accuracy: 33.58
Training Epoch: 136/200	Train Loss: 1.1355	Val Accuracy: 33.7
Training Epoch: 137/200	Train Loss: 0.8252	Val Accuracy: 33.7
Training Epoch: 138/200	Train Loss: 0.8338	Val Accuracy: 33.8
Training Epoch: 139/200	Train Loss: 1.5704	Val Accuracy: 33.8
Training Epoch: 140/200	Train Loss: 1.5321	Val Accuracy: 34.28
Training Epoch: 141/200	Train Loss: 0.7131	Val Accuracy: 34.28
Training Epoch: 142/200	Train Loss: 1.0325	Val Accuracy: 34.46
Training Epoch: 143/200	Train Loss: 0.8601	Val Accuracy: 34.46
Training Epoch: 144/200	Train Loss: 1.2133	Val Accuracy: 34.04
Training Epoch: 145/200	Train Loss: 1.8588	Val Accuracy: 34.04
Training Epoch: 146/200	Train Loss: 1.6021	Val Accuracy: 34.36
Training Epoch: 147/200	Train Loss: 0.8357	Val Accuracy: 34.36
Training Epoch: 148/200	Train Loss: 0.9399	Val Accuracy: 34.66
Training Epoch: 149/200	Train Loss: 0.7012	Val Accuracy: 34.66
Training Epoch: 150/200	Train Loss: 0.7747	Val Accuracy: 34.36
Training Epoch: 151/200	Train Loss: 1.0084	Val Accuracy: 34.36
Training Epoch: 152/200	Train Loss: 0.7018	Val Accuracy: 34.02
Training Epoch: 153/200	Train Loss: 0.5993	Val Accuracy: 34.02
Training Epoch: 154/200	Train Loss: 0.5964	Val Accuracy: 34.08
Training Epoch: 155/200	Train Loss: 0.6991	Val Accuracy: 34.08
Training Epoch: 156/200	Train Loss: 0.4495	Val Accuracy: 33.62
Training Epoch: 157/200	Train Loss: 0.9455	Val Accuracy: 33.62
Training Epoch: 158/200	Train Loss: 0.5579	Val Accuracy: 34.14
Training Epoch: 159/200	Train Loss: 0.6142	Val Accuracy: 34.14
Training Epoch: 160/200	Train Loss: 1.9949	Val Accuracy: 34.4
Training Epoch: 161/200	Train Loss: 0.5222	Val Accuracy: 34.4
Training Epoch: 162/200	Train Loss: 0.5229	Val Accuracy: 34.88
Training Epoch: 163/200	Train Loss: 0.4289	Val Accuracy: 34.88
Training Epoch: 164/200	Train Loss: 0.472	Val Accuracy: 33.98
Training Epoch: 165/200	Train Loss: 0.361	Val Accuracy: 33.98
Training Epoch: 166/200	Train Loss: 0.4892	Val Accuracy: 34.52
Training Epoch: 167/200	Train Loss: 0.6854	Val Accuracy: 34.52
Training Epoch: 168/200	Train Loss: 0.3972	Val Accuracy: 33.8
Training Epoch: 169/200	Train Loss: 0.4888	Val Accuracy: 33.8
Training Epoch: 170/200	Train Loss: 0.9086	Val Accuracy: 35.18
Training Epoch: 171/200	Train Loss: 0.4173	Val Accuracy: 35.18
Training Epoch: 172/200	Train Loss: 0.5164	Val Accuracy: 34.52
Training Epoch: 173/200	Train Loss: 0.2783	Val Accuracy: 34.52
Training Epoch: 174/200	Train Loss: 0.3682	Val Accuracy: 34.5
Training Epoch: 175/200	Train Loss: 0.4079	Val Accuracy: 34.5
Training Epoch: 176/200	Train Loss: 0.3076	Val Accuracy: 34.78
Training Epoch: 177/200	Train Loss: 0.5701	Val Accuracy: 34.78
Training Epoch: 178/200	Train Loss: 0.4988	Val Accuracy: 34.7
Training Epoch: 179/200	Train Loss: 0.6329	Val Accuracy: 34.7
Training Epoch: 180/200	Train Loss: 0.3128	Val Accuracy: 34.18
Training Epoch: 181/200	Train Loss: 0.2563	Val Accuracy: 34.18
Training Epoch: 182/200	Train Loss: 0.5309	Val Accuracy: 35.0
Training Epoch: 183/200	Train Loss: 0.2607	Val Accuracy: 35.0
Training Epoch: 184/200	Train Loss: 0.7947	Val Accuracy: 34.26
Training Epoch: 185/200	Train Loss: 0.6242	Val Accuracy: 34.26
Training Epoch: 186/200	Train Loss: 0.2794	Val Accuracy: 34.68
Training Epoch: 187/200	Train Loss: 0.818	Val Accuracy: 34.68
Training Epoch: 188/200	Train Loss: 0.371	Val Accuracy: 33.8
Training Epoch: 189/200	Train Loss: 0.7659	Val Accuracy: 33.8
Training Epoch: 190/200	Train Loss: 0.3096	Val Accuracy: 34.3
Training Epoch: 191/200	Train Loss: 0.6306	Val Accuracy: 34.3
Training Epoch: 192/200	Train Loss: 0.3762	Val Accuracy: 34.82
Training Epoch: 193/200	Train Loss: 1.0466	Val Accuracy: 34.82
Training Epoch: 194/200	Train Loss: 0.2347	Val Accuracy: 33.76
Training Epoch: 195/200	Train Loss: 0.4393	Val Accuracy: 33.76
Training Epoch: 196/200	Train Loss: 0.1576	Val Accuracy: 35.36
Training Epoch: 197/200	Train Loss: 0.573	Val Accuracy: 35.36
Training Epoch: 198/200	Train Loss: 0.2988	Val Accuracy: 34.84
Training Epoch: 199/200	Train Loss: 0.2257	Val Accuracy: 34.84
Training Epoch: 200/200	Train Loss: 0.4156	Val Accuracy: 34.6

Wrote Best Model Checkpoint to: vlBest_acc_35_model_epoch_0196.pyth

Best Validation Accuracy: 35.36
Best Epoch: 196

======== TESTING ========

Test Accuracy: 35.05.

======== ACTIVE SAMPLING ========

len(uSetLoader): 445
u_ranks.shape: (44450,)
Active Sampling Complete. After Episode 10:
New Labeled Set: 600, New Unlabeled Set: 44400, Active Set: 50

================================


Current accuracy values:  [17.790000000000006, 22.30999992370606, 15.810000000000002, 25.189999732971188, 23.359999847412112, 27.899999427795407, 27.55999961853027, 31.109999122619627, 27.25999923706054, 34.57999931335449, 35.0499991607666]
Starting model from scratch - ignoring existing weights.
<All keys matched successfully>
None
======== EPISODE 11 BEGINS ========

======== TRAINING ========
Training Epoch: 1/200	Train Loss: 16.4994	Val Accuracy: 0.0
Training Epoch: 2/200	Train Loss: 8.0034	Val Accuracy: 9.92
Training Epoch: 3/200	Train Loss: 4.9802	Val Accuracy: 9.92
Training Epoch: 4/200	Train Loss: 3.077	Val Accuracy: 10.3
Training Epoch: 5/200	Train Loss: 4.326	Val Accuracy: 10.3
Training Epoch: 6/200	Train Loss: 4.5711	Val Accuracy: 9.74
Training Epoch: 7/200	Train Loss: 2.336	Val Accuracy: 9.74
Training Epoch: 8/200	Train Loss: 4.0689	Val Accuracy: 11.62
Training Epoch: 9/200	Train Loss: 2.3521	Val Accuracy: 11.62
Training Epoch: 10/200	Train Loss: 3.3621	Val Accuracy: 10.76
Training Epoch: 11/200	Train Loss: 4.9828	Val Accuracy: 10.76
Training Epoch: 12/200	Train Loss: 4.7128	Val Accuracy: 12.5
Training Epoch: 13/200	Train Loss: 2.9717	Val Accuracy: 12.5
Training Epoch: 14/200	Train Loss: 2.8111	Val Accuracy: 12.64
Training Epoch: 15/200	Train Loss: 3.6748	Val Accuracy: 12.64
Training Epoch: 16/200	Train Loss: 3.4287	Val Accuracy: 13.32
Training Epoch: 17/200	Train Loss: 5.1586	Val Accuracy: 13.32
Training Epoch: 18/200	Train Loss: 4.4457	Val Accuracy: 15.48
Training Epoch: 19/200	Train Loss: 3.1146	Val Accuracy: 15.48
Training Epoch: 20/200	Train Loss: 4.8575	Val Accuracy: 14.0
Training Epoch: 21/200	Train Loss: 3.8715	Val Accuracy: 14.0
Training Epoch: 22/200	Train Loss: 3.0636	Val Accuracy: 14.78
Training Epoch: 23/200	Train Loss: 3.589	Val Accuracy: 14.78
Training Epoch: 24/200	Train Loss: 3.721	Val Accuracy: 16.2
Training Epoch: 25/200	Train Loss: 3.1078	Val Accuracy: 16.2
Training Epoch: 26/200	Train Loss: 4.1102	Val Accuracy: 15.72
Training Epoch: 27/200	Train Loss: 3.2051	Val Accuracy: 15.72
Training Epoch: 28/200	Train Loss: 3.5207	Val Accuracy: 17.7
Training Epoch: 29/200	Train Loss: 3.776	Val Accuracy: 17.7
Training Epoch: 30/200	Train Loss: 2.3112	Val Accuracy: 17.12
Training Epoch: 31/200	Train Loss: 2.8282	Val Accuracy: 17.12
Training Epoch: 32/200	Train Loss: 3.4112	Val Accuracy: 16.98
Training Epoch: 33/200	Train Loss: 3.9164	Val Accuracy: 16.98
Training Epoch: 34/200	Train Loss: 2.2752	Val Accuracy: 15.94
Training Epoch: 35/200	Train Loss: 2.73	Val Accuracy: 15.94
Training Epoch: 36/200	Train Loss: 3.2303	Val Accuracy: 13.42
Training Epoch: 37/200	Train Loss: 3.6358	Val Accuracy: 13.42
Training Epoch: 38/200	Train Loss: 3.1461	Val Accuracy: 13.66
Training Epoch: 39/200	Train Loss: 2.7568	Val Accuracy: 13.66
Training Epoch: 40/200	Train Loss: 2.7259	Val Accuracy: 14.98
Training Epoch: 41/200	Train Loss: 3.2425	Val Accuracy: 14.98
Training Epoch: 42/200	Train Loss: 3.6028	Val Accuracy: 18.26
Training Epoch: 43/200	Train Loss: 2.2744	Val Accuracy: 18.26
Training Epoch: 44/200	Train Loss: 2.1248	Val Accuracy: 19.2
Training Epoch: 45/200	Train Loss: 3.536	Val Accuracy: 19.2
Training Epoch: 46/200	Train Loss: 3.1793	Val Accuracy: 22.66
Training Epoch: 47/200	Train Loss: 3.1032	Val Accuracy: 22.66
Training Epoch: 48/200	Train Loss: 2.4983	Val Accuracy: 19.8
Training Epoch: 49/200	Train Loss: 2.1967	Val Accuracy: 19.8
Training Epoch: 50/200	Train Loss: 2.1845	Val Accuracy: 18.96
Training Epoch: 51/200	Train Loss: 3.454	Val Accuracy: 18.96
Training Epoch: 52/200	Train Loss: 2.335	Val Accuracy: 18.96
Training Epoch: 53/200	Train Loss: 2.4331	Val Accuracy: 18.96
Training Epoch: 54/200	Train Loss: 2.6982	Val Accuracy: 21.24
Training Epoch: 55/200	Train Loss: 3.3426	Val Accuracy: 21.24
Training Epoch: 56/200	Train Loss: 2.401	Val Accuracy: 19.9
Training Epoch: 57/200	Train Loss: 3.0048	Val Accuracy: 19.9
Training Epoch: 58/200	Train Loss: 2.6845	Val Accuracy: 20.7
Training Epoch: 59/200	Train Loss: 2.0225	Val Accuracy: 20.7
Training Epoch: 60/200	Train Loss: 2.3141	Val Accuracy: 22.7
Training Epoch: 61/200	Train Loss: 2.0502	Val Accuracy: 22.7
Training Epoch: 62/200	Train Loss: 2.173	Val Accuracy: 20.78
Training Epoch: 63/200	Train Loss: 2.5957	Val Accuracy: 20.78
Training Epoch: 64/200	Train Loss: 2.4046	Val Accuracy: 22.54
Training Epoch: 65/200	Train Loss: 2.6859	Val Accuracy: 22.54
Training Epoch: 66/200	Train Loss: 2.7602	Val Accuracy: 25.9
Training Epoch: 67/200	Train Loss: 2.2071	Val Accuracy: 25.9
Training Epoch: 68/200	Train Loss: 1.99	Val Accuracy: 24.96
Training Epoch: 69/200	Train Loss: 2.3714	Val Accuracy: 24.96
Training Epoch: 70/200	Train Loss: 2.1708	Val Accuracy: 25.62
Training Epoch: 71/200	Train Loss: 1.9896	Val Accuracy: 25.62
Training Epoch: 72/200	Train Loss: 2.7215	Val Accuracy: 25.74
Training Epoch: 73/200	Train Loss: 2.4784	Val Accuracy: 25.74
Training Epoch: 74/200	Train Loss: 2.0535	Val Accuracy: 26.36
Training Epoch: 75/200	Train Loss: 1.9501	Val Accuracy: 26.36
Training Epoch: 76/200	Train Loss: 2.2646	Val Accuracy: 25.32
Training Epoch: 77/200	Train Loss: 2.4957	Val Accuracy: 25.32
Training Epoch: 78/200	Train Loss: 2.1511	Val Accuracy: 25.94
Training Epoch: 79/200	Train Loss: 2.0381	Val Accuracy: 25.94
Training Epoch: 80/200	Train Loss: 1.8826	Val Accuracy: 26.38
Training Epoch: 81/200	Train Loss: 3.0743	Val Accuracy: 26.38
Training Epoch: 82/200	Train Loss: 1.7428	Val Accuracy: 25.22
Training Epoch: 83/200	Train Loss: 2.6911	Val Accuracy: 25.22
Training Epoch: 84/200	Train Loss: 2.7442	Val Accuracy: 24.86
Training Epoch: 85/200	Train Loss: 1.8581	Val Accuracy: 24.86
Training Epoch: 86/200	Train Loss: 2.3811	Val Accuracy: 26.78
Training Epoch: 87/200	Train Loss: 1.7626	Val Accuracy: 26.78
Training Epoch: 88/200	Train Loss: 1.7106	Val Accuracy: 27.64
Training Epoch: 89/200	Train Loss: 2.6995	Val Accuracy: 27.64
Training Epoch: 90/200	Train Loss: 2.6645	Val Accuracy: 27.98
Training Epoch: 91/200	Train Loss: 1.8467	Val Accuracy: 27.98
Training Epoch: 92/200	Train Loss: 1.8111	Val Accuracy: 27.48
Training Epoch: 93/200	Train Loss: 2.2215	Val Accuracy: 27.48
Training Epoch: 94/200	Train Loss: 2.2124	Val Accuracy: 27.26
Training Epoch: 95/200	Train Loss: 2.1269	Val Accuracy: 27.26
Training Epoch: 96/200	Train Loss: 2.2004	Val Accuracy: 27.74
Training Epoch: 97/200	Train Loss: 2.2197	Val Accuracy: 27.74
Training Epoch: 98/200	Train Loss: 1.4777	Val Accuracy: 27.96
Training Epoch: 99/200	Train Loss: 1.8607	Val Accuracy: 27.96
Training Epoch: 100/200	Train Loss: 1.5603	Val Accuracy: 27.9
Training Epoch: 101/200	Train Loss: 1.6601	Val Accuracy: 27.9
Training Epoch: 102/200	Train Loss: 1.5666	Val Accuracy: 27.48
Training Epoch: 103/200	Train Loss: 1.4611	Val Accuracy: 27.48
Training Epoch: 104/200	Train Loss: 1.1841	Val Accuracy: 27.46
Training Epoch: 105/200	Train Loss: 1.4146	Val Accuracy: 27.46
Training Epoch: 106/200	Train Loss: 1.5302	Val Accuracy: 26.9
Training Epoch: 107/200	Train Loss: 1.7585	Val Accuracy: 26.9
Training Epoch: 108/200	Train Loss: 1.2779	Val Accuracy: 28.28
Training Epoch: 109/200	Train Loss: 1.5856	Val Accuracy: 28.28
Training Epoch: 110/200	Train Loss: 1.6792	Val Accuracy: 28.02
Training Epoch: 111/200	Train Loss: 1.573	Val Accuracy: 28.02
Training Epoch: 112/200	Train Loss: 0.9043	Val Accuracy: 26.92
Training Epoch: 113/200	Train Loss: 1.7404	Val Accuracy: 26.92
Training Epoch: 114/200	Train Loss: 1.4375	Val Accuracy: 28.3
Training Epoch: 115/200	Train Loss: 1.2605	Val Accuracy: 28.3
Training Epoch: 116/200	Train Loss: 1.0717	Val Accuracy: 28.44
Training Epoch: 117/200	Train Loss: 1.3866	Val Accuracy: 28.44
Training Epoch: 118/200	Train Loss: 1.917	Val Accuracy: 27.9
Training Epoch: 119/200	Train Loss: 1.5924	Val Accuracy: 27.9
Training Epoch: 120/200	Train Loss: 1.0925	Val Accuracy: 28.54
Training Epoch: 121/200	Train Loss: 1.0672	Val Accuracy: 28.54
Training Epoch: 122/200	Train Loss: 1.4128	Val Accuracy: 26.56
Training Epoch: 123/200	Train Loss: 1.305	Val Accuracy: 26.56
Training Epoch: 124/200	Train Loss: 1.5638	Val Accuracy: 27.72
Training Epoch: 125/200	Train Loss: 0.6665	Val Accuracy: 27.72
Training Epoch: 126/200	Train Loss: 0.7441	Val Accuracy: 27.3
Training Epoch: 127/200	Train Loss: 1.0421	Val Accuracy: 27.3
Training Epoch: 128/200	Train Loss: 1.0303	Val Accuracy: 28.02
Training Epoch: 129/200	Train Loss: 0.8913	Val Accuracy: 28.02
Training Epoch: 130/200	Train Loss: 0.7324	Val Accuracy: 28.28
Training Epoch: 131/200	Train Loss: 0.7086	Val Accuracy: 28.28
Training Epoch: 132/200	Train Loss: 0.6596	Val Accuracy: 28.88
Training Epoch: 133/200	Train Loss: 0.5858	Val Accuracy: 28.88
Training Epoch: 134/200	Train Loss: 0.7484	Val Accuracy: 27.1
Training Epoch: 135/200	Train Loss: 0.7391	Val Accuracy: 27.1
Training Epoch: 136/200	Train Loss: 0.6835	Val Accuracy: 27.94
Training Epoch: 137/200	Train Loss: 0.7327	Val Accuracy: 27.94
Training Epoch: 138/200	Train Loss: 0.6551	Val Accuracy: 27.12
Training Epoch: 139/200	Train Loss: 0.9947	Val Accuracy: 27.12
Training Epoch: 140/200	Train Loss: 0.602	Val Accuracy: 27.18
Training Epoch: 141/200	Train Loss: 0.5253	Val Accuracy: 27.18
Training Epoch: 142/200	Train Loss: 0.5889	Val Accuracy: 28.7
Training Epoch: 143/200	Train Loss: 0.4097	Val Accuracy: 28.7
Training Epoch: 144/200	Train Loss: 0.9544	Val Accuracy: 28.3
Training Epoch: 145/200	Train Loss: 0.5418	Val Accuracy: 28.3
Training Epoch: 146/200	Train Loss: 0.895	Val Accuracy: 27.36
Training Epoch: 147/200	Train Loss: 0.9172	Val Accuracy: 27.36
Training Epoch: 148/200	Train Loss: 0.655	Val Accuracy: 29.14
Training Epoch: 149/200	Train Loss: 0.7348	Val Accuracy: 29.14
Training Epoch: 150/200	Train Loss: 0.311	Val Accuracy: 27.9
Training Epoch: 151/200	Train Loss: 0.52	Val Accuracy: 27.9
Training Epoch: 152/200	Train Loss: 0.5855	Val Accuracy: 26.86
Training Epoch: 153/200	Train Loss: 0.958	Val Accuracy: 26.86
Training Epoch: 154/200	Train Loss: 0.3273	Val Accuracy: 28.6
Training Epoch: 155/200	Train Loss: 0.3107	Val Accuracy: 28.6
Training Epoch: 156/200	Train Loss: 0.5435	Val Accuracy: 28.62
Training Epoch: 157/200	Train Loss: 0.5508	Val Accuracy: 28.62
Training Epoch: 158/200	Train Loss: 0.686	Val Accuracy: 27.48
Training Epoch: 159/200	Train Loss: 0.2735	Val Accuracy: 27.48
Training Epoch: 160/200	Train Loss: 0.5161	Val Accuracy: 27.1
Training Epoch: 161/200	Train Loss: 0.3251	Val Accuracy: 27.1
Training Epoch: 162/200	Train Loss: 0.587	Val Accuracy: 28.26
Training Epoch: 163/200	Train Loss: 0.6567	Val Accuracy: 28.26
Training Epoch: 164/200	Train Loss: 0.2881	Val Accuracy: 29.74
Training Epoch: 165/200	Train Loss: 0.5086	Val Accuracy: 29.74
Training Epoch: 166/200	Train Loss: 0.4365	Val Accuracy: 28.88
Training Epoch: 167/200	Train Loss: 0.1503	Val Accuracy: 28.88
Training Epoch: 168/200	Train Loss: 0.2611	Val Accuracy: 28.32
Training Epoch: 169/200	Train Loss: 0.2495	Val Accuracy: 28.32
Training Epoch: 170/200	Train Loss: 0.6565	Val Accuracy: 27.98
Training Epoch: 171/200	Train Loss: 0.1995	Val Accuracy: 27.98
Training Epoch: 172/200	Train Loss: 0.4387	Val Accuracy: 28.44
Training Epoch: 173/200	Train Loss: 0.2398	Val Accuracy: 28.44
Training Epoch: 174/200	Train Loss: 0.1276	Val Accuracy: 28.34
Training Epoch: 175/200	Train Loss: 0.2473	Val Accuracy: 28.34
Training Epoch: 176/200	Train Loss: 0.1093	Val Accuracy: 28.78
Training Epoch: 177/200	Train Loss: 0.2719	Val Accuracy: 28.78
Training Epoch: 178/200	Train Loss: 0.4782	Val Accuracy: 28.46
Training Epoch: 179/200	Train Loss: 0.7992	Val Accuracy: 28.46
Training Epoch: 180/200	Train Loss: 0.1055	Val Accuracy: 28.04
Training Epoch: 181/200	Train Loss: 0.1769	Val Accuracy: 28.04
Training Epoch: 182/200	Train Loss: 0.4626	Val Accuracy: 28.42
Training Epoch: 183/200	Train Loss: 0.1952	Val Accuracy: 28.42
Training Epoch: 184/200	Train Loss: 0.1329	Val Accuracy: 28.52
Training Epoch: 185/200	Train Loss: 0.2975	Val Accuracy: 28.52
Training Epoch: 186/200	Train Loss: 0.3949	Val Accuracy: 28.6
Training Epoch: 187/200	Train Loss: 0.4106	Val Accuracy: 28.6
Training Epoch: 188/200	Train Loss: 0.6421	Val Accuracy: 28.74
Training Epoch: 189/200	Train Loss: 0.5836	Val Accuracy: 28.74
Training Epoch: 190/200	Train Loss: 0.1341	Val Accuracy: 28.1
Training Epoch: 191/200	Train Loss: 0.2445	Val Accuracy: 28.1
Training Epoch: 192/200	Train Loss: 0.1291	Val Accuracy: 28.54
Training Epoch: 193/200	Train Loss: 0.3459	Val Accuracy: 28.54
Training Epoch: 194/200	Train Loss: 0.214	Val Accuracy: 27.96
Training Epoch: 195/200	Train Loss: 0.714	Val Accuracy: 27.96
Training Epoch: 196/200	Train Loss: 0.1276	Val Accuracy: 28.06
Training Epoch: 197/200	Train Loss: 0.4556	Val Accuracy: 28.06
Training Epoch: 198/200	Train Loss: 0.4852	Val Accuracy: 29.16
Training Epoch: 199/200	Train Loss: 0.242	Val Accuracy: 29.16
Training Epoch: 200/200	Train Loss: 0.24	Val Accuracy: 28.44

Wrote Best Model Checkpoint to: vlBest_acc_29_model_epoch_0164.pyth

Best Validation Accuracy: 29.74
Best Epoch: 164

======== TESTING ========

Test Accuracy: 28.48.

======== ACTIVE SAMPLING ========

len(uSetLoader): 444
u_ranks.shape: (44400,)
Active Sampling Complete. After Episode 11:
New Labeled Set: 650, New Unlabeled Set: 44350, Active Set: 50

================================


Current accuracy values:  [17.790000000000006, 22.30999992370606, 15.810000000000002, 25.189999732971188, 23.359999847412112, 27.899999427795407, 27.55999961853027, 31.109999122619627, 27.25999923706054, 34.57999931335449, 35.0499991607666, 28.479999084472652]
Starting model from scratch - ignoring existing weights.
<All keys matched successfully>
None
======== EPISODE 12 BEGINS ========

======== TRAINING ========
Training Epoch: 1/200	Train Loss: 20.1623	Val Accuracy: 0.0
Training Epoch: 2/200	Train Loss: 13.3462	Val Accuracy: 9.74
Training Epoch: 3/200	Train Loss: 5.5443	Val Accuracy: 9.74
Training Epoch: 4/200	Train Loss: 3.0152	Val Accuracy: 9.92
Training Epoch: 5/200	Train Loss: 5.9283	Val Accuracy: 9.92
Training Epoch: 6/200	Train Loss: 3.7876	Val Accuracy: 9.94
Training Epoch: 7/200	Train Loss: 2.5634	Val Accuracy: 9.94
Training Epoch: 8/200	Train Loss: 3.0862	Val Accuracy: 10.86
Training Epoch: 9/200	Train Loss: 3.3546	Val Accuracy: 10.86
Training Epoch: 10/200	Train Loss: 2.4698	Val Accuracy: 11.06
Training Epoch: 11/200	Train Loss: 2.8773	Val Accuracy: 11.06
Training Epoch: 12/200	Train Loss: 4.4046	Val Accuracy: 12.44
Training Epoch: 13/200	Train Loss: 2.5693	Val Accuracy: 12.44
Training Epoch: 14/200	Train Loss: 5.0891	Val Accuracy: 10.48
Training Epoch: 15/200	Train Loss: 2.829	Val Accuracy: 10.48
Training Epoch: 16/200	Train Loss: 4.0562	Val Accuracy: 11.76
Training Epoch: 17/200	Train Loss: 4.0822	Val Accuracy: 11.76
Training Epoch: 18/200	Train Loss: 4.52	Val Accuracy: 11.7
Training Epoch: 19/200	Train Loss: 3.9928	Val Accuracy: 11.7
Training Epoch: 20/200	Train Loss: 3.8958	Val Accuracy: 10.8
Training Epoch: 21/200	Train Loss: 4.8113	Val Accuracy: 10.8
Training Epoch: 22/200	Train Loss: 4.1226	Val Accuracy: 12.92
Training Epoch: 23/200	Train Loss: 2.7265	Val Accuracy: 12.92
Training Epoch: 24/200	Train Loss: 3.0425	Val Accuracy: 16.38
Training Epoch: 25/200	Train Loss: 3.3015	Val Accuracy: 16.38
Training Epoch: 26/200	Train Loss: 4.4672	Val Accuracy: 17.46
Training Epoch: 27/200	Train Loss: 3.3078	Val Accuracy: 17.46
Training Epoch: 28/200	Train Loss: 3.207	Val Accuracy: 20.48
Training Epoch: 29/200	Train Loss: 2.875	Val Accuracy: 20.48
Training Epoch: 30/200	Train Loss: 2.5003	Val Accuracy: 19.76
Training Epoch: 31/200	Train Loss: 2.9889	Val Accuracy: 19.76
Training Epoch: 32/200	Train Loss: 4.2089	Val Accuracy: 18.08
Training Epoch: 33/200	Train Loss: 2.2247	Val Accuracy: 18.08
Training Epoch: 34/200	Train Loss: 3.083	Val Accuracy: 23.5
Training Epoch: 35/200	Train Loss: 2.6763	Val Accuracy: 23.5
Training Epoch: 36/200	Train Loss: 2.1379	Val Accuracy: 20.64
Training Epoch: 37/200	Train Loss: 2.9959	Val Accuracy: 20.64
Training Epoch: 38/200	Train Loss: 2.3042	Val Accuracy: 20.36
Training Epoch: 39/200	Train Loss: 1.9101	Val Accuracy: 20.36
Training Epoch: 40/200	Train Loss: 2.136	Val Accuracy: 24.8
Training Epoch: 41/200	Train Loss: 2.2792	Val Accuracy: 24.8
Training Epoch: 42/200	Train Loss: 3.5118	Val Accuracy: 23.34
Training Epoch: 43/200	Train Loss: 2.0781	Val Accuracy: 23.34
Training Epoch: 44/200	Train Loss: 2.4104	Val Accuracy: 22.48
Training Epoch: 45/200	Train Loss: 2.0687	Val Accuracy: 22.48
Training Epoch: 46/200	Train Loss: 2.4196	Val Accuracy: 24.26
Training Epoch: 47/200	Train Loss: 3.1072	Val Accuracy: 24.26
Training Epoch: 48/200	Train Loss: 2.6086	Val Accuracy: 19.82
Training Epoch: 49/200	Train Loss: 2.6268	Val Accuracy: 19.82
Training Epoch: 50/200	Train Loss: 3.1036	Val Accuracy: 25.24
Training Epoch: 51/200	Train Loss: 3.1239	Val Accuracy: 25.24
Training Epoch: 52/200	Train Loss: 3.1254	Val Accuracy: 24.38
Training Epoch: 53/200	Train Loss: 2.1783	Val Accuracy: 24.38
Training Epoch: 54/200	Train Loss: 2.6714	Val Accuracy: 24.86
Training Epoch: 55/200	Train Loss: 2.5467	Val Accuracy: 24.86
Training Epoch: 56/200	Train Loss: 2.0235	Val Accuracy: 27.02
Training Epoch: 57/200	Train Loss: 2.0821	Val Accuracy: 27.02
Training Epoch: 58/200	Train Loss: 2.6438	Val Accuracy: 27.72
Training Epoch: 59/200	Train Loss: 2.0097	Val Accuracy: 27.72
Training Epoch: 60/200	Train Loss: 2.1006	Val Accuracy: 27.08
Training Epoch: 61/200	Train Loss: 2.0665	Val Accuracy: 27.08
Training Epoch: 62/200	Train Loss: 1.7763	Val Accuracy: 28.94
Training Epoch: 63/200	Train Loss: 1.9561	Val Accuracy: 28.94
Training Epoch: 64/200	Train Loss: 2.0126	Val Accuracy: 29.92
Training Epoch: 65/200	Train Loss: 2.3306	Val Accuracy: 29.92
Training Epoch: 66/200	Train Loss: 1.807	Val Accuracy: 29.06
Training Epoch: 67/200	Train Loss: 2.2088	Val Accuracy: 29.06
Training Epoch: 68/200	Train Loss: 1.5653	Val Accuracy: 30.22
Training Epoch: 69/200	Train Loss: 2.0814	Val Accuracy: 30.22
Training Epoch: 70/200	Train Loss: 2.3013	Val Accuracy: 30.3
Training Epoch: 71/200	Train Loss: 2.0354	Val Accuracy: 30.3
Training Epoch: 72/200	Train Loss: 1.8527	Val Accuracy: 26.94
Training Epoch: 73/200	Train Loss: 2.1584	Val Accuracy: 26.94
Training Epoch: 74/200	Train Loss: 1.9778	Val Accuracy: 28.56
Training Epoch: 75/200	Train Loss: 1.9649	Val Accuracy: 28.56
Training Epoch: 76/200	Train Loss: 2.3875	Val Accuracy: 31.34
Training Epoch: 77/200	Train Loss: 1.6201	Val Accuracy: 31.34
Training Epoch: 78/200	Train Loss: 1.2653	Val Accuracy: 33.5
Training Epoch: 79/200	Train Loss: 2.1858	Val Accuracy: 33.5
Training Epoch: 80/200	Train Loss: 1.7364	Val Accuracy: 32.12
Training Epoch: 81/200	Train Loss: 2.0735	Val Accuracy: 32.12
Training Epoch: 82/200	Train Loss: 1.8904	Val Accuracy: 33.02
Training Epoch: 83/200	Train Loss: 1.5226	Val Accuracy: 33.02
Training Epoch: 84/200	Train Loss: 1.7525	Val Accuracy: 31.8
Training Epoch: 85/200	Train Loss: 1.3837	Val Accuracy: 31.8
Training Epoch: 86/200	Train Loss: 1.3324	Val Accuracy: 33.66
Training Epoch: 87/200	Train Loss: 1.4558	Val Accuracy: 33.66
Training Epoch: 88/200	Train Loss: 1.6582	Val Accuracy: 32.64
Training Epoch: 89/200	Train Loss: 2.2633	Val Accuracy: 32.64
Training Epoch: 90/200	Train Loss: 1.6802	Val Accuracy: 32.72
Training Epoch: 91/200	Train Loss: 1.33	Val Accuracy: 32.72
Training Epoch: 92/200	Train Loss: 1.6897	Val Accuracy: 32.3
Training Epoch: 93/200	Train Loss: 1.2439	Val Accuracy: 32.3
Training Epoch: 94/200	Train Loss: 1.1319	Val Accuracy: 32.84
Training Epoch: 95/200	Train Loss: 1.6557	Val Accuracy: 32.84
Training Epoch: 96/200	Train Loss: 1.2526	Val Accuracy: 33.16
Training Epoch: 97/200	Train Loss: 1.3966	Val Accuracy: 33.16
Training Epoch: 98/200	Train Loss: 1.0477	Val Accuracy: 31.48
Training Epoch: 99/200	Train Loss: 1.3308	Val Accuracy: 31.48
Training Epoch: 100/200	Train Loss: 1.2268	Val Accuracy: 32.72
Training Epoch: 101/200	Train Loss: 1.1776	Val Accuracy: 32.72
Training Epoch: 102/200	Train Loss: 0.9839	Val Accuracy: 32.58
Training Epoch: 103/200	Train Loss: 1.4608	Val Accuracy: 32.58
Training Epoch: 104/200	Train Loss: 1.0157	Val Accuracy: 34.24
Training Epoch: 105/200	Train Loss: 0.9156	Val Accuracy: 34.24
Training Epoch: 106/200	Train Loss: 1.1233	Val Accuracy: 34.2
Training Epoch: 107/200	Train Loss: 1.2862	Val Accuracy: 34.2
Training Epoch: 108/200	Train Loss: 1.2619	Val Accuracy: 32.2
Training Epoch: 109/200	Train Loss: 1.5519	Val Accuracy: 32.2
Training Epoch: 110/200	Train Loss: 1.4711	Val Accuracy: 34.0
Training Epoch: 111/200	Train Loss: 1.0406	Val Accuracy: 34.0
Training Epoch: 112/200	Train Loss: 1.0767	Val Accuracy: 32.82
Training Epoch: 113/200	Train Loss: 0.984	Val Accuracy: 32.82
Training Epoch: 114/200	Train Loss: 0.6514	Val Accuracy: 33.94
Training Epoch: 115/200	Train Loss: 0.8653	Val Accuracy: 33.94
Training Epoch: 116/200	Train Loss: 0.8254	Val Accuracy: 32.76
Training Epoch: 117/200	Train Loss: 0.7858	Val Accuracy: 32.76
Training Epoch: 118/200	Train Loss: 0.7597	Val Accuracy: 33.46
Training Epoch: 119/200	Train Loss: 0.8617	Val Accuracy: 33.46
Training Epoch: 120/200	Train Loss: 0.8613	Val Accuracy: 33.12
Training Epoch: 121/200	Train Loss: 0.967	Val Accuracy: 33.12
Training Epoch: 122/200	Train Loss: 0.5541	Val Accuracy: 33.12
Training Epoch: 123/200	Train Loss: 0.7764	Val Accuracy: 33.12
Training Epoch: 124/200	Train Loss: 0.8186	Val Accuracy: 32.96
Training Epoch: 125/200	Train Loss: 0.972	Val Accuracy: 32.96
Training Epoch: 126/200	Train Loss: 0.8962	Val Accuracy: 33.94
Training Epoch: 127/200	Train Loss: 0.684	Val Accuracy: 33.94
Training Epoch: 128/200	Train Loss: 0.7181	Val Accuracy: 34.34
Training Epoch: 129/200	Train Loss: 0.5444	Val Accuracy: 34.34
Training Epoch: 130/200	Train Loss: 0.6167	Val Accuracy: 33.78
Training Epoch: 131/200	Train Loss: 0.525	Val Accuracy: 33.78
Training Epoch: 132/200	Train Loss: 0.5132	Val Accuracy: 33.48
Training Epoch: 133/200	Train Loss: 0.961	Val Accuracy: 33.48
Training Epoch: 134/200	Train Loss: 0.5466	Val Accuracy: 33.08
Training Epoch: 135/200	Train Loss: 0.6946	Val Accuracy: 33.08
Training Epoch: 136/200	Train Loss: 0.4989	Val Accuracy: 33.76
Training Epoch: 137/200	Train Loss: 1.2178	Val Accuracy: 33.76
Training Epoch: 138/200	Train Loss: 0.7644	Val Accuracy: 35.38
Training Epoch: 139/200	Train Loss: 0.4089	Val Accuracy: 35.38
Training Epoch: 140/200	Train Loss: 0.3907	Val Accuracy: 34.28
Training Epoch: 141/200	Train Loss: 0.5157	Val Accuracy: 34.28
Training Epoch: 142/200	Train Loss: 0.4396	Val Accuracy: 34.32
Training Epoch: 143/200	Train Loss: 0.8176	Val Accuracy: 34.32
Training Epoch: 144/200	Train Loss: 0.6442	Val Accuracy: 34.32
Training Epoch: 145/200	Train Loss: 0.4002	Val Accuracy: 34.32
Training Epoch: 146/200	Train Loss: 0.1758	Val Accuracy: 33.84
Training Epoch: 147/200	Train Loss: 0.2589	Val Accuracy: 33.84
Training Epoch: 148/200	Train Loss: 0.729	Val Accuracy: 34.92
Training Epoch: 149/200	Train Loss: 0.8161	Val Accuracy: 34.92
Training Epoch: 150/200	Train Loss: 0.3561	Val Accuracy: 34.08
Training Epoch: 151/200	Train Loss: 0.4515	Val Accuracy: 34.08
Training Epoch: 152/200	Train Loss: 0.5414	Val Accuracy: 35.22
Training Epoch: 153/200	Train Loss: 0.2411	Val Accuracy: 35.22
Training Epoch: 154/200	Train Loss: 0.2237	Val Accuracy: 34.1
Training Epoch: 155/200	Train Loss: 0.5019	Val Accuracy: 34.1
Training Epoch: 156/200	Train Loss: 0.3522	Val Accuracy: 34.16
Training Epoch: 157/200	Train Loss: 0.2703	Val Accuracy: 34.16
Training Epoch: 158/200	Train Loss: 0.3837	Val Accuracy: 34.94
Training Epoch: 159/200	Train Loss: 0.1711	Val Accuracy: 34.94
Training Epoch: 160/200	Train Loss: 0.4976	Val Accuracy: 35.42
Training Epoch: 161/200	Train Loss: 0.1959	Val Accuracy: 35.42
Training Epoch: 162/200	Train Loss: 0.3091	Val Accuracy: 34.56
Training Epoch: 163/200	Train Loss: 0.2338	Val Accuracy: 34.56
Training Epoch: 164/200	Train Loss: 0.4903	Val Accuracy: 34.5
Training Epoch: 165/200	Train Loss: 0.324	Val Accuracy: 34.5
Training Epoch: 166/200	Train Loss: 0.2053	Val Accuracy: 34.78
Training Epoch: 167/200	Train Loss: 0.356	Val Accuracy: 34.78
Training Epoch: 168/200	Train Loss: 0.4735	Val Accuracy: 34.78
Training Epoch: 169/200	Train Loss: 0.4827	Val Accuracy: 34.78
Training Epoch: 170/200	Train Loss: 0.6647	Val Accuracy: 34.36
Training Epoch: 171/200	Train Loss: 0.7089	Val Accuracy: 34.36
Training Epoch: 172/200	Train Loss: 0.1785	Val Accuracy: 34.94
Training Epoch: 173/200	Train Loss: 0.2299	Val Accuracy: 34.94
Training Epoch: 174/200	Train Loss: 0.1565	Val Accuracy: 34.42
Training Epoch: 175/200	Train Loss: 0.1251	Val Accuracy: 34.42
Training Epoch: 176/200	Train Loss: 0.2851	Val Accuracy: 34.46
Training Epoch: 177/200	Train Loss: 0.6441	Val Accuracy: 34.46
Training Epoch: 178/200	Train Loss: 0.5517	Val Accuracy: 34.34
Training Epoch: 179/200	Train Loss: 0.4041	Val Accuracy: 34.34
Training Epoch: 180/200	Train Loss: 0.1202	Val Accuracy: 33.96
Training Epoch: 181/200	Train Loss: 0.1574	Val Accuracy: 33.96
Training Epoch: 182/200	Train Loss: 0.4621	Val Accuracy: 35.32
Training Epoch: 183/200	Train Loss: 0.3107	Val Accuracy: 35.32
Training Epoch: 184/200	Train Loss: 0.2039	Val Accuracy: 34.6
Training Epoch: 185/200	Train Loss: 0.2136	Val Accuracy: 34.6
Training Epoch: 186/200	Train Loss: 0.3974	Val Accuracy: 34.96
Training Epoch: 187/200	Train Loss: 0.2267	Val Accuracy: 34.96
Training Epoch: 188/200	Train Loss: 0.1422	Val Accuracy: 35.44
Training Epoch: 189/200	Train Loss: 0.2404	Val Accuracy: 35.44
Training Epoch: 190/200	Train Loss: 0.1192	Val Accuracy: 35.28
Training Epoch: 191/200	Train Loss: 0.1203	Val Accuracy: 35.28
Training Epoch: 192/200	Train Loss: 0.2321	Val Accuracy: 34.82
Training Epoch: 193/200	Train Loss: 0.1692	Val Accuracy: 34.82
Training Epoch: 194/200	Train Loss: 0.2065	Val Accuracy: 34.8
Training Epoch: 195/200	Train Loss: 0.4534	Val Accuracy: 34.8
Training Epoch: 196/200	Train Loss: 0.126	Val Accuracy: 35.24
Training Epoch: 197/200	Train Loss: 0.0741	Val Accuracy: 35.24
Training Epoch: 198/200	Train Loss: 0.1803	Val Accuracy: 35.06
Training Epoch: 199/200	Train Loss: 0.2912	Val Accuracy: 35.06
Training Epoch: 200/200	Train Loss: 0.1094	Val Accuracy: 35.46

Wrote Best Model Checkpoint to: vlBest_acc_35_model_epoch_0200.pyth

Best Validation Accuracy: 35.46
Best Epoch: 200

======== TESTING ========

Test Accuracy: 35.67.

======== ACTIVE SAMPLING ========

len(uSetLoader): 444
u_ranks.shape: (44350,)
Active Sampling Complete. After Episode 12:
New Labeled Set: 700, New Unlabeled Set: 44300, Active Set: 50

================================


Current accuracy values:  [17.790000000000006, 22.30999992370606, 15.810000000000002, 25.189999732971188, 23.359999847412112, 27.899999427795407, 27.55999961853027, 31.109999122619627, 27.25999923706054, 34.57999931335449, 35.0499991607666, 28.479999084472652, 35.669998779296876]
Starting model from scratch - ignoring existing weights.
<All keys matched successfully>
None
======== EPISODE 13 BEGINS ========

======== TRAINING ========
Training Epoch: 1/200	Train Loss: 13.8692	Val Accuracy: 0.0
Training Epoch: 2/200	Train Loss: 25.2222	Val Accuracy: 10.68
Training Epoch: 3/200	Train Loss: 5.9292	Val Accuracy: 10.68
Training Epoch: 4/200	Train Loss: 3.3275	Val Accuracy: 9.7
Training Epoch: 5/200	Train Loss: 3.1424	Val Accuracy: 9.7
Training Epoch: 6/200	Train Loss: 3.4904	Val Accuracy: 11.54
Training Epoch: 7/200	Train Loss: 6.8309	Val Accuracy: 11.54
Training Epoch: 8/200	Train Loss: 3.5527	Val Accuracy: 10.24
Training Epoch: 9/200	Train Loss: 3.2949	Val Accuracy: 10.24
Training Epoch: 10/200	Train Loss: 2.6101	Val Accuracy: 9.8
Training Epoch: 11/200	Train Loss: 4.7299	Val Accuracy: 9.8
Training Epoch: 12/200	Train Loss: 3.3583	Val Accuracy: 10.96
Training Epoch: 13/200	Train Loss: 2.6133	Val Accuracy: 10.96
Training Epoch: 14/200	Train Loss: 5.9787	Val Accuracy: 10.7
Training Epoch: 15/200	Train Loss: 3.3158	Val Accuracy: 10.7
Training Epoch: 16/200	Train Loss: 5.5984	Val Accuracy: 10.78
Training Epoch: 17/200	Train Loss: 2.8767	Val Accuracy: 10.78
Training Epoch: 18/200	Train Loss: 3.1554	Val Accuracy: 12.94
Training Epoch: 19/200	Train Loss: 3.1282	Val Accuracy: 12.94
Training Epoch: 20/200	Train Loss: 2.3148	Val Accuracy: 14.52
Training Epoch: 21/200	Train Loss: 3.3295	Val Accuracy: 14.52
Training Epoch: 22/200	Train Loss: 2.9414	Val Accuracy: 16.46
Training Epoch: 23/200	Train Loss: 4.25	Val Accuracy: 16.46
Training Epoch: 24/200	Train Loss: 3.2216	Val Accuracy: 12.78
Training Epoch: 25/200	Train Loss: 3.4062	Val Accuracy: 12.78
Training Epoch: 26/200	Train Loss: 3.9106	Val Accuracy: 13.74
Training Epoch: 27/200	Train Loss: 2.3303	Val Accuracy: 13.74
Training Epoch: 28/200	Train Loss: 2.9288	Val Accuracy: 15.82
Training Epoch: 29/200	Train Loss: 3.7466	Val Accuracy: 15.82
Training Epoch: 30/200	Train Loss: 4.2618	Val Accuracy: 18.0
Training Epoch: 31/200	Train Loss: 2.7594	Val Accuracy: 18.0
Training Epoch: 32/200	Train Loss: 3.0788	Val Accuracy: 20.56
Training Epoch: 33/200	Train Loss: 2.3952	Val Accuracy: 20.56
Training Epoch: 34/200	Train Loss: 2.9575	Val Accuracy: 23.1
Training Epoch: 35/200	Train Loss: 2.1917	Val Accuracy: 23.1
Training Epoch: 36/200	Train Loss: 2.7637	Val Accuracy: 23.04
Training Epoch: 37/200	Train Loss: 2.9545	Val Accuracy: 23.04
Training Epoch: 38/200	Train Loss: 2.0811	Val Accuracy: 24.8
Training Epoch: 39/200	Train Loss: 2.3107	Val Accuracy: 24.8
Training Epoch: 40/200	Train Loss: 2.2983	Val Accuracy: 24.6
Training Epoch: 41/200	Train Loss: 2.4191	Val Accuracy: 24.6
Training Epoch: 42/200	Train Loss: 2.5238	Val Accuracy: 26.84
Training Epoch: 43/200	Train Loss: 2.3998	Val Accuracy: 26.84
Training Epoch: 44/200	Train Loss: 2.4004	Val Accuracy: 24.14
Training Epoch: 45/200	Train Loss: 2.4515	Val Accuracy: 24.14
Training Epoch: 46/200	Train Loss: 2.1233	Val Accuracy: 23.38
Training Epoch: 47/200	Train Loss: 2.0165	Val Accuracy: 23.38
Training Epoch: 48/200	Train Loss: 3.2968	Val Accuracy: 26.92
Training Epoch: 49/200	Train Loss: 2.3997	Val Accuracy: 26.92
Training Epoch: 50/200	Train Loss: 2.513	Val Accuracy: 27.38
Training Epoch: 51/200	Train Loss: 2.7026	Val Accuracy: 27.38
Training Epoch: 52/200	Train Loss: 2.9051	Val Accuracy: 28.72
Training Epoch: 53/200	Train Loss: 1.8898	Val Accuracy: 28.72
Training Epoch: 54/200	Train Loss: 2.4892	Val Accuracy: 29.26
Training Epoch: 55/200	Train Loss: 2.7289	Val Accuracy: 29.26
Training Epoch: 56/200	Train Loss: 2.6016	Val Accuracy: 28.7
Training Epoch: 57/200	Train Loss: 1.8148	Val Accuracy: 28.7
Training Epoch: 58/200	Train Loss: 2.4968	Val Accuracy: 31.58
Training Epoch: 59/200	Train Loss: 1.6504	Val Accuracy: 31.58
Training Epoch: 60/200	Train Loss: 1.9559	Val Accuracy: 31.44
Training Epoch: 61/200	Train Loss: 2.3714	Val Accuracy: 31.44
Training Epoch: 62/200	Train Loss: 2.4441	Val Accuracy: 30.7
Training Epoch: 63/200	Train Loss: 2.6868	Val Accuracy: 30.7
Training Epoch: 64/200	Train Loss: 2.1078	Val Accuracy: 29.82
Training Epoch: 65/200	Train Loss: 2.464	Val Accuracy: 29.82
Training Epoch: 66/200	Train Loss: 1.8436	Val Accuracy: 31.82
Training Epoch: 67/200	Train Loss: 2.0648	Val Accuracy: 31.82
Training Epoch: 68/200	Train Loss: 1.859	Val Accuracy: 32.02
Training Epoch: 69/200	Train Loss: 2.6952	Val Accuracy: 32.02
Training Epoch: 70/200	Train Loss: 2.1447	Val Accuracy: 31.4
Training Epoch: 71/200	Train Loss: 1.623	Val Accuracy: 31.4
Training Epoch: 72/200	Train Loss: 1.7137	Val Accuracy: 32.6
Training Epoch: 73/200	Train Loss: 1.9477	Val Accuracy: 32.6
Training Epoch: 74/200	Train Loss: 1.4781	Val Accuracy: 33.44
Training Epoch: 75/200	Train Loss: 1.593	Val Accuracy: 33.44
Training Epoch: 76/200	Train Loss: 1.9179	Val Accuracy: 33.42
Training Epoch: 77/200	Train Loss: 1.9316	Val Accuracy: 33.42
Training Epoch: 78/200	Train Loss: 1.3977	Val Accuracy: 33.32
Training Epoch: 79/200	Train Loss: 2.0325	Val Accuracy: 33.32
Training Epoch: 80/200	Train Loss: 1.4494	Val Accuracy: 33.94
Training Epoch: 81/200	Train Loss: 1.2459	Val Accuracy: 33.94
Training Epoch: 82/200	Train Loss: 2.008	Val Accuracy: 34.0
Training Epoch: 83/200	Train Loss: 1.1143	Val Accuracy: 34.0
Training Epoch: 84/200	Train Loss: 1.5207	Val Accuracy: 33.1
Training Epoch: 85/200	Train Loss: 1.5007	Val Accuracy: 33.1
Training Epoch: 86/200	Train Loss: 1.5284	Val Accuracy: 32.72
Training Epoch: 87/200	Train Loss: 1.27	Val Accuracy: 32.72
Training Epoch: 88/200	Train Loss: 1.6235	Val Accuracy: 32.92
Training Epoch: 89/200	Train Loss: 1.2134	Val Accuracy: 32.92
Training Epoch: 90/200	Train Loss: 2.1175	Val Accuracy: 33.02
Training Epoch: 91/200	Train Loss: 1.2907	Val Accuracy: 33.02
Training Epoch: 92/200	Train Loss: 1.4589	Val Accuracy: 32.38
Training Epoch: 93/200	Train Loss: 1.2696	Val Accuracy: 32.38
Training Epoch: 94/200	Train Loss: 1.0638	Val Accuracy: 33.9
Training Epoch: 95/200	Train Loss: 0.8857	Val Accuracy: 33.9
Training Epoch: 96/200	Train Loss: 1.1102	Val Accuracy: 33.54
Training Epoch: 97/200	Train Loss: 1.4229	Val Accuracy: 33.54
Training Epoch: 98/200	Train Loss: 1.0546	Val Accuracy: 34.42
Training Epoch: 99/200	Train Loss: 1.0092	Val Accuracy: 34.42
Training Epoch: 100/200	Train Loss: 1.0346	Val Accuracy: 33.38
Training Epoch: 101/200	Train Loss: 1.2182	Val Accuracy: 33.38
Training Epoch: 102/200	Train Loss: 1.1778	Val Accuracy: 36.36
Training Epoch: 103/200	Train Loss: 0.8979	Val Accuracy: 36.36
Training Epoch: 104/200	Train Loss: 0.7694	Val Accuracy: 35.4
Training Epoch: 105/200	Train Loss: 1.0745	Val Accuracy: 35.4
Training Epoch: 106/200	Train Loss: 1.0917	Val Accuracy: 32.82
Training Epoch: 107/200	Train Loss: 0.5496	Val Accuracy: 32.82
Training Epoch: 108/200	Train Loss: 1.2156	Val Accuracy: 34.6
Training Epoch: 109/200	Train Loss: 0.7536	Val Accuracy: 34.6
Training Epoch: 110/200	Train Loss: 1.0994	Val Accuracy: 34.76
Training Epoch: 111/200	Train Loss: 0.8604	Val Accuracy: 34.76
Training Epoch: 112/200	Train Loss: 0.9375	Val Accuracy: 34.08
Training Epoch: 113/200	Train Loss: 0.4219	Val Accuracy: 34.08
Training Epoch: 114/200	Train Loss: 0.7423	Val Accuracy: 35.78
Training Epoch: 115/200	Train Loss: 0.7443	Val Accuracy: 35.78
Training Epoch: 116/200	Train Loss: 0.7608	Val Accuracy: 35.16
Training Epoch: 117/200	Train Loss: 0.4392	Val Accuracy: 35.16
Training Epoch: 118/200	Train Loss: 0.9851	Val Accuracy: 35.08
Training Epoch: 119/200	Train Loss: 0.7106	Val Accuracy: 35.08
Training Epoch: 120/200	Train Loss: 1.162	Val Accuracy: 34.74
Training Epoch: 121/200	Train Loss: 0.9663	Val Accuracy: 34.74
Training Epoch: 122/200	Train Loss: 0.7454	Val Accuracy: 35.38
Training Epoch: 123/200	Train Loss: 0.9137	Val Accuracy: 35.38
Training Epoch: 124/200	Train Loss: 1.1254	Val Accuracy: 34.74
Training Epoch: 125/200	Train Loss: 0.5617	Val Accuracy: 34.74
Training Epoch: 126/200	Train Loss: 0.7577	Val Accuracy: 36.0
Training Epoch: 127/200	Train Loss: 0.8548	Val Accuracy: 36.0
Training Epoch: 128/200	Train Loss: 0.3517	Val Accuracy: 34.96
Training Epoch: 129/200	Train Loss: 1.3362	Val Accuracy: 34.96
Training Epoch: 130/200	Train Loss: 0.2659	Val Accuracy: 36.6
Training Epoch: 131/200	Train Loss: 0.2723	Val Accuracy: 36.6
Training Epoch: 132/200	Train Loss: 0.4696	Val Accuracy: 35.78
Training Epoch: 133/200	Train Loss: 0.572	Val Accuracy: 35.78
Training Epoch: 134/200	Train Loss: 0.3205	Val Accuracy: 36.7
Training Epoch: 135/200	Train Loss: 0.6077	Val Accuracy: 36.7
Training Epoch: 136/200	Train Loss: 0.6054	Val Accuracy: 35.86
Training Epoch: 137/200	Train Loss: 0.4653	Val Accuracy: 35.86
Training Epoch: 138/200	Train Loss: 0.3535	Val Accuracy: 35.92
Training Epoch: 139/200	Train Loss: 0.9209	Val Accuracy: 35.92
Training Epoch: 140/200	Train Loss: 0.9242	Val Accuracy: 34.76
Training Epoch: 141/200	Train Loss: 0.7173	Val Accuracy: 34.76
Training Epoch: 142/200	Train Loss: 0.4301	Val Accuracy: 35.92
Training Epoch: 143/200	Train Loss: 0.3981	Val Accuracy: 35.92
Training Epoch: 144/200	Train Loss: 0.6251	Val Accuracy: 36.4
Training Epoch: 145/200	Train Loss: 0.3611	Val Accuracy: 36.4
Training Epoch: 146/200	Train Loss: 0.4957	Val Accuracy: 34.9
Training Epoch: 147/200	Train Loss: 0.5584	Val Accuracy: 34.9
Training Epoch: 148/200	Train Loss: 0.1812	Val Accuracy: 35.34
Training Epoch: 149/200	Train Loss: 0.589	Val Accuracy: 35.34
Training Epoch: 150/200	Train Loss: 0.7022	Val Accuracy: 35.92
Training Epoch: 151/200	Train Loss: 0.1244	Val Accuracy: 35.92
Training Epoch: 152/200	Train Loss: 0.2687	Val Accuracy: 35.46
Training Epoch: 153/200	Train Loss: 0.5509	Val Accuracy: 35.46
Training Epoch: 154/200	Train Loss: 0.7227	Val Accuracy: 36.22
Training Epoch: 155/200	Train Loss: 0.3334	Val Accuracy: 36.22
Training Epoch: 156/200	Train Loss: 0.0749	Val Accuracy: 35.56
Training Epoch: 157/200	Train Loss: 0.7613	Val Accuracy: 35.56
Training Epoch: 158/200	Train Loss: 0.4317	Val Accuracy: 35.9
Training Epoch: 159/200	Train Loss: 0.6665	Val Accuracy: 35.9
Training Epoch: 160/200	Train Loss: 0.2252	Val Accuracy: 36.34
Training Epoch: 161/200	Train Loss: 0.7549	Val Accuracy: 36.34
Training Epoch: 162/200	Train Loss: 0.3721	Val Accuracy: 36.54
Training Epoch: 163/200	Train Loss: 0.1149	Val Accuracy: 36.54
Training Epoch: 164/200	Train Loss: 0.1223	Val Accuracy: 36.78
Training Epoch: 165/200	Train Loss: 0.405	Val Accuracy: 36.78
Training Epoch: 166/200	Train Loss: 0.2641	Val Accuracy: 36.42
Training Epoch: 167/200	Train Loss: 0.1516	Val Accuracy: 36.42
Training Epoch: 168/200	Train Loss: 0.325	Val Accuracy: 35.46
Training Epoch: 169/200	Train Loss: 0.4927	Val Accuracy: 35.46
Training Epoch: 170/200	Train Loss: 0.4929	Val Accuracy: 36.42
Training Epoch: 171/200	Train Loss: 0.0774	Val Accuracy: 36.42
Training Epoch: 172/200	Train Loss: 0.1162	Val Accuracy: 36.18
Training Epoch: 173/200	Train Loss: 0.5378	Val Accuracy: 36.18
Training Epoch: 174/200	Train Loss: 0.2473	Val Accuracy: 36.52
Training Epoch: 175/200	Train Loss: 0.2313	Val Accuracy: 36.52
Training Epoch: 176/200	Train Loss: 0.0758	Val Accuracy: 36.62
Training Epoch: 177/200	Train Loss: 0.3833	Val Accuracy: 36.62
Training Epoch: 178/200	Train Loss: 0.1748	Val Accuracy: 36.18
Training Epoch: 179/200	Train Loss: 0.1013	Val Accuracy: 36.18
Training Epoch: 180/200	Train Loss: 0.0498	Val Accuracy: 37.32
Training Epoch: 181/200	Train Loss: 0.0995	Val Accuracy: 37.32
Training Epoch: 182/200	Train Loss: 0.5792	Val Accuracy: 36.72
Training Epoch: 183/200	Train Loss: 0.1908	Val Accuracy: 36.72
Training Epoch: 184/200	Train Loss: 0.3071	Val Accuracy: 37.12
Training Epoch: 185/200	Train Loss: 0.3923	Val Accuracy: 37.12
Training Epoch: 186/200	Train Loss: 0.3611	Val Accuracy: 37.0
Training Epoch: 187/200	Train Loss: 0.352	Val Accuracy: 37.0
Training Epoch: 188/200	Train Loss: 0.1527	Val Accuracy: 36.76
Training Epoch: 189/200	Train Loss: 0.0369	Val Accuracy: 36.76
Training Epoch: 190/200	Train Loss: 0.3028	Val Accuracy: 37.04
Training Epoch: 191/200	Train Loss: 0.3738	Val Accuracy: 37.04
Training Epoch: 192/200	Train Loss: 0.0642	Val Accuracy: 36.2
Training Epoch: 193/200	Train Loss: 0.6452	Val Accuracy: 36.2
Training Epoch: 194/200	Train Loss: 0.1858	Val Accuracy: 37.24
Training Epoch: 195/200	Train Loss: 0.0397	Val Accuracy: 37.24
Training Epoch: 196/200	Train Loss: 0.1396	Val Accuracy: 36.7
Training Epoch: 197/200	Train Loss: 0.7054	Val Accuracy: 36.7
Training Epoch: 198/200	Train Loss: 0.2703	Val Accuracy: 38.04
Training Epoch: 199/200	Train Loss: 0.985	Val Accuracy: 38.04
Training Epoch: 200/200	Train Loss: 0.3957	Val Accuracy: 36.4

Wrote Best Model Checkpoint to: vlBest_acc_38_model_epoch_0198.pyth

Best Validation Accuracy: 38.04
Best Epoch: 198

======== TESTING ========

Test Accuracy: 36.37.

======== ACTIVE SAMPLING ========

len(uSetLoader): 443
u_ranks.shape: (44300,)
Active Sampling Complete. After Episode 13:
New Labeled Set: 750, New Unlabeled Set: 44250, Active Set: 50

================================


Current accuracy values:  [17.790000000000006, 22.30999992370606, 15.810000000000002, 25.189999732971188, 23.359999847412112, 27.899999427795407, 27.55999961853027, 31.109999122619627, 27.25999923706054, 34.57999931335449, 35.0499991607666, 28.479999084472652, 35.669998779296876, 36.36999881744385]
Starting model from scratch - ignoring existing weights.
<All keys matched successfully>
None
======== EPISODE 14 BEGINS ========

======== TRAINING ========
Training Epoch: 1/200	Train Loss: 9.8734	Val Accuracy: 0.0
Training Epoch: 2/200	Train Loss: 7.7182	Val Accuracy: 9.98
Training Epoch: 3/200	Train Loss: 7.358	Val Accuracy: 9.98
Training Epoch: 4/200	Train Loss: 7.6092	Val Accuracy: 10.42
Training Epoch: 5/200	Train Loss: 4.6026	Val Accuracy: 10.42
Training Epoch: 6/200	Train Loss: 7.0845	Val Accuracy: 10.28
Training Epoch: 7/200	Train Loss: 3.1449	Val Accuracy: 10.28
Training Epoch: 8/200	Train Loss: 4.4179	Val Accuracy: 11.92
Training Epoch: 9/200	Train Loss: 3.4722	Val Accuracy: 11.92
Training Epoch: 10/200	Train Loss: 3.8955	Val Accuracy: 14.4
Training Epoch: 11/200	Train Loss: 4.3626	Val Accuracy: 14.4
Training Epoch: 12/200	Train Loss: 4.6582	Val Accuracy: 15.94
Training Epoch: 13/200	Train Loss: 4.7078	Val Accuracy: 15.94
Training Epoch: 14/200	Train Loss: 3.9489	Val Accuracy: 13.86
Training Epoch: 15/200	Train Loss: 2.9504	Val Accuracy: 13.86
Training Epoch: 16/200	Train Loss: 4.8494	Val Accuracy: 17.6
Training Epoch: 17/200	Train Loss: 4.094	Val Accuracy: 17.6
Training Epoch: 18/200	Train Loss: 2.3073	Val Accuracy: 16.76
Training Epoch: 19/200	Train Loss: 2.7324	Val Accuracy: 16.76
Training Epoch: 20/200	Train Loss: 2.6888	Val Accuracy: 17.48
Training Epoch: 21/200	Train Loss: 2.4185	Val Accuracy: 17.48
Training Epoch: 22/200	Train Loss: 3.3507	Val Accuracy: 19.52
Training Epoch: 23/200	Train Loss: 3.0766	Val Accuracy: 19.52
Training Epoch: 24/200	Train Loss: 3.5346	Val Accuracy: 16.98
Training Epoch: 25/200	Train Loss: 3.5948	Val Accuracy: 16.98
Training Epoch: 26/200	Train Loss: 2.1953	Val Accuracy: 21.64
Training Epoch: 27/200	Train Loss: 3.0968	Val Accuracy: 21.64
Training Epoch: 28/200	Train Loss: 2.3967	Val Accuracy: 23.96
Training Epoch: 29/200	Train Loss: 3.2748	Val Accuracy: 23.96
Training Epoch: 30/200	Train Loss: 4.0067	Val Accuracy: 25.1
Training Epoch: 31/200	Train Loss: 4.0715	Val Accuracy: 25.1
Training Epoch: 32/200	Train Loss: 2.3097	Val Accuracy: 25.28
Training Epoch: 33/200	Train Loss: 2.8938	Val Accuracy: 25.28
Training Epoch: 34/200	Train Loss: 2.7639	Val Accuracy: 25.82
Training Epoch: 35/200	Train Loss: 2.3602	Val Accuracy: 25.82
Training Epoch: 36/200	Train Loss: 2.7552	Val Accuracy: 25.7
Training Epoch: 37/200	Train Loss: 2.3013	Val Accuracy: 25.7
Training Epoch: 38/200	Train Loss: 2.887	Val Accuracy: 27.46
Training Epoch: 39/200	Train Loss: 2.5224	Val Accuracy: 27.46
Training Epoch: 40/200	Train Loss: 2.2857	Val Accuracy: 29.02
Training Epoch: 41/200	Train Loss: 3.1141	Val Accuracy: 29.02
Training Epoch: 42/200	Train Loss: 1.9981	Val Accuracy: 30.02
Training Epoch: 43/200	Train Loss: 1.6914	Val Accuracy: 30.02
Training Epoch: 44/200	Train Loss: 2.4134	Val Accuracy: 31.02
Training Epoch: 45/200	Train Loss: 1.9593	Val Accuracy: 31.02
Training Epoch: 46/200	Train Loss: 2.7101	Val Accuracy: 29.94
Training Epoch: 47/200	Train Loss: 1.8505	Val Accuracy: 29.94
Training Epoch: 48/200	Train Loss: 1.8159	Val Accuracy: 27.36
Training Epoch: 49/200	Train Loss: 2.6413	Val Accuracy: 27.36
Training Epoch: 50/200	Train Loss: 2.1338	Val Accuracy: 29.78
Training Epoch: 51/200	Train Loss: 2.374	Val Accuracy: 29.78
Training Epoch: 52/200	Train Loss: 2.3659	Val Accuracy: 31.72
Training Epoch: 53/200	Train Loss: 2.2383	Val Accuracy: 31.72
Training Epoch: 54/200	Train Loss: 2.1474	Val Accuracy: 29.9
Training Epoch: 55/200	Train Loss: 1.7024	Val Accuracy: 29.9
Training Epoch: 56/200	Train Loss: 2.1824	Val Accuracy: 32.12
Training Epoch: 57/200	Train Loss: 1.608	Val Accuracy: 32.12
Training Epoch: 58/200	Train Loss: 2.9776	Val Accuracy: 33.28
Training Epoch: 59/200	Train Loss: 2.1656	Val Accuracy: 33.28
Training Epoch: 60/200	Train Loss: 1.5779	Val Accuracy: 33.44
Training Epoch: 61/200	Train Loss: 2.6109	Val Accuracy: 33.44
Training Epoch: 62/200	Train Loss: 1.3675	Val Accuracy: 32.14
Training Epoch: 63/200	Train Loss: 2.7584	Val Accuracy: 32.14
Training Epoch: 64/200	Train Loss: 1.4563	Val Accuracy: 33.7
Training Epoch: 65/200	Train Loss: 2.1099	Val Accuracy: 33.7
Training Epoch: 66/200	Train Loss: 1.5554	Val Accuracy: 31.88
Training Epoch: 67/200	Train Loss: 2.1749	Val Accuracy: 31.88
Training Epoch: 68/200	Train Loss: 1.7901	Val Accuracy: 32.88
Training Epoch: 69/200	Train Loss: 2.211	Val Accuracy: 32.88
Training Epoch: 70/200	Train Loss: 1.8709	Val Accuracy: 33.66
Training Epoch: 71/200	Train Loss: 1.7012	Val Accuracy: 33.66
Training Epoch: 72/200	Train Loss: 1.8699	Val Accuracy: 34.68
Training Epoch: 73/200	Train Loss: 2.0611	Val Accuracy: 34.68
Training Epoch: 74/200	Train Loss: 1.7927	Val Accuracy: 32.68
Training Epoch: 75/200	Train Loss: 2.2025	Val Accuracy: 32.68
Training Epoch: 76/200	Train Loss: 1.2243	Val Accuracy: 32.78
Training Epoch: 77/200	Train Loss: 1.6631	Val Accuracy: 32.78
Training Epoch: 78/200	Train Loss: 1.3194	Val Accuracy: 32.88
Training Epoch: 79/200	Train Loss: 1.9716	Val Accuracy: 32.88
Training Epoch: 80/200	Train Loss: 1.4543	Val Accuracy: 34.34
Training Epoch: 81/200	Train Loss: 2.1389	Val Accuracy: 34.34
Training Epoch: 82/200	Train Loss: 1.0603	Val Accuracy: 33.94
Training Epoch: 83/200	Train Loss: 1.1301	Val Accuracy: 33.94
Training Epoch: 84/200	Train Loss: 1.7641	Val Accuracy: 34.72
Training Epoch: 85/200	Train Loss: 1.287	Val Accuracy: 34.72
Training Epoch: 86/200	Train Loss: 1.4931	Val Accuracy: 33.92
Training Epoch: 87/200	Train Loss: 2.2285	Val Accuracy: 33.92
Training Epoch: 88/200	Train Loss: 1.1804	Val Accuracy: 34.92
Training Epoch: 89/200	Train Loss: 0.8286	Val Accuracy: 34.92
Training Epoch: 90/200	Train Loss: 1.6251	Val Accuracy: 32.96
Training Epoch: 91/200	Train Loss: 1.3096	Val Accuracy: 32.96
Training Epoch: 92/200	Train Loss: 0.8033	Val Accuracy: 35.08
Training Epoch: 93/200	Train Loss: 1.0341	Val Accuracy: 35.08
Training Epoch: 94/200	Train Loss: 1.1249	Val Accuracy: 25.1
Training Epoch: 95/200	Train Loss: 1.8271	Val Accuracy: 25.1
Training Epoch: 96/200	Train Loss: 0.7943	Val Accuracy: 33.12
Training Epoch: 97/200	Train Loss: 1.6193	Val Accuracy: 33.12
Training Epoch: 98/200	Train Loss: 1.2195	Val Accuracy: 34.56
Training Epoch: 99/200	Train Loss: 1.1339	Val Accuracy: 34.56
Training Epoch: 100/200	Train Loss: 1.0725	Val Accuracy: 34.64
Training Epoch: 101/200	Train Loss: 0.885	Val Accuracy: 34.64
Training Epoch: 102/200	Train Loss: 1.0941	Val Accuracy: 35.54
Training Epoch: 103/200	Train Loss: 1.473	Val Accuracy: 35.54
Training Epoch: 104/200	Train Loss: 0.7349	Val Accuracy: 36.42
Training Epoch: 105/200	Train Loss: 0.9183	Val Accuracy: 36.42
Training Epoch: 106/200	Train Loss: 0.8113	Val Accuracy: 36.72
Training Epoch: 107/200	Train Loss: 1.2567	Val Accuracy: 36.72
Training Epoch: 108/200	Train Loss: 0.6427	Val Accuracy: 34.74
Training Epoch: 109/200	Train Loss: 0.6645	Val Accuracy: 34.74
Training Epoch: 110/200	Train Loss: 1.4947	Val Accuracy: 36.12
Training Epoch: 111/200	Train Loss: 1.112	Val Accuracy: 36.12
Training Epoch: 112/200	Train Loss: 1.3366	Val Accuracy: 36.48
Training Epoch: 113/200	Train Loss: 0.8995	Val Accuracy: 36.48
Training Epoch: 114/200	Train Loss: 1.4039	Val Accuracy: 35.24
Training Epoch: 115/200	Train Loss: 0.8733	Val Accuracy: 35.24
Training Epoch: 116/200	Train Loss: 1.3371	Val Accuracy: 35.96
Training Epoch: 117/200	Train Loss: 0.9368	Val Accuracy: 35.96
Training Epoch: 118/200	Train Loss: 0.6504	Val Accuracy: 35.18
Training Epoch: 119/200	Train Loss: 0.6739	Val Accuracy: 35.18
Training Epoch: 120/200	Train Loss: 0.6844	Val Accuracy: 35.38
Training Epoch: 121/200	Train Loss: 0.6714	Val Accuracy: 35.38
Training Epoch: 122/200	Train Loss: 0.8485	Val Accuracy: 35.84
Training Epoch: 123/200	Train Loss: 1.324	Val Accuracy: 35.84
Training Epoch: 124/200	Train Loss: 0.2966	Val Accuracy: 35.48
Training Epoch: 125/200	Train Loss: 0.5585	Val Accuracy: 35.48
Training Epoch: 126/200	Train Loss: 0.4295	Val Accuracy: 35.26
Training Epoch: 127/200	Train Loss: 0.2366	Val Accuracy: 35.26
Training Epoch: 128/200	Train Loss: 0.4506	Val Accuracy: 37.34
Training Epoch: 129/200	Train Loss: 0.6487	Val Accuracy: 37.34
Training Epoch: 130/200	Train Loss: 0.2161	Val Accuracy: 35.8
Training Epoch: 131/200	Train Loss: 0.4878	Val Accuracy: 35.8
Training Epoch: 132/200	Train Loss: 0.986	Val Accuracy: 37.58
Training Epoch: 133/200	Train Loss: 0.5903	Val Accuracy: 37.58
Training Epoch: 134/200	Train Loss: 0.5034	Val Accuracy: 36.64
Training Epoch: 135/200	Train Loss: 0.4133	Val Accuracy: 36.64
Training Epoch: 136/200	Train Loss: 0.1677	Val Accuracy: 35.52
Training Epoch: 137/200	Train Loss: 0.2718	Val Accuracy: 35.52
Training Epoch: 138/200	Train Loss: 0.7854	Val Accuracy: 36.4
Training Epoch: 139/200	Train Loss: 0.261	Val Accuracy: 36.4
Training Epoch: 140/200	Train Loss: 0.7294	Val Accuracy: 36.04
Training Epoch: 141/200	Train Loss: 0.2299	Val Accuracy: 36.04
Training Epoch: 142/200	Train Loss: 0.5494	Val Accuracy: 37.68
Training Epoch: 143/200	Train Loss: 0.4371	Val Accuracy: 37.68
Training Epoch: 144/200	Train Loss: 0.3637	Val Accuracy: 37.44
Training Epoch: 145/200	Train Loss: 0.6229	Val Accuracy: 37.44
Training Epoch: 146/200	Train Loss: 0.6269	Val Accuracy: 36.24
Training Epoch: 147/200	Train Loss: 0.5486	Val Accuracy: 36.24
Training Epoch: 148/200	Train Loss: 0.9549	Val Accuracy: 36.94
Training Epoch: 149/200	Train Loss: 0.339	Val Accuracy: 36.94
Training Epoch: 150/200	Train Loss: 0.329	Val Accuracy: 36.64
Training Epoch: 151/200	Train Loss: 0.3108	Val Accuracy: 36.64
Training Epoch: 152/200	Train Loss: 0.2439	Val Accuracy: 37.44
Training Epoch: 153/200	Train Loss: 0.7079	Val Accuracy: 37.44
Training Epoch: 154/200	Train Loss: 1.1665	Val Accuracy: 37.74
Training Epoch: 155/200	Train Loss: 0.8057	Val Accuracy: 37.74
Training Epoch: 156/200	Train Loss: 0.3733	Val Accuracy: 37.28
Training Epoch: 157/200	Train Loss: 0.846	Val Accuracy: 37.28
Training Epoch: 158/200	Train Loss: 1.0294	Val Accuracy: 36.76
Training Epoch: 159/200	Train Loss: 0.0599	Val Accuracy: 36.76
Training Epoch: 160/200	Train Loss: 0.6208	Val Accuracy: 37.26
Training Epoch: 161/200	Train Loss: 0.3968	Val Accuracy: 37.26
Training Epoch: 162/200	Train Loss: 0.1778	Val Accuracy: 38.88
Training Epoch: 163/200	Train Loss: 0.1466	Val Accuracy: 38.88
Training Epoch: 164/200	Train Loss: 0.1219	Val Accuracy: 38.14
Training Epoch: 165/200	Train Loss: 0.3791	Val Accuracy: 38.14
Training Epoch: 166/200	Train Loss: 0.4122	Val Accuracy: 38.14
Training Epoch: 167/200	Train Loss: 0.5637	Val Accuracy: 38.14
Training Epoch: 168/200	Train Loss: 0.4229	Val Accuracy: 38.2
Training Epoch: 169/200	Train Loss: 0.3169	Val Accuracy: 38.2
Training Epoch: 170/200	Train Loss: 0.3976	Val Accuracy: 38.04
Training Epoch: 171/200	Train Loss: 0.213	Val Accuracy: 38.04
Training Epoch: 172/200	Train Loss: 0.1334	Val Accuracy: 38.04
Training Epoch: 173/200	Train Loss: 0.4554	Val Accuracy: 38.04
Training Epoch: 174/200	Train Loss: 0.4336	Val Accuracy: 36.98
Training Epoch: 175/200	Train Loss: 0.1468	Val Accuracy: 36.98
Training Epoch: 176/200	Train Loss: 0.0805	Val Accuracy: 37.76
Training Epoch: 177/200	Train Loss: 0.735	Val Accuracy: 37.76
Training Epoch: 178/200	Train Loss: 0.506	Val Accuracy: 37.92
Training Epoch: 179/200	Train Loss: 0.3466	Val Accuracy: 37.92
Training Epoch: 180/200	Train Loss: 0.0686	Val Accuracy: 38.0
Training Epoch: 181/200	Train Loss: 0.8588	Val Accuracy: 38.0
Training Epoch: 182/200	Train Loss: 0.6617	Val Accuracy: 37.1
Training Epoch: 183/200	Train Loss: 0.1184	Val Accuracy: 37.1
Training Epoch: 184/200	Train Loss: 0.1059	Val Accuracy: 37.4
Training Epoch: 185/200	Train Loss: 0.483	Val Accuracy: 37.4
Training Epoch: 186/200	Train Loss: 0.1006	Val Accuracy: 37.96
Training Epoch: 187/200	Train Loss: 0.3226	Val Accuracy: 37.96
Training Epoch: 188/200	Train Loss: 0.4577	Val Accuracy: 38.08
Training Epoch: 189/200	Train Loss: 0.4637	Val Accuracy: 38.08
Training Epoch: 190/200	Train Loss: 0.4203	Val Accuracy: 36.76
Training Epoch: 191/200	Train Loss: 0.0869	Val Accuracy: 36.76
Training Epoch: 192/200	Train Loss: 0.1008	Val Accuracy: 37.12
Training Epoch: 193/200	Train Loss: 0.149	Val Accuracy: 37.12
Training Epoch: 194/200	Train Loss: 0.298	Val Accuracy: 37.6
Training Epoch: 195/200	Train Loss: 0.2432	Val Accuracy: 37.6
Training Epoch: 196/200	Train Loss: 0.0943	Val Accuracy: 37.26
Training Epoch: 197/200	Train Loss: 0.3615	Val Accuracy: 37.26
Training Epoch: 198/200	Train Loss: 0.5154	Val Accuracy: 38.06
Training Epoch: 199/200	Train Loss: 0.1381	Val Accuracy: 38.06
Training Epoch: 200/200	Train Loss: 0.3703	Val Accuracy: 38.48

Wrote Best Model Checkpoint to: vlBest_acc_38_model_epoch_0162.pyth

Best Validation Accuracy: 38.88
Best Epoch: 162

======== TESTING ========

Test Accuracy: 37.15.

======== ACTIVE SAMPLING ========

len(uSetLoader): 443
u_ranks.shape: (44250,)
Active Sampling Complete. After Episode 14:
New Labeled Set: 800, New Unlabeled Set: 44200, Active Set: 50

================================


Current accuracy values:  [17.790000000000006, 22.30999992370606, 15.810000000000002, 25.189999732971188, 23.359999847412112, 27.899999427795407, 27.55999961853027, 31.109999122619627, 27.25999923706054, 34.57999931335449, 35.0499991607666, 28.479999084472652, 35.669998779296876, 36.36999881744385, 37.14999931335449]
Starting model from scratch - ignoring existing weights.
<All keys matched successfully>
None
======== EPISODE 15 BEGINS ========

======== TRAINING ========
Training Epoch: 1/200	Train Loss: 18.4352	Val Accuracy: 0.0
Training Epoch: 2/200	Train Loss: 10.7622	Val Accuracy: 9.98
Training Epoch: 3/200	Train Loss: 4.9238	Val Accuracy: 9.98
Training Epoch: 4/200	Train Loss: 4.6536	Val Accuracy: 10.14
Training Epoch: 5/200	Train Loss: 5.8739	Val Accuracy: 10.14
Training Epoch: 6/200	Train Loss: 4.5418	Val Accuracy: 9.7
Training Epoch: 7/200	Train Loss: 6.2376	Val Accuracy: 9.7
Training Epoch: 8/200	Train Loss: 4.6499	Val Accuracy: 9.92
Training Epoch: 9/200	Train Loss: 4.1458	Val Accuracy: 9.92
Training Epoch: 10/200	Train Loss: 3.1582	Val Accuracy: 13.22
Training Epoch: 11/200	Train Loss: 2.5581	Val Accuracy: 13.22
Training Epoch: 12/200	Train Loss: 3.8179	Val Accuracy: 15.28
Training Epoch: 13/200	Train Loss: 3.3964	Val Accuracy: 15.28
Training Epoch: 14/200	Train Loss: 3.9024	Val Accuracy: 15.38
Training Epoch: 15/200	Train Loss: 2.3987	Val Accuracy: 15.38
Training Epoch: 16/200	Train Loss: 2.3282	Val Accuracy: 18.62
Training Epoch: 17/200	Train Loss: 2.4839	Val Accuracy: 18.62
Training Epoch: 18/200	Train Loss: 2.4832	Val Accuracy: 18.2
Training Epoch: 19/200	Train Loss: 5.5761	Val Accuracy: 18.2
Training Epoch: 20/200	Train Loss: 3.4476	Val Accuracy: 18.0
Training Epoch: 21/200	Train Loss: 2.2004	Val Accuracy: 18.0
Training Epoch: 22/200	Train Loss: 3.7579	Val Accuracy: 21.42
Training Epoch: 23/200	Train Loss: 3.0107	Val Accuracy: 21.42
Training Epoch: 24/200	Train Loss: 3.047	Val Accuracy: 22.62
Training Epoch: 25/200	Train Loss: 2.9847	Val Accuracy: 22.62
Training Epoch: 26/200	Train Loss: 3.0748	Val Accuracy: 21.04
Training Epoch: 27/200	Train Loss: 3.3208	Val Accuracy: 21.04
Training Epoch: 28/200	Train Loss: 3.1138	Val Accuracy: 22.84
Training Epoch: 29/200	Train Loss: 3.2654	Val Accuracy: 22.84
Training Epoch: 30/200	Train Loss: 2.8641	Val Accuracy: 25.28
Training Epoch: 31/200	Train Loss: 2.6068	Val Accuracy: 25.28
Training Epoch: 32/200	Train Loss: 2.8083	Val Accuracy: 24.76
Training Epoch: 33/200	Train Loss: 2.4175	Val Accuracy: 24.76
Training Epoch: 34/200	Train Loss: 2.5169	Val Accuracy: 22.84
Training Epoch: 35/200	Train Loss: 2.7761	Val Accuracy: 22.84
Training Epoch: 36/200	Train Loss: 2.896	Val Accuracy: 24.96
Training Epoch: 37/200	Train Loss: 2.0846	Val Accuracy: 24.96
Training Epoch: 38/200	Train Loss: 2.1721	Val Accuracy: 27.02
Training Epoch: 39/200	Train Loss: 2.7319	Val Accuracy: 27.02
Training Epoch: 40/200	Train Loss: 2.5882	Val Accuracy: 27.46
Training Epoch: 41/200	Train Loss: 3.1546	Val Accuracy: 27.46
Training Epoch: 42/200	Train Loss: 2.5681	Val Accuracy: 25.14
Training Epoch: 43/200	Train Loss: 2.0354	Val Accuracy: 25.14
Training Epoch: 44/200	Train Loss: 3.0016	Val Accuracy: 27.72
Training Epoch: 45/200	Train Loss: 2.867	Val Accuracy: 27.72
Training Epoch: 46/200	Train Loss: 3.608	Val Accuracy: 27.28
Training Epoch: 47/200	Train Loss: 2.2178	Val Accuracy: 27.28
Training Epoch: 48/200	Train Loss: 2.0557	Val Accuracy: 28.76
Training Epoch: 49/200	Train Loss: 2.9854	Val Accuracy: 28.76
Training Epoch: 50/200	Train Loss: 2.3727	Val Accuracy: 27.84
Training Epoch: 51/200	Train Loss: 2.8752	Val Accuracy: 27.84
Training Epoch: 52/200	Train Loss: 1.8596	Val Accuracy: 29.38
Training Epoch: 53/200	Train Loss: 2.5942	Val Accuracy: 29.38
Training Epoch: 54/200	Train Loss: 2.6209	Val Accuracy: 30.38
Training Epoch: 55/200	Train Loss: 2.5555	Val Accuracy: 30.38
Training Epoch: 56/200	Train Loss: 2.0188	Val Accuracy: 29.92
Training Epoch: 57/200	Train Loss: 1.8934	Val Accuracy: 29.92
Training Epoch: 58/200	Train Loss: 2.4401	Val Accuracy: 30.5
Training Epoch: 59/200	Train Loss: 2.1182	Val Accuracy: 30.5
Training Epoch: 60/200	Train Loss: 2.1378	Val Accuracy: 30.7
Training Epoch: 61/200	Train Loss: 3.0957	Val Accuracy: 30.7
Training Epoch: 62/200	Train Loss: 2.3438	Val Accuracy: 20.16
Training Epoch: 63/200	Train Loss: 2.32	Val Accuracy: 20.16
Training Epoch: 64/200	Train Loss: 2.9204	Val Accuracy: 26.0
Training Epoch: 65/200	Train Loss: 2.1264	Val Accuracy: 26.0
Training Epoch: 66/200	Train Loss: 2.0062	Val Accuracy: 27.96
Training Epoch: 67/200	Train Loss: 2.0134	Val Accuracy: 27.96
Training Epoch: 68/200	Train Loss: 2.1775	Val Accuracy: 29.6
Training Epoch: 69/200	Train Loss: 2.1172	Val Accuracy: 29.6
Training Epoch: 70/200	Train Loss: 2.5278	Val Accuracy: 29.6
Training Epoch: 71/200	Train Loss: 1.8864	Val Accuracy: 29.6
Training Epoch: 72/200	Train Loss: 2.261	Val Accuracy: 30.08
Training Epoch: 73/200	Train Loss: 1.7891	Val Accuracy: 30.08
Training Epoch: 74/200	Train Loss: 2.0589	Val Accuracy: 29.16
Training Epoch: 75/200	Train Loss: 1.5417	Val Accuracy: 29.16
Training Epoch: 76/200	Train Loss: 2.0978	Val Accuracy: 29.94
Training Epoch: 77/200	Train Loss: 1.7309	Val Accuracy: 29.94
Training Epoch: 78/200	Train Loss: 2.0795	Val Accuracy: 31.96
Training Epoch: 79/200	Train Loss: 2.1749	Val Accuracy: 31.96
Training Epoch: 80/200	Train Loss: 1.7485	Val Accuracy: 31.16
Training Epoch: 81/200	Train Loss: 2.5294	Val Accuracy: 31.16
Training Epoch: 82/200	Train Loss: 2.1211	Val Accuracy: 30.04
Training Epoch: 83/200	Train Loss: 1.8036	Val Accuracy: 30.04
Training Epoch: 84/200	Train Loss: 1.5434	Val Accuracy: 32.06
Training Epoch: 85/200	Train Loss: 1.4766	Val Accuracy: 32.06
Training Epoch: 86/200	Train Loss: 2.3719	Val Accuracy: 32.22
Training Epoch: 87/200	Train Loss: 1.5234	Val Accuracy: 32.22
Training Epoch: 88/200	Train Loss: 1.4931	Val Accuracy: 32.36
Training Epoch: 89/200	Train Loss: 1.9475	Val Accuracy: 32.36
Training Epoch: 90/200	Train Loss: 1.7538	Val Accuracy: 29.84
Training Epoch: 91/200	Train Loss: 1.427	Val Accuracy: 29.84
Training Epoch: 92/200	Train Loss: 2.3084	Val Accuracy: 30.44
Training Epoch: 93/200	Train Loss: 1.4681	Val Accuracy: 30.44
Training Epoch: 94/200	Train Loss: 2.2174	Val Accuracy: 30.32
Training Epoch: 95/200	Train Loss: 1.8949	Val Accuracy: 30.32
Training Epoch: 96/200	Train Loss: 1.4046	Val Accuracy: 30.88
Training Epoch: 97/200	Train Loss: 1.1386	Val Accuracy: 30.88
Training Epoch: 98/200	Train Loss: 1.0997	Val Accuracy: 32.46
Training Epoch: 99/200	Train Loss: 1.4767	Val Accuracy: 32.46
Training Epoch: 100/200	Train Loss: 1.5312	Val Accuracy: 33.02
Training Epoch: 101/200	Train Loss: 2.1078	Val Accuracy: 33.02
Training Epoch: 102/200	Train Loss: 2.0174	Val Accuracy: 30.44
Training Epoch: 103/200	Train Loss: 1.2649	Val Accuracy: 30.44
Training Epoch: 104/200	Train Loss: 1.2226	Val Accuracy: 29.26
Training Epoch: 105/200	Train Loss: 1.5454	Val Accuracy: 29.26
Training Epoch: 106/200	Train Loss: 1.5007	Val Accuracy: 31.1
Training Epoch: 107/200	Train Loss: 1.7059	Val Accuracy: 31.1
Training Epoch: 108/200	Train Loss: 1.6792	Val Accuracy: 32.1
Training Epoch: 109/200	Train Loss: 1.3217	Val Accuracy: 32.1
Training Epoch: 110/200	Train Loss: 1.1847	Val Accuracy: 32.76
Training Epoch: 111/200	Train Loss: 1.5016	Val Accuracy: 32.76
Training Epoch: 112/200	Train Loss: 1.4109	Val Accuracy: 32.16
Training Epoch: 113/200	Train Loss: 1.512	Val Accuracy: 32.16
Training Epoch: 114/200	Train Loss: 1.6416	Val Accuracy: 32.38
Training Epoch: 115/200	Train Loss: 1.1085	Val Accuracy: 32.38
Training Epoch: 116/200	Train Loss: 1.6486	Val Accuracy: 33.76
Training Epoch: 117/200	Train Loss: 0.7965	Val Accuracy: 33.76
Training Epoch: 118/200	Train Loss: 0.8115	Val Accuracy: 33.16
Training Epoch: 119/200	Train Loss: 1.2332	Val Accuracy: 33.16
Training Epoch: 120/200	Train Loss: 1.1305	Val Accuracy: 33.26
Training Epoch: 121/200	Train Loss: 1.0365	Val Accuracy: 33.26
Training Epoch: 122/200	Train Loss: 1.3405	Val Accuracy: 33.56
Training Epoch: 123/200	Train Loss: 0.9005	Val Accuracy: 33.56
Training Epoch: 124/200	Train Loss: 0.7207	Val Accuracy: 33.5
Training Epoch: 125/200	Train Loss: 0.9736	Val Accuracy: 33.5
Training Epoch: 126/200	Train Loss: 0.9767	Val Accuracy: 32.88
Training Epoch: 127/200	Train Loss: 1.0538	Val Accuracy: 32.88
Training Epoch: 128/200	Train Loss: 0.9522	Val Accuracy: 32.6
Training Epoch: 129/200	Train Loss: 0.8337	Val Accuracy: 32.6
Training Epoch: 130/200	Train Loss: 0.9389	Val Accuracy: 33.26
Training Epoch: 131/200	Train Loss: 0.8584	Val Accuracy: 33.26
Training Epoch: 132/200	Train Loss: 0.5962	Val Accuracy: 33.12
Training Epoch: 133/200	Train Loss: 0.8977	Val Accuracy: 33.12
Training Epoch: 134/200	Train Loss: 0.4181	Val Accuracy: 35.08
Training Epoch: 135/200	Train Loss: 1.0205	Val Accuracy: 35.08
Training Epoch: 136/200	Train Loss: 0.4783	Val Accuracy: 33.56
Training Epoch: 137/200	Train Loss: 0.4146	Val Accuracy: 33.56
Training Epoch: 138/200	Train Loss: 0.6279	Val Accuracy: 33.18
Training Epoch: 139/200	Train Loss: 0.3253	Val Accuracy: 33.18
Training Epoch: 140/200	Train Loss: 1.0998	Val Accuracy: 34.16
Training Epoch: 141/200	Train Loss: 1.1305	Val Accuracy: 34.16
Training Epoch: 142/200	Train Loss: 0.86	Val Accuracy: 33.1
Training Epoch: 143/200	Train Loss: 0.4507	Val Accuracy: 33.1
Training Epoch: 144/200	Train Loss: 0.4563	Val Accuracy: 33.68
Training Epoch: 145/200	Train Loss: 0.2845	Val Accuracy: 33.68
Training Epoch: 146/200	Train Loss: 0.4701	Val Accuracy: 33.5
Training Epoch: 147/200	Train Loss: 0.8869	Val Accuracy: 33.5
Training Epoch: 148/200	Train Loss: 0.9779	Val Accuracy: 33.6
Training Epoch: 149/200	Train Loss: 0.6123	Val Accuracy: 33.6
Training Epoch: 150/200	Train Loss: 0.6091	Val Accuracy: 34.04
Training Epoch: 151/200	Train Loss: 0.7115	Val Accuracy: 34.04
Training Epoch: 152/200	Train Loss: 0.4518	Val Accuracy: 33.52
Training Epoch: 153/200	Train Loss: 0.6799	Val Accuracy: 33.52
Training Epoch: 154/200	Train Loss: 0.7422	Val Accuracy: 34.32
Training Epoch: 155/200	Train Loss: 0.1917	Val Accuracy: 34.32
Training Epoch: 156/200	Train Loss: 0.2523	Val Accuracy: 33.32
Training Epoch: 157/200	Train Loss: 0.6884	Val Accuracy: 33.32
Training Epoch: 158/200	Train Loss: 0.2724	Val Accuracy: 34.88
Training Epoch: 159/200	Train Loss: 0.256	Val Accuracy: 34.88
Training Epoch: 160/200	Train Loss: 0.4554	Val Accuracy: 35.04
Training Epoch: 161/200	Train Loss: 0.224	Val Accuracy: 35.04
Training Epoch: 162/200	Train Loss: 0.255	Val Accuracy: 35.66
Training Epoch: 163/200	Train Loss: 0.9184	Val Accuracy: 35.66
Training Epoch: 164/200	Train Loss: 0.2534	Val Accuracy: 34.96
Training Epoch: 165/200	Train Loss: 0.4108	Val Accuracy: 34.96
Training Epoch: 166/200	Train Loss: 0.5515	Val Accuracy: 34.28
Training Epoch: 167/200	Train Loss: 0.1306	Val Accuracy: 34.28
Training Epoch: 168/200	Train Loss: 0.4	Val Accuracy: 35.34
Training Epoch: 169/200	Train Loss: 0.5593	Val Accuracy: 35.34
Training Epoch: 170/200	Train Loss: 0.2625	Val Accuracy: 34.72
Training Epoch: 171/200	Train Loss: 0.1591	Val Accuracy: 34.72
Training Epoch: 172/200	Train Loss: 0.1929	Val Accuracy: 35.32
Training Epoch: 173/200	Train Loss: 0.3617	Val Accuracy: 35.32
Training Epoch: 174/200	Train Loss: 0.2506	Val Accuracy: 34.16
Training Epoch: 175/200	Train Loss: 0.7886	Val Accuracy: 34.16
Training Epoch: 176/200	Train Loss: 0.5412	Val Accuracy: 34.52
Training Epoch: 177/200	Train Loss: 0.3647	Val Accuracy: 34.52
Training Epoch: 178/200	Train Loss: 0.3111	Val Accuracy: 36.08
Training Epoch: 179/200	Train Loss: 0.5376	Val Accuracy: 36.08
Training Epoch: 180/200	Train Loss: 0.1587	Val Accuracy: 35.2
Training Epoch: 181/200	Train Loss: 0.4004	Val Accuracy: 35.2
Training Epoch: 182/200	Train Loss: 0.3042	Val Accuracy: 35.42
Training Epoch: 183/200	Train Loss: 0.4973	Val Accuracy: 35.42
Training Epoch: 184/200	Train Loss: 0.4226	Val Accuracy: 35.02
Training Epoch: 185/200	Train Loss: 0.3722	Val Accuracy: 35.02
Training Epoch: 186/200	Train Loss: 0.3052	Val Accuracy: 35.56
Training Epoch: 187/200	Train Loss: 0.103	Val Accuracy: 35.56
Training Epoch: 188/200	Train Loss: 0.436	Val Accuracy: 35.72
Training Epoch: 189/200	Train Loss: 0.0801	Val Accuracy: 35.72
Training Epoch: 190/200	Train Loss: 0.2929	Val Accuracy: 35.26
Training Epoch: 191/200	Train Loss: 0.4725	Val Accuracy: 35.26
Training Epoch: 192/200	Train Loss: 0.3021	Val Accuracy: 35.7
Training Epoch: 193/200	Train Loss: 0.2354	Val Accuracy: 35.7
Training Epoch: 194/200	Train Loss: 0.0636	Val Accuracy: 35.28
Training Epoch: 195/200	Train Loss: 0.3113	Val Accuracy: 35.28
Training Epoch: 196/200	Train Loss: 0.4471	Val Accuracy: 35.5
Training Epoch: 197/200	Train Loss: 0.5413	Val Accuracy: 35.5
Training Epoch: 198/200	Train Loss: 0.1915	Val Accuracy: 35.5
Training Epoch: 199/200	Train Loss: 0.415	Val Accuracy: 35.5
Training Epoch: 200/200	Train Loss: 0.2463	Val Accuracy: 35.54

Wrote Best Model Checkpoint to: vlBest_acc_36_model_epoch_0178.pyth

Best Validation Accuracy: 36.08
Best Epoch: 178

======== TESTING ========

Test Accuracy: 35.81.

======== ACTIVE SAMPLING ========

len(uSetLoader): 442
u_ranks.shape: (44200,)
Active Sampling Complete. After Episode 15:
New Labeled Set: 850, New Unlabeled Set: 44150, Active Set: 50

================================


Current accuracy values:  [17.790000000000006, 22.30999992370606, 15.810000000000002, 25.189999732971188, 23.359999847412112, 27.899999427795407, 27.55999961853027, 31.109999122619627, 27.25999923706054, 34.57999931335449, 35.0499991607666, 28.479999084472652, 35.669998779296876, 36.36999881744385, 37.14999931335449, 35.80999927520752]
Starting model from scratch - ignoring existing weights.
<All keys matched successfully>
None
======== EPISODE 16 BEGINS ========

======== TRAINING ========
Training Epoch: 1/200	Train Loss: 18.75	Val Accuracy: 0.0
Training Epoch: 2/200	Train Loss: 6.0231	Val Accuracy: 10.16
Training Epoch: 3/200	Train Loss: 5.4219	Val Accuracy: 10.16
Training Epoch: 4/200	Train Loss: 4.0884	Val Accuracy: 10.04
Training Epoch: 5/200	Train Loss: 4.2995	Val Accuracy: 10.04
Training Epoch: 6/200	Train Loss: 3.6355	Val Accuracy: 10.88
Training Epoch: 7/200	Train Loss: 3.1933	Val Accuracy: 10.88
Training Epoch: 8/200	Train Loss: 2.6346	Val Accuracy: 15.6
Training Epoch: 9/200	Train Loss: 4.1795	Val Accuracy: 15.6
Training Epoch: 10/200	Train Loss: 5.1067	Val Accuracy: 18.46
Training Epoch: 11/200	Train Loss: 3.2716	Val Accuracy: 18.46
Training Epoch: 12/200	Train Loss: 2.3279	Val Accuracy: 19.34
Training Epoch: 13/200	Train Loss: 3.1453	Val Accuracy: 19.34
Training Epoch: 14/200	Train Loss: 2.1015	Val Accuracy: 20.54
Training Epoch: 15/200	Train Loss: 3.3103	Val Accuracy: 20.54
Training Epoch: 16/200	Train Loss: 3.6673	Val Accuracy: 18.86
Training Epoch: 17/200	Train Loss: 3.5173	Val Accuracy: 18.86
Training Epoch: 18/200	Train Loss: 3.5502	Val Accuracy: 21.02
Training Epoch: 19/200	Train Loss: 2.141	Val Accuracy: 21.02
Training Epoch: 20/200	Train Loss: 3.5989	Val Accuracy: 18.04
Training Epoch: 21/200	Train Loss: 4.0253	Val Accuracy: 18.04
Training Epoch: 22/200	Train Loss: 3.6721	Val Accuracy: 21.74
Training Epoch: 23/200	Train Loss: 2.718	Val Accuracy: 21.74
Training Epoch: 24/200	Train Loss: 2.1474	Val Accuracy: 24.24
Training Epoch: 25/200	Train Loss: 2.1249	Val Accuracy: 24.24
Training Epoch: 26/200	Train Loss: 3.3618	Val Accuracy: 19.4
Training Epoch: 27/200	Train Loss: 4.5417	Val Accuracy: 19.4
Training Epoch: 28/200	Train Loss: 3.9824	Val Accuracy: 26.3
Training Epoch: 29/200	Train Loss: 2.7505	Val Accuracy: 26.3
Training Epoch: 30/200	Train Loss: 2.1227	Val Accuracy: 24.38
Training Epoch: 31/200	Train Loss: 2.8191	Val Accuracy: 24.38
Training Epoch: 32/200	Train Loss: 2.8671	Val Accuracy: 22.8
Training Epoch: 33/200	Train Loss: 2.3675	Val Accuracy: 22.8
Training Epoch: 34/200	Train Loss: 2.7917	Val Accuracy: 26.96
Training Epoch: 35/200	Train Loss: 4.1667	Val Accuracy: 26.96
Training Epoch: 36/200	Train Loss: 2.9926	Val Accuracy: 26.66
Training Epoch: 37/200	Train Loss: 2.4125	Val Accuracy: 26.66
Training Epoch: 38/200	Train Loss: 2.1953	Val Accuracy: 28.92
Training Epoch: 39/200	Train Loss: 1.8753	Val Accuracy: 28.92
Training Epoch: 40/200	Train Loss: 2.0106	Val Accuracy: 29.5
Training Epoch: 41/200	Train Loss: 2.7699	Val Accuracy: 29.5
Training Epoch: 42/200	Train Loss: 2.5335	Val Accuracy: 29.62
Training Epoch: 43/200	Train Loss: 1.9729	Val Accuracy: 29.62
Training Epoch: 44/200	Train Loss: 2.4833	Val Accuracy: 28.8
Training Epoch: 45/200	Train Loss: 2.7783	Val Accuracy: 28.8
Training Epoch: 46/200	Train Loss: 2.6573	Val Accuracy: 29.34
Training Epoch: 47/200	Train Loss: 2.7121	Val Accuracy: 29.34
Training Epoch: 48/200	Train Loss: 2.2355	Val Accuracy: 30.74
Training Epoch: 49/200	Train Loss: 2.3409	Val Accuracy: 30.74
Training Epoch: 50/200	Train Loss: 2.5135	Val Accuracy: 31.52
Training Epoch: 51/200	Train Loss: 2.127	Val Accuracy: 31.52
Training Epoch: 52/200	Train Loss: 2.7334	Val Accuracy: 32.48
Training Epoch: 53/200	Train Loss: 2.3089	Val Accuracy: 32.48
Training Epoch: 54/200	Train Loss: 2.3829	Val Accuracy: 27.42
Training Epoch: 55/200	Train Loss: 2.3748	Val Accuracy: 27.42
Training Epoch: 56/200	Train Loss: 3.198	Val Accuracy: 28.26
Training Epoch: 57/200	Train Loss: 2.1752	Val Accuracy: 28.26
Training Epoch: 58/200	Train Loss: 1.8922	Val Accuracy: 22.86
Training Epoch: 59/200	Train Loss: 2.9571	Val Accuracy: 22.86
Training Epoch: 60/200	Train Loss: 2.6258	Val Accuracy: 23.6
Training Epoch: 61/200	Train Loss: 2.1201	Val Accuracy: 23.6
Training Epoch: 62/200	Train Loss: 2.8102	Val Accuracy: 26.98
Training Epoch: 63/200	Train Loss: 2.2237	Val Accuracy: 26.98
Training Epoch: 64/200	Train Loss: 2.1042	Val Accuracy: 21.9
Training Epoch: 65/200	Train Loss: 2.4653	Val Accuracy: 21.9
Training Epoch: 66/200	Train Loss: 2.3646	Val Accuracy: 27.96
Training Epoch: 67/200	Train Loss: 2.2336	Val Accuracy: 27.96
Training Epoch: 68/200	Train Loss: 1.9932	Val Accuracy: 29.12
Training Epoch: 69/200	Train Loss: 2.4128	Val Accuracy: 29.12
Training Epoch: 70/200	Train Loss: 2.3002	Val Accuracy: 28.18
Training Epoch: 71/200	Train Loss: 2.51	Val Accuracy: 28.18
Training Epoch: 72/200	Train Loss: 1.8928	Val Accuracy: 29.56
Training Epoch: 73/200	Train Loss: 2.0239	Val Accuracy: 29.56
Training Epoch: 74/200	Train Loss: 2.5594	Val Accuracy: 27.62
Training Epoch: 75/200	Train Loss: 1.8785	Val Accuracy: 27.62
Training Epoch: 76/200	Train Loss: 1.9752	Val Accuracy: 29.84
Training Epoch: 77/200	Train Loss: 2.2566	Val Accuracy: 29.84
Training Epoch: 78/200	Train Loss: 1.923	Val Accuracy: 30.8
Training Epoch: 79/200	Train Loss: 1.7772	Val Accuracy: 30.8
Training Epoch: 80/200	Train Loss: 2.0798	Val Accuracy: 31.28
Training Epoch: 81/200	Train Loss: 1.8361	Val Accuracy: 31.28
Training Epoch: 82/200	Train Loss: 2.3218	Val Accuracy: 29.98
Training Epoch: 83/200	Train Loss: 1.6058	Val Accuracy: 29.98
Training Epoch: 84/200	Train Loss: 2.244	Val Accuracy: 32.04
Training Epoch: 85/200	Train Loss: 1.95	Val Accuracy: 32.04
Training Epoch: 86/200	Train Loss: 2.2636	Val Accuracy: 31.72
Training Epoch: 87/200	Train Loss: 2.1866	Val Accuracy: 31.72
Training Epoch: 88/200	Train Loss: 2.3183	Val Accuracy: 31.94
Training Epoch: 89/200	Train Loss: 1.9261	Val Accuracy: 31.94
Training Epoch: 90/200	Train Loss: 1.8196	Val Accuracy: 29.76
Training Epoch: 91/200	Train Loss: 2.7272	Val Accuracy: 29.76
Training Epoch: 92/200	Train Loss: 1.669	Val Accuracy: 32.5
Training Epoch: 93/200	Train Loss: 2.0254	Val Accuracy: 32.5
Training Epoch: 94/200	Train Loss: 1.7772	Val Accuracy: 31.9
Training Epoch: 95/200	Train Loss: 2.2771	Val Accuracy: 31.9
Training Epoch: 96/200	Train Loss: 1.502	Val Accuracy: 30.94
Training Epoch: 97/200	Train Loss: 2.0759	Val Accuracy: 30.94
Training Epoch: 98/200	Train Loss: 1.8591	Val Accuracy: 32.42
Training Epoch: 99/200	Train Loss: 1.9694	Val Accuracy: 32.42
Training Epoch: 100/200	Train Loss: 1.964	Val Accuracy: 31.74
Training Epoch: 101/200	Train Loss: 1.8217	Val Accuracy: 31.74
Training Epoch: 102/200	Train Loss: 1.9917	Val Accuracy: 31.66
Training Epoch: 103/200	Train Loss: 2.367	Val Accuracy: 31.66
Training Epoch: 104/200	Train Loss: 1.8495	Val Accuracy: 32.7
Training Epoch: 105/200	Train Loss: 1.5791	Val Accuracy: 32.7
Training Epoch: 106/200	Train Loss: 2.0701	Val Accuracy: 32.8
Training Epoch: 107/200	Train Loss: 1.491	Val Accuracy: 32.8
Training Epoch: 108/200	Train Loss: 1.5213	Val Accuracy: 33.58
Training Epoch: 109/200	Train Loss: 1.6089	Val Accuracy: 33.58
Training Epoch: 110/200	Train Loss: 1.6462	Val Accuracy: 32.92
Training Epoch: 111/200	Train Loss: 1.6789	Val Accuracy: 32.92
Training Epoch: 112/200	Train Loss: 1.4771	Val Accuracy: 31.94
Training Epoch: 113/200	Train Loss: 1.5006	Val Accuracy: 31.94
Training Epoch: 114/200	Train Loss: 1.3181	Val Accuracy: 34.36
Training Epoch: 115/200	Train Loss: 1.3955	Val Accuracy: 34.36
Training Epoch: 116/200	Train Loss: 1.3756	Val Accuracy: 35.0
Training Epoch: 117/200	Train Loss: 1.3993	Val Accuracy: 35.0
Training Epoch: 118/200	Train Loss: 1.4126	Val Accuracy: 31.5
Training Epoch: 119/200	Train Loss: 1.6074	Val Accuracy: 31.5
Training Epoch: 120/200	Train Loss: 1.633	Val Accuracy: 32.24
Training Epoch: 121/200	Train Loss: 1.7096	Val Accuracy: 32.24
Training Epoch: 122/200	Train Loss: 1.6226	Val Accuracy: 33.12
Training Epoch: 123/200	Train Loss: 1.6374	Val Accuracy: 33.12
Training Epoch: 124/200	Train Loss: 2.0335	Val Accuracy: 30.28
Training Epoch: 125/200	Train Loss: 1.5641	Val Accuracy: 30.28
Training Epoch: 126/200	Train Loss: 1.683	Val Accuracy: 32.34
Training Epoch: 127/200	Train Loss: 1.2206	Val Accuracy: 32.34
Training Epoch: 128/200	Train Loss: 1.4436	Val Accuracy: 32.42
Training Epoch: 129/200	Train Loss: 1.291	Val Accuracy: 32.42
Training Epoch: 130/200	Train Loss: 1.2936	Val Accuracy: 32.86
Training Epoch: 131/200	Train Loss: 1.2187	Val Accuracy: 32.86
Training Epoch: 132/200	Train Loss: 1.7942	Val Accuracy: 31.48
Training Epoch: 133/200	Train Loss: 1.5323	Val Accuracy: 31.48
Training Epoch: 134/200	Train Loss: 1.1039	Val Accuracy: 33.2
Training Epoch: 135/200	Train Loss: 0.8962	Val Accuracy: 33.2
Training Epoch: 136/200	Train Loss: 0.9403	Val Accuracy: 32.66
Training Epoch: 137/200	Train Loss: 1.4182	Val Accuracy: 32.66
Training Epoch: 138/200	Train Loss: 1.2616	Val Accuracy: 31.94
Training Epoch: 139/200	Train Loss: 1.3185	Val Accuracy: 31.94
Training Epoch: 140/200	Train Loss: 0.927	Val Accuracy: 32.7
Training Epoch: 141/200	Train Loss: 1.2114	Val Accuracy: 32.7
Training Epoch: 142/200	Train Loss: 0.9076	Val Accuracy: 33.36
Training Epoch: 143/200	Train Loss: 1.4508	Val Accuracy: 33.36
Training Epoch: 144/200	Train Loss: 1.2635	Val Accuracy: 33.12
Training Epoch: 145/200	Train Loss: 0.6854	Val Accuracy: 33.12
Training Epoch: 146/200	Train Loss: 0.9108	Val Accuracy: 33.46
Training Epoch: 147/200	Train Loss: 1.0361	Val Accuracy: 33.46
Training Epoch: 148/200	Train Loss: 0.8013	Val Accuracy: 33.34
Training Epoch: 149/200	Train Loss: 1.2884	Val Accuracy: 33.34
Training Epoch: 150/200	Train Loss: 0.9273	Val Accuracy: 32.8
Training Epoch: 151/200	Train Loss: 1.3368	Val Accuracy: 32.8
Training Epoch: 152/200	Train Loss: 0.843	Val Accuracy: 32.92
Training Epoch: 153/200	Train Loss: 1.0505	Val Accuracy: 32.92
Training Epoch: 154/200	Train Loss: 0.9963	Val Accuracy: 30.9
Training Epoch: 155/200	Train Loss: 0.9914	Val Accuracy: 30.9
Training Epoch: 156/200	Train Loss: 0.9081	Val Accuracy: 31.82
Training Epoch: 157/200	Train Loss: 1.0368	Val Accuracy: 31.82
Training Epoch: 158/200	Train Loss: 1.0324	Val Accuracy: 33.6
Training Epoch: 159/200	Train Loss: 0.7547	Val Accuracy: 33.6
Training Epoch: 160/200	Train Loss: 1.2928	Val Accuracy: 32.94
Training Epoch: 161/200	Train Loss: 0.8052	Val Accuracy: 32.94
Training Epoch: 162/200	Train Loss: 1.1808	Val Accuracy: 31.22
Training Epoch: 163/200	Train Loss: 1.033	Val Accuracy: 31.22
Training Epoch: 164/200	Train Loss: 0.9979	Val Accuracy: 33.24
Training Epoch: 165/200	Train Loss: 1.3874	Val Accuracy: 33.24
Training Epoch: 166/200	Train Loss: 0.9602	Val Accuracy: 31.62
Training Epoch: 167/200	Train Loss: 0.8285	Val Accuracy: 31.62
Training Epoch: 168/200	Train Loss: 0.73	Val Accuracy: 32.88
Training Epoch: 169/200	Train Loss: 0.9669	Val Accuracy: 32.88
Training Epoch: 170/200	Train Loss: 1.006	Val Accuracy: 33.58
Training Epoch: 171/200	Train Loss: 0.6845	Val Accuracy: 33.58
Training Epoch: 172/200	Train Loss: 0.4916	Val Accuracy: 33.4
Training Epoch: 173/200	Train Loss: 0.6188	Val Accuracy: 33.4
Training Epoch: 174/200	Train Loss: 0.466	Val Accuracy: 33.22
Training Epoch: 175/200	Train Loss: 0.4376	Val Accuracy: 33.22
Training Epoch: 176/200	Train Loss: 0.5904	Val Accuracy: 33.96
Training Epoch: 177/200	Train Loss: 0.5537	Val Accuracy: 33.96
Training Epoch: 178/200	Train Loss: 0.7305	Val Accuracy: 32.7
Training Epoch: 179/200	Train Loss: 0.6196	Val Accuracy: 32.7
Training Epoch: 180/200	Train Loss: 0.4305	Val Accuracy: 32.32
Training Epoch: 181/200	Train Loss: 0.7272	Val Accuracy: 32.32
Training Epoch: 182/200	Train Loss: 0.497	Val Accuracy: 33.42
Training Epoch: 183/200	Train Loss: 0.8059	Val Accuracy: 33.42
Training Epoch: 184/200	Train Loss: 1.0874	Val Accuracy: 32.66
Training Epoch: 185/200	Train Loss: 0.5741	Val Accuracy: 32.66
Training Epoch: 186/200	Train Loss: 0.6549	Val Accuracy: 33.08
Training Epoch: 187/200	Train Loss: 0.909	Val Accuracy: 33.08
Training Epoch: 188/200	Train Loss: 1.077	Val Accuracy: 32.86
Training Epoch: 189/200	Train Loss: 0.8486	Val Accuracy: 32.86
Training Epoch: 190/200	Train Loss: 0.369	Val Accuracy: 32.52
Training Epoch: 191/200	Train Loss: 0.4039	Val Accuracy: 32.52
Training Epoch: 192/200	Train Loss: 0.8875	Val Accuracy: 33.48
Training Epoch: 193/200	Train Loss: 0.5262	Val Accuracy: 33.48
Training Epoch: 194/200	Train Loss: 0.4247	Val Accuracy: 33.3
Training Epoch: 195/200	Train Loss: 0.7231	Val Accuracy: 33.3
Training Epoch: 196/200	Train Loss: 0.7428	Val Accuracy: 33.84
Training Epoch: 197/200	Train Loss: 0.7531	Val Accuracy: 33.84
Training Epoch: 198/200	Train Loss: 0.4362	Val Accuracy: 33.28
Training Epoch: 199/200	Train Loss: 0.517	Val Accuracy: 33.28
Training Epoch: 200/200	Train Loss: 0.4032	Val Accuracy: 33.44

Wrote Best Model Checkpoint to: vlBest_acc_34_model_epoch_0116.pyth

Best Validation Accuracy: 35.0
Best Epoch: 116

======== TESTING ========

Test Accuracy: 32.87.

======== ACTIVE SAMPLING ========

len(uSetLoader): 442
u_ranks.shape: (44150,)
Active Sampling Complete. After Episode 16:
New Labeled Set: 900, New Unlabeled Set: 44100, Active Set: 50

================================


Current accuracy values:  [17.790000000000006, 22.30999992370606, 15.810000000000002, 25.189999732971188, 23.359999847412112, 27.899999427795407, 27.55999961853027, 31.109999122619627, 27.25999923706054, 34.57999931335449, 35.0499991607666, 28.479999084472652, 35.669998779296876, 36.36999881744385, 37.14999931335449, 35.80999927520752, 32.86999904632569]
Starting model from scratch - ignoring existing weights.
<All keys matched successfully>
None
======== EPISODE 17 BEGINS ========

======== TRAINING ========
Training Epoch: 1/200	Train Loss: 11.0836	Val Accuracy: 0.0
Training Epoch: 2/200	Train Loss: 3.238	Val Accuracy: 10.22
Training Epoch: 3/200	Train Loss: 4.7968	Val Accuracy: 10.22
Training Epoch: 4/200	Train Loss: 15.8163	Val Accuracy: 12.48
Training Epoch: 5/200	Train Loss: 3.5206	Val Accuracy: 12.48
Training Epoch: 6/200	Train Loss: 2.8559	Val Accuracy: 12.58
Training Epoch: 7/200	Train Loss: 2.319	Val Accuracy: 12.58
Training Epoch: 8/200	Train Loss: 2.2289	Val Accuracy: 12.5
Training Epoch: 9/200	Train Loss: 5.1124	Val Accuracy: 12.5
Training Epoch: 10/200	Train Loss: 2.9086	Val Accuracy: 14.62
Training Epoch: 11/200	Train Loss: 2.9233	Val Accuracy: 14.62
Training Epoch: 12/200	Train Loss: 5.3671	Val Accuracy: 11.78
Training Epoch: 13/200	Train Loss: 3.5157	Val Accuracy: 11.78
Training Epoch: 14/200	Train Loss: 4.758	Val Accuracy: 16.16
Training Epoch: 15/200	Train Loss: 5.4542	Val Accuracy: 16.16
Training Epoch: 16/200	Train Loss: 3.4214	Val Accuracy: 11.84
Training Epoch: 17/200	Train Loss: 4.4156	Val Accuracy: 11.84
Training Epoch: 18/200	Train Loss: 2.4531	Val Accuracy: 9.96
Training Epoch: 19/200	Train Loss: 4.5947	Val Accuracy: 9.96
Training Epoch: 20/200	Train Loss: 2.3291	Val Accuracy: 12.14
Training Epoch: 21/200	Train Loss: 3.729	Val Accuracy: 12.14
Training Epoch: 22/200	Train Loss: 3.6153	Val Accuracy: 10.18
Training Epoch: 23/200	Train Loss: 2.6192	Val Accuracy: 10.18
Training Epoch: 24/200	Train Loss: 3.2764	Val Accuracy: 10.2
Training Epoch: 25/200	Train Loss: 2.74	Val Accuracy: 10.2
Training Epoch: 26/200	Train Loss: 3.2254	Val Accuracy: 10.36
Training Epoch: 27/200	Train Loss: 3.6839	Val Accuracy: 10.36
Training Epoch: 28/200	Train Loss: 2.8451	Val Accuracy: 10.22
Training Epoch: 29/200	Train Loss: 3.5306	Val Accuracy: 10.22
Training Epoch: 30/200	Train Loss: 3.3806	Val Accuracy: 11.74
Training Epoch: 31/200	Train Loss: 3.9626	Val Accuracy: 11.74
Training Epoch: 32/200	Train Loss: 2.2911	Val Accuracy: 14.22
Training Epoch: 33/200	Train Loss: 2.546	Val Accuracy: 14.22
Training Epoch: 34/200	Train Loss: 2.5937	Val Accuracy: 13.96
Training Epoch: 35/200	Train Loss: 3.1927	Val Accuracy: 13.96
Training Epoch: 36/200	Train Loss: 3.7179	Val Accuracy: 17.24
Training Epoch: 37/200	Train Loss: 2.6197	Val Accuracy: 17.24
Training Epoch: 38/200	Train Loss: 2.238	Val Accuracy: 18.52
Training Epoch: 39/200	Train Loss: 2.4327	Val Accuracy: 18.52
Training Epoch: 40/200	Train Loss: 2.9538	Val Accuracy: 18.24
Training Epoch: 41/200	Train Loss: 2.3899	Val Accuracy: 18.24
Training Epoch: 42/200	Train Loss: 3.048	Val Accuracy: 20.6
Training Epoch: 43/200	Train Loss: 2.8163	Val Accuracy: 20.6
Training Epoch: 44/200	Train Loss: 2.8141	Val Accuracy: 20.52
Training Epoch: 45/200	Train Loss: 2.2129	Val Accuracy: 20.52
Training Epoch: 46/200	Train Loss: 2.5188	Val Accuracy: 13.22
Training Epoch: 47/200	Train Loss: 1.8435	Val Accuracy: 13.22
Training Epoch: 48/200	Train Loss: 2.9869	Val Accuracy: 22.46
Training Epoch: 49/200	Train Loss: 2.6825	Val Accuracy: 22.46
Training Epoch: 50/200	Train Loss: 2.5192	Val Accuracy: 25.46
Training Epoch: 51/200	Train Loss: 1.9094	Val Accuracy: 25.46
Training Epoch: 52/200	Train Loss: 2.125	Val Accuracy: 26.94
Training Epoch: 53/200	Train Loss: 2.8146	Val Accuracy: 26.94
Training Epoch: 54/200	Train Loss: 2.0771	Val Accuracy: 27.5
Training Epoch: 55/200	Train Loss: 2.323	Val Accuracy: 27.5
Training Epoch: 56/200	Train Loss: 1.748	Val Accuracy: 28.1
Training Epoch: 57/200	Train Loss: 2.1848	Val Accuracy: 28.1
Training Epoch: 58/200	Train Loss: 2.3564	Val Accuracy: 28.3
Training Epoch: 59/200	Train Loss: 1.9226	Val Accuracy: 28.3
Training Epoch: 60/200	Train Loss: 2.2978	Val Accuracy: 29.26
Training Epoch: 61/200	Train Loss: 2.2293	Val Accuracy: 29.26
Training Epoch: 62/200	Train Loss: 2.3348	Val Accuracy: 28.9
Training Epoch: 63/200	Train Loss: 2.7283	Val Accuracy: 28.9
Training Epoch: 64/200	Train Loss: 2.3217	Val Accuracy: 30.2
Training Epoch: 65/200	Train Loss: 2.0312	Val Accuracy: 30.2
Training Epoch: 66/200	Train Loss: 1.9768	Val Accuracy: 31.5
Training Epoch: 67/200	Train Loss: 2.2357	Val Accuracy: 31.5
Training Epoch: 68/200	Train Loss: 2.6317	Val Accuracy: 30.1
Training Epoch: 69/200	Train Loss: 2.0345	Val Accuracy: 30.1
Training Epoch: 70/200	Train Loss: 1.9079	Val Accuracy: 31.84
Training Epoch: 71/200	Train Loss: 1.7669	Val Accuracy: 31.84
Training Epoch: 72/200	Train Loss: 1.8747	Val Accuracy: 31.82
Training Epoch: 73/200	Train Loss: 1.8068	Val Accuracy: 31.82
Training Epoch: 74/200	Train Loss: 2.2354	Val Accuracy: 31.8
Training Epoch: 75/200	Train Loss: 1.837	Val Accuracy: 31.8
Training Epoch: 76/200	Train Loss: 2.0542	Val Accuracy: 32.68
Training Epoch: 77/200	Train Loss: 2.4343	Val Accuracy: 32.68
Training Epoch: 78/200	Train Loss: 1.7493	Val Accuracy: 30.92
Training Epoch: 79/200	Train Loss: 2.3561	Val Accuracy: 30.92
Training Epoch: 80/200	Train Loss: 2.07	Val Accuracy: 32.88
Training Epoch: 81/200	Train Loss: 1.7435	Val Accuracy: 32.88
Training Epoch: 82/200	Train Loss: 2.1577	Val Accuracy: 32.84
Training Epoch: 83/200	Train Loss: 1.8399	Val Accuracy: 32.84
Training Epoch: 84/200	Train Loss: 1.9102	Val Accuracy: 34.06
Training Epoch: 85/200	Train Loss: 1.6059	Val Accuracy: 34.06
Training Epoch: 86/200	Train Loss: 2.2845	Val Accuracy: 33.84
Training Epoch: 87/200	Train Loss: 1.8671	Val Accuracy: 33.84
Training Epoch: 88/200	Train Loss: 1.4886	Val Accuracy: 32.22
Training Epoch: 89/200	Train Loss: 1.8951	Val Accuracy: 32.22
Training Epoch: 90/200	Train Loss: 1.5799	Val Accuracy: 33.5
Training Epoch: 91/200	Train Loss: 1.9339	Val Accuracy: 33.5
Training Epoch: 92/200	Train Loss: 1.7185	Val Accuracy: 33.5
Training Epoch: 93/200	Train Loss: 1.6016	Val Accuracy: 33.5
Training Epoch: 94/200	Train Loss: 1.5869	Val Accuracy: 34.22
Training Epoch: 95/200	Train Loss: 1.6134	Val Accuracy: 34.22
Training Epoch: 96/200	Train Loss: 1.4826	Val Accuracy: 35.8
Training Epoch: 97/200	Train Loss: 2.1535	Val Accuracy: 35.8
Training Epoch: 98/200	Train Loss: 1.9359	Val Accuracy: 33.6
Training Epoch: 99/200	Train Loss: 1.6761	Val Accuracy: 33.6
Training Epoch: 100/200	Train Loss: 1.37	Val Accuracy: 34.42
Training Epoch: 101/200	Train Loss: 1.6539	Val Accuracy: 34.42
Training Epoch: 102/200	Train Loss: 1.5925	Val Accuracy: 34.44
Training Epoch: 103/200	Train Loss: 1.4353	Val Accuracy: 34.44
Training Epoch: 104/200	Train Loss: 1.3321	Val Accuracy: 35.28
Training Epoch: 105/200	Train Loss: 1.1659	Val Accuracy: 35.28
Training Epoch: 106/200	Train Loss: 1.3865	Val Accuracy: 36.48
Training Epoch: 107/200	Train Loss: 1.6719	Val Accuracy: 36.48
Training Epoch: 108/200	Train Loss: 1.6585	Val Accuracy: 35.78
Training Epoch: 109/200	Train Loss: 1.4333	Val Accuracy: 35.78
Training Epoch: 110/200	Train Loss: 1.1809	Val Accuracy: 34.04
Training Epoch: 111/200	Train Loss: 1.2625	Val Accuracy: 34.04
Training Epoch: 112/200	Train Loss: 1.4426	Val Accuracy: 34.14
Training Epoch: 113/200	Train Loss: 1.3327	Val Accuracy: 34.14
Training Epoch: 114/200	Train Loss: 1.5657	Val Accuracy: 37.2
Training Epoch: 115/200	Train Loss: 1.541	Val Accuracy: 37.2
Training Epoch: 116/200	Train Loss: 1.1032	Val Accuracy: 38.3
Training Epoch: 117/200	Train Loss: 1.2688	Val Accuracy: 38.3
Training Epoch: 118/200	Train Loss: 1.2193	Val Accuracy: 36.7
Training Epoch: 119/200	Train Loss: 1.5075	Val Accuracy: 36.7
Training Epoch: 120/200	Train Loss: 0.8536	Val Accuracy: 36.02
Training Epoch: 121/200	Train Loss: 1.0082	Val Accuracy: 36.02
Training Epoch: 122/200	Train Loss: 1.5	Val Accuracy: 37.04
Training Epoch: 123/200	Train Loss: 1.5215	Val Accuracy: 37.04
Training Epoch: 124/200	Train Loss: 1.1359	Val Accuracy: 37.04
Training Epoch: 125/200	Train Loss: 1.3901	Val Accuracy: 37.04
Training Epoch: 126/200	Train Loss: 0.9907	Val Accuracy: 37.54
Training Epoch: 127/200	Train Loss: 1.2782	Val Accuracy: 37.54
Training Epoch: 128/200	Train Loss: 1.1851	Val Accuracy: 34.72
Training Epoch: 129/200	Train Loss: 1.0456	Val Accuracy: 34.72
Training Epoch: 130/200	Train Loss: 1.1003	Val Accuracy: 36.5
Training Epoch: 131/200	Train Loss: 0.8364	Val Accuracy: 36.5
Training Epoch: 132/200	Train Loss: 1.0994	Val Accuracy: 35.76
Training Epoch: 133/200	Train Loss: 0.8581	Val Accuracy: 35.76
Training Epoch: 134/200	Train Loss: 0.8506	Val Accuracy: 35.24
Training Epoch: 135/200	Train Loss: 0.9111	Val Accuracy: 35.24
Training Epoch: 136/200	Train Loss: 1.2644	Val Accuracy: 36.72
Training Epoch: 137/200	Train Loss: 0.7761	Val Accuracy: 36.72
Training Epoch: 138/200	Train Loss: 0.9563	Val Accuracy: 36.8
Training Epoch: 139/200	Train Loss: 1.0435	Val Accuracy: 36.8
Training Epoch: 140/200	Train Loss: 1.1451	Val Accuracy: 36.16
Training Epoch: 141/200	Train Loss: 1.0571	Val Accuracy: 36.16
Training Epoch: 142/200	Train Loss: 0.7638	Val Accuracy: 36.22
Training Epoch: 143/200	Train Loss: 0.5516	Val Accuracy: 36.22
Training Epoch: 144/200	Train Loss: 0.7395	Val Accuracy: 38.44
Training Epoch: 145/200	Train Loss: 0.6783	Val Accuracy: 38.44
Training Epoch: 146/200	Train Loss: 0.8377	Val Accuracy: 37.66
Training Epoch: 147/200	Train Loss: 0.6817	Val Accuracy: 37.66
Training Epoch: 148/200	Train Loss: 0.5726	Val Accuracy: 37.66
Training Epoch: 149/200	Train Loss: 1.002	Val Accuracy: 37.66
Training Epoch: 150/200	Train Loss: 0.8475	Val Accuracy: 36.78
Training Epoch: 151/200	Train Loss: 0.9701	Val Accuracy: 36.78
Training Epoch: 152/200	Train Loss: 0.4078	Val Accuracy: 35.86
Training Epoch: 153/200	Train Loss: 0.6574	Val Accuracy: 35.86
Training Epoch: 154/200	Train Loss: 0.8174	Val Accuracy: 38.36
Training Epoch: 155/200	Train Loss: 0.4244	Val Accuracy: 38.36
Training Epoch: 156/200	Train Loss: 0.8594	Val Accuracy: 37.36
Training Epoch: 157/200	Train Loss: 0.3838	Val Accuracy: 37.36
Training Epoch: 158/200	Train Loss: 0.4311	Val Accuracy: 36.58
Training Epoch: 159/200	Train Loss: 0.53	Val Accuracy: 36.58
Training Epoch: 160/200	Train Loss: 0.8926	Val Accuracy: 36.94
Training Epoch: 161/200	Train Loss: 0.6072	Val Accuracy: 36.94
Training Epoch: 162/200	Train Loss: 0.3663	Val Accuracy: 37.24
Training Epoch: 163/200	Train Loss: 0.6225	Val Accuracy: 37.24
Training Epoch: 164/200	Train Loss: 0.4872	Val Accuracy: 37.64
Training Epoch: 165/200	Train Loss: 0.2988	Val Accuracy: 37.64
Training Epoch: 166/200	Train Loss: 0.2948	Val Accuracy: 37.7
Training Epoch: 167/200	Train Loss: 0.8828	Val Accuracy: 37.7
Training Epoch: 168/200	Train Loss: 0.6709	Val Accuracy: 37.18
Training Epoch: 169/200	Train Loss: 0.3194	Val Accuracy: 37.18
Training Epoch: 170/200	Train Loss: 0.4374	Val Accuracy: 37.28
Training Epoch: 171/200	Train Loss: 0.3329	Val Accuracy: 37.28
Training Epoch: 172/200	Train Loss: 0.694	Val Accuracy: 36.82
Training Epoch: 173/200	Train Loss: 0.1767	Val Accuracy: 36.82
Training Epoch: 174/200	Train Loss: 0.3721	Val Accuracy: 36.76
Training Epoch: 175/200	Train Loss: 0.5633	Val Accuracy: 36.76
Training Epoch: 176/200	Train Loss: 0.1842	Val Accuracy: 36.66
Training Epoch: 177/200	Train Loss: 0.4778	Val Accuracy: 36.66
Training Epoch: 178/200	Train Loss: 0.2651	Val Accuracy: 37.88
Training Epoch: 179/200	Train Loss: 0.3233	Val Accuracy: 37.88
Training Epoch: 180/200	Train Loss: 0.3079	Val Accuracy: 37.42
Training Epoch: 181/200	Train Loss: 0.4866	Val Accuracy: 37.42
Training Epoch: 182/200	Train Loss: 0.4096	Val Accuracy: 37.22
Training Epoch: 183/200	Train Loss: 0.3431	Val Accuracy: 37.22
Training Epoch: 184/200	Train Loss: 0.2009	Val Accuracy: 37.36
Training Epoch: 185/200	Train Loss: 0.1681	Val Accuracy: 37.36
Training Epoch: 186/200	Train Loss: 0.6205	Val Accuracy: 37.02
Training Epoch: 187/200	Train Loss: 0.3196	Val Accuracy: 37.02
Training Epoch: 188/200	Train Loss: 0.3831	Val Accuracy: 37.7
Training Epoch: 189/200	Train Loss: 0.1409	Val Accuracy: 37.7
Training Epoch: 190/200	Train Loss: 0.4495	Val Accuracy: 37.7
Training Epoch: 191/200	Train Loss: 0.3941	Val Accuracy: 37.7
Training Epoch: 192/200	Train Loss: 0.2764	Val Accuracy: 36.6
Training Epoch: 193/200	Train Loss: 0.2466	Val Accuracy: 36.6
Training Epoch: 194/200	Train Loss: 0.5028	Val Accuracy: 37.66
Training Epoch: 195/200	Train Loss: 0.2041	Val Accuracy: 37.66
Training Epoch: 196/200	Train Loss: 0.3782	Val Accuracy: 37.22
Training Epoch: 197/200	Train Loss: 0.3355	Val Accuracy: 37.22
Training Epoch: 198/200	Train Loss: 0.5135	Val Accuracy: 38.08
Training Epoch: 199/200	Train Loss: 0.2823	Val Accuracy: 38.08
Training Epoch: 200/200	Train Loss: 0.2822	Val Accuracy: 37.5

Wrote Best Model Checkpoint to: vlBest_acc_38_model_epoch_0144.pyth

Best Validation Accuracy: 38.44
Best Epoch: 144

======== TESTING ========

Test Accuracy: 37.45.

======== ACTIVE SAMPLING ========

len(uSetLoader): 441
u_ranks.shape: (44100,)
Active Sampling Complete. After Episode 17:
New Labeled Set: 950, New Unlabeled Set: 44050, Active Set: 50

================================


Current accuracy values:  [17.790000000000006, 22.30999992370606, 15.810000000000002, 25.189999732971188, 23.359999847412112, 27.899999427795407, 27.55999961853027, 31.109999122619627, 27.25999923706054, 34.57999931335449, 35.0499991607666, 28.479999084472652, 35.669998779296876, 36.36999881744385, 37.14999931335449, 35.80999927520752, 32.86999904632569, 37.449998970031736]
Starting model from scratch - ignoring existing weights.
<All keys matched successfully>
None
======== EPISODE 18 BEGINS ========

======== TRAINING ========
Training Epoch: 1/200	Train Loss: 12.5658	Val Accuracy: 0.0
Training Epoch: 2/200	Train Loss: 4.6594	Val Accuracy: 10.04
Training Epoch: 3/200	Train Loss: 6.6063	Val Accuracy: 10.04
Training Epoch: 4/200	Train Loss: 4.4889	Val Accuracy: 6.84
Training Epoch: 5/200	Train Loss: 3.8426	Val Accuracy: 6.84
Training Epoch: 6/200	Train Loss: 3.3409	Val Accuracy: 10.38
Training Epoch: 7/200	Train Loss: 3.4571	Val Accuracy: 10.38
Training Epoch: 8/200	Train Loss: 4.7033	Val Accuracy: 10.34
Training Epoch: 9/200	Train Loss: 3.8192	Val Accuracy: 10.34
Training Epoch: 10/200	Train Loss: 3.3281	Val Accuracy: 10.74
Training Epoch: 11/200	Train Loss: 2.8886	Val Accuracy: 10.74
Training Epoch: 12/200	Train Loss: 3.4357	Val Accuracy: 12.52
Training Epoch: 13/200	Train Loss: 2.2308	Val Accuracy: 12.52
Training Epoch: 14/200	Train Loss: 3.1422	Val Accuracy: 16.58
Training Epoch: 15/200	Train Loss: 4.88	Val Accuracy: 16.58
Training Epoch: 16/200	Train Loss: 2.1544	Val Accuracy: 20.04
Training Epoch: 17/200	Train Loss: 2.4248	Val Accuracy: 20.04
Training Epoch: 18/200	Train Loss: 2.4589	Val Accuracy: 21.88
Training Epoch: 19/200	Train Loss: 2.9911	Val Accuracy: 21.88
Training Epoch: 20/200	Train Loss: 2.8745	Val Accuracy: 23.24
Training Epoch: 21/200	Train Loss: 2.5803	Val Accuracy: 23.24
Training Epoch: 22/200	Train Loss: 2.0486	Val Accuracy: 22.54
Training Epoch: 23/200	Train Loss: 2.009	Val Accuracy: 22.54
Training Epoch: 24/200	Train Loss: 2.1761	Val Accuracy: 26.18
Training Epoch: 25/200	Train Loss: 2.3322	Val Accuracy: 26.18
Training Epoch: 26/200	Train Loss: 2.3309	Val Accuracy: 26.2
Training Epoch: 27/200	Train Loss: 2.6725	Val Accuracy: 26.2
Training Epoch: 28/200	Train Loss: 1.9822	Val Accuracy: 26.78
Training Epoch: 29/200	Train Loss: 3.3808	Val Accuracy: 26.78
Training Epoch: 30/200	Train Loss: 3.1651	Val Accuracy: 28.68
Training Epoch: 31/200	Train Loss: 2.8892	Val Accuracy: 28.68
Training Epoch: 32/200	Train Loss: 2.4742	Val Accuracy: 18.56
Training Epoch: 33/200	Train Loss: 2.2757	Val Accuracy: 18.56
Training Epoch: 34/200	Train Loss: 2.4658	Val Accuracy: 22.54
Training Epoch: 35/200	Train Loss: 2.3483	Val Accuracy: 22.54
Training Epoch: 36/200	Train Loss: 3.3246	Val Accuracy: 25.98
Training Epoch: 37/200	Train Loss: 2.9193	Val Accuracy: 25.98
Training Epoch: 38/200	Train Loss: 2.2506	Val Accuracy: 25.6
Training Epoch: 39/200	Train Loss: 1.8765	Val Accuracy: 25.6
Training Epoch: 40/200	Train Loss: 1.7478	Val Accuracy: 29.92
Training Epoch: 41/200	Train Loss: 1.951	Val Accuracy: 29.92
Training Epoch: 42/200	Train Loss: 2.0347	Val Accuracy: 30.74
Training Epoch: 43/200	Train Loss: 2.2881	Val Accuracy: 30.74
Training Epoch: 44/200	Train Loss: 3.2523	Val Accuracy: 32.0
Training Epoch: 45/200	Train Loss: 2.0802	Val Accuracy: 32.0
Training Epoch: 46/200	Train Loss: 2.2702	Val Accuracy: 31.78
Training Epoch: 47/200	Train Loss: 1.7175	Val Accuracy: 31.78
Training Epoch: 48/200	Train Loss: 2.0439	Val Accuracy: 31.5
Training Epoch: 49/200	Train Loss: 1.7582	Val Accuracy: 31.5
Training Epoch: 50/200	Train Loss: 1.7628	Val Accuracy: 32.18
Training Epoch: 51/200	Train Loss: 2.1202	Val Accuracy: 32.18
Training Epoch: 52/200	Train Loss: 1.7145	Val Accuracy: 33.44
Training Epoch: 53/200	Train Loss: 2.3298	Val Accuracy: 33.44
Training Epoch: 54/200	Train Loss: 1.7039	Val Accuracy: 33.64
Training Epoch: 55/200	Train Loss: 1.844	Val Accuracy: 33.64
Training Epoch: 56/200	Train Loss: 2.4936	Val Accuracy: 32.34
Training Epoch: 57/200	Train Loss: 1.7769	Val Accuracy: 32.34
Training Epoch: 58/200	Train Loss: 2.2395	Val Accuracy: 35.0
Training Epoch: 59/200	Train Loss: 2.1258	Val Accuracy: 35.0
Training Epoch: 60/200	Train Loss: 1.9914	Val Accuracy: 35.04
Training Epoch: 61/200	Train Loss: 1.859	Val Accuracy: 35.04
Training Epoch: 62/200	Train Loss: 1.8504	Val Accuracy: 34.38
Training Epoch: 63/200	Train Loss: 1.8248	Val Accuracy: 34.38
Training Epoch: 64/200	Train Loss: 2.4235	Val Accuracy: 35.92
Training Epoch: 65/200	Train Loss: 1.907	Val Accuracy: 35.92
Training Epoch: 66/200	Train Loss: 1.5418	Val Accuracy: 36.58
Training Epoch: 67/200	Train Loss: 1.3919	Val Accuracy: 36.58
Training Epoch: 68/200	Train Loss: 2.0291	Val Accuracy: 35.16
Training Epoch: 69/200	Train Loss: 2.0976	Val Accuracy: 35.16
Training Epoch: 70/200	Train Loss: 1.4378	Val Accuracy: 35.92
Training Epoch: 71/200	Train Loss: 1.5735	Val Accuracy: 35.92
Training Epoch: 72/200	Train Loss: 1.3023	Val Accuracy: 37.34
Training Epoch: 73/200	Train Loss: 1.7018	Val Accuracy: 37.34
Training Epoch: 74/200	Train Loss: 1.9355	Val Accuracy: 35.22
Training Epoch: 75/200	Train Loss: 2.7877	Val Accuracy: 35.22
Training Epoch: 76/200	Train Loss: 1.3515	Val Accuracy: 36.16
Training Epoch: 77/200	Train Loss: 1.039	Val Accuracy: 36.16
Training Epoch: 78/200	Train Loss: 1.4569	Val Accuracy: 36.0
Training Epoch: 79/200	Train Loss: 1.2585	Val Accuracy: 36.0
Training Epoch: 80/200	Train Loss: 1.7255	Val Accuracy: 35.98
Training Epoch: 81/200	Train Loss: 2.148	Val Accuracy: 35.98
Training Epoch: 82/200	Train Loss: 1.3354	Val Accuracy: 36.84
Training Epoch: 83/200	Train Loss: 0.971	Val Accuracy: 36.84
Training Epoch: 84/200	Train Loss: 1.101	Val Accuracy: 36.78
Training Epoch: 85/200	Train Loss: 1.0477	Val Accuracy: 36.78
Training Epoch: 86/200	Train Loss: 1.0928	Val Accuracy: 37.94
Training Epoch: 87/200	Train Loss: 2.2122	Val Accuracy: 37.94
Training Epoch: 88/200	Train Loss: 1.4234	Val Accuracy: 37.24
Training Epoch: 89/200	Train Loss: 1.3152	Val Accuracy: 37.24
Training Epoch: 90/200	Train Loss: 0.8093	Val Accuracy: 37.86
Training Epoch: 91/200	Train Loss: 0.7388	Val Accuracy: 37.86
Training Epoch: 92/200	Train Loss: 0.816	Val Accuracy: 39.38
Training Epoch: 93/200	Train Loss: 0.7003	Val Accuracy: 39.38
Training Epoch: 94/200	Train Loss: 1.0976	Val Accuracy: 37.8
Training Epoch: 95/200	Train Loss: 1.3126	Val Accuracy: 37.8
Training Epoch: 96/200	Train Loss: 1.2945	Val Accuracy: 36.86
Training Epoch: 97/200	Train Loss: 0.8329	Val Accuracy: 36.86
Training Epoch: 98/200	Train Loss: 0.585	Val Accuracy: 37.44
Training Epoch: 99/200	Train Loss: 1.1277	Val Accuracy: 37.44
Training Epoch: 100/200	Train Loss: 0.902	Val Accuracy: 37.52
Training Epoch: 101/200	Train Loss: 0.7262	Val Accuracy: 37.52
Training Epoch: 102/200	Train Loss: 1.1336	Val Accuracy: 37.18
Training Epoch: 103/200	Train Loss: 0.7024	Val Accuracy: 37.18
Training Epoch: 104/200	Train Loss: 0.864	Val Accuracy: 38.68
Training Epoch: 105/200	Train Loss: 0.7555	Val Accuracy: 38.68
Training Epoch: 106/200	Train Loss: 0.5791	Val Accuracy: 38.4
Training Epoch: 107/200	Train Loss: 0.7045	Val Accuracy: 38.4
Training Epoch: 108/200	Train Loss: 1.4045	Val Accuracy: 38.64
Training Epoch: 109/200	Train Loss: 0.6716	Val Accuracy: 38.64
Training Epoch: 110/200	Train Loss: 1.0443	Val Accuracy: 38.5
Training Epoch: 111/200	Train Loss: 0.8123	Val Accuracy: 38.5
Training Epoch: 112/200	Train Loss: 0.4768	Val Accuracy: 38.84
Training Epoch: 113/200	Train Loss: 0.9451	Val Accuracy: 38.84
Training Epoch: 114/200	Train Loss: 0.2921	Val Accuracy: 40.4
Training Epoch: 115/200	Train Loss: 0.4064	Val Accuracy: 40.4
Training Epoch: 116/200	Train Loss: 0.5505	Val Accuracy: 39.0
Training Epoch: 117/200	Train Loss: 0.3732	Val Accuracy: 39.0
Training Epoch: 118/200	Train Loss: 0.3358	Val Accuracy: 38.72
Training Epoch: 119/200	Train Loss: 0.511	Val Accuracy: 38.72
Training Epoch: 120/200	Train Loss: 0.6074	Val Accuracy: 38.98
Training Epoch: 121/200	Train Loss: 0.4762	Val Accuracy: 38.98
Training Epoch: 122/200	Train Loss: 0.3868	Val Accuracy: 38.2
Training Epoch: 123/200	Train Loss: 0.3257	Val Accuracy: 38.2
Training Epoch: 124/200	Train Loss: 0.3424	Val Accuracy: 39.62
Training Epoch: 125/200	Train Loss: 0.535	Val Accuracy: 39.62
Training Epoch: 126/200	Train Loss: 0.9595	Val Accuracy: 38.0
Training Epoch: 127/200	Train Loss: 0.7574	Val Accuracy: 38.0
Training Epoch: 128/200	Train Loss: 1.0126	Val Accuracy: 39.88
Training Epoch: 129/200	Train Loss: 0.2779	Val Accuracy: 39.88
Training Epoch: 130/200	Train Loss: 0.1862	Val Accuracy: 39.42
Training Epoch: 131/200	Train Loss: 0.2039	Val Accuracy: 39.42
Training Epoch: 132/200	Train Loss: 0.5224	Val Accuracy: 39.54
Training Epoch: 133/200	Train Loss: 0.3048	Val Accuracy: 39.54
Training Epoch: 134/200	Train Loss: 0.6048	Val Accuracy: 39.64
Training Epoch: 135/200	Train Loss: 0.2475	Val Accuracy: 39.64
Training Epoch: 136/200	Train Loss: 0.2056	Val Accuracy: 40.08
Training Epoch: 137/200	Train Loss: 0.3234	Val Accuracy: 40.08
Training Epoch: 138/200	Train Loss: 0.7066	Val Accuracy: 40.1
Training Epoch: 139/200	Train Loss: 0.1904	Val Accuracy: 40.1
Training Epoch: 140/200	Train Loss: 0.1089	Val Accuracy: 40.16
Training Epoch: 141/200	Train Loss: 0.3544	Val Accuracy: 40.16
Training Epoch: 142/200	Train Loss: 0.7282	Val Accuracy: 40.26
Training Epoch: 143/200	Train Loss: 0.4219	Val Accuracy: 40.26
Training Epoch: 144/200	Train Loss: 0.1398	Val Accuracy: 39.24
Training Epoch: 145/200	Train Loss: 0.8379	Val Accuracy: 39.24
Training Epoch: 146/200	Train Loss: 0.3068	Val Accuracy: 39.74
Training Epoch: 147/200	Train Loss: 0.8186	Val Accuracy: 39.74
Training Epoch: 148/200	Train Loss: 0.5457	Val Accuracy: 39.74
Training Epoch: 149/200	Train Loss: 0.1036	Val Accuracy: 39.74
Training Epoch: 150/200	Train Loss: 0.032	Val Accuracy: 40.68
Training Epoch: 151/200	Train Loss: 0.045	Val Accuracy: 40.68
Training Epoch: 152/200	Train Loss: 0.0827	Val Accuracy: 41.14
Training Epoch: 153/200	Train Loss: 0.1448	Val Accuracy: 41.14
Training Epoch: 154/200	Train Loss: 0.0889	Val Accuracy: 40.78
Training Epoch: 155/200	Train Loss: 0.3072	Val Accuracy: 40.78
Training Epoch: 156/200	Train Loss: 0.3756	Val Accuracy: 40.42
Training Epoch: 157/200	Train Loss: 0.2343	Val Accuracy: 40.42
Training Epoch: 158/200	Train Loss: 0.11	Val Accuracy: 41.9
Training Epoch: 159/200	Train Loss: 0.4546	Val Accuracy: 41.9
Training Epoch: 160/200	Train Loss: 0.7473	Val Accuracy: 41.22
Training Epoch: 161/200	Train Loss: 0.3103	Val Accuracy: 41.22
Training Epoch: 162/200	Train Loss: 0.0891	Val Accuracy: 41.28
Training Epoch: 163/200	Train Loss: 0.2523	Val Accuracy: 41.28
Training Epoch: 164/200	Train Loss: 0.1081	Val Accuracy: 41.12
Training Epoch: 165/200	Train Loss: 0.057	Val Accuracy: 41.12
Training Epoch: 166/200	Train Loss: 0.057	Val Accuracy: 41.6
Training Epoch: 167/200	Train Loss: 0.0489	Val Accuracy: 41.6
Training Epoch: 168/200	Train Loss: 0.2542	Val Accuracy: 40.96
Training Epoch: 169/200	Train Loss: 0.6394	Val Accuracy: 40.96
Training Epoch: 170/200	Train Loss: 0.0738	Val Accuracy: 41.76
Training Epoch: 171/200	Train Loss: 0.2781	Val Accuracy: 41.76
Training Epoch: 172/200	Train Loss: 0.4722	Val Accuracy: 40.8
Training Epoch: 173/200	Train Loss: 0.1425	Val Accuracy: 40.8
Training Epoch: 174/200	Train Loss: 0.0436	Val Accuracy: 40.38
Training Epoch: 175/200	Train Loss: 0.2066	Val Accuracy: 40.38
Training Epoch: 176/200	Train Loss: 0.0598	Val Accuracy: 41.3
Training Epoch: 177/200	Train Loss: 0.1768	Val Accuracy: 41.3
Training Epoch: 178/200	Train Loss: 0.0457	Val Accuracy: 40.38
Training Epoch: 179/200	Train Loss: 0.0707	Val Accuracy: 40.38
Training Epoch: 180/200	Train Loss: 0.2887	Val Accuracy: 41.12
Training Epoch: 181/200	Train Loss: 0.3421	Val Accuracy: 41.12
Training Epoch: 182/200	Train Loss: 0.017	Val Accuracy: 40.74
Training Epoch: 183/200	Train Loss: 0.7595	Val Accuracy: 40.74
Training Epoch: 184/200	Train Loss: 0.5499	Val Accuracy: 41.2
Training Epoch: 185/200	Train Loss: 0.1155	Val Accuracy: 41.2
Training Epoch: 186/200	Train Loss: 0.0418	Val Accuracy: 41.24
Training Epoch: 187/200	Train Loss: 0.0168	Val Accuracy: 41.24
Training Epoch: 188/200	Train Loss: 0.117	Val Accuracy: 40.52
Training Epoch: 189/200	Train Loss: 0.0356	Val Accuracy: 40.52
Training Epoch: 190/200	Train Loss: 0.0685	Val Accuracy: 40.7
Training Epoch: 191/200	Train Loss: 0.0095	Val Accuracy: 40.7
Training Epoch: 192/200	Train Loss: 0.4697	Val Accuracy: 42.08
Training Epoch: 193/200	Train Loss: 0.2131	Val Accuracy: 42.08
Training Epoch: 194/200	Train Loss: 0.1319	Val Accuracy: 41.28
Training Epoch: 195/200	Train Loss: 0.0176	Val Accuracy: 41.28
Training Epoch: 196/200	Train Loss: 0.0346	Val Accuracy: 41.92
Training Epoch: 197/200	Train Loss: 0.0371	Val Accuracy: 41.92
Training Epoch: 198/200	Train Loss: 0.0553	Val Accuracy: 40.66
Training Epoch: 199/200	Train Loss: 0.2135	Val Accuracy: 40.66
Training Epoch: 200/200	Train Loss: 0.0701	Val Accuracy: 41.46

Wrote Best Model Checkpoint to: vlBest_acc_42_model_epoch_0192.pyth

Best Validation Accuracy: 42.08
Best Epoch: 192

======== TESTING ========

Test Accuracy: 41.11.

======== ACTIVE SAMPLING ========

len(uSetLoader): 441
u_ranks.shape: (44050,)
Active Sampling Complete. After Episode 18:
New Labeled Set: 1000, New Unlabeled Set: 44000, Active Set: 50

================================


Current accuracy values:  [17.790000000000006, 22.30999992370606, 15.810000000000002, 25.189999732971188, 23.359999847412112, 27.899999427795407, 27.55999961853027, 31.109999122619627, 27.25999923706054, 34.57999931335449, 35.0499991607666, 28.479999084472652, 35.669998779296876, 36.36999881744385, 37.14999931335449, 35.80999927520752, 32.86999904632569, 37.449998970031736, 41.10999847412109]
Starting model from scratch - ignoring existing weights.
<All keys matched successfully>
None
======== EPISODE 19 BEGINS ========

======== TRAINING ========
Training Epoch: 1/200	Train Loss: 9.5662	Val Accuracy: 0.0
Training Epoch: 2/200	Train Loss: 4.3876	Val Accuracy: 9.56
Training Epoch: 3/200	Train Loss: 2.7374	Val Accuracy: 9.56
Training Epoch: 4/200	Train Loss: 3.3025	Val Accuracy: 9.56
Training Epoch: 5/200	Train Loss: 6.0431	Val Accuracy: 9.56
Training Epoch: 6/200	Train Loss: 4.207	Val Accuracy: 9.2
Training Epoch: 7/200	Train Loss: 3.0696	Val Accuracy: 9.2
Training Epoch: 8/200	Train Loss: 3.7926	Val Accuracy: 11.88
Training Epoch: 9/200	Train Loss: 3.309	Val Accuracy: 11.88
Training Epoch: 10/200	Train Loss: 5.2051	Val Accuracy: 10.56
Training Epoch: 11/200	Train Loss: 3.7351	Val Accuracy: 10.56
Training Epoch: 12/200	Train Loss: 3.61	Val Accuracy: 14.02
Training Epoch: 13/200	Train Loss: 3.0955	Val Accuracy: 14.02
Training Epoch: 14/200	Train Loss: 3.9234	Val Accuracy: 16.8
Training Epoch: 15/200	Train Loss: 3.1988	Val Accuracy: 16.8
Training Epoch: 16/200	Train Loss: 3.1428	Val Accuracy: 15.42
Training Epoch: 17/200	Train Loss: 4.5834	Val Accuracy: 15.42
Training Epoch: 18/200	Train Loss: 3.3383	Val Accuracy: 16.78
Training Epoch: 19/200	Train Loss: 2.3527	Val Accuracy: 16.78
Training Epoch: 20/200	Train Loss: 2.5673	Val Accuracy: 19.18
Training Epoch: 21/200	Train Loss: 3.2434	Val Accuracy: 19.18
Training Epoch: 22/200	Train Loss: 2.2275	Val Accuracy: 21.54
Training Epoch: 23/200	Train Loss: 3.105	Val Accuracy: 21.54
Training Epoch: 24/200	Train Loss: 2.1465	Val Accuracy: 23.56
Training Epoch: 25/200	Train Loss: 2.4845	Val Accuracy: 23.56
Training Epoch: 26/200	Train Loss: 1.9264	Val Accuracy: 24.68
Training Epoch: 27/200	Train Loss: 2.2957	Val Accuracy: 24.68
Training Epoch: 28/200	Train Loss: 2.373	Val Accuracy: 27.14
Training Epoch: 29/200	Train Loss: 2.0258	Val Accuracy: 27.14
Training Epoch: 30/200	Train Loss: 2.7496	Val Accuracy: 28.94
Training Epoch: 31/200	Train Loss: 2.7945	Val Accuracy: 28.94
Training Epoch: 32/200	Train Loss: 2.952	Val Accuracy: 27.28
Training Epoch: 33/200	Train Loss: 2.2015	Val Accuracy: 27.28
Training Epoch: 34/200	Train Loss: 2.3299	Val Accuracy: 29.32
Training Epoch: 35/200	Train Loss: 2.7589	Val Accuracy: 29.32
Training Epoch: 36/200	Train Loss: 2.7625	Val Accuracy: 31.24
Training Epoch: 37/200	Train Loss: 1.8169	Val Accuracy: 31.24
Training Epoch: 38/200	Train Loss: 2.9693	Val Accuracy: 28.2
Training Epoch: 39/200	Train Loss: 1.6693	Val Accuracy: 28.2
Training Epoch: 40/200	Train Loss: 2.1477	Val Accuracy: 33.36
Training Epoch: 41/200	Train Loss: 2.1553	Val Accuracy: 33.36
Training Epoch: 42/200	Train Loss: 1.9375	Val Accuracy: 33.38
Training Epoch: 43/200	Train Loss: 1.9784	Val Accuracy: 33.38
Training Epoch: 44/200	Train Loss: 1.6582	Val Accuracy: 33.22
Training Epoch: 45/200	Train Loss: 2.3992	Val Accuracy: 33.22
Training Epoch: 46/200	Train Loss: 1.479	Val Accuracy: 31.54
Training Epoch: 47/200	Train Loss: 1.9174	Val Accuracy: 31.54
Training Epoch: 48/200	Train Loss: 1.4893	Val Accuracy: 33.92
Training Epoch: 49/200	Train Loss: 1.8245	Val Accuracy: 33.92
Training Epoch: 50/200	Train Loss: 1.7567	Val Accuracy: 33.18
Training Epoch: 51/200	Train Loss: 1.8798	Val Accuracy: 33.18
Training Epoch: 52/200	Train Loss: 1.4372	Val Accuracy: 32.36
Training Epoch: 53/200	Train Loss: 1.9455	Val Accuracy: 32.36
Training Epoch: 54/200	Train Loss: 1.7914	Val Accuracy: 29.28
Training Epoch: 55/200	Train Loss: 1.6624	Val Accuracy: 29.28
Training Epoch: 56/200	Train Loss: 1.1959	Val Accuracy: 33.18
Training Epoch: 57/200	Train Loss: 1.6315	Val Accuracy: 33.18
Training Epoch: 58/200	Train Loss: 1.6415	Val Accuracy: 33.78
Training Epoch: 59/200	Train Loss: 2.3348	Val Accuracy: 33.78
Training Epoch: 60/200	Train Loss: 2.0078	Val Accuracy: 34.28
Training Epoch: 61/200	Train Loss: 2.1318	Val Accuracy: 34.28
Training Epoch: 62/200	Train Loss: 2.2896	Val Accuracy: 30.7
Training Epoch: 63/200	Train Loss: 1.7051	Val Accuracy: 30.7
Training Epoch: 64/200	Train Loss: 1.8543	Val Accuracy: 35.58
Training Epoch: 65/200	Train Loss: 1.3626	Val Accuracy: 35.58
Training Epoch: 66/200	Train Loss: 2.1456	Val Accuracy: 36.52
Training Epoch: 67/200	Train Loss: 1.5326	Val Accuracy: 36.52
Training Epoch: 68/200	Train Loss: 1.8851	Val Accuracy: 35.56
Training Epoch: 69/200	Train Loss: 1.3466	Val Accuracy: 35.56
Training Epoch: 70/200	Train Loss: 1.6314	Val Accuracy: 36.82
Training Epoch: 71/200	Train Loss: 1.8027	Val Accuracy: 36.82
Training Epoch: 72/200	Train Loss: 1.552	Val Accuracy: 36.26
Training Epoch: 73/200	Train Loss: 0.9794	Val Accuracy: 36.26
Training Epoch: 74/200	Train Loss: 1.6283	Val Accuracy: 35.04
Training Epoch: 75/200	Train Loss: 1.2466	Val Accuracy: 35.04
Training Epoch: 76/200	Train Loss: 1.7113	Val Accuracy: 35.2
Training Epoch: 77/200	Train Loss: 1.3973	Val Accuracy: 35.2
Training Epoch: 78/200	Train Loss: 1.6255	Val Accuracy: 36.32
Training Epoch: 79/200	Train Loss: 1.4681	Val Accuracy: 36.32
Training Epoch: 80/200	Train Loss: 1.3038	Val Accuracy: 35.84
Training Epoch: 81/200	Train Loss: 1.2736	Val Accuracy: 35.84
Training Epoch: 82/200	Train Loss: 1.1439	Val Accuracy: 37.32
Training Epoch: 83/200	Train Loss: 0.9337	Val Accuracy: 37.32
Training Epoch: 84/200	Train Loss: 1.8692	Val Accuracy: 36.8
Training Epoch: 85/200	Train Loss: 1.0942	Val Accuracy: 36.8
Training Epoch: 86/200	Train Loss: 1.3265	Val Accuracy: 36.4
Training Epoch: 87/200	Train Loss: 1.0654	Val Accuracy: 36.4
Training Epoch: 88/200	Train Loss: 0.7099	Val Accuracy: 38.14
Training Epoch: 89/200	Train Loss: 0.7367	Val Accuracy: 38.14
Training Epoch: 90/200	Train Loss: 1.1392	Val Accuracy: 37.82
Training Epoch: 91/200	Train Loss: 0.7705	Val Accuracy: 37.82
Training Epoch: 92/200	Train Loss: 0.7166	Val Accuracy: 35.98
Training Epoch: 93/200	Train Loss: 0.7709	Val Accuracy: 35.98
Training Epoch: 94/200	Train Loss: 0.8867	Val Accuracy: 37.24
Training Epoch: 95/200	Train Loss: 0.5191	Val Accuracy: 37.24
Training Epoch: 96/200	Train Loss: 0.7861	Val Accuracy: 37.98
Training Epoch: 97/200	Train Loss: 0.6959	Val Accuracy: 37.98
Training Epoch: 98/200	Train Loss: 1.1313	Val Accuracy: 38.22
Training Epoch: 99/200	Train Loss: 0.6027	Val Accuracy: 38.22
Training Epoch: 100/200	Train Loss: 0.663	Val Accuracy: 37.54
Training Epoch: 101/200	Train Loss: 0.8639	Val Accuracy: 37.54
Training Epoch: 102/200	Train Loss: 0.8221	Val Accuracy: 39.08
Training Epoch: 103/200	Train Loss: 1.2123	Val Accuracy: 39.08
Training Epoch: 104/200	Train Loss: 0.4738	Val Accuracy: 37.84
Training Epoch: 105/200	Train Loss: 0.4643	Val Accuracy: 37.84
Training Epoch: 106/200	Train Loss: 1.0357	Val Accuracy: 38.72
Training Epoch: 107/200	Train Loss: 0.8392	Val Accuracy: 38.72
Training Epoch: 108/200	Train Loss: 0.8066	Val Accuracy: 38.22
Training Epoch: 109/200	Train Loss: 0.6353	Val Accuracy: 38.22
Training Epoch: 110/200	Train Loss: 0.4572	Val Accuracy: 39.52
Training Epoch: 111/200	Train Loss: 0.5118	Val Accuracy: 39.52
Training Epoch: 112/200	Train Loss: 0.6863	Val Accuracy: 38.94
Training Epoch: 113/200	Train Loss: 0.6469	Val Accuracy: 38.94
Training Epoch: 114/200	Train Loss: 0.2357	Val Accuracy: 37.44
Training Epoch: 115/200	Train Loss: 0.4324	Val Accuracy: 37.44
Training Epoch: 116/200	Train Loss: 0.7105	Val Accuracy: 38.54
Training Epoch: 117/200	Train Loss: 0.769	Val Accuracy: 38.54
Training Epoch: 118/200	Train Loss: 0.6278	Val Accuracy: 39.58
Training Epoch: 119/200	Train Loss: 0.5935	Val Accuracy: 39.58
Training Epoch: 120/200	Train Loss: 0.1097	Val Accuracy: 38.14
Training Epoch: 121/200	Train Loss: 0.5956	Val Accuracy: 38.14
Training Epoch: 122/200	Train Loss: 0.1866	Val Accuracy: 39.96
Training Epoch: 123/200	Train Loss: 0.3746	Val Accuracy: 39.96
Training Epoch: 124/200	Train Loss: 0.8374	Val Accuracy: 38.86
Training Epoch: 125/200	Train Loss: 0.3074	Val Accuracy: 38.86
Training Epoch: 126/200	Train Loss: 0.7922	Val Accuracy: 39.66
Training Epoch: 127/200	Train Loss: 0.4958	Val Accuracy: 39.66
Training Epoch: 128/200	Train Loss: 0.2777	Val Accuracy: 38.84
Training Epoch: 129/200	Train Loss: 0.4477	Val Accuracy: 38.84
Training Epoch: 130/200	Train Loss: 0.4326	Val Accuracy: 39.2
Training Epoch: 131/200	Train Loss: 0.5475	Val Accuracy: 39.2
Training Epoch: 132/200	Train Loss: 0.5731	Val Accuracy: 39.48
Training Epoch: 133/200	Train Loss: 0.1371	Val Accuracy: 39.48
Training Epoch: 134/200	Train Loss: 0.5331	Val Accuracy: 40.12
Training Epoch: 135/200	Train Loss: 0.5653	Val Accuracy: 40.12
Training Epoch: 136/200	Train Loss: 0.3293	Val Accuracy: 39.36
Training Epoch: 137/200	Train Loss: 0.541	Val Accuracy: 39.36
Training Epoch: 138/200	Train Loss: 0.266	Val Accuracy: 38.84
Training Epoch: 139/200	Train Loss: 0.1466	Val Accuracy: 38.84
Training Epoch: 140/200	Train Loss: 0.1374	Val Accuracy: 38.92
Training Epoch: 141/200	Train Loss: 0.1962	Val Accuracy: 38.92
Training Epoch: 142/200	Train Loss: 0.4818	Val Accuracy: 39.86
Training Epoch: 143/200	Train Loss: 0.298	Val Accuracy: 39.86
Training Epoch: 144/200	Train Loss: 0.1091	Val Accuracy: 39.74
Training Epoch: 145/200	Train Loss: 0.2519	Val Accuracy: 39.74
Training Epoch: 146/200	Train Loss: 0.2603	Val Accuracy: 41.16
Training Epoch: 147/200	Train Loss: 0.2747	Val Accuracy: 41.16
Training Epoch: 148/200	Train Loss: 0.2145	Val Accuracy: 40.08
Training Epoch: 149/200	Train Loss: 0.0339	Val Accuracy: 40.08
Training Epoch: 150/200	Train Loss: 0.2684	Val Accuracy: 39.8
Training Epoch: 151/200	Train Loss: 0.0876	Val Accuracy: 39.8
Training Epoch: 152/200	Train Loss: 0.2853	Val Accuracy: 40.82
Training Epoch: 153/200	Train Loss: 0.4381	Val Accuracy: 40.82
Training Epoch: 154/200	Train Loss: 0.1298	Val Accuracy: 40.16
Training Epoch: 155/200	Train Loss: 0.0931	Val Accuracy: 40.16
Training Epoch: 156/200	Train Loss: 0.0244	Val Accuracy: 41.0
Training Epoch: 157/200	Train Loss: 0.4342	Val Accuracy: 41.0
Training Epoch: 158/200	Train Loss: 0.3401	Val Accuracy: 40.58
Training Epoch: 159/200	Train Loss: 0.4212	Val Accuracy: 40.58
Training Epoch: 160/200	Train Loss: 0.0315	Val Accuracy: 40.32
Training Epoch: 161/200	Train Loss: 0.3366	Val Accuracy: 40.32
Training Epoch: 162/200	Train Loss: 0.1942	Val Accuracy: 39.72
Training Epoch: 163/200	Train Loss: 0.1973	Val Accuracy: 39.72
Training Epoch: 164/200	Train Loss: 0.2593	Val Accuracy: 41.12
Training Epoch: 165/200	Train Loss: 0.1152	Val Accuracy: 41.12
Training Epoch: 166/200	Train Loss: 0.2982	Val Accuracy: 40.48
Training Epoch: 167/200	Train Loss: 0.0517	Val Accuracy: 40.48
Training Epoch: 168/200	Train Loss: 0.2981	Val Accuracy: 40.78
Training Epoch: 169/200	Train Loss: 0.0124	Val Accuracy: 40.78
Training Epoch: 170/200	Train Loss: 0.0879	Val Accuracy: 40.46
Training Epoch: 171/200	Train Loss: 0.0994	Val Accuracy: 40.46
Training Epoch: 172/200	Train Loss: 0.0459	Val Accuracy: 40.58
Training Epoch: 173/200	Train Loss: 0.2389	Val Accuracy: 40.58
Training Epoch: 174/200	Train Loss: 0.0455	Val Accuracy: 40.48
Training Epoch: 175/200	Train Loss: 0.2486	Val Accuracy: 40.48
Training Epoch: 176/200	Train Loss: 0.1266	Val Accuracy: 40.7
Training Epoch: 177/200	Train Loss: 0.0641	Val Accuracy: 40.7
Training Epoch: 178/200	Train Loss: 0.3425	Val Accuracy: 41.08
Training Epoch: 179/200	Train Loss: 0.2808	Val Accuracy: 41.08
Training Epoch: 180/200	Train Loss: 0.0947	Val Accuracy: 40.26
Training Epoch: 181/200	Train Loss: 0.13	Val Accuracy: 40.26
Training Epoch: 182/200	Train Loss: 0.2431	Val Accuracy: 41.18
Training Epoch: 183/200	Train Loss: 0.0824	Val Accuracy: 41.18
Training Epoch: 184/200	Train Loss: 0.1082	Val Accuracy: 40.86
Training Epoch: 185/200	Train Loss: 0.1097	Val Accuracy: 40.86
Training Epoch: 186/200	Train Loss: 0.0257	Val Accuracy: 41.92
Training Epoch: 187/200	Train Loss: 0.2575	Val Accuracy: 41.92
Training Epoch: 188/200	Train Loss: 0.0675	Val Accuracy: 40.9
Training Epoch: 189/200	Train Loss: 0.1792	Val Accuracy: 40.9
Training Epoch: 190/200	Train Loss: 0.1695	Val Accuracy: 41.52
Training Epoch: 191/200	Train Loss: 0.0437	Val Accuracy: 41.52
Training Epoch: 192/200	Train Loss: 0.1016	Val Accuracy: 40.06
Training Epoch: 193/200	Train Loss: 0.2681	Val Accuracy: 40.06
Training Epoch: 194/200	Train Loss: 0.2342	Val Accuracy: 40.96
Training Epoch: 195/200	Train Loss: 0.0638	Val Accuracy: 40.96
Training Epoch: 196/200	Train Loss: 0.0976	Val Accuracy: 40.38
Training Epoch: 197/200	Train Loss: 0.1882	Val Accuracy: 40.38
Training Epoch: 198/200	Train Loss: 0.1526	Val Accuracy: 40.42
Training Epoch: 199/200	Train Loss: 0.1223	Val Accuracy: 40.42
Training Epoch: 200/200	Train Loss: 0.0351	Val Accuracy: 40.86

Wrote Best Model Checkpoint to: vlBest_acc_41_model_epoch_0186.pyth

Best Validation Accuracy: 41.92
Best Epoch: 186

======== TESTING ========

Test Accuracy: 40.18.

======== ACTIVE SAMPLING ========

len(uSetLoader): 440
u_ranks.shape: (44000,)
Active Sampling Complete. After Episode 19:
New Labeled Set: 1050, New Unlabeled Set: 43950, Active Set: 50

================================


Current accuracy values:  [17.790000000000006, 22.30999992370606, 15.810000000000002, 25.189999732971188, 23.359999847412112, 27.899999427795407, 27.55999961853027, 31.109999122619627, 27.25999923706054, 34.57999931335449, 35.0499991607666, 28.479999084472652, 35.669998779296876, 36.36999881744385, 37.14999931335449, 35.80999927520752, 32.86999904632569, 37.449998970031736, 41.10999847412109, 40.179998626708986]
Starting model from scratch - ignoring existing weights.
<All keys matched successfully>
None
======== EPISODE 20 BEGINS ========

======== TRAINING ========
Training Epoch: 1/200	Train Loss: 9.2986	Val Accuracy: 0.0
Training Epoch: 2/200	Train Loss: 7.4864	Val Accuracy: 9.82
Training Epoch: 3/200	Train Loss: 4.8386	Val Accuracy: 9.82
Training Epoch: 4/200	Train Loss: 2.3909	Val Accuracy: 14.66
Training Epoch: 5/200	Train Loss: 4.3894	Val Accuracy: 14.66
Training Epoch: 6/200	Train Loss: 3.5408	Val Accuracy: 11.22
Training Epoch: 7/200	Train Loss: 5.0401	Val Accuracy: 11.22
Training Epoch: 8/200	Train Loss: 2.7026	Val Accuracy: 11.98
Training Epoch: 9/200	Train Loss: 4.4048	Val Accuracy: 11.98
Training Epoch: 10/200	Train Loss: 4.6308	Val Accuracy: 11.04
Training Epoch: 11/200	Train Loss: 2.7129	Val Accuracy: 11.04
Training Epoch: 12/200	Train Loss: 4.8049	Val Accuracy: 10.78
Training Epoch: 13/200	Train Loss: 2.8039	Val Accuracy: 10.78
Training Epoch: 14/200	Train Loss: 3.5384	Val Accuracy: 17.22
Training Epoch: 15/200	Train Loss: 3.0508	Val Accuracy: 17.22
Training Epoch: 16/200	Train Loss: 3.8648	Val Accuracy: 14.66
Training Epoch: 17/200	Train Loss: 3.2001	Val Accuracy: 14.66
Training Epoch: 18/200	Train Loss: 4.0	Val Accuracy: 17.7
Training Epoch: 19/200	Train Loss: 3.7581	Val Accuracy: 17.7
Training Epoch: 20/200	Train Loss: 3.1606	Val Accuracy: 20.1
Training Epoch: 21/200	Train Loss: 2.5704	Val Accuracy: 20.1
Training Epoch: 22/200	Train Loss: 3.2103	Val Accuracy: 24.9
Training Epoch: 23/200	Train Loss: 2.046	Val Accuracy: 24.9
Training Epoch: 24/200	Train Loss: 2.9256	Val Accuracy: 23.24
Training Epoch: 25/200	Train Loss: 2.7627	Val Accuracy: 23.24
Training Epoch: 26/200	Train Loss: 2.7938	Val Accuracy: 28.88
Training Epoch: 27/200	Train Loss: 2.0732	Val Accuracy: 28.88
Training Epoch: 28/200	Train Loss: 1.9818	Val Accuracy: 24.9
Training Epoch: 29/200	Train Loss: 2.5419	Val Accuracy: 24.9
Training Epoch: 30/200	Train Loss: 2.7161	Val Accuracy: 26.2
Training Epoch: 31/200	Train Loss: 2.6993	Val Accuracy: 26.2
Training Epoch: 32/200	Train Loss: 2.2727	Val Accuracy: 28.9
Training Epoch: 33/200	Train Loss: 2.6828	Val Accuracy: 28.9
Training Epoch: 34/200	Train Loss: 2.1795	Val Accuracy: 30.94
Training Epoch: 35/200	Train Loss: 2.324	Val Accuracy: 30.94
Training Epoch: 36/200	Train Loss: 2.0604	Val Accuracy: 30.26
Training Epoch: 37/200	Train Loss: 2.6818	Val Accuracy: 30.26
Training Epoch: 38/200	Train Loss: 2.2556	Val Accuracy: 31.6
Training Epoch: 39/200	Train Loss: 2.2151	Val Accuracy: 31.6
Training Epoch: 40/200	Train Loss: 2.6156	Val Accuracy: 31.62
Training Epoch: 41/200	Train Loss: 2.2787	Val Accuracy: 31.62
Training Epoch: 42/200	Train Loss: 2.4242	Val Accuracy: 31.28
Training Epoch: 43/200	Train Loss: 2.3915	Val Accuracy: 31.28
Training Epoch: 44/200	Train Loss: 1.8624	Val Accuracy: 32.78
Training Epoch: 45/200	Train Loss: 2.8304	Val Accuracy: 32.78
Training Epoch: 46/200	Train Loss: 2.2834	Val Accuracy: 32.72
Training Epoch: 47/200	Train Loss: 1.6747	Val Accuracy: 32.72
Training Epoch: 48/200	Train Loss: 2.282	Val Accuracy: 31.78
Training Epoch: 49/200	Train Loss: 2.0799	Val Accuracy: 31.78
Training Epoch: 50/200	Train Loss: 1.6983	Val Accuracy: 33.82
Training Epoch: 51/200	Train Loss: 2.0648	Val Accuracy: 33.82
Training Epoch: 52/200	Train Loss: 1.8706	Val Accuracy: 34.82
Training Epoch: 53/200	Train Loss: 2.2807	Val Accuracy: 34.82
Training Epoch: 54/200	Train Loss: 1.5967	Val Accuracy: 34.66
Training Epoch: 55/200	Train Loss: 2.3604	Val Accuracy: 34.66
Training Epoch: 56/200	Train Loss: 1.6469	Val Accuracy: 33.5
Training Epoch: 57/200	Train Loss: 1.9717	Val Accuracy: 33.5
Training Epoch: 58/200	Train Loss: 1.4819	Val Accuracy: 33.96
Training Epoch: 59/200	Train Loss: 2.311	Val Accuracy: 33.96
Training Epoch: 60/200	Train Loss: 2.0167	Val Accuracy: 35.34
Training Epoch: 61/200	Train Loss: 1.7208	Val Accuracy: 35.34
Training Epoch: 62/200	Train Loss: 1.6191	Val Accuracy: 35.04
Training Epoch: 63/200	Train Loss: 1.801	Val Accuracy: 35.04
Training Epoch: 64/200	Train Loss: 1.7959	Val Accuracy: 36.54
Training Epoch: 65/200	Train Loss: 2.0908	Val Accuracy: 36.54
Training Epoch: 66/200	Train Loss: 1.5121	Val Accuracy: 35.12
Training Epoch: 67/200	Train Loss: 1.8005	Val Accuracy: 35.12
Training Epoch: 68/200	Train Loss: 1.4	Val Accuracy: 34.68
Training Epoch: 69/200	Train Loss: 1.388	Val Accuracy: 34.68
Training Epoch: 70/200	Train Loss: 1.6226	Val Accuracy: 37.1
Training Epoch: 71/200	Train Loss: 1.1414	Val Accuracy: 37.1
Training Epoch: 72/200	Train Loss: 2.1719	Val Accuracy: 35.18
Training Epoch: 73/200	Train Loss: 1.8013	Val Accuracy: 35.18
Training Epoch: 74/200	Train Loss: 1.3807	Val Accuracy: 35.42
Training Epoch: 75/200	Train Loss: 1.3448	Val Accuracy: 35.42
Training Epoch: 76/200	Train Loss: 1.7404	Val Accuracy: 36.14
Training Epoch: 77/200	Train Loss: 2.4157	Val Accuracy: 36.14
Training Epoch: 78/200	Train Loss: 1.7811	Val Accuracy: 34.82
Training Epoch: 79/200	Train Loss: 1.4217	Val Accuracy: 34.82
Training Epoch: 80/200	Train Loss: 1.6392	Val Accuracy: 35.94
Training Epoch: 81/200	Train Loss: 1.3828	Val Accuracy: 35.94
Training Epoch: 82/200	Train Loss: 1.6481	Val Accuracy: 36.58
Training Epoch: 83/200	Train Loss: 1.0356	Val Accuracy: 36.58
Training Epoch: 84/200	Train Loss: 1.1478	Val Accuracy: 37.84
Training Epoch: 85/200	Train Loss: 1.1581	Val Accuracy: 37.84
Training Epoch: 86/200	Train Loss: 1.5008	Val Accuracy: 36.16
Training Epoch: 87/200	Train Loss: 1.0505	Val Accuracy: 36.16
Training Epoch: 88/200	Train Loss: 1.5806	Val Accuracy: 39.9
Training Epoch: 89/200	Train Loss: 0.9212	Val Accuracy: 39.9
Training Epoch: 90/200	Train Loss: 1.3351	Val Accuracy: 38.14
Training Epoch: 91/200	Train Loss: 1.122	Val Accuracy: 38.14
Training Epoch: 92/200	Train Loss: 1.0874	Val Accuracy: 38.36
Training Epoch: 93/200	Train Loss: 1.3156	Val Accuracy: 38.36
Training Epoch: 94/200	Train Loss: 1.0838	Val Accuracy: 38.04
Training Epoch: 95/200	Train Loss: 1.2157	Val Accuracy: 38.04
Training Epoch: 96/200	Train Loss: 1.1262	Val Accuracy: 37.58
Training Epoch: 97/200	Train Loss: 0.9131	Val Accuracy: 37.58
Training Epoch: 98/200	Train Loss: 0.6182	Val Accuracy: 40.0
Training Epoch: 99/200	Train Loss: 1.0683	Val Accuracy: 40.0
Training Epoch: 100/200	Train Loss: 1.3023	Val Accuracy: 36.74
Training Epoch: 101/200	Train Loss: 1.3125	Val Accuracy: 36.74
Training Epoch: 102/200	Train Loss: 0.7998	Val Accuracy: 38.14
Training Epoch: 103/200	Train Loss: 1.1892	Val Accuracy: 38.14
Training Epoch: 104/200	Train Loss: 1.3207	Val Accuracy: 37.38
Training Epoch: 105/200	Train Loss: 0.7419	Val Accuracy: 37.38
Training Epoch: 106/200	Train Loss: 1.1301	Val Accuracy: 38.68
Training Epoch: 107/200	Train Loss: 0.7354	Val Accuracy: 38.68
Training Epoch: 108/200	Train Loss: 0.8569	Val Accuracy: 37.28
Training Epoch: 109/200	Train Loss: 0.7526	Val Accuracy: 37.28
Training Epoch: 110/200	Train Loss: 0.8812	Val Accuracy: 38.26
Training Epoch: 111/200	Train Loss: 0.4715	Val Accuracy: 38.26
Training Epoch: 112/200	Train Loss: 0.4701	Val Accuracy: 38.68
Training Epoch: 113/200	Train Loss: 0.8924	Val Accuracy: 38.68
Training Epoch: 114/200	Train Loss: 0.9555	Val Accuracy: 39.1
Training Epoch: 115/200	Train Loss: 0.971	Val Accuracy: 39.1
Training Epoch: 116/200	Train Loss: 0.7105	Val Accuracy: 39.32
Training Epoch: 117/200	Train Loss: 0.6118	Val Accuracy: 39.32
Training Epoch: 118/200	Train Loss: 0.7545	Val Accuracy: 37.58
Training Epoch: 119/200	Train Loss: 0.4519	Val Accuracy: 37.58
Training Epoch: 120/200	Train Loss: 0.3738	Val Accuracy: 38.42
Training Epoch: 121/200	Train Loss: 0.6823	Val Accuracy: 38.42
Training Epoch: 122/200	Train Loss: 0.5982	Val Accuracy: 38.08
Training Epoch: 123/200	Train Loss: 0.5517	Val Accuracy: 38.08
Training Epoch: 124/200	Train Loss: 0.6679	Val Accuracy: 39.06
Training Epoch: 125/200	Train Loss: 0.265	Val Accuracy: 39.06
Training Epoch: 126/200	Train Loss: 0.8308	Val Accuracy: 39.18
Training Epoch: 127/200	Train Loss: 0.804	Val Accuracy: 39.18
Training Epoch: 128/200	Train Loss: 0.3787	Val Accuracy: 39.7
Training Epoch: 129/200	Train Loss: 0.5857	Val Accuracy: 39.7
Training Epoch: 130/200	Train Loss: 0.8081	Val Accuracy: 39.04
Training Epoch: 131/200	Train Loss: 0.5823	Val Accuracy: 39.04
Training Epoch: 132/200	Train Loss: 0.3382	Val Accuracy: 40.74
Training Epoch: 133/200	Train Loss: 0.2179	Val Accuracy: 40.74
Training Epoch: 134/200	Train Loss: 0.3574	Val Accuracy: 39.06
Training Epoch: 135/200	Train Loss: 0.6532	Val Accuracy: 39.06
Training Epoch: 136/200	Train Loss: 0.6513	Val Accuracy: 40.22
Training Epoch: 137/200	Train Loss: 0.7732	Val Accuracy: 40.22
Training Epoch: 138/200	Train Loss: 0.3398	Val Accuracy: 39.24
Training Epoch: 139/200	Train Loss: 0.3973	Val Accuracy: 39.24
Training Epoch: 140/200	Train Loss: 0.1197	Val Accuracy: 38.96
Training Epoch: 141/200	Train Loss: 0.7058	Val Accuracy: 38.96
Training Epoch: 142/200	Train Loss: 0.2905	Val Accuracy: 41.34
Training Epoch: 143/200	Train Loss: 0.1673	Val Accuracy: 41.34
Training Epoch: 144/200	Train Loss: 0.4236	Val Accuracy: 38.46
Training Epoch: 145/200	Train Loss: 0.3534	Val Accuracy: 38.46
Training Epoch: 146/200	Train Loss: 0.223	Val Accuracy: 39.7
Training Epoch: 147/200	Train Loss: 0.5146	Val Accuracy: 39.7
Training Epoch: 148/200	Train Loss: 0.2123	Val Accuracy: 39.78
Training Epoch: 149/200	Train Loss: 0.2618	Val Accuracy: 39.78
Training Epoch: 150/200	Train Loss: 0.1919	Val Accuracy: 40.06
Training Epoch: 151/200	Train Loss: 0.1581	Val Accuracy: 40.06
Training Epoch: 152/200	Train Loss: 0.1548	Val Accuracy: 40.46
Training Epoch: 153/200	Train Loss: 0.4617	Val Accuracy: 40.46
Training Epoch: 154/200	Train Loss: 0.5828	Val Accuracy: 41.16
Training Epoch: 155/200	Train Loss: 0.5723	Val Accuracy: 41.16
Training Epoch: 156/200	Train Loss: 0.5844	Val Accuracy: 40.66
Training Epoch: 157/200	Train Loss: 0.3719	Val Accuracy: 40.66
Training Epoch: 158/200	Train Loss: 0.2012	Val Accuracy: 40.58
Training Epoch: 159/200	Train Loss: 0.4659	Val Accuracy: 40.58
Training Epoch: 160/200	Train Loss: 0.2486	Val Accuracy: 40.18
Training Epoch: 161/200	Train Loss: 0.3946	Val Accuracy: 40.18
Training Epoch: 162/200	Train Loss: 0.1731	Val Accuracy: 40.28
Training Epoch: 163/200	Train Loss: 0.1642	Val Accuracy: 40.28
Training Epoch: 164/200	Train Loss: 0.1566	Val Accuracy: 41.66
Training Epoch: 165/200	Train Loss: 0.1047	Val Accuracy: 41.66
Training Epoch: 166/200	Train Loss: 0.3819	Val Accuracy: 40.66
Training Epoch: 167/200	Train Loss: 0.4736	Val Accuracy: 40.66
Training Epoch: 168/200	Train Loss: 0.2006	Val Accuracy: 40.88
Training Epoch: 169/200	Train Loss: 0.1326	Val Accuracy: 40.88
Training Epoch: 170/200	Train Loss: 0.2812	Val Accuracy: 41.66
Training Epoch: 171/200	Train Loss: 0.1248	Val Accuracy: 41.66
Training Epoch: 172/200	Train Loss: 0.2907	Val Accuracy: 40.16
Training Epoch: 173/200	Train Loss: 0.1261	Val Accuracy: 40.16
Training Epoch: 174/200	Train Loss: 0.3367	Val Accuracy: 42.06
Training Epoch: 175/200	Train Loss: 0.2543	Val Accuracy: 42.06
Training Epoch: 176/200	Train Loss: 0.0538	Val Accuracy: 41.76
Training Epoch: 177/200	Train Loss: 0.1333	Val Accuracy: 41.76
Training Epoch: 178/200	Train Loss: 0.0451	Val Accuracy: 40.22
Training Epoch: 179/200	Train Loss: 0.2607	Val Accuracy: 40.22
Training Epoch: 180/200	Train Loss: 0.1852	Val Accuracy: 41.38
Training Epoch: 181/200	Train Loss: 0.1142	Val Accuracy: 41.38
Training Epoch: 182/200	Train Loss: 0.0611	Val Accuracy: 41.0
Training Epoch: 183/200	Train Loss: 0.2093	Val Accuracy: 41.0
Training Epoch: 184/200	Train Loss: 0.2544	Val Accuracy: 40.88
Training Epoch: 185/200	Train Loss: 0.1985	Val Accuracy: 40.88
Training Epoch: 186/200	Train Loss: 0.3717	Val Accuracy: 40.4
Training Epoch: 187/200	Train Loss: 0.1014	Val Accuracy: 40.4
Training Epoch: 188/200	Train Loss: 0.0993	Val Accuracy: 41.04
Training Epoch: 189/200	Train Loss: 0.1745	Val Accuracy: 41.04
Training Epoch: 190/200	Train Loss: 0.1329	Val Accuracy: 41.16
Training Epoch: 191/200	Train Loss: 0.1171	Val Accuracy: 41.16
Training Epoch: 192/200	Train Loss: 0.0925	Val Accuracy: 41.92
Training Epoch: 193/200	Train Loss: 0.179	Val Accuracy: 41.92
Training Epoch: 194/200	Train Loss: 0.1174	Val Accuracy: 41.3
Training Epoch: 195/200	Train Loss: 0.0925	Val Accuracy: 41.3
Training Epoch: 196/200	Train Loss: 0.1605	Val Accuracy: 40.46
Training Epoch: 197/200	Train Loss: 0.2689	Val Accuracy: 40.46
Training Epoch: 198/200	Train Loss: 0.1639	Val Accuracy: 40.76
Training Epoch: 199/200	Train Loss: 0.0297	Val Accuracy: 40.76
Training Epoch: 200/200	Train Loss: 0.0579	Val Accuracy: 40.64

Wrote Best Model Checkpoint to: vlBest_acc_42_model_epoch_0174.pyth

Best Validation Accuracy: 42.06
Best Epoch: 174

======== TESTING ========

Test Accuracy: 41.04.

======== ACTIVE SAMPLING ========

len(uSetLoader): 440
u_ranks.shape: (43950,)
Active Sampling Complete. After Episode 20:
New Labeled Set: 1100, New Unlabeled Set: 43900, Active Set: 50

================================


Current accuracy values:  [17.790000000000006, 22.30999992370606, 15.810000000000002, 25.189999732971188, 23.359999847412112, 27.899999427795407, 27.55999961853027, 31.109999122619627, 27.25999923706054, 34.57999931335449, 35.0499991607666, 28.479999084472652, 35.669998779296876, 36.36999881744385, 37.14999931335449, 35.80999927520752, 32.86999904632569, 37.449998970031736, 41.10999847412109, 40.179998626708986, 41.039998893737796]
Starting model from scratch - ignoring existing weights.
<All keys matched successfully>
None
======== EPISODE 21 BEGINS ========

======== TRAINING ========
Training Epoch: 1/200	Train Loss: 17.6316	Val Accuracy: 0.0
Training Epoch: 2/200	Train Loss: 4.4885	Val Accuracy: 10.22
Training Epoch: 3/200	Train Loss: 6.6537	Val Accuracy: 10.22
Training Epoch: 4/200	Train Loss: 3.3599	Val Accuracy: 9.72
Training Epoch: 5/200	Train Loss: 3.277	Val Accuracy: 9.72
Training Epoch: 6/200	Train Loss: 4.5872	Val Accuracy: 12.02
Training Epoch: 7/200	Train Loss: 2.9883	Val Accuracy: 12.02
Training Epoch: 8/200	Train Loss: 3.8385	Val Accuracy: 12.16
Training Epoch: 9/200	Train Loss: 2.6015	Val Accuracy: 12.16
Training Epoch: 10/200	Train Loss: 2.2677	Val Accuracy: 11.82
Training Epoch: 11/200	Train Loss: 2.4329	Val Accuracy: 11.82
Training Epoch: 12/200	Train Loss: 2.7733	Val Accuracy: 11.28
Training Epoch: 13/200	Train Loss: 2.4658	Val Accuracy: 11.28
Training Epoch: 14/200	Train Loss: 2.6173	Val Accuracy: 13.24
Training Epoch: 15/200	Train Loss: 2.9532	Val Accuracy: 13.24
Training Epoch: 16/200	Train Loss: 2.551	Val Accuracy: 14.46
Training Epoch: 17/200	Train Loss: 3.394	Val Accuracy: 14.46
Training Epoch: 18/200	Train Loss: 4.2831	Val Accuracy: 13.94
Training Epoch: 19/200	Train Loss: 2.8544	Val Accuracy: 13.94
Training Epoch: 20/200	Train Loss: 2.8831	Val Accuracy: 19.1
Training Epoch: 21/200	Train Loss: 3.048	Val Accuracy: 19.1
Training Epoch: 22/200	Train Loss: 3.6079	Val Accuracy: 18.26
Training Epoch: 23/200	Train Loss: 2.1876	Val Accuracy: 18.26
Training Epoch: 24/200	Train Loss: 3.0167	Val Accuracy: 21.24
Training Epoch: 25/200	Train Loss: 2.1993	Val Accuracy: 21.24
Training Epoch: 26/200	Train Loss: 2.7943	Val Accuracy: 22.86
Training Epoch: 27/200	Train Loss: 2.7696	Val Accuracy: 22.86
Training Epoch: 28/200	Train Loss: 2.2562	Val Accuracy: 22.6
Training Epoch: 29/200	Train Loss: 2.348	Val Accuracy: 22.6
Training Epoch: 30/200	Train Loss: 2.417	Val Accuracy: 24.02
Training Epoch: 31/200	Train Loss: 2.4318	Val Accuracy: 24.02
Training Epoch: 32/200	Train Loss: 1.9768	Val Accuracy: 24.5
Training Epoch: 33/200	Train Loss: 2.0785	Val Accuracy: 24.5
Training Epoch: 34/200	Train Loss: 2.2165	Val Accuracy: 25.86
Training Epoch: 35/200	Train Loss: 2.0521	Val Accuracy: 25.86
Training Epoch: 36/200	Train Loss: 1.9796	Val Accuracy: 28.08
Training Epoch: 37/200	Train Loss: 2.4708	Val Accuracy: 28.08
Training Epoch: 38/200	Train Loss: 2.2019	Val Accuracy: 27.4
Training Epoch: 39/200	Train Loss: 2.2284	Val Accuracy: 27.4
Training Epoch: 40/200	Train Loss: 2.0658	Val Accuracy: 29.82
Training Epoch: 41/200	Train Loss: 2.083	Val Accuracy: 29.82
Training Epoch: 42/200	Train Loss: 2.3529	Val Accuracy: 28.36
Training Epoch: 43/200	Train Loss: 1.9599	Val Accuracy: 28.36
Training Epoch: 44/200	Train Loss: 2.0603	Val Accuracy: 30.94
Training Epoch: 45/200	Train Loss: 2.0879	Val Accuracy: 30.94
Training Epoch: 46/200	Train Loss: 2.5037	Val Accuracy: 31.82
Training Epoch: 47/200	Train Loss: 1.8527	Val Accuracy: 31.82
Training Epoch: 48/200	Train Loss: 2.0029	Val Accuracy: 29.52
Training Epoch: 49/200	Train Loss: 2.0997	Val Accuracy: 29.52
Training Epoch: 50/200	Train Loss: 2.4726	Val Accuracy: 30.54
Training Epoch: 51/200	Train Loss: 2.107	Val Accuracy: 30.54
Training Epoch: 52/200	Train Loss: 2.4258	Val Accuracy: 32.48
Training Epoch: 53/200	Train Loss: 2.0774	Val Accuracy: 32.48
Training Epoch: 54/200	Train Loss: 1.7004	Val Accuracy: 32.92
Training Epoch: 55/200	Train Loss: 2.5733	Val Accuracy: 32.92
Training Epoch: 56/200	Train Loss: 2.1473	Val Accuracy: 33.58
Training Epoch: 57/200	Train Loss: 1.9713	Val Accuracy: 33.58
Training Epoch: 58/200	Train Loss: 1.9712	Val Accuracy: 33.14
Training Epoch: 59/200	Train Loss: 1.9503	Val Accuracy: 33.14
Training Epoch: 60/200	Train Loss: 1.86	Val Accuracy: 32.5
Training Epoch: 61/200	Train Loss: 2.0078	Val Accuracy: 32.5
Training Epoch: 62/200	Train Loss: 2.2577	Val Accuracy: 31.12
Training Epoch: 63/200	Train Loss: 1.9698	Val Accuracy: 31.12
Training Epoch: 64/200	Train Loss: 1.6998	Val Accuracy: 30.02
Training Epoch: 65/200	Train Loss: 1.8922	Val Accuracy: 30.02
Training Epoch: 66/200	Train Loss: 1.9035	Val Accuracy: 32.26
Training Epoch: 67/200	Train Loss: 1.5635	Val Accuracy: 32.26
Training Epoch: 68/200	Train Loss: 2.0121	Val Accuracy: 34.06
Training Epoch: 69/200	Train Loss: 2.1046	Val Accuracy: 34.06
Training Epoch: 70/200	Train Loss: 1.8608	Val Accuracy: 33.3
Training Epoch: 71/200	Train Loss: 1.8976	Val Accuracy: 33.3
Training Epoch: 72/200	Train Loss: 1.7117	Val Accuracy: 34.08
Training Epoch: 73/200	Train Loss: 1.7851	Val Accuracy: 34.08
Training Epoch: 74/200	Train Loss: 1.537	Val Accuracy: 33.66
Training Epoch: 75/200	Train Loss: 1.7483	Val Accuracy: 33.66
Training Epoch: 76/200	Train Loss: 1.6007	Val Accuracy: 33.72
Training Epoch: 77/200	Train Loss: 1.5999	Val Accuracy: 33.72
Training Epoch: 78/200	Train Loss: 1.5095	Val Accuracy: 32.76
Training Epoch: 79/200	Train Loss: 1.5083	Val Accuracy: 32.76
Training Epoch: 80/200	Train Loss: 1.5702	Val Accuracy: 33.82
Training Epoch: 81/200	Train Loss: 1.4965	Val Accuracy: 33.82
Training Epoch: 82/200	Train Loss: 1.6535	Val Accuracy: 35.12
Training Epoch: 83/200	Train Loss: 1.4319	Val Accuracy: 35.12
Training Epoch: 84/200	Train Loss: 1.8334	Val Accuracy: 35.06
Training Epoch: 85/200	Train Loss: 1.3503	Val Accuracy: 35.06
Training Epoch: 86/200	Train Loss: 1.4403	Val Accuracy: 34.9
Training Epoch: 87/200	Train Loss: 1.3351	Val Accuracy: 34.9
Training Epoch: 88/200	Train Loss: 1.2542	Val Accuracy: 34.8
Training Epoch: 89/200	Train Loss: 1.311	Val Accuracy: 34.8
Training Epoch: 90/200	Train Loss: 1.1694	Val Accuracy: 35.38
Training Epoch: 91/200	Train Loss: 1.0647	Val Accuracy: 35.38
Training Epoch: 92/200	Train Loss: 1.0669	Val Accuracy: 34.62
Training Epoch: 93/200	Train Loss: 1.073	Val Accuracy: 34.62
Training Epoch: 94/200	Train Loss: 1.2686	Val Accuracy: 36.06
Training Epoch: 95/200	Train Loss: 1.3678	Val Accuracy: 36.06
Training Epoch: 96/200	Train Loss: 1.1817	Val Accuracy: 35.94
Training Epoch: 97/200	Train Loss: 1.2211	Val Accuracy: 35.94
Training Epoch: 98/200	Train Loss: 1.3633	Val Accuracy: 33.92
Training Epoch: 99/200	Train Loss: 1.2241	Val Accuracy: 33.92
Training Epoch: 100/200	Train Loss: 1.0479	Val Accuracy: 35.18
Training Epoch: 101/200	Train Loss: 1.4118	Val Accuracy: 35.18
Training Epoch: 102/200	Train Loss: 0.9635	Val Accuracy: 36.22
Training Epoch: 103/200	Train Loss: 1.5022	Val Accuracy: 36.22
Training Epoch: 104/200	Train Loss: 1.1082	Val Accuracy: 35.62
Training Epoch: 105/200	Train Loss: 1.1392	Val Accuracy: 35.62
Training Epoch: 106/200	Train Loss: 0.8933	Val Accuracy: 35.66
Training Epoch: 107/200	Train Loss: 0.8105	Val Accuracy: 35.66
Training Epoch: 108/200	Train Loss: 1.0139	Val Accuracy: 34.52
Training Epoch: 109/200	Train Loss: 1.2448	Val Accuracy: 34.52
Training Epoch: 110/200	Train Loss: 0.5302	Val Accuracy: 35.5
Training Epoch: 111/200	Train Loss: 1.2	Val Accuracy: 35.5
Training Epoch: 112/200	Train Loss: 0.6197	Val Accuracy: 35.76
Training Epoch: 113/200	Train Loss: 0.6818	Val Accuracy: 35.76
Training Epoch: 114/200	Train Loss: 0.9313	Val Accuracy: 35.14
Training Epoch: 115/200	Train Loss: 0.8032	Val Accuracy: 35.14
Training Epoch: 116/200	Train Loss: 1.0522	Val Accuracy: 34.8
Training Epoch: 117/200	Train Loss: 1.1951	Val Accuracy: 34.8
Training Epoch: 118/200	Train Loss: 0.5281	Val Accuracy: 36.02
Training Epoch: 119/200	Train Loss: 0.6422	Val Accuracy: 36.02
Training Epoch: 120/200	Train Loss: 0.7354	Val Accuracy: 35.44
Training Epoch: 121/200	Train Loss: 0.5296	Val Accuracy: 35.44
Training Epoch: 122/200	Train Loss: 0.6961	Val Accuracy: 35.68
Training Epoch: 123/200	Train Loss: 0.6205	Val Accuracy: 35.68
Training Epoch: 124/200	Train Loss: 0.6714	Val Accuracy: 36.8
Training Epoch: 125/200	Train Loss: 0.4366	Val Accuracy: 36.8
Training Epoch: 126/200	Train Loss: 0.8447	Val Accuracy: 36.66
Training Epoch: 127/200	Train Loss: 0.7216	Val Accuracy: 36.66
Training Epoch: 128/200	Train Loss: 0.5825	Val Accuracy: 36.76
Training Epoch: 129/200	Train Loss: 0.5503	Val Accuracy: 36.76
Training Epoch: 130/200	Train Loss: 0.6184	Val Accuracy: 36.2
Training Epoch: 131/200	Train Loss: 0.4485	Val Accuracy: 36.2
Training Epoch: 132/200	Train Loss: 0.4965	Val Accuracy: 36.3
Training Epoch: 133/200	Train Loss: 0.4649	Val Accuracy: 36.3
Training Epoch: 134/200	Train Loss: 0.4587	Val Accuracy: 36.92
Training Epoch: 135/200	Train Loss: 0.3446	Val Accuracy: 36.92
Training Epoch: 136/200	Train Loss: 0.482	Val Accuracy: 37.46
Training Epoch: 137/200	Train Loss: 0.6454	Val Accuracy: 37.46
Training Epoch: 138/200	Train Loss: 0.4229	Val Accuracy: 36.28
Training Epoch: 139/200	Train Loss: 0.5717	Val Accuracy: 36.28
Training Epoch: 140/200	Train Loss: 0.3928	Val Accuracy: 36.76
Training Epoch: 141/200	Train Loss: 0.47	Val Accuracy: 36.76
Training Epoch: 142/200	Train Loss: 0.3929	Val Accuracy: 37.08
Training Epoch: 143/200	Train Loss: 0.3052	Val Accuracy: 37.08
Training Epoch: 144/200	Train Loss: 0.3507	Val Accuracy: 36.68
Training Epoch: 145/200	Train Loss: 0.5005	Val Accuracy: 36.68
Training Epoch: 146/200	Train Loss: 0.3628	Val Accuracy: 36.2
Training Epoch: 147/200	Train Loss: 0.4488	Val Accuracy: 36.2
Training Epoch: 148/200	Train Loss: 0.4033	Val Accuracy: 37.26
Training Epoch: 149/200	Train Loss: 0.3368	Val Accuracy: 37.26
Training Epoch: 150/200	Train Loss: 0.3145	Val Accuracy: 36.7
Training Epoch: 151/200	Train Loss: 0.3884	Val Accuracy: 36.7
Training Epoch: 152/200	Train Loss: 0.4055	Val Accuracy: 36.26
Training Epoch: 153/200	Train Loss: 0.4408	Val Accuracy: 36.26
Training Epoch: 154/200	Train Loss: 0.2112	Val Accuracy: 37.64
Training Epoch: 155/200	Train Loss: 0.1549	Val Accuracy: 37.64
Training Epoch: 156/200	Train Loss: 0.2544	Val Accuracy: 36.84
Training Epoch: 157/200	Train Loss: 0.3653	Val Accuracy: 36.84
Training Epoch: 158/200	Train Loss: 0.1546	Val Accuracy: 36.66
Training Epoch: 159/200	Train Loss: 0.1839	Val Accuracy: 36.66
Training Epoch: 160/200	Train Loss: 0.1608	Val Accuracy: 37.72
Training Epoch: 161/200	Train Loss: 0.2067	Val Accuracy: 37.72
Training Epoch: 162/200	Train Loss: 0.2504	Val Accuracy: 37.6
Training Epoch: 163/200	Train Loss: 0.1965	Val Accuracy: 37.6
Training Epoch: 164/200	Train Loss: 0.221	Val Accuracy: 37.52
Training Epoch: 165/200	Train Loss: 0.2616	Val Accuracy: 37.52
Training Epoch: 166/200	Train Loss: 0.1266	Val Accuracy: 37.64
Training Epoch: 167/200	Train Loss: 0.0723	Val Accuracy: 37.64
Training Epoch: 168/200	Train Loss: 0.282	Val Accuracy: 37.2
Training Epoch: 169/200	Train Loss: 0.5499	Val Accuracy: 37.2
Training Epoch: 170/200	Train Loss: 0.264	Val Accuracy: 36.84
Training Epoch: 171/200	Train Loss: 0.1309	Val Accuracy: 36.84
Training Epoch: 172/200	Train Loss: 0.2649	Val Accuracy: 37.22
Training Epoch: 173/200	Train Loss: 0.1234	Val Accuracy: 37.22
Training Epoch: 174/200	Train Loss: 0.2246	Val Accuracy: 36.34
Training Epoch: 175/200	Train Loss: 0.1704	Val Accuracy: 36.34
Training Epoch: 176/200	Train Loss: 0.1127	Val Accuracy: 37.58
Training Epoch: 177/200	Train Loss: 0.1217	Val Accuracy: 37.58
Training Epoch: 178/200	Train Loss: 0.0639	Val Accuracy: 37.5
Training Epoch: 179/200	Train Loss: 0.1873	Val Accuracy: 37.5
Training Epoch: 180/200	Train Loss: 0.1419	Val Accuracy: 37.62
Training Epoch: 181/200	Train Loss: 0.0871	Val Accuracy: 37.62
Training Epoch: 182/200	Train Loss: 0.1344	Val Accuracy: 38.32
Training Epoch: 183/200	Train Loss: 0.1762	Val Accuracy: 38.32
Training Epoch: 184/200	Train Loss: 0.1928	Val Accuracy: 37.74
Training Epoch: 185/200	Train Loss: 0.1199	Val Accuracy: 37.74
Training Epoch: 186/200	Train Loss: 0.2014	Val Accuracy: 37.74
Training Epoch: 187/200	Train Loss: 0.1465	Val Accuracy: 37.74
Training Epoch: 188/200	Train Loss: 0.09	Val Accuracy: 37.92
Training Epoch: 189/200	Train Loss: 0.2805	Val Accuracy: 37.92
Training Epoch: 190/200	Train Loss: 0.0778	Val Accuracy: 38.08
Training Epoch: 191/200	Train Loss: 0.23	Val Accuracy: 38.08
Training Epoch: 192/200	Train Loss: 0.2504	Val Accuracy: 37.3
Training Epoch: 193/200	Train Loss: 0.1457	Val Accuracy: 37.3
Training Epoch: 194/200	Train Loss: 0.069	Val Accuracy: 37.34
Training Epoch: 195/200	Train Loss: 0.2224	Val Accuracy: 37.34
Training Epoch: 196/200	Train Loss: 0.2781	Val Accuracy: 37.78
Training Epoch: 197/200	Train Loss: 0.2243	Val Accuracy: 37.78
Training Epoch: 198/200	Train Loss: 0.1548	Val Accuracy: 37.62
Training Epoch: 199/200	Train Loss: 0.1264	Val Accuracy: 37.62
Training Epoch: 200/200	Train Loss: 0.0595	Val Accuracy: 37.94

Wrote Best Model Checkpoint to: vlBest_acc_38_model_epoch_0182.pyth

Best Validation Accuracy: 38.32
Best Epoch: 182

======== TESTING ========

Test Accuracy: 37.84.

======== ACTIVE SAMPLING ========

len(uSetLoader): 439
u_ranks.shape: (43900,)
Active Sampling Complete. After Episode 21:
New Labeled Set: 1150, New Unlabeled Set: 43850, Active Set: 50

================================


Current accuracy values:  [17.790000000000006, 22.30999992370606, 15.810000000000002, 25.189999732971188, 23.359999847412112, 27.899999427795407, 27.55999961853027, 31.109999122619627, 27.25999923706054, 34.57999931335449, 35.0499991607666, 28.479999084472652, 35.669998779296876, 36.36999881744385, 37.14999931335449, 35.80999927520752, 32.86999904632569, 37.449998970031736, 41.10999847412109, 40.179998626708986, 41.039998893737796, 37.83999877929688]
Starting model from scratch - ignoring existing weights.
<All keys matched successfully>
None
======== EPISODE 22 BEGINS ========

======== TRAINING ========
Training Epoch: 1/200	Train Loss: 7.0352	Val Accuracy: 0.0
Training Epoch: 2/200	Train Loss: 3.7325	Val Accuracy: 8.94
Training Epoch: 3/200	Train Loss: 4.1892	Val Accuracy: 8.94
Training Epoch: 4/200	Train Loss: 3.9986	Val Accuracy: 9.92
Training Epoch: 5/200	Train Loss: 2.4862	Val Accuracy: 9.92
Training Epoch: 6/200	Train Loss: 3.8454	Val Accuracy: 11.48
Training Epoch: 7/200	Train Loss: 3.4301	Val Accuracy: 11.48
Training Epoch: 8/200	Train Loss: 3.2716	Val Accuracy: 12.88
Training Epoch: 9/200	Train Loss: 3.2778	Val Accuracy: 12.88
Training Epoch: 10/200	Train Loss: 4.874	Val Accuracy: 16.16
Training Epoch: 11/200	Train Loss: 2.4965	Val Accuracy: 16.16
Training Epoch: 12/200	Train Loss: 3.0508	Val Accuracy: 19.26
Training Epoch: 13/200	Train Loss: 3.7672	Val Accuracy: 19.26
Training Epoch: 14/200	Train Loss: 2.9757	Val Accuracy: 10.14
Training Epoch: 15/200	Train Loss: 2.5012	Val Accuracy: 10.14
Training Epoch: 16/200	Train Loss: 2.3344	Val Accuracy: 14.86
Training Epoch: 17/200	Train Loss: 3.7464	Val Accuracy: 14.86
Training Epoch: 18/200	Train Loss: 3.117	Val Accuracy: 16.68
Training Epoch: 19/200	Train Loss: 2.8105	Val Accuracy: 16.68
Training Epoch: 20/200	Train Loss: 2.1349	Val Accuracy: 20.2
Training Epoch: 21/200	Train Loss: 3.1674	Val Accuracy: 20.2
Training Epoch: 22/200	Train Loss: 3.556	Val Accuracy: 22.38
Training Epoch: 23/200	Train Loss: 2.8058	Val Accuracy: 22.38
Training Epoch: 24/200	Train Loss: 3.1764	Val Accuracy: 27.8
Training Epoch: 25/200	Train Loss: 2.5893	Val Accuracy: 27.8
Training Epoch: 26/200	Train Loss: 1.988	Val Accuracy: 22.94
Training Epoch: 27/200	Train Loss: 2.1241	Val Accuracy: 22.94
Training Epoch: 28/200	Train Loss: 2.3922	Val Accuracy: 23.62
Training Epoch: 29/200	Train Loss: 2.397	Val Accuracy: 23.62
Training Epoch: 30/200	Train Loss: 2.2666	Val Accuracy: 27.56
Training Epoch: 31/200	Train Loss: 2.6931	Val Accuracy: 27.56
Training Epoch: 32/200	Train Loss: 2.2433	Val Accuracy: 30.34
Training Epoch: 33/200	Train Loss: 2.8144	Val Accuracy: 30.34
Training Epoch: 34/200	Train Loss: 1.8009	Val Accuracy: 31.4
Training Epoch: 35/200	Train Loss: 2.3628	Val Accuracy: 31.4
Training Epoch: 36/200	Train Loss: 3.034	Val Accuracy: 28.26
Training Epoch: 37/200	Train Loss: 1.7989	Val Accuracy: 28.26
Training Epoch: 38/200	Train Loss: 2.3275	Val Accuracy: 28.38
Training Epoch: 39/200	Train Loss: 2.374	Val Accuracy: 28.38
Training Epoch: 40/200	Train Loss: 2.1604	Val Accuracy: 31.04
Training Epoch: 41/200	Train Loss: 2.459	Val Accuracy: 31.04
Training Epoch: 42/200	Train Loss: 2.2021	Val Accuracy: 31.78
Training Epoch: 43/200	Train Loss: 1.7843	Val Accuracy: 31.78
Training Epoch: 44/200	Train Loss: 1.6089	Val Accuracy: 33.94
Training Epoch: 45/200	Train Loss: 2.2	Val Accuracy: 33.94
Training Epoch: 46/200	Train Loss: 1.727	Val Accuracy: 34.14
Training Epoch: 47/200	Train Loss: 2.0351	Val Accuracy: 34.14
Training Epoch: 48/200	Train Loss: 2.4733	Val Accuracy: 32.86
Training Epoch: 49/200	Train Loss: 1.631	Val Accuracy: 32.86
Training Epoch: 50/200	Train Loss: 1.8433	Val Accuracy: 34.08
Training Epoch: 51/200	Train Loss: 1.5737	Val Accuracy: 34.08
Training Epoch: 52/200	Train Loss: 1.5024	Val Accuracy: 32.66
Training Epoch: 53/200	Train Loss: 2.3736	Val Accuracy: 32.66
Training Epoch: 54/200	Train Loss: 2.0481	Val Accuracy: 34.24
Training Epoch: 55/200	Train Loss: 1.9344	Val Accuracy: 34.24
Training Epoch: 56/200	Train Loss: 2.1033	Val Accuracy: 33.36
Training Epoch: 57/200	Train Loss: 2.853	Val Accuracy: 33.36
Training Epoch: 58/200	Train Loss: 2.2224	Val Accuracy: 33.92
Training Epoch: 59/200	Train Loss: 2.0127	Val Accuracy: 33.92
Training Epoch: 60/200	Train Loss: 2.0707	Val Accuracy: 35.5
Training Epoch: 61/200	Train Loss: 2.4133	Val Accuracy: 35.5
Training Epoch: 62/200	Train Loss: 2.0647	Val Accuracy: 35.86
Training Epoch: 63/200	Train Loss: 1.9149	Val Accuracy: 35.86
Training Epoch: 64/200	Train Loss: 1.3249	Val Accuracy: 35.58
Training Epoch: 65/200	Train Loss: 1.8081	Val Accuracy: 35.58
Training Epoch: 66/200	Train Loss: 1.7349	Val Accuracy: 36.2
Training Epoch: 67/200	Train Loss: 1.7756	Val Accuracy: 36.2
Training Epoch: 68/200	Train Loss: 1.4043	Val Accuracy: 36.34
Training Epoch: 69/200	Train Loss: 1.8987	Val Accuracy: 36.34
Training Epoch: 70/200	Train Loss: 2.1735	Val Accuracy: 34.74
Training Epoch: 71/200	Train Loss: 1.8091	Val Accuracy: 34.74
Training Epoch: 72/200	Train Loss: 1.2657	Val Accuracy: 35.66
Training Epoch: 73/200	Train Loss: 1.8781	Val Accuracy: 35.66
Training Epoch: 74/200	Train Loss: 1.7062	Val Accuracy: 35.7
Training Epoch: 75/200	Train Loss: 1.8276	Val Accuracy: 35.7
Training Epoch: 76/200	Train Loss: 1.2394	Val Accuracy: 36.92
Training Epoch: 77/200	Train Loss: 1.5807	Val Accuracy: 36.92
Training Epoch: 78/200	Train Loss: 1.2476	Val Accuracy: 34.3
Training Epoch: 79/200	Train Loss: 1.433	Val Accuracy: 34.3
Training Epoch: 80/200	Train Loss: 1.3752	Val Accuracy: 36.02
Training Epoch: 81/200	Train Loss: 1.7739	Val Accuracy: 36.02
Training Epoch: 82/200	Train Loss: 0.9423	Val Accuracy: 37.56
Training Epoch: 83/200	Train Loss: 1.6891	Val Accuracy: 37.56
Training Epoch: 84/200	Train Loss: 1.6136	Val Accuracy: 36.4
Training Epoch: 85/200	Train Loss: 0.9535	Val Accuracy: 36.4
Training Epoch: 86/200	Train Loss: 1.1537	Val Accuracy: 37.12
Training Epoch: 87/200	Train Loss: 1.3684	Val Accuracy: 37.12
Training Epoch: 88/200	Train Loss: 1.1705	Val Accuracy: 35.26
Training Epoch: 89/200	Train Loss: 1.1939	Val Accuracy: 35.26
Training Epoch: 90/200	Train Loss: 1.2561	Val Accuracy: 36.72
Training Epoch: 91/200	Train Loss: 1.0452	Val Accuracy: 36.72
Training Epoch: 92/200	Train Loss: 0.9019	Val Accuracy: 37.06
Training Epoch: 93/200	Train Loss: 1.1739	Val Accuracy: 37.06
Training Epoch: 94/200	Train Loss: 0.7385	Val Accuracy: 37.0
Training Epoch: 95/200	Train Loss: 0.6718	Val Accuracy: 37.0
Training Epoch: 96/200	Train Loss: 1.4474	Val Accuracy: 37.52
Training Epoch: 97/200	Train Loss: 1.0922	Val Accuracy: 37.52
Training Epoch: 98/200	Train Loss: 0.7988	Val Accuracy: 38.12
Training Epoch: 99/200	Train Loss: 1.0929	Val Accuracy: 38.12
Training Epoch: 100/200	Train Loss: 0.7073	Val Accuracy: 36.34
Training Epoch: 101/200	Train Loss: 1.2746	Val Accuracy: 36.34
Training Epoch: 102/200	Train Loss: 1.0676	Val Accuracy: 36.16
Training Epoch: 103/200	Train Loss: 0.8642	Val Accuracy: 36.16
Training Epoch: 104/200	Train Loss: 0.8794	Val Accuracy: 37.52
Training Epoch: 105/200	Train Loss: 0.6145	Val Accuracy: 37.52
Training Epoch: 106/200	Train Loss: 0.5422	Val Accuracy: 36.42
Training Epoch: 107/200	Train Loss: 0.7222	Val Accuracy: 36.42
Training Epoch: 108/200	Train Loss: 1.0741	Val Accuracy: 37.16
Training Epoch: 109/200	Train Loss: 1.4448	Val Accuracy: 37.16
Training Epoch: 110/200	Train Loss: 0.6017	Val Accuracy: 36.82
Training Epoch: 111/200	Train Loss: 0.6095	Val Accuracy: 36.82
Training Epoch: 112/200	Train Loss: 0.7127	Val Accuracy: 37.72
Training Epoch: 113/200	Train Loss: 0.6142	Val Accuracy: 37.72
Training Epoch: 114/200	Train Loss: 1.0416	Val Accuracy: 37.96
Training Epoch: 115/200	Train Loss: 0.5875	Val Accuracy: 37.96
Training Epoch: 116/200	Train Loss: 0.6284	Val Accuracy: 37.12
Training Epoch: 117/200	Train Loss: 0.5929	Val Accuracy: 37.12
Training Epoch: 118/200	Train Loss: 0.4723	Val Accuracy: 38.12
Training Epoch: 119/200	Train Loss: 0.5773	Val Accuracy: 38.12
Training Epoch: 120/200	Train Loss: 0.8962	Val Accuracy: 37.92
Training Epoch: 121/200	Train Loss: 0.3936	Val Accuracy: 37.92
Training Epoch: 122/200	Train Loss: 0.2406	Val Accuracy: 38.6
Training Epoch: 123/200	Train Loss: 0.4333	Val Accuracy: 38.6
Training Epoch: 124/200	Train Loss: 0.6268	Val Accuracy: 37.16
Training Epoch: 125/200	Train Loss: 0.9478	Val Accuracy: 37.16
Training Epoch: 126/200	Train Loss: 0.576	Val Accuracy: 36.56
Training Epoch: 127/200	Train Loss: 0.4796	Val Accuracy: 36.56
Training Epoch: 128/200	Train Loss: 0.4166	Val Accuracy: 39.06
Training Epoch: 129/200	Train Loss: 0.2792	Val Accuracy: 39.06
Training Epoch: 130/200	Train Loss: 0.251	Val Accuracy: 38.14
Training Epoch: 131/200	Train Loss: 0.1794	Val Accuracy: 38.14
Training Epoch: 132/200	Train Loss: 0.5038	Val Accuracy: 39.0
Training Epoch: 133/200	Train Loss: 0.2244	Val Accuracy: 39.0
Training Epoch: 134/200	Train Loss: 0.6597	Val Accuracy: 38.84
Training Epoch: 135/200	Train Loss: 0.5985	Val Accuracy: 38.84
Training Epoch: 136/200	Train Loss: 0.5066	Val Accuracy: 37.88
Training Epoch: 137/200	Train Loss: 0.33	Val Accuracy: 37.88
Training Epoch: 138/200	Train Loss: 0.3346	Val Accuracy: 39.06
Training Epoch: 139/200	Train Loss: 0.3565	Val Accuracy: 39.06
Training Epoch: 140/200	Train Loss: 0.4727	Val Accuracy: 38.3
Training Epoch: 141/200	Train Loss: 0.3678	Val Accuracy: 38.3
Training Epoch: 142/200	Train Loss: 0.1591	Val Accuracy: 37.78
Training Epoch: 143/200	Train Loss: 0.6875	Val Accuracy: 37.78
Training Epoch: 144/200	Train Loss: 0.2408	Val Accuracy: 38.7
Training Epoch: 145/200	Train Loss: 0.2629	Val Accuracy: 38.7
Training Epoch: 146/200	Train Loss: 0.4142	Val Accuracy: 39.4
Training Epoch: 147/200	Train Loss: 0.2158	Val Accuracy: 39.4
Training Epoch: 148/200	Train Loss: 0.5471	Val Accuracy: 39.82
Training Epoch: 149/200	Train Loss: 0.4443	Val Accuracy: 39.82
Training Epoch: 150/200	Train Loss: 0.1274	Val Accuracy: 40.12
Training Epoch: 151/200	Train Loss: 0.1716	Val Accuracy: 40.12
Training Epoch: 152/200	Train Loss: 0.2136	Val Accuracy: 37.66
Training Epoch: 153/200	Train Loss: 0.5203	Val Accuracy: 37.66
Training Epoch: 154/200	Train Loss: 0.1688	Val Accuracy: 39.3
Training Epoch: 155/200	Train Loss: 0.2642	Val Accuracy: 39.3
Training Epoch: 156/200	Train Loss: 0.3779	Val Accuracy: 38.9
Training Epoch: 157/200	Train Loss: 0.4076	Val Accuracy: 38.9
Training Epoch: 158/200	Train Loss: 0.255	Val Accuracy: 37.94
Training Epoch: 159/200	Train Loss: 0.2948	Val Accuracy: 37.94
Training Epoch: 160/200	Train Loss: 0.2059	Val Accuracy: 38.86
Training Epoch: 161/200	Train Loss: 0.2892	Val Accuracy: 38.86
Training Epoch: 162/200	Train Loss: 0.1907	Val Accuracy: 38.9
Training Epoch: 163/200	Train Loss: 0.4368	Val Accuracy: 38.9
Training Epoch: 164/200	Train Loss: 0.4982	Val Accuracy: 38.8
Training Epoch: 165/200	Train Loss: 0.3019	Val Accuracy: 38.8
Training Epoch: 166/200	Train Loss: 0.0719	Val Accuracy: 38.74
Training Epoch: 167/200	Train Loss: 0.1235	Val Accuracy: 38.74
Training Epoch: 168/200	Train Loss: 0.1763	Val Accuracy: 38.42
Training Epoch: 169/200	Train Loss: 0.0616	Val Accuracy: 38.42
Training Epoch: 170/200	Train Loss: 0.2639	Val Accuracy: 39.38
Training Epoch: 171/200	Train Loss: 0.0714	Val Accuracy: 39.38
Training Epoch: 172/200	Train Loss: 0.1823	Val Accuracy: 38.58
Training Epoch: 173/200	Train Loss: 0.2762	Val Accuracy: 38.58
Training Epoch: 174/200	Train Loss: 0.1171	Val Accuracy: 39.22
Training Epoch: 175/200	Train Loss: 0.1798	Val Accuracy: 39.22
Training Epoch: 176/200	Train Loss: 0.2525	Val Accuracy: 39.66
Training Epoch: 177/200	Train Loss: 0.1923	Val Accuracy: 39.66
Training Epoch: 178/200	Train Loss: 0.142	Val Accuracy: 39.6
Training Epoch: 179/200	Train Loss: 0.2696	Val Accuracy: 39.6
Training Epoch: 180/200	Train Loss: 0.1774	Val Accuracy: 39.96
Training Epoch: 181/200	Train Loss: 0.0994	Val Accuracy: 39.96
Training Epoch: 182/200	Train Loss: 0.2331	Val Accuracy: 39.18
Training Epoch: 183/200	Train Loss: 0.0327	Val Accuracy: 39.18
Training Epoch: 184/200	Train Loss: 0.0627	Val Accuracy: 39.36
Training Epoch: 185/200	Train Loss: 0.3253	Val Accuracy: 39.36
Training Epoch: 186/200	Train Loss: 0.0686	Val Accuracy: 38.92
Training Epoch: 187/200	Train Loss: 0.1058	Val Accuracy: 38.92
Training Epoch: 188/200	Train Loss: 0.1968	Val Accuracy: 39.2
Training Epoch: 189/200	Train Loss: 0.0511	Val Accuracy: 39.2
Training Epoch: 190/200	Train Loss: 0.0984	Val Accuracy: 39.14
Training Epoch: 191/200	Train Loss: 0.1821	Val Accuracy: 39.14
Training Epoch: 192/200	Train Loss: 0.3287	Val Accuracy: 40.06
Training Epoch: 193/200	Train Loss: 0.167	Val Accuracy: 40.06
Training Epoch: 194/200	Train Loss: 0.0707	Val Accuracy: 40.16
Training Epoch: 195/200	Train Loss: 0.0574	Val Accuracy: 40.16
Training Epoch: 196/200	Train Loss: 0.0747	Val Accuracy: 40.24
Training Epoch: 197/200	Train Loss: 0.0733	Val Accuracy: 40.24
Training Epoch: 198/200	Train Loss: 0.326	Val Accuracy: 39.34
Training Epoch: 199/200	Train Loss: 0.1254	Val Accuracy: 39.34
Training Epoch: 200/200	Train Loss: 0.1421	Val Accuracy: 38.82

Wrote Best Model Checkpoint to: vlBest_acc_40_model_epoch_0196.pyth

Best Validation Accuracy: 40.24
Best Epoch: 196

======== TESTING ========

Test Accuracy: 39.31.

======== ACTIVE SAMPLING ========

len(uSetLoader): 439
u_ranks.shape: (43850,)
Active Sampling Complete. After Episode 22:
New Labeled Set: 1200, New Unlabeled Set: 43800, Active Set: 50

================================


Current accuracy values:  [17.790000000000006, 22.30999992370606, 15.810000000000002, 25.189999732971188, 23.359999847412112, 27.899999427795407, 27.55999961853027, 31.109999122619627, 27.25999923706054, 34.57999931335449, 35.0499991607666, 28.479999084472652, 35.669998779296876, 36.36999881744385, 37.14999931335449, 35.80999927520752, 32.86999904632569, 37.449998970031736, 41.10999847412109, 40.179998626708986, 41.039998893737796, 37.83999877929688, 39.309998474121095]
Starting model from scratch - ignoring existing weights.
<All keys matched successfully>
None
======== EPISODE 23 BEGINS ========

======== TRAINING ========
Training Epoch: 1/200	Train Loss: 13.625	Val Accuracy: 0.0
Training Epoch: 2/200	Train Loss: 4.3528	Val Accuracy: 10.26
Training Epoch: 3/200	Train Loss: 5.8879	Val Accuracy: 10.26
Training Epoch: 4/200	Train Loss: 2.8064	Val Accuracy: 10.84
Training Epoch: 5/200	Train Loss: 2.7081	Val Accuracy: 10.84
Training Epoch: 6/200	Train Loss: 2.6223	Val Accuracy: 14.22
Training Epoch: 7/200	Train Loss: 3.5924	Val Accuracy: 14.22
Training Epoch: 8/200	Train Loss: 4.2154	Val Accuracy: 12.18
Training Epoch: 9/200	Train Loss: 5.4489	Val Accuracy: 12.18
Training Epoch: 10/200	Train Loss: 6.8199	Val Accuracy: 14.44
Training Epoch: 11/200	Train Loss: 3.8601	Val Accuracy: 14.44
Training Epoch: 12/200	Train Loss: 4.7684	Val Accuracy: 17.6
Training Epoch: 13/200	Train Loss: 5.6644	Val Accuracy: 17.6
Training Epoch: 14/200	Train Loss: 3.0649	Val Accuracy: 16.56
Training Epoch: 15/200	Train Loss: 2.6701	Val Accuracy: 16.56
Training Epoch: 16/200	Train Loss: 2.8541	Val Accuracy: 17.18
Training Epoch: 17/200	Train Loss: 2.5022	Val Accuracy: 17.18
Training Epoch: 18/200	Train Loss: 3.3345	Val Accuracy: 22.76
Training Epoch: 19/200	Train Loss: 4.098	Val Accuracy: 22.76
Training Epoch: 20/200	Train Loss: 3.4151	Val Accuracy: 24.28
Training Epoch: 21/200	Train Loss: 4.503	Val Accuracy: 24.28
Training Epoch: 22/200	Train Loss: 2.6477	Val Accuracy: 20.46
Training Epoch: 23/200	Train Loss: 3.7224	Val Accuracy: 20.46
Training Epoch: 24/200	Train Loss: 3.5851	Val Accuracy: 15.6
Training Epoch: 25/200	Train Loss: 2.905	Val Accuracy: 15.6
Training Epoch: 26/200	Train Loss: 3.2038	Val Accuracy: 17.9
Training Epoch: 27/200	Train Loss: 3.6297	Val Accuracy: 17.9
Training Epoch: 28/200	Train Loss: 2.813	Val Accuracy: 11.5
Training Epoch: 29/200	Train Loss: 2.9065	Val Accuracy: 11.5
Training Epoch: 30/200	Train Loss: 3.0451	Val Accuracy: 17.58
Training Epoch: 31/200	Train Loss: 2.9947	Val Accuracy: 17.58
Training Epoch: 32/200	Train Loss: 2.531	Val Accuracy: 19.26
Training Epoch: 33/200	Train Loss: 2.9904	Val Accuracy: 19.26
Training Epoch: 34/200	Train Loss: 2.5042	Val Accuracy: 19.84
Training Epoch: 35/200	Train Loss: 3.0504	Val Accuracy: 19.84
Training Epoch: 36/200	Train Loss: 2.3829	Val Accuracy: 14.88
Training Epoch: 37/200	Train Loss: 3.3941	Val Accuracy: 14.88
Training Epoch: 38/200	Train Loss: 2.4608	Val Accuracy: 17.8
Training Epoch: 39/200	Train Loss: 2.5164	Val Accuracy: 17.8
Training Epoch: 40/200	Train Loss: 2.6468	Val Accuracy: 18.28
Training Epoch: 41/200	Train Loss: 2.5885	Val Accuracy: 18.28
Training Epoch: 42/200	Train Loss: 2.4385	Val Accuracy: 18.24
Training Epoch: 43/200	Train Loss: 2.2438	Val Accuracy: 18.24
Training Epoch: 44/200	Train Loss: 2.1342	Val Accuracy: 18.26
Training Epoch: 45/200	Train Loss: 2.8954	Val Accuracy: 18.26
Training Epoch: 46/200	Train Loss: 3.0168	Val Accuracy: 19.04
Training Epoch: 47/200	Train Loss: 2.6724	Val Accuracy: 19.04
Training Epoch: 48/200	Train Loss: 2.5561	Val Accuracy: 20.52
Training Epoch: 49/200	Train Loss: 2.5226	Val Accuracy: 20.52
Training Epoch: 50/200	Train Loss: 2.1365	Val Accuracy: 21.02
Training Epoch: 51/200	Train Loss: 2.2721	Val Accuracy: 21.02
Training Epoch: 52/200	Train Loss: 2.6024	Val Accuracy: 16.92
Training Epoch: 53/200	Train Loss: 2.5584	Val Accuracy: 16.92
Training Epoch: 54/200	Train Loss: 2.4007	Val Accuracy: 19.84
Training Epoch: 55/200	Train Loss: 2.4419	Val Accuracy: 19.84
Training Epoch: 56/200	Train Loss: 2.2771	Val Accuracy: 20.78
Training Epoch: 57/200	Train Loss: 2.4604	Val Accuracy: 20.78
Training Epoch: 58/200	Train Loss: 2.8075	Val Accuracy: 19.64
Training Epoch: 59/200	Train Loss: 2.1817	Val Accuracy: 19.64
Training Epoch: 60/200	Train Loss: 2.2176	Val Accuracy: 21.6
Training Epoch: 61/200	Train Loss: 2.5202	Val Accuracy: 21.6
Training Epoch: 62/200	Train Loss: 2.6978	Val Accuracy: 21.88
Training Epoch: 63/200	Train Loss: 2.7236	Val Accuracy: 21.88
Training Epoch: 64/200	Train Loss: 2.3479	Val Accuracy: 22.74
Training Epoch: 65/200	Train Loss: 2.4664	Val Accuracy: 22.74
Training Epoch: 66/200	Train Loss: 2.3293	Val Accuracy: 22.76
Training Epoch: 67/200	Train Loss: 2.2878	Val Accuracy: 22.76
Training Epoch: 68/200	Train Loss: 2.5706	Val Accuracy: 22.06
Training Epoch: 69/200	Train Loss: 2.3109	Val Accuracy: 22.06
Training Epoch: 70/200	Train Loss: 2.1098	Val Accuracy: 23.94
Training Epoch: 71/200	Train Loss: 2.7912	Val Accuracy: 23.94
Training Epoch: 72/200	Train Loss: 2.3663	Val Accuracy: 23.78
Training Epoch: 73/200	Train Loss: 2.4496	Val Accuracy: 23.78
Training Epoch: 74/200	Train Loss: 1.9893	Val Accuracy: 27.3
Training Epoch: 75/200	Train Loss: 2.16	Val Accuracy: 27.3
Training Epoch: 76/200	Train Loss: 2.1071	Val Accuracy: 25.22
Training Epoch: 77/200	Train Loss: 2.4381	Val Accuracy: 25.22
Training Epoch: 78/200	Train Loss: 1.8482	Val Accuracy: 25.68
Training Epoch: 79/200	Train Loss: 2.264	Val Accuracy: 25.68
Training Epoch: 80/200	Train Loss: 2.1605	Val Accuracy: 26.1
Training Epoch: 81/200	Train Loss: 2.0252	Val Accuracy: 26.1
Training Epoch: 82/200	Train Loss: 2.0701	Val Accuracy: 27.28
Training Epoch: 83/200	Train Loss: 2.5095	Val Accuracy: 27.28
Training Epoch: 84/200	Train Loss: 2.1231	Val Accuracy: 27.38
Training Epoch: 85/200	Train Loss: 1.9907	Val Accuracy: 27.38
Training Epoch: 86/200	Train Loss: 2.2681	Val Accuracy: 27.48
Training Epoch: 87/200	Train Loss: 1.8586	Val Accuracy: 27.48
Training Epoch: 88/200	Train Loss: 1.8358	Val Accuracy: 27.88
Training Epoch: 89/200	Train Loss: 2.079	Val Accuracy: 27.88
Training Epoch: 90/200	Train Loss: 2.0817	Val Accuracy: 28.4
Training Epoch: 91/200	Train Loss: 1.7956	Val Accuracy: 28.4
Training Epoch: 92/200	Train Loss: 1.6012	Val Accuracy: 28.0
Training Epoch: 93/200	Train Loss: 1.9215	Val Accuracy: 28.0
Training Epoch: 94/200	Train Loss: 2.1424	Val Accuracy: 29.0
Training Epoch: 95/200	Train Loss: 2.0171	Val Accuracy: 29.0
Training Epoch: 96/200	Train Loss: 2.0019	Val Accuracy: 29.46
Training Epoch: 97/200	Train Loss: 1.8403	Val Accuracy: 29.46
Training Epoch: 98/200	Train Loss: 1.8203	Val Accuracy: 29.68
Training Epoch: 99/200	Train Loss: 1.8773	Val Accuracy: 29.68
Training Epoch: 100/200	Train Loss: 2.1199	Val Accuracy: 29.42
Training Epoch: 101/200	Train Loss: 2.0159	Val Accuracy: 29.42
Training Epoch: 102/200	Train Loss: 1.8998	Val Accuracy: 30.7
Training Epoch: 103/200	Train Loss: 1.9127	Val Accuracy: 30.7
Training Epoch: 104/200	Train Loss: 2.0896	Val Accuracy: 30.82
Training Epoch: 105/200	Train Loss: 2.0929	Val Accuracy: 30.82
Training Epoch: 106/200	Train Loss: 1.7365	Val Accuracy: 29.94
Training Epoch: 107/200	Train Loss: 1.6988	Val Accuracy: 29.94
Training Epoch: 108/200	Train Loss: 1.8707	Val Accuracy: 30.9
Training Epoch: 109/200	Train Loss: 1.8592	Val Accuracy: 30.9
Training Epoch: 110/200	Train Loss: 1.9595	Val Accuracy: 31.64
Training Epoch: 111/200	Train Loss: 1.6053	Val Accuracy: 31.64
Training Epoch: 112/200	Train Loss: 1.6213	Val Accuracy: 30.68
Training Epoch: 113/200	Train Loss: 1.6626	Val Accuracy: 30.68
Training Epoch: 114/200	Train Loss: 1.4669	Val Accuracy: 31.22
Training Epoch: 115/200	Train Loss: 1.6774	Val Accuracy: 31.22
Training Epoch: 116/200	Train Loss: 1.4646	Val Accuracy: 31.08
Training Epoch: 117/200	Train Loss: 1.8159	Val Accuracy: 31.08
Training Epoch: 118/200	Train Loss: 1.7939	Val Accuracy: 31.52
Training Epoch: 119/200	Train Loss: 1.8133	Val Accuracy: 31.52
Training Epoch: 120/200	Train Loss: 1.7503	Val Accuracy: 31.54
Training Epoch: 121/200	Train Loss: 1.5844	Val Accuracy: 31.54
Training Epoch: 122/200	Train Loss: 1.3979	Val Accuracy: 32.04
Training Epoch: 123/200	Train Loss: 1.7701	Val Accuracy: 32.04
Training Epoch: 124/200	Train Loss: 1.7144	Val Accuracy: 32.34
Training Epoch: 125/200	Train Loss: 1.6107	Val Accuracy: 32.34
Training Epoch: 126/200	Train Loss: 1.2174	Val Accuracy: 31.88
Training Epoch: 127/200	Train Loss: 1.4794	Val Accuracy: 31.88
Training Epoch: 128/200	Train Loss: 1.3299	Val Accuracy: 32.32
Training Epoch: 129/200	Train Loss: 1.4241	Val Accuracy: 32.32
Training Epoch: 130/200	Train Loss: 1.4872	Val Accuracy: 32.36
Training Epoch: 131/200	Train Loss: 1.4614	Val Accuracy: 32.36
Training Epoch: 132/200	Train Loss: 1.3034	Val Accuracy: 31.6
Training Epoch: 133/200	Train Loss: 1.6103	Val Accuracy: 31.6
Training Epoch: 134/200	Train Loss: 1.3081	Val Accuracy: 31.8
Training Epoch: 135/200	Train Loss: 1.2609	Val Accuracy: 31.8
Training Epoch: 136/200	Train Loss: 1.0054	Val Accuracy: 32.02
Training Epoch: 137/200	Train Loss: 1.0691	Val Accuracy: 32.02
Training Epoch: 138/200	Train Loss: 1.3495	Val Accuracy: 31.84
Training Epoch: 139/200	Train Loss: 1.2996	Val Accuracy: 31.84
Training Epoch: 140/200	Train Loss: 1.1109	Val Accuracy: 33.72
Training Epoch: 141/200	Train Loss: 1.4844	Val Accuracy: 33.72
Training Epoch: 142/200	Train Loss: 1.3453	Val Accuracy: 33.68
Training Epoch: 143/200	Train Loss: 1.0316	Val Accuracy: 33.68
Training Epoch: 144/200	Train Loss: 1.3943	Val Accuracy: 33.54
Training Epoch: 145/200	Train Loss: 1.2332	Val Accuracy: 33.54
Training Epoch: 146/200	Train Loss: 1.2671	Val Accuracy: 32.5
Training Epoch: 147/200	Train Loss: 1.2086	Val Accuracy: 32.5
Training Epoch: 148/200	Train Loss: 1.6798	Val Accuracy: 32.14
Training Epoch: 149/200	Train Loss: 1.7184	Val Accuracy: 32.14
Training Epoch: 150/200	Train Loss: 0.999	Val Accuracy: 32.74
Training Epoch: 151/200	Train Loss: 0.9258	Val Accuracy: 32.74
Training Epoch: 152/200	Train Loss: 1.0077	Val Accuracy: 33.62
Training Epoch: 153/200	Train Loss: 0.9497	Val Accuracy: 33.62
Training Epoch: 154/200	Train Loss: 1.0466	Val Accuracy: 33.72
Training Epoch: 155/200	Train Loss: 1.0219	Val Accuracy: 33.72
Training Epoch: 156/200	Train Loss: 1.1156	Val Accuracy: 32.52
Training Epoch: 157/200	Train Loss: 0.9323	Val Accuracy: 32.52
Training Epoch: 158/200	Train Loss: 1.1592	Val Accuracy: 32.42
Training Epoch: 159/200	Train Loss: 0.7875	Val Accuracy: 32.42
Training Epoch: 160/200	Train Loss: 0.8308	Val Accuracy: 33.36
Training Epoch: 161/200	Train Loss: 0.7924	Val Accuracy: 33.36
Training Epoch: 162/200	Train Loss: 1.0725	Val Accuracy: 32.76
Training Epoch: 163/200	Train Loss: 0.6983	Val Accuracy: 32.76
Training Epoch: 164/200	Train Loss: 0.7255	Val Accuracy: 33.66
Training Epoch: 165/200	Train Loss: 0.8917	Val Accuracy: 33.66
Training Epoch: 166/200	Train Loss: 0.9757	Val Accuracy: 32.86
Training Epoch: 167/200	Train Loss: 0.7461	Val Accuracy: 32.86
Training Epoch: 168/200	Train Loss: 0.4603	Val Accuracy: 33.4
Training Epoch: 169/200	Train Loss: 0.5582	Val Accuracy: 33.4
Training Epoch: 170/200	Train Loss: 0.7457	Val Accuracy: 32.22
Training Epoch: 171/200	Train Loss: 0.4711	Val Accuracy: 32.22
Training Epoch: 172/200	Train Loss: 0.4942	Val Accuracy: 32.48
Training Epoch: 173/200	Train Loss: 0.4002	Val Accuracy: 32.48
Training Epoch: 174/200	Train Loss: 0.8654	Val Accuracy: 32.7
Training Epoch: 175/200	Train Loss: 0.7505	Val Accuracy: 32.7
Training Epoch: 176/200	Train Loss: 0.7001	Val Accuracy: 34.38
Training Epoch: 177/200	Train Loss: 0.7426	Val Accuracy: 34.38
Training Epoch: 178/200	Train Loss: 0.4566	Val Accuracy: 32.98
Training Epoch: 179/200	Train Loss: 0.641	Val Accuracy: 32.98
Training Epoch: 180/200	Train Loss: 0.621	Val Accuracy: 33.66
Training Epoch: 181/200	Train Loss: 0.5507	Val Accuracy: 33.66
Training Epoch: 182/200	Train Loss: 0.5679	Val Accuracy: 33.18
Training Epoch: 183/200	Train Loss: 0.6476	Val Accuracy: 33.18
Training Epoch: 184/200	Train Loss: 0.4262	Val Accuracy: 32.7
Training Epoch: 185/200	Train Loss: 0.5192	Val Accuracy: 32.7
Training Epoch: 186/200	Train Loss: 0.4501	Val Accuracy: 33.04
Training Epoch: 187/200	Train Loss: 0.5191	Val Accuracy: 33.04
Training Epoch: 188/200	Train Loss: 0.2767	Val Accuracy: 34.1
Training Epoch: 189/200	Train Loss: 0.4059	Val Accuracy: 34.1
Training Epoch: 190/200	Train Loss: 0.5888	Val Accuracy: 33.92
Training Epoch: 191/200	Train Loss: 0.4279	Val Accuracy: 33.92
Training Epoch: 192/200	Train Loss: 0.5144	Val Accuracy: 32.62
Training Epoch: 193/200	Train Loss: 0.6146	Val Accuracy: 32.62
Training Epoch: 194/200	Train Loss: 0.7058	Val Accuracy: 33.48
Training Epoch: 195/200	Train Loss: 0.339	Val Accuracy: 33.48
Training Epoch: 196/200	Train Loss: 0.3958	Val Accuracy: 32.24
Training Epoch: 197/200	Train Loss: 0.4505	Val Accuracy: 32.24
Training Epoch: 198/200	Train Loss: 0.621	Val Accuracy: 32.76
Training Epoch: 199/200	Train Loss: 0.4863	Val Accuracy: 32.76
Training Epoch: 200/200	Train Loss: 0.4217	Val Accuracy: 33.54

Wrote Best Model Checkpoint to: vlBest_acc_34_model_epoch_0176.pyth

Best Validation Accuracy: 34.38
Best Epoch: 176

======== TESTING ========

Test Accuracy: 33.43.

======== ACTIVE SAMPLING ========

len(uSetLoader): 438
u_ranks.shape: (43800,)
Active Sampling Complete. After Episode 23:
New Labeled Set: 1250, New Unlabeled Set: 43750, Active Set: 50

================================


Current accuracy values:  [17.790000000000006, 22.30999992370606, 15.810000000000002, 25.189999732971188, 23.359999847412112, 27.899999427795407, 27.55999961853027, 31.109999122619627, 27.25999923706054, 34.57999931335449, 35.0499991607666, 28.479999084472652, 35.669998779296876, 36.36999881744385, 37.14999931335449, 35.80999927520752, 32.86999904632569, 37.449998970031736, 41.10999847412109, 40.179998626708986, 41.039998893737796, 37.83999877929688, 39.309998474121095, 33.429999580383296]
Starting model from scratch - ignoring existing weights.
<All keys matched successfully>
None
======== EPISODE 24 BEGINS ========

======== TRAINING ========
Training Epoch: 1/200	Train Loss: 8.1589	Val Accuracy: 0.0
Training Epoch: 2/200	Train Loss: 4.1504	Val Accuracy: 10.72
Training Epoch: 3/200	Train Loss: 2.3545	Val Accuracy: 10.72
Training Epoch: 4/200	Train Loss: 3.8969	Val Accuracy: 10.52
Training Epoch: 5/200	Train Loss: 2.3439	Val Accuracy: 10.52
Training Epoch: 6/200	Train Loss: 4.8179	Val Accuracy: 10.92
Training Epoch: 7/200	Train Loss: 3.4149	Val Accuracy: 10.92
Training Epoch: 8/200	Train Loss: 5.4731	Val Accuracy: 15.44
Training Epoch: 9/200	Train Loss: 4.0482	Val Accuracy: 15.44
Training Epoch: 10/200	Train Loss: 3.9165	Val Accuracy: 17.82
Training Epoch: 11/200	Train Loss: 2.7412	Val Accuracy: 17.82
Training Epoch: 12/200	Train Loss: 2.2973	Val Accuracy: 18.9
Training Epoch: 13/200	Train Loss: 3.3134	Val Accuracy: 18.9
Training Epoch: 14/200	Train Loss: 3.6235	Val Accuracy: 15.98
Training Epoch: 15/200	Train Loss: 2.6436	Val Accuracy: 15.98
Training Epoch: 16/200	Train Loss: 4.4569	Val Accuracy: 14.24
Training Epoch: 17/200	Train Loss: 2.2525	Val Accuracy: 14.24
Training Epoch: 18/200	Train Loss: 3.0279	Val Accuracy: 17.26
Training Epoch: 19/200	Train Loss: 2.4277	Val Accuracy: 17.26
Training Epoch: 20/200	Train Loss: 3.1338	Val Accuracy: 17.08
Training Epoch: 21/200	Train Loss: 3.2223	Val Accuracy: 17.08
Training Epoch: 22/200	Train Loss: 2.7516	Val Accuracy: 19.64
Training Epoch: 23/200	Train Loss: 3.1871	Val Accuracy: 19.64
Training Epoch: 24/200	Train Loss: 2.1976	Val Accuracy: 22.54
Training Epoch: 25/200	Train Loss: 2.7387	Val Accuracy: 22.54
Training Epoch: 26/200	Train Loss: 3.5536	Val Accuracy: 20.92
Training Epoch: 27/200	Train Loss: 2.4069	Val Accuracy: 20.92
Training Epoch: 28/200	Train Loss: 2.1207	Val Accuracy: 22.54
Training Epoch: 29/200	Train Loss: 3.0184	Val Accuracy: 22.54
Training Epoch: 30/200	Train Loss: 2.9224	Val Accuracy: 22.68
Training Epoch: 31/200	Train Loss: 3.8631	Val Accuracy: 22.68
Training Epoch: 32/200	Train Loss: 2.1715	Val Accuracy: 19.04
Training Epoch: 33/200	Train Loss: 2.8118	Val Accuracy: 19.04
Training Epoch: 34/200	Train Loss: 2.4123	Val Accuracy: 26.2
Training Epoch: 35/200	Train Loss: 2.0774	Val Accuracy: 26.2
Training Epoch: 36/200	Train Loss: 2.2779	Val Accuracy: 25.38
Training Epoch: 37/200	Train Loss: 2.2385	Val Accuracy: 25.38
Training Epoch: 38/200	Train Loss: 2.2758	Val Accuracy: 23.2
Training Epoch: 39/200	Train Loss: 2.5187	Val Accuracy: 23.2
Training Epoch: 40/200	Train Loss: 2.1729	Val Accuracy: 26.72
Training Epoch: 41/200	Train Loss: 2.3773	Val Accuracy: 26.72
Training Epoch: 42/200	Train Loss: 2.3436	Val Accuracy: 28.22
Training Epoch: 43/200	Train Loss: 2.3906	Val Accuracy: 28.22
Training Epoch: 44/200	Train Loss: 2.4818	Val Accuracy: 29.34
Training Epoch: 45/200	Train Loss: 2.4487	Val Accuracy: 29.34
Training Epoch: 46/200	Train Loss: 1.9095	Val Accuracy: 28.56
Training Epoch: 47/200	Train Loss: 2.4457	Val Accuracy: 28.56
Training Epoch: 48/200	Train Loss: 2.6955	Val Accuracy: 26.84
Training Epoch: 49/200	Train Loss: 2.1603	Val Accuracy: 26.84
Training Epoch: 50/200	Train Loss: 2.4307	Val Accuracy: 23.0
Training Epoch: 51/200	Train Loss: 2.2757	Val Accuracy: 23.0
Training Epoch: 52/200	Train Loss: 2.8466	Val Accuracy: 24.5
Training Epoch: 53/200	Train Loss: 2.3483	Val Accuracy: 24.5
Training Epoch: 54/200	Train Loss: 2.0574	Val Accuracy: 26.84
Training Epoch: 55/200	Train Loss: 1.9031	Val Accuracy: 26.84
Training Epoch: 56/200	Train Loss: 2.2526	Val Accuracy: 24.48
Training Epoch: 57/200	Train Loss: 1.9581	Val Accuracy: 24.48
Training Epoch: 58/200	Train Loss: 2.0835	Val Accuracy: 27.3
Training Epoch: 59/200	Train Loss: 1.8827	Val Accuracy: 27.3
Training Epoch: 60/200	Train Loss: 2.2033	Val Accuracy: 28.5
Training Epoch: 61/200	Train Loss: 2.436	Val Accuracy: 28.5
Training Epoch: 62/200	Train Loss: 1.8064	Val Accuracy: 28.7
Training Epoch: 63/200	Train Loss: 2.3064	Val Accuracy: 28.7
Training Epoch: 64/200	Train Loss: 2.2322	Val Accuracy: 29.74
Training Epoch: 65/200	Train Loss: 2.0507	Val Accuracy: 29.74
Training Epoch: 66/200	Train Loss: 2.2249	Val Accuracy: 31.02
Training Epoch: 67/200	Train Loss: 2.0662	Val Accuracy: 31.02
Training Epoch: 68/200	Train Loss: 2.1392	Val Accuracy: 28.78
Training Epoch: 69/200	Train Loss: 2.2776	Val Accuracy: 28.78
Training Epoch: 70/200	Train Loss: 2.4622	Val Accuracy: 23.26
Training Epoch: 71/200	Train Loss: 2.1298	Val Accuracy: 23.26
Training Epoch: 72/200	Train Loss: 2.3104	Val Accuracy: 24.62
Training Epoch: 73/200	Train Loss: 1.9758	Val Accuracy: 24.62
Training Epoch: 74/200	Train Loss: 2.2387	Val Accuracy: 25.3
Training Epoch: 75/200	Train Loss: 2.5458	Val Accuracy: 25.3
Training Epoch: 76/200	Train Loss: 1.9242	Val Accuracy: 24.42
Training Epoch: 77/200	Train Loss: 2.2439	Val Accuracy: 24.42
Training Epoch: 78/200	Train Loss: 1.95	Val Accuracy: 28.62
Training Epoch: 79/200	Train Loss: 2.3499	Val Accuracy: 28.62
Training Epoch: 80/200	Train Loss: 2.0223	Val Accuracy: 28.96
Training Epoch: 81/200	Train Loss: 2.0486	Val Accuracy: 28.96
Training Epoch: 82/200	Train Loss: 2.3155	Val Accuracy: 28.96
Training Epoch: 83/200	Train Loss: 2.1939	Val Accuracy: 28.96
Training Epoch: 84/200	Train Loss: 2.8946	Val Accuracy: 28.24
Training Epoch: 85/200	Train Loss: 2.3386	Val Accuracy: 28.24
Training Epoch: 86/200	Train Loss: 1.9694	Val Accuracy: 30.54
Training Epoch: 87/200	Train Loss: 2.0389	Val Accuracy: 30.54
Training Epoch: 88/200	Train Loss: 1.823	Val Accuracy: 32.02
Training Epoch: 89/200	Train Loss: 1.8249	Val Accuracy: 32.02
Training Epoch: 90/200	Train Loss: 2.0303	Val Accuracy: 31.96
Training Epoch: 91/200	Train Loss: 1.9072	Val Accuracy: 31.96
Training Epoch: 92/200	Train Loss: 1.9156	Val Accuracy: 33.06
Training Epoch: 93/200	Train Loss: 2.3085	Val Accuracy: 33.06
Training Epoch: 94/200	Train Loss: 1.7866	Val Accuracy: 32.78
Training Epoch: 95/200	Train Loss: 1.5427	Val Accuracy: 32.78
Training Epoch: 96/200	Train Loss: 1.6769	Val Accuracy: 33.82
Training Epoch: 97/200	Train Loss: 1.7181	Val Accuracy: 33.82
Training Epoch: 98/200	Train Loss: 2.1107	Val Accuracy: 34.1
Training Epoch: 99/200	Train Loss: 2.2512	Val Accuracy: 34.1
Training Epoch: 100/200	Train Loss: 2.0272	Val Accuracy: 33.92
Training Epoch: 101/200	Train Loss: 1.9731	Val Accuracy: 33.92
Training Epoch: 102/200	Train Loss: 1.841	Val Accuracy: 34.22
Training Epoch: 103/200	Train Loss: 1.9276	Val Accuracy: 34.22
Training Epoch: 104/200	Train Loss: 1.6924	Val Accuracy: 33.58
Training Epoch: 105/200	Train Loss: 1.8252	Val Accuracy: 33.58
Training Epoch: 106/200	Train Loss: 2.1425	Val Accuracy: 34.12
Training Epoch: 107/200	Train Loss: 1.7386	Val Accuracy: 34.12
Training Epoch: 108/200	Train Loss: 1.9748	Val Accuracy: 34.86
Training Epoch: 109/200	Train Loss: 1.7144	Val Accuracy: 34.86
Training Epoch: 110/200	Train Loss: 1.6077	Val Accuracy: 35.82
Training Epoch: 111/200	Train Loss: 1.8876	Val Accuracy: 35.82
Training Epoch: 112/200	Train Loss: 1.9335	Val Accuracy: 34.12
Training Epoch: 113/200	Train Loss: 1.5198	Val Accuracy: 34.12
Training Epoch: 114/200	Train Loss: 1.8144	Val Accuracy: 34.42
Training Epoch: 115/200	Train Loss: 1.5506	Val Accuracy: 34.42
Training Epoch: 116/200	Train Loss: 1.4662	Val Accuracy: 35.26
Training Epoch: 117/200	Train Loss: 1.6123	Val Accuracy: 35.26
Training Epoch: 118/200	Train Loss: 1.3997	Val Accuracy: 35.4
Training Epoch: 119/200	Train Loss: 1.5245	Val Accuracy: 35.4
Training Epoch: 120/200	Train Loss: 1.6895	Val Accuracy: 35.28
Training Epoch: 121/200	Train Loss: 1.765	Val Accuracy: 35.28
Training Epoch: 122/200	Train Loss: 1.5331	Val Accuracy: 34.72
Training Epoch: 123/200	Train Loss: 1.1546	Val Accuracy: 34.72
Training Epoch: 124/200	Train Loss: 1.5838	Val Accuracy: 35.18
Training Epoch: 125/200	Train Loss: 1.3289	Val Accuracy: 35.18
Training Epoch: 126/200	Train Loss: 1.3487	Val Accuracy: 35.66
Training Epoch: 127/200	Train Loss: 1.2863	Val Accuracy: 35.66
Training Epoch: 128/200	Train Loss: 1.4694	Val Accuracy: 35.26
Training Epoch: 129/200	Train Loss: 1.5993	Val Accuracy: 35.26
Training Epoch: 130/200	Train Loss: 1.4729	Val Accuracy: 35.36
Training Epoch: 131/200	Train Loss: 1.3511	Val Accuracy: 35.36
Training Epoch: 132/200	Train Loss: 1.2094	Val Accuracy: 35.24
Training Epoch: 133/200	Train Loss: 1.3325	Val Accuracy: 35.24
Training Epoch: 134/200	Train Loss: 1.3789	Val Accuracy: 35.84
Training Epoch: 135/200	Train Loss: 1.4379	Val Accuracy: 35.84
Training Epoch: 136/200	Train Loss: 1.4448	Val Accuracy: 35.5
Training Epoch: 137/200	Train Loss: 1.1326	Val Accuracy: 35.5
Training Epoch: 138/200	Train Loss: 1.3209	Val Accuracy: 35.22
Training Epoch: 139/200	Train Loss: 1.216	Val Accuracy: 35.22
Training Epoch: 140/200	Train Loss: 1.3108	Val Accuracy: 34.86
Training Epoch: 141/200	Train Loss: 1.1208	Val Accuracy: 34.86
Training Epoch: 142/200	Train Loss: 1.1684	Val Accuracy: 36.22
Training Epoch: 143/200	Train Loss: 1.2685	Val Accuracy: 36.22
Training Epoch: 144/200	Train Loss: 1.1889	Val Accuracy: 36.7
Training Epoch: 145/200	Train Loss: 1.1381	Val Accuracy: 36.7
Training Epoch: 146/200	Train Loss: 0.9968	Val Accuracy: 35.14
Training Epoch: 147/200	Train Loss: 1.2942	Val Accuracy: 35.14
Training Epoch: 148/200	Train Loss: 1.2669	Val Accuracy: 36.04
Training Epoch: 149/200	Train Loss: 1.1698	Val Accuracy: 36.04
Training Epoch: 150/200	Train Loss: 1.3889	Val Accuracy: 35.74
Training Epoch: 151/200	Train Loss: 1.3581	Val Accuracy: 35.74
Training Epoch: 152/200	Train Loss: 0.9627	Val Accuracy: 35.28
Training Epoch: 153/200	Train Loss: 1.2129	Val Accuracy: 35.28
Training Epoch: 154/200	Train Loss: 1.0353	Val Accuracy: 35.74
Training Epoch: 155/200	Train Loss: 1.2938	Val Accuracy: 35.74
Training Epoch: 156/200	Train Loss: 0.8141	Val Accuracy: 35.74
Training Epoch: 157/200	Train Loss: 1.1236	Val Accuracy: 35.74
Training Epoch: 158/200	Train Loss: 1.0804	Val Accuracy: 36.02
Training Epoch: 159/200	Train Loss: 0.9724	Val Accuracy: 36.02
Training Epoch: 160/200	Train Loss: 0.8133	Val Accuracy: 34.24
Training Epoch: 161/200	Train Loss: 0.9831	Val Accuracy: 34.24
Training Epoch: 162/200	Train Loss: 0.6876	Val Accuracy: 35.78
Training Epoch: 163/200	Train Loss: 0.8372	Val Accuracy: 35.78
Training Epoch: 164/200	Train Loss: 1.1505	Val Accuracy: 36.48
Training Epoch: 165/200	Train Loss: 0.8378	Val Accuracy: 36.48
Training Epoch: 166/200	Train Loss: 0.8884	Val Accuracy: 35.06
Training Epoch: 167/200	Train Loss: 1.1957	Val Accuracy: 35.06
Training Epoch: 168/200	Train Loss: 0.748	Val Accuracy: 36.68
Training Epoch: 169/200	Train Loss: 0.6317	Val Accuracy: 36.68
Training Epoch: 170/200	Train Loss: 0.9081	Val Accuracy: 35.3
Training Epoch: 171/200	Train Loss: 0.5657	Val Accuracy: 35.3
Training Epoch: 172/200	Train Loss: 0.8084	Val Accuracy: 36.44
Training Epoch: 173/200	Train Loss: 0.4881	Val Accuracy: 36.44
Training Epoch: 174/200	Train Loss: 0.7351	Val Accuracy: 36.2
Training Epoch: 175/200	Train Loss: 0.8552	Val Accuracy: 36.2
Training Epoch: 176/200	Train Loss: 0.5754	Val Accuracy: 35.9
Training Epoch: 177/200	Train Loss: 0.5803	Val Accuracy: 35.9
Training Epoch: 178/200	Train Loss: 1.0316	Val Accuracy: 35.9
Training Epoch: 179/200	Train Loss: 0.5798	Val Accuracy: 35.9
Training Epoch: 180/200	Train Loss: 0.773	Val Accuracy: 35.26
Training Epoch: 181/200	Train Loss: 0.548	Val Accuracy: 35.26
Training Epoch: 182/200	Train Loss: 0.6492	Val Accuracy: 35.54
Training Epoch: 183/200	Train Loss: 0.585	Val Accuracy: 35.54
Training Epoch: 184/200	Train Loss: 0.7514	Val Accuracy: 35.64
Training Epoch: 185/200	Train Loss: 0.6156	Val Accuracy: 35.64
Training Epoch: 186/200	Train Loss: 0.4721	Val Accuracy: 36.0
Training Epoch: 187/200	Train Loss: 0.9052	Val Accuracy: 36.0
Training Epoch: 188/200	Train Loss: 0.6511	Val Accuracy: 35.42
Training Epoch: 189/200	Train Loss: 0.3451	Val Accuracy: 35.42
Training Epoch: 190/200	Train Loss: 0.6145	Val Accuracy: 36.1
Training Epoch: 191/200	Train Loss: 0.6086	Val Accuracy: 36.1
Training Epoch: 192/200	Train Loss: 0.4848	Val Accuracy: 35.44
Training Epoch: 193/200	Train Loss: 0.4214	Val Accuracy: 35.44
Training Epoch: 194/200	Train Loss: 0.7458	Val Accuracy: 36.3
Training Epoch: 195/200	Train Loss: 0.6269	Val Accuracy: 36.3
Training Epoch: 196/200	Train Loss: 0.8677	Val Accuracy: 34.8
Training Epoch: 197/200	Train Loss: 0.5971	Val Accuracy: 34.8
Training Epoch: 198/200	Train Loss: 0.4753	Val Accuracy: 36.6
Training Epoch: 199/200	Train Loss: 0.5914	Val Accuracy: 36.6
Training Epoch: 200/200	Train Loss: 0.3016	Val Accuracy: 36.5

Wrote Best Model Checkpoint to: vlBest_acc_36_model_epoch_0144.pyth

Best Validation Accuracy: 36.7
Best Epoch: 144

======== TESTING ========

Test Accuracy: 36.36.

======== ACTIVE SAMPLING ========

len(uSetLoader): 438
u_ranks.shape: (43750,)
