GPU 0: Tesla V100-SXM2-32GB (UUID: GPU-d0ec9015-0965-160d-8366-216fd2f2b6a9)

==============NVSMI LOG==============

Timestamp                                 : Tue May 26 22:18:12 2026
Driver Version                            : 565.57.01
CUDA Version                              : 12.7

Attached GPUs                             : 1
GPU 00000000:07:00.0
    ECC Mode
        Current                           : Enabled
        Pending                           : Enabled
    ECC Errors
        Volatile
            Single Bit            
                Device Memory             : 0
                Register File             : 0
                L1 Cache                  : 0
                L2 Cache                  : 0
                Texture Memory            : N/A
                Texture Shared            : N/A
                CBU                       : N/A
                Total                     : 0
            Double Bit            
                Device Memory             : 0
                Register File             : 0
                L1 Cache                  : 0
                L2 Cache                  : 0
                Texture Memory            : N/A
                Texture Shared            : N/A
                CBU                       : 0
                Total                     : 0
        Aggregate
            Single Bit            
                Device Memory             : 0
                Register File             : 0
                L1 Cache                  : 0
                L2 Cache                  : 0
                Texture Memory            : N/A
                Texture Shared            : N/A
                CBU                       : N/A
                Total                     : 0
            Double Bit            
                Device Memory             : 0
                Register File             : 0
                L1 Cache                  : 0
                L2 Cache                  : 0
                Texture Memory            : N/A
                Texture Shared            : N/A
                CBU                       : 0
                Total                     : 0

Experiment Directory Already Exists: /vast/s219110279/TypiClust/output/CIFAR10/resnet50/coreset_1_50b. Reusing it may lead to loss of old logs in the directory.


======== PREPARING DATA AND MODEL ========

Preprocess Operations Selected ==>  [RandomCrop(size=(32, 32), padding=4), RandomHorizontalFlip(p=0.5), ToTensor(), Normalize(mean=[0.4914, 0.4822, 0.4465], std=[0.247, 0.2435, 0.2616])]
Files already downloaded and verified
Files already downloaded and verified

Dataset CIFAR10 Loaded Sucessfully.
Total Train Size: 50000 and Total Test Size: 10000

Data Partitioning Complete. 
Labeled Set: 50, Unlabeled Set: 44950, Validation Set: 5000

model: resnet50

optimizer: SGD (
Parameter Group 0
    dampening: 0.0
    differentiable: False
    foreach: None
    lr: 0.025
    maximize: False
    momentum: 0.9
    nesterov: True
    weight_decay: 0.0003
)

AL Query Method: coreset
Max AL Episodes: 100

======== EPISODE 0 BEGINS ========

======== TRAINING ========
Training Epoch: 1/200	Train Loss: 2.5085	Val Accuracy: 0.0
Training Epoch: 2/200	Train Loss: 5.2098	Val Accuracy: 9.74
Training Epoch: 3/200	Train Loss: 11.2981	Val Accuracy: 9.74
Training Epoch: 4/200	Train Loss: 16.8984	Val Accuracy: 10.22
Training Epoch: 5/200	Train Loss: 15.2032	Val Accuracy: 10.22
Training Epoch: 6/200	Train Loss: 12.1376	Val Accuracy: 9.56
Training Epoch: 7/200	Train Loss: 5.5063	Val Accuracy: 9.56
Training Epoch: 8/200	Train Loss: 4.4068	Val Accuracy: 9.56
Training Epoch: 9/200	Train Loss: 3.6883	Val Accuracy: 9.56
Training Epoch: 10/200	Train Loss: 3.2936	Val Accuracy: 9.56
Training Epoch: 11/200	Train Loss: 2.9268	Val Accuracy: 9.56
Training Epoch: 12/200	Train Loss: 2.7647	Val Accuracy: 9.56
Training Epoch: 13/200	Train Loss: 2.5854	Val Accuracy: 9.56
Training Epoch: 14/200	Train Loss: 2.4737	Val Accuracy: 9.56
Training Epoch: 15/200	Train Loss: 2.3513	Val Accuracy: 9.56
Training Epoch: 16/200	Train Loss: 2.3345	Val Accuracy: 9.56
Training Epoch: 17/200	Train Loss: 2.2614	Val Accuracy: 9.56
Training Epoch: 18/200	Train Loss: 2.2321	Val Accuracy: 9.62
Training Epoch: 19/200	Train Loss: 2.2071	Val Accuracy: 9.62
Training Epoch: 20/200	Train Loss: 2.186	Val Accuracy: 9.8
Training Epoch: 21/200	Train Loss: 2.2029	Val Accuracy: 9.8
Training Epoch: 22/200	Train Loss: 2.1576	Val Accuracy: 9.9
Training Epoch: 23/200	Train Loss: 2.1703	Val Accuracy: 9.9
Training Epoch: 24/200	Train Loss: 2.2098	Val Accuracy: 9.82
Training Epoch: 25/200	Train Loss: 2.1941	Val Accuracy: 9.82
Training Epoch: 26/200	Train Loss: 2.1902	Val Accuracy: 9.64
Training Epoch: 27/200	Train Loss: 2.196	Val Accuracy: 9.64
Training Epoch: 28/200	Train Loss: 2.1722	Val Accuracy: 9.06
Training Epoch: 29/200	Train Loss: 2.1206	Val Accuracy: 9.06
Training Epoch: 30/200	Train Loss: 2.1503	Val Accuracy: 9.44
Training Epoch: 31/200	Train Loss: 2.1541	Val Accuracy: 9.44
Training Epoch: 32/200	Train Loss: 2.1604	Val Accuracy: 8.5
Training Epoch: 33/200	Train Loss: 2.1439	Val Accuracy: 8.5
Training Epoch: 34/200	Train Loss: 2.1131	Val Accuracy: 8.72
Training Epoch: 35/200	Train Loss: 2.1351	Val Accuracy: 8.72
Training Epoch: 36/200	Train Loss: 2.1021	Val Accuracy: 8.72
Training Epoch: 37/200	Train Loss: 2.1543	Val Accuracy: 8.72
Training Epoch: 38/200	Train Loss: 2.1399	Val Accuracy: 8.82
Training Epoch: 39/200	Train Loss: 2.1262	Val Accuracy: 8.82
Training Epoch: 40/200	Train Loss: 2.0917	Val Accuracy: 8.64
Training Epoch: 41/200	Train Loss: 2.1208	Val Accuracy: 8.64
Training Epoch: 42/200	Train Loss: 2.1065	Val Accuracy: 8.56
Training Epoch: 43/200	Train Loss: 2.1064	Val Accuracy: 8.56
Training Epoch: 44/200	Train Loss: 2.3582	Val Accuracy: 8.8
Training Epoch: 45/200	Train Loss: 2.1364	Val Accuracy: 8.8
Training Epoch: 46/200	Train Loss: 2.3551	Val Accuracy: 8.88
Training Epoch: 47/200	Train Loss: 2.1484	Val Accuracy: 8.88
Training Epoch: 48/200	Train Loss: 2.2232	Val Accuracy: 8.98
Training Epoch: 49/200	Train Loss: 2.1238	Val Accuracy: 8.98
Training Epoch: 50/200	Train Loss: 2.1358	Val Accuracy: 8.88
Training Epoch: 51/200	Train Loss: 2.1082	Val Accuracy: 8.88
Training Epoch: 52/200	Train Loss: 2.1255	Val Accuracy: 8.74
Training Epoch: 53/200	Train Loss: 2.0875	Val Accuracy: 8.74
Training Epoch: 54/200	Train Loss: 2.1243	Val Accuracy: 9.0
Training Epoch: 55/200	Train Loss: 2.0925	Val Accuracy: 9.0
Training Epoch: 56/200	Train Loss: 2.1146	Val Accuracy: 8.7
Training Epoch: 57/200	Train Loss: 2.0756	Val Accuracy: 8.7
Training Epoch: 58/200	Train Loss: 2.1108	Val Accuracy: 8.94
Training Epoch: 59/200	Train Loss: 2.0583	Val Accuracy: 8.94
Training Epoch: 60/200	Train Loss: 2.0611	Val Accuracy: 8.74
Training Epoch: 61/200	Train Loss: 2.0606	Val Accuracy: 8.74
Training Epoch: 62/200	Train Loss: 2.0189	Val Accuracy: 8.68
Training Epoch: 63/200	Train Loss: 2.0074	Val Accuracy: 8.68
Training Epoch: 64/200	Train Loss: 2.001	Val Accuracy: 9.02
Training Epoch: 65/200	Train Loss: 1.9888	Val Accuracy: 9.02
Training Epoch: 66/200	Train Loss: 2.02	Val Accuracy: 8.76
Training Epoch: 67/200	Train Loss: 1.9778	Val Accuracy: 8.76
Training Epoch: 68/200	Train Loss: 1.9868	Val Accuracy: 9.0
Training Epoch: 69/200	Train Loss: 1.9703	Val Accuracy: 9.0
Training Epoch: 70/200	Train Loss: 1.9582	Val Accuracy: 8.94
Training Epoch: 71/200	Train Loss: 1.9543	Val Accuracy: 8.94
Training Epoch: 72/200	Train Loss: 2.0147	Val Accuracy: 8.8
Training Epoch: 73/200	Train Loss: 1.9458	Val Accuracy: 8.8
Training Epoch: 74/200	Train Loss: 1.949	Val Accuracy: 9.98
Training Epoch: 75/200	Train Loss: 1.9644	Val Accuracy: 9.98
Training Epoch: 76/200	Train Loss: 1.9598	Val Accuracy: 10.18
Training Epoch: 77/200	Train Loss: 1.9505	Val Accuracy: 10.18
Training Epoch: 78/200	Train Loss: 1.9243	Val Accuracy: 11.46
Training Epoch: 79/200	Train Loss: 1.9039	Val Accuracy: 11.46
Training Epoch: 80/200	Train Loss: 1.8986	Val Accuracy: 11.86
Training Epoch: 81/200	Train Loss: 1.9557	Val Accuracy: 11.86
Training Epoch: 82/200	Train Loss: 1.8731	Val Accuracy: 12.4
Training Epoch: 83/200	Train Loss: 1.8838	Val Accuracy: 12.4
Training Epoch: 84/200	Train Loss: 1.8592	Val Accuracy: 13.32
Training Epoch: 85/200	Train Loss: 1.8259	Val Accuracy: 13.32
Training Epoch: 86/200	Train Loss: 1.8333	Val Accuracy: 13.34
Training Epoch: 87/200	Train Loss: 1.8049	Val Accuracy: 13.34
Training Epoch: 88/200	Train Loss: 1.8422	Val Accuracy: 13.46
Training Epoch: 89/200	Train Loss: 1.7743	Val Accuracy: 13.46
Training Epoch: 90/200	Train Loss: 1.7975	Val Accuracy: 14.2
Training Epoch: 91/200	Train Loss: 1.7674	Val Accuracy: 14.2
Training Epoch: 92/200	Train Loss: 1.79	Val Accuracy: 14.78
Training Epoch: 93/200	Train Loss: 1.7119	Val Accuracy: 14.78
Training Epoch: 94/200	Train Loss: 1.6822	Val Accuracy: 14.46
Training Epoch: 95/200	Train Loss: 1.7011	Val Accuracy: 14.46
Training Epoch: 96/200	Train Loss: 1.7073	Val Accuracy: 14.7
Training Epoch: 97/200	Train Loss: 1.6172	Val Accuracy: 14.7
Training Epoch: 98/200	Train Loss: 1.6533	Val Accuracy: 14.98
Training Epoch: 99/200	Train Loss: 1.6242	Val Accuracy: 14.98
Training Epoch: 100/200	Train Loss: 1.6355	Val Accuracy: 15.38
Training Epoch: 101/200	Train Loss: 1.5686	Val Accuracy: 15.38
Training Epoch: 102/200	Train Loss: 1.5523	Val Accuracy: 15.62
Training Epoch: 103/200	Train Loss: 1.5543	Val Accuracy: 15.62
Training Epoch: 104/200	Train Loss: 1.5264	Val Accuracy: 15.8
Training Epoch: 105/200	Train Loss: 1.529	Val Accuracy: 15.8
Training Epoch: 106/200	Train Loss: 1.4623	Val Accuracy: 15.38
Training Epoch: 107/200	Train Loss: 1.4662	Val Accuracy: 15.38
Training Epoch: 108/200	Train Loss: 1.4508	Val Accuracy: 16.46
Training Epoch: 109/200	Train Loss: 1.4134	Val Accuracy: 16.46
Training Epoch: 110/200	Train Loss: 1.3861	Val Accuracy: 16.42
Training Epoch: 111/200	Train Loss: 1.357	Val Accuracy: 16.42
Training Epoch: 112/200	Train Loss: 1.3553	Val Accuracy: 16.2
Training Epoch: 113/200	Train Loss: 1.3305	Val Accuracy: 16.2
Training Epoch: 114/200	Train Loss: 1.3244	Val Accuracy: 17.58
Training Epoch: 115/200	Train Loss: 1.3051	Val Accuracy: 17.58
Training Epoch: 116/200	Train Loss: 1.2796	Val Accuracy: 17.6
Training Epoch: 117/200	Train Loss: 1.267	Val Accuracy: 17.6
Training Epoch: 118/200	Train Loss: 1.208	Val Accuracy: 17.82
Training Epoch: 119/200	Train Loss: 1.1784	Val Accuracy: 17.82
Training Epoch: 120/200	Train Loss: 1.2031	Val Accuracy: 17.8
Training Epoch: 121/200	Train Loss: 1.1758	Val Accuracy: 17.8
Training Epoch: 122/200	Train Loss: 1.1586	Val Accuracy: 17.78
Training Epoch: 123/200	Train Loss: 1.076	Val Accuracy: 17.78
Training Epoch: 124/200	Train Loss: 1.0396	Val Accuracy: 18.36
Training Epoch: 125/200	Train Loss: 0.9956	Val Accuracy: 18.36
Training Epoch: 126/200	Train Loss: 1.0365	Val Accuracy: 18.74
Training Epoch: 127/200	Train Loss: 0.9806	Val Accuracy: 18.74
Training Epoch: 128/200	Train Loss: 0.968	Val Accuracy: 18.68
Training Epoch: 129/200	Train Loss: 1.0121	Val Accuracy: 18.68
Training Epoch: 130/200	Train Loss: 0.8918	Val Accuracy: 17.76
Training Epoch: 131/200	Train Loss: 0.8315	Val Accuracy: 17.76
Training Epoch: 132/200	Train Loss: 0.8753	Val Accuracy: 17.64
Training Epoch: 133/200	Train Loss: 0.8257	Val Accuracy: 17.64
Training Epoch: 134/200	Train Loss: 0.8125	Val Accuracy: 17.74
Training Epoch: 135/200	Train Loss: 0.8603	Val Accuracy: 17.74
Training Epoch: 136/200	Train Loss: 0.792	Val Accuracy: 18.98
Training Epoch: 137/200	Train Loss: 0.7565	Val Accuracy: 18.98
Training Epoch: 138/200	Train Loss: 0.7401	Val Accuracy: 18.26
Training Epoch: 139/200	Train Loss: 0.7565	Val Accuracy: 18.26
Training Epoch: 140/200	Train Loss: 0.6968	Val Accuracy: 18.5
Training Epoch: 141/200	Train Loss: 0.7903	Val Accuracy: 18.5
Training Epoch: 142/200	Train Loss: 0.6627	Val Accuracy: 19.08
Training Epoch: 143/200	Train Loss: 0.6574	Val Accuracy: 19.08
Training Epoch: 144/200	Train Loss: 0.6153	Val Accuracy: 18.62
Training Epoch: 145/200	Train Loss: 0.6534	Val Accuracy: 18.62
Training Epoch: 146/200	Train Loss: 0.5961	Val Accuracy: 19.66
Training Epoch: 147/200	Train Loss: 0.6136	Val Accuracy: 19.66
Training Epoch: 148/200	Train Loss: 0.585	Val Accuracy: 19.48
Training Epoch: 149/200	Train Loss: 0.5588	Val Accuracy: 19.48
Training Epoch: 150/200	Train Loss: 0.588	Val Accuracy: 18.96
Training Epoch: 151/200	Train Loss: 0.5348	Val Accuracy: 18.96
Training Epoch: 152/200	Train Loss: 0.4957	Val Accuracy: 19.08
Training Epoch: 153/200	Train Loss: 0.4802	Val Accuracy: 19.08
Training Epoch: 154/200	Train Loss: 0.4519	Val Accuracy: 19.2
Training Epoch: 155/200	Train Loss: 0.4197	Val Accuracy: 19.2
Training Epoch: 156/200	Train Loss: 0.441	Val Accuracy: 18.78
Training Epoch: 157/200	Train Loss: 0.4533	Val Accuracy: 18.78
Training Epoch: 158/200	Train Loss: 0.4254	Val Accuracy: 19.12
Training Epoch: 159/200	Train Loss: 0.399	Val Accuracy: 19.12
Training Epoch: 160/200	Train Loss: 0.4136	Val Accuracy: 18.98
Training Epoch: 161/200	Train Loss: 0.4625	Val Accuracy: 18.98
Training Epoch: 162/200	Train Loss: 0.3557	Val Accuracy: 19.5
Training Epoch: 163/200	Train Loss: 0.3955	Val Accuracy: 19.5
Training Epoch: 164/200	Train Loss: 0.4062	Val Accuracy: 19.24
Training Epoch: 165/200	Train Loss: 0.3469	Val Accuracy: 19.24
Training Epoch: 166/200	Train Loss: 0.3805	Val Accuracy: 19.2
Training Epoch: 167/200	Train Loss: 0.3639	Val Accuracy: 19.2
Training Epoch: 168/200	Train Loss: 0.3623	Val Accuracy: 19.02
Training Epoch: 169/200	Train Loss: 0.3397	Val Accuracy: 19.02
Training Epoch: 170/200	Train Loss: 0.3312	Val Accuracy: 19.08
Training Epoch: 171/200	Train Loss: 0.3246	Val Accuracy: 19.08
Training Epoch: 172/200	Train Loss: 0.2813	Val Accuracy: 19.38
Training Epoch: 173/200	Train Loss: 0.3558	Val Accuracy: 19.38
Training Epoch: 174/200	Train Loss: 0.329	Val Accuracy: 19.18
Training Epoch: 175/200	Train Loss: 0.3106	Val Accuracy: 19.18
Training Epoch: 176/200	Train Loss: 0.2888	Val Accuracy: 19.58
Training Epoch: 177/200	Train Loss: 0.3169	Val Accuracy: 19.58
Training Epoch: 178/200	Train Loss: 0.3086	Val Accuracy: 19.3
Training Epoch: 179/200	Train Loss: 0.284	Val Accuracy: 19.3
Training Epoch: 180/200	Train Loss: 0.3176	Val Accuracy: 19.02
Training Epoch: 181/200	Train Loss: 0.3079	Val Accuracy: 19.02
Training Epoch: 182/200	Train Loss: 0.3165	Val Accuracy: 19.46
Training Epoch: 183/200	Train Loss: 0.2965	Val Accuracy: 19.46
Training Epoch: 184/200	Train Loss: 0.323	Val Accuracy: 19.14
Training Epoch: 185/200	Train Loss: 0.2904	Val Accuracy: 19.14
Training Epoch: 186/200	Train Loss: 0.2965	Val Accuracy: 19.52
Training Epoch: 187/200	Train Loss: 0.2924	Val Accuracy: 19.52
Training Epoch: 188/200	Train Loss: 0.2777	Val Accuracy: 19.42
Training Epoch: 189/200	Train Loss: 0.3125	Val Accuracy: 19.42
Training Epoch: 190/200	Train Loss: 0.2735	Val Accuracy: 19.84
Training Epoch: 191/200	Train Loss: 0.3286	Val Accuracy: 19.84
Training Epoch: 192/200	Train Loss: 0.283	Val Accuracy: 19.48
Training Epoch: 193/200	Train Loss: 0.2911	Val Accuracy: 19.48
Training Epoch: 194/200	Train Loss: 0.2713	Val Accuracy: 19.32
Training Epoch: 195/200	Train Loss: 0.3123	Val Accuracy: 19.32
Training Epoch: 196/200	Train Loss: 0.3033	Val Accuracy: 19.08
Training Epoch: 197/200	Train Loss: 0.2817	Val Accuracy: 19.08
Training Epoch: 198/200	Train Loss: 0.3105	Val Accuracy: 19.0
Training Epoch: 199/200	Train Loss: 0.2574	Val Accuracy: 19.0
Training Epoch: 200/200	Train Loss: 0.3082	Val Accuracy: 18.98

Wrote Best Model Checkpoint to: vlBest_acc_19_model_epoch_0190.pyth

Best Validation Accuracy: 19.84
Best Epoch: 190

======== TESTING ========

Test Accuracy: 18.91.

======== ACTIVE SAMPLING ========

Extracting Lset Representations
len(dataLoader): 1
Extracting Uset Representations
len(dataLoader): 450
lb_repr.shape:  (50, 2048)
ul_repr.shape:  (44950, 2048)
Solving K Center Greedy Approach
[GPU] Labeled.shape: torch.Size([50, 2048])
[GPU] Unlabeled.shape: torch.Size([44950, 2048])
time taken: 0.010175466537475586 seconds
Time taken to solve K center: 0.16838932037353516 seconds
Active Sampling Complete. After Episode 0:
New Labeled Set: 100, New Unlabeled Set: 44900, Active Set: 50

================================


Current accuracy values:  [18.909999999999997]
Starting model from scratch - ignoring existing weights.
<All keys matched successfully>
None
======== EPISODE 1 BEGINS ========

======== TRAINING ========
Training Epoch: 1/200	Train Loss: 2.6548	Val Accuracy: 0.0
Training Epoch: 2/200	Train Loss: 5.6478	Val Accuracy: 9.88
Training Epoch: 3/200	Train Loss: 13.8771	Val Accuracy: 9.88
Training Epoch: 4/200	Train Loss: 18.0915	Val Accuracy: 9.92
Training Epoch: 5/200	Train Loss: 18.9489	Val Accuracy: 9.92
Training Epoch: 6/200	Train Loss: 17.5147	Val Accuracy: 10.68
Training Epoch: 7/200	Train Loss: 6.8412	Val Accuracy: 10.68
Training Epoch: 8/200	Train Loss: 12.8395	Val Accuracy: 10.16
Training Epoch: 9/200	Train Loss: 8.0797	Val Accuracy: 10.16
Training Epoch: 10/200	Train Loss: 4.8205	Val Accuracy: 10.04
Training Epoch: 11/200	Train Loss: 4.1445	Val Accuracy: 10.04
Training Epoch: 12/200	Train Loss: 3.9439	Val Accuracy: 10.04
Training Epoch: 13/200	Train Loss: 3.3738	Val Accuracy: 10.04
Training Epoch: 14/200	Train Loss: 3.352	Val Accuracy: 10.16
Training Epoch: 15/200	Train Loss: 3.9162	Val Accuracy: 10.16
Training Epoch: 16/200	Train Loss: 3.3274	Val Accuracy: 10.04
Training Epoch: 17/200	Train Loss: 2.616	Val Accuracy: 10.04
Training Epoch: 18/200	Train Loss: 2.7222	Val Accuracy: 10.16
Training Epoch: 19/200	Train Loss: 3.9123	Val Accuracy: 10.16
Training Epoch: 20/200	Train Loss: 3.5596	Val Accuracy: 10.16
Training Epoch: 21/200	Train Loss: 4.1582	Val Accuracy: 10.16
Training Epoch: 22/200	Train Loss: 2.2292	Val Accuracy: 10.16
Training Epoch: 23/200	Train Loss: 2.4216	Val Accuracy: 10.16
Training Epoch: 24/200	Train Loss: 2.5615	Val Accuracy: 10.12
Training Epoch: 25/200	Train Loss: 2.2174	Val Accuracy: 10.12
Training Epoch: 26/200	Train Loss: 2.2708	Val Accuracy: 10.16
Training Epoch: 27/200	Train Loss: 2.2853	Val Accuracy: 10.16
Training Epoch: 28/200	Train Loss: 2.1862	Val Accuracy: 10.08
Training Epoch: 29/200	Train Loss: 2.2089	Val Accuracy: 10.08
Training Epoch: 30/200	Train Loss: 2.1884	Val Accuracy: 10.1
Training Epoch: 31/200	Train Loss: 2.1808	Val Accuracy: 10.1
Training Epoch: 32/200	Train Loss: 2.1759	Val Accuracy: 10.08
Training Epoch: 33/200	Train Loss: 2.1438	Val Accuracy: 10.08
Training Epoch: 34/200	Train Loss: 2.1677	Val Accuracy: 9.94
Training Epoch: 35/200	Train Loss: 2.1647	Val Accuracy: 9.94
Training Epoch: 36/200	Train Loss: 2.1461	Val Accuracy: 10.1
Training Epoch: 37/200	Train Loss: 2.1005	Val Accuracy: 10.1
Training Epoch: 38/200	Train Loss: 2.1543	Val Accuracy: 10.08
Training Epoch: 39/200	Train Loss: 2.1636	Val Accuracy: 10.08
Training Epoch: 40/200	Train Loss: 2.1508	Val Accuracy: 10.6
Training Epoch: 41/200	Train Loss: 2.2863	Val Accuracy: 10.6
Training Epoch: 42/200	Train Loss: 2.2576	Val Accuracy: 11.74
Training Epoch: 43/200	Train Loss: 2.09	Val Accuracy: 11.74
Training Epoch: 44/200	Train Loss: 2.0913	Val Accuracy: 12.2
Training Epoch: 45/200	Train Loss: 2.1212	Val Accuracy: 12.2
Training Epoch: 46/200	Train Loss: 2.1105	Val Accuracy: 13.44
Training Epoch: 47/200	Train Loss: 2.1494	Val Accuracy: 13.44
Training Epoch: 48/200	Train Loss: 2.1507	Val Accuracy: 13.68
Training Epoch: 49/200	Train Loss: 2.0718	Val Accuracy: 13.68
Training Epoch: 50/200	Train Loss: 2.0036	Val Accuracy: 14.24
Training Epoch: 51/200	Train Loss: 2.0965	Val Accuracy: 14.24
Training Epoch: 52/200	Train Loss: 2.0406	Val Accuracy: 14.74
Training Epoch: 53/200	Train Loss: 2.0315	Val Accuracy: 14.74
Training Epoch: 54/200	Train Loss: 1.9608	Val Accuracy: 14.82
Training Epoch: 55/200	Train Loss: 2.0509	Val Accuracy: 14.82
Training Epoch: 56/200	Train Loss: 2.0264	Val Accuracy: 14.38
Training Epoch: 57/200	Train Loss: 1.9916	Val Accuracy: 14.38
Training Epoch: 58/200	Train Loss: 1.976	Val Accuracy: 14.92
Training Epoch: 59/200	Train Loss: 1.9718	Val Accuracy: 14.92
Training Epoch: 60/200	Train Loss: 2.0019	Val Accuracy: 15.5
Training Epoch: 61/200	Train Loss: 1.9174	Val Accuracy: 15.5
Training Epoch: 62/200	Train Loss: 1.9662	Val Accuracy: 15.82
Training Epoch: 63/200	Train Loss: 1.9428	Val Accuracy: 15.82
Training Epoch: 64/200	Train Loss: 1.9124	Val Accuracy: 15.54
Training Epoch: 65/200	Train Loss: 1.8993	Val Accuracy: 15.54
Training Epoch: 66/200	Train Loss: 1.8878	Val Accuracy: 15.54
Training Epoch: 67/200	Train Loss: 1.8269	Val Accuracy: 15.54
Training Epoch: 68/200	Train Loss: 1.8623	Val Accuracy: 15.46
Training Epoch: 69/200	Train Loss: 1.7446	Val Accuracy: 15.46
Training Epoch: 70/200	Train Loss: 1.9049	Val Accuracy: 16.14
Training Epoch: 71/200	Train Loss: 1.8239	Val Accuracy: 16.14
Training Epoch: 72/200	Train Loss: 1.7972	Val Accuracy: 15.24
Training Epoch: 73/200	Train Loss: 1.8609	Val Accuracy: 15.24
Training Epoch: 74/200	Train Loss: 1.7983	Val Accuracy: 16.22
Training Epoch: 75/200	Train Loss: 1.7637	Val Accuracy: 16.22
Training Epoch: 76/200	Train Loss: 1.8702	Val Accuracy: 17.04
Training Epoch: 77/200	Train Loss: 1.7961	Val Accuracy: 17.04
Training Epoch: 78/200	Train Loss: 1.7115	Val Accuracy: 16.72
Training Epoch: 79/200	Train Loss: 1.6899	Val Accuracy: 16.72
Training Epoch: 80/200	Train Loss: 1.6626	Val Accuracy: 16.18
Training Epoch: 81/200	Train Loss: 1.7312	Val Accuracy: 16.18
Training Epoch: 82/200	Train Loss: 1.669	Val Accuracy: 16.64
Training Epoch: 83/200	Train Loss: 1.6828	Val Accuracy: 16.64
Training Epoch: 84/200	Train Loss: 1.6694	Val Accuracy: 16.7
Training Epoch: 85/200	Train Loss: 1.6781	Val Accuracy: 16.7
Training Epoch: 86/200	Train Loss: 1.6531	Val Accuracy: 16.98
Training Epoch: 87/200	Train Loss: 1.7093	Val Accuracy: 16.98
Training Epoch: 88/200	Train Loss: 1.5725	Val Accuracy: 16.64
Training Epoch: 89/200	Train Loss: 1.4984	Val Accuracy: 16.64
Training Epoch: 90/200	Train Loss: 1.5705	Val Accuracy: 17.18
Training Epoch: 91/200	Train Loss: 1.5993	Val Accuracy: 17.18
Training Epoch: 92/200	Train Loss: 1.5948	Val Accuracy: 17.48
Training Epoch: 93/200	Train Loss: 1.5103	Val Accuracy: 17.48
Training Epoch: 94/200	Train Loss: 1.5346	Val Accuracy: 17.4
Training Epoch: 95/200	Train Loss: 1.493	Val Accuracy: 17.4
Training Epoch: 96/200	Train Loss: 1.4486	Val Accuracy: 17.58
Training Epoch: 97/200	Train Loss: 1.385	Val Accuracy: 17.58
Training Epoch: 98/200	Train Loss: 1.4298	Val Accuracy: 17.34
Training Epoch: 99/200	Train Loss: 1.4701	Val Accuracy: 17.34
Training Epoch: 100/200	Train Loss: 1.3035	Val Accuracy: 17.62
Training Epoch: 101/200	Train Loss: 1.3838	Val Accuracy: 17.62
Training Epoch: 102/200	Train Loss: 1.3758	Val Accuracy: 17.78
Training Epoch: 103/200	Train Loss: 1.3233	Val Accuracy: 17.78
Training Epoch: 104/200	Train Loss: 1.289	Val Accuracy: 17.58
Training Epoch: 105/200	Train Loss: 1.276	Val Accuracy: 17.58
Training Epoch: 106/200	Train Loss: 1.2872	Val Accuracy: 17.52
Training Epoch: 107/200	Train Loss: 1.319	Val Accuracy: 17.52
Training Epoch: 108/200	Train Loss: 1.3471	Val Accuracy: 17.88
Training Epoch: 109/200	Train Loss: 1.2485	Val Accuracy: 17.88
Training Epoch: 110/200	Train Loss: 1.1521	Val Accuracy: 18.06
Training Epoch: 111/200	Train Loss: 1.1562	Val Accuracy: 18.06
Training Epoch: 112/200	Train Loss: 1.2805	Val Accuracy: 18.48
Training Epoch: 113/200	Train Loss: 1.2666	Val Accuracy: 18.48
Training Epoch: 114/200	Train Loss: 1.0718	Val Accuracy: 18.56
Training Epoch: 115/200	Train Loss: 1.0549	Val Accuracy: 18.56
Training Epoch: 116/200	Train Loss: 1.0817	Val Accuracy: 19.22
Training Epoch: 117/200	Train Loss: 0.9998	Val Accuracy: 19.22
Training Epoch: 118/200	Train Loss: 0.9944	Val Accuracy: 19.56
Training Epoch: 119/200	Train Loss: 1.063	Val Accuracy: 19.56
Training Epoch: 120/200	Train Loss: 1.0287	Val Accuracy: 19.18
Training Epoch: 121/200	Train Loss: 0.9456	Val Accuracy: 19.18
Training Epoch: 122/200	Train Loss: 1.0098	Val Accuracy: 19.48
Training Epoch: 123/200	Train Loss: 0.8942	Val Accuracy: 19.48
Training Epoch: 124/200	Train Loss: 0.8932	Val Accuracy: 19.12
Training Epoch: 125/200	Train Loss: 0.8303	Val Accuracy: 19.12
Training Epoch: 126/200	Train Loss: 1.012	Val Accuracy: 19.22
Training Epoch: 127/200	Train Loss: 0.9338	Val Accuracy: 19.22
Training Epoch: 128/200	Train Loss: 0.8488	Val Accuracy: 19.1
Training Epoch: 129/200	Train Loss: 0.8019	Val Accuracy: 19.1
Training Epoch: 130/200	Train Loss: 0.7899	Val Accuracy: 18.68
Training Epoch: 131/200	Train Loss: 0.7377	Val Accuracy: 18.68
Training Epoch: 132/200	Train Loss: 0.7919	Val Accuracy: 19.22
Training Epoch: 133/200	Train Loss: 0.7842	Val Accuracy: 19.22
Training Epoch: 134/200	Train Loss: 0.7402	Val Accuracy: 18.98
Training Epoch: 135/200	Train Loss: 0.7831	Val Accuracy: 18.98
Training Epoch: 136/200	Train Loss: 0.6983	Val Accuracy: 19.42
Training Epoch: 137/200	Train Loss: 0.7089	Val Accuracy: 19.42
Training Epoch: 138/200	Train Loss: 0.5722	Val Accuracy: 19.06
Training Epoch: 139/200	Train Loss: 0.5932	Val Accuracy: 19.06
Training Epoch: 140/200	Train Loss: 0.6679	Val Accuracy: 18.8
Training Epoch: 141/200	Train Loss: 0.623	Val Accuracy: 18.8
Training Epoch: 142/200	Train Loss: 0.5482	Val Accuracy: 19.08
Training Epoch: 143/200	Train Loss: 0.5756	Val Accuracy: 19.08
Training Epoch: 144/200	Train Loss: 0.5349	Val Accuracy: 19.2
Training Epoch: 145/200	Train Loss: 0.4943	Val Accuracy: 19.2
Training Epoch: 146/200	Train Loss: 0.5075	Val Accuracy: 19.6
Training Epoch: 147/200	Train Loss: 0.5707	Val Accuracy: 19.6
Training Epoch: 148/200	Train Loss: 0.5609	Val Accuracy: 19.34
Training Epoch: 149/200	Train Loss: 0.4481	Val Accuracy: 19.34
Training Epoch: 150/200	Train Loss: 0.4933	Val Accuracy: 19.7
Training Epoch: 151/200	Train Loss: 0.6594	Val Accuracy: 19.7
Training Epoch: 152/200	Train Loss: 0.4835	Val Accuracy: 19.34
Training Epoch: 153/200	Train Loss: 0.4119	Val Accuracy: 19.34
Training Epoch: 154/200	Train Loss: 0.5291	Val Accuracy: 19.26
Training Epoch: 155/200	Train Loss: 0.4324	Val Accuracy: 19.26
Training Epoch: 156/200	Train Loss: 0.3907	Val Accuracy: 18.9
Training Epoch: 157/200	Train Loss: 0.4276	Val Accuracy: 18.9
Training Epoch: 158/200	Train Loss: 0.424	Val Accuracy: 19.42
Training Epoch: 159/200	Train Loss: 0.4304	Val Accuracy: 19.42
Training Epoch: 160/200	Train Loss: 0.4801	Val Accuracy: 19.1
Training Epoch: 161/200	Train Loss: 0.334	Val Accuracy: 19.1
Training Epoch: 162/200	Train Loss: 0.4034	Val Accuracy: 19.5
Training Epoch: 163/200	Train Loss: 0.3521	Val Accuracy: 19.5
Training Epoch: 164/200	Train Loss: 0.3686	Val Accuracy: 18.86
Training Epoch: 165/200	Train Loss: 0.3721	Val Accuracy: 18.86
Training Epoch: 166/200	Train Loss: 0.3314	Val Accuracy: 19.44
Training Epoch: 167/200	Train Loss: 0.2809	Val Accuracy: 19.44
Training Epoch: 168/200	Train Loss: 0.3894	Val Accuracy: 19.5
Training Epoch: 169/200	Train Loss: 0.2978	Val Accuracy: 19.5
Training Epoch: 170/200	Train Loss: 0.3006	Val Accuracy: 19.56
Training Epoch: 171/200	Train Loss: 0.3267	Val Accuracy: 19.56
Training Epoch: 172/200	Train Loss: 0.302	Val Accuracy: 19.82
Training Epoch: 173/200	Train Loss: 0.2784	Val Accuracy: 19.82
Training Epoch: 174/200	Train Loss: 0.3185	Val Accuracy: 19.54
Training Epoch: 175/200	Train Loss: 0.3642	Val Accuracy: 19.54
Training Epoch: 176/200	Train Loss: 0.287	Val Accuracy: 19.56
Training Epoch: 177/200	Train Loss: 0.3683	Val Accuracy: 19.56
Training Epoch: 178/200	Train Loss: 0.2571	Val Accuracy: 19.36
Training Epoch: 179/200	Train Loss: 0.2815	Val Accuracy: 19.36
Training Epoch: 180/200	Train Loss: 0.3689	Val Accuracy: 19.8
Training Epoch: 181/200	Train Loss: 0.3361	Val Accuracy: 19.8
Training Epoch: 182/200	Train Loss: 0.2518	Val Accuracy: 19.28
Training Epoch: 183/200	Train Loss: 0.3179	Val Accuracy: 19.28
Training Epoch: 184/200	Train Loss: 0.3249	Val Accuracy: 19.58
Training Epoch: 185/200	Train Loss: 0.3197	Val Accuracy: 19.58
Training Epoch: 186/200	Train Loss: 0.2158	Val Accuracy: 20.26
Training Epoch: 187/200	Train Loss: 0.2344	Val Accuracy: 20.26
Training Epoch: 188/200	Train Loss: 0.2524	Val Accuracy: 19.42
Training Epoch: 189/200	Train Loss: 0.2671	Val Accuracy: 19.42
Training Epoch: 190/200	Train Loss: 0.2726	Val Accuracy: 19.14
Training Epoch: 191/200	Train Loss: 0.3201	Val Accuracy: 19.14
Training Epoch: 192/200	Train Loss: 0.2356	Val Accuracy: 19.48
Training Epoch: 193/200	Train Loss: 0.2516	Val Accuracy: 19.48
Training Epoch: 194/200	Train Loss: 0.3113	Val Accuracy: 19.12
Training Epoch: 195/200	Train Loss: 0.2733	Val Accuracy: 19.12
Training Epoch: 196/200	Train Loss: 0.3036	Val Accuracy: 19.52
Training Epoch: 197/200	Train Loss: 0.2363	Val Accuracy: 19.52
Training Epoch: 198/200	Train Loss: 0.2445	Val Accuracy: 19.02
Training Epoch: 199/200	Train Loss: 0.2536	Val Accuracy: 19.02
Training Epoch: 200/200	Train Loss: 0.2431	Val Accuracy: 19.46

Wrote Best Model Checkpoint to: vlBest_acc_20_model_epoch_0186.pyth

Best Validation Accuracy: 20.26
Best Epoch: 186

======== TESTING ========

Test Accuracy: 18.95.

======== ACTIVE SAMPLING ========

Extracting Lset Representations
len(dataLoader): 1
Extracting Uset Representations
len(dataLoader): 449
lb_repr.shape:  (100, 2048)
ul_repr.shape:  (44900, 2048)
Solving K Center Greedy Approach
[GPU] Labeled.shape: torch.Size([100, 2048])
[GPU] Unlabeled.shape: torch.Size([44900, 2048])
time taken: 0.0008342266082763672 seconds
Time taken to solve K center: 0.16022491455078125 seconds
Active Sampling Complete. After Episode 1:
New Labeled Set: 150, New Unlabeled Set: 44850, Active Set: 50

================================


Current accuracy values:  [18.909999999999997, 18.950000000000003]
Starting model from scratch - ignoring existing weights.
<All keys matched successfully>
None
======== EPISODE 2 BEGINS ========

======== TRAINING ========
Training Epoch: 1/200	Train Loss: 2.5559	Val Accuracy: 0.0
Training Epoch: 2/200	Train Loss: 5.2191	Val Accuracy: 10.16
Training Epoch: 3/200	Train Loss: 10.2596	Val Accuracy: 10.16
Training Epoch: 4/200	Train Loss: 21.6112	Val Accuracy: 9.56
Training Epoch: 5/200	Train Loss: 17.1563	Val Accuracy: 9.56
Training Epoch: 6/200	Train Loss: 16.9712	Val Accuracy: 10.22
Training Epoch: 7/200	Train Loss: 14.1401	Val Accuracy: 10.22
Training Epoch: 8/200	Train Loss: 11.0316	Val Accuracy: 9.88
Training Epoch: 9/200	Train Loss: 6.9301	Val Accuracy: 9.88
Training Epoch: 10/200	Train Loss: 11.4917	Val Accuracy: 10.68
Training Epoch: 11/200	Train Loss: 5.1355	Val Accuracy: 10.68
Training Epoch: 12/200	Train Loss: 5.2826	Val Accuracy: 9.92
Training Epoch: 13/200	Train Loss: 5.2204	Val Accuracy: 9.92
Training Epoch: 14/200	Train Loss: 10.4314	Val Accuracy: 9.88
Training Epoch: 15/200	Train Loss: 7.8424	Val Accuracy: 9.88
Training Epoch: 16/200	Train Loss: 4.3606	Val Accuracy: 9.92
Training Epoch: 17/200	Train Loss: 6.6491	Val Accuracy: 9.92
Training Epoch: 18/200	Train Loss: 4.8462	Val Accuracy: 10.16
Training Epoch: 19/200	Train Loss: 5.3266	Val Accuracy: 10.16
Training Epoch: 20/200	Train Loss: 4.3453	Val Accuracy: 9.76
Training Epoch: 21/200	Train Loss: 8.3914	Val Accuracy: 9.76
Training Epoch: 22/200	Train Loss: 2.7621	Val Accuracy: 8.68
Training Epoch: 23/200	Train Loss: 3.245	Val Accuracy: 8.68
Training Epoch: 24/200	Train Loss: 4.6688	Val Accuracy: 10.1
Training Epoch: 25/200	Train Loss: 4.417	Val Accuracy: 10.1
Training Epoch: 26/200	Train Loss: 4.5373	Val Accuracy: 10.68
Training Epoch: 27/200	Train Loss: 3.8735	Val Accuracy: 10.68
Training Epoch: 28/200	Train Loss: 3.4781	Val Accuracy: 10.08
Training Epoch: 29/200	Train Loss: 5.7486	Val Accuracy: 10.08
Training Epoch: 30/200	Train Loss: 3.3543	Val Accuracy: 10.68
Training Epoch: 31/200	Train Loss: 3.3051	Val Accuracy: 10.68
Training Epoch: 32/200	Train Loss: 3.9198	Val Accuracy: 8.7
Training Epoch: 33/200	Train Loss: 3.5396	Val Accuracy: 8.7
Training Epoch: 34/200	Train Loss: 4.6336	Val Accuracy: 9.9
Training Epoch: 35/200	Train Loss: 3.3534	Val Accuracy: 9.9
Training Epoch: 36/200	Train Loss: 4.1797	Val Accuracy: 10.38
Training Epoch: 37/200	Train Loss: 2.3672	Val Accuracy: 10.38
Training Epoch: 38/200	Train Loss: 2.7358	Val Accuracy: 10.84
Training Epoch: 39/200	Train Loss: 3.5898	Val Accuracy: 10.84
Training Epoch: 40/200	Train Loss: 2.5203	Val Accuracy: 11.16
Training Epoch: 41/200	Train Loss: 2.2407	Val Accuracy: 11.16
Training Epoch: 42/200	Train Loss: 4.241	Val Accuracy: 10.58
Training Epoch: 43/200	Train Loss: 3.7442	Val Accuracy: 10.58
Training Epoch: 44/200	Train Loss: 2.9205	Val Accuracy: 10.1
Training Epoch: 45/200	Train Loss: 3.0164	Val Accuracy: 10.1
Training Epoch: 46/200	Train Loss: 5.3683	Val Accuracy: 10.58
Training Epoch: 47/200	Train Loss: 4.2822	Val Accuracy: 10.58
Training Epoch: 48/200	Train Loss: 3.6635	Val Accuracy: 11.44
Training Epoch: 49/200	Train Loss: 3.8682	Val Accuracy: 11.44
Training Epoch: 50/200	Train Loss: 3.02	Val Accuracy: 11.34
Training Epoch: 51/200	Train Loss: 2.9359	Val Accuracy: 11.34
Training Epoch: 52/200	Train Loss: 6.0332	Val Accuracy: 10.58
Training Epoch: 53/200	Train Loss: 3.1021	Val Accuracy: 10.58
Training Epoch: 54/200	Train Loss: 3.6164	Val Accuracy: 10.12
Training Epoch: 55/200	Train Loss: 4.1127	Val Accuracy: 10.12
Training Epoch: 56/200	Train Loss: 3.517	Val Accuracy: 11.16
Training Epoch: 57/200	Train Loss: 2.1294	Val Accuracy: 11.16
Training Epoch: 58/200	Train Loss: 4.0069	Val Accuracy: 11.28
Training Epoch: 59/200	Train Loss: 3.3776	Val Accuracy: 11.28
Training Epoch: 60/200	Train Loss: 3.9297	Val Accuracy: 11.44
Training Epoch: 61/200	Train Loss: 3.5721	Val Accuracy: 11.44
Training Epoch: 62/200	Train Loss: 3.5467	Val Accuracy: 11.74
Training Epoch: 63/200	Train Loss: 4.2211	Val Accuracy: 11.74
Training Epoch: 64/200	Train Loss: 2.6083	Val Accuracy: 11.98
Training Epoch: 65/200	Train Loss: 3.203	Val Accuracy: 11.98
Training Epoch: 66/200	Train Loss: 4.5551	Val Accuracy: 11.78
Training Epoch: 67/200	Train Loss: 2.0869	Val Accuracy: 11.78
Training Epoch: 68/200	Train Loss: 3.7646	Val Accuracy: 12.76
Training Epoch: 69/200	Train Loss: 3.58	Val Accuracy: 12.76
Training Epoch: 70/200	Train Loss: 2.6497	Val Accuracy: 13.36
Training Epoch: 71/200	Train Loss: 3.5706	Val Accuracy: 13.36
Training Epoch: 72/200	Train Loss: 4.9788	Val Accuracy: 11.52
Training Epoch: 73/200	Train Loss: 3.7546	Val Accuracy: 11.52
Training Epoch: 74/200	Train Loss: 2.4426	Val Accuracy: 11.36
Training Epoch: 75/200	Train Loss: 2.6739	Val Accuracy: 11.36
Training Epoch: 76/200	Train Loss: 4.1296	Val Accuracy: 12.1
Training Epoch: 77/200	Train Loss: 5.948	Val Accuracy: 12.1
Training Epoch: 78/200	Train Loss: 3.0516	Val Accuracy: 11.9
Training Epoch: 79/200	Train Loss: 3.5602	Val Accuracy: 11.9
Training Epoch: 80/200	Train Loss: 3.2274	Val Accuracy: 13.74
Training Epoch: 81/200	Train Loss: 2.9358	Val Accuracy: 13.74
Training Epoch: 82/200	Train Loss: 3.0264	Val Accuracy: 13.92
Training Epoch: 83/200	Train Loss: 3.6043	Val Accuracy: 13.92
Training Epoch: 84/200	Train Loss: 3.1815	Val Accuracy: 12.4
Training Epoch: 85/200	Train Loss: 3.8305	Val Accuracy: 12.4
Training Epoch: 86/200	Train Loss: 3.1226	Val Accuracy: 13.46
Training Epoch: 87/200	Train Loss: 2.6712	Val Accuracy: 13.46
Training Epoch: 88/200	Train Loss: 2.9703	Val Accuracy: 13.8
Training Epoch: 89/200	Train Loss: 3.8669	Val Accuracy: 13.8
Training Epoch: 90/200	Train Loss: 3.8821	Val Accuracy: 14.26
Training Epoch: 91/200	Train Loss: 2.0394	Val Accuracy: 14.26
Training Epoch: 92/200	Train Loss: 2.8871	Val Accuracy: 14.46
Training Epoch: 93/200	Train Loss: 2.545	Val Accuracy: 14.46
Training Epoch: 94/200	Train Loss: 2.4695	Val Accuracy: 13.94
Training Epoch: 95/200	Train Loss: 2.1706	Val Accuracy: 13.94
Training Epoch: 96/200	Train Loss: 3.3784	Val Accuracy: 13.86
Training Epoch: 97/200	Train Loss: 2.515	Val Accuracy: 13.86
Training Epoch: 98/200	Train Loss: 3.3147	Val Accuracy: 13.5
Training Epoch: 99/200	Train Loss: 2.2214	Val Accuracy: 13.5
Training Epoch: 100/200	Train Loss: 2.5431	Val Accuracy: 13.86
Training Epoch: 101/200	Train Loss: 2.4306	Val Accuracy: 13.86
Training Epoch: 102/200	Train Loss: 3.0886	Val Accuracy: 16.4
Training Epoch: 103/200	Train Loss: 3.288	Val Accuracy: 16.4
Training Epoch: 104/200	Train Loss: 4.2785	Val Accuracy: 15.64
Training Epoch: 105/200	Train Loss: 2.5523	Val Accuracy: 15.64
Training Epoch: 106/200	Train Loss: 2.739	Val Accuracy: 15.44
Training Epoch: 107/200	Train Loss: 3.4102	Val Accuracy: 15.44
Training Epoch: 108/200	Train Loss: 3.9594	Val Accuracy: 18.62
Training Epoch: 109/200	Train Loss: 2.1136	Val Accuracy: 18.62
Training Epoch: 110/200	Train Loss: 2.4831	Val Accuracy: 18.02
Training Epoch: 111/200	Train Loss: 2.6881	Val Accuracy: 18.02
Training Epoch: 112/200	Train Loss: 2.2544	Val Accuracy: 18.22
Training Epoch: 113/200	Train Loss: 2.6449	Val Accuracy: 18.22
Training Epoch: 114/200	Train Loss: 4.1821	Val Accuracy: 17.78
Training Epoch: 115/200	Train Loss: 3.0932	Val Accuracy: 17.78
Training Epoch: 116/200	Train Loss: 4.8111	Val Accuracy: 17.6
Training Epoch: 117/200	Train Loss: 2.6655	Val Accuracy: 17.6
Training Epoch: 118/200	Train Loss: 2.2631	Val Accuracy: 18.6
Training Epoch: 119/200	Train Loss: 3.1792	Val Accuracy: 18.6
Training Epoch: 120/200	Train Loss: 3.1495	Val Accuracy: 19.58
Training Epoch: 121/200	Train Loss: 2.6925	Val Accuracy: 19.58
Training Epoch: 122/200	Train Loss: 3.41	Val Accuracy: 19.34
Training Epoch: 123/200	Train Loss: 2.2212	Val Accuracy: 19.34
Training Epoch: 124/200	Train Loss: 2.6967	Val Accuracy: 18.74
Training Epoch: 125/200	Train Loss: 2.485	Val Accuracy: 18.74
Training Epoch: 126/200	Train Loss: 3.8397	Val Accuracy: 19.22
Training Epoch: 127/200	Train Loss: 3.2588	Val Accuracy: 19.22
Training Epoch: 128/200	Train Loss: 2.0412	Val Accuracy: 19.3
Training Epoch: 129/200	Train Loss: 2.1595	Val Accuracy: 19.3
Training Epoch: 130/200	Train Loss: 3.4097	Val Accuracy: 19.1
Training Epoch: 131/200	Train Loss: 2.3151	Val Accuracy: 19.1
Training Epoch: 132/200	Train Loss: 2.7988	Val Accuracy: 18.94
Training Epoch: 133/200	Train Loss: 2.4161	Val Accuracy: 18.94
Training Epoch: 134/200	Train Loss: 2.8023	Val Accuracy: 18.88
Training Epoch: 135/200	Train Loss: 2.9866	Val Accuracy: 18.88
Training Epoch: 136/200	Train Loss: 2.2375	Val Accuracy: 19.48
Training Epoch: 137/200	Train Loss: 2.64	Val Accuracy: 19.48
Training Epoch: 138/200	Train Loss: 2.2508	Val Accuracy: 19.28
Training Epoch: 139/200	Train Loss: 2.9009	Val Accuracy: 19.28
Training Epoch: 140/200	Train Loss: 2.7251	Val Accuracy: 19.5
Training Epoch: 141/200	Train Loss: 2.3135	Val Accuracy: 19.5
Training Epoch: 142/200	Train Loss: 3.2057	Val Accuracy: 19.16
Training Epoch: 143/200	Train Loss: 1.8075	Val Accuracy: 19.16
Training Epoch: 144/200	Train Loss: 3.2932	Val Accuracy: 18.86
Training Epoch: 145/200	Train Loss: 3.508	Val Accuracy: 18.86
Training Epoch: 146/200	Train Loss: 2.0684	Val Accuracy: 18.92
Training Epoch: 147/200	Train Loss: 1.4903	Val Accuracy: 18.92
Training Epoch: 148/200	Train Loss: 2.3539	Val Accuracy: 19.34
Training Epoch: 149/200	Train Loss: 1.6987	Val Accuracy: 19.34
Training Epoch: 150/200	Train Loss: 1.6152	Val Accuracy: 19.34
Training Epoch: 151/200	Train Loss: 2.7252	Val Accuracy: 19.34
Training Epoch: 152/200	Train Loss: 2.994	Val Accuracy: 19.96
Training Epoch: 153/200	Train Loss: 2.2694	Val Accuracy: 19.96
Training Epoch: 154/200	Train Loss: 2.2144	Val Accuracy: 20.22
Training Epoch: 155/200	Train Loss: 2.5379	Val Accuracy: 20.22
Training Epoch: 156/200	Train Loss: 1.9001	Val Accuracy: 19.98
Training Epoch: 157/200	Train Loss: 1.669	Val Accuracy: 19.98
Training Epoch: 158/200	Train Loss: 1.5762	Val Accuracy: 21.1
Training Epoch: 159/200	Train Loss: 1.713	Val Accuracy: 21.1
Training Epoch: 160/200	Train Loss: 2.7193	Val Accuracy: 21.08
Training Epoch: 161/200	Train Loss: 2.6845	Val Accuracy: 21.08
Training Epoch: 162/200	Train Loss: 2.6028	Val Accuracy: 20.78
Training Epoch: 163/200	Train Loss: 2.0119	Val Accuracy: 20.78
Training Epoch: 164/200	Train Loss: 2.6847	Val Accuracy: 21.16
Training Epoch: 165/200	Train Loss: 2.7118	Val Accuracy: 21.16
Training Epoch: 166/200	Train Loss: 2.8519	Val Accuracy: 21.08
Training Epoch: 167/200	Train Loss: 2.6349	Val Accuracy: 21.08
Training Epoch: 168/200	Train Loss: 2.0839	Val Accuracy: 21.56
Training Epoch: 169/200	Train Loss: 2.2272	Val Accuracy: 21.56
Training Epoch: 170/200	Train Loss: 2.1783	Val Accuracy: 20.94
Training Epoch: 171/200	Train Loss: 1.9389	Val Accuracy: 20.94
Training Epoch: 172/200	Train Loss: 2.3907	Val Accuracy: 21.2
Training Epoch: 173/200	Train Loss: 2.2437	Val Accuracy: 21.2
Training Epoch: 174/200	Train Loss: 2.2606	Val Accuracy: 20.76
Training Epoch: 175/200	Train Loss: 2.3548	Val Accuracy: 20.76
Training Epoch: 176/200	Train Loss: 1.6614	Val Accuracy: 21.08
Training Epoch: 177/200	Train Loss: 1.8477	Val Accuracy: 21.08
Training Epoch: 178/200	Train Loss: 1.837	Val Accuracy: 21.48
Training Epoch: 179/200	Train Loss: 1.5399	Val Accuracy: 21.48
Training Epoch: 180/200	Train Loss: 2.0908	Val Accuracy: 21.68
Training Epoch: 181/200	Train Loss: 2.164	Val Accuracy: 21.68
Training Epoch: 182/200	Train Loss: 2.1259	Val Accuracy: 21.96
Training Epoch: 183/200	Train Loss: 1.7009	Val Accuracy: 21.96
Training Epoch: 184/200	Train Loss: 1.8166	Val Accuracy: 21.56
Training Epoch: 185/200	Train Loss: 2.761	Val Accuracy: 21.56
Training Epoch: 186/200	Train Loss: 1.6194	Val Accuracy: 21.56
Training Epoch: 187/200	Train Loss: 2.2778	Val Accuracy: 21.56
Training Epoch: 188/200	Train Loss: 2.0868	Val Accuracy: 22.1
Training Epoch: 189/200	Train Loss: 2.7478	Val Accuracy: 22.1
Training Epoch: 190/200	Train Loss: 2.3388	Val Accuracy: 21.88
Training Epoch: 191/200	Train Loss: 1.4919	Val Accuracy: 21.88
Training Epoch: 192/200	Train Loss: 2.1397	Val Accuracy: 21.68
Training Epoch: 193/200	Train Loss: 1.9914	Val Accuracy: 21.68
Training Epoch: 194/200	Train Loss: 2.2662	Val Accuracy: 21.8
Training Epoch: 195/200	Train Loss: 1.9177	Val Accuracy: 21.8
Training Epoch: 196/200	Train Loss: 2.5547	Val Accuracy: 21.84
Training Epoch: 197/200	Train Loss: 1.5626	Val Accuracy: 21.84
Training Epoch: 198/200	Train Loss: 2.7202	Val Accuracy: 21.96
Training Epoch: 199/200	Train Loss: 2.4277	Val Accuracy: 21.96
Training Epoch: 200/200	Train Loss: 2.296	Val Accuracy: 21.96

Wrote Best Model Checkpoint to: vlBest_acc_22_model_epoch_0188.pyth

Best Validation Accuracy: 22.1
Best Epoch: 188

======== TESTING ========

Test Accuracy: 21.01.

======== ACTIVE SAMPLING ========

Extracting Lset Representations
len(dataLoader): 2
Extracting Uset Representations
len(dataLoader): 449
lb_repr.shape:  (150, 2048)
ul_repr.shape:  (44850, 2048)
Solving K Center Greedy Approach
[GPU] Labeled.shape: torch.Size([150, 2048])
[GPU] Unlabeled.shape: torch.Size([44850, 2048])
time taken: 0.0005438327789306641 seconds
Time taken to solve K center: 0.15892267227172852 seconds
Active Sampling Complete. After Episode 2:
New Labeled Set: 200, New Unlabeled Set: 44800, Active Set: 50

================================


Current accuracy values:  [18.909999999999997, 18.950000000000003, 21.010000000000005]
Starting model from scratch - ignoring existing weights.
<All keys matched successfully>
None
======== EPISODE 3 BEGINS ========

======== TRAINING ========
Training Epoch: 1/200	Train Loss: 6.815	Val Accuracy: 0.0
Training Epoch: 2/200	Train Loss: 22.5687	Val Accuracy: 10.04
Training Epoch: 3/200	Train Loss: 22.4895	Val Accuracy: 10.04
Training Epoch: 4/200	Train Loss: 9.1753	Val Accuracy: 9.92
Training Epoch: 5/200	Train Loss: 6.3992	Val Accuracy: 9.92
Training Epoch: 6/200	Train Loss: 9.9282	Val Accuracy: 10.22
Training Epoch: 7/200	Train Loss: 5.2724	Val Accuracy: 10.22
Training Epoch: 8/200	Train Loss: 3.2754	Val Accuracy: 10.16
Training Epoch: 9/200	Train Loss: 3.822	Val Accuracy: 10.16
Training Epoch: 10/200	Train Loss: 2.7309	Val Accuracy: 7.9
Training Epoch: 11/200	Train Loss: 2.3279	Val Accuracy: 7.9
Training Epoch: 12/200	Train Loss: 3.0686	Val Accuracy: 10.18
Training Epoch: 13/200	Train Loss: 4.9743	Val Accuracy: 10.18
Training Epoch: 14/200	Train Loss: 2.3406	Val Accuracy: 10.64
Training Epoch: 15/200	Train Loss: 3.112	Val Accuracy: 10.64
Training Epoch: 16/200	Train Loss: 2.9832	Val Accuracy: 11.02
Training Epoch: 17/200	Train Loss: 3.8274	Val Accuracy: 11.02
Training Epoch: 18/200	Train Loss: 5.5682	Val Accuracy: 11.66
Training Epoch: 19/200	Train Loss: 5.6263	Val Accuracy: 11.66
Training Epoch: 20/200	Train Loss: 4.9765	Val Accuracy: 8.82
Training Epoch: 21/200	Train Loss: 3.9526	Val Accuracy: 8.82
Training Epoch: 22/200	Train Loss: 2.2505	Val Accuracy: 12.54
Training Epoch: 23/200	Train Loss: 4.9498	Val Accuracy: 12.54
Training Epoch: 24/200	Train Loss: 5.4716	Val Accuracy: 13.58
Training Epoch: 25/200	Train Loss: 2.3094	Val Accuracy: 13.58
Training Epoch: 26/200	Train Loss: 3.9071	Val Accuracy: 13.38
Training Epoch: 27/200	Train Loss: 5.5085	Val Accuracy: 13.38
Training Epoch: 28/200	Train Loss: 2.3566	Val Accuracy: 13.94
Training Epoch: 29/200	Train Loss: 2.2738	Val Accuracy: 13.94
Training Epoch: 30/200	Train Loss: 2.2301	Val Accuracy: 13.74
Training Epoch: 31/200	Train Loss: 2.1843	Val Accuracy: 13.74
Training Epoch: 32/200	Train Loss: 2.177	Val Accuracy: 13.54
Training Epoch: 33/200	Train Loss: 2.3374	Val Accuracy: 13.54
Training Epoch: 34/200	Train Loss: 2.2269	Val Accuracy: 13.62
Training Epoch: 35/200	Train Loss: 2.798	Val Accuracy: 13.62
Training Epoch: 36/200	Train Loss: 2.2028	Val Accuracy: 14.92
Training Epoch: 37/200	Train Loss: 2.1694	Val Accuracy: 14.92
Training Epoch: 38/200	Train Loss: 2.3992	Val Accuracy: 14.76
Training Epoch: 39/200	Train Loss: 2.3098	Val Accuracy: 14.76
Training Epoch: 40/200	Train Loss: 2.6535	Val Accuracy: 12.92
Training Epoch: 41/200	Train Loss: 2.1642	Val Accuracy: 12.92
Training Epoch: 42/200	Train Loss: 5.0598	Val Accuracy: 14.44
Training Epoch: 43/200	Train Loss: 2.3017	Val Accuracy: 14.44
Training Epoch: 44/200	Train Loss: 2.3133	Val Accuracy: 15.28
Training Epoch: 45/200	Train Loss: 2.1393	Val Accuracy: 15.28
Training Epoch: 46/200	Train Loss: 2.035	Val Accuracy: 14.32
Training Epoch: 47/200	Train Loss: 2.1266	Val Accuracy: 14.32
Training Epoch: 48/200	Train Loss: 7.5389	Val Accuracy: 13.0
Training Epoch: 49/200	Train Loss: 2.1075	Val Accuracy: 13.0
Training Epoch: 50/200	Train Loss: 2.144	Val Accuracy: 12.94
Training Epoch: 51/200	Train Loss: 7.5536	Val Accuracy: 12.94
Training Epoch: 52/200	Train Loss: 2.6672	Val Accuracy: 12.94
Training Epoch: 53/200	Train Loss: 8.6678	Val Accuracy: 12.94
Training Epoch: 54/200	Train Loss: 2.1234	Val Accuracy: 12.78
Training Epoch: 55/200	Train Loss: 2.0711	Val Accuracy: 12.78
Training Epoch: 56/200	Train Loss: 2.8469	Val Accuracy: 12.36
Training Epoch: 57/200	Train Loss: 3.9026	Val Accuracy: 12.36
Training Epoch: 58/200	Train Loss: 3.4938	Val Accuracy: 14.0
Training Epoch: 59/200	Train Loss: 2.309	Val Accuracy: 14.0
Training Epoch: 60/200	Train Loss: 7.5018	Val Accuracy: 12.26
Training Epoch: 61/200	Train Loss: 2.0933	Val Accuracy: 12.26
Training Epoch: 62/200	Train Loss: 2.537	Val Accuracy: 12.16
Training Epoch: 63/200	Train Loss: 2.237	Val Accuracy: 12.16
Training Epoch: 64/200	Train Loss: 2.183	Val Accuracy: 14.3
Training Epoch: 65/200	Train Loss: 4.5641	Val Accuracy: 14.3
Training Epoch: 66/200	Train Loss: 3.3418	Val Accuracy: 12.66
Training Epoch: 67/200	Train Loss: 5.6731	Val Accuracy: 12.66
Training Epoch: 68/200	Train Loss: 4.1529	Val Accuracy: 12.26
Training Epoch: 69/200	Train Loss: 3.6704	Val Accuracy: 12.26
Training Epoch: 70/200	Train Loss: 3.1871	Val Accuracy: 12.48
Training Epoch: 71/200	Train Loss: 2.4676	Val Accuracy: 12.48
Training Epoch: 72/200	Train Loss: 2.2215	Val Accuracy: 14.22
Training Epoch: 73/200	Train Loss: 1.994	Val Accuracy: 14.22
Training Epoch: 74/200	Train Loss: 3.8969	Val Accuracy: 14.78
Training Epoch: 75/200	Train Loss: 1.8572	Val Accuracy: 14.78
Training Epoch: 76/200	Train Loss: 2.0712	Val Accuracy: 14.96
Training Epoch: 77/200	Train Loss: 2.3214	Val Accuracy: 14.96
Training Epoch: 78/200	Train Loss: 2.1502	Val Accuracy: 12.82
Training Epoch: 79/200	Train Loss: 2.8262	Val Accuracy: 12.82
Training Epoch: 80/200	Train Loss: 4.1142	Val Accuracy: 13.24
Training Epoch: 81/200	Train Loss: 2.5642	Val Accuracy: 13.24
Training Epoch: 82/200	Train Loss: 2.1222	Val Accuracy: 13.1
Training Epoch: 83/200	Train Loss: 8.1807	Val Accuracy: 13.1
Training Epoch: 84/200	Train Loss: 4.6228	Val Accuracy: 14.54
Training Epoch: 85/200	Train Loss: 2.1277	Val Accuracy: 14.54
Training Epoch: 86/200	Train Loss: 3.8691	Val Accuracy: 13.38
Training Epoch: 87/200	Train Loss: 6.6281	Val Accuracy: 13.38
Training Epoch: 88/200	Train Loss: 3.1217	Val Accuracy: 14.7
Training Epoch: 89/200	Train Loss: 2.1088	Val Accuracy: 14.7
Training Epoch: 90/200	Train Loss: 2.0724	Val Accuracy: 15.6
Training Epoch: 91/200	Train Loss: 2.0687	Val Accuracy: 15.6
Training Epoch: 92/200	Train Loss: 2.0196	Val Accuracy: 15.52
Training Epoch: 93/200	Train Loss: 5.5735	Val Accuracy: 15.52
Training Epoch: 94/200	Train Loss: 7.6539	Val Accuracy: 15.62
Training Epoch: 95/200	Train Loss: 1.9911	Val Accuracy: 15.62
Training Epoch: 96/200	Train Loss: 1.918	Val Accuracy: 15.56
Training Epoch: 97/200	Train Loss: 2.0289	Val Accuracy: 15.56
Training Epoch: 98/200	Train Loss: 1.8047	Val Accuracy: 16.58
Training Epoch: 99/200	Train Loss: 2.9822	Val Accuracy: 16.58
Training Epoch: 100/200	Train Loss: 2.026	Val Accuracy: 15.6
Training Epoch: 101/200	Train Loss: 2.116	Val Accuracy: 15.6
Training Epoch: 102/200	Train Loss: 5.0238	Val Accuracy: 17.26
Training Epoch: 103/200	Train Loss: 1.8207	Val Accuracy: 17.26
Training Epoch: 104/200	Train Loss: 1.8808	Val Accuracy: 16.92
Training Epoch: 105/200	Train Loss: 3.2957	Val Accuracy: 16.92
Training Epoch: 106/200	Train Loss: 1.8722	Val Accuracy: 16.12
Training Epoch: 107/200	Train Loss: 4.3414	Val Accuracy: 16.12
Training Epoch: 108/200	Train Loss: 2.861	Val Accuracy: 16.36
Training Epoch: 109/200	Train Loss: 2.4183	Val Accuracy: 16.36
Training Epoch: 110/200	Train Loss: 4.0181	Val Accuracy: 14.72
Training Epoch: 111/200	Train Loss: 2.7285	Val Accuracy: 14.72
Training Epoch: 112/200	Train Loss: 1.8985	Val Accuracy: 16.2
Training Epoch: 113/200	Train Loss: 2.5269	Val Accuracy: 16.2
Training Epoch: 114/200	Train Loss: 2.2268	Val Accuracy: 16.34
Training Epoch: 115/200	Train Loss: 1.8065	Val Accuracy: 16.34
Training Epoch: 116/200	Train Loss: 1.8853	Val Accuracy: 16.4
Training Epoch: 117/200	Train Loss: 1.9866	Val Accuracy: 16.4
Training Epoch: 118/200	Train Loss: 1.7174	Val Accuracy: 16.82
Training Epoch: 119/200	Train Loss: 3.6328	Val Accuracy: 16.82
Training Epoch: 120/200	Train Loss: 1.7226	Val Accuracy: 16.8
Training Epoch: 121/200	Train Loss: 1.8668	Val Accuracy: 16.8
Training Epoch: 122/200	Train Loss: 1.8817	Val Accuracy: 16.6
Training Epoch: 123/200	Train Loss: 1.6692	Val Accuracy: 16.6
Training Epoch: 124/200	Train Loss: 2.4763	Val Accuracy: 16.86
Training Epoch: 125/200	Train Loss: 1.7569	Val Accuracy: 16.86
Training Epoch: 126/200	Train Loss: 2.4652	Val Accuracy: 16.58
Training Epoch: 127/200	Train Loss: 1.8127	Val Accuracy: 16.58
Training Epoch: 128/200	Train Loss: 1.6857	Val Accuracy: 17.26
Training Epoch: 129/200	Train Loss: 3.3105	Val Accuracy: 17.26
Training Epoch: 130/200	Train Loss: 1.6284	Val Accuracy: 17.12
Training Epoch: 131/200	Train Loss: 1.616	Val Accuracy: 17.12
Training Epoch: 132/200	Train Loss: 1.9326	Val Accuracy: 16.9
Training Epoch: 133/200	Train Loss: 1.592	Val Accuracy: 16.9
Training Epoch: 134/200	Train Loss: 1.7633	Val Accuracy: 17.48
Training Epoch: 135/200	Train Loss: 1.7785	Val Accuracy: 17.48
Training Epoch: 136/200	Train Loss: 1.6634	Val Accuracy: 17.72
Training Epoch: 137/200	Train Loss: 4.7769	Val Accuracy: 17.72
Training Epoch: 138/200	Train Loss: 1.7598	Val Accuracy: 17.46
Training Epoch: 139/200	Train Loss: 1.5429	Val Accuracy: 17.46
Training Epoch: 140/200	Train Loss: 3.365	Val Accuracy: 18.18
Training Epoch: 141/200	Train Loss: 1.5856	Val Accuracy: 18.18
Training Epoch: 142/200	Train Loss: 4.0048	Val Accuracy: 17.6
Training Epoch: 143/200	Train Loss: 2.0507	Val Accuracy: 17.6
Training Epoch: 144/200	Train Loss: 1.765	Val Accuracy: 18.38
Training Epoch: 145/200	Train Loss: 3.841	Val Accuracy: 18.38
Training Epoch: 146/200	Train Loss: 1.5346	Val Accuracy: 18.94
Training Epoch: 147/200	Train Loss: 1.5782	Val Accuracy: 18.94
Training Epoch: 148/200	Train Loss: 1.4286	Val Accuracy: 18.28
Training Epoch: 149/200	Train Loss: 1.4739	Val Accuracy: 18.28
Training Epoch: 150/200	Train Loss: 1.6295	Val Accuracy: 18.64
Training Epoch: 151/200	Train Loss: 1.429	Val Accuracy: 18.64
Training Epoch: 152/200	Train Loss: 1.4891	Val Accuracy: 18.66
Training Epoch: 153/200	Train Loss: 2.7513	Val Accuracy: 18.66
Training Epoch: 154/200	Train Loss: 2.044	Val Accuracy: 18.28
Training Epoch: 155/200	Train Loss: 1.5864	Val Accuracy: 18.28
Training Epoch: 156/200	Train Loss: 1.4622	Val Accuracy: 18.2
Training Epoch: 157/200	Train Loss: 1.4294	Val Accuracy: 18.2
Training Epoch: 158/200	Train Loss: 1.3845	Val Accuracy: 18.6
Training Epoch: 159/200	Train Loss: 1.8123	Val Accuracy: 18.6
Training Epoch: 160/200	Train Loss: 1.2752	Val Accuracy: 18.74
Training Epoch: 161/200	Train Loss: 3.7481	Val Accuracy: 18.74
Training Epoch: 162/200	Train Loss: 1.9737	Val Accuracy: 18.68
Training Epoch: 163/200	Train Loss: 4.1734	Val Accuracy: 18.68
Training Epoch: 164/200	Train Loss: 1.4994	Val Accuracy: 19.42
Training Epoch: 165/200	Train Loss: 1.5121	Val Accuracy: 19.42
Training Epoch: 166/200	Train Loss: 1.4444	Val Accuracy: 19.28
Training Epoch: 167/200	Train Loss: 1.5919	Val Accuracy: 19.28
Training Epoch: 168/200	Train Loss: 1.42	Val Accuracy: 19.22
Training Epoch: 169/200	Train Loss: 1.3311	Val Accuracy: 19.22
Training Epoch: 170/200	Train Loss: 1.2265	Val Accuracy: 19.06
Training Epoch: 171/200	Train Loss: 1.291	Val Accuracy: 19.06
Training Epoch: 172/200	Train Loss: 1.5792	Val Accuracy: 19.12
Training Epoch: 173/200	Train Loss: 1.468	Val Accuracy: 19.12
Training Epoch: 174/200	Train Loss: 1.3164	Val Accuracy: 19.32
Training Epoch: 175/200	Train Loss: 1.8866	Val Accuracy: 19.32
Training Epoch: 176/200	Train Loss: 1.2196	Val Accuracy: 19.76
Training Epoch: 177/200	Train Loss: 1.3591	Val Accuracy: 19.76
Training Epoch: 178/200	Train Loss: 1.2702	Val Accuracy: 19.56
Training Epoch: 179/200	Train Loss: 1.3386	Val Accuracy: 19.56
Training Epoch: 180/200	Train Loss: 1.2958	Val Accuracy: 19.22
Training Epoch: 181/200	Train Loss: 1.2783	Val Accuracy: 19.22
Training Epoch: 182/200	Train Loss: 2.9662	Val Accuracy: 19.66
Training Epoch: 183/200	Train Loss: 1.2734	Val Accuracy: 19.66
Training Epoch: 184/200	Train Loss: 1.4868	Val Accuracy: 19.3
Training Epoch: 185/200	Train Loss: 1.3912	Val Accuracy: 19.3
Training Epoch: 186/200	Train Loss: 1.3358	Val Accuracy: 19.4
Training Epoch: 187/200	Train Loss: 1.1328	Val Accuracy: 19.4
Training Epoch: 188/200	Train Loss: 3.1096	Val Accuracy: 19.92
Training Epoch: 189/200	Train Loss: 4.9484	Val Accuracy: 19.92
Training Epoch: 190/200	Train Loss: 1.1114	Val Accuracy: 19.44
Training Epoch: 191/200	Train Loss: 1.2427	Val Accuracy: 19.44
Training Epoch: 192/200	Train Loss: 1.2499	Val Accuracy: 19.86
Training Epoch: 193/200	Train Loss: 1.1667	Val Accuracy: 19.86
Training Epoch: 194/200	Train Loss: 1.5688	Val Accuracy: 19.74
Training Epoch: 195/200	Train Loss: 1.2783	Val Accuracy: 19.74
Training Epoch: 196/200	Train Loss: 1.2385	Val Accuracy: 19.86
Training Epoch: 197/200	Train Loss: 1.2751	Val Accuracy: 19.86
Training Epoch: 198/200	Train Loss: 1.1506	Val Accuracy: 19.34
Training Epoch: 199/200	Train Loss: 1.6164	Val Accuracy: 19.34
Training Epoch: 200/200	Train Loss: 1.1846	Val Accuracy: 19.44

Wrote Best Model Checkpoint to: vlBest_acc_19_model_epoch_0188.pyth

Best Validation Accuracy: 19.92
Best Epoch: 188

======== TESTING ========

Test Accuracy: 20.68.

======== ACTIVE SAMPLING ========

Extracting Lset Representations
len(dataLoader): 2
Extracting Uset Representations
len(dataLoader): 448
lb_repr.shape:  (200, 2048)
ul_repr.shape:  (44800, 2048)
Solving K Center Greedy Approach
[GPU] Labeled.shape: torch.Size([200, 2048])
[GPU] Unlabeled.shape: torch.Size([44800, 2048])
time taken: 0.0006694793701171875 seconds
Time taken to solve K center: 0.161332368850708 seconds
Active Sampling Complete. After Episode 3:
New Labeled Set: 250, New Unlabeled Set: 44750, Active Set: 50

================================


Current accuracy values:  [18.909999999999997, 18.950000000000003, 21.010000000000005, 20.67999992370605]
Starting model from scratch - ignoring existing weights.
<All keys matched successfully>
None
======== EPISODE 4 BEGINS ========

======== TRAINING ========
Training Epoch: 1/200	Train Loss: 5.5403	Val Accuracy: 0.0
Training Epoch: 2/200	Train Loss: 13.7517	Val Accuracy: 10.22
Training Epoch: 3/200	Train Loss: 15.2653	Val Accuracy: 10.22
Training Epoch: 4/200	Train Loss: 9.0049	Val Accuracy: 9.74
Training Epoch: 5/200	Train Loss: 10.88	Val Accuracy: 9.74
Training Epoch: 6/200	Train Loss: 10.1638	Val Accuracy: 9.56
Training Epoch: 7/200	Train Loss: 4.5672	Val Accuracy: 9.56
Training Epoch: 8/200	Train Loss: 6.7565	Val Accuracy: 10.08
Training Epoch: 9/200	Train Loss: 3.1593	Val Accuracy: 10.08
Training Epoch: 10/200	Train Loss: 4.8298	Val Accuracy: 10.26
Training Epoch: 11/200	Train Loss: 6.5352	Val Accuracy: 10.26
Training Epoch: 12/200	Train Loss: 7.2371	Val Accuracy: 11.72
Training Epoch: 13/200	Train Loss: 4.4655	Val Accuracy: 11.72
Training Epoch: 14/200	Train Loss: 3.7515	Val Accuracy: 12.92
Training Epoch: 15/200	Train Loss: 3.073	Val Accuracy: 12.92
Training Epoch: 16/200	Train Loss: 4.9305	Val Accuracy: 11.44
Training Epoch: 17/200	Train Loss: 2.5511	Val Accuracy: 11.44
Training Epoch: 18/200	Train Loss: 3.1011	Val Accuracy: 9.08
Training Epoch: 19/200	Train Loss: 4.4062	Val Accuracy: 9.08
Training Epoch: 20/200	Train Loss: 3.0275	Val Accuracy: 12.9
Training Epoch: 21/200	Train Loss: 2.9173	Val Accuracy: 12.9
Training Epoch: 22/200	Train Loss: 3.8128	Val Accuracy: 13.26
Training Epoch: 23/200	Train Loss: 3.1123	Val Accuracy: 13.26
Training Epoch: 24/200	Train Loss: 2.8665	Val Accuracy: 11.54
Training Epoch: 25/200	Train Loss: 3.1307	Val Accuracy: 11.54
Training Epoch: 26/200	Train Loss: 2.4121	Val Accuracy: 11.64
Training Epoch: 27/200	Train Loss: 2.1914	Val Accuracy: 11.64
Training Epoch: 28/200	Train Loss: 3.1907	Val Accuracy: 10.46
Training Epoch: 29/200	Train Loss: 4.4734	Val Accuracy: 10.46
Training Epoch: 30/200	Train Loss: 3.0155	Val Accuracy: 11.38
Training Epoch: 31/200	Train Loss: 2.4161	Val Accuracy: 11.38
Training Epoch: 32/200	Train Loss: 6.3433	Val Accuracy: 11.36
Training Epoch: 33/200	Train Loss: 4.0405	Val Accuracy: 11.36
Training Epoch: 34/200	Train Loss: 5.0184	Val Accuracy: 12.9
Training Epoch: 35/200	Train Loss: 2.7863	Val Accuracy: 12.9
Training Epoch: 36/200	Train Loss: 3.4909	Val Accuracy: 13.88
Training Epoch: 37/200	Train Loss: 2.3369	Val Accuracy: 13.88
Training Epoch: 38/200	Train Loss: 2.0127	Val Accuracy: 15.18
Training Epoch: 39/200	Train Loss: 3.1314	Val Accuracy: 15.18
Training Epoch: 40/200	Train Loss: 2.4459	Val Accuracy: 15.1
Training Epoch: 41/200	Train Loss: 3.7146	Val Accuracy: 15.1
Training Epoch: 42/200	Train Loss: 2.438	Val Accuracy: 16.16
Training Epoch: 43/200	Train Loss: 3.1722	Val Accuracy: 16.16
Training Epoch: 44/200	Train Loss: 2.8606	Val Accuracy: 15.82
Training Epoch: 45/200	Train Loss: 2.539	Val Accuracy: 15.82
Training Epoch: 46/200	Train Loss: 3.0072	Val Accuracy: 16.1
Training Epoch: 47/200	Train Loss: 2.0223	Val Accuracy: 16.1
Training Epoch: 48/200	Train Loss: 2.5942	Val Accuracy: 17.48
Training Epoch: 49/200	Train Loss: 3.0637	Val Accuracy: 17.48
Training Epoch: 50/200	Train Loss: 1.856	Val Accuracy: 18.86
Training Epoch: 51/200	Train Loss: 3.9496	Val Accuracy: 18.86
Training Epoch: 52/200	Train Loss: 2.4189	Val Accuracy: 19.28
Training Epoch: 53/200	Train Loss: 1.992	Val Accuracy: 19.28
Training Epoch: 54/200	Train Loss: 4.031	Val Accuracy: 20.08
Training Epoch: 55/200	Train Loss: 1.8754	Val Accuracy: 20.08
Training Epoch: 56/200	Train Loss: 4.6531	Val Accuracy: 20.86
Training Epoch: 57/200	Train Loss: 1.8293	Val Accuracy: 20.86
Training Epoch: 58/200	Train Loss: 1.9543	Val Accuracy: 22.06
Training Epoch: 59/200	Train Loss: 2.0324	Val Accuracy: 22.06
Training Epoch: 60/200	Train Loss: 2.3379	Val Accuracy: 21.24
Training Epoch: 61/200	Train Loss: 3.2573	Val Accuracy: 21.24
Training Epoch: 62/200	Train Loss: 5.1462	Val Accuracy: 15.96
Training Epoch: 63/200	Train Loss: 5.2942	Val Accuracy: 15.96
Training Epoch: 64/200	Train Loss: 2.6778	Val Accuracy: 14.54
Training Epoch: 65/200	Train Loss: 2.2962	Val Accuracy: 14.54
Training Epoch: 66/200	Train Loss: 2.4476	Val Accuracy: 13.48
Training Epoch: 67/200	Train Loss: 3.4392	Val Accuracy: 13.48
Training Epoch: 68/200	Train Loss: 2.2579	Val Accuracy: 15.9
Training Epoch: 69/200	Train Loss: 2.3053	Val Accuracy: 15.9
Training Epoch: 70/200	Train Loss: 2.9426	Val Accuracy: 14.66
Training Epoch: 71/200	Train Loss: 3.1154	Val Accuracy: 14.66
Training Epoch: 72/200	Train Loss: 2.1586	Val Accuracy: 11.78
Training Epoch: 73/200	Train Loss: 2.6662	Val Accuracy: 11.78
Training Epoch: 74/200	Train Loss: 2.1922	Val Accuracy: 14.14
Training Epoch: 75/200	Train Loss: 1.8834	Val Accuracy: 14.14
Training Epoch: 76/200	Train Loss: 2.0434	Val Accuracy: 14.86
Training Epoch: 77/200	Train Loss: 2.7808	Val Accuracy: 14.86
Training Epoch: 78/200	Train Loss: 2.2069	Val Accuracy: 16.7
Training Epoch: 79/200	Train Loss: 1.8656	Val Accuracy: 16.7
Training Epoch: 80/200	Train Loss: 1.8596	Val Accuracy: 17.5
Training Epoch: 81/200	Train Loss: 1.7656	Val Accuracy: 17.5
Training Epoch: 82/200	Train Loss: 1.6108	Val Accuracy: 18.86
Training Epoch: 83/200	Train Loss: 1.8	Val Accuracy: 18.86
Training Epoch: 84/200	Train Loss: 3.1	Val Accuracy: 17.68
Training Epoch: 85/200	Train Loss: 4.7336	Val Accuracy: 17.68
Training Epoch: 86/200	Train Loss: 4.0479	Val Accuracy: 17.06
Training Epoch: 87/200	Train Loss: 4.1204	Val Accuracy: 17.06
Training Epoch: 88/200	Train Loss: 2.9675	Val Accuracy: 17.18
Training Epoch: 89/200	Train Loss: 3.3723	Val Accuracy: 17.18
Training Epoch: 90/200	Train Loss: 3.5385	Val Accuracy: 16.22
Training Epoch: 91/200	Train Loss: 2.6864	Val Accuracy: 16.22
Training Epoch: 92/200	Train Loss: 2.4815	Val Accuracy: 20.26
Training Epoch: 93/200	Train Loss: 2.8675	Val Accuracy: 20.26
Training Epoch: 94/200	Train Loss: 2.9064	Val Accuracy: 19.7
Training Epoch: 95/200	Train Loss: 2.0698	Val Accuracy: 19.7
Training Epoch: 96/200	Train Loss: 1.9342	Val Accuracy: 19.36
Training Epoch: 97/200	Train Loss: 3.0439	Val Accuracy: 19.36
Training Epoch: 98/200	Train Loss: 2.3141	Val Accuracy: 20.24
Training Epoch: 99/200	Train Loss: 2.7451	Val Accuracy: 20.24
Training Epoch: 100/200	Train Loss: 2.5925	Val Accuracy: 21.32
Training Epoch: 101/200	Train Loss: 2.788	Val Accuracy: 21.32
Training Epoch: 102/200	Train Loss: 1.9623	Val Accuracy: 21.12
Training Epoch: 103/200	Train Loss: 1.8881	Val Accuracy: 21.12
Training Epoch: 104/200	Train Loss: 2.8326	Val Accuracy: 20.32
Training Epoch: 105/200	Train Loss: 2.1666	Val Accuracy: 20.32
Training Epoch: 106/200	Train Loss: 1.8755	Val Accuracy: 19.86
Training Epoch: 107/200	Train Loss: 3.2697	Val Accuracy: 19.86
Training Epoch: 108/200	Train Loss: 2.9987	Val Accuracy: 21.16
Training Epoch: 109/200	Train Loss: 4.0415	Val Accuracy: 21.16
Training Epoch: 110/200	Train Loss: 2.1392	Val Accuracy: 19.3
Training Epoch: 111/200	Train Loss: 3.6454	Val Accuracy: 19.3
Training Epoch: 112/200	Train Loss: 2.2094	Val Accuracy: 20.62
Training Epoch: 113/200	Train Loss: 2.5232	Val Accuracy: 20.62
Training Epoch: 114/200	Train Loss: 2.4014	Val Accuracy: 21.04
Training Epoch: 115/200	Train Loss: 3.0498	Val Accuracy: 21.04
Training Epoch: 116/200	Train Loss: 2.1152	Val Accuracy: 19.66
Training Epoch: 117/200	Train Loss: 2.3176	Val Accuracy: 19.66
Training Epoch: 118/200	Train Loss: 2.8158	Val Accuracy: 19.96
Training Epoch: 119/200	Train Loss: 1.7409	Val Accuracy: 19.96
Training Epoch: 120/200	Train Loss: 2.1947	Val Accuracy: 21.18
Training Epoch: 121/200	Train Loss: 1.696	Val Accuracy: 21.18
Training Epoch: 122/200	Train Loss: 1.9285	Val Accuracy: 21.34
Training Epoch: 123/200	Train Loss: 2.1797	Val Accuracy: 21.34
Training Epoch: 124/200	Train Loss: 1.7249	Val Accuracy: 21.92
Training Epoch: 125/200	Train Loss: 1.6982	Val Accuracy: 21.92
Training Epoch: 126/200	Train Loss: 3.1204	Val Accuracy: 22.3
Training Epoch: 127/200	Train Loss: 2.1018	Val Accuracy: 22.3
Training Epoch: 128/200	Train Loss: 1.6103	Val Accuracy: 22.14
Training Epoch: 129/200	Train Loss: 2.2815	Val Accuracy: 22.14
Training Epoch: 130/200	Train Loss: 1.6722	Val Accuracy: 22.76
Training Epoch: 131/200	Train Loss: 1.7157	Val Accuracy: 22.76
Training Epoch: 132/200	Train Loss: 1.89	Val Accuracy: 22.54
Training Epoch: 133/200	Train Loss: 3.2573	Val Accuracy: 22.54
Training Epoch: 134/200	Train Loss: 3.408	Val Accuracy: 23.22
Training Epoch: 135/200	Train Loss: 1.7574	Val Accuracy: 23.22
Training Epoch: 136/200	Train Loss: 1.806	Val Accuracy: 23.08
Training Epoch: 137/200	Train Loss: 1.9126	Val Accuracy: 23.08
Training Epoch: 138/200	Train Loss: 3.082	Val Accuracy: 22.36
Training Epoch: 139/200	Train Loss: 1.5867	Val Accuracy: 22.36
Training Epoch: 140/200	Train Loss: 1.5953	Val Accuracy: 23.02
Training Epoch: 141/200	Train Loss: 1.6186	Val Accuracy: 23.02
Training Epoch: 142/200	Train Loss: 1.6585	Val Accuracy: 22.96
Training Epoch: 143/200	Train Loss: 2.9462	Val Accuracy: 22.96
Training Epoch: 144/200	Train Loss: 1.5584	Val Accuracy: 23.6
Training Epoch: 145/200	Train Loss: 1.5536	Val Accuracy: 23.6
Training Epoch: 146/200	Train Loss: 1.6176	Val Accuracy: 24.44
Training Epoch: 147/200	Train Loss: 1.4931	Val Accuracy: 24.44
Training Epoch: 148/200	Train Loss: 1.647	Val Accuracy: 24.58
Training Epoch: 149/200	Train Loss: 2.336	Val Accuracy: 24.58
Training Epoch: 150/200	Train Loss: 1.5544	Val Accuracy: 23.48
Training Epoch: 151/200	Train Loss: 2.4897	Val Accuracy: 23.48
Training Epoch: 152/200	Train Loss: 1.5655	Val Accuracy: 23.58
Training Epoch: 153/200	Train Loss: 1.4511	Val Accuracy: 23.58
Training Epoch: 154/200	Train Loss: 1.6223	Val Accuracy: 24.12
Training Epoch: 155/200	Train Loss: 1.6167	Val Accuracy: 24.12
Training Epoch: 156/200	Train Loss: 1.7003	Val Accuracy: 23.28
Training Epoch: 157/200	Train Loss: 1.4398	Val Accuracy: 23.28
Training Epoch: 158/200	Train Loss: 1.5522	Val Accuracy: 23.7
Training Epoch: 159/200	Train Loss: 1.5467	Val Accuracy: 23.7
Training Epoch: 160/200	Train Loss: 1.7988	Val Accuracy: 23.78
Training Epoch: 161/200	Train Loss: 1.6741	Val Accuracy: 23.78
Training Epoch: 162/200	Train Loss: 1.4709	Val Accuracy: 24.18
Training Epoch: 163/200	Train Loss: 1.6328	Val Accuracy: 24.18
Training Epoch: 164/200	Train Loss: 2.2472	Val Accuracy: 24.08
Training Epoch: 165/200	Train Loss: 1.523	Val Accuracy: 24.08
Training Epoch: 166/200	Train Loss: 1.6426	Val Accuracy: 24.62
Training Epoch: 167/200	Train Loss: 1.3996	Val Accuracy: 24.62
Training Epoch: 168/200	Train Loss: 1.3578	Val Accuracy: 24.46
Training Epoch: 169/200	Train Loss: 1.4319	Val Accuracy: 24.46
Training Epoch: 170/200	Train Loss: 1.5314	Val Accuracy: 24.62
Training Epoch: 171/200	Train Loss: 1.3621	Val Accuracy: 24.62
Training Epoch: 172/200	Train Loss: 1.3376	Val Accuracy: 24.52
Training Epoch: 173/200	Train Loss: 1.5419	Val Accuracy: 24.52
Training Epoch: 174/200	Train Loss: 1.4984	Val Accuracy: 25.18
Training Epoch: 175/200	Train Loss: 1.3488	Val Accuracy: 25.18
Training Epoch: 176/200	Train Loss: 1.5167	Val Accuracy: 24.86
Training Epoch: 177/200	Train Loss: 1.334	Val Accuracy: 24.86
Training Epoch: 178/200	Train Loss: 1.4153	Val Accuracy: 24.88
Training Epoch: 179/200	Train Loss: 1.7467	Val Accuracy: 24.88
Training Epoch: 180/200	Train Loss: 2.4068	Val Accuracy: 25.2
Training Epoch: 181/200	Train Loss: 1.4534	Val Accuracy: 25.2
Training Epoch: 182/200	Train Loss: 1.4157	Val Accuracy: 24.14
Training Epoch: 183/200	Train Loss: 1.3123	Val Accuracy: 24.14
Training Epoch: 184/200	Train Loss: 1.4135	Val Accuracy: 24.9
Training Epoch: 185/200	Train Loss: 1.0433	Val Accuracy: 24.9
Training Epoch: 186/200	Train Loss: 1.2611	Val Accuracy: 24.18
Training Epoch: 187/200	Train Loss: 1.3256	Val Accuracy: 24.18
Training Epoch: 188/200	Train Loss: 1.2881	Val Accuracy: 25.74
Training Epoch: 189/200	Train Loss: 3.0739	Val Accuracy: 25.74
Training Epoch: 190/200	Train Loss: 1.7147	Val Accuracy: 24.78
Training Epoch: 191/200	Train Loss: 1.2068	Val Accuracy: 24.78
Training Epoch: 192/200	Train Loss: 1.1693	Val Accuracy: 25.26
Training Epoch: 193/200	Train Loss: 1.3772	Val Accuracy: 25.26
Training Epoch: 194/200	Train Loss: 1.315	Val Accuracy: 25.18
Training Epoch: 195/200	Train Loss: 1.2815	Val Accuracy: 25.18
Training Epoch: 196/200	Train Loss: 1.309	Val Accuracy: 25.04
Training Epoch: 197/200	Train Loss: 1.4384	Val Accuracy: 25.04
Training Epoch: 198/200	Train Loss: 1.4184	Val Accuracy: 24.84
Training Epoch: 199/200	Train Loss: 1.3597	Val Accuracy: 24.84
Training Epoch: 200/200	Train Loss: 1.2382	Val Accuracy: 25.06

Wrote Best Model Checkpoint to: vlBest_acc_25_model_epoch_0188.pyth

Best Validation Accuracy: 25.74
Best Epoch: 188

======== TESTING ========

Test Accuracy: 25.16.

======== ACTIVE SAMPLING ========

Extracting Lset Representations
len(dataLoader): 3
Extracting Uset Representations
len(dataLoader): 448
lb_repr.shape:  (250, 2048)
ul_repr.shape:  (44750, 2048)
Solving K Center Greedy Approach
[GPU] Labeled.shape: torch.Size([250, 2048])
[GPU] Unlabeled.shape: torch.Size([44750, 2048])
time taken: 0.0007426738739013672 seconds
Time taken to solve K center: 0.15980243682861328 seconds
Active Sampling Complete. After Episode 4:
New Labeled Set: 300, New Unlabeled Set: 44700, Active Set: 50

================================


Current accuracy values:  [18.909999999999997, 18.950000000000003, 21.010000000000005, 20.67999992370605, 25.159999694824222]
Starting model from scratch - ignoring existing weights.
<All keys matched successfully>
None
======== EPISODE 5 BEGINS ========

======== TRAINING ========
Training Epoch: 1/200	Train Loss: 19.8471	Val Accuracy: 0.0
Training Epoch: 2/200	Train Loss: 24.0458	Val Accuracy: 10.22
Training Epoch: 3/200	Train Loss: 24.4892	Val Accuracy: 10.22
Training Epoch: 4/200	Train Loss: 7.4252	Val Accuracy: 10.68
Training Epoch: 5/200	Train Loss: 3.7899	Val Accuracy: 10.68
Training Epoch: 6/200	Train Loss: 2.2201	Val Accuracy: 10.64
Training Epoch: 7/200	Train Loss: 5.1798	Val Accuracy: 10.64
Training Epoch: 8/200	Train Loss: 3.1805	Val Accuracy: 10.6
Training Epoch: 9/200	Train Loss: 2.4514	Val Accuracy: 10.6
Training Epoch: 10/200	Train Loss: 3.4284	Val Accuracy: 8.2
Training Epoch: 11/200	Train Loss: 4.6453	Val Accuracy: 8.2
Training Epoch: 12/200	Train Loss: 2.395	Val Accuracy: 9.58
Training Epoch: 13/200	Train Loss: 4.6412	Val Accuracy: 9.58
Training Epoch: 14/200	Train Loss: 2.4001	Val Accuracy: 8.46
Training Epoch: 15/200	Train Loss: 5.2443	Val Accuracy: 8.46
Training Epoch: 16/200	Train Loss: 3.147	Val Accuracy: 12.74
Training Epoch: 17/200	Train Loss: 2.1127	Val Accuracy: 12.74
Training Epoch: 18/200	Train Loss: 3.3858	Val Accuracy: 14.0
Training Epoch: 19/200	Train Loss: 2.929	Val Accuracy: 14.0
Training Epoch: 20/200	Train Loss: 7.067	Val Accuracy: 13.28
Training Epoch: 21/200	Train Loss: 4.2243	Val Accuracy: 13.28
Training Epoch: 22/200	Train Loss: 6.0101	Val Accuracy: 14.08
Training Epoch: 23/200	Train Loss: 3.5156	Val Accuracy: 14.08
Training Epoch: 24/200	Train Loss: 2.0405	Val Accuracy: 14.2
Training Epoch: 25/200	Train Loss: 2.766	Val Accuracy: 14.2
Training Epoch: 26/200	Train Loss: 2.115	Val Accuracy: 13.78
Training Epoch: 27/200	Train Loss: 2.7657	Val Accuracy: 13.78
Training Epoch: 28/200	Train Loss: 10.8229	Val Accuracy: 10.78
Training Epoch: 29/200	Train Loss: 3.9961	Val Accuracy: 10.78
Training Epoch: 30/200	Train Loss: 2.9402	Val Accuracy: 7.76
Training Epoch: 31/200	Train Loss: 5.873	Val Accuracy: 7.76
Training Epoch: 32/200	Train Loss: 2.2947	Val Accuracy: 9.96
Training Epoch: 33/200	Train Loss: 4.0523	Val Accuracy: 9.96
Training Epoch: 34/200	Train Loss: 5.2951	Val Accuracy: 11.24
Training Epoch: 35/200	Train Loss: 3.1099	Val Accuracy: 11.24
Training Epoch: 36/200	Train Loss: 3.382	Val Accuracy: 13.6
Training Epoch: 37/200	Train Loss: 3.6009	Val Accuracy: 13.6
Training Epoch: 38/200	Train Loss: 2.0852	Val Accuracy: 12.7
Training Epoch: 39/200	Train Loss: 6.7287	Val Accuracy: 12.7
Training Epoch: 40/200	Train Loss: 2.7053	Val Accuracy: 9.96
Training Epoch: 41/200	Train Loss: 3.8303	Val Accuracy: 9.96
Training Epoch: 42/200	Train Loss: 3.8309	Val Accuracy: 11.02
Training Epoch: 43/200	Train Loss: 2.5207	Val Accuracy: 11.02
Training Epoch: 44/200	Train Loss: 2.8754	Val Accuracy: 10.7
Training Epoch: 45/200	Train Loss: 3.6648	Val Accuracy: 10.7
Training Epoch: 46/200	Train Loss: 3.3202	Val Accuracy: 14.82
Training Epoch: 47/200	Train Loss: 3.7642	Val Accuracy: 14.82
Training Epoch: 48/200	Train Loss: 3.3845	Val Accuracy: 15.1
Training Epoch: 49/200	Train Loss: 3.3273	Val Accuracy: 15.1
Training Epoch: 50/200	Train Loss: 2.8311	Val Accuracy: 16.24
Training Epoch: 51/200	Train Loss: 2.95	Val Accuracy: 16.24
Training Epoch: 52/200	Train Loss: 3.8443	Val Accuracy: 16.34
Training Epoch: 53/200	Train Loss: 2.4946	Val Accuracy: 16.34
Training Epoch: 54/200	Train Loss: 3.2139	Val Accuracy: 18.02
Training Epoch: 55/200	Train Loss: 2.4449	Val Accuracy: 18.02
Training Epoch: 56/200	Train Loss: 3.3814	Val Accuracy: 18.16
Training Epoch: 57/200	Train Loss: 2.4681	Val Accuracy: 18.16
Training Epoch: 58/200	Train Loss: 3.0114	Val Accuracy: 17.76
Training Epoch: 59/200	Train Loss: 2.9317	Val Accuracy: 17.76
Training Epoch: 60/200	Train Loss: 3.26	Val Accuracy: 18.78
Training Epoch: 61/200	Train Loss: 3.6846	Val Accuracy: 18.78
Training Epoch: 62/200	Train Loss: 1.9998	Val Accuracy: 18.84
Training Epoch: 63/200	Train Loss: 3.1512	Val Accuracy: 18.84
Training Epoch: 64/200	Train Loss: 2.711	Val Accuracy: 19.04
Training Epoch: 65/200	Train Loss: 2.1746	Val Accuracy: 19.04
Training Epoch: 66/200	Train Loss: 1.8292	Val Accuracy: 19.06
Training Epoch: 67/200	Train Loss: 1.748	Val Accuracy: 19.06
Training Epoch: 68/200	Train Loss: 2.2293	Val Accuracy: 17.34
Training Epoch: 69/200	Train Loss: 3.241	Val Accuracy: 17.34
Training Epoch: 70/200	Train Loss: 3.3729	Val Accuracy: 17.64
Training Epoch: 71/200	Train Loss: 2.7723	Val Accuracy: 17.64
Training Epoch: 72/200	Train Loss: 2.869	Val Accuracy: 19.36
Training Epoch: 73/200	Train Loss: 1.9315	Val Accuracy: 19.36
Training Epoch: 74/200	Train Loss: 2.9407	Val Accuracy: 21.1
Training Epoch: 75/200	Train Loss: 1.718	Val Accuracy: 21.1
Training Epoch: 76/200	Train Loss: 4.686	Val Accuracy: 21.48
Training Epoch: 77/200	Train Loss: 2.2648	Val Accuracy: 21.48
Training Epoch: 78/200	Train Loss: 2.7142	Val Accuracy: 22.44
Training Epoch: 79/200	Train Loss: 2.1903	Val Accuracy: 22.44
Training Epoch: 80/200	Train Loss: 1.729	Val Accuracy: 21.9
Training Epoch: 81/200	Train Loss: 2.1289	Val Accuracy: 21.9
Training Epoch: 82/200	Train Loss: 1.8637	Val Accuracy: 22.42
Training Epoch: 83/200	Train Loss: 2.5462	Val Accuracy: 22.42
Training Epoch: 84/200	Train Loss: 1.7034	Val Accuracy: 22.44
Training Epoch: 85/200	Train Loss: 1.8634	Val Accuracy: 22.44
Training Epoch: 86/200	Train Loss: 2.0759	Val Accuracy: 22.7
Training Epoch: 87/200	Train Loss: 2.1564	Val Accuracy: 22.7
Training Epoch: 88/200	Train Loss: 1.4492	Val Accuracy: 22.98
Training Epoch: 89/200	Train Loss: 1.6781	Val Accuracy: 22.98
Training Epoch: 90/200	Train Loss: 3.2178	Val Accuracy: 23.68
Training Epoch: 91/200	Train Loss: 2.4073	Val Accuracy: 23.68
Training Epoch: 92/200	Train Loss: 2.3349	Val Accuracy: 23.38
Training Epoch: 93/200	Train Loss: 1.884	Val Accuracy: 23.38
Training Epoch: 94/200	Train Loss: 1.855	Val Accuracy: 22.88
Training Epoch: 95/200	Train Loss: 2.5009	Val Accuracy: 22.88
Training Epoch: 96/200	Train Loss: 1.7917	Val Accuracy: 25.66
Training Epoch: 97/200	Train Loss: 2.0576	Val Accuracy: 25.66
Training Epoch: 98/200	Train Loss: 2.8623	Val Accuracy: 24.44
Training Epoch: 99/200	Train Loss: 2.3859	Val Accuracy: 24.44
Training Epoch: 100/200	Train Loss: 1.9519	Val Accuracy: 24.96
Training Epoch: 101/200	Train Loss: 1.7593	Val Accuracy: 24.96
Training Epoch: 102/200	Train Loss: 2.4368	Val Accuracy: 24.9
Training Epoch: 103/200	Train Loss: 1.5286	Val Accuracy: 24.9
Training Epoch: 104/200	Train Loss: 1.4989	Val Accuracy: 24.84
Training Epoch: 105/200	Train Loss: 1.4638	Val Accuracy: 24.84
Training Epoch: 106/200	Train Loss: 1.7243	Val Accuracy: 25.04
Training Epoch: 107/200	Train Loss: 1.1868	Val Accuracy: 25.04
Training Epoch: 108/200	Train Loss: 2.1469	Val Accuracy: 24.98
Training Epoch: 109/200	Train Loss: 1.6235	Val Accuracy: 24.98
Training Epoch: 110/200	Train Loss: 2.3967	Val Accuracy: 26.08
Training Epoch: 111/200	Train Loss: 2.311	Val Accuracy: 26.08
Training Epoch: 112/200	Train Loss: 2.2676	Val Accuracy: 22.18
Training Epoch: 113/200	Train Loss: 1.9417	Val Accuracy: 22.18
Training Epoch: 114/200	Train Loss: 2.3987	Val Accuracy: 25.78
Training Epoch: 115/200	Train Loss: 1.5201	Val Accuracy: 25.78
Training Epoch: 116/200	Train Loss: 1.4888	Val Accuracy: 24.34
Training Epoch: 117/200	Train Loss: 1.5956	Val Accuracy: 24.34
Training Epoch: 118/200	Train Loss: 2.8094	Val Accuracy: 26.0
Training Epoch: 119/200	Train Loss: 2.0857	Val Accuracy: 26.0
Training Epoch: 120/200	Train Loss: 1.9738	Val Accuracy: 25.46
Training Epoch: 121/200	Train Loss: 2.4525	Val Accuracy: 25.46
Training Epoch: 122/200	Train Loss: 1.3281	Val Accuracy: 25.58
Training Epoch: 123/200	Train Loss: 1.3754	Val Accuracy: 25.58
Training Epoch: 124/200	Train Loss: 2.1117	Val Accuracy: 26.36
Training Epoch: 125/200	Train Loss: 1.3982	Val Accuracy: 26.36
Training Epoch: 126/200	Train Loss: 2.0954	Val Accuracy: 25.46
Training Epoch: 127/200	Train Loss: 1.9973	Val Accuracy: 25.46
Training Epoch: 128/200	Train Loss: 1.1023	Val Accuracy: 25.36
Training Epoch: 129/200	Train Loss: 1.5813	Val Accuracy: 25.36
Training Epoch: 130/200	Train Loss: 1.3119	Val Accuracy: 25.96
Training Epoch: 131/200	Train Loss: 1.8384	Val Accuracy: 25.96
Training Epoch: 132/200	Train Loss: 0.9619	Val Accuracy: 25.72
Training Epoch: 133/200	Train Loss: 1.2942	Val Accuracy: 25.72
Training Epoch: 134/200	Train Loss: 1.3181	Val Accuracy: 25.54
Training Epoch: 135/200	Train Loss: 1.4885	Val Accuracy: 25.54
Training Epoch: 136/200	Train Loss: 2.0075	Val Accuracy: 26.2
Training Epoch: 137/200	Train Loss: 1.2063	Val Accuracy: 26.2
Training Epoch: 138/200	Train Loss: 1.3427	Val Accuracy: 26.44
Training Epoch: 139/200	Train Loss: 2.0354	Val Accuracy: 26.44
Training Epoch: 140/200	Train Loss: 1.9239	Val Accuracy: 25.82
Training Epoch: 141/200	Train Loss: 1.0101	Val Accuracy: 25.82
Training Epoch: 142/200	Train Loss: 1.0674	Val Accuracy: 26.38
Training Epoch: 143/200	Train Loss: 1.0577	Val Accuracy: 26.38
Training Epoch: 144/200	Train Loss: 1.4763	Val Accuracy: 27.04
Training Epoch: 145/200	Train Loss: 1.6433	Val Accuracy: 27.04
Training Epoch: 146/200	Train Loss: 1.1466	Val Accuracy: 25.76
Training Epoch: 147/200	Train Loss: 1.2379	Val Accuracy: 25.76
Training Epoch: 148/200	Train Loss: 0.9062	Val Accuracy: 25.86
Training Epoch: 149/200	Train Loss: 1.4227	Val Accuracy: 25.86
Training Epoch: 150/200	Train Loss: 0.8405	Val Accuracy: 26.9
Training Epoch: 151/200	Train Loss: 0.882	Val Accuracy: 26.9
Training Epoch: 152/200	Train Loss: 1.1172	Val Accuracy: 27.02
Training Epoch: 153/200	Train Loss: 1.1284	Val Accuracy: 27.02
Training Epoch: 154/200	Train Loss: 0.6787	Val Accuracy: 25.5
Training Epoch: 155/200	Train Loss: 1.2249	Val Accuracy: 25.5
Training Epoch: 156/200	Train Loss: 1.075	Val Accuracy: 26.14
Training Epoch: 157/200	Train Loss: 1.2117	Val Accuracy: 26.14
Training Epoch: 158/200	Train Loss: 1.0932	Val Accuracy: 26.42
Training Epoch: 159/200	Train Loss: 0.8451	Val Accuracy: 26.42
Training Epoch: 160/200	Train Loss: 1.0126	Val Accuracy: 26.4
Training Epoch: 161/200	Train Loss: 0.9404	Val Accuracy: 26.4
Training Epoch: 162/200	Train Loss: 1.0976	Val Accuracy: 26.24
Training Epoch: 163/200	Train Loss: 0.9676	Val Accuracy: 26.24
Training Epoch: 164/200	Train Loss: 1.1836	Val Accuracy: 26.82
Training Epoch: 165/200	Train Loss: 0.5185	Val Accuracy: 26.82
Training Epoch: 166/200	Train Loss: 0.7324	Val Accuracy: 25.66
Training Epoch: 167/200	Train Loss: 1.2102	Val Accuracy: 25.66
Training Epoch: 168/200	Train Loss: 0.6295	Val Accuracy: 26.4
Training Epoch: 169/200	Train Loss: 0.8768	Val Accuracy: 26.4
Training Epoch: 170/200	Train Loss: 0.6577	Val Accuracy: 26.6
Training Epoch: 171/200	Train Loss: 1.7467	Val Accuracy: 26.6
Training Epoch: 172/200	Train Loss: 0.915	Val Accuracy: 26.86
Training Epoch: 173/200	Train Loss: 0.5759	Val Accuracy: 26.86
Training Epoch: 174/200	Train Loss: 0.8492	Val Accuracy: 25.66
Training Epoch: 175/200	Train Loss: 1.115	Val Accuracy: 25.66
Training Epoch: 176/200	Train Loss: 0.6557	Val Accuracy: 26.0
Training Epoch: 177/200	Train Loss: 0.546	Val Accuracy: 26.0
Training Epoch: 178/200	Train Loss: 1.2418	Val Accuracy: 26.38
Training Epoch: 179/200	Train Loss: 0.6716	Val Accuracy: 26.38
Training Epoch: 180/200	Train Loss: 0.9778	Val Accuracy: 26.88
Training Epoch: 181/200	Train Loss: 0.6843	Val Accuracy: 26.88
Training Epoch: 182/200	Train Loss: 1.1925	Val Accuracy: 25.36
Training Epoch: 183/200	Train Loss: 0.4682	Val Accuracy: 25.36
Training Epoch: 184/200	Train Loss: 0.5979	Val Accuracy: 27.2
Training Epoch: 185/200	Train Loss: 1.1588	Val Accuracy: 27.2
Training Epoch: 186/200	Train Loss: 1.169	Val Accuracy: 26.16
Training Epoch: 187/200	Train Loss: 1.3578	Val Accuracy: 26.16
Training Epoch: 188/200	Train Loss: 0.9378	Val Accuracy: 26.86
Training Epoch: 189/200	Train Loss: 1.2533	Val Accuracy: 26.86
Training Epoch: 190/200	Train Loss: 0.6696	Val Accuracy: 26.4
Training Epoch: 191/200	Train Loss: 0.5554	Val Accuracy: 26.4
Training Epoch: 192/200	Train Loss: 0.3865	Val Accuracy: 26.28
Training Epoch: 193/200	Train Loss: 1.5743	Val Accuracy: 26.28
Training Epoch: 194/200	Train Loss: 0.5839	Val Accuracy: 26.28
Training Epoch: 195/200	Train Loss: 0.7273	Val Accuracy: 26.28
Training Epoch: 196/200	Train Loss: 0.4537	Val Accuracy: 26.0
Training Epoch: 197/200	Train Loss: 1.1228	Val Accuracy: 26.0
Training Epoch: 198/200	Train Loss: 0.7221	Val Accuracy: 25.86
Training Epoch: 199/200	Train Loss: 0.9612	Val Accuracy: 25.86
Training Epoch: 200/200	Train Loss: 1.0089	Val Accuracy: 26.7

Wrote Best Model Checkpoint to: vlBest_acc_27_model_epoch_0184.pyth

Best Validation Accuracy: 27.2
Best Epoch: 184

======== TESTING ========

Test Accuracy: 26.96.

======== ACTIVE SAMPLING ========

Extracting Lset Representations
len(dataLoader): 3
Extracting Uset Representations
len(dataLoader): 447
lb_repr.shape:  (300, 2048)
ul_repr.shape:  (44700, 2048)
Solving K Center Greedy Approach
[GPU] Labeled.shape: torch.Size([300, 2048])
[GPU] Unlabeled.shape: torch.Size([44700, 2048])
time taken: 0.0005834102630615234 seconds
Time taken to solve K center: 0.1614246368408203 seconds
Active Sampling Complete. After Episode 5:
New Labeled Set: 350, New Unlabeled Set: 44650, Active Set: 50

================================


Current accuracy values:  [18.909999999999997, 18.950000000000003, 21.010000000000005, 20.67999992370605, 25.159999694824222, 26.95999938964843]
Starting model from scratch - ignoring existing weights.
<All keys matched successfully>
None
======== EPISODE 6 BEGINS ========

======== TRAINING ========
Training Epoch: 1/200	Train Loss: 14.8365	Val Accuracy: 0.0
Training Epoch: 2/200	Train Loss: 22.0056	Val Accuracy: 9.74
Training Epoch: 3/200	Train Loss: 16.6453	Val Accuracy: 9.74
Training Epoch: 4/200	Train Loss: 7.7756	Val Accuracy: 9.88
Training Epoch: 5/200	Train Loss: 4.3486	Val Accuracy: 9.88
Training Epoch: 6/200	Train Loss: 5.984	Val Accuracy: 10.08
Training Epoch: 7/200	Train Loss: 3.2014	Val Accuracy: 10.08
Training Epoch: 8/200	Train Loss: 2.8587	Val Accuracy: 9.56
Training Epoch: 9/200	Train Loss: 2.5187	Val Accuracy: 9.56
Training Epoch: 10/200	Train Loss: 3.7244	Val Accuracy: 10.52
Training Epoch: 11/200	Train Loss: 2.7546	Val Accuracy: 10.52
Training Epoch: 12/200	Train Loss: 3.3952	Val Accuracy: 9.94
Training Epoch: 13/200	Train Loss: 3.8443	Val Accuracy: 9.94
Training Epoch: 14/200	Train Loss: 3.3117	Val Accuracy: 11.16
Training Epoch: 15/200	Train Loss: 2.6385	Val Accuracy: 11.16
Training Epoch: 16/200	Train Loss: 2.4179	Val Accuracy: 12.92
Training Epoch: 17/200	Train Loss: 2.1368	Val Accuracy: 12.92
Training Epoch: 18/200	Train Loss: 2.7372	Val Accuracy: 13.3
Training Epoch: 19/200	Train Loss: 2.3019	Val Accuracy: 13.3
Training Epoch: 20/200	Train Loss: 3.0232	Val Accuracy: 13.2
Training Epoch: 21/200	Train Loss: 2.561	Val Accuracy: 13.2
Training Epoch: 22/200	Train Loss: 3.0941	Val Accuracy: 13.2
Training Epoch: 23/200	Train Loss: 4.3423	Val Accuracy: 13.2
Training Epoch: 24/200	Train Loss: 2.3818	Val Accuracy: 13.1
Training Epoch: 25/200	Train Loss: 2.1512	Val Accuracy: 13.1
Training Epoch: 26/200	Train Loss: 2.1046	Val Accuracy: 13.8
Training Epoch: 27/200	Train Loss: 2.7488	Val Accuracy: 13.8
Training Epoch: 28/200	Train Loss: 3.0749	Val Accuracy: 12.0
Training Epoch: 29/200	Train Loss: 2.7617	Val Accuracy: 12.0
Training Epoch: 30/200	Train Loss: 2.12	Val Accuracy: 12.54
Training Epoch: 31/200	Train Loss: 3.453	Val Accuracy: 12.54
Training Epoch: 32/200	Train Loss: 4.0302	Val Accuracy: 13.32
Training Epoch: 33/200	Train Loss: 2.1948	Val Accuracy: 13.32
Training Epoch: 34/200	Train Loss: 3.1943	Val Accuracy: 13.82
Training Epoch: 35/200	Train Loss: 2.0508	Val Accuracy: 13.82
Training Epoch: 36/200	Train Loss: 4.7964	Val Accuracy: 14.88
Training Epoch: 37/200	Train Loss: 3.4609	Val Accuracy: 14.88
Training Epoch: 38/200	Train Loss: 2.0744	Val Accuracy: 15.46
Training Epoch: 39/200	Train Loss: 3.1888	Val Accuracy: 15.46
Training Epoch: 40/200	Train Loss: 3.5508	Val Accuracy: 16.3
Training Epoch: 41/200	Train Loss: 3.2375	Val Accuracy: 16.3
Training Epoch: 42/200	Train Loss: 2.9695	Val Accuracy: 16.46
Training Epoch: 43/200	Train Loss: 4.0826	Val Accuracy: 16.46
Training Epoch: 44/200	Train Loss: 3.7535	Val Accuracy: 17.08
Training Epoch: 45/200	Train Loss: 1.8168	Val Accuracy: 17.08
Training Epoch: 46/200	Train Loss: 2.2531	Val Accuracy: 18.48
Training Epoch: 47/200	Train Loss: 2.3631	Val Accuracy: 18.48
Training Epoch: 48/200	Train Loss: 1.8886	Val Accuracy: 19.46
Training Epoch: 49/200	Train Loss: 1.7755	Val Accuracy: 19.46
Training Epoch: 50/200	Train Loss: 1.7176	Val Accuracy: 18.56
Training Epoch: 51/200	Train Loss: 2.3765	Val Accuracy: 18.56
Training Epoch: 52/200	Train Loss: 2.9743	Val Accuracy: 18.5
Training Epoch: 53/200	Train Loss: 3.1299	Val Accuracy: 18.5
Training Epoch: 54/200	Train Loss: 4.0287	Val Accuracy: 21.14
Training Epoch: 55/200	Train Loss: 1.9437	Val Accuracy: 21.14
Training Epoch: 56/200	Train Loss: 4.3822	Val Accuracy: 21.32
Training Epoch: 57/200	Train Loss: 2.0228	Val Accuracy: 21.32
Training Epoch: 58/200	Train Loss: 1.9219	Val Accuracy: 19.06
Training Epoch: 59/200	Train Loss: 3.6117	Val Accuracy: 19.06
Training Epoch: 60/200	Train Loss: 3.8341	Val Accuracy: 19.06
Training Epoch: 61/200	Train Loss: 1.6261	Val Accuracy: 19.06
Training Epoch: 62/200	Train Loss: 1.7996	Val Accuracy: 19.88
Training Epoch: 63/200	Train Loss: 1.6821	Val Accuracy: 19.88
Training Epoch: 64/200	Train Loss: 4.8935	Val Accuracy: 18.58
Training Epoch: 65/200	Train Loss: 4.3595	Val Accuracy: 18.58
Training Epoch: 66/200	Train Loss: 3.2718	Val Accuracy: 17.22
Training Epoch: 67/200	Train Loss: 2.1252	Val Accuracy: 17.22
Training Epoch: 68/200	Train Loss: 2.3939	Val Accuracy: 16.84
Training Epoch: 69/200	Train Loss: 2.1517	Val Accuracy: 16.84
Training Epoch: 70/200	Train Loss: 2.2479	Val Accuracy: 19.24
Training Epoch: 71/200	Train Loss: 1.7357	Val Accuracy: 19.24
Training Epoch: 72/200	Train Loss: 1.9979	Val Accuracy: 19.7
Training Epoch: 73/200	Train Loss: 2.8452	Val Accuracy: 19.7
Training Epoch: 74/200	Train Loss: 2.8753	Val Accuracy: 21.08
Training Epoch: 75/200	Train Loss: 2.1496	Val Accuracy: 21.08
Training Epoch: 76/200	Train Loss: 2.1988	Val Accuracy: 20.82
Training Epoch: 77/200	Train Loss: 1.7451	Val Accuracy: 20.82
Training Epoch: 78/200	Train Loss: 1.778	Val Accuracy: 20.12
Training Epoch: 79/200	Train Loss: 2.9136	Val Accuracy: 20.12
Training Epoch: 80/200	Train Loss: 2.0031	Val Accuracy: 22.82
Training Epoch: 81/200	Train Loss: 1.6473	Val Accuracy: 22.82
Training Epoch: 82/200	Train Loss: 1.5831	Val Accuracy: 22.74
Training Epoch: 83/200	Train Loss: 1.7325	Val Accuracy: 22.74
Training Epoch: 84/200	Train Loss: 1.9712	Val Accuracy: 21.74
Training Epoch: 85/200	Train Loss: 2.6849	Val Accuracy: 21.74
Training Epoch: 86/200	Train Loss: 2.6484	Val Accuracy: 24.0
Training Epoch: 87/200	Train Loss: 2.0728	Val Accuracy: 24.0
Training Epoch: 88/200	Train Loss: 2.641	Val Accuracy: 22.34
Training Epoch: 89/200	Train Loss: 1.5864	Val Accuracy: 22.34
Training Epoch: 90/200	Train Loss: 2.3847	Val Accuracy: 23.46
Training Epoch: 91/200	Train Loss: 1.619	Val Accuracy: 23.46
Training Epoch: 92/200	Train Loss: 2.8372	Val Accuracy: 22.88
Training Epoch: 93/200	Train Loss: 3.3431	Val Accuracy: 22.88
Training Epoch: 94/200	Train Loss: 1.4	Val Accuracy: 24.66
Training Epoch: 95/200	Train Loss: 1.3459	Val Accuracy: 24.66
Training Epoch: 96/200	Train Loss: 1.4676	Val Accuracy: 24.84
Training Epoch: 97/200	Train Loss: 3.6275	Val Accuracy: 24.84
Training Epoch: 98/200	Train Loss: 1.4654	Val Accuracy: 24.26
Training Epoch: 99/200	Train Loss: 2.3947	Val Accuracy: 24.26
Training Epoch: 100/200	Train Loss: 2.9353	Val Accuracy: 23.88
Training Epoch: 101/200	Train Loss: 2.3765	Val Accuracy: 23.88
Training Epoch: 102/200	Train Loss: 2.2554	Val Accuracy: 24.52
Training Epoch: 103/200	Train Loss: 1.5954	Val Accuracy: 24.52
Training Epoch: 104/200	Train Loss: 2.9568	Val Accuracy: 25.44
Training Epoch: 105/200	Train Loss: 1.919	Val Accuracy: 25.44
Training Epoch: 106/200	Train Loss: 1.4833	Val Accuracy: 25.78
Training Epoch: 107/200	Train Loss: 2.1128	Val Accuracy: 25.78
Training Epoch: 108/200	Train Loss: 1.224	Val Accuracy: 26.58
Training Epoch: 109/200	Train Loss: 1.3263	Val Accuracy: 26.58
Training Epoch: 110/200	Train Loss: 1.3257	Val Accuracy: 26.26
Training Epoch: 111/200	Train Loss: 2.3175	Val Accuracy: 26.26
Training Epoch: 112/200	Train Loss: 1.5193	Val Accuracy: 26.96
Training Epoch: 113/200	Train Loss: 1.3287	Val Accuracy: 26.96
Training Epoch: 114/200	Train Loss: 1.448	Val Accuracy: 26.76
Training Epoch: 115/200	Train Loss: 1.3893	Val Accuracy: 26.76
Training Epoch: 116/200	Train Loss: 1.7497	Val Accuracy: 26.74
Training Epoch: 117/200	Train Loss: 1.4137	Val Accuracy: 26.74
Training Epoch: 118/200	Train Loss: 1.3594	Val Accuracy: 26.0
Training Epoch: 119/200	Train Loss: 1.492	Val Accuracy: 26.0
Training Epoch: 120/200	Train Loss: 1.1312	Val Accuracy: 25.84
Training Epoch: 121/200	Train Loss: 1.9906	Val Accuracy: 25.84
Training Epoch: 122/200	Train Loss: 1.7751	Val Accuracy: 26.5
Training Epoch: 123/200	Train Loss: 1.1577	Val Accuracy: 26.5
Training Epoch: 124/200	Train Loss: 0.9569	Val Accuracy: 26.6
Training Epoch: 125/200	Train Loss: 1.419	Val Accuracy: 26.6
Training Epoch: 126/200	Train Loss: 1.208	Val Accuracy: 26.0
Training Epoch: 127/200	Train Loss: 2.3755	Val Accuracy: 26.0
Training Epoch: 128/200	Train Loss: 1.4164	Val Accuracy: 27.24
Training Epoch: 129/200	Train Loss: 1.2639	Val Accuracy: 27.24
Training Epoch: 130/200	Train Loss: 1.1369	Val Accuracy: 26.96
Training Epoch: 131/200	Train Loss: 1.7112	Val Accuracy: 26.96
Training Epoch: 132/200	Train Loss: 0.9095	Val Accuracy: 27.34
Training Epoch: 133/200	Train Loss: 1.3459	Val Accuracy: 27.34
Training Epoch: 134/200	Train Loss: 1.403	Val Accuracy: 27.2
Training Epoch: 135/200	Train Loss: 1.0574	Val Accuracy: 27.2
Training Epoch: 136/200	Train Loss: 2.1981	Val Accuracy: 27.3
Training Epoch: 137/200	Train Loss: 1.2149	Val Accuracy: 27.3
Training Epoch: 138/200	Train Loss: 1.4914	Val Accuracy: 27.72
Training Epoch: 139/200	Train Loss: 2.0261	Val Accuracy: 27.72
Training Epoch: 140/200	Train Loss: 1.359	Val Accuracy: 27.06
Training Epoch: 141/200	Train Loss: 0.9683	Val Accuracy: 27.06
Training Epoch: 142/200	Train Loss: 0.965	Val Accuracy: 27.72
Training Epoch: 143/200	Train Loss: 0.9847	Val Accuracy: 27.72
Training Epoch: 144/200	Train Loss: 0.747	Val Accuracy: 26.8
Training Epoch: 145/200	Train Loss: 0.9891	Val Accuracy: 26.8
Training Epoch: 146/200	Train Loss: 0.7421	Val Accuracy: 26.56
Training Epoch: 147/200	Train Loss: 0.7205	Val Accuracy: 26.56
Training Epoch: 148/200	Train Loss: 0.9321	Val Accuracy: 27.5
Training Epoch: 149/200	Train Loss: 0.801	Val Accuracy: 27.5
Training Epoch: 150/200	Train Loss: 1.28	Val Accuracy: 27.1
Training Epoch: 151/200	Train Loss: 0.9275	Val Accuracy: 27.1
Training Epoch: 152/200	Train Loss: 0.7194	Val Accuracy: 28.2
Training Epoch: 153/200	Train Loss: 0.6671	Val Accuracy: 28.2
Training Epoch: 154/200	Train Loss: 0.9597	Val Accuracy: 27.82
Training Epoch: 155/200	Train Loss: 1.136	Val Accuracy: 27.82
Training Epoch: 156/200	Train Loss: 1.0675	Val Accuracy: 27.42
Training Epoch: 157/200	Train Loss: 1.2769	Val Accuracy: 27.42
Training Epoch: 158/200	Train Loss: 0.8252	Val Accuracy: 27.54
Training Epoch: 159/200	Train Loss: 0.7011	Val Accuracy: 27.54
Training Epoch: 160/200	Train Loss: 1.4035	Val Accuracy: 27.58
Training Epoch: 161/200	Train Loss: 0.6942	Val Accuracy: 27.58
Training Epoch: 162/200	Train Loss: 0.8393	Val Accuracy: 28.08
Training Epoch: 163/200	Train Loss: 0.8478	Val Accuracy: 28.08
Training Epoch: 164/200	Train Loss: 0.7359	Val Accuracy: 28.28
Training Epoch: 165/200	Train Loss: 0.4452	Val Accuracy: 28.28
Training Epoch: 166/200	Train Loss: 0.8486	Val Accuracy: 27.56
Training Epoch: 167/200	Train Loss: 0.6269	Val Accuracy: 27.56
Training Epoch: 168/200	Train Loss: 0.9053	Val Accuracy: 27.94
Training Epoch: 169/200	Train Loss: 0.6119	Val Accuracy: 27.94
Training Epoch: 170/200	Train Loss: 0.7306	Val Accuracy: 27.54
Training Epoch: 171/200	Train Loss: 0.4798	Val Accuracy: 27.54
Training Epoch: 172/200	Train Loss: 0.4875	Val Accuracy: 27.5
Training Epoch: 173/200	Train Loss: 0.6809	Val Accuracy: 27.5
Training Epoch: 174/200	Train Loss: 0.9636	Val Accuracy: 27.9
Training Epoch: 175/200	Train Loss: 1.0832	Val Accuracy: 27.9
Training Epoch: 176/200	Train Loss: 0.6077	Val Accuracy: 28.68
Training Epoch: 177/200	Train Loss: 0.4109	Val Accuracy: 28.68
Training Epoch: 178/200	Train Loss: 0.5202	Val Accuracy: 28.22
Training Epoch: 179/200	Train Loss: 0.5207	Val Accuracy: 28.22
Training Epoch: 180/200	Train Loss: 1.247	Val Accuracy: 27.96
Training Epoch: 181/200	Train Loss: 0.4774	Val Accuracy: 27.96
Training Epoch: 182/200	Train Loss: 0.7573	Val Accuracy: 28.12
Training Epoch: 183/200	Train Loss: 0.4043	Val Accuracy: 28.12
Training Epoch: 184/200	Train Loss: 1.4979	Val Accuracy: 29.06
Training Epoch: 185/200	Train Loss: 1.4027	Val Accuracy: 29.06
Training Epoch: 186/200	Train Loss: 0.5953	Val Accuracy: 28.76
Training Epoch: 187/200	Train Loss: 0.6295	Val Accuracy: 28.76
Training Epoch: 188/200	Train Loss: 1.2671	Val Accuracy: 28.64
Training Epoch: 189/200	Train Loss: 0.64	Val Accuracy: 28.64
Training Epoch: 190/200	Train Loss: 1.212	Val Accuracy: 28.4
Training Epoch: 191/200	Train Loss: 0.4641	Val Accuracy: 28.4
Training Epoch: 192/200	Train Loss: 0.4291	Val Accuracy: 28.02
Training Epoch: 193/200	Train Loss: 0.3421	Val Accuracy: 28.02
Training Epoch: 194/200	Train Loss: 0.4753	Val Accuracy: 28.02
Training Epoch: 195/200	Train Loss: 1.09	Val Accuracy: 28.02
Training Epoch: 196/200	Train Loss: 0.5209	Val Accuracy: 28.04
Training Epoch: 197/200	Train Loss: 0.6408	Val Accuracy: 28.04
Training Epoch: 198/200	Train Loss: 0.3009	Val Accuracy: 27.54
Training Epoch: 199/200	Train Loss: 0.469	Val Accuracy: 27.54
Training Epoch: 200/200	Train Loss: 0.7751	Val Accuracy: 28.14

Wrote Best Model Checkpoint to: vlBest_acc_29_model_epoch_0184.pyth

Best Validation Accuracy: 29.06
Best Epoch: 184

======== TESTING ========

Test Accuracy: 28.77.

======== ACTIVE SAMPLING ========

Extracting Lset Representations
len(dataLoader): 4
Extracting Uset Representations
len(dataLoader): 447
lb_repr.shape:  (350, 2048)
ul_repr.shape:  (44650, 2048)
Solving K Center Greedy Approach
[GPU] Labeled.shape: torch.Size([350, 2048])
[GPU] Unlabeled.shape: torch.Size([44650, 2048])
time taken: 0.00047850608825683594 seconds
Time taken to solve K center: 0.15353608131408691 seconds
Active Sampling Complete. After Episode 6:
New Labeled Set: 400, New Unlabeled Set: 44600, Active Set: 50

================================


Current accuracy values:  [18.909999999999997, 18.950000000000003, 21.010000000000005, 20.67999992370605, 25.159999694824222, 26.95999938964843, 28.769999122619623]
Starting model from scratch - ignoring existing weights.
<All keys matched successfully>
None
======== EPISODE 7 BEGINS ========

======== TRAINING ========
Training Epoch: 1/200	Train Loss: 23.9073	Val Accuracy: 0.0
Training Epoch: 2/200	Train Loss: 29.0189	Val Accuracy: 10.22
Training Epoch: 3/200	Train Loss: 11.2921	Val Accuracy: 10.22
Training Epoch: 4/200	Train Loss: 13.8995	Val Accuracy: 9.88
Training Epoch: 5/200	Train Loss: 5.0252	Val Accuracy: 9.88
Training Epoch: 6/200	Train Loss: 3.8886	Val Accuracy: 11.4
Training Epoch: 7/200	Train Loss: 3.3083	Val Accuracy: 11.4
Training Epoch: 8/200	Train Loss: 3.583	Val Accuracy: 12.76
Training Epoch: 9/200	Train Loss: 3.9074	Val Accuracy: 12.76
Training Epoch: 10/200	Train Loss: 4.0391	Val Accuracy: 10.22
Training Epoch: 11/200	Train Loss: 3.0829	Val Accuracy: 10.22
Training Epoch: 12/200	Train Loss: 3.1803	Val Accuracy: 12.08
Training Epoch: 13/200	Train Loss: 4.4422	Val Accuracy: 12.08
Training Epoch: 14/200	Train Loss: 3.3909	Val Accuracy: 11.1
Training Epoch: 15/200	Train Loss: 5.3192	Val Accuracy: 11.1
Training Epoch: 16/200	Train Loss: 2.5824	Val Accuracy: 10.84
Training Epoch: 17/200	Train Loss: 2.3452	Val Accuracy: 10.84
Training Epoch: 18/200	Train Loss: 2.3849	Val Accuracy: 12.58
Training Epoch: 19/200	Train Loss: 3.3253	Val Accuracy: 12.58
Training Epoch: 20/200	Train Loss: 2.7407	Val Accuracy: 14.46
Training Epoch: 21/200	Train Loss: 3.7639	Val Accuracy: 14.46
Training Epoch: 22/200	Train Loss: 3.1733	Val Accuracy: 13.02
Training Epoch: 23/200	Train Loss: 4.1847	Val Accuracy: 13.02
Training Epoch: 24/200	Train Loss: 3.1491	Val Accuracy: 16.12
Training Epoch: 25/200	Train Loss: 2.8453	Val Accuracy: 16.12
Training Epoch: 26/200	Train Loss: 2.7652	Val Accuracy: 16.04
Training Epoch: 27/200	Train Loss: 2.9505	Val Accuracy: 16.04
Training Epoch: 28/200	Train Loss: 3.7193	Val Accuracy: 15.18
Training Epoch: 29/200	Train Loss: 3.5315	Val Accuracy: 15.18
Training Epoch: 30/200	Train Loss: 4.0848	Val Accuracy: 16.62
Training Epoch: 31/200	Train Loss: 4.2636	Val Accuracy: 16.62
Training Epoch: 32/200	Train Loss: 2.8106	Val Accuracy: 18.08
Training Epoch: 33/200	Train Loss: 1.9082	Val Accuracy: 18.08
Training Epoch: 34/200	Train Loss: 2.2359	Val Accuracy: 18.5
Training Epoch: 35/200	Train Loss: 2.6597	Val Accuracy: 18.5
Training Epoch: 36/200	Train Loss: 3.0813	Val Accuracy: 18.18
Training Epoch: 37/200	Train Loss: 3.4129	Val Accuracy: 18.18
Training Epoch: 38/200	Train Loss: 3.4486	Val Accuracy: 18.88
Training Epoch: 39/200	Train Loss: 2.9616	Val Accuracy: 18.88
Training Epoch: 40/200	Train Loss: 2.6068	Val Accuracy: 18.54
Training Epoch: 41/200	Train Loss: 3.7496	Val Accuracy: 18.54
Training Epoch: 42/200	Train Loss: 2.8783	Val Accuracy: 19.7
Training Epoch: 43/200	Train Loss: 2.1284	Val Accuracy: 19.7
Training Epoch: 44/200	Train Loss: 2.2606	Val Accuracy: 19.54
Training Epoch: 45/200	Train Loss: 1.856	Val Accuracy: 19.54
Training Epoch: 46/200	Train Loss: 3.6806	Val Accuracy: 19.68
Training Epoch: 47/200	Train Loss: 1.7916	Val Accuracy: 19.68
Training Epoch: 48/200	Train Loss: 2.2037	Val Accuracy: 21.66
Training Epoch: 49/200	Train Loss: 2.7867	Val Accuracy: 21.66
Training Epoch: 50/200	Train Loss: 2.3964	Val Accuracy: 20.46
Training Epoch: 51/200	Train Loss: 2.4377	Val Accuracy: 20.46
Training Epoch: 52/200	Train Loss: 2.3022	Val Accuracy: 17.82
Training Epoch: 53/200	Train Loss: 2.5697	Val Accuracy: 17.82
Training Epoch: 54/200	Train Loss: 2.1326	Val Accuracy: 19.62
Training Epoch: 55/200	Train Loss: 2.8812	Val Accuracy: 19.62
Training Epoch: 56/200	Train Loss: 2.7565	Val Accuracy: 20.52
Training Epoch: 57/200	Train Loss: 1.854	Val Accuracy: 20.52
Training Epoch: 58/200	Train Loss: 2.787	Val Accuracy: 21.58
Training Epoch: 59/200	Train Loss: 2.2123	Val Accuracy: 21.58
Training Epoch: 60/200	Train Loss: 1.6931	Val Accuracy: 20.64
Training Epoch: 61/200	Train Loss: 1.7402	Val Accuracy: 20.64
Training Epoch: 62/200	Train Loss: 2.1693	Val Accuracy: 22.84
Training Epoch: 63/200	Train Loss: 1.8194	Val Accuracy: 22.84
Training Epoch: 64/200	Train Loss: 2.536	Val Accuracy: 23.54
Training Epoch: 65/200	Train Loss: 2.8333	Val Accuracy: 23.54
Training Epoch: 66/200	Train Loss: 1.7071	Val Accuracy: 23.6
Training Epoch: 67/200	Train Loss: 2.4001	Val Accuracy: 23.6
Training Epoch: 68/200	Train Loss: 1.6853	Val Accuracy: 23.26
Training Epoch: 69/200	Train Loss: 1.838	Val Accuracy: 23.26
Training Epoch: 70/200	Train Loss: 2.783	Val Accuracy: 23.06
Training Epoch: 71/200	Train Loss: 2.9639	Val Accuracy: 23.06
Training Epoch: 72/200	Train Loss: 1.9008	Val Accuracy: 14.3
Training Epoch: 73/200	Train Loss: 1.9293	Val Accuracy: 14.3
Training Epoch: 74/200	Train Loss: 2.4518	Val Accuracy: 16.34
Training Epoch: 75/200	Train Loss: 1.984	Val Accuracy: 16.34
Training Epoch: 76/200	Train Loss: 1.8204	Val Accuracy: 20.3
Training Epoch: 77/200	Train Loss: 3.3268	Val Accuracy: 20.3
Training Epoch: 78/200	Train Loss: 2.4271	Val Accuracy: 22.14
Training Epoch: 79/200	Train Loss: 2.2179	Val Accuracy: 22.14
Training Epoch: 80/200	Train Loss: 1.7674	Val Accuracy: 25.1
Training Epoch: 81/200	Train Loss: 2.6458	Val Accuracy: 25.1
Training Epoch: 82/200	Train Loss: 1.7051	Val Accuracy: 23.16
Training Epoch: 83/200	Train Loss: 1.8467	Val Accuracy: 23.16
Training Epoch: 84/200	Train Loss: 2.4288	Val Accuracy: 25.08
Training Epoch: 85/200	Train Loss: 2.2867	Val Accuracy: 25.08
Training Epoch: 86/200	Train Loss: 2.4581	Val Accuracy: 24.68
Training Epoch: 87/200	Train Loss: 2.4816	Val Accuracy: 24.68
Training Epoch: 88/200	Train Loss: 1.7952	Val Accuracy: 26.14
Training Epoch: 89/200	Train Loss: 2.1861	Val Accuracy: 26.14
Training Epoch: 90/200	Train Loss: 1.6919	Val Accuracy: 25.74
Training Epoch: 91/200	Train Loss: 1.702	Val Accuracy: 25.74
Training Epoch: 92/200	Train Loss: 2.1266	Val Accuracy: 25.3
Training Epoch: 93/200	Train Loss: 1.9852	Val Accuracy: 25.3
Training Epoch: 94/200	Train Loss: 1.837	Val Accuracy: 24.56
Training Epoch: 95/200	Train Loss: 1.8136	Val Accuracy: 24.56
Training Epoch: 96/200	Train Loss: 1.9818	Val Accuracy: 24.6
Training Epoch: 97/200	Train Loss: 2.0589	Val Accuracy: 24.6
Training Epoch: 98/200	Train Loss: 2.1122	Val Accuracy: 25.54
Training Epoch: 99/200	Train Loss: 2.3516	Val Accuracy: 25.54
Training Epoch: 100/200	Train Loss: 2.0989	Val Accuracy: 26.84
Training Epoch: 101/200	Train Loss: 1.8423	Val Accuracy: 26.84
Training Epoch: 102/200	Train Loss: 1.589	Val Accuracy: 27.86
Training Epoch: 103/200	Train Loss: 1.7136	Val Accuracy: 27.86
Training Epoch: 104/200	Train Loss: 1.7549	Val Accuracy: 27.72
Training Epoch: 105/200	Train Loss: 1.6337	Val Accuracy: 27.72
Training Epoch: 106/200	Train Loss: 1.9006	Val Accuracy: 27.48
Training Epoch: 107/200	Train Loss: 1.5766	Val Accuracy: 27.48
Training Epoch: 108/200	Train Loss: 1.4019	Val Accuracy: 26.2
Training Epoch: 109/200	Train Loss: 1.9398	Val Accuracy: 26.2
Training Epoch: 110/200	Train Loss: 1.5536	Val Accuracy: 28.38
Training Epoch: 111/200	Train Loss: 1.1318	Val Accuracy: 28.38
Training Epoch: 112/200	Train Loss: 1.1546	Val Accuracy: 27.82
Training Epoch: 113/200	Train Loss: 1.3248	Val Accuracy: 27.82
Training Epoch: 114/200	Train Loss: 1.1413	Val Accuracy: 28.48
Training Epoch: 115/200	Train Loss: 1.7963	Val Accuracy: 28.48
Training Epoch: 116/200	Train Loss: 1.1731	Val Accuracy: 28.64
Training Epoch: 117/200	Train Loss: 1.1265	Val Accuracy: 28.64
Training Epoch: 118/200	Train Loss: 1.748	Val Accuracy: 29.36
Training Epoch: 119/200	Train Loss: 1.1885	Val Accuracy: 29.36
Training Epoch: 120/200	Train Loss: 1.4778	Val Accuracy: 28.86
Training Epoch: 121/200	Train Loss: 1.3245	Val Accuracy: 28.86
Training Epoch: 122/200	Train Loss: 0.8888	Val Accuracy: 27.98
Training Epoch: 123/200	Train Loss: 1.1576	Val Accuracy: 27.98
Training Epoch: 124/200	Train Loss: 1.4186	Val Accuracy: 27.88
Training Epoch: 125/200	Train Loss: 1.5068	Val Accuracy: 27.88
Training Epoch: 126/200	Train Loss: 1.315	Val Accuracy: 28.86
Training Epoch: 127/200	Train Loss: 1.0238	Val Accuracy: 28.86
Training Epoch: 128/200	Train Loss: 1.3198	Val Accuracy: 27.44
Training Epoch: 129/200	Train Loss: 1.235	Val Accuracy: 27.44
Training Epoch: 130/200	Train Loss: 1.1243	Val Accuracy: 26.52
Training Epoch: 131/200	Train Loss: 1.2952	Val Accuracy: 26.52
Training Epoch: 132/200	Train Loss: 0.9974	Val Accuracy: 26.2
Training Epoch: 133/200	Train Loss: 1.2582	Val Accuracy: 26.2
Training Epoch: 134/200	Train Loss: 0.9444	Val Accuracy: 28.74
Training Epoch: 135/200	Train Loss: 1.2279	Val Accuracy: 28.74
Training Epoch: 136/200	Train Loss: 0.9981	Val Accuracy: 27.76
Training Epoch: 137/200	Train Loss: 0.8131	Val Accuracy: 27.76
Training Epoch: 138/200	Train Loss: 0.9325	Val Accuracy: 27.2
Training Epoch: 139/200	Train Loss: 1.2337	Val Accuracy: 27.2
Training Epoch: 140/200	Train Loss: 1.0993	Val Accuracy: 28.2
Training Epoch: 141/200	Train Loss: 1.2297	Val Accuracy: 28.2
Training Epoch: 142/200	Train Loss: 0.6607	Val Accuracy: 27.86
Training Epoch: 143/200	Train Loss: 0.9577	Val Accuracy: 27.86
Training Epoch: 144/200	Train Loss: 1.0945	Val Accuracy: 27.68
Training Epoch: 145/200	Train Loss: 0.8196	Val Accuracy: 27.68
Training Epoch: 146/200	Train Loss: 0.8105	Val Accuracy: 27.96
Training Epoch: 147/200	Train Loss: 1.2811	Val Accuracy: 27.96
Training Epoch: 148/200	Train Loss: 0.8302	Val Accuracy: 27.28
Training Epoch: 149/200	Train Loss: 0.5967	Val Accuracy: 27.28
Training Epoch: 150/200	Train Loss: 0.8942	Val Accuracy: 28.54
Training Epoch: 151/200	Train Loss: 0.7317	Val Accuracy: 28.54
Training Epoch: 152/200	Train Loss: 0.9519	Val Accuracy: 28.64
Training Epoch: 153/200	Train Loss: 0.8915	Val Accuracy: 28.64
Training Epoch: 154/200	Train Loss: 0.6566	Val Accuracy: 28.36
Training Epoch: 155/200	Train Loss: 0.4908	Val Accuracy: 28.36
Training Epoch: 156/200	Train Loss: 0.4605	Val Accuracy: 27.82
Training Epoch: 157/200	Train Loss: 0.7189	Val Accuracy: 27.82
Training Epoch: 158/200	Train Loss: 0.7043	Val Accuracy: 29.7
Training Epoch: 159/200	Train Loss: 0.764	Val Accuracy: 29.7
Training Epoch: 160/200	Train Loss: 0.8012	Val Accuracy: 29.54
Training Epoch: 161/200	Train Loss: 0.8481	Val Accuracy: 29.54
Training Epoch: 162/200	Train Loss: 0.2705	Val Accuracy: 29.82
Training Epoch: 163/200	Train Loss: 0.5364	Val Accuracy: 29.82
Training Epoch: 164/200	Train Loss: 0.4745	Val Accuracy: 29.1
Training Epoch: 165/200	Train Loss: 0.3957	Val Accuracy: 29.1
Training Epoch: 166/200	Train Loss: 0.5793	Val Accuracy: 29.26
Training Epoch: 167/200	Train Loss: 0.4919	Val Accuracy: 29.26
Training Epoch: 168/200	Train Loss: 0.9269	Val Accuracy: 29.66
Training Epoch: 169/200	Train Loss: 0.5052	Val Accuracy: 29.66
Training Epoch: 170/200	Train Loss: 0.5139	Val Accuracy: 29.54
Training Epoch: 171/200	Train Loss: 0.9039	Val Accuracy: 29.54
Training Epoch: 172/200	Train Loss: 0.4585	Val Accuracy: 29.94
Training Epoch: 173/200	Train Loss: 0.5076	Val Accuracy: 29.94
Training Epoch: 174/200	Train Loss: 0.4055	Val Accuracy: 28.86
Training Epoch: 175/200	Train Loss: 0.6113	Val Accuracy: 28.86
Training Epoch: 176/200	Train Loss: 0.5231	Val Accuracy: 29.7
Training Epoch: 177/200	Train Loss: 0.3958	Val Accuracy: 29.7
Training Epoch: 178/200	Train Loss: 0.5395	Val Accuracy: 29.28
Training Epoch: 179/200	Train Loss: 0.4742	Val Accuracy: 29.28
Training Epoch: 180/200	Train Loss: 0.484	Val Accuracy: 29.38
Training Epoch: 181/200	Train Loss: 0.6119	Val Accuracy: 29.38
Training Epoch: 182/200	Train Loss: 0.8249	Val Accuracy: 29.88
Training Epoch: 183/200	Train Loss: 0.2954	Val Accuracy: 29.88
Training Epoch: 184/200	Train Loss: 0.5406	Val Accuracy: 29.92
Training Epoch: 185/200	Train Loss: 0.3603	Val Accuracy: 29.92
Training Epoch: 186/200	Train Loss: 0.4792	Val Accuracy: 29.68
Training Epoch: 187/200	Train Loss: 0.3221	Val Accuracy: 29.68
Training Epoch: 188/200	Train Loss: 0.7322	Val Accuracy: 29.46
Training Epoch: 189/200	Train Loss: 0.454	Val Accuracy: 29.46
Training Epoch: 190/200	Train Loss: 0.2085	Val Accuracy: 29.16
Training Epoch: 191/200	Train Loss: 0.2444	Val Accuracy: 29.16
Training Epoch: 192/200	Train Loss: 0.6264	Val Accuracy: 30.48
Training Epoch: 193/200	Train Loss: 0.9088	Val Accuracy: 30.48
Training Epoch: 194/200	Train Loss: 0.4621	Val Accuracy: 29.22
Training Epoch: 195/200	Train Loss: 0.7721	Val Accuracy: 29.22
Training Epoch: 196/200	Train Loss: 0.2918	Val Accuracy: 29.3
Training Epoch: 197/200	Train Loss: 0.3718	Val Accuracy: 29.3
Training Epoch: 198/200	Train Loss: 0.74	Val Accuracy: 29.84
Training Epoch: 199/200	Train Loss: 0.7814	Val Accuracy: 29.84
Training Epoch: 200/200	Train Loss: 0.2973	Val Accuracy: 29.34

Wrote Best Model Checkpoint to: vlBest_acc_30_model_epoch_0192.pyth

Best Validation Accuracy: 30.48
Best Epoch: 192

======== TESTING ========

Test Accuracy: 29.46.

======== ACTIVE SAMPLING ========

Extracting Lset Representations
len(dataLoader): 4
Extracting Uset Representations
len(dataLoader): 446
lb_repr.shape:  (400, 2048)
ul_repr.shape:  (44600, 2048)
Solving K Center Greedy Approach
[GPU] Labeled.shape: torch.Size([400, 2048])
[GPU] Unlabeled.shape: torch.Size([44600, 2048])
time taken: 0.0005702972412109375 seconds
Time taken to solve K center: 0.15994048118591309 seconds
Active Sampling Complete. After Episode 7:
New Labeled Set: 450, New Unlabeled Set: 44550, Active Set: 50

================================


Current accuracy values:  [18.909999999999997, 18.950000000000003, 21.010000000000005, 20.67999992370605, 25.159999694824222, 26.95999938964843, 28.769999122619623, 29.459999046325677]
Starting model from scratch - ignoring existing weights.
<All keys matched successfully>
None
======== EPISODE 8 BEGINS ========

======== TRAINING ========
Training Epoch: 1/200	Train Loss: 21.5712	Val Accuracy: 0.0
Training Epoch: 2/200	Train Loss: 18.5226	Val Accuracy: 10.16
Training Epoch: 3/200	Train Loss: 6.4353	Val Accuracy: 10.16
Training Epoch: 4/200	Train Loss: 6.7422	Val Accuracy: 9.58
Training Epoch: 5/200	Train Loss: 4.7202	Val Accuracy: 9.58
Training Epoch: 6/200	Train Loss: 4.1933	Val Accuracy: 10.32
Training Epoch: 7/200	Train Loss: 8.2673	Val Accuracy: 10.32
Training Epoch: 8/200	Train Loss: 6.0639	Val Accuracy: 11.16
Training Epoch: 9/200	Train Loss: 4.0118	Val Accuracy: 11.16
Training Epoch: 10/200	Train Loss: 3.6608	Val Accuracy: 12.04
Training Epoch: 11/200	Train Loss: 3.1828	Val Accuracy: 12.04
Training Epoch: 12/200	Train Loss: 2.4684	Val Accuracy: 10.76
Training Epoch: 13/200	Train Loss: 2.3719	Val Accuracy: 10.76
Training Epoch: 14/200	Train Loss: 4.4913	Val Accuracy: 10.12
Training Epoch: 15/200	Train Loss: 3.786	Val Accuracy: 10.12
Training Epoch: 16/200	Train Loss: 5.826	Val Accuracy: 14.62
Training Epoch: 17/200	Train Loss: 2.6905	Val Accuracy: 14.62
Training Epoch: 18/200	Train Loss: 3.6019	Val Accuracy: 12.94
Training Epoch: 19/200	Train Loss: 3.7809	Val Accuracy: 12.94
Training Epoch: 20/200	Train Loss: 3.115	Val Accuracy: 14.78
Training Epoch: 21/200	Train Loss: 2.6847	Val Accuracy: 14.78
Training Epoch: 22/200	Train Loss: 2.4585	Val Accuracy: 13.82
Training Epoch: 23/200	Train Loss: 2.1772	Val Accuracy: 13.82
Training Epoch: 24/200	Train Loss: 6.51	Val Accuracy: 16.04
Training Epoch: 25/200	Train Loss: 3.7073	Val Accuracy: 16.04
Training Epoch: 26/200	Train Loss: 4.6772	Val Accuracy: 15.14
Training Epoch: 27/200	Train Loss: 2.7209	Val Accuracy: 15.14
Training Epoch: 28/200	Train Loss: 6.4588	Val Accuracy: 16.8
Training Epoch: 29/200	Train Loss: 4.7119	Val Accuracy: 16.8
Training Epoch: 30/200	Train Loss: 3.9026	Val Accuracy: 16.96
Training Epoch: 31/200	Train Loss: 3.2443	Val Accuracy: 16.96
Training Epoch: 32/200	Train Loss: 3.3859	Val Accuracy: 17.32
Training Epoch: 33/200	Train Loss: 2.0063	Val Accuracy: 17.32
Training Epoch: 34/200	Train Loss: 2.8863	Val Accuracy: 18.32
Training Epoch: 35/200	Train Loss: 4.3479	Val Accuracy: 18.32
Training Epoch: 36/200	Train Loss: 3.3362	Val Accuracy: 19.88
Training Epoch: 37/200	Train Loss: 3.1098	Val Accuracy: 19.88
Training Epoch: 38/200	Train Loss: 2.7658	Val Accuracy: 21.02
Training Epoch: 39/200	Train Loss: 2.0356	Val Accuracy: 21.02
Training Epoch: 40/200	Train Loss: 2.8719	Val Accuracy: 21.22
Training Epoch: 41/200	Train Loss: 3.4999	Val Accuracy: 21.22
Training Epoch: 42/200	Train Loss: 3.3299	Val Accuracy: 22.06
Training Epoch: 43/200	Train Loss: 3.439	Val Accuracy: 22.06
Training Epoch: 44/200	Train Loss: 2.0517	Val Accuracy: 21.46
Training Epoch: 45/200	Train Loss: 1.8891	Val Accuracy: 21.46
Training Epoch: 46/200	Train Loss: 3.4288	Val Accuracy: 21.02
Training Epoch: 47/200	Train Loss: 2.6239	Val Accuracy: 21.02
Training Epoch: 48/200	Train Loss: 3.5502	Val Accuracy: 22.08
Training Epoch: 49/200	Train Loss: 3.8763	Val Accuracy: 22.08
Training Epoch: 50/200	Train Loss: 2.1689	Val Accuracy: 20.52
Training Epoch: 51/200	Train Loss: 3.7581	Val Accuracy: 20.52
Training Epoch: 52/200	Train Loss: 3.5014	Val Accuracy: 20.76
Training Epoch: 53/200	Train Loss: 2.0105	Val Accuracy: 20.76
Training Epoch: 54/200	Train Loss: 2.5367	Val Accuracy: 22.46
Training Epoch: 55/200	Train Loss: 2.3304	Val Accuracy: 22.46
Training Epoch: 56/200	Train Loss: 2.3713	Val Accuracy: 21.42
Training Epoch: 57/200	Train Loss: 2.1851	Val Accuracy: 21.42
Training Epoch: 58/200	Train Loss: 2.4628	Val Accuracy: 18.18
Training Epoch: 59/200	Train Loss: 2.6856	Val Accuracy: 18.18
Training Epoch: 60/200	Train Loss: 2.8347	Val Accuracy: 20.86
Training Epoch: 61/200	Train Loss: 1.7363	Val Accuracy: 20.86
Training Epoch: 62/200	Train Loss: 2.0839	Val Accuracy: 22.48
Training Epoch: 63/200	Train Loss: 2.3861	Val Accuracy: 22.48
Training Epoch: 64/200	Train Loss: 2.1026	Val Accuracy: 23.08
Training Epoch: 65/200	Train Loss: 3.6997	Val Accuracy: 23.08
Training Epoch: 66/200	Train Loss: 2.5404	Val Accuracy: 22.58
Training Epoch: 67/200	Train Loss: 2.4797	Val Accuracy: 22.58
Training Epoch: 68/200	Train Loss: 1.6774	Val Accuracy: 23.46
Training Epoch: 69/200	Train Loss: 3.2839	Val Accuracy: 23.46
Training Epoch: 70/200	Train Loss: 3.2224	Val Accuracy: 22.64
Training Epoch: 71/200	Train Loss: 2.153	Val Accuracy: 22.64
Training Epoch: 72/200	Train Loss: 1.8092	Val Accuracy: 22.16
Training Epoch: 73/200	Train Loss: 2.5313	Val Accuracy: 22.16
Training Epoch: 74/200	Train Loss: 2.4712	Val Accuracy: 22.92
Training Epoch: 75/200	Train Loss: 1.7033	Val Accuracy: 22.92
Training Epoch: 76/200	Train Loss: 1.601	Val Accuracy: 25.76
Training Epoch: 77/200	Train Loss: 2.1156	Val Accuracy: 25.76
Training Epoch: 78/200	Train Loss: 1.6606	Val Accuracy: 24.26
Training Epoch: 79/200	Train Loss: 2.2537	Val Accuracy: 24.26
Training Epoch: 80/200	Train Loss: 2.3272	Val Accuracy: 20.72
Training Epoch: 81/200	Train Loss: 1.8931	Val Accuracy: 20.72
Training Epoch: 82/200	Train Loss: 2.2112	Val Accuracy: 23.0
Training Epoch: 83/200	Train Loss: 1.8522	Val Accuracy: 23.0
Training Epoch: 84/200	Train Loss: 2.0558	Val Accuracy: 23.7
Training Epoch: 85/200	Train Loss: 1.6628	Val Accuracy: 23.7
Training Epoch: 86/200	Train Loss: 1.9904	Val Accuracy: 25.14
Training Epoch: 87/200	Train Loss: 2.0474	Val Accuracy: 25.14
Training Epoch: 88/200	Train Loss: 2.2297	Val Accuracy: 26.2
Training Epoch: 89/200	Train Loss: 1.7172	Val Accuracy: 26.2
Training Epoch: 90/200	Train Loss: 2.6249	Val Accuracy: 26.6
Training Epoch: 91/200	Train Loss: 1.7837	Val Accuracy: 26.6
Training Epoch: 92/200	Train Loss: 1.6142	Val Accuracy: 26.38
Training Epoch: 93/200	Train Loss: 2.0436	Val Accuracy: 26.38
Training Epoch: 94/200	Train Loss: 1.289	Val Accuracy: 27.1
Training Epoch: 95/200	Train Loss: 1.7966	Val Accuracy: 27.1
Training Epoch: 96/200	Train Loss: 1.4687	Val Accuracy: 27.76
Training Epoch: 97/200	Train Loss: 2.4571	Val Accuracy: 27.76
Training Epoch: 98/200	Train Loss: 1.6769	Val Accuracy: 28.22
Training Epoch: 99/200	Train Loss: 2.0748	Val Accuracy: 28.22
Training Epoch: 100/200	Train Loss: 1.6411	Val Accuracy: 28.06
Training Epoch: 101/200	Train Loss: 1.7493	Val Accuracy: 28.06
Training Epoch: 102/200	Train Loss: 1.1871	Val Accuracy: 27.44
Training Epoch: 103/200	Train Loss: 3.0332	Val Accuracy: 27.44
Training Epoch: 104/200	Train Loss: 1.7914	Val Accuracy: 20.9
Training Epoch: 105/200	Train Loss: 3.3513	Val Accuracy: 20.9
Training Epoch: 106/200	Train Loss: 1.4353	Val Accuracy: 24.1
Training Epoch: 107/200	Train Loss: 1.5061	Val Accuracy: 24.1
Training Epoch: 108/200	Train Loss: 1.8589	Val Accuracy: 25.46
Training Epoch: 109/200	Train Loss: 1.7791	Val Accuracy: 25.46
Training Epoch: 110/200	Train Loss: 1.4457	Val Accuracy: 27.4
Training Epoch: 111/200	Train Loss: 2.1924	Val Accuracy: 27.4
Training Epoch: 112/200	Train Loss: 1.4529	Val Accuracy: 26.84
Training Epoch: 113/200	Train Loss: 1.0752	Val Accuracy: 26.84
Training Epoch: 114/200	Train Loss: 1.8157	Val Accuracy: 27.22
Training Epoch: 115/200	Train Loss: 2.032	Val Accuracy: 27.22
Training Epoch: 116/200	Train Loss: 1.8266	Val Accuracy: 27.1
Training Epoch: 117/200	Train Loss: 1.3909	Val Accuracy: 27.1
Training Epoch: 118/200	Train Loss: 1.3125	Val Accuracy: 27.3
Training Epoch: 119/200	Train Loss: 0.9915	Val Accuracy: 27.3
Training Epoch: 120/200	Train Loss: 2.1046	Val Accuracy: 28.1
Training Epoch: 121/200	Train Loss: 1.1918	Val Accuracy: 28.1
Training Epoch: 122/200	Train Loss: 1.1718	Val Accuracy: 27.92
Training Epoch: 123/200	Train Loss: 1.1678	Val Accuracy: 27.92
Training Epoch: 124/200	Train Loss: 1.3808	Val Accuracy: 27.42
Training Epoch: 125/200	Train Loss: 0.9425	Val Accuracy: 27.42
Training Epoch: 126/200	Train Loss: 0.8603	Val Accuracy: 27.72
Training Epoch: 127/200	Train Loss: 1.125	Val Accuracy: 27.72
Training Epoch: 128/200	Train Loss: 1.2261	Val Accuracy: 28.8
Training Epoch: 129/200	Train Loss: 0.7306	Val Accuracy: 28.8
Training Epoch: 130/200	Train Loss: 0.805	Val Accuracy: 28.18
Training Epoch: 131/200	Train Loss: 0.9943	Val Accuracy: 28.18
Training Epoch: 132/200	Train Loss: 0.9171	Val Accuracy: 28.22
Training Epoch: 133/200	Train Loss: 0.7044	Val Accuracy: 28.22
Training Epoch: 134/200	Train Loss: 1.0584	Val Accuracy: 27.68
Training Epoch: 135/200	Train Loss: 0.8357	Val Accuracy: 27.68
Training Epoch: 136/200	Train Loss: 0.9446	Val Accuracy: 28.92
Training Epoch: 137/200	Train Loss: 0.8587	Val Accuracy: 28.92
Training Epoch: 138/200	Train Loss: 1.2032	Val Accuracy: 28.58
Training Epoch: 139/200	Train Loss: 0.5541	Val Accuracy: 28.58
Training Epoch: 140/200	Train Loss: 0.9127	Val Accuracy: 27.98
Training Epoch: 141/200	Train Loss: 1.0553	Val Accuracy: 27.98
Training Epoch: 142/200	Train Loss: 1.154	Val Accuracy: 29.06
Training Epoch: 143/200	Train Loss: 0.5019	Val Accuracy: 29.06
Training Epoch: 144/200	Train Loss: 0.8009	Val Accuracy: 28.56
Training Epoch: 145/200	Train Loss: 0.7041	Val Accuracy: 28.56
Training Epoch: 146/200	Train Loss: 0.5583	Val Accuracy: 27.44
Training Epoch: 147/200	Train Loss: 1.259	Val Accuracy: 27.44
Training Epoch: 148/200	Train Loss: 0.8707	Val Accuracy: 28.7
Training Epoch: 149/200	Train Loss: 0.893	Val Accuracy: 28.7
Training Epoch: 150/200	Train Loss: 0.6824	Val Accuracy: 28.76
Training Epoch: 151/200	Train Loss: 0.559	Val Accuracy: 28.76
Training Epoch: 152/200	Train Loss: 0.859	Val Accuracy: 28.44
Training Epoch: 153/200	Train Loss: 0.8156	Val Accuracy: 28.44
Training Epoch: 154/200	Train Loss: 0.7649	Val Accuracy: 28.56
Training Epoch: 155/200	Train Loss: 0.6523	Val Accuracy: 28.56
Training Epoch: 156/200	Train Loss: 0.7691	Val Accuracy: 28.22
Training Epoch: 157/200	Train Loss: 0.6069	Val Accuracy: 28.22
Training Epoch: 158/200	Train Loss: 0.8489	Val Accuracy: 28.92
Training Epoch: 159/200	Train Loss: 0.4752	Val Accuracy: 28.92
Training Epoch: 160/200	Train Loss: 0.9767	Val Accuracy: 28.36
Training Epoch: 161/200	Train Loss: 0.3029	Val Accuracy: 28.36
Training Epoch: 162/200	Train Loss: 1.0435	Val Accuracy: 27.8
Training Epoch: 163/200	Train Loss: 0.3461	Val Accuracy: 27.8
Training Epoch: 164/200	Train Loss: 0.4401	Val Accuracy: 28.28
Training Epoch: 165/200	Train Loss: 0.5023	Val Accuracy: 28.28
Training Epoch: 166/200	Train Loss: 0.9087	Val Accuracy: 29.2
Training Epoch: 167/200	Train Loss: 0.5575	Val Accuracy: 29.2
Training Epoch: 168/200	Train Loss: 0.5461	Val Accuracy: 28.44
Training Epoch: 169/200	Train Loss: 0.6708	Val Accuracy: 28.44
Training Epoch: 170/200	Train Loss: 0.5525	Val Accuracy: 29.44
Training Epoch: 171/200	Train Loss: 0.2581	Val Accuracy: 29.44
Training Epoch: 172/200	Train Loss: 0.4311	Val Accuracy: 27.46
Training Epoch: 173/200	Train Loss: 0.5538	Val Accuracy: 27.46
Training Epoch: 174/200	Train Loss: 0.244	Val Accuracy: 28.74
Training Epoch: 175/200	Train Loss: 0.9601	Val Accuracy: 28.74
Training Epoch: 176/200	Train Loss: 0.3757	Val Accuracy: 27.92
Training Epoch: 177/200	Train Loss: 0.3078	Val Accuracy: 27.92
Training Epoch: 178/200	Train Loss: 0.4249	Val Accuracy: 28.66
Training Epoch: 179/200	Train Loss: 0.4979	Val Accuracy: 28.66
Training Epoch: 180/200	Train Loss: 0.4457	Val Accuracy: 29.08
Training Epoch: 181/200	Train Loss: 0.3929	Val Accuracy: 29.08
Training Epoch: 182/200	Train Loss: 0.4421	Val Accuracy: 28.36
Training Epoch: 183/200	Train Loss: 0.6428	Val Accuracy: 28.36
Training Epoch: 184/200	Train Loss: 0.2324	Val Accuracy: 29.24
Training Epoch: 185/200	Train Loss: 0.4253	Val Accuracy: 29.24
Training Epoch: 186/200	Train Loss: 0.613	Val Accuracy: 27.6
Training Epoch: 187/200	Train Loss: 0.3033	Val Accuracy: 27.6
Training Epoch: 188/200	Train Loss: 0.5276	Val Accuracy: 28.5
Training Epoch: 189/200	Train Loss: 0.3028	Val Accuracy: 28.5
Training Epoch: 190/200	Train Loss: 0.1873	Val Accuracy: 28.5
Training Epoch: 191/200	Train Loss: 0.3107	Val Accuracy: 28.5
Training Epoch: 192/200	Train Loss: 0.1754	Val Accuracy: 28.6
Training Epoch: 193/200	Train Loss: 0.3046	Val Accuracy: 28.6
Training Epoch: 194/200	Train Loss: 0.5771	Val Accuracy: 28.54
Training Epoch: 195/200	Train Loss: 0.6463	Val Accuracy: 28.54
Training Epoch: 196/200	Train Loss: 0.6746	Val Accuracy: 28.72
Training Epoch: 197/200	Train Loss: 0.2695	Val Accuracy: 28.72
Training Epoch: 198/200	Train Loss: 0.5803	Val Accuracy: 28.88
Training Epoch: 199/200	Train Loss: 0.116	Val Accuracy: 28.88
Training Epoch: 200/200	Train Loss: 0.378	Val Accuracy: 28.26

Wrote Best Model Checkpoint to: vlBest_acc_29_model_epoch_0170.pyth

Best Validation Accuracy: 29.44
Best Epoch: 170

======== TESTING ========

Test Accuracy: 29.48.

======== ACTIVE SAMPLING ========

Extracting Lset Representations
len(dataLoader): 5
Extracting Uset Representations
len(dataLoader): 446
lb_repr.shape:  (450, 2048)
ul_repr.shape:  (44550, 2048)
Solving K Center Greedy Approach
[GPU] Labeled.shape: torch.Size([450, 2048])
[GPU] Unlabeled.shape: torch.Size([44550, 2048])
time taken: 0.0005338191986083984 seconds
Time taken to solve K center: 0.1640636920928955 seconds
Active Sampling Complete. After Episode 8:
New Labeled Set: 500, New Unlabeled Set: 44500, Active Set: 50

================================


Current accuracy values:  [18.909999999999997, 18.950000000000003, 21.010000000000005, 20.67999992370605, 25.159999694824222, 26.95999938964843, 28.769999122619623, 29.459999046325677, 29.479999542236328]
Starting model from scratch - ignoring existing weights.
<All keys matched successfully>
None
======== EPISODE 9 BEGINS ========

======== TRAINING ========
Training Epoch: 1/200	Train Loss: 14.802	Val Accuracy: 0.0
Training Epoch: 2/200	Train Loss: 7.7641	Val Accuracy: 9.56
Training Epoch: 3/200	Train Loss: 7.7845	Val Accuracy: 9.56
Training Epoch: 4/200	Train Loss: 5.3439	Val Accuracy: 9.98
Training Epoch: 5/200	Train Loss: 5.264	Val Accuracy: 9.98
Training Epoch: 6/200	Train Loss: 5.5118	Val Accuracy: 9.36
Training Epoch: 7/200	Train Loss: 4.1881	Val Accuracy: 9.36
Training Epoch: 8/200	Train Loss: 4.5674	Val Accuracy: 9.76
Training Epoch: 9/200	Train Loss: 6.2229	Val Accuracy: 9.76
Training Epoch: 10/200	Train Loss: 4.4592	Val Accuracy: 10.92
Training Epoch: 11/200	Train Loss: 5.0667	Val Accuracy: 10.92
Training Epoch: 12/200	Train Loss: 3.8034	Val Accuracy: 9.56
Training Epoch: 13/200	Train Loss: 3.9332	Val Accuracy: 9.56
Training Epoch: 14/200	Train Loss: 3.8433	Val Accuracy: 13.62
Training Epoch: 15/200	Train Loss: 2.3887	Val Accuracy: 13.62
Training Epoch: 16/200	Train Loss: 3.8317	Val Accuracy: 13.44
Training Epoch: 17/200	Train Loss: 7.9155	Val Accuracy: 13.44
Training Epoch: 18/200	Train Loss: 5.2754	Val Accuracy: 13.98
Training Epoch: 19/200	Train Loss: 2.1576	Val Accuracy: 13.98
Training Epoch: 20/200	Train Loss: 2.2007	Val Accuracy: 14.36
Training Epoch: 21/200	Train Loss: 4.237	Val Accuracy: 14.36
Training Epoch: 22/200	Train Loss: 4.8604	Val Accuracy: 15.14
Training Epoch: 23/200	Train Loss: 3.0268	Val Accuracy: 15.14
Training Epoch: 24/200	Train Loss: 4.0718	Val Accuracy: 16.4
Training Epoch: 25/200	Train Loss: 2.094	Val Accuracy: 16.4
Training Epoch: 26/200	Train Loss: 3.348	Val Accuracy: 18.28
Training Epoch: 27/200	Train Loss: 2.2181	Val Accuracy: 18.28
Training Epoch: 28/200	Train Loss: 3.2783	Val Accuracy: 19.54
Training Epoch: 29/200	Train Loss: 3.3231	Val Accuracy: 19.54
Training Epoch: 30/200	Train Loss: 3.306	Val Accuracy: 19.94
Training Epoch: 31/200	Train Loss: 1.8421	Val Accuracy: 19.94
Training Epoch: 32/200	Train Loss: 4.0602	Val Accuracy: 18.44
Training Epoch: 33/200	Train Loss: 4.5414	Val Accuracy: 18.44
Training Epoch: 34/200	Train Loss: 2.9504	Val Accuracy: 19.46
Training Epoch: 35/200	Train Loss: 2.8423	Val Accuracy: 19.46
Training Epoch: 36/200	Train Loss: 2.7848	Val Accuracy: 19.92
Training Epoch: 37/200	Train Loss: 2.2064	Val Accuracy: 19.92
Training Epoch: 38/200	Train Loss: 3.7272	Val Accuracy: 21.9
Training Epoch: 39/200	Train Loss: 2.3702	Val Accuracy: 21.9
Training Epoch: 40/200	Train Loss: 2.1495	Val Accuracy: 20.74
Training Epoch: 41/200	Train Loss: 4.0232	Val Accuracy: 20.74
Training Epoch: 42/200	Train Loss: 3.6048	Val Accuracy: 21.08
Training Epoch: 43/200	Train Loss: 3.5997	Val Accuracy: 21.08
Training Epoch: 44/200	Train Loss: 2.285	Val Accuracy: 24.82
Training Epoch: 45/200	Train Loss: 3.0913	Val Accuracy: 24.82
Training Epoch: 46/200	Train Loss: 3.9942	Val Accuracy: 25.5
Training Epoch: 47/200	Train Loss: 2.7525	Val Accuracy: 25.5
Training Epoch: 48/200	Train Loss: 2.0283	Val Accuracy: 26.88
Training Epoch: 49/200	Train Loss: 2.8684	Val Accuracy: 26.88
Training Epoch: 50/200	Train Loss: 2.2535	Val Accuracy: 27.9
Training Epoch: 51/200	Train Loss: 3.2172	Val Accuracy: 27.9
Training Epoch: 52/200	Train Loss: 1.9201	Val Accuracy: 27.94
Training Epoch: 53/200	Train Loss: 2.0741	Val Accuracy: 27.94
Training Epoch: 54/200	Train Loss: 2.2677	Val Accuracy: 28.56
Training Epoch: 55/200	Train Loss: 2.3381	Val Accuracy: 28.56
Training Epoch: 56/200	Train Loss: 2.1089	Val Accuracy: 28.56
Training Epoch: 57/200	Train Loss: 1.5636	Val Accuracy: 28.56
Training Epoch: 58/200	Train Loss: 2.6386	Val Accuracy: 29.78
Training Epoch: 59/200	Train Loss: 1.515	Val Accuracy: 29.78
Training Epoch: 60/200	Train Loss: 2.6034	Val Accuracy: 29.88
Training Epoch: 61/200	Train Loss: 1.3119	Val Accuracy: 29.88
Training Epoch: 62/200	Train Loss: 2.5163	Val Accuracy: 31.2
Training Epoch: 63/200	Train Loss: 2.0918	Val Accuracy: 31.2
Training Epoch: 64/200	Train Loss: 1.3349	Val Accuracy: 29.48
Training Epoch: 65/200	Train Loss: 1.4393	Val Accuracy: 29.48
Training Epoch: 66/200	Train Loss: 1.2551	Val Accuracy: 30.1
Training Epoch: 67/200	Train Loss: 1.3173	Val Accuracy: 30.1
Training Epoch: 68/200	Train Loss: 3.0619	Val Accuracy: 28.98
Training Epoch: 69/200	Train Loss: 3.8238	Val Accuracy: 28.98
Training Epoch: 70/200	Train Loss: 2.0317	Val Accuracy: 30.12
Training Epoch: 71/200	Train Loss: 2.1354	Val Accuracy: 30.12
Training Epoch: 72/200	Train Loss: 1.4109	Val Accuracy: 28.6
Training Epoch: 73/200	Train Loss: 2.3038	Val Accuracy: 28.6
Training Epoch: 74/200	Train Loss: 1.9101	Val Accuracy: 29.92
Training Epoch: 75/200	Train Loss: 1.9322	Val Accuracy: 29.92
Training Epoch: 76/200	Train Loss: 1.3248	Val Accuracy: 31.32
Training Epoch: 77/200	Train Loss: 1.0613	Val Accuracy: 31.32
Training Epoch: 78/200	Train Loss: 1.2207	Val Accuracy: 31.1
Training Epoch: 79/200	Train Loss: 1.1606	Val Accuracy: 31.1
Training Epoch: 80/200	Train Loss: 2.1505	Val Accuracy: 31.8
Training Epoch: 81/200	Train Loss: 2.4456	Val Accuracy: 31.8
Training Epoch: 82/200	Train Loss: 2.2216	Val Accuracy: 30.6
Training Epoch: 83/200	Train Loss: 0.946	Val Accuracy: 30.6
Training Epoch: 84/200	Train Loss: 1.5152	Val Accuracy: 31.54
Training Epoch: 85/200	Train Loss: 1.0389	Val Accuracy: 31.54
Training Epoch: 86/200	Train Loss: 1.1505	Val Accuracy: 31.62
Training Epoch: 87/200	Train Loss: 1.171	Val Accuracy: 31.62
Training Epoch: 88/200	Train Loss: 2.0101	Val Accuracy: 31.5
Training Epoch: 89/200	Train Loss: 0.7513	Val Accuracy: 31.5
Training Epoch: 90/200	Train Loss: 0.7224	Val Accuracy: 32.38
Training Epoch: 91/200	Train Loss: 1.2188	Val Accuracy: 32.38
Training Epoch: 92/200	Train Loss: 0.8898	Val Accuracy: 30.96
Training Epoch: 93/200	Train Loss: 1.6545	Val Accuracy: 30.96
Training Epoch: 94/200	Train Loss: 0.8726	Val Accuracy: 30.68
Training Epoch: 95/200	Train Loss: 1.0108	Val Accuracy: 30.68
Training Epoch: 96/200	Train Loss: 1.3705	Val Accuracy: 32.64
Training Epoch: 97/200	Train Loss: 1.3922	Val Accuracy: 32.64
Training Epoch: 98/200	Train Loss: 1.0952	Val Accuracy: 31.64
Training Epoch: 99/200	Train Loss: 1.4492	Val Accuracy: 31.64
Training Epoch: 100/200	Train Loss: 0.7244	Val Accuracy: 32.26
Training Epoch: 101/200	Train Loss: 1.154	Val Accuracy: 32.26
Training Epoch: 102/200	Train Loss: 1.0095	Val Accuracy: 31.82
Training Epoch: 103/200	Train Loss: 0.9765	Val Accuracy: 31.82
Training Epoch: 104/200	Train Loss: 1.6194	Val Accuracy: 31.2
Training Epoch: 105/200	Train Loss: 0.8455	Val Accuracy: 31.2
Training Epoch: 106/200	Train Loss: 0.748	Val Accuracy: 31.56
Training Epoch: 107/200	Train Loss: 1.0955	Val Accuracy: 31.56
Training Epoch: 108/200	Train Loss: 0.8277	Val Accuracy: 32.5
Training Epoch: 109/200	Train Loss: 0.4769	Val Accuracy: 32.5
Training Epoch: 110/200	Train Loss: 1.3249	Val Accuracy: 31.76
Training Epoch: 111/200	Train Loss: 0.9645	Val Accuracy: 31.76
Training Epoch: 112/200	Train Loss: 0.8522	Val Accuracy: 31.6
Training Epoch: 113/200	Train Loss: 1.2993	Val Accuracy: 31.6
Training Epoch: 114/200	Train Loss: 0.7014	Val Accuracy: 32.14
Training Epoch: 115/200	Train Loss: 0.7336	Val Accuracy: 32.14
Training Epoch: 116/200	Train Loss: 1.5431	Val Accuracy: 31.76
Training Epoch: 117/200	Train Loss: 1.4121	Val Accuracy: 31.76
Training Epoch: 118/200	Train Loss: 0.7557	Val Accuracy: 31.98
Training Epoch: 119/200	Train Loss: 0.7588	Val Accuracy: 31.98
Training Epoch: 120/200	Train Loss: 0.6565	Val Accuracy: 31.26
Training Epoch: 121/200	Train Loss: 0.9827	Val Accuracy: 31.26
Training Epoch: 122/200	Train Loss: 0.4982	Val Accuracy: 31.2
Training Epoch: 123/200	Train Loss: 0.7066	Val Accuracy: 31.2
Training Epoch: 124/200	Train Loss: 0.5672	Val Accuracy: 32.32
Training Epoch: 125/200	Train Loss: 0.7503	Val Accuracy: 32.32
Training Epoch: 126/200	Train Loss: 0.3107	Val Accuracy: 31.74
Training Epoch: 127/200	Train Loss: 0.5068	Val Accuracy: 31.74
Training Epoch: 128/200	Train Loss: 0.86	Val Accuracy: 32.18
Training Epoch: 129/200	Train Loss: 0.7378	Val Accuracy: 32.18
Training Epoch: 130/200	Train Loss: 0.3218	Val Accuracy: 32.26
Training Epoch: 131/200	Train Loss: 0.2032	Val Accuracy: 32.26
Training Epoch: 132/200	Train Loss: 0.426	Val Accuracy: 33.14
Training Epoch: 133/200	Train Loss: 0.6223	Val Accuracy: 33.14
Training Epoch: 134/200	Train Loss: 0.3541	Val Accuracy: 31.06
Training Epoch: 135/200	Train Loss: 0.3088	Val Accuracy: 31.06
Training Epoch: 136/200	Train Loss: 0.3879	Val Accuracy: 31.06
Training Epoch: 137/200	Train Loss: 0.7918	Val Accuracy: 31.06
Training Epoch: 138/200	Train Loss: 0.2898	Val Accuracy: 32.24
Training Epoch: 139/200	Train Loss: 0.3033	Val Accuracy: 32.24
Training Epoch: 140/200	Train Loss: 0.6591	Val Accuracy: 31.26
Training Epoch: 141/200	Train Loss: 0.7068	Val Accuracy: 31.26
Training Epoch: 142/200	Train Loss: 0.6621	Val Accuracy: 32.76
Training Epoch: 143/200	Train Loss: 0.9006	Val Accuracy: 32.76
Training Epoch: 144/200	Train Loss: 0.3571	Val Accuracy: 32.48
Training Epoch: 145/200	Train Loss: 0.3588	Val Accuracy: 32.48
Training Epoch: 146/200	Train Loss: 0.8166	Val Accuracy: 32.84
Training Epoch: 147/200	Train Loss: 0.211	Val Accuracy: 32.84
Training Epoch: 148/200	Train Loss: 0.2785	Val Accuracy: 32.26
Training Epoch: 149/200	Train Loss: 0.1625	Val Accuracy: 32.26
Training Epoch: 150/200	Train Loss: 0.5887	Val Accuracy: 32.66
Training Epoch: 151/200	Train Loss: 0.0447	Val Accuracy: 32.66
Training Epoch: 152/200	Train Loss: 0.2831	Val Accuracy: 32.54
Training Epoch: 153/200	Train Loss: 0.1984	Val Accuracy: 32.54
Training Epoch: 154/200	Train Loss: 0.2862	Val Accuracy: 31.78
Training Epoch: 155/200	Train Loss: 0.8079	Val Accuracy: 31.78
Training Epoch: 156/200	Train Loss: 0.2049	Val Accuracy: 32.2
Training Epoch: 157/200	Train Loss: 0.0723	Val Accuracy: 32.2
Training Epoch: 158/200	Train Loss: 0.5981	Val Accuracy: 32.74
Training Epoch: 159/200	Train Loss: 0.4185	Val Accuracy: 32.74
Training Epoch: 160/200	Train Loss: 0.3046	Val Accuracy: 32.22
Training Epoch: 161/200	Train Loss: 0.1192	Val Accuracy: 32.22
Training Epoch: 162/200	Train Loss: 0.2927	Val Accuracy: 31.12
Training Epoch: 163/200	Train Loss: 1.1753	Val Accuracy: 31.12
Training Epoch: 164/200	Train Loss: 0.342	Val Accuracy: 32.16
Training Epoch: 165/200	Train Loss: 0.2372	Val Accuracy: 32.16
Training Epoch: 166/200	Train Loss: 0.3604	Val Accuracy: 32.48
Training Epoch: 167/200	Train Loss: 0.5136	Val Accuracy: 32.48
Training Epoch: 168/200	Train Loss: 0.6453	Val Accuracy: 33.08
Training Epoch: 169/200	Train Loss: 0.095	Val Accuracy: 33.08
Training Epoch: 170/200	Train Loss: 0.3503	Val Accuracy: 32.3
Training Epoch: 171/200	Train Loss: 0.6075	Val Accuracy: 32.3
Training Epoch: 172/200	Train Loss: 0.1302	Val Accuracy: 32.72
Training Epoch: 173/200	Train Loss: 0.1107	Val Accuracy: 32.72
Training Epoch: 174/200	Train Loss: 0.6588	Val Accuracy: 33.12
Training Epoch: 175/200	Train Loss: 0.5658	Val Accuracy: 33.12
Training Epoch: 176/200	Train Loss: 0.2091	Val Accuracy: 32.5
Training Epoch: 177/200	Train Loss: 0.4768	Val Accuracy: 32.5
Training Epoch: 178/200	Train Loss: 0.0187	Val Accuracy: 32.74
Training Epoch: 179/200	Train Loss: 0.1181	Val Accuracy: 32.74
Training Epoch: 180/200	Train Loss: 0.1541	Val Accuracy: 32.38
Training Epoch: 181/200	Train Loss: 0.151	Val Accuracy: 32.38
Training Epoch: 182/200	Train Loss: 0.3055	Val Accuracy: 32.74
Training Epoch: 183/200	Train Loss: 0.2204	Val Accuracy: 32.74
Training Epoch: 184/200	Train Loss: 0.1231	Val Accuracy: 32.76
Training Epoch: 185/200	Train Loss: 0.0657	Val Accuracy: 32.76
Training Epoch: 186/200	Train Loss: 0.7294	Val Accuracy: 32.72
Training Epoch: 187/200	Train Loss: 0.0742	Val Accuracy: 32.72
Training Epoch: 188/200	Train Loss: 0.0672	Val Accuracy: 32.84
Training Epoch: 189/200	Train Loss: 0.0474	Val Accuracy: 32.84
Training Epoch: 190/200	Train Loss: 0.2323	Val Accuracy: 32.42
Training Epoch: 191/200	Train Loss: 0.0536	Val Accuracy: 32.42
Training Epoch: 192/200	Train Loss: 0.7823	Val Accuracy: 32.82
Training Epoch: 193/200	Train Loss: 0.1698	Val Accuracy: 32.82
Training Epoch: 194/200	Train Loss: 0.2707	Val Accuracy: 32.92
Training Epoch: 195/200	Train Loss: 0.2378	Val Accuracy: 32.92
Training Epoch: 196/200	Train Loss: 0.5709	Val Accuracy: 33.28
Training Epoch: 197/200	Train Loss: 0.5433	Val Accuracy: 33.28
Training Epoch: 198/200	Train Loss: 0.5374	Val Accuracy: 33.06
Training Epoch: 199/200	Train Loss: 0.1007	Val Accuracy: 33.06
Training Epoch: 200/200	Train Loss: 0.1344	Val Accuracy: 32.98

Wrote Best Model Checkpoint to: vlBest_acc_33_model_epoch_0196.pyth

Best Validation Accuracy: 33.28
Best Epoch: 196

======== TESTING ========

Test Accuracy: 33.29.

======== ACTIVE SAMPLING ========

Extracting Lset Representations
len(dataLoader): 5
Extracting Uset Representations
len(dataLoader): 445
lb_repr.shape:  (500, 2048)
ul_repr.shape:  (44500, 2048)
Solving K Center Greedy Approach
[GPU] Labeled.shape: torch.Size([500, 2048])
[GPU] Unlabeled.shape: torch.Size([44500, 2048])
time taken: 0.0005807876586914062 seconds
Time taken to solve K center: 0.16255879402160645 seconds
Active Sampling Complete. After Episode 9:
New Labeled Set: 550, New Unlabeled Set: 44450, Active Set: 50

================================


Current accuracy values:  [18.909999999999997, 18.950000000000003, 21.010000000000005, 20.67999992370605, 25.159999694824222, 26.95999938964843, 28.769999122619623, 29.459999046325677, 29.479999542236328, 33.28999954223633]
Starting model from scratch - ignoring existing weights.
<All keys matched successfully>
None
======== EPISODE 10 BEGINS ========

======== TRAINING ========
Training Epoch: 1/200	Train Loss: 14.4111	Val Accuracy: 0.0
Training Epoch: 2/200	Train Loss: 9.2671	Val Accuracy: 9.92
Training Epoch: 3/200	Train Loss: 5.8184	Val Accuracy: 9.92
Training Epoch: 4/200	Train Loss: 5.9058	Val Accuracy: 10.56
Training Epoch: 5/200	Train Loss: 2.8574	Val Accuracy: 10.56
Training Epoch: 6/200	Train Loss: 2.9246	Val Accuracy: 9.64
Training Epoch: 7/200	Train Loss: 2.8386	Val Accuracy: 9.64
Training Epoch: 8/200	Train Loss: 2.364	Val Accuracy: 11.88
Training Epoch: 9/200	Train Loss: 3.7101	Val Accuracy: 11.88
Training Epoch: 10/200	Train Loss: 3.3168	Val Accuracy: 13.14
Training Epoch: 11/200	Train Loss: 3.399	Val Accuracy: 13.14
Training Epoch: 12/200	Train Loss: 3.0917	Val Accuracy: 14.48
Training Epoch: 13/200	Train Loss: 2.8927	Val Accuracy: 14.48
Training Epoch: 14/200	Train Loss: 2.9815	Val Accuracy: 15.24
Training Epoch: 15/200	Train Loss: 2.4301	Val Accuracy: 15.24
Training Epoch: 16/200	Train Loss: 2.8751	Val Accuracy: 16.3
Training Epoch: 17/200	Train Loss: 2.7382	Val Accuracy: 16.3
Training Epoch: 18/200	Train Loss: 3.0433	Val Accuracy: 16.84
Training Epoch: 19/200	Train Loss: 2.257	Val Accuracy: 16.84
Training Epoch: 20/200	Train Loss: 2.5074	Val Accuracy: 18.8
Training Epoch: 21/200	Train Loss: 2.2503	Val Accuracy: 18.8
Training Epoch: 22/200	Train Loss: 2.3082	Val Accuracy: 19.72
Training Epoch: 23/200	Train Loss: 2.4652	Val Accuracy: 19.72
Training Epoch: 24/200	Train Loss: 2.1185	Val Accuracy: 22.62
Training Epoch: 25/200	Train Loss: 2.341	Val Accuracy: 22.62
Training Epoch: 26/200	Train Loss: 1.8668	Val Accuracy: 22.7
Training Epoch: 27/200	Train Loss: 2.2505	Val Accuracy: 22.7
Training Epoch: 28/200	Train Loss: 3.2562	Val Accuracy: 16.54
Training Epoch: 29/200	Train Loss: 2.7995	Val Accuracy: 16.54
Training Epoch: 30/200	Train Loss: 3.0564	Val Accuracy: 16.04
Training Epoch: 31/200	Train Loss: 2.3545	Val Accuracy: 16.04
Training Epoch: 32/200	Train Loss: 2.4737	Val Accuracy: 18.18
Training Epoch: 33/200	Train Loss: 2.6672	Val Accuracy: 18.18
Training Epoch: 34/200	Train Loss: 2.8818	Val Accuracy: 19.0
Training Epoch: 35/200	Train Loss: 2.8656	Val Accuracy: 19.0
Training Epoch: 36/200	Train Loss: 2.481	Val Accuracy: 23.74
Training Epoch: 37/200	Train Loss: 4.8035	Val Accuracy: 23.74
Training Epoch: 38/200	Train Loss: 2.7143	Val Accuracy: 14.1
Training Epoch: 39/200	Train Loss: 2.5021	Val Accuracy: 14.1
Training Epoch: 40/200	Train Loss: 2.0531	Val Accuracy: 19.02
Training Epoch: 41/200	Train Loss: 3.2145	Val Accuracy: 19.02
Training Epoch: 42/200	Train Loss: 2.0756	Val Accuracy: 23.06
Training Epoch: 43/200	Train Loss: 2.7136	Val Accuracy: 23.06
Training Epoch: 44/200	Train Loss: 1.903	Val Accuracy: 22.22
Training Epoch: 45/200	Train Loss: 2.4825	Val Accuracy: 22.22
Training Epoch: 46/200	Train Loss: 2.7288	Val Accuracy: 25.3
Training Epoch: 47/200	Train Loss: 1.9468	Val Accuracy: 25.3
Training Epoch: 48/200	Train Loss: 1.7948	Val Accuracy: 26.92
Training Epoch: 49/200	Train Loss: 2.3159	Val Accuracy: 26.92
Training Epoch: 50/200	Train Loss: 2.0228	Val Accuracy: 27.32
Training Epoch: 51/200	Train Loss: 2.2201	Val Accuracy: 27.32
Training Epoch: 52/200	Train Loss: 2.9102	Val Accuracy: 28.5
Training Epoch: 53/200	Train Loss: 1.8899	Val Accuracy: 28.5
Training Epoch: 54/200	Train Loss: 1.8844	Val Accuracy: 26.94
Training Epoch: 55/200	Train Loss: 2.0361	Val Accuracy: 26.94
Training Epoch: 56/200	Train Loss: 1.7373	Val Accuracy: 27.88
Training Epoch: 57/200	Train Loss: 2.2568	Val Accuracy: 27.88
Training Epoch: 58/200	Train Loss: 1.5987	Val Accuracy: 29.02
Training Epoch: 59/200	Train Loss: 1.3561	Val Accuracy: 29.02
Training Epoch: 60/200	Train Loss: 1.8298	Val Accuracy: 29.32
Training Epoch: 61/200	Train Loss: 1.6625	Val Accuracy: 29.32
Training Epoch: 62/200	Train Loss: 1.5393	Val Accuracy: 29.46
Training Epoch: 63/200	Train Loss: 1.8692	Val Accuracy: 29.46
Training Epoch: 64/200	Train Loss: 2.8807	Val Accuracy: 30.62
Training Epoch: 65/200	Train Loss: 1.5391	Val Accuracy: 30.62
Training Epoch: 66/200	Train Loss: 2.4272	Val Accuracy: 26.58
Training Epoch: 67/200	Train Loss: 2.1717	Val Accuracy: 26.58
Training Epoch: 68/200	Train Loss: 1.8542	Val Accuracy: 26.86
Training Epoch: 69/200	Train Loss: 2.2055	Val Accuracy: 26.86
Training Epoch: 70/200	Train Loss: 1.6361	Val Accuracy: 29.68
Training Epoch: 71/200	Train Loss: 2.2292	Val Accuracy: 29.68
Training Epoch: 72/200	Train Loss: 1.6654	Val Accuracy: 31.26
Training Epoch: 73/200	Train Loss: 1.7436	Val Accuracy: 31.26
Training Epoch: 74/200	Train Loss: 1.7416	Val Accuracy: 29.32
Training Epoch: 75/200	Train Loss: 1.4502	Val Accuracy: 29.32
Training Epoch: 76/200	Train Loss: 1.5971	Val Accuracy: 30.76
Training Epoch: 77/200	Train Loss: 1.369	Val Accuracy: 30.76
Training Epoch: 78/200	Train Loss: 2.0222	Val Accuracy: 28.58
Training Epoch: 79/200	Train Loss: 1.9823	Val Accuracy: 28.58
Training Epoch: 80/200	Train Loss: 1.6187	Val Accuracy: 30.72
Training Epoch: 81/200	Train Loss: 1.9453	Val Accuracy: 30.72
Training Epoch: 82/200	Train Loss: 2.2658	Val Accuracy: 32.14
Training Epoch: 83/200	Train Loss: 1.3713	Val Accuracy: 32.14
Training Epoch: 84/200	Train Loss: 1.5929	Val Accuracy: 31.68
Training Epoch: 85/200	Train Loss: 1.2583	Val Accuracy: 31.68
Training Epoch: 86/200	Train Loss: 1.1935	Val Accuracy: 31.2
Training Epoch: 87/200	Train Loss: 1.1472	Val Accuracy: 31.2
Training Epoch: 88/200	Train Loss: 1.3301	Val Accuracy: 31.12
Training Epoch: 89/200	Train Loss: 1.3856	Val Accuracy: 31.12
Training Epoch: 90/200	Train Loss: 1.8423	Val Accuracy: 30.82
Training Epoch: 91/200	Train Loss: 1.6717	Val Accuracy: 30.82
Training Epoch: 92/200	Train Loss: 1.3634	Val Accuracy: 29.46
Training Epoch: 93/200	Train Loss: 1.4622	Val Accuracy: 29.46
Training Epoch: 94/200	Train Loss: 1.2296	Val Accuracy: 29.6
Training Epoch: 95/200	Train Loss: 1.4367	Val Accuracy: 29.6
Training Epoch: 96/200	Train Loss: 1.6568	Val Accuracy: 30.82
Training Epoch: 97/200	Train Loss: 1.3462	Val Accuracy: 30.82
Training Epoch: 98/200	Train Loss: 1.7272	Val Accuracy: 31.06
Training Epoch: 99/200	Train Loss: 0.9629	Val Accuracy: 31.06
Training Epoch: 100/200	Train Loss: 1.444	Val Accuracy: 30.82
Training Epoch: 101/200	Train Loss: 1.1545	Val Accuracy: 30.82
Training Epoch: 102/200	Train Loss: 1.4023	Val Accuracy: 30.98
Training Epoch: 103/200	Train Loss: 1.2615	Val Accuracy: 30.98
Training Epoch: 104/200	Train Loss: 0.9756	Val Accuracy: 28.68
Training Epoch: 105/200	Train Loss: 0.8957	Val Accuracy: 28.68
Training Epoch: 106/200	Train Loss: 1.6847	Val Accuracy: 30.28
Training Epoch: 107/200	Train Loss: 1.446	Val Accuracy: 30.28
Training Epoch: 108/200	Train Loss: 1.4134	Val Accuracy: 30.08
Training Epoch: 109/200	Train Loss: 0.9976	Val Accuracy: 30.08
Training Epoch: 110/200	Train Loss: 1.0496	Val Accuracy: 30.08
Training Epoch: 111/200	Train Loss: 0.8096	Val Accuracy: 30.08
Training Epoch: 112/200	Train Loss: 0.9232	Val Accuracy: 30.3
Training Epoch: 113/200	Train Loss: 0.7244	Val Accuracy: 30.3
Training Epoch: 114/200	Train Loss: 0.5919	Val Accuracy: 29.84
Training Epoch: 115/200	Train Loss: 1.3808	Val Accuracy: 29.84
Training Epoch: 116/200	Train Loss: 1.2152	Val Accuracy: 31.42
Training Epoch: 117/200	Train Loss: 0.9807	Val Accuracy: 31.42
Training Epoch: 118/200	Train Loss: 1.1354	Val Accuracy: 30.56
Training Epoch: 119/200	Train Loss: 0.6821	Val Accuracy: 30.56
Training Epoch: 120/200	Train Loss: 0.5212	Val Accuracy: 29.9
Training Epoch: 121/200	Train Loss: 0.7411	Val Accuracy: 29.9
Training Epoch: 122/200	Train Loss: 0.7829	Val Accuracy: 32.2
Training Epoch: 123/200	Train Loss: 1.0756	Val Accuracy: 32.2
Training Epoch: 124/200	Train Loss: 1.096	Val Accuracy: 30.92
Training Epoch: 125/200	Train Loss: 0.8352	Val Accuracy: 30.92
Training Epoch: 126/200	Train Loss: 1.3041	Val Accuracy: 30.24
Training Epoch: 127/200	Train Loss: 0.9788	Val Accuracy: 30.24
Training Epoch: 128/200	Train Loss: 0.8318	Val Accuracy: 30.74
Training Epoch: 129/200	Train Loss: 0.716	Val Accuracy: 30.74
Training Epoch: 130/200	Train Loss: 0.6071	Val Accuracy: 30.36
Training Epoch: 131/200	Train Loss: 0.8653	Val Accuracy: 30.36
Training Epoch: 132/200	Train Loss: 0.5614	Val Accuracy: 31.76
Training Epoch: 133/200	Train Loss: 0.5192	Val Accuracy: 31.76
Training Epoch: 134/200	Train Loss: 0.8383	Val Accuracy: 30.68
Training Epoch: 135/200	Train Loss: 0.5993	Val Accuracy: 30.68
Training Epoch: 136/200	Train Loss: 0.5458	Val Accuracy: 30.36
Training Epoch: 137/200	Train Loss: 0.7071	Val Accuracy: 30.36
Training Epoch: 138/200	Train Loss: 0.5441	Val Accuracy: 31.28
Training Epoch: 139/200	Train Loss: 0.5852	Val Accuracy: 31.28
Training Epoch: 140/200	Train Loss: 0.4109	Val Accuracy: 32.62
Training Epoch: 141/200	Train Loss: 0.483	Val Accuracy: 32.62
Training Epoch: 142/200	Train Loss: 0.462	Val Accuracy: 31.12
Training Epoch: 143/200	Train Loss: 0.7934	Val Accuracy: 31.12
Training Epoch: 144/200	Train Loss: 0.5132	Val Accuracy: 30.98
Training Epoch: 145/200	Train Loss: 0.2925	Val Accuracy: 30.98
Training Epoch: 146/200	Train Loss: 0.3784	Val Accuracy: 31.56
Training Epoch: 147/200	Train Loss: 0.6254	Val Accuracy: 31.56
Training Epoch: 148/200	Train Loss: 0.2297	Val Accuracy: 31.1
Training Epoch: 149/200	Train Loss: 0.2102	Val Accuracy: 31.1
Training Epoch: 150/200	Train Loss: 0.7601	Val Accuracy: 31.4
Training Epoch: 151/200	Train Loss: 0.2377	Val Accuracy: 31.4
Training Epoch: 152/200	Train Loss: 0.4157	Val Accuracy: 30.98
Training Epoch: 153/200	Train Loss: 0.3819	Val Accuracy: 30.98
Training Epoch: 154/200	Train Loss: 0.3819	Val Accuracy: 30.52
Training Epoch: 155/200	Train Loss: 0.8502	Val Accuracy: 30.52
Training Epoch: 156/200	Train Loss: 0.478	Val Accuracy: 31.16
Training Epoch: 157/200	Train Loss: 0.2247	Val Accuracy: 31.16
Training Epoch: 158/200	Train Loss: 0.8527	Val Accuracy: 31.54
Training Epoch: 159/200	Train Loss: 0.3121	Val Accuracy: 31.54
Training Epoch: 160/200	Train Loss: 0.1758	Val Accuracy: 31.8
Training Epoch: 161/200	Train Loss: 0.6206	Val Accuracy: 31.8
Training Epoch: 162/200	Train Loss: 0.2546	Val Accuracy: 31.96
Training Epoch: 163/200	Train Loss: 0.2374	Val Accuracy: 31.96
Training Epoch: 164/200	Train Loss: 0.3025	Val Accuracy: 32.0
Training Epoch: 165/200	Train Loss: 0.2362	Val Accuracy: 32.0
Training Epoch: 166/200	Train Loss: 0.2116	Val Accuracy: 31.7
Training Epoch: 167/200	Train Loss: 0.3055	Val Accuracy: 31.7
Training Epoch: 168/200	Train Loss: 0.1266	Val Accuracy: 31.4
Training Epoch: 169/200	Train Loss: 0.2738	Val Accuracy: 31.4
Training Epoch: 170/200	Train Loss: 0.6939	Val Accuracy: 31.48
Training Epoch: 171/200	Train Loss: 0.7309	Val Accuracy: 31.48
Training Epoch: 172/200	Train Loss: 0.142	Val Accuracy: 31.7
Training Epoch: 173/200	Train Loss: 0.4636	Val Accuracy: 31.7
Training Epoch: 174/200	Train Loss: 0.1995	Val Accuracy: 32.06
Training Epoch: 175/200	Train Loss: 0.2554	Val Accuracy: 32.06
Training Epoch: 176/200	Train Loss: 0.2271	Val Accuracy: 31.16
Training Epoch: 177/200	Train Loss: 0.8135	Val Accuracy: 31.16
Training Epoch: 178/200	Train Loss: 0.6508	Val Accuracy: 31.1
Training Epoch: 179/200	Train Loss: 0.4099	Val Accuracy: 31.1
Training Epoch: 180/200	Train Loss: 0.3722	Val Accuracy: 31.66
Training Epoch: 181/200	Train Loss: 0.2796	Val Accuracy: 31.66
Training Epoch: 182/200	Train Loss: 0.3136	Val Accuracy: 31.5
Training Epoch: 183/200	Train Loss: 0.2209	Val Accuracy: 31.5
Training Epoch: 184/200	Train Loss: 0.3749	Val Accuracy: 31.66
Training Epoch: 185/200	Train Loss: 0.1756	Val Accuracy: 31.66
Training Epoch: 186/200	Train Loss: 0.249	Val Accuracy: 31.36
Training Epoch: 187/200	Train Loss: 0.2623	Val Accuracy: 31.36
Training Epoch: 188/200	Train Loss: 0.468	Val Accuracy: 30.96
Training Epoch: 189/200	Train Loss: 0.1175	Val Accuracy: 30.96
Training Epoch: 190/200	Train Loss: 0.2724	Val Accuracy: 32.08
Training Epoch: 191/200	Train Loss: 0.1977	Val Accuracy: 32.08
Training Epoch: 192/200	Train Loss: 0.2146	Val Accuracy: 32.02
Training Epoch: 193/200	Train Loss: 0.3574	Val Accuracy: 32.02
Training Epoch: 194/200	Train Loss: 0.2052	Val Accuracy: 33.02
Training Epoch: 195/200	Train Loss: 0.2521	Val Accuracy: 33.02
Training Epoch: 196/200	Train Loss: 0.1971	Val Accuracy: 31.72
Training Epoch: 197/200	Train Loss: 0.4615	Val Accuracy: 31.72
Training Epoch: 198/200	Train Loss: 0.289	Val Accuracy: 31.68
Training Epoch: 199/200	Train Loss: 0.3772	Val Accuracy: 31.68
Training Epoch: 200/200	Train Loss: 0.1816	Val Accuracy: 32.4

Wrote Best Model Checkpoint to: vlBest_acc_33_model_epoch_0194.pyth

Best Validation Accuracy: 33.02
Best Epoch: 194

======== TESTING ========

Test Accuracy: 31.79.

======== ACTIVE SAMPLING ========

Extracting Lset Representations
len(dataLoader): 6
Extracting Uset Representations
len(dataLoader): 445
lb_repr.shape:  (550, 2048)
ul_repr.shape:  (44450, 2048)
Solving K Center Greedy Approach
[GPU] Labeled.shape: torch.Size([550, 2048])
[GPU] Unlabeled.shape: torch.Size([44450, 2048])
time taken: 0.0005240440368652344 seconds
Time taken to solve K center: 0.1646406650543213 seconds
Active Sampling Complete. After Episode 10:
New Labeled Set: 600, New Unlabeled Set: 44400, Active Set: 50

================================


Current accuracy values:  [18.909999999999997, 18.950000000000003, 21.010000000000005, 20.67999992370605, 25.159999694824222, 26.95999938964843, 28.769999122619623, 29.459999046325677, 29.479999542236328, 33.28999954223633, 31.789999160766598]
Starting model from scratch - ignoring existing weights.
<All keys matched successfully>
None
======== EPISODE 11 BEGINS ========

======== TRAINING ========
Training Epoch: 1/200	Train Loss: 13.6757	Val Accuracy: 0.0
Training Epoch: 2/200	Train Loss: 12.1748	Val Accuracy: 9.88
Training Epoch: 3/200	Train Loss: 11.4151	Val Accuracy: 9.88
Training Epoch: 4/200	Train Loss: 6.1212	Val Accuracy: 9.76
Training Epoch: 5/200	Train Loss: 2.9514	Val Accuracy: 9.76
Training Epoch: 6/200	Train Loss: 4.669	Val Accuracy: 9.5
Training Epoch: 7/200	Train Loss: 3.5047	Val Accuracy: 9.5
Training Epoch: 8/200	Train Loss: 2.3591	Val Accuracy: 12.0
Training Epoch: 9/200	Train Loss: 2.8496	Val Accuracy: 12.0
Training Epoch: 10/200	Train Loss: 2.9887	Val Accuracy: 14.3
Training Epoch: 11/200	Train Loss: 2.4949	Val Accuracy: 14.3
Training Epoch: 12/200	Train Loss: 4.6473	Val Accuracy: 15.2
Training Epoch: 13/200	Train Loss: 3.7358	Val Accuracy: 15.2
Training Epoch: 14/200	Train Loss: 2.6512	Val Accuracy: 16.16
Training Epoch: 15/200	Train Loss: 4.846	Val Accuracy: 16.16
Training Epoch: 16/200	Train Loss: 3.5004	Val Accuracy: 14.36
Training Epoch: 17/200	Train Loss: 3.5889	Val Accuracy: 14.36
Training Epoch: 18/200	Train Loss: 5.0334	Val Accuracy: 15.2
Training Epoch: 19/200	Train Loss: 3.315	Val Accuracy: 15.2
Training Epoch: 20/200	Train Loss: 4.4283	Val Accuracy: 14.62
Training Epoch: 21/200	Train Loss: 5.1644	Val Accuracy: 14.62
Training Epoch: 22/200	Train Loss: 2.9053	Val Accuracy: 15.04
Training Epoch: 23/200	Train Loss: 3.0126	Val Accuracy: 15.04
Training Epoch: 24/200	Train Loss: 2.6951	Val Accuracy: 16.6
Training Epoch: 25/200	Train Loss: 2.9151	Val Accuracy: 16.6
Training Epoch: 26/200	Train Loss: 3.1103	Val Accuracy: 17.4
Training Epoch: 27/200	Train Loss: 3.2977	Val Accuracy: 17.4
Training Epoch: 28/200	Train Loss: 3.7734	Val Accuracy: 17.58
Training Epoch: 29/200	Train Loss: 2.049	Val Accuracy: 17.58
Training Epoch: 30/200	Train Loss: 3.4669	Val Accuracy: 17.4
Training Epoch: 31/200	Train Loss: 2.6572	Val Accuracy: 17.4
Training Epoch: 32/200	Train Loss: 2.7465	Val Accuracy: 18.34
Training Epoch: 33/200	Train Loss: 2.4203	Val Accuracy: 18.34
Training Epoch: 34/200	Train Loss: 2.6622	Val Accuracy: 19.16
Training Epoch: 35/200	Train Loss: 2.3326	Val Accuracy: 19.16
Training Epoch: 36/200	Train Loss: 3.5684	Val Accuracy: 19.12
Training Epoch: 37/200	Train Loss: 2.3146	Val Accuracy: 19.12
Training Epoch: 38/200	Train Loss: 3.0632	Val Accuracy: 19.28
Training Epoch: 39/200	Train Loss: 2.989	Val Accuracy: 19.28
Training Epoch: 40/200	Train Loss: 2.0509	Val Accuracy: 20.52
Training Epoch: 41/200	Train Loss: 2.1861	Val Accuracy: 20.52
Training Epoch: 42/200	Train Loss: 2.4442	Val Accuracy: 22.08
Training Epoch: 43/200	Train Loss: 2.5814	Val Accuracy: 22.08
Training Epoch: 44/200	Train Loss: 2.3426	Val Accuracy: 22.62
Training Epoch: 45/200	Train Loss: 1.939	Val Accuracy: 22.62
Training Epoch: 46/200	Train Loss: 2.6741	Val Accuracy: 23.1
Training Epoch: 47/200	Train Loss: 2.5523	Val Accuracy: 23.1
Training Epoch: 48/200	Train Loss: 1.9808	Val Accuracy: 25.44
Training Epoch: 49/200	Train Loss: 2.3822	Val Accuracy: 25.44
Training Epoch: 50/200	Train Loss: 2.1327	Val Accuracy: 26.44
Training Epoch: 51/200	Train Loss: 1.8612	Val Accuracy: 26.44
Training Epoch: 52/200	Train Loss: 1.899	Val Accuracy: 26.3
Training Epoch: 53/200	Train Loss: 2.2811	Val Accuracy: 26.3
Training Epoch: 54/200	Train Loss: 2.6264	Val Accuracy: 28.38
Training Epoch: 55/200	Train Loss: 2.0759	Val Accuracy: 28.38
Training Epoch: 56/200	Train Loss: 1.6153	Val Accuracy: 28.72
Training Epoch: 57/200	Train Loss: 1.8041	Val Accuracy: 28.72
Training Epoch: 58/200	Train Loss: 2.1694	Val Accuracy: 30.64
Training Epoch: 59/200	Train Loss: 2.2759	Val Accuracy: 30.64
Training Epoch: 60/200	Train Loss: 2.0047	Val Accuracy: 30.2
Training Epoch: 61/200	Train Loss: 1.8669	Val Accuracy: 30.2
Training Epoch: 62/200	Train Loss: 2.8201	Val Accuracy: 27.78
Training Epoch: 63/200	Train Loss: 1.9575	Val Accuracy: 27.78
Training Epoch: 64/200	Train Loss: 2.1512	Val Accuracy: 31.54
Training Epoch: 65/200	Train Loss: 1.6151	Val Accuracy: 31.54
Training Epoch: 66/200	Train Loss: 1.9264	Val Accuracy: 30.66
Training Epoch: 67/200	Train Loss: 1.2828	Val Accuracy: 30.66
Training Epoch: 68/200	Train Loss: 1.6422	Val Accuracy: 31.36
Training Epoch: 69/200	Train Loss: 2.0972	Val Accuracy: 31.36
Training Epoch: 70/200	Train Loss: 1.8397	Val Accuracy: 30.38
Training Epoch: 71/200	Train Loss: 2.1702	Val Accuracy: 30.38
Training Epoch: 72/200	Train Loss: 2.0027	Val Accuracy: 31.46
Training Epoch: 73/200	Train Loss: 2.1103	Val Accuracy: 31.46
Training Epoch: 74/200	Train Loss: 1.5719	Val Accuracy: 31.56
Training Epoch: 75/200	Train Loss: 1.542	Val Accuracy: 31.56
Training Epoch: 76/200	Train Loss: 1.89	Val Accuracy: 32.0
Training Epoch: 77/200	Train Loss: 1.6081	Val Accuracy: 32.0
Training Epoch: 78/200	Train Loss: 1.6471	Val Accuracy: 31.46
Training Epoch: 79/200	Train Loss: 1.8565	Val Accuracy: 31.46
Training Epoch: 80/200	Train Loss: 1.4822	Val Accuracy: 32.04
Training Epoch: 81/200	Train Loss: 2.1965	Val Accuracy: 32.04
Training Epoch: 82/200	Train Loss: 1.4383	Val Accuracy: 31.7
Training Epoch: 83/200	Train Loss: 2.1534	Val Accuracy: 31.7
Training Epoch: 84/200	Train Loss: 1.519	Val Accuracy: 32.16
Training Epoch: 85/200	Train Loss: 1.968	Val Accuracy: 32.16
Training Epoch: 86/200	Train Loss: 1.4033	Val Accuracy: 32.04
Training Epoch: 87/200	Train Loss: 1.3547	Val Accuracy: 32.04
Training Epoch: 88/200	Train Loss: 2.0389	Val Accuracy: 32.52
Training Epoch: 89/200	Train Loss: 1.4948	Val Accuracy: 32.52
Training Epoch: 90/200	Train Loss: 1.8943	Val Accuracy: 31.96
Training Epoch: 91/200	Train Loss: 1.8994	Val Accuracy: 31.96
Training Epoch: 92/200	Train Loss: 0.912	Val Accuracy: 32.18
Training Epoch: 93/200	Train Loss: 1.6638	Val Accuracy: 32.18
Training Epoch: 94/200	Train Loss: 1.9381	Val Accuracy: 32.72
Training Epoch: 95/200	Train Loss: 1.4282	Val Accuracy: 32.72
Training Epoch: 96/200	Train Loss: 1.5392	Val Accuracy: 32.24
Training Epoch: 97/200	Train Loss: 1.1722	Val Accuracy: 32.24
Training Epoch: 98/200	Train Loss: 1.758	Val Accuracy: 31.02
Training Epoch: 99/200	Train Loss: 1.5818	Val Accuracy: 31.02
Training Epoch: 100/200	Train Loss: 1.5262	Val Accuracy: 32.32
Training Epoch: 101/200	Train Loss: 1.1661	Val Accuracy: 32.32
Training Epoch: 102/200	Train Loss: 1.3092	Val Accuracy: 32.68
Training Epoch: 103/200	Train Loss: 1.4344	Val Accuracy: 32.68
Training Epoch: 104/200	Train Loss: 1.0952	Val Accuracy: 33.86
Training Epoch: 105/200	Train Loss: 1.173	Val Accuracy: 33.86
Training Epoch: 106/200	Train Loss: 1.0824	Val Accuracy: 29.08
Training Epoch: 107/200	Train Loss: 1.5255	Val Accuracy: 29.08
Training Epoch: 108/200	Train Loss: 1.1684	Val Accuracy: 32.72
Training Epoch: 109/200	Train Loss: 0.985	Val Accuracy: 32.72
Training Epoch: 110/200	Train Loss: 1.3194	Val Accuracy: 34.34
Training Epoch: 111/200	Train Loss: 0.8779	Val Accuracy: 34.34
Training Epoch: 112/200	Train Loss: 1.2006	Val Accuracy: 34.52
Training Epoch: 113/200	Train Loss: 0.8469	Val Accuracy: 34.52
Training Epoch: 114/200	Train Loss: 1.6063	Val Accuracy: 32.24
Training Epoch: 115/200	Train Loss: 0.9684	Val Accuracy: 32.24
Training Epoch: 116/200	Train Loss: 1.2772	Val Accuracy: 33.74
Training Epoch: 117/200	Train Loss: 1.2799	Val Accuracy: 33.74
Training Epoch: 118/200	Train Loss: 0.8774	Val Accuracy: 32.56
Training Epoch: 119/200	Train Loss: 0.619	Val Accuracy: 32.56
Training Epoch: 120/200	Train Loss: 1.1667	Val Accuracy: 33.16
Training Epoch: 121/200	Train Loss: 1.3536	Val Accuracy: 33.16
Training Epoch: 122/200	Train Loss: 1.1238	Val Accuracy: 32.9
Training Epoch: 123/200	Train Loss: 0.8941	Val Accuracy: 32.9
Training Epoch: 124/200	Train Loss: 0.8572	Val Accuracy: 33.62
Training Epoch: 125/200	Train Loss: 0.7164	Val Accuracy: 33.62
Training Epoch: 126/200	Train Loss: 0.8994	Val Accuracy: 34.2
Training Epoch: 127/200	Train Loss: 0.9724	Val Accuracy: 34.2
Training Epoch: 128/200	Train Loss: 1.1709	Val Accuracy: 34.46
Training Epoch: 129/200	Train Loss: 1.1833	Val Accuracy: 34.46
Training Epoch: 130/200	Train Loss: 0.3405	Val Accuracy: 34.12
Training Epoch: 131/200	Train Loss: 0.2974	Val Accuracy: 34.12
Training Epoch: 132/200	Train Loss: 0.8893	Val Accuracy: 34.32
Training Epoch: 133/200	Train Loss: 0.9766	Val Accuracy: 34.32
Training Epoch: 134/200	Train Loss: 0.2881	Val Accuracy: 32.1
Training Epoch: 135/200	Train Loss: 0.8279	Val Accuracy: 32.1
Training Epoch: 136/200	Train Loss: 0.6599	Val Accuracy: 33.26
Training Epoch: 137/200	Train Loss: 0.7489	Val Accuracy: 33.26
Training Epoch: 138/200	Train Loss: 0.2975	Val Accuracy: 33.6
Training Epoch: 139/200	Train Loss: 0.6836	Val Accuracy: 33.6
Training Epoch: 140/200	Train Loss: 0.3008	Val Accuracy: 33.34
Training Epoch: 141/200	Train Loss: 0.8417	Val Accuracy: 33.34
Training Epoch: 142/200	Train Loss: 0.778	Val Accuracy: 34.28
Training Epoch: 143/200	Train Loss: 0.3034	Val Accuracy: 34.28
Training Epoch: 144/200	Train Loss: 0.5907	Val Accuracy: 32.26
Training Epoch: 145/200	Train Loss: 0.9469	Val Accuracy: 32.26
Training Epoch: 146/200	Train Loss: 0.7557	Val Accuracy: 33.38
Training Epoch: 147/200	Train Loss: 0.334	Val Accuracy: 33.38
Training Epoch: 148/200	Train Loss: 0.9263	Val Accuracy: 34.12
Training Epoch: 149/200	Train Loss: 0.181	Val Accuracy: 34.12
Training Epoch: 150/200	Train Loss: 0.5237	Val Accuracy: 33.24
Training Epoch: 151/200	Train Loss: 0.4724	Val Accuracy: 33.24
Training Epoch: 152/200	Train Loss: 0.3512	Val Accuracy: 34.02
Training Epoch: 153/200	Train Loss: 0.2123	Val Accuracy: 34.02
Training Epoch: 154/200	Train Loss: 0.7329	Val Accuracy: 33.22
Training Epoch: 155/200	Train Loss: 0.2154	Val Accuracy: 33.22
Training Epoch: 156/200	Train Loss: 0.4378	Val Accuracy: 33.86
Training Epoch: 157/200	Train Loss: 0.6579	Val Accuracy: 33.86
Training Epoch: 158/200	Train Loss: 0.944	Val Accuracy: 33.94
Training Epoch: 159/200	Train Loss: 0.3135	Val Accuracy: 33.94
Training Epoch: 160/200	Train Loss: 0.2649	Val Accuracy: 33.44
Training Epoch: 161/200	Train Loss: 0.7452	Val Accuracy: 33.44
Training Epoch: 162/200	Train Loss: 0.5516	Val Accuracy: 33.68
Training Epoch: 163/200	Train Loss: 0.5303	Val Accuracy: 33.68
Training Epoch: 164/200	Train Loss: 0.9269	Val Accuracy: 33.54
Training Epoch: 165/200	Train Loss: 0.538	Val Accuracy: 33.54
Training Epoch: 166/200	Train Loss: 0.6741	Val Accuracy: 33.02
Training Epoch: 167/200	Train Loss: 0.843	Val Accuracy: 33.02
Training Epoch: 168/200	Train Loss: 0.3455	Val Accuracy: 32.88
Training Epoch: 169/200	Train Loss: 0.4613	Val Accuracy: 32.88
Training Epoch: 170/200	Train Loss: 0.2812	Val Accuracy: 33.32
Training Epoch: 171/200	Train Loss: 0.2677	Val Accuracy: 33.32
Training Epoch: 172/200	Train Loss: 0.2436	Val Accuracy: 33.34
Training Epoch: 173/200	Train Loss: 0.1381	Val Accuracy: 33.34
Training Epoch: 174/200	Train Loss: 0.6885	Val Accuracy: 34.08
Training Epoch: 175/200	Train Loss: 0.4631	Val Accuracy: 34.08
Training Epoch: 176/200	Train Loss: 0.2807	Val Accuracy: 33.34
Training Epoch: 177/200	Train Loss: 0.4472	Val Accuracy: 33.34
Training Epoch: 178/200	Train Loss: 0.7017	Val Accuracy: 33.54
Training Epoch: 179/200	Train Loss: 0.6709	Val Accuracy: 33.54
Training Epoch: 180/200	Train Loss: 0.1714	Val Accuracy: 32.8
Training Epoch: 181/200	Train Loss: 0.1534	Val Accuracy: 32.8
Training Epoch: 182/200	Train Loss: 0.3909	Val Accuracy: 34.0
Training Epoch: 183/200	Train Loss: 0.5775	Val Accuracy: 34.0
Training Epoch: 184/200	Train Loss: 0.1474	Val Accuracy: 34.18
Training Epoch: 185/200	Train Loss: 0.1625	Val Accuracy: 34.18
Training Epoch: 186/200	Train Loss: 0.2144	Val Accuracy: 33.58
Training Epoch: 187/200	Train Loss: 0.4031	Val Accuracy: 33.58
Training Epoch: 188/200	Train Loss: 0.1378	Val Accuracy: 33.72
Training Epoch: 189/200	Train Loss: 0.406	Val Accuracy: 33.72
Training Epoch: 190/200	Train Loss: 0.6744	Val Accuracy: 34.02
Training Epoch: 191/200	Train Loss: 0.25	Val Accuracy: 34.02
Training Epoch: 192/200	Train Loss: 0.438	Val Accuracy: 33.72
Training Epoch: 193/200	Train Loss: 0.0753	Val Accuracy: 33.72
Training Epoch: 194/200	Train Loss: 0.7285	Val Accuracy: 33.48
Training Epoch: 195/200	Train Loss: 0.263	Val Accuracy: 33.48
Training Epoch: 196/200	Train Loss: 0.1326	Val Accuracy: 33.96
Training Epoch: 197/200	Train Loss: 0.1005	Val Accuracy: 33.96
Training Epoch: 198/200	Train Loss: 0.1189	Val Accuracy: 33.88
Training Epoch: 199/200	Train Loss: 0.4905	Val Accuracy: 33.88
Training Epoch: 200/200	Train Loss: 0.5535	Val Accuracy: 34.14

Wrote Best Model Checkpoint to: vlBest_acc_34_model_epoch_0112.pyth

Best Validation Accuracy: 34.52
Best Epoch: 112

======== TESTING ========

Test Accuracy: 33.75.

======== ACTIVE SAMPLING ========

Extracting Lset Representations
len(dataLoader): 6
Extracting Uset Representations
len(dataLoader): 444
lb_repr.shape:  (600, 2048)
ul_repr.shape:  (44400, 2048)
Solving K Center Greedy Approach
[GPU] Labeled.shape: torch.Size([600, 2048])
[GPU] Unlabeled.shape: torch.Size([44400, 2048])
time taken: 0.0005509853363037109 seconds
Time taken to solve K center: 0.16588401794433594 seconds
Active Sampling Complete. After Episode 11:
New Labeled Set: 650, New Unlabeled Set: 44350, Active Set: 50

================================


Current accuracy values:  [18.909999999999997, 18.950000000000003, 21.010000000000005, 20.67999992370605, 25.159999694824222, 26.95999938964843, 28.769999122619623, 29.459999046325677, 29.479999542236328, 33.28999954223633, 31.789999160766598, 33.74999935150146]
Starting model from scratch - ignoring existing weights.
<All keys matched successfully>
None
======== EPISODE 12 BEGINS ========

======== TRAINING ========
Training Epoch: 1/200	Train Loss: 7.7956	Val Accuracy: 0.0
Training Epoch: 2/200	Train Loss: 5.3706	Val Accuracy: 9.82
Training Epoch: 3/200	Train Loss: 11.3974	Val Accuracy: 9.82
Training Epoch: 4/200	Train Loss: 6.0819	Val Accuracy: 9.88
Training Epoch: 5/200	Train Loss: 8.3889	Val Accuracy: 9.88
Training Epoch: 6/200	Train Loss: 3.9207	Val Accuracy: 10.36
Training Epoch: 7/200	Train Loss: 4.1996	Val Accuracy: 10.36
Training Epoch: 8/200	Train Loss: 3.2006	Val Accuracy: 10.44
Training Epoch: 9/200	Train Loss: 5.2768	Val Accuracy: 10.44
Training Epoch: 10/200	Train Loss: 3.3469	Val Accuracy: 11.4
Training Epoch: 11/200	Train Loss: 5.8442	Val Accuracy: 11.4
Training Epoch: 12/200	Train Loss: 6.2293	Val Accuracy: 11.4
Training Epoch: 13/200	Train Loss: 2.2193	Val Accuracy: 11.4
Training Epoch: 14/200	Train Loss: 3.3466	Val Accuracy: 14.38
Training Epoch: 15/200	Train Loss: 2.8079	Val Accuracy: 14.38
Training Epoch: 16/200	Train Loss: 4.2374	Val Accuracy: 14.1
Training Epoch: 17/200	Train Loss: 3.6863	Val Accuracy: 14.1
Training Epoch: 18/200	Train Loss: 2.3407	Val Accuracy: 14.06
Training Epoch: 19/200	Train Loss: 2.2854	Val Accuracy: 14.06
Training Epoch: 20/200	Train Loss: 2.202	Val Accuracy: 15.56
Training Epoch: 21/200	Train Loss: 4.19	Val Accuracy: 15.56
Training Epoch: 22/200	Train Loss: 2.1657	Val Accuracy: 17.44
Training Epoch: 23/200	Train Loss: 4.129	Val Accuracy: 17.44
Training Epoch: 24/200	Train Loss: 2.1164	Val Accuracy: 17.24
Training Epoch: 25/200	Train Loss: 2.194	Val Accuracy: 17.24
Training Epoch: 26/200	Train Loss: 4.9027	Val Accuracy: 16.36
Training Epoch: 27/200	Train Loss: 4.1691	Val Accuracy: 16.36
Training Epoch: 28/200	Train Loss: 3.2113	Val Accuracy: 18.84
Training Epoch: 29/200	Train Loss: 5.6731	Val Accuracy: 18.84
Training Epoch: 30/200	Train Loss: 2.3889	Val Accuracy: 17.7
Training Epoch: 31/200	Train Loss: 5.0284	Val Accuracy: 17.7
Training Epoch: 32/200	Train Loss: 2.605	Val Accuracy: 19.2
Training Epoch: 33/200	Train Loss: 2.5667	Val Accuracy: 19.2
Training Epoch: 34/200	Train Loss: 2.3332	Val Accuracy: 19.52
Training Epoch: 35/200	Train Loss: 2.1857	Val Accuracy: 19.52
Training Epoch: 36/200	Train Loss: 2.122	Val Accuracy: 20.28
Training Epoch: 37/200	Train Loss: 2.2554	Val Accuracy: 20.28
Training Epoch: 38/200	Train Loss: 2.2631	Val Accuracy: 18.28
Training Epoch: 39/200	Train Loss: 3.1639	Val Accuracy: 18.28
Training Epoch: 40/200	Train Loss: 3.1315	Val Accuracy: 19.14
Training Epoch: 41/200	Train Loss: 3.3609	Val Accuracy: 19.14
Training Epoch: 42/200	Train Loss: 2.94	Val Accuracy: 21.62
Training Epoch: 43/200	Train Loss: 2.7739	Val Accuracy: 21.62
Training Epoch: 44/200	Train Loss: 1.9948	Val Accuracy: 20.48
Training Epoch: 45/200	Train Loss: 4.2849	Val Accuracy: 20.48
Training Epoch: 46/200	Train Loss: 2.8414	Val Accuracy: 19.68
Training Epoch: 47/200	Train Loss: 1.9057	Val Accuracy: 19.68
Training Epoch: 48/200	Train Loss: 1.9853	Val Accuracy: 20.96
Training Epoch: 49/200	Train Loss: 2.478	Val Accuracy: 20.96
Training Epoch: 50/200	Train Loss: 2.2637	Val Accuracy: 20.96
Training Epoch: 51/200	Train Loss: 1.9729	Val Accuracy: 20.96
Training Epoch: 52/200	Train Loss: 2.4767	Val Accuracy: 20.68
Training Epoch: 53/200	Train Loss: 2.929	Val Accuracy: 20.68
Training Epoch: 54/200	Train Loss: 2.7096	Val Accuracy: 21.52
Training Epoch: 55/200	Train Loss: 3.6318	Val Accuracy: 21.52
Training Epoch: 56/200	Train Loss: 1.8989	Val Accuracy: 22.22
Training Epoch: 57/200	Train Loss: 2.9262	Val Accuracy: 22.22
Training Epoch: 58/200	Train Loss: 2.9951	Val Accuracy: 21.48
Training Epoch: 59/200	Train Loss: 2.2669	Val Accuracy: 21.48
Training Epoch: 60/200	Train Loss: 2.9375	Val Accuracy: 23.26
Training Epoch: 61/200	Train Loss: 2.6398	Val Accuracy: 23.26
Training Epoch: 62/200	Train Loss: 2.7612	Val Accuracy: 23.4
Training Epoch: 63/200	Train Loss: 1.8567	Val Accuracy: 23.4
Training Epoch: 64/200	Train Loss: 1.642	Val Accuracy: 22.84
Training Epoch: 65/200	Train Loss: 1.72	Val Accuracy: 22.84
Training Epoch: 66/200	Train Loss: 1.9445	Val Accuracy: 18.6
Training Epoch: 67/200	Train Loss: 3.4399	Val Accuracy: 18.6
Training Epoch: 68/200	Train Loss: 3.1828	Val Accuracy: 20.0
Training Epoch: 69/200	Train Loss: 2.2599	Val Accuracy: 20.0
Training Epoch: 70/200	Train Loss: 1.7109	Val Accuracy: 21.74
Training Epoch: 71/200	Train Loss: 1.9605	Val Accuracy: 21.74
Training Epoch: 72/200	Train Loss: 2.4978	Val Accuracy: 23.54
Training Epoch: 73/200	Train Loss: 2.5658	Val Accuracy: 23.54
Training Epoch: 74/200	Train Loss: 2.4252	Val Accuracy: 23.12
Training Epoch: 75/200	Train Loss: 2.7186	Val Accuracy: 23.12
Training Epoch: 76/200	Train Loss: 1.616	Val Accuracy: 24.84
Training Epoch: 77/200	Train Loss: 2.4355	Val Accuracy: 24.84
Training Epoch: 78/200	Train Loss: 3.5537	Val Accuracy: 25.02
Training Epoch: 79/200	Train Loss: 2.3329	Val Accuracy: 25.02
Training Epoch: 80/200	Train Loss: 3.4369	Val Accuracy: 24.94
Training Epoch: 81/200	Train Loss: 2.2665	Val Accuracy: 24.94
Training Epoch: 82/200	Train Loss: 2.5367	Val Accuracy: 26.04
Training Epoch: 83/200	Train Loss: 2.3567	Val Accuracy: 26.04
Training Epoch: 84/200	Train Loss: 2.0024	Val Accuracy: 25.2
Training Epoch: 85/200	Train Loss: 2.8664	Val Accuracy: 25.2
Training Epoch: 86/200	Train Loss: 3.5951	Val Accuracy: 26.92
Training Epoch: 87/200	Train Loss: 1.5287	Val Accuracy: 26.92
Training Epoch: 88/200	Train Loss: 2.0045	Val Accuracy: 27.32
Training Epoch: 89/200	Train Loss: 1.6318	Val Accuracy: 27.32
Training Epoch: 90/200	Train Loss: 2.946	Val Accuracy: 27.18
Training Epoch: 91/200	Train Loss: 2.4131	Val Accuracy: 27.18
Training Epoch: 92/200	Train Loss: 1.6679	Val Accuracy: 27.38
Training Epoch: 93/200	Train Loss: 1.5624	Val Accuracy: 27.38
Training Epoch: 94/200	Train Loss: 1.4359	Val Accuracy: 26.34
Training Epoch: 95/200	Train Loss: 1.4367	Val Accuracy: 26.34
Training Epoch: 96/200	Train Loss: 1.9615	Val Accuracy: 27.64
Training Epoch: 97/200	Train Loss: 1.8027	Val Accuracy: 27.64
Training Epoch: 98/200	Train Loss: 1.7233	Val Accuracy: 27.66
Training Epoch: 99/200	Train Loss: 2.9544	Val Accuracy: 27.66
Training Epoch: 100/200	Train Loss: 2.1232	Val Accuracy: 27.66
Training Epoch: 101/200	Train Loss: 1.4941	Val Accuracy: 27.66
Training Epoch: 102/200	Train Loss: 1.8544	Val Accuracy: 28.98
Training Epoch: 103/200	Train Loss: 2.0949	Val Accuracy: 28.98
Training Epoch: 104/200	Train Loss: 2.8612	Val Accuracy: 27.98
Training Epoch: 105/200	Train Loss: 2.6489	Val Accuracy: 27.98
Training Epoch: 106/200	Train Loss: 1.4113	Val Accuracy: 28.36
Training Epoch: 107/200	Train Loss: 2.638	Val Accuracy: 28.36
Training Epoch: 108/200	Train Loss: 3.1719	Val Accuracy: 27.78
Training Epoch: 109/200	Train Loss: 1.3836	Val Accuracy: 27.78
Training Epoch: 110/200	Train Loss: 1.3788	Val Accuracy: 27.52
Training Epoch: 111/200	Train Loss: 2.7404	Val Accuracy: 27.52
Training Epoch: 112/200	Train Loss: 2.2122	Val Accuracy: 28.22
Training Epoch: 113/200	Train Loss: 2.387	Val Accuracy: 28.22
Training Epoch: 114/200	Train Loss: 3.0991	Val Accuracy: 27.92
Training Epoch: 115/200	Train Loss: 1.7129	Val Accuracy: 27.92
Training Epoch: 116/200	Train Loss: 2.5421	Val Accuracy: 29.06
Training Epoch: 117/200	Train Loss: 1.613	Val Accuracy: 29.06
Training Epoch: 118/200	Train Loss: 1.7013	Val Accuracy: 28.26
Training Epoch: 119/200	Train Loss: 1.1591	Val Accuracy: 28.26
Training Epoch: 120/200	Train Loss: 1.6631	Val Accuracy: 29.52
Training Epoch: 121/200	Train Loss: 1.2345	Val Accuracy: 29.52
Training Epoch: 122/200	Train Loss: 1.7057	Val Accuracy: 29.32
Training Epoch: 123/200	Train Loss: 1.2339	Val Accuracy: 29.32
Training Epoch: 124/200	Train Loss: 1.9372	Val Accuracy: 29.02
Training Epoch: 125/200	Train Loss: 1.8658	Val Accuracy: 29.02
Training Epoch: 126/200	Train Loss: 1.9522	Val Accuracy: 29.16
Training Epoch: 127/200	Train Loss: 1.0804	Val Accuracy: 29.16
Training Epoch: 128/200	Train Loss: 1.5254	Val Accuracy: 30.04
Training Epoch: 129/200	Train Loss: 0.7618	Val Accuracy: 30.04
Training Epoch: 130/200	Train Loss: 1.3846	Val Accuracy: 29.18
Training Epoch: 131/200	Train Loss: 1.0637	Val Accuracy: 29.18
Training Epoch: 132/200	Train Loss: 0.9498	Val Accuracy: 29.32
Training Epoch: 133/200	Train Loss: 1.8612	Val Accuracy: 29.32
Training Epoch: 134/200	Train Loss: 2.6824	Val Accuracy: 29.18
Training Epoch: 135/200	Train Loss: 1.3008	Val Accuracy: 29.18
Training Epoch: 136/200	Train Loss: 1.7665	Val Accuracy: 29.6
Training Epoch: 137/200	Train Loss: 1.1124	Val Accuracy: 29.6
Training Epoch: 138/200	Train Loss: 0.9973	Val Accuracy: 29.56
Training Epoch: 139/200	Train Loss: 0.9823	Val Accuracy: 29.56
Training Epoch: 140/200	Train Loss: 1.4754	Val Accuracy: 30.14
Training Epoch: 141/200	Train Loss: 1.1756	Val Accuracy: 30.14
Training Epoch: 142/200	Train Loss: 1.6565	Val Accuracy: 29.7
Training Epoch: 143/200	Train Loss: 0.9564	Val Accuracy: 29.7
Training Epoch: 144/200	Train Loss: 1.9656	Val Accuracy: 29.84
Training Epoch: 145/200	Train Loss: 1.5415	Val Accuracy: 29.84
Training Epoch: 146/200	Train Loss: 0.9712	Val Accuracy: 28.72
Training Epoch: 147/200	Train Loss: 1.1646	Val Accuracy: 28.72
Training Epoch: 148/200	Train Loss: 1.1995	Val Accuracy: 30.16
Training Epoch: 149/200	Train Loss: 1.0227	Val Accuracy: 30.16
Training Epoch: 150/200	Train Loss: 1.1308	Val Accuracy: 29.7
Training Epoch: 151/200	Train Loss: 1.0672	Val Accuracy: 29.7
Training Epoch: 152/200	Train Loss: 1.14	Val Accuracy: 30.26
Training Epoch: 153/200	Train Loss: 1.3561	Val Accuracy: 30.26
Training Epoch: 154/200	Train Loss: 0.742	Val Accuracy: 29.98
Training Epoch: 155/200	Train Loss: 1.3659	Val Accuracy: 29.98
Training Epoch: 156/200	Train Loss: 1.1009	Val Accuracy: 31.0
Training Epoch: 157/200	Train Loss: 1.3869	Val Accuracy: 31.0
Training Epoch: 158/200	Train Loss: 0.7695	Val Accuracy: 30.14
Training Epoch: 159/200	Train Loss: 1.6899	Val Accuracy: 30.14
Training Epoch: 160/200	Train Loss: 1.3409	Val Accuracy: 28.82
Training Epoch: 161/200	Train Loss: 1.2961	Val Accuracy: 28.82
Training Epoch: 162/200	Train Loss: 1.4733	Val Accuracy: 30.28
Training Epoch: 163/200	Train Loss: 0.5808	Val Accuracy: 30.28
Training Epoch: 164/200	Train Loss: 0.7138	Val Accuracy: 29.6
Training Epoch: 165/200	Train Loss: 0.966	Val Accuracy: 29.6
Training Epoch: 166/200	Train Loss: 1.4204	Val Accuracy: 29.88
Training Epoch: 167/200	Train Loss: 0.5799	Val Accuracy: 29.88
Training Epoch: 168/200	Train Loss: 1.1038	Val Accuracy: 30.54
Training Epoch: 169/200	Train Loss: 0.6694	Val Accuracy: 30.54
Training Epoch: 170/200	Train Loss: 1.2012	Val Accuracy: 30.66
Training Epoch: 171/200	Train Loss: 0.441	Val Accuracy: 30.66
Training Epoch: 172/200	Train Loss: 0.5559	Val Accuracy: 30.26
Training Epoch: 173/200	Train Loss: 0.9469	Val Accuracy: 30.26
Training Epoch: 174/200	Train Loss: 0.5028	Val Accuracy: 30.18
Training Epoch: 175/200	Train Loss: 0.6228	Val Accuracy: 30.18
Training Epoch: 176/200	Train Loss: 0.6339	Val Accuracy: 30.06
Training Epoch: 177/200	Train Loss: 0.445	Val Accuracy: 30.06
Training Epoch: 178/200	Train Loss: 0.5513	Val Accuracy: 31.34
Training Epoch: 179/200	Train Loss: 0.4901	Val Accuracy: 31.34
Training Epoch: 180/200	Train Loss: 0.3895	Val Accuracy: 30.0
Training Epoch: 181/200	Train Loss: 0.3294	Val Accuracy: 30.0
Training Epoch: 182/200	Train Loss: 0.6023	Val Accuracy: 30.88
Training Epoch: 183/200	Train Loss: 1.0111	Val Accuracy: 30.88
Training Epoch: 184/200	Train Loss: 0.5933	Val Accuracy: 30.62
Training Epoch: 185/200	Train Loss: 0.6685	Val Accuracy: 30.62
Training Epoch: 186/200	Train Loss: 0.416	Val Accuracy: 29.98
Training Epoch: 187/200	Train Loss: 0.4489	Val Accuracy: 29.98
Training Epoch: 188/200	Train Loss: 0.6267	Val Accuracy: 30.76
Training Epoch: 189/200	Train Loss: 1.2317	Val Accuracy: 30.76
Training Epoch: 190/200	Train Loss: 1.0975	Val Accuracy: 30.44
Training Epoch: 191/200	Train Loss: 1.0667	Val Accuracy: 30.44
Training Epoch: 192/200	Train Loss: 1.1111	Val Accuracy: 30.82
Training Epoch: 193/200	Train Loss: 0.5863	Val Accuracy: 30.82
Training Epoch: 194/200	Train Loss: 0.5318	Val Accuracy: 30.06
Training Epoch: 195/200	Train Loss: 0.5029	Val Accuracy: 30.06
Training Epoch: 196/200	Train Loss: 0.7175	Val Accuracy: 30.34
Training Epoch: 197/200	Train Loss: 1.2125	Val Accuracy: 30.34
Training Epoch: 198/200	Train Loss: 0.4193	Val Accuracy: 30.04
Training Epoch: 199/200	Train Loss: 0.5519	Val Accuracy: 30.04
Training Epoch: 200/200	Train Loss: 0.8092	Val Accuracy: 30.5

Wrote Best Model Checkpoint to: vlBest_acc_31_model_epoch_0178.pyth

Best Validation Accuracy: 31.34
Best Epoch: 178

======== TESTING ========

Test Accuracy: 30.69.

======== ACTIVE SAMPLING ========

Extracting Lset Representations
len(dataLoader): 7
Extracting Uset Representations
len(dataLoader): 444
lb_repr.shape:  (650, 2048)
ul_repr.shape:  (44350, 2048)
Solving K Center Greedy Approach
[GPU] Labeled.shape: torch.Size([650, 2048])
[GPU] Unlabeled.shape: torch.Size([44350, 2048])
time taken: 0.0005464553833007812 seconds
Time taken to solve K center: 0.16616129875183105 seconds
Active Sampling Complete. After Episode 12:
New Labeled Set: 700, New Unlabeled Set: 44300, Active Set: 50

================================


Current accuracy values:  [18.909999999999997, 18.950000000000003, 21.010000000000005, 20.67999992370605, 25.159999694824222, 26.95999938964843, 28.769999122619623, 29.459999046325677, 29.479999542236328, 33.28999954223633, 31.789999160766598, 33.74999935150146, 30.68999919891357]
Starting model from scratch - ignoring existing weights.
<All keys matched successfully>
None
======== EPISODE 13 BEGINS ========

======== TRAINING ========
Training Epoch: 1/200	Train Loss: 23.8124	Val Accuracy: 0.0
Training Epoch: 2/200	Train Loss: 5.8816	Val Accuracy: 10.16
Training Epoch: 3/200	Train Loss: 4.7537	Val Accuracy: 10.16
Training Epoch: 4/200	Train Loss: 2.7999	Val Accuracy: 11.84
Training Epoch: 5/200	Train Loss: 2.7695	Val Accuracy: 11.84
Training Epoch: 6/200	Train Loss: 3.8252	Val Accuracy: 9.54
Training Epoch: 7/200	Train Loss: 2.7839	Val Accuracy: 9.54
Training Epoch: 8/200	Train Loss: 2.2329	Val Accuracy: 15.02
Training Epoch: 9/200	Train Loss: 3.401	Val Accuracy: 15.02
Training Epoch: 10/200	Train Loss: 5.1793	Val Accuracy: 15.68
Training Epoch: 11/200	Train Loss: 2.7777	Val Accuracy: 15.68
Training Epoch: 12/200	Train Loss: 4.2477	Val Accuracy: 15.62
Training Epoch: 13/200	Train Loss: 2.4452	Val Accuracy: 15.62
Training Epoch: 14/200	Train Loss: 2.2163	Val Accuracy: 13.44
Training Epoch: 15/200	Train Loss: 3.9711	Val Accuracy: 13.44
Training Epoch: 16/200	Train Loss: 2.1543	Val Accuracy: 17.8
Training Epoch: 17/200	Train Loss: 3.3993	Val Accuracy: 17.8
Training Epoch: 18/200	Train Loss: 3.3022	Val Accuracy: 18.24
Training Epoch: 19/200	Train Loss: 2.0098	Val Accuracy: 18.24
Training Epoch: 20/200	Train Loss: 1.9804	Val Accuracy: 18.9
Training Epoch: 21/200	Train Loss: 3.006	Val Accuracy: 18.9
Training Epoch: 22/200	Train Loss: 2.6838	Val Accuracy: 19.38
Training Epoch: 23/200	Train Loss: 3.095	Val Accuracy: 19.38
Training Epoch: 24/200	Train Loss: 2.9939	Val Accuracy: 21.36
Training Epoch: 25/200	Train Loss: 1.9037	Val Accuracy: 21.36
Training Epoch: 26/200	Train Loss: 1.7839	Val Accuracy: 19.3
Training Epoch: 27/200	Train Loss: 2.8338	Val Accuracy: 19.3
Training Epoch: 28/200	Train Loss: 2.4774	Val Accuracy: 19.5
Training Epoch: 29/200	Train Loss: 2.4296	Val Accuracy: 19.5
Training Epoch: 30/200	Train Loss: 3.4751	Val Accuracy: 22.1
Training Epoch: 31/200	Train Loss: 4.0763	Val Accuracy: 22.1
Training Epoch: 32/200	Train Loss: 3.1254	Val Accuracy: 23.42
Training Epoch: 33/200	Train Loss: 2.8072	Val Accuracy: 23.42
Training Epoch: 34/200	Train Loss: 2.7167	Val Accuracy: 22.82
Training Epoch: 35/200	Train Loss: 2.04	Val Accuracy: 22.82
Training Epoch: 36/200	Train Loss: 3.4711	Val Accuracy: 23.9
Training Epoch: 37/200	Train Loss: 1.9674	Val Accuracy: 23.9
Training Epoch: 38/200	Train Loss: 1.707	Val Accuracy: 25.88
Training Epoch: 39/200	Train Loss: 2.1633	Val Accuracy: 25.88
Training Epoch: 40/200	Train Loss: 2.1278	Val Accuracy: 24.02
Training Epoch: 41/200	Train Loss: 2.3792	Val Accuracy: 24.02
Training Epoch: 42/200	Train Loss: 1.617	Val Accuracy: 27.54
Training Epoch: 43/200	Train Loss: 1.6446	Val Accuracy: 27.54
Training Epoch: 44/200	Train Loss: 2.3929	Val Accuracy: 28.28
Training Epoch: 45/200	Train Loss: 1.6638	Val Accuracy: 28.28
Training Epoch: 46/200	Train Loss: 2.3694	Val Accuracy: 27.38
Training Epoch: 47/200	Train Loss: 2.7017	Val Accuracy: 27.38
Training Epoch: 48/200	Train Loss: 1.7395	Val Accuracy: 29.26
Training Epoch: 49/200	Train Loss: 1.7403	Val Accuracy: 29.26
Training Epoch: 50/200	Train Loss: 1.6589	Val Accuracy: 25.54
Training Epoch: 51/200	Train Loss: 2.0434	Val Accuracy: 25.54
Training Epoch: 52/200	Train Loss: 2.2828	Val Accuracy: 30.14
Training Epoch: 53/200	Train Loss: 1.5308	Val Accuracy: 30.14
Training Epoch: 54/200	Train Loss: 2.2163	Val Accuracy: 29.18
Training Epoch: 55/200	Train Loss: 1.8733	Val Accuracy: 29.18
Training Epoch: 56/200	Train Loss: 1.4784	Val Accuracy: 29.76
Training Epoch: 57/200	Train Loss: 2.0787	Val Accuracy: 29.76
Training Epoch: 58/200	Train Loss: 2.002	Val Accuracy: 31.6
Training Epoch: 59/200	Train Loss: 2.8243	Val Accuracy: 31.6
Training Epoch: 60/200	Train Loss: 1.7067	Val Accuracy: 31.84
Training Epoch: 61/200	Train Loss: 1.4371	Val Accuracy: 31.84
Training Epoch: 62/200	Train Loss: 1.5517	Val Accuracy: 30.56
Training Epoch: 63/200	Train Loss: 1.3641	Val Accuracy: 30.56
Training Epoch: 64/200	Train Loss: 1.3983	Val Accuracy: 30.26
Training Epoch: 65/200	Train Loss: 1.3873	Val Accuracy: 30.26
Training Epoch: 66/200	Train Loss: 1.5659	Val Accuracy: 30.3
Training Epoch: 67/200	Train Loss: 1.8615	Val Accuracy: 30.3
Training Epoch: 68/200	Train Loss: 1.2302	Val Accuracy: 30.62
Training Epoch: 69/200	Train Loss: 1.3927	Val Accuracy: 30.62
Training Epoch: 70/200	Train Loss: 1.2982	Val Accuracy: 30.5
Training Epoch: 71/200	Train Loss: 1.272	Val Accuracy: 30.5
Training Epoch: 72/200	Train Loss: 1.2712	Val Accuracy: 32.86
Training Epoch: 73/200	Train Loss: 1.8471	Val Accuracy: 32.86
Training Epoch: 74/200	Train Loss: 1.8054	Val Accuracy: 31.3
Training Epoch: 75/200	Train Loss: 1.0	Val Accuracy: 31.3
Training Epoch: 76/200	Train Loss: 1.644	Val Accuracy: 32.72
Training Epoch: 77/200	Train Loss: 1.4974	Val Accuracy: 32.72
Training Epoch: 78/200	Train Loss: 1.0865	Val Accuracy: 32.4
Training Epoch: 79/200	Train Loss: 1.4881	Val Accuracy: 32.4
Training Epoch: 80/200	Train Loss: 1.2082	Val Accuracy: 31.72
Training Epoch: 81/200	Train Loss: 1.4716	Val Accuracy: 31.72
Training Epoch: 82/200	Train Loss: 1.15	Val Accuracy: 33.32
Training Epoch: 83/200	Train Loss: 1.1479	Val Accuracy: 33.32
Training Epoch: 84/200	Train Loss: 1.2283	Val Accuracy: 31.02
Training Epoch: 85/200	Train Loss: 0.8744	Val Accuracy: 31.02
Training Epoch: 86/200	Train Loss: 2.4005	Val Accuracy: 32.86
Training Epoch: 87/200	Train Loss: 0.985	Val Accuracy: 32.86
Training Epoch: 88/200	Train Loss: 1.6139	Val Accuracy: 30.2
Training Epoch: 89/200	Train Loss: 1.2224	Val Accuracy: 30.2
Training Epoch: 90/200	Train Loss: 1.3198	Val Accuracy: 30.16
Training Epoch: 91/200	Train Loss: 1.1849	Val Accuracy: 30.16
Training Epoch: 92/200	Train Loss: 0.9227	Val Accuracy: 30.48
Training Epoch: 93/200	Train Loss: 1.4226	Val Accuracy: 30.48
Training Epoch: 94/200	Train Loss: 1.4475	Val Accuracy: 33.02
Training Epoch: 95/200	Train Loss: 1.3549	Val Accuracy: 33.02
Training Epoch: 96/200	Train Loss: 1.3559	Val Accuracy: 30.92
Training Epoch: 97/200	Train Loss: 0.9916	Val Accuracy: 30.92
Training Epoch: 98/200	Train Loss: 1.9302	Val Accuracy: 31.34
Training Epoch: 99/200	Train Loss: 2.0142	Val Accuracy: 31.34
Training Epoch: 100/200	Train Loss: 0.9864	Val Accuracy: 32.26
Training Epoch: 101/200	Train Loss: 1.2871	Val Accuracy: 32.26
Training Epoch: 102/200	Train Loss: 0.9723	Val Accuracy: 31.72
Training Epoch: 103/200	Train Loss: 1.1618	Val Accuracy: 31.72
Training Epoch: 104/200	Train Loss: 0.9112	Val Accuracy: 31.84
Training Epoch: 105/200	Train Loss: 0.9118	Val Accuracy: 31.84
Training Epoch: 106/200	Train Loss: 0.8675	Val Accuracy: 30.82
Training Epoch: 107/200	Train Loss: 0.7888	Val Accuracy: 30.82
Training Epoch: 108/200	Train Loss: 0.7056	Val Accuracy: 31.42
Training Epoch: 109/200	Train Loss: 0.7387	Val Accuracy: 31.42
Training Epoch: 110/200	Train Loss: 1.4651	Val Accuracy: 31.96
Training Epoch: 111/200	Train Loss: 0.4672	Val Accuracy: 31.96
Training Epoch: 112/200	Train Loss: 0.6564	Val Accuracy: 31.12
Training Epoch: 113/200	Train Loss: 0.5375	Val Accuracy: 31.12
Training Epoch: 114/200	Train Loss: 0.5981	Val Accuracy: 31.28
Training Epoch: 115/200	Train Loss: 0.4756	Val Accuracy: 31.28
Training Epoch: 116/200	Train Loss: 0.7212	Val Accuracy: 32.98
Training Epoch: 117/200	Train Loss: 0.4701	Val Accuracy: 32.98
Training Epoch: 118/200	Train Loss: 0.541	Val Accuracy: 32.08
Training Epoch: 119/200	Train Loss: 0.7853	Val Accuracy: 32.08
Training Epoch: 120/200	Train Loss: 0.8283	Val Accuracy: 32.7
Training Epoch: 121/200	Train Loss: 0.7831	Val Accuracy: 32.7
Training Epoch: 122/200	Train Loss: 0.4919	Val Accuracy: 33.34
Training Epoch: 123/200	Train Loss: 0.354	Val Accuracy: 33.34
Training Epoch: 124/200	Train Loss: 0.5523	Val Accuracy: 33.4
Training Epoch: 125/200	Train Loss: 0.4309	Val Accuracy: 33.4
Training Epoch: 126/200	Train Loss: 1.087	Val Accuracy: 32.62
Training Epoch: 127/200	Train Loss: 0.2946	Val Accuracy: 32.62
Training Epoch: 128/200	Train Loss: 0.3144	Val Accuracy: 32.68
Training Epoch: 129/200	Train Loss: 0.7336	Val Accuracy: 32.68
Training Epoch: 130/200	Train Loss: 0.4616	Val Accuracy: 32.64
Training Epoch: 131/200	Train Loss: 0.2061	Val Accuracy: 32.64
Training Epoch: 132/200	Train Loss: 0.4233	Val Accuracy: 32.18
Training Epoch: 133/200	Train Loss: 1.197	Val Accuracy: 32.18
Training Epoch: 134/200	Train Loss: 0.4587	Val Accuracy: 32.28
Training Epoch: 135/200	Train Loss: 0.5534	Val Accuracy: 32.28
Training Epoch: 136/200	Train Loss: 0.2152	Val Accuracy: 32.2
Training Epoch: 137/200	Train Loss: 0.4432	Val Accuracy: 32.2
Training Epoch: 138/200	Train Loss: 0.3844	Val Accuracy: 32.5
Training Epoch: 139/200	Train Loss: 0.502	Val Accuracy: 32.5
Training Epoch: 140/200	Train Loss: 0.4871	Val Accuracy: 32.82
Training Epoch: 141/200	Train Loss: 0.7185	Val Accuracy: 32.82
Training Epoch: 142/200	Train Loss: 0.2854	Val Accuracy: 32.24
Training Epoch: 143/200	Train Loss: 0.1515	Val Accuracy: 32.24
Training Epoch: 144/200	Train Loss: 0.4215	Val Accuracy: 33.34
Training Epoch: 145/200	Train Loss: 1.1379	Val Accuracy: 33.34
Training Epoch: 146/200	Train Loss: 0.8298	Val Accuracy: 33.48
Training Epoch: 147/200	Train Loss: 0.2085	Val Accuracy: 33.48
Training Epoch: 148/200	Train Loss: 0.0909	Val Accuracy: 32.9
Training Epoch: 149/200	Train Loss: 0.1568	Val Accuracy: 32.9
Training Epoch: 150/200	Train Loss: 0.2094	Val Accuracy: 33.86
Training Epoch: 151/200	Train Loss: 0.4068	Val Accuracy: 33.86
Training Epoch: 152/200	Train Loss: 0.3005	Val Accuracy: 33.26
Training Epoch: 153/200	Train Loss: 0.2662	Val Accuracy: 33.26
Training Epoch: 154/200	Train Loss: 0.5433	Val Accuracy: 32.24
Training Epoch: 155/200	Train Loss: 0.1937	Val Accuracy: 32.24
Training Epoch: 156/200	Train Loss: 0.1798	Val Accuracy: 33.0
Training Epoch: 157/200	Train Loss: 0.0598	Val Accuracy: 33.0
Training Epoch: 158/200	Train Loss: 0.1953	Val Accuracy: 32.98
Training Epoch: 159/200	Train Loss: 0.731	Val Accuracy: 32.98
Training Epoch: 160/200	Train Loss: 0.1103	Val Accuracy: 33.22
Training Epoch: 161/200	Train Loss: 0.0974	Val Accuracy: 33.22
Training Epoch: 162/200	Train Loss: 0.0494	Val Accuracy: 33.7
Training Epoch: 163/200	Train Loss: 0.104	Val Accuracy: 33.7
Training Epoch: 164/200	Train Loss: 0.1602	Val Accuracy: 33.26
Training Epoch: 165/200	Train Loss: 0.7512	Val Accuracy: 33.26
Training Epoch: 166/200	Train Loss: 0.1256	Val Accuracy: 33.16
Training Epoch: 167/200	Train Loss: 0.1462	Val Accuracy: 33.16
Training Epoch: 168/200	Train Loss: 0.2572	Val Accuracy: 33.38
Training Epoch: 169/200	Train Loss: 0.1931	Val Accuracy: 33.38
Training Epoch: 170/200	Train Loss: 0.1505	Val Accuracy: 32.8
Training Epoch: 171/200	Train Loss: 0.5653	Val Accuracy: 32.8
Training Epoch: 172/200	Train Loss: 0.0776	Val Accuracy: 32.7
Training Epoch: 173/200	Train Loss: 0.1549	Val Accuracy: 32.7
Training Epoch: 174/200	Train Loss: 0.3265	Val Accuracy: 33.46
Training Epoch: 175/200	Train Loss: 0.6142	Val Accuracy: 33.46
Training Epoch: 176/200	Train Loss: 0.1259	Val Accuracy: 32.82
Training Epoch: 177/200	Train Loss: 0.621	Val Accuracy: 32.82
Training Epoch: 178/200	Train Loss: 0.0868	Val Accuracy: 33.24
Training Epoch: 179/200	Train Loss: 0.1366	Val Accuracy: 33.24
Training Epoch: 180/200	Train Loss: 0.0977	Val Accuracy: 33.32
Training Epoch: 181/200	Train Loss: 0.1802	Val Accuracy: 33.32
Training Epoch: 182/200	Train Loss: 0.0647	Val Accuracy: 33.66
Training Epoch: 183/200	Train Loss: 0.2523	Val Accuracy: 33.66
Training Epoch: 184/200	Train Loss: 0.1161	Val Accuracy: 33.16
Training Epoch: 185/200	Train Loss: 0.057	Val Accuracy: 33.16
Training Epoch: 186/200	Train Loss: 0.1125	Val Accuracy: 34.02
Training Epoch: 187/200	Train Loss: 0.1244	Val Accuracy: 34.02
Training Epoch: 188/200	Train Loss: 0.403	Val Accuracy: 33.66
Training Epoch: 189/200	Train Loss: 0.2876	Val Accuracy: 33.66
Training Epoch: 190/200	Train Loss: 0.2889	Val Accuracy: 33.34
Training Epoch: 191/200	Train Loss: 0.0857	Val Accuracy: 33.34
Training Epoch: 192/200	Train Loss: 0.6485	Val Accuracy: 33.36
Training Epoch: 193/200	Train Loss: 0.0808	Val Accuracy: 33.36
Training Epoch: 194/200	Train Loss: 0.3626	Val Accuracy: 33.34
Training Epoch: 195/200	Train Loss: 0.1282	Val Accuracy: 33.34
Training Epoch: 196/200	Train Loss: 0.5363	Val Accuracy: 33.1
Training Epoch: 197/200	Train Loss: 0.065	Val Accuracy: 33.1
Training Epoch: 198/200	Train Loss: 0.0733	Val Accuracy: 33.38
Training Epoch: 199/200	Train Loss: 0.108	Val Accuracy: 33.38
Training Epoch: 200/200	Train Loss: 0.0537	Val Accuracy: 34.04

Wrote Best Model Checkpoint to: vlBest_acc_34_model_epoch_0200.pyth

Best Validation Accuracy: 34.04
Best Epoch: 200

======== TESTING ========

Test Accuracy: 34.35.

======== ACTIVE SAMPLING ========

Extracting Lset Representations
len(dataLoader): 7
Extracting Uset Representations
len(dataLoader): 443
lb_repr.shape:  (700, 2048)
ul_repr.shape:  (44300, 2048)
Solving K Center Greedy Approach
[GPU] Labeled.shape: torch.Size([700, 2048])
[GPU] Unlabeled.shape: torch.Size([44300, 2048])
time taken: 0.0006239414215087891 seconds
Time taken to solve K center: 0.1678924560546875 seconds
Active Sampling Complete. After Episode 13:
New Labeled Set: 750, New Unlabeled Set: 44250, Active Set: 50

================================


Current accuracy values:  [18.909999999999997, 18.950000000000003, 21.010000000000005, 20.67999992370605, 25.159999694824222, 26.95999938964843, 28.769999122619623, 29.459999046325677, 29.479999542236328, 33.28999954223633, 31.789999160766598, 33.74999935150146, 30.68999919891357, 34.349999237060544]
Starting model from scratch - ignoring existing weights.
<All keys matched successfully>
None
======== EPISODE 14 BEGINS ========

======== TRAINING ========
Training Epoch: 1/200	Train Loss: 16.8732	Val Accuracy: 0.0
Training Epoch: 2/200	Train Loss: 19.2751	Val Accuracy: 9.88
Training Epoch: 3/200	Train Loss: 3.3513	Val Accuracy: 9.88
Training Epoch: 4/200	Train Loss: 9.0619	Val Accuracy: 11.86
Training Epoch: 5/200	Train Loss: 7.3773	Val Accuracy: 11.86
Training Epoch: 6/200	Train Loss: 3.0789	Val Accuracy: 11.24
Training Epoch: 7/200	Train Loss: 2.75	Val Accuracy: 11.24
Training Epoch: 8/200	Train Loss: 2.9834	Val Accuracy: 10.18
Training Epoch: 9/200	Train Loss: 9.0283	Val Accuracy: 10.18
Training Epoch: 10/200	Train Loss: 2.4961	Val Accuracy: 10.04
Training Epoch: 11/200	Train Loss: 3.4125	Val Accuracy: 10.04
Training Epoch: 12/200	Train Loss: 5.1188	Val Accuracy: 12.72
Training Epoch: 13/200	Train Loss: 2.1883	Val Accuracy: 12.72
Training Epoch: 14/200	Train Loss: 2.436	Val Accuracy: 16.22
Training Epoch: 15/200	Train Loss: 2.2268	Val Accuracy: 16.22
Training Epoch: 16/200	Train Loss: 2.4901	Val Accuracy: 18.4
Training Epoch: 17/200	Train Loss: 5.1673	Val Accuracy: 18.4
Training Epoch: 18/200	Train Loss: 2.5553	Val Accuracy: 14.5
Training Epoch: 19/200	Train Loss: 2.1997	Val Accuracy: 14.5
Training Epoch: 20/200	Train Loss: 2.3655	Val Accuracy: 19.4
Training Epoch: 21/200	Train Loss: 3.6531	Val Accuracy: 19.4
Training Epoch: 22/200	Train Loss: 5.5527	Val Accuracy: 18.06
Training Epoch: 23/200	Train Loss: 3.5521	Val Accuracy: 18.06
Training Epoch: 24/200	Train Loss: 2.5863	Val Accuracy: 17.02
Training Epoch: 25/200	Train Loss: 2.088	Val Accuracy: 17.02
Training Epoch: 26/200	Train Loss: 2.6619	Val Accuracy: 19.06
Training Epoch: 27/200	Train Loss: 1.8828	Val Accuracy: 19.06
Training Epoch: 28/200	Train Loss: 3.1155	Val Accuracy: 16.5
Training Epoch: 29/200	Train Loss: 3.4992	Val Accuracy: 16.5
Training Epoch: 30/200	Train Loss: 2.0619	Val Accuracy: 19.24
Training Epoch: 31/200	Train Loss: 5.1677	Val Accuracy: 19.24
Training Epoch: 32/200	Train Loss: 1.9303	Val Accuracy: 19.06
Training Epoch: 33/200	Train Loss: 4.8097	Val Accuracy: 19.06
Training Epoch: 34/200	Train Loss: 3.0388	Val Accuracy: 22.6
Training Epoch: 35/200	Train Loss: 1.9826	Val Accuracy: 22.6
Training Epoch: 36/200	Train Loss: 2.2808	Val Accuracy: 21.86
Training Epoch: 37/200	Train Loss: 6.0668	Val Accuracy: 21.86
Training Epoch: 38/200	Train Loss: 2.115	Val Accuracy: 20.64
Training Epoch: 39/200	Train Loss: 1.9767	Val Accuracy: 20.64
Training Epoch: 40/200	Train Loss: 4.1217	Val Accuracy: 22.4
Training Epoch: 41/200	Train Loss: 1.8708	Val Accuracy: 22.4
Training Epoch: 42/200	Train Loss: 2.0307	Val Accuracy: 18.42
Training Epoch: 43/200	Train Loss: 2.439	Val Accuracy: 18.42
Training Epoch: 44/200	Train Loss: 2.8736	Val Accuracy: 21.58
Training Epoch: 45/200	Train Loss: 1.7944	Val Accuracy: 21.58
Training Epoch: 46/200	Train Loss: 1.6733	Val Accuracy: 23.06
Training Epoch: 47/200	Train Loss: 1.761	Val Accuracy: 23.06
Training Epoch: 48/200	Train Loss: 2.3354	Val Accuracy: 25.8
Training Epoch: 49/200	Train Loss: 1.6643	Val Accuracy: 25.8
Training Epoch: 50/200	Train Loss: 1.751	Val Accuracy: 22.88
Training Epoch: 51/200	Train Loss: 5.9644	Val Accuracy: 22.88
Training Epoch: 52/200	Train Loss: 3.6257	Val Accuracy: 21.38
Training Epoch: 53/200	Train Loss: 1.8878	Val Accuracy: 21.38
Training Epoch: 54/200	Train Loss: 1.8048	Val Accuracy: 23.98
Training Epoch: 55/200	Train Loss: 5.2916	Val Accuracy: 23.98
Training Epoch: 56/200	Train Loss: 1.8334	Val Accuracy: 26.06
Training Epoch: 57/200	Train Loss: 1.8322	Val Accuracy: 26.06
Training Epoch: 58/200	Train Loss: 1.7928	Val Accuracy: 26.34
Training Epoch: 59/200	Train Loss: 1.7874	Val Accuracy: 26.34
Training Epoch: 60/200	Train Loss: 1.8908	Val Accuracy: 27.58
Training Epoch: 61/200	Train Loss: 1.8692	Val Accuracy: 27.58
Training Epoch: 62/200	Train Loss: 3.6571	Val Accuracy: 24.62
Training Epoch: 63/200	Train Loss: 1.6892	Val Accuracy: 24.62
Training Epoch: 64/200	Train Loss: 1.8191	Val Accuracy: 30.2
Training Epoch: 65/200	Train Loss: 1.6167	Val Accuracy: 30.2
Training Epoch: 66/200	Train Loss: 1.6853	Val Accuracy: 28.76
Training Epoch: 67/200	Train Loss: 2.3474	Val Accuracy: 28.76
Training Epoch: 68/200	Train Loss: 1.8351	Val Accuracy: 30.6
Training Epoch: 69/200	Train Loss: 3.1841	Val Accuracy: 30.6
Training Epoch: 70/200	Train Loss: 2.0389	Val Accuracy: 30.14
Training Epoch: 71/200	Train Loss: 2.0521	Val Accuracy: 30.14
Training Epoch: 72/200	Train Loss: 1.945	Val Accuracy: 21.04
Training Epoch: 73/200	Train Loss: 3.0791	Val Accuracy: 21.04
Training Epoch: 74/200	Train Loss: 1.6445	Val Accuracy: 24.6
Training Epoch: 75/200	Train Loss: 1.6818	Val Accuracy: 24.6
Training Epoch: 76/200	Train Loss: 1.7753	Val Accuracy: 26.78
Training Epoch: 77/200	Train Loss: 1.8789	Val Accuracy: 26.78
Training Epoch: 78/200	Train Loss: 2.273	Val Accuracy: 27.04
Training Epoch: 79/200	Train Loss: 1.7328	Val Accuracy: 27.04
Training Epoch: 80/200	Train Loss: 6.4348	Val Accuracy: 29.84
Training Epoch: 81/200	Train Loss: 1.8621	Val Accuracy: 29.84
Training Epoch: 82/200	Train Loss: 1.6121	Val Accuracy: 31.68
Training Epoch: 83/200	Train Loss: 1.7266	Val Accuracy: 31.68
Training Epoch: 84/200	Train Loss: 1.529	Val Accuracy: 30.22
Training Epoch: 85/200	Train Loss: 1.7062	Val Accuracy: 30.22
Training Epoch: 86/200	Train Loss: 2.6654	Val Accuracy: 30.98
Training Epoch: 87/200	Train Loss: 1.6935	Val Accuracy: 30.98
Training Epoch: 88/200	Train Loss: 2.252	Val Accuracy: 30.84
Training Epoch: 89/200	Train Loss: 1.971	Val Accuracy: 30.84
Training Epoch: 90/200	Train Loss: 1.4955	Val Accuracy: 31.86
Training Epoch: 91/200	Train Loss: 1.5998	Val Accuracy: 31.86
Training Epoch: 92/200	Train Loss: 3.8059	Val Accuracy: 31.16
Training Epoch: 93/200	Train Loss: 1.544	Val Accuracy: 31.16
Training Epoch: 94/200	Train Loss: 1.6497	Val Accuracy: 33.34
Training Epoch: 95/200	Train Loss: 1.4879	Val Accuracy: 33.34
Training Epoch: 96/200	Train Loss: 1.4518	Val Accuracy: 32.92
Training Epoch: 97/200	Train Loss: 1.3986	Val Accuracy: 32.92
Training Epoch: 98/200	Train Loss: 1.4428	Val Accuracy: 31.5
Training Epoch: 99/200	Train Loss: 1.2239	Val Accuracy: 31.5
Training Epoch: 100/200	Train Loss: 1.4154	Val Accuracy: 34.52
Training Epoch: 101/200	Train Loss: 1.3618	Val Accuracy: 34.52
Training Epoch: 102/200	Train Loss: 1.2677	Val Accuracy: 33.74
Training Epoch: 103/200	Train Loss: 1.7805	Val Accuracy: 33.74
Training Epoch: 104/200	Train Loss: 1.7441	Val Accuracy: 33.14
Training Epoch: 105/200	Train Loss: 1.4355	Val Accuracy: 33.14
Training Epoch: 106/200	Train Loss: 3.9951	Val Accuracy: 34.3
Training Epoch: 107/200	Train Loss: 1.2511	Val Accuracy: 34.3
Training Epoch: 108/200	Train Loss: 1.8065	Val Accuracy: 33.24
Training Epoch: 109/200	Train Loss: 1.4466	Val Accuracy: 33.24
Training Epoch: 110/200	Train Loss: 1.2091	Val Accuracy: 33.9
Training Epoch: 111/200	Train Loss: 1.2573	Val Accuracy: 33.9
Training Epoch: 112/200	Train Loss: 1.3067	Val Accuracy: 34.32
Training Epoch: 113/200	Train Loss: 4.1318	Val Accuracy: 34.32
Training Epoch: 114/200	Train Loss: 1.2222	Val Accuracy: 33.72
Training Epoch: 115/200	Train Loss: 1.158	Val Accuracy: 33.72
Training Epoch: 116/200	Train Loss: 1.9502	Val Accuracy: 33.66
Training Epoch: 117/200	Train Loss: 1.3577	Val Accuracy: 33.66
Training Epoch: 118/200	Train Loss: 1.1494	Val Accuracy: 33.64
Training Epoch: 119/200	Train Loss: 1.31	Val Accuracy: 33.64
Training Epoch: 120/200	Train Loss: 1.2688	Val Accuracy: 35.0
Training Epoch: 121/200	Train Loss: 1.3488	Val Accuracy: 35.0
Training Epoch: 122/200	Train Loss: 1.3083	Val Accuracy: 32.14
Training Epoch: 123/200	Train Loss: 1.1957	Val Accuracy: 32.14
Training Epoch: 124/200	Train Loss: 1.3609	Val Accuracy: 34.86
Training Epoch: 125/200	Train Loss: 1.3418	Val Accuracy: 34.86
Training Epoch: 126/200	Train Loss: 1.1108	Val Accuracy: 34.2
Training Epoch: 127/200	Train Loss: 1.617	Val Accuracy: 34.2
Training Epoch: 128/200	Train Loss: 1.1619	Val Accuracy: 32.48
Training Epoch: 129/200	Train Loss: 1.1431	Val Accuracy: 32.48
Training Epoch: 130/200	Train Loss: 1.2475	Val Accuracy: 34.84
Training Epoch: 131/200	Train Loss: 1.3623	Val Accuracy: 34.84
Training Epoch: 132/200	Train Loss: 1.1409	Val Accuracy: 36.8
Training Epoch: 133/200	Train Loss: 5.1331	Val Accuracy: 36.8
Training Epoch: 134/200	Train Loss: 1.0538	Val Accuracy: 34.78
Training Epoch: 135/200	Train Loss: 1.1785	Val Accuracy: 34.78
Training Epoch: 136/200	Train Loss: 1.0095	Val Accuracy: 34.52
Training Epoch: 137/200	Train Loss: 1.1736	Val Accuracy: 34.52
Training Epoch: 138/200	Train Loss: 0.9967	Val Accuracy: 36.34
Training Epoch: 139/200	Train Loss: 0.9708	Val Accuracy: 36.34
Training Epoch: 140/200	Train Loss: 0.9733	Val Accuracy: 35.54
Training Epoch: 141/200	Train Loss: 0.9169	Val Accuracy: 35.54
Training Epoch: 142/200	Train Loss: 1.0719	Val Accuracy: 35.88
Training Epoch: 143/200	Train Loss: 0.9791	Val Accuracy: 35.88
Training Epoch: 144/200	Train Loss: 1.7938	Val Accuracy: 35.66
Training Epoch: 145/200	Train Loss: 0.8867	Val Accuracy: 35.66
Training Epoch: 146/200	Train Loss: 0.9427	Val Accuracy: 35.38
Training Epoch: 147/200	Train Loss: 0.9096	Val Accuracy: 35.38
Training Epoch: 148/200	Train Loss: 0.8371	Val Accuracy: 35.6
Training Epoch: 149/200	Train Loss: 0.9419	Val Accuracy: 35.6
Training Epoch: 150/200	Train Loss: 1.3895	Val Accuracy: 36.64
Training Epoch: 151/200	Train Loss: 0.802	Val Accuracy: 36.64
Training Epoch: 152/200	Train Loss: 0.9613	Val Accuracy: 36.88
Training Epoch: 153/200	Train Loss: 0.7887	Val Accuracy: 36.88
Training Epoch: 154/200	Train Loss: 0.9358	Val Accuracy: 36.72
Training Epoch: 155/200	Train Loss: 0.8966	Val Accuracy: 36.72
Training Epoch: 156/200	Train Loss: 0.8456	Val Accuracy: 36.04
Training Epoch: 157/200	Train Loss: 0.6907	Val Accuracy: 36.04
Training Epoch: 158/200	Train Loss: 0.7141	Val Accuracy: 35.52
Training Epoch: 159/200	Train Loss: 1.7409	Val Accuracy: 35.52
Training Epoch: 160/200	Train Loss: 0.8404	Val Accuracy: 36.72
Training Epoch: 161/200	Train Loss: 0.9502	Val Accuracy: 36.72
Training Epoch: 162/200	Train Loss: 0.7682	Val Accuracy: 36.3
Training Epoch: 163/200	Train Loss: 0.9144	Val Accuracy: 36.3
Training Epoch: 164/200	Train Loss: 0.8734	Val Accuracy: 35.92
Training Epoch: 165/200	Train Loss: 0.9174	Val Accuracy: 35.92
Training Epoch: 166/200	Train Loss: 0.8806	Val Accuracy: 34.92
Training Epoch: 167/200	Train Loss: 0.9686	Val Accuracy: 34.92
Training Epoch: 168/200	Train Loss: 0.624	Val Accuracy: 34.92
Training Epoch: 169/200	Train Loss: 0.6239	Val Accuracy: 34.92
Training Epoch: 170/200	Train Loss: 0.5915	Val Accuracy: 34.82
Training Epoch: 171/200	Train Loss: 0.6608	Val Accuracy: 34.82
Training Epoch: 172/200	Train Loss: 1.0138	Val Accuracy: 35.92
Training Epoch: 173/200	Train Loss: 0.5268	Val Accuracy: 35.92
Training Epoch: 174/200	Train Loss: 2.4303	Val Accuracy: 36.14
Training Epoch: 175/200	Train Loss: 0.6942	Val Accuracy: 36.14
Training Epoch: 176/200	Train Loss: 0.4616	Val Accuracy: 35.6
Training Epoch: 177/200	Train Loss: 0.5773	Val Accuracy: 35.6
Training Epoch: 178/200	Train Loss: 0.615	Val Accuracy: 35.98
Training Epoch: 179/200	Train Loss: 0.5565	Val Accuracy: 35.98
Training Epoch: 180/200	Train Loss: 0.5562	Val Accuracy: 36.66
Training Epoch: 181/200	Train Loss: 0.714	Val Accuracy: 36.66
Training Epoch: 182/200	Train Loss: 0.4786	Val Accuracy: 35.48
Training Epoch: 183/200	Train Loss: 0.697	Val Accuracy: 35.48
Training Epoch: 184/200	Train Loss: 0.6135	Val Accuracy: 36.18
Training Epoch: 185/200	Train Loss: 0.6713	Val Accuracy: 36.18
Training Epoch: 186/200	Train Loss: 0.4763	Val Accuracy: 35.62
Training Epoch: 187/200	Train Loss: 0.5799	Val Accuracy: 35.62
Training Epoch: 188/200	Train Loss: 0.5005	Val Accuracy: 36.4
Training Epoch: 189/200	Train Loss: 0.4179	Val Accuracy: 36.4
Training Epoch: 190/200	Train Loss: 0.5943	Val Accuracy: 36.04
Training Epoch: 191/200	Train Loss: 0.4168	Val Accuracy: 36.04
Training Epoch: 192/200	Train Loss: 0.4268	Val Accuracy: 35.64
Training Epoch: 193/200	Train Loss: 0.5311	Val Accuracy: 35.64
Training Epoch: 194/200	Train Loss: 0.4246	Val Accuracy: 36.12
Training Epoch: 195/200	Train Loss: 0.5182	Val Accuracy: 36.12
Training Epoch: 196/200	Train Loss: 0.514	Val Accuracy: 36.48
Training Epoch: 197/200	Train Loss: 0.497	Val Accuracy: 36.48
Training Epoch: 198/200	Train Loss: 0.5125	Val Accuracy: 36.28
Training Epoch: 199/200	Train Loss: 0.4691	Val Accuracy: 36.28
Training Epoch: 200/200	Train Loss: 0.5453	Val Accuracy: 36.08

Wrote Best Model Checkpoint to: vlBest_acc_36_model_epoch_0152.pyth

Best Validation Accuracy: 36.88
Best Epoch: 152

======== TESTING ========

Test Accuracy: 36.43.

======== ACTIVE SAMPLING ========

Extracting Lset Representations
len(dataLoader): 8
Extracting Uset Representations
len(dataLoader): 443
lb_repr.shape:  (750, 2048)
ul_repr.shape:  (44250, 2048)
Solving K Center Greedy Approach
[GPU] Labeled.shape: torch.Size([750, 2048])
[GPU] Unlabeled.shape: torch.Size([44250, 2048])
time taken: 0.0005059242248535156 seconds
Time taken to solve K center: 0.16760993003845215 seconds
Active Sampling Complete. After Episode 14:
New Labeled Set: 800, New Unlabeled Set: 44200, Active Set: 50

================================


Current accuracy values:  [18.909999999999997, 18.950000000000003, 21.010000000000005, 20.67999992370605, 25.159999694824222, 26.95999938964843, 28.769999122619623, 29.459999046325677, 29.479999542236328, 33.28999954223633, 31.789999160766598, 33.74999935150146, 30.68999919891357, 34.349999237060544, 36.42999870300293]
Starting model from scratch - ignoring existing weights.
<All keys matched successfully>
None
======== EPISODE 15 BEGINS ========

======== TRAINING ========
Training Epoch: 1/200	Train Loss: 13.2381	Val Accuracy: 0.0
Training Epoch: 2/200	Train Loss: 4.8719	Val Accuracy: 10.22
Training Epoch: 3/200	Train Loss: 2.777	Val Accuracy: 10.22
Training Epoch: 4/200	Train Loss: 8.6336	Val Accuracy: 10.16
Training Epoch: 5/200	Train Loss: 3.9477	Val Accuracy: 10.16
Training Epoch: 6/200	Train Loss: 3.1817	Val Accuracy: 9.46
Training Epoch: 7/200	Train Loss: 4.7121	Val Accuracy: 9.46
Training Epoch: 8/200	Train Loss: 4.1801	Val Accuracy: 14.0
Training Epoch: 9/200	Train Loss: 2.8879	Val Accuracy: 14.0
Training Epoch: 10/200	Train Loss: 4.8619	Val Accuracy: 15.16
Training Epoch: 11/200	Train Loss: 2.1654	Val Accuracy: 15.16
Training Epoch: 12/200	Train Loss: 2.3808	Val Accuracy: 11.36
Training Epoch: 13/200	Train Loss: 3.1267	Val Accuracy: 11.36
Training Epoch: 14/200	Train Loss: 3.7299	Val Accuracy: 18.34
Training Epoch: 15/200	Train Loss: 2.0315	Val Accuracy: 18.34
Training Epoch: 16/200	Train Loss: 2.1958	Val Accuracy: 20.34
Training Epoch: 17/200	Train Loss: 5.6294	Val Accuracy: 20.34
Training Epoch: 18/200	Train Loss: 2.0697	Val Accuracy: 18.66
Training Epoch: 19/200	Train Loss: 2.6238	Val Accuracy: 18.66
Training Epoch: 20/200	Train Loss: 2.0897	Val Accuracy: 19.9
Training Epoch: 21/200	Train Loss: 1.8238	Val Accuracy: 19.9
Training Epoch: 22/200	Train Loss: 3.291	Val Accuracy: 19.24
Training Epoch: 23/200	Train Loss: 4.7154	Val Accuracy: 19.24
Training Epoch: 24/200	Train Loss: 1.8833	Val Accuracy: 20.92
Training Epoch: 25/200	Train Loss: 1.7395	Val Accuracy: 20.92
Training Epoch: 26/200	Train Loss: 1.9647	Val Accuracy: 21.96
Training Epoch: 27/200	Train Loss: 3.4157	Val Accuracy: 21.96
Training Epoch: 28/200	Train Loss: 2.1768	Val Accuracy: 24.68
Training Epoch: 29/200	Train Loss: 3.0065	Val Accuracy: 24.68
Training Epoch: 30/200	Train Loss: 1.9972	Val Accuracy: 26.04
Training Epoch: 31/200	Train Loss: 1.8045	Val Accuracy: 26.04
Training Epoch: 32/200	Train Loss: 2.2268	Val Accuracy: 25.12
Training Epoch: 33/200	Train Loss: 1.8488	Val Accuracy: 25.12
Training Epoch: 34/200	Train Loss: 1.6683	Val Accuracy: 25.3
Training Epoch: 35/200	Train Loss: 6.525	Val Accuracy: 25.3
Training Epoch: 36/200	Train Loss: 1.9367	Val Accuracy: 24.18
Training Epoch: 37/200	Train Loss: 2.2114	Val Accuracy: 24.18
Training Epoch: 38/200	Train Loss: 2.0473	Val Accuracy: 24.74
Training Epoch: 39/200	Train Loss: 2.0457	Val Accuracy: 24.74
Training Epoch: 40/200	Train Loss: 1.7376	Val Accuracy: 24.64
Training Epoch: 41/200	Train Loss: 2.1096	Val Accuracy: 24.64
Training Epoch: 42/200	Train Loss: 3.2695	Val Accuracy: 24.16
Training Epoch: 43/200	Train Loss: 1.7025	Val Accuracy: 24.16
Training Epoch: 44/200	Train Loss: 1.6102	Val Accuracy: 24.14
Training Epoch: 45/200	Train Loss: 1.5525	Val Accuracy: 24.14
Training Epoch: 46/200	Train Loss: 1.8542	Val Accuracy: 27.12
Training Epoch: 47/200	Train Loss: 1.9434	Val Accuracy: 27.12
Training Epoch: 48/200	Train Loss: 1.7123	Val Accuracy: 25.84
Training Epoch: 49/200	Train Loss: 1.813	Val Accuracy: 25.84
Training Epoch: 50/200	Train Loss: 1.7578	Val Accuracy: 29.02
Training Epoch: 51/200	Train Loss: 1.5169	Val Accuracy: 29.02
Training Epoch: 52/200	Train Loss: 2.9942	Val Accuracy: 27.36
Training Epoch: 53/200	Train Loss: 1.714	Val Accuracy: 27.36
Training Epoch: 54/200	Train Loss: 1.733	Val Accuracy: 28.88
Training Epoch: 55/200	Train Loss: 1.7207	Val Accuracy: 28.88
Training Epoch: 56/200	Train Loss: 1.5913	Val Accuracy: 30.02
Training Epoch: 57/200	Train Loss: 1.8714	Val Accuracy: 30.02
Training Epoch: 58/200	Train Loss: 1.4193	Val Accuracy: 29.86
Training Epoch: 59/200	Train Loss: 1.3791	Val Accuracy: 29.86
Training Epoch: 60/200	Train Loss: 3.7476	Val Accuracy: 24.16
Training Epoch: 61/200	Train Loss: 2.6138	Val Accuracy: 24.16
Training Epoch: 62/200	Train Loss: 2.7793	Val Accuracy: 24.88
Training Epoch: 63/200	Train Loss: 2.4899	Val Accuracy: 24.88
Training Epoch: 64/200	Train Loss: 2.2298	Val Accuracy: 24.6
Training Epoch: 65/200	Train Loss: 2.6693	Val Accuracy: 24.6
Training Epoch: 66/200	Train Loss: 2.2006	Val Accuracy: 27.24
Training Epoch: 67/200	Train Loss: 2.8149	Val Accuracy: 27.24
Training Epoch: 68/200	Train Loss: 2.5443	Val Accuracy: 27.12
Training Epoch: 69/200	Train Loss: 1.7056	Val Accuracy: 27.12
Training Epoch: 70/200	Train Loss: 2.517	Val Accuracy: 28.98
Training Epoch: 71/200	Train Loss: 2.1317	Val Accuracy: 28.98
Training Epoch: 72/200	Train Loss: 2.0904	Val Accuracy: 28.52
Training Epoch: 73/200	Train Loss: 2.0495	Val Accuracy: 28.52
Training Epoch: 74/200	Train Loss: 1.7381	Val Accuracy: 29.26
Training Epoch: 75/200	Train Loss: 2.6842	Val Accuracy: 29.26
Training Epoch: 76/200	Train Loss: 1.9089	Val Accuracy: 28.88
Training Epoch: 77/200	Train Loss: 3.1205	Val Accuracy: 28.88
Training Epoch: 78/200	Train Loss: 2.4544	Val Accuracy: 29.64
Training Epoch: 79/200	Train Loss: 1.7456	Val Accuracy: 29.64
Training Epoch: 80/200	Train Loss: 1.9879	Val Accuracy: 30.32
Training Epoch: 81/200	Train Loss: 2.0453	Val Accuracy: 30.32
Training Epoch: 82/200	Train Loss: 1.5045	Val Accuracy: 30.08
Training Epoch: 83/200	Train Loss: 1.5447	Val Accuracy: 30.08
Training Epoch: 84/200	Train Loss: 1.6459	Val Accuracy: 31.04
Training Epoch: 85/200	Train Loss: 2.4317	Val Accuracy: 31.04
Training Epoch: 86/200	Train Loss: 1.352	Val Accuracy: 30.9
Training Epoch: 87/200	Train Loss: 1.7166	Val Accuracy: 30.9
Training Epoch: 88/200	Train Loss: 3.2811	Val Accuracy: 31.86
Training Epoch: 89/200	Train Loss: 2.6175	Val Accuracy: 31.86
Training Epoch: 90/200	Train Loss: 1.4372	Val Accuracy: 31.74
Training Epoch: 91/200	Train Loss: 1.2809	Val Accuracy: 31.74
Training Epoch: 92/200	Train Loss: 1.2892	Val Accuracy: 31.12
Training Epoch: 93/200	Train Loss: 1.1904	Val Accuracy: 31.12
Training Epoch: 94/200	Train Loss: 1.3937	Val Accuracy: 30.9
Training Epoch: 95/200	Train Loss: 1.6597	Val Accuracy: 30.9
Training Epoch: 96/200	Train Loss: 2.0531	Val Accuracy: 31.0
Training Epoch: 97/200	Train Loss: 1.6425	Val Accuracy: 31.0
Training Epoch: 98/200	Train Loss: 1.1927	Val Accuracy: 30.94
Training Epoch: 99/200	Train Loss: 2.173	Val Accuracy: 30.94
Training Epoch: 100/200	Train Loss: 1.7265	Val Accuracy: 31.76
Training Epoch: 101/200	Train Loss: 1.5079	Val Accuracy: 31.76
Training Epoch: 102/200	Train Loss: 1.8391	Val Accuracy: 32.32
Training Epoch: 103/200	Train Loss: 1.5371	Val Accuracy: 32.32
Training Epoch: 104/200	Train Loss: 1.4805	Val Accuracy: 32.72
Training Epoch: 105/200	Train Loss: 1.2554	Val Accuracy: 32.72
Training Epoch: 106/200	Train Loss: 1.0966	Val Accuracy: 32.14
Training Epoch: 107/200	Train Loss: 0.8846	Val Accuracy: 32.14
Training Epoch: 108/200	Train Loss: 1.3606	Val Accuracy: 32.72
Training Epoch: 109/200	Train Loss: 1.3556	Val Accuracy: 32.72
Training Epoch: 110/200	Train Loss: 1.3639	Val Accuracy: 32.48
Training Epoch: 111/200	Train Loss: 1.1129	Val Accuracy: 32.48
Training Epoch: 112/200	Train Loss: 1.3307	Val Accuracy: 30.82
Training Epoch: 113/200	Train Loss: 1.5481	Val Accuracy: 30.82
Training Epoch: 114/200	Train Loss: 1.5514	Val Accuracy: 32.58
Training Epoch: 115/200	Train Loss: 1.109	Val Accuracy: 32.58
Training Epoch: 116/200	Train Loss: 0.9374	Val Accuracy: 32.42
Training Epoch: 117/200	Train Loss: 1.1262	Val Accuracy: 32.42
Training Epoch: 118/200	Train Loss: 1.1535	Val Accuracy: 30.68
Training Epoch: 119/200	Train Loss: 1.8545	Val Accuracy: 30.68
Training Epoch: 120/200	Train Loss: 0.8719	Val Accuracy: 33.24
Training Epoch: 121/200	Train Loss: 1.0906	Val Accuracy: 33.24
Training Epoch: 122/200	Train Loss: 1.0285	Val Accuracy: 32.14
Training Epoch: 123/200	Train Loss: 1.1272	Val Accuracy: 32.14
Training Epoch: 124/200	Train Loss: 1.2757	Val Accuracy: 33.3
Training Epoch: 125/200	Train Loss: 0.9436	Val Accuracy: 33.3
Training Epoch: 126/200	Train Loss: 1.2978	Val Accuracy: 32.24
Training Epoch: 127/200	Train Loss: 0.9484	Val Accuracy: 32.24
Training Epoch: 128/200	Train Loss: 1.2464	Val Accuracy: 33.06
Training Epoch: 129/200	Train Loss: 0.7092	Val Accuracy: 33.06
Training Epoch: 130/200	Train Loss: 1.0788	Val Accuracy: 31.68
Training Epoch: 131/200	Train Loss: 1.0677	Val Accuracy: 31.68
Training Epoch: 132/200	Train Loss: 0.5395	Val Accuracy: 32.12
Training Epoch: 133/200	Train Loss: 0.9897	Val Accuracy: 32.12
Training Epoch: 134/200	Train Loss: 1.1664	Val Accuracy: 31.46
Training Epoch: 135/200	Train Loss: 0.7148	Val Accuracy: 31.46
Training Epoch: 136/200	Train Loss: 1.3665	Val Accuracy: 31.72
Training Epoch: 137/200	Train Loss: 1.5023	Val Accuracy: 31.72
Training Epoch: 138/200	Train Loss: 0.682	Val Accuracy: 32.7
Training Epoch: 139/200	Train Loss: 0.5574	Val Accuracy: 32.7
Training Epoch: 140/200	Train Loss: 1.379	Val Accuracy: 32.46
Training Epoch: 141/200	Train Loss: 0.7237	Val Accuracy: 32.46
Training Epoch: 142/200	Train Loss: 0.7845	Val Accuracy: 32.76
Training Epoch: 143/200	Train Loss: 0.9625	Val Accuracy: 32.76
Training Epoch: 144/200	Train Loss: 0.5584	Val Accuracy: 33.32
Training Epoch: 145/200	Train Loss: 1.1152	Val Accuracy: 33.32
Training Epoch: 146/200	Train Loss: 0.6215	Val Accuracy: 32.5
Training Epoch: 147/200	Train Loss: 0.6589	Val Accuracy: 32.5
Training Epoch: 148/200	Train Loss: 0.7906	Val Accuracy: 32.58
Training Epoch: 149/200	Train Loss: 0.7615	Val Accuracy: 32.58
Training Epoch: 150/200	Train Loss: 0.9728	Val Accuracy: 32.8
Training Epoch: 151/200	Train Loss: 0.5984	Val Accuracy: 32.8
Training Epoch: 152/200	Train Loss: 0.6041	Val Accuracy: 31.74
Training Epoch: 153/200	Train Loss: 0.5051	Val Accuracy: 31.74
Training Epoch: 154/200	Train Loss: 0.5067	Val Accuracy: 32.82
Training Epoch: 155/200	Train Loss: 0.4181	Val Accuracy: 32.82
Training Epoch: 156/200	Train Loss: 0.4823	Val Accuracy: 32.86
Training Epoch: 157/200	Train Loss: 0.377	Val Accuracy: 32.86
Training Epoch: 158/200	Train Loss: 0.4845	Val Accuracy: 32.3
Training Epoch: 159/200	Train Loss: 0.542	Val Accuracy: 32.3
Training Epoch: 160/200	Train Loss: 0.5384	Val Accuracy: 32.44
Training Epoch: 161/200	Train Loss: 0.5334	Val Accuracy: 32.44
Training Epoch: 162/200	Train Loss: 0.4166	Val Accuracy: 32.8
Training Epoch: 163/200	Train Loss: 0.449	Val Accuracy: 32.8
Training Epoch: 164/200	Train Loss: 0.3189	Val Accuracy: 33.12
Training Epoch: 165/200	Train Loss: 0.3854	Val Accuracy: 33.12
Training Epoch: 166/200	Train Loss: 1.4455	Val Accuracy: 33.02
Training Epoch: 167/200	Train Loss: 0.2919	Val Accuracy: 33.02
Training Epoch: 168/200	Train Loss: 0.622	Val Accuracy: 32.64
Training Epoch: 169/200	Train Loss: 0.8151	Val Accuracy: 32.64
Training Epoch: 170/200	Train Loss: 0.8859	Val Accuracy: 32.52
Training Epoch: 171/200	Train Loss: 0.7393	Val Accuracy: 32.52
Training Epoch: 172/200	Train Loss: 0.9524	Val Accuracy: 31.66
Training Epoch: 173/200	Train Loss: 0.2432	Val Accuracy: 31.66
Training Epoch: 174/200	Train Loss: 0.3703	Val Accuracy: 32.4
Training Epoch: 175/200	Train Loss: 0.6918	Val Accuracy: 32.4
Training Epoch: 176/200	Train Loss: 0.5008	Val Accuracy: 31.94
Training Epoch: 177/200	Train Loss: 0.3831	Val Accuracy: 31.94
Training Epoch: 178/200	Train Loss: 0.3128	Val Accuracy: 32.3
Training Epoch: 179/200	Train Loss: 0.2092	Val Accuracy: 32.3
Training Epoch: 180/200	Train Loss: 0.3925	Val Accuracy: 32.78
Training Epoch: 181/200	Train Loss: 0.1544	Val Accuracy: 32.78
Training Epoch: 182/200	Train Loss: 0.2822	Val Accuracy: 32.36
Training Epoch: 183/200	Train Loss: 0.3341	Val Accuracy: 32.36
Training Epoch: 184/200	Train Loss: 0.1966	Val Accuracy: 32.32
Training Epoch: 185/200	Train Loss: 0.1984	Val Accuracy: 32.32
Training Epoch: 186/200	Train Loss: 0.262	Val Accuracy: 32.54
Training Epoch: 187/200	Train Loss: 0.4586	Val Accuracy: 32.54
Training Epoch: 188/200	Train Loss: 0.2877	Val Accuracy: 32.26
Training Epoch: 189/200	Train Loss: 0.9385	Val Accuracy: 32.26
Training Epoch: 190/200	Train Loss: 0.5878	Val Accuracy: 31.44
Training Epoch: 191/200	Train Loss: 0.3423	Val Accuracy: 31.44
Training Epoch: 192/200	Train Loss: 0.7637	Val Accuracy: 31.9
Training Epoch: 193/200	Train Loss: 0.19	Val Accuracy: 31.9
Training Epoch: 194/200	Train Loss: 0.6497	Val Accuracy: 31.84
Training Epoch: 195/200	Train Loss: 0.5176	Val Accuracy: 31.84
Training Epoch: 196/200	Train Loss: 0.3496	Val Accuracy: 32.84
Training Epoch: 197/200	Train Loss: 0.2131	Val Accuracy: 32.84
Training Epoch: 198/200	Train Loss: 0.3234	Val Accuracy: 33.5
Training Epoch: 199/200	Train Loss: 0.5106	Val Accuracy: 33.5
Training Epoch: 200/200	Train Loss: 0.4275	Val Accuracy: 32.76

Wrote Best Model Checkpoint to: vlBest_acc_33_model_epoch_0198.pyth

Best Validation Accuracy: 33.5
Best Epoch: 198

======== TESTING ========

Test Accuracy: 32.19.

======== ACTIVE SAMPLING ========

Extracting Lset Representations
len(dataLoader): 8
Extracting Uset Representations
len(dataLoader): 442
lb_repr.shape:  (800, 2048)
ul_repr.shape:  (44200, 2048)
Solving K Center Greedy Approach
[GPU] Labeled.shape: torch.Size([800, 2048])
[GPU] Unlabeled.shape: torch.Size([44200, 2048])
time taken: 0.0005230903625488281 seconds
Time taken to solve K center: 0.1675255298614502 seconds
Active Sampling Complete. After Episode 15:
New Labeled Set: 850, New Unlabeled Set: 44150, Active Set: 50

================================


Current accuracy values:  [18.909999999999997, 18.950000000000003, 21.010000000000005, 20.67999992370605, 25.159999694824222, 26.95999938964843, 28.769999122619623, 29.459999046325677, 29.479999542236328, 33.28999954223633, 31.789999160766598, 33.74999935150146, 30.68999919891357, 34.349999237060544, 36.42999870300293, 32.189999275207526]
Starting model from scratch - ignoring existing weights.
<All keys matched successfully>
None
======== EPISODE 16 BEGINS ========

======== TRAINING ========
Training Epoch: 1/200	Train Loss: 20.0344	Val Accuracy: 0.0
Training Epoch: 2/200	Train Loss: 2.8527	Val Accuracy: 9.98
Training Epoch: 3/200	Train Loss: 4.4333	Val Accuracy: 9.98
Training Epoch: 4/200	Train Loss: 4.0656	Val Accuracy: 10.02
Training Epoch: 5/200	Train Loss: 3.8839	Val Accuracy: 10.02
Training Epoch: 6/200	Train Loss: 3.5753	Val Accuracy: 10.84
Training Epoch: 7/200	Train Loss: 4.4882	Val Accuracy: 10.84
Training Epoch: 8/200	Train Loss: 3.7211	Val Accuracy: 13.7
Training Epoch: 9/200	Train Loss: 5.384	Val Accuracy: 13.7
Training Epoch: 10/200	Train Loss: 2.78	Val Accuracy: 17.0
Training Epoch: 11/200	Train Loss: 4.5575	Val Accuracy: 17.0
Training Epoch: 12/200	Train Loss: 2.844	Val Accuracy: 17.46
Training Epoch: 13/200	Train Loss: 3.2241	Val Accuracy: 17.46
Training Epoch: 14/200	Train Loss: 3.1857	Val Accuracy: 13.26
Training Epoch: 15/200	Train Loss: 2.9102	Val Accuracy: 13.26
Training Epoch: 16/200	Train Loss: 2.3021	Val Accuracy: 17.88
Training Epoch: 17/200	Train Loss: 2.0664	Val Accuracy: 17.88
Training Epoch: 18/200	Train Loss: 2.8312	Val Accuracy: 17.88
Training Epoch: 19/200	Train Loss: 1.7715	Val Accuracy: 17.88
Training Epoch: 20/200	Train Loss: 2.6987	Val Accuracy: 18.64
Training Epoch: 21/200	Train Loss: 2.1099	Val Accuracy: 18.64
Training Epoch: 22/200	Train Loss: 2.8098	Val Accuracy: 20.22
Training Epoch: 23/200	Train Loss: 1.988	Val Accuracy: 20.22
Training Epoch: 24/200	Train Loss: 3.5192	Val Accuracy: 22.1
Training Epoch: 25/200	Train Loss: 3.253	Val Accuracy: 22.1
Training Epoch: 26/200	Train Loss: 1.9657	Val Accuracy: 23.92
Training Epoch: 27/200	Train Loss: 4.9446	Val Accuracy: 23.92
Training Epoch: 28/200	Train Loss: 3.7636	Val Accuracy: 18.18
Training Epoch: 29/200	Train Loss: 2.0671	Val Accuracy: 18.18
Training Epoch: 30/200	Train Loss: 2.7583	Val Accuracy: 18.06
Training Epoch: 31/200	Train Loss: 3.9599	Val Accuracy: 18.06
Training Epoch: 32/200	Train Loss: 3.4445	Val Accuracy: 19.1
Training Epoch: 33/200	Train Loss: 3.3358	Val Accuracy: 19.1
Training Epoch: 34/200	Train Loss: 3.1854	Val Accuracy: 21.22
Training Epoch: 35/200	Train Loss: 3.3945	Val Accuracy: 21.22
Training Epoch: 36/200	Train Loss: 1.7942	Val Accuracy: 20.9
Training Epoch: 37/200	Train Loss: 2.2776	Val Accuracy: 20.9
Training Epoch: 38/200	Train Loss: 3.6821	Val Accuracy: 18.02
Training Epoch: 39/200	Train Loss: 2.9254	Val Accuracy: 18.02
Training Epoch: 40/200	Train Loss: 2.9025	Val Accuracy: 15.9
Training Epoch: 41/200	Train Loss: 1.9498	Val Accuracy: 15.9
Training Epoch: 42/200	Train Loss: 2.2342	Val Accuracy: 25.18
Training Epoch: 43/200	Train Loss: 2.0728	Val Accuracy: 25.18
Training Epoch: 44/200	Train Loss: 1.9793	Val Accuracy: 26.58
Training Epoch: 45/200	Train Loss: 1.8608	Val Accuracy: 26.58
Training Epoch: 46/200	Train Loss: 2.2695	Val Accuracy: 28.54
Training Epoch: 47/200	Train Loss: 1.7863	Val Accuracy: 28.54
Training Epoch: 48/200	Train Loss: 1.9017	Val Accuracy: 28.42
Training Epoch: 49/200	Train Loss: 2.4437	Val Accuracy: 28.42
Training Epoch: 50/200	Train Loss: 1.8401	Val Accuracy: 30.08
Training Epoch: 51/200	Train Loss: 2.0556	Val Accuracy: 30.08
Training Epoch: 52/200	Train Loss: 2.3621	Val Accuracy: 28.7
Training Epoch: 53/200	Train Loss: 2.8421	Val Accuracy: 28.7
Training Epoch: 54/200	Train Loss: 1.3635	Val Accuracy: 29.5
Training Epoch: 55/200	Train Loss: 2.7743	Val Accuracy: 29.5
Training Epoch: 56/200	Train Loss: 1.5066	Val Accuracy: 30.2
Training Epoch: 57/200	Train Loss: 1.4153	Val Accuracy: 30.2
Training Epoch: 58/200	Train Loss: 1.7883	Val Accuracy: 25.24
Training Epoch: 59/200	Train Loss: 2.5445	Val Accuracy: 25.24
Training Epoch: 60/200	Train Loss: 1.7969	Val Accuracy: 26.3
Training Epoch: 61/200	Train Loss: 2.2678	Val Accuracy: 26.3
Training Epoch: 62/200	Train Loss: 2.3439	Val Accuracy: 29.0
Training Epoch: 63/200	Train Loss: 2.8409	Val Accuracy: 29.0
Training Epoch: 64/200	Train Loss: 1.7444	Val Accuracy: 30.06
Training Epoch: 65/200	Train Loss: 2.047	Val Accuracy: 30.06
Training Epoch: 66/200	Train Loss: 1.5583	Val Accuracy: 32.32
Training Epoch: 67/200	Train Loss: 1.5827	Val Accuracy: 32.32
Training Epoch: 68/200	Train Loss: 1.2808	Val Accuracy: 33.0
Training Epoch: 69/200	Train Loss: 1.6794	Val Accuracy: 33.0
Training Epoch: 70/200	Train Loss: 1.2424	Val Accuracy: 33.24
Training Epoch: 71/200	Train Loss: 1.1348	Val Accuracy: 33.24
Training Epoch: 72/200	Train Loss: 2.1377	Val Accuracy: 32.2
Training Epoch: 73/200	Train Loss: 1.2543	Val Accuracy: 32.2
Training Epoch: 74/200	Train Loss: 1.1721	Val Accuracy: 34.22
Training Epoch: 75/200	Train Loss: 1.569	Val Accuracy: 34.22
Training Epoch: 76/200	Train Loss: 1.1067	Val Accuracy: 32.46
Training Epoch: 77/200	Train Loss: 1.1922	Val Accuracy: 32.46
Training Epoch: 78/200	Train Loss: 0.9738	Val Accuracy: 34.44
Training Epoch: 79/200	Train Loss: 1.1668	Val Accuracy: 34.44
Training Epoch: 80/200	Train Loss: 1.2633	Val Accuracy: 33.06
Training Epoch: 81/200	Train Loss: 1.7217	Val Accuracy: 33.06
Training Epoch: 82/200	Train Loss: 1.2755	Val Accuracy: 33.78
Training Epoch: 83/200	Train Loss: 1.1953	Val Accuracy: 33.78
Training Epoch: 84/200	Train Loss: 1.0189	Val Accuracy: 35.38
Training Epoch: 85/200	Train Loss: 0.9316	Val Accuracy: 35.38
Training Epoch: 86/200	Train Loss: 0.8469	Val Accuracy: 33.26
Training Epoch: 87/200	Train Loss: 1.4935	Val Accuracy: 33.26
Training Epoch: 88/200	Train Loss: 0.9748	Val Accuracy: 33.52
Training Epoch: 89/200	Train Loss: 0.686	Val Accuracy: 33.52
Training Epoch: 90/200	Train Loss: 1.3125	Val Accuracy: 32.44
Training Epoch: 91/200	Train Loss: 1.1019	Val Accuracy: 32.44
Training Epoch: 92/200	Train Loss: 1.0025	Val Accuracy: 33.62
Training Epoch: 93/200	Train Loss: 0.658	Val Accuracy: 33.62
Training Epoch: 94/200	Train Loss: 1.1325	Val Accuracy: 32.9
Training Epoch: 95/200	Train Loss: 0.9355	Val Accuracy: 32.9
Training Epoch: 96/200	Train Loss: 0.696	Val Accuracy: 33.78
Training Epoch: 97/200	Train Loss: 0.7942	Val Accuracy: 33.78
Training Epoch: 98/200	Train Loss: 1.0134	Val Accuracy: 33.7
Training Epoch: 99/200	Train Loss: 1.1685	Val Accuracy: 33.7
Training Epoch: 100/200	Train Loss: 1.0549	Val Accuracy: 34.68
Training Epoch: 101/200	Train Loss: 1.531	Val Accuracy: 34.68
Training Epoch: 102/200	Train Loss: 0.6466	Val Accuracy: 33.68
Training Epoch: 103/200	Train Loss: 1.3342	Val Accuracy: 33.68
Training Epoch: 104/200	Train Loss: 0.9557	Val Accuracy: 32.76
Training Epoch: 105/200	Train Loss: 0.6931	Val Accuracy: 32.76
Training Epoch: 106/200	Train Loss: 0.952	Val Accuracy: 33.46
Training Epoch: 107/200	Train Loss: 0.7053	Val Accuracy: 33.46
Training Epoch: 108/200	Train Loss: 0.6479	Val Accuracy: 32.22
Training Epoch: 109/200	Train Loss: 0.5222	Val Accuracy: 32.22
Training Epoch: 110/200	Train Loss: 0.8288	Val Accuracy: 34.22
Training Epoch: 111/200	Train Loss: 0.6133	Val Accuracy: 34.22
Training Epoch: 112/200	Train Loss: 0.8459	Val Accuracy: 33.98
Training Epoch: 113/200	Train Loss: 0.4797	Val Accuracy: 33.98
Training Epoch: 114/200	Train Loss: 0.8637	Val Accuracy: 34.54
Training Epoch: 115/200	Train Loss: 0.5112	Val Accuracy: 34.54
Training Epoch: 116/200	Train Loss: 0.9853	Val Accuracy: 34.62
Training Epoch: 117/200	Train Loss: 0.4503	Val Accuracy: 34.62
Training Epoch: 118/200	Train Loss: 0.5388	Val Accuracy: 34.32
Training Epoch: 119/200	Train Loss: 0.5778	Val Accuracy: 34.32
Training Epoch: 120/200	Train Loss: 0.5057	Val Accuracy: 34.26
Training Epoch: 121/200	Train Loss: 0.414	Val Accuracy: 34.26
Training Epoch: 122/200	Train Loss: 0.4818	Val Accuracy: 34.38
Training Epoch: 123/200	Train Loss: 0.514	Val Accuracy: 34.38
Training Epoch: 124/200	Train Loss: 0.5397	Val Accuracy: 33.88
Training Epoch: 125/200	Train Loss: 0.2433	Val Accuracy: 33.88
Training Epoch: 126/200	Train Loss: 0.2136	Val Accuracy: 34.14
Training Epoch: 127/200	Train Loss: 0.3019	Val Accuracy: 34.14
Training Epoch: 128/200	Train Loss: 0.2254	Val Accuracy: 34.54
Training Epoch: 129/200	Train Loss: 0.2829	Val Accuracy: 34.54
Training Epoch: 130/200	Train Loss: 0.9847	Val Accuracy: 34.44
Training Epoch: 131/200	Train Loss: 0.6557	Val Accuracy: 34.44
Training Epoch: 132/200	Train Loss: 0.2512	Val Accuracy: 34.96
Training Epoch: 133/200	Train Loss: 0.2986	Val Accuracy: 34.96
Training Epoch: 134/200	Train Loss: 0.5531	Val Accuracy: 34.58
Training Epoch: 135/200	Train Loss: 0.2173	Val Accuracy: 34.58
Training Epoch: 136/200	Train Loss: 0.3328	Val Accuracy: 35.46
Training Epoch: 137/200	Train Loss: 0.3858	Val Accuracy: 35.46
Training Epoch: 138/200	Train Loss: 0.1533	Val Accuracy: 36.36
Training Epoch: 139/200	Train Loss: 0.2121	Val Accuracy: 36.36
Training Epoch: 140/200	Train Loss: 0.2965	Val Accuracy: 35.36
Training Epoch: 141/200	Train Loss: 0.1424	Val Accuracy: 35.36
Training Epoch: 142/200	Train Loss: 0.4455	Val Accuracy: 34.5
Training Epoch: 143/200	Train Loss: 0.5024	Val Accuracy: 34.5
Training Epoch: 144/200	Train Loss: 0.2081	Val Accuracy: 36.26
Training Epoch: 145/200	Train Loss: 0.2279	Val Accuracy: 36.26
Training Epoch: 146/200	Train Loss: 0.4016	Val Accuracy: 35.66
Training Epoch: 147/200	Train Loss: 0.0989	Val Accuracy: 35.66
Training Epoch: 148/200	Train Loss: 0.3609	Val Accuracy: 34.42
Training Epoch: 149/200	Train Loss: 0.229	Val Accuracy: 34.42
Training Epoch: 150/200	Train Loss: 0.3564	Val Accuracy: 36.38
Training Epoch: 151/200	Train Loss: 0.0656	Val Accuracy: 36.38
Training Epoch: 152/200	Train Loss: 0.454	Val Accuracy: 35.68
Training Epoch: 153/200	Train Loss: 0.2117	Val Accuracy: 35.68
Training Epoch: 154/200	Train Loss: 0.2057	Val Accuracy: 35.52
Training Epoch: 155/200	Train Loss: 0.0737	Val Accuracy: 35.52
Training Epoch: 156/200	Train Loss: 0.277	Val Accuracy: 35.02
Training Epoch: 157/200	Train Loss: 0.3627	Val Accuracy: 35.02
Training Epoch: 158/200	Train Loss: 0.2063	Val Accuracy: 34.68
Training Epoch: 159/200	Train Loss: 0.324	Val Accuracy: 34.68
Training Epoch: 160/200	Train Loss: 0.0742	Val Accuracy: 35.62
Training Epoch: 161/200	Train Loss: 0.0675	Val Accuracy: 35.62
Training Epoch: 162/200	Train Loss: 0.0646	Val Accuracy: 35.98
Training Epoch: 163/200	Train Loss: 0.1086	Val Accuracy: 35.98
Training Epoch: 164/200	Train Loss: 0.101	Val Accuracy: 35.62
Training Epoch: 165/200	Train Loss: 0.0787	Val Accuracy: 35.62
Training Epoch: 166/200	Train Loss: 0.3102	Val Accuracy: 36.62
Training Epoch: 167/200	Train Loss: 0.0625	Val Accuracy: 36.62
Training Epoch: 168/200	Train Loss: 0.0462	Val Accuracy: 36.28
Training Epoch: 169/200	Train Loss: 0.37	Val Accuracy: 36.28
Training Epoch: 170/200	Train Loss: 0.4908	Val Accuracy: 36.42
Training Epoch: 171/200	Train Loss: 0.1427	Val Accuracy: 36.42
Training Epoch: 172/200	Train Loss: 0.2646	Val Accuracy: 35.24
Training Epoch: 173/200	Train Loss: 0.1963	Val Accuracy: 35.24
Training Epoch: 174/200	Train Loss: 0.0913	Val Accuracy: 35.48
Training Epoch: 175/200	Train Loss: 0.1037	Val Accuracy: 35.48
Training Epoch: 176/200	Train Loss: 0.2246	Val Accuracy: 36.16
Training Epoch: 177/200	Train Loss: 0.1478	Val Accuracy: 36.16
Training Epoch: 178/200	Train Loss: 0.1939	Val Accuracy: 35.96
Training Epoch: 179/200	Train Loss: 0.0815	Val Accuracy: 35.96
Training Epoch: 180/200	Train Loss: 0.1846	Val Accuracy: 35.9
Training Epoch: 181/200	Train Loss: 0.0438	Val Accuracy: 35.9
Training Epoch: 182/200	Train Loss: 0.1668	Val Accuracy: 35.66
Training Epoch: 183/200	Train Loss: 0.1195	Val Accuracy: 35.66
Training Epoch: 184/200	Train Loss: 0.0775	Val Accuracy: 35.14
Training Epoch: 185/200	Train Loss: 0.0788	Val Accuracy: 35.14
Training Epoch: 186/200	Train Loss: 0.0952	Val Accuracy: 35.68
Training Epoch: 187/200	Train Loss: 0.056	Val Accuracy: 35.68
Training Epoch: 188/200	Train Loss: 0.0608	Val Accuracy: 35.64
Training Epoch: 189/200	Train Loss: 0.0903	Val Accuracy: 35.64
Training Epoch: 190/200	Train Loss: 0.0691	Val Accuracy: 36.66
Training Epoch: 191/200	Train Loss: 0.146	Val Accuracy: 36.66
Training Epoch: 192/200	Train Loss: 0.1168	Val Accuracy: 35.9
Training Epoch: 193/200	Train Loss: 0.1379	Val Accuracy: 35.9
Training Epoch: 194/200	Train Loss: 0.0762	Val Accuracy: 35.74
Training Epoch: 195/200	Train Loss: 0.0621	Val Accuracy: 35.74
Training Epoch: 196/200	Train Loss: 0.1059	Val Accuracy: 36.0
Training Epoch: 197/200	Train Loss: 0.0809	Val Accuracy: 36.0
Training Epoch: 198/200	Train Loss: 0.0503	Val Accuracy: 35.68
Training Epoch: 199/200	Train Loss: 0.3536	Val Accuracy: 35.68
Training Epoch: 200/200	Train Loss: 0.0869	Val Accuracy: 35.7

Wrote Best Model Checkpoint to: vlBest_acc_36_model_epoch_0190.pyth

Best Validation Accuracy: 36.66
Best Epoch: 190

======== TESTING ========

Test Accuracy: 36.04.

======== ACTIVE SAMPLING ========

Extracting Lset Representations
len(dataLoader): 9
Extracting Uset Representations
len(dataLoader): 442
lb_repr.shape:  (850, 2048)
ul_repr.shape:  (44150, 2048)
Solving K Center Greedy Approach
[GPU] Labeled.shape: torch.Size([850, 2048])
[GPU] Unlabeled.shape: torch.Size([44150, 2048])
time taken: 0.0005192756652832031 seconds
Time taken to solve K center: 0.17076826095581055 seconds
Active Sampling Complete. After Episode 16:
New Labeled Set: 900, New Unlabeled Set: 44100, Active Set: 50

================================


Current accuracy values:  [18.909999999999997, 18.950000000000003, 21.010000000000005, 20.67999992370605, 25.159999694824222, 26.95999938964843, 28.769999122619623, 29.459999046325677, 29.479999542236328, 33.28999954223633, 31.789999160766598, 33.74999935150146, 30.68999919891357, 34.349999237060544, 36.42999870300293, 32.189999275207526, 36.039999122619626]
Starting model from scratch - ignoring existing weights.
<All keys matched successfully>
None
======== EPISODE 17 BEGINS ========

======== TRAINING ========
Training Epoch: 1/200	Train Loss: 28.5758	Val Accuracy: 0.0
Training Epoch: 2/200	Train Loss: 13.5866	Val Accuracy: 10.24
Training Epoch: 3/200	Train Loss: 5.0273	Val Accuracy: 10.24
Training Epoch: 4/200	Train Loss: 4.5397	Val Accuracy: 12.9
Training Epoch: 5/200	Train Loss: 2.3921	Val Accuracy: 12.9
Training Epoch: 6/200	Train Loss: 4.7146	Val Accuracy: 12.28
Training Epoch: 7/200	Train Loss: 3.453	Val Accuracy: 12.28
Training Epoch: 8/200	Train Loss: 2.5441	Val Accuracy: 9.4
Training Epoch: 9/200	Train Loss: 3.8367	Val Accuracy: 9.4
Training Epoch: 10/200	Train Loss: 3.2282	Val Accuracy: 10.54
Training Epoch: 11/200	Train Loss: 4.2048	Val Accuracy: 10.54
Training Epoch: 12/200	Train Loss: 3.2434	Val Accuracy: 13.54
Training Epoch: 13/200	Train Loss: 4.171	Val Accuracy: 13.54
Training Epoch: 14/200	Train Loss: 3.6101	Val Accuracy: 15.18
Training Epoch: 15/200	Train Loss: 2.8526	Val Accuracy: 15.18
Training Epoch: 16/200	Train Loss: 4.0444	Val Accuracy: 13.74
Training Epoch: 17/200	Train Loss: 4.6139	Val Accuracy: 13.74
Training Epoch: 18/200	Train Loss: 2.5853	Val Accuracy: 15.54
Training Epoch: 19/200	Train Loss: 3.3799	Val Accuracy: 15.54
Training Epoch: 20/200	Train Loss: 2.2041	Val Accuracy: 20.1
Training Epoch: 21/200	Train Loss: 2.8176	Val Accuracy: 20.1
Training Epoch: 22/200	Train Loss: 4.512	Val Accuracy: 14.86
Training Epoch: 23/200	Train Loss: 3.6047	Val Accuracy: 14.86
Training Epoch: 24/200	Train Loss: 2.5375	Val Accuracy: 17.88
Training Epoch: 25/200	Train Loss: 1.8918	Val Accuracy: 17.88
Training Epoch: 26/200	Train Loss: 3.607	Val Accuracy: 19.5
Training Epoch: 27/200	Train Loss: 3.2471	Val Accuracy: 19.5
Training Epoch: 28/200	Train Loss: 2.9696	Val Accuracy: 21.82
Training Epoch: 29/200	Train Loss: 3.2599	Val Accuracy: 21.82
Training Epoch: 30/200	Train Loss: 3.1302	Val Accuracy: 21.5
Training Epoch: 31/200	Train Loss: 3.0191	Val Accuracy: 21.5
Training Epoch: 32/200	Train Loss: 2.0712	Val Accuracy: 22.14
Training Epoch: 33/200	Train Loss: 2.9035	Val Accuracy: 22.14
Training Epoch: 34/200	Train Loss: 1.7865	Val Accuracy: 26.02
Training Epoch: 35/200	Train Loss: 2.3511	Val Accuracy: 26.02
Training Epoch: 36/200	Train Loss: 2.9711	Val Accuracy: 27.26
Training Epoch: 37/200	Train Loss: 2.5814	Val Accuracy: 27.26
Training Epoch: 38/200	Train Loss: 3.0405	Val Accuracy: 27.52
Training Epoch: 39/200	Train Loss: 2.5474	Val Accuracy: 27.52
Training Epoch: 40/200	Train Loss: 2.2865	Val Accuracy: 29.58
Training Epoch: 41/200	Train Loss: 2.3965	Val Accuracy: 29.58
Training Epoch: 42/200	Train Loss: 2.492	Val Accuracy: 28.4
Training Epoch: 43/200	Train Loss: 3.3388	Val Accuracy: 28.4
Training Epoch: 44/200	Train Loss: 2.2048	Val Accuracy: 27.92
Training Epoch: 45/200	Train Loss: 2.024	Val Accuracy: 27.92
Training Epoch: 46/200	Train Loss: 2.2889	Val Accuracy: 30.82
Training Epoch: 47/200	Train Loss: 3.0863	Val Accuracy: 30.82
Training Epoch: 48/200	Train Loss: 1.6502	Val Accuracy: 31.8
Training Epoch: 49/200	Train Loss: 1.8435	Val Accuracy: 31.8
Training Epoch: 50/200	Train Loss: 1.8966	Val Accuracy: 32.12
Training Epoch: 51/200	Train Loss: 2.854	Val Accuracy: 32.12
Training Epoch: 52/200	Train Loss: 2.3402	Val Accuracy: 32.52
Training Epoch: 53/200	Train Loss: 2.0978	Val Accuracy: 32.52
Training Epoch: 54/200	Train Loss: 1.5996	Val Accuracy: 31.86
Training Epoch: 55/200	Train Loss: 2.0489	Val Accuracy: 31.86
Training Epoch: 56/200	Train Loss: 2.2726	Val Accuracy: 34.14
Training Epoch: 57/200	Train Loss: 3.1312	Val Accuracy: 34.14
Training Epoch: 58/200	Train Loss: 1.7671	Val Accuracy: 34.1
Training Epoch: 59/200	Train Loss: 1.8532	Val Accuracy: 34.1
Training Epoch: 60/200	Train Loss: 1.9993	Val Accuracy: 35.18
Training Epoch: 61/200	Train Loss: 1.3119	Val Accuracy: 35.18
Training Epoch: 62/200	Train Loss: 1.3568	Val Accuracy: 36.8
Training Epoch: 63/200	Train Loss: 1.7873	Val Accuracy: 36.8
Training Epoch: 64/200	Train Loss: 2.1687	Val Accuracy: 36.52
Training Epoch: 65/200	Train Loss: 1.2076	Val Accuracy: 36.52
Training Epoch: 66/200	Train Loss: 1.1908	Val Accuracy: 36.28
Training Epoch: 67/200	Train Loss: 2.2379	Val Accuracy: 36.28
Training Epoch: 68/200	Train Loss: 1.5064	Val Accuracy: 35.28
Training Epoch: 69/200	Train Loss: 1.8906	Val Accuracy: 35.28
Training Epoch: 70/200	Train Loss: 1.2729	Val Accuracy: 33.54
Training Epoch: 71/200	Train Loss: 1.5549	Val Accuracy: 33.54
Training Epoch: 72/200	Train Loss: 2.4359	Val Accuracy: 34.72
Training Epoch: 73/200	Train Loss: 1.0837	Val Accuracy: 34.72
Training Epoch: 74/200	Train Loss: 1.5466	Val Accuracy: 37.32
Training Epoch: 75/200	Train Loss: 0.9438	Val Accuracy: 37.32
Training Epoch: 76/200	Train Loss: 1.114	Val Accuracy: 36.18
Training Epoch: 77/200	Train Loss: 1.6443	Val Accuracy: 36.18
Training Epoch: 78/200	Train Loss: 1.2715	Val Accuracy: 36.3
Training Epoch: 79/200	Train Loss: 1.3572	Val Accuracy: 36.3
Training Epoch: 80/200	Train Loss: 1.05	Val Accuracy: 36.88
Training Epoch: 81/200	Train Loss: 1.3327	Val Accuracy: 36.88
Training Epoch: 82/200	Train Loss: 1.7146	Val Accuracy: 34.8
Training Epoch: 83/200	Train Loss: 1.2322	Val Accuracy: 34.8
Training Epoch: 84/200	Train Loss: 1.2874	Val Accuracy: 37.32
Training Epoch: 85/200	Train Loss: 1.8752	Val Accuracy: 37.32
Training Epoch: 86/200	Train Loss: 0.9458	Val Accuracy: 37.76
Training Epoch: 87/200	Train Loss: 1.203	Val Accuracy: 37.76
Training Epoch: 88/200	Train Loss: 1.5129	Val Accuracy: 37.4
Training Epoch: 89/200	Train Loss: 1.0434	Val Accuracy: 37.4
Training Epoch: 90/200	Train Loss: 1.1616	Val Accuracy: 35.66
Training Epoch: 91/200	Train Loss: 1.3785	Val Accuracy: 35.66
Training Epoch: 92/200	Train Loss: 1.3163	Val Accuracy: 38.02
Training Epoch: 93/200	Train Loss: 0.9718	Val Accuracy: 38.02
Training Epoch: 94/200	Train Loss: 1.3546	Val Accuracy: 37.7
Training Epoch: 95/200	Train Loss: 1.1173	Val Accuracy: 37.7
Training Epoch: 96/200	Train Loss: 0.9364	Val Accuracy: 36.56
Training Epoch: 97/200	Train Loss: 0.6892	Val Accuracy: 36.56
Training Epoch: 98/200	Train Loss: 0.8753	Val Accuracy: 38.5
Training Epoch: 99/200	Train Loss: 1.1004	Val Accuracy: 38.5
Training Epoch: 100/200	Train Loss: 1.2685	Val Accuracy: 35.46
Training Epoch: 101/200	Train Loss: 1.2972	Val Accuracy: 35.46
Training Epoch: 102/200	Train Loss: 1.0837	Val Accuracy: 38.62
Training Epoch: 103/200	Train Loss: 0.5883	Val Accuracy: 38.62
Training Epoch: 104/200	Train Loss: 0.8526	Val Accuracy: 38.02
Training Epoch: 105/200	Train Loss: 1.3777	Val Accuracy: 38.02
Training Epoch: 106/200	Train Loss: 1.105	Val Accuracy: 38.9
Training Epoch: 107/200	Train Loss: 0.4815	Val Accuracy: 38.9
Training Epoch: 108/200	Train Loss: 0.7061	Val Accuracy: 37.82
Training Epoch: 109/200	Train Loss: 0.6786	Val Accuracy: 37.82
Training Epoch: 110/200	Train Loss: 0.5768	Val Accuracy: 38.0
Training Epoch: 111/200	Train Loss: 0.5366	Val Accuracy: 38.0
Training Epoch: 112/200	Train Loss: 0.5938	Val Accuracy: 39.64
Training Epoch: 113/200	Train Loss: 0.5294	Val Accuracy: 39.64
Training Epoch: 114/200	Train Loss: 0.8769	Val Accuracy: 37.84
Training Epoch: 115/200	Train Loss: 0.8783	Val Accuracy: 37.84
Training Epoch: 116/200	Train Loss: 0.6004	Val Accuracy: 37.72
Training Epoch: 117/200	Train Loss: 0.4482	Val Accuracy: 37.72
Training Epoch: 118/200	Train Loss: 0.6676	Val Accuracy: 39.82
Training Epoch: 119/200	Train Loss: 0.5799	Val Accuracy: 39.82
Training Epoch: 120/200	Train Loss: 0.892	Val Accuracy: 38.78
Training Epoch: 121/200	Train Loss: 0.3716	Val Accuracy: 38.78
Training Epoch: 122/200	Train Loss: 0.8058	Val Accuracy: 40.32
Training Epoch: 123/200	Train Loss: 0.7351	Val Accuracy: 40.32
Training Epoch: 124/200	Train Loss: 0.4095	Val Accuracy: 38.12
Training Epoch: 125/200	Train Loss: 0.7306	Val Accuracy: 38.12
Training Epoch: 126/200	Train Loss: 0.4815	Val Accuracy: 38.46
Training Epoch: 127/200	Train Loss: 0.6711	Val Accuracy: 38.46
Training Epoch: 128/200	Train Loss: 0.2319	Val Accuracy: 39.14
Training Epoch: 129/200	Train Loss: 1.0455	Val Accuracy: 39.14
Training Epoch: 130/200	Train Loss: 0.7319	Val Accuracy: 39.6
Training Epoch: 131/200	Train Loss: 0.5864	Val Accuracy: 39.6
Training Epoch: 132/200	Train Loss: 0.3235	Val Accuracy: 38.52
Training Epoch: 133/200	Train Loss: 1.1055	Val Accuracy: 38.52
Training Epoch: 134/200	Train Loss: 0.2446	Val Accuracy: 37.44
Training Epoch: 135/200	Train Loss: 0.6741	Val Accuracy: 37.44
Training Epoch: 136/200	Train Loss: 0.6258	Val Accuracy: 40.3
Training Epoch: 137/200	Train Loss: 0.2147	Val Accuracy: 40.3
Training Epoch: 138/200	Train Loss: 0.3067	Val Accuracy: 38.86
Training Epoch: 139/200	Train Loss: 0.6629	Val Accuracy: 38.86
Training Epoch: 140/200	Train Loss: 0.4701	Val Accuracy: 39.34
Training Epoch: 141/200	Train Loss: 0.5894	Val Accuracy: 39.34
Training Epoch: 142/200	Train Loss: 0.4592	Val Accuracy: 38.98
Training Epoch: 143/200	Train Loss: 0.2716	Val Accuracy: 38.98
Training Epoch: 144/200	Train Loss: 0.3805	Val Accuracy: 38.74
Training Epoch: 145/200	Train Loss: 0.2449	Val Accuracy: 38.74
Training Epoch: 146/200	Train Loss: 0.5478	Val Accuracy: 38.92
Training Epoch: 147/200	Train Loss: 0.2384	Val Accuracy: 38.92
Training Epoch: 148/200	Train Loss: 0.4652	Val Accuracy: 39.44
Training Epoch: 149/200	Train Loss: 0.3077	Val Accuracy: 39.44
Training Epoch: 150/200	Train Loss: 0.2923	Val Accuracy: 39.7
Training Epoch: 151/200	Train Loss: 0.1951	Val Accuracy: 39.7
Training Epoch: 152/200	Train Loss: 0.4009	Val Accuracy: 39.7
Training Epoch: 153/200	Train Loss: 0.1654	Val Accuracy: 39.7
Training Epoch: 154/200	Train Loss: 0.489	Val Accuracy: 38.18
Training Epoch: 155/200	Train Loss: 0.0959	Val Accuracy: 38.18
Training Epoch: 156/200	Train Loss: 0.5695	Val Accuracy: 39.86
Training Epoch: 157/200	Train Loss: 0.5691	Val Accuracy: 39.86
Training Epoch: 158/200	Train Loss: 0.6491	Val Accuracy: 39.96
Training Epoch: 159/200	Train Loss: 0.2298	Val Accuracy: 39.96
Training Epoch: 160/200	Train Loss: 0.1582	Val Accuracy: 39.9
Training Epoch: 161/200	Train Loss: 0.1936	Val Accuracy: 39.9
Training Epoch: 162/200	Train Loss: 0.3024	Val Accuracy: 39.64
Training Epoch: 163/200	Train Loss: 0.2964	Val Accuracy: 39.64
Training Epoch: 164/200	Train Loss: 0.4768	Val Accuracy: 39.58
Training Epoch: 165/200	Train Loss: 0.243	Val Accuracy: 39.58
Training Epoch: 166/200	Train Loss: 0.3225	Val Accuracy: 40.64
Training Epoch: 167/200	Train Loss: 0.282	Val Accuracy: 40.64
Training Epoch: 168/200	Train Loss: 0.6609	Val Accuracy: 39.32
Training Epoch: 169/200	Train Loss: 0.2582	Val Accuracy: 39.32
Training Epoch: 170/200	Train Loss: 0.2984	Val Accuracy: 40.3
Training Epoch: 171/200	Train Loss: 0.1921	Val Accuracy: 40.3
Training Epoch: 172/200	Train Loss: 0.177	Val Accuracy: 40.62
Training Epoch: 173/200	Train Loss: 0.2484	Val Accuracy: 40.62
Training Epoch: 174/200	Train Loss: 0.2326	Val Accuracy: 40.6
Training Epoch: 175/200	Train Loss: 0.3487	Val Accuracy: 40.6
Training Epoch: 176/200	Train Loss: 0.2513	Val Accuracy: 40.2
Training Epoch: 177/200	Train Loss: 0.4585	Val Accuracy: 40.2
Training Epoch: 178/200	Train Loss: 0.0633	Val Accuracy: 39.82
Training Epoch: 179/200	Train Loss: 0.2533	Val Accuracy: 39.82
Training Epoch: 180/200	Train Loss: 0.3575	Val Accuracy: 40.4
Training Epoch: 181/200	Train Loss: 0.2926	Val Accuracy: 40.4
Training Epoch: 182/200	Train Loss: 0.0937	Val Accuracy: 40.26
Training Epoch: 183/200	Train Loss: 0.2449	Val Accuracy: 40.26
Training Epoch: 184/200	Train Loss: 0.107	Val Accuracy: 40.56
Training Epoch: 185/200	Train Loss: 0.1779	Val Accuracy: 40.56
Training Epoch: 186/200	Train Loss: 0.0994	Val Accuracy: 40.54
Training Epoch: 187/200	Train Loss: 0.0887	Val Accuracy: 40.54
Training Epoch: 188/200	Train Loss: 0.1122	Val Accuracy: 39.76
Training Epoch: 189/200	Train Loss: 0.1514	Val Accuracy: 39.76
Training Epoch: 190/200	Train Loss: 0.2445	Val Accuracy: 40.16
Training Epoch: 191/200	Train Loss: 0.2395	Val Accuracy: 40.16
Training Epoch: 192/200	Train Loss: 0.2266	Val Accuracy: 40.36
Training Epoch: 193/200	Train Loss: 0.1687	Val Accuracy: 40.36
Training Epoch: 194/200	Train Loss: 0.0943	Val Accuracy: 40.06
Training Epoch: 195/200	Train Loss: 0.1762	Val Accuracy: 40.06
Training Epoch: 196/200	Train Loss: 0.1872	Val Accuracy: 40.08
Training Epoch: 197/200	Train Loss: 0.2564	Val Accuracy: 40.08
Training Epoch: 198/200	Train Loss: 0.3885	Val Accuracy: 40.88
Training Epoch: 199/200	Train Loss: 0.2433	Val Accuracy: 40.88
Training Epoch: 200/200	Train Loss: 0.5124	Val Accuracy: 40.6

Wrote Best Model Checkpoint to: vlBest_acc_40_model_epoch_0198.pyth

Best Validation Accuracy: 40.88
Best Epoch: 198

======== TESTING ========

Test Accuracy: 40.57.

======== ACTIVE SAMPLING ========

Extracting Lset Representations
len(dataLoader): 9
Extracting Uset Representations
len(dataLoader): 441
lb_repr.shape:  (900, 2048)
ul_repr.shape:  (44100, 2048)
Solving K Center Greedy Approach
[GPU] Labeled.shape: torch.Size([900, 2048])
[GPU] Unlabeled.shape: torch.Size([44100, 2048])
time taken: 0.0005810260772705078 seconds
Time taken to solve K center: 0.17156004905700684 seconds
Active Sampling Complete. After Episode 17:
New Labeled Set: 950, New Unlabeled Set: 44050, Active Set: 50

================================


Current accuracy values:  [18.909999999999997, 18.950000000000003, 21.010000000000005, 20.67999992370605, 25.159999694824222, 26.95999938964843, 28.769999122619623, 29.459999046325677, 29.479999542236328, 33.28999954223633, 31.789999160766598, 33.74999935150146, 30.68999919891357, 34.349999237060544, 36.42999870300293, 32.189999275207526, 36.039999122619626, 40.56999862670899]
Starting model from scratch - ignoring existing weights.
<All keys matched successfully>
None
======== EPISODE 18 BEGINS ========

======== TRAINING ========
Training Epoch: 1/200	Train Loss: 18.7268	Val Accuracy: 0.0
Training Epoch: 2/200	Train Loss: 6.7849	Val Accuracy: 10.04
Training Epoch: 3/200	Train Loss: 9.6115	Val Accuracy: 10.04
Training Epoch: 4/200	Train Loss: 3.0174	Val Accuracy: 13.48
Training Epoch: 5/200	Train Loss: 3.9212	Val Accuracy: 13.48
Training Epoch: 6/200	Train Loss: 4.1906	Val Accuracy: 10.3
Training Epoch: 7/200	Train Loss: 3.8816	Val Accuracy: 10.3
Training Epoch: 8/200	Train Loss: 7.861	Val Accuracy: 5.92
Training Epoch: 9/200	Train Loss: 3.9735	Val Accuracy: 5.92
Training Epoch: 10/200	Train Loss: 6.4453	Val Accuracy: 13.4
Training Epoch: 11/200	Train Loss: 2.7592	Val Accuracy: 13.4
Training Epoch: 12/200	Train Loss: 2.1273	Val Accuracy: 12.72
Training Epoch: 13/200	Train Loss: 1.9834	Val Accuracy: 12.72
Training Epoch: 14/200	Train Loss: 3.7065	Val Accuracy: 13.26
Training Epoch: 15/200	Train Loss: 2.0337	Val Accuracy: 13.26
Training Epoch: 16/200	Train Loss: 2.0114	Val Accuracy: 19.18
Training Epoch: 17/200	Train Loss: 2.9058	Val Accuracy: 19.18
Training Epoch: 18/200	Train Loss: 2.0723	Val Accuracy: 17.1
Training Epoch: 19/200	Train Loss: 6.2517	Val Accuracy: 17.1
Training Epoch: 20/200	Train Loss: 2.4935	Val Accuracy: 22.06
Training Epoch: 21/200	Train Loss: 3.679	Val Accuracy: 22.06
Training Epoch: 22/200	Train Loss: 2.6836	Val Accuracy: 21.58
Training Epoch: 23/200	Train Loss: 1.9864	Val Accuracy: 21.58
Training Epoch: 24/200	Train Loss: 1.7317	Val Accuracy: 24.3
Training Epoch: 25/200	Train Loss: 1.8689	Val Accuracy: 24.3
Training Epoch: 26/200	Train Loss: 1.9214	Val Accuracy: 23.04
Training Epoch: 27/200	Train Loss: 2.147	Val Accuracy: 23.04
Training Epoch: 28/200	Train Loss: 1.7405	Val Accuracy: 26.08
Training Epoch: 29/200	Train Loss: 1.8348	Val Accuracy: 26.08
Training Epoch: 30/200	Train Loss: 1.9937	Val Accuracy: 25.86
Training Epoch: 31/200	Train Loss: 1.8549	Val Accuracy: 25.86
Training Epoch: 32/200	Train Loss: 1.6521	Val Accuracy: 26.02
Training Epoch: 33/200	Train Loss: 1.8054	Val Accuracy: 26.02
Training Epoch: 34/200	Train Loss: 2.04	Val Accuracy: 25.24
Training Epoch: 35/200	Train Loss: 1.7238	Val Accuracy: 25.24
Training Epoch: 36/200	Train Loss: 1.9568	Val Accuracy: 24.5
Training Epoch: 37/200	Train Loss: 1.8976	Val Accuracy: 24.5
Training Epoch: 38/200	Train Loss: 1.8693	Val Accuracy: 25.64
Training Epoch: 39/200	Train Loss: 1.6567	Val Accuracy: 25.64
Training Epoch: 40/200	Train Loss: 1.7968	Val Accuracy: 27.36
Training Epoch: 41/200	Train Loss: 1.6149	Val Accuracy: 27.36
Training Epoch: 42/200	Train Loss: 2.3155	Val Accuracy: 28.68
Training Epoch: 43/200	Train Loss: 1.8016	Val Accuracy: 28.68
Training Epoch: 44/200	Train Loss: 1.877	Val Accuracy: 23.42
Training Epoch: 45/200	Train Loss: 1.9852	Val Accuracy: 23.42
Training Epoch: 46/200	Train Loss: 1.5796	Val Accuracy: 25.5
Training Epoch: 47/200	Train Loss: 1.5708	Val Accuracy: 25.5
Training Epoch: 48/200	Train Loss: 1.6923	Val Accuracy: 28.02
Training Epoch: 49/200	Train Loss: 1.7054	Val Accuracy: 28.02
Training Epoch: 50/200	Train Loss: 1.558	Val Accuracy: 27.28
Training Epoch: 51/200	Train Loss: 3.3915	Val Accuracy: 27.28
Training Epoch: 52/200	Train Loss: 1.8347	Val Accuracy: 29.18
Training Epoch: 53/200	Train Loss: 1.8541	Val Accuracy: 29.18
Training Epoch: 54/200	Train Loss: 1.7147	Val Accuracy: 29.4
Training Epoch: 55/200	Train Loss: 1.4225	Val Accuracy: 29.4
Training Epoch: 56/200	Train Loss: 3.0482	Val Accuracy: 29.32
Training Epoch: 57/200	Train Loss: 1.5454	Val Accuracy: 29.32
Training Epoch: 58/200	Train Loss: 1.632	Val Accuracy: 28.68
Training Epoch: 59/200	Train Loss: 2.0565	Val Accuracy: 28.68
Training Epoch: 60/200	Train Loss: 3.5617	Val Accuracy: 20.22
Training Epoch: 61/200	Train Loss: 1.6759	Val Accuracy: 20.22
Training Epoch: 62/200	Train Loss: 1.958	Val Accuracy: 25.36
Training Epoch: 63/200	Train Loss: 2.3646	Val Accuracy: 25.36
Training Epoch: 64/200	Train Loss: 3.0598	Val Accuracy: 27.46
Training Epoch: 65/200	Train Loss: 2.581	Val Accuracy: 27.46
Training Epoch: 66/200	Train Loss: 1.9461	Val Accuracy: 27.72
Training Epoch: 67/200	Train Loss: 2.8943	Val Accuracy: 27.72
Training Epoch: 68/200	Train Loss: 1.8283	Val Accuracy: 28.24
Training Epoch: 69/200	Train Loss: 1.5952	Val Accuracy: 28.24
Training Epoch: 70/200	Train Loss: 1.7531	Val Accuracy: 28.78
Training Epoch: 71/200	Train Loss: 3.4025	Val Accuracy: 28.78
Training Epoch: 72/200	Train Loss: 2.2972	Val Accuracy: 28.64
Training Epoch: 73/200	Train Loss: 3.1041	Val Accuracy: 28.64
Training Epoch: 74/200	Train Loss: 1.7643	Val Accuracy: 30.54
Training Epoch: 75/200	Train Loss: 1.8774	Val Accuracy: 30.54
Training Epoch: 76/200	Train Loss: 1.7387	Val Accuracy: 29.14
Training Epoch: 77/200	Train Loss: 1.7355	Val Accuracy: 29.14
Training Epoch: 78/200	Train Loss: 1.6384	Val Accuracy: 31.22
Training Epoch: 79/200	Train Loss: 1.6799	Val Accuracy: 31.22
Training Epoch: 80/200	Train Loss: 1.9298	Val Accuracy: 30.08
Training Epoch: 81/200	Train Loss: 1.29	Val Accuracy: 30.08
Training Epoch: 82/200	Train Loss: 1.3291	Val Accuracy: 30.98
Training Epoch: 83/200	Train Loss: 1.3095	Val Accuracy: 30.98
Training Epoch: 84/200	Train Loss: 1.595	Val Accuracy: 29.54
Training Epoch: 85/200	Train Loss: 1.7581	Val Accuracy: 29.54
Training Epoch: 86/200	Train Loss: 1.4345	Val Accuracy: 30.9
Training Epoch: 87/200	Train Loss: 2.456	Val Accuracy: 30.9
Training Epoch: 88/200	Train Loss: 1.476	Val Accuracy: 31.46
Training Epoch: 89/200	Train Loss: 1.4362	Val Accuracy: 31.46
Training Epoch: 90/200	Train Loss: 1.2939	Val Accuracy: 30.82
Training Epoch: 91/200	Train Loss: 1.1666	Val Accuracy: 30.82
Training Epoch: 92/200	Train Loss: 1.9599	Val Accuracy: 32.08
Training Epoch: 93/200	Train Loss: 1.0957	Val Accuracy: 32.08
Training Epoch: 94/200	Train Loss: 1.0979	Val Accuracy: 32.12
Training Epoch: 95/200	Train Loss: 1.423	Val Accuracy: 32.12
Training Epoch: 96/200	Train Loss: 1.4312	Val Accuracy: 31.42
Training Epoch: 97/200	Train Loss: 1.4916	Val Accuracy: 31.42
Training Epoch: 98/200	Train Loss: 1.1479	Val Accuracy: 31.44
Training Epoch: 99/200	Train Loss: 1.0847	Val Accuracy: 31.44
Training Epoch: 100/200	Train Loss: 0.9218	Val Accuracy: 31.62
Training Epoch: 101/200	Train Loss: 1.7247	Val Accuracy: 31.62
Training Epoch: 102/200	Train Loss: 1.2278	Val Accuracy: 31.3
Training Epoch: 103/200	Train Loss: 1.0025	Val Accuracy: 31.3
Training Epoch: 104/200	Train Loss: 0.8929	Val Accuracy: 32.22
Training Epoch: 105/200	Train Loss: 1.0439	Val Accuracy: 32.22
Training Epoch: 106/200	Train Loss: 1.5042	Val Accuracy: 32.42
Training Epoch: 107/200	Train Loss: 1.0587	Val Accuracy: 32.42
Training Epoch: 108/200	Train Loss: 1.0051	Val Accuracy: 31.72
Training Epoch: 109/200	Train Loss: 1.0629	Val Accuracy: 31.72
Training Epoch: 110/200	Train Loss: 1.0076	Val Accuracy: 32.9
Training Epoch: 111/200	Train Loss: 0.8665	Val Accuracy: 32.9
Training Epoch: 112/200	Train Loss: 1.1842	Val Accuracy: 34.28
Training Epoch: 113/200	Train Loss: 0.8766	Val Accuracy: 34.28
Training Epoch: 114/200	Train Loss: 0.8322	Val Accuracy: 33.8
Training Epoch: 115/200	Train Loss: 0.9593	Val Accuracy: 33.8
Training Epoch: 116/200	Train Loss: 1.122	Val Accuracy: 33.24
Training Epoch: 117/200	Train Loss: 0.8299	Val Accuracy: 33.24
Training Epoch: 118/200	Train Loss: 1.0077	Val Accuracy: 32.88
Training Epoch: 119/200	Train Loss: 1.0124	Val Accuracy: 32.88
Training Epoch: 120/200	Train Loss: 0.7497	Val Accuracy: 33.2
Training Epoch: 121/200	Train Loss: 1.0531	Val Accuracy: 33.2
Training Epoch: 122/200	Train Loss: 0.7438	Val Accuracy: 31.72
Training Epoch: 123/200	Train Loss: 0.5759	Val Accuracy: 31.72
Training Epoch: 124/200	Train Loss: 1.1404	Val Accuracy: 32.14
Training Epoch: 125/200	Train Loss: 0.6328	Val Accuracy: 32.14
Training Epoch: 126/200	Train Loss: 0.6962	Val Accuracy: 32.92
Training Epoch: 127/200	Train Loss: 0.6947	Val Accuracy: 32.92
Training Epoch: 128/200	Train Loss: 0.7344	Val Accuracy: 31.96
Training Epoch: 129/200	Train Loss: 0.8847	Val Accuracy: 31.96
Training Epoch: 130/200	Train Loss: 0.779	Val Accuracy: 32.94
Training Epoch: 131/200	Train Loss: 0.3576	Val Accuracy: 32.94
Training Epoch: 132/200	Train Loss: 0.4717	Val Accuracy: 33.4
Training Epoch: 133/200	Train Loss: 0.6705	Val Accuracy: 33.4
Training Epoch: 134/200	Train Loss: 0.8613	Val Accuracy: 33.68
Training Epoch: 135/200	Train Loss: 0.4999	Val Accuracy: 33.68
Training Epoch: 136/200	Train Loss: 0.7255	Val Accuracy: 32.24
Training Epoch: 137/200	Train Loss: 0.602	Val Accuracy: 32.24
Training Epoch: 138/200	Train Loss: 0.9205	Val Accuracy: 33.14
Training Epoch: 139/200	Train Loss: 0.5079	Val Accuracy: 33.14
Training Epoch: 140/200	Train Loss: 0.9483	Val Accuracy: 33.6
Training Epoch: 141/200	Train Loss: 0.3466	Val Accuracy: 33.6
Training Epoch: 142/200	Train Loss: 0.3731	Val Accuracy: 33.0
Training Epoch: 143/200	Train Loss: 0.3791	Val Accuracy: 33.0
Training Epoch: 144/200	Train Loss: 0.5095	Val Accuracy: 32.68
Training Epoch: 145/200	Train Loss: 0.5117	Val Accuracy: 32.68
Training Epoch: 146/200	Train Loss: 0.9811	Val Accuracy: 32.94
Training Epoch: 147/200	Train Loss: 0.6298	Val Accuracy: 32.94
Training Epoch: 148/200	Train Loss: 0.6782	Val Accuracy: 33.06
Training Epoch: 149/200	Train Loss: 0.5065	Val Accuracy: 33.06
Training Epoch: 150/200	Train Loss: 0.3599	Val Accuracy: 33.28
Training Epoch: 151/200	Train Loss: 0.5514	Val Accuracy: 33.28
Training Epoch: 152/200	Train Loss: 0.2728	Val Accuracy: 32.94
Training Epoch: 153/200	Train Loss: 0.5669	Val Accuracy: 32.94
Training Epoch: 154/200	Train Loss: 0.7715	Val Accuracy: 33.02
Training Epoch: 155/200	Train Loss: 0.5918	Val Accuracy: 33.02
Training Epoch: 156/200	Train Loss: 0.3715	Val Accuracy: 33.46
Training Epoch: 157/200	Train Loss: 0.2326	Val Accuracy: 33.46
Training Epoch: 158/200	Train Loss: 0.418	Val Accuracy: 33.26
Training Epoch: 159/200	Train Loss: 0.2327	Val Accuracy: 33.26
Training Epoch: 160/200	Train Loss: 0.2178	Val Accuracy: 33.78
Training Epoch: 161/200	Train Loss: 0.319	Val Accuracy: 33.78
Training Epoch: 162/200	Train Loss: 0.2361	Val Accuracy: 33.1
Training Epoch: 163/200	Train Loss: 0.6186	Val Accuracy: 33.1
Training Epoch: 164/200	Train Loss: 0.1889	Val Accuracy: 34.04
Training Epoch: 165/200	Train Loss: 0.2545	Val Accuracy: 34.04
Training Epoch: 166/200	Train Loss: 0.1891	Val Accuracy: 33.9
Training Epoch: 167/200	Train Loss: 0.2544	Val Accuracy: 33.9
Training Epoch: 168/200	Train Loss: 0.3492	Val Accuracy: 34.82
Training Epoch: 169/200	Train Loss: 0.3639	Val Accuracy: 34.82
Training Epoch: 170/200	Train Loss: 0.4679	Val Accuracy: 33.46
Training Epoch: 171/200	Train Loss: 0.4312	Val Accuracy: 33.46
Training Epoch: 172/200	Train Loss: 0.3324	Val Accuracy: 33.92
Training Epoch: 173/200	Train Loss: 0.2746	Val Accuracy: 33.92
Training Epoch: 174/200	Train Loss: 1.2809	Val Accuracy: 33.24
Training Epoch: 175/200	Train Loss: 0.1599	Val Accuracy: 33.24
Training Epoch: 176/200	Train Loss: 0.1741	Val Accuracy: 33.5
Training Epoch: 177/200	Train Loss: 0.4865	Val Accuracy: 33.5
Training Epoch: 178/200	Train Loss: 0.1611	Val Accuracy: 33.26
Training Epoch: 179/200	Train Loss: 0.1546	Val Accuracy: 33.26
Training Epoch: 180/200	Train Loss: 0.3855	Val Accuracy: 34.2
Training Epoch: 181/200	Train Loss: 0.1742	Val Accuracy: 34.2
Training Epoch: 182/200	Train Loss: 0.379	Val Accuracy: 34.06
Training Epoch: 183/200	Train Loss: 0.1782	Val Accuracy: 34.06
Training Epoch: 184/200	Train Loss: 0.1355	Val Accuracy: 34.7
Training Epoch: 185/200	Train Loss: 0.6181	Val Accuracy: 34.7
Training Epoch: 186/200	Train Loss: 0.3557	Val Accuracy: 33.46
Training Epoch: 187/200	Train Loss: 0.3952	Val Accuracy: 33.46
Training Epoch: 188/200	Train Loss: 0.3302	Val Accuracy: 33.56
Training Epoch: 189/200	Train Loss: 0.4479	Val Accuracy: 33.56
Training Epoch: 190/200	Train Loss: 0.1251	Val Accuracy: 33.64
Training Epoch: 191/200	Train Loss: 0.1998	Val Accuracy: 33.64
Training Epoch: 192/200	Train Loss: 0.9088	Val Accuracy: 33.14
Training Epoch: 193/200	Train Loss: 0.1817	Val Accuracy: 33.14
Training Epoch: 194/200	Train Loss: 0.1149	Val Accuracy: 34.64
Training Epoch: 195/200	Train Loss: 0.4579	Val Accuracy: 34.64
Training Epoch: 196/200	Train Loss: 0.2232	Val Accuracy: 34.44
Training Epoch: 197/200	Train Loss: 0.1473	Val Accuracy: 34.44
Training Epoch: 198/200	Train Loss: 0.4498	Val Accuracy: 33.6
Training Epoch: 199/200	Train Loss: 0.165	Val Accuracy: 33.6
Training Epoch: 200/200	Train Loss: 0.5417	Val Accuracy: 33.82

Wrote Best Model Checkpoint to: vlBest_acc_34_model_epoch_0168.pyth

Best Validation Accuracy: 34.82
Best Epoch: 168

======== TESTING ========

Test Accuracy: 34.73.

======== ACTIVE SAMPLING ========

Extracting Lset Representations
len(dataLoader): 10
Extracting Uset Representations
len(dataLoader): 441
lb_repr.shape:  (950, 2048)
ul_repr.shape:  (44050, 2048)
Solving K Center Greedy Approach
[GPU] Labeled.shape: torch.Size([950, 2048])
[GPU] Unlabeled.shape: torch.Size([44050, 2048])
time taken: 0.0004811286926269531 seconds
Time taken to solve K center: 0.16866564750671387 seconds
Active Sampling Complete. After Episode 18:
New Labeled Set: 1000, New Unlabeled Set: 44000, Active Set: 50

================================


Current accuracy values:  [18.909999999999997, 18.950000000000003, 21.010000000000005, 20.67999992370605, 25.159999694824222, 26.95999938964843, 28.769999122619623, 29.459999046325677, 29.479999542236328, 33.28999954223633, 31.789999160766598, 33.74999935150146, 30.68999919891357, 34.349999237060544, 36.42999870300293, 32.189999275207526, 36.039999122619626, 40.56999862670899, 34.729999160766596]
Starting model from scratch - ignoring existing weights.
<All keys matched successfully>
None
======== EPISODE 19 BEGINS ========

======== TRAINING ========
Training Epoch: 1/200	Train Loss: 15.986	Val Accuracy: 0.0
Training Epoch: 2/200	Train Loss: 3.3012	Val Accuracy: 9.54
Training Epoch: 3/200	Train Loss: 4.0553	Val Accuracy: 9.54
Training Epoch: 4/200	Train Loss: 3.1056	Val Accuracy: 11.76
Training Epoch: 5/200	Train Loss: 3.3108	Val Accuracy: 11.76
Training Epoch: 6/200	Train Loss: 2.3571	Val Accuracy: 12.12
Training Epoch: 7/200	Train Loss: 2.2959	Val Accuracy: 12.12
Training Epoch: 8/200	Train Loss: 2.5079	Val Accuracy: 14.16
Training Epoch: 9/200	Train Loss: 4.1919	Val Accuracy: 14.16
Training Epoch: 10/200	Train Loss: 4.2703	Val Accuracy: 14.3
Training Epoch: 11/200	Train Loss: 2.6934	Val Accuracy: 14.3
Training Epoch: 12/200	Train Loss: 3.3799	Val Accuracy: 14.46
Training Epoch: 13/200	Train Loss: 2.1073	Val Accuracy: 14.46
Training Epoch: 14/200	Train Loss: 2.1108	Val Accuracy: 18.48
Training Epoch: 15/200	Train Loss: 2.9744	Val Accuracy: 18.48
Training Epoch: 16/200	Train Loss: 2.3288	Val Accuracy: 19.04
Training Epoch: 17/200	Train Loss: 3.0071	Val Accuracy: 19.04
Training Epoch: 18/200	Train Loss: 2.1715	Val Accuracy: 20.44
Training Epoch: 19/200	Train Loss: 3.558	Val Accuracy: 20.44
Training Epoch: 20/200	Train Loss: 3.4979	Val Accuracy: 21.4
Training Epoch: 21/200	Train Loss: 1.8735	Val Accuracy: 21.4
Training Epoch: 22/200	Train Loss: 1.9624	Val Accuracy: 23.42
Training Epoch: 23/200	Train Loss: 2.0294	Val Accuracy: 23.42
Training Epoch: 24/200	Train Loss: 1.7985	Val Accuracy: 24.28
Training Epoch: 25/200	Train Loss: 1.838	Val Accuracy: 24.28
Training Epoch: 26/200	Train Loss: 1.8918	Val Accuracy: 25.82
Training Epoch: 27/200	Train Loss: 1.7794	Val Accuracy: 25.82
Training Epoch: 28/200	Train Loss: 1.6468	Val Accuracy: 26.96
Training Epoch: 29/200	Train Loss: 2.9398	Val Accuracy: 26.96
Training Epoch: 30/200	Train Loss: 2.2211	Val Accuracy: 28.88
Training Epoch: 31/200	Train Loss: 1.5873	Val Accuracy: 28.88
Training Epoch: 32/200	Train Loss: 2.1192	Val Accuracy: 27.52
Training Epoch: 33/200	Train Loss: 1.711	Val Accuracy: 27.52
Training Epoch: 34/200	Train Loss: 1.6728	Val Accuracy: 30.94
Training Epoch: 35/200	Train Loss: 1.8669	Val Accuracy: 30.94
Training Epoch: 36/200	Train Loss: 1.8083	Val Accuracy: 30.26
Training Epoch: 37/200	Train Loss: 1.7958	Val Accuracy: 30.26
Training Epoch: 38/200	Train Loss: 1.705	Val Accuracy: 31.26
Training Epoch: 39/200	Train Loss: 1.5128	Val Accuracy: 31.26
Training Epoch: 40/200	Train Loss: 1.7623	Val Accuracy: 31.2
Training Epoch: 41/200	Train Loss: 2.3829	Val Accuracy: 31.2
Training Epoch: 42/200	Train Loss: 1.6922	Val Accuracy: 30.42
Training Epoch: 43/200	Train Loss: 1.6188	Val Accuracy: 30.42
Training Epoch: 44/200	Train Loss: 1.6887	Val Accuracy: 32.66
Training Epoch: 45/200	Train Loss: 1.6094	Val Accuracy: 32.66
Training Epoch: 46/200	Train Loss: 1.8847	Val Accuracy: 31.02
Training Epoch: 47/200	Train Loss: 1.6357	Val Accuracy: 31.02
Training Epoch: 48/200	Train Loss: 1.3892	Val Accuracy: 34.54
Training Epoch: 49/200	Train Loss: 1.4066	Val Accuracy: 34.54
Training Epoch: 50/200	Train Loss: 1.423	Val Accuracy: 35.6
Training Epoch: 51/200	Train Loss: 2.0162	Val Accuracy: 35.6
Training Epoch: 52/200	Train Loss: 1.3476	Val Accuracy: 36.16
Training Epoch: 53/200	Train Loss: 2.0069	Val Accuracy: 36.16
Training Epoch: 54/200	Train Loss: 2.1613	Val Accuracy: 32.44
Training Epoch: 55/200	Train Loss: 1.9475	Val Accuracy: 32.44
Training Epoch: 56/200	Train Loss: 1.8756	Val Accuracy: 34.94
Training Epoch: 57/200	Train Loss: 2.1576	Val Accuracy: 34.94
Training Epoch: 58/200	Train Loss: 1.3167	Val Accuracy: 35.62
Training Epoch: 59/200	Train Loss: 1.1914	Val Accuracy: 35.62
Training Epoch: 60/200	Train Loss: 1.6372	Val Accuracy: 37.76
Training Epoch: 61/200	Train Loss: 2.2988	Val Accuracy: 37.76
Training Epoch: 62/200	Train Loss: 1.3068	Val Accuracy: 35.2
Training Epoch: 63/200	Train Loss: 1.409	Val Accuracy: 35.2
Training Epoch: 64/200	Train Loss: 2.0174	Val Accuracy: 36.34
Training Epoch: 65/200	Train Loss: 1.5871	Val Accuracy: 36.34
Training Epoch: 66/200	Train Loss: 1.0712	Val Accuracy: 37.98
Training Epoch: 67/200	Train Loss: 1.3214	Val Accuracy: 37.98
Training Epoch: 68/200	Train Loss: 2.459	Val Accuracy: 35.98
Training Epoch: 69/200	Train Loss: 1.0617	Val Accuracy: 35.98
Training Epoch: 70/200	Train Loss: 1.1762	Val Accuracy: 35.52
Training Epoch: 71/200	Train Loss: 1.2186	Val Accuracy: 35.52
Training Epoch: 72/200	Train Loss: 1.1545	Val Accuracy: 36.5
Training Epoch: 73/200	Train Loss: 1.3351	Val Accuracy: 36.5
Training Epoch: 74/200	Train Loss: 0.9563	Val Accuracy: 37.4
Training Epoch: 75/200	Train Loss: 1.4806	Val Accuracy: 37.4
Training Epoch: 76/200	Train Loss: 0.9865	Val Accuracy: 36.7
Training Epoch: 77/200	Train Loss: 2.7646	Val Accuracy: 36.7
Training Epoch: 78/200	Train Loss: 1.8008	Val Accuracy: 36.94
Training Epoch: 79/200	Train Loss: 1.0765	Val Accuracy: 36.94
Training Epoch: 80/200	Train Loss: 0.8864	Val Accuracy: 37.24
Training Epoch: 81/200	Train Loss: 0.8653	Val Accuracy: 37.24
Training Epoch: 82/200	Train Loss: 0.9223	Val Accuracy: 36.8
Training Epoch: 83/200	Train Loss: 0.7135	Val Accuracy: 36.8
Training Epoch: 84/200	Train Loss: 0.772	Val Accuracy: 38.6
Training Epoch: 85/200	Train Loss: 1.5818	Val Accuracy: 38.6
Training Epoch: 86/200	Train Loss: 1.5286	Val Accuracy: 38.1
Training Epoch: 87/200	Train Loss: 0.9089	Val Accuracy: 38.1
Training Epoch: 88/200	Train Loss: 1.8139	Val Accuracy: 36.88
Training Epoch: 89/200	Train Loss: 0.8401	Val Accuracy: 36.88
Training Epoch: 90/200	Train Loss: 0.675	Val Accuracy: 38.72
Training Epoch: 91/200	Train Loss: 0.6624	Val Accuracy: 38.72
Training Epoch: 92/200	Train Loss: 0.8506	Val Accuracy: 37.84
Training Epoch: 93/200	Train Loss: 0.5466	Val Accuracy: 37.84
Training Epoch: 94/200	Train Loss: 0.9837	Val Accuracy: 37.46
Training Epoch: 95/200	Train Loss: 0.5314	Val Accuracy: 37.46
Training Epoch: 96/200	Train Loss: 0.6665	Val Accuracy: 38.32
Training Epoch: 97/200	Train Loss: 0.5645	Val Accuracy: 38.32
Training Epoch: 98/200	Train Loss: 0.6537	Val Accuracy: 37.54
Training Epoch: 99/200	Train Loss: 0.7304	Val Accuracy: 37.54
Training Epoch: 100/200	Train Loss: 0.4148	Val Accuracy: 37.48
Training Epoch: 101/200	Train Loss: 0.6827	Val Accuracy: 37.48
Training Epoch: 102/200	Train Loss: 0.5126	Val Accuracy: 38.98
Training Epoch: 103/200	Train Loss: 0.6585	Val Accuracy: 38.98
Training Epoch: 104/200	Train Loss: 0.3961	Val Accuracy: 39.2
Training Epoch: 105/200	Train Loss: 0.5964	Val Accuracy: 39.2
Training Epoch: 106/200	Train Loss: 1.0302	Val Accuracy: 38.04
Training Epoch: 107/200	Train Loss: 0.6156	Val Accuracy: 38.04
Training Epoch: 108/200	Train Loss: 0.4936	Val Accuracy: 35.72
Training Epoch: 109/200	Train Loss: 0.488	Val Accuracy: 35.72
Training Epoch: 110/200	Train Loss: 0.6441	Val Accuracy: 37.8
Training Epoch: 111/200	Train Loss: 0.4741	Val Accuracy: 37.8
Training Epoch: 112/200	Train Loss: 0.6948	Val Accuracy: 37.74
Training Epoch: 113/200	Train Loss: 0.5918	Val Accuracy: 37.74
Training Epoch: 114/200	Train Loss: 0.4976	Val Accuracy: 38.78
Training Epoch: 115/200	Train Loss: 0.3333	Val Accuracy: 38.78
Training Epoch: 116/200	Train Loss: 0.5168	Val Accuracy: 38.48
Training Epoch: 117/200	Train Loss: 0.546	Val Accuracy: 38.48
Training Epoch: 118/200	Train Loss: 0.4986	Val Accuracy: 37.84
Training Epoch: 119/200	Train Loss: 0.4827	Val Accuracy: 37.84
Training Epoch: 120/200	Train Loss: 0.3485	Val Accuracy: 38.52
Training Epoch: 121/200	Train Loss: 0.3248	Val Accuracy: 38.52
Training Epoch: 122/200	Train Loss: 0.2858	Val Accuracy: 38.5
Training Epoch: 123/200	Train Loss: 0.7295	Val Accuracy: 38.5
Training Epoch: 124/200	Train Loss: 0.4118	Val Accuracy: 39.4
Training Epoch: 125/200	Train Loss: 0.3639	Val Accuracy: 39.4
Training Epoch: 126/200	Train Loss: 0.9359	Val Accuracy: 38.5
Training Epoch: 127/200	Train Loss: 0.2651	Val Accuracy: 38.5
Training Epoch: 128/200	Train Loss: 0.3974	Val Accuracy: 38.56
Training Epoch: 129/200	Train Loss: 0.1815	Val Accuracy: 38.56
Training Epoch: 130/200	Train Loss: 0.3818	Val Accuracy: 38.48
Training Epoch: 131/200	Train Loss: 0.2892	Val Accuracy: 38.48
Training Epoch: 132/200	Train Loss: 0.6453	Val Accuracy: 38.28
Training Epoch: 133/200	Train Loss: 0.3941	Val Accuracy: 38.28
Training Epoch: 134/200	Train Loss: 0.1996	Val Accuracy: 38.44
Training Epoch: 135/200	Train Loss: 0.3117	Val Accuracy: 38.44
Training Epoch: 136/200	Train Loss: 0.2087	Val Accuracy: 38.38
Training Epoch: 137/200	Train Loss: 0.4174	Val Accuracy: 38.38
Training Epoch: 138/200	Train Loss: 0.1777	Val Accuracy: 39.18
Training Epoch: 139/200	Train Loss: 0.1384	Val Accuracy: 39.18
Training Epoch: 140/200	Train Loss: 0.1664	Val Accuracy: 39.5
Training Epoch: 141/200	Train Loss: 0.1787	Val Accuracy: 39.5
Training Epoch: 142/200	Train Loss: 0.4665	Val Accuracy: 38.8
Training Epoch: 143/200	Train Loss: 0.3117	Val Accuracy: 38.8
Training Epoch: 144/200	Train Loss: 0.2662	Val Accuracy: 38.44
Training Epoch: 145/200	Train Loss: 0.1743	Val Accuracy: 38.44
Training Epoch: 146/200	Train Loss: 0.1248	Val Accuracy: 38.78
Training Epoch: 147/200	Train Loss: 0.112	Val Accuracy: 38.78
Training Epoch: 148/200	Train Loss: 0.0988	Val Accuracy: 39.24
Training Epoch: 149/200	Train Loss: 0.2833	Val Accuracy: 39.24
Training Epoch: 150/200	Train Loss: 0.0956	Val Accuracy: 38.82
Training Epoch: 151/200	Train Loss: 0.1461	Val Accuracy: 38.82
Training Epoch: 152/200	Train Loss: 0.11	Val Accuracy: 39.28
Training Epoch: 153/200	Train Loss: 0.0825	Val Accuracy: 39.28
Training Epoch: 154/200	Train Loss: 0.546	Val Accuracy: 38.48
Training Epoch: 155/200	Train Loss: 0.2557	Val Accuracy: 38.48
Training Epoch: 156/200	Train Loss: 0.1213	Val Accuracy: 38.26
Training Epoch: 157/200	Train Loss: 0.1459	Val Accuracy: 38.26
Training Epoch: 158/200	Train Loss: 0.0874	Val Accuracy: 38.64
Training Epoch: 159/200	Train Loss: 0.1445	Val Accuracy: 38.64
Training Epoch: 160/200	Train Loss: 0.3485	Val Accuracy: 38.74
Training Epoch: 161/200	Train Loss: 0.0516	Val Accuracy: 38.74
Training Epoch: 162/200	Train Loss: 0.3072	Val Accuracy: 38.8
Training Epoch: 163/200	Train Loss: 0.1317	Val Accuracy: 38.8
Training Epoch: 164/200	Train Loss: 0.2514	Val Accuracy: 39.34
Training Epoch: 165/200	Train Loss: 0.0745	Val Accuracy: 39.34
Training Epoch: 166/200	Train Loss: 0.0736	Val Accuracy: 38.34
Training Epoch: 167/200	Train Loss: 0.232	Val Accuracy: 38.34
Training Epoch: 168/200	Train Loss: 0.0885	Val Accuracy: 38.38
Training Epoch: 169/200	Train Loss: 0.0674	Val Accuracy: 38.38
Training Epoch: 170/200	Train Loss: 0.3293	Val Accuracy: 39.32
Training Epoch: 171/200	Train Loss: 0.0522	Val Accuracy: 39.32
Training Epoch: 172/200	Train Loss: 0.1297	Val Accuracy: 39.6
Training Epoch: 173/200	Train Loss: 0.1256	Val Accuracy: 39.6
Training Epoch: 174/200	Train Loss: 0.5468	Val Accuracy: 39.5
Training Epoch: 175/200	Train Loss: 0.1696	Val Accuracy: 39.5
Training Epoch: 176/200	Train Loss: 0.0808	Val Accuracy: 39.9
Training Epoch: 177/200	Train Loss: 0.0873	Val Accuracy: 39.9
Training Epoch: 178/200	Train Loss: 0.1846	Val Accuracy: 39.62
Training Epoch: 179/200	Train Loss: 0.0656	Val Accuracy: 39.62
Training Epoch: 180/200	Train Loss: 0.1024	Val Accuracy: 39.2
Training Epoch: 181/200	Train Loss: 0.0408	Val Accuracy: 39.2
Training Epoch: 182/200	Train Loss: 0.0716	Val Accuracy: 40.0
Training Epoch: 183/200	Train Loss: 0.0405	Val Accuracy: 40.0
Training Epoch: 184/200	Train Loss: 0.1205	Val Accuracy: 39.54
Training Epoch: 185/200	Train Loss: 0.1687	Val Accuracy: 39.54
Training Epoch: 186/200	Train Loss: 0.2157	Val Accuracy: 39.18
Training Epoch: 187/200	Train Loss: 0.5174	Val Accuracy: 39.18
Training Epoch: 188/200	Train Loss: 0.1207	Val Accuracy: 39.08
Training Epoch: 189/200	Train Loss: 0.4301	Val Accuracy: 39.08
Training Epoch: 190/200	Train Loss: 0.0909	Val Accuracy: 39.56
Training Epoch: 191/200	Train Loss: 0.074	Val Accuracy: 39.56
Training Epoch: 192/200	Train Loss: 0.1736	Val Accuracy: 39.18
Training Epoch: 193/200	Train Loss: 0.0551	Val Accuracy: 39.18
Training Epoch: 194/200	Train Loss: 0.1879	Val Accuracy: 39.76
Training Epoch: 195/200	Train Loss: 0.1136	Val Accuracy: 39.76
Training Epoch: 196/200	Train Loss: 0.0937	Val Accuracy: 39.6
Training Epoch: 197/200	Train Loss: 0.3548	Val Accuracy: 39.6
Training Epoch: 198/200	Train Loss: 0.0363	Val Accuracy: 39.14
Training Epoch: 199/200	Train Loss: 0.0686	Val Accuracy: 39.14
Training Epoch: 200/200	Train Loss: 0.0333	Val Accuracy: 39.02

Wrote Best Model Checkpoint to: vlBest_acc_39_model_epoch_0182.pyth

Best Validation Accuracy: 40.0
Best Epoch: 182

======== TESTING ========

Test Accuracy: 39.78.

======== ACTIVE SAMPLING ========

Extracting Lset Representations
len(dataLoader): 10
Extracting Uset Representations
len(dataLoader): 440
lb_repr.shape:  (1000, 2048)
ul_repr.shape:  (44000, 2048)
Solving K Center Greedy Approach
[GPU] Labeled.shape: torch.Size([1000, 2048])
[GPU] Unlabeled.shape: torch.Size([44000, 2048])
time taken: 0.0004999637603759766 seconds
Time taken to solve K center: 0.1692817211151123 seconds
