GPU 0: Tesla V100-SXM2-32GB (UUID: GPU-a1ff56e2-dc82-0485-24db-f02229f3df32)

==============NVSMI LOG==============

Timestamp                                 : Tue May 26 22:18:12 2026
Driver Version                            : 565.57.01
CUDA Version                              : 12.7

Attached GPUs                             : 1
GPU 00000000:18:00.0
    ECC Mode
        Current                           : Enabled
        Pending                           : Enabled
    ECC Errors
        Volatile
            Single Bit            
                Device Memory             : 3
                Register File             : 0
                L1 Cache                  : 0
                L2 Cache                  : 0
                Texture Memory            : N/A
                Texture Shared            : N/A
                CBU                       : N/A
                Total                     : 3
            Double Bit            
                Device Memory             : 0
                Register File             : 0
                L1 Cache                  : 0
                L2 Cache                  : 0
                Texture Memory            : N/A
                Texture Shared            : N/A
                CBU                       : 0
                Total                     : 0
        Aggregate
            Single Bit            
                Device Memory             : 5
                Register File             : 0
                L1 Cache                  : 0
                L2 Cache                  : 0
                Texture Memory            : N/A
                Texture Shared            : N/A
                CBU                       : N/A
                Total                     : 5
            Double Bit            
                Device Memory             : 0
                Register File             : 0
                L1 Cache                  : 0
                L2 Cache                  : 0
                Texture Memory            : N/A
                Texture Shared            : N/A
                CBU                       : 0
                Total                     : 0

Experiment Directory Already Exists: /vast/s219110279/TypiClust/output/CIFAR10/resnet50/entropy_1_50b. Reusing it may lead to loss of old logs in the directory.


======== PREPARING DATA AND MODEL ========

Preprocess Operations Selected ==>  [RandomCrop(size=(32, 32), padding=4), RandomHorizontalFlip(p=0.5), ToTensor(), Normalize(mean=[0.4914, 0.4822, 0.4465], std=[0.247, 0.2435, 0.2616])]
Files already downloaded and verified
Files already downloaded and verified

Dataset CIFAR10 Loaded Sucessfully.
Total Train Size: 50000 and Total Test Size: 10000

Data Partitioning Complete. 
Labeled Set: 50, Unlabeled Set: 44950, Validation Set: 5000

model: resnet50

optimizer: SGD (
Parameter Group 0
    dampening: 0.0
    differentiable: False
    foreach: None
    lr: 0.025
    maximize: False
    momentum: 0.9
    nesterov: True
    weight_decay: 0.0003
)

AL Query Method: entropy
Max AL Episodes: 100

======== EPISODE 0 BEGINS ========

======== TRAINING ========
Training Epoch: 1/200	Train Loss: 2.5085	Val Accuracy: 0.0
Training Epoch: 2/200	Train Loss: 5.2098	Val Accuracy: 9.74
Training Epoch: 3/200	Train Loss: 11.3847	Val Accuracy: 9.74
Training Epoch: 4/200	Train Loss: 17.1401	Val Accuracy: 10.22
Training Epoch: 5/200	Train Loss: 14.1294	Val Accuracy: 10.22
Training Epoch: 6/200	Train Loss: 10.1218	Val Accuracy: 9.56
Training Epoch: 7/200	Train Loss: 5.4082	Val Accuracy: 9.56
Training Epoch: 8/200	Train Loss: 4.4695	Val Accuracy: 9.56
Training Epoch: 9/200	Train Loss: 3.7646	Val Accuracy: 9.56
Training Epoch: 10/200	Train Loss: 3.3109	Val Accuracy: 9.56
Training Epoch: 11/200	Train Loss: 2.9524	Val Accuracy: 9.56
Training Epoch: 12/200	Train Loss: 2.7613	Val Accuracy: 9.56
Training Epoch: 13/200	Train Loss: 2.601	Val Accuracy: 9.56
Training Epoch: 14/200	Train Loss: 2.5032	Val Accuracy: 9.56
Training Epoch: 15/200	Train Loss: 2.3851	Val Accuracy: 9.56
Training Epoch: 16/200	Train Loss: 2.3631	Val Accuracy: 9.56
Training Epoch: 17/200	Train Loss: 2.2742	Val Accuracy: 9.56
Training Epoch: 18/200	Train Loss: 2.2443	Val Accuracy: 9.56
Training Epoch: 19/200	Train Loss: 2.2375	Val Accuracy: 9.56
Training Epoch: 20/200	Train Loss: 2.2277	Val Accuracy: 9.7
Training Epoch: 21/200	Train Loss: 2.2268	Val Accuracy: 9.7
Training Epoch: 22/200	Train Loss: 2.1937	Val Accuracy: 9.64
Training Epoch: 23/200	Train Loss: 2.2099	Val Accuracy: 9.64
Training Epoch: 24/200	Train Loss: 2.2085	Val Accuracy: 9.7
Training Epoch: 25/200	Train Loss: 2.2112	Val Accuracy: 9.7
Training Epoch: 26/200	Train Loss: 2.2182	Val Accuracy: 9.78
Training Epoch: 27/200	Train Loss: 2.1907	Val Accuracy: 9.78
Training Epoch: 28/200	Train Loss: 2.1991	Val Accuracy: 9.58
Training Epoch: 29/200	Train Loss: 2.1795	Val Accuracy: 9.58
Training Epoch: 30/200	Train Loss: 2.207	Val Accuracy: 9.78
Training Epoch: 31/200	Train Loss: 2.1763	Val Accuracy: 9.78
Training Epoch: 32/200	Train Loss: 2.2021	Val Accuracy: 9.98
Training Epoch: 33/200	Train Loss: 2.2109	Val Accuracy: 9.98
Training Epoch: 34/200	Train Loss: 2.1831	Val Accuracy: 9.94
Training Epoch: 35/200	Train Loss: 2.1769	Val Accuracy: 9.94
Training Epoch: 36/200	Train Loss: 2.1784	Val Accuracy: 8.68
Training Epoch: 37/200	Train Loss: 2.1894	Val Accuracy: 8.68
Training Epoch: 38/200	Train Loss: 2.2036	Val Accuracy: 8.54
Training Epoch: 39/200	Train Loss: 2.1354	Val Accuracy: 8.54
Training Epoch: 40/200	Train Loss: 2.1526	Val Accuracy: 8.68
Training Epoch: 41/200	Train Loss: 2.1759	Val Accuracy: 8.68
Training Epoch: 42/200	Train Loss: 2.1639	Val Accuracy: 8.58
Training Epoch: 43/200	Train Loss: 2.1281	Val Accuracy: 8.58
Training Epoch: 44/200	Train Loss: 2.1463	Val Accuracy: 8.82
Training Epoch: 45/200	Train Loss: 2.158	Val Accuracy: 8.82
Training Epoch: 46/200	Train Loss: 2.1333	Val Accuracy: 9.0
Training Epoch: 47/200	Train Loss: 2.129	Val Accuracy: 9.0
Training Epoch: 48/200	Train Loss: 2.1344	Val Accuracy: 8.94
Training Epoch: 49/200	Train Loss: 2.1539	Val Accuracy: 8.94
Training Epoch: 50/200	Train Loss: 2.1508	Val Accuracy: 8.82
Training Epoch: 51/200	Train Loss: 2.0833	Val Accuracy: 8.82
Training Epoch: 52/200	Train Loss: 2.1606	Val Accuracy: 9.18
Training Epoch: 53/200	Train Loss: 2.1083	Val Accuracy: 9.18
Training Epoch: 54/200	Train Loss: 2.1554	Val Accuracy: 9.0
Training Epoch: 55/200	Train Loss: 2.1105	Val Accuracy: 9.0
Training Epoch: 56/200	Train Loss: 2.1607	Val Accuracy: 8.92
Training Epoch: 57/200	Train Loss: 2.1217	Val Accuracy: 8.92
Training Epoch: 58/200	Train Loss: 2.0923	Val Accuracy: 9.42
Training Epoch: 59/200	Train Loss: 2.1132	Val Accuracy: 9.42
Training Epoch: 60/200	Train Loss: 2.092	Val Accuracy: 8.92
Training Epoch: 61/200	Train Loss: 2.1028	Val Accuracy: 8.92
Training Epoch: 62/200	Train Loss: 2.0643	Val Accuracy: 8.52
Training Epoch: 63/200	Train Loss: 2.0656	Val Accuracy: 8.52
Training Epoch: 64/200	Train Loss: 2.0677	Val Accuracy: 8.44
Training Epoch: 65/200	Train Loss: 2.0478	Val Accuracy: 8.44
Training Epoch: 66/200	Train Loss: 2.0655	Val Accuracy: 8.86
Training Epoch: 67/200	Train Loss: 2.0548	Val Accuracy: 8.86
Training Epoch: 68/200	Train Loss: 2.0464	Val Accuracy: 9.18
Training Epoch: 69/200	Train Loss: 2.0591	Val Accuracy: 9.18
Training Epoch: 70/200	Train Loss: 2.0476	Val Accuracy: 8.74
Training Epoch: 71/200	Train Loss: 2.0221	Val Accuracy: 8.74
Training Epoch: 72/200	Train Loss: 2.0664	Val Accuracy: 8.94
Training Epoch: 73/200	Train Loss: 2.0434	Val Accuracy: 8.94
Training Epoch: 74/200	Train Loss: 2.0531	Val Accuracy: 8.9
Training Epoch: 75/200	Train Loss: 2.0005	Val Accuracy: 8.9
Training Epoch: 76/200	Train Loss: 2.059	Val Accuracy: 9.32
Training Epoch: 77/200	Train Loss: 2.0254	Val Accuracy: 9.32
Training Epoch: 78/200	Train Loss: 1.9955	Val Accuracy: 8.94
Training Epoch: 79/200	Train Loss: 1.9859	Val Accuracy: 8.94
Training Epoch: 80/200	Train Loss: 2.0093	Val Accuracy: 8.82
Training Epoch: 81/200	Train Loss: 2.0012	Val Accuracy: 8.82
Training Epoch: 82/200	Train Loss: 1.9634	Val Accuracy: 9.22
Training Epoch: 83/200	Train Loss: 1.9767	Val Accuracy: 9.22
Training Epoch: 84/200	Train Loss: 1.9672	Val Accuracy: 9.5
Training Epoch: 85/200	Train Loss: 1.9421	Val Accuracy: 9.5
Training Epoch: 86/200	Train Loss: 1.9728	Val Accuracy: 9.72
Training Epoch: 87/200	Train Loss: 1.9216	Val Accuracy: 9.72
Training Epoch: 88/200	Train Loss: 1.9717	Val Accuracy: 11.26
Training Epoch: 89/200	Train Loss: 1.9271	Val Accuracy: 11.26
Training Epoch: 90/200	Train Loss: 1.9635	Val Accuracy: 12.0
Training Epoch: 91/200	Train Loss: 1.9304	Val Accuracy: 12.0
Training Epoch: 92/200	Train Loss: 1.9492	Val Accuracy: 13.22
Training Epoch: 93/200	Train Loss: 1.9093	Val Accuracy: 13.22
Training Epoch: 94/200	Train Loss: 1.9133	Val Accuracy: 13.8
Training Epoch: 95/200	Train Loss: 1.8984	Val Accuracy: 13.8
Training Epoch: 96/200	Train Loss: 1.9376	Val Accuracy: 13.64
Training Epoch: 97/200	Train Loss: 1.8553	Val Accuracy: 13.64
Training Epoch: 98/200	Train Loss: 1.87	Val Accuracy: 14.2
Training Epoch: 99/200	Train Loss: 1.8042	Val Accuracy: 14.2
Training Epoch: 100/200	Train Loss: 1.8595	Val Accuracy: 13.66
Training Epoch: 101/200	Train Loss: 1.8176	Val Accuracy: 13.66
Training Epoch: 102/200	Train Loss: 1.7892	Val Accuracy: 14.54
Training Epoch: 103/200	Train Loss: 1.7553	Val Accuracy: 14.54
Training Epoch: 104/200	Train Loss: 1.779	Val Accuracy: 14.08
Training Epoch: 105/200	Train Loss: 1.8258	Val Accuracy: 14.08
Training Epoch: 106/200	Train Loss: 1.7526	Val Accuracy: 14.14
Training Epoch: 107/200	Train Loss: 1.7652	Val Accuracy: 14.14
Training Epoch: 108/200	Train Loss: 1.6851	Val Accuracy: 14.74
Training Epoch: 109/200	Train Loss: 1.7266	Val Accuracy: 14.74
Training Epoch: 110/200	Train Loss: 1.7154	Val Accuracy: 14.82
Training Epoch: 111/200	Train Loss: 1.6244	Val Accuracy: 14.82
Training Epoch: 112/200	Train Loss: 1.6591	Val Accuracy: 14.02
Training Epoch: 113/200	Train Loss: 1.6503	Val Accuracy: 14.02
Training Epoch: 114/200	Train Loss: 1.6131	Val Accuracy: 15.44
Training Epoch: 115/200	Train Loss: 1.6241	Val Accuracy: 15.44
Training Epoch: 116/200	Train Loss: 1.5721	Val Accuracy: 15.48
Training Epoch: 117/200	Train Loss: 1.6049	Val Accuracy: 15.48
Training Epoch: 118/200	Train Loss: 1.5876	Val Accuracy: 15.74
Training Epoch: 119/200	Train Loss: 1.5471	Val Accuracy: 15.74
Training Epoch: 120/200	Train Loss: 1.5555	Val Accuracy: 16.42
Training Epoch: 121/200	Train Loss: 1.5345	Val Accuracy: 16.42
Training Epoch: 122/200	Train Loss: 1.5587	Val Accuracy: 16.16
Training Epoch: 123/200	Train Loss: 1.4995	Val Accuracy: 16.16
Training Epoch: 124/200	Train Loss: 1.489	Val Accuracy: 16.42
Training Epoch: 125/200	Train Loss: 1.3925	Val Accuracy: 16.42
Training Epoch: 126/200	Train Loss: 1.4592	Val Accuracy: 17.04
Training Epoch: 127/200	Train Loss: 1.4187	Val Accuracy: 17.04
Training Epoch: 128/200	Train Loss: 1.3791	Val Accuracy: 16.94
Training Epoch: 129/200	Train Loss: 1.3918	Val Accuracy: 16.94
Training Epoch: 130/200	Train Loss: 1.3725	Val Accuracy: 16.78
Training Epoch: 131/200	Train Loss: 1.3448	Val Accuracy: 16.78
Training Epoch: 132/200	Train Loss: 1.2779	Val Accuracy: 17.4
Training Epoch: 133/200	Train Loss: 1.2631	Val Accuracy: 17.4
Training Epoch: 134/200	Train Loss: 1.2294	Val Accuracy: 17.0
Training Epoch: 135/200	Train Loss: 1.2586	Val Accuracy: 17.0
Training Epoch: 136/200	Train Loss: 1.1657	Val Accuracy: 17.76
Training Epoch: 137/200	Train Loss: 1.2047	Val Accuracy: 17.76
Training Epoch: 138/200	Train Loss: 1.1916	Val Accuracy: 17.34
Training Epoch: 139/200	Train Loss: 1.2151	Val Accuracy: 17.34
Training Epoch: 140/200	Train Loss: 1.1496	Val Accuracy: 17.78
Training Epoch: 141/200	Train Loss: 1.1935	Val Accuracy: 17.78
Training Epoch: 142/200	Train Loss: 1.0606	Val Accuracy: 18.36
Training Epoch: 143/200	Train Loss: 1.0993	Val Accuracy: 18.36
Training Epoch: 144/200	Train Loss: 1.0922	Val Accuracy: 17.36
Training Epoch: 145/200	Train Loss: 1.0345	Val Accuracy: 17.36
Training Epoch: 146/200	Train Loss: 1.012	Val Accuracy: 18.3
Training Epoch: 147/200	Train Loss: 1.0852	Val Accuracy: 18.3
Training Epoch: 148/200	Train Loss: 1.0414	Val Accuracy: 17.96
Training Epoch: 149/200	Train Loss: 0.9876	Val Accuracy: 17.96
Training Epoch: 150/200	Train Loss: 1.0047	Val Accuracy: 18.44
Training Epoch: 151/200	Train Loss: 0.9497	Val Accuracy: 18.44
Training Epoch: 152/200	Train Loss: 0.9119	Val Accuracy: 17.88
Training Epoch: 153/200	Train Loss: 0.9857	Val Accuracy: 17.88
Training Epoch: 154/200	Train Loss: 0.9172	Val Accuracy: 17.6
Training Epoch: 155/200	Train Loss: 0.9376	Val Accuracy: 17.6
Training Epoch: 156/200	Train Loss: 0.9415	Val Accuracy: 18.18
Training Epoch: 157/200	Train Loss: 0.8973	Val Accuracy: 18.18
Training Epoch: 158/200	Train Loss: 0.8721	Val Accuracy: 18.62
Training Epoch: 159/200	Train Loss: 0.8592	Val Accuracy: 18.62
Training Epoch: 160/200	Train Loss: 0.8553	Val Accuracy: 18.58
Training Epoch: 161/200	Train Loss: 0.8619	Val Accuracy: 18.58
Training Epoch: 162/200	Train Loss: 0.7794	Val Accuracy: 18.52
Training Epoch: 163/200	Train Loss: 0.803	Val Accuracy: 18.52
Training Epoch: 164/200	Train Loss: 0.7707	Val Accuracy: 18.88
Training Epoch: 165/200	Train Loss: 0.7722	Val Accuracy: 18.88
Training Epoch: 166/200	Train Loss: 0.7588	Val Accuracy: 18.76
Training Epoch: 167/200	Train Loss: 0.8404	Val Accuracy: 18.76
Training Epoch: 168/200	Train Loss: 0.8023	Val Accuracy: 18.96
Training Epoch: 169/200	Train Loss: 0.7363	Val Accuracy: 18.96
Training Epoch: 170/200	Train Loss: 0.7291	Val Accuracy: 17.92
Training Epoch: 171/200	Train Loss: 0.7443	Val Accuracy: 17.92
Training Epoch: 172/200	Train Loss: 0.7165	Val Accuracy: 19.0
Training Epoch: 173/200	Train Loss: 0.7687	Val Accuracy: 19.0
Training Epoch: 174/200	Train Loss: 0.7171	Val Accuracy: 18.44
Training Epoch: 175/200	Train Loss: 0.7787	Val Accuracy: 18.44
Training Epoch: 176/200	Train Loss: 0.7136	Val Accuracy: 18.6
Training Epoch: 177/200	Train Loss: 0.7792	Val Accuracy: 18.6
Training Epoch: 178/200	Train Loss: 0.7483	Val Accuracy: 18.76
Training Epoch: 179/200	Train Loss: 0.7371	Val Accuracy: 18.76
Training Epoch: 180/200	Train Loss: 0.7329	Val Accuracy: 18.7
Training Epoch: 181/200	Train Loss: 0.7266	Val Accuracy: 18.7
Training Epoch: 182/200	Train Loss: 0.7392	Val Accuracy: 18.62
Training Epoch: 183/200	Train Loss: 0.7211	Val Accuracy: 18.62
Training Epoch: 184/200	Train Loss: 0.7805	Val Accuracy: 17.96
Training Epoch: 185/200	Train Loss: 0.7892	Val Accuracy: 17.96
Training Epoch: 186/200	Train Loss: 0.7095	Val Accuracy: 18.6
Training Epoch: 187/200	Train Loss: 0.6931	Val Accuracy: 18.6
Training Epoch: 188/200	Train Loss: 0.6151	Val Accuracy: 18.38
Training Epoch: 189/200	Train Loss: 0.6937	Val Accuracy: 18.38
Training Epoch: 190/200	Train Loss: 0.7203	Val Accuracy: 18.62
Training Epoch: 191/200	Train Loss: 0.72	Val Accuracy: 18.62
Training Epoch: 192/200	Train Loss: 0.6938	Val Accuracy: 18.72
Training Epoch: 193/200	Train Loss: 0.7305	Val Accuracy: 18.72
Training Epoch: 194/200	Train Loss: 0.7067	Val Accuracy: 18.46
Training Epoch: 195/200	Train Loss: 0.7359	Val Accuracy: 18.46
Training Epoch: 196/200	Train Loss: 0.7486	Val Accuracy: 19.02
Training Epoch: 197/200	Train Loss: 0.6705	Val Accuracy: 19.02
Training Epoch: 198/200	Train Loss: 0.7423	Val Accuracy: 19.0
Training Epoch: 199/200	Train Loss: 0.6709	Val Accuracy: 19.0
Training Epoch: 200/200	Train Loss: 0.7203	Val Accuracy: 18.48

Wrote Best Model Checkpoint to: vlBest_acc_19_model_epoch_0196.pyth

Best Validation Accuracy: 19.02
Best Epoch: 196

======== TESTING ========

Test Accuracy: 18.32.

======== ACTIVE SAMPLING ========

len(uSetLoader): 450
u_ranks.shape: (44950,)
Active Sampling Complete. After Episode 0:
New Labeled Set: 100, New Unlabeled Set: 44900, Active Set: 50

================================


Current accuracy values:  [18.319999999999993]
Starting model from scratch - ignoring existing weights.
<All keys matched successfully>
None
======== EPISODE 1 BEGINS ========

======== TRAINING ========
Training Epoch: 1/200	Train Loss: 2.5747	Val Accuracy: 0.0
Training Epoch: 2/200	Train Loss: 6.7637	Val Accuracy: 9.74
Training Epoch: 3/200	Train Loss: 15.8624	Val Accuracy: 9.74
Training Epoch: 4/200	Train Loss: 26.3164	Val Accuracy: 9.82
Training Epoch: 5/200	Train Loss: 26.1492	Val Accuracy: 9.82
Training Epoch: 6/200	Train Loss: 24.1509	Val Accuracy: 10.22
Training Epoch: 7/200	Train Loss: 10.9756	Val Accuracy: 10.22
Training Epoch: 8/200	Train Loss: 8.8981	Val Accuracy: 9.92
Training Epoch: 9/200	Train Loss: 8.6795	Val Accuracy: 9.92
Training Epoch: 10/200	Train Loss: 14.1495	Val Accuracy: 10.68
Training Epoch: 11/200	Train Loss: 9.5755	Val Accuracy: 10.68
Training Epoch: 12/200	Train Loss: 4.4404	Val Accuracy: 9.88
Training Epoch: 13/200	Train Loss: 5.9392	Val Accuracy: 9.88
Training Epoch: 14/200	Train Loss: 3.5647	Val Accuracy: 9.88
Training Epoch: 15/200	Train Loss: 6.7202	Val Accuracy: 9.88
Training Epoch: 16/200	Train Loss: 4.4412	Val Accuracy: 9.56
Training Epoch: 17/200	Train Loss: 2.7793	Val Accuracy: 9.56
Training Epoch: 18/200	Train Loss: 3.3807	Val Accuracy: 10.04
Training Epoch: 19/200	Train Loss: 3.147	Val Accuracy: 10.04
Training Epoch: 20/200	Train Loss: 3.1852	Val Accuracy: 10.06
Training Epoch: 21/200	Train Loss: 3.2933	Val Accuracy: 10.06
Training Epoch: 22/200	Train Loss: 4.2252	Val Accuracy: 9.48
Training Epoch: 23/200	Train Loss: 5.1016	Val Accuracy: 9.48
Training Epoch: 24/200	Train Loss: 5.5841	Val Accuracy: 10.4
Training Epoch: 25/200	Train Loss: 2.3679	Val Accuracy: 10.4
Training Epoch: 26/200	Train Loss: 3.3142	Val Accuracy: 10.64
Training Epoch: 27/200	Train Loss: 3.025	Val Accuracy: 10.64
Training Epoch: 28/200	Train Loss: 3.7168	Val Accuracy: 9.58
Training Epoch: 29/200	Train Loss: 2.5928	Val Accuracy: 9.58
Training Epoch: 30/200	Train Loss: 3.0931	Val Accuracy: 9.68
Training Epoch: 31/200	Train Loss: 2.2111	Val Accuracy: 9.68
Training Epoch: 32/200	Train Loss: 2.1771	Val Accuracy: 9.76
Training Epoch: 33/200	Train Loss: 3.6691	Val Accuracy: 9.76
Training Epoch: 34/200	Train Loss: 3.979	Val Accuracy: 11.12
Training Epoch: 35/200	Train Loss: 2.7026	Val Accuracy: 11.12
Training Epoch: 36/200	Train Loss: 3.0628	Val Accuracy: 12.26
Training Epoch: 37/200	Train Loss: 5.2167	Val Accuracy: 12.26
Training Epoch: 38/200	Train Loss: 3.1851	Val Accuracy: 12.14
Training Epoch: 39/200	Train Loss: 2.6448	Val Accuracy: 12.14
Training Epoch: 40/200	Train Loss: 3.5623	Val Accuracy: 11.22
Training Epoch: 41/200	Train Loss: 4.0042	Val Accuracy: 11.22
Training Epoch: 42/200	Train Loss: 2.1652	Val Accuracy: 11.24
Training Epoch: 43/200	Train Loss: 2.2178	Val Accuracy: 11.24
Training Epoch: 44/200	Train Loss: 3.4077	Val Accuracy: 11.04
Training Epoch: 45/200	Train Loss: 2.3375	Val Accuracy: 11.04
Training Epoch: 46/200	Train Loss: 2.6322	Val Accuracy: 12.64
Training Epoch: 47/200	Train Loss: 2.4673	Val Accuracy: 12.64
Training Epoch: 48/200	Train Loss: 3.3085	Val Accuracy: 13.76
Training Epoch: 49/200	Train Loss: 5.0887	Val Accuracy: 13.76
Training Epoch: 50/200	Train Loss: 3.1051	Val Accuracy: 11.64
Training Epoch: 51/200	Train Loss: 2.5022	Val Accuracy: 11.64
Training Epoch: 52/200	Train Loss: 3.4947	Val Accuracy: 11.48
Training Epoch: 53/200	Train Loss: 3.7257	Val Accuracy: 11.48
Training Epoch: 54/200	Train Loss: 2.3735	Val Accuracy: 10.66
Training Epoch: 55/200	Train Loss: 2.8423	Val Accuracy: 10.66
Training Epoch: 56/200	Train Loss: 2.2592	Val Accuracy: 10.66
Training Epoch: 57/200	Train Loss: 4.1373	Val Accuracy: 10.66
Training Epoch: 58/200	Train Loss: 2.4649	Val Accuracy: 10.66
Training Epoch: 59/200	Train Loss: 2.1991	Val Accuracy: 10.66
Training Epoch: 60/200	Train Loss: 4.2127	Val Accuracy: 11.36
Training Epoch: 61/200	Train Loss: 2.5978	Val Accuracy: 11.36
Training Epoch: 62/200	Train Loss: 2.0786	Val Accuracy: 12.06
Training Epoch: 63/200	Train Loss: 2.0667	Val Accuracy: 12.06
Training Epoch: 64/200	Train Loss: 1.9839	Val Accuracy: 13.0
Training Epoch: 65/200	Train Loss: 2.1019	Val Accuracy: 13.0
Training Epoch: 66/200	Train Loss: 2.0223	Val Accuracy: 14.16
Training Epoch: 67/200	Train Loss: 1.9244	Val Accuracy: 14.16
Training Epoch: 68/200	Train Loss: 1.9605	Val Accuracy: 14.26
Training Epoch: 69/200	Train Loss: 2.167	Val Accuracy: 14.26
Training Epoch: 70/200	Train Loss: 1.9118	Val Accuracy: 15.42
Training Epoch: 71/200	Train Loss: 2.0406	Val Accuracy: 15.42
Training Epoch: 72/200	Train Loss: 1.9791	Val Accuracy: 16.06
Training Epoch: 73/200	Train Loss: 2.0104	Val Accuracy: 16.06
Training Epoch: 74/200	Train Loss: 1.9813	Val Accuracy: 17.26
Training Epoch: 75/200	Train Loss: 1.9916	Val Accuracy: 17.26
Training Epoch: 76/200	Train Loss: 1.9027	Val Accuracy: 17.76
Training Epoch: 77/200	Train Loss: 1.7873	Val Accuracy: 17.76
Training Epoch: 78/200	Train Loss: 1.8862	Val Accuracy: 17.8
Training Epoch: 79/200	Train Loss: 1.7817	Val Accuracy: 17.8
Training Epoch: 80/200	Train Loss: 1.7848	Val Accuracy: 18.06
Training Epoch: 81/200	Train Loss: 1.7584	Val Accuracy: 18.06
Training Epoch: 82/200	Train Loss: 1.7536	Val Accuracy: 18.52
Training Epoch: 83/200	Train Loss: 1.7132	Val Accuracy: 18.52
Training Epoch: 84/200	Train Loss: 1.5958	Val Accuracy: 18.6
Training Epoch: 85/200	Train Loss: 1.6577	Val Accuracy: 18.6
Training Epoch: 86/200	Train Loss: 1.5247	Val Accuracy: 18.6
Training Epoch: 87/200	Train Loss: 1.6204	Val Accuracy: 18.6
Training Epoch: 88/200	Train Loss: 1.6059	Val Accuracy: 19.22
Training Epoch: 89/200	Train Loss: 1.4748	Val Accuracy: 19.22
Training Epoch: 90/200	Train Loss: 1.4986	Val Accuracy: 19.1
Training Epoch: 91/200	Train Loss: 1.4946	Val Accuracy: 19.1
Training Epoch: 92/200	Train Loss: 1.4616	Val Accuracy: 19.34
Training Epoch: 93/200	Train Loss: 1.423	Val Accuracy: 19.34
Training Epoch: 94/200	Train Loss: 1.2832	Val Accuracy: 19.7
Training Epoch: 95/200	Train Loss: 1.2558	Val Accuracy: 19.7
Training Epoch: 96/200	Train Loss: 1.3332	Val Accuracy: 19.26
Training Epoch: 97/200	Train Loss: 1.3462	Val Accuracy: 19.26
Training Epoch: 98/200	Train Loss: 1.2039	Val Accuracy: 20.8
Training Epoch: 99/200	Train Loss: 1.2897	Val Accuracy: 20.8
Training Epoch: 100/200	Train Loss: 1.198	Val Accuracy: 19.82
Training Epoch: 101/200	Train Loss: 1.2267	Val Accuracy: 19.82
Training Epoch: 102/200	Train Loss: 1.1199	Val Accuracy: 19.82
Training Epoch: 103/200	Train Loss: 1.082	Val Accuracy: 19.82
Training Epoch: 104/200	Train Loss: 1.0866	Val Accuracy: 20.5
Training Epoch: 105/200	Train Loss: 1.0539	Val Accuracy: 20.5
Training Epoch: 106/200	Train Loss: 1.0492	Val Accuracy: 20.18
Training Epoch: 107/200	Train Loss: 1.0334	Val Accuracy: 20.18
Training Epoch: 108/200	Train Loss: 0.9334	Val Accuracy: 21.2
Training Epoch: 109/200	Train Loss: 0.9105	Val Accuracy: 21.2
Training Epoch: 110/200	Train Loss: 0.8116	Val Accuracy: 20.5
Training Epoch: 111/200	Train Loss: 0.8136	Val Accuracy: 20.5
Training Epoch: 112/200	Train Loss: 0.8342	Val Accuracy: 21.12
Training Epoch: 113/200	Train Loss: 0.8804	Val Accuracy: 21.12
Training Epoch: 114/200	Train Loss: 0.8316	Val Accuracy: 20.58
Training Epoch: 115/200	Train Loss: 0.7161	Val Accuracy: 20.58
Training Epoch: 116/200	Train Loss: 0.7575	Val Accuracy: 20.8
Training Epoch: 117/200	Train Loss: 0.7133	Val Accuracy: 20.8
Training Epoch: 118/200	Train Loss: 0.7602	Val Accuracy: 21.04
Training Epoch: 119/200	Train Loss: 0.6836	Val Accuracy: 21.04
Training Epoch: 120/200	Train Loss: 0.6181	Val Accuracy: 20.16
Training Epoch: 121/200	Train Loss: 0.7031	Val Accuracy: 20.16
Training Epoch: 122/200	Train Loss: 0.6989	Val Accuracy: 21.84
Training Epoch: 123/200	Train Loss: 0.5805	Val Accuracy: 21.84
Training Epoch: 124/200	Train Loss: 0.6204	Val Accuracy: 21.4
Training Epoch: 125/200	Train Loss: 0.55	Val Accuracy: 21.4
Training Epoch: 126/200	Train Loss: 0.6279	Val Accuracy: 21.42
Training Epoch: 127/200	Train Loss: 0.4479	Val Accuracy: 21.42
Training Epoch: 128/200	Train Loss: 0.4715	Val Accuracy: 21.6
Training Epoch: 129/200	Train Loss: 0.4725	Val Accuracy: 21.6
Training Epoch: 130/200	Train Loss: 0.4246	Val Accuracy: 21.2
Training Epoch: 131/200	Train Loss: 0.3891	Val Accuracy: 21.2
Training Epoch: 132/200	Train Loss: 0.3871	Val Accuracy: 20.86
Training Epoch: 133/200	Train Loss: 0.41	Val Accuracy: 20.86
Training Epoch: 134/200	Train Loss: 0.4048	Val Accuracy: 21.66
Training Epoch: 135/200	Train Loss: 0.3864	Val Accuracy: 21.66
Training Epoch: 136/200	Train Loss: 0.3534	Val Accuracy: 21.44
Training Epoch: 137/200	Train Loss: 0.3847	Val Accuracy: 21.44
Training Epoch: 138/200	Train Loss: 0.3586	Val Accuracy: 21.16
Training Epoch: 139/200	Train Loss: 0.3007	Val Accuracy: 21.16
Training Epoch: 140/200	Train Loss: 0.3431	Val Accuracy: 21.32
Training Epoch: 141/200	Train Loss: 0.3025	Val Accuracy: 21.32
Training Epoch: 142/200	Train Loss: 0.3085	Val Accuracy: 21.6
Training Epoch: 143/200	Train Loss: 0.2697	Val Accuracy: 21.6
Training Epoch: 144/200	Train Loss: 0.332	Val Accuracy: 22.0
Training Epoch: 145/200	Train Loss: 0.2721	Val Accuracy: 22.0
Training Epoch: 146/200	Train Loss: 0.2319	Val Accuracy: 21.34
Training Epoch: 147/200	Train Loss: 0.2631	Val Accuracy: 21.34
Training Epoch: 148/200	Train Loss: 0.2431	Val Accuracy: 21.54
Training Epoch: 149/200	Train Loss: 0.218	Val Accuracy: 21.54
Training Epoch: 150/200	Train Loss: 0.1974	Val Accuracy: 21.06
Training Epoch: 151/200	Train Loss: 0.2538	Val Accuracy: 21.06
Training Epoch: 152/200	Train Loss: 0.2837	Val Accuracy: 21.6
Training Epoch: 153/200	Train Loss: 0.2503	Val Accuracy: 21.6
Training Epoch: 154/200	Train Loss: 0.1946	Val Accuracy: 21.28
Training Epoch: 155/200	Train Loss: 0.1983	Val Accuracy: 21.28
Training Epoch: 156/200	Train Loss: 0.2215	Val Accuracy: 21.82
Training Epoch: 157/200	Train Loss: 0.1934	Val Accuracy: 21.82
Training Epoch: 158/200	Train Loss: 0.139	Val Accuracy: 21.46
Training Epoch: 159/200	Train Loss: 0.201	Val Accuracy: 21.46
Training Epoch: 160/200	Train Loss: 0.1773	Val Accuracy: 21.4
Training Epoch: 161/200	Train Loss: 0.1792	Val Accuracy: 21.4
Training Epoch: 162/200	Train Loss: 0.1658	Val Accuracy: 21.86
Training Epoch: 163/200	Train Loss: 0.2116	Val Accuracy: 21.86
Training Epoch: 164/200	Train Loss: 0.132	Val Accuracy: 21.26
Training Epoch: 165/200	Train Loss: 0.1375	Val Accuracy: 21.26
Training Epoch: 166/200	Train Loss: 0.1724	Val Accuracy: 21.36
Training Epoch: 167/200	Train Loss: 0.1582	Val Accuracy: 21.36
Training Epoch: 168/200	Train Loss: 0.2246	Val Accuracy: 22.12
Training Epoch: 169/200	Train Loss: 0.1456	Val Accuracy: 22.12
Training Epoch: 170/200	Train Loss: 0.1423	Val Accuracy: 21.92
Training Epoch: 171/200	Train Loss: 0.1434	Val Accuracy: 21.92
Training Epoch: 172/200	Train Loss: 0.1354	Val Accuracy: 21.3
Training Epoch: 173/200	Train Loss: 0.1934	Val Accuracy: 21.3
Training Epoch: 174/200	Train Loss: 0.1597	Val Accuracy: 20.86
Training Epoch: 175/200	Train Loss: 0.1417	Val Accuracy: 20.86
Training Epoch: 176/200	Train Loss: 0.1082	Val Accuracy: 21.04
Training Epoch: 177/200	Train Loss: 0.1318	Val Accuracy: 21.04
Training Epoch: 178/200	Train Loss: 0.1849	Val Accuracy: 21.4
Training Epoch: 179/200	Train Loss: 0.1189	Val Accuracy: 21.4
Training Epoch: 180/200	Train Loss: 0.1462	Val Accuracy: 20.72
Training Epoch: 181/200	Train Loss: 0.1815	Val Accuracy: 20.72
Training Epoch: 182/200	Train Loss: 0.1337	Val Accuracy: 21.54
Training Epoch: 183/200	Train Loss: 0.1581	Val Accuracy: 21.54
Training Epoch: 184/200	Train Loss: 0.1293	Val Accuracy: 21.68
Training Epoch: 185/200	Train Loss: 0.1475	Val Accuracy: 21.68
Training Epoch: 186/200	Train Loss: 0.1244	Val Accuracy: 21.24
Training Epoch: 187/200	Train Loss: 0.1031	Val Accuracy: 21.24
Training Epoch: 188/200	Train Loss: 0.1088	Val Accuracy: 21.72
Training Epoch: 189/200	Train Loss: 0.1351	Val Accuracy: 21.72
Training Epoch: 190/200	Train Loss: 0.1293	Val Accuracy: 20.98
Training Epoch: 191/200	Train Loss: 0.1383	Val Accuracy: 20.98
Training Epoch: 192/200	Train Loss: 0.1289	Val Accuracy: 21.36
Training Epoch: 193/200	Train Loss: 0.1237	Val Accuracy: 21.36
Training Epoch: 194/200	Train Loss: 0.1641	Val Accuracy: 21.04
Training Epoch: 195/200	Train Loss: 0.1322	Val Accuracy: 21.04
Training Epoch: 196/200	Train Loss: 0.1428	Val Accuracy: 21.44
Training Epoch: 197/200	Train Loss: 0.1171	Val Accuracy: 21.44
Training Epoch: 198/200	Train Loss: 0.1047	Val Accuracy: 21.8
Training Epoch: 199/200	Train Loss: 0.1152	Val Accuracy: 21.8
Training Epoch: 200/200	Train Loss: 0.1324	Val Accuracy: 20.92

Wrote Best Model Checkpoint to: vlBest_acc_22_model_epoch_0168.pyth

Best Validation Accuracy: 22.12
Best Epoch: 168

======== TESTING ========

Test Accuracy: 20.55.

======== ACTIVE SAMPLING ========

len(uSetLoader): 449
u_ranks.shape: (44900,)
Active Sampling Complete. After Episode 1:
New Labeled Set: 150, New Unlabeled Set: 44850, Active Set: 50

================================


Current accuracy values:  [18.319999999999993, 20.549999999999997]
Starting model from scratch - ignoring existing weights.
<All keys matched successfully>
None
======== EPISODE 2 BEGINS ========

======== TRAINING ========
Training Epoch: 1/200	Train Loss: 2.5758	Val Accuracy: 0.0
Training Epoch: 2/200	Train Loss: 7.6008	Val Accuracy: 9.82
Training Epoch: 3/200	Train Loss: 17.845	Val Accuracy: 9.82
Training Epoch: 4/200	Train Loss: 21.8461	Val Accuracy: 9.88
Training Epoch: 5/200	Train Loss: 16.5279	Val Accuracy: 9.88
Training Epoch: 6/200	Train Loss: 24.3993	Val Accuracy: 10.04
Training Epoch: 7/200	Train Loss: 13.1705	Val Accuracy: 10.04
Training Epoch: 8/200	Train Loss: 15.1737	Val Accuracy: 10.16
Training Epoch: 9/200	Train Loss: 6.8422	Val Accuracy: 10.16
Training Epoch: 10/200	Train Loss: 8.611	Val Accuracy: 9.74
Training Epoch: 11/200	Train Loss: 6.4934	Val Accuracy: 9.74
Training Epoch: 12/200	Train Loss: 9.0324	Val Accuracy: 9.92
Training Epoch: 13/200	Train Loss: 4.0118	Val Accuracy: 9.92
Training Epoch: 14/200	Train Loss: 8.0912	Val Accuracy: 9.88
Training Epoch: 15/200	Train Loss: 5.7571	Val Accuracy: 9.88
Training Epoch: 16/200	Train Loss: 3.8338	Val Accuracy: 9.88
Training Epoch: 17/200	Train Loss: 5.2598	Val Accuracy: 9.88
Training Epoch: 18/200	Train Loss: 13.6094	Val Accuracy: 9.56
Training Epoch: 19/200	Train Loss: 7.2884	Val Accuracy: 9.56
Training Epoch: 20/200	Train Loss: 5.8039	Val Accuracy: 9.56
Training Epoch: 21/200	Train Loss: 4.0199	Val Accuracy: 9.56
Training Epoch: 22/200	Train Loss: 10.8762	Val Accuracy: 9.58
Training Epoch: 23/200	Train Loss: 3.1954	Val Accuracy: 9.58
Training Epoch: 24/200	Train Loss: 4.0778	Val Accuracy: 9.6
Training Epoch: 25/200	Train Loss: 6.4749	Val Accuracy: 9.6
Training Epoch: 26/200	Train Loss: 3.1314	Val Accuracy: 9.72
Training Epoch: 27/200	Train Loss: 3.9999	Val Accuracy: 9.72
Training Epoch: 28/200	Train Loss: 4.338	Val Accuracy: 10.24
Training Epoch: 29/200	Train Loss: 3.2812	Val Accuracy: 10.24
Training Epoch: 30/200	Train Loss: 2.7991	Val Accuracy: 10.62
Training Epoch: 31/200	Train Loss: 2.7379	Val Accuracy: 10.62
Training Epoch: 32/200	Train Loss: 2.7938	Val Accuracy: 10.88
Training Epoch: 33/200	Train Loss: 3.6275	Val Accuracy: 10.88
Training Epoch: 34/200	Train Loss: 2.4723	Val Accuracy: 11.16
Training Epoch: 35/200	Train Loss: 4.0336	Val Accuracy: 11.16
Training Epoch: 36/200	Train Loss: 7.3248	Val Accuracy: 11.98
Training Epoch: 37/200	Train Loss: 3.7676	Val Accuracy: 11.98
Training Epoch: 38/200	Train Loss: 2.2786	Val Accuracy: 11.78
Training Epoch: 39/200	Train Loss: 3.4882	Val Accuracy: 11.78
Training Epoch: 40/200	Train Loss: 2.4841	Val Accuracy: 11.64
Training Epoch: 41/200	Train Loss: 3.7953	Val Accuracy: 11.64
Training Epoch: 42/200	Train Loss: 2.2473	Val Accuracy: 11.72
Training Epoch: 43/200	Train Loss: 3.1787	Val Accuracy: 11.72
Training Epoch: 44/200	Train Loss: 3.0718	Val Accuracy: 11.78
Training Epoch: 45/200	Train Loss: 3.2678	Val Accuracy: 11.78
Training Epoch: 46/200	Train Loss: 2.9009	Val Accuracy: 12.64
Training Epoch: 47/200	Train Loss: 2.6589	Val Accuracy: 12.64
Training Epoch: 48/200	Train Loss: 3.4919	Val Accuracy: 12.72
Training Epoch: 49/200	Train Loss: 2.1631	Val Accuracy: 12.72
Training Epoch: 50/200	Train Loss: 2.5182	Val Accuracy: 12.96
Training Epoch: 51/200	Train Loss: 2.5715	Val Accuracy: 12.96
Training Epoch: 52/200	Train Loss: 3.1935	Val Accuracy: 12.94
Training Epoch: 53/200	Train Loss: 2.6704	Val Accuracy: 12.94
Training Epoch: 54/200	Train Loss: 2.2776	Val Accuracy: 13.04
Training Epoch: 55/200	Train Loss: 3.5306	Val Accuracy: 13.04
Training Epoch: 56/200	Train Loss: 2.7604	Val Accuracy: 12.74
Training Epoch: 57/200	Train Loss: 3.2526	Val Accuracy: 12.74
Training Epoch: 58/200	Train Loss: 2.7683	Val Accuracy: 12.24
Training Epoch: 59/200	Train Loss: 2.2893	Val Accuracy: 12.24
Training Epoch: 60/200	Train Loss: 10.4861	Val Accuracy: 12.22
Training Epoch: 61/200	Train Loss: 2.174	Val Accuracy: 12.22
Training Epoch: 62/200	Train Loss: 2.3141	Val Accuracy: 11.68
Training Epoch: 63/200	Train Loss: 7.8972	Val Accuracy: 11.68
Training Epoch: 64/200	Train Loss: 2.3506	Val Accuracy: 12.1
Training Epoch: 65/200	Train Loss: 2.3036	Val Accuracy: 12.1
Training Epoch: 66/200	Train Loss: 2.222	Val Accuracy: 11.54
Training Epoch: 67/200	Train Loss: 2.5897	Val Accuracy: 11.54
Training Epoch: 68/200	Train Loss: 2.295	Val Accuracy: 11.76
Training Epoch: 69/200	Train Loss: 6.3008	Val Accuracy: 11.76
Training Epoch: 70/200	Train Loss: 2.3011	Val Accuracy: 11.72
Training Epoch: 71/200	Train Loss: 4.603	Val Accuracy: 11.72
Training Epoch: 72/200	Train Loss: 3.6785	Val Accuracy: 11.7
Training Epoch: 73/200	Train Loss: 2.7247	Val Accuracy: 11.7
Training Epoch: 74/200	Train Loss: 2.366	Val Accuracy: 11.72
Training Epoch: 75/200	Train Loss: 3.6653	Val Accuracy: 11.72
Training Epoch: 76/200	Train Loss: 4.5914	Val Accuracy: 12.82
Training Epoch: 77/200	Train Loss: 4.2516	Val Accuracy: 12.82
Training Epoch: 78/200	Train Loss: 2.3671	Val Accuracy: 12.74
Training Epoch: 79/200	Train Loss: 2.6887	Val Accuracy: 12.74
Training Epoch: 80/200	Train Loss: 4.7994	Val Accuracy: 13.2
Training Epoch: 81/200	Train Loss: 2.6857	Val Accuracy: 13.2
Training Epoch: 82/200	Train Loss: 2.1822	Val Accuracy: 13.54
Training Epoch: 83/200	Train Loss: 2.6252	Val Accuracy: 13.54
Training Epoch: 84/200	Train Loss: 2.1586	Val Accuracy: 13.94
Training Epoch: 85/200	Train Loss: 2.1948	Val Accuracy: 13.94
Training Epoch: 86/200	Train Loss: 2.205	Val Accuracy: 14.2
Training Epoch: 87/200	Train Loss: 2.2637	Val Accuracy: 14.2
Training Epoch: 88/200	Train Loss: 2.5089	Val Accuracy: 15.06
Training Epoch: 89/200	Train Loss: 2.094	Val Accuracy: 15.06
Training Epoch: 90/200	Train Loss: 5.179	Val Accuracy: 15.2
Training Epoch: 91/200	Train Loss: 2.1757	Val Accuracy: 15.2
Training Epoch: 92/200	Train Loss: 2.143	Val Accuracy: 15.94
Training Epoch: 93/200	Train Loss: 8.6096	Val Accuracy: 15.94
Training Epoch: 94/200	Train Loss: 2.6436	Val Accuracy: 15.84
Training Epoch: 95/200	Train Loss: 2.3551	Val Accuracy: 15.84
Training Epoch: 96/200	Train Loss: 2.2669	Val Accuracy: 16.06
Training Epoch: 97/200	Train Loss: 2.4752	Val Accuracy: 16.06
Training Epoch: 98/200	Train Loss: 2.4835	Val Accuracy: 15.7
Training Epoch: 99/200	Train Loss: 2.1981	Val Accuracy: 15.7
Training Epoch: 100/200	Train Loss: 2.0743	Val Accuracy: 15.94
Training Epoch: 101/200	Train Loss: 2.1052	Val Accuracy: 15.94
Training Epoch: 102/200	Train Loss: 2.0939	Val Accuracy: 15.36
Training Epoch: 103/200	Train Loss: 2.2459	Val Accuracy: 15.36
Training Epoch: 104/200	Train Loss: 2.2746	Val Accuracy: 15.42
Training Epoch: 105/200	Train Loss: 2.5444	Val Accuracy: 15.42
Training Epoch: 106/200	Train Loss: 2.4336	Val Accuracy: 15.58
Training Epoch: 107/200	Train Loss: 2.1438	Val Accuracy: 15.58
Training Epoch: 108/200	Train Loss: 2.1106	Val Accuracy: 15.14
Training Epoch: 109/200	Train Loss: 2.1382	Val Accuracy: 15.14
Training Epoch: 110/200	Train Loss: 4.0884	Val Accuracy: 14.98
Training Epoch: 111/200	Train Loss: 2.1161	Val Accuracy: 14.98
Training Epoch: 112/200	Train Loss: 2.7705	Val Accuracy: 15.2
Training Epoch: 113/200	Train Loss: 2.2321	Val Accuracy: 15.2
Training Epoch: 114/200	Train Loss: 2.173	Val Accuracy: 14.92
Training Epoch: 115/200	Train Loss: 2.1911	Val Accuracy: 14.92
Training Epoch: 116/200	Train Loss: 2.4766	Val Accuracy: 15.66
Training Epoch: 117/200	Train Loss: 2.1645	Val Accuracy: 15.66
Training Epoch: 118/200	Train Loss: 2.124	Val Accuracy: 15.42
Training Epoch: 119/200	Train Loss: 5.3583	Val Accuracy: 15.42
Training Epoch: 120/200	Train Loss: 2.1069	Val Accuracy: 16.14
Training Epoch: 121/200	Train Loss: 2.3443	Val Accuracy: 16.14
Training Epoch: 122/200	Train Loss: 2.1851	Val Accuracy: 16.9
Training Epoch: 123/200	Train Loss: 2.2605	Val Accuracy: 16.9
Training Epoch: 124/200	Train Loss: 2.1166	Val Accuracy: 17.06
Training Epoch: 125/200	Train Loss: 2.0772	Val Accuracy: 17.06
Training Epoch: 126/200	Train Loss: 2.3598	Val Accuracy: 17.28
Training Epoch: 127/200	Train Loss: 2.2237	Val Accuracy: 17.28
Training Epoch: 128/200	Train Loss: 2.0894	Val Accuracy: 17.4
Training Epoch: 129/200	Train Loss: 2.4738	Val Accuracy: 17.4
Training Epoch: 130/200	Train Loss: 2.1667	Val Accuracy: 17.14
Training Epoch: 131/200	Train Loss: 2.0016	Val Accuracy: 17.14
Training Epoch: 132/200	Train Loss: 3.044	Val Accuracy: 17.42
Training Epoch: 133/200	Train Loss: 2.1783	Val Accuracy: 17.42
Training Epoch: 134/200	Train Loss: 2.0772	Val Accuracy: 16.9
Training Epoch: 135/200	Train Loss: 2.1049	Val Accuracy: 16.9
Training Epoch: 136/200	Train Loss: 3.3105	Val Accuracy: 17.46
Training Epoch: 137/200	Train Loss: 2.3079	Val Accuracy: 17.46
Training Epoch: 138/200	Train Loss: 2.0626	Val Accuracy: 16.1
Training Epoch: 139/200	Train Loss: 2.0555	Val Accuracy: 16.1
Training Epoch: 140/200	Train Loss: 2.5663	Val Accuracy: 15.66
Training Epoch: 141/200	Train Loss: 2.0047	Val Accuracy: 15.66
Training Epoch: 142/200	Train Loss: 2.0924	Val Accuracy: 16.22
Training Epoch: 143/200	Train Loss: 2.0448	Val Accuracy: 16.22
Training Epoch: 144/200	Train Loss: 2.225	Val Accuracy: 16.38
Training Epoch: 145/200	Train Loss: 2.1281	Val Accuracy: 16.38
Training Epoch: 146/200	Train Loss: 2.2067	Val Accuracy: 16.2
Training Epoch: 147/200	Train Loss: 2.053	Val Accuracy: 16.2
Training Epoch: 148/200	Train Loss: 2.0501	Val Accuracy: 16.38
Training Epoch: 149/200	Train Loss: 2.0701	Val Accuracy: 16.38
Training Epoch: 150/200	Train Loss: 2.1895	Val Accuracy: 17.0
Training Epoch: 151/200	Train Loss: 2.069	Val Accuracy: 17.0
Training Epoch: 152/200	Train Loss: 2.1068	Val Accuracy: 17.34
Training Epoch: 153/200	Train Loss: 2.0333	Val Accuracy: 17.34
Training Epoch: 154/200	Train Loss: 2.042	Val Accuracy: 16.96
Training Epoch: 155/200	Train Loss: 2.0652	Val Accuracy: 16.96
Training Epoch: 156/200	Train Loss: 2.048	Val Accuracy: 17.58
Training Epoch: 157/200	Train Loss: 2.2976	Val Accuracy: 17.58
Training Epoch: 158/200	Train Loss: 2.0346	Val Accuracy: 18.02
Training Epoch: 159/200	Train Loss: 1.9542	Val Accuracy: 18.02
Training Epoch: 160/200	Train Loss: 2.0639	Val Accuracy: 18.08
Training Epoch: 161/200	Train Loss: 2.0612	Val Accuracy: 18.08
Training Epoch: 162/200	Train Loss: 2.1332	Val Accuracy: 18.26
Training Epoch: 163/200	Train Loss: 2.1251	Val Accuracy: 18.26
Training Epoch: 164/200	Train Loss: 2.0205	Val Accuracy: 17.6
Training Epoch: 165/200	Train Loss: 2.0586	Val Accuracy: 17.6
Training Epoch: 166/200	Train Loss: 1.9974	Val Accuracy: 18.22
Training Epoch: 167/200	Train Loss: 2.0255	Val Accuracy: 18.22
Training Epoch: 168/200	Train Loss: 2.0422	Val Accuracy: 17.74
Training Epoch: 169/200	Train Loss: 2.0422	Val Accuracy: 17.74
Training Epoch: 170/200	Train Loss: 4.9114	Val Accuracy: 17.74
Training Epoch: 171/200	Train Loss: 2.0154	Val Accuracy: 17.74
Training Epoch: 172/200	Train Loss: 1.9844	Val Accuracy: 17.5
Training Epoch: 173/200	Train Loss: 2.1313	Val Accuracy: 17.5
Training Epoch: 174/200	Train Loss: 2.0291	Val Accuracy: 17.48
Training Epoch: 175/200	Train Loss: 1.9037	Val Accuracy: 17.48
Training Epoch: 176/200	Train Loss: 2.037	Val Accuracy: 18.12
Training Epoch: 177/200	Train Loss: 1.8957	Val Accuracy: 18.12
Training Epoch: 178/200	Train Loss: 1.9709	Val Accuracy: 18.42
Training Epoch: 179/200	Train Loss: 2.0959	Val Accuracy: 18.42
Training Epoch: 180/200	Train Loss: 1.9489	Val Accuracy: 17.76
Training Epoch: 181/200	Train Loss: 2.0945	Val Accuracy: 17.76
Training Epoch: 182/200	Train Loss: 6.5761	Val Accuracy: 18.58
Training Epoch: 183/200	Train Loss: 2.0344	Val Accuracy: 18.58
Training Epoch: 184/200	Train Loss: 1.9353	Val Accuracy: 18.96
Training Epoch: 185/200	Train Loss: 5.2249	Val Accuracy: 18.96
Training Epoch: 186/200	Train Loss: 2.0124	Val Accuracy: 18.7
Training Epoch: 187/200	Train Loss: 2.0116	Val Accuracy: 18.7
Training Epoch: 188/200	Train Loss: 1.9805	Val Accuracy: 18.6
Training Epoch: 189/200	Train Loss: 1.9432	Val Accuracy: 18.6
Training Epoch: 190/200	Train Loss: 2.0222	Val Accuracy: 18.26
Training Epoch: 191/200	Train Loss: 2.0206	Val Accuracy: 18.26
Training Epoch: 192/200	Train Loss: 1.9912	Val Accuracy: 18.34
Training Epoch: 193/200	Train Loss: 2.027	Val Accuracy: 18.34
Training Epoch: 194/200	Train Loss: 1.9672	Val Accuracy: 18.46
Training Epoch: 195/200	Train Loss: 2.0215	Val Accuracy: 18.46
Training Epoch: 196/200	Train Loss: 2.0104	Val Accuracy: 18.34
Training Epoch: 197/200	Train Loss: 2.0389	Val Accuracy: 18.34
Training Epoch: 198/200	Train Loss: 2.0083	Val Accuracy: 18.4
Training Epoch: 199/200	Train Loss: 2.0765	Val Accuracy: 18.4
Training Epoch: 200/200	Train Loss: 2.0358	Val Accuracy: 18.64

Wrote Best Model Checkpoint to: vlBest_acc_18_model_epoch_0184.pyth

Best Validation Accuracy: 18.96
Best Epoch: 184

======== TESTING ========

Test Accuracy: 17.75.

======== ACTIVE SAMPLING ========

len(uSetLoader): 449
u_ranks.shape: (44850,)
Active Sampling Complete. After Episode 2:
New Labeled Set: 200, New Unlabeled Set: 44800, Active Set: 50

================================


Current accuracy values:  [18.319999999999993, 20.549999999999997, 17.75]
Starting model from scratch - ignoring existing weights.
<All keys matched successfully>
None
======== EPISODE 3 BEGINS ========

======== TRAINING ========
Training Epoch: 1/200	Train Loss: 14.8641	Val Accuracy: 0.0
Training Epoch: 2/200	Train Loss: 29.5527	Val Accuracy: 9.56
Training Epoch: 3/200	Train Loss: 21.9185	Val Accuracy: 9.56
Training Epoch: 4/200	Train Loss: 8.6978	Val Accuracy: 9.88
Training Epoch: 5/200	Train Loss: 5.5326	Val Accuracy: 9.88
Training Epoch: 6/200	Train Loss: 4.4719	Val Accuracy: 9.88
Training Epoch: 7/200	Train Loss: 5.6054	Val Accuracy: 9.88
Training Epoch: 8/200	Train Loss: 4.7373	Val Accuracy: 9.56
Training Epoch: 9/200	Train Loss: 3.2083	Val Accuracy: 9.56
Training Epoch: 10/200	Train Loss: 4.008	Val Accuracy: 9.88
Training Epoch: 11/200	Train Loss: 4.197	Val Accuracy: 9.88
Training Epoch: 12/200	Train Loss: 2.1481	Val Accuracy: 9.86
Training Epoch: 13/200	Train Loss: 3.0919	Val Accuracy: 9.86
Training Epoch: 14/200	Train Loss: 2.1859	Val Accuracy: 10.24
Training Epoch: 15/200	Train Loss: 6.5946	Val Accuracy: 10.24
Training Epoch: 16/200	Train Loss: 4.9985	Val Accuracy: 9.24
Training Epoch: 17/200	Train Loss: 3.8731	Val Accuracy: 9.24
Training Epoch: 18/200	Train Loss: 4.5044	Val Accuracy: 10.28
Training Epoch: 19/200	Train Loss: 4.2644	Val Accuracy: 10.28
Training Epoch: 20/200	Train Loss: 3.4187	Val Accuracy: 10.28
Training Epoch: 21/200	Train Loss: 2.5435	Val Accuracy: 10.28
Training Epoch: 22/200	Train Loss: 4.1634	Val Accuracy: 8.6
Training Epoch: 23/200	Train Loss: 2.5689	Val Accuracy: 8.6
Training Epoch: 24/200	Train Loss: 2.1825	Val Accuracy: 11.1
Training Epoch: 25/200	Train Loss: 3.9697	Val Accuracy: 11.1
Training Epoch: 26/200	Train Loss: 2.7081	Val Accuracy: 15.08
Training Epoch: 27/200	Train Loss: 2.1157	Val Accuracy: 15.08
Training Epoch: 28/200	Train Loss: 4.0902	Val Accuracy: 15.16
Training Epoch: 29/200	Train Loss: 2.2578	Val Accuracy: 15.16
Training Epoch: 30/200	Train Loss: 4.7918	Val Accuracy: 13.7
Training Epoch: 31/200	Train Loss: 3.2917	Val Accuracy: 13.7
Training Epoch: 32/200	Train Loss: 2.7604	Val Accuracy: 12.14
Training Epoch: 33/200	Train Loss: 4.5748	Val Accuracy: 12.14
Training Epoch: 34/200	Train Loss: 2.8431	Val Accuracy: 13.4
Training Epoch: 35/200	Train Loss: 2.3051	Val Accuracy: 13.4
Training Epoch: 36/200	Train Loss: 2.3245	Val Accuracy: 13.94
Training Epoch: 37/200	Train Loss: 3.7783	Val Accuracy: 13.94
Training Epoch: 38/200	Train Loss: 2.2118	Val Accuracy: 15.06
Training Epoch: 39/200	Train Loss: 4.7581	Val Accuracy: 15.06
Training Epoch: 40/200	Train Loss: 2.6887	Val Accuracy: 14.48
Training Epoch: 41/200	Train Loss: 1.944	Val Accuracy: 14.48
Training Epoch: 42/200	Train Loss: 3.0743	Val Accuracy: 14.36
Training Epoch: 43/200	Train Loss: 4.1303	Val Accuracy: 14.36
Training Epoch: 44/200	Train Loss: 1.8708	Val Accuracy: 15.02
Training Epoch: 45/200	Train Loss: 2.9035	Val Accuracy: 15.02
Training Epoch: 46/200	Train Loss: 3.9915	Val Accuracy: 14.8
Training Epoch: 47/200	Train Loss: 3.3071	Val Accuracy: 14.8
Training Epoch: 48/200	Train Loss: 2.4962	Val Accuracy: 15.74
Training Epoch: 49/200	Train Loss: 4.5619	Val Accuracy: 15.74
Training Epoch: 50/200	Train Loss: 2.5375	Val Accuracy: 16.56
Training Epoch: 51/200	Train Loss: 2.4234	Val Accuracy: 16.56
Training Epoch: 52/200	Train Loss: 2.9567	Val Accuracy: 15.14
Training Epoch: 53/200	Train Loss: 7.3421	Val Accuracy: 15.14
Training Epoch: 54/200	Train Loss: 1.9791	Val Accuracy: 17.78
Training Epoch: 55/200	Train Loss: 2.9185	Val Accuracy: 17.78
Training Epoch: 56/200	Train Loss: 4.5091	Val Accuracy: 16.26
Training Epoch: 57/200	Train Loss: 2.5455	Val Accuracy: 16.26
Training Epoch: 58/200	Train Loss: 4.7149	Val Accuracy: 19.24
Training Epoch: 59/200	Train Loss: 2.1025	Val Accuracy: 19.24
Training Epoch: 60/200	Train Loss: 3.7665	Val Accuracy: 18.66
Training Epoch: 61/200	Train Loss: 3.3967	Val Accuracy: 18.66
Training Epoch: 62/200	Train Loss: 2.8834	Val Accuracy: 17.28
Training Epoch: 63/200	Train Loss: 4.3134	Val Accuracy: 17.28
Training Epoch: 64/200	Train Loss: 1.8197	Val Accuracy: 16.88
Training Epoch: 65/200	Train Loss: 2.6777	Val Accuracy: 16.88
Training Epoch: 66/200	Train Loss: 2.9833	Val Accuracy: 17.82
Training Epoch: 67/200	Train Loss: 5.366	Val Accuracy: 17.82
Training Epoch: 68/200	Train Loss: 2.0596	Val Accuracy: 16.72
Training Epoch: 69/200	Train Loss: 2.9729	Val Accuracy: 16.72
Training Epoch: 70/200	Train Loss: 2.2194	Val Accuracy: 18.12
Training Epoch: 71/200	Train Loss: 1.6861	Val Accuracy: 18.12
Training Epoch: 72/200	Train Loss: 2.7806	Val Accuracy: 19.1
Training Epoch: 73/200	Train Loss: 2.9783	Val Accuracy: 19.1
Training Epoch: 74/200	Train Loss: 3.3356	Val Accuracy: 20.02
Training Epoch: 75/200	Train Loss: 2.0473	Val Accuracy: 20.02
Training Epoch: 76/200	Train Loss: 2.6034	Val Accuracy: 20.8
Training Epoch: 77/200	Train Loss: 5.2284	Val Accuracy: 20.8
Training Epoch: 78/200	Train Loss: 1.9559	Val Accuracy: 21.06
Training Epoch: 79/200	Train Loss: 1.7824	Val Accuracy: 21.06
Training Epoch: 80/200	Train Loss: 6.4724	Val Accuracy: 22.46
Training Epoch: 81/200	Train Loss: 1.7179	Val Accuracy: 22.46
Training Epoch: 82/200	Train Loss: 3.077	Val Accuracy: 22.66
Training Epoch: 83/200	Train Loss: 4.1217	Val Accuracy: 22.66
Training Epoch: 84/200	Train Loss: 2.3291	Val Accuracy: 22.78
Training Epoch: 85/200	Train Loss: 1.9361	Val Accuracy: 22.78
Training Epoch: 86/200	Train Loss: 3.0111	Val Accuracy: 24.1
Training Epoch: 87/200	Train Loss: 3.4935	Val Accuracy: 24.1
Training Epoch: 88/200	Train Loss: 2.3005	Val Accuracy: 23.7
Training Epoch: 89/200	Train Loss: 1.6908	Val Accuracy: 23.7
Training Epoch: 90/200	Train Loss: 1.61	Val Accuracy: 25.94
Training Epoch: 91/200	Train Loss: 2.7112	Val Accuracy: 25.94
Training Epoch: 92/200	Train Loss: 1.619	Val Accuracy: 24.52
Training Epoch: 93/200	Train Loss: 1.49	Val Accuracy: 24.52
Training Epoch: 94/200	Train Loss: 2.2606	Val Accuracy: 23.76
Training Epoch: 95/200	Train Loss: 2.0846	Val Accuracy: 23.76
Training Epoch: 96/200	Train Loss: 1.4864	Val Accuracy: 23.42
Training Epoch: 97/200	Train Loss: 1.458	Val Accuracy: 23.42
Training Epoch: 98/200	Train Loss: 1.4245	Val Accuracy: 24.3
Training Epoch: 99/200	Train Loss: 3.3344	Val Accuracy: 24.3
Training Epoch: 100/200	Train Loss: 3.1534	Val Accuracy: 25.5
Training Epoch: 101/200	Train Loss: 1.4649	Val Accuracy: 25.5
Training Epoch: 102/200	Train Loss: 2.6525	Val Accuracy: 24.92
Training Epoch: 103/200	Train Loss: 1.51	Val Accuracy: 24.92
Training Epoch: 104/200	Train Loss: 1.2899	Val Accuracy: 26.24
Training Epoch: 105/200	Train Loss: 1.4849	Val Accuracy: 26.24
Training Epoch: 106/200	Train Loss: 1.1658	Val Accuracy: 25.44
Training Epoch: 107/200	Train Loss: 1.2373	Val Accuracy: 25.44
Training Epoch: 108/200	Train Loss: 1.1665	Val Accuracy: 25.94
Training Epoch: 109/200	Train Loss: 1.1144	Val Accuracy: 25.94
Training Epoch: 110/200	Train Loss: 1.1744	Val Accuracy: 25.5
Training Epoch: 111/200	Train Loss: 1.0759	Val Accuracy: 25.5
Training Epoch: 112/200	Train Loss: 1.6663	Val Accuracy: 25.86
Training Epoch: 113/200	Train Loss: 2.0655	Val Accuracy: 25.86
Training Epoch: 114/200	Train Loss: 2.1097	Val Accuracy: 25.02
Training Epoch: 115/200	Train Loss: 0.984	Val Accuracy: 25.02
Training Epoch: 116/200	Train Loss: 3.6963	Val Accuracy: 24.76
Training Epoch: 117/200	Train Loss: 1.1551	Val Accuracy: 24.76
Training Epoch: 118/200	Train Loss: 0.9446	Val Accuracy: 26.14
Training Epoch: 119/200	Train Loss: 1.1001	Val Accuracy: 26.14
Training Epoch: 120/200	Train Loss: 1.036	Val Accuracy: 25.72
Training Epoch: 121/200	Train Loss: 0.9811	Val Accuracy: 25.72
Training Epoch: 122/200	Train Loss: 0.9345	Val Accuracy: 26.44
Training Epoch: 123/200	Train Loss: 0.8361	Val Accuracy: 26.44
Training Epoch: 124/200	Train Loss: 0.8957	Val Accuracy: 25.94
Training Epoch: 125/200	Train Loss: 1.6492	Val Accuracy: 25.94
Training Epoch: 126/200	Train Loss: 1.756	Val Accuracy: 25.62
Training Epoch: 127/200	Train Loss: 0.6219	Val Accuracy: 25.62
Training Epoch: 128/200	Train Loss: 0.7662	Val Accuracy: 26.24
Training Epoch: 129/200	Train Loss: 0.6542	Val Accuracy: 26.24
Training Epoch: 130/200	Train Loss: 0.8373	Val Accuracy: 26.3
Training Epoch: 131/200	Train Loss: 0.7149	Val Accuracy: 26.3
Training Epoch: 132/200	Train Loss: 0.8341	Val Accuracy: 26.84
Training Epoch: 133/200	Train Loss: 0.5833	Val Accuracy: 26.84
Training Epoch: 134/200	Train Loss: 0.614	Val Accuracy: 27.2
Training Epoch: 135/200	Train Loss: 2.5903	Val Accuracy: 27.2
Training Epoch: 136/200	Train Loss: 0.6695	Val Accuracy: 25.52
Training Epoch: 137/200	Train Loss: 3.2638	Val Accuracy: 25.52
Training Epoch: 138/200	Train Loss: 0.6257	Val Accuracy: 27.1
Training Epoch: 139/200	Train Loss: 0.6261	Val Accuracy: 27.1
Training Epoch: 140/200	Train Loss: 0.8469	Val Accuracy: 25.94
Training Epoch: 141/200	Train Loss: 0.751	Val Accuracy: 25.94
Training Epoch: 142/200	Train Loss: 0.6278	Val Accuracy: 26.96
Training Epoch: 143/200	Train Loss: 0.761	Val Accuracy: 26.96
Training Epoch: 144/200	Train Loss: 0.5041	Val Accuracy: 26.86
Training Epoch: 145/200	Train Loss: 0.4876	Val Accuracy: 26.86
Training Epoch: 146/200	Train Loss: 0.6002	Val Accuracy: 25.88
Training Epoch: 147/200	Train Loss: 0.5236	Val Accuracy: 25.88
Training Epoch: 148/200	Train Loss: 0.5211	Val Accuracy: 26.68
Training Epoch: 149/200	Train Loss: 0.4846	Val Accuracy: 26.68
Training Epoch: 150/200	Train Loss: 0.3585	Val Accuracy: 27.16
Training Epoch: 151/200	Train Loss: 2.8785	Val Accuracy: 27.16
Training Epoch: 152/200	Train Loss: 0.3765	Val Accuracy: 26.58
Training Epoch: 153/200	Train Loss: 0.4464	Val Accuracy: 26.58
Training Epoch: 154/200	Train Loss: 1.1492	Val Accuracy: 26.98
Training Epoch: 155/200	Train Loss: 0.6444	Val Accuracy: 26.98
Training Epoch: 156/200	Train Loss: 0.3629	Val Accuracy: 26.68
Training Epoch: 157/200	Train Loss: 0.6503	Val Accuracy: 26.68
Training Epoch: 158/200	Train Loss: 0.4061	Val Accuracy: 27.68
Training Epoch: 159/200	Train Loss: 0.3933	Val Accuracy: 27.68
Training Epoch: 160/200	Train Loss: 0.3235	Val Accuracy: 26.62
Training Epoch: 161/200	Train Loss: 0.2921	Val Accuracy: 26.62
Training Epoch: 162/200	Train Loss: 0.507	Val Accuracy: 26.7
Training Epoch: 163/200	Train Loss: 0.265	Val Accuracy: 26.7
Training Epoch: 164/200	Train Loss: 0.4073	Val Accuracy: 27.56
Training Epoch: 165/200	Train Loss: 0.3625	Val Accuracy: 27.56
Training Epoch: 166/200	Train Loss: 0.3425	Val Accuracy: 27.64
Training Epoch: 167/200	Train Loss: 0.2683	Val Accuracy: 27.64
Training Epoch: 168/200	Train Loss: 0.192	Val Accuracy: 26.92
Training Epoch: 169/200	Train Loss: 0.3349	Val Accuracy: 26.92
Training Epoch: 170/200	Train Loss: 0.2986	Val Accuracy: 27.46
Training Epoch: 171/200	Train Loss: 0.2975	Val Accuracy: 27.46
Training Epoch: 172/200	Train Loss: 1.6185	Val Accuracy: 27.8
Training Epoch: 173/200	Train Loss: 0.2367	Val Accuracy: 27.8
Training Epoch: 174/200	Train Loss: 0.1762	Val Accuracy: 26.96
Training Epoch: 175/200	Train Loss: 0.3056	Val Accuracy: 26.96
Training Epoch: 176/200	Train Loss: 0.9247	Val Accuracy: 26.64
Training Epoch: 177/200	Train Loss: 0.33	Val Accuracy: 26.64
Training Epoch: 178/200	Train Loss: 0.197	Val Accuracy: 27.16
Training Epoch: 179/200	Train Loss: 0.2164	Val Accuracy: 27.16
Training Epoch: 180/200	Train Loss: 0.1562	Val Accuracy: 27.12
Training Epoch: 181/200	Train Loss: 0.1985	Val Accuracy: 27.12
Training Epoch: 182/200	Train Loss: 0.1905	Val Accuracy: 27.06
Training Epoch: 183/200	Train Loss: 0.1834	Val Accuracy: 27.06
Training Epoch: 184/200	Train Loss: 0.2426	Val Accuracy: 26.88
Training Epoch: 185/200	Train Loss: 0.2933	Val Accuracy: 26.88
Training Epoch: 186/200	Train Loss: 0.1927	Val Accuracy: 27.48
Training Epoch: 187/200	Train Loss: 0.2189	Val Accuracy: 27.48
Training Epoch: 188/200	Train Loss: 1.0406	Val Accuracy: 26.98
Training Epoch: 189/200	Train Loss: 0.1544	Val Accuracy: 26.98
Training Epoch: 190/200	Train Loss: 0.1312	Val Accuracy: 27.68
Training Epoch: 191/200	Train Loss: 0.1935	Val Accuracy: 27.68
Training Epoch: 192/200	Train Loss: 0.2934	Val Accuracy: 27.24
Training Epoch: 193/200	Train Loss: 0.1756	Val Accuracy: 27.24
Training Epoch: 194/200	Train Loss: 0.2503	Val Accuracy: 26.68
Training Epoch: 195/200	Train Loss: 0.2202	Val Accuracy: 26.68
Training Epoch: 196/200	Train Loss: 0.1735	Val Accuracy: 27.24
Training Epoch: 197/200	Train Loss: 0.2332	Val Accuracy: 27.24
Training Epoch: 198/200	Train Loss: 0.1559	Val Accuracy: 26.88
Training Epoch: 199/200	Train Loss: 0.1941	Val Accuracy: 26.88
Training Epoch: 200/200	Train Loss: 1.0099	Val Accuracy: 26.88

Wrote Best Model Checkpoint to: vlBest_acc_27_model_epoch_0172.pyth

Best Validation Accuracy: 27.8
Best Epoch: 172

======== TESTING ========

Test Accuracy: 27.44.

======== ACTIVE SAMPLING ========

len(uSetLoader): 448
u_ranks.shape: (44800,)
Active Sampling Complete. After Episode 3:
New Labeled Set: 250, New Unlabeled Set: 44750, Active Set: 50

================================


Current accuracy values:  [18.319999999999993, 20.549999999999997, 17.75, 27.439999122619625]
Starting model from scratch - ignoring existing weights.
<All keys matched successfully>
None
======== EPISODE 4 BEGINS ========

======== TRAINING ========
Training Epoch: 1/200	Train Loss: 11.3786	Val Accuracy: 0.0
Training Epoch: 2/200	Train Loss: 28.1718	Val Accuracy: 10.22
Training Epoch: 3/200	Train Loss: 15.1933	Val Accuracy: 10.22
Training Epoch: 4/200	Train Loss: 9.3618	Val Accuracy: 9.88
Training Epoch: 5/200	Train Loss: 8.7667	Val Accuracy: 9.88
Training Epoch: 6/200	Train Loss: 6.2057	Val Accuracy: 9.82
Training Epoch: 7/200	Train Loss: 3.1681	Val Accuracy: 9.82
Training Epoch: 8/200	Train Loss: 2.9292	Val Accuracy: 9.88
Training Epoch: 9/200	Train Loss: 5.9691	Val Accuracy: 9.88
Training Epoch: 10/200	Train Loss: 6.4837	Val Accuracy: 9.88
Training Epoch: 11/200	Train Loss: 6.228	Val Accuracy: 9.88
Training Epoch: 12/200	Train Loss: 2.4781	Val Accuracy: 9.82
Training Epoch: 13/200	Train Loss: 3.4241	Val Accuracy: 9.82
Training Epoch: 14/200	Train Loss: 3.8574	Val Accuracy: 9.7
Training Epoch: 15/200	Train Loss: 9.8376	Val Accuracy: 9.7
Training Epoch: 16/200	Train Loss: 2.5243	Val Accuracy: 11.12
Training Epoch: 17/200	Train Loss: 2.2534	Val Accuracy: 11.12
Training Epoch: 18/200	Train Loss: 2.6058	Val Accuracy: 11.8
Training Epoch: 19/200	Train Loss: 2.5644	Val Accuracy: 11.8
Training Epoch: 20/200	Train Loss: 6.077	Val Accuracy: 11.94
Training Epoch: 21/200	Train Loss: 5.7532	Val Accuracy: 11.94
Training Epoch: 22/200	Train Loss: 8.2692	Val Accuracy: 11.72
Training Epoch: 23/200	Train Loss: 2.067	Val Accuracy: 11.72
Training Epoch: 24/200	Train Loss: 11.3871	Val Accuracy: 10.96
Training Epoch: 25/200	Train Loss: 6.2388	Val Accuracy: 10.96
Training Epoch: 26/200	Train Loss: 2.1574	Val Accuracy: 10.76
Training Epoch: 27/200	Train Loss: 2.1203	Val Accuracy: 10.76
Training Epoch: 28/200	Train Loss: 2.1989	Val Accuracy: 10.46
Training Epoch: 29/200	Train Loss: 7.6137	Val Accuracy: 10.46
Training Epoch: 30/200	Train Loss: 3.4632	Val Accuracy: 8.8
Training Epoch: 31/200	Train Loss: 3.2852	Val Accuracy: 8.8
Training Epoch: 32/200	Train Loss: 2.6501	Val Accuracy: 11.06
Training Epoch: 33/200	Train Loss: 4.0269	Val Accuracy: 11.06
Training Epoch: 34/200	Train Loss: 6.3701	Val Accuracy: 11.84
Training Epoch: 35/200	Train Loss: 2.9323	Val Accuracy: 11.84
Training Epoch: 36/200	Train Loss: 5.347	Val Accuracy: 11.32
Training Epoch: 37/200	Train Loss: 3.9684	Val Accuracy: 11.32
Training Epoch: 38/200	Train Loss: 6.2105	Val Accuracy: 10.94
Training Epoch: 39/200	Train Loss: 2.3721	Val Accuracy: 10.94
Training Epoch: 40/200	Train Loss: 4.6944	Val Accuracy: 10.48
Training Epoch: 41/200	Train Loss: 2.1233	Val Accuracy: 10.48
Training Epoch: 42/200	Train Loss: 2.969	Val Accuracy: 11.28
Training Epoch: 43/200	Train Loss: 3.369	Val Accuracy: 11.28
Training Epoch: 44/200	Train Loss: 2.1832	Val Accuracy: 11.56
Training Epoch: 45/200	Train Loss: 5.6405	Val Accuracy: 11.56
Training Epoch: 46/200	Train Loss: 6.9912	Val Accuracy: 12.5
Training Epoch: 47/200	Train Loss: 4.8516	Val Accuracy: 12.5
Training Epoch: 48/200	Train Loss: 4.5531	Val Accuracy: 14.54
Training Epoch: 49/200	Train Loss: 3.8824	Val Accuracy: 14.54
Training Epoch: 50/200	Train Loss: 3.1535	Val Accuracy: 11.12
Training Epoch: 51/200	Train Loss: 4.0275	Val Accuracy: 11.12
Training Epoch: 52/200	Train Loss: 4.5516	Val Accuracy: 14.82
Training Epoch: 53/200	Train Loss: 2.1226	Val Accuracy: 14.82
Training Epoch: 54/200	Train Loss: 4.3904	Val Accuracy: 13.6
Training Epoch: 55/200	Train Loss: 2.0297	Val Accuracy: 13.6
Training Epoch: 56/200	Train Loss: 3.5734	Val Accuracy: 12.98
Training Epoch: 57/200	Train Loss: 3.9961	Val Accuracy: 12.98
Training Epoch: 58/200	Train Loss: 3.0333	Val Accuracy: 13.74
Training Epoch: 59/200	Train Loss: 2.0622	Val Accuracy: 13.74
Training Epoch: 60/200	Train Loss: 2.0332	Val Accuracy: 14.56
Training Epoch: 61/200	Train Loss: 1.9269	Val Accuracy: 14.56
Training Epoch: 62/200	Train Loss: 5.7332	Val Accuracy: 14.24
Training Epoch: 63/200	Train Loss: 5.9487	Val Accuracy: 14.24
Training Epoch: 64/200	Train Loss: 3.3476	Val Accuracy: 15.06
Training Epoch: 65/200	Train Loss: 3.9606	Val Accuracy: 15.06
Training Epoch: 66/200	Train Loss: 3.1932	Val Accuracy: 14.02
Training Epoch: 67/200	Train Loss: 2.0324	Val Accuracy: 14.02
Training Epoch: 68/200	Train Loss: 1.8997	Val Accuracy: 12.86
Training Epoch: 69/200	Train Loss: 2.8168	Val Accuracy: 12.86
Training Epoch: 70/200	Train Loss: 1.9421	Val Accuracy: 14.3
Training Epoch: 71/200	Train Loss: 2.9458	Val Accuracy: 14.3
Training Epoch: 72/200	Train Loss: 4.5395	Val Accuracy: 14.94
Training Epoch: 73/200	Train Loss: 4.6668	Val Accuracy: 14.94
Training Epoch: 74/200	Train Loss: 3.9064	Val Accuracy: 12.92
Training Epoch: 75/200	Train Loss: 3.2268	Val Accuracy: 12.92
Training Epoch: 76/200	Train Loss: 5.2592	Val Accuracy: 13.16
Training Epoch: 77/200	Train Loss: 2.6341	Val Accuracy: 13.16
Training Epoch: 78/200	Train Loss: 5.0214	Val Accuracy: 15.08
Training Epoch: 79/200	Train Loss: 4.8614	Val Accuracy: 15.08
Training Epoch: 80/200	Train Loss: 4.2346	Val Accuracy: 15.66
Training Epoch: 81/200	Train Loss: 3.0626	Val Accuracy: 15.66
Training Epoch: 82/200	Train Loss: 2.5333	Val Accuracy: 16.16
Training Epoch: 83/200	Train Loss: 2.8254	Val Accuracy: 16.16
Training Epoch: 84/200	Train Loss: 3.2307	Val Accuracy: 16.98
Training Epoch: 85/200	Train Loss: 2.2254	Val Accuracy: 16.98
Training Epoch: 86/200	Train Loss: 1.858	Val Accuracy: 16.5
Training Epoch: 87/200	Train Loss: 6.1151	Val Accuracy: 16.5
Training Epoch: 88/200	Train Loss: 5.1901	Val Accuracy: 16.44
Training Epoch: 89/200	Train Loss: 3.999	Val Accuracy: 16.44
Training Epoch: 90/200	Train Loss: 2.9844	Val Accuracy: 16.08
Training Epoch: 91/200	Train Loss: 3.3196	Val Accuracy: 16.08
Training Epoch: 92/200	Train Loss: 3.2132	Val Accuracy: 16.52
Training Epoch: 93/200	Train Loss: 3.6663	Val Accuracy: 16.52
Training Epoch: 94/200	Train Loss: 2.6133	Val Accuracy: 17.22
Training Epoch: 95/200	Train Loss: 2.811	Val Accuracy: 17.22
Training Epoch: 96/200	Train Loss: 4.6683	Val Accuracy: 17.4
Training Epoch: 97/200	Train Loss: 1.9791	Val Accuracy: 17.4
Training Epoch: 98/200	Train Loss: 4.1098	Val Accuracy: 17.06
Training Epoch: 99/200	Train Loss: 4.1094	Val Accuracy: 17.06
Training Epoch: 100/200	Train Loss: 7.825	Val Accuracy: 17.18
Training Epoch: 101/200	Train Loss: 3.0256	Val Accuracy: 17.18
Training Epoch: 102/200	Train Loss: 1.8481	Val Accuracy: 17.86
Training Epoch: 103/200	Train Loss: 1.8767	Val Accuracy: 17.86
Training Epoch: 104/200	Train Loss: 2.8573	Val Accuracy: 18.62
Training Epoch: 105/200	Train Loss: 2.9335	Val Accuracy: 18.62
Training Epoch: 106/200	Train Loss: 3.2506	Val Accuracy: 18.32
Training Epoch: 107/200	Train Loss: 2.9617	Val Accuracy: 18.32
Training Epoch: 108/200	Train Loss: 4.2948	Val Accuracy: 18.72
Training Epoch: 109/200	Train Loss: 3.0283	Val Accuracy: 18.72
Training Epoch: 110/200	Train Loss: 3.0864	Val Accuracy: 19.5
Training Epoch: 111/200	Train Loss: 1.7831	Val Accuracy: 19.5
Training Epoch: 112/200	Train Loss: 3.6649	Val Accuracy: 19.06
Training Epoch: 113/200	Train Loss: 4.5165	Val Accuracy: 19.06
Training Epoch: 114/200	Train Loss: 4.584	Val Accuracy: 18.04
Training Epoch: 115/200	Train Loss: 3.3279	Val Accuracy: 18.04
Training Epoch: 116/200	Train Loss: 2.5132	Val Accuracy: 17.82
Training Epoch: 117/200	Train Loss: 1.8178	Val Accuracy: 17.82
Training Epoch: 118/200	Train Loss: 2.819	Val Accuracy: 17.78
Training Epoch: 119/200	Train Loss: 3.5562	Val Accuracy: 17.78
Training Epoch: 120/200	Train Loss: 1.9035	Val Accuracy: 18.28
Training Epoch: 121/200	Train Loss: 1.6795	Val Accuracy: 18.28
Training Epoch: 122/200	Train Loss: 1.7212	Val Accuracy: 18.44
Training Epoch: 123/200	Train Loss: 2.9842	Val Accuracy: 18.44
Training Epoch: 124/200	Train Loss: 2.8022	Val Accuracy: 18.84
Training Epoch: 125/200	Train Loss: 3.941	Val Accuracy: 18.84
Training Epoch: 126/200	Train Loss: 3.4503	Val Accuracy: 19.18
Training Epoch: 127/200	Train Loss: 1.7661	Val Accuracy: 19.18
Training Epoch: 128/200	Train Loss: 4.0148	Val Accuracy: 18.82
Training Epoch: 129/200	Train Loss: 4.4018	Val Accuracy: 18.82
Training Epoch: 130/200	Train Loss: 3.6239	Val Accuracy: 19.08
Training Epoch: 131/200	Train Loss: 1.8745	Val Accuracy: 19.08
Training Epoch: 132/200	Train Loss: 1.7154	Val Accuracy: 19.88
Training Epoch: 133/200	Train Loss: 1.6183	Val Accuracy: 19.88
Training Epoch: 134/200	Train Loss: 1.9255	Val Accuracy: 19.8
Training Epoch: 135/200	Train Loss: 1.63	Val Accuracy: 19.8
Training Epoch: 136/200	Train Loss: 1.7572	Val Accuracy: 19.88
Training Epoch: 137/200	Train Loss: 1.5641	Val Accuracy: 19.88
Training Epoch: 138/200	Train Loss: 2.0368	Val Accuracy: 19.1
Training Epoch: 139/200	Train Loss: 1.9152	Val Accuracy: 19.1
Training Epoch: 140/200	Train Loss: 2.1903	Val Accuracy: 19.22
Training Epoch: 141/200	Train Loss: 3.3363	Val Accuracy: 19.22
Training Epoch: 142/200	Train Loss: 2.0509	Val Accuracy: 18.92
Training Epoch: 143/200	Train Loss: 1.583	Val Accuracy: 18.92
Training Epoch: 144/200	Train Loss: 1.7063	Val Accuracy: 19.06
Training Epoch: 145/200	Train Loss: 2.0203	Val Accuracy: 19.06
Training Epoch: 146/200	Train Loss: 1.6286	Val Accuracy: 18.26
Training Epoch: 147/200	Train Loss: 2.0305	Val Accuracy: 18.26
Training Epoch: 148/200	Train Loss: 3.5725	Val Accuracy: 19.08
Training Epoch: 149/200	Train Loss: 2.7744	Val Accuracy: 19.08
Training Epoch: 150/200	Train Loss: 2.1055	Val Accuracy: 18.58
Training Epoch: 151/200	Train Loss: 1.6681	Val Accuracy: 18.58
Training Epoch: 152/200	Train Loss: 1.6345	Val Accuracy: 19.66
Training Epoch: 153/200	Train Loss: 3.0173	Val Accuracy: 19.66
Training Epoch: 154/200	Train Loss: 2.5136	Val Accuracy: 21.12
Training Epoch: 155/200	Train Loss: 1.7181	Val Accuracy: 21.12
Training Epoch: 156/200	Train Loss: 1.6847	Val Accuracy: 20.58
Training Epoch: 157/200	Train Loss: 1.4574	Val Accuracy: 20.58
Training Epoch: 158/200	Train Loss: 1.6562	Val Accuracy: 20.78
Training Epoch: 159/200	Train Loss: 1.5461	Val Accuracy: 20.78
Training Epoch: 160/200	Train Loss: 2.1272	Val Accuracy: 20.72
Training Epoch: 161/200	Train Loss: 2.637	Val Accuracy: 20.72
Training Epoch: 162/200	Train Loss: 2.8482	Val Accuracy: 20.56
Training Epoch: 163/200	Train Loss: 1.5774	Val Accuracy: 20.56
Training Epoch: 164/200	Train Loss: 2.4204	Val Accuracy: 21.1
Training Epoch: 165/200	Train Loss: 2.6558	Val Accuracy: 21.1
Training Epoch: 166/200	Train Loss: 1.5503	Val Accuracy: 21.84
Training Epoch: 167/200	Train Loss: 1.7422	Val Accuracy: 21.84
Training Epoch: 168/200	Train Loss: 1.6715	Val Accuracy: 21.62
Training Epoch: 169/200	Train Loss: 1.8986	Val Accuracy: 21.62
Training Epoch: 170/200	Train Loss: 2.2891	Val Accuracy: 21.04
Training Epoch: 171/200	Train Loss: 1.8393	Val Accuracy: 21.04
Training Epoch: 172/200	Train Loss: 1.4882	Val Accuracy: 21.62
Training Epoch: 173/200	Train Loss: 1.7522	Val Accuracy: 21.62
Training Epoch: 174/200	Train Loss: 1.4582	Val Accuracy: 21.28
Training Epoch: 175/200	Train Loss: 1.586	Val Accuracy: 21.28
Training Epoch: 176/200	Train Loss: 1.5674	Val Accuracy: 20.7
Training Epoch: 177/200	Train Loss: 1.8656	Val Accuracy: 20.7
Training Epoch: 178/200	Train Loss: 1.9887	Val Accuracy: 20.62
Training Epoch: 179/200	Train Loss: 1.5693	Val Accuracy: 20.62
Training Epoch: 180/200	Train Loss: 3.019	Val Accuracy: 21.16
Training Epoch: 181/200	Train Loss: 2.6131	Val Accuracy: 21.16
Training Epoch: 182/200	Train Loss: 2.4845	Val Accuracy: 21.06
Training Epoch: 183/200	Train Loss: 1.6135	Val Accuracy: 21.06
Training Epoch: 184/200	Train Loss: 1.6804	Val Accuracy: 21.04
Training Epoch: 185/200	Train Loss: 2.3655	Val Accuracy: 21.04
Training Epoch: 186/200	Train Loss: 3.1294	Val Accuracy: 20.76
Training Epoch: 187/200	Train Loss: 1.7454	Val Accuracy: 20.76
Training Epoch: 188/200	Train Loss: 1.5089	Val Accuracy: 20.84
Training Epoch: 189/200	Train Loss: 1.6124	Val Accuracy: 20.84
Training Epoch: 190/200	Train Loss: 1.5047	Val Accuracy: 20.48
Training Epoch: 191/200	Train Loss: 1.5859	Val Accuracy: 20.48
Training Epoch: 192/200	Train Loss: 1.9855	Val Accuracy: 20.44
Training Epoch: 193/200	Train Loss: 1.5686	Val Accuracy: 20.44
Training Epoch: 194/200	Train Loss: 1.8924	Val Accuracy: 20.98
Training Epoch: 195/200	Train Loss: 1.8725	Val Accuracy: 20.98
Training Epoch: 196/200	Train Loss: 2.569	Val Accuracy: 20.8
Training Epoch: 197/200	Train Loss: 1.4685	Val Accuracy: 20.8
Training Epoch: 198/200	Train Loss: 1.5573	Val Accuracy: 21.08
Training Epoch: 199/200	Train Loss: 2.2471	Val Accuracy: 21.08
Training Epoch: 200/200	Train Loss: 2.3746	Val Accuracy: 21.38

Wrote Best Model Checkpoint to: vlBest_acc_21_model_epoch_0166.pyth

Best Validation Accuracy: 21.84
Best Epoch: 166

======== TESTING ========

Test Accuracy: 21.25.

======== ACTIVE SAMPLING ========

len(uSetLoader): 448
u_ranks.shape: (44750,)
Active Sampling Complete. After Episode 4:
New Labeled Set: 300, New Unlabeled Set: 44700, Active Set: 50

================================


Current accuracy values:  [18.319999999999993, 20.549999999999997, 17.75, 27.439999122619625, 21.25]
Starting model from scratch - ignoring existing weights.
<All keys matched successfully>
None
======== EPISODE 5 BEGINS ========

======== TRAINING ========
Training Epoch: 1/200	Train Loss: 21.8083	Val Accuracy: 0.0
Training Epoch: 2/200	Train Loss: 13.6439	Val Accuracy: 9.94
Training Epoch: 3/200	Train Loss: 7.6844	Val Accuracy: 9.94
Training Epoch: 4/200	Train Loss: 6.4659	Val Accuracy: 9.74
Training Epoch: 5/200	Train Loss: 4.2397	Val Accuracy: 9.74
Training Epoch: 6/200	Train Loss: 7.2969	Val Accuracy: 9.82
Training Epoch: 7/200	Train Loss: 6.6294	Val Accuracy: 9.82
Training Epoch: 8/200	Train Loss: 5.8781	Val Accuracy: 9.8
Training Epoch: 9/200	Train Loss: 6.9916	Val Accuracy: 9.8
Training Epoch: 10/200	Train Loss: 2.7907	Val Accuracy: 12.78
Training Epoch: 11/200	Train Loss: 4.0784	Val Accuracy: 12.78
Training Epoch: 12/200	Train Loss: 3.5776	Val Accuracy: 12.8
Training Epoch: 13/200	Train Loss: 7.3739	Val Accuracy: 12.8
Training Epoch: 14/200	Train Loss: 2.7316	Val Accuracy: 10.72
Training Epoch: 15/200	Train Loss: 8.42	Val Accuracy: 10.72
Training Epoch: 16/200	Train Loss: 7.3591	Val Accuracy: 9.64
Training Epoch: 17/200	Train Loss: 3.3594	Val Accuracy: 9.64
Training Epoch: 18/200	Train Loss: 3.0436	Val Accuracy: 11.0
Training Epoch: 19/200	Train Loss: 4.9621	Val Accuracy: 11.0
Training Epoch: 20/200	Train Loss: 5.287	Val Accuracy: 10.88
Training Epoch: 21/200	Train Loss: 6.18	Val Accuracy: 10.88
Training Epoch: 22/200	Train Loss: 2.037	Val Accuracy: 11.26
Training Epoch: 23/200	Train Loss: 2.1963	Val Accuracy: 11.26
Training Epoch: 24/200	Train Loss: 2.2071	Val Accuracy: 12.16
Training Epoch: 25/200	Train Loss: 7.3124	Val Accuracy: 12.16
Training Epoch: 26/200	Train Loss: 3.8665	Val Accuracy: 11.5
Training Epoch: 27/200	Train Loss: 3.3205	Val Accuracy: 11.5
Training Epoch: 28/200	Train Loss: 3.6587	Val Accuracy: 11.08
Training Epoch: 29/200	Train Loss: 2.0759	Val Accuracy: 11.08
Training Epoch: 30/200	Train Loss: 4.4671	Val Accuracy: 10.66
Training Epoch: 31/200	Train Loss: 3.9987	Val Accuracy: 10.66
Training Epoch: 32/200	Train Loss: 3.7648	Val Accuracy: 12.1
Training Epoch: 33/200	Train Loss: 2.4687	Val Accuracy: 12.1
Training Epoch: 34/200	Train Loss: 2.0635	Val Accuracy: 11.24
Training Epoch: 35/200	Train Loss: 2.9204	Val Accuracy: 11.24
Training Epoch: 36/200	Train Loss: 3.2535	Val Accuracy: 10.48
Training Epoch: 37/200	Train Loss: 2.9378	Val Accuracy: 10.48
Training Epoch: 38/200	Train Loss: 1.9422	Val Accuracy: 12.44
Training Epoch: 39/200	Train Loss: 2.3285	Val Accuracy: 12.44
Training Epoch: 40/200	Train Loss: 3.492	Val Accuracy: 14.38
Training Epoch: 41/200	Train Loss: 4.0908	Val Accuracy: 14.38
Training Epoch: 42/200	Train Loss: 3.7079	Val Accuracy: 16.54
Training Epoch: 43/200	Train Loss: 4.02	Val Accuracy: 16.54
Training Epoch: 44/200	Train Loss: 3.0935	Val Accuracy: 15.9
Training Epoch: 45/200	Train Loss: 2.0656	Val Accuracy: 15.9
Training Epoch: 46/200	Train Loss: 3.6694	Val Accuracy: 14.28
Training Epoch: 47/200	Train Loss: 4.4336	Val Accuracy: 14.28
Training Epoch: 48/200	Train Loss: 2.7388	Val Accuracy: 15.58
Training Epoch: 49/200	Train Loss: 5.4137	Val Accuracy: 15.58
Training Epoch: 50/200	Train Loss: 4.4628	Val Accuracy: 16.46
Training Epoch: 51/200	Train Loss: 2.873	Val Accuracy: 16.46
Training Epoch: 52/200	Train Loss: 2.9967	Val Accuracy: 16.94
Training Epoch: 53/200	Train Loss: 2.0441	Val Accuracy: 16.94
Training Epoch: 54/200	Train Loss: 2.6951	Val Accuracy: 16.3
Training Epoch: 55/200	Train Loss: 4.1835	Val Accuracy: 16.3
Training Epoch: 56/200	Train Loss: 5.2636	Val Accuracy: 15.48
Training Epoch: 57/200	Train Loss: 2.2322	Val Accuracy: 15.48
Training Epoch: 58/200	Train Loss: 1.9129	Val Accuracy: 15.94
Training Epoch: 59/200	Train Loss: 1.9421	Val Accuracy: 15.94
Training Epoch: 60/200	Train Loss: 2.2608	Val Accuracy: 16.54
Training Epoch: 61/200	Train Loss: 2.2181	Val Accuracy: 16.54
Training Epoch: 62/200	Train Loss: 3.5117	Val Accuracy: 18.42
Training Epoch: 63/200	Train Loss: 3.6073	Val Accuracy: 18.42
Training Epoch: 64/200	Train Loss: 2.2959	Val Accuracy: 17.98
Training Epoch: 65/200	Train Loss: 1.9952	Val Accuracy: 17.98
Training Epoch: 66/200	Train Loss: 3.4744	Val Accuracy: 19.26
Training Epoch: 67/200	Train Loss: 3.0171	Val Accuracy: 19.26
Training Epoch: 68/200	Train Loss: 2.8132	Val Accuracy: 20.28
Training Epoch: 69/200	Train Loss: 1.6637	Val Accuracy: 20.28
Training Epoch: 70/200	Train Loss: 1.9057	Val Accuracy: 21.32
Training Epoch: 71/200	Train Loss: 1.8699	Val Accuracy: 21.32
Training Epoch: 72/200	Train Loss: 2.234	Val Accuracy: 22.3
Training Epoch: 73/200	Train Loss: 2.8718	Val Accuracy: 22.3
Training Epoch: 74/200	Train Loss: 1.7189	Val Accuracy: 23.24
Training Epoch: 75/200	Train Loss: 1.9506	Val Accuracy: 23.24
Training Epoch: 76/200	Train Loss: 2.5526	Val Accuracy: 21.54
Training Epoch: 77/200	Train Loss: 1.7608	Val Accuracy: 21.54
Training Epoch: 78/200	Train Loss: 3.1255	Val Accuracy: 21.92
Training Epoch: 79/200	Train Loss: 1.9949	Val Accuracy: 21.92
Training Epoch: 80/200	Train Loss: 1.8915	Val Accuracy: 22.7
Training Epoch: 81/200	Train Loss: 1.8679	Val Accuracy: 22.7
Training Epoch: 82/200	Train Loss: 2.2901	Val Accuracy: 23.24
Training Epoch: 83/200	Train Loss: 1.746	Val Accuracy: 23.24
Training Epoch: 84/200	Train Loss: 2.1065	Val Accuracy: 23.32
Training Epoch: 85/200	Train Loss: 2.2447	Val Accuracy: 23.32
Training Epoch: 86/200	Train Loss: 3.0231	Val Accuracy: 16.4
Training Epoch: 87/200	Train Loss: 2.3681	Val Accuracy: 16.4
Training Epoch: 88/200	Train Loss: 1.7922	Val Accuracy: 17.32
Training Epoch: 89/200	Train Loss: 2.4837	Val Accuracy: 17.32
Training Epoch: 90/200	Train Loss: 2.7305	Val Accuracy: 19.44
Training Epoch: 91/200	Train Loss: 2.2641	Val Accuracy: 19.44
Training Epoch: 92/200	Train Loss: 2.7767	Val Accuracy: 21.94
Training Epoch: 93/200	Train Loss: 3.0279	Val Accuracy: 21.94
Training Epoch: 94/200	Train Loss: 2.0746	Val Accuracy: 23.46
Training Epoch: 95/200	Train Loss: 2.786	Val Accuracy: 23.46
Training Epoch: 96/200	Train Loss: 2.6885	Val Accuracy: 23.38
Training Epoch: 97/200	Train Loss: 1.5909	Val Accuracy: 23.38
Training Epoch: 98/200	Train Loss: 3.5237	Val Accuracy: 23.44
Training Epoch: 99/200	Train Loss: 1.9281	Val Accuracy: 23.44
Training Epoch: 100/200	Train Loss: 2.0852	Val Accuracy: 23.1
Training Epoch: 101/200	Train Loss: 1.9642	Val Accuracy: 23.1
Training Epoch: 102/200	Train Loss: 3.1787	Val Accuracy: 23.38
Training Epoch: 103/200	Train Loss: 2.5064	Val Accuracy: 23.38
Training Epoch: 104/200	Train Loss: 2.4064	Val Accuracy: 22.16
Training Epoch: 105/200	Train Loss: 2.0717	Val Accuracy: 22.16
Training Epoch: 106/200	Train Loss: 1.688	Val Accuracy: 22.98
Training Epoch: 107/200	Train Loss: 2.6837	Val Accuracy: 22.98
Training Epoch: 108/200	Train Loss: 1.7388	Val Accuracy: 24.08
Training Epoch: 109/200	Train Loss: 2.2784	Val Accuracy: 24.08
Training Epoch: 110/200	Train Loss: 2.3172	Val Accuracy: 23.88
Training Epoch: 111/200	Train Loss: 2.9163	Val Accuracy: 23.88
Training Epoch: 112/200	Train Loss: 2.0462	Val Accuracy: 25.1
Training Epoch: 113/200	Train Loss: 2.0667	Val Accuracy: 25.1
Training Epoch: 114/200	Train Loss: 1.4102	Val Accuracy: 24.6
Training Epoch: 115/200	Train Loss: 2.3299	Val Accuracy: 24.6
Training Epoch: 116/200	Train Loss: 1.6048	Val Accuracy: 25.32
Training Epoch: 117/200	Train Loss: 2.2293	Val Accuracy: 25.32
Training Epoch: 118/200	Train Loss: 1.7655	Val Accuracy: 25.56
Training Epoch: 119/200	Train Loss: 1.4669	Val Accuracy: 25.56
Training Epoch: 120/200	Train Loss: 2.1486	Val Accuracy: 26.52
Training Epoch: 121/200	Train Loss: 1.5444	Val Accuracy: 26.52
Training Epoch: 122/200	Train Loss: 1.2661	Val Accuracy: 26.42
Training Epoch: 123/200	Train Loss: 1.2625	Val Accuracy: 26.42
Training Epoch: 124/200	Train Loss: 1.3972	Val Accuracy: 26.62
Training Epoch: 125/200	Train Loss: 1.1673	Val Accuracy: 26.62
Training Epoch: 126/200	Train Loss: 1.2789	Val Accuracy: 25.52
Training Epoch: 127/200	Train Loss: 1.7242	Val Accuracy: 25.52
Training Epoch: 128/200	Train Loss: 1.7731	Val Accuracy: 25.94
Training Epoch: 129/200	Train Loss: 3.3059	Val Accuracy: 25.94
Training Epoch: 130/200	Train Loss: 1.5073	Val Accuracy: 26.96
Training Epoch: 131/200	Train Loss: 1.3288	Val Accuracy: 26.96
Training Epoch: 132/200	Train Loss: 1.163	Val Accuracy: 26.46
Training Epoch: 133/200	Train Loss: 1.2267	Val Accuracy: 26.46
Training Epoch: 134/200	Train Loss: 1.2709	Val Accuracy: 25.68
Training Epoch: 135/200	Train Loss: 1.8759	Val Accuracy: 25.68
Training Epoch: 136/200	Train Loss: 2.2901	Val Accuracy: 27.24
Training Epoch: 137/200	Train Loss: 1.2543	Val Accuracy: 27.24
Training Epoch: 138/200	Train Loss: 1.0419	Val Accuracy: 27.26
Training Epoch: 139/200	Train Loss: 2.2377	Val Accuracy: 27.26
Training Epoch: 140/200	Train Loss: 1.3386	Val Accuracy: 26.72
Training Epoch: 141/200	Train Loss: 1.1734	Val Accuracy: 26.72
Training Epoch: 142/200	Train Loss: 1.7092	Val Accuracy: 26.64
Training Epoch: 143/200	Train Loss: 1.8695	Val Accuracy: 26.64
Training Epoch: 144/200	Train Loss: 1.6576	Val Accuracy: 26.06
Training Epoch: 145/200	Train Loss: 1.4006	Val Accuracy: 26.06
Training Epoch: 146/200	Train Loss: 1.3038	Val Accuracy: 26.08
Training Epoch: 147/200	Train Loss: 1.3004	Val Accuracy: 26.08
Training Epoch: 148/200	Train Loss: 1.2554	Val Accuracy: 26.42
Training Epoch: 149/200	Train Loss: 1.731	Val Accuracy: 26.42
Training Epoch: 150/200	Train Loss: 1.0397	Val Accuracy: 27.24
Training Epoch: 151/200	Train Loss: 1.9044	Val Accuracy: 27.24
Training Epoch: 152/200	Train Loss: 1.0602	Val Accuracy: 26.78
Training Epoch: 153/200	Train Loss: 0.8754	Val Accuracy: 26.78
Training Epoch: 154/200	Train Loss: 1.0788	Val Accuracy: 27.6
Training Epoch: 155/200	Train Loss: 1.9868	Val Accuracy: 27.6
Training Epoch: 156/200	Train Loss: 2.6274	Val Accuracy: 27.2
Training Epoch: 157/200	Train Loss: 1.5662	Val Accuracy: 27.2
Training Epoch: 158/200	Train Loss: 1.405	Val Accuracy: 27.86
Training Epoch: 159/200	Train Loss: 0.9634	Val Accuracy: 27.86
Training Epoch: 160/200	Train Loss: 1.7237	Val Accuracy: 26.14
Training Epoch: 161/200	Train Loss: 0.7684	Val Accuracy: 26.14
Training Epoch: 162/200	Train Loss: 1.0978	Val Accuracy: 27.76
Training Epoch: 163/200	Train Loss: 0.6482	Val Accuracy: 27.76
Training Epoch: 164/200	Train Loss: 1.0136	Val Accuracy: 27.42
Training Epoch: 165/200	Train Loss: 1.0064	Val Accuracy: 27.42
Training Epoch: 166/200	Train Loss: 0.8445	Val Accuracy: 27.34
Training Epoch: 167/200	Train Loss: 0.9046	Val Accuracy: 27.34
Training Epoch: 168/200	Train Loss: 1.1893	Val Accuracy: 26.66
Training Epoch: 169/200	Train Loss: 0.7365	Val Accuracy: 26.66
Training Epoch: 170/200	Train Loss: 1.1362	Val Accuracy: 27.2
Training Epoch: 171/200	Train Loss: 0.8647	Val Accuracy: 27.2
Training Epoch: 172/200	Train Loss: 0.7409	Val Accuracy: 26.44
Training Epoch: 173/200	Train Loss: 0.7529	Val Accuracy: 26.44
Training Epoch: 174/200	Train Loss: 0.8417	Val Accuracy: 27.22
Training Epoch: 175/200	Train Loss: 0.9147	Val Accuracy: 27.22
Training Epoch: 176/200	Train Loss: 1.3224	Val Accuracy: 26.96
Training Epoch: 177/200	Train Loss: 1.4932	Val Accuracy: 26.96
Training Epoch: 178/200	Train Loss: 0.6877	Val Accuracy: 27.22
Training Epoch: 179/200	Train Loss: 0.8359	Val Accuracy: 27.22
Training Epoch: 180/200	Train Loss: 0.7972	Val Accuracy: 26.66
Training Epoch: 181/200	Train Loss: 0.6108	Val Accuracy: 26.66
Training Epoch: 182/200	Train Loss: 0.5608	Val Accuracy: 27.28
Training Epoch: 183/200	Train Loss: 0.9733	Val Accuracy: 27.28
Training Epoch: 184/200	Train Loss: 0.7965	Val Accuracy: 27.82
Training Epoch: 185/200	Train Loss: 1.193	Val Accuracy: 27.82
Training Epoch: 186/200	Train Loss: 0.8346	Val Accuracy: 27.06
Training Epoch: 187/200	Train Loss: 0.6338	Val Accuracy: 27.06
Training Epoch: 188/200	Train Loss: 1.977	Val Accuracy: 27.7
Training Epoch: 189/200	Train Loss: 0.827	Val Accuracy: 27.7
Training Epoch: 190/200	Train Loss: 1.2071	Val Accuracy: 27.22
Training Epoch: 191/200	Train Loss: 0.7059	Val Accuracy: 27.22
Training Epoch: 192/200	Train Loss: 0.6036	Val Accuracy: 27.1
Training Epoch: 193/200	Train Loss: 1.546	Val Accuracy: 27.1
Training Epoch: 194/200	Train Loss: 0.5904	Val Accuracy: 27.34
Training Epoch: 195/200	Train Loss: 0.5329	Val Accuracy: 27.34
Training Epoch: 196/200	Train Loss: 0.6693	Val Accuracy: 27.42
Training Epoch: 197/200	Train Loss: 0.5133	Val Accuracy: 27.42
Training Epoch: 198/200	Train Loss: 1.2377	Val Accuracy: 27.0
Training Epoch: 199/200	Train Loss: 0.6428	Val Accuracy: 27.0
Training Epoch: 200/200	Train Loss: 1.2897	Val Accuracy: 26.76

Wrote Best Model Checkpoint to: vlBest_acc_27_model_epoch_0158.pyth

Best Validation Accuracy: 27.86
Best Epoch: 158

======== TESTING ========

Test Accuracy: 27.69.

======== ACTIVE SAMPLING ========

len(uSetLoader): 447
u_ranks.shape: (44700,)
Active Sampling Complete. After Episode 5:
New Labeled Set: 350, New Unlabeled Set: 44650, Active Set: 50

================================


Current accuracy values:  [18.319999999999993, 20.549999999999997, 17.75, 27.439999122619625, 21.25, 27.689999504089357]
Starting model from scratch - ignoring existing weights.
<All keys matched successfully>
None
======== EPISODE 6 BEGINS ========

======== TRAINING ========
Training Epoch: 1/200	Train Loss: 14.4887	Val Accuracy: 0.0
Training Epoch: 2/200	Train Loss: 17.7978	Val Accuracy: 9.56
Training Epoch: 3/200	Train Loss: 6.4867	Val Accuracy: 9.56
Training Epoch: 4/200	Train Loss: 18.6353	Val Accuracy: 9.82
Training Epoch: 5/200	Train Loss: 9.4669	Val Accuracy: 9.82
Training Epoch: 6/200	Train Loss: 4.2065	Val Accuracy: 9.82
Training Epoch: 7/200	Train Loss: 4.8647	Val Accuracy: 9.82
Training Epoch: 8/200	Train Loss: 3.926	Val Accuracy: 9.68
Training Epoch: 9/200	Train Loss: 3.5304	Val Accuracy: 9.68
Training Epoch: 10/200	Train Loss: 4.0758	Val Accuracy: 11.36
Training Epoch: 11/200	Train Loss: 13.9685	Val Accuracy: 11.36
Training Epoch: 12/200	Train Loss: 4.9783	Val Accuracy: 14.28
Training Epoch: 13/200	Train Loss: 6.5489	Val Accuracy: 14.28
Training Epoch: 14/200	Train Loss: 3.0852	Val Accuracy: 11.3
Training Epoch: 15/200	Train Loss: 5.3681	Val Accuracy: 11.3
Training Epoch: 16/200	Train Loss: 4.8653	Val Accuracy: 12.92
Training Epoch: 17/200	Train Loss: 4.2254	Val Accuracy: 12.92
Training Epoch: 18/200	Train Loss: 5.1948	Val Accuracy: 10.6
Training Epoch: 19/200	Train Loss: 3.596	Val Accuracy: 10.6
Training Epoch: 20/200	Train Loss: 3.3481	Val Accuracy: 13.04
Training Epoch: 21/200	Train Loss: 4.5247	Val Accuracy: 13.04
Training Epoch: 22/200	Train Loss: 3.7867	Val Accuracy: 13.98
Training Epoch: 23/200	Train Loss: 2.5775	Val Accuracy: 13.98
Training Epoch: 24/200	Train Loss: 2.3836	Val Accuracy: 15.24
Training Epoch: 25/200	Train Loss: 2.6146	Val Accuracy: 15.24
Training Epoch: 26/200	Train Loss: 5.4616	Val Accuracy: 12.54
Training Epoch: 27/200	Train Loss: 4.7177	Val Accuracy: 12.54
Training Epoch: 28/200	Train Loss: 3.1287	Val Accuracy: 13.9
Training Epoch: 29/200	Train Loss: 4.1117	Val Accuracy: 13.9
Training Epoch: 30/200	Train Loss: 5.7843	Val Accuracy: 15.78
Training Epoch: 31/200	Train Loss: 4.8327	Val Accuracy: 15.78
Training Epoch: 32/200	Train Loss: 5.0337	Val Accuracy: 15.58
Training Epoch: 33/200	Train Loss: 2.1419	Val Accuracy: 15.58
Training Epoch: 34/200	Train Loss: 2.3941	Val Accuracy: 16.06
Training Epoch: 35/200	Train Loss: 7.9127	Val Accuracy: 16.06
Training Epoch: 36/200	Train Loss: 2.607	Val Accuracy: 17.36
Training Epoch: 37/200	Train Loss: 3.9471	Val Accuracy: 17.36
Training Epoch: 38/200	Train Loss: 4.77	Val Accuracy: 16.32
Training Epoch: 39/200	Train Loss: 5.5173	Val Accuracy: 16.32
Training Epoch: 40/200	Train Loss: 4.9981	Val Accuracy: 17.46
Training Epoch: 41/200	Train Loss: 3.1013	Val Accuracy: 17.46
Training Epoch: 42/200	Train Loss: 4.5485	Val Accuracy: 17.24
Training Epoch: 43/200	Train Loss: 6.1387	Val Accuracy: 17.24
Training Epoch: 44/200	Train Loss: 3.4521	Val Accuracy: 16.72
Training Epoch: 45/200	Train Loss: 3.7978	Val Accuracy: 16.72
Training Epoch: 46/200	Train Loss: 2.9201	Val Accuracy: 17.38
Training Epoch: 47/200	Train Loss: 2.258	Val Accuracy: 17.38
Training Epoch: 48/200	Train Loss: 4.7903	Val Accuracy: 17.5
Training Epoch: 49/200	Train Loss: 2.8714	Val Accuracy: 17.5
Training Epoch: 50/200	Train Loss: 3.3862	Val Accuracy: 18.36
Training Epoch: 51/200	Train Loss: 3.6004	Val Accuracy: 18.36
Training Epoch: 52/200	Train Loss: 5.7991	Val Accuracy: 16.92
Training Epoch: 53/200	Train Loss: 3.0353	Val Accuracy: 16.92
Training Epoch: 54/200	Train Loss: 2.6882	Val Accuracy: 17.9
Training Epoch: 55/200	Train Loss: 4.8101	Val Accuracy: 17.9
Training Epoch: 56/200	Train Loss: 4.1069	Val Accuracy: 18.0
Training Epoch: 57/200	Train Loss: 1.757	Val Accuracy: 18.0
Training Epoch: 58/200	Train Loss: 3.9346	Val Accuracy: 17.4
Training Epoch: 59/200	Train Loss: 3.3011	Val Accuracy: 17.4
Training Epoch: 60/200	Train Loss: 2.5298	Val Accuracy: 18.62
Training Epoch: 61/200	Train Loss: 5.1615	Val Accuracy: 18.62
Training Epoch: 62/200	Train Loss: 1.8648	Val Accuracy: 18.74
Training Epoch: 63/200	Train Loss: 3.2161	Val Accuracy: 18.74
Training Epoch: 64/200	Train Loss: 2.6708	Val Accuracy: 18.88
Training Epoch: 65/200	Train Loss: 2.9155	Val Accuracy: 18.88
Training Epoch: 66/200	Train Loss: 2.198	Val Accuracy: 18.76
Training Epoch: 67/200	Train Loss: 2.417	Val Accuracy: 18.76
Training Epoch: 68/200	Train Loss: 1.6494	Val Accuracy: 18.38
Training Epoch: 69/200	Train Loss: 2.3048	Val Accuracy: 18.38
Training Epoch: 70/200	Train Loss: 2.9254	Val Accuracy: 19.18
Training Epoch: 71/200	Train Loss: 2.1151	Val Accuracy: 19.18
Training Epoch: 72/200	Train Loss: 3.9427	Val Accuracy: 19.22
Training Epoch: 73/200	Train Loss: 3.6671	Val Accuracy: 19.22
Training Epoch: 74/200	Train Loss: 2.3819	Val Accuracy: 20.44
Training Epoch: 75/200	Train Loss: 1.754	Val Accuracy: 20.44
Training Epoch: 76/200	Train Loss: 2.209	Val Accuracy: 20.92
Training Epoch: 77/200	Train Loss: 1.6985	Val Accuracy: 20.92
Training Epoch: 78/200	Train Loss: 3.7846	Val Accuracy: 21.9
Training Epoch: 79/200	Train Loss: 1.9155	Val Accuracy: 21.9
Training Epoch: 80/200	Train Loss: 2.5227	Val Accuracy: 22.64
Training Epoch: 81/200	Train Loss: 3.1694	Val Accuracy: 22.64
Training Epoch: 82/200	Train Loss: 2.4014	Val Accuracy: 22.4
Training Epoch: 83/200	Train Loss: 2.366	Val Accuracy: 22.4
Training Epoch: 84/200	Train Loss: 2.1378	Val Accuracy: 22.7
Training Epoch: 85/200	Train Loss: 1.7096	Val Accuracy: 22.7
Training Epoch: 86/200	Train Loss: 3.815	Val Accuracy: 22.44
Training Epoch: 87/200	Train Loss: 1.9223	Val Accuracy: 22.44
Training Epoch: 88/200	Train Loss: 4.0094	Val Accuracy: 22.32
Training Epoch: 89/200	Train Loss: 3.1122	Val Accuracy: 22.32
Training Epoch: 90/200	Train Loss: 2.0808	Val Accuracy: 23.46
Training Epoch: 91/200	Train Loss: 1.9315	Val Accuracy: 23.46
Training Epoch: 92/200	Train Loss: 3.2136	Val Accuracy: 23.98
Training Epoch: 93/200	Train Loss: 2.4579	Val Accuracy: 23.98
Training Epoch: 94/200	Train Loss: 1.7742	Val Accuracy: 24.66
Training Epoch: 95/200	Train Loss: 2.7757	Val Accuracy: 24.66
Training Epoch: 96/200	Train Loss: 2.0116	Val Accuracy: 25.34
Training Epoch: 97/200	Train Loss: 1.9494	Val Accuracy: 25.34
Training Epoch: 98/200	Train Loss: 1.3445	Val Accuracy: 26.3
Training Epoch: 99/200	Train Loss: 1.5964	Val Accuracy: 26.3
Training Epoch: 100/200	Train Loss: 1.7505	Val Accuracy: 25.26
Training Epoch: 101/200	Train Loss: 3.4187	Val Accuracy: 25.26
Training Epoch: 102/200	Train Loss: 3.1309	Val Accuracy: 25.26
Training Epoch: 103/200	Train Loss: 2.9058	Val Accuracy: 25.26
Training Epoch: 104/200	Train Loss: 1.6096	Val Accuracy: 25.34
Training Epoch: 105/200	Train Loss: 1.4967	Val Accuracy: 25.34
Training Epoch: 106/200	Train Loss: 2.6802	Val Accuracy: 24.64
Training Epoch: 107/200	Train Loss: 1.6184	Val Accuracy: 24.64
Training Epoch: 108/200	Train Loss: 2.079	Val Accuracy: 24.68
Training Epoch: 109/200	Train Loss: 2.0285	Val Accuracy: 24.68
Training Epoch: 110/200	Train Loss: 3.4412	Val Accuracy: 24.2
Training Epoch: 111/200	Train Loss: 1.3371	Val Accuracy: 24.2
Training Epoch: 112/200	Train Loss: 2.6102	Val Accuracy: 25.18
Training Epoch: 113/200	Train Loss: 1.8164	Val Accuracy: 25.18
Training Epoch: 114/200	Train Loss: 2.0512	Val Accuracy: 25.7
Training Epoch: 115/200	Train Loss: 3.8208	Val Accuracy: 25.7
Training Epoch: 116/200	Train Loss: 2.4066	Val Accuracy: 25.96
Training Epoch: 117/200	Train Loss: 1.3163	Val Accuracy: 25.96
Training Epoch: 118/200	Train Loss: 1.565	Val Accuracy: 24.76
Training Epoch: 119/200	Train Loss: 1.8619	Val Accuracy: 24.76
Training Epoch: 120/200	Train Loss: 1.5567	Val Accuracy: 24.82
Training Epoch: 121/200	Train Loss: 2.4336	Val Accuracy: 24.82
Training Epoch: 122/200	Train Loss: 2.3594	Val Accuracy: 24.82
Training Epoch: 123/200	Train Loss: 1.4666	Val Accuracy: 24.82
Training Epoch: 124/200	Train Loss: 1.2357	Val Accuracy: 26.18
Training Epoch: 125/200	Train Loss: 1.8874	Val Accuracy: 26.18
Training Epoch: 126/200	Train Loss: 1.8162	Val Accuracy: 25.84
Training Epoch: 127/200	Train Loss: 1.1282	Val Accuracy: 25.84
Training Epoch: 128/200	Train Loss: 1.2085	Val Accuracy: 25.92
Training Epoch: 129/200	Train Loss: 0.9061	Val Accuracy: 25.92
Training Epoch: 130/200	Train Loss: 1.1052	Val Accuracy: 27.2
Training Epoch: 131/200	Train Loss: 1.1356	Val Accuracy: 27.2
Training Epoch: 132/200	Train Loss: 1.8543	Val Accuracy: 26.46
Training Epoch: 133/200	Train Loss: 0.8051	Val Accuracy: 26.46
Training Epoch: 134/200	Train Loss: 1.2266	Val Accuracy: 26.92
Training Epoch: 135/200	Train Loss: 1.047	Val Accuracy: 26.92
Training Epoch: 136/200	Train Loss: 1.1646	Val Accuracy: 27.26
Training Epoch: 137/200	Train Loss: 2.0452	Val Accuracy: 27.26
Training Epoch: 138/200	Train Loss: 1.363	Val Accuracy: 26.62
Training Epoch: 139/200	Train Loss: 1.1114	Val Accuracy: 26.62
Training Epoch: 140/200	Train Loss: 1.7479	Val Accuracy: 25.68
Training Epoch: 141/200	Train Loss: 0.985	Val Accuracy: 25.68
Training Epoch: 142/200	Train Loss: 1.8455	Val Accuracy: 26.76
Training Epoch: 143/200	Train Loss: 1.455	Val Accuracy: 26.76
Training Epoch: 144/200	Train Loss: 1.2136	Val Accuracy: 26.56
Training Epoch: 145/200	Train Loss: 1.4975	Val Accuracy: 26.56
Training Epoch: 146/200	Train Loss: 0.8968	Val Accuracy: 27.36
Training Epoch: 147/200	Train Loss: 1.4853	Val Accuracy: 27.36
Training Epoch: 148/200	Train Loss: 1.0495	Val Accuracy: 27.74
Training Epoch: 149/200	Train Loss: 1.077	Val Accuracy: 27.74
Training Epoch: 150/200	Train Loss: 1.0263	Val Accuracy: 28.04
Training Epoch: 151/200	Train Loss: 0.9386	Val Accuracy: 28.04
Training Epoch: 152/200	Train Loss: 1.6119	Val Accuracy: 27.4
Training Epoch: 153/200	Train Loss: 1.1655	Val Accuracy: 27.4
Training Epoch: 154/200	Train Loss: 0.9958	Val Accuracy: 27.34
Training Epoch: 155/200	Train Loss: 0.6001	Val Accuracy: 27.34
Training Epoch: 156/200	Train Loss: 0.8402	Val Accuracy: 27.7
Training Epoch: 157/200	Train Loss: 0.9587	Val Accuracy: 27.7
Training Epoch: 158/200	Train Loss: 0.8103	Val Accuracy: 27.36
Training Epoch: 159/200	Train Loss: 1.3832	Val Accuracy: 27.36
Training Epoch: 160/200	Train Loss: 1.1804	Val Accuracy: 27.68
Training Epoch: 161/200	Train Loss: 0.4678	Val Accuracy: 27.68
Training Epoch: 162/200	Train Loss: 0.8706	Val Accuracy: 27.4
Training Epoch: 163/200	Train Loss: 1.122	Val Accuracy: 27.4
Training Epoch: 164/200	Train Loss: 0.5418	Val Accuracy: 27.26
Training Epoch: 165/200	Train Loss: 1.3444	Val Accuracy: 27.26
Training Epoch: 166/200	Train Loss: 0.9002	Val Accuracy: 28.32
Training Epoch: 167/200	Train Loss: 0.9155	Val Accuracy: 28.32
Training Epoch: 168/200	Train Loss: 0.8505	Val Accuracy: 26.96
Training Epoch: 169/200	Train Loss: 0.7581	Val Accuracy: 26.96
Training Epoch: 170/200	Train Loss: 0.9602	Val Accuracy: 27.56
Training Epoch: 171/200	Train Loss: 1.102	Val Accuracy: 27.56
Training Epoch: 172/200	Train Loss: 0.7647	Val Accuracy: 27.32
Training Epoch: 173/200	Train Loss: 0.6286	Val Accuracy: 27.32
Training Epoch: 174/200	Train Loss: 0.6199	Val Accuracy: 27.54
Training Epoch: 175/200	Train Loss: 1.2759	Val Accuracy: 27.54
Training Epoch: 176/200	Train Loss: 0.9504	Val Accuracy: 27.4
Training Epoch: 177/200	Train Loss: 1.2541	Val Accuracy: 27.4
Training Epoch: 178/200	Train Loss: 1.1216	Val Accuracy: 27.04
Training Epoch: 179/200	Train Loss: 0.5353	Val Accuracy: 27.04
Training Epoch: 180/200	Train Loss: 0.7249	Val Accuracy: 27.6
Training Epoch: 181/200	Train Loss: 0.5839	Val Accuracy: 27.6
Training Epoch: 182/200	Train Loss: 0.4224	Val Accuracy: 28.14
Training Epoch: 183/200	Train Loss: 0.9534	Val Accuracy: 28.14
Training Epoch: 184/200	Train Loss: 0.8007	Val Accuracy: 27.94
Training Epoch: 185/200	Train Loss: 1.0701	Val Accuracy: 27.94
Training Epoch: 186/200	Train Loss: 0.9218	Val Accuracy: 27.14
Training Epoch: 187/200	Train Loss: 0.5917	Val Accuracy: 27.14
Training Epoch: 188/200	Train Loss: 0.4175	Val Accuracy: 27.5
Training Epoch: 189/200	Train Loss: 0.9352	Val Accuracy: 27.5
Training Epoch: 190/200	Train Loss: 1.3014	Val Accuracy: 28.0
Training Epoch: 191/200	Train Loss: 1.0321	Val Accuracy: 28.0
Training Epoch: 192/200	Train Loss: 1.0967	Val Accuracy: 28.1
Training Epoch: 193/200	Train Loss: 2.2639	Val Accuracy: 28.1
Training Epoch: 194/200	Train Loss: 0.3217	Val Accuracy: 28.64
Training Epoch: 195/200	Train Loss: 0.4724	Val Accuracy: 28.64
Training Epoch: 196/200	Train Loss: 0.8169	Val Accuracy: 28.56
Training Epoch: 197/200	Train Loss: 1.1056	Val Accuracy: 28.56
Training Epoch: 198/200	Train Loss: 0.8788	Val Accuracy: 27.04
Training Epoch: 199/200	Train Loss: 0.6992	Val Accuracy: 27.04
Training Epoch: 200/200	Train Loss: 0.6254	Val Accuracy: 27.76

Wrote Best Model Checkpoint to: vlBest_acc_28_model_epoch_0194.pyth

Best Validation Accuracy: 28.64
Best Epoch: 194

======== TESTING ========

Test Accuracy: 28.39.

======== ACTIVE SAMPLING ========

len(uSetLoader): 447
u_ranks.shape: (44650,)
Active Sampling Complete. After Episode 6:
New Labeled Set: 400, New Unlabeled Set: 44600, Active Set: 50

================================


Current accuracy values:  [18.319999999999993, 20.549999999999997, 17.75, 27.439999122619625, 21.25, 27.689999504089357, 28.389999389648438]
Starting model from scratch - ignoring existing weights.
<All keys matched successfully>
None
======== EPISODE 7 BEGINS ========

======== TRAINING ========
Training Epoch: 1/200	Train Loss: 21.3241	Val Accuracy: 0.0
Training Epoch: 2/200	Train Loss: 6.5622	Val Accuracy: 9.82
Training Epoch: 3/200	Train Loss: 7.4254	Val Accuracy: 9.82
Training Epoch: 4/200	Train Loss: 5.088	Val Accuracy: 10.14
Training Epoch: 5/200	Train Loss: 6.0959	Val Accuracy: 10.14
Training Epoch: 6/200	Train Loss: 5.0552	Val Accuracy: 9.88
Training Epoch: 7/200	Train Loss: 3.2079	Val Accuracy: 9.88
Training Epoch: 8/200	Train Loss: 6.5098	Val Accuracy: 9.58
Training Epoch: 9/200	Train Loss: 6.5519	Val Accuracy: 9.58
Training Epoch: 10/200	Train Loss: 9.0402	Val Accuracy: 10.54
Training Epoch: 11/200	Train Loss: 4.6651	Val Accuracy: 10.54
Training Epoch: 12/200	Train Loss: 4.5864	Val Accuracy: 9.34
Training Epoch: 13/200	Train Loss: 2.8397	Val Accuracy: 9.34
Training Epoch: 14/200	Train Loss: 3.9731	Val Accuracy: 9.9
Training Epoch: 15/200	Train Loss: 2.7891	Val Accuracy: 9.9
Training Epoch: 16/200	Train Loss: 5.8566	Val Accuracy: 11.38
Training Epoch: 17/200	Train Loss: 5.5774	Val Accuracy: 11.38
Training Epoch: 18/200	Train Loss: 5.1254	Val Accuracy: 9.94
Training Epoch: 19/200	Train Loss: 5.1612	Val Accuracy: 9.94
Training Epoch: 20/200	Train Loss: 2.8604	Val Accuracy: 9.86
Training Epoch: 21/200	Train Loss: 10.5922	Val Accuracy: 9.86
Training Epoch: 22/200	Train Loss: 3.2619	Val Accuracy: 10.02
Training Epoch: 23/200	Train Loss: 9.5463	Val Accuracy: 10.02
Training Epoch: 24/200	Train Loss: 6.2985	Val Accuracy: 10.0
Training Epoch: 25/200	Train Loss: 3.6655	Val Accuracy: 10.0
Training Epoch: 26/200	Train Loss: 6.6767	Val Accuracy: 14.14
Training Epoch: 27/200	Train Loss: 3.5073	Val Accuracy: 14.14
Training Epoch: 28/200	Train Loss: 4.9683	Val Accuracy: 14.7
Training Epoch: 29/200	Train Loss: 3.478	Val Accuracy: 14.7
Training Epoch: 30/200	Train Loss: 4.8883	Val Accuracy: 16.4
Training Epoch: 31/200	Train Loss: 7.2092	Val Accuracy: 16.4
Training Epoch: 32/200	Train Loss: 5.299	Val Accuracy: 16.56
Training Epoch: 33/200	Train Loss: 4.6639	Val Accuracy: 16.56
Training Epoch: 34/200	Train Loss: 4.4801	Val Accuracy: 17.04
Training Epoch: 35/200	Train Loss: 4.0476	Val Accuracy: 17.04
Training Epoch: 36/200	Train Loss: 2.5676	Val Accuracy: 18.1
Training Epoch: 37/200	Train Loss: 4.9868	Val Accuracy: 18.1
Training Epoch: 38/200	Train Loss: 1.8223	Val Accuracy: 16.96
Training Epoch: 39/200	Train Loss: 5.8778	Val Accuracy: 16.96
Training Epoch: 40/200	Train Loss: 2.0701	Val Accuracy: 17.54
Training Epoch: 41/200	Train Loss: 1.8691	Val Accuracy: 17.54
Training Epoch: 42/200	Train Loss: 4.0632	Val Accuracy: 18.08
Training Epoch: 43/200	Train Loss: 2.5298	Val Accuracy: 18.08
Training Epoch: 44/200	Train Loss: 3.7109	Val Accuracy: 18.34
Training Epoch: 45/200	Train Loss: 2.0001	Val Accuracy: 18.34
Training Epoch: 46/200	Train Loss: 3.225	Val Accuracy: 19.08
Training Epoch: 47/200	Train Loss: 4.1131	Val Accuracy: 19.08
Training Epoch: 48/200	Train Loss: 1.8539	Val Accuracy: 19.54
Training Epoch: 49/200	Train Loss: 3.9535	Val Accuracy: 19.54
Training Epoch: 50/200	Train Loss: 3.7189	Val Accuracy: 18.22
Training Epoch: 51/200	Train Loss: 1.8572	Val Accuracy: 18.22
Training Epoch: 52/200	Train Loss: 1.9444	Val Accuracy: 16.24
Training Epoch: 53/200	Train Loss: 4.0784	Val Accuracy: 16.24
Training Epoch: 54/200	Train Loss: 3.0891	Val Accuracy: 18.9
Training Epoch: 55/200	Train Loss: 2.3926	Val Accuracy: 18.9
Training Epoch: 56/200	Train Loss: 3.9258	Val Accuracy: 19.34
Training Epoch: 57/200	Train Loss: 2.6468	Val Accuracy: 19.34
Training Epoch: 58/200	Train Loss: 2.421	Val Accuracy: 18.34
Training Epoch: 59/200	Train Loss: 4.7659	Val Accuracy: 18.34
Training Epoch: 60/200	Train Loss: 3.5669	Val Accuracy: 16.78
Training Epoch: 61/200	Train Loss: 2.473	Val Accuracy: 16.78
Training Epoch: 62/200	Train Loss: 2.0555	Val Accuracy: 18.08
Training Epoch: 63/200	Train Loss: 2.4634	Val Accuracy: 18.08
Training Epoch: 64/200	Train Loss: 2.3711	Val Accuracy: 19.44
Training Epoch: 65/200	Train Loss: 2.2133	Val Accuracy: 19.44
Training Epoch: 66/200	Train Loss: 2.429	Val Accuracy: 21.52
Training Epoch: 67/200	Train Loss: 4.4085	Val Accuracy: 21.52
Training Epoch: 68/200	Train Loss: 2.6797	Val Accuracy: 21.1
Training Epoch: 69/200	Train Loss: 2.3162	Val Accuracy: 21.1
Training Epoch: 70/200	Train Loss: 2.2261	Val Accuracy: 20.98
Training Epoch: 71/200	Train Loss: 1.6648	Val Accuracy: 20.98
Training Epoch: 72/200	Train Loss: 3.3492	Val Accuracy: 22.2
Training Epoch: 73/200	Train Loss: 1.804	Val Accuracy: 22.2
Training Epoch: 74/200	Train Loss: 1.6913	Val Accuracy: 21.36
Training Epoch: 75/200	Train Loss: 2.8526	Val Accuracy: 21.36
Training Epoch: 76/200	Train Loss: 1.5474	Val Accuracy: 21.06
Training Epoch: 77/200	Train Loss: 1.8188	Val Accuracy: 21.06
Training Epoch: 78/200	Train Loss: 2.9253	Val Accuracy: 22.08
Training Epoch: 79/200	Train Loss: 1.6925	Val Accuracy: 22.08
Training Epoch: 80/200	Train Loss: 1.7367	Val Accuracy: 23.9
Training Epoch: 81/200	Train Loss: 2.3316	Val Accuracy: 23.9
Training Epoch: 82/200	Train Loss: 2.8385	Val Accuracy: 21.56
Training Epoch: 83/200	Train Loss: 3.3225	Val Accuracy: 21.56
Training Epoch: 84/200	Train Loss: 3.0457	Val Accuracy: 19.76
Training Epoch: 85/200	Train Loss: 2.8937	Val Accuracy: 19.76
Training Epoch: 86/200	Train Loss: 2.5865	Val Accuracy: 21.3
Training Epoch: 87/200	Train Loss: 2.0299	Val Accuracy: 21.3
Training Epoch: 88/200	Train Loss: 3.0237	Val Accuracy: 23.08
Training Epoch: 89/200	Train Loss: 3.7486	Val Accuracy: 23.08
Training Epoch: 90/200	Train Loss: 1.6278	Val Accuracy: 22.56
Training Epoch: 91/200	Train Loss: 1.964	Val Accuracy: 22.56
Training Epoch: 92/200	Train Loss: 2.352	Val Accuracy: 24.16
Training Epoch: 93/200	Train Loss: 2.8842	Val Accuracy: 24.16
Training Epoch: 94/200	Train Loss: 3.2958	Val Accuracy: 23.46
Training Epoch: 95/200	Train Loss: 3.0033	Val Accuracy: 23.46
Training Epoch: 96/200	Train Loss: 2.4959	Val Accuracy: 24.2
Training Epoch: 97/200	Train Loss: 1.6957	Val Accuracy: 24.2
Training Epoch: 98/200	Train Loss: 2.4555	Val Accuracy: 25.14
Training Epoch: 99/200	Train Loss: 1.9769	Val Accuracy: 25.14
Training Epoch: 100/200	Train Loss: 1.5908	Val Accuracy: 26.1
Training Epoch: 101/200	Train Loss: 1.7431	Val Accuracy: 26.1
Training Epoch: 102/200	Train Loss: 1.1627	Val Accuracy: 25.44
Training Epoch: 103/200	Train Loss: 1.4939	Val Accuracy: 25.44
Training Epoch: 104/200	Train Loss: 1.6525	Val Accuracy: 24.26
Training Epoch: 105/200	Train Loss: 2.0275	Val Accuracy: 24.26
Training Epoch: 106/200	Train Loss: 1.5701	Val Accuracy: 25.98
Training Epoch: 107/200	Train Loss: 2.0298	Val Accuracy: 25.98
Training Epoch: 108/200	Train Loss: 2.5326	Val Accuracy: 26.22
Training Epoch: 109/200	Train Loss: 1.3355	Val Accuracy: 26.22
Training Epoch: 110/200	Train Loss: 1.3027	Val Accuracy: 26.92
Training Epoch: 111/200	Train Loss: 1.4875	Val Accuracy: 26.92
Training Epoch: 112/200	Train Loss: 2.3885	Val Accuracy: 28.42
Training Epoch: 113/200	Train Loss: 1.8129	Val Accuracy: 28.42
Training Epoch: 114/200	Train Loss: 2.0462	Val Accuracy: 27.52
Training Epoch: 115/200	Train Loss: 1.6395	Val Accuracy: 27.52
Training Epoch: 116/200	Train Loss: 1.769	Val Accuracy: 27.92
Training Epoch: 117/200	Train Loss: 1.3584	Val Accuracy: 27.92
Training Epoch: 118/200	Train Loss: 2.6478	Val Accuracy: 28.96
Training Epoch: 119/200	Train Loss: 1.0321	Val Accuracy: 28.96
Training Epoch: 120/200	Train Loss: 1.2207	Val Accuracy: 28.2
Training Epoch: 121/200	Train Loss: 2.4518	Val Accuracy: 28.2
Training Epoch: 122/200	Train Loss: 2.1464	Val Accuracy: 27.44
Training Epoch: 123/200	Train Loss: 1.4468	Val Accuracy: 27.44
Training Epoch: 124/200	Train Loss: 1.648	Val Accuracy: 28.88
Training Epoch: 125/200	Train Loss: 1.0376	Val Accuracy: 28.88
Training Epoch: 126/200	Train Loss: 1.1503	Val Accuracy: 28.56
Training Epoch: 127/200	Train Loss: 1.3017	Val Accuracy: 28.56
Training Epoch: 128/200	Train Loss: 0.8919	Val Accuracy: 28.34
Training Epoch: 129/200	Train Loss: 2.0736	Val Accuracy: 28.34
Training Epoch: 130/200	Train Loss: 1.1863	Val Accuracy: 28.52
Training Epoch: 131/200	Train Loss: 1.6208	Val Accuracy: 28.52
Training Epoch: 132/200	Train Loss: 1.0969	Val Accuracy: 27.74
Training Epoch: 133/200	Train Loss: 1.5992	Val Accuracy: 27.74
Training Epoch: 134/200	Train Loss: 1.1638	Val Accuracy: 27.88
Training Epoch: 135/200	Train Loss: 0.9372	Val Accuracy: 27.88
Training Epoch: 136/200	Train Loss: 1.3206	Val Accuracy: 28.96
Training Epoch: 137/200	Train Loss: 1.6572	Val Accuracy: 28.96
Training Epoch: 138/200	Train Loss: 0.7405	Val Accuracy: 27.98
Training Epoch: 139/200	Train Loss: 1.0655	Val Accuracy: 27.98
Training Epoch: 140/200	Train Loss: 0.8066	Val Accuracy: 28.94
Training Epoch: 141/200	Train Loss: 0.9316	Val Accuracy: 28.94
Training Epoch: 142/200	Train Loss: 0.5911	Val Accuracy: 29.34
Training Epoch: 143/200	Train Loss: 0.7906	Val Accuracy: 29.34
Training Epoch: 144/200	Train Loss: 0.8071	Val Accuracy: 28.94
Training Epoch: 145/200	Train Loss: 1.1764	Val Accuracy: 28.94
Training Epoch: 146/200	Train Loss: 1.3998	Val Accuracy: 28.74
Training Epoch: 147/200	Train Loss: 1.2321	Val Accuracy: 28.74
Training Epoch: 148/200	Train Loss: 0.6289	Val Accuracy: 29.12
Training Epoch: 149/200	Train Loss: 1.3401	Val Accuracy: 29.12
Training Epoch: 150/200	Train Loss: 0.4894	Val Accuracy: 29.44
Training Epoch: 151/200	Train Loss: 0.6736	Val Accuracy: 29.44
Training Epoch: 152/200	Train Loss: 0.6322	Val Accuracy: 29.04
Training Epoch: 153/200	Train Loss: 0.8936	Val Accuracy: 29.04
Training Epoch: 154/200	Train Loss: 0.6564	Val Accuracy: 28.92
Training Epoch: 155/200	Train Loss: 0.6569	Val Accuracy: 28.92
Training Epoch: 156/200	Train Loss: 0.5787	Val Accuracy: 28.2
Training Epoch: 157/200	Train Loss: 0.8502	Val Accuracy: 28.2
Training Epoch: 158/200	Train Loss: 0.353	Val Accuracy: 28.24
Training Epoch: 159/200	Train Loss: 0.703	Val Accuracy: 28.24
Training Epoch: 160/200	Train Loss: 0.48	Val Accuracy: 29.06
Training Epoch: 161/200	Train Loss: 0.7505	Val Accuracy: 29.06
Training Epoch: 162/200	Train Loss: 0.5088	Val Accuracy: 29.64
Training Epoch: 163/200	Train Loss: 0.6785	Val Accuracy: 29.64
Training Epoch: 164/200	Train Loss: 0.5721	Val Accuracy: 30.14
Training Epoch: 165/200	Train Loss: 0.4721	Val Accuracy: 30.14
Training Epoch: 166/200	Train Loss: 0.6451	Val Accuracy: 29.38
Training Epoch: 167/200	Train Loss: 1.6329	Val Accuracy: 29.38
Training Epoch: 168/200	Train Loss: 1.3547	Val Accuracy: 29.0
Training Epoch: 169/200	Train Loss: 0.5628	Val Accuracy: 29.0
Training Epoch: 170/200	Train Loss: 0.3602	Val Accuracy: 29.06
Training Epoch: 171/200	Train Loss: 0.5252	Val Accuracy: 29.06
Training Epoch: 172/200	Train Loss: 0.312	Val Accuracy: 28.3
Training Epoch: 173/200	Train Loss: 0.41	Val Accuracy: 28.3
Training Epoch: 174/200	Train Loss: 0.3709	Val Accuracy: 29.28
Training Epoch: 175/200	Train Loss: 0.3571	Val Accuracy: 29.28
Training Epoch: 176/200	Train Loss: 0.7474	Val Accuracy: 28.62
Training Epoch: 177/200	Train Loss: 0.5361	Val Accuracy: 28.62
Training Epoch: 178/200	Train Loss: 0.9282	Val Accuracy: 29.6
Training Epoch: 179/200	Train Loss: 1.4925	Val Accuracy: 29.6
Training Epoch: 180/200	Train Loss: 0.4486	Val Accuracy: 27.64
Training Epoch: 181/200	Train Loss: 0.4157	Val Accuracy: 27.64
Training Epoch: 182/200	Train Loss: 1.0958	Val Accuracy: 28.16
Training Epoch: 183/200	Train Loss: 0.683	Val Accuracy: 28.16
Training Epoch: 184/200	Train Loss: 0.3266	Val Accuracy: 28.66
Training Epoch: 185/200	Train Loss: 0.6564	Val Accuracy: 28.66
Training Epoch: 186/200	Train Loss: 0.2837	Val Accuracy: 28.7
Training Epoch: 187/200	Train Loss: 0.24	Val Accuracy: 28.7
Training Epoch: 188/200	Train Loss: 0.5255	Val Accuracy: 29.74
Training Epoch: 189/200	Train Loss: 0.6765	Val Accuracy: 29.74
Training Epoch: 190/200	Train Loss: 0.8531	Val Accuracy: 29.26
Training Epoch: 191/200	Train Loss: 1.5074	Val Accuracy: 29.26
Training Epoch: 192/200	Train Loss: 0.1959	Val Accuracy: 29.4
Training Epoch: 193/200	Train Loss: 0.635	Val Accuracy: 29.4
Training Epoch: 194/200	Train Loss: 0.1894	Val Accuracy: 28.66
Training Epoch: 195/200	Train Loss: 0.2723	Val Accuracy: 28.66
Training Epoch: 196/200	Train Loss: 0.3079	Val Accuracy: 29.16
Training Epoch: 197/200	Train Loss: 0.693	Val Accuracy: 29.16
Training Epoch: 198/200	Train Loss: 0.2687	Val Accuracy: 29.32
Training Epoch: 199/200	Train Loss: 0.719	Val Accuracy: 29.32
Training Epoch: 200/200	Train Loss: 0.6123	Val Accuracy: 29.66

Wrote Best Model Checkpoint to: vlBest_acc_30_model_epoch_0164.pyth

Best Validation Accuracy: 30.14
Best Epoch: 164

======== TESTING ========

Test Accuracy: 29.68.

======== ACTIVE SAMPLING ========

len(uSetLoader): 446
u_ranks.shape: (44600,)
Active Sampling Complete. After Episode 7:
New Labeled Set: 450, New Unlabeled Set: 44550, Active Set: 50

================================


Current accuracy values:  [18.319999999999993, 20.549999999999997, 17.75, 27.439999122619625, 21.25, 27.689999504089357, 28.389999389648438, 29.679999504089352]
Starting model from scratch - ignoring existing weights.
<All keys matched successfully>
None
======== EPISODE 8 BEGINS ========

======== TRAINING ========
Training Epoch: 1/200	Train Loss: 15.5604	Val Accuracy: 0.0
Training Epoch: 2/200	Train Loss: 9.7648	Val Accuracy: 9.74
Training Epoch: 3/200	Train Loss: 5.9101	Val Accuracy: 9.74
Training Epoch: 4/200	Train Loss: 6.4349	Val Accuracy: 9.74
Training Epoch: 5/200	Train Loss: 5.0509	Val Accuracy: 9.74
Training Epoch: 6/200	Train Loss: 6.206	Val Accuracy: 10.68
Training Epoch: 7/200	Train Loss: 3.0176	Val Accuracy: 10.68
Training Epoch: 8/200	Train Loss: 2.338	Val Accuracy: 9.7
Training Epoch: 9/200	Train Loss: 4.3751	Val Accuracy: 9.7
Training Epoch: 10/200	Train Loss: 5.2844	Val Accuracy: 9.64
Training Epoch: 11/200	Train Loss: 4.9715	Val Accuracy: 9.64
Training Epoch: 12/200	Train Loss: 2.2665	Val Accuracy: 12.62
Training Epoch: 13/200	Train Loss: 2.5215	Val Accuracy: 12.62
Training Epoch: 14/200	Train Loss: 3.3654	Val Accuracy: 11.02
Training Epoch: 15/200	Train Loss: 4.23	Val Accuracy: 11.02
Training Epoch: 16/200	Train Loss: 2.8897	Val Accuracy: 11.08
Training Epoch: 17/200	Train Loss: 3.5733	Val Accuracy: 11.08
Training Epoch: 18/200	Train Loss: 2.8153	Val Accuracy: 11.6
Training Epoch: 19/200	Train Loss: 2.2349	Val Accuracy: 11.6
Training Epoch: 20/200	Train Loss: 4.1326	Val Accuracy: 14.2
Training Epoch: 21/200	Train Loss: 2.3768	Val Accuracy: 14.2
Training Epoch: 22/200	Train Loss: 3.3134	Val Accuracy: 15.62
Training Epoch: 23/200	Train Loss: 2.6542	Val Accuracy: 15.62
Training Epoch: 24/200	Train Loss: 5.0352	Val Accuracy: 15.28
Training Epoch: 25/200	Train Loss: 4.1752	Val Accuracy: 15.28
Training Epoch: 26/200	Train Loss: 2.5101	Val Accuracy: 17.14
Training Epoch: 27/200	Train Loss: 2.1148	Val Accuracy: 17.14
Training Epoch: 28/200	Train Loss: 2.5401	Val Accuracy: 15.52
Training Epoch: 29/200	Train Loss: 3.8861	Val Accuracy: 15.52
Training Epoch: 30/200	Train Loss: 2.4301	Val Accuracy: 13.44
Training Epoch: 31/200	Train Loss: 4.8739	Val Accuracy: 13.44
Training Epoch: 32/200	Train Loss: 4.4869	Val Accuracy: 12.8
Training Epoch: 33/200	Train Loss: 3.5874	Val Accuracy: 12.8
Training Epoch: 34/200	Train Loss: 3.0765	Val Accuracy: 16.46
Training Epoch: 35/200	Train Loss: 4.1463	Val Accuracy: 16.46
Training Epoch: 36/200	Train Loss: 2.5498	Val Accuracy: 16.96
Training Epoch: 37/200	Train Loss: 2.1287	Val Accuracy: 16.96
Training Epoch: 38/200	Train Loss: 2.0918	Val Accuracy: 15.38
Training Epoch: 39/200	Train Loss: 2.1368	Val Accuracy: 15.38
Training Epoch: 40/200	Train Loss: 3.7269	Val Accuracy: 16.92
Training Epoch: 41/200	Train Loss: 3.6002	Val Accuracy: 16.92
Training Epoch: 42/200	Train Loss: 2.0448	Val Accuracy: 20.24
Training Epoch: 43/200	Train Loss: 1.9762	Val Accuracy: 20.24
Training Epoch: 44/200	Train Loss: 2.6372	Val Accuracy: 21.56
Training Epoch: 45/200	Train Loss: 2.0901	Val Accuracy: 21.56
Training Epoch: 46/200	Train Loss: 1.7874	Val Accuracy: 20.6
Training Epoch: 47/200	Train Loss: 2.0398	Val Accuracy: 20.6
Training Epoch: 48/200	Train Loss: 2.1132	Val Accuracy: 20.04
Training Epoch: 49/200	Train Loss: 3.2087	Val Accuracy: 20.04
Training Epoch: 50/200	Train Loss: 1.9048	Val Accuracy: 18.04
Training Epoch: 51/200	Train Loss: 2.15	Val Accuracy: 18.04
Training Epoch: 52/200	Train Loss: 1.9531	Val Accuracy: 18.74
Training Epoch: 53/200	Train Loss: 3.3593	Val Accuracy: 18.74
Training Epoch: 54/200	Train Loss: 3.2012	Val Accuracy: 18.92
Training Epoch: 55/200	Train Loss: 2.9081	Val Accuracy: 18.92
Training Epoch: 56/200	Train Loss: 2.7035	Val Accuracy: 13.16
Training Epoch: 57/200	Train Loss: 2.1782	Val Accuracy: 13.16
Training Epoch: 58/200	Train Loss: 3.2916	Val Accuracy: 15.38
Training Epoch: 59/200	Train Loss: 3.8424	Val Accuracy: 15.38
Training Epoch: 60/200	Train Loss: 4.3112	Val Accuracy: 15.04
Training Epoch: 61/200	Train Loss: 2.8804	Val Accuracy: 15.04
Training Epoch: 62/200	Train Loss: 3.4757	Val Accuracy: 18.44
Training Epoch: 63/200	Train Loss: 3.2014	Val Accuracy: 18.44
Training Epoch: 64/200	Train Loss: 1.9467	Val Accuracy: 20.48
Training Epoch: 65/200	Train Loss: 2.0198	Val Accuracy: 20.48
Training Epoch: 66/200	Train Loss: 3.2921	Val Accuracy: 21.76
Training Epoch: 67/200	Train Loss: 2.196	Val Accuracy: 21.76
Training Epoch: 68/200	Train Loss: 2.9945	Val Accuracy: 21.56
Training Epoch: 69/200	Train Loss: 3.5693	Val Accuracy: 21.56
Training Epoch: 70/200	Train Loss: 1.9121	Val Accuracy: 23.08
Training Epoch: 71/200	Train Loss: 3.1983	Val Accuracy: 23.08
Training Epoch: 72/200	Train Loss: 3.0429	Val Accuracy: 24.94
Training Epoch: 73/200	Train Loss: 2.0173	Val Accuracy: 24.94
Training Epoch: 74/200	Train Loss: 2.3686	Val Accuracy: 23.12
Training Epoch: 75/200	Train Loss: 1.8034	Val Accuracy: 23.12
Training Epoch: 76/200	Train Loss: 2.6553	Val Accuracy: 25.92
Training Epoch: 77/200	Train Loss: 2.9145	Val Accuracy: 25.92
Training Epoch: 78/200	Train Loss: 2.7724	Val Accuracy: 26.12
Training Epoch: 79/200	Train Loss: 2.3519	Val Accuracy: 26.12
Training Epoch: 80/200	Train Loss: 2.3053	Val Accuracy: 25.7
Training Epoch: 81/200	Train Loss: 2.2017	Val Accuracy: 25.7
Training Epoch: 82/200	Train Loss: 1.7586	Val Accuracy: 27.32
Training Epoch: 83/200	Train Loss: 1.7148	Val Accuracy: 27.32
Training Epoch: 84/200	Train Loss: 2.46	Val Accuracy: 26.58
Training Epoch: 85/200	Train Loss: 1.4337	Val Accuracy: 26.58
Training Epoch: 86/200	Train Loss: 2.1307	Val Accuracy: 26.78
Training Epoch: 87/200	Train Loss: 2.0408	Val Accuracy: 26.78
Training Epoch: 88/200	Train Loss: 1.5199	Val Accuracy: 27.48
Training Epoch: 89/200	Train Loss: 1.977	Val Accuracy: 27.48
Training Epoch: 90/200	Train Loss: 2.6473	Val Accuracy: 27.9
Training Epoch: 91/200	Train Loss: 1.5092	Val Accuracy: 27.9
Training Epoch: 92/200	Train Loss: 1.4597	Val Accuracy: 27.66
Training Epoch: 93/200	Train Loss: 2.0459	Val Accuracy: 27.66
Training Epoch: 94/200	Train Loss: 1.3428	Val Accuracy: 28.4
Training Epoch: 95/200	Train Loss: 1.3245	Val Accuracy: 28.4
Training Epoch: 96/200	Train Loss: 2.0465	Val Accuracy: 28.68
Training Epoch: 97/200	Train Loss: 1.9	Val Accuracy: 28.68
Training Epoch: 98/200	Train Loss: 1.1346	Val Accuracy: 29.8
Training Epoch: 99/200	Train Loss: 1.4644	Val Accuracy: 29.8
Training Epoch: 100/200	Train Loss: 1.7458	Val Accuracy: 29.0
Training Epoch: 101/200	Train Loss: 1.4214	Val Accuracy: 29.0
Training Epoch: 102/200	Train Loss: 1.4566	Val Accuracy: 28.6
Training Epoch: 103/200	Train Loss: 1.4789	Val Accuracy: 28.6
Training Epoch: 104/200	Train Loss: 2.3328	Val Accuracy: 27.86
Training Epoch: 105/200	Train Loss: 1.9231	Val Accuracy: 27.86
Training Epoch: 106/200	Train Loss: 1.1339	Val Accuracy: 28.96
Training Epoch: 107/200	Train Loss: 0.834	Val Accuracy: 28.96
Training Epoch: 108/200	Train Loss: 1.621	Val Accuracy: 28.34
Training Epoch: 109/200	Train Loss: 1.2191	Val Accuracy: 28.34
Training Epoch: 110/200	Train Loss: 1.5553	Val Accuracy: 28.32
Training Epoch: 111/200	Train Loss: 1.1745	Val Accuracy: 28.32
Training Epoch: 112/200	Train Loss: 0.9832	Val Accuracy: 28.44
Training Epoch: 113/200	Train Loss: 1.3226	Val Accuracy: 28.44
Training Epoch: 114/200	Train Loss: 1.9066	Val Accuracy: 28.74
Training Epoch: 115/200	Train Loss: 1.6714	Val Accuracy: 28.74
Training Epoch: 116/200	Train Loss: 1.0441	Val Accuracy: 29.06
Training Epoch: 117/200	Train Loss: 1.0687	Val Accuracy: 29.06
Training Epoch: 118/200	Train Loss: 1.4156	Val Accuracy: 28.42
Training Epoch: 119/200	Train Loss: 1.0018	Val Accuracy: 28.42
Training Epoch: 120/200	Train Loss: 1.3588	Val Accuracy: 29.04
Training Epoch: 121/200	Train Loss: 1.4051	Val Accuracy: 29.04
Training Epoch: 122/200	Train Loss: 1.5247	Val Accuracy: 29.52
Training Epoch: 123/200	Train Loss: 1.2716	Val Accuracy: 29.52
Training Epoch: 124/200	Train Loss: 0.6653	Val Accuracy: 29.38
Training Epoch: 125/200	Train Loss: 0.8953	Val Accuracy: 29.38
Training Epoch: 126/200	Train Loss: 0.8436	Val Accuracy: 29.76
Training Epoch: 127/200	Train Loss: 1.1733	Val Accuracy: 29.76
Training Epoch: 128/200	Train Loss: 0.7895	Val Accuracy: 28.52
Training Epoch: 129/200	Train Loss: 0.9367	Val Accuracy: 28.52
Training Epoch: 130/200	Train Loss: 0.9503	Val Accuracy: 28.9
Training Epoch: 131/200	Train Loss: 1.5903	Val Accuracy: 28.9
Training Epoch: 132/200	Train Loss: 0.783	Val Accuracy: 29.9
Training Epoch: 133/200	Train Loss: 0.6548	Val Accuracy: 29.9
Training Epoch: 134/200	Train Loss: 0.8347	Val Accuracy: 29.32
Training Epoch: 135/200	Train Loss: 0.5622	Val Accuracy: 29.32
Training Epoch: 136/200	Train Loss: 0.706	Val Accuracy: 29.16
Training Epoch: 137/200	Train Loss: 0.7312	Val Accuracy: 29.16
Training Epoch: 138/200	Train Loss: 0.6719	Val Accuracy: 29.48
Training Epoch: 139/200	Train Loss: 0.5908	Val Accuracy: 29.48
Training Epoch: 140/200	Train Loss: 0.6701	Val Accuracy: 29.76
Training Epoch: 141/200	Train Loss: 1.012	Val Accuracy: 29.76
Training Epoch: 142/200	Train Loss: 1.054	Val Accuracy: 28.92
Training Epoch: 143/200	Train Loss: 0.4824	Val Accuracy: 28.92
Training Epoch: 144/200	Train Loss: 0.6942	Val Accuracy: 29.16
Training Epoch: 145/200	Train Loss: 0.5876	Val Accuracy: 29.16
Training Epoch: 146/200	Train Loss: 0.6083	Val Accuracy: 29.78
Training Epoch: 147/200	Train Loss: 0.3729	Val Accuracy: 29.78
Training Epoch: 148/200	Train Loss: 0.4494	Val Accuracy: 30.14
Training Epoch: 149/200	Train Loss: 0.8015	Val Accuracy: 30.14
Training Epoch: 150/200	Train Loss: 0.4058	Val Accuracy: 29.6
Training Epoch: 151/200	Train Loss: 0.4838	Val Accuracy: 29.6
Training Epoch: 152/200	Train Loss: 0.8422	Val Accuracy: 29.64
Training Epoch: 153/200	Train Loss: 0.5052	Val Accuracy: 29.64
Training Epoch: 154/200	Train Loss: 0.6587	Val Accuracy: 30.42
Training Epoch: 155/200	Train Loss: 0.5525	Val Accuracy: 30.42
Training Epoch: 156/200	Train Loss: 0.7786	Val Accuracy: 30.0
Training Epoch: 157/200	Train Loss: 0.3422	Val Accuracy: 30.0
Training Epoch: 158/200	Train Loss: 0.8976	Val Accuracy: 29.52
Training Epoch: 159/200	Train Loss: 0.5044	Val Accuracy: 29.52
Training Epoch: 160/200	Train Loss: 0.3529	Val Accuracy: 29.3
Training Epoch: 161/200	Train Loss: 0.4323	Val Accuracy: 29.3
Training Epoch: 162/200	Train Loss: 0.7738	Val Accuracy: 30.14
Training Epoch: 163/200	Train Loss: 0.8302	Val Accuracy: 30.14
Training Epoch: 164/200	Train Loss: 0.4704	Val Accuracy: 29.28
Training Epoch: 165/200	Train Loss: 0.5359	Val Accuracy: 29.28
Training Epoch: 166/200	Train Loss: 0.9846	Val Accuracy: 29.08
Training Epoch: 167/200	Train Loss: 0.4685	Val Accuracy: 29.08
Training Epoch: 168/200	Train Loss: 0.3411	Val Accuracy: 29.26
Training Epoch: 169/200	Train Loss: 0.2897	Val Accuracy: 29.26
Training Epoch: 170/200	Train Loss: 0.5096	Val Accuracy: 29.52
Training Epoch: 171/200	Train Loss: 0.2563	Val Accuracy: 29.52
Training Epoch: 172/200	Train Loss: 0.4183	Val Accuracy: 29.44
Training Epoch: 173/200	Train Loss: 0.6085	Val Accuracy: 29.44
Training Epoch: 174/200	Train Loss: 0.4631	Val Accuracy: 29.9
Training Epoch: 175/200	Train Loss: 0.6854	Val Accuracy: 29.9
Training Epoch: 176/200	Train Loss: 0.4789	Val Accuracy: 29.52
Training Epoch: 177/200	Train Loss: 0.344	Val Accuracy: 29.52
Training Epoch: 178/200	Train Loss: 0.4706	Val Accuracy: 30.22
Training Epoch: 179/200	Train Loss: 0.5634	Val Accuracy: 30.22
Training Epoch: 180/200	Train Loss: 0.2699	Val Accuracy: 29.06
Training Epoch: 181/200	Train Loss: 0.6365	Val Accuracy: 29.06
Training Epoch: 182/200	Train Loss: 0.658	Val Accuracy: 29.68
Training Epoch: 183/200	Train Loss: 0.2822	Val Accuracy: 29.68
Training Epoch: 184/200	Train Loss: 0.6076	Val Accuracy: 29.62
Training Epoch: 185/200	Train Loss: 0.2776	Val Accuracy: 29.62
Training Epoch: 186/200	Train Loss: 0.3255	Val Accuracy: 29.46
Training Epoch: 187/200	Train Loss: 0.7653	Val Accuracy: 29.46
Training Epoch: 188/200	Train Loss: 0.4327	Val Accuracy: 29.24
Training Epoch: 189/200	Train Loss: 0.423	Val Accuracy: 29.24
Training Epoch: 190/200	Train Loss: 0.3938	Val Accuracy: 29.42
Training Epoch: 191/200	Train Loss: 0.4298	Val Accuracy: 29.42
Training Epoch: 192/200	Train Loss: 0.596	Val Accuracy: 29.94
Training Epoch: 193/200	Train Loss: 0.3806	Val Accuracy: 29.94
Training Epoch: 194/200	Train Loss: 0.4238	Val Accuracy: 28.72
Training Epoch: 195/200	Train Loss: 0.2949	Val Accuracy: 28.72
Training Epoch: 196/200	Train Loss: 0.2226	Val Accuracy: 28.76
Training Epoch: 197/200	Train Loss: 0.4246	Val Accuracy: 28.76
Training Epoch: 198/200	Train Loss: 0.7901	Val Accuracy: 29.84
Training Epoch: 199/200	Train Loss: 0.2153	Val Accuracy: 29.84
Training Epoch: 200/200	Train Loss: 0.2381	Val Accuracy: 29.02

Wrote Best Model Checkpoint to: vlBest_acc_30_model_epoch_0154.pyth

Best Validation Accuracy: 30.42
Best Epoch: 154

======== TESTING ========

Test Accuracy: 29.92.

======== ACTIVE SAMPLING ========

len(uSetLoader): 446
u_ranks.shape: (44550,)
Active Sampling Complete. After Episode 8:
New Labeled Set: 500, New Unlabeled Set: 44500, Active Set: 50

================================


Current accuracy values:  [18.319999999999993, 20.549999999999997, 17.75, 27.439999122619625, 21.25, 27.689999504089357, 28.389999389648438, 29.679999504089352, 29.91999935150146]
Starting model from scratch - ignoring existing weights.
<All keys matched successfully>
None
======== EPISODE 9 BEGINS ========

======== TRAINING ========
Training Epoch: 1/200	Train Loss: 19.2671	Val Accuracy: 0.0
Training Epoch: 2/200	Train Loss: 8.1107	Val Accuracy: 9.88
Training Epoch: 3/200	Train Loss: 6.8624	Val Accuracy: 9.88
Training Epoch: 4/200	Train Loss: 3.7364	Val Accuracy: 11.16
Training Epoch: 5/200	Train Loss: 6.5031	Val Accuracy: 11.16
Training Epoch: 6/200	Train Loss: 5.3434	Val Accuracy: 10.32
Training Epoch: 7/200	Train Loss: 2.2526	Val Accuracy: 10.32
Training Epoch: 8/200	Train Loss: 6.4689	Val Accuracy: 9.88
Training Epoch: 9/200	Train Loss: 2.2682	Val Accuracy: 9.88
Training Epoch: 10/200	Train Loss: 4.1604	Val Accuracy: 13.16
Training Epoch: 11/200	Train Loss: 3.8941	Val Accuracy: 13.16
Training Epoch: 12/200	Train Loss: 3.1157	Val Accuracy: 13.2
Training Epoch: 13/200	Train Loss: 7.711	Val Accuracy: 13.2
Training Epoch: 14/200	Train Loss: 2.0788	Val Accuracy: 13.56
Training Epoch: 15/200	Train Loss: 1.9943	Val Accuracy: 13.56
Training Epoch: 16/200	Train Loss: 7.1174	Val Accuracy: 14.68
Training Epoch: 17/200	Train Loss: 3.0097	Val Accuracy: 14.68
Training Epoch: 18/200	Train Loss: 4.0271	Val Accuracy: 14.74
Training Epoch: 19/200	Train Loss: 6.5157	Val Accuracy: 14.74
Training Epoch: 20/200	Train Loss: 9.5084	Val Accuracy: 15.04
Training Epoch: 21/200	Train Loss: 2.2145	Val Accuracy: 15.04
Training Epoch: 22/200	Train Loss: 4.6912	Val Accuracy: 15.14
Training Epoch: 23/200	Train Loss: 2.8005	Val Accuracy: 15.14
Training Epoch: 24/200	Train Loss: 4.9644	Val Accuracy: 16.08
Training Epoch: 25/200	Train Loss: 4.5248	Val Accuracy: 16.08
Training Epoch: 26/200	Train Loss: 3.2457	Val Accuracy: 13.84
Training Epoch: 27/200	Train Loss: 3.9678	Val Accuracy: 13.84
Training Epoch: 28/200	Train Loss: 2.2852	Val Accuracy: 16.34
Training Epoch: 29/200	Train Loss: 4.8596	Val Accuracy: 16.34
Training Epoch: 30/200	Train Loss: 5.4441	Val Accuracy: 17.62
Training Epoch: 31/200	Train Loss: 6.4891	Val Accuracy: 17.62
Training Epoch: 32/200	Train Loss: 2.1183	Val Accuracy: 16.36
Training Epoch: 33/200	Train Loss: 4.4641	Val Accuracy: 16.36
Training Epoch: 34/200	Train Loss: 4.981	Val Accuracy: 17.62
Training Epoch: 35/200	Train Loss: 3.4265	Val Accuracy: 17.62
Training Epoch: 36/200	Train Loss: 1.7671	Val Accuracy: 18.86
Training Epoch: 37/200	Train Loss: 1.9829	Val Accuracy: 18.86
Training Epoch: 38/200	Train Loss: 4.2265	Val Accuracy: 19.98
Training Epoch: 39/200	Train Loss: 1.8717	Val Accuracy: 19.98
Training Epoch: 40/200	Train Loss: 1.9684	Val Accuracy: 19.16
Training Epoch: 41/200	Train Loss: 4.6546	Val Accuracy: 19.16
Training Epoch: 42/200	Train Loss: 4.8353	Val Accuracy: 19.06
Training Epoch: 43/200	Train Loss: 3.4408	Val Accuracy: 19.06
Training Epoch: 44/200	Train Loss: 2.8511	Val Accuracy: 20.58
Training Epoch: 45/200	Train Loss: 5.9764	Val Accuracy: 20.58
Training Epoch: 46/200	Train Loss: 1.8655	Val Accuracy: 21.34
Training Epoch: 47/200	Train Loss: 2.0092	Val Accuracy: 21.34
Training Epoch: 48/200	Train Loss: 3.1109	Val Accuracy: 21.08
Training Epoch: 49/200	Train Loss: 1.9637	Val Accuracy: 21.08
Training Epoch: 50/200	Train Loss: 1.822	Val Accuracy: 22.68
Training Epoch: 51/200	Train Loss: 1.8513	Val Accuracy: 22.68
Training Epoch: 52/200	Train Loss: 2.0318	Val Accuracy: 20.0
Training Epoch: 53/200	Train Loss: 2.9242	Val Accuracy: 20.0
Training Epoch: 54/200	Train Loss: 3.3439	Val Accuracy: 22.0
Training Epoch: 55/200	Train Loss: 1.6994	Val Accuracy: 22.0
Training Epoch: 56/200	Train Loss: 4.3626	Val Accuracy: 21.78
Training Epoch: 57/200	Train Loss: 1.6542	Val Accuracy: 21.78
Training Epoch: 58/200	Train Loss: 1.9185	Val Accuracy: 22.26
Training Epoch: 59/200	Train Loss: 2.2883	Val Accuracy: 22.26
Training Epoch: 60/200	Train Loss: 3.6836	Val Accuracy: 22.1
Training Epoch: 61/200	Train Loss: 1.8358	Val Accuracy: 22.1
Training Epoch: 62/200	Train Loss: 2.1624	Val Accuracy: 23.3
Training Epoch: 63/200	Train Loss: 2.4753	Val Accuracy: 23.3
Training Epoch: 64/200	Train Loss: 2.5778	Val Accuracy: 24.54
Training Epoch: 65/200	Train Loss: 2.0487	Val Accuracy: 24.54
Training Epoch: 66/200	Train Loss: 1.7901	Val Accuracy: 23.98
Training Epoch: 67/200	Train Loss: 3.8034	Val Accuracy: 23.98
Training Epoch: 68/200	Train Loss: 3.6958	Val Accuracy: 25.44
Training Epoch: 69/200	Train Loss: 3.3643	Val Accuracy: 25.44
Training Epoch: 70/200	Train Loss: 1.7765	Val Accuracy: 27.06
Training Epoch: 71/200	Train Loss: 1.913	Val Accuracy: 27.06
Training Epoch: 72/200	Train Loss: 2.1059	Val Accuracy: 27.08
Training Epoch: 73/200	Train Loss: 1.4593	Val Accuracy: 27.08
Training Epoch: 74/200	Train Loss: 3.3919	Val Accuracy: 26.74
Training Epoch: 75/200	Train Loss: 1.4799	Val Accuracy: 26.74
Training Epoch: 76/200	Train Loss: 1.4078	Val Accuracy: 28.48
Training Epoch: 77/200	Train Loss: 2.3728	Val Accuracy: 28.48
Training Epoch: 78/200	Train Loss: 2.132	Val Accuracy: 28.34
Training Epoch: 79/200	Train Loss: 3.8483	Val Accuracy: 28.34
Training Epoch: 80/200	Train Loss: 1.5092	Val Accuracy: 29.58
Training Epoch: 81/200	Train Loss: 3.5099	Val Accuracy: 29.58
Training Epoch: 82/200	Train Loss: 1.5223	Val Accuracy: 28.76
Training Epoch: 83/200	Train Loss: 2.2395	Val Accuracy: 28.76
Training Epoch: 84/200	Train Loss: 1.9932	Val Accuracy: 28.74
Training Epoch: 85/200	Train Loss: 1.6825	Val Accuracy: 28.74
Training Epoch: 86/200	Train Loss: 1.3166	Val Accuracy: 29.4
Training Epoch: 87/200	Train Loss: 1.4378	Val Accuracy: 29.4
Training Epoch: 88/200	Train Loss: 1.8174	Val Accuracy: 31.02
Training Epoch: 89/200	Train Loss: 1.1593	Val Accuracy: 31.02
Training Epoch: 90/200	Train Loss: 1.5101	Val Accuracy: 30.16
Training Epoch: 91/200	Train Loss: 1.7567	Val Accuracy: 30.16
Training Epoch: 92/200	Train Loss: 1.2256	Val Accuracy: 31.04
Training Epoch: 93/200	Train Loss: 3.3625	Val Accuracy: 31.04
Training Epoch: 94/200	Train Loss: 1.6656	Val Accuracy: 28.58
Training Epoch: 95/200	Train Loss: 1.8984	Val Accuracy: 28.58
Training Epoch: 96/200	Train Loss: 1.7347	Val Accuracy: 30.0
Training Epoch: 97/200	Train Loss: 1.2934	Val Accuracy: 30.0
Training Epoch: 98/200	Train Loss: 2.1109	Val Accuracy: 31.7
Training Epoch: 99/200	Train Loss: 1.8871	Val Accuracy: 31.7
Training Epoch: 100/200	Train Loss: 2.0782	Val Accuracy: 32.04
Training Epoch: 101/200	Train Loss: 1.1535	Val Accuracy: 32.04
Training Epoch: 102/200	Train Loss: 1.3525	Val Accuracy: 31.4
Training Epoch: 103/200	Train Loss: 1.1297	Val Accuracy: 31.4
Training Epoch: 104/200	Train Loss: 2.0741	Val Accuracy: 30.0
Training Epoch: 105/200	Train Loss: 1.778	Val Accuracy: 30.0
Training Epoch: 106/200	Train Loss: 1.296	Val Accuracy: 32.2
Training Epoch: 107/200	Train Loss: 1.4198	Val Accuracy: 32.2
Training Epoch: 108/200	Train Loss: 1.2111	Val Accuracy: 31.9
Training Epoch: 109/200	Train Loss: 1.0562	Val Accuracy: 31.9
Training Epoch: 110/200	Train Loss: 0.9122	Val Accuracy: 32.06
Training Epoch: 111/200	Train Loss: 2.4494	Val Accuracy: 32.06
Training Epoch: 112/200	Train Loss: 0.8715	Val Accuracy: 32.98
Training Epoch: 113/200	Train Loss: 0.9862	Val Accuracy: 32.98
Training Epoch: 114/200	Train Loss: 2.0453	Val Accuracy: 30.82
Training Epoch: 115/200	Train Loss: 1.4497	Val Accuracy: 30.82
Training Epoch: 116/200	Train Loss: 0.8903	Val Accuracy: 32.94
Training Epoch: 117/200	Train Loss: 1.0626	Val Accuracy: 32.94
Training Epoch: 118/200	Train Loss: 0.6123	Val Accuracy: 32.66
Training Epoch: 119/200	Train Loss: 1.8263	Val Accuracy: 32.66
Training Epoch: 120/200	Train Loss: 1.3181	Val Accuracy: 32.34
Training Epoch: 121/200	Train Loss: 0.9419	Val Accuracy: 32.34
Training Epoch: 122/200	Train Loss: 0.748	Val Accuracy: 31.24
Training Epoch: 123/200	Train Loss: 0.872	Val Accuracy: 31.24
Training Epoch: 124/200	Train Loss: 0.663	Val Accuracy: 33.7
Training Epoch: 125/200	Train Loss: 0.6586	Val Accuracy: 33.7
Training Epoch: 126/200	Train Loss: 1.7244	Val Accuracy: 33.0
Training Epoch: 127/200	Train Loss: 0.9678	Val Accuracy: 33.0
Training Epoch: 128/200	Train Loss: 1.639	Val Accuracy: 31.86
Training Epoch: 129/200	Train Loss: 0.5537	Val Accuracy: 31.86
Training Epoch: 130/200	Train Loss: 1.6716	Val Accuracy: 33.3
Training Epoch: 131/200	Train Loss: 1.9713	Val Accuracy: 33.3
Training Epoch: 132/200	Train Loss: 0.4563	Val Accuracy: 32.3
Training Epoch: 133/200	Train Loss: 0.4944	Val Accuracy: 32.3
Training Epoch: 134/200	Train Loss: 1.7464	Val Accuracy: 33.14
Training Epoch: 135/200	Train Loss: 2.2841	Val Accuracy: 33.14
Training Epoch: 136/200	Train Loss: 0.4993	Val Accuracy: 33.14
Training Epoch: 137/200	Train Loss: 1.2253	Val Accuracy: 33.14
Training Epoch: 138/200	Train Loss: 0.354	Val Accuracy: 34.68
Training Epoch: 139/200	Train Loss: 1.5166	Val Accuracy: 34.68
Training Epoch: 140/200	Train Loss: 0.4565	Val Accuracy: 34.1
Training Epoch: 141/200	Train Loss: 0.9149	Val Accuracy: 34.1
Training Epoch: 142/200	Train Loss: 1.164	Val Accuracy: 32.8
Training Epoch: 143/200	Train Loss: 0.3485	Val Accuracy: 32.8
Training Epoch: 144/200	Train Loss: 1.4816	Val Accuracy: 33.64
Training Epoch: 145/200	Train Loss: 0.3449	Val Accuracy: 33.64
Training Epoch: 146/200	Train Loss: 0.5076	Val Accuracy: 34.12
Training Epoch: 147/200	Train Loss: 0.2863	Val Accuracy: 34.12
Training Epoch: 148/200	Train Loss: 0.8194	Val Accuracy: 33.42
Training Epoch: 149/200	Train Loss: 0.9138	Val Accuracy: 33.42
Training Epoch: 150/200	Train Loss: 1.2838	Val Accuracy: 33.26
Training Epoch: 151/200	Train Loss: 0.4032	Val Accuracy: 33.26
Training Epoch: 152/200	Train Loss: 0.4067	Val Accuracy: 33.44
Training Epoch: 153/200	Train Loss: 1.1109	Val Accuracy: 33.44
Training Epoch: 154/200	Train Loss: 0.3074	Val Accuracy: 33.88
Training Epoch: 155/200	Train Loss: 0.4304	Val Accuracy: 33.88
Training Epoch: 156/200	Train Loss: 0.1913	Val Accuracy: 33.72
Training Epoch: 157/200	Train Loss: 1.4878	Val Accuracy: 33.72
Training Epoch: 158/200	Train Loss: 0.6951	Val Accuracy: 33.22
Training Epoch: 159/200	Train Loss: 0.2691	Val Accuracy: 33.22
Training Epoch: 160/200	Train Loss: 0.1684	Val Accuracy: 33.72
Training Epoch: 161/200	Train Loss: 1.1012	Val Accuracy: 33.72
Training Epoch: 162/200	Train Loss: 0.1723	Val Accuracy: 33.1
Training Epoch: 163/200	Train Loss: 0.8426	Val Accuracy: 33.1
Training Epoch: 164/200	Train Loss: 0.6625	Val Accuracy: 34.28
Training Epoch: 165/200	Train Loss: 0.9501	Val Accuracy: 34.28
Training Epoch: 166/200	Train Loss: 0.8062	Val Accuracy: 33.12
Training Epoch: 167/200	Train Loss: 0.4821	Val Accuracy: 33.12
Training Epoch: 168/200	Train Loss: 0.1743	Val Accuracy: 33.86
Training Epoch: 169/200	Train Loss: 0.5166	Val Accuracy: 33.86
Training Epoch: 170/200	Train Loss: 1.8005	Val Accuracy: 33.8
Training Epoch: 171/200	Train Loss: 0.2802	Val Accuracy: 33.8
Training Epoch: 172/200	Train Loss: 0.2044	Val Accuracy: 33.86
Training Epoch: 173/200	Train Loss: 0.1172	Val Accuracy: 33.86
Training Epoch: 174/200	Train Loss: 0.1528	Val Accuracy: 34.02
Training Epoch: 175/200	Train Loss: 0.213	Val Accuracy: 34.02
Training Epoch: 176/200	Train Loss: 0.5461	Val Accuracy: 33.24
Training Epoch: 177/200	Train Loss: 0.7236	Val Accuracy: 33.24
Training Epoch: 178/200	Train Loss: 0.3769	Val Accuracy: 34.54
Training Epoch: 179/200	Train Loss: 1.1045	Val Accuracy: 34.54
Training Epoch: 180/200	Train Loss: 0.159	Val Accuracy: 34.24
Training Epoch: 181/200	Train Loss: 1.0052	Val Accuracy: 34.24
Training Epoch: 182/200	Train Loss: 0.082	Val Accuracy: 32.78
Training Epoch: 183/200	Train Loss: 0.1036	Val Accuracy: 32.78
Training Epoch: 184/200	Train Loss: 0.2139	Val Accuracy: 33.76
Training Epoch: 185/200	Train Loss: 0.0945	Val Accuracy: 33.76
Training Epoch: 186/200	Train Loss: 0.3108	Val Accuracy: 33.9
Training Epoch: 187/200	Train Loss: 0.4423	Val Accuracy: 33.9
Training Epoch: 188/200	Train Loss: 0.3084	Val Accuracy: 33.58
Training Epoch: 189/200	Train Loss: 0.194	Val Accuracy: 33.58
Training Epoch: 190/200	Train Loss: 0.1164	Val Accuracy: 34.3
Training Epoch: 191/200	Train Loss: 0.0978	Val Accuracy: 34.3
Training Epoch: 192/200	Train Loss: 0.1282	Val Accuracy: 34.2
Training Epoch: 193/200	Train Loss: 0.1274	Val Accuracy: 34.2
Training Epoch: 194/200	Train Loss: 0.7598	Val Accuracy: 34.26
Training Epoch: 195/200	Train Loss: 0.1242	Val Accuracy: 34.26
Training Epoch: 196/200	Train Loss: 0.1534	Val Accuracy: 34.04
Training Epoch: 197/200	Train Loss: 0.1717	Val Accuracy: 34.04
Training Epoch: 198/200	Train Loss: 1.3021	Val Accuracy: 34.28
Training Epoch: 199/200	Train Loss: 0.5244	Val Accuracy: 34.28
Training Epoch: 200/200	Train Loss: 0.222	Val Accuracy: 34.6

Wrote Best Model Checkpoint to: vlBest_acc_34_model_epoch_0138.pyth

Best Validation Accuracy: 34.68
Best Epoch: 138

======== TESTING ========

Test Accuracy: 33.69.

======== ACTIVE SAMPLING ========

len(uSetLoader): 445
u_ranks.shape: (44500,)
Active Sampling Complete. After Episode 9:
New Labeled Set: 550, New Unlabeled Set: 44450, Active Set: 50

================================


Current accuracy values:  [18.319999999999993, 20.549999999999997, 17.75, 27.439999122619625, 21.25, 27.689999504089357, 28.389999389648438, 29.679999504089352, 29.91999935150146, 33.68999908447266]
Starting model from scratch - ignoring existing weights.
<All keys matched successfully>
None
======== EPISODE 10 BEGINS ========

======== TRAINING ========
Training Epoch: 1/200	Train Loss: 9.6278	Val Accuracy: 0.0
Training Epoch: 2/200	Train Loss: 12.2351	Val Accuracy: 10.32
Training Epoch: 3/200	Train Loss: 5.6249	Val Accuracy: 10.32
Training Epoch: 4/200	Train Loss: 3.693	Val Accuracy: 9.82
Training Epoch: 5/200	Train Loss: 3.3212	Val Accuracy: 9.82
Training Epoch: 6/200	Train Loss: 2.6529	Val Accuracy: 8.5
Training Epoch: 7/200	Train Loss: 3.7932	Val Accuracy: 8.5
Training Epoch: 8/200	Train Loss: 3.875	Val Accuracy: 10.44
Training Epoch: 9/200	Train Loss: 5.2428	Val Accuracy: 10.44
Training Epoch: 10/200	Train Loss: 2.327	Val Accuracy: 9.74
Training Epoch: 11/200	Train Loss: 5.8065	Val Accuracy: 9.74
Training Epoch: 12/200	Train Loss: 2.222	Val Accuracy: 9.88
Training Epoch: 13/200	Train Loss: 6.2188	Val Accuracy: 9.88
Training Epoch: 14/200	Train Loss: 7.2429	Val Accuracy: 10.66
Training Epoch: 15/200	Train Loss: 2.2374	Val Accuracy: 10.66
Training Epoch: 16/200	Train Loss: 2.1758	Val Accuracy: 10.82
Training Epoch: 17/200	Train Loss: 7.2582	Val Accuracy: 10.82
Training Epoch: 18/200	Train Loss: 5.5284	Val Accuracy: 12.24
Training Epoch: 19/200	Train Loss: 2.889	Val Accuracy: 12.24
Training Epoch: 20/200	Train Loss: 2.3542	Val Accuracy: 10.32
Training Epoch: 21/200	Train Loss: 3.6767	Val Accuracy: 10.32
Training Epoch: 22/200	Train Loss: 3.9023	Val Accuracy: 14.64
Training Epoch: 23/200	Train Loss: 3.2168	Val Accuracy: 14.64
Training Epoch: 24/200	Train Loss: 3.989	Val Accuracy: 16.12
Training Epoch: 25/200	Train Loss: 3.3853	Val Accuracy: 16.12
Training Epoch: 26/200	Train Loss: 2.215	Val Accuracy: 14.32
Training Epoch: 27/200	Train Loss: 4.0195	Val Accuracy: 14.32
Training Epoch: 28/200	Train Loss: 3.3528	Val Accuracy: 14.06
Training Epoch: 29/200	Train Loss: 3.4648	Val Accuracy: 14.06
Training Epoch: 30/200	Train Loss: 3.2443	Val Accuracy: 18.06
Training Epoch: 31/200	Train Loss: 2.3278	Val Accuracy: 18.06
Training Epoch: 32/200	Train Loss: 3.5643	Val Accuracy: 14.58
Training Epoch: 33/200	Train Loss: 7.5176	Val Accuracy: 14.58
Training Epoch: 34/200	Train Loss: 2.9526	Val Accuracy: 17.18
Training Epoch: 35/200	Train Loss: 2.4784	Val Accuracy: 17.18
Training Epoch: 36/200	Train Loss: 2.1578	Val Accuracy: 19.22
Training Epoch: 37/200	Train Loss: 2.9887	Val Accuracy: 19.22
Training Epoch: 38/200	Train Loss: 2.6071	Val Accuracy: 19.9
Training Epoch: 39/200	Train Loss: 3.6576	Val Accuracy: 19.9
Training Epoch: 40/200	Train Loss: 5.481	Val Accuracy: 12.6
Training Epoch: 41/200	Train Loss: 2.1649	Val Accuracy: 12.6
Training Epoch: 42/200	Train Loss: 2.1183	Val Accuracy: 11.64
Training Epoch: 43/200	Train Loss: 2.0685	Val Accuracy: 11.64
Training Epoch: 44/200	Train Loss: 2.8445	Val Accuracy: 13.22
Training Epoch: 45/200	Train Loss: 3.8184	Val Accuracy: 13.22
Training Epoch: 46/200	Train Loss: 3.0825	Val Accuracy: 18.3
Training Epoch: 47/200	Train Loss: 1.8797	Val Accuracy: 18.3
Training Epoch: 48/200	Train Loss: 2.1233	Val Accuracy: 19.3
Training Epoch: 49/200	Train Loss: 1.8679	Val Accuracy: 19.3
Training Epoch: 50/200	Train Loss: 4.3663	Val Accuracy: 21.44
Training Epoch: 51/200	Train Loss: 3.9302	Val Accuracy: 21.44
Training Epoch: 52/200	Train Loss: 3.5574	Val Accuracy: 19.72
Training Epoch: 53/200	Train Loss: 2.5419	Val Accuracy: 19.72
Training Epoch: 54/200	Train Loss: 2.0303	Val Accuracy: 21.64
Training Epoch: 55/200	Train Loss: 2.4061	Val Accuracy: 21.64
Training Epoch: 56/200	Train Loss: 3.0024	Val Accuracy: 21.62
Training Epoch: 57/200	Train Loss: 2.1227	Val Accuracy: 21.62
Training Epoch: 58/200	Train Loss: 7.4308	Val Accuracy: 21.38
Training Epoch: 59/200	Train Loss: 2.1838	Val Accuracy: 21.38
Training Epoch: 60/200	Train Loss: 2.8478	Val Accuracy: 20.44
Training Epoch: 61/200	Train Loss: 1.9454	Val Accuracy: 20.44
Training Epoch: 62/200	Train Loss: 1.7624	Val Accuracy: 22.5
Training Epoch: 63/200	Train Loss: 3.7753	Val Accuracy: 22.5
Training Epoch: 64/200	Train Loss: 1.7872	Val Accuracy: 22.84
Training Epoch: 65/200	Train Loss: 1.6894	Val Accuracy: 22.84
Training Epoch: 66/200	Train Loss: 1.7093	Val Accuracy: 24.06
Training Epoch: 67/200	Train Loss: 1.732	Val Accuracy: 24.06
Training Epoch: 68/200	Train Loss: 2.7042	Val Accuracy: 23.82
Training Epoch: 69/200	Train Loss: 1.7196	Val Accuracy: 23.82
Training Epoch: 70/200	Train Loss: 2.0251	Val Accuracy: 25.12
Training Epoch: 71/200	Train Loss: 2.7455	Val Accuracy: 25.12
Training Epoch: 72/200	Train Loss: 1.8847	Val Accuracy: 23.42
Training Epoch: 73/200	Train Loss: 1.8033	Val Accuracy: 23.42
Training Epoch: 74/200	Train Loss: 4.5427	Val Accuracy: 26.78
Training Epoch: 75/200	Train Loss: 1.5961	Val Accuracy: 26.78
Training Epoch: 76/200	Train Loss: 1.7807	Val Accuracy: 23.42
Training Epoch: 77/200	Train Loss: 1.7082	Val Accuracy: 23.42
Training Epoch: 78/200	Train Loss: 4.4262	Val Accuracy: 25.58
Training Epoch: 79/200	Train Loss: 1.6087	Val Accuracy: 25.58
Training Epoch: 80/200	Train Loss: 3.6232	Val Accuracy: 20.12
Training Epoch: 81/200	Train Loss: 2.8596	Val Accuracy: 20.12
Training Epoch: 82/200	Train Loss: 1.559	Val Accuracy: 20.78
Training Epoch: 83/200	Train Loss: 2.2988	Val Accuracy: 20.78
Training Epoch: 84/200	Train Loss: 2.5882	Val Accuracy: 24.28
Training Epoch: 85/200	Train Loss: 3.9408	Val Accuracy: 24.28
Training Epoch: 86/200	Train Loss: 1.7637	Val Accuracy: 24.58
Training Epoch: 87/200	Train Loss: 2.2123	Val Accuracy: 24.58
Training Epoch: 88/200	Train Loss: 2.3236	Val Accuracy: 26.6
Training Epoch: 89/200	Train Loss: 4.5023	Val Accuracy: 26.6
Training Epoch: 90/200	Train Loss: 1.6031	Val Accuracy: 26.66
Training Epoch: 91/200	Train Loss: 1.5319	Val Accuracy: 26.66
Training Epoch: 92/200	Train Loss: 2.4425	Val Accuracy: 26.2
Training Epoch: 93/200	Train Loss: 2.5106	Val Accuracy: 26.2
Training Epoch: 94/200	Train Loss: 1.569	Val Accuracy: 28.9
Training Epoch: 95/200	Train Loss: 1.5452	Val Accuracy: 28.9
Training Epoch: 96/200	Train Loss: 1.7182	Val Accuracy: 26.9
Training Epoch: 97/200	Train Loss: 1.3596	Val Accuracy: 26.9
Training Epoch: 98/200	Train Loss: 1.501	Val Accuracy: 27.66
Training Epoch: 99/200	Train Loss: 1.5698	Val Accuracy: 27.66
Training Epoch: 100/200	Train Loss: 2.7413	Val Accuracy: 29.1
Training Epoch: 101/200	Train Loss: 1.3456	Val Accuracy: 29.1
Training Epoch: 102/200	Train Loss: 1.5597	Val Accuracy: 28.82
Training Epoch: 103/200	Train Loss: 1.2992	Val Accuracy: 28.82
Training Epoch: 104/200	Train Loss: 1.8991	Val Accuracy: 29.64
Training Epoch: 105/200	Train Loss: 1.2456	Val Accuracy: 29.64
Training Epoch: 106/200	Train Loss: 1.3788	Val Accuracy: 29.46
Training Epoch: 107/200	Train Loss: 2.516	Val Accuracy: 29.46
Training Epoch: 108/200	Train Loss: 1.4545	Val Accuracy: 28.62
Training Epoch: 109/200	Train Loss: 2.3988	Val Accuracy: 28.62
Training Epoch: 110/200	Train Loss: 2.3952	Val Accuracy: 29.48
Training Epoch: 111/200	Train Loss: 1.1847	Val Accuracy: 29.48
Training Epoch: 112/200	Train Loss: 3.0016	Val Accuracy: 29.0
Training Epoch: 113/200	Train Loss: 1.268	Val Accuracy: 29.0
Training Epoch: 114/200	Train Loss: 1.0886	Val Accuracy: 30.2
Training Epoch: 115/200	Train Loss: 1.1604	Val Accuracy: 30.2
Training Epoch: 116/200	Train Loss: 1.0447	Val Accuracy: 31.52
Training Epoch: 117/200	Train Loss: 1.2542	Val Accuracy: 31.52
Training Epoch: 118/200	Train Loss: 4.5703	Val Accuracy: 31.4
Training Epoch: 119/200	Train Loss: 1.1322	Val Accuracy: 31.4
Training Epoch: 120/200	Train Loss: 1.0832	Val Accuracy: 30.3
Training Epoch: 121/200	Train Loss: 1.0721	Val Accuracy: 30.3
Training Epoch: 122/200	Train Loss: 1.1536	Val Accuracy: 30.04
Training Epoch: 123/200	Train Loss: 1.2015	Val Accuracy: 30.04
Training Epoch: 124/200	Train Loss: 1.6971	Val Accuracy: 30.8
Training Epoch: 125/200	Train Loss: 1.1594	Val Accuracy: 30.8
Training Epoch: 126/200	Train Loss: 1.2941	Val Accuracy: 30.94
Training Epoch: 127/200	Train Loss: 1.128	Val Accuracy: 30.94
Training Epoch: 128/200	Train Loss: 2.1528	Val Accuracy: 31.3
Training Epoch: 129/200	Train Loss: 0.9662	Val Accuracy: 31.3
Training Epoch: 130/200	Train Loss: 1.0243	Val Accuracy: 32.34
Training Epoch: 131/200	Train Loss: 2.4467	Val Accuracy: 32.34
Training Epoch: 132/200	Train Loss: 0.9327	Val Accuracy: 32.22
Training Epoch: 133/200	Train Loss: 0.9419	Val Accuracy: 32.22
Training Epoch: 134/200	Train Loss: 0.792	Val Accuracy: 32.92
Training Epoch: 135/200	Train Loss: 1.0598	Val Accuracy: 32.92
Training Epoch: 136/200	Train Loss: 0.8778	Val Accuracy: 31.96
Training Epoch: 137/200	Train Loss: 0.8364	Val Accuracy: 31.96
Training Epoch: 138/200	Train Loss: 0.648	Val Accuracy: 31.5
Training Epoch: 139/200	Train Loss: 0.7585	Val Accuracy: 31.5
Training Epoch: 140/200	Train Loss: 0.9493	Val Accuracy: 31.02
Training Epoch: 141/200	Train Loss: 0.6381	Val Accuracy: 31.02
Training Epoch: 142/200	Train Loss: 2.1264	Val Accuracy: 31.92
Training Epoch: 143/200	Train Loss: 0.5864	Val Accuracy: 31.92
Training Epoch: 144/200	Train Loss: 0.8956	Val Accuracy: 32.1
Training Epoch: 145/200	Train Loss: 1.4659	Val Accuracy: 32.1
Training Epoch: 146/200	Train Loss: 0.5643	Val Accuracy: 31.74
Training Epoch: 147/200	Train Loss: 0.6912	Val Accuracy: 31.74
Training Epoch: 148/200	Train Loss: 1.3182	Val Accuracy: 31.72
Training Epoch: 149/200	Train Loss: 0.5212	Val Accuracy: 31.72
Training Epoch: 150/200	Train Loss: 1.1477	Val Accuracy: 32.02
Training Epoch: 151/200	Train Loss: 1.4758	Val Accuracy: 32.02
Training Epoch: 152/200	Train Loss: 0.8651	Val Accuracy: 32.12
Training Epoch: 153/200	Train Loss: 0.5773	Val Accuracy: 32.12
Training Epoch: 154/200	Train Loss: 0.5447	Val Accuracy: 30.58
Training Epoch: 155/200	Train Loss: 0.4587	Val Accuracy: 30.58
Training Epoch: 156/200	Train Loss: 0.8216	Val Accuracy: 31.94
Training Epoch: 157/200	Train Loss: 0.9839	Val Accuracy: 31.94
Training Epoch: 158/200	Train Loss: 1.0011	Val Accuracy: 31.86
Training Epoch: 159/200	Train Loss: 0.4147	Val Accuracy: 31.86
Training Epoch: 160/200	Train Loss: 1.288	Val Accuracy: 31.26
Training Epoch: 161/200	Train Loss: 0.4815	Val Accuracy: 31.26
Training Epoch: 162/200	Train Loss: 0.5916	Val Accuracy: 31.5
Training Epoch: 163/200	Train Loss: 0.3594	Val Accuracy: 31.5
Training Epoch: 164/200	Train Loss: 1.3355	Val Accuracy: 31.58
Training Epoch: 165/200	Train Loss: 0.3794	Val Accuracy: 31.58
Training Epoch: 166/200	Train Loss: 0.2748	Val Accuracy: 32.86
Training Epoch: 167/200	Train Loss: 0.4169	Val Accuracy: 32.86
Training Epoch: 168/200	Train Loss: 1.6877	Val Accuracy: 33.1
Training Epoch: 169/200	Train Loss: 0.395	Val Accuracy: 33.1
Training Epoch: 170/200	Train Loss: 0.3627	Val Accuracy: 32.78
Training Epoch: 171/200	Train Loss: 0.4262	Val Accuracy: 32.78
Training Epoch: 172/200	Train Loss: 0.2234	Val Accuracy: 32.5
Training Epoch: 173/200	Train Loss: 0.4294	Val Accuracy: 32.5
Training Epoch: 174/200	Train Loss: 0.3576	Val Accuracy: 33.14
Training Epoch: 175/200	Train Loss: 0.2509	Val Accuracy: 33.14
Training Epoch: 176/200	Train Loss: 0.2651	Val Accuracy: 32.34
Training Epoch: 177/200	Train Loss: 0.896	Val Accuracy: 32.34
Training Epoch: 178/200	Train Loss: 0.4654	Val Accuracy: 33.44
Training Epoch: 179/200	Train Loss: 0.4428	Val Accuracy: 33.44
Training Epoch: 180/200	Train Loss: 0.4526	Val Accuracy: 32.02
Training Epoch: 181/200	Train Loss: 0.346	Val Accuracy: 32.02
Training Epoch: 182/200	Train Loss: 0.3918	Val Accuracy: 32.24
Training Epoch: 183/200	Train Loss: 0.6433	Val Accuracy: 32.24
Training Epoch: 184/200	Train Loss: 0.3442	Val Accuracy: 32.48
Training Epoch: 185/200	Train Loss: 0.7276	Val Accuracy: 32.48
Training Epoch: 186/200	Train Loss: 0.6292	Val Accuracy: 32.46
Training Epoch: 187/200	Train Loss: 0.3964	Val Accuracy: 32.46
Training Epoch: 188/200	Train Loss: 0.241	Val Accuracy: 32.5
Training Epoch: 189/200	Train Loss: 1.1497	Val Accuracy: 32.5
Training Epoch: 190/200	Train Loss: 0.9034	Val Accuracy: 32.26
Training Epoch: 191/200	Train Loss: 0.2369	Val Accuracy: 32.26
Training Epoch: 192/200	Train Loss: 0.2052	Val Accuracy: 32.58
Training Epoch: 193/200	Train Loss: 0.4556	Val Accuracy: 32.58
Training Epoch: 194/200	Train Loss: 0.3315	Val Accuracy: 32.58
Training Epoch: 195/200	Train Loss: 0.8482	Val Accuracy: 32.58
Training Epoch: 196/200	Train Loss: 0.2564	Val Accuracy: 32.02
Training Epoch: 197/200	Train Loss: 1.946	Val Accuracy: 32.02
Training Epoch: 198/200	Train Loss: 1.4148	Val Accuracy: 32.18
Training Epoch: 199/200	Train Loss: 2.0489	Val Accuracy: 32.18
Training Epoch: 200/200	Train Loss: 0.9039	Val Accuracy: 32.22

Wrote Best Model Checkpoint to: vlBest_acc_33_model_epoch_0178.pyth

Best Validation Accuracy: 33.44
Best Epoch: 178

======== TESTING ========

Test Accuracy: 32.23.

======== ACTIVE SAMPLING ========

len(uSetLoader): 445
u_ranks.shape: (44450,)
Active Sampling Complete. After Episode 10:
New Labeled Set: 600, New Unlabeled Set: 44400, Active Set: 50

================================


Current accuracy values:  [18.319999999999993, 20.549999999999997, 17.75, 27.439999122619625, 21.25, 27.689999504089357, 28.389999389648438, 29.679999504089352, 29.91999935150146, 33.68999908447266, 32.22999935150146]
Starting model from scratch - ignoring existing weights.
<All keys matched successfully>
None
======== EPISODE 11 BEGINS ========

======== TRAINING ========
Training Epoch: 1/200	Train Loss: 16.934	Val Accuracy: 0.0
Training Epoch: 2/200	Train Loss: 5.4196	Val Accuracy: 9.88
Training Epoch: 3/200	Train Loss: 4.485	Val Accuracy: 9.88
Training Epoch: 4/200	Train Loss: 4.1134	Val Accuracy: 10.02
Training Epoch: 5/200	Train Loss: 2.7888	Val Accuracy: 10.02
Training Epoch: 6/200	Train Loss: 2.3977	Val Accuracy: 10.82
Training Epoch: 7/200	Train Loss: 3.8791	Val Accuracy: 10.82
Training Epoch: 8/200	Train Loss: 3.7491	Val Accuracy: 10.34
Training Epoch: 9/200	Train Loss: 2.9955	Val Accuracy: 10.34
Training Epoch: 10/200	Train Loss: 4.4295	Val Accuracy: 9.88
Training Epoch: 11/200	Train Loss: 4.0533	Val Accuracy: 9.88
Training Epoch: 12/200	Train Loss: 4.3563	Val Accuracy: 9.8
Training Epoch: 13/200	Train Loss: 2.9358	Val Accuracy: 9.8
Training Epoch: 14/200	Train Loss: 3.5052	Val Accuracy: 13.58
Training Epoch: 15/200	Train Loss: 3.2049	Val Accuracy: 13.58
Training Epoch: 16/200	Train Loss: 2.2976	Val Accuracy: 13.24
Training Epoch: 17/200	Train Loss: 2.9291	Val Accuracy: 13.24
Training Epoch: 18/200	Train Loss: 3.3417	Val Accuracy: 15.64
Training Epoch: 19/200	Train Loss: 2.7507	Val Accuracy: 15.64
Training Epoch: 20/200	Train Loss: 2.1163	Val Accuracy: 17.48
Training Epoch: 21/200	Train Loss: 2.3866	Val Accuracy: 17.48
Training Epoch: 22/200	Train Loss: 3.2139	Val Accuracy: 13.78
Training Epoch: 23/200	Train Loss: 2.2696	Val Accuracy: 13.78
Training Epoch: 24/200	Train Loss: 1.9034	Val Accuracy: 13.96
Training Epoch: 25/200	Train Loss: 3.6537	Val Accuracy: 13.96
Training Epoch: 26/200	Train Loss: 3.3374	Val Accuracy: 17.18
Training Epoch: 27/200	Train Loss: 2.1644	Val Accuracy: 17.18
Training Epoch: 28/200	Train Loss: 3.6526	Val Accuracy: 12.6
Training Epoch: 29/200	Train Loss: 6.0606	Val Accuracy: 12.6
Training Epoch: 30/200	Train Loss: 2.0222	Val Accuracy: 11.72
Training Epoch: 31/200	Train Loss: 3.9924	Val Accuracy: 11.72
Training Epoch: 32/200	Train Loss: 2.5903	Val Accuracy: 11.9
Training Epoch: 33/200	Train Loss: 3.6752	Val Accuracy: 11.9
Training Epoch: 34/200	Train Loss: 2.2861	Val Accuracy: 17.3
Training Epoch: 35/200	Train Loss: 2.1229	Val Accuracy: 17.3
Training Epoch: 36/200	Train Loss: 2.6338	Val Accuracy: 20.14
Training Epoch: 37/200	Train Loss: 2.1674	Val Accuracy: 20.14
Training Epoch: 38/200	Train Loss: 2.6478	Val Accuracy: 21.4
Training Epoch: 39/200	Train Loss: 2.8546	Val Accuracy: 21.4
Training Epoch: 40/200	Train Loss: 2.2959	Val Accuracy: 21.98
Training Epoch: 41/200	Train Loss: 2.8738	Val Accuracy: 21.98
Training Epoch: 42/200	Train Loss: 1.6419	Val Accuracy: 22.82
Training Epoch: 43/200	Train Loss: 1.6802	Val Accuracy: 22.82
Training Epoch: 44/200	Train Loss: 1.6045	Val Accuracy: 23.46
Training Epoch: 45/200	Train Loss: 2.1168	Val Accuracy: 23.46
Training Epoch: 46/200	Train Loss: 3.5097	Val Accuracy: 24.7
Training Epoch: 47/200	Train Loss: 2.2761	Val Accuracy: 24.7
Training Epoch: 48/200	Train Loss: 1.845	Val Accuracy: 24.06
Training Epoch: 49/200	Train Loss: 2.4093	Val Accuracy: 24.06
Training Epoch: 50/200	Train Loss: 2.537	Val Accuracy: 24.96
Training Epoch: 51/200	Train Loss: 3.1526	Val Accuracy: 24.96
Training Epoch: 52/200	Train Loss: 2.3208	Val Accuracy: 25.98
Training Epoch: 53/200	Train Loss: 1.9867	Val Accuracy: 25.98
Training Epoch: 54/200	Train Loss: 2.1344	Val Accuracy: 25.98
Training Epoch: 55/200	Train Loss: 2.3326	Val Accuracy: 25.98
Training Epoch: 56/200	Train Loss: 2.351	Val Accuracy: 22.72
Training Epoch: 57/200	Train Loss: 1.4429	Val Accuracy: 22.72
Training Epoch: 58/200	Train Loss: 2.0849	Val Accuracy: 26.48
Training Epoch: 59/200	Train Loss: 1.4746	Val Accuracy: 26.48
Training Epoch: 60/200	Train Loss: 1.4805	Val Accuracy: 26.34
Training Epoch: 61/200	Train Loss: 1.3699	Val Accuracy: 26.34
Training Epoch: 62/200	Train Loss: 1.9815	Val Accuracy: 25.5
Training Epoch: 63/200	Train Loss: 2.1081	Val Accuracy: 25.5
Training Epoch: 64/200	Train Loss: 2.0184	Val Accuracy: 28.44
Training Epoch: 65/200	Train Loss: 1.4885	Val Accuracy: 28.44
Training Epoch: 66/200	Train Loss: 1.8392	Val Accuracy: 28.2
Training Epoch: 67/200	Train Loss: 1.5033	Val Accuracy: 28.2
Training Epoch: 68/200	Train Loss: 1.8881	Val Accuracy: 28.4
Training Epoch: 69/200	Train Loss: 1.7555	Val Accuracy: 28.4
Training Epoch: 70/200	Train Loss: 1.2606	Val Accuracy: 28.0
Training Epoch: 71/200	Train Loss: 1.6821	Val Accuracy: 28.0
Training Epoch: 72/200	Train Loss: 1.5934	Val Accuracy: 27.78
Training Epoch: 73/200	Train Loss: 1.4205	Val Accuracy: 27.78
Training Epoch: 74/200	Train Loss: 1.5338	Val Accuracy: 28.6
Training Epoch: 75/200	Train Loss: 1.4833	Val Accuracy: 28.6
Training Epoch: 76/200	Train Loss: 1.8252	Val Accuracy: 28.64
Training Epoch: 77/200	Train Loss: 1.3186	Val Accuracy: 28.64
Training Epoch: 78/200	Train Loss: 1.2459	Val Accuracy: 26.74
Training Epoch: 79/200	Train Loss: 1.4529	Val Accuracy: 26.74
Training Epoch: 80/200	Train Loss: 0.8595	Val Accuracy: 27.32
Training Epoch: 81/200	Train Loss: 2.0826	Val Accuracy: 27.32
Training Epoch: 82/200	Train Loss: 1.7215	Val Accuracy: 28.66
Training Epoch: 83/200	Train Loss: 1.3322	Val Accuracy: 28.66
Training Epoch: 84/200	Train Loss: 0.8751	Val Accuracy: 28.18
Training Epoch: 85/200	Train Loss: 1.3618	Val Accuracy: 28.18
Training Epoch: 86/200	Train Loss: 1.6794	Val Accuracy: 28.56
Training Epoch: 87/200	Train Loss: 1.4273	Val Accuracy: 28.56
Training Epoch: 88/200	Train Loss: 1.3641	Val Accuracy: 29.1
Training Epoch: 89/200	Train Loss: 0.75	Val Accuracy: 29.1
Training Epoch: 90/200	Train Loss: 1.1838	Val Accuracy: 29.62
Training Epoch: 91/200	Train Loss: 0.9486	Val Accuracy: 29.62
Training Epoch: 92/200	Train Loss: 0.6226	Val Accuracy: 29.52
Training Epoch: 93/200	Train Loss: 0.8643	Val Accuracy: 29.52
Training Epoch: 94/200	Train Loss: 1.1863	Val Accuracy: 28.92
Training Epoch: 95/200	Train Loss: 1.1764	Val Accuracy: 28.92
Training Epoch: 96/200	Train Loss: 0.6216	Val Accuracy: 29.56
Training Epoch: 97/200	Train Loss: 0.7339	Val Accuracy: 29.56
Training Epoch: 98/200	Train Loss: 0.7064	Val Accuracy: 29.06
Training Epoch: 99/200	Train Loss: 0.5939	Val Accuracy: 29.06
Training Epoch: 100/200	Train Loss: 0.5942	Val Accuracy: 27.78
Training Epoch: 101/200	Train Loss: 0.9946	Val Accuracy: 27.78
Training Epoch: 102/200	Train Loss: 1.13	Val Accuracy: 28.34
Training Epoch: 103/200	Train Loss: 1.1331	Val Accuracy: 28.34
Training Epoch: 104/200	Train Loss: 1.1489	Val Accuracy: 29.46
Training Epoch: 105/200	Train Loss: 0.6232	Val Accuracy: 29.46
Training Epoch: 106/200	Train Loss: 1.1289	Val Accuracy: 28.66
Training Epoch: 107/200	Train Loss: 0.5446	Val Accuracy: 28.66
Training Epoch: 108/200	Train Loss: 1.3612	Val Accuracy: 30.9
Training Epoch: 109/200	Train Loss: 1.5534	Val Accuracy: 30.9
Training Epoch: 110/200	Train Loss: 0.5536	Val Accuracy: 29.04
Training Epoch: 111/200	Train Loss: 0.8615	Val Accuracy: 29.04
Training Epoch: 112/200	Train Loss: 0.3998	Val Accuracy: 28.42
Training Epoch: 113/200	Train Loss: 1.0076	Val Accuracy: 28.42
Training Epoch: 114/200	Train Loss: 0.4714	Val Accuracy: 29.42
Training Epoch: 115/200	Train Loss: 0.7235	Val Accuracy: 29.42
Training Epoch: 116/200	Train Loss: 1.4913	Val Accuracy: 28.38
Training Epoch: 117/200	Train Loss: 0.8542	Val Accuracy: 28.38
Training Epoch: 118/200	Train Loss: 0.2953	Val Accuracy: 28.5
Training Epoch: 119/200	Train Loss: 0.296	Val Accuracy: 28.5
Training Epoch: 120/200	Train Loss: 0.657	Val Accuracy: 27.86
Training Epoch: 121/200	Train Loss: 0.2593	Val Accuracy: 27.86
Training Epoch: 122/200	Train Loss: 0.3719	Val Accuracy: 28.42
Training Epoch: 123/200	Train Loss: 0.6472	Val Accuracy: 28.42
Training Epoch: 124/200	Train Loss: 0.682	Val Accuracy: 29.88
Training Epoch: 125/200	Train Loss: 0.7685	Val Accuracy: 29.88
Training Epoch: 126/200	Train Loss: 0.3483	Val Accuracy: 29.02
Training Epoch: 127/200	Train Loss: 0.7975	Val Accuracy: 29.02
Training Epoch: 128/200	Train Loss: 1.0934	Val Accuracy: 29.58
Training Epoch: 129/200	Train Loss: 0.5693	Val Accuracy: 29.58
Training Epoch: 130/200	Train Loss: 0.7378	Val Accuracy: 29.18
Training Epoch: 131/200	Train Loss: 0.1958	Val Accuracy: 29.18
Training Epoch: 132/200	Train Loss: 0.8567	Val Accuracy: 29.66
Training Epoch: 133/200	Train Loss: 0.5043	Val Accuracy: 29.66
Training Epoch: 134/200	Train Loss: 0.4738	Val Accuracy: 29.24
Training Epoch: 135/200	Train Loss: 0.2086	Val Accuracy: 29.24
Training Epoch: 136/200	Train Loss: 0.1505	Val Accuracy: 29.74
Training Epoch: 137/200	Train Loss: 0.2932	Val Accuracy: 29.74
Training Epoch: 138/200	Train Loss: 0.4211	Val Accuracy: 28.92
Training Epoch: 139/200	Train Loss: 0.2083	Val Accuracy: 28.92
Training Epoch: 140/200	Train Loss: 0.4947	Val Accuracy: 29.86
Training Epoch: 141/200	Train Loss: 0.3568	Val Accuracy: 29.86
Training Epoch: 142/200	Train Loss: 0.2672	Val Accuracy: 29.38
Training Epoch: 143/200	Train Loss: 0.3565	Val Accuracy: 29.38
Training Epoch: 144/200	Train Loss: 0.3199	Val Accuracy: 28.54
Training Epoch: 145/200	Train Loss: 0.749	Val Accuracy: 28.54
Training Epoch: 146/200	Train Loss: 0.3463	Val Accuracy: 29.4
Training Epoch: 147/200	Train Loss: 0.5743	Val Accuracy: 29.4
Training Epoch: 148/200	Train Loss: 0.6017	Val Accuracy: 29.96
Training Epoch: 149/200	Train Loss: 0.1422	Val Accuracy: 29.96
Training Epoch: 150/200	Train Loss: 0.3487	Val Accuracy: 28.62
Training Epoch: 151/200	Train Loss: 0.3764	Val Accuracy: 28.62
Training Epoch: 152/200	Train Loss: 0.4136	Val Accuracy: 29.34
Training Epoch: 153/200	Train Loss: 0.4043	Val Accuracy: 29.34
Training Epoch: 154/200	Train Loss: 0.4639	Val Accuracy: 29.34
Training Epoch: 155/200	Train Loss: 0.2108	Val Accuracy: 29.34
Training Epoch: 156/200	Train Loss: 0.3321	Val Accuracy: 29.66
Training Epoch: 157/200	Train Loss: 0.1734	Val Accuracy: 29.66
Training Epoch: 158/200	Train Loss: 0.4394	Val Accuracy: 29.84
Training Epoch: 159/200	Train Loss: 0.2405	Val Accuracy: 29.84
Training Epoch: 160/200	Train Loss: 0.406	Val Accuracy: 30.34
Training Epoch: 161/200	Train Loss: 0.4181	Val Accuracy: 30.34
Training Epoch: 162/200	Train Loss: 0.1685	Val Accuracy: 30.3
Training Epoch: 163/200	Train Loss: 0.2185	Val Accuracy: 30.3
Training Epoch: 164/200	Train Loss: 0.2295	Val Accuracy: 30.34
Training Epoch: 165/200	Train Loss: 0.4878	Val Accuracy: 30.34
Training Epoch: 166/200	Train Loss: 0.1671	Val Accuracy: 30.2
Training Epoch: 167/200	Train Loss: 0.1443	Val Accuracy: 30.2
Training Epoch: 168/200	Train Loss: 0.3755	Val Accuracy: 31.14
Training Epoch: 169/200	Train Loss: 0.4133	Val Accuracy: 31.14
Training Epoch: 170/200	Train Loss: 0.1371	Val Accuracy: 29.8
Training Epoch: 171/200	Train Loss: 0.0556	Val Accuracy: 29.8
Training Epoch: 172/200	Train Loss: 0.3042	Val Accuracy: 29.92
Training Epoch: 173/200	Train Loss: 0.1797	Val Accuracy: 29.92
Training Epoch: 174/200	Train Loss: 0.3824	Val Accuracy: 30.34
Training Epoch: 175/200	Train Loss: 0.4166	Val Accuracy: 30.34
Training Epoch: 176/200	Train Loss: 0.2253	Val Accuracy: 29.66
Training Epoch: 177/200	Train Loss: 0.0603	Val Accuracy: 29.66
Training Epoch: 178/200	Train Loss: 0.7085	Val Accuracy: 30.16
Training Epoch: 179/200	Train Loss: 0.3131	Val Accuracy: 30.16
Training Epoch: 180/200	Train Loss: 0.4762	Val Accuracy: 29.74
Training Epoch: 181/200	Train Loss: 0.0677	Val Accuracy: 29.74
Training Epoch: 182/200	Train Loss: 0.3229	Val Accuracy: 29.18
Training Epoch: 183/200	Train Loss: 0.5801	Val Accuracy: 29.18
Training Epoch: 184/200	Train Loss: 0.07	Val Accuracy: 30.46
Training Epoch: 185/200	Train Loss: 0.4621	Val Accuracy: 30.46
Training Epoch: 186/200	Train Loss: 0.7968	Val Accuracy: 30.84
Training Epoch: 187/200	Train Loss: 0.2634	Val Accuracy: 30.84
Training Epoch: 188/200	Train Loss: 0.2763	Val Accuracy: 29.58
Training Epoch: 189/200	Train Loss: 0.6455	Val Accuracy: 29.58
Training Epoch: 190/200	Train Loss: 0.3509	Val Accuracy: 30.26
Training Epoch: 191/200	Train Loss: 0.3648	Val Accuracy: 30.26
Training Epoch: 192/200	Train Loss: 0.312	Val Accuracy: 29.52
Training Epoch: 193/200	Train Loss: 0.0462	Val Accuracy: 29.52
Training Epoch: 194/200	Train Loss: 0.1238	Val Accuracy: 30.3
Training Epoch: 195/200	Train Loss: 0.166	Val Accuracy: 30.3
Training Epoch: 196/200	Train Loss: 0.1645	Val Accuracy: 29.16
Training Epoch: 197/200	Train Loss: 0.1845	Val Accuracy: 29.16
Training Epoch: 198/200	Train Loss: 0.6777	Val Accuracy: 30.22
Training Epoch: 199/200	Train Loss: 0.1316	Val Accuracy: 30.22
Training Epoch: 200/200	Train Loss: 0.0888	Val Accuracy: 30.26

Wrote Best Model Checkpoint to: vlBest_acc_31_model_epoch_0168.pyth

Best Validation Accuracy: 31.14
Best Epoch: 168

======== TESTING ========

Test Accuracy: 29.52.

======== ACTIVE SAMPLING ========

len(uSetLoader): 444
u_ranks.shape: (44400,)
Active Sampling Complete. After Episode 11:
New Labeled Set: 650, New Unlabeled Set: 44350, Active Set: 50

================================


Current accuracy values:  [18.319999999999993, 20.549999999999997, 17.75, 27.439999122619625, 21.25, 27.689999504089357, 28.389999389648438, 29.679999504089352, 29.91999935150146, 33.68999908447266, 32.22999935150146, 29.519999160766602]
Starting model from scratch - ignoring existing weights.
<All keys matched successfully>
None
======== EPISODE 12 BEGINS ========

======== TRAINING ========
Training Epoch: 1/200	Train Loss: 14.9603	Val Accuracy: 0.0
Training Epoch: 2/200	Train Loss: 7.8162	Val Accuracy: 9.72
Training Epoch: 3/200	Train Loss: 6.0162	Val Accuracy: 9.72
Training Epoch: 4/200	Train Loss: 6.0351	Val Accuracy: 10.06
Training Epoch: 5/200	Train Loss: 2.3119	Val Accuracy: 10.06
Training Epoch: 6/200	Train Loss: 9.7145	Val Accuracy: 8.3
Training Epoch: 7/200	Train Loss: 5.7207	Val Accuracy: 8.3
Training Epoch: 8/200	Train Loss: 5.3579	Val Accuracy: 9.34
Training Epoch: 9/200	Train Loss: 3.3107	Val Accuracy: 9.34
Training Epoch: 10/200	Train Loss: 4.8781	Val Accuracy: 10.68
Training Epoch: 11/200	Train Loss: 2.3447	Val Accuracy: 10.68
Training Epoch: 12/200	Train Loss: 4.1457	Val Accuracy: 12.02
Training Epoch: 13/200	Train Loss: 2.1281	Val Accuracy: 12.02
Training Epoch: 14/200	Train Loss: 2.1473	Val Accuracy: 11.64
Training Epoch: 15/200	Train Loss: 6.9931	Val Accuracy: 11.64
Training Epoch: 16/200	Train Loss: 3.7808	Val Accuracy: 11.98
Training Epoch: 17/200	Train Loss: 2.8213	Val Accuracy: 11.98
Training Epoch: 18/200	Train Loss: 3.3881	Val Accuracy: 9.54
Training Epoch: 19/200	Train Loss: 4.6371	Val Accuracy: 9.54
Training Epoch: 20/200	Train Loss: 4.1067	Val Accuracy: 11.42
Training Epoch: 21/200	Train Loss: 2.2653	Val Accuracy: 11.42
Training Epoch: 22/200	Train Loss: 4.0109	Val Accuracy: 9.02
Training Epoch: 23/200	Train Loss: 3.0613	Val Accuracy: 9.02
Training Epoch: 24/200	Train Loss: 2.9154	Val Accuracy: 11.9
Training Epoch: 25/200	Train Loss: 2.254	Val Accuracy: 11.9
Training Epoch: 26/200	Train Loss: 3.4762	Val Accuracy: 10.06
Training Epoch: 27/200	Train Loss: 2.5888	Val Accuracy: 10.06
Training Epoch: 28/200	Train Loss: 2.2462	Val Accuracy: 12.28
Training Epoch: 29/200	Train Loss: 2.418	Val Accuracy: 12.28
Training Epoch: 30/200	Train Loss: 2.3138	Val Accuracy: 13.18
Training Epoch: 31/200	Train Loss: 2.1996	Val Accuracy: 13.18
Training Epoch: 32/200	Train Loss: 2.9242	Val Accuracy: 14.56
Training Epoch: 33/200	Train Loss: 3.2679	Val Accuracy: 14.56
Training Epoch: 34/200	Train Loss: 2.1903	Val Accuracy: 16.02
Training Epoch: 35/200	Train Loss: 3.3892	Val Accuracy: 16.02
Training Epoch: 36/200	Train Loss: 2.0417	Val Accuracy: 15.68
Training Epoch: 37/200	Train Loss: 3.8646	Val Accuracy: 15.68
Training Epoch: 38/200	Train Loss: 2.2272	Val Accuracy: 14.84
Training Epoch: 39/200	Train Loss: 2.8962	Val Accuracy: 14.84
Training Epoch: 40/200	Train Loss: 2.6266	Val Accuracy: 11.8
Training Epoch: 41/200	Train Loss: 3.6674	Val Accuracy: 11.8
Training Epoch: 42/200	Train Loss: 3.2201	Val Accuracy: 13.26
Training Epoch: 43/200	Train Loss: 3.1337	Val Accuracy: 13.26
Training Epoch: 44/200	Train Loss: 2.6629	Val Accuracy: 15.92
Training Epoch: 45/200	Train Loss: 3.9378	Val Accuracy: 15.92
Training Epoch: 46/200	Train Loss: 3.0858	Val Accuracy: 17.36
Training Epoch: 47/200	Train Loss: 2.9965	Val Accuracy: 17.36
Training Epoch: 48/200	Train Loss: 2.9358	Val Accuracy: 16.32
Training Epoch: 49/200	Train Loss: 2.2766	Val Accuracy: 16.32
Training Epoch: 50/200	Train Loss: 2.219	Val Accuracy: 16.36
Training Epoch: 51/200	Train Loss: 2.1365	Val Accuracy: 16.36
Training Epoch: 52/200	Train Loss: 3.8651	Val Accuracy: 18.52
Training Epoch: 53/200	Train Loss: 2.5414	Val Accuracy: 18.52
Training Epoch: 54/200	Train Loss: 2.1524	Val Accuracy: 19.06
Training Epoch: 55/200	Train Loss: 2.3805	Val Accuracy: 19.06
Training Epoch: 56/200	Train Loss: 2.1377	Val Accuracy: 16.2
Training Epoch: 57/200	Train Loss: 2.7462	Val Accuracy: 16.2
Training Epoch: 58/200	Train Loss: 1.9588	Val Accuracy: 17.2
Training Epoch: 59/200	Train Loss: 2.7813	Val Accuracy: 17.2
Training Epoch: 60/200	Train Loss: 2.2639	Val Accuracy: 21.58
Training Epoch: 61/200	Train Loss: 2.0314	Val Accuracy: 21.58
Training Epoch: 62/200	Train Loss: 1.7644	Val Accuracy: 19.48
Training Epoch: 63/200	Train Loss: 2.7107	Val Accuracy: 19.48
Training Epoch: 64/200	Train Loss: 2.2381	Val Accuracy: 21.04
Training Epoch: 65/200	Train Loss: 2.0944	Val Accuracy: 21.04
Training Epoch: 66/200	Train Loss: 1.9442	Val Accuracy: 21.9
Training Epoch: 67/200	Train Loss: 1.8594	Val Accuracy: 21.9
Training Epoch: 68/200	Train Loss: 1.9909	Val Accuracy: 21.82
Training Epoch: 69/200	Train Loss: 1.9254	Val Accuracy: 21.82
Training Epoch: 70/200	Train Loss: 1.7777	Val Accuracy: 20.54
Training Epoch: 71/200	Train Loss: 1.7455	Val Accuracy: 20.54
Training Epoch: 72/200	Train Loss: 1.7378	Val Accuracy: 19.48
Training Epoch: 73/200	Train Loss: 3.1228	Val Accuracy: 19.48
Training Epoch: 74/200	Train Loss: 2.4313	Val Accuracy: 20.74
Training Epoch: 75/200	Train Loss: 2.3922	Val Accuracy: 20.74
Training Epoch: 76/200	Train Loss: 1.8958	Val Accuracy: 22.22
Training Epoch: 77/200	Train Loss: 1.8696	Val Accuracy: 22.22
Training Epoch: 78/200	Train Loss: 2.5617	Val Accuracy: 20.18
Training Epoch: 79/200	Train Loss: 1.6652	Val Accuracy: 20.18
Training Epoch: 80/200	Train Loss: 2.2742	Val Accuracy: 20.98
Training Epoch: 81/200	Train Loss: 1.9774	Val Accuracy: 20.98
Training Epoch: 82/200	Train Loss: 1.7873	Val Accuracy: 21.56
Training Epoch: 83/200	Train Loss: 2.2948	Val Accuracy: 21.56
Training Epoch: 84/200	Train Loss: 1.7697	Val Accuracy: 22.26
Training Epoch: 85/200	Train Loss: 2.0748	Val Accuracy: 22.26
Training Epoch: 86/200	Train Loss: 2.429	Val Accuracy: 24.94
Training Epoch: 87/200	Train Loss: 1.8387	Val Accuracy: 24.94
Training Epoch: 88/200	Train Loss: 2.3588	Val Accuracy: 23.16
Training Epoch: 89/200	Train Loss: 1.723	Val Accuracy: 23.16
Training Epoch: 90/200	Train Loss: 1.7354	Val Accuracy: 23.52
Training Epoch: 91/200	Train Loss: 2.4657	Val Accuracy: 23.52
Training Epoch: 92/200	Train Loss: 2.3596	Val Accuracy: 24.64
Training Epoch: 93/200	Train Loss: 1.4691	Val Accuracy: 24.64
Training Epoch: 94/200	Train Loss: 1.6953	Val Accuracy: 24.16
Training Epoch: 95/200	Train Loss: 1.756	Val Accuracy: 24.16
Training Epoch: 96/200	Train Loss: 1.8247	Val Accuracy: 26.08
Training Epoch: 97/200	Train Loss: 1.626	Val Accuracy: 26.08
Training Epoch: 98/200	Train Loss: 1.4453	Val Accuracy: 26.7
Training Epoch: 99/200	Train Loss: 1.7685	Val Accuracy: 26.7
Training Epoch: 100/200	Train Loss: 1.5545	Val Accuracy: 25.34
Training Epoch: 101/200	Train Loss: 1.4541	Val Accuracy: 25.34
Training Epoch: 102/200	Train Loss: 1.4103	Val Accuracy: 26.3
Training Epoch: 103/200	Train Loss: 1.5859	Val Accuracy: 26.3
Training Epoch: 104/200	Train Loss: 1.4882	Val Accuracy: 26.48
Training Epoch: 105/200	Train Loss: 1.5221	Val Accuracy: 26.48
Training Epoch: 106/200	Train Loss: 1.4492	Val Accuracy: 25.06
Training Epoch: 107/200	Train Loss: 2.6857	Val Accuracy: 25.06
Training Epoch: 108/200	Train Loss: 1.3725	Val Accuracy: 25.74
Training Epoch: 109/200	Train Loss: 1.5794	Val Accuracy: 25.74
Training Epoch: 110/200	Train Loss: 1.5958	Val Accuracy: 24.4
Training Epoch: 111/200	Train Loss: 1.4064	Val Accuracy: 24.4
Training Epoch: 112/200	Train Loss: 1.7015	Val Accuracy: 26.44
Training Epoch: 113/200	Train Loss: 1.5298	Val Accuracy: 26.44
Training Epoch: 114/200	Train Loss: 1.8456	Val Accuracy: 26.38
Training Epoch: 115/200	Train Loss: 1.3717	Val Accuracy: 26.38
Training Epoch: 116/200	Train Loss: 2.9522	Val Accuracy: 25.54
Training Epoch: 117/200	Train Loss: 1.7191	Val Accuracy: 25.54
Training Epoch: 118/200	Train Loss: 1.5312	Val Accuracy: 26.68
Training Epoch: 119/200	Train Loss: 1.4529	Val Accuracy: 26.68
Training Epoch: 120/200	Train Loss: 1.2265	Val Accuracy: 27.62
Training Epoch: 121/200	Train Loss: 1.3003	Val Accuracy: 27.62
Training Epoch: 122/200	Train Loss: 1.1536	Val Accuracy: 27.26
Training Epoch: 123/200	Train Loss: 1.0547	Val Accuracy: 27.26
Training Epoch: 124/200	Train Loss: 1.1362	Val Accuracy: 26.2
Training Epoch: 125/200	Train Loss: 1.1509	Val Accuracy: 26.2
Training Epoch: 126/200	Train Loss: 1.2051	Val Accuracy: 27.36
Training Epoch: 127/200	Train Loss: 1.1578	Val Accuracy: 27.36
Training Epoch: 128/200	Train Loss: 1.0152	Val Accuracy: 28.72
Training Epoch: 129/200	Train Loss: 1.1402	Val Accuracy: 28.72
Training Epoch: 130/200	Train Loss: 1.2857	Val Accuracy: 27.82
Training Epoch: 131/200	Train Loss: 0.9535	Val Accuracy: 27.82
Training Epoch: 132/200	Train Loss: 1.156	Val Accuracy: 27.8
Training Epoch: 133/200	Train Loss: 1.2168	Val Accuracy: 27.8
Training Epoch: 134/200	Train Loss: 0.8878	Val Accuracy: 27.4
Training Epoch: 135/200	Train Loss: 1.6615	Val Accuracy: 27.4
Training Epoch: 136/200	Train Loss: 1.2556	Val Accuracy: 27.92
Training Epoch: 137/200	Train Loss: 0.9784	Val Accuracy: 27.92
Training Epoch: 138/200	Train Loss: 0.9524	Val Accuracy: 27.9
Training Epoch: 139/200	Train Loss: 1.0759	Val Accuracy: 27.9
Training Epoch: 140/200	Train Loss: 0.8609	Val Accuracy: 28.46
Training Epoch: 141/200	Train Loss: 1.1162	Val Accuracy: 28.46
Training Epoch: 142/200	Train Loss: 0.63	Val Accuracy: 28.0
Training Epoch: 143/200	Train Loss: 0.757	Val Accuracy: 28.0
Training Epoch: 144/200	Train Loss: 0.9456	Val Accuracy: 27.78
Training Epoch: 145/200	Train Loss: 0.7283	Val Accuracy: 27.78
Training Epoch: 146/200	Train Loss: 0.7111	Val Accuracy: 28.04
Training Epoch: 147/200	Train Loss: 0.9299	Val Accuracy: 28.04
Training Epoch: 148/200	Train Loss: 0.6958	Val Accuracy: 28.8
Training Epoch: 149/200	Train Loss: 0.5774	Val Accuracy: 28.8
Training Epoch: 150/200	Train Loss: 0.6456	Val Accuracy: 28.56
Training Epoch: 151/200	Train Loss: 1.1392	Val Accuracy: 28.56
Training Epoch: 152/200	Train Loss: 0.7242	Val Accuracy: 29.02
Training Epoch: 153/200	Train Loss: 0.9687	Val Accuracy: 29.02
Training Epoch: 154/200	Train Loss: 0.7644	Val Accuracy: 27.38
Training Epoch: 155/200	Train Loss: 0.676	Val Accuracy: 27.38
Training Epoch: 156/200	Train Loss: 0.8965	Val Accuracy: 28.82
Training Epoch: 157/200	Train Loss: 0.7368	Val Accuracy: 28.82
Training Epoch: 158/200	Train Loss: 0.8739	Val Accuracy: 28.28
Training Epoch: 159/200	Train Loss: 0.8546	Val Accuracy: 28.28
Training Epoch: 160/200	Train Loss: 0.7127	Val Accuracy: 28.32
Training Epoch: 161/200	Train Loss: 1.2372	Val Accuracy: 28.32
Training Epoch: 162/200	Train Loss: 0.5213	Val Accuracy: 28.18
Training Epoch: 163/200	Train Loss: 0.4592	Val Accuracy: 28.18
Training Epoch: 164/200	Train Loss: 0.524	Val Accuracy: 28.54
Training Epoch: 165/200	Train Loss: 0.5776	Val Accuracy: 28.54
Training Epoch: 166/200	Train Loss: 0.3119	Val Accuracy: 28.28
Training Epoch: 167/200	Train Loss: 0.7844	Val Accuracy: 28.28
Training Epoch: 168/200	Train Loss: 0.5915	Val Accuracy: 28.22
Training Epoch: 169/200	Train Loss: 0.5935	Val Accuracy: 28.22
Training Epoch: 170/200	Train Loss: 0.5235	Val Accuracy: 27.68
Training Epoch: 171/200	Train Loss: 0.669	Val Accuracy: 27.68
Training Epoch: 172/200	Train Loss: 0.8329	Val Accuracy: 29.14
Training Epoch: 173/200	Train Loss: 0.5343	Val Accuracy: 29.14
Training Epoch: 174/200	Train Loss: 0.4524	Val Accuracy: 29.0
Training Epoch: 175/200	Train Loss: 0.5216	Val Accuracy: 29.0
Training Epoch: 176/200	Train Loss: 0.5329	Val Accuracy: 28.6
Training Epoch: 177/200	Train Loss: 0.4775	Val Accuracy: 28.6
Training Epoch: 178/200	Train Loss: 0.509	Val Accuracy: 29.0
Training Epoch: 179/200	Train Loss: 0.2827	Val Accuracy: 29.0
Training Epoch: 180/200	Train Loss: 0.8736	Val Accuracy: 28.52
Training Epoch: 181/200	Train Loss: 0.5306	Val Accuracy: 28.52
Training Epoch: 182/200	Train Loss: 0.4594	Val Accuracy: 30.26
Training Epoch: 183/200	Train Loss: 0.393	Val Accuracy: 30.26
Training Epoch: 184/200	Train Loss: 0.5737	Val Accuracy: 29.36
Training Epoch: 185/200	Train Loss: 0.4643	Val Accuracy: 29.36
Training Epoch: 186/200	Train Loss: 0.2634	Val Accuracy: 29.56
Training Epoch: 187/200	Train Loss: 0.7173	Val Accuracy: 29.56
Training Epoch: 188/200	Train Loss: 0.3961	Val Accuracy: 30.02
Training Epoch: 189/200	Train Loss: 0.3662	Val Accuracy: 30.02
Training Epoch: 190/200	Train Loss: 0.6295	Val Accuracy: 29.02
Training Epoch: 191/200	Train Loss: 0.2766	Val Accuracy: 29.02
Training Epoch: 192/200	Train Loss: 0.6634	Val Accuracy: 29.52
Training Epoch: 193/200	Train Loss: 0.267	Val Accuracy: 29.52
Training Epoch: 194/200	Train Loss: 1.0545	Val Accuracy: 30.28
Training Epoch: 195/200	Train Loss: 0.4353	Val Accuracy: 30.28
Training Epoch: 196/200	Train Loss: 0.4528	Val Accuracy: 28.72
Training Epoch: 197/200	Train Loss: 0.5485	Val Accuracy: 28.72
Training Epoch: 198/200	Train Loss: 0.4547	Val Accuracy: 28.94
Training Epoch: 199/200	Train Loss: 0.5623	Val Accuracy: 28.94
Training Epoch: 200/200	Train Loss: 0.6185	Val Accuracy: 29.7

Wrote Best Model Checkpoint to: vlBest_acc_30_model_epoch_0194.pyth

Best Validation Accuracy: 30.28
Best Epoch: 194

======== TESTING ========

Test Accuracy: 29.61.

======== ACTIVE SAMPLING ========

len(uSetLoader): 444
u_ranks.shape: (44350,)
Active Sampling Complete. After Episode 12:
New Labeled Set: 700, New Unlabeled Set: 44300, Active Set: 50

================================


Current accuracy values:  [18.319999999999993, 20.549999999999997, 17.75, 27.439999122619625, 21.25, 27.689999504089357, 28.389999389648438, 29.679999504089352, 29.91999935150146, 33.68999908447266, 32.22999935150146, 29.519999160766602, 29.60999935150147]
Starting model from scratch - ignoring existing weights.
<All keys matched successfully>
None
======== EPISODE 13 BEGINS ========

======== TRAINING ========
Training Epoch: 1/200	Train Loss: 7.6225	Val Accuracy: 0.0
Training Epoch: 2/200	Train Loss: 7.3546	Val Accuracy: 10.22
Training Epoch: 3/200	Train Loss: 3.782	Val Accuracy: 10.22
Training Epoch: 4/200	Train Loss: 3.9205	Val Accuracy: 10.54
Training Epoch: 5/200	Train Loss: 3.5116	Val Accuracy: 10.54
Training Epoch: 6/200	Train Loss: 4.0111	Val Accuracy: 9.84
Training Epoch: 7/200	Train Loss: 4.4462	Val Accuracy: 9.84
Training Epoch: 8/200	Train Loss: 5.2675	Val Accuracy: 10.08
Training Epoch: 9/200	Train Loss: 3.8448	Val Accuracy: 10.08
Training Epoch: 10/200	Train Loss: 2.3772	Val Accuracy: 10.0
Training Epoch: 11/200	Train Loss: 3.6263	Val Accuracy: 10.0
Training Epoch: 12/200	Train Loss: 3.3308	Val Accuracy: 9.92
Training Epoch: 13/200	Train Loss: 6.3457	Val Accuracy: 9.92
Training Epoch: 14/200	Train Loss: 3.8781	Val Accuracy: 9.96
Training Epoch: 15/200	Train Loss: 4.6108	Val Accuracy: 9.96
Training Epoch: 16/200	Train Loss: 4.9834	Val Accuracy: 9.94
Training Epoch: 17/200	Train Loss: 4.6678	Val Accuracy: 9.94
Training Epoch: 18/200	Train Loss: 3.3202	Val Accuracy: 10.04
Training Epoch: 19/200	Train Loss: 2.432	Val Accuracy: 10.04
Training Epoch: 20/200	Train Loss: 4.2427	Val Accuracy: 9.38
Training Epoch: 21/200	Train Loss: 4.339	Val Accuracy: 9.38
Training Epoch: 22/200	Train Loss: 6.7106	Val Accuracy: 12.36
Training Epoch: 23/200	Train Loss: 5.8555	Val Accuracy: 12.36
Training Epoch: 24/200	Train Loss: 3.9189	Val Accuracy: 15.62
Training Epoch: 25/200	Train Loss: 4.8435	Val Accuracy: 15.62
Training Epoch: 26/200	Train Loss: 3.5288	Val Accuracy: 15.7
Training Epoch: 27/200	Train Loss: 3.4493	Val Accuracy: 15.7
Training Epoch: 28/200	Train Loss: 3.3702	Val Accuracy: 16.8
Training Epoch: 29/200	Train Loss: 5.009	Val Accuracy: 16.8
Training Epoch: 30/200	Train Loss: 2.3161	Val Accuracy: 15.62
Training Epoch: 31/200	Train Loss: 2.8689	Val Accuracy: 15.62
Training Epoch: 32/200	Train Loss: 4.1	Val Accuracy: 17.7
Training Epoch: 33/200	Train Loss: 2.5077	Val Accuracy: 17.7
Training Epoch: 34/200	Train Loss: 5.2471	Val Accuracy: 17.9
Training Epoch: 35/200	Train Loss: 3.4817	Val Accuracy: 17.9
Training Epoch: 36/200	Train Loss: 4.0949	Val Accuracy: 18.34
Training Epoch: 37/200	Train Loss: 3.7	Val Accuracy: 18.34
Training Epoch: 38/200	Train Loss: 3.2095	Val Accuracy: 18.56
Training Epoch: 39/200	Train Loss: 3.0648	Val Accuracy: 18.56
Training Epoch: 40/200	Train Loss: 3.3606	Val Accuracy: 18.4
Training Epoch: 41/200	Train Loss: 2.9216	Val Accuracy: 18.4
Training Epoch: 42/200	Train Loss: 2.4366	Val Accuracy: 19.06
Training Epoch: 43/200	Train Loss: 1.9791	Val Accuracy: 19.06
Training Epoch: 44/200	Train Loss: 2.0865	Val Accuracy: 20.24
Training Epoch: 45/200	Train Loss: 2.736	Val Accuracy: 20.24
Training Epoch: 46/200	Train Loss: 2.0657	Val Accuracy: 20.24
Training Epoch: 47/200	Train Loss: 4.0315	Val Accuracy: 20.24
Training Epoch: 48/200	Train Loss: 3.0266	Val Accuracy: 19.74
Training Epoch: 49/200	Train Loss: 4.0894	Val Accuracy: 19.74
Training Epoch: 50/200	Train Loss: 2.8088	Val Accuracy: 19.94
Training Epoch: 51/200	Train Loss: 2.0275	Val Accuracy: 19.94
Training Epoch: 52/200	Train Loss: 2.7109	Val Accuracy: 21.56
Training Epoch: 53/200	Train Loss: 2.4719	Val Accuracy: 21.56
Training Epoch: 54/200	Train Loss: 3.0583	Val Accuracy: 20.6
Training Epoch: 55/200	Train Loss: 1.8336	Val Accuracy: 20.6
Training Epoch: 56/200	Train Loss: 3.7102	Val Accuracy: 21.96
Training Epoch: 57/200	Train Loss: 2.4232	Val Accuracy: 21.96
Training Epoch: 58/200	Train Loss: 2.982	Val Accuracy: 22.92
Training Epoch: 59/200	Train Loss: 2.3303	Val Accuracy: 22.92
Training Epoch: 60/200	Train Loss: 2.7132	Val Accuracy: 21.88
Training Epoch: 61/200	Train Loss: 2.2867	Val Accuracy: 21.88
Training Epoch: 62/200	Train Loss: 2.6945	Val Accuracy: 24.22
Training Epoch: 63/200	Train Loss: 2.8472	Val Accuracy: 24.22
Training Epoch: 64/200	Train Loss: 2.5799	Val Accuracy: 24.98
Training Epoch: 65/200	Train Loss: 2.7782	Val Accuracy: 24.98
Training Epoch: 66/200	Train Loss: 2.6791	Val Accuracy: 25.04
Training Epoch: 67/200	Train Loss: 3.0581	Val Accuracy: 25.04
Training Epoch: 68/200	Train Loss: 2.0429	Val Accuracy: 27.4
Training Epoch: 69/200	Train Loss: 2.0748	Val Accuracy: 27.4
Training Epoch: 70/200	Train Loss: 2.5215	Val Accuracy: 26.66
Training Epoch: 71/200	Train Loss: 1.8153	Val Accuracy: 26.66
Training Epoch: 72/200	Train Loss: 2.066	Val Accuracy: 25.58
Training Epoch: 73/200	Train Loss: 1.514	Val Accuracy: 25.58
Training Epoch: 74/200	Train Loss: 2.4421	Val Accuracy: 27.54
Training Epoch: 75/200	Train Loss: 1.588	Val Accuracy: 27.54
Training Epoch: 76/200	Train Loss: 2.2947	Val Accuracy: 28.7
Training Epoch: 77/200	Train Loss: 1.6778	Val Accuracy: 28.7
Training Epoch: 78/200	Train Loss: 1.615	Val Accuracy: 29.94
Training Epoch: 79/200	Train Loss: 1.5902	Val Accuracy: 29.94
Training Epoch: 80/200	Train Loss: 2.5053	Val Accuracy: 26.8
Training Epoch: 81/200	Train Loss: 2.4327	Val Accuracy: 26.8
Training Epoch: 82/200	Train Loss: 1.9322	Val Accuracy: 28.52
Training Epoch: 83/200	Train Loss: 1.8195	Val Accuracy: 28.52
Training Epoch: 84/200	Train Loss: 2.034	Val Accuracy: 27.36
Training Epoch: 85/200	Train Loss: 2.798	Val Accuracy: 27.36
Training Epoch: 86/200	Train Loss: 2.3154	Val Accuracy: 26.66
Training Epoch: 87/200	Train Loss: 2.6309	Val Accuracy: 26.66
Training Epoch: 88/200	Train Loss: 1.9673	Val Accuracy: 28.56
Training Epoch: 89/200	Train Loss: 1.6752	Val Accuracy: 28.56
Training Epoch: 90/200	Train Loss: 1.492	Val Accuracy: 30.08
Training Epoch: 91/200	Train Loss: 2.4056	Val Accuracy: 30.08
Training Epoch: 92/200	Train Loss: 1.4472	Val Accuracy: 29.28
Training Epoch: 93/200	Train Loss: 1.5744	Val Accuracy: 29.28
Training Epoch: 94/200	Train Loss: 1.9123	Val Accuracy: 30.52
Training Epoch: 95/200	Train Loss: 1.4151	Val Accuracy: 30.52
Training Epoch: 96/200	Train Loss: 2.281	Val Accuracy: 31.08
Training Epoch: 97/200	Train Loss: 1.3338	Val Accuracy: 31.08
Training Epoch: 98/200	Train Loss: 1.1499	Val Accuracy: 30.88
Training Epoch: 99/200	Train Loss: 2.2375	Val Accuracy: 30.88
Training Epoch: 100/200	Train Loss: 1.7776	Val Accuracy: 31.08
Training Epoch: 101/200	Train Loss: 2.0891	Val Accuracy: 31.08
Training Epoch: 102/200	Train Loss: 1.4135	Val Accuracy: 31.48
Training Epoch: 103/200	Train Loss: 1.5436	Val Accuracy: 31.48
Training Epoch: 104/200	Train Loss: 1.382	Val Accuracy: 30.62
Training Epoch: 105/200	Train Loss: 1.1204	Val Accuracy: 30.62
Training Epoch: 106/200	Train Loss: 1.3094	Val Accuracy: 31.94
Training Epoch: 107/200	Train Loss: 1.37	Val Accuracy: 31.94
Training Epoch: 108/200	Train Loss: 2.0315	Val Accuracy: 30.94
Training Epoch: 109/200	Train Loss: 1.7826	Val Accuracy: 30.94
Training Epoch: 110/200	Train Loss: 1.7142	Val Accuracy: 31.66
Training Epoch: 111/200	Train Loss: 1.8055	Val Accuracy: 31.66
Training Epoch: 112/200	Train Loss: 2.0118	Val Accuracy: 31.74
Training Epoch: 113/200	Train Loss: 2.1027	Val Accuracy: 31.74
Training Epoch: 114/200	Train Loss: 1.3923	Val Accuracy: 32.58
Training Epoch: 115/200	Train Loss: 1.9129	Val Accuracy: 32.58
Training Epoch: 116/200	Train Loss: 1.6507	Val Accuracy: 31.7
Training Epoch: 117/200	Train Loss: 1.0419	Val Accuracy: 31.7
Training Epoch: 118/200	Train Loss: 1.4091	Val Accuracy: 32.82
Training Epoch: 119/200	Train Loss: 1.4228	Val Accuracy: 32.82
Training Epoch: 120/200	Train Loss: 0.8858	Val Accuracy: 32.02
Training Epoch: 121/200	Train Loss: 1.4264	Val Accuracy: 32.02
Training Epoch: 122/200	Train Loss: 1.5439	Val Accuracy: 32.06
Training Epoch: 123/200	Train Loss: 1.3412	Val Accuracy: 32.06
Training Epoch: 124/200	Train Loss: 1.188	Val Accuracy: 32.42
Training Epoch: 125/200	Train Loss: 0.9973	Val Accuracy: 32.42
Training Epoch: 126/200	Train Loss: 1.3042	Val Accuracy: 32.64
Training Epoch: 127/200	Train Loss: 1.4857	Val Accuracy: 32.64
Training Epoch: 128/200	Train Loss: 1.5019	Val Accuracy: 32.54
Training Epoch: 129/200	Train Loss: 0.5953	Val Accuracy: 32.54
Training Epoch: 130/200	Train Loss: 0.5272	Val Accuracy: 32.06
Training Epoch: 131/200	Train Loss: 1.3627	Val Accuracy: 32.06
Training Epoch: 132/200	Train Loss: 0.7775	Val Accuracy: 32.72
Training Epoch: 133/200	Train Loss: 0.9476	Val Accuracy: 32.72
Training Epoch: 134/200	Train Loss: 0.9856	Val Accuracy: 32.66
Training Epoch: 135/200	Train Loss: 0.4101	Val Accuracy: 32.66
Training Epoch: 136/200	Train Loss: 1.4525	Val Accuracy: 32.68
Training Epoch: 137/200	Train Loss: 1.3803	Val Accuracy: 32.68
Training Epoch: 138/200	Train Loss: 1.2392	Val Accuracy: 32.2
Training Epoch: 139/200	Train Loss: 1.0067	Val Accuracy: 32.2
Training Epoch: 140/200	Train Loss: 0.4511	Val Accuracy: 34.04
Training Epoch: 141/200	Train Loss: 1.0407	Val Accuracy: 34.04
Training Epoch: 142/200	Train Loss: 0.4324	Val Accuracy: 32.5
Training Epoch: 143/200	Train Loss: 0.9146	Val Accuracy: 32.5
Training Epoch: 144/200	Train Loss: 0.8327	Val Accuracy: 32.0
Training Epoch: 145/200	Train Loss: 1.1848	Val Accuracy: 32.0
Training Epoch: 146/200	Train Loss: 0.456	Val Accuracy: 32.28
Training Epoch: 147/200	Train Loss: 0.483	Val Accuracy: 32.28
Training Epoch: 148/200	Train Loss: 0.7811	Val Accuracy: 32.4
Training Epoch: 149/200	Train Loss: 0.9661	Val Accuracy: 32.4
Training Epoch: 150/200	Train Loss: 0.5283	Val Accuracy: 31.94
Training Epoch: 151/200	Train Loss: 0.1621	Val Accuracy: 31.94
Training Epoch: 152/200	Train Loss: 0.5479	Val Accuracy: 31.68
Training Epoch: 153/200	Train Loss: 0.4841	Val Accuracy: 31.68
Training Epoch: 154/200	Train Loss: 1.2815	Val Accuracy: 32.58
Training Epoch: 155/200	Train Loss: 0.5482	Val Accuracy: 32.58
Training Epoch: 156/200	Train Loss: 0.5331	Val Accuracy: 32.88
Training Epoch: 157/200	Train Loss: 0.4591	Val Accuracy: 32.88
Training Epoch: 158/200	Train Loss: 0.7515	Val Accuracy: 32.9
Training Epoch: 159/200	Train Loss: 0.7062	Val Accuracy: 32.9
Training Epoch: 160/200	Train Loss: 0.2928	Val Accuracy: 31.54
Training Epoch: 161/200	Train Loss: 0.3041	Val Accuracy: 31.54
Training Epoch: 162/200	Train Loss: 0.7361	Val Accuracy: 33.22
Training Epoch: 163/200	Train Loss: 0.1752	Val Accuracy: 33.22
Training Epoch: 164/200	Train Loss: 0.1811	Val Accuracy: 31.88
Training Epoch: 165/200	Train Loss: 0.1746	Val Accuracy: 31.88
Training Epoch: 166/200	Train Loss: 0.5923	Val Accuracy: 32.08
Training Epoch: 167/200	Train Loss: 0.7551	Val Accuracy: 32.08
Training Epoch: 168/200	Train Loss: 0.6231	Val Accuracy: 33.52
Training Epoch: 169/200	Train Loss: 0.3039	Val Accuracy: 33.52
Training Epoch: 170/200	Train Loss: 0.6742	Val Accuracy: 32.6
Training Epoch: 171/200	Train Loss: 0.6264	Val Accuracy: 32.6
Training Epoch: 172/200	Train Loss: 0.1564	Val Accuracy: 31.86
Training Epoch: 173/200	Train Loss: 0.2852	Val Accuracy: 31.86
Training Epoch: 174/200	Train Loss: 0.6091	Val Accuracy: 32.3
Training Epoch: 175/200	Train Loss: 0.2575	Val Accuracy: 32.3
Training Epoch: 176/200	Train Loss: 0.7178	Val Accuracy: 31.9
Training Epoch: 177/200	Train Loss: 0.3553	Val Accuracy: 31.9
Training Epoch: 178/200	Train Loss: 0.4912	Val Accuracy: 32.6
Training Epoch: 179/200	Train Loss: 0.4907	Val Accuracy: 32.6
Training Epoch: 180/200	Train Loss: 0.115	Val Accuracy: 32.24
Training Epoch: 181/200	Train Loss: 0.4422	Val Accuracy: 32.24
Training Epoch: 182/200	Train Loss: 0.3053	Val Accuracy: 32.94
Training Epoch: 183/200	Train Loss: 0.3615	Val Accuracy: 32.94
Training Epoch: 184/200	Train Loss: 0.8048	Val Accuracy: 32.46
Training Epoch: 185/200	Train Loss: 0.2825	Val Accuracy: 32.46
Training Epoch: 186/200	Train Loss: 0.459	Val Accuracy: 32.54
Training Epoch: 187/200	Train Loss: 0.1321	Val Accuracy: 32.54
Training Epoch: 188/200	Train Loss: 0.1604	Val Accuracy: 32.52
Training Epoch: 189/200	Train Loss: 0.2944	Val Accuracy: 32.52
Training Epoch: 190/200	Train Loss: 0.3039	Val Accuracy: 32.3
Training Epoch: 191/200	Train Loss: 0.1484	Val Accuracy: 32.3
Training Epoch: 192/200	Train Loss: 0.0858	Val Accuracy: 33.44
Training Epoch: 193/200	Train Loss: 0.5756	Val Accuracy: 33.44
Training Epoch: 194/200	Train Loss: 0.4199	Val Accuracy: 32.9
Training Epoch: 195/200	Train Loss: 0.383	Val Accuracy: 32.9
Training Epoch: 196/200	Train Loss: 0.4349	Val Accuracy: 32.34
Training Epoch: 197/200	Train Loss: 0.2047	Val Accuracy: 32.34
Training Epoch: 198/200	Train Loss: 0.5119	Val Accuracy: 33.34
Training Epoch: 199/200	Train Loss: 0.4951	Val Accuracy: 33.34
Training Epoch: 200/200	Train Loss: 0.4166	Val Accuracy: 33.02

Wrote Best Model Checkpoint to: vlBest_acc_34_model_epoch_0140.pyth

Best Validation Accuracy: 34.04
Best Epoch: 140

======== TESTING ========

Test Accuracy: 32.68.

======== ACTIVE SAMPLING ========

len(uSetLoader): 443
u_ranks.shape: (44300,)
Active Sampling Complete. After Episode 13:
New Labeled Set: 750, New Unlabeled Set: 44250, Active Set: 50

================================


Current accuracy values:  [18.319999999999993, 20.549999999999997, 17.75, 27.439999122619625, 21.25, 27.689999504089357, 28.389999389648438, 29.679999504089352, 29.91999935150146, 33.68999908447266, 32.22999935150146, 29.519999160766602, 29.60999935150147, 32.679999351501465]
Starting model from scratch - ignoring existing weights.
<All keys matched successfully>
None
======== EPISODE 14 BEGINS ========

======== TRAINING ========
Training Epoch: 1/200	Train Loss: 15.4994	Val Accuracy: 0.0
Training Epoch: 2/200	Train Loss: 4.8766	Val Accuracy: 9.88
Training Epoch: 3/200	Train Loss: 4.9224	Val Accuracy: 9.88
Training Epoch: 4/200	Train Loss: 5.3532	Val Accuracy: 9.88
Training Epoch: 5/200	Train Loss: 13.0108	Val Accuracy: 9.88
Training Epoch: 6/200	Train Loss: 5.6032	Val Accuracy: 10.48
Training Epoch: 7/200	Train Loss: 6.2241	Val Accuracy: 10.48
Training Epoch: 8/200	Train Loss: 2.7821	Val Accuracy: 9.6
Training Epoch: 9/200	Train Loss: 2.7747	Val Accuracy: 9.6
Training Epoch: 10/200	Train Loss: 3.4289	Val Accuracy: 10.36
Training Epoch: 11/200	Train Loss: 2.2338	Val Accuracy: 10.36
Training Epoch: 12/200	Train Loss: 2.762	Val Accuracy: 10.04
Training Epoch: 13/200	Train Loss: 4.1251	Val Accuracy: 10.04
Training Epoch: 14/200	Train Loss: 2.3404	Val Accuracy: 12.14
Training Epoch: 15/200	Train Loss: 2.6501	Val Accuracy: 12.14
Training Epoch: 16/200	Train Loss: 2.6642	Val Accuracy: 14.54
Training Epoch: 17/200	Train Loss: 3.3586	Val Accuracy: 14.54
Training Epoch: 18/200	Train Loss: 2.191	Val Accuracy: 15.24
Training Epoch: 19/200	Train Loss: 2.4302	Val Accuracy: 15.24
Training Epoch: 20/200	Train Loss: 3.1637	Val Accuracy: 15.82
Training Epoch: 21/200	Train Loss: 2.2447	Val Accuracy: 15.82
Training Epoch: 22/200	Train Loss: 3.1339	Val Accuracy: 15.46
Training Epoch: 23/200	Train Loss: 2.613	Val Accuracy: 15.46
Training Epoch: 24/200	Train Loss: 2.9735	Val Accuracy: 19.08
Training Epoch: 25/200	Train Loss: 2.1547	Val Accuracy: 19.08
Training Epoch: 26/200	Train Loss: 3.8863	Val Accuracy: 16.0
Training Epoch: 27/200	Train Loss: 3.5675	Val Accuracy: 16.0
Training Epoch: 28/200	Train Loss: 5.32	Val Accuracy: 15.8
Training Epoch: 29/200	Train Loss: 3.7539	Val Accuracy: 15.8
Training Epoch: 30/200	Train Loss: 2.3388	Val Accuracy: 19.0
Training Epoch: 31/200	Train Loss: 2.0911	Val Accuracy: 19.0
Training Epoch: 32/200	Train Loss: 2.3054	Val Accuracy: 16.54
Training Epoch: 33/200	Train Loss: 1.954	Val Accuracy: 16.54
Training Epoch: 34/200	Train Loss: 3.4723	Val Accuracy: 19.52
Training Epoch: 35/200	Train Loss: 2.0566	Val Accuracy: 19.52
Training Epoch: 36/200	Train Loss: 2.0311	Val Accuracy: 15.16
Training Epoch: 37/200	Train Loss: 4.3788	Val Accuracy: 15.16
Training Epoch: 38/200	Train Loss: 1.7809	Val Accuracy: 18.4
Training Epoch: 39/200	Train Loss: 2.0046	Val Accuracy: 18.4
Training Epoch: 40/200	Train Loss: 2.1422	Val Accuracy: 20.42
Training Epoch: 41/200	Train Loss: 3.7772	Val Accuracy: 20.42
Training Epoch: 42/200	Train Loss: 2.877	Val Accuracy: 20.88
Training Epoch: 43/200	Train Loss: 2.6557	Val Accuracy: 20.88
Training Epoch: 44/200	Train Loss: 3.5994	Val Accuracy: 22.34
Training Epoch: 45/200	Train Loss: 4.2893	Val Accuracy: 22.34
Training Epoch: 46/200	Train Loss: 3.0498	Val Accuracy: 14.46
Training Epoch: 47/200	Train Loss: 2.7251	Val Accuracy: 14.46
Training Epoch: 48/200	Train Loss: 2.3129	Val Accuracy: 13.0
Training Epoch: 49/200	Train Loss: 3.7418	Val Accuracy: 13.0
Training Epoch: 50/200	Train Loss: 3.5306	Val Accuracy: 17.74
Training Epoch: 51/200	Train Loss: 2.8135	Val Accuracy: 17.74
Training Epoch: 52/200	Train Loss: 1.9694	Val Accuracy: 22.98
Training Epoch: 53/200	Train Loss: 3.7856	Val Accuracy: 22.98
Training Epoch: 54/200	Train Loss: 3.3784	Val Accuracy: 26.02
Training Epoch: 55/200	Train Loss: 3.0523	Val Accuracy: 26.02
Training Epoch: 56/200	Train Loss: 2.035	Val Accuracy: 23.88
Training Epoch: 57/200	Train Loss: 1.9932	Val Accuracy: 23.88
Training Epoch: 58/200	Train Loss: 1.798	Val Accuracy: 26.54
Training Epoch: 59/200	Train Loss: 3.2633	Val Accuracy: 26.54
Training Epoch: 60/200	Train Loss: 1.7867	Val Accuracy: 26.7
Training Epoch: 61/200	Train Loss: 1.7225	Val Accuracy: 26.7
Training Epoch: 62/200	Train Loss: 1.6603	Val Accuracy: 29.74
Training Epoch: 63/200	Train Loss: 2.7251	Val Accuracy: 29.74
Training Epoch: 64/200	Train Loss: 2.4445	Val Accuracy: 28.96
Training Epoch: 65/200	Train Loss: 2.6779	Val Accuracy: 28.96
Training Epoch: 66/200	Train Loss: 1.8809	Val Accuracy: 29.48
Training Epoch: 67/200	Train Loss: 2.5073	Val Accuracy: 29.48
Training Epoch: 68/200	Train Loss: 1.8779	Val Accuracy: 30.2
Training Epoch: 69/200	Train Loss: 2.254	Val Accuracy: 30.2
Training Epoch: 70/200	Train Loss: 1.6078	Val Accuracy: 31.78
Training Epoch: 71/200	Train Loss: 1.6533	Val Accuracy: 31.78
Training Epoch: 72/200	Train Loss: 2.0097	Val Accuracy: 29.84
Training Epoch: 73/200	Train Loss: 1.7483	Val Accuracy: 29.84
Training Epoch: 74/200	Train Loss: 2.1751	Val Accuracy: 30.14
Training Epoch: 75/200	Train Loss: 1.6655	Val Accuracy: 30.14
Training Epoch: 76/200	Train Loss: 2.7064	Val Accuracy: 31.7
Training Epoch: 77/200	Train Loss: 1.905	Val Accuracy: 31.7
Training Epoch: 78/200	Train Loss: 2.0162	Val Accuracy: 31.88
Training Epoch: 79/200	Train Loss: 1.7556	Val Accuracy: 31.88
Training Epoch: 80/200	Train Loss: 2.63	Val Accuracy: 30.76
Training Epoch: 81/200	Train Loss: 1.943	Val Accuracy: 30.76
Training Epoch: 82/200	Train Loss: 1.8384	Val Accuracy: 33.1
Training Epoch: 83/200	Train Loss: 1.9185	Val Accuracy: 33.1
Training Epoch: 84/200	Train Loss: 1.3563	Val Accuracy: 32.62
Training Epoch: 85/200	Train Loss: 1.3213	Val Accuracy: 32.62
Training Epoch: 86/200	Train Loss: 1.684	Val Accuracy: 29.92
Training Epoch: 87/200	Train Loss: 1.2073	Val Accuracy: 29.92
Training Epoch: 88/200	Train Loss: 1.9456	Val Accuracy: 31.16
Training Epoch: 89/200	Train Loss: 1.4007	Val Accuracy: 31.16
Training Epoch: 90/200	Train Loss: 2.0796	Val Accuracy: 31.28
Training Epoch: 91/200	Train Loss: 1.4572	Val Accuracy: 31.28
Training Epoch: 92/200	Train Loss: 1.3572	Val Accuracy: 30.4
Training Epoch: 93/200	Train Loss: 1.9027	Val Accuracy: 30.4
Training Epoch: 94/200	Train Loss: 1.124	Val Accuracy: 31.92
Training Epoch: 95/200	Train Loss: 1.2865	Val Accuracy: 31.92
Training Epoch: 96/200	Train Loss: 1.3329	Val Accuracy: 32.68
Training Epoch: 97/200	Train Loss: 1.4183	Val Accuracy: 32.68
Training Epoch: 98/200	Train Loss: 1.8755	Val Accuracy: 31.54
Training Epoch: 99/200	Train Loss: 1.8188	Val Accuracy: 31.54
Training Epoch: 100/200	Train Loss: 1.1497	Val Accuracy: 31.64
Training Epoch: 101/200	Train Loss: 0.9906	Val Accuracy: 31.64
Training Epoch: 102/200	Train Loss: 0.9114	Val Accuracy: 31.8
Training Epoch: 103/200	Train Loss: 1.0032	Val Accuracy: 31.8
Training Epoch: 104/200	Train Loss: 2.1645	Val Accuracy: 32.3
Training Epoch: 105/200	Train Loss: 1.0629	Val Accuracy: 32.3
Training Epoch: 106/200	Train Loss: 1.0745	Val Accuracy: 32.56
Training Epoch: 107/200	Train Loss: 0.8895	Val Accuracy: 32.56
Training Epoch: 108/200	Train Loss: 0.7022	Val Accuracy: 32.34
Training Epoch: 109/200	Train Loss: 1.0011	Val Accuracy: 32.34
Training Epoch: 110/200	Train Loss: 0.9176	Val Accuracy: 30.84
Training Epoch: 111/200	Train Loss: 0.737	Val Accuracy: 30.84
Training Epoch: 112/200	Train Loss: 0.5908	Val Accuracy: 33.32
Training Epoch: 113/200	Train Loss: 1.1671	Val Accuracy: 33.32
Training Epoch: 114/200	Train Loss: 0.6109	Val Accuracy: 31.56
Training Epoch: 115/200	Train Loss: 1.8114	Val Accuracy: 31.56
Training Epoch: 116/200	Train Loss: 0.5908	Val Accuracy: 33.02
Training Epoch: 117/200	Train Loss: 0.6068	Val Accuracy: 33.02
Training Epoch: 118/200	Train Loss: 0.9156	Val Accuracy: 32.6
Training Epoch: 119/200	Train Loss: 1.5212	Val Accuracy: 32.6
Training Epoch: 120/200	Train Loss: 0.7241	Val Accuracy: 32.18
Training Epoch: 121/200	Train Loss: 1.2456	Val Accuracy: 32.18
Training Epoch: 122/200	Train Loss: 0.6248	Val Accuracy: 32.9
Training Epoch: 123/200	Train Loss: 1.4843	Val Accuracy: 32.9
Training Epoch: 124/200	Train Loss: 0.456	Val Accuracy: 32.76
Training Epoch: 125/200	Train Loss: 0.9518	Val Accuracy: 32.76
Training Epoch: 126/200	Train Loss: 1.1339	Val Accuracy: 31.82
Training Epoch: 127/200	Train Loss: 1.6498	Val Accuracy: 31.82
Training Epoch: 128/200	Train Loss: 0.6463	Val Accuracy: 32.24
Training Epoch: 129/200	Train Loss: 0.7818	Val Accuracy: 32.24
Training Epoch: 130/200	Train Loss: 0.4938	Val Accuracy: 32.08
Training Epoch: 131/200	Train Loss: 0.4376	Val Accuracy: 32.08
Training Epoch: 132/200	Train Loss: 1.1251	Val Accuracy: 31.66
Training Epoch: 133/200	Train Loss: 0.516	Val Accuracy: 31.66
Training Epoch: 134/200	Train Loss: 0.3514	Val Accuracy: 32.24
Training Epoch: 135/200	Train Loss: 0.6753	Val Accuracy: 32.24
Training Epoch: 136/200	Train Loss: 1.4186	Val Accuracy: 31.7
Training Epoch: 137/200	Train Loss: 0.4406	Val Accuracy: 31.7
Training Epoch: 138/200	Train Loss: 0.616	Val Accuracy: 33.4
Training Epoch: 139/200	Train Loss: 0.728	Val Accuracy: 33.4
Training Epoch: 140/200	Train Loss: 0.5613	Val Accuracy: 33.72
Training Epoch: 141/200	Train Loss: 0.3731	Val Accuracy: 33.72
Training Epoch: 142/200	Train Loss: 0.2626	Val Accuracy: 32.66
Training Epoch: 143/200	Train Loss: 0.8861	Val Accuracy: 32.66
Training Epoch: 144/200	Train Loss: 0.43	Val Accuracy: 32.54
Training Epoch: 145/200	Train Loss: 0.4417	Val Accuracy: 32.54
Training Epoch: 146/200	Train Loss: 0.2415	Val Accuracy: 32.14
Training Epoch: 147/200	Train Loss: 0.3273	Val Accuracy: 32.14
Training Epoch: 148/200	Train Loss: 0.2818	Val Accuracy: 32.16
Training Epoch: 149/200	Train Loss: 0.3285	Val Accuracy: 32.16
Training Epoch: 150/200	Train Loss: 0.2036	Val Accuracy: 32.46
Training Epoch: 151/200	Train Loss: 0.3291	Val Accuracy: 32.46
Training Epoch: 152/200	Train Loss: 0.3507	Val Accuracy: 32.16
Training Epoch: 153/200	Train Loss: 0.3477	Val Accuracy: 32.16
Training Epoch: 154/200	Train Loss: 1.5159	Val Accuracy: 32.12
Training Epoch: 155/200	Train Loss: 0.3496	Val Accuracy: 32.12
Training Epoch: 156/200	Train Loss: 0.7979	Val Accuracy: 32.2
Training Epoch: 157/200	Train Loss: 0.8114	Val Accuracy: 32.2
Training Epoch: 158/200	Train Loss: 0.6528	Val Accuracy: 33.08
Training Epoch: 159/200	Train Loss: 0.5921	Val Accuracy: 33.08
Training Epoch: 160/200	Train Loss: 0.2106	Val Accuracy: 32.24
Training Epoch: 161/200	Train Loss: 0.1895	Val Accuracy: 32.24
Training Epoch: 162/200	Train Loss: 0.2353	Val Accuracy: 32.48
Training Epoch: 163/200	Train Loss: 0.2573	Val Accuracy: 32.48
Training Epoch: 164/200	Train Loss: 0.4945	Val Accuracy: 32.66
Training Epoch: 165/200	Train Loss: 0.3952	Val Accuracy: 32.66
Training Epoch: 166/200	Train Loss: 0.192	Val Accuracy: 31.84
Training Epoch: 167/200	Train Loss: 0.1779	Val Accuracy: 31.84
Training Epoch: 168/200	Train Loss: 0.492	Val Accuracy: 32.56
Training Epoch: 169/200	Train Loss: 0.7361	Val Accuracy: 32.56
Training Epoch: 170/200	Train Loss: 0.0969	Val Accuracy: 32.7
Training Epoch: 171/200	Train Loss: 0.8799	Val Accuracy: 32.7
Training Epoch: 172/200	Train Loss: 0.1767	Val Accuracy: 32.66
Training Epoch: 173/200	Train Loss: 0.6992	Val Accuracy: 32.66
Training Epoch: 174/200	Train Loss: 0.1692	Val Accuracy: 32.08
Training Epoch: 175/200	Train Loss: 0.4871	Val Accuracy: 32.08
Training Epoch: 176/200	Train Loss: 0.2972	Val Accuracy: 32.38
Training Epoch: 177/200	Train Loss: 0.2549	Val Accuracy: 32.38
Training Epoch: 178/200	Train Loss: 1.1065	Val Accuracy: 32.66
Training Epoch: 179/200	Train Loss: 0.249	Val Accuracy: 32.66
Training Epoch: 180/200	Train Loss: 0.2783	Val Accuracy: 32.96
Training Epoch: 181/200	Train Loss: 0.5822	Val Accuracy: 32.96
Training Epoch: 182/200	Train Loss: 0.2724	Val Accuracy: 32.06
Training Epoch: 183/200	Train Loss: 0.0974	Val Accuracy: 32.06
Training Epoch: 184/200	Train Loss: 0.166	Val Accuracy: 32.84
Training Epoch: 185/200	Train Loss: 0.2596	Val Accuracy: 32.84
Training Epoch: 186/200	Train Loss: 0.1722	Val Accuracy: 33.1
Training Epoch: 187/200	Train Loss: 0.1184	Val Accuracy: 33.1
Training Epoch: 188/200	Train Loss: 0.2622	Val Accuracy: 32.46
Training Epoch: 189/200	Train Loss: 0.1373	Val Accuracy: 32.46
Training Epoch: 190/200	Train Loss: 0.1816	Val Accuracy: 32.86
Training Epoch: 191/200	Train Loss: 0.1405	Val Accuracy: 32.86
Training Epoch: 192/200	Train Loss: 1.3927	Val Accuracy: 33.34
Training Epoch: 193/200	Train Loss: 0.0985	Val Accuracy: 33.34
Training Epoch: 194/200	Train Loss: 0.0953	Val Accuracy: 33.08
Training Epoch: 195/200	Train Loss: 0.1797	Val Accuracy: 33.08
Training Epoch: 196/200	Train Loss: 0.2228	Val Accuracy: 32.96
Training Epoch: 197/200	Train Loss: 0.2261	Val Accuracy: 32.96
Training Epoch: 198/200	Train Loss: 0.7119	Val Accuracy: 31.88
Training Epoch: 199/200	Train Loss: 0.3394	Val Accuracy: 31.88
Training Epoch: 200/200	Train Loss: 0.1507	Val Accuracy: 32.66

Wrote Best Model Checkpoint to: vlBest_acc_33_model_epoch_0140.pyth

Best Validation Accuracy: 33.72
Best Epoch: 140

======== TESTING ========

Test Accuracy: 32.95.

======== ACTIVE SAMPLING ========

len(uSetLoader): 443
u_ranks.shape: (44250,)
Active Sampling Complete. After Episode 14:
New Labeled Set: 800, New Unlabeled Set: 44200, Active Set: 50

================================


Current accuracy values:  [18.319999999999993, 20.549999999999997, 17.75, 27.439999122619625, 21.25, 27.689999504089357, 28.389999389648438, 29.679999504089352, 29.91999935150146, 33.68999908447266, 32.22999935150146, 29.519999160766602, 29.60999935150147, 32.679999351501465, 32.94999954223633]
Starting model from scratch - ignoring existing weights.
<All keys matched successfully>
None
======== EPISODE 15 BEGINS ========

======== TRAINING ========
Training Epoch: 1/200	Train Loss: 9.1769	Val Accuracy: 0.0
Training Epoch: 2/200	Train Loss: 4.0447	Val Accuracy: 9.58
Training Epoch: 3/200	Train Loss: 4.3989	Val Accuracy: 9.58
Training Epoch: 4/200	Train Loss: 3.6326	Val Accuracy: 10.28
Training Epoch: 5/200	Train Loss: 5.1832	Val Accuracy: 10.28
Training Epoch: 6/200	Train Loss: 5.2852	Val Accuracy: 14.28
Training Epoch: 7/200	Train Loss: 2.3433	Val Accuracy: 14.28
Training Epoch: 8/200	Train Loss: 4.346	Val Accuracy: 17.4
Training Epoch: 9/200	Train Loss: 4.0946	Val Accuracy: 17.4
Training Epoch: 10/200	Train Loss: 4.9452	Val Accuracy: 11.1
Training Epoch: 11/200	Train Loss: 3.7874	Val Accuracy: 11.1
Training Epoch: 12/200	Train Loss: 5.8135	Val Accuracy: 12.12
Training Epoch: 13/200	Train Loss: 4.0039	Val Accuracy: 12.12
Training Epoch: 14/200	Train Loss: 3.665	Val Accuracy: 13.24
Training Epoch: 15/200	Train Loss: 6.865	Val Accuracy: 13.24
Training Epoch: 16/200	Train Loss: 2.8055	Val Accuracy: 14.96
Training Epoch: 17/200	Train Loss: 3.3137	Val Accuracy: 14.96
Training Epoch: 18/200	Train Loss: 3.4417	Val Accuracy: 17.84
Training Epoch: 19/200	Train Loss: 2.364	Val Accuracy: 17.84
Training Epoch: 20/200	Train Loss: 4.1289	Val Accuracy: 12.38
Training Epoch: 21/200	Train Loss: 2.3092	Val Accuracy: 12.38
Training Epoch: 22/200	Train Loss: 2.7391	Val Accuracy: 16.54
Training Epoch: 23/200	Train Loss: 3.1002	Val Accuracy: 16.54
Training Epoch: 24/200	Train Loss: 2.8271	Val Accuracy: 19.84
Training Epoch: 25/200	Train Loss: 3.8911	Val Accuracy: 19.84
Training Epoch: 26/200	Train Loss: 2.7499	Val Accuracy: 21.64
Training Epoch: 27/200	Train Loss: 3.183	Val Accuracy: 21.64
Training Epoch: 28/200	Train Loss: 3.3054	Val Accuracy: 20.2
Training Epoch: 29/200	Train Loss: 2.9641	Val Accuracy: 20.2
Training Epoch: 30/200	Train Loss: 2.5435	Val Accuracy: 24.54
Training Epoch: 31/200	Train Loss: 3.3885	Val Accuracy: 24.54
Training Epoch: 32/200	Train Loss: 4.5621	Val Accuracy: 24.56
Training Epoch: 33/200	Train Loss: 2.5519	Val Accuracy: 24.56
Training Epoch: 34/200	Train Loss: 2.7433	Val Accuracy: 25.68
Training Epoch: 35/200	Train Loss: 2.0049	Val Accuracy: 25.68
Training Epoch: 36/200	Train Loss: 3.3255	Val Accuracy: 27.2
Training Epoch: 37/200	Train Loss: 4.3834	Val Accuracy: 27.2
Training Epoch: 38/200	Train Loss: 2.9484	Val Accuracy: 28.12
Training Epoch: 39/200	Train Loss: 2.5669	Val Accuracy: 28.12
Training Epoch: 40/200	Train Loss: 3.172	Val Accuracy: 26.96
Training Epoch: 41/200	Train Loss: 2.1549	Val Accuracy: 26.96
Training Epoch: 42/200	Train Loss: 1.8467	Val Accuracy: 28.12
Training Epoch: 43/200	Train Loss: 2.8014	Val Accuracy: 28.12
Training Epoch: 44/200	Train Loss: 2.4026	Val Accuracy: 29.26
Training Epoch: 45/200	Train Loss: 1.9907	Val Accuracy: 29.26
Training Epoch: 46/200	Train Loss: 2.4478	Val Accuracy: 29.54
Training Epoch: 47/200	Train Loss: 1.6152	Val Accuracy: 29.54
Training Epoch: 48/200	Train Loss: 3.4671	Val Accuracy: 30.88
Training Epoch: 49/200	Train Loss: 2.5898	Val Accuracy: 30.88
Training Epoch: 50/200	Train Loss: 1.9034	Val Accuracy: 24.04
Training Epoch: 51/200	Train Loss: 1.9687	Val Accuracy: 24.04
Training Epoch: 52/200	Train Loss: 1.6499	Val Accuracy: 31.06
Training Epoch: 53/200	Train Loss: 1.7914	Val Accuracy: 31.06
Training Epoch: 54/200	Train Loss: 2.1247	Val Accuracy: 30.8
Training Epoch: 55/200	Train Loss: 2.3575	Val Accuracy: 30.8
Training Epoch: 56/200	Train Loss: 1.5548	Val Accuracy: 31.12
Training Epoch: 57/200	Train Loss: 2.0447	Val Accuracy: 31.12
Training Epoch: 58/200	Train Loss: 1.6124	Val Accuracy: 28.94
Training Epoch: 59/200	Train Loss: 1.4186	Val Accuracy: 28.94
Training Epoch: 60/200	Train Loss: 1.7964	Val Accuracy: 31.74
Training Epoch: 61/200	Train Loss: 1.8088	Val Accuracy: 31.74
Training Epoch: 62/200	Train Loss: 1.6909	Val Accuracy: 30.22
Training Epoch: 63/200	Train Loss: 1.3923	Val Accuracy: 30.22
Training Epoch: 64/200	Train Loss: 1.842	Val Accuracy: 32.06
Training Epoch: 65/200	Train Loss: 2.2836	Val Accuracy: 32.06
Training Epoch: 66/200	Train Loss: 1.7855	Val Accuracy: 32.7
Training Epoch: 67/200	Train Loss: 1.4097	Val Accuracy: 32.7
Training Epoch: 68/200	Train Loss: 1.6707	Val Accuracy: 33.64
Training Epoch: 69/200	Train Loss: 1.5808	Val Accuracy: 33.64
Training Epoch: 70/200	Train Loss: 1.7744	Val Accuracy: 33.14
Training Epoch: 71/200	Train Loss: 1.5773	Val Accuracy: 33.14
Training Epoch: 72/200	Train Loss: 2.0211	Val Accuracy: 33.46
Training Epoch: 73/200	Train Loss: 1.2397	Val Accuracy: 33.46
Training Epoch: 74/200	Train Loss: 1.4796	Val Accuracy: 34.12
Training Epoch: 75/200	Train Loss: 1.2037	Val Accuracy: 34.12
Training Epoch: 76/200	Train Loss: 1.0331	Val Accuracy: 32.78
Training Epoch: 77/200	Train Loss: 1.156	Val Accuracy: 32.78
Training Epoch: 78/200	Train Loss: 1.5548	Val Accuracy: 35.42
Training Epoch: 79/200	Train Loss: 1.6348	Val Accuracy: 35.42
Training Epoch: 80/200	Train Loss: 1.3717	Val Accuracy: 33.2
Training Epoch: 81/200	Train Loss: 2.0959	Val Accuracy: 33.2
Training Epoch: 82/200	Train Loss: 2.041	Val Accuracy: 34.58
Training Epoch: 83/200	Train Loss: 1.6159	Val Accuracy: 34.58
Training Epoch: 84/200	Train Loss: 1.0699	Val Accuracy: 34.1
Training Epoch: 85/200	Train Loss: 1.7195	Val Accuracy: 34.1
Training Epoch: 86/200	Train Loss: 1.1909	Val Accuracy: 34.02
Training Epoch: 87/200	Train Loss: 0.888	Val Accuracy: 34.02
Training Epoch: 88/200	Train Loss: 0.8175	Val Accuracy: 33.5
Training Epoch: 89/200	Train Loss: 1.385	Val Accuracy: 33.5
Training Epoch: 90/200	Train Loss: 0.8133	Val Accuracy: 33.68
Training Epoch: 91/200	Train Loss: 0.736	Val Accuracy: 33.68
Training Epoch: 92/200	Train Loss: 0.8892	Val Accuracy: 34.44
Training Epoch: 93/200	Train Loss: 1.5232	Val Accuracy: 34.44
Training Epoch: 94/200	Train Loss: 0.7891	Val Accuracy: 33.92
Training Epoch: 95/200	Train Loss: 1.2385	Val Accuracy: 33.92
Training Epoch: 96/200	Train Loss: 0.9086	Val Accuracy: 33.9
Training Epoch: 97/200	Train Loss: 1.139	Val Accuracy: 33.9
Training Epoch: 98/200	Train Loss: 0.6424	Val Accuracy: 33.92
Training Epoch: 99/200	Train Loss: 1.1707	Val Accuracy: 33.92
Training Epoch: 100/200	Train Loss: 1.2068	Val Accuracy: 34.5
Training Epoch: 101/200	Train Loss: 1.0287	Val Accuracy: 34.5
Training Epoch: 102/200	Train Loss: 0.6132	Val Accuracy: 32.98
Training Epoch: 103/200	Train Loss: 1.6361	Val Accuracy: 32.98
Training Epoch: 104/200	Train Loss: 0.6258	Val Accuracy: 35.18
Training Epoch: 105/200	Train Loss: 0.9883	Val Accuracy: 35.18
Training Epoch: 106/200	Train Loss: 0.5297	Val Accuracy: 34.2
Training Epoch: 107/200	Train Loss: 0.5893	Val Accuracy: 34.2
Training Epoch: 108/200	Train Loss: 1.1105	Val Accuracy: 34.56
Training Epoch: 109/200	Train Loss: 1.1768	Val Accuracy: 34.56
Training Epoch: 110/200	Train Loss: 0.9564	Val Accuracy: 33.68
Training Epoch: 111/200	Train Loss: 1.0788	Val Accuracy: 33.68
Training Epoch: 112/200	Train Loss: 0.5389	Val Accuracy: 35.36
Training Epoch: 113/200	Train Loss: 0.3337	Val Accuracy: 35.36
Training Epoch: 114/200	Train Loss: 0.3606	Val Accuracy: 32.84
Training Epoch: 115/200	Train Loss: 0.2847	Val Accuracy: 32.84
Training Epoch: 116/200	Train Loss: 0.6668	Val Accuracy: 35.4
Training Epoch: 117/200	Train Loss: 0.3252	Val Accuracy: 35.4
Training Epoch: 118/200	Train Loss: 0.6672	Val Accuracy: 34.16
Training Epoch: 119/200	Train Loss: 0.1802	Val Accuracy: 34.16
Training Epoch: 120/200	Train Loss: 0.7037	Val Accuracy: 34.86
Training Epoch: 121/200	Train Loss: 0.829	Val Accuracy: 34.86
Training Epoch: 122/200	Train Loss: 0.8261	Val Accuracy: 34.24
Training Epoch: 123/200	Train Loss: 1.0353	Val Accuracy: 34.24
Training Epoch: 124/200	Train Loss: 0.2164	Val Accuracy: 35.26
Training Epoch: 125/200	Train Loss: 0.6374	Val Accuracy: 35.26
Training Epoch: 126/200	Train Loss: 0.5815	Val Accuracy: 36.3
Training Epoch: 127/200	Train Loss: 0.2826	Val Accuracy: 36.3
Training Epoch: 128/200	Train Loss: 0.4128	Val Accuracy: 34.16
Training Epoch: 129/200	Train Loss: 0.2298	Val Accuracy: 34.16
Training Epoch: 130/200	Train Loss: 0.1458	Val Accuracy: 34.88
Training Epoch: 131/200	Train Loss: 0.2215	Val Accuracy: 34.88
Training Epoch: 132/200	Train Loss: 0.7038	Val Accuracy: 33.52
Training Epoch: 133/200	Train Loss: 0.7225	Val Accuracy: 33.52
Training Epoch: 134/200	Train Loss: 0.7849	Val Accuracy: 33.82
Training Epoch: 135/200	Train Loss: 0.6475	Val Accuracy: 33.82
Training Epoch: 136/200	Train Loss: 0.5961	Val Accuracy: 34.7
Training Epoch: 137/200	Train Loss: 0.5722	Val Accuracy: 34.7
Training Epoch: 138/200	Train Loss: 0.2118	Val Accuracy: 34.86
Training Epoch: 139/200	Train Loss: 0.4909	Val Accuracy: 34.86
Training Epoch: 140/200	Train Loss: 0.4962	Val Accuracy: 35.4
Training Epoch: 141/200	Train Loss: 0.4989	Val Accuracy: 35.4
Training Epoch: 142/200	Train Loss: 0.3559	Val Accuracy: 34.28
Training Epoch: 143/200	Train Loss: 0.4242	Val Accuracy: 34.28
Training Epoch: 144/200	Train Loss: 0.5632	Val Accuracy: 34.52
Training Epoch: 145/200	Train Loss: 0.361	Val Accuracy: 34.52
Training Epoch: 146/200	Train Loss: 0.1262	Val Accuracy: 34.56
Training Epoch: 147/200	Train Loss: 0.3291	Val Accuracy: 34.56
Training Epoch: 148/200	Train Loss: 0.774	Val Accuracy: 34.52
Training Epoch: 149/200	Train Loss: 0.0762	Val Accuracy: 34.52
Training Epoch: 150/200	Train Loss: 1.0318	Val Accuracy: 35.1
Training Epoch: 151/200	Train Loss: 0.4115	Val Accuracy: 35.1
Training Epoch: 152/200	Train Loss: 0.3346	Val Accuracy: 36.24
Training Epoch: 153/200	Train Loss: 0.0964	Val Accuracy: 36.24
Training Epoch: 154/200	Train Loss: 0.4239	Val Accuracy: 34.58
Training Epoch: 155/200	Train Loss: 0.0213	Val Accuracy: 34.58
Training Epoch: 156/200	Train Loss: 0.3625	Val Accuracy: 34.66
Training Epoch: 157/200	Train Loss: 0.5723	Val Accuracy: 34.66
Training Epoch: 158/200	Train Loss: 0.1355	Val Accuracy: 35.2
Training Epoch: 159/200	Train Loss: 0.2872	Val Accuracy: 35.2
Training Epoch: 160/200	Train Loss: 0.1272	Val Accuracy: 35.18
Training Epoch: 161/200	Train Loss: 0.3254	Val Accuracy: 35.18
Training Epoch: 162/200	Train Loss: 0.2044	Val Accuracy: 35.06
Training Epoch: 163/200	Train Loss: 0.2753	Val Accuracy: 35.06
Training Epoch: 164/200	Train Loss: 0.4512	Val Accuracy: 35.04
Training Epoch: 165/200	Train Loss: 0.5923	Val Accuracy: 35.04
Training Epoch: 166/200	Train Loss: 0.2237	Val Accuracy: 34.36
Training Epoch: 167/200	Train Loss: 0.1706	Val Accuracy: 34.36
Training Epoch: 168/200	Train Loss: 0.3006	Val Accuracy: 35.64
Training Epoch: 169/200	Train Loss: 0.1269	Val Accuracy: 35.64
Training Epoch: 170/200	Train Loss: 0.3227	Val Accuracy: 35.86
Training Epoch: 171/200	Train Loss: 0.2083	Val Accuracy: 35.86
Training Epoch: 172/200	Train Loss: 0.3094	Val Accuracy: 35.0
Training Epoch: 173/200	Train Loss: 0.6323	Val Accuracy: 35.0
Training Epoch: 174/200	Train Loss: 0.3059	Val Accuracy: 35.84
Training Epoch: 175/200	Train Loss: 0.1635	Val Accuracy: 35.84
Training Epoch: 176/200	Train Loss: 0.384	Val Accuracy: 34.56
Training Epoch: 177/200	Train Loss: 0.6291	Val Accuracy: 34.56
Training Epoch: 178/200	Train Loss: 0.1208	Val Accuracy: 35.46
Training Epoch: 179/200	Train Loss: 0.0217	Val Accuracy: 35.46
Training Epoch: 180/200	Train Loss: 0.2923	Val Accuracy: 35.28
Training Epoch: 181/200	Train Loss: 0.2715	Val Accuracy: 35.28
Training Epoch: 182/200	Train Loss: 0.6801	Val Accuracy: 35.82
Training Epoch: 183/200	Train Loss: 0.291	Val Accuracy: 35.82
Training Epoch: 184/200	Train Loss: 0.0706	Val Accuracy: 35.94
Training Epoch: 185/200	Train Loss: 0.4089	Val Accuracy: 35.94
Training Epoch: 186/200	Train Loss: 0.3404	Val Accuracy: 35.72
Training Epoch: 187/200	Train Loss: 0.2047	Val Accuracy: 35.72
Training Epoch: 188/200	Train Loss: 0.2219	Val Accuracy: 34.94
Training Epoch: 189/200	Train Loss: 0.2919	Val Accuracy: 34.94
Training Epoch: 190/200	Train Loss: 0.1365	Val Accuracy: 35.74
Training Epoch: 191/200	Train Loss: 0.0767	Val Accuracy: 35.74
Training Epoch: 192/200	Train Loss: 0.2537	Val Accuracy: 35.82
Training Epoch: 193/200	Train Loss: 0.0388	Val Accuracy: 35.82
Training Epoch: 194/200	Train Loss: 0.0936	Val Accuracy: 35.2
Training Epoch: 195/200	Train Loss: 0.0995	Val Accuracy: 35.2
Training Epoch: 196/200	Train Loss: 0.2961	Val Accuracy: 35.24
Training Epoch: 197/200	Train Loss: 0.1966	Val Accuracy: 35.24
Training Epoch: 198/200	Train Loss: 0.1491	Val Accuracy: 36.0
Training Epoch: 199/200	Train Loss: 0.0653	Val Accuracy: 36.0
Training Epoch: 200/200	Train Loss: 0.0779	Val Accuracy: 35.58

Wrote Best Model Checkpoint to: vlBest_acc_36_model_epoch_0126.pyth

Best Validation Accuracy: 36.3
Best Epoch: 126

======== TESTING ========

Test Accuracy: 35.39.

======== ACTIVE SAMPLING ========

len(uSetLoader): 442
u_ranks.shape: (44200,)
Active Sampling Complete. After Episode 15:
New Labeled Set: 850, New Unlabeled Set: 44150, Active Set: 50

================================


Current accuracy values:  [18.319999999999993, 20.549999999999997, 17.75, 27.439999122619625, 21.25, 27.689999504089357, 28.389999389648438, 29.679999504089352, 29.91999935150146, 33.68999908447266, 32.22999935150146, 29.519999160766602, 29.60999935150147, 32.679999351501465, 32.94999954223633, 35.389999580383304]
Starting model from scratch - ignoring existing weights.
<All keys matched successfully>
None
======== EPISODE 16 BEGINS ========

======== TRAINING ========
Training Epoch: 1/200	Train Loss: 4.9861	Val Accuracy: 0.0
Training Epoch: 2/200	Train Loss: 6.0677	Val Accuracy: 9.84
Training Epoch: 3/200	Train Loss: 2.3652	Val Accuracy: 9.84
Training Epoch: 4/200	Train Loss: 6.7344	Val Accuracy: 13.92
Training Epoch: 5/200	Train Loss: 3.5551	Val Accuracy: 13.92
Training Epoch: 6/200	Train Loss: 4.9632	Val Accuracy: 10.08
Training Epoch: 7/200	Train Loss: 4.6634	Val Accuracy: 10.08
Training Epoch: 8/200	Train Loss: 6.0671	Val Accuracy: 15.16
Training Epoch: 9/200	Train Loss: 2.8692	Val Accuracy: 15.16
Training Epoch: 10/200	Train Loss: 2.2485	Val Accuracy: 14.74
Training Epoch: 11/200	Train Loss: 3.2501	Val Accuracy: 14.74
Training Epoch: 12/200	Train Loss: 2.2647	Val Accuracy: 14.64
Training Epoch: 13/200	Train Loss: 2.2108	Val Accuracy: 14.64
Training Epoch: 14/200	Train Loss: 3.8563	Val Accuracy: 16.6
Training Epoch: 15/200	Train Loss: 2.3328	Val Accuracy: 16.6
Training Epoch: 16/200	Train Loss: 3.4654	Val Accuracy: 19.64
Training Epoch: 17/200	Train Loss: 4.208	Val Accuracy: 19.64
Training Epoch: 18/200	Train Loss: 2.857	Val Accuracy: 21.4
Training Epoch: 19/200	Train Loss: 2.3386	Val Accuracy: 21.4
Training Epoch: 20/200	Train Loss: 2.1367	Val Accuracy: 17.98
Training Epoch: 21/200	Train Loss: 2.0271	Val Accuracy: 17.98
Training Epoch: 22/200	Train Loss: 1.9217	Val Accuracy: 22.46
Training Epoch: 23/200	Train Loss: 2.4867	Val Accuracy: 22.46
Training Epoch: 24/200	Train Loss: 2.0923	Val Accuracy: 24.16
Training Epoch: 25/200	Train Loss: 2.2044	Val Accuracy: 24.16
Training Epoch: 26/200	Train Loss: 3.3031	Val Accuracy: 22.38
Training Epoch: 27/200	Train Loss: 2.4514	Val Accuracy: 22.38
Training Epoch: 28/200	Train Loss: 3.7873	Val Accuracy: 22.98
Training Epoch: 29/200	Train Loss: 4.2974	Val Accuracy: 22.98
Training Epoch: 30/200	Train Loss: 3.0605	Val Accuracy: 20.88
Training Epoch: 31/200	Train Loss: 2.9647	Val Accuracy: 20.88
Training Epoch: 32/200	Train Loss: 2.681	Val Accuracy: 24.98
Training Epoch: 33/200	Train Loss: 2.6512	Val Accuracy: 24.98
Training Epoch: 34/200	Train Loss: 3.0507	Val Accuracy: 24.62
Training Epoch: 35/200	Train Loss: 2.7115	Val Accuracy: 24.62
Training Epoch: 36/200	Train Loss: 2.2094	Val Accuracy: 28.26
Training Epoch: 37/200	Train Loss: 3.4413	Val Accuracy: 28.26
Training Epoch: 38/200	Train Loss: 2.2683	Val Accuracy: 23.34
Training Epoch: 39/200	Train Loss: 2.2403	Val Accuracy: 23.34
Training Epoch: 40/200	Train Loss: 2.0063	Val Accuracy: 27.2
Training Epoch: 41/200	Train Loss: 1.913	Val Accuracy: 27.2
Training Epoch: 42/200	Train Loss: 1.9978	Val Accuracy: 24.36
Training Epoch: 43/200	Train Loss: 2.4805	Val Accuracy: 24.36
Training Epoch: 44/200	Train Loss: 2.3411	Val Accuracy: 14.64
Training Epoch: 45/200	Train Loss: 2.3632	Val Accuracy: 14.64
Training Epoch: 46/200	Train Loss: 2.8776	Val Accuracy: 21.0
Training Epoch: 47/200	Train Loss: 2.9025	Val Accuracy: 21.0
Training Epoch: 48/200	Train Loss: 2.6396	Val Accuracy: 24.46
Training Epoch: 49/200	Train Loss: 2.0016	Val Accuracy: 24.46
Training Epoch: 50/200	Train Loss: 1.9231	Val Accuracy: 25.14
Training Epoch: 51/200	Train Loss: 2.1408	Val Accuracy: 25.14
Training Epoch: 52/200	Train Loss: 1.7839	Val Accuracy: 30.66
Training Epoch: 53/200	Train Loss: 2.6254	Val Accuracy: 30.66
Training Epoch: 54/200	Train Loss: 2.8484	Val Accuracy: 26.72
Training Epoch: 55/200	Train Loss: 2.2595	Val Accuracy: 26.72
Training Epoch: 56/200	Train Loss: 2.4253	Val Accuracy: 28.7
Training Epoch: 57/200	Train Loss: 2.1185	Val Accuracy: 28.7
Training Epoch: 58/200	Train Loss: 2.4462	Val Accuracy: 29.18
Training Epoch: 59/200	Train Loss: 2.029	Val Accuracy: 29.18
Training Epoch: 60/200	Train Loss: 2.1655	Val Accuracy: 27.28
Training Epoch: 61/200	Train Loss: 1.9262	Val Accuracy: 27.28
Training Epoch: 62/200	Train Loss: 2.166	Val Accuracy: 29.94
Training Epoch: 63/200	Train Loss: 2.2077	Val Accuracy: 29.94
Training Epoch: 64/200	Train Loss: 2.1095	Val Accuracy: 29.6
Training Epoch: 65/200	Train Loss: 2.365	Val Accuracy: 29.6
Training Epoch: 66/200	Train Loss: 2.0822	Val Accuracy: 30.8
Training Epoch: 67/200	Train Loss: 1.971	Val Accuracy: 30.8
Training Epoch: 68/200	Train Loss: 1.6217	Val Accuracy: 28.64
Training Epoch: 69/200	Train Loss: 1.6869	Val Accuracy: 28.64
Training Epoch: 70/200	Train Loss: 1.8003	Val Accuracy: 31.6
Training Epoch: 71/200	Train Loss: 1.5768	Val Accuracy: 31.6
Training Epoch: 72/200	Train Loss: 1.844	Val Accuracy: 31.16
Training Epoch: 73/200	Train Loss: 1.5321	Val Accuracy: 31.16
Training Epoch: 74/200	Train Loss: 1.4299	Val Accuracy: 30.72
Training Epoch: 75/200	Train Loss: 2.3085	Val Accuracy: 30.72
Training Epoch: 76/200	Train Loss: 1.457	Val Accuracy: 27.6
Training Epoch: 77/200	Train Loss: 2.2213	Val Accuracy: 27.6
Training Epoch: 78/200	Train Loss: 1.4884	Val Accuracy: 25.12
Training Epoch: 79/200	Train Loss: 1.7213	Val Accuracy: 25.12
Training Epoch: 80/200	Train Loss: 1.82	Val Accuracy: 26.98
Training Epoch: 81/200	Train Loss: 1.7203	Val Accuracy: 26.98
Training Epoch: 82/200	Train Loss: 1.7411	Val Accuracy: 33.28
Training Epoch: 83/200	Train Loss: 1.7029	Val Accuracy: 33.28
Training Epoch: 84/200	Train Loss: 1.1408	Val Accuracy: 33.48
Training Epoch: 85/200	Train Loss: 2.105	Val Accuracy: 33.48
Training Epoch: 86/200	Train Loss: 1.8502	Val Accuracy: 33.54
Training Epoch: 87/200	Train Loss: 2.2309	Val Accuracy: 33.54
Training Epoch: 88/200	Train Loss: 1.826	Val Accuracy: 33.4
Training Epoch: 89/200	Train Loss: 1.727	Val Accuracy: 33.4
Training Epoch: 90/200	Train Loss: 1.7091	Val Accuracy: 34.48
Training Epoch: 91/200	Train Loss: 1.4306	Val Accuracy: 34.48
Training Epoch: 92/200	Train Loss: 1.9437	Val Accuracy: 32.56
Training Epoch: 93/200	Train Loss: 1.8617	Val Accuracy: 32.56
Training Epoch: 94/200	Train Loss: 2.0463	Val Accuracy: 30.3
Training Epoch: 95/200	Train Loss: 1.6493	Val Accuracy: 30.3
Training Epoch: 96/200	Train Loss: 2.1311	Val Accuracy: 33.06
Training Epoch: 97/200	Train Loss: 1.5532	Val Accuracy: 33.06
Training Epoch: 98/200	Train Loss: 1.3839	Val Accuracy: 32.46
Training Epoch: 99/200	Train Loss: 1.6568	Val Accuracy: 32.46
Training Epoch: 100/200	Train Loss: 1.5526	Val Accuracy: 33.16
Training Epoch: 101/200	Train Loss: 1.1325	Val Accuracy: 33.16
Training Epoch: 102/200	Train Loss: 1.1896	Val Accuracy: 34.4
Training Epoch: 103/200	Train Loss: 1.6977	Val Accuracy: 34.4
Training Epoch: 104/200	Train Loss: 1.633	Val Accuracy: 35.0
Training Epoch: 105/200	Train Loss: 1.1046	Val Accuracy: 35.0
Training Epoch: 106/200	Train Loss: 1.2987	Val Accuracy: 34.26
Training Epoch: 107/200	Train Loss: 0.799	Val Accuracy: 34.26
Training Epoch: 108/200	Train Loss: 1.0776	Val Accuracy: 33.76
Training Epoch: 109/200	Train Loss: 1.4717	Val Accuracy: 33.76
Training Epoch: 110/200	Train Loss: 1.1327	Val Accuracy: 32.4
Training Epoch: 111/200	Train Loss: 0.6462	Val Accuracy: 32.4
Training Epoch: 112/200	Train Loss: 1.7232	Val Accuracy: 34.96
Training Epoch: 113/200	Train Loss: 1.0532	Val Accuracy: 34.96
Training Epoch: 114/200	Train Loss: 1.291	Val Accuracy: 32.78
Training Epoch: 115/200	Train Loss: 1.101	Val Accuracy: 32.78
Training Epoch: 116/200	Train Loss: 1.4173	Val Accuracy: 33.4
Training Epoch: 117/200	Train Loss: 1.0848	Val Accuracy: 33.4
Training Epoch: 118/200	Train Loss: 0.5562	Val Accuracy: 33.88
Training Epoch: 119/200	Train Loss: 1.323	Val Accuracy: 33.88
Training Epoch: 120/200	Train Loss: 0.8409	Val Accuracy: 33.82
Training Epoch: 121/200	Train Loss: 1.0071	Val Accuracy: 33.82
Training Epoch: 122/200	Train Loss: 1.7024	Val Accuracy: 33.9
Training Epoch: 123/200	Train Loss: 1.0433	Val Accuracy: 33.9
Training Epoch: 124/200	Train Loss: 1.1635	Val Accuracy: 33.9
Training Epoch: 125/200	Train Loss: 0.7191	Val Accuracy: 33.9
Training Epoch: 126/200	Train Loss: 1.0751	Val Accuracy: 33.98
Training Epoch: 127/200	Train Loss: 0.7909	Val Accuracy: 33.98
Training Epoch: 128/200	Train Loss: 0.7104	Val Accuracy: 33.86
Training Epoch: 129/200	Train Loss: 0.4744	Val Accuracy: 33.86
Training Epoch: 130/200	Train Loss: 0.5498	Val Accuracy: 34.64
Training Epoch: 131/200	Train Loss: 0.4197	Val Accuracy: 34.64
Training Epoch: 132/200	Train Loss: 1.1432	Val Accuracy: 33.42
Training Epoch: 133/200	Train Loss: 0.3774	Val Accuracy: 33.42
Training Epoch: 134/200	Train Loss: 0.6346	Val Accuracy: 33.8
Training Epoch: 135/200	Train Loss: 1.1634	Val Accuracy: 33.8
Training Epoch: 136/200	Train Loss: 0.7134	Val Accuracy: 33.42
Training Epoch: 137/200	Train Loss: 0.3421	Val Accuracy: 33.42
Training Epoch: 138/200	Train Loss: 0.6684	Val Accuracy: 33.02
Training Epoch: 139/200	Train Loss: 0.8011	Val Accuracy: 33.02
Training Epoch: 140/200	Train Loss: 0.5092	Val Accuracy: 33.86
Training Epoch: 141/200	Train Loss: 1.2108	Val Accuracy: 33.86
Training Epoch: 142/200	Train Loss: 0.2653	Val Accuracy: 34.0
Training Epoch: 143/200	Train Loss: 0.5375	Val Accuracy: 34.0
Training Epoch: 144/200	Train Loss: 0.6401	Val Accuracy: 33.28
Training Epoch: 145/200	Train Loss: 0.9793	Val Accuracy: 33.28
Training Epoch: 146/200	Train Loss: 1.0698	Val Accuracy: 34.14
Training Epoch: 147/200	Train Loss: 0.5111	Val Accuracy: 34.14
Training Epoch: 148/200	Train Loss: 0.4184	Val Accuracy: 34.42
Training Epoch: 149/200	Train Loss: 0.3029	Val Accuracy: 34.42
Training Epoch: 150/200	Train Loss: 0.8027	Val Accuracy: 33.28
Training Epoch: 151/200	Train Loss: 0.3511	Val Accuracy: 33.28
Training Epoch: 152/200	Train Loss: 0.8314	Val Accuracy: 34.8
Training Epoch: 153/200	Train Loss: 0.4417	Val Accuracy: 34.8
Training Epoch: 154/200	Train Loss: 0.7237	Val Accuracy: 33.64
Training Epoch: 155/200	Train Loss: 0.1664	Val Accuracy: 33.64
Training Epoch: 156/200	Train Loss: 0.6379	Val Accuracy: 33.12
Training Epoch: 157/200	Train Loss: 0.4887	Val Accuracy: 33.12
Training Epoch: 158/200	Train Loss: 0.5196	Val Accuracy: 33.62
Training Epoch: 159/200	Train Loss: 0.3952	Val Accuracy: 33.62
Training Epoch: 160/200	Train Loss: 0.6481	Val Accuracy: 34.44
Training Epoch: 161/200	Train Loss: 0.6367	Val Accuracy: 34.44
Training Epoch: 162/200	Train Loss: 0.8756	Val Accuracy: 33.98
Training Epoch: 163/200	Train Loss: 0.3819	Val Accuracy: 33.98
Training Epoch: 164/200	Train Loss: 0.2513	Val Accuracy: 35.28
Training Epoch: 165/200	Train Loss: 0.6481	Val Accuracy: 35.28
Training Epoch: 166/200	Train Loss: 0.6897	Val Accuracy: 33.8
Training Epoch: 167/200	Train Loss: 0.2355	Val Accuracy: 33.8
Training Epoch: 168/200	Train Loss: 0.4648	Val Accuracy: 33.86
Training Epoch: 169/200	Train Loss: 0.4371	Val Accuracy: 33.86
Training Epoch: 170/200	Train Loss: 0.6462	Val Accuracy: 34.88
Training Epoch: 171/200	Train Loss: 0.7849	Val Accuracy: 34.88
Training Epoch: 172/200	Train Loss: 0.1382	Val Accuracy: 33.52
Training Epoch: 173/200	Train Loss: 0.455	Val Accuracy: 33.52
Training Epoch: 174/200	Train Loss: 0.1356	Val Accuracy: 33.96
Training Epoch: 175/200	Train Loss: 0.6651	Val Accuracy: 33.96
Training Epoch: 176/200	Train Loss: 0.3323	Val Accuracy: 33.66
Training Epoch: 177/200	Train Loss: 0.5461	Val Accuracy: 33.66
Training Epoch: 178/200	Train Loss: 0.3643	Val Accuracy: 33.76
Training Epoch: 179/200	Train Loss: 0.6088	Val Accuracy: 33.76
Training Epoch: 180/200	Train Loss: 0.4096	Val Accuracy: 33.3
Training Epoch: 181/200	Train Loss: 0.2581	Val Accuracy: 33.3
Training Epoch: 182/200	Train Loss: 0.1681	Val Accuracy: 33.72
Training Epoch: 183/200	Train Loss: 0.5382	Val Accuracy: 33.72
Training Epoch: 184/200	Train Loss: 0.3463	Val Accuracy: 33.94
Training Epoch: 185/200	Train Loss: 0.2362	Val Accuracy: 33.94
Training Epoch: 186/200	Train Loss: 0.8027	Val Accuracy: 33.8
Training Epoch: 187/200	Train Loss: 0.295	Val Accuracy: 33.8
Training Epoch: 188/200	Train Loss: 0.1922	Val Accuracy: 33.62
Training Epoch: 189/200	Train Loss: 0.2788	Val Accuracy: 33.62
Training Epoch: 190/200	Train Loss: 0.4948	Val Accuracy: 33.26
Training Epoch: 191/200	Train Loss: 0.7277	Val Accuracy: 33.26
Training Epoch: 192/200	Train Loss: 0.3502	Val Accuracy: 32.82
Training Epoch: 193/200	Train Loss: 0.2648	Val Accuracy: 32.82
Training Epoch: 194/200	Train Loss: 0.2009	Val Accuracy: 33.38
Training Epoch: 195/200	Train Loss: 0.176	Val Accuracy: 33.38
Training Epoch: 196/200	Train Loss: 0.2506	Val Accuracy: 34.86
Training Epoch: 197/200	Train Loss: 0.5737	Val Accuracy: 34.86
Training Epoch: 198/200	Train Loss: 0.4883	Val Accuracy: 34.4
Training Epoch: 199/200	Train Loss: 0.3147	Val Accuracy: 34.4
Training Epoch: 200/200	Train Loss: 0.2558	Val Accuracy: 33.02

Wrote Best Model Checkpoint to: vlBest_acc_35_model_epoch_0164.pyth

Best Validation Accuracy: 35.28
Best Epoch: 164

======== TESTING ========

Test Accuracy: 33.52.

======== ACTIVE SAMPLING ========

len(uSetLoader): 442
u_ranks.shape: (44150,)
Active Sampling Complete. After Episode 16:
New Labeled Set: 900, New Unlabeled Set: 44100, Active Set: 50

================================


Current accuracy values:  [18.319999999999993, 20.549999999999997, 17.75, 27.439999122619625, 21.25, 27.689999504089357, 28.389999389648438, 29.679999504089352, 29.91999935150146, 33.68999908447266, 32.22999935150146, 29.519999160766602, 29.60999935150147, 32.679999351501465, 32.94999954223633, 35.389999580383304, 33.519998970031736]
Starting model from scratch - ignoring existing weights.
<All keys matched successfully>
None
======== EPISODE 17 BEGINS ========

======== TRAINING ========
Training Epoch: 1/200	Train Loss: 7.1348	Val Accuracy: 0.0
Training Epoch: 2/200	Train Loss: 6.228	Val Accuracy: 9.56
Training Epoch: 3/200	Train Loss: 2.405	Val Accuracy: 9.56
Training Epoch: 4/200	Train Loss: 4.0316	Val Accuracy: 10.42
Training Epoch: 5/200	Train Loss: 5.24	Val Accuracy: 10.42
Training Epoch: 6/200	Train Loss: 4.7171	Val Accuracy: 9.7
Training Epoch: 7/200	Train Loss: 3.2202	Val Accuracy: 9.7
Training Epoch: 8/200	Train Loss: 4.6127	Val Accuracy: 9.86
Training Epoch: 9/200	Train Loss: 2.6213	Val Accuracy: 9.86
Training Epoch: 10/200	Train Loss: 2.4256	Val Accuracy: 12.04
Training Epoch: 11/200	Train Loss: 2.2555	Val Accuracy: 12.04
Training Epoch: 12/200	Train Loss: 4.6096	Val Accuracy: 10.0
Training Epoch: 13/200	Train Loss: 3.9977	Val Accuracy: 10.0
Training Epoch: 14/200	Train Loss: 2.9786	Val Accuracy: 13.88
Training Epoch: 15/200	Train Loss: 4.4889	Val Accuracy: 13.88
Training Epoch: 16/200	Train Loss: 3.1688	Val Accuracy: 14.62
Training Epoch: 17/200	Train Loss: 2.4725	Val Accuracy: 14.62
Training Epoch: 18/200	Train Loss: 3.6665	Val Accuracy: 19.08
Training Epoch: 19/200	Train Loss: 3.3222	Val Accuracy: 19.08
Training Epoch: 20/200	Train Loss: 4.0003	Val Accuracy: 16.86
Training Epoch: 21/200	Train Loss: 2.9042	Val Accuracy: 16.86
Training Epoch: 22/200	Train Loss: 2.1513	Val Accuracy: 16.84
Training Epoch: 23/200	Train Loss: 2.5299	Val Accuracy: 16.84
Training Epoch: 24/200	Train Loss: 2.6938	Val Accuracy: 18.42
Training Epoch: 25/200	Train Loss: 2.1465	Val Accuracy: 18.42
Training Epoch: 26/200	Train Loss: 2.3345	Val Accuracy: 21.3
Training Epoch: 27/200	Train Loss: 2.0473	Val Accuracy: 21.3
Training Epoch: 28/200	Train Loss: 2.95	Val Accuracy: 23.42
Training Epoch: 29/200	Train Loss: 3.5582	Val Accuracy: 23.42
Training Epoch: 30/200	Train Loss: 2.361	Val Accuracy: 24.64
Training Epoch: 31/200	Train Loss: 3.8577	Val Accuracy: 24.64
Training Epoch: 32/200	Train Loss: 3.775	Val Accuracy: 23.06
Training Epoch: 33/200	Train Loss: 2.3133	Val Accuracy: 23.06
Training Epoch: 34/200	Train Loss: 3.113	Val Accuracy: 25.38
Training Epoch: 35/200	Train Loss: 3.5977	Val Accuracy: 25.38
Training Epoch: 36/200	Train Loss: 3.5971	Val Accuracy: 25.04
Training Epoch: 37/200	Train Loss: 2.719	Val Accuracy: 25.04
Training Epoch: 38/200	Train Loss: 3.0452	Val Accuracy: 25.72
Training Epoch: 39/200	Train Loss: 2.2397	Val Accuracy: 25.72
Training Epoch: 40/200	Train Loss: 2.96	Val Accuracy: 26.76
Training Epoch: 41/200	Train Loss: 1.9761	Val Accuracy: 26.76
Training Epoch: 42/200	Train Loss: 1.9817	Val Accuracy: 27.86
Training Epoch: 43/200	Train Loss: 2.1737	Val Accuracy: 27.86
Training Epoch: 44/200	Train Loss: 2.9973	Val Accuracy: 25.62
Training Epoch: 45/200	Train Loss: 2.0013	Val Accuracy: 25.62
Training Epoch: 46/200	Train Loss: 2.7603	Val Accuracy: 29.6
Training Epoch: 47/200	Train Loss: 2.719	Val Accuracy: 29.6
Training Epoch: 48/200	Train Loss: 2.3117	Val Accuracy: 27.46
Training Epoch: 49/200	Train Loss: 1.8258	Val Accuracy: 27.46
Training Epoch: 50/200	Train Loss: 2.3744	Val Accuracy: 23.76
Training Epoch: 51/200	Train Loss: 1.6622	Val Accuracy: 23.76
Training Epoch: 52/200	Train Loss: 2.7235	Val Accuracy: 29.06
Training Epoch: 53/200	Train Loss: 2.9406	Val Accuracy: 29.06
Training Epoch: 54/200	Train Loss: 1.877	Val Accuracy: 29.04
Training Epoch: 55/200	Train Loss: 1.7768	Val Accuracy: 29.04
Training Epoch: 56/200	Train Loss: 1.8185	Val Accuracy: 30.18
Training Epoch: 57/200	Train Loss: 2.03	Val Accuracy: 30.18
Training Epoch: 58/200	Train Loss: 2.7818	Val Accuracy: 30.68
Training Epoch: 59/200	Train Loss: 3.1387	Val Accuracy: 30.68
Training Epoch: 60/200	Train Loss: 2.2686	Val Accuracy: 30.78
Training Epoch: 61/200	Train Loss: 2.0747	Val Accuracy: 30.78
Training Epoch: 62/200	Train Loss: 1.5087	Val Accuracy: 29.5
Training Epoch: 63/200	Train Loss: 2.0245	Val Accuracy: 29.5
Training Epoch: 64/200	Train Loss: 1.5084	Val Accuracy: 32.18
Training Epoch: 65/200	Train Loss: 1.5344	Val Accuracy: 32.18
Training Epoch: 66/200	Train Loss: 1.7793	Val Accuracy: 30.32
Training Epoch: 67/200	Train Loss: 1.4803	Val Accuracy: 30.32
Training Epoch: 68/200	Train Loss: 1.797	Val Accuracy: 32.5
Training Epoch: 69/200	Train Loss: 2.5882	Val Accuracy: 32.5
Training Epoch: 70/200	Train Loss: 1.8682	Val Accuracy: 31.64
Training Epoch: 71/200	Train Loss: 2.8928	Val Accuracy: 31.64
Training Epoch: 72/200	Train Loss: 1.8866	Val Accuracy: 33.98
Training Epoch: 73/200	Train Loss: 1.2734	Val Accuracy: 33.98
Training Epoch: 74/200	Train Loss: 2.4024	Val Accuracy: 33.68
Training Epoch: 75/200	Train Loss: 1.1903	Val Accuracy: 33.68
Training Epoch: 76/200	Train Loss: 2.04	Val Accuracy: 32.82
Training Epoch: 77/200	Train Loss: 1.9227	Val Accuracy: 32.82
Training Epoch: 78/200	Train Loss: 1.5947	Val Accuracy: 34.46
Training Epoch: 79/200	Train Loss: 1.3069	Val Accuracy: 34.46
Training Epoch: 80/200	Train Loss: 2.703	Val Accuracy: 34.48
Training Epoch: 81/200	Train Loss: 1.4381	Val Accuracy: 34.48
Training Epoch: 82/200	Train Loss: 1.9746	Val Accuracy: 35.06
Training Epoch: 83/200	Train Loss: 1.2052	Val Accuracy: 35.06
Training Epoch: 84/200	Train Loss: 1.1368	Val Accuracy: 34.08
Training Epoch: 85/200	Train Loss: 1.1669	Val Accuracy: 34.08
Training Epoch: 86/200	Train Loss: 1.6815	Val Accuracy: 35.98
Training Epoch: 87/200	Train Loss: 1.476	Val Accuracy: 35.98
Training Epoch: 88/200	Train Loss: 1.3302	Val Accuracy: 35.46
Training Epoch: 89/200	Train Loss: 1.6436	Val Accuracy: 35.46
Training Epoch: 90/200	Train Loss: 1.0967	Val Accuracy: 36.06
Training Epoch: 91/200	Train Loss: 1.016	Val Accuracy: 36.06
Training Epoch: 92/200	Train Loss: 1.0705	Val Accuracy: 33.22
Training Epoch: 93/200	Train Loss: 1.1614	Val Accuracy: 33.22
Training Epoch: 94/200	Train Loss: 1.1245	Val Accuracy: 36.94
Training Epoch: 95/200	Train Loss: 0.9451	Val Accuracy: 36.94
Training Epoch: 96/200	Train Loss: 0.8433	Val Accuracy: 34.94
Training Epoch: 97/200	Train Loss: 0.9837	Val Accuracy: 34.94
Training Epoch: 98/200	Train Loss: 0.923	Val Accuracy: 35.78
Training Epoch: 99/200	Train Loss: 0.8397	Val Accuracy: 35.78
Training Epoch: 100/200	Train Loss: 0.7392	Val Accuracy: 36.3
Training Epoch: 101/200	Train Loss: 1.03	Val Accuracy: 36.3
Training Epoch: 102/200	Train Loss: 1.1258	Val Accuracy: 37.0
Training Epoch: 103/200	Train Loss: 0.9319	Val Accuracy: 37.0
Training Epoch: 104/200	Train Loss: 0.7792	Val Accuracy: 36.68
Training Epoch: 105/200	Train Loss: 1.14	Val Accuracy: 36.68
Training Epoch: 106/200	Train Loss: 0.8066	Val Accuracy: 35.02
Training Epoch: 107/200	Train Loss: 1.3095	Val Accuracy: 35.02
Training Epoch: 108/200	Train Loss: 1.1517	Val Accuracy: 36.22
Training Epoch: 109/200	Train Loss: 0.9106	Val Accuracy: 36.22
Training Epoch: 110/200	Train Loss: 0.8425	Val Accuracy: 36.72
Training Epoch: 111/200	Train Loss: 0.4331	Val Accuracy: 36.72
Training Epoch: 112/200	Train Loss: 0.5582	Val Accuracy: 34.74
Training Epoch: 113/200	Train Loss: 1.4627	Val Accuracy: 34.74
Training Epoch: 114/200	Train Loss: 0.8202	Val Accuracy: 36.16
Training Epoch: 115/200	Train Loss: 0.6217	Val Accuracy: 36.16
Training Epoch: 116/200	Train Loss: 1.2556	Val Accuracy: 36.98
Training Epoch: 117/200	Train Loss: 0.7229	Val Accuracy: 36.98
Training Epoch: 118/200	Train Loss: 1.2822	Val Accuracy: 34.76
Training Epoch: 119/200	Train Loss: 0.9818	Val Accuracy: 34.76
Training Epoch: 120/200	Train Loss: 1.2782	Val Accuracy: 34.98
Training Epoch: 121/200	Train Loss: 0.7706	Val Accuracy: 34.98
Training Epoch: 122/200	Train Loss: 0.6369	Val Accuracy: 35.94
Training Epoch: 123/200	Train Loss: 0.7804	Val Accuracy: 35.94
Training Epoch: 124/200	Train Loss: 0.6553	Val Accuracy: 35.04
Training Epoch: 125/200	Train Loss: 0.3611	Val Accuracy: 35.04
Training Epoch: 126/200	Train Loss: 0.4687	Val Accuracy: 36.22
Training Epoch: 127/200	Train Loss: 0.2923	Val Accuracy: 36.22
Training Epoch: 128/200	Train Loss: 0.8077	Val Accuracy: 38.26
Training Epoch: 129/200	Train Loss: 0.9935	Val Accuracy: 38.26
Training Epoch: 130/200	Train Loss: 1.0871	Val Accuracy: 36.0
Training Epoch: 131/200	Train Loss: 0.2646	Val Accuracy: 36.0
Training Epoch: 132/200	Train Loss: 0.3148	Val Accuracy: 36.42
Training Epoch: 133/200	Train Loss: 0.7119	Val Accuracy: 36.42
Training Epoch: 134/200	Train Loss: 0.8321	Val Accuracy: 36.64
Training Epoch: 135/200	Train Loss: 0.2344	Val Accuracy: 36.64
Training Epoch: 136/200	Train Loss: 0.2897	Val Accuracy: 36.88
Training Epoch: 137/200	Train Loss: 0.3844	Val Accuracy: 36.88
Training Epoch: 138/200	Train Loss: 0.5509	Val Accuracy: 35.12
Training Epoch: 139/200	Train Loss: 0.1524	Val Accuracy: 35.12
Training Epoch: 140/200	Train Loss: 0.5796	Val Accuracy: 36.72
Training Epoch: 141/200	Train Loss: 0.2438	Val Accuracy: 36.72
Training Epoch: 142/200	Train Loss: 0.3793	Val Accuracy: 36.66
Training Epoch: 143/200	Train Loss: 0.1938	Val Accuracy: 36.66
Training Epoch: 144/200	Train Loss: 0.2771	Val Accuracy: 36.18
Training Epoch: 145/200	Train Loss: 0.697	Val Accuracy: 36.18
Training Epoch: 146/200	Train Loss: 0.1871	Val Accuracy: 36.54
Training Epoch: 147/200	Train Loss: 1.2717	Val Accuracy: 36.54
Training Epoch: 148/200	Train Loss: 0.3399	Val Accuracy: 36.48
Training Epoch: 149/200	Train Loss: 0.2666	Val Accuracy: 36.48
Training Epoch: 150/200	Train Loss: 0.282	Val Accuracy: 36.96
Training Epoch: 151/200	Train Loss: 0.3248	Val Accuracy: 36.96
Training Epoch: 152/200	Train Loss: 0.0752	Val Accuracy: 37.28
Training Epoch: 153/200	Train Loss: 0.1362	Val Accuracy: 37.28
Training Epoch: 154/200	Train Loss: 0.0375	Val Accuracy: 37.1
Training Epoch: 155/200	Train Loss: 0.1117	Val Accuracy: 37.1
Training Epoch: 156/200	Train Loss: 0.2021	Val Accuracy: 37.54
Training Epoch: 157/200	Train Loss: 0.2742	Val Accuracy: 37.54
Training Epoch: 158/200	Train Loss: 0.3097	Val Accuracy: 36.98
Training Epoch: 159/200	Train Loss: 0.1889	Val Accuracy: 36.98
Training Epoch: 160/200	Train Loss: 0.368	Val Accuracy: 36.92
Training Epoch: 161/200	Train Loss: 0.2751	Val Accuracy: 36.92
Training Epoch: 162/200	Train Loss: 0.1324	Val Accuracy: 37.12
Training Epoch: 163/200	Train Loss: 0.0829	Val Accuracy: 37.12
Training Epoch: 164/200	Train Loss: 0.2838	Val Accuracy: 36.6
Training Epoch: 165/200	Train Loss: 0.1132	Val Accuracy: 36.6
Training Epoch: 166/200	Train Loss: 0.3781	Val Accuracy: 38.26
Training Epoch: 167/200	Train Loss: 0.2958	Val Accuracy: 38.26
Training Epoch: 168/200	Train Loss: 0.4372	Val Accuracy: 37.68
Training Epoch: 169/200	Train Loss: 0.1932	Val Accuracy: 37.68
Training Epoch: 170/200	Train Loss: 0.1089	Val Accuracy: 37.28
Training Epoch: 171/200	Train Loss: 0.6106	Val Accuracy: 37.28
Training Epoch: 172/200	Train Loss: 0.2697	Val Accuracy: 36.7
Training Epoch: 173/200	Train Loss: 0.2535	Val Accuracy: 36.7
Training Epoch: 174/200	Train Loss: 0.5145	Val Accuracy: 37.52
Training Epoch: 175/200	Train Loss: 0.0455	Val Accuracy: 37.52
Training Epoch: 176/200	Train Loss: 0.47	Val Accuracy: 36.52
Training Epoch: 177/200	Train Loss: 0.279	Val Accuracy: 36.52
Training Epoch: 178/200	Train Loss: 0.1323	Val Accuracy: 37.36
Training Epoch: 179/200	Train Loss: 0.0993	Val Accuracy: 37.36
Training Epoch: 180/200	Train Loss: 0.4898	Val Accuracy: 36.96
Training Epoch: 181/200	Train Loss: 0.0834	Val Accuracy: 36.96
Training Epoch: 182/200	Train Loss: 0.4003	Val Accuracy: 37.08
Training Epoch: 183/200	Train Loss: 0.4052	Val Accuracy: 37.08
Training Epoch: 184/200	Train Loss: 0.0382	Val Accuracy: 37.98
Training Epoch: 185/200	Train Loss: 0.4383	Val Accuracy: 37.98
Training Epoch: 186/200	Train Loss: 0.6221	Val Accuracy: 37.26
Training Epoch: 187/200	Train Loss: 0.1703	Val Accuracy: 37.26
Training Epoch: 188/200	Train Loss: 0.2772	Val Accuracy: 37.24
Training Epoch: 189/200	Train Loss: 0.0853	Val Accuracy: 37.24
Training Epoch: 190/200	Train Loss: 0.0401	Val Accuracy: 37.68
Training Epoch: 191/200	Train Loss: 0.4138	Val Accuracy: 37.68
Training Epoch: 192/200	Train Loss: 0.0652	Val Accuracy: 37.88
Training Epoch: 193/200	Train Loss: 0.3126	Val Accuracy: 37.88
Training Epoch: 194/200	Train Loss: 0.2929	Val Accuracy: 36.92
Training Epoch: 195/200	Train Loss: 0.0926	Val Accuracy: 36.92
Training Epoch: 196/200	Train Loss: 0.0643	Val Accuracy: 37.44
Training Epoch: 197/200	Train Loss: 0.203	Val Accuracy: 37.44
Training Epoch: 198/200	Train Loss: 0.1581	Val Accuracy: 36.98
Training Epoch: 199/200	Train Loss: 0.1637	Val Accuracy: 36.98
Training Epoch: 200/200	Train Loss: 0.1271	Val Accuracy: 37.26

Wrote Best Model Checkpoint to: vlBest_acc_38_model_epoch_0166.pyth

Best Validation Accuracy: 38.26
Best Epoch: 166

======== TESTING ========

Test Accuracy: 37.82.

======== ACTIVE SAMPLING ========

len(uSetLoader): 441
u_ranks.shape: (44100,)
Active Sampling Complete. After Episode 17:
New Labeled Set: 950, New Unlabeled Set: 44050, Active Set: 50

================================


Current accuracy values:  [18.319999999999993, 20.549999999999997, 17.75, 27.439999122619625, 21.25, 27.689999504089357, 28.389999389648438, 29.679999504089352, 29.91999935150146, 33.68999908447266, 32.22999935150146, 29.519999160766602, 29.60999935150147, 32.679999351501465, 32.94999954223633, 35.389999580383304, 33.519998970031736, 37.81999897003174]
Starting model from scratch - ignoring existing weights.
<All keys matched successfully>
None
======== EPISODE 18 BEGINS ========

======== TRAINING ========
Training Epoch: 1/200	Train Loss: 14.243	Val Accuracy: 0.0
Training Epoch: 2/200	Train Loss: 4.4289	Val Accuracy: 10.16
Training Epoch: 3/200	Train Loss: 6.7339	Val Accuracy: 10.16
Training Epoch: 4/200	Train Loss: 5.4423	Val Accuracy: 10.12
Training Epoch: 5/200	Train Loss: 2.4284	Val Accuracy: 10.12
Training Epoch: 6/200	Train Loss: 11.2576	Val Accuracy: 10.4
Training Epoch: 7/200	Train Loss: 4.3176	Val Accuracy: 10.4
Training Epoch: 8/200	Train Loss: 2.2263	Val Accuracy: 11.82
Training Epoch: 9/200	Train Loss: 4.0263	Val Accuracy: 11.82
Training Epoch: 10/200	Train Loss: 4.9096	Val Accuracy: 10.34
Training Epoch: 11/200	Train Loss: 2.2999	Val Accuracy: 10.34
Training Epoch: 12/200	Train Loss: 2.5904	Val Accuracy: 10.16
Training Epoch: 13/200	Train Loss: 3.5154	Val Accuracy: 10.16
Training Epoch: 14/200	Train Loss: 4.585	Val Accuracy: 10.58
Training Epoch: 15/200	Train Loss: 3.7184	Val Accuracy: 10.58
Training Epoch: 16/200	Train Loss: 4.3154	Val Accuracy: 9.88
Training Epoch: 17/200	Train Loss: 4.14	Val Accuracy: 9.88
Training Epoch: 18/200	Train Loss: 3.7792	Val Accuracy: 12.92
Training Epoch: 19/200	Train Loss: 3.7394	Val Accuracy: 12.92
Training Epoch: 20/200	Train Loss: 3.6896	Val Accuracy: 13.46
Training Epoch: 21/200	Train Loss: 2.5842	Val Accuracy: 13.46
Training Epoch: 22/200	Train Loss: 2.8379	Val Accuracy: 14.82
Training Epoch: 23/200	Train Loss: 2.5543	Val Accuracy: 14.82
Training Epoch: 24/200	Train Loss: 2.8374	Val Accuracy: 14.94
Training Epoch: 25/200	Train Loss: 2.2459	Val Accuracy: 14.94
Training Epoch: 26/200	Train Loss: 2.263	Val Accuracy: 14.4
Training Epoch: 27/200	Train Loss: 2.4178	Val Accuracy: 14.4
Training Epoch: 28/200	Train Loss: 2.8304	Val Accuracy: 14.32
Training Epoch: 29/200	Train Loss: 2.4545	Val Accuracy: 14.32
Training Epoch: 30/200	Train Loss: 3.0885	Val Accuracy: 16.5
Training Epoch: 31/200	Train Loss: 3.091	Val Accuracy: 16.5
Training Epoch: 32/200	Train Loss: 2.1317	Val Accuracy: 16.34
Training Epoch: 33/200	Train Loss: 2.4893	Val Accuracy: 16.34
Training Epoch: 34/200	Train Loss: 2.5785	Val Accuracy: 17.26
Training Epoch: 35/200	Train Loss: 2.1255	Val Accuracy: 17.26
Training Epoch: 36/200	Train Loss: 2.1649	Val Accuracy: 15.48
Training Epoch: 37/200	Train Loss: 2.4894	Val Accuracy: 15.48
Training Epoch: 38/200	Train Loss: 2.7062	Val Accuracy: 15.94
Training Epoch: 39/200	Train Loss: 2.7572	Val Accuracy: 15.94
Training Epoch: 40/200	Train Loss: 2.1008	Val Accuracy: 16.94
Training Epoch: 41/200	Train Loss: 2.3894	Val Accuracy: 16.94
Training Epoch: 42/200	Train Loss: 2.1673	Val Accuracy: 20.84
Training Epoch: 43/200	Train Loss: 4.2445	Val Accuracy: 20.84
Training Epoch: 44/200	Train Loss: 2.7349	Val Accuracy: 20.72
Training Epoch: 45/200	Train Loss: 3.0483	Val Accuracy: 20.72
Training Epoch: 46/200	Train Loss: 4.0658	Val Accuracy: 22.0
Training Epoch: 47/200	Train Loss: 2.4438	Val Accuracy: 22.0
Training Epoch: 48/200	Train Loss: 2.2828	Val Accuracy: 19.44
Training Epoch: 49/200	Train Loss: 3.218	Val Accuracy: 19.44
Training Epoch: 50/200	Train Loss: 2.087	Val Accuracy: 21.06
Training Epoch: 51/200	Train Loss: 2.0703	Val Accuracy: 21.06
Training Epoch: 52/200	Train Loss: 2.1955	Val Accuracy: 22.76
Training Epoch: 53/200	Train Loss: 2.0379	Val Accuracy: 22.76
Training Epoch: 54/200	Train Loss: 2.0086	Val Accuracy: 22.94
Training Epoch: 55/200	Train Loss: 2.0198	Val Accuracy: 22.94
Training Epoch: 56/200	Train Loss: 2.5326	Val Accuracy: 23.42
Training Epoch: 57/200	Train Loss: 1.9795	Val Accuracy: 23.42
Training Epoch: 58/200	Train Loss: 2.0556	Val Accuracy: 23.84
Training Epoch: 59/200	Train Loss: 1.7773	Val Accuracy: 23.84
Training Epoch: 60/200	Train Loss: 2.4414	Val Accuracy: 24.88
Training Epoch: 61/200	Train Loss: 2.0027	Val Accuracy: 24.88
Training Epoch: 62/200	Train Loss: 2.4902	Val Accuracy: 25.28
Training Epoch: 63/200	Train Loss: 2.1164	Val Accuracy: 25.28
Training Epoch: 64/200	Train Loss: 3.697	Val Accuracy: 25.24
Training Epoch: 65/200	Train Loss: 1.8815	Val Accuracy: 25.24
Training Epoch: 66/200	Train Loss: 1.9291	Val Accuracy: 25.28
Training Epoch: 67/200	Train Loss: 1.7457	Val Accuracy: 25.28
Training Epoch: 68/200	Train Loss: 1.7273	Val Accuracy: 26.4
Training Epoch: 69/200	Train Loss: 2.7622	Val Accuracy: 26.4
Training Epoch: 70/200	Train Loss: 1.7746	Val Accuracy: 25.04
Training Epoch: 71/200	Train Loss: 3.3857	Val Accuracy: 25.04
Training Epoch: 72/200	Train Loss: 2.3334	Val Accuracy: 27.96
Training Epoch: 73/200	Train Loss: 1.8442	Val Accuracy: 27.96
Training Epoch: 74/200	Train Loss: 1.9873	Val Accuracy: 21.38
Training Epoch: 75/200	Train Loss: 2.3501	Val Accuracy: 21.38
Training Epoch: 76/200	Train Loss: 2.5045	Val Accuracy: 25.0
Training Epoch: 77/200	Train Loss: 1.7312	Val Accuracy: 25.0
Training Epoch: 78/200	Train Loss: 1.6881	Val Accuracy: 26.36
Training Epoch: 79/200	Train Loss: 1.9135	Val Accuracy: 26.36
Training Epoch: 80/200	Train Loss: 2.0947	Val Accuracy: 27.32
Training Epoch: 81/200	Train Loss: 2.4634	Val Accuracy: 27.32
Training Epoch: 82/200	Train Loss: 1.8883	Val Accuracy: 27.3
Training Epoch: 83/200	Train Loss: 1.7814	Val Accuracy: 27.3
Training Epoch: 84/200	Train Loss: 1.9576	Val Accuracy: 27.32
Training Epoch: 85/200	Train Loss: 1.7858	Val Accuracy: 27.32
Training Epoch: 86/200	Train Loss: 1.7638	Val Accuracy: 27.66
Training Epoch: 87/200	Train Loss: 2.3374	Val Accuracy: 27.66
Training Epoch: 88/200	Train Loss: 2.4364	Val Accuracy: 27.32
Training Epoch: 89/200	Train Loss: 2.2827	Val Accuracy: 27.32
Training Epoch: 90/200	Train Loss: 3.5167	Val Accuracy: 27.08
Training Epoch: 91/200	Train Loss: 1.7577	Val Accuracy: 27.08
Training Epoch: 92/200	Train Loss: 1.918	Val Accuracy: 28.18
Training Epoch: 93/200	Train Loss: 1.766	Val Accuracy: 28.18
Training Epoch: 94/200	Train Loss: 2.086	Val Accuracy: 28.54
Training Epoch: 95/200	Train Loss: 1.975	Val Accuracy: 28.54
Training Epoch: 96/200	Train Loss: 1.6777	Val Accuracy: 29.94
Training Epoch: 97/200	Train Loss: 1.8162	Val Accuracy: 29.94
Training Epoch: 98/200	Train Loss: 2.2446	Val Accuracy: 29.24
Training Epoch: 99/200	Train Loss: 1.8275	Val Accuracy: 29.24
Training Epoch: 100/200	Train Loss: 2.9912	Val Accuracy: 28.44
Training Epoch: 101/200	Train Loss: 2.3581	Val Accuracy: 28.44
Training Epoch: 102/200	Train Loss: 1.6766	Val Accuracy: 29.16
Training Epoch: 103/200	Train Loss: 3.0865	Val Accuracy: 29.16
Training Epoch: 104/200	Train Loss: 2.011	Val Accuracy: 29.92
Training Epoch: 105/200	Train Loss: 1.7064	Val Accuracy: 29.92
Training Epoch: 106/200	Train Loss: 2.8172	Val Accuracy: 30.62
Training Epoch: 107/200	Train Loss: 2.501	Val Accuracy: 30.62
Training Epoch: 108/200	Train Loss: 1.6187	Val Accuracy: 31.32
Training Epoch: 109/200	Train Loss: 1.9798	Val Accuracy: 31.32
Training Epoch: 110/200	Train Loss: 1.5097	Val Accuracy: 32.8
Training Epoch: 111/200	Train Loss: 1.466	Val Accuracy: 32.8
Training Epoch: 112/200	Train Loss: 1.2935	Val Accuracy: 31.66
Training Epoch: 113/200	Train Loss: 1.3886	Val Accuracy: 31.66
Training Epoch: 114/200	Train Loss: 1.9557	Val Accuracy: 32.82
Training Epoch: 115/200	Train Loss: 1.694	Val Accuracy: 32.82
Training Epoch: 116/200	Train Loss: 1.3872	Val Accuracy: 32.02
Training Epoch: 117/200	Train Loss: 1.8212	Val Accuracy: 32.02
Training Epoch: 118/200	Train Loss: 1.3258	Val Accuracy: 32.62
Training Epoch: 119/200	Train Loss: 1.5765	Val Accuracy: 32.62
Training Epoch: 120/200	Train Loss: 2.2818	Val Accuracy: 31.68
Training Epoch: 121/200	Train Loss: 1.8938	Val Accuracy: 31.68
Training Epoch: 122/200	Train Loss: 1.6668	Val Accuracy: 31.9
Training Epoch: 123/200	Train Loss: 1.4197	Val Accuracy: 31.9
Training Epoch: 124/200	Train Loss: 1.5279	Val Accuracy: 33.14
Training Epoch: 125/200	Train Loss: 2.2019	Val Accuracy: 33.14
Training Epoch: 126/200	Train Loss: 1.0701	Val Accuracy: 32.36
Training Epoch: 127/200	Train Loss: 1.1909	Val Accuracy: 32.36
Training Epoch: 128/200	Train Loss: 2.4861	Val Accuracy: 32.88
Training Epoch: 129/200	Train Loss: 1.584	Val Accuracy: 32.88
Training Epoch: 130/200	Train Loss: 1.044	Val Accuracy: 33.9
Training Epoch: 131/200	Train Loss: 1.3913	Val Accuracy: 33.9
Training Epoch: 132/200	Train Loss: 1.6665	Val Accuracy: 32.48
Training Epoch: 133/200	Train Loss: 1.1513	Val Accuracy: 32.48
Training Epoch: 134/200	Train Loss: 1.0494	Val Accuracy: 32.06
Training Epoch: 135/200	Train Loss: 1.6285	Val Accuracy: 32.06
Training Epoch: 136/200	Train Loss: 1.1908	Val Accuracy: 33.34
Training Epoch: 137/200	Train Loss: 1.2609	Val Accuracy: 33.34
Training Epoch: 138/200	Train Loss: 1.5348	Val Accuracy: 32.36
Training Epoch: 139/200	Train Loss: 1.1302	Val Accuracy: 32.36
Training Epoch: 140/200	Train Loss: 1.7587	Val Accuracy: 33.4
Training Epoch: 141/200	Train Loss: 1.4144	Val Accuracy: 33.4
Training Epoch: 142/200	Train Loss: 1.0713	Val Accuracy: 32.88
Training Epoch: 143/200	Train Loss: 1.0503	Val Accuracy: 32.88
Training Epoch: 144/200	Train Loss: 0.8596	Val Accuracy: 33.06
Training Epoch: 145/200	Train Loss: 1.0927	Val Accuracy: 33.06
Training Epoch: 146/200	Train Loss: 1.48	Val Accuracy: 33.1
Training Epoch: 147/200	Train Loss: 1.0181	Val Accuracy: 33.1
Training Epoch: 148/200	Train Loss: 1.3123	Val Accuracy: 33.84
Training Epoch: 149/200	Train Loss: 0.9296	Val Accuracy: 33.84
Training Epoch: 150/200	Train Loss: 0.7962	Val Accuracy: 33.18
Training Epoch: 151/200	Train Loss: 0.818	Val Accuracy: 33.18
Training Epoch: 152/200	Train Loss: 0.9375	Val Accuracy: 32.54
Training Epoch: 153/200	Train Loss: 0.748	Val Accuracy: 32.54
Training Epoch: 154/200	Train Loss: 1.4785	Val Accuracy: 32.96
Training Epoch: 155/200	Train Loss: 1.0903	Val Accuracy: 32.96
Training Epoch: 156/200	Train Loss: 0.7101	Val Accuracy: 34.04
Training Epoch: 157/200	Train Loss: 0.6469	Val Accuracy: 34.04
Training Epoch: 158/200	Train Loss: 0.9391	Val Accuracy: 33.46
Training Epoch: 159/200	Train Loss: 0.8962	Val Accuracy: 33.46
Training Epoch: 160/200	Train Loss: 0.7254	Val Accuracy: 32.82
Training Epoch: 161/200	Train Loss: 1.0542	Val Accuracy: 32.82
Training Epoch: 162/200	Train Loss: 0.493	Val Accuracy: 33.32
Training Epoch: 163/200	Train Loss: 0.7286	Val Accuracy: 33.32
Training Epoch: 164/200	Train Loss: 1.0625	Val Accuracy: 32.38
Training Epoch: 165/200	Train Loss: 0.5476	Val Accuracy: 32.38
Training Epoch: 166/200	Train Loss: 0.6042	Val Accuracy: 32.58
Training Epoch: 167/200	Train Loss: 0.7004	Val Accuracy: 32.58
Training Epoch: 168/200	Train Loss: 0.8726	Val Accuracy: 33.0
Training Epoch: 169/200	Train Loss: 1.2042	Val Accuracy: 33.0
Training Epoch: 170/200	Train Loss: 0.5636	Val Accuracy: 33.42
Training Epoch: 171/200	Train Loss: 0.5023	Val Accuracy: 33.42
Training Epoch: 172/200	Train Loss: 0.5884	Val Accuracy: 32.72
Training Epoch: 173/200	Train Loss: 0.8258	Val Accuracy: 32.72
Training Epoch: 174/200	Train Loss: 0.6448	Val Accuracy: 33.22
Training Epoch: 175/200	Train Loss: 0.7536	Val Accuracy: 33.22
Training Epoch: 176/200	Train Loss: 0.3901	Val Accuracy: 34.0
Training Epoch: 177/200	Train Loss: 0.9166	Val Accuracy: 34.0
Training Epoch: 178/200	Train Loss: 0.5905	Val Accuracy: 34.3
Training Epoch: 179/200	Train Loss: 1.04	Val Accuracy: 34.3
Training Epoch: 180/200	Train Loss: 0.4289	Val Accuracy: 33.32
Training Epoch: 181/200	Train Loss: 0.5207	Val Accuracy: 33.32
Training Epoch: 182/200	Train Loss: 0.4452	Val Accuracy: 33.1
Training Epoch: 183/200	Train Loss: 0.6931	Val Accuracy: 33.1
Training Epoch: 184/200	Train Loss: 0.6121	Val Accuracy: 33.78
Training Epoch: 185/200	Train Loss: 0.3986	Val Accuracy: 33.78
Training Epoch: 186/200	Train Loss: 0.4189	Val Accuracy: 32.5
Training Epoch: 187/200	Train Loss: 1.0709	Val Accuracy: 32.5
Training Epoch: 188/200	Train Loss: 0.696	Val Accuracy: 32.28
Training Epoch: 189/200	Train Loss: 0.7771	Val Accuracy: 32.28
Training Epoch: 190/200	Train Loss: 0.3553	Val Accuracy: 33.04
Training Epoch: 191/200	Train Loss: 0.4003	Val Accuracy: 33.04
Training Epoch: 192/200	Train Loss: 1.0996	Val Accuracy: 33.46
Training Epoch: 193/200	Train Loss: 0.4436	Val Accuracy: 33.46
Training Epoch: 194/200	Train Loss: 1.0305	Val Accuracy: 33.52
Training Epoch: 195/200	Train Loss: 0.4188	Val Accuracy: 33.52
Training Epoch: 196/200	Train Loss: 0.9987	Val Accuracy: 33.46
Training Epoch: 197/200	Train Loss: 0.4769	Val Accuracy: 33.46
Training Epoch: 198/200	Train Loss: 0.5198	Val Accuracy: 33.42
Training Epoch: 199/200	Train Loss: 0.5268	Val Accuracy: 33.42
Training Epoch: 200/200	Train Loss: 0.3914	Val Accuracy: 33.22

Wrote Best Model Checkpoint to: vlBest_acc_34_model_epoch_0178.pyth

Best Validation Accuracy: 34.3
Best Epoch: 178

======== TESTING ========

Test Accuracy: 33.35.

======== ACTIVE SAMPLING ========

len(uSetLoader): 441
u_ranks.shape: (44050,)
Active Sampling Complete. After Episode 18:
New Labeled Set: 1000, New Unlabeled Set: 44000, Active Set: 50

================================


Current accuracy values:  [18.319999999999993, 20.549999999999997, 17.75, 27.439999122619625, 21.25, 27.689999504089357, 28.389999389648438, 29.679999504089352, 29.91999935150146, 33.68999908447266, 32.22999935150146, 29.519999160766602, 29.60999935150147, 32.679999351501465, 32.94999954223633, 35.389999580383304, 33.519998970031736, 37.81999897003174, 33.34999889373779]
Starting model from scratch - ignoring existing weights.
<All keys matched successfully>
None
======== EPISODE 19 BEGINS ========

======== TRAINING ========
Training Epoch: 1/200	Train Loss: 5.9038	Val Accuracy: 0.0
Training Epoch: 2/200	Train Loss: 2.7756	Val Accuracy: 9.6
Training Epoch: 3/200	Train Loss: 3.0347	Val Accuracy: 9.6
Training Epoch: 4/200	Train Loss: 4.4272	Val Accuracy: 11.18
Training Epoch: 5/200	Train Loss: 2.2727	Val Accuracy: 11.18
Training Epoch: 6/200	Train Loss: 3.632	Val Accuracy: 10.48
Training Epoch: 7/200	Train Loss: 3.0846	Val Accuracy: 10.48
Training Epoch: 8/200	Train Loss: 5.576	Val Accuracy: 14.08
Training Epoch: 9/200	Train Loss: 2.8528	Val Accuracy: 14.08
Training Epoch: 10/200	Train Loss: 5.2598	Val Accuracy: 16.28
Training Epoch: 11/200	Train Loss: 2.107	Val Accuracy: 16.28
Training Epoch: 12/200	Train Loss: 4.3027	Val Accuracy: 18.06
Training Epoch: 13/200	Train Loss: 2.5681	Val Accuracy: 18.06
Training Epoch: 14/200	Train Loss: 2.9438	Val Accuracy: 18.26
Training Epoch: 15/200	Train Loss: 3.5472	Val Accuracy: 18.26
Training Epoch: 16/200	Train Loss: 3.457	Val Accuracy: 19.44
Training Epoch: 17/200	Train Loss: 2.9295	Val Accuracy: 19.44
Training Epoch: 18/200	Train Loss: 2.9598	Val Accuracy: 19.22
Training Epoch: 19/200	Train Loss: 2.9044	Val Accuracy: 19.22
Training Epoch: 20/200	Train Loss: 1.8115	Val Accuracy: 21.32
Training Epoch: 21/200	Train Loss: 3.2458	Val Accuracy: 21.32
Training Epoch: 22/200	Train Loss: 3.6008	Val Accuracy: 22.48
Training Epoch: 23/200	Train Loss: 2.245	Val Accuracy: 22.48
Training Epoch: 24/200	Train Loss: 2.377	Val Accuracy: 22.82
Training Epoch: 25/200	Train Loss: 2.9721	Val Accuracy: 22.82
Training Epoch: 26/200	Train Loss: 1.845	Val Accuracy: 24.06
Training Epoch: 27/200	Train Loss: 2.6083	Val Accuracy: 24.06
Training Epoch: 28/200	Train Loss: 1.8514	Val Accuracy: 25.78
Training Epoch: 29/200	Train Loss: 2.7495	Val Accuracy: 25.78
Training Epoch: 30/200	Train Loss: 2.2261	Val Accuracy: 28.68
Training Epoch: 31/200	Train Loss: 1.8177	Val Accuracy: 28.68
Training Epoch: 32/200	Train Loss: 1.9428	Val Accuracy: 30.24
Training Epoch: 33/200	Train Loss: 3.1102	Val Accuracy: 30.24
Training Epoch: 34/200	Train Loss: 3.25	Val Accuracy: 29.58
Training Epoch: 35/200	Train Loss: 1.4929	Val Accuracy: 29.58
Training Epoch: 36/200	Train Loss: 1.6794	Val Accuracy: 31.06
Training Epoch: 37/200	Train Loss: 2.4516	Val Accuracy: 31.06
Training Epoch: 38/200	Train Loss: 1.746	Val Accuracy: 30.9
Training Epoch: 39/200	Train Loss: 2.2203	Val Accuracy: 30.9
Training Epoch: 40/200	Train Loss: 2.2173	Val Accuracy: 31.04
Training Epoch: 41/200	Train Loss: 1.5853	Val Accuracy: 31.04
Training Epoch: 42/200	Train Loss: 1.5528	Val Accuracy: 32.84
Training Epoch: 43/200	Train Loss: 1.4289	Val Accuracy: 32.84
Training Epoch: 44/200	Train Loss: 2.3047	Val Accuracy: 32.44
Training Epoch: 45/200	Train Loss: 2.1588	Val Accuracy: 32.44
Training Epoch: 46/200	Train Loss: 1.5265	Val Accuracy: 31.02
Training Epoch: 47/200	Train Loss: 2.3917	Val Accuracy: 31.02
Training Epoch: 48/200	Train Loss: 1.849	Val Accuracy: 33.1
Training Epoch: 49/200	Train Loss: 1.5436	Val Accuracy: 33.1
Training Epoch: 50/200	Train Loss: 1.5299	Val Accuracy: 36.28
Training Epoch: 51/200	Train Loss: 2.618	Val Accuracy: 36.28
Training Epoch: 52/200	Train Loss: 2.0805	Val Accuracy: 35.84
Training Epoch: 53/200	Train Loss: 2.3994	Val Accuracy: 35.84
Training Epoch: 54/200	Train Loss: 1.2403	Val Accuracy: 37.28
Training Epoch: 55/200	Train Loss: 1.6339	Val Accuracy: 37.28
Training Epoch: 56/200	Train Loss: 2.0118	Val Accuracy: 37.46
Training Epoch: 57/200	Train Loss: 2.4504	Val Accuracy: 37.46
Training Epoch: 58/200	Train Loss: 1.4677	Val Accuracy: 38.76
Training Epoch: 59/200	Train Loss: 1.2598	Val Accuracy: 38.76
Training Epoch: 60/200	Train Loss: 2.6315	Val Accuracy: 37.44
Training Epoch: 61/200	Train Loss: 1.3119	Val Accuracy: 37.44
Training Epoch: 62/200	Train Loss: 1.8187	Val Accuracy: 35.86
Training Epoch: 63/200	Train Loss: 1.1493	Val Accuracy: 35.86
Training Epoch: 64/200	Train Loss: 1.9204	Val Accuracy: 36.78
Training Epoch: 65/200	Train Loss: 2.6071	Val Accuracy: 36.78
Training Epoch: 66/200	Train Loss: 1.6891	Val Accuracy: 38.32
Training Epoch: 67/200	Train Loss: 1.4743	Val Accuracy: 38.32
Training Epoch: 68/200	Train Loss: 1.0175	Val Accuracy: 37.44
Training Epoch: 69/200	Train Loss: 0.8607	Val Accuracy: 37.44
Training Epoch: 70/200	Train Loss: 1.4919	Val Accuracy: 38.1
Training Epoch: 71/200	Train Loss: 1.5114	Val Accuracy: 38.1
Training Epoch: 72/200	Train Loss: 0.7503	Val Accuracy: 36.5
Training Epoch: 73/200	Train Loss: 1.7529	Val Accuracy: 36.5
Training Epoch: 74/200	Train Loss: 1.1339	Val Accuracy: 37.46
Training Epoch: 75/200	Train Loss: 0.7995	Val Accuracy: 37.46
Training Epoch: 76/200	Train Loss: 1.1877	Val Accuracy: 37.7
Training Epoch: 77/200	Train Loss: 1.0912	Val Accuracy: 37.7
Training Epoch: 78/200	Train Loss: 1.2777	Val Accuracy: 38.6
Training Epoch: 79/200	Train Loss: 0.6771	Val Accuracy: 38.6
Training Epoch: 80/200	Train Loss: 1.7874	Val Accuracy: 37.18
Training Epoch: 81/200	Train Loss: 0.7747	Val Accuracy: 37.18
Training Epoch: 82/200	Train Loss: 1.1252	Val Accuracy: 38.32
Training Epoch: 83/200	Train Loss: 0.8799	Val Accuracy: 38.32
Training Epoch: 84/200	Train Loss: 1.2455	Val Accuracy: 39.02
Training Epoch: 85/200	Train Loss: 1.0396	Val Accuracy: 39.02
Training Epoch: 86/200	Train Loss: 0.6676	Val Accuracy: 38.44
Training Epoch: 87/200	Train Loss: 0.7739	Val Accuracy: 38.44
Training Epoch: 88/200	Train Loss: 0.4179	Val Accuracy: 39.38
Training Epoch: 89/200	Train Loss: 1.4522	Val Accuracy: 39.38
Training Epoch: 90/200	Train Loss: 0.8091	Val Accuracy: 39.0
Training Epoch: 91/200	Train Loss: 0.799	Val Accuracy: 39.0
Training Epoch: 92/200	Train Loss: 0.6167	Val Accuracy: 38.94
Training Epoch: 93/200	Train Loss: 0.7457	Val Accuracy: 38.94
Training Epoch: 94/200	Train Loss: 1.0868	Val Accuracy: 39.18
Training Epoch: 95/200	Train Loss: 0.4421	Val Accuracy: 39.18
Training Epoch: 96/200	Train Loss: 0.8394	Val Accuracy: 36.92
Training Epoch: 97/200	Train Loss: 1.5933	Val Accuracy: 36.92
Training Epoch: 98/200	Train Loss: 0.4744	Val Accuracy: 38.84
Training Epoch: 99/200	Train Loss: 1.287	Val Accuracy: 38.84
Training Epoch: 100/200	Train Loss: 0.5495	Val Accuracy: 39.3
Training Epoch: 101/200	Train Loss: 1.1709	Val Accuracy: 39.3
Training Epoch: 102/200	Train Loss: 0.3342	Val Accuracy: 39.08
Training Epoch: 103/200	Train Loss: 0.372	Val Accuracy: 39.08
Training Epoch: 104/200	Train Loss: 1.0775	Val Accuracy: 37.98
Training Epoch: 105/200	Train Loss: 1.2251	Val Accuracy: 37.98
Training Epoch: 106/200	Train Loss: 0.504	Val Accuracy: 39.0
Training Epoch: 107/200	Train Loss: 1.2128	Val Accuracy: 39.0
Training Epoch: 108/200	Train Loss: 0.7291	Val Accuracy: 39.14
Training Epoch: 109/200	Train Loss: 0.3864	Val Accuracy: 39.14
Training Epoch: 110/200	Train Loss: 0.8192	Val Accuracy: 40.2
Training Epoch: 111/200	Train Loss: 0.324	Val Accuracy: 40.2
Training Epoch: 112/200	Train Loss: 0.302	Val Accuracy: 38.88
Training Epoch: 113/200	Train Loss: 0.2722	Val Accuracy: 38.88
Training Epoch: 114/200	Train Loss: 0.5134	Val Accuracy: 39.98
Training Epoch: 115/200	Train Loss: 1.0732	Val Accuracy: 39.98
Training Epoch: 116/200	Train Loss: 0.6118	Val Accuracy: 40.44
Training Epoch: 117/200	Train Loss: 1.2193	Val Accuracy: 40.44
Training Epoch: 118/200	Train Loss: 0.284	Val Accuracy: 39.04
Training Epoch: 119/200	Train Loss: 0.1636	Val Accuracy: 39.04
Training Epoch: 120/200	Train Loss: 0.3595	Val Accuracy: 40.18
Training Epoch: 121/200	Train Loss: 0.1414	Val Accuracy: 40.18
Training Epoch: 122/200	Train Loss: 0.8461	Val Accuracy: 40.24
Training Epoch: 123/200	Train Loss: 0.2098	Val Accuracy: 40.24
Training Epoch: 124/200	Train Loss: 0.7951	Val Accuracy: 38.96
Training Epoch: 125/200	Train Loss: 0.4377	Val Accuracy: 38.96
Training Epoch: 126/200	Train Loss: 0.6008	Val Accuracy: 40.26
Training Epoch: 127/200	Train Loss: 0.7893	Val Accuracy: 40.26
Training Epoch: 128/200	Train Loss: 0.271	Val Accuracy: 40.44
Training Epoch: 129/200	Train Loss: 0.3484	Val Accuracy: 40.44
Training Epoch: 130/200	Train Loss: 0.0775	Val Accuracy: 41.34
Training Epoch: 131/200	Train Loss: 0.506	Val Accuracy: 41.34
Training Epoch: 132/200	Train Loss: 0.5752	Val Accuracy: 41.62
Training Epoch: 133/200	Train Loss: 0.5483	Val Accuracy: 41.62
Training Epoch: 134/200	Train Loss: 0.2286	Val Accuracy: 38.92
Training Epoch: 135/200	Train Loss: 0.1234	Val Accuracy: 38.92
Training Epoch: 136/200	Train Loss: 0.6695	Val Accuracy: 40.92
Training Epoch: 137/200	Train Loss: 0.5658	Val Accuracy: 40.92
Training Epoch: 138/200	Train Loss: 0.0699	Val Accuracy: 40.64
Training Epoch: 139/200	Train Loss: 0.4827	Val Accuracy: 40.64
Training Epoch: 140/200	Train Loss: 0.2115	Val Accuracy: 40.2
Training Epoch: 141/200	Train Loss: 0.2251	Val Accuracy: 40.2
Training Epoch: 142/200	Train Loss: 0.0397	Val Accuracy: 40.52
Training Epoch: 143/200	Train Loss: 0.6936	Val Accuracy: 40.52
Training Epoch: 144/200	Train Loss: 0.4894	Val Accuracy: 40.86
Training Epoch: 145/200	Train Loss: 0.4172	Val Accuracy: 40.86
Training Epoch: 146/200	Train Loss: 0.2957	Val Accuracy: 40.66
Training Epoch: 147/200	Train Loss: 0.0306	Val Accuracy: 40.66
Training Epoch: 148/200	Train Loss: 0.2087	Val Accuracy: 40.0
Training Epoch: 149/200	Train Loss: 0.3229	Val Accuracy: 40.0
Training Epoch: 150/200	Train Loss: 0.0965	Val Accuracy: 40.12
Training Epoch: 151/200	Train Loss: 0.2581	Val Accuracy: 40.12
Training Epoch: 152/200	Train Loss: 0.7595	Val Accuracy: 39.9
Training Epoch: 153/200	Train Loss: 0.5815	Val Accuracy: 39.9
Training Epoch: 154/200	Train Loss: 0.4586	Val Accuracy: 40.66
Training Epoch: 155/200	Train Loss: 0.1125	Val Accuracy: 40.66
Training Epoch: 156/200	Train Loss: 0.0458	Val Accuracy: 40.26
Training Epoch: 157/200	Train Loss: 0.586	Val Accuracy: 40.26
Training Epoch: 158/200	Train Loss: 0.11	Val Accuracy: 40.16
Training Epoch: 159/200	Train Loss: 0.0627	Val Accuracy: 40.16
Training Epoch: 160/200	Train Loss: 0.0184	Val Accuracy: 41.0
Training Epoch: 161/200	Train Loss: 0.0948	Val Accuracy: 41.0
Training Epoch: 162/200	Train Loss: 0.3926	Val Accuracy: 40.78
Training Epoch: 163/200	Train Loss: 0.6293	Val Accuracy: 40.78
Training Epoch: 164/200	Train Loss: 0.0226	Val Accuracy: 41.06
Training Epoch: 165/200	Train Loss: 0.0039	Val Accuracy: 41.06
Training Epoch: 166/200	Train Loss: 0.0302	Val Accuracy: 40.9
Training Epoch: 167/200	Train Loss: 0.0316	Val Accuracy: 40.9
Training Epoch: 168/200	Train Loss: 0.0522	Val Accuracy: 40.44
Training Epoch: 169/200	Train Loss: 0.486	Val Accuracy: 40.44
Training Epoch: 170/200	Train Loss: 0.5668	Val Accuracy: 41.2
Training Epoch: 171/200	Train Loss: 0.1888	Val Accuracy: 41.2
Training Epoch: 172/200	Train Loss: 0.1321	Val Accuracy: 41.66
Training Epoch: 173/200	Train Loss: 0.0534	Val Accuracy: 41.66
Training Epoch: 174/200	Train Loss: 0.2275	Val Accuracy: 41.5
Training Epoch: 175/200	Train Loss: 0.5654	Val Accuracy: 41.5
Training Epoch: 176/200	Train Loss: 0.0493	Val Accuracy: 40.8
Training Epoch: 177/200	Train Loss: 0.409	Val Accuracy: 40.8
Training Epoch: 178/200	Train Loss: 0.4559	Val Accuracy: 41.46
Training Epoch: 179/200	Train Loss: 0.2817	Val Accuracy: 41.46
Training Epoch: 180/200	Train Loss: 0.1816	Val Accuracy: 40.86
Training Epoch: 181/200	Train Loss: 0.0381	Val Accuracy: 40.86
Training Epoch: 182/200	Train Loss: 0.0078	Val Accuracy: 41.12
Training Epoch: 183/200	Train Loss: 0.263	Val Accuracy: 41.12
Training Epoch: 184/200	Train Loss: 0.0122	Val Accuracy: 40.96
Training Epoch: 185/200	Train Loss: 0.3194	Val Accuracy: 40.96
Training Epoch: 186/200	Train Loss: 0.099	Val Accuracy: 41.14
Training Epoch: 187/200	Train Loss: 0.0078	Val Accuracy: 41.14
Training Epoch: 188/200	Train Loss: 0.2537	Val Accuracy: 40.98
Training Epoch: 189/200	Train Loss: 0.0294	Val Accuracy: 40.98
Training Epoch: 190/200	Train Loss: 0.0159	Val Accuracy: 41.26
Training Epoch: 191/200	Train Loss: 0.3483	Val Accuracy: 41.26
Training Epoch: 192/200	Train Loss: 0.3531	Val Accuracy: 41.42
Training Epoch: 193/200	Train Loss: 0.0475	Val Accuracy: 41.42
Training Epoch: 194/200	Train Loss: 0.6924	Val Accuracy: 40.96
Training Epoch: 195/200	Train Loss: 0.1174	Val Accuracy: 40.96
Training Epoch: 196/200	Train Loss: 0.0075	Val Accuracy: 40.6
Training Epoch: 197/200	Train Loss: 0.1639	Val Accuracy: 40.6
Training Epoch: 198/200	Train Loss: 0.0464	Val Accuracy: 41.88
Training Epoch: 199/200	Train Loss: 0.0049	Val Accuracy: 41.88
Training Epoch: 200/200	Train Loss: 0.0105	Val Accuracy: 41.0

Wrote Best Model Checkpoint to: vlBest_acc_41_model_epoch_0198.pyth

Best Validation Accuracy: 41.88
Best Epoch: 198

======== TESTING ========

Test Accuracy: 41.92.

======== ACTIVE SAMPLING ========

len(uSetLoader): 440
u_ranks.shape: (44000,)
Active Sampling Complete. After Episode 19:
New Labeled Set: 1050, New Unlabeled Set: 43950, Active Set: 50

================================


Current accuracy values:  [18.319999999999993, 20.549999999999997, 17.75, 27.439999122619625, 21.25, 27.689999504089357, 28.389999389648438, 29.679999504089352, 29.91999935150146, 33.68999908447266, 32.22999935150146, 29.519999160766602, 29.60999935150147, 32.679999351501465, 32.94999954223633, 35.389999580383304, 33.519998970031736, 37.81999897003174, 33.34999889373779, 41.91999900817871]
Starting model from scratch - ignoring existing weights.
<All keys matched successfully>
None
======== EPISODE 20 BEGINS ========

======== TRAINING ========
Training Epoch: 1/200	Train Loss: 4.0198	Val Accuracy: 0.0
Training Epoch: 2/200	Train Loss: 4.6347	Val Accuracy: 9.74
Training Epoch: 3/200	Train Loss: 3.0551	Val Accuracy: 9.74
Training Epoch: 4/200	Train Loss: 3.5136	Val Accuracy: 13.88
Training Epoch: 5/200	Train Loss: 3.572	Val Accuracy: 13.88
Training Epoch: 6/200	Train Loss: 3.5206	Val Accuracy: 11.58
Training Epoch: 7/200	Train Loss: 3.5167	Val Accuracy: 11.58
Training Epoch: 8/200	Train Loss: 3.9725	Val Accuracy: 14.78
Training Epoch: 9/200	Train Loss: 2.4186	Val Accuracy: 14.78
Training Epoch: 10/200	Train Loss: 2.342	Val Accuracy: 12.88
Training Epoch: 11/200	Train Loss: 5.3668	Val Accuracy: 12.88
Training Epoch: 12/200	Train Loss: 2.5637	Val Accuracy: 18.22
Training Epoch: 13/200	Train Loss: 3.0395	Val Accuracy: 18.22
Training Epoch: 14/200	Train Loss: 3.8023	Val Accuracy: 16.56
Training Epoch: 15/200	Train Loss: 3.7043	Val Accuracy: 16.56
Training Epoch: 16/200	Train Loss: 4.6752	Val Accuracy: 18.46
Training Epoch: 17/200	Train Loss: 4.6064	Val Accuracy: 18.46
Training Epoch: 18/200	Train Loss: 2.4292	Val Accuracy: 20.84
Training Epoch: 19/200	Train Loss: 2.8872	Val Accuracy: 20.84
Training Epoch: 20/200	Train Loss: 3.2842	Val Accuracy: 19.82
Training Epoch: 21/200	Train Loss: 3.259	Val Accuracy: 19.82
Training Epoch: 22/200	Train Loss: 2.4551	Val Accuracy: 22.64
Training Epoch: 23/200	Train Loss: 2.6603	Val Accuracy: 22.64
Training Epoch: 24/200	Train Loss: 2.1114	Val Accuracy: 20.16
Training Epoch: 25/200	Train Loss: 2.8186	Val Accuracy: 20.16
Training Epoch: 26/200	Train Loss: 2.3466	Val Accuracy: 21.68
Training Epoch: 27/200	Train Loss: 2.3168	Val Accuracy: 21.68
Training Epoch: 28/200	Train Loss: 1.9415	Val Accuracy: 24.5
Training Epoch: 29/200	Train Loss: 2.5588	Val Accuracy: 24.5
Training Epoch: 30/200	Train Loss: 2.1034	Val Accuracy: 24.74
Training Epoch: 31/200	Train Loss: 2.2145	Val Accuracy: 24.74
Training Epoch: 32/200	Train Loss: 1.8943	Val Accuracy: 24.82
Training Epoch: 33/200	Train Loss: 2.1793	Val Accuracy: 24.82
Training Epoch: 34/200	Train Loss: 2.1853	Val Accuracy: 25.68
Training Epoch: 35/200	Train Loss: 2.3788	Val Accuracy: 25.68
Training Epoch: 36/200	Train Loss: 2.4049	Val Accuracy: 24.14
Training Epoch: 37/200	Train Loss: 2.5409	Val Accuracy: 24.14
Training Epoch: 38/200	Train Loss: 1.8334	Val Accuracy: 29.06
Training Epoch: 39/200	Train Loss: 2.2819	Val Accuracy: 29.06
Training Epoch: 40/200	Train Loss: 2.1221	Val Accuracy: 28.12
Training Epoch: 41/200	Train Loss: 2.3553	Val Accuracy: 28.12
Training Epoch: 42/200	Train Loss: 1.9794	Val Accuracy: 29.5
Training Epoch: 43/200	Train Loss: 2.1878	Val Accuracy: 29.5
Training Epoch: 44/200	Train Loss: 2.4017	Val Accuracy: 31.14
Training Epoch: 45/200	Train Loss: 2.5736	Val Accuracy: 31.14
Training Epoch: 46/200	Train Loss: 2.2545	Val Accuracy: 30.74
Training Epoch: 47/200	Train Loss: 1.5942	Val Accuracy: 30.74
Training Epoch: 48/200	Train Loss: 2.1563	Val Accuracy: 31.22
Training Epoch: 49/200	Train Loss: 1.9262	Val Accuracy: 31.22
Training Epoch: 50/200	Train Loss: 2.5067	Val Accuracy: 33.72
Training Epoch: 51/200	Train Loss: 2.0541	Val Accuracy: 33.72
Training Epoch: 52/200	Train Loss: 2.0462	Val Accuracy: 32.64
Training Epoch: 53/200	Train Loss: 2.2623	Val Accuracy: 32.64
Training Epoch: 54/200	Train Loss: 2.3612	Val Accuracy: 31.58
Training Epoch: 55/200	Train Loss: 1.6942	Val Accuracy: 31.58
Training Epoch: 56/200	Train Loss: 2.3541	Val Accuracy: 33.64
Training Epoch: 57/200	Train Loss: 1.5332	Val Accuracy: 33.64
Training Epoch: 58/200	Train Loss: 1.5077	Val Accuracy: 36.28
Training Epoch: 59/200	Train Loss: 1.6725	Val Accuracy: 36.28
Training Epoch: 60/200	Train Loss: 1.5254	Val Accuracy: 36.18
Training Epoch: 61/200	Train Loss: 1.7437	Val Accuracy: 36.18
Training Epoch: 62/200	Train Loss: 1.4785	Val Accuracy: 34.54
Training Epoch: 63/200	Train Loss: 1.7315	Val Accuracy: 34.54
Training Epoch: 64/200	Train Loss: 1.6239	Val Accuracy: 35.04
Training Epoch: 65/200	Train Loss: 1.9666	Val Accuracy: 35.04
Training Epoch: 66/200	Train Loss: 1.1781	Val Accuracy: 35.98
Training Epoch: 67/200	Train Loss: 1.451	Val Accuracy: 35.98
Training Epoch: 68/200	Train Loss: 2.1815	Val Accuracy: 37.74
Training Epoch: 69/200	Train Loss: 2.016	Val Accuracy: 37.74
Training Epoch: 70/200	Train Loss: 1.7363	Val Accuracy: 36.8
Training Epoch: 71/200	Train Loss: 1.7209	Val Accuracy: 36.8
Training Epoch: 72/200	Train Loss: 1.4602	Val Accuracy: 36.6
Training Epoch: 73/200	Train Loss: 1.2138	Val Accuracy: 36.6
Training Epoch: 74/200	Train Loss: 1.3579	Val Accuracy: 37.0
Training Epoch: 75/200	Train Loss: 1.608	Val Accuracy: 37.0
Training Epoch: 76/200	Train Loss: 1.6089	Val Accuracy: 36.24
Training Epoch: 77/200	Train Loss: 1.5003	Val Accuracy: 36.24
Training Epoch: 78/200	Train Loss: 1.1311	Val Accuracy: 36.12
Training Epoch: 79/200	Train Loss: 1.5465	Val Accuracy: 36.12
Training Epoch: 80/200	Train Loss: 1.2655	Val Accuracy: 36.56
Training Epoch: 81/200	Train Loss: 2.187	Val Accuracy: 36.56
Training Epoch: 82/200	Train Loss: 1.0487	Val Accuracy: 38.14
Training Epoch: 83/200	Train Loss: 1.1549	Val Accuracy: 38.14
Training Epoch: 84/200	Train Loss: 1.2801	Val Accuracy: 38.96
Training Epoch: 85/200	Train Loss: 1.3751	Val Accuracy: 38.96
Training Epoch: 86/200	Train Loss: 1.3497	Val Accuracy: 38.14
Training Epoch: 87/200	Train Loss: 1.3132	Val Accuracy: 38.14
Training Epoch: 88/200	Train Loss: 1.1903	Val Accuracy: 38.14
Training Epoch: 89/200	Train Loss: 1.1429	Val Accuracy: 38.14
Training Epoch: 90/200	Train Loss: 1.3969	Val Accuracy: 37.72
Training Epoch: 91/200	Train Loss: 1.3107	Val Accuracy: 37.72
Training Epoch: 92/200	Train Loss: 1.1853	Val Accuracy: 37.22
Training Epoch: 93/200	Train Loss: 0.8692	Val Accuracy: 37.22
Training Epoch: 94/200	Train Loss: 0.8388	Val Accuracy: 37.38
Training Epoch: 95/200	Train Loss: 0.894	Val Accuracy: 37.38
Training Epoch: 96/200	Train Loss: 1.2014	Val Accuracy: 38.08
Training Epoch: 97/200	Train Loss: 0.8619	Val Accuracy: 38.08
Training Epoch: 98/200	Train Loss: 0.8728	Val Accuracy: 36.78
Training Epoch: 99/200	Train Loss: 1.0213	Val Accuracy: 36.78
Training Epoch: 100/200	Train Loss: 1.0805	Val Accuracy: 37.16
Training Epoch: 101/200	Train Loss: 0.8726	Val Accuracy: 37.16
Training Epoch: 102/200	Train Loss: 1.3473	Val Accuracy: 37.3
Training Epoch: 103/200	Train Loss: 1.4462	Val Accuracy: 37.3
Training Epoch: 104/200	Train Loss: 0.9196	Val Accuracy: 39.04
Training Epoch: 105/200	Train Loss: 0.6123	Val Accuracy: 39.04
Training Epoch: 106/200	Train Loss: 0.4926	Val Accuracy: 39.06
Training Epoch: 107/200	Train Loss: 0.6192	Val Accuracy: 39.06
Training Epoch: 108/200	Train Loss: 0.6284	Val Accuracy: 37.44
Training Epoch: 109/200	Train Loss: 0.8792	Val Accuracy: 37.44
Training Epoch: 110/200	Train Loss: 0.6216	Val Accuracy: 39.86
Training Epoch: 111/200	Train Loss: 0.6935	Val Accuracy: 39.86
Training Epoch: 112/200	Train Loss: 0.9029	Val Accuracy: 38.52
Training Epoch: 113/200	Train Loss: 1.313	Val Accuracy: 38.52
Training Epoch: 114/200	Train Loss: 0.7442	Val Accuracy: 39.58
Training Epoch: 115/200	Train Loss: 0.3372	Val Accuracy: 39.58
Training Epoch: 116/200	Train Loss: 0.7485	Val Accuracy: 38.88
Training Epoch: 117/200	Train Loss: 0.4768	Val Accuracy: 38.88
Training Epoch: 118/200	Train Loss: 0.6673	Val Accuracy: 39.32
Training Epoch: 119/200	Train Loss: 0.5775	Val Accuracy: 39.32
Training Epoch: 120/200	Train Loss: 1.1042	Val Accuracy: 38.58
Training Epoch: 121/200	Train Loss: 0.9398	Val Accuracy: 38.58
Training Epoch: 122/200	Train Loss: 0.4942	Val Accuracy: 39.18
Training Epoch: 123/200	Train Loss: 0.3134	Val Accuracy: 39.18
Training Epoch: 124/200	Train Loss: 0.4638	Val Accuracy: 37.08
Training Epoch: 125/200	Train Loss: 0.6454	Val Accuracy: 37.08
Training Epoch: 126/200	Train Loss: 0.3277	Val Accuracy: 37.98
Training Epoch: 127/200	Train Loss: 0.6589	Val Accuracy: 37.98
Training Epoch: 128/200	Train Loss: 0.3406	Val Accuracy: 39.36
Training Epoch: 129/200	Train Loss: 0.3425	Val Accuracy: 39.36
Training Epoch: 130/200	Train Loss: 0.281	Val Accuracy: 39.56
Training Epoch: 131/200	Train Loss: 0.4466	Val Accuracy: 39.56
Training Epoch: 132/200	Train Loss: 0.6235	Val Accuracy: 39.7
Training Epoch: 133/200	Train Loss: 0.574	Val Accuracy: 39.7
Training Epoch: 134/200	Train Loss: 0.5944	Val Accuracy: 38.82
Training Epoch: 135/200	Train Loss: 0.2632	Val Accuracy: 38.82
Training Epoch: 136/200	Train Loss: 0.7256	Val Accuracy: 39.56
Training Epoch: 137/200	Train Loss: 0.2111	Val Accuracy: 39.56
Training Epoch: 138/200	Train Loss: 0.2324	Val Accuracy: 38.2
Training Epoch: 139/200	Train Loss: 0.2249	Val Accuracy: 38.2
Training Epoch: 140/200	Train Loss: 0.1376	Val Accuracy: 38.62
Training Epoch: 141/200	Train Loss: 0.619	Val Accuracy: 38.62
Training Epoch: 142/200	Train Loss: 0.6452	Val Accuracy: 40.84
Training Epoch: 143/200	Train Loss: 0.284	Val Accuracy: 40.84
Training Epoch: 144/200	Train Loss: 0.4946	Val Accuracy: 39.9
Training Epoch: 145/200	Train Loss: 0.2614	Val Accuracy: 39.9
Training Epoch: 146/200	Train Loss: 0.467	Val Accuracy: 39.9
Training Epoch: 147/200	Train Loss: 0.3171	Val Accuracy: 39.9
Training Epoch: 148/200	Train Loss: 0.5046	Val Accuracy: 39.48
Training Epoch: 149/200	Train Loss: 0.2962	Val Accuracy: 39.48
Training Epoch: 150/200	Train Loss: 0.5019	Val Accuracy: 40.1
Training Epoch: 151/200	Train Loss: 0.583	Val Accuracy: 40.1
Training Epoch: 152/200	Train Loss: 0.482	Val Accuracy: 40.08
Training Epoch: 153/200	Train Loss: 0.6146	Val Accuracy: 40.08
Training Epoch: 154/200	Train Loss: 0.3678	Val Accuracy: 40.66
Training Epoch: 155/200	Train Loss: 0.3596	Val Accuracy: 40.66
Training Epoch: 156/200	Train Loss: 0.1982	Val Accuracy: 40.78
Training Epoch: 157/200	Train Loss: 0.1683	Val Accuracy: 40.78
Training Epoch: 158/200	Train Loss: 0.4976	Val Accuracy: 40.86
Training Epoch: 159/200	Train Loss: 0.3928	Val Accuracy: 40.86
Training Epoch: 160/200	Train Loss: 0.2251	Val Accuracy: 40.18
Training Epoch: 161/200	Train Loss: 0.0778	Val Accuracy: 40.18
Training Epoch: 162/200	Train Loss: 0.6645	Val Accuracy: 39.74
Training Epoch: 163/200	Train Loss: 0.1318	Val Accuracy: 39.74
Training Epoch: 164/200	Train Loss: 0.5102	Val Accuracy: 39.5
Training Epoch: 165/200	Train Loss: 0.1234	Val Accuracy: 39.5
Training Epoch: 166/200	Train Loss: 0.0921	Val Accuracy: 40.4
Training Epoch: 167/200	Train Loss: 0.0781	Val Accuracy: 40.4
Training Epoch: 168/200	Train Loss: 0.3066	Val Accuracy: 40.34
Training Epoch: 169/200	Train Loss: 0.1452	Val Accuracy: 40.34
Training Epoch: 170/200	Train Loss: 0.0721	Val Accuracy: 40.58
Training Epoch: 171/200	Train Loss: 0.5212	Val Accuracy: 40.58
Training Epoch: 172/200	Train Loss: 0.1931	Val Accuracy: 40.64
Training Epoch: 173/200	Train Loss: 0.1262	Val Accuracy: 40.64
Training Epoch: 174/200	Train Loss: 0.2358	Val Accuracy: 39.84
Training Epoch: 175/200	Train Loss: 0.0686	Val Accuracy: 39.84
Training Epoch: 176/200	Train Loss: 0.375	Val Accuracy: 39.66
Training Epoch: 177/200	Train Loss: 0.0578	Val Accuracy: 39.66
Training Epoch: 178/200	Train Loss: 0.1298	Val Accuracy: 40.4
Training Epoch: 179/200	Train Loss: 0.0907	Val Accuracy: 40.4
Training Epoch: 180/200	Train Loss: 0.4295	Val Accuracy: 40.36
Training Epoch: 181/200	Train Loss: 0.368	Val Accuracy: 40.36
Training Epoch: 182/200	Train Loss: 0.2555	Val Accuracy: 40.54
Training Epoch: 183/200	Train Loss: 0.2896	Val Accuracy: 40.54
Training Epoch: 184/200	Train Loss: 0.5181	Val Accuracy: 40.98
Training Epoch: 185/200	Train Loss: 0.1395	Val Accuracy: 40.98
Training Epoch: 186/200	Train Loss: 0.2244	Val Accuracy: 40.14
Training Epoch: 187/200	Train Loss: 0.0513	Val Accuracy: 40.14
Training Epoch: 188/200	Train Loss: 0.0699	Val Accuracy: 40.48
Training Epoch: 189/200	Train Loss: 0.0674	Val Accuracy: 40.48
Training Epoch: 190/200	Train Loss: 0.1125	Val Accuracy: 40.26
Training Epoch: 191/200	Train Loss: 0.3228	Val Accuracy: 40.26
Training Epoch: 192/200	Train Loss: 0.0273	Val Accuracy: 40.7
Training Epoch: 193/200	Train Loss: 0.4039	Val Accuracy: 40.7
Training Epoch: 194/200	Train Loss: 0.2016	Val Accuracy: 40.46
Training Epoch: 195/200	Train Loss: 0.0337	Val Accuracy: 40.46
Training Epoch: 196/200	Train Loss: 0.151	Val Accuracy: 40.3
Training Epoch: 197/200	Train Loss: 0.2107	Val Accuracy: 40.3
Training Epoch: 198/200	Train Loss: 0.3042	Val Accuracy: 40.46
Training Epoch: 199/200	Train Loss: 0.2766	Val Accuracy: 40.46
Training Epoch: 200/200	Train Loss: 0.1068	Val Accuracy: 40.08

Wrote Best Model Checkpoint to: vlBest_acc_40_model_epoch_0184.pyth

Best Validation Accuracy: 40.98
Best Epoch: 184

======== TESTING ========

Test Accuracy: 40.43.

======== ACTIVE SAMPLING ========

len(uSetLoader): 440
u_ranks.shape: (43950,)
Active Sampling Complete. After Episode 20:
New Labeled Set: 1100, New Unlabeled Set: 43900, Active Set: 50

================================


Current accuracy values:  [18.319999999999993, 20.549999999999997, 17.75, 27.439999122619625, 21.25, 27.689999504089357, 28.389999389648438, 29.679999504089352, 29.91999935150146, 33.68999908447266, 32.22999935150146, 29.519999160766602, 29.60999935150147, 32.679999351501465, 32.94999954223633, 35.389999580383304, 33.519998970031736, 37.81999897003174, 33.34999889373779, 41.91999900817871, 40.42999904632568]
Starting model from scratch - ignoring existing weights.
<All keys matched successfully>
None
======== EPISODE 21 BEGINS ========

======== TRAINING ========
Training Epoch: 1/200	Train Loss: 5.4672	Val Accuracy: 0.0
Training Epoch: 2/200	Train Loss: 2.6163	Val Accuracy: 9.72
Training Epoch: 3/200	Train Loss: 10.0543	Val Accuracy: 9.72
Training Epoch: 4/200	Train Loss: 2.2713	Val Accuracy: 11.74
Training Epoch: 5/200	Train Loss: 2.5894	Val Accuracy: 11.74
Training Epoch: 6/200	Train Loss: 4.5968	Val Accuracy: 12.94
Training Epoch: 7/200	Train Loss: 3.3318	Val Accuracy: 12.94
Training Epoch: 8/200	Train Loss: 3.7499	Val Accuracy: 13.42
Training Epoch: 9/200	Train Loss: 2.6575	Val Accuracy: 13.42
Training Epoch: 10/200	Train Loss: 2.8067	Val Accuracy: 13.88
Training Epoch: 11/200	Train Loss: 3.0079	Val Accuracy: 13.88
Training Epoch: 12/200	Train Loss: 2.4742	Val Accuracy: 17.02
Training Epoch: 13/200	Train Loss: 2.4191	Val Accuracy: 17.02
Training Epoch: 14/200	Train Loss: 3.9585	Val Accuracy: 15.04
Training Epoch: 15/200	Train Loss: 2.7578	Val Accuracy: 15.04
Training Epoch: 16/200	Train Loss: 2.1336	Val Accuracy: 16.42
Training Epoch: 17/200	Train Loss: 2.0856	Val Accuracy: 16.42
Training Epoch: 18/200	Train Loss: 5.8398	Val Accuracy: 19.0
Training Epoch: 19/200	Train Loss: 3.9625	Val Accuracy: 19.0
Training Epoch: 20/200	Train Loss: 2.3063	Val Accuracy: 19.68
Training Epoch: 21/200	Train Loss: 2.5603	Val Accuracy: 19.68
Training Epoch: 22/200	Train Loss: 2.1	Val Accuracy: 19.44
Training Epoch: 23/200	Train Loss: 2.1025	Val Accuracy: 19.44
Training Epoch: 24/200	Train Loss: 3.5907	Val Accuracy: 22.0
Training Epoch: 25/200	Train Loss: 4.2495	Val Accuracy: 22.0
Training Epoch: 26/200	Train Loss: 2.9825	Val Accuracy: 23.54
Training Epoch: 27/200	Train Loss: 2.6894	Val Accuracy: 23.54
Training Epoch: 28/200	Train Loss: 1.9911	Val Accuracy: 21.7
Training Epoch: 29/200	Train Loss: 3.8262	Val Accuracy: 21.7
Training Epoch: 30/200	Train Loss: 2.6693	Val Accuracy: 22.44
Training Epoch: 31/200	Train Loss: 3.0019	Val Accuracy: 22.44
Training Epoch: 32/200	Train Loss: 2.3902	Val Accuracy: 25.7
Training Epoch: 33/200	Train Loss: 3.5996	Val Accuracy: 25.7
Training Epoch: 34/200	Train Loss: 3.4285	Val Accuracy: 21.74
Training Epoch: 35/200	Train Loss: 3.5193	Val Accuracy: 21.74
Training Epoch: 36/200	Train Loss: 3.0756	Val Accuracy: 27.26
Training Epoch: 37/200	Train Loss: 4.8477	Val Accuracy: 27.26
Training Epoch: 38/200	Train Loss: 3.1947	Val Accuracy: 27.78
Training Epoch: 39/200	Train Loss: 1.9114	Val Accuracy: 27.78
Training Epoch: 40/200	Train Loss: 3.4331	Val Accuracy: 29.1
Training Epoch: 41/200	Train Loss: 1.8695	Val Accuracy: 29.1
Training Epoch: 42/200	Train Loss: 1.9799	Val Accuracy: 24.32
Training Epoch: 43/200	Train Loss: 2.1541	Val Accuracy: 24.32
Training Epoch: 44/200	Train Loss: 2.5027	Val Accuracy: 28.26
Training Epoch: 45/200	Train Loss: 1.9426	Val Accuracy: 28.26
Training Epoch: 46/200	Train Loss: 1.9844	Val Accuracy: 29.36
Training Epoch: 47/200	Train Loss: 1.879	Val Accuracy: 29.36
Training Epoch: 48/200	Train Loss: 2.0294	Val Accuracy: 27.48
Training Epoch: 49/200	Train Loss: 2.2033	Val Accuracy: 27.48
Training Epoch: 50/200	Train Loss: 2.3488	Val Accuracy: 24.12
Training Epoch: 51/200	Train Loss: 2.0571	Val Accuracy: 24.12
Training Epoch: 52/200	Train Loss: 2.2047	Val Accuracy: 27.32
Training Epoch: 53/200	Train Loss: 3.6837	Val Accuracy: 27.32
Training Epoch: 54/200	Train Loss: 1.8401	Val Accuracy: 30.48
Training Epoch: 55/200	Train Loss: 1.7305	Val Accuracy: 30.48
Training Epoch: 56/200	Train Loss: 2.232	Val Accuracy: 32.38
Training Epoch: 57/200	Train Loss: 2.327	Val Accuracy: 32.38
Training Epoch: 58/200	Train Loss: 1.8452	Val Accuracy: 32.8
Training Epoch: 59/200	Train Loss: 4.2611	Val Accuracy: 32.8
Training Epoch: 60/200	Train Loss: 2.7205	Val Accuracy: 29.48
Training Epoch: 61/200	Train Loss: 1.7212	Val Accuracy: 29.48
Training Epoch: 62/200	Train Loss: 3.802	Val Accuracy: 33.16
Training Epoch: 63/200	Train Loss: 2.4517	Val Accuracy: 33.16
Training Epoch: 64/200	Train Loss: 1.6872	Val Accuracy: 30.72
Training Epoch: 65/200	Train Loss: 1.705	Val Accuracy: 30.72
Training Epoch: 66/200	Train Loss: 2.0251	Val Accuracy: 27.38
Training Epoch: 67/200	Train Loss: 2.9604	Val Accuracy: 27.38
Training Epoch: 68/200	Train Loss: 1.62	Val Accuracy: 31.52
Training Epoch: 69/200	Train Loss: 3.514	Val Accuracy: 31.52
Training Epoch: 70/200	Train Loss: 2.9489	Val Accuracy: 35.42
Training Epoch: 71/200	Train Loss: 1.9204	Val Accuracy: 35.42
Training Epoch: 72/200	Train Loss: 1.7319	Val Accuracy: 33.76
Training Epoch: 73/200	Train Loss: 1.6222	Val Accuracy: 33.76
Training Epoch: 74/200	Train Loss: 3.5483	Val Accuracy: 35.6
Training Epoch: 75/200	Train Loss: 2.0841	Val Accuracy: 35.6
Training Epoch: 76/200	Train Loss: 3.7794	Val Accuracy: 34.0
Training Epoch: 77/200	Train Loss: 2.1917	Val Accuracy: 34.0
Training Epoch: 78/200	Train Loss: 1.3862	Val Accuracy: 36.9
Training Epoch: 79/200	Train Loss: 1.6125	Val Accuracy: 36.9
Training Epoch: 80/200	Train Loss: 1.5034	Val Accuracy: 35.22
Training Epoch: 81/200	Train Loss: 1.3469	Val Accuracy: 35.22
Training Epoch: 82/200	Train Loss: 1.3399	Val Accuracy: 36.44
Training Epoch: 83/200	Train Loss: 1.2469	Val Accuracy: 36.44
Training Epoch: 84/200	Train Loss: 2.0455	Val Accuracy: 36.88
Training Epoch: 85/200	Train Loss: 1.3819	Val Accuracy: 36.88
Training Epoch: 86/200	Train Loss: 1.5239	Val Accuracy: 35.56
Training Epoch: 87/200	Train Loss: 1.3237	Val Accuracy: 35.56
Training Epoch: 88/200	Train Loss: 1.3619	Val Accuracy: 37.42
Training Epoch: 89/200	Train Loss: 1.1906	Val Accuracy: 37.42
Training Epoch: 90/200	Train Loss: 2.0141	Val Accuracy: 36.82
Training Epoch: 91/200	Train Loss: 2.1709	Val Accuracy: 36.82
Training Epoch: 92/200	Train Loss: 1.7842	Val Accuracy: 37.56
Training Epoch: 93/200	Train Loss: 1.2829	Val Accuracy: 37.56
Training Epoch: 94/200	Train Loss: 1.4909	Val Accuracy: 38.34
Training Epoch: 95/200	Train Loss: 2.1245	Val Accuracy: 38.34
Training Epoch: 96/200	Train Loss: 1.6787	Val Accuracy: 36.84
Training Epoch: 97/200	Train Loss: 1.5743	Val Accuracy: 36.84
Training Epoch: 98/200	Train Loss: 1.1372	Val Accuracy: 37.06
Training Epoch: 99/200	Train Loss: 2.9222	Val Accuracy: 37.06
Training Epoch: 100/200	Train Loss: 2.8424	Val Accuracy: 34.08
Training Epoch: 101/200	Train Loss: 1.4768	Val Accuracy: 34.08
Training Epoch: 102/200	Train Loss: 1.8038	Val Accuracy: 36.08
Training Epoch: 103/200	Train Loss: 1.0428	Val Accuracy: 36.08
Training Epoch: 104/200	Train Loss: 0.9865	Val Accuracy: 34.86
Training Epoch: 105/200	Train Loss: 1.451	Val Accuracy: 34.86
Training Epoch: 106/200	Train Loss: 0.7627	Val Accuracy: 36.8
Training Epoch: 107/200	Train Loss: 1.6827	Val Accuracy: 36.8
Training Epoch: 108/200	Train Loss: 0.8152	Val Accuracy: 35.22
Training Epoch: 109/200	Train Loss: 2.1285	Val Accuracy: 35.22
Training Epoch: 110/200	Train Loss: 0.716	Val Accuracy: 36.54
Training Epoch: 111/200	Train Loss: 1.498	Val Accuracy: 36.54
Training Epoch: 112/200	Train Loss: 0.8208	Val Accuracy: 35.88
Training Epoch: 113/200	Train Loss: 1.0783	Val Accuracy: 35.88
Training Epoch: 114/200	Train Loss: 1.3214	Val Accuracy: 35.56
Training Epoch: 115/200	Train Loss: 1.1844	Val Accuracy: 35.56
Training Epoch: 116/200	Train Loss: 1.2664	Val Accuracy: 36.54
Training Epoch: 117/200	Train Loss: 0.7746	Val Accuracy: 36.54
Training Epoch: 118/200	Train Loss: 0.9647	Val Accuracy: 35.46
Training Epoch: 119/200	Train Loss: 0.8048	Val Accuracy: 35.46
Training Epoch: 120/200	Train Loss: 0.7803	Val Accuracy: 35.94
Training Epoch: 121/200	Train Loss: 0.5909	Val Accuracy: 35.94
Training Epoch: 122/200	Train Loss: 1.3353	Val Accuracy: 36.26
Training Epoch: 123/200	Train Loss: 0.4996	Val Accuracy: 36.26
Training Epoch: 124/200	Train Loss: 0.5433	Val Accuracy: 37.08
Training Epoch: 125/200	Train Loss: 0.6905	Val Accuracy: 37.08
Training Epoch: 126/200	Train Loss: 1.1389	Val Accuracy: 36.98
Training Epoch: 127/200	Train Loss: 0.5969	Val Accuracy: 36.98
Training Epoch: 128/200	Train Loss: 0.3747	Val Accuracy: 37.14
Training Epoch: 129/200	Train Loss: 1.01	Val Accuracy: 37.14
Training Epoch: 130/200	Train Loss: 0.8754	Val Accuracy: 36.54
Training Epoch: 131/200	Train Loss: 0.3716	Val Accuracy: 36.54
Training Epoch: 132/200	Train Loss: 1.6852	Val Accuracy: 35.5
Training Epoch: 133/200	Train Loss: 0.8222	Val Accuracy: 35.5
Training Epoch: 134/200	Train Loss: 1.0721	Val Accuracy: 36.76
Training Epoch: 135/200	Train Loss: 0.6907	Val Accuracy: 36.76
Training Epoch: 136/200	Train Loss: 0.8873	Val Accuracy: 34.96
Training Epoch: 137/200	Train Loss: 0.5516	Val Accuracy: 34.96
Training Epoch: 138/200	Train Loss: 0.4544	Val Accuracy: 35.94
Training Epoch: 139/200	Train Loss: 0.5123	Val Accuracy: 35.94
Training Epoch: 140/200	Train Loss: 0.3164	Val Accuracy: 35.98
Training Epoch: 141/200	Train Loss: 0.475	Val Accuracy: 35.98
Training Epoch: 142/200	Train Loss: 0.2244	Val Accuracy: 35.7
Training Epoch: 143/200	Train Loss: 0.2399	Val Accuracy: 35.7
Training Epoch: 144/200	Train Loss: 0.3934	Val Accuracy: 35.92
Training Epoch: 145/200	Train Loss: 1.0562	Val Accuracy: 35.92
Training Epoch: 146/200	Train Loss: 0.1618	Val Accuracy: 36.64
Training Epoch: 147/200	Train Loss: 0.9072	Val Accuracy: 36.64
Training Epoch: 148/200	Train Loss: 0.2464	Val Accuracy: 36.76
Training Epoch: 149/200	Train Loss: 0.7834	Val Accuracy: 36.76
Training Epoch: 150/200	Train Loss: 0.4697	Val Accuracy: 37.32
Training Epoch: 151/200	Train Loss: 0.3742	Val Accuracy: 37.32
Training Epoch: 152/200	Train Loss: 0.7505	Val Accuracy: 36.32
Training Epoch: 153/200	Train Loss: 0.155	Val Accuracy: 36.32
Training Epoch: 154/200	Train Loss: 0.2294	Val Accuracy: 35.84
Training Epoch: 155/200	Train Loss: 0.0905	Val Accuracy: 35.84
Training Epoch: 156/200	Train Loss: 0.2822	Val Accuracy: 36.62
Training Epoch: 157/200	Train Loss: 0.2573	Val Accuracy: 36.62
Training Epoch: 158/200	Train Loss: 0.2164	Val Accuracy: 36.82
Training Epoch: 159/200	Train Loss: 0.1194	Val Accuracy: 36.82
Training Epoch: 160/200	Train Loss: 0.148	Val Accuracy: 36.5
Training Epoch: 161/200	Train Loss: 0.192	Val Accuracy: 36.5
Training Epoch: 162/200	Train Loss: 0.4727	Val Accuracy: 36.68
Training Epoch: 163/200	Train Loss: 0.1121	Val Accuracy: 36.68
Training Epoch: 164/200	Train Loss: 0.1654	Val Accuracy: 35.94
Training Epoch: 165/200	Train Loss: 0.221	Val Accuracy: 35.94
Training Epoch: 166/200	Train Loss: 0.955	Val Accuracy: 36.92
Training Epoch: 167/200	Train Loss: 0.9221	Val Accuracy: 36.92
Training Epoch: 168/200	Train Loss: 0.1043	Val Accuracy: 37.28
Training Epoch: 169/200	Train Loss: 0.9284	Val Accuracy: 37.28
Training Epoch: 170/200	Train Loss: 0.0782	Val Accuracy: 36.78
Training Epoch: 171/200	Train Loss: 0.798	Val Accuracy: 36.78
Training Epoch: 172/200	Train Loss: 0.5528	Val Accuracy: 38.0
Training Epoch: 173/200	Train Loss: 0.2727	Val Accuracy: 38.0
Training Epoch: 174/200	Train Loss: 0.0663	Val Accuracy: 37.12
Training Epoch: 175/200	Train Loss: 0.0719	Val Accuracy: 37.12
Training Epoch: 176/200	Train Loss: 0.5774	Val Accuracy: 37.22
Training Epoch: 177/200	Train Loss: 0.3369	Val Accuracy: 37.22
Training Epoch: 178/200	Train Loss: 0.0784	Val Accuracy: 37.14
Training Epoch: 179/200	Train Loss: 0.4229	Val Accuracy: 37.14
Training Epoch: 180/200	Train Loss: 0.3906	Val Accuracy: 36.72
Training Epoch: 181/200	Train Loss: 0.157	Val Accuracy: 36.72
Training Epoch: 182/200	Train Loss: 0.1833	Val Accuracy: 37.28
Training Epoch: 183/200	Train Loss: 0.0625	Val Accuracy: 37.28
Training Epoch: 184/200	Train Loss: 0.0915	Val Accuracy: 36.8
Training Epoch: 185/200	Train Loss: 0.4718	Val Accuracy: 36.8
Training Epoch: 186/200	Train Loss: 0.0953	Val Accuracy: 37.48
Training Epoch: 187/200	Train Loss: 0.071	Val Accuracy: 37.48
Training Epoch: 188/200	Train Loss: 0.065	Val Accuracy: 37.44
Training Epoch: 189/200	Train Loss: 0.7338	Val Accuracy: 37.44
Training Epoch: 190/200	Train Loss: 0.7711	Val Accuracy: 37.12
Training Epoch: 191/200	Train Loss: 0.1227	Val Accuracy: 37.12
Training Epoch: 192/200	Train Loss: 0.6404	Val Accuracy: 36.94
Training Epoch: 193/200	Train Loss: 0.0955	Val Accuracy: 36.94
Training Epoch: 194/200	Train Loss: 0.0921	Val Accuracy: 37.24
Training Epoch: 195/200	Train Loss: 0.0386	Val Accuracy: 37.24
Training Epoch: 196/200	Train Loss: 0.0512	Val Accuracy: 36.68
Training Epoch: 197/200	Train Loss: 0.0379	Val Accuracy: 36.68
Training Epoch: 198/200	Train Loss: 1.0592	Val Accuracy: 37.08
Training Epoch: 199/200	Train Loss: 0.0578	Val Accuracy: 37.08
Training Epoch: 200/200	Train Loss: 0.0567	Val Accuracy: 36.82

Wrote Best Model Checkpoint to: vlBest_acc_38_model_epoch_0094.pyth

Best Validation Accuracy: 38.34
Best Epoch: 94

======== TESTING ========

Test Accuracy: 37.49.

======== ACTIVE SAMPLING ========

len(uSetLoader): 439
u_ranks.shape: (43900,)
Active Sampling Complete. After Episode 21:
New Labeled Set: 1150, New Unlabeled Set: 43850, Active Set: 50

================================


Current accuracy values:  [18.319999999999993, 20.549999999999997, 17.75, 27.439999122619625, 21.25, 27.689999504089357, 28.389999389648438, 29.679999504089352, 29.91999935150146, 33.68999908447266, 32.22999935150146, 29.519999160766602, 29.60999935150147, 32.679999351501465, 32.94999954223633, 35.389999580383304, 33.519998970031736, 37.81999897003174, 33.34999889373779, 41.91999900817871, 40.42999904632568, 37.489998741149904]
Starting model from scratch - ignoring existing weights.
<All keys matched successfully>
None
======== EPISODE 22 BEGINS ========

======== TRAINING ========
Training Epoch: 1/200	Train Loss: 5.0934	Val Accuracy: 0.0
Training Epoch: 2/200	Train Loss: 4.073	Val Accuracy: 9.82
Training Epoch: 3/200	Train Loss: 4.8474	Val Accuracy: 9.82
Training Epoch: 4/200	Train Loss: 3.5585	Val Accuracy: 11.46
Training Epoch: 5/200	Train Loss: 4.1497	Val Accuracy: 11.46
Training Epoch: 6/200	Train Loss: 3.0491	Val Accuracy: 11.16
Training Epoch: 7/200	Train Loss: 3.4623	Val Accuracy: 11.16
Training Epoch: 8/200	Train Loss: 2.8387	Val Accuracy: 13.94
Training Epoch: 9/200	Train Loss: 3.6324	Val Accuracy: 13.94
Training Epoch: 10/200	Train Loss: 2.2649	Val Accuracy: 15.14
Training Epoch: 11/200	Train Loss: 4.0016	Val Accuracy: 15.14
Training Epoch: 12/200	Train Loss: 3.5549	Val Accuracy: 11.72
Training Epoch: 13/200	Train Loss: 3.3212	Val Accuracy: 11.72
Training Epoch: 14/200	Train Loss: 2.1018	Val Accuracy: 18.64
Training Epoch: 15/200	Train Loss: 2.8823	Val Accuracy: 18.64
Training Epoch: 16/200	Train Loss: 2.3628	Val Accuracy: 19.96
Training Epoch: 17/200	Train Loss: 2.6073	Val Accuracy: 19.96
Training Epoch: 18/200	Train Loss: 3.4283	Val Accuracy: 21.18
Training Epoch: 19/200	Train Loss: 2.5003	Val Accuracy: 21.18
Training Epoch: 20/200	Train Loss: 2.2639	Val Accuracy: 15.64
Training Epoch: 21/200	Train Loss: 4.0394	Val Accuracy: 15.64
Training Epoch: 22/200	Train Loss: 3.8598	Val Accuracy: 21.74
Training Epoch: 23/200	Train Loss: 3.7302	Val Accuracy: 21.74
Training Epoch: 24/200	Train Loss: 1.9021	Val Accuracy: 20.2
Training Epoch: 25/200	Train Loss: 2.4654	Val Accuracy: 20.2
Training Epoch: 26/200	Train Loss: 3.6881	Val Accuracy: 25.28
Training Epoch: 27/200	Train Loss: 2.3357	Val Accuracy: 25.28
Training Epoch: 28/200	Train Loss: 3.0074	Val Accuracy: 20.48
Training Epoch: 29/200	Train Loss: 2.1566	Val Accuracy: 20.48
Training Epoch: 30/200	Train Loss: 2.7648	Val Accuracy: 24.16
Training Epoch: 31/200	Train Loss: 2.6939	Val Accuracy: 24.16
Training Epoch: 32/200	Train Loss: 2.5294	Val Accuracy: 27.54
Training Epoch: 33/200	Train Loss: 2.5611	Val Accuracy: 27.54
Training Epoch: 34/200	Train Loss: 2.2766	Val Accuracy: 27.38
Training Epoch: 35/200	Train Loss: 2.7627	Val Accuracy: 27.38
Training Epoch: 36/200	Train Loss: 2.6587	Val Accuracy: 25.84
Training Epoch: 37/200	Train Loss: 2.3431	Val Accuracy: 25.84
Training Epoch: 38/200	Train Loss: 1.831	Val Accuracy: 24.42
Training Epoch: 39/200	Train Loss: 1.8516	Val Accuracy: 24.42
Training Epoch: 40/200	Train Loss: 2.5059	Val Accuracy: 28.8
Training Epoch: 41/200	Train Loss: 1.7553	Val Accuracy: 28.8
Training Epoch: 42/200	Train Loss: 2.0161	Val Accuracy: 31.18
Training Epoch: 43/200	Train Loss: 2.367	Val Accuracy: 31.18
Training Epoch: 44/200	Train Loss: 1.7803	Val Accuracy: 32.0
Training Epoch: 45/200	Train Loss: 2.4278	Val Accuracy: 32.0
Training Epoch: 46/200	Train Loss: 1.7367	Val Accuracy: 30.78
Training Epoch: 47/200	Train Loss: 1.5845	Val Accuracy: 30.78
Training Epoch: 48/200	Train Loss: 1.8297	Val Accuracy: 31.02
Training Epoch: 49/200	Train Loss: 2.0365	Val Accuracy: 31.02
Training Epoch: 50/200	Train Loss: 1.7944	Val Accuracy: 29.32
Training Epoch: 51/200	Train Loss: 2.0323	Val Accuracy: 29.32
Training Epoch: 52/200	Train Loss: 1.7368	Val Accuracy: 31.82
Training Epoch: 53/200	Train Loss: 1.454	Val Accuracy: 31.82
Training Epoch: 54/200	Train Loss: 2.4492	Val Accuracy: 32.92
Training Epoch: 55/200	Train Loss: 1.6272	Val Accuracy: 32.92
Training Epoch: 56/200	Train Loss: 2.6042	Val Accuracy: 31.88
Training Epoch: 57/200	Train Loss: 2.3805	Val Accuracy: 31.88
Training Epoch: 58/200	Train Loss: 2.0248	Val Accuracy: 34.48
Training Epoch: 59/200	Train Loss: 1.6947	Val Accuracy: 34.48
Training Epoch: 60/200	Train Loss: 1.6559	Val Accuracy: 36.56
Training Epoch: 61/200	Train Loss: 1.7045	Val Accuracy: 36.56
Training Epoch: 62/200	Train Loss: 1.8422	Val Accuracy: 35.44
Training Epoch: 63/200	Train Loss: 1.7758	Val Accuracy: 35.44
Training Epoch: 64/200	Train Loss: 2.4488	Val Accuracy: 35.98
Training Epoch: 65/200	Train Loss: 1.497	Val Accuracy: 35.98
Training Epoch: 66/200	Train Loss: 1.4356	Val Accuracy: 35.88
Training Epoch: 67/200	Train Loss: 1.8373	Val Accuracy: 35.88
Training Epoch: 68/200	Train Loss: 1.4772	Val Accuracy: 35.62
Training Epoch: 69/200	Train Loss: 1.7335	Val Accuracy: 35.62
Training Epoch: 70/200	Train Loss: 1.3779	Val Accuracy: 35.62
Training Epoch: 71/200	Train Loss: 1.5312	Val Accuracy: 35.62
Training Epoch: 72/200	Train Loss: 1.4564	Val Accuracy: 36.8
Training Epoch: 73/200	Train Loss: 1.4993	Val Accuracy: 36.8
Training Epoch: 74/200	Train Loss: 2.0387	Val Accuracy: 35.28
Training Epoch: 75/200	Train Loss: 1.4845	Val Accuracy: 35.28
Training Epoch: 76/200	Train Loss: 1.2211	Val Accuracy: 36.94
Training Epoch: 77/200	Train Loss: 1.4956	Val Accuracy: 36.94
Training Epoch: 78/200	Train Loss: 1.2585	Val Accuracy: 36.38
Training Epoch: 79/200	Train Loss: 1.1494	Val Accuracy: 36.38
Training Epoch: 80/200	Train Loss: 1.4055	Val Accuracy: 35.46
Training Epoch: 81/200	Train Loss: 1.1501	Val Accuracy: 35.46
Training Epoch: 82/200	Train Loss: 1.2693	Val Accuracy: 37.2
Training Epoch: 83/200	Train Loss: 1.1792	Val Accuracy: 37.2
Training Epoch: 84/200	Train Loss: 1.1838	Val Accuracy: 38.1
Training Epoch: 85/200	Train Loss: 1.002	Val Accuracy: 38.1
Training Epoch: 86/200	Train Loss: 1.9575	Val Accuracy: 37.32
Training Epoch: 87/200	Train Loss: 1.0748	Val Accuracy: 37.32
Training Epoch: 88/200	Train Loss: 1.5285	Val Accuracy: 37.68
Training Epoch: 89/200	Train Loss: 1.1711	Val Accuracy: 37.68
Training Epoch: 90/200	Train Loss: 1.7105	Val Accuracy: 39.26
Training Epoch: 91/200	Train Loss: 0.8998	Val Accuracy: 39.26
Training Epoch: 92/200	Train Loss: 0.9314	Val Accuracy: 37.52
Training Epoch: 93/200	Train Loss: 1.3137	Val Accuracy: 37.52
Training Epoch: 94/200	Train Loss: 1.2047	Val Accuracy: 36.76
Training Epoch: 95/200	Train Loss: 1.1389	Val Accuracy: 36.76
Training Epoch: 96/200	Train Loss: 1.0976	Val Accuracy: 37.1
Training Epoch: 97/200	Train Loss: 1.0911	Val Accuracy: 37.1
Training Epoch: 98/200	Train Loss: 0.8718	Val Accuracy: 38.9
Training Epoch: 99/200	Train Loss: 0.9202	Val Accuracy: 38.9
Training Epoch: 100/200	Train Loss: 0.9959	Val Accuracy: 37.86
Training Epoch: 101/200	Train Loss: 0.8383	Val Accuracy: 37.86
Training Epoch: 102/200	Train Loss: 0.632	Val Accuracy: 36.8
Training Epoch: 103/200	Train Loss: 0.8215	Val Accuracy: 36.8
Training Epoch: 104/200	Train Loss: 1.5152	Val Accuracy: 38.1
Training Epoch: 105/200	Train Loss: 1.0673	Val Accuracy: 38.1
Training Epoch: 106/200	Train Loss: 0.5931	Val Accuracy: 37.16
Training Epoch: 107/200	Train Loss: 0.8792	Val Accuracy: 37.16
Training Epoch: 108/200	Train Loss: 0.6529	Val Accuracy: 38.8
Training Epoch: 109/200	Train Loss: 1.0171	Val Accuracy: 38.8
Training Epoch: 110/200	Train Loss: 0.5645	Val Accuracy: 38.06
Training Epoch: 111/200	Train Loss: 0.7653	Val Accuracy: 38.06
Training Epoch: 112/200	Train Loss: 1.0863	Val Accuracy: 37.08
Training Epoch: 113/200	Train Loss: 0.4804	Val Accuracy: 37.08
Training Epoch: 114/200	Train Loss: 1.32	Val Accuracy: 36.8
Training Epoch: 115/200	Train Loss: 0.9459	Val Accuracy: 36.8
Training Epoch: 116/200	Train Loss: 0.6112	Val Accuracy: 37.9
Training Epoch: 117/200	Train Loss: 0.3499	Val Accuracy: 37.9
Training Epoch: 118/200	Train Loss: 0.6457	Val Accuracy: 36.74
Training Epoch: 119/200	Train Loss: 0.884	Val Accuracy: 36.74
Training Epoch: 120/200	Train Loss: 0.8603	Val Accuracy: 37.2
Training Epoch: 121/200	Train Loss: 0.5725	Val Accuracy: 37.2
Training Epoch: 122/200	Train Loss: 0.6231	Val Accuracy: 38.82
Training Epoch: 123/200	Train Loss: 0.9533	Val Accuracy: 38.82
Training Epoch: 124/200	Train Loss: 0.508	Val Accuracy: 38.94
Training Epoch: 125/200	Train Loss: 0.6014	Val Accuracy: 38.94
Training Epoch: 126/200	Train Loss: 0.3053	Val Accuracy: 38.26
Training Epoch: 127/200	Train Loss: 0.5359	Val Accuracy: 38.26
Training Epoch: 128/200	Train Loss: 0.4685	Val Accuracy: 38.32
Training Epoch: 129/200	Train Loss: 0.3698	Val Accuracy: 38.32
Training Epoch: 130/200	Train Loss: 0.2815	Val Accuracy: 39.28
Training Epoch: 131/200	Train Loss: 1.1584	Val Accuracy: 39.28
Training Epoch: 132/200	Train Loss: 0.3591	Val Accuracy: 38.88
Training Epoch: 133/200	Train Loss: 0.2579	Val Accuracy: 38.88
Training Epoch: 134/200	Train Loss: 0.2317	Val Accuracy: 36.9
Training Epoch: 135/200	Train Loss: 0.2635	Val Accuracy: 36.9
Training Epoch: 136/200	Train Loss: 0.2801	Val Accuracy: 38.18
Training Epoch: 137/200	Train Loss: 0.3077	Val Accuracy: 38.18
Training Epoch: 138/200	Train Loss: 0.4009	Val Accuracy: 38.38
Training Epoch: 139/200	Train Loss: 0.2002	Val Accuracy: 38.38
Training Epoch: 140/200	Train Loss: 0.1877	Val Accuracy: 38.96
Training Epoch: 141/200	Train Loss: 0.4128	Val Accuracy: 38.96
Training Epoch: 142/200	Train Loss: 0.3463	Val Accuracy: 38.36
Training Epoch: 143/200	Train Loss: 0.2807	Val Accuracy: 38.36
Training Epoch: 144/200	Train Loss: 0.2776	Val Accuracy: 39.14
Training Epoch: 145/200	Train Loss: 0.2342	Val Accuracy: 39.14
Training Epoch: 146/200	Train Loss: 0.1574	Val Accuracy: 37.68
Training Epoch: 147/200	Train Loss: 0.4034	Val Accuracy: 37.68
Training Epoch: 148/200	Train Loss: 0.635	Val Accuracy: 38.24
Training Epoch: 149/200	Train Loss: 0.2308	Val Accuracy: 38.24
Training Epoch: 150/200	Train Loss: 0.5116	Val Accuracy: 38.2
Training Epoch: 151/200	Train Loss: 0.2233	Val Accuracy: 38.2
Training Epoch: 152/200	Train Loss: 0.2424	Val Accuracy: 39.04
Training Epoch: 153/200	Train Loss: 0.2344	Val Accuracy: 39.04
Training Epoch: 154/200	Train Loss: 0.2022	Val Accuracy: 37.56
Training Epoch: 155/200	Train Loss: 0.3052	Val Accuracy: 37.56
Training Epoch: 156/200	Train Loss: 0.2371	Val Accuracy: 38.74
Training Epoch: 157/200	Train Loss: 0.296	Val Accuracy: 38.74
Training Epoch: 158/200	Train Loss: 0.2914	Val Accuracy: 38.54
Training Epoch: 159/200	Train Loss: 0.4336	Val Accuracy: 38.54
Training Epoch: 160/200	Train Loss: 0.1595	Val Accuracy: 39.02
Training Epoch: 161/200	Train Loss: 0.3972	Val Accuracy: 39.02
Training Epoch: 162/200	Train Loss: 0.2974	Val Accuracy: 38.86
Training Epoch: 163/200	Train Loss: 0.1706	Val Accuracy: 38.86
Training Epoch: 164/200	Train Loss: 0.1363	Val Accuracy: 38.5
Training Epoch: 165/200	Train Loss: 0.2395	Val Accuracy: 38.5
Training Epoch: 166/200	Train Loss: 0.1164	Val Accuracy: 37.94
Training Epoch: 167/200	Train Loss: 0.1028	Val Accuracy: 37.94
Training Epoch: 168/200	Train Loss: 0.1629	Val Accuracy: 38.88
Training Epoch: 169/200	Train Loss: 0.1574	Val Accuracy: 38.88
Training Epoch: 170/200	Train Loss: 0.6103	Val Accuracy: 38.84
Training Epoch: 171/200	Train Loss: 0.1283	Val Accuracy: 38.84
Training Epoch: 172/200	Train Loss: 0.0865	Val Accuracy: 38.1
Training Epoch: 173/200	Train Loss: 0.0398	Val Accuracy: 38.1
Training Epoch: 174/200	Train Loss: 0.1346	Val Accuracy: 39.2
Training Epoch: 175/200	Train Loss: 0.1281	Val Accuracy: 39.2
Training Epoch: 176/200	Train Loss: 0.1371	Val Accuracy: 38.74
Training Epoch: 177/200	Train Loss: 0.2938	Val Accuracy: 38.74
Training Epoch: 178/200	Train Loss: 0.0928	Val Accuracy: 39.0
Training Epoch: 179/200	Train Loss: 0.0858	Val Accuracy: 39.0
Training Epoch: 180/200	Train Loss: 0.1603	Val Accuracy: 38.6
Training Epoch: 181/200	Train Loss: 0.2791	Val Accuracy: 38.6
Training Epoch: 182/200	Train Loss: 0.0471	Val Accuracy: 39.28
Training Epoch: 183/200	Train Loss: 0.0804	Val Accuracy: 39.28
Training Epoch: 184/200	Train Loss: 0.0591	Val Accuracy: 39.14
Training Epoch: 185/200	Train Loss: 0.196	Val Accuracy: 39.14
Training Epoch: 186/200	Train Loss: 0.1069	Val Accuracy: 38.4
Training Epoch: 187/200	Train Loss: 0.1444	Val Accuracy: 38.4
Training Epoch: 188/200	Train Loss: 0.0984	Val Accuracy: 38.22
Training Epoch: 189/200	Train Loss: 0.3091	Val Accuracy: 38.22
Training Epoch: 190/200	Train Loss: 0.1214	Val Accuracy: 39.04
Training Epoch: 191/200	Train Loss: 0.2051	Val Accuracy: 39.04
Training Epoch: 192/200	Train Loss: 0.1282	Val Accuracy: 39.46
Training Epoch: 193/200	Train Loss: 0.2942	Val Accuracy: 39.46
Training Epoch: 194/200	Train Loss: 0.1183	Val Accuracy: 38.56
Training Epoch: 195/200	Train Loss: 0.1156	Val Accuracy: 38.56
Training Epoch: 196/200	Train Loss: 0.067	Val Accuracy: 38.42
Training Epoch: 197/200	Train Loss: 0.09	Val Accuracy: 38.42
Training Epoch: 198/200	Train Loss: 0.7328	Val Accuracy: 38.06
Training Epoch: 199/200	Train Loss: 0.2919	Val Accuracy: 38.06
Training Epoch: 200/200	Train Loss: 0.0674	Val Accuracy: 38.64

Wrote Best Model Checkpoint to: vlBest_acc_39_model_epoch_0192.pyth

Best Validation Accuracy: 39.46
Best Epoch: 192

======== TESTING ========

Test Accuracy: 38.96.

======== ACTIVE SAMPLING ========

len(uSetLoader): 439
u_ranks.shape: (43850,)
Active Sampling Complete. After Episode 22:
New Labeled Set: 1200, New Unlabeled Set: 43800, Active Set: 50

================================


Current accuracy values:  [18.319999999999993, 20.549999999999997, 17.75, 27.439999122619625, 21.25, 27.689999504089357, 28.389999389648438, 29.679999504089352, 29.91999935150146, 33.68999908447266, 32.22999935150146, 29.519999160766602, 29.60999935150147, 32.679999351501465, 32.94999954223633, 35.389999580383304, 33.519998970031736, 37.81999897003174, 33.34999889373779, 41.91999900817871, 40.42999904632568, 37.489998741149904, 38.95999885559082]
Starting model from scratch - ignoring existing weights.
<All keys matched successfully>
None
======== EPISODE 23 BEGINS ========

======== TRAINING ========
Training Epoch: 1/200	Train Loss: 7.2808	Val Accuracy: 0.0
Training Epoch: 2/200	Train Loss: 6.8249	Val Accuracy: 12.36
Training Epoch: 3/200	Train Loss: 2.7831	Val Accuracy: 12.36
Training Epoch: 4/200	Train Loss: 4.2347	Val Accuracy: 9.8
Training Epoch: 5/200	Train Loss: 3.6297	Val Accuracy: 9.8
Training Epoch: 6/200	Train Loss: 3.212	Val Accuracy: 9.72
Training Epoch: 7/200	Train Loss: 5.2458	Val Accuracy: 9.72
Training Epoch: 8/200	Train Loss: 2.7176	Val Accuracy: 9.88
Training Epoch: 9/200	Train Loss: 3.344	Val Accuracy: 9.88
Training Epoch: 10/200	Train Loss: 3.0682	Val Accuracy: 9.98
Training Epoch: 11/200	Train Loss: 2.8791	Val Accuracy: 9.98
Training Epoch: 12/200	Train Loss: 2.6474	Val Accuracy: 12.04
Training Epoch: 13/200	Train Loss: 4.0474	Val Accuracy: 12.04
Training Epoch: 14/200	Train Loss: 2.3355	Val Accuracy: 11.76
Training Epoch: 15/200	Train Loss: 3.8456	Val Accuracy: 11.76
Training Epoch: 16/200	Train Loss: 2.9194	Val Accuracy: 10.14
Training Epoch: 17/200	Train Loss: 3.0631	Val Accuracy: 10.14
Training Epoch: 18/200	Train Loss: 2.8344	Val Accuracy: 10.54
Training Epoch: 19/200	Train Loss: 2.2952	Val Accuracy: 10.54
Training Epoch: 20/200	Train Loss: 2.2158	Val Accuracy: 15.36
Training Epoch: 21/200	Train Loss: 2.3053	Val Accuracy: 15.36
Training Epoch: 22/200	Train Loss: 2.4748	Val Accuracy: 15.2
Training Epoch: 23/200	Train Loss: 4.0804	Val Accuracy: 15.2
Training Epoch: 24/200	Train Loss: 2.2687	Val Accuracy: 18.54
Training Epoch: 25/200	Train Loss: 2.1661	Val Accuracy: 18.54
Training Epoch: 26/200	Train Loss: 2.1002	Val Accuracy: 18.7
Training Epoch: 27/200	Train Loss: 2.0734	Val Accuracy: 18.7
Training Epoch: 28/200	Train Loss: 3.3575	Val Accuracy: 21.14
Training Epoch: 29/200	Train Loss: 2.4804	Val Accuracy: 21.14
Training Epoch: 30/200	Train Loss: 3.1994	Val Accuracy: 24.62
Training Epoch: 31/200	Train Loss: 3.2429	Val Accuracy: 24.62
Training Epoch: 32/200	Train Loss: 1.9115	Val Accuracy: 26.72
Training Epoch: 33/200	Train Loss: 1.9822	Val Accuracy: 26.72
Training Epoch: 34/200	Train Loss: 2.7323	Val Accuracy: 25.16
Training Epoch: 35/200	Train Loss: 1.8716	Val Accuracy: 25.16
Training Epoch: 36/200	Train Loss: 2.6071	Val Accuracy: 26.86
Training Epoch: 37/200	Train Loss: 2.6307	Val Accuracy: 26.86
Training Epoch: 38/200	Train Loss: 1.864	Val Accuracy: 26.84
Training Epoch: 39/200	Train Loss: 1.8566	Val Accuracy: 26.84
Training Epoch: 40/200	Train Loss: 2.4692	Val Accuracy: 25.92
Training Epoch: 41/200	Train Loss: 1.8663	Val Accuracy: 25.92
Training Epoch: 42/200	Train Loss: 2.2082	Val Accuracy: 30.34
Training Epoch: 43/200	Train Loss: 1.9613	Val Accuracy: 30.34
Training Epoch: 44/200	Train Loss: 2.4299	Val Accuracy: 29.0
Training Epoch: 45/200	Train Loss: 2.1367	Val Accuracy: 29.0
Training Epoch: 46/200	Train Loss: 2.3959	Val Accuracy: 20.92
Training Epoch: 47/200	Train Loss: 2.3467	Val Accuracy: 20.92
Training Epoch: 48/200	Train Loss: 2.2511	Val Accuracy: 29.84
Training Epoch: 49/200	Train Loss: 2.544	Val Accuracy: 29.84
Training Epoch: 50/200	Train Loss: 1.8152	Val Accuracy: 30.34
Training Epoch: 51/200	Train Loss: 2.0308	Val Accuracy: 30.34
Training Epoch: 52/200	Train Loss: 1.8174	Val Accuracy: 29.42
Training Epoch: 53/200	Train Loss: 2.1265	Val Accuracy: 29.42
Training Epoch: 54/200	Train Loss: 2.3065	Val Accuracy: 32.54
Training Epoch: 55/200	Train Loss: 2.337	Val Accuracy: 32.54
Training Epoch: 56/200	Train Loss: 2.7978	Val Accuracy: 31.46
Training Epoch: 57/200	Train Loss: 1.8963	Val Accuracy: 31.46
Training Epoch: 58/200	Train Loss: 1.7781	Val Accuracy: 31.4
Training Epoch: 59/200	Train Loss: 2.5508	Val Accuracy: 31.4
Training Epoch: 60/200	Train Loss: 1.4161	Val Accuracy: 30.98
Training Epoch: 61/200	Train Loss: 1.6639	Val Accuracy: 30.98
Training Epoch: 62/200	Train Loss: 1.8955	Val Accuracy: 31.3
Training Epoch: 63/200	Train Loss: 1.412	Val Accuracy: 31.3
Training Epoch: 64/200	Train Loss: 1.5176	Val Accuracy: 33.08
Training Epoch: 65/200	Train Loss: 1.6939	Val Accuracy: 33.08
Training Epoch: 66/200	Train Loss: 1.6393	Val Accuracy: 32.56
Training Epoch: 67/200	Train Loss: 1.3102	Val Accuracy: 32.56
Training Epoch: 68/200	Train Loss: 1.6105	Val Accuracy: 33.26
Training Epoch: 69/200	Train Loss: 1.9327	Val Accuracy: 33.26
Training Epoch: 70/200	Train Loss: 2.1418	Val Accuracy: 31.3
Training Epoch: 71/200	Train Loss: 1.4133	Val Accuracy: 31.3
Training Epoch: 72/200	Train Loss: 1.9596	Val Accuracy: 34.26
Training Epoch: 73/200	Train Loss: 1.5319	Val Accuracy: 34.26
Training Epoch: 74/200	Train Loss: 1.201	Val Accuracy: 31.82
Training Epoch: 75/200	Train Loss: 1.5714	Val Accuracy: 31.82
Training Epoch: 76/200	Train Loss: 1.3786	Val Accuracy: 33.48
Training Epoch: 77/200	Train Loss: 1.4246	Val Accuracy: 33.48
Training Epoch: 78/200	Train Loss: 1.4648	Val Accuracy: 32.86
Training Epoch: 79/200	Train Loss: 1.3308	Val Accuracy: 32.86
Training Epoch: 80/200	Train Loss: 1.3671	Val Accuracy: 33.9
Training Epoch: 81/200	Train Loss: 1.3836	Val Accuracy: 33.9
Training Epoch: 82/200	Train Loss: 1.5499	Val Accuracy: 33.14
Training Epoch: 83/200	Train Loss: 1.3718	Val Accuracy: 33.14
Training Epoch: 84/200	Train Loss: 1.1328	Val Accuracy: 32.78
Training Epoch: 85/200	Train Loss: 1.2134	Val Accuracy: 32.78
Training Epoch: 86/200	Train Loss: 1.2841	Val Accuracy: 34.3
Training Epoch: 87/200	Train Loss: 1.3838	Val Accuracy: 34.3
Training Epoch: 88/200	Train Loss: 1.0991	Val Accuracy: 32.92
Training Epoch: 89/200	Train Loss: 0.9189	Val Accuracy: 32.92
Training Epoch: 90/200	Train Loss: 0.9666	Val Accuracy: 34.72
Training Epoch: 91/200	Train Loss: 1.2748	Val Accuracy: 34.72
Training Epoch: 92/200	Train Loss: 1.2144	Val Accuracy: 34.8
Training Epoch: 93/200	Train Loss: 1.0469	Val Accuracy: 34.8
Training Epoch: 94/200	Train Loss: 1.22	Val Accuracy: 32.96
Training Epoch: 95/200	Train Loss: 0.8488	Val Accuracy: 32.96
Training Epoch: 96/200	Train Loss: 1.14	Val Accuracy: 33.32
Training Epoch: 97/200	Train Loss: 0.928	Val Accuracy: 33.32
Training Epoch: 98/200	Train Loss: 0.9494	Val Accuracy: 34.22
Training Epoch: 99/200	Train Loss: 1.5089	Val Accuracy: 34.22
Training Epoch: 100/200	Train Loss: 1.0782	Val Accuracy: 34.64
Training Epoch: 101/200	Train Loss: 0.7713	Val Accuracy: 34.64
Training Epoch: 102/200	Train Loss: 0.7562	Val Accuracy: 34.68
Training Epoch: 103/200	Train Loss: 0.8002	Val Accuracy: 34.68
Training Epoch: 104/200	Train Loss: 0.485	Val Accuracy: 33.88
Training Epoch: 105/200	Train Loss: 0.6658	Val Accuracy: 33.88
Training Epoch: 106/200	Train Loss: 0.6034	Val Accuracy: 34.38
Training Epoch: 107/200	Train Loss: 0.9587	Val Accuracy: 34.38
Training Epoch: 108/200	Train Loss: 0.6032	Val Accuracy: 34.64
Training Epoch: 109/200	Train Loss: 0.6131	Val Accuracy: 34.64
Training Epoch: 110/200	Train Loss: 0.7174	Val Accuracy: 35.18
Training Epoch: 111/200	Train Loss: 0.4455	Val Accuracy: 35.18
Training Epoch: 112/200	Train Loss: 0.7062	Val Accuracy: 34.42
Training Epoch: 113/200	Train Loss: 0.6888	Val Accuracy: 34.42
Training Epoch: 114/200	Train Loss: 0.4189	Val Accuracy: 34.6
Training Epoch: 115/200	Train Loss: 0.4171	Val Accuracy: 34.6
Training Epoch: 116/200	Train Loss: 0.8545	Val Accuracy: 34.24
Training Epoch: 117/200	Train Loss: 0.8903	Val Accuracy: 34.24
Training Epoch: 118/200	Train Loss: 0.5775	Val Accuracy: 34.98
Training Epoch: 119/200	Train Loss: 0.5917	Val Accuracy: 34.98
Training Epoch: 120/200	Train Loss: 0.4497	Val Accuracy: 35.7
Training Epoch: 121/200	Train Loss: 0.5446	Val Accuracy: 35.7
Training Epoch: 122/200	Train Loss: 0.4946	Val Accuracy: 33.24
Training Epoch: 123/200	Train Loss: 0.6429	Val Accuracy: 33.24
Training Epoch: 124/200	Train Loss: 0.4741	Val Accuracy: 33.72
Training Epoch: 125/200	Train Loss: 0.4544	Val Accuracy: 33.72
Training Epoch: 126/200	Train Loss: 0.4676	Val Accuracy: 34.8
Training Epoch: 127/200	Train Loss: 0.5718	Val Accuracy: 34.8
Training Epoch: 128/200	Train Loss: 0.4129	Val Accuracy: 35.5
Training Epoch: 129/200	Train Loss: 0.2554	Val Accuracy: 35.5
Training Epoch: 130/200	Train Loss: 0.2221	Val Accuracy: 34.2
Training Epoch: 131/200	Train Loss: 0.4362	Val Accuracy: 34.2
Training Epoch: 132/200	Train Loss: 0.3251	Val Accuracy: 34.86
Training Epoch: 133/200	Train Loss: 0.3695	Val Accuracy: 34.86
Training Epoch: 134/200	Train Loss: 0.2042	Val Accuracy: 35.04
Training Epoch: 135/200	Train Loss: 0.4223	Val Accuracy: 35.04
Training Epoch: 136/200	Train Loss: 0.1663	Val Accuracy: 33.68
Training Epoch: 137/200	Train Loss: 0.2081	Val Accuracy: 33.68
Training Epoch: 138/200	Train Loss: 0.2266	Val Accuracy: 34.28
Training Epoch: 139/200	Train Loss: 0.5968	Val Accuracy: 34.28
Training Epoch: 140/200	Train Loss: 0.3795	Val Accuracy: 35.3
Training Epoch: 141/200	Train Loss: 0.2153	Val Accuracy: 35.3
Training Epoch: 142/200	Train Loss: 0.1714	Val Accuracy: 34.14
Training Epoch: 143/200	Train Loss: 0.2197	Val Accuracy: 34.14
Training Epoch: 144/200	Train Loss: 0.4705	Val Accuracy: 34.74
Training Epoch: 145/200	Train Loss: 0.1526	Val Accuracy: 34.74
Training Epoch: 146/200	Train Loss: 0.5687	Val Accuracy: 34.98
Training Epoch: 147/200	Train Loss: 0.3212	Val Accuracy: 34.98
Training Epoch: 148/200	Train Loss: 0.3845	Val Accuracy: 34.82
Training Epoch: 149/200	Train Loss: 0.3483	Val Accuracy: 34.82
Training Epoch: 150/200	Train Loss: 0.2863	Val Accuracy: 34.26
Training Epoch: 151/200	Train Loss: 0.1575	Val Accuracy: 34.26
Training Epoch: 152/200	Train Loss: 0.1081	Val Accuracy: 35.34
Training Epoch: 153/200	Train Loss: 0.1742	Val Accuracy: 35.34
Training Epoch: 154/200	Train Loss: 0.1457	Val Accuracy: 35.4
Training Epoch: 155/200	Train Loss: 0.0778	Val Accuracy: 35.4
Training Epoch: 156/200	Train Loss: 0.14	Val Accuracy: 35.16
Training Epoch: 157/200	Train Loss: 0.3418	Val Accuracy: 35.16
Training Epoch: 158/200	Train Loss: 0.1025	Val Accuracy: 35.44
Training Epoch: 159/200	Train Loss: 0.1086	Val Accuracy: 35.44
Training Epoch: 160/200	Train Loss: 0.1784	Val Accuracy: 36.7
Training Epoch: 161/200	Train Loss: 0.1639	Val Accuracy: 36.7
Training Epoch: 162/200	Train Loss: 0.1719	Val Accuracy: 35.66
Training Epoch: 163/200	Train Loss: 0.0685	Val Accuracy: 35.66
Training Epoch: 164/200	Train Loss: 0.6043	Val Accuracy: 35.68
Training Epoch: 165/200	Train Loss: 0.2671	Val Accuracy: 35.68
Training Epoch: 166/200	Train Loss: 0.1094	Val Accuracy: 35.42
Training Epoch: 167/200	Train Loss: 0.2245	Val Accuracy: 35.42
Training Epoch: 168/200	Train Loss: 0.0986	Val Accuracy: 35.54
Training Epoch: 169/200	Train Loss: 0.0729	Val Accuracy: 35.54
Training Epoch: 170/200	Train Loss: 0.0839	Val Accuracy: 35.42
Training Epoch: 171/200	Train Loss: 0.114	Val Accuracy: 35.42
Training Epoch: 172/200	Train Loss: 0.2006	Val Accuracy: 35.54
Training Epoch: 173/200	Train Loss: 0.1626	Val Accuracy: 35.54
Training Epoch: 174/200	Train Loss: 0.158	Val Accuracy: 36.42
Training Epoch: 175/200	Train Loss: 0.1361	Val Accuracy: 36.42
Training Epoch: 176/200	Train Loss: 0.1662	Val Accuracy: 35.76
Training Epoch: 177/200	Train Loss: 0.1209	Val Accuracy: 35.76
Training Epoch: 178/200	Train Loss: 0.2964	Val Accuracy: 36.08
Training Epoch: 179/200	Train Loss: 0.0326	Val Accuracy: 36.08
Training Epoch: 180/200	Train Loss: 0.0687	Val Accuracy: 36.14
Training Epoch: 181/200	Train Loss: 0.1819	Val Accuracy: 36.14
Training Epoch: 182/200	Train Loss: 0.2055	Val Accuracy: 35.14
Training Epoch: 183/200	Train Loss: 0.2082	Val Accuracy: 35.14
Training Epoch: 184/200	Train Loss: 0.1984	Val Accuracy: 35.52
Training Epoch: 185/200	Train Loss: 0.1355	Val Accuracy: 35.52
Training Epoch: 186/200	Train Loss: 0.1549	Val Accuracy: 35.52
Training Epoch: 187/200	Train Loss: 0.1457	Val Accuracy: 35.52
Training Epoch: 188/200	Train Loss: 0.2288	Val Accuracy: 36.56
Training Epoch: 189/200	Train Loss: 0.1693	Val Accuracy: 36.56
Training Epoch: 190/200	Train Loss: 0.0793	Val Accuracy: 35.92
Training Epoch: 191/200	Train Loss: 0.1707	Val Accuracy: 35.92
Training Epoch: 192/200	Train Loss: 0.0166	Val Accuracy: 35.54
Training Epoch: 193/200	Train Loss: 0.2025	Val Accuracy: 35.54
Training Epoch: 194/200	Train Loss: 0.0684	Val Accuracy: 35.84
Training Epoch: 195/200	Train Loss: 0.0459	Val Accuracy: 35.84
Training Epoch: 196/200	Train Loss: 0.3065	Val Accuracy: 35.8
Training Epoch: 197/200	Train Loss: 0.3604	Val Accuracy: 35.8
Training Epoch: 198/200	Train Loss: 0.1308	Val Accuracy: 36.36
Training Epoch: 199/200	Train Loss: 0.2211	Val Accuracy: 36.36
Training Epoch: 200/200	Train Loss: 0.2174	Val Accuracy: 35.9

Wrote Best Model Checkpoint to: vlBest_acc_36_model_epoch_0160.pyth

Best Validation Accuracy: 36.7
Best Epoch: 160

======== TESTING ========

Test Accuracy: 35.98.

======== ACTIVE SAMPLING ========

len(uSetLoader): 438
u_ranks.shape: (43800,)
Active Sampling Complete. After Episode 23:
New Labeled Set: 1250, New Unlabeled Set: 43750, Active Set: 50

================================


Current accuracy values:  [18.319999999999993, 20.549999999999997, 17.75, 27.439999122619625, 21.25, 27.689999504089357, 28.389999389648438, 29.679999504089352, 29.91999935150146, 33.68999908447266, 32.22999935150146, 29.519999160766602, 29.60999935150147, 32.679999351501465, 32.94999954223633, 35.389999580383304, 33.519998970031736, 37.81999897003174, 33.34999889373779, 41.91999900817871, 40.42999904632568, 37.489998741149904, 38.95999885559082, 35.97999912261963]
Starting model from scratch - ignoring existing weights.
<All keys matched successfully>
None
======== EPISODE 24 BEGINS ========

======== TRAINING ========
Training Epoch: 1/200	Train Loss: 4.0496	Val Accuracy: 0.0
Training Epoch: 2/200	Train Loss: 5.5578	Val Accuracy: 9.44
Training Epoch: 3/200	Train Loss: 5.0916	Val Accuracy: 9.44
Training Epoch: 4/200	Train Loss: 4.3115	Val Accuracy: 9.68
Training Epoch: 5/200	Train Loss: 3.5865	Val Accuracy: 9.68
Training Epoch: 6/200	Train Loss: 2.572	Val Accuracy: 13.04
Training Epoch: 7/200	Train Loss: 2.59	Val Accuracy: 13.04
Training Epoch: 8/200	Train Loss: 3.8403	Val Accuracy: 14.48
Training Epoch: 9/200	Train Loss: 2.478	Val Accuracy: 14.48
Training Epoch: 10/200	Train Loss: 2.2548	Val Accuracy: 16.4
Training Epoch: 11/200	Train Loss: 3.3523	Val Accuracy: 16.4
Training Epoch: 12/200	Train Loss: 2.2191	Val Accuracy: 16.92
Training Epoch: 13/200	Train Loss: 2.4694	Val Accuracy: 16.92
Training Epoch: 14/200	Train Loss: 2.9672	Val Accuracy: 14.5
Training Epoch: 15/200	Train Loss: 4.0827	Val Accuracy: 14.5
Training Epoch: 16/200	Train Loss: 2.7456	Val Accuracy: 12.6
Training Epoch: 17/200	Train Loss: 3.1933	Val Accuracy: 12.6
Training Epoch: 18/200	Train Loss: 2.2528	Val Accuracy: 21.94
Training Epoch: 19/200	Train Loss: 2.0364	Val Accuracy: 21.94
Training Epoch: 20/200	Train Loss: 2.1949	Val Accuracy: 21.5
Training Epoch: 21/200	Train Loss: 2.6429	Val Accuracy: 21.5
Training Epoch: 22/200	Train Loss: 3.8767	Val Accuracy: 22.84
Training Epoch: 23/200	Train Loss: 3.2606	Val Accuracy: 22.84
Training Epoch: 24/200	Train Loss: 2.0349	Val Accuracy: 23.32
Training Epoch: 25/200	Train Loss: 2.4033	Val Accuracy: 23.32
Training Epoch: 26/200	Train Loss: 1.9117	Val Accuracy: 28.02
Training Epoch: 27/200	Train Loss: 2.0434	Val Accuracy: 28.02
Training Epoch: 28/200	Train Loss: 2.8401	Val Accuracy: 27.42
Training Epoch: 29/200	Train Loss: 2.2694	Val Accuracy: 27.42
Training Epoch: 30/200	Train Loss: 2.1097	Val Accuracy: 28.64
Training Epoch: 31/200	Train Loss: 3.0613	Val Accuracy: 28.64
Training Epoch: 32/200	Train Loss: 2.2779	Val Accuracy: 27.78
Training Epoch: 33/200	Train Loss: 2.2237	Val Accuracy: 27.78
Training Epoch: 34/200	Train Loss: 2.1767	Val Accuracy: 27.28
Training Epoch: 35/200	Train Loss: 2.2701	Val Accuracy: 27.28
Training Epoch: 36/200	Train Loss: 2.6208	Val Accuracy: 31.1
Training Epoch: 37/200	Train Loss: 2.3616	Val Accuracy: 31.1
Training Epoch: 38/200	Train Loss: 2.9597	Val Accuracy: 32.88
Training Epoch: 39/200	Train Loss: 2.3365	Val Accuracy: 32.88
Training Epoch: 40/200	Train Loss: 1.7392	Val Accuracy: 31.52
Training Epoch: 41/200	Train Loss: 1.868	Val Accuracy: 31.52
Training Epoch: 42/200	Train Loss: 1.5907	Val Accuracy: 30.36
Training Epoch: 43/200	Train Loss: 1.8433	Val Accuracy: 30.36
Training Epoch: 44/200	Train Loss: 2.2542	Val Accuracy: 34.26
Training Epoch: 45/200	Train Loss: 2.5719	Val Accuracy: 34.26
Training Epoch: 46/200	Train Loss: 1.889	Val Accuracy: 34.08
Training Epoch: 47/200	Train Loss: 1.8826	Val Accuracy: 34.08
Training Epoch: 48/200	Train Loss: 2.2697	Val Accuracy: 33.86
Training Epoch: 49/200	Train Loss: 1.6702	Val Accuracy: 33.86
Training Epoch: 50/200	Train Loss: 1.7983	Val Accuracy: 32.86
Training Epoch: 51/200	Train Loss: 1.6941	Val Accuracy: 32.86
Training Epoch: 52/200	Train Loss: 1.5585	Val Accuracy: 35.88
Training Epoch: 53/200	Train Loss: 1.6694	Val Accuracy: 35.88
Training Epoch: 54/200	Train Loss: 2.0348	Val Accuracy: 35.96
Training Epoch: 55/200	Train Loss: 1.54	Val Accuracy: 35.96
Training Epoch: 56/200	Train Loss: 1.4279	Val Accuracy: 36.94
Training Epoch: 57/200	Train Loss: 1.9186	Val Accuracy: 36.94
Training Epoch: 58/200	Train Loss: 1.4053	Val Accuracy: 36.7
Training Epoch: 59/200	Train Loss: 1.4386	Val Accuracy: 36.7
Training Epoch: 60/200	Train Loss: 1.5684	Val Accuracy: 37.86
Training Epoch: 61/200	Train Loss: 1.8962	Val Accuracy: 37.86
Training Epoch: 62/200	Train Loss: 1.7513	Val Accuracy: 36.26
Training Epoch: 63/200	Train Loss: 1.6067	Val Accuracy: 36.26
Training Epoch: 64/200	Train Loss: 1.5884	Val Accuracy: 36.36
Training Epoch: 65/200	Train Loss: 2.0123	Val Accuracy: 36.36
Training Epoch: 66/200	Train Loss: 1.3848	Val Accuracy: 38.14
Training Epoch: 67/200	Train Loss: 1.4754	Val Accuracy: 38.14
Training Epoch: 68/200	Train Loss: 1.8173	Val Accuracy: 38.58
Training Epoch: 69/200	Train Loss: 1.5737	Val Accuracy: 38.58
Training Epoch: 70/200	Train Loss: 1.4659	Val Accuracy: 37.28
Training Epoch: 71/200	Train Loss: 1.4049	Val Accuracy: 37.28
Training Epoch: 72/200	Train Loss: 1.5146	Val Accuracy: 37.3
Training Epoch: 73/200	Train Loss: 1.3596	Val Accuracy: 37.3
Training Epoch: 74/200	Train Loss: 1.4563	Val Accuracy: 36.02
Training Epoch: 75/200	Train Loss: 1.3744	Val Accuracy: 36.02
Training Epoch: 76/200	Train Loss: 1.1106	Val Accuracy: 40.08
Training Epoch: 77/200	Train Loss: 1.1544	Val Accuracy: 40.08
Training Epoch: 78/200	Train Loss: 2.1003	Val Accuracy: 38.5
Training Epoch: 79/200	Train Loss: 1.3137	Val Accuracy: 38.5
Training Epoch: 80/200	Train Loss: 1.2341	Val Accuracy: 37.46
Training Epoch: 81/200	Train Loss: 1.5656	Val Accuracy: 37.46
Training Epoch: 82/200	Train Loss: 1.0444	Val Accuracy: 37.46
Training Epoch: 83/200	Train Loss: 1.1156	Val Accuracy: 37.46
Training Epoch: 84/200	Train Loss: 0.9283	Val Accuracy: 37.16
Training Epoch: 85/200	Train Loss: 1.053	Val Accuracy: 37.16
Training Epoch: 86/200	Train Loss: 1.0579	Val Accuracy: 37.8
Training Epoch: 87/200	Train Loss: 0.9373	Val Accuracy: 37.8
Training Epoch: 88/200	Train Loss: 0.9657	Val Accuracy: 36.88
Training Epoch: 89/200	Train Loss: 1.9642	Val Accuracy: 36.88
Training Epoch: 90/200	Train Loss: 1.7902	Val Accuracy: 39.42
Training Epoch: 91/200	Train Loss: 1.6086	Val Accuracy: 39.42
Training Epoch: 92/200	Train Loss: 0.9358	Val Accuracy: 38.66
Training Epoch: 93/200	Train Loss: 0.986	Val Accuracy: 38.66
Training Epoch: 94/200	Train Loss: 0.6811	Val Accuracy: 38.06
Training Epoch: 95/200	Train Loss: 1.4621	Val Accuracy: 38.06
Training Epoch: 96/200	Train Loss: 1.001	Val Accuracy: 39.06
Training Epoch: 97/200	Train Loss: 1.0204	Val Accuracy: 39.06
Training Epoch: 98/200	Train Loss: 0.9197	Val Accuracy: 38.74
Training Epoch: 99/200	Train Loss: 0.9944	Val Accuracy: 38.74
Training Epoch: 100/200	Train Loss: 1.2171	Val Accuracy: 38.12
Training Epoch: 101/200	Train Loss: 0.8094	Val Accuracy: 38.12
Training Epoch: 102/200	Train Loss: 0.5374	Val Accuracy: 38.26
Training Epoch: 103/200	Train Loss: 1.0259	Val Accuracy: 38.26
Training Epoch: 104/200	Train Loss: 0.7598	Val Accuracy: 38.14
Training Epoch: 105/200	Train Loss: 0.9197	Val Accuracy: 38.14
Training Epoch: 106/200	Train Loss: 0.5296	Val Accuracy: 39.82
Training Epoch: 107/200	Train Loss: 0.5408	Val Accuracy: 39.82
Training Epoch: 108/200	Train Loss: 0.5393	Val Accuracy: 40.26
Training Epoch: 109/200	Train Loss: 0.7497	Val Accuracy: 40.26
Training Epoch: 110/200	Train Loss: 0.9533	Val Accuracy: 39.04
Training Epoch: 111/200	Train Loss: 0.603	Val Accuracy: 39.04
Training Epoch: 112/200	Train Loss: 0.469	Val Accuracy: 40.68
Training Epoch: 113/200	Train Loss: 0.8246	Val Accuracy: 40.68
Training Epoch: 114/200	Train Loss: 0.9047	Val Accuracy: 39.62
Training Epoch: 115/200	Train Loss: 0.6854	Val Accuracy: 39.62
Training Epoch: 116/200	Train Loss: 0.5727	Val Accuracy: 38.76
Training Epoch: 117/200	Train Loss: 0.5002	Val Accuracy: 38.76
Training Epoch: 118/200	Train Loss: 0.2821	Val Accuracy: 39.5
Training Epoch: 119/200	Train Loss: 0.461	Val Accuracy: 39.5
Training Epoch: 120/200	Train Loss: 0.7243	Val Accuracy: 39.94
Training Epoch: 121/200	Train Loss: 0.8093	Val Accuracy: 39.94
Training Epoch: 122/200	Train Loss: 0.4179	Val Accuracy: 37.12
Training Epoch: 123/200	Train Loss: 0.8781	Val Accuracy: 37.12
Training Epoch: 124/200	Train Loss: 0.6574	Val Accuracy: 39.56
Training Epoch: 125/200	Train Loss: 0.3629	Val Accuracy: 39.56
Training Epoch: 126/200	Train Loss: 0.294	Val Accuracy: 38.74
Training Epoch: 127/200	Train Loss: 0.7728	Val Accuracy: 38.74
Training Epoch: 128/200	Train Loss: 0.2826	Val Accuracy: 37.46
Training Epoch: 129/200	Train Loss: 0.4328	Val Accuracy: 37.46
Training Epoch: 130/200	Train Loss: 0.5229	Val Accuracy: 40.02
Training Epoch: 131/200	Train Loss: 0.2065	Val Accuracy: 40.02
Training Epoch: 132/200	Train Loss: 0.6795	Val Accuracy: 38.56
Training Epoch: 133/200	Train Loss: 0.7793	Val Accuracy: 38.56
Training Epoch: 134/200	Train Loss: 0.819	Val Accuracy: 38.36
Training Epoch: 135/200	Train Loss: 0.3929	Val Accuracy: 38.36
Training Epoch: 136/200	Train Loss: 0.8785	Val Accuracy: 38.86
Training Epoch: 137/200	Train Loss: 0.6927	Val Accuracy: 38.86
Training Epoch: 138/200	Train Loss: 0.3768	Val Accuracy: 39.26
Training Epoch: 139/200	Train Loss: 0.3752	Val Accuracy: 39.26
Training Epoch: 140/200	Train Loss: 0.2764	Val Accuracy: 39.7
Training Epoch: 141/200	Train Loss: 0.3735	Val Accuracy: 39.7
Training Epoch: 142/200	Train Loss: 0.3338	Val Accuracy: 40.14
Training Epoch: 143/200	Train Loss: 0.2163	Val Accuracy: 40.14
Training Epoch: 144/200	Train Loss: 0.1639	Val Accuracy: 40.14
Training Epoch: 145/200	Train Loss: 0.4859	Val Accuracy: 40.14
Training Epoch: 146/200	Train Loss: 0.0825	Val Accuracy: 38.72
Training Epoch: 147/200	Train Loss: 0.138	Val Accuracy: 38.72
Training Epoch: 148/200	Train Loss: 0.2727	Val Accuracy: 39.42
Training Epoch: 149/200	Train Loss: 0.4921	Val Accuracy: 39.42
Training Epoch: 150/200	Train Loss: 0.4691	Val Accuracy: 39.4
Training Epoch: 151/200	Train Loss: 0.3102	Val Accuracy: 39.4
Training Epoch: 152/200	Train Loss: 0.2186	Val Accuracy: 40.48
Training Epoch: 153/200	Train Loss: 0.1896	Val Accuracy: 40.48
Training Epoch: 154/200	Train Loss: 0.1435	Val Accuracy: 40.24
Training Epoch: 155/200	Train Loss: 0.2604	Val Accuracy: 40.24
Training Epoch: 156/200	Train Loss: 0.3784	Val Accuracy: 41.3
Training Epoch: 157/200	Train Loss: 0.7046	Val Accuracy: 41.3
Training Epoch: 158/200	Train Loss: 0.1968	Val Accuracy: 40.1
Training Epoch: 159/200	Train Loss: 0.0938	Val Accuracy: 40.1
Training Epoch: 160/200	Train Loss: 0.1081	Val Accuracy: 40.18
Training Epoch: 161/200	Train Loss: 0.2434	Val Accuracy: 40.18
Training Epoch: 162/200	Train Loss: 0.726	Val Accuracy: 39.36
Training Epoch: 163/200	Train Loss: 0.1137	Val Accuracy: 39.36
Training Epoch: 164/200	Train Loss: 0.0797	Val Accuracy: 40.44
Training Epoch: 165/200	Train Loss: 0.3099	Val Accuracy: 40.44
Training Epoch: 166/200	Train Loss: 0.2586	Val Accuracy: 40.24
Training Epoch: 167/200	Train Loss: 0.1432	Val Accuracy: 40.24
Training Epoch: 168/200	Train Loss: 0.1043	Val Accuracy: 39.96
Training Epoch: 169/200	Train Loss: 0.1205	Val Accuracy: 39.96
Training Epoch: 170/200	Train Loss: 0.0798	Val Accuracy: 40.96
Training Epoch: 171/200	Train Loss: 0.0652	Val Accuracy: 40.96
Training Epoch: 172/200	Train Loss: 0.3143	Val Accuracy: 40.74
Training Epoch: 173/200	Train Loss: 0.2508	Val Accuracy: 40.74
Training Epoch: 174/200	Train Loss: 0.4561	Val Accuracy: 39.8
Training Epoch: 175/200	Train Loss: 0.2031	Val Accuracy: 39.8
Training Epoch: 176/200	Train Loss: 0.3986	Val Accuracy: 39.76
Training Epoch: 177/200	Train Loss: 0.0764	Val Accuracy: 39.76
Training Epoch: 178/200	Train Loss: 0.154	Val Accuracy: 40.78
Training Epoch: 179/200	Train Loss: 0.3199	Val Accuracy: 40.78
Training Epoch: 180/200	Train Loss: 0.2217	Val Accuracy: 39.82
Training Epoch: 181/200	Train Loss: 0.0206	Val Accuracy: 39.82
Training Epoch: 182/200	Train Loss: 0.1154	Val Accuracy: 39.62
Training Epoch: 183/200	Train Loss: 0.1412	Val Accuracy: 39.62
Training Epoch: 184/200	Train Loss: 0.3291	Val Accuracy: 40.24
Training Epoch: 185/200	Train Loss: 0.0745	Val Accuracy: 40.24
Training Epoch: 186/200	Train Loss: 0.0733	Val Accuracy: 39.46
Training Epoch: 187/200	Train Loss: 0.1126	Val Accuracy: 39.46
Training Epoch: 188/200	Train Loss: 0.0896	Val Accuracy: 40.16
Training Epoch: 189/200	Train Loss: 0.0321	Val Accuracy: 40.16
Training Epoch: 190/200	Train Loss: 0.0273	Val Accuracy: 40.54
Training Epoch: 191/200	Train Loss: 0.0764	Val Accuracy: 40.54
Training Epoch: 192/200	Train Loss: 0.1637	Val Accuracy: 40.3
Training Epoch: 193/200	Train Loss: 0.0666	Val Accuracy: 40.3
Training Epoch: 194/200	Train Loss: 0.2456	Val Accuracy: 40.54
Training Epoch: 195/200	Train Loss: 0.0513	Val Accuracy: 40.54
Training Epoch: 196/200	Train Loss: 0.0615	Val Accuracy: 39.9
Training Epoch: 197/200	Train Loss: 0.1497	Val Accuracy: 39.9
Training Epoch: 198/200	Train Loss: 0.4517	Val Accuracy: 41.52
Training Epoch: 199/200	Train Loss: 0.0769	Val Accuracy: 41.52
Training Epoch: 200/200	Train Loss: 0.3994	Val Accuracy: 40.18

Wrote Best Model Checkpoint to: vlBest_acc_41_model_epoch_0198.pyth

Best Validation Accuracy: 41.52
Best Epoch: 198

======== TESTING ========

Test Accuracy: 40.26.

======== ACTIVE SAMPLING ========

len(uSetLoader): 438
u_ranks.shape: (43750,)
Active Sampling Complete. After Episode 24:
New Labeled Set: 1300, New Unlabeled Set: 43700, Active Set: 50

================================


Current accuracy values:  [18.319999999999993, 20.549999999999997, 17.75, 27.439999122619625, 21.25, 27.689999504089357, 28.389999389648438, 29.679999504089352, 29.91999935150146, 33.68999908447266, 32.22999935150146, 29.519999160766602, 29.60999935150147, 32.679999351501465, 32.94999954223633, 35.389999580383304, 33.519998970031736, 37.81999897003174, 33.34999889373779, 41.91999900817871, 40.42999904632568, 37.489998741149904, 38.95999885559082, 35.97999912261963, 40.25999866485596]
Starting model from scratch - ignoring existing weights.
<All keys matched successfully>
None
======== EPISODE 25 BEGINS ========

======== TRAINING ========
Training Epoch: 1/200	Train Loss: 5.1376	Val Accuracy: 0.0
Training Epoch: 2/200	Train Loss: 2.9238	Val Accuracy: 11.56
Training Epoch: 3/200	Train Loss: 4.0882	Val Accuracy: 11.56
Training Epoch: 4/200	Train Loss: 5.5608	Val Accuracy: 9.32
Training Epoch: 5/200	Train Loss: 3.7672	Val Accuracy: 9.32
Training Epoch: 6/200	Train Loss: 3.5035	Val Accuracy: 9.76
Training Epoch: 7/200	Train Loss: 2.6929	Val Accuracy: 9.76
Training Epoch: 8/200	Train Loss: 2.6731	Val Accuracy: 9.88
Training Epoch: 9/200	Train Loss: 3.332	Val Accuracy: 9.88
Training Epoch: 10/200	Train Loss: 2.8082	Val Accuracy: 14.24
Training Epoch: 11/200	Train Loss: 2.6626	Val Accuracy: 14.24
Training Epoch: 12/200	Train Loss: 2.2737	Val Accuracy: 11.66
Training Epoch: 13/200	Train Loss: 2.1723	Val Accuracy: 11.66
Training Epoch: 14/200	Train Loss: 2.0977	Val Accuracy: 15.52
Training Epoch: 15/200	Train Loss: 2.0987	Val Accuracy: 15.52
Training Epoch: 16/200	Train Loss: 2.8141	Val Accuracy: 15.84
Training Epoch: 17/200	Train Loss: 2.142	Val Accuracy: 15.84
Training Epoch: 18/200	Train Loss: 2.4981	Val Accuracy: 17.12
Training Epoch: 19/200	Train Loss: 2.1616	Val Accuracy: 17.12
Training Epoch: 20/200	Train Loss: 2.9564	Val Accuracy: 16.9
Training Epoch: 21/200	Train Loss: 2.4915	Val Accuracy: 16.9
Training Epoch: 22/200	Train Loss: 2.1276	Val Accuracy: 18.14
Training Epoch: 23/200	Train Loss: 2.4238	Val Accuracy: 18.14
Training Epoch: 24/200	Train Loss: 2.139	Val Accuracy: 20.0
Training Epoch: 25/200	Train Loss: 2.6623	Val Accuracy: 20.0
Training Epoch: 26/200	Train Loss: 2.0567	Val Accuracy: 19.74
Training Epoch: 27/200	Train Loss: 2.7716	Val Accuracy: 19.74
Training Epoch: 28/200	Train Loss: 2.7145	Val Accuracy: 22.52
Training Epoch: 29/200	Train Loss: 3.1948	Val Accuracy: 22.52
Training Epoch: 30/200	Train Loss: 2.0074	Val Accuracy: 24.54
Training Epoch: 31/200	Train Loss: 2.1023	Val Accuracy: 24.54
Training Epoch: 32/200	Train Loss: 2.3066	Val Accuracy: 25.66
Training Epoch: 33/200	Train Loss: 1.9538	Val Accuracy: 25.66
Training Epoch: 34/200	Train Loss: 1.9077	Val Accuracy: 24.24
Training Epoch: 35/200	Train Loss: 2.1149	Val Accuracy: 24.24
Training Epoch: 36/200	Train Loss: 1.8495	Val Accuracy: 27.44
Training Epoch: 37/200	Train Loss: 1.9064	Val Accuracy: 27.44
Training Epoch: 38/200	Train Loss: 2.7347	Val Accuracy: 28.18
Training Epoch: 39/200	Train Loss: 1.8505	Val Accuracy: 28.18
Training Epoch: 40/200	Train Loss: 1.7622	Val Accuracy: 30.44
Training Epoch: 41/200	Train Loss: 1.6965	Val Accuracy: 30.44
Training Epoch: 42/200	Train Loss: 1.7763	Val Accuracy: 29.84
Training Epoch: 43/200	Train Loss: 1.9353	Val Accuracy: 29.84
Training Epoch: 44/200	Train Loss: 2.1545	Val Accuracy: 31.8
Training Epoch: 45/200	Train Loss: 1.7479	Val Accuracy: 31.8
Training Epoch: 46/200	Train Loss: 1.8794	Val Accuracy: 32.06
Training Epoch: 47/200	Train Loss: 1.6671	Val Accuracy: 32.06
Training Epoch: 48/200	Train Loss: 1.6884	Val Accuracy: 32.52
Training Epoch: 49/200	Train Loss: 1.7695	Val Accuracy: 32.52
Training Epoch: 50/200	Train Loss: 1.5778	Val Accuracy: 32.84
Training Epoch: 51/200	Train Loss: 1.6634	Val Accuracy: 32.84
Training Epoch: 52/200	Train Loss: 2.4823	Val Accuracy: 32.74
Training Epoch: 53/200	Train Loss: 2.1815	Val Accuracy: 32.74
Training Epoch: 54/200	Train Loss: 1.975	Val Accuracy: 35.48
Training Epoch: 55/200	Train Loss: 1.6926	Val Accuracy: 35.48
Training Epoch: 56/200	Train Loss: 1.6206	Val Accuracy: 35.78
Training Epoch: 57/200	Train Loss: 2.1735	Val Accuracy: 35.78
Training Epoch: 58/200	Train Loss: 2.6755	Val Accuracy: 32.48
Training Epoch: 59/200	Train Loss: 2.0065	Val Accuracy: 32.48
Training Epoch: 60/200	Train Loss: 1.455	Val Accuracy: 35.78
Training Epoch: 61/200	Train Loss: 2.1941	Val Accuracy: 35.78
Training Epoch: 62/200	Train Loss: 1.562	Val Accuracy: 35.38
Training Epoch: 63/200	Train Loss: 1.679	Val Accuracy: 35.38
Training Epoch: 64/200	Train Loss: 1.5034	Val Accuracy: 32.68
Training Epoch: 65/200	Train Loss: 1.9588	Val Accuracy: 32.68
Training Epoch: 66/200	Train Loss: 1.8907	Val Accuracy: 34.68
Training Epoch: 67/200	Train Loss: 2.4175	Val Accuracy: 34.68
Training Epoch: 68/200	Train Loss: 2.4285	Val Accuracy: 32.58
Training Epoch: 69/200	Train Loss: 1.9816	Val Accuracy: 32.58
Training Epoch: 70/200	Train Loss: 2.0263	Val Accuracy: 33.3
Training Epoch: 71/200	Train Loss: 2.0721	Val Accuracy: 33.3
Training Epoch: 72/200	Train Loss: 2.2062	Val Accuracy: 33.68
Training Epoch: 73/200	Train Loss: 2.3465	Val Accuracy: 33.68
Training Epoch: 74/200	Train Loss: 1.812	Val Accuracy: 35.58
Training Epoch: 75/200	Train Loss: 1.6151	Val Accuracy: 35.58
Training Epoch: 76/200	Train Loss: 1.6551	Val Accuracy: 35.52
Training Epoch: 77/200	Train Loss: 2.3025	Val Accuracy: 35.52
Training Epoch: 78/200	Train Loss: 1.6776	Val Accuracy: 34.74
Training Epoch: 79/200	Train Loss: 1.2129	Val Accuracy: 34.74
Training Epoch: 80/200	Train Loss: 1.4268	Val Accuracy: 37.4
Training Epoch: 81/200	Train Loss: 1.6371	Val Accuracy: 37.4
Training Epoch: 82/200	Train Loss: 2.5155	Val Accuracy: 15.22
Training Epoch: 83/200	Train Loss: 2.0964	Val Accuracy: 15.22
Training Epoch: 84/200	Train Loss: 1.8758	Val Accuracy: 35.12
Training Epoch: 85/200	Train Loss: 1.9737	Val Accuracy: 35.12
Training Epoch: 86/200	Train Loss: 1.6522	Val Accuracy: 35.48
Training Epoch: 87/200	Train Loss: 1.5183	Val Accuracy: 35.48
Training Epoch: 88/200	Train Loss: 1.8209	Val Accuracy: 38.16
Training Epoch: 89/200	Train Loss: 1.4115	Val Accuracy: 38.16
Training Epoch: 90/200	Train Loss: 1.5829	Val Accuracy: 38.5
Training Epoch: 91/200	Train Loss: 1.3532	Val Accuracy: 38.5
Training Epoch: 92/200	Train Loss: 1.9893	Val Accuracy: 37.96
Training Epoch: 93/200	Train Loss: 1.4167	Val Accuracy: 37.96
Training Epoch: 94/200	Train Loss: 1.6752	Val Accuracy: 39.64
Training Epoch: 95/200	Train Loss: 1.1295	Val Accuracy: 39.64
Training Epoch: 96/200	Train Loss: 1.0243	Val Accuracy: 39.46
Training Epoch: 97/200	Train Loss: 1.6433	Val Accuracy: 39.46
Training Epoch: 98/200	Train Loss: 1.15	Val Accuracy: 38.2
Training Epoch: 99/200	Train Loss: 1.4342	Val Accuracy: 38.2
Training Epoch: 100/200	Train Loss: 1.0489	Val Accuracy: 37.16
Training Epoch: 101/200	Train Loss: 1.0682	Val Accuracy: 37.16
Training Epoch: 102/200	Train Loss: 0.8324	Val Accuracy: 39.24
Training Epoch: 103/200	Train Loss: 1.286	Val Accuracy: 39.24
Training Epoch: 104/200	Train Loss: 0.8316	Val Accuracy: 38.92
Training Epoch: 105/200	Train Loss: 1.1883	Val Accuracy: 38.92
Training Epoch: 106/200	Train Loss: 1.3741	Val Accuracy: 39.74
Training Epoch: 107/200	Train Loss: 1.3441	Val Accuracy: 39.74
Training Epoch: 108/200	Train Loss: 1.3768	Val Accuracy: 40.78
Training Epoch: 109/200	Train Loss: 1.0799	Val Accuracy: 40.78
Training Epoch: 110/200	Train Loss: 0.6198	Val Accuracy: 39.06
Training Epoch: 111/200	Train Loss: 1.2152	Val Accuracy: 39.06
Training Epoch: 112/200	Train Loss: 0.741	Val Accuracy: 38.36
Training Epoch: 113/200	Train Loss: 0.6387	Val Accuracy: 38.36
Training Epoch: 114/200	Train Loss: 1.2559	Val Accuracy: 38.96
Training Epoch: 115/200	Train Loss: 0.7154	Val Accuracy: 38.96
Training Epoch: 116/200	Train Loss: 0.7559	Val Accuracy: 39.96
Training Epoch: 117/200	Train Loss: 0.4508	Val Accuracy: 39.96
Training Epoch: 118/200	Train Loss: 0.3392	Val Accuracy: 40.92
Training Epoch: 119/200	Train Loss: 1.2226	Val Accuracy: 40.92
Training Epoch: 120/200	Train Loss: 0.9862	Val Accuracy: 40.42
Training Epoch: 121/200	Train Loss: 0.3384	Val Accuracy: 40.42
Training Epoch: 122/200	Train Loss: 0.6451	Val Accuracy: 40.36
Training Epoch: 123/200	Train Loss: 0.4405	Val Accuracy: 40.36
Training Epoch: 124/200	Train Loss: 0.4655	Val Accuracy: 39.74
Training Epoch: 125/200	Train Loss: 0.3596	Val Accuracy: 39.74
Training Epoch: 126/200	Train Loss: 0.4487	Val Accuracy: 40.74
Training Epoch: 127/200	Train Loss: 0.3853	Val Accuracy: 40.74
Training Epoch: 128/200	Train Loss: 0.423	Val Accuracy: 40.14
Training Epoch: 129/200	Train Loss: 0.5295	Val Accuracy: 40.14
Training Epoch: 130/200	Train Loss: 0.437	Val Accuracy: 40.76
Training Epoch: 131/200	Train Loss: 0.5384	Val Accuracy: 40.76
Training Epoch: 132/200	Train Loss: 0.6377	Val Accuracy: 40.84
Training Epoch: 133/200	Train Loss: 0.4461	Val Accuracy: 40.84
Training Epoch: 134/200	Train Loss: 0.3112	Val Accuracy: 40.2
Training Epoch: 135/200	Train Loss: 0.2649	Val Accuracy: 40.2
Training Epoch: 136/200	Train Loss: 0.3803	Val Accuracy: 39.98
Training Epoch: 137/200	Train Loss: 0.4467	Val Accuracy: 39.98
Training Epoch: 138/200	Train Loss: 0.3991	Val Accuracy: 40.96
Training Epoch: 139/200	Train Loss: 0.1259	Val Accuracy: 40.96
Training Epoch: 140/200	Train Loss: 0.3948	Val Accuracy: 40.12
Training Epoch: 141/200	Train Loss: 0.2592	Val Accuracy: 40.12
Training Epoch: 142/200	Train Loss: 0.2011	Val Accuracy: 40.04
Training Epoch: 143/200	Train Loss: 0.4678	Val Accuracy: 40.04
Training Epoch: 144/200	Train Loss: 0.6008	Val Accuracy: 40.02
Training Epoch: 145/200	Train Loss: 0.3241	Val Accuracy: 40.02
Training Epoch: 146/200	Train Loss: 0.3078	Val Accuracy: 40.94
Training Epoch: 147/200	Train Loss: 0.6746	Val Accuracy: 40.94
Training Epoch: 148/200	Train Loss: 0.2504	Val Accuracy: 40.94
Training Epoch: 149/200	Train Loss: 0.216	Val Accuracy: 40.94
Training Epoch: 150/200	Train Loss: 0.3774	Val Accuracy: 40.78
Training Epoch: 151/200	Train Loss: 0.4294	Val Accuracy: 40.78
Training Epoch: 152/200	Train Loss: 0.1937	Val Accuracy: 40.54
Training Epoch: 153/200	Train Loss: 0.3776	Val Accuracy: 40.54
Training Epoch: 154/200	Train Loss: 0.1839	Val Accuracy: 40.38
Training Epoch: 155/200	Train Loss: 0.5167	Val Accuracy: 40.38
Training Epoch: 156/200	Train Loss: 0.7089	Val Accuracy: 39.82
Training Epoch: 157/200	Train Loss: 0.171	Val Accuracy: 39.82
Training Epoch: 158/200	Train Loss: 0.1701	Val Accuracy: 41.08
Training Epoch: 159/200	Train Loss: 0.5366	Val Accuracy: 41.08
Training Epoch: 160/200	Train Loss: 0.11	Val Accuracy: 41.3
Training Epoch: 161/200	Train Loss: 0.1134	Val Accuracy: 41.3
Training Epoch: 162/200	Train Loss: 0.2277	Val Accuracy: 41.18
Training Epoch: 163/200	Train Loss: 0.1155	Val Accuracy: 41.18
Training Epoch: 164/200	Train Loss: 0.1252	Val Accuracy: 39.7
Training Epoch: 165/200	Train Loss: 0.0431	Val Accuracy: 39.7
Training Epoch: 166/200	Train Loss: 0.257	Val Accuracy: 41.02
Training Epoch: 167/200	Train Loss: 0.2568	Val Accuracy: 41.02
Training Epoch: 168/200	Train Loss: 0.0662	Val Accuracy: 41.6
Training Epoch: 169/200	Train Loss: 0.4489	Val Accuracy: 41.6
Training Epoch: 170/200	Train Loss: 0.0584	Val Accuracy: 41.64
Training Epoch: 171/200	Train Loss: 0.1811	Val Accuracy: 41.64
Training Epoch: 172/200	Train Loss: 0.0862	Val Accuracy: 40.7
Training Epoch: 173/200	Train Loss: 0.1579	Val Accuracy: 40.7
Training Epoch: 174/200	Train Loss: 0.2473	Val Accuracy: 40.24
Training Epoch: 175/200	Train Loss: 0.1495	Val Accuracy: 40.24
Training Epoch: 176/200	Train Loss: 0.2603	Val Accuracy: 40.72
Training Epoch: 177/200	Train Loss: 0.2841	Val Accuracy: 40.72
Training Epoch: 178/200	Train Loss: 0.2564	Val Accuracy: 40.66
Training Epoch: 179/200	Train Loss: 0.0251	Val Accuracy: 40.66
Training Epoch: 180/200	Train Loss: 0.0243	Val Accuracy: 40.92
Training Epoch: 181/200	Train Loss: 0.4934	Val Accuracy: 40.92
Training Epoch: 182/200	Train Loss: 0.0755	Val Accuracy: 40.66
Training Epoch: 183/200	Train Loss: 0.0317	Val Accuracy: 40.66
Training Epoch: 184/200	Train Loss: 0.0808	Val Accuracy: 41.02
Training Epoch: 185/200	Train Loss: 0.1971	Val Accuracy: 41.02
Training Epoch: 186/200	Train Loss: 0.0265	Val Accuracy: 41.38
Training Epoch: 187/200	Train Loss: 0.3405	Val Accuracy: 41.38
Training Epoch: 188/200	Train Loss: 0.3137	Val Accuracy: 41.3
Training Epoch: 189/200	Train Loss: 0.1694	Val Accuracy: 41.3
Training Epoch: 190/200	Train Loss: 0.0576	Val Accuracy: 41.56
Training Epoch: 191/200	Train Loss: 0.0429	Val Accuracy: 41.56
Training Epoch: 192/200	Train Loss: 0.118	Val Accuracy: 41.72
Training Epoch: 193/200	Train Loss: 0.1736	Val Accuracy: 41.72
Training Epoch: 194/200	Train Loss: 0.0539	Val Accuracy: 41.44
Training Epoch: 195/200	Train Loss: 0.0355	Val Accuracy: 41.44
Training Epoch: 196/200	Train Loss: 0.0551	Val Accuracy: 41.38
Training Epoch: 197/200	Train Loss: 0.3394	Val Accuracy: 41.38
Training Epoch: 198/200	Train Loss: 0.0736	Val Accuracy: 40.48
Training Epoch: 199/200	Train Loss: 0.1395	Val Accuracy: 40.48
Training Epoch: 200/200	Train Loss: 0.1355	Val Accuracy: 41.4

Wrote Best Model Checkpoint to: vlBest_acc_41_model_epoch_0192.pyth

Best Validation Accuracy: 41.72
Best Epoch: 192

======== TESTING ========

Test Accuracy: 41.72.

======== ACTIVE SAMPLING ========

len(uSetLoader): 437
u_ranks.shape: (43700,)
