GPU 0: Tesla V100-SXM2-32GB (UUID: GPU-7ae608fe-9fee-5679-8597-54cc7d87b248)

==============NVSMI LOG==============

Timestamp                                 : Tue May 26 22:18:12 2026
Driver Version                            : 565.57.01
CUDA Version                              : 12.7

Attached GPUs                             : 1
GPU 00000000:3B:00.0
    ECC Mode
        Current                           : Enabled
        Pending                           : Enabled
    ECC Errors
        Volatile
            Single Bit            
                Device Memory             : 0
                Register File             : 0
                L1 Cache                  : 0
                L2 Cache                  : 0
                Texture Memory            : N/A
                Texture Shared            : N/A
                CBU                       : N/A
                Total                     : 0
            Double Bit            
                Device Memory             : 0
                Register File             : 0
                L1 Cache                  : 0
                L2 Cache                  : 0
                Texture Memory            : N/A
                Texture Shared            : N/A
                CBU                       : 0
                Total                     : 0
        Aggregate
            Single Bit            
                Device Memory             : 0
                Register File             : 0
                L1 Cache                  : 0
                L2 Cache                  : 0
                Texture Memory            : N/A
                Texture Shared            : N/A
                CBU                       : N/A
                Total                     : 0
            Double Bit            
                Device Memory             : 0
                Register File             : 0
                L1 Cache                  : 0
                L2 Cache                  : 0
                Texture Memory            : N/A
                Texture Shared            : N/A
                CBU                       : 0
                Total                     : 0

Experiment Directory Already Exists: /vast/s219110279/TypiClust/output/CIFAR10/resnet50/random_1_50b. Reusing it may lead to loss of old logs in the directory.


======== PREPARING DATA AND MODEL ========

Preprocess Operations Selected ==>  [RandomCrop(size=(32, 32), padding=4), RandomHorizontalFlip(p=0.5), ToTensor(), Normalize(mean=[0.4914, 0.4822, 0.4465], std=[0.247, 0.2435, 0.2616])]
Files already downloaded and verified
Files already downloaded and verified

Dataset CIFAR10 Loaded Sucessfully.
Total Train Size: 50000 and Total Test Size: 10000

Data Partitioning Complete. 
Labeled Set: 50, Unlabeled Set: 44950, Validation Set: 5000

model: resnet50

optimizer: SGD (
Parameter Group 0
    dampening: 0.0
    differentiable: False
    foreach: None
    lr: 0.025
    maximize: False
    momentum: 0.9
    nesterov: True
    weight_decay: 0.0003
)

AL Query Method: random
Max AL Episodes: 100

======== EPISODE 0 BEGINS ========

======== TRAINING ========
Training Epoch: 1/200	Train Loss: 2.5085	Val Accuracy: 0.0
Training Epoch: 2/200	Train Loss: 5.2097	Val Accuracy: 9.74
Training Epoch: 3/200	Train Loss: 11.2708	Val Accuracy: 9.74
Training Epoch: 4/200	Train Loss: 16.6872	Val Accuracy: 10.22
Training Epoch: 5/200	Train Loss: 14.8756	Val Accuracy: 10.22
Training Epoch: 6/200	Train Loss: 11.8828	Val Accuracy: 9.56
Training Epoch: 7/200	Train Loss: 5.584	Val Accuracy: 9.56
Training Epoch: 8/200	Train Loss: 4.2636	Val Accuracy: 9.56
Training Epoch: 9/200	Train Loss: 3.5868	Val Accuracy: 9.56
Training Epoch: 10/200	Train Loss: 3.2016	Val Accuracy: 9.56
Training Epoch: 11/200	Train Loss: 2.8339	Val Accuracy: 9.56
Training Epoch: 12/200	Train Loss: 2.6493	Val Accuracy: 9.56
Training Epoch: 13/200	Train Loss: 2.5041	Val Accuracy: 9.56
Training Epoch: 14/200	Train Loss: 2.4036	Val Accuracy: 9.56
Training Epoch: 15/200	Train Loss: 2.2992	Val Accuracy: 9.56
Training Epoch: 16/200	Train Loss: 2.2888	Val Accuracy: 9.56
Training Epoch: 17/200	Train Loss: 2.1942	Val Accuracy: 9.56
Training Epoch: 18/200	Train Loss: 2.1955	Val Accuracy: 9.56
Training Epoch: 19/200	Train Loss: 2.1769	Val Accuracy: 9.56
Training Epoch: 20/200	Train Loss: 2.1774	Val Accuracy: 9.64
Training Epoch: 21/200	Train Loss: 2.2036	Val Accuracy: 9.64
Training Epoch: 22/200	Train Loss: 2.177	Val Accuracy: 9.62
Training Epoch: 23/200	Train Loss: 2.1793	Val Accuracy: 9.62
Training Epoch: 24/200	Train Loss: 2.2145	Val Accuracy: 9.68
Training Epoch: 25/200	Train Loss: 2.1983	Val Accuracy: 9.68
Training Epoch: 26/200	Train Loss: 2.1981	Val Accuracy: 9.84
Training Epoch: 27/200	Train Loss: 2.1807	Val Accuracy: 9.84
Training Epoch: 28/200	Train Loss: 2.1495	Val Accuracy: 9.62
Training Epoch: 29/200	Train Loss: 2.1189	Val Accuracy: 9.62
Training Epoch: 30/200	Train Loss: 2.1594	Val Accuracy: 9.66
Training Epoch: 31/200	Train Loss: 2.1312	Val Accuracy: 9.66
Training Epoch: 32/200	Train Loss: 2.1655	Val Accuracy: 9.16
Training Epoch: 33/200	Train Loss: 2.159	Val Accuracy: 9.16
Training Epoch: 34/200	Train Loss: 2.1325	Val Accuracy: 9.54
Training Epoch: 35/200	Train Loss: 2.1261	Val Accuracy: 9.54
Training Epoch: 36/200	Train Loss: 2.1044	Val Accuracy: 9.08
Training Epoch: 37/200	Train Loss: 2.1473	Val Accuracy: 9.08
Training Epoch: 38/200	Train Loss: 2.171	Val Accuracy: 9.06
Training Epoch: 39/200	Train Loss: 2.125	Val Accuracy: 9.06
Training Epoch: 40/200	Train Loss: 2.0878	Val Accuracy: 8.48
Training Epoch: 41/200	Train Loss: 2.1087	Val Accuracy: 8.48
Training Epoch: 42/200	Train Loss: 2.0945	Val Accuracy: 8.94
Training Epoch: 43/200	Train Loss: 2.0895	Val Accuracy: 8.94
Training Epoch: 44/200	Train Loss: 2.0865	Val Accuracy: 8.72
Training Epoch: 45/200	Train Loss: 2.0822	Val Accuracy: 8.72
Training Epoch: 46/200	Train Loss: 2.0912	Val Accuracy: 8.8
Training Epoch: 47/200	Train Loss: 2.0823	Val Accuracy: 8.8
Training Epoch: 48/200	Train Loss: 2.1329	Val Accuracy: 9.1
Training Epoch: 49/200	Train Loss: 2.0801	Val Accuracy: 9.1
Training Epoch: 50/200	Train Loss: 2.1207	Val Accuracy: 8.98
Training Epoch: 51/200	Train Loss: 2.6801	Val Accuracy: 8.98
Training Epoch: 52/200	Train Loss: 2.126	Val Accuracy: 8.92
Training Epoch: 53/200	Train Loss: 2.1691	Val Accuracy: 8.92
Training Epoch: 54/200	Train Loss: 2.1321	Val Accuracy: 9.04
Training Epoch: 55/200	Train Loss: 2.0921	Val Accuracy: 9.04
Training Epoch: 56/200	Train Loss: 2.1301	Val Accuracy: 9.06
Training Epoch: 57/200	Train Loss: 2.1153	Val Accuracy: 9.06
Training Epoch: 58/200	Train Loss: 2.0771	Val Accuracy: 8.66
Training Epoch: 59/200	Train Loss: 2.1136	Val Accuracy: 8.66
Training Epoch: 60/200	Train Loss: 2.0979	Val Accuracy: 8.84
Training Epoch: 61/200	Train Loss: 2.0649	Val Accuracy: 8.84
Training Epoch: 62/200	Train Loss: 2.0526	Val Accuracy: 8.8
Training Epoch: 63/200	Train Loss: 2.0478	Val Accuracy: 8.8
Training Epoch: 64/200	Train Loss: 2.0345	Val Accuracy: 9.02
Training Epoch: 65/200	Train Loss: 2.0277	Val Accuracy: 9.02
Training Epoch: 66/200	Train Loss: 2.0593	Val Accuracy: 8.78
Training Epoch: 67/200	Train Loss: 2.0047	Val Accuracy: 8.78
Training Epoch: 68/200	Train Loss: 1.9857	Val Accuracy: 9.34
Training Epoch: 69/200	Train Loss: 1.9748	Val Accuracy: 9.34
Training Epoch: 70/200	Train Loss: 1.9756	Val Accuracy: 8.82
Training Epoch: 71/200	Train Loss: 1.9931	Val Accuracy: 8.82
Training Epoch: 72/200	Train Loss: 2.0031	Val Accuracy: 8.86
Training Epoch: 73/200	Train Loss: 1.9474	Val Accuracy: 8.86
Training Epoch: 74/200	Train Loss: 1.9769	Val Accuracy: 9.1
Training Epoch: 75/200	Train Loss: 1.9392	Val Accuracy: 9.1
Training Epoch: 76/200	Train Loss: 2.0177	Val Accuracy: 9.84
Training Epoch: 77/200	Train Loss: 1.9219	Val Accuracy: 9.84
Training Epoch: 78/200	Train Loss: 1.8904	Val Accuracy: 10.76
Training Epoch: 79/200	Train Loss: 1.9183	Val Accuracy: 10.76
Training Epoch: 80/200	Train Loss: 1.8924	Val Accuracy: 11.88
Training Epoch: 81/200	Train Loss: 1.8897	Val Accuracy: 11.88
Training Epoch: 82/200	Train Loss: 1.8781	Val Accuracy: 13.36
Training Epoch: 83/200	Train Loss: 1.8711	Val Accuracy: 13.36
Training Epoch: 84/200	Train Loss: 1.8654	Val Accuracy: 14.28
Training Epoch: 85/200	Train Loss: 1.8441	Val Accuracy: 14.28
Training Epoch: 86/200	Train Loss: 1.8193	Val Accuracy: 14.8
Training Epoch: 87/200	Train Loss: 1.7761	Val Accuracy: 14.8
Training Epoch: 88/200	Train Loss: 1.7682	Val Accuracy: 15.14
Training Epoch: 89/200	Train Loss: 1.7488	Val Accuracy: 15.14
Training Epoch: 90/200	Train Loss: 1.763	Val Accuracy: 15.34
Training Epoch: 91/200	Train Loss: 1.7053	Val Accuracy: 15.34
Training Epoch: 92/200	Train Loss: 1.7502	Val Accuracy: 16.26
Training Epoch: 93/200	Train Loss: 1.6758	Val Accuracy: 16.26
Training Epoch: 94/200	Train Loss: 1.6489	Val Accuracy: 15.98
Training Epoch: 95/200	Train Loss: 1.6448	Val Accuracy: 15.98
Training Epoch: 96/200	Train Loss: 1.6199	Val Accuracy: 16.24
Training Epoch: 97/200	Train Loss: 1.5703	Val Accuracy: 16.24
Training Epoch: 98/200	Train Loss: 1.5999	Val Accuracy: 16.46
Training Epoch: 99/200	Train Loss: 1.509	Val Accuracy: 16.46
Training Epoch: 100/200	Train Loss: 1.5214	Val Accuracy: 16.36
Training Epoch: 101/200	Train Loss: 1.4709	Val Accuracy: 16.36
Training Epoch: 102/200	Train Loss: 1.4222	Val Accuracy: 16.54
Training Epoch: 103/200	Train Loss: 1.4459	Val Accuracy: 16.54
Training Epoch: 104/200	Train Loss: 1.3771	Val Accuracy: 16.8
Training Epoch: 105/200	Train Loss: 1.4419	Val Accuracy: 16.8
Training Epoch: 106/200	Train Loss: 1.3567	Val Accuracy: 16.88
Training Epoch: 107/200	Train Loss: 1.3047	Val Accuracy: 16.88
Training Epoch: 108/200	Train Loss: 1.2564	Val Accuracy: 17.44
Training Epoch: 109/200	Train Loss: 1.2868	Val Accuracy: 17.44
Training Epoch: 110/200	Train Loss: 1.2764	Val Accuracy: 17.92
Training Epoch: 111/200	Train Loss: 1.1931	Val Accuracy: 17.92
Training Epoch: 112/200	Train Loss: 1.2011	Val Accuracy: 17.02
Training Epoch: 113/200	Train Loss: 1.1784	Val Accuracy: 17.02
Training Epoch: 114/200	Train Loss: 1.1551	Val Accuracy: 17.82
Training Epoch: 115/200	Train Loss: 1.0767	Val Accuracy: 17.82
Training Epoch: 116/200	Train Loss: 1.0754	Val Accuracy: 18.3
Training Epoch: 117/200	Train Loss: 1.0829	Val Accuracy: 18.3
Training Epoch: 118/200	Train Loss: 1.063	Val Accuracy: 18.72
Training Epoch: 119/200	Train Loss: 1.0195	Val Accuracy: 18.72
Training Epoch: 120/200	Train Loss: 1.01	Val Accuracy: 18.16
Training Epoch: 121/200	Train Loss: 0.97	Val Accuracy: 18.16
Training Epoch: 122/200	Train Loss: 0.8887	Val Accuracy: 17.98
Training Epoch: 123/200	Train Loss: 0.8608	Val Accuracy: 17.98
Training Epoch: 124/200	Train Loss: 0.8361	Val Accuracy: 18.16
Training Epoch: 125/200	Train Loss: 0.7824	Val Accuracy: 18.16
Training Epoch: 126/200	Train Loss: 0.7891	Val Accuracy: 18.52
Training Epoch: 127/200	Train Loss: 0.719	Val Accuracy: 18.52
Training Epoch: 128/200	Train Loss: 0.7391	Val Accuracy: 17.94
Training Epoch: 129/200	Train Loss: 0.6981	Val Accuracy: 17.94
Training Epoch: 130/200	Train Loss: 0.7192	Val Accuracy: 18.12
Training Epoch: 131/200	Train Loss: 0.6163	Val Accuracy: 18.12
Training Epoch: 132/200	Train Loss: 0.6022	Val Accuracy: 17.76
Training Epoch: 133/200	Train Loss: 0.5808	Val Accuracy: 17.76
Training Epoch: 134/200	Train Loss: 0.5847	Val Accuracy: 18.0
Training Epoch: 135/200	Train Loss: 0.584	Val Accuracy: 18.0
Training Epoch: 136/200	Train Loss: 0.5131	Val Accuracy: 18.56
Training Epoch: 137/200	Train Loss: 0.5511	Val Accuracy: 18.56
Training Epoch: 138/200	Train Loss: 0.5349	Val Accuracy: 18.48
Training Epoch: 139/200	Train Loss: 0.4854	Val Accuracy: 18.48
Training Epoch: 140/200	Train Loss: 0.4479	Val Accuracy: 17.88
Training Epoch: 141/200	Train Loss: 0.5197	Val Accuracy: 17.88
Training Epoch: 142/200	Train Loss: 0.4149	Val Accuracy: 18.9
Training Epoch: 143/200	Train Loss: 0.464	Val Accuracy: 18.9
Training Epoch: 144/200	Train Loss: 0.4177	Val Accuracy: 18.44
Training Epoch: 145/200	Train Loss: 0.4563	Val Accuracy: 18.44
Training Epoch: 146/200	Train Loss: 0.3747	Val Accuracy: 18.88
Training Epoch: 147/200	Train Loss: 0.3599	Val Accuracy: 18.88
Training Epoch: 148/200	Train Loss: 0.3669	Val Accuracy: 18.92
Training Epoch: 149/200	Train Loss: 0.3914	Val Accuracy: 18.92
Training Epoch: 150/200	Train Loss: 0.3515	Val Accuracy: 18.58
Training Epoch: 151/200	Train Loss: 0.2796	Val Accuracy: 18.58
Training Epoch: 152/200	Train Loss: 0.3494	Val Accuracy: 18.16
Training Epoch: 153/200	Train Loss: 0.3102	Val Accuracy: 18.16
Training Epoch: 154/200	Train Loss: 0.3282	Val Accuracy: 18.38
Training Epoch: 155/200	Train Loss: 0.2665	Val Accuracy: 18.38
Training Epoch: 156/200	Train Loss: 0.307	Val Accuracy: 18.78
Training Epoch: 157/200	Train Loss: 0.2858	Val Accuracy: 18.78
Training Epoch: 158/200	Train Loss: 0.2378	Val Accuracy: 18.72
Training Epoch: 159/200	Train Loss: 0.243	Val Accuracy: 18.72
Training Epoch: 160/200	Train Loss: 0.243	Val Accuracy: 19.3
Training Epoch: 161/200	Train Loss: 0.2347	Val Accuracy: 19.3
Training Epoch: 162/200	Train Loss: 0.2046	Val Accuracy: 18.76
Training Epoch: 163/200	Train Loss: 0.2449	Val Accuracy: 18.76
Training Epoch: 164/200	Train Loss: 0.2007	Val Accuracy: 18.26
Training Epoch: 165/200	Train Loss: 0.2112	Val Accuracy: 18.26
Training Epoch: 166/200	Train Loss: 0.2288	Val Accuracy: 19.26
Training Epoch: 167/200	Train Loss: 0.2271	Val Accuracy: 19.26
Training Epoch: 168/200	Train Loss: 0.2168	Val Accuracy: 18.36
Training Epoch: 169/200	Train Loss: 0.1808	Val Accuracy: 18.36
Training Epoch: 170/200	Train Loss: 0.1837	Val Accuracy: 18.48
Training Epoch: 171/200	Train Loss: 0.2085	Val Accuracy: 18.48
Training Epoch: 172/200	Train Loss: 0.1629	Val Accuracy: 19.1
Training Epoch: 173/200	Train Loss: 0.1976	Val Accuracy: 19.1
Training Epoch: 174/200	Train Loss: 0.1831	Val Accuracy: 18.22
Training Epoch: 175/200	Train Loss: 0.1872	Val Accuracy: 18.22
Training Epoch: 176/200	Train Loss: 0.1618	Val Accuracy: 17.78
Training Epoch: 177/200	Train Loss: 0.1976	Val Accuracy: 17.78
Training Epoch: 178/200	Train Loss: 0.1592	Val Accuracy: 18.62
Training Epoch: 179/200	Train Loss: 0.172	Val Accuracy: 18.62
Training Epoch: 180/200	Train Loss: 0.1865	Val Accuracy: 18.82
Training Epoch: 181/200	Train Loss: 0.1528	Val Accuracy: 18.82
Training Epoch: 182/200	Train Loss: 0.1778	Val Accuracy: 19.32
Training Epoch: 183/200	Train Loss: 0.1461	Val Accuracy: 19.32
Training Epoch: 184/200	Train Loss: 0.1582	Val Accuracy: 18.44
Training Epoch: 185/200	Train Loss: 0.1602	Val Accuracy: 18.44
Training Epoch: 186/200	Train Loss: 0.1609	Val Accuracy: 18.28
Training Epoch: 187/200	Train Loss: 0.1653	Val Accuracy: 18.28
Training Epoch: 188/200	Train Loss: 0.1333	Val Accuracy: 18.6
Training Epoch: 189/200	Train Loss: 0.1803	Val Accuracy: 18.6
Training Epoch: 190/200	Train Loss: 0.1537	Val Accuracy: 18.38
Training Epoch: 191/200	Train Loss: 0.1628	Val Accuracy: 18.38
Training Epoch: 192/200	Train Loss: 0.1532	Val Accuracy: 18.54
Training Epoch: 193/200	Train Loss: 0.1456	Val Accuracy: 18.54
Training Epoch: 194/200	Train Loss: 0.1437	Val Accuracy: 18.9
Training Epoch: 195/200	Train Loss: 0.1729	Val Accuracy: 18.9
Training Epoch: 196/200	Train Loss: 0.148	Val Accuracy: 18.74
Training Epoch: 197/200	Train Loss: 0.1484	Val Accuracy: 18.74
Training Epoch: 198/200	Train Loss: 0.1841	Val Accuracy: 18.96
Training Epoch: 199/200	Train Loss: 0.1692	Val Accuracy: 18.96
Training Epoch: 200/200	Train Loss: 0.1615	Val Accuracy: 18.84

Wrote Best Model Checkpoint to: vlBest_acc_19_model_epoch_0182.pyth

Best Validation Accuracy: 19.32
Best Epoch: 182

======== TESTING ========

Test Accuracy: 18.55.

======== ACTIVE SAMPLING ========

Active Sampling Complete. After Episode 0:
New Labeled Set: 100, New Unlabeled Set: 44900, Active Set: 50

================================


Current accuracy values:  [18.549999999999997]
Starting model from scratch - ignoring existing weights.
<All keys matched successfully>
None
======== EPISODE 1 BEGINS ========

======== TRAINING ========
Training Epoch: 1/200	Train Loss: 2.7614	Val Accuracy: 0.0
Training Epoch: 2/200	Train Loss: 5.3634	Val Accuracy: 9.56
Training Epoch: 3/200	Train Loss: 8.7002	Val Accuracy: 9.56
Training Epoch: 4/200	Train Loss: 11.7853	Val Accuracy: 9.88
Training Epoch: 5/200	Train Loss: 9.3867	Val Accuracy: 9.88
Training Epoch: 6/200	Train Loss: 6.9791	Val Accuracy: 9.88
Training Epoch: 7/200	Train Loss: 5.0744	Val Accuracy: 9.88
Training Epoch: 8/200	Train Loss: 4.6772	Val Accuracy: 9.88
Training Epoch: 9/200	Train Loss: 4.4466	Val Accuracy: 9.88
Training Epoch: 10/200	Train Loss: 3.556	Val Accuracy: 9.88
Training Epoch: 11/200	Train Loss: 3.9673	Val Accuracy: 9.88
Training Epoch: 12/200	Train Loss: 2.847	Val Accuracy: 9.56
Training Epoch: 13/200	Train Loss: 2.5095	Val Accuracy: 9.56
Training Epoch: 14/200	Train Loss: 4.7851	Val Accuracy: 9.88
Training Epoch: 15/200	Train Loss: 3.6535	Val Accuracy: 9.88
Training Epoch: 16/200	Train Loss: 3.4333	Val Accuracy: 9.88
Training Epoch: 17/200	Train Loss: 2.3688	Val Accuracy: 9.88
Training Epoch: 18/200	Train Loss: 3.3314	Val Accuracy: 9.32
Training Epoch: 19/200	Train Loss: 2.3238	Val Accuracy: 9.32
Training Epoch: 20/200	Train Loss: 2.234	Val Accuracy: 8.98
Training Epoch: 21/200	Train Loss: 2.1919	Val Accuracy: 8.98
Training Epoch: 22/200	Train Loss: 2.2159	Val Accuracy: 9.66
Training Epoch: 23/200	Train Loss: 2.2054	Val Accuracy: 9.66
Training Epoch: 24/200	Train Loss: 2.2513	Val Accuracy: 9.84
Training Epoch: 25/200	Train Loss: 2.2053	Val Accuracy: 9.84
Training Epoch: 26/200	Train Loss: 2.1743	Val Accuracy: 10.26
Training Epoch: 27/200	Train Loss: 2.2015	Val Accuracy: 10.26
Training Epoch: 28/200	Train Loss: 2.1355	Val Accuracy: 11.08
Training Epoch: 29/200	Train Loss: 2.1742	Val Accuracy: 11.08
Training Epoch: 30/200	Train Loss: 2.142	Val Accuracy: 12.22
Training Epoch: 31/200	Train Loss: 2.1684	Val Accuracy: 12.22
Training Epoch: 32/200	Train Loss: 2.1191	Val Accuracy: 12.3
Training Epoch: 33/200	Train Loss: 2.1421	Val Accuracy: 12.3
Training Epoch: 34/200	Train Loss: 2.1268	Val Accuracy: 12.34
Training Epoch: 35/200	Train Loss: 2.0989	Val Accuracy: 12.34
Training Epoch: 36/200	Train Loss: 2.0779	Val Accuracy: 11.96
Training Epoch: 37/200	Train Loss: 2.518	Val Accuracy: 11.96
Training Epoch: 38/200	Train Loss: 2.2114	Val Accuracy: 13.2
Training Epoch: 39/200	Train Loss: 2.3421	Val Accuracy: 13.2
Training Epoch: 40/200	Train Loss: 2.1423	Val Accuracy: 12.96
Training Epoch: 41/200	Train Loss: 2.1325	Val Accuracy: 12.96
Training Epoch: 42/200	Train Loss: 2.1119	Val Accuracy: 12.72
Training Epoch: 43/200	Train Loss: 2.1624	Val Accuracy: 12.72
Training Epoch: 44/200	Train Loss: 2.7576	Val Accuracy: 11.62
Training Epoch: 45/200	Train Loss: 2.1303	Val Accuracy: 11.62
Training Epoch: 46/200	Train Loss: 2.2314	Val Accuracy: 10.62
Training Epoch: 47/200	Train Loss: 2.1013	Val Accuracy: 10.62
Training Epoch: 48/200	Train Loss: 2.1119	Val Accuracy: 10.62
Training Epoch: 49/200	Train Loss: 3.3611	Val Accuracy: 10.62
Training Epoch: 50/200	Train Loss: 2.5935	Val Accuracy: 13.24
Training Epoch: 51/200	Train Loss: 2.2106	Val Accuracy: 13.24
Training Epoch: 52/200	Train Loss: 2.2788	Val Accuracy: 13.36
Training Epoch: 53/200	Train Loss: 2.1395	Val Accuracy: 13.36
Training Epoch: 54/200	Train Loss: 2.4225	Val Accuracy: 14.82
Training Epoch: 55/200	Train Loss: 2.225	Val Accuracy: 14.82
Training Epoch: 56/200	Train Loss: 2.1651	Val Accuracy: 15.0
Training Epoch: 57/200	Train Loss: 3.3165	Val Accuracy: 15.0
Training Epoch: 58/200	Train Loss: 4.9574	Val Accuracy: 14.84
Training Epoch: 59/200	Train Loss: 2.4233	Val Accuracy: 14.84
Training Epoch: 60/200	Train Loss: 2.9877	Val Accuracy: 15.06
Training Epoch: 61/200	Train Loss: 2.1033	Val Accuracy: 15.06
Training Epoch: 62/200	Train Loss: 2.0536	Val Accuracy: 14.34
Training Epoch: 63/200	Train Loss: 2.3047	Val Accuracy: 14.34
Training Epoch: 64/200	Train Loss: 2.3906	Val Accuracy: 13.9
Training Epoch: 65/200	Train Loss: 2.15	Val Accuracy: 13.9
Training Epoch: 66/200	Train Loss: 5.3357	Val Accuracy: 12.82
Training Epoch: 67/200	Train Loss: 2.5542	Val Accuracy: 12.82
Training Epoch: 68/200	Train Loss: 4.0564	Val Accuracy: 12.52
Training Epoch: 69/200	Train Loss: 2.8559	Val Accuracy: 12.52
Training Epoch: 70/200	Train Loss: 2.5149	Val Accuracy: 12.6
Training Epoch: 71/200	Train Loss: 2.3694	Val Accuracy: 12.6
Training Epoch: 72/200	Train Loss: 2.9783	Val Accuracy: 12.24
Training Epoch: 73/200	Train Loss: 3.7412	Val Accuracy: 12.24
Training Epoch: 74/200	Train Loss: 2.2675	Val Accuracy: 12.4
Training Epoch: 75/200	Train Loss: 2.3235	Val Accuracy: 12.4
Training Epoch: 76/200	Train Loss: 2.2688	Val Accuracy: 11.94
Training Epoch: 77/200	Train Loss: 2.3115	Val Accuracy: 11.94
Training Epoch: 78/200	Train Loss: 2.2831	Val Accuracy: 11.58
Training Epoch: 79/200	Train Loss: 2.3746	Val Accuracy: 11.58
Training Epoch: 80/200	Train Loss: 2.2269	Val Accuracy: 11.82
Training Epoch: 81/200	Train Loss: 2.2	Val Accuracy: 11.82
Training Epoch: 82/200	Train Loss: 2.1492	Val Accuracy: 11.36
Training Epoch: 83/200	Train Loss: 2.1969	Val Accuracy: 11.36
Training Epoch: 84/200	Train Loss: 2.1902	Val Accuracy: 11.66
Training Epoch: 85/200	Train Loss: 2.1599	Val Accuracy: 11.66
Training Epoch: 86/200	Train Loss: 2.1541	Val Accuracy: 12.08
Training Epoch: 87/200	Train Loss: 2.1003	Val Accuracy: 12.08
Training Epoch: 88/200	Train Loss: 2.1498	Val Accuracy: 12.58
Training Epoch: 89/200	Train Loss: 2.1382	Val Accuracy: 12.58
Training Epoch: 90/200	Train Loss: 2.1087	Val Accuracy: 12.54
Training Epoch: 91/200	Train Loss: 2.1052	Val Accuracy: 12.54
Training Epoch: 92/200	Train Loss: 2.1099	Val Accuracy: 13.16
Training Epoch: 93/200	Train Loss: 2.0879	Val Accuracy: 13.16
Training Epoch: 94/200	Train Loss: 2.0612	Val Accuracy: 14.02
Training Epoch: 95/200	Train Loss: 2.1072	Val Accuracy: 14.02
Training Epoch: 96/200	Train Loss: 2.0436	Val Accuracy: 14.68
Training Epoch: 97/200	Train Loss: 2.0759	Val Accuracy: 14.68
Training Epoch: 98/200	Train Loss: 2.0531	Val Accuracy: 15.22
Training Epoch: 99/200	Train Loss: 2.0724	Val Accuracy: 15.22
Training Epoch: 100/200	Train Loss: 2.0133	Val Accuracy: 15.9
Training Epoch: 101/200	Train Loss: 2.0157	Val Accuracy: 15.9
Training Epoch: 102/200	Train Loss: 1.9681	Val Accuracy: 15.52
Training Epoch: 103/200	Train Loss: 2.0289	Val Accuracy: 15.52
Training Epoch: 104/200	Train Loss: 1.9558	Val Accuracy: 15.74
Training Epoch: 105/200	Train Loss: 1.9891	Val Accuracy: 15.74
Training Epoch: 106/200	Train Loss: 1.9589	Val Accuracy: 16.44
Training Epoch: 107/200	Train Loss: 1.9845	Val Accuracy: 16.44
Training Epoch: 108/200	Train Loss: 1.9106	Val Accuracy: 16.38
Training Epoch: 109/200	Train Loss: 1.9581	Val Accuracy: 16.38
Training Epoch: 110/200	Train Loss: 1.9313	Val Accuracy: 17.22
Training Epoch: 111/200	Train Loss: 1.9258	Val Accuracy: 17.22
Training Epoch: 112/200	Train Loss: 1.9346	Val Accuracy: 17.74
Training Epoch: 113/200	Train Loss: 1.8648	Val Accuracy: 17.74
Training Epoch: 114/200	Train Loss: 1.8991	Val Accuracy: 17.0
Training Epoch: 115/200	Train Loss: 1.8978	Val Accuracy: 17.0
Training Epoch: 116/200	Train Loss: 1.8914	Val Accuracy: 17.08
Training Epoch: 117/200	Train Loss: 1.872	Val Accuracy: 17.08
Training Epoch: 118/200	Train Loss: 1.8979	Val Accuracy: 17.6
Training Epoch: 119/200	Train Loss: 1.8782	Val Accuracy: 17.6
Training Epoch: 120/200	Train Loss: 1.8601	Val Accuracy: 17.44
Training Epoch: 121/200	Train Loss: 1.8204	Val Accuracy: 17.44
Training Epoch: 122/200	Train Loss: 1.8726	Val Accuracy: 18.14
Training Epoch: 123/200	Train Loss: 1.844	Val Accuracy: 18.14
Training Epoch: 124/200	Train Loss: 1.7909	Val Accuracy: 18.16
Training Epoch: 125/200	Train Loss: 1.7866	Val Accuracy: 18.16
Training Epoch: 126/200	Train Loss: 1.7859	Val Accuracy: 18.9
Training Epoch: 127/200	Train Loss: 1.8712	Val Accuracy: 18.9
Training Epoch: 128/200	Train Loss: 1.817	Val Accuracy: 19.24
Training Epoch: 129/200	Train Loss: 1.7535	Val Accuracy: 19.24
Training Epoch: 130/200	Train Loss: 1.8201	Val Accuracy: 18.76
Training Epoch: 131/200	Train Loss: 1.7449	Val Accuracy: 18.76
Training Epoch: 132/200	Train Loss: 1.7376	Val Accuracy: 19.12
Training Epoch: 133/200	Train Loss: 1.79	Val Accuracy: 19.12
Training Epoch: 134/200	Train Loss: 1.7144	Val Accuracy: 19.28
Training Epoch: 135/200	Train Loss: 1.6976	Val Accuracy: 19.28
Training Epoch: 136/200	Train Loss: 1.6841	Val Accuracy: 19.36
Training Epoch: 137/200	Train Loss: 1.7365	Val Accuracy: 19.36
Training Epoch: 138/200	Train Loss: 1.7371	Val Accuracy: 19.5
Training Epoch: 139/200	Train Loss: 1.7165	Val Accuracy: 19.5
Training Epoch: 140/200	Train Loss: 1.6417	Val Accuracy: 19.44
Training Epoch: 141/200	Train Loss: 1.6453	Val Accuracy: 19.44
Training Epoch: 142/200	Train Loss: 1.7104	Val Accuracy: 19.46
Training Epoch: 143/200	Train Loss: 1.6937	Val Accuracy: 19.46
Training Epoch: 144/200	Train Loss: 1.687	Val Accuracy: 20.0
Training Epoch: 145/200	Train Loss: 1.6798	Val Accuracy: 20.0
Training Epoch: 146/200	Train Loss: 1.7563	Val Accuracy: 19.42
Training Epoch: 147/200	Train Loss: 1.7014	Val Accuracy: 19.42
Training Epoch: 148/200	Train Loss: 1.6489	Val Accuracy: 19.76
Training Epoch: 149/200	Train Loss: 1.5749	Val Accuracy: 19.76
Training Epoch: 150/200	Train Loss: 1.5892	Val Accuracy: 20.02
Training Epoch: 151/200	Train Loss: 1.5829	Val Accuracy: 20.02
Training Epoch: 152/200	Train Loss: 1.6316	Val Accuracy: 19.9
Training Epoch: 153/200	Train Loss: 1.633	Val Accuracy: 19.9
Training Epoch: 154/200	Train Loss: 1.5871	Val Accuracy: 19.74
Training Epoch: 155/200	Train Loss: 1.5334	Val Accuracy: 19.74
Training Epoch: 156/200	Train Loss: 1.5813	Val Accuracy: 20.0
Training Epoch: 157/200	Train Loss: 1.6115	Val Accuracy: 20.0
Training Epoch: 158/200	Train Loss: 1.5881	Val Accuracy: 19.82
Training Epoch: 159/200	Train Loss: 1.6124	Val Accuracy: 19.82
Training Epoch: 160/200	Train Loss: 1.5003	Val Accuracy: 20.18
Training Epoch: 161/200	Train Loss: 1.573	Val Accuracy: 20.18
Training Epoch: 162/200	Train Loss: 1.5716	Val Accuracy: 20.0
Training Epoch: 163/200	Train Loss: 1.5392	Val Accuracy: 20.0
Training Epoch: 164/200	Train Loss: 1.5921	Val Accuracy: 19.44
Training Epoch: 165/200	Train Loss: 1.5291	Val Accuracy: 19.44
Training Epoch: 166/200	Train Loss: 1.5225	Val Accuracy: 19.8
Training Epoch: 167/200	Train Loss: 1.4535	Val Accuracy: 19.8
Training Epoch: 168/200	Train Loss: 1.4978	Val Accuracy: 20.08
Training Epoch: 169/200	Train Loss: 1.523	Val Accuracy: 20.08
Training Epoch: 170/200	Train Loss: 1.5089	Val Accuracy: 20.04
Training Epoch: 171/200	Train Loss: 1.5335	Val Accuracy: 20.04
Training Epoch: 172/200	Train Loss: 1.5253	Val Accuracy: 19.56
Training Epoch: 173/200	Train Loss: 1.4675	Val Accuracy: 19.56
Training Epoch: 174/200	Train Loss: 1.4605	Val Accuracy: 19.52
Training Epoch: 175/200	Train Loss: 1.4449	Val Accuracy: 19.52
Training Epoch: 176/200	Train Loss: 1.5583	Val Accuracy: 20.04
Training Epoch: 177/200	Train Loss: 1.4498	Val Accuracy: 20.04
Training Epoch: 178/200	Train Loss: 1.471	Val Accuracy: 19.72
Training Epoch: 179/200	Train Loss: 1.4445	Val Accuracy: 19.72
Training Epoch: 180/200	Train Loss: 1.4611	Val Accuracy: 20.04
Training Epoch: 181/200	Train Loss: 1.4869	Val Accuracy: 20.04
Training Epoch: 182/200	Train Loss: 1.5088	Val Accuracy: 20.06
Training Epoch: 183/200	Train Loss: 1.5344	Val Accuracy: 20.06
Training Epoch: 184/200	Train Loss: 1.3919	Val Accuracy: 19.98
Training Epoch: 185/200	Train Loss: 1.4039	Val Accuracy: 19.98
Training Epoch: 186/200	Train Loss: 1.4248	Val Accuracy: 19.82
Training Epoch: 187/200	Train Loss: 1.4665	Val Accuracy: 19.82
Training Epoch: 188/200	Train Loss: 1.4485	Val Accuracy: 19.82
Training Epoch: 189/200	Train Loss: 1.493	Val Accuracy: 19.82
Training Epoch: 190/200	Train Loss: 1.3775	Val Accuracy: 20.26
Training Epoch: 191/200	Train Loss: 1.3577	Val Accuracy: 20.26
Training Epoch: 192/200	Train Loss: 1.4073	Val Accuracy: 20.02
Training Epoch: 193/200	Train Loss: 1.4134	Val Accuracy: 20.02
Training Epoch: 194/200	Train Loss: 1.4718	Val Accuracy: 19.5
Training Epoch: 195/200	Train Loss: 1.4084	Val Accuracy: 19.5
Training Epoch: 196/200	Train Loss: 1.4445	Val Accuracy: 19.78
Training Epoch: 197/200	Train Loss: 1.3795	Val Accuracy: 19.78
Training Epoch: 198/200	Train Loss: 1.4266	Val Accuracy: 19.8
Training Epoch: 199/200	Train Loss: 1.3652	Val Accuracy: 19.8
Training Epoch: 200/200	Train Loss: 1.4261	Val Accuracy: 19.64

Wrote Best Model Checkpoint to: vlBest_acc_20_model_epoch_0190.pyth

Best Validation Accuracy: 20.26
Best Epoch: 190

======== TESTING ========

Test Accuracy: 20.41.

======== ACTIVE SAMPLING ========

Active Sampling Complete. After Episode 1:
New Labeled Set: 150, New Unlabeled Set: 44850, Active Set: 50

================================


Current accuracy values:  [18.549999999999997, 20.409999999999997]
Starting model from scratch - ignoring existing weights.
<All keys matched successfully>
None
======== EPISODE 2 BEGINS ========

======== TRAINING ========
Training Epoch: 1/200	Train Loss: 2.5051	Val Accuracy: 0.0
Training Epoch: 2/200	Train Loss: 6.8125	Val Accuracy: 9.92
Training Epoch: 3/200	Train Loss: 14.0297	Val Accuracy: 9.92
Training Epoch: 4/200	Train Loss: 13.841	Val Accuracy: 9.88
Training Epoch: 5/200	Train Loss: 20.7385	Val Accuracy: 9.88
Training Epoch: 6/200	Train Loss: 15.5517	Val Accuracy: 10.22
Training Epoch: 7/200	Train Loss: 20.5255	Val Accuracy: 10.22
Training Epoch: 8/200	Train Loss: 8.719	Val Accuracy: 9.88
Training Epoch: 9/200	Train Loss: 4.2956	Val Accuracy: 9.88
Training Epoch: 10/200	Train Loss: 3.7975	Val Accuracy: 9.88
Training Epoch: 11/200	Train Loss: 3.5272	Val Accuracy: 9.88
Training Epoch: 12/200	Train Loss: 10.2698	Val Accuracy: 9.56
Training Epoch: 13/200	Train Loss: 12.7669	Val Accuracy: 9.56
Training Epoch: 14/200	Train Loss: 6.888	Val Accuracy: 9.92
Training Epoch: 15/200	Train Loss: 5.6624	Val Accuracy: 9.92
Training Epoch: 16/200	Train Loss: 11.9254	Val Accuracy: 9.84
Training Epoch: 17/200	Train Loss: 5.2214	Val Accuracy: 9.84
Training Epoch: 18/200	Train Loss: 13.1592	Val Accuracy: 9.92
Training Epoch: 19/200	Train Loss: 34.0613	Val Accuracy: 9.92
Training Epoch: 20/200	Train Loss: 7.5304	Val Accuracy: 10.22
Training Epoch: 21/200	Train Loss: 22.7072	Val Accuracy: 10.22
Training Epoch: 22/200	Train Loss: 5.8129	Val Accuracy: 9.98
Training Epoch: 23/200	Train Loss: 7.0555	Val Accuracy: 9.98
Training Epoch: 24/200	Train Loss: 5.8149	Val Accuracy: 9.82
Training Epoch: 25/200	Train Loss: 6.8175	Val Accuracy: 9.82
Training Epoch: 26/200	Train Loss: 3.6955	Val Accuracy: 10.04
Training Epoch: 27/200	Train Loss: 4.1275	Val Accuracy: 10.04
Training Epoch: 28/200	Train Loss: 3.1129	Val Accuracy: 11.28
Training Epoch: 29/200	Train Loss: 2.2924	Val Accuracy: 11.28
Training Epoch: 30/200	Train Loss: 2.5025	Val Accuracy: 11.9
Training Epoch: 31/200	Train Loss: 2.3884	Val Accuracy: 11.9
Training Epoch: 32/200	Train Loss: 2.3311	Val Accuracy: 13.18
Training Epoch: 33/200	Train Loss: 2.3916	Val Accuracy: 13.18
Training Epoch: 34/200	Train Loss: 5.689	Val Accuracy: 13.02
Training Epoch: 35/200	Train Loss: 3.2039	Val Accuracy: 13.02
Training Epoch: 36/200	Train Loss: 2.5878	Val Accuracy: 13.98
Training Epoch: 37/200	Train Loss: 16.604	Val Accuracy: 13.98
Training Epoch: 38/200	Train Loss: 2.3207	Val Accuracy: 13.58
Training Epoch: 39/200	Train Loss: 2.2863	Val Accuracy: 13.58
Training Epoch: 40/200	Train Loss: 2.2386	Val Accuracy: 13.66
Training Epoch: 41/200	Train Loss: 12.9282	Val Accuracy: 13.66
Training Epoch: 42/200	Train Loss: 2.2292	Val Accuracy: 12.78
Training Epoch: 43/200	Train Loss: 2.3601	Val Accuracy: 12.78
Training Epoch: 44/200	Train Loss: 2.2967	Val Accuracy: 12.0
Training Epoch: 45/200	Train Loss: 3.8459	Val Accuracy: 12.0
Training Epoch: 46/200	Train Loss: 2.3659	Val Accuracy: 12.6
Training Epoch: 47/200	Train Loss: 2.1736	Val Accuracy: 12.6
Training Epoch: 48/200	Train Loss: 2.2016	Val Accuracy: 12.4
Training Epoch: 49/200	Train Loss: 2.265	Val Accuracy: 12.4
Training Epoch: 50/200	Train Loss: 3.5466	Val Accuracy: 12.16
Training Epoch: 51/200	Train Loss: 7.4466	Val Accuracy: 12.16
Training Epoch: 52/200	Train Loss: 9.3013	Val Accuracy: 13.16
Training Epoch: 53/200	Train Loss: 7.7133	Val Accuracy: 13.16
Training Epoch: 54/200	Train Loss: 4.1944	Val Accuracy: 12.44
Training Epoch: 55/200	Train Loss: 3.6857	Val Accuracy: 12.44
Training Epoch: 56/200	Train Loss: 2.7489	Val Accuracy: 11.68
Training Epoch: 57/200	Train Loss: 2.2374	Val Accuracy: 11.68
Training Epoch: 58/200	Train Loss: 2.2305	Val Accuracy: 11.48
Training Epoch: 59/200	Train Loss: 3.622	Val Accuracy: 11.48
Training Epoch: 60/200	Train Loss: 6.7226	Val Accuracy: 11.4
Training Epoch: 61/200	Train Loss: 3.8921	Val Accuracy: 11.4
Training Epoch: 62/200	Train Loss: 6.2113	Val Accuracy: 11.92
Training Epoch: 63/200	Train Loss: 3.9235	Val Accuracy: 11.92
Training Epoch: 64/200	Train Loss: 2.2653	Val Accuracy: 11.7
Training Epoch: 65/200	Train Loss: 4.2987	Val Accuracy: 11.7
Training Epoch: 66/200	Train Loss: 2.7718	Val Accuracy: 12.2
Training Epoch: 67/200	Train Loss: 6.3666	Val Accuracy: 12.2
Training Epoch: 68/200	Train Loss: 3.1059	Val Accuracy: 11.76
Training Epoch: 69/200	Train Loss: 2.2299	Val Accuracy: 11.76
Training Epoch: 70/200	Train Loss: 3.1409	Val Accuracy: 11.88
Training Epoch: 71/200	Train Loss: 3.9064	Val Accuracy: 11.88
Training Epoch: 72/200	Train Loss: 3.7804	Val Accuracy: 11.0
Training Epoch: 73/200	Train Loss: 2.3235	Val Accuracy: 11.0
Training Epoch: 74/200	Train Loss: 3.0048	Val Accuracy: 11.46
Training Epoch: 75/200	Train Loss: 2.4115	Val Accuracy: 11.46
Training Epoch: 76/200	Train Loss: 7.1064	Val Accuracy: 11.18
Training Epoch: 77/200	Train Loss: 2.3047	Val Accuracy: 11.18
Training Epoch: 78/200	Train Loss: 6.5377	Val Accuracy: 11.44
Training Epoch: 79/200	Train Loss: 4.653	Val Accuracy: 11.44
Training Epoch: 80/200	Train Loss: 2.8635	Val Accuracy: 11.02
Training Epoch: 81/200	Train Loss: 4.2777	Val Accuracy: 11.02
Training Epoch: 82/200	Train Loss: 2.9033	Val Accuracy: 11.02
Training Epoch: 83/200	Train Loss: 5.8101	Val Accuracy: 11.02
Training Epoch: 84/200	Train Loss: 5.8871	Val Accuracy: 11.18
Training Epoch: 85/200	Train Loss: 4.6929	Val Accuracy: 11.18
Training Epoch: 86/200	Train Loss: 2.2208	Val Accuracy: 11.38
Training Epoch: 87/200	Train Loss: 9.1895	Val Accuracy: 11.38
Training Epoch: 88/200	Train Loss: 7.2275	Val Accuracy: 11.48
Training Epoch: 89/200	Train Loss: 2.4327	Val Accuracy: 11.48
Training Epoch: 90/200	Train Loss: 6.6287	Val Accuracy: 11.78
Training Epoch: 91/200	Train Loss: 3.0588	Val Accuracy: 11.78
Training Epoch: 92/200	Train Loss: 2.3741	Val Accuracy: 12.0
Training Epoch: 93/200	Train Loss: 7.6817	Val Accuracy: 12.0
Training Epoch: 94/200	Train Loss: 2.4312	Val Accuracy: 10.62
Training Epoch: 95/200	Train Loss: 4.088	Val Accuracy: 10.62
Training Epoch: 96/200	Train Loss: 2.6808	Val Accuracy: 10.54
Training Epoch: 97/200	Train Loss: 6.2519	Val Accuracy: 10.54
Training Epoch: 98/200	Train Loss: 2.1635	Val Accuracy: 10.36
Training Epoch: 99/200	Train Loss: 6.0287	Val Accuracy: 10.36
Training Epoch: 100/200	Train Loss: 2.322	Val Accuracy: 10.44
Training Epoch: 101/200	Train Loss: 2.2325	Val Accuracy: 10.44
Training Epoch: 102/200	Train Loss: 6.2743	Val Accuracy: 10.5
Training Epoch: 103/200	Train Loss: 2.1253	Val Accuracy: 10.5
Training Epoch: 104/200	Train Loss: 2.2281	Val Accuracy: 11.08
Training Epoch: 105/200	Train Loss: 2.1726	Val Accuracy: 11.08
Training Epoch: 106/200	Train Loss: 2.8229	Val Accuracy: 11.02
Training Epoch: 107/200	Train Loss: 2.3032	Val Accuracy: 11.02
Training Epoch: 108/200	Train Loss: 2.5349	Val Accuracy: 11.08
Training Epoch: 109/200	Train Loss: 4.4277	Val Accuracy: 11.08
Training Epoch: 110/200	Train Loss: 3.494	Val Accuracy: 11.44
Training Epoch: 111/200	Train Loss: 3.1935	Val Accuracy: 11.44
Training Epoch: 112/200	Train Loss: 7.1	Val Accuracy: 11.66
Training Epoch: 113/200	Train Loss: 4.6921	Val Accuracy: 11.66
Training Epoch: 114/200	Train Loss: 2.4713	Val Accuracy: 11.34
Training Epoch: 115/200	Train Loss: 3.451	Val Accuracy: 11.34
Training Epoch: 116/200	Train Loss: 3.8597	Val Accuracy: 12.36
Training Epoch: 117/200	Train Loss: 2.7604	Val Accuracy: 12.36
Training Epoch: 118/200	Train Loss: 4.9207	Val Accuracy: 12.36
Training Epoch: 119/200	Train Loss: 3.1988	Val Accuracy: 12.36
Training Epoch: 120/200	Train Loss: 3.5539	Val Accuracy: 12.48
Training Epoch: 121/200	Train Loss: 3.6785	Val Accuracy: 12.48
Training Epoch: 122/200	Train Loss: 4.8729	Val Accuracy: 12.44
Training Epoch: 123/200	Train Loss: 4.4116	Val Accuracy: 12.44
Training Epoch: 124/200	Train Loss: 2.4681	Val Accuracy: 12.44
Training Epoch: 125/200	Train Loss: 2.1719	Val Accuracy: 12.44
Training Epoch: 126/200	Train Loss: 4.342	Val Accuracy: 12.84
Training Epoch: 127/200	Train Loss: 4.2345	Val Accuracy: 12.84
Training Epoch: 128/200	Train Loss: 2.7628	Val Accuracy: 14.1
Training Epoch: 129/200	Train Loss: 4.4642	Val Accuracy: 14.1
Training Epoch: 130/200	Train Loss: 2.8014	Val Accuracy: 13.5
Training Epoch: 131/200	Train Loss: 6.8416	Val Accuracy: 13.5
Training Epoch: 132/200	Train Loss: 2.2703	Val Accuracy: 14.0
Training Epoch: 133/200	Train Loss: 4.5725	Val Accuracy: 14.0
Training Epoch: 134/200	Train Loss: 2.9189	Val Accuracy: 13.74
Training Epoch: 135/200	Train Loss: 3.2098	Val Accuracy: 13.74
Training Epoch: 136/200	Train Loss: 2.3909	Val Accuracy: 13.64
Training Epoch: 137/200	Train Loss: 2.486	Val Accuracy: 13.64
Training Epoch: 138/200	Train Loss: 2.2497	Val Accuracy: 13.26
Training Epoch: 139/200	Train Loss: 6.2275	Val Accuracy: 13.26
Training Epoch: 140/200	Train Loss: 3.6941	Val Accuracy: 13.12
Training Epoch: 141/200	Train Loss: 2.8645	Val Accuracy: 13.12
Training Epoch: 142/200	Train Loss: 4.0294	Val Accuracy: 13.56
Training Epoch: 143/200	Train Loss: 2.1653	Val Accuracy: 13.56
Training Epoch: 144/200	Train Loss: 4.7674	Val Accuracy: 13.48
Training Epoch: 145/200	Train Loss: 2.1964	Val Accuracy: 13.48
Training Epoch: 146/200	Train Loss: 2.1659	Val Accuracy: 12.86
Training Epoch: 147/200	Train Loss: 2.2583	Val Accuracy: 12.86
Training Epoch: 148/200	Train Loss: 2.6152	Val Accuracy: 13.12
Training Epoch: 149/200	Train Loss: 5.656	Val Accuracy: 13.12
Training Epoch: 150/200	Train Loss: 2.6347	Val Accuracy: 13.4
Training Epoch: 151/200	Train Loss: 2.1821	Val Accuracy: 13.4
Training Epoch: 152/200	Train Loss: 4.8751	Val Accuracy: 13.58
Training Epoch: 153/200	Train Loss: 5.4552	Val Accuracy: 13.58
Training Epoch: 154/200	Train Loss: 2.9467	Val Accuracy: 14.1
Training Epoch: 155/200	Train Loss: 2.1347	Val Accuracy: 14.1
Training Epoch: 156/200	Train Loss: 6.3417	Val Accuracy: 13.42
Training Epoch: 157/200	Train Loss: 4.8965	Val Accuracy: 13.42
Training Epoch: 158/200	Train Loss: 2.2188	Val Accuracy: 13.82
Training Epoch: 159/200	Train Loss: 2.0935	Val Accuracy: 13.82
Training Epoch: 160/200	Train Loss: 3.3868	Val Accuracy: 13.64
Training Epoch: 161/200	Train Loss: 3.292	Val Accuracy: 13.64
Training Epoch: 162/200	Train Loss: 3.0553	Val Accuracy: 13.82
Training Epoch: 163/200	Train Loss: 2.0837	Val Accuracy: 13.82
Training Epoch: 164/200	Train Loss: 2.1397	Val Accuracy: 13.08
Training Epoch: 165/200	Train Loss: 5.8391	Val Accuracy: 13.08
Training Epoch: 166/200	Train Loss: 3.3374	Val Accuracy: 13.62
Training Epoch: 167/200	Train Loss: 3.8414	Val Accuracy: 13.62
Training Epoch: 168/200	Train Loss: 3.0501	Val Accuracy: 13.7
Training Epoch: 169/200	Train Loss: 2.0726	Val Accuracy: 13.7
Training Epoch: 170/200	Train Loss: 2.1204	Val Accuracy: 13.44
Training Epoch: 171/200	Train Loss: 2.1337	Val Accuracy: 13.44
Training Epoch: 172/200	Train Loss: 2.0275	Val Accuracy: 13.66
Training Epoch: 173/200	Train Loss: 2.891	Val Accuracy: 13.66
Training Epoch: 174/200	Train Loss: 2.1101	Val Accuracy: 13.62
Training Epoch: 175/200	Train Loss: 3.1737	Val Accuracy: 13.62
Training Epoch: 176/200	Train Loss: 3.4083	Val Accuracy: 13.52
Training Epoch: 177/200	Train Loss: 2.1862	Val Accuracy: 13.52
Training Epoch: 178/200	Train Loss: 2.1976	Val Accuracy: 13.82
Training Epoch: 179/200	Train Loss: 2.147	Val Accuracy: 13.82
Training Epoch: 180/200	Train Loss: 2.382	Val Accuracy: 14.1
Training Epoch: 181/200	Train Loss: 3.0832	Val Accuracy: 14.1
Training Epoch: 182/200	Train Loss: 2.9623	Val Accuracy: 14.1
Training Epoch: 183/200	Train Loss: 2.1895	Val Accuracy: 14.1
Training Epoch: 184/200	Train Loss: 2.247	Val Accuracy: 14.6
Training Epoch: 185/200	Train Loss: 2.276	Val Accuracy: 14.6
Training Epoch: 186/200	Train Loss: 4.8125	Val Accuracy: 14.76
Training Epoch: 187/200	Train Loss: 2.0753	Val Accuracy: 14.76
Training Epoch: 188/200	Train Loss: 4.5991	Val Accuracy: 14.22
Training Epoch: 189/200	Train Loss: 2.4041	Val Accuracy: 14.22
Training Epoch: 190/200	Train Loss: 3.173	Val Accuracy: 13.74
Training Epoch: 191/200	Train Loss: 2.1368	Val Accuracy: 13.74
Training Epoch: 192/200	Train Loss: 2.1697	Val Accuracy: 14.12
Training Epoch: 193/200	Train Loss: 2.1308	Val Accuracy: 14.12
Training Epoch: 194/200	Train Loss: 2.0625	Val Accuracy: 14.36
Training Epoch: 195/200	Train Loss: 2.0494	Val Accuracy: 14.36
Training Epoch: 196/200	Train Loss: 3.6642	Val Accuracy: 13.64
Training Epoch: 197/200	Train Loss: 2.0553	Val Accuracy: 13.64
Training Epoch: 198/200	Train Loss: 2.0954	Val Accuracy: 14.12
Training Epoch: 199/200	Train Loss: 2.1062	Val Accuracy: 14.12
Training Epoch: 200/200	Train Loss: 4.2583	Val Accuracy: 14.58

Wrote Best Model Checkpoint to: vlBest_acc_14_model_epoch_0186.pyth

Best Validation Accuracy: 14.76
Best Epoch: 186

======== TESTING ========

Test Accuracy: 13.89.

======== ACTIVE SAMPLING ========

Active Sampling Complete. After Episode 2:
New Labeled Set: 200, New Unlabeled Set: 44800, Active Set: 50

================================


Current accuracy values:  [18.549999999999997, 20.409999999999997, 13.89]
Starting model from scratch - ignoring existing weights.
<All keys matched successfully>
None
======== EPISODE 3 BEGINS ========

======== TRAINING ========
Training Epoch: 1/200	Train Loss: 9.7384	Val Accuracy: 0.0
Training Epoch: 2/200	Train Loss: 20.817	Val Accuracy: 9.92
Training Epoch: 3/200	Train Loss: 17.6458	Val Accuracy: 9.92
Training Epoch: 4/200	Train Loss: 10.4044	Val Accuracy: 9.82
Training Epoch: 5/200	Train Loss: 8.8225	Val Accuracy: 9.82
Training Epoch: 6/200	Train Loss: 15.7422	Val Accuracy: 9.92
Training Epoch: 7/200	Train Loss: 10.7336	Val Accuracy: 9.92
Training Epoch: 8/200	Train Loss: 3.9939	Val Accuracy: 10.04
Training Epoch: 9/200	Train Loss: 3.8775	Val Accuracy: 10.04
Training Epoch: 10/200	Train Loss: 7.0881	Val Accuracy: 9.88
Training Epoch: 11/200	Train Loss: 2.6447	Val Accuracy: 9.88
Training Epoch: 12/200	Train Loss: 4.1325	Val Accuracy: 12.54
Training Epoch: 13/200	Train Loss: 6.6595	Val Accuracy: 12.54
Training Epoch: 14/200	Train Loss: 6.065	Val Accuracy: 15.02
Training Epoch: 15/200	Train Loss: 2.387	Val Accuracy: 15.02
Training Epoch: 16/200	Train Loss: 7.2665	Val Accuracy: 13.76
Training Epoch: 17/200	Train Loss: 3.227	Val Accuracy: 13.76
Training Epoch: 18/200	Train Loss: 2.9671	Val Accuracy: 10.28
Training Epoch: 19/200	Train Loss: 2.5123	Val Accuracy: 10.28
Training Epoch: 20/200	Train Loss: 3.0924	Val Accuracy: 10.42
Training Epoch: 21/200	Train Loss: 2.4212	Val Accuracy: 10.42
Training Epoch: 22/200	Train Loss: 2.4654	Val Accuracy: 11.68
Training Epoch: 23/200	Train Loss: 4.511	Val Accuracy: 11.68
Training Epoch: 24/200	Train Loss: 5.0517	Val Accuracy: 13.04
Training Epoch: 25/200	Train Loss: 6.1421	Val Accuracy: 13.04
Training Epoch: 26/200	Train Loss: 4.4196	Val Accuracy: 12.46
Training Epoch: 27/200	Train Loss: 3.2591	Val Accuracy: 12.46
Training Epoch: 28/200	Train Loss: 5.1568	Val Accuracy: 12.46
Training Epoch: 29/200	Train Loss: 4.8742	Val Accuracy: 12.46
Training Epoch: 30/200	Train Loss: 4.8764	Val Accuracy: 11.26
Training Epoch: 31/200	Train Loss: 2.4141	Val Accuracy: 11.26
Training Epoch: 32/200	Train Loss: 2.8428	Val Accuracy: 10.62
Training Epoch: 33/200	Train Loss: 6.0227	Val Accuracy: 10.62
Training Epoch: 34/200	Train Loss: 5.5323	Val Accuracy: 10.84
Training Epoch: 35/200	Train Loss: 2.9918	Val Accuracy: 10.84
Training Epoch: 36/200	Train Loss: 2.8002	Val Accuracy: 11.84
Training Epoch: 37/200	Train Loss: 3.0424	Val Accuracy: 11.84
Training Epoch: 38/200	Train Loss: 4.6218	Val Accuracy: 15.54
Training Epoch: 39/200	Train Loss: 2.1163	Val Accuracy: 15.54
Training Epoch: 40/200	Train Loss: 3.8869	Val Accuracy: 13.76
Training Epoch: 41/200	Train Loss: 2.6334	Val Accuracy: 13.76
Training Epoch: 42/200	Train Loss: 3.6019	Val Accuracy: 14.22
Training Epoch: 43/200	Train Loss: 3.0957	Val Accuracy: 14.22
Training Epoch: 44/200	Train Loss: 1.9735	Val Accuracy: 16.64
Training Epoch: 45/200	Train Loss: 2.9983	Val Accuracy: 16.64
Training Epoch: 46/200	Train Loss: 3.7092	Val Accuracy: 16.98
Training Epoch: 47/200	Train Loss: 2.4255	Val Accuracy: 16.98
Training Epoch: 48/200	Train Loss: 5.3229	Val Accuracy: 16.92
Training Epoch: 49/200	Train Loss: 3.6185	Val Accuracy: 16.92
Training Epoch: 50/200	Train Loss: 2.4247	Val Accuracy: 16.8
Training Epoch: 51/200	Train Loss: 3.5743	Val Accuracy: 16.8
Training Epoch: 52/200	Train Loss: 1.8893	Val Accuracy: 17.72
Training Epoch: 53/200	Train Loss: 4.2087	Val Accuracy: 17.72
Training Epoch: 54/200	Train Loss: 1.913	Val Accuracy: 17.88
Training Epoch: 55/200	Train Loss: 7.11	Val Accuracy: 17.88
Training Epoch: 56/200	Train Loss: 1.8893	Val Accuracy: 18.16
Training Epoch: 57/200	Train Loss: 1.8681	Val Accuracy: 18.16
Training Epoch: 58/200	Train Loss: 1.8561	Val Accuracy: 17.82
Training Epoch: 59/200	Train Loss: 1.9158	Val Accuracy: 17.82
Training Epoch: 60/200	Train Loss: 4.9966	Val Accuracy: 19.06
Training Epoch: 61/200	Train Loss: 1.8795	Val Accuracy: 19.06
Training Epoch: 62/200	Train Loss: 4.3779	Val Accuracy: 21.38
Training Epoch: 63/200	Train Loss: 2.3014	Val Accuracy: 21.38
Training Epoch: 64/200	Train Loss: 1.9302	Val Accuracy: 19.68
Training Epoch: 65/200	Train Loss: 1.8664	Val Accuracy: 19.68
Training Epoch: 66/200	Train Loss: 2.7971	Val Accuracy: 19.6
Training Epoch: 67/200	Train Loss: 5.5374	Val Accuracy: 19.6
Training Epoch: 68/200	Train Loss: 2.8528	Val Accuracy: 21.1
Training Epoch: 69/200	Train Loss: 3.992	Val Accuracy: 21.1
Training Epoch: 70/200	Train Loss: 1.9253	Val Accuracy: 21.0
Training Epoch: 71/200	Train Loss: 3.7054	Val Accuracy: 21.0
Training Epoch: 72/200	Train Loss: 6.3357	Val Accuracy: 21.38
Training Epoch: 73/200	Train Loss: 2.3287	Val Accuracy: 21.38
Training Epoch: 74/200	Train Loss: 2.1825	Val Accuracy: 19.1
Training Epoch: 75/200	Train Loss: 3.3762	Val Accuracy: 19.1
Training Epoch: 76/200	Train Loss: 3.6999	Val Accuracy: 19.94
Training Epoch: 77/200	Train Loss: 4.9968	Val Accuracy: 19.94
Training Epoch: 78/200	Train Loss: 2.9701	Val Accuracy: 20.9
Training Epoch: 79/200	Train Loss: 3.1534	Val Accuracy: 20.9
Training Epoch: 80/200	Train Loss: 1.6536	Val Accuracy: 21.28
Training Epoch: 81/200	Train Loss: 4.5822	Val Accuracy: 21.28
Training Epoch: 82/200	Train Loss: 1.6491	Val Accuracy: 21.08
Training Epoch: 83/200	Train Loss: 1.6964	Val Accuracy: 21.08
Training Epoch: 84/200	Train Loss: 2.84	Val Accuracy: 20.56
Training Epoch: 85/200	Train Loss: 5.9964	Val Accuracy: 20.56
Training Epoch: 86/200	Train Loss: 1.6723	Val Accuracy: 20.72
Training Epoch: 87/200	Train Loss: 1.767	Val Accuracy: 20.72
Training Epoch: 88/200	Train Loss: 3.7041	Val Accuracy: 21.38
Training Epoch: 89/200	Train Loss: 1.6969	Val Accuracy: 21.38
Training Epoch: 90/200	Train Loss: 1.6999	Val Accuracy: 21.7
Training Epoch: 91/200	Train Loss: 2.4251	Val Accuracy: 21.7
Training Epoch: 92/200	Train Loss: 4.159	Val Accuracy: 21.86
Training Epoch: 93/200	Train Loss: 2.9721	Val Accuracy: 21.86
Training Epoch: 94/200	Train Loss: 3.0683	Val Accuracy: 20.3
Training Epoch: 95/200	Train Loss: 4.5482	Val Accuracy: 20.3
Training Epoch: 96/200	Train Loss: 1.5901	Val Accuracy: 19.76
Training Epoch: 97/200	Train Loss: 4.5116	Val Accuracy: 19.76
Training Epoch: 98/200	Train Loss: 1.5819	Val Accuracy: 18.26
Training Epoch: 99/200	Train Loss: 1.5754	Val Accuracy: 18.26
Training Epoch: 100/200	Train Loss: 1.51	Val Accuracy: 20.3
Training Epoch: 101/200	Train Loss: 3.6132	Val Accuracy: 20.3
Training Epoch: 102/200	Train Loss: 2.18	Val Accuracy: 19.78
Training Epoch: 103/200	Train Loss: 2.8944	Val Accuracy: 19.78
Training Epoch: 104/200	Train Loss: 1.4747	Val Accuracy: 20.1
Training Epoch: 105/200	Train Loss: 1.9969	Val Accuracy: 20.1
Training Epoch: 106/200	Train Loss: 1.5189	Val Accuracy: 21.92
Training Epoch: 107/200	Train Loss: 1.5735	Val Accuracy: 21.92
Training Epoch: 108/200	Train Loss: 3.8206	Val Accuracy: 21.88
Training Epoch: 109/200	Train Loss: 1.8927	Val Accuracy: 21.88
Training Epoch: 110/200	Train Loss: 1.7855	Val Accuracy: 23.56
Training Epoch: 111/200	Train Loss: 4.2186	Val Accuracy: 23.56
Training Epoch: 112/200	Train Loss: 3.7675	Val Accuracy: 22.0
Training Epoch: 113/200	Train Loss: 4.7327	Val Accuracy: 22.0
Training Epoch: 114/200	Train Loss: 3.7898	Val Accuracy: 19.82
Training Epoch: 115/200	Train Loss: 1.7899	Val Accuracy: 19.82
Training Epoch: 116/200	Train Loss: 1.6357	Val Accuracy: 20.38
Training Epoch: 117/200	Train Loss: 4.1154	Val Accuracy: 20.38
Training Epoch: 118/200	Train Loss: 2.0182	Val Accuracy: 21.8
Training Epoch: 119/200	Train Loss: 2.0871	Val Accuracy: 21.8
Training Epoch: 120/200	Train Loss: 5.7977	Val Accuracy: 22.76
Training Epoch: 121/200	Train Loss: 3.9683	Val Accuracy: 22.76
Training Epoch: 122/200	Train Loss: 1.6212	Val Accuracy: 22.54
Training Epoch: 123/200	Train Loss: 1.5449	Val Accuracy: 22.54
Training Epoch: 124/200	Train Loss: 3.1752	Val Accuracy: 23.6
Training Epoch: 125/200	Train Loss: 4.3003	Val Accuracy: 23.6
Training Epoch: 126/200	Train Loss: 1.4913	Val Accuracy: 24.1
Training Epoch: 127/200	Train Loss: 1.6029	Val Accuracy: 24.1
Training Epoch: 128/200	Train Loss: 1.6482	Val Accuracy: 24.06
Training Epoch: 129/200	Train Loss: 1.2723	Val Accuracy: 24.06
Training Epoch: 130/200	Train Loss: 1.3969	Val Accuracy: 24.34
Training Epoch: 131/200	Train Loss: 1.3837	Val Accuracy: 24.34
Training Epoch: 132/200	Train Loss: 1.6733	Val Accuracy: 24.6
Training Epoch: 133/200	Train Loss: 1.3654	Val Accuracy: 24.6
Training Epoch: 134/200	Train Loss: 2.3093	Val Accuracy: 24.08
Training Epoch: 135/200	Train Loss: 2.401	Val Accuracy: 24.08
Training Epoch: 136/200	Train Loss: 2.8925	Val Accuracy: 24.42
Training Epoch: 137/200	Train Loss: 1.2437	Val Accuracy: 24.42
Training Epoch: 138/200	Train Loss: 1.3611	Val Accuracy: 23.88
Training Epoch: 139/200	Train Loss: 1.6017	Val Accuracy: 23.88
Training Epoch: 140/200	Train Loss: 1.4915	Val Accuracy: 24.48
Training Epoch: 141/200	Train Loss: 1.2897	Val Accuracy: 24.48
Training Epoch: 142/200	Train Loss: 1.1123	Val Accuracy: 24.48
Training Epoch: 143/200	Train Loss: 1.1596	Val Accuracy: 24.48
Training Epoch: 144/200	Train Loss: 4.8714	Val Accuracy: 25.48
Training Epoch: 145/200	Train Loss: 0.9954	Val Accuracy: 25.48
Training Epoch: 146/200	Train Loss: 1.3886	Val Accuracy: 24.38
Training Epoch: 147/200	Train Loss: 1.0944	Val Accuracy: 24.38
Training Epoch: 148/200	Train Loss: 1.1024	Val Accuracy: 23.94
Training Epoch: 149/200	Train Loss: 2.136	Val Accuracy: 23.94
Training Epoch: 150/200	Train Loss: 1.3102	Val Accuracy: 24.92
Training Epoch: 151/200	Train Loss: 0.9795	Val Accuracy: 24.92
Training Epoch: 152/200	Train Loss: 1.1328	Val Accuracy: 24.1
Training Epoch: 153/200	Train Loss: 5.7366	Val Accuracy: 24.1
Training Epoch: 154/200	Train Loss: 1.3189	Val Accuracy: 25.04
Training Epoch: 155/200	Train Loss: 1.2078	Val Accuracy: 25.04
Training Epoch: 156/200	Train Loss: 1.2267	Val Accuracy: 25.22
Training Epoch: 157/200	Train Loss: 0.9269	Val Accuracy: 25.22
Training Epoch: 158/200	Train Loss: 0.927	Val Accuracy: 24.5
Training Epoch: 159/200	Train Loss: 1.2104	Val Accuracy: 24.5
Training Epoch: 160/200	Train Loss: 0.8451	Val Accuracy: 25.18
Training Epoch: 161/200	Train Loss: 1.2979	Val Accuracy: 25.18
Training Epoch: 162/200	Train Loss: 1.2062	Val Accuracy: 25.34
Training Epoch: 163/200	Train Loss: 0.692	Val Accuracy: 25.34
Training Epoch: 164/200	Train Loss: 0.8877	Val Accuracy: 26.18
Training Epoch: 165/200	Train Loss: 0.7723	Val Accuracy: 26.18
Training Epoch: 166/200	Train Loss: 1.2573	Val Accuracy: 25.94
Training Epoch: 167/200	Train Loss: 0.868	Val Accuracy: 25.94
Training Epoch: 168/200	Train Loss: 0.9214	Val Accuracy: 24.86
Training Epoch: 169/200	Train Loss: 0.6697	Val Accuracy: 24.86
Training Epoch: 170/200	Train Loss: 0.7928	Val Accuracy: 24.94
Training Epoch: 171/200	Train Loss: 0.7325	Val Accuracy: 24.94
Training Epoch: 172/200	Train Loss: 0.6673	Val Accuracy: 26.1
Training Epoch: 173/200	Train Loss: 0.7409	Val Accuracy: 26.1
Training Epoch: 174/200	Train Loss: 0.5777	Val Accuracy: 25.7
Training Epoch: 175/200	Train Loss: 0.486	Val Accuracy: 25.7
Training Epoch: 176/200	Train Loss: 0.6931	Val Accuracy: 25.28
Training Epoch: 177/200	Train Loss: 0.6278	Val Accuracy: 25.28
Training Epoch: 178/200	Train Loss: 0.546	Val Accuracy: 24.72
Training Epoch: 179/200	Train Loss: 0.643	Val Accuracy: 24.72
Training Epoch: 180/200	Train Loss: 0.7007	Val Accuracy: 25.2
Training Epoch: 181/200	Train Loss: 0.7045	Val Accuracy: 25.2
Training Epoch: 182/200	Train Loss: 0.6337	Val Accuracy: 25.7
Training Epoch: 183/200	Train Loss: 0.5022	Val Accuracy: 25.7
Training Epoch: 184/200	Train Loss: 0.6968	Val Accuracy: 25.18
Training Epoch: 185/200	Train Loss: 0.9326	Val Accuracy: 25.18
Training Epoch: 186/200	Train Loss: 0.5967	Val Accuracy: 25.56
Training Epoch: 187/200	Train Loss: 0.6166	Val Accuracy: 25.56
Training Epoch: 188/200	Train Loss: 0.5591	Val Accuracy: 25.16
Training Epoch: 189/200	Train Loss: 0.7604	Val Accuracy: 25.16
Training Epoch: 190/200	Train Loss: 0.5202	Val Accuracy: 25.62
Training Epoch: 191/200	Train Loss: 3.1763	Val Accuracy: 25.62
Training Epoch: 192/200	Train Loss: 0.5827	Val Accuracy: 25.38
Training Epoch: 193/200	Train Loss: 0.6281	Val Accuracy: 25.38
Training Epoch: 194/200	Train Loss: 0.5808	Val Accuracy: 25.04
Training Epoch: 195/200	Train Loss: 0.5995	Val Accuracy: 25.04
Training Epoch: 196/200	Train Loss: 0.5139	Val Accuracy: 25.84
Training Epoch: 197/200	Train Loss: 0.6291	Val Accuracy: 25.84
Training Epoch: 198/200	Train Loss: 0.7048	Val Accuracy: 25.36
Training Epoch: 199/200	Train Loss: 1.0966	Val Accuracy: 25.36
Training Epoch: 200/200	Train Loss: 1.2936	Val Accuracy: 25.12

Wrote Best Model Checkpoint to: vlBest_acc_26_model_epoch_0164.pyth

Best Validation Accuracy: 26.18
Best Epoch: 164

======== TESTING ========

Test Accuracy: 25.6.

======== ACTIVE SAMPLING ========

Active Sampling Complete. After Episode 3:
New Labeled Set: 250, New Unlabeled Set: 44750, Active Set: 50

================================


Current accuracy values:  [18.549999999999997, 20.409999999999997, 13.89, 25.59999969482422]
Starting model from scratch - ignoring existing weights.
<All keys matched successfully>
None
======== EPISODE 4 BEGINS ========

======== TRAINING ========
Training Epoch: 1/200	Train Loss: 6.7042	Val Accuracy: 0.0
Training Epoch: 2/200	Train Loss: 20.1585	Val Accuracy: 9.92
Training Epoch: 3/200	Train Loss: 25.1901	Val Accuracy: 9.92
Training Epoch: 4/200	Train Loss: 11.0931	Val Accuracy: 9.56
Training Epoch: 5/200	Train Loss: 8.1026	Val Accuracy: 9.56
Training Epoch: 6/200	Train Loss: 18.4398	Val Accuracy: 9.82
Training Epoch: 7/200	Train Loss: 5.6253	Val Accuracy: 9.82
Training Epoch: 8/200	Train Loss: 5.1794	Val Accuracy: 10.22
Training Epoch: 9/200	Train Loss: 4.6608	Val Accuracy: 10.22
Training Epoch: 10/200	Train Loss: 3.7484	Val Accuracy: 9.76
Training Epoch: 11/200	Train Loss: 3.7479	Val Accuracy: 9.76
Training Epoch: 12/200	Train Loss: 2.4858	Val Accuracy: 10.1
Training Epoch: 13/200	Train Loss: 4.6876	Val Accuracy: 10.1
Training Epoch: 14/200	Train Loss: 3.5563	Val Accuracy: 9.98
Training Epoch: 15/200	Train Loss: 5.3287	Val Accuracy: 9.98
Training Epoch: 16/200	Train Loss: 4.4856	Val Accuracy: 9.98
Training Epoch: 17/200	Train Loss: 4.0131	Val Accuracy: 9.98
Training Epoch: 18/200	Train Loss: 3.2278	Val Accuracy: 9.86
Training Epoch: 19/200	Train Loss: 3.2763	Val Accuracy: 9.86
Training Epoch: 20/200	Train Loss: 5.196	Val Accuracy: 10.76
Training Epoch: 21/200	Train Loss: 4.7795	Val Accuracy: 10.76
Training Epoch: 22/200	Train Loss: 3.0203	Val Accuracy: 10.72
Training Epoch: 23/200	Train Loss: 3.1787	Val Accuracy: 10.72
Training Epoch: 24/200	Train Loss: 3.7598	Val Accuracy: 11.26
Training Epoch: 25/200	Train Loss: 3.6516	Val Accuracy: 11.26
Training Epoch: 26/200	Train Loss: 2.9097	Val Accuracy: 13.14
Training Epoch: 27/200	Train Loss: 2.7752	Val Accuracy: 13.14
Training Epoch: 28/200	Train Loss: 2.5066	Val Accuracy: 11.96
Training Epoch: 29/200	Train Loss: 2.778	Val Accuracy: 11.96
Training Epoch: 30/200	Train Loss: 3.6611	Val Accuracy: 10.3
Training Epoch: 31/200	Train Loss: 2.308	Val Accuracy: 10.3
Training Epoch: 32/200	Train Loss: 3.201	Val Accuracy: 10.38
Training Epoch: 33/200	Train Loss: 3.5113	Val Accuracy: 10.38
Training Epoch: 34/200	Train Loss: 4.3279	Val Accuracy: 11.92
Training Epoch: 35/200	Train Loss: 2.6434	Val Accuracy: 11.92
Training Epoch: 36/200	Train Loss: 5.2868	Val Accuracy: 13.28
Training Epoch: 37/200	Train Loss: 3.5294	Val Accuracy: 13.28
Training Epoch: 38/200	Train Loss: 4.4564	Val Accuracy: 11.4
Training Epoch: 39/200	Train Loss: 2.9788	Val Accuracy: 11.4
Training Epoch: 40/200	Train Loss: 3.731	Val Accuracy: 13.36
Training Epoch: 41/200	Train Loss: 3.816	Val Accuracy: 13.36
Training Epoch: 42/200	Train Loss: 2.3292	Val Accuracy: 10.74
Training Epoch: 43/200	Train Loss: 3.9237	Val Accuracy: 10.74
Training Epoch: 44/200	Train Loss: 2.2959	Val Accuracy: 10.26
Training Epoch: 45/200	Train Loss: 2.2544	Val Accuracy: 10.26
Training Epoch: 46/200	Train Loss: 3.3538	Val Accuracy: 12.14
Training Epoch: 47/200	Train Loss: 2.092	Val Accuracy: 12.14
Training Epoch: 48/200	Train Loss: 2.0781	Val Accuracy: 15.86
Training Epoch: 49/200	Train Loss: 3.6466	Val Accuracy: 15.86
Training Epoch: 50/200	Train Loss: 2.5703	Val Accuracy: 18.58
Training Epoch: 51/200	Train Loss: 7.5099	Val Accuracy: 18.58
Training Epoch: 52/200	Train Loss: 5.177	Val Accuracy: 17.24
Training Epoch: 53/200	Train Loss: 3.2801	Val Accuracy: 17.24
Training Epoch: 54/200	Train Loss: 2.0758	Val Accuracy: 16.4
Training Epoch: 55/200	Train Loss: 3.851	Val Accuracy: 16.4
Training Epoch: 56/200	Train Loss: 5.486	Val Accuracy: 17.86
Training Epoch: 57/200	Train Loss: 2.6557	Val Accuracy: 17.86
Training Epoch: 58/200	Train Loss: 1.9261	Val Accuracy: 18.64
Training Epoch: 59/200	Train Loss: 3.4651	Val Accuracy: 18.64
Training Epoch: 60/200	Train Loss: 2.2507	Val Accuracy: 18.2
Training Epoch: 61/200	Train Loss: 2.2305	Val Accuracy: 18.2
Training Epoch: 62/200	Train Loss: 2.0305	Val Accuracy: 17.86
Training Epoch: 63/200	Train Loss: 1.7886	Val Accuracy: 17.86
Training Epoch: 64/200	Train Loss: 1.9862	Val Accuracy: 19.26
Training Epoch: 65/200	Train Loss: 1.9113	Val Accuracy: 19.26
Training Epoch: 66/200	Train Loss: 1.9272	Val Accuracy: 20.22
Training Epoch: 67/200	Train Loss: 1.7261	Val Accuracy: 20.22
Training Epoch: 68/200	Train Loss: 3.568	Val Accuracy: 22.68
Training Epoch: 69/200	Train Loss: 2.3762	Val Accuracy: 22.68
Training Epoch: 70/200	Train Loss: 2.2188	Val Accuracy: 22.64
Training Epoch: 71/200	Train Loss: 1.8169	Val Accuracy: 22.64
Training Epoch: 72/200	Train Loss: 2.3459	Val Accuracy: 22.46
Training Epoch: 73/200	Train Loss: 3.797	Val Accuracy: 22.46
Training Epoch: 74/200	Train Loss: 2.4476	Val Accuracy: 23.42
Training Epoch: 75/200	Train Loss: 1.5431	Val Accuracy: 23.42
Training Epoch: 76/200	Train Loss: 2.8472	Val Accuracy: 23.56
Training Epoch: 77/200	Train Loss: 1.8762	Val Accuracy: 23.56
Training Epoch: 78/200	Train Loss: 1.9596	Val Accuracy: 22.46
Training Epoch: 79/200	Train Loss: 4.3355	Val Accuracy: 22.46
Training Epoch: 80/200	Train Loss: 1.8339	Val Accuracy: 24.58
Training Epoch: 81/200	Train Loss: 1.8222	Val Accuracy: 24.58
Training Epoch: 82/200	Train Loss: 1.6723	Val Accuracy: 21.44
Training Epoch: 83/200	Train Loss: 1.818	Val Accuracy: 21.44
Training Epoch: 84/200	Train Loss: 1.4484	Val Accuracy: 23.44
Training Epoch: 85/200	Train Loss: 1.8779	Val Accuracy: 23.44
Training Epoch: 86/200	Train Loss: 1.6512	Val Accuracy: 23.44
Training Epoch: 87/200	Train Loss: 1.4968	Val Accuracy: 23.44
Training Epoch: 88/200	Train Loss: 1.4596	Val Accuracy: 25.86
Training Epoch: 89/200	Train Loss: 1.4692	Val Accuracy: 25.86
Training Epoch: 90/200	Train Loss: 1.3134	Val Accuracy: 24.28
Training Epoch: 91/200	Train Loss: 1.262	Val Accuracy: 24.28
Training Epoch: 92/200	Train Loss: 1.3363	Val Accuracy: 25.96
Training Epoch: 93/200	Train Loss: 1.7078	Val Accuracy: 25.96
Training Epoch: 94/200	Train Loss: 1.4228	Val Accuracy: 20.46
Training Epoch: 95/200	Train Loss: 1.4957	Val Accuracy: 20.46
Training Epoch: 96/200	Train Loss: 1.5459	Val Accuracy: 21.18
Training Epoch: 97/200	Train Loss: 2.4178	Val Accuracy: 21.18
Training Epoch: 98/200	Train Loss: 1.247	Val Accuracy: 20.78
Training Epoch: 99/200	Train Loss: 1.4012	Val Accuracy: 20.78
Training Epoch: 100/200	Train Loss: 1.3755	Val Accuracy: 22.76
Training Epoch: 101/200	Train Loss: 1.0885	Val Accuracy: 22.76
Training Epoch: 102/200	Train Loss: 4.0176	Val Accuracy: 24.8
Training Epoch: 103/200	Train Loss: 1.3364	Val Accuracy: 24.8
Training Epoch: 104/200	Train Loss: 1.697	Val Accuracy: 27.52
Training Epoch: 105/200	Train Loss: 1.2561	Val Accuracy: 27.52
Training Epoch: 106/200	Train Loss: 2.4146	Val Accuracy: 27.32
Training Epoch: 107/200	Train Loss: 1.2574	Val Accuracy: 27.32
Training Epoch: 108/200	Train Loss: 1.1783	Val Accuracy: 28.24
Training Epoch: 109/200	Train Loss: 1.2236	Val Accuracy: 28.24
Training Epoch: 110/200	Train Loss: 1.2427	Val Accuracy: 27.72
Training Epoch: 111/200	Train Loss: 1.1509	Val Accuracy: 27.72
Training Epoch: 112/200	Train Loss: 0.9887	Val Accuracy: 28.36
Training Epoch: 113/200	Train Loss: 1.2226	Val Accuracy: 28.36
Training Epoch: 114/200	Train Loss: 0.9528	Val Accuracy: 27.96
Training Epoch: 115/200	Train Loss: 0.8656	Val Accuracy: 27.96
Training Epoch: 116/200	Train Loss: 0.9833	Val Accuracy: 26.72
Training Epoch: 117/200	Train Loss: 0.9891	Val Accuracy: 26.72
Training Epoch: 118/200	Train Loss: 0.9201	Val Accuracy: 28.38
Training Epoch: 119/200	Train Loss: 0.7861	Val Accuracy: 28.38
Training Epoch: 120/200	Train Loss: 0.9183	Val Accuracy: 27.6
Training Epoch: 121/200	Train Loss: 2.6782	Val Accuracy: 27.6
Training Epoch: 122/200	Train Loss: 0.8746	Val Accuracy: 28.32
Training Epoch: 123/200	Train Loss: 0.774	Val Accuracy: 28.32
Training Epoch: 124/200	Train Loss: 0.8587	Val Accuracy: 28.6
Training Epoch: 125/200	Train Loss: 0.8342	Val Accuracy: 28.6
Training Epoch: 126/200	Train Loss: 0.6091	Val Accuracy: 27.6
Training Epoch: 127/200	Train Loss: 0.7409	Val Accuracy: 27.6
Training Epoch: 128/200	Train Loss: 0.5693	Val Accuracy: 27.98
Training Epoch: 129/200	Train Loss: 0.8709	Val Accuracy: 27.98
Training Epoch: 130/200	Train Loss: 0.8851	Val Accuracy: 28.74
Training Epoch: 131/200	Train Loss: 0.6965	Val Accuracy: 28.74
Training Epoch: 132/200	Train Loss: 0.8124	Val Accuracy: 28.2
Training Epoch: 133/200	Train Loss: 0.6891	Val Accuracy: 28.2
Training Epoch: 134/200	Train Loss: 0.732	Val Accuracy: 28.28
Training Epoch: 135/200	Train Loss: 0.5885	Val Accuracy: 28.28
Training Epoch: 136/200	Train Loss: 0.5542	Val Accuracy: 28.88
Training Epoch: 137/200	Train Loss: 0.5654	Val Accuracy: 28.88
Training Epoch: 138/200	Train Loss: 0.5038	Val Accuracy: 27.72
Training Epoch: 139/200	Train Loss: 0.6518	Val Accuracy: 27.72
Training Epoch: 140/200	Train Loss: 0.5536	Val Accuracy: 28.18
Training Epoch: 141/200	Train Loss: 0.368	Val Accuracy: 28.18
Training Epoch: 142/200	Train Loss: 0.6939	Val Accuracy: 28.1
Training Epoch: 143/200	Train Loss: 0.5221	Val Accuracy: 28.1
Training Epoch: 144/200	Train Loss: 0.4728	Val Accuracy: 28.18
Training Epoch: 145/200	Train Loss: 0.5284	Val Accuracy: 28.18
Training Epoch: 146/200	Train Loss: 0.668	Val Accuracy: 27.62
Training Epoch: 147/200	Train Loss: 0.4911	Val Accuracy: 27.62
Training Epoch: 148/200	Train Loss: 0.5385	Val Accuracy: 28.72
Training Epoch: 149/200	Train Loss: 0.4731	Val Accuracy: 28.72
Training Epoch: 150/200	Train Loss: 0.5643	Val Accuracy: 28.44
Training Epoch: 151/200	Train Loss: 0.3205	Val Accuracy: 28.44
Training Epoch: 152/200	Train Loss: 0.4421	Val Accuracy: 28.1
Training Epoch: 153/200	Train Loss: 0.8486	Val Accuracy: 28.1
Training Epoch: 154/200	Train Loss: 0.37	Val Accuracy: 27.92
Training Epoch: 155/200	Train Loss: 0.9392	Val Accuracy: 27.92
Training Epoch: 156/200	Train Loss: 0.8812	Val Accuracy: 28.82
Training Epoch: 157/200	Train Loss: 0.3745	Val Accuracy: 28.82
Training Epoch: 158/200	Train Loss: 0.2706	Val Accuracy: 28.74
Training Epoch: 159/200	Train Loss: 0.2516	Val Accuracy: 28.74
Training Epoch: 160/200	Train Loss: 0.3701	Val Accuracy: 28.84
Training Epoch: 161/200	Train Loss: 0.3461	Val Accuracy: 28.84
Training Epoch: 162/200	Train Loss: 0.578	Val Accuracy: 28.48
Training Epoch: 163/200	Train Loss: 0.3199	Val Accuracy: 28.48
Training Epoch: 164/200	Train Loss: 0.2766	Val Accuracy: 28.86
Training Epoch: 165/200	Train Loss: 0.4187	Val Accuracy: 28.86
Training Epoch: 166/200	Train Loss: 0.268	Val Accuracy: 28.86
Training Epoch: 167/200	Train Loss: 0.2029	Val Accuracy: 28.86
Training Epoch: 168/200	Train Loss: 0.286	Val Accuracy: 29.1
Training Epoch: 169/200	Train Loss: 0.5743	Val Accuracy: 29.1
Training Epoch: 170/200	Train Loss: 0.3024	Val Accuracy: 29.1
Training Epoch: 171/200	Train Loss: 0.2008	Val Accuracy: 29.1
Training Epoch: 172/200	Train Loss: 0.3446	Val Accuracy: 28.4
Training Epoch: 173/200	Train Loss: 0.1967	Val Accuracy: 28.4
Training Epoch: 174/200	Train Loss: 0.1718	Val Accuracy: 29.04
Training Epoch: 175/200	Train Loss: 0.2016	Val Accuracy: 29.04
Training Epoch: 176/200	Train Loss: 0.2475	Val Accuracy: 29.02
Training Epoch: 177/200	Train Loss: 0.26	Val Accuracy: 29.02
Training Epoch: 178/200	Train Loss: 0.159	Val Accuracy: 29.3
Training Epoch: 179/200	Train Loss: 0.9447	Val Accuracy: 29.3
Training Epoch: 180/200	Train Loss: 0.2222	Val Accuracy: 28.54
Training Epoch: 181/200	Train Loss: 0.1642	Val Accuracy: 28.54
Training Epoch: 182/200	Train Loss: 0.176	Val Accuracy: 29.06
Training Epoch: 183/200	Train Loss: 0.2221	Val Accuracy: 29.06
Training Epoch: 184/200	Train Loss: 0.2215	Val Accuracy: 28.22
Training Epoch: 185/200	Train Loss: 0.3044	Val Accuracy: 28.22
Training Epoch: 186/200	Train Loss: 0.2103	Val Accuracy: 29.5
Training Epoch: 187/200	Train Loss: 0.3007	Val Accuracy: 29.5
Training Epoch: 188/200	Train Loss: 0.2178	Val Accuracy: 28.86
Training Epoch: 189/200	Train Loss: 0.2967	Val Accuracy: 28.86
Training Epoch: 190/200	Train Loss: 0.3232	Val Accuracy: 29.46
Training Epoch: 191/200	Train Loss: 0.1399	Val Accuracy: 29.46
Training Epoch: 192/200	Train Loss: 0.1919	Val Accuracy: 29.52
Training Epoch: 193/200	Train Loss: 0.2333	Val Accuracy: 29.52
Training Epoch: 194/200	Train Loss: 0.1797	Val Accuracy: 29.24
Training Epoch: 195/200	Train Loss: 0.2671	Val Accuracy: 29.24
Training Epoch: 196/200	Train Loss: 0.2743	Val Accuracy: 29.48
Training Epoch: 197/200	Train Loss: 0.2346	Val Accuracy: 29.48
Training Epoch: 198/200	Train Loss: 0.1875	Val Accuracy: 29.02
Training Epoch: 199/200	Train Loss: 0.2947	Val Accuracy: 29.02
Training Epoch: 200/200	Train Loss: 0.2493	Val Accuracy: 28.98

Wrote Best Model Checkpoint to: vlBest_acc_29_model_epoch_0192.pyth

Best Validation Accuracy: 29.52
Best Epoch: 192

======== TESTING ========

Test Accuracy: 29.03.

======== ACTIVE SAMPLING ========

Active Sampling Complete. After Episode 4:
New Labeled Set: 300, New Unlabeled Set: 44700, Active Set: 50

================================


Current accuracy values:  [18.549999999999997, 20.409999999999997, 13.89, 25.59999969482422, 29.029999046325685]
Starting model from scratch - ignoring existing weights.
<All keys matched successfully>
None
======== EPISODE 5 BEGINS ========

======== TRAINING ========
Training Epoch: 1/200	Train Loss: 11.4942	Val Accuracy: 0.0
Training Epoch: 2/200	Train Loss: 28.3771	Val Accuracy: 10.22
Training Epoch: 3/200	Train Loss: 5.9349	Val Accuracy: 10.22
Training Epoch: 4/200	Train Loss: 18.1815	Val Accuracy: 9.76
Training Epoch: 5/200	Train Loss: 3.9637	Val Accuracy: 9.76
Training Epoch: 6/200	Train Loss: 2.4975	Val Accuracy: 9.58
Training Epoch: 7/200	Train Loss: 4.2629	Val Accuracy: 9.58
Training Epoch: 8/200	Train Loss: 4.8693	Val Accuracy: 9.9
Training Epoch: 9/200	Train Loss: 4.0953	Val Accuracy: 9.9
Training Epoch: 10/200	Train Loss: 4.6666	Val Accuracy: 11.58
Training Epoch: 11/200	Train Loss: 3.4524	Val Accuracy: 11.58
Training Epoch: 12/200	Train Loss: 5.312	Val Accuracy: 11.86
Training Epoch: 13/200	Train Loss: 2.861	Val Accuracy: 11.86
Training Epoch: 14/200	Train Loss: 3.0629	Val Accuracy: 12.58
Training Epoch: 15/200	Train Loss: 2.2918	Val Accuracy: 12.58
Training Epoch: 16/200	Train Loss: 2.626	Val Accuracy: 14.42
Training Epoch: 17/200	Train Loss: 2.4173	Val Accuracy: 14.42
Training Epoch: 18/200	Train Loss: 5.1656	Val Accuracy: 12.72
Training Epoch: 19/200	Train Loss: 3.6937	Val Accuracy: 12.72
Training Epoch: 20/200	Train Loss: 3.6786	Val Accuracy: 11.78
Training Epoch: 21/200	Train Loss: 5.0415	Val Accuracy: 11.78
Training Epoch: 22/200	Train Loss: 5.8848	Val Accuracy: 12.44
Training Epoch: 23/200	Train Loss: 3.2083	Val Accuracy: 12.44
Training Epoch: 24/200	Train Loss: 2.2792	Val Accuracy: 15.92
Training Epoch: 25/200	Train Loss: 2.1811	Val Accuracy: 15.92
Training Epoch: 26/200	Train Loss: 3.7224	Val Accuracy: 15.1
Training Epoch: 27/200	Train Loss: 2.8945	Val Accuracy: 15.1
Training Epoch: 28/200	Train Loss: 2.8818	Val Accuracy: 12.94
Training Epoch: 29/200	Train Loss: 2.3436	Val Accuracy: 12.94
Training Epoch: 30/200	Train Loss: 3.4263	Val Accuracy: 12.94
Training Epoch: 31/200	Train Loss: 3.0256	Val Accuracy: 12.94
Training Epoch: 32/200	Train Loss: 4.2953	Val Accuracy: 13.8
Training Epoch: 33/200	Train Loss: 2.8998	Val Accuracy: 13.8
Training Epoch: 34/200	Train Loss: 3.5115	Val Accuracy: 13.48
Training Epoch: 35/200	Train Loss: 4.7288	Val Accuracy: 13.48
Training Epoch: 36/200	Train Loss: 2.203	Val Accuracy: 17.06
Training Epoch: 37/200	Train Loss: 3.0541	Val Accuracy: 17.06
Training Epoch: 38/200	Train Loss: 3.8109	Val Accuracy: 15.42
Training Epoch: 39/200	Train Loss: 2.1416	Val Accuracy: 15.42
Training Epoch: 40/200	Train Loss: 5.7072	Val Accuracy: 17.96
Training Epoch: 41/200	Train Loss: 2.2601	Val Accuracy: 17.96
Training Epoch: 42/200	Train Loss: 6.9621	Val Accuracy: 17.62
Training Epoch: 43/200	Train Loss: 5.6144	Val Accuracy: 17.62
Training Epoch: 44/200	Train Loss: 4.4661	Val Accuracy: 15.5
Training Epoch: 45/200	Train Loss: 3.9857	Val Accuracy: 15.5
Training Epoch: 46/200	Train Loss: 3.0284	Val Accuracy: 16.7
Training Epoch: 47/200	Train Loss: 2.1887	Val Accuracy: 16.7
Training Epoch: 48/200	Train Loss: 2.3306	Val Accuracy: 20.5
Training Epoch: 49/200	Train Loss: 1.9841	Val Accuracy: 20.5
Training Epoch: 50/200	Train Loss: 2.3076	Val Accuracy: 21.36
Training Epoch: 51/200	Train Loss: 2.25	Val Accuracy: 21.36
Training Epoch: 52/200	Train Loss: 4.3518	Val Accuracy: 21.88
Training Epoch: 53/200	Train Loss: 1.9685	Val Accuracy: 21.88
Training Epoch: 54/200	Train Loss: 1.9084	Val Accuracy: 22.8
Training Epoch: 55/200	Train Loss: 1.7712	Val Accuracy: 22.8
Training Epoch: 56/200	Train Loss: 4.5626	Val Accuracy: 18.54
Training Epoch: 57/200	Train Loss: 1.771	Val Accuracy: 18.54
Training Epoch: 58/200	Train Loss: 2.6978	Val Accuracy: 18.06
Training Epoch: 59/200	Train Loss: 2.9684	Val Accuracy: 18.06
Training Epoch: 60/200	Train Loss: 1.843	Val Accuracy: 22.7
Training Epoch: 61/200	Train Loss: 2.5595	Val Accuracy: 22.7
Training Epoch: 62/200	Train Loss: 1.6225	Val Accuracy: 23.42
Training Epoch: 63/200	Train Loss: 2.1202	Val Accuracy: 23.42
Training Epoch: 64/200	Train Loss: 3.8083	Val Accuracy: 22.42
Training Epoch: 65/200	Train Loss: 1.9538	Val Accuracy: 22.42
Training Epoch: 66/200	Train Loss: 1.9147	Val Accuracy: 22.9
Training Epoch: 67/200	Train Loss: 1.7575	Val Accuracy: 22.9
Training Epoch: 68/200	Train Loss: 2.3194	Val Accuracy: 23.22
Training Epoch: 69/200	Train Loss: 2.4593	Val Accuracy: 23.22
Training Epoch: 70/200	Train Loss: 1.6917	Val Accuracy: 24.38
Training Epoch: 71/200	Train Loss: 2.6764	Val Accuracy: 24.38
Training Epoch: 72/200	Train Loss: 1.6703	Val Accuracy: 25.16
Training Epoch: 73/200	Train Loss: 3.1099	Val Accuracy: 25.16
Training Epoch: 74/200	Train Loss: 1.6378	Val Accuracy: 27.68
Training Epoch: 75/200	Train Loss: 2.1499	Val Accuracy: 27.68
Training Epoch: 76/200	Train Loss: 1.6964	Val Accuracy: 26.68
Training Epoch: 77/200	Train Loss: 2.2204	Val Accuracy: 26.68
Training Epoch: 78/200	Train Loss: 2.9634	Val Accuracy: 26.9
Training Epoch: 79/200	Train Loss: 1.823	Val Accuracy: 26.9
Training Epoch: 80/200	Train Loss: 2.5318	Val Accuracy: 28.2
Training Epoch: 81/200	Train Loss: 1.4053	Val Accuracy: 28.2
Training Epoch: 82/200	Train Loss: 1.6643	Val Accuracy: 28.8
Training Epoch: 83/200	Train Loss: 1.5351	Val Accuracy: 28.8
Training Epoch: 84/200	Train Loss: 1.3936	Val Accuracy: 29.44
Training Epoch: 85/200	Train Loss: 1.5971	Val Accuracy: 29.44
Training Epoch: 86/200	Train Loss: 1.2382	Val Accuracy: 28.68
Training Epoch: 87/200	Train Loss: 1.3796	Val Accuracy: 28.68
Training Epoch: 88/200	Train Loss: 3.1077	Val Accuracy: 26.66
Training Epoch: 89/200	Train Loss: 2.2093	Val Accuracy: 26.66
Training Epoch: 90/200	Train Loss: 2.2928	Val Accuracy: 23.32
Training Epoch: 91/200	Train Loss: 1.5727	Val Accuracy: 23.32
Training Epoch: 92/200	Train Loss: 3.599	Val Accuracy: 21.66
Training Epoch: 93/200	Train Loss: 3.3554	Val Accuracy: 21.66
Training Epoch: 94/200	Train Loss: 1.9167	Val Accuracy: 26.0
Training Epoch: 95/200	Train Loss: 1.4357	Val Accuracy: 26.0
Training Epoch: 96/200	Train Loss: 1.8316	Val Accuracy: 26.9
Training Epoch: 97/200	Train Loss: 2.4175	Val Accuracy: 26.9
Training Epoch: 98/200	Train Loss: 1.3716	Val Accuracy: 26.92
Training Epoch: 99/200	Train Loss: 1.4618	Val Accuracy: 26.92
Training Epoch: 100/200	Train Loss: 1.6253	Val Accuracy: 28.3
Training Epoch: 101/200	Train Loss: 1.7546	Val Accuracy: 28.3
Training Epoch: 102/200	Train Loss: 1.7166	Val Accuracy: 29.3
Training Epoch: 103/200	Train Loss: 1.1767	Val Accuracy: 29.3
Training Epoch: 104/200	Train Loss: 1.0301	Val Accuracy: 28.82
Training Epoch: 105/200	Train Loss: 2.3636	Val Accuracy: 28.82
Training Epoch: 106/200	Train Loss: 1.0846	Val Accuracy: 27.28
Training Epoch: 107/200	Train Loss: 1.9931	Val Accuracy: 27.28
Training Epoch: 108/200	Train Loss: 1.8	Val Accuracy: 27.82
Training Epoch: 109/200	Train Loss: 0.9967	Val Accuracy: 27.82
Training Epoch: 110/200	Train Loss: 1.2292	Val Accuracy: 26.9
Training Epoch: 111/200	Train Loss: 1.0243	Val Accuracy: 26.9
Training Epoch: 112/200	Train Loss: 4.1308	Val Accuracy: 27.08
Training Epoch: 113/200	Train Loss: 1.1087	Val Accuracy: 27.08
Training Epoch: 114/200	Train Loss: 1.861	Val Accuracy: 27.08
Training Epoch: 115/200	Train Loss: 1.1798	Val Accuracy: 27.08
Training Epoch: 116/200	Train Loss: 1.6338	Val Accuracy: 27.12
Training Epoch: 117/200	Train Loss: 0.9251	Val Accuracy: 27.12
Training Epoch: 118/200	Train Loss: 1.8221	Val Accuracy: 27.04
Training Epoch: 119/200	Train Loss: 2.443	Val Accuracy: 27.04
Training Epoch: 120/200	Train Loss: 1.1118	Val Accuracy: 27.64
Training Epoch: 121/200	Train Loss: 0.9175	Val Accuracy: 27.64
Training Epoch: 122/200	Train Loss: 0.8728	Val Accuracy: 28.38
Training Epoch: 123/200	Train Loss: 0.9252	Val Accuracy: 28.38
Training Epoch: 124/200	Train Loss: 0.619	Val Accuracy: 28.78
Training Epoch: 125/200	Train Loss: 0.8197	Val Accuracy: 28.78
Training Epoch: 126/200	Train Loss: 0.7571	Val Accuracy: 27.94
Training Epoch: 127/200	Train Loss: 1.2929	Val Accuracy: 27.94
Training Epoch: 128/200	Train Loss: 1.0028	Val Accuracy: 27.5
Training Epoch: 129/200	Train Loss: 0.8048	Val Accuracy: 27.5
Training Epoch: 130/200	Train Loss: 0.7859	Val Accuracy: 28.24
Training Epoch: 131/200	Train Loss: 1.5786	Val Accuracy: 28.24
Training Epoch: 132/200	Train Loss: 0.9304	Val Accuracy: 28.98
Training Epoch: 133/200	Train Loss: 1.4169	Val Accuracy: 28.98
Training Epoch: 134/200	Train Loss: 0.5271	Val Accuracy: 29.4
Training Epoch: 135/200	Train Loss: 0.6668	Val Accuracy: 29.4
Training Epoch: 136/200	Train Loss: 0.5619	Val Accuracy: 28.64
Training Epoch: 137/200	Train Loss: 1.0032	Val Accuracy: 28.64
Training Epoch: 138/200	Train Loss: 0.9016	Val Accuracy: 29.02
Training Epoch: 139/200	Train Loss: 0.5635	Val Accuracy: 29.02
Training Epoch: 140/200	Train Loss: 0.7975	Val Accuracy: 28.36
Training Epoch: 141/200	Train Loss: 0.7551	Val Accuracy: 28.36
Training Epoch: 142/200	Train Loss: 0.7016	Val Accuracy: 27.64
Training Epoch: 143/200	Train Loss: 0.381	Val Accuracy: 27.64
Training Epoch: 144/200	Train Loss: 0.5099	Val Accuracy: 28.4
Training Epoch: 145/200	Train Loss: 2.0083	Val Accuracy: 28.4
Training Epoch: 146/200	Train Loss: 0.4443	Val Accuracy: 27.78
Training Epoch: 147/200	Train Loss: 0.4391	Val Accuracy: 27.78
Training Epoch: 148/200	Train Loss: 0.409	Val Accuracy: 28.54
Training Epoch: 149/200	Train Loss: 0.267	Val Accuracy: 28.54
Training Epoch: 150/200	Train Loss: 1.3678	Val Accuracy: 28.84
Training Epoch: 151/200	Train Loss: 0.3177	Val Accuracy: 28.84
Training Epoch: 152/200	Train Loss: 0.2054	Val Accuracy: 28.64
Training Epoch: 153/200	Train Loss: 0.3547	Val Accuracy: 28.64
Training Epoch: 154/200	Train Loss: 0.3169	Val Accuracy: 30.26
Training Epoch: 155/200	Train Loss: 0.9527	Val Accuracy: 30.26
Training Epoch: 156/200	Train Loss: 0.2794	Val Accuracy: 30.22
Training Epoch: 157/200	Train Loss: 0.5595	Val Accuracy: 30.22
Training Epoch: 158/200	Train Loss: 0.6196	Val Accuracy: 29.22
Training Epoch: 159/200	Train Loss: 0.263	Val Accuracy: 29.22
Training Epoch: 160/200	Train Loss: 1.0001	Val Accuracy: 29.1
Training Epoch: 161/200	Train Loss: 0.625	Val Accuracy: 29.1
Training Epoch: 162/200	Train Loss: 0.6223	Val Accuracy: 29.1
Training Epoch: 163/200	Train Loss: 0.3695	Val Accuracy: 29.1
Training Epoch: 164/200	Train Loss: 0.1646	Val Accuracy: 28.9
Training Epoch: 165/200	Train Loss: 1.1086	Val Accuracy: 28.9
Training Epoch: 166/200	Train Loss: 0.7607	Val Accuracy: 29.58
Training Epoch: 167/200	Train Loss: 0.3118	Val Accuracy: 29.58
Training Epoch: 168/200	Train Loss: 0.1543	Val Accuracy: 28.4
Training Epoch: 169/200	Train Loss: 0.2111	Val Accuracy: 28.4
Training Epoch: 170/200	Train Loss: 0.4925	Val Accuracy: 28.5
Training Epoch: 171/200	Train Loss: 0.8986	Val Accuracy: 28.5
Training Epoch: 172/200	Train Loss: 0.199	Val Accuracy: 29.56
Training Epoch: 173/200	Train Loss: 0.2978	Val Accuracy: 29.56
Training Epoch: 174/200	Train Loss: 0.1125	Val Accuracy: 29.08
Training Epoch: 175/200	Train Loss: 0.9291	Val Accuracy: 29.08
Training Epoch: 176/200	Train Loss: 0.4612	Val Accuracy: 29.2
Training Epoch: 177/200	Train Loss: 0.3433	Val Accuracy: 29.2
Training Epoch: 178/200	Train Loss: 0.1207	Val Accuracy: 29.62
Training Epoch: 179/200	Train Loss: 0.6719	Val Accuracy: 29.62
Training Epoch: 180/200	Train Loss: 0.08	Val Accuracy: 29.94
Training Epoch: 181/200	Train Loss: 0.2278	Val Accuracy: 29.94
Training Epoch: 182/200	Train Loss: 0.2035	Val Accuracy: 29.32
Training Epoch: 183/200	Train Loss: 0.1461	Val Accuracy: 29.32
Training Epoch: 184/200	Train Loss: 0.5886	Val Accuracy: 29.34
Training Epoch: 185/200	Train Loss: 0.1271	Val Accuracy: 29.34
Training Epoch: 186/200	Train Loss: 0.2127	Val Accuracy: 29.06
Training Epoch: 187/200	Train Loss: 0.1489	Val Accuracy: 29.06
Training Epoch: 188/200	Train Loss: 0.1362	Val Accuracy: 29.08
Training Epoch: 189/200	Train Loss: 0.6193	Val Accuracy: 29.08
Training Epoch: 190/200	Train Loss: 0.1558	Val Accuracy: 29.68
Training Epoch: 191/200	Train Loss: 0.2211	Val Accuracy: 29.68
Training Epoch: 192/200	Train Loss: 0.3938	Val Accuracy: 29.74
Training Epoch: 193/200	Train Loss: 0.0852	Val Accuracy: 29.74
Training Epoch: 194/200	Train Loss: 0.3231	Val Accuracy: 29.26
Training Epoch: 195/200	Train Loss: 0.1754	Val Accuracy: 29.26
Training Epoch: 196/200	Train Loss: 0.2561	Val Accuracy: 29.36
Training Epoch: 197/200	Train Loss: 0.2823	Val Accuracy: 29.36
Training Epoch: 198/200	Train Loss: 0.1735	Val Accuracy: 29.06
Training Epoch: 199/200	Train Loss: 0.1903	Val Accuracy: 29.06
Training Epoch: 200/200	Train Loss: 0.4464	Val Accuracy: 29.64

Wrote Best Model Checkpoint to: vlBest_acc_30_model_epoch_0154.pyth

Best Validation Accuracy: 30.26
Best Epoch: 154

======== TESTING ========

Test Accuracy: 29.96.

======== ACTIVE SAMPLING ========

Active Sampling Complete. After Episode 5:
New Labeled Set: 350, New Unlabeled Set: 44650, Active Set: 50

================================


Current accuracy values:  [18.549999999999997, 20.409999999999997, 13.89, 25.59999969482422, 29.029999046325685, 29.959999580383297]
Starting model from scratch - ignoring existing weights.
<All keys matched successfully>
None
======== EPISODE 6 BEGINS ========

======== TRAINING ========
Training Epoch: 1/200	Train Loss: 15.166	Val Accuracy: 0.0
Training Epoch: 2/200	Train Loss: 16.349	Val Accuracy: 9.74
Training Epoch: 3/200	Train Loss: 12.078	Val Accuracy: 9.74
Training Epoch: 4/200	Train Loss: 5.8641	Val Accuracy: 9.88
Training Epoch: 5/200	Train Loss: 8.0414	Val Accuracy: 9.88
Training Epoch: 6/200	Train Loss: 4.1883	Val Accuracy: 9.74
Training Epoch: 7/200	Train Loss: 5.1527	Val Accuracy: 9.74
Training Epoch: 8/200	Train Loss: 3.1103	Val Accuracy: 9.98
Training Epoch: 9/200	Train Loss: 3.3621	Val Accuracy: 9.98
Training Epoch: 10/200	Train Loss: 5.2156	Val Accuracy: 9.58
Training Epoch: 11/200	Train Loss: 4.6541	Val Accuracy: 9.58
Training Epoch: 12/200	Train Loss: 3.6011	Val Accuracy: 9.88
Training Epoch: 13/200	Train Loss: 5.3776	Val Accuracy: 9.88
Training Epoch: 14/200	Train Loss: 5.2587	Val Accuracy: 10.08
Training Epoch: 15/200	Train Loss: 3.2374	Val Accuracy: 10.08
Training Epoch: 16/200	Train Loss: 4.9365	Val Accuracy: 10.66
Training Epoch: 17/200	Train Loss: 2.5892	Val Accuracy: 10.66
Training Epoch: 18/200	Train Loss: 3.0575	Val Accuracy: 10.68
Training Epoch: 19/200	Train Loss: 2.2994	Val Accuracy: 10.68
Training Epoch: 20/200	Train Loss: 4.6209	Val Accuracy: 13.62
Training Epoch: 21/200	Train Loss: 4.2837	Val Accuracy: 13.62
Training Epoch: 22/200	Train Loss: 2.3659	Val Accuracy: 15.98
Training Epoch: 23/200	Train Loss: 2.7355	Val Accuracy: 15.98
Training Epoch: 24/200	Train Loss: 2.4527	Val Accuracy: 18.44
Training Epoch: 25/200	Train Loss: 3.3785	Val Accuracy: 18.44
Training Epoch: 26/200	Train Loss: 4.337	Val Accuracy: 17.02
Training Epoch: 27/200	Train Loss: 3.1762	Val Accuracy: 17.02
Training Epoch: 28/200	Train Loss: 4.8803	Val Accuracy: 18.46
Training Epoch: 29/200	Train Loss: 4.1406	Val Accuracy: 18.46
Training Epoch: 30/200	Train Loss: 3.1455	Val Accuracy: 18.32
Training Epoch: 31/200	Train Loss: 4.5975	Val Accuracy: 18.32
Training Epoch: 32/200	Train Loss: 7.3627	Val Accuracy: 16.14
Training Epoch: 33/200	Train Loss: 3.6255	Val Accuracy: 16.14
Training Epoch: 34/200	Train Loss: 3.7761	Val Accuracy: 18.86
Training Epoch: 35/200	Train Loss: 3.5528	Val Accuracy: 18.86
Training Epoch: 36/200	Train Loss: 3.677	Val Accuracy: 19.96
Training Epoch: 37/200	Train Loss: 2.6861	Val Accuracy: 19.96
Training Epoch: 38/200	Train Loss: 3.3847	Val Accuracy: 19.98
Training Epoch: 39/200	Train Loss: 4.329	Val Accuracy: 19.98
Training Epoch: 40/200	Train Loss: 3.8366	Val Accuracy: 20.8
Training Epoch: 41/200	Train Loss: 2.3035	Val Accuracy: 20.8
Training Epoch: 42/200	Train Loss: 3.7655	Val Accuracy: 21.5
Training Epoch: 43/200	Train Loss: 3.6659	Val Accuracy: 21.5
Training Epoch: 44/200	Train Loss: 3.8549	Val Accuracy: 20.84
Training Epoch: 45/200	Train Loss: 3.1713	Val Accuracy: 20.84
Training Epoch: 46/200	Train Loss: 3.0974	Val Accuracy: 22.76
Training Epoch: 47/200	Train Loss: 3.8889	Val Accuracy: 22.76
Training Epoch: 48/200	Train Loss: 3.9868	Val Accuracy: 22.02
Training Epoch: 49/200	Train Loss: 2.9988	Val Accuracy: 22.02
Training Epoch: 50/200	Train Loss: 2.6507	Val Accuracy: 22.48
Training Epoch: 51/200	Train Loss: 4.3788	Val Accuracy: 22.48
Training Epoch: 52/200	Train Loss: 3.87	Val Accuracy: 22.54
Training Epoch: 53/200	Train Loss: 2.0594	Val Accuracy: 22.54
Training Epoch: 54/200	Train Loss: 2.2918	Val Accuracy: 22.6
Training Epoch: 55/200	Train Loss: 2.842	Val Accuracy: 22.6
Training Epoch: 56/200	Train Loss: 3.6422	Val Accuracy: 22.56
Training Epoch: 57/200	Train Loss: 2.1439	Val Accuracy: 22.56
Training Epoch: 58/200	Train Loss: 2.6118	Val Accuracy: 22.28
Training Epoch: 59/200	Train Loss: 1.8269	Val Accuracy: 22.28
Training Epoch: 60/200	Train Loss: 1.7739	Val Accuracy: 24.38
Training Epoch: 61/200	Train Loss: 2.0494	Val Accuracy: 24.38
Training Epoch: 62/200	Train Loss: 1.7502	Val Accuracy: 26.26
Training Epoch: 63/200	Train Loss: 2.0582	Val Accuracy: 26.26
Training Epoch: 64/200	Train Loss: 3.7742	Val Accuracy: 27.1
Training Epoch: 65/200	Train Loss: 2.814	Val Accuracy: 27.1
Training Epoch: 66/200	Train Loss: 2.9303	Val Accuracy: 27.08
Training Epoch: 67/200	Train Loss: 1.7154	Val Accuracy: 27.08
Training Epoch: 68/200	Train Loss: 3.1493	Val Accuracy: 26.52
Training Epoch: 69/200	Train Loss: 2.2392	Val Accuracy: 26.52
Training Epoch: 70/200	Train Loss: 3.8607	Val Accuracy: 25.54
Training Epoch: 71/200	Train Loss: 3.7134	Val Accuracy: 25.54
Training Epoch: 72/200	Train Loss: 2.6927	Val Accuracy: 26.9
Training Epoch: 73/200	Train Loss: 1.4739	Val Accuracy: 26.9
Training Epoch: 74/200	Train Loss: 3.7397	Val Accuracy: 24.86
Training Epoch: 75/200	Train Loss: 1.6165	Val Accuracy: 24.86
Training Epoch: 76/200	Train Loss: 2.4772	Val Accuracy: 24.76
Training Epoch: 77/200	Train Loss: 2.2012	Val Accuracy: 24.76
Training Epoch: 78/200	Train Loss: 5.2314	Val Accuracy: 26.36
Training Epoch: 79/200	Train Loss: 1.7318	Val Accuracy: 26.36
Training Epoch: 80/200	Train Loss: 1.5918	Val Accuracy: 27.88
Training Epoch: 81/200	Train Loss: 3.371	Val Accuracy: 27.88
Training Epoch: 82/200	Train Loss: 2.7525	Val Accuracy: 28.36
Training Epoch: 83/200	Train Loss: 2.5273	Val Accuracy: 28.36
Training Epoch: 84/200	Train Loss: 1.5995	Val Accuracy: 28.54
Training Epoch: 85/200	Train Loss: 1.9868	Val Accuracy: 28.54
Training Epoch: 86/200	Train Loss: 1.5391	Val Accuracy: 29.36
Training Epoch: 87/200	Train Loss: 1.5973	Val Accuracy: 29.36
Training Epoch: 88/200	Train Loss: 1.7379	Val Accuracy: 30.08
Training Epoch: 89/200	Train Loss: 1.9246	Val Accuracy: 30.08
Training Epoch: 90/200	Train Loss: 2.1288	Val Accuracy: 29.9
Training Epoch: 91/200	Train Loss: 2.3664	Val Accuracy: 29.9
Training Epoch: 92/200	Train Loss: 1.4087	Val Accuracy: 31.78
Training Epoch: 93/200	Train Loss: 2.326	Val Accuracy: 31.78
Training Epoch: 94/200	Train Loss: 1.4619	Val Accuracy: 32.08
Training Epoch: 95/200	Train Loss: 1.4095	Val Accuracy: 32.08
Training Epoch: 96/200	Train Loss: 1.3551	Val Accuracy: 31.82
Training Epoch: 97/200	Train Loss: 1.7464	Val Accuracy: 31.82
Training Epoch: 98/200	Train Loss: 2.9329	Val Accuracy: 32.64
Training Epoch: 99/200	Train Loss: 1.3867	Val Accuracy: 32.64
Training Epoch: 100/200	Train Loss: 2.336	Val Accuracy: 30.98
Training Epoch: 101/200	Train Loss: 1.1988	Val Accuracy: 30.98
Training Epoch: 102/200	Train Loss: 1.1016	Val Accuracy: 31.6
Training Epoch: 103/200	Train Loss: 1.3912	Val Accuracy: 31.6
Training Epoch: 104/200	Train Loss: 1.0383	Val Accuracy: 31.2
Training Epoch: 105/200	Train Loss: 1.3131	Val Accuracy: 31.2
Training Epoch: 106/200	Train Loss: 1.2547	Val Accuracy: 31.52
Training Epoch: 107/200	Train Loss: 1.3617	Val Accuracy: 31.52
Training Epoch: 108/200	Train Loss: 1.0992	Val Accuracy: 31.48
Training Epoch: 109/200	Train Loss: 1.0181	Val Accuracy: 31.48
Training Epoch: 110/200	Train Loss: 1.1	Val Accuracy: 31.5
Training Epoch: 111/200	Train Loss: 1.768	Val Accuracy: 31.5
Training Epoch: 112/200	Train Loss: 1.8611	Val Accuracy: 31.5
Training Epoch: 113/200	Train Loss: 2.0297	Val Accuracy: 31.5
Training Epoch: 114/200	Train Loss: 2.1345	Val Accuracy: 31.46
Training Epoch: 115/200	Train Loss: 0.9673	Val Accuracy: 31.46
Training Epoch: 116/200	Train Loss: 1.5074	Val Accuracy: 33.2
Training Epoch: 117/200	Train Loss: 1.0403	Val Accuracy: 33.2
Training Epoch: 118/200	Train Loss: 0.9697	Val Accuracy: 31.94
Training Epoch: 119/200	Train Loss: 2.1039	Val Accuracy: 31.94
Training Epoch: 120/200	Train Loss: 1.3959	Val Accuracy: 31.86
Training Epoch: 121/200	Train Loss: 1.6824	Val Accuracy: 31.86
Training Epoch: 122/200	Train Loss: 1.3155	Val Accuracy: 31.38
Training Epoch: 123/200	Train Loss: 0.9866	Val Accuracy: 31.38
Training Epoch: 124/200	Train Loss: 1.2392	Val Accuracy: 32.8
Training Epoch: 125/200	Train Loss: 0.4757	Val Accuracy: 32.8
Training Epoch: 126/200	Train Loss: 0.7315	Val Accuracy: 32.7
Training Epoch: 127/200	Train Loss: 1.6081	Val Accuracy: 32.7
Training Epoch: 128/200	Train Loss: 1.3066	Val Accuracy: 32.74
Training Epoch: 129/200	Train Loss: 2.2531	Val Accuracy: 32.74
Training Epoch: 130/200	Train Loss: 1.2666	Val Accuracy: 31.14
Training Epoch: 131/200	Train Loss: 2.0044	Val Accuracy: 31.14
Training Epoch: 132/200	Train Loss: 1.1149	Val Accuracy: 31.08
Training Epoch: 133/200	Train Loss: 1.5315	Val Accuracy: 31.08
Training Epoch: 134/200	Train Loss: 0.9356	Val Accuracy: 32.68
Training Epoch: 135/200	Train Loss: 0.4797	Val Accuracy: 32.68
Training Epoch: 136/200	Train Loss: 1.4673	Val Accuracy: 32.88
Training Epoch: 137/200	Train Loss: 0.8049	Val Accuracy: 32.88
Training Epoch: 138/200	Train Loss: 0.8163	Val Accuracy: 33.6
Training Epoch: 139/200	Train Loss: 0.7012	Val Accuracy: 33.6
Training Epoch: 140/200	Train Loss: 1.9686	Val Accuracy: 32.82
Training Epoch: 141/200	Train Loss: 2.0008	Val Accuracy: 32.82
Training Epoch: 142/200	Train Loss: 0.7473	Val Accuracy: 32.34
Training Epoch: 143/200	Train Loss: 0.8478	Val Accuracy: 32.34
Training Epoch: 144/200	Train Loss: 1.2414	Val Accuracy: 33.32
Training Epoch: 145/200	Train Loss: 0.6311	Val Accuracy: 33.32
Training Epoch: 146/200	Train Loss: 1.0859	Val Accuracy: 33.42
Training Epoch: 147/200	Train Loss: 0.5099	Val Accuracy: 33.42
Training Epoch: 148/200	Train Loss: 0.3504	Val Accuracy: 32.44
Training Epoch: 149/200	Train Loss: 0.3621	Val Accuracy: 32.44
Training Epoch: 150/200	Train Loss: 0.4389	Val Accuracy: 32.74
Training Epoch: 151/200	Train Loss: 0.5092	Val Accuracy: 32.74
Training Epoch: 152/200	Train Loss: 0.5053	Val Accuracy: 32.54
Training Epoch: 153/200	Train Loss: 0.5822	Val Accuracy: 32.54
Training Epoch: 154/200	Train Loss: 1.8634	Val Accuracy: 32.84
Training Epoch: 155/200	Train Loss: 1.39	Val Accuracy: 32.84
Training Epoch: 156/200	Train Loss: 1.539	Val Accuracy: 32.76
Training Epoch: 157/200	Train Loss: 0.334	Val Accuracy: 32.76
Training Epoch: 158/200	Train Loss: 0.6574	Val Accuracy: 32.72
Training Epoch: 159/200	Train Loss: 0.2027	Val Accuracy: 32.72
Training Epoch: 160/200	Train Loss: 0.5168	Val Accuracy: 32.76
Training Epoch: 161/200	Train Loss: 0.2445	Val Accuracy: 32.76
Training Epoch: 162/200	Train Loss: 0.3213	Val Accuracy: 33.14
Training Epoch: 163/200	Train Loss: 2.1789	Val Accuracy: 33.14
Training Epoch: 164/200	Train Loss: 1.4364	Val Accuracy: 32.28
Training Epoch: 165/200	Train Loss: 0.2872	Val Accuracy: 32.28
Training Epoch: 166/200	Train Loss: 0.1608	Val Accuracy: 33.74
Training Epoch: 167/200	Train Loss: 0.8466	Val Accuracy: 33.74
Training Epoch: 168/200	Train Loss: 0.2549	Val Accuracy: 34.9
Training Epoch: 169/200	Train Loss: 0.2126	Val Accuracy: 34.9
Training Epoch: 170/200	Train Loss: 1.723	Val Accuracy: 32.96
Training Epoch: 171/200	Train Loss: 0.1267	Val Accuracy: 32.96
Training Epoch: 172/200	Train Loss: 0.185	Val Accuracy: 33.28
Training Epoch: 173/200	Train Loss: 0.2616	Val Accuracy: 33.28
Training Epoch: 174/200	Train Loss: 0.2056	Val Accuracy: 33.34
Training Epoch: 175/200	Train Loss: 0.1829	Val Accuracy: 33.34
Training Epoch: 176/200	Train Loss: 0.1736	Val Accuracy: 34.3
Training Epoch: 177/200	Train Loss: 0.9341	Val Accuracy: 34.3
Training Epoch: 178/200	Train Loss: 0.1837	Val Accuracy: 33.76
Training Epoch: 179/200	Train Loss: 0.1844	Val Accuracy: 33.76
Training Epoch: 180/200	Train Loss: 0.1084	Val Accuracy: 33.58
Training Epoch: 181/200	Train Loss: 0.1297	Val Accuracy: 33.58
Training Epoch: 182/200	Train Loss: 0.2017	Val Accuracy: 33.7
Training Epoch: 183/200	Train Loss: 1.3462	Val Accuracy: 33.7
Training Epoch: 184/200	Train Loss: 0.297	Val Accuracy: 33.56
Training Epoch: 185/200	Train Loss: 0.1668	Val Accuracy: 33.56
Training Epoch: 186/200	Train Loss: 0.2287	Val Accuracy: 33.34
Training Epoch: 187/200	Train Loss: 0.6031	Val Accuracy: 33.34
Training Epoch: 188/200	Train Loss: 0.1415	Val Accuracy: 33.14
Training Epoch: 189/200	Train Loss: 0.1224	Val Accuracy: 33.14
Training Epoch: 190/200	Train Loss: 0.1559	Val Accuracy: 34.0
Training Epoch: 191/200	Train Loss: 0.4657	Val Accuracy: 34.0
Training Epoch: 192/200	Train Loss: 0.2399	Val Accuracy: 33.34
Training Epoch: 193/200	Train Loss: 0.301	Val Accuracy: 33.34
Training Epoch: 194/200	Train Loss: 0.3177	Val Accuracy: 34.4
Training Epoch: 195/200	Train Loss: 0.4844	Val Accuracy: 34.4
Training Epoch: 196/200	Train Loss: 0.1383	Val Accuracy: 33.38
Training Epoch: 197/200	Train Loss: 0.2289	Val Accuracy: 33.38
Training Epoch: 198/200	Train Loss: 0.5325	Val Accuracy: 33.84
Training Epoch: 199/200	Train Loss: 0.1908	Val Accuracy: 33.84
Training Epoch: 200/200	Train Loss: 0.3637	Val Accuracy: 33.16

Wrote Best Model Checkpoint to: vlBest_acc_34_model_epoch_0168.pyth

Best Validation Accuracy: 34.9
Best Epoch: 168

======== TESTING ========

Test Accuracy: 33.77.

======== ACTIVE SAMPLING ========

Active Sampling Complete. After Episode 6:
New Labeled Set: 400, New Unlabeled Set: 44600, Active Set: 50

================================


Current accuracy values:  [18.549999999999997, 20.409999999999997, 13.89, 25.59999969482422, 29.029999046325685, 29.959999580383297, 33.769999008178715]
Starting model from scratch - ignoring existing weights.
<All keys matched successfully>
None
======== EPISODE 7 BEGINS ========

======== TRAINING ========
Training Epoch: 1/200	Train Loss: 13.6325	Val Accuracy: 0.0
Training Epoch: 2/200	Train Loss: 5.7122	Val Accuracy: 10.22
Training Epoch: 3/200	Train Loss: 4.5352	Val Accuracy: 10.22
Training Epoch: 4/200	Train Loss: 10.3376	Val Accuracy: 10.22
Training Epoch: 5/200	Train Loss: 10.3378	Val Accuracy: 10.22
Training Epoch: 6/200	Train Loss: 4.1247	Val Accuracy: 9.9
Training Epoch: 7/200	Train Loss: 2.9974	Val Accuracy: 9.9
Training Epoch: 8/200	Train Loss: 5.7828	Val Accuracy: 8.5
Training Epoch: 9/200	Train Loss: 3.1579	Val Accuracy: 8.5
Training Epoch: 10/200	Train Loss: 3.7486	Val Accuracy: 9.94
Training Epoch: 11/200	Train Loss: 2.1877	Val Accuracy: 9.94
Training Epoch: 12/200	Train Loss: 2.4502	Val Accuracy: 10.56
Training Epoch: 13/200	Train Loss: 2.713	Val Accuracy: 10.56
Training Epoch: 14/200	Train Loss: 2.5298	Val Accuracy: 12.98
Training Epoch: 15/200	Train Loss: 3.6737	Val Accuracy: 12.98
Training Epoch: 16/200	Train Loss: 2.1624	Val Accuracy: 10.9
Training Epoch: 17/200	Train Loss: 2.3334	Val Accuracy: 10.9
Training Epoch: 18/200	Train Loss: 2.7226	Val Accuracy: 12.4
Training Epoch: 19/200	Train Loss: 2.2411	Val Accuracy: 12.4
Training Epoch: 20/200	Train Loss: 2.9508	Val Accuracy: 15.34
Training Epoch: 21/200	Train Loss: 2.7221	Val Accuracy: 15.34
Training Epoch: 22/200	Train Loss: 3.6891	Val Accuracy: 16.58
Training Epoch: 23/200	Train Loss: 4.1788	Val Accuracy: 16.58
Training Epoch: 24/200	Train Loss: 2.2393	Val Accuracy: 16.06
Training Epoch: 25/200	Train Loss: 2.6301	Val Accuracy: 16.06
Training Epoch: 26/200	Train Loss: 2.6736	Val Accuracy: 16.88
Training Epoch: 27/200	Train Loss: 2.0345	Val Accuracy: 16.88
Training Epoch: 28/200	Train Loss: 2.2641	Val Accuracy: 19.92
Training Epoch: 29/200	Train Loss: 2.1602	Val Accuracy: 19.92
Training Epoch: 30/200	Train Loss: 2.9543	Val Accuracy: 19.4
Training Epoch: 31/200	Train Loss: 2.0368	Val Accuracy: 19.4
Training Epoch: 32/200	Train Loss: 2.0703	Val Accuracy: 20.58
Training Epoch: 33/200	Train Loss: 3.4487	Val Accuracy: 20.58
Training Epoch: 34/200	Train Loss: 2.0772	Val Accuracy: 19.92
Training Epoch: 35/200	Train Loss: 5.6749	Val Accuracy: 19.92
Training Epoch: 36/200	Train Loss: 2.2489	Val Accuracy: 17.58
Training Epoch: 37/200	Train Loss: 2.4848	Val Accuracy: 17.58
Training Epoch: 38/200	Train Loss: 3.6498	Val Accuracy: 13.52
Training Epoch: 39/200	Train Loss: 7.0606	Val Accuracy: 13.52
Training Epoch: 40/200	Train Loss: 3.4722	Val Accuracy: 11.88
Training Epoch: 41/200	Train Loss: 2.7405	Val Accuracy: 11.88
Training Epoch: 42/200	Train Loss: 4.4423	Val Accuracy: 9.48
Training Epoch: 43/200	Train Loss: 2.9937	Val Accuracy: 9.48
Training Epoch: 44/200	Train Loss: 3.2705	Val Accuracy: 15.0
Training Epoch: 45/200	Train Loss: 2.8036	Val Accuracy: 15.0
Training Epoch: 46/200	Train Loss: 2.3968	Val Accuracy: 15.42
Training Epoch: 47/200	Train Loss: 3.4713	Val Accuracy: 15.42
Training Epoch: 48/200	Train Loss: 2.9154	Val Accuracy: 17.5
Training Epoch: 49/200	Train Loss: 2.5666	Val Accuracy: 17.5
Training Epoch: 50/200	Train Loss: 2.4158	Val Accuracy: 18.9
Training Epoch: 51/200	Train Loss: 2.7787	Val Accuracy: 18.9
Training Epoch: 52/200	Train Loss: 3.1186	Val Accuracy: 17.74
Training Epoch: 53/200	Train Loss: 2.2258	Val Accuracy: 17.74
Training Epoch: 54/200	Train Loss: 3.3487	Val Accuracy: 18.4
Training Epoch: 55/200	Train Loss: 2.1906	Val Accuracy: 18.4
Training Epoch: 56/200	Train Loss: 1.9361	Val Accuracy: 19.5
Training Epoch: 57/200	Train Loss: 3.2614	Val Accuracy: 19.5
Training Epoch: 58/200	Train Loss: 2.4459	Val Accuracy: 19.1
Training Epoch: 59/200	Train Loss: 2.8557	Val Accuracy: 19.1
Training Epoch: 60/200	Train Loss: 3.1665	Val Accuracy: 19.6
Training Epoch: 61/200	Train Loss: 2.2976	Val Accuracy: 19.6
Training Epoch: 62/200	Train Loss: 3.1691	Val Accuracy: 20.74
Training Epoch: 63/200	Train Loss: 1.8475	Val Accuracy: 20.74
Training Epoch: 64/200	Train Loss: 4.8422	Val Accuracy: 14.42
Training Epoch: 65/200	Train Loss: 3.3584	Val Accuracy: 14.42
Training Epoch: 66/200	Train Loss: 2.7236	Val Accuracy: 18.04
Training Epoch: 67/200	Train Loss: 2.8792	Val Accuracy: 18.04
Training Epoch: 68/200	Train Loss: 2.9665	Val Accuracy: 20.68
Training Epoch: 69/200	Train Loss: 2.196	Val Accuracy: 20.68
Training Epoch: 70/200	Train Loss: 3.5219	Val Accuracy: 20.6
Training Epoch: 71/200	Train Loss: 2.3221	Val Accuracy: 20.6
Training Epoch: 72/200	Train Loss: 3.7863	Val Accuracy: 17.4
Training Epoch: 73/200	Train Loss: 2.2284	Val Accuracy: 17.4
Training Epoch: 74/200	Train Loss: 2.0892	Val Accuracy: 18.32
Training Epoch: 75/200	Train Loss: 3.4167	Val Accuracy: 18.32
Training Epoch: 76/200	Train Loss: 3.7909	Val Accuracy: 19.86
Training Epoch: 77/200	Train Loss: 2.2542	Val Accuracy: 19.86
Training Epoch: 78/200	Train Loss: 2.6842	Val Accuracy: 21.54
Training Epoch: 79/200	Train Loss: 3.1404	Val Accuracy: 21.54
Training Epoch: 80/200	Train Loss: 1.7408	Val Accuracy: 21.8
Training Epoch: 81/200	Train Loss: 2.7925	Val Accuracy: 21.8
Training Epoch: 82/200	Train Loss: 2.8813	Val Accuracy: 21.74
Training Epoch: 83/200	Train Loss: 2.9081	Val Accuracy: 21.74
Training Epoch: 84/200	Train Loss: 2.0497	Val Accuracy: 22.7
Training Epoch: 85/200	Train Loss: 2.5081	Val Accuracy: 22.7
Training Epoch: 86/200	Train Loss: 1.9271	Val Accuracy: 21.38
Training Epoch: 87/200	Train Loss: 3.65	Val Accuracy: 21.38
Training Epoch: 88/200	Train Loss: 2.5335	Val Accuracy: 23.28
Training Epoch: 89/200	Train Loss: 2.4631	Val Accuracy: 23.28
Training Epoch: 90/200	Train Loss: 1.7985	Val Accuracy: 24.4
Training Epoch: 91/200	Train Loss: 1.7935	Val Accuracy: 24.4
Training Epoch: 92/200	Train Loss: 2.8966	Val Accuracy: 24.84
Training Epoch: 93/200	Train Loss: 2.4729	Val Accuracy: 24.84
Training Epoch: 94/200	Train Loss: 3.4855	Val Accuracy: 25.26
Training Epoch: 95/200	Train Loss: 2.5709	Val Accuracy: 25.26
Training Epoch: 96/200	Train Loss: 2.7692	Val Accuracy: 25.62
Training Epoch: 97/200	Train Loss: 1.5864	Val Accuracy: 25.62
Training Epoch: 98/200	Train Loss: 1.5762	Val Accuracy: 26.5
Training Epoch: 99/200	Train Loss: 2.1615	Val Accuracy: 26.5
Training Epoch: 100/200	Train Loss: 2.4671	Val Accuracy: 25.82
Training Epoch: 101/200	Train Loss: 2.533	Val Accuracy: 25.82
Training Epoch: 102/200	Train Loss: 2.623	Val Accuracy: 26.66
Training Epoch: 103/200	Train Loss: 2.1323	Val Accuracy: 26.66
Training Epoch: 104/200	Train Loss: 2.0493	Val Accuracy: 26.62
Training Epoch: 105/200	Train Loss: 2.0119	Val Accuracy: 26.62
Training Epoch: 106/200	Train Loss: 2.1359	Val Accuracy: 26.36
Training Epoch: 107/200	Train Loss: 2.2148	Val Accuracy: 26.36
Training Epoch: 108/200	Train Loss: 2.4526	Val Accuracy: 27.24
Training Epoch: 109/200	Train Loss: 2.6756	Val Accuracy: 27.24
Training Epoch: 110/200	Train Loss: 1.6243	Val Accuracy: 27.32
Training Epoch: 111/200	Train Loss: 1.855	Val Accuracy: 27.32
Training Epoch: 112/200	Train Loss: 2.7992	Val Accuracy: 27.88
Training Epoch: 113/200	Train Loss: 2.4569	Val Accuracy: 27.88
Training Epoch: 114/200	Train Loss: 1.7848	Val Accuracy: 26.6
Training Epoch: 115/200	Train Loss: 2.1179	Val Accuracy: 26.6
Training Epoch: 116/200	Train Loss: 2.035	Val Accuracy: 28.68
Training Epoch: 117/200	Train Loss: 1.8255	Val Accuracy: 28.68
Training Epoch: 118/200	Train Loss: 1.6827	Val Accuracy: 28.24
Training Epoch: 119/200	Train Loss: 2.1862	Val Accuracy: 28.24
Training Epoch: 120/200	Train Loss: 2.0549	Val Accuracy: 28.44
Training Epoch: 121/200	Train Loss: 1.8078	Val Accuracy: 28.44
Training Epoch: 122/200	Train Loss: 1.9318	Val Accuracy: 27.2
Training Epoch: 123/200	Train Loss: 2.5692	Val Accuracy: 27.2
Training Epoch: 124/200	Train Loss: 1.3079	Val Accuracy: 27.5
Training Epoch: 125/200	Train Loss: 3.0592	Val Accuracy: 27.5
Training Epoch: 126/200	Train Loss: 1.8495	Val Accuracy: 27.84
Training Epoch: 127/200	Train Loss: 1.2516	Val Accuracy: 27.84
Training Epoch: 128/200	Train Loss: 2.5059	Val Accuracy: 28.44
Training Epoch: 129/200	Train Loss: 1.7932	Val Accuracy: 28.44
Training Epoch: 130/200	Train Loss: 1.5791	Val Accuracy: 27.54
Training Epoch: 131/200	Train Loss: 1.8592	Val Accuracy: 27.54
Training Epoch: 132/200	Train Loss: 1.5956	Val Accuracy: 28.72
Training Epoch: 133/200	Train Loss: 1.7344	Val Accuracy: 28.72
Training Epoch: 134/200	Train Loss: 2.3582	Val Accuracy: 28.18
Training Epoch: 135/200	Train Loss: 1.985	Val Accuracy: 28.18
Training Epoch: 136/200	Train Loss: 1.3121	Val Accuracy: 28.86
Training Epoch: 137/200	Train Loss: 1.6888	Val Accuracy: 28.86
Training Epoch: 138/200	Train Loss: 1.663	Val Accuracy: 29.24
Training Epoch: 139/200	Train Loss: 1.7558	Val Accuracy: 29.24
Training Epoch: 140/200	Train Loss: 1.2589	Val Accuracy: 29.46
Training Epoch: 141/200	Train Loss: 1.9313	Val Accuracy: 29.46
Training Epoch: 142/200	Train Loss: 1.909	Val Accuracy: 29.52
Training Epoch: 143/200	Train Loss: 1.4024	Val Accuracy: 29.52
Training Epoch: 144/200	Train Loss: 2.0846	Val Accuracy: 29.14
Training Epoch: 145/200	Train Loss: 1.4003	Val Accuracy: 29.14
Training Epoch: 146/200	Train Loss: 1.3915	Val Accuracy: 28.72
Training Epoch: 147/200	Train Loss: 1.0489	Val Accuracy: 28.72
Training Epoch: 148/200	Train Loss: 1.4038	Val Accuracy: 28.12
Training Epoch: 149/200	Train Loss: 1.5358	Val Accuracy: 28.12
Training Epoch: 150/200	Train Loss: 1.2625	Val Accuracy: 28.96
Training Epoch: 151/200	Train Loss: 1.232	Val Accuracy: 28.96
Training Epoch: 152/200	Train Loss: 1.2222	Val Accuracy: 29.18
Training Epoch: 153/200	Train Loss: 1.2657	Val Accuracy: 29.18
Training Epoch: 154/200	Train Loss: 1.6402	Val Accuracy: 30.1
Training Epoch: 155/200	Train Loss: 1.5649	Val Accuracy: 30.1
Training Epoch: 156/200	Train Loss: 1.667	Val Accuracy: 30.42
Training Epoch: 157/200	Train Loss: 1.3904	Val Accuracy: 30.42
Training Epoch: 158/200	Train Loss: 1.9293	Val Accuracy: 29.74
Training Epoch: 159/200	Train Loss: 1.4916	Val Accuracy: 29.74
Training Epoch: 160/200	Train Loss: 2.539	Val Accuracy: 29.82
Training Epoch: 161/200	Train Loss: 2.0297	Val Accuracy: 29.82
Training Epoch: 162/200	Train Loss: 1.6495	Val Accuracy: 31.1
Training Epoch: 163/200	Train Loss: 1.6218	Val Accuracy: 31.1
Training Epoch: 164/200	Train Loss: 1.1009	Val Accuracy: 30.7
Training Epoch: 165/200	Train Loss: 1.1139	Val Accuracy: 30.7
Training Epoch: 166/200	Train Loss: 1.6558	Val Accuracy: 30.14
Training Epoch: 167/200	Train Loss: 1.2716	Val Accuracy: 30.14
Training Epoch: 168/200	Train Loss: 1.1311	Val Accuracy: 29.22
Training Epoch: 169/200	Train Loss: 1.3186	Val Accuracy: 29.22
Training Epoch: 170/200	Train Loss: 1.2325	Val Accuracy: 30.46
Training Epoch: 171/200	Train Loss: 1.4215	Val Accuracy: 30.46
Training Epoch: 172/200	Train Loss: 1.7106	Val Accuracy: 29.88
Training Epoch: 173/200	Train Loss: 1.7174	Val Accuracy: 29.88
Training Epoch: 174/200	Train Loss: 2.1997	Val Accuracy: 29.68
Training Epoch: 175/200	Train Loss: 1.1779	Val Accuracy: 29.68
Training Epoch: 176/200	Train Loss: 0.989	Val Accuracy: 29.6
Training Epoch: 177/200	Train Loss: 0.8616	Val Accuracy: 29.6
Training Epoch: 178/200	Train Loss: 2.0711	Val Accuracy: 29.64
Training Epoch: 179/200	Train Loss: 1.1632	Val Accuracy: 29.64
Training Epoch: 180/200	Train Loss: 1.8557	Val Accuracy: 29.46
Training Epoch: 181/200	Train Loss: 1.2494	Val Accuracy: 29.46
Training Epoch: 182/200	Train Loss: 1.461	Val Accuracy: 29.86
Training Epoch: 183/200	Train Loss: 1.1537	Val Accuracy: 29.86
Training Epoch: 184/200	Train Loss: 0.874	Val Accuracy: 29.94
Training Epoch: 185/200	Train Loss: 1.9429	Val Accuracy: 29.94
Training Epoch: 186/200	Train Loss: 1.4791	Val Accuracy: 30.4
Training Epoch: 187/200	Train Loss: 1.1463	Val Accuracy: 30.4
Training Epoch: 188/200	Train Loss: 1.3938	Val Accuracy: 30.22
Training Epoch: 189/200	Train Loss: 1.5146	Val Accuracy: 30.22
Training Epoch: 190/200	Train Loss: 1.2207	Val Accuracy: 29.92
Training Epoch: 191/200	Train Loss: 1.3589	Val Accuracy: 29.92
Training Epoch: 192/200	Train Loss: 1.4118	Val Accuracy: 29.96
Training Epoch: 193/200	Train Loss: 0.973	Val Accuracy: 29.96
Training Epoch: 194/200	Train Loss: 0.9185	Val Accuracy: 30.42
Training Epoch: 195/200	Train Loss: 1.0017	Val Accuracy: 30.42
Training Epoch: 196/200	Train Loss: 1.6971	Val Accuracy: 29.62
Training Epoch: 197/200	Train Loss: 1.4035	Val Accuracy: 29.62
Training Epoch: 198/200	Train Loss: 1.269	Val Accuracy: 30.04
Training Epoch: 199/200	Train Loss: 1.1362	Val Accuracy: 30.04
Training Epoch: 200/200	Train Loss: 1.494	Val Accuracy: 29.7

Wrote Best Model Checkpoint to: vlBest_acc_31_model_epoch_0162.pyth

Best Validation Accuracy: 31.1
Best Epoch: 162

======== TESTING ========

Test Accuracy: 30.33.

======== ACTIVE SAMPLING ========

Active Sampling Complete. After Episode 7:
New Labeled Set: 450, New Unlabeled Set: 44550, Active Set: 50

================================


Current accuracy values:  [18.549999999999997, 20.409999999999997, 13.89, 25.59999969482422, 29.029999046325685, 29.959999580383297, 33.769999008178715, 30.32999897003174]
Starting model from scratch - ignoring existing weights.
<All keys matched successfully>
None
======== EPISODE 8 BEGINS ========

======== TRAINING ========
Training Epoch: 1/200	Train Loss: 21.2611	Val Accuracy: 0.0
Training Epoch: 2/200	Train Loss: 12.8034	Val Accuracy: 9.82
Training Epoch: 3/200	Train Loss: 9.4304	Val Accuracy: 9.82
Training Epoch: 4/200	Train Loss: 3.8906	Val Accuracy: 9.88
Training Epoch: 5/200	Train Loss: 4.3612	Val Accuracy: 9.88
Training Epoch: 6/200	Train Loss: 5.5563	Val Accuracy: 10.88
Training Epoch: 7/200	Train Loss: 2.4924	Val Accuracy: 10.88
Training Epoch: 8/200	Train Loss: 6.8792	Val Accuracy: 10.2
Training Epoch: 9/200	Train Loss: 4.0746	Val Accuracy: 10.2
Training Epoch: 10/200	Train Loss: 2.7756	Val Accuracy: 13.66
Training Epoch: 11/200	Train Loss: 3.3632	Val Accuracy: 13.66
Training Epoch: 12/200	Train Loss: 5.2756	Val Accuracy: 16.0
Training Epoch: 13/200	Train Loss: 5.0322	Val Accuracy: 16.0
Training Epoch: 14/200	Train Loss: 3.8334	Val Accuracy: 12.26
Training Epoch: 15/200	Train Loss: 2.2972	Val Accuracy: 12.26
Training Epoch: 16/200	Train Loss: 4.6315	Val Accuracy: 15.34
Training Epoch: 17/200	Train Loss: 2.5943	Val Accuracy: 15.34
Training Epoch: 18/200	Train Loss: 4.1336	Val Accuracy: 15.46
Training Epoch: 19/200	Train Loss: 2.32	Val Accuracy: 15.46
Training Epoch: 20/200	Train Loss: 5.7781	Val Accuracy: 14.62
Training Epoch: 21/200	Train Loss: 2.511	Val Accuracy: 14.62
Training Epoch: 22/200	Train Loss: 3.4109	Val Accuracy: 15.12
Training Epoch: 23/200	Train Loss: 4.1032	Val Accuracy: 15.12
Training Epoch: 24/200	Train Loss: 4.4725	Val Accuracy: 17.16
Training Epoch: 25/200	Train Loss: 2.4727	Val Accuracy: 17.16
Training Epoch: 26/200	Train Loss: 2.3325	Val Accuracy: 15.92
Training Epoch: 27/200	Train Loss: 3.0616	Val Accuracy: 15.92
Training Epoch: 28/200	Train Loss: 2.1311	Val Accuracy: 16.76
Training Epoch: 29/200	Train Loss: 4.1282	Val Accuracy: 16.76
Training Epoch: 30/200	Train Loss: 2.65	Val Accuracy: 16.72
Training Epoch: 31/200	Train Loss: 5.1417	Val Accuracy: 16.72
Training Epoch: 32/200	Train Loss: 2.7076	Val Accuracy: 18.7
Training Epoch: 33/200	Train Loss: 2.1413	Val Accuracy: 18.7
Training Epoch: 34/200	Train Loss: 2.5826	Val Accuracy: 18.74
Training Epoch: 35/200	Train Loss: 4.1365	Val Accuracy: 18.74
Training Epoch: 36/200	Train Loss: 3.4486	Val Accuracy: 17.96
Training Epoch: 37/200	Train Loss: 2.1878	Val Accuracy: 17.96
Training Epoch: 38/200	Train Loss: 3.9745	Val Accuracy: 20.58
Training Epoch: 39/200	Train Loss: 2.1241	Val Accuracy: 20.58
Training Epoch: 40/200	Train Loss: 2.4141	Val Accuracy: 21.02
Training Epoch: 41/200	Train Loss: 2.9566	Val Accuracy: 21.02
Training Epoch: 42/200	Train Loss: 3.1152	Val Accuracy: 20.48
Training Epoch: 43/200	Train Loss: 3.4717	Val Accuracy: 20.48
Training Epoch: 44/200	Train Loss: 5.9501	Val Accuracy: 19.9
Training Epoch: 45/200	Train Loss: 2.5544	Val Accuracy: 19.9
Training Epoch: 46/200	Train Loss: 5.0773	Val Accuracy: 21.22
Training Epoch: 47/200	Train Loss: 1.9963	Val Accuracy: 21.22
Training Epoch: 48/200	Train Loss: 2.8466	Val Accuracy: 23.72
Training Epoch: 49/200	Train Loss: 1.7995	Val Accuracy: 23.72
Training Epoch: 50/200	Train Loss: 3.1748	Val Accuracy: 26.02
Training Epoch: 51/200	Train Loss: 1.9186	Val Accuracy: 26.02
Training Epoch: 52/200	Train Loss: 5.8564	Val Accuracy: 25.68
Training Epoch: 53/200	Train Loss: 3.0591	Val Accuracy: 25.68
Training Epoch: 54/200	Train Loss: 1.8532	Val Accuracy: 25.24
Training Epoch: 55/200	Train Loss: 3.2597	Val Accuracy: 25.24
Training Epoch: 56/200	Train Loss: 4.5219	Val Accuracy: 24.2
Training Epoch: 57/200	Train Loss: 2.0275	Val Accuracy: 24.2
Training Epoch: 58/200	Train Loss: 2.775	Val Accuracy: 22.48
Training Epoch: 59/200	Train Loss: 3.6096	Val Accuracy: 22.48
Training Epoch: 60/200	Train Loss: 3.7124	Val Accuracy: 18.72
Training Epoch: 61/200	Train Loss: 2.1909	Val Accuracy: 18.72
Training Epoch: 62/200	Train Loss: 3.2309	Val Accuracy: 23.72
Training Epoch: 63/200	Train Loss: 5.3862	Val Accuracy: 23.72
Training Epoch: 64/200	Train Loss: 3.5176	Val Accuracy: 25.28
Training Epoch: 65/200	Train Loss: 1.8523	Val Accuracy: 25.28
Training Epoch: 66/200	Train Loss: 2.0463	Val Accuracy: 27.32
Training Epoch: 67/200	Train Loss: 3.3422	Val Accuracy: 27.32
Training Epoch: 68/200	Train Loss: 3.1823	Val Accuracy: 26.74
Training Epoch: 69/200	Train Loss: 2.7911	Val Accuracy: 26.74
Training Epoch: 70/200	Train Loss: 2.6974	Val Accuracy: 27.84
Training Epoch: 71/200	Train Loss: 3.2313	Val Accuracy: 27.84
Training Epoch: 72/200	Train Loss: 2.1183	Val Accuracy: 28.08
Training Epoch: 73/200	Train Loss: 2.5265	Val Accuracy: 28.08
Training Epoch: 74/200	Train Loss: 3.1548	Val Accuracy: 29.08
Training Epoch: 75/200	Train Loss: 2.5106	Val Accuracy: 29.08
Training Epoch: 76/200	Train Loss: 2.0544	Val Accuracy: 28.9
Training Epoch: 77/200	Train Loss: 3.5341	Val Accuracy: 28.9
Training Epoch: 78/200	Train Loss: 1.9483	Val Accuracy: 29.14
Training Epoch: 79/200	Train Loss: 2.2312	Val Accuracy: 29.14
Training Epoch: 80/200	Train Loss: 2.2168	Val Accuracy: 28.78
Training Epoch: 81/200	Train Loss: 2.6742	Val Accuracy: 28.78
Training Epoch: 82/200	Train Loss: 1.8572	Val Accuracy: 29.98
Training Epoch: 83/200	Train Loss: 2.3781	Val Accuracy: 29.98
Training Epoch: 84/200	Train Loss: 1.6025	Val Accuracy: 29.62
Training Epoch: 85/200	Train Loss: 1.7039	Val Accuracy: 29.62
Training Epoch: 86/200	Train Loss: 2.1964	Val Accuracy: 30.3
Training Epoch: 87/200	Train Loss: 3.6519	Val Accuracy: 30.3
Training Epoch: 88/200	Train Loss: 3.0354	Val Accuracy: 29.56
Training Epoch: 89/200	Train Loss: 1.8845	Val Accuracy: 29.56
Training Epoch: 90/200	Train Loss: 3.1259	Val Accuracy: 28.82
Training Epoch: 91/200	Train Loss: 2.1682	Val Accuracy: 28.82
Training Epoch: 92/200	Train Loss: 2.1987	Val Accuracy: 30.12
Training Epoch: 93/200	Train Loss: 2.0983	Val Accuracy: 30.12
Training Epoch: 94/200	Train Loss: 2.1965	Val Accuracy: 30.98
Training Epoch: 95/200	Train Loss: 2.1559	Val Accuracy: 30.98
Training Epoch: 96/200	Train Loss: 2.0044	Val Accuracy: 31.32
Training Epoch: 97/200	Train Loss: 1.4109	Val Accuracy: 31.32
Training Epoch: 98/200	Train Loss: 1.3758	Val Accuracy: 30.28
Training Epoch: 99/200	Train Loss: 1.3288	Val Accuracy: 30.28
Training Epoch: 100/200	Train Loss: 2.2977	Val Accuracy: 30.84
Training Epoch: 101/200	Train Loss: 1.8171	Val Accuracy: 30.84
Training Epoch: 102/200	Train Loss: 1.6302	Val Accuracy: 30.1
Training Epoch: 103/200	Train Loss: 2.1796	Val Accuracy: 30.1
Training Epoch: 104/200	Train Loss: 1.5729	Val Accuracy: 32.36
Training Epoch: 105/200	Train Loss: 1.4854	Val Accuracy: 32.36
Training Epoch: 106/200	Train Loss: 2.2365	Val Accuracy: 30.72
Training Epoch: 107/200	Train Loss: 2.5449	Val Accuracy: 30.72
Training Epoch: 108/200	Train Loss: 1.5321	Val Accuracy: 31.92
Training Epoch: 109/200	Train Loss: 2.7627	Val Accuracy: 31.92
Training Epoch: 110/200	Train Loss: 1.526	Val Accuracy: 30.36
Training Epoch: 111/200	Train Loss: 1.5502	Val Accuracy: 30.36
Training Epoch: 112/200	Train Loss: 2.4169	Val Accuracy: 30.74
Training Epoch: 113/200	Train Loss: 2.0232	Val Accuracy: 30.74
Training Epoch: 114/200	Train Loss: 1.9866	Val Accuracy: 31.88
Training Epoch: 115/200	Train Loss: 1.2685	Val Accuracy: 31.88
Training Epoch: 116/200	Train Loss: 1.5566	Val Accuracy: 31.2
Training Epoch: 117/200	Train Loss: 2.0308	Val Accuracy: 31.2
Training Epoch: 118/200	Train Loss: 1.4629	Val Accuracy: 30.84
Training Epoch: 119/200	Train Loss: 1.3255	Val Accuracy: 30.84
Training Epoch: 120/200	Train Loss: 3.2523	Val Accuracy: 31.12
Training Epoch: 121/200	Train Loss: 1.4102	Val Accuracy: 31.12
Training Epoch: 122/200	Train Loss: 0.9142	Val Accuracy: 31.32
Training Epoch: 123/200	Train Loss: 1.1098	Val Accuracy: 31.32
Training Epoch: 124/200	Train Loss: 2.8126	Val Accuracy: 31.34
Training Epoch: 125/200	Train Loss: 1.0737	Val Accuracy: 31.34
Training Epoch: 126/200	Train Loss: 1.2269	Val Accuracy: 32.38
Training Epoch: 127/200	Train Loss: 1.3871	Val Accuracy: 32.38
Training Epoch: 128/200	Train Loss: 1.025	Val Accuracy: 32.7
Training Epoch: 129/200	Train Loss: 1.7319	Val Accuracy: 32.7
Training Epoch: 130/200	Train Loss: 1.399	Val Accuracy: 31.74
Training Epoch: 131/200	Train Loss: 1.1888	Val Accuracy: 31.74
Training Epoch: 132/200	Train Loss: 1.1856	Val Accuracy: 32.22
Training Epoch: 133/200	Train Loss: 1.2839	Val Accuracy: 32.22
Training Epoch: 134/200	Train Loss: 0.9213	Val Accuracy: 32.26
Training Epoch: 135/200	Train Loss: 1.1917	Val Accuracy: 32.26
Training Epoch: 136/200	Train Loss: 0.9476	Val Accuracy: 31.88
Training Epoch: 137/200	Train Loss: 1.3748	Val Accuracy: 31.88
Training Epoch: 138/200	Train Loss: 0.9768	Val Accuracy: 32.38
Training Epoch: 139/200	Train Loss: 1.5308	Val Accuracy: 32.38
Training Epoch: 140/200	Train Loss: 0.8141	Val Accuracy: 32.12
Training Epoch: 141/200	Train Loss: 0.9089	Val Accuracy: 32.12
Training Epoch: 142/200	Train Loss: 2.1395	Val Accuracy: 31.76
Training Epoch: 143/200	Train Loss: 0.7955	Val Accuracy: 31.76
Training Epoch: 144/200	Train Loss: 0.8626	Val Accuracy: 31.74
Training Epoch: 145/200	Train Loss: 1.1493	Val Accuracy: 31.74
Training Epoch: 146/200	Train Loss: 0.8319	Val Accuracy: 32.22
Training Epoch: 147/200	Train Loss: 1.803	Val Accuracy: 32.22
Training Epoch: 148/200	Train Loss: 1.0943	Val Accuracy: 32.08
Training Epoch: 149/200	Train Loss: 1.4242	Val Accuracy: 32.08
Training Epoch: 150/200	Train Loss: 0.9523	Val Accuracy: 31.6
Training Epoch: 151/200	Train Loss: 1.3625	Val Accuracy: 31.6
Training Epoch: 152/200	Train Loss: 1.6161	Val Accuracy: 32.4
Training Epoch: 153/200	Train Loss: 0.805	Val Accuracy: 32.4
Training Epoch: 154/200	Train Loss: 0.7539	Val Accuracy: 32.34
Training Epoch: 155/200	Train Loss: 0.7552	Val Accuracy: 32.34
Training Epoch: 156/200	Train Loss: 1.4457	Val Accuracy: 32.98
Training Epoch: 157/200	Train Loss: 0.7029	Val Accuracy: 32.98
Training Epoch: 158/200	Train Loss: 0.853	Val Accuracy: 32.3
Training Epoch: 159/200	Train Loss: 0.9145	Val Accuracy: 32.3
Training Epoch: 160/200	Train Loss: 0.6009	Val Accuracy: 32.56
Training Epoch: 161/200	Train Loss: 1.5181	Val Accuracy: 32.56
Training Epoch: 162/200	Train Loss: 0.6409	Val Accuracy: 32.06
Training Epoch: 163/200	Train Loss: 0.6437	Val Accuracy: 32.06
Training Epoch: 164/200	Train Loss: 0.5086	Val Accuracy: 32.48
Training Epoch: 165/200	Train Loss: 0.8737	Val Accuracy: 32.48
Training Epoch: 166/200	Train Loss: 1.432	Val Accuracy: 32.64
Training Epoch: 167/200	Train Loss: 0.5812	Val Accuracy: 32.64
Training Epoch: 168/200	Train Loss: 0.5486	Val Accuracy: 32.52
Training Epoch: 169/200	Train Loss: 1.8343	Val Accuracy: 32.52
Training Epoch: 170/200	Train Loss: 0.4896	Val Accuracy: 32.64
Training Epoch: 171/200	Train Loss: 1.2808	Val Accuracy: 32.64
Training Epoch: 172/200	Train Loss: 1.1317	Val Accuracy: 32.12
Training Epoch: 173/200	Train Loss: 1.6015	Val Accuracy: 32.12
Training Epoch: 174/200	Train Loss: 1.2915	Val Accuracy: 32.58
Training Epoch: 175/200	Train Loss: 0.7287	Val Accuracy: 32.58
Training Epoch: 176/200	Train Loss: 2.1107	Val Accuracy: 32.44
Training Epoch: 177/200	Train Loss: 0.5579	Val Accuracy: 32.44
Training Epoch: 178/200	Train Loss: 0.6783	Val Accuracy: 32.16
Training Epoch: 179/200	Train Loss: 0.9102	Val Accuracy: 32.16
Training Epoch: 180/200	Train Loss: 0.669	Val Accuracy: 32.3
Training Epoch: 181/200	Train Loss: 0.4995	Val Accuracy: 32.3
Training Epoch: 182/200	Train Loss: 0.5011	Val Accuracy: 33.0
Training Epoch: 183/200	Train Loss: 0.3694	Val Accuracy: 33.0
Training Epoch: 184/200	Train Loss: 0.4643	Val Accuracy: 32.3
Training Epoch: 185/200	Train Loss: 0.3862	Val Accuracy: 32.3
Training Epoch: 186/200	Train Loss: 0.5875	Val Accuracy: 32.76
Training Epoch: 187/200	Train Loss: 1.4561	Val Accuracy: 32.76
Training Epoch: 188/200	Train Loss: 1.6816	Val Accuracy: 32.62
Training Epoch: 189/200	Train Loss: 1.9145	Val Accuracy: 32.62
Training Epoch: 190/200	Train Loss: 1.1259	Val Accuracy: 32.88
Training Epoch: 191/200	Train Loss: 0.9243	Val Accuracy: 32.88
Training Epoch: 192/200	Train Loss: 1.468	Val Accuracy: 32.46
Training Epoch: 193/200	Train Loss: 0.8989	Val Accuracy: 32.46
Training Epoch: 194/200	Train Loss: 0.3755	Val Accuracy: 31.6
Training Epoch: 195/200	Train Loss: 0.4622	Val Accuracy: 31.6
Training Epoch: 196/200	Train Loss: 1.1244	Val Accuracy: 32.18
Training Epoch: 197/200	Train Loss: 0.4291	Val Accuracy: 32.18
Training Epoch: 198/200	Train Loss: 1.0138	Val Accuracy: 32.9
Training Epoch: 199/200	Train Loss: 0.559	Val Accuracy: 32.9
Training Epoch: 200/200	Train Loss: 1.1811	Val Accuracy: 32.28

Wrote Best Model Checkpoint to: vlBest_acc_32_model_epoch_0182.pyth

Best Validation Accuracy: 33.0
Best Epoch: 182

======== TESTING ========

Test Accuracy: 32.37.

======== ACTIVE SAMPLING ========

Active Sampling Complete. After Episode 8:
New Labeled Set: 500, New Unlabeled Set: 44500, Active Set: 50

================================


Current accuracy values:  [18.549999999999997, 20.409999999999997, 13.89, 25.59999969482422, 29.029999046325685, 29.959999580383297, 33.769999008178715, 30.32999897003174, 32.369998970031745]
Starting model from scratch - ignoring existing weights.
<All keys matched successfully>
None
======== EPISODE 9 BEGINS ========

======== TRAINING ========
Training Epoch: 1/200	Train Loss: 13.3867	Val Accuracy: 0.0
Training Epoch: 2/200	Train Loss: 4.4535	Val Accuracy: 10.04
Training Epoch: 3/200	Train Loss: 5.6911	Val Accuracy: 10.04
Training Epoch: 4/200	Train Loss: 4.9387	Val Accuracy: 9.98
Training Epoch: 5/200	Train Loss: 3.8169	Val Accuracy: 9.98
Training Epoch: 6/200	Train Loss: 8.431	Val Accuracy: 9.8
Training Epoch: 7/200	Train Loss: 5.2067	Val Accuracy: 9.8
Training Epoch: 8/200	Train Loss: 3.2889	Val Accuracy: 11.28
Training Epoch: 9/200	Train Loss: 4.1284	Val Accuracy: 11.28
Training Epoch: 10/200	Train Loss: 2.4312	Val Accuracy: 10.26
Training Epoch: 11/200	Train Loss: 4.7908	Val Accuracy: 10.26
Training Epoch: 12/200	Train Loss: 3.9037	Val Accuracy: 10.9
Training Epoch: 13/200	Train Loss: 4.1406	Val Accuracy: 10.9
Training Epoch: 14/200	Train Loss: 4.3847	Val Accuracy: 9.86
Training Epoch: 15/200	Train Loss: 7.0001	Val Accuracy: 9.86
Training Epoch: 16/200	Train Loss: 3.6067	Val Accuracy: 11.74
Training Epoch: 17/200	Train Loss: 5.9791	Val Accuracy: 11.74
Training Epoch: 18/200	Train Loss: 4.1719	Val Accuracy: 13.08
Training Epoch: 19/200	Train Loss: 3.3622	Val Accuracy: 13.08
Training Epoch: 20/200	Train Loss: 4.5325	Val Accuracy: 13.54
Training Epoch: 21/200	Train Loss: 2.1515	Val Accuracy: 13.54
Training Epoch: 22/200	Train Loss: 3.0383	Val Accuracy: 19.0
Training Epoch: 23/200	Train Loss: 3.2382	Val Accuracy: 19.0
Training Epoch: 24/200	Train Loss: 2.668	Val Accuracy: 19.1
Training Epoch: 25/200	Train Loss: 2.8209	Val Accuracy: 19.1
Training Epoch: 26/200	Train Loss: 4.5174	Val Accuracy: 19.84
Training Epoch: 27/200	Train Loss: 3.5792	Val Accuracy: 19.84
Training Epoch: 28/200	Train Loss: 2.1373	Val Accuracy: 19.84
Training Epoch: 29/200	Train Loss: 2.6364	Val Accuracy: 19.84
Training Epoch: 30/200	Train Loss: 2.6684	Val Accuracy: 21.84
Training Epoch: 31/200	Train Loss: 3.902	Val Accuracy: 21.84
Training Epoch: 32/200	Train Loss: 2.9689	Val Accuracy: 22.88
Training Epoch: 33/200	Train Loss: 2.4713	Val Accuracy: 22.88
Training Epoch: 34/200	Train Loss: 1.9276	Val Accuracy: 23.72
Training Epoch: 35/200	Train Loss: 4.0223	Val Accuracy: 23.72
Training Epoch: 36/200	Train Loss: 2.4948	Val Accuracy: 23.34
Training Epoch: 37/200	Train Loss: 2.0346	Val Accuracy: 23.34
Training Epoch: 38/200	Train Loss: 3.2993	Val Accuracy: 24.06
Training Epoch: 39/200	Train Loss: 3.1001	Val Accuracy: 24.06
Training Epoch: 40/200	Train Loss: 1.9839	Val Accuracy: 24.74
Training Epoch: 41/200	Train Loss: 3.5312	Val Accuracy: 24.74
Training Epoch: 42/200	Train Loss: 2.0944	Val Accuracy: 26.12
Training Epoch: 43/200	Train Loss: 3.3904	Val Accuracy: 26.12
Training Epoch: 44/200	Train Loss: 3.1621	Val Accuracy: 26.06
Training Epoch: 45/200	Train Loss: 2.645	Val Accuracy: 26.06
Training Epoch: 46/200	Train Loss: 2.8511	Val Accuracy: 24.2
Training Epoch: 47/200	Train Loss: 2.334	Val Accuracy: 24.2
Training Epoch: 48/200	Train Loss: 2.2781	Val Accuracy: 25.54
Training Epoch: 49/200	Train Loss: 2.9944	Val Accuracy: 25.54
Training Epoch: 50/200	Train Loss: 1.9883	Val Accuracy: 27.34
Training Epoch: 51/200	Train Loss: 2.0435	Val Accuracy: 27.34
Training Epoch: 52/200	Train Loss: 2.7329	Val Accuracy: 28.38
Training Epoch: 53/200	Train Loss: 2.3622	Val Accuracy: 28.38
Training Epoch: 54/200	Train Loss: 2.075	Val Accuracy: 29.18
Training Epoch: 55/200	Train Loss: 2.6432	Val Accuracy: 29.18
Training Epoch: 56/200	Train Loss: 1.7265	Val Accuracy: 29.3
Training Epoch: 57/200	Train Loss: 1.8023	Val Accuracy: 29.3
Training Epoch: 58/200	Train Loss: 1.6561	Val Accuracy: 27.16
Training Epoch: 59/200	Train Loss: 3.919	Val Accuracy: 27.16
Training Epoch: 60/200	Train Loss: 1.9981	Val Accuracy: 28.46
Training Epoch: 61/200	Train Loss: 1.8928	Val Accuracy: 28.46
Training Epoch: 62/200	Train Loss: 3.6584	Val Accuracy: 22.58
Training Epoch: 63/200	Train Loss: 2.0739	Val Accuracy: 22.58
Training Epoch: 64/200	Train Loss: 2.5473	Val Accuracy: 20.44
Training Epoch: 65/200	Train Loss: 3.6438	Val Accuracy: 20.44
Training Epoch: 66/200	Train Loss: 2.7584	Val Accuracy: 21.86
Training Epoch: 67/200	Train Loss: 2.3645	Val Accuracy: 21.86
Training Epoch: 68/200	Train Loss: 1.9822	Val Accuracy: 25.76
Training Epoch: 69/200	Train Loss: 1.7644	Val Accuracy: 25.76
Training Epoch: 70/200	Train Loss: 2.0919	Val Accuracy: 26.78
Training Epoch: 71/200	Train Loss: 1.9973	Val Accuracy: 26.78
Training Epoch: 72/200	Train Loss: 1.9304	Val Accuracy: 26.02
Training Epoch: 73/200	Train Loss: 1.6934	Val Accuracy: 26.02
Training Epoch: 74/200	Train Loss: 2.3825	Val Accuracy: 27.26
Training Epoch: 75/200	Train Loss: 2.2406	Val Accuracy: 27.26
Training Epoch: 76/200	Train Loss: 1.9774	Val Accuracy: 17.26
Training Epoch: 77/200	Train Loss: 2.5652	Val Accuracy: 17.26
Training Epoch: 78/200	Train Loss: 1.9356	Val Accuracy: 19.22
Training Epoch: 79/200	Train Loss: 2.2138	Val Accuracy: 19.22
Training Epoch: 80/200	Train Loss: 2.4644	Val Accuracy: 20.32
Training Epoch: 81/200	Train Loss: 1.7629	Val Accuracy: 20.32
Training Epoch: 82/200	Train Loss: 2.2898	Val Accuracy: 24.44
Training Epoch: 83/200	Train Loss: 2.1143	Val Accuracy: 24.44
Training Epoch: 84/200	Train Loss: 2.151	Val Accuracy: 27.02
Training Epoch: 85/200	Train Loss: 1.8565	Val Accuracy: 27.02
Training Epoch: 86/200	Train Loss: 1.698	Val Accuracy: 26.62
Training Epoch: 87/200	Train Loss: 2.1512	Val Accuracy: 26.62
Training Epoch: 88/200	Train Loss: 1.769	Val Accuracy: 27.32
Training Epoch: 89/200	Train Loss: 1.5311	Val Accuracy: 27.32
Training Epoch: 90/200	Train Loss: 1.5102	Val Accuracy: 27.74
Training Epoch: 91/200	Train Loss: 1.4395	Val Accuracy: 27.74
Training Epoch: 92/200	Train Loss: 1.8743	Val Accuracy: 27.42
Training Epoch: 93/200	Train Loss: 1.4548	Val Accuracy: 27.42
Training Epoch: 94/200	Train Loss: 1.6338	Val Accuracy: 27.28
Training Epoch: 95/200	Train Loss: 1.4606	Val Accuracy: 27.28
Training Epoch: 96/200	Train Loss: 3.1423	Val Accuracy: 28.42
Training Epoch: 97/200	Train Loss: 1.207	Val Accuracy: 28.42
Training Epoch: 98/200	Train Loss: 2.3232	Val Accuracy: 28.48
Training Epoch: 99/200	Train Loss: 1.2914	Val Accuracy: 28.48
Training Epoch: 100/200	Train Loss: 1.1825	Val Accuracy: 27.8
Training Epoch: 101/200	Train Loss: 1.3097	Val Accuracy: 27.8
Training Epoch: 102/200	Train Loss: 1.149	Val Accuracy: 28.2
Training Epoch: 103/200	Train Loss: 1.6514	Val Accuracy: 28.2
Training Epoch: 104/200	Train Loss: 1.6009	Val Accuracy: 28.78
Training Epoch: 105/200	Train Loss: 1.1552	Val Accuracy: 28.78
Training Epoch: 106/200	Train Loss: 1.1718	Val Accuracy: 28.84
Training Epoch: 107/200	Train Loss: 1.356	Val Accuracy: 28.84
Training Epoch: 108/200	Train Loss: 1.3623	Val Accuracy: 30.04
Training Epoch: 109/200	Train Loss: 1.0529	Val Accuracy: 30.04
Training Epoch: 110/200	Train Loss: 1.2369	Val Accuracy: 27.96
Training Epoch: 111/200	Train Loss: 1.3014	Val Accuracy: 27.96
Training Epoch: 112/200	Train Loss: 0.8968	Val Accuracy: 30.88
Training Epoch: 113/200	Train Loss: 1.614	Val Accuracy: 30.88
Training Epoch: 114/200	Train Loss: 0.9395	Val Accuracy: 28.8
Training Epoch: 115/200	Train Loss: 0.8508	Val Accuracy: 28.8
Training Epoch: 116/200	Train Loss: 1.2066	Val Accuracy: 28.52
Training Epoch: 117/200	Train Loss: 0.9244	Val Accuracy: 28.52
Training Epoch: 118/200	Train Loss: 1.3705	Val Accuracy: 31.06
Training Epoch: 119/200	Train Loss: 1.6139	Val Accuracy: 31.06
Training Epoch: 120/200	Train Loss: 1.6104	Val Accuracy: 28.58
Training Epoch: 121/200	Train Loss: 1.1827	Val Accuracy: 28.58
Training Epoch: 122/200	Train Loss: 0.9151	Val Accuracy: 29.18
Training Epoch: 123/200	Train Loss: 1.3463	Val Accuracy: 29.18
Training Epoch: 124/200	Train Loss: 1.149	Val Accuracy: 29.44
Training Epoch: 125/200	Train Loss: 0.8907	Val Accuracy: 29.44
Training Epoch: 126/200	Train Loss: 0.6777	Val Accuracy: 28.34
Training Epoch: 127/200	Train Loss: 1.5973	Val Accuracy: 28.34
Training Epoch: 128/200	Train Loss: 0.9008	Val Accuracy: 30.0
Training Epoch: 129/200	Train Loss: 1.0519	Val Accuracy: 30.0
Training Epoch: 130/200	Train Loss: 0.9193	Val Accuracy: 29.06
Training Epoch: 131/200	Train Loss: 1.4301	Val Accuracy: 29.06
Training Epoch: 132/200	Train Loss: 0.5569	Val Accuracy: 28.58
Training Epoch: 133/200	Train Loss: 0.7277	Val Accuracy: 28.58
Training Epoch: 134/200	Train Loss: 0.8385	Val Accuracy: 28.12
Training Epoch: 135/200	Train Loss: 0.5505	Val Accuracy: 28.12
Training Epoch: 136/200	Train Loss: 0.6177	Val Accuracy: 28.12
Training Epoch: 137/200	Train Loss: 0.9742	Val Accuracy: 28.12
Training Epoch: 138/200	Train Loss: 0.7358	Val Accuracy: 28.4
Training Epoch: 139/200	Train Loss: 0.9468	Val Accuracy: 28.4
Training Epoch: 140/200	Train Loss: 0.8383	Val Accuracy: 29.1
Training Epoch: 141/200	Train Loss: 1.0507	Val Accuracy: 29.1
Training Epoch: 142/200	Train Loss: 0.9591	Val Accuracy: 29.46
Training Epoch: 143/200	Train Loss: 0.9774	Val Accuracy: 29.46
Training Epoch: 144/200	Train Loss: 0.6633	Val Accuracy: 28.92
Training Epoch: 145/200	Train Loss: 0.5202	Val Accuracy: 28.92
Training Epoch: 146/200	Train Loss: 0.4699	Val Accuracy: 30.0
Training Epoch: 147/200	Train Loss: 0.4847	Val Accuracy: 30.0
Training Epoch: 148/200	Train Loss: 0.8582	Val Accuracy: 29.38
Training Epoch: 149/200	Train Loss: 0.9227	Val Accuracy: 29.38
Training Epoch: 150/200	Train Loss: 0.8954	Val Accuracy: 28.86
Training Epoch: 151/200	Train Loss: 1.1165	Val Accuracy: 28.86
Training Epoch: 152/200	Train Loss: 0.6484	Val Accuracy: 29.84
Training Epoch: 153/200	Train Loss: 0.3156	Val Accuracy: 29.84
Training Epoch: 154/200	Train Loss: 0.2918	Val Accuracy: 29.34
Training Epoch: 155/200	Train Loss: 0.8253	Val Accuracy: 29.34
Training Epoch: 156/200	Train Loss: 1.0115	Val Accuracy: 29.26
Training Epoch: 157/200	Train Loss: 0.4651	Val Accuracy: 29.26
Training Epoch: 158/200	Train Loss: 0.8389	Val Accuracy: 28.9
Training Epoch: 159/200	Train Loss: 1.1819	Val Accuracy: 28.9
Training Epoch: 160/200	Train Loss: 0.6228	Val Accuracy: 29.76
Training Epoch: 161/200	Train Loss: 0.7025	Val Accuracy: 29.76
Training Epoch: 162/200	Train Loss: 0.3558	Val Accuracy: 30.22
Training Epoch: 163/200	Train Loss: 0.2522	Val Accuracy: 30.22
Training Epoch: 164/200	Train Loss: 0.323	Val Accuracy: 29.68
Training Epoch: 165/200	Train Loss: 0.3606	Val Accuracy: 29.68
Training Epoch: 166/200	Train Loss: 0.3209	Val Accuracy: 30.34
Training Epoch: 167/200	Train Loss: 0.5069	Val Accuracy: 30.34
Training Epoch: 168/200	Train Loss: 0.5614	Val Accuracy: 29.14
Training Epoch: 169/200	Train Loss: 0.3361	Val Accuracy: 29.14
Training Epoch: 170/200	Train Loss: 0.2972	Val Accuracy: 29.6
Training Epoch: 171/200	Train Loss: 0.4091	Val Accuracy: 29.6
Training Epoch: 172/200	Train Loss: 0.2343	Val Accuracy: 30.14
Training Epoch: 173/200	Train Loss: 0.3071	Val Accuracy: 30.14
Training Epoch: 174/200	Train Loss: 0.4232	Val Accuracy: 28.84
Training Epoch: 175/200	Train Loss: 0.5016	Val Accuracy: 28.84
Training Epoch: 176/200	Train Loss: 0.2621	Val Accuracy: 29.0
Training Epoch: 177/200	Train Loss: 0.275	Val Accuracy: 29.0
Training Epoch: 178/200	Train Loss: 0.3459	Val Accuracy: 30.14
Training Epoch: 179/200	Train Loss: 0.2453	Val Accuracy: 30.14
Training Epoch: 180/200	Train Loss: 0.7044	Val Accuracy: 29.48
Training Epoch: 181/200	Train Loss: 0.3776	Val Accuracy: 29.48
Training Epoch: 182/200	Train Loss: 0.6221	Val Accuracy: 29.76
Training Epoch: 183/200	Train Loss: 0.4696	Val Accuracy: 29.76
Training Epoch: 184/200	Train Loss: 0.6425	Val Accuracy: 30.04
Training Epoch: 185/200	Train Loss: 0.4491	Val Accuracy: 30.04
Training Epoch: 186/200	Train Loss: 0.4543	Val Accuracy: 28.9
Training Epoch: 187/200	Train Loss: 0.4483	Val Accuracy: 28.9
Training Epoch: 188/200	Train Loss: 0.4803	Val Accuracy: 28.76
Training Epoch: 189/200	Train Loss: 0.2924	Val Accuracy: 28.76
Training Epoch: 190/200	Train Loss: 0.2257	Val Accuracy: 29.34
Training Epoch: 191/200	Train Loss: 0.3654	Val Accuracy: 29.34
Training Epoch: 192/200	Train Loss: 0.2624	Val Accuracy: 29.88
Training Epoch: 193/200	Train Loss: 1.0476	Val Accuracy: 29.88
Training Epoch: 194/200	Train Loss: 0.5063	Val Accuracy: 30.64
Training Epoch: 195/200	Train Loss: 0.1833	Val Accuracy: 30.64
Training Epoch: 196/200	Train Loss: 0.2779	Val Accuracy: 29.68
Training Epoch: 197/200	Train Loss: 0.3644	Val Accuracy: 29.68
Training Epoch: 198/200	Train Loss: 0.1465	Val Accuracy: 30.28
Training Epoch: 199/200	Train Loss: 0.2588	Val Accuracy: 30.28
Training Epoch: 200/200	Train Loss: 0.6832	Val Accuracy: 29.92

Wrote Best Model Checkpoint to: vlBest_acc_31_model_epoch_0118.pyth

Best Validation Accuracy: 31.06
Best Epoch: 118

======== TESTING ========

Test Accuracy: 28.69.

======== ACTIVE SAMPLING ========

Active Sampling Complete. After Episode 9:
New Labeled Set: 550, New Unlabeled Set: 44450, Active Set: 50

================================


Current accuracy values:  [18.549999999999997, 20.409999999999997, 13.89, 25.59999969482422, 29.029999046325685, 29.959999580383297, 33.769999008178715, 30.32999897003174, 32.369998970031745, 28.689999542236322]
Starting model from scratch - ignoring existing weights.
<All keys matched successfully>
None
======== EPISODE 10 BEGINS ========

======== TRAINING ========
Training Epoch: 1/200	Train Loss: 13.0624	Val Accuracy: 0.0
Training Epoch: 2/200	Train Loss: 8.8627	Val Accuracy: 9.56
Training Epoch: 3/200	Train Loss: 6.083	Val Accuracy: 9.56
Training Epoch: 4/200	Train Loss: 4.509	Val Accuracy: 10.2
Training Epoch: 5/200	Train Loss: 4.3951	Val Accuracy: 10.2
Training Epoch: 6/200	Train Loss: 5.3144	Val Accuracy: 8.8
Training Epoch: 7/200	Train Loss: 3.1796	Val Accuracy: 8.8
Training Epoch: 8/200	Train Loss: 2.3906	Val Accuracy: 9.34
Training Epoch: 9/200	Train Loss: 3.4041	Val Accuracy: 9.34
Training Epoch: 10/200	Train Loss: 5.2254	Val Accuracy: 12.42
Training Epoch: 11/200	Train Loss: 6.1255	Val Accuracy: 12.42
Training Epoch: 12/200	Train Loss: 2.2903	Val Accuracy: 12.18
Training Epoch: 13/200	Train Loss: 6.3037	Val Accuracy: 12.18
Training Epoch: 14/200	Train Loss: 4.0107	Val Accuracy: 15.66
Training Epoch: 15/200	Train Loss: 5.3247	Val Accuracy: 15.66
Training Epoch: 16/200	Train Loss: 3.38	Val Accuracy: 12.02
Training Epoch: 17/200	Train Loss: 3.44	Val Accuracy: 12.02
Training Epoch: 18/200	Train Loss: 6.6086	Val Accuracy: 15.28
Training Epoch: 19/200	Train Loss: 2.9523	Val Accuracy: 15.28
Training Epoch: 20/200	Train Loss: 2.8243	Val Accuracy: 14.06
Training Epoch: 21/200	Train Loss: 3.7496	Val Accuracy: 14.06
Training Epoch: 22/200	Train Loss: 2.8191	Val Accuracy: 14.38
Training Epoch: 23/200	Train Loss: 2.1152	Val Accuracy: 14.38
Training Epoch: 24/200	Train Loss: 2.7587	Val Accuracy: 17.0
Training Epoch: 25/200	Train Loss: 3.0423	Val Accuracy: 17.0
Training Epoch: 26/200	Train Loss: 4.0602	Val Accuracy: 19.02
Training Epoch: 27/200	Train Loss: 2.6019	Val Accuracy: 19.02
Training Epoch: 28/200	Train Loss: 2.2919	Val Accuracy: 18.0
Training Epoch: 29/200	Train Loss: 2.6979	Val Accuracy: 18.0
Training Epoch: 30/200	Train Loss: 3.647	Val Accuracy: 20.28
Training Epoch: 31/200	Train Loss: 2.0573	Val Accuracy: 20.28
Training Epoch: 32/200	Train Loss: 5.9172	Val Accuracy: 12.08
Training Epoch: 33/200	Train Loss: 3.9731	Val Accuracy: 12.08
Training Epoch: 34/200	Train Loss: 2.6666	Val Accuracy: 11.72
Training Epoch: 35/200	Train Loss: 3.517	Val Accuracy: 11.72
Training Epoch: 36/200	Train Loss: 3.4215	Val Accuracy: 16.3
Training Epoch: 37/200	Train Loss: 2.6529	Val Accuracy: 16.3
Training Epoch: 38/200	Train Loss: 3.3428	Val Accuracy: 20.52
Training Epoch: 39/200	Train Loss: 2.8906	Val Accuracy: 20.52
Training Epoch: 40/200	Train Loss: 2.178	Val Accuracy: 22.94
Training Epoch: 41/200	Train Loss: 2.3167	Val Accuracy: 22.94
Training Epoch: 42/200	Train Loss: 2.0389	Val Accuracy: 24.56
Training Epoch: 43/200	Train Loss: 2.1445	Val Accuracy: 24.56
Training Epoch: 44/200	Train Loss: 2.1098	Val Accuracy: 26.66
Training Epoch: 45/200	Train Loss: 2.7928	Val Accuracy: 26.66
Training Epoch: 46/200	Train Loss: 2.8865	Val Accuracy: 26.66
Training Epoch: 47/200	Train Loss: 1.913	Val Accuracy: 26.66
Training Epoch: 48/200	Train Loss: 1.6612	Val Accuracy: 27.28
Training Epoch: 49/200	Train Loss: 1.8147	Val Accuracy: 27.28
Training Epoch: 50/200	Train Loss: 2.1882	Val Accuracy: 27.12
Training Epoch: 51/200	Train Loss: 2.4614	Val Accuracy: 27.12
Training Epoch: 52/200	Train Loss: 1.6561	Val Accuracy: 27.2
Training Epoch: 53/200	Train Loss: 2.5614	Val Accuracy: 27.2
Training Epoch: 54/200	Train Loss: 2.2039	Val Accuracy: 29.24
Training Epoch: 55/200	Train Loss: 2.9136	Val Accuracy: 29.24
Training Epoch: 56/200	Train Loss: 2.498	Val Accuracy: 27.88
Training Epoch: 57/200	Train Loss: 2.317	Val Accuracy: 27.88
Training Epoch: 58/200	Train Loss: 1.6575	Val Accuracy: 28.42
Training Epoch: 59/200	Train Loss: 2.9727	Val Accuracy: 28.42
Training Epoch: 60/200	Train Loss: 2.03	Val Accuracy: 28.58
Training Epoch: 61/200	Train Loss: 2.6896	Val Accuracy: 28.58
Training Epoch: 62/200	Train Loss: 1.7904	Val Accuracy: 28.44
Training Epoch: 63/200	Train Loss: 2.2471	Val Accuracy: 28.44
Training Epoch: 64/200	Train Loss: 1.9982	Val Accuracy: 27.8
Training Epoch: 65/200	Train Loss: 2.2361	Val Accuracy: 27.8
Training Epoch: 66/200	Train Loss: 2.4413	Val Accuracy: 28.58
Training Epoch: 67/200	Train Loss: 1.5611	Val Accuracy: 28.58
Training Epoch: 68/200	Train Loss: 1.7322	Val Accuracy: 29.36
Training Epoch: 69/200	Train Loss: 2.3433	Val Accuracy: 29.36
Training Epoch: 70/200	Train Loss: 1.9607	Val Accuracy: 28.78
Training Epoch: 71/200	Train Loss: 1.6066	Val Accuracy: 28.78
Training Epoch: 72/200	Train Loss: 1.563	Val Accuracy: 29.84
Training Epoch: 73/200	Train Loss: 1.3763	Val Accuracy: 29.84
Training Epoch: 74/200	Train Loss: 1.5013	Val Accuracy: 30.2
Training Epoch: 75/200	Train Loss: 1.9325	Val Accuracy: 30.2
Training Epoch: 76/200	Train Loss: 2.2013	Val Accuracy: 27.72
Training Epoch: 77/200	Train Loss: 1.4678	Val Accuracy: 27.72
Training Epoch: 78/200	Train Loss: 2.2125	Val Accuracy: 30.06
Training Epoch: 79/200	Train Loss: 1.5883	Val Accuracy: 30.06
Training Epoch: 80/200	Train Loss: 2.005	Val Accuracy: 29.54
Training Epoch: 81/200	Train Loss: 1.9283	Val Accuracy: 29.54
Training Epoch: 82/200	Train Loss: 1.8481	Val Accuracy: 30.18
Training Epoch: 83/200	Train Loss: 1.4858	Val Accuracy: 30.18
Training Epoch: 84/200	Train Loss: 1.6279	Val Accuracy: 31.1
Training Epoch: 85/200	Train Loss: 1.8066	Val Accuracy: 31.1
Training Epoch: 86/200	Train Loss: 1.5366	Val Accuracy: 30.88
Training Epoch: 87/200	Train Loss: 2.219	Val Accuracy: 30.88
Training Epoch: 88/200	Train Loss: 1.2685	Val Accuracy: 30.14
Training Epoch: 89/200	Train Loss: 1.4118	Val Accuracy: 30.14
Training Epoch: 90/200	Train Loss: 1.786	Val Accuracy: 32.06
Training Epoch: 91/200	Train Loss: 0.8943	Val Accuracy: 32.06
Training Epoch: 92/200	Train Loss: 1.3381	Val Accuracy: 29.94
Training Epoch: 93/200	Train Loss: 1.6096	Val Accuracy: 29.94
Training Epoch: 94/200	Train Loss: 1.0998	Val Accuracy: 30.56
Training Epoch: 95/200	Train Loss: 1.6716	Val Accuracy: 30.56
Training Epoch: 96/200	Train Loss: 1.461	Val Accuracy: 30.86
Training Epoch: 97/200	Train Loss: 1.1144	Val Accuracy: 30.86
Training Epoch: 98/200	Train Loss: 2.0651	Val Accuracy: 29.38
Training Epoch: 99/200	Train Loss: 1.2662	Val Accuracy: 29.38
Training Epoch: 100/200	Train Loss: 1.7668	Val Accuracy: 30.66
Training Epoch: 101/200	Train Loss: 0.4618	Val Accuracy: 30.66
Training Epoch: 102/200	Train Loss: 0.5918	Val Accuracy: 31.06
Training Epoch: 103/200	Train Loss: 0.6676	Val Accuracy: 31.06
Training Epoch: 104/200	Train Loss: 1.6287	Val Accuracy: 31.02
Training Epoch: 105/200	Train Loss: 1.3752	Val Accuracy: 31.02
Training Epoch: 106/200	Train Loss: 0.7805	Val Accuracy: 30.04
Training Epoch: 107/200	Train Loss: 1.1767	Val Accuracy: 30.04
Training Epoch: 108/200	Train Loss: 1.3631	Val Accuracy: 30.52
Training Epoch: 109/200	Train Loss: 0.5188	Val Accuracy: 30.52
Training Epoch: 110/200	Train Loss: 1.0597	Val Accuracy: 30.74
Training Epoch: 111/200	Train Loss: 0.5023	Val Accuracy: 30.74
Training Epoch: 112/200	Train Loss: 0.5775	Val Accuracy: 31.72
Training Epoch: 113/200	Train Loss: 0.4412	Val Accuracy: 31.72
Training Epoch: 114/200	Train Loss: 0.6206	Val Accuracy: 30.56
Training Epoch: 115/200	Train Loss: 0.6157	Val Accuracy: 30.56
Training Epoch: 116/200	Train Loss: 0.7379	Val Accuracy: 31.02
Training Epoch: 117/200	Train Loss: 0.9956	Val Accuracy: 31.02
Training Epoch: 118/200	Train Loss: 0.4195	Val Accuracy: 30.18
Training Epoch: 119/200	Train Loss: 0.7025	Val Accuracy: 30.18
Training Epoch: 120/200	Train Loss: 0.4853	Val Accuracy: 30.36
Training Epoch: 121/200	Train Loss: 1.1571	Val Accuracy: 30.36
Training Epoch: 122/200	Train Loss: 0.3903	Val Accuracy: 30.94
Training Epoch: 123/200	Train Loss: 0.849	Val Accuracy: 30.94
Training Epoch: 124/200	Train Loss: 0.4846	Val Accuracy: 30.64
Training Epoch: 125/200	Train Loss: 0.6484	Val Accuracy: 30.64
Training Epoch: 126/200	Train Loss: 0.3115	Val Accuracy: 31.34
Training Epoch: 127/200	Train Loss: 0.3051	Val Accuracy: 31.34
Training Epoch: 128/200	Train Loss: 0.243	Val Accuracy: 30.66
Training Epoch: 129/200	Train Loss: 0.2693	Val Accuracy: 30.66
Training Epoch: 130/200	Train Loss: 0.3898	Val Accuracy: 30.18
Training Epoch: 131/200	Train Loss: 0.3657	Val Accuracy: 30.18
Training Epoch: 132/200	Train Loss: 0.7923	Val Accuracy: 30.94
Training Epoch: 133/200	Train Loss: 0.279	Val Accuracy: 30.94
Training Epoch: 134/200	Train Loss: 0.324	Val Accuracy: 31.06
Training Epoch: 135/200	Train Loss: 0.6826	Val Accuracy: 31.06
Training Epoch: 136/200	Train Loss: 0.7164	Val Accuracy: 31.28
Training Epoch: 137/200	Train Loss: 0.3603	Val Accuracy: 31.28
Training Epoch: 138/200	Train Loss: 0.1553	Val Accuracy: 30.78
Training Epoch: 139/200	Train Loss: 0.5276	Val Accuracy: 30.78
Training Epoch: 140/200	Train Loss: 0.9957	Val Accuracy: 31.56
Training Epoch: 141/200	Train Loss: 0.3717	Val Accuracy: 31.56
Training Epoch: 142/200	Train Loss: 1.0776	Val Accuracy: 31.12
Training Epoch: 143/200	Train Loss: 0.4431	Val Accuracy: 31.12
Training Epoch: 144/200	Train Loss: 0.8865	Val Accuracy: 31.28
Training Epoch: 145/200	Train Loss: 0.2177	Val Accuracy: 31.28
Training Epoch: 146/200	Train Loss: 0.4437	Val Accuracy: 31.04
Training Epoch: 147/200	Train Loss: 0.9788	Val Accuracy: 31.04
Training Epoch: 148/200	Train Loss: 0.8807	Val Accuracy: 31.52
Training Epoch: 149/200	Train Loss: 0.7928	Val Accuracy: 31.52
Training Epoch: 150/200	Train Loss: 0.2804	Val Accuracy: 31.62
Training Epoch: 151/200	Train Loss: 0.1763	Val Accuracy: 31.62
Training Epoch: 152/200	Train Loss: 0.2735	Val Accuracy: 31.86
Training Epoch: 153/200	Train Loss: 0.5403	Val Accuracy: 31.86
Training Epoch: 154/200	Train Loss: 0.6434	Val Accuracy: 31.1
Training Epoch: 155/200	Train Loss: 0.0908	Val Accuracy: 31.1
Training Epoch: 156/200	Train Loss: 0.482	Val Accuracy: 31.62
Training Epoch: 157/200	Train Loss: 0.3093	Val Accuracy: 31.62
Training Epoch: 158/200	Train Loss: 0.1858	Val Accuracy: 31.56
Training Epoch: 159/200	Train Loss: 0.4458	Val Accuracy: 31.56
Training Epoch: 160/200	Train Loss: 0.2822	Val Accuracy: 31.62
Training Epoch: 161/200	Train Loss: 0.4887	Val Accuracy: 31.62
Training Epoch: 162/200	Train Loss: 0.5374	Val Accuracy: 31.38
Training Epoch: 163/200	Train Loss: 0.6183	Val Accuracy: 31.38
Training Epoch: 164/200	Train Loss: 0.6079	Val Accuracy: 31.16
Training Epoch: 165/200	Train Loss: 0.6235	Val Accuracy: 31.16
Training Epoch: 166/200	Train Loss: 0.2164	Val Accuracy: 31.8
Training Epoch: 167/200	Train Loss: 0.4679	Val Accuracy: 31.8
Training Epoch: 168/200	Train Loss: 0.3697	Val Accuracy: 31.92
Training Epoch: 169/200	Train Loss: 0.5938	Val Accuracy: 31.92
Training Epoch: 170/200	Train Loss: 0.5727	Val Accuracy: 31.6
Training Epoch: 171/200	Train Loss: 0.1524	Val Accuracy: 31.6
Training Epoch: 172/200	Train Loss: 0.5056	Val Accuracy: 32.56
Training Epoch: 173/200	Train Loss: 0.128	Val Accuracy: 32.56
Training Epoch: 174/200	Train Loss: 0.3299	Val Accuracy: 31.76
Training Epoch: 175/200	Train Loss: 0.3319	Val Accuracy: 31.76
Training Epoch: 176/200	Train Loss: 0.258	Val Accuracy: 32.38
Training Epoch: 177/200	Train Loss: 0.1513	Val Accuracy: 32.38
Training Epoch: 178/200	Train Loss: 0.0435	Val Accuracy: 32.3
Training Epoch: 179/200	Train Loss: 0.0743	Val Accuracy: 32.3
Training Epoch: 180/200	Train Loss: 0.2178	Val Accuracy: 32.26
Training Epoch: 181/200	Train Loss: 0.0614	Val Accuracy: 32.26
Training Epoch: 182/200	Train Loss: 0.1194	Val Accuracy: 32.3
Training Epoch: 183/200	Train Loss: 0.1922	Val Accuracy: 32.3
Training Epoch: 184/200	Train Loss: 0.1317	Val Accuracy: 31.72
Training Epoch: 185/200	Train Loss: 0.5925	Val Accuracy: 31.72
Training Epoch: 186/200	Train Loss: 0.1966	Val Accuracy: 31.82
Training Epoch: 187/200	Train Loss: 0.3329	Val Accuracy: 31.82
Training Epoch: 188/200	Train Loss: 0.3267	Val Accuracy: 32.66
Training Epoch: 189/200	Train Loss: 0.0591	Val Accuracy: 32.66
Training Epoch: 190/200	Train Loss: 0.062	Val Accuracy: 31.88
Training Epoch: 191/200	Train Loss: 0.119	Val Accuracy: 31.88
Training Epoch: 192/200	Train Loss: 0.4545	Val Accuracy: 31.32
Training Epoch: 193/200	Train Loss: 0.1777	Val Accuracy: 31.32
Training Epoch: 194/200	Train Loss: 0.6079	Val Accuracy: 32.12
Training Epoch: 195/200	Train Loss: 0.1646	Val Accuracy: 32.12
Training Epoch: 196/200	Train Loss: 0.1428	Val Accuracy: 32.12
Training Epoch: 197/200	Train Loss: 0.2028	Val Accuracy: 32.12
Training Epoch: 198/200	Train Loss: 0.2687	Val Accuracy: 32.44
Training Epoch: 199/200	Train Loss: 0.1105	Val Accuracy: 32.44
Training Epoch: 200/200	Train Loss: 0.3549	Val Accuracy: 32.6

Wrote Best Model Checkpoint to: vlBest_acc_32_model_epoch_0188.pyth

Best Validation Accuracy: 32.66
Best Epoch: 188

======== TESTING ========

Test Accuracy: 31.53.

======== ACTIVE SAMPLING ========

Active Sampling Complete. After Episode 10:
New Labeled Set: 600, New Unlabeled Set: 44400, Active Set: 50

================================


Current accuracy values:  [18.549999999999997, 20.409999999999997, 13.89, 25.59999969482422, 29.029999046325685, 29.959999580383297, 33.769999008178715, 30.32999897003174, 32.369998970031745, 28.689999542236322, 31.529999046325685]
Starting model from scratch - ignoring existing weights.
<All keys matched successfully>
None
======== EPISODE 11 BEGINS ========

======== TRAINING ========
Training Epoch: 1/200	Train Loss: 13.0922	Val Accuracy: 0.0
Training Epoch: 2/200	Train Loss: 9.0062	Val Accuracy: 10.04
Training Epoch: 3/200	Train Loss: 7.7017	Val Accuracy: 10.04
Training Epoch: 4/200	Train Loss: 5.9196	Val Accuracy: 12.56
Training Epoch: 5/200	Train Loss: 3.811	Val Accuracy: 12.56
Training Epoch: 6/200	Train Loss: 2.3933	Val Accuracy: 14.28
Training Epoch: 7/200	Train Loss: 2.4288	Val Accuracy: 14.28
Training Epoch: 8/200	Train Loss: 7.9172	Val Accuracy: 16.62
Training Epoch: 9/200	Train Loss: 2.3728	Val Accuracy: 16.62
Training Epoch: 10/200	Train Loss: 3.5825	Val Accuracy: 9.36
Training Epoch: 11/200	Train Loss: 5.5457	Val Accuracy: 9.36
Training Epoch: 12/200	Train Loss: 4.1704	Val Accuracy: 9.98
Training Epoch: 13/200	Train Loss: 5.9421	Val Accuracy: 9.98
Training Epoch: 14/200	Train Loss: 5.0937	Val Accuracy: 9.56
Training Epoch: 15/200	Train Loss: 3.7575	Val Accuracy: 9.56
Training Epoch: 16/200	Train Loss: 3.9388	Val Accuracy: 12.18
Training Epoch: 17/200	Train Loss: 3.2322	Val Accuracy: 12.18
Training Epoch: 18/200	Train Loss: 2.3491	Val Accuracy: 11.18
Training Epoch: 19/200	Train Loss: 6.1292	Val Accuracy: 11.18
Training Epoch: 20/200	Train Loss: 4.9289	Val Accuracy: 11.9
Training Epoch: 21/200	Train Loss: 2.3274	Val Accuracy: 11.9
Training Epoch: 22/200	Train Loss: 4.8436	Val Accuracy: 13.96
Training Epoch: 23/200	Train Loss: 3.5374	Val Accuracy: 13.96
Training Epoch: 24/200	Train Loss: 8.1931	Val Accuracy: 12.64
Training Epoch: 25/200	Train Loss: 5.4746	Val Accuracy: 12.64
Training Epoch: 26/200	Train Loss: 2.9727	Val Accuracy: 16.1
Training Epoch: 27/200	Train Loss: 2.9799	Val Accuracy: 16.1
Training Epoch: 28/200	Train Loss: 2.3742	Val Accuracy: 16.18
Training Epoch: 29/200	Train Loss: 4.0999	Val Accuracy: 16.18
Training Epoch: 30/200	Train Loss: 3.2119	Val Accuracy: 17.28
Training Epoch: 31/200	Train Loss: 3.8563	Val Accuracy: 17.28
Training Epoch: 32/200	Train Loss: 3.1513	Val Accuracy: 18.26
Training Epoch: 33/200	Train Loss: 4.3714	Val Accuracy: 18.26
Training Epoch: 34/200	Train Loss: 3.219	Val Accuracy: 19.6
Training Epoch: 35/200	Train Loss: 1.9679	Val Accuracy: 19.6
Training Epoch: 36/200	Train Loss: 4.1183	Val Accuracy: 19.94
Training Epoch: 37/200	Train Loss: 6.0443	Val Accuracy: 19.94
Training Epoch: 38/200	Train Loss: 2.6439	Val Accuracy: 20.52
Training Epoch: 39/200	Train Loss: 7.3782	Val Accuracy: 20.52
Training Epoch: 40/200	Train Loss: 4.3294	Val Accuracy: 21.84
Training Epoch: 41/200	Train Loss: 2.756	Val Accuracy: 21.84
Training Epoch: 42/200	Train Loss: 2.0453	Val Accuracy: 22.62
Training Epoch: 43/200	Train Loss: 3.9012	Val Accuracy: 22.62
Training Epoch: 44/200	Train Loss: 4.2014	Val Accuracy: 22.98
Training Epoch: 45/200	Train Loss: 2.424	Val Accuracy: 22.98
Training Epoch: 46/200	Train Loss: 2.0342	Val Accuracy: 22.26
Training Epoch: 47/200	Train Loss: 3.6602	Val Accuracy: 22.26
Training Epoch: 48/200	Train Loss: 2.7927	Val Accuracy: 22.9
Training Epoch: 49/200	Train Loss: 1.9041	Val Accuracy: 22.9
Training Epoch: 50/200	Train Loss: 3.576	Val Accuracy: 23.72
Training Epoch: 51/200	Train Loss: 1.9366	Val Accuracy: 23.72
Training Epoch: 52/200	Train Loss: 2.213	Val Accuracy: 16.66
Training Epoch: 53/200	Train Loss: 4.1639	Val Accuracy: 16.66
Training Epoch: 54/200	Train Loss: 3.0201	Val Accuracy: 21.98
Training Epoch: 55/200	Train Loss: 3.5559	Val Accuracy: 21.98
Training Epoch: 56/200	Train Loss: 1.9642	Val Accuracy: 25.04
Training Epoch: 57/200	Train Loss: 2.0042	Val Accuracy: 25.04
Training Epoch: 58/200	Train Loss: 2.8625	Val Accuracy: 23.76
Training Epoch: 59/200	Train Loss: 1.9558	Val Accuracy: 23.76
Training Epoch: 60/200	Train Loss: 2.2062	Val Accuracy: 24.4
Training Epoch: 61/200	Train Loss: 1.8313	Val Accuracy: 24.4
Training Epoch: 62/200	Train Loss: 2.3702	Val Accuracy: 26.06
Training Epoch: 63/200	Train Loss: 2.0795	Val Accuracy: 26.06
Training Epoch: 64/200	Train Loss: 2.2054	Val Accuracy: 27.0
Training Epoch: 65/200	Train Loss: 2.1694	Val Accuracy: 27.0
Training Epoch: 66/200	Train Loss: 2.2295	Val Accuracy: 27.4
Training Epoch: 67/200	Train Loss: 1.639	Val Accuracy: 27.4
Training Epoch: 68/200	Train Loss: 1.7166	Val Accuracy: 29.16
Training Epoch: 69/200	Train Loss: 2.0168	Val Accuracy: 29.16
Training Epoch: 70/200	Train Loss: 2.2827	Val Accuracy: 29.72
Training Epoch: 71/200	Train Loss: 2.4551	Val Accuracy: 29.72
Training Epoch: 72/200	Train Loss: 2.1528	Val Accuracy: 30.22
Training Epoch: 73/200	Train Loss: 2.2951	Val Accuracy: 30.22
Training Epoch: 74/200	Train Loss: 1.6519	Val Accuracy: 28.86
Training Epoch: 75/200	Train Loss: 1.8984	Val Accuracy: 28.86
Training Epoch: 76/200	Train Loss: 1.9327	Val Accuracy: 30.22
Training Epoch: 77/200	Train Loss: 2.4506	Val Accuracy: 30.22
Training Epoch: 78/200	Train Loss: 1.9398	Val Accuracy: 30.54
Training Epoch: 79/200	Train Loss: 1.9372	Val Accuracy: 30.54
Training Epoch: 80/200	Train Loss: 1.9056	Val Accuracy: 30.6
Training Epoch: 81/200	Train Loss: 1.6253	Val Accuracy: 30.6
Training Epoch: 82/200	Train Loss: 1.5005	Val Accuracy: 30.64
Training Epoch: 83/200	Train Loss: 1.5157	Val Accuracy: 30.64
Training Epoch: 84/200	Train Loss: 1.3711	Val Accuracy: 32.22
Training Epoch: 85/200	Train Loss: 2.2979	Val Accuracy: 32.22
Training Epoch: 86/200	Train Loss: 2.1502	Val Accuracy: 31.82
Training Epoch: 87/200	Train Loss: 1.6329	Val Accuracy: 31.82
Training Epoch: 88/200	Train Loss: 2.8855	Val Accuracy: 31.84
Training Epoch: 89/200	Train Loss: 1.3884	Val Accuracy: 31.84
Training Epoch: 90/200	Train Loss: 1.4572	Val Accuracy: 31.58
Training Epoch: 91/200	Train Loss: 1.5907	Val Accuracy: 31.58
Training Epoch: 92/200	Train Loss: 3.6523	Val Accuracy: 33.52
Training Epoch: 93/200	Train Loss: 1.4749	Val Accuracy: 33.52
Training Epoch: 94/200	Train Loss: 2.9097	Val Accuracy: 33.36
Training Epoch: 95/200	Train Loss: 2.0537	Val Accuracy: 33.36
Training Epoch: 96/200	Train Loss: 2.4995	Val Accuracy: 31.18
Training Epoch: 97/200	Train Loss: 1.3164	Val Accuracy: 31.18
Training Epoch: 98/200	Train Loss: 2.2913	Val Accuracy: 33.08
Training Epoch: 99/200	Train Loss: 1.7313	Val Accuracy: 33.08
Training Epoch: 100/200	Train Loss: 2.4512	Val Accuracy: 32.3
Training Epoch: 101/200	Train Loss: 1.3801	Val Accuracy: 32.3
Training Epoch: 102/200	Train Loss: 1.9467	Val Accuracy: 33.08
Training Epoch: 103/200	Train Loss: 1.9524	Val Accuracy: 33.08
Training Epoch: 104/200	Train Loss: 0.9482	Val Accuracy: 32.54
Training Epoch: 105/200	Train Loss: 2.2101	Val Accuracy: 32.54
Training Epoch: 106/200	Train Loss: 1.2939	Val Accuracy: 35.14
Training Epoch: 107/200	Train Loss: 2.2452	Val Accuracy: 35.14
Training Epoch: 108/200	Train Loss: 1.5448	Val Accuracy: 32.8
Training Epoch: 109/200	Train Loss: 2.5124	Val Accuracy: 32.8
Training Epoch: 110/200	Train Loss: 1.1258	Val Accuracy: 33.82
Training Epoch: 111/200	Train Loss: 1.8674	Val Accuracy: 33.82
Training Epoch: 112/200	Train Loss: 1.5152	Val Accuracy: 33.86
Training Epoch: 113/200	Train Loss: 1.4987	Val Accuracy: 33.86
Training Epoch: 114/200	Train Loss: 0.975	Val Accuracy: 33.58
Training Epoch: 115/200	Train Loss: 1.0168	Val Accuracy: 33.58
Training Epoch: 116/200	Train Loss: 2.1698	Val Accuracy: 31.82
Training Epoch: 117/200	Train Loss: 0.9591	Val Accuracy: 31.82
Training Epoch: 118/200	Train Loss: 2.2485	Val Accuracy: 33.2
Training Epoch: 119/200	Train Loss: 1.4189	Val Accuracy: 33.2
Training Epoch: 120/200	Train Loss: 1.2575	Val Accuracy: 33.0
Training Epoch: 121/200	Train Loss: 1.0975	Val Accuracy: 33.0
Training Epoch: 122/200	Train Loss: 0.8382	Val Accuracy: 34.26
Training Epoch: 123/200	Train Loss: 0.9449	Val Accuracy: 34.26
Training Epoch: 124/200	Train Loss: 2.732	Val Accuracy: 33.8
Training Epoch: 125/200	Train Loss: 1.0666	Val Accuracy: 33.8
Training Epoch: 126/200	Train Loss: 2.0857	Val Accuracy: 34.24
Training Epoch: 127/200	Train Loss: 0.8168	Val Accuracy: 34.24
Training Epoch: 128/200	Train Loss: 1.2314	Val Accuracy: 34.1
Training Epoch: 129/200	Train Loss: 1.5148	Val Accuracy: 34.1
Training Epoch: 130/200	Train Loss: 1.5027	Val Accuracy: 34.78
Training Epoch: 131/200	Train Loss: 1.0372	Val Accuracy: 34.78
Training Epoch: 132/200	Train Loss: 1.753	Val Accuracy: 33.96
Training Epoch: 133/200	Train Loss: 0.8687	Val Accuracy: 33.96
Training Epoch: 134/200	Train Loss: 0.7191	Val Accuracy: 33.64
Training Epoch: 135/200	Train Loss: 1.3564	Val Accuracy: 33.64
Training Epoch: 136/200	Train Loss: 0.8677	Val Accuracy: 33.76
Training Epoch: 137/200	Train Loss: 0.613	Val Accuracy: 33.76
Training Epoch: 138/200	Train Loss: 0.5958	Val Accuracy: 33.64
Training Epoch: 139/200	Train Loss: 0.6879	Val Accuracy: 33.64
Training Epoch: 140/200	Train Loss: 1.6624	Val Accuracy: 33.42
Training Epoch: 141/200	Train Loss: 0.7129	Val Accuracy: 33.42
Training Epoch: 142/200	Train Loss: 0.691	Val Accuracy: 33.34
Training Epoch: 143/200	Train Loss: 1.4591	Val Accuracy: 33.34
Training Epoch: 144/200	Train Loss: 1.0536	Val Accuracy: 33.56
Training Epoch: 145/200	Train Loss: 1.2534	Val Accuracy: 33.56
Training Epoch: 146/200	Train Loss: 0.5207	Val Accuracy: 34.16
Training Epoch: 147/200	Train Loss: 0.7886	Val Accuracy: 34.16
Training Epoch: 148/200	Train Loss: 1.0235	Val Accuracy: 34.86
Training Epoch: 149/200	Train Loss: 0.8732	Val Accuracy: 34.86
Training Epoch: 150/200	Train Loss: 0.8277	Val Accuracy: 34.6
Training Epoch: 151/200	Train Loss: 0.3624	Val Accuracy: 34.6
Training Epoch: 152/200	Train Loss: 0.4854	Val Accuracy: 34.34
Training Epoch: 153/200	Train Loss: 0.3069	Val Accuracy: 34.34
Training Epoch: 154/200	Train Loss: 0.7431	Val Accuracy: 35.14
Training Epoch: 155/200	Train Loss: 0.4505	Val Accuracy: 35.14
Training Epoch: 156/200	Train Loss: 0.6192	Val Accuracy: 34.42
Training Epoch: 157/200	Train Loss: 0.2745	Val Accuracy: 34.42
Training Epoch: 158/200	Train Loss: 0.5379	Val Accuracy: 35.44
Training Epoch: 159/200	Train Loss: 0.1714	Val Accuracy: 35.44
Training Epoch: 160/200	Train Loss: 1.2482	Val Accuracy: 34.62
Training Epoch: 161/200	Train Loss: 0.3652	Val Accuracy: 34.62
Training Epoch: 162/200	Train Loss: 0.5752	Val Accuracy: 34.42
Training Epoch: 163/200	Train Loss: 0.356	Val Accuracy: 34.42
Training Epoch: 164/200	Train Loss: 0.2227	Val Accuracy: 34.18
Training Epoch: 165/200	Train Loss: 1.4584	Val Accuracy: 34.18
Training Epoch: 166/200	Train Loss: 0.6273	Val Accuracy: 33.82
Training Epoch: 167/200	Train Loss: 0.2591	Val Accuracy: 33.82
Training Epoch: 168/200	Train Loss: 0.3583	Val Accuracy: 34.08
Training Epoch: 169/200	Train Loss: 0.1937	Val Accuracy: 34.08
Training Epoch: 170/200	Train Loss: 0.192	Val Accuracy: 34.56
Training Epoch: 171/200	Train Loss: 0.208	Val Accuracy: 34.56
Training Epoch: 172/200	Train Loss: 0.3051	Val Accuracy: 35.18
Training Epoch: 173/200	Train Loss: 0.1136	Val Accuracy: 35.18
Training Epoch: 174/200	Train Loss: 0.1573	Val Accuracy: 34.38
Training Epoch: 175/200	Train Loss: 0.1893	Val Accuracy: 34.38
Training Epoch: 176/200	Train Loss: 0.4892	Val Accuracy: 34.56
Training Epoch: 177/200	Train Loss: 0.1515	Val Accuracy: 34.56
Training Epoch: 178/200	Train Loss: 0.1281	Val Accuracy: 33.98
Training Epoch: 179/200	Train Loss: 0.2011	Val Accuracy: 33.98
Training Epoch: 180/200	Train Loss: 0.1479	Val Accuracy: 35.44
Training Epoch: 181/200	Train Loss: 0.7169	Val Accuracy: 35.44
Training Epoch: 182/200	Train Loss: 0.1519	Val Accuracy: 35.2
Training Epoch: 183/200	Train Loss: 0.3493	Val Accuracy: 35.2
Training Epoch: 184/200	Train Loss: 0.4143	Val Accuracy: 34.16
Training Epoch: 185/200	Train Loss: 0.0984	Val Accuracy: 34.16
Training Epoch: 186/200	Train Loss: 0.7437	Val Accuracy: 34.26
Training Epoch: 187/200	Train Loss: 0.1724	Val Accuracy: 34.26
Training Epoch: 188/200	Train Loss: 0.4429	Val Accuracy: 35.58
Training Epoch: 189/200	Train Loss: 0.5953	Val Accuracy: 35.58
Training Epoch: 190/200	Train Loss: 0.4557	Val Accuracy: 34.56
Training Epoch: 191/200	Train Loss: 0.0792	Val Accuracy: 34.56
Training Epoch: 192/200	Train Loss: 0.1596	Val Accuracy: 34.2
Training Epoch: 193/200	Train Loss: 0.0638	Val Accuracy: 34.2
Training Epoch: 194/200	Train Loss: 0.7659	Val Accuracy: 34.7
Training Epoch: 195/200	Train Loss: 0.2606	Val Accuracy: 34.7
Training Epoch: 196/200	Train Loss: 0.1026	Val Accuracy: 34.28
Training Epoch: 197/200	Train Loss: 1.3021	Val Accuracy: 34.28
Training Epoch: 198/200	Train Loss: 0.1887	Val Accuracy: 34.52
Training Epoch: 199/200	Train Loss: 0.1484	Val Accuracy: 34.52
Training Epoch: 200/200	Train Loss: 0.1938	Val Accuracy: 34.08

Wrote Best Model Checkpoint to: vlBest_acc_35_model_epoch_0188.pyth

Best Validation Accuracy: 35.58
Best Epoch: 188

======== TESTING ========

Test Accuracy: 34.56.

======== ACTIVE SAMPLING ========

Active Sampling Complete. After Episode 11:
New Labeled Set: 650, New Unlabeled Set: 44350, Active Set: 50

================================


Current accuracy values:  [18.549999999999997, 20.409999999999997, 13.89, 25.59999969482422, 29.029999046325685, 29.959999580383297, 33.769999008178715, 30.32999897003174, 32.369998970031745, 28.689999542236322, 31.529999046325685, 34.55999919891357]
Starting model from scratch - ignoring existing weights.
<All keys matched successfully>
None
======== EPISODE 12 BEGINS ========

======== TRAINING ========
Training Epoch: 1/200	Train Loss: 14.6067	Val Accuracy: 0.0
Training Epoch: 2/200	Train Loss: 3.3613	Val Accuracy: 10.16
Training Epoch: 3/200	Train Loss: 3.0659	Val Accuracy: 10.16
Training Epoch: 4/200	Train Loss: 4.224	Val Accuracy: 9.74
Training Epoch: 5/200	Train Loss: 2.4459	Val Accuracy: 9.74
Training Epoch: 6/200	Train Loss: 3.2027	Val Accuracy: 10.36
Training Epoch: 7/200	Train Loss: 4.4207	Val Accuracy: 10.36
Training Epoch: 8/200	Train Loss: 2.4124	Val Accuracy: 10.32
Training Epoch: 9/200	Train Loss: 7.276	Val Accuracy: 10.32
Training Epoch: 10/200	Train Loss: 3.0839	Val Accuracy: 10.4
Training Epoch: 11/200	Train Loss: 3.8481	Val Accuracy: 10.4
Training Epoch: 12/200	Train Loss: 5.9117	Val Accuracy: 10.02
Training Epoch: 13/200	Train Loss: 5.4293	Val Accuracy: 10.02
Training Epoch: 14/200	Train Loss: 3.5181	Val Accuracy: 12.4
Training Epoch: 15/200	Train Loss: 4.4156	Val Accuracy: 12.4
Training Epoch: 16/200	Train Loss: 5.7505	Val Accuracy: 13.86
Training Epoch: 17/200	Train Loss: 3.7823	Val Accuracy: 13.86
Training Epoch: 18/200	Train Loss: 2.8754	Val Accuracy: 12.48
Training Epoch: 19/200	Train Loss: 5.5351	Val Accuracy: 12.48
Training Epoch: 20/200	Train Loss: 3.7726	Val Accuracy: 13.76
Training Epoch: 21/200	Train Loss: 3.6499	Val Accuracy: 13.76
Training Epoch: 22/200	Train Loss: 4.3436	Val Accuracy: 13.94
Training Epoch: 23/200	Train Loss: 4.0017	Val Accuracy: 13.94
Training Epoch: 24/200	Train Loss: 2.8925	Val Accuracy: 17.14
Training Epoch: 25/200	Train Loss: 2.4032	Val Accuracy: 17.14
Training Epoch: 26/200	Train Loss: 5.8104	Val Accuracy: 20.5
Training Epoch: 27/200	Train Loss: 3.7075	Val Accuracy: 20.5
Training Epoch: 28/200	Train Loss: 3.4447	Val Accuracy: 20.84
Training Epoch: 29/200	Train Loss: 3.1603	Val Accuracy: 20.84
Training Epoch: 30/200	Train Loss: 2.3707	Val Accuracy: 20.68
Training Epoch: 31/200	Train Loss: 3.2569	Val Accuracy: 20.68
Training Epoch: 32/200	Train Loss: 2.9997	Val Accuracy: 20.98
Training Epoch: 33/200	Train Loss: 2.383	Val Accuracy: 20.98
Training Epoch: 34/200	Train Loss: 3.6436	Val Accuracy: 24.18
Training Epoch: 35/200	Train Loss: 1.9111	Val Accuracy: 24.18
Training Epoch: 36/200	Train Loss: 3.6618	Val Accuracy: 23.9
Training Epoch: 37/200	Train Loss: 3.4778	Val Accuracy: 23.9
Training Epoch: 38/200	Train Loss: 2.5753	Val Accuracy: 21.12
Training Epoch: 39/200	Train Loss: 3.4743	Val Accuracy: 21.12
Training Epoch: 40/200	Train Loss: 4.5494	Val Accuracy: 22.46
Training Epoch: 41/200	Train Loss: 2.8145	Val Accuracy: 22.46
Training Epoch: 42/200	Train Loss: 4.0416	Val Accuracy: 25.44
Training Epoch: 43/200	Train Loss: 3.7602	Val Accuracy: 25.44
Training Epoch: 44/200	Train Loss: 2.4538	Val Accuracy: 26.14
Training Epoch: 45/200	Train Loss: 2.2614	Val Accuracy: 26.14
Training Epoch: 46/200	Train Loss: 2.6278	Val Accuracy: 25.02
Training Epoch: 47/200	Train Loss: 2.7949	Val Accuracy: 25.02
Training Epoch: 48/200	Train Loss: 2.612	Val Accuracy: 25.74
Training Epoch: 49/200	Train Loss: 1.8576	Val Accuracy: 25.74
Training Epoch: 50/200	Train Loss: 2.9221	Val Accuracy: 26.7
Training Epoch: 51/200	Train Loss: 3.1729	Val Accuracy: 26.7
Training Epoch: 52/200	Train Loss: 2.8697	Val Accuracy: 27.54
Training Epoch: 53/200	Train Loss: 1.8486	Val Accuracy: 27.54
Training Epoch: 54/200	Train Loss: 1.9768	Val Accuracy: 27.5
Training Epoch: 55/200	Train Loss: 3.3797	Val Accuracy: 27.5
Training Epoch: 56/200	Train Loss: 2.3176	Val Accuracy: 26.04
Training Epoch: 57/200	Train Loss: 2.5038	Val Accuracy: 26.04
Training Epoch: 58/200	Train Loss: 3.0399	Val Accuracy: 29.84
Training Epoch: 59/200	Train Loss: 2.7093	Val Accuracy: 29.84
Training Epoch: 60/200	Train Loss: 2.8093	Val Accuracy: 27.54
Training Epoch: 61/200	Train Loss: 1.78	Val Accuracy: 27.54
Training Epoch: 62/200	Train Loss: 1.9222	Val Accuracy: 29.82
Training Epoch: 63/200	Train Loss: 1.8791	Val Accuracy: 29.82
Training Epoch: 64/200	Train Loss: 1.9707	Val Accuracy: 26.78
Training Epoch: 65/200	Train Loss: 3.4162	Val Accuracy: 26.78
Training Epoch: 66/200	Train Loss: 3.2553	Val Accuracy: 24.22
Training Epoch: 67/200	Train Loss: 2.4773	Val Accuracy: 24.22
Training Epoch: 68/200	Train Loss: 1.788	Val Accuracy: 27.18
Training Epoch: 69/200	Train Loss: 2.5395	Val Accuracy: 27.18
Training Epoch: 70/200	Train Loss: 2.925	Val Accuracy: 29.34
Training Epoch: 71/200	Train Loss: 1.8389	Val Accuracy: 29.34
Training Epoch: 72/200	Train Loss: 1.672	Val Accuracy: 30.5
Training Epoch: 73/200	Train Loss: 2.1395	Val Accuracy: 30.5
Training Epoch: 74/200	Train Loss: 1.7136	Val Accuracy: 29.78
Training Epoch: 75/200	Train Loss: 2.2677	Val Accuracy: 29.78
Training Epoch: 76/200	Train Loss: 3.0768	Val Accuracy: 31.62
Training Epoch: 77/200	Train Loss: 2.5715	Val Accuracy: 31.62
Training Epoch: 78/200	Train Loss: 1.7585	Val Accuracy: 31.62
Training Epoch: 79/200	Train Loss: 2.3239	Val Accuracy: 31.62
Training Epoch: 80/200	Train Loss: 1.6233	Val Accuracy: 30.9
Training Epoch: 81/200	Train Loss: 2.3818	Val Accuracy: 30.9
Training Epoch: 82/200	Train Loss: 2.0266	Val Accuracy: 20.26
Training Epoch: 83/200	Train Loss: 2.6076	Val Accuracy: 20.26
Training Epoch: 84/200	Train Loss: 2.1146	Val Accuracy: 25.72
Training Epoch: 85/200	Train Loss: 3.5735	Val Accuracy: 25.72
Training Epoch: 86/200	Train Loss: 3.2924	Val Accuracy: 27.42
Training Epoch: 87/200	Train Loss: 1.8623	Val Accuracy: 27.42
Training Epoch: 88/200	Train Loss: 2.1231	Val Accuracy: 29.24
Training Epoch: 89/200	Train Loss: 1.8689	Val Accuracy: 29.24
Training Epoch: 90/200	Train Loss: 2.4183	Val Accuracy: 30.54
Training Epoch: 91/200	Train Loss: 3.0652	Val Accuracy: 30.54
Training Epoch: 92/200	Train Loss: 1.9196	Val Accuracy: 30.52
Training Epoch: 93/200	Train Loss: 1.6605	Val Accuracy: 30.52
Training Epoch: 94/200	Train Loss: 1.844	Val Accuracy: 30.38
Training Epoch: 95/200	Train Loss: 1.6007	Val Accuracy: 30.38
Training Epoch: 96/200	Train Loss: 1.6016	Val Accuracy: 28.84
Training Epoch: 97/200	Train Loss: 2.1981	Val Accuracy: 28.84
Training Epoch: 98/200	Train Loss: 1.9253	Val Accuracy: 30.42
Training Epoch: 99/200	Train Loss: 2.041	Val Accuracy: 30.42
Training Epoch: 100/200	Train Loss: 1.5085	Val Accuracy: 31.52
Training Epoch: 101/200	Train Loss: 1.8362	Val Accuracy: 31.52
Training Epoch: 102/200	Train Loss: 1.4028	Val Accuracy: 29.74
Training Epoch: 103/200	Train Loss: 1.4846	Val Accuracy: 29.74
Training Epoch: 104/200	Train Loss: 1.5444	Val Accuracy: 31.52
Training Epoch: 105/200	Train Loss: 2.5435	Val Accuracy: 31.52
Training Epoch: 106/200	Train Loss: 1.3773	Val Accuracy: 31.42
Training Epoch: 107/200	Train Loss: 1.3815	Val Accuracy: 31.42
Training Epoch: 108/200	Train Loss: 1.423	Val Accuracy: 32.04
Training Epoch: 109/200	Train Loss: 2.3385	Val Accuracy: 32.04
Training Epoch: 110/200	Train Loss: 1.4345	Val Accuracy: 32.12
Training Epoch: 111/200	Train Loss: 1.7305	Val Accuracy: 32.12
Training Epoch: 112/200	Train Loss: 1.678	Val Accuracy: 32.52
Training Epoch: 113/200	Train Loss: 1.357	Val Accuracy: 32.52
Training Epoch: 114/200	Train Loss: 1.2627	Val Accuracy: 33.62
Training Epoch: 115/200	Train Loss: 1.3976	Val Accuracy: 33.62
Training Epoch: 116/200	Train Loss: 1.8415	Val Accuracy: 33.72
Training Epoch: 117/200	Train Loss: 1.177	Val Accuracy: 33.72
Training Epoch: 118/200	Train Loss: 1.852	Val Accuracy: 33.12
Training Epoch: 119/200	Train Loss: 1.1106	Val Accuracy: 33.12
Training Epoch: 120/200	Train Loss: 1.0384	Val Accuracy: 33.74
Training Epoch: 121/200	Train Loss: 1.2824	Val Accuracy: 33.74
Training Epoch: 122/200	Train Loss: 1.4453	Val Accuracy: 34.1
Training Epoch: 123/200	Train Loss: 1.3008	Val Accuracy: 34.1
Training Epoch: 124/200	Train Loss: 1.2573	Val Accuracy: 34.1
Training Epoch: 125/200	Train Loss: 1.6879	Val Accuracy: 34.1
Training Epoch: 126/200	Train Loss: 2.1469	Val Accuracy: 29.5
Training Epoch: 127/200	Train Loss: 1.4105	Val Accuracy: 29.5
Training Epoch: 128/200	Train Loss: 1.4563	Val Accuracy: 29.6
Training Epoch: 129/200	Train Loss: 2.3299	Val Accuracy: 29.6
Training Epoch: 130/200	Train Loss: 2.4655	Val Accuracy: 22.9
Training Epoch: 131/200	Train Loss: 3.5032	Val Accuracy: 22.9
Training Epoch: 132/200	Train Loss: 2.5132	Val Accuracy: 17.42
Training Epoch: 133/200	Train Loss: 3.0417	Val Accuracy: 17.42
Training Epoch: 134/200	Train Loss: 3.5803	Val Accuracy: 21.2
Training Epoch: 135/200	Train Loss: 2.2124	Val Accuracy: 21.2
Training Epoch: 136/200	Train Loss: 2.0038	Val Accuracy: 24.44
Training Epoch: 137/200	Train Loss: 3.3462	Val Accuracy: 24.44
Training Epoch: 138/200	Train Loss: 2.0092	Val Accuracy: 25.16
Training Epoch: 139/200	Train Loss: 1.7759	Val Accuracy: 25.16
Training Epoch: 140/200	Train Loss: 2.2226	Val Accuracy: 28.2
Training Epoch: 141/200	Train Loss: 2.6663	Val Accuracy: 28.2
Training Epoch: 142/200	Train Loss: 1.6811	Val Accuracy: 28.28
Training Epoch: 143/200	Train Loss: 2.2791	Val Accuracy: 28.28
Training Epoch: 144/200	Train Loss: 2.3053	Val Accuracy: 27.78
Training Epoch: 145/200	Train Loss: 1.7085	Val Accuracy: 27.78
Training Epoch: 146/200	Train Loss: 2.2763	Val Accuracy: 29.56
Training Epoch: 147/200	Train Loss: 1.7581	Val Accuracy: 29.56
Training Epoch: 148/200	Train Loss: 1.6898	Val Accuracy: 29.88
Training Epoch: 149/200	Train Loss: 2.1575	Val Accuracy: 29.88
Training Epoch: 150/200	Train Loss: 1.5261	Val Accuracy: 29.72
Training Epoch: 151/200	Train Loss: 1.8424	Val Accuracy: 29.72
Training Epoch: 152/200	Train Loss: 2.8164	Val Accuracy: 26.8
Training Epoch: 153/200	Train Loss: 2.1525	Val Accuracy: 26.8
Training Epoch: 154/200	Train Loss: 1.8009	Val Accuracy: 30.02
Training Epoch: 155/200	Train Loss: 1.7384	Val Accuracy: 30.02
Training Epoch: 156/200	Train Loss: 2.3102	Val Accuracy: 29.88
Training Epoch: 157/200	Train Loss: 2.3801	Val Accuracy: 29.88
Training Epoch: 158/200	Train Loss: 1.6974	Val Accuracy: 27.18
Training Epoch: 159/200	Train Loss: 2.3831	Val Accuracy: 27.18
Training Epoch: 160/200	Train Loss: 1.5636	Val Accuracy: 27.54
Training Epoch: 161/200	Train Loss: 2.1369	Val Accuracy: 27.54
Training Epoch: 162/200	Train Loss: 1.9154	Val Accuracy: 28.4
Training Epoch: 163/200	Train Loss: 2.5188	Val Accuracy: 28.4
Training Epoch: 164/200	Train Loss: 1.5687	Val Accuracy: 30.14
Training Epoch: 165/200	Train Loss: 1.7427	Val Accuracy: 30.14
Training Epoch: 166/200	Train Loss: 1.7846	Val Accuracy: 30.0
Training Epoch: 167/200	Train Loss: 1.879	Val Accuracy: 30.0
Training Epoch: 168/200	Train Loss: 1.7709	Val Accuracy: 30.88
Training Epoch: 169/200	Train Loss: 2.004	Val Accuracy: 30.88
Training Epoch: 170/200	Train Loss: 2.1771	Val Accuracy: 29.68
Training Epoch: 171/200	Train Loss: 2.9941	Val Accuracy: 29.68
Training Epoch: 172/200	Train Loss: 1.5813	Val Accuracy: 30.5
Training Epoch: 173/200	Train Loss: 1.5855	Val Accuracy: 30.5
Training Epoch: 174/200	Train Loss: 1.2985	Val Accuracy: 30.66
Training Epoch: 175/200	Train Loss: 1.7156	Val Accuracy: 30.66
Training Epoch: 176/200	Train Loss: 2.1043	Val Accuracy: 30.4
Training Epoch: 177/200	Train Loss: 1.277	Val Accuracy: 30.4
Training Epoch: 178/200	Train Loss: 1.4879	Val Accuracy: 31.64
Training Epoch: 179/200	Train Loss: 1.3121	Val Accuracy: 31.64
Training Epoch: 180/200	Train Loss: 1.3777	Val Accuracy: 30.98
Training Epoch: 181/200	Train Loss: 1.6469	Val Accuracy: 30.98
Training Epoch: 182/200	Train Loss: 1.5408	Val Accuracy: 30.88
Training Epoch: 183/200	Train Loss: 1.3364	Val Accuracy: 30.88
Training Epoch: 184/200	Train Loss: 2.8196	Val Accuracy: 30.98
Training Epoch: 185/200	Train Loss: 1.6428	Val Accuracy: 30.98
Training Epoch: 186/200	Train Loss: 3.4793	Val Accuracy: 30.7
Training Epoch: 187/200	Train Loss: 1.3952	Val Accuracy: 30.7
Training Epoch: 188/200	Train Loss: 1.6908	Val Accuracy: 31.46
Training Epoch: 189/200	Train Loss: 1.3188	Val Accuracy: 31.46
Training Epoch: 190/200	Train Loss: 1.8265	Val Accuracy: 31.24
Training Epoch: 191/200	Train Loss: 1.2829	Val Accuracy: 31.24
Training Epoch: 192/200	Train Loss: 2.168	Val Accuracy: 31.68
Training Epoch: 193/200	Train Loss: 2.2247	Val Accuracy: 31.68
Training Epoch: 194/200	Train Loss: 1.3375	Val Accuracy: 30.72
Training Epoch: 195/200	Train Loss: 1.2027	Val Accuracy: 30.72
Training Epoch: 196/200	Train Loss: 1.3762	Val Accuracy: 31.64
Training Epoch: 197/200	Train Loss: 1.4317	Val Accuracy: 31.64
Training Epoch: 198/200	Train Loss: 1.375	Val Accuracy: 31.02
Training Epoch: 199/200	Train Loss: 1.4546	Val Accuracy: 31.02
Training Epoch: 200/200	Train Loss: 1.3002	Val Accuracy: 31.32

Wrote Best Model Checkpoint to: vlBest_acc_34_model_epoch_0122.pyth

Best Validation Accuracy: 34.1
Best Epoch: 122

======== TESTING ========

Test Accuracy: 31.06.

======== ACTIVE SAMPLING ========

Active Sampling Complete. After Episode 12:
New Labeled Set: 700, New Unlabeled Set: 44300, Active Set: 50

================================


Current accuracy values:  [18.549999999999997, 20.409999999999997, 13.89, 25.59999969482422, 29.029999046325685, 29.959999580383297, 33.769999008178715, 30.32999897003174, 32.369998970031745, 28.689999542236322, 31.529999046325685, 34.55999919891357, 31.05999885559082]
Starting model from scratch - ignoring existing weights.
<All keys matched successfully>
None
======== EPISODE 13 BEGINS ========

======== TRAINING ========
Training Epoch: 1/200	Train Loss: 12.4653	Val Accuracy: 0.0
Training Epoch: 2/200	Train Loss: 5.498	Val Accuracy: 10.04
Training Epoch: 3/200	Train Loss: 5.5447	Val Accuracy: 10.04
Training Epoch: 4/200	Train Loss: 3.0355	Val Accuracy: 12.9
Training Epoch: 5/200	Train Loss: 5.3657	Val Accuracy: 12.9
Training Epoch: 6/200	Train Loss: 10.195	Val Accuracy: 11.98
Training Epoch: 7/200	Train Loss: 2.2799	Val Accuracy: 11.98
Training Epoch: 8/200	Train Loss: 4.3595	Val Accuracy: 12.42
Training Epoch: 9/200	Train Loss: 3.9973	Val Accuracy: 12.42
Training Epoch: 10/200	Train Loss: 3.5794	Val Accuracy: 11.04
Training Epoch: 11/200	Train Loss: 4.835	Val Accuracy: 11.04
Training Epoch: 12/200	Train Loss: 4.865	Val Accuracy: 12.6
Training Epoch: 13/200	Train Loss: 3.5646	Val Accuracy: 12.6
Training Epoch: 14/200	Train Loss: 4.0032	Val Accuracy: 15.58
Training Epoch: 15/200	Train Loss: 3.3559	Val Accuracy: 15.58
Training Epoch: 16/200	Train Loss: 2.5406	Val Accuracy: 12.88
Training Epoch: 17/200	Train Loss: 3.6505	Val Accuracy: 12.88
Training Epoch: 18/200	Train Loss: 3.262	Val Accuracy: 14.98
Training Epoch: 19/200	Train Loss: 2.6645	Val Accuracy: 14.98
Training Epoch: 20/200	Train Loss: 4.8579	Val Accuracy: 15.66
Training Epoch: 21/200	Train Loss: 2.988	Val Accuracy: 15.66
Training Epoch: 22/200	Train Loss: 3.8515	Val Accuracy: 15.06
Training Epoch: 23/200	Train Loss: 3.4307	Val Accuracy: 15.06
Training Epoch: 24/200	Train Loss: 4.537	Val Accuracy: 11.08
Training Epoch: 25/200	Train Loss: 2.8581	Val Accuracy: 11.08
Training Epoch: 26/200	Train Loss: 2.983	Val Accuracy: 17.8
Training Epoch: 27/200	Train Loss: 2.1912	Val Accuracy: 17.8
Training Epoch: 28/200	Train Loss: 2.6511	Val Accuracy: 21.48
Training Epoch: 29/200	Train Loss: 2.9976	Val Accuracy: 21.48
Training Epoch: 30/200	Train Loss: 2.1837	Val Accuracy: 23.02
Training Epoch: 31/200	Train Loss: 2.4866	Val Accuracy: 23.02
Training Epoch: 32/200	Train Loss: 2.0015	Val Accuracy: 18.48
Training Epoch: 33/200	Train Loss: 4.602	Val Accuracy: 18.48
Training Epoch: 34/200	Train Loss: 2.1733	Val Accuracy: 20.5
Training Epoch: 35/200	Train Loss: 2.2693	Val Accuracy: 20.5
Training Epoch: 36/200	Train Loss: 1.9216	Val Accuracy: 22.28
Training Epoch: 37/200	Train Loss: 3.1564	Val Accuracy: 22.28
Training Epoch: 38/200	Train Loss: 2.5648	Val Accuracy: 22.74
Training Epoch: 39/200	Train Loss: 2.449	Val Accuracy: 22.74
Training Epoch: 40/200	Train Loss: 2.6875	Val Accuracy: 21.2
Training Epoch: 41/200	Train Loss: 1.8599	Val Accuracy: 21.2
Training Epoch: 42/200	Train Loss: 3.4256	Val Accuracy: 21.86
Training Epoch: 43/200	Train Loss: 2.4994	Val Accuracy: 21.86
Training Epoch: 44/200	Train Loss: 2.0197	Val Accuracy: 27.16
Training Epoch: 45/200	Train Loss: 1.8417	Val Accuracy: 27.16
Training Epoch: 46/200	Train Loss: 1.6672	Val Accuracy: 28.16
Training Epoch: 47/200	Train Loss: 2.8142	Val Accuracy: 28.16
Training Epoch: 48/200	Train Loss: 2.4337	Val Accuracy: 29.36
Training Epoch: 49/200	Train Loss: 2.9653	Val Accuracy: 29.36
Training Epoch: 50/200	Train Loss: 1.7712	Val Accuracy: 28.72
Training Epoch: 51/200	Train Loss: 1.931	Val Accuracy: 28.72
Training Epoch: 52/200	Train Loss: 2.1909	Val Accuracy: 30.12
Training Epoch: 53/200	Train Loss: 2.8855	Val Accuracy: 30.12
Training Epoch: 54/200	Train Loss: 1.8063	Val Accuracy: 31.44
Training Epoch: 55/200	Train Loss: 1.5381	Val Accuracy: 31.44
Training Epoch: 56/200	Train Loss: 2.2526	Val Accuracy: 30.38
Training Epoch: 57/200	Train Loss: 1.6801	Val Accuracy: 30.38
Training Epoch: 58/200	Train Loss: 1.529	Val Accuracy: 31.34
Training Epoch: 59/200	Train Loss: 2.323	Val Accuracy: 31.34
Training Epoch: 60/200	Train Loss: 3.7213	Val Accuracy: 31.3
Training Epoch: 61/200	Train Loss: 1.8467	Val Accuracy: 31.3
Training Epoch: 62/200	Train Loss: 2.6938	Val Accuracy: 31.18
Training Epoch: 63/200	Train Loss: 1.3798	Val Accuracy: 31.18
Training Epoch: 64/200	Train Loss: 2.3254	Val Accuracy: 31.7
Training Epoch: 65/200	Train Loss: 1.7868	Val Accuracy: 31.7
Training Epoch: 66/200	Train Loss: 1.372	Val Accuracy: 32.28
Training Epoch: 67/200	Train Loss: 1.2187	Val Accuracy: 32.28
Training Epoch: 68/200	Train Loss: 1.4502	Val Accuracy: 31.88
Training Epoch: 69/200	Train Loss: 2.0345	Val Accuracy: 31.88
Training Epoch: 70/200	Train Loss: 2.9221	Val Accuracy: 32.18
Training Epoch: 71/200	Train Loss: 1.2017	Val Accuracy: 32.18
Training Epoch: 72/200	Train Loss: 1.4678	Val Accuracy: 32.88
Training Epoch: 73/200	Train Loss: 1.4855	Val Accuracy: 32.88
Training Epoch: 74/200	Train Loss: 1.0915	Val Accuracy: 33.5
Training Epoch: 75/200	Train Loss: 1.7523	Val Accuracy: 33.5
Training Epoch: 76/200	Train Loss: 1.3002	Val Accuracy: 33.12
Training Epoch: 77/200	Train Loss: 1.405	Val Accuracy: 33.12
Training Epoch: 78/200	Train Loss: 1.6171	Val Accuracy: 33.1
Training Epoch: 79/200	Train Loss: 1.812	Val Accuracy: 33.1
Training Epoch: 80/200	Train Loss: 3.6896	Val Accuracy: 33.32
Training Epoch: 81/200	Train Loss: 2.3336	Val Accuracy: 33.32
Training Epoch: 82/200	Train Loss: 1.9004	Val Accuracy: 31.2
Training Epoch: 83/200	Train Loss: 1.6092	Val Accuracy: 31.2
Training Epoch: 84/200	Train Loss: 1.5477	Val Accuracy: 31.58
Training Epoch: 85/200	Train Loss: 0.9587	Val Accuracy: 31.58
Training Epoch: 86/200	Train Loss: 1.1455	Val Accuracy: 31.72
Training Epoch: 87/200	Train Loss: 1.2826	Val Accuracy: 31.72
Training Epoch: 88/200	Train Loss: 1.3811	Val Accuracy: 32.46
Training Epoch: 89/200	Train Loss: 1.4638	Val Accuracy: 32.46
Training Epoch: 90/200	Train Loss: 1.2731	Val Accuracy: 34.46
Training Epoch: 91/200	Train Loss: 0.9897	Val Accuracy: 34.46
Training Epoch: 92/200	Train Loss: 1.5136	Val Accuracy: 31.9
Training Epoch: 93/200	Train Loss: 0.918	Val Accuracy: 31.9
Training Epoch: 94/200	Train Loss: 0.8764	Val Accuracy: 34.14
Training Epoch: 95/200	Train Loss: 0.7616	Val Accuracy: 34.14
Training Epoch: 96/200	Train Loss: 1.9088	Val Accuracy: 29.9
Training Epoch: 97/200	Train Loss: 1.2075	Val Accuracy: 29.9
Training Epoch: 98/200	Train Loss: 0.9442	Val Accuracy: 33.86
Training Epoch: 99/200	Train Loss: 1.4754	Val Accuracy: 33.86
Training Epoch: 100/200	Train Loss: 0.8774	Val Accuracy: 34.6
Training Epoch: 101/200	Train Loss: 0.9931	Val Accuracy: 34.6
Training Epoch: 102/200	Train Loss: 1.3728	Val Accuracy: 34.12
Training Epoch: 103/200	Train Loss: 1.5596	Val Accuracy: 34.12
Training Epoch: 104/200	Train Loss: 1.3337	Val Accuracy: 33.04
Training Epoch: 105/200	Train Loss: 1.124	Val Accuracy: 33.04
Training Epoch: 106/200	Train Loss: 0.7634	Val Accuracy: 33.24
Training Epoch: 107/200	Train Loss: 1.1053	Val Accuracy: 33.24
Training Epoch: 108/200	Train Loss: 1.6463	Val Accuracy: 32.96
Training Epoch: 109/200	Train Loss: 1.1506	Val Accuracy: 32.96
Training Epoch: 110/200	Train Loss: 1.8385	Val Accuracy: 33.06
Training Epoch: 111/200	Train Loss: 0.9188	Val Accuracy: 33.06
Training Epoch: 112/200	Train Loss: 0.7344	Val Accuracy: 34.02
Training Epoch: 113/200	Train Loss: 1.4114	Val Accuracy: 34.02
Training Epoch: 114/200	Train Loss: 0.4892	Val Accuracy: 32.94
Training Epoch: 115/200	Train Loss: 1.0918	Val Accuracy: 32.94
Training Epoch: 116/200	Train Loss: 1.0224	Val Accuracy: 32.94
Training Epoch: 117/200	Train Loss: 1.0572	Val Accuracy: 32.94
Training Epoch: 118/200	Train Loss: 0.6384	Val Accuracy: 34.04
Training Epoch: 119/200	Train Loss: 0.7629	Val Accuracy: 34.04
Training Epoch: 120/200	Train Loss: 0.4451	Val Accuracy: 32.56
Training Epoch: 121/200	Train Loss: 1.2364	Val Accuracy: 32.56
Training Epoch: 122/200	Train Loss: 0.5447	Val Accuracy: 33.78
Training Epoch: 123/200	Train Loss: 0.782	Val Accuracy: 33.78
Training Epoch: 124/200	Train Loss: 0.9303	Val Accuracy: 33.5
Training Epoch: 125/200	Train Loss: 2.3664	Val Accuracy: 33.5
Training Epoch: 126/200	Train Loss: 0.4541	Val Accuracy: 33.86
Training Epoch: 127/200	Train Loss: 0.5393	Val Accuracy: 33.86
Training Epoch: 128/200	Train Loss: 0.4339	Val Accuracy: 32.74
Training Epoch: 129/200	Train Loss: 0.5766	Val Accuracy: 32.74
Training Epoch: 130/200	Train Loss: 0.3105	Val Accuracy: 33.02
Training Epoch: 131/200	Train Loss: 0.2387	Val Accuracy: 33.02
Training Epoch: 132/200	Train Loss: 0.7838	Val Accuracy: 32.72
Training Epoch: 133/200	Train Loss: 0.5395	Val Accuracy: 32.72
Training Epoch: 134/200	Train Loss: 0.2803	Val Accuracy: 33.78
Training Epoch: 135/200	Train Loss: 0.7245	Val Accuracy: 33.78
Training Epoch: 136/200	Train Loss: 0.2198	Val Accuracy: 33.48
Training Epoch: 137/200	Train Loss: 0.6728	Val Accuracy: 33.48
Training Epoch: 138/200	Train Loss: 0.5473	Val Accuracy: 33.72
Training Epoch: 139/200	Train Loss: 0.2953	Val Accuracy: 33.72
Training Epoch: 140/200	Train Loss: 0.5652	Val Accuracy: 33.42
Training Epoch: 141/200	Train Loss: 0.2572	Val Accuracy: 33.42
Training Epoch: 142/200	Train Loss: 0.3816	Val Accuracy: 34.02
Training Epoch: 143/200	Train Loss: 0.6735	Val Accuracy: 34.02
Training Epoch: 144/200	Train Loss: 1.0555	Val Accuracy: 34.12
Training Epoch: 145/200	Train Loss: 0.3278	Val Accuracy: 34.12
Training Epoch: 146/200	Train Loss: 0.4208	Val Accuracy: 34.18
Training Epoch: 147/200	Train Loss: 0.4447	Val Accuracy: 34.18
Training Epoch: 148/200	Train Loss: 0.4359	Val Accuracy: 35.0
Training Epoch: 149/200	Train Loss: 0.2768	Val Accuracy: 35.0
Training Epoch: 150/200	Train Loss: 0.2406	Val Accuracy: 34.28
Training Epoch: 151/200	Train Loss: 0.8056	Val Accuracy: 34.28
Training Epoch: 152/200	Train Loss: 0.1988	Val Accuracy: 34.02
Training Epoch: 153/200	Train Loss: 0.5228	Val Accuracy: 34.02
Training Epoch: 154/200	Train Loss: 0.3774	Val Accuracy: 33.86
Training Epoch: 155/200	Train Loss: 0.8171	Val Accuracy: 33.86
Training Epoch: 156/200	Train Loss: 0.082	Val Accuracy: 34.16
Training Epoch: 157/200	Train Loss: 0.5689	Val Accuracy: 34.16
Training Epoch: 158/200	Train Loss: 0.1442	Val Accuracy: 34.26
Training Epoch: 159/200	Train Loss: 0.1172	Val Accuracy: 34.26
Training Epoch: 160/200	Train Loss: 0.3121	Val Accuracy: 33.46
Training Epoch: 161/200	Train Loss: 0.0738	Val Accuracy: 33.46
Training Epoch: 162/200	Train Loss: 0.4894	Val Accuracy: 33.84
Training Epoch: 163/200	Train Loss: 0.087	Val Accuracy: 33.84
Training Epoch: 164/200	Train Loss: 0.1978	Val Accuracy: 33.94
Training Epoch: 165/200	Train Loss: 0.1174	Val Accuracy: 33.94
Training Epoch: 166/200	Train Loss: 0.2899	Val Accuracy: 34.06
Training Epoch: 167/200	Train Loss: 0.1913	Val Accuracy: 34.06
Training Epoch: 168/200	Train Loss: 0.4785	Val Accuracy: 34.1
Training Epoch: 169/200	Train Loss: 0.3679	Val Accuracy: 34.1
Training Epoch: 170/200	Train Loss: 0.689	Val Accuracy: 34.28
Training Epoch: 171/200	Train Loss: 0.4956	Val Accuracy: 34.28
Training Epoch: 172/200	Train Loss: 1.3305	Val Accuracy: 33.86
Training Epoch: 173/200	Train Loss: 0.0997	Val Accuracy: 33.86
Training Epoch: 174/200	Train Loss: 0.075	Val Accuracy: 34.44
Training Epoch: 175/200	Train Loss: 0.666	Val Accuracy: 34.44
Training Epoch: 176/200	Train Loss: 0.9559	Val Accuracy: 34.72
Training Epoch: 177/200	Train Loss: 0.1486	Val Accuracy: 34.72
Training Epoch: 178/200	Train Loss: 0.0741	Val Accuracy: 34.4
Training Epoch: 179/200	Train Loss: 0.1063	Val Accuracy: 34.4
Training Epoch: 180/200	Train Loss: 0.0475	Val Accuracy: 34.24
Training Epoch: 181/200	Train Loss: 0.0863	Val Accuracy: 34.24
Training Epoch: 182/200	Train Loss: 0.3354	Val Accuracy: 34.8
Training Epoch: 183/200	Train Loss: 0.0999	Val Accuracy: 34.8
Training Epoch: 184/200	Train Loss: 0.0405	Val Accuracy: 34.22
Training Epoch: 185/200	Train Loss: 0.4351	Val Accuracy: 34.22
Training Epoch: 186/200	Train Loss: 0.1676	Val Accuracy: 34.14
Training Epoch: 187/200	Train Loss: 0.0226	Val Accuracy: 34.14
Training Epoch: 188/200	Train Loss: 0.3321	Val Accuracy: 34.5
Training Epoch: 189/200	Train Loss: 0.0729	Val Accuracy: 34.5
Training Epoch: 190/200	Train Loss: 0.4603	Val Accuracy: 34.8
Training Epoch: 191/200	Train Loss: 0.2977	Val Accuracy: 34.8
Training Epoch: 192/200	Train Loss: 0.0828	Val Accuracy: 34.44
Training Epoch: 193/200	Train Loss: 0.0262	Val Accuracy: 34.44
Training Epoch: 194/200	Train Loss: 0.3159	Val Accuracy: 34.06
Training Epoch: 195/200	Train Loss: 0.3436	Val Accuracy: 34.06
Training Epoch: 196/200	Train Loss: 0.1212	Val Accuracy: 34.94
Training Epoch: 197/200	Train Loss: 0.0462	Val Accuracy: 34.94
Training Epoch: 198/200	Train Loss: 0.0852	Val Accuracy: 35.32
Training Epoch: 199/200	Train Loss: 0.2181	Val Accuracy: 35.32
Training Epoch: 200/200	Train Loss: 0.0592	Val Accuracy: 34.44

Wrote Best Model Checkpoint to: vlBest_acc_35_model_epoch_0198.pyth

Best Validation Accuracy: 35.32
Best Epoch: 198

======== TESTING ========

Test Accuracy: 34.53.

======== ACTIVE SAMPLING ========

Active Sampling Complete. After Episode 13:
New Labeled Set: 750, New Unlabeled Set: 44250, Active Set: 50

================================


Current accuracy values:  [18.549999999999997, 20.409999999999997, 13.89, 25.59999969482422, 29.029999046325685, 29.959999580383297, 33.769999008178715, 30.32999897003174, 32.369998970031745, 28.689999542236322, 31.529999046325685, 34.55999919891357, 31.05999885559082, 34.52999923706055]
Starting model from scratch - ignoring existing weights.
<All keys matched successfully>
None
======== EPISODE 14 BEGINS ========

======== TRAINING ========
Training Epoch: 1/200	Train Loss: 12.7568	Val Accuracy: 0.0
Training Epoch: 2/200	Train Loss: 14.3346	Val Accuracy: 10.68
Training Epoch: 3/200	Train Loss: 3.2649	Val Accuracy: 10.68
Training Epoch: 4/200	Train Loss: 2.9323	Val Accuracy: 9.72
Training Epoch: 5/200	Train Loss: 3.453	Val Accuracy: 9.72
Training Epoch: 6/200	Train Loss: 3.8979	Val Accuracy: 11.78
Training Epoch: 7/200	Train Loss: 2.5387	Val Accuracy: 11.78
Training Epoch: 8/200	Train Loss: 3.141	Val Accuracy: 13.2
Training Epoch: 9/200	Train Loss: 3.372	Val Accuracy: 13.2
Training Epoch: 10/200	Train Loss: 2.6703	Val Accuracy: 12.98
Training Epoch: 11/200	Train Loss: 2.3603	Val Accuracy: 12.98
Training Epoch: 12/200	Train Loss: 2.4138	Val Accuracy: 16.48
Training Epoch: 13/200	Train Loss: 2.5907	Val Accuracy: 16.48
Training Epoch: 14/200	Train Loss: 2.2951	Val Accuracy: 15.68
Training Epoch: 15/200	Train Loss: 3.4941	Val Accuracy: 15.68
Training Epoch: 16/200	Train Loss: 2.9438	Val Accuracy: 17.28
Training Epoch: 17/200	Train Loss: 2.5404	Val Accuracy: 17.28
Training Epoch: 18/200	Train Loss: 2.7119	Val Accuracy: 18.8
Training Epoch: 19/200	Train Loss: 2.5793	Val Accuracy: 18.8
Training Epoch: 20/200	Train Loss: 3.3093	Val Accuracy: 19.7
Training Epoch: 21/200	Train Loss: 3.0245	Val Accuracy: 19.7
Training Epoch: 22/200	Train Loss: 2.5316	Val Accuracy: 18.82
Training Epoch: 23/200	Train Loss: 2.5711	Val Accuracy: 18.82
Training Epoch: 24/200	Train Loss: 2.6198	Val Accuracy: 18.24
Training Epoch: 25/200	Train Loss: 3.3829	Val Accuracy: 18.24
Training Epoch: 26/200	Train Loss: 2.3814	Val Accuracy: 21.18
Training Epoch: 27/200	Train Loss: 2.3648	Val Accuracy: 21.18
Training Epoch: 28/200	Train Loss: 2.4596	Val Accuracy: 22.7
Training Epoch: 29/200	Train Loss: 2.3994	Val Accuracy: 22.7
Training Epoch: 30/200	Train Loss: 2.0618	Val Accuracy: 24.12
Training Epoch: 31/200	Train Loss: 2.6178	Val Accuracy: 24.12
Training Epoch: 32/200	Train Loss: 2.4319	Val Accuracy: 22.36
Training Epoch: 33/200	Train Loss: 2.5241	Val Accuracy: 22.36
Training Epoch: 34/200	Train Loss: 2.9098	Val Accuracy: 25.38
Training Epoch: 35/200	Train Loss: 2.6922	Val Accuracy: 25.38
Training Epoch: 36/200	Train Loss: 2.4081	Val Accuracy: 22.24
Training Epoch: 37/200	Train Loss: 2.8817	Val Accuracy: 22.24
Training Epoch: 38/200	Train Loss: 2.2098	Val Accuracy: 26.06
Training Epoch: 39/200	Train Loss: 1.9356	Val Accuracy: 26.06
Training Epoch: 40/200	Train Loss: 2.1677	Val Accuracy: 29.02
Training Epoch: 41/200	Train Loss: 2.4156	Val Accuracy: 29.02
Training Epoch: 42/200	Train Loss: 2.3608	Val Accuracy: 29.28
Training Epoch: 43/200	Train Loss: 1.8586	Val Accuracy: 29.28
Training Epoch: 44/200	Train Loss: 2.0874	Val Accuracy: 28.7
Training Epoch: 45/200	Train Loss: 1.5992	Val Accuracy: 28.7
Training Epoch: 46/200	Train Loss: 2.2655	Val Accuracy: 30.36
Training Epoch: 47/200	Train Loss: 2.1547	Val Accuracy: 30.36
Training Epoch: 48/200	Train Loss: 1.7323	Val Accuracy: 31.62
Training Epoch: 49/200	Train Loss: 2.2534	Val Accuracy: 31.62
Training Epoch: 50/200	Train Loss: 1.6867	Val Accuracy: 30.6
Training Epoch: 51/200	Train Loss: 1.9211	Val Accuracy: 30.6
Training Epoch: 52/200	Train Loss: 2.3159	Val Accuracy: 30.92
Training Epoch: 53/200	Train Loss: 2.0454	Val Accuracy: 30.92
Training Epoch: 54/200	Train Loss: 1.8852	Val Accuracy: 30.44
Training Epoch: 55/200	Train Loss: 2.1078	Val Accuracy: 30.44
Training Epoch: 56/200	Train Loss: 1.9257	Val Accuracy: 31.8
Training Epoch: 57/200	Train Loss: 1.812	Val Accuracy: 31.8
Training Epoch: 58/200	Train Loss: 1.6892	Val Accuracy: 32.16
Training Epoch: 59/200	Train Loss: 1.4427	Val Accuracy: 32.16
Training Epoch: 60/200	Train Loss: 1.7477	Val Accuracy: 32.16
Training Epoch: 61/200	Train Loss: 1.8406	Val Accuracy: 32.16
Training Epoch: 62/200	Train Loss: 2.2417	Val Accuracy: 33.16
Training Epoch: 63/200	Train Loss: 1.6479	Val Accuracy: 33.16
Training Epoch: 64/200	Train Loss: 1.6603	Val Accuracy: 31.86
Training Epoch: 65/200	Train Loss: 1.4165	Val Accuracy: 31.86
Training Epoch: 66/200	Train Loss: 1.3248	Val Accuracy: 31.62
Training Epoch: 67/200	Train Loss: 1.8694	Val Accuracy: 31.62
Training Epoch: 68/200	Train Loss: 1.216	Val Accuracy: 32.36
Training Epoch: 69/200	Train Loss: 1.1562	Val Accuracy: 32.36
Training Epoch: 70/200	Train Loss: 1.2716	Val Accuracy: 32.28
Training Epoch: 71/200	Train Loss: 1.4731	Val Accuracy: 32.28
Training Epoch: 72/200	Train Loss: 1.3167	Val Accuracy: 32.34
Training Epoch: 73/200	Train Loss: 1.8326	Val Accuracy: 32.34
Training Epoch: 74/200	Train Loss: 1.2986	Val Accuracy: 31.26
Training Epoch: 75/200	Train Loss: 1.156	Val Accuracy: 31.26
Training Epoch: 76/200	Train Loss: 1.2675	Val Accuracy: 32.22
Training Epoch: 77/200	Train Loss: 1.4874	Val Accuracy: 32.22
Training Epoch: 78/200	Train Loss: 1.3604	Val Accuracy: 32.28
Training Epoch: 79/200	Train Loss: 1.3211	Val Accuracy: 32.28
Training Epoch: 80/200	Train Loss: 1.2471	Val Accuracy: 31.3
Training Epoch: 81/200	Train Loss: 1.2351	Val Accuracy: 31.3
Training Epoch: 82/200	Train Loss: 1.402	Val Accuracy: 30.6
Training Epoch: 83/200	Train Loss: 1.3141	Val Accuracy: 30.6
Training Epoch: 84/200	Train Loss: 1.403	Val Accuracy: 32.76
Training Epoch: 85/200	Train Loss: 1.3009	Val Accuracy: 32.76
Training Epoch: 86/200	Train Loss: 0.9791	Val Accuracy: 32.16
Training Epoch: 87/200	Train Loss: 1.6017	Val Accuracy: 32.16
Training Epoch: 88/200	Train Loss: 1.4593	Val Accuracy: 31.36
Training Epoch: 89/200	Train Loss: 0.9823	Val Accuracy: 31.36
Training Epoch: 90/200	Train Loss: 1.5003	Val Accuracy: 31.74
Training Epoch: 91/200	Train Loss: 1.1258	Val Accuracy: 31.74
Training Epoch: 92/200	Train Loss: 1.0302	Val Accuracy: 32.48
Training Epoch: 93/200	Train Loss: 0.6866	Val Accuracy: 32.48
Training Epoch: 94/200	Train Loss: 1.1577	Val Accuracy: 32.14
Training Epoch: 95/200	Train Loss: 0.9155	Val Accuracy: 32.14
Training Epoch: 96/200	Train Loss: 0.9053	Val Accuracy: 32.36
Training Epoch: 97/200	Train Loss: 0.6246	Val Accuracy: 32.36
Training Epoch: 98/200	Train Loss: 0.8771	Val Accuracy: 31.78
Training Epoch: 99/200	Train Loss: 0.6563	Val Accuracy: 31.78
Training Epoch: 100/200	Train Loss: 1.2496	Val Accuracy: 31.18
Training Epoch: 101/200	Train Loss: 1.2999	Val Accuracy: 31.18
Training Epoch: 102/200	Train Loss: 0.8596	Val Accuracy: 30.22
Training Epoch: 103/200	Train Loss: 1.001	Val Accuracy: 30.22
Training Epoch: 104/200	Train Loss: 0.6456	Val Accuracy: 31.64
Training Epoch: 105/200	Train Loss: 0.8484	Val Accuracy: 31.64
Training Epoch: 106/200	Train Loss: 0.7569	Val Accuracy: 33.84
Training Epoch: 107/200	Train Loss: 1.4409	Val Accuracy: 33.84
Training Epoch: 108/200	Train Loss: 0.8365	Val Accuracy: 32.38
Training Epoch: 109/200	Train Loss: 0.5174	Val Accuracy: 32.38
Training Epoch: 110/200	Train Loss: 0.7615	Val Accuracy: 32.66
Training Epoch: 111/200	Train Loss: 0.4381	Val Accuracy: 32.66
Training Epoch: 112/200	Train Loss: 0.7055	Val Accuracy: 33.26
Training Epoch: 113/200	Train Loss: 0.4701	Val Accuracy: 33.26
Training Epoch: 114/200	Train Loss: 1.5001	Val Accuracy: 33.0
Training Epoch: 115/200	Train Loss: 0.5676	Val Accuracy: 33.0
Training Epoch: 116/200	Train Loss: 0.748	Val Accuracy: 32.54
Training Epoch: 117/200	Train Loss: 0.692	Val Accuracy: 32.54
Training Epoch: 118/200	Train Loss: 0.5519	Val Accuracy: 33.4
Training Epoch: 119/200	Train Loss: 0.6731	Val Accuracy: 33.4
Training Epoch: 120/200	Train Loss: 0.3967	Val Accuracy: 34.44
Training Epoch: 121/200	Train Loss: 0.4863	Val Accuracy: 34.44
Training Epoch: 122/200	Train Loss: 0.2865	Val Accuracy: 33.84
Training Epoch: 123/200	Train Loss: 0.3796	Val Accuracy: 33.84
Training Epoch: 124/200	Train Loss: 0.2987	Val Accuracy: 34.74
Training Epoch: 125/200	Train Loss: 0.2708	Val Accuracy: 34.74
Training Epoch: 126/200	Train Loss: 0.2149	Val Accuracy: 34.6
Training Epoch: 127/200	Train Loss: 0.2437	Val Accuracy: 34.6
Training Epoch: 128/200	Train Loss: 0.5666	Val Accuracy: 33.96
Training Epoch: 129/200	Train Loss: 0.2564	Val Accuracy: 33.96
Training Epoch: 130/200	Train Loss: 0.3854	Val Accuracy: 33.4
Training Epoch: 131/200	Train Loss: 0.454	Val Accuracy: 33.4
Training Epoch: 132/200	Train Loss: 0.4359	Val Accuracy: 33.52
Training Epoch: 133/200	Train Loss: 0.51	Val Accuracy: 33.52
Training Epoch: 134/200	Train Loss: 0.441	Val Accuracy: 34.04
Training Epoch: 135/200	Train Loss: 0.1842	Val Accuracy: 34.04
Training Epoch: 136/200	Train Loss: 0.2645	Val Accuracy: 34.22
Training Epoch: 137/200	Train Loss: 0.8973	Val Accuracy: 34.22
Training Epoch: 138/200	Train Loss: 0.2614	Val Accuracy: 32.5
Training Epoch: 139/200	Train Loss: 0.272	Val Accuracy: 32.5
Training Epoch: 140/200	Train Loss: 0.2624	Val Accuracy: 34.42
Training Epoch: 141/200	Train Loss: 0.4929	Val Accuracy: 34.42
Training Epoch: 142/200	Train Loss: 0.2673	Val Accuracy: 33.04
Training Epoch: 143/200	Train Loss: 0.4786	Val Accuracy: 33.04
Training Epoch: 144/200	Train Loss: 0.2445	Val Accuracy: 33.54
Training Epoch: 145/200	Train Loss: 0.0889	Val Accuracy: 33.54
Training Epoch: 146/200	Train Loss: 0.1754	Val Accuracy: 34.16
Training Epoch: 147/200	Train Loss: 0.2847	Val Accuracy: 34.16
Training Epoch: 148/200	Train Loss: 0.1835	Val Accuracy: 33.84
Training Epoch: 149/200	Train Loss: 0.3371	Val Accuracy: 33.84
Training Epoch: 150/200	Train Loss: 0.2938	Val Accuracy: 34.82
Training Epoch: 151/200	Train Loss: 0.1106	Val Accuracy: 34.82
Training Epoch: 152/200	Train Loss: 0.4883	Val Accuracy: 33.62
Training Epoch: 153/200	Train Loss: 0.2502	Val Accuracy: 33.62
Training Epoch: 154/200	Train Loss: 0.2693	Val Accuracy: 33.32
Training Epoch: 155/200	Train Loss: 0.2388	Val Accuracy: 33.32
Training Epoch: 156/200	Train Loss: 0.1531	Val Accuracy: 34.32
Training Epoch: 157/200	Train Loss: 0.0874	Val Accuracy: 34.32
Training Epoch: 158/200	Train Loss: 0.1351	Val Accuracy: 33.66
Training Epoch: 159/200	Train Loss: 0.3126	Val Accuracy: 33.66
Training Epoch: 160/200	Train Loss: 0.0791	Val Accuracy: 33.42
Training Epoch: 161/200	Train Loss: 0.2047	Val Accuracy: 33.42
Training Epoch: 162/200	Train Loss: 0.0627	Val Accuracy: 34.2
Training Epoch: 163/200	Train Loss: 0.2127	Val Accuracy: 34.2
Training Epoch: 164/200	Train Loss: 0.228	Val Accuracy: 34.18
Training Epoch: 165/200	Train Loss: 0.1979	Val Accuracy: 34.18
Training Epoch: 166/200	Train Loss: 0.2893	Val Accuracy: 34.62
Training Epoch: 167/200	Train Loss: 0.0217	Val Accuracy: 34.62
Training Epoch: 168/200	Train Loss: 0.1108	Val Accuracy: 34.16
Training Epoch: 169/200	Train Loss: 0.2172	Val Accuracy: 34.16
Training Epoch: 170/200	Train Loss: 0.245	Val Accuracy: 34.46
Training Epoch: 171/200	Train Loss: 0.2409	Val Accuracy: 34.46
Training Epoch: 172/200	Train Loss: 0.2159	Val Accuracy: 34.34
Training Epoch: 173/200	Train Loss: 0.265	Val Accuracy: 34.34
Training Epoch: 174/200	Train Loss: 0.1336	Val Accuracy: 33.94
Training Epoch: 175/200	Train Loss: 0.1828	Val Accuracy: 33.94
Training Epoch: 176/200	Train Loss: 0.1703	Val Accuracy: 34.54
Training Epoch: 177/200	Train Loss: 0.0487	Val Accuracy: 34.54
Training Epoch: 178/200	Train Loss: 0.2175	Val Accuracy: 34.1
Training Epoch: 179/200	Train Loss: 0.234	Val Accuracy: 34.1
Training Epoch: 180/200	Train Loss: 0.2194	Val Accuracy: 34.4
Training Epoch: 181/200	Train Loss: 0.0229	Val Accuracy: 34.4
Training Epoch: 182/200	Train Loss: 0.231	Val Accuracy: 35.3
Training Epoch: 183/200	Train Loss: 0.2232	Val Accuracy: 35.3
Training Epoch: 184/200	Train Loss: 0.0532	Val Accuracy: 34.7
Training Epoch: 185/200	Train Loss: 0.5886	Val Accuracy: 34.7
Training Epoch: 186/200	Train Loss: 0.0253	Val Accuracy: 34.14
Training Epoch: 187/200	Train Loss: 0.1522	Val Accuracy: 34.14
Training Epoch: 188/200	Train Loss: 0.1537	Val Accuracy: 34.68
Training Epoch: 189/200	Train Loss: 0.0843	Val Accuracy: 34.68
Training Epoch: 190/200	Train Loss: 0.1695	Val Accuracy: 34.0
Training Epoch: 191/200	Train Loss: 0.0268	Val Accuracy: 34.0
Training Epoch: 192/200	Train Loss: 0.2625	Val Accuracy: 33.78
Training Epoch: 193/200	Train Loss: 0.1281	Val Accuracy: 33.78
Training Epoch: 194/200	Train Loss: 0.3301	Val Accuracy: 34.98
Training Epoch: 195/200	Train Loss: 0.2494	Val Accuracy: 34.98
Training Epoch: 196/200	Train Loss: 0.0428	Val Accuracy: 34.34
Training Epoch: 197/200	Train Loss: 0.0566	Val Accuracy: 34.34
Training Epoch: 198/200	Train Loss: 0.0541	Val Accuracy: 35.34
Training Epoch: 199/200	Train Loss: 0.0615	Val Accuracy: 35.34
Training Epoch: 200/200	Train Loss: 0.267	Val Accuracy: 33.72

Wrote Best Model Checkpoint to: vlBest_acc_35_model_epoch_0198.pyth

Best Validation Accuracy: 35.34
Best Epoch: 198

======== TESTING ========

Test Accuracy: 34.8.

======== ACTIVE SAMPLING ========

Active Sampling Complete. After Episode 14:
New Labeled Set: 800, New Unlabeled Set: 44200, Active Set: 50

================================


Current accuracy values:  [18.549999999999997, 20.409999999999997, 13.89, 25.59999969482422, 29.029999046325685, 29.959999580383297, 33.769999008178715, 30.32999897003174, 32.369998970031745, 28.689999542236322, 31.529999046325685, 34.55999919891357, 31.05999885559082, 34.52999923706055, 34.79999931335449]
Starting model from scratch - ignoring existing weights.
<All keys matched successfully>
None
======== EPISODE 15 BEGINS ========

======== TRAINING ========
Training Epoch: 1/200	Train Loss: 8.972	Val Accuracy: 0.0
Training Epoch: 2/200	Train Loss: 4.6907	Val Accuracy: 10.22
Training Epoch: 3/200	Train Loss: 3.5729	Val Accuracy: 10.22
Training Epoch: 4/200	Train Loss: 6.1269	Val Accuracy: 10.54
Training Epoch: 5/200	Train Loss: 3.0157	Val Accuracy: 10.54
Training Epoch: 6/200	Train Loss: 2.489	Val Accuracy: 10.0
Training Epoch: 7/200	Train Loss: 3.1093	Val Accuracy: 10.0
Training Epoch: 8/200	Train Loss: 3.7208	Val Accuracy: 9.42
Training Epoch: 9/200	Train Loss: 4.5341	Val Accuracy: 9.42
Training Epoch: 10/200	Train Loss: 3.0359	Val Accuracy: 12.54
Training Epoch: 11/200	Train Loss: 3.6833	Val Accuracy: 12.54
Training Epoch: 12/200	Train Loss: 3.6763	Val Accuracy: 13.4
Training Epoch: 13/200	Train Loss: 5.6096	Val Accuracy: 13.4
Training Epoch: 14/200	Train Loss: 4.7	Val Accuracy: 16.84
Training Epoch: 15/200	Train Loss: 3.0992	Val Accuracy: 16.84
Training Epoch: 16/200	Train Loss: 4.495	Val Accuracy: 18.24
Training Epoch: 17/200	Train Loss: 2.2197	Val Accuracy: 18.24
Training Epoch: 18/200	Train Loss: 2.4411	Val Accuracy: 19.48
Training Epoch: 19/200	Train Loss: 3.7729	Val Accuracy: 19.48
Training Epoch: 20/200	Train Loss: 4.3773	Val Accuracy: 10.2
Training Epoch: 21/200	Train Loss: 2.7138	Val Accuracy: 10.2
Training Epoch: 22/200	Train Loss: 2.9737	Val Accuracy: 18.68
Training Epoch: 23/200	Train Loss: 2.6978	Val Accuracy: 18.68
Training Epoch: 24/200	Train Loss: 2.7157	Val Accuracy: 17.26
Training Epoch: 25/200	Train Loss: 2.3997	Val Accuracy: 17.26
Training Epoch: 26/200	Train Loss: 2.3585	Val Accuracy: 21.26
Training Epoch: 27/200	Train Loss: 3.8367	Val Accuracy: 21.26
Training Epoch: 28/200	Train Loss: 2.3277	Val Accuracy: 23.72
Training Epoch: 29/200	Train Loss: 2.2886	Val Accuracy: 23.72
Training Epoch: 30/200	Train Loss: 2.5433	Val Accuracy: 23.5
Training Epoch: 31/200	Train Loss: 3.0969	Val Accuracy: 23.5
Training Epoch: 32/200	Train Loss: 2.8204	Val Accuracy: 23.3
Training Epoch: 33/200	Train Loss: 2.9847	Val Accuracy: 23.3
Training Epoch: 34/200	Train Loss: 2.1247	Val Accuracy: 27.24
Training Epoch: 35/200	Train Loss: 2.3109	Val Accuracy: 27.24
Training Epoch: 36/200	Train Loss: 2.8812	Val Accuracy: 28.74
Training Epoch: 37/200	Train Loss: 2.9163	Val Accuracy: 28.74
Training Epoch: 38/200	Train Loss: 2.3983	Val Accuracy: 26.1
Training Epoch: 39/200	Train Loss: 1.9368	Val Accuracy: 26.1
Training Epoch: 40/200	Train Loss: 1.7676	Val Accuracy: 28.72
Training Epoch: 41/200	Train Loss: 2.9677	Val Accuracy: 28.72
Training Epoch: 42/200	Train Loss: 2.2453	Val Accuracy: 31.52
Training Epoch: 43/200	Train Loss: 2.063	Val Accuracy: 31.52
Training Epoch: 44/200	Train Loss: 2.6097	Val Accuracy: 30.86
Training Epoch: 45/200	Train Loss: 2.501	Val Accuracy: 30.86
Training Epoch: 46/200	Train Loss: 1.7603	Val Accuracy: 31.98
Training Epoch: 47/200	Train Loss: 1.937	Val Accuracy: 31.98
Training Epoch: 48/200	Train Loss: 2.3191	Val Accuracy: 31.74
Training Epoch: 49/200	Train Loss: 2.8744	Val Accuracy: 31.74
Training Epoch: 50/200	Train Loss: 2.6123	Val Accuracy: 30.12
Training Epoch: 51/200	Train Loss: 2.2463	Val Accuracy: 30.12
Training Epoch: 52/200	Train Loss: 1.9102	Val Accuracy: 32.56
Training Epoch: 53/200	Train Loss: 1.6484	Val Accuracy: 32.56
Training Epoch: 54/200	Train Loss: 2.8602	Val Accuracy: 33.28
Training Epoch: 55/200	Train Loss: 2.5724	Val Accuracy: 33.28
Training Epoch: 56/200	Train Loss: 2.4159	Val Accuracy: 33.0
Training Epoch: 57/200	Train Loss: 1.6072	Val Accuracy: 33.0
Training Epoch: 58/200	Train Loss: 2.1839	Val Accuracy: 29.44
Training Epoch: 59/200	Train Loss: 1.6465	Val Accuracy: 29.44
Training Epoch: 60/200	Train Loss: 1.9962	Val Accuracy: 33.84
Training Epoch: 61/200	Train Loss: 1.9948	Val Accuracy: 33.84
Training Epoch: 62/200	Train Loss: 2.0031	Val Accuracy: 34.1
Training Epoch: 63/200	Train Loss: 1.3904	Val Accuracy: 34.1
Training Epoch: 64/200	Train Loss: 1.7206	Val Accuracy: 32.48
Training Epoch: 65/200	Train Loss: 2.0543	Val Accuracy: 32.48
Training Epoch: 66/200	Train Loss: 1.6939	Val Accuracy: 32.08
Training Epoch: 67/200	Train Loss: 2.1813	Val Accuracy: 32.08
Training Epoch: 68/200	Train Loss: 1.4353	Val Accuracy: 32.26
Training Epoch: 69/200	Train Loss: 1.5083	Val Accuracy: 32.26
Training Epoch: 70/200	Train Loss: 1.3418	Val Accuracy: 34.06
Training Epoch: 71/200	Train Loss: 1.4674	Val Accuracy: 34.06
Training Epoch: 72/200	Train Loss: 1.6606	Val Accuracy: 32.6
Training Epoch: 73/200	Train Loss: 1.5073	Val Accuracy: 32.6
Training Epoch: 74/200	Train Loss: 1.7186	Val Accuracy: 31.88
Training Epoch: 75/200	Train Loss: 1.5666	Val Accuracy: 31.88
Training Epoch: 76/200	Train Loss: 1.4503	Val Accuracy: 34.34
Training Epoch: 77/200	Train Loss: 3.5853	Val Accuracy: 34.34
Training Epoch: 78/200	Train Loss: 1.6697	Val Accuracy: 30.72
Training Epoch: 79/200	Train Loss: 2.1834	Val Accuracy: 30.72
Training Epoch: 80/200	Train Loss: 1.4661	Val Accuracy: 31.4
Training Epoch: 81/200	Train Loss: 1.7433	Val Accuracy: 31.4
Training Epoch: 82/200	Train Loss: 1.8819	Val Accuracy: 34.6
Training Epoch: 83/200	Train Loss: 1.6732	Val Accuracy: 34.6
Training Epoch: 84/200	Train Loss: 1.8343	Val Accuracy: 35.06
Training Epoch: 85/200	Train Loss: 1.88	Val Accuracy: 35.06
Training Epoch: 86/200	Train Loss: 1.5533	Val Accuracy: 35.2
Training Epoch: 87/200	Train Loss: 1.9813	Val Accuracy: 35.2
Training Epoch: 88/200	Train Loss: 2.2598	Val Accuracy: 34.84
Training Epoch: 89/200	Train Loss: 1.9484	Val Accuracy: 34.84
Training Epoch: 90/200	Train Loss: 2.2229	Val Accuracy: 36.14
Training Epoch: 91/200	Train Loss: 2.036	Val Accuracy: 36.14
Training Epoch: 92/200	Train Loss: 1.6125	Val Accuracy: 35.44
Training Epoch: 93/200	Train Loss: 2.2677	Val Accuracy: 35.44
Training Epoch: 94/200	Train Loss: 1.6907	Val Accuracy: 35.56
Training Epoch: 95/200	Train Loss: 1.4352	Val Accuracy: 35.56
Training Epoch: 96/200	Train Loss: 2.3523	Val Accuracy: 35.74
Training Epoch: 97/200	Train Loss: 2.0933	Val Accuracy: 35.74
Training Epoch: 98/200	Train Loss: 1.4725	Val Accuracy: 36.62
Training Epoch: 99/200	Train Loss: 1.2516	Val Accuracy: 36.62
Training Epoch: 100/200	Train Loss: 1.2561	Val Accuracy: 35.66
Training Epoch: 101/200	Train Loss: 1.4977	Val Accuracy: 35.66
Training Epoch: 102/200	Train Loss: 1.0888	Val Accuracy: 37.16
Training Epoch: 103/200	Train Loss: 0.9072	Val Accuracy: 37.16
Training Epoch: 104/200	Train Loss: 1.2383	Val Accuracy: 36.14
Training Epoch: 105/200	Train Loss: 0.9608	Val Accuracy: 36.14
Training Epoch: 106/200	Train Loss: 1.7413	Val Accuracy: 37.2
Training Epoch: 107/200	Train Loss: 2.1686	Val Accuracy: 37.2
Training Epoch: 108/200	Train Loss: 0.8255	Val Accuracy: 36.54
Training Epoch: 109/200	Train Loss: 1.2914	Val Accuracy: 36.54
Training Epoch: 110/200	Train Loss: 0.8517	Val Accuracy: 36.94
Training Epoch: 111/200	Train Loss: 0.7408	Val Accuracy: 36.94
Training Epoch: 112/200	Train Loss: 0.8689	Val Accuracy: 35.64
Training Epoch: 113/200	Train Loss: 0.6331	Val Accuracy: 35.64
Training Epoch: 114/200	Train Loss: 0.6482	Val Accuracy: 36.3
Training Epoch: 115/200	Train Loss: 0.9986	Val Accuracy: 36.3
Training Epoch: 116/200	Train Loss: 0.6289	Val Accuracy: 36.78
Training Epoch: 117/200	Train Loss: 0.7593	Val Accuracy: 36.78
Training Epoch: 118/200	Train Loss: 1.1898	Val Accuracy: 36.96
Training Epoch: 119/200	Train Loss: 0.8127	Val Accuracy: 36.96
Training Epoch: 120/200	Train Loss: 0.788	Val Accuracy: 36.54
Training Epoch: 121/200	Train Loss: 0.9206	Val Accuracy: 36.54
Training Epoch: 122/200	Train Loss: 0.5408	Val Accuracy: 36.76
Training Epoch: 123/200	Train Loss: 0.6484	Val Accuracy: 36.76
Training Epoch: 124/200	Train Loss: 0.6205	Val Accuracy: 36.18
Training Epoch: 125/200	Train Loss: 0.8805	Val Accuracy: 36.18
Training Epoch: 126/200	Train Loss: 0.6244	Val Accuracy: 37.1
Training Epoch: 127/200	Train Loss: 0.3327	Val Accuracy: 37.1
Training Epoch: 128/200	Train Loss: 0.4454	Val Accuracy: 36.56
Training Epoch: 129/200	Train Loss: 0.3932	Val Accuracy: 36.56
Training Epoch: 130/200	Train Loss: 0.8851	Val Accuracy: 36.14
Training Epoch: 131/200	Train Loss: 0.5003	Val Accuracy: 36.14
Training Epoch: 132/200	Train Loss: 0.3542	Val Accuracy: 35.7
Training Epoch: 133/200	Train Loss: 0.5291	Val Accuracy: 35.7
Training Epoch: 134/200	Train Loss: 0.3471	Val Accuracy: 37.16
Training Epoch: 135/200	Train Loss: 0.7132	Val Accuracy: 37.16
Training Epoch: 136/200	Train Loss: 0.4104	Val Accuracy: 36.1
Training Epoch: 137/200	Train Loss: 0.3337	Val Accuracy: 36.1
Training Epoch: 138/200	Train Loss: 0.434	Val Accuracy: 36.48
Training Epoch: 139/200	Train Loss: 1.0804	Val Accuracy: 36.48
Training Epoch: 140/200	Train Loss: 0.2432	Val Accuracy: 36.36
Training Epoch: 141/200	Train Loss: 1.1436	Val Accuracy: 36.36
Training Epoch: 142/200	Train Loss: 0.5247	Val Accuracy: 36.26
Training Epoch: 143/200	Train Loss: 0.7831	Val Accuracy: 36.26
Training Epoch: 144/200	Train Loss: 0.5411	Val Accuracy: 36.38
Training Epoch: 145/200	Train Loss: 0.5519	Val Accuracy: 36.38
Training Epoch: 146/200	Train Loss: 0.246	Val Accuracy: 36.2
Training Epoch: 147/200	Train Loss: 0.3863	Val Accuracy: 36.2
Training Epoch: 148/200	Train Loss: 0.5324	Val Accuracy: 36.16
Training Epoch: 149/200	Train Loss: 0.1814	Val Accuracy: 36.16
Training Epoch: 150/200	Train Loss: 0.6044	Val Accuracy: 37.18
Training Epoch: 151/200	Train Loss: 1.0366	Val Accuracy: 37.18
Training Epoch: 152/200	Train Loss: 0.1709	Val Accuracy: 37.52
Training Epoch: 153/200	Train Loss: 0.1756	Val Accuracy: 37.52
Training Epoch: 154/200	Train Loss: 0.4172	Val Accuracy: 37.44
Training Epoch: 155/200	Train Loss: 0.1395	Val Accuracy: 37.44
Training Epoch: 156/200	Train Loss: 0.4465	Val Accuracy: 36.4
Training Epoch: 157/200	Train Loss: 0.4766	Val Accuracy: 36.4
Training Epoch: 158/200	Train Loss: 0.5911	Val Accuracy: 38.02
Training Epoch: 159/200	Train Loss: 0.3358	Val Accuracy: 38.02
Training Epoch: 160/200	Train Loss: 0.3657	Val Accuracy: 37.58
Training Epoch: 161/200	Train Loss: 0.3113	Val Accuracy: 37.58
Training Epoch: 162/200	Train Loss: 0.5894	Val Accuracy: 37.26
Training Epoch: 163/200	Train Loss: 0.5354	Val Accuracy: 37.26
Training Epoch: 164/200	Train Loss: 0.4159	Val Accuracy: 36.56
Training Epoch: 165/200	Train Loss: 0.1525	Val Accuracy: 36.56
Training Epoch: 166/200	Train Loss: 0.1454	Val Accuracy: 37.4
Training Epoch: 167/200	Train Loss: 0.7064	Val Accuracy: 37.4
Training Epoch: 168/200	Train Loss: 0.5959	Val Accuracy: 37.06
Training Epoch: 169/200	Train Loss: 0.0853	Val Accuracy: 37.06
Training Epoch: 170/200	Train Loss: 0.1167	Val Accuracy: 36.96
Training Epoch: 171/200	Train Loss: 0.1417	Val Accuracy: 36.96
Training Epoch: 172/200	Train Loss: 0.901	Val Accuracy: 37.72
Training Epoch: 173/200	Train Loss: 0.4068	Val Accuracy: 37.72
Training Epoch: 174/200	Train Loss: 0.0572	Val Accuracy: 38.18
Training Epoch: 175/200	Train Loss: 0.2891	Val Accuracy: 38.18
Training Epoch: 176/200	Train Loss: 0.1473	Val Accuracy: 37.5
Training Epoch: 177/200	Train Loss: 0.0361	Val Accuracy: 37.5
Training Epoch: 178/200	Train Loss: 0.3342	Val Accuracy: 38.06
Training Epoch: 179/200	Train Loss: 0.0919	Val Accuracy: 38.06
Training Epoch: 180/200	Train Loss: 0.1348	Val Accuracy: 37.34
Training Epoch: 181/200	Train Loss: 0.1034	Val Accuracy: 37.34
Training Epoch: 182/200	Train Loss: 0.2503	Val Accuracy: 37.26
Training Epoch: 183/200	Train Loss: 0.3273	Val Accuracy: 37.26
Training Epoch: 184/200	Train Loss: 0.1601	Val Accuracy: 37.54
Training Epoch: 185/200	Train Loss: 0.1516	Val Accuracy: 37.54
Training Epoch: 186/200	Train Loss: 0.1687	Val Accuracy: 37.66
Training Epoch: 187/200	Train Loss: 0.1016	Val Accuracy: 37.66
Training Epoch: 188/200	Train Loss: 0.0526	Val Accuracy: 37.38
Training Epoch: 189/200	Train Loss: 0.0854	Val Accuracy: 37.38
Training Epoch: 190/200	Train Loss: 0.5527	Val Accuracy: 37.56
Training Epoch: 191/200	Train Loss: 0.0899	Val Accuracy: 37.56
Training Epoch: 192/200	Train Loss: 0.3448	Val Accuracy: 36.88
Training Epoch: 193/200	Train Loss: 0.5268	Val Accuracy: 36.88
Training Epoch: 194/200	Train Loss: 0.0386	Val Accuracy: 37.22
Training Epoch: 195/200	Train Loss: 0.6193	Val Accuracy: 37.22
Training Epoch: 196/200	Train Loss: 0.2349	Val Accuracy: 36.3
Training Epoch: 197/200	Train Loss: 0.0307	Val Accuracy: 36.3
Training Epoch: 198/200	Train Loss: 0.1162	Val Accuracy: 37.94
Training Epoch: 199/200	Train Loss: 0.1878	Val Accuracy: 37.94
Training Epoch: 200/200	Train Loss: 1.0562	Val Accuracy: 37.52

Wrote Best Model Checkpoint to: vlBest_acc_38_model_epoch_0174.pyth

Best Validation Accuracy: 38.18
Best Epoch: 174

======== TESTING ========

Test Accuracy: 37.99.

======== ACTIVE SAMPLING ========

Active Sampling Complete. After Episode 15:
New Labeled Set: 850, New Unlabeled Set: 44150, Active Set: 50

================================


Current accuracy values:  [18.549999999999997, 20.409999999999997, 13.89, 25.59999969482422, 29.029999046325685, 29.959999580383297, 33.769999008178715, 30.32999897003174, 32.369998970031745, 28.689999542236322, 31.529999046325685, 34.55999919891357, 31.05999885559082, 34.52999923706055, 34.79999931335449, 37.98999889373779]
Starting model from scratch - ignoring existing weights.
<All keys matched successfully>
None
======== EPISODE 16 BEGINS ========

======== TRAINING ========
Training Epoch: 1/200	Train Loss: 8.1939	Val Accuracy: 0.0
Training Epoch: 2/200	Train Loss: 5.7512	Val Accuracy: 9.74
Training Epoch: 3/200	Train Loss: 3.2634	Val Accuracy: 9.74
Training Epoch: 4/200	Train Loss: 2.4318	Val Accuracy: 11.7
Training Epoch: 5/200	Train Loss: 4.2616	Val Accuracy: 11.7
Training Epoch: 6/200	Train Loss: 3.4855	Val Accuracy: 10.02
Training Epoch: 7/200	Train Loss: 3.8113	Val Accuracy: 10.02
Training Epoch: 8/200	Train Loss: 5.1293	Val Accuracy: 10.76
Training Epoch: 9/200	Train Loss: 2.8173	Val Accuracy: 10.76
Training Epoch: 10/200	Train Loss: 3.5575	Val Accuracy: 11.74
Training Epoch: 11/200	Train Loss: 2.3137	Val Accuracy: 11.74
Training Epoch: 12/200	Train Loss: 3.1732	Val Accuracy: 12.22
Training Epoch: 13/200	Train Loss: 3.3379	Val Accuracy: 12.22
Training Epoch: 14/200	Train Loss: 2.7577	Val Accuracy: 14.82
Training Epoch: 15/200	Train Loss: 3.9892	Val Accuracy: 14.82
Training Epoch: 16/200	Train Loss: 2.6359	Val Accuracy: 13.16
Training Epoch: 17/200	Train Loss: 3.34	Val Accuracy: 13.16
Training Epoch: 18/200	Train Loss: 2.4758	Val Accuracy: 15.04
Training Epoch: 19/200	Train Loss: 3.5263	Val Accuracy: 15.04
Training Epoch: 20/200	Train Loss: 3.2889	Val Accuracy: 16.08
Training Epoch: 21/200	Train Loss: 4.0886	Val Accuracy: 16.08
Training Epoch: 22/200	Train Loss: 3.711	Val Accuracy: 18.48
Training Epoch: 23/200	Train Loss: 2.1327	Val Accuracy: 18.48
Training Epoch: 24/200	Train Loss: 2.8876	Val Accuracy: 16.74
Training Epoch: 25/200	Train Loss: 3.5294	Val Accuracy: 16.74
Training Epoch: 26/200	Train Loss: 3.8839	Val Accuracy: 13.34
Training Epoch: 27/200	Train Loss: 2.2141	Val Accuracy: 13.34
Training Epoch: 28/200	Train Loss: 2.3328	Val Accuracy: 16.4
Training Epoch: 29/200	Train Loss: 2.3619	Val Accuracy: 16.4
Training Epoch: 30/200	Train Loss: 2.7563	Val Accuracy: 19.16
Training Epoch: 31/200	Train Loss: 2.176	Val Accuracy: 19.16
Training Epoch: 32/200	Train Loss: 2.7837	Val Accuracy: 21.62
Training Epoch: 33/200	Train Loss: 2.9155	Val Accuracy: 21.62
Training Epoch: 34/200	Train Loss: 2.381	Val Accuracy: 20.44
Training Epoch: 35/200	Train Loss: 2.3535	Val Accuracy: 20.44
Training Epoch: 36/200	Train Loss: 2.5388	Val Accuracy: 19.7
Training Epoch: 37/200	Train Loss: 2.915	Val Accuracy: 19.7
Training Epoch: 38/200	Train Loss: 2.5973	Val Accuracy: 18.8
Training Epoch: 39/200	Train Loss: 2.3585	Val Accuracy: 18.8
Training Epoch: 40/200	Train Loss: 2.5415	Val Accuracy: 19.36
Training Epoch: 41/200	Train Loss: 2.4193	Val Accuracy: 19.36
Training Epoch: 42/200	Train Loss: 2.5196	Val Accuracy: 21.6
Training Epoch: 43/200	Train Loss: 2.5473	Val Accuracy: 21.6
Training Epoch: 44/200	Train Loss: 2.2619	Val Accuracy: 24.06
Training Epoch: 45/200	Train Loss: 2.2004	Val Accuracy: 24.06
Training Epoch: 46/200	Train Loss: 1.862	Val Accuracy: 25.36
Training Epoch: 47/200	Train Loss: 1.9776	Val Accuracy: 25.36
Training Epoch: 48/200	Train Loss: 2.4493	Val Accuracy: 27.34
Training Epoch: 49/200	Train Loss: 2.2525	Val Accuracy: 27.34
Training Epoch: 50/200	Train Loss: 2.1326	Val Accuracy: 28.2
Training Epoch: 51/200	Train Loss: 2.5971	Val Accuracy: 28.2
Training Epoch: 52/200	Train Loss: 1.9877	Val Accuracy: 26.38
Training Epoch: 53/200	Train Loss: 1.9223	Val Accuracy: 26.38
Training Epoch: 54/200	Train Loss: 2.3134	Val Accuracy: 28.82
Training Epoch: 55/200	Train Loss: 1.7969	Val Accuracy: 28.82
Training Epoch: 56/200	Train Loss: 2.2942	Val Accuracy: 29.02
Training Epoch: 57/200	Train Loss: 1.9734	Val Accuracy: 29.02
Training Epoch: 58/200	Train Loss: 2.4638	Val Accuracy: 29.54
Training Epoch: 59/200	Train Loss: 1.8214	Val Accuracy: 29.54
Training Epoch: 60/200	Train Loss: 1.9289	Val Accuracy: 30.34
Training Epoch: 61/200	Train Loss: 2.2181	Val Accuracy: 30.34
Training Epoch: 62/200	Train Loss: 2.5173	Val Accuracy: 29.92
Training Epoch: 63/200	Train Loss: 1.8404	Val Accuracy: 29.92
Training Epoch: 64/200	Train Loss: 1.6603	Val Accuracy: 30.98
Training Epoch: 65/200	Train Loss: 1.93	Val Accuracy: 30.98
Training Epoch: 66/200	Train Loss: 1.8159	Val Accuracy: 32.1
Training Epoch: 67/200	Train Loss: 1.7022	Val Accuracy: 32.1
Training Epoch: 68/200	Train Loss: 1.846	Val Accuracy: 32.28
Training Epoch: 69/200	Train Loss: 1.5624	Val Accuracy: 32.28
Training Epoch: 70/200	Train Loss: 2.0538	Val Accuracy: 31.56
Training Epoch: 71/200	Train Loss: 2.5735	Val Accuracy: 31.56
Training Epoch: 72/200	Train Loss: 1.9284	Val Accuracy: 32.1
Training Epoch: 73/200	Train Loss: 1.373	Val Accuracy: 32.1
Training Epoch: 74/200	Train Loss: 1.6687	Val Accuracy: 31.6
Training Epoch: 75/200	Train Loss: 1.8229	Val Accuracy: 31.6
Training Epoch: 76/200	Train Loss: 1.9608	Val Accuracy: 33.98
Training Epoch: 77/200	Train Loss: 1.3502	Val Accuracy: 33.98
Training Epoch: 78/200	Train Loss: 2.112	Val Accuracy: 34.6
Training Epoch: 79/200	Train Loss: 1.9717	Val Accuracy: 34.6
Training Epoch: 80/200	Train Loss: 1.8779	Val Accuracy: 34.0
Training Epoch: 81/200	Train Loss: 2.2763	Val Accuracy: 34.0
Training Epoch: 82/200	Train Loss: 1.6896	Val Accuracy: 33.46
Training Epoch: 83/200	Train Loss: 1.8003	Val Accuracy: 33.46
Training Epoch: 84/200	Train Loss: 1.6812	Val Accuracy: 34.6
Training Epoch: 85/200	Train Loss: 1.4173	Val Accuracy: 34.6
Training Epoch: 86/200	Train Loss: 1.941	Val Accuracy: 34.54
Training Epoch: 87/200	Train Loss: 1.5234	Val Accuracy: 34.54
Training Epoch: 88/200	Train Loss: 1.7202	Val Accuracy: 34.26
Training Epoch: 89/200	Train Loss: 1.6297	Val Accuracy: 34.26
Training Epoch: 90/200	Train Loss: 1.1784	Val Accuracy: 33.66
Training Epoch: 91/200	Train Loss: 1.8594	Val Accuracy: 33.66
Training Epoch: 92/200	Train Loss: 1.462	Val Accuracy: 35.08
Training Epoch: 93/200	Train Loss: 1.3486	Val Accuracy: 35.08
Training Epoch: 94/200	Train Loss: 0.9276	Val Accuracy: 35.04
Training Epoch: 95/200	Train Loss: 1.0802	Val Accuracy: 35.04
Training Epoch: 96/200	Train Loss: 1.43	Val Accuracy: 34.48
Training Epoch: 97/200	Train Loss: 1.0135	Val Accuracy: 34.48
Training Epoch: 98/200	Train Loss: 1.0952	Val Accuracy: 35.22
Training Epoch: 99/200	Train Loss: 1.3512	Val Accuracy: 35.22
Training Epoch: 100/200	Train Loss: 0.9359	Val Accuracy: 34.14
Training Epoch: 101/200	Train Loss: 1.36	Val Accuracy: 34.14
Training Epoch: 102/200	Train Loss: 1.4427	Val Accuracy: 35.12
Training Epoch: 103/200	Train Loss: 1.0022	Val Accuracy: 35.12
Training Epoch: 104/200	Train Loss: 1.0828	Val Accuracy: 35.98
Training Epoch: 105/200	Train Loss: 0.6887	Val Accuracy: 35.98
Training Epoch: 106/200	Train Loss: 0.8552	Val Accuracy: 35.26
Training Epoch: 107/200	Train Loss: 1.5634	Val Accuracy: 35.26
Training Epoch: 108/200	Train Loss: 0.9577	Val Accuracy: 35.18
Training Epoch: 109/200	Train Loss: 1.1094	Val Accuracy: 35.18
Training Epoch: 110/200	Train Loss: 1.0344	Val Accuracy: 35.52
Training Epoch: 111/200	Train Loss: 1.0312	Val Accuracy: 35.52
Training Epoch: 112/200	Train Loss: 0.7756	Val Accuracy: 35.76
Training Epoch: 113/200	Train Loss: 1.0484	Val Accuracy: 35.76
Training Epoch: 114/200	Train Loss: 0.8653	Val Accuracy: 35.66
Training Epoch: 115/200	Train Loss: 0.7357	Val Accuracy: 35.66
Training Epoch: 116/200	Train Loss: 1.1571	Val Accuracy: 35.58
Training Epoch: 117/200	Train Loss: 0.7782	Val Accuracy: 35.58
Training Epoch: 118/200	Train Loss: 1.066	Val Accuracy: 36.32
Training Epoch: 119/200	Train Loss: 0.948	Val Accuracy: 36.32
Training Epoch: 120/200	Train Loss: 1.1179	Val Accuracy: 34.46
Training Epoch: 121/200	Train Loss: 0.5474	Val Accuracy: 34.46
Training Epoch: 122/200	Train Loss: 0.9537	Val Accuracy: 35.1
Training Epoch: 123/200	Train Loss: 1.3721	Val Accuracy: 35.1
Training Epoch: 124/200	Train Loss: 0.7264	Val Accuracy: 35.88
Training Epoch: 125/200	Train Loss: 0.8818	Val Accuracy: 35.88
Training Epoch: 126/200	Train Loss: 0.7514	Val Accuracy: 37.0
Training Epoch: 127/200	Train Loss: 0.9169	Val Accuracy: 37.0
Training Epoch: 128/200	Train Loss: 0.7091	Val Accuracy: 35.08
Training Epoch: 129/200	Train Loss: 0.4076	Val Accuracy: 35.08
Training Epoch: 130/200	Train Loss: 0.6836	Val Accuracy: 35.76
Training Epoch: 131/200	Train Loss: 0.5525	Val Accuracy: 35.76
Training Epoch: 132/200	Train Loss: 0.3879	Val Accuracy: 35.62
Training Epoch: 133/200	Train Loss: 1.0907	Val Accuracy: 35.62
Training Epoch: 134/200	Train Loss: 0.5269	Val Accuracy: 36.14
Training Epoch: 135/200	Train Loss: 0.6019	Val Accuracy: 36.14
Training Epoch: 136/200	Train Loss: 0.3669	Val Accuracy: 35.44
Training Epoch: 137/200	Train Loss: 0.3295	Val Accuracy: 35.44
Training Epoch: 138/200	Train Loss: 0.3194	Val Accuracy: 36.38
Training Epoch: 139/200	Train Loss: 0.5085	Val Accuracy: 36.38
Training Epoch: 140/200	Train Loss: 0.2139	Val Accuracy: 36.8
Training Epoch: 141/200	Train Loss: 0.8257	Val Accuracy: 36.8
Training Epoch: 142/200	Train Loss: 0.2507	Val Accuracy: 35.78
Training Epoch: 143/200	Train Loss: 0.5443	Val Accuracy: 35.78
Training Epoch: 144/200	Train Loss: 0.7549	Val Accuracy: 35.6
Training Epoch: 145/200	Train Loss: 0.5382	Val Accuracy: 35.6
Training Epoch: 146/200	Train Loss: 0.5231	Val Accuracy: 36.24
Training Epoch: 147/200	Train Loss: 0.3099	Val Accuracy: 36.24
Training Epoch: 148/200	Train Loss: 0.1882	Val Accuracy: 37.82
Training Epoch: 149/200	Train Loss: 0.4225	Val Accuracy: 37.82
Training Epoch: 150/200	Train Loss: 0.5831	Val Accuracy: 37.02
Training Epoch: 151/200	Train Loss: 0.5167	Val Accuracy: 37.02
Training Epoch: 152/200	Train Loss: 0.3067	Val Accuracy: 36.48
Training Epoch: 153/200	Train Loss: 0.1846	Val Accuracy: 36.48
Training Epoch: 154/200	Train Loss: 0.522	Val Accuracy: 37.18
Training Epoch: 155/200	Train Loss: 0.6542	Val Accuracy: 37.18
Training Epoch: 156/200	Train Loss: 0.2071	Val Accuracy: 36.62
Training Epoch: 157/200	Train Loss: 0.6277	Val Accuracy: 36.62
Training Epoch: 158/200	Train Loss: 0.3352	Val Accuracy: 36.5
Training Epoch: 159/200	Train Loss: 0.214	Val Accuracy: 36.5
Training Epoch: 160/200	Train Loss: 0.2372	Val Accuracy: 36.94
Training Epoch: 161/200	Train Loss: 0.1497	Val Accuracy: 36.94
Training Epoch: 162/200	Train Loss: 0.5123	Val Accuracy: 36.5
Training Epoch: 163/200	Train Loss: 0.3783	Val Accuracy: 36.5
Training Epoch: 164/200	Train Loss: 0.1515	Val Accuracy: 36.62
Training Epoch: 165/200	Train Loss: 0.1982	Val Accuracy: 36.62
Training Epoch: 166/200	Train Loss: 0.1457	Val Accuracy: 36.44
Training Epoch: 167/200	Train Loss: 0.6448	Val Accuracy: 36.44
Training Epoch: 168/200	Train Loss: 0.0333	Val Accuracy: 38.34
Training Epoch: 169/200	Train Loss: 0.2481	Val Accuracy: 38.34
Training Epoch: 170/200	Train Loss: 0.2901	Val Accuracy: 37.08
Training Epoch: 171/200	Train Loss: 0.198	Val Accuracy: 37.08
Training Epoch: 172/200	Train Loss: 0.2069	Val Accuracy: 37.4
Training Epoch: 173/200	Train Loss: 0.4965	Val Accuracy: 37.4
Training Epoch: 174/200	Train Loss: 0.1034	Val Accuracy: 36.98
Training Epoch: 175/200	Train Loss: 0.3166	Val Accuracy: 36.98
Training Epoch: 176/200	Train Loss: 0.2521	Val Accuracy: 37.0
Training Epoch: 177/200	Train Loss: 0.4727	Val Accuracy: 37.0
Training Epoch: 178/200	Train Loss: 0.2188	Val Accuracy: 37.34
Training Epoch: 179/200	Train Loss: 0.3818	Val Accuracy: 37.34
Training Epoch: 180/200	Train Loss: 0.3106	Val Accuracy: 37.64
Training Epoch: 181/200	Train Loss: 0.387	Val Accuracy: 37.64
Training Epoch: 182/200	Train Loss: 0.0556	Val Accuracy: 37.92
Training Epoch: 183/200	Train Loss: 0.1417	Val Accuracy: 37.92
Training Epoch: 184/200	Train Loss: 0.2117	Val Accuracy: 36.46
Training Epoch: 185/200	Train Loss: 0.137	Val Accuracy: 36.46
Training Epoch: 186/200	Train Loss: 0.1364	Val Accuracy: 37.52
Training Epoch: 187/200	Train Loss: 0.5373	Val Accuracy: 37.52
Training Epoch: 188/200	Train Loss: 0.0602	Val Accuracy: 37.7
Training Epoch: 189/200	Train Loss: 0.0792	Val Accuracy: 37.7
Training Epoch: 190/200	Train Loss: 0.3186	Val Accuracy: 37.92
Training Epoch: 191/200	Train Loss: 0.1111	Val Accuracy: 37.92
Training Epoch: 192/200	Train Loss: 0.2504	Val Accuracy: 37.72
Training Epoch: 193/200	Train Loss: 0.1024	Val Accuracy: 37.72
Training Epoch: 194/200	Train Loss: 0.0471	Val Accuracy: 36.94
Training Epoch: 195/200	Train Loss: 0.0977	Val Accuracy: 36.94
Training Epoch: 196/200	Train Loss: 0.3424	Val Accuracy: 37.22
Training Epoch: 197/200	Train Loss: 0.0467	Val Accuracy: 37.22
Training Epoch: 198/200	Train Loss: 0.068	Val Accuracy: 37.64
Training Epoch: 199/200	Train Loss: 0.0413	Val Accuracy: 37.64
Training Epoch: 200/200	Train Loss: 0.093	Val Accuracy: 37.18

Wrote Best Model Checkpoint to: vlBest_acc_38_model_epoch_0168.pyth

Best Validation Accuracy: 38.34
Best Epoch: 168

======== TESTING ========

Test Accuracy: 36.82.

======== ACTIVE SAMPLING ========

Active Sampling Complete. After Episode 16:
New Labeled Set: 900, New Unlabeled Set: 44100, Active Set: 50

================================


Current accuracy values:  [18.549999999999997, 20.409999999999997, 13.89, 25.59999969482422, 29.029999046325685, 29.959999580383297, 33.769999008178715, 30.32999897003174, 32.369998970031745, 28.689999542236322, 31.529999046325685, 34.55999919891357, 31.05999885559082, 34.52999923706055, 34.79999931335449, 37.98999889373779, 36.819998512268064]
Starting model from scratch - ignoring existing weights.
<All keys matched successfully>
None
======== EPISODE 17 BEGINS ========

======== TRAINING ========
Training Epoch: 1/200	Train Loss: 12.8582	Val Accuracy: 0.0
Training Epoch: 2/200	Train Loss: 3.8317	Val Accuracy: 9.74
Training Epoch: 3/200	Train Loss: 3.4209	Val Accuracy: 9.74
Training Epoch: 4/200	Train Loss: 3.7193	Val Accuracy: 12.48
Training Epoch: 5/200	Train Loss: 4.0764	Val Accuracy: 12.48
Training Epoch: 6/200	Train Loss: 3.0974	Val Accuracy: 14.44
Training Epoch: 7/200	Train Loss: 4.0779	Val Accuracy: 14.44
Training Epoch: 8/200	Train Loss: 3.2639	Val Accuracy: 15.68
Training Epoch: 9/200	Train Loss: 4.0695	Val Accuracy: 15.68
Training Epoch: 10/200	Train Loss: 4.4202	Val Accuracy: 14.18
Training Epoch: 11/200	Train Loss: 2.5191	Val Accuracy: 14.18
Training Epoch: 12/200	Train Loss: 2.535	Val Accuracy: 16.46
Training Epoch: 13/200	Train Loss: 2.9737	Val Accuracy: 16.46
Training Epoch: 14/200	Train Loss: 4.4433	Val Accuracy: 18.88
Training Epoch: 15/200	Train Loss: 2.6103	Val Accuracy: 18.88
Training Epoch: 16/200	Train Loss: 3.9337	Val Accuracy: 18.36
Training Epoch: 17/200	Train Loss: 3.6728	Val Accuracy: 18.36
Training Epoch: 18/200	Train Loss: 4.6131	Val Accuracy: 20.46
Training Epoch: 19/200	Train Loss: 2.0582	Val Accuracy: 20.46
Training Epoch: 20/200	Train Loss: 2.0219	Val Accuracy: 21.68
Training Epoch: 21/200	Train Loss: 2.052	Val Accuracy: 21.68
Training Epoch: 22/200	Train Loss: 3.7096	Val Accuracy: 21.92
Training Epoch: 23/200	Train Loss: 2.0944	Val Accuracy: 21.92
Training Epoch: 24/200	Train Loss: 3.0899	Val Accuracy: 21.86
Training Epoch: 25/200	Train Loss: 2.5745	Val Accuracy: 21.86
Training Epoch: 26/200	Train Loss: 2.8708	Val Accuracy: 23.86
Training Epoch: 27/200	Train Loss: 2.9898	Val Accuracy: 23.86
Training Epoch: 28/200	Train Loss: 2.7957	Val Accuracy: 25.72
Training Epoch: 29/200	Train Loss: 3.1103	Val Accuracy: 25.72
Training Epoch: 30/200	Train Loss: 2.3663	Val Accuracy: 25.9
Training Epoch: 31/200	Train Loss: 2.6729	Val Accuracy: 25.9
Training Epoch: 32/200	Train Loss: 2.4061	Val Accuracy: 29.32
Training Epoch: 33/200	Train Loss: 2.9364	Val Accuracy: 29.32
Training Epoch: 34/200	Train Loss: 1.6882	Val Accuracy: 29.38
Training Epoch: 35/200	Train Loss: 1.9442	Val Accuracy: 29.38
Training Epoch: 36/200	Train Loss: 1.9112	Val Accuracy: 29.88
Training Epoch: 37/200	Train Loss: 1.6183	Val Accuracy: 29.88
Training Epoch: 38/200	Train Loss: 2.8585	Val Accuracy: 29.94
Training Epoch: 39/200	Train Loss: 1.669	Val Accuracy: 29.94
Training Epoch: 40/200	Train Loss: 2.3958	Val Accuracy: 32.44
Training Epoch: 41/200	Train Loss: 2.0976	Val Accuracy: 32.44
Training Epoch: 42/200	Train Loss: 2.6407	Val Accuracy: 31.48
Training Epoch: 43/200	Train Loss: 2.0525	Val Accuracy: 31.48
Training Epoch: 44/200	Train Loss: 2.2472	Val Accuracy: 30.86
Training Epoch: 45/200	Train Loss: 1.8082	Val Accuracy: 30.86
Training Epoch: 46/200	Train Loss: 1.9772	Val Accuracy: 32.66
Training Epoch: 47/200	Train Loss: 2.1495	Val Accuracy: 32.66
Training Epoch: 48/200	Train Loss: 2.0588	Val Accuracy: 33.42
Training Epoch: 49/200	Train Loss: 1.7076	Val Accuracy: 33.42
Training Epoch: 50/200	Train Loss: 1.7002	Val Accuracy: 34.98
Training Epoch: 51/200	Train Loss: 2.1466	Val Accuracy: 34.98
Training Epoch: 52/200	Train Loss: 1.3715	Val Accuracy: 34.38
Training Epoch: 53/200	Train Loss: 1.8887	Val Accuracy: 34.38
Training Epoch: 54/200	Train Loss: 1.832	Val Accuracy: 35.6
Training Epoch: 55/200	Train Loss: 2.2745	Val Accuracy: 35.6
Training Epoch: 56/200	Train Loss: 1.436	Val Accuracy: 35.24
Training Epoch: 57/200	Train Loss: 2.5203	Val Accuracy: 35.24
Training Epoch: 58/200	Train Loss: 1.9865	Val Accuracy: 36.18
Training Epoch: 59/200	Train Loss: 1.9584	Val Accuracy: 36.18
Training Epoch: 60/200	Train Loss: 1.8077	Val Accuracy: 35.24
Training Epoch: 61/200	Train Loss: 1.8096	Val Accuracy: 35.24
Training Epoch: 62/200	Train Loss: 1.2515	Val Accuracy: 37.44
Training Epoch: 63/200	Train Loss: 1.0485	Val Accuracy: 37.44
Training Epoch: 64/200	Train Loss: 1.5957	Val Accuracy: 35.24
Training Epoch: 65/200	Train Loss: 1.5361	Val Accuracy: 35.24
Training Epoch: 66/200	Train Loss: 1.8825	Val Accuracy: 36.6
Training Epoch: 67/200	Train Loss: 1.5794	Val Accuracy: 36.6
Training Epoch: 68/200	Train Loss: 1.0799	Val Accuracy: 38.26
Training Epoch: 69/200	Train Loss: 1.7124	Val Accuracy: 38.26
Training Epoch: 70/200	Train Loss: 1.0589	Val Accuracy: 37.18
Training Epoch: 71/200	Train Loss: 1.0489	Val Accuracy: 37.18
Training Epoch: 72/200	Train Loss: 1.0697	Val Accuracy: 38.68
Training Epoch: 73/200	Train Loss: 2.4319	Val Accuracy: 38.68
Training Epoch: 74/200	Train Loss: 1.9685	Val Accuracy: 36.22
Training Epoch: 75/200	Train Loss: 1.4128	Val Accuracy: 36.22
Training Epoch: 76/200	Train Loss: 2.161	Val Accuracy: 38.4
Training Epoch: 77/200	Train Loss: 0.858	Val Accuracy: 38.4
Training Epoch: 78/200	Train Loss: 0.7879	Val Accuracy: 38.58
Training Epoch: 79/200	Train Loss: 2.4384	Val Accuracy: 38.58
Training Epoch: 80/200	Train Loss: 1.0524	Val Accuracy: 37.92
Training Epoch: 81/200	Train Loss: 1.5877	Val Accuracy: 37.92
Training Epoch: 82/200	Train Loss: 1.8986	Val Accuracy: 37.9
Training Epoch: 83/200	Train Loss: 1.9588	Val Accuracy: 37.9
Training Epoch: 84/200	Train Loss: 1.5058	Val Accuracy: 38.36
Training Epoch: 85/200	Train Loss: 1.2351	Val Accuracy: 38.36
Training Epoch: 86/200	Train Loss: 0.8546	Val Accuracy: 38.06
Training Epoch: 87/200	Train Loss: 2.1356	Val Accuracy: 38.06
Training Epoch: 88/200	Train Loss: 1.1334	Val Accuracy: 39.24
Training Epoch: 89/200	Train Loss: 1.1613	Val Accuracy: 39.24
Training Epoch: 90/200	Train Loss: 0.5033	Val Accuracy: 39.98
Training Epoch: 91/200	Train Loss: 1.0544	Val Accuracy: 39.98
Training Epoch: 92/200	Train Loss: 0.5965	Val Accuracy: 40.7
Training Epoch: 93/200	Train Loss: 1.1267	Val Accuracy: 40.7
Training Epoch: 94/200	Train Loss: 1.1728	Val Accuracy: 37.62
Training Epoch: 95/200	Train Loss: 0.8135	Val Accuracy: 37.62
Training Epoch: 96/200	Train Loss: 0.8752	Val Accuracy: 38.58
Training Epoch: 97/200	Train Loss: 0.3314	Val Accuracy: 38.58
Training Epoch: 98/200	Train Loss: 1.3325	Val Accuracy: 40.64
Training Epoch: 99/200	Train Loss: 1.8154	Val Accuracy: 40.64
Training Epoch: 100/200	Train Loss: 0.6898	Val Accuracy: 40.7
Training Epoch: 101/200	Train Loss: 0.9303	Val Accuracy: 40.7
Training Epoch: 102/200	Train Loss: 1.0024	Val Accuracy: 38.82
Training Epoch: 103/200	Train Loss: 0.8677	Val Accuracy: 38.82
Training Epoch: 104/200	Train Loss: 0.4676	Val Accuracy: 39.1
Training Epoch: 105/200	Train Loss: 0.3517	Val Accuracy: 39.1
Training Epoch: 106/200	Train Loss: 0.92	Val Accuracy: 40.24
Training Epoch: 107/200	Train Loss: 0.4743	Val Accuracy: 40.24
Training Epoch: 108/200	Train Loss: 1.1181	Val Accuracy: 40.84
Training Epoch: 109/200	Train Loss: 1.0694	Val Accuracy: 40.84
Training Epoch: 110/200	Train Loss: 0.663	Val Accuracy: 40.0
Training Epoch: 111/200	Train Loss: 0.5027	Val Accuracy: 40.0
Training Epoch: 112/200	Train Loss: 0.2137	Val Accuracy: 39.22
Training Epoch: 113/200	Train Loss: 0.4138	Val Accuracy: 39.22
Training Epoch: 114/200	Train Loss: 0.755	Val Accuracy: 40.46
Training Epoch: 115/200	Train Loss: 0.4273	Val Accuracy: 40.46
Training Epoch: 116/200	Train Loss: 0.3527	Val Accuracy: 39.08
Training Epoch: 117/200	Train Loss: 0.5457	Val Accuracy: 39.08
Training Epoch: 118/200	Train Loss: 0.5728	Val Accuracy: 39.92
Training Epoch: 119/200	Train Loss: 0.5248	Val Accuracy: 39.92
Training Epoch: 120/200	Train Loss: 0.2327	Val Accuracy: 40.1
Training Epoch: 121/200	Train Loss: 0.5985	Val Accuracy: 40.1
Training Epoch: 122/200	Train Loss: 0.1834	Val Accuracy: 37.0
Training Epoch: 123/200	Train Loss: 0.5166	Val Accuracy: 37.0
Training Epoch: 124/200	Train Loss: 0.1619	Val Accuracy: 39.36
Training Epoch: 125/200	Train Loss: 0.4977	Val Accuracy: 39.36
Training Epoch: 126/200	Train Loss: 0.1468	Val Accuracy: 41.12
Training Epoch: 127/200	Train Loss: 0.2514	Val Accuracy: 41.12
Training Epoch: 128/200	Train Loss: 0.0924	Val Accuracy: 40.42
Training Epoch: 129/200	Train Loss: 0.3529	Val Accuracy: 40.42
Training Epoch: 130/200	Train Loss: 0.6013	Val Accuracy: 39.9
Training Epoch: 131/200	Train Loss: 0.1584	Val Accuracy: 39.9
Training Epoch: 132/200	Train Loss: 0.2555	Val Accuracy: 40.3
Training Epoch: 133/200	Train Loss: 0.3977	Val Accuracy: 40.3
Training Epoch: 134/200	Train Loss: 0.083	Val Accuracy: 40.54
Training Epoch: 135/200	Train Loss: 0.1296	Val Accuracy: 40.54
Training Epoch: 136/200	Train Loss: 0.0911	Val Accuracy: 41.2
Training Epoch: 137/200	Train Loss: 0.1308	Val Accuracy: 41.2
Training Epoch: 138/200	Train Loss: 0.3825	Val Accuracy: 40.56
Training Epoch: 139/200	Train Loss: 0.0807	Val Accuracy: 40.56
Training Epoch: 140/200	Train Loss: 0.0708	Val Accuracy: 41.28
Training Epoch: 141/200	Train Loss: 0.0434	Val Accuracy: 41.28
Training Epoch: 142/200	Train Loss: 0.0572	Val Accuracy: 40.0
Training Epoch: 143/200	Train Loss: 0.1543	Val Accuracy: 40.0
Training Epoch: 144/200	Train Loss: 0.945	Val Accuracy: 41.16
Training Epoch: 145/200	Train Loss: 0.0866	Val Accuracy: 41.16
Training Epoch: 146/200	Train Loss: 0.2163	Val Accuracy: 41.96
Training Epoch: 147/200	Train Loss: 0.6395	Val Accuracy: 41.96
Training Epoch: 148/200	Train Loss: 0.0918	Val Accuracy: 41.16
Training Epoch: 149/200	Train Loss: 0.4192	Val Accuracy: 41.16
Training Epoch: 150/200	Train Loss: 0.0554	Val Accuracy: 41.38
Training Epoch: 151/200	Train Loss: 0.0486	Val Accuracy: 41.38
Training Epoch: 152/200	Train Loss: 0.906	Val Accuracy: 41.2
Training Epoch: 153/200	Train Loss: 0.1338	Val Accuracy: 41.2
Training Epoch: 154/200	Train Loss: 0.6934	Val Accuracy: 41.52
Training Epoch: 155/200	Train Loss: 0.0709	Val Accuracy: 41.52
Training Epoch: 156/200	Train Loss: 0.1101	Val Accuracy: 41.24
Training Epoch: 157/200	Train Loss: 0.2754	Val Accuracy: 41.24
Training Epoch: 158/200	Train Loss: 0.1397	Val Accuracy: 41.48
Training Epoch: 159/200	Train Loss: 0.4963	Val Accuracy: 41.48
Training Epoch: 160/200	Train Loss: 0.1372	Val Accuracy: 40.84
Training Epoch: 161/200	Train Loss: 0.0421	Val Accuracy: 40.84
Training Epoch: 162/200	Train Loss: 0.0702	Val Accuracy: 41.12
Training Epoch: 163/200	Train Loss: 0.3139	Val Accuracy: 41.12
Training Epoch: 164/200	Train Loss: 0.323	Val Accuracy: 42.44
Training Epoch: 165/200	Train Loss: 0.0219	Val Accuracy: 42.44
Training Epoch: 166/200	Train Loss: 0.5572	Val Accuracy: 42.0
Training Epoch: 167/200	Train Loss: 0.0633	Val Accuracy: 42.0
Training Epoch: 168/200	Train Loss: 0.2207	Val Accuracy: 41.34
Training Epoch: 169/200	Train Loss: 0.0644	Val Accuracy: 41.34
Training Epoch: 170/200	Train Loss: 0.2193	Val Accuracy: 41.14
Training Epoch: 171/200	Train Loss: 0.3854	Val Accuracy: 41.14
Training Epoch: 172/200	Train Loss: 0.0265	Val Accuracy: 42.08
Training Epoch: 173/200	Train Loss: 0.2164	Val Accuracy: 42.08
Training Epoch: 174/200	Train Loss: 0.0921	Val Accuracy: 41.62
Training Epoch: 175/200	Train Loss: 0.0324	Val Accuracy: 41.62
Training Epoch: 176/200	Train Loss: 0.061	Val Accuracy: 41.8
Training Epoch: 177/200	Train Loss: 0.0145	Val Accuracy: 41.8
Training Epoch: 178/200	Train Loss: 0.0164	Val Accuracy: 42.22
Training Epoch: 179/200	Train Loss: 0.1447	Val Accuracy: 42.22
Training Epoch: 180/200	Train Loss: 0.0099	Val Accuracy: 42.12
Training Epoch: 181/200	Train Loss: 0.141	Val Accuracy: 42.12
Training Epoch: 182/200	Train Loss: 0.468	Val Accuracy: 41.6
Training Epoch: 183/200	Train Loss: 0.0066	Val Accuracy: 41.6
Training Epoch: 184/200	Train Loss: 0.0403	Val Accuracy: 42.18
Training Epoch: 185/200	Train Loss: 0.0438	Val Accuracy: 42.18
Training Epoch: 186/200	Train Loss: 0.0274	Val Accuracy: 42.3
Training Epoch: 187/200	Train Loss: 0.2208	Val Accuracy: 42.3
Training Epoch: 188/200	Train Loss: 0.0415	Val Accuracy: 41.8
Training Epoch: 189/200	Train Loss: 0.3661	Val Accuracy: 41.8
Training Epoch: 190/200	Train Loss: 0.5572	Val Accuracy: 41.18
Training Epoch: 191/200	Train Loss: 0.0045	Val Accuracy: 41.18
Training Epoch: 192/200	Train Loss: 0.0129	Val Accuracy: 41.66
Training Epoch: 193/200	Train Loss: 0.0958	Val Accuracy: 41.66
Training Epoch: 194/200	Train Loss: 0.5503	Val Accuracy: 41.58
Training Epoch: 195/200	Train Loss: 0.2772	Val Accuracy: 41.58
Training Epoch: 196/200	Train Loss: 0.1027	Val Accuracy: 41.48
Training Epoch: 197/200	Train Loss: 0.3798	Val Accuracy: 41.48
Training Epoch: 198/200	Train Loss: 0.042	Val Accuracy: 42.14
Training Epoch: 199/200	Train Loss: 0.1003	Val Accuracy: 42.14
Training Epoch: 200/200	Train Loss: 0.1023	Val Accuracy: 41.72

Wrote Best Model Checkpoint to: vlBest_acc_42_model_epoch_0164.pyth

Best Validation Accuracy: 42.44
Best Epoch: 164

======== TESTING ========

Test Accuracy: 41.88.

======== ACTIVE SAMPLING ========

Active Sampling Complete. After Episode 17:
New Labeled Set: 950, New Unlabeled Set: 44050, Active Set: 50

================================


Current accuracy values:  [18.549999999999997, 20.409999999999997, 13.89, 25.59999969482422, 29.029999046325685, 29.959999580383297, 33.769999008178715, 30.32999897003174, 32.369998970031745, 28.689999542236322, 31.529999046325685, 34.55999919891357, 31.05999885559082, 34.52999923706055, 34.79999931335449, 37.98999889373779, 36.819998512268064, 41.87999855041504]
Starting model from scratch - ignoring existing weights.
<All keys matched successfully>
None
======== EPISODE 18 BEGINS ========

======== TRAINING ========
Training Epoch: 1/200	Train Loss: 7.7146	Val Accuracy: 0.0
Training Epoch: 2/200	Train Loss: 3.2485	Val Accuracy: 9.98
Training Epoch: 3/200	Train Loss: 6.6683	Val Accuracy: 9.98
Training Epoch: 4/200	Train Loss: 3.056	Val Accuracy: 11.22
Training Epoch: 5/200	Train Loss: 4.5599	Val Accuracy: 11.22
Training Epoch: 6/200	Train Loss: 2.309	Val Accuracy: 12.16
Training Epoch: 7/200	Train Loss: 7.885	Val Accuracy: 12.16
Training Epoch: 8/200	Train Loss: 3.8622	Val Accuracy: 14.1
Training Epoch: 9/200	Train Loss: 2.416	Val Accuracy: 14.1
Training Epoch: 10/200	Train Loss: 2.3662	Val Accuracy: 15.46
Training Epoch: 11/200	Train Loss: 5.9238	Val Accuracy: 15.46
Training Epoch: 12/200	Train Loss: 3.6272	Val Accuracy: 18.94
Training Epoch: 13/200	Train Loss: 3.7697	Val Accuracy: 18.94
Training Epoch: 14/200	Train Loss: 2.5734	Val Accuracy: 15.2
Training Epoch: 15/200	Train Loss: 2.0377	Val Accuracy: 15.2
Training Epoch: 16/200	Train Loss: 2.0937	Val Accuracy: 22.04
Training Epoch: 17/200	Train Loss: 3.341	Val Accuracy: 22.04
Training Epoch: 18/200	Train Loss: 2.3239	Val Accuracy: 22.24
Training Epoch: 19/200	Train Loss: 4.1709	Val Accuracy: 22.24
Training Epoch: 20/200	Train Loss: 3.0391	Val Accuracy: 23.78
Training Epoch: 21/200	Train Loss: 2.4241	Val Accuracy: 23.78
Training Epoch: 22/200	Train Loss: 2.5916	Val Accuracy: 24.18
Training Epoch: 23/200	Train Loss: 2.3479	Val Accuracy: 24.18
Training Epoch: 24/200	Train Loss: 3.0159	Val Accuracy: 21.12
Training Epoch: 25/200	Train Loss: 1.9218	Val Accuracy: 21.12
Training Epoch: 26/200	Train Loss: 3.5999	Val Accuracy: 24.48
Training Epoch: 27/200	Train Loss: 1.8651	Val Accuracy: 24.48
Training Epoch: 28/200	Train Loss: 2.7717	Val Accuracy: 23.9
Training Epoch: 29/200	Train Loss: 2.8061	Val Accuracy: 23.9
Training Epoch: 30/200	Train Loss: 2.8432	Val Accuracy: 27.84
Training Epoch: 31/200	Train Loss: 3.144	Val Accuracy: 27.84
Training Epoch: 32/200	Train Loss: 2.0267	Val Accuracy: 26.3
Training Epoch: 33/200	Train Loss: 1.8247	Val Accuracy: 26.3
Training Epoch: 34/200	Train Loss: 2.1709	Val Accuracy: 28.84
Training Epoch: 35/200	Train Loss: 2.4502	Val Accuracy: 28.84
Training Epoch: 36/200	Train Loss: 2.0732	Val Accuracy: 31.34
Training Epoch: 37/200	Train Loss: 2.1553	Val Accuracy: 31.34
Training Epoch: 38/200	Train Loss: 1.7828	Val Accuracy: 31.14
Training Epoch: 39/200	Train Loss: 2.2303	Val Accuracy: 31.14
Training Epoch: 40/200	Train Loss: 2.4468	Val Accuracy: 27.6
Training Epoch: 41/200	Train Loss: 2.8219	Val Accuracy: 27.6
Training Epoch: 42/200	Train Loss: 4.1957	Val Accuracy: 31.6
Training Epoch: 43/200	Train Loss: 3.3922	Val Accuracy: 31.6
Training Epoch: 44/200	Train Loss: 1.9794	Val Accuracy: 33.2
Training Epoch: 45/200	Train Loss: 2.6031	Val Accuracy: 33.2
Training Epoch: 46/200	Train Loss: 2.1748	Val Accuracy: 32.08
Training Epoch: 47/200	Train Loss: 3.0671	Val Accuracy: 32.08
Training Epoch: 48/200	Train Loss: 1.8546	Val Accuracy: 33.94
Training Epoch: 49/200	Train Loss: 2.646	Val Accuracy: 33.94
Training Epoch: 50/200	Train Loss: 1.6824	Val Accuracy: 34.36
Training Epoch: 51/200	Train Loss: 1.7322	Val Accuracy: 34.36
Training Epoch: 52/200	Train Loss: 1.525	Val Accuracy: 34.1
Training Epoch: 53/200	Train Loss: 3.3042	Val Accuracy: 34.1
Training Epoch: 54/200	Train Loss: 1.9476	Val Accuracy: 33.8
Training Epoch: 55/200	Train Loss: 1.3541	Val Accuracy: 33.8
Training Epoch: 56/200	Train Loss: 1.7755	Val Accuracy: 20.9
Training Epoch: 57/200	Train Loss: 1.5938	Val Accuracy: 20.9
Training Epoch: 58/200	Train Loss: 2.5527	Val Accuracy: 27.4
Training Epoch: 59/200	Train Loss: 1.7954	Val Accuracy: 27.4
Training Epoch: 60/200	Train Loss: 2.6898	Val Accuracy: 33.32
Training Epoch: 61/200	Train Loss: 2.1385	Val Accuracy: 33.32
Training Epoch: 62/200	Train Loss: 2.4287	Val Accuracy: 35.14
Training Epoch: 63/200	Train Loss: 2.5227	Val Accuracy: 35.14
Training Epoch: 64/200	Train Loss: 1.8706	Val Accuracy: 35.7
Training Epoch: 65/200	Train Loss: 2.5779	Val Accuracy: 35.7
Training Epoch: 66/200	Train Loss: 2.0879	Val Accuracy: 37.2
Training Epoch: 67/200	Train Loss: 1.3689	Val Accuracy: 37.2
Training Epoch: 68/200	Train Loss: 1.5544	Val Accuracy: 35.04
Training Epoch: 69/200	Train Loss: 2.3679	Val Accuracy: 35.04
Training Epoch: 70/200	Train Loss: 2.0242	Val Accuracy: 37.16
Training Epoch: 71/200	Train Loss: 2.0537	Val Accuracy: 37.16
Training Epoch: 72/200	Train Loss: 2.3372	Val Accuracy: 37.48
Training Epoch: 73/200	Train Loss: 3.5586	Val Accuracy: 37.48
Training Epoch: 74/200	Train Loss: 3.1959	Val Accuracy: 30.96
Training Epoch: 75/200	Train Loss: 1.7252	Val Accuracy: 30.96
Training Epoch: 76/200	Train Loss: 1.7254	Val Accuracy: 36.78
Training Epoch: 77/200	Train Loss: 1.7023	Val Accuracy: 36.78
Training Epoch: 78/200	Train Loss: 1.5622	Val Accuracy: 37.12
Training Epoch: 79/200	Train Loss: 1.4793	Val Accuracy: 37.12
Training Epoch: 80/200	Train Loss: 2.3368	Val Accuracy: 37.3
Training Epoch: 81/200	Train Loss: 1.7977	Val Accuracy: 37.3
Training Epoch: 82/200	Train Loss: 2.1086	Val Accuracy: 38.32
Training Epoch: 83/200	Train Loss: 1.4119	Val Accuracy: 38.32
Training Epoch: 84/200	Train Loss: 1.7899	Val Accuracy: 38.74
Training Epoch: 85/200	Train Loss: 1.3092	Val Accuracy: 38.74
Training Epoch: 86/200	Train Loss: 1.7936	Val Accuracy: 40.34
Training Epoch: 87/200	Train Loss: 1.5922	Val Accuracy: 40.34
Training Epoch: 88/200	Train Loss: 2.4785	Val Accuracy: 40.22
Training Epoch: 89/200	Train Loss: 2.3318	Val Accuracy: 40.22
Training Epoch: 90/200	Train Loss: 0.8425	Val Accuracy: 38.86
Training Epoch: 91/200	Train Loss: 1.0818	Val Accuracy: 38.86
Training Epoch: 92/200	Train Loss: 1.4738	Val Accuracy: 38.12
Training Epoch: 93/200	Train Loss: 1.6024	Val Accuracy: 38.12
Training Epoch: 94/200	Train Loss: 1.3717	Val Accuracy: 40.4
Training Epoch: 95/200	Train Loss: 1.066	Val Accuracy: 40.4
Training Epoch: 96/200	Train Loss: 1.4531	Val Accuracy: 40.6
Training Epoch: 97/200	Train Loss: 0.8361	Val Accuracy: 40.6
Training Epoch: 98/200	Train Loss: 2.1664	Val Accuracy: 40.38
Training Epoch: 99/200	Train Loss: 1.3934	Val Accuracy: 40.38
Training Epoch: 100/200	Train Loss: 1.4715	Val Accuracy: 40.22
Training Epoch: 101/200	Train Loss: 1.52	Val Accuracy: 40.22
Training Epoch: 102/200	Train Loss: 0.7508	Val Accuracy: 40.88
Training Epoch: 103/200	Train Loss: 0.8128	Val Accuracy: 40.88
Training Epoch: 104/200	Train Loss: 0.9492	Val Accuracy: 41.62
Training Epoch: 105/200	Train Loss: 1.083	Val Accuracy: 41.62
Training Epoch: 106/200	Train Loss: 0.6182	Val Accuracy: 39.74
Training Epoch: 107/200	Train Loss: 1.3113	Val Accuracy: 39.74
Training Epoch: 108/200	Train Loss: 1.1305	Val Accuracy: 41.06
Training Epoch: 109/200	Train Loss: 1.0943	Val Accuracy: 41.06
Training Epoch: 110/200	Train Loss: 0.8868	Val Accuracy: 40.32
Training Epoch: 111/200	Train Loss: 0.9347	Val Accuracy: 40.32
Training Epoch: 112/200	Train Loss: 0.7799	Val Accuracy: 41.38
Training Epoch: 113/200	Train Loss: 1.2372	Val Accuracy: 41.38
Training Epoch: 114/200	Train Loss: 1.0357	Val Accuracy: 40.44
Training Epoch: 115/200	Train Loss: 1.644	Val Accuracy: 40.44
Training Epoch: 116/200	Train Loss: 1.0273	Val Accuracy: 39.68
Training Epoch: 117/200	Train Loss: 0.7122	Val Accuracy: 39.68
Training Epoch: 118/200	Train Loss: 1.0227	Val Accuracy: 42.34
Training Epoch: 119/200	Train Loss: 1.2468	Val Accuracy: 42.34
Training Epoch: 120/200	Train Loss: 0.8319	Val Accuracy: 40.66
Training Epoch: 121/200	Train Loss: 0.6646	Val Accuracy: 40.66
Training Epoch: 122/200	Train Loss: 1.0463	Val Accuracy: 41.5
Training Epoch: 123/200	Train Loss: 0.3184	Val Accuracy: 41.5
Training Epoch: 124/200	Train Loss: 0.4997	Val Accuracy: 40.64
Training Epoch: 125/200	Train Loss: 0.7981	Val Accuracy: 40.64
Training Epoch: 126/200	Train Loss: 0.3857	Val Accuracy: 41.38
Training Epoch: 127/200	Train Loss: 0.6401	Val Accuracy: 41.38
Training Epoch: 128/200	Train Loss: 0.5671	Val Accuracy: 42.16
Training Epoch: 129/200	Train Loss: 0.6432	Val Accuracy: 42.16
Training Epoch: 130/200	Train Loss: 0.5187	Val Accuracy: 41.42
Training Epoch: 131/200	Train Loss: 1.4909	Val Accuracy: 41.42
Training Epoch: 132/200	Train Loss: 0.9042	Val Accuracy: 42.26
Training Epoch: 133/200	Train Loss: 0.4916	Val Accuracy: 42.26
Training Epoch: 134/200	Train Loss: 1.1007	Val Accuracy: 41.7
Training Epoch: 135/200	Train Loss: 0.5688	Val Accuracy: 41.7
Training Epoch: 136/200	Train Loss: 0.498	Val Accuracy: 41.2
Training Epoch: 137/200	Train Loss: 0.4811	Val Accuracy: 41.2
Training Epoch: 138/200	Train Loss: 0.2625	Val Accuracy: 41.38
Training Epoch: 139/200	Train Loss: 0.4205	Val Accuracy: 41.38
Training Epoch: 140/200	Train Loss: 0.4206	Val Accuracy: 42.46
Training Epoch: 141/200	Train Loss: 0.229	Val Accuracy: 42.46
Training Epoch: 142/200	Train Loss: 0.5512	Val Accuracy: 40.7
Training Epoch: 143/200	Train Loss: 0.4216	Val Accuracy: 40.7
Training Epoch: 144/200	Train Loss: 0.3197	Val Accuracy: 41.76
Training Epoch: 145/200	Train Loss: 0.5978	Val Accuracy: 41.76
Training Epoch: 146/200	Train Loss: 0.5285	Val Accuracy: 41.38
Training Epoch: 147/200	Train Loss: 0.2259	Val Accuracy: 41.38
Training Epoch: 148/200	Train Loss: 0.2108	Val Accuracy: 42.02
Training Epoch: 149/200	Train Loss: 0.457	Val Accuracy: 42.02
Training Epoch: 150/200	Train Loss: 0.5128	Val Accuracy: 41.38
Training Epoch: 151/200	Train Loss: 0.38	Val Accuracy: 41.38
Training Epoch: 152/200	Train Loss: 0.3458	Val Accuracy: 41.46
Training Epoch: 153/200	Train Loss: 0.3213	Val Accuracy: 41.46
Training Epoch: 154/200	Train Loss: 0.6254	Val Accuracy: 41.96
Training Epoch: 155/200	Train Loss: 0.3048	Val Accuracy: 41.96
Training Epoch: 156/200	Train Loss: 0.6682	Val Accuracy: 41.7
Training Epoch: 157/200	Train Loss: 0.3687	Val Accuracy: 41.7
Training Epoch: 158/200	Train Loss: 0.1905	Val Accuracy: 42.48
Training Epoch: 159/200	Train Loss: 0.3447	Val Accuracy: 42.48
Training Epoch: 160/200	Train Loss: 0.7574	Val Accuracy: 42.96
Training Epoch: 161/200	Train Loss: 0.2127	Val Accuracy: 42.96
Training Epoch: 162/200	Train Loss: 0.4154	Val Accuracy: 43.12
Training Epoch: 163/200	Train Loss: 0.4701	Val Accuracy: 43.12
Training Epoch: 164/200	Train Loss: 0.1809	Val Accuracy: 42.44
Training Epoch: 165/200	Train Loss: 0.3347	Val Accuracy: 42.44
Training Epoch: 166/200	Train Loss: 0.1225	Val Accuracy: 43.16
Training Epoch: 167/200	Train Loss: 0.559	Val Accuracy: 43.16
Training Epoch: 168/200	Train Loss: 0.109	Val Accuracy: 43.22
Training Epoch: 169/200	Train Loss: 0.4893	Val Accuracy: 43.22
Training Epoch: 170/200	Train Loss: 0.1852	Val Accuracy: 43.14
Training Epoch: 171/200	Train Loss: 0.4751	Val Accuracy: 43.14
Training Epoch: 172/200	Train Loss: 0.0474	Val Accuracy: 43.12
Training Epoch: 173/200	Train Loss: 0.5441	Val Accuracy: 43.12
Training Epoch: 174/200	Train Loss: 0.2162	Val Accuracy: 43.04
Training Epoch: 175/200	Train Loss: 0.1271	Val Accuracy: 43.04
Training Epoch: 176/200	Train Loss: 0.1005	Val Accuracy: 43.38
Training Epoch: 177/200	Train Loss: 0.248	Val Accuracy: 43.38
Training Epoch: 178/200	Train Loss: 0.4353	Val Accuracy: 43.66
Training Epoch: 179/200	Train Loss: 0.0904	Val Accuracy: 43.66
Training Epoch: 180/200	Train Loss: 0.1667	Val Accuracy: 43.54
Training Epoch: 181/200	Train Loss: 0.2087	Val Accuracy: 43.54
Training Epoch: 182/200	Train Loss: 0.0822	Val Accuracy: 43.5
Training Epoch: 183/200	Train Loss: 0.1238	Val Accuracy: 43.5
Training Epoch: 184/200	Train Loss: 0.305	Val Accuracy: 43.18
Training Epoch: 185/200	Train Loss: 0.6957	Val Accuracy: 43.18
Training Epoch: 186/200	Train Loss: 0.3063	Val Accuracy: 43.5
Training Epoch: 187/200	Train Loss: 0.1155	Val Accuracy: 43.5
Training Epoch: 188/200	Train Loss: 0.1539	Val Accuracy: 43.68
Training Epoch: 189/200	Train Loss: 0.1517	Val Accuracy: 43.68
Training Epoch: 190/200	Train Loss: 0.0609	Val Accuracy: 43.78
Training Epoch: 191/200	Train Loss: 0.6046	Val Accuracy: 43.78
Training Epoch: 192/200	Train Loss: 0.1158	Val Accuracy: 43.3
Training Epoch: 193/200	Train Loss: 0.1602	Val Accuracy: 43.3
Training Epoch: 194/200	Train Loss: 0.4695	Val Accuracy: 43.52
Training Epoch: 195/200	Train Loss: 0.0264	Val Accuracy: 43.52
Training Epoch: 196/200	Train Loss: 0.326	Val Accuracy: 43.38
Training Epoch: 197/200	Train Loss: 0.1392	Val Accuracy: 43.38
Training Epoch: 198/200	Train Loss: 0.2026	Val Accuracy: 42.72
Training Epoch: 199/200	Train Loss: 0.19	Val Accuracy: 42.72
Training Epoch: 200/200	Train Loss: 0.0892	Val Accuracy: 43.52

Wrote Best Model Checkpoint to: vlBest_acc_43_model_epoch_0190.pyth

Best Validation Accuracy: 43.78
Best Epoch: 190

======== TESTING ========

Test Accuracy: 43.52.

======== ACTIVE SAMPLING ========

Active Sampling Complete. After Episode 18:
New Labeled Set: 1000, New Unlabeled Set: 44000, Active Set: 50

================================


Current accuracy values:  [18.549999999999997, 20.409999999999997, 13.89, 25.59999969482422, 29.029999046325685, 29.959999580383297, 33.769999008178715, 30.32999897003174, 32.369998970031745, 28.689999542236322, 31.529999046325685, 34.55999919891357, 31.05999885559082, 34.52999923706055, 34.79999931335449, 37.98999889373779, 36.819998512268064, 41.87999855041504, 43.51999858856201]
Starting model from scratch - ignoring existing weights.
<All keys matched successfully>
None
======== EPISODE 19 BEGINS ========

======== TRAINING ========
Training Epoch: 1/200	Train Loss: 20.3791	Val Accuracy: 0.0
Training Epoch: 2/200	Train Loss: 3.0626	Val Accuracy: 9.98
Training Epoch: 3/200	Train Loss: 3.3268	Val Accuracy: 9.98
Training Epoch: 4/200	Train Loss: 4.8601	Val Accuracy: 10.08
Training Epoch: 5/200	Train Loss: 3.3042	Val Accuracy: 10.08
Training Epoch: 6/200	Train Loss: 2.6505	Val Accuracy: 14.02
Training Epoch: 7/200	Train Loss: 2.7955	Val Accuracy: 14.02
Training Epoch: 8/200	Train Loss: 2.2688	Val Accuracy: 16.36
Training Epoch: 9/200	Train Loss: 3.7332	Val Accuracy: 16.36
Training Epoch: 10/200	Train Loss: 2.299	Val Accuracy: 18.38
Training Epoch: 11/200	Train Loss: 2.9166	Val Accuracy: 18.38
Training Epoch: 12/200	Train Loss: 4.6177	Val Accuracy: 22.52
Training Epoch: 13/200	Train Loss: 3.8068	Val Accuracy: 22.52
Training Epoch: 14/200	Train Loss: 2.8329	Val Accuracy: 20.2
Training Epoch: 15/200	Train Loss: 6.01	Val Accuracy: 20.2
Training Epoch: 16/200	Train Loss: 3.2176	Val Accuracy: 19.18
Training Epoch: 17/200	Train Loss: 2.6021	Val Accuracy: 19.18
Training Epoch: 18/200	Train Loss: 3.3283	Val Accuracy: 21.76
Training Epoch: 19/200	Train Loss: 2.19	Val Accuracy: 21.76
Training Epoch: 20/200	Train Loss: 2.3872	Val Accuracy: 22.68
Training Epoch: 21/200	Train Loss: 3.3781	Val Accuracy: 22.68
Training Epoch: 22/200	Train Loss: 2.7411	Val Accuracy: 22.48
Training Epoch: 23/200	Train Loss: 2.002	Val Accuracy: 22.48
Training Epoch: 24/200	Train Loss: 2.5751	Val Accuracy: 23.76
Training Epoch: 25/200	Train Loss: 2.3052	Val Accuracy: 23.76
Training Epoch: 26/200	Train Loss: 2.3534	Val Accuracy: 24.26
Training Epoch: 27/200	Train Loss: 2.8948	Val Accuracy: 24.26
Training Epoch: 28/200	Train Loss: 1.9393	Val Accuracy: 26.1
Training Epoch: 29/200	Train Loss: 2.9813	Val Accuracy: 26.1
Training Epoch: 30/200	Train Loss: 2.0299	Val Accuracy: 24.26
Training Epoch: 31/200	Train Loss: 1.903	Val Accuracy: 24.26
Training Epoch: 32/200	Train Loss: 2.0909	Val Accuracy: 26.04
Training Epoch: 33/200	Train Loss: 3.2854	Val Accuracy: 26.04
Training Epoch: 34/200	Train Loss: 2.5611	Val Accuracy: 26.88
Training Epoch: 35/200	Train Loss: 3.2517	Val Accuracy: 26.88
Training Epoch: 36/200	Train Loss: 1.9696	Val Accuracy: 25.86
Training Epoch: 37/200	Train Loss: 2.3431	Val Accuracy: 25.86
Training Epoch: 38/200	Train Loss: 2.7885	Val Accuracy: 26.46
Training Epoch: 39/200	Train Loss: 2.8132	Val Accuracy: 26.46
Training Epoch: 40/200	Train Loss: 2.1367	Val Accuracy: 27.1
Training Epoch: 41/200	Train Loss: 2.2491	Val Accuracy: 27.1
Training Epoch: 42/200	Train Loss: 2.7113	Val Accuracy: 26.2
Training Epoch: 43/200	Train Loss: 2.3884	Val Accuracy: 26.2
Training Epoch: 44/200	Train Loss: 2.1879	Val Accuracy: 29.52
Training Epoch: 45/200	Train Loss: 2.5291	Val Accuracy: 29.52
Training Epoch: 46/200	Train Loss: 1.8809	Val Accuracy: 30.28
Training Epoch: 47/200	Train Loss: 1.9457	Val Accuracy: 30.28
Training Epoch: 48/200	Train Loss: 1.6063	Val Accuracy: 30.74
Training Epoch: 49/200	Train Loss: 2.6931	Val Accuracy: 30.74
Training Epoch: 50/200	Train Loss: 2.0151	Val Accuracy: 28.78
Training Epoch: 51/200	Train Loss: 2.1075	Val Accuracy: 28.78
Training Epoch: 52/200	Train Loss: 2.3514	Val Accuracy: 29.08
Training Epoch: 53/200	Train Loss: 1.8003	Val Accuracy: 29.08
Training Epoch: 54/200	Train Loss: 2.3433	Val Accuracy: 31.94
Training Epoch: 55/200	Train Loss: 1.7983	Val Accuracy: 31.94
Training Epoch: 56/200	Train Loss: 2.2807	Val Accuracy: 32.92
Training Epoch: 57/200	Train Loss: 2.7529	Val Accuracy: 32.92
Training Epoch: 58/200	Train Loss: 1.511	Val Accuracy: 33.24
Training Epoch: 59/200	Train Loss: 2.721	Val Accuracy: 33.24
Training Epoch: 60/200	Train Loss: 2.0907	Val Accuracy: 31.8
Training Epoch: 61/200	Train Loss: 1.5466	Val Accuracy: 31.8
Training Epoch: 62/200	Train Loss: 1.7481	Val Accuracy: 33.62
Training Epoch: 63/200	Train Loss: 2.6208	Val Accuracy: 33.62
Training Epoch: 64/200	Train Loss: 1.6912	Val Accuracy: 33.3
Training Epoch: 65/200	Train Loss: 2.3745	Val Accuracy: 33.3
Training Epoch: 66/200	Train Loss: 2.0655	Val Accuracy: 30.98
Training Epoch: 67/200	Train Loss: 2.2548	Val Accuracy: 30.98
Training Epoch: 68/200	Train Loss: 2.0839	Val Accuracy: 31.0
Training Epoch: 69/200	Train Loss: 2.0111	Val Accuracy: 31.0
Training Epoch: 70/200	Train Loss: 1.7069	Val Accuracy: 32.76
Training Epoch: 71/200	Train Loss: 1.2329	Val Accuracy: 32.76
Training Epoch: 72/200	Train Loss: 1.8386	Val Accuracy: 32.36
Training Epoch: 73/200	Train Loss: 1.9312	Val Accuracy: 32.36
Training Epoch: 74/200	Train Loss: 1.6103	Val Accuracy: 33.32
Training Epoch: 75/200	Train Loss: 2.2082	Val Accuracy: 33.32
Training Epoch: 76/200	Train Loss: 1.8099	Val Accuracy: 34.9
Training Epoch: 77/200	Train Loss: 2.1962	Val Accuracy: 34.9
Training Epoch: 78/200	Train Loss: 1.5445	Val Accuracy: 34.62
Training Epoch: 79/200	Train Loss: 2.0038	Val Accuracy: 34.62
Training Epoch: 80/200	Train Loss: 1.5053	Val Accuracy: 32.8
Training Epoch: 81/200	Train Loss: 1.5629	Val Accuracy: 32.8
Training Epoch: 82/200	Train Loss: 1.5453	Val Accuracy: 34.42
Training Epoch: 83/200	Train Loss: 1.9249	Val Accuracy: 34.42
Training Epoch: 84/200	Train Loss: 1.5476	Val Accuracy: 33.96
Training Epoch: 85/200	Train Loss: 1.3796	Val Accuracy: 33.96
Training Epoch: 86/200	Train Loss: 0.9829	Val Accuracy: 35.0
Training Epoch: 87/200	Train Loss: 2.0888	Val Accuracy: 35.0
Training Epoch: 88/200	Train Loss: 1.8081	Val Accuracy: 34.74
Training Epoch: 89/200	Train Loss: 1.3931	Val Accuracy: 34.74
Training Epoch: 90/200	Train Loss: 1.2552	Val Accuracy: 34.08
Training Epoch: 91/200	Train Loss: 1.2877	Val Accuracy: 34.08
Training Epoch: 92/200	Train Loss: 1.2487	Val Accuracy: 34.7
Training Epoch: 93/200	Train Loss: 1.1414	Val Accuracy: 34.7
Training Epoch: 94/200	Train Loss: 1.0241	Val Accuracy: 34.7
Training Epoch: 95/200	Train Loss: 1.2709	Val Accuracy: 34.7
Training Epoch: 96/200	Train Loss: 1.488	Val Accuracy: 34.24
Training Epoch: 97/200	Train Loss: 1.1472	Val Accuracy: 34.24
Training Epoch: 98/200	Train Loss: 1.3961	Val Accuracy: 34.66
Training Epoch: 99/200	Train Loss: 1.2434	Val Accuracy: 34.66
Training Epoch: 100/200	Train Loss: 1.3015	Val Accuracy: 34.44
Training Epoch: 101/200	Train Loss: 0.7799	Val Accuracy: 34.44
Training Epoch: 102/200	Train Loss: 0.8236	Val Accuracy: 35.86
Training Epoch: 103/200	Train Loss: 1.0326	Val Accuracy: 35.86
Training Epoch: 104/200	Train Loss: 1.0458	Val Accuracy: 34.92
Training Epoch: 105/200	Train Loss: 1.3556	Val Accuracy: 34.92
Training Epoch: 106/200	Train Loss: 1.1329	Val Accuracy: 35.02
Training Epoch: 107/200	Train Loss: 1.3256	Val Accuracy: 35.02
Training Epoch: 108/200	Train Loss: 1.2759	Val Accuracy: 34.54
Training Epoch: 109/200	Train Loss: 0.9303	Val Accuracy: 34.54
Training Epoch: 110/200	Train Loss: 1.3112	Val Accuracy: 34.7
Training Epoch: 111/200	Train Loss: 1.2334	Val Accuracy: 34.7
Training Epoch: 112/200	Train Loss: 0.7772	Val Accuracy: 35.84
Training Epoch: 113/200	Train Loss: 0.8662	Val Accuracy: 35.84
Training Epoch: 114/200	Train Loss: 0.7695	Val Accuracy: 34.88
Training Epoch: 115/200	Train Loss: 1.1926	Val Accuracy: 34.88
Training Epoch: 116/200	Train Loss: 0.5834	Val Accuracy: 36.16
Training Epoch: 117/200	Train Loss: 0.6376	Val Accuracy: 36.16
Training Epoch: 118/200	Train Loss: 0.5097	Val Accuracy: 35.32
Training Epoch: 119/200	Train Loss: 0.8403	Val Accuracy: 35.32
Training Epoch: 120/200	Train Loss: 0.2565	Val Accuracy: 35.0
Training Epoch: 121/200	Train Loss: 0.9104	Val Accuracy: 35.0
Training Epoch: 122/200	Train Loss: 0.305	Val Accuracy: 36.28
Training Epoch: 123/200	Train Loss: 0.3106	Val Accuracy: 36.28
Training Epoch: 124/200	Train Loss: 0.5301	Val Accuracy: 35.1
Training Epoch: 125/200	Train Loss: 0.4775	Val Accuracy: 35.1
Training Epoch: 126/200	Train Loss: 0.3437	Val Accuracy: 35.14
Training Epoch: 127/200	Train Loss: 0.6626	Val Accuracy: 35.14
Training Epoch: 128/200	Train Loss: 0.3465	Val Accuracy: 34.68
Training Epoch: 129/200	Train Loss: 0.3057	Val Accuracy: 34.68
Training Epoch: 130/200	Train Loss: 1.0489	Val Accuracy: 34.98
Training Epoch: 131/200	Train Loss: 0.7469	Val Accuracy: 34.98
Training Epoch: 132/200	Train Loss: 0.7553	Val Accuracy: 34.18
Training Epoch: 133/200	Train Loss: 0.4022	Val Accuracy: 34.18
Training Epoch: 134/200	Train Loss: 0.6491	Val Accuracy: 33.84
Training Epoch: 135/200	Train Loss: 0.5877	Val Accuracy: 33.84
Training Epoch: 136/200	Train Loss: 0.6507	Val Accuracy: 35.1
Training Epoch: 137/200	Train Loss: 0.4617	Val Accuracy: 35.1
Training Epoch: 138/200	Train Loss: 0.1802	Val Accuracy: 35.8
Training Epoch: 139/200	Train Loss: 0.6289	Val Accuracy: 35.8
Training Epoch: 140/200	Train Loss: 0.2349	Val Accuracy: 35.86
Training Epoch: 141/200	Train Loss: 0.3734	Val Accuracy: 35.86
Training Epoch: 142/200	Train Loss: 0.5154	Val Accuracy: 35.74
Training Epoch: 143/200	Train Loss: 0.5774	Val Accuracy: 35.74
Training Epoch: 144/200	Train Loss: 0.178	Val Accuracy: 36.14
Training Epoch: 145/200	Train Loss: 0.2775	Val Accuracy: 36.14
Training Epoch: 146/200	Train Loss: 0.4646	Val Accuracy: 35.82
Training Epoch: 147/200	Train Loss: 0.7174	Val Accuracy: 35.82
Training Epoch: 148/200	Train Loss: 0.2216	Val Accuracy: 36.18
Training Epoch: 149/200	Train Loss: 0.4953	Val Accuracy: 36.18
Training Epoch: 150/200	Train Loss: 0.4573	Val Accuracy: 35.42
Training Epoch: 151/200	Train Loss: 0.1505	Val Accuracy: 35.42
Training Epoch: 152/200	Train Loss: 0.3746	Val Accuracy: 36.04
Training Epoch: 153/200	Train Loss: 0.5523	Val Accuracy: 36.04
Training Epoch: 154/200	Train Loss: 0.6199	Val Accuracy: 35.0
Training Epoch: 155/200	Train Loss: 0.0988	Val Accuracy: 35.0
Training Epoch: 156/200	Train Loss: 0.879	Val Accuracy: 35.96
Training Epoch: 157/200	Train Loss: 0.4135	Val Accuracy: 35.96
Training Epoch: 158/200	Train Loss: 0.2978	Val Accuracy: 36.26
Training Epoch: 159/200	Train Loss: 0.8916	Val Accuracy: 36.26
Training Epoch: 160/200	Train Loss: 0.5371	Val Accuracy: 36.42
Training Epoch: 161/200	Train Loss: 0.0971	Val Accuracy: 36.42
Training Epoch: 162/200	Train Loss: 0.6643	Val Accuracy: 36.54
Training Epoch: 163/200	Train Loss: 0.5417	Val Accuracy: 36.54
Training Epoch: 164/200	Train Loss: 0.1281	Val Accuracy: 37.08
Training Epoch: 165/200	Train Loss: 0.0297	Val Accuracy: 37.08
Training Epoch: 166/200	Train Loss: 0.0984	Val Accuracy: 36.64
Training Epoch: 167/200	Train Loss: 0.3682	Val Accuracy: 36.64
Training Epoch: 168/200	Train Loss: 0.1344	Val Accuracy: 36.38
Training Epoch: 169/200	Train Loss: 0.3197	Val Accuracy: 36.38
Training Epoch: 170/200	Train Loss: 0.1507	Val Accuracy: 36.26
Training Epoch: 171/200	Train Loss: 0.3063	Val Accuracy: 36.26
Training Epoch: 172/200	Train Loss: 0.0442	Val Accuracy: 36.94
Training Epoch: 173/200	Train Loss: 0.0769	Val Accuracy: 36.94
Training Epoch: 174/200	Train Loss: 0.1302	Val Accuracy: 36.92
Training Epoch: 175/200	Train Loss: 0.3123	Val Accuracy: 36.92
Training Epoch: 176/200	Train Loss: 0.095	Val Accuracy: 36.48
Training Epoch: 177/200	Train Loss: 0.3789	Val Accuracy: 36.48
Training Epoch: 178/200	Train Loss: 0.2382	Val Accuracy: 36.94
Training Epoch: 179/200	Train Loss: 0.1824	Val Accuracy: 36.94
Training Epoch: 180/200	Train Loss: 0.4488	Val Accuracy: 36.82
Training Epoch: 181/200	Train Loss: 0.1923	Val Accuracy: 36.82
Training Epoch: 182/200	Train Loss: 0.2148	Val Accuracy: 35.48
Training Epoch: 183/200	Train Loss: 0.1706	Val Accuracy: 35.48
Training Epoch: 184/200	Train Loss: 0.0998	Val Accuracy: 36.54
Training Epoch: 185/200	Train Loss: 0.1581	Val Accuracy: 36.54
Training Epoch: 186/200	Train Loss: 0.1151	Val Accuracy: 36.6
Training Epoch: 187/200	Train Loss: 0.399	Val Accuracy: 36.6
Training Epoch: 188/200	Train Loss: 0.1869	Val Accuracy: 36.88
Training Epoch: 189/200	Train Loss: 0.0781	Val Accuracy: 36.88
Training Epoch: 190/200	Train Loss: 0.3549	Val Accuracy: 37.8
Training Epoch: 191/200	Train Loss: 0.0549	Val Accuracy: 37.8
Training Epoch: 192/200	Train Loss: 0.0781	Val Accuracy: 37.7
Training Epoch: 193/200	Train Loss: 0.0826	Val Accuracy: 37.7
Training Epoch: 194/200	Train Loss: 0.1728	Val Accuracy: 36.9
Training Epoch: 195/200	Train Loss: 0.1228	Val Accuracy: 36.9
Training Epoch: 196/200	Train Loss: 0.1856	Val Accuracy: 36.5
Training Epoch: 197/200	Train Loss: 0.1487	Val Accuracy: 36.5
Training Epoch: 198/200	Train Loss: 0.1262	Val Accuracy: 37.66
Training Epoch: 199/200	Train Loss: 0.228	Val Accuracy: 37.66
Training Epoch: 200/200	Train Loss: 0.3417	Val Accuracy: 36.86

Wrote Best Model Checkpoint to: vlBest_acc_37_model_epoch_0190.pyth

Best Validation Accuracy: 37.8
Best Epoch: 190

======== TESTING ========

Test Accuracy: 37.73.

======== ACTIVE SAMPLING ========

Active Sampling Complete. After Episode 19:
New Labeled Set: 1050, New Unlabeled Set: 43950, Active Set: 50

================================


Current accuracy values:  [18.549999999999997, 20.409999999999997, 13.89, 25.59999969482422, 29.029999046325685, 29.959999580383297, 33.769999008178715, 30.32999897003174, 32.369998970031745, 28.689999542236322, 31.529999046325685, 34.55999919891357, 31.05999885559082, 34.52999923706055, 34.79999931335449, 37.98999889373779, 36.819998512268064, 41.87999855041504, 43.51999858856201, 37.72999900817871]
Starting model from scratch - ignoring existing weights.
<All keys matched successfully>
None
======== EPISODE 20 BEGINS ========

======== TRAINING ========
Training Epoch: 1/200	Train Loss: 4.8479	Val Accuracy: 0.0
Training Epoch: 2/200	Train Loss: 3.2574	Val Accuracy: 10.16
Training Epoch: 3/200	Train Loss: 4.9838	Val Accuracy: 10.16
Training Epoch: 4/200	Train Loss: 4.2886	Val Accuracy: 10.52
Training Epoch: 5/200	Train Loss: 3.2097	Val Accuracy: 10.52
Training Epoch: 6/200	Train Loss: 4.5603	Val Accuracy: 12.0
Training Epoch: 7/200	Train Loss: 6.4946	Val Accuracy: 12.0
Training Epoch: 8/200	Train Loss: 3.9204	Val Accuracy: 14.2
Training Epoch: 9/200	Train Loss: 4.2816	Val Accuracy: 14.2
Training Epoch: 10/200	Train Loss: 3.136	Val Accuracy: 15.34
Training Epoch: 11/200	Train Loss: 3.5682	Val Accuracy: 15.34
Training Epoch: 12/200	Train Loss: 2.4031	Val Accuracy: 15.36
Training Epoch: 13/200	Train Loss: 2.6481	Val Accuracy: 15.36
Training Epoch: 14/200	Train Loss: 3.3704	Val Accuracy: 16.24
Training Epoch: 15/200	Train Loss: 2.9572	Val Accuracy: 16.24
Training Epoch: 16/200	Train Loss: 4.4142	Val Accuracy: 13.22
Training Epoch: 17/200	Train Loss: 3.1235	Val Accuracy: 13.22
Training Epoch: 18/200	Train Loss: 2.1136	Val Accuracy: 16.06
Training Epoch: 19/200	Train Loss: 3.0411	Val Accuracy: 16.06
Training Epoch: 20/200	Train Loss: 2.7083	Val Accuracy: 17.22
Training Epoch: 21/200	Train Loss: 2.5908	Val Accuracy: 17.22
Training Epoch: 22/200	Train Loss: 2.262	Val Accuracy: 22.54
Training Epoch: 23/200	Train Loss: 2.4833	Val Accuracy: 22.54
Training Epoch: 24/200	Train Loss: 2.3684	Val Accuracy: 21.74
Training Epoch: 25/200	Train Loss: 2.4606	Val Accuracy: 21.74
Training Epoch: 26/200	Train Loss: 1.957	Val Accuracy: 20.88
Training Epoch: 27/200	Train Loss: 2.3893	Val Accuracy: 20.88
Training Epoch: 28/200	Train Loss: 2.9322	Val Accuracy: 24.02
Training Epoch: 29/200	Train Loss: 3.0262	Val Accuracy: 24.02
Training Epoch: 30/200	Train Loss: 3.4844	Val Accuracy: 24.86
Training Epoch: 31/200	Train Loss: 2.4794	Val Accuracy: 24.86
Training Epoch: 32/200	Train Loss: 1.8523	Val Accuracy: 27.74
Training Epoch: 33/200	Train Loss: 2.0478	Val Accuracy: 27.74
Training Epoch: 34/200	Train Loss: 2.7784	Val Accuracy: 29.34
Training Epoch: 35/200	Train Loss: 2.6272	Val Accuracy: 29.34
Training Epoch: 36/200	Train Loss: 3.1053	Val Accuracy: 29.62
Training Epoch: 37/200	Train Loss: 2.0305	Val Accuracy: 29.62
Training Epoch: 38/200	Train Loss: 1.6983	Val Accuracy: 31.1
Training Epoch: 39/200	Train Loss: 2.366	Val Accuracy: 31.1
Training Epoch: 40/200	Train Loss: 1.6655	Val Accuracy: 31.5
Training Epoch: 41/200	Train Loss: 2.3444	Val Accuracy: 31.5
Training Epoch: 42/200	Train Loss: 1.818	Val Accuracy: 31.68
Training Epoch: 43/200	Train Loss: 2.156	Val Accuracy: 31.68
Training Epoch: 44/200	Train Loss: 2.052	Val Accuracy: 33.58
Training Epoch: 45/200	Train Loss: 2.4153	Val Accuracy: 33.58
Training Epoch: 46/200	Train Loss: 2.1584	Val Accuracy: 32.5
Training Epoch: 47/200	Train Loss: 1.8447	Val Accuracy: 32.5
Training Epoch: 48/200	Train Loss: 1.6295	Val Accuracy: 34.6
Training Epoch: 49/200	Train Loss: 1.6898	Val Accuracy: 34.6
Training Epoch: 50/200	Train Loss: 1.9447	Val Accuracy: 33.96
Training Epoch: 51/200	Train Loss: 1.6187	Val Accuracy: 33.96
Training Epoch: 52/200	Train Loss: 2.4692	Val Accuracy: 34.78
Training Epoch: 53/200	Train Loss: 2.0823	Val Accuracy: 34.78
Training Epoch: 54/200	Train Loss: 2.057	Val Accuracy: 34.94
Training Epoch: 55/200	Train Loss: 2.3514	Val Accuracy: 34.94
Training Epoch: 56/200	Train Loss: 2.1247	Val Accuracy: 32.56
Training Epoch: 57/200	Train Loss: 2.0398	Val Accuracy: 32.56
Training Epoch: 58/200	Train Loss: 1.7376	Val Accuracy: 33.26
Training Epoch: 59/200	Train Loss: 1.7822	Val Accuracy: 33.26
Training Epoch: 60/200	Train Loss: 1.6808	Val Accuracy: 35.12
Training Epoch: 61/200	Train Loss: 2.1171	Val Accuracy: 35.12
Training Epoch: 62/200	Train Loss: 1.477	Val Accuracy: 34.72
Training Epoch: 63/200	Train Loss: 1.5401	Val Accuracy: 34.72
Training Epoch: 64/200	Train Loss: 1.438	Val Accuracy: 34.08
Training Epoch: 65/200	Train Loss: 2.0218	Val Accuracy: 34.08
Training Epoch: 66/200	Train Loss: 1.8514	Val Accuracy: 36.02
Training Epoch: 67/200	Train Loss: 2.2883	Val Accuracy: 36.02
Training Epoch: 68/200	Train Loss: 1.388	Val Accuracy: 35.82
Training Epoch: 69/200	Train Loss: 2.1265	Val Accuracy: 35.82
Training Epoch: 70/200	Train Loss: 2.0444	Val Accuracy: 35.26
Training Epoch: 71/200	Train Loss: 1.7767	Val Accuracy: 35.26
Training Epoch: 72/200	Train Loss: 1.8392	Val Accuracy: 32.68
Training Epoch: 73/200	Train Loss: 2.0607	Val Accuracy: 32.68
Training Epoch: 74/200	Train Loss: 1.6225	Val Accuracy: 34.86
Training Epoch: 75/200	Train Loss: 2.1302	Val Accuracy: 34.86
Training Epoch: 76/200	Train Loss: 1.5485	Val Accuracy: 35.76
Training Epoch: 77/200	Train Loss: 1.5462	Val Accuracy: 35.76
Training Epoch: 78/200	Train Loss: 1.6501	Val Accuracy: 35.74
Training Epoch: 79/200	Train Loss: 1.4067	Val Accuracy: 35.74
Training Epoch: 80/200	Train Loss: 1.465	Val Accuracy: 36.94
Training Epoch: 81/200	Train Loss: 1.1185	Val Accuracy: 36.94
Training Epoch: 82/200	Train Loss: 1.4951	Val Accuracy: 34.48
Training Epoch: 83/200	Train Loss: 2.0523	Val Accuracy: 34.48
Training Epoch: 84/200	Train Loss: 1.3775	Val Accuracy: 34.68
Training Epoch: 85/200	Train Loss: 1.7729	Val Accuracy: 34.68
Training Epoch: 86/200	Train Loss: 1.3047	Val Accuracy: 35.8
Training Epoch: 87/200	Train Loss: 1.744	Val Accuracy: 35.8
Training Epoch: 88/200	Train Loss: 1.3874	Val Accuracy: 37.64
Training Epoch: 89/200	Train Loss: 1.4562	Val Accuracy: 37.64
Training Epoch: 90/200	Train Loss: 1.4067	Val Accuracy: 36.48
Training Epoch: 91/200	Train Loss: 1.9685	Val Accuracy: 36.48
Training Epoch: 92/200	Train Loss: 1.7699	Val Accuracy: 36.44
Training Epoch: 93/200	Train Loss: 1.4676	Val Accuracy: 36.44
Training Epoch: 94/200	Train Loss: 1.2757	Val Accuracy: 38.46
Training Epoch: 95/200	Train Loss: 1.0271	Val Accuracy: 38.46
Training Epoch: 96/200	Train Loss: 1.2342	Val Accuracy: 36.88
Training Epoch: 97/200	Train Loss: 1.0103	Val Accuracy: 36.88
Training Epoch: 98/200	Train Loss: 0.923	Val Accuracy: 36.3
Training Epoch: 99/200	Train Loss: 0.6854	Val Accuracy: 36.3
Training Epoch: 100/200	Train Loss: 0.8302	Val Accuracy: 34.66
Training Epoch: 101/200	Train Loss: 1.346	Val Accuracy: 34.66
Training Epoch: 102/200	Train Loss: 0.7841	Val Accuracy: 37.1
Training Epoch: 103/200	Train Loss: 1.4175	Val Accuracy: 37.1
Training Epoch: 104/200	Train Loss: 0.9785	Val Accuracy: 37.38
Training Epoch: 105/200	Train Loss: 1.2142	Val Accuracy: 37.38
Training Epoch: 106/200	Train Loss: 1.4329	Val Accuracy: 37.34
Training Epoch: 107/200	Train Loss: 0.943	Val Accuracy: 37.34
Training Epoch: 108/200	Train Loss: 0.9452	Val Accuracy: 37.36
Training Epoch: 109/200	Train Loss: 0.9768	Val Accuracy: 37.36
Training Epoch: 110/200	Train Loss: 0.8157	Val Accuracy: 37.62
Training Epoch: 111/200	Train Loss: 0.5723	Val Accuracy: 37.62
Training Epoch: 112/200	Train Loss: 1.0099	Val Accuracy: 37.06
Training Epoch: 113/200	Train Loss: 0.5355	Val Accuracy: 37.06
Training Epoch: 114/200	Train Loss: 1.0124	Val Accuracy: 36.78
Training Epoch: 115/200	Train Loss: 0.6222	Val Accuracy: 36.78
Training Epoch: 116/200	Train Loss: 0.5164	Val Accuracy: 36.44
Training Epoch: 117/200	Train Loss: 0.7384	Val Accuracy: 36.44
Training Epoch: 118/200	Train Loss: 1.1218	Val Accuracy: 36.3
Training Epoch: 119/200	Train Loss: 0.7972	Val Accuracy: 36.3
Training Epoch: 120/200	Train Loss: 0.7672	Val Accuracy: 37.46
Training Epoch: 121/200	Train Loss: 0.6543	Val Accuracy: 37.46
Training Epoch: 122/200	Train Loss: 0.5725	Val Accuracy: 37.72
Training Epoch: 123/200	Train Loss: 0.8722	Val Accuracy: 37.72
Training Epoch: 124/200	Train Loss: 0.5456	Val Accuracy: 37.22
Training Epoch: 125/200	Train Loss: 0.5451	Val Accuracy: 37.22
Training Epoch: 126/200	Train Loss: 0.5585	Val Accuracy: 37.36
Training Epoch: 127/200	Train Loss: 0.8432	Val Accuracy: 37.36
Training Epoch: 128/200	Train Loss: 0.5926	Val Accuracy: 37.38
Training Epoch: 129/200	Train Loss: 0.354	Val Accuracy: 37.38
Training Epoch: 130/200	Train Loss: 0.6949	Val Accuracy: 38.18
Training Epoch: 131/200	Train Loss: 0.1941	Val Accuracy: 38.18
Training Epoch: 132/200	Train Loss: 0.4342	Val Accuracy: 38.06
Training Epoch: 133/200	Train Loss: 0.7624	Val Accuracy: 38.06
Training Epoch: 134/200	Train Loss: 0.4834	Val Accuracy: 37.38
Training Epoch: 135/200	Train Loss: 0.3756	Val Accuracy: 37.38
Training Epoch: 136/200	Train Loss: 0.4487	Val Accuracy: 36.74
Training Epoch: 137/200	Train Loss: 0.4143	Val Accuracy: 36.74
Training Epoch: 138/200	Train Loss: 0.491	Val Accuracy: 37.44
Training Epoch: 139/200	Train Loss: 0.506	Val Accuracy: 37.44
Training Epoch: 140/200	Train Loss: 0.2579	Val Accuracy: 38.2
Training Epoch: 141/200	Train Loss: 0.5904	Val Accuracy: 38.2
Training Epoch: 142/200	Train Loss: 0.5139	Val Accuracy: 38.28
Training Epoch: 143/200	Train Loss: 0.404	Val Accuracy: 38.28
Training Epoch: 144/200	Train Loss: 0.3841	Val Accuracy: 37.16
Training Epoch: 145/200	Train Loss: 0.1559	Val Accuracy: 37.16
Training Epoch: 146/200	Train Loss: 0.6898	Val Accuracy: 37.28
Training Epoch: 147/200	Train Loss: 0.2754	Val Accuracy: 37.28
Training Epoch: 148/200	Train Loss: 0.2698	Val Accuracy: 37.52
Training Epoch: 149/200	Train Loss: 0.6301	Val Accuracy: 37.52
Training Epoch: 150/200	Train Loss: 0.4461	Val Accuracy: 38.2
Training Epoch: 151/200	Train Loss: 0.1812	Val Accuracy: 38.2
Training Epoch: 152/200	Train Loss: 0.578	Val Accuracy: 38.74
Training Epoch: 153/200	Train Loss: 0.3514	Val Accuracy: 38.74
Training Epoch: 154/200	Train Loss: 0.6431	Val Accuracy: 37.66
Training Epoch: 155/200	Train Loss: 0.6619	Val Accuracy: 37.66
Training Epoch: 156/200	Train Loss: 0.3832	Val Accuracy: 37.72
Training Epoch: 157/200	Train Loss: 0.1581	Val Accuracy: 37.72
Training Epoch: 158/200	Train Loss: 0.1427	Val Accuracy: 38.82
Training Epoch: 159/200	Train Loss: 0.1428	Val Accuracy: 38.82
Training Epoch: 160/200	Train Loss: 0.4958	Val Accuracy: 38.2
Training Epoch: 161/200	Train Loss: 0.1407	Val Accuracy: 38.2
Training Epoch: 162/200	Train Loss: 0.3004	Val Accuracy: 38.26
Training Epoch: 163/200	Train Loss: 0.0984	Val Accuracy: 38.26
Training Epoch: 164/200	Train Loss: 0.0938	Val Accuracy: 37.54
Training Epoch: 165/200	Train Loss: 0.4185	Val Accuracy: 37.54
Training Epoch: 166/200	Train Loss: 0.5599	Val Accuracy: 38.46
Training Epoch: 167/200	Train Loss: 0.4275	Val Accuracy: 38.46
Training Epoch: 168/200	Train Loss: 0.5527	Val Accuracy: 37.78
Training Epoch: 169/200	Train Loss: 0.227	Val Accuracy: 37.78
Training Epoch: 170/200	Train Loss: 0.0936	Val Accuracy: 38.64
Training Epoch: 171/200	Train Loss: 0.3419	Val Accuracy: 38.64
Training Epoch: 172/200	Train Loss: 0.2261	Val Accuracy: 39.04
Training Epoch: 173/200	Train Loss: 0.2376	Val Accuracy: 39.04
Training Epoch: 174/200	Train Loss: 0.2982	Val Accuracy: 39.2
Training Epoch: 175/200	Train Loss: 0.5249	Val Accuracy: 39.2
Training Epoch: 176/200	Train Loss: 0.2454	Val Accuracy: 38.54
Training Epoch: 177/200	Train Loss: 0.2295	Val Accuracy: 38.54
Training Epoch: 178/200	Train Loss: 0.1583	Val Accuracy: 38.12
Training Epoch: 179/200	Train Loss: 0.2128	Val Accuracy: 38.12
Training Epoch: 180/200	Train Loss: 0.185	Val Accuracy: 38.7
Training Epoch: 181/200	Train Loss: 0.0467	Val Accuracy: 38.7
Training Epoch: 182/200	Train Loss: 0.2296	Val Accuracy: 38.36
Training Epoch: 183/200	Train Loss: 0.1313	Val Accuracy: 38.36
Training Epoch: 184/200	Train Loss: 0.4396	Val Accuracy: 39.04
Training Epoch: 185/200	Train Loss: 0.4512	Val Accuracy: 39.04
Training Epoch: 186/200	Train Loss: 0.2637	Val Accuracy: 39.7
Training Epoch: 187/200	Train Loss: 0.1922	Val Accuracy: 39.7
Training Epoch: 188/200	Train Loss: 0.2341	Val Accuracy: 38.96
Training Epoch: 189/200	Train Loss: 0.121	Val Accuracy: 38.96
Training Epoch: 190/200	Train Loss: 0.2829	Val Accuracy: 39.2
Training Epoch: 191/200	Train Loss: 0.2139	Val Accuracy: 39.2
Training Epoch: 192/200	Train Loss: 0.305	Val Accuracy: 38.76
Training Epoch: 193/200	Train Loss: 0.3475	Val Accuracy: 38.76
Training Epoch: 194/200	Train Loss: 0.1488	Val Accuracy: 38.74
Training Epoch: 195/200	Train Loss: 0.244	Val Accuracy: 38.74
Training Epoch: 196/200	Train Loss: 0.1449	Val Accuracy: 38.3
Training Epoch: 197/200	Train Loss: 0.2545	Val Accuracy: 38.3
Training Epoch: 198/200	Train Loss: 0.1098	Val Accuracy: 38.6
Training Epoch: 199/200	Train Loss: 0.1978	Val Accuracy: 38.6
Training Epoch: 200/200	Train Loss: 0.1151	Val Accuracy: 39.0

Wrote Best Model Checkpoint to: vlBest_acc_39_model_epoch_0186.pyth

Best Validation Accuracy: 39.7
Best Epoch: 186

======== TESTING ========

Test Accuracy: 39.9.

======== ACTIVE SAMPLING ========

Active Sampling Complete. After Episode 20:
New Labeled Set: 1100, New Unlabeled Set: 43900, Active Set: 50

================================


Current accuracy values:  [18.549999999999997, 20.409999999999997, 13.89, 25.59999969482422, 29.029999046325685, 29.959999580383297, 33.769999008178715, 30.32999897003174, 32.369998970031745, 28.689999542236322, 31.529999046325685, 34.55999919891357, 31.05999885559082, 34.52999923706055, 34.79999931335449, 37.98999889373779, 36.819998512268064, 41.87999855041504, 43.51999858856201, 37.72999900817871, 39.89999919891358]
Starting model from scratch - ignoring existing weights.
<All keys matched successfully>
None
======== EPISODE 21 BEGINS ========

======== TRAINING ========
Training Epoch: 1/200	Train Loss: 3.5099	Val Accuracy: 0.0
Training Epoch: 2/200	Train Loss: 5.0562	Val Accuracy: 10.2
Training Epoch: 3/200	Train Loss: 3.2453	Val Accuracy: 10.2
Training Epoch: 4/200	Train Loss: 3.0956	Val Accuracy: 14.38
Training Epoch: 5/200	Train Loss: 4.5828	Val Accuracy: 14.38
Training Epoch: 6/200	Train Loss: 3.4163	Val Accuracy: 14.54
Training Epoch: 7/200	Train Loss: 2.1856	Val Accuracy: 14.54
Training Epoch: 8/200	Train Loss: 3.1669	Val Accuracy: 17.42
Training Epoch: 9/200	Train Loss: 3.7725	Val Accuracy: 17.42
Training Epoch: 10/200	Train Loss: 2.5695	Val Accuracy: 20.88
Training Epoch: 11/200	Train Loss: 3.2196	Val Accuracy: 20.88
Training Epoch: 12/200	Train Loss: 4.1746	Val Accuracy: 15.44
Training Epoch: 13/200	Train Loss: 2.2844	Val Accuracy: 15.44
Training Epoch: 14/200	Train Loss: 2.8826	Val Accuracy: 18.88
Training Epoch: 15/200	Train Loss: 2.6838	Val Accuracy: 18.88
Training Epoch: 16/200	Train Loss: 2.3818	Val Accuracy: 22.38
Training Epoch: 17/200	Train Loss: 3.3833	Val Accuracy: 22.38
Training Epoch: 18/200	Train Loss: 2.589	Val Accuracy: 19.68
Training Epoch: 19/200	Train Loss: 2.2566	Val Accuracy: 19.68
Training Epoch: 20/200	Train Loss: 2.6578	Val Accuracy: 18.42
Training Epoch: 21/200	Train Loss: 2.6406	Val Accuracy: 18.42
Training Epoch: 22/200	Train Loss: 2.6031	Val Accuracy: 16.48
Training Epoch: 23/200	Train Loss: 2.138	Val Accuracy: 16.48
Training Epoch: 24/200	Train Loss: 2.6192	Val Accuracy: 20.28
Training Epoch: 25/200	Train Loss: 2.0856	Val Accuracy: 20.28
Training Epoch: 26/200	Train Loss: 2.6656	Val Accuracy: 22.54
Training Epoch: 27/200	Train Loss: 2.7017	Val Accuracy: 22.54
Training Epoch: 28/200	Train Loss: 2.5309	Val Accuracy: 23.78
Training Epoch: 29/200	Train Loss: 2.6676	Val Accuracy: 23.78
Training Epoch: 30/200	Train Loss: 2.4874	Val Accuracy: 23.8
Training Epoch: 31/200	Train Loss: 2.8137	Val Accuracy: 23.8
Training Epoch: 32/200	Train Loss: 2.7924	Val Accuracy: 24.12
Training Epoch: 33/200	Train Loss: 2.1427	Val Accuracy: 24.12
Training Epoch: 34/200	Train Loss: 2.2555	Val Accuracy: 26.06
Training Epoch: 35/200	Train Loss: 1.8251	Val Accuracy: 26.06
Training Epoch: 36/200	Train Loss: 1.9505	Val Accuracy: 27.86
Training Epoch: 37/200	Train Loss: 2.9077	Val Accuracy: 27.86
Training Epoch: 38/200	Train Loss: 2.1968	Val Accuracy: 27.0
Training Epoch: 39/200	Train Loss: 1.9504	Val Accuracy: 27.0
Training Epoch: 40/200	Train Loss: 1.9473	Val Accuracy: 28.48
Training Epoch: 41/200	Train Loss: 2.1307	Val Accuracy: 28.48
Training Epoch: 42/200	Train Loss: 2.2409	Val Accuracy: 23.98
Training Epoch: 43/200	Train Loss: 2.0094	Val Accuracy: 23.98
Training Epoch: 44/200	Train Loss: 2.5172	Val Accuracy: 23.82
Training Epoch: 45/200	Train Loss: 1.8749	Val Accuracy: 23.82
Training Epoch: 46/200	Train Loss: 2.3153	Val Accuracy: 25.04
Training Epoch: 47/200	Train Loss: 2.2509	Val Accuracy: 25.04
Training Epoch: 48/200	Train Loss: 2.0568	Val Accuracy: 25.92
Training Epoch: 49/200	Train Loss: 2.6031	Val Accuracy: 25.92
Training Epoch: 50/200	Train Loss: 2.111	Val Accuracy: 28.04
Training Epoch: 51/200	Train Loss: 1.8415	Val Accuracy: 28.04
Training Epoch: 52/200	Train Loss: 2.0355	Val Accuracy: 26.58
Training Epoch: 53/200	Train Loss: 2.2252	Val Accuracy: 26.58
Training Epoch: 54/200	Train Loss: 2.0503	Val Accuracy: 24.64
Training Epoch: 55/200	Train Loss: 2.1412	Val Accuracy: 24.64
Training Epoch: 56/200	Train Loss: 1.834	Val Accuracy: 26.74
Training Epoch: 57/200	Train Loss: 2.4415	Val Accuracy: 26.74
Training Epoch: 58/200	Train Loss: 1.8805	Val Accuracy: 27.78
Training Epoch: 59/200	Train Loss: 1.9222	Val Accuracy: 27.78
Training Epoch: 60/200	Train Loss: 2.204	Val Accuracy: 26.48
Training Epoch: 61/200	Train Loss: 2.9584	Val Accuracy: 26.48
Training Epoch: 62/200	Train Loss: 1.8698	Val Accuracy: 24.14
Training Epoch: 63/200	Train Loss: 2.1714	Val Accuracy: 24.14
Training Epoch: 64/200	Train Loss: 2.3548	Val Accuracy: 24.62
Training Epoch: 65/200	Train Loss: 2.2313	Val Accuracy: 24.62
Training Epoch: 66/200	Train Loss: 2.0103	Val Accuracy: 27.42
Training Epoch: 67/200	Train Loss: 1.7384	Val Accuracy: 27.42
Training Epoch: 68/200	Train Loss: 1.8256	Val Accuracy: 28.08
Training Epoch: 69/200	Train Loss: 2.2258	Val Accuracy: 28.08
Training Epoch: 70/200	Train Loss: 1.8111	Val Accuracy: 29.3
Training Epoch: 71/200	Train Loss: 1.8638	Val Accuracy: 29.3
Training Epoch: 72/200	Train Loss: 1.7053	Val Accuracy: 29.56
Training Epoch: 73/200	Train Loss: 1.8489	Val Accuracy: 29.56
Training Epoch: 74/200	Train Loss: 1.6017	Val Accuracy: 30.02
Training Epoch: 75/200	Train Loss: 1.8525	Val Accuracy: 30.02
Training Epoch: 76/200	Train Loss: 1.5743	Val Accuracy: 30.2
Training Epoch: 77/200	Train Loss: 2.1281	Val Accuracy: 30.2
Training Epoch: 78/200	Train Loss: 2.0094	Val Accuracy: 30.38
Training Epoch: 79/200	Train Loss: 1.4953	Val Accuracy: 30.38
Training Epoch: 80/200	Train Loss: 1.5008	Val Accuracy: 31.48
Training Epoch: 81/200	Train Loss: 2.086	Val Accuracy: 31.48
Training Epoch: 82/200	Train Loss: 1.5764	Val Accuracy: 30.38
Training Epoch: 83/200	Train Loss: 1.7171	Val Accuracy: 30.38
Training Epoch: 84/200	Train Loss: 1.6119	Val Accuracy: 30.12
Training Epoch: 85/200	Train Loss: 1.2991	Val Accuracy: 30.12
Training Epoch: 86/200	Train Loss: 1.763	Val Accuracy: 31.3
Training Epoch: 87/200	Train Loss: 2.3964	Val Accuracy: 31.3
Training Epoch: 88/200	Train Loss: 1.7418	Val Accuracy: 31.08
Training Epoch: 89/200	Train Loss: 1.6203	Val Accuracy: 31.08
Training Epoch: 90/200	Train Loss: 1.5677	Val Accuracy: 30.52
Training Epoch: 91/200	Train Loss: 1.5309	Val Accuracy: 30.52
Training Epoch: 92/200	Train Loss: 1.2762	Val Accuracy: 29.96
Training Epoch: 93/200	Train Loss: 1.1082	Val Accuracy: 29.96
Training Epoch: 94/200	Train Loss: 1.4013	Val Accuracy: 31.24
Training Epoch: 95/200	Train Loss: 0.9652	Val Accuracy: 31.24
Training Epoch: 96/200	Train Loss: 1.0894	Val Accuracy: 29.66
Training Epoch: 97/200	Train Loss: 1.0807	Val Accuracy: 29.66
Training Epoch: 98/200	Train Loss: 1.2511	Val Accuracy: 30.14
Training Epoch: 99/200	Train Loss: 1.1924	Val Accuracy: 30.14
Training Epoch: 100/200	Train Loss: 1.3892	Val Accuracy: 31.6
Training Epoch: 101/200	Train Loss: 1.1608	Val Accuracy: 31.6
Training Epoch: 102/200	Train Loss: 1.2272	Val Accuracy: 30.54
Training Epoch: 103/200	Train Loss: 1.1144	Val Accuracy: 30.54
Training Epoch: 104/200	Train Loss: 1.188	Val Accuracy: 30.26
Training Epoch: 105/200	Train Loss: 0.9505	Val Accuracy: 30.26
Training Epoch: 106/200	Train Loss: 1.1576	Val Accuracy: 31.78
Training Epoch: 107/200	Train Loss: 0.8215	Val Accuracy: 31.78
Training Epoch: 108/200	Train Loss: 0.9565	Val Accuracy: 30.28
Training Epoch: 109/200	Train Loss: 0.8234	Val Accuracy: 30.28
Training Epoch: 110/200	Train Loss: 1.0638	Val Accuracy: 31.36
Training Epoch: 111/200	Train Loss: 0.8742	Val Accuracy: 31.36
Training Epoch: 112/200	Train Loss: 1.2408	Val Accuracy: 31.36
Training Epoch: 113/200	Train Loss: 0.9162	Val Accuracy: 31.36
Training Epoch: 114/200	Train Loss: 0.8436	Val Accuracy: 31.02
Training Epoch: 115/200	Train Loss: 1.0792	Val Accuracy: 31.02
Training Epoch: 116/200	Train Loss: 0.9441	Val Accuracy: 31.76
Training Epoch: 117/200	Train Loss: 1.0118	Val Accuracy: 31.76
Training Epoch: 118/200	Train Loss: 0.6104	Val Accuracy: 31.24
Training Epoch: 119/200	Train Loss: 0.6781	Val Accuracy: 31.24
Training Epoch: 120/200	Train Loss: 0.6157	Val Accuracy: 31.34
Training Epoch: 121/200	Train Loss: 0.6158	Val Accuracy: 31.34
Training Epoch: 122/200	Train Loss: 1.3355	Val Accuracy: 31.1
Training Epoch: 123/200	Train Loss: 0.8394	Val Accuracy: 31.1
Training Epoch: 124/200	Train Loss: 0.7674	Val Accuracy: 30.72
Training Epoch: 125/200	Train Loss: 0.6341	Val Accuracy: 30.72
Training Epoch: 126/200	Train Loss: 0.883	Val Accuracy: 31.22
Training Epoch: 127/200	Train Loss: 0.4704	Val Accuracy: 31.22
Training Epoch: 128/200	Train Loss: 0.3606	Val Accuracy: 30.8
Training Epoch: 129/200	Train Loss: 0.6487	Val Accuracy: 30.8
Training Epoch: 130/200	Train Loss: 0.6998	Val Accuracy: 31.1
Training Epoch: 131/200	Train Loss: 0.503	Val Accuracy: 31.1
Training Epoch: 132/200	Train Loss: 0.6381	Val Accuracy: 32.84
Training Epoch: 133/200	Train Loss: 0.8273	Val Accuracy: 32.84
Training Epoch: 134/200	Train Loss: 0.3299	Val Accuracy: 32.28
Training Epoch: 135/200	Train Loss: 0.3558	Val Accuracy: 32.28
Training Epoch: 136/200	Train Loss: 0.3941	Val Accuracy: 32.64
Training Epoch: 137/200	Train Loss: 0.2469	Val Accuracy: 32.64
Training Epoch: 138/200	Train Loss: 0.6175	Val Accuracy: 32.04
Training Epoch: 139/200	Train Loss: 0.2631	Val Accuracy: 32.04
Training Epoch: 140/200	Train Loss: 0.6123	Val Accuracy: 31.2
Training Epoch: 141/200	Train Loss: 0.232	Val Accuracy: 31.2
Training Epoch: 142/200	Train Loss: 0.352	Val Accuracy: 31.78
Training Epoch: 143/200	Train Loss: 0.5032	Val Accuracy: 31.78
Training Epoch: 144/200	Train Loss: 0.2914	Val Accuracy: 31.52
Training Epoch: 145/200	Train Loss: 0.3893	Val Accuracy: 31.52
Training Epoch: 146/200	Train Loss: 0.3903	Val Accuracy: 32.26
Training Epoch: 147/200	Train Loss: 0.4372	Val Accuracy: 32.26
Training Epoch: 148/200	Train Loss: 0.7125	Val Accuracy: 31.26
Training Epoch: 149/200	Train Loss: 0.4464	Val Accuracy: 31.26
Training Epoch: 150/200	Train Loss: 0.8618	Val Accuracy: 31.94
Training Epoch: 151/200	Train Loss: 0.6745	Val Accuracy: 31.94
Training Epoch: 152/200	Train Loss: 0.279	Val Accuracy: 30.7
Training Epoch: 153/200	Train Loss: 0.293	Val Accuracy: 30.7
Training Epoch: 154/200	Train Loss: 0.2757	Val Accuracy: 32.18
Training Epoch: 155/200	Train Loss: 0.0808	Val Accuracy: 32.18
Training Epoch: 156/200	Train Loss: 0.2829	Val Accuracy: 32.36
Training Epoch: 157/200	Train Loss: 0.1894	Val Accuracy: 32.36
Training Epoch: 158/200	Train Loss: 0.292	Val Accuracy: 33.36
Training Epoch: 159/200	Train Loss: 0.218	Val Accuracy: 33.36
Training Epoch: 160/200	Train Loss: 0.2998	Val Accuracy: 32.64
Training Epoch: 161/200	Train Loss: 0.1837	Val Accuracy: 32.64
Training Epoch: 162/200	Train Loss: 0.2399	Val Accuracy: 32.3
Training Epoch: 163/200	Train Loss: 0.1798	Val Accuracy: 32.3
Training Epoch: 164/200	Train Loss: 0.1846	Val Accuracy: 32.76
Training Epoch: 165/200	Train Loss: 0.2274	Val Accuracy: 32.76
Training Epoch: 166/200	Train Loss: 0.1449	Val Accuracy: 32.32
Training Epoch: 167/200	Train Loss: 0.2042	Val Accuracy: 32.32
Training Epoch: 168/200	Train Loss: 0.3021	Val Accuracy: 32.1
Training Epoch: 169/200	Train Loss: 0.1553	Val Accuracy: 32.1
Training Epoch: 170/200	Train Loss: 0.6267	Val Accuracy: 32.0
Training Epoch: 171/200	Train Loss: 0.1076	Val Accuracy: 32.0
Training Epoch: 172/200	Train Loss: 0.1185	Val Accuracy: 33.18
Training Epoch: 173/200	Train Loss: 0.1508	Val Accuracy: 33.18
Training Epoch: 174/200	Train Loss: 0.1044	Val Accuracy: 32.64
Training Epoch: 175/200	Train Loss: 0.1615	Val Accuracy: 32.64
Training Epoch: 176/200	Train Loss: 0.1191	Val Accuracy: 31.42
Training Epoch: 177/200	Train Loss: 0.4112	Val Accuracy: 31.42
Training Epoch: 178/200	Train Loss: 0.2436	Val Accuracy: 32.14
Training Epoch: 179/200	Train Loss: 0.4298	Val Accuracy: 32.14
Training Epoch: 180/200	Train Loss: 0.0999	Val Accuracy: 32.46
Training Epoch: 181/200	Train Loss: 0.1333	Val Accuracy: 32.46
Training Epoch: 182/200	Train Loss: 0.1117	Val Accuracy: 31.86
Training Epoch: 183/200	Train Loss: 0.2678	Val Accuracy: 31.86
Training Epoch: 184/200	Train Loss: 0.1464	Val Accuracy: 33.04
Training Epoch: 185/200	Train Loss: 0.1001	Val Accuracy: 33.04
Training Epoch: 186/200	Train Loss: 0.0931	Val Accuracy: 31.8
Training Epoch: 187/200	Train Loss: 0.3958	Val Accuracy: 31.8
Training Epoch: 188/200	Train Loss: 0.1383	Val Accuracy: 33.0
Training Epoch: 189/200	Train Loss: 0.1237	Val Accuracy: 33.0
Training Epoch: 190/200	Train Loss: 0.2136	Val Accuracy: 32.48
Training Epoch: 191/200	Train Loss: 0.1281	Val Accuracy: 32.48
Training Epoch: 192/200	Train Loss: 0.112	Val Accuracy: 32.04
Training Epoch: 193/200	Train Loss: 0.1359	Val Accuracy: 32.04
Training Epoch: 194/200	Train Loss: 0.1003	Val Accuracy: 32.66
Training Epoch: 195/200	Train Loss: 0.6403	Val Accuracy: 32.66
Training Epoch: 196/200	Train Loss: 0.0372	Val Accuracy: 31.66
Training Epoch: 197/200	Train Loss: 0.0948	Val Accuracy: 31.66
Training Epoch: 198/200	Train Loss: 0.116	Val Accuracy: 32.5
Training Epoch: 199/200	Train Loss: 0.1234	Val Accuracy: 32.5
Training Epoch: 200/200	Train Loss: 0.0944	Val Accuracy: 32.24

Wrote Best Model Checkpoint to: vlBest_acc_33_model_epoch_0158.pyth

Best Validation Accuracy: 33.36
Best Epoch: 158

======== TESTING ========

Test Accuracy: 32.65.

======== ACTIVE SAMPLING ========

Active Sampling Complete. After Episode 21:
New Labeled Set: 1150, New Unlabeled Set: 43850, Active Set: 50

================================


Current accuracy values:  [18.549999999999997, 20.409999999999997, 13.89, 25.59999969482422, 29.029999046325685, 29.959999580383297, 33.769999008178715, 30.32999897003174, 32.369998970031745, 28.689999542236322, 31.529999046325685, 34.55999919891357, 31.05999885559082, 34.52999923706055, 34.79999931335449, 37.98999889373779, 36.819998512268064, 41.87999855041504, 43.51999858856201, 37.72999900817871, 39.89999919891358, 32.64999912261963]
Starting model from scratch - ignoring existing weights.
<All keys matched successfully>
None
======== EPISODE 22 BEGINS ========

======== TRAINING ========
Training Epoch: 1/200	Train Loss: 7.2877	Val Accuracy: 0.0
Training Epoch: 2/200	Train Loss: 6.017	Val Accuracy: 9.78
Training Epoch: 3/200	Train Loss: 5.3257	Val Accuracy: 9.78
Training Epoch: 4/200	Train Loss: 3.9428	Val Accuracy: 12.28
Training Epoch: 5/200	Train Loss: 2.9327	Val Accuracy: 12.28
Training Epoch: 6/200	Train Loss: 3.6399	Val Accuracy: 11.72
Training Epoch: 7/200	Train Loss: 2.4156	Val Accuracy: 11.72
Training Epoch: 8/200	Train Loss: 2.4326	Val Accuracy: 14.38
Training Epoch: 9/200	Train Loss: 3.1136	Val Accuracy: 14.38
Training Epoch: 10/200	Train Loss: 2.7195	Val Accuracy: 15.62
Training Epoch: 11/200	Train Loss: 3.1464	Val Accuracy: 15.62
Training Epoch: 12/200	Train Loss: 2.1989	Val Accuracy: 16.42
Training Epoch: 13/200	Train Loss: 2.581	Val Accuracy: 16.42
Training Epoch: 14/200	Train Loss: 2.9796	Val Accuracy: 13.08
Training Epoch: 15/200	Train Loss: 2.5056	Val Accuracy: 13.08
Training Epoch: 16/200	Train Loss: 2.9037	Val Accuracy: 21.24
Training Epoch: 17/200	Train Loss: 2.1157	Val Accuracy: 21.24
Training Epoch: 18/200	Train Loss: 2.5855	Val Accuracy: 19.5
Training Epoch: 19/200	Train Loss: 2.2212	Val Accuracy: 19.5
Training Epoch: 20/200	Train Loss: 2.9024	Val Accuracy: 24.56
Training Epoch: 21/200	Train Loss: 2.7231	Val Accuracy: 24.56
Training Epoch: 22/200	Train Loss: 3.2828	Val Accuracy: 25.12
Training Epoch: 23/200	Train Loss: 2.368	Val Accuracy: 25.12
Training Epoch: 24/200	Train Loss: 3.0947	Val Accuracy: 26.04
Training Epoch: 25/200	Train Loss: 1.9484	Val Accuracy: 26.04
Training Epoch: 26/200	Train Loss: 2.4652	Val Accuracy: 25.8
Training Epoch: 27/200	Train Loss: 2.8742	Val Accuracy: 25.8
Training Epoch: 28/200	Train Loss: 2.4666	Val Accuracy: 28.02
Training Epoch: 29/200	Train Loss: 2.4283	Val Accuracy: 28.02
Training Epoch: 30/200	Train Loss: 2.3945	Val Accuracy: 29.78
Training Epoch: 31/200	Train Loss: 2.8609	Val Accuracy: 29.78
Training Epoch: 32/200	Train Loss: 2.3745	Val Accuracy: 28.56
Training Epoch: 33/200	Train Loss: 2.6336	Val Accuracy: 28.56
Training Epoch: 34/200	Train Loss: 2.3358	Val Accuracy: 29.76
Training Epoch: 35/200	Train Loss: 2.3674	Val Accuracy: 29.76
Training Epoch: 36/200	Train Loss: 2.1994	Val Accuracy: 32.52
Training Epoch: 37/200	Train Loss: 2.4979	Val Accuracy: 32.52
Training Epoch: 38/200	Train Loss: 2.2632	Val Accuracy: 32.02
Training Epoch: 39/200	Train Loss: 2.2038	Val Accuracy: 32.02
Training Epoch: 40/200	Train Loss: 2.0553	Val Accuracy: 32.24
Training Epoch: 41/200	Train Loss: 2.0893	Val Accuracy: 32.24
Training Epoch: 42/200	Train Loss: 1.781	Val Accuracy: 33.04
Training Epoch: 43/200	Train Loss: 2.0426	Val Accuracy: 33.04
Training Epoch: 44/200	Train Loss: 1.9896	Val Accuracy: 33.76
Training Epoch: 45/200	Train Loss: 2.1819	Val Accuracy: 33.76
Training Epoch: 46/200	Train Loss: 1.7814	Val Accuracy: 33.98
Training Epoch: 47/200	Train Loss: 1.7219	Val Accuracy: 33.98
Training Epoch: 48/200	Train Loss: 1.5916	Val Accuracy: 34.48
Training Epoch: 49/200	Train Loss: 1.9297	Val Accuracy: 34.48
Training Epoch: 50/200	Train Loss: 2.2633	Val Accuracy: 35.28
Training Epoch: 51/200	Train Loss: 2.0949	Val Accuracy: 35.28
Training Epoch: 52/200	Train Loss: 1.5385	Val Accuracy: 34.6
Training Epoch: 53/200	Train Loss: 1.8036	Val Accuracy: 34.6
Training Epoch: 54/200	Train Loss: 1.7267	Val Accuracy: 34.52
Training Epoch: 55/200	Train Loss: 2.1514	Val Accuracy: 34.52
Training Epoch: 56/200	Train Loss: 1.6652	Val Accuracy: 36.08
Training Epoch: 57/200	Train Loss: 1.5274	Val Accuracy: 36.08
Training Epoch: 58/200	Train Loss: 1.6388	Val Accuracy: 32.02
Training Epoch: 59/200	Train Loss: 2.0263	Val Accuracy: 32.02
Training Epoch: 60/200	Train Loss: 1.9713	Val Accuracy: 34.8
Training Epoch: 61/200	Train Loss: 1.8864	Val Accuracy: 34.8
Training Epoch: 62/200	Train Loss: 1.2578	Val Accuracy: 36.78
Training Epoch: 63/200	Train Loss: 1.8228	Val Accuracy: 36.78
Training Epoch: 64/200	Train Loss: 1.4428	Val Accuracy: 36.06
Training Epoch: 65/200	Train Loss: 1.3613	Val Accuracy: 36.06
Training Epoch: 66/200	Train Loss: 1.7879	Val Accuracy: 36.04
Training Epoch: 67/200	Train Loss: 1.4926	Val Accuracy: 36.04
Training Epoch: 68/200	Train Loss: 1.7401	Val Accuracy: 37.04
Training Epoch: 69/200	Train Loss: 1.7239	Val Accuracy: 37.04
Training Epoch: 70/200	Train Loss: 1.5399	Val Accuracy: 38.62
Training Epoch: 71/200	Train Loss: 1.2776	Val Accuracy: 38.62
Training Epoch: 72/200	Train Loss: 1.5726	Val Accuracy: 37.06
Training Epoch: 73/200	Train Loss: 1.7095	Val Accuracy: 37.06
Training Epoch: 74/200	Train Loss: 1.736	Val Accuracy: 36.88
Training Epoch: 75/200	Train Loss: 1.4812	Val Accuracy: 36.88
Training Epoch: 76/200	Train Loss: 1.1139	Val Accuracy: 38.22
Training Epoch: 77/200	Train Loss: 1.1135	Val Accuracy: 38.22
Training Epoch: 78/200	Train Loss: 1.7345	Val Accuracy: 37.56
Training Epoch: 79/200	Train Loss: 1.157	Val Accuracy: 37.56
Training Epoch: 80/200	Train Loss: 1.0714	Val Accuracy: 38.02
Training Epoch: 81/200	Train Loss: 1.0209	Val Accuracy: 38.02
Training Epoch: 82/200	Train Loss: 0.9875	Val Accuracy: 37.48
Training Epoch: 83/200	Train Loss: 0.8406	Val Accuracy: 37.48
Training Epoch: 84/200	Train Loss: 1.2195	Val Accuracy: 38.04
Training Epoch: 85/200	Train Loss: 0.9184	Val Accuracy: 38.04
Training Epoch: 86/200	Train Loss: 1.0454	Val Accuracy: 38.52
Training Epoch: 87/200	Train Loss: 1.1632	Val Accuracy: 38.52
Training Epoch: 88/200	Train Loss: 0.9315	Val Accuracy: 38.46
Training Epoch: 89/200	Train Loss: 1.0675	Val Accuracy: 38.46
Training Epoch: 90/200	Train Loss: 0.6149	Val Accuracy: 37.0
Training Epoch: 91/200	Train Loss: 1.2111	Val Accuracy: 37.0
Training Epoch: 92/200	Train Loss: 1.2411	Val Accuracy: 37.56
Training Epoch: 93/200	Train Loss: 0.7316	Val Accuracy: 37.56
Training Epoch: 94/200	Train Loss: 1.1306	Val Accuracy: 39.6
Training Epoch: 95/200	Train Loss: 0.6671	Val Accuracy: 39.6
Training Epoch: 96/200	Train Loss: 1.0583	Val Accuracy: 39.6
Training Epoch: 97/200	Train Loss: 0.8936	Val Accuracy: 39.6
Training Epoch: 98/200	Train Loss: 0.8928	Val Accuracy: 39.62
Training Epoch: 99/200	Train Loss: 0.7029	Val Accuracy: 39.62
Training Epoch: 100/200	Train Loss: 0.9192	Val Accuracy: 37.94
Training Epoch: 101/200	Train Loss: 0.9104	Val Accuracy: 37.94
Training Epoch: 102/200	Train Loss: 0.7079	Val Accuracy: 39.12
Training Epoch: 103/200	Train Loss: 1.1606	Val Accuracy: 39.12
Training Epoch: 104/200	Train Loss: 1.1206	Val Accuracy: 36.62
Training Epoch: 105/200	Train Loss: 1.1879	Val Accuracy: 36.62
Training Epoch: 106/200	Train Loss: 0.7094	Val Accuracy: 39.8
Training Epoch: 107/200	Train Loss: 0.8044	Val Accuracy: 39.8
Training Epoch: 108/200	Train Loss: 0.6954	Val Accuracy: 37.98
Training Epoch: 109/200	Train Loss: 0.9819	Val Accuracy: 37.98
Training Epoch: 110/200	Train Loss: 0.7032	Val Accuracy: 39.06
Training Epoch: 111/200	Train Loss: 0.5359	Val Accuracy: 39.06
Training Epoch: 112/200	Train Loss: 0.3498	Val Accuracy: 38.72
Training Epoch: 113/200	Train Loss: 0.6082	Val Accuracy: 38.72
Training Epoch: 114/200	Train Loss: 0.4728	Val Accuracy: 39.2
Training Epoch: 115/200	Train Loss: 0.2938	Val Accuracy: 39.2
Training Epoch: 116/200	Train Loss: 0.477	Val Accuracy: 39.1
Training Epoch: 117/200	Train Loss: 0.3616	Val Accuracy: 39.1
Training Epoch: 118/200	Train Loss: 0.5074	Val Accuracy: 39.76
Training Epoch: 119/200	Train Loss: 0.5507	Val Accuracy: 39.76
Training Epoch: 120/200	Train Loss: 0.4724	Val Accuracy: 39.38
Training Epoch: 121/200	Train Loss: 0.9362	Val Accuracy: 39.38
Training Epoch: 122/200	Train Loss: 0.5416	Val Accuracy: 38.64
Training Epoch: 123/200	Train Loss: 0.4702	Val Accuracy: 38.64
Training Epoch: 124/200	Train Loss: 0.5138	Val Accuracy: 39.58
Training Epoch: 125/200	Train Loss: 0.3189	Val Accuracy: 39.58
Training Epoch: 126/200	Train Loss: 0.5076	Val Accuracy: 39.64
Training Epoch: 127/200	Train Loss: 0.253	Val Accuracy: 39.64
Training Epoch: 128/200	Train Loss: 0.2222	Val Accuracy: 39.74
Training Epoch: 129/200	Train Loss: 0.4753	Val Accuracy: 39.74
Training Epoch: 130/200	Train Loss: 0.2135	Val Accuracy: 39.6
Training Epoch: 131/200	Train Loss: 0.5179	Val Accuracy: 39.6
Training Epoch: 132/200	Train Loss: 0.2346	Val Accuracy: 37.7
Training Epoch: 133/200	Train Loss: 0.3515	Val Accuracy: 37.7
Training Epoch: 134/200	Train Loss: 0.3968	Val Accuracy: 39.9
Training Epoch: 135/200	Train Loss: 0.2456	Val Accuracy: 39.9
Training Epoch: 136/200	Train Loss: 0.1137	Val Accuracy: 39.98
Training Epoch: 137/200	Train Loss: 0.4881	Val Accuracy: 39.98
Training Epoch: 138/200	Train Loss: 0.2873	Val Accuracy: 40.56
Training Epoch: 139/200	Train Loss: 0.516	Val Accuracy: 40.56
Training Epoch: 140/200	Train Loss: 0.1189	Val Accuracy: 38.96
Training Epoch: 141/200	Train Loss: 0.2248	Val Accuracy: 38.96
Training Epoch: 142/200	Train Loss: 0.2793	Val Accuracy: 39.3
Training Epoch: 143/200	Train Loss: 0.3924	Val Accuracy: 39.3
Training Epoch: 144/200	Train Loss: 0.3654	Val Accuracy: 39.22
Training Epoch: 145/200	Train Loss: 0.1967	Val Accuracy: 39.22
Training Epoch: 146/200	Train Loss: 0.4359	Val Accuracy: 39.94
Training Epoch: 147/200	Train Loss: 0.2034	Val Accuracy: 39.94
Training Epoch: 148/200	Train Loss: 0.3106	Val Accuracy: 40.04
Training Epoch: 149/200	Train Loss: 0.2235	Val Accuracy: 40.04
Training Epoch: 150/200	Train Loss: 0.1879	Val Accuracy: 40.5
Training Epoch: 151/200	Train Loss: 0.1259	Val Accuracy: 40.5
Training Epoch: 152/200	Train Loss: 0.3097	Val Accuracy: 40.24
Training Epoch: 153/200	Train Loss: 0.0817	Val Accuracy: 40.24
Training Epoch: 154/200	Train Loss: 0.2524	Val Accuracy: 39.66
Training Epoch: 155/200	Train Loss: 0.2473	Val Accuracy: 39.66
Training Epoch: 156/200	Train Loss: 0.3634	Val Accuracy: 41.18
Training Epoch: 157/200	Train Loss: 0.268	Val Accuracy: 41.18
Training Epoch: 158/200	Train Loss: 0.0802	Val Accuracy: 41.14
Training Epoch: 159/200	Train Loss: 0.0444	Val Accuracy: 41.14
Training Epoch: 160/200	Train Loss: 0.2384	Val Accuracy: 41.06
Training Epoch: 161/200	Train Loss: 0.1264	Val Accuracy: 41.06
Training Epoch: 162/200	Train Loss: 0.1722	Val Accuracy: 40.64
Training Epoch: 163/200	Train Loss: 0.1888	Val Accuracy: 40.64
Training Epoch: 164/200	Train Loss: 0.0805	Val Accuracy: 39.68
Training Epoch: 165/200	Train Loss: 0.2694	Val Accuracy: 39.68
Training Epoch: 166/200	Train Loss: 0.1937	Val Accuracy: 39.88
Training Epoch: 167/200	Train Loss: 0.0109	Val Accuracy: 39.88
Training Epoch: 168/200	Train Loss: 0.2712	Val Accuracy: 40.72
Training Epoch: 169/200	Train Loss: 0.1393	Val Accuracy: 40.72
Training Epoch: 170/200	Train Loss: 0.2315	Val Accuracy: 40.68
Training Epoch: 171/200	Train Loss: 0.0983	Val Accuracy: 40.68
Training Epoch: 172/200	Train Loss: 0.0631	Val Accuracy: 40.98
Training Epoch: 173/200	Train Loss: 0.1917	Val Accuracy: 40.98
Training Epoch: 174/200	Train Loss: 0.1567	Val Accuracy: 40.72
Training Epoch: 175/200	Train Loss: 0.0686	Val Accuracy: 40.72
Training Epoch: 176/200	Train Loss: 0.0666	Val Accuracy: 40.56
Training Epoch: 177/200	Train Loss: 0.1619	Val Accuracy: 40.56
Training Epoch: 178/200	Train Loss: 0.1944	Val Accuracy: 40.82
Training Epoch: 179/200	Train Loss: 0.0342	Val Accuracy: 40.82
Training Epoch: 180/200	Train Loss: 0.1451	Val Accuracy: 40.86
Training Epoch: 181/200	Train Loss: 0.1709	Val Accuracy: 40.86
Training Epoch: 182/200	Train Loss: 0.0726	Val Accuracy: 41.54
Training Epoch: 183/200	Train Loss: 0.2479	Val Accuracy: 41.54
Training Epoch: 184/200	Train Loss: 0.3403	Val Accuracy: 40.46
Training Epoch: 185/200	Train Loss: 0.0268	Val Accuracy: 40.46
Training Epoch: 186/200	Train Loss: 0.1254	Val Accuracy: 40.0
Training Epoch: 187/200	Train Loss: 0.0728	Val Accuracy: 40.0
Training Epoch: 188/200	Train Loss: 0.0884	Val Accuracy: 39.8
Training Epoch: 189/200	Train Loss: 0.2403	Val Accuracy: 39.8
Training Epoch: 190/200	Train Loss: 0.273	Val Accuracy: 40.48
Training Epoch: 191/200	Train Loss: 0.0323	Val Accuracy: 40.48
Training Epoch: 192/200	Train Loss: 0.1477	Val Accuracy: 40.68
Training Epoch: 193/200	Train Loss: 0.2355	Val Accuracy: 40.68
Training Epoch: 194/200	Train Loss: 0.132	Val Accuracy: 40.72
Training Epoch: 195/200	Train Loss: 0.2378	Val Accuracy: 40.72
Training Epoch: 196/200	Train Loss: 0.1813	Val Accuracy: 39.88
Training Epoch: 197/200	Train Loss: 0.0737	Val Accuracy: 39.88
Training Epoch: 198/200	Train Loss: 0.0372	Val Accuracy: 40.4
Training Epoch: 199/200	Train Loss: 0.3128	Val Accuracy: 40.4
Training Epoch: 200/200	Train Loss: 0.0221	Val Accuracy: 40.52

Wrote Best Model Checkpoint to: vlBest_acc_41_model_epoch_0182.pyth

Best Validation Accuracy: 41.54
Best Epoch: 182

======== TESTING ========

Test Accuracy: 41.0.

======== ACTIVE SAMPLING ========

Active Sampling Complete. After Episode 22:
New Labeled Set: 1200, New Unlabeled Set: 43800, Active Set: 50

================================


Current accuracy values:  [18.549999999999997, 20.409999999999997, 13.89, 25.59999969482422, 29.029999046325685, 29.959999580383297, 33.769999008178715, 30.32999897003174, 32.369998970031745, 28.689999542236322, 31.529999046325685, 34.55999919891357, 31.05999885559082, 34.52999923706055, 34.79999931335449, 37.98999889373779, 36.819998512268064, 41.87999855041504, 43.51999858856201, 37.72999900817871, 39.89999919891358, 32.64999912261963, 40.99999843597412]
Starting model from scratch - ignoring existing weights.
<All keys matched successfully>
None
======== EPISODE 23 BEGINS ========

======== TRAINING ========
Training Epoch: 1/200	Train Loss: 10.1173	Val Accuracy: 0.0
Training Epoch: 2/200	Train Loss: 3.9188	Val Accuracy: 9.9
Training Epoch: 3/200	Train Loss: 4.6392	Val Accuracy: 9.9
Training Epoch: 4/200	Train Loss: 4.3048	Val Accuracy: 11.72
Training Epoch: 5/200	Train Loss: 3.0874	Val Accuracy: 11.72
Training Epoch: 6/200	Train Loss: 4.0258	Val Accuracy: 13.32
Training Epoch: 7/200	Train Loss: 3.2691	Val Accuracy: 13.32
Training Epoch: 8/200	Train Loss: 2.4768	Val Accuracy: 15.78
Training Epoch: 9/200	Train Loss: 3.6742	Val Accuracy: 15.78
Training Epoch: 10/200	Train Loss: 2.8423	Val Accuracy: 16.48
Training Epoch: 11/200	Train Loss: 3.0916	Val Accuracy: 16.48
Training Epoch: 12/200	Train Loss: 3.0925	Val Accuracy: 18.76
Training Epoch: 13/200	Train Loss: 3.647	Val Accuracy: 18.76
Training Epoch: 14/200	Train Loss: 2.7683	Val Accuracy: 21.36
Training Epoch: 15/200	Train Loss: 3.4072	Val Accuracy: 21.36
Training Epoch: 16/200	Train Loss: 2.5189	Val Accuracy: 21.1
Training Epoch: 17/200	Train Loss: 2.1246	Val Accuracy: 21.1
Training Epoch: 18/200	Train Loss: 2.5479	Val Accuracy: 23.18
Training Epoch: 19/200	Train Loss: 4.1846	Val Accuracy: 23.18
Training Epoch: 20/200	Train Loss: 2.969	Val Accuracy: 22.38
Training Epoch: 21/200	Train Loss: 2.2613	Val Accuracy: 22.38
Training Epoch: 22/200	Train Loss: 2.4341	Val Accuracy: 21.84
Training Epoch: 23/200	Train Loss: 2.1185	Val Accuracy: 21.84
Training Epoch: 24/200	Train Loss: 2.3917	Val Accuracy: 25.62
Training Epoch: 25/200	Train Loss: 2.3929	Val Accuracy: 25.62
Training Epoch: 26/200	Train Loss: 3.6405	Val Accuracy: 26.78
Training Epoch: 27/200	Train Loss: 2.0006	Val Accuracy: 26.78
Training Epoch: 28/200	Train Loss: 1.9472	Val Accuracy: 27.88
Training Epoch: 29/200	Train Loss: 2.3322	Val Accuracy: 27.88
Training Epoch: 30/200	Train Loss: 2.6471	Val Accuracy: 27.34
Training Epoch: 31/200	Train Loss: 2.3495	Val Accuracy: 27.34
Training Epoch: 32/200	Train Loss: 1.958	Val Accuracy: 24.44
Training Epoch: 33/200	Train Loss: 2.4011	Val Accuracy: 24.44
Training Epoch: 34/200	Train Loss: 1.8263	Val Accuracy: 27.56
Training Epoch: 35/200	Train Loss: 2.6786	Val Accuracy: 27.56
Training Epoch: 36/200	Train Loss: 2.1084	Val Accuracy: 26.72
Training Epoch: 37/200	Train Loss: 1.9191	Val Accuracy: 26.72
Training Epoch: 38/200	Train Loss: 2.7208	Val Accuracy: 26.7
Training Epoch: 39/200	Train Loss: 2.311	Val Accuracy: 26.7
Training Epoch: 40/200	Train Loss: 2.0243	Val Accuracy: 28.22
Training Epoch: 41/200	Train Loss: 2.0484	Val Accuracy: 28.22
Training Epoch: 42/200	Train Loss: 2.535	Val Accuracy: 28.52
Training Epoch: 43/200	Train Loss: 2.7413	Val Accuracy: 28.52
Training Epoch: 44/200	Train Loss: 3.1867	Val Accuracy: 29.08
Training Epoch: 45/200	Train Loss: 2.0247	Val Accuracy: 29.08
Training Epoch: 46/200	Train Loss: 2.5706	Val Accuracy: 28.36
Training Epoch: 47/200	Train Loss: 1.9	Val Accuracy: 28.36
Training Epoch: 48/200	Train Loss: 2.3128	Val Accuracy: 30.26
Training Epoch: 49/200	Train Loss: 2.2197	Val Accuracy: 30.26
Training Epoch: 50/200	Train Loss: 3.1751	Val Accuracy: 30.52
Training Epoch: 51/200	Train Loss: 1.715	Val Accuracy: 30.52
Training Epoch: 52/200	Train Loss: 2.3424	Val Accuracy: 31.68
Training Epoch: 53/200	Train Loss: 1.8741	Val Accuracy: 31.68
Training Epoch: 54/200	Train Loss: 1.8194	Val Accuracy: 31.74
Training Epoch: 55/200	Train Loss: 1.8379	Val Accuracy: 31.74
Training Epoch: 56/200	Train Loss: 1.6966	Val Accuracy: 32.4
Training Epoch: 57/200	Train Loss: 1.5928	Val Accuracy: 32.4
Training Epoch: 58/200	Train Loss: 2.2901	Val Accuracy: 31.74
Training Epoch: 59/200	Train Loss: 1.9591	Val Accuracy: 31.74
Training Epoch: 60/200	Train Loss: 2.2946	Val Accuracy: 32.66
Training Epoch: 61/200	Train Loss: 2.4562	Val Accuracy: 32.66
Training Epoch: 62/200	Train Loss: 2.325	Val Accuracy: 31.68
Training Epoch: 63/200	Train Loss: 2.0521	Val Accuracy: 31.68
Training Epoch: 64/200	Train Loss: 1.5873	Val Accuracy: 31.96
Training Epoch: 65/200	Train Loss: 1.7266	Val Accuracy: 31.96
Training Epoch: 66/200	Train Loss: 2.2372	Val Accuracy: 33.06
Training Epoch: 67/200	Train Loss: 1.7499	Val Accuracy: 33.06
Training Epoch: 68/200	Train Loss: 1.3921	Val Accuracy: 32.98
Training Epoch: 69/200	Train Loss: 2.0378	Val Accuracy: 32.98
Training Epoch: 70/200	Train Loss: 1.2248	Val Accuracy: 32.58
Training Epoch: 71/200	Train Loss: 2.2972	Val Accuracy: 32.58
Training Epoch: 72/200	Train Loss: 1.6629	Val Accuracy: 33.26
Training Epoch: 73/200	Train Loss: 2.3763	Val Accuracy: 33.26
Training Epoch: 74/200	Train Loss: 1.7543	Val Accuracy: 31.36
Training Epoch: 75/200	Train Loss: 1.306	Val Accuracy: 31.36
Training Epoch: 76/200	Train Loss: 1.9132	Val Accuracy: 33.76
Training Epoch: 77/200	Train Loss: 1.3645	Val Accuracy: 33.76
Training Epoch: 78/200	Train Loss: 1.7203	Val Accuracy: 32.18
Training Epoch: 79/200	Train Loss: 1.9511	Val Accuracy: 32.18
Training Epoch: 80/200	Train Loss: 2.1514	Val Accuracy: 34.48
Training Epoch: 81/200	Train Loss: 1.5024	Val Accuracy: 34.48
Training Epoch: 82/200	Train Loss: 1.9031	Val Accuracy: 31.26
Training Epoch: 83/200	Train Loss: 1.1924	Val Accuracy: 31.26
Training Epoch: 84/200	Train Loss: 1.255	Val Accuracy: 32.86
Training Epoch: 85/200	Train Loss: 1.6604	Val Accuracy: 32.86
Training Epoch: 86/200	Train Loss: 1.6518	Val Accuracy: 33.8
Training Epoch: 87/200	Train Loss: 1.1567	Val Accuracy: 33.8
Training Epoch: 88/200	Train Loss: 1.1976	Val Accuracy: 33.28
Training Epoch: 89/200	Train Loss: 1.4786	Val Accuracy: 33.28
Training Epoch: 90/200	Train Loss: 1.2064	Val Accuracy: 32.42
Training Epoch: 91/200	Train Loss: 1.4042	Val Accuracy: 32.42
Training Epoch: 92/200	Train Loss: 1.4706	Val Accuracy: 34.04
Training Epoch: 93/200	Train Loss: 1.4317	Val Accuracy: 34.04
Training Epoch: 94/200	Train Loss: 1.5419	Val Accuracy: 34.92
Training Epoch: 95/200	Train Loss: 1.5273	Val Accuracy: 34.92
Training Epoch: 96/200	Train Loss: 1.4721	Val Accuracy: 33.98
Training Epoch: 97/200	Train Loss: 1.717	Val Accuracy: 33.98
Training Epoch: 98/200	Train Loss: 0.9642	Val Accuracy: 33.28
Training Epoch: 99/200	Train Loss: 0.8786	Val Accuracy: 33.28
Training Epoch: 100/200	Train Loss: 1.7155	Val Accuracy: 33.22
Training Epoch: 101/200	Train Loss: 1.2931	Val Accuracy: 33.22
Training Epoch: 102/200	Train Loss: 1.2934	Val Accuracy: 35.2
Training Epoch: 103/200	Train Loss: 1.1344	Val Accuracy: 35.2
Training Epoch: 104/200	Train Loss: 0.9859	Val Accuracy: 34.08
Training Epoch: 105/200	Train Loss: 1.4353	Val Accuracy: 34.08
Training Epoch: 106/200	Train Loss: 1.1132	Val Accuracy: 33.8
Training Epoch: 107/200	Train Loss: 1.2933	Val Accuracy: 33.8
Training Epoch: 108/200	Train Loss: 1.222	Val Accuracy: 32.72
Training Epoch: 109/200	Train Loss: 0.8512	Val Accuracy: 32.72
Training Epoch: 110/200	Train Loss: 1.1833	Val Accuracy: 33.66
Training Epoch: 111/200	Train Loss: 0.6562	Val Accuracy: 33.66
Training Epoch: 112/200	Train Loss: 0.819	Val Accuracy: 32.3
Training Epoch: 113/200	Train Loss: 0.7373	Val Accuracy: 32.3
Training Epoch: 114/200	Train Loss: 0.6396	Val Accuracy: 34.76
Training Epoch: 115/200	Train Loss: 0.9437	Val Accuracy: 34.76
Training Epoch: 116/200	Train Loss: 1.2237	Val Accuracy: 33.64
Training Epoch: 117/200	Train Loss: 0.5382	Val Accuracy: 33.64
Training Epoch: 118/200	Train Loss: 0.8997	Val Accuracy: 33.28
Training Epoch: 119/200	Train Loss: 0.7035	Val Accuracy: 33.28
Training Epoch: 120/200	Train Loss: 0.9205	Val Accuracy: 34.0
Training Epoch: 121/200	Train Loss: 0.5888	Val Accuracy: 34.0
Training Epoch: 122/200	Train Loss: 1.1679	Val Accuracy: 33.76
Training Epoch: 123/200	Train Loss: 0.6144	Val Accuracy: 33.76
Training Epoch: 124/200	Train Loss: 0.5943	Val Accuracy: 34.14
Training Epoch: 125/200	Train Loss: 0.516	Val Accuracy: 34.14
Training Epoch: 126/200	Train Loss: 0.6817	Val Accuracy: 33.06
Training Epoch: 127/200	Train Loss: 1.069	Val Accuracy: 33.06
Training Epoch: 128/200	Train Loss: 0.788	Val Accuracy: 32.28
Training Epoch: 129/200	Train Loss: 0.5816	Val Accuracy: 32.28
Training Epoch: 130/200	Train Loss: 0.6833	Val Accuracy: 35.0
Training Epoch: 131/200	Train Loss: 0.8745	Val Accuracy: 35.0
Training Epoch: 132/200	Train Loss: 0.4002	Val Accuracy: 35.52
Training Epoch: 133/200	Train Loss: 0.4839	Val Accuracy: 35.52
Training Epoch: 134/200	Train Loss: 0.5539	Val Accuracy: 33.74
Training Epoch: 135/200	Train Loss: 0.9682	Val Accuracy: 33.74
Training Epoch: 136/200	Train Loss: 0.7501	Val Accuracy: 33.86
Training Epoch: 137/200	Train Loss: 0.3885	Val Accuracy: 33.86
Training Epoch: 138/200	Train Loss: 0.4757	Val Accuracy: 33.06
Training Epoch: 139/200	Train Loss: 0.4531	Val Accuracy: 33.06
Training Epoch: 140/200	Train Loss: 0.5029	Val Accuracy: 33.84
Training Epoch: 141/200	Train Loss: 0.8252	Val Accuracy: 33.84
Training Epoch: 142/200	Train Loss: 0.3562	Val Accuracy: 33.88
Training Epoch: 143/200	Train Loss: 0.5507	Val Accuracy: 33.88
Training Epoch: 144/200	Train Loss: 0.2596	Val Accuracy: 33.62
Training Epoch: 145/200	Train Loss: 0.4215	Val Accuracy: 33.62
Training Epoch: 146/200	Train Loss: 0.5272	Val Accuracy: 33.56
Training Epoch: 147/200	Train Loss: 0.7361	Val Accuracy: 33.56
Training Epoch: 148/200	Train Loss: 0.5283	Val Accuracy: 33.82
Training Epoch: 149/200	Train Loss: 0.3753	Val Accuracy: 33.82
Training Epoch: 150/200	Train Loss: 0.3676	Val Accuracy: 35.58
Training Epoch: 151/200	Train Loss: 0.2746	Val Accuracy: 35.58
Training Epoch: 152/200	Train Loss: 0.4215	Val Accuracy: 34.7
Training Epoch: 153/200	Train Loss: 0.6189	Val Accuracy: 34.7
Training Epoch: 154/200	Train Loss: 0.3027	Val Accuracy: 34.96
Training Epoch: 155/200	Train Loss: 0.2784	Val Accuracy: 34.96
Training Epoch: 156/200	Train Loss: 0.4455	Val Accuracy: 34.44
Training Epoch: 157/200	Train Loss: 0.1223	Val Accuracy: 34.44
Training Epoch: 158/200	Train Loss: 0.4845	Val Accuracy: 34.4
Training Epoch: 159/200	Train Loss: 0.4254	Val Accuracy: 34.4
Training Epoch: 160/200	Train Loss: 0.3031	Val Accuracy: 34.86
Training Epoch: 161/200	Train Loss: 0.2246	Val Accuracy: 34.86
Training Epoch: 162/200	Train Loss: 0.0708	Val Accuracy: 34.98
Training Epoch: 163/200	Train Loss: 0.4202	Val Accuracy: 34.98
Training Epoch: 164/200	Train Loss: 0.1662	Val Accuracy: 34.68
Training Epoch: 165/200	Train Loss: 0.0619	Val Accuracy: 34.68
Training Epoch: 166/200	Train Loss: 0.1606	Val Accuracy: 34.5
Training Epoch: 167/200	Train Loss: 0.2759	Val Accuracy: 34.5
Training Epoch: 168/200	Train Loss: 0.5331	Val Accuracy: 34.22
Training Epoch: 169/200	Train Loss: 0.3725	Val Accuracy: 34.22
Training Epoch: 170/200	Train Loss: 0.3947	Val Accuracy: 35.32
Training Epoch: 171/200	Train Loss: 0.216	Val Accuracy: 35.32
Training Epoch: 172/200	Train Loss: 0.665	Val Accuracy: 34.48
Training Epoch: 173/200	Train Loss: 0.2736	Val Accuracy: 34.48
Training Epoch: 174/200	Train Loss: 0.1388	Val Accuracy: 34.74
Training Epoch: 175/200	Train Loss: 0.1049	Val Accuracy: 34.74
Training Epoch: 176/200	Train Loss: 0.2536	Val Accuracy: 34.46
Training Epoch: 177/200	Train Loss: 0.1196	Val Accuracy: 34.46
Training Epoch: 178/200	Train Loss: 0.0941	Val Accuracy: 33.8
Training Epoch: 179/200	Train Loss: 0.2417	Val Accuracy: 33.8
Training Epoch: 180/200	Train Loss: 0.2107	Val Accuracy: 35.38
Training Epoch: 181/200	Train Loss: 0.0793	Val Accuracy: 35.38
Training Epoch: 182/200	Train Loss: 0.4552	Val Accuracy: 34.7
Training Epoch: 183/200	Train Loss: 0.3999	Val Accuracy: 34.7
Training Epoch: 184/200	Train Loss: 0.2462	Val Accuracy: 34.1
Training Epoch: 185/200	Train Loss: 0.1615	Val Accuracy: 34.1
Training Epoch: 186/200	Train Loss: 0.1203	Val Accuracy: 34.96
Training Epoch: 187/200	Train Loss: 0.1732	Val Accuracy: 34.96
Training Epoch: 188/200	Train Loss: 0.2638	Val Accuracy: 35.06
Training Epoch: 189/200	Train Loss: 0.3531	Val Accuracy: 35.06
Training Epoch: 190/200	Train Loss: 0.0776	Val Accuracy: 34.26
Training Epoch: 191/200	Train Loss: 0.059	Val Accuracy: 34.26
Training Epoch: 192/200	Train Loss: 0.0784	Val Accuracy: 35.22
Training Epoch: 193/200	Train Loss: 0.3315	Val Accuracy: 35.22
Training Epoch: 194/200	Train Loss: 0.3153	Val Accuracy: 34.76
Training Epoch: 195/200	Train Loss: 0.0734	Val Accuracy: 34.76
Training Epoch: 196/200	Train Loss: 0.4699	Val Accuracy: 34.5
Training Epoch: 197/200	Train Loss: 0.2043	Val Accuracy: 34.5
Training Epoch: 198/200	Train Loss: 0.2098	Val Accuracy: 34.6
Training Epoch: 199/200	Train Loss: 0.275	Val Accuracy: 34.6
Training Epoch: 200/200	Train Loss: 0.1282	Val Accuracy: 34.92

Wrote Best Model Checkpoint to: vlBest_acc_35_model_epoch_0150.pyth

Best Validation Accuracy: 35.58
Best Epoch: 150

======== TESTING ========

Test Accuracy: 34.85.

======== ACTIVE SAMPLING ========

Active Sampling Complete. After Episode 23:
New Labeled Set: 1250, New Unlabeled Set: 43750, Active Set: 50

================================


Current accuracy values:  [18.549999999999997, 20.409999999999997, 13.89, 25.59999969482422, 29.029999046325685, 29.959999580383297, 33.769999008178715, 30.32999897003174, 32.369998970031745, 28.689999542236322, 31.529999046325685, 34.55999919891357, 31.05999885559082, 34.52999923706055, 34.79999931335449, 37.98999889373779, 36.819998512268064, 41.87999855041504, 43.51999858856201, 37.72999900817871, 39.89999919891358, 32.64999912261963, 40.99999843597412, 34.849998970031734]
Starting model from scratch - ignoring existing weights.
<All keys matched successfully>
None
======== EPISODE 24 BEGINS ========

======== TRAINING ========
Training Epoch: 1/200	Train Loss: 15.8738	Val Accuracy: 0.0
Training Epoch: 2/200	Train Loss: 4.8648	Val Accuracy: 9.58
Training Epoch: 3/200	Train Loss: 3.3801	Val Accuracy: 9.58
Training Epoch: 4/200	Train Loss: 3.9147	Val Accuracy: 11.2
Training Epoch: 5/200	Train Loss: 5.8031	Val Accuracy: 11.2
Training Epoch: 6/200	Train Loss: 3.2136	Val Accuracy: 10.16
Training Epoch: 7/200	Train Loss: 4.1041	Val Accuracy: 10.16
Training Epoch: 8/200	Train Loss: 4.1058	Val Accuracy: 14.0
Training Epoch: 9/200	Train Loss: 3.5462	Val Accuracy: 14.0
Training Epoch: 10/200	Train Loss: 2.8431	Val Accuracy: 16.28
Training Epoch: 11/200	Train Loss: 3.1009	Val Accuracy: 16.28
Training Epoch: 12/200	Train Loss: 2.4269	Val Accuracy: 18.64
Training Epoch: 13/200	Train Loss: 3.7246	Val Accuracy: 18.64
Training Epoch: 14/200	Train Loss: 3.2054	Val Accuracy: 21.2
Training Epoch: 15/200	Train Loss: 2.9156	Val Accuracy: 21.2
Training Epoch: 16/200	Train Loss: 2.2542	Val Accuracy: 20.84
Training Epoch: 17/200	Train Loss: 2.6738	Val Accuracy: 20.84
Training Epoch: 18/200	Train Loss: 4.3139	Val Accuracy: 23.82
Training Epoch: 19/200	Train Loss: 2.4301	Val Accuracy: 23.82
Training Epoch: 20/200	Train Loss: 3.301	Val Accuracy: 23.36
Training Epoch: 21/200	Train Loss: 2.6844	Val Accuracy: 23.36
Training Epoch: 22/200	Train Loss: 2.964	Val Accuracy: 27.62
Training Epoch: 23/200	Train Loss: 2.745	Val Accuracy: 27.62
Training Epoch: 24/200	Train Loss: 2.0759	Val Accuracy: 26.06
Training Epoch: 25/200	Train Loss: 3.7369	Val Accuracy: 26.06
Training Epoch: 26/200	Train Loss: 1.9158	Val Accuracy: 30.52
Training Epoch: 27/200	Train Loss: 2.6542	Val Accuracy: 30.52
Training Epoch: 28/200	Train Loss: 2.8848	Val Accuracy: 30.98
Training Epoch: 29/200	Train Loss: 1.8787	Val Accuracy: 30.98
Training Epoch: 30/200	Train Loss: 2.4345	Val Accuracy: 31.86
Training Epoch: 31/200	Train Loss: 2.2007	Val Accuracy: 31.86
Training Epoch: 32/200	Train Loss: 2.3002	Val Accuracy: 32.48
Training Epoch: 33/200	Train Loss: 1.8992	Val Accuracy: 32.48
Training Epoch: 34/200	Train Loss: 2.0075	Val Accuracy: 31.86
Training Epoch: 35/200	Train Loss: 1.9616	Val Accuracy: 31.86
Training Epoch: 36/200	Train Loss: 2.1545	Val Accuracy: 33.44
Training Epoch: 37/200	Train Loss: 2.0695	Val Accuracy: 33.44
Training Epoch: 38/200	Train Loss: 2.4324	Val Accuracy: 36.08
Training Epoch: 39/200	Train Loss: 1.9641	Val Accuracy: 36.08
Training Epoch: 40/200	Train Loss: 1.6764	Val Accuracy: 33.88
Training Epoch: 41/200	Train Loss: 1.5762	Val Accuracy: 33.88
Training Epoch: 42/200	Train Loss: 2.4041	Val Accuracy: 34.34
Training Epoch: 43/200	Train Loss: 2.8093	Val Accuracy: 34.34
Training Epoch: 44/200	Train Loss: 2.3233	Val Accuracy: 36.2
Training Epoch: 45/200	Train Loss: 2.169	Val Accuracy: 36.2
Training Epoch: 46/200	Train Loss: 2.0857	Val Accuracy: 37.18
Training Epoch: 47/200	Train Loss: 1.5304	Val Accuracy: 37.18
Training Epoch: 48/200	Train Loss: 1.7847	Val Accuracy: 38.76
Training Epoch: 49/200	Train Loss: 2.2451	Val Accuracy: 38.76
Training Epoch: 50/200	Train Loss: 1.739	Val Accuracy: 37.0
Training Epoch: 51/200	Train Loss: 1.7969	Val Accuracy: 37.0
Training Epoch: 52/200	Train Loss: 2.1243	Val Accuracy: 39.3
Training Epoch: 53/200	Train Loss: 1.6184	Val Accuracy: 39.3
Training Epoch: 54/200	Train Loss: 2.5108	Val Accuracy: 37.78
Training Epoch: 55/200	Train Loss: 1.8294	Val Accuracy: 37.78
Training Epoch: 56/200	Train Loss: 1.6058	Val Accuracy: 40.1
Training Epoch: 57/200	Train Loss: 1.979	Val Accuracy: 40.1
Training Epoch: 58/200	Train Loss: 1.5245	Val Accuracy: 35.8
Training Epoch: 59/200	Train Loss: 1.723	Val Accuracy: 35.8
Training Epoch: 60/200	Train Loss: 1.7407	Val Accuracy: 37.32
Training Epoch: 61/200	Train Loss: 1.6799	Val Accuracy: 37.32
Training Epoch: 62/200	Train Loss: 1.9153	Val Accuracy: 38.52
Training Epoch: 63/200	Train Loss: 1.4979	Val Accuracy: 38.52
Training Epoch: 64/200	Train Loss: 1.2506	Val Accuracy: 38.2
Training Epoch: 65/200	Train Loss: 1.9116	Val Accuracy: 38.2
Training Epoch: 66/200	Train Loss: 1.6806	Val Accuracy: 36.5
Training Epoch: 67/200	Train Loss: 1.7708	Val Accuracy: 36.5
Training Epoch: 68/200	Train Loss: 1.6298	Val Accuracy: 39.08
Training Epoch: 69/200	Train Loss: 1.244	Val Accuracy: 39.08
Training Epoch: 70/200	Train Loss: 1.5296	Val Accuracy: 39.68
Training Epoch: 71/200	Train Loss: 1.6882	Val Accuracy: 39.68
Training Epoch: 72/200	Train Loss: 1.1776	Val Accuracy: 39.46
Training Epoch: 73/200	Train Loss: 2.0503	Val Accuracy: 39.46
Training Epoch: 74/200	Train Loss: 1.8839	Val Accuracy: 40.22
Training Epoch: 75/200	Train Loss: 0.9499	Val Accuracy: 40.22
Training Epoch: 76/200	Train Loss: 1.9485	Val Accuracy: 41.34
Training Epoch: 77/200	Train Loss: 1.0172	Val Accuracy: 41.34
Training Epoch: 78/200	Train Loss: 1.558	Val Accuracy: 41.24
Training Epoch: 79/200	Train Loss: 1.3423	Val Accuracy: 41.24
Training Epoch: 80/200	Train Loss: 1.3021	Val Accuracy: 41.32
Training Epoch: 81/200	Train Loss: 0.9663	Val Accuracy: 41.32
Training Epoch: 82/200	Train Loss: 1.0708	Val Accuracy: 41.78
Training Epoch: 83/200	Train Loss: 1.359	Val Accuracy: 41.78
Training Epoch: 84/200	Train Loss: 1.2528	Val Accuracy: 41.84
Training Epoch: 85/200	Train Loss: 1.3375	Val Accuracy: 41.84
Training Epoch: 86/200	Train Loss: 0.9531	Val Accuracy: 40.14
Training Epoch: 87/200	Train Loss: 1.4101	Val Accuracy: 40.14
Training Epoch: 88/200	Train Loss: 1.3314	Val Accuracy: 42.44
Training Epoch: 89/200	Train Loss: 1.5326	Val Accuracy: 42.44
Training Epoch: 90/200	Train Loss: 0.7492	Val Accuracy: 42.06
Training Epoch: 91/200	Train Loss: 0.802	Val Accuracy: 42.06
Training Epoch: 92/200	Train Loss: 1.1386	Val Accuracy: 41.08
Training Epoch: 93/200	Train Loss: 0.9403	Val Accuracy: 41.08
Training Epoch: 94/200	Train Loss: 0.7377	Val Accuracy: 41.28
Training Epoch: 95/200	Train Loss: 1.0486	Val Accuracy: 41.28
Training Epoch: 96/200	Train Loss: 0.6725	Val Accuracy: 42.16
Training Epoch: 97/200	Train Loss: 0.6378	Val Accuracy: 42.16
Training Epoch: 98/200	Train Loss: 0.952	Val Accuracy: 41.56
Training Epoch: 99/200	Train Loss: 0.6275	Val Accuracy: 41.56
Training Epoch: 100/200	Train Loss: 0.7576	Val Accuracy: 42.58
Training Epoch: 101/200	Train Loss: 0.7883	Val Accuracy: 42.58
Training Epoch: 102/200	Train Loss: 0.9978	Val Accuracy: 42.68
Training Epoch: 103/200	Train Loss: 0.7225	Val Accuracy: 42.68
Training Epoch: 104/200	Train Loss: 0.6119	Val Accuracy: 42.12
Training Epoch: 105/200	Train Loss: 0.3574	Val Accuracy: 42.12
Training Epoch: 106/200	Train Loss: 0.8545	Val Accuracy: 43.68
Training Epoch: 107/200	Train Loss: 0.6178	Val Accuracy: 43.68
Training Epoch: 108/200	Train Loss: 0.7	Val Accuracy: 42.2
Training Epoch: 109/200	Train Loss: 0.6985	Val Accuracy: 42.2
Training Epoch: 110/200	Train Loss: 1.3644	Val Accuracy: 42.3
Training Epoch: 111/200	Train Loss: 1.0471	Val Accuracy: 42.3
Training Epoch: 112/200	Train Loss: 0.7206	Val Accuracy: 41.22
Training Epoch: 113/200	Train Loss: 0.4348	Val Accuracy: 41.22
Training Epoch: 114/200	Train Loss: 0.8445	Val Accuracy: 43.02
Training Epoch: 115/200	Train Loss: 0.8075	Val Accuracy: 43.02
Training Epoch: 116/200	Train Loss: 0.7008	Val Accuracy: 42.86
Training Epoch: 117/200	Train Loss: 0.483	Val Accuracy: 42.86
Training Epoch: 118/200	Train Loss: 0.5953	Val Accuracy: 41.88
Training Epoch: 119/200	Train Loss: 0.3011	Val Accuracy: 41.88
Training Epoch: 120/200	Train Loss: 0.5033	Val Accuracy: 43.46
Training Epoch: 121/200	Train Loss: 0.7468	Val Accuracy: 43.46
Training Epoch: 122/200	Train Loss: 0.682	Val Accuracy: 44.62
Training Epoch: 123/200	Train Loss: 0.4627	Val Accuracy: 44.62
Training Epoch: 124/200	Train Loss: 0.4752	Val Accuracy: 43.1
Training Epoch: 125/200	Train Loss: 0.3802	Val Accuracy: 43.1
Training Epoch: 126/200	Train Loss: 0.4618	Val Accuracy: 43.8
Training Epoch: 127/200	Train Loss: 1.0622	Val Accuracy: 43.8
Training Epoch: 128/200	Train Loss: 0.502	Val Accuracy: 43.86
Training Epoch: 129/200	Train Loss: 0.4839	Val Accuracy: 43.86
Training Epoch: 130/200	Train Loss: 0.5184	Val Accuracy: 43.42
Training Epoch: 131/200	Train Loss: 0.4954	Val Accuracy: 43.42
Training Epoch: 132/200	Train Loss: 0.435	Val Accuracy: 42.8
Training Epoch: 133/200	Train Loss: 0.3023	Val Accuracy: 42.8
Training Epoch: 134/200	Train Loss: 0.5303	Val Accuracy: 42.72
Training Epoch: 135/200	Train Loss: 0.1328	Val Accuracy: 42.72
Training Epoch: 136/200	Train Loss: 0.4094	Val Accuracy: 43.3
Training Epoch: 137/200	Train Loss: 0.3328	Val Accuracy: 43.3
Training Epoch: 138/200	Train Loss: 0.4329	Val Accuracy: 43.52
Training Epoch: 139/200	Train Loss: 0.3924	Val Accuracy: 43.52
Training Epoch: 140/200	Train Loss: 0.2623	Val Accuracy: 42.62
Training Epoch: 141/200	Train Loss: 0.1901	Val Accuracy: 42.62
Training Epoch: 142/200	Train Loss: 0.1428	Val Accuracy: 44.02
Training Epoch: 143/200	Train Loss: 0.2663	Val Accuracy: 44.02
Training Epoch: 144/200	Train Loss: 0.3041	Val Accuracy: 44.08
Training Epoch: 145/200	Train Loss: 0.1904	Val Accuracy: 44.08
Training Epoch: 146/200	Train Loss: 0.182	Val Accuracy: 44.1
Training Epoch: 147/200	Train Loss: 0.2105	Val Accuracy: 44.1
Training Epoch: 148/200	Train Loss: 0.1997	Val Accuracy: 43.76
Training Epoch: 149/200	Train Loss: 0.1145	Val Accuracy: 43.76
Training Epoch: 150/200	Train Loss: 0.1717	Val Accuracy: 43.46
Training Epoch: 151/200	Train Loss: 0.0977	Val Accuracy: 43.46
Training Epoch: 152/200	Train Loss: 0.1947	Val Accuracy: 44.34
Training Epoch: 153/200	Train Loss: 0.3271	Val Accuracy: 44.34
Training Epoch: 154/200	Train Loss: 0.135	Val Accuracy: 44.48
Training Epoch: 155/200	Train Loss: 0.0892	Val Accuracy: 44.48
Training Epoch: 156/200	Train Loss: 0.1297	Val Accuracy: 42.92
Training Epoch: 157/200	Train Loss: 0.2213	Val Accuracy: 42.92
Training Epoch: 158/200	Train Loss: 0.1398	Val Accuracy: 42.74
Training Epoch: 159/200	Train Loss: 0.1095	Val Accuracy: 42.74
Training Epoch: 160/200	Train Loss: 0.3475	Val Accuracy: 45.0
Training Epoch: 161/200	Train Loss: 0.1705	Val Accuracy: 45.0
Training Epoch: 162/200	Train Loss: 0.1495	Val Accuracy: 43.4
Training Epoch: 163/200	Train Loss: 0.1929	Val Accuracy: 43.4
Training Epoch: 164/200	Train Loss: 0.139	Val Accuracy: 44.38
Training Epoch: 165/200	Train Loss: 0.1358	Val Accuracy: 44.38
Training Epoch: 166/200	Train Loss: 0.1628	Val Accuracy: 43.88
Training Epoch: 167/200	Train Loss: 0.0645	Val Accuracy: 43.88
Training Epoch: 168/200	Train Loss: 0.0671	Val Accuracy: 44.98
Training Epoch: 169/200	Train Loss: 0.2327	Val Accuracy: 44.98
Training Epoch: 170/200	Train Loss: 0.0525	Val Accuracy: 45.04
Training Epoch: 171/200	Train Loss: 0.0626	Val Accuracy: 45.04
Training Epoch: 172/200	Train Loss: 0.1177	Val Accuracy: 44.98
Training Epoch: 173/200	Train Loss: 0.0668	Val Accuracy: 44.98
Training Epoch: 174/200	Train Loss: 0.0899	Val Accuracy: 44.4
Training Epoch: 175/200	Train Loss: 0.0971	Val Accuracy: 44.4
Training Epoch: 176/200	Train Loss: 0.2161	Val Accuracy: 44.72
Training Epoch: 177/200	Train Loss: 0.0619	Val Accuracy: 44.72
Training Epoch: 178/200	Train Loss: 0.0446	Val Accuracy: 45.0
Training Epoch: 179/200	Train Loss: 0.131	Val Accuracy: 45.0
Training Epoch: 180/200	Train Loss: 0.073	Val Accuracy: 44.88
Training Epoch: 181/200	Train Loss: 0.173	Val Accuracy: 44.88
Training Epoch: 182/200	Train Loss: 0.1318	Val Accuracy: 44.12
Training Epoch: 183/200	Train Loss: 0.255	Val Accuracy: 44.12
Training Epoch: 184/200	Train Loss: 0.1218	Val Accuracy: 44.62
Training Epoch: 185/200	Train Loss: 0.0475	Val Accuracy: 44.62
Training Epoch: 186/200	Train Loss: 0.1176	Val Accuracy: 44.48
Training Epoch: 187/200	Train Loss: 0.0669	Val Accuracy: 44.48
Training Epoch: 188/200	Train Loss: 0.0976	Val Accuracy: 44.08
Training Epoch: 189/200	Train Loss: 0.0618	Val Accuracy: 44.08
Training Epoch: 190/200	Train Loss: 0.0238	Val Accuracy: 44.74
Training Epoch: 191/200	Train Loss: 0.0217	Val Accuracy: 44.74
Training Epoch: 192/200	Train Loss: 0.1391	Val Accuracy: 44.54
Training Epoch: 193/200	Train Loss: 0.0423	Val Accuracy: 44.54
Training Epoch: 194/200	Train Loss: 0.1299	Val Accuracy: 44.3
Training Epoch: 195/200	Train Loss: 0.0245	Val Accuracy: 44.3
Training Epoch: 196/200	Train Loss: 0.0583	Val Accuracy: 44.92
Training Epoch: 197/200	Train Loss: 0.0526	Val Accuracy: 44.92
Training Epoch: 198/200	Train Loss: 0.0906	Val Accuracy: 45.18
Training Epoch: 199/200	Train Loss: 0.0502	Val Accuracy: 45.18
Training Epoch: 200/200	Train Loss: 0.0564	Val Accuracy: 44.14

Wrote Best Model Checkpoint to: vlBest_acc_45_model_epoch_0198.pyth

Best Validation Accuracy: 45.18
Best Epoch: 198

======== TESTING ========

Test Accuracy: 45.24.

======== ACTIVE SAMPLING ========

Active Sampling Complete. After Episode 24:
New Labeled Set: 1300, New Unlabeled Set: 43700, Active Set: 50

================================


Current accuracy values:  [18.549999999999997, 20.409999999999997, 13.89, 25.59999969482422, 29.029999046325685, 29.959999580383297, 33.769999008178715, 30.32999897003174, 32.369998970031745, 28.689999542236322, 31.529999046325685, 34.55999919891357, 31.05999885559082, 34.52999923706055, 34.79999931335449, 37.98999889373779, 36.819998512268064, 41.87999855041504, 43.51999858856201, 37.72999900817871, 39.89999919891358, 32.64999912261963, 40.99999843597412, 34.849998970031734, 45.23999885559082]
Starting model from scratch - ignoring existing weights.
<All keys matched successfully>
None
======== EPISODE 25 BEGINS ========

======== TRAINING ========
Training Epoch: 1/200	Train Loss: 6.0186	Val Accuracy: 0.0
Training Epoch: 2/200	Train Loss: 5.1566	Val Accuracy: 9.8
Training Epoch: 3/200	Train Loss: 4.7379	Val Accuracy: 9.8
Training Epoch: 4/200	Train Loss: 4.7385	Val Accuracy: 11.78
Training Epoch: 5/200	Train Loss: 2.72	Val Accuracy: 11.78
Training Epoch: 6/200	Train Loss: 2.9547	Val Accuracy: 13.6
Training Epoch: 7/200	Train Loss: 3.03	Val Accuracy: 13.6
Training Epoch: 8/200	Train Loss: 2.6399	Val Accuracy: 19.32
Training Epoch: 9/200	Train Loss: 2.2259	Val Accuracy: 19.32
Training Epoch: 10/200	Train Loss: 2.6013	Val Accuracy: 18.48
Training Epoch: 11/200	Train Loss: 3.8825	Val Accuracy: 18.48
Training Epoch: 12/200	Train Loss: 3.147	Val Accuracy: 21.06
Training Epoch: 13/200	Train Loss: 3.1815	Val Accuracy: 21.06
Training Epoch: 14/200	Train Loss: 3.3112	Val Accuracy: 19.44
Training Epoch: 15/200	Train Loss: 2.2996	Val Accuracy: 19.44
Training Epoch: 16/200	Train Loss: 1.9743	Val Accuracy: 23.28
Training Epoch: 17/200	Train Loss: 2.0923	Val Accuracy: 23.28
Training Epoch: 18/200	Train Loss: 2.555	Val Accuracy: 24.98
Training Epoch: 19/200	Train Loss: 2.4423	Val Accuracy: 24.98
Training Epoch: 20/200	Train Loss: 2.5368	Val Accuracy: 20.66
Training Epoch: 21/200	Train Loss: 2.3664	Val Accuracy: 20.66
Training Epoch: 22/200	Train Loss: 3.3176	Val Accuracy: 27.26
Training Epoch: 23/200	Train Loss: 2.5075	Val Accuracy: 27.26
Training Epoch: 24/200	Train Loss: 2.1116	Val Accuracy: 24.48
Training Epoch: 25/200	Train Loss: 2.1878	Val Accuracy: 24.48
Training Epoch: 26/200	Train Loss: 2.696	Val Accuracy: 24.3
Training Epoch: 27/200	Train Loss: 2.2119	Val Accuracy: 24.3
Training Epoch: 28/200	Train Loss: 1.8207	Val Accuracy: 27.6
Training Epoch: 29/200	Train Loss: 2.0909	Val Accuracy: 27.6
Training Epoch: 30/200	Train Loss: 2.4576	Val Accuracy: 30.14
Training Epoch: 31/200	Train Loss: 2.2474	Val Accuracy: 30.14
Training Epoch: 32/200	Train Loss: 1.7426	Val Accuracy: 31.26
Training Epoch: 33/200	Train Loss: 1.7581	Val Accuracy: 31.26
Training Epoch: 34/200	Train Loss: 1.8204	Val Accuracy: 33.68
Training Epoch: 35/200	Train Loss: 2.3559	Val Accuracy: 33.68
Training Epoch: 36/200	Train Loss: 3.2152	Val Accuracy: 33.88
Training Epoch: 37/200	Train Loss: 1.9438	Val Accuracy: 33.88
Training Epoch: 38/200	Train Loss: 2.2637	Val Accuracy: 35.02
Training Epoch: 39/200	Train Loss: 1.7746	Val Accuracy: 35.02
Training Epoch: 40/200	Train Loss: 2.299	Val Accuracy: 34.06
Training Epoch: 41/200	Train Loss: 2.071	Val Accuracy: 34.06
Training Epoch: 42/200	Train Loss: 2.289	Val Accuracy: 35.82
Training Epoch: 43/200	Train Loss: 2.002	Val Accuracy: 35.82
Training Epoch: 44/200	Train Loss: 2.0971	Val Accuracy: 34.86
Training Epoch: 45/200	Train Loss: 1.9797	Val Accuracy: 34.86
Training Epoch: 46/200	Train Loss: 2.1857	Val Accuracy: 31.98
Training Epoch: 47/200	Train Loss: 2.0523	Val Accuracy: 31.98
Training Epoch: 48/200	Train Loss: 2.156	Val Accuracy: 24.48
Training Epoch: 49/200	Train Loss: 2.2047	Val Accuracy: 24.48
Training Epoch: 50/200	Train Loss: 2.2498	Val Accuracy: 21.44
Training Epoch: 51/200	Train Loss: 1.9036	Val Accuracy: 21.44
Training Epoch: 52/200	Train Loss: 2.4213	Val Accuracy: 34.8
Training Epoch: 53/200	Train Loss: 1.9437	Val Accuracy: 34.8
Training Epoch: 54/200	Train Loss: 2.6057	Val Accuracy: 23.9
Training Epoch: 55/200	Train Loss: 2.9248	Val Accuracy: 23.9
Training Epoch: 56/200	Train Loss: 2.3703	Val Accuracy: 31.18
Training Epoch: 57/200	Train Loss: 1.8933	Val Accuracy: 31.18
Training Epoch: 58/200	Train Loss: 1.7734	Val Accuracy: 30.3
Training Epoch: 59/200	Train Loss: 2.4619	Val Accuracy: 30.3
Training Epoch: 60/200	Train Loss: 2.2583	Val Accuracy: 30.48
Training Epoch: 61/200	Train Loss: 1.8196	Val Accuracy: 30.48
Training Epoch: 62/200	Train Loss: 2.2049	Val Accuracy: 33.54
Training Epoch: 63/200	Train Loss: 1.8279	Val Accuracy: 33.54
Training Epoch: 64/200	Train Loss: 1.8316	Val Accuracy: 33.18
Training Epoch: 65/200	Train Loss: 2.2171	Val Accuracy: 33.18
Training Epoch: 66/200	Train Loss: 2.0293	Val Accuracy: 34.32
Training Epoch: 67/200	Train Loss: 1.8629	Val Accuracy: 34.32
Training Epoch: 68/200	Train Loss: 1.7861	Val Accuracy: 36.16
Training Epoch: 69/200	Train Loss: 1.7609	Val Accuracy: 36.16
Training Epoch: 70/200	Train Loss: 2.1003	Val Accuracy: 37.72
Training Epoch: 71/200	Train Loss: 1.8296	Val Accuracy: 37.72
Training Epoch: 72/200	Train Loss: 1.9691	Val Accuracy: 37.12
Training Epoch: 73/200	Train Loss: 1.9581	Val Accuracy: 37.12
Training Epoch: 74/200	Train Loss: 1.7744	Val Accuracy: 35.84
Training Epoch: 75/200	Train Loss: 1.8846	Val Accuracy: 35.84
Training Epoch: 76/200	Train Loss: 2.7803	Val Accuracy: 29.14
Training Epoch: 77/200	Train Loss: 2.775	Val Accuracy: 29.14
Training Epoch: 78/200	Train Loss: 2.0239	Val Accuracy: 36.56
Training Epoch: 79/200	Train Loss: 1.6221	Val Accuracy: 36.56
Training Epoch: 80/200	Train Loss: 1.6331	Val Accuracy: 37.04
Training Epoch: 81/200	Train Loss: 1.5168	Val Accuracy: 37.04
Training Epoch: 82/200	Train Loss: 1.613	Val Accuracy: 39.2
Training Epoch: 83/200	Train Loss: 1.7483	Val Accuracy: 39.2
Training Epoch: 84/200	Train Loss: 1.5828	Val Accuracy: 36.38
Training Epoch: 85/200	Train Loss: 1.7347	Val Accuracy: 36.38
Training Epoch: 86/200	Train Loss: 2.5888	Val Accuracy: 35.5
Training Epoch: 87/200	Train Loss: 1.3924	Val Accuracy: 35.5
Training Epoch: 88/200	Train Loss: 1.6916	Val Accuracy: 39.12
Training Epoch: 89/200	Train Loss: 1.4043	Val Accuracy: 39.12
Training Epoch: 90/200	Train Loss: 1.5676	Val Accuracy: 38.28
Training Epoch: 91/200	Train Loss: 1.5118	Val Accuracy: 38.28
Training Epoch: 92/200	Train Loss: 1.4373	Val Accuracy: 39.78
Training Epoch: 93/200	Train Loss: 1.6176	Val Accuracy: 39.78
Training Epoch: 94/200	Train Loss: 1.4977	Val Accuracy: 34.4
Training Epoch: 95/200	Train Loss: 1.585	Val Accuracy: 34.4
Training Epoch: 96/200	Train Loss: 2.0519	Val Accuracy: 37.88
Training Epoch: 97/200	Train Loss: 1.9792	Val Accuracy: 37.88
Training Epoch: 98/200	Train Loss: 2.0716	Val Accuracy: 36.28
Training Epoch: 99/200	Train Loss: 1.4342	Val Accuracy: 36.28
Training Epoch: 100/200	Train Loss: 1.4734	Val Accuracy: 39.42
Training Epoch: 101/200	Train Loss: 1.4977	Val Accuracy: 39.42
Training Epoch: 102/200	Train Loss: 1.1219	Val Accuracy: 39.38
Training Epoch: 103/200	Train Loss: 1.327	Val Accuracy: 39.38
Training Epoch: 104/200	Train Loss: 1.8437	Val Accuracy: 39.9
Training Epoch: 105/200	Train Loss: 1.3884	Val Accuracy: 39.9
Training Epoch: 106/200	Train Loss: 1.0962	Val Accuracy: 39.0
Training Epoch: 107/200	Train Loss: 1.6607	Val Accuracy: 39.0
Training Epoch: 108/200	Train Loss: 1.6634	Val Accuracy: 40.2
Training Epoch: 109/200	Train Loss: 1.1159	Val Accuracy: 40.2
Training Epoch: 110/200	Train Loss: 1.2581	Val Accuracy: 41.2
Training Epoch: 111/200	Train Loss: 1.0663	Val Accuracy: 41.2
Training Epoch: 112/200	Train Loss: 1.484	Val Accuracy: 38.84
Training Epoch: 113/200	Train Loss: 1.1156	Val Accuracy: 38.84
Training Epoch: 114/200	Train Loss: 1.1607	Val Accuracy: 40.1
Training Epoch: 115/200	Train Loss: 0.8977	Val Accuracy: 40.1
Training Epoch: 116/200	Train Loss: 1.0181	Val Accuracy: 40.9
Training Epoch: 117/200	Train Loss: 1.2764	Val Accuracy: 40.9
Training Epoch: 118/200	Train Loss: 0.8507	Val Accuracy: 40.62
Training Epoch: 119/200	Train Loss: 1.0459	Val Accuracy: 40.62
Training Epoch: 120/200	Train Loss: 0.7914	Val Accuracy: 39.64
Training Epoch: 121/200	Train Loss: 0.8586	Val Accuracy: 39.64
Training Epoch: 122/200	Train Loss: 1.6627	Val Accuracy: 40.96
Training Epoch: 123/200	Train Loss: 1.3685	Val Accuracy: 40.96
Training Epoch: 124/200	Train Loss: 1.1471	Val Accuracy: 39.66
Training Epoch: 125/200	Train Loss: 1.1983	Val Accuracy: 39.66
Training Epoch: 126/200	Train Loss: 0.8068	Val Accuracy: 39.92
Training Epoch: 127/200	Train Loss: 1.0442	Val Accuracy: 39.92
Training Epoch: 128/200	Train Loss: 0.8104	Val Accuracy: 40.68
Training Epoch: 129/200	Train Loss: 1.1638	Val Accuracy: 40.68
Training Epoch: 130/200	Train Loss: 0.6151	Val Accuracy: 40.44
Training Epoch: 131/200	Train Loss: 0.8438	Val Accuracy: 40.44
Training Epoch: 132/200	Train Loss: 0.762	Val Accuracy: 40.84
Training Epoch: 133/200	Train Loss: 0.6878	Val Accuracy: 40.84
Training Epoch: 134/200	Train Loss: 0.8906	Val Accuracy: 40.82
Training Epoch: 135/200	Train Loss: 1.1874	Val Accuracy: 40.82
Training Epoch: 136/200	Train Loss: 0.635	Val Accuracy: 41.86
Training Epoch: 137/200	Train Loss: 0.6533	Val Accuracy: 41.86
Training Epoch: 138/200	Train Loss: 0.9559	Val Accuracy: 41.8
Training Epoch: 139/200	Train Loss: 0.5313	Val Accuracy: 41.8
Training Epoch: 140/200	Train Loss: 0.4469	Val Accuracy: 41.42
Training Epoch: 141/200	Train Loss: 0.4145	Val Accuracy: 41.42
Training Epoch: 142/200	Train Loss: 0.5137	Val Accuracy: 41.14
Training Epoch: 143/200	Train Loss: 0.4154	Val Accuracy: 41.14
Training Epoch: 144/200	Train Loss: 0.7343	Val Accuracy: 40.94
Training Epoch: 145/200	Train Loss: 0.417	Val Accuracy: 40.94
Training Epoch: 146/200	Train Loss: 0.9015	Val Accuracy: 41.72
Training Epoch: 147/200	Train Loss: 0.4301	Val Accuracy: 41.72
Training Epoch: 148/200	Train Loss: 0.6903	Val Accuracy: 42.2
Training Epoch: 149/200	Train Loss: 0.3272	Val Accuracy: 42.2
Training Epoch: 150/200	Train Loss: 0.601	Val Accuracy: 41.52
Training Epoch: 151/200	Train Loss: 0.522	Val Accuracy: 41.52
Training Epoch: 152/200	Train Loss: 0.3841	Val Accuracy: 41.02
Training Epoch: 153/200	Train Loss: 0.747	Val Accuracy: 41.02
Training Epoch: 154/200	Train Loss: 0.7646	Val Accuracy: 41.54
Training Epoch: 155/200	Train Loss: 0.398	Val Accuracy: 41.54
Training Epoch: 156/200	Train Loss: 0.2642	Val Accuracy: 40.94
Training Epoch: 157/200	Train Loss: 0.1951	Val Accuracy: 40.94
Training Epoch: 158/200	Train Loss: 0.4793	Val Accuracy: 41.72
Training Epoch: 159/200	Train Loss: 0.254	Val Accuracy: 41.72
Training Epoch: 160/200	Train Loss: 0.3722	Val Accuracy: 42.26
Training Epoch: 161/200	Train Loss: 0.511	Val Accuracy: 42.26
Training Epoch: 162/200	Train Loss: 0.2608	Val Accuracy: 41.36
Training Epoch: 163/200	Train Loss: 0.2663	Val Accuracy: 41.36
Training Epoch: 164/200	Train Loss: 0.3266	Val Accuracy: 41.88
Training Epoch: 165/200	Train Loss: 0.1015	Val Accuracy: 41.88
Training Epoch: 166/200	Train Loss: 0.224	Val Accuracy: 41.04
Training Epoch: 167/200	Train Loss: 0.2679	Val Accuracy: 41.04
Training Epoch: 168/200	Train Loss: 0.3408	Val Accuracy: 41.06
Training Epoch: 169/200	Train Loss: 0.4301	Val Accuracy: 41.06
Training Epoch: 170/200	Train Loss: 0.1851	Val Accuracy: 41.94
Training Epoch: 171/200	Train Loss: 0.1719	Val Accuracy: 41.94
Training Epoch: 172/200	Train Loss: 0.2711	Val Accuracy: 40.94
Training Epoch: 173/200	Train Loss: 0.3559	Val Accuracy: 40.94
Training Epoch: 174/200	Train Loss: 0.1453	Val Accuracy: 42.36
Training Epoch: 175/200	Train Loss: 0.2127	Val Accuracy: 42.36
Training Epoch: 176/200	Train Loss: 0.1927	Val Accuracy: 41.2
Training Epoch: 177/200	Train Loss: 0.1754	Val Accuracy: 41.2
Training Epoch: 178/200	Train Loss: 0.3965	Val Accuracy: 40.38
Training Epoch: 179/200	Train Loss: 0.1361	Val Accuracy: 40.38
Training Epoch: 180/200	Train Loss: 0.3126	Val Accuracy: 42.32
Training Epoch: 181/200	Train Loss: 0.3692	Val Accuracy: 42.32
Training Epoch: 182/200	Train Loss: 0.2062	Val Accuracy: 42.62
Training Epoch: 183/200	Train Loss: 0.2228	Val Accuracy: 42.62
Training Epoch: 184/200	Train Loss: 0.1631	Val Accuracy: 41.26
Training Epoch: 185/200	Train Loss: 0.2457	Val Accuracy: 41.26
Training Epoch: 186/200	Train Loss: 0.0187	Val Accuracy: 42.44
Training Epoch: 187/200	Train Loss: 0.3313	Val Accuracy: 42.44
Training Epoch: 188/200	Train Loss: 0.1152	Val Accuracy: 42.36
Training Epoch: 189/200	Train Loss: 0.2699	Val Accuracy: 42.36
Training Epoch: 190/200	Train Loss: 0.0795	Val Accuracy: 41.8
Training Epoch: 191/200	Train Loss: 0.2455	Val Accuracy: 41.8
Training Epoch: 192/200	Train Loss: 0.0767	Val Accuracy: 42.4
Training Epoch: 193/200	Train Loss: 0.3929	Val Accuracy: 42.4
Training Epoch: 194/200	Train Loss: 0.1398	Val Accuracy: 41.96
Training Epoch: 195/200	Train Loss: 0.0861	Val Accuracy: 41.96
Training Epoch: 196/200	Train Loss: 0.0818	Val Accuracy: 42.24
Training Epoch: 197/200	Train Loss: 0.1621	Val Accuracy: 42.24
Training Epoch: 198/200	Train Loss: 0.2354	Val Accuracy: 41.98
Training Epoch: 199/200	Train Loss: 0.2777	Val Accuracy: 41.98
Training Epoch: 200/200	Train Loss: 0.1933	Val Accuracy: 41.7

Wrote Best Model Checkpoint to: vlBest_acc_42_model_epoch_0182.pyth

Best Validation Accuracy: 42.62
Best Epoch: 182

======== TESTING ========

Test Accuracy: 42.23.

======== ACTIVE SAMPLING ========

