GPU 0: Tesla V100-SXM2-32GB (UUID: GPU-f8c5d9d2-94d7-fd04-e080-cf13edde5392)

==============NVSMI LOG==============

Timestamp                                 : Tue May 26 22:18:12 2026
Driver Version                            : 565.57.01
CUDA Version                              : 12.7

Attached GPUs                             : 1
GPU 00000000:86:00.0
    ECC Mode
        Current                           : Enabled
        Pending                           : Enabled
    ECC Errors
        Volatile
            Single Bit            
                Device Memory             : 0
                Register File             : 0
                L1 Cache                  : 0
                L2 Cache                  : 0
                Texture Memory            : N/A
                Texture Shared            : N/A
                CBU                       : N/A
                Total                     : 0
            Double Bit            
                Device Memory             : 0
                Register File             : 0
                L1 Cache                  : 0
                L2 Cache                  : 0
                Texture Memory            : N/A
                Texture Shared            : N/A
                CBU                       : 0
                Total                     : 0
        Aggregate
            Single Bit            
                Device Memory             : 0
                Register File             : 1
                L1 Cache                  : 0
                L2 Cache                  : 0
                Texture Memory            : N/A
                Texture Shared            : N/A
                CBU                       : N/A
                Total                     : 1
            Double Bit            
                Device Memory             : 0
                Register File             : 0
                L1 Cache                  : 0
                L2 Cache                  : 0
                Texture Memory            : N/A
                Texture Shared            : N/A
                CBU                       : 0
                Total                     : 0

Experiment Directory Already Exists: /vast/s219110279/TypiClust/output/CIFAR10/resnet50/LIDCOVER_1_50b. Reusing it may lead to loss of old logs in the directory.


======== PREPARING DATA AND MODEL ========

Preprocess Operations Selected ==>  [RandomCrop(size=(32, 32), padding=4), RandomHorizontalFlip(p=0.5), ToTensor(), Normalize(mean=[0.4914, 0.4822, 0.4465], std=[0.247, 0.2435, 0.2616])]
Files already downloaded and verified
Files already downloaded and verified

Dataset CIFAR10 Loaded Sucessfully.
Total Train Size: 50000 and Total Test Size: 10000

Labeled Set is Empty - Sampling an Initial Pool
ProbCover adaptive delta: base=0.2500, effective=0.3375, scale=1.35, phase=cold_start, labeled_count=0
[ID cache] computing MLE local IDs: X=(50000, 2048), k_id=50
[ID cache] saved: /scratch/s219110279/idpc_cache/resnet50/CIFAR10/seed1/mle_local_k50.npy
[kNN cache] computing kNN: X=(50000, 2048), k_knn=50 (prefer_faiss=True, faiss_gpu=True)
[kNN cache] saved: /scratch/s219110279/idpc_cache/resnet50/CIFAR10/seed1/knn_k50.npz
[IDProbCover] it=000 pick_rel=24852 ID=4.918 pick_global=17838 best_gain=51 covered=0.001 maxdeg=51
[IDProbCover] it=001 pick_rel=14908 ID=6.879 pick_global=49058 best_gain=51 covered=0.002 maxdeg=50
[IDProbCover] it=002 pick_rel=1594 ID=3.638 pick_global=27647 best_gain=50 covered=0.003 maxdeg=50
[IDProbCover] it=003 pick_rel=15518 ID=5.261 pick_global=25875 best_gain=50 covered=0.004 maxdeg=50
[IDProbCover] it=004 pick_rel=17472 ID=5.826 pick_global=233 best_gain=50 covered=0.006 maxdeg=50
[IDProbCover] it=005 pick_rel=42919 ID=6.525 pick_global=43538 best_gain=50 covered=0.007 maxdeg=50
[IDProbCover] it=006 pick_rel=1945 ID=7.320 pick_global=28599 best_gain=50 covered=0.008 maxdeg=50
[IDProbCover] it=007 pick_rel=29361 ID=7.711 pick_global=160 best_gain=50 covered=0.009 maxdeg=49
[IDProbCover] it=008 pick_rel=7169 ID=4.935 pick_global=24010 best_gain=49 covered=0.010 maxdeg=49
[IDProbCover] it=009 pick_rel=6093 ID=5.560 pick_global=47676 best_gain=49 covered=0.011 maxdeg=49
[IDProbCover] it=010 pick_rel=22474 ID=5.831 pick_global=2401 best_gain=49 covered=0.012 maxdeg=49
[IDProbCover] it=011 pick_rel=11507 ID=5.862 pick_global=26937 best_gain=49 covered=0.013 maxdeg=49
[IDProbCover] it=012 pick_rel=20301 ID=6.106 pick_global=23105 best_gain=49 covered=0.014 maxdeg=49
[IDProbCover] it=013 pick_rel=4203 ID=6.133 pick_global=13377 best_gain=49 covered=0.015 maxdeg=49
[IDProbCover] it=014 pick_rel=14615 ID=6.252 pick_global=39878 best_gain=49 covered=0.017 maxdeg=49
[IDProbCover] it=015 pick_rel=18877 ID=6.911 pick_global=20430 best_gain=49 covered=0.018 maxdeg=49
[IDProbCover] it=016 pick_rel=26304 ID=8.187 pick_global=23140 best_gain=49 covered=0.019 maxdeg=48
[IDProbCover] it=017 pick_rel=30370 ID=3.130 pick_global=30892 best_gain=48 covered=0.020 maxdeg=48
[IDProbCover] it=018 pick_rel=2662 ID=3.260 pick_global=26256 best_gain=48 covered=0.021 maxdeg=48
[IDProbCover] it=019 pick_rel=21169 ID=4.809 pick_global=46082 best_gain=48 covered=0.022 maxdeg=48
[IDProbCover] it=020 pick_rel=25158 ID=5.067 pick_global=43135 best_gain=48 covered=0.023 maxdeg=48
[IDProbCover] it=021 pick_rel=37452 ID=5.499 pick_global=8899 best_gain=48 covered=0.024 maxdeg=48
[IDProbCover] it=022 pick_rel=39653 ID=5.616 pick_global=46275 best_gain=48 covered=0.025 maxdeg=48
[IDProbCover] it=023 pick_rel=23727 ID=5.803 pick_global=45317 best_gain=48 covered=0.026 maxdeg=48
[IDProbCover] it=024 pick_rel=759 ID=5.835 pick_global=35132 best_gain=48 covered=0.027 maxdeg=48
[IDProbCover] it=025 pick_rel=41796 ID=5.905 pick_global=17834 best_gain=48 covered=0.028 maxdeg=48
[IDProbCover] it=026 pick_rel=28017 ID=6.012 pick_global=43100 best_gain=48 covered=0.029 maxdeg=48
[IDProbCover] it=027 pick_rel=26303 ID=6.215 pick_global=38808 best_gain=48 covered=0.030 maxdeg=48
[IDProbCover] it=028 pick_rel=14959 ID=6.438 pick_global=15621 best_gain=48 covered=0.032 maxdeg=48
[IDProbCover] it=029 pick_rel=40802 ID=6.571 pick_global=20450 best_gain=48 covered=0.033 maxdeg=48
[IDProbCover] it=030 pick_rel=24724 ID=6.937 pick_global=10761 best_gain=48 covered=0.034 maxdeg=47
[IDProbCover] it=031 pick_rel=5133 ID=1.651 pick_global=14501 best_gain=47 covered=0.035 maxdeg=47
[IDProbCover] it=032 pick_rel=30523 ID=3.186 pick_global=37931 best_gain=47 covered=0.036 maxdeg=47
[IDProbCover] it=033 pick_rel=41032 ID=3.495 pick_global=32718 best_gain=47 covered=0.037 maxdeg=47
[IDProbCover] it=034 pick_rel=9908 ID=4.022 pick_global=37561 best_gain=47 covered=0.038 maxdeg=47
[IDProbCover] it=035 pick_rel=38708 ID=5.095 pick_global=6352 best_gain=47 covered=0.039 maxdeg=47
[IDProbCover] it=036 pick_rel=43724 ID=6.232 pick_global=40963 best_gain=47 covered=0.040 maxdeg=47
[IDProbCover] it=037 pick_rel=17619 ID=6.633 pick_global=17037 best_gain=47 covered=0.041 maxdeg=47
[IDProbCover] it=038 pick_rel=285 ID=6.775 pick_global=35857 best_gain=47 covered=0.042 maxdeg=47
[IDProbCover] it=039 pick_rel=43198 ID=7.228 pick_global=32855 best_gain=47 covered=0.043 maxdeg=47
[IDProbCover] it=040 pick_rel=6657 ID=7.524 pick_global=20670 best_gain=47 covered=0.044 maxdeg=47
[IDProbCover] it=041 pick_rel=30947 ID=7.536 pick_global=16419 best_gain=47 covered=0.045 maxdeg=46
[IDProbCover] it=042 pick_rel=26396 ID=3.695 pick_global=26070 best_gain=46 covered=0.046 maxdeg=46
[IDProbCover] it=043 pick_rel=5169 ID=4.179 pick_global=5734 best_gain=46 covered=0.047 maxdeg=46
[IDProbCover] it=044 pick_rel=32819 ID=5.033 pick_global=20574 best_gain=46 covered=0.048 maxdeg=46
[IDProbCover] it=045 pick_rel=37003 ID=5.285 pick_global=4729 best_gain=46 covered=0.049 maxdeg=46
[IDProbCover] it=046 pick_rel=32974 ID=5.946 pick_global=47689 best_gain=46 covered=0.050 maxdeg=46
[IDProbCover] it=047 pick_rel=16575 ID=6.483 pick_global=5185 best_gain=46 covered=0.051 maxdeg=46
[IDProbCover] it=048 pick_rel=11600 ID=6.520 pick_global=4939 best_gain=46 covered=0.052 maxdeg=46
[IDProbCover] it=049 pick_rel=14434 ID=6.587 pick_global=20000 best_gain=46 covered=0.053 maxdeg=46
Initial Pool is [17838 49058 27647 25875   233 43538 28599   160 24010 47676  2401 26937
 23105 13377 39878 20430 23140 30892 26256 46082 43135  8899 46275 45317
 35132 17834 43100 38808 15621 20450 10761 14501 37931 32718 37561  6352
 40963 17037 35857 32855 20670 16419 26070  5734 20574  4729 47689  5185
  4939 20000]
Data Partitioning Complete. 
Labeled Set: 50, Unlabeled Set: 44950, Validation Set: 5000

model: resnet50

optimizer: SGD (
Parameter Group 0
    dampening: 0.0
    differentiable: False
    foreach: None
    lr: 0.025
    maximize: False
    momentum: 0.9
    nesterov: True
    weight_decay: 0.0003
)

AL Query Method: idprobcover
Max AL Episodes: 100

======== EPISODE 0 BEGINS ========

======== TRAINING ========
Training Epoch: 1/200	Train Loss: 2.6628	Val Accuracy: 0.0
Training Epoch: 2/200	Train Loss: 10.8786	Val Accuracy: 10.16
Training Epoch: 3/200	Train Loss: 19.1053	Val Accuracy: 10.16
Training Epoch: 4/200	Train Loss: 19.1239	Val Accuracy: 9.98
Training Epoch: 5/200	Train Loss: 21.0337	Val Accuracy: 9.98
Training Epoch: 6/200	Train Loss: 22.1818	Val Accuracy: 9.98
Training Epoch: 7/200	Train Loss: 15.0803	Val Accuracy: 9.98
Training Epoch: 8/200	Train Loss: 7.4585	Val Accuracy: 9.88
Training Epoch: 9/200	Train Loss: 11.2544	Val Accuracy: 9.88
Training Epoch: 10/200	Train Loss: 4.4669	Val Accuracy: 9.88
Training Epoch: 11/200	Train Loss: 4.6329	Val Accuracy: 9.88
Training Epoch: 12/200	Train Loss: 3.9434	Val Accuracy: 9.88
Training Epoch: 13/200	Train Loss: 3.5777	Val Accuracy: 9.88
Training Epoch: 14/200	Train Loss: 4.1908	Val Accuracy: 9.56
Training Epoch: 15/200	Train Loss: 5.4994	Val Accuracy: 9.56
Training Epoch: 16/200	Train Loss: 3.7917	Val Accuracy: 10.22
Training Epoch: 17/200	Train Loss: 3.3908	Val Accuracy: 10.22
Training Epoch: 18/200	Train Loss: 5.8098	Val Accuracy: 9.92
Training Epoch: 19/200	Train Loss: 5.8755	Val Accuracy: 9.92
Training Epoch: 20/200	Train Loss: 4.1215	Val Accuracy: 9.62
Training Epoch: 21/200	Train Loss: 3.3333	Val Accuracy: 9.62
Training Epoch: 22/200	Train Loss: 2.3524	Val Accuracy: 10.12
Training Epoch: 23/200	Train Loss: 12.8665	Val Accuracy: 10.12
Training Epoch: 24/200	Train Loss: 6.4632	Val Accuracy: 9.82
Training Epoch: 25/200	Train Loss: 2.1464	Val Accuracy: 9.82
Training Epoch: 26/200	Train Loss: 2.4413	Val Accuracy: 10.16
Training Epoch: 27/200	Train Loss: 3.0233	Val Accuracy: 10.16
Training Epoch: 28/200	Train Loss: 2.5719	Val Accuracy: 10.3
Training Epoch: 29/200	Train Loss: 2.3615	Val Accuracy: 10.3
Training Epoch: 30/200	Train Loss: 2.3696	Val Accuracy: 12.32
Training Epoch: 31/200	Train Loss: 2.4321	Val Accuracy: 12.32
Training Epoch: 32/200	Train Loss: 3.9946	Val Accuracy: 12.16
Training Epoch: 33/200	Train Loss: 3.1209	Val Accuracy: 12.16
Training Epoch: 34/200	Train Loss: 1.9876	Val Accuracy: 13.12
Training Epoch: 35/200	Train Loss: 1.9938	Val Accuracy: 13.12
Training Epoch: 36/200	Train Loss: 3.3154	Val Accuracy: 12.98
Training Epoch: 37/200	Train Loss: 2.2903	Val Accuracy: 12.98
Training Epoch: 38/200	Train Loss: 2.0119	Val Accuracy: 13.12
Training Epoch: 39/200	Train Loss: 2.0854	Val Accuracy: 13.12
Training Epoch: 40/200	Train Loss: 2.1056	Val Accuracy: 13.16
Training Epoch: 41/200	Train Loss: 1.964	Val Accuracy: 13.16
Training Epoch: 42/200	Train Loss: 2.0038	Val Accuracy: 13.12
Training Epoch: 43/200	Train Loss: 2.0064	Val Accuracy: 13.12
Training Epoch: 44/200	Train Loss: 1.905	Val Accuracy: 13.0
Training Epoch: 45/200	Train Loss: 1.8865	Val Accuracy: 13.0
Training Epoch: 46/200	Train Loss: 1.8737	Val Accuracy: 12.82
Training Epoch: 47/200	Train Loss: 1.9077	Val Accuracy: 12.82
Training Epoch: 48/200	Train Loss: 1.8899	Val Accuracy: 13.62
Training Epoch: 49/200	Train Loss: 1.8582	Val Accuracy: 13.62
Training Epoch: 50/200	Train Loss: 2.7912	Val Accuracy: 12.28
Training Epoch: 51/200	Train Loss: 7.1656	Val Accuracy: 12.28
Training Epoch: 52/200	Train Loss: 2.7843	Val Accuracy: 11.42
Training Epoch: 53/200	Train Loss: 1.9078	Val Accuracy: 11.42
Training Epoch: 54/200	Train Loss: 2.1442	Val Accuracy: 11.24
Training Epoch: 55/200	Train Loss: 1.9628	Val Accuracy: 11.24
Training Epoch: 56/200	Train Loss: 3.3641	Val Accuracy: 12.58
Training Epoch: 57/200	Train Loss: 2.173	Val Accuracy: 12.58
Training Epoch: 58/200	Train Loss: 1.8997	Val Accuracy: 13.62
Training Epoch: 59/200	Train Loss: 1.8385	Val Accuracy: 13.62
Training Epoch: 60/200	Train Loss: 1.7891	Val Accuracy: 15.02
Training Epoch: 61/200	Train Loss: 1.7265	Val Accuracy: 15.02
Training Epoch: 62/200	Train Loss: 1.8694	Val Accuracy: 14.62
Training Epoch: 63/200	Train Loss: 1.7461	Val Accuracy: 14.62
Training Epoch: 64/200	Train Loss: 1.7092	Val Accuracy: 13.62
Training Epoch: 65/200	Train Loss: 1.845	Val Accuracy: 13.62
Training Epoch: 66/200	Train Loss: 2.1141	Val Accuracy: 15.1
Training Epoch: 67/200	Train Loss: 1.6549	Val Accuracy: 15.1
Training Epoch: 68/200	Train Loss: 1.5885	Val Accuracy: 15.96
Training Epoch: 69/200	Train Loss: 1.5578	Val Accuracy: 15.96
Training Epoch: 70/200	Train Loss: 1.5364	Val Accuracy: 16.28
Training Epoch: 71/200	Train Loss: 1.4869	Val Accuracy: 16.28
Training Epoch: 72/200	Train Loss: 1.4887	Val Accuracy: 15.94
Training Epoch: 73/200	Train Loss: 1.3984	Val Accuracy: 15.94
Training Epoch: 74/200	Train Loss: 1.3453	Val Accuracy: 16.48
Training Epoch: 75/200	Train Loss: 1.3228	Val Accuracy: 16.48
Training Epoch: 76/200	Train Loss: 1.2891	Val Accuracy: 15.8
Training Epoch: 77/200	Train Loss: 1.5202	Val Accuracy: 15.8
Training Epoch: 78/200	Train Loss: 1.3666	Val Accuracy: 15.68
Training Epoch: 79/200	Train Loss: 1.2357	Val Accuracy: 15.68
Training Epoch: 80/200	Train Loss: 1.9483	Val Accuracy: 15.94
Training Epoch: 81/200	Train Loss: 1.0776	Val Accuracy: 15.94
Training Epoch: 82/200	Train Loss: 1.0026	Val Accuracy: 15.98
Training Epoch: 83/200	Train Loss: 0.952	Val Accuracy: 15.98
Training Epoch: 84/200	Train Loss: 1.0884	Val Accuracy: 15.8
Training Epoch: 85/200	Train Loss: 0.9658	Val Accuracy: 15.8
Training Epoch: 86/200	Train Loss: 0.894	Val Accuracy: 15.26
Training Epoch: 87/200	Train Loss: 0.844	Val Accuracy: 15.26
Training Epoch: 88/200	Train Loss: 0.775	Val Accuracy: 15.64
Training Epoch: 89/200	Train Loss: 0.7457	Val Accuracy: 15.64
Training Epoch: 90/200	Train Loss: 0.7481	Val Accuracy: 16.24
Training Epoch: 91/200	Train Loss: 0.7594	Val Accuracy: 16.24
Training Epoch: 92/200	Train Loss: 0.6223	Val Accuracy: 15.82
Training Epoch: 93/200	Train Loss: 1.2057	Val Accuracy: 15.82
Training Epoch: 94/200	Train Loss: 0.6162	Val Accuracy: 16.54
Training Epoch: 95/200	Train Loss: 0.7911	Val Accuracy: 16.54
Training Epoch: 96/200	Train Loss: 0.6605	Val Accuracy: 16.88
Training Epoch: 97/200	Train Loss: 0.5132	Val Accuracy: 16.88
Training Epoch: 98/200	Train Loss: 0.4869	Val Accuracy: 16.0
Training Epoch: 99/200	Train Loss: 0.4543	Val Accuracy: 16.0
Training Epoch: 100/200	Train Loss: 0.394	Val Accuracy: 17.14
Training Epoch: 101/200	Train Loss: 0.3814	Val Accuracy: 17.14
Training Epoch: 102/200	Train Loss: 0.3368	Val Accuracy: 17.06
Training Epoch: 103/200	Train Loss: 0.3572	Val Accuracy: 17.06
Training Epoch: 104/200	Train Loss: 0.2612	Val Accuracy: 17.22
Training Epoch: 105/200	Train Loss: 0.465	Val Accuracy: 17.22
Training Epoch: 106/200	Train Loss: 0.2088	Val Accuracy: 17.94
Training Epoch: 107/200	Train Loss: 0.319	Val Accuracy: 17.94
Training Epoch: 108/200	Train Loss: 0.58	Val Accuracy: 17.94
Training Epoch: 109/200	Train Loss: 0.2016	Val Accuracy: 17.94
Training Epoch: 110/200	Train Loss: 0.239	Val Accuracy: 17.32
Training Epoch: 111/200	Train Loss: 0.2246	Val Accuracy: 17.32
Training Epoch: 112/200	Train Loss: 0.2208	Val Accuracy: 18.18
Training Epoch: 113/200	Train Loss: 0.1895	Val Accuracy: 18.18
Training Epoch: 114/200	Train Loss: 0.2517	Val Accuracy: 18.52
Training Epoch: 115/200	Train Loss: 0.29	Val Accuracy: 18.52
Training Epoch: 116/200	Train Loss: 0.4092	Val Accuracy: 18.22
Training Epoch: 117/200	Train Loss: 0.5626	Val Accuracy: 18.22
Training Epoch: 118/200	Train Loss: 0.1382	Val Accuracy: 18.72
Training Epoch: 119/200	Train Loss: 0.2921	Val Accuracy: 18.72
Training Epoch: 120/200	Train Loss: 0.1843	Val Accuracy: 18.98
Training Epoch: 121/200	Train Loss: 0.0958	Val Accuracy: 18.98
Training Epoch: 122/200	Train Loss: 0.2457	Val Accuracy: 18.84
Training Epoch: 123/200	Train Loss: 0.1301	Val Accuracy: 18.84
Training Epoch: 124/200	Train Loss: 0.2107	Val Accuracy: 17.96
Training Epoch: 125/200	Train Loss: 0.1199	Val Accuracy: 17.96
Training Epoch: 126/200	Train Loss: 0.3404	Val Accuracy: 18.38
Training Epoch: 127/200	Train Loss: 0.1743	Val Accuracy: 18.38
Training Epoch: 128/200	Train Loss: 0.1344	Val Accuracy: 18.42
Training Epoch: 129/200	Train Loss: 0.1485	Val Accuracy: 18.42
Training Epoch: 130/200	Train Loss: 0.1101	Val Accuracy: 18.48
Training Epoch: 131/200	Train Loss: 0.1432	Val Accuracy: 18.48
Training Epoch: 132/200	Train Loss: 0.1047	Val Accuracy: 19.14
Training Epoch: 133/200	Train Loss: 0.123	Val Accuracy: 19.14
Training Epoch: 134/200	Train Loss: 0.1026	Val Accuracy: 18.86
Training Epoch: 135/200	Train Loss: 0.4103	Val Accuracy: 18.86
Training Epoch: 136/200	Train Loss: 0.033	Val Accuracy: 19.1
Training Epoch: 137/200	Train Loss: 0.3421	Val Accuracy: 19.1
Training Epoch: 138/200	Train Loss: 0.1248	Val Accuracy: 18.46
Training Epoch: 139/200	Train Loss: 0.0903	Val Accuracy: 18.46
Training Epoch: 140/200	Train Loss: 0.0342	Val Accuracy: 17.84
Training Epoch: 141/200	Train Loss: 0.0597	Val Accuracy: 17.84
Training Epoch: 142/200	Train Loss: 0.0604	Val Accuracy: 18.92
Training Epoch: 143/200	Train Loss: 0.042	Val Accuracy: 18.92
Training Epoch: 144/200	Train Loss: 0.059	Val Accuracy: 18.52
Training Epoch: 145/200	Train Loss: 0.0923	Val Accuracy: 18.52
Training Epoch: 146/200	Train Loss: 0.1128	Val Accuracy: 18.66
Training Epoch: 147/200	Train Loss: 0.05	Val Accuracy: 18.66
Training Epoch: 148/200	Train Loss: 0.1189	Val Accuracy: 18.48
Training Epoch: 149/200	Train Loss: 0.0322	Val Accuracy: 18.48
Training Epoch: 150/200	Train Loss: 0.0353	Val Accuracy: 18.5
Training Epoch: 151/200	Train Loss: 0.0338	Val Accuracy: 18.5
Training Epoch: 152/200	Train Loss: 0.0464	Val Accuracy: 18.52
Training Epoch: 153/200	Train Loss: 0.0348	Val Accuracy: 18.52
Training Epoch: 154/200	Train Loss: 0.0479	Val Accuracy: 18.9
Training Epoch: 155/200	Train Loss: 0.0199	Val Accuracy: 18.9
Training Epoch: 156/200	Train Loss: 0.0327	Val Accuracy: 18.7
Training Epoch: 157/200	Train Loss: 0.0611	Val Accuracy: 18.7
Training Epoch: 158/200	Train Loss: 0.0354	Val Accuracy: 19.02
Training Epoch: 159/200	Train Loss: 0.0191	Val Accuracy: 19.02
Training Epoch: 160/200	Train Loss: 0.034	Val Accuracy: 18.72
Training Epoch: 161/200	Train Loss: 0.0204	Val Accuracy: 18.72
Training Epoch: 162/200	Train Loss: 0.0196	Val Accuracy: 18.6
Training Epoch: 163/200	Train Loss: 0.0726	Val Accuracy: 18.6
Training Epoch: 164/200	Train Loss: 0.0323	Val Accuracy: 18.66
Training Epoch: 165/200	Train Loss: 0.0416	Val Accuracy: 18.66
Training Epoch: 166/200	Train Loss: 0.0231	Val Accuracy: 19.32
Training Epoch: 167/200	Train Loss: 0.0334	Val Accuracy: 19.32
Training Epoch: 168/200	Train Loss: 0.0394	Val Accuracy: 19.6
Training Epoch: 169/200	Train Loss: 0.0356	Val Accuracy: 19.6
Training Epoch: 170/200	Train Loss: 0.0291	Val Accuracy: 18.74
Training Epoch: 171/200	Train Loss: 0.0234	Val Accuracy: 18.74
Training Epoch: 172/200	Train Loss: 0.02	Val Accuracy: 19.22
Training Epoch: 173/200	Train Loss: 0.0425	Val Accuracy: 19.22
Training Epoch: 174/200	Train Loss: 0.0284	Val Accuracy: 18.94
Training Epoch: 175/200	Train Loss: 0.0768	Val Accuracy: 18.94
Training Epoch: 176/200	Train Loss: 0.0189	Val Accuracy: 18.8
Training Epoch: 177/200	Train Loss: 0.022	Val Accuracy: 18.8
Training Epoch: 178/200	Train Loss: 0.0348	Val Accuracy: 18.6
Training Epoch: 179/200	Train Loss: 0.0256	Val Accuracy: 18.6
Training Epoch: 180/200	Train Loss: 0.0136	Val Accuracy: 18.64
Training Epoch: 181/200	Train Loss: 0.0131	Val Accuracy: 18.64
Training Epoch: 182/200	Train Loss: 0.0245	Val Accuracy: 18.6
Training Epoch: 183/200	Train Loss: 0.0218	Val Accuracy: 18.6
Training Epoch: 184/200	Train Loss: 0.0436	Val Accuracy: 18.92
Training Epoch: 185/200	Train Loss: 0.0353	Val Accuracy: 18.92
Training Epoch: 186/200	Train Loss: 0.0203	Val Accuracy: 18.84
Training Epoch: 187/200	Train Loss: 0.0171	Val Accuracy: 18.84
Training Epoch: 188/200	Train Loss: 0.0236	Val Accuracy: 18.98
Training Epoch: 189/200	Train Loss: 0.0148	Val Accuracy: 18.98
Training Epoch: 190/200	Train Loss: 0.0121	Val Accuracy: 18.62
Training Epoch: 191/200	Train Loss: 0.0279	Val Accuracy: 18.62
Training Epoch: 192/200	Train Loss: 0.0214	Val Accuracy: 19.32
Training Epoch: 193/200	Train Loss: 0.0139	Val Accuracy: 19.32
Training Epoch: 194/200	Train Loss: 0.0366	Val Accuracy: 19.3
Training Epoch: 195/200	Train Loss: 0.0339	Val Accuracy: 19.3
Training Epoch: 196/200	Train Loss: 0.1114	Val Accuracy: 19.08
Training Epoch: 197/200	Train Loss: 0.0205	Val Accuracy: 19.08
Training Epoch: 198/200	Train Loss: 0.0398	Val Accuracy: 18.48
Training Epoch: 199/200	Train Loss: 0.0286	Val Accuracy: 18.48
Training Epoch: 200/200	Train Loss: 0.0198	Val Accuracy: 18.9

Wrote Best Model Checkpoint to: vlBest_acc_19_model_epoch_0168.pyth

Best Validation Accuracy: 19.6
Best Epoch: 168

======== TESTING ========

Test Accuracy: 20.2.

======== ACTIVE SAMPLING ========

ProbCover adaptive delta: base=0.2500, effective=0.2125, scale=0.85, phase=post_label_shrink, labeled_count=50
[ID cache] loaded: /scratch/s219110279/idpc_cache/resnet50/CIFAR10/seed1/mle_local_k50.npy
[kNN cache] loaded: /scratch/s219110279/idpc_cache/resnet50/CIFAR10/seed1/knn_k50.npz
[IDProbCover] it=000 pick_rel=1588 ID=1.277 pick_global=1681 best_gain=48 covered=0.020 maxdeg=48
[IDProbCover] it=001 pick_rel=33413 ID=4.144 pick_global=37078 best_gain=48 covered=0.021 maxdeg=47
[IDProbCover] it=002 pick_rel=15508 ID=2.531 pick_global=17196 best_gain=47 covered=0.022 maxdeg=45
[IDProbCover] it=003 pick_rel=23164 ID=4.987 pick_global=25694 best_gain=45 covered=0.023 maxdeg=44
[IDProbCover] it=004 pick_rel=16773 ID=4.068 pick_global=18573 best_gain=44 covered=0.024 maxdeg=44
[IDProbCover] it=005 pick_rel=9925 ID=4.136 pick_global=10973 best_gain=44 covered=0.025 maxdeg=44
[IDProbCover] it=006 pick_rel=20401 ID=4.142 pick_global=22589 best_gain=44 covered=0.026 maxdeg=42
[IDProbCover] it=007 pick_rel=34490 ID=4.054 pick_global=38278 best_gain=42 covered=0.027 maxdeg=42
[IDProbCover] it=008 pick_rel=7046 ID=4.146 pick_global=7784 best_gain=42 covered=0.028 maxdeg=42
[IDProbCover] it=009 pick_rel=9869 ID=4.235 pick_global=10911 best_gain=42 covered=0.029 maxdeg=42
[IDProbCover] it=010 pick_rel=5918 ID=4.288 pick_global=6519 best_gain=42 covered=0.030 maxdeg=42
[IDProbCover] it=011 pick_rel=6179 ID=4.624 pick_global=6808 best_gain=42 covered=0.031 maxdeg=42
[IDProbCover] it=012 pick_rel=23516 ID=5.154 pick_global=26085 best_gain=42 covered=0.032 maxdeg=41
[IDProbCover] it=013 pick_rel=13663 ID=5.096 pick_global=15114 best_gain=41 covered=0.033 maxdeg=39
[IDProbCover] it=014 pick_rel=23725 ID=4.313 pick_global=26318 best_gain=39 covered=0.033 maxdeg=38
[IDProbCover] it=015 pick_rel=37609 ID=3.917 pick_global=41800 best_gain=38 covered=0.034 maxdeg=37
[IDProbCover] it=016 pick_rel=26875 ID=4.680 pick_global=29819 best_gain=37 covered=0.035 maxdeg=33
[IDProbCover] it=017 pick_rel=15835 ID=4.442 pick_global=17548 best_gain=33 covered=0.036 maxdeg=33
[IDProbCover] it=018 pick_rel=40964 ID=4.464 pick_global=45525 best_gain=33 covered=0.037 maxdeg=31
[IDProbCover] it=019 pick_rel=26486 ID=4.731 pick_global=29387 best_gain=31 covered=0.037 maxdeg=29
[IDProbCover] it=020 pick_rel=9230 ID=5.052 pick_global=10212 best_gain=29 covered=0.038 maxdeg=28
[IDProbCover] it=021 pick_rel=18411 ID=5.525 pick_global=20384 best_gain=28 covered=0.038 maxdeg=27
[IDProbCover] it=022 pick_rel=41483 ID=4.600 pick_global=46092 best_gain=27 covered=0.039 maxdeg=26
[IDProbCover] it=023 pick_rel=13510 ID=3.407 pick_global=14946 best_gain=26 covered=0.040 maxdeg=25
[IDProbCover] it=024 pick_rel=39862 ID=4.005 pick_global=44308 best_gain=25 covered=0.040 maxdeg=25
[IDProbCover] it=025 pick_rel=42296 ID=5.497 pick_global=46988 best_gain=25 covered=0.041 maxdeg=24
[IDProbCover] it=026 pick_rel=23100 ID=5.804 pick_global=25624 best_gain=24 covered=0.041 maxdeg=23
[IDProbCover] it=027 pick_rel=41240 ID=5.060 pick_global=45829 best_gain=23 covered=0.042 maxdeg=23
[IDProbCover] it=028 pick_rel=7402 ID=6.117 pick_global=8176 best_gain=23 covered=0.042 maxdeg=22
[IDProbCover] it=029 pick_rel=44880 ID=5.065 pick_global=49857 best_gain=22 covered=0.043 maxdeg=22
[IDProbCover] it=030 pick_rel=17105 ID=5.892 pick_global=18943 best_gain=22 covered=0.043 maxdeg=20
[IDProbCover] it=031 pick_rel=29750 ID=4.704 pick_global=33011 best_gain=20 covered=0.044 maxdeg=20
[IDProbCover] it=032 pick_rel=17715 ID=5.126 pick_global=19618 best_gain=20 covered=0.044 maxdeg=20
[IDProbCover] it=033 pick_rel=31980 ID=5.567 pick_global=35508 best_gain=20 covered=0.045 maxdeg=19
[IDProbCover] it=034 pick_rel=8621 ID=4.024 pick_global=9524 best_gain=19 covered=0.045 maxdeg=18
[IDProbCover] it=035 pick_rel=35718 ID=3.894 pick_global=39670 best_gain=18 covered=0.045 maxdeg=17
[IDProbCover] it=036 pick_rel=19521 ID=6.273 pick_global=21622 best_gain=17 covered=0.046 maxdeg=16
[IDProbCover] it=037 pick_rel=33670 ID=4.447 pick_global=37361 best_gain=16 covered=0.046 maxdeg=16
[IDProbCover] it=038 pick_rel=9567 ID=4.630 pick_global=10578 best_gain=16 covered=0.047 maxdeg=16
[IDProbCover] it=039 pick_rel=15435 ID=6.144 pick_global=17113 best_gain=16 covered=0.047 maxdeg=15
[IDProbCover] it=040 pick_rel=16076 ID=5.386 pick_global=17812 best_gain=15 covered=0.047 maxdeg=15
[IDProbCover] it=041 pick_rel=5659 ID=5.661 pick_global=6226 best_gain=15 covered=0.048 maxdeg=14
[IDProbCover] it=042 pick_rel=31833 ID=4.578 pick_global=35345 best_gain=14 covered=0.048 maxdeg=14
[IDProbCover] it=043 pick_rel=15732 ID=4.578 pick_global=17438 best_gain=14 covered=0.048 maxdeg=12
[IDProbCover] it=044 pick_rel=4927 ID=2.901 pick_global=5414 best_gain=12 covered=0.048 maxdeg=12
[IDProbCover] it=045 pick_rel=26596 ID=4.389 pick_global=29511 best_gain=12 covered=0.049 maxdeg=12
[IDProbCover] it=046 pick_rel=31651 ID=5.603 pick_global=35146 best_gain=12 covered=0.049 maxdeg=12
[IDProbCover] it=047 pick_rel=6737 ID=5.636 pick_global=7439 best_gain=12 covered=0.049 maxdeg=12
[IDProbCover] it=048 pick_rel=18614 ID=6.323 pick_global=20622 best_gain=12 covered=0.050 maxdeg=11
[IDProbCover] it=049 pick_rel=26723 ID=2.861 pick_global=29656 best_gain=11 covered=0.050 maxdeg=11
Coverage selection metadata: active=False (mode=id_prob_cover, variant=unknown, delta=0.2125, phase=id_adaptive, bald_mean=0.0000, bald_max=0.0000, variance_mean=0.0000, variance_max=0.0000, dropout_iters=0, cover_anchors=0, diversity_lambda=0.00, selected_id_mean=4.6435, selected_signal_mean=0.0000, selected_radius_mean=0.8201, k_id=50, k_knn=50, alpha=1.00)
Active Sampling Complete. After Episode 0:
New Labeled Set: 100, New Unlabeled Set: 44900, Active Set: 50

================================


Current accuracy values:  [20.200000000000003]
Starting model from scratch - ignoring existing weights.
<All keys matched successfully>
None
======== EPISODE 1 BEGINS ========

======== TRAINING ========
Training Epoch: 1/200	Train Loss: 2.5823	Val Accuracy: 0.0
Training Epoch: 2/200	Train Loss: 11.4552	Val Accuracy: 9.56
Training Epoch: 3/200	Train Loss: 21.2885	Val Accuracy: 9.56
Training Epoch: 4/200	Train Loss: 22.1158	Val Accuracy: 10.22
Training Epoch: 5/200	Train Loss: 23.5585	Val Accuracy: 10.22
Training Epoch: 6/200	Train Loss: 20.4793	Val Accuracy: 10.04
Training Epoch: 7/200	Train Loss: 13.1007	Val Accuracy: 10.04
Training Epoch: 8/200	Train Loss: 12.0119	Val Accuracy: 9.56
Training Epoch: 9/200	Train Loss: 5.3759	Val Accuracy: 9.56
Training Epoch: 10/200	Train Loss: 3.546	Val Accuracy: 9.88
Training Epoch: 11/200	Train Loss: 7.6797	Val Accuracy: 9.88
Training Epoch: 12/200	Train Loss: 2.7215	Val Accuracy: 9.56
Training Epoch: 13/200	Train Loss: 3.7835	Val Accuracy: 9.56
Training Epoch: 14/200	Train Loss: 3.1284	Val Accuracy: 10.22
Training Epoch: 15/200	Train Loss: 5.8043	Val Accuracy: 10.22
Training Epoch: 16/200	Train Loss: 3.7633	Val Accuracy: 9.74
Training Epoch: 17/200	Train Loss: 2.9282	Val Accuracy: 9.74
Training Epoch: 18/200	Train Loss: 3.3498	Val Accuracy: 10.04
Training Epoch: 19/200	Train Loss: 2.6239	Val Accuracy: 10.04
Training Epoch: 20/200	Train Loss: 3.0568	Val Accuracy: 9.94
Training Epoch: 21/200	Train Loss: 2.9327	Val Accuracy: 9.94
Training Epoch: 22/200	Train Loss: 4.3703	Val Accuracy: 9.16
Training Epoch: 23/200	Train Loss: 2.4506	Val Accuracy: 9.16
Training Epoch: 24/200	Train Loss: 3.9848	Val Accuracy: 10.56
Training Epoch: 25/200	Train Loss: 4.6701	Val Accuracy: 10.56
Training Epoch: 26/200	Train Loss: 4.411	Val Accuracy: 10.72
Training Epoch: 27/200	Train Loss: 3.1837	Val Accuracy: 10.72
Training Epoch: 28/200	Train Loss: 4.6065	Val Accuracy: 9.64
Training Epoch: 29/200	Train Loss: 3.5599	Val Accuracy: 9.64
Training Epoch: 30/200	Train Loss: 4.4349	Val Accuracy: 9.96
Training Epoch: 31/200	Train Loss: 2.9257	Val Accuracy: 9.96
Training Epoch: 32/200	Train Loss: 3.4611	Val Accuracy: 8.08
Training Epoch: 33/200	Train Loss: 2.9985	Val Accuracy: 8.08
Training Epoch: 34/200	Train Loss: 5.143	Val Accuracy: 9.94
Training Epoch: 35/200	Train Loss: 4.3717	Val Accuracy: 9.94
Training Epoch: 36/200	Train Loss: 4.1425	Val Accuracy: 9.48
Training Epoch: 37/200	Train Loss: 2.4618	Val Accuracy: 9.48
Training Epoch: 38/200	Train Loss: 5.1642	Val Accuracy: 9.54
Training Epoch: 39/200	Train Loss: 3.8826	Val Accuracy: 9.54
Training Epoch: 40/200	Train Loss: 4.6946	Val Accuracy: 9.78
Training Epoch: 41/200	Train Loss: 3.5393	Val Accuracy: 9.78
Training Epoch: 42/200	Train Loss: 2.9905	Val Accuracy: 9.32
Training Epoch: 43/200	Train Loss: 2.4657	Val Accuracy: 9.32
Training Epoch: 44/200	Train Loss: 3.1543	Val Accuracy: 8.7
Training Epoch: 45/200	Train Loss: 3.635	Val Accuracy: 8.7
Training Epoch: 46/200	Train Loss: 3.8373	Val Accuracy: 9.58
Training Epoch: 47/200	Train Loss: 2.9195	Val Accuracy: 9.58
Training Epoch: 48/200	Train Loss: 3.8972	Val Accuracy: 9.44
Training Epoch: 49/200	Train Loss: 2.1673	Val Accuracy: 9.44
Training Epoch: 50/200	Train Loss: 3.2529	Val Accuracy: 9.7
Training Epoch: 51/200	Train Loss: 3.3694	Val Accuracy: 9.7
Training Epoch: 52/200	Train Loss: 2.8759	Val Accuracy: 9.74
Training Epoch: 53/200	Train Loss: 2.6	Val Accuracy: 9.74
Training Epoch: 54/200	Train Loss: 2.7617	Val Accuracy: 9.56
Training Epoch: 55/200	Train Loss: 2.5964	Val Accuracy: 9.56
Training Epoch: 56/200	Train Loss: 2.5541	Val Accuracy: 9.78
Training Epoch: 57/200	Train Loss: 6.7547	Val Accuracy: 9.78
Training Epoch: 58/200	Train Loss: 2.5898	Val Accuracy: 11.04
Training Epoch: 59/200	Train Loss: 3.5755	Val Accuracy: 11.04
Training Epoch: 60/200	Train Loss: 2.3036	Val Accuracy: 12.2
Training Epoch: 61/200	Train Loss: 2.1505	Val Accuracy: 12.2
Training Epoch: 62/200	Train Loss: 2.9295	Val Accuracy: 12.8
Training Epoch: 63/200	Train Loss: 3.2417	Val Accuracy: 12.8
Training Epoch: 64/200	Train Loss: 4.6359	Val Accuracy: 12.34
Training Epoch: 65/200	Train Loss: 2.5666	Val Accuracy: 12.34
Training Epoch: 66/200	Train Loss: 3.8814	Val Accuracy: 11.54
Training Epoch: 67/200	Train Loss: 3.9294	Val Accuracy: 11.54
Training Epoch: 68/200	Train Loss: 2.7164	Val Accuracy: 11.54
Training Epoch: 69/200	Train Loss: 3.6531	Val Accuracy: 11.54
Training Epoch: 70/200	Train Loss: 2.1653	Val Accuracy: 12.7
Training Epoch: 71/200	Train Loss: 3.8074	Val Accuracy: 12.7
Training Epoch: 72/200	Train Loss: 3.6421	Val Accuracy: 10.08
Training Epoch: 73/200	Train Loss: 6.3073	Val Accuracy: 10.08
Training Epoch: 74/200	Train Loss: 2.0646	Val Accuracy: 9.74
Training Epoch: 75/200	Train Loss: 2.653	Val Accuracy: 9.74
Training Epoch: 76/200	Train Loss: 3.8064	Val Accuracy: 10.7
Training Epoch: 77/200	Train Loss: 2.4183	Val Accuracy: 10.7
Training Epoch: 78/200	Train Loss: 3.5765	Val Accuracy: 12.5
Training Epoch: 79/200	Train Loss: 2.6635	Val Accuracy: 12.5
Training Epoch: 80/200	Train Loss: 4.4629	Val Accuracy: 11.96
Training Epoch: 81/200	Train Loss: 3.3201	Val Accuracy: 11.96
Training Epoch: 82/200	Train Loss: 3.7562	Val Accuracy: 12.18
Training Epoch: 83/200	Train Loss: 5.5988	Val Accuracy: 12.18
Training Epoch: 84/200	Train Loss: 2.6173	Val Accuracy: 12.54
Training Epoch: 85/200	Train Loss: 3.7149	Val Accuracy: 12.54
Training Epoch: 86/200	Train Loss: 2.8915	Val Accuracy: 12.06
Training Epoch: 87/200	Train Loss: 2.1617	Val Accuracy: 12.06
Training Epoch: 88/200	Train Loss: 3.1417	Val Accuracy: 13.14
Training Epoch: 89/200	Train Loss: 2.8063	Val Accuracy: 13.14
Training Epoch: 90/200	Train Loss: 4.3468	Val Accuracy: 13.2
Training Epoch: 91/200	Train Loss: 2.5685	Val Accuracy: 13.2
Training Epoch: 92/200	Train Loss: 3.0344	Val Accuracy: 12.68
Training Epoch: 93/200	Train Loss: 3.2312	Val Accuracy: 12.68
Training Epoch: 94/200	Train Loss: 2.4789	Val Accuracy: 12.5
Training Epoch: 95/200	Train Loss: 1.9328	Val Accuracy: 12.5
Training Epoch: 96/200	Train Loss: 3.6798	Val Accuracy: 12.6
Training Epoch: 97/200	Train Loss: 3.132	Val Accuracy: 12.6
Training Epoch: 98/200	Train Loss: 1.9812	Val Accuracy: 12.82
Training Epoch: 99/200	Train Loss: 2.4823	Val Accuracy: 12.82
Training Epoch: 100/200	Train Loss: 2.9369	Val Accuracy: 12.66
Training Epoch: 101/200	Train Loss: 3.4019	Val Accuracy: 12.66
Training Epoch: 102/200	Train Loss: 1.936	Val Accuracy: 13.04
Training Epoch: 103/200	Train Loss: 1.8747	Val Accuracy: 13.04
Training Epoch: 104/200	Train Loss: 2.8616	Val Accuracy: 13.9
Training Epoch: 105/200	Train Loss: 3.1526	Val Accuracy: 13.9
Training Epoch: 106/200	Train Loss: 3.0557	Val Accuracy: 13.9
Training Epoch: 107/200	Train Loss: 2.6048	Val Accuracy: 13.9
Training Epoch: 108/200	Train Loss: 4.5915	Val Accuracy: 13.94
Training Epoch: 109/200	Train Loss: 2.9217	Val Accuracy: 13.94
Training Epoch: 110/200	Train Loss: 2.6213	Val Accuracy: 13.68
Training Epoch: 111/200	Train Loss: 2.0283	Val Accuracy: 13.68
Training Epoch: 112/200	Train Loss: 3.4064	Val Accuracy: 13.78
Training Epoch: 113/200	Train Loss: 1.942	Val Accuracy: 13.78
Training Epoch: 114/200	Train Loss: 3.2066	Val Accuracy: 13.94
Training Epoch: 115/200	Train Loss: 3.1182	Val Accuracy: 13.94
Training Epoch: 116/200	Train Loss: 2.0757	Val Accuracy: 13.74
Training Epoch: 117/200	Train Loss: 3.0541	Val Accuracy: 13.74
Training Epoch: 118/200	Train Loss: 3.8531	Val Accuracy: 13.92
Training Epoch: 119/200	Train Loss: 2.5503	Val Accuracy: 13.92
Training Epoch: 120/200	Train Loss: 1.7603	Val Accuracy: 13.86
Training Epoch: 121/200	Train Loss: 2.3459	Val Accuracy: 13.86
Training Epoch: 122/200	Train Loss: 3.194	Val Accuracy: 14.1
Training Epoch: 123/200	Train Loss: 2.0964	Val Accuracy: 14.1
Training Epoch: 124/200	Train Loss: 2.0904	Val Accuracy: 13.98
Training Epoch: 125/200	Train Loss: 2.487	Val Accuracy: 13.98
Training Epoch: 126/200	Train Loss: 2.8273	Val Accuracy: 14.52
Training Epoch: 127/200	Train Loss: 3.1482	Val Accuracy: 14.52
Training Epoch: 128/200	Train Loss: 2.8932	Val Accuracy: 15.24
Training Epoch: 129/200	Train Loss: 2.8226	Val Accuracy: 15.24
Training Epoch: 130/200	Train Loss: 3.6322	Val Accuracy: 15.3
Training Epoch: 131/200	Train Loss: 1.9318	Val Accuracy: 15.3
Training Epoch: 132/200	Train Loss: 1.8223	Val Accuracy: 15.02
Training Epoch: 133/200	Train Loss: 2.4248	Val Accuracy: 15.02
Training Epoch: 134/200	Train Loss: 3.9571	Val Accuracy: 15.14
Training Epoch: 135/200	Train Loss: 1.8441	Val Accuracy: 15.14
Training Epoch: 136/200	Train Loss: 1.7268	Val Accuracy: 15.88
Training Epoch: 137/200	Train Loss: 2.4548	Val Accuracy: 15.88
Training Epoch: 138/200	Train Loss: 1.6099	Val Accuracy: 16.0
Training Epoch: 139/200	Train Loss: 1.6213	Val Accuracy: 16.0
Training Epoch: 140/200	Train Loss: 3.2597	Val Accuracy: 16.28
Training Epoch: 141/200	Train Loss: 2.3162	Val Accuracy: 16.28
Training Epoch: 142/200	Train Loss: 2.833	Val Accuracy: 16.08
Training Epoch: 143/200	Train Loss: 1.6955	Val Accuracy: 16.08
Training Epoch: 144/200	Train Loss: 3.0096	Val Accuracy: 15.74
Training Epoch: 145/200	Train Loss: 1.6218	Val Accuracy: 15.74
Training Epoch: 146/200	Train Loss: 2.1636	Val Accuracy: 16.22
Training Epoch: 147/200	Train Loss: 1.9715	Val Accuracy: 16.22
Training Epoch: 148/200	Train Loss: 1.8631	Val Accuracy: 15.92
Training Epoch: 149/200	Train Loss: 2.5248	Val Accuracy: 15.92
Training Epoch: 150/200	Train Loss: 1.5586	Val Accuracy: 16.16
Training Epoch: 151/200	Train Loss: 1.5497	Val Accuracy: 16.16
Training Epoch: 152/200	Train Loss: 1.6697	Val Accuracy: 15.94
Training Epoch: 153/200	Train Loss: 3.4535	Val Accuracy: 15.94
Training Epoch: 154/200	Train Loss: 1.5977	Val Accuracy: 16.52
Training Epoch: 155/200	Train Loss: 1.4918	Val Accuracy: 16.52
Training Epoch: 156/200	Train Loss: 1.4293	Val Accuracy: 16.38
Training Epoch: 157/200	Train Loss: 1.6469	Val Accuracy: 16.38
Training Epoch: 158/200	Train Loss: 1.3407	Val Accuracy: 16.26
Training Epoch: 159/200	Train Loss: 2.6013	Val Accuracy: 16.26
Training Epoch: 160/200	Train Loss: 2.2968	Val Accuracy: 16.44
Training Epoch: 161/200	Train Loss: 1.5677	Val Accuracy: 16.44
Training Epoch: 162/200	Train Loss: 1.6375	Val Accuracy: 16.1
Training Epoch: 163/200	Train Loss: 1.6732	Val Accuracy: 16.1
Training Epoch: 164/200	Train Loss: 1.7862	Val Accuracy: 15.88
Training Epoch: 165/200	Train Loss: 1.7736	Val Accuracy: 15.88
Training Epoch: 166/200	Train Loss: 1.6129	Val Accuracy: 16.64
Training Epoch: 167/200	Train Loss: 1.5637	Val Accuracy: 16.64
Training Epoch: 168/200	Train Loss: 2.3971	Val Accuracy: 16.62
Training Epoch: 169/200	Train Loss: 2.0777	Val Accuracy: 16.62
Training Epoch: 170/200	Train Loss: 1.603	Val Accuracy: 16.74
Training Epoch: 171/200	Train Loss: 2.4347	Val Accuracy: 16.74
Training Epoch: 172/200	Train Loss: 1.6463	Val Accuracy: 16.44
Training Epoch: 173/200	Train Loss: 1.7929	Val Accuracy: 16.44
Training Epoch: 174/200	Train Loss: 1.6078	Val Accuracy: 16.92
Training Epoch: 175/200	Train Loss: 2.023	Val Accuracy: 16.92
Training Epoch: 176/200	Train Loss: 1.3039	Val Accuracy: 16.7
Training Epoch: 177/200	Train Loss: 1.3295	Val Accuracy: 16.7
Training Epoch: 178/200	Train Loss: 2.217	Val Accuracy: 16.48
Training Epoch: 179/200	Train Loss: 1.866	Val Accuracy: 16.48
Training Epoch: 180/200	Train Loss: 1.298	Val Accuracy: 16.4
Training Epoch: 181/200	Train Loss: 2.4352	Val Accuracy: 16.4
Training Epoch: 182/200	Train Loss: 1.3123	Val Accuracy: 17.0
Training Epoch: 183/200	Train Loss: 1.8018	Val Accuracy: 17.0
Training Epoch: 184/200	Train Loss: 1.4787	Val Accuracy: 16.8
Training Epoch: 185/200	Train Loss: 2.4834	Val Accuracy: 16.8
Training Epoch: 186/200	Train Loss: 1.4817	Val Accuracy: 16.18
Training Epoch: 187/200	Train Loss: 2.6813	Val Accuracy: 16.18
Training Epoch: 188/200	Train Loss: 1.2301	Val Accuracy: 16.7
Training Epoch: 189/200	Train Loss: 2.3982	Val Accuracy: 16.7
Training Epoch: 190/200	Train Loss: 1.3533	Val Accuracy: 16.16
Training Epoch: 191/200	Train Loss: 2.5669	Val Accuracy: 16.16
Training Epoch: 192/200	Train Loss: 1.8261	Val Accuracy: 16.96
Training Epoch: 193/200	Train Loss: 2.4373	Val Accuracy: 16.96
Training Epoch: 194/200	Train Loss: 1.2615	Val Accuracy: 16.62
Training Epoch: 195/200	Train Loss: 1.2093	Val Accuracy: 16.62
Training Epoch: 196/200	Train Loss: 2.3548	Val Accuracy: 16.84
Training Epoch: 197/200	Train Loss: 1.7459	Val Accuracy: 16.84
Training Epoch: 198/200	Train Loss: 1.4586	Val Accuracy: 16.4
Training Epoch: 199/200	Train Loss: 1.8168	Val Accuracy: 16.4
Training Epoch: 200/200	Train Loss: 2.6166	Val Accuracy: 16.34

Wrote Best Model Checkpoint to: vlBest_acc_17_model_epoch_0182.pyth

Best Validation Accuracy: 17.0
Best Epoch: 182

======== TESTING ========

Test Accuracy: 17.1.

======== ACTIVE SAMPLING ========

ProbCover adaptive delta: base=0.2500, effective=0.2125, scale=0.85, phase=post_label_shrink, labeled_count=100
[ID cache] loaded: /scratch/s219110279/idpc_cache/resnet50/CIFAR10/seed1/mle_local_k50.npy
[kNN cache] loaded: /scratch/s219110279/idpc_cache/resnet50/CIFAR10/seed1/knn_k50.npz
[IDProbCover] it=000 pick_rel=2019 ID=5.148 pick_global=2111 best_gain=11 covered=0.050 maxdeg=11
[IDProbCover] it=001 pick_rel=8569 ID=5.424 pick_global=9413 best_gain=11 covered=0.050 maxdeg=11
[IDProbCover] it=002 pick_rel=17221 ID=5.437 pick_global=19038 best_gain=11 covered=0.051 maxdeg=11
[IDProbCover] it=003 pick_rel=14483 ID=5.891 pick_global=16010 best_gain=11 covered=0.051 maxdeg=10
[IDProbCover] it=004 pick_rel=23930 ID=5.146 pick_global=26522 best_gain=10 covered=0.051 maxdeg=10
[IDProbCover] it=005 pick_rel=31381 ID=5.235 pick_global=34827 best_gain=10 covered=0.051 maxdeg=10
[IDProbCover] it=006 pick_rel=7614 ID=6.517 pick_global=8366 best_gain=10 covered=0.051 maxdeg=9
[IDProbCover] it=007 pick_rel=11186 ID=4.174 pick_global=12340 best_gain=9 covered=0.052 maxdeg=9
[IDProbCover] it=008 pick_rel=18823 ID=4.245 pick_global=20826 best_gain=9 covered=0.052 maxdeg=9
[IDProbCover] it=009 pick_rel=7655 ID=5.314 pick_global=8413 best_gain=9 covered=0.052 maxdeg=9
[IDProbCover] it=010 pick_rel=17811 ID=6.047 pick_global=19692 best_gain=9 covered=0.052 maxdeg=9
[IDProbCover] it=011 pick_rel=15805 ID=6.453 pick_global=17480 best_gain=9 covered=0.052 maxdeg=8
[IDProbCover] it=012 pick_rel=22337 ID=3.064 pick_global=24745 best_gain=8 covered=0.053 maxdeg=8
[IDProbCover] it=013 pick_rel=33280 ID=4.216 pick_global=36927 best_gain=8 covered=0.053 maxdeg=8
[IDProbCover] it=014 pick_rel=25011 ID=4.503 pick_global=27738 best_gain=8 covered=0.053 maxdeg=8
[IDProbCover] it=015 pick_rel=4625 ID=4.952 pick_global=5019 best_gain=8 covered=0.053 maxdeg=8
[IDProbCover] it=016 pick_rel=17671 ID=5.297 pick_global=19539 best_gain=8 covered=0.053 maxdeg=8
[IDProbCover] it=017 pick_rel=14647 ID=5.313 pick_global=16189 best_gain=8 covered=0.053 maxdeg=8
[IDProbCover] it=018 pick_rel=20142 ID=5.972 pick_global=22276 best_gain=8 covered=0.054 maxdeg=8
[IDProbCover] it=019 pick_rel=4336 ID=6.300 pick_global=4698 best_gain=8 covered=0.054 maxdeg=8
[IDProbCover] it=020 pick_rel=29614 ID=6.853 pick_global=32837 best_gain=8 covered=0.054 maxdeg=7
[IDProbCover] it=021 pick_rel=38892 ID=3.386 pick_global=43228 best_gain=7 covered=0.054 maxdeg=7
[IDProbCover] it=022 pick_rel=728 ID=3.968 pick_global=694 best_gain=7 covered=0.054 maxdeg=7
[IDProbCover] it=023 pick_rel=43350 ID=3.970 pick_global=48153 best_gain=7 covered=0.054 maxdeg=7
[IDProbCover] it=024 pick_rel=42833 ID=4.605 pick_global=47579 best_gain=7 covered=0.055 maxdeg=7
[IDProbCover] it=025 pick_rel=40064 ID=4.761 pick_global=44518 best_gain=7 covered=0.055 maxdeg=7
[IDProbCover] it=026 pick_rel=37892 ID=4.831 pick_global=42110 best_gain=7 covered=0.055 maxdeg=7
[IDProbCover] it=027 pick_rel=21074 ID=5.660 pick_global=23323 best_gain=7 covered=0.055 maxdeg=7
[IDProbCover] it=028 pick_rel=3663 ID=6.005 pick_global=3944 best_gain=7 covered=0.055 maxdeg=7
[IDProbCover] it=029 pick_rel=8997 ID=6.889 pick_global=9903 best_gain=7 covered=0.055 maxdeg=6
[IDProbCover] it=030 pick_rel=9945 ID=3.764 pick_global=10954 best_gain=6 covered=0.056 maxdeg=6
[IDProbCover] it=031 pick_rel=9321 ID=4.237 pick_global=10266 best_gain=6 covered=0.056 maxdeg=6
[IDProbCover] it=032 pick_rel=36585 ID=5.674 pick_global=40653 best_gain=6 covered=0.056 maxdeg=6
[IDProbCover] it=033 pick_rel=39585 ID=6.057 pick_global=43996 best_gain=6 covered=0.056 maxdeg=6
[IDProbCover] it=034 pick_rel=13972 ID=6.162 pick_global=15427 best_gain=6 covered=0.056 maxdeg=6
[IDProbCover] it=035 pick_rel=9847 ID=6.386 pick_global=10845 best_gain=6 covered=0.056 maxdeg=6
[IDProbCover] it=036 pick_rel=44104 ID=6.689 pick_global=48981 best_gain=6 covered=0.056 maxdeg=6
[IDProbCover] it=037 pick_rel=23609 ID=6.761 pick_global=26166 best_gain=6 covered=0.056 maxdeg=6
[IDProbCover] it=038 pick_rel=13577 ID=7.598 pick_global=14983 best_gain=6 covered=0.057 maxdeg=5
[IDProbCover] it=039 pick_rel=44703 ID=3.381 pick_global=49660 best_gain=5 covered=0.057 maxdeg=5
[IDProbCover] it=040 pick_rel=1068 ID=4.408 pick_global=1060 best_gain=5 covered=0.057 maxdeg=5
[IDProbCover] it=041 pick_rel=30279 ID=4.779 pick_global=33583 best_gain=5 covered=0.057 maxdeg=5
[IDProbCover] it=042 pick_rel=21307 ID=5.164 pick_global=23581 best_gain=5 covered=0.057 maxdeg=5
[IDProbCover] it=043 pick_rel=4822 ID=5.490 pick_global=5241 best_gain=5 covered=0.057 maxdeg=5
[IDProbCover] it=044 pick_rel=5303 ID=6.119 pick_global=5774 best_gain=5 covered=0.057 maxdeg=5
[IDProbCover] it=045 pick_rel=5004 ID=6.127 pick_global=5444 best_gain=5 covered=0.057 maxdeg=5
[IDProbCover] it=046 pick_rel=35030 ID=6.212 pick_global=38883 best_gain=5 covered=0.058 maxdeg=5
[IDProbCover] it=047 pick_rel=23935 ID=6.254 pick_global=26527 best_gain=5 covered=0.058 maxdeg=5
[IDProbCover] it=048 pick_rel=11181 ID=6.340 pick_global=12335 best_gain=5 covered=0.058 maxdeg=5
[IDProbCover] it=049 pick_rel=38019 ID=6.401 pick_global=42250 best_gain=5 covered=0.058 maxdeg=5
Coverage selection metadata: active=False (mode=id_prob_cover, variant=unknown, delta=0.2125, phase=id_adaptive, bald_mean=0.0000, bald_max=0.0000, variance_mean=0.0000, variance_max=0.0000, dropout_iters=0, cover_anchors=0, diversity_lambda=0.00, selected_id_mean=5.3916, selected_signal_mean=0.0000, selected_radius_mean=0.6847, k_id=50, k_knn=50, alpha=1.00)
Active Sampling Complete. After Episode 1:
New Labeled Set: 150, New Unlabeled Set: 44850, Active Set: 50

================================


Current accuracy values:  [20.200000000000003, 17.099999999999994]
Starting model from scratch - ignoring existing weights.
<All keys matched successfully>
None
======== EPISODE 2 BEGINS ========

======== TRAINING ========
Training Epoch: 1/200	Train Loss: 2.6787	Val Accuracy: 0.0
Training Epoch: 2/200	Train Loss: 9.4706	Val Accuracy: 9.98
Training Epoch: 3/200	Train Loss: 20.1997	Val Accuracy: 9.98
Training Epoch: 4/200	Train Loss: 17.7593	Val Accuracy: 9.56
Training Epoch: 5/200	Train Loss: 14.8589	Val Accuracy: 9.56
Training Epoch: 6/200	Train Loss: 7.0458	Val Accuracy: 10.16
Training Epoch: 7/200	Train Loss: 13.9161	Val Accuracy: 10.16
Training Epoch: 8/200	Train Loss: 7.8347	Val Accuracy: 10.04
Training Epoch: 9/200	Train Loss: 11.1351	Val Accuracy: 10.04
Training Epoch: 10/200	Train Loss: 3.822	Val Accuracy: 10.68
Training Epoch: 11/200	Train Loss: 3.7541	Val Accuracy: 10.68
Training Epoch: 12/200	Train Loss: 2.8501	Val Accuracy: 9.92
Training Epoch: 13/200	Train Loss: 8.8112	Val Accuracy: 9.92
Training Epoch: 14/200	Train Loss: 2.5615	Val Accuracy: 10.68
Training Epoch: 15/200	Train Loss: 2.7013	Val Accuracy: 10.68
Training Epoch: 16/200	Train Loss: 3.0355	Val Accuracy: 10.72
Training Epoch: 17/200	Train Loss: 6.8694	Val Accuracy: 10.72
Training Epoch: 18/200	Train Loss: 2.8397	Val Accuracy: 10.68
Training Epoch: 19/200	Train Loss: 2.3313	Val Accuracy: 10.68
Training Epoch: 20/200	Train Loss: 2.4633	Val Accuracy: 10.68
Training Epoch: 21/200	Train Loss: 2.1861	Val Accuracy: 10.68
Training Epoch: 22/200	Train Loss: 3.7456	Val Accuracy: 10.72
Training Epoch: 23/200	Train Loss: 2.1148	Val Accuracy: 10.72
Training Epoch: 24/200	Train Loss: 2.4265	Val Accuracy: 10.62
Training Epoch: 25/200	Train Loss: 8.3844	Val Accuracy: 10.62
Training Epoch: 26/200	Train Loss: 7.5147	Val Accuracy: 10.04
Training Epoch: 27/200	Train Loss: 3.1538	Val Accuracy: 10.04
Training Epoch: 28/200	Train Loss: 2.2531	Val Accuracy: 10.78
Training Epoch: 29/200	Train Loss: 2.1489	Val Accuracy: 10.78
Training Epoch: 30/200	Train Loss: 1.9699	Val Accuracy: 10.72
Training Epoch: 31/200	Train Loss: 2.0578	Val Accuracy: 10.72
Training Epoch: 32/200	Train Loss: 2.0592	Val Accuracy: 10.66
Training Epoch: 33/200	Train Loss: 6.2096	Val Accuracy: 10.66
Training Epoch: 34/200	Train Loss: 2.0756	Val Accuracy: 10.66
Training Epoch: 35/200	Train Loss: 3.0157	Val Accuracy: 10.66
Training Epoch: 36/200	Train Loss: 2.2944	Val Accuracy: 10.84
Training Epoch: 37/200	Train Loss: 2.5614	Val Accuracy: 10.84
Training Epoch: 38/200	Train Loss: 2.8691	Val Accuracy: 10.82
Training Epoch: 39/200	Train Loss: 2.6066	Val Accuracy: 10.82
Training Epoch: 40/200	Train Loss: 2.1488	Val Accuracy: 10.6
Training Epoch: 41/200	Train Loss: 3.5692	Val Accuracy: 10.6
Training Epoch: 42/200	Train Loss: 2.1081	Val Accuracy: 10.74
Training Epoch: 43/200	Train Loss: 2.4488	Val Accuracy: 10.74
Training Epoch: 44/200	Train Loss: 1.9897	Val Accuracy: 10.66
Training Epoch: 45/200	Train Loss: 2.0858	Val Accuracy: 10.66
Training Epoch: 46/200	Train Loss: 2.0468	Val Accuracy: 10.7
Training Epoch: 47/200	Train Loss: 3.4285	Val Accuracy: 10.7
Training Epoch: 48/200	Train Loss: 2.0701	Val Accuracy: 10.24
Training Epoch: 49/200	Train Loss: 2.0042	Val Accuracy: 10.24
Training Epoch: 50/200	Train Loss: 1.93	Val Accuracy: 10.34
Training Epoch: 51/200	Train Loss: 1.9842	Val Accuracy: 10.34
Training Epoch: 52/200	Train Loss: 1.9131	Val Accuracy: 10.36
Training Epoch: 53/200	Train Loss: 4.5887	Val Accuracy: 10.36
Training Epoch: 54/200	Train Loss: 9.2953	Val Accuracy: 9.9
Training Epoch: 55/200	Train Loss: 2.0612	Val Accuracy: 9.9
Training Epoch: 56/200	Train Loss: 2.4368	Val Accuracy: 10.4
Training Epoch: 57/200	Train Loss: 2.1955	Val Accuracy: 10.4
Training Epoch: 58/200	Train Loss: 1.9643	Val Accuracy: 10.66
Training Epoch: 59/200	Train Loss: 2.9851	Val Accuracy: 10.66
Training Epoch: 60/200	Train Loss: 1.9949	Val Accuracy: 10.64
Training Epoch: 61/200	Train Loss: 3.2547	Val Accuracy: 10.64
Training Epoch: 62/200	Train Loss: 4.8108	Val Accuracy: 11.02
Training Epoch: 63/200	Train Loss: 2.0407	Val Accuracy: 11.02
Training Epoch: 64/200	Train Loss: 3.7957	Val Accuracy: 10.82
Training Epoch: 65/200	Train Loss: 3.6901	Val Accuracy: 10.82
Training Epoch: 66/200	Train Loss: 2.0276	Val Accuracy: 10.98
Training Epoch: 67/200	Train Loss: 6.3913	Val Accuracy: 10.98
Training Epoch: 68/200	Train Loss: 3.684	Val Accuracy: 11.1
Training Epoch: 69/200	Train Loss: 2.0075	Val Accuracy: 11.1
Training Epoch: 70/200	Train Loss: 2.5897	Val Accuracy: 11.12
Training Epoch: 71/200	Train Loss: 3.0657	Val Accuracy: 11.12
Training Epoch: 72/200	Train Loss: 2.1667	Val Accuracy: 11.24
Training Epoch: 73/200	Train Loss: 2.0585	Val Accuracy: 11.24
Training Epoch: 74/200	Train Loss: 2.3355	Val Accuracy: 10.66
Training Epoch: 75/200	Train Loss: 2.0904	Val Accuracy: 10.66
Training Epoch: 76/200	Train Loss: 2.0645	Val Accuracy: 10.44
Training Epoch: 77/200	Train Loss: 5.7694	Val Accuracy: 10.44
Training Epoch: 78/200	Train Loss: 3.1695	Val Accuracy: 10.38
Training Epoch: 79/200	Train Loss: 2.0557	Val Accuracy: 10.38
Training Epoch: 80/200	Train Loss: 3.1113	Val Accuracy: 10.32
Training Epoch: 81/200	Train Loss: 2.3138	Val Accuracy: 10.32
Training Epoch: 82/200	Train Loss: 5.4186	Val Accuracy: 10.12
Training Epoch: 83/200	Train Loss: 5.3774	Val Accuracy: 10.12
Training Epoch: 84/200	Train Loss: 1.9356	Val Accuracy: 10.16
Training Epoch: 85/200	Train Loss: 1.9835	Val Accuracy: 10.16
Training Epoch: 86/200	Train Loss: 1.8862	Val Accuracy: 10.18
Training Epoch: 87/200	Train Loss: 1.9901	Val Accuracy: 10.18
Training Epoch: 88/200	Train Loss: 2.2096	Val Accuracy: 10.08
Training Epoch: 89/200	Train Loss: 1.9335	Val Accuracy: 10.08
Training Epoch: 90/200	Train Loss: 1.9546	Val Accuracy: 10.0
Training Epoch: 91/200	Train Loss: 1.928	Val Accuracy: 10.0
Training Epoch: 92/200	Train Loss: 2.7474	Val Accuracy: 9.96
Training Epoch: 93/200	Train Loss: 2.1284	Val Accuracy: 9.96
Training Epoch: 94/200	Train Loss: 1.9307	Val Accuracy: 10.04
Training Epoch: 95/200	Train Loss: 5.3341	Val Accuracy: 10.04
Training Epoch: 96/200	Train Loss: 1.9698	Val Accuracy: 10.66
Training Epoch: 97/200	Train Loss: 2.1198	Val Accuracy: 10.66
Training Epoch: 98/200	Train Loss: 1.9024	Val Accuracy: 10.2
Training Epoch: 99/200	Train Loss: 1.7749	Val Accuracy: 10.2
Training Epoch: 100/200	Train Loss: 1.902	Val Accuracy: 9.84
Training Epoch: 101/200	Train Loss: 1.7372	Val Accuracy: 9.84
Training Epoch: 102/200	Train Loss: 7.0504	Val Accuracy: 10.02
Training Epoch: 103/200	Train Loss: 1.8518	Val Accuracy: 10.02
Training Epoch: 104/200	Train Loss: 1.926	Val Accuracy: 10.82
Training Epoch: 105/200	Train Loss: 2.1396	Val Accuracy: 10.82
Training Epoch: 106/200	Train Loss: 1.8928	Val Accuracy: 10.7
Training Epoch: 107/200	Train Loss: 1.7445	Val Accuracy: 10.7
Training Epoch: 108/200	Train Loss: 1.874	Val Accuracy: 11.06
Training Epoch: 109/200	Train Loss: 1.7977	Val Accuracy: 11.06
Training Epoch: 110/200	Train Loss: 1.8797	Val Accuracy: 10.5
Training Epoch: 111/200	Train Loss: 1.7224	Val Accuracy: 10.5
Training Epoch: 112/200	Train Loss: 1.8466	Val Accuracy: 11.12
Training Epoch: 113/200	Train Loss: 1.8021	Val Accuracy: 11.12
Training Epoch: 114/200	Train Loss: 1.7461	Val Accuracy: 10.8
Training Epoch: 115/200	Train Loss: 1.785	Val Accuracy: 10.8
Training Epoch: 116/200	Train Loss: 1.7438	Val Accuracy: 11.22
Training Epoch: 117/200	Train Loss: 1.8048	Val Accuracy: 11.22
Training Epoch: 118/200	Train Loss: 1.7273	Val Accuracy: 11.56
Training Epoch: 119/200	Train Loss: 1.7212	Val Accuracy: 11.56
Training Epoch: 120/200	Train Loss: 1.7705	Val Accuracy: 12.2
Training Epoch: 121/200	Train Loss: 1.674	Val Accuracy: 12.2
Training Epoch: 122/200	Train Loss: 8.7982	Val Accuracy: 12.5
Training Epoch: 123/200	Train Loss: 1.7986	Val Accuracy: 12.5
Training Epoch: 124/200	Train Loss: 1.6845	Val Accuracy: 12.38
Training Epoch: 125/200	Train Loss: 1.7638	Val Accuracy: 12.38
Training Epoch: 126/200	Train Loss: 1.7028	Val Accuracy: 12.98
Training Epoch: 127/200	Train Loss: 1.8576	Val Accuracy: 12.98
Training Epoch: 128/200	Train Loss: 2.1509	Val Accuracy: 12.82
Training Epoch: 129/200	Train Loss: 6.1093	Val Accuracy: 12.82
Training Epoch: 130/200	Train Loss: 1.6431	Val Accuracy: 12.94
Training Epoch: 131/200	Train Loss: 1.6042	Val Accuracy: 12.94
Training Epoch: 132/200	Train Loss: 1.7766	Val Accuracy: 12.84
Training Epoch: 133/200	Train Loss: 2.2085	Val Accuracy: 12.84
Training Epoch: 134/200	Train Loss: 7.0652	Val Accuracy: 13.32
Training Epoch: 135/200	Train Loss: 1.664	Val Accuracy: 13.32
Training Epoch: 136/200	Train Loss: 1.7688	Val Accuracy: 13.4
Training Epoch: 137/200	Train Loss: 1.635	Val Accuracy: 13.4
Training Epoch: 138/200	Train Loss: 1.6246	Val Accuracy: 13.28
Training Epoch: 139/200	Train Loss: 1.7719	Val Accuracy: 13.28
Training Epoch: 140/200	Train Loss: 1.6889	Val Accuracy: 13.8
Training Epoch: 141/200	Train Loss: 1.8525	Val Accuracy: 13.8
Training Epoch: 142/200	Train Loss: 4.4686	Val Accuracy: 14.26
Training Epoch: 143/200	Train Loss: 1.6905	Val Accuracy: 14.26
Training Epoch: 144/200	Train Loss: 1.5985	Val Accuracy: 13.98
Training Epoch: 145/200	Train Loss: 1.6771	Val Accuracy: 13.98
Training Epoch: 146/200	Train Loss: 1.5852	Val Accuracy: 14.74
Training Epoch: 147/200	Train Loss: 1.8637	Val Accuracy: 14.74
Training Epoch: 148/200	Train Loss: 1.599	Val Accuracy: 14.62
Training Epoch: 149/200	Train Loss: 1.5678	Val Accuracy: 14.62
Training Epoch: 150/200	Train Loss: 1.5534	Val Accuracy: 14.96
Training Epoch: 151/200	Train Loss: 1.562	Val Accuracy: 14.96
Training Epoch: 152/200	Train Loss: 1.511	Val Accuracy: 15.18
Training Epoch: 153/200	Train Loss: 4.3621	Val Accuracy: 15.18
Training Epoch: 154/200	Train Loss: 1.4864	Val Accuracy: 15.32
Training Epoch: 155/200	Train Loss: 1.447	Val Accuracy: 15.32
Training Epoch: 156/200	Train Loss: 1.6956	Val Accuracy: 14.84
Training Epoch: 157/200	Train Loss: 1.4805	Val Accuracy: 14.84
Training Epoch: 158/200	Train Loss: 1.6071	Val Accuracy: 14.92
Training Epoch: 159/200	Train Loss: 2.0848	Val Accuracy: 14.92
Training Epoch: 160/200	Train Loss: 1.3974	Val Accuracy: 14.86
Training Epoch: 161/200	Train Loss: 1.4831	Val Accuracy: 14.86
Training Epoch: 162/200	Train Loss: 5.6372	Val Accuracy: 15.02
Training Epoch: 163/200	Train Loss: 4.9556	Val Accuracy: 15.02
Training Epoch: 164/200	Train Loss: 1.5124	Val Accuracy: 15.22
Training Epoch: 165/200	Train Loss: 3.308	Val Accuracy: 15.22
Training Epoch: 166/200	Train Loss: 1.3755	Val Accuracy: 15.66
Training Epoch: 167/200	Train Loss: 3.0056	Val Accuracy: 15.66
Training Epoch: 168/200	Train Loss: 2.1162	Val Accuracy: 15.26
Training Epoch: 169/200	Train Loss: 1.4821	Val Accuracy: 15.26
Training Epoch: 170/200	Train Loss: 1.3939	Val Accuracy: 15.66
Training Epoch: 171/200	Train Loss: 1.5829	Val Accuracy: 15.66
Training Epoch: 172/200	Train Loss: 1.4826	Val Accuracy: 15.3
Training Epoch: 173/200	Train Loss: 1.4757	Val Accuracy: 15.3
Training Epoch: 174/200	Train Loss: 1.4766	Val Accuracy: 15.74
Training Epoch: 175/200	Train Loss: 1.7483	Val Accuracy: 15.74
Training Epoch: 176/200	Train Loss: 1.4825	Val Accuracy: 15.26
Training Epoch: 177/200	Train Loss: 1.5305	Val Accuracy: 15.26
Training Epoch: 178/200	Train Loss: 1.482	Val Accuracy: 15.68
Training Epoch: 179/200	Train Loss: 1.4044	Val Accuracy: 15.68
Training Epoch: 180/200	Train Loss: 1.5212	Val Accuracy: 15.94
Training Epoch: 181/200	Train Loss: 1.4501	Val Accuracy: 15.94
Training Epoch: 182/200	Train Loss: 1.6451	Val Accuracy: 15.9
Training Epoch: 183/200	Train Loss: 1.4306	Val Accuracy: 15.9
Training Epoch: 184/200	Train Loss: 1.4593	Val Accuracy: 16.04
Training Epoch: 185/200	Train Loss: 1.6553	Val Accuracy: 16.04
Training Epoch: 186/200	Train Loss: 1.3874	Val Accuracy: 16.56
Training Epoch: 187/200	Train Loss: 1.4567	Val Accuracy: 16.56
Training Epoch: 188/200	Train Loss: 2.3408	Val Accuracy: 16.38
Training Epoch: 189/200	Train Loss: 1.3372	Val Accuracy: 16.38
Training Epoch: 190/200	Train Loss: 1.6927	Val Accuracy: 16.18
Training Epoch: 191/200	Train Loss: 1.3446	Val Accuracy: 16.18
Training Epoch: 192/200	Train Loss: 1.4932	Val Accuracy: 16.32
Training Epoch: 193/200	Train Loss: 1.7912	Val Accuracy: 16.32
Training Epoch: 194/200	Train Loss: 1.358	Val Accuracy: 16.52
Training Epoch: 195/200	Train Loss: 1.4576	Val Accuracy: 16.52
Training Epoch: 196/200	Train Loss: 1.7052	Val Accuracy: 16.36
Training Epoch: 197/200	Train Loss: 1.4614	Val Accuracy: 16.36
Training Epoch: 198/200	Train Loss: 1.2774	Val Accuracy: 16.62
Training Epoch: 199/200	Train Loss: 1.4335	Val Accuracy: 16.62
Training Epoch: 200/200	Train Loss: 1.4534	Val Accuracy: 16.54

Wrote Best Model Checkpoint to: vlBest_acc_16_model_epoch_0198.pyth

Best Validation Accuracy: 16.62
Best Epoch: 198

======== TESTING ========

Test Accuracy: 17.4.

======== ACTIVE SAMPLING ========

ProbCover adaptive delta: base=0.2500, effective=0.2125, scale=0.85, phase=post_label_shrink, labeled_count=150
[ID cache] loaded: /scratch/s219110279/idpc_cache/resnet50/CIFAR10/seed1/mle_local_k50.npy
[kNN cache] loaded: /scratch/s219110279/idpc_cache/resnet50/CIFAR10/seed1/knn_k50.npz
[IDProbCover] it=000 pick_rel=21800 ID=6.467 pick_global=24111 best_gain=5 covered=0.058 maxdeg=5
[IDProbCover] it=001 pick_rel=9517 ID=6.705 pick_global=10445 best_gain=5 covered=0.058 maxdeg=5
[IDProbCover] it=002 pick_rel=8284 ID=6.746 pick_global=9062 best_gain=5 covered=0.058 maxdeg=5
[IDProbCover] it=003 pick_rel=34619 ID=6.790 pick_global=38410 best_gain=5 covered=0.058 maxdeg=5
[IDProbCover] it=004 pick_rel=15774 ID=6.804 pick_global=17416 best_gain=5 covered=0.058 maxdeg=5
[IDProbCover] it=005 pick_rel=34140 ID=6.858 pick_global=37869 best_gain=5 covered=0.059 maxdeg=5
[IDProbCover] it=006 pick_rel=25040 ID=6.952 pick_global=27754 best_gain=5 covered=0.059 maxdeg=5
[IDProbCover] it=007 pick_rel=6712 ID=6.992 pick_global=7311 best_gain=5 covered=0.059 maxdeg=5
[IDProbCover] it=008 pick_rel=40542 ID=7.067 pick_global=45047 best_gain=5 covered=0.059 maxdeg=5
[IDProbCover] it=009 pick_rel=16115 ID=7.290 pick_global=17791 best_gain=5 covered=0.059 maxdeg=5
[IDProbCover] it=010 pick_rel=32360 ID=7.777 pick_global=35900 best_gain=5 covered=0.059 maxdeg=5
[IDProbCover] it=011 pick_rel=10681 ID=7.911 pick_global=11741 best_gain=5 covered=0.059 maxdeg=4
[IDProbCover] it=012 pick_rel=30375 ID=3.134 pick_global=33683 best_gain=4 covered=0.059 maxdeg=4
[IDProbCover] it=013 pick_rel=10815 ID=3.465 pick_global=11892 best_gain=4 covered=0.059 maxdeg=4
[IDProbCover] it=014 pick_rel=22678 ID=3.689 pick_global=25106 best_gain=4 covered=0.059 maxdeg=4
[IDProbCover] it=015 pick_rel=24982 ID=3.693 pick_global=27686 best_gain=4 covered=0.060 maxdeg=4
[IDProbCover] it=016 pick_rel=37091 ID=3.838 pick_global=41212 best_gain=4 covered=0.060 maxdeg=4
[IDProbCover] it=017 pick_rel=5959 ID=4.071 pick_global=6464 best_gain=4 covered=0.060 maxdeg=4
[IDProbCover] it=018 pick_rel=23067 ID=4.321 pick_global=25538 best_gain=4 covered=0.060 maxdeg=4
[IDProbCover] it=019 pick_rel=4095 ID=4.413 pick_global=4382 best_gain=4 covered=0.060 maxdeg=4
[IDProbCover] it=020 pick_rel=10540 ID=4.417 pick_global=11583 best_gain=4 covered=0.060 maxdeg=4
[IDProbCover] it=021 pick_rel=37090 ID=4.445 pick_global=41211 best_gain=4 covered=0.060 maxdeg=4
[IDProbCover] it=022 pick_rel=26993 ID=4.755 pick_global=29916 best_gain=4 covered=0.060 maxdeg=4
[IDProbCover] it=023 pick_rel=38626 ID=4.883 pick_global=42923 best_gain=4 covered=0.060 maxdeg=4
[IDProbCover] it=024 pick_rel=23811 ID=5.221 pick_global=26369 best_gain=4 covered=0.060 maxdeg=4
[IDProbCover] it=025 pick_rel=11080 ID=5.244 pick_global=12181 best_gain=4 covered=0.060 maxdeg=4
[IDProbCover] it=026 pick_rel=4262 ID=5.695 pick_global=4565 best_gain=4 covered=0.061 maxdeg=4
[IDProbCover] it=027 pick_rel=2916 ID=6.042 pick_global=3053 best_gain=4 covered=0.061 maxdeg=4
[IDProbCover] it=028 pick_rel=2227 ID=6.151 pick_global=2290 best_gain=4 covered=0.061 maxdeg=4
[IDProbCover] it=029 pick_rel=4540 ID=6.217 pick_global=4875 best_gain=4 covered=0.061 maxdeg=4
[IDProbCover] it=030 pick_rel=3091 ID=6.243 pick_global=3259 best_gain=4 covered=0.061 maxdeg=4
[IDProbCover] it=031 pick_rel=16914 ID=6.364 pick_global=18668 best_gain=4 covered=0.061 maxdeg=4
[IDProbCover] it=032 pick_rel=25919 ID=6.587 pick_global=28727 best_gain=4 covered=0.061 maxdeg=4
[IDProbCover] it=033 pick_rel=20344 ID=6.612 pick_global=22475 best_gain=4 covered=0.061 maxdeg=4
[IDProbCover] it=034 pick_rel=6742 ID=6.645 pick_global=7344 best_gain=4 covered=0.061 maxdeg=4
[IDProbCover] it=035 pick_rel=18888 ID=6.690 pick_global=20872 best_gain=4 covered=0.061 maxdeg=4
[IDProbCover] it=036 pick_rel=26878 ID=6.756 pick_global=29790 best_gain=4 covered=0.061 maxdeg=4
[IDProbCover] it=037 pick_rel=13245 ID=6.760 pick_global=14588 best_gain=4 covered=0.061 maxdeg=4
[IDProbCover] it=038 pick_rel=4368 ID=6.768 pick_global=4682 best_gain=4 covered=0.062 maxdeg=4
[IDProbCover] it=039 pick_rel=22017 ID=6.776 pick_global=24356 best_gain=4 covered=0.062 maxdeg=4
[IDProbCover] it=040 pick_rel=36379 ID=6.804 pick_global=40407 best_gain=4 covered=0.062 maxdeg=4
[IDProbCover] it=041 pick_rel=17399 ID=6.872 pick_global=19206 best_gain=4 covered=0.062 maxdeg=4
[IDProbCover] it=042 pick_rel=12650 ID=6.891 pick_global=13929 best_gain=4 covered=0.062 maxdeg=4
[IDProbCover] it=043 pick_rel=10721 ID=6.895 pick_global=11788 best_gain=4 covered=0.062 maxdeg=4
[IDProbCover] it=044 pick_rel=13527 ID=6.945 pick_global=14891 best_gain=4 covered=0.062 maxdeg=4
[IDProbCover] it=045 pick_rel=4662 ID=7.040 pick_global=5010 best_gain=4 covered=0.062 maxdeg=4
[IDProbCover] it=046 pick_rel=13578 ID=7.103 pick_global=14945 best_gain=4 covered=0.062 maxdeg=4
[IDProbCover] it=047 pick_rel=35080 ID=7.119 pick_global=38927 best_gain=4 covered=0.062 maxdeg=4
[IDProbCover] it=048 pick_rel=12976 ID=7.162 pick_global=14290 best_gain=4 covered=0.062 maxdeg=4
[IDProbCover] it=049 pick_rel=26752 ID=7.183 pick_global=29652 best_gain=4 covered=0.063 maxdeg=4
Coverage selection metadata: active=False (mode=id_prob_cover, variant=unknown, delta=0.2125, phase=id_adaptive, bald_mean=0.0000, bald_max=0.0000, variance_mean=0.0000, variance_max=0.0000, dropout_iters=0, cover_anchors=0, diversity_lambda=0.00, selected_id_mean=6.0853, selected_signal_mean=0.0000, selected_radius_mean=0.6144, k_id=50, k_knn=50, alpha=1.00)
Active Sampling Complete. After Episode 2:
New Labeled Set: 200, New Unlabeled Set: 44800, Active Set: 50

================================


Current accuracy values:  [20.200000000000003, 17.099999999999994, 17.400000000000006]
Starting model from scratch - ignoring existing weights.
<All keys matched successfully>
None
======== EPISODE 3 BEGINS ========

======== TRAINING ========
Training Epoch: 1/200	Train Loss: 10.4877	Val Accuracy: 0.0
Training Epoch: 2/200	Train Loss: 19.7384	Val Accuracy: 10.16
Training Epoch: 3/200	Train Loss: 6.0671	Val Accuracy: 10.16
Training Epoch: 4/200	Train Loss: 5.7777	Val Accuracy: 10.68
Training Epoch: 5/200	Train Loss: 4.1677	Val Accuracy: 10.68
Training Epoch: 6/200	Train Loss: 4.1571	Val Accuracy: 10.68
Training Epoch: 7/200	Train Loss: 6.4485	Val Accuracy: 10.68
Training Epoch: 8/200	Train Loss: 4.0926	Val Accuracy: 10.34
Training Epoch: 9/200	Train Loss: 4.6608	Val Accuracy: 10.34
Training Epoch: 10/200	Train Loss: 9.377	Val Accuracy: 10.58
Training Epoch: 11/200	Train Loss: 2.8807	Val Accuracy: 10.58
Training Epoch: 12/200	Train Loss: 4.4991	Val Accuracy: 10.76
Training Epoch: 13/200	Train Loss: 5.1481	Val Accuracy: 10.76
Training Epoch: 14/200	Train Loss: 4.7615	Val Accuracy: 9.88
Training Epoch: 15/200	Train Loss: 4.5564	Val Accuracy: 9.88
Training Epoch: 16/200	Train Loss: 3.5063	Val Accuracy: 10.32
Training Epoch: 17/200	Train Loss: 9.4619	Val Accuracy: 10.32
Training Epoch: 18/200	Train Loss: 3.7908	Val Accuracy: 10.52
Training Epoch: 19/200	Train Loss: 2.9777	Val Accuracy: 10.52
Training Epoch: 20/200	Train Loss: 2.0699	Val Accuracy: 10.8
Training Epoch: 21/200	Train Loss: 2.0175	Val Accuracy: 10.8
Training Epoch: 22/200	Train Loss: 1.9895	Val Accuracy: 10.68
Training Epoch: 23/200	Train Loss: 7.7669	Val Accuracy: 10.68
Training Epoch: 24/200	Train Loss: 2.2909	Val Accuracy: 10.46
Training Epoch: 25/200	Train Loss: 1.9766	Val Accuracy: 10.46
Training Epoch: 26/200	Train Loss: 2.3746	Val Accuracy: 10.26
Training Epoch: 27/200	Train Loss: 4.7897	Val Accuracy: 10.26
Training Epoch: 28/200	Train Loss: 6.8621	Val Accuracy: 9.88
Training Epoch: 29/200	Train Loss: 2.0449	Val Accuracy: 9.88
Training Epoch: 30/200	Train Loss: 11.1802	Val Accuracy: 11.02
Training Epoch: 31/200	Train Loss: 1.9654	Val Accuracy: 11.02
Training Epoch: 32/200	Train Loss: 3.2589	Val Accuracy: 10.68
Training Epoch: 33/200	Train Loss: 5.9705	Val Accuracy: 10.68
Training Epoch: 34/200	Train Loss: 2.0826	Val Accuracy: 10.44
Training Epoch: 35/200	Train Loss: 2.0807	Val Accuracy: 10.44
Training Epoch: 36/200	Train Loss: 2.3336	Val Accuracy: 11.92
Training Epoch: 37/200	Train Loss: 8.8178	Val Accuracy: 11.92
Training Epoch: 38/200	Train Loss: 4.6183	Val Accuracy: 10.8
Training Epoch: 39/200	Train Loss: 2.3507	Val Accuracy: 10.8
Training Epoch: 40/200	Train Loss: 16.7261	Val Accuracy: 10.28
Training Epoch: 41/200	Train Loss: 2.5878	Val Accuracy: 10.28
Training Epoch: 42/200	Train Loss: 5.4433	Val Accuracy: 10.3
Training Epoch: 43/200	Train Loss: 8.836	Val Accuracy: 10.3
Training Epoch: 44/200	Train Loss: 2.8575	Val Accuracy: 10.44
Training Epoch: 45/200	Train Loss: 8.9185	Val Accuracy: 10.44
Training Epoch: 46/200	Train Loss: 2.1312	Val Accuracy: 10.1
Training Epoch: 47/200	Train Loss: 2.0472	Val Accuracy: 10.1
Training Epoch: 48/200	Train Loss: 2.0323	Val Accuracy: 10.0
Training Epoch: 49/200	Train Loss: 4.6641	Val Accuracy: 10.0
Training Epoch: 50/200	Train Loss: 2.0204	Val Accuracy: 10.16
Training Epoch: 51/200	Train Loss: 10.6017	Val Accuracy: 10.16
Training Epoch: 52/200	Train Loss: 1.9757	Val Accuracy: 10.04
Training Epoch: 53/200	Train Loss: 9.0527	Val Accuracy: 10.04
Training Epoch: 54/200	Train Loss: 6.6621	Val Accuracy: 9.96
Training Epoch: 55/200	Train Loss: 2.0489	Val Accuracy: 9.96
Training Epoch: 56/200	Train Loss: 2.1151	Val Accuracy: 9.9
Training Epoch: 57/200	Train Loss: 9.1109	Val Accuracy: 9.9
Training Epoch: 58/200	Train Loss: 2.0941	Val Accuracy: 9.78
Training Epoch: 59/200	Train Loss: 2.0084	Val Accuracy: 9.78
Training Epoch: 60/200	Train Loss: 4.63	Val Accuracy: 9.88
Training Epoch: 61/200	Train Loss: 7.9881	Val Accuracy: 9.88
Training Epoch: 62/200	Train Loss: 2.8098	Val Accuracy: 9.86
Training Epoch: 63/200	Train Loss: 6.3939	Val Accuracy: 9.86
Training Epoch: 64/200	Train Loss: 1.9766	Val Accuracy: 9.9
Training Epoch: 65/200	Train Loss: 3.4848	Val Accuracy: 9.9
Training Epoch: 66/200	Train Loss: 15.1151	Val Accuracy: 10.0
Training Epoch: 67/200	Train Loss: 3.7387	Val Accuracy: 10.0
Training Epoch: 68/200	Train Loss: 12.017	Val Accuracy: 9.92
Training Epoch: 69/200	Train Loss: 2.0047	Val Accuracy: 9.92
Training Epoch: 70/200	Train Loss: 5.6283	Val Accuracy: 9.98
Training Epoch: 71/200	Train Loss: 5.179	Val Accuracy: 9.98
Training Epoch: 72/200	Train Loss: 3.0416	Val Accuracy: 10.14
Training Epoch: 73/200	Train Loss: 1.9009	Val Accuracy: 10.14
Training Epoch: 74/200	Train Loss: 2.0748	Val Accuracy: 10.34
Training Epoch: 75/200	Train Loss: 1.9141	Val Accuracy: 10.34
Training Epoch: 76/200	Train Loss: 2.8525	Val Accuracy: 10.54
Training Epoch: 77/200	Train Loss: 2.4406	Val Accuracy: 10.54
Training Epoch: 78/200	Train Loss: 3.7051	Val Accuracy: 10.74
Training Epoch: 79/200	Train Loss: 1.8999	Val Accuracy: 10.74
Training Epoch: 80/200	Train Loss: 1.9977	Val Accuracy: 10.66
Training Epoch: 81/200	Train Loss: 2.7241	Val Accuracy: 10.66
Training Epoch: 82/200	Train Loss: 7.2453	Val Accuracy: 10.2
Training Epoch: 83/200	Train Loss: 1.9286	Val Accuracy: 10.2
Training Epoch: 84/200	Train Loss: 2.7016	Val Accuracy: 10.16
Training Epoch: 85/200	Train Loss: 2.5954	Val Accuracy: 10.16
Training Epoch: 86/200	Train Loss: 1.8486	Val Accuracy: 10.24
Training Epoch: 87/200	Train Loss: 9.7182	Val Accuracy: 10.24
Training Epoch: 88/200	Train Loss: 1.8421	Val Accuracy: 11.0
Training Epoch: 89/200	Train Loss: 1.8724	Val Accuracy: 11.0
Training Epoch: 90/200	Train Loss: 2.2205	Val Accuracy: 12.2
Training Epoch: 91/200	Train Loss: 3.8166	Val Accuracy: 12.2
Training Epoch: 92/200	Train Loss: 1.7966	Val Accuracy: 13.2
Training Epoch: 93/200	Train Loss: 16.641	Val Accuracy: 13.2
Training Epoch: 94/200	Train Loss: 1.7472	Val Accuracy: 13.4
Training Epoch: 95/200	Train Loss: 1.8343	Val Accuracy: 13.4
Training Epoch: 96/200	Train Loss: 1.7421	Val Accuracy: 14.16
Training Epoch: 97/200	Train Loss: 1.7778	Val Accuracy: 14.16
Training Epoch: 98/200	Train Loss: 9.0298	Val Accuracy: 14.08
Training Epoch: 99/200	Train Loss: 1.7235	Val Accuracy: 14.08
Training Epoch: 100/200	Train Loss: 2.0948	Val Accuracy: 14.94
Training Epoch: 101/200	Train Loss: 8.1122	Val Accuracy: 14.94
Training Epoch: 102/200	Train Loss: 1.8224	Val Accuracy: 15.02
Training Epoch: 103/200	Train Loss: 2.9018	Val Accuracy: 15.02
Training Epoch: 104/200	Train Loss: 1.7726	Val Accuracy: 15.34
Training Epoch: 105/200	Train Loss: 1.6724	Val Accuracy: 15.34
Training Epoch: 106/200	Train Loss: 10.0949	Val Accuracy: 14.98
Training Epoch: 107/200	Train Loss: 1.7248	Val Accuracy: 14.98
Training Epoch: 108/200	Train Loss: 1.7855	Val Accuracy: 15.32
Training Epoch: 109/200	Train Loss: 1.914	Val Accuracy: 15.32
Training Epoch: 110/200	Train Loss: 2.9317	Val Accuracy: 15.56
Training Epoch: 111/200	Train Loss: 1.5581	Val Accuracy: 15.56
Training Epoch: 112/200	Train Loss: 1.8618	Val Accuracy: 16.16
Training Epoch: 113/200	Train Loss: 4.4992	Val Accuracy: 16.16
Training Epoch: 114/200	Train Loss: 4.5799	Val Accuracy: 16.16
Training Epoch: 115/200	Train Loss: 1.5649	Val Accuracy: 16.16
Training Epoch: 116/200	Train Loss: 1.521	Val Accuracy: 16.1
Training Epoch: 117/200	Train Loss: 3.5406	Val Accuracy: 16.1
Training Epoch: 118/200	Train Loss: 1.6652	Val Accuracy: 17.14
Training Epoch: 119/200	Train Loss: 2.0032	Val Accuracy: 17.14
Training Epoch: 120/200	Train Loss: 2.5544	Val Accuracy: 17.42
Training Epoch: 121/200	Train Loss: 7.7137	Val Accuracy: 17.42
Training Epoch: 122/200	Train Loss: 3.8677	Val Accuracy: 17.52
Training Epoch: 123/200	Train Loss: 2.2517	Val Accuracy: 17.52
Training Epoch: 124/200	Train Loss: 4.8259	Val Accuracy: 17.86
Training Epoch: 125/200	Train Loss: 1.4668	Val Accuracy: 17.86
Training Epoch: 126/200	Train Loss: 4.6141	Val Accuracy: 17.96
Training Epoch: 127/200	Train Loss: 1.3075	Val Accuracy: 17.96
Training Epoch: 128/200	Train Loss: 1.427	Val Accuracy: 18.3
Training Epoch: 129/200	Train Loss: 1.3798	Val Accuracy: 18.3
Training Epoch: 130/200	Train Loss: 2.4243	Val Accuracy: 18.74
Training Epoch: 131/200	Train Loss: 1.33	Val Accuracy: 18.74
Training Epoch: 132/200	Train Loss: 3.199	Val Accuracy: 19.12
Training Epoch: 133/200	Train Loss: 1.4623	Val Accuracy: 19.12
Training Epoch: 134/200	Train Loss: 3.3715	Val Accuracy: 19.06
Training Epoch: 135/200	Train Loss: 1.3048	Val Accuracy: 19.06
Training Epoch: 136/200	Train Loss: 1.2715	Val Accuracy: 19.0
Training Epoch: 137/200	Train Loss: 1.2399	Val Accuracy: 19.0
Training Epoch: 138/200	Train Loss: 3.6334	Val Accuracy: 19.14
Training Epoch: 139/200	Train Loss: 1.5024	Val Accuracy: 19.14
Training Epoch: 140/200	Train Loss: 1.2674	Val Accuracy: 19.44
Training Epoch: 141/200	Train Loss: 1.3823	Val Accuracy: 19.44
Training Epoch: 142/200	Train Loss: 5.5819	Val Accuracy: 19.48
Training Epoch: 143/200	Train Loss: 1.0873	Val Accuracy: 19.48
Training Epoch: 144/200	Train Loss: 1.1653	Val Accuracy: 19.88
Training Epoch: 145/200	Train Loss: 2.0275	Val Accuracy: 19.88
Training Epoch: 146/200	Train Loss: 1.1302	Val Accuracy: 20.06
Training Epoch: 147/200	Train Loss: 1.1942	Val Accuracy: 20.06
Training Epoch: 148/200	Train Loss: 3.8074	Val Accuracy: 21.06
Training Epoch: 149/200	Train Loss: 1.9016	Val Accuracy: 21.06
Training Epoch: 150/200	Train Loss: 2.0451	Val Accuracy: 20.46
Training Epoch: 151/200	Train Loss: 3.2201	Val Accuracy: 20.46
Training Epoch: 152/200	Train Loss: 1.1823	Val Accuracy: 20.88
Training Epoch: 153/200	Train Loss: 1.1037	Val Accuracy: 20.88
Training Epoch: 154/200	Train Loss: 2.5947	Val Accuracy: 18.38
Training Epoch: 155/200	Train Loss: 1.4701	Val Accuracy: 18.38
Training Epoch: 156/200	Train Loss: 3.5893	Val Accuracy: 16.22
Training Epoch: 157/200	Train Loss: 1.4769	Val Accuracy: 16.22
Training Epoch: 158/200	Train Loss: 2.1318	Val Accuracy: 17.24
Training Epoch: 159/200	Train Loss: 5.5517	Val Accuracy: 17.24
Training Epoch: 160/200	Train Loss: 1.4044	Val Accuracy: 16.8
Training Epoch: 161/200	Train Loss: 3.2272	Val Accuracy: 16.8
Training Epoch: 162/200	Train Loss: 3.2709	Val Accuracy: 17.1
Training Epoch: 163/200	Train Loss: 1.4379	Val Accuracy: 17.1
Training Epoch: 164/200	Train Loss: 1.5071	Val Accuracy: 17.12
Training Epoch: 165/200	Train Loss: 1.2937	Val Accuracy: 17.12
Training Epoch: 166/200	Train Loss: 1.4439	Val Accuracy: 17.88
Training Epoch: 167/200	Train Loss: 1.349	Val Accuracy: 17.88
Training Epoch: 168/200	Train Loss: 2.6526	Val Accuracy: 18.56
Training Epoch: 169/200	Train Loss: 10.0632	Val Accuracy: 18.56
Training Epoch: 170/200	Train Loss: 6.6276	Val Accuracy: 18.54
Training Epoch: 171/200	Train Loss: 1.3532	Val Accuracy: 18.54
Training Epoch: 172/200	Train Loss: 1.3659	Val Accuracy: 18.3
Training Epoch: 173/200	Train Loss: 1.2762	Val Accuracy: 18.3
Training Epoch: 174/200	Train Loss: 2.4748	Val Accuracy: 18.7
Training Epoch: 175/200	Train Loss: 4.256	Val Accuracy: 18.7
Training Epoch: 176/200	Train Loss: 4.0408	Val Accuracy: 19.24
Training Epoch: 177/200	Train Loss: 1.3363	Val Accuracy: 19.24
Training Epoch: 178/200	Train Loss: 2.4277	Val Accuracy: 18.6
Training Epoch: 179/200	Train Loss: 1.1277	Val Accuracy: 18.6
Training Epoch: 180/200	Train Loss: 1.2481	Val Accuracy: 19.5
Training Epoch: 181/200	Train Loss: 6.2326	Val Accuracy: 19.5
Training Epoch: 182/200	Train Loss: 2.6964	Val Accuracy: 19.46
Training Epoch: 183/200	Train Loss: 3.5067	Val Accuracy: 19.46
Training Epoch: 184/200	Train Loss: 1.5016	Val Accuracy: 20.72
Training Epoch: 185/200	Train Loss: 1.5852	Val Accuracy: 20.72
Training Epoch: 186/200	Train Loss: 1.618	Val Accuracy: 19.14
Training Epoch: 187/200	Train Loss: 5.5639	Val Accuracy: 19.14
Training Epoch: 188/200	Train Loss: 1.1562	Val Accuracy: 19.24
Training Epoch: 189/200	Train Loss: 1.0826	Val Accuracy: 19.24
Training Epoch: 190/200	Train Loss: 3.2125	Val Accuracy: 19.46
Training Epoch: 191/200	Train Loss: 1.2007	Val Accuracy: 19.46
Training Epoch: 192/200	Train Loss: 4.2284	Val Accuracy: 19.4
Training Epoch: 193/200	Train Loss: 1.4012	Val Accuracy: 19.4
Training Epoch: 194/200	Train Loss: 1.3827	Val Accuracy: 19.42
Training Epoch: 195/200	Train Loss: 1.2421	Val Accuracy: 19.42
Training Epoch: 196/200	Train Loss: 2.547	Val Accuracy: 19.7
Training Epoch: 197/200	Train Loss: 5.0453	Val Accuracy: 19.7
Training Epoch: 198/200	Train Loss: 1.4643	Val Accuracy: 19.48
Training Epoch: 199/200	Train Loss: 1.2006	Val Accuracy: 19.48
Training Epoch: 200/200	Train Loss: 4.6281	Val Accuracy: 19.44

Wrote Best Model Checkpoint to: vlBest_acc_21_model_epoch_0148.pyth

Best Validation Accuracy: 21.06
Best Epoch: 148

======== TESTING ========

Test Accuracy: 20.58.

======== ACTIVE SAMPLING ========

ProbCover adaptive delta: base=0.2500, effective=0.2125, scale=0.85, phase=post_label_shrink, labeled_count=200
[ID cache] loaded: /scratch/s219110279/idpc_cache/resnet50/CIFAR10/seed1/mle_local_k50.npy
[kNN cache] loaded: /scratch/s219110279/idpc_cache/resnet50/CIFAR10/seed1/knn_k50.npz
[IDProbCover] it=000 pick_rel=1209 ID=7.241 pick_global=1106 best_gain=4 covered=0.063 maxdeg=4
[IDProbCover] it=001 pick_rel=6041 ID=7.288 pick_global=6513 best_gain=4 covered=0.063 maxdeg=4
[IDProbCover] it=002 pick_rel=36403 ID=7.294 pick_global=40430 best_gain=4 covered=0.063 maxdeg=4
[IDProbCover] it=003 pick_rel=31199 ID=7.310 pick_global=34599 best_gain=4 covered=0.063 maxdeg=4
[IDProbCover] it=004 pick_rel=23956 ID=7.398 pick_global=26513 best_gain=4 covered=0.063 maxdeg=4
[IDProbCover] it=005 pick_rel=23436 ID=7.407 pick_global=25931 best_gain=4 covered=0.063 maxdeg=4
[IDProbCover] it=006 pick_rel=44083 ID=7.456 pick_global=48955 best_gain=4 covered=0.063 maxdeg=4
[IDProbCover] it=007 pick_rel=28279 ID=7.497 pick_global=31317 best_gain=4 covered=0.063 maxdeg=4
[IDProbCover] it=008 pick_rel=3962 ID=7.503 pick_global=4182 best_gain=4 covered=0.063 maxdeg=4
[IDProbCover] it=009 pick_rel=41348 ID=7.549 pick_global=45940 best_gain=4 covered=0.063 maxdeg=4
[IDProbCover] it=010 pick_rel=15731 ID=7.553 pick_global=17342 best_gain=4 covered=0.064 maxdeg=4
[IDProbCover] it=011 pick_rel=16409 ID=7.638 pick_global=18095 best_gain=4 covered=0.064 maxdeg=4
[IDProbCover] it=012 pick_rel=14532 ID=7.753 pick_global=16000 best_gain=4 covered=0.064 maxdeg=4
[IDProbCover] it=013 pick_rel=30484 ID=7.849 pick_global=33788 best_gain=4 covered=0.064 maxdeg=4
[IDProbCover] it=014 pick_rel=7816 ID=7.920 pick_global=8502 best_gain=4 covered=0.064 maxdeg=4
[IDProbCover] it=015 pick_rel=33883 ID=7.932 pick_global=37568 best_gain=4 covered=0.064 maxdeg=4
[IDProbCover] it=016 pick_rel=13962 ID=8.252 pick_global=15348 best_gain=4 covered=0.064 maxdeg=4
[IDProbCover] it=017 pick_rel=10074 ID=8.322 pick_global=11022 best_gain=4 covered=0.064 maxdeg=4
[IDProbCover] it=018 pick_rel=29720 ID=8.322 pick_global=32931 best_gain=4 covered=0.064 maxdeg=4
[IDProbCover] it=019 pick_rel=17611 ID=8.514 pick_global=19410 best_gain=4 covered=0.064 maxdeg=4
[IDProbCover] it=020 pick_rel=35893 ID=8.671 pick_global=39848 best_gain=4 covered=0.064 maxdeg=4
[IDProbCover] it=021 pick_rel=37488 ID=8.717 pick_global=41652 best_gain=4 covered=0.065 maxdeg=4
[IDProbCover] it=022 pick_rel=17163 ID=9.120 pick_global=18918 best_gain=4 covered=0.065 maxdeg=3
[IDProbCover] it=023 pick_rel=17625 ID=3.057 pick_global=19426 best_gain=3 covered=0.065 maxdeg=3
[IDProbCover] it=024 pick_rel=31436 ID=3.329 pick_global=34864 best_gain=3 covered=0.065 maxdeg=3
[IDProbCover] it=025 pick_rel=29503 ID=3.357 pick_global=32683 best_gain=3 covered=0.065 maxdeg=3
[IDProbCover] it=026 pick_rel=4136 ID=3.674 pick_global=4375 best_gain=3 covered=0.065 maxdeg=3
[IDProbCover] it=027 pick_rel=12931 ID=3.703 pick_global=14204 best_gain=3 covered=0.065 maxdeg=3
[IDProbCover] it=028 pick_rel=1468 ID=3.750 pick_global=1388 best_gain=3 covered=0.065 maxdeg=3
[IDProbCover] it=029 pick_rel=15937 ID=3.753 pick_global=17569 best_gain=3 covered=0.065 maxdeg=3
[IDProbCover] it=030 pick_rel=38083 ID=4.133 pick_global=42315 best_gain=3 covered=0.065 maxdeg=3
[IDProbCover] it=031 pick_rel=38084 ID=4.388 pick_global=42316 best_gain=3 covered=0.065 maxdeg=3
[IDProbCover] it=032 pick_rel=8090 ID=4.397 pick_global=8806 best_gain=3 covered=0.065 maxdeg=3
[IDProbCover] it=033 pick_rel=8738 ID=4.543 pick_global=9523 best_gain=3 covered=0.065 maxdeg=3
[IDProbCover] it=034 pick_rel=13530 ID=4.605 pick_global=14865 best_gain=3 covered=0.065 maxdeg=3
[IDProbCover] it=035 pick_rel=37957 ID=4.737 pick_global=42170 best_gain=3 covered=0.065 maxdeg=3
[IDProbCover] it=036 pick_rel=28611 ID=4.824 pick_global=31679 best_gain=3 covered=0.066 maxdeg=3
[IDProbCover] it=037 pick_rel=35162 ID=4.830 pick_global=39019 best_gain=3 covered=0.066 maxdeg=3
[IDProbCover] it=038 pick_rel=41624 ID=4.974 pick_global=46242 best_gain=3 covered=0.066 maxdeg=3
[IDProbCover] it=039 pick_rel=38269 ID=5.291 pick_global=42528 best_gain=3 covered=0.066 maxdeg=3
[IDProbCover] it=040 pick_rel=36683 ID=5.664 pick_global=40752 best_gain=3 covered=0.066 maxdeg=3
[IDProbCover] it=041 pick_rel=2612 ID=5.788 pick_global=2663 best_gain=3 covered=0.066 maxdeg=3
[IDProbCover] it=042 pick_rel=30971 ID=6.068 pick_global=34340 best_gain=3 covered=0.066 maxdeg=3
[IDProbCover] it=043 pick_rel=33929 ID=6.152 pick_global=37624 best_gain=3 covered=0.066 maxdeg=3
[IDProbCover] it=044 pick_rel=3563 ID=6.179 pick_global=3735 best_gain=3 covered=0.066 maxdeg=3
[IDProbCover] it=045 pick_rel=36741 ID=6.210 pick_global=40820 best_gain=3 covered=0.066 maxdeg=3
[IDProbCover] it=046 pick_rel=18441 ID=6.292 pick_global=20331 best_gain=3 covered=0.066 maxdeg=3
[IDProbCover] it=047 pick_rel=37955 ID=6.354 pick_global=42168 best_gain=3 covered=0.066 maxdeg=3
[IDProbCover] it=048 pick_rel=20867 ID=6.369 pick_global=23043 best_gain=3 covered=0.066 maxdeg=3
[IDProbCover] it=049 pick_rel=44202 ID=6.409 pick_global=49091 best_gain=3 covered=0.066 maxdeg=3
Coverage selection metadata: active=False (mode=id_prob_cover, variant=unknown, delta=0.2125, phase=id_adaptive, bald_mean=0.0000, bald_max=0.0000, variance_mean=0.0000, variance_max=0.0000, dropout_iters=0, cover_anchors=0, diversity_lambda=0.00, selected_id_mean=6.2667, selected_signal_mean=0.0000, selected_radius_mean=0.6174, k_id=50, k_knn=50, alpha=1.00)
Active Sampling Complete. After Episode 3:
New Labeled Set: 250, New Unlabeled Set: 44750, Active Set: 50

================================


Current accuracy values:  [20.200000000000003, 17.099999999999994, 17.400000000000006, 20.58]
Starting model from scratch - ignoring existing weights.
<All keys matched successfully>
None
======== EPISODE 4 BEGINS ========

======== TRAINING ========
Training Epoch: 1/200	Train Loss: 10.3128	Val Accuracy: 0.0
Training Epoch: 2/200	Train Loss: 20.4245	Val Accuracy: 9.56
Training Epoch: 3/200	Train Loss: 11.804	Val Accuracy: 9.56
Training Epoch: 4/200	Train Loss: 11.0904	Val Accuracy: 9.98
Training Epoch: 5/200	Train Loss: 8.3396	Val Accuracy: 9.98
Training Epoch: 6/200	Train Loss: 4.9862	Val Accuracy: 10.68
Training Epoch: 7/200	Train Loss: 8.3241	Val Accuracy: 10.68
Training Epoch: 8/200	Train Loss: 2.1145	Val Accuracy: 9.98
Training Epoch: 9/200	Train Loss: 5.3431	Val Accuracy: 9.98
Training Epoch: 10/200	Train Loss: 4.4518	Val Accuracy: 11.6
Training Epoch: 11/200	Train Loss: 2.9583	Val Accuracy: 11.6
Training Epoch: 12/200	Train Loss: 4.7394	Val Accuracy: 7.46
Training Epoch: 13/200	Train Loss: 4.4562	Val Accuracy: 7.46
Training Epoch: 14/200	Train Loss: 3.0288	Val Accuracy: 7.28
Training Epoch: 15/200	Train Loss: 6.2606	Val Accuracy: 7.28
Training Epoch: 16/200	Train Loss: 2.7804	Val Accuracy: 10.22
Training Epoch: 17/200	Train Loss: 6.7479	Val Accuracy: 10.22
Training Epoch: 18/200	Train Loss: 3.6181	Val Accuracy: 11.04
Training Epoch: 19/200	Train Loss: 11.451	Val Accuracy: 11.04
Training Epoch: 20/200	Train Loss: 2.9691	Val Accuracy: 10.26
Training Epoch: 21/200	Train Loss: 4.9759	Val Accuracy: 10.26
Training Epoch: 22/200	Train Loss: 7.0974	Val Accuracy: 9.54
Training Epoch: 23/200	Train Loss: 3.4799	Val Accuracy: 9.54
Training Epoch: 24/200	Train Loss: 4.0491	Val Accuracy: 12.12
Training Epoch: 25/200	Train Loss: 2.5243	Val Accuracy: 12.12
Training Epoch: 26/200	Train Loss: 6.4139	Val Accuracy: 9.58
Training Epoch: 27/200	Train Loss: 5.2887	Val Accuracy: 9.58
Training Epoch: 28/200	Train Loss: 5.6881	Val Accuracy: 10.42
Training Epoch: 29/200	Train Loss: 3.2956	Val Accuracy: 10.42
Training Epoch: 30/200	Train Loss: 2.128	Val Accuracy: 10.22
Training Epoch: 31/200	Train Loss: 2.0983	Val Accuracy: 10.22
Training Epoch: 32/200	Train Loss: 5.0318	Val Accuracy: 11.06
Training Epoch: 33/200	Train Loss: 5.0061	Val Accuracy: 11.06
Training Epoch: 34/200	Train Loss: 4.2718	Val Accuracy: 12.1
Training Epoch: 35/200	Train Loss: 2.753	Val Accuracy: 12.1
Training Epoch: 36/200	Train Loss: 3.2852	Val Accuracy: 13.62
Training Epoch: 37/200	Train Loss: 5.8761	Val Accuracy: 13.62
Training Epoch: 38/200	Train Loss: 2.3768	Val Accuracy: 12.4
Training Epoch: 39/200	Train Loss: 4.8611	Val Accuracy: 12.4
Training Epoch: 40/200	Train Loss: 1.8951	Val Accuracy: 11.76
Training Epoch: 41/200	Train Loss: 4.7411	Val Accuracy: 11.76
Training Epoch: 42/200	Train Loss: 2.9144	Val Accuracy: 14.18
Training Epoch: 43/200	Train Loss: 4.3569	Val Accuracy: 14.18
Training Epoch: 44/200	Train Loss: 3.4484	Val Accuracy: 14.08
Training Epoch: 45/200	Train Loss: 2.4118	Val Accuracy: 14.08
Training Epoch: 46/200	Train Loss: 3.1745	Val Accuracy: 14.7
Training Epoch: 47/200	Train Loss: 2.2072	Val Accuracy: 14.7
Training Epoch: 48/200	Train Loss: 3.9678	Val Accuracy: 16.26
Training Epoch: 49/200	Train Loss: 3.1338	Val Accuracy: 16.26
Training Epoch: 50/200	Train Loss: 4.5409	Val Accuracy: 16.88
Training Epoch: 51/200	Train Loss: 5.114	Val Accuracy: 16.88
Training Epoch: 52/200	Train Loss: 3.3782	Val Accuracy: 16.52
Training Epoch: 53/200	Train Loss: 2.5491	Val Accuracy: 16.52
Training Epoch: 54/200	Train Loss: 3.3772	Val Accuracy: 18.32
Training Epoch: 55/200	Train Loss: 2.0782	Val Accuracy: 18.32
Training Epoch: 56/200	Train Loss: 2.071	Val Accuracy: 17.6
Training Epoch: 57/200	Train Loss: 3.6658	Val Accuracy: 17.6
Training Epoch: 58/200	Train Loss: 2.4603	Val Accuracy: 14.98
Training Epoch: 59/200	Train Loss: 4.4375	Val Accuracy: 14.98
Training Epoch: 60/200	Train Loss: 2.1254	Val Accuracy: 14.44
Training Epoch: 61/200	Train Loss: 3.2161	Val Accuracy: 14.44
Training Epoch: 62/200	Train Loss: 1.713	Val Accuracy: 14.72
Training Epoch: 63/200	Train Loss: 1.9141	Val Accuracy: 14.72
Training Epoch: 64/200	Train Loss: 3.3524	Val Accuracy: 15.74
Training Epoch: 65/200	Train Loss: 1.717	Val Accuracy: 15.74
Training Epoch: 66/200	Train Loss: 1.6688	Val Accuracy: 16.08
Training Epoch: 67/200	Train Loss: 2.4667	Val Accuracy: 16.08
Training Epoch: 68/200	Train Loss: 3.5824	Val Accuracy: 19.18
Training Epoch: 69/200	Train Loss: 3.295	Val Accuracy: 19.18
Training Epoch: 70/200	Train Loss: 2.3122	Val Accuracy: 19.98
Training Epoch: 71/200	Train Loss: 3.0877	Val Accuracy: 19.98
Training Epoch: 72/200	Train Loss: 2.6826	Val Accuracy: 20.86
Training Epoch: 73/200	Train Loss: 2.5115	Val Accuracy: 20.86
Training Epoch: 74/200	Train Loss: 2.1381	Val Accuracy: 20.58
Training Epoch: 75/200	Train Loss: 1.6073	Val Accuracy: 20.58
Training Epoch: 76/200	Train Loss: 2.0137	Val Accuracy: 20.8
Training Epoch: 77/200	Train Loss: 1.643	Val Accuracy: 20.8
Training Epoch: 78/200	Train Loss: 1.639	Val Accuracy: 20.76
Training Epoch: 79/200	Train Loss: 2.6723	Val Accuracy: 20.76
Training Epoch: 80/200	Train Loss: 1.2652	Val Accuracy: 21.4
Training Epoch: 81/200	Train Loss: 2.7201	Val Accuracy: 21.4
Training Epoch: 82/200	Train Loss: 4.0852	Val Accuracy: 21.12
Training Epoch: 83/200	Train Loss: 1.3411	Val Accuracy: 21.12
Training Epoch: 84/200	Train Loss: 2.45	Val Accuracy: 22.12
Training Epoch: 85/200	Train Loss: 2.4818	Val Accuracy: 22.12
Training Epoch: 86/200	Train Loss: 3.0821	Val Accuracy: 22.02
Training Epoch: 87/200	Train Loss: 1.1386	Val Accuracy: 22.02
Training Epoch: 88/200	Train Loss: 2.0823	Val Accuracy: 22.92
Training Epoch: 89/200	Train Loss: 2.0156	Val Accuracy: 22.92
Training Epoch: 90/200	Train Loss: 0.9467	Val Accuracy: 22.56
Training Epoch: 91/200	Train Loss: 1.1116	Val Accuracy: 22.56
Training Epoch: 92/200	Train Loss: 0.9267	Val Accuracy: 22.32
Training Epoch: 93/200	Train Loss: 0.968	Val Accuracy: 22.32
Training Epoch: 94/200	Train Loss: 0.9368	Val Accuracy: 23.6
Training Epoch: 95/200	Train Loss: 1.0737	Val Accuracy: 23.6
Training Epoch: 96/200	Train Loss: 0.977	Val Accuracy: 23.4
Training Epoch: 97/200	Train Loss: 2.1798	Val Accuracy: 23.4
Training Epoch: 98/200	Train Loss: 1.6688	Val Accuracy: 22.44
Training Epoch: 99/200	Train Loss: 2.4802	Val Accuracy: 22.44
Training Epoch: 100/200	Train Loss: 1.4858	Val Accuracy: 22.16
Training Epoch: 101/200	Train Loss: 1.3078	Val Accuracy: 22.16
Training Epoch: 102/200	Train Loss: 2.55	Val Accuracy: 23.0
Training Epoch: 103/200	Train Loss: 0.9181	Val Accuracy: 23.0
Training Epoch: 104/200	Train Loss: 4.8015	Val Accuracy: 23.7
Training Epoch: 105/200	Train Loss: 1.0748	Val Accuracy: 23.7
Training Epoch: 106/200	Train Loss: 1.6723	Val Accuracy: 22.9
Training Epoch: 107/200	Train Loss: 3.7039	Val Accuracy: 22.9
Training Epoch: 108/200	Train Loss: 4.9991	Val Accuracy: 22.34
Training Epoch: 109/200	Train Loss: 2.5719	Val Accuracy: 22.34
Training Epoch: 110/200	Train Loss: 2.9401	Val Accuracy: 22.44
Training Epoch: 111/200	Train Loss: 4.3122	Val Accuracy: 22.44
Training Epoch: 112/200	Train Loss: 5.0993	Val Accuracy: 22.36
Training Epoch: 113/200	Train Loss: 1.7391	Val Accuracy: 22.36
Training Epoch: 114/200	Train Loss: 1.5611	Val Accuracy: 23.52
Training Epoch: 115/200	Train Loss: 1.8604	Val Accuracy: 23.52
Training Epoch: 116/200	Train Loss: 1.5371	Val Accuracy: 22.02
Training Epoch: 117/200	Train Loss: 1.1095	Val Accuracy: 22.02
Training Epoch: 118/200	Train Loss: 1.1173	Val Accuracy: 20.96
Training Epoch: 119/200	Train Loss: 0.9921	Val Accuracy: 20.96
Training Epoch: 120/200	Train Loss: 2.6594	Val Accuracy: 22.66
Training Epoch: 121/200	Train Loss: 2.3232	Val Accuracy: 22.66
Training Epoch: 122/200	Train Loss: 1.0686	Val Accuracy: 23.02
Training Epoch: 123/200	Train Loss: 1.6306	Val Accuracy: 23.02
Training Epoch: 124/200	Train Loss: 0.8486	Val Accuracy: 24.6
Training Epoch: 125/200	Train Loss: 0.8726	Val Accuracy: 24.6
Training Epoch: 126/200	Train Loss: 1.9972	Val Accuracy: 23.86
Training Epoch: 127/200	Train Loss: 1.6035	Val Accuracy: 23.86
Training Epoch: 128/200	Train Loss: 2.0625	Val Accuracy: 24.92
Training Epoch: 129/200	Train Loss: 3.0254	Val Accuracy: 24.92
Training Epoch: 130/200	Train Loss: 1.5273	Val Accuracy: 25.64
Training Epoch: 131/200	Train Loss: 1.5287	Val Accuracy: 25.64
Training Epoch: 132/200	Train Loss: 2.073	Val Accuracy: 25.98
Training Epoch: 133/200	Train Loss: 1.0884	Val Accuracy: 25.98
Training Epoch: 134/200	Train Loss: 1.507	Val Accuracy: 24.68
Training Epoch: 135/200	Train Loss: 2.0292	Val Accuracy: 24.68
Training Epoch: 136/200	Train Loss: 0.7971	Val Accuracy: 25.26
Training Epoch: 137/200	Train Loss: 1.3909	Val Accuracy: 25.26
Training Epoch: 138/200	Train Loss: 1.7293	Val Accuracy: 25.18
Training Epoch: 139/200	Train Loss: 0.7056	Val Accuracy: 25.18
Training Epoch: 140/200	Train Loss: 0.4207	Val Accuracy: 25.38
Training Epoch: 141/200	Train Loss: 0.7298	Val Accuracy: 25.38
Training Epoch: 142/200	Train Loss: 1.5881	Val Accuracy: 25.98
Training Epoch: 143/200	Train Loss: 0.8439	Val Accuracy: 25.98
Training Epoch: 144/200	Train Loss: 0.5542	Val Accuracy: 26.9
Training Epoch: 145/200	Train Loss: 0.8103	Val Accuracy: 26.9
Training Epoch: 146/200	Train Loss: 0.6968	Val Accuracy: 25.92
Training Epoch: 147/200	Train Loss: 0.7257	Val Accuracy: 25.92
Training Epoch: 148/200	Train Loss: 0.548	Val Accuracy: 26.42
Training Epoch: 149/200	Train Loss: 0.3736	Val Accuracy: 26.42
Training Epoch: 150/200	Train Loss: 0.53	Val Accuracy: 26.8
Training Epoch: 151/200	Train Loss: 0.456	Val Accuracy: 26.8
Training Epoch: 152/200	Train Loss: 0.6849	Val Accuracy: 26.36
Training Epoch: 153/200	Train Loss: 0.8096	Val Accuracy: 26.36
Training Epoch: 154/200	Train Loss: 1.9201	Val Accuracy: 26.76
Training Epoch: 155/200	Train Loss: 1.4196	Val Accuracy: 26.76
Training Epoch: 156/200	Train Loss: 0.9202	Val Accuracy: 26.42
Training Epoch: 157/200	Train Loss: 0.2785	Val Accuracy: 26.42
Training Epoch: 158/200	Train Loss: 0.9935	Val Accuracy: 26.42
Training Epoch: 159/200	Train Loss: 0.9229	Val Accuracy: 26.42
Training Epoch: 160/200	Train Loss: 0.8265	Val Accuracy: 26.58
Training Epoch: 161/200	Train Loss: 0.2953	Val Accuracy: 26.58
Training Epoch: 162/200	Train Loss: 0.1985	Val Accuracy: 26.98
Training Epoch: 163/200	Train Loss: 1.3917	Val Accuracy: 26.98
Training Epoch: 164/200	Train Loss: 0.7049	Val Accuracy: 26.76
Training Epoch: 165/200	Train Loss: 0.2567	Val Accuracy: 26.76
Training Epoch: 166/200	Train Loss: 0.8631	Val Accuracy: 27.2
Training Epoch: 167/200	Train Loss: 0.6592	Val Accuracy: 27.2
Training Epoch: 168/200	Train Loss: 1.1926	Val Accuracy: 26.32
Training Epoch: 169/200	Train Loss: 0.3571	Val Accuracy: 26.32
Training Epoch: 170/200	Train Loss: 0.2749	Val Accuracy: 27.1
Training Epoch: 171/200	Train Loss: 0.2408	Val Accuracy: 27.1
Training Epoch: 172/200	Train Loss: 0.8872	Val Accuracy: 26.74
Training Epoch: 173/200	Train Loss: 0.3219	Val Accuracy: 26.74
Training Epoch: 174/200	Train Loss: 0.3839	Val Accuracy: 26.54
Training Epoch: 175/200	Train Loss: 0.273	Val Accuracy: 26.54
Training Epoch: 176/200	Train Loss: 0.6227	Val Accuracy: 26.36
Training Epoch: 177/200	Train Loss: 0.42	Val Accuracy: 26.36
Training Epoch: 178/200	Train Loss: 0.3077	Val Accuracy: 26.5
Training Epoch: 179/200	Train Loss: 0.7438	Val Accuracy: 26.5
Training Epoch: 180/200	Train Loss: 0.2374	Val Accuracy: 27.28
Training Epoch: 181/200	Train Loss: 1.1388	Val Accuracy: 27.28
Training Epoch: 182/200	Train Loss: 0.2076	Val Accuracy: 26.82
Training Epoch: 183/200	Train Loss: 0.3355	Val Accuracy: 26.82
Training Epoch: 184/200	Train Loss: 0.9732	Val Accuracy: 27.62
Training Epoch: 185/200	Train Loss: 0.7836	Val Accuracy: 27.62
Training Epoch: 186/200	Train Loss: 0.4963	Val Accuracy: 26.92
Training Epoch: 187/200	Train Loss: 0.333	Val Accuracy: 26.92
Training Epoch: 188/200	Train Loss: 1.046	Val Accuracy: 27.32
Training Epoch: 189/200	Train Loss: 0.311	Val Accuracy: 27.32
Training Epoch: 190/200	Train Loss: 0.3329	Val Accuracy: 27.16
Training Epoch: 191/200	Train Loss: 0.3319	Val Accuracy: 27.16
Training Epoch: 192/200	Train Loss: 0.2314	Val Accuracy: 27.32
Training Epoch: 193/200	Train Loss: 0.496	Val Accuracy: 27.32
Training Epoch: 194/200	Train Loss: 0.5508	Val Accuracy: 27.1
Training Epoch: 195/200	Train Loss: 1.1315	Val Accuracy: 27.1
Training Epoch: 196/200	Train Loss: 0.338	Val Accuracy: 26.98
Training Epoch: 197/200	Train Loss: 1.9222	Val Accuracy: 26.98
Training Epoch: 198/200	Train Loss: 0.5729	Val Accuracy: 27.08
Training Epoch: 199/200	Train Loss: 2.7227	Val Accuracy: 27.08
Training Epoch: 200/200	Train Loss: 0.2698	Val Accuracy: 26.82

Wrote Best Model Checkpoint to: vlBest_acc_27_model_epoch_0184.pyth

Best Validation Accuracy: 27.62
Best Epoch: 184

======== TESTING ========

Test Accuracy: 27.08.

======== ACTIVE SAMPLING ========

ProbCover adaptive delta: base=0.2500, effective=0.2125, scale=0.85, phase=post_label_shrink, labeled_count=250
[ID cache] loaded: /scratch/s219110279/idpc_cache/resnet50/CIFAR10/seed1/mle_local_k50.npy
[kNN cache] loaded: /scratch/s219110279/idpc_cache/resnet50/CIFAR10/seed1/knn_k50.npz
[IDProbCover] it=000 pick_rel=8800 ID=6.645 pick_global=9548 best_gain=3 covered=0.066 maxdeg=3
[IDProbCover] it=001 pick_rel=20225 ID=6.664 pick_global=22289 best_gain=3 covered=0.067 maxdeg=3
[IDProbCover] it=002 pick_rel=14576 ID=6.689 pick_global=16013 best_gain=3 covered=0.067 maxdeg=3
[IDProbCover] it=003 pick_rel=29743 ID=6.727 pick_global=32934 best_gain=3 covered=0.067 maxdeg=3
[IDProbCover] it=004 pick_rel=31840 ID=6.819 pick_global=35298 best_gain=3 covered=0.067 maxdeg=3
[IDProbCover] it=005 pick_rel=21045 ID=6.822 pick_global=23208 best_gain=3 covered=0.067 maxdeg=3
[IDProbCover] it=006 pick_rel=38523 ID=6.848 pick_global=42804 best_gain=3 covered=0.067 maxdeg=3
[IDProbCover] it=007 pick_rel=3655 ID=6.850 pick_global=3786 best_gain=3 covered=0.067 maxdeg=3
[IDProbCover] it=008 pick_rel=19752 ID=6.872 pick_global=21765 best_gain=3 covered=0.067 maxdeg=3
[IDProbCover] it=009 pick_rel=37070 ID=6.915 pick_global=41176 best_gain=3 covered=0.067 maxdeg=3
[IDProbCover] it=010 pick_rel=29602 ID=6.959 pick_global=32772 best_gain=3 covered=0.067 maxdeg=3
[IDProbCover] it=011 pick_rel=25297 ID=7.016 pick_global=27996 best_gain=3 covered=0.067 maxdeg=3
[IDProbCover] it=012 pick_rel=15525 ID=7.074 pick_global=17076 best_gain=3 covered=0.067 maxdeg=3
[IDProbCover] it=013 pick_rel=7479 ID=7.076 pick_global=8078 best_gain=3 covered=0.067 maxdeg=3
[IDProbCover] it=014 pick_rel=7983 ID=7.113 pick_global=8641 best_gain=3 covered=0.067 maxdeg=3
[IDProbCover] it=015 pick_rel=12517 ID=7.144 pick_global=13706 best_gain=3 covered=0.067 maxdeg=3
[IDProbCover] it=016 pick_rel=31273 ID=7.165 pick_global=34662 best_gain=3 covered=0.068 maxdeg=3
[IDProbCover] it=017 pick_rel=36256 ID=7.197 pick_global=40245 best_gain=3 covered=0.068 maxdeg=3
[IDProbCover] it=018 pick_rel=563 ID=7.231 pick_global=344 best_gain=3 covered=0.068 maxdeg=3
[IDProbCover] it=019 pick_rel=44893 ID=7.234 pick_global=49872 best_gain=3 covered=0.068 maxdeg=3
[IDProbCover] it=020 pick_rel=23786 ID=7.258 pick_global=26296 best_gain=3 covered=0.068 maxdeg=3
[IDProbCover] it=021 pick_rel=34121 ID=7.319 pick_global=37816 best_gain=3 covered=0.068 maxdeg=3
[IDProbCover] it=022 pick_rel=26691 ID=7.322 pick_global=29540 best_gain=3 covered=0.068 maxdeg=3
[IDProbCover] it=023 pick_rel=8041 ID=7.344 pick_global=8703 best_gain=3 covered=0.068 maxdeg=3
[IDProbCover] it=024 pick_rel=15577 ID=7.346 pick_global=17133 best_gain=3 covered=0.068 maxdeg=3
[IDProbCover] it=025 pick_rel=18810 ID=7.368 pick_global=20726 best_gain=3 covered=0.068 maxdeg=3
[IDProbCover] it=026 pick_rel=10882 ID=7.435 pick_global=11885 best_gain=3 covered=0.068 maxdeg=3
[IDProbCover] it=027 pick_rel=30421 ID=7.509 pick_global=33699 best_gain=3 covered=0.068 maxdeg=3
[IDProbCover] it=028 pick_rel=21646 ID=7.538 pick_global=23888 best_gain=3 covered=0.068 maxdeg=3
[IDProbCover] it=029 pick_rel=36699 ID=7.597 pick_global=40757 best_gain=3 covered=0.068 maxdeg=3
[IDProbCover] it=030 pick_rel=15407 ID=7.602 pick_global=16944 best_gain=3 covered=0.068 maxdeg=3
[IDProbCover] it=031 pick_rel=38098 ID=7.608 pick_global=42327 best_gain=3 covered=0.069 maxdeg=3
[IDProbCover] it=032 pick_rel=37356 ID=7.615 pick_global=41500 best_gain=3 covered=0.069 maxdeg=3
[IDProbCover] it=033 pick_rel=4640 ID=7.638 pick_global=4888 best_gain=3 covered=0.069 maxdeg=3
[IDProbCover] it=034 pick_rel=2011 ID=7.653 pick_global=1938 best_gain=3 covered=0.069 maxdeg=3
[IDProbCover] it=035 pick_rel=20796 ID=7.665 pick_global=22929 best_gain=3 covered=0.069 maxdeg=3
[IDProbCover] it=036 pick_rel=4627 ID=7.673 pick_global=4874 best_gain=3 covered=0.069 maxdeg=3
[IDProbCover] it=037 pick_rel=2628 ID=7.700 pick_global=2628 best_gain=3 covered=0.069 maxdeg=3
[IDProbCover] it=038 pick_rel=15231 ID=7.752 pick_global=16752 best_gain=3 covered=0.069 maxdeg=3
[IDProbCover] it=039 pick_rel=6633 ID=7.783 pick_global=7124 best_gain=3 covered=0.069 maxdeg=3
[IDProbCover] it=040 pick_rel=6467 ID=7.797 pick_global=6943 best_gain=3 covered=0.069 maxdeg=3
[IDProbCover] it=041 pick_rel=35020 ID=7.809 pick_global=38838 best_gain=3 covered=0.069 maxdeg=3
[IDProbCover] it=042 pick_rel=18256 ID=7.816 pick_global=20098 best_gain=3 covered=0.069 maxdeg=3
[IDProbCover] it=043 pick_rel=21478 ID=7.823 pick_global=23704 best_gain=3 covered=0.069 maxdeg=3
[IDProbCover] it=044 pick_rel=36350 ID=7.834 pick_global=40357 best_gain=3 covered=0.069 maxdeg=3
[IDProbCover] it=045 pick_rel=6126 ID=7.904 pick_global=6562 best_gain=3 covered=0.069 maxdeg=3
[IDProbCover] it=046 pick_rel=29835 ID=7.931 pick_global=33043 best_gain=3 covered=0.070 maxdeg=3
[IDProbCover] it=047 pick_rel=17267 ID=7.963 pick_global=18999 best_gain=3 covered=0.070 maxdeg=3
[IDProbCover] it=048 pick_rel=29621 ID=8.007 pick_global=32792 best_gain=3 covered=0.070 maxdeg=3
[IDProbCover] it=049 pick_rel=9683 ID=8.097 pick_global=10539 best_gain=3 covered=0.070 maxdeg=3
Coverage selection metadata: active=False (mode=id_prob_cover, variant=unknown, delta=0.2125, phase=id_adaptive, bald_mean=0.0000, bald_max=0.0000, variance_mean=0.0000, variance_max=0.0000, dropout_iters=0, cover_anchors=0, diversity_lambda=0.00, selected_id_mean=7.3753, selected_signal_mean=0.0000, selected_radius_mean=0.4813, k_id=50, k_knn=50, alpha=1.00)
Active Sampling Complete. After Episode 4:
New Labeled Set: 300, New Unlabeled Set: 44700, Active Set: 50

================================


Current accuracy values:  [20.200000000000003, 17.099999999999994, 17.400000000000006, 20.58, 27.079999389648435]
Starting model from scratch - ignoring existing weights.
<All keys matched successfully>
None
======== EPISODE 5 BEGINS ========

======== TRAINING ========
Training Epoch: 1/200	Train Loss: 28.0525	Val Accuracy: 0.0
Training Epoch: 2/200	Train Loss: 21.3048	Val Accuracy: 9.56
Training Epoch: 3/200	Train Loss: 12.6161	Val Accuracy: 9.56
Training Epoch: 4/200	Train Loss: 5.6435	Val Accuracy: 9.82
Training Epoch: 5/200	Train Loss: 5.8479	Val Accuracy: 9.82
Training Epoch: 6/200	Train Loss: 12.515	Val Accuracy: 9.88
Training Epoch: 7/200	Train Loss: 12.3359	Val Accuracy: 9.88
Training Epoch: 8/200	Train Loss: 3.9443	Val Accuracy: 9.72
Training Epoch: 9/200	Train Loss: 4.0399	Val Accuracy: 9.72
Training Epoch: 10/200	Train Loss: 2.7522	Val Accuracy: 10.12
Training Epoch: 11/200	Train Loss: 4.0068	Val Accuracy: 10.12
Training Epoch: 12/200	Train Loss: 4.1459	Val Accuracy: 9.5
Training Epoch: 13/200	Train Loss: 2.0795	Val Accuracy: 9.5
Training Epoch: 14/200	Train Loss: 2.4266	Val Accuracy: 9.76
Training Epoch: 15/200	Train Loss: 2.4811	Val Accuracy: 9.76
Training Epoch: 16/200	Train Loss: 4.3349	Val Accuracy: 11.22
Training Epoch: 17/200	Train Loss: 3.3117	Val Accuracy: 11.22
Training Epoch: 18/200	Train Loss: 4.6351	Val Accuracy: 10.48
Training Epoch: 19/200	Train Loss: 2.1198	Val Accuracy: 10.48
Training Epoch: 20/200	Train Loss: 3.0425	Val Accuracy: 13.8
Training Epoch: 21/200	Train Loss: 2.1094	Val Accuracy: 13.8
Training Epoch: 22/200	Train Loss: 3.1711	Val Accuracy: 10.88
Training Epoch: 23/200	Train Loss: 2.3799	Val Accuracy: 10.88
Training Epoch: 24/200	Train Loss: 2.0822	Val Accuracy: 11.02
Training Epoch: 25/200	Train Loss: 2.7132	Val Accuracy: 11.02
Training Epoch: 26/200	Train Loss: 2.0764	Val Accuracy: 10.34
Training Epoch: 27/200	Train Loss: 3.481	Val Accuracy: 10.34
Training Epoch: 28/200	Train Loss: 2.2817	Val Accuracy: 12.4
Training Epoch: 29/200	Train Loss: 2.0984	Val Accuracy: 12.4
Training Epoch: 30/200	Train Loss: 1.96	Val Accuracy: 16.66
Training Epoch: 31/200	Train Loss: 2.1323	Val Accuracy: 16.66
Training Epoch: 32/200	Train Loss: 2.0591	Val Accuracy: 16.96
Training Epoch: 33/200	Train Loss: 2.4709	Val Accuracy: 16.96
Training Epoch: 34/200	Train Loss: 2.0116	Val Accuracy: 17.28
Training Epoch: 35/200	Train Loss: 2.004	Val Accuracy: 17.28
Training Epoch: 36/200	Train Loss: 1.8473	Val Accuracy: 14.22
Training Epoch: 37/200	Train Loss: 1.9995	Val Accuracy: 14.22
Training Epoch: 38/200	Train Loss: 1.8996	Val Accuracy: 15.3
Training Epoch: 39/200	Train Loss: 1.8821	Val Accuracy: 15.3
Training Epoch: 40/200	Train Loss: 1.8702	Val Accuracy: 16.7
Training Epoch: 41/200	Train Loss: 1.9195	Val Accuracy: 16.7
Training Epoch: 42/200	Train Loss: 1.7482	Val Accuracy: 18.78
Training Epoch: 43/200	Train Loss: 1.8848	Val Accuracy: 18.78
Training Epoch: 44/200	Train Loss: 1.7498	Val Accuracy: 18.46
Training Epoch: 45/200	Train Loss: 1.7773	Val Accuracy: 18.46
Training Epoch: 46/200	Train Loss: 8.7612	Val Accuracy: 17.76
Training Epoch: 47/200	Train Loss: 1.7007	Val Accuracy: 17.76
Training Epoch: 48/200	Train Loss: 1.62	Val Accuracy: 18.24
Training Epoch: 49/200	Train Loss: 1.6617	Val Accuracy: 18.24
Training Epoch: 50/200	Train Loss: 1.7129	Val Accuracy: 18.28
Training Epoch: 51/200	Train Loss: 1.5382	Val Accuracy: 18.28
Training Epoch: 52/200	Train Loss: 1.5458	Val Accuracy: 18.86
Training Epoch: 53/200	Train Loss: 1.7188	Val Accuracy: 18.86
Training Epoch: 54/200	Train Loss: 1.4923	Val Accuracy: 20.2
Training Epoch: 55/200	Train Loss: 1.3894	Val Accuracy: 20.2
Training Epoch: 56/200	Train Loss: 1.4621	Val Accuracy: 22.34
Training Epoch: 57/200	Train Loss: 1.4704	Val Accuracy: 22.34
Training Epoch: 58/200	Train Loss: 1.4323	Val Accuracy: 22.9
Training Epoch: 59/200	Train Loss: 1.4756	Val Accuracy: 22.9
Training Epoch: 60/200	Train Loss: 1.2928	Val Accuracy: 23.72
Training Epoch: 61/200	Train Loss: 1.2514	Val Accuracy: 23.72
Training Epoch: 62/200	Train Loss: 1.3618	Val Accuracy: 24.84
Training Epoch: 63/200	Train Loss: 1.3249	Val Accuracy: 24.84
Training Epoch: 64/200	Train Loss: 1.2908	Val Accuracy: 24.72
Training Epoch: 65/200	Train Loss: 1.2131	Val Accuracy: 24.72
Training Epoch: 66/200	Train Loss: 1.1266	Val Accuracy: 24.12
Training Epoch: 67/200	Train Loss: 1.1739	Val Accuracy: 24.12
Training Epoch: 68/200	Train Loss: 1.1178	Val Accuracy: 26.38
Training Epoch: 69/200	Train Loss: 0.9511	Val Accuracy: 26.38
Training Epoch: 70/200	Train Loss: 0.9646	Val Accuracy: 26.28
Training Epoch: 71/200	Train Loss: 0.9345	Val Accuracy: 26.28
Training Epoch: 72/200	Train Loss: 1.1285	Val Accuracy: 27.36
Training Epoch: 73/200	Train Loss: 0.9047	Val Accuracy: 27.36
Training Epoch: 74/200	Train Loss: 1.1173	Val Accuracy: 26.54
Training Epoch: 75/200	Train Loss: 0.854	Val Accuracy: 26.54
Training Epoch: 76/200	Train Loss: 1.0129	Val Accuracy: 27.28
Training Epoch: 77/200	Train Loss: 1.1046	Val Accuracy: 27.28
Training Epoch: 78/200	Train Loss: 1.1	Val Accuracy: 26.34
Training Epoch: 79/200	Train Loss: 0.9875	Val Accuracy: 26.34
Training Epoch: 80/200	Train Loss: 0.8262	Val Accuracy: 26.96
Training Epoch: 81/200	Train Loss: 0.7442	Val Accuracy: 26.96
Training Epoch: 82/200	Train Loss: 0.6756	Val Accuracy: 27.24
Training Epoch: 83/200	Train Loss: 0.7392	Val Accuracy: 27.24
Training Epoch: 84/200	Train Loss: 0.9222	Val Accuracy: 27.62
Training Epoch: 85/200	Train Loss: 0.7693	Val Accuracy: 27.62
Training Epoch: 86/200	Train Loss: 0.7408	Val Accuracy: 28.74
Training Epoch: 87/200	Train Loss: 0.6982	Val Accuracy: 28.74
Training Epoch: 88/200	Train Loss: 0.585	Val Accuracy: 29.1
Training Epoch: 89/200	Train Loss: 0.7351	Val Accuracy: 29.1
Training Epoch: 90/200	Train Loss: 0.8204	Val Accuracy: 27.74
Training Epoch: 91/200	Train Loss: 0.6566	Val Accuracy: 27.74
Training Epoch: 92/200	Train Loss: 0.5328	Val Accuracy: 27.68
Training Epoch: 93/200	Train Loss: 0.7632	Val Accuracy: 27.68
Training Epoch: 94/200	Train Loss: 0.4857	Val Accuracy: 28.16
Training Epoch: 95/200	Train Loss: 0.5811	Val Accuracy: 28.16
Training Epoch: 96/200	Train Loss: 0.4349	Val Accuracy: 28.32
Training Epoch: 97/200	Train Loss: 0.6498	Val Accuracy: 28.32
Training Epoch: 98/200	Train Loss: 0.5745	Val Accuracy: 28.9
Training Epoch: 99/200	Train Loss: 0.3561	Val Accuracy: 28.9
Training Epoch: 100/200	Train Loss: 0.5199	Val Accuracy: 27.76
Training Epoch: 101/200	Train Loss: 0.4479	Val Accuracy: 27.76
Training Epoch: 102/200	Train Loss: 0.4988	Val Accuracy: 28.54
Training Epoch: 103/200	Train Loss: 0.2918	Val Accuracy: 28.54
Training Epoch: 104/200	Train Loss: 0.3966	Val Accuracy: 29.82
Training Epoch: 105/200	Train Loss: 0.4714	Val Accuracy: 29.82
Training Epoch: 106/200	Train Loss: 0.3775	Val Accuracy: 28.04
Training Epoch: 107/200	Train Loss: 0.2852	Val Accuracy: 28.04
Training Epoch: 108/200	Train Loss: 0.3651	Val Accuracy: 28.42
Training Epoch: 109/200	Train Loss: 0.413	Val Accuracy: 28.42
Training Epoch: 110/200	Train Loss: 0.5093	Val Accuracy: 29.54
Training Epoch: 111/200	Train Loss: 0.3628	Val Accuracy: 29.54
Training Epoch: 112/200	Train Loss: 0.3218	Val Accuracy: 29.62
Training Epoch: 113/200	Train Loss: 0.3713	Val Accuracy: 29.62
Training Epoch: 114/200	Train Loss: 0.27	Val Accuracy: 30.76
Training Epoch: 115/200	Train Loss: 0.3299	Val Accuracy: 30.76
Training Epoch: 116/200	Train Loss: 0.2917	Val Accuracy: 29.52
Training Epoch: 117/200	Train Loss: 0.1514	Val Accuracy: 29.52
Training Epoch: 118/200	Train Loss: 0.2527	Val Accuracy: 30.38
Training Epoch: 119/200	Train Loss: 0.2832	Val Accuracy: 30.38
Training Epoch: 120/200	Train Loss: 0.2164	Val Accuracy: 30.18
Training Epoch: 121/200	Train Loss: 0.2658	Val Accuracy: 30.18
Training Epoch: 122/200	Train Loss: 0.2728	Val Accuracy: 29.38
Training Epoch: 123/200	Train Loss: 0.1704	Val Accuracy: 29.38
Training Epoch: 124/200	Train Loss: 0.1234	Val Accuracy: 30.1
Training Epoch: 125/200	Train Loss: 0.2543	Val Accuracy: 30.1
Training Epoch: 126/200	Train Loss: 0.1167	Val Accuracy: 30.26
Training Epoch: 127/200	Train Loss: 0.1479	Val Accuracy: 30.26
Training Epoch: 128/200	Train Loss: 0.168	Val Accuracy: 29.64
Training Epoch: 129/200	Train Loss: 0.1638	Val Accuracy: 29.64
Training Epoch: 130/200	Train Loss: 0.2249	Val Accuracy: 30.36
Training Epoch: 131/200	Train Loss: 0.1266	Val Accuracy: 30.36
Training Epoch: 132/200	Train Loss: 0.3808	Val Accuracy: 30.38
Training Epoch: 133/200	Train Loss: 0.1999	Val Accuracy: 30.38
Training Epoch: 134/200	Train Loss: 0.147	Val Accuracy: 30.7
Training Epoch: 135/200	Train Loss: 0.1032	Val Accuracy: 30.7
Training Epoch: 136/200	Train Loss: 0.1751	Val Accuracy: 30.52
Training Epoch: 137/200	Train Loss: 0.0926	Val Accuracy: 30.52
Training Epoch: 138/200	Train Loss: 0.1121	Val Accuracy: 30.9
Training Epoch: 139/200	Train Loss: 0.2194	Val Accuracy: 30.9
Training Epoch: 140/200	Train Loss: 0.1198	Val Accuracy: 30.7
Training Epoch: 141/200	Train Loss: 0.0658	Val Accuracy: 30.7
Training Epoch: 142/200	Train Loss: 0.066	Val Accuracy: 30.84
Training Epoch: 143/200	Train Loss: 0.1134	Val Accuracy: 30.84
Training Epoch: 144/200	Train Loss: 0.2151	Val Accuracy: 30.8
Training Epoch: 145/200	Train Loss: 0.153	Val Accuracy: 30.8
Training Epoch: 146/200	Train Loss: 0.1169	Val Accuracy: 31.08
Training Epoch: 147/200	Train Loss: 0.1024	Val Accuracy: 31.08
Training Epoch: 148/200	Train Loss: 0.0515	Val Accuracy: 30.66
Training Epoch: 149/200	Train Loss: 0.0544	Val Accuracy: 30.66
Training Epoch: 150/200	Train Loss: 0.0411	Val Accuracy: 31.02
Training Epoch: 151/200	Train Loss: 0.0626	Val Accuracy: 31.02
Training Epoch: 152/200	Train Loss: 0.0575	Val Accuracy: 30.36
Training Epoch: 153/200	Train Loss: 0.1788	Val Accuracy: 30.36
Training Epoch: 154/200	Train Loss: 0.048	Val Accuracy: 30.1
Training Epoch: 155/200	Train Loss: 0.1471	Val Accuracy: 30.1
Training Epoch: 156/200	Train Loss: 0.0921	Val Accuracy: 30.38
Training Epoch: 157/200	Train Loss: 0.071	Val Accuracy: 30.38
Training Epoch: 158/200	Train Loss: 0.1017	Val Accuracy: 31.72
Training Epoch: 159/200	Train Loss: 0.0857	Val Accuracy: 31.72
Training Epoch: 160/200	Train Loss: 0.0939	Val Accuracy: 31.06
Training Epoch: 161/200	Train Loss: 0.1093	Val Accuracy: 31.06
Training Epoch: 162/200	Train Loss: 0.0882	Val Accuracy: 31.46
Training Epoch: 163/200	Train Loss: 0.0523	Val Accuracy: 31.46
Training Epoch: 164/200	Train Loss: 0.0548	Val Accuracy: 30.16
Training Epoch: 165/200	Train Loss: 0.0406	Val Accuracy: 30.16
Training Epoch: 166/200	Train Loss: 0.0916	Val Accuracy: 30.98
Training Epoch: 167/200	Train Loss: 0.1266	Val Accuracy: 30.98
Training Epoch: 168/200	Train Loss: 0.058	Val Accuracy: 31.8
Training Epoch: 169/200	Train Loss: 0.0643	Val Accuracy: 31.8
Training Epoch: 170/200	Train Loss: 0.1005	Val Accuracy: 31.04
Training Epoch: 171/200	Train Loss: 0.0552	Val Accuracy: 31.04
Training Epoch: 172/200	Train Loss: 0.0445	Val Accuracy: 30.36
Training Epoch: 173/200	Train Loss: 0.0583	Val Accuracy: 30.36
Training Epoch: 174/200	Train Loss: 0.1312	Val Accuracy: 30.76
Training Epoch: 175/200	Train Loss: 0.0571	Val Accuracy: 30.76
Training Epoch: 176/200	Train Loss: 0.0274	Val Accuracy: 30.8
Training Epoch: 177/200	Train Loss: 0.0752	Val Accuracy: 30.8
Training Epoch: 178/200	Train Loss: 0.03	Val Accuracy: 30.58
Training Epoch: 179/200	Train Loss: 0.0159	Val Accuracy: 30.58
Training Epoch: 180/200	Train Loss: 0.0146	Val Accuracy: 30.84
Training Epoch: 181/200	Train Loss: 0.0191	Val Accuracy: 30.84
Training Epoch: 182/200	Train Loss: 0.0428	Val Accuracy: 30.88
Training Epoch: 183/200	Train Loss: 0.0348	Val Accuracy: 30.88
Training Epoch: 184/200	Train Loss: 0.1389	Val Accuracy: 31.02
Training Epoch: 185/200	Train Loss: 0.061	Val Accuracy: 31.02
Training Epoch: 186/200	Train Loss: 0.0391	Val Accuracy: 31.3
Training Epoch: 187/200	Train Loss: 0.0304	Val Accuracy: 31.3
Training Epoch: 188/200	Train Loss: 0.0674	Val Accuracy: 31.16
Training Epoch: 189/200	Train Loss: 0.0917	Val Accuracy: 31.16
Training Epoch: 190/200	Train Loss: 0.0301	Val Accuracy: 31.08
Training Epoch: 191/200	Train Loss: 0.0436	Val Accuracy: 31.08
Training Epoch: 192/200	Train Loss: 0.016	Val Accuracy: 31.74
Training Epoch: 193/200	Train Loss: 0.0135	Val Accuracy: 31.74
Training Epoch: 194/200	Train Loss: 0.1084	Val Accuracy: 30.18
Training Epoch: 195/200	Train Loss: 0.0232	Val Accuracy: 30.18
Training Epoch: 196/200	Train Loss: 0.0547	Val Accuracy: 30.86
Training Epoch: 197/200	Train Loss: 0.0261	Val Accuracy: 30.86
Training Epoch: 198/200	Train Loss: 0.0494	Val Accuracy: 30.38
Training Epoch: 199/200	Train Loss: 0.0381	Val Accuracy: 30.38
Training Epoch: 200/200	Train Loss: 0.1791	Val Accuracy: 31.72

Wrote Best Model Checkpoint to: vlBest_acc_31_model_epoch_0168.pyth

Best Validation Accuracy: 31.8
Best Epoch: 168

======== TESTING ========

Test Accuracy: 31.48.

======== ACTIVE SAMPLING ========

ProbCover adaptive delta: base=0.2500, effective=0.2125, scale=0.85, phase=post_label_shrink, labeled_count=300
[ID cache] loaded: /scratch/s219110279/idpc_cache/resnet50/CIFAR10/seed1/mle_local_k50.npy
[kNN cache] loaded: /scratch/s219110279/idpc_cache/resnet50/CIFAR10/seed1/knn_k50.npz
[IDProbCover] it=000 pick_rel=26013 ID=8.198 pick_global=28769 best_gain=3 covered=0.070 maxdeg=3
[IDProbCover] it=001 pick_rel=43044 ID=8.208 pick_global=47807 best_gain=3 covered=0.070 maxdeg=3
[IDProbCover] it=002 pick_rel=44492 ID=8.219 pick_global=49414 best_gain=3 covered=0.070 maxdeg=3
[IDProbCover] it=003 pick_rel=8389 ID=8.245 pick_global=9049 best_gain=3 covered=0.070 maxdeg=3
[IDProbCover] it=004 pick_rel=38611 ID=8.274 pick_global=42901 best_gain=3 covered=0.070 maxdeg=3
[IDProbCover] it=005 pick_rel=15828 ID=8.375 pick_global=17379 best_gain=3 covered=0.070 maxdeg=3
[IDProbCover] it=006 pick_rel=35619 ID=8.417 pick_global=39509 best_gain=3 covered=0.070 maxdeg=3
[IDProbCover] it=007 pick_rel=18117 ID=8.430 pick_global=19912 best_gain=3 covered=0.070 maxdeg=3
[IDProbCover] it=008 pick_rel=2495 ID=8.459 pick_global=2423 best_gain=3 covered=0.070 maxdeg=3
[IDProbCover] it=009 pick_rel=16204 ID=8.505 pick_global=17793 best_gain=3 covered=0.070 maxdeg=3
[IDProbCover] it=010 pick_rel=40441 ID=8.515 pick_global=44925 best_gain=3 covered=0.070 maxdeg=3
[IDProbCover] it=011 pick_rel=12362 ID=8.626 pick_global=13506 best_gain=3 covered=0.071 maxdeg=3
[IDProbCover] it=012 pick_rel=42414 ID=8.627 pick_global=47108 best_gain=3 covered=0.071 maxdeg=3
[IDProbCover] it=013 pick_rel=10138 ID=8.804 pick_global=11008 best_gain=3 covered=0.071 maxdeg=3
[IDProbCover] it=014 pick_rel=44338 ID=8.871 pick_global=49243 best_gain=3 covered=0.071 maxdeg=3
[IDProbCover] it=015 pick_rel=23148 ID=8.931 pick_global=25557 best_gain=3 covered=0.071 maxdeg=3
[IDProbCover] it=016 pick_rel=19353 ID=9.043 pick_global=21299 best_gain=3 covered=0.071 maxdeg=3
[IDProbCover] it=017 pick_rel=19199 ID=9.070 pick_global=21131 best_gain=3 covered=0.071 maxdeg=3
[IDProbCover] it=018 pick_rel=6989 ID=9.170 pick_global=7486 best_gain=3 covered=0.071 maxdeg=3
[IDProbCover] it=019 pick_rel=27562 ID=9.238 pick_global=30478 best_gain=3 covered=0.071 maxdeg=3
[IDProbCover] it=020 pick_rel=32072 ID=9.382 pick_global=35544 best_gain=3 covered=0.071 maxdeg=3
[IDProbCover] it=021 pick_rel=18896 ID=9.384 pick_global=20797 best_gain=3 covered=0.071 maxdeg=3
[IDProbCover] it=022 pick_rel=6943 ID=9.411 pick_global=7436 best_gain=3 covered=0.071 maxdeg=3
[IDProbCover] it=023 pick_rel=27259 ID=9.519 pick_global=30158 best_gain=3 covered=0.071 maxdeg=3
[IDProbCover] it=024 pick_rel=38766 ID=9.539 pick_global=43070 best_gain=3 covered=0.071 maxdeg=3
[IDProbCover] it=025 pick_rel=24843 ID=9.672 pick_global=27464 best_gain=3 covered=0.071 maxdeg=3
[IDProbCover] it=026 pick_rel=13897 ID=9.693 pick_global=15192 best_gain=3 covered=0.072 maxdeg=3
[IDProbCover] it=027 pick_rel=19496 ID=9.905 pick_global=21459 best_gain=3 covered=0.072 maxdeg=3
[IDProbCover] it=028 pick_rel=23693 ID=10.105 pick_global=26169 best_gain=3 covered=0.072 maxdeg=3
[IDProbCover] it=029 pick_rel=39630 ID=10.163 pick_global=44032 best_gain=3 covered=0.072 maxdeg=3
[IDProbCover] it=030 pick_rel=19126 ID=10.237 pick_global=21052 best_gain=3 covered=0.072 maxdeg=3
[IDProbCover] it=031 pick_rel=40032 ID=10.435 pick_global=44472 best_gain=3 covered=0.072 maxdeg=3
[IDProbCover] it=032 pick_rel=20238 ID=11.452 pick_global=22274 best_gain=3 covered=0.072 maxdeg=2
[IDProbCover] it=033 pick_rel=12671 ID=3.592 pick_global=13835 best_gain=2 covered=0.072 maxdeg=2
[IDProbCover] it=034 pick_rel=1565 ID=3.839 pick_global=1387 best_gain=2 covered=0.072 maxdeg=2
[IDProbCover] it=035 pick_rel=29145 ID=3.969 pick_global=32239 best_gain=2 covered=0.072 maxdeg=2
[IDProbCover] it=036 pick_rel=11357 ID=3.984 pick_global=12376 best_gain=2 covered=0.072 maxdeg=2
[IDProbCover] it=037 pick_rel=28847 ID=4.044 pick_global=31904 best_gain=2 covered=0.072 maxdeg=2
[IDProbCover] it=038 pick_rel=17460 ID=4.181 pick_global=19181 best_gain=2 covered=0.072 maxdeg=2
[IDProbCover] it=039 pick_rel=19359 ID=4.190 pick_global=21305 best_gain=2 covered=0.072 maxdeg=2
[IDProbCover] it=040 pick_rel=35874 ID=4.203 pick_global=39793 best_gain=2 covered=0.072 maxdeg=2
[IDProbCover] it=041 pick_rel=14226 ID=4.322 pick_global=15572 best_gain=2 covered=0.072 maxdeg=2
[IDProbCover] it=042 pick_rel=30275 ID=4.425 pick_global=33510 best_gain=2 covered=0.072 maxdeg=2
[IDProbCover] it=043 pick_rel=34708 ID=4.444 pick_global=38478 best_gain=2 covered=0.072 maxdeg=2
[IDProbCover] it=044 pick_rel=3749 ID=4.621 pick_global=3836 best_gain=2 covered=0.072 maxdeg=2
[IDProbCover] it=045 pick_rel=24405 ID=4.806 pick_global=26968 best_gain=2 covered=0.073 maxdeg=2
[IDProbCover] it=046 pick_rel=31946 ID=4.849 pick_global=35406 best_gain=2 covered=0.073 maxdeg=2
[IDProbCover] it=047 pick_rel=8004 ID=4.932 pick_global=8622 best_gain=2 covered=0.073 maxdeg=2
[IDProbCover] it=048 pick_rel=28885 ID=5.085 pick_global=31947 best_gain=2 covered=0.073 maxdeg=2
[IDProbCover] it=049 pick_rel=13548 ID=5.120 pick_global=14806 best_gain=2 covered=0.073 maxdeg=2
Coverage selection metadata: active=False (mode=id_prob_cover, variant=unknown, delta=0.2125, phase=id_adaptive, bald_mean=0.0000, bald_max=0.0000, variance_mean=0.0000, variance_max=0.0000, dropout_iters=0, cover_anchors=0, diversity_lambda=0.00, selected_id_mean=7.5146, selected_signal_mean=0.0000, selected_radius_mean=0.5346, k_id=50, k_knn=50, alpha=1.00)
Active Sampling Complete. After Episode 5:
New Labeled Set: 350, New Unlabeled Set: 44650, Active Set: 50

================================


Current accuracy values:  [20.200000000000003, 17.099999999999994, 17.400000000000006, 20.58, 27.079999389648435, 31.479999351501462]
Starting model from scratch - ignoring existing weights.
<All keys matched successfully>
None
======== EPISODE 6 BEGINS ========

======== TRAINING ========
Training Epoch: 1/200	Train Loss: 20.6525	Val Accuracy: 0.0
Training Epoch: 2/200	Train Loss: 16.9583	Val Accuracy: 9.56
Training Epoch: 3/200	Train Loss: 4.0806	Val Accuracy: 9.56
Training Epoch: 4/200	Train Loss: 4.537	Val Accuracy: 10.22
Training Epoch: 5/200	Train Loss: 7.8861	Val Accuracy: 10.22
Training Epoch: 6/200	Train Loss: 7.6543	Val Accuracy: 10.04
Training Epoch: 7/200	Train Loss: 2.3953	Val Accuracy: 10.04
Training Epoch: 8/200	Train Loss: 3.1418	Val Accuracy: 10.68
Training Epoch: 9/200	Train Loss: 3.5508	Val Accuracy: 10.68
Training Epoch: 10/200	Train Loss: 2.4236	Val Accuracy: 11.58
Training Epoch: 11/200	Train Loss: 3.2906	Val Accuracy: 11.58
Training Epoch: 12/200	Train Loss: 2.9423	Val Accuracy: 9.9
Training Epoch: 13/200	Train Loss: 3.4392	Val Accuracy: 9.9
Training Epoch: 14/200	Train Loss: 5.4052	Val Accuracy: 9.28
Training Epoch: 15/200	Train Loss: 3.7579	Val Accuracy: 9.28
Training Epoch: 16/200	Train Loss: 3.6657	Val Accuracy: 10.76
Training Epoch: 17/200	Train Loss: 2.3111	Val Accuracy: 10.76
Training Epoch: 18/200	Train Loss: 7.4563	Val Accuracy: 9.52
Training Epoch: 19/200	Train Loss: 3.5881	Val Accuracy: 9.52
Training Epoch: 20/200	Train Loss: 2.2291	Val Accuracy: 7.92
Training Epoch: 21/200	Train Loss: 2.8708	Val Accuracy: 7.92
Training Epoch: 22/200	Train Loss: 4.3269	Val Accuracy: 11.56
Training Epoch: 23/200	Train Loss: 2.7191	Val Accuracy: 11.56
Training Epoch: 24/200	Train Loss: 5.5115	Val Accuracy: 10.46
Training Epoch: 25/200	Train Loss: 3.3814	Val Accuracy: 10.46
Training Epoch: 26/200	Train Loss: 4.1116	Val Accuracy: 9.18
Training Epoch: 27/200	Train Loss: 4.2362	Val Accuracy: 9.18
Training Epoch: 28/200	Train Loss: 3.3018	Val Accuracy: 9.84
Training Epoch: 29/200	Train Loss: 2.2267	Val Accuracy: 9.84
Training Epoch: 30/200	Train Loss: 2.6835	Val Accuracy: 8.9
Training Epoch: 31/200	Train Loss: 3.1966	Val Accuracy: 8.9
Training Epoch: 32/200	Train Loss: 2.7059	Val Accuracy: 14.4
Training Epoch: 33/200	Train Loss: 1.962	Val Accuracy: 14.4
Training Epoch: 34/200	Train Loss: 2.0738	Val Accuracy: 14.78
Training Epoch: 35/200	Train Loss: 2.052	Val Accuracy: 14.78
Training Epoch: 36/200	Train Loss: 1.8533	Val Accuracy: 16.8
Training Epoch: 37/200	Train Loss: 2.2626	Val Accuracy: 16.8
Training Epoch: 38/200	Train Loss: 1.7717	Val Accuracy: 17.32
Training Epoch: 39/200	Train Loss: 4.1514	Val Accuracy: 17.32
Training Epoch: 40/200	Train Loss: 1.7704	Val Accuracy: 17.88
Training Epoch: 41/200	Train Loss: 1.7993	Val Accuracy: 17.88
Training Epoch: 42/200	Train Loss: 5.01	Val Accuracy: 17.28
Training Epoch: 43/200	Train Loss: 2.4491	Val Accuracy: 17.28
Training Epoch: 44/200	Train Loss: 1.7858	Val Accuracy: 18.02
Training Epoch: 45/200	Train Loss: 2.617	Val Accuracy: 18.02
Training Epoch: 46/200	Train Loss: 1.4409	Val Accuracy: 19.44
Training Epoch: 47/200	Train Loss: 4.5881	Val Accuracy: 19.44
Training Epoch: 48/200	Train Loss: 1.5213	Val Accuracy: 21.9
Training Epoch: 49/200	Train Loss: 2.0692	Val Accuracy: 21.9
Training Epoch: 50/200	Train Loss: 3.8071	Val Accuracy: 22.48
Training Epoch: 51/200	Train Loss: 1.331	Val Accuracy: 22.48
Training Epoch: 52/200	Train Loss: 2.2825	Val Accuracy: 25.0
Training Epoch: 53/200	Train Loss: 1.4546	Val Accuracy: 25.0
Training Epoch: 54/200	Train Loss: 3.6248	Val Accuracy: 24.3
Training Epoch: 55/200	Train Loss: 1.3871	Val Accuracy: 24.3
Training Epoch: 56/200	Train Loss: 1.1387	Val Accuracy: 26.24
Training Epoch: 57/200	Train Loss: 1.3638	Val Accuracy: 26.24
Training Epoch: 58/200	Train Loss: 1.3053	Val Accuracy: 26.4
Training Epoch: 59/200	Train Loss: 1.3556	Val Accuracy: 26.4
Training Epoch: 60/200	Train Loss: 2.5053	Val Accuracy: 26.12
Training Epoch: 61/200	Train Loss: 1.1018	Val Accuracy: 26.12
Training Epoch: 62/200	Train Loss: 1.1426	Val Accuracy: 27.2
Training Epoch: 63/200	Train Loss: 2.762	Val Accuracy: 27.2
Training Epoch: 64/200	Train Loss: 1.1446	Val Accuracy: 27.84
Training Epoch: 65/200	Train Loss: 2.012	Val Accuracy: 27.84
Training Epoch: 66/200	Train Loss: 0.9843	Val Accuracy: 26.08
Training Epoch: 67/200	Train Loss: 3.0057	Val Accuracy: 26.08
Training Epoch: 68/200	Train Loss: 0.835	Val Accuracy: 26.64
Training Epoch: 69/200	Train Loss: 2.0468	Val Accuracy: 26.64
Training Epoch: 70/200	Train Loss: 1.4644	Val Accuracy: 26.02
Training Epoch: 71/200	Train Loss: 1.4716	Val Accuracy: 26.02
Training Epoch: 72/200	Train Loss: 2.0186	Val Accuracy: 26.92
Training Epoch: 73/200	Train Loss: 4.5331	Val Accuracy: 26.92
Training Epoch: 74/200	Train Loss: 0.9924	Val Accuracy: 27.28
Training Epoch: 75/200	Train Loss: 1.6225	Val Accuracy: 27.28
Training Epoch: 76/200	Train Loss: 1.1983	Val Accuracy: 26.14
Training Epoch: 77/200	Train Loss: 3.2906	Val Accuracy: 26.14
Training Epoch: 78/200	Train Loss: 0.9684	Val Accuracy: 27.06
Training Epoch: 79/200	Train Loss: 1.6419	Val Accuracy: 27.06
Training Epoch: 80/200	Train Loss: 1.2561	Val Accuracy: 27.22
Training Epoch: 81/200	Train Loss: 0.8506	Val Accuracy: 27.22
Training Epoch: 82/200	Train Loss: 0.9813	Val Accuracy: 26.8
Training Epoch: 83/200	Train Loss: 1.9806	Val Accuracy: 26.8
Training Epoch: 84/200	Train Loss: 0.8014	Val Accuracy: 28.54
Training Epoch: 85/200	Train Loss: 2.3872	Val Accuracy: 28.54
Training Epoch: 86/200	Train Loss: 1.2525	Val Accuracy: 28.54
Training Epoch: 87/200	Train Loss: 0.8348	Val Accuracy: 28.54
Training Epoch: 88/200	Train Loss: 1.4124	Val Accuracy: 29.28
Training Epoch: 89/200	Train Loss: 1.6366	Val Accuracy: 29.28
Training Epoch: 90/200	Train Loss: 1.551	Val Accuracy: 29.86
Training Epoch: 91/200	Train Loss: 0.6391	Val Accuracy: 29.86
Training Epoch: 92/200	Train Loss: 1.2163	Val Accuracy: 27.16
Training Epoch: 93/200	Train Loss: 0.8514	Val Accuracy: 27.16
Training Epoch: 94/200	Train Loss: 2.5002	Val Accuracy: 29.82
Training Epoch: 95/200	Train Loss: 1.1938	Val Accuracy: 29.82
Training Epoch: 96/200	Train Loss: 2.8271	Val Accuracy: 28.14
Training Epoch: 97/200	Train Loss: 0.8624	Val Accuracy: 28.14
Training Epoch: 98/200	Train Loss: 0.9148	Val Accuracy: 28.68
Training Epoch: 99/200	Train Loss: 3.0232	Val Accuracy: 28.68
Training Epoch: 100/200	Train Loss: 0.7947	Val Accuracy: 27.8
Training Epoch: 101/200	Train Loss: 0.7599	Val Accuracy: 27.8
Training Epoch: 102/200	Train Loss: 0.9436	Val Accuracy: 29.92
Training Epoch: 103/200	Train Loss: 0.5887	Val Accuracy: 29.92
Training Epoch: 104/200	Train Loss: 0.5142	Val Accuracy: 29.82
Training Epoch: 105/200	Train Loss: 1.4472	Val Accuracy: 29.82
Training Epoch: 106/200	Train Loss: 0.5132	Val Accuracy: 29.86
Training Epoch: 107/200	Train Loss: 0.7059	Val Accuracy: 29.86
Training Epoch: 108/200	Train Loss: 0.8212	Val Accuracy: 29.1
Training Epoch: 109/200	Train Loss: 0.6868	Val Accuracy: 29.1
Training Epoch: 110/200	Train Loss: 0.4198	Val Accuracy: 29.82
Training Epoch: 111/200	Train Loss: 1.3346	Val Accuracy: 29.82
Training Epoch: 112/200	Train Loss: 0.9835	Val Accuracy: 29.8
Training Epoch: 113/200	Train Loss: 0.9221	Val Accuracy: 29.8
Training Epoch: 114/200	Train Loss: 2.3501	Val Accuracy: 30.24
Training Epoch: 115/200	Train Loss: 1.9229	Val Accuracy: 30.24
Training Epoch: 116/200	Train Loss: 1.0507	Val Accuracy: 30.7
Training Epoch: 117/200	Train Loss: 0.7606	Val Accuracy: 30.7
Training Epoch: 118/200	Train Loss: 1.1359	Val Accuracy: 30.16
Training Epoch: 119/200	Train Loss: 0.2296	Val Accuracy: 30.16
Training Epoch: 120/200	Train Loss: 1.3761	Val Accuracy: 29.42
Training Epoch: 121/200	Train Loss: 0.3268	Val Accuracy: 29.42
Training Epoch: 122/200	Train Loss: 1.5101	Val Accuracy: 29.96
Training Epoch: 123/200	Train Loss: 0.911	Val Accuracy: 29.96
Training Epoch: 124/200	Train Loss: 1.6807	Val Accuracy: 29.36
Training Epoch: 125/200	Train Loss: 0.434	Val Accuracy: 29.36
Training Epoch: 126/200	Train Loss: 1.002	Val Accuracy: 30.62
Training Epoch: 127/200	Train Loss: 0.2172	Val Accuracy: 30.62
Training Epoch: 128/200	Train Loss: 0.5748	Val Accuracy: 30.8
Training Epoch: 129/200	Train Loss: 0.4121	Val Accuracy: 30.8
Training Epoch: 130/200	Train Loss: 2.3197	Val Accuracy: 31.32
Training Epoch: 131/200	Train Loss: 0.6272	Val Accuracy: 31.32
Training Epoch: 132/200	Train Loss: 0.3894	Val Accuracy: 30.28
Training Epoch: 133/200	Train Loss: 0.4121	Val Accuracy: 30.28
Training Epoch: 134/200	Train Loss: 0.3063	Val Accuracy: 30.0
Training Epoch: 135/200	Train Loss: 1.0404	Val Accuracy: 30.0
Training Epoch: 136/200	Train Loss: 0.3488	Val Accuracy: 30.34
Training Epoch: 137/200	Train Loss: 0.7116	Val Accuracy: 30.34
Training Epoch: 138/200	Train Loss: 0.0968	Val Accuracy: 31.22
Training Epoch: 139/200	Train Loss: 0.4797	Val Accuracy: 31.22
Training Epoch: 140/200	Train Loss: 1.1969	Val Accuracy: 29.38
Training Epoch: 141/200	Train Loss: 1.592	Val Accuracy: 29.38
Training Epoch: 142/200	Train Loss: 0.8478	Val Accuracy: 30.5
Training Epoch: 143/200	Train Loss: 0.7462	Val Accuracy: 30.5
Training Epoch: 144/200	Train Loss: 0.2922	Val Accuracy: 30.86
Training Epoch: 145/200	Train Loss: 0.2509	Val Accuracy: 30.86
Training Epoch: 146/200	Train Loss: 0.5119	Val Accuracy: 30.78
Training Epoch: 147/200	Train Loss: 0.2018	Val Accuracy: 30.78
Training Epoch: 148/200	Train Loss: 0.1686	Val Accuracy: 30.9
Training Epoch: 149/200	Train Loss: 0.6043	Val Accuracy: 30.9
Training Epoch: 150/200	Train Loss: 0.5192	Val Accuracy: 32.08
Training Epoch: 151/200	Train Loss: 0.1841	Val Accuracy: 32.08
Training Epoch: 152/200	Train Loss: 0.1468	Val Accuracy: 31.6
Training Epoch: 153/200	Train Loss: 0.6501	Val Accuracy: 31.6
Training Epoch: 154/200	Train Loss: 0.1726	Val Accuracy: 32.02
Training Epoch: 155/200	Train Loss: 0.1304	Val Accuracy: 32.02
Training Epoch: 156/200	Train Loss: 0.4567	Val Accuracy: 30.94
Training Epoch: 157/200	Train Loss: 0.1959	Val Accuracy: 30.94
Training Epoch: 158/200	Train Loss: 0.0935	Val Accuracy: 31.26
Training Epoch: 159/200	Train Loss: 0.5111	Val Accuracy: 31.26
Training Epoch: 160/200	Train Loss: 0.1861	Val Accuracy: 31.3
Training Epoch: 161/200	Train Loss: 1.0738	Val Accuracy: 31.3
Training Epoch: 162/200	Train Loss: 1.4666	Val Accuracy: 31.1
Training Epoch: 163/200	Train Loss: 0.9836	Val Accuracy: 31.1
Training Epoch: 164/200	Train Loss: 1.1223	Val Accuracy: 31.42
Training Epoch: 165/200	Train Loss: 0.1967	Val Accuracy: 31.42
Training Epoch: 166/200	Train Loss: 0.1737	Val Accuracy: 31.2
Training Epoch: 167/200	Train Loss: 1.8211	Val Accuracy: 31.2
Training Epoch: 168/200	Train Loss: 0.9668	Val Accuracy: 30.62
Training Epoch: 169/200	Train Loss: 0.1138	Val Accuracy: 30.62
Training Epoch: 170/200	Train Loss: 0.0697	Val Accuracy: 31.72
Training Epoch: 171/200	Train Loss: 0.3625	Val Accuracy: 31.72
Training Epoch: 172/200	Train Loss: 1.5057	Val Accuracy: 31.62
Training Epoch: 173/200	Train Loss: 0.5646	Val Accuracy: 31.62
Training Epoch: 174/200	Train Loss: 0.0767	Val Accuracy: 30.58
Training Epoch: 175/200	Train Loss: 0.493	Val Accuracy: 30.58
Training Epoch: 176/200	Train Loss: 0.0905	Val Accuracy: 31.16
Training Epoch: 177/200	Train Loss: 0.9466	Val Accuracy: 31.16
Training Epoch: 178/200	Train Loss: 0.7393	Val Accuracy: 31.2
Training Epoch: 179/200	Train Loss: 0.3832	Val Accuracy: 31.2
Training Epoch: 180/200	Train Loss: 1.1387	Val Accuracy: 31.32
Training Epoch: 181/200	Train Loss: 0.6931	Val Accuracy: 31.32
Training Epoch: 182/200	Train Loss: 0.1655	Val Accuracy: 31.14
Training Epoch: 183/200	Train Loss: 1.1553	Val Accuracy: 31.14
Training Epoch: 184/200	Train Loss: 0.107	Val Accuracy: 31.3
Training Epoch: 185/200	Train Loss: 0.0571	Val Accuracy: 31.3
Training Epoch: 186/200	Train Loss: 0.2727	Val Accuracy: 32.14
Training Epoch: 187/200	Train Loss: 0.8766	Val Accuracy: 32.14
Training Epoch: 188/200	Train Loss: 0.6003	Val Accuracy: 31.2
Training Epoch: 189/200	Train Loss: 0.1397	Val Accuracy: 31.2
Training Epoch: 190/200	Train Loss: 0.8696	Val Accuracy: 31.6
Training Epoch: 191/200	Train Loss: 1.5856	Val Accuracy: 31.6
Training Epoch: 192/200	Train Loss: 1.0045	Val Accuracy: 31.58
Training Epoch: 193/200	Train Loss: 0.8782	Val Accuracy: 31.58
Training Epoch: 194/200	Train Loss: 0.4219	Val Accuracy: 31.96
Training Epoch: 195/200	Train Loss: 0.12	Val Accuracy: 31.96
Training Epoch: 196/200	Train Loss: 0.1148	Val Accuracy: 31.34
Training Epoch: 197/200	Train Loss: 0.102	Val Accuracy: 31.34
Training Epoch: 198/200	Train Loss: 0.9602	Val Accuracy: 31.96
Training Epoch: 199/200	Train Loss: 0.085	Val Accuracy: 31.96
Training Epoch: 200/200	Train Loss: 0.4292	Val Accuracy: 31.72

Wrote Best Model Checkpoint to: vlBest_acc_32_model_epoch_0186.pyth

Best Validation Accuracy: 32.14
Best Epoch: 186

======== TESTING ========

Test Accuracy: 32.03.

======== ACTIVE SAMPLING ========

ProbCover adaptive delta: base=0.2500, effective=0.2125, scale=0.85, phase=post_label_shrink, labeled_count=350
[ID cache] loaded: /scratch/s219110279/idpc_cache/resnet50/CIFAR10/seed1/mle_local_k50.npy
[kNN cache] loaded: /scratch/s219110279/idpc_cache/resnet50/CIFAR10/seed1/knn_k50.npz
[IDProbCover] it=000 pick_rel=7477 ID=5.192 pick_global=7986 best_gain=2 covered=0.073 maxdeg=2
[IDProbCover] it=001 pick_rel=41482 ID=5.241 pick_global=46075 best_gain=2 covered=0.073 maxdeg=2
[IDProbCover] it=002 pick_rel=4186 ID=5.278 pick_global=4277 best_gain=2 covered=0.073 maxdeg=2
[IDProbCover] it=003 pick_rel=36356 ID=5.466 pick_global=40343 best_gain=2 covered=0.073 maxdeg=2
[IDProbCover] it=004 pick_rel=28630 ID=5.467 pick_global=31635 best_gain=2 covered=0.073 maxdeg=2
[IDProbCover] it=005 pick_rel=31097 ID=5.508 pick_global=34434 best_gain=2 covered=0.073 maxdeg=2
[IDProbCover] it=006 pick_rel=26122 ID=5.568 pick_global=28866 best_gain=2 covered=0.073 maxdeg=2
[IDProbCover] it=007 pick_rel=3691 ID=5.746 pick_global=3720 best_gain=2 covered=0.073 maxdeg=2
[IDProbCover] it=008 pick_rel=34089 ID=5.860 pick_global=37755 best_gain=2 covered=0.073 maxdeg=2
[IDProbCover] it=009 pick_rel=35633 ID=5.945 pick_global=39514 best_gain=2 covered=0.073 maxdeg=2
[IDProbCover] it=010 pick_rel=10395 ID=6.326 pick_global=11252 best_gain=2 covered=0.073 maxdeg=2
[IDProbCover] it=011 pick_rel=863 ID=6.337 pick_global=566 best_gain=2 covered=0.073 maxdeg=2
[IDProbCover] it=012 pick_rel=6585 ID=6.370 pick_global=6975 best_gain=2 covered=0.073 maxdeg=2
[IDProbCover] it=013 pick_rel=15832 ID=6.507 pick_global=17344 best_gain=2 covered=0.073 maxdeg=2
[IDProbCover] it=014 pick_rel=22286 ID=6.666 pick_global=24560 best_gain=2 covered=0.073 maxdeg=2
[IDProbCover] it=015 pick_rel=3569 ID=6.767 pick_global=3585 best_gain=2 covered=0.073 maxdeg=2
[IDProbCover] it=016 pick_rel=25050 ID=6.787 pick_global=27672 best_gain=2 covered=0.073 maxdeg=2
[IDProbCover] it=017 pick_rel=37370 ID=6.812 pick_global=41502 best_gain=2 covered=0.073 maxdeg=2
[IDProbCover] it=018 pick_rel=21926 ID=6.862 pick_global=24151 best_gain=2 covered=0.074 maxdeg=2
[IDProbCover] it=019 pick_rel=43754 ID=6.865 pick_global=48590 best_gain=2 covered=0.074 maxdeg=2
[IDProbCover] it=020 pick_rel=25553 ID=6.872 pick_global=28240 best_gain=2 covered=0.074 maxdeg=2
[IDProbCover] it=021 pick_rel=25246 ID=6.908 pick_global=27893 best_gain=2 covered=0.074 maxdeg=2
[IDProbCover] it=022 pick_rel=36351 ID=6.912 pick_global=40337 best_gain=2 covered=0.074 maxdeg=2
[IDProbCover] it=023 pick_rel=11734 ID=7.019 pick_global=12747 best_gain=2 covered=0.074 maxdeg=2
[IDProbCover] it=024 pick_rel=21952 ID=7.036 pick_global=24181 best_gain=2 covered=0.074 maxdeg=2
[IDProbCover] it=025 pick_rel=35404 ID=7.040 pick_global=39260 best_gain=2 covered=0.074 maxdeg=2
[IDProbCover] it=026 pick_rel=39109 ID=7.057 pick_global=43451 best_gain=2 covered=0.074 maxdeg=2
[IDProbCover] it=027 pick_rel=17744 ID=7.068 pick_global=19459 best_gain=2 covered=0.074 maxdeg=2
[IDProbCover] it=028 pick_rel=42298 ID=7.076 pick_global=46977 best_gain=2 covered=0.074 maxdeg=2
[IDProbCover] it=029 pick_rel=13042 ID=7.089 pick_global=14203 best_gain=2 covered=0.074 maxdeg=2
[IDProbCover] it=030 pick_rel=25937 ID=7.091 pick_global=28657 best_gain=2 covered=0.074 maxdeg=2
[IDProbCover] it=031 pick_rel=33329 ID=7.113 pick_global=36917 best_gain=2 covered=0.074 maxdeg=2
[IDProbCover] it=032 pick_rel=38633 ID=7.157 pick_global=42915 best_gain=2 covered=0.074 maxdeg=2
[IDProbCover] it=033 pick_rel=13999 ID=7.200 pick_global=15272 best_gain=2 covered=0.074 maxdeg=2
[IDProbCover] it=034 pick_rel=4758 ID=7.261 pick_global=4919 best_gain=2 covered=0.074 maxdeg=2
[IDProbCover] it=035 pick_rel=31451 ID=7.274 pick_global=34835 best_gain=2 covered=0.074 maxdeg=2
[IDProbCover] it=036 pick_rel=32865 ID=7.307 pick_global=36407 best_gain=2 covered=0.074 maxdeg=2
[IDProbCover] it=037 pick_rel=35078 ID=7.313 pick_global=38880 best_gain=2 covered=0.074 maxdeg=2
[IDProbCover] it=038 pick_rel=43157 ID=7.337 pick_global=47930 best_gain=2 covered=0.074 maxdeg=2
[IDProbCover] it=039 pick_rel=38410 ID=7.340 pick_global=42668 best_gain=2 covered=0.074 maxdeg=2
[IDProbCover] it=040 pick_rel=25191 ID=7.379 pick_global=27832 best_gain=2 covered=0.075 maxdeg=2
[IDProbCover] it=041 pick_rel=27401 ID=7.380 pick_global=30289 best_gain=2 covered=0.075 maxdeg=2
[IDProbCover] it=042 pick_rel=34080 ID=7.387 pick_global=37746 best_gain=2 covered=0.075 maxdeg=2
[IDProbCover] it=043 pick_rel=27117 ID=7.456 pick_global=29978 best_gain=2 covered=0.075 maxdeg=2
[IDProbCover] it=044 pick_rel=38093 ID=7.482 pick_global=42305 best_gain=2 covered=0.075 maxdeg=2
[IDProbCover] it=045 pick_rel=44914 ID=7.497 pick_global=49893 best_gain=2 covered=0.075 maxdeg=2
[IDProbCover] it=046 pick_rel=4583 ID=7.516 pick_global=4725 best_gain=2 covered=0.075 maxdeg=2
[IDProbCover] it=047 pick_rel=14127 ID=7.536 pick_global=15416 best_gain=2 covered=0.075 maxdeg=2
[IDProbCover] it=048 pick_rel=16017 ID=7.548 pick_global=17547 best_gain=2 covered=0.075 maxdeg=2
[IDProbCover] it=049 pick_rel=9904 ID=7.561 pick_global=10695 best_gain=2 covered=0.075 maxdeg=2
Coverage selection metadata: active=False (mode=id_prob_cover, variant=unknown, delta=0.2125, phase=id_adaptive, bald_mean=0.0000, bald_max=0.0000, variance_mean=0.0000, variance_max=0.0000, dropout_iters=0, cover_anchors=0, diversity_lambda=0.00, selected_id_mean=6.7758, selected_signal_mean=0.0000, selected_radius_mean=0.5287, k_id=50, k_knn=50, alpha=1.00)
Active Sampling Complete. After Episode 6:
New Labeled Set: 400, New Unlabeled Set: 44600, Active Set: 50

================================


Current accuracy values:  [20.200000000000003, 17.099999999999994, 17.400000000000006, 20.58, 27.079999389648435, 31.479999351501462, 32.029999275207516]
Starting model from scratch - ignoring existing weights.
<All keys matched successfully>
None
======== EPISODE 7 BEGINS ========

======== TRAINING ========
Training Epoch: 1/200	Train Loss: 21.2865	Val Accuracy: 0.0
Training Epoch: 2/200	Train Loss: 6.1371	Val Accuracy: 10.22
Training Epoch: 3/200	Train Loss: 4.1054	Val Accuracy: 10.22
Training Epoch: 4/200	Train Loss: 15.6457	Val Accuracy: 9.56
Training Epoch: 5/200	Train Loss: 4.6664	Val Accuracy: 9.56
Training Epoch: 6/200	Train Loss: 5.9314	Val Accuracy: 9.84
Training Epoch: 7/200	Train Loss: 3.8278	Val Accuracy: 9.84
Training Epoch: 8/200	Train Loss: 2.6684	Val Accuracy: 12.06
Training Epoch: 9/200	Train Loss: 4.4837	Val Accuracy: 12.06
Training Epoch: 10/200	Train Loss: 3.6386	Val Accuracy: 11.94
Training Epoch: 11/200	Train Loss: 2.9342	Val Accuracy: 11.94
Training Epoch: 12/200	Train Loss: 2.0326	Val Accuracy: 14.3
Training Epoch: 13/200	Train Loss: 3.5225	Val Accuracy: 14.3
Training Epoch: 14/200	Train Loss: 1.9614	Val Accuracy: 13.18
Training Epoch: 15/200	Train Loss: 2.7412	Val Accuracy: 13.18
Training Epoch: 16/200	Train Loss: 1.8258	Val Accuracy: 18.46
Training Epoch: 17/200	Train Loss: 1.9407	Val Accuracy: 18.46
Training Epoch: 18/200	Train Loss: 1.74	Val Accuracy: 18.34
Training Epoch: 19/200	Train Loss: 1.8957	Val Accuracy: 18.34
Training Epoch: 20/200	Train Loss: 4.1539	Val Accuracy: 19.52
Training Epoch: 21/200	Train Loss: 1.8186	Val Accuracy: 19.52
Training Epoch: 22/200	Train Loss: 1.7759	Val Accuracy: 18.06
Training Epoch: 23/200	Train Loss: 1.8876	Val Accuracy: 18.06
Training Epoch: 24/200	Train Loss: 1.7224	Val Accuracy: 18.54
Training Epoch: 25/200	Train Loss: 1.6843	Val Accuracy: 18.54
Training Epoch: 26/200	Train Loss: 5.3423	Val Accuracy: 20.16
Training Epoch: 27/200	Train Loss: 1.7966	Val Accuracy: 20.16
Training Epoch: 28/200	Train Loss: 1.5808	Val Accuracy: 19.36
Training Epoch: 29/200	Train Loss: 1.4579	Val Accuracy: 19.36
Training Epoch: 30/200	Train Loss: 3.8656	Val Accuracy: 20.92
Training Epoch: 31/200	Train Loss: 1.5811	Val Accuracy: 20.92
Training Epoch: 32/200	Train Loss: 2.0133	Val Accuracy: 16.32
Training Epoch: 33/200	Train Loss: 2.3326	Val Accuracy: 16.32
Training Epoch: 34/200	Train Loss: 3.1761	Val Accuracy: 17.72
Training Epoch: 35/200	Train Loss: 2.1094	Val Accuracy: 17.72
Training Epoch: 36/200	Train Loss: 4.8428	Val Accuracy: 21.58
Training Epoch: 37/200	Train Loss: 2.7232	Val Accuracy: 21.58
Training Epoch: 38/200	Train Loss: 1.4796	Val Accuracy: 21.06
Training Epoch: 39/200	Train Loss: 3.2419	Val Accuracy: 21.06
Training Epoch: 40/200	Train Loss: 1.5546	Val Accuracy: 22.94
Training Epoch: 41/200	Train Loss: 1.4951	Val Accuracy: 22.94
Training Epoch: 42/200	Train Loss: 1.8726	Val Accuracy: 24.88
Training Epoch: 43/200	Train Loss: 1.4622	Val Accuracy: 24.88
Training Epoch: 44/200	Train Loss: 1.3323	Val Accuracy: 25.2
Training Epoch: 45/200	Train Loss: 1.3232	Val Accuracy: 25.2
Training Epoch: 46/200	Train Loss: 1.059	Val Accuracy: 26.7
Training Epoch: 47/200	Train Loss: 5.6419	Val Accuracy: 26.7
Training Epoch: 48/200	Train Loss: 4.6189	Val Accuracy: 27.78
Training Epoch: 49/200	Train Loss: 1.4135	Val Accuracy: 27.78
Training Epoch: 50/200	Train Loss: 2.1094	Val Accuracy: 27.54
Training Epoch: 51/200	Train Loss: 2.8104	Val Accuracy: 27.54
Training Epoch: 52/200	Train Loss: 1.2549	Val Accuracy: 27.76
Training Epoch: 53/200	Train Loss: 1.1958	Val Accuracy: 27.76
Training Epoch: 54/200	Train Loss: 1.2784	Val Accuracy: 28.12
Training Epoch: 55/200	Train Loss: 1.1458	Val Accuracy: 28.12
Training Epoch: 56/200	Train Loss: 1.1991	Val Accuracy: 28.02
Training Epoch: 57/200	Train Loss: 1.1945	Val Accuracy: 28.02
Training Epoch: 58/200	Train Loss: 0.9437	Val Accuracy: 29.28
Training Epoch: 59/200	Train Loss: 2.4155	Val Accuracy: 29.28
Training Epoch: 60/200	Train Loss: 1.1872	Val Accuracy: 28.78
Training Epoch: 61/200	Train Loss: 1.991	Val Accuracy: 28.78
Training Epoch: 62/200	Train Loss: 1.489	Val Accuracy: 29.42
Training Epoch: 63/200	Train Loss: 0.9692	Val Accuracy: 29.42
Training Epoch: 64/200	Train Loss: 3.4123	Val Accuracy: 28.98
Training Epoch: 65/200	Train Loss: 1.1788	Val Accuracy: 28.98
Training Epoch: 66/200	Train Loss: 0.9072	Val Accuracy: 28.62
Training Epoch: 67/200	Train Loss: 2.309	Val Accuracy: 28.62
Training Epoch: 68/200	Train Loss: 1.0212	Val Accuracy: 30.28
Training Epoch: 69/200	Train Loss: 0.8823	Val Accuracy: 30.28
Training Epoch: 70/200	Train Loss: 1.4981	Val Accuracy: 29.86
Training Epoch: 71/200	Train Loss: 0.7808	Val Accuracy: 29.86
Training Epoch: 72/200	Train Loss: 2.1244	Val Accuracy: 30.5
Training Epoch: 73/200	Train Loss: 0.8589	Val Accuracy: 30.5
Training Epoch: 74/200	Train Loss: 1.8746	Val Accuracy: 30.46
Training Epoch: 75/200	Train Loss: 0.6764	Val Accuracy: 30.46
Training Epoch: 76/200	Train Loss: 1.4217	Val Accuracy: 31.56
Training Epoch: 77/200	Train Loss: 3.0609	Val Accuracy: 31.56
Training Epoch: 78/200	Train Loss: 0.7016	Val Accuracy: 30.14
Training Epoch: 79/200	Train Loss: 0.9979	Val Accuracy: 30.14
Training Epoch: 80/200	Train Loss: 1.6684	Val Accuracy: 29.46
Training Epoch: 81/200	Train Loss: 0.6699	Val Accuracy: 29.46
Training Epoch: 82/200	Train Loss: 0.7993	Val Accuracy: 32.02
Training Epoch: 83/200	Train Loss: 0.8113	Val Accuracy: 32.02
Training Epoch: 84/200	Train Loss: 0.6609	Val Accuracy: 32.04
Training Epoch: 85/200	Train Loss: 0.7419	Val Accuracy: 32.04
Training Epoch: 86/200	Train Loss: 0.5518	Val Accuracy: 31.64
Training Epoch: 87/200	Train Loss: 0.329	Val Accuracy: 31.64
Training Epoch: 88/200	Train Loss: 0.5662	Val Accuracy: 34.06
Training Epoch: 89/200	Train Loss: 0.6705	Val Accuracy: 34.06
Training Epoch: 90/200	Train Loss: 2.269	Val Accuracy: 31.24
Training Epoch: 91/200	Train Loss: 0.6541	Val Accuracy: 31.24
Training Epoch: 92/200	Train Loss: 0.3936	Val Accuracy: 32.22
Training Epoch: 93/200	Train Loss: 1.8393	Val Accuracy: 32.22
Training Epoch: 94/200	Train Loss: 0.4204	Val Accuracy: 32.8
Training Epoch: 95/200	Train Loss: 1.2174	Val Accuracy: 32.8
Training Epoch: 96/200	Train Loss: 0.4182	Val Accuracy: 33.46
Training Epoch: 97/200	Train Loss: 1.0771	Val Accuracy: 33.46
Training Epoch: 98/200	Train Loss: 1.0215	Val Accuracy: 32.42
Training Epoch: 99/200	Train Loss: 0.8232	Val Accuracy: 32.42
Training Epoch: 100/200	Train Loss: 0.531	Val Accuracy: 30.88
Training Epoch: 101/200	Train Loss: 2.5065	Val Accuracy: 30.88
Training Epoch: 102/200	Train Loss: 0.2465	Val Accuracy: 33.32
Training Epoch: 103/200	Train Loss: 0.5024	Val Accuracy: 33.32
Training Epoch: 104/200	Train Loss: 0.3579	Val Accuracy: 32.8
Training Epoch: 105/200	Train Loss: 0.5176	Val Accuracy: 32.8
Training Epoch: 106/200	Train Loss: 0.7839	Val Accuracy: 31.54
Training Epoch: 107/200	Train Loss: 2.1396	Val Accuracy: 31.54
Training Epoch: 108/200	Train Loss: 0.8368	Val Accuracy: 32.8
Training Epoch: 109/200	Train Loss: 1.8798	Val Accuracy: 32.8
Training Epoch: 110/200	Train Loss: 0.3179	Val Accuracy: 32.08
Training Epoch: 111/200	Train Loss: 0.8025	Val Accuracy: 32.08
Training Epoch: 112/200	Train Loss: 0.5719	Val Accuracy: 32.72
Training Epoch: 113/200	Train Loss: 0.1991	Val Accuracy: 32.72
Training Epoch: 114/200	Train Loss: 0.2749	Val Accuracy: 32.32
Training Epoch: 115/200	Train Loss: 0.1864	Val Accuracy: 32.32
Training Epoch: 116/200	Train Loss: 1.147	Val Accuracy: 31.78
Training Epoch: 117/200	Train Loss: 1.3725	Val Accuracy: 31.78
Training Epoch: 118/200	Train Loss: 0.4922	Val Accuracy: 31.72
Training Epoch: 119/200	Train Loss: 0.3831	Val Accuracy: 31.72
Training Epoch: 120/200	Train Loss: 0.2312	Val Accuracy: 30.36
Training Epoch: 121/200	Train Loss: 0.2405	Val Accuracy: 30.36
Training Epoch: 122/200	Train Loss: 1.2306	Val Accuracy: 32.38
Training Epoch: 123/200	Train Loss: 0.7363	Val Accuracy: 32.38
Training Epoch: 124/200	Train Loss: 1.695	Val Accuracy: 32.26
Training Epoch: 125/200	Train Loss: 0.1857	Val Accuracy: 32.26
Training Epoch: 126/200	Train Loss: 0.314	Val Accuracy: 32.8
Training Epoch: 127/200	Train Loss: 0.2888	Val Accuracy: 32.8
Training Epoch: 128/200	Train Loss: 1.5927	Val Accuracy: 31.54
Training Epoch: 129/200	Train Loss: 0.1985	Val Accuracy: 31.54
Training Epoch: 130/200	Train Loss: 0.3399	Val Accuracy: 32.76
Training Epoch: 131/200	Train Loss: 0.1141	Val Accuracy: 32.76
Training Epoch: 132/200	Train Loss: 0.1341	Val Accuracy: 33.52
Training Epoch: 133/200	Train Loss: 0.146	Val Accuracy: 33.52
Training Epoch: 134/200	Train Loss: 0.1392	Val Accuracy: 32.74
Training Epoch: 135/200	Train Loss: 0.8548	Val Accuracy: 32.74
Training Epoch: 136/200	Train Loss: 0.3017	Val Accuracy: 33.44
Training Epoch: 137/200	Train Loss: 0.0896	Val Accuracy: 33.44
Training Epoch: 138/200	Train Loss: 0.1899	Val Accuracy: 33.36
Training Epoch: 139/200	Train Loss: 0.0453	Val Accuracy: 33.36
Training Epoch: 140/200	Train Loss: 0.0849	Val Accuracy: 34.0
Training Epoch: 141/200	Train Loss: 0.2719	Val Accuracy: 34.0
Training Epoch: 142/200	Train Loss: 0.1243	Val Accuracy: 33.36
Training Epoch: 143/200	Train Loss: 0.1186	Val Accuracy: 33.36
Training Epoch: 144/200	Train Loss: 1.2278	Val Accuracy: 31.88
Training Epoch: 145/200	Train Loss: 0.928	Val Accuracy: 31.88
Training Epoch: 146/200	Train Loss: 0.2959	Val Accuracy: 33.18
Training Epoch: 147/200	Train Loss: 0.1013	Val Accuracy: 33.18
Training Epoch: 148/200	Train Loss: 0.1146	Val Accuracy: 32.38
Training Epoch: 149/200	Train Loss: 0.3749	Val Accuracy: 32.38
Training Epoch: 150/200	Train Loss: 0.0488	Val Accuracy: 33.3
Training Epoch: 151/200	Train Loss: 0.1875	Val Accuracy: 33.3
Training Epoch: 152/200	Train Loss: 0.0768	Val Accuracy: 32.94
Training Epoch: 153/200	Train Loss: 0.1515	Val Accuracy: 32.94
Training Epoch: 154/200	Train Loss: 0.0863	Val Accuracy: 32.5
Training Epoch: 155/200	Train Loss: 1.6526	Val Accuracy: 32.5
Training Epoch: 156/200	Train Loss: 0.1424	Val Accuracy: 33.02
Training Epoch: 157/200	Train Loss: 1.1138	Val Accuracy: 33.02
Training Epoch: 158/200	Train Loss: 0.0742	Val Accuracy: 33.68
Training Epoch: 159/200	Train Loss: 0.0961	Val Accuracy: 33.68
Training Epoch: 160/200	Train Loss: 0.0792	Val Accuracy: 33.54
Training Epoch: 161/200	Train Loss: 0.1542	Val Accuracy: 33.54
Training Epoch: 162/200	Train Loss: 0.0235	Val Accuracy: 32.9
Training Epoch: 163/200	Train Loss: 0.0524	Val Accuracy: 32.9
Training Epoch: 164/200	Train Loss: 0.3308	Val Accuracy: 33.52
Training Epoch: 165/200	Train Loss: 0.2088	Val Accuracy: 33.52
Training Epoch: 166/200	Train Loss: 0.1268	Val Accuracy: 34.26
Training Epoch: 167/200	Train Loss: 0.2334	Val Accuracy: 34.26
Training Epoch: 168/200	Train Loss: 0.6881	Val Accuracy: 34.7
Training Epoch: 169/200	Train Loss: 0.0483	Val Accuracy: 34.7
Training Epoch: 170/200	Train Loss: 0.0219	Val Accuracy: 34.02
Training Epoch: 171/200	Train Loss: 1.3513	Val Accuracy: 34.02
Training Epoch: 172/200	Train Loss: 0.8101	Val Accuracy: 33.72
Training Epoch: 173/200	Train Loss: 0.0205	Val Accuracy: 33.72
Training Epoch: 174/200	Train Loss: 0.0982	Val Accuracy: 34.08
Training Epoch: 175/200	Train Loss: 0.1773	Val Accuracy: 34.08
Training Epoch: 176/200	Train Loss: 0.6445	Val Accuracy: 33.84
Training Epoch: 177/200	Train Loss: 0.283	Val Accuracy: 33.84
Training Epoch: 178/200	Train Loss: 0.8194	Val Accuracy: 33.74
Training Epoch: 179/200	Train Loss: 0.1023	Val Accuracy: 33.74
Training Epoch: 180/200	Train Loss: 0.4092	Val Accuracy: 34.2
Training Epoch: 181/200	Train Loss: 0.525	Val Accuracy: 34.2
Training Epoch: 182/200	Train Loss: 0.0087	Val Accuracy: 33.96
Training Epoch: 183/200	Train Loss: 0.0617	Val Accuracy: 33.96
Training Epoch: 184/200	Train Loss: 0.0628	Val Accuracy: 33.36
Training Epoch: 185/200	Train Loss: 0.0197	Val Accuracy: 33.36
Training Epoch: 186/200	Train Loss: 0.3086	Val Accuracy: 33.84
Training Epoch: 187/200	Train Loss: 0.0081	Val Accuracy: 33.84
Training Epoch: 188/200	Train Loss: 0.0157	Val Accuracy: 33.48
Training Epoch: 189/200	Train Loss: 0.4415	Val Accuracy: 33.48
Training Epoch: 190/200	Train Loss: 0.1682	Val Accuracy: 33.9
Training Epoch: 191/200	Train Loss: 0.0236	Val Accuracy: 33.9
Training Epoch: 192/200	Train Loss: 0.5443	Val Accuracy: 33.38
Training Epoch: 193/200	Train Loss: 0.1106	Val Accuracy: 33.38
Training Epoch: 194/200	Train Loss: 0.0481	Val Accuracy: 34.2
Training Epoch: 195/200	Train Loss: 0.028	Val Accuracy: 34.2
Training Epoch: 196/200	Train Loss: 0.0149	Val Accuracy: 33.54
Training Epoch: 197/200	Train Loss: 0.0122	Val Accuracy: 33.54
Training Epoch: 198/200	Train Loss: 0.0051	Val Accuracy: 32.76
Training Epoch: 199/200	Train Loss: 0.0761	Val Accuracy: 32.76
Training Epoch: 200/200	Train Loss: 0.0297	Val Accuracy: 33.2

Wrote Best Model Checkpoint to: vlBest_acc_34_model_epoch_0168.pyth

Best Validation Accuracy: 34.7
Best Epoch: 168

======== TESTING ========

Test Accuracy: 34.09.

======== ACTIVE SAMPLING ========

ProbCover adaptive delta: base=0.2500, effective=0.2125, scale=0.85, phase=post_label_shrink, labeled_count=400
[ID cache] loaded: /scratch/s219110279/idpc_cache/resnet50/CIFAR10/seed1/mle_local_k50.npy
[kNN cache] loaded: /scratch/s219110279/idpc_cache/resnet50/CIFAR10/seed1/knn_k50.npz
[IDProbCover] it=000 pick_rel=18268 ID=7.569 pick_global=20010 best_gain=2 covered=0.075 maxdeg=2
[IDProbCover] it=001 pick_rel=26277 ID=7.575 pick_global=29010 best_gain=2 covered=0.075 maxdeg=2
[IDProbCover] it=002 pick_rel=25777 ID=7.580 pick_global=28456 best_gain=2 covered=0.075 maxdeg=2
[IDProbCover] it=003 pick_rel=15097 ID=7.607 pick_global=16478 best_gain=2 covered=0.075 maxdeg=2
[IDProbCover] it=004 pick_rel=29662 ID=7.607 pick_global=32780 best_gain=2 covered=0.075 maxdeg=2
[IDProbCover] it=005 pick_rel=19381 ID=7.624 pick_global=21262 best_gain=2 covered=0.075 maxdeg=2
[IDProbCover] it=006 pick_rel=21757 ID=7.647 pick_global=23923 best_gain=2 covered=0.075 maxdeg=2
[IDProbCover] it=007 pick_rel=1246 ID=7.654 pick_global=926 best_gain=2 covered=0.075 maxdeg=2
[IDProbCover] it=008 pick_rel=24166 ID=7.674 pick_global=26641 best_gain=2 covered=0.075 maxdeg=2
[IDProbCover] it=009 pick_rel=29284 ID=7.688 pick_global=32360 best_gain=2 covered=0.075 maxdeg=2
[IDProbCover] it=010 pick_rel=33221 ID=7.702 pick_global=36775 best_gain=2 covered=0.075 maxdeg=2
[IDProbCover] it=011 pick_rel=23027 ID=7.707 pick_global=25358 best_gain=2 covered=0.075 maxdeg=2
[IDProbCover] it=012 pick_rel=24323 ID=7.724 pick_global=26816 best_gain=2 covered=0.075 maxdeg=2
[IDProbCover] it=013 pick_rel=12984 ID=7.725 pick_global=14095 best_gain=2 covered=0.076 maxdeg=2
[IDProbCover] it=014 pick_rel=37916 ID=7.736 pick_global=42091 best_gain=2 covered=0.076 maxdeg=2
[IDProbCover] it=015 pick_rel=21616 ID=7.741 pick_global=23767 best_gain=2 covered=0.076 maxdeg=2
[IDProbCover] it=016 pick_rel=9441 ID=7.745 pick_global=10133 best_gain=2 covered=0.076 maxdeg=2
[IDProbCover] it=017 pick_rel=2969 ID=7.746 pick_global=2844 best_gain=2 covered=0.076 maxdeg=2
[IDProbCover] it=018 pick_rel=44441 ID=7.784 pick_global=49353 best_gain=2 covered=0.076 maxdeg=2
[IDProbCover] it=019 pick_rel=20350 ID=7.808 pick_global=22339 best_gain=2 covered=0.076 maxdeg=2
[IDProbCover] it=020 pick_rel=38138 ID=7.833 pick_global=42353 best_gain=2 covered=0.076 maxdeg=2
[IDProbCover] it=021 pick_rel=16568 ID=7.838 pick_global=18126 best_gain=2 covered=0.076 maxdeg=2
[IDProbCover] it=022 pick_rel=25067 ID=7.847 pick_global=27657 best_gain=2 covered=0.076 maxdeg=2
[IDProbCover] it=023 pick_rel=39755 ID=7.848 pick_global=44160 best_gain=2 covered=0.076 maxdeg=2
[IDProbCover] it=024 pick_rel=13905 ID=7.857 pick_global=15117 best_gain=2 covered=0.076 maxdeg=2
[IDProbCover] it=025 pick_rel=15553 ID=7.896 pick_global=16990 best_gain=2 covered=0.076 maxdeg=2
[IDProbCover] it=026 pick_rel=26012 ID=7.950 pick_global=28714 best_gain=2 covered=0.076 maxdeg=2
[IDProbCover] it=027 pick_rel=1496 ID=7.952 pick_global=1206 best_gain=2 covered=0.076 maxdeg=2
[IDProbCover] it=028 pick_rel=13387 ID=7.954 pick_global=14547 best_gain=2 covered=0.076 maxdeg=2
[IDProbCover] it=029 pick_rel=1076 ID=7.963 pick_global=746 best_gain=2 covered=0.076 maxdeg=2
[IDProbCover] it=030 pick_rel=520 ID=7.988 pick_global=133 best_gain=2 covered=0.076 maxdeg=2
[IDProbCover] it=031 pick_rel=4440 ID=7.991 pick_global=4511 best_gain=2 covered=0.076 maxdeg=2
[IDProbCover] it=032 pick_rel=25616 ID=8.043 pick_global=28281 best_gain=2 covered=0.076 maxdeg=2
[IDProbCover] it=033 pick_rel=9378 ID=8.045 pick_global=10055 best_gain=2 covered=0.076 maxdeg=2
[IDProbCover] it=034 pick_rel=15341 ID=8.051 pick_global=16760 best_gain=2 covered=0.076 maxdeg=2
[IDProbCover] it=035 pick_rel=12436 ID=8.071 pick_global=13500 best_gain=2 covered=0.077 maxdeg=2
[IDProbCover] it=036 pick_rel=4015 ID=8.075 pick_global=4033 best_gain=2 covered=0.077 maxdeg=2
[IDProbCover] it=037 pick_rel=18479 ID=8.079 pick_global=20242 best_gain=2 covered=0.077 maxdeg=2
[IDProbCover] it=038 pick_rel=31530 ID=8.079 pick_global=34900 best_gain=2 covered=0.077 maxdeg=2
[IDProbCover] it=039 pick_rel=17496 ID=8.082 pick_global=19146 best_gain=2 covered=0.077 maxdeg=2
[IDProbCover] it=040 pick_rel=35298 ID=8.084 pick_global=39120 best_gain=2 covered=0.077 maxdeg=2
[IDProbCover] it=041 pick_rel=31881 ID=8.092 pick_global=35295 best_gain=2 covered=0.077 maxdeg=2
[IDProbCover] it=042 pick_rel=8929 ID=8.096 pick_global=9556 best_gain=2 covered=0.077 maxdeg=2
[IDProbCover] it=043 pick_rel=765 ID=8.099 pick_global=402 best_gain=2 covered=0.077 maxdeg=2
[IDProbCover] it=044 pick_rel=27523 ID=8.122 pick_global=30395 best_gain=2 covered=0.077 maxdeg=2
[IDProbCover] it=045 pick_rel=27959 ID=8.122 pick_global=30867 best_gain=2 covered=0.077 maxdeg=2
[IDProbCover] it=046 pick_rel=38357 ID=8.179 pick_global=42600 best_gain=2 covered=0.077 maxdeg=2
[IDProbCover] it=047 pick_rel=2147 ID=8.185 pick_global=1927 best_gain=2 covered=0.077 maxdeg=2
[IDProbCover] it=048 pick_rel=9418 ID=8.188 pick_global=10106 best_gain=2 covered=0.077 maxdeg=2
[IDProbCover] it=049 pick_rel=37481 ID=8.202 pick_global=41612 best_gain=2 covered=0.077 maxdeg=2
Coverage selection metadata: active=False (mode=id_prob_cover, variant=unknown, delta=0.2125, phase=id_adaptive, bald_mean=0.0000, bald_max=0.0000, variance_mean=0.0000, variance_max=0.0000, dropout_iters=0, cover_anchors=0, diversity_lambda=0.00, selected_id_mean=7.8891, selected_signal_mean=0.0000, selected_radius_mean=0.4489, k_id=50, k_knn=50, alpha=1.00)
Active Sampling Complete. After Episode 7:
New Labeled Set: 450, New Unlabeled Set: 44550, Active Set: 50

================================


Current accuracy values:  [20.200000000000003, 17.099999999999994, 17.400000000000006, 20.58, 27.079999389648435, 31.479999351501462, 32.029999275207516, 34.08999900817871]
Starting model from scratch - ignoring existing weights.
<All keys matched successfully>
None
======== EPISODE 8 BEGINS ========

======== TRAINING ========
Training Epoch: 1/200	Train Loss: 19.1318	Val Accuracy: 0.0
Training Epoch: 2/200	Train Loss: 11.5442	Val Accuracy: 9.74
Training Epoch: 3/200	Train Loss: 7.249	Val Accuracy: 9.74
Training Epoch: 4/200	Train Loss: 3.6628	Val Accuracy: 10.72
Training Epoch: 5/200	Train Loss: 3.7894	Val Accuracy: 10.72
Training Epoch: 6/200	Train Loss: 2.5214	Val Accuracy: 11.16
Training Epoch: 7/200	Train Loss: 2.5548	Val Accuracy: 11.16
Training Epoch: 8/200	Train Loss: 3.5704	Val Accuracy: 11.94
Training Epoch: 9/200	Train Loss: 2.8549	Val Accuracy: 11.94
Training Epoch: 10/200	Train Loss: 5.0843	Val Accuracy: 12.0
Training Epoch: 11/200	Train Loss: 3.8012	Val Accuracy: 12.0
Training Epoch: 12/200	Train Loss: 2.8834	Val Accuracy: 10.54
Training Epoch: 13/200	Train Loss: 3.5344	Val Accuracy: 10.54
Training Epoch: 14/200	Train Loss: 3.6529	Val Accuracy: 9.96
Training Epoch: 15/200	Train Loss: 5.7298	Val Accuracy: 9.96
Training Epoch: 16/200	Train Loss: 2.2148	Val Accuracy: 10.32
Training Epoch: 17/200	Train Loss: 4.3625	Val Accuracy: 10.32
Training Epoch: 18/200	Train Loss: 2.9552	Val Accuracy: 9.9
Training Epoch: 19/200	Train Loss: 3.7665	Val Accuracy: 9.9
Training Epoch: 20/200	Train Loss: 2.7121	Val Accuracy: 17.16
Training Epoch: 21/200	Train Loss: 3.2265	Val Accuracy: 17.16
Training Epoch: 22/200	Train Loss: 4.4114	Val Accuracy: 14.44
Training Epoch: 23/200	Train Loss: 4.5876	Val Accuracy: 14.44
Training Epoch: 24/200	Train Loss: 2.2111	Val Accuracy: 14.84
Training Epoch: 25/200	Train Loss: 2.5682	Val Accuracy: 14.84
Training Epoch: 26/200	Train Loss: 7.7121	Val Accuracy: 18.0
Training Epoch: 27/200	Train Loss: 3.2498	Val Accuracy: 18.0
Training Epoch: 28/200	Train Loss: 2.3102	Val Accuracy: 17.12
Training Epoch: 29/200	Train Loss: 2.4448	Val Accuracy: 17.12
Training Epoch: 30/200	Train Loss: 1.934	Val Accuracy: 20.54
Training Epoch: 31/200	Train Loss: 3.8227	Val Accuracy: 20.54
Training Epoch: 32/200	Train Loss: 2.3561	Val Accuracy: 21.04
Training Epoch: 33/200	Train Loss: 2.184	Val Accuracy: 21.04
Training Epoch: 34/200	Train Loss: 3.1126	Val Accuracy: 21.4
Training Epoch: 35/200	Train Loss: 1.8314	Val Accuracy: 21.4
Training Epoch: 36/200	Train Loss: 4.7009	Val Accuracy: 20.48
Training Epoch: 37/200	Train Loss: 2.0065	Val Accuracy: 20.48
Training Epoch: 38/200	Train Loss: 5.8085	Val Accuracy: 20.16
Training Epoch: 39/200	Train Loss: 3.2882	Val Accuracy: 20.16
Training Epoch: 40/200	Train Loss: 2.9112	Val Accuracy: 18.66
Training Epoch: 41/200	Train Loss: 1.7658	Val Accuracy: 18.66
Training Epoch: 42/200	Train Loss: 2.4893	Val Accuracy: 22.08
Training Epoch: 43/200	Train Loss: 2.2128	Val Accuracy: 22.08
Training Epoch: 44/200	Train Loss: 2.7116	Val Accuracy: 23.16
Training Epoch: 45/200	Train Loss: 2.8549	Val Accuracy: 23.16
Training Epoch: 46/200	Train Loss: 2.9116	Val Accuracy: 23.08
Training Epoch: 47/200	Train Loss: 3.5709	Val Accuracy: 23.08
Training Epoch: 48/200	Train Loss: 2.2519	Val Accuracy: 24.84
Training Epoch: 49/200	Train Loss: 1.4753	Val Accuracy: 24.84
Training Epoch: 50/200	Train Loss: 2.1901	Val Accuracy: 25.6
Training Epoch: 51/200	Train Loss: 1.3765	Val Accuracy: 25.6
Training Epoch: 52/200	Train Loss: 1.5641	Val Accuracy: 25.52
Training Epoch: 53/200	Train Loss: 3.3903	Val Accuracy: 25.52
Training Epoch: 54/200	Train Loss: 1.4099	Val Accuracy: 23.6
Training Epoch: 55/200	Train Loss: 2.3398	Val Accuracy: 23.6
Training Epoch: 56/200	Train Loss: 1.3477	Val Accuracy: 22.62
Training Epoch: 57/200	Train Loss: 1.496	Val Accuracy: 22.62
Training Epoch: 58/200	Train Loss: 3.3597	Val Accuracy: 22.32
Training Epoch: 59/200	Train Loss: 2.8761	Val Accuracy: 22.32
Training Epoch: 60/200	Train Loss: 2.8	Val Accuracy: 23.3
Training Epoch: 61/200	Train Loss: 2.6329	Val Accuracy: 23.3
Training Epoch: 62/200	Train Loss: 4.0781	Val Accuracy: 24.9
Training Epoch: 63/200	Train Loss: 2.0417	Val Accuracy: 24.9
Training Epoch: 64/200	Train Loss: 3.4672	Val Accuracy: 23.04
Training Epoch: 65/200	Train Loss: 1.4662	Val Accuracy: 23.04
Training Epoch: 66/200	Train Loss: 1.9443	Val Accuracy: 25.32
Training Epoch: 67/200	Train Loss: 2.1	Val Accuracy: 25.32
Training Epoch: 68/200	Train Loss: 2.3612	Val Accuracy: 23.78
Training Epoch: 69/200	Train Loss: 1.4553	Val Accuracy: 23.78
Training Epoch: 70/200	Train Loss: 3.2793	Val Accuracy: 22.52
Training Epoch: 71/200	Train Loss: 2.7642	Val Accuracy: 22.52
Training Epoch: 72/200	Train Loss: 2.2942	Val Accuracy: 25.08
Training Epoch: 73/200	Train Loss: 2.9171	Val Accuracy: 25.08
Training Epoch: 74/200	Train Loss: 2.0584	Val Accuracy: 24.78
Training Epoch: 75/200	Train Loss: 2.0529	Val Accuracy: 24.78
Training Epoch: 76/200	Train Loss: 1.9032	Val Accuracy: 25.28
Training Epoch: 77/200	Train Loss: 1.9853	Val Accuracy: 25.28
Training Epoch: 78/200	Train Loss: 1.4244	Val Accuracy: 26.98
Training Epoch: 79/200	Train Loss: 1.2083	Val Accuracy: 26.98
Training Epoch: 80/200	Train Loss: 1.727	Val Accuracy: 26.0
Training Epoch: 81/200	Train Loss: 2.8059	Val Accuracy: 26.0
Training Epoch: 82/200	Train Loss: 1.0404	Val Accuracy: 26.9
Training Epoch: 83/200	Train Loss: 2.6369	Val Accuracy: 26.9
Training Epoch: 84/200	Train Loss: 1.5959	Val Accuracy: 27.22
Training Epoch: 85/200	Train Loss: 1.4171	Val Accuracy: 27.22
Training Epoch: 86/200	Train Loss: 1.5348	Val Accuracy: 28.24
Training Epoch: 87/200	Train Loss: 1.4668	Val Accuracy: 28.24
Training Epoch: 88/200	Train Loss: 2.5576	Val Accuracy: 26.86
Training Epoch: 89/200	Train Loss: 0.9577	Val Accuracy: 26.86
Training Epoch: 90/200	Train Loss: 1.2234	Val Accuracy: 27.5
Training Epoch: 91/200	Train Loss: 0.9389	Val Accuracy: 27.5
Training Epoch: 92/200	Train Loss: 1.5107	Val Accuracy: 27.92
Training Epoch: 93/200	Train Loss: 0.9576	Val Accuracy: 27.92
Training Epoch: 94/200	Train Loss: 1.989	Val Accuracy: 28.52
Training Epoch: 95/200	Train Loss: 2.2881	Val Accuracy: 28.52
Training Epoch: 96/200	Train Loss: 0.7747	Val Accuracy: 26.84
Training Epoch: 97/200	Train Loss: 1.5269	Val Accuracy: 26.84
Training Epoch: 98/200	Train Loss: 0.642	Val Accuracy: 26.26
Training Epoch: 99/200	Train Loss: 0.7893	Val Accuracy: 26.26
Training Epoch: 100/200	Train Loss: 1.2537	Val Accuracy: 28.24
Training Epoch: 101/200	Train Loss: 0.9521	Val Accuracy: 28.24
Training Epoch: 102/200	Train Loss: 0.6026	Val Accuracy: 26.84
Training Epoch: 103/200	Train Loss: 1.7637	Val Accuracy: 26.84
Training Epoch: 104/200	Train Loss: 0.9932	Val Accuracy: 27.78
Training Epoch: 105/200	Train Loss: 1.3479	Val Accuracy: 27.78
Training Epoch: 106/200	Train Loss: 0.9963	Val Accuracy: 28.52
Training Epoch: 107/200	Train Loss: 0.6673	Val Accuracy: 28.52
Training Epoch: 108/200	Train Loss: 0.7382	Val Accuracy: 28.3
Training Epoch: 109/200	Train Loss: 0.4251	Val Accuracy: 28.3
Training Epoch: 110/200	Train Loss: 0.7703	Val Accuracy: 29.48
Training Epoch: 111/200	Train Loss: 0.8435	Val Accuracy: 29.48
Training Epoch: 112/200	Train Loss: 0.5711	Val Accuracy: 28.82
Training Epoch: 113/200	Train Loss: 0.4174	Val Accuracy: 28.82
Training Epoch: 114/200	Train Loss: 1.1935	Val Accuracy: 28.24
Training Epoch: 115/200	Train Loss: 0.4651	Val Accuracy: 28.24
Training Epoch: 116/200	Train Loss: 0.5071	Val Accuracy: 28.34
Training Epoch: 117/200	Train Loss: 0.3973	Val Accuracy: 28.34
Training Epoch: 118/200	Train Loss: 0.583	Val Accuracy: 29.4
Training Epoch: 119/200	Train Loss: 0.6934	Val Accuracy: 29.4
Training Epoch: 120/200	Train Loss: 0.5394	Val Accuracy: 30.1
Training Epoch: 121/200	Train Loss: 0.3714	Val Accuracy: 30.1
Training Epoch: 122/200	Train Loss: 1.7286	Val Accuracy: 28.3
Training Epoch: 123/200	Train Loss: 0.7022	Val Accuracy: 28.3
Training Epoch: 124/200	Train Loss: 0.4391	Val Accuracy: 27.72
Training Epoch: 125/200	Train Loss: 0.5117	Val Accuracy: 27.72
Training Epoch: 126/200	Train Loss: 0.4265	Val Accuracy: 27.66
Training Epoch: 127/200	Train Loss: 1.2195	Val Accuracy: 27.66
Training Epoch: 128/200	Train Loss: 0.7122	Val Accuracy: 29.32
Training Epoch: 129/200	Train Loss: 0.6884	Val Accuracy: 29.32
Training Epoch: 130/200	Train Loss: 0.2913	Val Accuracy: 28.74
Training Epoch: 131/200	Train Loss: 1.1045	Val Accuracy: 28.74
Training Epoch: 132/200	Train Loss: 0.7439	Val Accuracy: 29.08
Training Epoch: 133/200	Train Loss: 0.4473	Val Accuracy: 29.08
Training Epoch: 134/200	Train Loss: 0.3056	Val Accuracy: 30.1
Training Epoch: 135/200	Train Loss: 0.3493	Val Accuracy: 30.1
Training Epoch: 136/200	Train Loss: 0.1999	Val Accuracy: 29.94
Training Epoch: 137/200	Train Loss: 0.2956	Val Accuracy: 29.94
Training Epoch: 138/200	Train Loss: 0.9274	Val Accuracy: 30.26
Training Epoch: 139/200	Train Loss: 0.2617	Val Accuracy: 30.26
Training Epoch: 140/200	Train Loss: 0.9466	Val Accuracy: 29.64
Training Epoch: 141/200	Train Loss: 0.4664	Val Accuracy: 29.64
Training Epoch: 142/200	Train Loss: 0.1724	Val Accuracy: 29.58
Training Epoch: 143/200	Train Loss: 0.7485	Val Accuracy: 29.58
Training Epoch: 144/200	Train Loss: 0.4413	Val Accuracy: 29.22
Training Epoch: 145/200	Train Loss: 0.3981	Val Accuracy: 29.22
Training Epoch: 146/200	Train Loss: 0.1418	Val Accuracy: 29.94
Training Epoch: 147/200	Train Loss: 0.2359	Val Accuracy: 29.94
Training Epoch: 148/200	Train Loss: 0.1815	Val Accuracy: 30.34
Training Epoch: 149/200	Train Loss: 0.394	Val Accuracy: 30.34
Training Epoch: 150/200	Train Loss: 0.5825	Val Accuracy: 30.88
Training Epoch: 151/200	Train Loss: 0.0646	Val Accuracy: 30.88
Training Epoch: 152/200	Train Loss: 0.2563	Val Accuracy: 29.74
Training Epoch: 153/200	Train Loss: 0.7434	Val Accuracy: 29.74
Training Epoch: 154/200	Train Loss: 0.1782	Val Accuracy: 30.72
Training Epoch: 155/200	Train Loss: 0.3057	Val Accuracy: 30.72
Training Epoch: 156/200	Train Loss: 0.0915	Val Accuracy: 31.14
Training Epoch: 157/200	Train Loss: 0.1932	Val Accuracy: 31.14
Training Epoch: 158/200	Train Loss: 1.2757	Val Accuracy: 29.34
Training Epoch: 159/200	Train Loss: 0.1236	Val Accuracy: 29.34
Training Epoch: 160/200	Train Loss: 0.2835	Val Accuracy: 30.36
Training Epoch: 161/200	Train Loss: 0.073	Val Accuracy: 30.36
Training Epoch: 162/200	Train Loss: 0.4635	Val Accuracy: 29.88
Training Epoch: 163/200	Train Loss: 1.4168	Val Accuracy: 29.88
Training Epoch: 164/200	Train Loss: 0.4447	Val Accuracy: 30.12
Training Epoch: 165/200	Train Loss: 0.324	Val Accuracy: 30.12
Training Epoch: 166/200	Train Loss: 0.1923	Val Accuracy: 29.42
Training Epoch: 167/200	Train Loss: 0.9544	Val Accuracy: 29.42
Training Epoch: 168/200	Train Loss: 0.0778	Val Accuracy: 30.94
Training Epoch: 169/200	Train Loss: 0.495	Val Accuracy: 30.94
Training Epoch: 170/200	Train Loss: 0.39	Val Accuracy: 30.3
Training Epoch: 171/200	Train Loss: 0.3178	Val Accuracy: 30.3
Training Epoch: 172/200	Train Loss: 0.13	Val Accuracy: 31.36
Training Epoch: 173/200	Train Loss: 0.4216	Val Accuracy: 31.36
Training Epoch: 174/200	Train Loss: 0.0582	Val Accuracy: 30.74
Training Epoch: 175/200	Train Loss: 0.1953	Val Accuracy: 30.74
Training Epoch: 176/200	Train Loss: 0.5	Val Accuracy: 30.54
Training Epoch: 177/200	Train Loss: 0.1747	Val Accuracy: 30.54
Training Epoch: 178/200	Train Loss: 0.1047	Val Accuracy: 30.12
Training Epoch: 179/200	Train Loss: 0.0945	Val Accuracy: 30.12
Training Epoch: 180/200	Train Loss: 0.1945	Val Accuracy: 31.82
Training Epoch: 181/200	Train Loss: 0.0542	Val Accuracy: 31.82
Training Epoch: 182/200	Train Loss: 0.1861	Val Accuracy: 30.84
Training Epoch: 183/200	Train Loss: 0.4166	Val Accuracy: 30.84
Training Epoch: 184/200	Train Loss: 0.1195	Val Accuracy: 30.62
Training Epoch: 185/200	Train Loss: 0.261	Val Accuracy: 30.62
Training Epoch: 186/200	Train Loss: 0.4405	Val Accuracy: 30.8
Training Epoch: 187/200	Train Loss: 0.0432	Val Accuracy: 30.8
Training Epoch: 188/200	Train Loss: 0.1547	Val Accuracy: 29.92
Training Epoch: 189/200	Train Loss: 0.0526	Val Accuracy: 29.92
Training Epoch: 190/200	Train Loss: 0.0836	Val Accuracy: 30.4
Training Epoch: 191/200	Train Loss: 0.2169	Val Accuracy: 30.4
Training Epoch: 192/200	Train Loss: 0.2282	Val Accuracy: 30.44
Training Epoch: 193/200	Train Loss: 0.5796	Val Accuracy: 30.44
Training Epoch: 194/200	Train Loss: 0.1276	Val Accuracy: 31.0
Training Epoch: 195/200	Train Loss: 0.034	Val Accuracy: 31.0
Training Epoch: 196/200	Train Loss: 0.0859	Val Accuracy: 30.96
Training Epoch: 197/200	Train Loss: 0.1328	Val Accuracy: 30.96
Training Epoch: 198/200	Train Loss: 0.5309	Val Accuracy: 30.72
Training Epoch: 199/200	Train Loss: 0.4806	Val Accuracy: 30.72
Training Epoch: 200/200	Train Loss: 0.5747	Val Accuracy: 31.22

Wrote Best Model Checkpoint to: vlBest_acc_31_model_epoch_0180.pyth

Best Validation Accuracy: 31.82
Best Epoch: 180

======== TESTING ========

Test Accuracy: 30.87.

======== ACTIVE SAMPLING ========

ProbCover adaptive delta: base=0.2500, effective=0.2125, scale=0.85, phase=post_label_shrink, labeled_count=450
[ID cache] loaded: /scratch/s219110279/idpc_cache/resnet50/CIFAR10/seed1/mle_local_k50.npy
[kNN cache] loaded: /scratch/s219110279/idpc_cache/resnet50/CIFAR10/seed1/knn_k50.npz
[IDProbCover] it=000 pick_rel=7757 ID=8.213 pick_global=8203 best_gain=2 covered=0.077 maxdeg=2
[IDProbCover] it=001 pick_rel=1295 ID=8.216 pick_global=929 best_gain=2 covered=0.077 maxdeg=2
[IDProbCover] it=002 pick_rel=30596 ID=8.226 pick_global=33828 best_gain=2 covered=0.077 maxdeg=2
[IDProbCover] it=003 pick_rel=20829 ID=8.248 pick_global=22849 best_gain=2 covered=0.077 maxdeg=2
[IDProbCover] it=004 pick_rel=13352 ID=8.249 pick_global=14464 best_gain=2 covered=0.077 maxdeg=2
[IDProbCover] it=005 pick_rel=8685 ID=8.259 pick_global=9231 best_gain=2 covered=0.077 maxdeg=2
[IDProbCover] it=006 pick_rel=13193 ID=8.266 pick_global=14293 best_gain=2 covered=0.077 maxdeg=2
[IDProbCover] it=007 pick_rel=18323 ID=8.278 pick_global=20041 best_gain=2 covered=0.077 maxdeg=2
[IDProbCover] it=008 pick_rel=5165 ID=8.294 pick_global=5284 best_gain=2 covered=0.078 maxdeg=2
[IDProbCover] it=009 pick_rel=4275 ID=8.311 pick_global=4278 best_gain=2 covered=0.078 maxdeg=2
[IDProbCover] it=010 pick_rel=35266 ID=8.318 pick_global=39078 best_gain=2 covered=0.078 maxdeg=2
[IDProbCover] it=011 pick_rel=24661 ID=8.321 pick_global=27177 best_gain=2 covered=0.078 maxdeg=2
[IDProbCover] it=012 pick_rel=30415 ID=8.334 pick_global=33624 best_gain=2 covered=0.078 maxdeg=2
[IDProbCover] it=013 pick_rel=39386 ID=8.339 pick_global=43746 best_gain=2 covered=0.078 maxdeg=2
[IDProbCover] it=014 pick_rel=21382 ID=8.349 pick_global=23472 best_gain=2 covered=0.078 maxdeg=2
[IDProbCover] it=015 pick_rel=39204 ID=8.361 pick_global=43552 best_gain=2 covered=0.078 maxdeg=2
[IDProbCover] it=016 pick_rel=41855 ID=8.364 pick_global=46486 best_gain=2 covered=0.078 maxdeg=2
[IDProbCover] it=017 pick_rel=35867 ID=8.381 pick_global=39756 best_gain=2 covered=0.078 maxdeg=2
[IDProbCover] it=018 pick_rel=35411 ID=8.389 pick_global=39247 best_gain=2 covered=0.078 maxdeg=2
[IDProbCover] it=019 pick_rel=38307 ID=8.412 pick_global=42540 best_gain=2 covered=0.078 maxdeg=2
[IDProbCover] it=020 pick_rel=28104 ID=8.421 pick_global=31011 best_gain=2 covered=0.078 maxdeg=2
[IDProbCover] it=021 pick_rel=23287 ID=8.432 pick_global=25632 best_gain=2 covered=0.078 maxdeg=2
[IDProbCover] it=022 pick_rel=29944 ID=8.438 pick_global=33097 best_gain=2 covered=0.078 maxdeg=2
[IDProbCover] it=023 pick_rel=37879 ID=8.445 pick_global=42043 best_gain=2 covered=0.078 maxdeg=2
[IDProbCover] it=024 pick_rel=16505 ID=8.470 pick_global=18024 best_gain=2 covered=0.078 maxdeg=2
[IDProbCover] it=025 pick_rel=31455 ID=8.481 pick_global=34804 best_gain=2 covered=0.078 maxdeg=2
[IDProbCover] it=026 pick_rel=42117 ID=8.494 pick_global=46773 best_gain=2 covered=0.078 maxdeg=2
[IDProbCover] it=027 pick_rel=24078 ID=8.507 pick_global=26517 best_gain=2 covered=0.078 maxdeg=2
[IDProbCover] it=028 pick_rel=34127 ID=8.533 pick_global=37772 best_gain=2 covered=0.078 maxdeg=2
[IDProbCover] it=029 pick_rel=30699 ID=8.579 pick_global=33945 best_gain=2 covered=0.078 maxdeg=2
[IDProbCover] it=030 pick_rel=26350 ID=8.580 pick_global=29073 best_gain=2 covered=0.079 maxdeg=2
[IDProbCover] it=031 pick_rel=32018 ID=8.596 pick_global=35441 best_gain=2 covered=0.079 maxdeg=2
[IDProbCover] it=032 pick_rel=3209 ID=8.600 pick_global=3066 best_gain=2 covered=0.079 maxdeg=2
[IDProbCover] it=033 pick_rel=43423 ID=8.605 pick_global=48225 best_gain=2 covered=0.079 maxdeg=2
[IDProbCover] it=034 pick_rel=19833 ID=8.627 pick_global=21733 best_gain=2 covered=0.079 maxdeg=2
[IDProbCover] it=035 pick_rel=25529 ID=8.643 pick_global=28164 best_gain=2 covered=0.079 maxdeg=2
[IDProbCover] it=036 pick_rel=21785 ID=8.651 pick_global=23930 best_gain=2 covered=0.079 maxdeg=2
[IDProbCover] it=037 pick_rel=40260 ID=8.657 pick_global=44712 best_gain=2 covered=0.079 maxdeg=2
[IDProbCover] it=038 pick_rel=18501 ID=8.664 pick_global=20237 best_gain=2 covered=0.079 maxdeg=2
[IDProbCover] it=039 pick_rel=29694 ID=8.672 pick_global=32807 best_gain=2 covered=0.079 maxdeg=2
[IDProbCover] it=040 pick_rel=25332 ID=8.677 pick_global=27937 best_gain=2 covered=0.079 maxdeg=2
[IDProbCover] it=041 pick_rel=43437 ID=8.707 pick_global=48239 best_gain=2 covered=0.079 maxdeg=2
[IDProbCover] it=042 pick_rel=23428 ID=8.710 pick_global=25788 best_gain=2 covered=0.079 maxdeg=2
[IDProbCover] it=043 pick_rel=18198 ID=8.726 pick_global=19897 best_gain=2 covered=0.079 maxdeg=2
[IDProbCover] it=044 pick_rel=20195 ID=8.731 pick_global=22130 best_gain=2 covered=0.079 maxdeg=2
[IDProbCover] it=045 pick_rel=40901 ID=8.732 pick_global=45427 best_gain=2 covered=0.079 maxdeg=2
[IDProbCover] it=046 pick_rel=35211 ID=8.733 pick_global=39012 best_gain=2 covered=0.079 maxdeg=2
[IDProbCover] it=047 pick_rel=13798 ID=8.763 pick_global=14961 best_gain=2 covered=0.079 maxdeg=2
[IDProbCover] it=048 pick_rel=10471 ID=8.764 pick_global=11249 best_gain=2 covered=0.079 maxdeg=2
[IDProbCover] it=049 pick_rel=28422 ID=8.777 pick_global=31370 best_gain=2 covered=0.079 maxdeg=2
Coverage selection metadata: active=False (mode=id_prob_cover, variant=unknown, delta=0.2125, phase=id_adaptive, bald_mean=0.0000, bald_max=0.0000, variance_mean=0.0000, variance_max=0.0000, dropout_iters=0, cover_anchors=0, diversity_lambda=0.00, selected_id_mean=8.4909, selected_signal_mean=0.0000, selected_radius_mean=0.4170, k_id=50, k_knn=50, alpha=1.00)
Active Sampling Complete. After Episode 8:
New Labeled Set: 500, New Unlabeled Set: 44500, Active Set: 50

================================


Current accuracy values:  [20.200000000000003, 17.099999999999994, 17.400000000000006, 20.58, 27.079999389648435, 31.479999351501462, 32.029999275207516, 34.08999900817871, 30.869999351501463]
Starting model from scratch - ignoring existing weights.
<All keys matched successfully>
None
======== EPISODE 9 BEGINS ========

======== TRAINING ========
Training Epoch: 1/200	Train Loss: 24.2249	Val Accuracy: 0.0
Training Epoch: 2/200	Train Loss: 3.8782	Val Accuracy: 10.04
Training Epoch: 3/200	Train Loss: 6.3608	Val Accuracy: 10.04
Training Epoch: 4/200	Train Loss: 2.4032	Val Accuracy: 9.98
Training Epoch: 5/200	Train Loss: 3.0381	Val Accuracy: 9.98
Training Epoch: 6/200	Train Loss: 5.1751	Val Accuracy: 9.42
Training Epoch: 7/200	Train Loss: 2.8881	Val Accuracy: 9.42
Training Epoch: 8/200	Train Loss: 10.3279	Val Accuracy: 9.92
Training Epoch: 9/200	Train Loss: 3.4313	Val Accuracy: 9.92
Training Epoch: 10/200	Train Loss: 2.9726	Val Accuracy: 12.72
Training Epoch: 11/200	Train Loss: 7.0975	Val Accuracy: 12.72
Training Epoch: 12/200	Train Loss: 2.4476	Val Accuracy: 13.18
Training Epoch: 13/200	Train Loss: 3.4405	Val Accuracy: 13.18
Training Epoch: 14/200	Train Loss: 3.4289	Val Accuracy: 13.76
Training Epoch: 15/200	Train Loss: 2.8333	Val Accuracy: 13.76
Training Epoch: 16/200	Train Loss: 3.0778	Val Accuracy: 16.78
Training Epoch: 17/200	Train Loss: 2.1648	Val Accuracy: 16.78
Training Epoch: 18/200	Train Loss: 2.208	Val Accuracy: 18.04
Training Epoch: 19/200	Train Loss: 2.0606	Val Accuracy: 18.04
Training Epoch: 20/200	Train Loss: 1.8653	Val Accuracy: 18.06
Training Epoch: 21/200	Train Loss: 2.1158	Val Accuracy: 18.06
Training Epoch: 22/200	Train Loss: 2.8296	Val Accuracy: 18.76
Training Epoch: 23/200	Train Loss: 2.0986	Val Accuracy: 18.76
Training Epoch: 24/200	Train Loss: 2.3393	Val Accuracy: 14.52
Training Epoch: 25/200	Train Loss: 4.7845	Val Accuracy: 14.52
Training Epoch: 26/200	Train Loss: 3.9054	Val Accuracy: 17.24
Training Epoch: 27/200	Train Loss: 2.0781	Val Accuracy: 17.24
Training Epoch: 28/200	Train Loss: 1.7942	Val Accuracy: 16.28
Training Epoch: 29/200	Train Loss: 3.1069	Val Accuracy: 16.28
Training Epoch: 30/200	Train Loss: 1.8801	Val Accuracy: 18.26
Training Epoch: 31/200	Train Loss: 1.7431	Val Accuracy: 18.26
Training Epoch: 32/200	Train Loss: 1.7177	Val Accuracy: 20.08
Training Epoch: 33/200	Train Loss: 1.9225	Val Accuracy: 20.08
Training Epoch: 34/200	Train Loss: 1.5531	Val Accuracy: 20.06
Training Epoch: 35/200	Train Loss: 1.5477	Val Accuracy: 20.06
Training Epoch: 36/200	Train Loss: 1.9628	Val Accuracy: 20.52
Training Epoch: 37/200	Train Loss: 1.7423	Val Accuracy: 20.52
Training Epoch: 38/200	Train Loss: 2.1554	Val Accuracy: 22.38
Training Epoch: 39/200	Train Loss: 1.429	Val Accuracy: 22.38
Training Epoch: 40/200	Train Loss: 1.6274	Val Accuracy: 23.64
Training Epoch: 41/200	Train Loss: 1.6553	Val Accuracy: 23.64
Training Epoch: 42/200	Train Loss: 1.4029	Val Accuracy: 24.5
Training Epoch: 43/200	Train Loss: 1.3248	Val Accuracy: 24.5
Training Epoch: 44/200	Train Loss: 1.4863	Val Accuracy: 25.42
Training Epoch: 45/200	Train Loss: 1.3751	Val Accuracy: 25.42
Training Epoch: 46/200	Train Loss: 1.3267	Val Accuracy: 26.18
Training Epoch: 47/200	Train Loss: 1.2833	Val Accuracy: 26.18
Training Epoch: 48/200	Train Loss: 1.3146	Val Accuracy: 26.28
Training Epoch: 49/200	Train Loss: 1.3079	Val Accuracy: 26.28
Training Epoch: 50/200	Train Loss: 1.3739	Val Accuracy: 29.26
Training Epoch: 51/200	Train Loss: 1.2387	Val Accuracy: 29.26
Training Epoch: 52/200	Train Loss: 1.0776	Val Accuracy: 27.96
Training Epoch: 53/200	Train Loss: 1.1965	Val Accuracy: 27.96
Training Epoch: 54/200	Train Loss: 1.1236	Val Accuracy: 29.46
Training Epoch: 55/200	Train Loss: 1.0726	Val Accuracy: 29.46
Training Epoch: 56/200	Train Loss: 1.1969	Val Accuracy: 29.02
Training Epoch: 57/200	Train Loss: 2.4699	Val Accuracy: 29.02
Training Epoch: 58/200	Train Loss: 2.6592	Val Accuracy: 30.0
Training Epoch: 59/200	Train Loss: 1.0752	Val Accuracy: 30.0
Training Epoch: 60/200	Train Loss: 0.8379	Val Accuracy: 30.52
Training Epoch: 61/200	Train Loss: 1.0448	Val Accuracy: 30.52
Training Epoch: 62/200	Train Loss: 1.6664	Val Accuracy: 31.38
Training Epoch: 63/200	Train Loss: 4.1939	Val Accuracy: 31.38
Training Epoch: 64/200	Train Loss: 1.19	Val Accuracy: 30.56
Training Epoch: 65/200	Train Loss: 1.2292	Val Accuracy: 30.56
Training Epoch: 66/200	Train Loss: 0.9874	Val Accuracy: 29.14
Training Epoch: 67/200	Train Loss: 0.9001	Val Accuracy: 29.14
Training Epoch: 68/200	Train Loss: 1.8297	Val Accuracy: 29.56
Training Epoch: 69/200	Train Loss: 0.9036	Val Accuracy: 29.56
Training Epoch: 70/200	Train Loss: 1.2867	Val Accuracy: 27.5
Training Epoch: 71/200	Train Loss: 2.3145	Val Accuracy: 27.5
Training Epoch: 72/200	Train Loss: 1.2989	Val Accuracy: 29.22
Training Epoch: 73/200	Train Loss: 0.9865	Val Accuracy: 29.22
Training Epoch: 74/200	Train Loss: 1.0079	Val Accuracy: 29.36
Training Epoch: 75/200	Train Loss: 1.1586	Val Accuracy: 29.36
Training Epoch: 76/200	Train Loss: 0.9248	Val Accuracy: 29.34
Training Epoch: 77/200	Train Loss: 0.6899	Val Accuracy: 29.34
Training Epoch: 78/200	Train Loss: 1.1037	Val Accuracy: 29.74
Training Epoch: 79/200	Train Loss: 1.1687	Val Accuracy: 29.74
Training Epoch: 80/200	Train Loss: 0.8087	Val Accuracy: 30.78
Training Epoch: 81/200	Train Loss: 0.7546	Val Accuracy: 30.78
Training Epoch: 82/200	Train Loss: 0.6639	Val Accuracy: 31.38
Training Epoch: 83/200	Train Loss: 4.224	Val Accuracy: 31.38
Training Epoch: 84/200	Train Loss: 0.6224	Val Accuracy: 32.18
Training Epoch: 85/200	Train Loss: 0.8401	Val Accuracy: 32.18
Training Epoch: 86/200	Train Loss: 0.6648	Val Accuracy: 33.36
Training Epoch: 87/200	Train Loss: 0.5011	Val Accuracy: 33.36
Training Epoch: 88/200	Train Loss: 0.9733	Val Accuracy: 33.02
Training Epoch: 89/200	Train Loss: 0.5884	Val Accuracy: 33.02
Training Epoch: 90/200	Train Loss: 0.7497	Val Accuracy: 30.68
Training Epoch: 91/200	Train Loss: 0.6853	Val Accuracy: 30.68
Training Epoch: 92/200	Train Loss: 0.5154	Val Accuracy: 32.46
Training Epoch: 93/200	Train Loss: 0.4161	Val Accuracy: 32.46
Training Epoch: 94/200	Train Loss: 0.4528	Val Accuracy: 33.18
Training Epoch: 95/200	Train Loss: 0.4606	Val Accuracy: 33.18
Training Epoch: 96/200	Train Loss: 0.5656	Val Accuracy: 33.8
Training Epoch: 97/200	Train Loss: 0.3347	Val Accuracy: 33.8
Training Epoch: 98/200	Train Loss: 0.6792	Val Accuracy: 33.4
Training Epoch: 99/200	Train Loss: 0.3259	Val Accuracy: 33.4
Training Epoch: 100/200	Train Loss: 0.4369	Val Accuracy: 33.5
Training Epoch: 101/200	Train Loss: 0.517	Val Accuracy: 33.5
Training Epoch: 102/200	Train Loss: 0.373	Val Accuracy: 34.76
Training Epoch: 103/200	Train Loss: 0.4491	Val Accuracy: 34.76
Training Epoch: 104/200	Train Loss: 0.5501	Val Accuracy: 33.16
Training Epoch: 105/200	Train Loss: 0.3013	Val Accuracy: 33.16
Training Epoch: 106/200	Train Loss: 0.5339	Val Accuracy: 32.8
Training Epoch: 107/200	Train Loss: 0.4236	Val Accuracy: 32.8
Training Epoch: 108/200	Train Loss: 0.3369	Val Accuracy: 32.82
Training Epoch: 109/200	Train Loss: 0.4063	Val Accuracy: 32.82
Training Epoch: 110/200	Train Loss: 0.3652	Val Accuracy: 33.78
Training Epoch: 111/200	Train Loss: 0.295	Val Accuracy: 33.78
Training Epoch: 112/200	Train Loss: 0.411	Val Accuracy: 33.4
Training Epoch: 113/200	Train Loss: 0.1975	Val Accuracy: 33.4
Training Epoch: 114/200	Train Loss: 0.3173	Val Accuracy: 34.06
Training Epoch: 115/200	Train Loss: 0.3931	Val Accuracy: 34.06
Training Epoch: 116/200	Train Loss: 0.2507	Val Accuracy: 34.04
Training Epoch: 117/200	Train Loss: 0.3939	Val Accuracy: 34.04
Training Epoch: 118/200	Train Loss: 0.371	Val Accuracy: 33.98
Training Epoch: 119/200	Train Loss: 0.3261	Val Accuracy: 33.98
Training Epoch: 120/200	Train Loss: 0.2227	Val Accuracy: 33.64
Training Epoch: 121/200	Train Loss: 0.1841	Val Accuracy: 33.64
Training Epoch: 122/200	Train Loss: 0.4622	Val Accuracy: 34.46
Training Epoch: 123/200	Train Loss: 0.3606	Val Accuracy: 34.46
Training Epoch: 124/200	Train Loss: 0.1945	Val Accuracy: 35.5
Training Epoch: 125/200	Train Loss: 0.1774	Val Accuracy: 35.5
Training Epoch: 126/200	Train Loss: 0.1227	Val Accuracy: 34.52
Training Epoch: 127/200	Train Loss: 0.32	Val Accuracy: 34.52
Training Epoch: 128/200	Train Loss: 0.1378	Val Accuracy: 35.06
Training Epoch: 129/200	Train Loss: 0.2708	Val Accuracy: 35.06
Training Epoch: 130/200	Train Loss: 0.1329	Val Accuracy: 33.9
Training Epoch: 131/200	Train Loss: 0.0765	Val Accuracy: 33.9
Training Epoch: 132/200	Train Loss: 0.2186	Val Accuracy: 34.78
Training Epoch: 133/200	Train Loss: 0.0888	Val Accuracy: 34.78
Training Epoch: 134/200	Train Loss: 0.1519	Val Accuracy: 34.62
Training Epoch: 135/200	Train Loss: 0.2218	Val Accuracy: 34.62
Training Epoch: 136/200	Train Loss: 0.12	Val Accuracy: 35.02
Training Epoch: 137/200	Train Loss: 0.1104	Val Accuracy: 35.02
Training Epoch: 138/200	Train Loss: 0.1307	Val Accuracy: 34.9
Training Epoch: 139/200	Train Loss: 0.1964	Val Accuracy: 34.9
Training Epoch: 140/200	Train Loss: 0.2315	Val Accuracy: 35.28
Training Epoch: 141/200	Train Loss: 0.1583	Val Accuracy: 35.28
Training Epoch: 142/200	Train Loss: 0.2282	Val Accuracy: 35.18
Training Epoch: 143/200	Train Loss: 0.083	Val Accuracy: 35.18
Training Epoch: 144/200	Train Loss: 0.1799	Val Accuracy: 34.94
Training Epoch: 145/200	Train Loss: 0.0495	Val Accuracy: 34.94
Training Epoch: 146/200	Train Loss: 0.2017	Val Accuracy: 34.98
Training Epoch: 147/200	Train Loss: 0.0214	Val Accuracy: 34.98
Training Epoch: 148/200	Train Loss: 0.0639	Val Accuracy: 35.34
Training Epoch: 149/200	Train Loss: 0.1115	Val Accuracy: 35.34
Training Epoch: 150/200	Train Loss: 0.1489	Val Accuracy: 34.34
Training Epoch: 151/200	Train Loss: 0.2134	Val Accuracy: 34.34
Training Epoch: 152/200	Train Loss: 0.1954	Val Accuracy: 35.0
Training Epoch: 153/200	Train Loss: 0.1463	Val Accuracy: 35.0
Training Epoch: 154/200	Train Loss: 0.027	Val Accuracy: 34.22
Training Epoch: 155/200	Train Loss: 0.0411	Val Accuracy: 34.22
Training Epoch: 156/200	Train Loss: 0.0606	Val Accuracy: 34.96
Training Epoch: 157/200	Train Loss: 0.0423	Val Accuracy: 34.96
Training Epoch: 158/200	Train Loss: 0.0756	Val Accuracy: 35.1
Training Epoch: 159/200	Train Loss: 0.0303	Val Accuracy: 35.1
Training Epoch: 160/200	Train Loss: 0.0878	Val Accuracy: 34.7
Training Epoch: 161/200	Train Loss: 0.1829	Val Accuracy: 34.7
Training Epoch: 162/200	Train Loss: 0.0791	Val Accuracy: 34.78
Training Epoch: 163/200	Train Loss: 0.0722	Val Accuracy: 34.78
Training Epoch: 164/200	Train Loss: 0.0545	Val Accuracy: 34.94
Training Epoch: 165/200	Train Loss: 0.0496	Val Accuracy: 34.94
Training Epoch: 166/200	Train Loss: 0.025	Val Accuracy: 35.08
Training Epoch: 167/200	Train Loss: 0.0816	Val Accuracy: 35.08
Training Epoch: 168/200	Train Loss: 0.0942	Val Accuracy: 35.24
Training Epoch: 169/200	Train Loss: 0.0239	Val Accuracy: 35.24
Training Epoch: 170/200	Train Loss: 0.0537	Val Accuracy: 35.34
Training Epoch: 171/200	Train Loss: 0.0153	Val Accuracy: 35.34
Training Epoch: 172/200	Train Loss: 0.0206	Val Accuracy: 34.3
Training Epoch: 173/200	Train Loss: 0.0558	Val Accuracy: 34.3
Training Epoch: 174/200	Train Loss: 0.0164	Val Accuracy: 35.22
Training Epoch: 175/200	Train Loss: 0.0289	Val Accuracy: 35.22
Training Epoch: 176/200	Train Loss: 0.075	Val Accuracy: 35.38
Training Epoch: 177/200	Train Loss: 0.0185	Val Accuracy: 35.38
Training Epoch: 178/200	Train Loss: 0.0382	Val Accuracy: 35.72
Training Epoch: 179/200	Train Loss: 2.3057	Val Accuracy: 35.72
Training Epoch: 180/200	Train Loss: 0.0073	Val Accuracy: 35.02
Training Epoch: 181/200	Train Loss: 0.0851	Val Accuracy: 35.02
Training Epoch: 182/200	Train Loss: 0.0952	Val Accuracy: 35.3
Training Epoch: 183/200	Train Loss: 0.0244	Val Accuracy: 35.3
Training Epoch: 184/200	Train Loss: 0.0806	Val Accuracy: 35.22
Training Epoch: 185/200	Train Loss: 0.0501	Val Accuracy: 35.22
Training Epoch: 186/200	Train Loss: 0.0143	Val Accuracy: 34.82
Training Epoch: 187/200	Train Loss: 0.0298	Val Accuracy: 34.82
Training Epoch: 188/200	Train Loss: 0.0248	Val Accuracy: 35.0
Training Epoch: 189/200	Train Loss: 0.0137	Val Accuracy: 35.0
Training Epoch: 190/200	Train Loss: 0.0361	Val Accuracy: 34.8
Training Epoch: 191/200	Train Loss: 0.0513	Val Accuracy: 34.8
Training Epoch: 192/200	Train Loss: 0.0471	Val Accuracy: 35.9
Training Epoch: 193/200	Train Loss: 0.025	Val Accuracy: 35.9
Training Epoch: 194/200	Train Loss: 0.0246	Val Accuracy: 35.5
Training Epoch: 195/200	Train Loss: 0.0227	Val Accuracy: 35.5
Training Epoch: 196/200	Train Loss: 0.0328	Val Accuracy: 34.78
Training Epoch: 197/200	Train Loss: 0.0136	Val Accuracy: 34.78
Training Epoch: 198/200	Train Loss: 0.0235	Val Accuracy: 35.48
Training Epoch: 199/200	Train Loss: 0.0326	Val Accuracy: 35.48
Training Epoch: 200/200	Train Loss: 0.1007	Val Accuracy: 35.82

Wrote Best Model Checkpoint to: vlBest_acc_35_model_epoch_0192.pyth

Best Validation Accuracy: 35.9
Best Epoch: 192

======== TESTING ========

Test Accuracy: 35.83.

======== ACTIVE SAMPLING ========

ProbCover adaptive delta: base=0.2500, effective=0.2125, scale=0.85, phase=post_label_shrink, labeled_count=500
[ID cache] loaded: /scratch/s219110279/idpc_cache/resnet50/CIFAR10/seed1/mle_local_k50.npy
[kNN cache] loaded: /scratch/s219110279/idpc_cache/resnet50/CIFAR10/seed1/knn_k50.npz
[IDProbCover] it=000 pick_rel=30004 ID=8.790 pick_global=33140 best_gain=2 covered=0.079 maxdeg=2
[IDProbCover] it=001 pick_rel=31877 ID=8.791 pick_global=35264 best_gain=2 covered=0.079 maxdeg=2
[IDProbCover] it=002 pick_rel=36117 ID=8.795 pick_global=40039 best_gain=2 covered=0.079 maxdeg=2
[IDProbCover] it=003 pick_rel=27469 ID=8.796 pick_global=30297 best_gain=2 covered=0.080 maxdeg=2
[IDProbCover] it=004 pick_rel=19937 ID=8.808 pick_global=21813 best_gain=2 covered=0.080 maxdeg=2
[IDProbCover] it=005 pick_rel=26483 ID=8.819 pick_global=29190 best_gain=2 covered=0.080 maxdeg=2
[IDProbCover] it=006 pick_rel=12975 ID=8.825 pick_global=13999 best_gain=2 covered=0.080 maxdeg=2
[IDProbCover] it=007 pick_rel=37693 ID=8.842 pick_global=41825 best_gain=2 covered=0.080 maxdeg=2
[IDProbCover] it=008 pick_rel=34543 ID=8.845 pick_global=38231 best_gain=2 covered=0.080 maxdeg=2
[IDProbCover] it=009 pick_rel=29749 ID=8.896 pick_global=32846 best_gain=2 covered=0.080 maxdeg=2
[IDProbCover] it=010 pick_rel=38387 ID=8.897 pick_global=42623 best_gain=2 covered=0.080 maxdeg=2
[IDProbCover] it=011 pick_rel=8316 ID=8.915 pick_global=8777 best_gain=2 covered=0.080 maxdeg=2
[IDProbCover] it=012 pick_rel=15006 ID=8.915 pick_global=16293 best_gain=2 covered=0.080 maxdeg=2
[IDProbCover] it=013 pick_rel=22412 ID=8.925 pick_global=24607 best_gain=2 covered=0.080 maxdeg=2
[IDProbCover] it=014 pick_rel=4856 ID=8.942 pick_global=4879 best_gain=2 covered=0.080 maxdeg=2
[IDProbCover] it=015 pick_rel=26526 ID=8.969 pick_global=29238 best_gain=2 covered=0.080 maxdeg=2
[IDProbCover] it=016 pick_rel=37014 ID=8.970 pick_global=41069 best_gain=2 covered=0.080 maxdeg=2
[IDProbCover] it=017 pick_rel=30812 ID=8.972 pick_global=34061 best_gain=2 covered=0.080 maxdeg=2
[IDProbCover] it=018 pick_rel=30373 ID=8.974 pick_global=33547 best_gain=2 covered=0.080 maxdeg=2
[IDProbCover] it=019 pick_rel=35122 ID=8.980 pick_global=38891 best_gain=2 covered=0.080 maxdeg=2
[IDProbCover] it=020 pick_rel=20417 ID=8.991 pick_global=22349 best_gain=2 covered=0.080 maxdeg=2
[IDProbCover] it=021 pick_rel=22772 ID=8.991 pick_global=25018 best_gain=2 covered=0.080 maxdeg=2
[IDProbCover] it=022 pick_rel=3372 ID=8.998 pick_global=3203 best_gain=2 covered=0.080 maxdeg=2
[IDProbCover] it=023 pick_rel=38661 ID=9.003 pick_global=42928 best_gain=2 covered=0.080 maxdeg=2
[IDProbCover] it=024 pick_rel=39352 ID=9.007 pick_global=43700 best_gain=2 covered=0.080 maxdeg=2
[IDProbCover] it=025 pick_rel=25797 ID=9.018 pick_global=28430 best_gain=2 covered=0.081 maxdeg=2
[IDProbCover] it=026 pick_rel=20178 ID=9.029 pick_global=22075 best_gain=2 covered=0.081 maxdeg=2
[IDProbCover] it=027 pick_rel=18796 ID=9.039 pick_global=20539 best_gain=2 covered=0.081 maxdeg=2
[IDProbCover] it=028 pick_rel=14065 ID=9.042 pick_global=15220 best_gain=2 covered=0.081 maxdeg=2
[IDProbCover] it=029 pick_rel=12706 ID=9.054 pick_global=13701 best_gain=2 covered=0.081 maxdeg=2
[IDProbCover] it=030 pick_rel=44774 ID=9.063 pick_global=49740 best_gain=2 covered=0.081 maxdeg=2
[IDProbCover] it=031 pick_rel=43114 ID=9.067 pick_global=47878 best_gain=2 covered=0.081 maxdeg=2
[IDProbCover] it=032 pick_rel=43286 ID=9.095 pick_global=48066 best_gain=2 covered=0.081 maxdeg=2
[IDProbCover] it=033 pick_rel=9092 ID=9.110 pick_global=9640 best_gain=2 covered=0.081 maxdeg=2
[IDProbCover] it=034 pick_rel=31871 ID=9.114 pick_global=35257 best_gain=2 covered=0.081 maxdeg=2
[IDProbCover] it=035 pick_rel=26550 ID=9.117 pick_global=29262 best_gain=2 covered=0.081 maxdeg=2
[IDProbCover] it=036 pick_rel=26647 ID=9.119 pick_global=29375 best_gain=2 covered=0.081 maxdeg=2
[IDProbCover] it=037 pick_rel=4025 ID=9.122 pick_global=3934 best_gain=2 covered=0.081 maxdeg=2
[IDProbCover] it=038 pick_rel=21301 ID=9.128 pick_global=23347 best_gain=2 covered=0.081 maxdeg=2
[IDProbCover] it=039 pick_rel=37175 ID=9.147 pick_global=41249 best_gain=2 covered=0.081 maxdeg=2
[IDProbCover] it=040 pick_rel=39671 ID=9.160 pick_global=44055 best_gain=2 covered=0.081 maxdeg=2
[IDProbCover] it=041 pick_rel=25889 ID=9.193 pick_global=28533 best_gain=2 covered=0.081 maxdeg=2
[IDProbCover] it=042 pick_rel=34075 ID=9.204 pick_global=37701 best_gain=2 covered=0.081 maxdeg=2
[IDProbCover] it=043 pick_rel=28307 ID=9.210 pick_global=31214 best_gain=2 covered=0.081 maxdeg=2
[IDProbCover] it=044 pick_rel=42225 ID=9.214 pick_global=46891 best_gain=2 covered=0.081 maxdeg=2
[IDProbCover] it=045 pick_rel=32168 ID=9.215 pick_global=35590 best_gain=2 covered=0.081 maxdeg=2
[IDProbCover] it=046 pick_rel=10096 ID=9.218 pick_global=10775 best_gain=2 covered=0.081 maxdeg=2
[IDProbCover] it=047 pick_rel=18852 ID=9.248 pick_global=20603 best_gain=2 covered=0.081 maxdeg=2
[IDProbCover] it=048 pick_rel=15872 ID=9.257 pick_global=17272 best_gain=2 covered=0.082 maxdeg=2
[IDProbCover] it=049 pick_rel=30965 ID=9.270 pick_global=34229 best_gain=2 covered=0.082 maxdeg=2
Coverage selection metadata: active=False (mode=id_prob_cover, variant=unknown, delta=0.2125, phase=id_adaptive, bald_mean=0.0000, bald_max=0.0000, variance_mean=0.0000, variance_max=0.0000, dropout_iters=0, cover_anchors=0, diversity_lambda=0.00, selected_id_mean=9.0222, selected_signal_mean=0.0000, selected_radius_mean=0.3923, k_id=50, k_knn=50, alpha=1.00)
Active Sampling Complete. After Episode 9:
New Labeled Set: 550, New Unlabeled Set: 44450, Active Set: 50

================================


Current accuracy values:  [20.200000000000003, 17.099999999999994, 17.400000000000006, 20.58, 27.079999389648435, 31.479999351501462, 32.029999275207516, 34.08999900817871, 30.869999351501463, 35.82999870300293]
Starting model from scratch - ignoring existing weights.
<All keys matched successfully>
None
======== EPISODE 10 BEGINS ========

======== TRAINING ========
Training Epoch: 1/200	Train Loss: 17.2192	Val Accuracy: 0.0
Training Epoch: 2/200	Train Loss: 5.6542	Val Accuracy: 9.56
Training Epoch: 3/200	Train Loss: 4.2804	Val Accuracy: 9.56
Training Epoch: 4/200	Train Loss: 2.3609	Val Accuracy: 10.08
Training Epoch: 5/200	Train Loss: 2.8313	Val Accuracy: 10.08
Training Epoch: 6/200	Train Loss: 4.5572	Val Accuracy: 11.46
Training Epoch: 7/200	Train Loss: 2.1152	Val Accuracy: 11.46
Training Epoch: 8/200	Train Loss: 2.1861	Val Accuracy: 12.18
Training Epoch: 9/200	Train Loss: 3.365	Val Accuracy: 12.18
Training Epoch: 10/200	Train Loss: 7.4422	Val Accuracy: 13.22
Training Epoch: 11/200	Train Loss: 3.1541	Val Accuracy: 13.22
Training Epoch: 12/200	Train Loss: 5.4126	Val Accuracy: 13.98
Training Epoch: 13/200	Train Loss: 2.8876	Val Accuracy: 13.98
Training Epoch: 14/200	Train Loss: 2.8482	Val Accuracy: 15.5
Training Epoch: 15/200	Train Loss: 5.2769	Val Accuracy: 15.5
Training Epoch: 16/200	Train Loss: 7.129	Val Accuracy: 11.82
Training Epoch: 17/200	Train Loss: 3.6046	Val Accuracy: 11.82
Training Epoch: 18/200	Train Loss: 4.0931	Val Accuracy: 13.32
Training Epoch: 19/200	Train Loss: 2.1357	Val Accuracy: 13.32
Training Epoch: 20/200	Train Loss: 1.9201	Val Accuracy: 14.44
Training Epoch: 21/200	Train Loss: 2.3816	Val Accuracy: 14.44
Training Epoch: 22/200	Train Loss: 1.7839	Val Accuracy: 18.18
Training Epoch: 23/200	Train Loss: 1.9055	Val Accuracy: 18.18
Training Epoch: 24/200	Train Loss: 1.8075	Val Accuracy: 21.02
Training Epoch: 25/200	Train Loss: 1.6211	Val Accuracy: 21.02
Training Epoch: 26/200	Train Loss: 1.7501	Val Accuracy: 22.18
Training Epoch: 27/200	Train Loss: 1.8065	Val Accuracy: 22.18
Training Epoch: 28/200	Train Loss: 3.9458	Val Accuracy: 23.12
Training Epoch: 29/200	Train Loss: 1.6996	Val Accuracy: 23.12
Training Epoch: 30/200	Train Loss: 1.7617	Val Accuracy: 21.74
Training Epoch: 31/200	Train Loss: 1.6166	Val Accuracy: 21.74
Training Epoch: 32/200	Train Loss: 1.5783	Val Accuracy: 23.36
Training Epoch: 33/200	Train Loss: 1.5843	Val Accuracy: 23.36
Training Epoch: 34/200	Train Loss: 1.4229	Val Accuracy: 25.6
Training Epoch: 35/200	Train Loss: 1.5182	Val Accuracy: 25.6
Training Epoch: 36/200	Train Loss: 1.6773	Val Accuracy: 25.46
Training Epoch: 37/200	Train Loss: 2.2177	Val Accuracy: 25.46
Training Epoch: 38/200	Train Loss: 1.8332	Val Accuracy: 19.82
Training Epoch: 39/200	Train Loss: 2.148	Val Accuracy: 19.82
Training Epoch: 40/200	Train Loss: 1.6319	Val Accuracy: 24.3
Training Epoch: 41/200	Train Loss: 2.0633	Val Accuracy: 24.3
Training Epoch: 42/200	Train Loss: 3.2886	Val Accuracy: 26.8
Training Epoch: 43/200	Train Loss: 1.9118	Val Accuracy: 26.8
Training Epoch: 44/200	Train Loss: 1.6523	Val Accuracy: 26.62
Training Epoch: 45/200	Train Loss: 1.5498	Val Accuracy: 26.62
Training Epoch: 46/200	Train Loss: 1.4598	Val Accuracy: 27.16
Training Epoch: 47/200	Train Loss: 1.5112	Val Accuracy: 27.16
Training Epoch: 48/200	Train Loss: 7.4566	Val Accuracy: 27.52
Training Epoch: 49/200	Train Loss: 1.3005	Val Accuracy: 27.52
Training Epoch: 50/200	Train Loss: 2.7184	Val Accuracy: 28.06
Training Epoch: 51/200	Train Loss: 1.3157	Val Accuracy: 28.06
Training Epoch: 52/200	Train Loss: 1.3246	Val Accuracy: 28.16
Training Epoch: 53/200	Train Loss: 1.3178	Val Accuracy: 28.16
Training Epoch: 54/200	Train Loss: 1.6362	Val Accuracy: 30.22
Training Epoch: 55/200	Train Loss: 1.2533	Val Accuracy: 30.22
Training Epoch: 56/200	Train Loss: 1.1313	Val Accuracy: 31.68
Training Epoch: 57/200	Train Loss: 1.1895	Val Accuracy: 31.68
Training Epoch: 58/200	Train Loss: 1.1711	Val Accuracy: 31.08
Training Epoch: 59/200	Train Loss: 1.0562	Val Accuracy: 31.08
Training Epoch: 60/200	Train Loss: 0.8462	Val Accuracy: 32.06
Training Epoch: 61/200	Train Loss: 0.9656	Val Accuracy: 32.06
Training Epoch: 62/200	Train Loss: 1.0471	Val Accuracy: 33.28
Training Epoch: 63/200	Train Loss: 1.5935	Val Accuracy: 33.28
Training Epoch: 64/200	Train Loss: 0.9944	Val Accuracy: 33.78
Training Epoch: 65/200	Train Loss: 1.1157	Val Accuracy: 33.78
Training Epoch: 66/200	Train Loss: 1.134	Val Accuracy: 33.88
Training Epoch: 67/200	Train Loss: 0.7291	Val Accuracy: 33.88
Training Epoch: 68/200	Train Loss: 0.8366	Val Accuracy: 33.68
Training Epoch: 69/200	Train Loss: 1.0099	Val Accuracy: 33.68
Training Epoch: 70/200	Train Loss: 0.9303	Val Accuracy: 34.44
Training Epoch: 71/200	Train Loss: 0.7538	Val Accuracy: 34.44
Training Epoch: 72/200	Train Loss: 0.5807	Val Accuracy: 35.26
Training Epoch: 73/200	Train Loss: 1.0144	Val Accuracy: 35.26
Training Epoch: 74/200	Train Loss: 0.7055	Val Accuracy: 35.44
Training Epoch: 75/200	Train Loss: 0.5249	Val Accuracy: 35.44
Training Epoch: 76/200	Train Loss: 0.8389	Val Accuracy: 34.76
Training Epoch: 77/200	Train Loss: 0.8752	Val Accuracy: 34.76
Training Epoch: 78/200	Train Loss: 0.6878	Val Accuracy: 35.54
Training Epoch: 79/200	Train Loss: 0.7599	Val Accuracy: 35.54
Training Epoch: 80/200	Train Loss: 0.4622	Val Accuracy: 35.1
Training Epoch: 81/200	Train Loss: 0.841	Val Accuracy: 35.1
Training Epoch: 82/200	Train Loss: 0.5072	Val Accuracy: 36.74
Training Epoch: 83/200	Train Loss: 3.3203	Val Accuracy: 36.74
Training Epoch: 84/200	Train Loss: 0.5147	Val Accuracy: 35.62
Training Epoch: 85/200	Train Loss: 0.5542	Val Accuracy: 35.62
Training Epoch: 86/200	Train Loss: 0.6619	Val Accuracy: 35.58
Training Epoch: 87/200	Train Loss: 0.7274	Val Accuracy: 35.58
Training Epoch: 88/200	Train Loss: 0.6416	Val Accuracy: 35.66
Training Epoch: 89/200	Train Loss: 0.7774	Val Accuracy: 35.66
Training Epoch: 90/200	Train Loss: 1.3648	Val Accuracy: 36.36
Training Epoch: 91/200	Train Loss: 1.2358	Val Accuracy: 36.36
Training Epoch: 92/200	Train Loss: 0.4195	Val Accuracy: 36.02
Training Epoch: 93/200	Train Loss: 0.6099	Val Accuracy: 36.02
Training Epoch: 94/200	Train Loss: 0.4453	Val Accuracy: 36.72
Training Epoch: 95/200	Train Loss: 1.6317	Val Accuracy: 36.72
Training Epoch: 96/200	Train Loss: 0.7283	Val Accuracy: 36.82
Training Epoch: 97/200	Train Loss: 0.4663	Val Accuracy: 36.82
Training Epoch: 98/200	Train Loss: 0.4111	Val Accuracy: 37.08
Training Epoch: 99/200	Train Loss: 0.6079	Val Accuracy: 37.08
Training Epoch: 100/200	Train Loss: 0.4891	Val Accuracy: 38.18
Training Epoch: 101/200	Train Loss: 0.3277	Val Accuracy: 38.18
Training Epoch: 102/200	Train Loss: 1.3626	Val Accuracy: 38.5
Training Epoch: 103/200	Train Loss: 0.5313	Val Accuracy: 38.5
Training Epoch: 104/200	Train Loss: 0.4721	Val Accuracy: 36.02
Training Epoch: 105/200	Train Loss: 0.3553	Val Accuracy: 36.02
Training Epoch: 106/200	Train Loss: 0.4523	Val Accuracy: 36.44
Training Epoch: 107/200	Train Loss: 0.3145	Val Accuracy: 36.44
Training Epoch: 108/200	Train Loss: 0.5797	Val Accuracy: 37.02
Training Epoch: 109/200	Train Loss: 0.3693	Val Accuracy: 37.02
Training Epoch: 110/200	Train Loss: 0.3448	Val Accuracy: 38.22
Training Epoch: 111/200	Train Loss: 0.2897	Val Accuracy: 38.22
Training Epoch: 112/200	Train Loss: 0.2587	Val Accuracy: 38.8
Training Epoch: 113/200	Train Loss: 4.1556	Val Accuracy: 38.8
Training Epoch: 114/200	Train Loss: 0.3471	Val Accuracy: 37.82
Training Epoch: 115/200	Train Loss: 0.4582	Val Accuracy: 37.82
Training Epoch: 116/200	Train Loss: 0.2039	Val Accuracy: 37.76
Training Epoch: 117/200	Train Loss: 0.2019	Val Accuracy: 37.76
Training Epoch: 118/200	Train Loss: 0.2284	Val Accuracy: 37.32
Training Epoch: 119/200	Train Loss: 0.3321	Val Accuracy: 37.32
Training Epoch: 120/200	Train Loss: 0.1881	Val Accuracy: 38.82
Training Epoch: 121/200	Train Loss: 0.1598	Val Accuracy: 38.82
Training Epoch: 122/200	Train Loss: 0.1197	Val Accuracy: 38.48
Training Epoch: 123/200	Train Loss: 3.8703	Val Accuracy: 38.48
Training Epoch: 124/200	Train Loss: 0.0934	Val Accuracy: 38.44
Training Epoch: 125/200	Train Loss: 0.1884	Val Accuracy: 38.44
Training Epoch: 126/200	Train Loss: 0.0849	Val Accuracy: 38.9
Training Epoch: 127/200	Train Loss: 0.0953	Val Accuracy: 38.9
Training Epoch: 128/200	Train Loss: 0.2329	Val Accuracy: 39.02
Training Epoch: 129/200	Train Loss: 0.1106	Val Accuracy: 39.02
Training Epoch: 130/200	Train Loss: 0.1272	Val Accuracy: 38.18
Training Epoch: 131/200	Train Loss: 0.3195	Val Accuracy: 38.18
Training Epoch: 132/200	Train Loss: 0.066	Val Accuracy: 37.56
Training Epoch: 133/200	Train Loss: 0.0676	Val Accuracy: 37.56
Training Epoch: 134/200	Train Loss: 0.0883	Val Accuracy: 37.72
Training Epoch: 135/200	Train Loss: 0.2494	Val Accuracy: 37.72
Training Epoch: 136/200	Train Loss: 0.1281	Val Accuracy: 38.78
Training Epoch: 137/200	Train Loss: 0.0558	Val Accuracy: 38.78
Training Epoch: 138/200	Train Loss: 0.1422	Val Accuracy: 38.16
Training Epoch: 139/200	Train Loss: 0.07	Val Accuracy: 38.16
Training Epoch: 140/200	Train Loss: 0.0688	Val Accuracy: 38.56
Training Epoch: 141/200	Train Loss: 0.0686	Val Accuracy: 38.56
Training Epoch: 142/200	Train Loss: 0.1386	Val Accuracy: 39.0
Training Epoch: 143/200	Train Loss: 0.0503	Val Accuracy: 39.0
Training Epoch: 144/200	Train Loss: 0.1182	Val Accuracy: 38.48
Training Epoch: 145/200	Train Loss: 0.1288	Val Accuracy: 38.48
Training Epoch: 146/200	Train Loss: 0.081	Val Accuracy: 39.02
Training Epoch: 147/200	Train Loss: 0.0615	Val Accuracy: 39.02
Training Epoch: 148/200	Train Loss: 0.0984	Val Accuracy: 38.88
Training Epoch: 149/200	Train Loss: 0.0479	Val Accuracy: 38.88
Training Epoch: 150/200	Train Loss: 0.0759	Val Accuracy: 38.02
Training Epoch: 151/200	Train Loss: 0.0764	Val Accuracy: 38.02
Training Epoch: 152/200	Train Loss: 0.1409	Val Accuracy: 38.88
Training Epoch: 153/200	Train Loss: 0.1284	Val Accuracy: 38.88
Training Epoch: 154/200	Train Loss: 0.0835	Val Accuracy: 38.48
Training Epoch: 155/200	Train Loss: 0.0337	Val Accuracy: 38.48
Training Epoch: 156/200	Train Loss: 0.0284	Val Accuracy: 39.52
Training Epoch: 157/200	Train Loss: 0.0476	Val Accuracy: 39.52
Training Epoch: 158/200	Train Loss: 0.0864	Val Accuracy: 39.88
Training Epoch: 159/200	Train Loss: 0.0226	Val Accuracy: 39.88
Training Epoch: 160/200	Train Loss: 0.0886	Val Accuracy: 38.92
Training Epoch: 161/200	Train Loss: 0.0623	Val Accuracy: 38.92
Training Epoch: 162/200	Train Loss: 0.0302	Val Accuracy: 39.12
Training Epoch: 163/200	Train Loss: 0.0558	Val Accuracy: 39.12
Training Epoch: 164/200	Train Loss: 0.0563	Val Accuracy: 39.66
Training Epoch: 165/200	Train Loss: 0.0267	Val Accuracy: 39.66
Training Epoch: 166/200	Train Loss: 0.0428	Val Accuracy: 39.86
Training Epoch: 167/200	Train Loss: 0.0318	Val Accuracy: 39.86
Training Epoch: 168/200	Train Loss: 0.037	Val Accuracy: 39.26
Training Epoch: 169/200	Train Loss: 0.0103	Val Accuracy: 39.26
Training Epoch: 170/200	Train Loss: 0.0483	Val Accuracy: 40.0
Training Epoch: 171/200	Train Loss: 0.0612	Val Accuracy: 40.0
Training Epoch: 172/200	Train Loss: 0.0158	Val Accuracy: 39.78
Training Epoch: 173/200	Train Loss: 0.0112	Val Accuracy: 39.78
Training Epoch: 174/200	Train Loss: 0.0219	Val Accuracy: 39.76
Training Epoch: 175/200	Train Loss: 0.0238	Val Accuracy: 39.76
Training Epoch: 176/200	Train Loss: 0.0405	Val Accuracy: 40.42
Training Epoch: 177/200	Train Loss: 0.0155	Val Accuracy: 40.42
Training Epoch: 178/200	Train Loss: 0.0204	Val Accuracy: 39.62
Training Epoch: 179/200	Train Loss: 0.0233	Val Accuracy: 39.62
Training Epoch: 180/200	Train Loss: 0.0212	Val Accuracy: 39.06
Training Epoch: 181/200	Train Loss: 0.0375	Val Accuracy: 39.06
Training Epoch: 182/200	Train Loss: 0.0214	Val Accuracy: 39.82
Training Epoch: 183/200	Train Loss: 0.0192	Val Accuracy: 39.82
Training Epoch: 184/200	Train Loss: 0.2993	Val Accuracy: 39.32
Training Epoch: 185/200	Train Loss: 0.013	Val Accuracy: 39.32
Training Epoch: 186/200	Train Loss: 0.0263	Val Accuracy: 39.7
Training Epoch: 187/200	Train Loss: 0.1285	Val Accuracy: 39.7
Training Epoch: 188/200	Train Loss: 0.1813	Val Accuracy: 39.42
Training Epoch: 189/200	Train Loss: 0.0432	Val Accuracy: 39.42
Training Epoch: 190/200	Train Loss: 0.0084	Val Accuracy: 39.76
Training Epoch: 191/200	Train Loss: 0.0088	Val Accuracy: 39.76
Training Epoch: 192/200	Train Loss: 0.0109	Val Accuracy: 39.86
Training Epoch: 193/200	Train Loss: 0.0083	Val Accuracy: 39.86
Training Epoch: 194/200	Train Loss: 0.033	Val Accuracy: 39.62
Training Epoch: 195/200	Train Loss: 0.0077	Val Accuracy: 39.62
Training Epoch: 196/200	Train Loss: 0.0554	Val Accuracy: 39.96
Training Epoch: 197/200	Train Loss: 0.091	Val Accuracy: 39.96
Training Epoch: 198/200	Train Loss: 0.0089	Val Accuracy: 40.38
Training Epoch: 199/200	Train Loss: 0.1115	Val Accuracy: 40.38
Training Epoch: 200/200	Train Loss: 0.0179	Val Accuracy: 39.14

Wrote Best Model Checkpoint to: vlBest_acc_40_model_epoch_0176.pyth

Best Validation Accuracy: 40.42
Best Epoch: 176

======== TESTING ========

Test Accuracy: 39.56.

======== ACTIVE SAMPLING ========

ProbCover adaptive delta: base=0.2500, effective=0.2125, scale=0.85, phase=post_label_shrink, labeled_count=550
[ID cache] loaded: /scratch/s219110279/idpc_cache/resnet50/CIFAR10/seed1/mle_local_k50.npy
[kNN cache] loaded: /scratch/s219110279/idpc_cache/resnet50/CIFAR10/seed1/knn_k50.npz
[IDProbCover] it=000 pick_rel=9852 ID=9.275 pick_global=10455 best_gain=2 covered=0.082 maxdeg=2
[IDProbCover] it=001 pick_rel=17417 ID=9.295 pick_global=18940 best_gain=2 covered=0.082 maxdeg=2
[IDProbCover] it=002 pick_rel=18096 ID=9.314 pick_global=19701 best_gain=2 covered=0.082 maxdeg=2
[IDProbCover] it=003 pick_rel=1372 ID=9.334 pick_global=903 best_gain=2 covered=0.082 maxdeg=2
[IDProbCover] it=004 pick_rel=845 ID=9.340 pick_global=326 best_gain=2 covered=0.082 maxdeg=2
[IDProbCover] it=005 pick_rel=35039 ID=9.343 pick_global=38781 best_gain=2 covered=0.082 maxdeg=2
[IDProbCover] it=006 pick_rel=23154 ID=9.359 pick_global=25408 best_gain=2 covered=0.082 maxdeg=2
[IDProbCover] it=007 pick_rel=29778 ID=9.368 pick_global=32854 best_gain=2 covered=0.082 maxdeg=2
[IDProbCover] it=008 pick_rel=7660 ID=9.385 pick_global=7994 best_gain=2 covered=0.082 maxdeg=2
[IDProbCover] it=009 pick_rel=35504 ID=9.391 pick_global=39323 best_gain=2 covered=0.082 maxdeg=2
[IDProbCover] it=010 pick_rel=13619 ID=9.393 pick_global=14672 best_gain=2 covered=0.082 maxdeg=2
[IDProbCover] it=011 pick_rel=21722 ID=9.401 pick_global=23786 best_gain=2 covered=0.082 maxdeg=2
[IDProbCover] it=012 pick_rel=27603 ID=9.403 pick_global=30414 best_gain=2 covered=0.082 maxdeg=2
[IDProbCover] it=013 pick_rel=20254 ID=9.413 pick_global=22118 best_gain=2 covered=0.082 maxdeg=2
[IDProbCover] it=014 pick_rel=9151 ID=9.422 pick_global=9658 best_gain=2 covered=0.082 maxdeg=2
[IDProbCover] it=015 pick_rel=39520 ID=9.432 pick_global=43883 best_gain=2 covered=0.082 maxdeg=2
[IDProbCover] it=016 pick_rel=8222 ID=9.436 pick_global=8620 best_gain=2 covered=0.082 maxdeg=2
[IDProbCover] it=017 pick_rel=44648 ID=9.444 pick_global=49592 best_gain=2 covered=0.082 maxdeg=2
[IDProbCover] it=018 pick_rel=27209 ID=9.473 pick_global=29986 best_gain=2 covered=0.082 maxdeg=2
[IDProbCover] it=019 pick_rel=17969 ID=9.488 pick_global=19562 best_gain=2 covered=0.082 maxdeg=2
[IDProbCover] it=020 pick_rel=37966 ID=9.492 pick_global=42124 best_gain=2 covered=0.083 maxdeg=2
[IDProbCover] it=021 pick_rel=1728 ID=9.502 pick_global=1299 best_gain=2 covered=0.083 maxdeg=2
[IDProbCover] it=022 pick_rel=44223 ID=9.509 pick_global=49108 best_gain=2 covered=0.083 maxdeg=2
[IDProbCover] it=023 pick_rel=3214 ID=9.526 pick_global=2954 best_gain=2 covered=0.083 maxdeg=2
[IDProbCover] it=024 pick_rel=24574 ID=9.528 pick_global=27010 best_gain=2 covered=0.083 maxdeg=2
[IDProbCover] it=025 pick_rel=26299 ID=9.564 pick_global=28962 best_gain=2 covered=0.083 maxdeg=2
[IDProbCover] it=026 pick_rel=22623 ID=9.574 pick_global=24809 best_gain=2 covered=0.083 maxdeg=2
[IDProbCover] it=027 pick_rel=32012 ID=9.577 pick_global=35398 best_gain=2 covered=0.083 maxdeg=2
[IDProbCover] it=028 pick_rel=4696 ID=9.579 pick_global=4643 best_gain=2 covered=0.083 maxdeg=2
[IDProbCover] it=029 pick_rel=30175 ID=9.593 pick_global=33305 best_gain=2 covered=0.083 maxdeg=2
[IDProbCover] it=030 pick_rel=29971 ID=9.617 pick_global=33078 best_gain=2 covered=0.083 maxdeg=2
[IDProbCover] it=031 pick_rel=6380 ID=9.622 pick_global=6545 best_gain=2 covered=0.083 maxdeg=2
[IDProbCover] it=032 pick_rel=36606 ID=9.631 pick_global=40588 best_gain=2 covered=0.083 maxdeg=2
[IDProbCover] it=033 pick_rel=26420 ID=9.667 pick_global=29090 best_gain=2 covered=0.083 maxdeg=2
[IDProbCover] it=034 pick_rel=42822 ID=9.667 pick_global=47546 best_gain=2 covered=0.083 maxdeg=2
[IDProbCover] it=035 pick_rel=39220 ID=9.720 pick_global=43555 best_gain=2 covered=0.083 maxdeg=2
[IDProbCover] it=036 pick_rel=41540 ID=9.720 pick_global=46124 best_gain=2 covered=0.083 maxdeg=2
[IDProbCover] it=037 pick_rel=42091 ID=9.734 pick_global=46738 best_gain=2 covered=0.083 maxdeg=2
[IDProbCover] it=038 pick_rel=1223 ID=9.735 pick_global=745 best_gain=2 covered=0.083 maxdeg=2
[IDProbCover] it=039 pick_rel=11168 ID=9.754 pick_global=11934 best_gain=2 covered=0.083 maxdeg=2
[IDProbCover] it=040 pick_rel=24034 ID=9.768 pick_global=26402 best_gain=2 covered=0.083 maxdeg=2
[IDProbCover] it=041 pick_rel=21222 ID=9.770 pick_global=23216 best_gain=2 covered=0.083 maxdeg=2
[IDProbCover] it=042 pick_rel=41601 ID=9.777 pick_global=46192 best_gain=2 covered=0.083 maxdeg=2
[IDProbCover] it=043 pick_rel=25147 ID=9.785 pick_global=27663 best_gain=2 covered=0.084 maxdeg=2
[IDProbCover] it=044 pick_rel=38102 ID=9.802 pick_global=42281 best_gain=2 covered=0.084 maxdeg=2
[IDProbCover] it=045 pick_rel=32404 ID=9.802 pick_global=35831 best_gain=2 covered=0.084 maxdeg=2
[IDProbCover] it=046 pick_rel=10786 ID=9.809 pick_global=11503 best_gain=2 covered=0.084 maxdeg=2
[IDProbCover] it=047 pick_rel=23783 ID=9.811 pick_global=26120 best_gain=2 covered=0.084 maxdeg=2
[IDProbCover] it=048 pick_rel=19808 ID=9.811 pick_global=21629 best_gain=2 covered=0.084 maxdeg=2
[IDProbCover] it=049 pick_rel=6719 ID=9.812 pick_global=6925 best_gain=2 covered=0.084 maxdeg=2
Coverage selection metadata: active=False (mode=id_prob_cover, variant=unknown, delta=0.2125, phase=id_adaptive, bald_mean=0.0000, bald_max=0.0000, variance_mean=0.0000, variance_max=0.0000, dropout_iters=0, cover_anchors=0, diversity_lambda=0.00, selected_id_mean=9.5594, selected_signal_mean=0.0000, selected_radius_mean=0.3703, k_id=50, k_knn=50, alpha=1.00)
Active Sampling Complete. After Episode 10:
New Labeled Set: 600, New Unlabeled Set: 44400, Active Set: 50

================================


Current accuracy values:  [20.200000000000003, 17.099999999999994, 17.400000000000006, 20.58, 27.079999389648435, 31.479999351501462, 32.029999275207516, 34.08999900817871, 30.869999351501463, 35.82999870300293, 39.559998474121095]
Starting model from scratch - ignoring existing weights.
<All keys matched successfully>
None
======== EPISODE 11 BEGINS ========

======== TRAINING ========
Training Epoch: 1/200	Train Loss: 21.583	Val Accuracy: 0.0
Training Epoch: 2/200	Train Loss: 5.1099	Val Accuracy: 9.88
Training Epoch: 3/200	Train Loss: 2.9036	Val Accuracy: 9.88
Training Epoch: 4/200	Train Loss: 2.2256	Val Accuracy: 9.88
Training Epoch: 5/200	Train Loss: 5.9475	Val Accuracy: 9.88
Training Epoch: 6/200	Train Loss: 2.8132	Val Accuracy: 10.36
Training Epoch: 7/200	Train Loss: 5.3207	Val Accuracy: 10.36
Training Epoch: 8/200	Train Loss: 6.3192	Val Accuracy: 11.98
Training Epoch: 9/200	Train Loss: 4.4049	Val Accuracy: 11.98
Training Epoch: 10/200	Train Loss: 2.2381	Val Accuracy: 11.62
Training Epoch: 11/200	Train Loss: 2.2109	Val Accuracy: 11.62
Training Epoch: 12/200	Train Loss: 3.0312	Val Accuracy: 13.48
Training Epoch: 13/200	Train Loss: 8.8674	Val Accuracy: 13.48
Training Epoch: 14/200	Train Loss: 4.6537	Val Accuracy: 11.02
Training Epoch: 15/200	Train Loss: 3.0649	Val Accuracy: 11.02
Training Epoch: 16/200	Train Loss: 4.2334	Val Accuracy: 13.58
Training Epoch: 17/200	Train Loss: 2.2395	Val Accuracy: 13.58
Training Epoch: 18/200	Train Loss: 2.762	Val Accuracy: 15.6
Training Epoch: 19/200	Train Loss: 5.5932	Val Accuracy: 15.6
Training Epoch: 20/200	Train Loss: 3.6466	Val Accuracy: 17.82
Training Epoch: 21/200	Train Loss: 3.4263	Val Accuracy: 17.82
Training Epoch: 22/200	Train Loss: 4.3891	Val Accuracy: 19.92
Training Epoch: 23/200	Train Loss: 3.5262	Val Accuracy: 19.92
Training Epoch: 24/200	Train Loss: 2.2753	Val Accuracy: 11.22
Training Epoch: 25/200	Train Loss: 2.1205	Val Accuracy: 11.22
Training Epoch: 26/200	Train Loss: 4.0282	Val Accuracy: 17.74
Training Epoch: 27/200	Train Loss: 3.6043	Val Accuracy: 17.74
Training Epoch: 28/200	Train Loss: 2.4701	Val Accuracy: 18.96
Training Epoch: 29/200	Train Loss: 2.9975	Val Accuracy: 18.96
Training Epoch: 30/200	Train Loss: 3.7246	Val Accuracy: 21.1
Training Epoch: 31/200	Train Loss: 3.3929	Val Accuracy: 21.1
Training Epoch: 32/200	Train Loss: 2.4547	Val Accuracy: 22.62
Training Epoch: 33/200	Train Loss: 1.8237	Val Accuracy: 22.62
Training Epoch: 34/200	Train Loss: 1.7836	Val Accuracy: 24.74
Training Epoch: 35/200	Train Loss: 3.277	Val Accuracy: 24.74
Training Epoch: 36/200	Train Loss: 2.4255	Val Accuracy: 25.58
Training Epoch: 37/200	Train Loss: 2.2794	Val Accuracy: 25.58
Training Epoch: 38/200	Train Loss: 1.6193	Val Accuracy: 26.22
Training Epoch: 39/200	Train Loss: 2.0393	Val Accuracy: 26.22
Training Epoch: 40/200	Train Loss: 2.8796	Val Accuracy: 25.88
Training Epoch: 41/200	Train Loss: 2.1276	Val Accuracy: 25.88
Training Epoch: 42/200	Train Loss: 2.1922	Val Accuracy: 27.68
Training Epoch: 43/200	Train Loss: 2.2311	Val Accuracy: 27.68
Training Epoch: 44/200	Train Loss: 2.3125	Val Accuracy: 28.38
Training Epoch: 45/200	Train Loss: 1.7755	Val Accuracy: 28.38
Training Epoch: 46/200	Train Loss: 1.1829	Val Accuracy: 28.34
Training Epoch: 47/200	Train Loss: 2.5703	Val Accuracy: 28.34
Training Epoch: 48/200	Train Loss: 2.2921	Val Accuracy: 27.4
Training Epoch: 49/200	Train Loss: 1.8535	Val Accuracy: 27.4
Training Epoch: 50/200	Train Loss: 2.034	Val Accuracy: 27.56
Training Epoch: 51/200	Train Loss: 2.7366	Val Accuracy: 27.56
Training Epoch: 52/200	Train Loss: 1.6934	Val Accuracy: 29.48
Training Epoch: 53/200	Train Loss: 1.5691	Val Accuracy: 29.48
Training Epoch: 54/200	Train Loss: 1.7411	Val Accuracy: 29.08
Training Epoch: 55/200	Train Loss: 2.4207	Val Accuracy: 29.08
Training Epoch: 56/200	Train Loss: 3.0679	Val Accuracy: 30.14
Training Epoch: 57/200	Train Loss: 1.7183	Val Accuracy: 30.14
Training Epoch: 58/200	Train Loss: 1.5324	Val Accuracy: 32.56
Training Epoch: 59/200	Train Loss: 1.9289	Val Accuracy: 32.56
Training Epoch: 60/200	Train Loss: 2.417	Val Accuracy: 30.74
Training Epoch: 61/200	Train Loss: 1.6727	Val Accuracy: 30.74
Training Epoch: 62/200	Train Loss: 0.9585	Val Accuracy: 30.92
Training Epoch: 63/200	Train Loss: 1.9727	Val Accuracy: 30.92
Training Epoch: 64/200	Train Loss: 1.637	Val Accuracy: 31.28
Training Epoch: 65/200	Train Loss: 1.2029	Val Accuracy: 31.28
Training Epoch: 66/200	Train Loss: 1.1901	Val Accuracy: 28.74
Training Epoch: 67/200	Train Loss: 2.3116	Val Accuracy: 28.74
Training Epoch: 68/200	Train Loss: 2.7913	Val Accuracy: 30.14
Training Epoch: 69/200	Train Loss: 2.9002	Val Accuracy: 30.14
Training Epoch: 70/200	Train Loss: 2.0164	Val Accuracy: 26.82
Training Epoch: 71/200	Train Loss: 1.7706	Val Accuracy: 26.82
Training Epoch: 72/200	Train Loss: 1.6665	Val Accuracy: 31.24
Training Epoch: 73/200	Train Loss: 2.0278	Val Accuracy: 31.24
Training Epoch: 74/200	Train Loss: 1.3873	Val Accuracy: 28.54
Training Epoch: 75/200	Train Loss: 1.381	Val Accuracy: 28.54
Training Epoch: 76/200	Train Loss: 2.1252	Val Accuracy: 30.18
Training Epoch: 77/200	Train Loss: 1.6574	Val Accuracy: 30.18
Training Epoch: 78/200	Train Loss: 1.2548	Val Accuracy: 33.38
Training Epoch: 79/200	Train Loss: 0.9373	Val Accuracy: 33.38
Training Epoch: 80/200	Train Loss: 1.2055	Val Accuracy: 33.84
Training Epoch: 81/200	Train Loss: 0.8389	Val Accuracy: 33.84
Training Epoch: 82/200	Train Loss: 2.5127	Val Accuracy: 33.76
Training Epoch: 83/200	Train Loss: 1.6004	Val Accuracy: 33.76
Training Epoch: 84/200	Train Loss: 1.6251	Val Accuracy: 35.4
Training Epoch: 85/200	Train Loss: 1.0737	Val Accuracy: 35.4
Training Epoch: 86/200	Train Loss: 1.4896	Val Accuracy: 33.08
Training Epoch: 87/200	Train Loss: 1.3621	Val Accuracy: 33.08
Training Epoch: 88/200	Train Loss: 1.969	Val Accuracy: 34.98
Training Epoch: 89/200	Train Loss: 1.1261	Val Accuracy: 34.98
Training Epoch: 90/200	Train Loss: 1.0824	Val Accuracy: 35.24
Training Epoch: 91/200	Train Loss: 1.7032	Val Accuracy: 35.24
Training Epoch: 92/200	Train Loss: 0.831	Val Accuracy: 34.16
Training Epoch: 93/200	Train Loss: 1.3257	Val Accuracy: 34.16
Training Epoch: 94/200	Train Loss: 0.6246	Val Accuracy: 35.16
Training Epoch: 95/200	Train Loss: 2.1603	Val Accuracy: 35.16
Training Epoch: 96/200	Train Loss: 1.0567	Val Accuracy: 35.76
Training Epoch: 97/200	Train Loss: 2.3276	Val Accuracy: 35.76
Training Epoch: 98/200	Train Loss: 0.8975	Val Accuracy: 35.58
Training Epoch: 99/200	Train Loss: 0.7673	Val Accuracy: 35.58
Training Epoch: 100/200	Train Loss: 0.7489	Val Accuracy: 36.9
Training Epoch: 101/200	Train Loss: 1.6241	Val Accuracy: 36.9
Training Epoch: 102/200	Train Loss: 1.3432	Val Accuracy: 36.56
Training Epoch: 103/200	Train Loss: 1.6897	Val Accuracy: 36.56
Training Epoch: 104/200	Train Loss: 0.7963	Val Accuracy: 36.84
Training Epoch: 105/200	Train Loss: 0.8981	Val Accuracy: 36.84
Training Epoch: 106/200	Train Loss: 1.1699	Val Accuracy: 37.04
Training Epoch: 107/200	Train Loss: 1.8388	Val Accuracy: 37.04
Training Epoch: 108/200	Train Loss: 0.5405	Val Accuracy: 36.14
Training Epoch: 109/200	Train Loss: 0.5812	Val Accuracy: 36.14
Training Epoch: 110/200	Train Loss: 1.0933	Val Accuracy: 35.48
Training Epoch: 111/200	Train Loss: 1.4098	Val Accuracy: 35.48
Training Epoch: 112/200	Train Loss: 1.6074	Val Accuracy: 36.52
Training Epoch: 113/200	Train Loss: 1.3048	Val Accuracy: 36.52
Training Epoch: 114/200	Train Loss: 0.8775	Val Accuracy: 37.54
Training Epoch: 115/200	Train Loss: 1.4028	Val Accuracy: 37.54
Training Epoch: 116/200	Train Loss: 0.5311	Val Accuracy: 36.66
Training Epoch: 117/200	Train Loss: 0.3215	Val Accuracy: 36.66
Training Epoch: 118/200	Train Loss: 0.6159	Val Accuracy: 36.44
Training Epoch: 119/200	Train Loss: 0.3447	Val Accuracy: 36.44
Training Epoch: 120/200	Train Loss: 0.3241	Val Accuracy: 37.24
Training Epoch: 121/200	Train Loss: 0.275	Val Accuracy: 37.24
Training Epoch: 122/200	Train Loss: 0.575	Val Accuracy: 38.08
Training Epoch: 123/200	Train Loss: 0.5359	Val Accuracy: 38.08
Training Epoch: 124/200	Train Loss: 0.488	Val Accuracy: 38.08
Training Epoch: 125/200	Train Loss: 0.8429	Val Accuracy: 38.08
Training Epoch: 126/200	Train Loss: 0.5771	Val Accuracy: 37.2
Training Epoch: 127/200	Train Loss: 0.9074	Val Accuracy: 37.2
Training Epoch: 128/200	Train Loss: 1.0973	Val Accuracy: 37.32
Training Epoch: 129/200	Train Loss: 0.9058	Val Accuracy: 37.32
Training Epoch: 130/200	Train Loss: 0.4353	Val Accuracy: 37.58
Training Epoch: 131/200	Train Loss: 0.7702	Val Accuracy: 37.58
Training Epoch: 132/200	Train Loss: 0.8304	Val Accuracy: 37.8
Training Epoch: 133/200	Train Loss: 0.8084	Val Accuracy: 37.8
Training Epoch: 134/200	Train Loss: 0.922	Val Accuracy: 37.92
Training Epoch: 135/200	Train Loss: 0.4773	Val Accuracy: 37.92
Training Epoch: 136/200	Train Loss: 0.3578	Val Accuracy: 37.1
Training Epoch: 137/200	Train Loss: 0.2437	Val Accuracy: 37.1
Training Epoch: 138/200	Train Loss: 0.6077	Val Accuracy: 38.44
Training Epoch: 139/200	Train Loss: 1.0988	Val Accuracy: 38.44
Training Epoch: 140/200	Train Loss: 0.3172	Val Accuracy: 38.42
Training Epoch: 141/200	Train Loss: 0.4786	Val Accuracy: 38.42
Training Epoch: 142/200	Train Loss: 0.5392	Val Accuracy: 37.8
Training Epoch: 143/200	Train Loss: 1.1797	Val Accuracy: 37.8
Training Epoch: 144/200	Train Loss: 0.7452	Val Accuracy: 37.98
Training Epoch: 145/200	Train Loss: 0.9012	Val Accuracy: 37.98
Training Epoch: 146/200	Train Loss: 0.1341	Val Accuracy: 38.5
Training Epoch: 147/200	Train Loss: 0.6952	Val Accuracy: 38.5
Training Epoch: 148/200	Train Loss: 0.6454	Val Accuracy: 38.32
Training Epoch: 149/200	Train Loss: 0.6838	Val Accuracy: 38.32
Training Epoch: 150/200	Train Loss: 0.8468	Val Accuracy: 38.4
Training Epoch: 151/200	Train Loss: 0.9469	Val Accuracy: 38.4
Training Epoch: 152/200	Train Loss: 0.4504	Val Accuracy: 38.84
Training Epoch: 153/200	Train Loss: 0.5007	Val Accuracy: 38.84
Training Epoch: 154/200	Train Loss: 0.8705	Val Accuracy: 37.72
Training Epoch: 155/200	Train Loss: 0.1262	Val Accuracy: 37.72
Training Epoch: 156/200	Train Loss: 0.8654	Val Accuracy: 37.74
Training Epoch: 157/200	Train Loss: 0.7367	Val Accuracy: 37.74
Training Epoch: 158/200	Train Loss: 0.3526	Val Accuracy: 38.96
Training Epoch: 159/200	Train Loss: 0.1817	Val Accuracy: 38.96
Training Epoch: 160/200	Train Loss: 0.6925	Val Accuracy: 38.06
Training Epoch: 161/200	Train Loss: 0.4405	Val Accuracy: 38.06
Training Epoch: 162/200	Train Loss: 0.2407	Val Accuracy: 38.42
Training Epoch: 163/200	Train Loss: 0.5835	Val Accuracy: 38.42
Training Epoch: 164/200	Train Loss: 0.6608	Val Accuracy: 38.56
Training Epoch: 165/200	Train Loss: 0.1122	Val Accuracy: 38.56
Training Epoch: 166/200	Train Loss: 0.3837	Val Accuracy: 38.58
Training Epoch: 167/200	Train Loss: 0.2966	Val Accuracy: 38.58
Training Epoch: 168/200	Train Loss: 0.1382	Val Accuracy: 38.58
Training Epoch: 169/200	Train Loss: 0.2431	Val Accuracy: 38.58
Training Epoch: 170/200	Train Loss: 0.3771	Val Accuracy: 38.96
Training Epoch: 171/200	Train Loss: 0.4141	Val Accuracy: 38.96
Training Epoch: 172/200	Train Loss: 0.2944	Val Accuracy: 39.08
Training Epoch: 173/200	Train Loss: 0.2894	Val Accuracy: 39.08
Training Epoch: 174/200	Train Loss: 0.1498	Val Accuracy: 37.72
Training Epoch: 175/200	Train Loss: 0.5789	Val Accuracy: 37.72
Training Epoch: 176/200	Train Loss: 0.5415	Val Accuracy: 38.46
Training Epoch: 177/200	Train Loss: 0.4091	Val Accuracy: 38.46
Training Epoch: 178/200	Train Loss: 0.446	Val Accuracy: 38.94
Training Epoch: 179/200	Train Loss: 0.2365	Val Accuracy: 38.94
Training Epoch: 180/200	Train Loss: 0.2084	Val Accuracy: 38.5
Training Epoch: 181/200	Train Loss: 0.1381	Val Accuracy: 38.5
Training Epoch: 182/200	Train Loss: 0.1335	Val Accuracy: 38.34
Training Epoch: 183/200	Train Loss: 0.4797	Val Accuracy: 38.34
Training Epoch: 184/200	Train Loss: 0.3156	Val Accuracy: 38.66
Training Epoch: 185/200	Train Loss: 0.1553	Val Accuracy: 38.66
Training Epoch: 186/200	Train Loss: 0.1232	Val Accuracy: 38.68
Training Epoch: 187/200	Train Loss: 0.2149	Val Accuracy: 38.68
Training Epoch: 188/200	Train Loss: 0.2624	Val Accuracy: 39.3
Training Epoch: 189/200	Train Loss: 0.252	Val Accuracy: 39.3
Training Epoch: 190/200	Train Loss: 0.258	Val Accuracy: 39.62
Training Epoch: 191/200	Train Loss: 0.1703	Val Accuracy: 39.62
Training Epoch: 192/200	Train Loss: 0.2242	Val Accuracy: 38.78
Training Epoch: 193/200	Train Loss: 0.2078	Val Accuracy: 38.78
Training Epoch: 194/200	Train Loss: 0.3388	Val Accuracy: 39.2
Training Epoch: 195/200	Train Loss: 0.1178	Val Accuracy: 39.2
Training Epoch: 196/200	Train Loss: 0.276	Val Accuracy: 39.6
Training Epoch: 197/200	Train Loss: 0.1221	Val Accuracy: 39.6
Training Epoch: 198/200	Train Loss: 0.1793	Val Accuracy: 39.2
Training Epoch: 199/200	Train Loss: 0.0625	Val Accuracy: 39.2
Training Epoch: 200/200	Train Loss: 0.2698	Val Accuracy: 38.94

Wrote Best Model Checkpoint to: vlBest_acc_39_model_epoch_0190.pyth

Best Validation Accuracy: 39.62
Best Epoch: 190

======== TESTING ========

Test Accuracy: 39.3.

======== ACTIVE SAMPLING ========

ProbCover adaptive delta: base=0.2500, effective=0.2125, scale=0.85, phase=post_label_shrink, labeled_count=600
[ID cache] loaded: /scratch/s219110279/idpc_cache/resnet50/CIFAR10/seed1/mle_local_k50.npy
[kNN cache] loaded: /scratch/s219110279/idpc_cache/resnet50/CIFAR10/seed1/knn_k50.npz
[IDProbCover] it=000 pick_rel=5074 ID=9.823 pick_global=5025 best_gain=2 covered=0.084 maxdeg=2
[IDProbCover] it=001 pick_rel=23199 ID=9.827 pick_global=25429 best_gain=2 covered=0.084 maxdeg=2
[IDProbCover] it=002 pick_rel=38539 ID=9.827 pick_global=42777 best_gain=2 covered=0.084 maxdeg=2
[IDProbCover] it=003 pick_rel=25797 ID=9.829 pick_global=28374 best_gain=2 covered=0.084 maxdeg=2
[IDProbCover] it=004 pick_rel=24741 ID=9.831 pick_global=27175 best_gain=2 covered=0.084 maxdeg=2
[IDProbCover] it=005 pick_rel=41058 ID=9.839 pick_global=45588 best_gain=2 covered=0.084 maxdeg=2
[IDProbCover] it=006 pick_rel=44178 ID=9.843 pick_global=49052 best_gain=2 covered=0.084 maxdeg=2
[IDProbCover] it=007 pick_rel=24145 ID=9.846 pick_global=26497 best_gain=2 covered=0.084 maxdeg=2
[IDProbCover] it=008 pick_rel=21295 ID=9.847 pick_global=23266 best_gain=2 covered=0.084 maxdeg=2
[IDProbCover] it=009 pick_rel=33631 ID=9.848 pick_global=37168 best_gain=2 covered=0.084 maxdeg=2
[IDProbCover] it=010 pick_rel=9543 ID=9.849 pick_global=10051 best_gain=2 covered=0.084 maxdeg=2
[IDProbCover] it=011 pick_rel=21801 ID=9.854 pick_global=23841 best_gain=2 covered=0.084 maxdeg=2
[IDProbCover] it=012 pick_rel=28036 ID=9.864 pick_global=30865 best_gain=2 covered=0.084 maxdeg=2
[IDProbCover] it=013 pick_rel=29381 ID=9.864 pick_global=32388 best_gain=2 covered=0.084 maxdeg=2
[IDProbCover] it=014 pick_rel=26665 ID=9.868 pick_global=29343 best_gain=2 covered=0.084 maxdeg=2
[IDProbCover] it=015 pick_rel=3121 ID=9.883 pick_global=2802 best_gain=2 covered=0.085 maxdeg=2
[IDProbCover] it=016 pick_rel=33083 ID=9.883 pick_global=36570 best_gain=2 covered=0.085 maxdeg=2
[IDProbCover] it=017 pick_rel=20772 ID=9.897 pick_global=22671 best_gain=2 covered=0.085 maxdeg=2
[IDProbCover] it=018 pick_rel=20721 ID=9.900 pick_global=22615 best_gain=2 covered=0.085 maxdeg=2
[IDProbCover] it=019 pick_rel=19186 ID=9.921 pick_global=20900 best_gain=2 covered=0.085 maxdeg=2
[IDProbCover] it=020 pick_rel=20254 ID=9.929 pick_global=22085 best_gain=2 covered=0.085 maxdeg=2
[IDProbCover] it=021 pick_rel=27339 ID=9.931 pick_global=30109 best_gain=2 covered=0.085 maxdeg=2
[IDProbCover] it=022 pick_rel=16350 ID=9.938 pick_global=17721 best_gain=2 covered=0.085 maxdeg=2
[IDProbCover] it=023 pick_rel=4278 ID=9.940 pick_global=4123 best_gain=2 covered=0.085 maxdeg=2
[IDProbCover] it=024 pick_rel=30431 ID=9.940 pick_global=33574 best_gain=2 covered=0.085 maxdeg=2
[IDProbCover] it=025 pick_rel=16882 ID=9.949 pick_global=18313 best_gain=2 covered=0.085 maxdeg=2
[IDProbCover] it=026 pick_rel=26643 ID=9.952 pick_global=29315 best_gain=2 covered=0.085 maxdeg=2
[IDProbCover] it=027 pick_rel=35822 ID=9.956 pick_global=39667 best_gain=2 covered=0.085 maxdeg=2
[IDProbCover] it=028 pick_rel=15604 ID=9.972 pick_global=16888 best_gain=2 covered=0.085 maxdeg=2
[IDProbCover] it=029 pick_rel=10404 ID=9.973 pick_global=11034 best_gain=2 covered=0.085 maxdeg=2
[IDProbCover] it=030 pick_rel=21051 ID=9.986 pick_global=22986 best_gain=2 covered=0.085 maxdeg=2
[IDProbCover] it=031 pick_rel=34385 ID=9.993 pick_global=38020 best_gain=2 covered=0.085 maxdeg=2
[IDProbCover] it=032 pick_rel=22562 ID=10.048 pick_global=24709 best_gain=2 covered=0.085 maxdeg=2
[IDProbCover] it=033 pick_rel=38940 ID=10.085 pick_global=43225 best_gain=2 covered=0.085 maxdeg=2
[IDProbCover] it=034 pick_rel=40595 ID=10.087 pick_global=45070 best_gain=2 covered=0.085 maxdeg=2
[IDProbCover] it=035 pick_rel=14990 ID=10.096 pick_global=16187 best_gain=2 covered=0.085 maxdeg=2
[IDProbCover] it=036 pick_rel=3776 ID=10.105 pick_global=3554 best_gain=2 covered=0.085 maxdeg=2
[IDProbCover] it=037 pick_rel=25667 ID=10.111 pick_global=28231 best_gain=2 covered=0.085 maxdeg=2
[IDProbCover] it=038 pick_rel=22020 ID=10.119 pick_global=24088 best_gain=2 covered=0.086 maxdeg=2
[IDProbCover] it=039 pick_rel=1230 ID=10.131 pick_global=702 best_gain=2 covered=0.086 maxdeg=2
[IDProbCover] it=040 pick_rel=2587 ID=10.135 pick_global=2210 best_gain=2 covered=0.086 maxdeg=2
[IDProbCover] it=041 pick_rel=1098 ID=10.143 pick_global=554 best_gain=2 covered=0.086 maxdeg=2
[IDProbCover] it=042 pick_rel=2989 ID=10.146 pick_global=2658 best_gain=2 covered=0.086 maxdeg=2
[IDProbCover] it=043 pick_rel=10282 ID=10.149 pick_global=10890 best_gain=2 covered=0.086 maxdeg=2
[IDProbCover] it=044 pick_rel=19187 ID=10.150 pick_global=20901 best_gain=2 covered=0.086 maxdeg=2
[IDProbCover] it=045 pick_rel=25549 ID=10.158 pick_global=28097 best_gain=2 covered=0.086 maxdeg=2
[IDProbCover] it=046 pick_rel=19528 ID=10.160 pick_global=21281 best_gain=2 covered=0.086 maxdeg=2
[IDProbCover] it=047 pick_rel=18574 ID=10.161 pick_global=20199 best_gain=2 covered=0.086 maxdeg=2
[IDProbCover] it=048 pick_rel=18017 ID=10.165 pick_global=19578 best_gain=2 covered=0.086 maxdeg=2
[IDProbCover] it=049 pick_rel=22287 ID=10.172 pick_global=24397 best_gain=2 covered=0.086 maxdeg=2
Coverage selection metadata: active=False (mode=id_prob_cover, variant=unknown, delta=0.2125, phase=id_adaptive, bald_mean=0.0000, bald_max=0.0000, variance_mean=0.0000, variance_max=0.0000, dropout_iters=0, cover_anchors=0, diversity_lambda=0.00, selected_id_mean=9.9784, selected_signal_mean=0.0000, selected_radius_mean=0.3547, k_id=50, k_knn=50, alpha=1.00)
Active Sampling Complete. After Episode 11:
New Labeled Set: 650, New Unlabeled Set: 44350, Active Set: 50

================================


Current accuracy values:  [20.200000000000003, 17.099999999999994, 17.400000000000006, 20.58, 27.079999389648435, 31.479999351501462, 32.029999275207516, 34.08999900817871, 30.869999351501463, 35.82999870300293, 39.559998474121095, 39.29999870300293]
Starting model from scratch - ignoring existing weights.
<All keys matched successfully>
None
======== EPISODE 12 BEGINS ========

======== TRAINING ========
Training Epoch: 1/200	Train Loss: 13.4797	Val Accuracy: 0.0
Training Epoch: 2/200	Train Loss: 5.196	Val Accuracy: 9.92
Training Epoch: 3/200	Train Loss: 4.3286	Val Accuracy: 9.92
Training Epoch: 4/200	Train Loss: 4.5042	Val Accuracy: 10.16
Training Epoch: 5/200	Train Loss: 4.6039	Val Accuracy: 10.16
Training Epoch: 6/200	Train Loss: 4.3921	Val Accuracy: 9.78
Training Epoch: 7/200	Train Loss: 3.6893	Val Accuracy: 9.78
Training Epoch: 8/200	Train Loss: 2.7125	Val Accuracy: 11.48
Training Epoch: 9/200	Train Loss: 3.9802	Val Accuracy: 11.48
Training Epoch: 10/200	Train Loss: 2.3577	Val Accuracy: 14.3
Training Epoch: 11/200	Train Loss: 3.9434	Val Accuracy: 14.3
Training Epoch: 12/200	Train Loss: 4.6403	Val Accuracy: 12.28
Training Epoch: 13/200	Train Loss: 4.506	Val Accuracy: 12.28
Training Epoch: 14/200	Train Loss: 2.1396	Val Accuracy: 13.0
Training Epoch: 15/200	Train Loss: 2.2296	Val Accuracy: 13.0
Training Epoch: 16/200	Train Loss: 4.7082	Val Accuracy: 10.96
Training Epoch: 17/200	Train Loss: 4.3952	Val Accuracy: 10.96
Training Epoch: 18/200	Train Loss: 2.1989	Val Accuracy: 9.88
Training Epoch: 19/200	Train Loss: 2.491	Val Accuracy: 9.88
Training Epoch: 20/200	Train Loss: 2.4686	Val Accuracy: 13.78
Training Epoch: 21/200	Train Loss: 1.9811	Val Accuracy: 13.78
Training Epoch: 22/200	Train Loss: 3.7328	Val Accuracy: 15.22
Training Epoch: 23/200	Train Loss: 3.4568	Val Accuracy: 15.22
Training Epoch: 24/200	Train Loss: 1.9455	Val Accuracy: 18.4
Training Epoch: 25/200	Train Loss: 2.684	Val Accuracy: 18.4
Training Epoch: 26/200	Train Loss: 2.1349	Val Accuracy: 18.64
Training Epoch: 27/200	Train Loss: 1.8404	Val Accuracy: 18.64
Training Epoch: 28/200	Train Loss: 3.4735	Val Accuracy: 19.56
Training Epoch: 29/200	Train Loss: 1.9007	Val Accuracy: 19.56
Training Epoch: 30/200	Train Loss: 1.9916	Val Accuracy: 21.02
Training Epoch: 31/200	Train Loss: 1.9376	Val Accuracy: 21.02
Training Epoch: 32/200	Train Loss: 4.1425	Val Accuracy: 21.16
Training Epoch: 33/200	Train Loss: 2.6785	Val Accuracy: 21.16
Training Epoch: 34/200	Train Loss: 1.9683	Val Accuracy: 20.96
Training Epoch: 35/200	Train Loss: 1.9179	Val Accuracy: 20.96
Training Epoch: 36/200	Train Loss: 2.2005	Val Accuracy: 21.34
Training Epoch: 37/200	Train Loss: 4.4333	Val Accuracy: 21.34
Training Epoch: 38/200	Train Loss: 1.7727	Val Accuracy: 23.08
Training Epoch: 39/200	Train Loss: 1.8213	Val Accuracy: 23.08
Training Epoch: 40/200	Train Loss: 1.7879	Val Accuracy: 23.1
Training Epoch: 41/200	Train Loss: 1.8791	Val Accuracy: 23.1
Training Epoch: 42/200	Train Loss: 1.6273	Val Accuracy: 24.58
Training Epoch: 43/200	Train Loss: 2.8569	Val Accuracy: 24.58
Training Epoch: 44/200	Train Loss: 1.8201	Val Accuracy: 25.58
Training Epoch: 45/200	Train Loss: 1.6233	Val Accuracy: 25.58
Training Epoch: 46/200	Train Loss: 1.6965	Val Accuracy: 26.8
Training Epoch: 47/200	Train Loss: 2.8076	Val Accuracy: 26.8
Training Epoch: 48/200	Train Loss: 1.4678	Val Accuracy: 27.06
Training Epoch: 49/200	Train Loss: 1.8503	Val Accuracy: 27.06
Training Epoch: 50/200	Train Loss: 1.3544	Val Accuracy: 28.58
Training Epoch: 51/200	Train Loss: 2.0796	Val Accuracy: 28.58
Training Epoch: 52/200	Train Loss: 1.4701	Val Accuracy: 28.56
Training Epoch: 53/200	Train Loss: 1.4442	Val Accuracy: 28.56
Training Epoch: 54/200	Train Loss: 1.477	Val Accuracy: 29.24
Training Epoch: 55/200	Train Loss: 1.6403	Val Accuracy: 29.24
Training Epoch: 56/200	Train Loss: 1.756	Val Accuracy: 28.94
Training Epoch: 57/200	Train Loss: 1.3625	Val Accuracy: 28.94
Training Epoch: 58/200	Train Loss: 1.2946	Val Accuracy: 29.8
Training Epoch: 59/200	Train Loss: 1.2681	Val Accuracy: 29.8
Training Epoch: 60/200	Train Loss: 1.2844	Val Accuracy: 31.42
Training Epoch: 61/200	Train Loss: 1.2566	Val Accuracy: 31.42
Training Epoch: 62/200	Train Loss: 2.2199	Val Accuracy: 31.0
Training Epoch: 63/200	Train Loss: 1.7147	Val Accuracy: 31.0
Training Epoch: 64/200	Train Loss: 2.5181	Val Accuracy: 31.46
Training Epoch: 65/200	Train Loss: 1.6268	Val Accuracy: 31.46
Training Epoch: 66/200	Train Loss: 1.1463	Val Accuracy: 32.12
Training Epoch: 67/200	Train Loss: 1.0078	Val Accuracy: 32.12
Training Epoch: 68/200	Train Loss: 2.3608	Val Accuracy: 31.62
Training Epoch: 69/200	Train Loss: 1.2329	Val Accuracy: 31.62
Training Epoch: 70/200	Train Loss: 1.2692	Val Accuracy: 32.32
Training Epoch: 71/200	Train Loss: 1.0759	Val Accuracy: 32.32
Training Epoch: 72/200	Train Loss: 1.2179	Val Accuracy: 32.94
Training Epoch: 73/200	Train Loss: 1.0352	Val Accuracy: 32.94
Training Epoch: 74/200	Train Loss: 1.3758	Val Accuracy: 33.76
Training Epoch: 75/200	Train Loss: 1.049	Val Accuracy: 33.76
Training Epoch: 76/200	Train Loss: 0.9196	Val Accuracy: 34.08
Training Epoch: 77/200	Train Loss: 3.6714	Val Accuracy: 34.08
Training Epoch: 78/200	Train Loss: 0.904	Val Accuracy: 34.38
Training Epoch: 79/200	Train Loss: 0.9881	Val Accuracy: 34.38
Training Epoch: 80/200	Train Loss: 0.9854	Val Accuracy: 34.6
Training Epoch: 81/200	Train Loss: 3.2687	Val Accuracy: 34.6
Training Epoch: 82/200	Train Loss: 0.8815	Val Accuracy: 34.64
Training Epoch: 83/200	Train Loss: 1.015	Val Accuracy: 34.64
Training Epoch: 84/200	Train Loss: 1.0224	Val Accuracy: 34.36
Training Epoch: 85/200	Train Loss: 0.8287	Val Accuracy: 34.36
Training Epoch: 86/200	Train Loss: 0.9709	Val Accuracy: 35.56
Training Epoch: 87/200	Train Loss: 0.9085	Val Accuracy: 35.56
Training Epoch: 88/200	Train Loss: 1.2287	Val Accuracy: 30.82
Training Epoch: 89/200	Train Loss: 1.2574	Val Accuracy: 30.82
Training Epoch: 90/200	Train Loss: 0.996	Val Accuracy: 32.74
Training Epoch: 91/200	Train Loss: 1.0372	Val Accuracy: 32.74
Training Epoch: 92/200	Train Loss: 1.2166	Val Accuracy: 33.28
Training Epoch: 93/200	Train Loss: 1.0327	Val Accuracy: 33.28
Training Epoch: 94/200	Train Loss: 0.7604	Val Accuracy: 34.78
Training Epoch: 95/200	Train Loss: 0.7768	Val Accuracy: 34.78
Training Epoch: 96/200	Train Loss: 1.0238	Val Accuracy: 35.54
Training Epoch: 97/200	Train Loss: 0.8874	Val Accuracy: 35.54
Training Epoch: 98/200	Train Loss: 0.9192	Val Accuracy: 35.62
Training Epoch: 99/200	Train Loss: 0.8273	Val Accuracy: 35.62
Training Epoch: 100/200	Train Loss: 0.7481	Val Accuracy: 35.26
Training Epoch: 101/200	Train Loss: 0.7282	Val Accuracy: 35.26
Training Epoch: 102/200	Train Loss: 0.7325	Val Accuracy: 35.02
Training Epoch: 103/200	Train Loss: 0.9085	Val Accuracy: 35.02
Training Epoch: 104/200	Train Loss: 0.7165	Val Accuracy: 35.6
Training Epoch: 105/200	Train Loss: 0.7259	Val Accuracy: 35.6
Training Epoch: 106/200	Train Loss: 0.4912	Val Accuracy: 35.9
Training Epoch: 107/200	Train Loss: 0.5754	Val Accuracy: 35.9
Training Epoch: 108/200	Train Loss: 0.6837	Val Accuracy: 35.96
Training Epoch: 109/200	Train Loss: 1.5854	Val Accuracy: 35.96
Training Epoch: 110/200	Train Loss: 0.5855	Val Accuracy: 36.1
Training Epoch: 111/200	Train Loss: 0.5986	Val Accuracy: 36.1
Training Epoch: 112/200	Train Loss: 0.5603	Val Accuracy: 36.74
Training Epoch: 113/200	Train Loss: 0.592	Val Accuracy: 36.74
Training Epoch: 114/200	Train Loss: 0.5855	Val Accuracy: 35.92
Training Epoch: 115/200	Train Loss: 0.4885	Val Accuracy: 35.92
Training Epoch: 116/200	Train Loss: 0.8018	Val Accuracy: 36.94
Training Epoch: 117/200	Train Loss: 0.3421	Val Accuracy: 36.94
Training Epoch: 118/200	Train Loss: 0.3648	Val Accuracy: 35.76
Training Epoch: 119/200	Train Loss: 0.6758	Val Accuracy: 35.76
Training Epoch: 120/200	Train Loss: 0.388	Val Accuracy: 36.86
Training Epoch: 121/200	Train Loss: 0.9045	Val Accuracy: 36.86
Training Epoch: 122/200	Train Loss: 0.708	Val Accuracy: 36.14
Training Epoch: 123/200	Train Loss: 0.3227	Val Accuracy: 36.14
Training Epoch: 124/200	Train Loss: 0.4543	Val Accuracy: 37.0
Training Epoch: 125/200	Train Loss: 0.5369	Val Accuracy: 37.0
Training Epoch: 126/200	Train Loss: 0.4925	Val Accuracy: 36.3
Training Epoch: 127/200	Train Loss: 0.9953	Val Accuracy: 36.3
Training Epoch: 128/200	Train Loss: 0.2902	Val Accuracy: 36.4
Training Epoch: 129/200	Train Loss: 0.3985	Val Accuracy: 36.4
Training Epoch: 130/200	Train Loss: 0.426	Val Accuracy: 36.38
Training Epoch: 131/200	Train Loss: 0.357	Val Accuracy: 36.38
Training Epoch: 132/200	Train Loss: 0.378	Val Accuracy: 37.34
Training Epoch: 133/200	Train Loss: 0.4109	Val Accuracy: 37.34
Training Epoch: 134/200	Train Loss: 0.9529	Val Accuracy: 36.68
Training Epoch: 135/200	Train Loss: 0.2358	Val Accuracy: 36.68
Training Epoch: 136/200	Train Loss: 1.9451	Val Accuracy: 36.92
Training Epoch: 137/200	Train Loss: 0.2194	Val Accuracy: 36.92
Training Epoch: 138/200	Train Loss: 0.2346	Val Accuracy: 37.6
Training Epoch: 139/200	Train Loss: 0.2458	Val Accuracy: 37.6
Training Epoch: 140/200	Train Loss: 0.3113	Val Accuracy: 37.42
Training Epoch: 141/200	Train Loss: 0.693	Val Accuracy: 37.42
Training Epoch: 142/200	Train Loss: 0.1402	Val Accuracy: 37.34
Training Epoch: 143/200	Train Loss: 0.2167	Val Accuracy: 37.34
Training Epoch: 144/200	Train Loss: 0.2765	Val Accuracy: 36.88
Training Epoch: 145/200	Train Loss: 0.2004	Val Accuracy: 36.88
Training Epoch: 146/200	Train Loss: 0.6166	Val Accuracy: 37.44
Training Epoch: 147/200	Train Loss: 0.242	Val Accuracy: 37.44
Training Epoch: 148/200	Train Loss: 0.1854	Val Accuracy: 36.46
Training Epoch: 149/200	Train Loss: 0.2166	Val Accuracy: 36.46
Training Epoch: 150/200	Train Loss: 0.436	Val Accuracy: 37.86
Training Epoch: 151/200	Train Loss: 0.1145	Val Accuracy: 37.86
Training Epoch: 152/200	Train Loss: 0.3727	Val Accuracy: 38.48
Training Epoch: 153/200	Train Loss: 0.3786	Val Accuracy: 38.48
Training Epoch: 154/200	Train Loss: 0.1849	Val Accuracy: 37.84
Training Epoch: 155/200	Train Loss: 0.7902	Val Accuracy: 37.84
Training Epoch: 156/200	Train Loss: 0.2948	Val Accuracy: 37.62
Training Epoch: 157/200	Train Loss: 0.1556	Val Accuracy: 37.62
Training Epoch: 158/200	Train Loss: 0.1387	Val Accuracy: 37.56
Training Epoch: 159/200	Train Loss: 1.0711	Val Accuracy: 37.56
Training Epoch: 160/200	Train Loss: 0.2096	Val Accuracy: 37.98
Training Epoch: 161/200	Train Loss: 0.2296	Val Accuracy: 37.98
Training Epoch: 162/200	Train Loss: 0.0829	Val Accuracy: 37.76
Training Epoch: 163/200	Train Loss: 0.1543	Val Accuracy: 37.76
Training Epoch: 164/200	Train Loss: 0.1342	Val Accuracy: 37.38
Training Epoch: 165/200	Train Loss: 0.0869	Val Accuracy: 37.38
Training Epoch: 166/200	Train Loss: 0.1567	Val Accuracy: 38.08
Training Epoch: 167/200	Train Loss: 0.1491	Val Accuracy: 38.08
Training Epoch: 168/200	Train Loss: 0.1162	Val Accuracy: 38.1
Training Epoch: 169/200	Train Loss: 0.0814	Val Accuracy: 38.1
Training Epoch: 170/200	Train Loss: 0.2337	Val Accuracy: 37.54
Training Epoch: 171/200	Train Loss: 0.181	Val Accuracy: 37.54
Training Epoch: 172/200	Train Loss: 0.0909	Val Accuracy: 37.64
Training Epoch: 173/200	Train Loss: 0.1443	Val Accuracy: 37.64
Training Epoch: 174/200	Train Loss: 1.0365	Val Accuracy: 37.86
Training Epoch: 175/200	Train Loss: 0.0643	Val Accuracy: 37.86
Training Epoch: 176/200	Train Loss: 0.0683	Val Accuracy: 37.52
Training Epoch: 177/200	Train Loss: 0.1142	Val Accuracy: 37.52
Training Epoch: 178/200	Train Loss: 0.0429	Val Accuracy: 38.6
Training Epoch: 179/200	Train Loss: 0.0367	Val Accuracy: 38.6
Training Epoch: 180/200	Train Loss: 0.1586	Val Accuracy: 37.54
Training Epoch: 181/200	Train Loss: 0.075	Val Accuracy: 37.54
Training Epoch: 182/200	Train Loss: 0.1061	Val Accuracy: 38.62
Training Epoch: 183/200	Train Loss: 0.0713	Val Accuracy: 38.62
Training Epoch: 184/200	Train Loss: 0.0457	Val Accuracy: 38.12
Training Epoch: 185/200	Train Loss: 1.3756	Val Accuracy: 38.12
Training Epoch: 186/200	Train Loss: 0.0524	Val Accuracy: 38.52
Training Epoch: 187/200	Train Loss: 0.0696	Val Accuracy: 38.52
Training Epoch: 188/200	Train Loss: 0.0606	Val Accuracy: 37.9
Training Epoch: 189/200	Train Loss: 0.2495	Val Accuracy: 37.9
Training Epoch: 190/200	Train Loss: 0.0894	Val Accuracy: 38.22
Training Epoch: 191/200	Train Loss: 0.1808	Val Accuracy: 38.22
Training Epoch: 192/200	Train Loss: 0.1059	Val Accuracy: 38.4
Training Epoch: 193/200	Train Loss: 0.0214	Val Accuracy: 38.4
Training Epoch: 194/200	Train Loss: 0.1721	Val Accuracy: 38.0
Training Epoch: 195/200	Train Loss: 0.0937	Val Accuracy: 38.0
Training Epoch: 196/200	Train Loss: 0.2664	Val Accuracy: 38.76
Training Epoch: 197/200	Train Loss: 0.0306	Val Accuracy: 38.76
Training Epoch: 198/200	Train Loss: 0.266	Val Accuracy: 38.16
Training Epoch: 199/200	Train Loss: 0.0858	Val Accuracy: 38.16
Training Epoch: 200/200	Train Loss: 0.1442	Val Accuracy: 38.34

Wrote Best Model Checkpoint to: vlBest_acc_38_model_epoch_0196.pyth

Best Validation Accuracy: 38.76
Best Epoch: 196

======== TESTING ========

Test Accuracy: 38.11.

======== ACTIVE SAMPLING ========

ProbCover adaptive delta: base=0.2500, effective=0.2125, scale=0.85, phase=post_label_shrink, labeled_count=650
[ID cache] loaded: /scratch/s219110279/idpc_cache/resnet50/CIFAR10/seed1/mle_local_k50.npy
[kNN cache] loaded: /scratch/s219110279/idpc_cache/resnet50/CIFAR10/seed1/knn_k50.npz
[IDProbCover] it=000 pick_rel=15366 ID=10.181 pick_global=16577 best_gain=2 covered=0.086 maxdeg=2
[IDProbCover] it=001 pick_rel=34428 ID=10.182 pick_global=38061 best_gain=2 covered=0.086 maxdeg=2
[IDProbCover] it=002 pick_rel=42977 ID=10.187 pick_global=47717 best_gain=2 covered=0.086 maxdeg=2
[IDProbCover] it=003 pick_rel=15140 ID=10.195 pick_global=16315 best_gain=2 covered=0.086 maxdeg=2
[IDProbCover] it=004 pick_rel=20149 ID=10.200 pick_global=21935 best_gain=2 covered=0.086 maxdeg=2
[IDProbCover] it=005 pick_rel=2794 ID=10.210 pick_global=2385 best_gain=2 covered=0.086 maxdeg=2
[IDProbCover] it=006 pick_rel=8572 ID=10.218 pick_global=8919 best_gain=2 covered=0.086 maxdeg=2
[IDProbCover] it=007 pick_rel=39127 ID=10.231 pick_global=43433 best_gain=2 covered=0.086 maxdeg=2
[IDProbCover] it=008 pick_rel=20850 ID=10.305 pick_global=22728 best_gain=2 covered=0.086 maxdeg=2
[IDProbCover] it=009 pick_rel=33821 ID=10.319 pick_global=37371 best_gain=2 covered=0.086 maxdeg=2
[IDProbCover] it=010 pick_rel=17825 ID=10.324 pick_global=19318 best_gain=2 covered=0.087 maxdeg=2
[IDProbCover] it=011 pick_rel=24536 ID=10.332 pick_global=26919 best_gain=2 covered=0.087 maxdeg=2
[IDProbCover] it=012 pick_rel=10338 ID=10.337 pick_global=10906 best_gain=2 covered=0.087 maxdeg=2
[IDProbCover] it=013 pick_rel=33900 ID=10.351 pick_global=37454 best_gain=2 covered=0.087 maxdeg=2
[IDProbCover] it=014 pick_rel=22135 ID=10.390 pick_global=24198 best_gain=2 covered=0.087 maxdeg=2
[IDProbCover] it=015 pick_rel=22792 ID=10.398 pick_global=24943 best_gain=2 covered=0.087 maxdeg=2
[IDProbCover] it=016 pick_rel=32580 ID=10.401 pick_global=36004 best_gain=2 covered=0.087 maxdeg=2
[IDProbCover] it=017 pick_rel=27837 ID=10.425 pick_global=30636 best_gain=2 covered=0.087 maxdeg=2
[IDProbCover] it=018 pick_rel=28813 ID=10.427 pick_global=31724 best_gain=2 covered=0.087 maxdeg=2
[IDProbCover] it=019 pick_rel=32537 ID=10.434 pick_global=35958 best_gain=2 covered=0.087 maxdeg=2
[IDProbCover] it=020 pick_rel=4661 ID=10.455 pick_global=4505 best_gain=2 covered=0.087 maxdeg=2
[IDProbCover] it=021 pick_rel=18587 ID=10.466 pick_global=20177 best_gain=2 covered=0.087 maxdeg=2
[IDProbCover] it=022 pick_rel=28723 ID=10.473 pick_global=31619 best_gain=2 covered=0.087 maxdeg=2
[IDProbCover] it=023 pick_rel=7593 ID=10.488 pick_global=7829 best_gain=2 covered=0.087 maxdeg=2
[IDProbCover] it=024 pick_rel=31266 ID=10.489 pick_global=34523 best_gain=2 covered=0.087 maxdeg=2
[IDProbCover] it=025 pick_rel=33557 ID=10.581 pick_global=37079 best_gain=2 covered=0.087 maxdeg=2
[IDProbCover] it=026 pick_rel=10489 ID=10.582 pick_global=11086 best_gain=2 covered=0.087 maxdeg=2
[IDProbCover] it=027 pick_rel=6138 ID=10.587 pick_global=6166 best_gain=2 covered=0.087 maxdeg=2
[IDProbCover] it=028 pick_rel=25006 ID=10.622 pick_global=27456 best_gain=2 covered=0.087 maxdeg=2
[IDProbCover] it=029 pick_rel=4285 ID=10.644 pick_global=4083 best_gain=2 covered=0.087 maxdeg=2
[IDProbCover] it=030 pick_rel=29571 ID=10.659 pick_global=32580 best_gain=2 covered=0.087 maxdeg=2
[IDProbCover] it=031 pick_rel=39198 ID=10.675 pick_global=43517 best_gain=2 covered=0.087 maxdeg=2
[IDProbCover] it=032 pick_rel=925 ID=10.706 pick_global=306 best_gain=2 covered=0.087 maxdeg=2
[IDProbCover] it=033 pick_rel=28799 ID=10.709 pick_global=31708 best_gain=2 covered=0.088 maxdeg=2
[IDProbCover] it=034 pick_rel=33842 ID=10.740 pick_global=37393 best_gain=2 covered=0.088 maxdeg=2
[IDProbCover] it=035 pick_rel=44487 ID=10.752 pick_global=49405 best_gain=2 covered=0.088 maxdeg=2
[IDProbCover] it=036 pick_rel=2174 ID=10.801 pick_global=1687 best_gain=2 covered=0.088 maxdeg=2
[IDProbCover] it=037 pick_rel=6002 ID=10.801 pick_global=6013 best_gain=2 covered=0.088 maxdeg=2
[IDProbCover] it=038 pick_rel=30353 ID=10.811 pick_global=33468 best_gain=2 covered=0.088 maxdeg=2
[IDProbCover] it=039 pick_rel=33847 ID=10.821 pick_global=37400 best_gain=2 covered=0.088 maxdeg=2
[IDProbCover] it=040 pick_rel=33974 ID=10.823 pick_global=37544 best_gain=2 covered=0.088 maxdeg=2
[IDProbCover] it=041 pick_rel=19304 ID=10.840 pick_global=20998 best_gain=2 covered=0.088 maxdeg=2
[IDProbCover] it=042 pick_rel=40660 ID=10.862 pick_global=45138 best_gain=2 covered=0.088 maxdeg=2
[IDProbCover] it=043 pick_rel=31681 ID=10.869 pick_global=34994 best_gain=2 covered=0.088 maxdeg=2
[IDProbCover] it=044 pick_rel=36602 ID=10.871 pick_global=40564 best_gain=2 covered=0.088 maxdeg=2
[IDProbCover] it=045 pick_rel=40694 ID=10.872 pick_global=45172 best_gain=2 covered=0.088 maxdeg=2
[IDProbCover] it=046 pick_rel=16954 ID=10.881 pick_global=18351 best_gain=2 covered=0.088 maxdeg=2
[IDProbCover] it=047 pick_rel=44958 ID=10.895 pick_global=49949 best_gain=2 covered=0.088 maxdeg=2
[IDProbCover] it=048 pick_rel=8545 ID=10.900 pick_global=8891 best_gain=2 covered=0.088 maxdeg=2
[IDProbCover] it=049 pick_rel=20215 ID=10.913 pick_global=22010 best_gain=2 covered=0.088 maxdeg=2
Coverage selection metadata: active=False (mode=id_prob_cover, variant=unknown, delta=0.2125, phase=id_adaptive, bald_mean=0.0000, bald_max=0.0000, variance_mean=0.0000, variance_max=0.0000, dropout_iters=0, cover_anchors=0, diversity_lambda=0.00, selected_id_mean=10.5527, selected_signal_mean=0.0000, selected_radius_mean=0.3355, k_id=50, k_knn=50, alpha=1.00)
Active Sampling Complete. After Episode 12:
New Labeled Set: 700, New Unlabeled Set: 44300, Active Set: 50

================================


Current accuracy values:  [20.200000000000003, 17.099999999999994, 17.400000000000006, 20.58, 27.079999389648435, 31.479999351501462, 32.029999275207516, 34.08999900817871, 30.869999351501463, 35.82999870300293, 39.559998474121095, 39.29999870300293, 38.10999900817871]
Starting model from scratch - ignoring existing weights.
<All keys matched successfully>
None
======== EPISODE 13 BEGINS ========

======== TRAINING ========
Training Epoch: 1/200	Train Loss: 16.3167	Val Accuracy: 0.0
Training Epoch: 2/200	Train Loss: 7.9493	Val Accuracy: 9.92
Training Epoch: 3/200	Train Loss: 4.8149	Val Accuracy: 9.92
Training Epoch: 4/200	Train Loss: 3.9615	Val Accuracy: 8.44
Training Epoch: 5/200	Train Loss: 4.1002	Val Accuracy: 8.44
Training Epoch: 6/200	Train Loss: 3.4316	Val Accuracy: 10.78
Training Epoch: 7/200	Train Loss: 3.1818	Val Accuracy: 10.78
Training Epoch: 8/200	Train Loss: 2.8464	Val Accuracy: 15.04
Training Epoch: 9/200	Train Loss: 2.4699	Val Accuracy: 15.04
Training Epoch: 10/200	Train Loss: 2.098	Val Accuracy: 15.64
Training Epoch: 11/200	Train Loss: 3.2244	Val Accuracy: 15.64
Training Epoch: 12/200	Train Loss: 3.3358	Val Accuracy: 16.66
Training Epoch: 13/200	Train Loss: 2.283	Val Accuracy: 16.66
Training Epoch: 14/200	Train Loss: 2.5963	Val Accuracy: 20.68
Training Epoch: 15/200	Train Loss: 3.0593	Val Accuracy: 20.68
Training Epoch: 16/200	Train Loss: 3.0326	Val Accuracy: 20.46
Training Epoch: 17/200	Train Loss: 2.5985	Val Accuracy: 20.46
Training Epoch: 18/200	Train Loss: 3.4334	Val Accuracy: 24.3
Training Epoch: 19/200	Train Loss: 2.7748	Val Accuracy: 24.3
Training Epoch: 20/200	Train Loss: 2.4983	Val Accuracy: 22.8
Training Epoch: 21/200	Train Loss: 2.6556	Val Accuracy: 22.8
Training Epoch: 22/200	Train Loss: 3.1878	Val Accuracy: 24.5
Training Epoch: 23/200	Train Loss: 2.3444	Val Accuracy: 24.5
Training Epoch: 24/200	Train Loss: 5.1134	Val Accuracy: 24.22
Training Epoch: 25/200	Train Loss: 1.9002	Val Accuracy: 24.22
Training Epoch: 26/200	Train Loss: 2.6532	Val Accuracy: 24.8
Training Epoch: 27/200	Train Loss: 3.564	Val Accuracy: 24.8
Training Epoch: 28/200	Train Loss: 1.5771	Val Accuracy: 24.24
Training Epoch: 29/200	Train Loss: 2.1743	Val Accuracy: 24.24
Training Epoch: 30/200	Train Loss: 1.6898	Val Accuracy: 25.94
Training Epoch: 31/200	Train Loss: 2.2867	Val Accuracy: 25.94
Training Epoch: 32/200	Train Loss: 1.6455	Val Accuracy: 25.52
Training Epoch: 33/200	Train Loss: 3.0628	Val Accuracy: 25.52
Training Epoch: 34/200	Train Loss: 2.5591	Val Accuracy: 26.6
Training Epoch: 35/200	Train Loss: 1.376	Val Accuracy: 26.6
Training Epoch: 36/200	Train Loss: 2.1622	Val Accuracy: 28.7
Training Epoch: 37/200	Train Loss: 1.4683	Val Accuracy: 28.7
Training Epoch: 38/200	Train Loss: 1.7225	Val Accuracy: 30.62
Training Epoch: 39/200	Train Loss: 1.5216	Val Accuracy: 30.62
Training Epoch: 40/200	Train Loss: 2.5384	Val Accuracy: 27.22
Training Epoch: 41/200	Train Loss: 1.3249	Val Accuracy: 27.22
Training Epoch: 42/200	Train Loss: 3.0847	Val Accuracy: 32.86
Training Epoch: 43/200	Train Loss: 1.3152	Val Accuracy: 32.86
Training Epoch: 44/200	Train Loss: 1.1155	Val Accuracy: 27.28
Training Epoch: 45/200	Train Loss: 1.6243	Val Accuracy: 27.28
Training Epoch: 46/200	Train Loss: 1.7909	Val Accuracy: 24.26
Training Epoch: 47/200	Train Loss: 3.1289	Val Accuracy: 24.26
Training Epoch: 48/200	Train Loss: 1.3607	Val Accuracy: 32.46
Training Epoch: 49/200	Train Loss: 2.6501	Val Accuracy: 32.46
Training Epoch: 50/200	Train Loss: 1.7676	Val Accuracy: 32.06
Training Epoch: 51/200	Train Loss: 1.5763	Val Accuracy: 32.06
Training Epoch: 52/200	Train Loss: 2.5266	Val Accuracy: 35.1
Training Epoch: 53/200	Train Loss: 1.3858	Val Accuracy: 35.1
Training Epoch: 54/200	Train Loss: 2.1951	Val Accuracy: 35.02
Training Epoch: 55/200	Train Loss: 1.7188	Val Accuracy: 35.02
Training Epoch: 56/200	Train Loss: 1.2709	Val Accuracy: 36.56
Training Epoch: 57/200	Train Loss: 1.775	Val Accuracy: 36.56
Training Epoch: 58/200	Train Loss: 1.6762	Val Accuracy: 38.26
Training Epoch: 59/200	Train Loss: 1.7472	Val Accuracy: 38.26
Training Epoch: 60/200	Train Loss: 1.6358	Val Accuracy: 36.32
Training Epoch: 61/200	Train Loss: 1.1431	Val Accuracy: 36.32
Training Epoch: 62/200	Train Loss: 1.3182	Val Accuracy: 34.6
Training Epoch: 63/200	Train Loss: 1.1245	Val Accuracy: 34.6
Training Epoch: 64/200	Train Loss: 1.0103	Val Accuracy: 38.18
Training Epoch: 65/200	Train Loss: 1.308	Val Accuracy: 38.18
Training Epoch: 66/200	Train Loss: 1.1546	Val Accuracy: 39.5
Training Epoch: 67/200	Train Loss: 0.9111	Val Accuracy: 39.5
Training Epoch: 68/200	Train Loss: 1.1417	Val Accuracy: 37.48
Training Epoch: 69/200	Train Loss: 1.3565	Val Accuracy: 37.48
Training Epoch: 70/200	Train Loss: 0.6741	Val Accuracy: 39.06
Training Epoch: 71/200	Train Loss: 1.0955	Val Accuracy: 39.06
Training Epoch: 72/200	Train Loss: 1.0031	Val Accuracy: 39.6
Training Epoch: 73/200	Train Loss: 1.3872	Val Accuracy: 39.6
Training Epoch: 74/200	Train Loss: 0.7523	Val Accuracy: 38.1
Training Epoch: 75/200	Train Loss: 0.6911	Val Accuracy: 38.1
Training Epoch: 76/200	Train Loss: 0.77	Val Accuracy: 40.04
Training Epoch: 77/200	Train Loss: 0.691	Val Accuracy: 40.04
Training Epoch: 78/200	Train Loss: 0.6035	Val Accuracy: 39.62
Training Epoch: 79/200	Train Loss: 0.8171	Val Accuracy: 39.62
Training Epoch: 80/200	Train Loss: 0.8324	Val Accuracy: 40.28
Training Epoch: 81/200	Train Loss: 1.1509	Val Accuracy: 40.28
Training Epoch: 82/200	Train Loss: 0.667	Val Accuracy: 40.22
Training Epoch: 83/200	Train Loss: 0.4785	Val Accuracy: 40.22
Training Epoch: 84/200	Train Loss: 0.9773	Val Accuracy: 41.74
Training Epoch: 85/200	Train Loss: 1.2538	Val Accuracy: 41.74
Training Epoch: 86/200	Train Loss: 0.3268	Val Accuracy: 41.82
Training Epoch: 87/200	Train Loss: 0.9192	Val Accuracy: 41.82
Training Epoch: 88/200	Train Loss: 0.4547	Val Accuracy: 40.24
Training Epoch: 89/200	Train Loss: 0.7883	Val Accuracy: 40.24
Training Epoch: 90/200	Train Loss: 1.143	Val Accuracy: 42.44
Training Epoch: 91/200	Train Loss: 0.3803	Val Accuracy: 42.44
Training Epoch: 92/200	Train Loss: 0.6416	Val Accuracy: 41.14
Training Epoch: 93/200	Train Loss: 0.4455	Val Accuracy: 41.14
Training Epoch: 94/200	Train Loss: 0.3677	Val Accuracy: 42.14
Training Epoch: 95/200	Train Loss: 0.4123	Val Accuracy: 42.14
Training Epoch: 96/200	Train Loss: 0.7254	Val Accuracy: 42.06
Training Epoch: 97/200	Train Loss: 0.9442	Val Accuracy: 42.06
Training Epoch: 98/200	Train Loss: 0.6712	Val Accuracy: 41.16
Training Epoch: 99/200	Train Loss: 0.3003	Val Accuracy: 41.16
Training Epoch: 100/200	Train Loss: 1.1539	Val Accuracy: 41.32
Training Epoch: 101/200	Train Loss: 0.3629	Val Accuracy: 41.32
Training Epoch: 102/200	Train Loss: 0.4119	Val Accuracy: 42.06
Training Epoch: 103/200	Train Loss: 0.522	Val Accuracy: 42.06
Training Epoch: 104/200	Train Loss: 0.3118	Val Accuracy: 42.78
Training Epoch: 105/200	Train Loss: 0.2653	Val Accuracy: 42.78
Training Epoch: 106/200	Train Loss: 0.798	Val Accuracy: 41.5
Training Epoch: 107/200	Train Loss: 0.4283	Val Accuracy: 41.5
Training Epoch: 108/200	Train Loss: 0.3896	Val Accuracy: 42.02
Training Epoch: 109/200	Train Loss: 0.1773	Val Accuracy: 42.02
Training Epoch: 110/200	Train Loss: 0.2952	Val Accuracy: 42.32
Training Epoch: 111/200	Train Loss: 0.7031	Val Accuracy: 42.32
Training Epoch: 112/200	Train Loss: 0.615	Val Accuracy: 42.58
Training Epoch: 113/200	Train Loss: 0.2365	Val Accuracy: 42.58
Training Epoch: 114/200	Train Loss: 0.206	Val Accuracy: 42.08
Training Epoch: 115/200	Train Loss: 0.2475	Val Accuracy: 42.08
Training Epoch: 116/200	Train Loss: 0.4874	Val Accuracy: 41.98
Training Epoch: 117/200	Train Loss: 0.441	Val Accuracy: 41.98
Training Epoch: 118/200	Train Loss: 0.4942	Val Accuracy: 42.12
Training Epoch: 119/200	Train Loss: 0.35	Val Accuracy: 42.12
Training Epoch: 120/200	Train Loss: 0.3655	Val Accuracy: 43.44
Training Epoch: 121/200	Train Loss: 0.3915	Val Accuracy: 43.44
Training Epoch: 122/200	Train Loss: 0.2782	Val Accuracy: 43.0
Training Epoch: 123/200	Train Loss: 0.2003	Val Accuracy: 43.0
Training Epoch: 124/200	Train Loss: 0.5953	Val Accuracy: 43.54
Training Epoch: 125/200	Train Loss: 1.0335	Val Accuracy: 43.54
Training Epoch: 126/200	Train Loss: 0.3342	Val Accuracy: 42.76
Training Epoch: 127/200	Train Loss: 0.4153	Val Accuracy: 42.76
Training Epoch: 128/200	Train Loss: 0.7367	Val Accuracy: 42.92
Training Epoch: 129/200	Train Loss: 0.1994	Val Accuracy: 42.92
Training Epoch: 130/200	Train Loss: 0.3241	Val Accuracy: 43.68
Training Epoch: 131/200	Train Loss: 0.6245	Val Accuracy: 43.68
Training Epoch: 132/200	Train Loss: 0.5673	Val Accuracy: 42.18
Training Epoch: 133/200	Train Loss: 0.2292	Val Accuracy: 42.18
Training Epoch: 134/200	Train Loss: 0.4233	Val Accuracy: 42.62
Training Epoch: 135/200	Train Loss: 0.6721	Val Accuracy: 42.62
Training Epoch: 136/200	Train Loss: 0.5027	Val Accuracy: 43.28
Training Epoch: 137/200	Train Loss: 0.2858	Val Accuracy: 43.28
Training Epoch: 138/200	Train Loss: 0.2383	Val Accuracy: 43.5
Training Epoch: 139/200	Train Loss: 0.1117	Val Accuracy: 43.5
Training Epoch: 140/200	Train Loss: 0.0777	Val Accuracy: 43.4
Training Epoch: 141/200	Train Loss: 0.2049	Val Accuracy: 43.4
Training Epoch: 142/200	Train Loss: 0.6087	Val Accuracy: 43.88
Training Epoch: 143/200	Train Loss: 0.1993	Val Accuracy: 43.88
Training Epoch: 144/200	Train Loss: 0.0978	Val Accuracy: 42.84
Training Epoch: 145/200	Train Loss: 0.394	Val Accuracy: 42.84
Training Epoch: 146/200	Train Loss: 0.1286	Val Accuracy: 43.78
Training Epoch: 147/200	Train Loss: 0.1133	Val Accuracy: 43.78
Training Epoch: 148/200	Train Loss: 0.3371	Val Accuracy: 43.82
Training Epoch: 149/200	Train Loss: 0.4688	Val Accuracy: 43.82
Training Epoch: 150/200	Train Loss: 0.3233	Val Accuracy: 43.56
Training Epoch: 151/200	Train Loss: 0.3499	Val Accuracy: 43.56
Training Epoch: 152/200	Train Loss: 0.0699	Val Accuracy: 43.58
Training Epoch: 153/200	Train Loss: 0.3765	Val Accuracy: 43.58
Training Epoch: 154/200	Train Loss: 0.3329	Val Accuracy: 43.28
Training Epoch: 155/200	Train Loss: 0.1545	Val Accuracy: 43.28
Training Epoch: 156/200	Train Loss: 0.5005	Val Accuracy: 42.8
Training Epoch: 157/200	Train Loss: 0.0412	Val Accuracy: 42.8
Training Epoch: 158/200	Train Loss: 0.0357	Val Accuracy: 43.32
Training Epoch: 159/200	Train Loss: 0.538	Val Accuracy: 43.32
Training Epoch: 160/200	Train Loss: 0.033	Val Accuracy: 43.84
Training Epoch: 161/200	Train Loss: 0.2509	Val Accuracy: 43.84
Training Epoch: 162/200	Train Loss: 0.1794	Val Accuracy: 43.7
Training Epoch: 163/200	Train Loss: 0.1929	Val Accuracy: 43.7
Training Epoch: 164/200	Train Loss: 0.0663	Val Accuracy: 43.52
Training Epoch: 165/200	Train Loss: 0.0736	Val Accuracy: 43.52
Training Epoch: 166/200	Train Loss: 0.0654	Val Accuracy: 44.6
Training Epoch: 167/200	Train Loss: 0.1884	Val Accuracy: 44.6
Training Epoch: 168/200	Train Loss: 0.0861	Val Accuracy: 43.86
Training Epoch: 169/200	Train Loss: 0.1917	Val Accuracy: 43.86
Training Epoch: 170/200	Train Loss: 0.0284	Val Accuracy: 43.66
Training Epoch: 171/200	Train Loss: 0.1691	Val Accuracy: 43.66
Training Epoch: 172/200	Train Loss: 0.4548	Val Accuracy: 43.78
Training Epoch: 173/200	Train Loss: 0.615	Val Accuracy: 43.78
Training Epoch: 174/200	Train Loss: 0.2108	Val Accuracy: 43.62
Training Epoch: 175/200	Train Loss: 0.5653	Val Accuracy: 43.62
Training Epoch: 176/200	Train Loss: 0.0999	Val Accuracy: 43.82
Training Epoch: 177/200	Train Loss: 0.1297	Val Accuracy: 43.82
Training Epoch: 178/200	Train Loss: 0.0268	Val Accuracy: 44.56
Training Epoch: 179/200	Train Loss: 0.5132	Val Accuracy: 44.56
Training Epoch: 180/200	Train Loss: 0.1005	Val Accuracy: 44.2
Training Epoch: 181/200	Train Loss: 0.4706	Val Accuracy: 44.2
Training Epoch: 182/200	Train Loss: 0.1324	Val Accuracy: 43.98
Training Epoch: 183/200	Train Loss: 0.3241	Val Accuracy: 43.98
Training Epoch: 184/200	Train Loss: 0.0404	Val Accuracy: 44.04
Training Epoch: 185/200	Train Loss: 0.5036	Val Accuracy: 44.04
Training Epoch: 186/200	Train Loss: 0.2797	Val Accuracy: 43.82
Training Epoch: 187/200	Train Loss: 0.092	Val Accuracy: 43.82
Training Epoch: 188/200	Train Loss: 0.0484	Val Accuracy: 44.6
Training Epoch: 189/200	Train Loss: 0.2939	Val Accuracy: 44.6
Training Epoch: 190/200	Train Loss: 0.2987	Val Accuracy: 44.12
Training Epoch: 191/200	Train Loss: 0.2994	Val Accuracy: 44.12
Training Epoch: 192/200	Train Loss: 0.3333	Val Accuracy: 43.96
Training Epoch: 193/200	Train Loss: 0.2661	Val Accuracy: 43.96
Training Epoch: 194/200	Train Loss: 0.0627	Val Accuracy: 43.74
Training Epoch: 195/200	Train Loss: 0.0648	Val Accuracy: 43.74
Training Epoch: 196/200	Train Loss: 0.6641	Val Accuracy: 43.94
Training Epoch: 197/200	Train Loss: 0.1618	Val Accuracy: 43.94
Training Epoch: 198/200	Train Loss: 0.1043	Val Accuracy: 44.04
Training Epoch: 199/200	Train Loss: 0.611	Val Accuracy: 44.04
Training Epoch: 200/200	Train Loss: 0.1791	Val Accuracy: 43.54

Wrote Best Model Checkpoint to: vlBest_acc_44_model_epoch_0166.pyth

Best Validation Accuracy: 44.6
Best Epoch: 166

======== TESTING ========

Test Accuracy: 43.19.

======== ACTIVE SAMPLING ========

ProbCover adaptive delta: base=0.2500, effective=0.2125, scale=0.85, phase=post_label_shrink, labeled_count=700
[ID cache] loaded: /scratch/s219110279/idpc_cache/resnet50/CIFAR10/seed1/mle_local_k50.npy
[kNN cache] loaded: /scratch/s219110279/idpc_cache/resnet50/CIFAR10/seed1/knn_k50.npz
[IDProbCover] it=000 pick_rel=34468 ID=10.951 pick_global=38096 best_gain=2 covered=0.088 maxdeg=2
[IDProbCover] it=001 pick_rel=9973 ID=10.957 pick_global=10457 best_gain=2 covered=0.088 maxdeg=2
[IDProbCover] it=002 pick_rel=3045 ID=10.962 pick_global=2615 best_gain=2 covered=0.088 maxdeg=2
[IDProbCover] it=003 pick_rel=34802 ID=10.993 pick_global=38486 best_gain=2 covered=0.088 maxdeg=2
[IDProbCover] it=004 pick_rel=27381 ID=11.005 pick_global=30114 best_gain=2 covered=0.088 maxdeg=2
[IDProbCover] it=005 pick_rel=5843 ID=11.024 pick_global=5791 best_gain=2 covered=0.089 maxdeg=2
[IDProbCover] it=006 pick_rel=22293 ID=11.040 pick_global=24342 best_gain=2 covered=0.089 maxdeg=2
[IDProbCover] it=007 pick_rel=804 ID=11.075 pick_global=116 best_gain=2 covered=0.089 maxdeg=2
[IDProbCover] it=008 pick_rel=36567 ID=11.083 pick_global=40513 best_gain=2 covered=0.089 maxdeg=2
[IDProbCover] it=009 pick_rel=31469 ID=11.100 pick_global=34734 best_gain=2 covered=0.089 maxdeg=2
[IDProbCover] it=010 pick_rel=14605 ID=11.130 pick_global=15664 best_gain=2 covered=0.089 maxdeg=2
[IDProbCover] it=011 pick_rel=9081 ID=11.142 pick_global=9432 best_gain=2 covered=0.089 maxdeg=2
[IDProbCover] it=012 pick_rel=8731 ID=11.148 pick_global=9052 best_gain=2 covered=0.089 maxdeg=2
[IDProbCover] it=013 pick_rel=23844 ID=11.181 pick_global=26107 best_gain=2 covered=0.089 maxdeg=2
[IDProbCover] it=014 pick_rel=12652 ID=11.183 pick_global=13475 best_gain=2 covered=0.089 maxdeg=2
[IDProbCover] it=015 pick_rel=29760 ID=11.266 pick_global=32774 best_gain=2 covered=0.089 maxdeg=2
[IDProbCover] it=016 pick_rel=43360 ID=11.290 pick_global=48142 best_gain=2 covered=0.089 maxdeg=2
[IDProbCover] it=017 pick_rel=41638 ID=11.293 pick_global=46226 best_gain=2 covered=0.089 maxdeg=2
[IDProbCover] it=018 pick_rel=7416 ID=11.312 pick_global=7573 best_gain=2 covered=0.089 maxdeg=2
[IDProbCover] it=019 pick_rel=39390 ID=11.322 pick_global=43719 best_gain=2 covered=0.089 maxdeg=2
[IDProbCover] it=020 pick_rel=3703 ID=11.327 pick_global=3367 best_gain=2 covered=0.089 maxdeg=2
[IDProbCover] it=021 pick_rel=1970 ID=11.333 pick_global=1410 best_gain=2 covered=0.089 maxdeg=2
[IDProbCover] it=022 pick_rel=13752 ID=11.334 pick_global=14695 best_gain=2 covered=0.089 maxdeg=2
[IDProbCover] it=023 pick_rel=21043 ID=11.339 pick_global=22915 best_gain=2 covered=0.089 maxdeg=2
[IDProbCover] it=024 pick_rel=42837 ID=11.343 pick_global=47556 best_gain=2 covered=0.089 maxdeg=2
[IDProbCover] it=025 pick_rel=16072 ID=11.347 pick_global=17330 best_gain=2 covered=0.089 maxdeg=2
[IDProbCover] it=026 pick_rel=30773 ID=11.347 pick_global=33938 best_gain=2 covered=0.089 maxdeg=2
[IDProbCover] it=027 pick_rel=10245 ID=11.394 pick_global=10758 best_gain=2 covered=0.089 maxdeg=2
[IDProbCover] it=028 pick_rel=30334 ID=11.402 pick_global=33425 best_gain=2 covered=0.090 maxdeg=2
[IDProbCover] it=029 pick_rel=32832 ID=11.421 pick_global=36267 best_gain=2 covered=0.090 maxdeg=2
[IDProbCover] it=030 pick_rel=37718 ID=11.428 pick_global=41817 best_gain=2 covered=0.090 maxdeg=2
[IDProbCover] it=031 pick_rel=26613 ID=11.442 pick_global=29237 best_gain=2 covered=0.090 maxdeg=2
[IDProbCover] it=032 pick_rel=14596 ID=11.445 pick_global=15653 best_gain=2 covered=0.090 maxdeg=2
[IDProbCover] it=033 pick_rel=37582 ID=11.466 pick_global=41670 best_gain=2 covered=0.090 maxdeg=2
[IDProbCover] it=034 pick_rel=36189 ID=11.505 pick_global=40078 best_gain=2 covered=0.090 maxdeg=2
[IDProbCover] it=035 pick_rel=5397 ID=11.505 pick_global=5292 best_gain=2 covered=0.090 maxdeg=2
[IDProbCover] it=036 pick_rel=13614 ID=11.508 pick_global=14541 best_gain=2 covered=0.090 maxdeg=2
[IDProbCover] it=037 pick_rel=6666 ID=11.524 pick_global=6720 best_gain=2 covered=0.090 maxdeg=2
[IDProbCover] it=038 pick_rel=31950 ID=11.539 pick_global=35281 best_gain=2 covered=0.090 maxdeg=2
[IDProbCover] it=039 pick_rel=1365 ID=11.542 pick_global=741 best_gain=2 covered=0.090 maxdeg=2
[IDProbCover] it=040 pick_rel=21707 ID=11.575 pick_global=23677 best_gain=2 covered=0.090 maxdeg=2
[IDProbCover] it=041 pick_rel=25480 ID=11.620 pick_global=27966 best_gain=2 covered=0.090 maxdeg=2
[IDProbCover] it=042 pick_rel=22567 ID=11.656 pick_global=24660 best_gain=2 covered=0.090 maxdeg=2
[IDProbCover] it=043 pick_rel=31756 ID=11.661 pick_global=35062 best_gain=2 covered=0.090 maxdeg=2
[IDProbCover] it=044 pick_rel=43297 ID=11.701 pick_global=48072 best_gain=2 covered=0.090 maxdeg=2
[IDProbCover] it=045 pick_rel=6473 ID=11.711 pick_global=6500 best_gain=2 covered=0.090 maxdeg=2
[IDProbCover] it=046 pick_rel=21830 ID=11.714 pick_global=23813 best_gain=2 covered=0.090 maxdeg=2
[IDProbCover] it=047 pick_rel=11620 ID=11.716 pick_global=12311 best_gain=2 covered=0.090 maxdeg=2
[IDProbCover] it=048 pick_rel=37507 ID=11.740 pick_global=41590 best_gain=2 covered=0.090 maxdeg=2
[IDProbCover] it=049 pick_rel=41232 ID=11.748 pick_global=45773 best_gain=2 covered=0.090 maxdeg=2
Coverage selection metadata: active=False (mode=id_prob_cover, variant=unknown, delta=0.2125, phase=id_adaptive, bald_mean=0.0000, bald_max=0.0000, variance_mean=0.0000, variance_max=0.0000, dropout_iters=0, cover_anchors=0, diversity_lambda=0.00, selected_id_mean=11.3558, selected_signal_mean=0.0000, selected_radius_mean=0.3118, k_id=50, k_knn=50, alpha=1.00)
Active Sampling Complete. After Episode 13:
New Labeled Set: 750, New Unlabeled Set: 44250, Active Set: 50

================================


Current accuracy values:  [20.200000000000003, 17.099999999999994, 17.400000000000006, 20.58, 27.079999389648435, 31.479999351501462, 32.029999275207516, 34.08999900817871, 30.869999351501463, 35.82999870300293, 39.559998474121095, 39.29999870300293, 38.10999900817871, 43.189998664855956]
Starting model from scratch - ignoring existing weights.
<All keys matched successfully>
None
======== EPISODE 14 BEGINS ========

======== TRAINING ========
Training Epoch: 1/200	Train Loss: 10.009	Val Accuracy: 0.0
Training Epoch: 2/200	Train Loss: 6.6077	Val Accuracy: 9.56
Training Epoch: 3/200	Train Loss: 3.3909	Val Accuracy: 9.56
Training Epoch: 4/200	Train Loss: 4.6068	Val Accuracy: 9.88
Training Epoch: 5/200	Train Loss: 3.2062	Val Accuracy: 9.88
Training Epoch: 6/200	Train Loss: 4.8167	Val Accuracy: 8.16
Training Epoch: 7/200	Train Loss: 5.4873	Val Accuracy: 8.16
Training Epoch: 8/200	Train Loss: 3.8699	Val Accuracy: 15.1
Training Epoch: 9/200	Train Loss: 4.9752	Val Accuracy: 15.1
Training Epoch: 10/200	Train Loss: 4.5636	Val Accuracy: 15.18
Training Epoch: 11/200	Train Loss: 2.9564	Val Accuracy: 15.18
Training Epoch: 12/200	Train Loss: 4.1959	Val Accuracy: 17.78
Training Epoch: 13/200	Train Loss: 2.7085	Val Accuracy: 17.78
Training Epoch: 14/200	Train Loss: 5.1086	Val Accuracy: 19.28
Training Epoch: 15/200	Train Loss: 2.1316	Val Accuracy: 19.28
Training Epoch: 16/200	Train Loss: 2.2211	Val Accuracy: 20.66
Training Epoch: 17/200	Train Loss: 2.552	Val Accuracy: 20.66
Training Epoch: 18/200	Train Loss: 3.4212	Val Accuracy: 22.7
Training Epoch: 19/200	Train Loss: 1.8163	Val Accuracy: 22.7
Training Epoch: 20/200	Train Loss: 2.0278	Val Accuracy: 18.22
Training Epoch: 21/200	Train Loss: 1.805	Val Accuracy: 18.22
Training Epoch: 22/200	Train Loss: 2.1654	Val Accuracy: 21.26
Training Epoch: 23/200	Train Loss: 3.3833	Val Accuracy: 21.26
Training Epoch: 24/200	Train Loss: 3.6991	Val Accuracy: 24.12
Training Epoch: 25/200	Train Loss: 2.6769	Val Accuracy: 24.12
Training Epoch: 26/200	Train Loss: 1.6876	Val Accuracy: 26.6
Training Epoch: 27/200	Train Loss: 2.4024	Val Accuracy: 26.6
Training Epoch: 28/200	Train Loss: 1.7083	Val Accuracy: 27.36
Training Epoch: 29/200	Train Loss: 1.5037	Val Accuracy: 27.36
Training Epoch: 30/200	Train Loss: 1.543	Val Accuracy: 28.44
Training Epoch: 31/200	Train Loss: 2.3533	Val Accuracy: 28.44
Training Epoch: 32/200	Train Loss: 1.5181	Val Accuracy: 30.74
Training Epoch: 33/200	Train Loss: 1.4116	Val Accuracy: 30.74
Training Epoch: 34/200	Train Loss: 2.0495	Val Accuracy: 31.78
Training Epoch: 35/200	Train Loss: 1.2813	Val Accuracy: 31.78
Training Epoch: 36/200	Train Loss: 1.3014	Val Accuracy: 33.16
Training Epoch: 37/200	Train Loss: 2.6376	Val Accuracy: 33.16
Training Epoch: 38/200	Train Loss: 1.3108	Val Accuracy: 34.92
Training Epoch: 39/200	Train Loss: 1.6539	Val Accuracy: 34.92
Training Epoch: 40/200	Train Loss: 1.1116	Val Accuracy: 35.08
Training Epoch: 41/200	Train Loss: 1.4939	Val Accuracy: 35.08
Training Epoch: 42/200	Train Loss: 1.0569	Val Accuracy: 34.9
Training Epoch: 43/200	Train Loss: 2.3353	Val Accuracy: 34.9
Training Epoch: 44/200	Train Loss: 1.0641	Val Accuracy: 35.8
Training Epoch: 45/200	Train Loss: 1.2447	Val Accuracy: 35.8
Training Epoch: 46/200	Train Loss: 1.0591	Val Accuracy: 38.76
Training Epoch: 47/200	Train Loss: 1.832	Val Accuracy: 38.76
Training Epoch: 48/200	Train Loss: 0.7905	Val Accuracy: 36.62
Training Epoch: 49/200	Train Loss: 1.1671	Val Accuracy: 36.62
Training Epoch: 50/200	Train Loss: 1.1836	Val Accuracy: 35.58
Training Epoch: 51/200	Train Loss: 1.0978	Val Accuracy: 35.58
Training Epoch: 52/200	Train Loss: 2.2724	Val Accuracy: 35.3
Training Epoch: 53/200	Train Loss: 0.9966	Val Accuracy: 35.3
Training Epoch: 54/200	Train Loss: 0.9876	Val Accuracy: 36.24
Training Epoch: 55/200	Train Loss: 1.0329	Val Accuracy: 36.24
Training Epoch: 56/200	Train Loss: 1.7616	Val Accuracy: 37.88
Training Epoch: 57/200	Train Loss: 1.5387	Val Accuracy: 37.88
Training Epoch: 58/200	Train Loss: 0.9524	Val Accuracy: 35.86
Training Epoch: 59/200	Train Loss: 0.8073	Val Accuracy: 35.86
Training Epoch: 60/200	Train Loss: 1.0268	Val Accuracy: 37.58
Training Epoch: 61/200	Train Loss: 0.926	Val Accuracy: 37.58
Training Epoch: 62/200	Train Loss: 1.5122	Val Accuracy: 38.62
Training Epoch: 63/200	Train Loss: 0.7207	Val Accuracy: 38.62
Training Epoch: 64/200	Train Loss: 1.1342	Val Accuracy: 37.32
Training Epoch: 65/200	Train Loss: 1.5951	Val Accuracy: 37.32
Training Epoch: 66/200	Train Loss: 1.328	Val Accuracy: 40.18
Training Epoch: 67/200	Train Loss: 2.4529	Val Accuracy: 40.18
Training Epoch: 68/200	Train Loss: 0.7546	Val Accuracy: 39.88
Training Epoch: 69/200	Train Loss: 1.2087	Val Accuracy: 39.88
Training Epoch: 70/200	Train Loss: 1.4074	Val Accuracy: 39.16
Training Epoch: 71/200	Train Loss: 1.4922	Val Accuracy: 39.16
Training Epoch: 72/200	Train Loss: 0.6292	Val Accuracy: 40.72
Training Epoch: 73/200	Train Loss: 0.6557	Val Accuracy: 40.72
Training Epoch: 74/200	Train Loss: 0.6123	Val Accuracy: 40.96
Training Epoch: 75/200	Train Loss: 0.9765	Val Accuracy: 40.96
Training Epoch: 76/200	Train Loss: 0.4423	Val Accuracy: 40.6
Training Epoch: 77/200	Train Loss: 0.4056	Val Accuracy: 40.6
Training Epoch: 78/200	Train Loss: 0.5954	Val Accuracy: 40.74
Training Epoch: 79/200	Train Loss: 0.5599	Val Accuracy: 40.74
Training Epoch: 80/200	Train Loss: 0.4506	Val Accuracy: 40.64
Training Epoch: 81/200	Train Loss: 0.7418	Val Accuracy: 40.64
Training Epoch: 82/200	Train Loss: 0.3173	Val Accuracy: 41.42
Training Epoch: 83/200	Train Loss: 0.6055	Val Accuracy: 41.42
Training Epoch: 84/200	Train Loss: 0.8812	Val Accuracy: 41.9
Training Epoch: 85/200	Train Loss: 0.44	Val Accuracy: 41.9
Training Epoch: 86/200	Train Loss: 1.5076	Val Accuracy: 40.96
Training Epoch: 87/200	Train Loss: 1.0062	Val Accuracy: 40.96
Training Epoch: 88/200	Train Loss: 0.8484	Val Accuracy: 40.7
Training Epoch: 89/200	Train Loss: 0.3662	Val Accuracy: 40.7
Training Epoch: 90/200	Train Loss: 0.4006	Val Accuracy: 41.14
Training Epoch: 91/200	Train Loss: 0.5963	Val Accuracy: 41.14
Training Epoch: 92/200	Train Loss: 0.6328	Val Accuracy: 41.74
Training Epoch: 93/200	Train Loss: 0.5036	Val Accuracy: 41.74
Training Epoch: 94/200	Train Loss: 0.548	Val Accuracy: 41.38
Training Epoch: 95/200	Train Loss: 0.3369	Val Accuracy: 41.38
Training Epoch: 96/200	Train Loss: 0.5484	Val Accuracy: 41.44
Training Epoch: 97/200	Train Loss: 0.2604	Val Accuracy: 41.44
Training Epoch: 98/200	Train Loss: 0.3809	Val Accuracy: 42.2
Training Epoch: 99/200	Train Loss: 0.2747	Val Accuracy: 42.2
Training Epoch: 100/200	Train Loss: 0.3275	Val Accuracy: 42.26
Training Epoch: 101/200	Train Loss: 1.04	Val Accuracy: 42.26
Training Epoch: 102/200	Train Loss: 0.2008	Val Accuracy: 40.56
Training Epoch: 103/200	Train Loss: 0.444	Val Accuracy: 40.56
Training Epoch: 104/200	Train Loss: 0.2721	Val Accuracy: 40.94
Training Epoch: 105/200	Train Loss: 0.1955	Val Accuracy: 40.94
Training Epoch: 106/200	Train Loss: 0.371	Val Accuracy: 43.4
Training Epoch: 107/200	Train Loss: 0.283	Val Accuracy: 43.4
Training Epoch: 108/200	Train Loss: 0.2516	Val Accuracy: 42.04
Training Epoch: 109/200	Train Loss: 0.1724	Val Accuracy: 42.04
Training Epoch: 110/200	Train Loss: 0.915	Val Accuracy: 42.8
Training Epoch: 111/200	Train Loss: 0.1935	Val Accuracy: 42.8
Training Epoch: 112/200	Train Loss: 0.2938	Val Accuracy: 42.76
Training Epoch: 113/200	Train Loss: 0.3577	Val Accuracy: 42.76
Training Epoch: 114/200	Train Loss: 0.2693	Val Accuracy: 43.58
Training Epoch: 115/200	Train Loss: 0.2572	Val Accuracy: 43.58
Training Epoch: 116/200	Train Loss: 0.093	Val Accuracy: 42.62
Training Epoch: 117/200	Train Loss: 0.3125	Val Accuracy: 42.62
Training Epoch: 118/200	Train Loss: 0.2817	Val Accuracy: 43.06
Training Epoch: 119/200	Train Loss: 0.1153	Val Accuracy: 43.06
Training Epoch: 120/200	Train Loss: 0.4726	Val Accuracy: 42.42
Training Epoch: 121/200	Train Loss: 0.0342	Val Accuracy: 42.42
Training Epoch: 122/200	Train Loss: 0.1644	Val Accuracy: 42.82
Training Epoch: 123/200	Train Loss: 0.1054	Val Accuracy: 42.82
Training Epoch: 124/200	Train Loss: 0.1431	Val Accuracy: 43.4
Training Epoch: 125/200	Train Loss: 0.1085	Val Accuracy: 43.4
Training Epoch: 126/200	Train Loss: 0.2441	Val Accuracy: 43.32
Training Epoch: 127/200	Train Loss: 0.1002	Val Accuracy: 43.32
Training Epoch: 128/200	Train Loss: 0.0886	Val Accuracy: 42.8
Training Epoch: 129/200	Train Loss: 0.0943	Val Accuracy: 42.8
Training Epoch: 130/200	Train Loss: 0.042	Val Accuracy: 43.12
Training Epoch: 131/200	Train Loss: 0.9532	Val Accuracy: 43.12
Training Epoch: 132/200	Train Loss: 0.1053	Val Accuracy: 42.26
Training Epoch: 133/200	Train Loss: 0.0788	Val Accuracy: 42.26
Training Epoch: 134/200	Train Loss: 0.18	Val Accuracy: 44.24
Training Epoch: 135/200	Train Loss: 0.0908	Val Accuracy: 44.24
Training Epoch: 136/200	Train Loss: 0.4853	Val Accuracy: 42.22
Training Epoch: 137/200	Train Loss: 0.3322	Val Accuracy: 42.22
Training Epoch: 138/200	Train Loss: 0.1256	Val Accuracy: 42.76
Training Epoch: 139/200	Train Loss: 0.5573	Val Accuracy: 42.76
Training Epoch: 140/200	Train Loss: 0.1007	Val Accuracy: 42.5
Training Epoch: 141/200	Train Loss: 0.0676	Val Accuracy: 42.5
Training Epoch: 142/200	Train Loss: 0.0994	Val Accuracy: 42.8
Training Epoch: 143/200	Train Loss: 0.0875	Val Accuracy: 42.8
Training Epoch: 144/200	Train Loss: 0.149	Val Accuracy: 41.88
Training Epoch: 145/200	Train Loss: 0.0892	Val Accuracy: 41.88
Training Epoch: 146/200	Train Loss: 0.1337	Val Accuracy: 43.3
Training Epoch: 147/200	Train Loss: 0.0909	Val Accuracy: 43.3
Training Epoch: 148/200	Train Loss: 0.1558	Val Accuracy: 42.6
Training Epoch: 149/200	Train Loss: 0.0168	Val Accuracy: 42.6
Training Epoch: 150/200	Train Loss: 0.0734	Val Accuracy: 43.28
Training Epoch: 151/200	Train Loss: 0.1998	Val Accuracy: 43.28
Training Epoch: 152/200	Train Loss: 0.0238	Val Accuracy: 44.68
Training Epoch: 153/200	Train Loss: 1.0462	Val Accuracy: 44.68
Training Epoch: 154/200	Train Loss: 0.0316	Val Accuracy: 44.26
Training Epoch: 155/200	Train Loss: 0.0104	Val Accuracy: 44.26
Training Epoch: 156/200	Train Loss: 0.058	Val Accuracy: 44.28
Training Epoch: 157/200	Train Loss: 0.0698	Val Accuracy: 44.28
Training Epoch: 158/200	Train Loss: 0.0754	Val Accuracy: 44.14
Training Epoch: 159/200	Train Loss: 0.042	Val Accuracy: 44.14
Training Epoch: 160/200	Train Loss: 0.9204	Val Accuracy: 45.24
Training Epoch: 161/200	Train Loss: 0.015	Val Accuracy: 45.24
Training Epoch: 162/200	Train Loss: 0.0426	Val Accuracy: 43.36
Training Epoch: 163/200	Train Loss: 0.0209	Val Accuracy: 43.36
Training Epoch: 164/200	Train Loss: 0.1271	Val Accuracy: 43.96
Training Epoch: 165/200	Train Loss: 0.2189	Val Accuracy: 43.96
Training Epoch: 166/200	Train Loss: 0.139	Val Accuracy: 44.7
Training Epoch: 167/200	Train Loss: 0.0911	Val Accuracy: 44.7
Training Epoch: 168/200	Train Loss: 0.0314	Val Accuracy: 44.18
Training Epoch: 169/200	Train Loss: 0.0559	Val Accuracy: 44.18
Training Epoch: 170/200	Train Loss: 0.0706	Val Accuracy: 43.74
Training Epoch: 171/200	Train Loss: 0.0806	Val Accuracy: 43.74
Training Epoch: 172/200	Train Loss: 0.0372	Val Accuracy: 43.88
Training Epoch: 173/200	Train Loss: 0.0324	Val Accuracy: 43.88
Training Epoch: 174/200	Train Loss: 0.3031	Val Accuracy: 43.76
Training Epoch: 175/200	Train Loss: 0.1333	Val Accuracy: 43.76
Training Epoch: 176/200	Train Loss: 0.0322	Val Accuracy: 44.92
Training Epoch: 177/200	Train Loss: 0.0445	Val Accuracy: 44.92
Training Epoch: 178/200	Train Loss: 0.0101	Val Accuracy: 44.0
Training Epoch: 179/200	Train Loss: 0.0961	Val Accuracy: 44.0
Training Epoch: 180/200	Train Loss: 0.1006	Val Accuracy: 44.08
Training Epoch: 181/200	Train Loss: 0.0083	Val Accuracy: 44.08
Training Epoch: 182/200	Train Loss: 0.0518	Val Accuracy: 43.98
Training Epoch: 183/200	Train Loss: 0.0118	Val Accuracy: 43.98
Training Epoch: 184/200	Train Loss: 0.1822	Val Accuracy: 44.5
Training Epoch: 185/200	Train Loss: 0.2013	Val Accuracy: 44.5
Training Epoch: 186/200	Train Loss: 0.0408	Val Accuracy: 44.48
Training Epoch: 187/200	Train Loss: 0.0175	Val Accuracy: 44.48
Training Epoch: 188/200	Train Loss: 0.149	Val Accuracy: 44.42
Training Epoch: 189/200	Train Loss: 0.0227	Val Accuracy: 44.42
Training Epoch: 190/200	Train Loss: 0.0229	Val Accuracy: 43.68
Training Epoch: 191/200	Train Loss: 0.0887	Val Accuracy: 43.68
Training Epoch: 192/200	Train Loss: 0.1837	Val Accuracy: 44.2
Training Epoch: 193/200	Train Loss: 0.0088	Val Accuracy: 44.2
Training Epoch: 194/200	Train Loss: 0.1828	Val Accuracy: 43.94
Training Epoch: 195/200	Train Loss: 0.0486	Val Accuracy: 43.94
Training Epoch: 196/200	Train Loss: 0.1891	Val Accuracy: 43.12
Training Epoch: 197/200	Train Loss: 0.007	Val Accuracy: 43.12
Training Epoch: 198/200	Train Loss: 0.0495	Val Accuracy: 44.22
Training Epoch: 199/200	Train Loss: 0.0747	Val Accuracy: 44.22
Training Epoch: 200/200	Train Loss: 0.0275	Val Accuracy: 43.84

Wrote Best Model Checkpoint to: vlBest_acc_45_model_epoch_0160.pyth

Best Validation Accuracy: 45.24
Best Epoch: 160

======== TESTING ========

Test Accuracy: 43.61.

======== ACTIVE SAMPLING ========

ProbCover adaptive delta: base=0.2500, effective=0.2125, scale=0.85, phase=post_label_shrink, labeled_count=750
[ID cache] loaded: /scratch/s219110279/idpc_cache/resnet50/CIFAR10/seed1/mle_local_k50.npy
[kNN cache] loaded: /scratch/s219110279/idpc_cache/resnet50/CIFAR10/seed1/knn_k50.npz
[IDProbCover] it=000 pick_rel=7079 ID=11.761 pick_global=7138 best_gain=2 covered=0.091 maxdeg=2
[IDProbCover] it=001 pick_rel=41812 ID=11.769 pick_global=46410 best_gain=2 covered=0.091 maxdeg=2
[IDProbCover] it=002 pick_rel=31425 ID=11.779 pick_global=34666 best_gain=2 covered=0.091 maxdeg=2
[IDProbCover] it=003 pick_rel=19372 ID=11.799 pick_global=21007 best_gain=2 covered=0.091 maxdeg=2
[IDProbCover] it=004 pick_rel=43199 ID=11.807 pick_global=47961 best_gain=2 covered=0.091 maxdeg=2
[IDProbCover] it=005 pick_rel=39170 ID=11.828 pick_global=43473 best_gain=2 covered=0.091 maxdeg=2
[IDProbCover] it=006 pick_rel=32508 ID=11.894 pick_global=35890 best_gain=2 covered=0.091 maxdeg=2
[IDProbCover] it=007 pick_rel=6095 ID=11.900 pick_global=6020 best_gain=2 covered=0.091 maxdeg=2
[IDProbCover] it=008 pick_rel=42497 ID=11.915 pick_global=47176 best_gain=2 covered=0.091 maxdeg=2
[IDProbCover] it=009 pick_rel=10889 ID=11.945 pick_global=11455 best_gain=2 covered=0.091 maxdeg=2
[IDProbCover] it=010 pick_rel=12387 ID=11.954 pick_global=13136 best_gain=2 covered=0.091 maxdeg=2
[IDProbCover] it=011 pick_rel=1303 ID=11.969 pick_global=619 best_gain=2 covered=0.091 maxdeg=2
[IDProbCover] it=012 pick_rel=16516 ID=12.002 pick_global=17790 best_gain=2 covered=0.091 maxdeg=2
[IDProbCover] it=013 pick_rel=16736 ID=12.013 pick_global=18042 best_gain=2 covered=0.091 maxdeg=2
[IDProbCover] it=014 pick_rel=44187 ID=12.064 pick_global=49060 best_gain=2 covered=0.091 maxdeg=2
[IDProbCover] it=015 pick_rel=10063 ID=12.115 pick_global=10514 best_gain=2 covered=0.091 maxdeg=2
[IDProbCover] it=016 pick_rel=1216 ID=12.136 pick_global=523 best_gain=2 covered=0.091 maxdeg=2
[IDProbCover] it=017 pick_rel=9567 ID=12.146 pick_global=9950 best_gain=2 covered=0.091 maxdeg=2
[IDProbCover] it=018 pick_rel=40418 ID=12.176 pick_global=44858 best_gain=2 covered=0.091 maxdeg=2
[IDProbCover] it=019 pick_rel=15243 ID=12.242 pick_global=16353 best_gain=2 covered=0.091 maxdeg=2
[IDProbCover] it=020 pick_rel=18300 ID=12.279 pick_global=19784 best_gain=2 covered=0.091 maxdeg=2
[IDProbCover] it=021 pick_rel=42754 ID=12.305 pick_global=47464 best_gain=2 covered=0.091 maxdeg=2
[IDProbCover] it=022 pick_rel=5882 ID=12.320 pick_global=5785 best_gain=2 covered=0.091 maxdeg=2
[IDProbCover] it=023 pick_rel=3780 ID=12.342 pick_global=3402 best_gain=2 covered=0.092 maxdeg=2
[IDProbCover] it=024 pick_rel=18633 ID=12.408 pick_global=20157 best_gain=2 covered=0.092 maxdeg=2
[IDProbCover] it=025 pick_rel=6276 ID=12.410 pick_global=6228 best_gain=2 covered=0.092 maxdeg=2
[IDProbCover] it=026 pick_rel=4394 ID=12.441 pick_global=4103 best_gain=2 covered=0.092 maxdeg=2
[IDProbCover] it=027 pick_rel=21190 ID=12.527 pick_global=23055 best_gain=2 covered=0.092 maxdeg=2
[IDProbCover] it=028 pick_rel=3753 ID=12.531 pick_global=3372 best_gain=2 covered=0.092 maxdeg=2
[IDProbCover] it=029 pick_rel=26519 ID=12.555 pick_global=29110 best_gain=2 covered=0.092 maxdeg=2
[IDProbCover] it=030 pick_rel=20759 ID=12.595 pick_global=22558 best_gain=2 covered=0.092 maxdeg=2
[IDProbCover] it=031 pick_rel=43438 ID=12.675 pick_global=48233 best_gain=2 covered=0.092 maxdeg=2
[IDProbCover] it=032 pick_rel=18921 ID=12.704 pick_global=20490 best_gain=2 covered=0.092 maxdeg=2
[IDProbCover] it=033 pick_rel=25108 ID=12.710 pick_global=27516 best_gain=2 covered=0.092 maxdeg=2
[IDProbCover] it=034 pick_rel=9094 ID=12.722 pick_global=9405 best_gain=2 covered=0.092 maxdeg=2
[IDProbCover] it=035 pick_rel=40085 ID=12.741 pick_global=44486 best_gain=2 covered=0.092 maxdeg=2
[IDProbCover] it=036 pick_rel=34413 ID=12.823 pick_global=38019 best_gain=2 covered=0.092 maxdeg=2
[IDProbCover] it=037 pick_rel=21786 ID=12.838 pick_global=23737 best_gain=2 covered=0.092 maxdeg=2
[IDProbCover] it=038 pick_rel=8941 ID=12.848 pick_global=9236 best_gain=2 covered=0.092 maxdeg=2
[IDProbCover] it=039 pick_rel=6710 ID=12.954 pick_global=6724 best_gain=2 covered=0.092 maxdeg=2
[IDProbCover] it=040 pick_rel=28857 ID=13.005 pick_global=31727 best_gain=2 covered=0.092 maxdeg=2
[IDProbCover] it=041 pick_rel=39625 ID=13.005 pick_global=43978 best_gain=2 covered=0.092 maxdeg=2
[IDProbCover] it=042 pick_rel=32939 ID=13.027 pick_global=36371 best_gain=2 covered=0.092 maxdeg=2
[IDProbCover] it=043 pick_rel=14314 ID=13.040 pick_global=15293 best_gain=2 covered=0.092 maxdeg=2
[IDProbCover] it=044 pick_rel=10419 ID=13.106 pick_global=10913 best_gain=2 covered=0.092 maxdeg=2
[IDProbCover] it=045 pick_rel=36526 ID=13.117 pick_global=40457 best_gain=2 covered=0.093 maxdeg=2
[IDProbCover] it=046 pick_rel=35047 ID=13.217 pick_global=38747 best_gain=2 covered=0.093 maxdeg=2
[IDProbCover] it=047 pick_rel=12212 ID=13.247 pick_global=12935 best_gain=2 covered=0.093 maxdeg=2
[IDProbCover] it=048 pick_rel=41233 ID=13.260 pick_global=45769 best_gain=2 covered=0.093 maxdeg=2
[IDProbCover] it=049 pick_rel=41428 ID=13.300 pick_global=45988 best_gain=2 covered=0.093 maxdeg=2
Coverage selection metadata: active=False (mode=id_prob_cover, variant=unknown, delta=0.2125, phase=id_adaptive, bald_mean=0.0000, bald_max=0.0000, variance_mean=0.0000, variance_max=0.0000, dropout_iters=0, cover_anchors=0, diversity_lambda=0.00, selected_id_mean=12.4453, selected_signal_mean=0.0000, selected_radius_mean=0.2848, k_id=50, k_knn=50, alpha=1.00)
Active Sampling Complete. After Episode 14:
New Labeled Set: 800, New Unlabeled Set: 44200, Active Set: 50

================================


Current accuracy values:  [20.200000000000003, 17.099999999999994, 17.400000000000006, 20.58, 27.079999389648435, 31.479999351501462, 32.029999275207516, 34.08999900817871, 30.869999351501463, 35.82999870300293, 39.559998474121095, 39.29999870300293, 38.10999900817871, 43.189998664855956, 43.60999904632568]
Starting model from scratch - ignoring existing weights.
<All keys matched successfully>
None
======== EPISODE 15 BEGINS ========

======== TRAINING ========
Training Epoch: 1/200	Train Loss: 10.4817	Val Accuracy: 0.0
Training Epoch: 2/200	Train Loss: 3.8678	Val Accuracy: 9.86
Training Epoch: 3/200	Train Loss: 5.4366	Val Accuracy: 9.86
Training Epoch: 4/200	Train Loss: 3.3488	Val Accuracy: 11.84
Training Epoch: 5/200	Train Loss: 3.5319	Val Accuracy: 11.84
Training Epoch: 6/200	Train Loss: 2.1589	Val Accuracy: 13.16
Training Epoch: 7/200	Train Loss: 4.1493	Val Accuracy: 13.16
Training Epoch: 8/200	Train Loss: 3.1995	Val Accuracy: 11.42
Training Epoch: 9/200	Train Loss: 3.0857	Val Accuracy: 11.42
Training Epoch: 10/200	Train Loss: 3.1535	Val Accuracy: 18.46
Training Epoch: 11/200	Train Loss: 3.1121	Val Accuracy: 18.46
Training Epoch: 12/200	Train Loss: 8.7976	Val Accuracy: 15.72
Training Epoch: 13/200	Train Loss: 2.0732	Val Accuracy: 15.72
Training Epoch: 14/200	Train Loss: 2.5606	Val Accuracy: 18.86
Training Epoch: 15/200	Train Loss: 2.9275	Val Accuracy: 18.86
Training Epoch: 16/200	Train Loss: 2.9833	Val Accuracy: 20.9
Training Epoch: 17/200	Train Loss: 5.3691	Val Accuracy: 20.9
Training Epoch: 18/200	Train Loss: 2.3665	Val Accuracy: 19.36
Training Epoch: 19/200	Train Loss: 3.6678	Val Accuracy: 19.36
Training Epoch: 20/200	Train Loss: 4.2112	Val Accuracy: 20.34
Training Epoch: 21/200	Train Loss: 2.2373	Val Accuracy: 20.34
Training Epoch: 22/200	Train Loss: 3.5997	Val Accuracy: 21.4
Training Epoch: 23/200	Train Loss: 1.9457	Val Accuracy: 21.4
Training Epoch: 24/200	Train Loss: 4.5648	Val Accuracy: 22.48
Training Epoch: 25/200	Train Loss: 2.3935	Val Accuracy: 22.48
Training Epoch: 26/200	Train Loss: 1.9179	Val Accuracy: 24.34
Training Epoch: 27/200	Train Loss: 2.2053	Val Accuracy: 24.34
Training Epoch: 28/200	Train Loss: 1.6028	Val Accuracy: 27.14
Training Epoch: 29/200	Train Loss: 2.3263	Val Accuracy: 27.14
Training Epoch: 30/200	Train Loss: 1.8465	Val Accuracy: 26.44
Training Epoch: 31/200	Train Loss: 1.8739	Val Accuracy: 26.44
Training Epoch: 32/200	Train Loss: 4.2607	Val Accuracy: 27.76
Training Epoch: 33/200	Train Loss: 1.8551	Val Accuracy: 27.76
Training Epoch: 34/200	Train Loss: 1.9387	Val Accuracy: 29.92
Training Epoch: 35/200	Train Loss: 1.7196	Val Accuracy: 29.92
Training Epoch: 36/200	Train Loss: 1.809	Val Accuracy: 30.0
Training Epoch: 37/200	Train Loss: 1.9528	Val Accuracy: 30.0
Training Epoch: 38/200	Train Loss: 1.5726	Val Accuracy: 29.54
Training Epoch: 39/200	Train Loss: 2.4541	Val Accuracy: 29.54
Training Epoch: 40/200	Train Loss: 2.7106	Val Accuracy: 28.64
Training Epoch: 41/200	Train Loss: 2.4069	Val Accuracy: 28.64
Training Epoch: 42/200	Train Loss: 1.2263	Val Accuracy: 32.16
Training Epoch: 43/200	Train Loss: 1.4552	Val Accuracy: 32.16
Training Epoch: 44/200	Train Loss: 1.3375	Val Accuracy: 33.38
Training Epoch: 45/200	Train Loss: 1.3909	Val Accuracy: 33.38
Training Epoch: 46/200	Train Loss: 1.5355	Val Accuracy: 24.7
Training Epoch: 47/200	Train Loss: 3.1188	Val Accuracy: 24.7
Training Epoch: 48/200	Train Loss: 2.4918	Val Accuracy: 21.36
Training Epoch: 49/200	Train Loss: 4.0107	Val Accuracy: 21.36
Training Epoch: 50/200	Train Loss: 1.3221	Val Accuracy: 30.0
Training Epoch: 51/200	Train Loss: 2.6776	Val Accuracy: 30.0
Training Epoch: 52/200	Train Loss: 1.9735	Val Accuracy: 32.08
Training Epoch: 53/200	Train Loss: 2.481	Val Accuracy: 32.08
Training Epoch: 54/200	Train Loss: 2.499	Val Accuracy: 30.94
Training Epoch: 55/200	Train Loss: 2.0177	Val Accuracy: 30.94
Training Epoch: 56/200	Train Loss: 2.1865	Val Accuracy: 33.92
Training Epoch: 57/200	Train Loss: 2.1221	Val Accuracy: 33.92
Training Epoch: 58/200	Train Loss: 1.4233	Val Accuracy: 36.78
Training Epoch: 59/200	Train Loss: 2.7398	Val Accuracy: 36.78
Training Epoch: 60/200	Train Loss: 2.1634	Val Accuracy: 33.76
Training Epoch: 61/200	Train Loss: 1.9352	Val Accuracy: 33.76
Training Epoch: 62/200	Train Loss: 1.8189	Val Accuracy: 35.74
Training Epoch: 63/200	Train Loss: 1.5657	Val Accuracy: 35.74
Training Epoch: 64/200	Train Loss: 1.1686	Val Accuracy: 35.02
Training Epoch: 65/200	Train Loss: 1.3299	Val Accuracy: 35.02
Training Epoch: 66/200	Train Loss: 1.0583	Val Accuracy: 36.64
Training Epoch: 67/200	Train Loss: 1.1017	Val Accuracy: 36.64
Training Epoch: 68/200	Train Loss: 2.3426	Val Accuracy: 37.02
Training Epoch: 69/200	Train Loss: 2.5689	Val Accuracy: 37.02
Training Epoch: 70/200	Train Loss: 2.9616	Val Accuracy: 37.22
Training Epoch: 71/200	Train Loss: 1.5086	Val Accuracy: 37.22
Training Epoch: 72/200	Train Loss: 0.9467	Val Accuracy: 36.66
Training Epoch: 73/200	Train Loss: 0.9539	Val Accuracy: 36.66
Training Epoch: 74/200	Train Loss: 1.6519	Val Accuracy: 34.86
Training Epoch: 75/200	Train Loss: 1.0123	Val Accuracy: 34.86
Training Epoch: 76/200	Train Loss: 1.79	Val Accuracy: 36.08
Training Epoch: 77/200	Train Loss: 2.1352	Val Accuracy: 36.08
Training Epoch: 78/200	Train Loss: 1.8957	Val Accuracy: 38.08
Training Epoch: 79/200	Train Loss: 0.7736	Val Accuracy: 38.08
Training Epoch: 80/200	Train Loss: 0.9284	Val Accuracy: 38.52
Training Epoch: 81/200	Train Loss: 1.548	Val Accuracy: 38.52
Training Epoch: 82/200	Train Loss: 0.796	Val Accuracy: 38.18
Training Epoch: 83/200	Train Loss: 1.0576	Val Accuracy: 38.18
Training Epoch: 84/200	Train Loss: 0.7361	Val Accuracy: 38.22
Training Epoch: 85/200	Train Loss: 0.8478	Val Accuracy: 38.22
Training Epoch: 86/200	Train Loss: 0.9164	Val Accuracy: 39.56
Training Epoch: 87/200	Train Loss: 1.2083	Val Accuracy: 39.56
Training Epoch: 88/200	Train Loss: 0.6114	Val Accuracy: 39.72
Training Epoch: 89/200	Train Loss: 1.1734	Val Accuracy: 39.72
Training Epoch: 90/200	Train Loss: 0.9472	Val Accuracy: 39.0
Training Epoch: 91/200	Train Loss: 0.7523	Val Accuracy: 39.0
Training Epoch: 92/200	Train Loss: 0.943	Val Accuracy: 39.74
Training Epoch: 93/200	Train Loss: 0.8764	Val Accuracy: 39.74
Training Epoch: 94/200	Train Loss: 0.9529	Val Accuracy: 37.98
Training Epoch: 95/200	Train Loss: 0.9474	Val Accuracy: 37.98
Training Epoch: 96/200	Train Loss: 0.9343	Val Accuracy: 37.98
Training Epoch: 97/200	Train Loss: 1.4594	Val Accuracy: 37.98
Training Epoch: 98/200	Train Loss: 0.8466	Val Accuracy: 38.14
Training Epoch: 99/200	Train Loss: 1.281	Val Accuracy: 38.14
Training Epoch: 100/200	Train Loss: 0.6221	Val Accuracy: 39.06
Training Epoch: 101/200	Train Loss: 1.952	Val Accuracy: 39.06
Training Epoch: 102/200	Train Loss: 0.9026	Val Accuracy: 40.02
Training Epoch: 103/200	Train Loss: 0.9768	Val Accuracy: 40.02
Training Epoch: 104/200	Train Loss: 0.5426	Val Accuracy: 38.8
Training Epoch: 105/200	Train Loss: 0.5967	Val Accuracy: 38.8
Training Epoch: 106/200	Train Loss: 0.4686	Val Accuracy: 41.16
Training Epoch: 107/200	Train Loss: 0.931	Val Accuracy: 41.16
Training Epoch: 108/200	Train Loss: 0.6379	Val Accuracy: 39.9
Training Epoch: 109/200	Train Loss: 0.4889	Val Accuracy: 39.9
Training Epoch: 110/200	Train Loss: 0.5016	Val Accuracy: 40.92
Training Epoch: 111/200	Train Loss: 0.7034	Val Accuracy: 40.92
Training Epoch: 112/200	Train Loss: 0.2512	Val Accuracy: 38.92
Training Epoch: 113/200	Train Loss: 0.4842	Val Accuracy: 38.92
Training Epoch: 114/200	Train Loss: 0.8038	Val Accuracy: 39.68
Training Epoch: 115/200	Train Loss: 0.6275	Val Accuracy: 39.68
Training Epoch: 116/200	Train Loss: 0.389	Val Accuracy: 40.58
Training Epoch: 117/200	Train Loss: 0.2067	Val Accuracy: 40.58
Training Epoch: 118/200	Train Loss: 0.7329	Val Accuracy: 40.1
Training Epoch: 119/200	Train Loss: 0.2408	Val Accuracy: 40.1
Training Epoch: 120/200	Train Loss: 0.2523	Val Accuracy: 40.9
Training Epoch: 121/200	Train Loss: 0.956	Val Accuracy: 40.9
Training Epoch: 122/200	Train Loss: 0.7116	Val Accuracy: 40.28
Training Epoch: 123/200	Train Loss: 0.4773	Val Accuracy: 40.28
Training Epoch: 124/200	Train Loss: 0.6176	Val Accuracy: 40.92
Training Epoch: 125/200	Train Loss: 0.3762	Val Accuracy: 40.92
Training Epoch: 126/200	Train Loss: 0.1264	Val Accuracy: 40.26
Training Epoch: 127/200	Train Loss: 0.2713	Val Accuracy: 40.26
Training Epoch: 128/200	Train Loss: 0.3811	Val Accuracy: 40.06
Training Epoch: 129/200	Train Loss: 0.1661	Val Accuracy: 40.06
Training Epoch: 130/200	Train Loss: 0.1896	Val Accuracy: 40.52
Training Epoch: 131/200	Train Loss: 0.2225	Val Accuracy: 40.52
Training Epoch: 132/200	Train Loss: 0.1733	Val Accuracy: 40.74
Training Epoch: 133/200	Train Loss: 0.2596	Val Accuracy: 40.74
Training Epoch: 134/200	Train Loss: 0.6787	Val Accuracy: 41.08
Training Epoch: 135/200	Train Loss: 0.6571	Val Accuracy: 41.08
Training Epoch: 136/200	Train Loss: 0.2877	Val Accuracy: 40.72
Training Epoch: 137/200	Train Loss: 0.1242	Val Accuracy: 40.72
Training Epoch: 138/200	Train Loss: 0.0878	Val Accuracy: 41.14
Training Epoch: 139/200	Train Loss: 0.1537	Val Accuracy: 41.14
Training Epoch: 140/200	Train Loss: 0.3937	Val Accuracy: 39.16
Training Epoch: 141/200	Train Loss: 0.282	Val Accuracy: 39.16
Training Epoch: 142/200	Train Loss: 0.9556	Val Accuracy: 40.92
Training Epoch: 143/200	Train Loss: 0.1929	Val Accuracy: 40.92
Training Epoch: 144/200	Train Loss: 0.191	Val Accuracy: 39.64
Training Epoch: 145/200	Train Loss: 0.2026	Val Accuracy: 39.64
Training Epoch: 146/200	Train Loss: 0.1554	Val Accuracy: 41.5
Training Epoch: 147/200	Train Loss: 0.7765	Val Accuracy: 41.5
Training Epoch: 148/200	Train Loss: 0.3966	Val Accuracy: 41.0
Training Epoch: 149/200	Train Loss: 0.0973	Val Accuracy: 41.0
Training Epoch: 150/200	Train Loss: 0.086	Val Accuracy: 41.82
Training Epoch: 151/200	Train Loss: 0.6019	Val Accuracy: 41.82
Training Epoch: 152/200	Train Loss: 0.4129	Val Accuracy: 40.76
Training Epoch: 153/200	Train Loss: 0.6003	Val Accuracy: 40.76
Training Epoch: 154/200	Train Loss: 0.0658	Val Accuracy: 41.9
Training Epoch: 155/200	Train Loss: 0.0507	Val Accuracy: 41.9
Training Epoch: 156/200	Train Loss: 0.2984	Val Accuracy: 41.18
Training Epoch: 157/200	Train Loss: 0.7482	Val Accuracy: 41.18
Training Epoch: 158/200	Train Loss: 0.1677	Val Accuracy: 41.64
Training Epoch: 159/200	Train Loss: 0.0528	Val Accuracy: 41.64
Training Epoch: 160/200	Train Loss: 0.1896	Val Accuracy: 41.68
Training Epoch: 161/200	Train Loss: 0.4649	Val Accuracy: 41.68
Training Epoch: 162/200	Train Loss: 1.0256	Val Accuracy: 42.08
Training Epoch: 163/200	Train Loss: 0.0502	Val Accuracy: 42.08
Training Epoch: 164/200	Train Loss: 0.0633	Val Accuracy: 42.32
Training Epoch: 165/200	Train Loss: 0.4113	Val Accuracy: 42.32
Training Epoch: 166/200	Train Loss: 0.0996	Val Accuracy: 41.74
Training Epoch: 167/200	Train Loss: 0.0777	Val Accuracy: 41.74
Training Epoch: 168/200	Train Loss: 0.0469	Val Accuracy: 42.82
Training Epoch: 169/200	Train Loss: 0.0424	Val Accuracy: 42.82
Training Epoch: 170/200	Train Loss: 0.4209	Val Accuracy: 43.4
Training Epoch: 171/200	Train Loss: 0.6389	Val Accuracy: 43.4
Training Epoch: 172/200	Train Loss: 0.1305	Val Accuracy: 41.76
Training Epoch: 173/200	Train Loss: 0.1564	Val Accuracy: 41.76
Training Epoch: 174/200	Train Loss: 0.0371	Val Accuracy: 42.36
Training Epoch: 175/200	Train Loss: 0.0366	Val Accuracy: 42.36
Training Epoch: 176/200	Train Loss: 0.0292	Val Accuracy: 42.26
Training Epoch: 177/200	Train Loss: 0.1078	Val Accuracy: 42.26
Training Epoch: 178/200	Train Loss: 0.0243	Val Accuracy: 42.24
Training Epoch: 179/200	Train Loss: 0.2303	Val Accuracy: 42.24
Training Epoch: 180/200	Train Loss: 0.0304	Val Accuracy: 42.74
Training Epoch: 181/200	Train Loss: 0.0425	Val Accuracy: 42.74
Training Epoch: 182/200	Train Loss: 0.3149	Val Accuracy: 42.1
Training Epoch: 183/200	Train Loss: 0.0286	Val Accuracy: 42.1
Training Epoch: 184/200	Train Loss: 0.4575	Val Accuracy: 42.12
Training Epoch: 185/200	Train Loss: 0.2601	Val Accuracy: 42.12
Training Epoch: 186/200	Train Loss: 0.0724	Val Accuracy: 43.22
Training Epoch: 187/200	Train Loss: 0.1675	Val Accuracy: 43.22
Training Epoch: 188/200	Train Loss: 0.0649	Val Accuracy: 42.46
Training Epoch: 189/200	Train Loss: 1.2187	Val Accuracy: 42.46
Training Epoch: 190/200	Train Loss: 0.2399	Val Accuracy: 42.54
Training Epoch: 191/200	Train Loss: 0.0807	Val Accuracy: 42.54
Training Epoch: 192/200	Train Loss: 0.0466	Val Accuracy: 42.32
Training Epoch: 193/200	Train Loss: 0.0238	Val Accuracy: 42.32
Training Epoch: 194/200	Train Loss: 0.0496	Val Accuracy: 42.94
Training Epoch: 195/200	Train Loss: 0.035	Val Accuracy: 42.94
Training Epoch: 196/200	Train Loss: 0.0946	Val Accuracy: 42.84
Training Epoch: 197/200	Train Loss: 0.023	Val Accuracy: 42.84
Training Epoch: 198/200	Train Loss: 0.0342	Val Accuracy: 42.66
Training Epoch: 199/200	Train Loss: 0.0242	Val Accuracy: 42.66
Training Epoch: 200/200	Train Loss: 0.0536	Val Accuracy: 42.94

Wrote Best Model Checkpoint to: vlBest_acc_43_model_epoch_0170.pyth

Best Validation Accuracy: 43.4
Best Epoch: 170

======== TESTING ========

Test Accuracy: 42.6.

======== ACTIVE SAMPLING ========

ProbCover adaptive delta: base=0.2500, effective=0.2125, scale=0.85, phase=post_label_shrink, labeled_count=800
[ID cache] loaded: /scratch/s219110279/idpc_cache/resnet50/CIFAR10/seed1/mle_local_k50.npy
[kNN cache] loaded: /scratch/s219110279/idpc_cache/resnet50/CIFAR10/seed1/knn_k50.npz
[IDProbCover] it=000 pick_rel=26793 ID=13.317 pick_global=29402 best_gain=2 covered=0.093 maxdeg=2
[IDProbCover] it=001 pick_rel=35894 ID=13.337 pick_global=39707 best_gain=2 covered=0.093 maxdeg=2
[IDProbCover] it=002 pick_rel=36179 ID=13.373 pick_global=40042 best_gain=2 covered=0.093 maxdeg=2
[IDProbCover] it=003 pick_rel=1115 ID=13.467 pick_global=351 best_gain=2 covered=0.093 maxdeg=2
[IDProbCover] it=004 pick_rel=9162 ID=13.473 pick_global=9438 best_gain=2 covered=0.093 maxdeg=2
[IDProbCover] it=005 pick_rel=16716 ID=13.481 pick_global=17988 best_gain=2 covered=0.093 maxdeg=2
[IDProbCover] it=006 pick_rel=36121 ID=13.556 pick_global=39978 best_gain=2 covered=0.093 maxdeg=2
[IDProbCover] it=007 pick_rel=13727 ID=13.585 pick_global=14597 best_gain=2 covered=0.093 maxdeg=2
[IDProbCover] it=008 pick_rel=25256 ID=13.618 pick_global=27664 best_gain=2 covered=0.093 maxdeg=2
[IDProbCover] it=009 pick_rel=34560 ID=13.653 pick_global=38174 best_gain=2 covered=0.093 maxdeg=2
[IDProbCover] it=010 pick_rel=6678 ID=13.806 pick_global=6641 best_gain=2 covered=0.093 maxdeg=2
[IDProbCover] it=011 pick_rel=20018 ID=13.832 pick_global=21698 best_gain=2 covered=0.093 maxdeg=2
[IDProbCover] it=012 pick_rel=38784 ID=13.845 pick_global=43016 best_gain=2 covered=0.093 maxdeg=2
[IDProbCover] it=013 pick_rel=5943 ID=13.962 pick_global=5806 best_gain=2 covered=0.093 maxdeg=2
[IDProbCover] it=014 pick_rel=41862 ID=14.037 pick_global=46466 best_gain=2 covered=0.093 maxdeg=2
[IDProbCover] it=015 pick_rel=24042 ID=14.311 pick_global=26280 best_gain=2 covered=0.093 maxdeg=2
[IDProbCover] it=016 pick_rel=2712 ID=14.618 pick_global=2137 best_gain=2 covered=0.093 maxdeg=2
[IDProbCover] it=017 pick_rel=26158 ID=15.141 pick_global=28681 best_gain=2 covered=0.093 maxdeg=2
[IDProbCover] it=018 pick_rel=13053 ID=15.207 pick_global=13838 best_gain=2 covered=0.094 maxdeg=2
[IDProbCover] it=019 pick_rel=11540 ID=15.229 pick_global=12138 best_gain=2 covered=0.094 maxdeg=1
[IDProbCover] it=020 pick_rel=42683 ID=2.374 pick_global=47379 best_gain=1 covered=0.094 maxdeg=1
[IDProbCover] it=021 pick_rel=25905 ID=2.473 pick_global=28401 best_gain=1 covered=0.094 maxdeg=1
[IDProbCover] it=022 pick_rel=26787 ID=3.567 pick_global=29396 best_gain=1 covered=0.094 maxdeg=1
[IDProbCover] it=023 pick_rel=18598 ID=3.645 pick_global=20086 best_gain=1 covered=0.094 maxdeg=1
[IDProbCover] it=024 pick_rel=22366 ID=3.789 pick_global=24374 best_gain=1 covered=0.094 maxdeg=1
[IDProbCover] it=025 pick_rel=9239 ID=4.031 pick_global=9533 best_gain=1 covered=0.094 maxdeg=1
[IDProbCover] it=026 pick_rel=18511 ID=4.120 pick_global=19988 best_gain=1 covered=0.094 maxdeg=1
[IDProbCover] it=027 pick_rel=43668 ID=4.217 pick_global=48484 best_gain=1 covered=0.094 maxdeg=1
[IDProbCover] it=028 pick_rel=16590 ID=4.407 pick_global=17848 best_gain=1 covered=0.094 maxdeg=1
[IDProbCover] it=029 pick_rel=32065 ID=4.482 pick_global=35376 best_gain=1 covered=0.094 maxdeg=1
[IDProbCover] it=030 pick_rel=6860 ID=4.482 pick_global=6844 best_gain=1 covered=0.094 maxdeg=1
[IDProbCover] it=031 pick_rel=42468 ID=4.528 pick_global=47136 best_gain=1 covered=0.094 maxdeg=1
[IDProbCover] it=032 pick_rel=43902 ID=4.546 pick_global=48741 best_gain=1 covered=0.094 maxdeg=1
[IDProbCover] it=033 pick_rel=6460 ID=4.551 pick_global=6390 best_gain=1 covered=0.094 maxdeg=1
[IDProbCover] it=034 pick_rel=29275 ID=4.608 pick_global=32183 best_gain=1 covered=0.094 maxdeg=1
[IDProbCover] it=035 pick_rel=9589 ID=4.643 pick_global=9934 best_gain=1 covered=0.094 maxdeg=1
[IDProbCover] it=036 pick_rel=21813 ID=4.748 pick_global=23744 best_gain=1 covered=0.094 maxdeg=1
[IDProbCover] it=037 pick_rel=30126 ID=4.787 pick_global=33160 best_gain=1 covered=0.094 maxdeg=1
[IDProbCover] it=038 pick_rel=18100 ID=4.893 pick_global=19529 best_gain=1 covered=0.094 maxdeg=1
[IDProbCover] it=039 pick_rel=27834 ID=4.932 pick_global=30564 best_gain=1 covered=0.094 maxdeg=1
[IDProbCover] it=040 pick_rel=11739 ID=4.956 pick_global=12369 best_gain=1 covered=0.094 maxdeg=1
[IDProbCover] it=041 pick_rel=21806 ID=5.091 pick_global=23734 best_gain=1 covered=0.094 maxdeg=1
[IDProbCover] it=042 pick_rel=31485 ID=5.159 pick_global=34715 best_gain=1 covered=0.094 maxdeg=1
[IDProbCover] it=043 pick_rel=21433 ID=5.162 pick_global=23304 best_gain=1 covered=0.094 maxdeg=1
[IDProbCover] it=044 pick_rel=21696 ID=5.163 pick_global=23607 best_gain=1 covered=0.094 maxdeg=1
[IDProbCover] it=045 pick_rel=23057 ID=5.202 pick_global=25165 best_gain=1 covered=0.094 maxdeg=1
[IDProbCover] it=046 pick_rel=11745 ID=5.214 pick_global=12378 best_gain=1 covered=0.094 maxdeg=1
[IDProbCover] it=047 pick_rel=13833 ID=5.232 pick_global=14714 best_gain=1 covered=0.094 maxdeg=1
[IDProbCover] it=048 pick_rel=12811 ID=5.307 pick_global=13578 best_gain=1 covered=0.094 maxdeg=1
[IDProbCover] it=049 pick_rel=10339 ID=5.328 pick_global=10783 best_gain=1 covered=0.094 maxdeg=1
Coverage selection metadata: active=False (mode=id_prob_cover, variant=unknown, delta=0.2125, phase=id_adaptive, bald_mean=0.0000, bald_max=0.0000, variance_mean=0.0000, variance_max=0.0000, dropout_iters=0, cover_anchors=0, diversity_lambda=0.00, selected_id_mean=8.2897, selected_signal_mean=0.0000, selected_radius_mean=0.5898, k_id=50, k_knn=50, alpha=1.00)
Active Sampling Complete. After Episode 15:
New Labeled Set: 850, New Unlabeled Set: 44150, Active Set: 50

================================


Current accuracy values:  [20.200000000000003, 17.099999999999994, 17.400000000000006, 20.58, 27.079999389648435, 31.479999351501462, 32.029999275207516, 34.08999900817871, 30.869999351501463, 35.82999870300293, 39.559998474121095, 39.29999870300293, 38.10999900817871, 43.189998664855956, 43.60999904632568, 42.59999881744385]
Starting model from scratch - ignoring existing weights.
<All keys matched successfully>
None
======== EPISODE 16 BEGINS ========

======== TRAINING ========
Training Epoch: 1/200	Train Loss: 14.4243	Val Accuracy: 0.0
Training Epoch: 2/200	Train Loss: 5.0221	Val Accuracy: 10.14
Training Epoch: 3/200	Train Loss: 3.747	Val Accuracy: 10.14
Training Epoch: 4/200	Train Loss: 3.4269	Val Accuracy: 9.8
Training Epoch: 5/200	Train Loss: 3.8294	Val Accuracy: 9.8
Training Epoch: 6/200	Train Loss: 3.2064	Val Accuracy: 10.48
Training Epoch: 7/200	Train Loss: 4.2531	Val Accuracy: 10.48
Training Epoch: 8/200	Train Loss: 2.5362	Val Accuracy: 15.68
Training Epoch: 9/200	Train Loss: 2.2334	Val Accuracy: 15.68
Training Epoch: 10/200	Train Loss: 3.5743	Val Accuracy: 16.52
Training Epoch: 11/200	Train Loss: 2.0351	Val Accuracy: 16.52
Training Epoch: 12/200	Train Loss: 1.9638	Val Accuracy: 18.0
Training Epoch: 13/200	Train Loss: 3.1359	Val Accuracy: 18.0
Training Epoch: 14/200	Train Loss: 2.9614	Val Accuracy: 16.58
Training Epoch: 15/200	Train Loss: 2.5024	Val Accuracy: 16.58
Training Epoch: 16/200	Train Loss: 2.281	Val Accuracy: 17.34
Training Epoch: 17/200	Train Loss: 1.9622	Val Accuracy: 17.34
Training Epoch: 18/200	Train Loss: 4.9113	Val Accuracy: 18.98
Training Epoch: 19/200	Train Loss: 2.9705	Val Accuracy: 18.98
Training Epoch: 20/200	Train Loss: 3.4766	Val Accuracy: 16.74
Training Epoch: 21/200	Train Loss: 1.9151	Val Accuracy: 16.74
Training Epoch: 22/200	Train Loss: 3.3232	Val Accuracy: 15.8
Training Epoch: 23/200	Train Loss: 1.9022	Val Accuracy: 15.8
Training Epoch: 24/200	Train Loss: 2.1454	Val Accuracy: 20.96
Training Epoch: 25/200	Train Loss: 1.8852	Val Accuracy: 20.96
Training Epoch: 26/200	Train Loss: 2.2263	Val Accuracy: 23.3
Training Epoch: 27/200	Train Loss: 2.4439	Val Accuracy: 23.3
Training Epoch: 28/200	Train Loss: 2.8465	Val Accuracy: 24.26
Training Epoch: 29/200	Train Loss: 1.9768	Val Accuracy: 24.26
Training Epoch: 30/200	Train Loss: 2.339	Val Accuracy: 26.72
Training Epoch: 31/200	Train Loss: 2.4052	Val Accuracy: 26.72
Training Epoch: 32/200	Train Loss: 2.3345	Val Accuracy: 29.26
Training Epoch: 33/200	Train Loss: 3.3852	Val Accuracy: 29.26
Training Epoch: 34/200	Train Loss: 1.6386	Val Accuracy: 30.58
Training Epoch: 35/200	Train Loss: 1.4987	Val Accuracy: 30.58
Training Epoch: 36/200	Train Loss: 1.7976	Val Accuracy: 32.22
Training Epoch: 37/200	Train Loss: 2.1112	Val Accuracy: 32.22
Training Epoch: 38/200	Train Loss: 1.9567	Val Accuracy: 32.02
Training Epoch: 39/200	Train Loss: 1.9149	Val Accuracy: 32.02
Training Epoch: 40/200	Train Loss: 2.031	Val Accuracy: 34.8
Training Epoch: 41/200	Train Loss: 1.7662	Val Accuracy: 34.8
Training Epoch: 42/200	Train Loss: 1.9462	Val Accuracy: 33.2
Training Epoch: 43/200	Train Loss: 1.8125	Val Accuracy: 33.2
Training Epoch: 44/200	Train Loss: 1.9653	Val Accuracy: 36.2
Training Epoch: 45/200	Train Loss: 1.2505	Val Accuracy: 36.2
Training Epoch: 46/200	Train Loss: 1.4117	Val Accuracy: 36.52
Training Epoch: 47/200	Train Loss: 1.0752	Val Accuracy: 36.52
Training Epoch: 48/200	Train Loss: 1.5859	Val Accuracy: 35.36
Training Epoch: 49/200	Train Loss: 1.1777	Val Accuracy: 35.36
Training Epoch: 50/200	Train Loss: 1.1522	Val Accuracy: 36.08
Training Epoch: 51/200	Train Loss: 1.6356	Val Accuracy: 36.08
Training Epoch: 52/200	Train Loss: 1.9315	Val Accuracy: 37.92
Training Epoch: 53/200	Train Loss: 1.9476	Val Accuracy: 37.92
Training Epoch: 54/200	Train Loss: 2.1733	Val Accuracy: 36.06
Training Epoch: 55/200	Train Loss: 1.2181	Val Accuracy: 36.06
Training Epoch: 56/200	Train Loss: 1.3418	Val Accuracy: 38.16
Training Epoch: 57/200	Train Loss: 0.808	Val Accuracy: 38.16
Training Epoch: 58/200	Train Loss: 1.7938	Val Accuracy: 37.1
Training Epoch: 59/200	Train Loss: 1.0559	Val Accuracy: 37.1
Training Epoch: 60/200	Train Loss: 1.2773	Val Accuracy: 37.5
Training Epoch: 61/200	Train Loss: 1.4197	Val Accuracy: 37.5
Training Epoch: 62/200	Train Loss: 1.3962	Val Accuracy: 36.58
Training Epoch: 63/200	Train Loss: 1.8014	Val Accuracy: 36.58
Training Epoch: 64/200	Train Loss: 1.3482	Val Accuracy: 38.22
Training Epoch: 65/200	Train Loss: 0.755	Val Accuracy: 38.22
Training Epoch: 66/200	Train Loss: 1.4647	Val Accuracy: 39.32
Training Epoch: 67/200	Train Loss: 1.0182	Val Accuracy: 39.32
Training Epoch: 68/200	Train Loss: 0.6059	Val Accuracy: 39.8
Training Epoch: 69/200	Train Loss: 1.1466	Val Accuracy: 39.8
Training Epoch: 70/200	Train Loss: 1.6439	Val Accuracy: 39.2
Training Epoch: 71/200	Train Loss: 0.7571	Val Accuracy: 39.2
Training Epoch: 72/200	Train Loss: 1.3663	Val Accuracy: 39.92
Training Epoch: 73/200	Train Loss: 1.601	Val Accuracy: 39.92
Training Epoch: 74/200	Train Loss: 0.97	Val Accuracy: 40.0
Training Epoch: 75/200	Train Loss: 0.65	Val Accuracy: 40.0
Training Epoch: 76/200	Train Loss: 0.6597	Val Accuracy: 39.54
Training Epoch: 77/200	Train Loss: 1.5273	Val Accuracy: 39.54
Training Epoch: 78/200	Train Loss: 0.8779	Val Accuracy: 40.3
Training Epoch: 79/200	Train Loss: 0.5683	Val Accuracy: 40.3
Training Epoch: 80/200	Train Loss: 1.0122	Val Accuracy: 40.5
Training Epoch: 81/200	Train Loss: 0.7581	Val Accuracy: 40.5
Training Epoch: 82/200	Train Loss: 0.717	Val Accuracy: 40.76
Training Epoch: 83/200	Train Loss: 0.4893	Val Accuracy: 40.76
Training Epoch: 84/200	Train Loss: 0.6272	Val Accuracy: 41.24
Training Epoch: 85/200	Train Loss: 0.5963	Val Accuracy: 41.24
Training Epoch: 86/200	Train Loss: 0.4715	Val Accuracy: 40.36
Training Epoch: 87/200	Train Loss: 1.0793	Val Accuracy: 40.36
Training Epoch: 88/200	Train Loss: 0.5405	Val Accuracy: 41.04
Training Epoch: 89/200	Train Loss: 0.7999	Val Accuracy: 41.04
Training Epoch: 90/200	Train Loss: 0.4097	Val Accuracy: 41.6
Training Epoch: 91/200	Train Loss: 0.8199	Val Accuracy: 41.6
Training Epoch: 92/200	Train Loss: 1.1755	Val Accuracy: 41.56
Training Epoch: 93/200	Train Loss: 0.315	Val Accuracy: 41.56
Training Epoch: 94/200	Train Loss: 0.2293	Val Accuracy: 41.38
Training Epoch: 95/200	Train Loss: 0.394	Val Accuracy: 41.38
Training Epoch: 96/200	Train Loss: 0.4531	Val Accuracy: 41.8
Training Epoch: 97/200	Train Loss: 0.3822	Val Accuracy: 41.8
Training Epoch: 98/200	Train Loss: 0.3022	Val Accuracy: 39.62
Training Epoch: 99/200	Train Loss: 0.5753	Val Accuracy: 39.62
Training Epoch: 100/200	Train Loss: 0.661	Val Accuracy: 40.98
Training Epoch: 101/200	Train Loss: 0.7353	Val Accuracy: 40.98
Training Epoch: 102/200	Train Loss: 1.0176	Val Accuracy: 41.1
Training Epoch: 103/200	Train Loss: 1.4069	Val Accuracy: 41.1
Training Epoch: 104/200	Train Loss: 0.4272	Val Accuracy: 40.8
Training Epoch: 105/200	Train Loss: 0.1815	Val Accuracy: 40.8
Training Epoch: 106/200	Train Loss: 0.2499	Val Accuracy: 41.28
Training Epoch: 107/200	Train Loss: 0.2494	Val Accuracy: 41.28
Training Epoch: 108/200	Train Loss: 0.8229	Val Accuracy: 39.96
Training Epoch: 109/200	Train Loss: 0.9869	Val Accuracy: 39.96
Training Epoch: 110/200	Train Loss: 0.8769	Val Accuracy: 40.42
Training Epoch: 111/200	Train Loss: 0.6667	Val Accuracy: 40.42
Training Epoch: 112/200	Train Loss: 0.0939	Val Accuracy: 40.98
Training Epoch: 113/200	Train Loss: 0.8159	Val Accuracy: 40.98
Training Epoch: 114/200	Train Loss: 0.4935	Val Accuracy: 41.82
Training Epoch: 115/200	Train Loss: 0.668	Val Accuracy: 41.82
Training Epoch: 116/200	Train Loss: 1.0114	Val Accuracy: 40.44
Training Epoch: 117/200	Train Loss: 0.5066	Val Accuracy: 40.44
Training Epoch: 118/200	Train Loss: 0.4232	Val Accuracy: 41.48
Training Epoch: 119/200	Train Loss: 0.4093	Val Accuracy: 41.48
Training Epoch: 120/200	Train Loss: 0.3738	Val Accuracy: 42.14
Training Epoch: 121/200	Train Loss: 0.6371	Val Accuracy: 42.14
Training Epoch: 122/200	Train Loss: 0.3362	Val Accuracy: 41.64
Training Epoch: 123/200	Train Loss: 0.5015	Val Accuracy: 41.64
Training Epoch: 124/200	Train Loss: 0.3942	Val Accuracy: 43.74
Training Epoch: 125/200	Train Loss: 0.2213	Val Accuracy: 43.74
Training Epoch: 126/200	Train Loss: 0.4794	Val Accuracy: 42.0
Training Epoch: 127/200	Train Loss: 0.6791	Val Accuracy: 42.0
Training Epoch: 128/200	Train Loss: 0.3005	Val Accuracy: 42.26
Training Epoch: 129/200	Train Loss: 0.2181	Val Accuracy: 42.26
Training Epoch: 130/200	Train Loss: 0.3177	Val Accuracy: 41.92
Training Epoch: 131/200	Train Loss: 0.3161	Val Accuracy: 41.92
Training Epoch: 132/200	Train Loss: 0.4158	Val Accuracy: 42.78
Training Epoch: 133/200	Train Loss: 0.1097	Val Accuracy: 42.78
Training Epoch: 134/200	Train Loss: 0.3772	Val Accuracy: 42.6
Training Epoch: 135/200	Train Loss: 0.1382	Val Accuracy: 42.6
Training Epoch: 136/200	Train Loss: 0.1772	Val Accuracy: 41.28
Training Epoch: 137/200	Train Loss: 0.4622	Val Accuracy: 41.28
Training Epoch: 138/200	Train Loss: 0.1155	Val Accuracy: 41.42
Training Epoch: 139/200	Train Loss: 0.439	Val Accuracy: 41.42
Training Epoch: 140/200	Train Loss: 0.3338	Val Accuracy: 41.68
Training Epoch: 141/200	Train Loss: 0.0454	Val Accuracy: 41.68
Training Epoch: 142/200	Train Loss: 0.1305	Val Accuracy: 41.78
Training Epoch: 143/200	Train Loss: 0.3622	Val Accuracy: 41.78
Training Epoch: 144/200	Train Loss: 0.3106	Val Accuracy: 42.2
Training Epoch: 145/200	Train Loss: 0.389	Val Accuracy: 42.2
Training Epoch: 146/200	Train Loss: 0.407	Val Accuracy: 42.64
Training Epoch: 147/200	Train Loss: 0.3196	Val Accuracy: 42.64
Training Epoch: 148/200	Train Loss: 0.4814	Val Accuracy: 42.32
Training Epoch: 149/200	Train Loss: 0.1543	Val Accuracy: 42.32
Training Epoch: 150/200	Train Loss: 0.242	Val Accuracy: 42.06
Training Epoch: 151/200	Train Loss: 0.1064	Val Accuracy: 42.06
Training Epoch: 152/200	Train Loss: 0.2286	Val Accuracy: 41.72
Training Epoch: 153/200	Train Loss: 0.0887	Val Accuracy: 41.72
Training Epoch: 154/200	Train Loss: 0.2299	Val Accuracy: 42.7
Training Epoch: 155/200	Train Loss: 0.3299	Val Accuracy: 42.7
Training Epoch: 156/200	Train Loss: 0.052	Val Accuracy: 43.04
Training Epoch: 157/200	Train Loss: 0.5327	Val Accuracy: 43.04
Training Epoch: 158/200	Train Loss: 0.153	Val Accuracy: 43.36
Training Epoch: 159/200	Train Loss: 0.0439	Val Accuracy: 43.36
Training Epoch: 160/200	Train Loss: 0.3393	Val Accuracy: 43.2
Training Epoch: 161/200	Train Loss: 0.1726	Val Accuracy: 43.2
Training Epoch: 162/200	Train Loss: 0.0531	Val Accuracy: 42.76
Training Epoch: 163/200	Train Loss: 0.145	Val Accuracy: 42.76
Training Epoch: 164/200	Train Loss: 0.2251	Val Accuracy: 42.42
Training Epoch: 165/200	Train Loss: 0.2394	Val Accuracy: 42.42
Training Epoch: 166/200	Train Loss: 0.0818	Val Accuracy: 42.76
Training Epoch: 167/200	Train Loss: 0.1541	Val Accuracy: 42.76
Training Epoch: 168/200	Train Loss: 0.0411	Val Accuracy: 43.16
Training Epoch: 169/200	Train Loss: 0.0502	Val Accuracy: 43.16
Training Epoch: 170/200	Train Loss: 0.0751	Val Accuracy: 42.16
Training Epoch: 171/200	Train Loss: 0.0769	Val Accuracy: 42.16
Training Epoch: 172/200	Train Loss: 0.056	Val Accuracy: 42.34
Training Epoch: 173/200	Train Loss: 0.0383	Val Accuracy: 42.34
Training Epoch: 174/200	Train Loss: 0.1368	Val Accuracy: 43.02
Training Epoch: 175/200	Train Loss: 0.2199	Val Accuracy: 43.02
Training Epoch: 176/200	Train Loss: 0.1622	Val Accuracy: 42.48
Training Epoch: 177/200	Train Loss: 0.1621	Val Accuracy: 42.48
Training Epoch: 178/200	Train Loss: 0.2608	Val Accuracy: 43.56
Training Epoch: 179/200	Train Loss: 0.0327	Val Accuracy: 43.56
Training Epoch: 180/200	Train Loss: 0.1333	Val Accuracy: 43.08
Training Epoch: 181/200	Train Loss: 0.1312	Val Accuracy: 43.08
Training Epoch: 182/200	Train Loss: 0.1277	Val Accuracy: 42.88
Training Epoch: 183/200	Train Loss: 0.0326	Val Accuracy: 42.88
Training Epoch: 184/200	Train Loss: 0.0602	Val Accuracy: 42.7
Training Epoch: 185/200	Train Loss: 0.0646	Val Accuracy: 42.7
Training Epoch: 186/200	Train Loss: 0.0512	Val Accuracy: 42.9
Training Epoch: 187/200	Train Loss: 0.0492	Val Accuracy: 42.9
Training Epoch: 188/200	Train Loss: 0.0141	Val Accuracy: 43.22
Training Epoch: 189/200	Train Loss: 0.0438	Val Accuracy: 43.22
Training Epoch: 190/200	Train Loss: 0.061	Val Accuracy: 43.14
Training Epoch: 191/200	Train Loss: 0.2185	Val Accuracy: 43.14
Training Epoch: 192/200	Train Loss: 0.0119	Val Accuracy: 43.28
Training Epoch: 193/200	Train Loss: 0.0357	Val Accuracy: 43.28
Training Epoch: 194/200	Train Loss: 0.1425	Val Accuracy: 43.18
Training Epoch: 195/200	Train Loss: 0.093	Val Accuracy: 43.18
Training Epoch: 196/200	Train Loss: 0.0925	Val Accuracy: 43.56
Training Epoch: 197/200	Train Loss: 0.2266	Val Accuracy: 43.56
Training Epoch: 198/200	Train Loss: 0.1067	Val Accuracy: 43.18
Training Epoch: 199/200	Train Loss: 0.0083	Val Accuracy: 43.18
Training Epoch: 200/200	Train Loss: 0.0364	Val Accuracy: 42.86

Wrote Best Model Checkpoint to: vlBest_acc_43_model_epoch_0124.pyth

Best Validation Accuracy: 43.74
Best Epoch: 124

======== TESTING ========

Test Accuracy: 42.34.

======== ACTIVE SAMPLING ========

ProbCover adaptive delta: base=0.2500, effective=0.2125, scale=0.85, phase=post_label_shrink, labeled_count=850
[ID cache] loaded: /scratch/s219110279/idpc_cache/resnet50/CIFAR10/seed1/mle_local_k50.npy
[kNN cache] loaded: /scratch/s219110279/idpc_cache/resnet50/CIFAR10/seed1/knn_k50.npz
[IDProbCover] it=000 pick_rel=33496 ID=5.482 pick_global=36959 best_gain=1 covered=0.094 maxdeg=1
[IDProbCover] it=001 pick_rel=32384 ID=5.485 pick_global=35719 best_gain=1 covered=0.094 maxdeg=1
[IDProbCover] it=002 pick_rel=14581 ID=5.513 pick_global=15525 best_gain=1 covered=0.094 maxdeg=1
[IDProbCover] it=003 pick_rel=20393 ID=5.555 pick_global=22084 best_gain=1 covered=0.094 maxdeg=1
[IDProbCover] it=004 pick_rel=36064 ID=5.593 pick_global=39902 best_gain=1 covered=0.094 maxdeg=1
[IDProbCover] it=005 pick_rel=15675 ID=5.629 pick_global=16782 best_gain=1 covered=0.094 maxdeg=1
[IDProbCover] it=006 pick_rel=40209 ID=5.651 pick_global=44607 best_gain=1 covered=0.094 maxdeg=1
[IDProbCover] it=007 pick_rel=35268 ID=5.718 pick_global=38978 best_gain=1 covered=0.094 maxdeg=1
[IDProbCover] it=008 pick_rel=33827 ID=5.722 pick_global=37319 best_gain=1 covered=0.094 maxdeg=1
[IDProbCover] it=009 pick_rel=12511 ID=5.756 pick_global=13197 best_gain=1 covered=0.094 maxdeg=1
[IDProbCover] it=010 pick_rel=16999 ID=5.777 pick_global=18269 best_gain=1 covered=0.094 maxdeg=1
[IDProbCover] it=011 pick_rel=19818 ID=5.786 pick_global=21448 best_gain=1 covered=0.095 maxdeg=1
[IDProbCover] it=012 pick_rel=28857 ID=5.807 pick_global=31687 best_gain=1 covered=0.095 maxdeg=1
[IDProbCover] it=013 pick_rel=11536 ID=5.853 pick_global=12090 best_gain=1 covered=0.095 maxdeg=1
[IDProbCover] it=014 pick_rel=40798 ID=5.900 pick_global=45266 best_gain=1 covered=0.095 maxdeg=1
[IDProbCover] it=015 pick_rel=2826 ID=5.915 pick_global=2211 best_gain=1 covered=0.095 maxdeg=1
[IDProbCover] it=016 pick_rel=43909 ID=5.940 pick_global=48748 best_gain=1 covered=0.095 maxdeg=1
[IDProbCover] it=017 pick_rel=25606 ID=5.943 pick_global=28042 best_gain=1 covered=0.095 maxdeg=1
[IDProbCover] it=018 pick_rel=30301 ID=6.014 pick_global=33339 best_gain=1 covered=0.095 maxdeg=1
[IDProbCover] it=019 pick_rel=16152 ID=6.046 pick_global=17314 best_gain=1 covered=0.095 maxdeg=1
[IDProbCover] it=020 pick_rel=30411 ID=6.063 pick_global=33457 best_gain=1 covered=0.095 maxdeg=1
[IDProbCover] it=021 pick_rel=29039 ID=6.137 pick_global=31896 best_gain=1 covered=0.095 maxdeg=1
[IDProbCover] it=022 pick_rel=33746 ID=6.181 pick_global=37232 best_gain=1 covered=0.095 maxdeg=1
[IDProbCover] it=023 pick_rel=36657 ID=6.230 pick_global=40590 best_gain=1 covered=0.095 maxdeg=1
[IDProbCover] it=024 pick_rel=6067 ID=6.282 pick_global=5885 best_gain=1 covered=0.095 maxdeg=1
[IDProbCover] it=025 pick_rel=3664 ID=6.325 pick_global=3161 best_gain=1 covered=0.095 maxdeg=1
[IDProbCover] it=026 pick_rel=26062 ID=6.367 pick_global=28558 best_gain=1 covered=0.095 maxdeg=1
[IDProbCover] it=027 pick_rel=19369 ID=6.391 pick_global=20941 best_gain=1 covered=0.095 maxdeg=1
[IDProbCover] it=028 pick_rel=20209 ID=6.403 pick_global=21881 best_gain=1 covered=0.095 maxdeg=1
[IDProbCover] it=029 pick_rel=42753 ID=6.408 pick_global=47456 best_gain=1 covered=0.095 maxdeg=1
[IDProbCover] it=030 pick_rel=16839 ID=6.417 pick_global=18092 best_gain=1 covered=0.095 maxdeg=1
[IDProbCover] it=031 pick_rel=2870 ID=6.472 pick_global=2258 best_gain=1 covered=0.095 maxdeg=1
[IDProbCover] it=032 pick_rel=12797 ID=6.480 pick_global=13524 best_gain=1 covered=0.095 maxdeg=1
[IDProbCover] it=033 pick_rel=32270 ID=6.522 pick_global=35596 best_gain=1 covered=0.095 maxdeg=1
[IDProbCover] it=034 pick_rel=34444 ID=6.538 pick_global=38027 best_gain=1 covered=0.095 maxdeg=1
[IDProbCover] it=035 pick_rel=11141 ID=6.603 pick_global=11650 best_gain=1 covered=0.095 maxdeg=1
[IDProbCover] it=036 pick_rel=43369 ID=6.614 pick_global=48148 best_gain=1 covered=0.095 maxdeg=1
[IDProbCover] it=037 pick_rel=32024 ID=6.637 pick_global=35317 best_gain=1 covered=0.095 maxdeg=1
[IDProbCover] it=038 pick_rel=31709 ID=6.640 pick_global=34956 best_gain=1 covered=0.095 maxdeg=1
[IDProbCover] it=039 pick_rel=3253 ID=6.650 pick_global=2690 best_gain=1 covered=0.095 maxdeg=1
[IDProbCover] it=040 pick_rel=11742 ID=6.676 pick_global=12328 best_gain=1 covered=0.095 maxdeg=1
[IDProbCover] it=041 pick_rel=16427 ID=6.691 pick_global=17624 best_gain=1 covered=0.095 maxdeg=1
[IDProbCover] it=042 pick_rel=20382 ID=6.719 pick_global=22072 best_gain=1 covered=0.095 maxdeg=1
[IDProbCover] it=043 pick_rel=4486 ID=6.726 pick_global=4101 best_gain=1 covered=0.095 maxdeg=1
[IDProbCover] it=044 pick_rel=36944 ID=6.733 pick_global=40924 best_gain=1 covered=0.095 maxdeg=1
[IDProbCover] it=045 pick_rel=15123 ID=6.736 pick_global=16146 best_gain=1 covered=0.095 maxdeg=1
[IDProbCover] it=046 pick_rel=20575 ID=6.751 pick_global=22295 best_gain=1 covered=0.095 maxdeg=1
[IDProbCover] it=047 pick_rel=29355 ID=6.806 pick_global=32259 best_gain=1 covered=0.095 maxdeg=1
[IDProbCover] it=048 pick_rel=26829 ID=6.882 pick_global=29426 best_gain=1 covered=0.095 maxdeg=1
[IDProbCover] it=049 pick_rel=6500 ID=6.903 pick_global=6382 best_gain=1 covered=0.095 maxdeg=1
Coverage selection metadata: active=False (mode=id_prob_cover, variant=unknown, delta=0.2125, phase=id_adaptive, bald_mean=0.0000, bald_max=0.0000, variance_mean=0.0000, variance_max=0.0000, dropout_iters=0, cover_anchors=0, diversity_lambda=0.00, selected_id_mean=6.2214, selected_signal_mean=0.0000, selected_radius_mean=0.5716, k_id=50, k_knn=50, alpha=1.00)
Active Sampling Complete. After Episode 16:
New Labeled Set: 900, New Unlabeled Set: 44100, Active Set: 50

================================


Current accuracy values:  [20.200000000000003, 17.099999999999994, 17.400000000000006, 20.58, 27.079999389648435, 31.479999351501462, 32.029999275207516, 34.08999900817871, 30.869999351501463, 35.82999870300293, 39.559998474121095, 39.29999870300293, 38.10999900817871, 43.189998664855956, 43.60999904632568, 42.59999881744385, 42.33999858856201]
Starting model from scratch - ignoring existing weights.
<All keys matched successfully>
None
======== EPISODE 17 BEGINS ========

======== TRAINING ========
Training Epoch: 1/200	Train Loss: 9.1098	Val Accuracy: 0.0
Training Epoch: 2/200	Train Loss: 2.5029	Val Accuracy: 9.88
Training Epoch: 3/200	Train Loss: 2.3358	Val Accuracy: 9.88
Training Epoch: 4/200	Train Loss: 5.1351	Val Accuracy: 10.48
Training Epoch: 5/200	Train Loss: 6.0739	Val Accuracy: 10.48
Training Epoch: 6/200	Train Loss: 3.3243	Val Accuracy: 10.92
Training Epoch: 7/200	Train Loss: 3.3176	Val Accuracy: 10.92
Training Epoch: 8/200	Train Loss: 5.7675	Val Accuracy: 14.34
Training Epoch: 9/200	Train Loss: 6.4302	Val Accuracy: 14.34
Training Epoch: 10/200	Train Loss: 2.9012	Val Accuracy: 16.48
Training Epoch: 11/200	Train Loss: 6.4885	Val Accuracy: 16.48
Training Epoch: 12/200	Train Loss: 4.5696	Val Accuracy: 19.08
Training Epoch: 13/200	Train Loss: 4.3703	Val Accuracy: 19.08
Training Epoch: 14/200	Train Loss: 4.6989	Val Accuracy: 18.26
Training Epoch: 15/200	Train Loss: 2.1263	Val Accuracy: 18.26
Training Epoch: 16/200	Train Loss: 3.0733	Val Accuracy: 18.72
Training Epoch: 17/200	Train Loss: 2.8959	Val Accuracy: 18.72
Training Epoch: 18/200	Train Loss: 2.5022	Val Accuracy: 19.2
Training Epoch: 19/200	Train Loss: 2.243	Val Accuracy: 19.2
Training Epoch: 20/200	Train Loss: 1.9242	Val Accuracy: 20.04
Training Epoch: 21/200	Train Loss: 2.0827	Val Accuracy: 20.04
Training Epoch: 22/200	Train Loss: 3.2942	Val Accuracy: 20.76
Training Epoch: 23/200	Train Loss: 2.4388	Val Accuracy: 20.76
Training Epoch: 24/200	Train Loss: 2.8702	Val Accuracy: 22.28
Training Epoch: 25/200	Train Loss: 3.8707	Val Accuracy: 22.28
Training Epoch: 26/200	Train Loss: 2.7473	Val Accuracy: 22.82
Training Epoch: 27/200	Train Loss: 2.1918	Val Accuracy: 22.82
Training Epoch: 28/200	Train Loss: 2.4709	Val Accuracy: 26.62
Training Epoch: 29/200	Train Loss: 1.7268	Val Accuracy: 26.62
Training Epoch: 30/200	Train Loss: 2.5069	Val Accuracy: 24.6
Training Epoch: 31/200	Train Loss: 4.116	Val Accuracy: 24.6
Training Epoch: 32/200	Train Loss: 1.9932	Val Accuracy: 21.1
Training Epoch: 33/200	Train Loss: 3.163	Val Accuracy: 21.1
Training Epoch: 34/200	Train Loss: 2.6649	Val Accuracy: 23.86
Training Epoch: 35/200	Train Loss: 2.21	Val Accuracy: 23.86
Training Epoch: 36/200	Train Loss: 2.124	Val Accuracy: 28.42
Training Epoch: 37/200	Train Loss: 1.4468	Val Accuracy: 28.42
Training Epoch: 38/200	Train Loss: 2.5997	Val Accuracy: 28.3
Training Epoch: 39/200	Train Loss: 2.9163	Val Accuracy: 28.3
Training Epoch: 40/200	Train Loss: 2.2032	Val Accuracy: 28.72
Training Epoch: 41/200	Train Loss: 1.8502	Val Accuracy: 28.72
Training Epoch: 42/200	Train Loss: 4.0322	Val Accuracy: 31.26
Training Epoch: 43/200	Train Loss: 2.4444	Val Accuracy: 31.26
Training Epoch: 44/200	Train Loss: 1.9658	Val Accuracy: 31.4
Training Epoch: 45/200	Train Loss: 2.0131	Val Accuracy: 31.4
Training Epoch: 46/200	Train Loss: 1.393	Val Accuracy: 34.12
Training Epoch: 47/200	Train Loss: 1.3404	Val Accuracy: 34.12
Training Epoch: 48/200	Train Loss: 1.2737	Val Accuracy: 34.42
Training Epoch: 49/200	Train Loss: 1.529	Val Accuracy: 34.42
Training Epoch: 50/200	Train Loss: 1.2187	Val Accuracy: 34.8
Training Epoch: 51/200	Train Loss: 3.511	Val Accuracy: 34.8
Training Epoch: 52/200	Train Loss: 2.407	Val Accuracy: 34.48
Training Epoch: 53/200	Train Loss: 1.0644	Val Accuracy: 34.48
Training Epoch: 54/200	Train Loss: 2.3371	Val Accuracy: 34.7
Training Epoch: 55/200	Train Loss: 2.8746	Val Accuracy: 34.7
Training Epoch: 56/200	Train Loss: 3.6187	Val Accuracy: 33.66
Training Epoch: 57/200	Train Loss: 1.575	Val Accuracy: 33.66
Training Epoch: 58/200	Train Loss: 1.0758	Val Accuracy: 34.64
Training Epoch: 59/200	Train Loss: 2.0772	Val Accuracy: 34.64
Training Epoch: 60/200	Train Loss: 1.0528	Val Accuracy: 35.38
Training Epoch: 61/200	Train Loss: 1.188	Val Accuracy: 35.38
Training Epoch: 62/200	Train Loss: 2.8323	Val Accuracy: 35.96
Training Epoch: 63/200	Train Loss: 1.6657	Val Accuracy: 35.96
Training Epoch: 64/200	Train Loss: 0.9042	Val Accuracy: 36.1
Training Epoch: 65/200	Train Loss: 0.9743	Val Accuracy: 36.1
Training Epoch: 66/200	Train Loss: 1.035	Val Accuracy: 37.58
Training Epoch: 67/200	Train Loss: 1.1138	Val Accuracy: 37.58
Training Epoch: 68/200	Train Loss: 2.8248	Val Accuracy: 38.44
Training Epoch: 69/200	Train Loss: 2.3425	Val Accuracy: 38.44
Training Epoch: 70/200	Train Loss: 1.9476	Val Accuracy: 37.32
Training Epoch: 71/200	Train Loss: 0.9341	Val Accuracy: 37.32
Training Epoch: 72/200	Train Loss: 0.9451	Val Accuracy: 39.22
Training Epoch: 73/200	Train Loss: 2.294	Val Accuracy: 39.22
Training Epoch: 74/200	Train Loss: 1.0609	Val Accuracy: 38.12
Training Epoch: 75/200	Train Loss: 2.0006	Val Accuracy: 38.12
Training Epoch: 76/200	Train Loss: 1.0288	Val Accuracy: 39.28
Training Epoch: 77/200	Train Loss: 1.3899	Val Accuracy: 39.28
Training Epoch: 78/200	Train Loss: 1.4872	Val Accuracy: 38.7
Training Epoch: 79/200	Train Loss: 0.9728	Val Accuracy: 38.7
Training Epoch: 80/200	Train Loss: 0.5902	Val Accuracy: 39.16
Training Epoch: 81/200	Train Loss: 1.333	Val Accuracy: 39.16
Training Epoch: 82/200	Train Loss: 1.2342	Val Accuracy: 38.86
Training Epoch: 83/200	Train Loss: 1.4257	Val Accuracy: 38.86
Training Epoch: 84/200	Train Loss: 1.2912	Val Accuracy: 40.42
Training Epoch: 85/200	Train Loss: 1.2703	Val Accuracy: 40.42
Training Epoch: 86/200	Train Loss: 0.6802	Val Accuracy: 38.86
Training Epoch: 87/200	Train Loss: 0.6655	Val Accuracy: 38.86
Training Epoch: 88/200	Train Loss: 0.8464	Val Accuracy: 40.18
Training Epoch: 89/200	Train Loss: 1.58	Val Accuracy: 40.18
Training Epoch: 90/200	Train Loss: 1.8156	Val Accuracy: 38.68
Training Epoch: 91/200	Train Loss: 0.5982	Val Accuracy: 38.68
Training Epoch: 92/200	Train Loss: 0.9718	Val Accuracy: 40.02
Training Epoch: 93/200	Train Loss: 0.4948	Val Accuracy: 40.02
Training Epoch: 94/200	Train Loss: 1.8407	Val Accuracy: 39.54
Training Epoch: 95/200	Train Loss: 0.93	Val Accuracy: 39.54
Training Epoch: 96/200	Train Loss: 0.7042	Val Accuracy: 40.62
Training Epoch: 97/200	Train Loss: 0.4531	Val Accuracy: 40.62
Training Epoch: 98/200	Train Loss: 0.345	Val Accuracy: 40.2
Training Epoch: 99/200	Train Loss: 0.6956	Val Accuracy: 40.2
Training Epoch: 100/200	Train Loss: 0.7418	Val Accuracy: 39.7
Training Epoch: 101/200	Train Loss: 1.534	Val Accuracy: 39.7
Training Epoch: 102/200	Train Loss: 1.153	Val Accuracy: 39.58
Training Epoch: 103/200	Train Loss: 1.4821	Val Accuracy: 39.58
Training Epoch: 104/200	Train Loss: 1.5971	Val Accuracy: 40.82
Training Epoch: 105/200	Train Loss: 0.3528	Val Accuracy: 40.82
Training Epoch: 106/200	Train Loss: 2.0438	Val Accuracy: 40.3
Training Epoch: 107/200	Train Loss: 0.7696	Val Accuracy: 40.3
Training Epoch: 108/200	Train Loss: 1.8371	Val Accuracy: 40.14
Training Epoch: 109/200	Train Loss: 0.5364	Val Accuracy: 40.14
Training Epoch: 110/200	Train Loss: 0.3309	Val Accuracy: 40.16
Training Epoch: 111/200	Train Loss: 0.6197	Val Accuracy: 40.16
Training Epoch: 112/200	Train Loss: 1.2912	Val Accuracy: 39.24
Training Epoch: 113/200	Train Loss: 0.7342	Val Accuracy: 39.24
Training Epoch: 114/200	Train Loss: 2.149	Val Accuracy: 40.3
Training Epoch: 115/200	Train Loss: 0.2153	Val Accuracy: 40.3
Training Epoch: 116/200	Train Loss: 0.3546	Val Accuracy: 38.36
Training Epoch: 117/200	Train Loss: 0.2095	Val Accuracy: 38.36
Training Epoch: 118/200	Train Loss: 0.5759	Val Accuracy: 41.04
Training Epoch: 119/200	Train Loss: 0.8241	Val Accuracy: 41.04
Training Epoch: 120/200	Train Loss: 0.9512	Val Accuracy: 41.24
Training Epoch: 121/200	Train Loss: 0.9758	Val Accuracy: 41.24
Training Epoch: 122/200	Train Loss: 0.5518	Val Accuracy: 40.4
Training Epoch: 123/200	Train Loss: 0.523	Val Accuracy: 40.4
Training Epoch: 124/200	Train Loss: 0.8261	Val Accuracy: 42.12
Training Epoch: 125/200	Train Loss: 0.1908	Val Accuracy: 42.12
Training Epoch: 126/200	Train Loss: 0.741	Val Accuracy: 41.98
Training Epoch: 127/200	Train Loss: 0.5417	Val Accuracy: 41.98
Training Epoch: 128/200	Train Loss: 0.7151	Val Accuracy: 42.64
Training Epoch: 129/200	Train Loss: 0.1937	Val Accuracy: 42.64
Training Epoch: 130/200	Train Loss: 0.6086	Val Accuracy: 40.92
Training Epoch: 131/200	Train Loss: 0.8914	Val Accuracy: 40.92
Training Epoch: 132/200	Train Loss: 0.1769	Val Accuracy: 42.74
Training Epoch: 133/200	Train Loss: 1.3622	Val Accuracy: 42.74
Training Epoch: 134/200	Train Loss: 0.2375	Val Accuracy: 41.76
Training Epoch: 135/200	Train Loss: 0.588	Val Accuracy: 41.76
Training Epoch: 136/200	Train Loss: 0.1316	Val Accuracy: 41.2
Training Epoch: 137/200	Train Loss: 0.5766	Val Accuracy: 41.2
Training Epoch: 138/200	Train Loss: 1.3169	Val Accuracy: 42.46
Training Epoch: 139/200	Train Loss: 0.5055	Val Accuracy: 42.46
Training Epoch: 140/200	Train Loss: 0.2865	Val Accuracy: 42.24
Training Epoch: 141/200	Train Loss: 0.7328	Val Accuracy: 42.24
Training Epoch: 142/200	Train Loss: 0.3123	Val Accuracy: 41.3
Training Epoch: 143/200	Train Loss: 0.2257	Val Accuracy: 41.3
Training Epoch: 144/200	Train Loss: 0.1803	Val Accuracy: 42.08
Training Epoch: 145/200	Train Loss: 0.0964	Val Accuracy: 42.08
Training Epoch: 146/200	Train Loss: 0.1517	Val Accuracy: 42.32
Training Epoch: 147/200	Train Loss: 0.7171	Val Accuracy: 42.32
Training Epoch: 148/200	Train Loss: 0.1552	Val Accuracy: 42.66
Training Epoch: 149/200	Train Loss: 0.2488	Val Accuracy: 42.66
Training Epoch: 150/200	Train Loss: 0.3542	Val Accuracy: 42.06
Training Epoch: 151/200	Train Loss: 0.1043	Val Accuracy: 42.06
Training Epoch: 152/200	Train Loss: 0.4549	Val Accuracy: 42.32
Training Epoch: 153/200	Train Loss: 0.4417	Val Accuracy: 42.32
Training Epoch: 154/200	Train Loss: 0.7303	Val Accuracy: 42.5
Training Epoch: 155/200	Train Loss: 0.1798	Val Accuracy: 42.5
Training Epoch: 156/200	Train Loss: 0.2205	Val Accuracy: 42.72
Training Epoch: 157/200	Train Loss: 0.7562	Val Accuracy: 42.72
Training Epoch: 158/200	Train Loss: 0.0697	Val Accuracy: 42.58
Training Epoch: 159/200	Train Loss: 0.0075	Val Accuracy: 42.58
Training Epoch: 160/200	Train Loss: 0.8252	Val Accuracy: 42.72
Training Epoch: 161/200	Train Loss: 0.0677	Val Accuracy: 42.72
Training Epoch: 162/200	Train Loss: 0.0873	Val Accuracy: 42.8
Training Epoch: 163/200	Train Loss: 0.2576	Val Accuracy: 42.8
Training Epoch: 164/200	Train Loss: 0.1713	Val Accuracy: 43.04
Training Epoch: 165/200	Train Loss: 0.8171	Val Accuracy: 43.04
Training Epoch: 166/200	Train Loss: 0.9693	Val Accuracy: 42.52
Training Epoch: 167/200	Train Loss: 0.1785	Val Accuracy: 42.52
Training Epoch: 168/200	Train Loss: 0.0845	Val Accuracy: 43.06
Training Epoch: 169/200	Train Loss: 0.0856	Val Accuracy: 43.06
Training Epoch: 170/200	Train Loss: 0.113	Val Accuracy: 42.78
Training Epoch: 171/200	Train Loss: 0.2491	Val Accuracy: 42.78
Training Epoch: 172/200	Train Loss: 0.1069	Val Accuracy: 44.12
Training Epoch: 173/200	Train Loss: 0.3636	Val Accuracy: 44.12
Training Epoch: 174/200	Train Loss: 0.0741	Val Accuracy: 43.72
Training Epoch: 175/200	Train Loss: 0.1471	Val Accuracy: 43.72
Training Epoch: 176/200	Train Loss: 0.137	Val Accuracy: 43.08
Training Epoch: 177/200	Train Loss: 0.2847	Val Accuracy: 43.08
Training Epoch: 178/200	Train Loss: 0.4777	Val Accuracy: 42.54
Training Epoch: 179/200	Train Loss: 0.1511	Val Accuracy: 42.54
Training Epoch: 180/200	Train Loss: 0.3351	Val Accuracy: 42.54
Training Epoch: 181/200	Train Loss: 0.0296	Val Accuracy: 42.54
Training Epoch: 182/200	Train Loss: 0.0876	Val Accuracy: 42.76
Training Epoch: 183/200	Train Loss: 0.2278	Val Accuracy: 42.76
Training Epoch: 184/200	Train Loss: 0.1075	Val Accuracy: 43.02
Training Epoch: 185/200	Train Loss: 0.0561	Val Accuracy: 43.02
Training Epoch: 186/200	Train Loss: 0.4961	Val Accuracy: 43.36
Training Epoch: 187/200	Train Loss: 0.0553	Val Accuracy: 43.36
Training Epoch: 188/200	Train Loss: 0.3672	Val Accuracy: 43.22
Training Epoch: 189/200	Train Loss: 0.3789	Val Accuracy: 43.22
Training Epoch: 190/200	Train Loss: 0.0398	Val Accuracy: 42.9
Training Epoch: 191/200	Train Loss: 0.0484	Val Accuracy: 42.9
Training Epoch: 192/200	Train Loss: 0.1299	Val Accuracy: 43.02
Training Epoch: 193/200	Train Loss: 0.3731	Val Accuracy: 43.02
Training Epoch: 194/200	Train Loss: 0.0546	Val Accuracy: 42.92
Training Epoch: 195/200	Train Loss: 0.253	Val Accuracy: 42.92
Training Epoch: 196/200	Train Loss: 0.1117	Val Accuracy: 42.86
Training Epoch: 197/200	Train Loss: 0.091	Val Accuracy: 42.86
Training Epoch: 198/200	Train Loss: 0.225	Val Accuracy: 42.64
Training Epoch: 199/200	Train Loss: 0.3695	Val Accuracy: 42.64
Training Epoch: 200/200	Train Loss: 0.2009	Val Accuracy: 43.14

Wrote Best Model Checkpoint to: vlBest_acc_44_model_epoch_0172.pyth

Best Validation Accuracy: 44.12
Best Epoch: 172

======== TESTING ========

Test Accuracy: 43.48.

======== ACTIVE SAMPLING ========

ProbCover adaptive delta: base=0.2500, effective=0.2125, scale=0.85, phase=post_label_shrink, labeled_count=900
[ID cache] loaded: /scratch/s219110279/idpc_cache/resnet50/CIFAR10/seed1/mle_local_k50.npy
[kNN cache] loaded: /scratch/s219110279/idpc_cache/resnet50/CIFAR10/seed1/knn_k50.npz
[IDProbCover] it=000 pick_rel=11780 ID=6.921 pick_global=12325 best_gain=1 covered=0.095 maxdeg=1
[IDProbCover] it=001 pick_rel=12374 ID=6.922 pick_global=12996 best_gain=1 covered=0.095 maxdeg=1
[IDProbCover] it=002 pick_rel=35767 ID=6.943 pick_global=39548 best_gain=1 covered=0.095 maxdeg=1
[IDProbCover] it=003 pick_rel=22380 ID=6.968 pick_global=24333 best_gain=1 covered=0.095 maxdeg=1
[IDProbCover] it=004 pick_rel=30479 ID=7.039 pick_global=33521 best_gain=1 covered=0.095 maxdeg=1
[IDProbCover] it=005 pick_rel=35205 ID=7.120 pick_global=38894 best_gain=1 covered=0.095 maxdeg=1
[IDProbCover] it=006 pick_rel=42452 ID=7.155 pick_global=47113 best_gain=1 covered=0.096 maxdeg=1
[IDProbCover] it=007 pick_rel=28154 ID=7.191 pick_global=30876 best_gain=1 covered=0.096 maxdeg=1
[IDProbCover] it=008 pick_rel=14799 ID=7.195 pick_global=15735 best_gain=1 covered=0.096 maxdeg=1
[IDProbCover] it=009 pick_rel=21640 ID=7.233 pick_global=23481 best_gain=1 covered=0.096 maxdeg=1
[IDProbCover] it=010 pick_rel=35682 ID=7.252 pick_global=39444 best_gain=1 covered=0.096 maxdeg=1
[IDProbCover] it=011 pick_rel=39432 ID=7.278 pick_global=43738 best_gain=1 covered=0.096 maxdeg=1
[IDProbCover] it=012 pick_rel=34764 ID=7.283 pick_global=38388 best_gain=1 covered=0.096 maxdeg=1
[IDProbCover] it=013 pick_rel=8642 ID=7.305 pick_global=8764 best_gain=1 covered=0.096 maxdeg=1
[IDProbCover] it=014 pick_rel=34065 ID=7.308 pick_global=37583 best_gain=1 covered=0.096 maxdeg=1
[IDProbCover] it=015 pick_rel=11345 ID=7.356 pick_global=11837 best_gain=1 covered=0.096 maxdeg=1
[IDProbCover] it=016 pick_rel=32741 ID=7.357 pick_global=36106 best_gain=1 covered=0.096 maxdeg=1
[IDProbCover] it=017 pick_rel=17849 ID=7.359 pick_global=19173 best_gain=1 covered=0.096 maxdeg=1
[IDProbCover] it=018 pick_rel=13312 ID=7.375 pick_global=14047 best_gain=1 covered=0.096 maxdeg=1
[IDProbCover] it=019 pick_rel=31422 ID=7.385 pick_global=34608 best_gain=1 covered=0.096 maxdeg=1
[IDProbCover] it=020 pick_rel=21891 ID=7.388 pick_global=23776 best_gain=1 covered=0.096 maxdeg=1
[IDProbCover] it=021 pick_rel=1925 ID=7.402 pick_global=1144 best_gain=1 covered=0.096 maxdeg=1
[IDProbCover] it=022 pick_rel=22967 ID=7.410 pick_global=25013 best_gain=1 covered=0.096 maxdeg=1
[IDProbCover] it=023 pick_rel=27269 ID=7.412 pick_global=29895 best_gain=1 covered=0.096 maxdeg=1
[IDProbCover] it=024 pick_rel=40561 ID=7.412 pick_global=45001 best_gain=1 covered=0.096 maxdeg=1
[IDProbCover] it=025 pick_rel=27964 ID=7.417 pick_global=30668 best_gain=1 covered=0.096 maxdeg=1
[IDProbCover] it=026 pick_rel=22309 ID=7.446 pick_global=24254 best_gain=1 covered=0.096 maxdeg=1
[IDProbCover] it=027 pick_rel=30188 ID=7.452 pick_global=33193 best_gain=1 covered=0.096 maxdeg=1
[IDProbCover] it=028 pick_rel=22890 ID=7.462 pick_global=24919 best_gain=1 covered=0.096 maxdeg=1
[IDProbCover] it=029 pick_rel=39238 ID=7.486 pick_global=43525 best_gain=1 covered=0.096 maxdeg=1
[IDProbCover] it=030 pick_rel=13908 ID=7.496 pick_global=14718 best_gain=1 covered=0.096 maxdeg=1
[IDProbCover] it=031 pick_rel=35539 ID=7.509 pick_global=39286 best_gain=1 covered=0.096 maxdeg=1
[IDProbCover] it=032 pick_rel=21440 ID=7.510 pick_global=23252 best_gain=1 covered=0.096 maxdeg=1
[IDProbCover] it=033 pick_rel=41920 ID=7.525 pick_global=46529 best_gain=1 covered=0.096 maxdeg=1
[IDProbCover] it=034 pick_rel=27748 ID=7.537 pick_global=30428 best_gain=1 covered=0.096 maxdeg=1
[IDProbCover] it=035 pick_rel=16167 ID=7.553 pick_global=17293 best_gain=1 covered=0.096 maxdeg=1
[IDProbCover] it=036 pick_rel=8175 ID=7.566 pick_global=8240 best_gain=1 covered=0.096 maxdeg=1
[IDProbCover] it=037 pick_rel=20503 ID=7.566 pick_global=22179 best_gain=1 covered=0.096 maxdeg=1
[IDProbCover] it=038 pick_rel=2420 ID=7.571 pick_global=1692 best_gain=1 covered=0.096 maxdeg=1
[IDProbCover] it=039 pick_rel=17824 ID=7.587 pick_global=19142 best_gain=1 covered=0.096 maxdeg=1
[IDProbCover] it=040 pick_rel=18842 ID=7.591 pick_global=20295 best_gain=1 covered=0.096 maxdeg=1
[IDProbCover] it=041 pick_rel=40945 ID=7.597 pick_global=45432 best_gain=1 covered=0.096 maxdeg=1
[IDProbCover] it=042 pick_rel=11457 ID=7.598 pick_global=11959 best_gain=1 covered=0.096 maxdeg=1
[IDProbCover] it=043 pick_rel=29734 ID=7.605 pick_global=32662 best_gain=1 covered=0.096 maxdeg=1
[IDProbCover] it=044 pick_rel=6846 ID=7.608 pick_global=6731 best_gain=1 covered=0.096 maxdeg=1
[IDProbCover] it=045 pick_rel=38190 ID=7.608 pick_global=42330 best_gain=1 covered=0.096 maxdeg=1
[IDProbCover] it=046 pick_rel=18431 ID=7.614 pick_global=19832 best_gain=1 covered=0.096 maxdeg=1
[IDProbCover] it=047 pick_rel=21789 ID=7.615 pick_global=23656 best_gain=1 covered=0.096 maxdeg=1
[IDProbCover] it=048 pick_rel=39149 ID=7.628 pick_global=43417 best_gain=1 covered=0.096 maxdeg=1
[IDProbCover] it=049 pick_rel=15518 ID=7.629 pick_global=16559 best_gain=1 covered=0.096 maxdeg=1
Coverage selection metadata: active=False (mode=id_prob_cover, variant=unknown, delta=0.2125, phase=id_adaptive, bald_mean=0.0000, bald_max=0.0000, variance_mean=0.0000, variance_max=0.0000, dropout_iters=0, cover_anchors=0, diversity_lambda=0.00, selected_id_mean=7.3949, selected_signal_mean=0.0000, selected_radius_mean=0.4789, k_id=50, k_knn=50, alpha=1.00)
Active Sampling Complete. After Episode 17:
New Labeled Set: 950, New Unlabeled Set: 44050, Active Set: 50

================================


Current accuracy values:  [20.200000000000003, 17.099999999999994, 17.400000000000006, 20.58, 27.079999389648435, 31.479999351501462, 32.029999275207516, 34.08999900817871, 30.869999351501463, 35.82999870300293, 39.559998474121095, 39.29999870300293, 38.10999900817871, 43.189998664855956, 43.60999904632568, 42.59999881744385, 42.33999858856201, 43.47999885559082]
Starting model from scratch - ignoring existing weights.
<All keys matched successfully>
None
======== EPISODE 18 BEGINS ========

======== TRAINING ========
Training Epoch: 1/200	Train Loss: 16.5664	Val Accuracy: 0.0
Training Epoch: 2/200	Train Loss: 4.4634	Val Accuracy: 9.88
Training Epoch: 3/200	Train Loss: 2.8483	Val Accuracy: 9.88
Training Epoch: 4/200	Train Loss: 3.4888	Val Accuracy: 13.0
Training Epoch: 5/200	Train Loss: 4.1659	Val Accuracy: 13.0
Training Epoch: 6/200	Train Loss: 3.592	Val Accuracy: 12.0
Training Epoch: 7/200	Train Loss: 3.1481	Val Accuracy: 12.0
Training Epoch: 8/200	Train Loss: 4.5513	Val Accuracy: 8.68
Training Epoch: 9/200	Train Loss: 2.325	Val Accuracy: 8.68
Training Epoch: 10/200	Train Loss: 2.7168	Val Accuracy: 14.9
Training Epoch: 11/200	Train Loss: 3.6517	Val Accuracy: 14.9
Training Epoch: 12/200	Train Loss: 2.4565	Val Accuracy: 13.94
Training Epoch: 13/200	Train Loss: 2.8083	Val Accuracy: 13.94
Training Epoch: 14/200	Train Loss: 2.8186	Val Accuracy: 14.7
Training Epoch: 15/200	Train Loss: 3.2688	Val Accuracy: 14.7
Training Epoch: 16/200	Train Loss: 3.0445	Val Accuracy: 15.96
Training Epoch: 17/200	Train Loss: 2.7249	Val Accuracy: 15.96
Training Epoch: 18/200	Train Loss: 1.9924	Val Accuracy: 15.6
Training Epoch: 19/200	Train Loss: 2.1714	Val Accuracy: 15.6
Training Epoch: 20/200	Train Loss: 2.2887	Val Accuracy: 18.5
Training Epoch: 21/200	Train Loss: 2.6634	Val Accuracy: 18.5
Training Epoch: 22/200	Train Loss: 3.9035	Val Accuracy: 20.24
Training Epoch: 23/200	Train Loss: 2.3585	Val Accuracy: 20.24
Training Epoch: 24/200	Train Loss: 2.4103	Val Accuracy: 23.4
Training Epoch: 25/200	Train Loss: 2.0868	Val Accuracy: 23.4
Training Epoch: 26/200	Train Loss: 2.4282	Val Accuracy: 22.82
Training Epoch: 27/200	Train Loss: 2.4932	Val Accuracy: 22.82
Training Epoch: 28/200	Train Loss: 1.9565	Val Accuracy: 24.1
Training Epoch: 29/200	Train Loss: 2.8039	Val Accuracy: 24.1
Training Epoch: 30/200	Train Loss: 2.8256	Val Accuracy: 22.32
Training Epoch: 31/200	Train Loss: 2.704	Val Accuracy: 22.32
Training Epoch: 32/200	Train Loss: 2.3437	Val Accuracy: 27.24
Training Epoch: 33/200	Train Loss: 2.3637	Val Accuracy: 27.24
Training Epoch: 34/200	Train Loss: 1.9776	Val Accuracy: 27.04
Training Epoch: 35/200	Train Loss: 2.5166	Val Accuracy: 27.04
Training Epoch: 36/200	Train Loss: 2.0202	Val Accuracy: 27.38
Training Epoch: 37/200	Train Loss: 1.6074	Val Accuracy: 27.38
Training Epoch: 38/200	Train Loss: 2.2469	Val Accuracy: 29.24
Training Epoch: 39/200	Train Loss: 1.6293	Val Accuracy: 29.24
Training Epoch: 40/200	Train Loss: 1.2918	Val Accuracy: 27.7
Training Epoch: 41/200	Train Loss: 1.692	Val Accuracy: 27.7
Training Epoch: 42/200	Train Loss: 2.1321	Val Accuracy: 28.06
Training Epoch: 43/200	Train Loss: 2.0067	Val Accuracy: 28.06
Training Epoch: 44/200	Train Loss: 2.3065	Val Accuracy: 30.52
Training Epoch: 45/200	Train Loss: 1.9079	Val Accuracy: 30.52
Training Epoch: 46/200	Train Loss: 1.9653	Val Accuracy: 29.84
Training Epoch: 47/200	Train Loss: 1.9188	Val Accuracy: 29.84
Training Epoch: 48/200	Train Loss: 1.5707	Val Accuracy: 30.68
Training Epoch: 49/200	Train Loss: 2.159	Val Accuracy: 30.68
Training Epoch: 50/200	Train Loss: 1.6558	Val Accuracy: 31.3
Training Epoch: 51/200	Train Loss: 1.9627	Val Accuracy: 31.3
Training Epoch: 52/200	Train Loss: 1.7547	Val Accuracy: 31.6
Training Epoch: 53/200	Train Loss: 1.9528	Val Accuracy: 31.6
Training Epoch: 54/200	Train Loss: 1.3357	Val Accuracy: 32.08
Training Epoch: 55/200	Train Loss: 2.0686	Val Accuracy: 32.08
Training Epoch: 56/200	Train Loss: 1.9313	Val Accuracy: 33.6
Training Epoch: 57/200	Train Loss: 1.55	Val Accuracy: 33.6
Training Epoch: 58/200	Train Loss: 1.1599	Val Accuracy: 34.28
Training Epoch: 59/200	Train Loss: 1.6075	Val Accuracy: 34.28
Training Epoch: 60/200	Train Loss: 1.3169	Val Accuracy: 33.64
Training Epoch: 61/200	Train Loss: 1.4339	Val Accuracy: 33.64
Training Epoch: 62/200	Train Loss: 1.158	Val Accuracy: 31.8
Training Epoch: 63/200	Train Loss: 1.5886	Val Accuracy: 31.8
Training Epoch: 64/200	Train Loss: 1.2342	Val Accuracy: 31.96
Training Epoch: 65/200	Train Loss: 1.5018	Val Accuracy: 31.96
Training Epoch: 66/200	Train Loss: 1.3261	Val Accuracy: 33.56
Training Epoch: 67/200	Train Loss: 1.3388	Val Accuracy: 33.56
Training Epoch: 68/200	Train Loss: 1.6646	Val Accuracy: 33.86
Training Epoch: 69/200	Train Loss: 1.1315	Val Accuracy: 33.86
Training Epoch: 70/200	Train Loss: 1.3568	Val Accuracy: 35.66
Training Epoch: 71/200	Train Loss: 1.0863	Val Accuracy: 35.66
Training Epoch: 72/200	Train Loss: 1.0447	Val Accuracy: 35.16
Training Epoch: 73/200	Train Loss: 1.3079	Val Accuracy: 35.16
Training Epoch: 74/200	Train Loss: 1.0331	Val Accuracy: 36.12
Training Epoch: 75/200	Train Loss: 1.3579	Val Accuracy: 36.12
Training Epoch: 76/200	Train Loss: 1.0216	Val Accuracy: 35.28
Training Epoch: 77/200	Train Loss: 0.8926	Val Accuracy: 35.28
Training Epoch: 78/200	Train Loss: 1.1849	Val Accuracy: 35.14
Training Epoch: 79/200	Train Loss: 1.0087	Val Accuracy: 35.14
Training Epoch: 80/200	Train Loss: 0.9049	Val Accuracy: 35.88
Training Epoch: 81/200	Train Loss: 0.7905	Val Accuracy: 35.88
Training Epoch: 82/200	Train Loss: 1.5037	Val Accuracy: 32.7
Training Epoch: 83/200	Train Loss: 1.5027	Val Accuracy: 32.7
Training Epoch: 84/200	Train Loss: 1.0333	Val Accuracy: 35.24
Training Epoch: 85/200	Train Loss: 1.2855	Val Accuracy: 35.24
Training Epoch: 86/200	Train Loss: 0.9076	Val Accuracy: 35.88
Training Epoch: 87/200	Train Loss: 0.9974	Val Accuracy: 35.88
Training Epoch: 88/200	Train Loss: 0.8112	Val Accuracy: 36.42
Training Epoch: 89/200	Train Loss: 0.8064	Val Accuracy: 36.42
Training Epoch: 90/200	Train Loss: 0.6706	Val Accuracy: 36.52
Training Epoch: 91/200	Train Loss: 0.7586	Val Accuracy: 36.52
Training Epoch: 92/200	Train Loss: 0.7743	Val Accuracy: 36.84
Training Epoch: 93/200	Train Loss: 1.384	Val Accuracy: 36.84
Training Epoch: 94/200	Train Loss: 0.9086	Val Accuracy: 37.04
Training Epoch: 95/200	Train Loss: 0.7592	Val Accuracy: 37.04
Training Epoch: 96/200	Train Loss: 0.5774	Val Accuracy: 38.26
Training Epoch: 97/200	Train Loss: 1.1664	Val Accuracy: 38.26
Training Epoch: 98/200	Train Loss: 0.7742	Val Accuracy: 37.04
Training Epoch: 99/200	Train Loss: 0.7222	Val Accuracy: 37.04
Training Epoch: 100/200	Train Loss: 0.6261	Val Accuracy: 38.76
Training Epoch: 101/200	Train Loss: 0.9218	Val Accuracy: 38.76
Training Epoch: 102/200	Train Loss: 0.5933	Val Accuracy: 36.68
Training Epoch: 103/200	Train Loss: 0.7472	Val Accuracy: 36.68
Training Epoch: 104/200	Train Loss: 0.5965	Val Accuracy: 37.56
Training Epoch: 105/200	Train Loss: 0.8204	Val Accuracy: 37.56
Training Epoch: 106/200	Train Loss: 1.2249	Val Accuracy: 37.54
Training Epoch: 107/200	Train Loss: 0.5309	Val Accuracy: 37.54
Training Epoch: 108/200	Train Loss: 0.6281	Val Accuracy: 37.52
Training Epoch: 109/200	Train Loss: 0.7118	Val Accuracy: 37.52
Training Epoch: 110/200	Train Loss: 0.5745	Val Accuracy: 36.58
Training Epoch: 111/200	Train Loss: 0.4518	Val Accuracy: 36.58
Training Epoch: 112/200	Train Loss: 0.8004	Val Accuracy: 37.04
Training Epoch: 113/200	Train Loss: 0.7156	Val Accuracy: 37.04
Training Epoch: 114/200	Train Loss: 0.5348	Val Accuracy: 37.68
Training Epoch: 115/200	Train Loss: 0.5821	Val Accuracy: 37.68
Training Epoch: 116/200	Train Loss: 0.6909	Val Accuracy: 37.94
Training Epoch: 117/200	Train Loss: 0.5879	Val Accuracy: 37.94
Training Epoch: 118/200	Train Loss: 0.4117	Val Accuracy: 37.4
Training Epoch: 119/200	Train Loss: 0.8608	Val Accuracy: 37.4
Training Epoch: 120/200	Train Loss: 0.712	Val Accuracy: 35.7
Training Epoch: 121/200	Train Loss: 0.5648	Val Accuracy: 35.7
Training Epoch: 122/200	Train Loss: 0.6996	Val Accuracy: 37.34
Training Epoch: 123/200	Train Loss: 0.3806	Val Accuracy: 37.34
Training Epoch: 124/200	Train Loss: 0.4072	Val Accuracy: 37.92
Training Epoch: 125/200	Train Loss: 0.3476	Val Accuracy: 37.92
Training Epoch: 126/200	Train Loss: 0.4897	Val Accuracy: 37.76
Training Epoch: 127/200	Train Loss: 0.4785	Val Accuracy: 37.76
Training Epoch: 128/200	Train Loss: 0.4104	Val Accuracy: 37.34
Training Epoch: 129/200	Train Loss: 0.2024	Val Accuracy: 37.34
Training Epoch: 130/200	Train Loss: 0.7576	Val Accuracy: 37.96
Training Epoch: 131/200	Train Loss: 0.3819	Val Accuracy: 37.96
Training Epoch: 132/200	Train Loss: 0.2574	Val Accuracy: 38.72
Training Epoch: 133/200	Train Loss: 0.4896	Val Accuracy: 38.72
Training Epoch: 134/200	Train Loss: 0.5579	Val Accuracy: 38.44
Training Epoch: 135/200	Train Loss: 0.3656	Val Accuracy: 38.44
Training Epoch: 136/200	Train Loss: 0.4423	Val Accuracy: 38.76
Training Epoch: 137/200	Train Loss: 0.3108	Val Accuracy: 38.76
Training Epoch: 138/200	Train Loss: 0.3432	Val Accuracy: 38.84
Training Epoch: 139/200	Train Loss: 0.1982	Val Accuracy: 38.84
Training Epoch: 140/200	Train Loss: 0.3441	Val Accuracy: 38.8
Training Epoch: 141/200	Train Loss: 0.4173	Val Accuracy: 38.8
Training Epoch: 142/200	Train Loss: 0.2512	Val Accuracy: 39.58
Training Epoch: 143/200	Train Loss: 0.2915	Val Accuracy: 39.58
Training Epoch: 144/200	Train Loss: 0.4691	Val Accuracy: 37.5
Training Epoch: 145/200	Train Loss: 0.1724	Val Accuracy: 37.5
Training Epoch: 146/200	Train Loss: 0.3177	Val Accuracy: 38.58
Training Epoch: 147/200	Train Loss: 0.3232	Val Accuracy: 38.58
Training Epoch: 148/200	Train Loss: 0.4669	Val Accuracy: 38.78
Training Epoch: 149/200	Train Loss: 0.2261	Val Accuracy: 38.78
Training Epoch: 150/200	Train Loss: 0.342	Val Accuracy: 39.46
Training Epoch: 151/200	Train Loss: 0.258	Val Accuracy: 39.46
Training Epoch: 152/200	Train Loss: 0.3165	Val Accuracy: 38.42
Training Epoch: 153/200	Train Loss: 0.2027	Val Accuracy: 38.42
Training Epoch: 154/200	Train Loss: 0.2278	Val Accuracy: 38.58
Training Epoch: 155/200	Train Loss: 0.3803	Val Accuracy: 38.58
Training Epoch: 156/200	Train Loss: 0.4113	Val Accuracy: 38.52
Training Epoch: 157/200	Train Loss: 0.2315	Val Accuracy: 38.52
Training Epoch: 158/200	Train Loss: 0.0701	Val Accuracy: 38.96
Training Epoch: 159/200	Train Loss: 0.2673	Val Accuracy: 38.96
Training Epoch: 160/200	Train Loss: 0.2379	Val Accuracy: 39.6
Training Epoch: 161/200	Train Loss: 0.1233	Val Accuracy: 39.6
Training Epoch: 162/200	Train Loss: 0.1687	Val Accuracy: 38.38
Training Epoch: 163/200	Train Loss: 0.3087	Val Accuracy: 38.38
Training Epoch: 164/200	Train Loss: 0.3355	Val Accuracy: 39.34
Training Epoch: 165/200	Train Loss: 0.2291	Val Accuracy: 39.34
Training Epoch: 166/200	Train Loss: 0.5075	Val Accuracy: 38.02
Training Epoch: 167/200	Train Loss: 0.1965	Val Accuracy: 38.02
Training Epoch: 168/200	Train Loss: 0.3695	Val Accuracy: 39.28
Training Epoch: 169/200	Train Loss: 0.089	Val Accuracy: 39.28
Training Epoch: 170/200	Train Loss: 0.189	Val Accuracy: 38.9
Training Epoch: 171/200	Train Loss: 0.1399	Val Accuracy: 38.9
Training Epoch: 172/200	Train Loss: 0.3301	Val Accuracy: 39.34
Training Epoch: 173/200	Train Loss: 0.1472	Val Accuracy: 39.34
Training Epoch: 174/200	Train Loss: 0.3651	Val Accuracy: 39.22
Training Epoch: 175/200	Train Loss: 0.3902	Val Accuracy: 39.22
Training Epoch: 176/200	Train Loss: 0.0552	Val Accuracy: 38.66
Training Epoch: 177/200	Train Loss: 0.0981	Val Accuracy: 38.66
Training Epoch: 178/200	Train Loss: 0.1309	Val Accuracy: 40.28
Training Epoch: 179/200	Train Loss: 0.348	Val Accuracy: 40.28
Training Epoch: 180/200	Train Loss: 0.4118	Val Accuracy: 39.04
Training Epoch: 181/200	Train Loss: 0.3057	Val Accuracy: 39.04
Training Epoch: 182/200	Train Loss: 0.1428	Val Accuracy: 38.6
Training Epoch: 183/200	Train Loss: 0.2719	Val Accuracy: 38.6
Training Epoch: 184/200	Train Loss: 0.0996	Val Accuracy: 39.76
Training Epoch: 185/200	Train Loss: 0.0352	Val Accuracy: 39.76
Training Epoch: 186/200	Train Loss: 0.1123	Val Accuracy: 38.96
Training Epoch: 187/200	Train Loss: 0.054	Val Accuracy: 38.96
Training Epoch: 188/200	Train Loss: 0.2016	Val Accuracy: 39.68
Training Epoch: 189/200	Train Loss: 0.3059	Val Accuracy: 39.68
Training Epoch: 190/200	Train Loss: 0.8304	Val Accuracy: 38.98
Training Epoch: 191/200	Train Loss: 0.0383	Val Accuracy: 38.98
Training Epoch: 192/200	Train Loss: 0.3742	Val Accuracy: 38.96
Training Epoch: 193/200	Train Loss: 0.1669	Val Accuracy: 38.96
Training Epoch: 194/200	Train Loss: 0.1766	Val Accuracy: 39.02
Training Epoch: 195/200	Train Loss: 0.0846	Val Accuracy: 39.02
Training Epoch: 196/200	Train Loss: 0.1369	Val Accuracy: 39.48
Training Epoch: 197/200	Train Loss: 0.0994	Val Accuracy: 39.48
Training Epoch: 198/200	Train Loss: 0.0645	Val Accuracy: 39.48
Training Epoch: 199/200	Train Loss: 0.0843	Val Accuracy: 39.48
Training Epoch: 200/200	Train Loss: 0.2094	Val Accuracy: 39.42

Wrote Best Model Checkpoint to: vlBest_acc_40_model_epoch_0178.pyth

Best Validation Accuracy: 40.28
Best Epoch: 178

======== TESTING ========

Test Accuracy: 39.25.

======== ACTIVE SAMPLING ========

ProbCover adaptive delta: base=0.2500, effective=0.2125, scale=0.85, phase=post_label_shrink, labeled_count=950
[ID cache] loaded: /scratch/s219110279/idpc_cache/resnet50/CIFAR10/seed1/mle_local_k50.npy
[kNN cache] loaded: /scratch/s219110279/idpc_cache/resnet50/CIFAR10/seed1/knn_k50.npz
[IDProbCover] it=000 pick_rel=25735 ID=7.634 pick_global=28138 best_gain=1 covered=0.096 maxdeg=1
[IDProbCover] it=001 pick_rel=32550 ID=7.653 pick_global=35873 best_gain=1 covered=0.097 maxdeg=1
[IDProbCover] it=002 pick_rel=7586 ID=7.658 pick_global=7523 best_gain=1 covered=0.097 maxdeg=1
[IDProbCover] it=003 pick_rel=8897 ID=7.679 pick_global=8997 best_gain=1 covered=0.097 maxdeg=1
[IDProbCover] it=004 pick_rel=31798 ID=7.695 pick_global=35021 best_gain=1 covered=0.097 maxdeg=1
[IDProbCover] it=005 pick_rel=17458 ID=7.699 pick_global=18696 best_gain=1 covered=0.097 maxdeg=1
[IDProbCover] it=006 pick_rel=24263 ID=7.720 pick_global=26454 best_gain=1 covered=0.097 maxdeg=1
[IDProbCover] it=007 pick_rel=32153 ID=7.721 pick_global=35431 best_gain=1 covered=0.097 maxdeg=1
[IDProbCover] it=008 pick_rel=41168 ID=7.723 pick_global=45680 best_gain=1 covered=0.097 maxdeg=1
[IDProbCover] it=009 pick_rel=11241 ID=7.731 pick_global=11665 best_gain=1 covered=0.097 maxdeg=1
[IDProbCover] it=010 pick_rel=18255 ID=7.737 pick_global=19599 best_gain=1 covered=0.097 maxdeg=1
[IDProbCover] it=011 pick_rel=30455 ID=7.749 pick_global=33469 best_gain=1 covered=0.097 maxdeg=1
[IDProbCover] it=012 pick_rel=36986 ID=7.750 pick_global=40956 best_gain=1 covered=0.097 maxdeg=1
[IDProbCover] it=013 pick_rel=35447 ID=7.750 pick_global=39168 best_gain=1 covered=0.097 maxdeg=1
[IDProbCover] it=014 pick_rel=37573 ID=7.752 pick_global=41619 best_gain=1 covered=0.097 maxdeg=1
[IDProbCover] it=015 pick_rel=38564 ID=7.756 pick_global=42747 best_gain=1 covered=0.097 maxdeg=1
[IDProbCover] it=016 pick_rel=6192 ID=7.765 pick_global=5923 best_gain=1 covered=0.097 maxdeg=1
[IDProbCover] it=017 pick_rel=36961 ID=7.767 pick_global=40929 best_gain=1 covered=0.097 maxdeg=1
[IDProbCover] it=018 pick_rel=11737 ID=7.768 pick_global=12225 best_gain=1 covered=0.097 maxdeg=1
[IDProbCover] it=019 pick_rel=32119 ID=7.769 pick_global=35391 best_gain=1 covered=0.097 maxdeg=1
[IDProbCover] it=020 pick_rel=35535 ID=7.769 pick_global=39271 best_gain=1 covered=0.097 maxdeg=1
[IDProbCover] it=021 pick_rel=29434 ID=7.779 pick_global=32308 best_gain=1 covered=0.097 maxdeg=1
[IDProbCover] it=022 pick_rel=28334 ID=7.779 pick_global=31050 best_gain=1 covered=0.097 maxdeg=1
[IDProbCover] it=023 pick_rel=14912 ID=7.781 pick_global=15822 best_gain=1 covered=0.097 maxdeg=1
[IDProbCover] it=024 pick_rel=28824 ID=7.788 pick_global=31602 best_gain=1 covered=0.097 maxdeg=1
[IDProbCover] it=025 pick_rel=24607 ID=7.790 pick_global=26842 best_gain=1 covered=0.097 maxdeg=1
[IDProbCover] it=026 pick_rel=10836 ID=7.800 pick_global=11207 best_gain=1 covered=0.097 maxdeg=1
[IDProbCover] it=027 pick_rel=8353 ID=7.817 pick_global=8388 best_gain=1 covered=0.097 maxdeg=1
[IDProbCover] it=028 pick_rel=11138 ID=7.820 pick_global=11548 best_gain=1 covered=0.097 maxdeg=1
[IDProbCover] it=029 pick_rel=10739 ID=7.822 pick_global=11101 best_gain=1 covered=0.097 maxdeg=1
[IDProbCover] it=030 pick_rel=27809 ID=7.835 pick_global=30471 best_gain=1 covered=0.097 maxdeg=1
[IDProbCover] it=031 pick_rel=2420 ID=7.836 pick_global=1634 best_gain=1 covered=0.097 maxdeg=1
[IDProbCover] it=032 pick_rel=21607 ID=7.836 pick_global=23414 best_gain=1 covered=0.097 maxdeg=1
[IDProbCover] it=033 pick_rel=31126 ID=7.838 pick_global=34254 best_gain=1 covered=0.097 maxdeg=1
[IDProbCover] it=034 pick_rel=5787 ID=7.839 pick_global=5472 best_gain=1 covered=0.097 maxdeg=1
[IDProbCover] it=035 pick_rel=11948 ID=7.844 pick_global=12473 best_gain=1 covered=0.097 maxdeg=1
[IDProbCover] it=036 pick_rel=17961 ID=7.845 pick_global=19263 best_gain=1 covered=0.097 maxdeg=1
[IDProbCover] it=037 pick_rel=7751 ID=7.851 pick_global=7709 best_gain=1 covered=0.097 maxdeg=1
[IDProbCover] it=038 pick_rel=27908 ID=7.855 pick_global=30581 best_gain=1 covered=0.097 maxdeg=1
[IDProbCover] it=039 pick_rel=42122 ID=7.856 pick_global=46747 best_gain=1 covered=0.097 maxdeg=1
[IDProbCover] it=040 pick_rel=2628 ID=7.863 pick_global=1877 best_gain=1 covered=0.097 maxdeg=1
[IDProbCover] it=041 pick_rel=15662 ID=7.879 pick_global=16681 best_gain=1 covered=0.097 maxdeg=1
[IDProbCover] it=042 pick_rel=39109 ID=7.882 pick_global=43366 best_gain=1 covered=0.097 maxdeg=1
[IDProbCover] it=043 pick_rel=3497 ID=7.891 pick_global=2855 best_gain=1 covered=0.097 maxdeg=1
[IDProbCover] it=044 pick_rel=6721 ID=7.902 pick_global=6534 best_gain=1 covered=0.097 maxdeg=1
[IDProbCover] it=045 pick_rel=38447 ID=7.902 pick_global=42618 best_gain=1 covered=0.097 maxdeg=1
[IDProbCover] it=046 pick_rel=18183 ID=7.923 pick_global=19511 best_gain=1 covered=0.098 maxdeg=1
[IDProbCover] it=047 pick_rel=20183 ID=7.925 pick_global=21781 best_gain=1 covered=0.098 maxdeg=1
[IDProbCover] it=048 pick_rel=14722 ID=7.930 pick_global=15601 best_gain=1 covered=0.098 maxdeg=1
[IDProbCover] it=049 pick_rel=3143 ID=7.934 pick_global=2459 best_gain=1 covered=0.098 maxdeg=1
Coverage selection metadata: active=False (mode=id_prob_cover, variant=unknown, delta=0.2125, phase=id_adaptive, bald_mean=0.0000, bald_max=0.0000, variance_mean=0.0000, variance_max=0.0000, dropout_iters=0, cover_anchors=0, diversity_lambda=0.00, selected_id_mean=7.7977, selected_signal_mean=0.0000, selected_radius_mean=0.4539, k_id=50, k_knn=50, alpha=1.00)
Active Sampling Complete. After Episode 18:
New Labeled Set: 1000, New Unlabeled Set: 44000, Active Set: 50

================================


Current accuracy values:  [20.200000000000003, 17.099999999999994, 17.400000000000006, 20.58, 27.079999389648435, 31.479999351501462, 32.029999275207516, 34.08999900817871, 30.869999351501463, 35.82999870300293, 39.559998474121095, 39.29999870300293, 38.10999900817871, 43.189998664855956, 43.60999904632568, 42.59999881744385, 42.33999858856201, 43.47999885559082, 39.24999843597412]
Starting model from scratch - ignoring existing weights.
<All keys matched successfully>
None
======== EPISODE 19 BEGINS ========

======== TRAINING ========
Training Epoch: 1/200	Train Loss: 9.9662	Val Accuracy: 0.0
Training Epoch: 2/200	Train Loss: 5.7665	Val Accuracy: 9.76
Training Epoch: 3/200	Train Loss: 5.1382	Val Accuracy: 9.76
Training Epoch: 4/200	Train Loss: 3.6665	Val Accuracy: 10.54
Training Epoch: 5/200	Train Loss: 2.2665	Val Accuracy: 10.54
Training Epoch: 6/200	Train Loss: 2.2565	Val Accuracy: 12.38
Training Epoch: 7/200	Train Loss: 3.4804	Val Accuracy: 12.38
Training Epoch: 8/200	Train Loss: 4.138	Val Accuracy: 15.82
Training Epoch: 9/200	Train Loss: 6.8453	Val Accuracy: 15.82
Training Epoch: 10/200	Train Loss: 2.859	Val Accuracy: 17.12
Training Epoch: 11/200	Train Loss: 3.0505	Val Accuracy: 17.12
Training Epoch: 12/200	Train Loss: 4.5753	Val Accuracy: 19.8
Training Epoch: 13/200	Train Loss: 2.7378	Val Accuracy: 19.8
Training Epoch: 14/200	Train Loss: 2.1793	Val Accuracy: 19.88
Training Epoch: 15/200	Train Loss: 1.9444	Val Accuracy: 19.88
Training Epoch: 16/200	Train Loss: 3.1545	Val Accuracy: 19.64
Training Epoch: 17/200	Train Loss: 2.4133	Val Accuracy: 19.64
Training Epoch: 18/200	Train Loss: 3.8447	Val Accuracy: 23.42
Training Epoch: 19/200	Train Loss: 1.7273	Val Accuracy: 23.42
Training Epoch: 20/200	Train Loss: 2.117	Val Accuracy: 24.54
Training Epoch: 21/200	Train Loss: 1.9199	Val Accuracy: 24.54
Training Epoch: 22/200	Train Loss: 3.3133	Val Accuracy: 27.2
Training Epoch: 23/200	Train Loss: 1.7233	Val Accuracy: 27.2
Training Epoch: 24/200	Train Loss: 6.1899	Val Accuracy: 16.7
Training Epoch: 25/200	Train Loss: 2.9781	Val Accuracy: 16.7
Training Epoch: 26/200	Train Loss: 4.2015	Val Accuracy: 23.0
Training Epoch: 27/200	Train Loss: 2.101	Val Accuracy: 23.0
Training Epoch: 28/200	Train Loss: 2.2491	Val Accuracy: 27.0
Training Epoch: 29/200	Train Loss: 1.5444	Val Accuracy: 27.0
Training Epoch: 30/200	Train Loss: 1.7073	Val Accuracy: 31.66
Training Epoch: 31/200	Train Loss: 1.8258	Val Accuracy: 31.66
Training Epoch: 32/200	Train Loss: 2.9646	Val Accuracy: 32.52
Training Epoch: 33/200	Train Loss: 3.3669	Val Accuracy: 32.52
Training Epoch: 34/200	Train Loss: 2.7029	Val Accuracy: 32.06
Training Epoch: 35/200	Train Loss: 2.2468	Val Accuracy: 32.06
Training Epoch: 36/200	Train Loss: 1.8403	Val Accuracy: 24.74
Training Epoch: 37/200	Train Loss: 1.8183	Val Accuracy: 24.74
Training Epoch: 38/200	Train Loss: 2.2067	Val Accuracy: 30.7
Training Epoch: 39/200	Train Loss: 1.3933	Val Accuracy: 30.7
Training Epoch: 40/200	Train Loss: 1.443	Val Accuracy: 34.1
Training Epoch: 41/200	Train Loss: 1.8681	Val Accuracy: 34.1
Training Epoch: 42/200	Train Loss: 1.1196	Val Accuracy: 36.4
Training Epoch: 43/200	Train Loss: 1.3243	Val Accuracy: 36.4
Training Epoch: 44/200	Train Loss: 2.2141	Val Accuracy: 15.82
Training Epoch: 45/200	Train Loss: 1.6664	Val Accuracy: 15.82
Training Epoch: 46/200	Train Loss: 1.3916	Val Accuracy: 32.16
Training Epoch: 47/200	Train Loss: 2.4971	Val Accuracy: 32.16
Training Epoch: 48/200	Train Loss: 2.243	Val Accuracy: 36.94
Training Epoch: 49/200	Train Loss: 2.4349	Val Accuracy: 36.94
Training Epoch: 50/200	Train Loss: 2.6162	Val Accuracy: 10.76
Training Epoch: 51/200	Train Loss: 1.6562	Val Accuracy: 10.76
Training Epoch: 52/200	Train Loss: 1.4653	Val Accuracy: 13.82
Training Epoch: 53/200	Train Loss: 1.4014	Val Accuracy: 13.82
Training Epoch: 54/200	Train Loss: 2.0329	Val Accuracy: 32.48
Training Epoch: 55/200	Train Loss: 1.7992	Val Accuracy: 32.48
Training Epoch: 56/200	Train Loss: 1.2747	Val Accuracy: 34.36
Training Epoch: 57/200	Train Loss: 1.8804	Val Accuracy: 34.36
Training Epoch: 58/200	Train Loss: 1.4953	Val Accuracy: 26.56
Training Epoch: 59/200	Train Loss: 2.5006	Val Accuracy: 26.56
Training Epoch: 60/200	Train Loss: 2.5788	Val Accuracy: 30.04
Training Epoch: 61/200	Train Loss: 2.514	Val Accuracy: 30.04
Training Epoch: 62/200	Train Loss: 2.1777	Val Accuracy: 32.78
Training Epoch: 63/200	Train Loss: 1.631	Val Accuracy: 32.78
Training Epoch: 64/200	Train Loss: 1.2072	Val Accuracy: 36.46
Training Epoch: 65/200	Train Loss: 0.9907	Val Accuracy: 36.46
Training Epoch: 66/200	Train Loss: 1.7231	Val Accuracy: 38.36
Training Epoch: 67/200	Train Loss: 1.8307	Val Accuracy: 38.36
Training Epoch: 68/200	Train Loss: 1.5119	Val Accuracy: 37.84
Training Epoch: 69/200	Train Loss: 1.3109	Val Accuracy: 37.84
Training Epoch: 70/200	Train Loss: 3.1168	Val Accuracy: 37.82
Training Epoch: 71/200	Train Loss: 1.1646	Val Accuracy: 37.82
Training Epoch: 72/200	Train Loss: 1.341	Val Accuracy: 38.56
Training Epoch: 73/200	Train Loss: 1.7696	Val Accuracy: 38.56
Training Epoch: 74/200	Train Loss: 0.981	Val Accuracy: 39.36
Training Epoch: 75/200	Train Loss: 0.8561	Val Accuracy: 39.36
Training Epoch: 76/200	Train Loss: 1.3621	Val Accuracy: 39.92
Training Epoch: 77/200	Train Loss: 1.1891	Val Accuracy: 39.92
Training Epoch: 78/200	Train Loss: 1.6024	Val Accuracy: 40.28
Training Epoch: 79/200	Train Loss: 1.0899	Val Accuracy: 40.28
Training Epoch: 80/200	Train Loss: 1.1102	Val Accuracy: 35.66
Training Epoch: 81/200	Train Loss: 0.9965	Val Accuracy: 35.66
Training Epoch: 82/200	Train Loss: 1.2474	Val Accuracy: 37.9
Training Epoch: 83/200	Train Loss: 1.0775	Val Accuracy: 37.9
Training Epoch: 84/200	Train Loss: 1.0614	Val Accuracy: 38.12
Training Epoch: 85/200	Train Loss: 1.4094	Val Accuracy: 38.12
Training Epoch: 86/200	Train Loss: 1.6121	Val Accuracy: 38.5
Training Epoch: 87/200	Train Loss: 0.855	Val Accuracy: 38.5
Training Epoch: 88/200	Train Loss: 1.1041	Val Accuracy: 39.64
Training Epoch: 89/200	Train Loss: 1.2304	Val Accuracy: 39.64
Training Epoch: 90/200	Train Loss: 1.0216	Val Accuracy: 39.88
Training Epoch: 91/200	Train Loss: 1.1836	Val Accuracy: 39.88
Training Epoch: 92/200	Train Loss: 1.2543	Val Accuracy: 40.92
Training Epoch: 93/200	Train Loss: 0.8152	Val Accuracy: 40.92
Training Epoch: 94/200	Train Loss: 0.6186	Val Accuracy: 41.0
Training Epoch: 95/200	Train Loss: 0.7616	Val Accuracy: 41.0
Training Epoch: 96/200	Train Loss: 0.8236	Val Accuracy: 41.22
Training Epoch: 97/200	Train Loss: 0.3728	Val Accuracy: 41.22
Training Epoch: 98/200	Train Loss: 0.4115	Val Accuracy: 41.3
Training Epoch: 99/200	Train Loss: 0.7169	Val Accuracy: 41.3
Training Epoch: 100/200	Train Loss: 0.9032	Val Accuracy: 39.96
Training Epoch: 101/200	Train Loss: 0.9356	Val Accuracy: 39.96
Training Epoch: 102/200	Train Loss: 0.5746	Val Accuracy: 41.2
Training Epoch: 103/200	Train Loss: 1.2737	Val Accuracy: 41.2
Training Epoch: 104/200	Train Loss: 0.8706	Val Accuracy: 41.1
Training Epoch: 105/200	Train Loss: 0.9823	Val Accuracy: 41.1
Training Epoch: 106/200	Train Loss: 0.3601	Val Accuracy: 41.46
Training Epoch: 107/200	Train Loss: 0.5436	Val Accuracy: 41.46
Training Epoch: 108/200	Train Loss: 0.8447	Val Accuracy: 40.84
Training Epoch: 109/200	Train Loss: 0.4035	Val Accuracy: 40.84
Training Epoch: 110/200	Train Loss: 1.0241	Val Accuracy: 39.48
Training Epoch: 111/200	Train Loss: 0.4743	Val Accuracy: 39.48
Training Epoch: 112/200	Train Loss: 0.7609	Val Accuracy: 41.72
Training Epoch: 113/200	Train Loss: 0.6419	Val Accuracy: 41.72
Training Epoch: 114/200	Train Loss: 0.7891	Val Accuracy: 40.36
Training Epoch: 115/200	Train Loss: 0.566	Val Accuracy: 40.36
Training Epoch: 116/200	Train Loss: 0.8053	Val Accuracy: 41.12
Training Epoch: 117/200	Train Loss: 0.5061	Val Accuracy: 41.12
Training Epoch: 118/200	Train Loss: 0.7206	Val Accuracy: 41.28
Training Epoch: 119/200	Train Loss: 1.0943	Val Accuracy: 41.28
Training Epoch: 120/200	Train Loss: 0.6791	Val Accuracy: 41.66
Training Epoch: 121/200	Train Loss: 0.5694	Val Accuracy: 41.66
Training Epoch: 122/200	Train Loss: 0.354	Val Accuracy: 40.66
Training Epoch: 123/200	Train Loss: 0.3374	Val Accuracy: 40.66
Training Epoch: 124/200	Train Loss: 0.2994	Val Accuracy: 42.36
Training Epoch: 125/200	Train Loss: 0.4652	Val Accuracy: 42.36
Training Epoch: 126/200	Train Loss: 0.768	Val Accuracy: 42.0
Training Epoch: 127/200	Train Loss: 0.5533	Val Accuracy: 42.0
Training Epoch: 128/200	Train Loss: 0.5014	Val Accuracy: 41.06
Training Epoch: 129/200	Train Loss: 0.203	Val Accuracy: 41.06
Training Epoch: 130/200	Train Loss: 0.2601	Val Accuracy: 41.86
Training Epoch: 131/200	Train Loss: 0.3686	Val Accuracy: 41.86
Training Epoch: 132/200	Train Loss: 0.322	Val Accuracy: 42.32
Training Epoch: 133/200	Train Loss: 0.3753	Val Accuracy: 42.32
Training Epoch: 134/200	Train Loss: 0.8143	Val Accuracy: 42.0
Training Epoch: 135/200	Train Loss: 0.2769	Val Accuracy: 42.0
Training Epoch: 136/200	Train Loss: 0.4739	Val Accuracy: 43.0
Training Epoch: 137/200	Train Loss: 0.1979	Val Accuracy: 43.0
Training Epoch: 138/200	Train Loss: 0.2712	Val Accuracy: 42.58
Training Epoch: 139/200	Train Loss: 0.6714	Val Accuracy: 42.58
Training Epoch: 140/200	Train Loss: 0.5711	Val Accuracy: 43.26
Training Epoch: 141/200	Train Loss: 0.567	Val Accuracy: 43.26
Training Epoch: 142/200	Train Loss: 0.1329	Val Accuracy: 41.54
Training Epoch: 143/200	Train Loss: 0.4639	Val Accuracy: 41.54
Training Epoch: 144/200	Train Loss: 0.5585	Val Accuracy: 42.74
Training Epoch: 145/200	Train Loss: 0.0537	Val Accuracy: 42.74
Training Epoch: 146/200	Train Loss: 0.0826	Val Accuracy: 42.54
Training Epoch: 147/200	Train Loss: 0.5685	Val Accuracy: 42.54
Training Epoch: 148/200	Train Loss: 0.3631	Val Accuracy: 42.96
Training Epoch: 149/200	Train Loss: 0.2495	Val Accuracy: 42.96
Training Epoch: 150/200	Train Loss: 0.4138	Val Accuracy: 42.98
Training Epoch: 151/200	Train Loss: 0.3807	Val Accuracy: 42.98
Training Epoch: 152/200	Train Loss: 0.315	Val Accuracy: 43.38
Training Epoch: 153/200	Train Loss: 0.1223	Val Accuracy: 43.38
Training Epoch: 154/200	Train Loss: 0.46	Val Accuracy: 43.24
Training Epoch: 155/200	Train Loss: 0.1715	Val Accuracy: 43.24
Training Epoch: 156/200	Train Loss: 0.2344	Val Accuracy: 43.94
Training Epoch: 157/200	Train Loss: 0.1705	Val Accuracy: 43.94
Training Epoch: 158/200	Train Loss: 0.4099	Val Accuracy: 43.02
Training Epoch: 159/200	Train Loss: 0.092	Val Accuracy: 43.02
Training Epoch: 160/200	Train Loss: 0.2421	Val Accuracy: 42.72
Training Epoch: 161/200	Train Loss: 0.0822	Val Accuracy: 42.72
Training Epoch: 162/200	Train Loss: 0.3193	Val Accuracy: 43.06
Training Epoch: 163/200	Train Loss: 0.0742	Val Accuracy: 43.06
Training Epoch: 164/200	Train Loss: 0.1072	Val Accuracy: 43.4
Training Epoch: 165/200	Train Loss: 0.2579	Val Accuracy: 43.4
Training Epoch: 166/200	Train Loss: 0.0946	Val Accuracy: 43.0
Training Epoch: 167/200	Train Loss: 0.1518	Val Accuracy: 43.0
Training Epoch: 168/200	Train Loss: 0.4111	Val Accuracy: 42.9
Training Epoch: 169/200	Train Loss: 0.268	Val Accuracy: 42.9
Training Epoch: 170/200	Train Loss: 0.0412	Val Accuracy: 43.24
Training Epoch: 171/200	Train Loss: 0.1703	Val Accuracy: 43.24
Training Epoch: 172/200	Train Loss: 0.0912	Val Accuracy: 42.34
Training Epoch: 173/200	Train Loss: 0.1246	Val Accuracy: 42.34
Training Epoch: 174/200	Train Loss: 0.081	Val Accuracy: 43.2
Training Epoch: 175/200	Train Loss: 0.1783	Val Accuracy: 43.2
Training Epoch: 176/200	Train Loss: 0.1124	Val Accuracy: 43.56
Training Epoch: 177/200	Train Loss: 0.1111	Val Accuracy: 43.56
Training Epoch: 178/200	Train Loss: 0.0838	Val Accuracy: 43.96
Training Epoch: 179/200	Train Loss: 0.1569	Val Accuracy: 43.96
Training Epoch: 180/200	Train Loss: 0.2078	Val Accuracy: 43.48
Training Epoch: 181/200	Train Loss: 0.1233	Val Accuracy: 43.48
Training Epoch: 182/200	Train Loss: 0.1645	Val Accuracy: 43.52
Training Epoch: 183/200	Train Loss: 0.1243	Val Accuracy: 43.52
Training Epoch: 184/200	Train Loss: 0.154	Val Accuracy: 44.0
Training Epoch: 185/200	Train Loss: 0.1346	Val Accuracy: 44.0
Training Epoch: 186/200	Train Loss: 0.0665	Val Accuracy: 43.48
Training Epoch: 187/200	Train Loss: 0.1219	Val Accuracy: 43.48
Training Epoch: 188/200	Train Loss: 0.1839	Val Accuracy: 43.38
Training Epoch: 189/200	Train Loss: 0.1387	Val Accuracy: 43.38
Training Epoch: 190/200	Train Loss: 0.1834	Val Accuracy: 44.12
Training Epoch: 191/200	Train Loss: 0.1169	Val Accuracy: 44.12
Training Epoch: 192/200	Train Loss: 0.0792	Val Accuracy: 43.72
Training Epoch: 193/200	Train Loss: 0.1035	Val Accuracy: 43.72
Training Epoch: 194/200	Train Loss: 0.095	Val Accuracy: 43.28
Training Epoch: 195/200	Train Loss: 0.094	Val Accuracy: 43.28
Training Epoch: 196/200	Train Loss: 0.1251	Val Accuracy: 44.24
Training Epoch: 197/200	Train Loss: 0.1495	Val Accuracy: 44.24
Training Epoch: 198/200	Train Loss: 0.0522	Val Accuracy: 43.74
Training Epoch: 199/200	Train Loss: 0.1885	Val Accuracy: 43.74
Training Epoch: 200/200	Train Loss: 0.0813	Val Accuracy: 43.38

Wrote Best Model Checkpoint to: vlBest_acc_44_model_epoch_0196.pyth

Best Validation Accuracy: 44.24
Best Epoch: 196

======== TESTING ========

Test Accuracy: 43.61.

======== ACTIVE SAMPLING ========

ProbCover adaptive delta: base=0.2500, effective=0.2125, scale=0.85, phase=post_label_shrink, labeled_count=1000
[ID cache] loaded: /scratch/s219110279/idpc_cache/resnet50/CIFAR10/seed1/mle_local_k50.npy
[kNN cache] loaded: /scratch/s219110279/idpc_cache/resnet50/CIFAR10/seed1/knn_k50.npz
[IDProbCover] it=000 pick_rel=31569 ID=7.935 pick_global=34745 best_gain=1 covered=0.098 maxdeg=1
[IDProbCover] it=001 pick_rel=43594 ID=7.938 pick_global=48404 best_gain=1 covered=0.098 maxdeg=1
[IDProbCover] it=002 pick_rel=16924 ID=7.944 pick_global=18075 best_gain=1 covered=0.098 maxdeg=1
[IDProbCover] it=003 pick_rel=7919 ID=7.947 pick_global=7860 best_gain=1 covered=0.098 maxdeg=1
[IDProbCover] it=004 pick_rel=33953 ID=7.953 pick_global=37424 best_gain=1 covered=0.098 maxdeg=1
[IDProbCover] it=005 pick_rel=38591 ID=7.956 pick_global=42779 best_gain=1 covered=0.098 maxdeg=1
[IDProbCover] it=006 pick_rel=11866 ID=7.962 pick_global=12338 best_gain=1 covered=0.098 maxdeg=1
[IDProbCover] it=007 pick_rel=26502 ID=7.967 pick_global=28978 best_gain=1 covered=0.098 maxdeg=1
[IDProbCover] it=008 pick_rel=11452 ID=7.995 pick_global=11867 best_gain=1 covered=0.098 maxdeg=1
[IDProbCover] it=009 pick_rel=14405 ID=8.000 pick_global=15189 best_gain=1 covered=0.098 maxdeg=1
[IDProbCover] it=010 pick_rel=24585 ID=8.004 pick_global=26791 best_gain=1 covered=0.098 maxdeg=1
[IDProbCover] it=011 pick_rel=3094 ID=8.006 pick_global=2348 best_gain=1 covered=0.098 maxdeg=1
[IDProbCover] it=012 pick_rel=39292 ID=8.013 pick_global=43579 best_gain=1 covered=0.098 maxdeg=1
[IDProbCover] it=013 pick_rel=3818 ID=8.014 pick_global=3180 best_gain=1 covered=0.098 maxdeg=1
[IDProbCover] it=014 pick_rel=38602 ID=8.028 pick_global=42790 best_gain=1 covered=0.098 maxdeg=1
[IDProbCover] it=015 pick_rel=38287 ID=8.045 pick_global=42427 best_gain=1 covered=0.098 maxdeg=1
[IDProbCover] it=016 pick_rel=27495 ID=8.045 pick_global=30107 best_gain=1 covered=0.098 maxdeg=1
[IDProbCover] it=017 pick_rel=35714 ID=8.048 pick_global=39463 best_gain=1 covered=0.098 maxdeg=1
[IDProbCover] it=018 pick_rel=43008 ID=8.063 pick_global=47740 best_gain=1 covered=0.098 maxdeg=1
[IDProbCover] it=019 pick_rel=6264 ID=8.064 pick_global=5952 best_gain=1 covered=0.098 maxdeg=1
[IDProbCover] it=020 pick_rel=28004 ID=8.074 pick_global=30669 best_gain=1 covered=0.098 maxdeg=1
[IDProbCover] it=021 pick_rel=8884 ID=8.080 pick_global=8939 best_gain=1 covered=0.098 maxdeg=1
[IDProbCover] it=022 pick_rel=6095 ID=8.089 pick_global=5763 best_gain=1 covered=0.098 maxdeg=1
[IDProbCover] it=023 pick_rel=2327 ID=8.101 pick_global=1480 best_gain=1 covered=0.098 maxdeg=1
[IDProbCover] it=024 pick_rel=6940 ID=8.107 pick_global=6735 best_gain=1 covered=0.098 maxdeg=1
[IDProbCover] it=025 pick_rel=16727 ID=8.108 pick_global=17854 best_gain=1 covered=0.098 maxdeg=1
[IDProbCover] it=026 pick_rel=17052 ID=8.118 pick_global=18221 best_gain=1 covered=0.098 maxdeg=1
[IDProbCover] it=027 pick_rel=4254 ID=8.118 pick_global=3676 best_gain=1 covered=0.098 maxdeg=1
[IDProbCover] it=028 pick_rel=27557 ID=8.120 pick_global=30177 best_gain=1 covered=0.098 maxdeg=1
[IDProbCover] it=029 pick_rel=11285 ID=8.125 pick_global=11676 best_gain=1 covered=0.098 maxdeg=1
[IDProbCover] it=030 pick_rel=5798 ID=8.130 pick_global=5433 best_gain=1 covered=0.098 maxdeg=1
[IDProbCover] it=031 pick_rel=43332 ID=8.139 pick_global=48102 best_gain=1 covered=0.098 maxdeg=1
[IDProbCover] it=032 pick_rel=33607 ID=8.144 pick_global=37037 best_gain=1 covered=0.098 maxdeg=1
[IDProbCover] it=033 pick_rel=27942 ID=8.144 pick_global=30597 best_gain=1 covered=0.098 maxdeg=1
[IDProbCover] it=034 pick_rel=7241 ID=8.145 pick_global=7076 best_gain=1 covered=0.098 maxdeg=1
[IDProbCover] it=035 pick_rel=37363 ID=8.145 pick_global=41375 best_gain=1 covered=0.098 maxdeg=1
[IDProbCover] it=036 pick_rel=31308 ID=8.151 pick_global=34444 best_gain=1 covered=0.098 maxdeg=1
[IDProbCover] it=037 pick_rel=28721 ID=8.153 pick_global=31468 best_gain=1 covered=0.098 maxdeg=1
[IDProbCover] it=038 pick_rel=8732 ID=8.154 pick_global=8769 best_gain=1 covered=0.098 maxdeg=1
[IDProbCover] it=039 pick_rel=21100 ID=8.157 pick_global=22800 best_gain=1 covered=0.098 maxdeg=1
[IDProbCover] it=040 pick_rel=29142 ID=8.163 pick_global=31952 best_gain=1 covered=0.098 maxdeg=1
[IDProbCover] it=041 pick_rel=1740 ID=8.174 pick_global=828 best_gain=1 covered=0.099 maxdeg=1
[IDProbCover] it=042 pick_rel=1981 ID=8.192 pick_global=1096 best_gain=1 covered=0.099 maxdeg=1
[IDProbCover] it=043 pick_rel=14012 ID=8.193 pick_global=14753 best_gain=1 covered=0.099 maxdeg=1
[IDProbCover] it=044 pick_rel=1242 ID=8.194 pick_global=271 best_gain=1 covered=0.099 maxdeg=1
[IDProbCover] it=045 pick_rel=1877 ID=8.197 pick_global=977 best_gain=1 covered=0.099 maxdeg=1
[IDProbCover] it=046 pick_rel=20221 ID=8.202 pick_global=21796 best_gain=1 covered=0.099 maxdeg=1
[IDProbCover] it=047 pick_rel=29586 ID=8.212 pick_global=32461 best_gain=1 covered=0.099 maxdeg=1
[IDProbCover] it=048 pick_rel=31710 ID=8.218 pick_global=34905 best_gain=1 covered=0.099 maxdeg=1
[IDProbCover] it=049 pick_rel=41523 ID=8.223 pick_global=46071 best_gain=1 covered=0.099 maxdeg=1
Coverage selection metadata: active=False (mode=id_prob_cover, variant=unknown, delta=0.2125, phase=id_adaptive, bald_mean=0.0000, bald_max=0.0000, variance_mean=0.0000, variance_max=0.0000, dropout_iters=0, cover_anchors=0, diversity_lambda=0.00, selected_id_mean=8.0879, selected_signal_mean=0.0000, selected_radius_mean=0.4376, k_id=50, k_knn=50, alpha=1.00)
Active Sampling Complete. After Episode 19:
New Labeled Set: 1050, New Unlabeled Set: 43950, Active Set: 50

================================


Current accuracy values:  [20.200000000000003, 17.099999999999994, 17.400000000000006, 20.58, 27.079999389648435, 31.479999351501462, 32.029999275207516, 34.08999900817871, 30.869999351501463, 35.82999870300293, 39.559998474121095, 39.29999870300293, 38.10999900817871, 43.189998664855956, 43.60999904632568, 42.59999881744385, 42.33999858856201, 43.47999885559082, 39.24999843597412, 43.609998893737796]
Starting model from scratch - ignoring existing weights.
<All keys matched successfully>
None
======== EPISODE 20 BEGINS ========

======== TRAINING ========
Training Epoch: 1/200	Train Loss: 23.5248	Val Accuracy: 0.0
Training Epoch: 2/200	Train Loss: 3.9924	Val Accuracy: 10.22
Training Epoch: 3/200	Train Loss: 2.1913	Val Accuracy: 10.22
Training Epoch: 4/200	Train Loss: 5.097	Val Accuracy: 13.16
Training Epoch: 5/200	Train Loss: 3.088	Val Accuracy: 13.16
Training Epoch: 6/200	Train Loss: 9.0078	Val Accuracy: 12.56
Training Epoch: 7/200	Train Loss: 2.5371	Val Accuracy: 12.56
Training Epoch: 8/200	Train Loss: 2.2983	Val Accuracy: 15.62
Training Epoch: 9/200	Train Loss: 3.562	Val Accuracy: 15.62
Training Epoch: 10/200	Train Loss: 3.4862	Val Accuracy: 15.0
Training Epoch: 11/200	Train Loss: 2.1312	Val Accuracy: 15.0
Training Epoch: 12/200	Train Loss: 2.2895	Val Accuracy: 14.18
Training Epoch: 13/200	Train Loss: 3.0605	Val Accuracy: 14.18
Training Epoch: 14/200	Train Loss: 2.6006	Val Accuracy: 14.32
Training Epoch: 15/200	Train Loss: 3.1154	Val Accuracy: 14.32
Training Epoch: 16/200	Train Loss: 1.9187	Val Accuracy: 20.18
Training Epoch: 17/200	Train Loss: 3.1261	Val Accuracy: 20.18
Training Epoch: 18/200	Train Loss: 3.0439	Val Accuracy: 23.6
Training Epoch: 19/200	Train Loss: 2.7373	Val Accuracy: 23.6
Training Epoch: 20/200	Train Loss: 3.3197	Val Accuracy: 24.28
Training Epoch: 21/200	Train Loss: 1.8794	Val Accuracy: 24.28
Training Epoch: 22/200	Train Loss: 1.6929	Val Accuracy: 26.24
Training Epoch: 23/200	Train Loss: 3.02	Val Accuracy: 26.24
Training Epoch: 24/200	Train Loss: 2.8885	Val Accuracy: 25.18
Training Epoch: 25/200	Train Loss: 2.9822	Val Accuracy: 25.18
Training Epoch: 26/200	Train Loss: 3.1214	Val Accuracy: 19.82
Training Epoch: 27/200	Train Loss: 1.8136	Val Accuracy: 19.82
Training Epoch: 28/200	Train Loss: 2.4373	Val Accuracy: 25.9
Training Epoch: 29/200	Train Loss: 2.3942	Val Accuracy: 25.9
Training Epoch: 30/200	Train Loss: 2.1669	Val Accuracy: 20.0
Training Epoch: 31/200	Train Loss: 3.5195	Val Accuracy: 20.0
Training Epoch: 32/200	Train Loss: 2.794	Val Accuracy: 22.68
Training Epoch: 33/200	Train Loss: 1.9927	Val Accuracy: 22.68
Training Epoch: 34/200	Train Loss: 2.0614	Val Accuracy: 25.82
Training Epoch: 35/200	Train Loss: 2.0225	Val Accuracy: 25.82
Training Epoch: 36/200	Train Loss: 1.646	Val Accuracy: 27.34
Training Epoch: 37/200	Train Loss: 1.7084	Val Accuracy: 27.34
Training Epoch: 38/200	Train Loss: 1.8483	Val Accuracy: 22.98
Training Epoch: 39/200	Train Loss: 1.7616	Val Accuracy: 22.98
Training Epoch: 40/200	Train Loss: 1.6666	Val Accuracy: 24.1
Training Epoch: 41/200	Train Loss: 2.8821	Val Accuracy: 24.1
Training Epoch: 42/200	Train Loss: 2.868	Val Accuracy: 28.04
Training Epoch: 43/200	Train Loss: 1.7217	Val Accuracy: 28.04
Training Epoch: 44/200	Train Loss: 2.5964	Val Accuracy: 27.64
Training Epoch: 45/200	Train Loss: 1.4704	Val Accuracy: 27.64
Training Epoch: 46/200	Train Loss: 1.796	Val Accuracy: 29.28
Training Epoch: 47/200	Train Loss: 2.2501	Val Accuracy: 29.28
Training Epoch: 48/200	Train Loss: 1.6371	Val Accuracy: 31.0
Training Epoch: 49/200	Train Loss: 2.9609	Val Accuracy: 31.0
Training Epoch: 50/200	Train Loss: 2.7793	Val Accuracy: 20.96
Training Epoch: 51/200	Train Loss: 1.7548	Val Accuracy: 20.96
Training Epoch: 52/200	Train Loss: 1.8775	Val Accuracy: 27.16
Training Epoch: 53/200	Train Loss: 1.965	Val Accuracy: 27.16
Training Epoch: 54/200	Train Loss: 2.283	Val Accuracy: 29.3
Training Epoch: 55/200	Train Loss: 1.6136	Val Accuracy: 29.3
Training Epoch: 56/200	Train Loss: 2.3725	Val Accuracy: 30.5
Training Epoch: 57/200	Train Loss: 1.4867	Val Accuracy: 30.5
Training Epoch: 58/200	Train Loss: 1.2804	Val Accuracy: 29.28
Training Epoch: 59/200	Train Loss: 1.4403	Val Accuracy: 29.28
Training Epoch: 60/200	Train Loss: 1.2582	Val Accuracy: 32.44
Training Epoch: 61/200	Train Loss: 1.6631	Val Accuracy: 32.44
Training Epoch: 62/200	Train Loss: 1.2756	Val Accuracy: 33.46
Training Epoch: 63/200	Train Loss: 1.1448	Val Accuracy: 33.46
Training Epoch: 64/200	Train Loss: 2.1367	Val Accuracy: 33.02
Training Epoch: 65/200	Train Loss: 1.3191	Val Accuracy: 33.02
Training Epoch: 66/200	Train Loss: 1.1307	Val Accuracy: 34.9
Training Epoch: 67/200	Train Loss: 1.1039	Val Accuracy: 34.9
Training Epoch: 68/200	Train Loss: 1.2028	Val Accuracy: 35.42
Training Epoch: 69/200	Train Loss: 1.5418	Val Accuracy: 35.42
Training Epoch: 70/200	Train Loss: 1.3195	Val Accuracy: 35.28
Training Epoch: 71/200	Train Loss: 1.5643	Val Accuracy: 35.28
Training Epoch: 72/200	Train Loss: 1.5244	Val Accuracy: 34.36
Training Epoch: 73/200	Train Loss: 0.9013	Val Accuracy: 34.36
Training Epoch: 74/200	Train Loss: 0.8013	Val Accuracy: 36.48
Training Epoch: 75/200	Train Loss: 1.9245	Val Accuracy: 36.48
Training Epoch: 76/200	Train Loss: 1.7737	Val Accuracy: 35.68
Training Epoch: 77/200	Train Loss: 1.0289	Val Accuracy: 35.68
Training Epoch: 78/200	Train Loss: 1.5626	Val Accuracy: 32.74
Training Epoch: 79/200	Train Loss: 0.8705	Val Accuracy: 32.74
Training Epoch: 80/200	Train Loss: 1.3527	Val Accuracy: 35.9
Training Epoch: 81/200	Train Loss: 1.1258	Val Accuracy: 35.9
Training Epoch: 82/200	Train Loss: 0.7658	Val Accuracy: 36.76
Training Epoch: 83/200	Train Loss: 0.6792	Val Accuracy: 36.76
Training Epoch: 84/200	Train Loss: 0.8888	Val Accuracy: 36.84
Training Epoch: 85/200	Train Loss: 0.9825	Val Accuracy: 36.84
Training Epoch: 86/200	Train Loss: 0.8547	Val Accuracy: 38.08
Training Epoch: 87/200	Train Loss: 0.7519	Val Accuracy: 38.08
Training Epoch: 88/200	Train Loss: 1.2443	Val Accuracy: 37.08
Training Epoch: 89/200	Train Loss: 0.5955	Val Accuracy: 37.08
Training Epoch: 90/200	Train Loss: 0.6364	Val Accuracy: 38.6
Training Epoch: 91/200	Train Loss: 1.3596	Val Accuracy: 38.6
Training Epoch: 92/200	Train Loss: 0.5895	Val Accuracy: 37.64
Training Epoch: 93/200	Train Loss: 0.5628	Val Accuracy: 37.64
Training Epoch: 94/200	Train Loss: 0.7998	Val Accuracy: 37.34
Training Epoch: 95/200	Train Loss: 0.6746	Val Accuracy: 37.34
Training Epoch: 96/200	Train Loss: 0.6812	Val Accuracy: 38.24
Training Epoch: 97/200	Train Loss: 2.2983	Val Accuracy: 38.24
Training Epoch: 98/200	Train Loss: 0.5576	Val Accuracy: 36.74
Training Epoch: 99/200	Train Loss: 0.7071	Val Accuracy: 36.74
Training Epoch: 100/200	Train Loss: 0.9985	Val Accuracy: 38.14
Training Epoch: 101/200	Train Loss: 0.6006	Val Accuracy: 38.14
Training Epoch: 102/200	Train Loss: 0.6287	Val Accuracy: 36.62
Training Epoch: 103/200	Train Loss: 0.4794	Val Accuracy: 36.62
Training Epoch: 104/200	Train Loss: 0.8369	Val Accuracy: 38.88
Training Epoch: 105/200	Train Loss: 0.5483	Val Accuracy: 38.88
Training Epoch: 106/200	Train Loss: 1.2129	Val Accuracy: 38.52
Training Epoch: 107/200	Train Loss: 0.5527	Val Accuracy: 38.52
Training Epoch: 108/200	Train Loss: 0.7322	Val Accuracy: 38.56
Training Epoch: 109/200	Train Loss: 0.5628	Val Accuracy: 38.56
Training Epoch: 110/200	Train Loss: 0.4248	Val Accuracy: 38.28
Training Epoch: 111/200	Train Loss: 0.9564	Val Accuracy: 38.28
Training Epoch: 112/200	Train Loss: 0.5599	Val Accuracy: 39.4
Training Epoch: 113/200	Train Loss: 0.8168	Val Accuracy: 39.4
Training Epoch: 114/200	Train Loss: 1.3133	Val Accuracy: 37.82
Training Epoch: 115/200	Train Loss: 0.2757	Val Accuracy: 37.82
Training Epoch: 116/200	Train Loss: 0.2918	Val Accuracy: 37.94
Training Epoch: 117/200	Train Loss: 1.1019	Val Accuracy: 37.94
Training Epoch: 118/200	Train Loss: 0.4673	Val Accuracy: 37.74
Training Epoch: 119/200	Train Loss: 0.2626	Val Accuracy: 37.74
Training Epoch: 120/200	Train Loss: 0.2448	Val Accuracy: 38.06
Training Epoch: 121/200	Train Loss: 0.4985	Val Accuracy: 38.06
Training Epoch: 122/200	Train Loss: 0.2297	Val Accuracy: 37.84
Training Epoch: 123/200	Train Loss: 0.4283	Val Accuracy: 37.84
Training Epoch: 124/200	Train Loss: 0.3295	Val Accuracy: 38.06
Training Epoch: 125/200	Train Loss: 0.3115	Val Accuracy: 38.06
Training Epoch: 126/200	Train Loss: 0.5066	Val Accuracy: 36.28
Training Epoch: 127/200	Train Loss: 0.4898	Val Accuracy: 36.28
Training Epoch: 128/200	Train Loss: 0.648	Val Accuracy: 37.72
Training Epoch: 129/200	Train Loss: 0.6632	Val Accuracy: 37.72
Training Epoch: 130/200	Train Loss: 0.5717	Val Accuracy: 37.98
Training Epoch: 131/200	Train Loss: 0.4262	Val Accuracy: 37.98
Training Epoch: 132/200	Train Loss: 0.3502	Val Accuracy: 38.76
Training Epoch: 133/200	Train Loss: 1.4002	Val Accuracy: 38.76
Training Epoch: 134/200	Train Loss: 0.3952	Val Accuracy: 38.76
Training Epoch: 135/200	Train Loss: 0.2849	Val Accuracy: 38.76
Training Epoch: 136/200	Train Loss: 0.4791	Val Accuracy: 39.54
Training Epoch: 137/200	Train Loss: 0.5949	Val Accuracy: 39.54
Training Epoch: 138/200	Train Loss: 0.3448	Val Accuracy: 38.4
Training Epoch: 139/200	Train Loss: 0.5196	Val Accuracy: 38.4
Training Epoch: 140/200	Train Loss: 0.3966	Val Accuracy: 39.58
Training Epoch: 141/200	Train Loss: 0.2202	Val Accuracy: 39.58
Training Epoch: 142/200	Train Loss: 0.2023	Val Accuracy: 39.62
Training Epoch: 143/200	Train Loss: 0.2648	Val Accuracy: 39.62
Training Epoch: 144/200	Train Loss: 0.2339	Val Accuracy: 39.16
Training Epoch: 145/200	Train Loss: 0.2032	Val Accuracy: 39.16
Training Epoch: 146/200	Train Loss: 0.2551	Val Accuracy: 39.88
Training Epoch: 147/200	Train Loss: 0.4785	Val Accuracy: 39.88
Training Epoch: 148/200	Train Loss: 0.797	Val Accuracy: 39.38
Training Epoch: 149/200	Train Loss: 0.2331	Val Accuracy: 39.38
Training Epoch: 150/200	Train Loss: 0.1639	Val Accuracy: 38.94
Training Epoch: 151/200	Train Loss: 0.8283	Val Accuracy: 38.94
Training Epoch: 152/200	Train Loss: 0.3792	Val Accuracy: 40.0
Training Epoch: 153/200	Train Loss: 0.1538	Val Accuracy: 40.0
Training Epoch: 154/200	Train Loss: 0.7957	Val Accuracy: 39.2
Training Epoch: 155/200	Train Loss: 0.3116	Val Accuracy: 39.2
Training Epoch: 156/200	Train Loss: 0.1941	Val Accuracy: 39.46
Training Epoch: 157/200	Train Loss: 0.2243	Val Accuracy: 39.46
Training Epoch: 158/200	Train Loss: 0.9534	Val Accuracy: 39.72
Training Epoch: 159/200	Train Loss: 0.1011	Val Accuracy: 39.72
Training Epoch: 160/200	Train Loss: 0.189	Val Accuracy: 40.36
Training Epoch: 161/200	Train Loss: 0.5749	Val Accuracy: 40.36
Training Epoch: 162/200	Train Loss: 0.1219	Val Accuracy: 39.72
Training Epoch: 163/200	Train Loss: 0.1711	Val Accuracy: 39.72
Training Epoch: 164/200	Train Loss: 0.3986	Val Accuracy: 39.62
Training Epoch: 165/200	Train Loss: 0.0558	Val Accuracy: 39.62
Training Epoch: 166/200	Train Loss: 0.0625	Val Accuracy: 39.08
Training Epoch: 167/200	Train Loss: 0.2833	Val Accuracy: 39.08
Training Epoch: 168/200	Train Loss: 0.199	Val Accuracy: 40.36
Training Epoch: 169/200	Train Loss: 0.235	Val Accuracy: 40.36
Training Epoch: 170/200	Train Loss: 0.0958	Val Accuracy: 39.24
Training Epoch: 171/200	Train Loss: 0.1483	Val Accuracy: 39.24
Training Epoch: 172/200	Train Loss: 0.1131	Val Accuracy: 40.14
Training Epoch: 173/200	Train Loss: 0.1112	Val Accuracy: 40.14
Training Epoch: 174/200	Train Loss: 0.451	Val Accuracy: 40.12
Training Epoch: 175/200	Train Loss: 0.7471	Val Accuracy: 40.12
Training Epoch: 176/200	Train Loss: 0.0426	Val Accuracy: 40.0
Training Epoch: 177/200	Train Loss: 0.1827	Val Accuracy: 40.0
Training Epoch: 178/200	Train Loss: 0.2145	Val Accuracy: 39.5
Training Epoch: 179/200	Train Loss: 0.3313	Val Accuracy: 39.5
Training Epoch: 180/200	Train Loss: 0.0361	Val Accuracy: 40.78
Training Epoch: 181/200	Train Loss: 0.1224	Val Accuracy: 40.78
Training Epoch: 182/200	Train Loss: 0.824	Val Accuracy: 39.86
Training Epoch: 183/200	Train Loss: 0.4658	Val Accuracy: 39.86
Training Epoch: 184/200	Train Loss: 0.0574	Val Accuracy: 40.38
Training Epoch: 185/200	Train Loss: 0.1042	Val Accuracy: 40.38
Training Epoch: 186/200	Train Loss: 0.0807	Val Accuracy: 39.6
Training Epoch: 187/200	Train Loss: 0.1533	Val Accuracy: 39.6
Training Epoch: 188/200	Train Loss: 0.614	Val Accuracy: 40.14
Training Epoch: 189/200	Train Loss: 0.2892	Val Accuracy: 40.14
Training Epoch: 190/200	Train Loss: 0.1471	Val Accuracy: 40.08
Training Epoch: 191/200	Train Loss: 0.0105	Val Accuracy: 40.08
Training Epoch: 192/200	Train Loss: 0.081	Val Accuracy: 40.2
Training Epoch: 193/200	Train Loss: 0.1289	Val Accuracy: 40.2
Training Epoch: 194/200	Train Loss: 0.0558	Val Accuracy: 40.26
Training Epoch: 195/200	Train Loss: 0.0607	Val Accuracy: 40.26
Training Epoch: 196/200	Train Loss: 0.2761	Val Accuracy: 39.62
Training Epoch: 197/200	Train Loss: 0.1514	Val Accuracy: 39.62
Training Epoch: 198/200	Train Loss: 0.1494	Val Accuracy: 40.14
Training Epoch: 199/200	Train Loss: 0.6964	Val Accuracy: 40.14
Training Epoch: 200/200	Train Loss: 0.0917	Val Accuracy: 39.48

Wrote Best Model Checkpoint to: vlBest_acc_40_model_epoch_0180.pyth

Best Validation Accuracy: 40.78
Best Epoch: 180

======== TESTING ========

Test Accuracy: 39.55.

======== ACTIVE SAMPLING ========

ProbCover adaptive delta: base=0.2500, effective=0.2125, scale=0.85, phase=post_label_shrink, labeled_count=1050
[ID cache] loaded: /scratch/s219110279/idpc_cache/resnet50/CIFAR10/seed1/mle_local_k50.npy
[kNN cache] loaded: /scratch/s219110279/idpc_cache/resnet50/CIFAR10/seed1/knn_k50.npz
[IDProbCover] it=000 pick_rel=1787 ID=8.223 pick_global=826 best_gain=1 covered=0.099 maxdeg=1
[IDProbCover] it=001 pick_rel=17303 ID=8.224 pick_global=18462 best_gain=1 covered=0.099 maxdeg=1
[IDProbCover] it=002 pick_rel=14580 ID=8.226 pick_global=15364 best_gain=1 covered=0.099 maxdeg=1
[IDProbCover] it=003 pick_rel=3995 ID=8.247 pick_global=3331 best_gain=1 covered=0.099 maxdeg=1
[IDProbCover] it=004 pick_rel=13288 ID=8.255 pick_global=13900 best_gain=1 covered=0.099 maxdeg=1
[IDProbCover] it=005 pick_rel=38489 ID=8.258 pick_global=42653 best_gain=1 covered=0.099 maxdeg=1
[IDProbCover] it=006 pick_rel=37815 ID=8.262 pick_global=41873 best_gain=1 covered=0.099 maxdeg=1
[IDProbCover] it=007 pick_rel=36836 ID=8.264 pick_global=40763 best_gain=1 covered=0.099 maxdeg=1
[IDProbCover] it=008 pick_rel=6894 ID=8.270 pick_global=6638 best_gain=1 covered=0.099 maxdeg=1
[IDProbCover] it=009 pick_rel=20021 ID=8.271 pick_global=21547 best_gain=1 covered=0.099 maxdeg=1
[IDProbCover] it=010 pick_rel=40640 ID=8.277 pick_global=45078 best_gain=1 covered=0.099 maxdeg=1
[IDProbCover] it=011 pick_rel=1134 ID=8.280 pick_global=94 best_gain=1 covered=0.099 maxdeg=1
[IDProbCover] it=012 pick_rel=5391 ID=8.280 pick_global=4923 best_gain=1 covered=0.099 maxdeg=1
[IDProbCover] it=013 pick_rel=19414 ID=8.284 pick_global=20862 best_gain=1 covered=0.099 maxdeg=1
[IDProbCover] it=014 pick_rel=26389 ID=8.284 pick_global=28826 best_gain=1 covered=0.099 maxdeg=1
[IDProbCover] it=015 pick_rel=35293 ID=8.286 pick_global=38962 best_gain=1 covered=0.099 maxdeg=1
[IDProbCover] it=016 pick_rel=39001 ID=8.286 pick_global=43235 best_gain=1 covered=0.099 maxdeg=1
[IDProbCover] it=017 pick_rel=33976 ID=8.295 pick_global=37437 best_gain=1 covered=0.099 maxdeg=1
[IDProbCover] it=018 pick_rel=11995 ID=8.296 pick_global=12452 best_gain=1 covered=0.099 maxdeg=1
[IDProbCover] it=019 pick_rel=40592 ID=8.297 pick_global=45025 best_gain=1 covered=0.099 maxdeg=1
[IDProbCover] it=020 pick_rel=13670 ID=8.301 pick_global=14333 best_gain=1 covered=0.099 maxdeg=1
[IDProbCover] it=021 pick_rel=12099 ID=8.307 pick_global=12565 best_gain=1 covered=0.099 maxdeg=1
[IDProbCover] it=022 pick_rel=26056 ID=8.309 pick_global=28449 best_gain=1 covered=0.099 maxdeg=1
[IDProbCover] it=023 pick_rel=3314 ID=8.313 pick_global=2546 best_gain=1 covered=0.099 maxdeg=1
[IDProbCover] it=024 pick_rel=38023 ID=8.321 pick_global=42107 best_gain=1 covered=0.099 maxdeg=1
[IDProbCover] it=025 pick_rel=44008 ID=8.342 pick_global=48858 best_gain=1 covered=0.099 maxdeg=1
[IDProbCover] it=026 pick_rel=2694 ID=8.342 pick_global=1843 best_gain=1 covered=0.099 maxdeg=1
[IDProbCover] it=027 pick_rel=3258 ID=8.344 pick_global=2486 best_gain=1 covered=0.099 maxdeg=1
[IDProbCover] it=028 pick_rel=43819 ID=8.345 pick_global=48651 best_gain=1 covered=0.099 maxdeg=1
[IDProbCover] it=029 pick_rel=16122 ID=8.346 pick_global=17135 best_gain=1 covered=0.099 maxdeg=1
[IDProbCover] it=030 pick_rel=32390 ID=8.349 pick_global=35671 best_gain=1 covered=0.099 maxdeg=1
[IDProbCover] it=031 pick_rel=21189 ID=8.350 pick_global=22873 best_gain=1 covered=0.099 maxdeg=1
[IDProbCover] it=032 pick_rel=4684 ID=8.351 pick_global=4120 best_gain=1 covered=0.099 maxdeg=1
[IDProbCover] it=033 pick_rel=24577 ID=8.352 pick_global=26757 best_gain=1 covered=0.099 maxdeg=1
[IDProbCover] it=034 pick_rel=17775 ID=8.353 pick_global=18987 best_gain=1 covered=0.099 maxdeg=1
[IDProbCover] it=035 pick_rel=6547 ID=8.355 pick_global=6235 best_gain=1 covered=0.099 maxdeg=1
[IDProbCover] it=036 pick_rel=9650 ID=8.358 pick_global=9769 best_gain=1 covered=0.100 maxdeg=1
[IDProbCover] it=037 pick_rel=21054 ID=8.361 pick_global=22716 best_gain=1 covered=0.100 maxdeg=1
[IDProbCover] it=038 pick_rel=41728 ID=8.363 pick_global=46301 best_gain=1 covered=0.100 maxdeg=1
[IDProbCover] it=039 pick_rel=44870 ID=8.364 pick_global=49843 best_gain=1 covered=0.100 maxdeg=1
[IDProbCover] it=040 pick_rel=42708 ID=8.368 pick_global=47398 best_gain=1 covered=0.100 maxdeg=1
[IDProbCover] it=041 pick_rel=42071 ID=8.368 pick_global=46685 best_gain=1 covered=0.100 maxdeg=1
[IDProbCover] it=042 pick_rel=1144 ID=8.370 pick_global=105 best_gain=1 covered=0.100 maxdeg=1
[IDProbCover] it=043 pick_rel=29710 ID=8.374 pick_global=32578 best_gain=1 covered=0.100 maxdeg=1
[IDProbCover] it=044 pick_rel=6733 ID=8.375 pick_global=6448 best_gain=1 covered=0.100 maxdeg=1
[IDProbCover] it=045 pick_rel=43143 ID=8.378 pick_global=47890 best_gain=1 covered=0.100 maxdeg=1
[IDProbCover] it=046 pick_rel=11182 ID=8.386 pick_global=11520 best_gain=1 covered=0.100 maxdeg=1
[IDProbCover] it=047 pick_rel=38976 ID=8.391 pick_global=43206 best_gain=1 covered=0.100 maxdeg=1
[IDProbCover] it=048 pick_rel=43766 ID=8.394 pick_global=48591 best_gain=1 covered=0.100 maxdeg=1
[IDProbCover] it=049 pick_rel=9542 ID=8.395 pick_global=9644 best_gain=1 covered=0.100 maxdeg=1
Coverage selection metadata: active=False (mode=id_prob_cover, variant=unknown, delta=0.2125, phase=id_adaptive, bald_mean=0.0000, bald_max=0.0000, variance_mean=0.0000, variance_max=0.0000, dropout_iters=0, cover_anchors=0, diversity_lambda=0.00, selected_id_mean=8.3198, selected_signal_mean=0.0000, selected_radius_mean=0.4254, k_id=50, k_knn=50, alpha=1.00)
Active Sampling Complete. After Episode 20:
New Labeled Set: 1100, New Unlabeled Set: 43900, Active Set: 50

================================


Current accuracy values:  [20.200000000000003, 17.099999999999994, 17.400000000000006, 20.58, 27.079999389648435, 31.479999351501462, 32.029999275207516, 34.08999900817871, 30.869999351501463, 35.82999870300293, 39.559998474121095, 39.29999870300293, 38.10999900817871, 43.189998664855956, 43.60999904632568, 42.59999881744385, 42.33999858856201, 43.47999885559082, 39.24999843597412, 43.609998893737796, 39.54999897003174]
Starting model from scratch - ignoring existing weights.
<All keys matched successfully>
None
======== EPISODE 21 BEGINS ========

======== TRAINING ========
Training Epoch: 1/200	Train Loss: 10.847	Val Accuracy: 0.0
Training Epoch: 2/200	Train Loss: 3.6351	Val Accuracy: 10.38
Training Epoch: 3/200	Train Loss: 3.5406	Val Accuracy: 10.38
Training Epoch: 4/200	Train Loss: 2.3486	Val Accuracy: 10.14
Training Epoch: 5/200	Train Loss: 3.0432	Val Accuracy: 10.14
Training Epoch: 6/200	Train Loss: 5.0931	Val Accuracy: 10.52
Training Epoch: 7/200	Train Loss: 3.0886	Val Accuracy: 10.52
Training Epoch: 8/200	Train Loss: 2.3214	Val Accuracy: 9.88
Training Epoch: 9/200	Train Loss: 4.1932	Val Accuracy: 9.88
Training Epoch: 10/200	Train Loss: 3.8812	Val Accuracy: 10.1
Training Epoch: 11/200	Train Loss: 3.9283	Val Accuracy: 10.1
Training Epoch: 12/200	Train Loss: 3.48	Val Accuracy: 11.32
Training Epoch: 13/200	Train Loss: 3.5673	Val Accuracy: 11.32
Training Epoch: 14/200	Train Loss: 2.5428	Val Accuracy: 11.38
Training Epoch: 15/200	Train Loss: 4.4655	Val Accuracy: 11.38
Training Epoch: 16/200	Train Loss: 3.057	Val Accuracy: 14.0
Training Epoch: 17/200	Train Loss: 2.7188	Val Accuracy: 14.0
Training Epoch: 18/200	Train Loss: 3.0026	Val Accuracy: 15.64
Training Epoch: 19/200	Train Loss: 2.2623	Val Accuracy: 15.64
Training Epoch: 20/200	Train Loss: 2.2352	Val Accuracy: 19.26
Training Epoch: 21/200	Train Loss: 5.0559	Val Accuracy: 19.26
Training Epoch: 22/200	Train Loss: 2.4799	Val Accuracy: 19.5
Training Epoch: 23/200	Train Loss: 2.0887	Val Accuracy: 19.5
Training Epoch: 24/200	Train Loss: 2.7893	Val Accuracy: 20.64
Training Epoch: 25/200	Train Loss: 3.2294	Val Accuracy: 20.64
Training Epoch: 26/200	Train Loss: 2.5163	Val Accuracy: 23.2
Training Epoch: 27/200	Train Loss: 2.6009	Val Accuracy: 23.2
Training Epoch: 28/200	Train Loss: 2.4941	Val Accuracy: 23.86
Training Epoch: 29/200	Train Loss: 2.1211	Val Accuracy: 23.86
Training Epoch: 30/200	Train Loss: 1.6361	Val Accuracy: 26.08
Training Epoch: 31/200	Train Loss: 1.6746	Val Accuracy: 26.08
Training Epoch: 32/200	Train Loss: 1.9772	Val Accuracy: 27.9
Training Epoch: 33/200	Train Loss: 1.3868	Val Accuracy: 27.9
Training Epoch: 34/200	Train Loss: 2.2213	Val Accuracy: 30.98
Training Epoch: 35/200	Train Loss: 2.2258	Val Accuracy: 30.98
Training Epoch: 36/200	Train Loss: 1.9367	Val Accuracy: 30.64
Training Epoch: 37/200	Train Loss: 1.558	Val Accuracy: 30.64
Training Epoch: 38/200	Train Loss: 1.3094	Val Accuracy: 34.06
Training Epoch: 39/200	Train Loss: 1.3193	Val Accuracy: 34.06
Training Epoch: 40/200	Train Loss: 1.5155	Val Accuracy: 34.78
Training Epoch: 41/200	Train Loss: 1.5746	Val Accuracy: 34.78
Training Epoch: 42/200	Train Loss: 1.3716	Val Accuracy: 34.92
Training Epoch: 43/200	Train Loss: 1.612	Val Accuracy: 34.92
Training Epoch: 44/200	Train Loss: 1.9121	Val Accuracy: 36.7
Training Epoch: 45/200	Train Loss: 1.4185	Val Accuracy: 36.7
Training Epoch: 46/200	Train Loss: 1.5187	Val Accuracy: 38.56
Training Epoch: 47/200	Train Loss: 1.6174	Val Accuracy: 38.56
Training Epoch: 48/200	Train Loss: 2.0904	Val Accuracy: 38.5
Training Epoch: 49/200	Train Loss: 1.438	Val Accuracy: 38.5
Training Epoch: 50/200	Train Loss: 1.3244	Val Accuracy: 38.28
Training Epoch: 51/200	Train Loss: 1.2095	Val Accuracy: 38.28
Training Epoch: 52/200	Train Loss: 1.5771	Val Accuracy: 39.42
Training Epoch: 53/200	Train Loss: 1.9027	Val Accuracy: 39.42
Training Epoch: 54/200	Train Loss: 2.1277	Val Accuracy: 39.0
Training Epoch: 55/200	Train Loss: 2.0374	Val Accuracy: 39.0
Training Epoch: 56/200	Train Loss: 1.3697	Val Accuracy: 40.42
Training Epoch: 57/200	Train Loss: 1.0851	Val Accuracy: 40.42
Training Epoch: 58/200	Train Loss: 1.3943	Val Accuracy: 39.74
Training Epoch: 59/200	Train Loss: 1.1055	Val Accuracy: 39.74
Training Epoch: 60/200	Train Loss: 0.8021	Val Accuracy: 40.08
Training Epoch: 61/200	Train Loss: 1.0219	Val Accuracy: 40.08
Training Epoch: 62/200	Train Loss: 1.2371	Val Accuracy: 41.36
Training Epoch: 63/200	Train Loss: 0.9408	Val Accuracy: 41.36
Training Epoch: 64/200	Train Loss: 0.9323	Val Accuracy: 41.42
Training Epoch: 65/200	Train Loss: 1.7838	Val Accuracy: 41.42
Training Epoch: 66/200	Train Loss: 1.0318	Val Accuracy: 42.12
Training Epoch: 67/200	Train Loss: 1.302	Val Accuracy: 42.12
Training Epoch: 68/200	Train Loss: 0.8231	Val Accuracy: 42.38
Training Epoch: 69/200	Train Loss: 0.669	Val Accuracy: 42.38
Training Epoch: 70/200	Train Loss: 0.8666	Val Accuracy: 40.04
Training Epoch: 71/200	Train Loss: 0.9846	Val Accuracy: 40.04
Training Epoch: 72/200	Train Loss: 1.367	Val Accuracy: 38.94
Training Epoch: 73/200	Train Loss: 0.7732	Val Accuracy: 38.94
Training Epoch: 74/200	Train Loss: 0.6811	Val Accuracy: 41.32
Training Epoch: 75/200	Train Loss: 0.6833	Val Accuracy: 41.32
Training Epoch: 76/200	Train Loss: 1.1195	Val Accuracy: 41.98
Training Epoch: 77/200	Train Loss: 0.7192	Val Accuracy: 41.98
Training Epoch: 78/200	Train Loss: 1.0478	Val Accuracy: 43.02
Training Epoch: 79/200	Train Loss: 0.8568	Val Accuracy: 43.02
Training Epoch: 80/200	Train Loss: 0.4229	Val Accuracy: 40.9
Training Epoch: 81/200	Train Loss: 0.8704	Val Accuracy: 40.9
Training Epoch: 82/200	Train Loss: 1.1184	Val Accuracy: 36.44
Training Epoch: 83/200	Train Loss: 0.739	Val Accuracy: 36.44
Training Epoch: 84/200	Train Loss: 1.1403	Val Accuracy: 40.92
Training Epoch: 85/200	Train Loss: 1.1192	Val Accuracy: 40.92
Training Epoch: 86/200	Train Loss: 1.0053	Val Accuracy: 41.76
Training Epoch: 87/200	Train Loss: 1.3293	Val Accuracy: 41.76
Training Epoch: 88/200	Train Loss: 1.0759	Val Accuracy: 43.02
Training Epoch: 89/200	Train Loss: 0.8031	Val Accuracy: 43.02
Training Epoch: 90/200	Train Loss: 1.0697	Val Accuracy: 42.86
Training Epoch: 91/200	Train Loss: 0.7145	Val Accuracy: 42.86
Training Epoch: 92/200	Train Loss: 1.0571	Val Accuracy: 43.08
Training Epoch: 93/200	Train Loss: 1.049	Val Accuracy: 43.08
Training Epoch: 94/200	Train Loss: 0.5974	Val Accuracy: 43.22
Training Epoch: 95/200	Train Loss: 0.5793	Val Accuracy: 43.22
Training Epoch: 96/200	Train Loss: 0.5273	Val Accuracy: 42.04
Training Epoch: 97/200	Train Loss: 0.3911	Val Accuracy: 42.04
Training Epoch: 98/200	Train Loss: 0.5422	Val Accuracy: 41.5
Training Epoch: 99/200	Train Loss: 0.728	Val Accuracy: 41.5
Training Epoch: 100/200	Train Loss: 0.7666	Val Accuracy: 42.7
Training Epoch: 101/200	Train Loss: 1.3116	Val Accuracy: 42.7
Training Epoch: 102/200	Train Loss: 0.4217	Val Accuracy: 42.98
Training Epoch: 103/200	Train Loss: 0.7501	Val Accuracy: 42.98
Training Epoch: 104/200	Train Loss: 0.7841	Val Accuracy: 42.22
Training Epoch: 105/200	Train Loss: 0.2852	Val Accuracy: 42.22
Training Epoch: 106/200	Train Loss: 0.346	Val Accuracy: 45.14
Training Epoch: 107/200	Train Loss: 0.4838	Val Accuracy: 45.14
Training Epoch: 108/200	Train Loss: 0.3172	Val Accuracy: 42.9
Training Epoch: 109/200	Train Loss: 0.6338	Val Accuracy: 42.9
Training Epoch: 110/200	Train Loss: 0.6442	Val Accuracy: 43.66
Training Epoch: 111/200	Train Loss: 0.5491	Val Accuracy: 43.66
Training Epoch: 112/200	Train Loss: 0.6415	Val Accuracy: 44.64
Training Epoch: 113/200	Train Loss: 0.3355	Val Accuracy: 44.64
Training Epoch: 114/200	Train Loss: 0.4276	Val Accuracy: 43.64
Training Epoch: 115/200	Train Loss: 0.4109	Val Accuracy: 43.64
Training Epoch: 116/200	Train Loss: 0.5654	Val Accuracy: 43.92
Training Epoch: 117/200	Train Loss: 0.2968	Val Accuracy: 43.92
Training Epoch: 118/200	Train Loss: 0.2698	Val Accuracy: 44.94
Training Epoch: 119/200	Train Loss: 0.5335	Val Accuracy: 44.94
Training Epoch: 120/200	Train Loss: 0.4003	Val Accuracy: 44.56
Training Epoch: 121/200	Train Loss: 0.6087	Val Accuracy: 44.56
Training Epoch: 122/200	Train Loss: 0.2519	Val Accuracy: 44.98
Training Epoch: 123/200	Train Loss: 0.1284	Val Accuracy: 44.98
Training Epoch: 124/200	Train Loss: 0.1435	Val Accuracy: 44.88
Training Epoch: 125/200	Train Loss: 0.5384	Val Accuracy: 44.88
Training Epoch: 126/200	Train Loss: 0.5731	Val Accuracy: 43.9
Training Epoch: 127/200	Train Loss: 0.3201	Val Accuracy: 43.9
Training Epoch: 128/200	Train Loss: 0.3043	Val Accuracy: 43.24
Training Epoch: 129/200	Train Loss: 0.2244	Val Accuracy: 43.24
Training Epoch: 130/200	Train Loss: 0.1186	Val Accuracy: 45.02
Training Epoch: 131/200	Train Loss: 0.3411	Val Accuracy: 45.02
Training Epoch: 132/200	Train Loss: 0.3458	Val Accuracy: 43.92
Training Epoch: 133/200	Train Loss: 0.4921	Val Accuracy: 43.92
Training Epoch: 134/200	Train Loss: 0.108	Val Accuracy: 45.3
Training Epoch: 135/200	Train Loss: 0.1492	Val Accuracy: 45.3
Training Epoch: 136/200	Train Loss: 0.423	Val Accuracy: 44.42
Training Epoch: 137/200	Train Loss: 0.3986	Val Accuracy: 44.42
Training Epoch: 138/200	Train Loss: 0.266	Val Accuracy: 44.0
Training Epoch: 139/200	Train Loss: 0.3159	Val Accuracy: 44.0
Training Epoch: 140/200	Train Loss: 0.2122	Val Accuracy: 43.82
Training Epoch: 141/200	Train Loss: 0.0866	Val Accuracy: 43.82
Training Epoch: 142/200	Train Loss: 0.2026	Val Accuracy: 45.2
Training Epoch: 143/200	Train Loss: 0.2072	Val Accuracy: 45.2
Training Epoch: 144/200	Train Loss: 0.2198	Val Accuracy: 44.38
Training Epoch: 145/200	Train Loss: 0.0819	Val Accuracy: 44.38
Training Epoch: 146/200	Train Loss: 0.2045	Val Accuracy: 45.78
Training Epoch: 147/200	Train Loss: 0.2994	Val Accuracy: 45.78
Training Epoch: 148/200	Train Loss: 0.0633	Val Accuracy: 46.14
Training Epoch: 149/200	Train Loss: 0.1916	Val Accuracy: 46.14
Training Epoch: 150/200	Train Loss: 0.0889	Val Accuracy: 45.34
Training Epoch: 151/200	Train Loss: 0.1418	Val Accuracy: 45.34
Training Epoch: 152/200	Train Loss: 0.1709	Val Accuracy: 44.54
Training Epoch: 153/200	Train Loss: 0.2161	Val Accuracy: 44.54
Training Epoch: 154/200	Train Loss: 0.0613	Val Accuracy: 45.46
Training Epoch: 155/200	Train Loss: 0.1008	Val Accuracy: 45.46
Training Epoch: 156/200	Train Loss: 0.2169	Val Accuracy: 45.34
Training Epoch: 157/200	Train Loss: 0.171	Val Accuracy: 45.34
Training Epoch: 158/200	Train Loss: 0.2742	Val Accuracy: 45.54
Training Epoch: 159/200	Train Loss: 0.1174	Val Accuracy: 45.54
Training Epoch: 160/200	Train Loss: 0.1726	Val Accuracy: 45.56
Training Epoch: 161/200	Train Loss: 0.131	Val Accuracy: 45.56
Training Epoch: 162/200	Train Loss: 0.0322	Val Accuracy: 45.78
Training Epoch: 163/200	Train Loss: 0.1397	Val Accuracy: 45.78
Training Epoch: 164/200	Train Loss: 0.1163	Val Accuracy: 45.58
Training Epoch: 165/200	Train Loss: 0.099	Val Accuracy: 45.58
Training Epoch: 166/200	Train Loss: 0.0518	Val Accuracy: 45.52
Training Epoch: 167/200	Train Loss: 0.1451	Val Accuracy: 45.52
Training Epoch: 168/200	Train Loss: 0.0297	Val Accuracy: 45.56
Training Epoch: 169/200	Train Loss: 0.0946	Val Accuracy: 45.56
Training Epoch: 170/200	Train Loss: 0.0606	Val Accuracy: 46.12
Training Epoch: 171/200	Train Loss: 0.1062	Val Accuracy: 46.12
Training Epoch: 172/200	Train Loss: 0.026	Val Accuracy: 46.88
Training Epoch: 173/200	Train Loss: 0.0817	Val Accuracy: 46.88
Training Epoch: 174/200	Train Loss: 0.0398	Val Accuracy: 45.82
Training Epoch: 175/200	Train Loss: 0.1615	Val Accuracy: 45.82
Training Epoch: 176/200	Train Loss: 0.0972	Val Accuracy: 45.26
Training Epoch: 177/200	Train Loss: 0.0397	Val Accuracy: 45.26
Training Epoch: 178/200	Train Loss: 0.0104	Val Accuracy: 45.4
Training Epoch: 179/200	Train Loss: 0.0254	Val Accuracy: 45.4
Training Epoch: 180/200	Train Loss: 0.0082	Val Accuracy: 45.68
Training Epoch: 181/200	Train Loss: 0.1181	Val Accuracy: 45.68
Training Epoch: 182/200	Train Loss: 0.0214	Val Accuracy: 45.8
Training Epoch: 183/200	Train Loss: 0.0064	Val Accuracy: 45.8
Training Epoch: 184/200	Train Loss: 0.0601	Val Accuracy: 46.06
Training Epoch: 185/200	Train Loss: 0.0894	Val Accuracy: 46.06
Training Epoch: 186/200	Train Loss: 0.015	Val Accuracy: 45.78
Training Epoch: 187/200	Train Loss: 0.0724	Val Accuracy: 45.78
Training Epoch: 188/200	Train Loss: 0.0026	Val Accuracy: 46.18
Training Epoch: 189/200	Train Loss: 0.0807	Val Accuracy: 46.18
Training Epoch: 190/200	Train Loss: 0.1311	Val Accuracy: 46.34
Training Epoch: 191/200	Train Loss: 0.1252	Val Accuracy: 46.34
Training Epoch: 192/200	Train Loss: 0.0675	Val Accuracy: 45.84
Training Epoch: 193/200	Train Loss: 0.0653	Val Accuracy: 45.84
Training Epoch: 194/200	Train Loss: 0.0604	Val Accuracy: 45.52
Training Epoch: 195/200	Train Loss: 0.0981	Val Accuracy: 45.52
Training Epoch: 196/200	Train Loss: 0.014	Val Accuracy: 45.62
Training Epoch: 197/200	Train Loss: 0.0777	Val Accuracy: 45.62
Training Epoch: 198/200	Train Loss: 0.0541	Val Accuracy: 45.7
Training Epoch: 199/200	Train Loss: 0.0722	Val Accuracy: 45.7
Training Epoch: 200/200	Train Loss: 0.0407	Val Accuracy: 45.48

Wrote Best Model Checkpoint to: vlBest_acc_46_model_epoch_0172.pyth

Best Validation Accuracy: 46.88
Best Epoch: 172

======== TESTING ========

Test Accuracy: 45.4.

======== ACTIVE SAMPLING ========

ProbCover adaptive delta: base=0.2500, effective=0.2125, scale=0.85, phase=post_label_shrink, labeled_count=1100
[ID cache] loaded: /scratch/s219110279/idpc_cache/resnet50/CIFAR10/seed1/mle_local_k50.npy
[kNN cache] loaded: /scratch/s219110279/idpc_cache/resnet50/CIFAR10/seed1/knn_k50.npz
[IDProbCover] it=000 pick_rel=21065 ID=8.397 pick_global=22700 best_gain=1 covered=0.100 maxdeg=1
[IDProbCover] it=001 pick_rel=26907 ID=8.403 pick_global=29389 best_gain=1 covered=0.100 maxdeg=1
[IDProbCover] it=002 pick_rel=33005 ID=8.404 pick_global=36344 best_gain=1 covered=0.100 maxdeg=1
[IDProbCover] it=003 pick_rel=23988 ID=8.404 pick_global=26058 best_gain=1 covered=0.100 maxdeg=1
[IDProbCover] it=004 pick_rel=20492 ID=8.406 pick_global=22046 best_gain=1 covered=0.100 maxdeg=1
[IDProbCover] it=005 pick_rel=41346 ID=8.406 pick_global=45862 best_gain=1 covered=0.100 maxdeg=1
[IDProbCover] it=006 pick_rel=6574 ID=8.416 pick_global=6216 best_gain=1 covered=0.100 maxdeg=1
[IDProbCover] it=007 pick_rel=28118 ID=8.419 pick_global=30751 best_gain=1 covered=0.100 maxdeg=1
[IDProbCover] it=008 pick_rel=34258 ID=8.420 pick_global=37744 best_gain=1 covered=0.100 maxdeg=1
[IDProbCover] it=009 pick_rel=9815 ID=8.423 pick_global=9921 best_gain=1 covered=0.100 maxdeg=1
[IDProbCover] it=010 pick_rel=2651 ID=8.424 pick_global=1742 best_gain=1 covered=0.100 maxdeg=1
[IDProbCover] it=011 pick_rel=6338 ID=8.425 pick_global=5945 best_gain=1 covered=0.100 maxdeg=1
[IDProbCover] it=012 pick_rel=15975 ID=8.427 pick_global=16935 best_gain=1 covered=0.100 maxdeg=1
[IDProbCover] it=013 pick_rel=18423 ID=8.429 pick_global=19696 best_gain=1 covered=0.100 maxdeg=1
[IDProbCover] it=014 pick_rel=20821 ID=8.433 pick_global=22423 best_gain=1 covered=0.100 maxdeg=1
[IDProbCover] it=015 pick_rel=34907 ID=8.435 pick_global=38500 best_gain=1 covered=0.100 maxdeg=1
[IDProbCover] it=016 pick_rel=10711 ID=8.436 pick_global=10936 best_gain=1 covered=0.100 maxdeg=1
[IDProbCover] it=017 pick_rel=19406 ID=8.436 pick_global=20823 best_gain=1 covered=0.100 maxdeg=1
[IDProbCover] it=018 pick_rel=23047 ID=8.443 pick_global=24998 best_gain=1 covered=0.100 maxdeg=1
[IDProbCover] it=019 pick_rel=10160 ID=8.447 pick_global=10313 best_gain=1 covered=0.100 maxdeg=1
[IDProbCover] it=020 pick_rel=26336 ID=8.450 pick_global=28743 best_gain=1 covered=0.100 maxdeg=1
[IDProbCover] it=021 pick_rel=34976 ID=8.450 pick_global=38576 best_gain=1 covered=0.100 maxdeg=1
[IDProbCover] it=022 pick_rel=31179 ID=8.455 pick_global=34259 best_gain=1 covered=0.100 maxdeg=1
[IDProbCover] it=023 pick_rel=9225 ID=8.457 pick_global=9238 best_gain=1 covered=0.100 maxdeg=1
[IDProbCover] it=024 pick_rel=33703 ID=8.458 pick_global=37111 best_gain=1 covered=0.100 maxdeg=1
[IDProbCover] it=025 pick_rel=28362 ID=8.458 pick_global=31018 best_gain=1 covered=0.100 maxdeg=1
[IDProbCover] it=026 pick_rel=25221 ID=8.464 pick_global=27469 best_gain=1 covered=0.100 maxdeg=1
[IDProbCover] it=027 pick_rel=17240 ID=8.467 pick_global=18365 best_gain=1 covered=0.100 maxdeg=1
[IDProbCover] it=028 pick_rel=27438 ID=8.474 pick_global=29998 best_gain=1 covered=0.100 maxdeg=1
[IDProbCover] it=029 pick_rel=23532 ID=8.478 pick_global=25544 best_gain=1 covered=0.100 maxdeg=1
[IDProbCover] it=030 pick_rel=39068 ID=8.480 pick_global=43299 best_gain=1 covered=0.100 maxdeg=1
[IDProbCover] it=031 pick_rel=23858 ID=8.480 pick_global=25911 best_gain=1 covered=0.101 maxdeg=1
[IDProbCover] it=032 pick_rel=8899 ID=8.490 pick_global=8874 best_gain=1 covered=0.101 maxdeg=1
[IDProbCover] it=033 pick_rel=27485 ID=8.491 pick_global=30047 best_gain=1 covered=0.101 maxdeg=1
[IDProbCover] it=034 pick_rel=3455 ID=8.494 pick_global=2657 best_gain=1 covered=0.101 maxdeg=1
[IDProbCover] it=035 pick_rel=40891 ID=8.496 pick_global=45349 best_gain=1 covered=0.101 maxdeg=1
[IDProbCover] it=036 pick_rel=34171 ID=8.499 pick_global=37650 best_gain=1 covered=0.101 maxdeg=1
[IDProbCover] it=037 pick_rel=1983 ID=8.508 pick_global=990 best_gain=1 covered=0.101 maxdeg=1
[IDProbCover] it=038 pick_rel=29491 ID=8.512 pick_global=32313 best_gain=1 covered=0.101 maxdeg=1
[IDProbCover] it=039 pick_rel=24012 ID=8.520 pick_global=26088 best_gain=1 covered=0.101 maxdeg=1
[IDProbCover] it=040 pick_rel=29919 ID=8.524 pick_global=32802 best_gain=1 covered=0.101 maxdeg=1
[IDProbCover] it=041 pick_rel=20216 ID=8.527 pick_global=21732 best_gain=1 covered=0.101 maxdeg=1
[IDProbCover] it=042 pick_rel=34274 ID=8.530 pick_global=37762 best_gain=1 covered=0.101 maxdeg=1
[IDProbCover] it=043 pick_rel=34680 ID=8.537 pick_global=38234 best_gain=1 covered=0.101 maxdeg=1
[IDProbCover] it=044 pick_rel=21906 ID=8.539 pick_global=23678 best_gain=1 covered=0.101 maxdeg=1
[IDProbCover] it=045 pick_rel=7359 ID=8.553 pick_global=7123 best_gain=1 covered=0.101 maxdeg=1
[IDProbCover] it=046 pick_rel=17314 ID=8.554 pick_global=18443 best_gain=1 covered=0.101 maxdeg=1
[IDProbCover] it=047 pick_rel=19071 ID=8.557 pick_global=20436 best_gain=1 covered=0.101 maxdeg=1
[IDProbCover] it=048 pick_rel=9635 ID=8.561 pick_global=9712 best_gain=1 covered=0.101 maxdeg=1
[IDProbCover] it=049 pick_rel=10189 ID=8.563 pick_global=10348 best_gain=1 covered=0.101 maxdeg=1
Coverage selection metadata: active=False (mode=id_prob_cover, variant=unknown, delta=0.2125, phase=id_adaptive, bald_mean=0.0000, bald_max=0.0000, variance_mean=0.0000, variance_max=0.0000, dropout_iters=0, cover_anchors=0, diversity_lambda=0.00, selected_id_mean=8.4692, selected_signal_mean=0.0000, selected_radius_mean=0.4179, k_id=50, k_knn=50, alpha=1.00)
Active Sampling Complete. After Episode 21:
New Labeled Set: 1150, New Unlabeled Set: 43850, Active Set: 50

================================


Current accuracy values:  [20.200000000000003, 17.099999999999994, 17.400000000000006, 20.58, 27.079999389648435, 31.479999351501462, 32.029999275207516, 34.08999900817871, 30.869999351501463, 35.82999870300293, 39.559998474121095, 39.29999870300293, 38.10999900817871, 43.189998664855956, 43.60999904632568, 42.59999881744385, 42.33999858856201, 43.47999885559082, 39.24999843597412, 43.609998893737796, 39.54999897003174, 45.39999870300293]
Starting model from scratch - ignoring existing weights.
<All keys matched successfully>
None
======== EPISODE 22 BEGINS ========

======== TRAINING ========
Training Epoch: 1/200	Train Loss: 3.7854	Val Accuracy: 0.0
Training Epoch: 2/200	Train Loss: 5.9597	Val Accuracy: 10.44
Training Epoch: 3/200	Train Loss: 2.6548	Val Accuracy: 10.44
Training Epoch: 4/200	Train Loss: 2.5561	Val Accuracy: 12.1
Training Epoch: 5/200	Train Loss: 5.4439	Val Accuracy: 12.1
Training Epoch: 6/200	Train Loss: 4.4814	Val Accuracy: 12.84
Training Epoch: 7/200	Train Loss: 4.508	Val Accuracy: 12.84
Training Epoch: 8/200	Train Loss: 2.4442	Val Accuracy: 17.9
Training Epoch: 9/200	Train Loss: 4.7841	Val Accuracy: 17.9
Training Epoch: 10/200	Train Loss: 2.0681	Val Accuracy: 18.68
Training Epoch: 11/200	Train Loss: 3.1039	Val Accuracy: 18.68
Training Epoch: 12/200	Train Loss: 2.2812	Val Accuracy: 19.24
Training Epoch: 13/200	Train Loss: 4.1639	Val Accuracy: 19.24
Training Epoch: 14/200	Train Loss: 2.5803	Val Accuracy: 17.7
Training Epoch: 15/200	Train Loss: 3.3619	Val Accuracy: 17.7
Training Epoch: 16/200	Train Loss: 2.3657	Val Accuracy: 17.46
Training Epoch: 17/200	Train Loss: 3.7616	Val Accuracy: 17.46
Training Epoch: 18/200	Train Loss: 2.6062	Val Accuracy: 20.86
Training Epoch: 19/200	Train Loss: 2.8967	Val Accuracy: 20.86
Training Epoch: 20/200	Train Loss: 1.9028	Val Accuracy: 22.54
Training Epoch: 21/200	Train Loss: 3.7475	Val Accuracy: 22.54
Training Epoch: 22/200	Train Loss: 2.3564	Val Accuracy: 25.0
Training Epoch: 23/200	Train Loss: 4.3032	Val Accuracy: 25.0
Training Epoch: 24/200	Train Loss: 1.7927	Val Accuracy: 25.96
Training Epoch: 25/200	Train Loss: 2.0472	Val Accuracy: 25.96
Training Epoch: 26/200	Train Loss: 1.6967	Val Accuracy: 27.8
Training Epoch: 27/200	Train Loss: 2.7367	Val Accuracy: 27.8
Training Epoch: 28/200	Train Loss: 2.7527	Val Accuracy: 28.2
Training Epoch: 29/200	Train Loss: 2.652	Val Accuracy: 28.2
Training Epoch: 30/200	Train Loss: 2.6619	Val Accuracy: 31.9
Training Epoch: 31/200	Train Loss: 1.63	Val Accuracy: 31.9
Training Epoch: 32/200	Train Loss: 1.7163	Val Accuracy: 29.08
Training Epoch: 33/200	Train Loss: 2.464	Val Accuracy: 29.08
Training Epoch: 34/200	Train Loss: 2.428	Val Accuracy: 34.74
Training Epoch: 35/200	Train Loss: 1.2447	Val Accuracy: 34.74
Training Epoch: 36/200	Train Loss: 1.8009	Val Accuracy: 27.42
Training Epoch: 37/200	Train Loss: 1.3546	Val Accuracy: 27.42
Training Epoch: 38/200	Train Loss: 1.2354	Val Accuracy: 35.96
Training Epoch: 39/200	Train Loss: 2.2945	Val Accuracy: 35.96
Training Epoch: 40/200	Train Loss: 1.283	Val Accuracy: 37.72
Training Epoch: 41/200	Train Loss: 1.2658	Val Accuracy: 37.72
Training Epoch: 42/200	Train Loss: 2.2247	Val Accuracy: 33.54
Training Epoch: 43/200	Train Loss: 2.3758	Val Accuracy: 33.54
Training Epoch: 44/200	Train Loss: 1.6777	Val Accuracy: 37.14
Training Epoch: 45/200	Train Loss: 2.3701	Val Accuracy: 37.14
Training Epoch: 46/200	Train Loss: 1.1746	Val Accuracy: 38.0
Training Epoch: 47/200	Train Loss: 1.304	Val Accuracy: 38.0
Training Epoch: 48/200	Train Loss: 1.0851	Val Accuracy: 36.9
Training Epoch: 49/200	Train Loss: 1.6551	Val Accuracy: 36.9
Training Epoch: 50/200	Train Loss: 1.4592	Val Accuracy: 36.0
Training Epoch: 51/200	Train Loss: 1.2467	Val Accuracy: 36.0
Training Epoch: 52/200	Train Loss: 1.1341	Val Accuracy: 38.7
Training Epoch: 53/200	Train Loss: 0.9514	Val Accuracy: 38.7
Training Epoch: 54/200	Train Loss: 2.4489	Val Accuracy: 40.54
Training Epoch: 55/200	Train Loss: 1.4014	Val Accuracy: 40.54
Training Epoch: 56/200	Train Loss: 1.5608	Val Accuracy: 41.54
Training Epoch: 57/200	Train Loss: 1.8192	Val Accuracy: 41.54
Training Epoch: 58/200	Train Loss: 1.0137	Val Accuracy: 39.58
Training Epoch: 59/200	Train Loss: 1.5479	Val Accuracy: 39.58
Training Epoch: 60/200	Train Loss: 1.0127	Val Accuracy: 34.74
Training Epoch: 61/200	Train Loss: 1.2842	Val Accuracy: 34.74
Training Epoch: 62/200	Train Loss: 0.8279	Val Accuracy: 37.78
Training Epoch: 63/200	Train Loss: 1.0882	Val Accuracy: 37.78
Training Epoch: 64/200	Train Loss: 0.9149	Val Accuracy: 39.7
Training Epoch: 65/200	Train Loss: 0.6693	Val Accuracy: 39.7
Training Epoch: 66/200	Train Loss: 0.6988	Val Accuracy: 40.98
Training Epoch: 67/200	Train Loss: 0.7062	Val Accuracy: 40.98
Training Epoch: 68/200	Train Loss: 1.1815	Val Accuracy: 40.44
Training Epoch: 69/200	Train Loss: 1.3327	Val Accuracy: 40.44
Training Epoch: 70/200	Train Loss: 0.7928	Val Accuracy: 42.28
Training Epoch: 71/200	Train Loss: 0.603	Val Accuracy: 42.28
Training Epoch: 72/200	Train Loss: 0.9147	Val Accuracy: 40.24
Training Epoch: 73/200	Train Loss: 0.7932	Val Accuracy: 40.24
Training Epoch: 74/200	Train Loss: 0.8194	Val Accuracy: 40.84
Training Epoch: 75/200	Train Loss: 2.4543	Val Accuracy: 40.84
Training Epoch: 76/200	Train Loss: 0.9958	Val Accuracy: 41.78
Training Epoch: 77/200	Train Loss: 0.539	Val Accuracy: 41.78
Training Epoch: 78/200	Train Loss: 1.1887	Val Accuracy: 36.02
Training Epoch: 79/200	Train Loss: 0.9286	Val Accuracy: 36.02
Training Epoch: 80/200	Train Loss: 1.3823	Val Accuracy: 41.2
Training Epoch: 81/200	Train Loss: 1.5729	Val Accuracy: 41.2
Training Epoch: 82/200	Train Loss: 1.1493	Val Accuracy: 42.8
Training Epoch: 83/200	Train Loss: 0.8364	Val Accuracy: 42.8
Training Epoch: 84/200	Train Loss: 1.1602	Val Accuracy: 41.62
Training Epoch: 85/200	Train Loss: 1.2856	Val Accuracy: 41.62
Training Epoch: 86/200	Train Loss: 0.9093	Val Accuracy: 41.58
Training Epoch: 87/200	Train Loss: 0.3806	Val Accuracy: 41.58
Training Epoch: 88/200	Train Loss: 0.5768	Val Accuracy: 43.3
Training Epoch: 89/200	Train Loss: 0.7873	Val Accuracy: 43.3
Training Epoch: 90/200	Train Loss: 0.7152	Val Accuracy: 41.96
Training Epoch: 91/200	Train Loss: 0.8358	Val Accuracy: 41.96
Training Epoch: 92/200	Train Loss: 0.5868	Val Accuracy: 43.4
Training Epoch: 93/200	Train Loss: 0.5036	Val Accuracy: 43.4
Training Epoch: 94/200	Train Loss: 0.8041	Val Accuracy: 43.96
Training Epoch: 95/200	Train Loss: 0.7397	Val Accuracy: 43.96
Training Epoch: 96/200	Train Loss: 0.9656	Val Accuracy: 42.82
Training Epoch: 97/200	Train Loss: 0.4279	Val Accuracy: 42.82
Training Epoch: 98/200	Train Loss: 0.2405	Val Accuracy: 41.9
Training Epoch: 99/200	Train Loss: 0.3623	Val Accuracy: 41.9
Training Epoch: 100/200	Train Loss: 0.4154	Val Accuracy: 44.16
Training Epoch: 101/200	Train Loss: 0.2735	Val Accuracy: 44.16
Training Epoch: 102/200	Train Loss: 0.4512	Val Accuracy: 42.42
Training Epoch: 103/200	Train Loss: 1.3882	Val Accuracy: 42.42
Training Epoch: 104/200	Train Loss: 1.0444	Val Accuracy: 41.24
Training Epoch: 105/200	Train Loss: 0.5282	Val Accuracy: 41.24
Training Epoch: 106/200	Train Loss: 0.4235	Val Accuracy: 42.7
Training Epoch: 107/200	Train Loss: 0.5417	Val Accuracy: 42.7
Training Epoch: 108/200	Train Loss: 0.9737	Val Accuracy: 43.46
Training Epoch: 109/200	Train Loss: 0.8752	Val Accuracy: 43.46
Training Epoch: 110/200	Train Loss: 1.0879	Val Accuracy: 43.56
Training Epoch: 111/200	Train Loss: 0.5103	Val Accuracy: 43.56
Training Epoch: 112/200	Train Loss: 0.8006	Val Accuracy: 44.3
Training Epoch: 113/200	Train Loss: 0.31	Val Accuracy: 44.3
Training Epoch: 114/200	Train Loss: 0.2493	Val Accuracy: 45.4
Training Epoch: 115/200	Train Loss: 0.3946	Val Accuracy: 45.4
Training Epoch: 116/200	Train Loss: 0.3067	Val Accuracy: 44.82
Training Epoch: 117/200	Train Loss: 0.306	Val Accuracy: 44.82
Training Epoch: 118/200	Train Loss: 0.2778	Val Accuracy: 43.86
Training Epoch: 119/200	Train Loss: 0.1491	Val Accuracy: 43.86
Training Epoch: 120/200	Train Loss: 0.4368	Val Accuracy: 44.8
Training Epoch: 121/200	Train Loss: 0.2656	Val Accuracy: 44.8
Training Epoch: 122/200	Train Loss: 0.1271	Val Accuracy: 45.12
Training Epoch: 123/200	Train Loss: 0.1971	Val Accuracy: 45.12
Training Epoch: 124/200	Train Loss: 0.9724	Val Accuracy: 44.7
Training Epoch: 125/200	Train Loss: 0.2845	Val Accuracy: 44.7
Training Epoch: 126/200	Train Loss: 0.1032	Val Accuracy: 44.36
Training Epoch: 127/200	Train Loss: 0.8264	Val Accuracy: 44.36
Training Epoch: 128/200	Train Loss: 0.0973	Val Accuracy: 45.28
Training Epoch: 129/200	Train Loss: 0.3882	Val Accuracy: 45.28
Training Epoch: 130/200	Train Loss: 0.2044	Val Accuracy: 44.14
Training Epoch: 131/200	Train Loss: 0.1245	Val Accuracy: 44.14
Training Epoch: 132/200	Train Loss: 0.5966	Val Accuracy: 44.74
Training Epoch: 133/200	Train Loss: 0.439	Val Accuracy: 44.74
Training Epoch: 134/200	Train Loss: 0.0556	Val Accuracy: 46.02
Training Epoch: 135/200	Train Loss: 0.3472	Val Accuracy: 46.02
Training Epoch: 136/200	Train Loss: 0.0997	Val Accuracy: 46.38
Training Epoch: 137/200	Train Loss: 0.0965	Val Accuracy: 46.38
Training Epoch: 138/200	Train Loss: 0.4414	Val Accuracy: 45.6
Training Epoch: 139/200	Train Loss: 0.2062	Val Accuracy: 45.6
Training Epoch: 140/200	Train Loss: 0.1729	Val Accuracy: 45.08
Training Epoch: 141/200	Train Loss: 0.0827	Val Accuracy: 45.08
Training Epoch: 142/200	Train Loss: 0.3334	Val Accuracy: 45.02
Training Epoch: 143/200	Train Loss: 0.0283	Val Accuracy: 45.02
Training Epoch: 144/200	Train Loss: 0.5987	Val Accuracy: 46.1
Training Epoch: 145/200	Train Loss: 0.0854	Val Accuracy: 46.1
Training Epoch: 146/200	Train Loss: 0.0225	Val Accuracy: 46.44
Training Epoch: 147/200	Train Loss: 0.0721	Val Accuracy: 46.44
Training Epoch: 148/200	Train Loss: 0.0931	Val Accuracy: 45.9
Training Epoch: 149/200	Train Loss: 0.0982	Val Accuracy: 45.9
Training Epoch: 150/200	Train Loss: 0.274	Val Accuracy: 45.98
Training Epoch: 151/200	Train Loss: 0.0156	Val Accuracy: 45.98
Training Epoch: 152/200	Train Loss: 0.265	Val Accuracy: 46.56
Training Epoch: 153/200	Train Loss: 0.0286	Val Accuracy: 46.56
Training Epoch: 154/200	Train Loss: 0.0805	Val Accuracy: 46.32
Training Epoch: 155/200	Train Loss: 0.0452	Val Accuracy: 46.32
Training Epoch: 156/200	Train Loss: 0.0552	Val Accuracy: 45.66
Training Epoch: 157/200	Train Loss: 0.3729	Val Accuracy: 45.66
Training Epoch: 158/200	Train Loss: 0.0434	Val Accuracy: 46.4
Training Epoch: 159/200	Train Loss: 0.1271	Val Accuracy: 46.4
Training Epoch: 160/200	Train Loss: 0.1219	Val Accuracy: 46.08
Training Epoch: 161/200	Train Loss: 0.0274	Val Accuracy: 46.08
Training Epoch: 162/200	Train Loss: 0.0568	Val Accuracy: 46.42
Training Epoch: 163/200	Train Loss: 0.0164	Val Accuracy: 46.42
Training Epoch: 164/200	Train Loss: 0.3415	Val Accuracy: 46.56
Training Epoch: 165/200	Train Loss: 0.0479	Val Accuracy: 46.56
Training Epoch: 166/200	Train Loss: 0.005	Val Accuracy: 46.76
Training Epoch: 167/200	Train Loss: 0.0213	Val Accuracy: 46.76
Training Epoch: 168/200	Train Loss: 0.4165	Val Accuracy: 46.68
Training Epoch: 169/200	Train Loss: 0.0245	Val Accuracy: 46.68
Training Epoch: 170/200	Train Loss: 0.0174	Val Accuracy: 45.42
Training Epoch: 171/200	Train Loss: 0.0183	Val Accuracy: 45.42
Training Epoch: 172/200	Train Loss: 0.0526	Val Accuracy: 46.38
Training Epoch: 173/200	Train Loss: 0.0307	Val Accuracy: 46.38
Training Epoch: 174/200	Train Loss: 0.0354	Val Accuracy: 46.38
Training Epoch: 175/200	Train Loss: 0.1913	Val Accuracy: 46.38
Training Epoch: 176/200	Train Loss: 0.2377	Val Accuracy: 45.92
Training Epoch: 177/200	Train Loss: 0.0159	Val Accuracy: 45.92
Training Epoch: 178/200	Train Loss: 0.153	Val Accuracy: 45.98
Training Epoch: 179/200	Train Loss: 0.0377	Val Accuracy: 45.98
Training Epoch: 180/200	Train Loss: 0.1532	Val Accuracy: 45.48
Training Epoch: 181/200	Train Loss: 0.0833	Val Accuracy: 45.48
Training Epoch: 182/200	Train Loss: 0.1293	Val Accuracy: 46.16
Training Epoch: 183/200	Train Loss: 0.2007	Val Accuracy: 46.16
Training Epoch: 184/200	Train Loss: 0.2423	Val Accuracy: 46.36
Training Epoch: 185/200	Train Loss: 0.0587	Val Accuracy: 46.36
Training Epoch: 186/200	Train Loss: 0.2152	Val Accuracy: 46.38
Training Epoch: 187/200	Train Loss: 0.0204	Val Accuracy: 46.38
Training Epoch: 188/200	Train Loss: 0.0657	Val Accuracy: 46.06
Training Epoch: 189/200	Train Loss: 0.0516	Val Accuracy: 46.06
Training Epoch: 190/200	Train Loss: 0.0438	Val Accuracy: 46.24
Training Epoch: 191/200	Train Loss: 0.3257	Val Accuracy: 46.24
Training Epoch: 192/200	Train Loss: 0.0035	Val Accuracy: 47.02
Training Epoch: 193/200	Train Loss: 0.3103	Val Accuracy: 47.02
Training Epoch: 194/200	Train Loss: 0.0241	Val Accuracy: 45.56
Training Epoch: 195/200	Train Loss: 0.0767	Val Accuracy: 45.56
Training Epoch: 196/200	Train Loss: 0.3638	Val Accuracy: 46.58
Training Epoch: 197/200	Train Loss: 0.0127	Val Accuracy: 46.58
Training Epoch: 198/200	Train Loss: 0.2258	Val Accuracy: 46.54
Training Epoch: 199/200	Train Loss: 0.0463	Val Accuracy: 46.54
Training Epoch: 200/200	Train Loss: 0.3442	Val Accuracy: 45.86

Wrote Best Model Checkpoint to: vlBest_acc_47_model_epoch_0192.pyth

Best Validation Accuracy: 47.02
Best Epoch: 192

======== TESTING ========

Test Accuracy: 46.4.

======== ACTIVE SAMPLING ========

ProbCover adaptive delta: base=0.2500, effective=0.2125, scale=0.85, phase=post_label_shrink, labeled_count=1150
[ID cache] loaded: /scratch/s219110279/idpc_cache/resnet50/CIFAR10/seed1/mle_local_k50.npy
[kNN cache] loaded: /scratch/s219110279/idpc_cache/resnet50/CIFAR10/seed1/knn_k50.npz
[IDProbCover] it=000 pick_rel=9284 ID=8.565 pick_global=9255 best_gain=1 covered=0.101 maxdeg=1
[IDProbCover] it=001 pick_rel=29045 ID=8.567 pick_global=31779 best_gain=1 covered=0.101 maxdeg=1
[IDProbCover] it=002 pick_rel=8580 ID=8.575 pick_global=8467 best_gain=1 covered=0.101 maxdeg=1
[IDProbCover] it=003 pick_rel=21864 ID=8.575 pick_global=23593 best_gain=1 covered=0.101 maxdeg=1
[IDProbCover] it=004 pick_rel=37291 ID=8.577 pick_global=41263 best_gain=1 covered=0.101 maxdeg=1
[IDProbCover] it=005 pick_rel=23463 ID=8.579 pick_global=25437 best_gain=1 covered=0.101 maxdeg=1
[IDProbCover] it=006 pick_rel=30949 ID=8.580 pick_global=33981 best_gain=1 covered=0.101 maxdeg=1
[IDProbCover] it=007 pick_rel=37506 ID=8.580 pick_global=41511 best_gain=1 covered=0.101 maxdeg=1
[IDProbCover] it=008 pick_rel=34988 ID=8.586 pick_global=38586 best_gain=1 covered=0.101 maxdeg=1
[IDProbCover] it=009 pick_rel=15361 ID=8.587 pick_global=16186 best_gain=1 covered=0.101 maxdeg=1
[IDProbCover] it=010 pick_rel=29358 ID=8.589 pick_global=32144 best_gain=1 covered=0.101 maxdeg=1
[IDProbCover] it=011 pick_rel=11816 ID=8.589 pick_global=12155 best_gain=1 covered=0.101 maxdeg=1
[IDProbCover] it=012 pick_rel=25968 ID=8.597 pick_global=28303 best_gain=1 covered=0.101 maxdeg=1
[IDProbCover] it=013 pick_rel=42230 ID=8.602 pick_global=46856 best_gain=1 covered=0.101 maxdeg=1
[IDProbCover] it=014 pick_rel=27199 ID=8.603 pick_global=29705 best_gain=1 covered=0.101 maxdeg=1
[IDProbCover] it=015 pick_rel=8053 ID=8.611 pick_global=7877 best_gain=1 covered=0.101 maxdeg=1
[IDProbCover] it=016 pick_rel=18557 ID=8.613 pick_global=19810 best_gain=1 covered=0.101 maxdeg=1
[IDProbCover] it=017 pick_rel=20207 ID=8.619 pick_global=21690 best_gain=1 covered=0.101 maxdeg=1
[IDProbCover] it=018 pick_rel=3340 ID=8.620 pick_global=2473 best_gain=1 covered=0.101 maxdeg=1
[IDProbCover] it=019 pick_rel=4283 ID=8.623 pick_global=3558 best_gain=1 covered=0.101 maxdeg=1
[IDProbCover] it=020 pick_rel=39813 ID=8.625 pick_global=44141 best_gain=1 covered=0.101 maxdeg=1
[IDProbCover] it=021 pick_rel=9432 ID=8.626 pick_global=9421 best_gain=1 covered=0.101 maxdeg=1
[IDProbCover] it=022 pick_rel=3948 ID=8.628 pick_global=3173 best_gain=1 covered=0.101 maxdeg=1
[IDProbCover] it=023 pick_rel=17077 ID=8.629 pick_global=18144 best_gain=1 covered=0.101 maxdeg=1
[IDProbCover] it=024 pick_rel=33691 ID=8.630 pick_global=37086 best_gain=1 covered=0.101 maxdeg=1
[IDProbCover] it=025 pick_rel=2987 ID=8.631 pick_global=2070 best_gain=1 covered=0.101 maxdeg=1
[IDProbCover] it=026 pick_rel=25864 ID=8.632 pick_global=28188 best_gain=1 covered=0.102 maxdeg=1
[IDProbCover] it=027 pick_rel=13250 ID=8.632 pick_global=13780 best_gain=1 covered=0.102 maxdeg=1
[IDProbCover] it=028 pick_rel=8337 ID=8.634 pick_global=8190 best_gain=1 covered=0.102 maxdeg=1
[IDProbCover] it=029 pick_rel=27312 ID=8.636 pick_global=29827 best_gain=1 covered=0.102 maxdeg=1
[IDProbCover] it=030 pick_rel=26188 ID=8.638 pick_global=28551 best_gain=1 covered=0.102 maxdeg=1
[IDProbCover] it=031 pick_rel=22897 ID=8.640 pick_global=24791 best_gain=1 covered=0.102 maxdeg=1
[IDProbCover] it=032 pick_rel=9895 ID=8.643 pick_global=9964 best_gain=1 covered=0.102 maxdeg=1
[IDProbCover] it=033 pick_rel=34857 ID=8.649 pick_global=38435 best_gain=1 covered=0.102 maxdeg=1
[IDProbCover] it=034 pick_rel=18017 ID=8.651 pick_global=19195 best_gain=1 covered=0.102 maxdeg=1
[IDProbCover] it=035 pick_rel=8662 ID=8.651 pick_global=8554 best_gain=1 covered=0.102 maxdeg=1
[IDProbCover] it=036 pick_rel=28589 ID=8.653 pick_global=31261 best_gain=1 covered=0.102 maxdeg=1
[IDProbCover] it=037 pick_rel=12410 ID=8.657 pick_global=12835 best_gain=1 covered=0.102 maxdeg=1
[IDProbCover] it=038 pick_rel=42693 ID=8.665 pick_global=47373 best_gain=1 covered=0.102 maxdeg=1
[IDProbCover] it=039 pick_rel=42806 ID=8.667 pick_global=47504 best_gain=1 covered=0.102 maxdeg=1
[IDProbCover] it=040 pick_rel=44708 ID=8.667 pick_global=49659 best_gain=1 covered=0.102 maxdeg=1
[IDProbCover] it=041 pick_rel=26869 ID=8.671 pick_global=29317 best_gain=1 covered=0.102 maxdeg=1
[IDProbCover] it=042 pick_rel=15783 ID=8.675 pick_global=16673 best_gain=1 covered=0.102 maxdeg=1
[IDProbCover] it=043 pick_rel=23121 ID=8.676 pick_global=25053 best_gain=1 covered=0.102 maxdeg=1
[IDProbCover] it=044 pick_rel=6336 ID=8.678 pick_global=5889 best_gain=1 covered=0.102 maxdeg=1
[IDProbCover] it=045 pick_rel=6070 ID=8.678 pick_global=5597 best_gain=1 covered=0.102 maxdeg=1
[IDProbCover] it=046 pick_rel=20847 ID=8.681 pick_global=22419 best_gain=1 covered=0.102 maxdeg=1
[IDProbCover] it=047 pick_rel=6214 ID=8.682 pick_global=5752 best_gain=1 covered=0.102 maxdeg=1
[IDProbCover] it=048 pick_rel=42469 ID=8.682 pick_global=47121 best_gain=1 covered=0.102 maxdeg=1
[IDProbCover] it=049 pick_rel=8821 ID=8.685 pick_global=8737 best_gain=1 covered=0.102 maxdeg=1
Coverage selection metadata: active=False (mode=id_prob_cover, variant=unknown, delta=0.2125, phase=id_adaptive, bald_mean=0.0000, bald_max=0.0000, variance_mean=0.0000, variance_max=0.0000, dropout_iters=0, cover_anchors=0, diversity_lambda=0.00, selected_id_mean=8.6286, selected_signal_mean=0.0000, selected_radius_mean=0.4102, k_id=50, k_knn=50, alpha=1.00)
Active Sampling Complete. After Episode 22:
New Labeled Set: 1200, New Unlabeled Set: 43800, Active Set: 50

================================


Current accuracy values:  [20.200000000000003, 17.099999999999994, 17.400000000000006, 20.58, 27.079999389648435, 31.479999351501462, 32.029999275207516, 34.08999900817871, 30.869999351501463, 35.82999870300293, 39.559998474121095, 39.29999870300293, 38.10999900817871, 43.189998664855956, 43.60999904632568, 42.59999881744385, 42.33999858856201, 43.47999885559082, 39.24999843597412, 43.609998893737796, 39.54999897003174, 45.39999870300293, 46.39999893188477]
Starting model from scratch - ignoring existing weights.
<All keys matched successfully>
None
======== EPISODE 23 BEGINS ========

======== TRAINING ========
Training Epoch: 1/200	Train Loss: 8.5398	Val Accuracy: 0.0
Training Epoch: 2/200	Train Loss: 8.481	Val Accuracy: 10.18
Training Epoch: 3/200	Train Loss: 2.7883	Val Accuracy: 10.18
Training Epoch: 4/200	Train Loss: 4.5947	Val Accuracy: 11.22
Training Epoch: 5/200	Train Loss: 6.6102	Val Accuracy: 11.22
Training Epoch: 6/200	Train Loss: 4.4812	Val Accuracy: 13.92
Training Epoch: 7/200	Train Loss: 6.3859	Val Accuracy: 13.92
Training Epoch: 8/200	Train Loss: 2.3167	Val Accuracy: 16.94
Training Epoch: 9/200	Train Loss: 2.1114	Val Accuracy: 16.94
Training Epoch: 10/200	Train Loss: 4.645	Val Accuracy: 13.8
Training Epoch: 11/200	Train Loss: 2.8609	Val Accuracy: 13.8
Training Epoch: 12/200	Train Loss: 6.9559	Val Accuracy: 19.0
Training Epoch: 13/200	Train Loss: 5.2131	Val Accuracy: 19.0
Training Epoch: 14/200	Train Loss: 2.6149	Val Accuracy: 19.58
Training Epoch: 15/200	Train Loss: 2.8875	Val Accuracy: 19.58
Training Epoch: 16/200	Train Loss: 3.2983	Val Accuracy: 23.32
Training Epoch: 17/200	Train Loss: 1.8975	Val Accuracy: 23.32
Training Epoch: 18/200	Train Loss: 1.7189	Val Accuracy: 26.56
Training Epoch: 19/200	Train Loss: 1.9974	Val Accuracy: 26.56
Training Epoch: 20/200	Train Loss: 3.2496	Val Accuracy: 26.34
Training Epoch: 21/200	Train Loss: 1.9155	Val Accuracy: 26.34
Training Epoch: 22/200	Train Loss: 1.5502	Val Accuracy: 30.06
Training Epoch: 23/200	Train Loss: 2.5333	Val Accuracy: 30.06
Training Epoch: 24/200	Train Loss: 1.3519	Val Accuracy: 31.42
Training Epoch: 25/200	Train Loss: 2.0293	Val Accuracy: 31.42
Training Epoch: 26/200	Train Loss: 1.3367	Val Accuracy: 29.24
Training Epoch: 27/200	Train Loss: 1.4922	Val Accuracy: 29.24
Training Epoch: 28/200	Train Loss: 1.3173	Val Accuracy: 32.34
Training Epoch: 29/200	Train Loss: 1.3183	Val Accuracy: 32.34
Training Epoch: 30/200	Train Loss: 1.7148	Val Accuracy: 34.72
Training Epoch: 31/200	Train Loss: 1.9249	Val Accuracy: 34.72
Training Epoch: 32/200	Train Loss: 1.4663	Val Accuracy: 34.0
Training Epoch: 33/200	Train Loss: 1.5118	Val Accuracy: 34.0
Training Epoch: 34/200	Train Loss: 1.6615	Val Accuracy: 33.24
Training Epoch: 35/200	Train Loss: 1.7637	Val Accuracy: 33.24
Training Epoch: 36/200	Train Loss: 1.6287	Val Accuracy: 32.86
Training Epoch: 37/200	Train Loss: 2.3463	Val Accuracy: 32.86
Training Epoch: 38/200	Train Loss: 1.6085	Val Accuracy: 35.24
Training Epoch: 39/200	Train Loss: 1.2874	Val Accuracy: 35.24
Training Epoch: 40/200	Train Loss: 1.3314	Val Accuracy: 37.24
Training Epoch: 41/200	Train Loss: 1.1211	Val Accuracy: 37.24
Training Epoch: 42/200	Train Loss: 1.5589	Val Accuracy: 32.8
Training Epoch: 43/200	Train Loss: 1.0278	Val Accuracy: 32.8
Training Epoch: 44/200	Train Loss: 1.1012	Val Accuracy: 34.84
Training Epoch: 45/200	Train Loss: 1.3324	Val Accuracy: 34.84
Training Epoch: 46/200	Train Loss: 1.4214	Val Accuracy: 38.22
Training Epoch: 47/200	Train Loss: 1.1524	Val Accuracy: 38.22
Training Epoch: 48/200	Train Loss: 1.0658	Val Accuracy: 38.64
Training Epoch: 49/200	Train Loss: 1.2001	Val Accuracy: 38.64
Training Epoch: 50/200	Train Loss: 2.5972	Val Accuracy: 34.4
Training Epoch: 51/200	Train Loss: 0.9913	Val Accuracy: 34.4
Training Epoch: 52/200	Train Loss: 1.1551	Val Accuracy: 39.84
Training Epoch: 53/200	Train Loss: 0.9287	Val Accuracy: 39.84
Training Epoch: 54/200	Train Loss: 0.9829	Val Accuracy: 41.22
Training Epoch: 55/200	Train Loss: 0.9995	Val Accuracy: 41.22
Training Epoch: 56/200	Train Loss: 1.0033	Val Accuracy: 40.2
Training Epoch: 57/200	Train Loss: 0.9496	Val Accuracy: 40.2
Training Epoch: 58/200	Train Loss: 0.9105	Val Accuracy: 41.08
Training Epoch: 59/200	Train Loss: 0.6608	Val Accuracy: 41.08
Training Epoch: 60/200	Train Loss: 0.753	Val Accuracy: 41.46
Training Epoch: 61/200	Train Loss: 0.6526	Val Accuracy: 41.46
Training Epoch: 62/200	Train Loss: 3.004	Val Accuracy: 41.78
Training Epoch: 63/200	Train Loss: 2.6134	Val Accuracy: 41.78
Training Epoch: 64/200	Train Loss: 0.6181	Val Accuracy: 41.64
Training Epoch: 65/200	Train Loss: 1.6125	Val Accuracy: 41.64
Training Epoch: 66/200	Train Loss: 1.4027	Val Accuracy: 40.32
Training Epoch: 67/200	Train Loss: 1.0707	Val Accuracy: 40.32
Training Epoch: 68/200	Train Loss: 1.0908	Val Accuracy: 39.66
Training Epoch: 69/200	Train Loss: 1.8086	Val Accuracy: 39.66
Training Epoch: 70/200	Train Loss: 0.9839	Val Accuracy: 40.54
Training Epoch: 71/200	Train Loss: 1.6609	Val Accuracy: 40.54
Training Epoch: 72/200	Train Loss: 1.4498	Val Accuracy: 34.92
Training Epoch: 73/200	Train Loss: 2.6489	Val Accuracy: 34.92
Training Epoch: 74/200	Train Loss: 1.2095	Val Accuracy: 39.5
Training Epoch: 75/200	Train Loss: 1.2893	Val Accuracy: 39.5
Training Epoch: 76/200	Train Loss: 1.7676	Val Accuracy: 41.62
Training Epoch: 77/200	Train Loss: 1.4438	Val Accuracy: 41.62
Training Epoch: 78/200	Train Loss: 0.6543	Val Accuracy: 42.32
Training Epoch: 79/200	Train Loss: 1.3131	Val Accuracy: 42.32
Training Epoch: 80/200	Train Loss: 1.7688	Val Accuracy: 42.88
Training Epoch: 81/200	Train Loss: 0.6667	Val Accuracy: 42.88
Training Epoch: 82/200	Train Loss: 0.6877	Val Accuracy: 43.66
Training Epoch: 83/200	Train Loss: 0.5698	Val Accuracy: 43.66
Training Epoch: 84/200	Train Loss: 0.519	Val Accuracy: 45.16
Training Epoch: 85/200	Train Loss: 0.5261	Val Accuracy: 45.16
Training Epoch: 86/200	Train Loss: 0.3459	Val Accuracy: 45.24
Training Epoch: 87/200	Train Loss: 0.9118	Val Accuracy: 45.24
Training Epoch: 88/200	Train Loss: 0.8607	Val Accuracy: 44.5
Training Epoch: 89/200	Train Loss: 0.9698	Val Accuracy: 44.5
Training Epoch: 90/200	Train Loss: 0.4504	Val Accuracy: 41.66
Training Epoch: 91/200	Train Loss: 0.5826	Val Accuracy: 41.66
Training Epoch: 92/200	Train Loss: 0.5178	Val Accuracy: 45.06
Training Epoch: 93/200	Train Loss: 1.2306	Val Accuracy: 45.06
Training Epoch: 94/200	Train Loss: 0.5292	Val Accuracy: 43.04
Training Epoch: 95/200	Train Loss: 1.1357	Val Accuracy: 43.04
Training Epoch: 96/200	Train Loss: 0.9228	Val Accuracy: 41.54
Training Epoch: 97/200	Train Loss: 1.0482	Val Accuracy: 41.54
Training Epoch: 98/200	Train Loss: 0.6677	Val Accuracy: 42.46
Training Epoch: 99/200	Train Loss: 0.8367	Val Accuracy: 42.46
Training Epoch: 100/200	Train Loss: 0.4679	Val Accuracy: 42.82
Training Epoch: 101/200	Train Loss: 0.4527	Val Accuracy: 42.82
Training Epoch: 102/200	Train Loss: 1.5448	Val Accuracy: 43.3
Training Epoch: 103/200	Train Loss: 1.9965	Val Accuracy: 43.3
Training Epoch: 104/200	Train Loss: 0.4407	Val Accuracy: 42.94
Training Epoch: 105/200	Train Loss: 0.3321	Val Accuracy: 42.94
Training Epoch: 106/200	Train Loss: 0.7132	Val Accuracy: 44.18
Training Epoch: 107/200	Train Loss: 1.148	Val Accuracy: 44.18
Training Epoch: 108/200	Train Loss: 1.3617	Val Accuracy: 44.94
Training Epoch: 109/200	Train Loss: 0.975	Val Accuracy: 44.94
Training Epoch: 110/200	Train Loss: 0.9968	Val Accuracy: 44.9
Training Epoch: 111/200	Train Loss: 0.4438	Val Accuracy: 44.9
Training Epoch: 112/200	Train Loss: 0.7209	Val Accuracy: 43.64
Training Epoch: 113/200	Train Loss: 0.8493	Val Accuracy: 43.64
Training Epoch: 114/200	Train Loss: 0.5606	Val Accuracy: 42.76
Training Epoch: 115/200	Train Loss: 0.2206	Val Accuracy: 42.76
Training Epoch: 116/200	Train Loss: 0.4332	Val Accuracy: 45.68
Training Epoch: 117/200	Train Loss: 0.5097	Val Accuracy: 45.68
Training Epoch: 118/200	Train Loss: 0.323	Val Accuracy: 43.84
Training Epoch: 119/200	Train Loss: 0.5753	Val Accuracy: 43.84
Training Epoch: 120/200	Train Loss: 0.5806	Val Accuracy: 45.16
Training Epoch: 121/200	Train Loss: 0.7296	Val Accuracy: 45.16
Training Epoch: 122/200	Train Loss: 0.9216	Val Accuracy: 41.54
Training Epoch: 123/200	Train Loss: 0.4252	Val Accuracy: 41.54
Training Epoch: 124/200	Train Loss: 0.7624	Val Accuracy: 44.18
Training Epoch: 125/200	Train Loss: 1.1113	Val Accuracy: 44.18
Training Epoch: 126/200	Train Loss: 1.0638	Val Accuracy: 44.74
Training Epoch: 127/200	Train Loss: 0.3137	Val Accuracy: 44.74
Training Epoch: 128/200	Train Loss: 0.3319	Val Accuracy: 42.68
Training Epoch: 129/200	Train Loss: 0.706	Val Accuracy: 42.68
Training Epoch: 130/200	Train Loss: 0.5919	Val Accuracy: 43.74
Training Epoch: 131/200	Train Loss: 0.426	Val Accuracy: 43.74
Training Epoch: 132/200	Train Loss: 0.7217	Val Accuracy: 44.58
Training Epoch: 133/200	Train Loss: 1.4415	Val Accuracy: 44.58
Training Epoch: 134/200	Train Loss: 0.818	Val Accuracy: 25.56
Training Epoch: 135/200	Train Loss: 1.5831	Val Accuracy: 25.56
Training Epoch: 136/200	Train Loss: 1.0132	Val Accuracy: 39.26
Training Epoch: 137/200	Train Loss: 0.63	Val Accuracy: 39.26
Training Epoch: 138/200	Train Loss: 0.7907	Val Accuracy: 41.06
Training Epoch: 139/200	Train Loss: 0.485	Val Accuracy: 41.06
Training Epoch: 140/200	Train Loss: 0.4047	Val Accuracy: 42.9
Training Epoch: 141/200	Train Loss: 0.3798	Val Accuracy: 42.9
Training Epoch: 142/200	Train Loss: 0.7849	Val Accuracy: 44.16
Training Epoch: 143/200	Train Loss: 0.4407	Val Accuracy: 44.16
Training Epoch: 144/200	Train Loss: 0.2571	Val Accuracy: 42.76
Training Epoch: 145/200	Train Loss: 0.5287	Val Accuracy: 42.76
Training Epoch: 146/200	Train Loss: 0.7959	Val Accuracy: 43.72
Training Epoch: 147/200	Train Loss: 0.3245	Val Accuracy: 43.72
Training Epoch: 148/200	Train Loss: 0.6287	Val Accuracy: 43.2
Training Epoch: 149/200	Train Loss: 0.4517	Val Accuracy: 43.2
Training Epoch: 150/200	Train Loss: 0.3088	Val Accuracy: 43.98
Training Epoch: 151/200	Train Loss: 0.2736	Val Accuracy: 43.98
Training Epoch: 152/200	Train Loss: 0.2541	Val Accuracy: 44.04
Training Epoch: 153/200	Train Loss: 0.2294	Val Accuracy: 44.04
Training Epoch: 154/200	Train Loss: 0.4744	Val Accuracy: 43.78
Training Epoch: 155/200	Train Loss: 0.1876	Val Accuracy: 43.78
Training Epoch: 156/200	Train Loss: 0.2968	Val Accuracy: 44.48
Training Epoch: 157/200	Train Loss: 0.713	Val Accuracy: 44.48
Training Epoch: 158/200	Train Loss: 0.4142	Val Accuracy: 44.4
Training Epoch: 159/200	Train Loss: 0.2531	Val Accuracy: 44.4
Training Epoch: 160/200	Train Loss: 0.2757	Val Accuracy: 45.24
Training Epoch: 161/200	Train Loss: 0.2316	Val Accuracy: 45.24
Training Epoch: 162/200	Train Loss: 0.1526	Val Accuracy: 45.74
Training Epoch: 163/200	Train Loss: 0.1242	Val Accuracy: 45.74
Training Epoch: 164/200	Train Loss: 0.7363	Val Accuracy: 44.82
Training Epoch: 165/200	Train Loss: 0.551	Val Accuracy: 44.82
Training Epoch: 166/200	Train Loss: 0.5098	Val Accuracy: 45.58
Training Epoch: 167/200	Train Loss: 0.3529	Val Accuracy: 45.58
Training Epoch: 168/200	Train Loss: 0.1149	Val Accuracy: 44.7
Training Epoch: 169/200	Train Loss: 0.1936	Val Accuracy: 44.7
Training Epoch: 170/200	Train Loss: 0.2734	Val Accuracy: 45.32
Training Epoch: 171/200	Train Loss: 0.1749	Val Accuracy: 45.32
Training Epoch: 172/200	Train Loss: 0.1195	Val Accuracy: 44.9
Training Epoch: 173/200	Train Loss: 0.6677	Val Accuracy: 44.9
Training Epoch: 174/200	Train Loss: 0.3211	Val Accuracy: 44.82
Training Epoch: 175/200	Train Loss: 0.2109	Val Accuracy: 44.82
Training Epoch: 176/200	Train Loss: 0.4565	Val Accuracy: 45.5
Training Epoch: 177/200	Train Loss: 0.1243	Val Accuracy: 45.5
Training Epoch: 178/200	Train Loss: 0.3991	Val Accuracy: 44.56
Training Epoch: 179/200	Train Loss: 0.4391	Val Accuracy: 44.56
Training Epoch: 180/200	Train Loss: 0.3588	Val Accuracy: 45.38
Training Epoch: 181/200	Train Loss: 0.5108	Val Accuracy: 45.38
Training Epoch: 182/200	Train Loss: 0.1272	Val Accuracy: 45.02
Training Epoch: 183/200	Train Loss: 0.4021	Val Accuracy: 45.02
Training Epoch: 184/200	Train Loss: 0.2615	Val Accuracy: 45.46
Training Epoch: 185/200	Train Loss: 0.3301	Val Accuracy: 45.46
Training Epoch: 186/200	Train Loss: 0.1557	Val Accuracy: 44.74
Training Epoch: 187/200	Train Loss: 0.115	Val Accuracy: 44.74
Training Epoch: 188/200	Train Loss: 0.7092	Val Accuracy: 45.42
Training Epoch: 189/200	Train Loss: 0.3494	Val Accuracy: 45.42
Training Epoch: 190/200	Train Loss: 0.0652	Val Accuracy: 45.22
Training Epoch: 191/200	Train Loss: 0.8253	Val Accuracy: 45.22
Training Epoch: 192/200	Train Loss: 0.3982	Val Accuracy: 45.44
Training Epoch: 193/200	Train Loss: 0.1122	Val Accuracy: 45.44
Training Epoch: 194/200	Train Loss: 0.4115	Val Accuracy: 45.12
Training Epoch: 195/200	Train Loss: 0.0566	Val Accuracy: 45.12
Training Epoch: 196/200	Train Loss: 0.1137	Val Accuracy: 45.08
Training Epoch: 197/200	Train Loss: 0.4833	Val Accuracy: 45.08
Training Epoch: 198/200	Train Loss: 0.4542	Val Accuracy: 45.5
Training Epoch: 199/200	Train Loss: 0.0431	Val Accuracy: 45.5
Training Epoch: 200/200	Train Loss: 0.2208	Val Accuracy: 45.68

Wrote Best Model Checkpoint to: vlBest_acc_45_model_epoch_0162.pyth

Best Validation Accuracy: 45.74
Best Epoch: 162

======== TESTING ========

Test Accuracy: 45.45.

======== ACTIVE SAMPLING ========

ProbCover adaptive delta: base=0.2500, effective=0.2125, scale=0.85, phase=post_label_shrink, labeled_count=1200
[ID cache] loaded: /scratch/s219110279/idpc_cache/resnet50/CIFAR10/seed1/mle_local_k50.npy
[kNN cache] loaded: /scratch/s219110279/idpc_cache/resnet50/CIFAR10/seed1/knn_k50.npz
[IDProbCover] it=000 pick_rel=8041 ID=8.685 pick_global=7815 best_gain=1 covered=0.102 maxdeg=1
[IDProbCover] it=001 pick_rel=44475 ID=8.692 pick_global=49387 best_gain=1 covered=0.102 maxdeg=1
[IDProbCover] it=002 pick_rel=1267 ID=8.692 pick_global=77 best_gain=1 covered=0.102 maxdeg=1
[IDProbCover] it=003 pick_rel=19131 ID=8.692 pick_global=20437 best_gain=1 covered=0.102 maxdeg=1
[IDProbCover] it=004 pick_rel=10991 ID=8.693 pick_global=11179 best_gain=1 covered=0.102 maxdeg=1
[IDProbCover] it=005 pick_rel=39807 ID=8.693 pick_global=44129 best_gain=1 covered=0.102 maxdeg=1
[IDProbCover] it=006 pick_rel=36513 ID=8.694 pick_global=40355 best_gain=1 covered=0.102 maxdeg=1
[IDProbCover] it=007 pick_rel=20116 ID=8.696 pick_global=21561 best_gain=1 covered=0.102 maxdeg=1
[IDProbCover] it=008 pick_rel=43306 ID=8.698 pick_global=48063 best_gain=1 covered=0.102 maxdeg=1
[IDProbCover] it=009 pick_rel=27020 ID=8.699 pick_global=29476 best_gain=1 covered=0.102 maxdeg=1
[IDProbCover] it=010 pick_rel=30214 ID=8.701 pick_global=33119 best_gain=1 covered=0.102 maxdeg=1
[IDProbCover] it=011 pick_rel=10294 ID=8.707 pick_global=10382 best_gain=1 covered=0.102 maxdeg=1
[IDProbCover] it=012 pick_rel=14415 ID=8.719 pick_global=15054 best_gain=1 covered=0.102 maxdeg=1
[IDProbCover] it=013 pick_rel=1848 ID=8.719 pick_global=731 best_gain=1 covered=0.102 maxdeg=1
[IDProbCover] it=014 pick_rel=14900 ID=8.727 pick_global=15619 best_gain=1 covered=0.102 maxdeg=1
[IDProbCover] it=015 pick_rel=18766 ID=8.729 pick_global=20017 best_gain=1 covered=0.102 maxdeg=1
[IDProbCover] it=016 pick_rel=41111 ID=8.733 pick_global=45594 best_gain=1 covered=0.102 maxdeg=1
[IDProbCover] it=017 pick_rel=1457 ID=8.734 pick_global=291 best_gain=1 covered=0.102 maxdeg=1
[IDProbCover] it=018 pick_rel=9654 ID=8.736 pick_global=9639 best_gain=1 covered=0.102 maxdeg=1
[IDProbCover] it=019 pick_rel=35324 ID=8.753 pick_global=38967 best_gain=1 covered=0.102 maxdeg=1
[IDProbCover] it=020 pick_rel=11615 ID=8.754 pick_global=11895 best_gain=1 covered=0.102 maxdeg=1
[IDProbCover] it=021 pick_rel=18194 ID=8.755 pick_global=19359 best_gain=1 covered=0.103 maxdeg=1
[IDProbCover] it=022 pick_rel=27446 ID=8.755 pick_global=29967 best_gain=1 covered=0.103 maxdeg=1
[IDProbCover] it=023 pick_rel=43997 ID=8.762 pick_global=48842 best_gain=1 covered=0.103 maxdeg=1
[IDProbCover] it=024 pick_rel=14696 ID=8.767 pick_global=15382 best_gain=1 covered=0.103 maxdeg=1
[IDProbCover] it=025 pick_rel=33038 ID=8.772 pick_global=36356 best_gain=1 covered=0.103 maxdeg=1
[IDProbCover] it=026 pick_rel=40728 ID=8.774 pick_global=45156 best_gain=1 covered=0.103 maxdeg=1
[IDProbCover] it=027 pick_rel=27192 ID=8.777 pick_global=29678 best_gain=1 covered=0.103 maxdeg=1
[IDProbCover] it=028 pick_rel=15619 ID=8.779 pick_global=16446 best_gain=1 covered=0.103 maxdeg=1
[IDProbCover] it=029 pick_rel=10295 ID=8.786 pick_global=10383 best_gain=1 covered=0.103 maxdeg=1
[IDProbCover] it=030 pick_rel=27531 ID=8.789 pick_global=30065 best_gain=1 covered=0.103 maxdeg=1
[IDProbCover] it=031 pick_rel=4404 ID=8.790 pick_global=3643 best_gain=1 covered=0.103 maxdeg=1
[IDProbCover] it=032 pick_rel=26788 ID=8.791 pick_global=29204 best_gain=1 covered=0.103 maxdeg=1
[IDProbCover] it=033 pick_rel=30738 ID=8.791 pick_global=33724 best_gain=1 covered=0.103 maxdeg=1
[IDProbCover] it=034 pick_rel=34714 ID=8.793 pick_global=38253 best_gain=1 covered=0.103 maxdeg=1
[IDProbCover] it=035 pick_rel=32303 ID=8.793 pick_global=35527 best_gain=1 covered=0.103 maxdeg=1
[IDProbCover] it=036 pick_rel=19562 ID=8.798 pick_global=20935 best_gain=1 covered=0.103 maxdeg=1
[IDProbCover] it=037 pick_rel=13459 ID=8.801 pick_global=13981 best_gain=1 covered=0.103 maxdeg=1
[IDProbCover] it=038 pick_rel=17267 ID=8.803 pick_global=18322 best_gain=1 covered=0.103 maxdeg=1
[IDProbCover] it=039 pick_rel=41911 ID=8.804 pick_global=46495 best_gain=1 covered=0.103 maxdeg=1
[IDProbCover] it=040 pick_rel=7076 ID=8.804 pick_global=6702 best_gain=1 covered=0.103 maxdeg=1
[IDProbCover] it=041 pick_rel=22269 ID=8.806 pick_global=24038 best_gain=1 covered=0.103 maxdeg=1
[IDProbCover] it=042 pick_rel=18910 ID=8.808 pick_global=20182 best_gain=1 covered=0.103 maxdeg=1
[IDProbCover] it=043 pick_rel=22446 ID=8.809 pick_global=24243 best_gain=1 covered=0.103 maxdeg=1
[IDProbCover] it=044 pick_rel=28544 ID=8.811 pick_global=31190 best_gain=1 covered=0.103 maxdeg=1
[IDProbCover] it=045 pick_rel=29643 ID=8.812 pick_global=32457 best_gain=1 covered=0.103 maxdeg=1
[IDProbCover] it=046 pick_rel=11054 ID=8.816 pick_global=11254 best_gain=1 covered=0.103 maxdeg=1
[IDProbCover] it=047 pick_rel=39304 ID=8.818 pick_global=43567 best_gain=1 covered=0.103 maxdeg=1
[IDProbCover] it=048 pick_rel=17763 ID=8.818 pick_global=18864 best_gain=1 covered=0.103 maxdeg=1
[IDProbCover] it=049 pick_rel=13849 ID=8.820 pick_global=14417 best_gain=1 covered=0.103 maxdeg=1
Coverage selection metadata: active=False (mode=id_prob_cover, variant=unknown, delta=0.2125, phase=id_adaptive, bald_mean=0.0000, bald_max=0.0000, variance_mean=0.0000, variance_max=0.0000, dropout_iters=0, cover_anchors=0, diversity_lambda=0.00, selected_id_mean=8.7590, selected_signal_mean=0.0000, selected_radius_mean=0.4041, k_id=50, k_knn=50, alpha=1.00)
Active Sampling Complete. After Episode 23:
New Labeled Set: 1250, New Unlabeled Set: 43750, Active Set: 50

================================


Current accuracy values:  [20.200000000000003, 17.099999999999994, 17.400000000000006, 20.58, 27.079999389648435, 31.479999351501462, 32.029999275207516, 34.08999900817871, 30.869999351501463, 35.82999870300293, 39.559998474121095, 39.29999870300293, 38.10999900817871, 43.189998664855956, 43.60999904632568, 42.59999881744385, 42.33999858856201, 43.47999885559082, 39.24999843597412, 43.609998893737796, 39.54999897003174, 45.39999870300293, 46.39999893188477, 45.44999889373779]
Starting model from scratch - ignoring existing weights.
<All keys matched successfully>
None
======== EPISODE 24 BEGINS ========

======== TRAINING ========
Training Epoch: 1/200	Train Loss: 12.6513	Val Accuracy: 0.0
Training Epoch: 2/200	Train Loss: 4.7141	Val Accuracy: 9.88
Training Epoch: 3/200	Train Loss: 5.1991	Val Accuracy: 9.88
Training Epoch: 4/200	Train Loss: 3.5455	Val Accuracy: 10.2
Training Epoch: 5/200	Train Loss: 2.4737	Val Accuracy: 10.2
Training Epoch: 6/200	Train Loss: 3.7593	Val Accuracy: 10.98
Training Epoch: 7/200	Train Loss: 2.5915	Val Accuracy: 10.98
Training Epoch: 8/200	Train Loss: 3.9763	Val Accuracy: 13.72
Training Epoch: 9/200	Train Loss: 2.573	Val Accuracy: 13.72
Training Epoch: 10/200	Train Loss: 2.7077	Val Accuracy: 11.48
Training Epoch: 11/200	Train Loss: 2.3155	Val Accuracy: 11.48
Training Epoch: 12/200	Train Loss: 2.4276	Val Accuracy: 14.86
Training Epoch: 13/200	Train Loss: 3.6983	Val Accuracy: 14.86
Training Epoch: 14/200	Train Loss: 2.1055	Val Accuracy: 16.92
Training Epoch: 15/200	Train Loss: 3.0371	Val Accuracy: 16.92
Training Epoch: 16/200	Train Loss: 2.5951	Val Accuracy: 16.38
Training Epoch: 17/200	Train Loss: 2.7486	Val Accuracy: 16.38
Training Epoch: 18/200	Train Loss: 5.0244	Val Accuracy: 18.1
Training Epoch: 19/200	Train Loss: 3.3549	Val Accuracy: 18.1
Training Epoch: 20/200	Train Loss: 1.9893	Val Accuracy: 19.88
Training Epoch: 21/200	Train Loss: 2.3729	Val Accuracy: 19.88
Training Epoch: 22/200	Train Loss: 1.9674	Val Accuracy: 20.3
Training Epoch: 23/200	Train Loss: 2.7404	Val Accuracy: 20.3
Training Epoch: 24/200	Train Loss: 2.6402	Val Accuracy: 22.28
Training Epoch: 25/200	Train Loss: 3.728	Val Accuracy: 22.28
Training Epoch: 26/200	Train Loss: 2.7464	Val Accuracy: 24.38
Training Epoch: 27/200	Train Loss: 2.7399	Val Accuracy: 24.38
Training Epoch: 28/200	Train Loss: 1.8054	Val Accuracy: 25.68
Training Epoch: 29/200	Train Loss: 1.6867	Val Accuracy: 25.68
Training Epoch: 30/200	Train Loss: 2.0059	Val Accuracy: 26.92
Training Epoch: 31/200	Train Loss: 1.6715	Val Accuracy: 26.92
Training Epoch: 32/200	Train Loss: 1.9506	Val Accuracy: 25.76
Training Epoch: 33/200	Train Loss: 2.409	Val Accuracy: 25.76
Training Epoch: 34/200	Train Loss: 3.1359	Val Accuracy: 25.28
Training Epoch: 35/200	Train Loss: 1.6459	Val Accuracy: 25.28
Training Epoch: 36/200	Train Loss: 2.262	Val Accuracy: 27.66
Training Epoch: 37/200	Train Loss: 3.5512	Val Accuracy: 27.66
Training Epoch: 38/200	Train Loss: 1.6858	Val Accuracy: 28.82
Training Epoch: 39/200	Train Loss: 1.6497	Val Accuracy: 28.82
Training Epoch: 40/200	Train Loss: 1.323	Val Accuracy: 28.9
Training Epoch: 41/200	Train Loss: 1.5	Val Accuracy: 28.9
Training Epoch: 42/200	Train Loss: 1.4688	Val Accuracy: 29.76
Training Epoch: 43/200	Train Loss: 2.8396	Val Accuracy: 29.76
Training Epoch: 44/200	Train Loss: 1.1367	Val Accuracy: 32.28
Training Epoch: 45/200	Train Loss: 1.3398	Val Accuracy: 32.28
Training Epoch: 46/200	Train Loss: 1.7925	Val Accuracy: 26.78
Training Epoch: 47/200	Train Loss: 1.8521	Val Accuracy: 26.78
Training Epoch: 48/200	Train Loss: 1.7013	Val Accuracy: 26.78
Training Epoch: 49/200	Train Loss: 2.0838	Val Accuracy: 26.78
Training Epoch: 50/200	Train Loss: 1.6147	Val Accuracy: 30.54
Training Epoch: 51/200	Train Loss: 1.7909	Val Accuracy: 30.54
Training Epoch: 52/200	Train Loss: 2.2552	Val Accuracy: 30.5
Training Epoch: 53/200	Train Loss: 1.4365	Val Accuracy: 30.5
Training Epoch: 54/200	Train Loss: 1.4229	Val Accuracy: 31.96
Training Epoch: 55/200	Train Loss: 2.1672	Val Accuracy: 31.96
Training Epoch: 56/200	Train Loss: 1.6865	Val Accuracy: 35.04
Training Epoch: 57/200	Train Loss: 1.7299	Val Accuracy: 35.04
Training Epoch: 58/200	Train Loss: 1.9631	Val Accuracy: 35.74
Training Epoch: 59/200	Train Loss: 1.7256	Val Accuracy: 35.74
Training Epoch: 60/200	Train Loss: 1.8631	Val Accuracy: 33.96
Training Epoch: 61/200	Train Loss: 2.1177	Val Accuracy: 33.96
Training Epoch: 62/200	Train Loss: 1.378	Val Accuracy: 37.16
Training Epoch: 63/200	Train Loss: 1.6189	Val Accuracy: 37.16
Training Epoch: 64/200	Train Loss: 1.6816	Val Accuracy: 37.88
Training Epoch: 65/200	Train Loss: 1.8831	Val Accuracy: 37.88
Training Epoch: 66/200	Train Loss: 1.0599	Val Accuracy: 37.34
Training Epoch: 67/200	Train Loss: 0.9544	Val Accuracy: 37.34
Training Epoch: 68/200	Train Loss: 1.2695	Val Accuracy: 37.42
Training Epoch: 69/200	Train Loss: 0.9926	Val Accuracy: 37.42
Training Epoch: 70/200	Train Loss: 1.2979	Val Accuracy: 38.56
Training Epoch: 71/200	Train Loss: 2.154	Val Accuracy: 38.56
Training Epoch: 72/200	Train Loss: 1.0003	Val Accuracy: 38.88
Training Epoch: 73/200	Train Loss: 1.7645	Val Accuracy: 38.88
Training Epoch: 74/200	Train Loss: 1.2147	Val Accuracy: 39.86
Training Epoch: 75/200	Train Loss: 1.1771	Val Accuracy: 39.86
Training Epoch: 76/200	Train Loss: 1.3462	Val Accuracy: 39.52
Training Epoch: 77/200	Train Loss: 1.8257	Val Accuracy: 39.52
Training Epoch: 78/200	Train Loss: 1.4523	Val Accuracy: 38.62
Training Epoch: 79/200	Train Loss: 1.4656	Val Accuracy: 38.62
Training Epoch: 80/200	Train Loss: 1.5667	Val Accuracy: 39.44
Training Epoch: 81/200	Train Loss: 0.9483	Val Accuracy: 39.44
Training Epoch: 82/200	Train Loss: 1.4719	Val Accuracy: 40.28
Training Epoch: 83/200	Train Loss: 1.0371	Val Accuracy: 40.28
Training Epoch: 84/200	Train Loss: 0.8173	Val Accuracy: 40.38
Training Epoch: 85/200	Train Loss: 0.9506	Val Accuracy: 40.38
Training Epoch: 86/200	Train Loss: 0.8185	Val Accuracy: 39.78
Training Epoch: 87/200	Train Loss: 1.4408	Val Accuracy: 39.78
Training Epoch: 88/200	Train Loss: 0.7559	Val Accuracy: 39.56
Training Epoch: 89/200	Train Loss: 1.193	Val Accuracy: 39.56
Training Epoch: 90/200	Train Loss: 0.611	Val Accuracy: 39.9
Training Epoch: 91/200	Train Loss: 0.8495	Val Accuracy: 39.9
Training Epoch: 92/200	Train Loss: 0.6595	Val Accuracy: 40.52
Training Epoch: 93/200	Train Loss: 0.7528	Val Accuracy: 40.52
Training Epoch: 94/200	Train Loss: 0.9714	Val Accuracy: 40.3
Training Epoch: 95/200	Train Loss: 1.0088	Val Accuracy: 40.3
Training Epoch: 96/200	Train Loss: 1.0688	Val Accuracy: 39.28
Training Epoch: 97/200	Train Loss: 0.5101	Val Accuracy: 39.28
Training Epoch: 98/200	Train Loss: 0.9261	Val Accuracy: 41.6
Training Epoch: 99/200	Train Loss: 0.9898	Val Accuracy: 41.6
Training Epoch: 100/200	Train Loss: 0.6261	Val Accuracy: 40.72
Training Epoch: 101/200	Train Loss: 0.8413	Val Accuracy: 40.72
Training Epoch: 102/200	Train Loss: 1.2348	Val Accuracy: 42.08
Training Epoch: 103/200	Train Loss: 1.5488	Val Accuracy: 42.08
Training Epoch: 104/200	Train Loss: 1.1193	Val Accuracy: 40.52
Training Epoch: 105/200	Train Loss: 0.7702	Val Accuracy: 40.52
Training Epoch: 106/200	Train Loss: 0.6629	Val Accuracy: 42.42
Training Epoch: 107/200	Train Loss: 0.7336	Val Accuracy: 42.42
Training Epoch: 108/200	Train Loss: 0.4108	Val Accuracy: 40.96
Training Epoch: 109/200	Train Loss: 0.7955	Val Accuracy: 40.96
Training Epoch: 110/200	Train Loss: 0.6542	Val Accuracy: 42.58
Training Epoch: 111/200	Train Loss: 0.5498	Val Accuracy: 42.58
Training Epoch: 112/200	Train Loss: 0.4773	Val Accuracy: 41.74
Training Epoch: 113/200	Train Loss: 0.4423	Val Accuracy: 41.74
Training Epoch: 114/200	Train Loss: 0.4899	Val Accuracy: 42.0
Training Epoch: 115/200	Train Loss: 0.637	Val Accuracy: 42.0
Training Epoch: 116/200	Train Loss: 0.7488	Val Accuracy: 40.78
Training Epoch: 117/200	Train Loss: 0.913	Val Accuracy: 40.78
Training Epoch: 118/200	Train Loss: 0.7557	Val Accuracy: 41.44
Training Epoch: 119/200	Train Loss: 1.1549	Val Accuracy: 41.44
Training Epoch: 120/200	Train Loss: 0.2686	Val Accuracy: 41.12
Training Epoch: 121/200	Train Loss: 0.4193	Val Accuracy: 41.12
Training Epoch: 122/200	Train Loss: 0.8371	Val Accuracy: 41.28
Training Epoch: 123/200	Train Loss: 0.3679	Val Accuracy: 41.28
Training Epoch: 124/200	Train Loss: 0.5152	Val Accuracy: 42.42
Training Epoch: 125/200	Train Loss: 0.2203	Val Accuracy: 42.42
Training Epoch: 126/200	Train Loss: 0.5237	Val Accuracy: 42.44
Training Epoch: 127/200	Train Loss: 0.6983	Val Accuracy: 42.44
Training Epoch: 128/200	Train Loss: 0.4876	Val Accuracy: 42.18
Training Epoch: 129/200	Train Loss: 0.5213	Val Accuracy: 42.18
Training Epoch: 130/200	Train Loss: 0.2489	Val Accuracy: 43.14
Training Epoch: 131/200	Train Loss: 0.4266	Val Accuracy: 43.14
Training Epoch: 132/200	Train Loss: 0.5769	Val Accuracy: 42.22
Training Epoch: 133/200	Train Loss: 0.1971	Val Accuracy: 42.22
Training Epoch: 134/200	Train Loss: 0.7652	Val Accuracy: 43.06
Training Epoch: 135/200	Train Loss: 0.4301	Val Accuracy: 43.06
Training Epoch: 136/200	Train Loss: 0.1802	Val Accuracy: 43.04
Training Epoch: 137/200	Train Loss: 0.3697	Val Accuracy: 43.04
Training Epoch: 138/200	Train Loss: 0.2512	Val Accuracy: 42.3
Training Epoch: 139/200	Train Loss: 0.2203	Val Accuracy: 42.3
Training Epoch: 140/200	Train Loss: 0.2251	Val Accuracy: 42.72
Training Epoch: 141/200	Train Loss: 0.1827	Val Accuracy: 42.72
Training Epoch: 142/200	Train Loss: 0.2045	Val Accuracy: 42.66
Training Epoch: 143/200	Train Loss: 0.3099	Val Accuracy: 42.66
Training Epoch: 144/200	Train Loss: 0.2354	Val Accuracy: 42.56
Training Epoch: 145/200	Train Loss: 0.3409	Val Accuracy: 42.56
Training Epoch: 146/200	Train Loss: 0.2429	Val Accuracy: 43.0
Training Epoch: 147/200	Train Loss: 0.1265	Val Accuracy: 43.0
Training Epoch: 148/200	Train Loss: 0.2921	Val Accuracy: 42.74
Training Epoch: 149/200	Train Loss: 0.4337	Val Accuracy: 42.74
Training Epoch: 150/200	Train Loss: 0.1747	Val Accuracy: 43.3
Training Epoch: 151/200	Train Loss: 0.4807	Val Accuracy: 43.3
Training Epoch: 152/200	Train Loss: 0.2096	Val Accuracy: 43.64
Training Epoch: 153/200	Train Loss: 0.5611	Val Accuracy: 43.64
Training Epoch: 154/200	Train Loss: 0.1644	Val Accuracy: 43.34
Training Epoch: 155/200	Train Loss: 0.0878	Val Accuracy: 43.34
Training Epoch: 156/200	Train Loss: 0.182	Val Accuracy: 42.32
Training Epoch: 157/200	Train Loss: 0.2282	Val Accuracy: 42.32
Training Epoch: 158/200	Train Loss: 0.131	Val Accuracy: 43.5
Training Epoch: 159/200	Train Loss: 0.1152	Val Accuracy: 43.5
Training Epoch: 160/200	Train Loss: 0.1217	Val Accuracy: 43.02
Training Epoch: 161/200	Train Loss: 0.1929	Val Accuracy: 43.02
Training Epoch: 162/200	Train Loss: 0.1073	Val Accuracy: 43.7
Training Epoch: 163/200	Train Loss: 0.1315	Val Accuracy: 43.7
Training Epoch: 164/200	Train Loss: 0.2401	Val Accuracy: 43.24
Training Epoch: 165/200	Train Loss: 0.0843	Val Accuracy: 43.24
Training Epoch: 166/200	Train Loss: 0.1878	Val Accuracy: 43.82
Training Epoch: 167/200	Train Loss: 0.2106	Val Accuracy: 43.82
Training Epoch: 168/200	Train Loss: 0.0962	Val Accuracy: 44.52
Training Epoch: 169/200	Train Loss: 0.2683	Val Accuracy: 44.52
Training Epoch: 170/200	Train Loss: 0.0839	Val Accuracy: 44.16
Training Epoch: 171/200	Train Loss: 0.2495	Val Accuracy: 44.16
Training Epoch: 172/200	Train Loss: 0.1544	Val Accuracy: 43.8
Training Epoch: 173/200	Train Loss: 0.0581	Val Accuracy: 43.8
Training Epoch: 174/200	Train Loss: 0.0869	Val Accuracy: 43.56
Training Epoch: 175/200	Train Loss: 0.1044	Val Accuracy: 43.56
Training Epoch: 176/200	Train Loss: 0.1732	Val Accuracy: 43.72
Training Epoch: 177/200	Train Loss: 0.1507	Val Accuracy: 43.72
Training Epoch: 178/200	Train Loss: 0.0463	Val Accuracy: 43.16
Training Epoch: 179/200	Train Loss: 0.0951	Val Accuracy: 43.16
Training Epoch: 180/200	Train Loss: 0.2334	Val Accuracy: 43.84
Training Epoch: 181/200	Train Loss: 0.1542	Val Accuracy: 43.84
Training Epoch: 182/200	Train Loss: 0.1768	Val Accuracy: 43.88
Training Epoch: 183/200	Train Loss: 0.1189	Val Accuracy: 43.88
Training Epoch: 184/200	Train Loss: 0.1035	Val Accuracy: 43.98
Training Epoch: 185/200	Train Loss: 0.1434	Val Accuracy: 43.98
Training Epoch: 186/200	Train Loss: 0.0915	Val Accuracy: 45.04
Training Epoch: 187/200	Train Loss: 0.0509	Val Accuracy: 45.04
Training Epoch: 188/200	Train Loss: 0.2213	Val Accuracy: 44.2
Training Epoch: 189/200	Train Loss: 0.0764	Val Accuracy: 44.2
Training Epoch: 190/200	Train Loss: 0.0804	Val Accuracy: 44.1
Training Epoch: 191/200	Train Loss: 0.1094	Val Accuracy: 44.1
Training Epoch: 192/200	Train Loss: 0.1056	Val Accuracy: 43.94
Training Epoch: 193/200	Train Loss: 0.1962	Val Accuracy: 43.94
Training Epoch: 194/200	Train Loss: 0.1403	Val Accuracy: 43.56
Training Epoch: 195/200	Train Loss: 0.0765	Val Accuracy: 43.56
Training Epoch: 196/200	Train Loss: 0.0583	Val Accuracy: 44.52
Training Epoch: 197/200	Train Loss: 0.0639	Val Accuracy: 44.52
Training Epoch: 198/200	Train Loss: 0.0987	Val Accuracy: 44.52
Training Epoch: 199/200	Train Loss: 0.0409	Val Accuracy: 44.52
Training Epoch: 200/200	Train Loss: 0.13	Val Accuracy: 44.16

Wrote Best Model Checkpoint to: vlBest_acc_45_model_epoch_0186.pyth

Best Validation Accuracy: 45.04
Best Epoch: 186

======== TESTING ========

Test Accuracy: 43.65.

======== ACTIVE SAMPLING ========

ProbCover adaptive delta: base=0.2500, effective=0.2125, scale=0.85, phase=post_label_shrink, labeled_count=1250
[ID cache] loaded: /scratch/s219110279/idpc_cache/resnet50/CIFAR10/seed1/mle_local_k50.npy
[kNN cache] loaded: /scratch/s219110279/idpc_cache/resnet50/CIFAR10/seed1/knn_k50.npz
[IDProbCover] it=000 pick_rel=27241 ID=8.822 pick_global=29712 best_gain=1 covered=0.103 maxdeg=1
[IDProbCover] it=001 pick_rel=17718 ID=8.826 pick_global=18783 best_gain=1 covered=0.103 maxdeg=1
[IDProbCover] it=002 pick_rel=39851 ID=8.828 pick_global=44173 best_gain=1 covered=0.103 maxdeg=1
[IDProbCover] it=003 pick_rel=5427 ID=8.828 pick_global=4759 best_gain=1 covered=0.103 maxdeg=1
[IDProbCover] it=004 pick_rel=44071 ID=8.829 pick_global=48923 best_gain=1 covered=0.103 maxdeg=1
[IDProbCover] it=005 pick_rel=30533 ID=8.830 pick_global=33456 best_gain=1 covered=0.103 maxdeg=1
[IDProbCover] it=006 pick_rel=38332 ID=8.835 pick_global=42436 best_gain=1 covered=0.103 maxdeg=1
[IDProbCover] it=007 pick_rel=10543 ID=8.835 pick_global=10612 best_gain=1 covered=0.103 maxdeg=1
[IDProbCover] it=008 pick_rel=27078 ID=8.836 pick_global=29524 best_gain=1 covered=0.103 maxdeg=1
[IDProbCover] it=009 pick_rel=13954 ID=8.836 pick_global=14497 best_gain=1 covered=0.103 maxdeg=1
[IDProbCover] it=010 pick_rel=43321 ID=8.837 pick_global=48082 best_gain=1 covered=0.103 maxdeg=1
[IDProbCover] it=011 pick_rel=19426 ID=8.837 pick_global=20749 best_gain=1 covered=0.103 maxdeg=1
[IDProbCover] it=012 pick_rel=40690 ID=8.839 pick_global=45109 best_gain=1 covered=0.103 maxdeg=1
[IDProbCover] it=013 pick_rel=11535 ID=8.840 pick_global=11757 best_gain=1 covered=0.103 maxdeg=1
[IDProbCover] it=014 pick_rel=36979 ID=8.840 pick_global=40887 best_gain=1 covered=0.103 maxdeg=1
[IDProbCover] it=015 pick_rel=6421 ID=8.840 pick_global=5883 best_gain=1 covered=0.103 maxdeg=1
[IDProbCover] it=016 pick_rel=44728 ID=8.842 pick_global=49683 best_gain=1 covered=0.104 maxdeg=1
[IDProbCover] it=017 pick_rel=32480 ID=8.843 pick_global=35710 best_gain=1 covered=0.104 maxdeg=1
[IDProbCover] it=018 pick_rel=5419 ID=8.857 pick_global=4751 best_gain=1 covered=0.104 maxdeg=1
[IDProbCover] it=019 pick_rel=36812 ID=8.858 pick_global=40695 best_gain=1 covered=0.104 maxdeg=1
[IDProbCover] it=020 pick_rel=23947 ID=8.860 pick_global=25939 best_gain=1 covered=0.104 maxdeg=1
[IDProbCover] it=021 pick_rel=44543 ID=8.862 pick_global=49463 best_gain=1 covered=0.104 maxdeg=1
[IDProbCover] it=022 pick_rel=11186 ID=8.864 pick_global=11360 best_gain=1 covered=0.104 maxdeg=1
[IDProbCover] it=023 pick_rel=20009 ID=8.865 pick_global=21412 best_gain=1 covered=0.104 maxdeg=1
[IDProbCover] it=024 pick_rel=25533 ID=8.867 pick_global=27758 best_gain=1 covered=0.104 maxdeg=1
[IDProbCover] it=025 pick_rel=23208 ID=8.871 pick_global=25101 best_gain=1 covered=0.104 maxdeg=1
[IDProbCover] it=026 pick_rel=10251 ID=8.871 pick_global=10284 best_gain=1 covered=0.104 maxdeg=1
[IDProbCover] it=027 pick_rel=32114 ID=8.876 pick_global=35294 best_gain=1 covered=0.104 maxdeg=1
[IDProbCover] it=028 pick_rel=28662 ID=8.878 pick_global=31313 best_gain=1 covered=0.104 maxdeg=1
[IDProbCover] it=029 pick_rel=11712 ID=8.878 pick_global=11958 best_gain=1 covered=0.104 maxdeg=1
[IDProbCover] it=030 pick_rel=40829 ID=8.878 pick_global=45264 best_gain=1 covered=0.104 maxdeg=1
[IDProbCover] it=031 pick_rel=27937 ID=8.879 pick_global=30493 best_gain=1 covered=0.104 maxdeg=1
[IDProbCover] it=032 pick_rel=40180 ID=8.881 pick_global=44537 best_gain=1 covered=0.104 maxdeg=1
[IDProbCover] it=033 pick_rel=40549 ID=8.881 pick_global=44948 best_gain=1 covered=0.104 maxdeg=1
[IDProbCover] it=034 pick_rel=42635 ID=8.881 pick_global=47301 best_gain=1 covered=0.104 maxdeg=1
[IDProbCover] it=035 pick_rel=22847 ID=8.884 pick_global=24681 best_gain=1 covered=0.104 maxdeg=1
[IDProbCover] it=036 pick_rel=31105 ID=8.887 pick_global=34136 best_gain=1 covered=0.104 maxdeg=1
[IDProbCover] it=037 pick_rel=32129 ID=8.890 pick_global=35312 best_gain=1 covered=0.104 maxdeg=1
[IDProbCover] it=038 pick_rel=2530 ID=8.891 pick_global=1441 best_gain=1 covered=0.104 maxdeg=1
[IDProbCover] it=039 pick_rel=34770 ID=8.891 pick_global=38302 best_gain=1 covered=0.104 maxdeg=1
[IDProbCover] it=040 pick_rel=35960 ID=8.894 pick_global=39692 best_gain=1 covered=0.104 maxdeg=1
[IDProbCover] it=041 pick_rel=19264 ID=8.897 pick_global=20562 best_gain=1 covered=0.104 maxdeg=1
[IDProbCover] it=042 pick_rel=11394 ID=8.897 pick_global=11593 best_gain=1 covered=0.104 maxdeg=1
[IDProbCover] it=043 pick_rel=15171 ID=8.899 pick_global=15900 best_gain=1 covered=0.104 maxdeg=1
[IDProbCover] it=044 pick_rel=5056 ID=8.901 pick_global=4336 best_gain=1 covered=0.104 maxdeg=1
[IDProbCover] it=045 pick_rel=21723 ID=8.901 pick_global=23377 best_gain=1 covered=0.104 maxdeg=1
[IDProbCover] it=046 pick_rel=20444 ID=8.902 pick_global=21901 best_gain=1 covered=0.104 maxdeg=1
[IDProbCover] it=047 pick_rel=31734 ID=8.904 pick_global=34857 best_gain=1 covered=0.104 maxdeg=1
[IDProbCover] it=048 pick_rel=40789 ID=8.905 pick_global=45218 best_gain=1 covered=0.104 maxdeg=1
[IDProbCover] it=049 pick_rel=38773 ID=8.906 pick_global=42943 best_gain=1 covered=0.104 maxdeg=1
Coverage selection metadata: active=False (mode=id_prob_cover, variant=unknown, delta=0.2125, phase=id_adaptive, bald_mean=0.0000, bald_max=0.0000, variance_mean=0.0000, variance_max=0.0000, dropout_iters=0, cover_anchors=0, diversity_lambda=0.00, selected_id_mean=8.8656, selected_signal_mean=0.0000, selected_radius_mean=0.3992, k_id=50, k_knn=50, alpha=1.00)
